:020000040800F2
:10000000B80B002071020008A1860008A386000832
:10001000A7860008AB860008AF8600080000000035
:10002000000000000000000000000000B38600088F
:10003000B586000800000000B7860008B9860008F1
:100040008B0200088B0200088B0200088B0200085C
:100050008B0200088B020008C15500088B020008C3
:100060008B0200088B0200088B0200088B0200083C
:100070008B0200088B0200088B0200088B0200082C
:100080008B0200088B0200088B0200088B0200081C
:10009000152F00088B0200088B0200088B02000855
:1000A0008B0200088B0200088B0200088B020008FC
:1000B000574C00088B020008774300088B020008A9
:1000C0008B0200088B0200088B0200088B020008DC
:1000D0008B020008032D0008FB5900088B02000862
:1000E0008B0200088B0200088B0200088B020008BC
:1000F0008B0200088B0200088B0200088B020008AC
:100100008B0200088B02000849A000088B0200083F
:100110008B020008A16D00088B0200088B0200080A
:100120008B0200088B0200088B0200088B0200087B
:100130008B0200088B0200088B0200088B0200086B
:100140008B0200088B0200088B0200088B0200085B
:100150008B0200088B0200088B0200088B0200084B
:100160008B0200088B0200088B0200088B0200083B
:100170008B0200088B0200088B0200088B0200082B
:100180008B0200088B02000800F002F800F061F812
:100190000AA090E8000C82448344AAF10107DA45E2
:1001A00001D100F056F8AFF2090EBAE80F0013F0D3
:1001B000010F18BFFB1A43F00103184724D50000B4
:1001C00044D500000A444FF0000C10F8013B13F036
:1001D000070408BF10F8014B1D1108BF10F8015BA0
:1001E000641E05D010F8016B641E01F8016BF9D193
:1001F00013F0080F1EBF10F8014BAD1C0C1B09D1EA
:100200006D1E58BF01F801CBFAD505E014F8016B5B
:1002100001F8016B6D1EF9D59142D6D370470000ED
:100220000023002400250026103A28BF78C1FBD8FF
:10023000520728BF30C148BF0B60704764290AF0DD
:100240000F85002070471FB50CF073FD1FBD10B562
:1002500010BD0AF08FFE1146FFF7F5FF07F060FEB4
:100260000AF0ADFE03B4FFF7F2FF03BC02F03AFC64
:100270000948804709480047FEE7FEE7FEE7FEE73A
:10028000FEE7FEE7FEE7FEE7FEE7FEE70448054976
:10029000054A064B7047000099870008890100084D
:1002A000B8050020B80B0020B8070020B8070020D0
:1002B00032490143324A1160704770B50021002372
:1002C0000F22C4781CB32E4C246804F4E064C4F5F7
:1002D000E064C4F30721C1F10404E3B20A414478A5
:1002E0009C40E1B28478144021430C07210E254C38
:1002F00005786155047804F01F050124AC400578A9
:100300006D11AD0005F1E025C5F8004109E0047864
:1003100004F01F050124AC401B4D0678761145F80A
:10032000264070BD194A0A400243154B1B1F1A6034
:10033000704739B1124A121D12680243104B1B1D3F
:100340001A6006E00E4A121D126882430C4B1B1DF8
:100350001A607047042808D14FF0E021096941F084
:1003600004014FF0E022116107E04FF0E02109693C
:1003700021F004014FF0E022116170470000FA05FE
:100380000CED00E000E400E080E100E080FFFF1FF2
:1003900010B50446FE48844209D10121480601F007
:1003A00039F900214FF0007001F034F908E0012123
:1003B000880601F02FF900214FF0806001F02AF942
:1003C00010BD30B5024600200023146824F002045A
:1003D0001460146844F00104146000E05B1C54686D
:1003E00004F001041CB94FF6FF74A342F6D154681F
:1003F00004F001040CB900206CE08C79012C04D1CC
:10040000146844F08004146003E0146824F080044D
:100410001460CC79012C04D1146844F040041460B9
:1004200003E0146824F0400414600C7A012C04D119
:10043000146844F02004146003E0146824F02004DD
:1004400014604C7A012C04D1146844F01004146038
:1004500003E0146824F0100414608C7A012C04D199
:10046000146844F00804146003E0146824F00804DD
:100470001460CC7A012C04D1146844F00404146094
:1004800003E0146824F0040414608C78A407CD7889
:1004900044EA05640D7944EA05444D7944EA05547B
:1004A0000D886D1E2C43D461146824F0010414607F
:1004B000002300E05B1C546804F001041CB14FF6FB
:1004C000FF74A342F6D1546804F001040CB100207B
:1004D00000E0012030BD10B50021837A012202FA2C
:1004E00003F1AC4A126842F00102AA4B1A60A94A11
:1004F0001C3212688A43A74B1C331A60027BCAB9AC
:10050000A44A0C3212688A43A24B0C331A60428808
:10051000C38842EA03439F4A4032847A42F8343027
:100520000288838842EA03439A4A4032847A02EB83
:10053000C4025360027B012A19D1964A0C32126818
:100540000A43944B0C331A604288038842EA0343FF
:10055000904A4032847A42F83430C288838842EA32
:1005600003438C4A4032847A02EBC4025360C27A5D
:100570003AB9884A121D12688A43864B1B1D1A60BD
:1005800006E0844A121D12680A43824B1B1D1A6042
:10059000028932B97F4A143212688A437D4B143380
:1005A0001A600289012A06D17A4A143212680A4373
:1005B000784B14331A60427B012A06D1754A1C32EB
:1005C00012680A43734B1C331A60724A126822F095
:1005D0000102704B1A6010BD00218171C17101725E
:1005E00041728172C1728170C17003210171022157
:1005F00041710121018070476649096841F001019C
:10060000644A11601146096843F60E729143614ACB
:1006100011601146096841EA00211160114609681C
:1006200021F001011160704721B1026842F480326B
:10063000026003E0026822F4803202607047E1B198
:10064000026842F0800202604FF4C272125842F413
:1006500080734FF4C27213504FF4CA72125842F4AE
:1006600080734FF4CA7213504FF4D272125842F48E
:1006700080734FF4D27213501BE0026822F08002A4
:1006800002604FF4C272125822F480734FF4C272A7
:1006900013504FF4CA72125822F480734FF4CA7286
:1006A00013504FF4D272125822F480734FF4D27266
:1006B0001350704710B502460020936803F0806322
:1006C000B3F1806F00D110E0936803F00063B3F1E1
:1006D000006F01D1012008E0936803F08053B3F16B
:1006E000805F01D1022000E00420042879D002F5C7
:1006F000C07303EB00131B6803F0010402F5C07321
:1007000003EB00131C600B7A7BB94B7A0C8843EA2D
:10071000445302F5C07404EB00142468234302F52B
:10072000C07404EB0014236010E00B7A4C6843EAB9
:10073000C4034C7A234302F5C07404EB001424680C
:10074000234302F5C07404EB001423608B7A03F09A
:100750000F038B7202F5C07303EB00135B6823F089
:100760000F0402F5C07303EB00135C6002F5C07365
:1007700003EB00135B688C7A234302F5C07404EB2F
:10078000001463608B7B1C064B7B44EA034403E04C
:1007900000640040006600400B7B44EA0323CC7AEF
:1007A000234302F5C07404EB0014A3608B7C1C0689
:1007B0004B7C44EA03440B7C44EA0323CC7B234375
:1007C00002F5C07404EB0014E36002F5C07303EBA0
:1007D00000131B6843F0010402F5C07303EB001320
:1007E0001C6010BD10B50246002321B1012907D0BD
:1007F00002290FD109E09068F94C00EA04030BE0EC
:100800009068F84C00EA040306E09068F64C00EAB1
:10081000040301E0002300BF00BFF44C181BA342F7
:1008200016D007DC83B16FF08060184470B10228E5
:1008300018D111E0B0F5007F10D0ED4C204448B144
:10084000B0F5003F0ED10BE002230DE000230BE0DA
:10085000002309E0002307E0012305E0012303E072
:10086000012301E0002300BF00BFD8B210BD21B1B9
:10087000012907D002290FD109E0826842F08002E5
:1008800082600AE0826842F40042826005E0826889
:1008900042F40002826000E000BF00BF704710B564
:1008A00000F5D87303EB01131B6803F00403137204
:1008B000137A53B900F5D87303EB01131B6840F2A8
:1008C000FF7404EA5353136009E000F5D87303EB97
:1008D00001131B686FF0604404EAD303536000F512
:1008E000D87303EB01131B6803F00203537200F586
:1008F000D87303EB01135B6803F00F03937200F5E9
:10090000D87303EB01135B681B0AD37400F5D8732B
:1009100003EB01139B68D37200F5D87303EB01134B
:100920009B681C0A147300F5D87303EB01139B68D2
:100930001C0C547300F5D87303EB01139B681B0E5A
:10094000937300F5D87303EB0113DB68D37300F5E1
:10095000D87303EB0113DB681C0A147400F5D87319
:1009600003EB0113DB681C0C547400F5D87303EB24
:100970000113DB681B0E937421B9C36843F0200395
:10098000C36003E0036943F02003036110BD21B994
:10099000C26842F02002C26003E0026942F0200215
:1009A000026170470246002019B9D36803F00300C2
:1009B00006E0012903D1136903F0030000E00020E1
:1009C000704710B502460B4600204FF6FF71BBB9C9
:1009D000146824F0020444F00104146000E0491E8D
:1009E000546804F00304012C01D00029F7D15468A5
:1009F00004F00304012C01D0002032E0012030E09B
:100A0000012B13D1146824F00304146000E0491E84
:100A1000546804F003040CB10029F8D1546804F0C0
:100A200003040CB100201CE001201AE0022B17D1B6
:100A3000146824F0010444F00204146000E0491E2C
:100A4000546804F00304022C01D00029F7D1546843
:100A500004F00304022C01D0002002E0012000E099
:100A6000002010BD014600200A6822F0010242F079
:100A700002020A604A6802F00302022A00D1012041
:100A8000704701464FF6FF7200200B6823F0020307
:100A90000B6000E0521E4B6803F00203022B01D1F1
:100AA000002AF7D14B6803F00203022B00D001208B
:100AB0007047014600208A6902F0700070470146C5
:100AC00000208A69100E7047014600208A69C2F32F
:100AD000074070471AB143690B43436102E0436921
:100AE0008B434361704710B50246002001F4700348
:100AF00043B19369C1F3130423400BB101202DE0EE
:100B000000202BE001F0807343B15368C1F313045C
:100B100023400BB1012021E000201FE001F0006321
:100B200043B19368C1F3130423400BB1012015E0D6
:100B3000002013E001F0007343B1D368C1F3130444
:100B400023400BB1012009E0002007E01369C1F345
:100B5000130423400BB1012000E0002010BD00224F
:100B6000244B994202D10023836111E0C1F31302A7
:100B700001F000730BB1C2600AE001F080630BB1B9
:100B8000026105E001F000630BB1826000E04260A9
:100B900070470246002002EA01030BB1012000E089
:100BA0000020704770B504460D4600266069284055
:100BB000002872D0B5F5807F69D01DDC082D42D0A9
:100BC00006DC012D2DD0022D31D0042D7FD134E053
:100BD000102D3ED0202D42D0402D78D145E0000090
:100BE00003000004000300080000031000010008D7
:100BF0000001FFF77000F030B5F5004F61D009DC5F
:100C0000B5F5007F4AD0B5F5806F4DD0B5F5006FD2
:100C10005DD150E0B5F5803F2DD0B5F5003F56D100
:100C20002FE0A0685549FFF7B4FF064651E0E068A1
:100C30000321FFF7AEFF06464BE0E0680821FFF70F
:100C4000A8FF064645E0E0681021FFF7A2FF064630
:100C50003FE020690321FFF79CFF064639E0206949
:100C60000821FFF796FF064633E020691021FFF7C1
:100C700090FF06462DE060680821FFF78AFF0646D0
:100C800027E060681021FFF784FF064621E0A06995
:100C90000121FFF77EFF06461BE01BE0A069022151
:100CA000FFF777FF064614E0A0690421FFF771FF04
:100CB00006460EE00BE0A0697021FFF76AFF0646CA
:100CC00007E060680421FFF764FF064601E00026A4
:100CD00000BF00E00026304670BDB1F5007F3AD07D
:100CE0000FDC202928D006DC01291CD004291DD0C6
:100CF000082940D11DE0402921D0B1F5807F3AD1AB
:100D000026E0B1F5004F31D006DCB1F5806F25D07B
:100D1000B1F5006F2FD124E0B1F5803F12D0B1F5CD
:100D2000003F28D111E0154A826025E00822C26008
:100D300022E01022C2601FE0082202611CE01022A3
:100D4000026119E00822426016E01022426013E0BE
:100D50000422426010E0042242600DE0042242605E
:100D60000AE0002282610422426005E000228261E2
:100D70000422426000E000BF00BF70470101010093
:100D8000002041490860091D0860091D0860091D0F
:100D900008603E483C4914310860704700213A49D8
:100DA0008279002A3AD00A46126803689A430B46B1
:100DB0001A600A1D126803689A430B1D1A600279B3
:100DC00011440A6803681A430A602F4A08321268FD
:100DD00003689A432C4B08331A601A1D1268036883
:100DE0009A43294B0C331A604279102A0ED11A1FEC
:100DF000126803681A43244B08331A601A1D1268DC
:100E000003681A43204B0C331A600DE01E494279E7
:100E100011440A6803681A430A6005E00279114424
:100E20000A6803689A430A607047002101600171F3
:100E30000C214171002181717047134910310968FB
:100E40000143114A103211607047014600200E4ADA
:100E5000143212680A400AB1012000E000207047F5
:100E6000094914310860704701460020064A1432CF
:100E700012680A400AB1012000E0002070470249D0
:100E80001431086070470000003C0140FFFF7F0004
:100E900010B504469848844208D10121084600F064
:100EA00086FB0021012000F082FB76E0934884421B
:100EB00008D10121022000F07AFB0021022000F07D
:100EC00076FB6AE08E48844208D10121042000F0BC
:100ED0006EFB0021042000F06AFB5EE0894884423A
:100EE00008D10121082000F062FB0021082000F059
:100EF0005EFB52E08448844208D10121102000F0BA
:100F000056FB0021102000F052FB46E07F4884424F
:100F100008D10121202000F04AFB0021202000F010
:100F200046FB3AE07A48844208D10121402000F093
:100F30003EFB0021402000F03AFB2EE07548844241
:100F400008D10121802000F032FB0021802000F038
:100F50002EFB22E07048844208D10121801500F068
:100F600026FB0021A01500F022FB16E06B4884420E
:100F700008D10121401500F01AFB0021601500F096
:100F800016FB0AE06648844207D10121001500F0F3
:100F90000EFB0021201500F00AFB10BDF0B50A463B
:100FA00000210023002400BF3DE0012505FA01F3E4
:100FB000156805EA03049C4234D105684F000326F6
:100FC000BE40B543056015794E00B540066835430F
:100FD00005601579012D02D01579022D16D185688D
:100FE0004F000326BE40B543856055794E00B5409D
:100FF000866835438560456801268E40B543456067
:10100000456896798E40B6B235434560C5684F0055
:101010000326BE40B543C560D5794E00B540C668CD
:101020003543C560491C1029BFD3F0BD4FF6FF7191
:1010300001600021017141718171C171704708B572
:101040004FF480320092009A0A430092009AC261E3
:10105000C161009AC261C2690092C269009208BD72
:101060000246002013690B400BB1012000E0002074
:1010700070470146086980B27047024600205369F4
:101080000B400BB1012000E0002070470146486989
:1010900080B2704701837047418370470AB1018372
:1010A00000E0418370474161704742694A404261B4
:1010B0007047F0B5002300244D07ED0E02FA05F34A
:1010C000CE1000F1200555F826504E07F70E0F26DA
:1010D000BE40B543CF1000F1200646F82750CE1091
:1010E00000F1200555F8265045EA0304CE1000F122
:1010F000200545F82640F0BD0000024000040240F3
:1011000000080240000C024000100240001402409F
:1011100000180240001C024000200240002402404F
:1011200000280240F948006840F00100F7490860D3
:101130000020F64908310860F4480068F449084086
:10114000F2490860F348091D0860F348EF4984310B
:101150000860F0481038091D0860EC48006820F469
:101160008020EA4908600020E8490C310860E7491E
:101170008C31086070470021E44A921C11701146BE
:101180000870704710B501460022002300204A1164
:10119000012A02D1DD4C236808E0022A03D1DB4C8E
:1011A0007034236802E0D94C7434236801F01F02C4
:1011B000012494401C400CB1012000E0002010BD2F
:1011C00038B5002000900024002500BF3120FFF733
:1011D000D9FF05460098401C00900098B0F5A04F3C
:1011E00001D0002DF2D03120FFF7CCFF08B101244F
:1011F00000E00024204638BD01460020C34A1068A4
:1012000020F0F80040EAC10010607047C349086050
:1012100070470021BD4A703211701170012802D050
:1012200004280AD104E00121B84A7032117005E0A7
:101230000521B64A7032117000E000BF00BF704750
:10124000B7490860704770B5049C41EA82150126D1
:10125000C6EB530645EA0645054345EA0465AB4E31
:10126000361D356070BDAD4908667047820142EA9F
:101270000172A64B84331A607047A849886670478C
:1012800010B5830143EA016343EA02739F4C88343B
:10129000236010BDA14908677047A049C864704722
:1012A00002460020994B0833186820F0EC6042EAAF
:1012B00001031843954B083318607047024600201D
:1012C000924B0833186820F0784042EA0103184333
:1012D0008E4B083318607047014600208B4A083255
:1012E000106820F0030008431060704787480830FA
:1012F000006800F00C00704701460020834A083265
:10130000106820F0F000084310607047014600208C
:101310007E4A0832106820F4E0500843106070479D
:1013200001460020794A0832106820F4604040EA03
:10133000C10010607047F0B5002100220024022592
:1013400000260223714F08373F6807F00C0121B1D6
:10135000042905D0082937D105E0724F076036E02F
:10136000714F076033E0694F3F1D3F68C7F38056F8
:10137000664F3F1D3F6807F03F036EB16A4FB7FBF2
:10138000F3F7DFF888C10CF1040CDCF800C0CCF3F3
:10139000881C07FB0CF40CE0624FB7FBF3F7DFF897
:1013A0006CC10CF1040CDCF800C0CCF3881C07FB0A
:1013B0000CF4564F3F1D3F68C7F301477F1C7D006B
:1013C000B4FBF5F7076002E0564F076000BF00BFAF
:1013D0004E4F08373F6807F0F0010909534F7A5C18
:1013E0000768D7404760494F08373F6807F4E05126
:1013F000890A4E4F7A5C4768D7408760434F083769
:101400003F6807F46041490B484F7A5C4768D74012
:10141000C760F0BD002100F44072B2F5407F0AD1F0
:101420003A4A0832116821F4F811414A0240114346
:10143000364A08321160354A70321268C0F30B0325
:101440001A43324B70331A6070473549443908608B
:101450007047334940390860704736490860704723
:1014600001460020294A8C32106820F01F004A1ED5
:101470001043264A8C321060704701460020234AF0
:101480008C32106820F4F8504A1E40EA02201F4AAD
:101490008C3210607047014600201C4A8C32106864
:1014A00020F4401008431060704701460020174A9E
:1014B0008C32106820F440000843106070470146E9
:1014C0000020124A8C32106820F44030084310602B
:1014D000704719490860704739B10C4A30321268B8
:1014E00002430A4B30331A6006E0084A3032126871
:1014F0008243064B30331A607047F9B1034A3432E5
:1015000012680243014B34331A601CE00038024079
:10151000FFFFF6EA103000240030002000004742B0
:10152000800E47420024F40000127A0000000020E0
:10153000FFFCFF0F5C014742E01147428F4A1268EF
:1015400082438E4B1A60704739B18C4A121D126863
:1015500002438A4B1B1D1A6006E0884A121D12685E
:101560008243864B1B1D1A60704739B1834A0C3287
:1015700012680243814B0C331A6006E07F4A0C323A
:10158000126882437D4B0C331A60704739B17B4A35
:10159000103212680243794B10331A6006E0774A22
:1015A000103212688243754B10331A60704739B19C
:1015B000724A243A12680243704B243B1A6006E0D8
:1015C0006E4A243A126882436C4B243B1A6070477F
:1015D00039B16A4A203A12680243684B203B1A60CC
:1015E00006E0664A203A12688243644B203B1A6048
:1015F000704739B1614A1C3A126802435F4B1C3B89
:101600001A6006E05D4A1C3A126882435B4B1C3B41
:101610001A60704739B1594A143A12680243574B5D
:10162000143B1A6006E0554A143A12688243534B41
:10163000143B1A60704739B1504A103A126802439D
:101640004E4B103B1A6006E04C4A103A1268824337
:101650004A4B103B1A60704739B1484A1C32126835
:101660000243464B1C331A6006E0444A1C3212689F
:101670008243424B1C331A60704739B13F4A2032D3
:10168000126802433D4B20331A6006E03B4A203289
:1016900012688243394B20331A60704739B1374A98
:1016A000243212680243354B24331A6006E0334A71
:1016B000243212688243314B24331A60704739B1A7
:1016C0002E4A2C32126802432C4B2C331A6006E04F
:1016D0002A4A2C3212688243284B2C331A607047F6
:1016E00039B1264A303212680243244B30331A6033
:1016F00006E0224A303212688243204B30331A60AF
:101700007047012808D11D493C31096841F00801A2
:101710001A4A3C32116007E018493C31096821F04F
:101720000801164A3C321160704739B1134A273A12
:1017300012780243114B273B1A7006E00F4A273AF2
:10174000127882430D4B273B1A7070470B4840308C
:10175000006840F0807009494031086070470146D8
:101760000020064A283A12680A400AB1012000E027
:10177000002070470149263908707047343802400C
:1017800010B501218803FFF756FF00214FF4804078
:10179000FFF751FF10BD1C49086070471B490862E4
:1017A000704730B500228B071C0F0F2303FA04F299
:1017B000154B08338C1053F824309343124C0834E3
:1017C0008D1044F8253023468C1053F824308C07B4
:1017D000240F00FA04F423430B4C08348D1044F812
:1017E000253030BD0949DC31086070470849086080
:1017F0007047002004492031096801F4807109B163
:10180000012000E00020704700380140000027421E
:101810000004274210B50446FE48844208D1012145
:101820000846FFF708FF00210120FFF704FF9DE0B5
:10183000B4F1804F08D101210846FFF7EBFE0021EB
:101840000120FFF7E7FE91E0F348844208D101212F
:101850000220FFF7DFFE00210220FFF7DBFE85E01C
:10186000EE48844208D101210420FFF7D3FE002175
:101870000420FFF7CFFE79E0E948844208D1012136
:101880000820FFF7C7FE00210820FFF7C3FE6DE028
:10189000E448844208D101211020FFF7BBFE00215B
:1018A0001020FFF7B7FE61E0DF48844208D1012134
:1018B0002020FFF7AFFE00212020FFF7ABFE55E010
:1018C000DA48844208D101210220FFF7B4FE00214A
:1018D0000220FFF7B0FE49E0D548844209D101213A
:1018E0000804FFF7A8FE00214FF48030FFF7A3FEA5
:1018F0003CE0D048844209D101214804FFF79BFE17
:1019000000214FF40030FFF796FE2FE0CA488442D2
:1019100009D101218804FFF78EFE00214FF48020B9
:10192000FFF789FE22E0C548844208D1012140200A
:10193000FFF770FE00214020FFF76CFE16E0C04864
:10194000844208D101218020FFF764FE002180201D
:10195000FFF760FE0AE0BB48844207D101218015F1
:10196000FFF758FE0021A015FFF754FE10BD00221E
:101970000288A84B98420ED0AC4B98420BD0B0F1E5
:10198000804F08D0A44B984205D0A44B984202D077
:10199000A34B984204D14FF68F731A404B881A43D9
:1019A000A04B984207D0A04B984204D04FF6FF437B
:1019B0001A400B891A4302804B68C3620B88038567
:1019C000944B984202D0994B984201D18B7A03866E
:1019D0000123838270474FF0FF3141600021018075
:1019E00001814180817270470185828270470A4679
:1019F000002101884FF68F73194011430180704711
:101A000041627047C16270470146486A70470146AB
:101A1000088D704721B1028842F00202028004E082
:101A200002884FF6FD731A400280704721B1028888
:101A300042F00402028004E002884FF6FB731A4071
:101A40000280704721B1028842F08002028004E0E7
:101A500002884FF67F731A400280704702884FF663
:101A6000F7731A40028002880A4302807047028896
:101A70004FF6FF431A40028002880A4302807047F3
:101A800021B1028842F00102028004E002884FF690
:101A9000FE731A400280704770B5002400220023B4
:101AA000058C4FF6FE7635400584028C8388048BC6
:101AB0004FF68F752C40B51E2C400D882C43751E9B
:101AC0002A408D892A434D882A43524DA84202D08C
:101AD000564DA84213D14FF6F7752A40CD892A43B7
:101AE0004FF6FB752A408D882A434FF6FF652B4041
:101AF0004FF6FF552B400D8A2B434D8A2B43838095
:101B000004838D684563028470BD70B50024002293
:101B10000023058C4FF6EF7635400584028C8388D0
:101B2000048B48F6FF752C404FF6FF452C400D887E
:101B30004FF6FF7606EA05252C434FF6DF752A405F
:101B40008D8906EA05152A434D8806EA05152A43BC
:101B5000304DA84202D0354DA8421DD14FF67F75B9
:101B60002A40CD894FF6FF7606EA05152A434FF63F
:101B7000BF752A408D8806EA05152A434FF6FF35C2
:101B80002B404FF2FF752B400D8A06EA85052B434B
:101B90004D8A06EA85052B43838004838D6885631F
:101BA000028470BD70B5002400220023058C4FF61E
:101BB000FF6635400584028C8388848B4FF68F75D1
:101BC0002C404FF6FC752C400D882C434FF6FF55EA
:101BD0002A408D894FF6FF7606EA05252A434D886F
:101BE00006EA05252A430B4DA84202D00F4DA84214
:101BF00038D14FF2FF752A40CD894FF6FF7606EABD
:101C000005252A434FF6FF352A408D8806EA05252B
:101C10002A4319E000000140000400400008004091
:101C2000000C00400010004000140040000401407F
:101C300000400140004401400048014000180040BD
:101C4000001C0040002000404EF6FF752B404DF672
:101C5000FF752B400D8A06EA05152B434D8A06EACF
:101C600005152B43838084838D68C563028470BD12
:101C700070B5002200230024058C4EF6FF76354017
:101C80000584038C8488828B48F6FF752A404FF6C2
:101C9000FF452A400D884FF6FF7606EA05252A43C0
:101CA0004DF6FF752B408D8906EA05352B434D888F
:101CB00006EA05352B43FE4DA84202D0FD4DA84251
:101CC00008D14BF6FF752C400D8A4FF6FF7606EAD9
:101CD00085152C43848082838D680564038470BDE0
:101CE000002101804180818081608181C1810182E8
:101CF0004182704770B50346002000241846183012
:101D000001258D40ACB21D8CA5431D8409B1082965
:101D10000AD100EB610005684FF68F76354005600B
:101D20000568154305600FE00D1FC5F34E052844F7
:101D3000056848F6FF763540056005684FF6FF7682
:101D400006EA02263543056070BD41637047816332
:101D50007047C1637047016470470A460021018BD8
:101D60004FF68F7319401143018370470A460021D3
:101D7000018B48F6FF7319404FF6FF7303EA022305
:101D80001943018370470A460021818B4FF68F73F8
:101D900019401143818370470A460021818B48F620
:101DA000FF7319404FF6FF7303EA0223194381833F
:101DB00070470A460021018B4FF6F7731940114313
:101DC000018370470A460021018B4FF2FF731940CF
:101DD0004FF6FF7303EA02231943018370470A4653
:101DE0000021818B4FF6F7731940114381837047AF
:101DF0000A460021818B4FF2FF7319404FF6FF73A3
:101E000003EA02231943818370470A460021018BAC
:101E10004FF6FB7319401143018370470A460021B6
:101E2000018B4FF6FF3319404FF6FF7303EA02238D
:101E30001943018370470A460021818B4FF6FB73DB
:101E400019401143818370470A460021818B4FF668
:101E5000FF3319404FF6FF7303EA022319438183CE
:101E600070470A460021018B4FF67F7319401143DA
:101E7000018370470A460021018BC1F30E014FF622
:101E8000FF7303EA02231943018370470A460021C6
:101E9000818B4FF67F7319401143818370470A4647
:101EA0000021818BC1F30E014FF6FF7303EA022379
:101EB0001943818370470A460021018C4FF6FD7358
:101EC00019401143018470470A460021018C4FF6E6
:101ED000F77319401143018470470A460021018CB1
:101EE0004FF6DF7319404FF6FF7303EA02131943ED
:101EF000018470470A460021018C4FF67F73194018
:101F00004FF6FF7303EA02131943018470470A4630
:101F10000021018C4FF6FF5319404FF6FF7303EA7F
:101F200002231943018470470A460021018C4FF2B5
:101F3000FF7319404FF6FF7303EA0223194301842C
:101F400070470A460021018C4DF6FF7319404FF689
:101F5000FF7303EA023319430184704730B500234D
:101F600001248C40A3B2048C9C430484048C02FAA8
:101F700001F5ADB22C43048430BD30B500230424F8
:101F80008C40A3B2048C9C430484048C02FA01F5B7
:101F9000ADB22C43048430BD828B4FF2FF331A4024
:101FA0008283828B4FF6FF7303EA01231A438283F5
:101FB0007047F0B50C461546002100220026078C1C
:101FC0004EF6FF7C07EA0C070784818B028C4FF6E4
:101FD000FF7707EA043640F6FF4739404FF6FF77B0
:101FE00007EA052739434FF6FF7707EA03373943F6
:101FF00045F6FF773A4046F480573A43818302849E
:10200000F0BD828B4FF6F3731A408283828B0A43B2
:1020100082837047F0B50C46154600210022002649
:10202000078C4FF6FF6C07EA0C070784818B028C44
:102030004FF6FF7707EA04264FF60C7739404FF644
:10204000FF7707EA03172F4339434FF2FF573A4010
:1020500046F480773A4381830284F0BD028B4FF2CD
:10206000FF331A400283028B4FF6FF7303EA01230A
:102070001A4302837047F0B50C4615460021002232
:102080000026078C4FF6EF7C07EA0C070784018BCC
:10209000028C4FF6FF7707EA041640F6FF473940F7
:1020A0004FF6FF7707EA033739434FF6FF7703E030
:1020B000000001400004014007EA052739434FF6BC
:1020C0005F773A4046F010073A4301830284F0BD3F
:1020D000028B4FF6F3731A400283028B0A4302838A
:1020E0007047F0B50C46154600210022068C4FF6CD
:1020F000FE773E400684018B028C4FF60C76314011
:102100007E1C06EA03162E4331434FF6F576324025
:1021100044F00106324301830284F0BD70B50546E8
:102120000C46208850B92389A28861882846FFF789
:10213000D8FFE1882846FFF7CBFF25E02088042858
:102140000AD12389A28861882846FFF794FFE18895
:102150002846FFF783FF17E0208808280AD1238943
:10216000A28861882846FFF755FFE1882846FFF7D7
:1021700048FF09E02389A28861882846FFF719FFF4
:10218000E1882846FFF708FF70BD002101804180EB
:10219000012181800021C180018170472DE9F0413A
:1021A00005460C4600260127608808B9022600E093
:1021B0000026A088012801D1022700E001272088FD
:1021C000A0B92389A28861882846FFF78AFFE188A1
:1021D0002846FFF77DFF23893A4631462846FFF718
:1021E0004AFFE1882846FFF739FF13E02389A288D8
:1021F00061882846FFF73FFFE1882846FFF72EFF5A
:1022000023893A4631462846FFF76BFFE188284686
:10221000FFF75EFFBDE8F0810146486B704701465D
:10222000886B70470146C86B70470146086C704761
:102230000A884B881A438B881A43CB881A430B8928
:102240001A434B891A438B891A43A0F844207047DC
:102250000021018041808180C18001814181818193
:10226000704731B1B0F8442042F40042A0F8442055
:1022700005E0B0F84420C2F30E02A0F844207047F5
:1022800021B1828842F00402828004E082884FF605
:10229000FB731A408280704721B1828842F00102AC
:1022A000828004E082884FF6FE731A408280704775
:1022B0001AB183890B43838102E083898B43838135
:1022C00070478182704702460020138A0B400BB191
:1022D000012000E000207047CA430282704730B5F9
:1022E0000246002000230024158A05EA010395898F
:1022F00005EA010413B10CB1012000E0002030BD5B
:10230000CA430282704741EA0203A0F8483070478E
:102310001AB183890B43838102E083898B438381D4
:10232000704721B1828842F00802828004E08288EE
:102330004FF6F7731A408280704701894FF6F872A2
:102340001140018170470A46002101894FF68F73C1
:10235000194011430181704730B504460D462946A6
:102360002046FFF7F0FF208940F00700208130BDB4
:102370002DE9F04104460D4616461F46602D06D154
:102380003B46012231462046FFF775FE05E03B46FD
:10239000012231462046FFF7A4FE29462046FFF7DA
:1023A000D2FF208940F007002081BDE8F08130B5E0
:1023B0000C4600210189C9B24FF6FF7505EA0325D5
:1023C000154325432943018130BD2DE9F0410546E0
:1023D0000E4617469846002443463A46314628465C
:1023E000FFF7E5FF2C894FF6F870044044F007042E
:1023F0004FF68F70044044F070042C81BDE8F081EA
:10240000F0B504460D4616461F463B463246294661
:102410002046FFF7CCFF208940F480402081F0BDAA
:1024200082884FF68F731A40828082880A438280A6
:10243000704702894FF6F8731A40028102890A43F5
:102440000281704702894FF67F731A400281028928
:102450000A4302817047F0B50C4615461E4600211E
:10246000002200230189028B038C4FF6F877394054
:1024700021434FF6FC473A4040F201173A434FF6EA
:10248000DD773B404FF6FF7707EA06172F433B43C4
:10249000018102830384F0BD21B1828842F0800271
:1024A000828004E082884FF67F731A4082807047F2
:1024B000A0F850107047000010B50446FA48844256
:1024C00008D101211020FFF7B6F800211020FFF7F6
:1024D000B2F857E0F548844209D101214804FFF7DA
:1024E00099F800214FF40030FFF794F84AE0F048E3
:1024F000844209D101218804FFF78CF800214FF4B0
:102500008020FFF787F83DE0EA48844209D10121A5
:10251000C804FFF77FF800214FF40020FFF77AF896
:1025200030E0E548844209D101210805FFF772F83F
:1025300000214FF48010FFF76DF823E0DF4884425C
:1025400008D101212020FFF776F800212020FFF795
:1025500072F817E0DA48844209D101218807FFF7B1
:1025600059F800214FF08040FFF754F80AE0D548B1
:10257000844207D101214005FFF74CF80021600596
:10258000FFF748F810BD2DE9FF4705460E46002429
:10259000A14600BFA046B08900B100BF2C8A24F438
:1025A0004054F08804432C82AC8941F20C6084438F
:1025B000B08831890843718908430443AC81AC8AEF
:1025C00024F44074B0890443AC826846FEF7B3FE3D
:1025D000B548854202D0B948854202D1DDF80C9059
:1025E00001E0DDF80890A88900F4004040B109EB53
:1025F000C90000EB091031684900B0FBF1F707E0B2
:1026000009EBC90000EB091031688900B0FBF1F754
:102610006420B7FBF0F004012009642101FB10786D
:10262000A88900F4004040B1322000EBC800B0FBA4
:10263000F1F000F00700044308E0322000EB08103E
:102640006421B0FBF1F000F00F0004432C81BDE8E1
:10265000FF874FF41651016000218180C180018104
:102660000C21418100218181704710B50246002074
:10267000108A20F470600B884C8823438C88234395
:10268000CC8823431843108210BD00210180418073
:102690008180C180704721B1828942F400528281D9
:1026A00004E082894DF6FF731A4082817047028BE5
:1026B00002F47F420283028B0A430283704721B1F6
:1026C000828942F40042828103E08289C2F30E02D1
:1026D0008281704721B1828A42F40062828204E0E2
:1026E000828A4FF2FF731A4082827047C1F3080258
:1026F0008280704701468888C0F308007047028ACC
:102700004FF6F0731A400282028A0A43028270472F
:1027100021B1828942F00202828104E082894FF66F
:10272000FD731A408281704782894FF2FF731A400D
:10273000828182890A4382817047028A4FF6DF7361
:102740001A400282028A0A430282704721B1028A39
:1027500042F48042028204E0028A4BF6FF731A4080
:1027600002827047818941F001018181704721B166
:10277000828A42F00802828204E0828A4FF6F7736E
:102780001A4082827047028BD2B20283028B42EAE5
:1027900001220283704721B1828A42F020028282A4
:1027A00004E0828A4FF6DF731A408282704721B1BB
:1027B000828A42F01002828204E0828A4FF6EF732E
:1027C0001A4082827047828A4FF6FB731A408282D7
:1027D000828A0A438282704721B1828A42F00202D1
:1027E000828204E0828A4FF6FD731A40828270472B
:1027F0001AB1838A0B43838202E0838A8B438382EC
:102800007047F0B50346002400260025002040F65E
:102810006A17B94200D100BF1846C1F3421401F053
:102820001F06012707FA06F5012C01D10C3004E040
:10283000022C01D1103000E014301AB107682F4388
:10284000076002E00768AF430760F0BD0246002062
:10285000B1F5007F00D100BF13880B400BB1012000
:1028600000E00020704701F40072B2F5007F00D153
:1028700000BFCA430280704770B50246002400239F
:102880000025002040F66A16B14200D100BFC1F316
:10289000421501F01F03012606FA03F3012D13D19F
:1028A0009689334017E000000010014000440040CA
:1028B00000480040004C004000500040001401401F
:1028C00000780040007C0040022D02D1168A33407F
:1028D00001E0968A33400C12012606FA04F41688A9
:1028E000344013B10CB1012000E0002070BD10B5E0
:1028F0000022002340F66A14A14200D100BF0A1250
:1029000001249440A3B2DC43048010BD10B50446FA
:102910006FF00400FDF71EFDE11704EB5171C1F3E8
:10292000C7016C4A11701046007800EB4001C1EB02
:10293000C0104FF6FF7101EAC0006749088010BD62
:102940000146644A12784A434FF0E0235A6100225C
:102950009A611A46126942F001021A6100BF4FF0F3
:10296000E022106900F001021AB100F48032002A5E
:10297000F5D04FF0E022126922F001024FF0E0237F
:102980001A6100229A6170470146534A12884A43ED
:102990004FF0E0235A6100229A611A46126942F010
:1029A00001021A6100BF4FF0E022106900F001023D
:1029B0001AB100F48032002AF5D04FF0E0221269FB
:1029C00022F001024FF0E0231A6100229A61704761
:1029D00070B50446C82094FBF0F0C6B2C82094FB42
:1029E000F0F100FB114085B204E0C820FFF7CCFFF6
:1029F000701EC6B2002EF8D115B12846FFF7C4FFED
:102A000070BD3648006840F01000344908607047D7
:102A10005321334A11851146C862898A41F0010168
:102A20009182002111821146098841F0080111802C
:102A30001146098841F00101118000BF2849098A27
:102A400001F001010029F9D02549098A21F001018D
:102A5000234A118270474AF20F41214A11854100F1
:102A6000D1621146898A41F00101918200211182CF
:102A70001146098841F0080111801146098841F08A
:102A80000101118000BF1649098A01F001010029E6
:102A9000F9D01349098A21F00101114A11827047C6
:102AA00001464AF20F400E4A10854800D062104697
:102AB000808A40F001009082002010821046008839
:102AC00040F0080010801046008840F0010010809F
:102AD0007047000010000020120000204038024023
:102AE0000010004000BF704700BF2E4A128802F05D
:102AF0004002002AF9D0C2B22A4B1B1D1A8070472F
:102B000010B588B0044601210846FEF7E5FC012116
:102B10001020FEF73BFD072209212348FEF7C9FAE2
:102B200007220A212048FEF7C4FA4FF4C06006903D
:102B300002208DF81C008DF81D0000208DF81E006D
:102B400001208DF81F0006A91748FEF727FA029406
:102B50000020ADF80C00ADF80E00ADF81000ADF897
:102B600014000C20ADF8120002A91048FFF70BFD6D
:102B700001210E48FFF78FFD012240F225510B483D
:102B8000FFF73FFE25208DF8040003208DF8050097
:102B90008DF8060001208DF8070001A8FDF78DFBD8
:102BA00008B010BD001401400000024000100140B8
:102BB00000B587B001211020FEF7E8FC012108468E
:102BC000FEF78AFC072209216E48FEF772FA4FF4DD
:102BD0000070059002208DF818008DF81900002073
:102BE0008DF81A0005A96748FEF7D8F907220A21CF
:102BF0006448FEF75EFA4FF48060059002208DF87D
:102C000018008DF8190000208DF81A0001208DF8A9
:102C10001B0005A95B48FEF7C1F94FF4165001905F
:102C20000020ADF810000C20ADF80E000020ADF82B
:102C30000C00ADF80A00ADF8080001A95248FFF7F2
:102C4000A2FC012240F225514F48FFF7DAFD4FF474
:102C5000A060FDF72DFB25208DF8000001208DF8E8
:102C6000030000208DF801008DF802006846FDF792
:102C700024FB01214448FFF70EFD07B000BD10B54D
:102C8000044621464048FFF731FD00BF80213E4801
:102C9000FFF7DCFD0028F9D010BD70B505460E46E3
:102CA000002404E0285DFFF7EAFF601C84B2B44210
:102CB000F8DB70BD70B50446002504E0605DFFF7E9
:102CC000DEFF681CC5B2605D0028F7D170BD10B58D
:102CD000FF20FFF7D4FF07212C48FFF7DEFFFE207F
:102CE000FFF7CDFF10BD2A480078012804D100204D
:102CF00027490870012070470020FCE7254908702B
:102D0000704710B540F225511F48FFF7B5FD012867
:102D100036D11D48FFF7EEFCC4B21E48007840B91A
:102D2000FF2C27D101201B49087000201A49087088
:102D300020E018480078012810D118481649097871
:102D4000445415480078401C134908700846007820
:102D500009280FDB02200F4908700BE00D480078AE
:102D6000022807D1FE2C05D100200A490870012055
:102D70000749087040F225510348FFF7B8FD00BF2E
:102D800010BD000000000240001001409001002032
:102D900014000020150000201600002099010020DA
:102DA00008B54FF4A060FDF783FA01208DF8030009
:102DB00003208DF802008DF8010014208DF800002A
:102DC0006846FDF77AFA08BD10B501210846FEF7FE
:102DD00083FB01214806FEF7C8FB10BD00B58FB08C
:102DE0004FF480500D9002208DF839008DF8380096
:102DF00000208DF83A000DA94448FEF7CFF84FF4B3
:102E000000600D9002208DF8380001208DF83B0005
:102E100002208DF839000DA93C48FEF7BFF80922C1
:102E20000B213A48FEF745F909220C213748FEF7F5
:102E300040F90AA8FDF7D0FB00208DF82E008DF890
:102E40002F008DF830008DF831008DF832008DF8AC
:102E500033008DF82A008DF82B0008208DF82C0007
:102E600001208DF82D000720ADF828000AA9284878
:102E7000FDF7A7FA002009909DF824004011069064
:102E80009DF824004FF6FF7101EAC020001D079055
:102E9000002008909DF82000401104909DF820002B
:102EA00001EAC020001D059001208DF80A000020D5
:102EB0008DF80B0001208DF80C00BDF81800ADF85E
:102EC0000000BDF81C00ADF80200BDF81000ADF820
:102ED0000400BDF81400ADF806000020ADF80800AD
:102EE00001208DF80D006846FDF7F5FA0122022158
:102EF0000748FDF7EFFD0FB000BD10B5FFF750FF1D
:102F0000FFF762FFFFF76AFF10BD000000000240FC
:102F10000064004010B54B4A00214B48FDF7BFFC50
:102F20000120484981F8280002214748FDF7D5FED5
:102F300010BD30B585B004460D46002004900390C6
:102F4000029001900090A81EC0B2039066E09DF828
:102F50000C009DF81010401AC0B2029000203949B0
:102F6000486120789DF8001041EA002135488161D0
:102F70006178C17704210177002141779DF808002D
:102F8000082823DA0020019013E09DF81000801C2F
:102F9000225C2C481F309DF80410491C42549DF8B7
:102FA0000400401CC0B201909DF81000401CC0B24B
:102FB00004909DF804009DF808108842E5DB9DF818
:102FC0000800401CC1B21F4881771DE0002001901D
:102FD00013E09DF81000801C225C1A481F309DF8F9
:102FE0000410491C42549DF80400401CC0B20190DA
:102FF0009DF81000401CC0B204909DF80400072802
:10300000E7DB08210F4881770E4914310E48FDF7A0
:1030100051FB9DF80000401CC0B200909DF81000CC
:103020009DF80C10884292DB05B030BD074800784F
:10303000012804D1002005490870012070470020B4
:10304000FCE70000BC0100200064004017000020E5
:103050001FB50446002000900190029003908DF867
:1030600000400A208DF801006D208DF802006B20D1
:103070008DF8030004216846FFF75BFF1FBD1FB5F5
:103080000446002000900190029003908DF80040CB
:103090000E208DF8010052208DF802006B208DF873
:1030A000030004216846FFF744FF1FBD7FB50646B5
:1030B0000D460024002000900190029003900DF82E
:1030C0000460641C112D68D2DFE805F0090F151BA0
:1030D000672167272D33393F6745515C4B001F201F
:1030E0000DF80400601CC4B258E020200DF8040064
:1030F000601CC4B252E021200DF80400601CC4B270
:103100004CE024200DF80400601CC4B246E02720E7
:103110000DF80400601CC4B240E031200DF804003A
:10312000601CC4B23AE033200DF80400601CC4B245
:1031300034E035200DF80400601CC4B22EE03620C7
:103140000DF80400601CC4B228E037200DF804001C
:10315000601CC4B222E03A200DF80400601CC4B226
:103160001CE03B200DF80400601CC4B216E04220B5
:103170000DF80400601CC4B26C200DF80400601C43
:10318000C4B20BE043200DF80400601CC4B27A20E6
:103190000DF80400601CC4B200E000BF00BF6B204B
:1031A0000DF80400601CC4B221466846FFF7C1FE5A
:1031B0007FBD7FB506460C46154600200090019065
:1031C000029003908DF8006046208DF80100692080
:1031D0008DF802008DF803408DF804506B208DF8B7
:1031E000050006216846FFF7A4FE7FBD7FB50646B1
:1031F0000C461546002000900190029003908DF837
:103200000060F3208DF80100AB208DF802008DF8EE
:1032100003408DF804506B208DF8050006216846A8
:10322000FFF787FE7FBD2DE9FF4105460F46144697
:103230001E46DDF828800020009001900290039047
:103240008DF80050F6208DF801008DF802702012E4
:103250008DF80300E0B28DF804008DF805608DF85C
:1032600006806B208DF8070008216846FFF761FE95
:10327000BDE8FF812DE9FF4706460F4615469846F3
:10328000DDE90D9A0C9C00200090019002900390C3
:103290008DF80060FD208DF801008DF80270281275
:1032A0008DF80300E8B28DF804008DF80580200E3B
:1032B0008DF80600200C8DF80700200A8DF8080014
:1032C000E0B28DF809008DF80A908DF80BA06B2004
:1032D0008DF80C000D216846FFF72BFEBDE8FF8737
:1032E0007FB505460C4600200090019002900390A7
:1032F0008DF80050FE208DF8010098208DF8020016
:103300008DF803406B208DF8040005216846FFF717
:1033100010FE7FBD1FB50446002000900190029072
:1033200003908DF80040FF208DF8010066208DF895
:1033300002006B208DF8030004216846FFF7F9FDB9
:103340001FBD7FB505460C460020009001900290FD
:1033500003908DF8005093208DF8010088208DF89F
:1033600002008DF803406B208DF8040005216846AB
:10337000FFF7DFFD7FBD2DE9F04F89B005460E4612
:103380001746984613AC94E8100E202101A807F0C8
:103390000AFD8DF804504C208DF80500AE208DF804
:1033A00006008DF807608DF808708DF80980129876
:1033B00000128DF80A001298C0B28DF80B00200E92
:1033C0008DF80C00200C8DF80D00200A8DF80E00F1
:1033D000E0B28DF80F004FEA29208DF8100009F0B7
:1033E000FF008DF811004FEA2A208DF812000AF034
:1033F000FF008DF813004FEA2B208DF814000BF01E
:10340000FF008DF8150017988DF816006B208DF8C9
:103410001700142101A8FFF78CFD09B0BDE8F08F5B
:103420007FB506460C46154600200090019002909C
:1034300003908DF800609A208DF801008DF802400D
:103440008DF803506B208DF8040005216846FFF7C6
:1034500070FD7FBD1FB504460020009001900290D2
:1034600003908DF800409C208DF8010048208DF8D5
:1034700002006B208DF8030004216846FFF759FD18
:103480001FBD0000F0B587B004460D461646012763
:103490006019801B039060422844304404906042CD
:1034A0002844801B0590601930440690039800283A
:1034B0000ADB00200090F9480378039882B20021CB
:1034C0000220FFF7B0FE0AE000200090F3480378E6
:1034D0000398404282B201210220FFF7A4FE384641
:1034E000FFF776FA049800280ADB00200090EB48EA
:1034F0000378049882B201210846FFF794FE0AE09F
:1035000000200090E54803780498404282B20021F0
:103510000120FFF788FE3846FFF75AFA0598002881
:103520000ADB00200090DD480378059882B2002174
:103530000320FFF778FE0AE000200090D7480378C8
:103540000598404282B201210320FFF76CFE384605
:10355000FFF73EFA069800280ADB00200090CF48CB
:103560000378069882B201210420FFF75CFE0AE08E
:1035700000200090C94803780698404282B200219A
:103580000420FFF750FE3846FFF722FA07B0F0BDDF
:1035900070B52DED068B88B0B0EE408A0526B5EEED
:1035A000C08AF1EE10FA02DDB0EE480A01E0B1EE99
:1035B000480A10EE101A084609F04AFB41EC1A0BB3
:1035C0009FEDB70B53EC102B09F04CF841EC190BA5
:1035D00008F084FF0446B44890ED000AB8EEC00A33
:1035E00060EE080AB5EEC08AF1EE10FA02DDB0EE28
:1035F000480A01E0B1EE480A80EE801ABDEEC10A29
:1036000010EE105A00EE105A8DED040A6842059033
:103610006842069000EE105A8DED070A04980028C3
:103620000CDB01200021CDE9004102909F48037886
:10363000049882B20220FFF71DFE0DE00120002158
:10364000CDE900410290994803780498404282B243
:1036500001210220FFF70EFE3046FFF7B9F9059869
:1036600000280DDB01200021CDE9004102908F48A8
:103670000378059882B201210846FFF7FBFD0CE0B4
:1036800001200021CDE90041029088480378059887
:10369000404282B20120FFF7EDFD3046FFF798F976
:1036A000069800280CDB01200021CDE900410290A2
:1036B0007E480378069882B20320FFF7DBFD0DE019
:1036C00001200021CDE90041029078480378069856
:1036D000404282B201210320FFF7CCFD3046FFF7C4
:1036E00077F9079800280DDB01200021CDE9004182
:1036F00002906E480378079882B201210420FFF7F8
:10370000B9FD0CE001200021CDE90041029067489D
:1037100003780798404282B20420FFF7ABFD3046A1
:10372000FFF756F90020FFF7F5FD08B0BDEC068B5A
:1037300070BD30B52DED068B89B0B0EE408A052501
:10374000B5EEC08AF1EE10FA02DDB0EE480A01E0F3
:10375000B1EE480A10EE101A084609F079FA41EC69
:103760001A0B9FED530B53EC102B08F07BFF41EC31
:10377000190B08F0B3FE04464B4890ED000AB8EE72
:10378000C00A60EE080AB5EEC08AF1EE10FA02DD5A
:10379000B0EE480A01E0B1EE480A80EE801AFDEE74
:1037A000C18ACDED058ACDED068ACDED078ACDED36
:1037B000088A059800280CDB01200021CDE9004192
:1037C00002903A480378059882B20220FFF752FD32
:1037D0000DE001200021CDE900410290334803783B
:1037E0000598404282B201210220FFF743FD28469E
:1037F000FFF7EEF8069800280DDB01200021CDE947
:103800000041029029480378069882B201210846B7
:10381000FFF730FD0CE001200021CDE900410290CE
:10382000224803780698404282B20120FFF722FD29
:103830002846FFF7CDF8079800280CDB012000216F
:10384000CDE90041029019480378079882B203201D
:10385000FFF710FD0DE001200021CDE900410290AD
:10386000124803780798404282B201210320FFF7F3
:1038700001FD2846FFF7ACF8089800281CDB012062
:103880000021CDE90041029008480378089882B2EF
:1038900001210420FFF7EEFC1BE0000024000020C3
:1038A00000000000000025401C0000202000002037
:1038B0009A9999999999244001200021CDE90041D4
:1038C0000290F84803780898404282B20420FFF73B
:1038D000D1FC2846FFF77CF80020FFF71BFD09B05C
:1038E000BDEC068B30BDF0B52DED108B83B0B0EE86
:1038F000408A04460D4616460CB94FF480749FED7D
:10390000EAABCEB9B5EEC08AF1EE10FA02DDB0EE48
:10391000480A01E0B1EE480A10EE101A084609F014
:1039200097F941EC1D0B1FED220B53EC102B08F007
:1039300099FE41EC1A0B18E0B5EEC08AF1EE10FAD0
:1039400002DDB0EE480A01E0B1EE480A10EE101AAE
:10395000084609F07DF941EC1D0B1FED2B0B53ECD4
:10396000102B08F07FFE41EC1A0B04EB44014800D9
:1039700008F011FECDE90001284608F023FE41ECD5
:103980001F0B9FEDCB1BB0EE4F0AF0EE6F0A07F056
:103990007BFBB0EE40EAF0EE60EA9FEDC70B53EC24
:1039A000102B51EC1E0B08F05DFE9DED000B53EC4F
:1039B000102B08F03BFC41EC1B0B4FF4FA60684302
:1039C00090FBF4F7384608F0E6FD41EC1C0B9FED48
:1039D000B69B53EC1A2B51EC1B0B08F041FF1CD883
:1039E00053EC1B2B51EC1A0B08F020FC41EC1E0B86
:1039F0009FEDB31BB0EE4E0AF0EE6E0A07F044FBEB
:103A0000B0EE40DAF0EE60DA53EC1C2B51EC1D0BFB
:103A100008F028FE41EC190B26E005EB850080013B
:103A2000062190FBF1F7384608F0B5FD41EC1D0B7F
:103A300053EC1B2B51EC1A0B09F020F89FEDA20B55
:103A400053EC102B08F00EFE53EC1D2B08F0EEFB90
:103A500053EC1C2BCDE900019DED000B51EC100B3C
:103A600008F08CFA41EC190BB5EEC08AF1EE10FAB1
:103A700002DDB0EE480A01E0B1EE480AF0EE000ABD
:103A8000B4EEE00AF1EE10FA05D89FED910BB0EE1E
:103A9000409AF0EE609A53EC192B9FED8F0B51EC8E
:103AA000100B08F0DFFD41EC190B51EC190B08F07D
:103AB00015FD0746FEF7CFFFB0EE490AF0EE690AA2
:103AC00003B0BDEC108BF0BD764A1060844A1160E3
:103AD000704770B52DED028BF0EE408AB0EE608A33
:103AE00004460D460A20FEF7B6FF29462046FFF79A
:103AF000EBFFB1EE480AFFF71CFEA9B2A0B201220B
:103B0000B0EE480AFFF7EFFEBDEC028B70BD70B55A
:103B10002DED028BB0EE408AF0EE608A04460D4631
:103B20000A20FEF798FF29462046FFF7CDFFB1EEA9
:103B3000480AFFF72DFDA9B2A0B20022B0EE480A54
:103B4000FFF7D1FEBDEC028B70BD70B52DED028B81
:103B5000F0EE408AB0EE608A04460D460A20FEF779
:103B60007AFF29462046FFF7AFFFB1EE480AFFF77C
:103B7000E0FDBDEC028B70BD70B52DED028BB0EE9B
:103B8000408AF0EE608A04460D460A20FEF763FF85
:103B900029462046FFF798FFB1EE480AFFF7F8FCE8
:103BA000BDEC028B70BD70B52DED108B82B0B0EE08
:103BB000409A04460D460CB94FF4807400EE104A4A
:103BC000B8EE400AF1EE080A20EE200A10EE101AB4
:103BD000084609F03DF841EC1C0B284608F0F2FCC1
:103BE00041EC1F0B9FED321BB0EE4F0AF0EE6F0A57
:103BF00007F04AFAB0EE40EAF0EE60EA9FED2E0BD5
:103C000053EC102B51EC1E0B08F02CFD41EC1D0B5E
:103C100053EC1C2B08F00AFB41EC1A0B00EE105A77
:103C2000B8EE400ADFED2F0A60EE200A00EE104ADF
:103C3000B8EE400A80EE801A11EE106A304609F0A4
:103C400007F841EC1B0B9FED188B19EE100A08F0DA
:103C5000FFFF41EC1C0B53EC1A2B08F0C7FC43D8B8
:103C600019EE100A08F0F4FF41EC1E0B53EC1A2B6E
:103C700008F0DCFA41EC1D0B9FED111BB0EE4D0A74
:103C8000F0EE6D0A07F000FAB0EE40CAF0EE60CA3E
:103C900053EC1B2B51EC1C0B08F0E4FC41EC180B13
:103CA0004BE00000200000200000000000000000A9
:103CB0000000000000000040000000000000744010
:103CC000000000000000E03F0000000000408F40C6
:103CD0000000000000006940CDCCCCCCCCCCEC3F47
:103CE0001C0000200000FA4405EB8500800106213D
:103CF00090FBF1F6304608F04EFC41EC1C0B19EE3F
:103D0000100A08F0A5FF53EC1A2B08F0B7FE1FEDC0
:103D1000120B53EC102B08F0A5FC53EC1C2B08F0F5
:103D200085FA53EC1B2BCDE900019DED000B51EC06
:103D3000100B08F023F941EC180B1FED1F0B53EC8F
:103D4000102B51EC180B08F08DFC41EC180B1FEDFB
:103D50002A0B53EC102B51EC180B08F081FD02D20A
:103D600051EC180B03E051EC180B08F0C8F841ECCB
:103D70001C0B1FED290B53EC102B08F037FC05D85A
:103D80001FED2D0BB0EE408AF0EE608AB0EE480ACF
:103D9000F0EE680A02B0BDEC108B70BD2DE9FE4359
:103DA00004468846174600EE104AB8EEC00AB5EE43
:103DB000C00AF1EE10FA0AD300EE104AB8EEC00ABB
:103DC000DFED700AB4EEE00AF1EE10FA06DD6EA245
:103DD0000121084602F019FE00BFFEE70A20FEF7A7
:103DE0003AFE00EE104AB8EEC00A6A48D0ED000A6A
:103DF00030EE600ABDEEC00A10EE105A002D01DC54
:103E0000012000E000208146002D01DD284600E071
:103E1000684200EB8000060100EE104AB8EEC00ACE
:103E20005C48D0ED000AB4EE600AF1EE10FA09D059
:103E30000020CDE900603B464246494602900520FD
:103E4000FFF718FA00EE104AB8EEC00A514880EDAC
:103E5000000A00EE906AF8EE600AB7EE001A60EE13
:103E6000810AB0EE600A41463846FFF79CFEBDE885
:103E7000FE83F0B52DED088B83B0B0EE408A054689
:103E80000E469FED450AB4EEC08AF1EE10FA06DC4C
:103E90009FED420AB4EEC08AF1EE10FA06D23AA2C1
:103EA0000121084602F0B1FD00BFFEE70A20FEF73F
:103EB000D2FD3B4890ED000A78EE408AF5EEC08ACC
:103EC000F1EE10FA01DC012000E00020074618EEB8
:103ED000900A08F0BDFE41EC1B0BB0EE4B0AF0EE71
:103EE0006B0A07F08DF8B0EE40AAF0EE60AA9FEDE5
:103EF0002D0B53EC102B51EC1A0B08F0B3FB41ECDB
:103F0000190B08F01BFB0446254890ED000AB4EE9F
:103F1000408AF1EE10FA09D00020CDE90040334686
:103F20002A46394602900620FFF7A4F9600000EE09
:103F3000900AF8EE600AB0EE600A29463046FFF7B4
:103F400032FE174880ED008A00EE904AF8EE600AD3
:103F5000B7EE001A60EE810AB0EE600A29463046DC
:103F6000FFF721FE03B0BDEC088BF0BD10B5C821F2
:103F70004FF47A709FED0D0AFFF77BFF10BD0C49DF
:103F800008607047000007436572726F723A4F55C0
:103F900054000000300000200000FA420000B4C2CB
:103FA0002C000020000000400A773940000000008B
:103FB0002400002080ED000AC0ED010A80ED021A05
:103FC000C0ED061A80ED082A704790ED032A80EDB7
:103FD000042A30EE602ADFEDFD2AB4EEE22AF1EE8B
:103FE00010FA08D230EE602ADFEDF92A32EE222AEA
:103FF00080ED032A15E030EE602ADFEDF62AB4EEFC
:10400000E22AF1EE10FA08DD30EE602ADFEDF02A48
:1040100032EE622A80ED032A03E030EE602A80ED62
:10402000032A90ED032AD0ED042A32EE622AD0ED65
:10403000022A22EE221A90ED032AD0ED002A62EE27
:10404000221A90ED052AD0ED032A90ED013A02EEF6
:10405000832A80ED052A90ED052AD0ED062AB4EEDC
:10406000E22AF1EE10FA04DD90ED062A80ED052A31
:1040700010E090ED052AD0ED062AF1EE622AB4EEAA
:10408000E22AF1EE10FA05D290ED062AB1EE422AAC
:1040900080ED052A31EE812AD0ED052A32EE222A62
:1040A00080ED072A90ED072AD0ED082AB4EEE22A27
:1040B000F1EE10FA04DD90ED082A80ED072A10E0F9
:1040C00090ED072AD0ED082AF1EE622AB4EEE22A3A
:1040D000F1EE10FA05D290ED082AB1EE422A80EDF9
:1040E000072A70471FB501210420FDF73EFABA48A0
:1040F000FEF723F90020ADF80C00ADF8060041F200
:104100008730029040F24730ADF8040000208DF86F
:104110000E0001A9B048FDF72AFC0121AE48FEF7C8
:10412000DBF801221146AC48FEF7C2F84FF4A0605C
:10413000FCF7BEF81E208DF8000001208DF803006A
:104140008DF801008DF802006846FCF7B6F81FBD37
:1041500010B5FFF7C7FF9FED9F2AF1EE0C1AB0EEE6
:10416000001ADFED9E0AB7EE080A9D48FFF722FF0E
:1041700010BD30B59B4C20609B4C21609B4C226055
:104180009B4C236000249B4D2C609B4C84ED000ACB
:1041900030BD2DE9F0412DED028B05460E46174648
:1041A0009846B0EE408A089C01218B48FDF768FCD8
:1041B000012240F225519148FEF723FB002090494F
:1041C0000860E620FFF7DBFE6CB9B0EE000A844819
:1041D00080ED000A9FED8B0A80ED010A9FED8A0AAF
:1041E00080ED020A42E0012C11D19FED880A7C4843
:1041F00080ED000A9FED830A80ED010A9FED840A9D
:1042000080ED020AB3EE0E0A80ED080A2EE0022CC1
:104210000DD1B1EE040A724880ED000A9FED790AD3
:1042200080ED010AB1EE040A80ED020A1EE0032CC3
:104230000DD1B0EE000A6A4880ED000A9FED750AC4
:1042400080ED010A9FED740A80ED020A0EE0042C55
:104250000CD1B0EE000A624880ED000A9FED6F0AB3
:1042600080ED010A9FED6C0A80ED020A9FED590A6C
:10427000B4EEC08AF1EE10FA06DD9FED550A38EE75
:10428000400AB0EE408A0CE09FED500AB4EEC08ABE
:10429000F1EE10FA05D29FED4E0A38EE000AB0EEAC
:1042A000408AB0EE480A43463A4631462846FFF770
:1042B00060FF00BF524800680028FBD00020504932
:1042C00008609FED570A464880ED080A00214248E1
:1042D000FDF7D6FB002240F225514848FEF791FA3F
:1042E0006420FEF7B8FB0120BDEC028BBDE8F08135
:1042F0002DE9F0412DED028B04460D4616461F4672
:104300009DED088ADDF8248001213348FDF7B8FBD4
:10431000012240F225513948FEF773FA002038494E
:104320000860B8F1000F0DD1B7EE080A2C4880EDF7
:10433000000A9FED3C0A80ED010AB0EE000A80ED14
:10434000020A0CE0B7EE080A254880ED000A9FED4E
:10435000230A80ED010AB0EE040A80ED020AB8EEED
:10436000C80A3B46324629462046FFF702FFBDEC0D
:10437000028BBDE8F08110B501211748FDF7AFFFB2
:1043800001287DD11B4800681949096888427ED8F8
:1043900025480078C8B1254A2549264801F082FB06
:1043A000224890ED020A244880ED000AD0ED000A70
:1043B000114890ED000A0A48FFF707FE1E4890EDED
:1043C000000A1E48D0ED000A3AE060E0000034C365
:1043D0000000B44300003443000800406F12833AE9
:1043E0000C02002040000020440000204800002073
:1043F00050000020540000203C00002000440040F9
:104400004C00002000000000CDCC4C3F3333534023
:104410006666E63FCDCC4C3DCDCCCC3E295C8F3D95
:1044200000006643CDCCCC3D5800002000020020A7
:10443000F4010020E80100203400002038000020B2
:10444000B4EE600AF1EE10FA08D17B4890ED000A54
:10445000F7EE000A30EE200A80ED000A774890ED72
:10446000020A774880ED000A764890ED070ABDEE13
:10447000C00A10EE102A744801687448006800E011
:104480001EE0FEF7FFFF0020714908600AE0714856
:10449000007838B9002211461046FEF7F3FF0120DC
:1044A0006B4908606C48006832306B4908606B48A3
:1044B0000078401C6949087001216948FDF720FF18
:1044C00010BD70B52DED028BF0EE408AB0EE608A23
:1044D00004460D460A20FEF7BEFA29462046FFF79D
:1044E000F3FAB0EE680AFFF724F9A9B2A0B20122EC
:1044F000B0EE680AFFF7F7F90A20FEF7ACFA294692
:104500002046FFF7E1FAB0EE480AFFF741F8A9B2FA
:10451000A0B20022B0EE480AFFF7E5F9BDEC028B2D
:1045200070BD70B52DED0E8B82B0F0EE408AB0EE0E
:10453000608AB0EE419AF0EE619A28EEA80A08EE81
:10454000080A10EE101A084608F082FB41EC1E0B18
:104550009FED441BB0EE4E0AF0EE6E0A06F094FD9D
:10456000B0EE40CAF0EE60CA19EE900A08F070FB97
:1045700041EC1D0B53EC1C2B07F058FE41EC1A0BC1
:104580009FED3A0BB0EE40BAF0EE60BA28EEA80A02
:1045900008EE080A10EE101A084608F059FB41EC24
:1045A0001D0B9FED301BB0EE4D0AF0EE6D0A06F0CC
:1045B0006BFDB0EE40CAF0EE60CA9FED2E0B53ECDF
:1045C000102B51EC1C0B08F04DF841EC1B0B00209C
:1045D000FFF7D5FC51EC1B0B07F0B0FF064618EEB9
:1045E000900A08F035FB41EC1D0B53EC1A2B08F038
:1045F00039F841EC1C0B07F071FF044618EE100A65
:1046000008F026FB41EC1D0B53EC1A2B08F02AF89E
:1046100041EC1C0B07F062FF05460120B0EE490A91
:1046200033460022214600902846FFF7B2FD02B033
:10463000BDEC0E8B70BD00005C000020000200206D
:10464000380000200C020020440000204000002020
:104650004C00002059000020540000205A00002087
:1046600000080040000000000000E03F00000000E3
:1046700000000000000000000000104000B58BB0FA
:1046800001210846FCF771FF01210846FCF724FFD1
:1046900002208DF828000E20099002208DF82900B4
:1046A00000208DF82A008DF82B0009A9FE48FCF7A0
:1046B00075FC01221146FC48FCF7FBFC012202219B
:1046C000F948FCF7F6FC01220321F748FCF7F1FC5E
:1046D0004FF08040FDF731FE0020ADF82000ADF82E
:1046E0001A0044F61F6007905320ADF81800002010
:1046F0008DF8220006A94FF08040FDF738F901A897
:10470000FDF7EEFA6020ADF804000020ADF81000CF
:104710000120ADF806000020039001A94FF0804071
:10472000FDF7F3F901A94FF08040FDF73BFA01A92D
:104730004FF08040FDF79CFA1C208DF8000001200E
:104740008DF801008DF802008DF803006846FBF734
:10475000B4FD01218807FDF793F94FF40271C806F3
:10476000FDF7F5FA4FF42271C806FDF7F2FA40F2B0
:10477000A2314807FDF7EFFA012211469007FDF735
:1047800097FD0BB000BD10B5044621464FF08040A8
:10479000FDF7DDFA10BD10B5044621464FF080400C
:1047A000FDF7D7FA10BD10B5044621464FF0804002
:1047B000FDF7D1FA10BD80ED010A0121C1607047FB
:1047C00010B52DED108B88B0B0EE40FAB0EE608AD7
:1047D000F0EE418A9FEDB50AF4EEC08AF1EE10FAD0
:1047E0003BD21FEE100A08F033FA41EC1A0B9FED92
:1047F000B00AC8EE800A10EE904A204608F028FA67
:1048000041EC1E0B9FEDAB1BB0EE4E0AF0EE6E0AB4
:1048100006F03AFCB0EE40CAF0EE60CAB0EE090A0B
:1048200028EE000A10EE101A084608F011FA41ECC2
:104830001D0B53EC1C2B07F015FF41EC1B0B53EC2D
:104840001A2B07F09BFB41EC190B07F065FB00EE00
:10485000100A08B0BDEC108B10BD9FED980AF4EE65
:10486000C08AF1EE10FA10D2F2EE000A88EE200AA9
:104870009FED8F1AC8EE810AB7EE041A28EE011ACE
:1048800011EE200A30EE0F0AE3E79FED890AF4EEFD
:10489000C08AF1EE10FA6AD21FEE100A08F0D8F9B9
:1048A00041EC1E0BB0EE010A28EE000A10EE101AC1
:1048B000084608F0CDF941EC190BDFED7D0A88EED2
:1048C000A00AF1EE090A68EE200A20EE200A10EE96
:1048D000104A204608F0BCF941EC1A0B9FED740A0F
:1048E000C8EE800A10EE904A204608F0B1F99FED1C
:1048F000711BCDE900019DED000B06F0C5FBB0EE8C
:1049000040CAF0EE60CAB8EE090A28EE000A10EEBE
:10491000101A084608F09CF941EC1D0B53EC1C2BB7
:1049200007F0A0FE41EC1B0B53EC1A2B07F026FB03
:1049300053EC192BCDE902019DED020B51EC100B4C
:1049400008F09CF853EC1E2BCDE904019DED040BFF
:1049500051EC100B07F012FBCDE906019DED060BA3
:1049600051EC100B07F0D8FA00EE100A71E73FEE99
:10497000080A6EE730B52DED108B85B00446E0686F
:1049800001287DD194ED040AF3EE040A30EE200AEA
:1049900084ED040A94ED040AD4ED050A80EE201A91
:1049A00011EE105A284608F053F941EC180B9FED10
:1049B000440B53EC102B51EC180B07F017FE04D8E6
:1049C00094ED000A84ED020AC7E09FED3F0B53EC23
:1049D000102B51EC180B07F043FF0ED894ED010A91
:1049E00084ED020A94ED010A84ED000A9FED380A75
:1049F00084ED040A0020E060AFE053EC182B9FED3B
:104A0000350B51EC100B07F02DFE41EC1B0B53EC5A
:104A1000182B07F027FE41EC1A0B53EC182B07F06C
:104A200021FE41EC190B53EC182B9FED2C0B51EC94
:104A3000100B07F017FE41EC1E0B53EC182B07F080
:104A400011FE41EC1D0B53EC182B07F00BFE41EC53
:104A50001C0B53EC182B07F005FE41EC1A0B53EC22
:104A6000182B9FED200B51EC100B07F0FBFD41ECD8
:104A70001F0B53EC182B07F0F5FD41EC1E0B00E06B
:104A800071E053EC182B07F0EDFD41EC1D0B53ECDE
:104A9000182B07F0E7FD41EC1C0B53EC182B07F02B
:104AA000E1FD41EC1B0B21E0000002400000484307
:104AB00000007A440000000000000040000048446C
:104AC0000000000000000000000000000000F03FB7
:104AD0000000000000000000000024400000000072
:104AE00000002E40000000000000184053EC1A2B7C
:104AF00007F0C4FF53EC192BCDE900019DED000B2D
:104B000051EC100B07F03AFACDE9020194ED010ADD
:104B1000D4ED000A30EE600A10EE101A084608F0D4
:104B200097F841EC1C0B9DED020B53EC102B07F09A
:104B300099FD41EC1A0B94ED000A10EE101A08468C
:104B400008F086F841EC1B0B53EC1A2B07F016FA11
:104B500041EC190B07F0E0F9A060D4ED020AB0EEC9
:104B6000600AA069804705B0BDEC108B30BDFE48DF
:104B70009FEDFE1AB4EEC10AF1EE10FA03D89FEDD4
:104B8000FB1AB0EE410A80ED010AC0ED050A0121D1
:104B9000C160704710B52DED028BB0EE408AF0EE8B
:104BA000608AB7EE000A38EE400AB0EE408AF04C58
:104BB00084ED018AC4ED058A0120E06000BFE06851
:104BC0000028FCD11E20FDF746FFBDEC028B10BD76
:104BD00010B5DFEDE80A9FEDE80AFFF7DBFF10BD37
:104BE00010B5DFEDE40AB7EE000AFFF7D3FF10BD02
:104BF00010B52DED028BF0EE408AB0EE608ADF4CEE
:104C0000C4ED018A84ED058A0120E06000BFE06800
:104C10000028FCD13220FDF71EFFBDEC028B10BD39
:104C2000D64880ED010AC0ED050A0121C160704738
:104C3000B7EE001A30EE411AB0EE410ACC4880EDD2
:104C4000010AC0ED050A0121C160704700BFC168BB
:104C50000029FCD1704710B501218807FDF73FFB03
:104C600060B1C148FFF786FEC148FFF783FEC34825
:104C7000FFF780FE01218807FDF742FB10BD2DE9FB
:104C8000FF412DED040B2DED108B06460F46F0EE87
:104C9000608A14461D46B0EE418A9FEDB90A38EE8F
:104CA000000AB0EE408A394630469DED100AFFF703
:104CB000E0F8B0EE40BAF0EE60BAEAB22146BDEEDE
:104CC000E80A10EE100AFFF769F8B0EE40FAF0EECD
:104CD00060FAA54890ED020A38EE400A10EE101A6C
:104CE000084607F0B5FF41EC1D0BB0EE4D0AF0EEA3
:104CF0006D0A06F085F9B0EE40CAF0EE60CA9FED8D
:104D0000A10B53EC102B51EC1C0B07F06FFC28D8B7
:104D1000954890ED020A38EE400A10EE101A084647
:104D200007F096FF41EC1E0BB0EE4E0AF0EE6E0A55
:104D300006F066F9B0EE40DAF0EE60DA9FED930B24
:104D400053EC102B51EC1D0B07F08CFC41EC1C0BB1
:104D50009FED900B53EC102B07F068FA41EC190B08
:104D60007BE1814890ED020A38EE400A10EE101AFD
:104D7000084607F06DFF41EC1D0BB0EE4D0AF0EE5A
:104D80006D0A06F03DF9B0EE40CAF0EE60CA9FED44
:104D9000830B53EC102B51EC1C0B07F027FC28D88D
:104DA000714890ED020A38EE400A10EE101A0846DB
:104DB00007F04EFF41EC1E0BB0EE4E0AF0EE6E0A0D
:104DC00006F01EF9B0EE40DAF0EE60DA9FED750BFA
:104DD00053EC102B51EC1D0B07F044FC41EC1C0B69
:104DE0009FED6C0B53EC102B07F020FA41EC190BE4
:104DF00033E15D4890ED020A38EE400A10EE101AD9
:104E0000084607F025FF41EC1D0BB0EE4D0AF0EE11
:104E10006D0A06F0F5F8B0EE40CAF0EE60CA9FEDFC
:104E2000610B53EC102B51EC1C0B07F0DFFB28D867
:104E30004D4890ED020A38EE400A10EE101A08466E
:104E400007F006FF41EC1E0BB0EE4E0AF0EE6E0AC4
:104E500006F0D6F8B0EE40DAF0EE60DA9FED530BD4
:104E600053EC102B51EC1D0B07F0FCFB41EC1C0B21
:104E70009FED480B53EC102B07F0D8F941EC190BC0
:104E8000EBE0394890ED020A38EE400A10EE101AB5
:104E9000084607F0DDFE41EC1D0BB0EE4D0AF0EECA
:104EA0006D0A06F0ADF8B0EE40CAF0EE60CA9FEDB4
:104EB000410B53EC102B51EC1C0B07F097FB28D83F
:104EC000294890ED020A38EE400A10EE101A084602
:104ED00007F0BEFE41EC1E0BB0EE4E0AF0EE6E0A7D
:104EE00006F08EF8B0EE40DAF0EE60DA9FED330BAC
:104EF00053EC102B51EC1D0B07F0B4FB41EC1C0BD9
:104F00009FED240B53EC102B07F090F941EC190B9B
:104F1000A3E0154890ED020A38EE400A10EE101A90
:104F2000084607F095FE41EC1D0BB0EE4D0AF0EE81
:104F30006D0A06F065F8B0EE40CAF0EE60CA9FED6B
:104F4000210B53EC102B51EC1C0B07F04FFB5CD8E2
:104F5000054890ED020A38EE400A10EE101A084695
:104F600007F076FE32E00000600000203333374265
:104F70007C000020000096430000204298000020A2
:104F8000333313410000000000003C4000000000EB
:104F900000005E400000000000002A400000000009
:104FA00000004940000000000000594000000000DF
:104FB000004055400000000000C0624000000000BA
:104FC000008051400000000000406F4041EC1E0B8B
:104FD000B0EE4E0AF0EE6E0A06F012F8B0EE40DACD
:104FE000F0EE60DA9FEDFE0B53EC102B51EC1D0B35
:104FF00007F038FB41EC1C0B1FED1A0B53EC102B88
:1050000007F014F941EC190B27E0F74890ED020A7C
:1050100038EE400A10EE101A084607F019FE41EC6F
:105020001E0BB0EE4E0AF0EE6E0A05F0E9FFB0EE90
:1050300040DAF0EE60DA1FED270B53EC102B51EC49
:105040001D0B07F00FFB41EC1C0B1FED2E0B53EC5F
:10505000102B07F0EBF841EC190B51EC190B06F093
:105060005BFF0CEE100AF0EE4C0AB0EE480AFFF7B8
:105070007EFDB0EE4F1AF0EE6F1AB0EE4B0AF0EE76
:105080006B0A05F0C7FFB0EE40CAF0EE60CAB0EEA2
:105090004C1AF0EE6C1AB0EE490AF0EE690A05F00F
:1050A000B9FFB0EE40AAF0EE60AA51EC1A0B07F07F
:1050B00015FA8046FDF7CFFC51EC1A0B07F00EFAFB
:1050C000BDEC108B08B0BDE8F0812DE9FF412DED5E
:1050D000040B2DED108B06460F46F0EE608A144649
:1050E0001D46B0EE418AF025E6274FF4FA641FED25
:1050F0005C0A38EE000AB0EE408A394630469DED33
:10510000100AFEF7B6FEB0EE40AAF0EE60AA2A46FC
:105110002146BDEEE80A10EE100AFEF73FFEB0EEA3
:1051200040FAF0EE60FAB04890ED020A38EE400A1C
:1051300010EE101A084607F08BFD41EC1D0BB0EE87
:105140004D0AF0EE6D0A05F05BFFB0EE40CAF0EEDE
:1051500060CA1FED740B53EC102B51EC1C0B07F0C5
:1051600045FA28D8A04890ED020A38EE400A10EE21
:10517000101A084607F06CFD41EC1E0BB0EE4E0A0B
:10518000F0EE6E0A05F03CFFB0EE40DAF0EE60DAC9
:105190001FED820B53EC102B51EC1D0B07F062FA44
:1051A00041EC1C0B1FED850B53EC102B07F03EF868
:1051B00041EC190B4FE18C4890ED020A38EE400AA1
:1051C00010EE101A084607F043FD41EC1D0BB0EE3F
:1051D0004D0AF0EE6D0A05F013FFB0EE40CAF0EE96
:1051E00060CA1FED920B53EC102B51EC1C0B07F017
:1051F000FDF928D87C4890ED020A38EE400A10EEFE
:10520000101A084607F024FD41EC1E0BB0EE4E0AC2
:10521000F0EE6E0A05F0F4FEB0EE40DAF0EE60DA81
:105220001FEDA00B53EC102B51EC1D0B07F01AFADD
:1052300041EC1C0B1FEDA90B53EC102B06F0F6FFF5
:1052400041EC190B07E1684890ED020A38EE400A7C
:1052500010EE101A084607F0FBFC41EC1D0BB0EEF7
:105260004D0AF0EE6D0A05F0CBFEB0EE40CAF0EE4E
:1052700060CA1FEDB40B53EC102B51EC1C0B07F064
:10528000B5F928D8584890ED020A38EE400A10EED9
:10529000101A084607F0DCFC41EC1E0BB0EE4E0A7B
:1052A000F0EE6E0A05F0ACFEB0EE40DAF0EE60DA39
:1052B0001FEDC20B53EC102B51EC1D0B07F0D2F974
:1052C00041EC1C0B1FEDCD0B53EC102B06F0AEFF89
:1052D00041EC190BBFE0444890ED020A38EE400A59
:1052E00010EE101A084607F0B3FC41EC1D0BB0EEAF
:1052F0004D0AF0EE6D0A05F083FEB0EE40CAF0EE06
:1053000060CA1FEDD40B53EC102B51EC1C0B07F0B3
:105310006DF928D8344890ED020A38EE400A10EEB4
:10532000101A084607F094FC41EC1E0BB0EE4E0A32
:10533000F0EE6E0A05F064FEB0EE40DAF0EE60DAF0
:105340001FEDE20B53EC102B51EC1D0B07F08AF90B
:1053500041EC1C0B1FEDF10B53EC102B06F066FF1C
:1053600041EC190B77E0204890ED020A38EE400A34
:1053700010EE101A084607F06BFC41EC1D0BB0EE66
:105380004D0AF0EE6D0A05F03BFEB0EE40CAF0EEBD
:1053900060CA1FEDF40B53EC102B51EC1C0B07F003
:1053A00025F930D8104890ED020A38EE400A10EE88
:1053B000101A084607F04CFC41EC1E0BB0EE4E0AEA
:1053C000F0EE6E0A05F01CFEB0EE40DAF0EE60DAA8
:1053D0009FED030B53EC102B51EC1D0B06E000006E
:1053E0000000000000004E406000002007F03AF985
:1053F00041EC1C0B9FED300B53EC102B06F016FF0D
:1054000041EC190B27E02E4890ED020A38EE400AD5
:1054100010EE101A084607F01BFC41EC1E0BB0EE14
:105420004E0AF0EE6E0A05F0EBFDB0EE40DAF0EE5B
:1054300060DA9FED240B53EC102B51EC1D0B07F0A1
:1054400011F941EC1C0B9FED1C0B53EC102B06F0DB
:10545000EDFE41EC190B51EC190B06F05DFD0CEE65
:10546000100AF0EE4C0AB0EE480AFFF780FBB0EEEF
:105470004F1AF0EE6F1AB0EE4A0AF0EE6A0A05F023
:10548000C9FDB0EE40CAF0EE60CAB0EE4C1AF0EEC4
:105490006C1AB0EE490AF0EE690A05F0BBFDB0EEF9
:1054A00040BAF0EE60BA51EC1B0B07F017F8BDECF8
:1054B000108B08B0BDE8F0810000000000002A4019
:1054C00060000020000000000000494010B5FFF718
:1054D000D5F810BD10B52DED028BB0EE408A9FEDD2
:1054E000240AC8EE000A9FED231A9FED230A00EE5E
:1054F000810ABCEEC00A10EE100A84B22046FFF703
:1055000042F9BDEC028B10BD10B52DED028BB0EE53
:10551000408A9FED170AC8EE000A9FED161A9FED0C
:10552000160A00EE810ABCEEC00A10EE100A84B220
:105530002046FFF730F9BDEC028B10BD10B52DED04
:10554000028BB0EE408A9FED0D0AC8EE000A9FED77
:10555000091A9FED090A00EE810ABCEEC00A10EE9E
:10556000100A84B22046FFF71EF9BDEC028B10BD75
:10557000000087430000FA440000FA430000B443EF
:105580001CB501210420FBF7A7FF00208DF80400C3
:105590004FF40070009002208DF8050001208DF876
:1055A000070069460548FBF7F9FC1CBD10B54FF430
:1055B00000710248FBF754FD10BD000000080240D6
:1055C00010B50120FBF750FC28B17220FDF757FB06
:1055D0000120FBF754FC10BD00B585B00121084641
:1055E000FBF77AFF01218803FBF7D0FF012003902E
:1055F00000208DF8100002208DF8130003A9124836
:10560000FBF7CCFC00210846FCF7CBF80120019009
:1056100000208DF8080008208DF8090001208DF881
:105620000A0001A8FBF7BAFB06208DF80000002055
:105630008DF801008DF8020001208DF80300684606
:10564000FAF73BFE05B000BD0000024010B54FF474
:1056500000712448FBF729FD4FF480612148FBF7D6
:1056600024FD10BD1CB501212020FBF735FF0120D2
:105670008DF8040000208DF8060002208DF805004A
:105680004FF4C060009069461648FBF787FC012183
:105690000846FBF721FF01208DF8040000208DF85B
:1056A000060002208DF80500C001009069460E48F2
:1056B000FBF774FCFFF7CAFF1CBD10B54FF4007177
:1056C0000848FBF7F2FC10BD10B54FF480610548A7
:1056D000FBF7EBFC10BD10B54FF480710248FBF7EF
:1056E000E4FC10BD001402400000024010B588B078
:1056F000044601210420FBF7EFFE01212020FBF7E7
:1057000045FF082206213A48FBF7D3FC082207216F
:105710003748FBF7CEFCC020069002208DF81C0015
:1057200000208DF81E0002208DF81D0001208DF84C
:105730001F0006A92E48FBF731FC47208DF8040016
:1057400001208DF8050000208DF8060001208DF85D
:10575000070001A8FAF7B1FD02940020ADF80C0093
:10576000ADF80E00ADF81000ADF814000C20ADF847
:10577000120002A91F48FCF706FF012240F2255142
:105780001C48FDF73EF801211A48FCF784FF08B0D9
:1057900010BD70B50446002510E0605D68B1615D24
:1057A0001448FCF7A3FF00BF80211248FDF74EF814
:1057B0000028F9D0681CC5B200E070BDEDE770B5F7
:1057C000044600250FE05CB121460A48FCF78EFF35
:1057D00000BF80210748FDF739F80028F9D000E024
:1057E00070BD681CC5B2032DEDDB00BFF8E70000FB
:1057F0000008024000140140704710B588B004460C
:1058000001210820FBF768FE01214804FBF7ADFEEB
:105810002020069002208DF81C008DF81D0000202D
:105820008DF81E0001208DF81F0006A9E048FBF747
:10583000B5FB4020069000208DF81F0006A9DC482B
:10584000FBF7ACFB07220521D948FBF732FC072206
:105850000621D748FBF72DFC02940020ADF80C0080
:10586000ADF80E00ADF81000ADF814000C20ADF846
:10587000120002A9CF48FCF786FE012240F2255112
:10588000CC48FCF7BEFF0121CA48FCF704FF4FF4E7
:10589000A060FAF70DFD26208DF8040000208DF899
:1058A00005008DF8060001208DF8070001A8FAF721
:1058B00004FD08B010BD70B5012424E0BE4951F8C4
:1058C0002400FFF79AFFBC4850F8240000EE100AAD
:1058D000B8EE400AB94880ED000A022500BF00205A
:1058E000B74908700321342000F007FC6420FDF75D
:1058F0006FF8B348007810B1FFF77EFF70BD6D1EE2
:10590000002DECD1641C0A2CD8DB00BFF6E710B5E3
:1059100004462046FDF75CF810BD10B500222EE0CD
:10592000362806D039280BD03C2810D03F281CD16F
:1059300014E0A34B1B7843F00103A14C23701BE040
:105940009F4B1B7843F002039D4C237014E09C4B4B
:105950001B7843F008039A4C23700DE0984B1B789A
:1059600043F00403964C237006E0954B1B7843F0FC
:105970008003934C237000BF00BF401C521C8A421E
:10598000CED310BD70B504460D4600260CE000BF16
:1059900080218848FCF75AFF0028F9D014F8011B31
:1059A0008448FCF7A3FE761CAE42F0D300BF402132
:1059B0008048FCF74BFF0028F9D070BD70B5044655
:1059C0000D4629462046FFF7DDFF70BD10B500F0FB
:1059D000C1FE4FF4E130FFF710FF5021002000F02E
:1059E00060FC784800F029F9774800F0D1FA774850
:1059F00000F07AFCFFF75FFF10BD10B540F22551B3
:105A00006C48FCF739FF58B16A48FCF773FEC4B222
:105A1000204600F088F940F225516648FCF767FF00
:105A200010BD10B504466A4801780078401C684AE9
:105A300010706848445410460078032800DA10BDFE
:105A400063480078322802DB002061490870604812
:105A5000007803281DDB5F4840780D280FD15D4892
:105A600080780A280BD15B4800785B4908703221A6
:105A7000584805F076F900205549087009E0554866
:105A80004078544908700846807848700220504990
:105A9000087000BFD3E75048007800BFFF204E4990
:105AA0000870704770B50346DFED4C0AB0EE600A2F
:105AB000434C2478002C79D0002029E000F13404F4
:105AC000474D35F9144000EE904AF8EEE00A9FED9C
:105AD000451AC0EE811AF3EE000A61EEA00A03EB4C
:105AE0008004C4ED000A00F1370435F9144000EEDB
:105AF000904AF8EEE00ADFED3B1A80EEA11ADFEDE6
:105B00003A0A61EE200A01EB8004C4ED000A401C51
:105B10000328D3DB324CB4F98040314DB5F97A50CB
:105B2000641B0A2C01DD012400E000242C4DB5F992
:105B30007A502B4EB6F98060AD1B0A2D01DD012590
:105B400000E000252C43ACB1254CB4F97A4000EEBE
:105B5000904AB8EEE01ADFED231AC1EE210A9FED5C
:105B6000231A60EE810AC2ED000AD2ED000AB0EEFF
:105B7000600A01E082ED000A012015E000F13D0419
:105B8000174D35F9144000EE904AB8EEE01ADFEDFB
:105B9000151AC1EE210A9FED151A60EE810A02EB7B
:105BA0008004C4ED000A401C0328E7DB70BD000040
:105BB000000C02400044004038CE0008B400002031
:105BC000B8000020BD5900081B5900080F590008F3
:105BD000BA00002030020020B900002000000000C0
:105BE00062030020000000470000FA440000344334
:105BF00070B503460C46FF25FF26002200BF00BFFC
:105C000009E0985C80EA0501FD48405C80EA0605F1
:105C1000FC48465C521CA242F3DB46EA052070BDFC
:105C200010B502460B460020002103E0545C0444FA
:105C3000E0B2491C9942F9D310BD014611B96FF089
:105C400005007047F04801600020FAE72DE9F84FA1
:105C500007460C4690464FF00009CA46002500262C
:105C6000A346A01D00900425A7F15000102836D2AD
:105C7000DFE800F01608190F1C1F2225282B2E35EF
:105C8000353535314FF0340903254FF0400A0126F0
:105C900027E04FF03D0903254FF02E0A012620E0B2
:105CA0004FF030091DE04FF037091AE04FF03A0984
:105CB00017E04FF0410914E04FF0450911E04FF0B3
:105CC00049090EE04FF04D090BE04FF0510908E093
:105CD0004FF0550905E0CD48D0F8009001E0BDE84F
:105CE000F88F00BFB8F1030F01D1032500265DB185
:105CF0006A00C74901EB4900594604F0EDFF294607
:105D00004846C44A126890475EB17200C04901EB30
:105D10004A00009904F0E0FF31465046BD4A12683F
:105D2000904700BFDBE72DE9FC418046B948006899
:105D300008B9BDE8FC81B84801680068401CB64A53
:105D40001060B64800F80180B548006830B10128FD
:105D500059D0022874D0032854D1BCE0AF48007851
:105D600055280CD0AC480068401EAB490860084676
:105D7000AA49491C0268481E04F0AEFFD9E7A648AC
:105D800000680B283ED30A21A448FFF749FF0746C5
:105D9000A248807AB8420CD09F480068401E9E49B5
:105DA000086008469D49491C0268481E04F094FF9B
:105DB000BFE79A4880789949C97840EA0120ADF850
:105DC0000000964800799549497940EA0120ADF8EC
:105DD0000200924880799149C97940EA0120ADF8E2
:105DE00004008E48007A8D49497A40EA0120ADF8D6
:105DF00006008A49487804226946FFF727FF0020F9
:105E0000854908606BE084480068022861D98348AE
:105E1000407803280CD080480068401E7E49086006
:105E200008467E49491C0268481E04F055FF80E779
:105E30007A488078401D78490968884201D978E716
:105E400048E075480068401E7449095C7248006863
:105E5000801E724A105C41EA00256F480088801E4F
:105E600081B21046FFF7C4FE0646B5420CD06A4820
:105E70000068401E6849086008466849491C026875
:105E8000481E04F029FF54E7644880784510002438
:105E900014E0042000EB44006049085C032101EB9E
:105EA00044015E4A515C40EA012000B2574909684A
:105EB0002144574A22F81100601C84B2AC42E8DB4E
:105EC000294652480068534A1268904700205249B8
:105ED000086004E000BF00204F49086000BF00BF19
:105EE0004D480068B0F5807F02D100204A49086023
:105EF00000BF1EE7024612B96FF00500704711B9E6
:105F00006FF00500FAE7474802604748016000204B
:105F1000F4E7014611B96FF005007047434801608E
:105F20000020FAE77CB504460D463A48006800B9FF
:105F30007CBD082D00DAFBE73948006810B3012862
:105F400021D0022802D003281FD11DE02078552837
:105F500000D0EDE7A078E17840EA0120ADF800003C
:105F60002079617940EA0120ADF80200A079E17959
:105F700040EA0120ADF80400607803226946FFF78B
:105F800065FE02E000BF00BF00BF00BF00BFCFE75B
:105F9000014611B96FF0050070471E4801600020EE
:105FA000FAE72DE9FC4105460C46902D03D36FF02E
:105FB0000500BDE8FC811A48006830B1012837D0DF
:105FC00002285FD003287AD17AE00F48006810B920
:105FD0006FF00400EDE7FF208DF80000AA208DF897
:105FE0000100E8B28DF80200E0B28DF80300201243
:105FF0008DF8040005216846034A1268904779E04D
:1060000060CE000860CF0008BC000020E000002047
:1060100062030020CC000020D80000206202002093
:10602000DC000020C0000020C4000020C8000020C8
:10603000FD48006810B96FF00400BAE7FB4800782B
:106040008DF8000006208DF80100280A8DF8020066
:10605000E8B28DF8030020128DF80400E0B28DF84C
:10606000050006216846FFF7C3FD064630128DF88D
:106070000600F0B28DF8070008216846EA4A126867
:10608000904737E0EA48006810B96FF0040090E7E5
:10609000FF208DF80000AA208DF80100E8B28DF8ED
:1060A0000200E0B28DF8030020128DF804000522F2
:1060B0006946DE480078DE4B1B6898471AE016E018
:1060C000DC48006810B96FF0040072E7E0B28DF8A8
:1060D000000020128DF80100E9B2D44A127852066D
:1060E000100E02236A46D34F3F68B84702E06FF0B4
:1060F00005005EE700BF00205BE72DE9FC41044698
:106100000D466019902803D36FF00500BDE8FC81AF
:10611000C948006830B1012824D0022857D003288C
:1061200077D177E0042D02D96FF00500EEE7BE4885
:10613000006810B96FF00400E8E7FF208DF8000058
:10614000AA208DF8010027208DF80200E0B28DF81A
:106150000300200A8DF8040005216846B24A12683F
:10616000904799E0B048006810B96FF00400CDE79F
:106170004FF6FF7000EA4506701DB0F5807F02DD26
:106180006FF00300C2E7A94800788DF800000320F3
:106190008DF80100200A8DF80200E0B28DF80300AE
:1061A000280A8DF80400E8B28DF80500062168463B
:1061B000FFF71EFD064630128DF80600F0B28DF88E
:1061C000070008216846984A1268904764E0032D4A
:1061D00002D96FF0050099E79548006810B96FF093
:1061E000040093E7FF208DF80000AA208DF801003D
:1061F00027208DF80200E0B28DF80300200A8DF808
:1062000004000522694689480078894B1B68984735
:1062100042E03EE08948006810B96FF0040075E77D
:106220004FF6FF7000EA4506B6F5807F02DD6FF09D
:1062300003006BE7E1B27D4A12785206100E334636
:106240007F4ADFF8F8C1DCF800C0E04701281FD121
:106250007C48006810B96FF0040057E7002710E091
:10626000774810F81700012101EB4701744A515C8F
:1062700040EA012000B23919734A22F81100781C53
:1062800087B2AF42ECD3294620466E4A1268904747
:1062900002E06FF0050039E700BF6C4804600020A1
:1062A00034E70246032A02D96FF0050070476248BE
:1062B00002605E4801700020654B186000BFF5E782
:1062C0000020594908605B4908605C4908605849EA
:1062D00008605C490860FF205449087000205C4950
:1062E0000860554908607047014611B96FF0050014
:1062F0007047584801600020FAE703468B4203DBF1
:10630000934201DC012070470020FCE710B54BF2FE
:1063100088516920FFF745FE10B16FF0020010BDF3
:1063200045480068012804D114204A490968884773
:1063300006E04148006818B90120464909688847C5
:1063400001210846FFF72DFE10B16FF00200E6E7CD
:106350000020E4E710B500210120FFF722FE10B174
:106360006FF0020010BD34480068012804D11420E9
:1063700038490968884706E02F48006818B90120A5
:1063800034490968884700210846FFF70AFE10B122
:106390006FF00200E6E70020E4E710B54BF2885109
:1063A0006920FFF7FEFD10B16FF0020010BD22481A
:1063B0000068012804D1142026490968884706E0AE
:1063C0001D48006818B9012022490968884707213B
:1063D0000120FFF7E6FD10B16FF00200E6E70020B4
:1063E000E4E710B54BF288516920FFF7DAFD10B1F0
:1063F0006FF0020010BD10480068012804D114207D
:1064000014490968884706E00B48006818B901205C
:1064100010490968884700210120FFF7C2FDD8B163
:106420006FF00200E6E70000BC000020D40000206E
:10643000C8000020C0000020DC000020C4000020B4
:1064400062020020CC00002062030020E000002057
:10645000D8000020D00000200020CBE710B5044673
:106460000722012120B2FFF748FF10B96FF00500A5
:1064700010BD4BF288516920FFF793FD10B16FF00A
:106480000200F5E7B1480068012804D11420B049A2
:106490000968884706E0AD48006818B90120AC4992
:1064A00009688847A1B20420FFF77BFD10B16FF0A7
:1064B0000200DDE70020DBE710B504460E220021D4
:1064C00020B2FFF71AFF10B96FF0050010BD4BF2B4
:1064D00088516920FFF765FD10B16FF00200F5E704
:1064E0009A480068012804D114209949096888470E
:1064F00006E09648006818B9012095490968884760
:10650000A1B20420FFF74DFD10B16FF00200DDE7EE
:106510000020DBE710B504460622002120B2FFF779
:10652000ECFE10B96FF0050010BD4BF288516920E8
:10653000FFF737FD10B16FF00200F5E78348006800
:10654000012804D1142082490968884706E07F4861
:10655000006818B901207E4909688847A1B21F2048
:10656000FFF71FFD10B16FF00200DDE70020DBE751
:1065700010B504460D22012120B2FFF7BEFE10B96E
:106580006FF0050010BD4BF288516920FFF709FD3F
:1065900010B16FF00200F5E76C480068012804D1E3
:1065A00014206B490968884706E06848006818B9F4
:1065B0000120674909688847A1B20320FFF7F1FC71
:1065C00010B16FF00200DDE70020DBE710B50446F4
:1065D00040F6FF72012120B2FFF78FFE10B96FF075
:1065E000050010BD4BF288516920FFF7DAFC10B1AD
:1065F0006FF00200F5E755480068012804D1142027
:1066000053490968884706E05048006818B90120D6
:106610004F4909688847A1B20220FFF7C2FC10B1B8
:106620006FF00200DDE70020DBE710B54BF2885188
:106630006920FFF7B6FC10B16FF0020010BD4348AF
:106640000068012804D1142041490968884706E000
:106650003E48006818B901203D4909688847002173
:106660007620FFF79EFC10B16FF00200E6E70020F5
:10667000E4E710B54BF288516920FFF792FC10B1A6
:106680006FF0020010BD31480068012804D11420C9
:106690002F490968884706E02C48006818B901208E
:1066A0002B490968884701210020FFF77AFC10B1C7
:1066B0006FF00200E6E70020E4E710B54BF28851E6
:1066C0006920FFF76EFC10B16FF0020010BD1F488B
:1066D0000068012804D114201D490968884706E094
:1066E0001A48006818B90120194909688847082123
:1066F0000220FFF756FC10B16FF00200E6E7002021
:10670000E4E710B54BF288516920FFF74AFC10B15D
:106710006FF0020010BD0D480068012804D114205C
:106720000B490968884706E00848006818B9012045
:1067300007490968884707210320FFF732FC10B199
:106740006FF00200E6E70020E4E70000DC00002034
:10675000D000002000B58BB001210220FAF705FF20
:1067600001210846FAF7B8FE4020099002208DF872
:1067700028008DF8290000208DF82A008DF82B00C4
:1067800009A91948FAF70AFC022206211648FAF765
:1067900090FC0020ADF82000ADF81A0040F2CF7058
:1067A00007905320ADF8180000208DF8220006A9AC
:1067B0000E48FBF7DCF86020ADF804000120ADF8CE
:1067C000060000200390ADF8100001A90748FBF770
:1067D00063F901210548FBF753F900210348FBF752
:1067E000B4FA0BB000BD00000000024000040040FD
:1067F0001CB501212020FAF76FFE01208DF804005E
:106800008DF8060002208DF8050000906946FE48CC
:10681000FAF7C4FB012000906946FB48FAF7BEFB7B
:1068200001220221F848FAF739FC01221146F64804
:10683000FAF734FC1CBD10B501221146F248FAF7F4
:106840002DFC0520FCF77CF801220221EE48FAF726
:1068500025FC0520FCF774F800220121EA48FAF72C
:106860001DFC0520FCF76CF800220221E648FAF72F
:1068700015FC0520FCF764F810BD10B500220121BD
:10688000E148FAF70BFC0520FCF75AF80122022137
:10689000DD48FAF703FC0520FCF752F80122114607
:1068A000D948FAF7FBFB0520FCF74AF810BD70B594
:1068B000054600241CE08020204100EA0502012159
:1068C000D148FAF7EBFB0520FCF73AF80122022148
:1068D000CD48FAF7E3FB0520FCF732F8002202214D
:1068E000C948FAF7DBFB0520FCF72AF8601CC4B2A4
:1068F000082CE0DB01220221C348FAF7CFFB052078
:10690000FCF71EF800220221BF48FAF7C7FB70BD52
:1069100010B50446FFF78FFF7820FFF7C8FF00206F
:10692000FFF7C5FF2046FFF7C2FFFFF7A6FF10BD28
:1069300010B50446FFF77FFF7820FFF7B8FF40202F
:10694000FFF7B5FF2046FFF7B2FFFFF796FF10BD38
:1069500070B505460C4645F0B000FFF7D9FF102191
:1069600041EA1410FFF7D4FF04F00F00FFF7D0FF47
:1069700070BD70B500240EE000212046FFF7E8FF4F
:10698000002504E00020FFF7D3FF681CC5B2802D6E
:10699000F8DB601CC4B2082CEEDB70BD2DE9F041C1
:1069A00005460E461746721ED206110E6A1E520684
:1069B000100EFFF7CDFF002409E0A7F12001934A54
:1069C00002EB0111085DFFF7B3FF601CC4B2082C95
:1069D000F3DB721ED206110E6A1E012303EB420284
:1069E000D0B2FFF7B5FF00240BE0A7F12001874AE2
:1069F00002EB011204F10801505CFFF799FF601CE3
:106A0000C4B2082CF1DBBDE8F0812DE9F041074666
:106A10000E461546002407E02A5D3019C1B23846FB
:106A2000FFF7BCFF601CC4B2285D0028F4D1BDE8AC
:106A3000F08110B50246012000E050430B1EA1F189
:106A40000101FAD110BD2DE9F04780460E461746E8
:106A50001D46002415E0281B411E0A20FFF7E9FF10
:106A6000B7FBF0F00A21B0FBF1F201FB120000F1DC
:106A700030093019C1B24A464046FFF78FFF601C0B
:106A8000C4B2AC42E7DBBDE8F0872DE9F0478146B0
:106A9000884615461E46002D06DB2B2241464846F9
:106AA000FFF77CFF2F4605E02D2241464846FFF7C1
:106AB00075FF6F42002417E0301B411E0A20FFF7CC
:106AC000B8FFB7FBF0F00A21B0FBF1F201FB1200B6
:106AD00000F1300A08EB0400401CC1B2524648469F
:106AE000FFF75CFF601CC4B2B442E5DBBDE8F08791
:106AF0002DE9F04781460E4690461F4600241DE0D2
:106B0000381B411E1020FFF794FFB8FBF0F000F097
:106B10000F050A2D08DA05F13000C2B23019C1B2F2
:106B20004846FFF73BFF07E005F13700C2B23019D6
:106B3000C1B24846FFF732FF601CC4B2BC42DFDB83
:106B4000BDE8F0872DE9F04780460E4617461D4602
:106B5000002412E0281B411E0220FFF76AFFB7FB4A
:106B6000F0F000F0010000F130093019C1B24A46DE
:106B70004046FFF713FF601CC4B2AC42EADBBDE83D
:106B8000F08770B5002406E0002500E06D1CB5F527
:106B9000FA7FFBD3641CB4F5FA7FF5D3FFF728FE28
:106BA000AE20FFF7B5FED520FFF7B2FE8020FFF73D
:106BB000AFFEA820FFF7ACFE3F20FFF7A9FED320D1
:106BC000FFF7A6FE0020FFF7A3FE4020FFF7A0FE80
:106BD000A120FFF79DFEC820FFF79AFEDA20FFF7FD
:106BE00097FE1220FFF794FE8120FFF791FECF2041
:106BF000FFF78EFED920FFF78BFEF120FFF788FE0E
:106C0000DB20FFF785FE03E00014024060D000089F
:106C10003020FFF77DFEA420FFF77AFEA620FFF7C5
:106C200077FE8D20FFF774FE1420FFF771FEAF2072
:106C3000FFF76EFEFFF79DFE00F002F870BD00004A
:106C40001FB501210820FAF790FC0020ADF80C00D8
:106C5000ADF806004CF24F30029040F24730ADF8EC
:106C6000040000208DF80E0001A90F48FAF77FFEFE
:106C700001210D48FBF730FB012211460A48FBF7C2
:106C800017FB4FF4A060F9F713FB32208DF80000DA
:106C900001208DF8030003208DF801008DF802001B
:106CA0006846F9F70AFB1FBD000C004010B588B01C
:106CB000044601210420FAF70FFC01210805FAF728
:106CC00054FC01210820FAF707FC08220C21AD48EA
:106CD000FAF7EFF908220221AB48FAF7EAF94FF484
:106CE0008050069002208DF81C0000208DF81E00B8
:106CF00002208DF81D0001208DF81F0006A9A14873
:106D0000FAF74CF90420069006A99F48FAF746F9CD
:106D100035208DF8040001208DF8050000208DF845
:106D2000060001208DF8070001A8F9F7C6FA0294C1
:106D30000020ADF80C00ADF80E00ADF81000ADF875
:106D400014000C20ADF8120002A99048FBF71BFCC0
:106D5000012240F225518D48FBF753FD01218B485C
:106D6000FBF799FC08B010BD70B505460E4600242F
:106D70000CE000BF80218548FBF768FD0028F9D0B2
:106D8000295D8248FBF7B2FC601C84B2B442F0DBA0
:106D900000BF40217D48FBF759FD0028F9D070BDA8
:106DA00010B540F225517948FBF766FD002871D0F7
:106DB0007648FBF79FFCC4B27548008800F4004099
:106DC000002878D17348007868B9042C0BD10120D1
:106DD00070490870704801780078401C6E4A107045
:106DE0006E4844547DE06B48007801280DD1052C95
:106DF0000BD1022067490870674801780078401C71
:106E0000654A1070654844546BE062480078022877
:106E100012D1614801780078401C5F4A10705F48C9
:106E200044541046007809285BDB03205949087058
:106E300001205B49087054E056480078032821D1AE
:106E400055480078401E5549085C062849D1002263
:106E500040F225514D48FBF7D4FC5148007818B159
:106E600006214E48FFF780FF00204D4908704A492F
:106E7000087048490870012240F225514348FBF749
:106E8000C0FC2EE000204349087043490870454982
:106E900008600BE026E00EE000214048414A1268FD
:106EA000815440480068401C3E4908603D480068E5
:106EB0000928F1DB15E000203649087036490870D2
:106EC0003849086009E000213448364A1268815484
:106ED00034480068401C334908603248006809287B
:106EE000F1DB00BF10BD10B504460BE000BF8021F0
:106EF0002648FBF7ABFC0028F9D021782348FBF7A4
:106F0000F5FB641C20780028F0D110BD10B526A038
:106F1000FFF7E9FF4FF47A70FBF75AFD28A0FFF75F
:106F2000E2FF4FF47A70FBF753FD29A0FFF7DBFF78
:106F30004FF47A70FBF74CFD28A0FFF7D4FF10BD8B
:106F40001CB57220FBF79BFE4FF4FA70FBF783FD34
:106F500031208DF8000032208DF8010033208DF8AB
:106F600002002B208DF8030033208DF8040032201E
:106F70008DF8050031208DF8060007216846FBF7E3
:106F80008CFE1CBD00080240000C02400050004076
:106F9000E8000020E5000020E4000020820400203A
:106FA000E6000020EC00002041542B4E414D453DB1
:106FB00053544D33325F4D61737465720D0A000096
:106FC00041542B505357443D313233340D0A0000A5
:106FD00041542B524F4C453D310D0A0041542B4238
:106FE000494E443D39383A44413A32303A30373AE2
:106FF00036443A46350D0A001FB5FBF774FE3120C2
:10700000FBF73DFE29E0FBF76EFE012825D1F8488D
:107010008079A0F13001F6484079A0F13002F448BF
:107020000079A0F13003F24880783038CDE90132A0
:1070300003910090EE484078A0F13003EC480078CE
:10704000A0F13002EBA1F14803F0C2FDEF48FEF7DA
:10705000A0FBFF20FEF7B3FB00E0D4E700BFE4484D
:1070600000783038EA490860E148407830384860B4
:10707000DF48807830388860DD4800793038C86073
:10708000DB48407930380861D94880793038486128
:10709000DFEDE00A9FEDE00AFDF77CFD0021DF480F
:1070A000FAF753FE1FBD10B50EE0FEF714FB4FF4C8
:1070B000FA70FBF7D0FCCE480078392804D1CC48D0
:1070C0004078382800D100E0EFE700BF09E0FEF784
:1070D00002FB3220FBF7BFFCD1A201210C20FFF7FD
:1070E00094FCFEF763FA0128F1D09FEDCE0ACE485A
:1070F00080ED050AFFF799FA10BD08B501209FED54
:10710000CB0A4FF496730022114600906FF01D00D9
:10711000FDF73FF8F2EE0A1A9FEDC51AC8234FF4A7
:107120007A72DFEDC00A194610469FEDBE0AFDF7E0
:10713000A6FDB4210846DFEDBF0A9FEDBF0AFCF7AC
:10714000C8FC9FEDB80AB84880ED050A00209FED05
:10715000B50A40F21453024601460090FDF719F8B3
:1071600003209FEDB00A4FF47A730022114600907D
:107170001046FDF70EF8C8210846DFEDB00A9FED76
:10718000AE0AFCF7A6FC96210846DFEDA60A9FEDA5
:10719000AC0AFCF7BCFC03F0A7FC08BD10B52DED54
:1071A000028B82B019E042F21071392003F08BFC9F
:1071B000022003F02FFB9621B420A24AD2ED000A50
:1071C000A14A92ED000AFDF77CF9C820FBF743FCC9
:1071D0008748007A342800D000E0E4E700BF0420AC
:1071E0009FED920A4FF47A730022114600901046E8
:1071F000FCF7CFFF42F21071392003F064FC02204B
:1072000003F008FB7A48007A342808D1322146205E
:10721000DFED840A9FED830AFDF753F909E096211B
:10722000B420884AD2ED000A874A92ED000AFDF7A1
:1072300048F9FDF7CDFCF2EE0A1A9FED7D1AC8233E
:107240004FF47A72DFED770A194610469FED750A02
:10725000FDF715FDF2EE0A1A9FED751AC8234FF4DB
:107260007A72F3EE0E0A194610469FED6E0AFDF78C
:1072700006FDFDF7B5FC6649C86801F078FEDFED54
:10728000730A9FED730AFDF785FCF0224FF4FA6153
:107290000020FCF783FDB0EE408AF0EE608A51ECEE
:1072A000180B05F01BF90446FBF7D5FBDFED590A77
:1072B0009FED680AFDF79CFCF0224FF4FA61002074
:1072C000FCF76CFDB0EE408AF0EE608A51EC180BD2
:1072D00005F004F90446FBF7BEFBF2EE0A1A9FED37
:1072E000541AC8234FF47A72F3EE0E0A1946104668
:1072F0009FED4C0AFDF7C3FCFDF772FC4449086999
:1073000001F035FEDFED430A9FED530AFDF770FCF7
:10731000F0224FF4FA610020FCF740FDB0EE408A05
:10732000F0EE608A51EC180B05F0D8F80446FBF734
:1073300092FBF2EE0A1A9FED3E1AC8234FF47A72BE
:10734000F3EE0E0A194610469FED360AFDF797FC3C
:10735000FDF746FC2E49486901F009FEDFED2D0AD4
:10736000B3EE040AFDF744FC02B0BDEC028B10BD85
:1073700038B5044601209FED390A4FF49673002278
:10738000114600906FF01D00FCF703FF03209FEDF6
:10739000330A4FF4FA730022114600901046FCF7AE
:1073A000F8FEB4210846DFED2E0A9FED230AFCF714
:1073B00090FB6420FBF74FFB9FED1A0A1A4880ED03
:1073C000050A00209FED190A4FF47A730246014620
:1073D0000090FCF7DEFE9621B420DFED220A9FED3F
:1073E000110AFCF776FBFA210C48FAF7AEFC38BD1F
:1073F0009901002074302E7478743D222564256430
:1074000025642B256425642564202200980400202F
:107410000C050020000096430000204200040040BC
:107420004F4B0000000000000C0200200000B4429E
:1074300000008C420080544400000C430080E4446F
:1074400000002AC37401002070010020000048439E
:107450000000344200000F4300008143000034C3A9
:1074600000804A4400C0464430B52DED028B81B007
:107470000446F2EE0A1A9FEDFE1AC8234FF47A7200
:107480005FED180A194610469FEDFA0AFDF7F7FB63
:1074900016E042F21071372003F015FB022002F0D3
:1074A0007EFE9621B420F44AD2ED000AF34A92ED12
:1074B000000AFDF706F8F248007A342800D000E010
:1074C000E7E700BF04201FED1B0A4FF47A73002288
:1074D000114600901046FCF75CFEC820FBF7BBFA93
:1074E00042F21071382003F0EEFA022002F0B6FFEB
:1074F000E348007A342808D1322146205FED370A6C
:107500001FED380AFCF7DDFF09E064218220DA4A2A
:10751000D2ED000AD94A92ED000AFCF7D2FFFDF73E
:1075200057FBF2EE0A1A1FED3E1AC8234FF47A7287
:10753000F3EE040A194610461FED460AFDF79FFBBD
:10754000F2EE0A1A1FED461AC8234FF47A72DFEDE5
:10755000CD0A194610461FED4D0AFDF790FBFDF7C9
:107560003FFB04EB4401C84A52F8210001F0DFFB65
:107570005FED580A1FED490AFDF73AFBF0224FF480
:10758000FA611420FCF70AFCB0EE408AF0EE608A43
:1075900051EC180B04F0A2FF0546FBF75CFAF2EE83
:1075A0000A1A1FED5D1AC8234FF47A72F3EE040A2B
:1075B000194610461FED650AFDF761FBF2EE0A1A47
:1075C0001FED651AC8234FF47A72DFEDAE0A194633
:1075D00010461FED6C0AFDF752FBFDF701FB04EBB3
:1075E0004401491CA84A52F8210001F0A0FB5FEDBC
:1075F000770A1FED670AFDF7FBFAF0224FF4FA61F4
:107600001420FCF7CBFBB0EE408AF0EE608A51EC20
:10761000180B04F063FF0546FBF71DFAF2EE0A1A99
:107620001FED7D1AC8234FF47A72F3EE040A19464F
:1076300010461FED840AFDF722FBF2EE0A1A1FED39
:10764000841AC8234FF47A72DFED8E0A1946104669
:107650001FED8C0AFDF713FBFDF7C2FA04EB4401A2
:10766000891C894A52F8210001F061FB5FED970AFD
:10767000B3EE040AFDF7BCFAFDF7AAFAF0224FF4C4
:10768000FA614620FCF78AFBB0EE408AF0EE608A91
:1076900051EC180B04F022FF0546FBF7DCF95FED17
:1076A000A30AB3EE040AFDF7A3FAFDF791FA04EB7F
:1076B0004401754A52F8210001F048FC5FEDAB0A25
:1076C0001FED9C0AFDF794FA04EB4401491C6E4A35
:1076D00052F8210001F03AFC5FEDB20A1FEDA20A58
:1076E000FDF786FA04EB4401891C674A52F8210031
:1076F00001F02CFC5FEDB90AB3EE040AFDF778FA4D
:10770000F2EE0A1A9FED5A1AC8234FF47A725FED0F
:10771000BB0A194610469FED570AFDF7B0FA01B0B3
:10772000BDEC028B30BD08B501201FEDC20A4FF43D
:10773000C8730022114600906FF01D00FCF729FD70
:10774000C820FBF788F9C821B420DFED500A1FEDEF
:10775000CB0AFCF7BEF91FEDCD0A4D4880ED050AB6
:1077600000201FEDCE0A4FF47A73024601460090C6
:10777000FCF70FFD03201FEDD30A4FF47A730022AC
:10778000114600901046FCF704FDC8210846DFEDC5
:10779000410A1FEDDC0AFCF79CF91FEDDE0A3C48AC
:1077A00080ED050A00201FEDD30A4FF47A730246DC
:1077B00001460090FCF7EDFC64213748FAF7C5FA62
:1077C00003201FEDDA0A4FF47A730022114600906D
:1077D0001046FCF7DEFC08BD10B51DE004E0FBF729
:1077E00082FA012800D100E0F9E700BF02F08CFF27
:1077F00050216420204AD2ED000A204A92ED000A6E
:10780000FCF75FFE1E48007A342800D005E043F6FE
:107810009821612003F057F9E0E700BFF2EE041A67
:107820009FED1E1AC8234FF4FA62DFED1D0A1946B8
:1078300050109FED1C0AFDF722FA44F62061342017
:1078400003F041F90E4800783038174908600C48B9
:107850004078303848600A48807830388860086856
:1078600001F093FCF2EE0A1A9FED101AC8231FE0F4
:107870000000774300008CC27401002070010020DA
:107880009901002000000C420C0500200000C843B4
:107890000C0200200080D4C40004004000007443A7
:1078A000000000000000AA422405002000008C42D5
:1078B0004FF4FA625FED060A194650101FED080AF0
:1078C000FDF7DDF9DFEDFE0A9FEDFE0AFDF790F909
:1078D000FD49486801F0D1FD47F23051622003F0C4
:1078E000F2F808E0F9480078392804D1F7484078E0
:1078F000382800D100E0F5E700BF3020F3490870D8
:107900004870F149486801F05FFEDFEDED0A9FED38
:10791000F00AFDF76DF9EC49886801F0AEFD47F219
:107920003051632003F0CFF808E0E84800783928A8
:1079300004D1E6484078382800D100E0F5E700BFE0
:107940003020E24908704870DF49886801F03CFE49
:107950000021E048FAF7F9F9DFEDDF0A9FEDDF0AD1
:10796000FDF718F9F2EE0A1A1FED3F1AC8234FF47B
:107970007A725FED350A194610461FED420AFDF78F
:107980007EF9DFEDCF0AB3EE040AFDF731F910BD41
:1079900008B501209FEDD20A4FF4967300221146DC
:1079A00000906FF01D00FCF7F4FB6420FBF753F828
:1079B000B4210846DFEDCB0A1FED470AFCF789F832
:1079C0001FED490AC84880ED050A00201FED4C0A4A
:1079D0004FF47A73024601460090FCF7DAFBB421BB
:1079E0000846DFEDC20A1FED520AFCF772F8F2EE0C
:1079F0000A1A1FED611AC8234FF4FA625FED580AA4
:107A0000194650101FED590AFDF75FFB01201FEDCD
:107A10005C0A4FF496730022114600901046FCF762
:107A2000B8FB4FF49671AB48FAF78FF9FBF75BF9A7
:107A30006120FBF724F96420FBF70DF808BD10B5B1
:107A40002DED028B82B016E043F69821372003F02B
:107A50003AF8022002F0A3FB9621B420A44AD2ED0A
:107A6000000AA44A92ED000AFCF72BFD9748007A21
:107A7000342800D000E0E7E700BF04209FED980A1B
:107A80004FF47A730022114600901046FCF781FBF8
:107A900042F21071382003F016F8022002F0DEFCEA
:107AA0008A48007A342808D1322146205FED840AC2
:107AB0001FED850AFCF705FD09E0642182208C4A50
:107AC000D2ED000A8B4A92ED000AFCF7FAFCFDF7B2
:107AD0007FF8F2EE0A1A1FED8B1AC8234FF47A7260
:107AE0005FED910A194610461FED930AFDF7C7F89E
:107AF000F2EE0A1A1FED931AC8234FF47A725FED63
:107B00009F0A194610461FED9A0AFDF7B8F8FDF7CF
:107B100067F87949086801F00AF9DFED690A9FED15
:107B2000770AFDF765F8F0224FF4FA610020FCF7C0
:107B300035F9B0EE408AF0EE608A51EC180B04F093
:107B4000CDFC0446FAF787FFF2EE0A1A1FEDA91AD8
:107B5000C8234FF47A725FEDAE0A194610461FED46
:107B6000B00AFDF78CF8F2EE0A1A1FEDB01AC8231E
:107B70004FF47A725FEDBD0A194610461FEDB80A40
:107B8000FDF77DF8FDF72CF85B49486801F0CFF868
:107B9000DFED4B0A9FED4E0AFDF72AF8F0224FF475
:107BA000FA610020FCF7FAF8B0EE408AF0EE608A45
:107BB00051EC180B04F092FC0446FAF74CFFF2EE7D
:107BC0000A1A1FEDC61AC8234FF47A725FEDCC0A69
:107BD000194610461FEDCE0AFDF751F8F2EE0A1ACB
:107BE0001FEDCE1AC8234FF47A725FEDDA0A1946F8
:107BF00010461FEDD50AFDF742F8FCF7F1FF3E49AC
:107C0000886801F094F8DFED2E0AB3EE040AFCF761
:107C1000EFFFFCF7DDFFF0224FF4FA610020FCF7E4
:107C2000BDF8B0EE408AF0EE608A51EC180B04F01B
:107C300055FC0446FAF70FFFF2EE0A1A1FEDF41A8C
:107C4000C8234FF47A725FEDEA0A19461046BBEE7C
:107C50000E0AFDF714F802B0BDEC028B10BD10B592
:107C60001DE004E0FBF73FF8012800D100E0F9E750
:107C700000BF02F049FD502164201D4AD2ED000AE8
:107C80001C4A92ED000AFCF71CFC1048007A3428CC
:107C900000D005E043F69821322002F014FFE0E71F
:107CA00000BF44F62061332002F00DFF0748007842
:107CB00030380549086005484078303848601FE092
:107CC0000000964300001043240500209901002085
:107CD000000081430004004000004843000034429B
:107CE0000000B442008054440C0200200000B9435C
:107CF00074010020700100200C05002000000F43DB
:107D0000FD48807830388860086801F03EFAF2EE6D
:107D1000081A9FEDFA1AF5234FF4FA62DFEDF80A1C
:107D2000C82150109FEDF60AFCF7A9FF5FED1C0A71
:107D30001FED1C0AFCF75CFFF249486801F09DFB4F
:107D400047F23051352002F0BEFE08E0EA480078E4
:107D5000392804D1E8484078382800D100E0F5E718
:107D600000BF3020E44908704870E649486801F0D7
:107D70002BFC5FED2D0A1FED2A0AFCF739FFE149C4
:107D8000886801F07AFB47F23051362002F09BFE02
:107D900008E0D9480078392804D1D74840783828F5
:107DA00000D100E0F5E700BF3020D34908704870EB
:107DB000D449886801F008FC0021D348F9F7C5FFD1
:107DC0005FED3B0A1FED3B0AFCF7E4FEF2EE0A1AF8
:107DD0009FEDCE1AC8234FF47A72DFEDC90A194617
:107DE00010469FEDCB0AFCF74AFF5FED4B0AB3EE5E
:107DF000040AFCF7FDFE10BD1FB5FAF774FF312031
:107E0000FAF73DFFB4210846DFEDBD0A9FEDC10A38
:107E1000FBF77DFEC8210846DFEDBF0A9FEDB80ADB
:107E2000FBF757FE2AE0FAF75EFF012826D1B24899
:107E30008079A0F13001B0484079A0F13002AE481D
:107E40000079A0F13003AC4880783038CDE90132B8
:107E500003910090A8484078A0F13003A64800782C
:107E6000A0F13002AFF67421AC4802F0B1FEAB488D
:107E7000FDF78FFCFF20FDF7A2FC00E0D3E700BF79
:107E80009D4800783038A64908609B4840783038D3
:107E90004860994880783038886097480079303851
:107EA000C860954840793038086193488079303807
:107EB00048615FED7D0A9FED9B0AFCF76BFEF2EED9
:107EC0000A1A9FED921AF5234FF4FA62DFED8C0A3D
:107ED000C82150109FED8A0AFCF7D1FE4FF4C871FB
:107EE0008948F9F732FFFAF7FEFE3220FAF7C7FEAB
:107EF000C821B420DFED8C0A9FED810AFBF7E9FD74
:107F0000F2EE0A1A9FED811AF5234FF4FA62DFEDC3
:107F10007C0AC82150109FED850AFCF7B0FE1FBDFA
:107F200010B502F067F8FFF7BEF8FFF765FFFFF73F
:107F300096FEFFF7F8FB0020FFF796FA0020FFF708
:107F400017FAFFF77CFDFFF723FDFFF745FCFFF76E
:107F5000EAFB0120FFF788FA0120FFF709FAFFF793
:107F60001DF9FFF7CAF802F045F8FFF79CF8FFF794
:107F700043F8F2EE0A1A9FED651AC8234FF47A729D
:107F8000DFED5F0A194610469FED610AFCF777FEA8
:107F900002F0AAFDF2EE0A1A9FED651AC8234FF40B
:107FA0007A72DFED570A194610469FED620AFCF718
:107FB00066FE02F099FD002010BD10B50AE0FDF745
:107FC0008AFB3220FAF747FDAFF6AC3201210C20D4
:107FD000FEF71BFDFDF7EAFA0128F0D09FED480AF5
:107FE000554880ED050AFEF720FB10BD10B553A1E2
:107FF0004A4802F0EDFD4948FDF7CBFBFF20FDF7B5
:10800000DEFB10BD10B52DED028B82B001F0F2FF4A
:10801000FFF749F8FEF7F0FFF2EE0A1A9FED3B1A60
:10802000C8234FF47A72DFED360A194610469FEDE9
:10803000380AFCF724FEFAF756FE3220FAF71FFE44
:10804000F2EE0A1A9FED311AC8234FF47A72DFED6F
:108050002C0A194610469FED2E0AFCF710FE16E07A
:1080600042F21071372002F02EFD022002F097F844
:108070009621B420344AD2ED000A344A92ED000A27
:10808000FCF71FFA1C48007A342800D000E0E7E72C
:1080900000BF04209FED1A0A4FF47A7300221146A4
:1080A00000901046FCF775F84FF4FA70FAF7D3FC1D
:1080B00042F21071382002F006FD022002F0CEF9E3
:1080C0000D48007A342808D132214620DFED0C0A11
:1080D0009FED0B0AFCF7F5F909E0642182201A4AAA
:1080E000D2ED000A194A92ED000AFCF7EAF9FCF712
:1080F0006FFDF2EE0A1A2BE09901002000008C427D
:108100000000000024050020000400400000774328
:1081100000008CC200001643008004C498040020B4
:108120000C05002000002042000061C40000AA42AB
:1081300000C085430000C4420C02002074302E743D
:1081400078743D222020220074010020700100205C
:108150001FED161AC8234FF47A72F3EE040A19467B
:1081600010461FED190AFCF78AFDF2EE0A1A1FED00
:108170001D1AC8234FF47A72DFEDFD0A1946104626
:108180001FED210AFCF77BFDFCF72AFDF949086881
:1081900000F0CDFDDFEDF80A9FEDF80AFCF728FDB1
:1081A000F0224FF4FA611420FBF7F8FDB0EE408A9C
:1081B000F0EE608A51EC180B04F090F90446FAF7DF
:1081C0004AFCF2EE0A1A1FED331AC8234FF47A72F2
:1081D000F3EE040A194610461FED370AFCF74FFD6F
:1081E000F2EE0A1A1FED3B1AC8234FF47A72DFED44
:1081F000E00A194610461FED3E0AFCF740FDFCF769
:10820000EFFCDC49486800F092FDDFEDDB0A9FEDF2
:10821000DC0AFCF7EDFCF0224FF4FA611420FBF7C6
:10822000BDFDB0EE408AF0EE608A51EC180B04F010
:1082300055F90446FAF70FFCF2EE0A1A1FED511A2F
:10824000C8234FF47A72F3EE040A194610461FED64
:10825000540AFCF714FDF2EE0A1A1FED581AC8234F
:108260004FF47A72DFEDC20A194610461FED5C0A20
:10827000FCF705FDFCF7B4FCBE49886800F057FD2B
:10828000DFEDBD0AB3EE040AFCF7B2FCFCF7A0FC7C
:1082900002F02AFC02B0BDEC028B10BD10B501F05B
:1082A000A9FEFEF700FFFEF7A7FEF2EE0A1A1FED89
:1082B000691AC8234FF47A725FED6F0A19461046A7
:1082C0001FED6D0AFCF7DBFCFAF70DFD3220FAF723
:1082D000D6FC1DE004E0FAF706FD012800D100E01D
:1082E000F9E700BF02F010FA50216420A54AD2ED50
:1082F000000AA54A92ED000AFCF7E3F8A348007AC9
:10830000342800D005E043F69821322002F0DBFB50
:10831000E0E700BF44F62061332002F0D4FB9B4825
:10832000007830389A49086098484078303848607A
:108330009648807830388860086800F026FFF2EEB2
:10834000081A1FED921AF5234FF4FA625FED940AB2
:10835000C82150101FED960AFCF791FCDFED860A4C
:108360009FED8C0AFCF744FC8949486801F085F8C8
:1083700047F23051352002F0A6FB08E08348007830
:10838000392804D181484078382800D100E0F5E749
:1083900000BF30207D49087048707D49486801F071
:1083A00013F9DFED750A9FED760AFCF721FC784999
:1083B000886801F062F847F23051362002F083FB02
:1083C00008E072480078392804D17048407838288D
:1083D00000D100E0F5E700BF30206C49087048701C
:1083E0006B49886801F0F0F800216B48F9F7ADFCA3
:1083F000DFED6A0A9FED6A0AFCF7CCFBF2EE0A1A7F
:108400001FEDBE1AC8234FF47A725FEDC30A1946F6
:1084100010461FEDC10AFCF732FCDFED570AB3EE40
:10842000040AFCF7E5FB02F05FFB10BD10B52DED73
:10843000028B82B001F0DEFDFEF735FEFEF7DCFDBB
:10844000F2EE0A1A1FEDCF1AC8234FF47A725FEDCD
:10845000D40A194610461FEDD20AFCF710FC19E0A9
:1084600042F21071392002F02EFB022002F0D2F904
:108470009621B420434AD2ED000A434A92ED000A05
:10848000FCF71FF8C820FAF7E6FA4048007A3428CB
:1084900000D000E0E4E700BF04201FEDE70A4FF43E
:1084A0007A730022114600901046FBF772FE42F2EA
:1084B0001071392002F007FB022002F0ABF93348BB
:1084C000007A342808D1322146205FEDF30A1FEDEF
:1084D000F40AFBF7F6FF09E09621B420294AD2ED11
:1084E000000A294A92ED000AFBF7EBFF02F0FCFAC2
:1084F000FCF76EFBF2EE0A1A9FED2A1AC8234FF41E
:108500007A72DFED290A194610469FED270AFCF71B
:10851000B6FBF2EE0A1A9FED231AC8234FF47A72C3
:10852000F3EE0E0A194610469FED1F0AFCF7A7FB53
:10853000FCF756FB0F49C86800F019FDDFED170A7C
:108540009FED170AFCF726FBF0224FF4FA6100209A
:10855000FBF724FCB0EE408AF0EE608A51EC180B79
:1085600003F0BCFF0446FAF776FADFED030A1DE0DC
:1085700000000C420C0500200000964300000F4351
:108580000000814374010020700100209901002047
:108590002405002000001043000400400000484370
:1085A0000000344200008C42000000001FED0D0A64
:1085B000FCF71EFBF0224FF4FA610020FBF7EEFB04
:1085C000B0EE408AF0EE608A51EC180B03F086FFA3
:1085D0000446FAF740FAF2EE0A1A1FED0E1AC82303
:1085E0004FF47A72F3EE0E0A194610461FED120A86
:1085F000FCF745FBFCF7F4FA2849086900F0B7FCE2
:108600005FED230A1FED220AFCF7F2FAF0224FF485
:10861000FA610020FBF7C2FBB0EE408AF0EE608A00
:1086200051EC180B03F05AFF0446FAF714FAF2EE75
:108630000A1A1FED241AC8234FF47A72F3EE0E0AB9
:10864000194610461FED280AFCF719FBFCF7C8FA7B
:108650001249486900F08BFC5FED390AB3EE040A59
:10866000FCF7C6FA02F040FA02B0BDEC028B10BD76
:1086700070B504460D4601F0BDFCFFF79EFC29468F
:10868000204600F023F90421032000F01FF9052102
:10869000042000F01BF902F027FA70BD0C05002041
:1086A000704700BFFEE700BFFEE700BFFEE700BF68
:1086B000FEE7704770477047704700000CB5002018
:1086C000019000907648006840F48030744908605A
:1086D00000BF7348006800F4003000900198401C0F
:1086E0000190009818B90198B0F5A04FF1D16C48ED
:1086F000006800F4003010B10120009001E000207B
:1087000000900098012846D165484030006840F04C
:1087100080506349403108606248006840F440403E
:10872000604908605E48083000685D4908310860AB
:108730000846006840F4004008600846006840F4BD
:10874000A05008605848091F0860081F006840F0E2
:108750008070091F086000BF5148006800F0007079
:108760000028F9D040F20570504908604C480830A4
:10877000006820F003004A49083108600846006894
:1087800040F00200086000BF45480830006800F073
:108790000C000828F8D10CBD10B54548006840F41D
:1087A0007000434908603E48006840F001003C49C1
:1087B000086000203A4908310860394800683D499E
:1087C0000840374908603C48091D0860081F0068D8
:1087D00020F48020091F0860002031490C31086016
:1087E000FFF76CFF4FF0006031498039086010BD21
:1087F00070B500200022022300240221284D0835F4
:108800002D6805F00C0020B1042806D0082834D1CA
:1088100007E02A4D2A4E356033E02A4D284E356058
:108820002FE01F4D2D1D2D68C5F380541C4D2D1DAF
:108830002D6805F03F0154B1224DB5FBF1F5184EFE
:10884000361D3668C6F3881605FB06F209E01B4D97
:10885000B5FBF1F5124E361D3668C6F3881605FBDA
:1088600006F20F4D2D1D2D68C5F301456D1C6B00E3
:10887000B2FBF3F5124E356003E0104D104E35603B
:1088800000BF00BF064D08352D68C5F303150E4E19
:10889000705D0B4D2D68C540094E356070BD000000
:1088A000003802400070004008544007003C02407D
:1088B00088ED00E0FFFFF6FE103000240024F400F5
:1088C000F000002000127A00F400002038B50546C0
:1088D0000C468DB9012C0FD196210846DFEDFE0A1A
:1088E0009FEDFE0AFBF713F9C8219620DFEDFC0A85
:1088F0009FEDF90AFBF7EDF8002D4DD1052C4BD17A
:1089000096210846DFEDF40A9FEDF60AFBF7FFF823
:10891000C8219620DFEDF20A9FEDEF0AFBF7D9F8A8
:108920009FEDED0AF04880ED050A00209FEDEF0A6B
:108930004FF47A73024601460090FBF72AFC0320AD
:108940009FEDEA0A4FF47A73002211460090104618
:10895000FBF71FFCFA21C820DFEDE50A9FEDDE0AD8
:10896000FBF7B7F89FEDDC0ADF4880ED050A002031
:108970009FEDE00A4FF47A73024601460090FBF740
:1089800008FC03209FEDDB0A4FF47A7300221146A6
:1089900000901046FBF7FDFB9DBB032C31D19621C7
:1089A0000846DFEDCD0A9FEDCF0AFBF7B0F8C821EE
:1089B0009620DFEDD10A9FEDC80AFBF78AF89FEDFC
:1089C000C60AC94880ED050A00209FEDC80A4FF489
:1089D0007A73024601460090FBF7DBFB03209FED14
:1089E000C30A4FF47A730022114600901046FBF739
:1089F000D0FBC8210846DFEDC10A9FEDB70AFBF79F
:108A000068F8032D3DD1042C3BD19FEDB30AB64845
:108A100080ED050A00209FEDB00A4FF47A730246FC
:108A200001460090FBF7B5FB03209FEDAB0A4FF426
:108A30007A730022114600901046FBF7AAFBC8216A
:108A40000846DFEDAF0A9FEDA40AFBF742F89FED61
:108A5000A20AA54880ED050A00209FEDAA0A4FF45E
:108A60007A73024601460090FBF793FB03209FEDCB
:108A7000A50A4FF47A730022114600901046FBF7C6
:108A800088FB042D2BD1052C29D1C8219620DFEDA0
:108A90009E0A9FED910AFBF71CF89FED8F0A924802
:108AA00080ED050A00209FED930A4FF47A73024689
:108AB00001460090FBF76DFB03209FED8E0A4FF4FB
:108AC0007A730022114600901046FBF762FBC82122
:108AD0009620DFED8E0A9FED800AFAF7FAFF38BD87
:108AE00010B5F2EE0A1A9FED8A1AF5234FF47A7246
:108AF000DFED790AC82110469FED770AFCF7BFF831
:108B0000844890ED020AB0EE401AF2EE0A1AF523FC
:108B10004FF47A72DFED700AC8211046B2EE040AF3
:108B2000FCF7ADF8C820F9F796FF7A48D0ED020AB5
:108B3000B0EE601AD0ED000AB0EE600AF2EE0A1A4A
:108B4000F5234FF47A72DFED640AC8211046FCF772
:108B500096F84FF49670F9F77EFF6E48D0ED021A42
:108B6000B0EE611AD0ED011AF0EE610AD0ED001AF4
:108B7000B0EE610AF2EE0A1AF5234FF47A72C821B8
:108B80001046FCF77CF8FCF723F810BD10B5F2EEA8
:108B90000A1A9FED5F1AF5234FF47A72DFED4E0A41
:108BA000C82110469FED4C0AFCF769F85A4890ED31
:108BB000020AB0EE401AF2EE0A1AF5234FF47A7266
:108BC000DFED450AC8211046B2EE040AFCF757F85B
:108BD000C820F9F740FF5048D0ED020AB0EE601A05
:108BE000D0ED000AB0EE600AF2EE0A1AF5234FF457
:108BF0007A72DFED390AC8211046FCF740F84FF4CD
:108C00009670F9F728FF4448D0ED021AB0EE611AC9
:108C1000D0ED011AF0EE610AD0ED001AB0EE610A53
:108C2000F2EE0A1AF5234FF47A72C8211046FCF7C7
:108C300026F8FBF7CDFF10BD10B5F2EE0A1A9FED36
:108C4000341AF5234FF47A72DFED230AC821104657
:108C50009FED210AFCF713F8304890ED020AB0EEC0
:108C6000401AF2EE0A1AF5234FF47A72DFED1A0A6F
:108C7000C8211046B2EE040AFCF701F8C820F9F743
:108C8000EAFE2648D0ED020AB0EE601AD0ED000AE6
:108C9000B0EE600AF2EE0A1AF5234FF47A72DFEDB5
:108CA0000E0AC8211046FBF7EAFF4FF49670F9F759
:108CB000D2FE1A48D0ED021AB0EE611AD0ED011AB8
:108CC000F0EE610AD0ED001AB0EE610AF2EE0A1A77
:108CD000F5234FF47A7223E00000000000001643F1
:108CE000006081C4000034430C0200200000B44244
:108CF0000080D4C4000034C30080E8C4000061C414
:108D00000080D4440000B4C2000048440000614424
:108D100000008C4240010020340100202801002086
:108D2000C8211046FBF7ABFFFBF752FF10BD10B593
:108D30000446012C02D1FFF77FFF08E0022C02D18C
:108D4000FFF724FF03E0032C01D1FFF7C9FE10BD9C
:108D500010B5FE48D0ED021AB0EE611AD0ED011A3E
:108D6000F0EE610AD0ED001AB0EE610AF2EE0A1AD6
:108D7000DC234FF47A72C8211046FBF780FFFBF723
:108D80002FFFF248D0ED020AB0EE601AD0ED000AD3
:108D9000B0EE600AF2EE0A1ADC234FF47A72F3EEB8
:108DA000040AC8211046FBF76AFFF2EE0A1A1FED0B
:108DB000281ADC234FF47A725FED390AC821104675
:108DC000B2EE040AFBF75BFFF2EE0A1A1FED301A4F
:108DD000DC234FF47A72F3EE040AC82110461FED2B
:108DE000420AFBF74CFFFBF7F3FE10BD10B5D84865
:108DF000D0ED021AB0EE611AD0ED011AF0EE610A60
:108E0000D0ED001AB0EE610AF2EE0A1ADC234FF43C
:108E10007A72C8211046FBF732FFFBF7E1FECC481F
:108E2000D0ED020AB0EE601AD0ED000AB0EE600A92
:108E3000F2EE0A1ADC234FF47A72F3EE040AC82128
:108E40001046FBF71CFFF2EE0A1A1FED4F1ADC2347
:108E50004FF47A725FED600AC8211046B2EE040A40
:108E6000FBF70DFFF2EE0A1A1FED571ADC234FF441
:108E70007A72F3EE040AC82110461FED690AFBF767
:108E8000FEFEFBF7A5FE10BD10B5B248D0ED020AFC
:108E9000B0EE601AD0ED000AB0EE600AF2EE0A1AE7
:108EA000DC234FF47A72DFEDAC0AC8211046FBF7E1
:108EB000E6FEA848D0ED021AB0EE611AD0ED011A14
:108EC000F0EE610AD0ED001AB0EE610AF2EE0A1A75
:108ED000DC234FF47A72C8211046FBF7D0FEFBF773
:108EE0007FFE9C48D0ED020AB0EE601AD0ED000A79
:108EF000B0EE600AF2EE0A1ADC234FF47A72F3EE57
:108F0000040AC8211046FBF7BAFEF2EE0A1A1FED5A
:108F1000801ADC234FF47A725FED910AC821104663
:108F2000B2EE040AFBF7ABFEF2EE0A1A1FED881A46
:108F3000DC234FF47A72F3EE040AC82110461FEDC9
:108F40009A0AFBF79CFEFBF743FE10BD10B50446E2
:108F5000012C02D1FFF7FCFE08E0022C02D1FFF742
:108F600045FF03E0032C01D1FFF78EFF10BD70B564
:108F70002DED028B0446012C45D1F0224FF4FA610D
:108F80000020FAF70BFFB0EE408AF0EE608A51EC59
:108F9000180B03F0A3FA0546F9F75DFD6F48D0ED15
:108FA000020AB0EE601AD0ED000AB0EE600AF2EEEE
:108FB000061AC8234FF47A725FEDB90A19461046B3
:108FC000FBF75DFE6548D0ED021AB0EE611AD0EDF8
:108FD000011AF0EE610AD0ED001AB0EE610AF2EE6D
:108FE000061AC8234FF47A7219461046FBF747FE5B
:108FF0004FF4FA70F9F72FFDDFED590A9FED590A8A
:10900000FBF7C8FDBEE0022C45D1F0224FF4FA6117
:109010000020FAF7C3FEB0EE408AF0EE608A51EC11
:10902000180B03F05BFA0546F9F715FD4E48D0ED35
:10903000020AB0EE601AD0ED000AB0EE600AF2EE5D
:10904000061AC8234FF47A725FEDDD0A19461046FE
:10905000FBF715FE4448D0ED021AB0EE611AD0EDD0
:10906000011AF0EE610AD0ED001AB0EE610AF2EEDC
:10907000061AC8234FF47A7219461046FBF7FFFD13
:109080004FF4FA70F9F7E7FCDFED350A9FED350A8A
:10909000FBF780FD76E0032C74D1F0224FF4FA61E7
:1090A0000020FAF77BFEB0EE408AF0EE608A51ECC9
:1090B000180B03F013FA0546F9F7CDFCF2EE061A89
:1090C0009FED2A1AC8234FF47A72DFED290A194658
:1090D0001046B2EE040AFBF7D2FD2648D0ED020A94
:1090E000B0EE601AD0ED000ADFED231A70EEE10A4F
:1090F000B0EE600AF2EE061AC8234FF47A72DFED82
:109100001C0A19461046FBF7BAFD6420F9F7A3FCC8
:109110001848D0ED021AB0EE611AD0ED011AF0EE47
:10912000610AD0ED001AB0EE610AF2EE061AC82309
:109130004FF47A7219461046FBF7A1FD4FF4FA700E
:10914000F9F789FCDFED060A18E01BE02801002092
:1091500034010020400100200000C8424C010020E2
:1091600000009643000034425801002000001843DC
:1091700000000000640100200000F0421FED070A1B
:10918000FBF708FDBDEC028B70BD10B50446012C49
:109190007AD1FE48D0ED021AB0EE611AD0ED011A74
:1091A000F0EE610AD0ED001AB0EE610AF2EE061A96
:1091B000DC234FF4FA6219465010FBF760FD00EE15
:1091C000100AB8EEC00AF248D0ED000A30EE200ACC
:1091D00080ED000A4FF4FA70F9F73DFCFBF700FD53
:1091E000EB4890ED000ADFEDEB0A30EE200A80ED4F
:1091F000000AF2EE061A9FEDE81ADC234FF4FA6239
:109200005FED250AC8215010B2EE040AFBF737FDC6
:1092100000EE100AB8EEC00ADD48D0ED000A30EECC
:10922000200A80ED000A6420F9F715FCF2EE061A18
:109230009FEDD91ADC234FF4FA62F3EE0E0AC8212F
:1092400050101FED350AFBF71AFD00EE100AB8EEBC
:10925000C00ACF48D0ED000A30EE200A80ED000AA7
:109260006420F9F7F8FB5FED420A1FED420AFBF7B5
:1092700091FCC74890ED000ADFEDC60A30EE200AE7
:1092800080ED000AF8E0FFE7022C7AD1C348D0ED68
:10929000021AB0EE611AD0ED011AF0EE610AD0EDBB
:1092A000001AB0EE610AF2EE061ADC234FF4FA62FD
:1092B00019465010FBF7E3FC00EE100AB8EEC00AA6
:1092C000B348D0ED000A30EE200A80ED000A4FF4DA
:1092D000FA70F9F7C0FBFBF783FCAD4890ED000A8C
:1092E000DFEDAC0A30EE200A80ED000AF2EE061A3D
:1092F0009FEDA91ADC234FF4FA625FED630AC821DF
:109300005010B2EE040AFBF7BAFC00EE100AB8EEF9
:10931000C00A9F48D0ED000A30EE200A80ED000A16
:109320006420F9F798FBF2EE061A9FED9B1ADC23F6
:109330004FF4FA62F3EE0E0AC82150101FED740AC2
:10934000FBF79DFC00EE100AB8EEC00A9048D0ED85
:10935000000A30EE200A80ED000A6420F9F77BFB5A
:109360005FED810A1FED810AFBF714FC884890ED40
:10937000000ADFED880A30EE200A80ED000A7BE06B
:10938000FFE7032C78D18648D0ED021AB0EE611ABF
:10939000D0ED011AF0EE610AD0ED001AB0EE610ACC
:1093A000F2EE061ADC234FF4FA6219465010FBF76E
:1093B00066FC00EE100AB8EEC00A7548D0ED000A4F
:1093C00030EE200A80ED000A4FF4FA70F9F743FB03
:1093D000FBF706FC6E4890ED000ADFED6E0A30EEFA
:1093E000200A80ED000AF2EE061A9FED6B1ADC23CC
:1093F0004FF4FA625FEDA20AC8215010B2EE040ADF
:10940000FBF73DFC00EE100AB8EEC00A6048D0ED54
:10941000000A30EE200A80ED000A6420F9F71BFBF9
:10942000F2EE061A9FED5C1ADC234FF4FA62F3EEBB
:109430000E0AC82150101FEDB20AFBF720FC00EE07
:10944000100AB8EEC00A5248D0ED000A30EE200AE9
:1094500080ED000A6420F9F7FEFA5FEDBF0A1FED08
:10946000BF0AFBF797FB4A4890ED000ADFED490A77
:1094700030EE200A80ED000A10BD10B50446012C24
:1094800030D15FEDC90A9FED470AFBF783FB4048E7
:1094900090ED000ADFED3F0A30EE200A80ED000A71
:1094A0003A48D0ED021AB0EE611AD0ED011AF0EE92
:1094B000610AD0ED001AB0EE610AF2EE061ADC2362
:1094C0004FF4FA6219465010FBF7D9FB00EE100A70
:1094D000B8EEC00A2E48D0ED000A30EE200A80ED2A
:1094E000000A70E0022C2ED15FEDE30A9FED2D0AF9
:1094F000FBF750FB264890ED000ADFED260A30EE20
:10950000200A80ED000A254890ED020AB0EE401ACC
:1095100090ED010AF0EE400AF2EE061ADC234FF459
:10952000FA62194650101FEDEE0AFBF7A8FB00EE99
:10953000100AB8EEC00A1648D0ED000A30EE200A34
:1095400080ED000A3FE0032C3DD15FEDFB0A9FED6B
:10955000150AFBF71FFB0E4890ED000ADFED0D0A20
:1095600030EE200A80ED000A0D4890ED020AB0EEC0
:10957000401A90ED010AF0EE400AF2EE061ADC23E2
:109580004FF4FA62194650100EE00000040100206A
:10959000840100200000AF4300008C421001002035
:1095A0001C010020000020429FEDFD0AFBF767FB35
:1095B00000EE100AB8EEC00AFA48D0ED000A30EE0C
:1095C000200A80ED000A10BD10B50446012C78D1A8
:1095D000F548D0ED021AB0EE611AD0ED011AF0EEA6
:1095E000610AD0ED001AB0EE610AF2EE061ADC2331
:1095F0004FF4FA6219465010FBF741FB00EE100AD7
:10960000B8EEC00AE748D0ED000A30EE200A80ED3F
:10961000000A4FF4FA70F9F71EFADFEDE40A9FED45
:10962000E40AFBF7B7FADF4890ED000A5FED270A7E
:1096300030EE200A80ED000AF2EE061A1FED2A1A1B
:10964000DC234FF4FA62DFEDD60AC82150109FEDFB
:10965000D40AFBF714FB00EE100AB8EEC00AD1489A
:10966000D0ED000A30EE200A80ED000AF2EE061A74
:109670001FED371ADC234FF4FA62F3EE0E0AC8210D
:1096800050109FEDC70AFBF7FAFA00EE100AB8EE89
:10969000C00AC448D0ED000A30EE200A80ED000A6E
:1096A000DFEDC20A9FEDC30AFBF774FABD4890EDE7
:1096B000000A5FED480A30EE200A80ED000AF4E06F
:1096C000FFE7022C78D1BC48D0ED021AB0EE611A47
:1096D000D0ED011AF0EE610AD0ED001AB0EE610A89
:1096E000F2EE061ADC234FF4FA6219465010FBF72B
:1096F000C6FA00EE100AB8EEC00AAA48D0ED000A79
:1097000030EE200A80ED000A4FF4FA70F9F7A3F961
:10971000DFEDA60AB6EE000AFBF73CFAA14890ED91
:10972000000A5FED640A30EE200A80ED000AF2EED6
:10973000061A1FED671ADC234FF4FA62DFED980A70
:10974000C82150109FED960AFBF799FA00EE100A17
:10975000B8EEC00A9348D0ED000A30EE200A80ED42
:10976000000AF2EE061A1FED741ADC234FF4FA62B7
:10977000F3EE0E0AC82150109FED890AFBF77FFA1D
:1097800000EE100AB8EEC00A8648D0ED000A30EEAE
:10979000200A80ED000ADFED850A9FED860AFBF7BF
:1097A000F9F9804890ED000A5FED860A30EE200A54
:1097B00080ED000A79E0FFE7032C76D17F48D0EDF9
:1097C000021AB0EE611AD0ED011AF0EE610AD0ED86
:1097D000001AB0EE610AF2EE061ADC234FF4FA62C8
:1097E00019465010FBF74BFA00EE100AB8EEC00A0B
:1097F0006C48D0ED000A30EE200A80ED000A4FF4EC
:10980000FA70F9F728F9DFED690AB6EE000AFBF7FE
:10981000C1F9644890ED000A5FEDA20A30EE200A1B
:1098200080ED000AF2EE061A1FEDA51ADC234FF4B4
:10983000FA62DFED5B0AC8215010B2EE040AFBF7B2
:109840001EFA00EE100AB8EEC00A5648D0ED000A23
:1098500030EE200A80ED000AF2EE061A1FEDB21A71
:10986000DC234FF4FA62F3EE0E0AC82150109FED8C
:109870004C0AFBF704FA00EE100AB8EEC00A494899
:10988000D0ED000A30EE200A80ED000ADFED470A35
:109890009FED480AFBF77EF9424890ED000A5FED24
:1098A000C30A30EE200A80ED000A10BD10B5044650
:1098B000012C73D13C48D0ED021AB0EE611AD0ED04
:1098C000011AF0EE610AD0ED001AB0EE610AF2EE74
:1098D000061ADC234FF4FA6219465010FBF7CFF951
:1098E00000EE100AB8EEC00A2E48D0ED000A30EEA5
:1098F000200A80ED000A4FF47A70F9F7ACF8FBF714
:109900006FF9284890ED000A5FEDDE0A30EE200A7C
:1099100080ED000AF2EE061A1FEDE11ADC234FF487
:10992000FA62DFED1F0AC8215010B2EE040AFBF7FD
:10993000A6F900EE100AB8EEC00A1A48D0ED000AE7
:1099400030EE200A80ED000A6420F9F784F8F2EE88
:10995000061A1FEDEF1ADC234FF4FA62F3EE0E0A3B
:10996000C82150109FED0E0AFBF789F900EE100A8E
:10997000B8EEC00A0B48D0ED000A30EE200A80EDA8
:10998000000A6420F9F767F8DFED080A9FED090A7D
:10999000FBF700F9034890ED000A11E017E0000022
:1099A0000000000084010020040100200000964314
:1099B000CDCCCC3D00003442100100201C01002021
:1099C000DFEDFE0A30EE200A80ED000AF7E0022CFF
:1099D0007AD1FB48D0ED021AB0EE611AD0ED011A2F
:1099E000F0EE610AD0ED001AB0EE610AF2EE061A4E
:1099F000DC234FF4FA6219465010FBF740F900EEF1
:109A0000100AB8EEC00AEF48D0ED000A30EE200A86
:109A100080ED000A4FF47A70F9F71DF8FBF7E0F8D3
:109A2000E84890ED000ADFEDE50A30EE200A80ED0F
:109A3000000AF2EE061A9FEDE41ADC234FF4FA62F4
:109A40005FED290AC8215010B2EE040AFBF717F99E
:109A500000EE100AB8EEC00ADA48D0ED000A30EE87
:109A6000200A80ED000A6420F8F7F5FFF2EE061AEE
:109A70009FEDD51ADC234FF4FA62F3EE0E0AC821EB
:109A800050101FED390AFBF7FAF800EE100AB8EE95
:109A9000C00ACC48D0ED000A30EE200A80ED000A62
:109AA0006420F8F7D8FF5FED3F0A1FED3E0AFBF791
:109AB00071F8C44890ED000ADFEDC00A30EE200ACC
:109AC00080ED000A7BE0FFE7032C78D1BF48D0EDA2
:109AD000021AB0EE611AD0ED011AF0EE610AD0ED73
:109AE000001AB0EE610AF2EE061ADC234FF4FA62B5
:109AF00019465010FBF7C3F800EE100AB8EEC00A82
:109B0000B048D0ED000A30EE200A80ED000A4FF494
:109B10007A70F8F7A0FFFBF763F8AA4890ED000A07
:109B2000DFEDA60A30EE200A80ED000AF2EE061AFA
:109B30009FEDA51ADC234FF4FA625FED670AC82196
:109B40005010B2EE040AFBF79AF800EE100AB8EED5
:109B5000C00A9C48D0ED000A30EE200A80ED000AD1
:109B60006420F8F778FFF2EE061A9FED971ADC23CF
:109B70004FF4FA62F3EE0E0AC82150101FED780A76
:109B8000FBF77DF800EE100AB8EEC00A8D48D0ED64
:109B9000000A30EE200A80ED000A6420F8F75BFF2F
:109BA0005FED7E0A1FED7D0AFAF7F4FF854890ED20
:109BB000000ADFED820A30EE200A80ED000A10BDB7
:109BC00010B50446012C30D15FED880A9FED800A64
:109BD000FAF7E0FF7B4890ED000ADFED780A30EEFF
:109BE000200A80ED000A7B48D0ED021AB0EE611A1F
:109BF000D0ED011AF0EE610AD0ED001AB0EE610A64
:109C0000F2EE061ADC234FF4FA6219465010FBF705
:109C100036F800EE100AB8EEC00A6A48D0ED000A25
:109C200030EE200A80ED000A60E0022C2ED15FEDBC
:109C3000A10A9FED670AFAF7ADFF624890ED000AAE
:109C4000DFED5E0A30EE200A80ED000A5C4890ED00
:109C5000020AB0EE401A90ED010AF0EE400AF2EE70
:109C6000061ADC234FF4FA62194650101FEDB40AAD
:109C7000FBF705F800EE100AB8EEC00A5148D0ED27
:109C8000000A30EE200A80ED000A2FE0032C2DD1CF
:109C90005FEDBA0A9FED4E0AFAF77CFF494890ED56
:109CA000000ADFED460A30EE200A80ED000A474840
:109CB00090ED020AB0EE401A90ED010AF0EE400A73
:109CC000F2EE061ADC234FF4FA62194650101FED2B
:109CD000CC0AFAF7D4FF00EE100AB8EEC00A3948F1
:109CE000D0ED000A30EE200A80ED000A10BD10B55C
:109CF0000446012C72D13748D0ED021AB0EE611A39
:109D0000D0ED011AF0EE610AD0ED001AB0EE610A52
:109D1000F2EE061ADC234FF4FA6219465010FAF7F5
:109D2000AEFF00EE100AB8EEC00A2648D0ED000AD9
:109D300030EE200A80ED000A4FF47A70F8F78BFEBF
:109D40005FEDE60A1FEDE60AFAF724FF1D4890EDE5
:109D5000000ADFED1A0A30EE200A80ED000AF2EE6A
:109D6000061A9FED191ADC234FF4FA625FEDF40A2C
:109D7000C82150101FEDF60AFAF781FF00EE100A15
:109D8000B8EEC00A0F48D0ED000A30EE200A80ED90
:109D9000000AF2EE061A9FED0C1ADC234FF4FA6269
:109DA000F3EE0E0AC82150109FED0B0AFAF767FF79
:109DB00000EE100AB8EEC00A024810E00000AF43FF
:109DC000100100208401002000008C421C010020B2
:109DD00000002042040100200000000015E0D0ED4A
:109DE000000A30EE200A80ED000ADFEDFE0A9FED4A
:109DF000FE0AFAF7CFFEFD4890ED000A5FED110A6A
:109E000030EE200A80ED000AF3E0022C78D1F84809
:109E1000D0ED021AB0EE611AD0ED011AF0EE610A2F
:109E2000D0ED001AB0EE610AF2EE061ADC234FF410
:109E3000FA6219465010FAF722FF00EE100AB8EE47
:109E4000C00AEA48D0ED000A30EE200A80ED000A90
:109E50004FF47A70F8F7FFFDDFEDE20AB6EE000A84
:109E6000FAF798FEE14890ED000A5FED2C0A30EE1B
:109E7000200A80ED000AF2EE061A1FED2D1ADC23EF
:109E80004FF4FA625FED2C0AC82150101FED2E0A24
:109E9000FAF7F5FE00EE100AB8EEC00AD348D0ED8E
:109EA000000A30EE200A80ED000AF2EE061A1FEDDD
:109EB0003A1ADC234FF4FA62F3EE0E0AC82150106E
:109EC0001FED3B0AFAF7DBFE00EE100AB8EEC00AFF
:109ED000C648D0ED000A30EE200A80ED000ADFED22
:109EE000C10A9FEDC10AFAF755FEC04890ED000A7D
:109EF0005FED4E0A30EE200A80ED000A79E0FFE7C0
:109F0000032C76D1BB48D0ED021AB0EE611AD0ED29
:109F1000011AF0EE610AD0ED001AB0EE610AF2EE1D
:109F2000061ADC234FF4FA6219465010FAF7A7FE1E
:109F300000EE100AB8EEC00AAC48D0ED000A30EED0
:109F4000200A80ED000A4FF47A70F8F784FDDFED07
:109F5000A50AB6EE000AFAF71DFEA44890ED000A25
:109F60005FED6A0A30EE200A80ED000AF2EE061A72
:109F70001FED6B1ADC234FF4FA625FED690AC8210A
:109F80005010B2EE040AFAF77AFE00EE100AB8EEAC
:109F9000C00A9648D0ED000A30EE200A80ED000A93
:109FA000F2EE061A1FED781ADC234FF4FA62F3EE94
:109FB0000E0AC82150101FED780AFAF760FE00EE75
:109FC000100AB8EEC00A8948D0ED000A30EE200A27
:109FD00080ED000ADFED830A9FED830AFAF7DAFDD0
:109FE000824890ED000A5FED8B0A30EE200A80ED8A
:109FF000000A10BD10B5A820F8F788FCF8F77DFF1F
:10A00000FBF730FBFCF7BDFDF8F7FBFCFAF736FB7E
:10A010004FF41650FCF74AFE4FF4E130FBF766FBB5
:10A02000F8F7C6FDFBF7ACFAFBF7D0FCFAF790F8AF
:10A03000FBF7D2FAFDF7DAFF01206F490870002123
:10A040006E48F7F782FE10BD10B501216C48F8F795
:10A0500046F901287ED16B4A6B496C48FBF722FD1B
:10A0600001216748F8F74CF9664890ED020ABDEE09
:10A07000C00A10EE102A032301210846FCF705FD53
:10A080002E2205210120FCF789FC5E48D0ED020A52
:10A0900090ED020ABDEEC00AB8EEC00A30EEC00A6A
:10A0A000DFED5B0A20EE200AB5EEC00AF1EE10FAF1
:10A0B0000EDDD0ED020A90ED020ABDEEC00AB8EE48
:10A0C000C00A30EEC00ADFED520A20EE200A0EE090
:10A0D0004C48D0ED020A90ED020ABDEEC00AB8EE7F
:10A0E000C00A30EEC00ADFED4A0A20EE600ABCEE7C
:10A0F000C00A10EE102A032306210120FCF7A3FC5E
:10A100000323444890ED000ABDEEC00A10EE102A69
:10A1100001210220FCF7B9FC2E2205210220FCF7C8
:10A120003DFC3C48D0ED000A90ED000ABDEEC00AAF
:10A13000B8EEC00A30EEC00ADFED350A20EE200A84
:10A14000B5EEC00AF1EE10FA10DDD0ED000A90ED88
:10A15000000A00E022E0BDEEC00AB8EEC00A30EE10
:10A16000C00ADFED2B0A20EE200A0EE02948D0EDD0
:10A17000000A90ED000ABDEEC00AB8EEC00A30EE4B
:10A18000C00ADFED230A20EE600ABCEEC00A10EE22
:10A19000102A032306210220FCF755FC10BD10B540
:10A1A0002DED068B04461C48007830384FF47A7148
:10A1B00010FB01F118484078303800EBC00202EB88
:10A1C000001001EB800114488078303800EB8000EB
:10A1D00001EB40011048C0783038084400EE100A06
:10A1E0001CE000000000964300003442840100207F
:10A1F000100100201C010020580000200004004035
:10A20000000C004000020020F4010020E8010020C2
:10A2100000007A448C01002099010020B8EEC00AA9
:10A22000FE4880ED000AFE48007930384FF47A711C
:10A2300010FB01F1FA484079303800EBC00202EB24
:10A24000001001EB8001F6488079303800EB800087
:10A2500001EB4001F248C0793038084400EE100AA2
:10A26000B8EEC00AEF4880ED000AED48007A3128C8
:10A2700004D19FEDED8ADFEDED8A10E0E848007A29
:10A28000322804D19FEDE88ADFEDE88A07E0E44850
:10A29000007A332803D19FEDE48ADFEDE48A9FED55
:10A2A000E40AB0EE408A9FEDE30AF0EE408ADB4814
:10A2B00090ED000A30EE480A80ED000AD94890ED92
:10A2C000000A30EE680A80ED000AD448006802F007
:10A2D000BFFC41EC1A0B9FEDD80B53EC102B02F096
:10A2E000C1F941EC190B01F017FED5490860CD48C2
:10A2F000006802F0ADFC41EC1A0B9FEDCF0B53EC64
:10A30000102B02F0AFF941EC190B01F005FECD491D
:10A310000860022C32D1C248007A32280ED0C048E0
:10A32000007A31280BD1C64890ED000AC648D0ED1E
:10A33000000A30EE200AC24880ED000A8BE0B848DF
:10A34000007A33280BD1BE4890ED000ABE48D0ED0C
:10A35000000A30EE600ABA4880ED000A7BE0B0489F
:10A36000007A342877D1B0EE080AB64880ED000AAA
:10A37000B8EE080AB24880ED000A6CE0012C34D136
:10A38000A748007A312866D0A548007A32280BD138
:10A39000AB4890ED000AAC48D0ED000A30EE600A00
:10A3A000A74880ED000A56E09D48007A33280DD179
:10A3B000A34890ED000AA448D0ED000AB0EE001AC0
:10A3C00001EE600A9E4880ED000A44E09448007A5D
:10A3D000342840D1B0EE080A9A4880ED000AB8EE61
:10A3E000080A974880ED000A35E0032C33D18C48E9
:10A3F000007A33282FD08A48007A32280BD190482F
:10A4000090ED000A9048D0ED000A30EE200A8C480A
:10A4100080ED000A1FE08248007A31280DD188487B
:10A4200090ED000A8848D0ED000AB0EE001A01EE67
:10A43000200A834880ED000A0DE07948007A34282C
:10A4400009D1B0EE080A7F4880ED000AB8EE080A8C
:10A450007B4880ED000ABDEC068B10BD10B52DEDDC
:10A46000068B04466E48007830384FF47A7110FB42
:10A4700001F16B484078303800EBC00202EB00106D
:10A4800001EB800166488078303800EB800001EBFA
:10A4900040016348C0783038084400EE100AB8EE36
:10A4A000C00A5E4880ED000A5D48007930384FF4FC
:10A4B0007A7110FB01F15A484079303800EBC00244
:10A4C00002EB001001EB800155488079303800EB39
:10A4D000800001EB40015248C0793038084400EE5A
:10A4E000100AB8EEC00A4F4880ED000A4C48007AC6
:10A4F000312804D19FED4C8ADFED4C8A10E04848AA
:10A50000007A322804D19FED488ADFED488A07E0BF
:10A510004348007A332803D19FED438ADFED438A15
:10A520003E4890ED000A30EE480A80ED000A3D48B2
:10A5300090ED000A30EE680A80ED000A37480068A6
:10A5400002F086FB41EC1A0B9FED400B53EC102BF5
:10A5500002F088F841EC190B01F0DEFC3849086084
:10A560003048006802F074FB41EC1A0B9FED370B8A
:10A5700053EC102B02F076F841EC190B01F0CCFCF7
:10A5800030490860022C32D12548007A32280ED09A
:10A590002348007A31280BD1294890ED000A2A4837
:10A5A000D0ED000A30EE200A254880ED000AA8E030
:10A5B0001B48007A33280BD1214890ED000A22482D
:10A5C000D0ED000A30EE600A1D4880ED000A98E0E8
:10A5D0001348007A342809D1B0EE080A194880EDF2
:10A5E000000AB8EE080A164880ED000A89E0012C3E
:10A5F00051D10B48007A31280ED00948007A322810
:10A6000028D10F4890ED000A0F48D0ED000A30EE37
:10A61000600A0B4880ED000A73E000007C01002016
:10A62000990100208001002000C06E4400C0014458
:10A6300000009E43000070438ECEF9298EE3F23F66
:10A64000700100207401002078010020941FC8AC24
:10A65000A4B6D23FFC48007A33280DD1FB4890EDD8
:10A66000000AFB48D0ED000AB0EE001A01EE600AC5
:10A67000F64880ED000A44E0F348007A342840D1DF
:10A68000B0EE080AF34880ED000AB8EE080AEF4879
:10A6900080ED000A35E0032C33D1EB48007A3328F3
:10A6A0002FD0E948007A32280BD1E84890ED000A13
:10A6B000E748D0ED000A30EE200AE44880ED000AB9
:10A6C0001FE0E148007A31280DD1E04890ED000A02
:10A6D000DF48D0ED000AB0EE001A01EE200ADB4898
:10A6E00080ED000A0DE0D848007A342809D1B0EE98
:10A6F000080AD84880ED000AB8EE080AD34880ED71
:10A70000000ABDEC068B10BD10B52DED048BCE48B4
:10A71000007830384FF47A7110FB01F1CA48407864
:10A72000303800EBC00202EB001001EB8001C6489C
:10A730008078303800EB800001EB4001C248C078DF
:10A740003038084400EE100AB8EEC00AC24880ED66
:10A75000000ABD48007930384FF47A7110FB01F1DE
:10A76000B9484079303800EBC00202EB001001EB31
:10A770008001B5488079303800EB800001EB400162
:10A78000B148C0793038084400EE100AB8EEC00A6B
:10A79000B24880ED000AB04890ED000ADFEDB00A43
:10A7A00030EE600A80ED000AAC4890ED000ADFED63
:10A7B000AD0A30EE600A80ED000AA748006802F09A
:10A7C00047FA9FEDA90B53EC102B01F04BFF01F062
:10A7D000A3FB9E490860A148006802F039FA9FED8A
:10A7E000A20B53EC102B01F03DFF01F095FB9949B2
:10A7F00008609548007A342809D1B1EE040A084669
:10A8000080ED000AB9EE040A904880ED000ABDEC24
:10A81000048B10BD10B52DED068B04468A480078D8
:10A8200030384FF47A7110FB01F1874840783038A6
:10A8300000EBC00202EB001001EB8001824880783F
:10A84000303800EB800001EB40017F48C0783038A1
:10A85000084400EE100AB8EEC00A7F4880ED000AF6
:10A860007948007930384FF47A7110FB01F176485D
:10A870004079303800EBC00202EB001001EB8001A0
:10A8800071488079303800EB800001EB40016E4860
:10A89000C0793038084400EE100AB8EEC00A6F489C
:10A8A00080ED000A6848007A312804D11FEDA28AA1
:10A8B0005FEDA28A10E06448007A322804D11FEDCF
:10A8C000A68A5FEDA68A07E05F48007A332803D1A5
:10A8D0001FEDAB8A5FEDAB8A5F4890ED000ADFEDBC
:10A8E000640A30EE600A80ED000A5C4890ED000AD0
:10A8F000DFED600A30EE600A80ED000A564800681D
:10A9000002F0A6F941EC1A0B9FED5B0B53EC102BF8
:10A9100001F0A8FE41EC190B01F0FEFA4B4908606A
:10A920004E48006802F094F941EC1A0B9FED520B6F
:10A9300053EC102B01F096FE41EC190B01F0ECFAF0
:10A9400044490860022C32D13F48007A32280ED0A8
:10A950003D48007A31280BD13C4890ED000A3C4834
:10A96000D0ED000A30EE200A384880ED000AA7E05A
:10A970003548007A33280BD1344890ED000A34482A
:10A98000D0ED000A30EE600A304880ED000A97E012
:10A990002D48007A342809D1B1EE040A2D4880ED03
:10A9A000000AB9EE040A294880ED000A88E0012C6B
:10A9B00034D12548007A31280ED02348007A322835
:10A9C0000BD1224890ED000A2148D0ED000A30EE6C
:10A9D000600A1E4880ED000A72E01B48007A3328A6
:10A9E0000DD11A4890ED000A1948D0ED000AB0EEDA
:10A9F000001A01EE600A154880ED000A60E0124876
:10AA0000007A34285CD1B1EE040A124880ED000AC5
:10AA1000B9EE040A0D4880ED000A51E0032C4FD135
:10AA20000948007A33284BD00748007A322827D1CA
:10AA3000064890ED000A0648D0ED000A30EE200AE4
:10AA4000024880ED000A3BE09901002070010020DF
:10AA500078010020740100207C010020800100208A
:10AA60000000A0430000FA42000000000000E03FA8
:10AA700000009B4300006D43817AF14DECC4EE3F32
:10AA80004448007A31280DD1434890ED000A4348EC
:10AA9000D0ED000AB0EE001A01EE200A3E4880ED2B
:10AAA000000A0DE03B48007A342809D1B1EE040ACF
:10AAB0003B4880ED000AB9EE040A374880ED000AF1
:10AAC000BDEC068B10BD70B504460D46F8F70BF9CA
:10AAD0002046F8F7D4F804E0F8F705F9012800D18A
:10AAE00000E0F9E700BF70BD2DED028B00212D487D
:10AAF000F7F72BF9FBF73DFF2BA201210820FBF70D
:10AB000084FF04E0FAF7E7FD3220F7F7A4FFFAF735
:10AB10004DFD0128F6D0DFED260AB2EE0E0AFAF757
:10AB200039F8F0224FF4FA610020F9F737F9B0EE66
:10AB3000408AF0EE608A51EC180B01F0CFFC04461D
:10AB4000F7F789FFF2EE061A9FED1A1AC8234FF4A1
:10AB50007A72DFED190A194610469FED170AFAF7C7
:10AB60008EF8DFED130AB3EE040AFAF741F801227A
:10AB700040F225511148F7F744FE01211048F6F73D
:10AB80007FFFFBF7F6FE0FA201210820FBF73DFF38
:10AB900000BFFEE79901002070010020780100202D
:10ABA0007401002000040040504C20524553000026
:10ABB0000000964300008C4200000000004400406A
:10ABC000000C0040524553204544000070470000EF
:10ABD0000FB41CB5074B06AA7B4469460090059844
:10ABE00000F075F90020694600F084F91CBC5DF89E
:10ABF00014FB0000190300002DE9F0410E46044645
:10AC0000002020622046E168884730B3252805D01F
:10AC1000D4E901219047206A401CF2E7E168204610
:10AC200000278847050018D0A5F14100192802D84F
:10AC300020354FF400673246294620462760F5F755
:10AC4000FDFA40B1012804D0F61D26F007060836AB
:10AC5000D8E7361DD6E72846DAE7206ABDE8F08156
:10AC60002DE9F0410646002410687529314616A5E5
:10AC700010D0AFF30080002802DA404213A507E0AD
:10AC800031688A0701D512A502E0490704D511A54C
:10AC9000012401E0AFF3008000210A2206F124071D
:10ACA00009E0B0FBF2FCB0FBF2F302FB1C00303019
:10ACB00078541846491C0028F3D123462A463046CA
:10ACC000BDE8F04100F0A5B8000000002D00000034
:10ACD0002B00000020000000032A40F2308010F01A
:10ACE000030C00F0158011F8013BBCF1020F624427
:10ACF00098BF11F801CB00F8013B38BF11F8013BB8
:10AD0000A2F1040298BF00F801CB38BF00F8013B64
:10AD100011F0030300F0F380083AC0F0088051F806
:10AD2000043B083A51F804CBA0E80810F5E7121DDF
:10AD30005CBF51F8043B40F8043BAFF30080D207FE
:10AD400024BF11F8013B11F801CB48BF11F8012BCA
:10AD500024BF00F8013B00F801CB48BF00F8012BED
:10AD600070474FF000020429C0F0128010F0030C6D
:10AD700000F01B80CCF1040CBCF1020F18BF00F8EE
:10AD8000012BA8BF20F8022BA1EB0C0100F00DB89D
:10AD90005FEAC17C24BF00F8012B00F8012B48BFFB
:10ADA00000F8012B70474FF0000200B5134694469F
:10ADB0009646203922BFA0E80C50A0E80C50B1F113
:10ADC0002001BFF4F7AF090728BFA0E80C5048BF27
:10ADD0000CC05DF804EB890028BF40F8042B08BFC5
:10ADE000704748BF20F8022B11F0804F18BF00F8C1
:10ADF000012B7047704770477047704710B500F0DF
:10AE0000B1F8006810BD10B5044600F0ABF804605E
:10AE100010BD2DE9F0470D4699469246044600F1D3
:10AE200024080168880604D5E06921F0100121603A
:10AE300000E00120A84201DD471B00E00027A169D6
:10AE40007A1902EB0900081AA0612078C00602D422
:10AE50002046AFF30080002608E0D4E901211AF86B
:10AE600006009047206A401C761C20624E45F4DBA9
:10AE70002078C0060AD52046AFF3008006E0D4E96A
:10AE8000012130209047206A401C2062381EA7F123
:10AE90000107F4DC07E0D4E9012118F80500904728
:10AEA000206A401C2062281EA5F10105F3DC204623
:10AEB000AFF300802078000602D50220BDE8F087BD
:10AEC0000120FBE701694A1C02610878704700B560
:10AED0008FB0CDE901310021059105497944CDE9D3
:10AEE000031011466846FFF787FE0FB000BD000053
:10AEF000E5FFFFFF0A6802F8010B0A60704710B512
:10AF0000203AC0F00B80B1E81850203AA0E8185061
:10AF1000B1E81850A0E81850BFF4F5AF5FEA027C22
:10AF200024BFB1E81850A0E8185044BF18C918C091
:10AF3000BDE810405FEA827C24BF51F8043B40F832
:10AF4000043B08BF7047D20728BF31F8023B48BF17
:10AF500011F8012B28BF20F8023B48BF00F8012B55
:10AF600070470000004870475405002000487047B3
:10AF7000540500207546FFF7F9FFAE460500694607
:10AF8000534620F00700854618B020B5F5F77EF946
:10AF9000BDE820404FF000064FF000074FF00008DA
:10AFA0004FF0000B21F00701AC46ACE8C009ACE85B
:10AFB000C009ACE8C009ACE8C0098D46704710B5BF
:10AFC0000446AFF300802046BDE81040F5F74AB9CB
:10AFD00003B401984100009850EAC12018BF042032
:10AFE0004A0D18BF40F0010040F2FF72B2EB515F12
:10AFF00008BF40F00200012808BF052002B07047DA
:10B000002DED020B019820F0004001909DED000B0A
:10B0100002B0704700B52DED048BB0EE418AF0EE22
:10B02000618AB0EE409AF0EE609A83B053EC182B30
:10B0300051EC190B01F083F800F07040B0F1005FA3
:10B040001AD018EE101A18EE900A8DED008B002918
:10B0500018BF0121084320F00040C0F17F6000F1DB
:10B06000E040C00F01BFB0EE480AF0EE680A03B03E
:10B07000BDEC048B08BF00BDB0EE490A03B0F0EE92
:10B08000690ABDEC048B00BD2DE9F04D2DED040BDC
:10B090002DED0E8B96B0DDE92550279CDDF890A0B4
:10B0A00025F0004624F00048BAF1000F14BF01213A
:10B0B000002101EB4502FC4953184A1093422AD360
:10B0C000002814BF0123002303EB44030B44F7497A
:10B0D0008B4220D358EA00019FEDF59B76D0DFF834
:10B0E000D8B35D4503D1BAF1000F05D188E0BAF1BC
:10B0F000000F08BF002100D0012101EB450111F52F
:10B10000001F08D8002814BF0121002101EB4401D1
:10B1100011F5001F0BD99DED261B9DED240B16B0DC
:10B12000BDEC0E8B04B0BDE8F04D00F069BE002709
:10B13000002DBCBFE149884521DAE1498845A8BF17
:10B1400002271CDAC3451ADCDE4901EB2851142919
:10B1500008DDC1F1340220FA02F101FA02F2824262
:10B160000DD108E058B9C1F1140228FA02F101FA30
:10B1700002F2424503D101F00101C1F1020756EA92
:10B180000A0124D1002C22DA002D18BF022F01D091
:10B19000012F0AD00220FFF736FE16B0BDEC0E8B51
:10B1A00004B0BDE8F04D00F013BE0220FFF72BFE07
:10B1B00000F00EFE51EC100B00F0A1FE41EC100B64
:10B1C00016B0BDEC0E8B04B0BDE8F08D18E09FED1D
:10B1D000BEAB9FEDBF8B002871D1B848804522D10E
:10B1E00005F1804010F5801008BFBAF1000F07D0BC
:10B1F000B3450ADC002CA8BF9DED260BE0DA0DE07C
:10B20000B0EE490AF0EE690ADAE7002C06DA9DEDA5
:10B21000260B51EC100B00F072FE6FE0AE48784444
:10B2200090ED000BCCE7D8454DD1002C48DA2EB17B
:10B2300086423AD1BAF1000F42D126E0BAF1000FAE
:10B2400013D00220FFF7DFFD00F0F6FD8DED020BBD
:10B250009DED240B8DED000B10EE900A039961F328
:10B260001E0003909DED020BAAE78DED02AB9DED54
:10B27000240B1AEE901A10EE900A8DED000B61F37C
:10B280001E0003909DED020B9AE78DED028B9DED64
:10B29000240B18EE901A10EE900A8DED000B61F35E
:10B2A0001E0003909DED020B8AE709DA9DED240B49
:10B2B00051EC190B53EC102B00F0B8FF1EE020E00E
:10B2C0009DED240B7CE786421BDAB4F1804F0DD054
:10B2D000A4F10050B0F1FF5013D1002D11DB9DED12
:10B2E000240B51EC100B00F0D3FD07E09DED240B77
:10B2F00053EC102B51EC100B00F0C2BC41EC100BC6
:10B300005EE79DED240B51EC100B00F0B5FDBAF19A
:10B31000000FCDE90E0142D19FED710B46B3A6F1AE
:10B32000E040B0F17F600CD05E4538D1002D00DAEE
:10B33000A7B3022F0CBF01204FF0FF3001F02BF913
:10B34000DCE7002D01DD002C0DDA002D01DD002CE5
:10B350001FDB002D16DA002C14DB012F08BF9FED38
:10B36000620B3FF42DAFB0EE4A0AF0EE6A0A27E70F
:10B37000022F18BF002D0CD0012F0AD1002DFFF68F
:10B380001FAF06E0002DB8BF002C08DA012F3FF4F4
:10B3900017AFB0EE480AF0EE680A11E71BE0012093
:10B3A00000EBE57050EA070115D0791EB0EE498A2E
:10B3B000F0EE698A084308BF9FED4D8B4E4800258B
:10B3C000804570DD4D494E48884514DDB0420DDBA7
:10B3D000002C19DB2FE00120FFF715FD16B0BDECA6
:10B3E0000E8B04B0BDE8F04D00F016BDB34502DC95
:10B3F000002C09DC1FE0864202DA002C1BDA03E095
:10B400005E452BDD002C16DD0220FFF7FCFC00F072
:10B4100013FD8DED020B53EC1A2B51EC180B01F0C0
:10B4200021F9CDE900010399019861F31E00039011
:10B430009DED020BC4E60220FFF7E5FC00F00CFDD9
:10B4400010EE901A18EE900A8DED020B8DED008B28
:10B4500061F31E0003909DED020BB1E69DED0E0B16
:10B4600053EC192B51EC100B01F008FB9FED260B50
:10B47000CDE9080153EC102B9DED080B51EC100B9E
:10B4800001F0F0F89FED221B53EC112B01F01EFA96
:10B490009DED081B53EC112B01F0E4F89FED1E1BF2
:10B4A00053EC112B3CE08CE0FFFF1F00FFFF0F006F
:10B4B000000000000000F03F0000F03F0000F07FBF
:10B4C0000000404301FCFFFF000000000000F07F8F
:10B4D0000000000000000000B62400000000000092
:10B4E0000000000000000080000000000000F0FFED
:10B4F000000000000000F0BF0000E0410000F04349
:10B50000FFFFEF3F00000000000000000000D03F00
:10B51000555555555555D53F000000000000E03FFA
:10B5200001F0D4F99DED080B41EC1A0B53EC102BF4
:10B5300051EC100B01F096F853EC1A2B01F092F835
:10B5400041EC1A0B9FEDFE0B53EC102B9DED080BFD
:10B5500051EC100B01F086F841EC1B0B9FEDFA0B40
:10B5600051EC1A0B53EC102B01F07CF841EC1A0B48
:10B570009FEDF70B53EC102B9DED080B51EC100BCE
:10B5800001F070F853EC1A2B01F078FA41EC1A0B29
:10B5900051EC1B0B53EC1A2B00F0F0FC0690CDE99C
:10B5A00006519DED060B53EC1B2B51EC100B01F0DB
:10B5B00065FA53EC1A2B01F089F941EC100B00F0FD
:10B5C000A1B90020B6F5801F0EDA9FEDE30B53EC16
:10B5D000102B9DED0E0B51EC100B01F043F8CDE953
:10B5E0000E016FF034000E4600EB2650A0F2FF373C
:10B5F000C6F31300DA4940F07F6646F040568842B1
:10B60000D8BF002408DDD7498142C8BF012403DC2C
:10B610000024A6F580167F1CD348784400EBC400B4
:10B620000F9690ED00CB9DED0E0B53EC1C2B51ECC7
:10B63000100B01F023FA9DED0E0B41EC1B0B53ECAC
:10B640001C2B51EC100B00F099FC41EC100B51EC51
:10B65000190B53EC102B00F0E9FD41EC1D0B51ECE4
:10B660001B0B53EC1D2B00F0FDFF41EC1A0BBF48E8
:10B670008DED10AB7844109590ED000B4FF000501D
:10B6800040EA660000EB84408DED080B00F50020D9
:10B6900009909DED080B53EC1C2B51EC100B01F0A5
:10B6A000EDF99DED0E1B53EC112B01F00FF941EC60
:10B6B000100B53EC102B9DED100B51EC100B00F008
:10B6C000D1FF9DED080B41EC1C0B53EC102B9DEDB5
:10B6D000100B51EC100B00F0C5FF53EC1B2B01F0CD
:10B6E000F5F853EC1C2B01F0C9F953EC1D2B00F0BD
:10B6F000B9FF41EC1C0B53EC1A2B51EC1A0B00F068
:10B70000B1FF41EC1B0B9A480621B0EE4B0AF0EE5C
:10B710006B0A784400F0E0FAB0EE401AF0EE601ADE
:10B72000B0EE41DAF0EE61DA53EC1B2B51EC1B0B5F
:10B7300000F098FF53EC1D2B00F094FF9DED100BD3
:10B7400041EC1B0B53EC1A2B51EC100B00F016FCC8
:10B7500053EC1C2B00F086FF53EC1B2B00F00EFC6F
:10B760009DED100B41EC1B0B53EC102B51EC100B0F
:10B7700000F078FF41EC1D0B9FED7FEB53EC1E2B8F
:10B7800000F0FCFB53EC1B2B00F0F8FB0890CDE91C
:10B7900008519DED080B53EC1E2B51EC100B01F0E2
:10B7A0006DF953EC1D2B01F069F953EC1B2B01F0E3
:10B7B0008DF89DED080B41EC1D0B53EC102B9DED0E
:10B7C000100B51EC100B00F04DFF41EC1B0B53EC38
:10B7D0001A2B51EC1D0B00F045FF9DED080B41ECC1
:10B7E0001A0B53EC102B51EC1C0B00F03BFF53ECED
:10B7F0001A2B00F0C3FB41EC1A0B51EC1B0B53EC62
:10B800001A2B00F0BBFB0C90CDE90C519DED0C0BFD
:10B8100053EC1B2B51EC100B01F030F953EC1A2BAD
:10B8200001F054F841EC1B0B9FED550B53EC102B22
:10B830009DED0C0B51EC100B00F014FF41EC1A0BBA
:10B840009FED510B51EC1B0B53EC102B00F00AFF3A
:10B8500041EC1B0B9FED4E0B53EC102B9DED0C0B95
:10B8600051EC100B00F0FEFE53EC1B2B00F086FB9E
:10B8700041EC100B4848784400EBC40090ED001BED
:10B8800051EC100B53EC112B00F078FB41EC1B0B2F
:10B89000384600F080FECDE9080153EC1B2B51EC3B
:10B8A0001A0B00F06BFB41EC100B3C48784400EBAA
:10B8B000C40090ED00CB51EC100B53EC1C2B00F0AE
:10B8C0005DFB9DED081B53EC112B00F057FB069020
:10B8D000CDE906519DED080B53EC102B9DED060BA9
:10B8E00051EC100B01F0CAF853EC1C2B01F0C6F818
:10B8F00053EC1A2B01F0C2F853EC1B2B00F0E6FFBF
:10B9000041EC100B9DED261B53EC102B8DED001B15
:10B9100000959DED260B51EC100B00F0A3FE9DED64
:10B92000000B41EC1A0B53EC102B9DED260B51EC48
:10B93000100B01F0A3F89DED061B53EC112B2FE02B
:10B94000000000604715F73FFE822B654715F73F63
:10B9500044DF5DF80BAE543E0000000000004043A1
:10B960008E9803007AB60B003220000060200000A1
:10B970006A1F0000000000000000000000000840F6
:10B98000000000E009C7EE3FFD033ADC09C7EE3FC7
:10B99000F5015B14E02F3EBEF61D0000B01D000057
:10B9A00000F060FE53EC1A2B00F0E8FA9DED060B58
:10B9B00041EC1A0B53EC102B9DED000B51EC100BCE
:10B9C00000F050FECDE90C019DED0C0B51EC1A0B73
:10B9D00053EC102B00F0D2FACDE902010C46AA4933
:10B9E0008C422FDB611A084318D19DED0C0B53ECF0
:10B9F000102B9DED020B51EC100B01F03FF841ECC8
:10BA00001B0B9FEDA30B51EC1A0B53EC102B00F00A
:10BA1000B5FA53EC1B2B00F023FF2DD20220FFF7C9
:10BA2000F2F900F009FA10EE901A18EE900A8DED76
:10BA3000020B8DED008B61F31E0003909DED020B58
:10BA4000FFF7BEBB944A24F00041914214D39349BE
:10BA5000214408437FF4EFAC9DED0C0B53EC102B0D
:10BA60009DED020B51EC100B01F008F853EC1A2B72
:10BA700000F0F6FE7FF6DFAC24F000408849894AEA
:10BA8000002601EB205182422BDA481C4FF4801132
:10BA900021FA00F02044844AC0F30A517A44A1F20A
:10BAA000FF3192ED000B814A8DED080BCA4020EA70
:10BAB0000202C0F3130040F48010C1F1140120FA17
:10BAC00001F60992002CB8BF76429DED080B53ECAD
:10BAD000102B9DED0C0B51EC100B00F0CFFFCDE9BE
:10BAE0000C019DED0C0B51EC1A0B53EC102B00F0DC
:10BAF00045FA9FED6F0B0890CDE9085153EC102BE0
:10BB00009DED080B51EC100B00F0ACFD41EC1B0B54
:10BB10009FED690B53EC102B9DED080B51EC100BB6
:10BB200000F0A0FD9DED0C0B41EC1C0B53EC102B19
:10BB30009DED080B51EC100B00F0A0FF53EC1A2BFD
:10BB400000F0C4FE9FED5E1B53EC112B00F08AFD4C
:10BB500053EC1C2B00F012FA41EC1A0B51EC1B0BAE
:10BB600053EC1A2B00F00AFACDE902019DED020B0D
:10BB700053EC1B2B51EC100B00F080FF53EC1A2BF5
:10BB800000F0A4FE9DED020B41EC1A0B53EC102BC0
:10BB900051EC100B00F066FDCDE908014A489DED1F
:10BBA000080B0521784400F097F89DED081B51EC37
:10BBB000100B53EC112B00F055FD9DED021B53ECC7
:10BBC000112B00F083FECDE906019DED020B53EC35
:10BBD0001A2B51EC100B00F045FD53EC1A2B00F022
:10BBE000CDF99FED3B0B41EC1A0B53EC102B9DED67
:10BBF000060B51EC100B00F041FF9DED060B41ECE4
:10BC00001B0B53EC102B9DED020B51EC100B00F0B5
:10BC100029FD53EC1B2B00F009FB53EC1A2B00F011
:10BC20002DFF9DED021B53EC112B00F027FF53EC71
:10BC3000192B00F04BFECDE9020101EB0650011576
:10BC40000029C8BF039015DC9DED020B324651EC74
:10BC5000100B01F0AAF8FFF7BBF9042808BF00F0A9
:10BC6000FBF832469DED020B51EC100B01F09DF8F4
:10BC7000CDE902019DED020B51EC180B53EC102B9A
:10BC800000F0F0FCFFF73ABB00009040000000001D
:10BC9000FE822B654715973C00CC904000346F3FE7
:10BCA00001FCFFFF0000E03F381C0000FFFF0F0019
:10BCB00000000000432EE63F396CA80C615C20BEFA
:10BCC000EF39FAFE422EE63F081B0000000000009C
:10BCD000000000000000004070B504462DED028B0E
:10BCE0004D1E00EBC500B0EE408AF0EE608A90ED8C
:10BCF000000B35F0060017D053EC182B51EC100B4D
:10BD000000F0B0FC41EC100B6D1E04EBC50090ED93
:10BD1000001B51EC100B53EC112B00F02FF941ECF0
:10BD2000100B35F00600E7D1022D36D0042D1CD0C3
:10BD3000062D1CBFBDEC028B70BD53EC182B51ECD3
:10BD4000100B00F08FFC94ED0A1B53EC112B00F04C
:10BD500015F953EC182B00F085FC94ED081B53ECFF
:10BD6000112B00F00BF941EC100B53EC182B51EC9C
:10BD7000100B00F077FC94ED061B53EC112B00F038
:10BD8000FDF853EC182B00F06DFC94ED040B53EC14
:10BD9000102B00F0F3F841EC100B53EC182B51EC86
:10BDA000100B00F05FFC94ED021B53EC112B00F024
:10BDB000E5F853EC182B00F055FC94ED001B53EC08
:10BDC000112B00F0DBF8BDEC028B41EC100B70BDC9
:10BDD0009FED070B10B553EC102B9FED070B51ECAB
:10BDE000100B00F023FA41EC100B10BD0000000016
:10BDF0000000000000000000000000000000F03F14
:10BE000010B553EC112B51EC100B00F0B7F841ECCE
:10BE1000100B10BD000000009FED050B10B553EC9A
:10BE2000102B51EC100B00F001FA41EC100B10BD7F
:10BE300000000000000000009FED050B10B553EC62
:10BE4000102B51EC100B00F00DFC41EC100B10BD51
:10BE500000000000000000709FED050B10B553ECD2
:10BE6000102B51EC100B00F0FDFB41EC100B10BD42
:10BE7000000000000000001082B0CDE9000121F0B8
:10BE8000004001909DED000B02B051EC100B70478B
:10BE900000B52DED048B83B041EC190B00F022FDB1
:10BEA00041EC180B18EE100A18EE901A8DED008B6D
:10BEB000002818BF0120084320F00040C0F17F6037
:10BEC00000F1E040C00F14D019EE101A19EE900ADC
:10BED0008DED009B002918BF0121084320F0004090
:10BEE000C0F17F6000F1E040C00F04BF0120FEF709
:10BEF0008AFF51EC180B03B0BDEC048B00BD81F040
:10BF00000041704780F00040704721F000417047C9
:10BF100020F000407047000021F00042A2F1605282
:10BF2000B2F5801F01F0004328BFD2F17F6C0BD91E
:10BF30005FEA001C43EAC20242EB507018BF704730
:10BF400028BF20F001007047B2F5801FBCBF184623
:10BF500070474FEA410C1CF5001F02D2084600F062
:10BF6000EDBE70B500F028FC00000089FFF7F6BFB9
:10BF70004FF00040A0F580007047000010B591EA36
:10BF8000030F48BF83F0004300F18085841A71EBF2
:10BF9000030C05D2121943EB0C03001B61EB0C01DF
:10BFA000DFF824E14FEA1154A4EB135C1EEA430FBF
:10BFB00018BF9EEA445F73D023EA0E03DCF1200E23
:10BFC00021EA045143F4801332D322FA0CFE10EB21
:10BFD0000E0023FA0CFE41EB0E01CCF1200E03FA09
:10BFE0000EFE10EB0E0051F10001B1F5801FCCF1F7
:10BFF000200E32D201EB045112FA0EF2BDE81040CD
:10C0000058BF7047401C38BF5FEA420218BF7047F4
:10C01000002814BF20F0010041F100014FEA410364
:10C0200013F5001F38BF7047A1F1C04100F012BCEA
:10C03000012A43EB0302ACF1200CDCF11F0E32BFEE
:10C040004FF0000E23FA0CF310EB030041EB045108
:10C05000B4EB115FD0D0A1EB045101F58011490878
:10C060005FEA300001EB04510ED350F1000038BFFD
:10C0700012FA0EFE08D1BDE81040C9E7401C38BFD7
:10C080005FEA4202CAD1C3E7BDE810404FEA41036C
:10C0900013F5001F38BF7047A1F1C04100F0DABBB3
:10C0A0009EEA445F08D011EA5E0FBDE8104004BF6D
:10C0B00001F0004100207047BDE8104070B500F06D
:10C0C0007BFB00BF64FBBE3E0000E0FF02494FF077
:10C0D000000000F038BE00BF0000F87F51EA030CFA
:10C0E00017D41CF5801F58BFBCF5801F00F10680D7
:10C0F000994218BF704708BF9042704707D711F5A3
:10C10000801F58BF13F5801F26D49942704789427B
:10C1100070471CF5801F08D5BCF5801FF7D58B42F2
:10C1200018BF704708BF824270474FF4001C1CEBD9
:10C13000410F38BF1CEB430F0ED28B42704770B5D6
:10C14000FFF7CCFFEFF3008020F0104038BF40F045
:10C15000004080F3008870BDBDE8704070B500F00D
:10C160002BFB00BF0000000900F053B84FF0404027
:10C1700010F1004FEFF30080704751EA030C17D421
:10C180001CF5801F58BFBCF5801F00F10680994246
:10C1900018BF704708BF9042704707D711F5801F3E
:10C1A00058BF13F5801F26D49942704789427047C3
:10C1B0001CF5801F08D5BCF5801FF7D58B4218BF32
:10C1C000704708BF824270474FF4001C1CEB410FC0
:10C1D00038BF1CEB430F0ED28B42704770B5FFF790
:10C1E000CCFFEFF3008020F0104038BF40F000405B
:10C1F00080F3008870BD00F0DFFA00BF0000000986
:10C2000000F007B84FF0404010F1004FEFF300800E
:10C210007047491058BFC1F140415B1058BFC3F18E
:10C2200040438B42EFF30080704700002DE9C0418E
:10C2300030B4DFF8A0C23CEA111418BF3CEA131472
:10C2400000F0EC8081EA03051CEA111444EAD5747D
:10C2500018BF1CEA131500F0C780A4EB05044FF0CB
:10C26000004545EAC12145EAC32341EA505143EA6A
:10C27000525304F17F74994204F500344FEAC02010
:10C280004FEAC22208BF904200F09C804FEA13653B
:10C290000FF24016765D4FEA134506FB05F7C7F12E
:10C2A000807706FB07F74FEAD737A7FB036876428C
:10C2B000C8F58038A7FB06CE38BFA8F1010807FBF8
:10C2C00008E64FF0000EA6FB028CE6FB03CEDCF185
:10C2D000000CCEF1004E38BFAEF1010EA6FB0C589B
:10C2E0004FF000074FF00005E6FB0E87A1FB08C6E4
:10C2F000A0FB07CE16EB0E0645F10005E1FB076536
:10C3000015F1E04E7EBFA4F580345FEA46066D412C
:10C3100016F1800745F100054FEA17274FEA066638
:10C3200047EA0567A6F1DE46B6F1805F4FEA1525BC
:10C330001FD9384624F0010C05EBC471BCF1FE6F27
:10C3400001EB0C1102D8F0BCBDE8008124425CBFB7
:10C3500001F5801E9EEAC47F02D4F0BCBDE80081D6
:10C36000244238D4F0BCA1F1C041BDE8004100F046
:10C3700071BA4FEAD22242EA43524FEAD323A7FBD3
:10C3800002864FEAD02040EA415007FB03661EEACE
:10C390000E0F4FEAD12105FB026658BFA6EB0056EF
:10C3A000B6EB00564FEA520E4EEAC37E18EB0E0E65
:10C3B00056EB530EBDD518EB02085E417F1C55F1BC
:10C3C0000005B6E74FF480154FF000074FF0000668
:10C3D0004FF00008ADE7F0BC4FF0000001F1C041A4
:10C3E00001F00041BDE8008111EA0C1F0CEA1315B1
:10C3F00000D00CE013EA0C1F00F025804FF0000085
:10C40000F0BC81EA030101F00041BDE80081F0BC0D
:10C41000BDE8004181EA030100F01CBAF0BCBDE8B0
:10C42000004170B500F0C8F9097EFC3E00F007B885
:10C4300081EA03014FF0000001F00041704781EAFA
:10C44000030100F007BAF0BCBDE800414FF0000066
:10C4500021497047FFFDFBF9F7F5F4F2F0EEEDEB43
:10C46000E9E8E6E4E3E1E0DEDDDBDAD8D7D5D4D3F2
:10C47000D1D0CFCDCCCBCAC8C7C6C5C4C2C1C0BF3E
:10C48000BEBDBCBBBAB9B8B7B6B5B4B3B2B1B0AF44
:10C49000AEADACABAAA9A8A8A7A6A5A4A3A3A2A128
:10C4A000A09F9F9E9D9C9C9B9A99999897979695E3
:10C4B00095949393929191908F8F8E8E8D8C8C8B7F
:10C4C0008B8A898988888787868585848483838207
:10C4D000828181800000FF070000F87F4FEA41035E
:10C4E0004FEA5353A3F58063D3F11E03C8BFD3F1C2
:10C4F000210C0CDD4FF0004242EAC12242EA5052C8
:10C5000032FA03FC8CEAE17CACEBE1707047102B53
:10C51000C4BF0020704703F5787CBCF1FF3F04D016
:10C520006FF0004282EA2100704770B500F044F9D4
:10C530004992248000207047F2E700004FEA11532F
:10C54000A3F58063D3F11E03A8BFD3F1200C08DB51
:10C550004FF0004242EAC12252EA505232FA03F04E
:10C56000704709420BD4102BC4BF0020704703F55D
:10C57000787CBCF1FF3F05D04FF0FF3070474FF0A3
:10C580000000704770B500F017F900BF4992248091
:10C5900000207047F0E710F0004248BF4042B0FA78
:10C5A00080F310FA03F10AD0C3F11D0303F5806391
:10C5B0004FEA415002EB035202EBD12170474FF09A
:10C5C00000007047B0FA80F310FA03F10AD0C3F10B
:10C5D0001D0303F580634FEA41504FEA035202EB1B
:10C5E000D12170474FF000007047000051EA030C62
:10C5F00017D41CF5801F58BFBCF5801F00F10680C2
:10C60000994218BF704708BF9042704707D711F58D
:10C61000801F58BF13F5801F19D499427047894273
:10C6200070471CF5801F08D5BCF5801FF7D58B42DD
:10C6300018BF704708BF824270474FF4001C1CEBC4
:10C64000410F38BF1CEB430F01D28B42704770B5CE
:10C6500000F0B2F8922449004FF000514FF080539F
:10C66000FFF7D7BDDFF848C170B51CEA111E1EBF29
:10C670001CEA13159EEA0C0F95EA0C0F00F06F8070
:10C6800081EA030423EA4C134EEAD47E21EA4C11DA
:10C6900041F4801143F48013AE44A1FB024CA0FB93
:10C6A0000365AEF17F7E361955EB0C05A1FB034CFB
:10C6B0004CF10003A0FB021C16EB0C06654153F184
:10C6C0000003094218BF46F0010613F4007F0BD1A6
:10C6D0004FEA03314FEA0530340341EA155140EA8D
:10C6E00016506FF003020AE04FEAC3214FEAC5205B
:10C6F000F40241EA555140EA56506FF0020202EB53
:10C700002E4201EB025585EACE710AD05FEA440C55
:10C7100018BF24F0004450F1000041F1000120EA6C
:10C72000D47040F2FE7C624500D270BDA84214BFB6
:10C730004FF080444FF04044002E08BF0024BEF16B
:10C74000806FA8BFA1F1C041BDE8704080F2828037
:10C750004FF0000001F1C04101F0004170479EEA36
:10C760000C0F0CEA131518BF95EA0C0F06D04FF00A
:10C77000000081EA030E0EF0004170BD00F01CF8CD
:10C780008900013E00F007B800F009B84FEA430CF9
:10C790005FEA5C5C08D081EA030100F05BB84FEA15
:10C7A000410C5FEA5C5CF6D14FF000000149704734
:10C7B0000000FF070000F87F0EF1020E2EF0030EBE
:10C7C0005EF8046B364205D4012A43EB030515F5E8
:10C7D000001F12D8012841EB010C1CF5001F0CD8DA
:10C7E0000ED14FEAD17C15F5001F0CEB4C0C0CF16F
:10C7F000020C08BF4CEBD37C04E04FF0080C01E0C6
:10C800004FEAD37C0CEB4C0526FA05F606F007063A
:10C81000B6F1040C06D20EEB860CBDE870404CF06D
:10C82000010C6047DFE80CF0090B02024FF00041F9
:10C830004FF00000A1F5002170BD194610460128F7
:10C8400051EB010418BFD4F5001484BF002001F09F
:10C85000004170BD0808A0F500114FEA3101704792
:10C8600053EA010C17D41CF5801F58BFBCF5801F7C
:10C8700000F106808B4218BF704708BF82427047A4
:10C8800007D713F5801F58BF11F5801F19D48B42AD
:10C8900070479B4270471CF5801F08D5BCF5801F70
:10C8A000F7D5994218BF704708BF904270474FF4C0
:10C8B000001C1CEB430F38BF1CEB410F01D2994207
:10C8C00070470FB40CBC03BCFFF7C1BE91EA030F65
:10C8D00010B581F000413FF559AB83F0004300F003
:10C8E000D5B800002DE9F04101F5801CBCF5001F12
:10C8F000C0F2A9804FEA115C21EA0C510CF1FD0C49
:10C9000041F480115FEA5C0C0CF5C07C01D340005F
:10C91000494130A4890241EA905187028E0E0A0CE7
:10C92000A45D04FB04F602FB06F6C6F14046A4FB38
:10C930000662F60D46EA422606FB06F4A4FB012336
:10C940005242C3F1404338BF5B1EA6FB02420024A3
:10C95000E6FB0324D20B42EA4446A6FB0623A1FBD6
:10C9600002E2A3FB07E4E3FB61426442C2F1404EF2
:10C9700038BFAEF1010EA6FB04234FF00002E6FB28
:10C980000E32A2FB03463400E2FB6264A1FB06E622
:10C99000A4FB07E8E4FB61687642C8F1405838BF61
:10C9A000A8F10108A2FB06E4A3FB08E5E2FB68543A
:10C9B000A1FB05E6A7FB04E8E1FB648618F120056E
:10C9C00056F10006A809A8F11B08B10908F03F08B4
:10C9D000B8F10A0F40EA86601CD901EB0C51BDE8A2
:10C9E000F08100BFFCF5EEE8E2DDD8D3CFCBC7C3C2
:10C9F000C0BDB9B6B4B1AEACA9A7A5A3A19F9D9B7C
:10CA00009A9896959392908F8D8C8B89888786853E
:10CA100084838281A0FB006800FB01F208EB4208DE
:10CA2000B8EB872807D5341858EB0104D5D5401C3E
:10CA300051F10001D1E7341A78EB0104CDD4401E46
:10CA400071F10001C9E75FEA4C0C5FEA9C5C0DD113
:10CA500005D34FF0000001F00041BDE8F081BDE8D2
:10CA6000F04170B5FFF7A8FE6DDBFFBEBDE8F041F9
:10CA70004FF00000004970470000F87F10B591EAC0
:10CA8000030F48BF83F000433FF580AA841A71EB7F
:10CA9000030C07D212198CF0004C43EB0C03001B63
:10CAA00061EB0C01DFF8A4E14FEA1154A4EB135C35
:10CAB0001EEA430F18BF9EEA445F00F0B08023EAED
:10CAC0006E03524221EA0451C3EB6E0338BF5B1E72
:10CAD000DCF1200E25D322FA0CFE10EB0E0043FAF7
:10CAE0000CFE41EB0E01CCF1200E03FA0EFE10EB12
:10CAF0000E0051F10001CCF1200E29D412FA0EF2F1
:10CB000001EB0451BDE8104058BF7047401C1CBFEA
:10CB1000B2F1004F704700280CBF491C20F0010003
:10CB2000704712EB020E43EB030218BF4FF0010EE9
:10CB30004EEA4202ACF1200CDCF11E0E54D943FA4D
:10CB40000CFE10EB0E0051F1FF31CCF11E0ED5D5CD
:10CB50000EF1010E12FA0EFE404141EB010101EB14
:10CB6000445C5FEA5C5C10D910EBDE7001EB0451B1
:10CB700038BFBEF1004FBDE8104018BF7047002815
:10CB80000CBF491C20F00100704730D24FEAD42C72
:10CB900011F5001124F400641BD0B1FA81F20B3AB4
:10CBA000A41AA41ED2F12003914030FA03F31943D2
:10CBB000904001EBCC71002C01EB0451BDE810401A
:10CBC000A8BF704701F1C0414FF0000001F00041E3
:10CBD0007047B0FA80F310FA03F100D110BDE41AE7
:10CBE000173C4805C90AE4E701EB045110BD4910A0
:10CBF00001EB0451BDE810404FEA300002E04FF075
:10CC0000000170474A0008BF0042F8D0B2F5001F8B
:10CC100028BF704701F000414FF0000070479EEAC6
:10CC2000445F07D011EA5E0FBDE8104004BF002149
:10CC300000207047BDE8104070B5FFF7BDFD00BF94
:10CC400040DFF63E83F00041104670470000E0FFF1
:10CC500043004FEAD30C4FEA3C0C43401FBF400750
:10CC60000CF1605113F0FE4F70471CF0006F03D1C0
:10CC700000200CF0004170470CF0004343EA507074
:10CC800010B540EACC0000F00EF800BF00000092A2
:10CC90004FEA0001FFF7DEBD4FF000414FF000000A
:10CCA000A1F5002170470EF1020E2EF0030E5EF882
:10CCB000044B244204D44FEA4102B2F17F4F11D811
:10CCC0004FEA4003B3F17F4F0CD80ED14FEAD07C2E
:10CCD000B2F17F4F0CEB4C0C0CF1020C08BF4CEB8B
:10CCE000D17C04E04FF0080C01E04FEAD17C0CEB62
:10CCF0004C0324FA03F404F00704B4F1040C06D244
:10CD00000EEB840CBDE810404CF0010C6047DFE8EE
:10CD10000CF0070802024FF00040A0F5800010BDA3
:10CD20000846420018BFD2F1807288BF00F0004070
:10CD300010BD4FF04070E1EE100A7047FF2141EA4C
:10CD4000D050C00570470CF00F03092B08BF082016
:10CD500000F059800A2B0BD0082B18BF704708BF72
:10CD60001CF0400F0AD04FF000004FF00001704758
:10CD70001CF0400F18BF4FF0004070471CF0100F20
:10CD800008D020F0704300F07F4242EAD3014FEA1E
:10CD90004370704700F0604021F07F4242EA000299
:10CDA00001F07F4040EA727070474FF0FF0C4CF486
:10CDB000E06C1CEA11531CBF9CEA030C9445C2BFF3
:10CDC000DA4201EB02517047002B0DD0BCF1000F8D
:10CDD0000FD0002A01F00041A4BF41F0E04141F032
:10CDE0007F614FF00000704701F000414FF00000FC
:10CDF000704750EA01334FF09B0C18BF4CF0806C29
:10CE00007FF464A970471CF4801F11D01CF4E02F3C
:10CE100003D06FEACC31490070474FF04050EFF338
:10CE2000008222F0704242EA000282F300887047DA
:10CE30004FF000007047000000000000C01200002A
:10CE400080250000004B00000096000000E100007B
:10CE500000C20100008403000008070000100E005B
:10CE600000C1814001C0804101C0804100C18140BA
:10CE700001C0804100C1814000C1814001C08041AA
:10CE800001C0804100C1814000C1814001C080419A
:10CE900000C1814001C0804101C0804100C181408A
:10CEA00001C0804100C1814000C1814001C080417A
:10CEB00000C1814001C0804101C0804100C181406A
:10CEC00000C1814001C0804101C0804100C181405A
:10CED00001C0804100C1814000C1814001C080414A
:10CEE00001C0804100C1814000C1814001C080413A
:10CEF00000C1814001C0804101C0804100C181402A
:10CF000000C1814001C0804101C0804100C1814019
:10CF100001C0804100C1814000C1814001C0804109
:10CF200000C1814001C0804101C0804100C18140F9
:10CF300001C0804100C1814000C1814001C08041E9
:10CF400001C0804100C1814000C1814001C08041D9
:10CF500000C1814001C0804101C0804100C18140C9
:10CF600000C0C101C30302C2C60607C705C5C40489
:10CF7000CC0C0DCD0FCFCE0E0ACACB0BC90908C8F9
:10CF8000D81819D91BDBDA1A1EDEDF1FDD1D1CDCE9
:10CF900014D4D515D71716D6D21213D311D1D01059
:10CFA000F03031F133F3F23236F6F737F53534F449
:10CFB0003CFCFD3DFF3F3EFEFA3A3BFB39F9F838B9
:10CFC00028E8E929EB2B2AEAEE2E2FEF2DEDEC2CA9
:10CFD000E42425E527E7E62622E2E323E12120E019
:10CFE000A06061A163A3A26266A6A767A56564A409
:10CFF0006CACAD6DAF6F6EAEAA6A6BAB69A9A86879
:10D0000078B8B979BB7B7ABABE7E7FBF7DBDBC7C68
:10D01000B47475B577B7B67672B2B373B17170B0D8
:10D0200050909151935352929656579755959454C8
:10D030009C5C5D9D5F9F9E5E5A9A9B5B9959589838
:10D04000884849894B8B8A4A4E8E8F4F8D4D4C8C28
:10D050004484854587474686824243834181804098
:10D0600000000000000000000000000000000000C0
:10D07000000000F800000000000000333000000055
:10D0800000100C06100C060000000000000000005C
:10D0900040C07840C0784000043F04043F040400CE
:10D0A000007088FC08300000001820FF211E0000DE
:10D0B000F008F000E018000000211C031E211E00F3
:10D0C00000F00888700000001E2123241927211079
:10D0D00010160E000000000000000000000000001C
:10D0E000000000E0180402000000000718204000C3
:10D0F00000020418E00000000040201807000000B3
:10D10000404080F0804040000202010F0102020016
:10D11000000000F0000000000101011F01010100FA
:10D12000000000000000000080B07000000000005F
:10D1300000000000000000000001010101010101E8
:10D14000000000000000000000303000000000007F
:10D150000000000080601804006018060100000054
:10D1600000E010080810E000000F102020100F0051
:10D17000001010F8000000000020203F20200000D8
:10D180000070080808887000003028242221300030
:10D1900000300888884830000018202020110E0038
:10D1A0000000C02010F8000000070424243F2400E1
:10D1B00000F80888880808000019212020110E00B6
:10D1C00000E0108888180000000F112020110E00C8
:10D1D00000380808C83808000000003F00000000C0
:10D1E0000070880808887000001C222121221C0081
:10D1F00000E010080810E0000000312222110F00AA
:10D20000000000C0C000000000000030300000003E
:10D2100000000080000000000000806000000000AE
:10D2200000008040201008000001020408102000C7
:10D230004040404040404000040404040404040012
:10D2400000081020408000000020100804020100A7
:10D25000007048080808F0000000003036010000A7
:10D26000C030C828E810E0000718272423140B005A
:10D270000000C038E0000000203C230202273820D4
:10D2800008F8888888700000203F202020110E00B8
:10D29000C0300808080838000718202020100800AF
:10D2A00008F808080810E000203F202020100F0098
:10D2B00008F88888E8081000203F20202320180064
:10D2C00008F88888E8081000203F200003000000CC
:10D2D000C03008080838000007182020221E02006D
:10D2E00008F808000008F808203F210101213F202C
:10D2F000000808F8080800000020203F2020000057
:10D3000000000808F8080800C08080807F00000046
:10D3100008F888C028180800203F2001263820007F
:10D3200008F8080000000000203F202020203000E6
:10D3300008F8F800F8F80800203F003F003F200000
:10D3400008F830C00008F808203F200007183F0008
:10D35000E01008080810E0000F10202020100F0037
:10D3600008F808080808F000203F2101010100002A
:10D37000E01008080810E0000F18242438504F006F
:10D3800008F8888888887000203F2000030C30202F
:10D3900000708808080838000038202121221C006D
:10D3A000180808F8080818000000203F20000000B6
:10D3B00008F808000008F808001F202020201F009F
:10D3C0000878880000C83808000007380E010000FF
:10D3D000F80800F80008F800033C0700073C0300C9
:10D3E000081868808068180820302C03032C30202F
:10D3F0000838C800C83808000000203F200000009E
:10D4000010080808C83808002038262120201800F5
:10D41000000000FE020202000000007F40404000C9
:10D42000000C30C000000000000000010638C00001
:10D4300000020202FE000000004040407F000000A9
:10D4400000000402020204000000000000000000CE
:10D4500000000000000000008080808080808080CC
:10D4600000020204000000000000000000000000B4
:10D4700000008080808000000019242222223F20AA
:10D4800008F8008080000000003F112020110E00ED
:10D490000000008080800000000E1120202011007C
:10D4A000000000808088F800000E112020103F202E
:10D4B0000000808080800000001F222222221300B2
:10D4C000008080F0888888180020203F20200000FD
:10D4D0000000808080808000006B949494936000B2
:10D4E00008F8008080800000203F210000203F20BD
:10D4F00000809898000000000020203F20200000BD
:10D50000000000809898000000C08080807F0000AC
:10D5100008F8000080808000203F24022D30200089
:10D52000000808F8000000000020203F2020000034
:10D530008080808080808000203F20003F20003F4E
:10D540008080008080800000203F210000203F205C
:10D550000000808080800000001F202020201F000D
:10D56000808000808000000080FFA12020110E003C
:10D570000000008080808000000E112020A0FF802D
:10D58000808080008080800020203F2120000100DA
:10D59000000080808080800000332424242419002F
:10D5A000008080E0808000000000001F202000003C
:10D5B0008080000000808000001F202020103F207D
:10D5C000808080000080808000010E30080601000D
:10D5D00080800080008080800F300C030C300F00B2
:10D5E00000808000808080000020312E0E312000DD
:10D5F000808080000080808080818E70180601000D
:10D6000000808080808080000021302C222130002A
:10D6100000000000807C020200000000003F40404B
:10D6200000000000FF00000000000000FF000000FC
:10D630000002027C800000000040403F000000002B
:10D6400000060101020204040000000000000000C6
:10D65000000000000000F03F000000000000F83F64
:10D6600000000000000000000000004003B8E23F9E
:10D67000000000000000000006D0CF43EBFD4C3E50
:10D68000033333333333E33FFFAB6FDBB66DDB3F45
:10D690004D268F515555D53F01411DA96074D13F8D
:10D6A00065DBC9934A86CD3FEF4E454A287ECA3F87
:10D6B0003E5555555555C53F93BDBE166CC166BF09
:10D6C0002CDE25AF6A56113FF16BD2C541BDBBBE02
:10D6D000D0A4BE726937663E000000000000000062
:10D6E00000D700080000002090010000C4010008DD
:10D6F00094D7000890010020280A000020020008AA
:10D70000412D0102030404C50607080932323246DE
:10D71000023BE6ADCDCC9A420881133D556E08CD53
:10D72000CC2C4004C113D55422088BA04104A11A6B
:10D73000093851021AFF09191B21847A030A89F456
:10D740004B68C2682377431ACCA8190C8B80880CCD
:10D75000111A640C1A600C1EFE426666460C1A40D2
:10D76000B013FE423F80794333336F18111B40954D
:10D77000181A720C1A5C183F43436666E63F0C1198
:10D780001A76181A48082D5442CD4C24819A160C4A
:04D79000A1000000F4
:040000050800018965
:00000001FF
