ISO-10303-21;
HEADER;
FILE_DESCRIPTION(('CATIA V5 STEP Exchange','CAx-IF Rec.Pracs.--- Model Styling and Organization---1.5--- 2016-08-15','CAx-IF Rec.Pracs.---Supplemental Geometry---1.0---2011-11-01','CAx-IF Rec.Pracs.--- Composite Materials ---3.4---2017-06-13','CAx-IF Rec.Pracs.---Tessellated 3D Geometry---1.0---2015-12-17'),'2;1');

FILE_NAME('C:\\Users\\PH\\Desktop\\\X2\5DE5521B72696D418D446599\X0\\\1\X2\7ED367846A21578B53CA\X0\PCB\\\X2\7ED367846A21578B\X0\\\\X2\6253537090E84EF6\X0\\\30mm\X2\7269575752FE722A4E0B\X0\2.stp','2026-07-19T08:16:03+00:00',('none'),('none'),'CATIA Version 5-6 Release 2021 SP7','CATIA V5 STEP AP242 v2','none');

FILE_SCHEMA(('AP242_MANAGED_MODEL_BASED_3D_ENGINEERING_MIM_LF  {1 0 10303 442 1 1 4}'));

ENDSEC;
DATA;
#5=PRODUCT('Product3','','',(#2)) ;
#26=PRODUCT('Part7','','',(#2)) ;
#2=PRODUCT_CONTEXT(' ',#1,'mechanical') ;
#1=APPLICATION_CONTEXT('managed model based 3d engineering') ;
#13=PRODUCT_DEFINITION('',' ',#6,#3) ;
#28=PRODUCT_DEFINITION('',' ',#27,#3) ;
#3=PRODUCT_DEFINITION_CONTEXT('part definition',#1,' ') ;
#16=PRODUCT_DEFINITION_SHAPE(' ',' ',#13) ;
#29=PRODUCT_DEFINITION_SHAPE(' ',' ',#28) ;
#2637=PRODUCT_DEFINITION_SHAPE(' ',' ',#2636) ;
#2649=MECHANICAL_DESIGN_GEOMETRIC_PRESENTATION_REPRESENTATION(' ',(#38,#1337),#21) ;
#2650=MECHANICAL_DESIGN_GEOMETRIC_PRESENTATION_REPRESENTATION(' ',(#2617,#2625,#2633),#21) ;
#7=PRODUCT_CATEGORY('part','specification') ;
#10=PRODUCT_CATEGORY('part','specification') ;
#15=SHAPE_REPRESENTATION(' ',(#2641),#21) ;
#24=SHAPE_REPRESENTATION(' ',(#2642),#23) ;
#2602=TRIMMED_CURVE('',#2599,(#2600),(#2601),.T.,.CARTESIAN.) ;
#2610=TRIMMED_CURVE('',#2607,(#2608),(#2609),.T.,.CARTESIAN.) ;
#40=CARTESIAN_POINT('Axis2P3D Location',(-5.72502561785E-31,-1.70591718835E-30,224.537331944)) ;
#45=CARTESIAN_POINT('Line Origine',(-48.3198276772,9.84181135722,224.537331944)) ;
#49=CARTESIAN_POINT('Vertex',(-49.555998655,10.934307592,224.537331944)) ;
#51=CARTESIAN_POINT('Vertex',(-47.0836566994,8.74931512248,224.537331944)) ;
#54=CARTESIAN_POINT('Line Origine',(-51.0128832768,9.28582732248,224.537331944)) ;
#58=CARTESIAN_POINT('Vertex',(-52.4697678985,7.637347053,224.537331944)) ;
#61=CARTESIAN_POINT('Line Origine',(-51.2335969207,6.54485081826,224.537331944)) ;
#65=CARTESIAN_POINT('Vertex',(-49.9974259429,5.45235458352,224.537331944)) ;
#68=CARTESIAN_POINT('Line Origine',(-48.5405413211,7.100834853,224.537331944)) ;
#80=CARTESIAN_POINT('Axis2P3D Location',(-49.555998655,10.934307592,224.537331944)) ;
#85=CARTESIAN_POINT('Line Origine',(-49.555998655,10.934307592,230.537331944)) ;
#89=CARTESIAN_POINT('Vertex',(-49.555998655,10.934307592,236.537331944)) ;
#92=CARTESIAN_POINT('Line Origine',(-47.0836566994,8.74931512248,230.537331944)) ;
#96=CARTESIAN_POINT('Vertex',(-47.0836566994,8.74931512248,236.537331944)) ;
#99=CARTESIAN_POINT('Line Origine',(-48.3198276772,9.84181135722,236.537331944)) ;
#111=CARTESIAN_POINT('Axis2P3D Location',(-52.4697678985,7.637347053,224.537331944)) ;
#116=CARTESIAN_POINT('Line Origine',(-52.4697678985,7.637347053,230.537331944)) ;
#120=CARTESIAN_POINT('Vertex',(-52.4697678985,7.637347053,236.537331944)) ;
#123=CARTESIAN_POINT('Line Origine',(-51.0128832768,9.28582732248,236.537331944)) ;
#134=CARTESIAN_POINT('Axis2P3D Location',(-51.0128832768,9.28582732248,232.537331944)) ;
#138=CARTESIAN_POINT('Vertex',(-51.7413255876,8.46158718774,232.537331944)) ;
#140=CARTESIAN_POINT('Vertex',(-50.2844409659,10.1100674572,232.537331944)) ;
#143=CARTESIAN_POINT('Axis2P3D Location',(-51.0128832768,9.28582732248,232.537331944)) ;
#152=CARTESIAN_POINT('Axis2P3D Location',(-51.0128832768,9.28582732248,228.537331944)) ;
#156=CARTESIAN_POINT('Vertex',(-51.7413255876,8.46158718774,228.537331944)) ;
#158=CARTESIAN_POINT('Vertex',(-50.2844409659,10.1100674572,228.537331944)) ;
#161=CARTESIAN_POINT('Axis2P3D Location',(-51.0128832768,9.28582732248,228.537331944)) ;
#171=CARTESIAN_POINT('Axis2P3D Location',(-49.9974259429,5.45235458352,224.537331944)) ;
#176=CARTESIAN_POINT('Line Origine',(-49.9974259429,5.45235458352,230.537331944)) ;
#180=CARTESIAN_POINT('Vertex',(-49.9974259429,5.45235458352,236.537331944)) ;
#183=CARTESIAN_POINT('Line Origine',(-51.2335969207,6.54485081826,236.537331944)) ;
#195=CARTESIAN_POINT('Axis2P3D Location',(-47.0836566994,8.74931512248,224.537331944)) ;
#200=CARTESIAN_POINT('Line Origine',(-48.5405413211,7.100834853,236.537331944)) ;
#211=CARTESIAN_POINT('Axis2P3D Location',(-48.5405413211,7.100834853,232.537331944)) ;
#215=CARTESIAN_POINT('Vertex',(-47.8120990102,7.92507498774,232.537331944)) ;
#217=CARTESIAN_POINT('Vertex',(-49.268983632,6.27659471826,232.537331944)) ;
#220=CARTESIAN_POINT('Axis2P3D Location',(-48.5405413211,7.100834853,232.537331944)) ;
#229=CARTESIAN_POINT('Axis2P3D Location',(-48.5405413211,7.100834853,228.537331944)) ;
#233=CARTESIAN_POINT('Vertex',(-47.8120990102,7.92507498774,228.537331944)) ;
#235=CARTESIAN_POINT('Vertex',(-49.268983632,6.27659471826,228.537331944)) ;
#238=CARTESIAN_POINT('Axis2P3D Location',(-48.5405413211,7.100834853,228.537331944)) ;
#248=CARTESIAN_POINT('Axis2P3D Location',(6.26729764798E-62,0.,236.537331944)) ;
#253=CARTESIAN_POINT('Axis2P3D Location',(-35.3590616556,-4.00174112172,236.537331944)) ;
#257=CARTESIAN_POINT('Vertex',(-38.3590616556,18.6251325647,236.537331944)) ;
#259=CARTESIAN_POINT('Vertex',(-38.3590616556,-26.6286148081,236.537331944)) ;
#262=CARTESIAN_POINT('Line Origine',(-37.8590616556,-22.7482123386,236.537331944)) ;
#266=CARTESIAN_POINT('Vertex',(-37.3590616556,-18.867809869,236.537331944)) ;
#269=CARTESIAN_POINT('Axis2P3D Location',(-35.3590616556,-4.00174112172,236.537331944)) ;
#273=CARTESIAN_POINT('Vertex',(-37.3590616556,10.8643276256,236.537331944)) ;
#276=CARTESIAN_POINT('Line Origine',(-37.8590616556,14.7447300951,236.537331944)) ;
#293=CARTESIAN_POINT('Line Origine',(-48.3198276772,-17.8418113572,236.537331944)) ;
#297=CARTESIAN_POINT('Vertex',(-49.555998655,-18.934307592,236.537331944)) ;
#299=CARTESIAN_POINT('Vertex',(-47.0836566994,-16.7493151225,236.537331944)) ;
#302=CARTESIAN_POINT('Line Origine',(-51.0128832768,-17.2858273225,236.537331944)) ;
#306=CARTESIAN_POINT('Vertex',(-52.4697678985,-15.637347053,236.537331944)) ;
#309=CARTESIAN_POINT('Line Origine',(-51.2335969207,-14.5448508183,236.537331944)) ;
#313=CARTESIAN_POINT('Vertex',(-49.9974259429,-13.4523545835,236.537331944)) ;
#316=CARTESIAN_POINT('Line Origine',(-48.5405413211,-15.100834853,236.537331944)) ;
#328=CARTESIAN_POINT('Axis2P3D Location',(-55.3588767145,13.1267049617,232.537331944)) ;
#333=CARTESIAN_POINT('Line Origine',(-50.1345791232,9.9776234007,232.537331944)) ;
#337=CARTESIAN_POINT('Vertex',(-51.9970600987,11.6236363629,232.537331944)) ;
#341=CARTESIAN_POINT('Control Point',(-51.9970600987,11.6236363629,232.537331944)) ;
#342=CARTESIAN_POINT('Control Point',(-51.9970598564,11.6236361488,232.246511062)) ;
#343=CARTESIAN_POINT('Control Point',(-52.0628873071,11.5535479796,231.955703099)) ;
#344=CARTESIAN_POINT('Control Point',(-52.1951303499,11.4130327845,231.707655571)) ;
#345=CARTESIAN_POINT('Control Point',(-52.6065280042,10.9575127687,231.315946857)) ;
#346=CARTESIAN_POINT('Control Point',(-53.0873827048,10.3850510412,231.450568037)) ;
#347=CARTESIAN_POINT('Control Point',(-53.3126764941,10.0935235465,231.736394602)) ;
#348=CARTESIAN_POINT('Control Point',(-53.4243099114,9.94896560857,232.13686326)) ;
#349=CARTESIAN_POINT('Control Point',(-53.4243099114,9.94896560857,232.537331944)) ;
#350=CARTESIAN_POINT('Vertex',(-53.4243099114,9.94896560857,232.537331944)) ;
#353=CARTESIAN_POINT('Line Origine',(-51.591463745,8.32914313122,232.537331944)) ;
#366=CARTESIAN_POINT('Control Point',(-53.4243099114,9.94896560857,232.537331944)) ;
#367=CARTESIAN_POINT('Control Point',(-53.4243099114,9.94896560857,232.817260497)) ;
#368=CARTESIAN_POINT('Control Point',(-53.3697653447,10.0195972374,233.097189038)) ;
#369=CARTESIAN_POINT('Control Point',(-53.2605345901,10.1613348069,233.338782844)) ;
#370=CARTESIAN_POINT('Control Point',(-53.0338785645,10.4442791363,233.590171085)) ;
#371=CARTESIAN_POINT('Control Point',(-52.7627566096,10.767058437,233.649853074)) ;
#372=CARTESIAN_POINT('Control Point',(-52.6699307517,10.8757439659,233.646958643)) ;
#373=CARTESIAN_POINT('Control Point',(-52.4012867438,11.1851420108,233.571857728)) ;
#374=CARTESIAN_POINT('Control Point',(-52.168785941,11.4410189663,233.315443508)) ;
#375=CARTESIAN_POINT('Control Point',(-52.0541650606,11.5628365398,233.079077626)) ;
#376=CARTESIAN_POINT('Control Point',(-51.9970603244,11.6236365624,232.808199181)) ;
#377=CARTESIAN_POINT('Control Point',(-51.9970600987,11.6236363629,232.537331944)) ;
#386=CARTESIAN_POINT('Axis2P3D Location',(-55.3588767145,13.1267049617,228.537331944)) ;
#391=CARTESIAN_POINT('Line Origine',(-50.1345791232,9.9776234007,228.537331944)) ;
#395=CARTESIAN_POINT('Vertex',(-51.9970600987,11.6236363629,228.537331944)) ;
#399=CARTESIAN_POINT('Control Point',(-51.9970600987,11.6236363629,228.537331944)) ;
#400=CARTESIAN_POINT('Control Point',(-51.9970598564,11.6236361488,228.246511062)) ;
#401=CARTESIAN_POINT('Control Point',(-52.0628873071,11.5535479797,227.955703099)) ;
#402=CARTESIAN_POINT('Control Point',(-52.1951303499,11.4130327845,227.707655571)) ;
#403=CARTESIAN_POINT('Control Point',(-52.6065280042,10.9575127687,227.315946857)) ;
#404=CARTESIAN_POINT('Control Point',(-53.0873827047,10.3850510413,227.450568037)) ;
#405=CARTESIAN_POINT('Control Point',(-53.3126764941,10.0935235465,227.736394602)) ;
#406=CARTESIAN_POINT('Control Point',(-53.4243099114,9.94896560857,228.13686326)) ;
#407=CARTESIAN_POINT('Control Point',(-53.4243099114,9.94896560857,228.537331944)) ;
#408=CARTESIAN_POINT('Vertex',(-53.4243099114,9.94896560857,228.537331944)) ;
#411=CARTESIAN_POINT('Line Origine',(-51.591463745,8.32914313122,228.537331944)) ;
#424=CARTESIAN_POINT('Control Point',(-53.4243099114,9.94896560857,228.537331944)) ;
#425=CARTESIAN_POINT('Control Point',(-53.4243099114,9.94896560857,228.817260497)) ;
#426=CARTESIAN_POINT('Control Point',(-53.3697653446,10.0195972374,229.097189038)) ;
#427=CARTESIAN_POINT('Control Point',(-53.2605345902,10.1613348068,229.338782844)) ;
#428=CARTESIAN_POINT('Control Point',(-53.0338785646,10.4442791362,229.590171084)) ;
#429=CARTESIAN_POINT('Control Point',(-52.7627566097,10.7670584369,229.649853074)) ;
#430=CARTESIAN_POINT('Control Point',(-52.6699307516,10.875743966,229.646958643)) ;
#431=CARTESIAN_POINT('Control Point',(-52.4012867436,11.185142011,229.571857727)) ;
#432=CARTESIAN_POINT('Control Point',(-52.1687859408,11.4410189665,229.315443508)) ;
#433=CARTESIAN_POINT('Control Point',(-52.0541650606,11.5628365398,229.079077626)) ;
#434=CARTESIAN_POINT('Control Point',(-51.9970603244,11.6236365624,228.808199181)) ;
#435=CARTESIAN_POINT('Control Point',(-51.9970600987,11.6236363629,228.537331944)) ;
#444=CARTESIAN_POINT('Line Origine',(-51.591463745,8.32914313122,232.537331944)) ;
#448=CARTESIAN_POINT('Vertex',(-47.5414288815,4.74982609634,232.537331944)) ;
#452=CARTESIAN_POINT('Control Point',(-46.1297172667,6.4382291119,232.537331944)) ;
#453=CARTESIAN_POINT('Control Point',(-46.1297169344,6.43822881821,232.247126523)) ;
#454=CARTESIAN_POINT('Control Point',(-46.1964011147,6.36944012111,231.956931391)) ;
#455=CARTESIAN_POINT('Control Point',(-46.3303851977,6.23165304507,231.709277232)) ;
#456=CARTESIAN_POINT('Control Point',(-46.7439272022,5.77903422047,231.316161066)) ;
#457=CARTESIAN_POINT('Control Point',(-47.2179574574,5.19968544318,231.449328965)) ;
#458=CARTESIAN_POINT('Control Point',(-47.4341191687,4.89920349298,231.734752602)) ;
#459=CARTESIAN_POINT('Control Point',(-47.5414288815,4.74982609634,232.136042243)) ;
#460=CARTESIAN_POINT('Control Point',(-47.5414288815,4.74982609634,232.537331944)) ;
#461=CARTESIAN_POINT('Vertex',(-46.1297172667,6.4382291119,232.537331944)) ;
#464=CARTESIAN_POINT('Line Origine',(-50.1345791232,9.9776234007,232.537331944)) ;
#477=CARTESIAN_POINT('Control Point',(-47.5414288815,4.74982609634,232.537331944)) ;
#478=CARTESIAN_POINT('Control Point',(-47.5414288815,4.74982609634,232.816899514)) ;
#479=CARTESIAN_POINT('Control Point',(-47.4893458102,4.82232683654,233.096467055)) ;
#480=CARTESIAN_POINT('Control Point',(-47.3852049562,4.96773495903,233.337494648)) ;
#481=CARTESIAN_POINT('Control Point',(-47.1661756646,5.25584944657,233.589103071)) ;
#482=CARTESIAN_POINT('Control Point',(-46.8996467066,5.58186648001,233.64973739)) ;
#483=CARTESIAN_POINT('Control Point',(-46.8077549455,5.6914426199,233.647187554)) ;
#484=CARTESIAN_POINT('Control Point',(-46.5400890509,6.0026842234,233.572926007)) ;
#485=CARTESIAN_POINT('Control Point',(-46.3050868157,6.25766032411,233.316701904)) ;
#486=CARTESIAN_POINT('Control Point',(-46.1880265695,6.37808134588,233.080078199)) ;
#487=CARTESIAN_POINT('Control Point',(-46.1297175775,6.43822938652,232.808700573)) ;
#488=CARTESIAN_POINT('Control Point',(-46.1297172667,6.4382291119,232.537331944)) ;
#497=CARTESIAN_POINT('Line Origine',(-51.591463745,8.32914313122,228.537331944)) ;
#501=CARTESIAN_POINT('Vertex',(-47.5414288815,4.74982609634,228.537331944)) ;
#505=CARTESIAN_POINT('Control Point',(-46.1297172667,6.4382291119,228.537331944)) ;
#506=CARTESIAN_POINT('Control Point',(-46.1297169344,6.43822881821,228.247126523)) ;
#507=CARTESIAN_POINT('Control Point',(-46.1964011147,6.36944012113,227.956931391)) ;
#508=CARTESIAN_POINT('Control Point',(-46.3303851977,6.23165304503,227.709277232)) ;
#509=CARTESIAN_POINT('Control Point',(-46.7439272023,5.77903422033,227.316161066)) ;
#510=CARTESIAN_POINT('Control Point',(-47.2179574576,5.1996854429,227.449328965)) ;
#511=CARTESIAN_POINT('Control Point',(-47.4341191687,4.8992034931,227.734752601)) ;
#512=CARTESIAN_POINT('Control Point',(-47.5414288815,4.74982609634,228.136042243)) ;
#513=CARTESIAN_POINT('Control Point',(-47.5414288815,4.74982609634,228.537331944)) ;
#514=CARTESIAN_POINT('Vertex',(-46.1297172667,6.4382291119,228.537331944)) ;
#517=CARTESIAN_POINT('Line Origine',(-50.1345791232,9.9776234007,228.537331944)) ;
#530=CARTESIAN_POINT('Control Point',(-47.5414288815,4.74982609634,228.537331944)) ;
#531=CARTESIAN_POINT('Control Point',(-47.5414288815,4.74982609634,228.816899514)) ;
#532=CARTESIAN_POINT('Control Point',(-47.4893458101,4.82232683658,229.096467055)) ;
#533=CARTESIAN_POINT('Control Point',(-47.3852049563,4.96773495891,229.337494648)) ;
#534=CARTESIAN_POINT('Control Point',(-47.1661756646,5.2558494465,229.589103071)) ;
#535=CARTESIAN_POINT('Control Point',(-46.8996467066,5.58186648001,229.64973739)) ;
#536=CARTESIAN_POINT('Control Point',(-46.8077549455,5.6914426199,229.647187554)) ;
#537=CARTESIAN_POINT('Control Point',(-46.5400890509,6.00268422345,229.572926007)) ;
#538=CARTESIAN_POINT('Control Point',(-46.3050868156,6.25766032419,229.316701904)) ;
#539=CARTESIAN_POINT('Control Point',(-46.1880265695,6.37808134585,229.080078199)) ;
#540=CARTESIAN_POINT('Control Point',(-46.1297175775,6.43822938652,228.808700573)) ;
#541=CARTESIAN_POINT('Control Point',(-46.1297172667,6.4382291119,228.537331944)) ;
#550=CARTESIAN_POINT('Axis2P3D Location',(-35.3590616556,-4.00174112172,230.537331944)) ;
#555=CARTESIAN_POINT('Axis2P3D Location',(-35.3590616556,-4.00174112172,224.537331944)) ;
#559=CARTESIAN_POINT('Vertex',(-38.3590616556,18.6251325647,224.537331944)) ;
#561=CARTESIAN_POINT('Vertex',(-38.3590616556,-26.6286148081,224.537331944)) ;
#564=CARTESIAN_POINT('Line Origine',(-38.3590616556,-26.6286148081,230.537331944)) ;
#569=CARTESIAN_POINT('Line Origine',(-38.3590616556,18.6251325647,230.537331944)) ;
#589=CARTESIAN_POINT('Control Point',(-52.0159568612,-19.6069727742,232.537331944)) ;
#590=CARTESIAN_POINT('Control Point',(-52.0159568612,-19.6069727742,232.814435912)) ;
#591=CARTESIAN_POINT('Control Point',(-52.0770273959,-19.5417865906,233.091536941)) ;
#592=CARTESIAN_POINT('Control Point',(-52.1996817608,-19.4111336536,233.329930017)) ;
#593=CARTESIAN_POINT('Control Point',(-52.594217852,-18.974584771,233.726981326)) ;
#594=CARTESIAN_POINT('Control Point',(-53.0686182797,-18.4117404505,233.614267599)) ;
#595=CARTESIAN_POINT('Control Point',(-53.2973393144,-18.1165507361,233.334293069)) ;
#596=CARTESIAN_POINT('Control Point',(-53.4105841704,-17.9702037328,232.935802016)) ;
#597=CARTESIAN_POINT('Control Point',(-53.4105860769,-17.970201269,232.537331967)) ;
#598=CARTESIAN_POINT('Vertex',(-52.0159568612,-19.6069727742,232.537331944)) ;
#600=CARTESIAN_POINT('Vertex',(-53.4105863375,-17.9702011288,232.537331944)) ;
#604=CARTESIAN_POINT('Control Point',(-53.4105860769,-17.970201269,232.537331967)) ;
#605=CARTESIAN_POINT('Control Point',(-53.4105874928,-17.9701994392,232.241404941)) ;
#606=CARTESIAN_POINT('Control Point',(-53.3481307665,-18.0509126395,231.9454895)) ;
#607=CARTESIAN_POINT('Control Point',(-53.22299184,-18.2129824477,231.697103668)) ;
#608=CARTESIAN_POINT('Control Point',(-52.8346785846,-18.6936379627,231.338435798)) ;
#609=CARTESIAN_POINT('Control Point',(-52.36205265,-19.237593849,231.499936841)) ;
#610=CARTESIAN_POINT('Control Point',(-52.1305898958,-19.4846144212,231.778040304)) ;
#611=CARTESIAN_POINT('Control Point',(-52.0159568612,-19.6069727742,232.157683366)) ;
#612=CARTESIAN_POINT('Control Point',(-52.0159568612,-19.6069727742,232.537331944)) ;
#619=CARTESIAN_POINT('Control Point',(-52.0159568612,-19.6069727742,228.537331944)) ;
#620=CARTESIAN_POINT('Control Point',(-52.0159568612,-19.6069727742,228.814435912)) ;
#621=CARTESIAN_POINT('Control Point',(-52.0770273959,-19.5417865906,229.091536941)) ;
#622=CARTESIAN_POINT('Control Point',(-52.1996817608,-19.4111336536,229.329930017)) ;
#623=CARTESIAN_POINT('Control Point',(-52.5942178521,-18.9745847709,229.726981326)) ;
#624=CARTESIAN_POINT('Control Point',(-53.0686182797,-18.4117404504,229.614267599)) ;
#625=CARTESIAN_POINT('Control Point',(-53.2973393144,-18.1165507361,229.334293069)) ;
#626=CARTESIAN_POINT('Control Point',(-53.4105841704,-17.9702037328,228.935802017)) ;
#627=CARTESIAN_POINT('Control Point',(-53.4105860769,-17.970201269,228.537331967)) ;
#628=CARTESIAN_POINT('Vertex',(-52.0159568612,-19.6069727742,228.537331944)) ;
#630=CARTESIAN_POINT('Vertex',(-53.4105863375,-17.9702011288,228.537331944)) ;
#634=CARTESIAN_POINT('Control Point',(-53.4105860769,-17.970201269,228.537331967)) ;
#635=CARTESIAN_POINT('Control Point',(-53.4105874928,-17.9701994392,228.241404941)) ;
#636=CARTESIAN_POINT('Control Point',(-53.3481307665,-18.0509126394,227.9454895)) ;
#637=CARTESIAN_POINT('Control Point',(-53.22299184,-18.2129824478,227.697103668)) ;
#638=CARTESIAN_POINT('Control Point',(-52.8346785846,-18.6936379627,227.338435798)) ;
#639=CARTESIAN_POINT('Control Point',(-52.3620526501,-19.237593849,227.499936841)) ;
#640=CARTESIAN_POINT('Control Point',(-52.1305898958,-19.4846144212,227.778040304)) ;
#641=CARTESIAN_POINT('Control Point',(-52.0159568612,-19.6069727742,228.157683366)) ;
#642=CARTESIAN_POINT('Control Point',(-52.0159568612,-19.6069727742,228.537331944)) ;
#649=CARTESIAN_POINT('Axis2P3D Location',(-35.3590616556,-4.00174112172,223.986049489)) ;
#655=CARTESIAN_POINT('Control Point',(-38.3590616556,-26.6286148081,224.537331944)) ;
#656=CARTESIAN_POINT('Control Point',(-38.3446607208,-26.5168519628,224.366791256)) ;
#657=CARTESIAN_POINT('Control Point',(-38.3361918406,-26.4511266698,224.165286384)) ;
#658=CARTESIAN_POINT('Control Point',(-38.3353127916,-26.4443045071,223.9532867)) ;
#659=CARTESIAN_POINT('Control Point',(-38.3413631138,-26.4912598774,223.754437413)) ;
#660=CARTESIAN_POINT('Vertex',(-38.3413631138,-26.4912598774,223.754437413)) ;
#664=CARTESIAN_POINT('Control Point',(-38.3590616556,18.6251325647,224.537331944)) ;
#665=CARTESIAN_POINT('Control Point',(-38.3446607208,18.5133697194,224.366791256)) ;
#666=CARTESIAN_POINT('Control Point',(-38.3361918406,18.4476444264,224.165286384)) ;
#667=CARTESIAN_POINT('Control Point',(-38.3353127916,18.4408222636,223.9532867)) ;
#668=CARTESIAN_POINT('Control Point',(-38.3413631138,18.487777634,223.754437413)) ;
#669=CARTESIAN_POINT('Vertex',(-38.3413631138,18.487777634,223.754437413)) ;
#672=CARTESIAN_POINT('Axis2P3D Location',(-35.3590616556,-4.00174112172,223.754437413)) ;
#676=CARTESIAN_POINT('Vertex',(-58.0267928453,-4.92181642311,223.754437413)) ;
#679=CARTESIAN_POINT('Axis2P3D Location',(-35.3590616556,-4.00174112172,223.754437413)) ;
#692=CARTESIAN_POINT('Axis2P3D Location',(-35.3590616556,-4.00174112172,230.537331944)) ;
#697=CARTESIAN_POINT('Axis2P3D Location',(-35.3590616556,-4.00174112172,224.537331944)) ;
#701=CARTESIAN_POINT('Vertex',(-37.3590616556,-18.867809869,224.537331944)) ;
#703=CARTESIAN_POINT('Vertex',(-50.3467205043,-4.61008496597,224.537331944)) ;
#706=CARTESIAN_POINT('Axis2P3D Location',(-35.3590616556,-4.00174112172,224.537331944)) ;
#710=CARTESIAN_POINT('Vertex',(-37.3590616556,10.8643276256,224.537331944)) ;
#713=CARTESIAN_POINT('Line Origine',(-37.3590616556,10.8643276256,224.537331944)) ;
#718=CARTESIAN_POINT('Line Origine',(-37.3590616556,-18.867809869,224.537331944)) ;
#739=CARTESIAN_POINT('Control Point',(-47.528285737,-12.7715749432,232.537331935)) ;
#740=CARTESIAN_POINT('Control Point',(-47.5282870669,-12.7715730978,232.241936252)) ;
#741=CARTESIAN_POINT('Control Point',(-47.4686658236,-12.8543049128,231.946538284)) ;
#742=CARTESIAN_POINT('Control Point',(-47.3494302015,-13.0202922671,231.698840551)) ;
#743=CARTESIAN_POINT('Control Point',(-46.972828126,-13.5093102274,231.338833935)) ;
#744=CARTESIAN_POINT('Control Point',(-46.5021331508,-14.0561461891,231.498320239)) ;
#745=CARTESIAN_POINT('Control Point',(-46.2659190208,-14.3007129957,231.776589475)) ;
#746=CARTESIAN_POINT('Control Point',(-46.148934527,-14.4218487708,232.156957938)) ;
#747=CARTESIAN_POINT('Control Point',(-46.148934527,-14.4218487708,232.537331944)) ;
#748=CARTESIAN_POINT('Vertex',(-47.5282860277,-12.7715748422,232.537331944)) ;
#750=CARTESIAN_POINT('Vertex',(-46.148934527,-14.4218487708,232.537331944)) ;
#754=CARTESIAN_POINT('Control Point',(-46.148934527,-14.4218487708,232.537331944)) ;
#755=CARTESIAN_POINT('Control Point',(-46.148934527,-14.4218487708,232.814378252)) ;
#756=CARTESIAN_POINT('Control Point',(-46.2109944696,-14.3575865852,233.091421618)) ;
#757=CARTESIAN_POINT('Control Point',(-46.3356625232,-14.2288927193,233.329735915)) ;
#758=CARTESIAN_POINT('Control Point',(-46.7328334818,-13.7945292611,233.727057244)) ;
#759=CARTESIAN_POINT('Control Point',(-47.2006282061,-13.225565616,233.614336796)) ;
#760=CARTESIAN_POINT('Control Point',(-47.4196537093,-12.9223152553,233.334772418)) ;
#761=CARTESIAN_POINT('Control Point',(-47.528283942,-12.771577434,232.936054259)) ;
#762=CARTESIAN_POINT('Control Point',(-47.528285737,-12.7715749432,232.537331935)) ;
#769=CARTESIAN_POINT('Control Point',(-47.528285737,-12.7715749432,228.537331935)) ;
#770=CARTESIAN_POINT('Control Point',(-47.5282870669,-12.7715730978,228.241936252)) ;
#771=CARTESIAN_POINT('Control Point',(-47.4686658236,-12.8543049128,227.946538284)) ;
#772=CARTESIAN_POINT('Control Point',(-47.3494302014,-13.0202922671,227.698840551)) ;
#773=CARTESIAN_POINT('Control Point',(-46.972828126,-13.5093102274,227.338833935)) ;
#774=CARTESIAN_POINT('Control Point',(-46.5021331509,-14.056146189,227.498320239)) ;
#775=CARTESIAN_POINT('Control Point',(-46.2659190208,-14.3007129957,227.776589475)) ;
#776=CARTESIAN_POINT('Control Point',(-46.148934527,-14.4218487708,228.156957938)) ;
#777=CARTESIAN_POINT('Control Point',(-46.148934527,-14.4218487708,228.537331944)) ;
#778=CARTESIAN_POINT('Vertex',(-47.5282860277,-12.7715748422,228.537331944)) ;
#780=CARTESIAN_POINT('Vertex',(-46.148934527,-14.4218487708,228.537331944)) ;
#784=CARTESIAN_POINT('Control Point',(-46.148934527,-14.4218487708,228.537331944)) ;
#785=CARTESIAN_POINT('Control Point',(-46.148934527,-14.4218487708,228.814378252)) ;
#786=CARTESIAN_POINT('Control Point',(-46.2109944696,-14.3575865852,229.091421618)) ;
#787=CARTESIAN_POINT('Control Point',(-46.3356625231,-14.2288927194,229.329735915)) ;
#788=CARTESIAN_POINT('Control Point',(-46.7328334818,-13.7945292611,229.727057244)) ;
#789=CARTESIAN_POINT('Control Point',(-47.2006282062,-13.2255656159,229.614336796)) ;
#790=CARTESIAN_POINT('Control Point',(-47.4196537093,-12.9223152553,229.334772418)) ;
#791=CARTESIAN_POINT('Control Point',(-47.528283942,-12.771577434,228.936054259)) ;
#792=CARTESIAN_POINT('Control Point',(-47.528285737,-12.7715749432,228.537331935)) ;
#799=CARTESIAN_POINT('Axis2P3D Location',(-49.555998655,-18.934307592,236.537331944)) ;
#804=CARTESIAN_POINT('Line Origine',(-49.555998655,-18.934307592,230.537331944)) ;
#808=CARTESIAN_POINT('Vertex',(-49.555998655,-18.934307592,224.537331944)) ;
#811=CARTESIAN_POINT('Line Origine',(-47.0836566994,-16.7493151225,230.537331944)) ;
#815=CARTESIAN_POINT('Vertex',(-47.0836566994,-16.7493151225,224.537331944)) ;
#818=CARTESIAN_POINT('Line Origine',(-48.3198276772,-17.8418113572,224.537331944)) ;
#830=CARTESIAN_POINT('Axis2P3D Location',(-52.4697678985,-15.637347053,236.537331944)) ;
#835=CARTESIAN_POINT('Line Origine',(-52.4697678985,-15.637347053,230.537331944)) ;
#839=CARTESIAN_POINT('Vertex',(-52.4697678985,-15.637347053,224.537331944)) ;
#842=CARTESIAN_POINT('Line Origine',(-51.0128832768,-17.2858273225,224.537331944)) ;
#853=CARTESIAN_POINT('Axis2P3D Location',(-51.0128832768,-17.2858273225,232.537331944)) ;
#857=CARTESIAN_POINT('Vertex',(-51.7247700806,-16.4803199181,232.537331944)) ;
#859=CARTESIAN_POINT('Vertex',(-50.3009964729,-18.0913347269,232.537331944)) ;
#862=CARTESIAN_POINT('Axis2P3D Location',(-51.0128832768,-17.2858273225,232.537331944)) ;
#871=CARTESIAN_POINT('Axis2P3D Location',(-51.0128832768,-17.2858273225,228.537331944)) ;
#875=CARTESIAN_POINT('Vertex',(-51.7247700806,-16.4803199181,228.537331944)) ;
#877=CARTESIAN_POINT('Vertex',(-50.3009964729,-18.0913347269,228.537331944)) ;
#880=CARTESIAN_POINT('Axis2P3D Location',(-51.0128832768,-17.2858273225,228.537331944)) ;
#890=CARTESIAN_POINT('Axis2P3D Location',(-49.9974259429,-13.4523545835,236.537331944)) ;
#895=CARTESIAN_POINT('Line Origine',(-49.9974259429,-13.4523545835,230.537331944)) ;
#899=CARTESIAN_POINT('Vertex',(-49.9974259429,-13.4523545835,224.537331944)) ;
#902=CARTESIAN_POINT('Line Origine',(-51.2335969207,-14.5448508183,224.537331944)) ;
#914=CARTESIAN_POINT('Axis2P3D Location',(-47.0836566994,-16.7493151225,236.537331944)) ;
#919=CARTESIAN_POINT('Line Origine',(-48.5405413211,-15.100834853,224.537331944)) ;
#930=CARTESIAN_POINT('Axis2P3D Location',(-48.5405413211,-15.100834853,232.537331944)) ;
#934=CARTESIAN_POINT('Vertex',(-47.8286545173,-15.9063422574,232.537331944)) ;
#936=CARTESIAN_POINT('Vertex',(-49.2524281249,-14.2953274486,232.537331944)) ;
#939=CARTESIAN_POINT('Axis2P3D Location',(-48.5405413211,-15.100834853,232.537331944)) ;
#948=CARTESIAN_POINT('Axis2P3D Location',(-48.5405413211,-15.100834853,228.537331944)) ;
#952=CARTESIAN_POINT('Vertex',(-47.8286545173,-15.9063422574,228.537331944)) ;
#954=CARTESIAN_POINT('Vertex',(-49.2524281249,-14.2953274486,228.537331944)) ;
#957=CARTESIAN_POINT('Axis2P3D Location',(-48.5405413211,-15.100834853,228.537331944)) ;
#967=CARTESIAN_POINT('Axis2P3D Location',(-46.3671661537,-13.1800615702,232.537331944)) ;
#972=CARTESIAN_POINT('Line Origine',(-50.1511346303,-17.9588906704,232.537331944)) ;
#977=CARTESIAN_POINT('Line Origine',(-51.5749082379,-16.3478758616,232.537331944)) ;
#996=CARTESIAN_POINT('Axis2P3D Location',(-46.3671661537,-13.1800615702,228.537331944)) ;
#1001=CARTESIAN_POINT('Line Origine',(-50.1511346303,-17.9588906704,228.537331944)) ;
#1006=CARTESIAN_POINT('Line Origine',(-51.5749082379,-16.3478758616,228.537331944)) ;
#1025=CARTESIAN_POINT('Axis2P3D Location',(-35.3590616556,-4.00174112172,224.537331944)) ;
#1030=CARTESIAN_POINT('Axis2P3D Location',(-35.3590616556,-4.00174112172,218.379271564)) ;
#1034=CARTESIAN_POINT('Vertex',(-37.5464323289,-20.321957116,218.379271564)) ;
#1036=CARTESIAN_POINT('Vertex',(-51.8116625625,-4.66954645307,218.379271564)) ;
#1039=CARTESIAN_POINT('Line Origine',(-51.5361713766,-4.65836436194,219.537331944)) ;
#1045=CARTESIAN_POINT('Control Point',(-37.3590616556,-18.867809869,224.537331944)) ;
#1046=CARTESIAN_POINT('Control Point',(-37.4215186258,-19.352526232,222.484645401)) ;
#1047=CARTESIAN_POINT('Control Point',(-37.4839755283,-19.8372419268,220.431958574)) ;
#1048=CARTESIAN_POINT('Control Point',(-37.5464323402,-20.3219571145,218.379271564)) ;
#1057=CARTESIAN_POINT('Axis2P3D Location',(-35.3590616556,-4.00174112172,219.537331944)) ;
#1062=CARTESIAN_POINT('Axis2P3D Location',(-35.3590616556,-4.00174112172,218.379271564)) ;
#1066=CARTESIAN_POINT('Vertex',(-37.5464323289,12.3184748726,218.379271564)) ;
#1070=CARTESIAN_POINT('Control Point',(-37.5464323402,-20.3219571145,218.379271564)) ;
#1071=CARTESIAN_POINT('Control Point',(-37.5860084362,-20.6290994755,217.078575502)) ;
#1072=CARTESIAN_POINT('Control Point',(-37.6810730816,-21.3668785313,215.880688183)) ;
#1073=CARTESIAN_POINT('Control Point',(-37.8262401856,-22.493489226,214.983530708)) ;
#1074=CARTESIAN_POINT('Control Point',(-37.9971736583,-23.8200726515,214.537331944)) ;
#1075=CARTESIAN_POINT('Control Point',(-38.1680439393,-25.1461635723,214.537331944)) ;
#1076=CARTESIAN_POINT('Vertex',(-38.1680439393,-25.1461635723,214.537331944)) ;
#1079=CARTESIAN_POINT('Axis2P3D Location',(-35.3590616556,-4.00174112172,214.537331944)) ;
#1083=CARTESIAN_POINT('Vertex',(-56.6717018389,-4.86681375212,214.537331944)) ;
#1086=CARTESIAN_POINT('Axis2P3D Location',(-35.3590616556,-4.00174112172,214.537331944)) ;
#1090=CARTESIAN_POINT('Vertex',(-38.1680439393,17.1426813289,214.537331944)) ;
#1094=CARTESIAN_POINT('Control Point',(-37.5464323402,12.3184748711,218.379271564)) ;
#1095=CARTESIAN_POINT('Control Point',(-37.5860084362,12.6256172321,217.078575502)) ;
#1096=CARTESIAN_POINT('Control Point',(-37.6810730815,13.363396287,215.880688184)) ;
#1097=CARTESIAN_POINT('Control Point',(-37.8262401856,14.4900069829,214.983530707)) ;
#1098=CARTESIAN_POINT('Control Point',(-37.9971736583,15.8165904081,214.537331944)) ;
#1099=CARTESIAN_POINT('Control Point',(-38.1680439393,17.1426813289,214.537331944)) ;
#1111=CARTESIAN_POINT('Control Point',(-37.3590616556,10.8643276256,224.537331944)) ;
#1112=CARTESIAN_POINT('Control Point',(-37.4215186258,11.3490439886,222.484645401)) ;
#1113=CARTESIAN_POINT('Control Point',(-37.4839755283,11.8337596834,220.431958574)) ;
#1114=CARTESIAN_POINT('Control Point',(-37.5464323402,12.3184748711,218.379271564)) ;
#1123=CARTESIAN_POINT('Line Origine',(-51.5749082379,-16.3478758616,232.537331944)) ;
#1128=CARTESIAN_POINT('Line Origine',(-50.1511346303,-17.9588906704,232.537331944)) ;
#1147=CARTESIAN_POINT('Line Origine',(-51.5749082379,-16.3478758616,228.537331944)) ;
#1152=CARTESIAN_POINT('Line Origine',(-50.1511346303,-17.9588906704,228.537331944)) ;
#1178=CARTESIAN_POINT('Axis2P3D Location',(-35.3590616556,-4.00174112172,224.537331944)) ;
#1183=CARTESIAN_POINT('Line Origine',(-59.030000801,-4.96253628407,219.537331944)) ;
#1187=CARTESIAN_POINT('Vertex',(-59.9264632616,-4.99892338261,215.76894402)) ;
#1190=CARTESIAN_POINT('Axis2P3D Location',(-35.3590616556,-4.00174112172,215.76894402)) ;
#1194=CARTESIAN_POINT('Vertex',(-38.5843349809,-28.3769171439,215.76894402)) ;
#1198=CARTESIAN_POINT('Control Point',(-38.3413631138,-26.4912598774,223.754437413)) ;
#1199=CARTESIAN_POINT('Control Point',(-38.4223537756,-27.1198126032,221.0926064)) ;
#1200=CARTESIAN_POINT('Control Point',(-38.5033443955,-27.7483650034,218.430775253)) ;
#1201=CARTESIAN_POINT('Control Point',(-38.584334981,-28.3769171438,215.76894402)) ;
#1210=CARTESIAN_POINT('Axis2P3D Location',(-35.3590616556,-4.00174112172,215.537331944)) ;
#1215=CARTESIAN_POINT('Axis2P3D Location',(-35.3590616556,-4.00174112172,214.537331944)) ;
#1219=CARTESIAN_POINT('Vertex',(-58.9544554189,-4.95946961277,214.537331944)) ;
#1221=CARTESIAN_POINT('Vertex',(-38.4600131496,19.4085974179,214.537331944)) ;
#1224=CARTESIAN_POINT('Axis2P3D Location',(-35.3590616556,-4.00174112172,214.537331944)) ;
#1228=CARTESIAN_POINT('Vertex',(-38.4600131496,-27.4120796614,214.537331944)) ;
#1232=CARTESIAN_POINT('Control Point',(-38.4600131496,-27.4120796614,214.537331944)) ;
#1233=CARTESIAN_POINT('Control Point',(-38.5061323887,-27.7700020802,214.537331944)) ;
#1234=CARTESIAN_POINT('Control Point',(-38.5523485679,-28.1286767872,214.699541719)) ;
#1235=CARTESIAN_POINT('Control Point',(-38.5855669936,-28.3864785588,215.028170658)) ;
#1236=CARTESIAN_POINT('Control Point',(-38.5950168125,-28.4598167547,215.417875654)) ;
#1237=CARTESIAN_POINT('Control Point',(-38.584334981,-28.3769171438,215.76894402)) ;
#1239=CARTESIAN_POINT('Axis2P3D Location',(-35.3590616556,-4.00174112172,215.76894402)) ;
#1243=CARTESIAN_POINT('Vertex',(-38.5843349809,20.3734349004,215.76894402)) ;
#1247=CARTESIAN_POINT('Control Point',(-38.4600131496,19.4085974179,214.537331944)) ;
#1248=CARTESIAN_POINT('Control Point',(-38.5061323887,19.7665198367,214.537331944)) ;
#1249=CARTESIAN_POINT('Control Point',(-38.5523485679,20.1251945439,214.699541719)) ;
#1250=CARTESIAN_POINT('Control Point',(-38.5855669936,20.3829963153,215.028170658)) ;
#1251=CARTESIAN_POINT('Control Point',(-38.5950168125,20.4563345113,215.417875654)) ;
#1252=CARTESIAN_POINT('Control Point',(-38.584334981,20.3734349004,215.76894402)) ;
#1264=CARTESIAN_POINT('Control Point',(-38.3413631138,18.487777634,223.754437413)) ;
#1265=CARTESIAN_POINT('Control Point',(-38.4223537756,19.1163303598,221.0926064)) ;
#1266=CARTESIAN_POINT('Control Point',(-38.5033443955,19.74488276,218.430775253)) ;
#1267=CARTESIAN_POINT('Control Point',(-38.584334981,20.3734349004,215.76894402)) ;
#1276=CARTESIAN_POINT('Axis2P3D Location',(-10.4986716379,-2.99266656341,214.537331944)) ;
#1281=CARTESIAN_POINT('Line Origine',(-38.3140285444,18.2756393734,214.537331944)) ;
#1286=CARTESIAN_POINT('Line Origine',(-38.3140285444,-26.2791216169,214.537331944)) ;
#1300=CARTESIAN_POINT('Axis2P3D Location',(-38.3590616556,18.6251325647,236.537331944)) ;
#1317=CARTESIAN_POINT('Axis2P3D Location',(-37.3590616556,-18.867809869,236.537331944)) ;
#1339=CARTESIAN_POINT('Line Origine',(-19.4867394435,-14.5448508183,224.537331944)) ;
#1343=CARTESIAN_POINT('Vertex',(-20.7229104214,-13.4523545835,224.537331944)) ;
#1345=CARTESIAN_POINT('Vertex',(-18.2505684657,-15.637347053,224.537331944)) ;
#1348=CARTESIAN_POINT('Line Origine',(-22.1797950431,-15.100834853,224.537331944)) ;
#1352=CARTESIAN_POINT('Vertex',(-23.6366796649,-16.7493151225,224.537331944)) ;
#1355=CARTESIAN_POINT('Line Origine',(-22.4005086871,-17.8418113572,224.537331944)) ;
#1359=CARTESIAN_POINT('Vertex',(-21.1643377093,-18.934307592,224.537331944)) ;
#1362=CARTESIAN_POINT('Line Origine',(-19.7074530875,-17.2858273225,224.537331944)) ;
#1374=CARTESIAN_POINT('Axis2P3D Location',(-20.7229104214,-13.4523545835,224.537331944)) ;
#1379=CARTESIAN_POINT('Line Origine',(-20.7229104214,-13.4523545835,230.537331944)) ;
#1383=CARTESIAN_POINT('Vertex',(-20.7229104214,-13.4523545835,236.537331944)) ;
#1386=CARTESIAN_POINT('Line Origine',(-18.2505684657,-15.637347053,230.537331944)) ;
#1390=CARTESIAN_POINT('Vertex',(-18.2505684657,-15.637347053,236.537331944)) ;
#1393=CARTESIAN_POINT('Line Origine',(-19.4867394435,-14.5448508183,236.537331944)) ;
#1405=CARTESIAN_POINT('Axis2P3D Location',(-23.6366796649,-16.7493151225,224.537331944)) ;
#1410=CARTESIAN_POINT('Line Origine',(-23.6366796649,-16.7493151225,230.537331944)) ;
#1414=CARTESIAN_POINT('Vertex',(-23.6366796649,-16.7493151225,236.537331944)) ;
#1417=CARTESIAN_POINT('Line Origine',(-22.1797950431,-15.100834853,236.537331944)) ;
#1428=CARTESIAN_POINT('Axis2P3D Location',(-22.1797950431,-15.100834853,232.537331944)) ;
#1432=CARTESIAN_POINT('Vertex',(-21.4679082393,-14.2953274486,232.537331944)) ;
#1434=CARTESIAN_POINT('Vertex',(-22.8916818469,-15.9063422574,232.537331944)) ;
#1437=CARTESIAN_POINT('Axis2P3D Location',(-22.1797950431,-15.100834853,232.537331944)) ;
#1446=CARTESIAN_POINT('Axis2P3D Location',(-22.1797950431,-15.100834853,228.537331944)) ;
#1450=CARTESIAN_POINT('Vertex',(-21.4679082393,-14.2953274486,228.537331944)) ;
#1452=CARTESIAN_POINT('Vertex',(-22.8916818469,-15.9063422574,228.537331944)) ;
#1455=CARTESIAN_POINT('Axis2P3D Location',(-22.1797950431,-15.100834853,228.537331944)) ;
#1465=CARTESIAN_POINT('Axis2P3D Location',(-21.1643377093,-18.934307592,224.537331944)) ;
#1470=CARTESIAN_POINT('Line Origine',(-21.1643377093,-18.934307592,230.537331944)) ;
#1474=CARTESIAN_POINT('Vertex',(-21.1643377093,-18.934307592,236.537331944)) ;
#1477=CARTESIAN_POINT('Line Origine',(-22.4005086871,-17.8418113572,236.537331944)) ;
#1489=CARTESIAN_POINT('Axis2P3D Location',(-18.2505684657,-15.637347053,224.537331944)) ;
#1494=CARTESIAN_POINT('Line Origine',(-19.7074530875,-17.2858273225,236.537331944)) ;
#1505=CARTESIAN_POINT('Axis2P3D Location',(-19.7074530875,-17.2858273225,232.537331944)) ;
#1509=CARTESIAN_POINT('Vertex',(-20.4193398913,-18.0913347269,232.537331944)) ;
#1511=CARTESIAN_POINT('Vertex',(-18.9955662837,-16.4803199181,232.537331944)) ;
#1514=CARTESIAN_POINT('Axis2P3D Location',(-19.7074530875,-17.2858273225,232.537331944)) ;
#1523=CARTESIAN_POINT('Axis2P3D Location',(-19.7074530875,-17.2858273225,228.537331944)) ;
#1527=CARTESIAN_POINT('Vertex',(-20.4193398913,-18.0913347269,228.537331944)) ;
#1529=CARTESIAN_POINT('Vertex',(-18.9955662837,-16.4803199181,228.537331944)) ;
#1532=CARTESIAN_POINT('Axis2P3D Location',(-19.7074530875,-17.2858273225,228.537331944)) ;
#1542=CARTESIAN_POINT('Line Origine',(-32.859061655,-22.7482123426,236.537331944)) ;
#1546=CARTESIAN_POINT('Vertex',(-33.3590616556,-18.867809869,236.537331944)) ;
#1548=CARTESIAN_POINT('Vertex',(-32.3590616545,-26.6286148162,236.537331944)) ;
#1551=CARTESIAN_POINT('Axis2P3D Location',(-35.3590616556,-4.00174112172,236.537331944)) ;
#1555=CARTESIAN_POINT('Vertex',(-32.3590616556,18.6251325647,236.537331944)) ;
#1558=CARTESIAN_POINT('Line Origine',(-32.8590616556,14.7447300951,236.537331944)) ;
#1562=CARTESIAN_POINT('Vertex',(-33.3590616556,10.8643276256,236.537331944)) ;
#1565=CARTESIAN_POINT('Axis2P3D Location',(-35.3590616556,-4.00174112172,236.537331944)) ;
#1582=CARTESIAN_POINT('Line Origine',(-22.4005086871,9.84181135722,236.537331944)) ;
#1586=CARTESIAN_POINT('Vertex',(-23.6366796649,8.74931512248,236.537331944)) ;
#1588=CARTESIAN_POINT('Vertex',(-21.1643377093,10.934307592,236.537331944)) ;
#1591=CARTESIAN_POINT('Line Origine',(-19.7074530875,9.28582732248,236.537331944)) ;
#1595=CARTESIAN_POINT('Vertex',(-18.2505684657,7.637347053,236.537331944)) ;
#1598=CARTESIAN_POINT('Line Origine',(-19.4867394435,6.54485081826,236.537331944)) ;
#1602=CARTESIAN_POINT('Vertex',(-20.7229104214,5.45235458352,236.537331944)) ;
#1605=CARTESIAN_POINT('Line Origine',(-22.1797950431,7.100834853,236.537331944)) ;
#1617=CARTESIAN_POINT('Axis2P3D Location',(-24.3531702106,-13.1800615702,232.537331944)) ;
#1622=CARTESIAN_POINT('Line Origine',(-20.569201734,-17.9588906704,232.537331944)) ;
#1626=CARTESIAN_POINT('Vertex',(-24.5702077846,-14.4229040439,232.537331944)) ;
#1630=CARTESIAN_POINT('Control Point',(-23.1906985442,-12.7727695216,232.537331944)) ;
#1631=CARTESIAN_POINT('Control Point',(-23.1906985442,-12.7727695216,232.813878181)) ;
#1632=CARTESIAN_POINT('Control Point',(-23.2429547349,-12.8452664141,233.090424389)) ;
#1633=CARTESIAN_POINT('Control Point',(-23.3474551759,-12.9906831883,233.327918121)) ;
#1634=CARTESIAN_POINT('Control Point',(-23.7038766956,-13.4578258989,233.726111297)) ;
#1635=CARTESIAN_POINT('Control Point',(-24.1809289412,-14.0193271899,233.616256198)) ;
#1636=CARTESIAN_POINT('Control Point',(-24.4413146964,-14.2894878086,233.335810535)) ;
#1637=CARTESIAN_POINT('Control Point',(-24.5702064712,-14.4229052047,232.936556246)) ;
#1638=CARTESIAN_POINT('Control Point',(-24.5702077846,-14.4229040439,232.537331944)) ;
#1639=CARTESIAN_POINT('Vertex',(-23.1906985442,-12.7727695216,232.537331944)) ;
#1642=CARTESIAN_POINT('Line Origine',(-19.1454281264,-16.3478758616,232.537331944)) ;
#1655=CARTESIAN_POINT('Control Point',(-24.5702077846,-14.4229040439,232.537331944)) ;
#1656=CARTESIAN_POINT('Control Point',(-24.5702087561,-14.4229031854,232.242030629)) ;
#1657=CARTESIAN_POINT('Control Point',(-24.4996888673,-14.3499039736,231.94674572)) ;
#1658=CARTESIAN_POINT('Control Point',(-24.3579197405,-14.2036068318,231.698436665)) ;
#1659=CARTESIAN_POINT('Control Point',(-23.9433134471,-13.7461861834,231.338395605)) ;
#1660=CARTESIAN_POINT('Control Point',(-23.4885441135,-13.1859708294,231.499056143)) ;
#1661=CARTESIAN_POINT('Control Point',(-23.2896086257,-12.9099910344,231.776394207)) ;
#1662=CARTESIAN_POINT('Control Point',(-23.1906985442,-12.7727695216,232.156863048)) ;
#1663=CARTESIAN_POINT('Control Point',(-23.1906985442,-12.7727695216,232.537331944)) ;
#1672=CARTESIAN_POINT('Axis2P3D Location',(-24.3531702106,-13.1800615702,228.537331944)) ;
#1677=CARTESIAN_POINT('Line Origine',(-20.569201734,-17.9588906704,228.537331944)) ;
#1681=CARTESIAN_POINT('Vertex',(-24.5702077846,-14.4229040439,228.537331944)) ;
#1685=CARTESIAN_POINT('Control Point',(-23.1906985442,-12.7727695216,228.537331944)) ;
#1686=CARTESIAN_POINT('Control Point',(-23.1906985442,-12.7727695216,228.813878181)) ;
#1687=CARTESIAN_POINT('Control Point',(-23.2429547349,-12.845266414,229.090424388)) ;
#1688=CARTESIAN_POINT('Control Point',(-23.3474551761,-12.9906831885,229.327918121)) ;
#1689=CARTESIAN_POINT('Control Point',(-23.7038766957,-13.4578258991,229.726111297)) ;
#1690=CARTESIAN_POINT('Control Point',(-24.1809289413,-14.0193271901,229.616256198)) ;
#1691=CARTESIAN_POINT('Control Point',(-24.4413146964,-14.2894878086,229.335810535)) ;
#1692=CARTESIAN_POINT('Control Point',(-24.5702064712,-14.4229052047,228.936556246)) ;
#1693=CARTESIAN_POINT('Control Point',(-24.5702077846,-14.4229040439,228.537331944)) ;
#1694=CARTESIAN_POINT('Vertex',(-23.1906985442,-12.7727695216,228.537331944)) ;
#1697=CARTESIAN_POINT('Line Origine',(-19.1454281264,-16.3478758616,228.537331944)) ;
#1710=CARTESIAN_POINT('Control Point',(-24.5702077846,-14.4229040439,228.537331944)) ;
#1711=CARTESIAN_POINT('Control Point',(-24.5702087561,-14.4229031854,228.242030629)) ;
#1712=CARTESIAN_POINT('Control Point',(-24.4996888672,-14.3499039736,227.94674572)) ;
#1713=CARTESIAN_POINT('Control Point',(-24.3579197405,-14.2036068319,227.698436665)) ;
#1714=CARTESIAN_POINT('Control Point',(-23.9433134472,-13.7461861835,227.338395605)) ;
#1715=CARTESIAN_POINT('Control Point',(-23.4885441136,-13.1859708296,227.499056143)) ;
#1716=CARTESIAN_POINT('Control Point',(-23.2896086256,-12.9099910343,227.776394207)) ;
#1717=CARTESIAN_POINT('Control Point',(-23.1906985442,-12.7727695216,228.156863048)) ;
#1718=CARTESIAN_POINT('Control Point',(-23.1906985442,-12.7727695216,228.537331944)) ;
#1727=CARTESIAN_POINT('Line Origine',(-19.1454281264,-16.3478758616,232.537331944)) ;
#1731=CARTESIAN_POINT('Vertex',(-17.3084358896,-17.9713625296,232.537331944)) ;
#1735=CARTESIAN_POINT('Control Point',(-17.3084358896,-17.9713625296,232.537331944)) ;
#1736=CARTESIAN_POINT('Control Point',(-17.3084358896,-17.9713625296,232.814219984)) ;
#1737=CARTESIAN_POINT('Control Point',(-17.3631133357,-18.0420131283,233.09110801)) ;
#1738=CARTESIAN_POINT('Control Point',(-17.4726254461,-18.1838067693,233.329145396)) ;
#1739=CARTESIAN_POINT('Control Point',(-17.8407612372,-18.6422873186,233.726574456)) ;
#1740=CARTESIAN_POINT('Control Point',(-18.3212405061,-19.2000823594,233.615097391)) ;
#1741=CARTESIAN_POINT('Control Point',(-18.5767331853,-19.4731202869,233.334742814)) ;
#1742=CARTESIAN_POINT('Control Point',(-18.7031679008,-19.6080435572,232.936018687)) ;
#1743=CARTESIAN_POINT('Control Point',(-18.7031688004,-19.6080427621,232.537331944)) ;
#1744=CARTESIAN_POINT('Vertex',(-18.7031688004,-19.6080427621,232.537331944)) ;
#1747=CARTESIAN_POINT('Line Origine',(-20.569201734,-17.9588906704,232.537331944)) ;
#1760=CARTESIAN_POINT('Control Point',(-18.7031688004,-19.6080427621,232.537331944)) ;
#1761=CARTESIAN_POINT('Control Point',(-18.7031694681,-19.608042172,232.241445956)) ;
#1762=CARTESIAN_POINT('Control Point',(-18.6335317887,-19.5337268992,231.945580558)) ;
#1763=CARTESIAN_POINT('Control Point',(-18.493559145,-19.3846601425,231.696928557)) ;
#1764=CARTESIAN_POINT('Control Point',(-18.0805650692,-18.9249649094,231.338249912)) ;
#1765=CARTESIAN_POINT('Control Point',(-17.618470411,-18.3720021958,231.500252951)) ;
#1766=CARTESIAN_POINT('Control Point',(-17.4112511705,-18.1042136716,231.777952389)) ;
#1767=CARTESIAN_POINT('Control Point',(-17.3084358896,-17.9713625296,232.157642155)) ;
#1768=CARTESIAN_POINT('Control Point',(-17.3084358896,-17.9713625296,232.537331944)) ;
#1777=CARTESIAN_POINT('Line Origine',(-19.1454281264,-16.3478758616,228.537331944)) ;
#1781=CARTESIAN_POINT('Vertex',(-17.3084358896,-17.9713625296,228.537331944)) ;
#1785=CARTESIAN_POINT('Control Point',(-17.3084358896,-17.9713625296,228.537331944)) ;
#1786=CARTESIAN_POINT('Control Point',(-17.3084358896,-17.9713625296,228.814219984)) ;
#1787=CARTESIAN_POINT('Control Point',(-17.3631133357,-18.0420131283,229.09110801)) ;
#1788=CARTESIAN_POINT('Control Point',(-17.4726254461,-18.1838067693,229.329145396)) ;
#1789=CARTESIAN_POINT('Control Point',(-17.8407612373,-18.6422873187,229.726574456)) ;
#1790=CARTESIAN_POINT('Control Point',(-18.3212405062,-19.2000823595,229.615097391)) ;
#1791=CARTESIAN_POINT('Control Point',(-18.5767331853,-19.4731202869,229.334742814)) ;
#1792=CARTESIAN_POINT('Control Point',(-18.7031679008,-19.6080435572,228.936018687)) ;
#1793=CARTESIAN_POINT('Control Point',(-18.7031688004,-19.6080427621,228.537331944)) ;
#1794=CARTESIAN_POINT('Vertex',(-18.7031688004,-19.6080427621,228.537331944)) ;
#1797=CARTESIAN_POINT('Line Origine',(-20.569201734,-17.9588906704,228.537331944)) ;
#1810=CARTESIAN_POINT('Control Point',(-18.7031688004,-19.6080427621,228.537331944)) ;
#1811=CARTESIAN_POINT('Control Point',(-18.7031694681,-19.608042172,228.241445956)) ;
#1812=CARTESIAN_POINT('Control Point',(-18.6335317887,-19.5337268992,227.945580559)) ;
#1813=CARTESIAN_POINT('Control Point',(-18.4935591449,-19.3846601424,227.696928557)) ;
#1814=CARTESIAN_POINT('Control Point',(-18.0805650691,-18.9249649094,227.338249912)) ;
#1815=CARTESIAN_POINT('Control Point',(-17.618470411,-18.3720021959,227.500252951)) ;
#1816=CARTESIAN_POINT('Control Point',(-17.4112511705,-18.1042136716,227.777952389)) ;
#1817=CARTESIAN_POINT('Control Point',(-17.3084358896,-17.9713625296,228.157642155)) ;
#1818=CARTESIAN_POINT('Control Point',(-17.3084358896,-17.9713625296,228.537331944)) ;
#1827=CARTESIAN_POINT('Axis2P3D Location',(-35.3590616556,-4.00174112172,230.537331944)) ;
#1832=CARTESIAN_POINT('Axis2P3D Location',(-35.3590616556,-4.00174112172,224.537331944)) ;
#1836=CARTESIAN_POINT('Vertex',(-32.3590616545,-26.6286148162,224.537331944)) ;
#1838=CARTESIAN_POINT('Vertex',(-32.3590616556,18.6251325647,224.537331944)) ;
#1841=CARTESIAN_POINT('Line Origine',(-32.3590616556,18.6251325647,230.537331944)) ;
#1846=CARTESIAN_POINT('Line Origine',(-32.3590616556,-26.6286148081,230.537331944)) ;
#1866=CARTESIAN_POINT('Control Point',(-18.7049538166,11.6064652105,232.537331944)) ;
#1867=CARTESIAN_POINT('Control Point',(-18.7049538166,11.6064652105,232.814435383)) ;
#1868=CARTESIAN_POINT('Control Point',(-18.6438715563,11.5412898452,233.091535882)) ;
#1869=CARTESIAN_POINT('Control Point',(-18.5211939316,11.4106588699,233.32992792)) ;
#1870=CARTESIAN_POINT('Control Point',(-18.1265813304,10.9741821043,233.726980133)) ;
#1871=CARTESIAN_POINT('Control Point',(-17.6520809275,10.4114233279,233.614269789)) ;
#1872=CARTESIAN_POINT('Control Point',(-17.4233078434,10.1162753827,233.334292047)) ;
#1873=CARTESIAN_POINT('Control Point',(-17.3100384422,9.96995075379,232.935801466)) ;
#1874=CARTESIAN_POINT('Control Point',(-17.3100365353,9.96994829037,232.537331967)) ;
#1875=CARTESIAN_POINT('Vertex',(-18.7049538166,11.6064652105,232.537331944)) ;
#1877=CARTESIAN_POINT('Vertex',(-17.3100362747,9.96994815022,232.537331944)) ;
#1881=CARTESIAN_POINT('Control Point',(-17.3100365353,9.96994829037,232.537331967)) ;
#1882=CARTESIAN_POINT('Control Point',(-17.3100351191,9.96994646088,232.241403541)) ;
#1883=CARTESIAN_POINT('Control Point',(-17.3725061463,10.0506483078,231.945486742)) ;
#1884=CARTESIAN_POINT('Control Point',(-17.4976741468,10.2126959108,231.69709826)) ;
#1885=CARTESIAN_POINT('Control Point',(-17.8860746635,10.6932834003,231.338433686)) ;
#1886=CARTESIAN_POINT('Control Point',(-18.3587963338,11.2371527117,231.499942974)) ;
#1887=CARTESIAN_POINT('Control Point',(-18.5902998335,11.4841282963,231.778045269)) ;
#1888=CARTESIAN_POINT('Control Point',(-18.7049538166,11.6064652105,232.157685848)) ;
#1889=CARTESIAN_POINT('Control Point',(-18.7049538166,11.6064652105,232.537331944)) ;
#1896=CARTESIAN_POINT('Control Point',(-18.7049538166,11.6064652105,228.537331944)) ;
#1897=CARTESIAN_POINT('Control Point',(-18.7049538166,11.6064652105,228.814435383)) ;
#1898=CARTESIAN_POINT('Control Point',(-18.6438715563,11.5412898451,229.091535882)) ;
#1899=CARTESIAN_POINT('Control Point',(-18.5211939317,11.4106588699,229.32992792)) ;
#1900=CARTESIAN_POINT('Control Point',(-18.1265813305,10.9741821043,229.726980133)) ;
#1901=CARTESIAN_POINT('Control Point',(-17.6520809275,10.4114233278,229.614269789)) ;
#1902=CARTESIAN_POINT('Control Point',(-17.4233078434,10.1162753827,229.334292047)) ;
#1903=CARTESIAN_POINT('Control Point',(-17.3100384422,9.96995075381,228.935801466)) ;
#1904=CARTESIAN_POINT('Control Point',(-17.3100365353,9.96994829038,228.537331967)) ;
#1905=CARTESIAN_POINT('Vertex',(-18.7049538166,11.6064652105,228.537331944)) ;
#1907=CARTESIAN_POINT('Vertex',(-17.3100362747,9.96994815023,228.537331944)) ;
#1911=CARTESIAN_POINT('Control Point',(-17.3100365353,9.96994829038,228.537331967)) ;
#1912=CARTESIAN_POINT('Control Point',(-17.3100351191,9.96994646089,228.241403541)) ;
#1913=CARTESIAN_POINT('Control Point',(-17.3725061463,10.0506483077,227.945486743)) ;
#1914=CARTESIAN_POINT('Control Point',(-17.4976741469,10.212695911,227.69709826)) ;
#1915=CARTESIAN_POINT('Control Point',(-17.8860746636,10.6932834004,227.338433686)) ;
#1916=CARTESIAN_POINT('Control Point',(-18.3587963338,11.2371527117,227.499942974)) ;
#1917=CARTESIAN_POINT('Control Point',(-18.5902998335,11.4841282963,227.778045269)) ;
#1918=CARTESIAN_POINT('Control Point',(-18.7049538166,11.6064652105,228.157685848)) ;
#1919=CARTESIAN_POINT('Control Point',(-18.7049538166,11.6064652105,228.537331944)) ;
#1926=CARTESIAN_POINT('Axis2P3D Location',(-35.3590616556,-4.00174112172,223.986049489)) ;
#1932=CARTESIAN_POINT('Control Point',(-32.3590616556,18.6251325647,224.537331944)) ;
#1933=CARTESIAN_POINT('Control Point',(-32.3734625903,18.5133697194,224.366791256)) ;
#1934=CARTESIAN_POINT('Control Point',(-32.3819314705,18.4476444264,224.165286384)) ;
#1935=CARTESIAN_POINT('Control Point',(-32.3828105195,18.4408222636,223.9532867)) ;
#1936=CARTESIAN_POINT('Control Point',(-32.3767601973,18.487777634,223.754437413)) ;
#1937=CARTESIAN_POINT('Vertex',(-32.3767601974,18.487777634,223.754437413)) ;
#1941=CARTESIAN_POINT('Control Point',(-32.3590616556,-26.6286148081,224.537331944)) ;
#1942=CARTESIAN_POINT('Control Point',(-32.3734625918,-26.5168519516,224.366791239)) ;
#1943=CARTESIAN_POINT('Control Point',(-32.381931467,-26.4511266963,224.165286468)) ;
#1944=CARTESIAN_POINT('Control Point',(-32.3828105201,-26.4443045023,223.95328672)) ;
#1945=CARTESIAN_POINT('Control Point',(-32.3767601973,-26.4912598774,223.754437413)) ;
#1946=CARTESIAN_POINT('Vertex',(-32.3767601974,-26.4912598774,223.754437413)) ;
#1949=CARTESIAN_POINT('Axis2P3D Location',(-35.3590616556,-4.00174112172,223.754437413)) ;
#1953=CARTESIAN_POINT('Vertex',(-12.6913304658,-3.08166582033,223.754437413)) ;
#1956=CARTESIAN_POINT('Axis2P3D Location',(-35.3590616556,-4.00174112172,223.754437413)) ;
#1969=CARTESIAN_POINT('Axis2P3D Location',(-35.3590616556,-4.00174112172,230.537331944)) ;
#1974=CARTESIAN_POINT('Axis2P3D Location',(-35.3590616556,-4.00174112172,224.537331944)) ;
#1978=CARTESIAN_POINT('Vertex',(-33.3590616556,10.8643276256,224.537331944)) ;
#1980=CARTESIAN_POINT('Vertex',(-20.3714028068,-3.39339727747,224.537331944)) ;
#1983=CARTESIAN_POINT('Axis2P3D Location',(-35.3590616556,-4.00174112172,224.537331944)) ;
#1987=CARTESIAN_POINT('Vertex',(-33.3590616556,-18.867809869,224.537331944)) ;
#1990=CARTESIAN_POINT('Line Origine',(-33.3590616556,-18.867809869,224.537331944)) ;
#1995=CARTESIAN_POINT('Line Origine',(-33.3590616556,10.8643276256,224.537331944)) ;
#2016=CARTESIAN_POINT('Control Point',(-23.1922321524,4.77141451587,232.537331935)) ;
#2017=CARTESIAN_POINT('Control Point',(-23.1922308221,4.77141267091,232.24193301)) ;
#2018=CARTESIAN_POINT('Control Point',(-23.2518743371,4.85412777457,231.946531898)) ;
#2019=CARTESIAN_POINT('Control Point',(-23.3711553837,5.02008302639,231.698828038)) ;
#2020=CARTESIAN_POINT('Control Point',(-23.747893877,5.50900151224,231.338828967)) ;
#2021=CARTESIAN_POINT('Control Point',(-24.2187346621,6.05570422756,231.498334427)) ;
#2022=CARTESIAN_POINT('Control Point',(-24.4550073309,6.30019838008,231.776600995)) ;
#2023=CARTESIAN_POINT('Control Point',(-24.5720226269,6.42130013285,232.156963698)) ;
#2024=CARTESIAN_POINT('Control Point',(-24.5720226269,6.42130013285,232.537331944)) ;
#2025=CARTESIAN_POINT('Vertex',(-23.1922318617,4.77141441492,232.537331944)) ;
#2027=CARTESIAN_POINT('Vertex',(-24.5720226269,6.42130013285,232.537331944)) ;
#2031=CARTESIAN_POINT('Control Point',(-24.5720226269,6.42130013285,232.537331944)) ;
#2032=CARTESIAN_POINT('Control Point',(-24.5720226269,6.42130013285,232.814377026)) ;
#2033=CARTESIAN_POINT('Control Point',(-24.5099450129,6.35705461866,233.091419167)) ;
#2034=CARTESIAN_POINT('Control Point',(-24.3852421537,6.22839476372,233.32973106)) ;
#2035=CARTESIAN_POINT('Control Point',(-23.9879564651,5.79414314198,233.727054473)) ;
#2036=CARTESIAN_POINT('Control Point',(-23.5200081892,5.22530870236,233.614341876)) ;
#2037=CARTESIAN_POINT('Control Point',(-23.300901673,4.92212009824,233.334770029)) ;
#2038=CARTESIAN_POINT('Control Point',(-23.1922339481,4.77141700616,232.936052974)) ;
#2039=CARTESIAN_POINT('Control Point',(-23.1922321524,4.77141451587,232.537331935)) ;
#2046=CARTESIAN_POINT('Control Point',(-23.1922321524,4.77141451589,228.537331935)) ;
#2047=CARTESIAN_POINT('Control Point',(-23.1922308221,4.77141267092,228.241933009)) ;
#2048=CARTESIAN_POINT('Control Point',(-23.2518743371,4.85412777463,227.946531898)) ;
#2049=CARTESIAN_POINT('Control Point',(-23.3711553837,5.02008302634,227.698828038)) ;
#2050=CARTESIAN_POINT('Control Point',(-23.747893877,5.50900151223,227.338828967)) ;
#2051=CARTESIAN_POINT('Control Point',(-24.2187346621,6.05570422757,227.498334427)) ;
#2052=CARTESIAN_POINT('Control Point',(-24.4550073309,6.30019838007,227.776600995)) ;
#2053=CARTESIAN_POINT('Control Point',(-24.5720226269,6.42130013284,228.156963698)) ;
#2054=CARTESIAN_POINT('Control Point',(-24.5720226269,6.42130013284,228.537331944)) ;
#2055=CARTESIAN_POINT('Vertex',(-23.1922318617,4.77141441494,228.537331944)) ;
#2057=CARTESIAN_POINT('Vertex',(-24.5720226269,6.42130013284,228.537331944)) ;
#2061=CARTESIAN_POINT('Control Point',(-24.5720226269,6.42130013284,228.537331944)) ;
#2062=CARTESIAN_POINT('Control Point',(-24.5720226269,6.42130013284,228.814377026)) ;
#2063=CARTESIAN_POINT('Control Point',(-24.5099450129,6.35705461865,229.091419167)) ;
#2064=CARTESIAN_POINT('Control Point',(-24.3852421537,6.22839476372,229.32973106)) ;
#2065=CARTESIAN_POINT('Control Point',(-23.9879564651,5.794143142,229.727054473)) ;
#2066=CARTESIAN_POINT('Control Point',(-23.5200081892,5.22530870242,229.614341876)) ;
#2067=CARTESIAN_POINT('Control Point',(-23.3009016731,4.92212009826,229.334770029)) ;
#2068=CARTESIAN_POINT('Control Point',(-23.1922339481,4.77141700618,228.936052974)) ;
#2069=CARTESIAN_POINT('Control Point',(-23.1922321524,4.77141451589,228.537331935)) ;
#2076=CARTESIAN_POINT('Axis2P3D Location',(-23.6366796649,8.74931512248,224.537331944)) ;
#2081=CARTESIAN_POINT('Line Origine',(-23.6366796649,8.74931512248,230.537331944)) ;
#2085=CARTESIAN_POINT('Vertex',(-23.6366796649,8.74931512248,224.537331944)) ;
#2088=CARTESIAN_POINT('Line Origine',(-22.4005086871,9.84181135722,224.537331944)) ;
#2092=CARTESIAN_POINT('Vertex',(-21.1643377093,10.934307592,224.537331944)) ;
#2095=CARTESIAN_POINT('Line Origine',(-21.1643377093,10.934307592,230.537331944)) ;
#2107=CARTESIAN_POINT('Axis2P3D Location',(-21.0434632908,10.7975369164,224.537331944)) ;
#2112=CARTESIAN_POINT('Line Origine',(-19.7074530875,9.28582732248,224.537331944)) ;
#2116=CARTESIAN_POINT('Vertex',(-18.2505684657,7.637347053,224.537331944)) ;
#2119=CARTESIAN_POINT('Line Origine',(-18.2505684657,7.637347053,230.537331944)) ;
#2130=CARTESIAN_POINT('Axis2P3D Location',(-19.7074530875,9.28582732248,232.537331944)) ;
#2134=CARTESIAN_POINT('Vertex',(-18.9955662837,8.48031991807,232.537331944)) ;
#2136=CARTESIAN_POINT('Vertex',(-20.4193398913,10.0913347269,232.537331944)) ;
#2139=CARTESIAN_POINT('Axis2P3D Location',(-19.7074530875,9.28582732248,232.537331944)) ;
#2148=CARTESIAN_POINT('Axis2P3D Location',(-19.7074530875,9.28582732248,228.537331944)) ;
#2152=CARTESIAN_POINT('Vertex',(-18.9955662837,8.48031991809,228.537331944)) ;
#2154=CARTESIAN_POINT('Vertex',(-20.4193398913,10.0913347269,228.537331944)) ;
#2157=CARTESIAN_POINT('Axis2P3D Location',(-19.7074530875,9.28582732248,228.537331944)) ;
#2167=CARTESIAN_POINT('Axis2P3D Location',(-18.2505684657,7.637347053,224.537331944)) ;
#2172=CARTESIAN_POINT('Line Origine',(-19.4867394435,6.54485081826,224.537331944)) ;
#2176=CARTESIAN_POINT('Vertex',(-20.7229104214,5.45235458352,224.537331944)) ;
#2179=CARTESIAN_POINT('Line Origine',(-20.7229104214,5.45235458352,230.537331944)) ;
#2191=CARTESIAN_POINT('Axis2P3D Location',(-20.7229104214,5.45235458352,224.537331944)) ;
#2196=CARTESIAN_POINT('Line Origine',(-22.1797950431,7.100834853,224.537331944)) ;
#2207=CARTESIAN_POINT('Axis2P3D Location',(-22.1797950431,7.100834853,232.537331944)) ;
#2211=CARTESIAN_POINT('Vertex',(-22.8916818469,7.90634225741,232.537331944)) ;
#2213=CARTESIAN_POINT('Vertex',(-21.4679082393,6.29532744859,232.537331944)) ;
#2216=CARTESIAN_POINT('Axis2P3D Location',(-22.1797950431,7.100834853,232.537331944)) ;
#2225=CARTESIAN_POINT('Axis2P3D Location',(-22.1797950431,7.100834853,228.537331944)) ;
#2229=CARTESIAN_POINT('Vertex',(-22.8916818469,7.90634225739,228.537331944)) ;
#2231=CARTESIAN_POINT('Vertex',(-21.4679082393,6.2953274486,228.537331944)) ;
#2234=CARTESIAN_POINT('Axis2P3D Location',(-22.1797950431,7.100834853,228.537331944)) ;
#2244=CARTESIAN_POINT('Axis2P3D Location',(-24.3531702106,5.18006157023,232.537331944)) ;
#2249=CARTESIAN_POINT('Line Origine',(-20.569201734,9.95889067037,232.537331944)) ;
#2254=CARTESIAN_POINT('Line Origine',(-19.1454281264,8.34787586155,232.537331944)) ;
#2273=CARTESIAN_POINT('Axis2P3D Location',(-24.3531702106,5.18006157023,228.537331944)) ;
#2278=CARTESIAN_POINT('Line Origine',(-20.569201734,9.95889067035,228.537331944)) ;
#2283=CARTESIAN_POINT('Line Origine',(-19.1454281264,8.34787586156,228.537331944)) ;
#2302=CARTESIAN_POINT('Axis2P3D Location',(-35.3590616556,-4.00174112172,218.379271564)) ;
#2306=CARTESIAN_POINT('Vertex',(-33.1716909822,12.3184748726,218.379271564)) ;
#2308=CARTESIAN_POINT('Vertex',(-18.9064607486,-3.33393579037,218.379271564)) ;
#2311=CARTESIAN_POINT('Line Origine',(-19.1819519345,-3.3451178815,219.537331944)) ;
#2317=CARTESIAN_POINT('Control Point',(-33.3590616556,10.8643276256,224.537331944)) ;
#2318=CARTESIAN_POINT('Control Point',(-33.2966046853,11.3490439886,222.484645401)) ;
#2319=CARTESIAN_POINT('Control Point',(-33.2341477828,11.8337596834,220.431958574)) ;
#2320=CARTESIAN_POINT('Control Point',(-33.1716909709,12.3184748711,218.379271564)) ;
#2329=CARTESIAN_POINT('Axis2P3D Location',(-35.3590616556,-4.00174112172,219.537331944)) ;
#2334=CARTESIAN_POINT('Axis2P3D Location',(-35.3590616556,-4.00174112172,218.379271564)) ;
#2338=CARTESIAN_POINT('Vertex',(-33.1716909822,-20.321957116,218.379271564)) ;
#2342=CARTESIAN_POINT('Control Point',(-33.1716909709,12.3184748711,218.379271564)) ;
#2343=CARTESIAN_POINT('Control Point',(-33.132114875,12.6256172321,217.078575502)) ;
#2344=CARTESIAN_POINT('Control Point',(-33.0370502295,13.3633962876,215.880688183)) ;
#2345=CARTESIAN_POINT('Control Point',(-32.8918831255,14.4900069829,214.983530707)) ;
#2346=CARTESIAN_POINT('Control Point',(-32.7209496528,15.8165904081,214.537331944)) ;
#2347=CARTESIAN_POINT('Control Point',(-32.5500793718,17.1426813289,214.537331944)) ;
#2348=CARTESIAN_POINT('Vertex',(-32.5500793718,17.1426813289,214.537331944)) ;
#2351=CARTESIAN_POINT('Axis2P3D Location',(-35.3590616556,-4.00174112172,214.537331944)) ;
#2355=CARTESIAN_POINT('Vertex',(-14.0464214722,-3.13666849156,214.537331944)) ;
#2358=CARTESIAN_POINT('Axis2P3D Location',(-35.3590616556,-4.00174112172,214.537331944)) ;
#2362=CARTESIAN_POINT('Vertex',(-32.5500793718,-25.1461635723,214.537331944)) ;
#2366=CARTESIAN_POINT('Control Point',(-33.1716909709,-20.3219571145,218.379271564)) ;
#2367=CARTESIAN_POINT('Control Point',(-33.132114875,-20.6290994755,217.078575502)) ;
#2368=CARTESIAN_POINT('Control Point',(-33.0370502295,-21.3668785315,215.880688183)) ;
#2369=CARTESIAN_POINT('Control Point',(-32.8918831255,-22.4934892262,214.983530708)) ;
#2370=CARTESIAN_POINT('Control Point',(-32.7209496528,-23.8200726514,214.537331944)) ;
#2371=CARTESIAN_POINT('Control Point',(-32.5500793718,-25.1461635723,214.537331944)) ;
#2383=CARTESIAN_POINT('Control Point',(-33.3590616556,-18.867809869,224.537331944)) ;
#2384=CARTESIAN_POINT('Control Point',(-33.2966046853,-19.352526232,222.484645401)) ;
#2385=CARTESIAN_POINT('Control Point',(-33.2341477828,-19.8372419268,220.431958574)) ;
#2386=CARTESIAN_POINT('Control Point',(-33.1716909709,-20.3219571145,218.379271564)) ;
#2395=CARTESIAN_POINT('Line Origine',(-19.1454281264,8.34787586155,232.537331944)) ;
#2400=CARTESIAN_POINT('Line Origine',(-20.569201734,9.95889067037,232.537331944)) ;
#2419=CARTESIAN_POINT('Line Origine',(-19.1454281264,8.34787586156,228.537331944)) ;
#2424=CARTESIAN_POINT('Line Origine',(-20.569201734,9.95889067035,228.537331944)) ;
#2450=CARTESIAN_POINT('Line Origine',(-11.6881225102,-3.04094595938,219.537331944)) ;
#2454=CARTESIAN_POINT('Vertex',(-10.7916600495,-3.00455886083,215.76894402)) ;
#2457=CARTESIAN_POINT('Axis2P3D Location',(-35.3590616556,-4.00174112172,215.76894402)) ;
#2461=CARTESIAN_POINT('Vertex',(-32.1337883302,20.3734349004,215.76894402)) ;
#2465=CARTESIAN_POINT('Control Point',(-32.3767601973,18.487777634,223.754437413)) ;
#2466=CARTESIAN_POINT('Control Point',(-32.2957695355,19.1163303598,221.0926064)) ;
#2467=CARTESIAN_POINT('Control Point',(-32.2147789156,19.74488276,218.430775253)) ;
#2468=CARTESIAN_POINT('Control Point',(-32.1337883301,20.3734349004,215.76894402)) ;
#2477=CARTESIAN_POINT('Axis2P3D Location',(-35.3590616556,-4.00174112172,215.537331944)) ;
#2482=CARTESIAN_POINT('Axis2P3D Location',(-35.3590616556,-4.00174112172,214.537331944)) ;
#2486=CARTESIAN_POINT('Vertex',(-11.7636679048,-3.04401232059,214.537331944)) ;
#2488=CARTESIAN_POINT('Vertex',(-32.2581101616,-27.4120796614,214.537331944)) ;
#2491=CARTESIAN_POINT('Axis2P3D Location',(-35.3590616556,-4.00174112172,214.537331944)) ;
#2495=CARTESIAN_POINT('Vertex',(-32.2581101616,19.4085974179,214.537331944)) ;
#2499=CARTESIAN_POINT('Control Point',(-32.2581101616,19.4085974179,214.537331944)) ;
#2500=CARTESIAN_POINT('Control Point',(-32.2119909224,19.7665198367,214.537331944)) ;
#2501=CARTESIAN_POINT('Control Point',(-32.1657747431,20.1251945444,214.699541719)) ;
#2502=CARTESIAN_POINT('Control Point',(-32.1325563175,20.3829963151,215.028170658)) ;
#2503=CARTESIAN_POINT('Control Point',(-32.1231064986,20.4563345113,215.417875654)) ;
#2504=CARTESIAN_POINT('Control Point',(-32.1337883301,20.3734349004,215.76894402)) ;
#2506=CARTESIAN_POINT('Axis2P3D Location',(-35.3590616556,-4.00174112172,215.76894402)) ;
#2510=CARTESIAN_POINT('Vertex',(-32.1337883302,-28.3769171439,215.76894402)) ;
#2514=CARTESIAN_POINT('Control Point',(-32.2581101616,-27.4120796614,214.537331944)) ;
#2515=CARTESIAN_POINT('Control Point',(-32.2119909224,-27.7700020801,214.537331944)) ;
#2516=CARTESIAN_POINT('Control Point',(-32.1657747431,-28.1286767881,214.699541719)) ;
#2517=CARTESIAN_POINT('Control Point',(-32.1325563175,-28.3864785585,215.028170658)) ;
#2518=CARTESIAN_POINT('Control Point',(-32.1231064986,-28.4598167547,215.417875654)) ;
#2519=CARTESIAN_POINT('Control Point',(-32.1337883301,-28.3769171438,215.76894402)) ;
#2531=CARTESIAN_POINT('Control Point',(-32.3767601973,-26.4912598774,223.754437413)) ;
#2532=CARTESIAN_POINT('Control Point',(-32.2957695355,-27.1198126032,221.0926064)) ;
#2533=CARTESIAN_POINT('Control Point',(-32.2147789156,-27.7483650034,218.430775253)) ;
#2534=CARTESIAN_POINT('Control Point',(-32.1337883301,-28.3769171438,215.76894402)) ;
#2543=CARTESIAN_POINT('Line Origine',(-32.4040947667,-26.2791216169,214.537331944)) ;
#2548=CARTESIAN_POINT('Line Origine',(-32.4040947667,18.2756393734,214.537331944)) ;
#2562=CARTESIAN_POINT('Axis2P3D Location',(-32.3590616556,18.6251325647,236.537331944)) ;
#2579=CARTESIAN_POINT('Axis2P3D Location',(-33.3590616556,-18.867809869,236.537331944)) ;
#2596=CARTESIAN_POINT('Axis2P3D Location',(-35.3590616556,-4.00174112172,236.537331944)) ;
#2600=CARTESIAN_POINT('Limit',(-26.4546095923,-4.00174112172,236.537331944)) ;
#2601=CARTESIAN_POINT('Limit',(-44.2635137188,-4.00174112172,236.537331944)) ;
#2604=CARTESIAN_POINT('Axis2P3D Location',(-35.3590616556,-4.00174112172,236.537331944)) ;
#2608=CARTESIAN_POINT('Limit',(-44.2635137188,-4.00174112172,236.537331944)) ;
#2609=CARTESIAN_POINT('Limit',(-26.4546095923,-4.00174112172,236.537331944)) ;
#2621=CARTESIAN_POINT('\X2\70B9\X0\.1',(-26.4619356716,-3.64060988178,236.537331944)) ;
#2626=CARTESIAN_POINT('Axis2P3D Location',(-35.3590616556,-4.00174112172,236.537331944)) ;
#2643=CARTESIAN_POINT('NONE',(0.,0.,0.)) ;
#2644=CARTESIAN_POINT('NONE',(0.,0.,0.)) ;
#8=PRODUCT_RELATED_PRODUCT_CATEGORY('part',$,(#26)) ;
#11=PRODUCT_RELATED_PRODUCT_CATEGORY('part',$,(#5)) ;
#20=UNCERTAINTY_MEASURE_WITH_UNIT(LENGTH_MEASURE(0.005),#17,'distance_accuracy_value','CONFUSED CURVE UNCERTAINTY') ;
#22=UNCERTAINTY_MEASURE_WITH_UNIT(LENGTH_MEASURE(0.005),#17,'distance_accuracy_value','CONFUSED CURVE UNCERTAINTY') ;
#2640=ITEM_DEFINED_TRANSFORMATION(' ',' ',#2642,#2641) ;
#38=STYLED_ITEM(' ',(#37),#30) ;
#1337=STYLED_ITEM(' ',(#37),#1336) ;
#2617=STYLED_ITEM(' ',(#2616),#2612) ;
#2625=STYLED_ITEM(' ',(#2624),#2621) ;
#2633=STYLED_ITEM(' ',(#2632),#2630) ;
#37=PRESENTATION_STYLE_ASSIGNMENT((#36)) ;
#2616=PRESENTATION_STYLE_ASSIGNMENT((#2615)) ;
#2624=PRESENTATION_STYLE_ASSIGNMENT((#2623)) ;
#2632=PRESENTATION_STYLE_ASSIGNMENT((#2631)) ;
#2623=POINT_STYLE(' ',#2622,POSITIVE_LENGTH_MEASURE(1.),#2614) ;
#2622=PRE_DEFINED_MARKER('X') ;
#2615=CURVE_STYLE(' ',#2613,POSITIVE_LENGTH_MEASURE(0.129999995232),#2614) ;
#2631=CURVE_STYLE(' ',#2613,POSITIVE_LENGTH_MEASURE(0.13),#2614) ;
#36=SURFACE_STYLE_USAGE(.BOTH.,#35) ;
#35=SURFACE_SIDE_STYLE(' ',(#34)) ;
#34=SURFACE_STYLE_FILL_AREA(#33) ;
#33=FILL_AREA_STYLE(' ',(#32)) ;
#32=FILL_AREA_STYLE_COLOUR(' ',#31) ;
#47=VECTOR('Line Direction',#46,1.) ;
#56=VECTOR('Line Direction',#55,1.) ;
#63=VECTOR('Line Direction',#62,1.) ;
#70=VECTOR('Line Direction',#69,1.) ;
#87=VECTOR('Line Direction',#86,1.) ;
#94=VECTOR('Line Direction',#93,1.) ;
#101=VECTOR('Line Direction',#100,1.) ;
#118=VECTOR('Line Direction',#117,1.) ;
#125=VECTOR('Line Direction',#124,1.) ;
#178=VECTOR('Line Direction',#177,1.) ;
#185=VECTOR('Line Direction',#184,1.) ;
#202=VECTOR('Line Direction',#201,1.) ;
#264=VECTOR('Line Direction',#263,1.) ;
#278=VECTOR('Line Direction',#277,1.) ;
#295=VECTOR('Line Direction',#294,1.) ;
#304=VECTOR('Line Direction',#303,1.) ;
#311=VECTOR('Line Direction',#310,1.) ;
#318=VECTOR('Line Direction',#317,1.) ;
#335=VECTOR('Line Direction',#334,1.) ;
#355=VECTOR('Line Direction',#354,1.) ;
#393=VECTOR('Line Direction',#392,1.) ;
#413=VECTOR('Line Direction',#412,1.) ;
#446=VECTOR('Line Direction',#445,1.) ;
#466=VECTOR('Line Direction',#465,1.) ;
#499=VECTOR('Line Direction',#498,1.) ;
#519=VECTOR('Line Direction',#518,1.) ;
#566=VECTOR('Line Direction',#565,1.) ;
#571=VECTOR('Line Direction',#570,1.) ;
#715=VECTOR('Line Direction',#714,1.) ;
#720=VECTOR('Line Direction',#719,1.) ;
#806=VECTOR('Line Direction',#805,1.) ;
#813=VECTOR('Line Direction',#812,1.) ;
#820=VECTOR('Line Direction',#819,1.) ;
#837=VECTOR('Line Direction',#836,1.) ;
#844=VECTOR('Line Direction',#843,1.) ;
#897=VECTOR('Line Direction',#896,1.) ;
#904=VECTOR('Line Direction',#903,1.) ;
#921=VECTOR('Line Direction',#920,1.) ;
#974=VECTOR('Line Direction',#973,1.) ;
#979=VECTOR('Line Direction',#978,1.) ;
#1003=VECTOR('Line Direction',#1002,1.) ;
#1008=VECTOR('Line Direction',#1007,1.) ;
#1041=VECTOR('Line Direction',#1040,1.) ;
#1125=VECTOR('Line Direction',#1124,1.) ;
#1130=VECTOR('Line Direction',#1129,1.) ;
#1149=VECTOR('Line Direction',#1148,1.) ;
#1154=VECTOR('Line Direction',#1153,1.) ;
#1185=VECTOR('Line Direction',#1184,1.) ;
#1283=VECTOR('Line Direction',#1282,1.) ;
#1288=VECTOR('Line Direction',#1287,1.) ;
#1341=VECTOR('Line Direction',#1340,1.) ;
#1350=VECTOR('Line Direction',#1349,1.) ;
#1357=VECTOR('Line Direction',#1356,1.) ;
#1364=VECTOR('Line Direction',#1363,1.) ;
#1381=VECTOR('Line Direction',#1380,1.) ;
#1388=VECTOR('Line Direction',#1387,1.) ;
#1395=VECTOR('Line Direction',#1394,1.) ;
#1412=VECTOR('Line Direction',#1411,1.) ;
#1419=VECTOR('Line Direction',#1418,1.) ;
#1472=VECTOR('Line Direction',#1471,1.) ;
#1479=VECTOR('Line Direction',#1478,1.) ;
#1496=VECTOR('Line Direction',#1495,1.) ;
#1544=VECTOR('Line Direction',#1543,1.) ;
#1560=VECTOR('Line Direction',#1559,1.) ;
#1584=VECTOR('Line Direction',#1583,1.) ;
#1593=VECTOR('Line Direction',#1592,1.) ;
#1600=VECTOR('Line Direction',#1599,1.) ;
#1607=VECTOR('Line Direction',#1606,1.) ;
#1624=VECTOR('Line Direction',#1623,1.) ;
#1644=VECTOR('Line Direction',#1643,1.) ;
#1679=VECTOR('Line Direction',#1678,1.) ;
#1699=VECTOR('Line Direction',#1698,1.) ;
#1729=VECTOR('Line Direction',#1728,1.) ;
#1749=VECTOR('Line Direction',#1748,1.) ;
#1779=VECTOR('Line Direction',#1778,1.) ;
#1799=VECTOR('Line Direction',#1798,1.) ;
#1843=VECTOR('Line Direction',#1842,1.) ;
#1848=VECTOR('Line Direction',#1847,1.) ;
#1992=VECTOR('Line Direction',#1991,1.) ;
#1997=VECTOR('Line Direction',#1996,1.) ;
#2083=VECTOR('Line Direction',#2082,1.) ;
#2090=VECTOR('Line Direction',#2089,1.) ;
#2097=VECTOR('Line Direction',#2096,1.) ;
#2114=VECTOR('Line Direction',#2113,1.) ;
#2121=VECTOR('Line Direction',#2120,1.) ;
#2174=VECTOR('Line Direction',#2173,1.) ;
#2181=VECTOR('Line Direction',#2180,1.) ;
#2198=VECTOR('Line Direction',#2197,1.) ;
#2251=VECTOR('Line Direction',#2250,1.) ;
#2256=VECTOR('Line Direction',#2255,1.) ;
#2280=VECTOR('Line Direction',#2279,1.) ;
#2285=VECTOR('Line Direction',#2284,1.) ;
#2313=VECTOR('Line Direction',#2312,1.) ;
#2397=VECTOR('Line Direction',#2396,1.) ;
#2402=VECTOR('Line Direction',#2401,1.) ;
#2421=VECTOR('Line Direction',#2420,1.) ;
#2426=VECTOR('Line Direction',#2425,1.) ;
#2452=VECTOR('Line Direction',#2451,1.) ;
#2545=VECTOR('Line Direction',#2544,1.) ;
#2550=VECTOR('Line Direction',#2549,1.) ;
#41=DIRECTION('Axis2P3D Direction',(4.77085468154E-32,1.42159765696E-31,1.)) ;
#42=DIRECTION('Axis2P3D XDirection',(1.,0.,-4.77085468154E-32)) ;
#46=DIRECTION('Vector Direction',(0.749309213399,-0.662220282622,0.)) ;
#55=DIRECTION('Vector Direction',(0.662220282622,0.749309213399,0.)) ;
#62=DIRECTION('Vector Direction',(-0.749309213399,0.662220282622,0.)) ;
#69=DIRECTION('Vector Direction',(-0.662220282622,-0.749309213399,0.)) ;
#81=DIRECTION('Axis2P3D Direction',(-0.662220282622,-0.749309213399,1.38115189566E-31)) ;
#82=DIRECTION('Axis2P3D XDirection',(0.749309213399,-0.662220282622,5.83926265299E-32)) ;
#86=DIRECTION('Vector Direction',(0.,0.,1.)) ;
#93=DIRECTION('Vector Direction',(0.,0.,1.)) ;
#100=DIRECTION('Vector Direction',(0.749309213399,-0.662220282622,0.)) ;
#112=DIRECTION('Axis2P3D Direction',(0.749309213399,-0.662220282622,5.83926265299E-32)) ;
#113=DIRECTION('Axis2P3D XDirection',(0.662220282622,0.749309213399,-1.38115189566E-31)) ;
#117=DIRECTION('Vector Direction',(0.,0.,1.)) ;
#124=DIRECTION('Vector Direction',(0.662220282622,0.749309213399,0.)) ;
#135=DIRECTION('Axis2P3D Direction',(0.749309213399,-0.662220282622,5.83926265299E-32)) ;
#144=DIRECTION('Axis2P3D Direction',(0.749309213399,-0.662220282622,5.83926265299E-32)) ;
#153=DIRECTION('Axis2P3D Direction',(0.749309213399,-0.662220282622,5.83926265299E-32)) ;
#162=DIRECTION('Axis2P3D Direction',(0.749309213399,-0.662220282622,5.83926265299E-32)) ;
#172=DIRECTION('Axis2P3D Direction',(0.662220282622,0.749309213399,-1.38115189566E-31)) ;
#173=DIRECTION('Axis2P3D XDirection',(-0.749309213399,0.662220282622,-5.83926265299E-32)) ;
#177=DIRECTION('Vector Direction',(0.,0.,1.)) ;
#184=DIRECTION('Vector Direction',(-0.749309213399,0.662220282622,0.)) ;
#196=DIRECTION('Axis2P3D Direction',(-0.749309213399,0.662220282622,-5.83926265299E-32)) ;
#197=DIRECTION('Axis2P3D XDirection',(-0.662220282622,-0.749309213399,1.38115189566E-31)) ;
#201=DIRECTION('Vector Direction',(-0.662220282622,-0.749309213399,0.)) ;
#212=DIRECTION('Axis2P3D Direction',(-0.749309213399,0.662220282622,-5.83926265299E-32)) ;
#221=DIRECTION('Axis2P3D Direction',(-0.749309213399,0.662220282622,-5.83926265299E-32)) ;
#230=DIRECTION('Axis2P3D Direction',(-0.749309213399,0.662220282622,-5.83926265299E-32)) ;
#239=DIRECTION('Axis2P3D Direction',(-0.749309213399,0.662220282622,-5.83926265299E-32)) ;
#249=DIRECTION('Axis2P3D Direction',(4.77085468154E-32,1.42159765696E-31,1.)) ;
#250=DIRECTION('Axis2P3D XDirection',(1.,0.,-4.77085468154E-32)) ;
#254=DIRECTION('Axis2P3D Direction',(4.77085468154E-32,1.42159765696E-31,1.)) ;
#263=DIRECTION('Vector Direction',(-0.127796082018,-0.991800464519,0.)) ;
#270=DIRECTION('Axis2P3D Direction',(4.77085468154E-32,1.42159765696E-31,1.)) ;
#277=DIRECTION('Vector Direction',(0.127796082018,-0.991800464519,0.)) ;
#294=DIRECTION('Vector Direction',(0.749309213399,0.662220282622,0.)) ;
#303=DIRECTION('Vector Direction',(0.662220282622,-0.749309213399,0.)) ;
#310=DIRECTION('Vector Direction',(-0.749309213399,-0.662220282622,0.)) ;
#317=DIRECTION('Vector Direction',(-0.662220282622,0.749309213399,0.)) ;
#329=DIRECTION('Axis2P3D Direction',(-0.749309213399,0.662220282622,9.83887409097E-15)) ;
#330=DIRECTION('Axis2P3D XDirection',(-0.662220282622,-0.749309213399,2.0185873175E-15)) ;
#334=DIRECTION('Vector Direction',(-0.749309213399,0.662220282622,9.47390314347E-15)) ;
#354=DIRECTION('Vector Direction',(-0.749309213399,0.662220282622,9.47390314347E-15)) ;
#387=DIRECTION('Axis2P3D Direction',(-0.749309213399,0.662220282622,9.83887409097E-15)) ;
#388=DIRECTION('Axis2P3D XDirection',(-0.662220282622,-0.749309213399,2.0185873175E-15)) ;
#392=DIRECTION('Vector Direction',(-0.749309213399,0.662220282622,9.47390314347E-15)) ;
#412=DIRECTION('Vector Direction',(-0.749309213399,0.662220282622,9.47390314347E-15)) ;
#445=DIRECTION('Vector Direction',(-0.749309213399,0.662220282622,9.47390314347E-15)) ;
#465=DIRECTION('Vector Direction',(-0.749309213399,0.662220282622,9.47390314347E-15)) ;
#498=DIRECTION('Vector Direction',(-0.749309213399,0.662220282622,9.47390314347E-15)) ;
#518=DIRECTION('Vector Direction',(-0.749309213399,0.662220282622,9.47390314347E-15)) ;
#551=DIRECTION('Axis2P3D Direction',(4.77085468154E-32,1.42159765696E-31,1.)) ;
#552=DIRECTION('Axis2P3D XDirection',(-0.131435487708,0.991324726097,-1.34655894672E-31)) ;
#556=DIRECTION('Axis2P3D Direction',(4.77085468154E-32,1.42159765696E-31,1.)) ;
#565=DIRECTION('Vector Direction',(0.,0.,1.)) ;
#570=DIRECTION('Vector Direction',(0.,0.,1.)) ;
#650=DIRECTION('Axis2P3D Direction',(-2.24491640887E-15,1.6568713793E-14,1.)) ;
#651=DIRECTION('Axis2P3D XDirection',(-0.971535488729,0.236894056785,-6.22603540082E-15)) ;
#673=DIRECTION('Axis2P3D Direction',(-2.24491640887E-15,1.6568713793E-14,1.)) ;
#680=DIRECTION('Axis2P3D Direction',(-2.24491640887E-15,1.6568713793E-14,1.)) ;
#693=DIRECTION('Axis2P3D Direction',(4.77085468154E-32,1.42159765696E-31,1.)) ;
#694=DIRECTION('Axis2P3D XDirection',(0.133333333333,0.991071249821,-1.47251596238E-31)) ;
#698=DIRECTION('Axis2P3D Direction',(4.77085468154E-32,1.42159765696E-31,1.)) ;
#707=DIRECTION('Axis2P3D Direction',(4.77085468154E-32,1.42159765696E-31,1.)) ;
#714=DIRECTION('Vector Direction',(0.,0.,1.)) ;
#719=DIRECTION('Vector Direction',(0.,0.,1.)) ;
#800=DIRECTION('Axis2P3D Direction',(-0.662220282622,0.749309213399,-7.4928054855E-32)) ;
#801=DIRECTION('Axis2P3D XDirection',(0.749309213399,0.662220282622,-1.29889533903E-31)) ;
#805=DIRECTION('Vector Direction',(0.,0.,-1.)) ;
#812=DIRECTION('Vector Direction',(0.,0.,-1.)) ;
#819=DIRECTION('Vector Direction',(0.749309213399,0.662220282622,0.)) ;
#831=DIRECTION('Axis2P3D Direction',(0.749309213399,0.662220282622,-1.29889533903E-31)) ;
#832=DIRECTION('Axis2P3D XDirection',(0.662220282622,-0.749309213399,7.4928054855E-32)) ;
#836=DIRECTION('Vector Direction',(0.,0.,-1.)) ;
#843=DIRECTION('Vector Direction',(0.662220282622,-0.749309213399,0.)) ;
#854=DIRECTION('Axis2P3D Direction',(0.749309213399,0.662220282622,-1.29889533903E-31)) ;
#863=DIRECTION('Axis2P3D Direction',(0.749309213399,0.662220282622,-1.29889533903E-31)) ;
#872=DIRECTION('Axis2P3D Direction',(0.749309213399,0.662220282622,-1.29889533903E-31)) ;
#881=DIRECTION('Axis2P3D Direction',(0.749309213399,0.662220282622,-1.29889533903E-31)) ;
#891=DIRECTION('Axis2P3D Direction',(0.662220282622,-0.749309213399,7.4928054855E-32)) ;
#892=DIRECTION('Axis2P3D XDirection',(-0.749309213399,-0.662220282622,1.29889533903E-31)) ;
#896=DIRECTION('Vector Direction',(0.,0.,-1.)) ;
#903=DIRECTION('Vector Direction',(-0.749309213399,-0.662220282622,0.)) ;
#915=DIRECTION('Axis2P3D Direction',(-0.749309213399,-0.662220282622,1.29889533903E-31)) ;
#916=DIRECTION('Axis2P3D XDirection',(-0.662220282622,0.749309213399,-7.4928054855E-32)) ;
#920=DIRECTION('Vector Direction',(-0.662220282622,0.749309213399,0.)) ;
#931=DIRECTION('Axis2P3D Direction',(-0.749309213399,-0.662220282622,1.29889533903E-31)) ;
#940=DIRECTION('Axis2P3D Direction',(-0.749309213399,-0.662220282622,1.29889533903E-31)) ;
#949=DIRECTION('Axis2P3D Direction',(-0.749309213399,-0.662220282622,1.29889533903E-31)) ;
#958=DIRECTION('Axis2P3D Direction',(-0.749309213399,-0.662220282622,1.29889533903E-31)) ;
#968=DIRECTION('Axis2P3D Direction',(-0.749309213399,-0.662220282622,5.9678839397E-15)) ;
#969=DIRECTION('Axis2P3D XDirection',(0.662220282622,-0.749309213399,-1.84986040657E-13)) ;
#973=DIRECTION('Vector Direction',(-0.749309213399,-0.662220282622,5.92118946467E-15)) ;
#978=DIRECTION('Vector Direction',(-0.749309213399,-0.662220282622,5.92118946467E-15)) ;
#997=DIRECTION('Axis2P3D Direction',(-0.749309213399,-0.662220282622,5.9678839397E-15)) ;
#998=DIRECTION('Axis2P3D XDirection',(0.662220282622,-0.749309213399,-2.38276745839E-13)) ;
#1002=DIRECTION('Vector Direction',(-0.749309213399,-0.662220282622,5.92118946467E-15)) ;
#1007=DIRECTION('Vector Direction',(-0.749309213399,-0.662220282622,5.92118946467E-15)) ;
#1026=DIRECTION('Axis2P3D Direction',(7.46374309058E-16,-1.75864446572E-14,-1.)) ;
#1027=DIRECTION('Axis2P3D XDirection',(0.999177256585,0.0405562562835,0.)) ;
#1031=DIRECTION('Axis2P3D Direction',(7.46374309058E-16,-1.75864446572E-14,-1.)) ;
#1040=DIRECTION('Vector Direction',(-0.231421518789,-0.00939331871668,-0.972808226839)) ;
#1058=DIRECTION('Axis2P3D Direction',(-1.96316341369E-16,-1.68672318589E-14,-1.)) ;
#1059=DIRECTION('Axis2P3D XDirection',(-0.906258127109,-0.422724741468,7.99478396252E-15)) ;
#1063=DIRECTION('Axis2P3D Direction',(-1.96316341369E-16,-1.68672318589E-14,-1.)) ;
#1080=DIRECTION('Axis2P3D Direction',(-1.96316341369E-16,-1.68672318589E-14,-1.)) ;
#1087=DIRECTION('Axis2P3D Direction',(-1.96316341369E-16,-1.68672318589E-14,-1.)) ;
#1124=DIRECTION('Vector Direction',(-0.749309213399,-0.662220282622,5.92118946467E-15)) ;
#1129=DIRECTION('Vector Direction',(-0.749309213399,-0.662220282622,5.92118946467E-15)) ;
#1148=DIRECTION('Vector Direction',(-0.749309213399,-0.662220282622,5.92118946467E-15)) ;
#1153=DIRECTION('Vector Direction',(-0.749309213399,-0.662220282622,5.92118946467E-15)) ;
#1179=DIRECTION('Axis2P3D Direction',(7.46374309058E-16,-1.75864446572E-14,-1.)) ;
#1180=DIRECTION('Axis2P3D XDirection',(0.999177256585,0.0405562562835,0.)) ;
#1184=DIRECTION('Vector Direction',(-0.231421518789,-0.00939331871668,-0.972808226839)) ;
#1191=DIRECTION('Axis2P3D Direction',(7.46374309058E-16,-1.75864446572E-14,-1.)) ;
#1211=DIRECTION('Axis2P3D Direction',(1.10632425242E-15,-1.78684713073E-14,-1.)) ;
#1212=DIRECTION('Axis2P3D XDirection',(-0.973436775668,-0.228955986549,3.46780576695E-15)) ;
#1216=DIRECTION('Axis2P3D Direction',(1.10632425242E-15,-1.78684713073E-14,-1.)) ;
#1225=DIRECTION('Axis2P3D Direction',(1.10632425242E-15,-1.78684713073E-14,-1.)) ;
#1240=DIRECTION('Axis2P3D Direction',(1.10632425242E-15,-1.78684713073E-14,-1.)) ;
#1277=DIRECTION('Axis2P3D Direction',(7.46374309058E-16,-1.75864446572E-14,-1.)) ;
#1278=DIRECTION('Axis2P3D XDirection',(1.,1.31260704798E-29,7.46374309058E-16)) ;
#1282=DIRECTION('Vector Direction',(0.127796082018,-0.991800464519,2.48805900199E-14)) ;
#1287=DIRECTION('Vector Direction',(-0.127796082018,-0.991800464519,1.24402950099E-14)) ;
#1301=DIRECTION('Axis2P3D Direction',(0.991800464519,0.127796082018,-6.54848199696E-32)) ;
#1302=DIRECTION('Axis2P3D XDirection',(0.127796082018,-0.991800464519,1.34897156291E-31)) ;
#1318=DIRECTION('Axis2P3D Direction',(0.991800464519,-0.127796082018,-2.91498978166E-32)) ;
#1319=DIRECTION('Axis2P3D XDirection',(-0.127796082018,-0.991800464519,1.47091087015E-31)) ;
#1340=DIRECTION('Vector Direction',(0.749309213399,-0.662220282622,0.)) ;
#1349=DIRECTION('Vector Direction',(0.662220282622,0.749309213399,0.)) ;
#1356=DIRECTION('Vector Direction',(-0.749309213399,0.662220282622,0.)) ;
#1363=DIRECTION('Vector Direction',(-0.662220282622,-0.749309213399,0.)) ;
#1375=DIRECTION('Axis2P3D Direction',(-0.662220282622,-0.749309213399,1.38115189566E-31)) ;
#1376=DIRECTION('Axis2P3D XDirection',(0.749309213399,-0.662220282622,5.83926265299E-32)) ;
#1380=DIRECTION('Vector Direction',(0.,0.,1.)) ;
#1387=DIRECTION('Vector Direction',(0.,0.,1.)) ;
#1394=DIRECTION('Vector Direction',(0.749309213399,-0.662220282622,0.)) ;
#1406=DIRECTION('Axis2P3D Direction',(0.749309213399,-0.662220282622,5.83926265299E-32)) ;
#1407=DIRECTION('Axis2P3D XDirection',(0.662220282622,0.749309213399,-1.38115189566E-31)) ;
#1411=DIRECTION('Vector Direction',(0.,0.,1.)) ;
#1418=DIRECTION('Vector Direction',(0.662220282622,0.749309213399,0.)) ;
#1429=DIRECTION('Axis2P3D Direction',(0.749309213399,-0.662220282622,5.83926265299E-32)) ;
#1438=DIRECTION('Axis2P3D Direction',(0.749309213399,-0.662220282622,5.83926265299E-32)) ;
#1447=DIRECTION('Axis2P3D Direction',(0.749309213399,-0.662220282622,5.83926265299E-32)) ;
#1456=DIRECTION('Axis2P3D Direction',(0.749309213399,-0.662220282622,5.83926265299E-32)) ;
#1466=DIRECTION('Axis2P3D Direction',(0.662220282622,0.749309213399,-1.38115189566E-31)) ;
#1467=DIRECTION('Axis2P3D XDirection',(-0.749309213399,0.662220282622,-5.83926265299E-32)) ;
#1471=DIRECTION('Vector Direction',(0.,0.,1.)) ;
#1478=DIRECTION('Vector Direction',(-0.749309213399,0.662220282622,0.)) ;
#1490=DIRECTION('Axis2P3D Direction',(-0.749309213399,0.662220282622,-5.83926265299E-32)) ;
#1491=DIRECTION('Axis2P3D XDirection',(-0.662220282622,-0.749309213399,1.38115189566E-31)) ;
#1495=DIRECTION('Vector Direction',(-0.662220282622,-0.749309213399,0.)) ;
#1506=DIRECTION('Axis2P3D Direction',(-0.749309213399,0.662220282622,-5.83926265299E-32)) ;
#1515=DIRECTION('Axis2P3D Direction',(-0.749309213399,0.662220282622,-5.83926265299E-32)) ;
#1524=DIRECTION('Axis2P3D Direction',(-0.749309213399,0.662220282622,-5.83926265299E-32)) ;
#1533=DIRECTION('Axis2P3D Direction',(-0.749309213399,0.662220282622,-5.83926265299E-32)) ;
#1543=DIRECTION('Vector Direction',(0.127796082018,-0.991800464519,0.)) ;
#1552=DIRECTION('Axis2P3D Direction',(4.77085468154E-32,1.42159765696E-31,1.)) ;
#1559=DIRECTION('Vector Direction',(-0.127796082018,-0.991800464519,0.)) ;
#1566=DIRECTION('Axis2P3D Direction',(4.77085468154E-32,1.42159765696E-31,1.)) ;
#1583=DIRECTION('Vector Direction',(0.749309213399,0.662220282622,0.)) ;
#1592=DIRECTION('Vector Direction',(0.662220282622,-0.749309213399,0.)) ;
#1599=DIRECTION('Vector Direction',(-0.749309213399,-0.662220282622,0.)) ;
#1606=DIRECTION('Vector Direction',(-0.662220282622,0.749309213399,0.)) ;
#1618=DIRECTION('Axis2P3D Direction',(0.749309213399,-0.662220282622,6.07780397956E-15)) ;
#1619=DIRECTION('Axis2P3D XDirection',(0.662220282622,0.749309213399,-2.68902819508E-14)) ;
#1623=DIRECTION('Vector Direction',(0.749309213399,-0.662220282622,5.92118946467E-15)) ;
#1643=DIRECTION('Vector Direction',(0.749309213399,-0.662220282622,5.92118946467E-15)) ;
#1673=DIRECTION('Axis2P3D Direction',(0.749309213399,-0.662220282622,6.07780397956E-15)) ;
#1674=DIRECTION('Axis2P3D XDirection',(0.662220282622,0.749309213399,-2.68902819508E-14)) ;
#1678=DIRECTION('Vector Direction',(0.749309213399,-0.662220282622,5.92118946467E-15)) ;
#1698=DIRECTION('Vector Direction',(0.749309213399,-0.662220282622,5.92118946467E-15)) ;
#1728=DIRECTION('Vector Direction',(0.749309213399,-0.662220282622,5.92118946467E-15)) ;
#1748=DIRECTION('Vector Direction',(0.749309213399,-0.662220282622,5.92118946467E-15)) ;
#1778=DIRECTION('Vector Direction',(0.749309213399,-0.662220282622,5.92118946467E-15)) ;
#1798=DIRECTION('Vector Direction',(0.749309213399,-0.662220282622,5.92118946467E-15)) ;
#1828=DIRECTION('Axis2P3D Direction',(4.77085468154E-32,1.42159765696E-31,1.)) ;
#1829=DIRECTION('Axis2P3D XDirection',(0.131435487706,-0.991324726097,1.34655894672E-31)) ;
#1833=DIRECTION('Axis2P3D Direction',(4.77085468154E-32,1.42159765696E-31,1.)) ;
#1842=DIRECTION('Vector Direction',(0.,0.,1.)) ;
#1847=DIRECTION('Vector Direction',(0.,0.,1.)) ;
#1927=DIRECTION('Axis2P3D Direction',(-4.72365356E-16,1.84269915227E-14,1.)) ;
#1928=DIRECTION('Axis2P3D XDirection',(0.999177256585,0.0405562562835,0.)) ;
#1950=DIRECTION('Axis2P3D Direction',(-4.72365356E-16,1.84269915227E-14,1.)) ;
#1957=DIRECTION('Axis2P3D Direction',(-4.72365356E-16,1.84269915227E-14,1.)) ;
#1970=DIRECTION('Axis2P3D Direction',(4.77085468154E-32,1.42159765696E-31,1.)) ;
#1971=DIRECTION('Axis2P3D XDirection',(-0.133333333333,-0.991071249821,1.47251596238E-31)) ;
#1975=DIRECTION('Axis2P3D Direction',(4.77085468154E-32,1.42159765696E-31,1.)) ;
#1984=DIRECTION('Axis2P3D Direction',(4.77085468154E-32,1.42159765696E-31,1.)) ;
#1991=DIRECTION('Vector Direction',(0.,0.,1.)) ;
#1996=DIRECTION('Vector Direction',(0.,0.,1.)) ;
#2077=DIRECTION('Axis2P3D Direction',(0.662220282622,-0.749309213399,7.4928054855E-32)) ;
#2078=DIRECTION('Axis2P3D XDirection',(0.749309213399,0.662220282622,-1.29889533903E-31)) ;
#2082=DIRECTION('Vector Direction',(0.,0.,1.)) ;
#2089=DIRECTION('Vector Direction',(0.749309213399,0.662220282622,0.)) ;
#2096=DIRECTION('Vector Direction',(0.,0.,1.)) ;
#2108=DIRECTION('Axis2P3D Direction',(0.749309213399,0.662220282622,-1.29889533903E-31)) ;
#2109=DIRECTION('Axis2P3D XDirection',(-0.662220282622,0.749309213399,-7.4928054855E-32)) ;
#2113=DIRECTION('Vector Direction',(0.662220282622,-0.749309213399,0.)) ;
#2120=DIRECTION('Vector Direction',(0.,0.,1.)) ;
#2131=DIRECTION('Axis2P3D Direction',(0.749309213399,0.662220282622,-1.29889533903E-31)) ;
#2140=DIRECTION('Axis2P3D Direction',(0.749309213399,0.662220282622,-1.29889533903E-31)) ;
#2149=DIRECTION('Axis2P3D Direction',(0.749309213399,0.662220282622,-1.29889533903E-31)) ;
#2158=DIRECTION('Axis2P3D Direction',(0.749309213399,0.662220282622,-1.29889533903E-31)) ;
#2168=DIRECTION('Axis2P3D Direction',(-0.662220282622,0.749309213399,-7.4928054855E-32)) ;
#2169=DIRECTION('Axis2P3D XDirection',(-0.749309213399,-0.662220282622,1.29889533903E-31)) ;
#2173=DIRECTION('Vector Direction',(-0.749309213399,-0.662220282622,0.)) ;
#2180=DIRECTION('Vector Direction',(0.,0.,1.)) ;
#2192=DIRECTION('Axis2P3D Direction',(0.749309213399,0.662220282622,-1.29889533903E-31)) ;
#2193=DIRECTION('Axis2P3D XDirection',(-0.662220282622,0.749309213399,-7.4928054855E-32)) ;
#2197=DIRECTION('Vector Direction',(-0.662220282622,0.749309213399,0.)) ;
#2208=DIRECTION('Axis2P3D Direction',(0.749309213399,0.662220282622,-1.29889533903E-31)) ;
#2217=DIRECTION('Axis2P3D Direction',(0.749309213399,0.662220282622,-1.29889533903E-31)) ;
#2226=DIRECTION('Axis2P3D Direction',(0.749309213399,0.662220282622,-1.29889533903E-31)) ;
#2235=DIRECTION('Axis2P3D Direction',(0.749309213399,0.662220282622,-1.29889533903E-31)) ;
#2245=DIRECTION('Axis2P3D Direction',(0.749309213399,0.662220282622,6.07780397956E-15)) ;
#2246=DIRECTION('Axis2P3D XDirection',(-0.662220282622,0.749309213399,-5.35356345418E-14)) ;
#2250=DIRECTION('Vector Direction',(0.749309213399,0.662220282622,5.92118946467E-15)) ;
#2255=DIRECTION('Vector Direction',(0.749309213399,0.662220282622,5.92118946467E-15)) ;
#2274=DIRECTION('Axis2P3D Direction',(0.749309213399,0.662220282622,6.07780397956E-15)) ;
#2275=DIRECTION('Axis2P3D XDirection',(-0.662220282622,0.749309213399,2.64438417904E-14)) ;
#2279=DIRECTION('Vector Direction',(0.749309213399,0.662220282622,5.92118946467E-15)) ;
#2284=DIRECTION('Vector Direction',(0.749309213399,0.662220282622,5.92118946467E-15)) ;
#2303=DIRECTION('Axis2P3D Direction',(7.46374309058E-16,-1.75864446572E-14,-1.)) ;
#2312=DIRECTION('Vector Direction',(0.231421518789,0.00939331871664,-0.972808226839)) ;
#2330=DIRECTION('Axis2P3D Direction',(-5.99879256291E-16,-1.61829031929E-14,-1.)) ;
#2331=DIRECTION('Axis2P3D XDirection',(0.999177256585,0.0405562562835,-1.33246399375E-15)) ;
#2335=DIRECTION('Axis2P3D Direction',(-5.99879256291E-16,-1.61829031929E-14,-1.)) ;
#2352=DIRECTION('Axis2P3D Direction',(-5.99879256291E-16,-1.61829031929E-14,-1.)) ;
#2359=DIRECTION('Axis2P3D Direction',(-5.99879256291E-16,-1.61829031929E-14,-1.)) ;
#2396=DIRECTION('Vector Direction',(0.749309213399,0.662220282622,5.92118946467E-15)) ;
#2401=DIRECTION('Vector Direction',(0.749309213399,0.662220282622,5.92118946467E-15)) ;
#2420=DIRECTION('Vector Direction',(0.749309213399,0.662220282622,5.92118946467E-15)) ;
#2425=DIRECTION('Vector Direction',(0.749309213399,0.662220282622,5.92118946467E-15)) ;
#2451=DIRECTION('Vector Direction',(0.231421518789,0.00939331871664,-0.972808226839)) ;
#2458=DIRECTION('Axis2P3D Direction',(7.46374309058E-16,-1.75864446572E-14,-1.)) ;
#2478=DIRECTION('Axis2P3D Direction',(1.86711752211E-15,-1.96916359916E-14,-1.)) ;
#2479=DIRECTION('Axis2P3D XDirection',(0.999177256585,0.0405562562835,1.15593525565E-15)) ;
#2483=DIRECTION('Axis2P3D Direction',(1.86711752211E-15,-1.96916359916E-14,-1.)) ;
#2492=DIRECTION('Axis2P3D Direction',(1.86711752211E-15,-1.96916359916E-14,-1.)) ;
#2507=DIRECTION('Axis2P3D Direction',(1.86711752211E-15,-1.96916359916E-14,-1.)) ;
#2544=DIRECTION('Vector Direction',(0.127796082018,-0.991800464519,1.24402950099E-14)) ;
#2549=DIRECTION('Vector Direction',(-0.127796082018,-0.991800464519,2.48805900199E-14)) ;
#2563=DIRECTION('Axis2P3D Direction',(0.991800464519,-0.127796082018,-2.91498978166E-32)) ;
#2564=DIRECTION('Axis2P3D XDirection',(-0.127796082018,-0.991800464519,1.47091087015E-31)) ;
#2580=DIRECTION('Axis2P3D Direction',(0.991800464519,0.127796082018,-6.54848199696E-32)) ;
#2581=DIRECTION('Axis2P3D XDirection',(0.127796082018,-0.991800464519,1.34897156291E-31)) ;
#2597=DIRECTION('Axis2P3D Direction',(4.77085468154E-32,1.42159765696E-31,1.)) ;
#2605=DIRECTION('Axis2P3D Direction',(4.77085468154E-32,1.42159765696E-31,1.)) ;
#2627=DIRECTION('Axis2P3D Direction',(0.0405562562835,-0.999177256585,1.76052337088E-14)) ;
#2628=DIRECTION('Axis2P3D XDirection',(0.999177256585,0.0405562562835,0.)) ;
#2645=DIRECTION('NONE',(1.,0.,0.)) ;
#2646=DIRECTION('NONE',(0.,0.,1.)) ;
#2647=DIRECTION('NONE',(1.,0.,0.)) ;
#2648=DIRECTION('NONE',(0.,0.,1.)) ;
#2638=CONTEXT_DEPENDENT_SHAPE_REPRESENTATION(#2639,#2637) ;
#1335=SHAPE_REPRESENTATION_RELATIONSHIP(' ',' ',#24,#1334) ;
#2620=SHAPE_REPRESENTATION_RELATIONSHIP(' ',' ',#24,#2618) ;
#43=AXIS2_PLACEMENT_3D('Plane Axis2P3D',#40,#41,#42) ;
#83=AXIS2_PLACEMENT_3D('Plane Axis2P3D',#80,#81,#82) ;
#114=AXIS2_PLACEMENT_3D('Plane Axis2P3D',#111,#112,#113) ;
#136=AXIS2_PLACEMENT_3D('Circle Axis2P3D',#134,#135,$) ;
#145=AXIS2_PLACEMENT_3D('Circle Axis2P3D',#143,#144,$) ;
#154=AXIS2_PLACEMENT_3D('Circle Axis2P3D',#152,#153,$) ;
#163=AXIS2_PLACEMENT_3D('Circle Axis2P3D',#161,#162,$) ;
#174=AXIS2_PLACEMENT_3D('Plane Axis2P3D',#171,#172,#173) ;
#198=AXIS2_PLACEMENT_3D('Plane Axis2P3D',#195,#196,#197) ;
#213=AXIS2_PLACEMENT_3D('Circle Axis2P3D',#211,#212,$) ;
#222=AXIS2_PLACEMENT_3D('Circle Axis2P3D',#220,#221,$) ;
#231=AXIS2_PLACEMENT_3D('Circle Axis2P3D',#229,#230,$) ;
#240=AXIS2_PLACEMENT_3D('Circle Axis2P3D',#238,#239,$) ;
#251=AXIS2_PLACEMENT_3D('Plane Axis2P3D',#248,#249,#250) ;
#255=AXIS2_PLACEMENT_3D('Circle Axis2P3D',#253,#254,$) ;
#271=AXIS2_PLACEMENT_3D('Circle Axis2P3D',#269,#270,$) ;
#331=AXIS2_PLACEMENT_3D('Cylinder Axis2P3D',#328,#329,#330) ;
#389=AXIS2_PLACEMENT_3D('Cylinder Axis2P3D',#386,#387,#388) ;
#553=AXIS2_PLACEMENT_3D('Cylinder Axis2P3D',#550,#551,#552) ;
#557=AXIS2_PLACEMENT_3D('Circle Axis2P3D',#555,#556,$) ;
#652=AXIS2_PLACEMENT_3D('Torus Axis2P3D',#649,#650,#651) ;
#674=AXIS2_PLACEMENT_3D('Circle Axis2P3D',#672,#673,$) ;
#681=AXIS2_PLACEMENT_3D('Circle Axis2P3D',#679,#680,$) ;
#695=AXIS2_PLACEMENT_3D('Cylinder Axis2P3D',#692,#693,#694) ;
#699=AXIS2_PLACEMENT_3D('Circle Axis2P3D',#697,#698,$) ;
#708=AXIS2_PLACEMENT_3D('Circle Axis2P3D',#706,#707,$) ;
#802=AXIS2_PLACEMENT_3D('Plane Axis2P3D',#799,#800,#801) ;
#833=AXIS2_PLACEMENT_3D('Plane Axis2P3D',#830,#831,#832) ;
#855=AXIS2_PLACEMENT_3D('Circle Axis2P3D',#853,#854,$) ;
#864=AXIS2_PLACEMENT_3D('Circle Axis2P3D',#862,#863,$) ;
#873=AXIS2_PLACEMENT_3D('Circle Axis2P3D',#871,#872,$) ;
#882=AXIS2_PLACEMENT_3D('Circle Axis2P3D',#880,#881,$) ;
#893=AXIS2_PLACEMENT_3D('Plane Axis2P3D',#890,#891,#892) ;
#917=AXIS2_PLACEMENT_3D('Plane Axis2P3D',#914,#915,#916) ;
#932=AXIS2_PLACEMENT_3D('Circle Axis2P3D',#930,#931,$) ;
#941=AXIS2_PLACEMENT_3D('Circle Axis2P3D',#939,#940,$) ;
#950=AXIS2_PLACEMENT_3D('Circle Axis2P3D',#948,#949,$) ;
#959=AXIS2_PLACEMENT_3D('Circle Axis2P3D',#957,#958,$) ;
#970=AXIS2_PLACEMENT_3D('Cylinder Axis2P3D',#967,#968,#969) ;
#999=AXIS2_PLACEMENT_3D('Cylinder Axis2P3D',#996,#997,#998) ;
#1028=AXIS2_PLACEMENT_3D('Cone Axis2P3D',#1025,#1026,#1027) ;
#1032=AXIS2_PLACEMENT_3D('Circle Axis2P3D',#1030,#1031,$) ;
#1060=AXIS2_PLACEMENT_3D('Torus Axis2P3D',#1057,#1058,#1059) ;
#1064=AXIS2_PLACEMENT_3D('Circle Axis2P3D',#1062,#1063,$) ;
#1081=AXIS2_PLACEMENT_3D('Circle Axis2P3D',#1079,#1080,$) ;
#1088=AXIS2_PLACEMENT_3D('Circle Axis2P3D',#1086,#1087,$) ;
#1181=AXIS2_PLACEMENT_3D('Cone Axis2P3D',#1178,#1179,#1180) ;
#1192=AXIS2_PLACEMENT_3D('Circle Axis2P3D',#1190,#1191,$) ;
#1213=AXIS2_PLACEMENT_3D('Torus Axis2P3D',#1210,#1211,#1212) ;
#1217=AXIS2_PLACEMENT_3D('Circle Axis2P3D',#1215,#1216,$) ;
#1226=AXIS2_PLACEMENT_3D('Circle Axis2P3D',#1224,#1225,$) ;
#1241=AXIS2_PLACEMENT_3D('Circle Axis2P3D',#1239,#1240,$) ;
#1279=AXIS2_PLACEMENT_3D('Plane Axis2P3D',#1276,#1277,#1278) ;
#1303=AXIS2_PLACEMENT_3D('Plane Axis2P3D',#1300,#1301,#1302) ;
#1320=AXIS2_PLACEMENT_3D('Plane Axis2P3D',#1317,#1318,#1319) ;
#1377=AXIS2_PLACEMENT_3D('Plane Axis2P3D',#1374,#1375,#1376) ;
#1408=AXIS2_PLACEMENT_3D('Plane Axis2P3D',#1405,#1406,#1407) ;
#1430=AXIS2_PLACEMENT_3D('Circle Axis2P3D',#1428,#1429,$) ;
#1439=AXIS2_PLACEMENT_3D('Circle Axis2P3D',#1437,#1438,$) ;
#1448=AXIS2_PLACEMENT_3D('Circle Axis2P3D',#1446,#1447,$) ;
#1457=AXIS2_PLACEMENT_3D('Circle Axis2P3D',#1455,#1456,$) ;
#1468=AXIS2_PLACEMENT_3D('Plane Axis2P3D',#1465,#1466,#1467) ;
#1492=AXIS2_PLACEMENT_3D('Plane Axis2P3D',#1489,#1490,#1491) ;
#1507=AXIS2_PLACEMENT_3D('Circle Axis2P3D',#1505,#1506,$) ;
#1516=AXIS2_PLACEMENT_3D('Circle Axis2P3D',#1514,#1515,$) ;
#1525=AXIS2_PLACEMENT_3D('Circle Axis2P3D',#1523,#1524,$) ;
#1534=AXIS2_PLACEMENT_3D('Circle Axis2P3D',#1532,#1533,$) ;
#1553=AXIS2_PLACEMENT_3D('Circle Axis2P3D',#1551,#1552,$) ;
#1567=AXIS2_PLACEMENT_3D('Circle Axis2P3D',#1565,#1566,$) ;
#1620=AXIS2_PLACEMENT_3D('Cylinder Axis2P3D',#1617,#1618,#1619) ;
#1675=AXIS2_PLACEMENT_3D('Cylinder Axis2P3D',#1672,#1673,#1674) ;
#1830=AXIS2_PLACEMENT_3D('Cylinder Axis2P3D',#1827,#1828,#1829) ;
#1834=AXIS2_PLACEMENT_3D('Circle Axis2P3D',#1832,#1833,$) ;
#1929=AXIS2_PLACEMENT_3D('Torus Axis2P3D',#1926,#1927,#1928) ;
#1951=AXIS2_PLACEMENT_3D('Circle Axis2P3D',#1949,#1950,$) ;
#1958=AXIS2_PLACEMENT_3D('Circle Axis2P3D',#1956,#1957,$) ;
#1972=AXIS2_PLACEMENT_3D('Cylinder Axis2P3D',#1969,#1970,#1971) ;
#1976=AXIS2_PLACEMENT_3D('Circle Axis2P3D',#1974,#1975,$) ;
#1985=AXIS2_PLACEMENT_3D('Circle Axis2P3D',#1983,#1984,$) ;
#2079=AXIS2_PLACEMENT_3D('Plane Axis2P3D',#2076,#2077,#2078) ;
#2110=AXIS2_PLACEMENT_3D('Plane Axis2P3D',#2107,#2108,#2109) ;
#2132=AXIS2_PLACEMENT_3D('Circle Axis2P3D',#2130,#2131,$) ;
#2141=AXIS2_PLACEMENT_3D('Circle Axis2P3D',#2139,#2140,$) ;
#2150=AXIS2_PLACEMENT_3D('Circle Axis2P3D',#2148,#2149,$) ;
#2159=AXIS2_PLACEMENT_3D('Circle Axis2P3D',#2157,#2158,$) ;
#2170=AXIS2_PLACEMENT_3D('Plane Axis2P3D',#2167,#2168,#2169) ;
#2194=AXIS2_PLACEMENT_3D('Plane Axis2P3D',#2191,#2192,#2193) ;
#2209=AXIS2_PLACEMENT_3D('Circle Axis2P3D',#2207,#2208,$) ;
#2218=AXIS2_PLACEMENT_3D('Circle Axis2P3D',#2216,#2217,$) ;
#2227=AXIS2_PLACEMENT_3D('Circle Axis2P3D',#2225,#2226,$) ;
#2236=AXIS2_PLACEMENT_3D('Circle Axis2P3D',#2234,#2235,$) ;
#2247=AXIS2_PLACEMENT_3D('Cylinder Axis2P3D',#2244,#2245,#2246) ;
#2276=AXIS2_PLACEMENT_3D('Cylinder Axis2P3D',#2273,#2274,#2275) ;
#2304=AXIS2_PLACEMENT_3D('Circle Axis2P3D',#2302,#2303,$) ;
#2332=AXIS2_PLACEMENT_3D('Torus Axis2P3D',#2329,#2330,#2331) ;
#2336=AXIS2_PLACEMENT_3D('Circle Axis2P3D',#2334,#2335,$) ;
#2353=AXIS2_PLACEMENT_3D('Circle Axis2P3D',#2351,#2352,$) ;
#2360=AXIS2_PLACEMENT_3D('Circle Axis2P3D',#2358,#2359,$) ;
#2459=AXIS2_PLACEMENT_3D('Circle Axis2P3D',#2457,#2458,$) ;
#2480=AXIS2_PLACEMENT_3D('Torus Axis2P3D',#2477,#2478,#2479) ;
#2484=AXIS2_PLACEMENT_3D('Circle Axis2P3D',#2482,#2483,$) ;
#2493=AXIS2_PLACEMENT_3D('Circle Axis2P3D',#2491,#2492,$) ;
#2508=AXIS2_PLACEMENT_3D('Circle Axis2P3D',#2506,#2507,$) ;
#2565=AXIS2_PLACEMENT_3D('Plane Axis2P3D',#2562,#2563,#2564) ;
#2582=AXIS2_PLACEMENT_3D('Plane Axis2P3D',#2579,#2580,#2581) ;
#2598=AXIS2_PLACEMENT_3D('Circle Axis2P3D',#2596,#2597,$) ;
#2606=AXIS2_PLACEMENT_3D('Circle Axis2P3D',#2604,#2605,$) ;
#2629=AXIS2_PLACEMENT_3D('Plane Axis2P3D',#2626,#2627,#2628) ;
#2641=AXIS2_PLACEMENT_3D(' ',#2644,#2648,#2647) ;
#2642=AXIS2_PLACEMENT_3D(' ',#2643,#2646,#2645) ;
#48=LINE('Line',#45,#47) ;
#57=LINE('Line',#54,#56) ;
#64=LINE('Line',#61,#63) ;
#71=LINE('Line',#68,#70) ;
#88=LINE('Line',#85,#87) ;
#95=LINE('Line',#92,#94) ;
#102=LINE('Line',#99,#101) ;
#119=LINE('Line',#116,#118) ;
#126=LINE('Line',#123,#125) ;
#179=LINE('Line',#176,#178) ;
#186=LINE('Line',#183,#185) ;
#203=LINE('Line',#200,#202) ;
#265=LINE('Line',#262,#264) ;
#279=LINE('Line',#276,#278) ;
#296=LINE('Line',#293,#295) ;
#305=LINE('Line',#302,#304) ;
#312=LINE('Line',#309,#311) ;
#319=LINE('Line',#316,#318) ;
#336=LINE('Line',#333,#335) ;
#356=LINE('Line',#353,#355) ;
#394=LINE('Line',#391,#393) ;
#414=LINE('Line',#411,#413) ;
#447=LINE('Line',#444,#446) ;
#467=LINE('Line',#464,#466) ;
#500=LINE('Line',#497,#499) ;
#520=LINE('Line',#517,#519) ;
#567=LINE('Line',#564,#566) ;
#572=LINE('Line',#569,#571) ;
#716=LINE('Line',#713,#715) ;
#721=LINE('Line',#718,#720) ;
#807=LINE('Line',#804,#806) ;
#814=LINE('Line',#811,#813) ;
#821=LINE('Line',#818,#820) ;
#838=LINE('Line',#835,#837) ;
#845=LINE('Line',#842,#844) ;
#898=LINE('Line',#895,#897) ;
#905=LINE('Line',#902,#904) ;
#922=LINE('Line',#919,#921) ;
#975=LINE('Line',#972,#974) ;
#980=LINE('Line',#977,#979) ;
#1004=LINE('Line',#1001,#1003) ;
#1009=LINE('Line',#1006,#1008) ;
#1042=LINE('Line',#1039,#1041) ;
#1126=LINE('Line',#1123,#1125) ;
#1131=LINE('Line',#1128,#1130) ;
#1150=LINE('Line',#1147,#1149) ;
#1155=LINE('Line',#1152,#1154) ;
#1186=LINE('Line',#1183,#1185) ;
#1284=LINE('Line',#1281,#1283) ;
#1289=LINE('Line',#1286,#1288) ;
#1342=LINE('Line',#1339,#1341) ;
#1351=LINE('Line',#1348,#1350) ;
#1358=LINE('Line',#1355,#1357) ;
#1365=LINE('Line',#1362,#1364) ;
#1382=LINE('Line',#1379,#1381) ;
#1389=LINE('Line',#1386,#1388) ;
#1396=LINE('Line',#1393,#1395) ;
#1413=LINE('Line',#1410,#1412) ;
#1420=LINE('Line',#1417,#1419) ;
#1473=LINE('Line',#1470,#1472) ;
#1480=LINE('Line',#1477,#1479) ;
#1497=LINE('Line',#1494,#1496) ;
#1545=LINE('Line',#1542,#1544) ;
#1561=LINE('Line',#1558,#1560) ;
#1585=LINE('Line',#1582,#1584) ;
#1594=LINE('Line',#1591,#1593) ;
#1601=LINE('Line',#1598,#1600) ;
#1608=LINE('Line',#1605,#1607) ;
#1625=LINE('Line',#1622,#1624) ;
#1645=LINE('Line',#1642,#1644) ;
#1680=LINE('Line',#1677,#1679) ;
#1700=LINE('Line',#1697,#1699) ;
#1730=LINE('Line',#1727,#1729) ;
#1750=LINE('Line',#1747,#1749) ;
#1780=LINE('Line',#1777,#1779) ;
#1800=LINE('Line',#1797,#1799) ;
#1844=LINE('Line',#1841,#1843) ;
#1849=LINE('Line',#1846,#1848) ;
#1993=LINE('Line',#1990,#1992) ;
#1998=LINE('Line',#1995,#1997) ;
#2084=LINE('Line',#2081,#2083) ;
#2091=LINE('Line',#2088,#2090) ;
#2098=LINE('Line',#2095,#2097) ;
#2115=LINE('Line',#2112,#2114) ;
#2122=LINE('Line',#2119,#2121) ;
#2175=LINE('Line',#2172,#2174) ;
#2182=LINE('Line',#2179,#2181) ;
#2199=LINE('Line',#2196,#2198) ;
#2252=LINE('Line',#2249,#2251) ;
#2257=LINE('Line',#2254,#2256) ;
#2281=LINE('Line',#2278,#2280) ;
#2286=LINE('Line',#2283,#2285) ;
#2314=LINE('Line',#2311,#2313) ;
#2398=LINE('Line',#2395,#2397) ;
#2403=LINE('Line',#2400,#2402) ;
#2422=LINE('Line',#2419,#2421) ;
#2427=LINE('Line',#2424,#2426) ;
#2453=LINE('Line',#2450,#2452) ;
#2546=LINE('Line',#2543,#2545) ;
#2551=LINE('Line',#2548,#2550) ;
#137=CIRCLE('generated circle',#136,1.1) ;
#146=CIRCLE('generated circle',#145,1.1) ;
#155=CIRCLE('generated circle',#154,1.1) ;
#164=CIRCLE('generated circle',#163,1.1) ;
#214=CIRCLE('generated circle',#213,1.1) ;
#223=CIRCLE('generated circle',#222,1.1) ;
#232=CIRCLE('generated circle',#231,1.1) ;
#241=CIRCLE('generated circle',#240,1.1) ;
#256=CIRCLE('generated circle',#255,22.8248858227) ;
#272=CIRCLE('generated circle',#271,15.) ;
#558=CIRCLE('generated circle',#557,22.8248858227) ;
#675=CIRCLE('generated circle',#674,22.6863962729) ;
#682=CIRCLE('generated circle',#681,22.6863962729) ;
#700=CIRCLE('generated circle',#699,15.) ;
#709=CIRCLE('generated circle',#708,15.) ;
#856=CIRCLE('generated circle',#855,1.07499999999) ;
#865=CIRCLE('generated circle',#864,1.07499999999) ;
#874=CIRCLE('generated circle',#873,1.075) ;
#883=CIRCLE('generated circle',#882,1.075) ;
#933=CIRCLE('generated circle',#932,1.07499999999) ;
#942=CIRCLE('generated circle',#941,1.07499999999) ;
#951=CIRCLE('generated circle',#950,1.075) ;
#960=CIRCLE('generated circle',#959,1.075) ;
#1033=CIRCLE('generated circle',#1032,16.4661483221) ;
#1065=CIRCLE('generated circle',#1064,16.4661483221) ;
#1082=CIRCLE('generated circle',#1081,21.3301894563) ;
#1089=CIRCLE('generated circle',#1088,21.3301894563) ;
#1193=CIRCLE('generated circle',#1192,24.5876309175) ;
#1218=CIRCLE('generated circle',#1217,23.6148226906) ;
#1227=CIRCLE('generated circle',#1226,23.6148226906) ;
#1242=CIRCLE('generated circle',#1241,24.5876309175) ;
#1431=CIRCLE('generated circle',#1430,1.075) ;
#1440=CIRCLE('generated circle',#1439,1.075) ;
#1449=CIRCLE('generated circle',#1448,1.075) ;
#1458=CIRCLE('generated circle',#1457,1.075) ;
#1508=CIRCLE('generated circle',#1507,1.075) ;
#1517=CIRCLE('generated circle',#1516,1.075) ;
#1526=CIRCLE('generated circle',#1525,1.075) ;
#1535=CIRCLE('generated circle',#1534,1.075) ;
#1554=CIRCLE('generated circle',#1553,22.8248858227) ;
#1568=CIRCLE('generated circle',#1567,15.) ;
#1835=CIRCLE('generated circle',#1834,22.8248858227) ;
#1952=CIRCLE('generated circle',#1951,22.6863962729) ;
#1959=CIRCLE('generated circle',#1958,22.6863962729) ;
#1977=CIRCLE('generated circle',#1976,15.) ;
#1986=CIRCLE('generated circle',#1985,15.) ;
#2133=CIRCLE('generated circle',#2132,1.07500000001) ;
#2142=CIRCLE('generated circle',#2141,1.07500000001) ;
#2151=CIRCLE('generated circle',#2150,1.07499999999) ;
#2160=CIRCLE('generated circle',#2159,1.07499999999) ;
#2210=CIRCLE('generated circle',#2209,1.07500000001) ;
#2219=CIRCLE('generated circle',#2218,1.07500000001) ;
#2228=CIRCLE('generated circle',#2227,1.07499999999) ;
#2237=CIRCLE('generated circle',#2236,1.07499999999) ;
#2305=CIRCLE('generated circle',#2304,16.4661483221) ;
#2337=CIRCLE('generated circle',#2336,16.4661483221) ;
#2354=CIRCLE('generated circle',#2353,21.3301894563) ;
#2361=CIRCLE('generated circle',#2360,21.3301894563) ;
#2460=CIRCLE('generated circle',#2459,24.5876309175) ;
#2485=CIRCLE('generated circle',#2484,23.6148226906) ;
#2494=CIRCLE('generated circle',#2493,23.6148226906) ;
#2509=CIRCLE('generated circle',#2508,24.5876309175) ;
#2599=CIRCLE('generated circle',#2598,8.90445206329) ;
#2607=CIRCLE('generated circle',#2606,8.90445206329) ;
#44=PLANE('',#43) ;
#84=PLANE('',#83) ;
#115=PLANE('',#114) ;
#175=PLANE('',#174) ;
#199=PLANE('',#198) ;
#252=PLANE('',#251) ;
#803=PLANE('',#802) ;
#834=PLANE('',#833) ;
#894=PLANE('',#893) ;
#918=PLANE('',#917) ;
#1280=PLANE('',#1279) ;
#1304=PLANE('',#1303) ;
#1321=PLANE('',#1320) ;
#1378=PLANE('',#1377) ;
#1409=PLANE('',#1408) ;
#1469=PLANE('',#1468) ;
#1493=PLANE('',#1492) ;
#2080=PLANE('',#2079) ;
#2111=PLANE('',#2110) ;
#2171=PLANE('',#2170) ;
#2195=PLANE('',#2194) ;
#2566=PLANE('',#2565) ;
#2583=PLANE('',#2582) ;
#2630=PLANE('\X2\5E739762\X0\.1',#2629) ;
#332=CYLINDRICAL_SURFACE('generated cylinder',#331,1.1) ;
#390=CYLINDRICAL_SURFACE('generated cylinder',#389,1.1) ;
#554=CYLINDRICAL_SURFACE('generated cylinder',#553,22.8248858227) ;
#696=CYLINDRICAL_SURFACE('generated cylinder',#695,15.) ;
#971=CYLINDRICAL_SURFACE('generated cylinder',#970,1.07499999999) ;
#1000=CYLINDRICAL_SURFACE('generated cylinder',#999,1.075) ;
#1621=CYLINDRICAL_SURFACE('generated cylinder',#1620,1.075) ;
#1676=CYLINDRICAL_SURFACE('generated cylinder',#1675,1.075) ;
#1831=CYLINDRICAL_SURFACE('generated cylinder',#1830,22.8248858227) ;
#1973=CYLINDRICAL_SURFACE('generated cylinder',#1972,15.) ;
#2248=CYLINDRICAL_SURFACE('generated cylinder',#2247,1.07500000001) ;
#2277=CYLINDRICAL_SURFACE('generated cylinder',#2276,1.07499999999) ;
#1029=CONICAL_SURFACE('Cone',#1028,15.,0.233734493427) ;
#1182=CONICAL_SURFACE('Cone',#1181,22.5,0.233734493427) ;
#653=TOROIDAL_SURFACE('homeo Torus',#652,23.6592044997,1.) ;
#1061=TOROIDAL_SURFACE('homeo Torus',#1060,21.3301894563,5.) ;
#1214=TOROIDAL_SURFACE('homeo Torus',#1213,23.6148226906,1.) ;
#1930=TOROIDAL_SURFACE('homeo Torus',#1929,23.6592044997,1.) ;
#2333=TOROIDAL_SURFACE('homeo Torus',#2332,21.3301894563,5.) ;
#2481=TOROIDAL_SURFACE('homeo Torus',#2480,23.6148226906,1.) ;
#151=FACE_BOUND('',#148,.T.) ;
#169=FACE_BOUND('',#166,.T.) ;
#228=FACE_BOUND('',#225,.T.) ;
#246=FACE_BOUND('',#243,.T.) ;
#292=FACE_BOUND('',#287,.T.) ;
#326=FACE_BOUND('',#321,.T.) ;
#583=FACE_BOUND('',#580,.T.) ;
#587=FACE_BOUND('',#584,.T.) ;
#617=FACE_BOUND('',#614,.T.) ;
#647=FACE_BOUND('',#644,.T.) ;
#733=FACE_BOUND('',#730,.T.) ;
#737=FACE_BOUND('',#734,.T.) ;
#767=FACE_BOUND('',#764,.T.) ;
#797=FACE_BOUND('',#794,.T.) ;
#870=FACE_BOUND('',#867,.T.) ;
#888=FACE_BOUND('',#885,.T.) ;
#947=FACE_BOUND('',#944,.T.) ;
#965=FACE_BOUND('',#962,.T.) ;
#1445=FACE_BOUND('',#1442,.T.) ;
#1463=FACE_BOUND('',#1460,.T.) ;
#1522=FACE_BOUND('',#1519,.T.) ;
#1540=FACE_BOUND('',#1537,.T.) ;
#1581=FACE_BOUND('',#1576,.T.) ;
#1615=FACE_BOUND('',#1610,.T.) ;
#1860=FACE_BOUND('',#1857,.T.) ;
#1864=FACE_BOUND('',#1861,.T.) ;
#1894=FACE_BOUND('',#1891,.T.) ;
#1924=FACE_BOUND('',#1921,.T.) ;
#2010=FACE_BOUND('',#2007,.T.) ;
#2014=FACE_BOUND('',#2011,.T.) ;
#2044=FACE_BOUND('',#2041,.T.) ;
#2074=FACE_BOUND('',#2071,.T.) ;
#2147=FACE_BOUND('',#2144,.T.) ;
#2165=FACE_BOUND('',#2162,.T.) ;
#2224=FACE_BOUND('',#2221,.T.) ;
#2242=FACE_BOUND('',#2239,.T.) ;
#2612=COMPOSITE_CURVE('\X2\834956FE\X0\.17',(#2603,#2611),.U.) ;
#2603=COMPOSITE_CURVE_SEGMENT(.CONTINUOUS.,.T.,#2602) ;
#2611=COMPOSITE_CURVE_SEGMENT(.DISCONTINUOUS.,.T.,#2610) ;
#53=EDGE_CURVE('',#50,#52,#48,.T.) ;
#60=EDGE_CURVE('',#59,#50,#57,.T.) ;
#67=EDGE_CURVE('',#66,#59,#64,.T.) ;
#72=EDGE_CURVE('',#52,#66,#71,.T.) ;
#91=EDGE_CURVE('',#50,#90,#88,.T.) ;
#98=EDGE_CURVE('',#52,#97,#95,.T.) ;
#103=EDGE_CURVE('',#90,#97,#102,.T.) ;
#122=EDGE_CURVE('',#59,#121,#119,.T.) ;
#127=EDGE_CURVE('',#121,#90,#126,.T.) ;
#142=EDGE_CURVE('',#139,#141,#137,.T.) ;
#147=EDGE_CURVE('',#141,#139,#146,.T.) ;
#160=EDGE_CURVE('',#157,#159,#155,.T.) ;
#165=EDGE_CURVE('',#159,#157,#164,.T.) ;
#182=EDGE_CURVE('',#66,#181,#179,.T.) ;
#187=EDGE_CURVE('',#181,#121,#186,.T.) ;
#204=EDGE_CURVE('',#97,#181,#203,.T.) ;
#219=EDGE_CURVE('',#216,#218,#214,.T.) ;
#224=EDGE_CURVE('',#218,#216,#223,.T.) ;
#237=EDGE_CURVE('',#234,#236,#232,.T.) ;
#242=EDGE_CURVE('',#236,#234,#241,.T.) ;
#261=EDGE_CURVE('',#258,#260,#256,.T.) ;
#268=EDGE_CURVE('',#260,#267,#265,.F.) ;
#275=EDGE_CURVE('',#267,#274,#272,.F.) ;
#280=EDGE_CURVE('',#274,#258,#279,.F.) ;
#301=EDGE_CURVE('',#298,#300,#296,.T.) ;
#308=EDGE_CURVE('',#307,#298,#305,.T.) ;
#315=EDGE_CURVE('',#314,#307,#312,.T.) ;
#320=EDGE_CURVE('',#300,#314,#319,.T.) ;
#339=EDGE_CURVE('',#141,#338,#336,.T.) ;
#352=EDGE_CURVE('',#338,#351,#340,.T.) ;
#357=EDGE_CURVE('',#139,#351,#356,.T.) ;
#378=EDGE_CURVE('',#351,#338,#365,.T.) ;
#397=EDGE_CURVE('',#159,#396,#394,.T.) ;
#410=EDGE_CURVE('',#396,#409,#398,.T.) ;
#415=EDGE_CURVE('',#157,#409,#414,.T.) ;
#436=EDGE_CURVE('',#409,#396,#423,.T.) ;
#450=EDGE_CURVE('',#449,#218,#447,.T.) ;
#463=EDGE_CURVE('',#462,#449,#451,.T.) ;
#468=EDGE_CURVE('',#462,#216,#467,.T.) ;
#489=EDGE_CURVE('',#449,#462,#476,.T.) ;
#503=EDGE_CURVE('',#502,#236,#500,.T.) ;
#516=EDGE_CURVE('',#515,#502,#504,.T.) ;
#521=EDGE_CURVE('',#515,#234,#520,.T.) ;
#542=EDGE_CURVE('',#502,#515,#529,.T.) ;
#563=EDGE_CURVE('',#560,#562,#558,.T.) ;
#568=EDGE_CURVE('',#260,#562,#567,.F.) ;
#573=EDGE_CURVE('',#258,#560,#572,.F.) ;
#602=EDGE_CURVE('',#599,#601,#588,.T.) ;
#613=EDGE_CURVE('',#601,#599,#603,.T.) ;
#632=EDGE_CURVE('',#629,#631,#618,.T.) ;
#643=EDGE_CURVE('',#631,#629,#633,.T.) ;
#662=EDGE_CURVE('',#562,#661,#654,.T.) ;
#671=EDGE_CURVE('',#670,#560,#663,.F.) ;
#678=EDGE_CURVE('',#670,#677,#675,.T.) ;
#683=EDGE_CURVE('',#677,#661,#682,.T.) ;
#705=EDGE_CURVE('',#702,#704,#700,.F.) ;
#712=EDGE_CURVE('',#704,#711,#709,.F.) ;
#717=EDGE_CURVE('',#274,#711,#716,.F.) ;
#722=EDGE_CURVE('',#267,#702,#721,.F.) ;
#752=EDGE_CURVE('',#749,#751,#738,.T.) ;
#763=EDGE_CURVE('',#751,#749,#753,.T.) ;
#782=EDGE_CURVE('',#779,#781,#768,.T.) ;
#793=EDGE_CURVE('',#781,#779,#783,.T.) ;
#810=EDGE_CURVE('',#298,#809,#807,.T.) ;
#817=EDGE_CURVE('',#300,#816,#814,.T.) ;
#822=EDGE_CURVE('',#809,#816,#821,.T.) ;
#841=EDGE_CURVE('',#307,#840,#838,.T.) ;
#846=EDGE_CURVE('',#840,#809,#845,.T.) ;
#861=EDGE_CURVE('',#858,#860,#856,.T.) ;
#866=EDGE_CURVE('',#860,#858,#865,.T.) ;
#879=EDGE_CURVE('',#876,#878,#874,.T.) ;
#884=EDGE_CURVE('',#878,#876,#883,.T.) ;
#901=EDGE_CURVE('',#314,#900,#898,.T.) ;
#906=EDGE_CURVE('',#900,#840,#905,.T.) ;
#923=EDGE_CURVE('',#816,#900,#922,.T.) ;
#938=EDGE_CURVE('',#935,#937,#933,.T.) ;
#943=EDGE_CURVE('',#937,#935,#942,.T.) ;
#956=EDGE_CURVE('',#953,#955,#951,.T.) ;
#961=EDGE_CURVE('',#955,#953,#960,.T.) ;
#976=EDGE_CURVE('',#860,#599,#975,.T.) ;
#981=EDGE_CURVE('',#858,#601,#980,.T.) ;
#1005=EDGE_CURVE('',#878,#629,#1004,.T.) ;
#1010=EDGE_CURVE('',#876,#631,#1009,.T.) ;
#1038=EDGE_CURVE('',#1035,#1037,#1033,.T.) ;
#1043=EDGE_CURVE('',#704,#1037,#1042,.T.) ;
#1049=EDGE_CURVE('',#702,#1035,#1044,.T.) ;
#1068=EDGE_CURVE('',#1037,#1067,#1065,.T.) ;
#1078=EDGE_CURVE('',#1035,#1077,#1069,.T.) ;
#1085=EDGE_CURVE('',#1077,#1084,#1082,.T.) ;
#1092=EDGE_CURVE('',#1084,#1091,#1089,.T.) ;
#1100=EDGE_CURVE('',#1091,#1067,#1093,.F.) ;
#1115=EDGE_CURVE('',#711,#1067,#1110,.T.) ;
#1127=EDGE_CURVE('',#937,#749,#1126,.F.) ;
#1132=EDGE_CURVE('',#935,#751,#1131,.F.) ;
#1151=EDGE_CURVE('',#955,#779,#1150,.F.) ;
#1156=EDGE_CURVE('',#953,#781,#1155,.F.) ;
#1189=EDGE_CURVE('',#1188,#677,#1186,.F.) ;
#1196=EDGE_CURVE('',#1195,#1188,#1193,.T.) ;
#1202=EDGE_CURVE('',#661,#1195,#1197,.T.) ;
#1223=EDGE_CURVE('',#1220,#1222,#1218,.T.) ;
#1230=EDGE_CURVE('',#1229,#1220,#1227,.T.) ;
#1238=EDGE_CURVE('',#1229,#1195,#1231,.T.) ;
#1245=EDGE_CURVE('',#1188,#1244,#1242,.T.) ;
#1253=EDGE_CURVE('',#1244,#1222,#1246,.F.) ;
#1268=EDGE_CURVE('',#670,#1244,#1263,.T.) ;
#1285=EDGE_CURVE('',#1222,#1091,#1284,.T.) ;
#1290=EDGE_CURVE('',#1077,#1229,#1289,.T.) ;
#1347=EDGE_CURVE('',#1344,#1346,#1342,.T.) ;
#1354=EDGE_CURVE('',#1353,#1344,#1351,.T.) ;
#1361=EDGE_CURVE('',#1360,#1353,#1358,.T.) ;
#1366=EDGE_CURVE('',#1346,#1360,#1365,.T.) ;
#1385=EDGE_CURVE('',#1344,#1384,#1382,.T.) ;
#1392=EDGE_CURVE('',#1346,#1391,#1389,.T.) ;
#1397=EDGE_CURVE('',#1384,#1391,#1396,.T.) ;
#1416=EDGE_CURVE('',#1353,#1415,#1413,.T.) ;
#1421=EDGE_CURVE('',#1415,#1384,#1420,.T.) ;
#1436=EDGE_CURVE('',#1433,#1435,#1431,.T.) ;
#1441=EDGE_CURVE('',#1435,#1433,#1440,.T.) ;
#1454=EDGE_CURVE('',#1451,#1453,#1449,.T.) ;
#1459=EDGE_CURVE('',#1453,#1451,#1458,.T.) ;
#1476=EDGE_CURVE('',#1360,#1475,#1473,.T.) ;
#1481=EDGE_CURVE('',#1475,#1415,#1480,.T.) ;
#1498=EDGE_CURVE('',#1391,#1475,#1497,.T.) ;
#1513=EDGE_CURVE('',#1510,#1512,#1508,.T.) ;
#1518=EDGE_CURVE('',#1512,#1510,#1517,.T.) ;
#1531=EDGE_CURVE('',#1528,#1530,#1526,.T.) ;
#1536=EDGE_CURVE('',#1530,#1528,#1535,.T.) ;
#1550=EDGE_CURVE('',#1547,#1549,#1545,.T.) ;
#1557=EDGE_CURVE('',#1549,#1556,#1554,.T.) ;
#1564=EDGE_CURVE('',#1556,#1563,#1561,.T.) ;
#1569=EDGE_CURVE('',#1563,#1547,#1568,.F.) ;
#1590=EDGE_CURVE('',#1587,#1589,#1585,.T.) ;
#1597=EDGE_CURVE('',#1589,#1596,#1594,.T.) ;
#1604=EDGE_CURVE('',#1596,#1603,#1601,.T.) ;
#1609=EDGE_CURVE('',#1603,#1587,#1608,.T.) ;
#1628=EDGE_CURVE('',#1435,#1627,#1625,.F.) ;
#1641=EDGE_CURVE('',#1640,#1627,#1629,.T.) ;
#1646=EDGE_CURVE('',#1433,#1640,#1645,.F.) ;
#1664=EDGE_CURVE('',#1627,#1640,#1654,.T.) ;
#1683=EDGE_CURVE('',#1453,#1682,#1680,.F.) ;
#1696=EDGE_CURVE('',#1695,#1682,#1684,.T.) ;
#1701=EDGE_CURVE('',#1451,#1695,#1700,.F.) ;
#1719=EDGE_CURVE('',#1682,#1695,#1709,.T.) ;
#1733=EDGE_CURVE('',#1512,#1732,#1730,.T.) ;
#1746=EDGE_CURVE('',#1732,#1745,#1734,.T.) ;
#1751=EDGE_CURVE('',#1510,#1745,#1750,.T.) ;
#1769=EDGE_CURVE('',#1745,#1732,#1759,.T.) ;
#1783=EDGE_CURVE('',#1530,#1782,#1780,.T.) ;
#1796=EDGE_CURVE('',#1782,#1795,#1784,.T.) ;
#1801=EDGE_CURVE('',#1528,#1795,#1800,.T.) ;
#1819=EDGE_CURVE('',#1795,#1782,#1809,.T.) ;
#1840=EDGE_CURVE('',#1837,#1839,#1835,.T.) ;
#1845=EDGE_CURVE('',#1556,#1839,#1844,.F.) ;
#1850=EDGE_CURVE('',#1549,#1837,#1849,.F.) ;
#1879=EDGE_CURVE('',#1876,#1878,#1865,.T.) ;
#1890=EDGE_CURVE('',#1878,#1876,#1880,.T.) ;
#1909=EDGE_CURVE('',#1906,#1908,#1895,.T.) ;
#1920=EDGE_CURVE('',#1908,#1906,#1910,.T.) ;
#1939=EDGE_CURVE('',#1839,#1938,#1931,.T.) ;
#1948=EDGE_CURVE('',#1947,#1837,#1940,.F.) ;
#1955=EDGE_CURVE('',#1947,#1954,#1952,.T.) ;
#1960=EDGE_CURVE('',#1954,#1938,#1959,.T.) ;
#1982=EDGE_CURVE('',#1979,#1981,#1977,.F.) ;
#1989=EDGE_CURVE('',#1981,#1988,#1986,.F.) ;
#1994=EDGE_CURVE('',#1547,#1988,#1993,.F.) ;
#1999=EDGE_CURVE('',#1563,#1979,#1998,.F.) ;
#2029=EDGE_CURVE('',#2026,#2028,#2015,.T.) ;
#2040=EDGE_CURVE('',#2028,#2026,#2030,.T.) ;
#2059=EDGE_CURVE('',#2056,#2058,#2045,.T.) ;
#2070=EDGE_CURVE('',#2058,#2056,#2060,.T.) ;
#2087=EDGE_CURVE('',#2086,#1587,#2084,.T.) ;
#2094=EDGE_CURVE('',#2086,#2093,#2091,.T.) ;
#2099=EDGE_CURVE('',#2093,#1589,#2098,.T.) ;
#2118=EDGE_CURVE('',#2093,#2117,#2115,.T.) ;
#2123=EDGE_CURVE('',#2117,#1596,#2122,.T.) ;
#2138=EDGE_CURVE('',#2135,#2137,#2133,.T.) ;
#2143=EDGE_CURVE('',#2137,#2135,#2142,.T.) ;
#2156=EDGE_CURVE('',#2153,#2155,#2151,.T.) ;
#2161=EDGE_CURVE('',#2155,#2153,#2160,.T.) ;
#2178=EDGE_CURVE('',#2117,#2177,#2175,.T.) ;
#2183=EDGE_CURVE('',#2177,#1603,#2182,.T.) ;
#2200=EDGE_CURVE('',#2177,#2086,#2199,.T.) ;
#2215=EDGE_CURVE('',#2212,#2214,#2210,.T.) ;
#2220=EDGE_CURVE('',#2214,#2212,#2219,.T.) ;
#2233=EDGE_CURVE('',#2230,#2232,#2228,.T.) ;
#2238=EDGE_CURVE('',#2232,#2230,#2237,.T.) ;
#2253=EDGE_CURVE('',#2137,#1876,#2252,.T.) ;
#2258=EDGE_CURVE('',#2135,#1878,#2257,.T.) ;
#2282=EDGE_CURVE('',#2155,#1906,#2281,.T.) ;
#2287=EDGE_CURVE('',#2153,#1908,#2286,.T.) ;
#2310=EDGE_CURVE('',#2307,#2309,#2305,.T.) ;
#2315=EDGE_CURVE('',#1981,#2309,#2314,.T.) ;
#2321=EDGE_CURVE('',#1979,#2307,#2316,.T.) ;
#2340=EDGE_CURVE('',#2309,#2339,#2337,.T.) ;
#2350=EDGE_CURVE('',#2307,#2349,#2341,.T.) ;
#2357=EDGE_CURVE('',#2349,#2356,#2354,.T.) ;
#2364=EDGE_CURVE('',#2356,#2363,#2361,.T.) ;
#2372=EDGE_CURVE('',#2363,#2339,#2365,.F.) ;
#2387=EDGE_CURVE('',#1988,#2339,#2382,.T.) ;
#2399=EDGE_CURVE('',#2214,#2026,#2398,.F.) ;
#2404=EDGE_CURVE('',#2212,#2028,#2403,.F.) ;
#2423=EDGE_CURVE('',#2232,#2056,#2422,.F.) ;
#2428=EDGE_CURVE('',#2230,#2058,#2427,.F.) ;
#2456=EDGE_CURVE('',#2455,#1954,#2453,.F.) ;
#2463=EDGE_CURVE('',#2462,#2455,#2460,.T.) ;
#2469=EDGE_CURVE('',#1938,#2462,#2464,.T.) ;
#2490=EDGE_CURVE('',#2487,#2489,#2485,.T.) ;
#2497=EDGE_CURVE('',#2496,#2487,#2494,.T.) ;
#2505=EDGE_CURVE('',#2496,#2462,#2498,.T.) ;
#2512=EDGE_CURVE('',#2455,#2511,#2509,.T.) ;
#2520=EDGE_CURVE('',#2511,#2489,#2513,.F.) ;
#2535=EDGE_CURVE('',#1947,#2511,#2530,.T.) ;
#2547=EDGE_CURVE('',#2363,#2489,#2546,.T.) ;
#2552=EDGE_CURVE('',#2496,#2349,#2551,.T.) ;
#39=CLOSED_SHELL('Closed Shell',(#79,#110,#170,#194,#247,#327,#364,#385,#422,#443,#475,#496,#528,#549,#648,#691,#798,#829,#889,#913,#966,#988,#995,#1017,#1024,#1056,#1109,#1122,#1139,#1146,#1163,#1170,#1177,#1209,#1262,#1275,#1299,#1316,#1333)) ;
#1338=CLOSED_SHELL('Closed Shell',(#1373,#1404,#1464,#1488,#1541,#1616,#1653,#1671,#1708,#1726,#1758,#1776,#1808,#1826,#1925,#1968,#2075,#2106,#2166,#2190,#2243,#2265,#2272,#2294,#2301,#2328,#2381,#2394,#2411,#2418,#2435,#2442,#2449,#2476,#2529,#2542,#2561,#2578,#2595)) ;
#74=ORIENTED_EDGE('',*,*,#53,.F.) ;
#75=ORIENTED_EDGE('',*,*,#60,.F.) ;
#76=ORIENTED_EDGE('',*,*,#67,.F.) ;
#77=ORIENTED_EDGE('',*,*,#72,.F.) ;
#105=ORIENTED_EDGE('',*,*,#91,.F.) ;
#106=ORIENTED_EDGE('',*,*,#53,.T.) ;
#107=ORIENTED_EDGE('',*,*,#98,.T.) ;
#108=ORIENTED_EDGE('',*,*,#103,.F.) ;
#129=ORIENTED_EDGE('',*,*,#122,.F.) ;
#130=ORIENTED_EDGE('',*,*,#60,.T.) ;
#131=ORIENTED_EDGE('',*,*,#91,.T.) ;
#132=ORIENTED_EDGE('',*,*,#127,.F.) ;
#149=ORIENTED_EDGE('',*,*,#142,.F.) ;
#150=ORIENTED_EDGE('',*,*,#147,.F.) ;
#167=ORIENTED_EDGE('',*,*,#160,.F.) ;
#168=ORIENTED_EDGE('',*,*,#165,.F.) ;
#189=ORIENTED_EDGE('',*,*,#182,.F.) ;
#190=ORIENTED_EDGE('',*,*,#67,.T.) ;
#191=ORIENTED_EDGE('',*,*,#122,.T.) ;
#192=ORIENTED_EDGE('',*,*,#187,.F.) ;
#206=ORIENTED_EDGE('',*,*,#98,.F.) ;
#207=ORIENTED_EDGE('',*,*,#72,.T.) ;
#208=ORIENTED_EDGE('',*,*,#182,.T.) ;
#209=ORIENTED_EDGE('',*,*,#204,.F.) ;
#226=ORIENTED_EDGE('',*,*,#219,.F.) ;
#227=ORIENTED_EDGE('',*,*,#224,.F.) ;
#244=ORIENTED_EDGE('',*,*,#237,.F.) ;
#245=ORIENTED_EDGE('',*,*,#242,.F.) ;
#282=ORIENTED_EDGE('',*,*,#261,.T.) ;
#283=ORIENTED_EDGE('',*,*,#268,.T.) ;
#284=ORIENTED_EDGE('',*,*,#275,.T.) ;
#285=ORIENTED_EDGE('',*,*,#280,.T.) ;
#288=ORIENTED_EDGE('',*,*,#127,.T.) ;
#289=ORIENTED_EDGE('',*,*,#103,.T.) ;
#290=ORIENTED_EDGE('',*,*,#204,.T.) ;
#291=ORIENTED_EDGE('',*,*,#187,.T.) ;
#322=ORIENTED_EDGE('',*,*,#301,.F.) ;
#323=ORIENTED_EDGE('',*,*,#308,.F.) ;
#324=ORIENTED_EDGE('',*,*,#315,.F.) ;
#325=ORIENTED_EDGE('',*,*,#320,.F.) ;
#359=ORIENTED_EDGE('',*,*,#142,.T.) ;
#360=ORIENTED_EDGE('',*,*,#339,.T.) ;
#361=ORIENTED_EDGE('',*,*,#352,.T.) ;
#362=ORIENTED_EDGE('',*,*,#357,.F.) ;
#380=ORIENTED_EDGE('',*,*,#147,.T.) ;
#381=ORIENTED_EDGE('',*,*,#357,.T.) ;
#382=ORIENTED_EDGE('',*,*,#378,.T.) ;
#383=ORIENTED_EDGE('',*,*,#339,.F.) ;
#417=ORIENTED_EDGE('',*,*,#160,.T.) ;
#418=ORIENTED_EDGE('',*,*,#397,.T.) ;
#419=ORIENTED_EDGE('',*,*,#410,.T.) ;
#420=ORIENTED_EDGE('',*,*,#415,.F.) ;
#438=ORIENTED_EDGE('',*,*,#165,.T.) ;
#439=ORIENTED_EDGE('',*,*,#415,.T.) ;
#440=ORIENTED_EDGE('',*,*,#436,.T.) ;
#441=ORIENTED_EDGE('',*,*,#397,.F.) ;
#470=ORIENTED_EDGE('',*,*,#219,.T.) ;
#471=ORIENTED_EDGE('',*,*,#450,.F.) ;
#472=ORIENTED_EDGE('',*,*,#463,.F.) ;
#473=ORIENTED_EDGE('',*,*,#468,.T.) ;
#491=ORIENTED_EDGE('',*,*,#224,.T.) ;
#492=ORIENTED_EDGE('',*,*,#468,.F.) ;
#493=ORIENTED_EDGE('',*,*,#489,.F.) ;
#494=ORIENTED_EDGE('',*,*,#450,.T.) ;
#523=ORIENTED_EDGE('',*,*,#237,.T.) ;
#524=ORIENTED_EDGE('',*,*,#503,.F.) ;
#525=ORIENTED_EDGE('',*,*,#516,.F.) ;
#526=ORIENTED_EDGE('',*,*,#521,.T.) ;
#544=ORIENTED_EDGE('',*,*,#242,.T.) ;
#545=ORIENTED_EDGE('',*,*,#521,.F.) ;
#546=ORIENTED_EDGE('',*,*,#542,.F.) ;
#547=ORIENTED_EDGE('',*,*,#503,.T.) ;
#575=ORIENTED_EDGE('',*,*,#563,.T.) ;
#576=ORIENTED_EDGE('',*,*,#568,.F.) ;
#577=ORIENTED_EDGE('',*,*,#261,.F.) ;
#578=ORIENTED_EDGE('',*,*,#573,.T.) ;
#581=ORIENTED_EDGE('',*,*,#378,.F.) ;
#582=ORIENTED_EDGE('',*,*,#352,.F.) ;
#585=ORIENTED_EDGE('',*,*,#436,.F.) ;
#586=ORIENTED_EDGE('',*,*,#410,.F.) ;
#615=ORIENTED_EDGE('',*,*,#602,.F.) ;
#616=ORIENTED_EDGE('',*,*,#613,.F.) ;
#645=ORIENTED_EDGE('',*,*,#632,.F.) ;
#646=ORIENTED_EDGE('',*,*,#643,.F.) ;
#685=ORIENTED_EDGE('',*,*,#662,.F.) ;
#686=ORIENTED_EDGE('',*,*,#563,.F.) ;
#687=ORIENTED_EDGE('',*,*,#671,.F.) ;
#688=ORIENTED_EDGE('',*,*,#678,.T.) ;
#689=ORIENTED_EDGE('',*,*,#683,.T.) ;
#724=ORIENTED_EDGE('',*,*,#705,.T.) ;
#725=ORIENTED_EDGE('',*,*,#712,.T.) ;
#726=ORIENTED_EDGE('',*,*,#717,.F.) ;
#727=ORIENTED_EDGE('',*,*,#275,.F.) ;
#728=ORIENTED_EDGE('',*,*,#722,.T.) ;
#731=ORIENTED_EDGE('',*,*,#463,.T.) ;
#732=ORIENTED_EDGE('',*,*,#489,.T.) ;
#735=ORIENTED_EDGE('',*,*,#516,.T.) ;
#736=ORIENTED_EDGE('',*,*,#542,.T.) ;
#765=ORIENTED_EDGE('',*,*,#752,.T.) ;
#766=ORIENTED_EDGE('',*,*,#763,.T.) ;
#795=ORIENTED_EDGE('',*,*,#782,.T.) ;
#796=ORIENTED_EDGE('',*,*,#793,.T.) ;
#824=ORIENTED_EDGE('',*,*,#810,.F.) ;
#825=ORIENTED_EDGE('',*,*,#301,.T.) ;
#826=ORIENTED_EDGE('',*,*,#817,.T.) ;
#827=ORIENTED_EDGE('',*,*,#822,.F.) ;
#848=ORIENTED_EDGE('',*,*,#841,.F.) ;
#849=ORIENTED_EDGE('',*,*,#308,.T.) ;
#850=ORIENTED_EDGE('',*,*,#810,.T.) ;
#851=ORIENTED_EDGE('',*,*,#846,.F.) ;
#868=ORIENTED_EDGE('',*,*,#861,.F.) ;
#869=ORIENTED_EDGE('',*,*,#866,.F.) ;
#886=ORIENTED_EDGE('',*,*,#879,.F.) ;
#887=ORIENTED_EDGE('',*,*,#884,.F.) ;
#908=ORIENTED_EDGE('',*,*,#901,.F.) ;
#909=ORIENTED_EDGE('',*,*,#315,.T.) ;
#910=ORIENTED_EDGE('',*,*,#841,.T.) ;
#911=ORIENTED_EDGE('',*,*,#906,.F.) ;
#925=ORIENTED_EDGE('',*,*,#817,.F.) ;
#926=ORIENTED_EDGE('',*,*,#320,.T.) ;
#927=ORIENTED_EDGE('',*,*,#901,.T.) ;
#928=ORIENTED_EDGE('',*,*,#923,.F.) ;
#945=ORIENTED_EDGE('',*,*,#938,.F.) ;
#946=ORIENTED_EDGE('',*,*,#943,.F.) ;
#963=ORIENTED_EDGE('',*,*,#956,.F.) ;
#964=ORIENTED_EDGE('',*,*,#961,.F.) ;
#983=ORIENTED_EDGE('',*,*,#976,.T.) ;
#984=ORIENTED_EDGE('',*,*,#602,.T.) ;
#985=ORIENTED_EDGE('',*,*,#981,.F.) ;
#986=ORIENTED_EDGE('',*,*,#861,.T.) ;
#990=ORIENTED_EDGE('',*,*,#981,.T.) ;
#991=ORIENTED_EDGE('',*,*,#613,.T.) ;
#992=ORIENTED_EDGE('',*,*,#976,.F.) ;
#993=ORIENTED_EDGE('',*,*,#866,.T.) ;
#1012=ORIENTED_EDGE('',*,*,#1005,.T.) ;
#1013=ORIENTED_EDGE('',*,*,#632,.T.) ;
#1014=ORIENTED_EDGE('',*,*,#1010,.F.) ;
#1015=ORIENTED_EDGE('',*,*,#879,.T.) ;
#1019=ORIENTED_EDGE('',*,*,#1010,.T.) ;
#1020=ORIENTED_EDGE('',*,*,#643,.T.) ;
#1021=ORIENTED_EDGE('',*,*,#1005,.F.) ;
#1022=ORIENTED_EDGE('',*,*,#884,.T.) ;
#1051=ORIENTED_EDGE('',*,*,#1038,.T.) ;
#1052=ORIENTED_EDGE('',*,*,#1043,.F.) ;
#1053=ORIENTED_EDGE('',*,*,#705,.F.) ;
#1054=ORIENTED_EDGE('',*,*,#1049,.T.) ;
#1102=ORIENTED_EDGE('',*,*,#1068,.F.) ;
#1103=ORIENTED_EDGE('',*,*,#1038,.F.) ;
#1104=ORIENTED_EDGE('',*,*,#1078,.T.) ;
#1105=ORIENTED_EDGE('',*,*,#1085,.T.) ;
#1106=ORIENTED_EDGE('',*,*,#1092,.T.) ;
#1107=ORIENTED_EDGE('',*,*,#1100,.T.) ;
#1117=ORIENTED_EDGE('',*,*,#1068,.T.) ;
#1118=ORIENTED_EDGE('',*,*,#1115,.F.) ;
#1119=ORIENTED_EDGE('',*,*,#712,.F.) ;
#1120=ORIENTED_EDGE('',*,*,#1043,.T.) ;
#1134=ORIENTED_EDGE('',*,*,#1127,.T.) ;
#1135=ORIENTED_EDGE('',*,*,#763,.F.) ;
#1136=ORIENTED_EDGE('',*,*,#1132,.F.) ;
#1137=ORIENTED_EDGE('',*,*,#938,.T.) ;
#1141=ORIENTED_EDGE('',*,*,#1132,.T.) ;
#1142=ORIENTED_EDGE('',*,*,#752,.F.) ;
#1143=ORIENTED_EDGE('',*,*,#1127,.F.) ;
#1144=ORIENTED_EDGE('',*,*,#943,.T.) ;
#1158=ORIENTED_EDGE('',*,*,#1151,.T.) ;
#1159=ORIENTED_EDGE('',*,*,#793,.F.) ;
#1160=ORIENTED_EDGE('',*,*,#1156,.F.) ;
#1161=ORIENTED_EDGE('',*,*,#956,.T.) ;
#1165=ORIENTED_EDGE('',*,*,#1156,.T.) ;
#1166=ORIENTED_EDGE('',*,*,#782,.F.) ;
#1167=ORIENTED_EDGE('',*,*,#1151,.F.) ;
#1168=ORIENTED_EDGE('',*,*,#961,.T.) ;
#1172=ORIENTED_EDGE('',*,*,#846,.T.) ;
#1173=ORIENTED_EDGE('',*,*,#822,.T.) ;
#1174=ORIENTED_EDGE('',*,*,#923,.T.) ;
#1175=ORIENTED_EDGE('',*,*,#906,.T.) ;
#1204=ORIENTED_EDGE('',*,*,#1189,.F.) ;
#1205=ORIENTED_EDGE('',*,*,#1196,.F.) ;
#1206=ORIENTED_EDGE('',*,*,#1202,.F.) ;
#1207=ORIENTED_EDGE('',*,*,#683,.F.) ;
#1255=ORIENTED_EDGE('',*,*,#1223,.F.) ;
#1256=ORIENTED_EDGE('',*,*,#1230,.F.) ;
#1257=ORIENTED_EDGE('',*,*,#1238,.T.) ;
#1258=ORIENTED_EDGE('',*,*,#1196,.T.) ;
#1259=ORIENTED_EDGE('',*,*,#1245,.T.) ;
#1260=ORIENTED_EDGE('',*,*,#1253,.T.) ;
#1270=ORIENTED_EDGE('',*,*,#1268,.T.) ;
#1271=ORIENTED_EDGE('',*,*,#1245,.F.) ;
#1272=ORIENTED_EDGE('',*,*,#1189,.T.) ;
#1273=ORIENTED_EDGE('',*,*,#678,.F.) ;
#1292=ORIENTED_EDGE('',*,*,#1285,.T.) ;
#1293=ORIENTED_EDGE('',*,*,#1092,.F.) ;
#1294=ORIENTED_EDGE('',*,*,#1085,.F.) ;
#1295=ORIENTED_EDGE('',*,*,#1290,.T.) ;
#1296=ORIENTED_EDGE('',*,*,#1230,.T.) ;
#1297=ORIENTED_EDGE('',*,*,#1223,.T.) ;
#1306=ORIENTED_EDGE('',*,*,#671,.T.) ;
#1307=ORIENTED_EDGE('',*,*,#573,.F.) ;
#1308=ORIENTED_EDGE('',*,*,#280,.F.) ;
#1309=ORIENTED_EDGE('',*,*,#717,.T.) ;
#1310=ORIENTED_EDGE('',*,*,#1115,.T.) ;
#1311=ORIENTED_EDGE('',*,*,#1100,.F.) ;
#1312=ORIENTED_EDGE('',*,*,#1285,.F.) ;
#1313=ORIENTED_EDGE('',*,*,#1253,.F.) ;
#1314=ORIENTED_EDGE('',*,*,#1268,.F.) ;
#1323=ORIENTED_EDGE('',*,*,#662,.T.) ;
#1324=ORIENTED_EDGE('',*,*,#1202,.T.) ;
#1325=ORIENTED_EDGE('',*,*,#1238,.F.) ;
#1326=ORIENTED_EDGE('',*,*,#1290,.F.) ;
#1327=ORIENTED_EDGE('',*,*,#1078,.F.) ;
#1328=ORIENTED_EDGE('',*,*,#1049,.F.) ;
#1329=ORIENTED_EDGE('',*,*,#722,.F.) ;
#1330=ORIENTED_EDGE('',*,*,#268,.F.) ;
#1331=ORIENTED_EDGE('',*,*,#568,.T.) ;
#1368=ORIENTED_EDGE('',*,*,#1347,.F.) ;
#1369=ORIENTED_EDGE('',*,*,#1354,.F.) ;
#1370=ORIENTED_EDGE('',*,*,#1361,.F.) ;
#1371=ORIENTED_EDGE('',*,*,#1366,.F.) ;
#1399=ORIENTED_EDGE('',*,*,#1385,.F.) ;
#1400=ORIENTED_EDGE('',*,*,#1347,.T.) ;
#1401=ORIENTED_EDGE('',*,*,#1392,.T.) ;
#1402=ORIENTED_EDGE('',*,*,#1397,.F.) ;
#1423=ORIENTED_EDGE('',*,*,#1416,.F.) ;
#1424=ORIENTED_EDGE('',*,*,#1354,.T.) ;
#1425=ORIENTED_EDGE('',*,*,#1385,.T.) ;
#1426=ORIENTED_EDGE('',*,*,#1421,.F.) ;
#1443=ORIENTED_EDGE('',*,*,#1436,.F.) ;
#1444=ORIENTED_EDGE('',*,*,#1441,.F.) ;
#1461=ORIENTED_EDGE('',*,*,#1454,.F.) ;
#1462=ORIENTED_EDGE('',*,*,#1459,.F.) ;
#1483=ORIENTED_EDGE('',*,*,#1476,.F.) ;
#1484=ORIENTED_EDGE('',*,*,#1361,.T.) ;
#1485=ORIENTED_EDGE('',*,*,#1416,.T.) ;
#1486=ORIENTED_EDGE('',*,*,#1481,.F.) ;
#1500=ORIENTED_EDGE('',*,*,#1392,.F.) ;
#1501=ORIENTED_EDGE('',*,*,#1366,.T.) ;
#1502=ORIENTED_EDGE('',*,*,#1476,.T.) ;
#1503=ORIENTED_EDGE('',*,*,#1498,.F.) ;
#1520=ORIENTED_EDGE('',*,*,#1513,.F.) ;
#1521=ORIENTED_EDGE('',*,*,#1518,.F.) ;
#1538=ORIENTED_EDGE('',*,*,#1531,.F.) ;
#1539=ORIENTED_EDGE('',*,*,#1536,.F.) ;
#1571=ORIENTED_EDGE('',*,*,#1550,.T.) ;
#1572=ORIENTED_EDGE('',*,*,#1557,.T.) ;
#1573=ORIENTED_EDGE('',*,*,#1564,.T.) ;
#1574=ORIENTED_EDGE('',*,*,#1569,.T.) ;
#1577=ORIENTED_EDGE('',*,*,#1421,.T.) ;
#1578=ORIENTED_EDGE('',*,*,#1397,.T.) ;
#1579=ORIENTED_EDGE('',*,*,#1498,.T.) ;
#1580=ORIENTED_EDGE('',*,*,#1481,.T.) ;
#1611=ORIENTED_EDGE('',*,*,#1590,.T.) ;
#1612=ORIENTED_EDGE('',*,*,#1597,.T.) ;
#1613=ORIENTED_EDGE('',*,*,#1604,.T.) ;
#1614=ORIENTED_EDGE('',*,*,#1609,.T.) ;
#1648=ORIENTED_EDGE('',*,*,#1628,.T.) ;
#1649=ORIENTED_EDGE('',*,*,#1641,.F.) ;
#1650=ORIENTED_EDGE('',*,*,#1646,.F.) ;
#1651=ORIENTED_EDGE('',*,*,#1436,.T.) ;
#1666=ORIENTED_EDGE('',*,*,#1646,.T.) ;
#1667=ORIENTED_EDGE('',*,*,#1664,.F.) ;
#1668=ORIENTED_EDGE('',*,*,#1628,.F.) ;
#1669=ORIENTED_EDGE('',*,*,#1441,.T.) ;
#1703=ORIENTED_EDGE('',*,*,#1683,.T.) ;
#1704=ORIENTED_EDGE('',*,*,#1696,.F.) ;
#1705=ORIENTED_EDGE('',*,*,#1701,.F.) ;
#1706=ORIENTED_EDGE('',*,*,#1454,.T.) ;
#1721=ORIENTED_EDGE('',*,*,#1701,.T.) ;
#1722=ORIENTED_EDGE('',*,*,#1719,.F.) ;
#1723=ORIENTED_EDGE('',*,*,#1683,.F.) ;
#1724=ORIENTED_EDGE('',*,*,#1459,.T.) ;
#1753=ORIENTED_EDGE('',*,*,#1733,.T.) ;
#1754=ORIENTED_EDGE('',*,*,#1746,.T.) ;
#1755=ORIENTED_EDGE('',*,*,#1751,.F.) ;
#1756=ORIENTED_EDGE('',*,*,#1513,.T.) ;
#1771=ORIENTED_EDGE('',*,*,#1751,.T.) ;
#1772=ORIENTED_EDGE('',*,*,#1769,.T.) ;
#1773=ORIENTED_EDGE('',*,*,#1733,.F.) ;
#1774=ORIENTED_EDGE('',*,*,#1518,.T.) ;
#1803=ORIENTED_EDGE('',*,*,#1783,.T.) ;
#1804=ORIENTED_EDGE('',*,*,#1796,.T.) ;
#1805=ORIENTED_EDGE('',*,*,#1801,.F.) ;
#1806=ORIENTED_EDGE('',*,*,#1531,.T.) ;
#1821=ORIENTED_EDGE('',*,*,#1801,.T.) ;
#1822=ORIENTED_EDGE('',*,*,#1819,.T.) ;
#1823=ORIENTED_EDGE('',*,*,#1783,.F.) ;
#1824=ORIENTED_EDGE('',*,*,#1536,.T.) ;
#1852=ORIENTED_EDGE('',*,*,#1840,.T.) ;
#1853=ORIENTED_EDGE('',*,*,#1845,.F.) ;
#1854=ORIENTED_EDGE('',*,*,#1557,.F.) ;
#1855=ORIENTED_EDGE('',*,*,#1850,.T.) ;
#1858=ORIENTED_EDGE('',*,*,#1746,.F.) ;
#1859=ORIENTED_EDGE('',*,*,#1769,.F.) ;
#1862=ORIENTED_EDGE('',*,*,#1796,.F.) ;
#1863=ORIENTED_EDGE('',*,*,#1819,.F.) ;
#1892=ORIENTED_EDGE('',*,*,#1879,.F.) ;
#1893=ORIENTED_EDGE('',*,*,#1890,.F.) ;
#1922=ORIENTED_EDGE('',*,*,#1909,.F.) ;
#1923=ORIENTED_EDGE('',*,*,#1920,.F.) ;
#1962=ORIENTED_EDGE('',*,*,#1939,.F.) ;
#1963=ORIENTED_EDGE('',*,*,#1840,.F.) ;
#1964=ORIENTED_EDGE('',*,*,#1948,.F.) ;
#1965=ORIENTED_EDGE('',*,*,#1955,.T.) ;
#1966=ORIENTED_EDGE('',*,*,#1960,.T.) ;
#2001=ORIENTED_EDGE('',*,*,#1982,.T.) ;
#2002=ORIENTED_EDGE('',*,*,#1989,.T.) ;
#2003=ORIENTED_EDGE('',*,*,#1994,.F.) ;
#2004=ORIENTED_EDGE('',*,*,#1569,.F.) ;
#2005=ORIENTED_EDGE('',*,*,#1999,.T.) ;
#2008=ORIENTED_EDGE('',*,*,#1664,.T.) ;
#2009=ORIENTED_EDGE('',*,*,#1641,.T.) ;
#2012=ORIENTED_EDGE('',*,*,#1719,.T.) ;
#2013=ORIENTED_EDGE('',*,*,#1696,.T.) ;
#2042=ORIENTED_EDGE('',*,*,#2029,.T.) ;
#2043=ORIENTED_EDGE('',*,*,#2040,.T.) ;
#2072=ORIENTED_EDGE('',*,*,#2059,.T.) ;
#2073=ORIENTED_EDGE('',*,*,#2070,.T.) ;
#2101=ORIENTED_EDGE('',*,*,#2087,.F.) ;
#2102=ORIENTED_EDGE('',*,*,#2094,.T.) ;
#2103=ORIENTED_EDGE('',*,*,#2099,.T.) ;
#2104=ORIENTED_EDGE('',*,*,#1590,.F.) ;
#2125=ORIENTED_EDGE('',*,*,#2099,.F.) ;
#2126=ORIENTED_EDGE('',*,*,#2118,.T.) ;
#2127=ORIENTED_EDGE('',*,*,#2123,.T.) ;
#2128=ORIENTED_EDGE('',*,*,#1597,.F.) ;
#2145=ORIENTED_EDGE('',*,*,#2138,.T.) ;
#2146=ORIENTED_EDGE('',*,*,#2143,.T.) ;
#2163=ORIENTED_EDGE('',*,*,#2156,.T.) ;
#2164=ORIENTED_EDGE('',*,*,#2161,.T.) ;
#2185=ORIENTED_EDGE('',*,*,#2123,.F.) ;
#2186=ORIENTED_EDGE('',*,*,#2178,.T.) ;
#2187=ORIENTED_EDGE('',*,*,#2183,.T.) ;
#2188=ORIENTED_EDGE('',*,*,#1604,.F.) ;
#2202=ORIENTED_EDGE('',*,*,#2183,.F.) ;
#2203=ORIENTED_EDGE('',*,*,#2200,.T.) ;
#2204=ORIENTED_EDGE('',*,*,#2087,.T.) ;
#2205=ORIENTED_EDGE('',*,*,#1609,.F.) ;
#2222=ORIENTED_EDGE('',*,*,#2215,.F.) ;
#2223=ORIENTED_EDGE('',*,*,#2220,.F.) ;
#2240=ORIENTED_EDGE('',*,*,#2233,.F.) ;
#2241=ORIENTED_EDGE('',*,*,#2238,.F.) ;
#2260=ORIENTED_EDGE('',*,*,#2253,.T.) ;
#2261=ORIENTED_EDGE('',*,*,#1879,.T.) ;
#2262=ORIENTED_EDGE('',*,*,#2258,.F.) ;
#2263=ORIENTED_EDGE('',*,*,#2143,.F.) ;
#2267=ORIENTED_EDGE('',*,*,#2258,.T.) ;
#2268=ORIENTED_EDGE('',*,*,#1890,.T.) ;
#2269=ORIENTED_EDGE('',*,*,#2253,.F.) ;
#2270=ORIENTED_EDGE('',*,*,#2138,.F.) ;
#2289=ORIENTED_EDGE('',*,*,#2282,.T.) ;
#2290=ORIENTED_EDGE('',*,*,#1909,.T.) ;
#2291=ORIENTED_EDGE('',*,*,#2287,.F.) ;
#2292=ORIENTED_EDGE('',*,*,#2161,.F.) ;
#2296=ORIENTED_EDGE('',*,*,#2287,.T.) ;
#2297=ORIENTED_EDGE('',*,*,#1920,.T.) ;
#2298=ORIENTED_EDGE('',*,*,#2282,.F.) ;
#2299=ORIENTED_EDGE('',*,*,#2156,.F.) ;
#2323=ORIENTED_EDGE('',*,*,#2310,.T.) ;
#2324=ORIENTED_EDGE('',*,*,#2315,.F.) ;
#2325=ORIENTED_EDGE('',*,*,#1982,.F.) ;
#2326=ORIENTED_EDGE('',*,*,#2321,.T.) ;
#2374=ORIENTED_EDGE('',*,*,#2340,.F.) ;
#2375=ORIENTED_EDGE('',*,*,#2310,.F.) ;
#2376=ORIENTED_EDGE('',*,*,#2350,.T.) ;
#2377=ORIENTED_EDGE('',*,*,#2357,.T.) ;
#2378=ORIENTED_EDGE('',*,*,#2364,.T.) ;
#2379=ORIENTED_EDGE('',*,*,#2372,.T.) ;
#2389=ORIENTED_EDGE('',*,*,#2340,.T.) ;
#2390=ORIENTED_EDGE('',*,*,#2387,.F.) ;
#2391=ORIENTED_EDGE('',*,*,#1989,.F.) ;
#2392=ORIENTED_EDGE('',*,*,#2315,.T.) ;
#2406=ORIENTED_EDGE('',*,*,#2399,.T.) ;
#2407=ORIENTED_EDGE('',*,*,#2040,.F.) ;
#2408=ORIENTED_EDGE('',*,*,#2404,.F.) ;
#2409=ORIENTED_EDGE('',*,*,#2215,.T.) ;
#2413=ORIENTED_EDGE('',*,*,#2404,.T.) ;
#2414=ORIENTED_EDGE('',*,*,#2029,.F.) ;
#2415=ORIENTED_EDGE('',*,*,#2399,.F.) ;
#2416=ORIENTED_EDGE('',*,*,#2220,.T.) ;
#2430=ORIENTED_EDGE('',*,*,#2423,.T.) ;
#2431=ORIENTED_EDGE('',*,*,#2070,.F.) ;
#2432=ORIENTED_EDGE('',*,*,#2428,.F.) ;
#2433=ORIENTED_EDGE('',*,*,#2233,.T.) ;
#2437=ORIENTED_EDGE('',*,*,#2428,.T.) ;
#2438=ORIENTED_EDGE('',*,*,#2059,.F.) ;
#2439=ORIENTED_EDGE('',*,*,#2423,.F.) ;
#2440=ORIENTED_EDGE('',*,*,#2238,.T.) ;
#2444=ORIENTED_EDGE('',*,*,#2118,.F.) ;
#2445=ORIENTED_EDGE('',*,*,#2094,.F.) ;
#2446=ORIENTED_EDGE('',*,*,#2200,.F.) ;
#2447=ORIENTED_EDGE('',*,*,#2178,.F.) ;
#2471=ORIENTED_EDGE('',*,*,#2456,.F.) ;
#2472=ORIENTED_EDGE('',*,*,#2463,.F.) ;
#2473=ORIENTED_EDGE('',*,*,#2469,.F.) ;
#2474=ORIENTED_EDGE('',*,*,#1960,.F.) ;
#2522=ORIENTED_EDGE('',*,*,#2490,.F.) ;
#2523=ORIENTED_EDGE('',*,*,#2497,.F.) ;
#2524=ORIENTED_EDGE('',*,*,#2505,.T.) ;
#2525=ORIENTED_EDGE('',*,*,#2463,.T.) ;
#2526=ORIENTED_EDGE('',*,*,#2512,.T.) ;
#2527=ORIENTED_EDGE('',*,*,#2520,.T.) ;
#2537=ORIENTED_EDGE('',*,*,#2535,.T.) ;
#2538=ORIENTED_EDGE('',*,*,#2512,.F.) ;
#2539=ORIENTED_EDGE('',*,*,#2456,.T.) ;
#2540=ORIENTED_EDGE('',*,*,#1955,.F.) ;
#2554=ORIENTED_EDGE('',*,*,#2547,.F.) ;
#2555=ORIENTED_EDGE('',*,*,#2364,.F.) ;
#2556=ORIENTED_EDGE('',*,*,#2357,.F.) ;
#2557=ORIENTED_EDGE('',*,*,#2552,.F.) ;
#2558=ORIENTED_EDGE('',*,*,#2497,.T.) ;
#2559=ORIENTED_EDGE('',*,*,#2490,.T.) ;
#2568=ORIENTED_EDGE('',*,*,#2469,.T.) ;
#2569=ORIENTED_EDGE('',*,*,#2505,.F.) ;
#2570=ORIENTED_EDGE('',*,*,#2552,.T.) ;
#2571=ORIENTED_EDGE('',*,*,#2350,.F.) ;
#2572=ORIENTED_EDGE('',*,*,#2321,.F.) ;
#2573=ORIENTED_EDGE('',*,*,#1999,.F.) ;
#2574=ORIENTED_EDGE('',*,*,#1564,.F.) ;
#2575=ORIENTED_EDGE('',*,*,#1845,.T.) ;
#2576=ORIENTED_EDGE('',*,*,#1939,.T.) ;
#2585=ORIENTED_EDGE('',*,*,#1850,.F.) ;
#2586=ORIENTED_EDGE('',*,*,#1550,.F.) ;
#2587=ORIENTED_EDGE('',*,*,#1994,.T.) ;
#2588=ORIENTED_EDGE('',*,*,#2387,.T.) ;
#2589=ORIENTED_EDGE('',*,*,#2372,.F.) ;
#2590=ORIENTED_EDGE('',*,*,#2547,.T.) ;
#2591=ORIENTED_EDGE('',*,*,#2520,.F.) ;
#2592=ORIENTED_EDGE('',*,*,#2535,.F.) ;
#2593=ORIENTED_EDGE('',*,*,#1948,.T.) ;
#2634=CONSTRUCTIVE_GEOMETRY_REPRESENTATION('supplemental geometry',(#2630),#23) ;
#2619=GEOMETRIC_SET('NONE',(#2612,#2621)) ;
#73=EDGE_LOOP('',(#74,#75,#76,#77)) ;
#104=EDGE_LOOP('',(#105,#106,#107,#108)) ;
#128=EDGE_LOOP('',(#129,#130,#131,#132)) ;
#148=EDGE_LOOP('',(#149,#150)) ;
#166=EDGE_LOOP('',(#167,#168)) ;
#188=EDGE_LOOP('',(#189,#190,#191,#192)) ;
#205=EDGE_LOOP('',(#206,#207,#208,#209)) ;
#225=EDGE_LOOP('',(#226,#227)) ;
#243=EDGE_LOOP('',(#244,#245)) ;
#281=EDGE_LOOP('',(#282,#283,#284,#285)) ;
#287=EDGE_LOOP('',(#288,#289,#290,#291)) ;
#321=EDGE_LOOP('',(#322,#323,#324,#325)) ;
#358=EDGE_LOOP('',(#359,#360,#361,#362)) ;
#379=EDGE_LOOP('',(#380,#381,#382,#383)) ;
#416=EDGE_LOOP('',(#417,#418,#419,#420)) ;
#437=EDGE_LOOP('',(#438,#439,#440,#441)) ;
#469=EDGE_LOOP('',(#470,#471,#472,#473)) ;
#490=EDGE_LOOP('',(#491,#492,#493,#494)) ;
#522=EDGE_LOOP('',(#523,#524,#525,#526)) ;
#543=EDGE_LOOP('',(#544,#545,#546,#547)) ;
#574=EDGE_LOOP('',(#575,#576,#577,#578)) ;
#580=EDGE_LOOP('',(#581,#582)) ;
#584=EDGE_LOOP('',(#585,#586)) ;
#614=EDGE_LOOP('',(#615,#616)) ;
#644=EDGE_LOOP('',(#645,#646)) ;
#684=EDGE_LOOP('',(#685,#686,#687,#688,#689)) ;
#723=EDGE_LOOP('',(#724,#725,#726,#727,#728)) ;
#730=EDGE_LOOP('',(#731,#732)) ;
#734=EDGE_LOOP('',(#735,#736)) ;
#764=EDGE_LOOP('',(#765,#766)) ;
#794=EDGE_LOOP('',(#795,#796)) ;
#823=EDGE_LOOP('',(#824,#825,#826,#827)) ;
#847=EDGE_LOOP('',(#848,#849,#850,#851)) ;
#867=EDGE_LOOP('',(#868,#869)) ;
#885=EDGE_LOOP('',(#886,#887)) ;
#907=EDGE_LOOP('',(#908,#909,#910,#911)) ;
#924=EDGE_LOOP('',(#925,#926,#927,#928)) ;
#944=EDGE_LOOP('',(#945,#946)) ;
#962=EDGE_LOOP('',(#963,#964)) ;
#982=EDGE_LOOP('',(#983,#984,#985,#986)) ;
#989=EDGE_LOOP('',(#990,#991,#992,#993)) ;
#1011=EDGE_LOOP('',(#1012,#1013,#1014,#1015)) ;
#1018=EDGE_LOOP('',(#1019,#1020,#1021,#1022)) ;
#1050=EDGE_LOOP('',(#1051,#1052,#1053,#1054)) ;
#1101=EDGE_LOOP('',(#1102,#1103,#1104,#1105,#1106,#1107)) ;
#1116=EDGE_LOOP('',(#1117,#1118,#1119,#1120)) ;
#1133=EDGE_LOOP('',(#1134,#1135,#1136,#1137)) ;
#1140=EDGE_LOOP('',(#1141,#1142,#1143,#1144)) ;
#1157=EDGE_LOOP('',(#1158,#1159,#1160,#1161)) ;
#1164=EDGE_LOOP('',(#1165,#1166,#1167,#1168)) ;
#1171=EDGE_LOOP('',(#1172,#1173,#1174,#1175)) ;
#1203=EDGE_LOOP('',(#1204,#1205,#1206,#1207)) ;
#1254=EDGE_LOOP('',(#1255,#1256,#1257,#1258,#1259,#1260)) ;
#1269=EDGE_LOOP('',(#1270,#1271,#1272,#1273)) ;
#1291=EDGE_LOOP('',(#1292,#1293,#1294,#1295,#1296,#1297)) ;
#1305=EDGE_LOOP('',(#1306,#1307,#1308,#1309,#1310,#1311,#1312,#1313,#1314)) ;
#1322=EDGE_LOOP('',(#1323,#1324,#1325,#1326,#1327,#1328,#1329,#1330,#1331)) ;
#1367=EDGE_LOOP('',(#1368,#1369,#1370,#1371)) ;
#1398=EDGE_LOOP('',(#1399,#1400,#1401,#1402)) ;
#1422=EDGE_LOOP('',(#1423,#1424,#1425,#1426)) ;
#1442=EDGE_LOOP('',(#1443,#1444)) ;
#1460=EDGE_LOOP('',(#1461,#1462)) ;
#1482=EDGE_LOOP('',(#1483,#1484,#1485,#1486)) ;
#1499=EDGE_LOOP('',(#1500,#1501,#1502,#1503)) ;
#1519=EDGE_LOOP('',(#1520,#1521)) ;
#1537=EDGE_LOOP('',(#1538,#1539)) ;
#1570=EDGE_LOOP('',(#1571,#1572,#1573,#1574)) ;
#1576=EDGE_LOOP('',(#1577,#1578,#1579,#1580)) ;
#1610=EDGE_LOOP('',(#1611,#1612,#1613,#1614)) ;
#1647=EDGE_LOOP('',(#1648,#1649,#1650,#1651)) ;
#1665=EDGE_LOOP('',(#1666,#1667,#1668,#1669)) ;
#1702=EDGE_LOOP('',(#1703,#1704,#1705,#1706)) ;
#1720=EDGE_LOOP('',(#1721,#1722,#1723,#1724)) ;
#1752=EDGE_LOOP('',(#1753,#1754,#1755,#1756)) ;
#1770=EDGE_LOOP('',(#1771,#1772,#1773,#1774)) ;
#1802=EDGE_LOOP('',(#1803,#1804,#1805,#1806)) ;
#1820=EDGE_LOOP('',(#1821,#1822,#1823,#1824)) ;
#1851=EDGE_LOOP('',(#1852,#1853,#1854,#1855)) ;
#1857=EDGE_LOOP('',(#1858,#1859)) ;
#1861=EDGE_LOOP('',(#1862,#1863)) ;
#1891=EDGE_LOOP('',(#1892,#1893)) ;
#1921=EDGE_LOOP('',(#1922,#1923)) ;
#1961=EDGE_LOOP('',(#1962,#1963,#1964,#1965,#1966)) ;
#2000=EDGE_LOOP('',(#2001,#2002,#2003,#2004,#2005)) ;
#2007=EDGE_LOOP('',(#2008,#2009)) ;
#2011=EDGE_LOOP('',(#2012,#2013)) ;
#2041=EDGE_LOOP('',(#2042,#2043)) ;
#2071=EDGE_LOOP('',(#2072,#2073)) ;
#2100=EDGE_LOOP('',(#2101,#2102,#2103,#2104)) ;
#2124=EDGE_LOOP('',(#2125,#2126,#2127,#2128)) ;
#2144=EDGE_LOOP('',(#2145,#2146)) ;
#2162=EDGE_LOOP('',(#2163,#2164)) ;
#2184=EDGE_LOOP('',(#2185,#2186,#2187,#2188)) ;
#2201=EDGE_LOOP('',(#2202,#2203,#2204,#2205)) ;
#2221=EDGE_LOOP('',(#2222,#2223)) ;
#2239=EDGE_LOOP('',(#2240,#2241)) ;
#2259=EDGE_LOOP('',(#2260,#2261,#2262,#2263)) ;
#2266=EDGE_LOOP('',(#2267,#2268,#2269,#2270)) ;
#2288=EDGE_LOOP('',(#2289,#2290,#2291,#2292)) ;
#2295=EDGE_LOOP('',(#2296,#2297,#2298,#2299)) ;
#2322=EDGE_LOOP('',(#2323,#2324,#2325,#2326)) ;
#2373=EDGE_LOOP('',(#2374,#2375,#2376,#2377,#2378,#2379)) ;
#2388=EDGE_LOOP('',(#2389,#2390,#2391,#2392)) ;
#2405=EDGE_LOOP('',(#2406,#2407,#2408,#2409)) ;
#2412=EDGE_LOOP('',(#2413,#2414,#2415,#2416)) ;
#2429=EDGE_LOOP('',(#2430,#2431,#2432,#2433)) ;
#2436=EDGE_LOOP('',(#2437,#2438,#2439,#2440)) ;
#2443=EDGE_LOOP('',(#2444,#2445,#2446,#2447)) ;
#2470=EDGE_LOOP('',(#2471,#2472,#2473,#2474)) ;
#2521=EDGE_LOOP('',(#2522,#2523,#2524,#2525,#2526,#2527)) ;
#2536=EDGE_LOOP('',(#2537,#2538,#2539,#2540)) ;
#2553=EDGE_LOOP('',(#2554,#2555,#2556,#2557,#2558,#2559)) ;
#2567=EDGE_LOOP('',(#2568,#2569,#2570,#2571,#2572,#2573,#2574,#2575,#2576)) ;
#2584=EDGE_LOOP('',(#2585,#2586,#2587,#2588,#2589,#2590,#2591,#2592,#2593)) ;
#30=MANIFOLD_SOLID_BREP('\X2\96F64EF651E04F554F53\X0\.1',#39) ;
#1336=MANIFOLD_SOLID_BREP('\X2\96F64EF651E04F554F53\X0\.2',#1338) ;
#50=VERTEX_POINT('',#49) ;
#52=VERTEX_POINT('',#51) ;
#59=VERTEX_POINT('',#58) ;
#66=VERTEX_POINT('',#65) ;
#90=VERTEX_POINT('',#89) ;
#97=VERTEX_POINT('',#96) ;
#121=VERTEX_POINT('',#120) ;
#139=VERTEX_POINT('',#138) ;
#141=VERTEX_POINT('',#140) ;
#157=VERTEX_POINT('',#156) ;
#159=VERTEX_POINT('',#158) ;
#181=VERTEX_POINT('',#180) ;
#216=VERTEX_POINT('',#215) ;
#218=VERTEX_POINT('',#217) ;
#234=VERTEX_POINT('',#233) ;
#236=VERTEX_POINT('',#235) ;
#258=VERTEX_POINT('',#257) ;
#260=VERTEX_POINT('',#259) ;
#267=VERTEX_POINT('',#266) ;
#274=VERTEX_POINT('',#273) ;
#298=VERTEX_POINT('',#297) ;
#300=VERTEX_POINT('',#299) ;
#307=VERTEX_POINT('',#306) ;
#314=VERTEX_POINT('',#313) ;
#338=VERTEX_POINT('',#337) ;
#351=VERTEX_POINT('',#350) ;
#396=VERTEX_POINT('',#395) ;
#409=VERTEX_POINT('',#408) ;
#449=VERTEX_POINT('',#448) ;
#462=VERTEX_POINT('',#461) ;
#502=VERTEX_POINT('',#501) ;
#515=VERTEX_POINT('',#514) ;
#560=VERTEX_POINT('',#559) ;
#562=VERTEX_POINT('',#561) ;
#599=VERTEX_POINT('',#598) ;
#601=VERTEX_POINT('',#600) ;
#629=VERTEX_POINT('',#628) ;
#631=VERTEX_POINT('',#630) ;
#661=VERTEX_POINT('',#660) ;
#670=VERTEX_POINT('',#669) ;
#677=VERTEX_POINT('',#676) ;
#702=VERTEX_POINT('',#701) ;
#704=VERTEX_POINT('',#703) ;
#711=VERTEX_POINT('',#710) ;
#749=VERTEX_POINT('',#748) ;
#751=VERTEX_POINT('',#750) ;
#779=VERTEX_POINT('',#778) ;
#781=VERTEX_POINT('',#780) ;
#809=VERTEX_POINT('',#808) ;
#816=VERTEX_POINT('',#815) ;
#840=VERTEX_POINT('',#839) ;
#858=VERTEX_POINT('',#857) ;
#860=VERTEX_POINT('',#859) ;
#876=VERTEX_POINT('',#875) ;
#878=VERTEX_POINT('',#877) ;
#900=VERTEX_POINT('',#899) ;
#935=VERTEX_POINT('',#934) ;
#937=VERTEX_POINT('',#936) ;
#953=VERTEX_POINT('',#952) ;
#955=VERTEX_POINT('',#954) ;
#1035=VERTEX_POINT('',#1034) ;
#1037=VERTEX_POINT('',#1036) ;
#1067=VERTEX_POINT('',#1066) ;
#1077=VERTEX_POINT('',#1076) ;
#1084=VERTEX_POINT('',#1083) ;
#1091=VERTEX_POINT('',#1090) ;
#1188=VERTEX_POINT('',#1187) ;
#1195=VERTEX_POINT('',#1194) ;
#1220=VERTEX_POINT('',#1219) ;
#1222=VERTEX_POINT('',#1221) ;
#1229=VERTEX_POINT('',#1228) ;
#1244=VERTEX_POINT('',#1243) ;
#1344=VERTEX_POINT('',#1343) ;
#1346=VERTEX_POINT('',#1345) ;
#1353=VERTEX_POINT('',#1352) ;
#1360=VERTEX_POINT('',#1359) ;
#1384=VERTEX_POINT('',#1383) ;
#1391=VERTEX_POINT('',#1390) ;
#1415=VERTEX_POINT('',#1414) ;
#1433=VERTEX_POINT('',#1432) ;
#1435=VERTEX_POINT('',#1434) ;
#1451=VERTEX_POINT('',#1450) ;
#1453=VERTEX_POINT('',#1452) ;
#1475=VERTEX_POINT('',#1474) ;
#1510=VERTEX_POINT('',#1509) ;
#1512=VERTEX_POINT('',#1511) ;
#1528=VERTEX_POINT('',#1527) ;
#1530=VERTEX_POINT('',#1529) ;
#1547=VERTEX_POINT('',#1546) ;
#1549=VERTEX_POINT('',#1548) ;
#1556=VERTEX_POINT('',#1555) ;
#1563=VERTEX_POINT('',#1562) ;
#1587=VERTEX_POINT('',#1586) ;
#1589=VERTEX_POINT('',#1588) ;
#1596=VERTEX_POINT('',#1595) ;
#1603=VERTEX_POINT('',#1602) ;
#1627=VERTEX_POINT('',#1626) ;
#1640=VERTEX_POINT('',#1639) ;
#1682=VERTEX_POINT('',#1681) ;
#1695=VERTEX_POINT('',#1694) ;
#1732=VERTEX_POINT('',#1731) ;
#1745=VERTEX_POINT('',#1744) ;
#1782=VERTEX_POINT('',#1781) ;
#1795=VERTEX_POINT('',#1794) ;
#1837=VERTEX_POINT('',#1836) ;
#1839=VERTEX_POINT('',#1838) ;
#1876=VERTEX_POINT('',#1875) ;
#1878=VERTEX_POINT('',#1877) ;
#1906=VERTEX_POINT('',#1905) ;
#1908=VERTEX_POINT('',#1907) ;
#1938=VERTEX_POINT('',#1937) ;
#1947=VERTEX_POINT('',#1946) ;
#1954=VERTEX_POINT('',#1953) ;
#1979=VERTEX_POINT('',#1978) ;
#1981=VERTEX_POINT('',#1980) ;
#1988=VERTEX_POINT('',#1987) ;
#2026=VERTEX_POINT('',#2025) ;
#2028=VERTEX_POINT('',#2027) ;
#2056=VERTEX_POINT('',#2055) ;
#2058=VERTEX_POINT('',#2057) ;
#2086=VERTEX_POINT('',#2085) ;
#2093=VERTEX_POINT('',#2092) ;
#2117=VERTEX_POINT('',#2116) ;
#2135=VERTEX_POINT('',#2134) ;
#2137=VERTEX_POINT('',#2136) ;
#2153=VERTEX_POINT('',#2152) ;
#2155=VERTEX_POINT('',#2154) ;
#2177=VERTEX_POINT('',#2176) ;
#2212=VERTEX_POINT('',#2211) ;
#2214=VERTEX_POINT('',#2213) ;
#2230=VERTEX_POINT('',#2229) ;
#2232=VERTEX_POINT('',#2231) ;
#2307=VERTEX_POINT('',#2306) ;
#2309=VERTEX_POINT('',#2308) ;
#2339=VERTEX_POINT('',#2338) ;
#2349=VERTEX_POINT('',#2348) ;
#2356=VERTEX_POINT('',#2355) ;
#2363=VERTEX_POINT('',#2362) ;
#2455=VERTEX_POINT('',#2454) ;
#2462=VERTEX_POINT('',#2461) ;
#2487=VERTEX_POINT('',#2486) ;
#2489=VERTEX_POINT('',#2488) ;
#2496=VERTEX_POINT('',#2495) ;
#2511=VERTEX_POINT('',#2510) ;
#2636=NEXT_ASSEMBLY_USAGE_OCCURRENCE('Part7.1','Part7.1','',#13,#28,'Part7.1') ;
#1334=ADVANCED_BREP_SHAPE_REPRESENTATION('NONE',(#30,#1336),#23) ;
#79=ADVANCED_FACE('\X2\96F64EF651E04F554F53\X0\',(#78),#44,.T.) ;
#110=ADVANCED_FACE('\X2\96F64EF651E04F554F53\X0\',(#109),#84,.T.) ;
#170=ADVANCED_FACE('\X2\96F64EF651E04F554F53\X0\',(#133,#151,#169),#115,.T.) ;
#194=ADVANCED_FACE('\X2\96F64EF651E04F554F53\X0\',(#193),#175,.T.) ;
#247=ADVANCED_FACE('\X2\96F64EF651E04F554F53\X0\',(#210,#228,#246),#199,.T.) ;
#327=ADVANCED_FACE('\X2\96F64EF651E04F554F53\X0\',(#286,#292,#326),#252,.T.) ;
#364=ADVANCED_FACE('\X2\96F64EF651E04F554F53\X0\',(#363),#332,.F.) ;
#385=ADVANCED_FACE('\X2\96F64EF651E04F554F53\X0\',(#384),#332,.F.) ;
#422=ADVANCED_FACE('\X2\96F64EF651E04F554F53\X0\',(#421),#390,.F.) ;
#443=ADVANCED_FACE('\X2\96F64EF651E04F554F53\X0\',(#442),#390,.F.) ;
#475=ADVANCED_FACE('\X2\96F64EF651E04F554F53\X0\',(#474),#332,.F.) ;
#496=ADVANCED_FACE('\X2\96F64EF651E04F554F53\X0\',(#495),#332,.F.) ;
#528=ADVANCED_FACE('\X2\96F64EF651E04F554F53\X0\',(#527),#390,.F.) ;
#549=ADVANCED_FACE('\X2\96F64EF651E04F554F53\X0\',(#548),#390,.F.) ;
#648=ADVANCED_FACE('\X2\96F64EF651E04F554F53\X0\',(#579,#583,#587,#617,#647),#554,.T.) ;
#691=ADVANCED_FACE('\X2\96F64EF651E04F554F53\X0\',(#690),#653,.F.) ;
#798=ADVANCED_FACE('\X2\96F64EF651E04F554F53\X0\',(#729,#733,#737,#767,#797),#696,.F.) ;
#829=ADVANCED_FACE('\X2\96F64EF651E04F554F53\X0\',(#828),#803,.T.) ;
#889=ADVANCED_FACE('\X2\96F64EF651E04F554F53\X0\',(#852,#870,#888),#834,.T.) ;
#913=ADVANCED_FACE('\X2\96F64EF651E04F554F53\X0\',(#912),#894,.T.) ;
#966=ADVANCED_FACE('\X2\96F64EF651E04F554F53\X0\',(#929,#947,#965),#918,.T.) ;
#988=ADVANCED_FACE('\X2\96F64EF651E04F554F53\X0\',(#987),#971,.F.) ;
#995=ADVANCED_FACE('\X2\96F64EF651E04F554F53\X0\',(#994),#971,.F.) ;
#1017=ADVANCED_FACE('\X2\96F64EF651E04F554F53\X0\',(#1016),#1000,.F.) ;
#1024=ADVANCED_FACE('\X2\96F64EF651E04F554F53\X0\',(#1023),#1000,.F.) ;
#1056=ADVANCED_FACE('\X2\96F64EF651E04F554F53\X0\',(#1055),#1029,.F.) ;
#1109=ADVANCED_FACE('\X2\96F64EF651E04F554F53\X0\',(#1108),#1061,.T.) ;
#1122=ADVANCED_FACE('\X2\96F64EF651E04F554F53\X0\',(#1121),#1029,.F.) ;
#1139=ADVANCED_FACE('\X2\96F64EF651E04F554F53\X0\',(#1138),#971,.F.) ;
#1146=ADVANCED_FACE('\X2\96F64EF651E04F554F53\X0\',(#1145),#971,.F.) ;
#1163=ADVANCED_FACE('\X2\96F64EF651E04F554F53\X0\',(#1162),#1000,.F.) ;
#1170=ADVANCED_FACE('\X2\96F64EF651E04F554F53\X0\',(#1169),#1000,.F.) ;
#1177=ADVANCED_FACE('\X2\96F64EF651E04F554F53\X0\',(#1176),#44,.T.) ;
#1209=ADVANCED_FACE('\X2\96F64EF651E04F554F53\X0\',(#1208),#1182,.T.) ;
#1262=ADVANCED_FACE('\X2\96F64EF651E04F554F53\X0\',(#1261),#1214,.T.) ;
#1275=ADVANCED_FACE('\X2\96F64EF651E04F554F53\X0\',(#1274),#1182,.T.) ;
#1299=ADVANCED_FACE('\X2\96F64EF651E04F554F53\X0\',(#1298),#1280,.T.) ;
#1316=ADVANCED_FACE('\X2\96F64EF651E04F554F53\X0\',(#1315),#1304,.T.) ;
#1333=ADVANCED_FACE('\X2\96F64EF651E04F554F53\X0\',(#1332),#1321,.T.) ;
#1373=ADVANCED_FACE('\X2\96F64EF651E04F554F53\X0\',(#1372),#44,.T.) ;
#1404=ADVANCED_FACE('\X2\96F64EF651E04F554F53\X0\',(#1403),#1378,.T.) ;
#1464=ADVANCED_FACE('\X2\96F64EF651E04F554F53\X0\',(#1427,#1445,#1463),#1409,.T.) ;
#1488=ADVANCED_FACE('\X2\96F64EF651E04F554F53\X0\',(#1487),#1469,.T.) ;
#1541=ADVANCED_FACE('\X2\96F64EF651E04F554F53\X0\',(#1504,#1522,#1540),#1493,.T.) ;
#1616=ADVANCED_FACE('\X2\96F64EF651E04F554F53\X0\',(#1575,#1581,#1615),#252,.T.) ;
#1653=ADVANCED_FACE('\X2\96F64EF651E04F554F53\X0\',(#1652),#1621,.F.) ;
#1671=ADVANCED_FACE('\X2\96F64EF651E04F554F53\X0\',(#1670),#1621,.F.) ;
#1708=ADVANCED_FACE('\X2\96F64EF651E04F554F53\X0\',(#1707),#1676,.F.) ;
#1726=ADVANCED_FACE('\X2\96F64EF651E04F554F53\X0\',(#1725),#1676,.F.) ;
#1758=ADVANCED_FACE('\X2\96F64EF651E04F554F53\X0\',(#1757),#1621,.F.) ;
#1776=ADVANCED_FACE('\X2\96F64EF651E04F554F53\X0\',(#1775),#1621,.F.) ;
#1808=ADVANCED_FACE('\X2\96F64EF651E04F554F53\X0\',(#1807),#1676,.F.) ;
#1826=ADVANCED_FACE('\X2\96F64EF651E04F554F53\X0\',(#1825),#1676,.F.) ;
#1925=ADVANCED_FACE('\X2\96F64EF651E04F554F53\X0\',(#1856,#1860,#1864,#1894,#1924),#1831,.T.) ;
#1968=ADVANCED_FACE('\X2\96F64EF651E04F554F53\X0\',(#1967),#1930,.F.) ;
#2075=ADVANCED_FACE('\X2\96F64EF651E04F554F53\X0\',(#2006,#2010,#2014,#2044,#2074),#1973,.F.) ;
#2106=ADVANCED_FACE('\X2\96F64EF651E04F554F53\X0\',(#2105),#2080,.T.) ;
#2166=ADVANCED_FACE('\X2\96F64EF651E04F554F53\X0\',(#2129,#2147,#2165),#2111,.F.) ;
#2190=ADVANCED_FACE('\X2\96F64EF651E04F554F53\X0\',(#2189),#2171,.T.) ;
#2243=ADVANCED_FACE('\X2\96F64EF651E04F554F53\X0\',(#2206,#2224,#2242),#2195,.T.) ;
#2265=ADVANCED_FACE('\X2\96F64EF651E04F554F53\X0\',(#2264),#2248,.F.) ;
#2272=ADVANCED_FACE('\X2\96F64EF651E04F554F53\X0\',(#2271),#2248,.F.) ;
#2294=ADVANCED_FACE('\X2\96F64EF651E04F554F53\X0\',(#2293),#2277,.F.) ;
#2301=ADVANCED_FACE('\X2\96F64EF651E04F554F53\X0\',(#2300),#2277,.F.) ;
#2328=ADVANCED_FACE('\X2\96F64EF651E04F554F53\X0\',(#2327),#1029,.F.) ;
#2381=ADVANCED_FACE('\X2\96F64EF651E04F554F53\X0\',(#2380),#2333,.T.) ;
#2394=ADVANCED_FACE('\X2\96F64EF651E04F554F53\X0\',(#2393),#1029,.F.) ;
#2411=ADVANCED_FACE('\X2\96F64EF651E04F554F53\X0\',(#2410),#2248,.F.) ;
#2418=ADVANCED_FACE('\X2\96F64EF651E04F554F53\X0\',(#2417),#2248,.F.) ;
#2435=ADVANCED_FACE('\X2\96F64EF651E04F554F53\X0\',(#2434),#2277,.F.) ;
#2442=ADVANCED_FACE('\X2\96F64EF651E04F554F53\X0\',(#2441),#2277,.F.) ;
#2449=ADVANCED_FACE('\X2\96F64EF651E04F554F53\X0\',(#2448),#44,.T.) ;
#2476=ADVANCED_FACE('\X2\96F64EF651E04F554F53\X0\',(#2475),#1182,.T.) ;
#2529=ADVANCED_FACE('\X2\96F64EF651E04F554F53\X0\',(#2528),#2481,.T.) ;
#2542=ADVANCED_FACE('\X2\96F64EF651E04F554F53\X0\',(#2541),#1182,.T.) ;
#2561=ADVANCED_FACE('\X2\96F64EF651E04F554F53\X0\',(#2560),#1280,.T.) ;
#2578=ADVANCED_FACE('\X2\96F64EF651E04F554F53\X0\',(#2577),#2566,.F.) ;
#2595=ADVANCED_FACE('\X2\96F64EF651E04F554F53\X0\',(#2594),#2583,.F.) ;
#4=APPLICATION_PROTOCOL_DEFINITION('international standard','ap242_managed_model_based_3d_engineering',2014,#1) ;
#340=B_SPLINE_CURVE_WITH_KNOTS('',5,(#341,#342,#343,#344,#345,#346,#347,#348,#349),.UNSPECIFIED.,.F.,.U.,(6,3,6),(4.88813726832,6.94454468501,9.77628590729),.UNSPECIFIED.) ;
#365=B_SPLINE_CURVE_WITH_KNOTS('',5,(#366,#367,#368,#369,#370,#371,#372,#373,#374,#375,#376,#377),.UNSPECIFIED.,.F.,.U.,(6,3,3,6),(0.,1.97939378073,2.9728229729,4.88813726832),.UNSPECIFIED.) ;
#398=B_SPLINE_CURVE_WITH_KNOTS('',5,(#399,#400,#401,#402,#403,#404,#405,#406,#407),.UNSPECIFIED.,.F.,.U.,(6,3,6),(4.88813726919,6.94454468562,9.77628590772),.UNSPECIFIED.) ;
#423=B_SPLINE_CURVE_WITH_KNOTS('',5,(#424,#425,#426,#427,#428,#429,#430,#431,#432,#433,#434,#435),.UNSPECIFIED.,.F.,.U.,(6,3,3,6),(0.,1.97939378123,2.97282297281,4.88813726919),.UNSPECIFIED.) ;
#451=B_SPLINE_CURVE_WITH_KNOTS('',5,(#452,#453,#454,#455,#456,#457,#458,#459,#460),.UNSPECIFIED.,.F.,.U.,(6,3,6),(4.88959931573,6.94165648375,9.77920317534),.UNSPECIFIED.) ;
#476=B_SPLINE_CURVE_WITH_KNOTS('',5,(#477,#478,#479,#480,#481,#482,#483,#484,#485,#486,#487,#488),.UNSPECIFIED.,.F.,.U.,(6,3,3,6),(0.,1.97684124506,2.97073805768,4.88959931573),.UNSPECIFIED.) ;
#504=B_SPLINE_CURVE_WITH_KNOTS('',5,(#505,#506,#507,#508,#509,#510,#511,#512,#513),.UNSPECIFIED.,.F.,.U.,(6,3,6),(4.88959931683,6.94165648465,9.77920317739),.UNSPECIFIED.) ;
#529=B_SPLINE_CURVE_WITH_KNOTS('',5,(#530,#531,#532,#533,#534,#535,#536,#537,#538,#539,#540,#541),.UNSPECIFIED.,.F.,.U.,(6,3,3,6),(0.,1.97684124571,2.97073805832,4.88959931683),.UNSPECIFIED.) ;
#588=B_SPLINE_CURVE_WITH_KNOTS('',5,(#589,#590,#591,#592,#593,#594,#595,#596,#597),.UNSPECIFIED.,.F.,.U.,(6,3,6),(0.,1.95942094816,4.77701111386),.UNSPECIFIED.) ;
#603=B_SPLINE_CURVE_WITH_KNOTS('',5,(#604,#605,#606,#607,#608,#609,#610,#611,#612),.UNSPECIFIED.,.F.,.U.,(6,3,6),(4.77701111386,6.86951738289,9.55403822707),.UNSPECIFIED.) ;
#618=B_SPLINE_CURVE_WITH_KNOTS('',5,(#619,#620,#621,#622,#623,#624,#625,#626,#627),.UNSPECIFIED.,.F.,.U.,(6,3,6),(0.,1.95942094812,4.77701111413),.UNSPECIFIED.) ;
#633=B_SPLINE_CURVE_WITH_KNOTS('',5,(#634,#635,#636,#637,#638,#639,#640,#641,#642),.UNSPECIFIED.,.F.,.U.,(6,3,6),(4.77701111413,6.86951738282,9.55403822676),.UNSPECIFIED.) ;
#654=B_SPLINE_CURVE_WITH_KNOTS('',4,(#655,#656,#657,#658,#659),.UNSPECIFIED.,.F.,.U.,(5,5),(0.,1.15630381172),.UNSPECIFIED.) ;
#663=B_SPLINE_CURVE_WITH_KNOTS('',4,(#664,#665,#666,#667,#668),.UNSPECIFIED.,.F.,.U.,(5,5),(0.,1.15630381163),.UNSPECIFIED.) ;
#738=B_SPLINE_CURVE_WITH_KNOTS('',5,(#739,#740,#741,#742,#743,#744,#745,#746,#747),.UNSPECIFIED.,.F.,.U.,(6,3,6),(4.77840734532,6.86717137639,9.55682177252),.UNSPECIFIED.) ;
#753=B_SPLINE_CURVE_WITH_KNOTS('',5,(#754,#755,#756,#757,#758,#759,#760,#761,#762),.UNSPECIFIED.,.F.,.U.,(6,3,6),(0.,1.95901322675,4.77840734532),.UNSPECIFIED.) ;
#768=B_SPLINE_CURVE_WITH_KNOTS('',5,(#769,#770,#771,#772,#773,#774,#775,#776,#777),.UNSPECIFIED.,.F.,.U.,(6,3,6),(4.77840734623,6.86717137709,9.55682177301),.UNSPECIFIED.) ;
#783=B_SPLINE_CURVE_WITH_KNOTS('',5,(#784,#785,#786,#787,#788,#789,#790,#791,#792),.UNSPECIFIED.,.F.,.U.,(6,3,6),(0.,1.95901322724,4.77840734623),.UNSPECIFIED.) ;
#1044=B_SPLINE_CURVE_WITH_KNOTS('',3,(#1045,#1046,#1047,#1048),.UNSPECIFIED.,.F.,.U.,(4,4),(0.,8.95224679706),.UNSPECIFIED.) ;
#1069=B_SPLINE_CURVE_WITH_KNOTS('',5,(#1070,#1071,#1072,#1073,#1074,#1075),.UNSPECIFIED.,.F.,.U.,(6,6),(0.,9.45440051862),.UNSPECIFIED.) ;
#1093=B_SPLINE_CURVE_WITH_KNOTS('',5,(#1094,#1095,#1096,#1097,#1098,#1099),.UNSPECIFIED.,.F.,.U.,(6,6),(0.,9.45440051834),.UNSPECIFIED.) ;
#1110=B_SPLINE_CURVE_WITH_KNOTS('',3,(#1111,#1112,#1113,#1114),.UNSPECIFIED.,.F.,.U.,(4,4),(0.,8.95224679705),.UNSPECIFIED.) ;
#1197=B_SPLINE_CURVE_WITH_KNOTS('',3,(#1198,#1199,#1200,#1201),.UNSPECIFIED.,.F.,.U.,(4,4),(1.13812821671,12.7469906482),.UNSPECIFIED.) ;
#1231=B_SPLINE_CURVE_WITH_KNOTS('',5,(#1232,#1233,#1234,#1235,#1236,#1237),.UNSPECIFIED.,.F.,.U.,(6,6),(0.,2.5518174123),.UNSPECIFIED.) ;
#1246=B_SPLINE_CURVE_WITH_KNOTS('',5,(#1247,#1248,#1249,#1250,#1251,#1252),.UNSPECIFIED.,.F.,.U.,(6,6),(0.,2.55181741194),.UNSPECIFIED.) ;
#1263=B_SPLINE_CURVE_WITH_KNOTS('',3,(#1264,#1265,#1266,#1267),.UNSPECIFIED.,.F.,.U.,(4,4),(1.13812821671,12.7469906482),.UNSPECIFIED.) ;
#1629=B_SPLINE_CURVE_WITH_KNOTS('',5,(#1630,#1631,#1632,#1633,#1634,#1635,#1636,#1637,#1638),.UNSPECIFIED.,.F.,.U.,(6,3,6),(0.,1.95547719259,4.77839782416),.UNSPECIFIED.) ;
#1654=B_SPLINE_CURVE_WITH_KNOTS('',5,(#1655,#1656,#1657,#1658,#1659,#1660,#1661,#1662,#1663),.UNSPECIFIED.,.F.,.U.,(6,3,6),(4.77839782416,6.86647756479,9.55679893086),.UNSPECIFIED.) ;
#1684=B_SPLINE_CURVE_WITH_KNOTS('',5,(#1685,#1686,#1687,#1688,#1689,#1690,#1691,#1692,#1693),.UNSPECIFIED.,.F.,.U.,(6,3,6),(0.,1.95547719153,4.77839782354),.UNSPECIFIED.) ;
#1709=B_SPLINE_CURVE_WITH_KNOTS('',5,(#1710,#1711,#1712,#1713,#1714,#1715,#1716,#1717,#1718),.UNSPECIFIED.,.F.,.U.,(6,3,6),(4.77839782354,6.8664775645,9.55679892991),.UNSPECIFIED.) ;
#1734=B_SPLINE_CURVE_WITH_KNOTS('',5,(#1735,#1736,#1737,#1738,#1739,#1740,#1741,#1742,#1743),.UNSPECIFIED.,.F.,.U.,(6,3,6),(0.,1.95789410094,4.77700704576),.UNSPECIFIED.) ;
#1759=B_SPLINE_CURVE_WITH_KNOTS('',5,(#1760,#1761,#1762,#1763,#1764,#1765,#1766,#1767,#1768),.UNSPECIFIED.,.F.,.U.,(6,3,6),(4.77700704576,6.86921611621,9.55402836476),.UNSPECIFIED.) ;
#1784=B_SPLINE_CURVE_WITH_KNOTS('',5,(#1785,#1786,#1787,#1788,#1789,#1790,#1791,#1792,#1793),.UNSPECIFIED.,.F.,.U.,(6,3,6),(0.,1.95789410094,4.77700704635),.UNSPECIFIED.) ;
#1809=B_SPLINE_CURVE_WITH_KNOTS('',5,(#1810,#1811,#1812,#1813,#1814,#1815,#1816,#1817,#1818),.UNSPECIFIED.,.F.,.U.,(6,3,6),(4.77700704635,6.86921611608,9.55402836432),.UNSPECIFIED.) ;
#1865=B_SPLINE_CURVE_WITH_KNOTS('',5,(#1866,#1867,#1868,#1869,#1870,#1871,#1872,#1873,#1874),.UNSPECIFIED.,.F.,.U.,(6,3,6),(0.,1.95941720431,4.77700341665),.UNSPECIFIED.) ;
#1880=B_SPLINE_CURVE_WITH_KNOTS('',5,(#1881,#1882,#1883,#1884,#1885,#1886,#1887,#1888,#1889),.UNSPECIFIED.,.F.,.U.,(6,3,6),(4.77700341665,6.86951954075,9.55402283188),.UNSPECIFIED.) ;
#1895=B_SPLINE_CURVE_WITH_KNOTS('',5,(#1896,#1897,#1898,#1899,#1900,#1901,#1902,#1903,#1904),.UNSPECIFIED.,.F.,.U.,(6,3,6),(0.,1.95941720482,4.77700341723),.UNSPECIFIED.) ;
#1910=B_SPLINE_CURVE_WITH_KNOTS('',5,(#1911,#1912,#1913,#1914,#1915,#1916,#1917,#1918,#1919),.UNSPECIFIED.,.F.,.U.,(6,3,6),(4.77700341723,6.86951954056,9.55402283169),.UNSPECIFIED.) ;
#1931=B_SPLINE_CURVE_WITH_KNOTS('',4,(#1932,#1933,#1934,#1935,#1936),.UNSPECIFIED.,.F.,.U.,(5,5),(0.,1.15630381173),.UNSPECIFIED.) ;
#1940=B_SPLINE_CURVE_WITH_KNOTS('',4,(#1941,#1942,#1943,#1944,#1945),.UNSPECIFIED.,.F.,.U.,(5,5),(0.,1.15630392819),.UNSPECIFIED.) ;
#2015=B_SPLINE_CURVE_WITH_KNOTS('',5,(#2016,#2017,#2018,#2019,#2020,#2021,#2022,#2023,#2024),.UNSPECIFIED.,.F.,.U.,(6,3,6),(4.77838944417,6.86717630195,9.55678596703),.UNSPECIFIED.) ;
#2030=B_SPLINE_CURVE_WITH_KNOTS('',5,(#2031,#2032,#2033,#2034,#2035,#2036,#2037,#2038,#2039),.UNSPECIFIED.,.F.,.U.,(6,3,6),(0.,1.95900455996,4.77838944417),.UNSPECIFIED.) ;
#2045=B_SPLINE_CURVE_WITH_KNOTS('',5,(#2046,#2047,#2048,#2049,#2050,#2051,#2052,#2053,#2054),.UNSPECIFIED.,.F.,.U.,(6,3,6),(4.77838944391,6.86717630207,9.55678596702),.UNSPECIFIED.) ;
#2060=B_SPLINE_CURVE_WITH_KNOTS('',5,(#2061,#2062,#2063,#2064,#2065,#2066,#2067,#2068,#2069),.UNSPECIFIED.,.F.,.U.,(6,3,6),(0.,1.95900456002,4.77838944391),.UNSPECIFIED.) ;
#2316=B_SPLINE_CURVE_WITH_KNOTS('',3,(#2317,#2318,#2319,#2320),.UNSPECIFIED.,.F.,.U.,(4,4),(0.,8.95224679705),.UNSPECIFIED.) ;
#2341=B_SPLINE_CURVE_WITH_KNOTS('',5,(#2342,#2343,#2344,#2345,#2346,#2347),.UNSPECIFIED.,.F.,.U.,(6,6),(0.,9.45440051804),.UNSPECIFIED.) ;
#2365=B_SPLINE_CURVE_WITH_KNOTS('',5,(#2366,#2367,#2368,#2369,#2370,#2371),.UNSPECIFIED.,.F.,.U.,(6,6),(0.,9.45440051886),.UNSPECIFIED.) ;
#2382=B_SPLINE_CURVE_WITH_KNOTS('',3,(#2383,#2384,#2385,#2386),.UNSPECIFIED.,.F.,.U.,(4,4),(0.,8.95224679705),.UNSPECIFIED.) ;
#2464=B_SPLINE_CURVE_WITH_KNOTS('',3,(#2465,#2466,#2467,#2468),.UNSPECIFIED.,.F.,.U.,(4,4),(1.13812821671,12.7469906482),.UNSPECIFIED.) ;
#2498=B_SPLINE_CURVE_WITH_KNOTS('',5,(#2499,#2500,#2501,#2502,#2503,#2504),.UNSPECIFIED.,.F.,.U.,(6,6),(0.,2.55181741186),.UNSPECIFIED.) ;
#2513=B_SPLINE_CURVE_WITH_KNOTS('',5,(#2514,#2515,#2516,#2517,#2518,#2519),.UNSPECIFIED.,.F.,.U.,(6,6),(0.,2.5518174117),.UNSPECIFIED.) ;
#2530=B_SPLINE_CURVE_WITH_KNOTS('',3,(#2531,#2532,#2533,#2534),.UNSPECIFIED.,.F.,.U.,(4,4),(1.13812821671,12.7469906482),.UNSPECIFIED.) ;
#31=COLOUR_RGB('Colour',0.823529411765,0.823529411765,1.) ;
#2635=CONSTRUCTIVE_GEOMETRY_REPRESENTATION_RELATIONSHIP('supplemental geometry','',#24,#2634) ;
#2614=DRAUGHTING_PRE_DEFINED_COLOUR('white') ;
#2613=DRAUGHTING_PRE_DEFINED_CURVE_FONT('continuous') ;
#78=FACE_OUTER_BOUND('',#73,.T.) ;
#109=FACE_OUTER_BOUND('',#104,.T.) ;
#133=FACE_OUTER_BOUND('',#128,.T.) ;
#193=FACE_OUTER_BOUND('',#188,.T.) ;
#210=FACE_OUTER_BOUND('',#205,.T.) ;
#286=FACE_OUTER_BOUND('',#281,.T.) ;
#363=FACE_OUTER_BOUND('',#358,.T.) ;
#384=FACE_OUTER_BOUND('',#379,.T.) ;
#421=FACE_OUTER_BOUND('',#416,.T.) ;
#442=FACE_OUTER_BOUND('',#437,.T.) ;
#474=FACE_OUTER_BOUND('',#469,.T.) ;
#495=FACE_OUTER_BOUND('',#490,.T.) ;
#527=FACE_OUTER_BOUND('',#522,.T.) ;
#548=FACE_OUTER_BOUND('',#543,.T.) ;
#579=FACE_OUTER_BOUND('',#574,.T.) ;
#690=FACE_OUTER_BOUND('',#684,.T.) ;
#729=FACE_OUTER_BOUND('',#723,.T.) ;
#828=FACE_OUTER_BOUND('',#823,.T.) ;
#852=FACE_OUTER_BOUND('',#847,.T.) ;
#912=FACE_OUTER_BOUND('',#907,.T.) ;
#929=FACE_OUTER_BOUND('',#924,.T.) ;
#987=FACE_OUTER_BOUND('',#982,.T.) ;
#994=FACE_OUTER_BOUND('',#989,.T.) ;
#1016=FACE_OUTER_BOUND('',#1011,.T.) ;
#1023=FACE_OUTER_BOUND('',#1018,.T.) ;
#1055=FACE_OUTER_BOUND('',#1050,.T.) ;
#1108=FACE_OUTER_BOUND('',#1101,.T.) ;
#1121=FACE_OUTER_BOUND('',#1116,.T.) ;
#1138=FACE_OUTER_BOUND('',#1133,.T.) ;
#1145=FACE_OUTER_BOUND('',#1140,.T.) ;
#1162=FACE_OUTER_BOUND('',#1157,.T.) ;
#1169=FACE_OUTER_BOUND('',#1164,.T.) ;
#1176=FACE_OUTER_BOUND('',#1171,.T.) ;
#1208=FACE_OUTER_BOUND('',#1203,.T.) ;
#1261=FACE_OUTER_BOUND('',#1254,.T.) ;
#1274=FACE_OUTER_BOUND('',#1269,.T.) ;
#1298=FACE_OUTER_BOUND('',#1291,.T.) ;
#1315=FACE_OUTER_BOUND('',#1305,.T.) ;
#1332=FACE_OUTER_BOUND('',#1322,.T.) ;
#1372=FACE_OUTER_BOUND('',#1367,.T.) ;
#1403=FACE_OUTER_BOUND('',#1398,.T.) ;
#1427=FACE_OUTER_BOUND('',#1422,.T.) ;
#1487=FACE_OUTER_BOUND('',#1482,.T.) ;
#1504=FACE_OUTER_BOUND('',#1499,.T.) ;
#1575=FACE_OUTER_BOUND('',#1570,.T.) ;
#1652=FACE_OUTER_BOUND('',#1647,.T.) ;
#1670=FACE_OUTER_BOUND('',#1665,.T.) ;
#1707=FACE_OUTER_BOUND('',#1702,.T.) ;
#1725=FACE_OUTER_BOUND('',#1720,.T.) ;
#1757=FACE_OUTER_BOUND('',#1752,.T.) ;
#1775=FACE_OUTER_BOUND('',#1770,.T.) ;
#1807=FACE_OUTER_BOUND('',#1802,.T.) ;
#1825=FACE_OUTER_BOUND('',#1820,.T.) ;
#1856=FACE_OUTER_BOUND('',#1851,.T.) ;
#1967=FACE_OUTER_BOUND('',#1961,.T.) ;
#2006=FACE_OUTER_BOUND('',#2000,.T.) ;
#2105=FACE_OUTER_BOUND('',#2100,.T.) ;
#2129=FACE_OUTER_BOUND('',#2124,.T.) ;
#2189=FACE_OUTER_BOUND('',#2184,.T.) ;
#2206=FACE_OUTER_BOUND('',#2201,.T.) ;
#2264=FACE_OUTER_BOUND('',#2259,.T.) ;
#2271=FACE_OUTER_BOUND('',#2266,.T.) ;
#2293=FACE_OUTER_BOUND('',#2288,.T.) ;
#2300=FACE_OUTER_BOUND('',#2295,.T.) ;
#2327=FACE_OUTER_BOUND('',#2322,.T.) ;
#2380=FACE_OUTER_BOUND('',#2373,.T.) ;
#2393=FACE_OUTER_BOUND('',#2388,.T.) ;
#2410=FACE_OUTER_BOUND('',#2405,.T.) ;
#2417=FACE_OUTER_BOUND('',#2412,.T.) ;
#2434=FACE_OUTER_BOUND('',#2429,.T.) ;
#2441=FACE_OUTER_BOUND('',#2436,.T.) ;
#2448=FACE_OUTER_BOUND('',#2443,.T.) ;
#2475=FACE_OUTER_BOUND('',#2470,.T.) ;
#2528=FACE_OUTER_BOUND('',#2521,.T.) ;
#2541=FACE_OUTER_BOUND('',#2536,.T.) ;
#2560=FACE_OUTER_BOUND('',#2553,.T.) ;
#2577=FACE_OUTER_BOUND('',#2567,.T.) ;
#2594=FACE_OUTER_BOUND('',#2584,.T.) ;
#2618=GEOMETRICALLY_BOUNDED_SURFACE_SHAPE_REPRESENTATION('NONE',(#2619),#23) ;
#9=PRODUCT_CATEGORY_RELATIONSHIP(' ',' ',#7,#8) ;
#12=PRODUCT_CATEGORY_RELATIONSHIP(' ',' ',#10,#11) ;
#6=PRODUCT_DEFINITION_FORMATION_WITH_SPECIFIED_SOURCE('',' ',#5,.NOT_KNOWN.) ;
#27=PRODUCT_DEFINITION_FORMATION_WITH_SPECIFIED_SOURCE('',' ',#26,.NOT_KNOWN.) ;
#14=SHAPE_DEFINITION_REPRESENTATION(#16,#15) ;
#25=SHAPE_DEFINITION_REPRESENTATION(#29,#24) ;
#17=(LENGTH_UNIT()NAMED_UNIT(*)SI_UNIT(.MILLI.,.METRE.)) ;
#18=(NAMED_UNIT(*)PLANE_ANGLE_UNIT()SI_UNIT($,.RADIAN.)) ;
#19=(NAMED_UNIT(*)SI_UNIT($,.STERADIAN.)SOLID_ANGLE_UNIT()) ;
#21=(GEOMETRIC_REPRESENTATION_CONTEXT(3)GLOBAL_UNCERTAINTY_ASSIGNED_CONTEXT((#20))GLOBAL_UNIT_ASSIGNED_CONTEXT((#17,#18,#19))REPRESENTATION_CONTEXT(' ',' ')) ;
#23=(GEOMETRIC_REPRESENTATION_CONTEXT(3)GLOBAL_UNCERTAINTY_ASSIGNED_CONTEXT((#22))GLOBAL_UNIT_ASSIGNED_CONTEXT((#17,#18,#19))REPRESENTATION_CONTEXT(' ',' ')) ;
#2639=(REPRESENTATION_RELATIONSHIP(' ',' ',#24,#15)REPRESENTATION_RELATIONSHIP_WITH_TRANSFORMATION(#2640)SHAPE_REPRESENTATION_RELATIONSHIP()) ;
ENDSEC;
END-ISO-10303-21;
