ISO-10303-21;
HEADER;
FILE_DESCRIPTION (( 'STEP AP203' ),
    '1' );
FILE_NAME ('A¹Ì¶¨»ù×¼°å3A 4mm.STEP',
    '2026-05-08T12:30:54',
    ( '' ),
    ( '' ),
    'SwSTEP 2.0',
    'SolidWorks 2025',
    '' );
FILE_SCHEMA (( 'CONFIG_CONTROL_DESIGN' ));
ENDSEC;

DATA;
#1 = LINE ( 'NONE', #2895, #1587 ) ;
#2 = EDGE_CURVE ( 'NONE', #1224, #4284, #256, .T. ) ;
#3 = VERTEX_POINT ( 'NONE', #616 ) ;
#4 = AXIS2_PLACEMENT_3D ( 'NONE', #435, #2626, #1866 ) ;
#5 = CARTESIAN_POINT ( 'NONE',  ( 0.000000000000000000, 0.000000000000000000, -97.00000000000000000 ) ) ;
#6 = VERTEX_POINT ( 'NONE', #3219 ) ;
#7 = DIRECTION ( 'NONE',  ( 0.000000000000000000, 0.000000000000000000, 1.000000000000000000 ) ) ;
#8 = AXIS2_PLACEMENT_3D ( 'NONE', #789, #2240, #858 ) ;
#9 = VERTEX_POINT ( 'NONE', #4672 ) ;
#10 = DIRECTION ( 'NONE',  ( 0.000000000000000000, 1.000000000000000000, 0.000000000000000000 ) ) ;
#11 = EDGE_CURVE ( 'NONE', #876, #3612, #4270, .T. ) ;
#12 = CYLINDRICAL_SURFACE ( 'NONE', #1495, 1.500000000000001332 ) ;
#13 = ADVANCED_FACE ( 'NONE', ( #3166 ), #1021, .F. ) ;
#14 = EDGE_CURVE ( 'NONE', #276, #3372, #1681, .T. ) ;
#15 = ORIENTED_EDGE ( 'NONE', *, *, #2178, .T. ) ;
#16 = ORIENTED_EDGE ( 'NONE', *, *, #4418, .F. ) ;
#17 = DIRECTION ( 'NONE',  ( 0.000000000000000000, 0.000000000000000000, 1.000000000000000000 ) ) ;
#18 = CARTESIAN_POINT ( 'NONE',  ( -30.00000000000000000, -6.000000000000000000, 115.0000000000000000 ) ) ;
#19 = ORIENTED_EDGE ( 'NONE', *, *, #2600, .T. ) ;
#20 = CARTESIAN_POINT ( 'NONE',  ( -29.00000000000000000, 0.000000000000000000, -72.00000000000000000 ) ) ;
#21 = EDGE_LOOP ( 'NONE', ( #2733, #2774, #284, #1783 ) ) ;
#22 = CARTESIAN_POINT ( 'NONE',  ( -81.00000000000000000, 4.000000000000000000, 55.00000000000000000 ) ) ;
#23 = ORIENTED_EDGE ( 'NONE', *, *, #3344, .F. ) ;
#24 = CARTESIAN_POINT ( 'NONE',  ( -110.0000000000000000, 0.000000000000000000, -70.50000000000000000 ) ) ;
#25 = EDGE_CURVE ( 'NONE', #2318, #4582, #2471, .T. ) ;
#26 = ORIENTED_EDGE ( 'NONE', *, *, #3758, .T. ) ;
#27 = DIRECTION ( 'NONE',  ( -0.7071067811865514585, 0.000000000000000000, 0.7071067811865435759 ) ) ;
#28 = ORIENTED_EDGE ( 'NONE', *, *, #2738, .F. ) ;
#29 = CARTESIAN_POINT ( 'NONE',  ( -81.00000000000000000, 0.000000000000000000, 56.25000000000000000 ) ) ;
#30 = CARTESIAN_POINT ( 'NONE',  ( -29.00000000000000000, 0.000000000000000000, -70.50000000000000000 ) ) ;
#31 = CARTESIAN_POINT ( 'NONE',  ( -80.00000000000000000, 4.000000000000000000, -48.00000000000000000 ) ) ;
#32 = DIRECTION ( 'NONE',  ( 0.000000000000000000, 0.000000000000000000, 1.000000000000000000 ) ) ;
#33 = ORIENTED_EDGE ( 'NONE', *, *, #4532, .F. ) ;
#34 = VERTEX_POINT ( 'NONE', #666 ) ;
#35 = EDGE_CURVE ( 'NONE', #3844, #3287, #2072, .T. ) ;
#36 = VECTOR ( 'NONE', #2231, 1000.000000000000000 ) ;
#37 = LINE ( 'NONE', #3385, #3411 ) ;
#38 = CARTESIAN_POINT ( 'NONE',  ( -15.00000000000000000, 0.000000000000000000, -50.00000000000000000 ) ) ;
#39 = ORIENTED_EDGE ( 'NONE', *, *, #1780, .F. ) ;
#40 = CARTESIAN_POINT ( 'NONE',  ( 0.000000000000000000, 4.000000000000000000, 0.000000000000000000 ) ) ;
#41 = AXIS2_PLACEMENT_3D ( 'NONE', #4154, #4516, #3130 ) ;
#42 = CARTESIAN_POINT ( 'NONE',  ( -56.50000000000000000, 0.000000000000000000, 52.34314575050760254 ) ) ;
#43 = CALENDAR_DATE ( 2026, 8, 5 ) ;
#44 = ORIENTED_EDGE ( 'NONE', *, *, #1991, .T. ) ;
#45 = AXIS2_PLACEMENT_3D ( 'NONE', #295, #4665, #4509 ) ;
#46 = DIRECTION ( 'NONE',  ( 0.000000000000000000, 1.000000000000000000, 0.000000000000000000 ) ) ;
#47 = AXIS2_PLACEMENT_3D ( 'NONE', #1158, #2609, #3394 ) ;
#48 = ORIENTED_EDGE ( 'NONE', *, *, #4113, .F. ) ;
#49 = DIRECTION ( 'NONE',  ( 0.000000000000000000, 1.000000000000000000, 0.000000000000000000 ) ) ;
#50 = CIRCLE ( 'NONE', #277, 1.500000000000001332 ) ;
#51 = EDGE_LOOP ( 'NONE', ( #624, #4050, #398, #2594 ) ) ;
#52 = EDGE_CURVE ( 'NONE', #4588, #1665, #1669, .T. ) ;
#53 = DIRECTION ( 'NONE',  ( 0.000000000000000000, 1.000000000000000000, 0.000000000000000000 ) ) ;
#54 = CIRCLE ( 'NONE', #2645, 4.000000000000000000 ) ;
#55 = DIRECTION ( 'NONE',  ( 0.000000000000000000, 1.000000000000000000, 0.000000000000000000 ) ) ;
#56 = DIRECTION ( 'NONE',  ( 0.000000000000000000, 0.000000000000000000, 1.000000000000000000 ) ) ;
#57 = AXIS2_PLACEMENT_3D ( 'NONE', #3790, #1973, #512 ) ;
#58 = DIRECTION ( 'NONE',  ( 0.000000000000000000, 1.000000000000000000, 0.000000000000000000 ) ) ;
#59 = EDGE_CURVE ( 'NONE', #4158, #2050, #4045, .T. ) ;
#60 = ORIENTED_EDGE ( 'NONE', *, *, #1421, .F. ) ;
#61 = ORIENTED_EDGE ( 'NONE', *, *, #4575, .F. ) ;
#62 = CIRCLE ( 'NONE', #4710, 1.500000000000001332 ) ;
#63 = ADVANCED_FACE ( 'NONE', ( #922 ), #2368, .T. ) ;
#64 = CARTESIAN_POINT ( 'NONE',  ( -50.84314575050770202, 0.000000000000000000, -55.00000000000000000 ) ) ;
#65 = DIRECTION ( 'NONE',  ( 0.000000000000000000, 1.000000000000000000, 0.000000000000000000 ) ) ;
#66 = CARTESIAN_POINT ( 'NONE',  ( -15.00000000000000000, 4.000000000000000000, 116.5000000000000000 ) ) ;
#67 = ORIENTED_EDGE ( 'NONE', *, *, #856, .F. ) ;
#68 = FACE_BOUND ( 'NONE', #4374, .T. ) ;
#69 = DIRECTION ( 'NONE',  ( 0.000000000000000000, 0.000000000000000000, 1.000000000000000000 ) ) ;
#70 = EDGE_LOOP ( 'NONE', ( #4644, #3476, #167, #3885 ) ) ;
#71 = DIRECTION ( 'NONE',  ( 0.000000000000000000, 1.000000000000000000, 0.000000000000000000 ) ) ;
#72 = ORIENTED_EDGE ( 'NONE', *, *, #131, .T. ) ;
#73 = DIRECTION ( 'NONE',  ( 0.000000000000000000, -1.000000000000000000, 0.000000000000000000 ) ) ;
#74 = VECTOR ( 'NONE', #839, 1000.000000000000000 ) ;
#75 = ORIENTED_EDGE ( 'NONE', *, *, #3933, .F. ) ;
#76 = CARTESIAN_POINT ( 'NONE',  ( -58.00000000000000000, 4.000000000000000000, -20.00000000000000000 ) ) ;
#77 = DIRECTION ( 'NONE',  ( 0.000000000000000000, 1.000000000000000000, 0.000000000000000000 ) ) ;
#78 = VECTOR ( 'NONE', #3842, 1000.000000000000000 ) ;
#79 = CARTESIAN_POINT ( 'NONE',  ( -3.194628597695525744E-21, 4.000000000000000000, 135.0000000000000000 ) ) ;
#80 = DIRECTION ( 'NONE',  ( 0.000000000000000000, 1.000000000000000000, 0.000000000000000000 ) ) ;
#81 = VERTEX_POINT ( 'NONE', #3912 ) ;
#82 = EDGE_LOOP ( 'NONE', ( #2383, #2084 ) ) ;
#83 = ADVANCED_FACE ( 'NONE', ( #2394 ), #2118, .F. ) ;
#84 = DIRECTION ( 'NONE',  ( 0.000000000000000000, 0.000000000000000000, 1.000000000000000000 ) ) ;
#85 = FACE_OUTER_BOUND ( 'NONE', #70, .T. ) ;
#86 = VERTEX_POINT ( 'NONE', #3481 ) ;
#87 = FACE_BOUND ( 'NONE', #168, .T. ) ;
#88 = CARTESIAN_POINT ( 'NONE',  ( -50.84314575050770202, 0.000000000000000000, -58.00000000000000000 ) ) ;
#89 = ORIENTED_EDGE ( 'NONE', *, *, #2293, .T. ) ;
#90 = CARTESIAN_POINT ( 'NONE',  ( -3.876209698044729818E-14, 0.000000000000000000, 135.0000000000000000 ) ) ;
#91 = ORIENTED_EDGE ( 'NONE', *, *, #2580, .F. ) ;
#92 = CARTESIAN_POINT ( 'NONE',  ( -47.50000000000000000, 4.000000000000000000, 91.00000000000000000 ) ) ;
#93 = ADVANCED_FACE ( 'NONE', ( #233 ), #3119, .F. ) ;
#94 = ORIENTED_EDGE ( 'NONE', *, *, #2592, .F. ) ;
#96 = EDGE_CURVE ( 'NONE', #1445, #4350, #3209, .T. ) ;
#95 = CARTESIAN_POINT ( 'NONE',  ( -50.84314575050770202, 0.000000000000000000, -56.50000000000000000 ) ) ;
#97 = FACE_OUTER_BOUND ( 'NONE', #1338, .T. ) ;
#98 = EDGE_CURVE ( 'NONE', #2863, #401, #463, .T. ) ;
#99 = CARTESIAN_POINT ( 'NONE',  ( 0.000000000000000000, 4.000000000000000000, 81.00000000000000000 ) ) ;
#100 = CARTESIAN_POINT ( 'NONE',  ( -110.0000000000000000, 0.000000000000000000, -72.00000000000000000 ) ) ;
#101 = ORIENTED_EDGE ( 'NONE', *, *, #455, .F. ) ;
#102 = ORIENTED_EDGE ( 'NONE', *, *, #303, .T. ) ;
#103 = DIRECTION ( 'NONE',  ( 1.000000000000000000, 0.000000000000000000, 0.000000000000000000 ) ) ;
#104 = CARTESIAN_POINT ( 'NONE',  ( 0.000000000000000000, 4.000000000000000000, -73.50000000000001421 ) ) ;
#105 = ORIENTED_EDGE ( 'NONE', *, *, #2826, .T. ) ;
#106 = FACE_BOUND ( 'NONE', #3988, .T. ) ;
#107 = AXIS2_PLACEMENT_3D ( 'NONE', #272, #725, #3954 ) ;
#108 = VERTEX_POINT ( 'NONE', #2435 ) ;
#109 = CARTESIAN_POINT ( 'NONE',  ( 0.000000000000000000, 0.000000000000000000, 0.000000000000000000 ) ) ;
#110 = CIRCLE ( 'NONE', #4461, 1.500000000000001332 ) ;
#111 = LOCAL_TIME ( 20, 30, 54.00000000000000000, #2842 ) ;
#112 = ORIENTED_EDGE ( 'NONE', *, *, #657, .F. ) ;
#113 = DIRECTION ( 'NONE',  ( 0.000000000000000000, 0.000000000000000000, -1.000000000000000000 ) ) ;
#114 = AXIS2_PLACEMENT_3D ( 'NONE', #3360, #3057, #1869 ) ;
#115 = ADVANCED_FACE ( 'NONE', ( #1443 ), #3593, .F. ) ;
#116 = VERTEX_POINT ( 'NONE', #1341 ) ;
#117 = FACE_OUTER_BOUND ( 'NONE', #2443, .T. ) ;
#118 = DIRECTION ( 'NONE',  ( 0.000000000000000000, 0.000000000000000000, 1.000000000000000000 ) ) ;
#119 = CIRCLE ( 'NONE', #3860, 1.500000000000001332 ) ;
#120 = CARTESIAN_POINT ( 'NONE',  ( 0.000000000000000000, -6.000000000000000000, -135.0000000000000000 ) ) ;
#121 = CARTESIAN_POINT ( 'NONE',  ( -29.00000000000000000, 0.000000000000000000, -123.5000000000000000 ) ) ;
#122 = CIRCLE ( 'NONE', #1427, 1.500000000000001332 ) ;
#123 = ORIENTED_EDGE ( 'NONE', *, *, #151, .T. ) ;
#124 = ORIENTED_EDGE ( 'NONE', *, *, #4040, .T. ) ;
#125 = CARTESIAN_POINT ( 'NONE',  ( -30.00000000000000000, 0.000000000000000000, -50.00000000000000000 ) ) ;
#126 = CIRCLE ( 'NONE', #1964, 1.500000000000001332 ) ;
#127 = FACE_OUTER_BOUND ( 'NONE', #4182, .T. ) ;
#128 = CARTESIAN_POINT ( 'NONE',  ( -139.0000000000000000, 4.000000000000000000, 55.00000000000000000 ) ) ;
#129 = ORIENTED_EDGE ( 'NONE', *, *, #1030, .F. ) ;
#130 = FACE_BOUND ( 'NONE', #3847, .T. ) ;
#131 = EDGE_CURVE ( 'NONE', #509, #2181, #4353, .T. ) ;
#132 = AXIS2_PLACEMENT_3D ( 'NONE', #457, #1917, #3373 ) ;
#133 = ORIENTED_EDGE ( 'NONE', *, *, #503, .T. ) ;
#134 = DIRECTION ( 'NONE',  ( 0.000000000000000000, 1.000000000000000000, 0.000000000000000000 ) ) ;
#135 = AXIS2_PLACEMENT_3D ( 'NONE', #2602, #3346, #3276 ) ;
#136 = DIRECTION ( 'NONE',  ( 1.000000000000000000, 0.000000000000000000, 0.000000000000000000 ) ) ;
#137 = ORIENTED_EDGE ( 'NONE', *, *, #2797, .T. ) ;
#138 = CARTESIAN_POINT ( 'NONE',  ( -45.00000000000000000, 0.000000000000000000, 30.00000000000000000 ) ) ;
#139 = AXIS2_PLACEMENT_3D ( 'NONE', #2107, #1801, #2436 ) ;
#140 = LINE ( 'NONE', #3442, #659 ) ;
#141 = CARTESIAN_POINT ( 'NONE',  ( -15.00000000000000000, 0.000000000000000000, -60.00000000000000000 ) ) ;
#142 = AXIS2_PLACEMENT_3D ( 'NONE', #2082, #2875, #1731 ) ;
#143 = CARTESIAN_POINT ( 'NONE',  ( -15.00000000000000000, -6.000000000000000000, 50.00000000000000000 ) ) ;
#144 = DIRECTION ( 'NONE',  ( 0.000000000000000000, 1.000000000000000000, 0.000000000000000000 ) ) ;
#145 = AXIS2_PLACEMENT_3D ( 'NONE', #2146, #4274, #1001 ) ;
#146 = AXIS2_PLACEMENT_3D ( 'NONE', #3581, #1693, #3143 ) ;
#147 = EDGE_LOOP ( 'NONE', ( #578, #508 ) ) ;
#148 = EDGE_LOOP ( 'NONE', ( #786, #3811 ) ) ;
#149 = CARTESIAN_POINT ( 'NONE',  ( 0.000000000000000000, 0.000000000000000000, -81.00000000000000000 ) ) ;
#150 = ADVANCED_FACE ( 'NONE', ( #3615 ), #2825, .F. ) ;
#151 = EDGE_CURVE ( 'NONE', #2121, #116, #2128, .T. ) ;
#152 = DIRECTION ( 'NONE',  ( 0.000000000000000000, 1.000000000000000000, 0.000000000000000000 ) ) ;
#153 = EDGE_CURVE ( 'NONE', #2062, #4439, #4502, .T. ) ;
#154 = ORIENTED_EDGE ( 'NONE', *, *, #2600, .F. ) ;
#155 = ADVANCED_FACE ( 'NONE', ( #645 ), #3970, .F. ) ;
#156 = DIRECTION ( 'NONE',  ( 0.000000000000000000, 1.000000000000000000, 0.000000000000000000 ) ) ;
#157 = AXIS2_PLACEMENT_3D ( 'NONE', #4701, #3146, #1409 ) ;
#158 = ORIENTED_EDGE ( 'NONE', *, *, #4666, .F. ) ;
#159 = CYLINDRICAL_SURFACE ( 'NONE', #4335, 1.500000000000001332 ) ;
#160 = FACE_BOUND ( 'NONE', #449, .T. ) ;
#161 = ORIENTED_EDGE ( 'NONE', *, *, #2782, .F. ) ;
#162 = LINE ( 'NONE', #1222, #3433 ) ;
#163 = CARTESIAN_POINT ( 'NONE',  ( -80.00000000000000000, 4.000000000000000000, -70.50000000000000000 ) ) ;
#164 = CYLINDRICAL_SURFACE ( 'NONE', #1897, 6.000000000000005329 ) ;
#165 = DIRECTION ( 'NONE',  ( 0.000000000000000000, 1.000000000000000000, 0.000000000000000000 ) ) ;
#166 = CARTESIAN_POINT ( 'NONE',  ( -24.50000000000000000, 0.000000000000000000, 72.25000000000000000 ) ) ;
#167 = ORIENTED_EDGE ( 'NONE', *, *, #2143, .T. ) ;
#168 = EDGE_LOOP ( 'NONE', ( #1825, #3892 ) ) ;
#169 = DIRECTION ( 'NONE',  ( 0.000000000000000000, 0.000000000000000000, 1.000000000000000000 ) ) ;
#170 = ORIENTED_EDGE ( 'NONE', *, *, #1561, .F. ) ;
#171 = LINE ( 'NONE', #1595, #2957 ) ;
#172 = EDGE_LOOP ( 'NONE', ( #3810, #1352, #1736, #3432 ) ) ;
#173 = CARTESIAN_POINT ( 'NONE',  ( -110.0000000000000000, 0.000000000000000000, 48.00000000000000000 ) ) ;
#174 = EDGE_CURVE ( 'NONE', #4573, #4590, #675, .T. ) ;
#175 = EDGE_LOOP ( 'NONE', ( #3785, #887, #2046, #4109 ) ) ;
#176 = CARTESIAN_POINT ( 'NONE',  ( -110.0000000000000000, 0.000000000000000000, 49.50000000000000000 ) ) ;
#177 = FACE_BOUND ( 'NONE', #1099, .T. ) ;
#178 = CIRCLE ( 'NONE', #107, 1.250000000000001110 ) ;
#179 = ORIENTED_EDGE ( 'NONE', *, *, #843, .F. ) ;
#180 = LINE ( 'NONE', #1389, #2210 ) ;
#181 = VECTOR ( 'NONE', #3911, 1000.000000000000000 ) ;
#182 = DIRECTION ( 'NONE',  ( 0.000000000000000000, 1.000000000000000000, 0.000000000000000000 ) ) ;
#183 = CIRCLE ( 'NONE', #3630, 1.500000000000001332 ) ;
#184 = DIRECTION ( 'NONE',  ( 0.000000000000000000, 0.000000000000000000, -1.000000000000000000 ) ) ;
#185 = AXIS2_PLACEMENT_3D ( 'NONE', #781, #1187, #1859 ) ;
#186 = FACE_OUTER_BOUND ( 'NONE', #4148, .T. ) ;
#187 = AXIS2_PLACEMENT_3D ( 'NONE', #1015, #2463, #653 ) ;
#188 = APPROVAL_PERSON_ORGANIZATION ( #2820, #3883, #3175 ) ;
#189 = EDGE_CURVE ( 'NONE', #3646, #2860, #4122, .T. ) ;
#190 = DIRECTION ( 'NONE',  ( 0.000000000000000000, 1.000000000000000000, 0.000000000000000000 ) ) ;
#191 = VECTOR ( 'NONE', #2297, 1000.000000000000000 ) ;
#192 = ORIENTED_EDGE ( 'NONE', *, *, #4449, .T. ) ;
#193 = EDGE_LOOP ( 'NONE', ( #2802, #224 ) ) ;
#194 = LINE ( 'NONE', #3085, #191 ) ;
#195 = EDGE_CURVE ( 'NONE', #2894, #3546, #1378, .T. ) ;
#196 = EDGE_LOOP ( 'NONE', ( #4145, #1075, #1706, #2054 ) ) ;
#197 = EDGE_CURVE ( 'NONE', #3710, #4678, #3434, .T. ) ;
#198 = DIRECTION ( 'NONE',  ( 0.000000000000000000, 0.000000000000000000, 1.000000000000000000 ) ) ;
#199 = ORIENTED_EDGE ( 'NONE', *, *, #3922, .T. ) ;
#200 = AXIS2_PLACEMENT_3D ( 'NONE', #3857, #3813, #1306 ) ;
#201 = CARTESIAN_POINT ( 'NONE',  ( -47.50000000000000000, 0.000000000000000000, -6.103656674733209680E-15 ) ) ;
#202 = EDGE_CURVE ( 'NONE', #1511, #3646, #1752, .T. ) ;
#203 = CIRCLE ( 'NONE', #583, 1.250000000000001110 ) ;
#204 = ORIENTED_EDGE ( 'NONE', *, *, #2850, .T. ) ;
#205 = FACE_OUTER_BOUND ( 'NONE', #3519, .T. ) ;
#206 = DIRECTION ( 'NONE',  ( 0.000000000000000000, 1.000000000000000000, 0.000000000000000000 ) ) ;
#207 = CARTESIAN_POINT ( 'NONE',  ( -110.0000000000000000, 4.000000000000000000, -70.50000000000000000 ) ) ;
#208 = CIRCLE ( 'NONE', #1441, 1.500000000000001332 ) ;
#209 = EDGE_LOOP ( 'NONE', ( #4518, #950 ) ) ;
#210 = CARTESIAN_POINT ( 'NONE',  ( -15.00000000000000000, 0.000000000000000000, 98.50000000000000000 ) ) ;
#211 = ADVANCED_FACE ( 'NONE', ( #2533 ), #717, .F. ) ;
#212 = ORIENTED_EDGE ( 'NONE', *, *, #3036, .F. ) ;
#213 = DIRECTION ( 'NONE',  ( 0.000000000000000000, 0.000000000000000000, 1.000000000000000000 ) ) ;
#214 = VERTEX_POINT ( 'NONE', #3991 ) ;
#215 = CARTESIAN_POINT ( 'NONE',  ( -29.00000000000000000, 0.000000000000000000, -122.0000000000000000 ) ) ;
#216 = CARTESIAN_POINT ( 'NONE',  ( -58.00000000000000000, 0.000000000000000000, -20.00000000000000000 ) ) ;
#217 = EDGE_CURVE ( 'NONE', #3753, #964, #3901, .T. ) ;
#218 = VECTOR ( 'NONE', #1148, 1000.000000000000000 ) ;
#219 = DIRECTION ( 'NONE',  ( 0.000000000000000000, 0.000000000000000000, 1.000000000000000000 ) ) ;
#220 = CIRCLE ( 'NONE', #2900, 6.000000000000005329 ) ;
#221 = ORIENTED_EDGE ( 'NONE', *, *, #3676, .T. ) ;
#222 = ORIENTED_EDGE ( 'NONE', *, *, #892, .T. ) ;
#223 = CARTESIAN_POINT ( 'NONE',  ( -30.00000000000000000, 0.000000000000000000, -131.5000000000000000 ) ) ;
#224 = ORIENTED_EDGE ( 'NONE', *, *, #338, .T. ) ;
#225 = DIRECTION ( 'NONE',  ( 0.000000000000000000, 1.000000000000000000, 0.000000000000000000 ) ) ;
#226 = EDGE_CURVE ( 'NONE', #4602, #4588, #384, .T. ) ;
#227 = ORIENTED_EDGE ( 'NONE', *, *, #708, .F. ) ;
#228 = AXIS2_PLACEMENT_3D ( 'NONE', #4654, #4293, #3508 ) ;
#229 = LINE ( 'NONE', #535, #2791 ) ;
#230 = AXIS2_PLACEMENT_3D ( 'NONE', #4370, #4014, #3304 ) ;
#231 = ORIENTED_EDGE ( 'NONE', *, *, #52, .T. ) ;
#232 = DIRECTION ( 'NONE',  ( 0.000000000000000000, 1.000000000000000000, 0.000000000000000000 ) ) ;
#233 = FACE_OUTER_BOUND ( 'NONE', #4250, .T. ) ;
#234 = CARTESIAN_POINT ( 'NONE',  ( -80.00000000000000000, 0.000000000000000000, 48.00000000000000000 ) ) ;
#235 = ORIENTED_EDGE ( 'NONE', *, *, #4212, .T. ) ;
#236 = CARTESIAN_POINT ( 'NONE',  ( -29.00000000000000000, 4.000000000000000000, -122.0000000000000000 ) ) ;
#237 = VERTEX_POINT ( 'NONE', #1797 ) ;
#238 = DIRECTION ( 'NONE',  ( 0.000000000000000000, 0.000000000000000000, 1.000000000000000000 ) ) ;
#239 = ORIENTED_EDGE ( 'NONE', *, *, #2850, .F. ) ;
#240 = DIRECTION ( 'NONE',  ( 0.000000000000000000, 0.000000000000000000, 1.000000000000000000 ) ) ;
#241 = CYLINDRICAL_SURFACE ( 'NONE', #2424, 1.500000000000001332 ) ;
#242 = EDGE_CURVE ( 'NONE', #2835, #2614, #1394, .T. ) ;
#243 = CARTESIAN_POINT ( 'NONE',  ( -15.00000000000000000, -6.000000000000000000, 50.00000000000000000 ) ) ;
#244 = EDGE_CURVE ( 'NONE', #365, #3764, #4302, .T. ) ;
#245 = VERTEX_POINT ( 'NONE', #2798 ) ;
#246 = EDGE_LOOP ( 'NONE', ( #61, #3851, #2578, #227 ) ) ;
#247 = CARTESIAN_POINT ( 'NONE',  ( -24.50000000000000000, 0.000000000000000000, 129.0000000000000000 ) ) ;
#248 = ORIENTED_EDGE ( 'NONE', *, *, #4435, .F. ) ;
#249 = CARTESIAN_POINT ( 'NONE',  ( -73.50000000000000000, 0.000000000000000000, -41.00000000000000000 ) ) ;
#250 = ORIENTED_EDGE ( 'NONE', *, *, #4135, .F. ) ;
#251 = DIRECTION ( 'NONE',  ( 0.000000000000000000, 1.000000000000000000, 0.000000000000000000 ) ) ;
#252 = EDGE_CURVE ( 'NONE', #2526, #1631, #626, .T. ) ;
#253 = EDGE_CURVE ( 'NONE', #2535, #2978, #2744, .T. ) ;
#254 = CARTESIAN_POINT ( 'NONE',  ( -139.0000000000000000, 0.000000000000000000, -58.50000000000000000 ) ) ;
#255 = CARTESIAN_POINT ( 'NONE',  ( -37.50000000000000000, 4.000000000000000000, 128.5000000000000000 ) ) ;
#256 = LINE ( 'NONE', #1767, #2134 ) ;
#257 = FACE_BOUND ( 'NONE', #3906, .T. ) ;
#258 = ORIENTED_EDGE ( 'NONE', *, *, #4022, .T. ) ;
#259 = CARTESIAN_POINT ( 'NONE',  ( -73.50000000000000000, 0.000000000000000000, 17.00000000000000000 ) ) ;
#260 = VERTEX_POINT ( 'NONE', #3666 ) ;
#261 = CARTESIAN_POINT ( 'NONE',  ( -60.00000000000000000, 4.000000000000000000, -60.00000000000000000 ) ) ;
#262 = VERTEX_POINT ( 'NONE', #2583 ) ;
#263 = CYLINDRICAL_SURFACE ( 'NONE', #674, 1.500000000000001332 ) ;
#264 = DIRECTION ( 'NONE',  ( 0.000000000000000000, -0.000000000000000000, 1.000000000000000000 ) ) ;
#265 = ADVANCED_FACE ( 'NONE', ( #4443 ), #815, .F. ) ;
#266 = CARTESIAN_POINT ( 'NONE',  ( -56.50000000000000000, 0.000000000000000000, -50.84314575050760254 ) ) ;
#267 = VERTEX_POINT ( 'NONE', #2653 ) ;
#268 = ORIENTED_EDGE ( 'NONE', *, *, #1406, .F. ) ;
#269 = VECTOR ( 'NONE', #1703, 1000.000000000000000 ) ;
#270 = CARTESIAN_POINT ( 'NONE',  ( -15.00000000000000000, 0.000000000000000000, -130.0000000000000000 ) ) ;
#271 = ORIENTED_EDGE ( 'NONE', *, *, #593, .T. ) ;
#272 = CARTESIAN_POINT ( 'NONE',  ( -73.50000000000000000, 0.000000000000000000, 17.00000000000000000 ) ) ;
#273 = AXIS2_PLACEMENT_3D ( 'NONE', #1804, #4228, #962 ) ;
#274 = CIRCLE ( 'NONE', #4155, 1.500000000000001332 ) ;
#275 = CARTESIAN_POINT ( 'NONE',  ( -122.5000000000000000, 0.000000000000000000, 17.00000000000000000 ) ) ;
#276 = VERTEX_POINT ( 'NONE', #2266 ) ;
#277 = AXIS2_PLACEMENT_3D ( 'NONE', #1257, #4550, #4571 ) ;
#278 = FACE_OUTER_BOUND ( 'NONE', #2998, .T. ) ;
#279 = VECTOR ( 'NONE', #3766, 1000.000000000000000 ) ;
#280 = DIRECTION ( 'NONE',  ( -1.000000000000000000, 0.000000000000000000, -1.284980352575411713E-16 ) ) ;
#281 = CARTESIAN_POINT ( 'NONE',  ( 0.000000000000000000, 4.000000000000000000, -135.0000000000000000 ) ) ;
#282 = ADVANCED_FACE ( 'NONE', ( #1198 ), #3736, .F. ) ;
#283 = DIRECTION ( 'NONE',  ( 1.000000000000000000, 0.000000000000000000, 0.000000000000000000 ) ) ;
#284 = ORIENTED_EDGE ( 'NONE', *, *, #2661, .T. ) ;
#285 = DIRECTION ( 'NONE',  ( 0.000000000000000000, 1.000000000000000000, 0.000000000000000000 ) ) ;
#286 = DIRECTION ( 'NONE',  ( 0.000000000000000000, 1.000000000000000000, 0.000000000000000000 ) ) ;
#287 = CARTESIAN_POINT ( 'NONE',  ( -30.00000000000000000, 0.000000000000000000, 115.0000000000000000 ) ) ;
#288 = EDGE_LOOP ( 'NONE', ( #1995, #1232, #129, #3384 ) ) ;
#289 = CARTESIAN_POINT ( 'NONE',  ( -80.00000000000000000, 4.000000000000000000, 72.00000000000000000 ) ) ;
#290 = ADVANCED_FACE ( 'NONE', ( #4038 ), #1105, .F. ) ;
#291 = DIRECTION ( 'NONE',  ( 0.000000000000000000, 0.000000000000000000, -1.000000000000000000 ) ) ;
#292 = VECTOR ( 'NONE', #2651, 1000.000000000000000 ) ;
#293 = CARTESIAN_POINT ( 'NONE',  ( -56.50000000000000000, 4.000000000000000000, 50.84314575050760254 ) ) ;
#294 = EDGE_LOOP ( 'NONE', ( #458, #1459 ) ) ;
#295 = CARTESIAN_POINT ( 'NONE',  ( -122.5000000000000000, 4.000000000000000000, 17.00000000000000000 ) ) ;
#296 = CARTESIAN_POINT ( 'NONE',  ( -131.0000000000000000, 0.000000000000000000, -60.00000000000000000 ) ) ;
#297 = CIRCLE ( 'NONE', #1526, 1.250000000000001110 ) ;
#298 = DIRECTION ( 'NONE',  ( 0.000000000000000000, 0.000000000000000000, 1.000000000000000000 ) ) ;
#299 = EDGE_LOOP ( 'NONE', ( #3436, #707 ) ) ;
#300 = AXIS2_PLACEMENT_3D ( 'NONE', #773, #1177, #3715 ) ;
#301 = ADVANCED_FACE ( 'NONE', ( #3325 ), #4110, .T. ) ;
#302 = ADVANCED_FACE ( 'NONE', ( #1154 ), #1488, .F. ) ;
#303 = EDGE_CURVE ( 'NONE', #3612, #3427, #1537, .T. ) ;
#304 = LINE ( 'NONE', #4340, #3721 ) ;
#305 = DIRECTION ( 'NONE',  ( 0.000000000000000000, 0.000000000000000000, 1.000000000000000000 ) ) ;
#306 = AXIS2_PLACEMENT_3D ( 'NONE', #3210, #1729, #2080 ) ;
#307 = ORIENTED_EDGE ( 'NONE', *, *, #3591, .T. ) ;
#308 = EDGE_CURVE ( 'NONE', #237, #4405, #4275, .T. ) ;
#309 = CARTESIAN_POINT ( 'NONE',  ( -15.00000000000000000, 0.000000000000000000, 85.00000000000000000 ) ) ;
#310 = ORIENTED_EDGE ( 'NONE', *, *, #3347, .F. ) ;
#311 = CARTESIAN_POINT ( 'NONE',  ( -30.00000000000000000, -6.000000000000000000, -50.00000000000000000 ) ) ;
#312 = DIRECTION ( 'NONE',  ( 0.000000000000000000, 1.000000000000000000, 0.000000000000000000 ) ) ;
#313 = DIRECTION ( 'NONE',  ( 0.000000000000000000, 0.000000000000000000, 1.000000000000000000 ) ) ;
#314 = ORIENTED_EDGE ( 'NONE', *, *, #1705, .F. ) ;
#315 = DIRECTION ( 'NONE',  ( 0.000000000000000000, 0.000000000000000000, 1.000000000000000000 ) ) ;
#316 = CARTESIAN_POINT ( 'NONE',  ( -139.0000000000000000, 4.000000000000000000, 81.00000000000000000 ) ) ;
#317 = CYLINDRICAL_SURFACE ( 'NONE', #2670, 1.500000000000001332 ) ;
#318 = ORIENTED_EDGE ( 'NONE', *, *, #3649, .T. ) ;
#319 = DIRECTION ( 'NONE',  ( 0.000000000000000000, 0.000000000000000000, 1.000000000000000000 ) ) ;
#320 = LINE ( 'NONE', #1781, #2633 ) ;
#321 = CARTESIAN_POINT ( 'NONE',  ( -58.00000000000000000, 0.000000000000000000, 20.00000000000000000 ) ) ;
#322 = EDGE_LOOP ( 'NONE', ( #2759, #1470 ) ) ;
#323 = FACE_OUTER_BOUND ( 'NONE', #2431, .T. ) ;
#324 = DIRECTION ( 'NONE',  ( 0.000000000000000000, 1.000000000000000000, 0.000000000000000000 ) ) ;
#325 = ORIENTED_EDGE ( 'NONE', *, *, #4600, .T. ) ;
#326 = ADVANCED_FACE ( 'NONE', ( #1515 ), #4464, .T. ) ;
#327 = CARTESIAN_POINT ( 'NONE',  ( -122.5000000000000000, 4.000000000000000000, -41.00000000000000000 ) ) ;
#328 = ORIENTED_EDGE ( 'NONE', *, *, #1853, .F. ) ;
#329 = LINE ( 'NONE', #1789, #3677 ) ;
#330 = DIRECTION ( 'NONE',  ( 0.000000000000000000, 0.000000000000000000, 1.000000000000000000 ) ) ;
#331 = CARTESIAN_POINT ( 'NONE',  ( -51.00000000000000000, 0.000000000000000000, 20.00000000000000000 ) ) ;
#332 = EDGE_LOOP ( 'NONE', ( #1188, #1302 ) ) ;
#333 = DIRECTION ( 'NONE',  ( 0.000000000000000000, 1.000000000000000000, 0.000000000000000000 ) ) ;
#334 = DIRECTION ( 'NONE',  ( 0.000000000000000000, 1.000000000000000000, 0.000000000000000000 ) ) ;
#335 = CARTESIAN_POINT ( 'NONE',  ( -139.0000000000000000, 4.000000000000000000, 75.00000000000000000 ) ) ;
#336 = ORIENTED_EDGE ( 'NONE', *, *, #4083, .F. ) ;
#337 = CARTESIAN_POINT ( 'NONE',  ( -20.00000000000000000, -6.000000000000000000, 66.00000000000000000 ) ) ;
#338 = EDGE_CURVE ( 'NONE', #361, #434, #2749, .T. ) ;
#339 = VECTOR ( 'NONE', #979, 1000.000000000000000 ) ;
#340 = AXIS2_PLACEMENT_3D ( 'NONE', #350, #1813, #732 ) ;
#341 = DIRECTION ( 'NONE',  ( 0.7071067811865435759, 0.000000000000000000, -0.7071067811865515695 ) ) ;
#342 = CYLINDRICAL_SURFACE ( 'NONE', #1052, 1.250000000000001110 ) ;
#343 = VECTOR ( 'NONE', #2880, 1000.000000000000000 ) ;
#344 = ORIENTED_EDGE ( 'NONE', *, *, #1675, .T. ) ;
#345 = ORIENTED_EDGE ( 'NONE', *, *, #1675, .F. ) ;
#346 = CIRCLE ( 'NONE', #956, 1.500000000000001332 ) ;
#347 = VECTOR ( 'NONE', #3420, 1000.000000000000000 ) ;
#348 = CC_DESIGN_PERSON_AND_ORGANIZATION_ASSIGNMENT ( #2649, #473, ( #810 ) ) ;
#349 = DIRECTION ( 'NONE',  ( 0.000000000000000000, 0.000000000000000000, 1.000000000000000000 ) ) ;
#350 = CARTESIAN_POINT ( 'NONE',  ( -137.0000000000000000, 4.000000000000000000, 15.00000000000000000 ) ) ;
#351 = ORIENTED_EDGE ( 'NONE', *, *, #2580, .T. ) ;
#352 = VECTOR ( 'NONE', #156, 1000.000000000000000 ) ;
#353 = FACE_BOUND ( 'NONE', #1084, .T. ) ;
#354 = VERTEX_POINT ( 'NONE', #2967 ) ;
#355 = DIRECTION ( 'NONE',  ( 0.000000000000000000, 1.000000000000000000, 0.000000000000000000 ) ) ;
#356 = CIRCLE ( 'NONE', #1199, 1.500000000000001332 ) ;
#357 = APPROVAL_STATUS ( 'not_yet_approved' ) ;
#358 = ORIENTED_EDGE ( 'NONE', *, *, #1914, .T. ) ;
#359 = CARTESIAN_POINT ( 'NONE',  ( -60.00000000000000000, 4.000000000000000000, -58.50000000000000000 ) ) ;
#360 = AXIS2_PLACEMENT_3D ( 'NONE', #993, #2444, #2088 ) ;
#361 = VERTEX_POINT ( 'NONE', #771 ) ;
#362 = CARTESIAN_POINT ( 'NONE',  ( -133.0000000000000000, 4.000000000000000000, 15.00000000000000000 ) ) ;
#363 = ADVANCED_FACE ( 'NONE', ( #4420 ), #477, .F. ) ;
#364 = ADVANCED_FACE ( 'NONE', ( #2923 ), #389, .F. ) ;
#365 = VERTEX_POINT ( 'NONE', #745 ) ;
#366 = DIRECTION ( 'NONE',  ( 0.000000000000000000, 0.000000000000000000, 1.000000000000000000 ) ) ;
#367 = AXIS2_PLACEMENT_3D ( 'NONE', #4114, #840, #3760 ) ;
#368 = ORIENTED_EDGE ( 'NONE', *, *, #3140, .T. ) ;
#369 = EDGE_CURVE ( 'NONE', #354, #3733, #2288, .T. ) ;
#370 = FACE_OUTER_BOUND ( 'NONE', #3735, .T. ) ;
#371 = CIRCLE ( 'NONE', #4254, 1.500000000000001332 ) ;
#372 = LINE ( 'NONE', #1831, #2780 ) ;
#373 = ORIENTED_EDGE ( 'NONE', *, *, #4066, .T. ) ;
#374 = ORIENTED_EDGE ( 'NONE', *, *, #2440, .F. ) ;
#375 = CIRCLE ( 'NONE', #3043, 1.500000000000001332 ) ;
#376 = EDGE_CURVE ( 'NONE', #3596, #2285, #2910, .T. ) ;
#377 = CYLINDRICAL_SURFACE ( 'NONE', #1349, 1.500000000000001332 ) ;
#378 = CARTESIAN_POINT ( 'NONE',  ( -73.50000000000000000, 0.000000000000000000, -39.75000000000000000 ) ) ;
#379 = ORIENTED_EDGE ( 'NONE', *, *, #1852, .T. ) ;
#380 = DIRECTION ( 'NONE',  ( 0.000000000000000000, 0.000000000000000000, 1.000000000000000000 ) ) ;
#381 = EDGE_LOOP ( 'NONE', ( #2761, #2358, #2504, #2278 ) ) ;
#382 = DIRECTION ( 'NONE',  ( 0.000000000000000000, 0.000000000000000000, 1.000000000000000000 ) ) ;
#383 = AXIS2_PLACEMENT_3D ( 'NONE', #259, #3512, #3964 ) ;
#384 = CIRCLE ( 'NONE', #1913, 23.49999999999999289 ) ;
#385 = COORDINATED_UNIVERSAL_TIME_OFFSET ( 8, 0, .AHEAD. ) ;
#386 = ORIENTED_EDGE ( 'NONE', *, *, #4332, .T. ) ;
#387 = CARTESIAN_POINT ( 'NONE',  ( -24.50000000000000000, 4.000000000000000000, 129.0000000000000000 ) ) ;
#388 = EDGE_LOOP ( 'NONE', ( #757, #1174 ) ) ;
#389 = CYLINDRICAL_SURFACE ( 'NONE', #230, 1.500000000000001332 ) ;
#390 = ORIENTED_EDGE ( 'NONE', *, *, #3676, .F. ) ;
#391 = CARTESIAN_POINT ( 'NONE',  ( -15.00000000000000000, -6.000000000000000000, 101.5000000000000000 ) ) ;
#392 = AXIS2_PLACEMENT_3D ( 'NONE', #4060, #2556, #3757 ) ;
#393 = FACE_OUTER_BOUND ( 'NONE', #4386, .T. ) ;
#394 = DIRECTION ( 'NONE',  ( 0.000000000000000000, 0.000000000000000000, 1.000000000000000000 ) ) ;
#395 = ADVANCED_FACE ( 'NONE', ( #948 ), #3801, .F. ) ;
#396 = CARTESIAN_POINT ( 'NONE',  ( -37.50000000000000000, 0.000000000000000000, 128.5000000000000000 ) ) ;
#397 = VERTEX_POINT ( 'NONE', #2677 ) ;
#398 = ORIENTED_EDGE ( 'NONE', *, *, #376, .T. ) ;
#399 = CARTESIAN_POINT ( 'NONE',  ( -50.84314575050770202, 4.000000000000000000, -55.00000000000000000 ) ) ;
#400 = FACE_OUTER_BOUND ( 'NONE', #1786, .T. ) ;
#401 = VERTEX_POINT ( 'NONE', #2697 ) ;
#402 = EDGE_CURVE ( 'NONE', #4405, #237, #620, .T. ) ;
#403 = FACE_BOUND ( 'NONE', #4030, .T. ) ;
#404 = DIRECTION ( 'NONE',  ( -0.7071067811865455743, 0.000000000000000000, -0.7071067811865495711 ) ) ;
#405 = EDGE_CURVE ( 'NONE', #4081, #1533, #3208, .T. ) ;
#406 = APPROVAL_DATE_TIME ( #2938, #3598 ) ;
#407 = ORIENTED_EDGE ( 'NONE', *, *, #4389, .T. ) ;
#408 = CARTESIAN_POINT ( 'NONE',  ( -60.00000000000000000, -6.000000000000000000, -61.50000000000000000 ) ) ;
#409 = ORIENTED_EDGE ( 'NONE', *, *, #3752, .F. ) ;
#410 = CARTESIAN_POINT ( 'NONE',  ( -37.50000000000000000, 0.000000000000000000, 127.0000000000000000 ) ) ;
#411 = ORIENTED_EDGE ( 'NONE', *, *, #3220, .F. ) ;
#412 = CARTESIAN_POINT ( 'NONE',  ( -139.0000000000000000, 4.000000000000000000, -29.75000000000000000 ) ) ;
#413 = EDGE_CURVE ( 'NONE', #9, #1665, #3059, .T. ) ;
#414 = PLANE ( 'NONE',  #2480 ) ;
#415 = CARTESIAN_POINT ( 'NONE',  ( -37.50000000000000000, 4.000000000000000000, 127.0000000000000000 ) ) ;
#416 = DIRECTION ( 'NONE',  ( 0.000000000000000000, 1.000000000000000000, 0.000000000000000000 ) ) ;
#417 = ORIENTED_EDGE ( 'NONE', *, *, #4376, .F. ) ;
#418 = VERTEX_POINT ( 'NONE', #2306 ) ;
#419 = AXIS2_PLACEMENT_3D ( 'NONE', #2793, #2508, #2124 ) ;
#420 = AXIS2_PLACEMENT_3D ( 'NONE', #243, #190, #958 ) ;
#421 = DIRECTION ( 'NONE',  ( 0.000000000000000000, 0.000000000000000000, 1.000000000000000000 ) ) ;
#422 = CARTESIAN_POINT ( 'NONE',  ( -122.5000000000000000, 0.000000000000000000, -41.00000000000000000 ) ) ;
#423 = DIRECTION ( 'NONE',  ( 0.000000000000000000, 0.000000000000000000, 1.000000000000000000 ) ) ;
#424 = VERTEX_POINT ( 'NONE', #3774 ) ;
#425 = CARTESIAN_POINT ( 'NONE',  ( -50.84314575050770202, 0.000000000000000000, 56.50000000000000000 ) ) ;
#426 = VECTOR ( 'NONE', #1241, 1000.000000000000000 ) ;
#427 = CARTESIAN_POINT ( 'NONE',  ( -141.0000000000000000, 0.000000000000000000, 15.00000000000000000 ) ) ;
#428 = VECTOR ( 'NONE', #739, 1000.000000000000000 ) ;
#429 = ORIENTED_EDGE ( 'NONE', *, *, #3943, .T. ) ;
#430 = AXIS2_PLACEMENT_3D ( 'NONE', #173, #1637, #3909 ) ;
#431 = DIRECTION ( 'NONE',  ( 0.000000000000000000, 1.000000000000000000, 0.000000000000000000 ) ) ;
#432 = AXIS2_PLACEMENT_3D ( 'NONE', #1225, #3489, #1983 ) ;
#433 = EDGE_CURVE ( 'NONE', #1788, #2968, #877, .T. ) ;
#434 = VERTEX_POINT ( 'NONE', #2025 ) ;
#435 = CARTESIAN_POINT ( 'NONE',  ( -139.0000000000000000, -6.000000000000000000, 55.00000000000000000 ) ) ;
#436 = AXIS2_PLACEMENT_3D ( 'NONE', #1167, #1547, #826 ) ;
#437 = EDGE_LOOP ( 'NONE', ( #4626, #3336 ) ) ;
#438 = DIRECTION ( 'NONE',  ( 0.000000000000000000, 0.000000000000000000, 1.000000000000000000 ) ) ;
#439 = EDGE_CURVE ( 'NONE', #2908, #2650, #3052, .T. ) ;
#440 = DIRECTION ( 'NONE',  ( 0.000000000000000000, 1.000000000000000000, 0.000000000000000000 ) ) ;
#441 = CIRCLE ( 'NONE', #1046, 1.250000000000001110 ) ;
#442 = CARTESIAN_POINT ( 'NONE',  ( -20.00000000000000000, -6.000000000000000000, 60.00000000000000000 ) ) ;
#443 = LINE ( 'NONE', #2225, #1217 ) ;
#444 = DIRECTION ( 'NONE',  ( 0.000000000000000000, 0.000000000000000000, 1.000000000000000000 ) ) ;
#445 = ORIENTED_EDGE ( 'NONE', *, *, #2520, .T. ) ;
#446 = ORIENTED_EDGE ( 'NONE', *, *, #3347, .T. ) ;
#447 = DIRECTION ( 'NONE',  ( 0.000000000000000000, 1.000000000000000000, 0.000000000000000000 ) ) ;
#448 = DIRECTION ( 'NONE',  ( 0.000000000000000000, 0.000000000000000000, 1.000000000000000000 ) ) ;
#449 = EDGE_LOOP ( 'NONE', ( #4072, #677 ) ) ;
#450 = FACE_BOUND ( 'NONE', #388, .T. ) ;
#451 = EDGE_CURVE ( 'NONE', #418, #3267, #2669, .T. ) ;
#452 = DIRECTION ( 'NONE',  ( 0.000000000000000000, 1.000000000000000000, 0.000000000000000000 ) ) ;
#453 = ADVANCED_FACE ( 'NONE', ( #4195 ), #2372, .F. ) ;
#454 = APPROVAL_ROLE ( '' ) ;
#455 = EDGE_CURVE ( 'NONE', #4263, #3, #1982, .T. ) ;
#456 = EDGE_LOOP ( 'NONE', ( #2792, #1819, #591, #1833 ) ) ;
#457 = CARTESIAN_POINT ( 'NONE',  ( -30.00000000000000000, -6.000000000000000000, 100.0000000000000000 ) ) ;
#458 = ORIENTED_EDGE ( 'NONE', *, *, #2466, .T. ) ;
#459 = DIRECTION ( 'NONE',  ( 0.000000000000000000, 0.000000000000000000, 1.000000000000000000 ) ) ;
#460 = EDGE_LOOP ( 'NONE', ( #1107, #2217, #3643, #2099 ) ) ;
#461 = CARTESIAN_POINT ( 'NONE',  ( -139.0000000000000000, 0.000000000000000000, -60.00000000000000000 ) ) ;
#462 = FACE_OUTER_BOUND ( 'NONE', #2999, .T. ) ;
#463 = CIRCLE ( 'NONE', #1300, 1.500000000000001332 ) ;
#464 = DIRECTION ( 'NONE',  ( 1.000000000000000000, 0.000000000000000000, 0.000000000000000000 ) ) ;
#465 = CARTESIAN_POINT ( 'NONE',  ( -60.00000000000000000, 4.000000000000000000, -60.00000000000000000 ) ) ;
#466 = VERTEX_POINT ( 'NONE', #210 ) ;
#467 = ORIENTED_EDGE ( 'NONE', *, *, #1694, .T. ) ;
#468 = DIRECTION ( 'NONE',  ( 0.000000000000000000, -1.000000000000000000, 0.000000000000000000 ) ) ;
#469 = CARTESIAN_POINT ( 'NONE',  ( -15.00000000000000000, 4.000000000000000000, -128.5000000000000000 ) ) ;
#470 = VERTEX_POINT ( 'NONE', #138 ) ;
#471 = FACE_BOUND ( 'NONE', #322, .T. ) ;
#472 = DIRECTION ( 'NONE',  ( 0.000000000000000000, 1.000000000000000000, 0.000000000000000000 ) ) ;
#473 = PERSON_AND_ORGANIZATION_ROLE ( 'creator' ) ;
#474 = EDGE_LOOP ( 'NONE', ( #1412, #2303 ) ) ;
#475 = CARTESIAN_POINT ( 'NONE',  ( -15.00000000000000000, 4.000000000000000000, 115.0000000000000000 ) ) ;
#476 = ORIENTED_EDGE ( 'NONE', *, *, #3949, .T. ) ;
#477 = CYLINDRICAL_SURFACE ( 'NONE', #4572, 23.49999999999999289 ) ;
#478 = DIRECTION ( 'NONE',  ( 0.000000000000000000, 0.000000000000000000, 1.000000000000000000 ) ) ;
#479 = FACE_OUTER_BOUND ( 'NONE', #2625, .T. ) ;
#480 = FACE_OUTER_BOUND ( 'NONE', #4203, .T. ) ;
#481 = LINE ( 'NONE', #2634, #3399 ) ;
#482 = EDGE_CURVE ( 'NONE', #2914, #2637, #2133, .T. ) ;
#483 = ORIENTED_EDGE ( 'NONE', *, *, #3895, .T. ) ;
#484 = EDGE_LOOP ( 'NONE', ( #3035, #1482, #4037, #643 ) ) ;
#485 = LINE ( 'NONE', #2361, #1650 ) ;
#486 = EDGE_CURVE ( 'NONE', #1788, #2882, #765, .T. ) ;
#487 = CARTESIAN_POINT ( 'NONE',  ( -29.00000000000000000, 4.000000000000000000, -120.5000000000000000 ) ) ;
#488 = LINE ( 'NONE', #1951, #3855 ) ;
#489 = ORIENTED_EDGE ( 'NONE', *, *, #451, .F. ) ;
#490 = FACE_BOUND ( 'NONE', #148, .T. ) ;
#491 = ADVANCED_FACE ( 'NONE', ( #1580 ), #1672, .F. ) ;
#492 = CIRCLE ( 'NONE', #3080, 1.250000000000001110 ) ;
#493 = AXIS2_PLACEMENT_3D ( 'NONE', #3656, #1715, #4292 ) ;
#494 = ORIENTED_EDGE ( 'NONE', *, *, #3482, .F. ) ;
#495 = CARTESIAN_POINT ( 'NONE',  ( -131.0000000000000000, 4.000000000000000000, -60.00000000000000000 ) ) ;
#496 = AXIS2_PLACEMENT_3D ( 'NONE', #4067, #2997, #1181 ) ;
#497 = CIRCLE ( 'NONE', #3400, 1.250000000000001110 ) ;
#498 = ORIENTED_EDGE ( 'NONE', *, *, #2226, .T. ) ;
#499 = CARTESIAN_POINT ( 'NONE',  ( -36.00000000000000000, -6.000000000000000000, 71.00000000000000000 ) ) ;
#500 = CARTESIAN_POINT ( 'NONE',  ( -36.00000000000000000, -6.000000000000000000, 122.5000000000000000 ) ) ;
#501 = LINE ( 'NONE', #2244, #2962 ) ;
#502 = CARTESIAN_POINT ( 'NONE',  ( -41.50000000000000000, 4.000000000000000000, -135.0000000000000000 ) ) ;
#503 = EDGE_CURVE ( 'NONE', #1614, #4530, #162, .T. ) ;
#504 = EDGE_CURVE ( 'NONE', #2479, #3368, #4651, .T. ) ;
#505 = DIRECTION ( 'NONE',  ( 0.000000000000000000, 1.000000000000000000, 0.000000000000000000 ) ) ;
#506 = VECTOR ( 'NONE', #1358, 1000.000000000000000 ) ;
#507 = EDGE_CURVE ( 'NONE', #1284, #1117, #4531, .T. ) ;
#508 = ORIENTED_EDGE ( 'NONE', *, *, #2826, .F. ) ;
#509 = VERTEX_POINT ( 'NONE', #4170 ) ;
#510 = LINE ( 'NONE', #1210, #279 ) ;
#511 = CIRCLE ( 'NONE', #890, 1.500000000000001332 ) ;
#512 = DIRECTION ( 'NONE',  ( 0.000000000000000000, 0.000000000000000000, 1.000000000000000000 ) ) ;
#513 = VECTOR ( 'NONE', #2994, 1000.000000000000000 ) ;
#514 = ORIENTED_EDGE ( 'NONE', *, *, #3199, .F. ) ;
#515 = LINE ( 'NONE', #1975, #352 ) ;
#516 = AXIS2_PLACEMENT_3D ( 'NONE', #1979, #232, #585 ) ;
#517 = ORIENTED_EDGE ( 'NONE', *, *, #1248, .T. ) ;
#518 = CYLINDRICAL_SURFACE ( 'NONE', #1796, 1.500000000000001332 ) ;
#519 = VECTOR ( 'NONE', #1229, 1000.000000000000000 ) ;
#520 = LINE ( 'NONE', #2562, #808 ) ;
#521 = EDGE_LOOP ( 'NONE', ( #4130, #3511, #704, #4543 ) ) ;
#522 = DIRECTION ( 'NONE',  ( 0.000000000000000000, 1.000000000000000000, 0.000000000000000000 ) ) ;
#523 = CIRCLE ( 'NONE', #3882, 4.000000000000000000 ) ;
#524 = DIRECTION ( 'NONE',  ( 0.000000000000000000, 0.000000000000000000, 1.000000000000000000 ) ) ;
#525 = CARTESIAN_POINT ( 'NONE',  ( -80.00000000000000000, 0.000000000000000000, 48.00000000000000000 ) ) ;
#526 = CARTESIAN_POINT ( 'NONE',  ( -15.00000000000000000, 4.000000000000000000, 115.0000000000000000 ) ) ;
#527 = CARTESIAN_POINT ( 'NONE',  ( -136.0000000000000000, 4.000000000000000000, 71.00000000000000000 ) ) ;
#528 = AXIS2_PLACEMENT_3D ( 'NONE', #1060, #1416, #3228 ) ;
#529 = ORIENTED_EDGE ( 'NONE', *, *, #217, .F. ) ;
#530 = EDGE_CURVE ( 'NONE', #2220, #3665, #902, .T. ) ;
#531 = ORIENTED_EDGE ( 'NONE', *, *, #1216, .F. ) ;
#532 = CARTESIAN_POINT ( 'NONE',  ( -110.0000000000000000, 0.000000000000000000, 72.00000000000000000 ) ) ;
#533 = CARTESIAN_POINT ( 'NONE',  ( -139.0000000000000000, -6.000000000000000000, -32.25000000000000000 ) ) ;
#534 = ORIENTED_EDGE ( 'NONE', *, *, #2547, .F. ) ;
#535 = CARTESIAN_POINT ( 'NONE',  ( 0.000000000000000000, 0.000000000000000000, 45.00000000000000000 ) ) ;
#536 = ORIENTED_EDGE ( 'NONE', *, *, #369, .F. ) ;
#537 = CARTESIAN_POINT ( 'NONE',  ( -30.00000000000000000, 0.000000000000000000, -45.00000000000000000 ) ) ;
#538 = EDGE_CURVE ( 'NONE', #4521, #2340, #180, .T. ) ;
#539 = FACE_BOUND ( 'NONE', #2809, .T. ) ;
#540 = ORIENTED_EDGE ( 'NONE', *, *, #2335, .F. ) ;
#541 = DIRECTION ( 'NONE',  ( 0.000000000000000000, 0.000000000000000000, 1.000000000000000000 ) ) ;
#542 = DIRECTION ( 'NONE',  ( 0.000000000000000000, 1.000000000000000000, 0.000000000000000000 ) ) ;
#543 = CYLINDRICAL_SURFACE ( 'NONE', #1436, 1.250000000000001110 ) ;
#544 = EDGE_CURVE ( 'NONE', #3020, #1639, #990, .T. ) ;
#545 = CARTESIAN_POINT ( 'NONE',  ( -69.25000000000000000, 0.000000000000000000, -69.25000000000000000 ) ) ;
#546 = DIRECTION ( 'NONE',  ( 0.000000000000000000, 1.000000000000000000, 0.000000000000000000 ) ) ;
#547 = EDGE_CURVE ( 'NONE', #3429, #584, #3669, .T. ) ;
#548 = ORIENTED_EDGE ( 'NONE', *, *, #4478, .F. ) ;
#549 = ORIENTED_EDGE ( 'NONE', *, *, #3545, .F. ) ;
#550 = CARTESIAN_POINT ( 'NONE',  ( -15.00000000000000000, -6.000000000000000000, 83.50000000000000000 ) ) ;
#551 = ORIENTED_EDGE ( 'NONE', *, *, #1406, .T. ) ;
#552 = CARTESIAN_POINT ( 'NONE',  ( -56.50000000000000000, 4.000000000000000000, -49.34314575050759544 ) ) ;
#553 = VERTEX_POINT ( 'NONE', #3203 ) ;
#554 = CYLINDRICAL_SURFACE ( 'NONE', #1271, 1.500000000000001332 ) ;
#555 = ORIENTED_EDGE ( 'NONE', *, *, #507, .T. ) ;
#556 = DIRECTION ( 'NONE',  ( 0.000000000000000000, 0.000000000000000000, -1.000000000000000000 ) ) ;
#557 = CARTESIAN_POINT ( 'NONE',  ( -30.00000000000000000, -6.000000000000000000, -50.00000000000000000 ) ) ;
#558 = EDGE_CURVE ( 'NONE', #2696, #2644, #2453, .T. ) ;
#559 = CARTESIAN_POINT ( 'NONE',  ( -80.00000000000000000, 0.000000000000000000, 73.50000000000000000 ) ) ;
#560 = ORIENTED_EDGE ( 'NONE', *, *, #4526, .F. ) ;
#561 = CARTESIAN_POINT ( 'NONE',  ( 0.000000000000000000, 0.000000000000000000, -45.00000000000000000 ) ) ;
#562 = AXIS2_PLACEMENT_3D ( 'NONE', #1909, #4124, #448 ) ;
#563 = CARTESIAN_POINT ( 'NONE',  ( -30.00000000000000000, -6.000000000000000000, 115.0000000000000000 ) ) ;
#564 = EDGE_LOOP ( 'NONE', ( #1396, #3513 ) ) ;
#565 = VECTOR ( 'NONE', #3720, 1000.000000000000000 ) ;
#566 = CARTESIAN_POINT ( 'NONE',  ( -73.50000000000000000, -6.000000000000000000, 18.25000000000000000 ) ) ;
#567 = SECURITY_CLASSIFICATION ( '', '', #4033 ) ;
#568 = DIRECTION ( 'NONE',  ( 0.000000000000000000, 0.000000000000000000, 1.000000000000000000 ) ) ;
#569 = AXIS2_PLACEMENT_3D ( 'NONE', #4259, #1322, #3231 ) ;
#570 = VECTOR ( 'NONE', #2969, 1000.000000000000000 ) ;
#571 = EDGE_CURVE ( 'NONE', #2959, #4026, #689, .T. ) ;
#572 = DIRECTION ( 'NONE',  ( 0.000000000000000000, 0.000000000000000000, 1.000000000000000000 ) ) ;
#573 = CIRCLE ( 'NONE', #3258, 1.500000000000001332 ) ;
#574 = CIRCLE ( 'NONE', #3238, 1.250000000000001110 ) ;
#575 = ORIENTED_EDGE ( 'NONE', *, *, #2283, .F. ) ;
#576 = VERTEX_POINT ( 'NONE', #2864 ) ;
#577 = CARTESIAN_POINT ( 'NONE',  ( -30.00000000000000000, -6.000000000000000000, -58.50000000000000000 ) ) ;
#578 = ORIENTED_EDGE ( 'NONE', *, *, #3048, .F. ) ;
#579 = CARTESIAN_POINT ( 'NONE',  ( -139.0000000000000000, 4.000000000000000000, -31.00000000000000000 ) ) ;
#580 = ORIENTED_EDGE ( 'NONE', *, *, #226, .T. ) ;
#581 = AXIS2_PLACEMENT_3D ( 'NONE', #3907, #2465, #660 ) ;
#582 = DIRECTION ( 'NONE',  ( 0.000000000000000000, 0.000000000000000000, 1.000000000000000000 ) ) ;
#583 = AXIS2_PLACEMENT_3D ( 'NONE', #2270, #4514, #2630 ) ;
#584 = VERTEX_POINT ( 'NONE', #621 ) ;
#585 = DIRECTION ( 'NONE',  ( 0.000000000000000000, 0.000000000000000000, 1.000000000000000000 ) ) ;
#586 = DIRECTION ( 'NONE',  ( 0.000000000000000000, 0.000000000000000000, 1.000000000000000000 ) ) ;
#587 = ADVANCED_FACE ( 'NONE', ( #4321 ), #2817, .F. ) ;
#588 = ADVANCED_FACE ( 'NONE', ( #977 ), #1770, .F. ) ;
#589 = FACE_BOUND ( 'NONE', #1572, .T. ) ;
#590 = VECTOR ( 'NONE', #4393, 1000.000000000000000 ) ;
#591 = ORIENTED_EDGE ( 'NONE', *, *, #202, .T. ) ;
#592 = CARTESIAN_POINT ( 'NONE',  ( -136.0000000000000000, -6.000000000000000000, 71.00000000000000000 ) ) ;
#593 = EDGE_CURVE ( 'NONE', #1321, #1426, #1024, .T. ) ;
#594 = ORIENTED_EDGE ( 'NONE', *, *, #376, .F. ) ;
#595 = DIRECTION ( 'NONE',  ( 0.000000000000000000, 1.000000000000000000, 0.000000000000000000 ) ) ;
#596 = ORIENTED_EDGE ( 'NONE', *, *, #482, .F. ) ;
#597 = FACE_OUTER_BOUND ( 'NONE', #246, .T. ) ;
#598 = AXIS2_PLACEMENT_3D ( 'NONE', #22, #2575, #4032 ) ;
#599 = LINE ( 'NONE', #2772, #4417 ) ;
#600 = AXIS2_PLACEMENT_3D ( 'NONE', #4471, #2996, #1942 ) ;
#601 = CARTESIAN_POINT ( 'NONE',  ( 0.000000000000000000, 0.000000000000000000, 45.00000000000000000 ) ) ;
#602 = AXIS2_PLACEMENT_3D ( 'NONE', #216, #165, #568 ) ;
#603 = ORIENTED_EDGE ( 'NONE', *, *, #3744, .T. ) ;
#604 = EDGE_LOOP ( 'NONE', ( #2688, #4444, #3292, #4552 ) ) ;
#605 = EDGE_CURVE ( 'NONE', #2978, #2535, #4187, .T. ) ;
#606 = DIRECTION ( 'NONE',  ( 0.000000000000000000, 0.000000000000000000, 1.000000000000000000 ) ) ;
#607 = EDGE_CURVE ( 'NONE', #3612, #4573, #329, .T. ) ;
#608 = VERTEX_POINT ( 'NONE', #3223 ) ;
#609 = DIRECTION ( 'NONE',  ( 0.000000000000000000, 0.000000000000000000, 1.000000000000000000 ) ) ;
#610 = ORIENTED_EDGE ( 'NONE', *, *, #3036, .T. ) ;
#611 = AXIS2_PLACEMENT_3D ( 'NONE', #1311, #944, #2786 ) ;
#612 = LINE ( 'NONE', #1285, #2401 ) ;
#613 = DIRECTION ( 'NONE',  ( 0.000000000000000000, 0.000000000000000000, -1.000000000000000000 ) ) ;
#614 = ORIENTED_EDGE ( 'NONE', *, *, #538, .F. ) ;
#615 = CARTESIAN_POINT ( 'NONE',  ( -37.50000000000000000, 0.000000000000000000, -37.50000000000000000 ) ) ;
#616 = CARTESIAN_POINT ( 'NONE',  ( -47.50000000000000000, 4.000000000000000000, -91.00000000000000000 ) ) ;
#617 = ADVANCED_FACE ( 'NONE', ( #3941 ), #669, .F. ) ;
#618 = DIRECTION ( 'NONE',  ( 0.000000000000000000, 0.000000000000000000, 1.000000000000000000 ) ) ;
#619 = ORIENTED_EDGE ( 'NONE', *, *, #605, .F. ) ;
#620 = CIRCLE ( 'NONE', #1223, 1.500000000000001332 ) ;
#621 = CARTESIAN_POINT ( 'NONE',  ( -29.00000000000000000, 4.000000000000000000, -123.5000000000000000 ) ) ;
#622 = ORIENTED_EDGE ( 'NONE', *, *, #1138, .T. ) ;
#623 = LINE ( 'NONE', #331, #1184 ) ;
#624 = ORIENTED_EDGE ( 'NONE', *, *, #1535, .F. ) ;
#625 = CYLINDRICAL_SURFACE ( 'NONE', #3799, 1.500000000000001332 ) ;
#626 = LINE ( 'NONE', #4637, #1074 ) ;
#627 = DIRECTION ( 'NONE',  ( 0.000000000000000000, 1.000000000000000000, 0.000000000000000000 ) ) ;
#628 = VERTEX_POINT ( 'NONE', #1746 ) ;
#629 = ORIENTED_EDGE ( 'NONE', *, *, #1776, .T. ) ;
#630 = CARTESIAN_POINT ( 'NONE',  ( -15.00000000000000000, 0.000000000000000000, -128.5000000000000000 ) ) ;
#631 = ORIENTED_EDGE ( 'NONE', *, *, #4662, .F. ) ;
#632 = DIRECTION ( 'NONE',  ( 0.000000000000000000, 0.000000000000000000, 1.000000000000000000 ) ) ;
#633 = EDGE_CURVE ( 'NONE', #3355, #2840, #4246, .T. ) ;
#634 = ORIENTED_EDGE ( 'NONE', *, *, #2911, .F. ) ;
#635 = CARTESIAN_POINT ( 'NONE',  ( -30.00000000000000000, -6.000000000000000000, 83.50000000000000000 ) ) ;
#636 = LINE ( 'NONE', #2187, #181 ) ;
#637 = CARTESIAN_POINT ( 'NONE',  ( -30.00000000000000000, 0.000000000000000000, -50.00000000000000000 ) ) ;
#638 = FACE_BOUND ( 'NONE', #1487, .T. ) ;
#639 = ORIENTED_EDGE ( 'NONE', *, *, #2302, .T. ) ;
#640 = CARTESIAN_POINT ( 'NONE',  ( -110.0000000000000000, 4.000000000000000000, -72.00000000000000000 ) ) ;
#641 = ORIENTED_EDGE ( 'NONE', *, *, #4679, .T. ) ;
#642 = DIRECTION ( 'NONE',  ( 0.000000000000000000, 0.000000000000000000, 1.000000000000000000 ) ) ;
#643 = ORIENTED_EDGE ( 'NONE', *, *, #633, .T. ) ;
#644 = CARTESIAN_POINT ( 'NONE',  ( -47.50000000000000000, 4.000000000000000000, -6.103656674733209680E-15 ) ) ;
#645 = FACE_OUTER_BOUND ( 'NONE', #1764, .T. ) ;
#646 = VECTOR ( 'NONE', #1095, 1000.000000000000000 ) ;
#647 = DIRECTION ( 'NONE',  ( 0.000000000000000000, 1.000000000000000000, 0.000000000000000000 ) ) ;
#648 = EDGE_LOOP ( 'NONE', ( #4604, #772, #101, #2322 ) ) ;
#649 = ORIENTED_EDGE ( 'NONE', *, *, #1093, .F. ) ;
#650 = CIRCLE ( 'NONE', #1874, 1.500000000000001332 ) ;
#651 = ADVANCED_FACE ( 'NONE', ( #4675 ), #3585, .F. ) ;
#652 = ADVANCED_FACE ( 'NONE', ( #2891 ), #2527, .F. ) ;
#653 = DIRECTION ( 'NONE',  ( 0.000000000000000000, 0.000000000000000000, 1.000000000000000000 ) ) ;
#654 = AXIS2_PLACEMENT_3D ( 'NONE', #1818, #3249, #2892 ) ;
#655 = EDGE_CURVE ( 'NONE', #806, #2273, #3985, .T. ) ;
#656 = CARTESIAN_POINT ( 'NONE',  ( -47.50000000000000000, 4.000000000000000000, 129.0000000000000000 ) ) ;
#657 = EDGE_CURVE ( 'NONE', #835, #2894, #1333, .T. ) ;
#658 = CIRCLE ( 'NONE', #3330, 1.500000000000001332 ) ;
#659 = VECTOR ( 'NONE', #1625, 1000.000000000000000 ) ;
#660 = DIRECTION ( 'NONE',  ( 0.000000000000000000, 0.000000000000000000, 1.000000000000000000 ) ) ;
#661 = EDGE_LOOP ( 'NONE', ( #1466, #3535 ) ) ;
#662 = VECTOR ( 'NONE', #1551, 1000.000000000000000 ) ;
#663 = PLANE ( 'NONE',  #3026 ) ;
#664 = AXIS2_PLACEMENT_3D ( 'NONE', #1684, #1593, #1972 ) ;
#665 = CARTESIAN_POINT ( 'NONE',  ( -73.50000000000000000, 4.000000000000000000, -41.00000000000000000 ) ) ;
#666 = CARTESIAN_POINT ( 'NONE',  ( -30.00000000000000000, 4.000000000000000000, -128.5000000000000000 ) ) ;
#667 = FACE_OUTER_BOUND ( 'NONE', #4345, .T. ) ;
#668 = ORIENTED_EDGE ( 'NONE', *, *, #571, .F. ) ;
#669 = CYLINDRICAL_SURFACE ( 'NONE', #2980, 1.500000000000001332 ) ;
#670 = CALENDAR_DATE ( 2026, 8, 5 ) ;
#671 = CARTESIAN_POINT ( 'NONE',  ( -36.00000000000000000, -6.000000000000000000, 80.50000000000000000 ) ) ;
#672 = ORIENTED_EDGE ( 'NONE', *, *, #4040, .F. ) ;
#673 = DIRECTION ( 'NONE',  ( 0.000000000000000000, 0.000000000000000000, 1.000000000000000000 ) ) ;
#674 = AXIS2_PLACEMENT_3D ( 'NONE', #4535, #3848, #3178 ) ;
#675 = LINE ( 'NONE', #316, #1458 ) ;
#676 = CARTESIAN_POINT ( 'NONE',  ( -65.00000000000000000, 0.000000000000000000, -20.00000000000000000 ) ) ;
#677 = ORIENTED_EDGE ( 'NONE', *, *, #2874, .T. ) ;
#678 = DIRECTION ( 'NONE',  ( -0.7071067811865435759, 0.000000000000000000, -0.7071067811865515695 ) ) ;
#679 = CARTESIAN_POINT ( 'NONE',  ( -141.0000000000000000, 4.000000000000000000, 15.00000000000000000 ) ) ;
#680 = CIRCLE ( 'NONE', #4036, 1.500000000000001332 ) ;
#681 = DIRECTION ( 'NONE',  ( 0.000000000000000000, 1.000000000000000000, 0.000000000000000000 ) ) ;
#682 = EDGE_CURVE ( 'NONE', #2599, #2945, #1721, .T. ) ;
#683 = ORIENTED_EDGE ( 'NONE', *, *, #3428, .T. ) ;
#684 = DIRECTION ( 'NONE',  ( 0.000000000000000000, 0.000000000000000000, -1.000000000000000000 ) ) ;
#685 = DIRECTION ( 'NONE',  ( 0.000000000000000000, -1.000000000000000000, 0.000000000000000000 ) ) ;
#686 = ORIENTED_EDGE ( 'NONE', *, *, #558, .F. ) ;
#687 = FACE_BOUND ( 'NONE', #2381, .T. ) ;
#688 = ORIENTED_EDGE ( 'NONE', *, *, #4719, .F. ) ;
#689 = LINE ( 'NONE', #1051, #1455 ) ;
#690 = DIRECTION ( 'NONE',  ( 1.000000000000000000, 0.000000000000000000, 0.000000000000000000 ) ) ;
#691 = DIRECTION ( 'NONE',  ( 0.000000000000000000, 1.000000000000000000, 0.000000000000000000 ) ) ;
#692 = ORIENTED_EDGE ( 'NONE', *, *, #1007, .F. ) ;
#693 = CARTESIAN_POINT ( 'NONE',  ( -37.50000000000000000, 4.000000000000000000, 127.0000000000000000 ) ) ;
#694 = EDGE_CURVE ( 'NONE', #1323, #2109, #3004, .T. ) ;
#695 = DIRECTION ( 'NONE',  ( 0.000000000000000000, -1.000000000000000000, 0.000000000000000000 ) ) ;
#696 = DIRECTION ( 'NONE',  ( 0.000000000000000000, 0.000000000000000000, 1.000000000000000000 ) ) ;
#697 = EDGE_CURVE ( 'NONE', #3387, #3675, #2505, .T. ) ;
#698 = VERTEX_POINT ( 'NONE', #2917 ) ;
#699 = LINE ( 'NONE', #2153, #1730 ) ;
#700 = EDGE_CURVE ( 'NONE', #1445, #3485, #1483, .T. ) ;
#701 = DIRECTION ( 'NONE',  ( 0.000000000000000000, 1.000000000000000000, 0.000000000000000000 ) ) ;
#702 = CARTESIAN_POINT ( 'NONE',  ( -30.00000000000000000, 0.000000000000000000, 50.00000000000000000 ) ) ;
#703 = EDGE_LOOP ( 'NONE', ( #72, #4094, #4258, #971 ) ) ;
#704 = ORIENTED_EDGE ( 'NONE', *, *, #3397, .F. ) ;
#705 = CARTESIAN_POINT ( 'NONE',  ( -80.00000000000000000, 4.000000000000000000, 48.00000000000000000 ) ) ;
#706 = CARTESIAN_POINT ( 'NONE',  ( -30.00000000000000000, 4.000000000000000000, -48.50000000000000000 ) ) ;
#707 = ORIENTED_EDGE ( 'NONE', *, *, #1612, .F. ) ;
#708 = EDGE_CURVE ( 'NONE', #2287, #4016, #1190, .T. ) ;
#709 = CARTESIAN_POINT ( 'NONE',  ( -110.0000000000000000, 0.000000000000000000, 70.50000000000000000 ) ) ;
#710 = EDGE_LOOP ( 'NONE', ( #2770, #2805, #2560, #2953 ) ) ;
#711 = CARTESIAN_POINT ( 'NONE',  ( -80.00000000000000000, 0.000000000000000000, 46.50000000000000000 ) ) ;
#712 = CARTESIAN_POINT ( 'NONE',  ( -81.00000000000000000, -6.000000000000000000, -32.25000000000000000 ) ) ;
#713 = ORIENTED_EDGE ( 'NONE', *, *, #1428, .F. ) ;
#714 = EDGE_CURVE ( 'NONE', #1533, #509, #2896, .T. ) ;
#715 = CARTESIAN_POINT ( 'NONE',  ( -15.00000000000000000, 4.000000000000000000, 86.50000000000000000 ) ) ;
#716 = ORIENTED_EDGE ( 'NONE', *, *, #4390, .T. ) ;
#717 = CYLINDRICAL_SURFACE ( 'NONE', #306, 1.250000000000001110 ) ;
#718 = ORIENTED_EDGE ( 'NONE', *, *, #4498, .F. ) ;
#719 = CARTESIAN_POINT ( 'NONE',  ( -15.00000000000000000, -6.000000000000000000, 100.0000000000000000 ) ) ;
#720 = EDGE_LOOP ( 'NONE', ( #1360, #4693, #823, #483 ) ) ;
#721 = CARTESIAN_POINT ( 'NONE',  ( -15.00000000000000000, 0.000000000000000000, -131.5000000000000000 ) ) ;
#722 = AXIS2_PLACEMENT_3D ( 'NONE', #287, #4324, #238 ) ;
#723 = EDGE_CURVE ( 'NONE', #736, #1426, #830, .T. ) ;
#724 = CIRCLE ( 'NONE', #1334, 1.500000000000001332 ) ;
#725 = DIRECTION ( 'NONE',  ( 0.000000000000000000, 1.000000000000000000, 0.000000000000000000 ) ) ;
#726 = VECTOR ( 'NONE', #3599, 1000.000000000000000 ) ;
#727 = ORIENTED_EDGE ( 'NONE', *, *, #796, .T. ) ;
#728 = ORIENTED_EDGE ( 'NONE', *, *, #3345, .T. ) ;
#729 = AXIS2_PLACEMENT_3D ( 'NONE', #2325, #55, #3798 ) ;
#730 = VECTOR ( 'NONE', #1848, 1000.000000000000000 ) ;
#731 = CARTESIAN_POINT ( 'NONE',  ( -15.00000000000000000, 0.000000000000000000, -48.50000000000000000 ) ) ;
#732 = DIRECTION ( 'NONE',  ( 0.000000000000000000, 0.000000000000000000, 1.000000000000000000 ) ) ;
#733 = ORIENTED_EDGE ( 'NONE', *, *, #308, .T. ) ;
#734 = VECTOR ( 'NONE', #3430, 1000.000000000000000 ) ;
#735 = DIRECTION ( 'NONE',  ( 0.000000000000000000, 0.000000000000000000, 1.000000000000000000 ) ) ;
#736 = VERTEX_POINT ( 'NONE', #1887 ) ;
#737 = FACE_OUTER_BOUND ( 'NONE', #2746, .T. ) ;
#738 = AXIS2_PLACEMENT_3D ( 'NONE', #3747, #4099, #1929 ) ;
#739 = DIRECTION ( 'NONE',  ( 0.000000000000000000, 1.000000000000000000, 0.000000000000000000 ) ) ;
#740 = VERTEX_POINT ( 'NONE', #3704 ) ;
#741 = DIRECTION ( 'NONE',  ( 0.000000000000000000, 1.000000000000000000, 0.000000000000000000 ) ) ;
#742 = EDGE_CURVE ( 'NONE', #434, #361, #3500, .T. ) ;
#743 = AXIS2_PLACEMENT_3D ( 'NONE', #4133, #3396, #118 ) ;
#744 = EDGE_LOOP ( 'NONE', ( #1027, #3952, #1538, #614 ) ) ;
#745 = CARTESIAN_POINT ( 'NONE',  ( -133.0000000000000000, 4.000000000000000000, 15.00000000000000000 ) ) ;
#746 = ORIENTED_EDGE ( 'NONE', *, *, #4127, .T. ) ;
#747 = CYLINDRICAL_SURFACE ( 'NONE', #47, 1.250000000000011546 ) ;
#748 = CIRCLE ( 'NONE', #2576, 1.500000000000001332 ) ;
#749 = ORIENTED_EDGE ( 'NONE', *, *, #2, .T. ) ;
#750 = DIRECTION ( 'NONE',  ( 0.000000000000000000, 0.000000000000000000, 1.000000000000000000 ) ) ;
#751 = DIRECTION ( 'NONE',  ( 0.000000000000000000, 0.000000000000000000, 1.000000000000000000 ) ) ;
#752 = CIRCLE ( 'NONE', #4713, 1.500000000000001332 ) ;
#753 = DIRECTION ( 'NONE',  ( 0.000000000000000000, 0.000000000000000000, 1.000000000000000000 ) ) ;
#754 = EDGE_CURVE ( 'NONE', #1256, #4398, #1447, .T. ) ;
#755 = CIRCLE ( 'NONE', #3194, 1.500000000000001332 ) ;
#756 = ADVANCED_FACE ( 'NONE', ( #2621 ), #4074, .T. ) ;
#757 = ORIENTED_EDGE ( 'NONE', *, *, #4680, .F. ) ;
#758 = ORIENTED_EDGE ( 'NONE', *, *, #1510, .T. ) ;
#759 = CIRCLE ( 'NONE', #3359, 1.500000000000001332 ) ;
#760 = CARTESIAN_POINT ( 'NONE',  ( -45.00000000000000000, 4.000000000000000000, 45.00000000000000000 ) ) ;
#761 = DIRECTION ( 'NONE',  ( 0.000000000000000000, 0.000000000000000000, 1.000000000000000000 ) ) ;
#762 = ORIENTED_EDGE ( 'NONE', *, *, #2127, .F. ) ;
#763 = FACE_BOUND ( 'NONE', #3021, .T. ) ;
#764 = DIRECTION ( 'NONE',  ( 0.000000000000000000, 1.000000000000000000, 0.000000000000000000 ) ) ;
#765 = CIRCLE ( 'NONE', #910, 1.250000000000001110 ) ;
#766 = COORDINATED_UNIVERSAL_TIME_OFFSET ( 8, 0, .AHEAD. ) ;
#767 = ORIENTED_EDGE ( 'NONE', *, *, #1192, .F. ) ;
#768 = EDGE_CURVE ( 'NONE', #1323, #1696, #1826, .T. ) ;
#769 = DIRECTION ( 'NONE',  ( 0.000000000000000000, -1.000000000000000000, 0.000000000000000000 ) ) ;
#770 = VERTEX_POINT ( 'NONE', #711 ) ;
#771 = CARTESIAN_POINT ( 'NONE',  ( -110.0000000000000000, 0.000000000000000000, 46.50000000000000000 ) ) ;
#772 = ORIENTED_EDGE ( 'NONE', *, *, #4719, .T. ) ;
#773 = CARTESIAN_POINT ( 'NONE',  ( -136.0000000000000000, -6.000000000000000000, 71.00000000000000000 ) ) ;
#774 = CARTESIAN_POINT ( 'NONE',  ( -122.5000000000000000, 4.000000000000000000, -39.75000000000000000 ) ) ;
#775 = CARTESIAN_POINT ( 'NONE',  ( -15.00000000000000000, 0.000000000000000000, 101.5000000000000000 ) ) ;
#776 = CARTESIAN_POINT ( 'NONE',  ( -73.50000000000000000, 4.000000000000000000, 17.00000000000000000 ) ) ;
#777 = VERTEX_POINT ( 'NONE', #42 ) ;
#778 = ORIENTED_EDGE ( 'NONE', *, *, #3758, .F. ) ;
#779 = EDGE_CURVE ( 'NONE', #2614, #3665, #2659, .T. ) ;
#780 = DIRECTION ( 'NONE',  ( 0.000000000000000000, 1.000000000000000000, 0.000000000000000000 ) ) ;
#781 = CARTESIAN_POINT ( 'NONE',  ( -30.00000000000000000, -6.000000000000000000, -130.0000000000000000 ) ) ;
#782 = ORIENTED_EDGE ( 'NONE', *, *, #4512, .F. ) ;
#783 = CARTESIAN_POINT ( 'NONE',  ( -24.50000000000000000, -6.000000000000000000, 72.25000000000000000 ) ) ;
#784 = CYLINDRICAL_SURFACE ( 'NONE', #3041, 1.500000000000001332 ) ;
#785 = ADVANCED_FACE ( 'NONE', ( #737 ), #4414, .F. ) ;
#786 = ORIENTED_EDGE ( 'NONE', *, *, #2016, .F. ) ;
#787 = CARTESIAN_POINT ( 'NONE',  ( -60.00000000000000000, 0.000000000000000000, -60.00000000000000000 ) ) ;
#788 = ORIENTED_EDGE ( 'NONE', *, *, #1550, .F. ) ;
#789 = CARTESIAN_POINT ( 'NONE',  ( -15.00000000000000000, 4.000000000000000000, 50.00000000000000000 ) ) ;
#790 = VERTEX_POINT ( 'NONE', #4726 ) ;
#791 = FACE_OUTER_BOUND ( 'NONE', #3562, .T. ) ;
#792 = CARTESIAN_POINT ( 'NONE',  ( -131.0000000000000000, 0.000000000000000000, -58.50000000000000000 ) ) ;
#793 = CYLINDRICAL_SURFACE ( 'NONE', #3712, 6.000000000000005329 ) ;
#794 = CARTESIAN_POINT ( 'NONE',  ( -47.50000000000000000, 4.000000000000000000, 6.103656674733209680E-15 ) ) ;
#795 = DIRECTION ( 'NONE',  ( 0.000000000000000000, 1.000000000000000000, 0.000000000000000000 ) ) ;
#796 = EDGE_CURVE ( 'NONE', #2835, #2220, #3879, .T. ) ;
#797 = ADVANCED_FACE ( 'NONE', ( #4056 ), #3370, .F. ) ;
#798 = ORIENTED_EDGE ( 'NONE', *, *, #4043, .F. ) ;
#799 = ADVANCED_FACE ( 'NONE', ( #2985 ), #784, .F. ) ;
#800 = ORIENTED_EDGE ( 'NONE', *, *, #1460, .T. ) ;
#801 = VECTOR ( 'NONE', #2913, 1000.000000000000000 ) ;
#802 = EDGE_CURVE ( 'NONE', #2350, #2209, #3957, .T. ) ;
#803 = AXIS2_PLACEMENT_3D ( 'NONE', #4608, #1967, #219 ) ;
#804 = CARTESIAN_POINT ( 'NONE',  ( -81.00000000000000000, 0.000000000000000000, -29.75000000000000000 ) ) ;
#805 = CARTESIAN_POINT ( 'NONE',  ( -36.00000000000000000, 0.000000000000000000, 121.0000000000000000 ) ) ;
#806 = VERTEX_POINT ( 'NONE', #4009 ) ;
#807 = FACE_BOUND ( 'NONE', #4725, .T. ) ;
#808 = VECTOR ( 'NONE', #2205, 1000.000000000000000 ) ;
#809 = DIRECTION ( 'NONE',  ( -0.7071067811865494601, 0.000000000000000000, 0.7071067811865454633 ) ) ;
#810 = PRODUCT_DEFINITION_FORMATION_WITH_SPECIFIED_SOURCE ( 'ä»', '', #1249, .NOT_KNOWN. ) ;
#811 = ORIENTED_EDGE ( 'NONE', *, *, #96, .T. ) ;
#812 = FACE_OUTER_BOUND ( 'NONE', #4225, .T. ) ;
#813 = VECTOR ( 'NONE', #3846, 1000.000000000000000 ) ;
#814 = ORIENTED_EDGE ( 'NONE', *, *, #4334, .F. ) ;
#815 = CYLINDRICAL_SURFACE ( 'NONE', #841, 1.500000000000001332 ) ;
#816 = AXIS2_PLACEMENT_3D ( 'NONE', #2140, #4266, #3553 ) ;
#817 = ORIENTED_EDGE ( 'NONE', *, *, #3595, .T. ) ;
#818 = DIRECTION ( 'NONE',  ( 0.7071067811865514585, 0.000000000000000000, 0.7071067811865435759 ) ) ;
#819 = CARTESIAN_POINT ( 'NONE',  ( -41.50000000000000000, 0.000000000000000000, -129.0000000000000000 ) ) ;
#820 = PLANE ( 'NONE',  #3809 ) ;
#821 = CIRCLE ( 'NONE', #4480, 1.500000000000001332 ) ;
#822 = CARTESIAN_POINT ( 'NONE',  ( -80.00000000000000000, 0.000000000000000000, -73.50000000000000000 ) ) ;
#823 = ORIENTED_EDGE ( 'NONE', *, *, #2468, .T. ) ;
#824 = ORIENTED_EDGE ( 'NONE', *, *, #1505, .F. ) ;
#825 = EDGE_CURVE ( 'NONE', #770, #4566, #1933, .T. ) ;
#826 = DIRECTION ( 'NONE',  ( 0.000000000000000000, 0.000000000000000000, 1.000000000000000000 ) ) ;
#827 = DIRECTION ( 'NONE',  ( 0.000000000000000000, 1.000000000000000000, 0.000000000000000000 ) ) ;
#828 = VERTEX_POINT ( 'NONE', #2282 ) ;
#829 = FACE_BOUND ( 'NONE', #299, .T. ) ;
#830 = CIRCLE ( 'NONE', #598, 1.250000000000001110 ) ;
#831 = LINE ( 'NONE', #2950, #519 ) ;
#832 = EDGE_LOOP ( 'NONE', ( #3877, #2145, #124, #4415 ) ) ;
#833 = DIRECTION ( 'NONE',  ( 0.000000000000000000, 1.000000000000000000, 0.000000000000000000 ) ) ;
#834 = VECTOR ( 'NONE', #1586, 1000.000000000000000 ) ;
#835 = VERTEX_POINT ( 'NONE', #4105 ) ;
#836 = CARTESIAN_POINT ( 'NONE',  ( -47.50000000000000000, 4.000000000000000000, 91.00000000000000000 ) ) ;
#837 = VECTOR ( 'NONE', #4601, 1000.000000000000000 ) ;
#838 = EDGE_CURVE ( 'NONE', #994, #2326, #831, .T. ) ;
#839 = DIRECTION ( 'NONE',  ( 0.000000000000000000, 1.000000000000000000, 0.000000000000000000 ) ) ;
#840 = DIRECTION ( 'NONE',  ( 0.000000000000000000, 1.000000000000000000, 0.000000000000000000 ) ) ;
#841 = AXIS2_PLACEMENT_3D ( 'NONE', #3354, #3711, #2221 ) ;
#842 = CARTESIAN_POINT ( 'NONE',  ( -15.00000000000000000, 0.000000000000000000, 115.0000000000000000 ) ) ;
#843 = EDGE_CURVE ( 'NONE', #1614, #576, #755, .T. ) ;
#844 = LINE ( 'NONE', #1588, #565 ) ;
#845 = CC_DESIGN_DATE_AND_TIME_ASSIGNMENT ( #2673, #2216, ( #567 ) ) ;
#846 = ORIENTED_EDGE ( 'NONE', *, *, #1694, .F. ) ;
#847 = ORIENTED_EDGE ( 'NONE', *, *, #1106, .F. ) ;
#848 = DIRECTION ( 'NONE',  ( 0.000000000000000000, 1.000000000000000000, 0.000000000000000000 ) ) ;
#849 = DIRECTION ( 'NONE',  ( 0.000000000000000000, 1.000000000000000000, 0.000000000000000000 ) ) ;
#850 = CARTESIAN_POINT ( 'NONE',  ( -45.00000000000000000, 0.000000000000000000, 45.00000000000000000 ) ) ;
#851 = EDGE_LOOP ( 'NONE', ( #1042, #688, #888, #924 ) ) ;
#852 = FACE_BOUND ( 'NONE', #1843, .T. ) ;
#853 = EDGE_LOOP ( 'NONE', ( #3852, #445, #307, #3191 ) ) ;
#854 = EDGE_CURVE ( 'NONE', #2502, #2813, #4647, .T. ) ;
#855 = DIRECTION ( 'NONE',  ( 0.000000000000000000, 1.000000000000000000, 0.000000000000000000 ) ) ;
#856 = EDGE_CURVE ( 'NONE', #116, #1346, #4048, .T. ) ;
#857 = ORIENTED_EDGE ( 'NONE', *, *, #2202, .F. ) ;
#858 = DIRECTION ( 'NONE',  ( 0.000000000000000000, 0.000000000000000000, 1.000000000000000000 ) ) ;
#859 = CYLINDRICAL_SURFACE ( 'NONE', #4467, 1.500000000000001332 ) ;
#860 = DIRECTION ( 'NONE',  ( 0.000000000000000000, 0.000000000000000000, 1.000000000000000000 ) ) ;
#861 = DIRECTION ( 'NONE',  ( 0.000000000000000000, 1.000000000000000000, 0.000000000000000000 ) ) ;
#862 = CARTESIAN_POINT ( 'NONE',  ( -30.00000000000000000, -6.000000000000000000, 116.5000000000000000 ) ) ;
#863 = ORIENTED_EDGE ( 'NONE', *, *, #4083, .T. ) ;
#864 = ORIENTED_EDGE ( 'NONE', *, *, #2016, .T. ) ;
#865 = EDGE_CURVE ( 'NONE', #835, #3451, #759, .T. ) ;
#866 = FACE_OUTER_BOUND ( 'NONE', #4482, .T. ) ;
#867 = CYLINDRICAL_SURFACE ( 'NONE', #57, 1.500000000000001332 ) ;
#868 = DIRECTION ( 'NONE',  ( 0.000000000000000000, 0.000000000000000000, 1.000000000000000000 ) ) ;
#869 = ORIENTED_EDGE ( 'NONE', *, *, #825, .F. ) ;
#870 = CARTESIAN_POINT ( 'NONE',  ( -41.50000000000000000, 0.000000000000000000, 135.0000000000000000 ) ) ;
#871 = ORIENTED_EDGE ( 'NONE', *, *, #4097, .T. ) ;
#872 = DIRECTION ( 'NONE',  ( -0.7071067811865435759, 0.000000000000000000, 0.7071067811865515695 ) ) ;
#873 = VECTOR ( 'NONE', #1986, 1000.000000000000000 ) ;
#874 = AXIS2_PLACEMENT_3D ( 'NONE', #1771, #3917, #690 ) ;
#875 = CARTESIAN_POINT ( 'NONE',  ( -139.0000000000000000, 4.000000000000000000, -60.00000000000000000 ) ) ;
#876 = VERTEX_POINT ( 'NONE', #3015 ) ;
#877 = LINE ( 'NONE', #3419, #4727 ) ;
#878 = AXIS2_PLACEMENT_3D ( 'NONE', #4047, #2177, #750 ) ;
#879 = AXIS2_PLACEMENT_3D ( 'NONE', #461, #2586, #438 ) ;
#881 = ADVANCED_FACE ( 'NONE', ( #1163 ), #3691, .F. ) ;
#880 = DIRECTION ( 'NONE',  ( 0.000000000000000000, 0.000000000000000000, 1.000000000000000000 ) ) ;
#882 = LINE ( 'NONE', #1203, #513 ) ;
#883 = AXIS2_PLACEMENT_3D ( 'NONE', #3274, #4724, #2915 ) ;
#884 = CARTESIAN_POINT ( 'NONE',  ( -30.00000000000000000, 4.000000000000000000, -50.00000000000000000 ) ) ;
#885 = CARTESIAN_POINT ( 'NONE',  ( -56.50000000000000000, 0.000000000000000000, -49.34314575050759544 ) ) ;
#886 = VECTOR ( 'NONE', #3498, 1000.000000000000000 ) ;
#887 = ORIENTED_EDGE ( 'NONE', *, *, #2907, .F. ) ;
#888 = ORIENTED_EDGE ( 'NONE', *, *, #1083, .F. ) ;
#889 = DIRECTION ( 'NONE',  ( 0.000000000000000000, 0.000000000000000000, 1.000000000000000000 ) ) ;
#890 = AXIS2_PLACEMENT_3D ( 'NONE', #2709, #3475, #3835 ) ;
#891 = CARTESIAN_POINT ( 'NONE',  ( -51.00000000000000000, 0.000000000000000000, -20.00000000000000000 ) ) ;
#892 = EDGE_CURVE ( 'NONE', #3753, #2526, #4723, .T. ) ;
#893 = VECTOR ( 'NONE', #3379, 1000.000000000000000 ) ;
#894 = ORIENTED_EDGE ( 'NONE', *, *, #1603, .F. ) ;
#895 = CARTESIAN_POINT ( 'NONE',  ( -56.50000000000000000, 4.000000000000000000, 52.34314575050760254 ) ) ;
#896 = VECTOR ( 'NONE', #855, 1000.000000000000000 ) ;
#897 = ORIENTED_EDGE ( 'NONE', *, *, #3662, .T. ) ;
#898 = FACE_OUTER_BOUND ( 'NONE', #3383, .T. ) ;
#899 = EDGE_CURVE ( 'NONE', #2644, #4287, #1068, .T. ) ;
#900 = FACE_BOUND ( 'NONE', #2619, .T. ) ;
#901 = ORIENTED_EDGE ( 'NONE', *, *, #1093, .T. ) ;
#902 = LINE ( 'NONE', #2351, #2595 ) ;
#903 = ADVANCED_FACE ( 'NONE', ( #3332 ), #4021, .T. ) ;
#904 = AXIS2_PLACEMENT_3D ( 'NONE', #794, #3361, #2271 ) ;
#905 = LINE ( 'NONE', #500, #347 ) ;
#906 = DIRECTION ( 'NONE',  ( 0.000000000000000000, 0.000000000000000000, 1.000000000000000000 ) ) ;
#907 = AXIS2_PLACEMENT_3D ( 'NONE', #4423, #4399, #3759 ) ;
#908 = CARTESIAN_POINT ( 'NONE',  ( -45.00000000000000000, 4.000000000000000000, 30.00000000000000000 ) ) ;
#909 = DIRECTION ( 'NONE',  ( 0.000000000000000000, 1.000000000000000000, 0.000000000000000000 ) ) ;
#910 = AXIS2_PLACEMENT_3D ( 'NONE', #4490, #3824, #926 ) ;
#911 = AXIS2_PLACEMENT_3D ( 'NONE', #410, #1175, #459 ) ;
#912 = ORIENTED_EDGE ( 'NONE', *, *, #2694, .T. ) ;
#913 = ORIENTED_EDGE ( 'NONE', *, *, #3113, .T. ) ;
#914 = CARTESIAN_POINT ( 'NONE',  ( -139.0000000000000000, 0.000000000000000000, 53.75000000000000000 ) ) ;
#915 = AXIS2_PLACEMENT_3D ( 'NONE', #836, #27, #1937 ) ;
#916 = VERTEX_POINT ( 'NONE', #4116 ) ;
#917 = DIRECTION ( 'NONE',  ( 0.000000000000000000, 0.000000000000000000, 1.000000000000000000 ) ) ;
#918 = ORIENTED_EDGE ( 'NONE', *, *, #4309, .T. ) ;
#919 = PLANE ( 'NONE',  #3334 ) ;
#920 = VERTEX_POINT ( 'NONE', #2292 ) ;
#921 = DIRECTION ( 'NONE',  ( 0.000000000000000000, 1.000000000000000000, 0.000000000000000000 ) ) ;
#922 = FACE_OUTER_BOUND ( 'NONE', #2036, .T. ) ;
#923 = CARTESIAN_POINT ( 'NONE',  ( -80.00000000000000000, 0.000000000000000000, -73.50000000000000000 ) ) ;
#924 = ORIENTED_EDGE ( 'NONE', *, *, #4429, .F. ) ;
#925 = ADVANCED_FACE ( 'NONE', ( #480 ), #820, .F. ) ;
#926 = DIRECTION ( 'NONE',  ( 0.000000000000000000, 0.000000000000000000, 1.000000000000000000 ) ) ;
#927 = ORIENTED_EDGE ( 'NONE', *, *, #3834, .T. ) ;
#928 = CARTESIAN_POINT ( 'NONE',  ( -36.00000000000000000, 0.000000000000000000, 79.00000000000000000 ) ) ;
#929 = DIRECTION ( 'NONE',  ( 0.000000000000000000, 1.000000000000000000, 0.000000000000000000 ) ) ;
#930 = CARTESIAN_POINT ( 'NONE',  ( -41.50000000000000000, 4.000000000000000000, -129.0000000000000000 ) ) ;
#931 = LINE ( 'NONE', #3081, #2017 ) ;
#932 = ORIENTED_EDGE ( 'NONE', *, *, #1836, .T. ) ;
#933 = ORIENTED_EDGE ( 'NONE', *, *, #2806, .T. ) ;
#934 = CARTESIAN_POINT ( 'NONE',  ( -36.00000000000000000, 4.000000000000000000, 69.50000000000000000 ) ) ;
#935 = ORIENTED_EDGE ( 'NONE', *, *, #2616, .T. ) ;
#936 = EDGE_CURVE ( 'NONE', #3342, #2822, #2204, .T. ) ;
#937 = CARTESIAN_POINT ( 'NONE',  ( -30.00000000000000000, 0.000000000000000000, -48.50000000000000000 ) ) ;
#938 = EDGE_CURVE ( 'NONE', #2399, #3157, #1924, .T. ) ;
#939 = ORIENTED_EDGE ( 'NONE', *, *, #4090, .F. ) ;
#940 = EDGE_CURVE ( 'NONE', #9, #4279, #443, .T. ) ;
#941 = CARTESIAN_POINT ( 'NONE',  ( -80.00000000000000000, 0.000000000000000000, 72.00000000000000000 ) ) ;
#942 = ORIENTED_EDGE ( 'NONE', *, *, #1510, .F. ) ;
#943 = CARTESIAN_POINT ( 'NONE',  ( -80.00000000000000000, 4.000000000000000000, -72.00000000000000000 ) ) ;
#944 = DIRECTION ( 'NONE',  ( 0.000000000000000000, 1.000000000000000000, 0.000000000000000000 ) ) ;
#945 = FACE_BOUND ( 'NONE', #4510, .T. ) ;
#946 = AXIS2_PLACEMENT_3D ( 'NONE', #4377, #2540, #4357 ) ;
#947 = EDGE_LOOP ( 'NONE', ( #1839, #3863, #4700, #3723 ) ) ;
#948 = FACE_OUTER_BOUND ( 'NONE', #2063, .T. ) ;
#949 = CIRCLE ( 'NONE', #4607, 1.500000000000001332 ) ;
#950 = ORIENTED_EDGE ( 'NONE', *, *, #3641, .T. ) ;
#951 = FACE_OUTER_BOUND ( 'NONE', #2229, .T. ) ;
#952 = ORIENTED_EDGE ( 'NONE', *, *, #4039, .T. ) ;
#953 = VECTOR ( 'NONE', #58, 1000.000000000000000 ) ;
#954 = CARTESIAN_POINT ( 'NONE',  ( -60.00000000000000000, 0.000000000000000000, -61.50000000000000000 ) ) ;
#955 = CYLINDRICAL_SURFACE ( 'NONE', #4343, 6.000000000000005329 ) ;
#956 = AXIS2_PLACEMENT_3D ( 'NONE', #3843, #2370, #618 ) ;
#957 = CIRCLE ( 'NONE', #2027, 1.500000000000001332 ) ;
#958 = DIRECTION ( 'NONE',  ( 0.000000000000000000, 0.000000000000000000, 1.000000000000000000 ) ) ;
#959 = AXIS2_PLACEMENT_3D ( 'NONE', #2144, #1022, #2525 ) ;
#960 = EDGE_LOOP ( 'NONE', ( #1845, #2037, #105, #1252 ) ) ;
#961 = ORIENTED_EDGE ( 'NONE', *, *, #4309, .F. ) ;
#962 = DIRECTION ( 'NONE',  ( 0.000000000000000000, 0.000000000000000000, 1.000000000000000000 ) ) ;
#963 = VECTOR ( 'NONE', #3164, 1000.000000000000000 ) ;
#964 = VERTEX_POINT ( 'NONE', #1870 ) ;
#965 = EDGE_CURVE ( 'NONE', #2273, #4284, #3582, .T. ) ;
#966 = CARTESIAN_POINT ( 'NONE',  ( -73.50000000000000000, -6.000000000000000000, -41.00000000000000000 ) ) ;
#967 = EDGE_LOOP ( 'NONE', ( #1176, #1157 ) ) ;
#968 = AXIS2_PLACEMENT_3D ( 'NONE', #819, #4088, #860 ) ;
#969 = FACE_OUTER_BOUND ( 'NONE', #2926, .T. ) ;
#970 = CARTESIAN_POINT ( 'NONE',  ( -81.00000000000000000, -6.000000000000000000, 53.75000000000000000 ) ) ;
#971 = ORIENTED_EDGE ( 'NONE', *, *, #1603, .T. ) ;
#972 = DIRECTION ( 'NONE',  ( 0.000000000000000000, 0.000000000000000000, -1.000000000000000000 ) ) ;
#973 = DIRECTION ( 'NONE',  ( 0.000000000000000000, 1.000000000000000000, 0.000000000000000000 ) ) ;
#974 = DIRECTION ( 'NONE',  ( 0.000000000000000000, 1.000000000000000000, 0.000000000000000000 ) ) ;
#975 = AXIS2_PLACEMENT_3D ( 'NONE', #1287, #4596, #3820 ) ;
#976 = ORIENTED_EDGE ( 'NONE', *, *, #843, .T. ) ;
#977 = FACE_OUTER_BOUND ( 'NONE', #1998, .T. ) ;
#978 = VERTEX_POINT ( 'NONE', #775 ) ;
#979 = DIRECTION ( 'NONE',  ( 0.000000000000000000, 1.000000000000000000, 0.000000000000000000 ) ) ;
#980 = ORIENTED_EDGE ( 'NONE', *, *, #2081, .F. ) ;
#981 = CARTESIAN_POINT ( 'NONE',  ( -41.50000000000000000, 4.000000000000000000, 129.0000000000000000 ) ) ;
#982 = VECTOR ( 'NONE', #472, 1000.000000000000000 ) ;
#983 = DIRECTION ( 'NONE',  ( 0.000000000000000000, 0.000000000000000000, 1.000000000000000000 ) ) ;
#984 = ADVANCED_FACE ( 'NONE', ( #2632 ), #1900, .F. ) ;
#985 = DIRECTION ( 'NONE',  ( 0.000000000000000000, 1.000000000000000000, 0.000000000000000000 ) ) ;
#986 = AXIS2_PLACEMENT_3D ( 'NONE', #4685, #3285, #3923 ) ;
#987 = VERTEX_POINT ( 'NONE', #2248 ) ;
#988 = ORIENTED_EDGE ( 'NONE', *, *, #2202, .T. ) ;
#989 = DIRECTION ( 'NONE',  ( 0.000000000000000000, 1.000000000000000000, 0.000000000000000000 ) ) ;
#990 = CIRCLE ( 'NONE', #383, 1.250000000000001110 ) ;
#991 = AXIS2_PLACEMENT_3D ( 'NONE', #3376, #1893, #2289 ) ;
#992 = ORIENTED_EDGE ( 'NONE', *, *, #3447, .F. ) ;
#993 = CARTESIAN_POINT ( 'NONE',  ( -36.00000000000000000, 0.000000000000000000, 71.00000000000000000 ) ) ;
#994 = VERTEX_POINT ( 'NONE', #3719 ) ;
#995 = LINE ( 'NONE', #2446, #3173 ) ;
#996 = DIRECTION ( 'NONE',  ( 1.000000000000000000, 0.000000000000000000, 0.000000000000000000 ) ) ;
#997 = LINE ( 'NONE', #3627, #3625 ) ;
#998 = DIRECTION ( 'NONE',  ( 0.000000000000000000, 0.000000000000000000, 1.000000000000000000 ) ) ;
#999 = CARTESIAN_POINT ( 'NONE',  ( -81.00000000000000000, -6.000000000000000000, -29.75000000000000000 ) ) ;
#1000 = VERTEX_POINT ( 'NONE', #79 ) ;
#1001 = DIRECTION ( 'NONE',  ( 0.000000000000000000, 0.000000000000000000, 1.000000000000000000 ) ) ;
#1002 = ORIENTED_EDGE ( 'NONE', *, *, #3257, .F. ) ;
#1003 = DATE_AND_TIME ( #1366, #111 ) ;
#1004 = CARTESIAN_POINT ( 'NONE',  ( -73.50000000000000000, 0.000000000000000000, 15.75000000000000000 ) ) ;
#1005 = ORIENTED_EDGE ( 'NONE', *, *, #2495, .F. ) ;
#1006 = EDGE_CURVE ( 'NONE', #1639, #2222, #1541, .T. ) ;
#1007 = EDGE_CURVE ( 'NONE', #2968, #3273, #297, .T. ) ;
#1008 = CARTESIAN_POINT ( 'NONE',  ( -30.00000000000000000, -6.000000000000000000, -128.5000000000000000 ) ) ;
#1009 = EDGE_CURVE ( 'NONE', #1224, #806, #2814, .T. ) ;
#1010 = DIRECTION ( 'NONE',  ( 0.000000000000000000, 1.000000000000000000, 0.000000000000000000 ) ) ;
#1011 = ADVANCED_FACE ( 'NONE', ( #3849 ), #1627, .F. ) ;
#1012 = CARTESIAN_POINT ( 'NONE',  ( -45.00000000000000000, 4.000000000000000000, -30.00000000000000000 ) ) ;
#1013 = ORIENTED_EDGE ( 'NONE', *, *, #59, .F. ) ;
#1014 = ORIENTED_EDGE ( 'NONE', *, *, #936, .F. ) ;
#1015 = CARTESIAN_POINT ( 'NONE',  ( -24.50000000000000000, -6.000000000000000000, 129.0000000000000000 ) ) ;
#1016 = DIRECTION ( 'NONE',  ( 0.000000000000000000, 0.000000000000000000, 1.000000000000000000 ) ) ;
#1017 = CARTESIAN_POINT ( 'NONE',  ( -29.00000000000000000, 0.000000000000000000, -120.5000000000000000 ) ) ;
#1018 = ORIENTED_EDGE ( 'NONE', *, *, #4234, .F. ) ;
#1019 = CYLINDRICAL_SURFACE ( 'NONE', #2487, 1.250000000000001110 ) ;
#1020 = CYLINDRICAL_SURFACE ( 'NONE', #1260, 1.500000000000001332 ) ;
#1021 = CYLINDRICAL_SURFACE ( 'NONE', #1760, 4.000000000000000000 ) ;
#1022 = DIRECTION ( 'NONE',  ( 0.000000000000000000, 1.000000000000000000, 0.000000000000000000 ) ) ;
#1023 = ORIENTED_EDGE ( 'NONE', *, *, #1216, .T. ) ;
#1024 = LINE ( 'NONE', #1435, #1377 ) ;
#1025 = APPROVAL_DATE_TIME ( #1003, #3883 ) ;
#1026 = CARTESIAN_POINT ( 'NONE',  ( -122.5000000000000000, 4.000000000000000000, -41.00000000000000000 ) ) ;
#1027 = ORIENTED_EDGE ( 'NONE', *, *, #3528, .F. ) ;
#1028 = CYLINDRICAL_SURFACE ( 'NONE', #1059, 6.000000000000005329 ) ;
#1029 = CARTESIAN_POINT ( 'NONE',  ( -81.00000000000000000, -6.000000000000000000, 55.00000000000000000 ) ) ;
#1030 = EDGE_CURVE ( 'NONE', #3453, #1276, #3283, .T. ) ;
#1031 = AXIS2_PLACEMENT_3D ( 'NONE', #3425, #4224, #3875 ) ;
#1032 = CIRCLE ( 'NONE', #1113, 1.500000000000001332 ) ;
#1033 = FACE_OUTER_BOUND ( 'NONE', #456, .T. ) ;
#1034 = ORIENTED_EDGE ( 'NONE', *, *, #3922, .F. ) ;
#1035 = AXIS2_PLACEMENT_3D ( 'NONE', #4425, #3263, #2611 ) ;
#1036 = DIRECTION ( 'NONE',  ( 0.000000000000000000, 0.000000000000000000, 1.000000000000000000 ) ) ;
#1037 =( GEOMETRIC_REPRESENTATION_CONTEXT ( 3 ) GLOBAL_UNCERTAINTY_ASSIGNED_CONTEXT ( ( #3520 ) ) GLOBAL_UNIT_ASSIGNED_CONTEXT ( ( #2551, #1101, #4728 ) ) REPRESENTATION_CONTEXT ( 'NONE', 'WORKASPACE' ) );
#1038 = DIRECTION ( 'NONE',  ( 0.000000000000000000, 0.000000000000000000, 1.000000000000000000 ) ) ;
#1039 = AXIS2_PLACEMENT_3D ( 'NONE', #2706, #4121, #3450 ) ;
#1040 = VECTOR ( 'NONE', #3803, 1000.000000000000000 ) ;
#1041 = DIRECTION ( 'NONE',  ( 0.000000000000000000, 1.000000000000000000, 0.000000000000000000 ) ) ;
#1042 = ORIENTED_EDGE ( 'NONE', *, *, #4389, .F. ) ;
#1043 = CIRCLE ( 'NONE', #2328, 1.500000000000001332 ) ;
#1044 = EDGE_CURVE ( 'NONE', #3764, #4640, #523, .T. ) ;
#1045 = CARTESIAN_POINT ( 'NONE',  ( -37.50000000000000000, 0.000000000000000000, 127.0000000000000000 ) ) ;
#1046 = AXIS2_PLACEMENT_3D ( 'NONE', #249, #3955, #632 ) ;
#1047 = CARTESIAN_POINT ( 'NONE',  ( -45.00000000000000000, 0.000000000000000000, -45.00000000000000000 ) ) ;
#1048 = ORIENTED_EDGE ( 'NONE', *, *, #1486, .F. ) ;
#1049 = LINE ( 'NONE', #3629, #3642 ) ;
#1050 = ORIENTED_EDGE ( 'NONE', *, *, #3465, .F. ) ;
#1051 = CARTESIAN_POINT ( 'NONE',  ( -30.00000000000000000, -6.000000000000000000, -131.5000000000000000 ) ) ;
#1052 = AXIS2_PLACEMENT_3D ( 'NONE', #2748, #4251, #906 ) ;
#1053 = EDGE_CURVE ( 'NONE', #2326, #2340, #3426, .T. ) ;
#1054 = PERSON_AND_ORGANIZATION_ROLE ( 'creator' ) ;
#1055 = CARTESIAN_POINT ( 'NONE',  ( -24.50000000000000000, 0.000000000000000000, 71.00000000000000000 ) ) ;
#1056 = EDGE_LOOP ( 'NONE', ( #4564, #161, #1477, #4507 ) ) ;
#1057 = DIRECTION ( 'NONE',  ( 0.000000000000000000, 0.000000000000000000, 1.000000000000000000 ) ) ;
#1058 = CC_DESIGN_PERSON_AND_ORGANIZATION_ASSIGNMENT ( #1723, #1390, ( #1249 ) ) ;
#1059 = AXIS2_PLACEMENT_3D ( 'NONE', #2847, #2553, #3920 ) ;
#1060 = CARTESIAN_POINT ( 'NONE',  ( -139.0000000000000000, -6.000000000000000000, -31.00000000000000000 ) ) ;
#1061 = EDGE_CURVE ( 'NONE', #1969, #4287, #3078, .T. ) ;
#1062 = CYLINDRICAL_SURFACE ( 'NONE', #2971, 1.250000000000001110 ) ;
#1063 = ORIENTED_EDGE ( 'NONE', *, *, #3838, .F. ) ;
#1064 = CARTESIAN_POINT ( 'NONE',  ( -122.5000000000000000, 4.000000000000000000, 17.00000000000000000 ) ) ;
#1065 = EDGE_CURVE ( 'NONE', #1118, #4263, #2512, .T. ) ;
#1066 = DIRECTION ( 'NONE',  ( 0.000000000000000000, 1.000000000000000000, 0.000000000000000000 ) ) ;
#1067 = ADVANCED_FACE ( 'NONE', ( #4537 ), #241, .F. ) ;
#1068 = CIRCLE ( 'NONE', #1753, 1.500000000000001332 ) ;
#1069 = DIRECTION ( 'NONE',  ( 0.000000000000000000, 1.000000000000000000, 0.000000000000000000 ) ) ;
#1070 = VERTEX_POINT ( 'NONE', #908 ) ;
#1071 = EDGE_CURVE ( 'NONE', #3565, #4678, #599, .T. ) ;
#1072 = CARTESIAN_POINT ( 'NONE',  ( -20.00000000000000000, -6.000000000000000000, 66.00000000000000000 ) ) ;
#1073 = DIRECTION ( 'NONE',  ( 0.000000000000000000, -1.000000000000000000, 0.000000000000000000 ) ) ;
#1074 = VECTOR ( 'NONE', #1370, 1000.000000000000000 ) ;
#1075 = ORIENTED_EDGE ( 'NONE', *, *, #11, .T. ) ;
#1076 = CARTESIAN_POINT ( 'NONE',  ( -20.00000000000000000, 0.000000000000000000, 66.00000000000000000 ) ) ;
#1077 = VERTEX_POINT ( 'NONE', #2356 ) ;
#1078 = CARTESIAN_POINT ( 'NONE',  ( -15.00000000000000000, -6.000000000000000000, 85.00000000000000000 ) ) ;
#1079 = DIRECTION ( 'NONE',  ( 0.000000000000000000, 1.000000000000000000, 0.000000000000000000 ) ) ;
#1080 = DIRECTION ( 'NONE',  ( 0.000000000000000000, 1.000000000000000000, 0.000000000000000000 ) ) ;
#1081 = EDGE_LOOP ( 'NONE', ( #800, #1865 ) ) ;
#1082 = FACE_OUTER_BOUND ( 'NONE', #832, .T. ) ;
#1083 = EDGE_CURVE ( 'NONE', #2190, #1613, #2032, .T. ) ;
#1084 = EDGE_LOOP ( 'NONE', ( #2922, #639 ) ) ;
#1085 = CARTESIAN_POINT ( 'NONE',  ( -15.00000000000000000, 4.000000000000000000, -60.00000000000000000 ) ) ;
#1086 = ORIENTED_EDGE ( 'NONE', *, *, #779, .T. ) ;
#1087 = DIRECTION ( 'NONE',  ( 0.000000000000000000, 0.000000000000000000, 1.000000000000000000 ) ) ;
#1088 = ORIENTED_EDGE ( 'NONE', *, *, #2640, .F. ) ;
#1089 = FACE_OUTER_BOUND ( 'NONE', #1591, .T. ) ;
#1090 = LINE ( 'NONE', #3265, #2168 ) ;
#1091 = EDGE_LOOP ( 'NONE', ( #788, #2300, #1667, #4355 ) ) ;
#1092 = ORIENTED_EDGE ( 'NONE', *, *, #4498, .T. ) ;
#1093 = EDGE_CURVE ( 'NONE', #4218, #424, #1702, .T. ) ;
#1094 = DIRECTION ( 'NONE',  ( 0.000000000000000000, 1.000000000000000000, 0.000000000000000000 ) ) ;
#1095 = DIRECTION ( 'NONE',  ( 0.7071067811865515695, 0.000000000000000000, 0.7071067811865435759 ) ) ;
#1096 = ORIENTED_EDGE ( 'NONE', *, *, #1006, .T. ) ;
#1097 = ADVANCED_FACE ( 'NONE', ( #4515 ), #955, .T. ) ;
#1098 = DIRECTION ( 'NONE',  ( -0.000000000000000000, 1.000000000000000000, 0.000000000000000000 ) ) ;
#1099 = EDGE_LOOP ( 'NONE', ( #3746, #811 ) ) ;
#1100 = DIRECTION ( 'NONE',  ( 0.000000000000000000, 1.000000000000000000, 0.000000000000000000 ) ) ;
#1101 =( NAMED_UNIT ( * ) PLANE_ANGLE_UNIT ( ) SI_UNIT ( $, .RADIAN. ) );
#1102 = ORIENTED_EDGE ( 'NONE', *, *, #1920, .T. ) ;
#1103 = FACE_OUTER_BOUND ( 'NONE', #4120, .T. ) ;
#1104 = ORIENTED_EDGE ( 'NONE', *, *, #2955, .F. ) ;
#1105 = CYLINDRICAL_SURFACE ( 'NONE', #4, 1.250000000000001110 ) ;
#1106 = EDGE_CURVE ( 'NONE', #2371, #1219, #3151, .T. ) ;
#1107 = ORIENTED_EDGE ( 'NONE', *, *, #3662, .F. ) ;
#1108 = ADVANCED_FACE ( 'NONE', ( #186 ), #1655, .F. ) ;
#1109 = DIRECTION ( 'NONE',  ( 0.000000000000000000, 1.000000000000000000, 0.000000000000000000 ) ) ;
#1110 = EDGE_LOOP ( 'NONE', ( #3542, #4201, #733, #672 ) ) ;
#1111 = DIRECTION ( 'NONE',  ( 0.000000000000000000, 1.000000000000000000, 0.000000000000000000 ) ) ;
#1112 = AXIS2_PLACEMENT_3D ( 'NONE', #3997, #2154, #3648 ) ;
#1113 = AXIS2_PLACEMENT_3D ( 'NONE', #1123, #4453, #2572 ) ;
#1114 = CARTESIAN_POINT ( 'NONE',  ( -65.00000000000000000, 4.000000000000000000, -20.00000000000000000 ) ) ;
#1115 = CIRCLE ( 'NONE', #3781, 1.500000000000001332 ) ;
#1116 = CIRCLE ( 'NONE', #1728, 1.250000000000001110 ) ;
#1117 = VERTEX_POINT ( 'NONE', #2750 ) ;
#1118 = VERTEX_POINT ( 'NONE', #502 ) ;
#1119 = CIRCLE ( 'NONE', #2635, 1.500000000000001332 ) ;
#1120 = EDGE_CURVE ( 'NONE', #4069, #4211, #1965, .T. ) ;
#1121 = CIRCLE ( 'NONE', #2873, 6.999999999999999112 ) ;
#1122 = LINE ( 'NONE', #1500, #3179 ) ;
#1123 = CARTESIAN_POINT ( 'NONE',  ( -29.00000000000000000, 4.000000000000000000, -72.00000000000000000 ) ) ;
#1124 = ORIENTED_EDGE ( 'NONE', *, *, #3344, .T. ) ;
#1125 = DIRECTION ( 'NONE',  ( 0.000000000000000000, 0.000000000000000000, 1.000000000000000000 ) ) ;
#1126 = DIRECTION ( 'NONE',  ( 0.000000000000000000, 1.000000000000000000, 0.000000000000000000 ) ) ;
#1127 = CIRCLE ( 'NONE', #1888, 1.500000000000001332 ) ;
#1128 = ORIENTED_EDGE ( 'NONE', *, *, #4235, .T. ) ;
#1129 = CARTESIAN_POINT ( 'NONE',  ( -20.00000000000000000, 4.000000000000000000, 66.00000000000000000 ) ) ;
#1130 = AXIS2_PLACEMENT_3D ( 'NONE', #3431, #152, #1616 ) ;
#1131 = ORIENTED_EDGE ( 'NONE', *, *, #754, .T. ) ;
#1132 = CARTESIAN_POINT ( 'NONE',  ( -30.00000000000000000, -6.000000000000000000, -60.00000000000000000 ) ) ;
#1133 = EDGE_LOOP ( 'NONE', ( #2676, #39 ) ) ;
#1134 = LINE ( 'NONE', #4373, #74 ) ;
#1135 = CIRCLE ( 'NONE', #4252, 1.500000000000001332 ) ;
#1136 = LINE ( 'NONE', #4147, #3635 ) ;
#1137 = DIRECTION ( 'NONE',  ( 0.000000000000000000, 0.000000000000000000, 1.000000000000000000 ) ) ;
#1138 = EDGE_CURVE ( 'NONE', #4366, #4442, #680, .T. ) ;
#1139 = CIRCLE ( 'NONE', #2808, 6.000000000000005329 ) ;
#1140 = DIRECTION ( 'NONE',  ( 0.000000000000000000, 1.000000000000000000, 0.000000000000000000 ) ) ;
#1141 = ORIENTED_EDGE ( 'NONE', *, *, #1007, .T. ) ;
#1142 = ORIENTED_EDGE ( 'NONE', *, *, #1553, .T. ) ;
#1143 = CARTESIAN_POINT ( 'NONE',  ( -15.00000000000000000, -6.000000000000000000, -130.0000000000000000 ) ) ;
#1144 = CARTESIAN_POINT ( 'NONE',  ( -20.00000000000000000, 4.000000000000000000, 54.00000000000000000 ) ) ;
#1145 = ORIENTED_EDGE ( 'NONE', *, *, #1977, .F. ) ;
#1146 = CIRCLE ( 'NONE', #142, 6.000000000000005329 ) ;
#1147 = DIRECTION ( 'NONE',  ( -0.000000000000000000, 1.000000000000000000, 0.000000000000000000 ) ) ;
#1148 = DIRECTION ( 'NONE',  ( 0.000000000000000000, 1.000000000000000000, 0.000000000000000000 ) ) ;
#1149 = AXIS2_PLACEMENT_3D ( 'NONE', #2400, #3866, #1314 ) ;
#1150 = SHAPE_DEFINITION_REPRESENTATION ( #3807, #2564 ) ;
#1151 = ORIENTED_EDGE ( 'NONE', *, *, #3833, .T. ) ;
#1152 = CARTESIAN_POINT ( 'NONE',  ( -41.50000000000000000, 0.000000000000000000, 129.0000000000000000 ) ) ;
#1153 = ORIENTED_EDGE ( 'NONE', *, *, #1156, .F. ) ;
#1154 = FACE_OUTER_BOUND ( 'NONE', #1489, .T. ) ;
#1155 = EDGE_CURVE ( 'NONE', #2007, #4530, #375, .T. ) ;
#1156 = EDGE_CURVE ( 'NONE', #3652, #4573, #220, .T. ) ;
#1157 = ORIENTED_EDGE ( 'NONE', *, *, #3195, .T. ) ;
#1159 = ADVANCED_FACE ( 'NONE', ( #1754 ), #1062, .F. ) ;
#1158 = CARTESIAN_POINT ( 'NONE',  ( -139.0000000000000000, -6.000000000000000000, -31.00000000000000000 ) ) ;
#1160 = DIRECTION ( 'NONE',  ( 0.000000000000000000, 0.000000000000000000, 1.000000000000000000 ) ) ;
#1161 = EDGE_CURVE ( 'NONE', #2704, #2157, #3664, .T. ) ;
#1162 = DIRECTION ( 'NONE',  ( 0.000000000000000000, 1.000000000000000000, 0.000000000000000000 ) ) ;
#1163 = FACE_OUTER_BOUND ( 'NONE', #947, .T. ) ;
#1164 = CARTESIAN_POINT ( 'NONE',  ( -80.00000000000000000, 4.000000000000000000, 49.50000000000000000 ) ) ;
#1165 = EDGE_LOOP ( 'NONE', ( #154, #3903 ) ) ;
#1166 = EDGE_LOOP ( 'NONE', ( #1050, #1685, #988, #250 ) ) ;
#1167 = CARTESIAN_POINT ( 'NONE',  ( -30.00000000000000000, -6.000000000000000000, 100.0000000000000000 ) ) ;
#1168 = CARTESIAN_POINT ( 'NONE',  ( -139.0000000000000000, 4.000000000000000000, 81.00000000000000000 ) ) ;
#1169 = ORIENTED_EDGE ( 'NONE', *, *, #3992, .T. ) ;
#1170 = FACE_BOUND ( 'NONE', #1280, .T. ) ;
#1171 = CARTESIAN_POINT ( 'NONE',  ( -60.00000000000000000, -6.000000000000000000, -58.50000000000000000 ) ) ;
#1172 = ORIENTED_EDGE ( 'NONE', *, *, #413, .F. ) ;
#1173 = FACE_OUTER_BOUND ( 'NONE', #3184, .T. ) ;
#1174 = ORIENTED_EDGE ( 'NONE', *, *, #723, .F. ) ;
#1175 = DIRECTION ( 'NONE',  ( 0.000000000000000000, 1.000000000000000000, 0.000000000000000000 ) ) ;
#1176 = ORIENTED_EDGE ( 'NONE', *, *, #1009, .T. ) ;
#1177 = DIRECTION ( 'NONE',  ( 0.000000000000000000, 1.000000000000000000, 0.000000000000000000 ) ) ;
#1178 = DIRECTION ( 'NONE',  ( 1.000000000000000000, 0.000000000000000000, -9.570888143320319339E-17 ) ) ;
#1179 = DIRECTION ( 'NONE',  ( 0.000000000000000000, 1.000000000000000000, 0.000000000000000000 ) ) ;
#1180 = EDGE_CURVE ( 'NONE', #2789, #740, #3961, .T. ) ;
#1181 = DIRECTION ( 'NONE',  ( 0.000000000000000000, 0.000000000000000000, 1.000000000000000000 ) ) ;
#1182 = EDGE_LOOP ( 'NONE', ( #4711, #4664, #536, #3993 ) ) ;
#1183 = ORIENTED_EDGE ( 'NONE', *, *, #2638, .T. ) ;
#1184 = VECTOR ( 'NONE', #1080, 1000.000000000000000 ) ;
#1185 = CIRCLE ( 'NONE', #2315, 1.500000000000001332 ) ;
#1186 = DIRECTION ( 'NONE',  ( 0.000000000000000000, 0.000000000000000000, 1.000000000000000000 ) ) ;
#1187 = DIRECTION ( 'NONE',  ( 0.000000000000000000, 1.000000000000000000, 0.000000000000000000 ) ) ;
#1188 = ORIENTED_EDGE ( 'NONE', *, *, #2425, .T. ) ;
#1189 = FACE_BOUND ( 'NONE', #4491, .T. ) ;
#1190 = LINE ( 'NONE', #1171, #218 ) ;
#1191 = AXIS2_PLACEMENT_3D ( 'NONE', #2374, #4493, #880 ) ;
#1192 = EDGE_CURVE ( 'NONE', #1936, #86, #4256, .T. ) ;
#1193 = APPROVAL_DATE_TIME ( #2577, #1201 ) ;
#1194 = ORIENTED_EDGE ( 'NONE', *, *, #1298, .T. ) ;
#1195 = VECTOR ( 'NONE', #251, 1000.000000000000000 ) ;
#1196 = DIRECTION ( 'NONE',  ( 0.000000000000000000, 1.000000000000000000, 0.000000000000000000 ) ) ;
#1197 = ORIENTED_EDGE ( 'NONE', *, *, #2795, .F. ) ;
#1198 = FACE_OUTER_BOUND ( 'NONE', #3117, .T. ) ;
#1199 = AXIS2_PLACEMENT_3D ( 'NONE', #2664, #2755, #1278 ) ;
#1200 = ORIENTED_EDGE ( 'NONE', *, *, #4337, .T. ) ;
#1201 = APPROVAL ( #2507, 'æœª' ) ;
#1202 = DIRECTION ( 'NONE',  ( -1.734723475976804876E-16, 0.000000000000000000, -1.000000000000000000 ) ) ;
#1203 = CARTESIAN_POINT ( 'NONE',  ( -47.50000000000000000, 0.000000000000000000, 6.103656674733209680E-15 ) ) ;
#1204 = AXIS2_PLACEMENT_3D ( 'NONE', #3136, #681, #1324 ) ;
#1205 = DIRECTION ( 'NONE',  ( 0.000000000000000000, 1.000000000000000000, 0.000000000000000000 ) ) ;
#1206 = LINE ( 'NONE', #121, #3322 ) ;
#1207 = EDGE_LOOP ( 'NONE', ( #4214, #2934 ) ) ;
#1208 = ORIENTED_EDGE ( 'NONE', *, *, #2545, .F. ) ;
#1209 = AXIS2_PLACEMENT_3D ( 'NONE', #495, #833, #1600 ) ;
#1210 = CARTESIAN_POINT ( 'NONE',  ( -122.5000000000000000, -6.000000000000000000, -39.75000000000000000 ) ) ;
#1211 = EDGE_CURVE ( 'NONE', #2983, #3440, #4261, .T. ) ;
#1212 = PLANE ( 'NONE',  #3569 ) ;
#1213 = LINE ( 'NONE', #4433, #4688 ) ;
#1214 = ORIENTED_EDGE ( 'NONE', *, *, #1006, .F. ) ;
#1215 = FACE_BOUND ( 'NONE', #2452, .T. ) ;
#1216 = EDGE_CURVE ( 'NONE', #2882, #1788, #1452, .T. ) ;
#1217 = VECTOR ( 'NONE', #3310, 1000.000000000000000 ) ;
#1218 = PERSON_AND_ORGANIZATION_ROLE ( 'classification_officer' ) ;
#1219 = VERTEX_POINT ( 'NONE', #3211 ) ;
#1220 = CARTESIAN_POINT ( 'NONE',  ( -122.5000000000000000, -6.000000000000000000, 18.25000000000000000 ) ) ;
#1221 = ORIENTED_EDGE ( 'NONE', *, *, #742, .F. ) ;
#1222 = CARTESIAN_POINT ( 'NONE',  ( -15.00000000000000000, -6.000000000000000000, 116.5000000000000000 ) ) ;
#1223 = AXIS2_PLACEMENT_3D ( 'NONE', #2743, #522, #1959 ) ;
#1224 = VERTEX_POINT ( 'NONE', #1827 ) ;
#1225 = CARTESIAN_POINT ( 'NONE',  ( -24.50000000000000000, 0.000000000000000000, 129.0000000000000000 ) ) ;
#1226 = EDGE_CURVE ( 'NONE', #4379, #1636, #3743, .T. ) ;
#1227 = LINE ( 'NONE', #792, #893 ) ;
#1228 = AXIS2_PLACEMENT_3D ( 'NONE', #3198, #4192, #4597 ) ;
#1229 = DIRECTION ( 'NONE',  ( 0.000000000000000000, 1.000000000000000000, 0.000000000000000000 ) ) ;
#1230 = DIRECTION ( 'NONE',  ( 0.000000000000000000, 1.000000000000000000, 0.000000000000000000 ) ) ;
#1231 = ORIENTED_EDGE ( 'NONE', *, *, #3220, .T. ) ;
#1232 = ORIENTED_EDGE ( 'NONE', *, *, #2740, .F. ) ;
#1233 = DIRECTION ( 'NONE',  ( 0.000000000000000000, 0.000000000000000000, -1.000000000000000000 ) ) ;
#1234 = DIRECTION ( 'NONE',  ( 0.000000000000000000, 1.000000000000000000, 0.000000000000000000 ) ) ;
#1235 = CARTESIAN_POINT ( 'NONE',  ( -15.00000000000000000, 4.000000000000000000, -50.00000000000000000 ) ) ;
#1236 = ORIENTED_EDGE ( 'NONE', *, *, #3649, .F. ) ;
#1237 = FACE_BOUND ( 'NONE', #1207, .T. ) ;
#1238 = EDGE_CURVE ( 'NONE', #1708, #2137, #2151, .T. ) ;
#1239 = ORIENTED_EDGE ( 'NONE', *, *, #2640, .T. ) ;
#1240 = CARTESIAN_POINT ( 'NONE',  ( -139.0000000000000000, -6.000000000000000000, 53.75000000000000000 ) ) ;
#1241 = DIRECTION ( 'NONE',  ( 0.000000000000000000, 1.000000000000000000, 0.000000000000000000 ) ) ;
#1242 = ORIENTED_EDGE ( 'NONE', *, *, #1855, .F. ) ;
#1243 = DIRECTION ( 'NONE',  ( 0.000000000000000000, 0.000000000000000000, 1.000000000000000000 ) ) ;
#1244 = CARTESIAN_POINT ( 'NONE',  ( -81.00000000000000000, -6.000000000000000000, 55.00000000000000000 ) ) ;
#1245 = DIRECTION ( 'NONE',  ( 0.000000000000000000, 1.000000000000000000, 0.000000000000000000 ) ) ;
#1246 = CARTESIAN_POINT ( 'NONE',  ( -30.00000000000000000, -6.000000000000000000, 113.5000000000000000 ) ) ;
#1247 = EDGE_CURVE ( 'NONE', #2537, #1605, #1295, .T. ) ;
#1248 = EDGE_CURVE ( 'NONE', #3904, #1658, #1678, .T. ) ;
#1249 = PRODUCT ( 'A\X2\56fa5b9a57fa51c6677f\X0\3A 4mm', 'A\X2\56fa5b9a57fa51c6677f\X0\3A 4mm', '', ( #3633 ) ) ;
#1250 = PLANE ( 'NONE',  #41 ) ;
#1251 = EDGE_LOOP ( 'NONE', ( #1828, #4119, #1382, #2387 ) ) ;
#1252 = ORIENTED_EDGE ( 'NONE', *, *, #1751, .F. ) ;
#1253 = CARTESIAN_POINT ( 'NONE',  ( -30.00000000000000000, -6.000000000000000000, 50.00000000000000000 ) ) ;
#1254 = CARTESIAN_POINT ( 'NONE',  ( -131.0000000000000000, 0.000000000000000000, -60.00000000000000000 ) ) ;
#1255 = VECTOR ( 'NONE', #1438, 1000.000000000000000 ) ;
#1256 = VERTEX_POINT ( 'NONE', #3594 ) ;
#1257 = CARTESIAN_POINT ( 'NONE',  ( -110.0000000000000000, 0.000000000000000000, -48.00000000000000000 ) ) ;
#1258 = ADVANCED_FACE ( 'NONE', ( #2513 ), #2486, .F. ) ;
#1259 = AXIS2_PLACEMENT_3D ( 'NONE', #3673, #1230, #1523 ) ;
#1260 = AXIS2_PLACEMENT_3D ( 'NONE', #2470, #3935, #305 ) ;
#1261 = ORIENTED_EDGE ( 'NONE', *, *, #2259, .F. ) ;
#1262 = CARTESIAN_POINT ( 'NONE',  ( 0.000000000000000000, 0.000000000000000000, -135.0000000000000000 ) ) ;
#1263 = AXIS2_PLACEMENT_3D ( 'NONE', #3828, #546, #1656 ) ;
#1264 = LINE ( 'NONE', #2716, #1574 ) ;
#1265 = VERTEX_POINT ( 'NONE', #3616 ) ;
#1266 = CARTESIAN_POINT ( 'NONE',  ( -122.5000000000000000, -6.000000000000000000, -42.25000000000000000 ) ) ;
#1267 = AXIS2_PLACEMENT_3D ( 'NONE', #3839, #1326, #3817 ) ;
#1268 = CIRCLE ( 'NONE', #3938, 1.500000000000001332 ) ;
#1269 = CYLINDRICAL_SURFACE ( 'NONE', #3019, 1.500000000000001332 ) ;
#1270 = DIRECTION ( 'NONE',  ( 0.000000000000000000, 1.000000000000000000, 0.000000000000000000 ) ) ;
#1271 = AXIS2_PLACEMENT_3D ( 'NONE', #2015, #3794, #582 ) ;
#1272 = CARTESIAN_POINT ( 'NONE',  ( -80.00000000000000000, 0.000000000000000000, 48.00000000000000000 ) ) ;
#1273 = FACE_OUTER_BOUND ( 'NONE', #960, .T. ) ;
#1274 = VECTOR ( 'NONE', #1784, 1000.000000000000000 ) ;
#1275 = ADVANCED_FACE ( 'NONE', ( #1033 ), #317, .F. ) ;
#1276 = VERTEX_POINT ( 'NONE', #676 ) ;
#1277 = ORIENTED_EDGE ( 'NONE', *, *, #1330, .F. ) ;
#1278 = DIRECTION ( 'NONE',  ( 0.000000000000000000, 0.000000000000000000, 1.000000000000000000 ) ) ;
#1279 = CIRCLE ( 'NONE', #2571, 1.250000000000001110 ) ;
#1280 = EDGE_LOOP ( 'NONE', ( #3137, #3737 ) ) ;
#1281 = DIRECTION ( 'NONE',  ( 0.000000000000000000, 1.000000000000000000, 0.000000000000000000 ) ) ;
#1282 = VECTOR ( 'NONE', #1245, 1000.000000000000000 ) ;
#1283 = ADVANCED_FACE ( 'NONE', ( #2130 ), #3260, .F. ) ;
#1284 = VERTEX_POINT ( 'NONE', #3902 ) ;
#1285 = CARTESIAN_POINT ( 'NONE',  ( -136.0000000000000000, -6.000000000000000000, 69.50000000000000000 ) ) ;
#1286 = ORIENTED_EDGE ( 'NONE', *, *, #4175, .F. ) ;
#1287 = CARTESIAN_POINT ( 'NONE',  ( -30.00000000000000000, 4.000000000000000000, 100.0000000000000000 ) ) ;
#1288 = AXIS2_PLACEMENT_3D ( 'NONE', #2191, #355, #69 ) ;
#1289 = CARTESIAN_POINT ( 'NONE',  ( 0.000000000000000000, 4.000000000000000000, 53.99999999999999289 ) ) ;
#1290 = EDGE_LOOP ( 'NONE', ( #2057, #2125, #3091, #3174 ) ) ;
#1291 = DIRECTION ( 'NONE',  ( 0.000000000000000000, 0.000000000000000000, 1.000000000000000000 ) ) ;
#1292 = AXIS2_PLACEMENT_3D ( 'NONE', #266, #2175, #3950 ) ;
#1293 = CARTESIAN_POINT ( 'NONE',  ( -58.00000000000000000, 4.000000000000000000, 27.00000000000000000 ) ) ;
#1294 = DIRECTION ( 'NONE',  ( 0.000000000000000000, 0.000000000000000000, 1.000000000000000000 ) ) ;
#1295 = CIRCLE ( 'NONE', #986, 1.500000000000001332 ) ;
#1296 = CARTESIAN_POINT ( 'NONE',  ( -81.00000000000000000, -6.000000000000000000, -31.00000000000000000 ) ) ;
#1297 = EDGE_CURVE ( 'NONE', #4284, #2273, #2279, .T. ) ;
#1298 = EDGE_CURVE ( 'NONE', #245, #2623, #1146, .T. ) ;
#1299 = CARTESIAN_POINT ( 'NONE',  ( -139.0000000000000000, -6.000000000000000000, -29.75000000000000000 ) ) ;
#1300 = AXIS2_PLACEMENT_3D ( 'NONE', #4242, #973, #2423 ) ;
#1301 = EDGE_CURVE ( 'NONE', #3674, #4474, #1601, .T. ) ;
#1302 = ORIENTED_EDGE ( 'NONE', *, *, #3321, .T. ) ;
#1303 = VERTEX_POINT ( 'NONE', #412 ) ;
#1304 = PLANE ( 'NONE',  #4018 ) ;
#1305 = VERTEX_POINT ( 'NONE', #4112 ) ;
#1306 = DIRECTION ( 'NONE',  ( 0.000000000000000000, 0.000000000000000000, 1.000000000000000000 ) ) ;
#1307 = ORIENTED_EDGE ( 'NONE', *, *, #3836, .T. ) ;
#1308 = DIRECTION ( 'NONE',  ( -1.000000000000000000, 0.000000000000000000, 0.000000000000000000 ) ) ;
#1309 = ORIENTED_EDGE ( 'NONE', *, *, #2283, .T. ) ;
#1310 = CARTESIAN_POINT ( 'NONE',  ( -139.0000000000000000, 4.000000000000000000, -81.00000000000000000 ) ) ;
#1311 = CARTESIAN_POINT ( 'NONE',  ( -50.84314575050770202, 0.000000000000000000, -56.50000000000000000 ) ) ;
#1312 = FACE_BOUND ( 'NONE', #2411, .T. ) ;
#1313 = ORIENTED_EDGE ( 'NONE', *, *, #3308, .F. ) ;
#1314 = DIRECTION ( 'NONE',  ( 0.000000000000000000, 0.000000000000000000, 1.000000000000000000 ) ) ;
#1315 = DIRECTION ( 'NONE',  ( 0.000000000000000000, 0.000000000000000000, 1.000000000000000000 ) ) ;
#1316 = VERTEX_POINT ( 'NONE', #1868 ) ;
#1317 = CARTESIAN_POINT ( 'NONE',  ( -122.5000000000000000, 0.000000000000000000, 15.75000000000000000 ) ) ;
#1318 = DIRECTION ( 'NONE',  ( 0.000000000000000000, 1.000000000000000000, 0.000000000000000000 ) ) ;
#1319 = LINE ( 'NONE', #2061, #873 ) ;
#1320 = ORIENTED_EDGE ( 'NONE', *, *, #607, .F. ) ;
#1321 = VERTEX_POINT ( 'NONE', #29 ) ;
#1322 = DIRECTION ( 'NONE',  ( 0.000000000000000000, 1.000000000000000000, 0.000000000000000000 ) ) ;
#1323 = VERTEX_POINT ( 'NONE', #4062 ) ;
#1324 = DIRECTION ( 'NONE',  ( 0.000000000000000000, 0.000000000000000000, 1.000000000000000000 ) ) ;
#1325 = VERTEX_POINT ( 'NONE', #2290 ) ;
#1326 = DIRECTION ( 'NONE',  ( 0.000000000000000000, 1.000000000000000000, 0.000000000000000000 ) ) ;
#1327 = ORIENTED_EDGE ( 'NONE', *, *, #3543, .F. ) ;
#1328 = CARTESIAN_POINT ( 'NONE',  ( -80.00000000000000000, 0.000000000000000000, -72.00000000000000000 ) ) ;
#1329 = DIRECTION ( 'NONE',  ( 0.000000000000000000, 1.000000000000000000, 0.000000000000000000 ) ) ;
#1330 = EDGE_CURVE ( 'NONE', #3149, #1325, #1134, .T. ) ;
#1331 = FACE_BOUND ( 'NONE', #3405, .T. ) ;
#1332 = ORIENTED_EDGE ( 'NONE', *, *, #802, .T. ) ;
#1333 = LINE ( 'NONE', #2075, #1437 ) ;
#1334 = AXIS2_PLACEMENT_3D ( 'NONE', #1359, #4652, #3241 ) ;
#1335 = VERTEX_POINT ( 'NONE', #3011 ) ;
#1336 = DIRECTION ( 'NONE',  ( 0.000000000000000000, 0.000000000000000000, 1.000000000000000000 ) ) ;
#1337 = EDGE_CURVE ( 'NONE', #2412, #4211, #1373, .T. ) ;
#1338 = EDGE_LOOP ( 'NONE', ( #4331, #204, #1769, #1277 ) ) ;
#1339 = CIRCLE ( 'NONE', #496, 1.500000000000001332 ) ;
#1340 = DIRECTION ( 'NONE',  ( 0.000000000000000000, 0.000000000000000000, 1.000000000000000000 ) ) ;
#1341 = CARTESIAN_POINT ( 'NONE',  ( 0.000000000000000000, 0.000000000000000000, 54.00000000000000000 ) ) ;
#1342 = CIRCLE ( 'NONE', #45, 1.250000000000001110 ) ;
#1343 = ADVANCED_FACE ( 'NONE', ( #3357 ), #4017, .F. ) ;
#1344 = LINE ( 'NONE', #862, #4691 ) ;
#1345 = CIRCLE ( 'NONE', #3937, 1.500000000000001332 ) ;
#1346 = VERTEX_POINT ( 'NONE', #3668 ) ;
#1347 = ORIENTED_EDGE ( 'NONE', *, *, #714, .F. ) ;
#1348 = CARTESIAN_POINT ( 'NONE',  ( -47.50000000000000000, 4.000000000000000000, 129.0000000000000000 ) ) ;
#1349 = AXIS2_PLACEMENT_3D ( 'NONE', #4052, #1837, #17 ) ;
#1350 = ORIENTED_EDGE ( 'NONE', *, *, #547, .T. ) ;
#1351 = PLANE ( 'NONE',  #4477 ) ;
#1352 = ORIENTED_EDGE ( 'NONE', *, *, #2033, .F. ) ;
#1353 = CIRCLE ( 'NONE', #3186, 1.500000000000001332 ) ;
#1354 = LINE ( 'NONE', #2810, #3093 ) ;
#1355 = EDGE_CURVE ( 'NONE', #1683, #1303, #2976, .T. ) ;
#1356 = ADVANCED_FACE ( 'NONE', ( #791 ), #2201, .F. ) ;
#1357 = AXIS2_PLACEMENT_3D ( 'NONE', #3566, #3989, #3227 ) ;
#1358 = DIRECTION ( 'NONE',  ( 0.000000000000000000, 1.000000000000000000, 0.000000000000000000 ) ) ;
#1359 = CARTESIAN_POINT ( 'NONE',  ( -30.00000000000000000, 4.000000000000000000, 85.00000000000000000 ) ) ;
#1360 = ORIENTED_EDGE ( 'NONE', *, *, #3094, .F. ) ;
#1361 = FACE_BOUND ( 'NONE', #4395, .T. ) ;
#1362 = AXIS2_PLACEMENT_3D ( 'NONE', #943, #3530, #972 ) ;
#1363 = VERTEX_POINT ( 'NONE', #3689 ) ;
#1364 = CARTESIAN_POINT ( 'NONE',  ( -37.50000000000000000, 0.000000000000000000, 125.5000000000000000 ) ) ;
#1365 = ORIENTED_EDGE ( 'NONE', *, *, #4457, .T. ) ;
#1366 = CALENDAR_DATE ( 2026, 8, 5 ) ;
#1367 = CARTESIAN_POINT ( 'NONE',  ( -80.00000000000000000, 4.000000000000000000, 73.50000000000000000 ) ) ;
#1368 = ORIENTED_EDGE ( 'NONE', *, *, #2931, .T. ) ;
#1369 = LINE ( 'NONE', #2823, #3032 ) ;
#1370 = DIRECTION ( 'NONE',  ( 0.000000000000000000, 1.000000000000000000, 0.000000000000000000 ) ) ;
#1371 = VECTOR ( 'NONE', #4606, 1000.000000000000000 ) ;
#1372 = CARTESIAN_POINT ( 'NONE',  ( -73.50000000000000000, -6.000000000000000000, 17.00000000000000000 ) ) ;
#1373 = CIRCLE ( 'NONE', #4421, 1.500000000000001332 ) ;
#1374 = ORIENTED_EDGE ( 'NONE', *, *, #4449, .F. ) ;
#1375 = ORIENTED_EDGE ( 'NONE', *, *, #3308, .T. ) ;
#1376 = DIRECTION ( 'NONE',  ( 0.000000000000000000, 0.000000000000000000, 1.000000000000000000 ) ) ;
#1377 = VECTOR ( 'NONE', #2475, 1000.000000000000000 ) ;
#1378 = CIRCLE ( 'NONE', #3670, 1.500000000000001332 ) ;
#1379 = EDGE_LOOP ( 'NONE', ( #1516, #1453 ) ) ;
#1380 = CARTESIAN_POINT ( 'NONE',  ( -45.00000000000000000, 4.000000000000000000, -30.00000000000000000 ) ) ;
#1381 = LINE ( 'NONE', #1017, #3724 ) ;
#1382 = ORIENTED_EDGE ( 'NONE', *, *, #694, .T. ) ;
#1383 = LINE ( 'NONE', #970, #2031 ) ;
#1384 = CARTESIAN_POINT ( 'NONE',  ( -37.50000000000000000, 0.000000000000000000, 37.50000000000000000 ) ) ;
#1385 = CARTESIAN_POINT ( 'NONE',  ( -57.50000000000000000, 4.000000000000000000, 81.00000000000000000 ) ) ;
#1386 = EDGE_CURVE ( 'NONE', #4005, #365, #1517, .T. ) ;
#1387 = FACE_OUTER_BOUND ( 'NONE', #4304, .T. ) ;
#1388 = ORIENTED_EDGE ( 'NONE', *, *, #1649, .T. ) ;
#1389 = CARTESIAN_POINT ( 'NONE',  ( -73.50000000000000000, -6.000000000000000000, -39.75000000000000000 ) ) ;
#1390 = PERSON_AND_ORGANIZATION_ROLE ( 'design_owner' ) ;
#1391 = DIRECTION ( 'NONE',  ( 0.000000000000000000, 1.000000000000000000, 0.000000000000000000 ) ) ;
#1392 = ORIENTED_EDGE ( 'NONE', *, *, #338, .F. ) ;
#1393 = DIRECTION ( 'NONE',  ( 1.284980352575411713E-16, 0.000000000000000000, -1.000000000000000000 ) ) ;
#1394 = LINE ( 'NONE', #3255, #4570 ) ;
#1395 = DIRECTION ( 'NONE',  ( 0.000000000000000000, 0.000000000000000000, 1.000000000000000000 ) ) ;
#1396 = ORIENTED_EDGE ( 'NONE', *, *, #2119, .T. ) ;
#1397 = CARTESIAN_POINT ( 'NONE',  ( 0.000000000000000000, 4.000000000000000000, -81.00000000000000000 ) ) ;
#1398 = ADVANCED_FACE ( 'NONE', ( #2655 ), #747, .F. ) ;
#1399 = DIRECTION ( 'NONE',  ( 0.000000000000000000, 0.000000000000000000, 1.000000000000000000 ) ) ;
#1400 = CARTESIAN_POINT ( 'NONE',  ( -131.0000000000000000, 4.000000000000000000, -58.50000000000000000 ) ) ;
#1401 = ORIENTED_EDGE ( 'NONE', *, *, #2845, .F. ) ;
#1402 = ADVANCED_FACE ( 'NONE', ( #1471 ), #2243, .F. ) ;
#1403 = LINE ( 'NONE', #635, #3096 ) ;
#1404 = FACE_OUTER_BOUND ( 'NONE', #2142, .T. ) ;
#1405 = ORIENTED_EDGE ( 'NONE', *, *, #3262, .F. ) ;
#1406 = EDGE_CURVE ( 'NONE', #978, #2730, #2925, .T. ) ;
#1407 = CARTESIAN_POINT ( 'NONE',  ( -139.0000000000000000, 0.000000000000000000, -75.00000000000000000 ) ) ;
#1408 = VERTEX_POINT ( 'NONE', #1896 ) ;
#1409 = DIRECTION ( 'NONE',  ( 0.000000000000000000, 0.000000000000000000, 1.000000000000000000 ) ) ;
#1410 = PERSON_AND_ORGANIZATION ( #2321, #1644 ) ;
#1411 = CARTESIAN_POINT ( 'NONE',  ( -30.00000000000000000, 0.000000000000000000, -61.50000000000000000 ) ) ;
#1412 = ORIENTED_EDGE ( 'NONE', *, *, #1248, .F. ) ;
#1413 = LINE ( 'NONE', #4012, #3104 ) ;
#1414 = AXIS2_PLACEMENT_3D ( 'NONE', #2179, #4667, #1399 ) ;
#1415 = AXIS2_PLACEMENT_3D ( 'NONE', #2141, #324, #423 ) ;
#1416 = DIRECTION ( 'NONE',  ( 0.000000000000000000, 1.000000000000000000, 0.000000000000000000 ) ) ;
#1417 = CIRCLE ( 'NONE', #4539, 1.500000000000001332 ) ;
#1418 = DIRECTION ( 'NONE',  ( 0.000000000000000000, 0.000000000000000000, -1.000000000000000000 ) ) ;
#1419 = ORIENTED_EDGE ( 'NONE', *, *, #1044, .F. ) ;
#1420 = VECTOR ( 'NONE', #3891, 1000.000000000000000 ) ;
#1421 = EDGE_CURVE ( 'NONE', #1708, #470, #1922, .T. ) ;
#1422 = CARTESIAN_POINT ( 'NONE',  ( -36.00000000000000000, 0.000000000000000000, 77.50000000000000000 ) ) ;
#1423 = CARTESIAN_POINT ( 'NONE',  ( -15.00000000000000000, 0.000000000000000000, 100.0000000000000000 ) ) ;
#1424 = VECTOR ( 'NONE', #4344, 1000.000000000000000 ) ;
#1425 = CARTESIAN_POINT ( 'NONE',  ( -139.0000000000000000, 0.000000000000000000, -60.00000000000000000 ) ) ;
#1426 = VERTEX_POINT ( 'NONE', #3307 ) ;
#1427 = AXIS2_PLACEMENT_3D ( 'NONE', #2956, #3366, #1186 ) ;
#1428 = EDGE_CURVE ( 'NONE', #2181, #1757, #1121, .T. ) ;
#1429 = DIRECTION ( 'NONE',  ( 0.000000000000000000, 1.000000000000000000, 0.000000000000000000 ) ) ;
#1430 = CIRCLE ( 'NONE', #2648, 6.999999999999999112 ) ;
#1431 = PLANE ( 'NONE',  #3323 ) ;
#1432 = ORIENTED_EDGE ( 'NONE', *, *, #405, .T. ) ;
#1433 = DIRECTION ( 'NONE',  ( 0.000000000000000000, 0.000000000000000000, -1.000000000000000000 ) ) ;
#1434 = ORIENTED_EDGE ( 'NONE', *, *, #714, .T. ) ;
#1435 = CARTESIAN_POINT ( 'NONE',  ( -81.00000000000000000, -6.000000000000000000, 56.25000000000000000 ) ) ;
#1436 = AXIS2_PLACEMENT_3D ( 'NONE', #3871, #1270, #3462 ) ;
#1437 = VECTOR ( 'NONE', #3534, 1000.000000000000000 ) ;
#1438 = DIRECTION ( 'NONE',  ( 0.000000000000000000, 1.000000000000000000, 0.000000000000000000 ) ) ;
#1439 = EDGE_LOOP ( 'NONE', ( #4019, #3187, #4312, #390 ) ) ;
#1440 = DIRECTION ( 'NONE',  ( 0.000000000000000000, 1.000000000000000000, 0.000000000000000000 ) ) ;
#1441 = AXIS2_PLACEMENT_3D ( 'NONE', #2691, #3507, #1640 ) ;
#1442 = AXIS2_PLACEMENT_3D ( 'NONE', #311, #3893, #2790 ) ;
#1443 = FACE_OUTER_BOUND ( 'NONE', #3353, .T. ) ;
#1444 = DIRECTION ( 'NONE',  ( 0.000000000000000000, 0.000000000000000000, 1.000000000000000000 ) ) ;
#1445 = VERTEX_POINT ( 'NONE', #2628 ) ;
#1446 = ADVANCED_FACE ( 'NONE', ( #1539 ), #4445, .T. ) ;
#1447 = CIRCLE ( 'NONE', #4111, 1.500000000000001332 ) ;
#1448 = CARTESIAN_POINT ( 'NONE',  ( -56.50000000000000000, 0.000000000000000000, -49.34314575050759544 ) ) ;
#1449 = ADVANCED_FACE ( 'NONE', ( #2268 ), #3739, .F. ) ;
#1450 = CARTESIAN_POINT ( 'NONE',  ( -15.00000000000000000, 4.000000000000000000, 83.50000000000000000 ) ) ;
#1451 = EDGE_CURVE ( 'NONE', #354, #3764, #140, .T. ) ;
#1452 = CIRCLE ( 'NONE', #139, 1.250000000000001110 ) ;
#1453 = ORIENTED_EDGE ( 'NONE', *, *, #1161, .T. ) ;
#1454 = VERTEX_POINT ( 'NONE', #1674 ) ;
#1455 = VECTOR ( 'NONE', #3609, 1000.000000000000000 ) ;
#1456 = DIRECTION ( 'NONE',  ( 0.000000000000000000, 1.000000000000000000, 0.000000000000000000 ) ) ;
#1457 = DIRECTION ( 'NONE',  ( 0.000000000000000000, 0.000000000000000000, 1.000000000000000000 ) ) ;
#1458 = VECTOR ( 'NONE', #695, 1000.000000000000000 ) ;
#1459 = ORIENTED_EDGE ( 'NONE', *, *, #4635, .T. ) ;
#1460 = EDGE_CURVE ( 'NONE', #4523, #2265, #2485, .T. ) ;
#1461 = DIRECTION ( 'NONE',  ( 0.000000000000000000, 0.000000000000000000, 1.000000000000000000 ) ) ;
#1462 = ORIENTED_EDGE ( 'NONE', *, *, #153, .F. ) ;
#1463 = CARTESIAN_POINT ( 'NONE',  ( -29.00000000000000000, 0.000000000000000000, -72.00000000000000000 ) ) ;
#1464 = ADVANCED_FACE ( 'NONE', ( #4150 ), #859, .F. ) ;
#1465 = DIRECTION ( 'NONE',  ( 0.000000000000000000, 0.000000000000000000, -1.000000000000000000 ) ) ;
#1466 = ORIENTED_EDGE ( 'NONE', *, *, #2795, .T. ) ;
#1467 = DIRECTION ( 'NONE',  ( 0.000000000000000000, 0.000000000000000000, 1.000000000000000000 ) ) ;
#1468 = ORIENTED_EDGE ( 'NONE', *, *, #1836, .F. ) ;
#1469 = DIRECTION ( 'NONE',  ( 0.000000000000000000, 1.000000000000000000, 0.000000000000000000 ) ) ;
#1470 = ORIENTED_EDGE ( 'NONE', *, *, #1602, .F. ) ;
#1471 = FACE_OUTER_BOUND ( 'NONE', #1716, .T. ) ;
#1472 = ORIENTED_EDGE ( 'NONE', *, *, #244, .F. ) ;
#1473 = EDGE_CURVE ( 'NONE', #3226, #628, #4615, .T. ) ;
#1474 = CYLINDRICAL_SURFACE ( 'NONE', #878, 1.250000000000001110 ) ;
#1475 = FACE_OUTER_BOUND ( 'NONE', #1182, .T. ) ;
#1476 = EDGE_LOOP ( 'NONE', ( #1013, #3455, #2313, #2573 ) ) ;
#1477 = ORIENTED_EDGE ( 'NONE', *, *, #2067, .T. ) ;
#1478 = DIRECTION ( 'NONE',  ( 0.000000000000000000, 1.000000000000000000, 0.000000000000000000 ) ) ;
#1479 = DIRECTION ( 'NONE',  ( 0.000000000000000000, 1.000000000000000000, 0.000000000000000000 ) ) ;
#1480 = ORIENTED_EDGE ( 'NONE', *, *, #226, .F. ) ;
#1481 = DIRECTION ( 'NONE',  ( 0.000000000000000000, 1.000000000000000000, 0.000000000000000000 ) ) ;
#1482 = ORIENTED_EDGE ( 'NONE', *, *, #2766, .T. ) ;
#1483 = LINE ( 'NONE', #88, #3424 ) ;
#1484 = ORIENTED_EDGE ( 'NONE', *, *, #14, .F. ) ;
#1485 = DIRECTION ( 'NONE',  ( 0.000000000000000000, 1.000000000000000000, 0.000000000000000000 ) ) ;
#1486 = EDGE_CURVE ( 'NONE', #4158, #2502, #1608, .T. ) ;
#1487 = EDGE_LOOP ( 'NONE', ( #817, #1698 ) ) ;
#1488 = CYLINDRICAL_SURFACE ( 'NONE', #2672, 1.500000000000001332 ) ;
#1489 = EDGE_LOOP ( 'NONE', ( #3919, #610, #3327, #634 ) ) ;
#1490 = DIRECTION ( 'NONE',  ( 0.000000000000000000, 1.000000000000000000, 0.000000000000000000 ) ) ;
#1491 = CYLINDRICAL_SURFACE ( 'NONE', #1035, 6.000000000000005329 ) ;
#1492 = DIRECTION ( 'NONE',  ( 0.000000000000000000, 1.000000000000000000, 0.000000000000000000 ) ) ;
#1493 = VECTOR ( 'NONE', #1073, 1000.000000000000000 ) ;
#1494 = CARTESIAN_POINT ( 'NONE',  ( -30.00000000000000000, 4.000000000000000000, -50.00000000000000000 ) ) ;
#1495 = AXIS2_PLACEMENT_3D ( 'NONE', #296, #3974, #1761 ) ;
#1496 = ORIENTED_EDGE ( 'NONE', *, *, #938, .F. ) ;
#1497 = EDGE_LOOP ( 'NONE', ( #2497, #594 ) ) ;
#1498 = AXIS2_PLACEMENT_3D ( 'NONE', #1064, #2085, #319 ) ;
#1499 = AXIS2_PLACEMENT_3D ( 'NONE', #563, #1962, #4171 ) ;
#1500 = CARTESIAN_POINT ( 'NONE',  ( -56.50000000000000000, 0.000000000000000000, -52.34314575050760254 ) ) ;
#1501 = DIRECTION ( 'NONE',  ( 1.000000000000000000, 0.000000000000000000, 2.871266442996095062E-16 ) ) ;
#1502 = ORIENTED_EDGE ( 'NONE', *, *, #1120, .T. ) ;
#1503 = VECTOR ( 'NONE', #4006, 1000.000000000000000 ) ;
#1504 = FACE_OUTER_BOUND ( 'NONE', #3680, .T. ) ;
#1505 = EDGE_CURVE ( 'NONE', #2822, #3342, #3557, .T. ) ;
#1506 = ADVANCED_FACE ( 'NONE', ( #1583 ), #3060, .F. ) ;
#1507 = CARTESIAN_POINT ( 'NONE',  ( -50.84314575050770202, 4.000000000000000000, 56.50000000000000000 ) ) ;
#1508 = EDGE_CURVE ( 'NONE', #1077, #3242, #274, .T. ) ;
#1509 = CIRCLE ( 'NONE', #4549, 1.500000000000001332 ) ;
#1510 = EDGE_CURVE ( 'NONE', #1524, #790, #3637, .T. ) ;
#1511 = VERTEX_POINT ( 'NONE', #2769 ) ;
#1512 = DIRECTION ( 'NONE',  ( 0.000000000000000000, 1.000000000000000000, 0.000000000000000000 ) ) ;
#1513 = AXIS2_PLACEMENT_3D ( 'NONE', #579, #1234, #2042 ) ;
#1514 = ORIENTED_EDGE ( 'NONE', *, *, #3595, .F. ) ;
#1515 = FACE_OUTER_BOUND ( 'NONE', #3235, .T. ) ;
#1516 = ORIENTED_EDGE ( 'NONE', *, *, #4294, .T. ) ;
#1517 = LINE ( 'NONE', #1938, #570 ) ;
#1518 = VECTOR ( 'NONE', #4605, 1000.000000000000000 ) ;
#1519 = CARTESIAN_POINT ( 'NONE',  ( -50.84314575050770202, 4.000000000000000000, 58.00000000000000000 ) ) ;
#1520 = LINE ( 'NONE', #3718, #2104 ) ;
#1521 = DIRECTION ( 'NONE',  ( 0.000000000000000000, 1.000000000000000000, 0.000000000000000000 ) ) ;
#1522 = VECTOR ( 'NONE', #4706, 1000.000000000000000 ) ;
#1523 = DIRECTION ( 'NONE',  ( 0.000000000000000000, 0.000000000000000000, 1.000000000000000000 ) ) ;
#1524 = VERTEX_POINT ( 'NONE', #4557 ) ;
#1525 = ORIENTED_EDGE ( 'NONE', *, *, #1065, .T. ) ;
#1526 = AXIS2_PLACEMENT_3D ( 'NONE', #1562, #3827, #4199 ) ;
#1527 = DIRECTION ( 'NONE',  ( 0.000000000000000000, 0.000000000000000000, 1.000000000000000000 ) ) ;
#1528 = DIRECTION ( 'NONE',  ( 0.000000000000000000, 1.000000000000000000, 0.000000000000000000 ) ) ;
#1529 = ORIENTED_EDGE ( 'NONE', *, *, #303, .F. ) ;
#1530 = CARTESIAN_POINT ( 'NONE',  ( -37.50000000000000000, 0.000000000000000000, 125.5000000000000000 ) ) ;
#1531 = CARTESIAN_POINT ( 'NONE',  ( -110.0000000000000000, 0.000000000000000000, 48.00000000000000000 ) ) ;
#1532 = AXIS2_PLACEMENT_3D ( 'NONE', #3393, #3441, #113 ) ;
#1533 = VERTEX_POINT ( 'NONE', #1293 ) ;
#1534 = CARTESIAN_POINT ( 'NONE',  ( -81.00000000000000000, 4.000000000000000000, -32.25000000000000000 ) ) ;
#1535 = EDGE_CURVE ( 'NONE', #4233, #1454, #1268, .T. ) ;
#1536 = ORIENTED_EDGE ( 'NONE', *, *, #433, .T. ) ;
#1537 = LINE ( 'NONE', #92, #4269 ) ;
#1538 = ORIENTED_EDGE ( 'NONE', *, *, #1053, .T. ) ;
#1539 = FACE_OUTER_BOUND ( 'NONE', #1841, .T. ) ;
#1540 = LINE ( 'NONE', #3061, #1282 ) ;
#1541 = LINE ( 'NONE', #4447, #4115 ) ;
#1542 = MANIFOLD_SOLID_BREP ( 'NONE', #4188 ) ;
#1543 = DIRECTION ( 'NONE',  ( 0.000000000000000000, 1.000000000000000000, 0.000000000000000000 ) ) ;
#1544 = ADVANCED_FACE ( 'NONE', ( #951 ), #3869, .F. ) ;
#1545 = EDGE_LOOP ( 'NONE', ( #1242, #1791, #580, #2558 ) ) ;
#1546 = ORIENTED_EDGE ( 'NONE', *, *, #3738, .F. ) ;
#1547 = DIRECTION ( 'NONE',  ( 0.000000000000000000, 1.000000000000000000, 0.000000000000000000 ) ) ;
#1548 = DIRECTION ( 'NONE',  ( 0.000000000000000000, 0.000000000000000000, 1.000000000000000000 ) ) ;
#1549 = ORIENTED_EDGE ( 'NONE', *, *, #2139, .T. ) ;
#1550 = EDGE_CURVE ( 'NONE', #418, #1335, #1652, .T. ) ;
#1551 = DIRECTION ( 'NONE',  ( 0.000000000000000000, 1.000000000000000000, 0.000000000000000000 ) ) ;
#1552 = DIRECTION ( 'NONE',  ( 0.000000000000000000, 0.000000000000000000, -1.000000000000000000 ) ) ;
#1553 = EDGE_CURVE ( 'NONE', #1454, #2285, #4132, .T. ) ;
#1554 = ORIENTED_EDGE ( 'NONE', *, *, #3899, .F. ) ;
#1555 = DIRECTION ( 'NONE',  ( 1.000000000000000000, 0.000000000000000000, 2.871266442996095062E-16 ) ) ;
#1556 = ORIENTED_EDGE ( 'NONE', *, *, #1009, .F. ) ;
#1557 = DIRECTION ( 'NONE',  ( 0.7071067811865435759, 0.000000000000000000, 0.7071067811865515695 ) ) ;
#1558 = VERTEX_POINT ( 'NONE', #163 ) ;
#1559 = DIRECTION ( 'NONE',  ( 0.000000000000000000, 1.000000000000000000, 0.000000000000000000 ) ) ;
#1560 = DIRECTION ( 'NONE',  ( 0.000000000000000000, 1.000000000000000000, 0.000000000000000000 ) ) ;
#1561 = EDGE_CURVE ( 'NONE', #3814, #4279, #2056, .T. ) ;
#1562 = CARTESIAN_POINT ( 'NONE',  ( -139.0000000000000000, 4.000000000000000000, 55.00000000000000000 ) ) ;
#1563 = CYLINDRICAL_SURFACE ( 'NONE', #2473, 1.500000000000001332 ) ;
#1564 = ADVANCED_FACE ( 'NONE', ( #117 ), #1269, .F. ) ;
#1565 = EDGE_LOOP ( 'NONE', ( #1974, #2347, #379, #3661 ) ) ;
#1566 = ORIENTED_EDGE ( 'NONE', *, *, #3833, .F. ) ;
#1567 = CIRCLE ( 'NONE', #562, 1.500000000000001332 ) ;
#1568 = AXIS2_PLACEMENT_3D ( 'NONE', #2751, #909, #2310 ) ;
#1569 = LOCAL_TIME ( 20, 30, 54.00000000000000000, #385 ) ;
#1570 = DIRECTION ( 'NONE',  ( 0.000000000000000000, 1.000000000000000000, 0.000000000000000000 ) ) ;
#1571 = DIRECTION ( 'NONE',  ( 0.000000000000000000, 0.000000000000000000, 1.000000000000000000 ) ) ;
#1572 = EDGE_LOOP ( 'NONE', ( #1332, #1619 ) ) ;
#1573 = FACE_BOUND ( 'NONE', #82, .T. ) ;
#1574 = VECTOR ( 'NONE', #3170, 1000.000000000000000 ) ;
#1575 = EDGE_CURVE ( 'NONE', #1934, #3710, #905, .T. ) ;
#1576 = EDGE_LOOP ( 'NONE', ( #4359, #4339, #4546, #1918 ) ) ;
#1577 = VECTOR ( 'NONE', #3138, 1000.000000000000000 ) ;
#1578 = CARTESIAN_POINT ( 'NONE',  ( -145.0000000000000000, 0.000000000000000000, 75.00000000000000000 ) ) ;
#1579 = ORIENTED_EDGE ( 'NONE', *, *, #4527, .F. ) ;
#1580 = FACE_OUTER_BOUND ( 'NONE', #2606, .T. ) ;
#1581 = CIRCLE ( 'NONE', #4240, 1.500000000000001332 ) ;
#1582 = EDGE_LOOP ( 'NONE', ( #3171, #2213 ) ) ;
#1583 = FACE_OUTER_BOUND ( 'NONE', #3657, .T. ) ;
#1584 = DIRECTION ( 'NONE',  ( 0.000000000000000000, 0.000000000000000000, 1.000000000000000000 ) ) ;
#1585 = CIRCLE ( 'NONE', #3414, 1.500000000000001332 ) ;
#1586 = DIRECTION ( 'NONE',  ( -1.000000000000000000, 0.000000000000000000, 0.000000000000000000 ) ) ;
#1587 = VECTOR ( 'NONE', #2920, 1000.000000000000000 ) ;
#1588 = CARTESIAN_POINT ( 'NONE',  ( -15.00000000000000000, -6.000000000000000000, 98.50000000000000000 ) ) ;
#1589 = VERTEX_POINT ( 'NONE', #2354 ) ;
#1590 = EDGE_CURVE ( 'NONE', #3324, #6, #957, .T. ) ;
#1591 = EDGE_LOOP ( 'NONE', ( #2690, #4624, #4260, #48 ) ) ;
#1592 = AXIS2_PLACEMENT_3D ( 'NONE', #2869, #4326, #1057 ) ;
#1593 = DIRECTION ( 'NONE',  ( 0.000000000000000000, 0.000000000000000000, -1.000000000000000000 ) ) ;
#1594 = APPLICATION_CONTEXT ( 'configuration controlled 3d designs of mechanical parts and assemblies' ) ;
#1595 = CARTESIAN_POINT ( 'NONE',  ( -133.0000000000000000, 0.000000000000000000, 15.00000000000000000 ) ) ;
#1596 = DIRECTION ( 'NONE',  ( 0.000000000000000000, 1.000000000000000000, 0.000000000000000000 ) ) ;
#1597 = ORIENTED_EDGE ( 'NONE', *, *, #3350, .T. ) ;
#1598 = FACE_BOUND ( 'NONE', #2541, .T. ) ;
#1599 = ORIENTED_EDGE ( 'NONE', *, *, #4478, .T. ) ;
#1600 = DIRECTION ( 'NONE',  ( 0.000000000000000000, 0.000000000000000000, 1.000000000000000000 ) ) ;
#1601 = CIRCLE ( 'NONE', #4265, 1.500000000000001332 ) ;
#1602 = EDGE_CURVE ( 'NONE', #3440, #2983, #3777, .T. ) ;
#1603 = EDGE_CURVE ( 'NONE', #608, #509, #623, .T. ) ;
#1604 = CARTESIAN_POINT ( 'NONE',  ( -73.50000000000000000, 4.000000000000000000, -39.75000000000000000 ) ) ;
#1605 = VERTEX_POINT ( 'NONE', #3965 ) ;
#1606 = CARTESIAN_POINT ( 'NONE',  ( -30.00000000000000000, -6.000000000000000000, -60.00000000000000000 ) ) ;
#1607 = VECTOR ( 'NONE', #3486, 1000.000000000000000 ) ;
#1608 = LINE ( 'NONE', #2699, #813 ) ;
#1609 = LINE ( 'NONE', #3716, #3872 ) ;
#1610 = CARTESIAN_POINT ( 'NONE',  ( -73.50000000000000000, 4.000000000000000000, -41.00000000000000000 ) ) ;
#1611 = CYLINDRICAL_SURFACE ( 'NONE', #3708, 1.500000000000001332 ) ;
#1612 = EDGE_CURVE ( 'NONE', #1981, #1558, #2012, .T. ) ;
#1613 = VERTEX_POINT ( 'NONE', #3176 ) ;
#1614 = VERTEX_POINT ( 'NONE', #2843 ) ;
#1615 = DIRECTION ( 'NONE',  ( -1.000000000000000000, 0.000000000000000000, 0.000000000000000000 ) ) ;
#1616 = DIRECTION ( 'NONE',  ( 0.000000000000000000, 0.000000000000000000, -1.000000000000000000 ) ) ;
#1617 = ORIENTED_EDGE ( 'NONE', *, *, #1061, .T. ) ;
#1618 = FACE_OUTER_BOUND ( 'NONE', #3702, .T. ) ;
#1619 = ORIENTED_EDGE ( 'NONE', *, *, #2547, .T. ) ;
#1620 = CARTESIAN_POINT ( 'NONE',  ( -80.00000000000000000, 0.000000000000000000, 48.00000000000000000 ) ) ;
#1621 = FACE_BOUND ( 'NONE', #1379, .T. ) ;
#1622 = EDGE_LOOP ( 'NONE', ( #2888, #3275, #1368, #1239 ) ) ;
#1623 = DIRECTION ( 'NONE',  ( 0.000000000000000000, 1.000000000000000000, 0.000000000000000000 ) ) ;
#1624 = EDGE_CURVE ( 'NONE', #2623, #2794, #4278, .T. ) ;
#1625 = DIRECTION ( 'NONE',  ( 0.000000000000000000, 1.000000000000000000, 0.000000000000000000 ) ) ;
#1626 = DIRECTION ( 'NONE',  ( 0.000000000000000000, 1.000000000000000000, 0.000000000000000000 ) ) ;
#1627 = CYLINDRICAL_SURFACE ( 'NONE', #4180, 1.500000000000001332 ) ;
#1628 = EDGE_CURVE ( 'NONE', #4069, #4207, #3464, .T. ) ;
#1629 = CARTESIAN_POINT ( 'NONE',  ( -56.50000000000000000, 0.000000000000000000, -50.84314575050760254 ) ) ;
#1630 = ORIENTED_EDGE ( 'NONE', *, *, #3321, .F. ) ;
#1631 = VERTEX_POINT ( 'NONE', #1367 ) ;
#1632 = CARTESIAN_POINT ( 'NONE',  ( -122.5000000000000000, 0.000000000000000000, -39.75000000000000000 ) ) ;
#1633 = ORIENTED_EDGE ( 'NONE', *, *, #558, .T. ) ;
#1634 = CARTESIAN_POINT ( 'NONE',  ( -36.00000000000000000, 0.000000000000000000, 69.50000000000000000 ) ) ;
#1635 = AXIS2_PLACEMENT_3D ( 'NONE', #3588, #2821, #1336 ) ;
#1636 = VERTEX_POINT ( 'NONE', #3514 ) ;
#1637 = DIRECTION ( 'NONE',  ( 0.000000000000000000, 1.000000000000000000, 0.000000000000000000 ) ) ;
#1638 = VECTOR ( 'NONE', #1457, 1000.000000000000000 ) ;
#1639 = VERTEX_POINT ( 'NONE', #1004 ) ;
#1640 = DIRECTION ( 'NONE',  ( 0.000000000000000000, 0.000000000000000000, -1.000000000000000000 ) ) ;
#1641 = VECTOR ( 'NONE', #136, 1000.000000000000000 ) ;
#1642 = EDGE_CURVE ( 'NONE', #1117, #2474, #492, .T. ) ;
#1643 = EDGE_CURVE ( 'NONE', #3559, #2959, #4222, .T. ) ;
#1644 = ORGANIZATION ( 'æœª', 'æœª', '' ) ;
#1645 = EDGE_CURVE ( 'NONE', #3453, #2181, #3225, .T. ) ;
#1646 = CARTESIAN_POINT ( 'NONE',  ( -15.00000000000000000, -6.000000000000000000, -50.00000000000000000 ) ) ;
#1647 = EDGE_LOOP ( 'NONE', ( #498, #3916 ) ) ;
#1648 = CARTESIAN_POINT ( 'NONE',  ( -58.00000000000000000, 4.000000000000000000, 20.00000000000000000 ) ) ;
#1649 = EDGE_CURVE ( 'NONE', #777, #3044, #3259, .T. ) ;
#1650 = VECTOR ( 'NONE', #889, 1000.000000000000000 ) ;
#1651 = VECTOR ( 'NONE', #2307, 1000.000000000000000 ) ;
#1652 = LINE ( 'NONE', #2403, #1879 ) ;
#1653 = CYLINDRICAL_SURFACE ( 'NONE', #2804, 1.500000000000001332 ) ;
#1654 = AXIS2_PLACEMENT_3D ( 'NONE', #125, #3134, #4501 ) ;
#1655 = CYLINDRICAL_SURFACE ( 'NONE', #2735, 1.250000000000001110 ) ;
#1656 = DIRECTION ( 'NONE',  ( 0.000000000000000000, 0.000000000000000000, 1.000000000000000000 ) ) ;
#1657 = CIRCLE ( 'NONE', #3487, 1.500000000000001332 ) ;
#1658 = VERTEX_POINT ( 'NONE', #1724 ) ;
#1659 = ORIENTED_EDGE ( 'NONE', *, *, #174, .F. ) ;
#1660 = CARTESIAN_POINT ( 'NONE',  ( -145.0000000000000000, 4.000000000000000000, 0.000000000000000000 ) ) ;
#1661 = VECTOR ( 'NONE', #673, 1000.000000000000000 ) ;
#1662 = VERTEX_POINT ( 'NONE', #1411 ) ;
#1663 = CARTESIAN_POINT ( 'NONE',  ( -30.00000000000000000, 4.000000000000000000, 48.50000000000000000 ) ) ;
#1664 = AXIS2_PLACEMENT_3D ( 'NONE', #3685, #2304, #1864 ) ;
#1665 = VERTEX_POINT ( 'NONE', #2147 ) ;
#1666 = CARTESIAN_POINT ( 'NONE',  ( -30.00000000000000000, 0.000000000000000000, -60.00000000000000000 ) ) ;
#1667 = ORIENTED_EDGE ( 'NONE', *, *, #2678, .T. ) ;
#1668 = CARTESIAN_POINT ( 'NONE',  ( -15.00000000000000000, 0.000000000000000000, 48.50000000000000000 ) ) ;
#1669 = LINE ( 'NONE', #281, #2517 ) ;
#1670 = FACE_OUTER_BOUND ( 'NONE', #3499, .T. ) ;
#1671 = EDGE_LOOP ( 'NONE', ( #1734, #619 ) ) ;
#1672 = CYLINDRICAL_SURFACE ( 'NONE', #3506, 1.500000000000001332 ) ;
#1673 = AXIS2_PLACEMENT_3D ( 'NONE', #2206, #1205, #4065 ) ;
#1675 = EDGE_CURVE ( 'NONE', #81, #2532, #1699, .T. ) ;
#1674 = CARTESIAN_POINT ( 'NONE',  ( -15.00000000000000000, 0.000000000000000000, 51.50000000000000000 ) ) ;
#1676 = VERTEX_POINT ( 'NONE', #1790 ) ;
#1677 = DIRECTION ( 'NONE',  ( 0.000000000000000000, 1.000000000000000000, 0.000000000000000000 ) ) ;
#1678 = CIRCLE ( 'NONE', #2819, 1.500000000000001332 ) ;
#1679 = DIRECTION ( 'NONE',  ( 0.000000000000000000, 0.000000000000000000, 1.000000000000000000 ) ) ;
#1680 = LINE ( 'NONE', #3153, #4310 ) ;
#1681 = CIRCLE ( 'NONE', #3290, 1.500000000000001332 ) ;
#1682 = EDGE_LOOP ( 'NONE', ( #668, #3749, #476, #1597 ) ) ;
#1683 = VERTEX_POINT ( 'NONE', #3611 ) ;
#1684 = CARTESIAN_POINT ( 'NONE',  ( -20.00000000000000000, -6.000000000000000000, 54.00000000000000000 ) ) ;
#1685 = ORIENTED_EDGE ( 'NONE', *, *, #35, .T. ) ;
#1686 = DIRECTION ( 'NONE',  ( 0.000000000000000000, 0.000000000000000000, 1.000000000000000000 ) ) ;
#1687 = EDGE_CURVE ( 'NONE', #3468, #3844, #574, .T. ) ;
#1688 = ORIENTED_EDGE ( 'NONE', *, *, #856, .T. ) ;
#1689 = CARTESIAN_POINT ( 'NONE',  ( -56.50000000000000000, 0.000000000000000000, -52.34314575050760254 ) ) ;
#1690 = EDGE_CURVE ( 'NONE', #2050, #4158, #3159, .T. ) ;
#1691 = EDGE_LOOP ( 'NONE', ( #2462, #1023 ) ) ;
#1692 = FACE_OUTER_BOUND ( 'NONE', #2068, .T. ) ;
#1693 = DIRECTION ( 'NONE',  ( 0.000000000000000000, 1.000000000000000000, 0.000000000000000000 ) ) ;
#1694 = EDGE_CURVE ( 'NONE', #6, #2637, #2866, .T. ) ;
#1695 = FACE_BOUND ( 'NONE', #1691, .T. ) ;
#1696 = VERTEX_POINT ( 'NONE', #2893 ) ;
#1697 = DIRECTION ( 'NONE',  ( -1.000000000000000000, 0.000000000000000000, 0.000000000000000000 ) ) ;
#1698 = ORIENTED_EDGE ( 'NONE', *, *, #3752, .T. ) ;
#1699 = LINE ( 'NONE', #2100, #2629 ) ;
#1700 = EDGE_LOOP ( 'NONE', ( #2074, #3533 ) ) ;
#1701 = DIRECTION ( 'NONE',  ( 0.000000000000000000, 1.000000000000000000, 0.000000000000000000 ) ) ;
#1702 = LINE ( 'NONE', #4220, #2587 ) ;
#1703 = DIRECTION ( 'NONE',  ( 0.000000000000000000, 1.000000000000000000, 0.000000000000000000 ) ) ;
#1704 = EDGE_CURVE ( 'NONE', #628, #4057, #4299, .T. ) ;
#1705 = EDGE_CURVE ( 'NONE', #4523, #4398, #3944, .T. ) ;
#1706 = ORIENTED_EDGE ( 'NONE', *, *, #607, .T. ) ;
#1707 = DESIGN_CONTEXT ( 'detailed design', #1594, 'design' ) ;
#1708 = VERTEX_POINT ( 'NONE', #2528 ) ;
#1709 = DIRECTION ( 'NONE',  ( 0.000000000000000000, 1.000000000000000000, 0.000000000000000000 ) ) ;
#1710 = EDGE_LOOP ( 'NONE', ( #4383, #3183 ) ) ;
#1711 = DIRECTION ( 'NONE',  ( 0.000000000000000000, 0.000000000000000000, 1.000000000000000000 ) ) ;
#1712 = ORIENTED_EDGE ( 'NONE', *, *, #3744, .F. ) ;
#1713 = CARTESIAN_POINT ( 'NONE',  ( -29.00000000000000000, 4.000000000000000000, -72.00000000000000000 ) ) ;
#1714 = CARTESIAN_POINT ( 'NONE',  ( -30.00000000000000000, 4.000000000000000000, 98.50000000000000000 ) ) ;
#1715 = DIRECTION ( 'NONE',  ( 0.000000000000000000, 1.000000000000000000, 0.000000000000000000 ) ) ;
#1716 = EDGE_LOOP ( 'NONE', ( #239, #2742, #1856, #2963 ) ) ;
#1717 = FACE_BOUND ( 'NONE', #2344, .T. ) ;
#1718 = VECTOR ( 'NONE', #4349, 1000.000000000000000 ) ;
#1719 = ORIENTED_EDGE ( 'NONE', *, *, #4512, .T. ) ;
#1720 = EDGE_CURVE ( 'NONE', #2650, #237, #3987, .T. ) ;
#1721 = LINE ( 'NONE', #3172, #1971 ) ;
#1722 = VERTEX_POINT ( 'NONE', #3536 ) ;
#1723 = PERSON_AND_ORGANIZATION ( #2321, #1644 ) ;
#1724 = CARTESIAN_POINT ( 'NONE',  ( -136.0000000000000000, 4.000000000000000000, 69.50000000000000000 ) ) ;
#1725 = ORIENTED_EDGE ( 'NONE', *, *, #1161, .F. ) ;
#1726 = CIRCLE ( 'NONE', #4153, 23.49999999999999289 ) ;
#1727 = CARTESIAN_POINT ( 'NONE',  ( -133.0000000000000000, 4.000000000000000000, -15.00000000000000000 ) ) ;
#1728 = AXIS2_PLACEMENT_3D ( 'NONE', #3986, #1079, #3204 ) ;
#1729 = DIRECTION ( 'NONE',  ( 0.000000000000000000, 1.000000000000000000, 0.000000000000000000 ) ) ;
#1730 = VECTOR ( 'NONE', #678, 1000.000000000000000 ) ;
#1731 = DIRECTION ( 'NONE',  ( 0.000000000000000000, 0.000000000000000000, 1.000000000000000000 ) ) ;
#1732 = AXIS2_PLACEMENT_3D ( 'NONE', #4673, #1787, #380 ) ;
#1733 = ORIENTED_EDGE ( 'NONE', *, *, #4371, .F. ) ;
#1734 = ORIENTED_EDGE ( 'NONE', *, *, #253, .F. ) ;
#1735 = CARTESIAN_POINT ( 'NONE',  ( -73.50000000000000000, 4.000000000000000000, -42.25000000000000000 ) ) ;
#1736 = ORIENTED_EDGE ( 'NONE', *, *, #2335, .T. ) ;
#1737 = DIRECTION ( 'NONE',  ( 0.000000000000000000, 1.000000000000000000, 0.000000000000000000 ) ) ;
#1738 = DIRECTION ( 'NONE',  ( 0.000000000000000000, 1.000000000000000000, 0.000000000000000000 ) ) ;
#1739 = EDGE_CURVE ( 'NONE', #916, #4016, #4380, .T. ) ;
#1740 = ORIENTED_EDGE ( 'NONE', *, *, #1939, .F. ) ;
#1741 = DIRECTION ( 'NONE',  ( 0.000000000000000000, 1.000000000000000000, 0.000000000000000000 ) ) ;
#1742 = FACE_OUTER_BOUND ( 'NONE', #2890, .T. ) ;
#1743 = ORIENTED_EDGE ( 'NONE', *, *, #4202, .F. ) ;
#1744 = LINE ( 'NONE', #2548, #1503 ) ;
#1745 = ORIENTED_EDGE ( 'NONE', *, *, #3943, .F. ) ;
#1746 = CARTESIAN_POINT ( 'NONE',  ( -81.00000000000000000, 0.000000000000000000, -32.25000000000000000 ) ) ;
#1747 = DIRECTION ( 'NONE',  ( 0.000000000000000000, 1.000000000000000000, 0.000000000000000000 ) ) ;
#1748 = VERTEX_POINT ( 'NONE', #2165 ) ;
#1749 = DIRECTION ( 'NONE',  ( 0.000000000000000000, 0.000000000000000000, -1.000000000000000000 ) ) ;
#1750 = AXIS2_PLACEMENT_3D ( 'NONE', #1531, #764, #2961 ) ;
#1751 = EDGE_CURVE ( 'NONE', #4350, #3305, #1881, .T. ) ;
#1752 = LINE ( 'NONE', #2871, #1835 ) ;
#1753 = AXIS2_PLACEMENT_3D ( 'NONE', #415, #1521, #3398 ) ;
#1754 = FACE_OUTER_BOUND ( 'NONE', #2930, .T. ) ;
#1755 = AXIS2_PLACEMENT_3D ( 'NONE', #1777, #4354, #1087 ) ;
#1756 = ADVANCED_FACE ( 'NONE', ( #2906 ), #1805, .F. ) ;
#1757 = VERTEX_POINT ( 'NONE', #1114 ) ;
#1758 = DIRECTION ( 'NONE',  ( 0.000000000000000000, 1.000000000000000000, 0.000000000000000000 ) ) ;
#1759 = AXIS2_PLACEMENT_3D ( 'NONE', #236, #2506, #3915 ) ;
#1760 = AXIS2_PLACEMENT_3D ( 'NONE', #2449, #3936, #2094 ) ;
#1761 = DIRECTION ( 'NONE',  ( 0.000000000000000000, 0.000000000000000000, 1.000000000000000000 ) ) ;
#1762 = EDGE_CURVE ( 'NONE', #3044, #777, #3395, .T. ) ;
#1763 = DIRECTION ( 'NONE',  ( 0.000000000000000000, 1.000000000000000000, 0.000000000000000000 ) ) ;
#1764 = EDGE_LOOP ( 'NONE', ( #1261, #2083, #446, #1327 ) ) ;
#1765 = CYLINDRICAL_SURFACE ( 'NONE', #1810, 1.500000000000001332 ) ;
#1766 = DIRECTION ( 'NONE',  ( 0.000000000000000000, 1.000000000000000000, 0.000000000000000000 ) ) ;
#1767 = CARTESIAN_POINT ( 'NONE',  ( -80.00000000000000000, 0.000000000000000000, -46.50000000000000000 ) ) ;
#1768 = DIRECTION ( 'NONE',  ( 0.000000000000000000, 1.000000000000000000, 0.000000000000000000 ) ) ;
#1769 = ORIENTED_EDGE ( 'NONE', *, *, #3694, .T. ) ;
#1770 = PLANE ( 'NONE',  #145 ) ;
#1771 = CARTESIAN_POINT ( 'NONE',  ( 0.000000000000000000, 0.000000000000000000, 0.000000000000000000 ) ) ;
#1772 = DIRECTION ( 'NONE',  ( 0.000000000000000000, 1.000000000000000000, 0.000000000000000000 ) ) ;
#1773 = EDGE_LOOP ( 'NONE', ( #3792, #3695, #913, #3268 ) ) ;
#1774 = CARTESIAN_POINT ( 'NONE',  ( -133.0000000000000000, 0.000000000000000000, 15.00000000000000000 ) ) ;
#1775 = CARTESIAN_POINT ( 'NONE',  ( -29.00000000000000000, 0.000000000000000000, -122.0000000000000000 ) ) ;
#1776 = EDGE_CURVE ( 'NONE', #1978, #1722, #1090, .T. ) ;
#1777 = CARTESIAN_POINT ( 'NONE',  ( -37.50000000000000000, 0.000000000000000000, 127.0000000000000000 ) ) ;
#1778 = ORIENTED_EDGE ( 'NONE', *, *, #482, .T. ) ;
#1779 = FACE_OUTER_BOUND ( 'NONE', #3296, .T. ) ;
#1780 = EDGE_CURVE ( 'NONE', #4057, #1408, #4306, .T. ) ;
#1781 = CARTESIAN_POINT ( 'NONE',  ( -65.00000000000000000, 0.000000000000000000, 20.00000000000000000 ) ) ;
#1782 = CARTESIAN_POINT ( 'NONE',  ( -30.00000000000000000, 0.000000000000000000, -128.5000000000000000 ) ) ;
#1783 = ORIENTED_EDGE ( 'NONE', *, *, #252, .F. ) ;
#1784 = DIRECTION ( 'NONE',  ( 0.000000000000000000, 1.000000000000000000, 0.000000000000000000 ) ) ;
#1785 = CARTESIAN_POINT ( 'NONE',  ( -110.0000000000000000, 4.000000000000000000, 73.50000000000000000 ) ) ;
#1786 = EDGE_LOOP ( 'NONE', ( #2096, #2877, #2044, #2242 ) ) ;
#1787 = DIRECTION ( 'NONE',  ( 0.000000000000000000, 1.000000000000000000, 0.000000000000000000 ) ) ;
#1788 = VERTEX_POINT ( 'NONE', #2112 ) ;
#1789 = CARTESIAN_POINT ( 'NONE',  ( 0.000000000000000000, 4.000000000000000000, 81.00000000000000000 ) ) ;
#1790 = CARTESIAN_POINT ( 'NONE',  ( 0.000000000000000000, 0.000000000000000000, 135.0000000000000000 ) ) ;
#1791 = ORIENTED_EDGE ( 'NONE', *, *, #2622, .T. ) ;
#1792 = EDGE_CURVE ( 'NONE', #1639, #3020, #178, .T. ) ;
#1793 = DIRECTION ( 'NONE',  ( 0.000000000000000000, 0.000000000000000000, 1.000000000000000000 ) ) ;
#1794 = EDGE_CURVE ( 'NONE', #777, #2789, #372, .T. ) ;
#1795 = VECTOR ( 'NONE', #691, 1000.000000000000000 ) ;
#1796 = AXIS2_PLACEMENT_3D ( 'NONE', #3097, #4524, #3142 ) ;
#1797 = CARTESIAN_POINT ( 'NONE',  ( -110.0000000000000000, 4.000000000000000000, 70.50000000000000000 ) ) ;
#1798 = ADVANCED_FACE ( 'NONE', ( #4336 ), #12, .F. ) ;
#1799 = VECTOR ( 'NONE', #3333, 1000.000000000000000 ) ;
#1800 = AXIS2_PLACEMENT_3D ( 'NONE', #2123, #312, #1465 ) ;
#1801 = DIRECTION ( 'NONE',  ( 0.000000000000000000, 1.000000000000000000, 0.000000000000000000 ) ) ;
#1802 = EDGE_LOOP ( 'NONE', ( #2584, #2418 ) ) ;
#1803 = CIRCLE ( 'NONE', #3167, 1.250000000000001110 ) ;
#1804 = CARTESIAN_POINT ( 'NONE',  ( -30.00000000000000000, 0.000000000000000000, 85.00000000000000000 ) ) ;
#1805 = CYLINDRICAL_SURFACE ( 'NONE', #946, 1.500000000000001332 ) ;
#1806 = CIRCLE ( 'NONE', #2254, 1.500000000000001332 ) ;
#1807 = DIRECTION ( 'NONE',  ( 0.000000000000000000, 1.000000000000000000, 0.000000000000000000 ) ) ;
#1808 = ORIENTED_EDGE ( 'NONE', *, *, #2334, .T. ) ;
#1809 = ORIENTED_EDGE ( 'NONE', *, *, #530, .T. ) ;
#1810 = AXIS2_PLACEMENT_3D ( 'NONE', #3217, #4670, #4315 ) ;
#1811 = LINE ( 'NONE', #2092, #4622 ) ;
#1812 = AXIS2_PLACEMENT_3D ( 'NONE', #966, #2136, #2416 ) ;
#1813 = DIRECTION ( 'NONE',  ( 0.000000000000000000, 1.000000000000000000, 0.000000000000000000 ) ) ;
#1814 = EDGE_LOOP ( 'NONE', ( #942, #2001, #3055, #3829 ) ) ;
#1815 = DIRECTION ( 'NONE',  ( 1.000000000000000000, 0.000000000000000000, -9.570888143320319339E-17 ) ) ;
#1816 = EDGE_LOOP ( 'NONE', ( #3840, #3051 ) ) ;
#1817 = DIRECTION ( 'NONE',  ( 0.000000000000000000, 0.000000000000000000, 1.000000000000000000 ) ) ;
#1818 = CARTESIAN_POINT ( 'NONE',  ( -80.00000000000000000, 0.000000000000000000, -48.00000000000000000 ) ) ;
#1819 = ORIENTED_EDGE ( 'NONE', *, *, #2269, .F. ) ;
#1820 = ADVANCED_FACE ( 'NONE', ( #1475 ), #3188, .F. ) ;
#1821 = CARTESIAN_POINT ( 'NONE',  ( -110.0000000000000000, 0.000000000000000000, -48.00000000000000000 ) ) ;
#1822 = AXIS2_PLACEMENT_3D ( 'NONE', #693, #333, #1793 ) ;
#1823 = ORIENTED_EDGE ( 'NONE', *, *, #14, .T. ) ;
#1824 = DIRECTION ( 'NONE',  ( 0.000000000000000000, 1.000000000000000000, 0.000000000000000000 ) ) ;
#1825 = ORIENTED_EDGE ( 'NONE', *, *, #3789, .F. ) ;
#1826 = CIRCLE ( 'NONE', #2200, 4.000000000000000000 ) ;
#1827 = CARTESIAN_POINT ( 'NONE',  ( -80.00000000000000000, 0.000000000000000000, -46.50000000000000000 ) ) ;
#1828 = ORIENTED_EDGE ( 'NONE', *, *, #2520, .F. ) ;
#1829 = AXIS2_PLACEMENT_3D ( 'NONE', #31, #1492, #2589 ) ;
#1830 = DIRECTION ( 'NONE',  ( 0.000000000000000000, 1.000000000000000000, 0.000000000000000000 ) ) ;
#1831 = CARTESIAN_POINT ( 'NONE',  ( -56.50000000000000000, 0.000000000000000000, 52.34314575050760254 ) ) ;
#1832 = ORIENTED_EDGE ( 'NONE', *, *, #2450, .T. ) ;
#1833 = ORIENTED_EDGE ( 'NONE', *, *, #189, .T. ) ;
#1834 = AXIS2_PLACEMENT_3D ( 'NONE', #4556, #3459, #541 ) ;
#1835 = VECTOR ( 'NONE', #2511, 1000.000000000000000 ) ;
#1836 = EDGE_CURVE ( 'NONE', #1884, #3355, #2172, .T. ) ;
#1837 = DIRECTION ( 'NONE',  ( 0.000000000000000000, 1.000000000000000000, 0.000000000000000000 ) ) ;
#1838 = LINE ( 'NONE', #3679, #36 ) ;
#1839 = ORIENTED_EDGE ( 'NONE', *, *, #3152, .F. ) ;
#1840 = DIRECTION ( 'NONE',  ( 0.000000000000000000, 1.000000000000000000, 0.000000000000000000 ) ) ;
#1841 = EDGE_LOOP ( 'NONE', ( #1018, #170, #328, #2176 ) ) ;
#1842 = CARTESIAN_POINT ( 'NONE',  ( -15.00000000000000000, -6.000000000000000000, -60.00000000000000000 ) ) ;
#1843 = EDGE_LOOP ( 'NONE', ( #3651, #857 ) ) ;
#1844 = DIRECTION ( 'NONE',  ( 0.000000000000000000, 0.000000000000000000, 1.000000000000000000 ) ) ;
#1845 = ORIENTED_EDGE ( 'NONE', *, *, #96, .F. ) ;
#1846 = DIRECTION ( 'NONE',  ( 0.000000000000000000, 0.000000000000000000, 1.000000000000000000 ) ) ;
#1847 = VERTEX_POINT ( 'NONE', #1450 ) ;
#1848 = DIRECTION ( 'NONE',  ( 0.000000000000000000, 0.000000000000000000, 1.000000000000000000 ) ) ;
#1849 = CYLINDRICAL_SURFACE ( 'NONE', #3252, 1.500000000000001332 ) ;
#1850 = CARTESIAN_POINT ( 'NONE',  ( -30.00000000000000000, -6.000000000000000000, 98.50000000000000000 ) ) ;
#1851 = LINE ( 'NONE', #1873, #953 ) ;
#1852 = EDGE_CURVE ( 'NONE', #4678, #3710, #183, .T. ) ;
#1853 = EDGE_CURVE ( 'NONE', #2137, #3814, #3547, .T. ) ;
#1854 = ORIENTED_EDGE ( 'NONE', *, *, #3350, .F. ) ;
#1855 = EDGE_CURVE ( 'NONE', #424, #3523, #1726, .T. ) ;
#1856 = ORIENTED_EDGE ( 'NONE', *, *, #1330, .T. ) ;
#1857 = EDGE_CURVE ( 'NONE', #4474, #3674, #1115, .T. ) ;
#1858 = CARTESIAN_POINT ( 'NONE',  ( -81.00000000000000000, 0.000000000000000000, 55.00000000000000000 ) ) ;
#1859 = DIRECTION ( 'NONE',  ( 0.000000000000000000, 0.000000000000000000, 1.000000000000000000 ) ) ;
#1860 = EDGE_LOOP ( 'NONE', ( #847, #3030, #3631, #1124 ) ) ;
#1861 = FACE_BOUND ( 'NONE', #4276, .T. ) ;
#1862 = DIRECTION ( 'NONE',  ( 0.000000000000000000, 0.000000000000000000, 1.000000000000000000 ) ) ;
#1863 = ORIENTED_EDGE ( 'NONE', *, *, #1561, .T. ) ;
#1864 = DIRECTION ( 'NONE',  ( 0.000000000000000000, 0.000000000000000000, 1.000000000000000000 ) ) ;
#1865 = ORIENTED_EDGE ( 'NONE', *, *, #3638, .T. ) ;
#1866 = DIRECTION ( 'NONE',  ( 0.000000000000000000, 0.000000000000000000, 1.000000000000000000 ) ) ;
#1867 = ORIENTED_EDGE ( 'NONE', *, *, #1690, .T. ) ;
#1868 = CARTESIAN_POINT ( 'NONE',  ( -57.50000000000000000, 4.000000000000000000, -81.00000000000000000 ) ) ;
#1869 = DIRECTION ( 'NONE',  ( 0.000000000000000000, 0.000000000000000000, 1.000000000000000000 ) ) ;
#1870 = CARTESIAN_POINT ( 'NONE',  ( -80.00000000000000000, 4.000000000000000000, 70.50000000000000000 ) ) ;
#1871 = VECTOR ( 'NONE', #2272, 1000.000000000000000 ) ;
#1872 = CIRCLE ( 'NONE', #4536, 1.500000000000001332 ) ;
#1873 = CARTESIAN_POINT ( 'NONE',  ( -29.00000000000000000, 0.000000000000000000, -73.50000000000000000 ) ) ;
#1874 = AXIS2_PLACEMENT_3D ( 'NONE', #2491, #1709, #4612 ) ;
#1875 = CIRCLE ( 'NONE', #2316, 1.500000000000001332 ) ;
#1876 = ORIENTED_EDGE ( 'NONE', *, *, #413, .T. ) ;
#1877 = ORIENTED_EDGE ( 'NONE', *, *, #4097, .F. ) ;
#1878 = CIRCLE ( 'NONE', #4620, 1.500000000000001332 ) ;
#1879 = VECTOR ( 'NONE', #595, 1000.000000000000000 ) ;
#1880 = EDGE_CURVE ( 'NONE', #1363, #1118, #2464, .T. ) ;
#1881 = LINE ( 'NONE', #64, #4001 ) ;
#1882 = DIRECTION ( 'NONE',  ( 0.000000000000000000, 1.000000000000000000, 0.000000000000000000 ) ) ;
#1883 = CYLINDRICAL_SURFACE ( 'NONE', #185, 1.500000000000001332 ) ;
#1884 = VERTEX_POINT ( 'NONE', #656 ) ;
#1885 = AXIS2_PLACEMENT_3D ( 'NONE', #2981, #468, #84 ) ;
#1886 = DIRECTION ( 'NONE',  ( 0.000000000000000000, 0.000000000000000000, 1.000000000000000000 ) ) ;
#1887 = CARTESIAN_POINT ( 'NONE',  ( -81.00000000000000000, 4.000000000000000000, 53.75000000000000000 ) ) ;
#1888 = AXIS2_PLACEMENT_3D ( 'NONE', #2836, #4291, #684 ) ;
#1889 = ORIENTED_EDGE ( 'NONE', *, *, #1083, .T. ) ;
#1890 = DIRECTION ( 'NONE',  ( 0.000000000000000000, 0.000000000000000000, 1.000000000000000000 ) ) ;
#1891 = AXIS2_PLACEMENT_3D ( 'NONE', #4547, #849, #2686 ) ;
#1892 = ORIENTED_EDGE ( 'NONE', *, *, #3070, .T. ) ;
#1893 = DIRECTION ( 'NONE',  ( 0.000000000000000000, 1.000000000000000000, 0.000000000000000000 ) ) ;
#1894 = ORIENTED_EDGE ( 'NONE', *, *, #4418, .T. ) ;
#1895 = EDGE_CURVE ( 'NONE', #1662, #4686, #1185, .T. ) ;
#1896 = CARTESIAN_POINT ( 'NONE',  ( -81.00000000000000000, 4.000000000000000000, -29.75000000000000000 ) ) ;
#1897 = AXIS2_PLACEMENT_3D ( 'NONE', #981, #1701, #1294 ) ;
#1898 = DIRECTION ( 'NONE',  ( 0.000000000000000000, 0.000000000000000000, 1.000000000000000000 ) ) ;
#1899 = CARTESIAN_POINT ( 'NONE',  ( -30.00000000000000000, 4.000000000000000000, 116.5000000000000000 ) ) ;
#1900 = PLANE ( 'NONE',  #904 ) ;
#1901 = FACE_OUTER_BOUND ( 'NONE', #720, .T. ) ;
#1902 = EDGE_CURVE ( 'NONE', #4640, #2109, #2494, .T. ) ;
#1903 = PRODUCT_DEFINITION ( 'æœ', '', #810, #1707 ) ;
#1904 = ORIENTED_EDGE ( 'NONE', *, *, #4337, .F. ) ;
#1905 = ORIENTED_EDGE ( 'NONE', *, *, #1155, .F. ) ;
#1906 = EDGE_CURVE ( 'NONE', #1276, #2479, #320, .T. ) ;
#1907 = AXIS2_PLACEMENT_3D ( 'NONE', #293, #2827, #4709 ) ;
#1908 = FACE_OUTER_BOUND ( 'NONE', #1290, .T. ) ;
#1909 = CARTESIAN_POINT ( 'NONE',  ( -80.00000000000000000, 4.000000000000000000, 48.00000000000000000 ) ) ;
#1910 = EDGE_LOOP ( 'NONE', ( #869, #2173, #3832, #4705 ) ) ;
#1911 = FACE_BOUND ( 'NONE', #2582, .T. ) ;
#1912 = DIRECTION ( 'NONE',  ( 0.000000000000000000, 0.000000000000000000, -1.000000000000000000 ) ) ;
#1913 = AXIS2_PLACEMENT_3D ( 'NONE', #2483, #4661, #3640 ) ;
#1914 = EDGE_CURVE ( 'NONE', #466, #978, #3552, .T. ) ;
#1915 = ORIENTED_EDGE ( 'NONE', *, *, #4243, .F. ) ;
#1916 = ADVANCED_FACE ( 'NONE', ( #3692 ), #1563, .F. ) ;
#1917 = DIRECTION ( 'NONE',  ( 0.000000000000000000, 1.000000000000000000, 0.000000000000000000 ) ) ;
#1918 = ORIENTED_EDGE ( 'NONE', *, *, #697, .T. ) ;
#1919 = DIRECTION ( 'NONE',  ( 0.7071067811865435759, 0.000000000000000000, -0.7071067811865514585 ) ) ;
#1920 = EDGE_CURVE ( 'NONE', #1454, #4233, #3853, .T. ) ;
#1921 = ORIENTED_EDGE ( 'NONE', *, *, #2698, .T. ) ;
#1922 = LINE ( 'NONE', #2559, #730 ) ;
#1923 = DIRECTION ( 'NONE',  ( -0.7071067811865515695, 0.000000000000000000, -0.7071067811865435759 ) ) ;
#1924 = LINE ( 'NONE', #1850, #2055 ) ;
#1925 = DIRECTION ( 'NONE',  ( 0.000000000000000000, 1.000000000000000000, 0.000000000000000000 ) ) ;
#1926 = VERTEX_POINT ( 'NONE', #4049 ) ;
#1927 = ORIENTED_EDGE ( 'NONE', *, *, #3300, .T. ) ;
#1928 = EDGE_CURVE ( 'NONE', #466, #1748, #844, .T. ) ;
#1929 = DIRECTION ( 'NONE',  ( 0.000000000000000000, 0.000000000000000000, 1.000000000000000000 ) ) ;
#1930 = DIRECTION ( 'NONE',  ( -0.000000000000000000, 1.000000000000000000, -0.000000000000000000 ) ) ;
#1931 = EDGE_LOOP ( 'NONE', ( #2509, #4025, #1086, #3496 ) ) ;
#1932 = FACE_BOUND ( 'NONE', #1671, .T. ) ;
#1933 = LINE ( 'NONE', #3751, #982 ) ;
#1934 = VERTEX_POINT ( 'NONE', #3017 ) ;
#1935 = DIRECTION ( 'NONE',  ( 0.000000000000000000, 1.000000000000000000, 0.000000000000000000 ) ) ;
#1936 = VERTEX_POINT ( 'NONE', #3742 ) ;
#1937 = DIRECTION ( 'NONE',  ( 0.000000000000000000, 1.000000000000000000, 0.000000000000000000 ) ) ;
#1939 = EDGE_CURVE ( 'NONE', #3837, #584, #1206, .T. ) ;
#1938 = CARTESIAN_POINT ( 'NONE',  ( -133.0000000000000000, 0.000000000000000000, 15.00000000000000000 ) ) ;
#1940 = CARTESIAN_POINT ( 'NONE',  ( -57.50000000000000000, 4.000000000000000000, 81.00000000000000000 ) ) ;
#1941 = EDGE_CURVE ( 'NONE', #4125, #2794, #4472, .T. ) ;
#1942 = DIRECTION ( 'NONE',  ( 0.000000000000000000, 0.000000000000000000, 1.000000000000000000 ) ) ;
#1943 = DIRECTION ( 'NONE',  ( 0.000000000000000000, 1.000000000000000000, 0.000000000000000000 ) ) ;
#1944 = ORIENTED_EDGE ( 'NONE', *, *, #405, .F. ) ;
#1945 = ORIENTED_EDGE ( 'NONE', *, *, #4440, .F. ) ;
#1946 = FACE_OUTER_BOUND ( 'NONE', #3497, .T. ) ;
#1947 = EDGE_CURVE ( 'NONE', #3665, #2614, #110, .T. ) ;
#1948 = VECTOR ( 'NONE', #505, 1000.000000000000000 ) ;
#1949 = CARTESIAN_POINT ( 'NONE',  ( -29.00000000000000000, 4.000000000000000000, -122.0000000000000000 ) ) ;
#1950 = EDGE_CURVE ( 'NONE', #4442, #4366, #4080, .T. ) ;
#1951 = CARTESIAN_POINT ( 'NONE',  ( -29.00000000000000000, 0.000000000000000000, -70.50000000000000000 ) ) ;
#1952 = EDGE_LOOP ( 'NONE', ( #2515, #4599, #2736, #3914 ) ) ;
#1953 = FACE_BOUND ( 'NONE', #147, .T. ) ;
#1954 = AXIS2_PLACEMENT_3D ( 'NONE', #1646, #974, #2349 ) ;
#1955 = ORIENTED_EDGE ( 'NONE', *, *, #1156, .T. ) ;
#1956 = AXIS2_PLACEMENT_3D ( 'NONE', #3297, #2935, #1125 ) ;
#1957 = CARTESIAN_POINT ( 'NONE',  ( -65.00000000000000000, 4.000000000000000000, 20.00000000000000000 ) ) ;
#1958 = ORIENTED_EDGE ( 'NONE', *, *, #4113, .T. ) ;
#1959 = DIRECTION ( 'NONE',  ( 0.000000000000000000, 0.000000000000000000, 1.000000000000000000 ) ) ;
#1960 = AXIS2_PLACEMENT_3D ( 'NONE', #3529, #3958, #349 ) ;
#1961 = ADVANCED_FACE ( 'NONE', ( #2251 ), #2660, .F. ) ;
#1962 = DIRECTION ( 'NONE',  ( 0.000000000000000000, 1.000000000000000000, 0.000000000000000000 ) ) ;
#1963 = CARTESIAN_POINT ( 'NONE',  ( -141.0000000000000000, 0.000000000000000000, -15.00000000000000000 ) ) ;
#1964 = AXIS2_PLACEMENT_3D ( 'NONE', #1254, #4123, #198 ) ;
#1965 = LINE ( 'NONE', #1246, #2346 ) ;
#1966 = AXIS2_PLACEMENT_3D ( 'NONE', #4063, #1807, #3422 ) ;
#1967 = DIRECTION ( 'NONE',  ( 0.000000000000000000, 1.000000000000000000, 0.000000000000000000 ) ) ;
#1968 = ORIENTED_EDGE ( 'NONE', *, *, #544, .F. ) ;
#1969 = VERTEX_POINT ( 'NONE', #396 ) ;
#1970 = AXIS2_PLACEMENT_3D ( 'NONE', #2263, #4416, #2624 ) ;
#1971 = VECTOR ( 'NONE', #3318, 1000.000000000000000 ) ;
#1972 = DIRECTION ( 'NONE',  ( 0.000000000000000000, -1.000000000000000000, 0.000000000000000000 ) ) ;
#1973 = DIRECTION ( 'NONE',  ( 0.000000000000000000, 1.000000000000000000, 0.000000000000000000 ) ) ;
#1974 = ORIENTED_EDGE ( 'NONE', *, *, #4635, .F. ) ;
#1975 = CARTESIAN_POINT ( 'NONE',  ( -30.00000000000000000, -6.000000000000000000, 51.50000000000000000 ) ) ;
#1976 = AXIS2_PLACEMENT_3D ( 'NONE', #3672, #3761, #394 ) ;
#1977 = EDGE_CURVE ( 'NONE', #4016, #916, #3016, .T. ) ;
#1978 = VERTEX_POINT ( 'NONE', #2682 ) ;
#1979 = CARTESIAN_POINT ( 'NONE',  ( -110.0000000000000000, 0.000000000000000000, -72.00000000000000000 ) ) ;
#1980 = FACE_BOUND ( 'NONE', #193, .T. ) ;
#1981 = VERTEX_POINT ( 'NONE', #3381 ) ;
#1982 = LINE ( 'NONE', #3122, #1607 ) ;
#1983 = DIRECTION ( 'NONE',  ( 0.000000000000000000, 0.000000000000000000, 1.000000000000000000 ) ) ;
#1984 = DIRECTION ( 'NONE',  ( 0.000000000000000000, 1.000000000000000000, 0.000000000000000000 ) ) ;
#1985 = DIRECTION ( 'NONE',  ( 0.000000000000000000, 1.000000000000000000, 0.000000000000000000 ) ) ;
#1986 = DIRECTION ( 'NONE',  ( 0.000000000000000000, 1.000000000000000000, 0.000000000000000000 ) ) ;
#1987 = ORIENTED_EDGE ( 'NONE', *, *, #1053, .F. ) ;
#1988 = ORIENTED_EDGE ( 'NONE', *, *, #2990, .F. ) ;
#1989 = DIRECTION ( 'NONE',  ( -1.000000000000000000, 0.000000000000000000, 0.000000000000000000 ) ) ;
#1990 = ORIENTED_EDGE ( 'NONE', *, *, #3725, .T. ) ;
#1991 = EDGE_CURVE ( 'NONE', #2209, #2784, #1851, .T. ) ;
#1992 = ADVANCED_FACE ( 'NONE', ( #2975 ), #3311, .F. ) ;
#1993 = CARTESIAN_POINT ( 'NONE',  ( -131.0000000000000000, 0.000000000000000000, -58.50000000000000000 ) ) ;
#1994 = ADVANCED_FACE ( 'NONE', ( #1901 ), #2951, .F. ) ;
#1995 = ORIENTED_EDGE ( 'NONE', *, *, #1428, .T. ) ;
#1996 = EDGE_CURVE ( 'NONE', #608, #3453, #481, .T. ) ;
#1997 = DIRECTION ( 'NONE',  ( 0.000000000000000000, 1.000000000000000000, 0.000000000000000000 ) ) ;
#1998 = EDGE_LOOP ( 'NONE', ( #2668, #2438, #231, #1172 ) ) ;
#1999 = CARTESIAN_POINT ( 'NONE',  ( 0.000000000000000000, -6.000000000000000000, -135.0000000000000000 ) ) ;
#2000 = FACE_OUTER_BOUND ( 'NONE', #4166, .T. ) ;
#2001 = ORIENTED_EDGE ( 'NONE', *, *, #3094, .T. ) ;
#2002 = DIRECTION ( 'NONE',  ( 0.000000000000000000, 1.000000000000000000, 0.000000000000000000 ) ) ;
#2003 = CARTESIAN_POINT ( 'NONE',  ( -80.00000000000000000, 0.000000000000000000, -48.00000000000000000 ) ) ;
#2004 = DIRECTION ( 'NONE',  ( 0.000000000000000000, 1.000000000000000000, 0.000000000000000000 ) ) ;
#2005 = DIRECTION ( 'NONE',  ( 0.000000000000000000, 1.000000000000000000, 0.000000000000000000 ) ) ;
#2006 = CARTESIAN_POINT ( 'NONE',  ( -15.00000000000000000, 4.000000000000000000, -58.50000000000000000 ) ) ;
#2007 = VERTEX_POINT ( 'NONE', #3362 ) ;
#2008 = VERTEX_POINT ( 'NONE', #1164 ) ;
#2009 = CARTESIAN_POINT ( 'NONE',  ( -110.0000000000000000, 4.000000000000000000, -73.50000000000000000 ) ) ;
#2010 = ORIENTED_EDGE ( 'NONE', *, *, #1852, .F. ) ;
#2011 = DIRECTION ( 'NONE',  ( 0.000000000000000000, 0.000000000000000000, -1.000000000000000000 ) ) ;
#2012 = CIRCLE ( 'NONE', #4076, 1.500000000000001332 ) ;
#2013 = CIRCLE ( 'NONE', #340, 4.000000000000000000 ) ;
#2014 = ORIENTED_EDGE ( 'NONE', *, *, #439, .T. ) ;
#2015 = CARTESIAN_POINT ( 'NONE',  ( -110.0000000000000000, 0.000000000000000000, -48.00000000000000000 ) ) ;
#2016 = EDGE_CURVE ( 'NONE', #828, #2222, #4227, .T. ) ;
#2017 = VECTOR ( 'NONE', #3467, 1000.000000000000000 ) ;
#2018 = ORIENTED_EDGE ( 'NONE', *, *, #1180, .F. ) ;
#2019 = CYLINDRICAL_SURFACE ( 'NONE', #2581, 1.500000000000001332 ) ;
#2020 = DIRECTION ( 'NONE',  ( 0.000000000000000000, 1.000000000000000000, 0.000000000000000000 ) ) ;
#2021 = AXIS2_PLACEMENT_3D ( 'NONE', #3544, #2064, #606 ) ;
#2022 = AXIS2_PLACEMENT_3D ( 'NONE', #4468, #2947, #1202 ) ;
#2023 = FACE_BOUND ( 'NONE', #967, .T. ) ;
#2024 = EDGE_LOOP ( 'NONE', ( #534, #44, #4061, #631 ) ) ;
#2025 = CARTESIAN_POINT ( 'NONE',  ( -110.0000000000000000, 0.000000000000000000, 49.50000000000000000 ) ) ;
#2026 = AXIS2_PLACEMENT_3D ( 'NONE', #309, #1768, #735 ) ;
#2027 = AXIS2_PLACEMENT_3D ( 'NONE', #3825, #3102, #4631 ) ;
#2028 = DIRECTION ( 'NONE',  ( 0.000000000000000000, 0.000000000000000000, 1.000000000000000000 ) ) ;
#2029 = ORIENTED_EDGE ( 'NONE', *, *, #4435, .T. ) ;
#2030 = DIRECTION ( 'NONE',  ( 0.000000000000000000, 1.000000000000000000, 0.000000000000000000 ) ) ;
#2031 = VECTOR ( 'NONE', #1429, 1000.000000000000000 ) ;
#2032 = LINE ( 'NONE', #545, #2275 ) ;
#2033 = EDGE_CURVE ( 'NONE', #553, #108, #1339, .T. ) ;
#2034 = DIRECTION ( 'NONE',  ( 0.000000000000000000, 0.000000000000000000, 1.000000000000000000 ) ) ;
#2035 = CIRCLE ( 'NONE', #581, 4.000000000000000000 ) ;
#2036 = EDGE_LOOP ( 'NONE', ( #782, #2818, #2193, #603 ) ) ;
#2037 = ORIENTED_EDGE ( 'NONE', *, *, #700, .T. ) ;
#2038 = DIRECTION ( 'NONE',  ( 0.000000000000000000, 1.000000000000000000, 0.000000000000000000 ) ) ;
#2039 = CIRCLE ( 'NONE', #2414, 1.500000000000001332 ) ;
#2040 = ORIENTED_EDGE ( 'NONE', *, *, #2281, .F. ) ;
#2041 = EDGE_CURVE ( 'NONE', #2537, #1981, #4092, .T. ) ;
#2042 = DIRECTION ( 'NONE',  ( 0.000000000000000000, 0.000000000000000000, -1.000000000000000000 ) ) ;
#2043 = CIRCLE ( 'NONE', #3804, 1.500000000000001332 ) ;
#2044 = ORIENTED_EDGE ( 'NONE', *, *, #2955, .T. ) ;
#2045 = CARTESIAN_POINT ( 'NONE',  ( -145.0000000000000000, 0.000000000000000000, -75.00000000000000000 ) ) ;
#2046 = ORIENTED_EDGE ( 'NONE', *, *, #2246, .T. ) ;
#2047 = CYLINDRICAL_SURFACE ( 'NONE', #516, 1.500000000000001332 ) ;
#2048 = DIRECTION ( 'NONE',  ( 0.000000000000000000, 0.000000000000000000, 1.000000000000000000 ) ) ;
#2049 = FACE_BOUND ( 'NONE', #564, .T. ) ;
#2050 = VERTEX_POINT ( 'NONE', #166 ) ;
#2051 = CARTESIAN_POINT ( 'NONE',  ( -80.00000000000000000, 0.000000000000000000, -49.50000000000000000 ) ) ;
#2052 = EDGE_CURVE ( 'NONE', #2813, #2502, #2557, .T. ) ;
#2053 = EDGE_CURVE ( 'NONE', #3623, #920, #3163, .T. ) ;
#2054 = ORIENTED_EDGE ( 'NONE', *, *, #174, .T. ) ;
#2055 = VECTOR ( 'NONE', #3380, 1000.000000000000000 ) ;
#2056 = LINE ( 'NONE', #3076, #1651 ) ;
#2057 = ORIENTED_EDGE ( 'NONE', *, *, #2779, .F. ) ;
#2058 = CARTESIAN_POINT ( 'NONE',  ( -139.0000000000000000, 4.000000000000000000, -61.50000000000000000 ) ) ;
#2059 = DIRECTION ( 'NONE',  ( 0.000000000000000000, 0.000000000000000000, 1.000000000000000000 ) ) ;
#2060 = ADVANCED_FACE ( 'NONE', ( #2409 ), #1250, .F. ) ;
#2061 = CARTESIAN_POINT ( 'NONE',  ( -56.50000000000000000, 0.000000000000000000, 49.34314575050759544 ) ) ;
#2062 = VERTEX_POINT ( 'NONE', #2006 ) ;
#2063 = EDGE_LOOP ( 'NONE', ( #4157, #4169, #4669, #2555 ) ) ;
#2064 = DIRECTION ( 'NONE',  ( 0.000000000000000000, 1.000000000000000000, 0.000000000000000000 ) ) ;
#2065 = ORIENTED_EDGE ( 'NONE', *, *, #3548, .F. ) ;
#2066 = DIRECTION ( 'NONE',  ( 0.000000000000000000, 0.000000000000000000, 1.000000000000000000 ) ) ;
#2067 = EDGE_CURVE ( 'NONE', #1636, #1303, #4585, .T. ) ;
#2068 = EDGE_LOOP ( 'NONE', ( #1034, #4186, #3858, #4054 ) ) ;
#2069 = CARTESIAN_POINT ( 'NONE',  ( -65.00000000000000000, 0.000000000000000000, -20.00000000000000000 ) ) ;
#2070 = DIRECTION ( 'NONE',  ( 0.000000000000000000, 1.000000000000000000, 0.000000000000000000 ) ) ;
#2071 = LINE ( 'NONE', #1310, #4408 ) ;
#2072 = LINE ( 'NONE', #3555, #3365 ) ;
#2073 = FACE_BOUND ( 'NONE', #1081, .T. ) ;
#2074 = ORIENTED_EDGE ( 'NONE', *, *, #189, .F. ) ;
#2075 = CARTESIAN_POINT ( 'NONE',  ( -131.0000000000000000, 0.000000000000000000, -61.50000000000000000 ) ) ;
#2076 = EDGE_LOOP ( 'NONE', ( #2529, #3706, #2521, #4245 ) ) ;
#2077 = DIRECTION ( 'NONE',  ( 0.000000000000000000, 0.000000000000000000, -1.000000000000000000 ) ) ;
#2078 = ORIENTED_EDGE ( 'NONE', *, *, #694, .F. ) ;
#2079 = CARTESIAN_POINT ( 'NONE',  ( -80.00000000000000000, 0.000000000000000000, -72.00000000000000000 ) ) ;
#2080 = DIRECTION ( 'NONE',  ( 0.000000000000000000, 0.000000000000000000, 1.000000000000000000 ) ) ;
#2081 = EDGE_CURVE ( 'NONE', #116, #2532, #4136, .T. ) ;
#2082 = CARTESIAN_POINT ( 'NONE',  ( -139.0000000000000000, 4.000000000000000000, -75.00000000000000000 ) ) ;
#2083 = ORIENTED_EDGE ( 'NONE', *, *, #1939, .T. ) ;
#2084 = ORIENTED_EDGE ( 'NONE', *, *, #2053, .F. ) ;
#2085 = DIRECTION ( 'NONE',  ( 0.000000000000000000, 1.000000000000000000, 0.000000000000000000 ) ) ;
#2086 = ORIENTED_EDGE ( 'NONE', *, *, #2845, .T. ) ;
#2087 = DIRECTION ( 'NONE',  ( 0.000000000000000000, 0.000000000000000000, 1.000000000000000000 ) ) ;
#2088 = DIRECTION ( 'NONE',  ( 0.000000000000000000, 0.000000000000000000, 1.000000000000000000 ) ) ;
#2089 = ORIENTED_EDGE ( 'NONE', *, *, #1602, .T. ) ;
#2090 = EDGE_CURVE ( 'NONE', #3044, #740, #1319, .T. ) ;
#2091 = ADVANCED_FACE ( 'NONE', ( #3850 ), #1611, .F. ) ;
#2092 = CARTESIAN_POINT ( 'NONE',  ( -24.50000000000000000, -6.000000000000000000, 127.7500000000000000 ) ) ;
#2093 = FACE_OUTER_BOUND ( 'NONE', #604, .T. ) ;
#2094 = DIRECTION ( 'NONE',  ( 0.000000000000000000, 0.000000000000000000, 1.000000000000000000 ) ) ;
#2095 = FACE_BOUND ( 'NONE', #2228, .T. ) ;
#2096 = ORIENTED_EDGE ( 'NONE', *, *, #4558, .F. ) ;
#2097 = DIRECTION ( 'NONE',  ( 0.000000000000000000, 1.000000000000000000, 0.000000000000000000 ) ) ;
#2098 = AXIS2_PLACEMENT_3D ( 'NONE', #665, #1766, #4671 ) ;
#2099 = ORIENTED_EDGE ( 'NONE', *, *, #2492, .F. ) ;
#2100 = CARTESIAN_POINT ( 'NONE',  ( 0.000000000000000000, 4.000000000000000000, -135.0000000000000000 ) ) ;
#2101 = EDGE_LOOP ( 'NONE', ( #2131, #2603 ) ) ;
#2102 = DIRECTION ( 'NONE',  ( 0.000000000000000000, 0.000000000000000000, 1.000000000000000000 ) ) ;
#2103 = CARTESIAN_POINT ( 'NONE',  ( -36.00000000000000000, 4.000000000000000000, 71.00000000000000000 ) ) ;
#2104 = VECTOR ( 'NONE', #2588, 1000.000000000000000 ) ;
#2105 = ADVANCED_FACE ( 'NONE', ( #2379 ), #2773, .F. ) ;
#2106 = APPLICATION_CONTEXT ( 'configuration controlled 3d designs of mechanical parts and assemblies' ) ;
#2107 = CARTESIAN_POINT ( 'NONE',  ( -139.0000000000000000, 0.000000000000000000, 55.00000000000000000 ) ) ;
#2108 = CIRCLE ( 'NONE', #4470, 1.250000000000001110 ) ;
#2109 = VERTEX_POINT ( 'NONE', #3518 ) ;
#2110 = CARTESIAN_POINT ( 'NONE',  ( -29.00000000000000000, 0.000000000000000000, -73.50000000000000000 ) ) ;
#2111 = AXIS2_PLACEMENT_3D ( 'NONE', #2543, #4003, #2597 ) ;
#2112 = CARTESIAN_POINT ( 'NONE',  ( -139.0000000000000000, 0.000000000000000000, 56.25000000000000000 ) ) ;
#2113 = CARTESIAN_POINT ( 'NONE',  ( -50.84314575050770202, 4.000000000000000000, -58.00000000000000000 ) ) ;
#2114 = ORIENTED_EDGE ( 'NONE', *, *, #2090, .F. ) ;
#2115 = CIRCLE ( 'NONE', #2499, 1.500000000000001332 ) ;
#2116 = DIRECTION ( 'NONE',  ( 0.000000000000000000, 1.000000000000000000, 0.000000000000000000 ) ) ;
#2117 = CARTESIAN_POINT ( 'NONE',  ( -50.84314575050770202, 0.000000000000000000, -55.00000000000000000 ) ) ;
#2118 = CYLINDRICAL_SURFACE ( 'NONE', #2904, 1.500000000000001332 ) ;
#2119 = EDGE_CURVE ( 'NONE', #1969, #2696, #2705, .T. ) ;
#2120 = FACE_BOUND ( 'NONE', #3570, .T. ) ;
#2121 = VERTEX_POINT ( 'NONE', #601 ) ;
#2122 = DIRECTION ( 'NONE',  ( 0.000000000000000000, -1.000000000000000000, 0.000000000000000000 ) ) ;
#2123 = CARTESIAN_POINT ( 'NONE',  ( -81.00000000000000000, 4.000000000000000000, 55.00000000000000000 ) ) ;
#2124 = DIRECTION ( 'NONE',  ( 0.000000000000000000, 0.000000000000000000, 1.000000000000000000 ) ) ;
#2125 = ORIENTED_EDGE ( 'NONE', *, *, #938, .T. ) ;
#2126 = LINE ( 'NONE', #1008, #2725 ) ;
#2127 = EDGE_CURVE ( 'NONE', #2945, #1676, #1680, .T. ) ;
#2128 = LINE ( 'NONE', #3921, #2824 ) ;
#2129 = AXIS2_PLACEMENT_3D ( 'NONE', #1610, #861, #1679 ) ;
#2130 = FACE_OUTER_BOUND ( 'NONE', #3045, .T. ) ;
#2131 = ORIENTED_EDGE ( 'NONE', *, *, #4039, .F. ) ;
#2132 = CARTESIAN_POINT ( 'NONE',  ( -36.00000000000000000, 0.000000000000000000, 71.00000000000000000 ) ) ;
#2133 = CIRCLE ( 'NONE', #1532, 1.500000000000001332 ) ;
#2134 = VECTOR ( 'NONE', #206, 1000.000000000000000 ) ;
#2135 = CARTESIAN_POINT ( 'NONE',  ( -30.00000000000000000, 0.000000000000000000, -60.00000000000000000 ) ) ;
#2136 = DIRECTION ( 'NONE',  ( 0.000000000000000000, 1.000000000000000000, 0.000000000000000000 ) ) ;
#2137 = VERTEX_POINT ( 'NONE', #3495 ) ;
#2138 = EDGE_CURVE ( 'NONE', #4211, #2412, #2249, .T. ) ;
#2139 = EDGE_CURVE ( 'NONE', #2199, #214, #931, .T. ) ;
#2140 = CARTESIAN_POINT ( 'NONE',  ( -30.00000000000000000, 4.000000000000000000, -60.00000000000000000 ) ) ;
#2141 = CARTESIAN_POINT ( 'NONE',  ( -20.00000000000000000, 4.000000000000000000, 60.00000000000000000 ) ) ;
#2142 = EDGE_LOOP ( 'NONE', ( #2831, #1876, #1921, #1863 ) ) ;
#2143 = EDGE_CURVE ( 'NONE', #4207, #2412, #1344, .T. ) ;
#2144 = CARTESIAN_POINT ( 'NONE',  ( -73.50000000000000000, -6.000000000000000000, 17.00000000000000000 ) ) ;
#2145 = ORIENTED_EDGE ( 'NONE', *, *, #439, .F. ) ;
#2146 = CARTESIAN_POINT ( 'NONE',  ( 0.000000000000000000, -6.000000000000000000, -135.0000000000000000 ) ) ;
#2147 = CARTESIAN_POINT ( 'NONE',  ( 0.000000000000000000, 4.000000000000000000, -45.00000000000000000 ) ) ;
#2148 = VERTEX_POINT ( 'NONE', #3063 ) ;
#2149 = CYLINDRICAL_SURFACE ( 'NONE', #3348, 1.500000000000001332 ) ;
#2150 = CARTESIAN_POINT ( 'NONE',  ( -51.00000000000000000, 4.000000000000000000, 20.00000000000000000 ) ) ;
#2151 = LINE ( 'NONE', #1012, #3586 ) ;
#2152 = ORIENTED_EDGE ( 'NONE', *, *, #2369, .F. ) ;
#2153 = CARTESIAN_POINT ( 'NONE',  ( -69.25000000000000000, 0.000000000000000000, 69.25000000000000000 ) ) ;
#2154 = DIRECTION ( 'NONE',  ( 0.000000000000000000, 1.000000000000000000, 0.000000000000000000 ) ) ;
#2155 = DIRECTION ( 'NONE',  ( 0.000000000000000000, 1.000000000000000000, 0.000000000000000000 ) ) ;
#2156 = ORIENTED_EDGE ( 'NONE', *, *, #3403, .T. ) ;
#2157 = VERTEX_POINT ( 'NONE', #885 ) ;
#2158 = DIRECTION ( 'NONE',  ( 0.000000000000000000, 1.000000000000000000, 0.000000000000000000 ) ) ;
#2159 = DIRECTION ( 'NONE',  ( -1.284980352575411713E-16, 0.000000000000000000, 1.000000000000000000 ) ) ;
#2160 = VERTEX_POINT ( 'NONE', #2337 ) ;
#2161 = LINE ( 'NONE', #4655, #1424 ) ;
#2162 = ORIENTED_EDGE ( 'NONE', *, *, #486, .F. ) ;
#2163 = DIRECTION ( 'NONE',  ( 0.000000000000000000, 1.000000000000000000, 0.000000000000000000 ) ) ;
#2164 = APPLICATION_PROTOCOL_DEFINITION ( 'international standard', 'config_control_design', 1994, #2106 ) ;
#2165 = CARTESIAN_POINT ( 'NONE',  ( -15.00000000000000000, 4.000000000000000000, 98.50000000000000000 ) ) ;
#2166 = ORIENTED_EDGE ( 'NONE', *, *, #59, .T. ) ;
#2167 = LINE ( 'NONE', #3636, #590 ) ;
#2168 = VECTOR ( 'NONE', #701, 1000.000000000000000 ) ;
#2169 = AXIS2_PLACEMENT_3D ( 'NONE', #38, #827, #761 ) ;
#2170 = ORIENTED_EDGE ( 'NONE', *, *, #4371, .T. ) ;
#2171 = CARTESIAN_POINT ( 'NONE',  ( -36.00000000000000000, 4.000000000000000000, 121.0000000000000000 ) ) ;
#2172 = CIRCLE ( 'NONE', #3084, 6.000000000000005329 ) ;
#2173 = ORIENTED_EDGE ( 'NONE', *, *, #2534, .F. ) ;
#2174 = CC_DESIGN_SECURITY_CLASSIFICATION ( #567, ( #810 ) ) ;
#2175 = DIRECTION ( 'NONE',  ( 0.000000000000000000, 1.000000000000000000, 0.000000000000000000 ) ) ;
#2176 = ORIENTED_EDGE ( 'NONE', *, *, #1238, .F. ) ;
#2177 = DIRECTION ( 'NONE',  ( 0.000000000000000000, 1.000000000000000000, 0.000000000000000000 ) ) ;
#2178 = EDGE_CURVE ( 'NONE', #1658, #3904, #2787, .T. ) ;
#2179 = CARTESIAN_POINT ( 'NONE',  ( -56.50000000000000000, 0.000000000000000000, 50.84314575050760254 ) ) ;
#2180 = AXIS2_PLACEMENT_3D ( 'NONE', #20, #4319, #4295 ) ;
#2181 = VERTEX_POINT ( 'NONE', #4178 ) ;
#2182 = ORIENTED_EDGE ( 'NONE', *, *, #1941, .F. ) ;
#2183 = AXIS2_PLACEMENT_3D ( 'NONE', #3000, #1478, #3726 ) ;
#2184 = ADVANCED_FACE ( 'NONE', ( #1273 ), #2357, .F. ) ;
#2185 = FACE_OUTER_BOUND ( 'NONE', #1565, .T. ) ;
#2186 = VECTOR ( 'NONE', #3501, 1000.000000000000000 ) ;
#2187 = CARTESIAN_POINT ( 'NONE',  ( -30.00000000000000000, -6.000000000000000000, -51.50000000000000000 ) ) ;
#2188 = EDGE_LOOP ( 'NONE', ( #3502, #2546, #258, #268 ) ) ;
#2189 = CYLINDRICAL_SURFACE ( 'NONE', #959, 1.250000000000001110 ) ;
#2190 = VERTEX_POINT ( 'NONE', #3107 ) ;
#2191 = CARTESIAN_POINT ( 'NONE',  ( -56.50000000000000000, 0.000000000000000000, 50.84314575050760254 ) ) ;
#2192 = AXIS2_PLACEMENT_3D ( 'NONE', #3302, #1485, #2102 ) ;
#2193 = ORIENTED_EDGE ( 'NONE', *, *, #1880, .T. ) ;
#2194 = CARTESIAN_POINT ( 'NONE',  ( -15.00000000000000000, 0.000000000000000000, 115.0000000000000000 ) ) ;
#2195 = VECTOR ( 'NONE', #1555, 1000.000000000000000 ) ;
#2196 = ORIENTED_EDGE ( 'NONE', *, *, #1590, .F. ) ;
#2197 = CARTESIAN_POINT ( 'NONE',  ( -137.0000000000000000, 0.000000000000000000, -15.00000000000000000 ) ) ;
#2198 = ADVANCED_FACE ( 'NONE', ( #4561 ), #2878, .F. ) ;
#2199 = VERTEX_POINT ( 'NONE', #3597 ) ;
#2200 = AXIS2_PLACEMENT_3D ( 'NONE', #3660, #4365, #1862 ) ;
#2202 = EDGE_CURVE ( 'NONE', #3287, #260, #3474, .T. ) ;
#2201 = CYLINDRICAL_SURFACE ( 'NONE', #3168, 1.500000000000001332 ) ;
#2203 = EDGE_LOOP ( 'NONE', ( #3686, #3713, #1892, #4618, #4656 ) ) ;
#2204 = CIRCLE ( 'NONE', #1976, 1.500000000000001332 ) ;
#2205 = DIRECTION ( 'NONE',  ( 0.000000000000000000, 1.000000000000000000, 0.000000000000000000 ) ) ;
#2206 = CARTESIAN_POINT ( 'NONE',  ( -30.00000000000000000, -6.000000000000000000, 85.00000000000000000 ) ) ;
#2207 = CARTESIAN_POINT ( 'NONE',  ( -110.0000000000000000, 0.000000000000000000, 72.00000000000000000 ) ) ;
#2208 = ORIENTED_EDGE ( 'NONE', *, *, #1297, .F. ) ;
#2209 = VERTEX_POINT ( 'NONE', #2110 ) ;
#2210 = VECTOR ( 'NONE', #4627, 1000.000000000000000 ) ;
#2211 = FACE_OUTER_BOUND ( 'NONE', #1860, .T. ) ;
#2212 = CYLINDRICAL_SURFACE ( 'NONE', #2250, 1.500000000000001332 ) ;
#2213 = ORIENTED_EDGE ( 'NONE', *, *, #1590, .T. ) ;
#2214 = PLANE ( 'NONE',  #4089 ) ;
#2215 = DIRECTION ( 'NONE',  ( 0.000000000000000000, 1.000000000000000000, 0.000000000000000000 ) ) ;
#2216 = DATE_TIME_ROLE ( 'classification_date' ) ;
#2217 = ORIENTED_EDGE ( 'NONE', *, *, #1704, .T. ) ;
#2218 = CYLINDRICAL_SURFACE ( 'NONE', #1664, 1.250000000000001110 ) ;
#2219 = VECTOR ( 'NONE', #2122, 1000.000000000000000 ) ;
#2220 = VERTEX_POINT ( 'NONE', #2803 ) ;
#2221 = DIRECTION ( 'NONE',  ( 0.000000000000000000, 0.000000000000000000, 1.000000000000000000 ) ) ;
#2222 = VERTEX_POINT ( 'NONE', #4687 ) ;
#2223 = DIRECTION ( 'NONE',  ( 0.000000000000000000, 0.000000000000000000, 1.000000000000000000 ) ) ;
#2224 = DIRECTION ( 'NONE',  ( 0.000000000000000000, 0.000000000000000000, 1.000000000000000000 ) ) ;
#2225 = CARTESIAN_POINT ( 'NONE',  ( -45.00000000000000000, 0.000000000000000000, -45.00000000000000000 ) ) ;
#2226 = EDGE_CURVE ( 'NONE', #2199, #2399, #650, .T. ) ;
#2227 = DIRECTION ( 'NONE',  ( 0.000000000000000000, 0.000000000000000000, 1.000000000000000000 ) ) ;
#2228 = EDGE_LOOP ( 'NONE', ( #4659, #358 ) ) ;
#2229 = EDGE_LOOP ( 'NONE', ( #1313, #4500, #2754, #4563 ) ) ;
#2230 = FACE_OUTER_BOUND ( 'NONE', #2076, .T. ) ;
#2231 = DIRECTION ( 'NONE',  ( 0.000000000000000000, -1.000000000000000000, 0.000000000000000000 ) ) ;
#2232 = EDGE_LOOP ( 'NONE', ( #548, #1987 ) ) ;
#2233 = DIRECTION ( 'NONE',  ( 0.000000000000000000, 1.000000000000000000, 0.000000000000000000 ) ) ;
#2234 = DIRECTION ( 'NONE',  ( 0.000000000000000000, 1.000000000000000000, 0.000000000000000000 ) ) ;
#2235 = ADVANCED_FACE ( 'NONE', ( #1779 ), #3973, .F. ) ;
#2236 = PERSON_AND_ORGANIZATION_ROLE ( 'design_supplier' ) ;
#2237 = ORIENTED_EDGE ( 'NONE', *, *, #605, .T. ) ;
#2238 = CARTESIAN_POINT ( 'NONE',  ( -81.00000000000000000, 4.000000000000000000, -31.00000000000000000 ) ) ;
#2239 = ORIENTED_EDGE ( 'NONE', *, *, #11, .F. ) ;
#2240 = DIRECTION ( 'NONE',  ( 0.000000000000000000, 1.000000000000000000, 0.000000000000000000 ) ) ;
#2241 = EDGE_CURVE ( 'NONE', #790, #1524, #1803, .T. ) ;
#2242 = ORIENTED_EDGE ( 'NONE', *, *, #3949, .F. ) ;
#2243 = CYLINDRICAL_SURFACE ( 'NONE', #879, 1.500000000000001332 ) ;
#2244 = CARTESIAN_POINT ( 'NONE',  ( -30.00000000000000000, 4.000000000000000000, 45.00000000000000000 ) ) ;
#2245 = AXIS2_PLACEMENT_3D ( 'NONE', #2367, #3841, #556 ) ;
#2246 = EDGE_CURVE ( 'NONE', #1605, #1558, #4305, .T. ) ;
#2247 = FACE_OUTER_BOUND ( 'NONE', #521, .T. ) ;
#2248 = CARTESIAN_POINT ( 'NONE',  ( -30.00000000000000000, 0.000000000000000000, 48.50000000000000000 ) ) ;
#2249 = CIRCLE ( 'NONE', #803, 1.500000000000001332 ) ;
#2250 = AXIS2_PLACEMENT_3D ( 'NONE', #18, #3367, #2598 ) ;
#2251 = FACE_OUTER_BOUND ( 'NONE', #1931, .T. ) ;
#2252 = ORIENTED_EDGE ( 'NONE', *, *, #253, .T. ) ;
#2253 = ORIENTED_EDGE ( 'NONE', *, *, #308, .F. ) ;
#2254 = AXIS2_PLACEMENT_3D ( 'NONE', #3854, #848, #1233 ) ;
#2255 = CARTESIAN_POINT ( 'NONE',  ( -30.00000000000000000, 4.000000000000000000, -58.50000000000000000 ) ) ;
#2256 = CARTESIAN_POINT ( 'NONE',  ( -36.00000000000000000, 0.000000000000000000, 80.50000000000000000 ) ) ;
#2257 = EDGE_LOOP ( 'NONE', ( #2364, #2267 ) ) ;
#2258 = FACE_BOUND ( 'NONE', #4142, .T. ) ;
#2259 = EDGE_CURVE ( 'NONE', #3837, #2160, #3326, .T. ) ;
#2260 = CARTESIAN_POINT ( 'NONE',  ( -58.00000000000000000, 4.000000000000000000, 20.00000000000000000 ) ) ;
#2261 = AXIS2_PLACEMENT_3D ( 'NONE', #1858, #780, #3700 ) ;
#2262 = ORIENTED_EDGE ( 'NONE', *, *, #4086, .F. ) ;
#2263 = CARTESIAN_POINT ( 'NONE',  ( -30.00000000000000000, -6.000000000000000000, -130.0000000000000000 ) ) ;
#2264 = CIRCLE ( 'NONE', #3492, 1.250000000000001110 ) ;
#2265 = VERTEX_POINT ( 'NONE', #1422 ) ;
#2266 = CARTESIAN_POINT ( 'NONE',  ( -30.00000000000000000, 0.000000000000000000, -51.50000000000000000 ) ) ;
#2267 = ORIENTED_EDGE ( 'NONE', *, *, #195, .F. ) ;
#2268 = FACE_OUTER_BOUND ( 'NONE', #703, .T. ) ;
#2269 = EDGE_CURVE ( 'NONE', #1511, #3458, #1119, .T. ) ;
#2270 = CARTESIAN_POINT ( 'NONE',  ( -81.00000000000000000, 0.000000000000000000, -31.00000000000000000 ) ) ;
#2271 = DIRECTION ( 'NONE',  ( -1.284980352575411713E-16, 0.000000000000000000, -1.000000000000000000 ) ) ;
#2272 = DIRECTION ( 'NONE',  ( 0.000000000000000000, 1.000000000000000000, 0.000000000000000000 ) ) ;
#2273 = VERTEX_POINT ( 'NONE', #2853 ) ;
#2274 = ORIENTED_EDGE ( 'NONE', *, *, #2490, .T. ) ;
#2275 = VECTOR ( 'NONE', #3062, 1000.000000000000114 ) ;
#2276 = DIRECTION ( 'NONE',  ( 0.000000000000000000, 0.000000000000000000, 1.000000000000000000 ) ) ;
#2277 = CARTESIAN_POINT ( 'NONE',  ( -145.0000000000000000, 4.000000000000000000, 0.000000000000000000 ) ) ;
#2278 = ORIENTED_EDGE ( 'NONE', *, *, #2884, .F. ) ;
#2279 = CIRCLE ( 'NONE', #2514, 1.500000000000001332 ) ;
#2280 = FACE_BOUND ( 'NONE', #4459, .T. ) ;
#2281 = EDGE_CURVE ( 'NONE', #4484, #1884, #3953, .T. ) ;
#2282 = CARTESIAN_POINT ( 'NONE',  ( -73.50000000000000000, 4.000000000000000000, 18.25000000000000000 ) ) ;
#2283 = EDGE_CURVE ( 'NONE', #1265, #876, #699, .T. ) ;
#2284 = ADVANCED_FACE ( 'NONE', ( #2776 ), #4589, .F. ) ;
#2285 = VERTEX_POINT ( 'NONE', #3156 ) ;
#2286 = LINE ( 'NONE', #90, #2195 ) ;
#2287 = VERTEX_POINT ( 'NONE', #3926 ) ;
#2288 = CIRCLE ( 'NONE', #2437, 4.000000000000000000 ) ;
#2289 = DIRECTION ( 'NONE',  ( 0.000000000000000000, 0.000000000000000000, -1.000000000000000000 ) ) ;
#2290 = CARTESIAN_POINT ( 'NONE',  ( -139.0000000000000000, 4.000000000000000000, -58.50000000000000000 ) ) ;
#2291 = DIRECTION ( 'NONE',  ( 0.000000000000000000, 1.000000000000000000, 0.000000000000000000 ) ) ;
#2292 = CARTESIAN_POINT ( 'NONE',  ( -24.50000000000000000, 4.000000000000000000, 130.2500000000000000 ) ) ;
#2293 = EDGE_CURVE ( 'NONE', #2599, #3230, #3618, .T. ) ;
#2294 = CARTESIAN_POINT ( 'NONE',  ( -50.84314575050770202, 4.000000000000000000, 56.50000000000000000 ) ) ;
#2295 = ORIENTED_EDGE ( 'NONE', *, *, #1460, .F. ) ;
#2296 = ORIENTED_EDGE ( 'NONE', *, *, #1649, .F. ) ;
#2297 = DIRECTION ( 'NONE',  ( 0.000000000000000000, 1.000000000000000000, 0.000000000000000000 ) ) ;
#2298 = CARTESIAN_POINT ( 'NONE',  ( -110.0000000000000000, 4.000000000000000000, 46.50000000000000000 ) ) ;
#2299 = DIRECTION ( 'NONE',  ( 1.000000000000000000, 0.000000000000000000, 0.000000000000000000 ) ) ;
#2300 = ORIENTED_EDGE ( 'NONE', *, *, #4586, .F. ) ;
#2301 = FACE_BOUND ( 'NONE', #3796, .T. ) ;
#2302 = EDGE_CURVE ( 'NONE', #698, #1936, #4538, .T. ) ;
#2303 = ORIENTED_EDGE ( 'NONE', *, *, #2178, .F. ) ;
#2304 = DIRECTION ( 'NONE',  ( 0.000000000000000000, 1.000000000000000000, 0.000000000000000000 ) ) ;
#2305 = ORIENTED_EDGE ( 'NONE', *, *, #1238, .T. ) ;
#2306 = CARTESIAN_POINT ( 'NONE',  ( -15.00000000000000000, 0.000000000000000000, -51.50000000000000000 ) ) ;
#2307 = DIRECTION ( 'NONE',  ( 0.000000000000000000, -1.000000000000000000, 0.000000000000000000 ) ) ;
#2308 = CYLINDRICAL_SURFACE ( 'NONE', #743, 1.500000000000001332 ) ;
#2309 = CARTESIAN_POINT ( 'NONE',  ( -41.50000000000000000, 4.000000000000000000, -129.0000000000000000 ) ) ;
#2310 = DIRECTION ( 'NONE',  ( 0.000000000000000000, 0.000000000000000000, -1.000000000000000000 ) ) ;
#2311 = EDGE_CURVE ( 'NONE', #2371, #2318, #3556, .T. ) ;
#2312 = ORIENTED_EDGE ( 'NONE', *, *, #2757, .T. ) ;
#2313 = ORIENTED_EDGE ( 'NONE', *, *, #854, .T. ) ;
#2314 = LINE ( 'NONE', #577, #734 ) ;
#2315 = AXIS2_PLACEMENT_3D ( 'NONE', #2135, #3573, #4307 ) ;
#2316 = AXIS2_PLACEMENT_3D ( 'NONE', #805, #3768, #868 ) ;
#2317 = CARTESIAN_POINT ( 'NONE',  ( -41.50000000000000000, 4.000000000000000000, 135.0000000000000000 ) ) ;
#2318 = VERTEX_POINT ( 'NONE', #630 ) ;
#2319 = CARTESIAN_POINT ( 'NONE',  ( -139.0000000000000000, 0.000000000000000000, -61.50000000000000000 ) ) ;
#2320 = AXIS2_PLACEMENT_3D ( 'NONE', #1397, #1036, #3571 ) ;
#2321 = PERSON ( 'æœª', 'æœª', 'æœª', ('æœª'), ('æœª'), ('æœª') ) ;
#2322 = ORIENTED_EDGE ( 'NONE', *, *, #2884, .T. ) ;
#2323 = AXIS2_PLACEMENT_3D ( 'NONE', #4699, #2503, #3962 ) ;
#2324 = DIRECTION ( 'NONE',  ( -1.000000000000000000, 0.000000000000000000, 0.000000000000000000 ) ) ;
#2325 = CARTESIAN_POINT ( 'NONE',  ( -36.00000000000000000, 0.000000000000000000, 121.0000000000000000 ) ) ;
#2326 = VERTEX_POINT ( 'NONE', #1735 ) ;
#2327 = DIRECTION ( 'NONE',  ( 0.000000000000000000, 1.000000000000000000, 0.000000000000000000 ) ) ;
#2328 = AXIS2_PLACEMENT_3D ( 'NONE', #532, #2729, #169 ) ;
#2329 = CARTESIAN_POINT ( 'NONE',  ( -15.00000000000000000, -6.000000000000000000, 51.50000000000000000 ) ) ;
#2330 = DIRECTION ( 'NONE',  ( 0.000000000000000000, 1.000000000000000000, 0.000000000000000000 ) ) ;
#2331 = VECTOR ( 'NONE', #1281, 1000.000000000000000 ) ;
#2332 = DIRECTION ( 'NONE',  ( 0.000000000000000000, 1.000000000000000000, 0.000000000000000000 ) ) ;
#2333 = ADVANCED_FACE ( 'NONE', ( #2830 ), #4285, .F. ) ;
#2334 = EDGE_CURVE ( 'NONE', #260, #3287, #1342, .T. ) ;
#2335 = EDGE_CURVE ( 'NONE', #553, #2062, #1136, .T. ) ;
#2336 = CIRCLE ( 'NONE', #367, 1.500000000000001332 ) ;
#2337 = CARTESIAN_POINT ( 'NONE',  ( -29.00000000000000000, 0.000000000000000000, -120.5000000000000000 ) ) ;
#2338 = ADVANCED_FACE ( 'NONE', ( #2247 ), #414, .F. ) ;
#2339 = ORIENTED_EDGE ( 'NONE', *, *, #4376, .T. ) ;
#2340 = VERTEX_POINT ( 'NONE', #1604 ) ;
#2341 = CIRCLE ( 'NONE', #2885, 1.250000000000001110 ) ;
#2342 = DIRECTION ( 'NONE',  ( 0.000000000000000000, 0.000000000000000000, 1.000000000000000000 ) ) ;
#2343 = DIRECTION ( 'NONE',  ( 0.000000000000000000, 1.000000000000000000, 0.000000000000000000 ) ) ;
#2344 = EDGE_LOOP ( 'NONE', ( #641, #2567 ) ) ;
#2345 = CARTESIAN_POINT ( 'NONE',  ( -30.00000000000000000, 0.000000000000000000, 51.50000000000000000 ) ) ;
#2346 = VECTOR ( 'NONE', #4152, 1000.000000000000000 ) ;
#2347 = ORIENTED_EDGE ( 'NONE', *, *, #1071, .T. ) ;
#2348 = LINE ( 'NONE', #4553, #4172 ) ;
#2349 = DIRECTION ( 'NONE',  ( 0.000000000000000000, 0.000000000000000000, 1.000000000000000000 ) ) ;
#2350 = VERTEX_POINT ( 'NONE', #30 ) ;
#2351 = CARTESIAN_POINT ( 'NONE',  ( -50.84314575050770202, 0.000000000000000000, 58.00000000000000000 ) ) ;
#2352 = AXIS2_PLACEMENT_3D ( 'NONE', #640, #2097, #3560 ) ;
#2353 = AXIS2_PLACEMENT_3D ( 'NONE', #1085, #4708, #983 ) ;
#2354 = CARTESIAN_POINT ( 'NONE',  ( -15.00000000000000000, 4.000000000000000000, -48.50000000000000000 ) ) ;
#2355 = FACE_OUTER_BOUND ( 'NONE', #2024, .T. ) ;
#2356 = CARTESIAN_POINT ( 'NONE',  ( -30.00000000000000000, 4.000000000000000000, -61.50000000000000000 ) ) ;
#2357 = CYLINDRICAL_SURFACE ( 'NONE', #1263, 1.500000000000001332 ) ;
#2358 = ORIENTED_EDGE ( 'NONE', *, *, #1880, .F. ) ;
#2359 = ADVANCED_FACE ( 'NONE', ( #370 ), #1491, .T. ) ;
#2360 = EDGE_LOOP ( 'NONE', ( #814, #596 ) ) ;
#2361 = CARTESIAN_POINT ( 'NONE',  ( -141.0000000000000000, 0.000000000000000000, 15.00000000000000000 ) ) ;
#2362 = ORIENTED_EDGE ( 'NONE', *, *, #1950, .F. ) ;
#2363 = FACE_OUTER_BOUND ( 'NONE', #4034, .T. ) ;
#2364 = ORIENTED_EDGE ( 'NONE', *, *, #4127, .F. ) ;
#2365 = DIRECTION ( 'NONE',  ( 0.000000000000000000, 0.000000000000000000, 1.000000000000000000 ) ) ;
#2366 = EDGE_LOOP ( 'NONE', ( #3109, #4068, #551, #3177 ) ) ;
#2367 = CARTESIAN_POINT ( 'NONE',  ( -110.0000000000000000, 4.000000000000000000, -48.00000000000000000 ) ) ;
#2368 = PLANE ( 'NONE',  #228 ) ;
#2369 = EDGE_CURVE ( 'NONE', #2157, #3387, #2903, .T. ) ;
#2370 = DIRECTION ( 'NONE',  ( 0.000000000000000000, 1.000000000000000000, 0.000000000000000000 ) ) ;
#2371 = VERTEX_POINT ( 'NONE', #721 ) ;
#2372 = CYLINDRICAL_SURFACE ( 'NONE', #3815, 1.500000000000001332 ) ;
#2373 = ORIENTED_EDGE ( 'NONE', *, *, #2979, .F. ) ;
#2374 = CARTESIAN_POINT ( 'NONE',  ( -81.00000000000000000, 0.000000000000000000, -31.00000000000000000 ) ) ;
#2375 = LINE ( 'NONE', #4559, #1518 ) ;
#2376 = EDGE_CURVE ( 'NONE', #4233, #3596, #1520, .T. ) ;
#2377 = DIRECTION ( 'NONE',  ( 0.000000000000000000, 0.000000000000000000, 1.000000000000000000 ) ) ;
#2378 = CC_DESIGN_PERSON_AND_ORGANIZATION_ASSIGNMENT ( #2455, #1054, ( #1903 ) ) ;
#2379 = FACE_OUTER_BOUND ( 'NONE', #51, .T. ) ;
#2380 = ORIENTED_EDGE ( 'NONE', *, *, #1950, .T. ) ;
#2381 = EDGE_LOOP ( 'NONE', ( #976, #199 ) ) ;
#2382 = CARTESIAN_POINT ( 'NONE',  ( -15.00000000000000000, 0.000000000000000000, 86.50000000000000000 ) ) ;
#2383 = ORIENTED_EDGE ( 'NONE', *, *, #3895, .F. ) ;
#2384 = CARTESIAN_POINT ( 'NONE',  ( -15.00000000000000000, 4.000000000000000000, -130.0000000000000000 ) ) ;
#2385 = AXIS2_PLACEMENT_3D ( 'NONE', #4677, #1772, #642 ) ;
#2386 = VECTOR ( 'NONE', #2785, 1000.000000000000000 ) ;
#2387 = ORIENTED_EDGE ( 'NONE', *, *, #4440, .T. ) ;
#2388 = ADVANCED_FACE ( 'NONE', ( #1089 ), #793, .F. ) ;
#2389 = DIRECTION ( 'NONE',  ( 0.000000000000000000, 0.000000000000000000, 1.000000000000000000 ) ) ;
#2390 = AXIS2_PLACEMENT_3D ( 'NONE', #1494, #3762, #4117 ) ;
#2391 = APPROVAL_PERSON_ORGANIZATION ( #3371, #3598, #454 ) ;
#2392 = ORIENTED_EDGE ( 'NONE', *, *, #4526, .T. ) ;
#2393 = CARTESIAN_POINT ( 'NONE',  ( -30.00000000000000000, 0.000000000000000000, 116.5000000000000000 ) ) ;
#2394 = FACE_OUTER_BOUND ( 'NONE', #3278, .T. ) ;
#2395 = AXIS2_PLACEMENT_3D ( 'NONE', #3690, #2815, #3120 ) ;
#2396 = ADVANCED_FACE ( 'NONE', ( #4401 ), #1474, .F. ) ;
#2397 = AXIS2_PLACEMENT_3D ( 'NONE', #1244, #542, #524 ) ;
#2398 = FACE_BOUND ( 'NONE', #332, .T. ) ;
#2399 = VERTEX_POINT ( 'NONE', #2695 ) ;
#2400 = CARTESIAN_POINT ( 'NONE',  ( -110.0000000000000000, 0.000000000000000000, 72.00000000000000000 ) ) ;
#2401 = VECTOR ( 'NONE', #2734, 1000.000000000000000 ) ;
#2402 = ORIENTED_EDGE ( 'NONE', *, *, #3113, .F. ) ;
#2403 = CARTESIAN_POINT ( 'NONE',  ( -15.00000000000000000, -6.000000000000000000, -51.50000000000000000 ) ) ;
#2404 = ORIENTED_EDGE ( 'NONE', *, *, #2241, .T. ) ;
#2405 = DIRECTION ( 'NONE',  ( 0.000000000000000000, 0.000000000000000000, 1.000000000000000000 ) ) ;
#2406 = CIRCLE ( 'NONE', #1885, 6.000000000000005329 ) ;
#2407 = CARTESIAN_POINT ( 'NONE',  ( -80.00000000000000000, 0.000000000000000000, -48.00000000000000000 ) ) ;
#2408 = EDGE_CURVE ( 'NONE', #2479, #4081, #3647, .T. ) ;
#2409 = FACE_OUTER_BOUND ( 'NONE', #4059, .T. ) ;
#2410 = CIRCLE ( 'NONE', #360, 1.500000000000001332 ) ;
#2411 = EDGE_LOOP ( 'NONE', ( #1151, #2856 ) ) ;
#2412 = VERTEX_POINT ( 'NONE', #1899 ) ;
#2413 = CARTESIAN_POINT ( 'NONE',  ( -80.00000000000000000, 0.000000000000000000, -70.50000000000000000 ) ) ;
#2414 = AXIS2_PLACEMENT_3D ( 'NONE', #215, #2030, #184 ) ;
#2415 = ORIENTED_EDGE ( 'NONE', *, *, #1301, .F. ) ;
#2416 = DIRECTION ( 'NONE',  ( 0.000000000000000000, 0.000000000000000000, 1.000000000000000000 ) ) ;
#2417 = VECTOR ( 'NONE', #872, 1000.000000000000000 ) ;
#2418 = ORIENTED_EDGE ( 'NONE', *, *, #451, .T. ) ;
#2419 = CARTESIAN_POINT ( 'NONE',  ( 0.000000000000000000, -6.000000000000000000, 135.0000000000000000 ) ) ;
#2420 = DIRECTION ( 'NONE',  ( 0.000000000000000000, 1.000000000000000000, 0.000000000000000000 ) ) ;
#2421 = ORIENTED_EDGE ( 'NONE', *, *, #2740, .T. ) ;
#2422 = LINE ( 'NONE', #615, #2417 ) ;
#2423 = DIRECTION ( 'NONE',  ( 0.000000000000000000, 0.000000000000000000, 1.000000000000000000 ) ) ;
#2424 = AXIS2_PLACEMENT_3D ( 'NONE', #1272, #4584, #4174 ) ;
#2425 = EDGE_CURVE ( 'NONE', #3006, #1284, #2712, .T. ) ;
#2426 = FACE_BOUND ( 'NONE', #1710, .T. ) ;
#2427 = ORIENTED_EDGE ( 'NONE', *, *, #402, .F. ) ;
#2428 = CARTESIAN_POINT ( 'NONE',  ( -41.50000000000000000, 0.000000000000000000, 135.0000000000000000 ) ) ;
#2429 = ORIENTED_EDGE ( 'NONE', *, *, #4104, .T. ) ;
#2430 = CARTESIAN_POINT ( 'NONE',  ( -110.0000000000000000, 0.000000000000000000, 70.50000000000000000 ) ) ;
#2431 = EDGE_LOOP ( 'NONE', ( #94, #3141, #1990, #2402 ) ) ;
#2432 = DIRECTION ( 'NONE',  ( 0.000000000000000000, 0.000000000000000000, 1.000000000000000000 ) ) ;
#2433 = VECTOR ( 'NONE', #2718, 1000.000000000000000 ) ;
#2434 = AXIS2_PLACEMENT_3D ( 'NONE', #2103, #3567, #291 ) ;
#2435 = CARTESIAN_POINT ( 'NONE',  ( -15.00000000000000000, 0.000000000000000000, -61.50000000000000000 ) ) ;
#2436 = DIRECTION ( 'NONE',  ( 0.000000000000000000, 0.000000000000000000, 1.000000000000000000 ) ) ;
#2437 = AXIS2_PLACEMENT_3D ( 'NONE', #2197, #2942, #4396 ) ;
#2438 = ORIENTED_EDGE ( 'NONE', *, *, #3131, .T. ) ;
#2439 = ORIENTED_EDGE ( 'NONE', *, *, #3836, .F. ) ;
#2440 = EDGE_CURVE ( 'NONE', #214, #3157, #658, .T. ) ;
#2441 = DIRECTION ( 'NONE',  ( 0.000000000000000000, 1.000000000000000000, 0.000000000000000000 ) ) ;
#2442 = EDGE_CURVE ( 'NONE', #1325, #3763, #3089, .T. ) ;
#2443 = EDGE_LOOP ( 'NONE', ( #3298, #1556, #749, #4593 ) ) ;
#2444 = DIRECTION ( 'NONE',  ( 0.000000000000000000, 1.000000000000000000, 0.000000000000000000 ) ) ;
#2445 = ORIENTED_EDGE ( 'NONE', *, *, #2495, .T. ) ;
#2446 = CARTESIAN_POINT ( 'NONE',  ( -139.0000000000000000, 0.000000000000000000, -61.50000000000000000 ) ) ;
#2447 = FACE_OUTER_BOUND ( 'NONE', #3068, .T. ) ;
#2448 = CARTESIAN_POINT ( 'NONE',  ( -57.50000000000000000, 0.000000000000000000, -81.00000000000000000 ) ) ;
#2449 = CARTESIAN_POINT ( 'NONE',  ( -137.0000000000000000, 0.000000000000000000, 15.00000000000000000 ) ) ;
#2450 = EDGE_CURVE ( 'NONE', #1978, #2121, #2972, .T. ) ;
#2451 = FACE_BOUND ( 'NONE', #1582, .T. ) ;
#2452 = EDGE_LOOP ( 'NONE', ( #1944, #4190, #713, #3940, #1347 ) ) ;
#2453 = LINE ( 'NONE', #1364, #4044 ) ;
#2454 = ORIENTED_EDGE ( 'NONE', *, *, #1977, .T. ) ;
#2455 = PERSON_AND_ORGANIZATION ( #2321, #1644 ) ;
#2456 = DIRECTION ( 'NONE',  ( 0.000000000000000000, 1.000000000000000000, 0.000000000000000000 ) ) ;
#2457 = ORIENTED_EDGE ( 'NONE', *, *, #1762, .T. ) ;
#2458 = DIRECTION ( 'NONE',  ( 0.000000000000000000, 1.000000000000000000, 0.000000000000000000 ) ) ;
#2459 = CARTESIAN_POINT ( 'NONE',  ( -131.0000000000000000, 4.000000000000000000, -60.00000000000000000 ) ) ;
#2460 = DIRECTION ( 'NONE',  ( 0.000000000000000000, 1.000000000000000000, 0.000000000000000000 ) ) ;
#2461 = EDGE_LOOP ( 'NONE', ( #28, #2952, #373, #517 ) ) ;
#2462 = ORIENTED_EDGE ( 'NONE', *, *, #486, .T. ) ;
#2463 = DIRECTION ( 'NONE',  ( 0.000000000000000000, 1.000000000000000000, 0.000000000000000000 ) ) ;
#2464 = LINE ( 'NONE', #4689, #343 ) ;
#2465 = DIRECTION ( 'NONE',  ( 0.000000000000000000, 1.000000000000000000, 0.000000000000000000 ) ) ;
#2466 = EDGE_CURVE ( 'NONE', #1934, #3565, #4313, .T. ) ;
#2467 = EDGE_LOOP ( 'NONE', ( #4107, #683, #3999, #4163 ) ) ;
#2468 = EDGE_CURVE ( 'NONE', #790, #920, #520, .T. ) ;
#2469 = LINE ( 'NONE', #3934, #1274 ) ;
#2470 = CARTESIAN_POINT ( 'NONE',  ( -80.00000000000000000, 0.000000000000000000, 72.00000000000000000 ) ) ;
#2471 = LINE ( 'NONE', #2739, #3816 ) ;
#2472 = FACE_BOUND ( 'NONE', #3083, .T. ) ;
#2473 = AXIS2_PLACEMENT_3D ( 'NONE', #2207, #1925, #4448 ) ;
#2474 = VERTEX_POINT ( 'NONE', #774 ) ;
#2475 = DIRECTION ( 'NONE',  ( 0.000000000000000000, 1.000000000000000000, 0.000000000000000000 ) ) ;
#2476 = CIRCLE ( 'NONE', #2169, 1.500000000000001332 ) ;
#2477 = COORDINATED_UNIVERSAL_TIME_OFFSET ( 8, 0, .AHEAD. ) ;
#2478 = CARTESIAN_POINT ( 'NONE',  ( -145.0000000000000000, 0.000000000000000000, -75.00000000000000000 ) ) ;
#2479 = VERTEX_POINT ( 'NONE', #3671 ) ;
#2480 = AXIS2_PLACEMENT_3D ( 'NONE', #3996, #2538, #1162 ) ;
#2481 = FACE_OUTER_BOUND ( 'NONE', #4184, .T. ) ;
#2482 = AXIS2_PLACEMENT_3D ( 'NONE', #2918, #286, #4703 ) ;
#2483 = CARTESIAN_POINT ( 'NONE',  ( 0.000000000000000000, 4.000000000000000000, -97.00000000000000000 ) ) ;
#2484 = CIRCLE ( 'NONE', #883, 1.500000000000001332 ) ;
#2485 = CIRCLE ( 'NONE', #2949, 1.500000000000001332 ) ;
#2486 = CYLINDRICAL_SURFACE ( 'NONE', #4347, 1.500000000000001332 ) ;
#2487 = AXIS2_PLACEMENT_3D ( 'NONE', #4650, #2420, #2811 ) ;
#2488 = ORIENTED_EDGE ( 'NONE', *, *, #3834, .F. ) ;
#2489 = ADVANCED_FACE ( 'NONE', ( #393 ), #1849, .F. ) ;
#2490 = EDGE_CURVE ( 'NONE', #2285, #3596, #2868, .T. ) ;
#2491 = CARTESIAN_POINT ( 'NONE',  ( -30.00000000000000000, 0.000000000000000000, 100.0000000000000000 ) ) ;
#2492 = EDGE_CURVE ( 'NONE', #3226, #1408, #3532, .T. ) ;
#2493 = CIRCLE ( 'NONE', #1513, 1.250000000000015099 ) ;
#2494 = LINE ( 'NONE', #679, #726 ) ;
#2495 = EDGE_CURVE ( 'NONE', #1335, #1589, #346, .T. ) ;
#2496 = DIRECTION ( 'NONE',  ( 0.000000000000000000, 0.000000000000000000, 1.000000000000000000 ) ) ;
#2497 = ORIENTED_EDGE ( 'NONE', *, *, #2490, .F. ) ;
#2498 = AXIS2_PLACEMENT_3D ( 'NONE', #3524, #1041, #298 ) ;
#2499 = AXIS2_PLACEMENT_3D ( 'NONE', #4198, #929, #2432 ) ;
#2500 = CARTESIAN_POINT ( 'NONE',  ( -36.00000000000000000, 4.000000000000000000, 71.00000000000000000 ) ) ;
#2501 = LINE ( 'NONE', #2837, #1638 ) ;
#2502 = VERTEX_POINT ( 'NONE', #3484 ) ;
#2503 = DIRECTION ( 'NONE',  ( 0.000000000000000000, 1.000000000000000000, 0.000000000000000000 ) ) ;
#2504 = ORIENTED_EDGE ( 'NONE', *, *, #3613, .F. ) ;
#2505 = CIRCLE ( 'NONE', #4642, 1.500000000000001332 ) ;
#2506 = DIRECTION ( 'NONE',  ( 0.000000000000000000, 1.000000000000000000, 0.000000000000000000 ) ) ;
#2507 = APPROVAL_STATUS ( 'not_yet_approved' ) ;
#2508 = DIRECTION ( 'NONE',  ( 0.000000000000000000, 1.000000000000000000, 0.000000000000000000 ) ) ;
#2509 = ORIENTED_EDGE ( 'NONE', *, *, #796, .F. ) ;
#2510 = CARTESIAN_POINT ( 'NONE',  ( -30.00000000000000000, 4.000000000000000000, -131.5000000000000000 ) ) ;
#2511 = DIRECTION ( 'NONE',  ( 0.000000000000000000, 1.000000000000000000, 0.000000000000000000 ) ) ;
#2512 = CIRCLE ( 'NONE', #4492, 6.000000000000005329 ) ;
#2513 = FACE_OUTER_BOUND ( 'NONE', #2366, .T. ) ;
#2514 = AXIS2_PLACEMENT_3D ( 'NONE', #3229, #627, #1418 ) ;
#2515 = ORIENTED_EDGE ( 'NONE', *, *, #3195, .F. ) ;
#2516 = DIRECTION ( 'NONE',  ( 0.000000000000000000, 1.000000000000000000, 0.000000000000000000 ) ) ;
#2517 = VECTOR ( 'NONE', #3531, 1000.000000000000000 ) ;
#2518 = DIRECTION ( 'NONE',  ( 0.000000000000000000, 0.000000000000000000, 1.000000000000000000 ) ) ;
#2519 = DIRECTION ( 'NONE',  ( 0.000000000000000000, 1.000000000000000000, 0.000000000000000000 ) ) ;
#2520 = EDGE_CURVE ( 'NONE', #1696, #1305, #1264, .T. ) ;
#2521 = ORIENTED_EDGE ( 'NONE', *, *, #4527, .T. ) ;
#2522 = CARTESIAN_POINT ( 'NONE',  ( -36.00000000000000000, -6.000000000000000000, 69.50000000000000000 ) ) ;
#2523 = DIRECTION ( 'NONE',  ( 0.000000000000000000, 1.000000000000000000, 0.000000000000000000 ) ) ;
#2524 = ORIENTED_EDGE ( 'NONE', *, *, #1857, .T. ) ;
#2525 = DIRECTION ( 'NONE',  ( 0.000000000000000000, 0.000000000000000000, 1.000000000000000000 ) ) ;
#2526 = VERTEX_POINT ( 'NONE', #559 ) ;
#2527 = CYLINDRICAL_SURFACE ( 'NONE', #1442, 1.500000000000001332 ) ;
#2528 = CARTESIAN_POINT ( 'NONE',  ( -45.00000000000000000, 0.000000000000000000, -30.00000000000000000 ) ) ;
#2529 = ORIENTED_EDGE ( 'NONE', *, *, #2311, .F. ) ;
#2530 = CARTESIAN_POINT ( 'NONE',  ( -110.0000000000000000, 0.000000000000000000, 73.50000000000000000 ) ) ;
#2531 = ADVANCED_FACE ( 'NONE', ( #2000 ), #3457, .F. ) ;
#2532 = VERTEX_POINT ( 'NONE', #1289 ) ;
#2533 = FACE_OUTER_BOUND ( 'NONE', #460, .T. ) ;
#2534 = EDGE_CURVE ( 'NONE', #4450, #770, #3402, .T. ) ;
#2535 = VERTEX_POINT ( 'NONE', #207 ) ;
#2536 = DIRECTION ( 'NONE',  ( 0.000000000000000000, 1.000000000000000000, 0.000000000000000000 ) ) ;
#2537 = VERTEX_POINT ( 'NONE', #923 ) ;
#2538 = DIRECTION ( 'NONE',  ( 1.000000000000000000, 0.000000000000000000, 0.000000000000000000 ) ) ;
#2539 = ADVANCED_FACE ( 'NONE', ( #2451, #1980, #2764, #257, #2023, #3510, #160, #3098, #1670, #589, #1312, #4272, #4554, #4193, #3439, #4578, #4213, #1621, #177, #2049, #539, #945, #2073, #4625, #1717, #3821, #1361, #2398, #900, #1695, #2426, #2788, #3144, #3913, #4598, #1331, #3073, #4244, #4528, #4168, #2839, #2095, #353, #687, #4363, #2120, #2472, #3583, #638 ), #3983, .F. ) ;
#2540 = DIRECTION ( 'NONE',  ( 0.000000000000000000, 1.000000000000000000, 0.000000000000000000 ) ) ;
#2541 = EDGE_LOOP ( 'NONE', ( #3058, #3505 ) ) ;
#2542 = EDGE_LOOP ( 'NONE', ( #2777, #2568, #1131, #314 ) ) ;
#2543 = CARTESIAN_POINT ( 'NONE',  ( -30.00000000000000000, 4.000000000000000000, 85.00000000000000000 ) ) ;
#2544 = DIRECTION ( 'NONE',  ( -0.7071067811865489050, 0.000000000000000000, 0.7071067811865460184 ) ) ;
#2545 = EDGE_CURVE ( 'NONE', #2265, #1256, #2161, .T. ) ;
#2546 = ORIENTED_EDGE ( 'NONE', *, *, #1928, .T. ) ;
#2547 = EDGE_CURVE ( 'NONE', #2209, #2350, #2641, .T. ) ;
#2548 = CARTESIAN_POINT ( 'NONE',  ( 0.000000000000000000, 4.000000000000000000, -81.00000000000000000 ) ) ;
#2549 = ORIENTED_EDGE ( 'NONE', *, *, #3978, .T. ) ;
#2550 = DIRECTION ( 'NONE',  ( 0.000000000000000000, 0.000000000000000000, 1.000000000000000000 ) ) ;
#2551 =( LENGTH_UNIT ( ) NAMED_UNIT ( * ) SI_UNIT ( .MILLI., .METRE. ) );
#2552 = ORIENTED_EDGE ( 'NONE', *, *, #3047, .F. ) ;
#2553 = DIRECTION ( 'NONE',  ( 0.000000000000000000, -1.000000000000000000, 0.000000000000000000 ) ) ;
#2554 = VECTOR ( 'NONE', #2544, 1000.000000000000114 ) ;
#2555 = ORIENTED_EDGE ( 'NONE', *, *, #202, .F. ) ;
#2556 = DIRECTION ( 'NONE',  ( 0.000000000000000000, 1.000000000000000000, 0.000000000000000000 ) ) ;
#2557 = CIRCLE ( 'NONE', #4534, 1.250000000000001110 ) ;
#2558 = ORIENTED_EDGE ( 'NONE', *, *, #3131, .F. ) ;
#2559 = CARTESIAN_POINT ( 'NONE',  ( -45.00000000000000000, 0.000000000000000000, 45.00000000000000000 ) ) ;
#2560 = ORIENTED_EDGE ( 'NONE', *, *, #1575, .T. ) ;
#2561 = AXIS2_PLACEMENT_3D ( 'NONE', #234, #2741, #3864 ) ;
#2562 = CARTESIAN_POINT ( 'NONE',  ( -24.50000000000000000, -6.000000000000000000, 130.2500000000000000 ) ) ;
#2563 = EDGE_CURVE ( 'NONE', #2794, #397, #3788, .T. ) ;
#2564 = ADVANCED_BREP_SHAPE_REPRESENTATION ( 'A\X2\56fa5b9a57fa51c6677f\X0\3A 4mm', ( #1542, #874 ), #1037 ) ;
#2565 = DIRECTION ( 'NONE',  ( 0.000000000000000000, 1.000000000000000000, 0.000000000000000000 ) ) ;
#2566 = VECTOR ( 'NONE', #3046, 1000.000000000000000 ) ;
#2567 = ORIENTED_EDGE ( 'NONE', *, *, #3528, .T. ) ;
#2568 = ORIENTED_EDGE ( 'NONE', *, *, #2545, .T. ) ;
#2569 = CIRCLE ( 'NONE', #4093, 1.500000000000001332 ) ;
#2570 = LINE ( 'NONE', #760, #3793 ) ;
#2571 = AXIS2_PLACEMENT_3D ( 'NONE', #422, #1882, #3339 ) ;
#2572 = DIRECTION ( 'NONE',  ( 0.000000000000000000, 0.000000000000000000, 1.000000000000000000 ) ) ;
#2573 = ORIENTED_EDGE ( 'NONE', *, *, #2693, .F. ) ;
#2574 = LINE ( 'NONE', #3201, #2872 ) ;
#2575 = DIRECTION ( 'NONE',  ( 0.000000000000000000, 1.000000000000000000, 0.000000000000000000 ) ) ;
#2576 = AXIS2_PLACEMENT_3D ( 'NONE', #3013, #440, #4151 ) ;
#2577 = DATE_AND_TIME ( #4458, #3472 ) ;
#2578 = ORIENTED_EDGE ( 'NONE', *, *, #1739, .T. ) ;
#2579 = LINE ( 'NONE', #1129, #292 ) ;
#2580 = EDGE_CURVE ( 'NONE', #1316, #245, #1744, .T. ) ;
#2581 = AXIS2_PLACEMENT_3D ( 'NONE', #2737, #3056, #3480 ) ;
#2582 = EDGE_LOOP ( 'NONE', ( #939, #1905 ) ) ;
#2583 = CARTESIAN_POINT ( 'NONE',  ( -110.0000000000000000, 0.000000000000000000, -73.50000000000000000 ) ) ;
#2584 = ORIENTED_EDGE ( 'NONE', *, *, #4586, .T. ) ;
#2585 = AXIS2_PLACEMENT_3D ( 'NONE', #1463, #1100, #2550 ) ;
#2586 = DIRECTION ( 'NONE',  ( 0.000000000000000000, 1.000000000000000000, 0.000000000000000000 ) ) ;
#2587 = VECTOR ( 'NONE', #3517, 1000.000000000000000 ) ;
#2588 = DIRECTION ( 'NONE',  ( 0.000000000000000000, 1.000000000000000000, 0.000000000000000000 ) ) ;
#2589 = DIRECTION ( 'NONE',  ( 0.000000000000000000, 0.000000000000000000, -1.000000000000000000 ) ) ;
#2590 = DIRECTION ( 'NONE',  ( -1.734723475976804876E-16, 0.000000000000000000, -1.000000000000000000 ) ) ;
#2591 = AXIS2_PLACEMENT_3D ( 'NONE', #2901, #3568, #2851 ) ;
#2592 = EDGE_CURVE ( 'NONE', #401, #2863, #4160, .T. ) ;
#2593 = ORIENTED_EDGE ( 'NONE', *, *, #4429, .T. ) ;
#2594 = ORIENTED_EDGE ( 'NONE', *, *, #1553, .F. ) ;
#2595 = VECTOR ( 'NONE', #2002, 1000.000000000000000 ) ;
#2596 = VECTOR ( 'NONE', #3180, 1000.000000000000000 ) ;
#2597 = DIRECTION ( 'NONE',  ( 0.000000000000000000, 0.000000000000000000, 1.000000000000000000 ) ) ;
#2598 = DIRECTION ( 'NONE',  ( 0.000000000000000000, 0.000000000000000000, 1.000000000000000000 ) ) ;
#2599 = VERTEX_POINT ( 'NONE', #1076 ) ;
#2600 = EDGE_CURVE ( 'NONE', #4398, #1256, #2484, .T. ) ;
#2601 = DIRECTION ( 'NONE',  ( 1.000000000000000000, 0.000000000000000000, 0.000000000000000000 ) ) ;
#2602 = CARTESIAN_POINT ( 'NONE',  ( -45.00000000000000000, 0.000000000000000000, 45.00000000000000000 ) ) ;
#2603 = ORIENTED_EDGE ( 'NONE', *, *, #899, .F. ) ;
#2604 = ADVANCED_FACE ( 'NONE', ( #1387 ), #2189, .F. ) ;
#2605 = DIRECTION ( 'NONE',  ( 0.000000000000000000, -0.000000000000000000, 1.000000000000000000 ) ) ;
#2606 = EDGE_LOOP ( 'NONE', ( #212, #1197, #2639, #3404 ) ) ;
#2607 = DIRECTION ( 'NONE',  ( 0.000000000000000000, 0.000000000000000000, 1.000000000000000000 ) ) ;
#2608 = ORIENTED_EDGE ( 'NONE', *, *, #2797, .F. ) ;
#2609 = DIRECTION ( 'NONE',  ( 0.000000000000000000, 1.000000000000000000, 0.000000000000000000 ) ) ;
#2610 = CARTESIAN_POINT ( 'NONE',  ( -139.0000000000000000, 4.000000000000000000, -60.00000000000000000 ) ) ;
#2611 = DIRECTION ( 'NONE',  ( 0.000000000000000000, 0.000000000000000000, 1.000000000000000000 ) ) ;
#2612 = CARTESIAN_POINT ( 'NONE',  ( -131.0000000000000000, 0.000000000000000000, -60.00000000000000000 ) ) ;
#2613 = DIRECTION ( 'NONE',  ( 0.000000000000000000, 0.000000000000000000, -1.000000000000000000 ) ) ;
#2614 = VERTEX_POINT ( 'NONE', #4384 ) ;
#2615 = ORIENTED_EDGE ( 'NONE', *, *, #1421, .T. ) ;
#2616 = EDGE_CURVE ( 'NONE', #1363, #4218, #2861, .T. ) ;
#2617 = DIRECTION ( 'NONE',  ( 0.000000000000000000, 0.000000000000000000, 1.000000000000000000 ) ) ;
#2618 = DIRECTION ( 'NONE',  ( -1.000000000000000000, 0.000000000000000000, 0.000000000000000000 ) ) ;
#2619 = EDGE_LOOP ( 'NONE', ( #4041, #897 ) ) ;
#2620 = DIRECTION ( 'NONE',  ( 0.000000000000000000, 1.000000000000000000, 0.000000000000000000 ) ) ;
#2621 = FACE_OUTER_BOUND ( 'NONE', #851, .T. ) ;
#2622 = EDGE_CURVE ( 'NONE', #424, #4602, #1049, .T. ) ;
#2623 = VERTEX_POINT ( 'NONE', #3221 ) ;
#2624 = DIRECTION ( 'NONE',  ( 0.000000000000000000, 0.000000000000000000, 1.000000000000000000 ) ) ;
#2625 = EDGE_LOOP ( 'NONE', ( #2703, #4505, #4342, #1808 ) ) ;
#2626 = DIRECTION ( 'NONE',  ( 0.000000000000000000, 1.000000000000000000, 0.000000000000000000 ) ) ;
#2627 = ORIENTED_EDGE ( 'NONE', *, *, #3878, .T. ) ;
#2628 = CARTESIAN_POINT ( 'NONE',  ( -50.84314575050770202, 0.000000000000000000, -58.00000000000000000 ) ) ;
#2629 = VECTOR ( 'NONE', #3564, 1000.000000000000000 ) ;
#2630 = DIRECTION ( 'NONE',  ( 0.000000000000000000, 0.000000000000000000, 1.000000000000000000 ) ) ;
#2631 = CIRCLE ( 'NONE', #4223, 1.500000000000001332 ) ;
#2632 = FACE_OUTER_BOUND ( 'NONE', #648, .T. ) ;
#2633 = VECTOR ( 'NONE', #3233, 1000.000000000000000 ) ;
#2634 = CARTESIAN_POINT ( 'NONE',  ( -51.00000000000000000, 0.000000000000000000, 20.00000000000000000 ) ) ;
#2635 = AXIS2_PLACEMENT_3D ( 'NONE', #2132, #3880, #3905 ) ;
#2636 = ADVANCED_FACE ( 'NONE', ( #667 ), #3658, .F. ) ;
#2637 = VERTEX_POINT ( 'NONE', #3607 ) ;
#2638 = EDGE_CURVE ( 'NONE', #2844, #3149, #3478, .T. ) ;
#2639 = ORIENTED_EDGE ( 'NONE', *, *, #2911, .T. ) ;
#2640 = EDGE_CURVE ( 'NONE', #2474, #1117, #2108, .T. ) ;
#2641 = CIRCLE ( 'NONE', #2180, 1.500000000000001332 ) ;
#2642 = CYLINDRICAL_SURFACE ( 'NONE', #738, 1.500000000000001332 ) ;
#2643 = DIRECTION ( 'NONE',  ( 0.000000000000000000, 1.000000000000000000, 0.000000000000000000 ) ) ;
#2644 = VERTEX_POINT ( 'NONE', #2889 ) ;
#2645 = AXIS2_PLACEMENT_3D ( 'NONE', #3626, #2158, #3887 ) ;
#2646 = FACE_BOUND ( 'NONE', #3002, .T. ) ;
#2647 = CARTESIAN_POINT ( 'NONE',  ( -36.00000000000000000, 4.000000000000000000, 79.00000000000000000 ) ) ;
#2648 = AXIS2_PLACEMENT_3D ( 'NONE', #321, #4289, #609 ) ;
#2649 = PERSON_AND_ORGANIZATION ( #2321, #1644 ) ;
#2650 = VERTEX_POINT ( 'NONE', #709 ) ;
#2651 = DIRECTION ( 'NONE',  ( 1.000000000000000000, 0.000000000000000000, 0.000000000000000000 ) ) ;
#2652 = EDGE_LOOP ( 'NONE', ( #374, #1915 ) ) ;
#2653 = CARTESIAN_POINT ( 'NONE',  ( 0.000000000000000000, 4.000000000000000000, -135.0000000000000000 ) ) ;
#2654 = ORIENTED_EDGE ( 'NONE', *, *, #2721, .F. ) ;
#2655 = FACE_OUTER_BOUND ( 'NONE', #1056, .T. ) ;
#2656 = CIRCLE ( 'NONE', #3269, 6.000000000000005329 ) ;
#2657 = CARTESIAN_POINT ( 'NONE',  ( -1.292069899348242063E-14, 4.000000000000000000, -135.0000000000000000 ) ) ;
#2658 = DIRECTION ( 'NONE',  ( 0.000000000000000000, 1.000000000000000000, 0.000000000000000000 ) ) ;
#2659 = CIRCLE ( 'NONE', #3356, 1.500000000000001332 ) ;
#2660 = CYLINDRICAL_SURFACE ( 'NONE', #1259, 1.500000000000001332 ) ;
#2661 = EDGE_CURVE ( 'NONE', #964, #1631, #4541, .T. ) ;
#2662 = ORIENTED_EDGE ( 'NONE', *, *, #1642, .F. ) ;
#2663 = ORIENTED_EDGE ( 'NONE', *, *, #4075, .T. ) ;
#2664 = CARTESIAN_POINT ( 'NONE',  ( -30.00000000000000000, 4.000000000000000000, -130.0000000000000000 ) ) ;
#2665 = AXIS2_PLACEMENT_3D ( 'NONE', #99, #4426, #464 ) ;
#2666 = CYLINDRICAL_SURFACE ( 'NONE', #1891, 1.500000000000001332 ) ;
#2667 = PLANE ( 'NONE',  #3160 ) ;
#2668 = ORIENTED_EDGE ( 'NONE', *, *, #4075, .F. ) ;
#2669 = CIRCLE ( 'NONE', #1834, 1.500000000000001332 ) ;
#2670 = AXIS2_PLACEMENT_3D ( 'NONE', #3971, #2799, #696 ) ;
#2671 = FACE_BOUND ( 'NONE', #1165, .T. ) ;
#2672 = AXIS2_PLACEMENT_3D ( 'NONE', #1132, #4082, #2989 ) ;
#2673 = DATE_AND_TIME ( #4438, #3248 ) ;
#2674 = ORIENTED_EDGE ( 'NONE', *, *, #3933, .T. ) ;
#2675 = DIRECTION ( 'NONE',  ( 0.000000000000000000, 0.000000000000000000, 1.000000000000000000 ) ) ;
#2676 = ORIENTED_EDGE ( 'NONE', *, *, #4098, .F. ) ;
#2677 = CARTESIAN_POINT ( 'NONE',  ( -139.0000000000000000, 0.000000000000000000, -81.00000000000000000 ) ) ;
#2678 = EDGE_CURVE ( 'NONE', #3267, #1589, #2574, .T. ) ;
#2679 = CARTESIAN_POINT ( 'NONE',  ( -15.00000000000000000, 0.000000000000000000, 50.00000000000000000 ) ) ;
#2680 = LINE ( 'NONE', #1963, #3417 ) ;
#2681 = CARTESIAN_POINT ( 'NONE',  ( -37.50000000000000000, 0.000000000000000000, 128.5000000000000000 ) ) ;
#2682 = CARTESIAN_POINT ( 'NONE',  ( -30.00000000000000000, 0.000000000000000000, 45.00000000000000000 ) ) ;
#2683 = ORIENTED_EDGE ( 'NONE', *, *, #3698, .T. ) ;
#2684 = ORIENTED_EDGE ( 'NONE', *, *, #1751, .T. ) ;
#2685 = LINE ( 'NONE', #149, #2719 ) ;
#2686 = DIRECTION ( 'NONE',  ( 0.000000000000000000, 0.000000000000000000, 1.000000000000000000 ) ) ;
#2687 = DIRECTION ( 'NONE',  ( 0.000000000000000000, 0.000000000000000000, 1.000000000000000000 ) ) ;
#2688 = ORIENTED_EDGE ( 'NONE', *, *, #3899, .T. ) ;
#2689 = DIRECTION ( 'NONE',  ( 0.000000000000000000, 0.000000000000000000, 1.000000000000000000 ) ) ;
#2690 = ORIENTED_EDGE ( 'NONE', *, *, #3650, .T. ) ;
#2691 = CARTESIAN_POINT ( 'NONE',  ( -56.50000000000000000, 0.000000000000000000, -50.84314575050760254 ) ) ;
#2692 = ADVANCED_FACE ( 'NONE', ( #1504, #4073, #471, #807, #403, #106, #829, #1932, #1861, #2646, #130, #1215, #1189, #3388, #4483, #1598, #3681, #2984, #1953, #3703, #1573, #1170, #2671, #3027, #4126, #852, #490, #3412, #3054, #4103, #4506, #450, #2960, #3750, #2301, #2280, #2258, #3770, #3343, #1237, #68, #3369, #4031, #1911, #4413, #3730, #763, #87, #3317 ), #2214, .T. ) ;
#2693 = EDGE_CURVE ( 'NONE', #2050, #2813, #4055, .T. ) ;
#2694 = EDGE_CURVE ( 'NONE', #2220, #2835, #573, .T. ) ;
#2695 = CARTESIAN_POINT ( 'NONE',  ( -30.00000000000000000, 0.000000000000000000, 98.50000000000000000 ) ) ;
#2696 = VERTEX_POINT ( 'NONE', #1530 ) ;
#2697 = CARTESIAN_POINT ( 'NONE',  ( -15.00000000000000000, 0.000000000000000000, 83.50000000000000000 ) ) ;
#2698 = EDGE_CURVE ( 'NONE', #1665, #3814, #3003, .T. ) ;
#2699 = CARTESIAN_POINT ( 'NONE',  ( -24.50000000000000000, -6.000000000000000000, 69.75000000000000000 ) ) ;
#2700 = CARTESIAN_POINT ( 'NONE',  ( -36.00000000000000000, 4.000000000000000000, 122.5000000000000000 ) ) ;
#2701 = DIRECTION ( 'NONE',  ( 0.000000000000000000, 0.000000000000000000, 1.000000000000000000 ) ) ;
#2702 = DIRECTION ( 'NONE',  ( 0.000000000000000000, -0.000000000000000000, 1.000000000000000000 ) ) ;
#2703 = ORIENTED_EDGE ( 'NONE', *, *, #35, .F. ) ;
#2704 = VERTEX_POINT ( 'NONE', #1689 ) ;
#2705 = CIRCLE ( 'NONE', #1031, 1.500000000000001332 ) ;
#2706 = CARTESIAN_POINT ( 'NONE',  ( -110.0000000000000000, 0.000000000000000000, -72.00000000000000000 ) ) ;
#2707 = CIRCLE ( 'NONE', #3086, 1.500000000000001332 ) ;
#2708 = AXIS2_PLACEMENT_3D ( 'NONE', #2982, #3341, #4071 ) ;
#2709 = CARTESIAN_POINT ( 'NONE',  ( -15.00000000000000000, 0.000000000000000000, -130.0000000000000000 ) ) ;
#2710 = ORIENTED_EDGE ( 'NONE', *, *, #2127, .T. ) ;
#2711 = DIRECTION ( 'NONE',  ( 1.284980352575411713E-16, 0.000000000000000000, -1.000000000000000000 ) ) ;
#2712 = CIRCLE ( 'NONE', #114, 1.250000000000001110 ) ;
#2713 = ORIENTED_EDGE ( 'NONE', *, *, #2622, .F. ) ;
#2714 = AXIS2_PLACEMENT_3D ( 'NONE', #941, #3527, #2389 ) ;
#2715 = CARTESIAN_POINT ( 'NONE',  ( -30.00000000000000000, 4.000000000000000000, 113.5000000000000000 ) ) ;
#2716 = CARTESIAN_POINT ( 'NONE',  ( -137.0000000000000000, 0.000000000000000000, 19.00000000000000000 ) ) ;
#2717 = ORIENTED_EDGE ( 'NONE', *, *, #252, .T. ) ;
#2718 = DIRECTION ( 'NONE',  ( 0.000000000000000000, 1.000000000000000000, 0.000000000000000000 ) ) ;
#2719 = VECTOR ( 'NONE', #1615, 1000.000000000000000 ) ;
#2721 = EDGE_CURVE ( 'NONE', #6, #3324, #50, .T. ) ;
#2720 = DIRECTION ( 'NONE',  ( 0.000000000000000000, 1.000000000000000000, 0.000000000000000000 ) ) ;
#2722 = CARTESIAN_POINT ( 'NONE',  ( -29.00000000000000000, 0.000000000000000000, -72.00000000000000000 ) ) ;
#2723 = CIRCLE ( 'NONE', #1130, 1.500000000000001332 ) ;
#2724 = DIRECTION ( 'NONE',  ( 0.000000000000000000, 1.000000000000000000, 0.000000000000000000 ) ) ;
#2725 = VECTOR ( 'NONE', #4681, 1000.000000000000000 ) ;
#2726 = DIRECTION ( 'NONE',  ( 0.000000000000000000, 1.000000000000000000, 0.000000000000000000 ) ) ;
#2727 = EDGE_LOOP ( 'NONE', ( #3876, #4422, #2170, #767 ) ) ;
#2728 = ORIENTED_EDGE ( 'NONE', *, *, #2081, .T. ) ;
#2729 = DIRECTION ( 'NONE',  ( 0.000000000000000000, 1.000000000000000000, 0.000000000000000000 ) ) ;
#2730 = VERTEX_POINT ( 'NONE', #4522 ) ;
#2731 = DIRECTION ( 'NONE',  ( 0.000000000000000000, 0.000000000000000000, -1.000000000000000000 ) ) ;
#2732 = EDGE_CURVE ( 'NONE', #2526, #3753, #4237, .T. ) ;
#2733 = ORIENTED_EDGE ( 'NONE', *, *, #892, .F. ) ;
#2734 = DIRECTION ( 'NONE',  ( 0.000000000000000000, 1.000000000000000000, 0.000000000000000000 ) ) ;
#2735 = AXIS2_PLACEMENT_3D ( 'NONE', #1296, #3780, #3105 ) ;
#2736 = ORIENTED_EDGE ( 'NONE', *, *, #965, .T. ) ;
#2737 = CARTESIAN_POINT ( 'NONE',  ( -15.00000000000000000, -6.000000000000000000, -50.00000000000000000 ) ) ;
#2738 = EDGE_CURVE ( 'NONE', #3674, #1658, #612, .T. ) ;
#2739 = CARTESIAN_POINT ( 'NONE',  ( -15.00000000000000000, -6.000000000000000000, -128.5000000000000000 ) ) ;
#2740 = EDGE_CURVE ( 'NONE', #1276, #1757, #3477, .T. ) ;
#2741 = DIRECTION ( 'NONE',  ( 0.000000000000000000, 1.000000000000000000, 0.000000000000000000 ) ) ;
#2742 = ORIENTED_EDGE ( 'NONE', *, *, #3575, .F. ) ;
#2743 = CARTESIAN_POINT ( 'NONE',  ( -110.0000000000000000, 4.000000000000000000, 72.00000000000000000 ) ) ;
#2744 = CIRCLE ( 'NONE', #991, 1.500000000000001332 ) ;
#2745 = ADVANCED_FACE ( 'NONE', ( #969 ), #554, .F. ) ;
#2746 = EDGE_LOOP ( 'NONE', ( #1927, #2392, #60, #2305 ) ) ;
#2747 = DIRECTION ( 'NONE',  ( 0.000000000000000000, 1.000000000000000000, 0.000000000000000000 ) ) ;
#2748 = CARTESIAN_POINT ( 'NONE',  ( -122.5000000000000000, -6.000000000000000000, 17.00000000000000000 ) ) ;
#2749 = CIRCLE ( 'NONE', #392, 1.500000000000001332 ) ;
#2750 = CARTESIAN_POINT ( 'NONE',  ( -122.5000000000000000, 4.000000000000000000, -42.25000000000000000 ) ) ;
#2751 = CARTESIAN_POINT ( 'NONE',  ( -24.50000000000000000, 4.000000000000000000, 129.0000000000000000 ) ) ;
#2752 = ADVANCED_FACE ( 'NONE', ( #4189 ), #919, .F. ) ;
#2753 = ORIENTED_EDGE ( 'NONE', *, *, #2311, .T. ) ;
#2754 = ORIENTED_EDGE ( 'NONE', *, *, #723, .T. ) ;
#2755 = DIRECTION ( 'NONE',  ( 0.000000000000000000, 1.000000000000000000, 0.000000000000000000 ) ) ;
#2756 = EDGE_LOOP ( 'NONE', ( #1405, #1733 ) ) ;
#2757 = EDGE_CURVE ( 'NONE', #4484, #1265, #4594, .T. ) ;
#2758 = CARTESIAN_POINT ( 'NONE',  ( -29.00000000000000000, 4.000000000000000000, -70.50000000000000000 ) ) ;
#2759 = ORIENTED_EDGE ( 'NONE', *, *, #1211, .F. ) ;
#2760 = DIRECTION ( 'NONE',  ( 0.000000000000000000, 1.000000000000000000, 0.000000000000000000 ) ) ;
#2761 = ORIENTED_EDGE ( 'NONE', *, *, #1065, .F. ) ;
#2762 = DIRECTION ( 'NONE',  ( 0.000000000000000000, 1.000000000000000000, 0.000000000000000000 ) ) ;
#2763 = VERTEX_POINT ( 'NONE', #2345 ) ;
#2764 = FACE_BOUND ( 'NONE', #4499, .T. ) ;
#2765 = ORIENTED_EDGE ( 'NONE', *, *, #1853, .T. ) ;
#2766 = EDGE_CURVE ( 'NONE', #1676, #1000, #3092, .T. ) ;
#2767 = DIRECTION ( 'NONE',  ( 0.000000000000000000, 1.000000000000000000, 0.000000000000000000 ) ) ;
#2768 = ORIENTED_EDGE ( 'NONE', *, *, #2921, .F. ) ;
#2769 = CARTESIAN_POINT ( 'NONE',  ( -36.00000000000000000, 0.000000000000000000, 72.50000000000000000 ) ) ;
#2770 = ORIENTED_EDGE ( 'NONE', *, *, #1071, .F. ) ;
#2771 = CARTESIAN_POINT ( 'NONE',  ( -81.00000000000000000, 0.000000000000000000, 53.75000000000000000 ) ) ;
#2772 = CARTESIAN_POINT ( 'NONE',  ( -36.00000000000000000, -6.000000000000000000, 119.5000000000000000 ) ) ;
#2773 = CYLINDRICAL_SURFACE ( 'NONE', #420, 1.500000000000001332 ) ;
#2774 = ORIENTED_EDGE ( 'NONE', *, *, #217, .T. ) ;
#2775 = EDGE_LOOP ( 'NONE', ( #1208, #2295, #3771, #19 ) ) ;
#2776 = FACE_OUTER_BOUND ( 'NONE', #3364, .T. ) ;
#2777 = ORIENTED_EDGE ( 'NONE', *, *, #3638, .F. ) ;
#2778 = FACE_OUTER_BOUND ( 'NONE', #744, .T. ) ;
#2779 = EDGE_CURVE ( 'NONE', #2399, #2199, #119, .T. ) ;
#2780 = VECTOR ( 'NONE', #3291, 1000.000000000000000 ) ;
#2781 = EDGE_LOOP ( 'NONE', ( #2065, #4629, #1434, #894 ) ) ;
#2782 = EDGE_CURVE ( 'NONE', #1636, #4379, #3942, .T. ) ;
#2783 = DIRECTION ( 'NONE',  ( 0.000000000000000000, 1.000000000000000000, 0.000000000000000000 ) ) ;
#2784 = VERTEX_POINT ( 'NONE', #3859 ) ;
#2785 = DIRECTION ( 'NONE',  ( 0.000000000000000000, 1.000000000000000000, 0.000000000000000000 ) ) ;
#2786 = DIRECTION ( 'NONE',  ( 0.000000000000000000, 0.000000000000000000, -1.000000000000000000 ) ) ;
#2787 = CIRCLE ( 'NONE', #4084, 1.500000000000001332 ) ;
#2788 = FACE_BOUND ( 'NONE', #4128, .T. ) ;
#2789 = VERTEX_POINT ( 'NONE', #895 ) ;
#2790 = DIRECTION ( 'NONE',  ( 0.000000000000000000, 0.000000000000000000, 1.000000000000000000 ) ) ;
#2791 = VECTOR ( 'NONE', #3115, 1000.000000000000000 ) ;
#2792 = ORIENTED_EDGE ( 'NONE', *, *, #3087, .F. ) ;
#2793 = CARTESIAN_POINT ( 'NONE',  ( -30.00000000000000000, 0.000000000000000000, -130.0000000000000000 ) ) ;
#2794 = VERTEX_POINT ( 'NONE', #2045 ) ;
#2795 = EDGE_CURVE ( 'NONE', #4686, #1662, #4318, .T. ) ;
#2796 = LINE ( 'NONE', #3663, #1661 ) ;
#2797 = EDGE_CURVE ( 'NONE', #3351, #2784, #1345, .T. ) ;
#2798 = CARTESIAN_POINT ( 'NONE',  ( -139.0000000000000000, 4.000000000000000000, -81.00000000000000000 ) ) ;
#2799 = DIRECTION ( 'NONE',  ( 0.000000000000000000, 1.000000000000000000, 0.000000000000000000 ) ) ;
#2800 = AXIS2_PLACEMENT_3D ( 'NONE', #1425, #1069, #2066 ) ;
#2801 = ORIENTED_EDGE ( 'NONE', *, *, #2138, .T. ) ;
#2802 = ORIENTED_EDGE ( 'NONE', *, *, #742, .T. ) ;
#2803 = CARTESIAN_POINT ( 'NONE',  ( -50.84314575050770202, 0.000000000000000000, 58.00000000000000000 ) ) ;
#2804 = AXIS2_PLACEMENT_3D ( 'NONE', #2079, #3491, #1340 ) ;
#2805 = ORIENTED_EDGE ( 'NONE', *, *, #2466, .F. ) ;
#2806 = EDGE_CURVE ( 'NONE', #81, #2121, #229, .T. ) ;
#2807 = CARTESIAN_POINT ( 'NONE',  ( -3.876209698044729818E-14, 4.000000000000000000, 135.0000000000000000 ) ) ;
#2808 = AXIS2_PLACEMENT_3D ( 'NONE', #1152, #769, #2675 ) ;
#2809 = EDGE_LOOP ( 'NONE', ( #2404, #758 ) ) ;
#2810 = CARTESIAN_POINT ( 'NONE',  ( -47.50000000000000000, 0.000000000000000000, 91.00000000000000000 ) ) ;
#2811 = DIRECTION ( 'NONE',  ( 0.000000000000000000, 0.000000000000000000, 1.000000000000000000 ) ) ;
#2812 = CARTESIAN_POINT ( 'NONE',  ( -36.00000000000000000, 4.000000000000000000, 80.50000000000000000 ) ) ;
#2813 = VERTEX_POINT ( 'NONE', #4236 ) ;
#2814 = CIRCLE ( 'NONE', #3200, 1.500000000000001332 ) ;
#2815 = DIRECTION ( 'NONE',  ( 0.000000000000000000, 1.000000000000000000, 0.000000000000000000 ) ) ;
#2816 = EDGE_LOOP ( 'NONE', ( #2018, #3473 ) ) ;
#2817 = CYLINDRICAL_SURFACE ( 'NONE', #4267, 1.500000000000001332 ) ;
#2818 = ORIENTED_EDGE ( 'NONE', *, *, #2616, .F. ) ;
#2819 = AXIS2_PLACEMENT_3D ( 'NONE', #3181, #3994, #7 ) ;
#2820 = PERSON_AND_ORGANIZATION ( #2321, #1644 ) ;
#2821 = DIRECTION ( 'NONE',  ( 0.000000000000000000, 1.000000000000000000, 0.000000000000000000 ) ) ;
#2822 = VERTEX_POINT ( 'NONE', #3162 ) ;
#2823 = CARTESIAN_POINT ( 'NONE',  ( -110.0000000000000000, 0.000000000000000000, -73.50000000000000000 ) ) ;
#2824 = VECTOR ( 'NONE', #264, 1000.000000000000000 ) ;
#2825 = CYLINDRICAL_SURFACE ( 'NONE', #528, 1.250000000000011546 ) ;
#2826 = EDGE_CURVE ( 'NONE', #3485, #3305, #1878, .T. ) ;
#2827 = DIRECTION ( 'NONE',  ( 0.000000000000000000, 1.000000000000000000, 0.000000000000000000 ) ) ;
#2828 = ORIENTED_EDGE ( 'NONE', *, *, #2693, .T. ) ;
#2829 = ORIENTED_EDGE ( 'NONE', *, *, #2563, .T. ) ;
#2830 = FACE_OUTER_BOUND ( 'NONE', #1814, .T. ) ;
#2831 = ORIENTED_EDGE ( 'NONE', *, *, #940, .F. ) ;
#2832 = CARTESIAN_POINT ( 'NONE',  ( -36.00000000000000000, 4.000000000000000000, 121.0000000000000000 ) ) ;
#2833 = CARTESIAN_POINT ( 'NONE',  ( -15.00000000000000000, 4.000000000000000000, 100.0000000000000000 ) ) ;
#2834 = AXIS2_PLACEMENT_3D ( 'NONE', #1648, #4215, #3100 ) ;
#2835 = VERTEX_POINT ( 'NONE', #4143 ) ;
#2836 = CARTESIAN_POINT ( 'NONE',  ( -50.84314575050770202, 4.000000000000000000, -56.50000000000000000 ) ) ;
#2837 = CARTESIAN_POINT ( 'NONE',  ( 0.000000000000000000, 4.000000000000000000, -135.0000000000000000 ) ) ;
#2838 = DIRECTION ( 'NONE',  ( 0.000000000000000000, 1.000000000000000000, 0.000000000000000000 ) ) ;
#2839 = FACE_BOUND ( 'NONE', #3448, .T. ) ;
#2840 = VERTEX_POINT ( 'NONE', #870 ) ;
#2841 = CARTESIAN_POINT ( 'NONE',  ( -30.00000000000000000, -6.000000000000000000, 50.00000000000000000 ) ) ;
#2842 = COORDINATED_UNIVERSAL_TIME_OFFSET ( 8, 0, .AHEAD. ) ;
#2843 = CARTESIAN_POINT ( 'NONE',  ( -15.00000000000000000, 0.000000000000000000, 116.5000000000000000 ) ) ;
#2844 = VERTEX_POINT ( 'NONE', #2319 ) ;
#2845 = EDGE_CURVE ( 'NONE', #2763, #2822, #515, .T. ) ;
#2846 = ADVANCED_FACE ( 'NONE', ( #1618 ), #3454, .F. ) ;
#2847 = CARTESIAN_POINT ( 'NONE',  ( -139.0000000000000000, 4.000000000000000000, 75.00000000000000000 ) ) ;
#2848 = EDGE_CURVE ( 'NONE', #3427, #1265, #1354, .T. ) ;
#2849 = DIRECTION ( 'NONE',  ( 0.000000000000000000, 1.000000000000000000, 0.000000000000000000 ) ) ;
#2850 = EDGE_CURVE ( 'NONE', #2844, #3763, #995, .T. ) ;
#2851 = DIRECTION ( 'NONE',  ( 0.000000000000000000, 0.000000000000000000, 1.000000000000000000 ) ) ;
#2852 = ORIENTED_EDGE ( 'NONE', *, *, #2905, .F. ) ;
#2853 = CARTESIAN_POINT ( 'NONE',  ( -80.00000000000000000, 4.000000000000000000, -49.50000000000000000 ) ) ;
#2854 = DIRECTION ( 'NONE',  ( 0.000000000000000000, 0.000000000000000000, 1.000000000000000000 ) ) ;
#2855 = LINE ( 'NONE', #4338, #4247 ) ;
#2856 = ORIENTED_EDGE ( 'NONE', *, *, #2259, .T. ) ;
#2857 = AXIS2_PLACEMENT_3D ( 'NONE', #1047, #3959, #685 ) ;
#2858 = CARTESIAN_POINT ( 'NONE',  ( -73.50000000000000000, 4.000000000000000000, 17.00000000000000000 ) ) ;
#2859 = DIRECTION ( 'NONE',  ( 0.000000000000000000, 1.000000000000000000, 0.000000000000000000 ) ) ;
#2860 = VERTEX_POINT ( 'NONE', #934 ) ;
#2861 = LINE ( 'NONE', #3244, #3022 ) ;
#2862 = AXIS2_PLACEMENT_3D ( 'NONE', #3401, #795, #753 ) ;
#2863 = VERTEX_POINT ( 'NONE', #2382 ) ;
#2864 = CARTESIAN_POINT ( 'NONE',  ( -15.00000000000000000, 0.000000000000000000, 113.5000000000000000 ) ) ;
#2865 = APPROVAL_PERSON_ORGANIZATION ( #1410, #1201, #3610 ) ;
#2866 = LINE ( 'NONE', #3205, #1255 ) ;
#2867 = EDGE_LOOP ( 'NONE', ( #1468, #2040, #336, #4542 ) ) ;
#2868 = CIRCLE ( 'NONE', #2395, 1.500000000000001332 ) ;
#2869 = CARTESIAN_POINT ( 'NONE',  ( -15.00000000000000000, 4.000000000000000000, 100.0000000000000000 ) ) ;
#2870 = CC_DESIGN_APPROVAL ( #3883, ( #1903 ) ) ;
#2871 = CARTESIAN_POINT ( 'NONE',  ( -36.00000000000000000, -6.000000000000000000, 72.50000000000000000 ) ) ;
#2872 = VECTOR ( 'NONE', #2620, 1000.000000000000000 ) ;
#2873 = AXIS2_PLACEMENT_3D ( 'NONE', #76, #1490, #4087 ) ;
#2874 = EDGE_CURVE ( 'NONE', #262, #3890, #3407, .T. ) ;
#2875 = DIRECTION ( 'NONE',  ( 0.000000000000000000, 1.000000000000000000, 0.000000000000000000 ) ) ;
#2876 = CIRCLE ( 'NONE', #2111, 1.500000000000001332 ) ;
#2877 = ORIENTED_EDGE ( 'NONE', *, *, #571, .T. ) ;
#2878 = PLANE ( 'NONE',  #2320 ) ;
#2879 = AXIS2_PLACEMENT_3D ( 'NONE', #4185, #1570, #917 ) ;
#2880 = DIRECTION ( 'NONE',  ( 0.000000000000000000, 1.000000000000000000, 0.000000000000000000 ) ) ;
#2881 = CARTESIAN_POINT ( 'NONE',  ( -36.00000000000000000, -6.000000000000000000, 79.00000000000000000 ) ) ;
#2882 = VERTEX_POINT ( 'NONE', #914 ) ;
#2883 = VECTOR ( 'NONE', #1677, 1000.000000000000000 ) ;
#2884 = EDGE_CURVE ( 'NONE', #4263, #4641, #3471, .T. ) ;
#2885 = AXIS2_PLACEMENT_3D ( 'NONE', #2238, #1512, #3707 ) ;
#2886 = LINE ( 'NONE', #2522, #506 ) ;
#2887 = CARTESIAN_POINT ( 'NONE',  ( -139.0000000000000000, 0.000000000000000000, -32.25000000000000000 ) ) ;
#2888 = ORIENTED_EDGE ( 'NONE', *, *, #507, .F. ) ;
#2889 = CARTESIAN_POINT ( 'NONE',  ( -37.50000000000000000, 4.000000000000000000, 125.5000000000000000 ) ) ;
#2890 = EDGE_LOOP ( 'NONE', ( #529, #2902, #2717, #429 ) ) ;
#2891 = FACE_OUTER_BOUND ( 'NONE', #3667, .T. ) ;
#2892 = DIRECTION ( 'NONE',  ( 0.000000000000000000, 0.000000000000000000, 1.000000000000000000 ) ) ;
#2893 = CARTESIAN_POINT ( 'NONE',  ( -137.0000000000000000, 0.000000000000000000, 19.00000000000000000 ) ) ;
#2894 = VERTEX_POINT ( 'NONE', #3812 ) ;
#2895 = CARTESIAN_POINT ( 'NONE',  ( -30.00000000000000000, -6.000000000000000000, -48.50000000000000000 ) ) ;
#2896 = CIRCLE ( 'NONE', #3578, 6.999999999999999112 ) ;
#2897 = CC_DESIGN_DATE_AND_TIME_ASSIGNMENT ( #3224, #4676, ( #1903 ) ) ;
#2898 = ORIENTED_EDGE ( 'NONE', *, *, #1947, .T. ) ;
#2899 = DIRECTION ( 'NONE',  ( 0.000000000000000000, 0.000000000000000000, 1.000000000000000000 ) ) ;
#2900 = AXIS2_PLACEMENT_3D ( 'NONE', #335, #2460, #1395 ) ;
#2901 = CARTESIAN_POINT ( 'NONE',  ( -139.0000000000000000, 0.000000000000000000, -31.00000000000000000 ) ) ;
#2902 = ORIENTED_EDGE ( 'NONE', *, *, #2732, .F. ) ;
#2903 = LINE ( 'NONE', #1448, #426 ) ;
#2904 = AXIS2_PLACEMENT_3D ( 'NONE', #557, #2020, #2048 ) ;
#2905 = EDGE_CURVE ( 'NONE', #3733, #1323, #485, .T. ) ;
#2906 = FACE_OUTER_BOUND ( 'NONE', #3521, .T. ) ;
#2907 = EDGE_CURVE ( 'NONE', #1605, #2537, #1806, .T. ) ;
#2908 = VERTEX_POINT ( 'NONE', #4544 ) ;
#2909 = ORIENTED_EDGE ( 'NONE', *, *, #1535, .T. ) ;
#2910 = CIRCLE ( 'NONE', #8, 1.500000000000001332 ) ;
#2911 = EDGE_CURVE ( 'NONE', #4686, #3242, #2314, .T. ) ;
#2912 = CARTESIAN_POINT ( 'NONE',  ( -15.00000000000000000, 4.000000000000000000, -60.00000000000000000 ) ) ;
#2913 = DIRECTION ( 'NONE',  ( 0.000000000000000000, 0.000000000000000000, 1.000000000000000000 ) ) ;
#2914 = VERTEX_POINT ( 'NONE', #4183 ) ;
#2915 = DIRECTION ( 'NONE',  ( 0.000000000000000000, 0.000000000000000000, -1.000000000000000000 ) ) ;
#2916 = ORIENTED_EDGE ( 'NONE', *, *, #3650, .F. ) ;
#2917 = CARTESIAN_POINT ( 'NONE',  ( -30.00000000000000000, 0.000000000000000000, 83.50000000000000000 ) ) ;
#2918 = CARTESIAN_POINT ( 'NONE',  ( -58.00000000000000000, 0.000000000000000000, 20.00000000000000000 ) ) ;
#2919 = ORIENTED_EDGE ( 'NONE', *, *, #433, .F. ) ;
#2920 = DIRECTION ( 'NONE',  ( 0.000000000000000000, 1.000000000000000000, 0.000000000000000000 ) ) ;
#2921 = EDGE_CURVE ( 'NONE', #4450, #2008, #194, .T. ) ;
#2922 = ORIENTED_EDGE ( 'NONE', *, *, #3243, .T. ) ;
#2923 = FACE_OUTER_BOUND ( 'NONE', #2188, .T. ) ;
#2924 = EDGE_LOOP ( 'NONE', ( #494, #1514, #2086, #3634 ) ) ;
#2925 = LINE ( 'NONE', #391, #3254 ) ;
#2926 = EDGE_LOOP ( 'NONE', ( #2196, #728, #1778, #846 ) ) ;
#2927 = DIRECTION ( 'NONE',  ( 0.000000000000000000, 1.000000000000000000, 0.000000000000000000 ) ) ;
#2928 = CARTESIAN_POINT ( 'NONE',  ( -137.0000000000000000, 0.000000000000000000, -15.00000000000000000 ) ) ;
#2929 = EDGE_LOOP ( 'NONE', ( #4296, #933, #3995, #629 ) ) ;
#2930 = EDGE_LOOP ( 'NONE', ( #3147, #1096, #368, #2488 ) ) ;
#2931 = EDGE_CURVE ( 'NONE', #3006, #2474, #510, .T. ) ;
#2932 = CARTESIAN_POINT ( 'NONE',  ( -139.0000000000000000, 4.000000000000000000, 53.75000000000000000 ) ) ;
#2933 = CARTESIAN_POINT ( 'NONE',  ( -80.00000000000000000, 4.000000000000000000, 46.50000000000000000 ) ) ;
#2934 = ORIENTED_EDGE ( 'NONE', *, *, #1508, .F. ) ;
#2935 = DIRECTION ( 'NONE',  ( 0.000000000000000000, 1.000000000000000000, 0.000000000000000000 ) ) ;
#2936 = ORIENTED_EDGE ( 'NONE', *, *, #2408, .T. ) ;
#2937 = DIRECTION ( 'NONE',  ( 0.000000000000000000, 1.000000000000000000, 0.000000000000000000 ) ) ;
#2938 = DATE_AND_TIME ( #43, #1569 ) ;
#2939 = ORIENTED_EDGE ( 'NONE', *, *, #1920, .F. ) ;
#2940 = CYLINDRICAL_SURFACE ( 'NONE', #1357, 1.500000000000001332 ) ;
#2941 = EDGE_LOOP ( 'NONE', ( #112, #3541, #221, #746 ) ) ;
#2942 = DIRECTION ( 'NONE',  ( 0.000000000000000000, 1.000000000000000000, 0.000000000000000000 ) ) ;
#2943 = ADVANCED_FACE ( 'NONE', ( #1946 ), #1304, .T. ) ;
#2944 = AXIS2_PLACEMENT_3D ( 'NONE', #100, #1943, #32 ) ;
#2945 = VERTEX_POINT ( 'NONE', #4565 ) ;
#2946 = EDGE_CURVE ( 'NONE', #401, #1847, #3110, .T. ) ;
#2947 = DIRECTION ( 'NONE',  ( 1.000000000000000000, 0.000000000000000000, -1.734723475976804876E-16 ) ) ;
#2948 = DIRECTION ( 'NONE',  ( 0.000000000000000000, 1.000000000000000000, 0.000000000000000000 ) ) ;
#2949 = AXIS2_PLACEMENT_3D ( 'NONE', #928, #4581, #3461 ) ;
#2950 = CARTESIAN_POINT ( 'NONE',  ( -73.50000000000000000, -6.000000000000000000, -42.25000000000000000 ) ) ;
#2951 = CYLINDRICAL_SURFACE ( 'NONE', #4007, 1.250000000000001110 ) ;
#2952 = ORIENTED_EDGE ( 'NONE', *, *, #1857, .F. ) ;
#2953 = ORIENTED_EDGE ( 'NONE', *, *, #197, .T. ) ;
#2954 = CIRCLE ( 'NONE', #816, 1.500000000000001332 ) ;
#2955 = EDGE_CURVE ( 'NONE', #4026, #34, #356, .T. ) ;
#2956 = CARTESIAN_POINT ( 'NONE',  ( -30.00000000000000000, 0.000000000000000000, 85.00000000000000000 ) ) ;
#2957 = VECTOR ( 'NONE', #2011, 1000.000000000000000 ) ;
#2958 = CARTESIAN_POINT ( 'NONE',  ( 2.877919977996279926E-15, 4.000000000000000000, -120.5000000000000000 ) ) ;
#2959 = VERTEX_POINT ( 'NONE', #223 ) ;
#2960 = FACE_BOUND ( 'NONE', #1700, .T. ) ;
#2961 = DIRECTION ( 'NONE',  ( 0.000000000000000000, 0.000000000000000000, 1.000000000000000000 ) ) ;
#2962 = VECTOR ( 'NONE', #1923, 1000.000000000000000 ) ;
#2963 = ORIENTED_EDGE ( 'NONE', *, *, #2442, .T. ) ;
#2964 = CYLINDRICAL_SURFACE ( 'NONE', #1970, 1.500000000000001332 ) ;
#2965 = VECTOR ( 'NONE', #46, 1000.000000000000000 ) ;
#2966 = EDGE_LOOP ( 'NONE', ( #549, #3745 ) ) ;
#2967 = CARTESIAN_POINT ( 'NONE',  ( -133.0000000000000000, 0.000000000000000000, -15.00000000000000000 ) ) ;
#2968 = VERTEX_POINT ( 'NONE', #3406 ) ;
#2969 = DIRECTION ( 'NONE',  ( 0.000000000000000000, 1.000000000000000000, 0.000000000000000000 ) ) ;
#2970 = CARTESIAN_POINT ( 'NONE',  ( -24.50000000000000000, 4.000000000000000000, 127.7500000000000000 ) ) ;
#2971 = AXIS2_PLACEMENT_3D ( 'NONE', #1372, #3540, #1444 ) ;
#2972 = LINE ( 'NONE', #4020, #1641 ) ;
#2973 = CARTESIAN_POINT ( 'NONE',  ( -80.00000000000000000, 0.000000000000000000, 72.00000000000000000 ) ) ;
#2974 = ADVANCED_FACE ( 'NONE', ( #866 ), #3787, .F. ) ;
#2975 = FACE_OUTER_BOUND ( 'NONE', #3293, .T. ) ;
#2976 = CIRCLE ( 'NONE', #907, 1.250000000000015099 ) ;
#2977 = ORIENTED_EDGE ( 'NONE', *, *, #3509, .T. ) ;
#2978 = VERTEX_POINT ( 'NONE', #2009 ) ;
#2979 = EDGE_CURVE ( 'NONE', #3372, #276, #4545, .T. ) ;
#2980 = AXIS2_PLACEMENT_3D ( 'NONE', #1078, #285, #3247 ) ;
#2981 = CARTESIAN_POINT ( 'NONE',  ( -139.0000000000000000, 0.000000000000000000, 75.00000000000000000 ) ) ;
#2982 = CARTESIAN_POINT ( 'NONE',  ( -36.00000000000000000, -6.000000000000000000, 79.00000000000000000 ) ) ;
#2983 = VERTEX_POINT ( 'NONE', #4139 ) ;
#2984 = FACE_BOUND ( 'NONE', #3830, .T. ) ;
#2985 = FACE_OUTER_BOUND ( 'NONE', #4011, .T. ) ;
#2986 = ORIENTED_EDGE ( 'NONE', *, *, #4334, .T. ) ;
#2987 = CARTESIAN_POINT ( 'NONE',  ( -30.00000000000000000, 0.000000000000000000, 115.0000000000000000 ) ) ;
#2988 = ORIENTED_EDGE ( 'NONE', *, *, #4679, .F. ) ;
#2989 = DIRECTION ( 'NONE',  ( 0.000000000000000000, 0.000000000000000000, 1.000000000000000000 ) ) ;
#2990 = EDGE_CURVE ( 'NONE', #2190, #397, #2685, .T. ) ;
#2991 = EDGE_LOOP ( 'NONE', ( #2415, #3856, #15, #3074 ) ) ;
#2993 = ADVANCED_FACE ( 'NONE', ( #3066 ), #4519, .F. ) ;
#2992 = CARTESIAN_POINT ( 'NONE',  ( -45.00000000000000000, 0.000000000000000000, -30.00000000000000000 ) ) ;
#2994 = DIRECTION ( 'NONE',  ( 1.284980352575411713E-16, 0.000000000000000000, 1.000000000000000000 ) ) ;
#2995 = EDGE_CURVE ( 'NONE', #2650, #2908, #1043, .T. ) ;
#2996 = DIRECTION ( 'NONE',  ( 0.000000000000000000, 1.000000000000000000, 0.000000000000000000 ) ) ;
#2997 = DIRECTION ( 'NONE',  ( 0.000000000000000000, 1.000000000000000000, 0.000000000000000000 ) ) ;
#2998 = EDGE_LOOP ( 'NONE', ( #4717, #2162, #1536, #1141 ) ) ;
#2999 = EDGE_LOOP ( 'NONE', ( #1740, #1566, #4290, #1350 ) ) ;
#3000 = CARTESIAN_POINT ( 'NONE',  ( -15.00000000000000000, -6.000000000000000000, -130.0000000000000000 ) ) ;
#3001 = DIRECTION ( 'NONE',  ( 0.000000000000000000, 0.000000000000000000, 1.000000000000000000 ) ) ;
#3002 = EDGE_LOOP ( 'NONE', ( #2608, #4209 ) ) ;
#3003 = LINE ( 'NONE', #4436, #4397 ) ;
#3004 = LINE ( 'NONE', #427, #4409 ) ;
#3005 = PERSON_AND_ORGANIZATION ( #2321, #1644 ) ;
#3006 = VERTEX_POINT ( 'NONE', #1632 ) ;
#3007 = LINE ( 'NONE', #4460, #3421 ) ;
#3008 = ORIENTED_EDGE ( 'NONE', *, *, #1690, .F. ) ;
#3009 = CARTESIAN_POINT ( 'NONE',  ( -110.0000000000000000, 4.000000000000000000, 72.00000000000000000 ) ) ;
#3010 = ORIENTED_EDGE ( 'NONE', *, *, #4212, .F. ) ;
#3011 = CARTESIAN_POINT ( 'NONE',  ( -15.00000000000000000, 4.000000000000000000, -51.50000000000000000 ) ) ;
#3012 = VECTOR ( 'NONE', #3897, 1000.000000000000000 ) ;
#3013 = CARTESIAN_POINT ( 'NONE',  ( -15.00000000000000000, 4.000000000000000000, 85.00000000000000000 ) ) ;
#3014 = AXIS2_PLACEMENT_3D ( 'NONE', #3728, #1479, #1571 ) ;
#3015 = CARTESIAN_POINT ( 'NONE',  ( -57.50000000000000000, 0.000000000000000000, 81.00000000000000000 ) ) ;
#3016 = CIRCLE ( 'NONE', #3929, 1.500000000000001332 ) ;
#3017 = CARTESIAN_POINT ( 'NONE',  ( -36.00000000000000000, 0.000000000000000000, 122.5000000000000000 ) ) ;
#3018 = VECTOR ( 'NONE', #2516, 1000.000000000000000 ) ;
#3019 = AXIS2_PLACEMENT_3D ( 'NONE', #2003, #2720, #3775 ) ;
#3020 = VERTEX_POINT ( 'NONE', #3603 ) ;
#3021 = EDGE_LOOP ( 'NONE', ( #3065, #2362 ) ) ;
#3022 = VECTOR ( 'NONE', #1815, 1000.000000000000000 ) ;
#3023 = CARTESIAN_POINT ( 'NONE',  ( -110.0000000000000000, 0.000000000000000000, -49.50000000000000000 ) ) ;
#3024 = LINE ( 'NONE', #2277, #4077 ) ;
#3025 = ORIENTED_EDGE ( 'NONE', *, *, #538, .T. ) ;
#3026 = AXIS2_PLACEMENT_3D ( 'NONE', #1072, #3979, #996 ) ;
#3027 = FACE_BOUND ( 'NONE', #4352, .T. ) ;
#3028 = EDGE_CURVE ( 'NONE', #3865, #736, #1383, .T. ) ;
#3029 = CIRCLE ( 'NONE', #968, 6.000000000000005329 ) ;
#3030 = ORIENTED_EDGE ( 'NONE', *, *, #3403, .F. ) ;
#3031 = LINE ( 'NONE', #408, #4106 ) ;
#3032 = VECTOR ( 'NONE', #2330, 1000.000000000000000 ) ;
#3033 = ORIENTED_EDGE ( 'NONE', *, *, #825, .T. ) ;
#3034 = DIRECTION ( 'NONE',  ( 0.000000000000000000, 0.000000000000000000, 1.000000000000000000 ) ) ;
#3035 = ORIENTED_EDGE ( 'NONE', *, *, #4175, .T. ) ;
#3036 = EDGE_CURVE ( 'NONE', #1662, #1077, #2469, .T. ) ;
#3037 = DIRECTION ( 'NONE',  ( 0.000000000000000000, 1.000000000000000000, 0.000000000000000000 ) ) ;
#3038 = CIRCLE ( 'NONE', #975, 1.500000000000001332 ) ;
#3039 = CARTESIAN_POINT ( 'NONE',  ( -145.0000000000000000, 4.000000000000000000, 75.00000000000000000 ) ) ;
#3040 = DIRECTION ( 'NONE',  ( 0.000000000000000000, 0.000000000000000000, 1.000000000000000000 ) ) ;
#3041 = AXIS2_PLACEMENT_3D ( 'NONE', #1842, #2234, #1817 ) ;
#3042 = CARTESIAN_POINT ( 'NONE',  ( -145.0000000000000000, 0.000000000000000000, 0.000000000000000000 ) ) ;
#3043 = AXIS2_PLACEMENT_3D ( 'NONE', #526, #1985, #998 ) ;
#3044 = VERTEX_POINT ( 'NONE', #3240 ) ;
#3045 = EDGE_LOOP ( 'NONE', ( #686, #4555, #1617, #952 ) ) ;
#3046 = DIRECTION ( 'NONE',  ( 0.000000000000000000, -1.000000000000000000, 0.000000000000000000 ) ) ;
#3047 = EDGE_CURVE ( 'NONE', #2008, #4566, #4702, .T. ) ;
#3048 = EDGE_CURVE ( 'NONE', #3305, #3485, #1127, .T. ) ;
#3049 = CARTESIAN_POINT ( 'NONE',  ( -47.50000000000000000, 4.000000000000000000, 91.00000000000000000 ) ) ;
#3050 = DIRECTION ( 'NONE',  ( 0.000000000000000000, 1.000000000000000000, 0.000000000000000000 ) ) ;
#3051 = ORIENTED_EDGE ( 'NONE', *, *, #1247, .T. ) ;
#3052 = CIRCLE ( 'NONE', #1149, 1.500000000000001332 ) ;
#3053 = VECTOR ( 'NONE', #3948, 1000.000000000000000 ) ;
#3054 = FACE_BOUND ( 'NONE', #1133, .T. ) ;
#3055 = ORIENTED_EDGE ( 'NONE', *, *, #2053, .T. ) ;
#3056 = DIRECTION ( 'NONE',  ( 0.000000000000000000, 1.000000000000000000, 0.000000000000000000 ) ) ;
#3057 = DIRECTION ( 'NONE',  ( 0.000000000000000000, 1.000000000000000000, 0.000000000000000000 ) ) ;
#3058 = ORIENTED_EDGE ( 'NONE', *, *, #1947, .F. ) ;
#3059 = LINE ( 'NONE', #561, #4118 ) ;
#3060 = CYLINDRICAL_SURFACE ( 'NONE', #1499, 1.500000000000001332 ) ;
#3061 = CARTESIAN_POINT ( 'NONE',  ( -20.00000000000000000, -6.000000000000000000, 54.00000000000000000 ) ) ;
#3062 = DIRECTION ( 'NONE',  ( 0.7071067811865489050, 0.000000000000000000, -0.7071067811865460184 ) ) ;
#3063 = CARTESIAN_POINT ( 'NONE',  ( 0.000000000000000000, 4.000000000000000000, 66.00000000000000000 ) ) ;
#3064 = ORIENTED_EDGE ( 'NONE', *, *, #1762, .F. ) ;
#3065 = ORIENTED_EDGE ( 'NONE', *, *, #1138, .F. ) ;
#3066 = FACE_OUTER_BOUND ( 'NONE', #2924, .T. ) ;
#3067 = DIRECTION ( 'NONE',  ( 0.000000000000000000, 1.000000000000000000, 0.000000000000000000 ) ) ;
#3068 = EDGE_LOOP ( 'NONE', ( #4008, #26, #3515, #89 ) ) ;
#3069 = CARTESIAN_POINT ( 'NONE',  ( -141.0000000000000000, 0.000000000000000000, 15.00000000000000000 ) ) ;
#3070 = EDGE_CURVE ( 'NONE', #1696, #4005, #54, .T. ) ;
#3071 = ORIENTED_EDGE ( 'NONE', *, *, #2143, .F. ) ;
#3072 = DIRECTION ( 'NONE',  ( 0.000000000000000000, 0.000000000000000000, 1.000000000000000000 ) ) ;
#3073 = FACE_BOUND ( 'NONE', #209, .T. ) ;
#3074 = ORIENTED_EDGE ( 'NONE', *, *, #4066, .F. ) ;
#3075 = DIRECTION ( 'NONE',  ( 0.000000000000000000, 0.000000000000000000, 1.000000000000000000 ) ) ;
#3076 = CARTESIAN_POINT ( 'NONE',  ( -30.00000000000000000, 0.000000000000000000, -45.00000000000000000 ) ) ;
#3077 = CARTESIAN_POINT ( 'NONE',  ( -58.00000000000000000, 0.000000000000000000, -20.00000000000000000 ) ) ;
#3078 = LINE ( 'NONE', #2681, #3116 ) ;
#3079 = ADVANCED_FACE ( 'NONE', ( #323 ), #3579, .F. ) ;
#3080 = AXIS2_PLACEMENT_3D ( 'NONE', #1026, #2456, #4658 ) ;
#3081 = CARTESIAN_POINT ( 'NONE',  ( -30.00000000000000000, -6.000000000000000000, 101.5000000000000000 ) ) ;
#3082 = ORIENTED_EDGE ( 'NONE', *, *, #2995, .T. ) ;
#3083 = EDGE_LOOP ( 'NONE', ( #3976, #1823 ) ) ;
#3084 = AXIS2_PLACEMENT_3D ( 'NONE', #4645, #4024, #3620 ) ;
#3085 = CARTESIAN_POINT ( 'NONE',  ( -80.00000000000000000, 0.000000000000000000, 49.50000000000000000 ) ) ;
#3086 = AXIS2_PLACEMENT_3D ( 'NONE', #1620, #3889, #3072 ) ;
#3087 = EDGE_CURVE ( 'NONE', #3458, #2860, #2886, .T. ) ;
#3088 = ORIENTED_EDGE ( 'NONE', *, *, #2848, .F. ) ;
#3089 = CIRCLE ( 'NONE', #4614, 1.500000000000001332 ) ;
#3090 = FACE_OUTER_BOUND ( 'NONE', #2542, .T. ) ;
#3091 = ORIENTED_EDGE ( 'NONE', *, *, #4243, .T. ) ;
#3092 = LINE ( 'NONE', #2419, #1577 ) ;
#3093 = VECTOR ( 'NONE', #4264, 1000.000000000000000 ) ;
#3094 = EDGE_CURVE ( 'NONE', #1524, #3623, #1811, .T. ) ;
#3095 = EDGE_LOOP ( 'NONE', ( #961, #3033, #4696, #2768 ) ) ;
#3096 = VECTOR ( 'NONE', #2070, 1000.000000000000000 ) ;
#3097 = CARTESIAN_POINT ( 'NONE',  ( -15.00000000000000000, -6.000000000000000000, 115.0000000000000000 ) ) ;
#3098 = FACE_BOUND ( 'NONE', #3861, .T. ) ;
#3099 = EDGE_LOOP ( 'NONE', ( #1153, #4239, #514, #1659 ) ) ;
#3100 = DIRECTION ( 'NONE',  ( 0.000000000000000000, 0.000000000000000000, 1.000000000000000000 ) ) ;
#3101 = AXIS2_PLACEMENT_3D ( 'NONE', #2881, #2519, #1686 ) ;
#3102 = DIRECTION ( 'NONE',  ( 0.000000000000000000, 1.000000000000000000, 0.000000000000000000 ) ) ;
#3103 = FACE_OUTER_BOUND ( 'NONE', #2867, .T. ) ;
#3104 = VECTOR ( 'NONE', #1440, 1000.000000000000000 ) ;
#3105 = DIRECTION ( 'NONE',  ( 0.000000000000000000, 0.000000000000000000, 1.000000000000000000 ) ) ;
#3106 = CIRCLE ( 'NONE', #2192, 1.500000000000001332 ) ;
#3107 = CARTESIAN_POINT ( 'NONE',  ( -57.50000000000000000, 0.000000000000000000, -81.00000000000000000 ) ) ;
#3108 = ORIENTED_EDGE ( 'NONE', *, *, #3199, .T. ) ;
#3109 = ORIENTED_EDGE ( 'NONE', *, *, #1928, .F. ) ;
#3110 = LINE ( 'NONE', #550, #886 ) ;
#3111 = ORIENTED_EDGE ( 'NONE', *, *, #4176, .F. ) ;
#3112 = DIRECTION ( 'NONE',  ( 0.000000000000000000, 0.000000000000000000, 1.000000000000000000 ) ) ;
#3113 = EDGE_CURVE ( 'NONE', #2863, #3966, #304, .T. ) ;
#3114 = ORIENTED_EDGE ( 'NONE', *, *, #1061, .F. ) ;
#3115 = DIRECTION ( 'NONE',  ( 0.000000000000000000, -1.000000000000000000, 0.000000000000000000 ) ) ;
#3116 = VECTOR ( 'NONE', #2724, 1000.000000000000000 ) ;
#3117 = EDGE_LOOP ( 'NONE', ( #3822, #1633, #4489, #3114 ) ) ;
#3118 = LINE ( 'NONE', #4574, #801 ) ;
#3119 = CYLINDRICAL_SURFACE ( 'NONE', #146, 1.500000000000001332 ) ;
#3120 = DIRECTION ( 'NONE',  ( 0.000000000000000000, 0.000000000000000000, 1.000000000000000000 ) ) ;
#3121 = ORIENTED_EDGE ( 'NONE', *, *, #1941, .T. ) ;
#3122 = CARTESIAN_POINT ( 'NONE',  ( -47.50000000000000000, 4.000000000000000000, 6.103656674733209680E-15 ) ) ;
#3123 = AXIS2_PLACEMENT_3D ( 'NONE', #1775, #1010, #3282 ) ;
#3124 = CARTESIAN_POINT ( 'NONE',  ( -56.50000000000000000, 0.000000000000000000, 50.84314575050760254 ) ) ;
#3125 = ORIENTED_EDGE ( 'NONE', *, *, #1776, .F. ) ;
#3126 = CARTESIAN_POINT ( 'NONE',  ( -110.0000000000000000, 0.000000000000000000, -72.00000000000000000 ) ) ;
#3127 = CARTESIAN_POINT ( 'NONE',  ( -137.0000000000000000, 4.000000000000000000, -15.00000000000000000 ) ) ;
#3128 = ADVANCED_FACE ( 'NONE', ( #2447 ), #663, .F. ) ;
#3129 = EDGE_CURVE ( 'NONE', #2860, #3646, #1509, .T. ) ;
#3130 = DIRECTION ( 'NONE',  ( 0.000000000000000000, 0.000000000000000000, 1.000000000000000000 ) ) ;
#3131 = EDGE_CURVE ( 'NONE', #3523, #4588, #3910, .T. ) ;
#3132 = ORIENTED_EDGE ( 'NONE', *, *, #547, .F. ) ;
#3133 = ORIENTED_EDGE ( 'NONE', *, *, #1642, .T. ) ;
#3134 = DIRECTION ( 'NONE',  ( 0.000000000000000000, 1.000000000000000000, 0.000000000000000000 ) ) ;
#3135 = EDGE_LOOP ( 'NONE', ( #3064, #3281, #2549, #3659 ) ) ;
#3136 = CARTESIAN_POINT ( 'NONE',  ( -30.00000000000000000, -6.000000000000000000, 85.00000000000000000 ) ) ;
#3137 = ORIENTED_EDGE ( 'NONE', *, *, #2052, .F. ) ;
#3138 = DIRECTION ( 'NONE',  ( -0.000000000000000000, 1.000000000000000000, -0.000000000000000000 ) ) ;
#3139 = ADVANCED_FACE ( 'NONE', ( #278 ), #1019, .F. ) ;
#3140 = EDGE_CURVE ( 'NONE', #2222, #828, #4400, .T. ) ;
#3141 = ORIENTED_EDGE ( 'NONE', *, *, #2946, .T. ) ;
#3142 = DIRECTION ( 'NONE',  ( 0.000000000000000000, 0.000000000000000000, 1.000000000000000000 ) ) ;
#3143 = DIRECTION ( 'NONE',  ( 0.000000000000000000, 0.000000000000000000, 1.000000000000000000 ) ) ;
#3144 = FACE_BOUND ( 'NONE', #3363, .T. ) ;
#3145 = EDGE_LOOP ( 'NONE', ( #4358, #1183 ) ) ;
#3146 = DIRECTION ( 'NONE',  ( 0.000000000000000000, 1.000000000000000000, 0.000000000000000000 ) ) ;
#3147 = ORIENTED_EDGE ( 'NONE', *, *, #1792, .F. ) ;
#3148 = CARTESIAN_POINT ( 'NONE',  ( -122.5000000000000000, 0.000000000000000000, 17.00000000000000000 ) ) ;
#3149 = VERTEX_POINT ( 'NONE', #254 ) ;
#3150 = FACE_OUTER_BOUND ( 'NONE', #1910, .T. ) ;
#3151 = LINE ( 'NONE', #3463, #1371 ) ;
#3152 = EDGE_CURVE ( 'NONE', #698, #1926, #1403, .T. ) ;
#3153 = CARTESIAN_POINT ( 'NONE',  ( 0.000000000000000000, 0.000000000000000000, 0.000000000000000000 ) ) ;
#3154 = ORIENTED_EDGE ( 'NONE', *, *, #1687, .T. ) ;
#3155 = ORIENTED_EDGE ( 'NONE', *, *, #2990, .T. ) ;
#3156 = CARTESIAN_POINT ( 'NONE',  ( -15.00000000000000000, 4.000000000000000000, 51.50000000000000000 ) ) ;
#3157 = VERTEX_POINT ( 'NONE', #1714 ) ;
#3158 = CARTESIAN_POINT ( 'NONE',  ( -15.00000000000000000, 4.000000000000000000, 48.50000000000000000 ) ) ;
#3159 = CIRCLE ( 'NONE', #3624, 1.250000000000001110 ) ;
#3160 = AXIS2_PLACEMENT_3D ( 'NONE', #850, #1548, #2299 ) ;
#3161 = ORIENTED_EDGE ( 'NONE', *, *, #1624, .F. ) ;
#3162 = CARTESIAN_POINT ( 'NONE',  ( -30.00000000000000000, 4.000000000000000000, 51.50000000000000000 ) ) ;
#3163 = CIRCLE ( 'NONE', #1568, 1.250000000000001110 ) ;
#3164 = DIRECTION ( 'NONE',  ( 0.000000000000000000, 1.000000000000000000, 0.000000000000000000 ) ) ;
#3165 = CARTESIAN_POINT ( 'NONE',  ( -136.0000000000000000, 0.000000000000000000, 72.50000000000000000 ) ) ;
#3166 = FACE_OUTER_BOUND ( 'NONE', #1251, .T. ) ;
#3167 = AXIS2_PLACEMENT_3D ( 'NONE', #247, #1758, #3185 ) ;
#3168 = AXIS2_PLACEMENT_3D ( 'NONE', #95, #1109, #478 ) ;
#3169 = EDGE_CURVE ( 'NONE', #3242, #1077, #2954, .T. ) ;
#3170 = DIRECTION ( 'NONE',  ( 0.000000000000000000, 1.000000000000000000, 0.000000000000000000 ) ) ;
#3171 = ORIENTED_EDGE ( 'NONE', *, *, #2721, .T. ) ;
#3172 = CARTESIAN_POINT ( 'NONE',  ( 0.000000000000000000, 0.000000000000000000, 66.00000000000000000 ) ) ;
#3173 = VECTOR ( 'NONE', #2038, 1000.000000000000000 ) ;
#3174 = ORIENTED_EDGE ( 'NONE', *, *, #2139, .F. ) ;
#3175 = APPROVAL_ROLE ( '' ) ;
#3176 = CARTESIAN_POINT ( 'NONE',  ( -47.50000000000000000, 0.000000000000000000, -91.00000000000000000 ) ) ;
#3177 = ORIENTED_EDGE ( 'NONE', *, *, #3545, .T. ) ;
#3178 = DIRECTION ( 'NONE',  ( 0.000000000000000000, 0.000000000000000000, 1.000000000000000000 ) ) ;
#3179 = VECTOR ( 'NONE', #4028, 1000.000000000000000 ) ;
#3180 = DIRECTION ( 'NONE',  ( 0.000000000000000000, 1.000000000000000000, 0.000000000000000000 ) ) ;
#3181 = CARTESIAN_POINT ( 'NONE',  ( -136.0000000000000000, 4.000000000000000000, 71.00000000000000000 ) ) ;
#3182 = CIRCLE ( 'NONE', #4707, 1.500000000000001332 ) ;
#3183 = ORIENTED_EDGE ( 'NONE', *, *, #1226, .T. ) ;
#3184 = EDGE_LOOP ( 'NONE', ( #1630, #555, #3133, #3963 ) ) ;
#3185 = DIRECTION ( 'NONE',  ( 0.000000000000000000, 0.000000000000000000, 1.000000000000000000 ) ) ;
#3186 = AXIS2_PLACEMENT_3D ( 'NONE', #141, #4715, #1584 ) ;
#3187 = ORIENTED_EDGE ( 'NONE', *, *, #657, .T. ) ;
#3188 = CYLINDRICAL_SURFACE ( 'NONE', #4385, 4.000000000000000000 ) ;
#3189 = FACE_OUTER_BOUND ( 'NONE', #1476, .T. ) ;
#3190 = AXIS2_PLACEMENT_3D ( 'NONE', #3946, #741, #315 ) ;
#3191 = ORIENTED_EDGE ( 'NONE', *, *, #1386, .F. ) ;
#3192 = ADVANCED_FACE ( 'NONE', ( #3196 ), #1765, .F. ) ;
#3193 = EDGE_CURVE ( 'NONE', #2696, #1969, #4473, .T. ) ;
#3194 = AXIS2_PLACEMENT_3D ( 'NONE', #842, #2658, #751 ) ;
#3195 = EDGE_CURVE ( 'NONE', #806, #1224, #2569, .T. ) ;
#3196 = FACE_OUTER_BOUND ( 'NONE', #1439, .T. ) ;
#3197 = CARTESIAN_POINT ( 'NONE',  ( -57.50000000000000000, 4.000000000000000000, -81.00000000000000000 ) ) ;
#3198 = CARTESIAN_POINT ( 'NONE',  ( -24.50000000000000000, 0.000000000000000000, 71.00000000000000000 ) ) ;
#3199 = EDGE_CURVE ( 'NONE', #4590, #4125, #2406, .T. ) ;
#3200 = AXIS2_PLACEMENT_3D ( 'NONE', #2407, #3493, #3445 ) ;
#3201 = CARTESIAN_POINT ( 'NONE',  ( -15.00000000000000000, -6.000000000000000000, -48.50000000000000000 ) ) ;
#3202 = ORIENTED_EDGE ( 'NONE', *, *, #682, .T. ) ;
#3203 = CARTESIAN_POINT ( 'NONE',  ( -15.00000000000000000, 0.000000000000000000, -58.50000000000000000 ) ) ;
#3204 = DIRECTION ( 'NONE',  ( 0.000000000000000000, 0.000000000000000000, 1.000000000000000000 ) ) ;
#3205 = CARTESIAN_POINT ( 'NONE',  ( -110.0000000000000000, 0.000000000000000000, -46.50000000000000000 ) ) ;
#3206 = ORIENTED_EDGE ( 'NONE', *, *, #4488, .F. ) ;
#3207 = DIRECTION ( 'NONE',  ( 0.000000000000000000, 1.000000000000000000, 0.000000000000000000 ) ) ;
#3208 = CIRCLE ( 'NONE', #2834, 6.999999999999999112 ) ;
#3209 = CIRCLE ( 'NONE', #611, 1.500000000000001332 ) ;
#3210 = CARTESIAN_POINT ( 'NONE',  ( -81.00000000000000000, -6.000000000000000000, -31.00000000000000000 ) ) ;
#3211 = CARTESIAN_POINT ( 'NONE',  ( -15.00000000000000000, 4.000000000000000000, -131.5000000000000000 ) ) ;
#3212 = ORIENTED_EDGE ( 'NONE', *, *, #197, .F. ) ;
#3213 = DIRECTION ( 'NONE',  ( 0.000000000000000000, 1.000000000000000000, 0.000000000000000000 ) ) ;
#3214 = CARTESIAN_POINT ( 'NONE',  ( 0.000000000000000000, 0.000000000000000000, -97.00000000000000000 ) ) ;
#3215 = CYLINDRICAL_SURFACE ( 'NONE', #1812, 1.250000000000001110 ) ;
#3216 = ORIENTED_EDGE ( 'NONE', *, *, #4457, .F. ) ;
#3217 = CARTESIAN_POINT ( 'NONE',  ( -131.0000000000000000, 0.000000000000000000, -60.00000000000000000 ) ) ;
#3218 = CARTESIAN_POINT ( 'NONE',  ( -15.00000000000000000, 4.000000000000000000, -61.50000000000000000 ) ) ;
#3219 = CARTESIAN_POINT ( 'NONE',  ( -110.0000000000000000, 0.000000000000000000, -46.50000000000000000 ) ) ;
#3220 = EDGE_CURVE ( 'NONE', #4439, #2062, #1581, .T. ) ;
#3221 = CARTESIAN_POINT ( 'NONE',  ( -145.0000000000000000, 4.000000000000000000, -75.00000000000000000 ) ) ;
#3222 = EDGE_LOOP ( 'NONE', ( #3319, #4412, #4226, #4257 ) ) ;
#3223 = CARTESIAN_POINT ( 'NONE',  ( -51.00000000000000000, 0.000000000000000000, 20.00000000000000000 ) ) ;
#3224 = DATE_AND_TIME ( #670, #4462 ) ;
#3225 = LINE ( 'NONE', #3918, #1795 ) ;
#3226 = VERTEX_POINT ( 'NONE', #804 ) ;
#3227 = DIRECTION ( 'NONE',  ( 0.000000000000000000, 0.000000000000000000, 1.000000000000000000 ) ) ;
#3228 = DIRECTION ( 'NONE',  ( 0.000000000000000000, 0.000000000000000000, 1.000000000000000000 ) ) ;
#3229 = CARTESIAN_POINT ( 'NONE',  ( -80.00000000000000000, 4.000000000000000000, -48.00000000000000000 ) ) ;
#3230 = VERTEX_POINT ( 'NONE', #3655 ) ;
#3231 = DIRECTION ( 'NONE',  ( 0.000000000000000000, 0.000000000000000000, -1.000000000000000000 ) ) ;
#3232 = ADVANCED_FACE ( 'NONE', ( #1908 ), #4452, .F. ) ;
#3233 = DIRECTION ( 'NONE',  ( 0.000000000000000000, 0.000000000000000000, 1.000000000000000000 ) ) ;
#3234 = CARTESIAN_POINT ( 'NONE',  ( -36.00000000000000000, 0.000000000000000000, 119.5000000000000000 ) ) ;
#3235 = EDGE_LOOP ( 'NONE', ( #1529, #2239, #575, #3088 ) ) ;
#3236 = ADVANCED_FACE ( 'NONE', ( #2211 ), #3314, .F. ) ;
#3237 = ADVANCED_FACE ( 'NONE', ( #2230 ), #4432, .F. ) ;
#3238 = AXIS2_PLACEMENT_3D ( 'NONE', #3148, #1747, #4603 ) ;
#3239 = CIRCLE ( 'NONE', #2098, 1.250000000000001110 ) ;
#3240 = CARTESIAN_POINT ( 'NONE',  ( -56.50000000000000000, 0.000000000000000000, 49.34314575050759544 ) ) ;
#3241 = DIRECTION ( 'NONE',  ( 0.000000000000000000, 0.000000000000000000, 1.000000000000000000 ) ) ;
#3242 = VERTEX_POINT ( 'NONE', #2255 ) ;
#3243 = EDGE_CURVE ( 'NONE', #1936, #698, #122, .T. ) ;
#3244 = CARTESIAN_POINT ( 'NONE',  ( -1.292069899348242063E-14, 0.000000000000000000, -135.0000000000000000 ) ) ;
#3245 = VECTOR ( 'NONE', #341, 1000.000000000000000 ) ;
#3246 = ORIENTED_EDGE ( 'NONE', *, *, #838, .F. ) ;
#3247 = DIRECTION ( 'NONE',  ( 0.000000000000000000, 0.000000000000000000, 1.000000000000000000 ) ) ;
#3248 = LOCAL_TIME ( 20, 30, 54.00000000000000000, #766 ) ;
#3249 = DIRECTION ( 'NONE',  ( 0.000000000000000000, 1.000000000000000000, 0.000000000000000000 ) ) ;
#3250 = CARTESIAN_POINT ( 'NONE',  ( -80.00000000000000000, 4.000000000000000000, -72.00000000000000000 ) ) ;
#3251 = ORIENTED_EDGE ( 'NONE', *, *, #2408, .F. ) ;
#3252 = AXIS2_PLACEMENT_3D ( 'NONE', #3309, #2948, #2224 ) ;
#3253 = LINE ( 'NONE', #2530, #1522 ) ;
#3254 = VECTOR ( 'NONE', #1559, 1000.000000000000000 ) ;
#3255 = CARTESIAN_POINT ( 'NONE',  ( -50.84314575050770202, 0.000000000000000000, 55.00000000000000000 ) ) ;
#3256 = ADVANCED_FACE ( 'NONE', ( #4360 ), #2642, .F. ) ;
#3257 = EDGE_CURVE ( 'NONE', #1722, #81, #37, .T. ) ;
#3258 = AXIS2_PLACEMENT_3D ( 'NONE', #425, #2233, #1886 ) ;
#3259 = CIRCLE ( 'NONE', #2385, 1.500000000000001332 ) ;
#3260 = CYLINDRICAL_SURFACE ( 'NONE', #1755, 1.500000000000001332 ) ;
#3261 = ORIENTED_EDGE ( 'NONE', *, *, #1855, .T. ) ;
#3262 = EDGE_CURVE ( 'NONE', #86, #1926, #2876, .T. ) ;
#3263 = DIRECTION ( 'NONE',  ( 0.000000000000000000, 1.000000000000000000, 0.000000000000000000 ) ) ;
#3264 = CIRCLE ( 'NONE', #3867, 1.500000000000001332 ) ;
#3265 = CARTESIAN_POINT ( 'NONE',  ( -30.00000000000000000, 4.000000000000000000, 45.00000000000000000 ) ) ;
#3266 = DIRECTION ( 'NONE',  ( 0.000000000000000000, 1.000000000000000000, 0.000000000000000000 ) ) ;
#3267 = VERTEX_POINT ( 'NONE', #731 ) ;
#3268 = ORIENTED_EDGE ( 'NONE', *, *, #3789, .T. ) ;
#3269 = AXIS2_PLACEMENT_3D ( 'NONE', #3391, #134, #3352 ) ;
#3270 = ADVANCED_FACE ( 'NONE', ( #2185 ), #377, .F. ) ;
#3271 = DIRECTION ( 'NONE',  ( 0.000000000000000000, 1.000000000000000000, 0.000000000000000000 ) ) ;
#3272 = CARTESIAN_POINT ( 'NONE',  ( -30.00000000000000000, 4.000000000000000000, -51.50000000000000000 ) ) ;
#3273 = VERTEX_POINT ( 'NONE', #2932 ) ;
#3274 = CARTESIAN_POINT ( 'NONE',  ( -36.00000000000000000, 4.000000000000000000, 79.00000000000000000 ) ) ;
#3275 = ORIENTED_EDGE ( 'NONE', *, *, #2425, .F. ) ;
#3276 = DIRECTION ( 'NONE',  ( 0.000000000000000000, 0.000000000000000000, 1.000000000000000000 ) ) ;
#3277 = FACE_OUTER_BOUND ( 'NONE', #2781, .T. ) ;
#3278 = EDGE_LOOP ( 'NONE', ( #1484, #192, #2380, #75 ) ) ;
#3279 = CARTESIAN_POINT ( 'NONE',  ( -20.00000000000000000, 4.000000000000000000, 54.00000000000000000 ) ) ;
#3280 = AXIS2_PLACEMENT_3D ( 'NONE', #2973, #3741, #3040 ) ;
#3281 = ORIENTED_EDGE ( 'NONE', *, *, #2090, .T. ) ;
#3282 = DIRECTION ( 'NONE',  ( 0.000000000000000000, 0.000000000000000000, 1.000000000000000000 ) ) ;
#3283 = CIRCLE ( 'NONE', #602, 6.999999999999999112 ) ;
#3284 = EDGE_LOOP ( 'NONE', ( #409, #4372, #3925, #1401 ) ) ;
#3285 = DIRECTION ( 'NONE',  ( 0.000000000000000000, 1.000000000000000000, 0.000000000000000000 ) ) ;
#3286 = AXIS2_PLACEMENT_3D ( 'NONE', #499, #2767, #1243 ) ;
#3287 = VERTEX_POINT ( 'NONE', #4381 ) ;
#3288 = CARTESIAN_POINT ( 'NONE',  ( -30.00000000000000000, 4.000000000000000000, 100.0000000000000000 ) ) ;
#3289 = EDGE_CURVE ( 'NONE', #2704, #3675, #1122, .T. ) ;
#3290 = AXIS2_PLACEMENT_3D ( 'NONE', #637, #2838, #586 ) ;
#3291 = DIRECTION ( 'NONE',  ( 0.000000000000000000, 1.000000000000000000, 0.000000000000000000 ) ) ;
#3292 = ORIENTED_EDGE ( 'NONE', *, *, #2757, .F. ) ;
#3293 = EDGE_LOOP ( 'NONE', ( #2439, #1063, #1894, #2252 ) ) ;
#3294 = CARTESIAN_POINT ( 'NONE',  ( -80.00000000000000000, 0.000000000000000000, -48.00000000000000000 ) ) ;
#3295 = DIRECTION ( 'NONE',  ( 0.000000000000000000, 0.000000000000000000, -1.000000000000000000 ) ) ;
#3296 = EDGE_LOOP ( 'NONE', ( #798, #3608, #2936, #1432 ) ) ;
#3297 = CARTESIAN_POINT ( 'NONE',  ( -80.00000000000000000, 4.000000000000000000, 72.00000000000000000 ) ) ;
#3298 = ORIENTED_EDGE ( 'NONE', *, *, #655, .F. ) ;
#3299 = CARTESIAN_POINT ( 'NONE',  ( -56.50000000000000000, 4.000000000000000000, -50.84314575050760254 ) ) ;
#3300 = EDGE_CURVE ( 'NONE', #2137, #1070, #2570, .T. ) ;
#3301 = ORIENTED_EDGE ( 'NONE', *, *, #1628, .T. ) ;
#3302 = CARTESIAN_POINT ( 'NONE',  ( -56.50000000000000000, 4.000000000000000000, 50.84314575050760254 ) ) ;
#3303 = ORIENTED_EDGE ( 'NONE', *, *, #3028, .F. ) ;
#3304 = DIRECTION ( 'NONE',  ( 0.000000000000000000, 0.000000000000000000, 1.000000000000000000 ) ) ;
#3305 = VERTEX_POINT ( 'NONE', #399 ) ;
#3306 = PRODUCT_RELATED_PRODUCT_CATEGORY ( 'detail', '', ( #1249 ) ) ;
#3307 = CARTESIAN_POINT ( 'NONE',  ( -81.00000000000000000, 4.000000000000000000, 56.25000000000000000 ) ) ;
#3308 = EDGE_CURVE ( 'NONE', #3865, #1321, #3795, .T. ) ;
#3309 = CARTESIAN_POINT ( 'NONE',  ( -60.00000000000000000, -6.000000000000000000, -60.00000000000000000 ) ) ;
#3310 = DIRECTION ( 'NONE',  ( -1.000000000000000000, 0.000000000000000000, 0.000000000000000000 ) ) ;
#3311 = CYLINDRICAL_SURFACE ( 'NONE', #2944, 1.500000000000001332 ) ;
#3312 = EDGE_LOOP ( 'NONE', ( #531, #386, #3313, #2919 ) ) ;
#3313 = ORIENTED_EDGE ( 'NONE', *, *, #4666, .T. ) ;
#3314 = CYLINDRICAL_SURFACE ( 'NONE', #2183, 1.500000000000001332 ) ;
#3315 = CARTESIAN_POINT ( 'NONE',  ( -3.876209698044729818E-14, 4.000000000000000000, 135.0000000000000000 ) ) ;
#3316 = ORIENTED_EDGE ( 'NONE', *, *, #2226, .F. ) ;
#3317 = FACE_BOUND ( 'NONE', #4181, .T. ) ;
#3318 = DIRECTION ( 'NONE',  ( 1.000000000000000000, 0.000000000000000000, 0.000000000000000000 ) ) ;
#3319 = ORIENTED_EDGE ( 'NONE', *, *, #1247, .F. ) ;
#3320 = FACE_OUTER_BOUND ( 'NONE', #1682, .T. ) ;
#3321 = EDGE_CURVE ( 'NONE', #1284, #3006, #1279, .T. ) ;
#3322 = VECTOR ( 'NONE', #416, 1000.000000000000000 ) ;
#3323 = AXIS2_PLACEMENT_3D ( 'NONE', #4361, #280, #2159 ) ;
#3324 = VERTEX_POINT ( 'NONE', #3023 ) ;
#3325 = FACE_OUTER_BOUND ( 'NONE', #4716, .T. ) ;
#3326 = CIRCLE ( 'NONE', #569, 1.500000000000001332 ) ;
#3327 = ORIENTED_EDGE ( 'NONE', *, *, #1508, .T. ) ;
#3328 = CARTESIAN_POINT ( 'NONE',  ( -30.00000000000000000, 4.000000000000000000, 115.0000000000000000 ) ) ;
#3329 = EDGE_CURVE ( 'NONE', #3451, #835, #126, .T. ) ;
#3330 = AXIS2_PLACEMENT_3D ( 'NONE', #3288, #1111, #4375 ) ;
#3331 = DIRECTION ( 'NONE',  ( 0.000000000000000000, 0.000000000000000000, 1.000000000000000000 ) ) ;
#3332 = FACE_OUTER_BOUND ( 'NONE', #196, .T. ) ;
#3333 = DIRECTION ( 'NONE',  ( 0.000000000000000000, 0.000000000000000000, -1.000000000000000000 ) ) ;
#3334 = AXIS2_PLACEMENT_3D ( 'NONE', #3069, #1308, #2365 ) ;
#3335 = ORIENTED_EDGE ( 'NONE', *, *, #1473, .F. ) ;
#3336 = ORIENTED_EDGE ( 'NONE', *, *, #3694, .F. ) ;
#3337 = AXIS2_PLACEMENT_3D ( 'NONE', #1253, #4159, #2342 ) ;
#3338 = DIRECTION ( 'NONE',  ( 0.000000000000000000, 1.000000000000000000, 0.000000000000000000 ) ) ;
#3339 = DIRECTION ( 'NONE',  ( 0.000000000000000000, 0.000000000000000000, 1.000000000000000000 ) ) ;
#3340 = CIRCLE ( 'NONE', #3951, 1.250000000000001110 ) ;
#3341 = DIRECTION ( 'NONE',  ( 0.000000000000000000, 1.000000000000000000, 0.000000000000000000 ) ) ;
#3342 = VERTEX_POINT ( 'NONE', #1663 ) ;
#3343 = FACE_BOUND ( 'NONE', #3577, .T. ) ;
#3344 = EDGE_CURVE ( 'NONE', #4582, #1219, #4023, .T. ) ;
#3345 = EDGE_CURVE ( 'NONE', #3324, #2914, #4503, .T. ) ;
#3346 = DIRECTION ( 'NONE',  ( -1.000000000000000000, 0.000000000000000000, 0.000000000000000000 ) ) ;
#3347 = EDGE_CURVE ( 'NONE', #584, #3429, #3182, .T. ) ;
#3348 = AXIS2_PLACEMENT_3D ( 'NONE', #1821, #2458, #1844 ) ;
#3349 = COORDINATED_UNIVERSAL_TIME_OFFSET ( 8, 0, .AHEAD. ) ;
#3350 = EDGE_CURVE ( 'NONE', #34, #4026, #4628, .T. ) ;
#3351 = VERTEX_POINT ( 'NONE', #2758 ) ;
#3352 = DIRECTION ( 'NONE',  ( 0.000000000000000000, 0.000000000000000000, 1.000000000000000000 ) ) ;
#3353 = EDGE_LOOP ( 'NONE', ( #3303, #3216, #271, #3800 ) ) ;
#3354 = CARTESIAN_POINT ( 'NONE',  ( -36.00000000000000000, -6.000000000000000000, 121.0000000000000000 ) ) ;
#3355 = VERTEX_POINT ( 'NONE', #2317 ) ;
#3356 = AXIS2_PLACEMENT_3D ( 'NONE', #1507, #2163, #3731 ) ;
#3357 = FACE_OUTER_BOUND ( 'NONE', #2461, .T. ) ;
#3358 = CYLINDRICAL_SURFACE ( 'NONE', #1966, 1.500000000000001332 ) ;
#3359 = AXIS2_PLACEMENT_3D ( 'NONE', #2612, #4495, #56 ) ;
#3360 = CARTESIAN_POINT ( 'NONE',  ( -122.5000000000000000, 0.000000000000000000, -41.00000000000000000 ) ) ;
#3361 = DIRECTION ( 'NONE',  ( 1.000000000000000000, 0.000000000000000000, -1.284980352575411713E-16 ) ) ;
#3362 = CARTESIAN_POINT ( 'NONE',  ( -15.00000000000000000, 4.000000000000000000, 113.5000000000000000 ) ) ;
#3363 = EDGE_LOOP ( 'NONE', ( #4078, #4431 ) ) ;
#3364 = EDGE_LOOP ( 'NONE', ( #3111, #179, #133, #4419 ) ) ;
#3365 = VECTOR ( 'NONE', #1329, 1000.000000000000000 ) ;
#3366 = DIRECTION ( 'NONE',  ( 0.000000000000000000, 1.000000000000000000, 0.000000000000000000 ) ) ;
#3367 = DIRECTION ( 'NONE',  ( 0.000000000000000000, 1.000000000000000000, 0.000000000000000000 ) ) ;
#3368 = VERTEX_POINT ( 'NONE', #4206 ) ;
#3369 = FACE_BOUND ( 'NONE', #2966, .T. ) ;
#3370 = CYLINDRICAL_SURFACE ( 'NONE', #1288, 1.500000000000001332 ) ;
#3371 = PERSON_AND_ORGANIZATION ( #2321, #1644 ) ;
#3372 = VERTEX_POINT ( 'NONE', #937 ) ;
#3373 = DIRECTION ( 'NONE',  ( 0.000000000000000000, 0.000000000000000000, 1.000000000000000000 ) ) ;
#3374 = ADVANCED_FACE ( 'NONE', ( #127 ), #4520, .F. ) ;
#3375 = EDGE_LOOP ( 'NONE', ( #91, #2593, #3155, #4649 ) ) ;
#3376 = CARTESIAN_POINT ( 'NONE',  ( -110.0000000000000000, 4.000000000000000000, -72.00000000000000000 ) ) ;
#3377 = EDGE_LOOP ( 'NONE', ( #4610, #3870 ) ) ;
#3378 = DIRECTION ( 'NONE',  ( 0.000000000000000000, 0.000000000000000000, 1.000000000000000000 ) ) ;
#3379 = DIRECTION ( 'NONE',  ( 0.000000000000000000, 1.000000000000000000, 0.000000000000000000 ) ) ;
#3380 = DIRECTION ( 'NONE',  ( 0.000000000000000000, 1.000000000000000000, 0.000000000000000000 ) ) ;
#3381 = CARTESIAN_POINT ( 'NONE',  ( -80.00000000000000000, 4.000000000000000000, -73.50000000000000000 ) ) ;
#3382 = ADVANCED_FACE ( 'NONE', ( #2363 ), #1212, .F. ) ;
#3383 = EDGE_LOOP ( 'NONE', ( #4674, #1307, #2237, #16 ) ) ;
#3384 = ORIENTED_EDGE ( 'NONE', *, *, #1645, .T. ) ;
#3385 = CARTESIAN_POINT ( 'NONE',  ( -45.00000000000000000, 4.000000000000000000, 45.00000000000000000 ) ) ;
#3386 = LINE ( 'NONE', #3315, #3709 ) ;
#3387 = VERTEX_POINT ( 'NONE', #552 ) ;
#3388 = FACE_BOUND ( 'NONE', #2257, .T. ) ;
#3389 = CC_DESIGN_PERSON_AND_ORGANIZATION_ASSIGNMENT ( #3705, #1218, ( #567 ) ) ;
#3390 = ORIENTED_EDGE ( 'NONE', *, *, #1298, .F. ) ;
#3391 = CARTESIAN_POINT ( 'NONE',  ( -20.00000000000000000, 0.000000000000000000, 60.00000000000000000 ) ) ;
#3392 = EDGE_LOOP ( 'NONE', ( #3984, #4194, #1809, #2898 ) ) ;
#3393 = CARTESIAN_POINT ( 'NONE',  ( -110.0000000000000000, 4.000000000000000000, -48.00000000000000000 ) ) ;
#3394 = DIRECTION ( 'NONE',  ( 0.000000000000000000, 0.000000000000000000, 1.000000000000000000 ) ) ;
#3395 = CIRCLE ( 'NONE', #1414, 1.500000000000001332 ) ;
#3396 = DIRECTION ( 'NONE',  ( 0.000000000000000000, 1.000000000000000000, 0.000000000000000000 ) ) ;
#3397 = EDGE_CURVE ( 'NONE', #4005, #354, #171, .T. ) ;
#3398 = DIRECTION ( 'NONE',  ( 0.000000000000000000, 0.000000000000000000, 1.000000000000000000 ) ) ;
#3399 = VECTOR ( 'NONE', #2590, 1000.000000000000000 ) ;
#3400 = AXIS2_PLACEMENT_3D ( 'NONE', #128, #3050, #330 ) ;
#3401 = CARTESIAN_POINT ( 'NONE',  ( -15.00000000000000000, 0.000000000000000000, 50.00000000000000000 ) ) ;
#3402 = CIRCLE ( 'NONE', #2561, 1.500000000000001332 ) ;
#3403 = EDGE_CURVE ( 'NONE', #2318, #2371, #511, .T. ) ;
#3404 = ORIENTED_EDGE ( 'NONE', *, *, #3169, .T. ) ;
#3405 = EDGE_LOOP ( 'NONE', ( #2429, #3301 ) ) ;
#3406 = CARTESIAN_POINT ( 'NONE',  ( -139.0000000000000000, 4.000000000000000000, 56.25000000000000000 ) ) ;
#3407 = CIRCLE ( 'NONE', #1039, 1.500000000000001332 ) ;
#3408 = DIRECTION ( 'NONE',  ( -1.000000000000000000, 0.000000000000000000, 0.000000000000000000 ) ) ;
#3409 = DIRECTION ( 'NONE',  ( 0.000000000000000000, 1.000000000000000000, 0.000000000000000000 ) ) ;
#3410 = ORIENTED_EDGE ( 'NONE', *, *, #700, .F. ) ;
#3411 = VECTOR ( 'NONE', #103, 1000.000000000000000 ) ;
#3412 = FACE_BOUND ( 'NONE', #3868, .T. ) ;
#3413 = EDGE_CURVE ( 'NONE', #1303, #1683, #2493, .T. ) ;
#3414 = AXIS2_PLACEMENT_3D ( 'NONE', #3740, #3266, #1898 ) ;
#3415 = ORIENTED_EDGE ( 'NONE', *, *, #802, .F. ) ;
#3416 = DIRECTION ( 'NONE',  ( 0.000000000000000000, 1.000000000000000000, 0.000000000000000000 ) ) ;
#3417 = VECTOR ( 'NONE', #2291, 1000.000000000000000 ) ;
#3418 = EDGE_LOOP ( 'NONE', ( #4320, #2939, #1142, #2274 ) ) ;
#3419 = CARTESIAN_POINT ( 'NONE',  ( -139.0000000000000000, -6.000000000000000000, 56.25000000000000000 ) ) ;
#3420 = DIRECTION ( 'NONE',  ( 0.000000000000000000, 1.000000000000000000, 0.000000000000000000 ) ) ;
#3421 = VECTOR ( 'NONE', #1196, 1000.000000000000000 ) ;
#3422 = DIRECTION ( 'NONE',  ( 0.000000000000000000, 0.000000000000000000, 1.000000000000000000 ) ) ;
#3423 = DIRECTION ( 'NONE',  ( 0.000000000000000000, 1.000000000000000000, 0.000000000000000000 ) ) ;
#3424 = VECTOR ( 'NONE', #4456, 1000.000000000000000 ) ;
#3425 = CARTESIAN_POINT ( 'NONE',  ( -37.50000000000000000, 0.000000000000000000, 127.0000000000000000 ) ) ;
#3426 = CIRCLE ( 'NONE', #2129, 1.250000000000001110 ) ;
#3427 = VERTEX_POINT ( 'NONE', #3049 ) ;
#3428 = EDGE_CURVE ( 'NONE', #4379, #1683, #3767, .T. ) ;
#3429 = VERTEX_POINT ( 'NONE', #487 ) ;
#3430 = DIRECTION ( 'NONE',  ( 0.000000000000000000, 1.000000000000000000, 0.000000000000000000 ) ) ;
#3431 = CARTESIAN_POINT ( 'NONE',  ( -50.84314575050770202, 0.000000000000000000, -56.50000000000000000 ) ) ;
#3432 = ORIENTED_EDGE ( 'NONE', *, *, #153, .T. ) ;
#3433 = VECTOR ( 'NONE', #4149, 1000.000000000000000 ) ;
#3434 = CIRCLE ( 'NONE', #4653, 1.500000000000001332 ) ;
#3435 = DIRECTION ( 'NONE',  ( 0.000000000000000000, 0.000000000000000000, 1.000000000000000000 ) ) ;
#3436 = ORIENTED_EDGE ( 'NONE', *, *, #4255, .F. ) ;
#3437 = PLANE ( 'NONE',  #3732 ) ;
#3438 = ADVANCED_FACE ( 'NONE', ( #4479 ), #2666, .F. ) ;
#3439 = FACE_BOUND ( 'NONE', #3145, .T. ) ;
#3440 = VERTEX_POINT ( 'NONE', #2298 ) ;
#3441 = DIRECTION ( 'NONE',  ( 0.000000000000000000, 1.000000000000000000, 0.000000000000000000 ) ) ;
#3442 = CARTESIAN_POINT ( 'NONE',  ( -133.0000000000000000, 0.000000000000000000, -15.00000000000000000 ) ) ;
#3443 = CARTESIAN_POINT ( 'NONE',  ( -29.00000000000000000, 0.000000000000000000, -123.5000000000000000 ) ) ;
#3444 = ADVANCED_FACE ( 'NONE', ( #4140 ), #867, .F. ) ;
#3445 = DIRECTION ( 'NONE',  ( 0.000000000000000000, 0.000000000000000000, -1.000000000000000000 ) ) ;
#3446 = DIRECTION ( 'NONE',  ( 0.000000000000000000, 1.000000000000000000, 0.000000000000000000 ) ) ;
#3447 = EDGE_CURVE ( 'NONE', #4350, #1445, #2723, .T. ) ;
#3448 = EDGE_LOOP ( 'NONE', ( #2156, #2753 ) ) ;
#3449 = EDGE_LOOP ( 'NONE', ( #3526, #3960, #3606, #4729, #4391 ) ) ;
#3450 = DIRECTION ( 'NONE',  ( 0.000000000000000000, 0.000000000000000000, -1.000000000000000000 ) ) ;
#3451 = VERTEX_POINT ( 'NONE', #1993 ) ;
#3452 = DIRECTION ( 'NONE',  ( 0.000000000000000000, 0.000000000000000000, 1.000000000000000000 ) ) ;
#3453 = VERTEX_POINT ( 'NONE', #891 ) ;
#3454 = CYLINDRICAL_SURFACE ( 'NONE', #430, 1.500000000000001332 ) ;
#3455 = ORIENTED_EDGE ( 'NONE', *, *, #1486, .T. ) ;
#3456 = DIRECTION ( 'NONE',  ( 0.000000000000000000, 0.000000000000000000, 1.000000000000000000 ) ) ;
#3457 = CYLINDRICAL_SURFACE ( 'NONE', #1954, 1.500000000000001332 ) ;
#3458 = VERTEX_POINT ( 'NONE', #1634 ) ;
#3459 = DIRECTION ( 'NONE',  ( 0.000000000000000000, 1.000000000000000000, 0.000000000000000000 ) ) ;
#3460 = ADVANCED_FACE ( 'NONE', ( #3090 ), #3549, .F. ) ;
#3461 = DIRECTION ( 'NONE',  ( 0.000000000000000000, 0.000000000000000000, 1.000000000000000000 ) ) ;
#3462 = DIRECTION ( 'NONE',  ( 0.000000000000000000, 0.000000000000000000, 1.000000000000000000 ) ) ;
#3463 = CARTESIAN_POINT ( 'NONE',  ( -15.00000000000000000, -6.000000000000000000, -131.5000000000000000 ) ) ;
#3464 = CIRCLE ( 'NONE', #722, 1.500000000000001332 ) ;
#3465 = EDGE_CURVE ( 'NONE', #3844, #3468, #3340, .T. ) ;
#3466 = CIRCLE ( 'NONE', #1415, 6.000000000000005329 ) ;
#3467 = DIRECTION ( 'NONE',  ( 0.000000000000000000, 1.000000000000000000, 0.000000000000000000 ) ) ;
#3468 = VERTEX_POINT ( 'NONE', #4668 ) ;
#3469 = ORIENTED_EDGE ( 'NONE', *, *, #455, .T. ) ;
#3470 = AXIS2_PLACEMENT_3D ( 'NONE', #1423, #1066, #2518 ) ;
#3471 = LINE ( 'NONE', #4204, #2566 ) ;
#3472 = LOCAL_TIME ( 20, 30, 54.00000000000000000, #3349 ) ;
#3473 = ORIENTED_EDGE ( 'NONE', *, *, #3978, .F. ) ;
#3474 = CIRCLE ( 'NONE', #1498, 1.250000000000001110 ) ;
#3475 = DIRECTION ( 'NONE',  ( 0.000000000000000000, 1.000000000000000000, 0.000000000000000000 ) ) ;
#3476 = ORIENTED_EDGE ( 'NONE', *, *, #4104, .F. ) ;
#3477 = LINE ( 'NONE', #2069, #1195 ) ;
#3478 = CIRCLE ( 'NONE', #2323, 1.500000000000001332 ) ;
#3479 = ORIENTED_EDGE ( 'NONE', *, *, #2766, .F. ) ;
#3480 = DIRECTION ( 'NONE',  ( 0.000000000000000000, 0.000000000000000000, 1.000000000000000000 ) ) ;
#3481 = CARTESIAN_POINT ( 'NONE',  ( -30.00000000000000000, 4.000000000000000000, 86.50000000000000000 ) ) ;
#3482 = EDGE_CURVE ( 'NONE', #987, #3342, #2855, .T. ) ;
#3483 = ADVANCED_FACE ( 'NONE', ( #4592 ), #3574, .F. ) ;
#3484 = CARTESIAN_POINT ( 'NONE',  ( -24.50000000000000000, 4.000000000000000000, 69.75000000000000000 ) ) ;
#3485 = VERTEX_POINT ( 'NONE', #2113 ) ;
#3486 = DIRECTION ( 'NONE',  ( 1.284980352575411713E-16, 0.000000000000000000, 1.000000000000000000 ) ) ;
#3487 = AXIS2_PLACEMENT_3D ( 'NONE', #2833, #3884, #3601 ) ;
#3488 = ADVANCED_FACE ( 'NONE', ( #3189 ), #4308, .F. ) ;
#3489 = DIRECTION ( 'NONE',  ( 0.000000000000000000, 1.000000000000000000, 0.000000000000000000 ) ) ;
#3490 = ORIENTED_EDGE ( 'NONE', *, *, #52, .F. ) ;
#3491 = DIRECTION ( 'NONE',  ( 0.000000000000000000, 1.000000000000000000, 0.000000000000000000 ) ) ;
#3492 = AXIS2_PLACEMENT_3D ( 'NONE', #387, #4660, #1749 ) ;
#3493 = DIRECTION ( 'NONE',  ( 0.000000000000000000, 1.000000000000000000, 0.000000000000000000 ) ) ;
#3494 = VECTOR ( 'NONE', #2605, 1000.000000000000000 ) ;
#3495 = CARTESIAN_POINT ( 'NONE',  ( -45.00000000000000000, 4.000000000000000000, -30.00000000000000000 ) ) ;
#3496 = ORIENTED_EDGE ( 'NONE', *, *, #530, .F. ) ;
#3497 = EDGE_LOOP ( 'NONE', ( #2182, #1169, #1092, #3998 ) ) ;
#3498 = DIRECTION ( 'NONE',  ( 0.000000000000000000, 1.000000000000000000, 0.000000000000000000 ) ) ;
#3499 = EDGE_LOOP ( 'NONE', ( #935, #901, #3261, #2663, #3888, #4609, #2615, #2339, #1832, #123, #1688, #1958, #3202, #2710, #1286, #863, #2312, #1309, #1128, #3108, #3121, #2829, #1988, #1889, #1546, #3722 ) ) ;
#3500 = CIRCLE ( 'NONE', #1750, 1.500000000000001332 ) ;
#3501 = DIRECTION ( 'NONE',  ( 0.000000000000000000, 1.000000000000000000, 0.000000000000000000 ) ) ;
#3502 = ORIENTED_EDGE ( 'NONE', *, *, #1914, .F. ) ;
#3503 = DIRECTION ( 'NONE',  ( 0.000000000000000000, 1.000000000000000000, 0.000000000000000000 ) ) ;
#3504 = VECTOR ( 'NONE', #4663, 1000.000000000000000 ) ;
#3505 = ORIENTED_EDGE ( 'NONE', *, *, #779, .F. ) ;
#3506 = AXIS2_PLACEMENT_3D ( 'NONE', #1606, #4580, #3034 ) ;
#3507 = DIRECTION ( 'NONE',  ( 0.000000000000000000, 1.000000000000000000, 0.000000000000000000 ) ) ;
#3508 = DIRECTION ( 'NONE',  ( -1.000000000000000000, 0.000000000000000000, 9.570888143320319339E-17 ) ) ;
#3509 = EDGE_CURVE ( 'NONE', #3675, #3387, #4551, .T. ) ;
#3510 = FACE_BOUND ( 'NONE', #1816, .T. ) ;
#3511 = ORIENTED_EDGE ( 'NONE', *, *, #1451, .F. ) ;
#3512 = DIRECTION ( 'NONE',  ( 0.000000000000000000, 1.000000000000000000, 0.000000000000000000 ) ) ;
#3513 = ORIENTED_EDGE ( 'NONE', *, *, #3193, .T. ) ;
#3514 = CARTESIAN_POINT ( 'NONE',  ( -139.0000000000000000, 0.000000000000000000, -29.75000000000000000 ) ) ;
#3515 = ORIENTED_EDGE ( 'NONE', *, *, #682, .F. ) ;
#3516 = LINE ( 'NONE', #566, #2883 ) ;
#3517 = DIRECTION ( 'NONE',  ( 0.000000000000000000, -0.000000000000000000, 1.000000000000000000 ) ) ;
#3518 = CARTESIAN_POINT ( 'NONE',  ( -141.0000000000000000, 4.000000000000000000, 15.00000000000000000 ) ) ;
#3519 = EDGE_LOOP ( 'NONE', ( #4317, #3584, #344, #980 ) ) ;
#3520 = UNCERTAINTY_MEASURE_WITH_UNIT (LENGTH_MEASURE( 1.000000000000000082E-05 ), #2551, 'distance_accuracy_value', 'NONE');
#3521 = EDGE_LOOP ( 'NONE', ( #1392, #2029, #2089, #3010 ) ) ;
#3522 = DIRECTION ( 'NONE',  ( 0.000000000000000000, 1.000000000000000000, 0.000000000000000000 ) ) ;
#3523 = VERTEX_POINT ( 'NONE', #4648 ) ;
#3524 = CARTESIAN_POINT ( 'NONE',  ( -24.50000000000000000, -6.000000000000000000, 71.00000000000000000 ) ) ;
#3525 = ADVANCED_FACE ( 'NONE', ( #2778 ), #3215, .F. ) ;
#3526 = ORIENTED_EDGE ( 'NONE', *, *, #1906, .T. ) ;
#3527 = DIRECTION ( 'NONE',  ( 0.000000000000000000, 1.000000000000000000, 0.000000000000000000 ) ) ;
#3528 = EDGE_CURVE ( 'NONE', #994, #4521, #441, .T. ) ;
#3529 = CARTESIAN_POINT ( 'NONE',  ( -15.00000000000000000, -6.000000000000000000, 85.00000000000000000 ) ) ;
#3530 = DIRECTION ( 'NONE',  ( 0.000000000000000000, 1.000000000000000000, 0.000000000000000000 ) ) ;
#3531 = DIRECTION ( 'NONE',  ( 0.000000000000000000, 0.000000000000000000, 1.000000000000000000 ) ) ;
#3532 = LINE ( 'NONE', #999, #1420 ) ;
#3533 = ORIENTED_EDGE ( 'NONE', *, *, #3129, .F. ) ;
#3534 = DIRECTION ( 'NONE',  ( 0.000000000000000000, 1.000000000000000000, 0.000000000000000000 ) ) ;
#3535 = ORIENTED_EDGE ( 'NONE', *, *, #1895, .T. ) ;
#3536 = CARTESIAN_POINT ( 'NONE',  ( -30.00000000000000000, 4.000000000000000000, 45.00000000000000000 ) ) ;
#3537 = ORIENTED_EDGE ( 'NONE', *, *, #3329, .T. ) ;
#3538 = FACE_OUTER_BOUND ( 'NONE', #288, .T. ) ;
#3539 = DIRECTION ( 'NONE',  ( 0.000000000000000000, 1.000000000000000000, 0.000000000000000000 ) ) ;
#3540 = DIRECTION ( 'NONE',  ( 0.000000000000000000, 1.000000000000000000, 0.000000000000000000 ) ) ;
#3541 = ORIENTED_EDGE ( 'NONE', *, *, #3329, .F. ) ;
#3542 = ORIENTED_EDGE ( 'NONE', *, *, #2995, .F. ) ;
#3543 = EDGE_CURVE ( 'NONE', #2160, #3429, #1381, .T. ) ;
#3544 = CARTESIAN_POINT ( 'NONE',  ( -58.00000000000000000, 0.000000000000000000, 20.00000000000000000 ) ) ;
#3545 = EDGE_CURVE ( 'NONE', #2730, #1748, #1657, .T. ) ;
#3546 = VERTEX_POINT ( 'NONE', #1400 ) ;
#3547 = LINE ( 'NONE', #1380, #3245 ) ;
#3548 = EDGE_CURVE ( 'NONE', #3368, #608, #1430, .T. ) ;
#3549 = CYLINDRICAL_SURFACE ( 'NONE', #3101, 1.500000000000001332 ) ;
#3550 = CIRCLE ( 'NONE', #2245, 1.500000000000001332 ) ;
#3551 = ORIENTED_EDGE ( 'NONE', *, *, #2661, .F. ) ;
#3552 = CIRCLE ( 'NONE', #3470, 1.500000000000001332 ) ;
#3553 = DIRECTION ( 'NONE',  ( 0.000000000000000000, 0.000000000000000000, 1.000000000000000000 ) ) ;
#3554 = CARTESIAN_POINT ( 'NONE',  ( -80.00000000000000000, 0.000000000000000000, 49.50000000000000000 ) ) ;
#3555 = CARTESIAN_POINT ( 'NONE',  ( -122.5000000000000000, -6.000000000000000000, 15.75000000000000000 ) ) ;
#3556 = CIRCLE ( 'NONE', #4465, 1.500000000000001332 ) ;
#3557 = CIRCLE ( 'NONE', #4394, 1.500000000000001332 ) ;
#3558 = CARTESIAN_POINT ( 'NONE',  ( 0.000000000000000000, 0.000000000000000000, 0.000000000000000000 ) ) ;
#3559 = VERTEX_POINT ( 'NONE', #1782 ) ;
#3560 = DIRECTION ( 'NONE',  ( 0.000000000000000000, 0.000000000000000000, -1.000000000000000000 ) ) ;
#3561 = AXIS2_PLACEMENT_3D ( 'NONE', #1407, #3939, #1461 ) ;
#3562 = EDGE_LOOP ( 'NONE', ( #3410, #992, #2684, #4137 ) ) ;
#3563 = CARTESIAN_POINT ( 'NONE',  ( -47.50000000000000000, 4.000000000000000000, -91.00000000000000000 ) ) ;
#3564 = DIRECTION ( 'NONE',  ( 0.000000000000000000, 0.000000000000000000, 1.000000000000000000 ) ) ;
#3565 = VERTEX_POINT ( 'NONE', #3234 ) ;
#3566 = CARTESIAN_POINT ( 'NONE',  ( -110.0000000000000000, 0.000000000000000000, 72.00000000000000000 ) ) ;
#3567 = DIRECTION ( 'NONE',  ( 0.000000000000000000, 1.000000000000000000, 0.000000000000000000 ) ) ;
#3568 = DIRECTION ( 'NONE',  ( 0.000000000000000000, 1.000000000000000000, 0.000000000000000000 ) ) ;
#3569 = AXIS2_PLACEMENT_3D ( 'NONE', #4161, #3408, #3452 ) ;
#3570 = EDGE_LOOP ( 'NONE', ( #1102, #2909 ) ) ;
#3571 = DIRECTION ( 'NONE',  ( 1.000000000000000000, 0.000000000000000000, 0.000000000000000000 ) ) ;
#3572 = VECTOR ( 'NONE', #1178, 1000.000000000000000 ) ;
#3573 = DIRECTION ( 'NONE',  ( 0.000000000000000000, 1.000000000000000000, 0.000000000000000000 ) ) ;
#3574 = CYLINDRICAL_SURFACE ( 'NONE', #1204, 1.500000000000001332 ) ;
#3575 = EDGE_CURVE ( 'NONE', #3149, #2844, #4096, .T. ) ;
#3576 = VECTOR ( 'NONE', #2762, 1000.000000000000000 ) ;
#3577 = EDGE_LOOP ( 'NONE', ( #4454, #1005 ) ) ;
#3578 = AXIS2_PLACEMENT_3D ( 'NONE', #2260, #2937, #4388 ) ;
#3579 = CYLINDRICAL_SURFACE ( 'NONE', #1960, 1.500000000000001332 ) ;
#3580 = DIRECTION ( 'NONE',  ( 0.000000000000000000, 1.000000000000000000, 0.000000000000000000 ) ) ;
#3581 = CARTESIAN_POINT ( 'NONE',  ( -29.00000000000000000, 0.000000000000000000, -72.00000000000000000 ) ) ;
#3582 = CIRCLE ( 'NONE', #1829, 1.500000000000001332 ) ;
#3583 = FACE_BOUND ( 'NONE', #3377, .T. ) ;
#3584 = ORIENTED_EDGE ( 'NONE', *, *, #2806, .F. ) ;
#3585 = CYLINDRICAL_SURFACE ( 'NONE', #157, 4.000000000000000000 ) ;
#3586 = VECTOR ( 'NONE', #2536, 1000.000000000000000 ) ;
#3587 = CYLINDRICAL_SURFACE ( 'NONE', #2482, 6.999999999999999112 ) ;
#3588 = CARTESIAN_POINT ( 'NONE',  ( -110.0000000000000000, 4.000000000000000000, 48.00000000000000000 ) ) ;
#3589 = ORIENTED_EDGE ( 'NONE', *, *, #1211, .T. ) ;
#3590 = CYLINDRICAL_SURFACE ( 'NONE', #3190, 1.250000000000001110 ) ;
#3591 = EDGE_CURVE ( 'NONE', #1305, #365, #2035, .T. ) ;
#3592 = AXIS2_PLACEMENT_3D ( 'NONE', #3687, #1919, #73 ) ;
#3593 = CYLINDRICAL_SURFACE ( 'NONE', #3894, 1.250000000000001110 ) ;
#3594 = CARTESIAN_POINT ( 'NONE',  ( -36.00000000000000000, 4.000000000000000000, 77.50000000000000000 ) ) ;
#3595 = EDGE_CURVE ( 'NONE', #2763, #987, #3264, .T. ) ;
#3596 = VERTEX_POINT ( 'NONE', #3158 ) ;
#3597 = CARTESIAN_POINT ( 'NONE',  ( -30.00000000000000000, 0.000000000000000000, 101.5000000000000000 ) ) ;
#3598 = APPROVAL ( #3683, 'æœª' ) ;
#3599 = DIRECTION ( 'NONE',  ( 0.000000000000000000, 0.000000000000000000, 1.000000000000000000 ) ) ;
#3600 = ADVANCED_FACE ( 'NONE', ( #4616 ), #1351, .F. ) ;
#3601 = DIRECTION ( 'NONE',  ( 0.000000000000000000, 0.000000000000000000, 1.000000000000000000 ) ) ;
#3602 = ORIENTED_EDGE ( 'NONE', *, *, #4662, .T. ) ;
#3603 = CARTESIAN_POINT ( 'NONE',  ( -73.50000000000000000, 0.000000000000000000, 18.25000000000000000 ) ) ;
#3604 = CARTESIAN_POINT ( 'NONE',  ( -47.50000000000000000, 0.000000000000000000, 129.0000000000000000 ) ) ;
#3605 = EDGE_CURVE ( 'NONE', #3458, #1511, #2410, .T. ) ;
#3606 = ORIENTED_EDGE ( 'NONE', *, *, #3548, .T. ) ;
#3607 = CARTESIAN_POINT ( 'NONE',  ( -110.0000000000000000, 4.000000000000000000, -46.50000000000000000 ) ) ;
#3608 = ORIENTED_EDGE ( 'NONE', *, *, #504, .F. ) ;
#3609 = DIRECTION ( 'NONE',  ( 0.000000000000000000, 1.000000000000000000, 0.000000000000000000 ) ) ;
#3610 = APPROVAL_ROLE ( '' ) ;
#3611 = CARTESIAN_POINT ( 'NONE',  ( -139.0000000000000000, 4.000000000000000000, -32.25000000000000000 ) ) ;
#3612 = VERTEX_POINT ( 'NONE', #1940 ) ;
#3613 = EDGE_CURVE ( 'NONE', #4641, #1363, #3029, .T. ) ;
#3614 = CARTESIAN_POINT ( 'NONE',  ( -136.0000000000000000, 4.000000000000000000, 72.50000000000000000 ) ) ;
#3615 = FACE_OUTER_BOUND ( 'NONE', #2467, .T. ) ;
#3616 = CARTESIAN_POINT ( 'NONE',  ( -47.50000000000000000, 0.000000000000000000, 91.00000000000000000 ) ) ;
#3617 = EDGE_LOOP ( 'NONE', ( #3154, #3639 ) ) ;
#3618 = LINE ( 'NONE', #337, #3932 ) ;
#3619 = ADVANCED_FACE ( 'NONE', ( #462 ), #2308, .F. ) ;
#3620 = DIRECTION ( 'NONE',  ( 0.000000000000000000, 0.000000000000000000, 1.000000000000000000 ) ) ;
#3621 = CARTESIAN_POINT ( 'NONE',  ( -80.00000000000000000, 0.000000000000000000, 70.50000000000000000 ) ) ;
#3622 = ORIENTED_EDGE ( 'NONE', *, *, #2698, .F. ) ;
#3623 = VERTEX_POINT ( 'NONE', #2970 ) ;
#3624 = AXIS2_PLACEMENT_3D ( 'NONE', #1055, #4704, #313 ) ;
#3625 = VECTOR ( 'NONE', #2523, 1000.000000000000000 ) ;
#3626 = CARTESIAN_POINT ( 'NONE',  ( -137.0000000000000000, 0.000000000000000000, 15.00000000000000000 ) ) ;
#3627 = CARTESIAN_POINT ( 'NONE',  ( -110.0000000000000000, 0.000000000000000000, 46.50000000000000000 ) ) ;
#3628 = ORIENTED_EDGE ( 'NONE', *, *, #2678, .F. ) ;
#3629 = CARTESIAN_POINT ( 'NONE',  ( 2.877919977996279926E-15, 0.000000000000000000, -120.5000000000000000 ) ) ;
#3630 = AXIS2_PLACEMENT_3D ( 'NONE', #2832, #1737, #2087 ) ;
#3631 = ORIENTED_EDGE ( 'NONE', *, *, #25, .T. ) ;
#3632 = CARTESIAN_POINT ( 'NONE',  ( -50.84314575050770202, 0.000000000000000000, 56.50000000000000000 ) ) ;
#3633 = MECHANICAL_CONTEXT ( 'NONE', #2106, 'mechanical' ) ;
#3634 = ORIENTED_EDGE ( 'NONE', *, *, #1505, .T. ) ;
#3635 = VECTOR ( 'NONE', #4356, 1000.000000000000000 ) ;
#3636 = CARTESIAN_POINT ( 'NONE',  ( -58.00000000000000000, 0.000000000000000000, 27.00000000000000000 ) ) ;
#3637 = CIRCLE ( 'NONE', #432, 1.250000000000001110 ) ;
#3638 = EDGE_CURVE ( 'NONE', #2265, #4523, #1585, .T. ) ;
#3639 = ORIENTED_EDGE ( 'NONE', *, *, #3465, .T. ) ;
#3640 = DIRECTION ( 'NONE',  ( 0.000000000000000000, 0.000000000000000000, 1.000000000000000000 ) ) ;
#3641 = EDGE_CURVE ( 'NONE', #108, #553, #1353, .T. ) ;
#3642 = VECTOR ( 'NONE', #1481, 1000.000000000000000 ) ;
#3643 = ORIENTED_EDGE ( 'NONE', *, *, #1780, .T. ) ;
#3644 = CARTESIAN_POINT ( 'NONE',  ( -110.0000000000000000, 4.000000000000000000, 48.00000000000000000 ) ) ;
#3645 = AXIS2_PLACEMENT_3D ( 'NONE', #2858, #2116, #613 ) ;
#3646 = VERTEX_POINT ( 'NONE', #3778 ) ;
#3647 = LINE ( 'NONE', #4064, #4231 ) ;
#3648 = DIRECTION ( 'NONE',  ( 0.000000000000000000, 0.000000000000000000, 1.000000000000000000 ) ) ;
#3649 = EDGE_CURVE ( 'NONE', #1722, #1070, #501, .T. ) ;
#3650 = EDGE_CURVE ( 'NONE', #1346, #3945, #1540, .T. ) ;
#3651 = ORIENTED_EDGE ( 'NONE', *, *, #2334, .F. ) ;
#3652 = VERTEX_POINT ( 'NONE', #3039 ) ;
#3653 = VECTOR ( 'NONE', #1393, 1000.000000000000000 ) ;
#3654 = CIRCLE ( 'NONE', #1362, 1.500000000000001332 ) ;
#3655 = CARTESIAN_POINT ( 'NONE',  ( -20.00000000000000000, 4.000000000000000000, 66.00000000000000000 ) ) ;
#3656 = CARTESIAN_POINT ( 'NONE',  ( -81.00000000000000000, 0.000000000000000000, 55.00000000000000000 ) ) ;
#3657 = EDGE_LOOP ( 'NONE', ( #4595, #1502, #2801, #3071 ) ) ;
#3658 = CYLINDRICAL_SURFACE ( 'NONE', #1732, 1.500000000000001332 ) ;
#3659 = ORIENTED_EDGE ( 'NONE', *, *, #1794, .F. ) ;
#3660 = CARTESIAN_POINT ( 'NONE',  ( -137.0000000000000000, 0.000000000000000000, 15.00000000000000000 ) ) ;
#3661 = ORIENTED_EDGE ( 'NONE', *, *, #1575, .F. ) ;
#3662 = EDGE_CURVE ( 'NONE', #628, #3226, #203, .T. ) ;
#3663 = CARTESIAN_POINT ( 'NONE',  ( -65.00000000000000000, 4.000000000000000000, 20.00000000000000000 ) ) ;
#3664 = CIRCLE ( 'NONE', #1292, 1.500000000000001332 ) ;
#3665 = VERTEX_POINT ( 'NONE', #1519 ) ;
#3666 = CARTESIAN_POINT ( 'NONE',  ( -122.5000000000000000, 4.000000000000000000, 18.25000000000000000 ) ) ;
#3667 = EDGE_LOOP ( 'NONE', ( #1374, #2373, #2674, #622 ) ) ;
#3668 = CARTESIAN_POINT ( 'NONE',  ( -20.00000000000000000, 0.000000000000000000, 54.00000000000000000 ) ) ;
#3669 = CIRCLE ( 'NONE', #1759, 1.500000000000001332 ) ;
#3670 = AXIS2_PLACEMENT_3D ( 'NONE', #2459, #334, #4328 ) ;
#3671 = CARTESIAN_POINT ( 'NONE',  ( -65.00000000000000000, 0.000000000000000000, 20.00000000000000000 ) ) ;
#3672 = CARTESIAN_POINT ( 'NONE',  ( -30.00000000000000000, 4.000000000000000000, 50.00000000000000000 ) ) ;
#3673 = CARTESIAN_POINT ( 'NONE',  ( -50.84314575050770202, 0.000000000000000000, 56.50000000000000000 ) ) ;
#3674 = VERTEX_POINT ( 'NONE', #4424 ) ;
#3675 = VERTEX_POINT ( 'NONE', #4494 ) ;
#3676 = EDGE_CURVE ( 'NONE', #3451, #3546, #1227, .T. ) ;
#3677 = VECTOR ( 'NONE', #1697, 1000.000000000000000 ) ;
#3678 = DIRECTION ( 'NONE',  ( 0.000000000000000000, 0.000000000000000000, 1.000000000000000000 ) ) ;
#3679 = CARTESIAN_POINT ( 'NONE',  ( -45.00000000000000000, 0.000000000000000000, 30.00000000000000000 ) ) ;
#3680 = EDGE_LOOP ( 'NONE', ( #4216, #1712, #1525, #3469, #407, #351, #1194, #718, #1955, #1320, #102, #1554, #932, #325, #1904, #4362, #3206, #4587, #345, #1002, #318, #4051, #2765, #3622, #3490, #1480 ) ) ;
#3681 = FACE_BOUND ( 'NONE', #2816, .T. ) ;
#3682 = CARTESIAN_POINT ( 'NONE',  ( -57.50000000000000000, 4.000000000000000000, -81.00000000000000000 ) ) ;
#3683 = APPROVAL_STATUS ( 'not_yet_approved' ) ;
#3684 = ORIENTED_EDGE ( 'NONE', *, *, #3413, .F. ) ;
#3685 = CARTESIAN_POINT ( 'NONE',  ( -122.5000000000000000, -6.000000000000000000, -41.00000000000000000 ) ) ;
#3686 = ORIENTED_EDGE ( 'NONE', *, *, #2905, .T. ) ;
#3687 = CARTESIAN_POINT ( 'NONE',  ( -30.00000000000000000, 0.000000000000000000, 45.00000000000000000 ) ) ;
#3688 = ORIENTED_EDGE ( 'NONE', *, *, #1643, .T. ) ;
#3689 = CARTESIAN_POINT ( 'NONE',  ( -41.50000000000000000, 0.000000000000000000, -135.0000000000000000 ) ) ;
#3690 = CARTESIAN_POINT ( 'NONE',  ( -15.00000000000000000, 4.000000000000000000, 50.00000000000000000 ) ) ;
#3691 = CYLINDRICAL_SURFACE ( 'NONE', #1673, 1.500000000000001332 ) ;
#3692 = FACE_OUTER_BOUND ( 'NONE', #1110, .T. ) ;
#3693 = EDGE_CURVE ( 'NONE', #3733, #4640, #2680, .T. ) ;
#3694 = EDGE_CURVE ( 'NONE', #3763, #1325, #1135, .T. ) ;
#3695 = ORIENTED_EDGE ( 'NONE', *, *, #98, .F. ) ;
#3696 = ADVANCED_FACE ( 'NONE', ( #97 ), #3358, .F. ) ;
#3697 = ORIENTED_EDGE ( 'NONE', *, *, #1337, .F. ) ;
#3698 = EDGE_CURVE ( 'NONE', #108, #4439, #1609, .T. ) ;
#3699 = DIRECTION ( 'NONE',  ( 0.000000000000000000, 1.000000000000000000, 0.000000000000000000 ) ) ;
#3700 = DIRECTION ( 'NONE',  ( 0.000000000000000000, 0.000000000000000000, 1.000000000000000000 ) ) ;
#3701 = CYLINDRICAL_SURFACE ( 'NONE', #2708, 1.500000000000001332 ) ;
#3702 = EDGE_LOOP ( 'NONE', ( #248, #1221, #235, #3589 ) ) ;
#3703 = FACE_BOUND ( 'NONE', #2101, .T. ) ;
#3704 = CARTESIAN_POINT ( 'NONE',  ( -56.50000000000000000, 4.000000000000000000, 49.34314575050759544 ) ) ;
#3705 = PERSON_AND_ORGANIZATION ( #2321, #1644 ) ;
#3706 = ORIENTED_EDGE ( 'NONE', *, *, #1106, .T. ) ;
#3707 = DIRECTION ( 'NONE',  ( 0.000000000000000000, 0.000000000000000000, 1.000000000000000000 ) ) ;
#3708 = AXIS2_PLACEMENT_3D ( 'NONE', #1629, #4200, #2034 ) ;
#3709 = VECTOR ( 'NONE', #1501, 1000.000000000000000 ) ;
#3710 = VERTEX_POINT ( 'NONE', #2700 ) ;
#3711 = DIRECTION ( 'NONE',  ( 0.000000000000000000, 1.000000000000000000, 0.000000000000000000 ) ) ;
#3712 = AXIS2_PLACEMENT_3D ( 'NONE', #442, #10, #4712 ) ;
#3713 = ORIENTED_EDGE ( 'NONE', *, *, #768, .T. ) ;
#3714 = CIRCLE ( 'NONE', #1800, 1.250000000000001110 ) ;
#3715 = DIRECTION ( 'NONE',  ( 0.000000000000000000, 0.000000000000000000, 1.000000000000000000 ) ) ;
#3716 = CARTESIAN_POINT ( 'NONE',  ( -15.00000000000000000, -6.000000000000000000, -61.50000000000000000 ) ) ;
#3717 = VECTOR ( 'NONE', #2711, 1000.000000000000000 ) ;
#3718 = CARTESIAN_POINT ( 'NONE',  ( -15.00000000000000000, -6.000000000000000000, 48.50000000000000000 ) ) ;
#3719 = CARTESIAN_POINT ( 'NONE',  ( -73.50000000000000000, 0.000000000000000000, -42.25000000000000000 ) ) ;
#3720 = DIRECTION ( 'NONE',  ( 0.000000000000000000, 1.000000000000000000, 0.000000000000000000 ) ) ;
#3721 = VECTOR ( 'NONE', #4720, 1000.000000000000000 ) ;
#3722 = ORIENTED_EDGE ( 'NONE', *, *, #3613, .T. ) ;
#3723 = ORIENTED_EDGE ( 'NONE', *, *, #3262, .T. ) ;
#3724 = VECTOR ( 'NONE', #3975, 1000.000000000000000 ) ;
#3725 = EDGE_CURVE ( 'NONE', #1847, #3966, #748, .T. ) ;
#3726 = DIRECTION ( 'NONE',  ( 0.000000000000000000, 0.000000000000000000, 1.000000000000000000 ) ) ;
#3727 = AXIS2_PLACEMENT_3D ( 'NONE', #3077, #1626, #240 ) ;
#3728 = CARTESIAN_POINT ( 'NONE',  ( -15.00000000000000000, 4.000000000000000000, -130.0000000000000000 ) ) ;
#3729 = ORIENTED_EDGE ( 'NONE', *, *, #3591, .F. ) ;
#3730 = FACE_BOUND ( 'NONE', #1497, .T. ) ;
#3731 = DIRECTION ( 'NONE',  ( 0.000000000000000000, 0.000000000000000000, 1.000000000000000000 ) ) ;
#3732 = AXIS2_PLACEMENT_3D ( 'NONE', #1999, #2324, #3456 ) ;
#3733 = VERTEX_POINT ( 'NONE', #4469 ) ;
#3734 = CYLINDRICAL_SURFACE ( 'NONE', #132, 1.500000000000001332 ) ;
#3735 = EDGE_LOOP ( 'NONE', ( #3390, #1743, #4476, #3161 ) ) ;
#3736 = CYLINDRICAL_SURFACE ( 'NONE', #911, 1.500000000000001332 ) ;
#3737 = ORIENTED_EDGE ( 'NONE', *, *, #854, .F. ) ;
#3738 = EDGE_CURVE ( 'NONE', #4641, #1613, #882, .T. ) ;
#3739 = PLANE ( 'NONE',  #2022 ) ;
#3740 = CARTESIAN_POINT ( 'NONE',  ( -36.00000000000000000, 0.000000000000000000, 79.00000000000000000 ) ) ;
#3741 = DIRECTION ( 'NONE',  ( 0.000000000000000000, 1.000000000000000000, 0.000000000000000000 ) ) ;
#3742 = CARTESIAN_POINT ( 'NONE',  ( -30.00000000000000000, 0.000000000000000000, 86.50000000000000000 ) ) ;
#3743 = CIRCLE ( 'NONE', #2591, 1.250000000000011546 ) ;
#3744 = EDGE_CURVE ( 'NONE', #1118, #267, #4446, .T. ) ;
#3745 = ORIENTED_EDGE ( 'NONE', *, *, #4022, .F. ) ;
#3746 = ORIENTED_EDGE ( 'NONE', *, *, #3447, .T. ) ;
#3747 = CARTESIAN_POINT ( 'NONE',  ( -50.84314575050770202, 0.000000000000000000, 56.50000000000000000 ) ) ;
#3748 = CARTESIAN_POINT ( 'NONE',  ( -60.00000000000000000, 0.000000000000000000, -60.00000000000000000 ) ) ;
#3749 = ORIENTED_EDGE ( 'NONE', *, *, #1643, .F. ) ;
#3750 = FACE_BOUND ( 'NONE', #474, .T. ) ;
#3751 = CARTESIAN_POINT ( 'NONE',  ( -80.00000000000000000, 0.000000000000000000, 46.50000000000000000 ) ) ;
#3752 = EDGE_CURVE ( 'NONE', #987, #2763, #2336, .T. ) ;
#3753 = VERTEX_POINT ( 'NONE', #3621 ) ;
#3754 = ADVANCED_FACE ( 'NONE', ( #479 ), #342, .F. ) ;
#3755 = FACE_OUTER_BOUND ( 'NONE', #1091, .T. ) ;
#3756 = ORIENTED_EDGE ( 'NONE', *, *, #1550, .T. ) ;
#3757 = DIRECTION ( 'NONE',  ( 0.000000000000000000, 0.000000000000000000, 1.000000000000000000 ) ) ;
#3758 = EDGE_CURVE ( 'NONE', #2148, #2945, #2375, .T. ) ;
#3759 = DIRECTION ( 'NONE',  ( 0.000000000000000000, 0.000000000000000000, -1.000000000000000000 ) ) ;
#3760 = DIRECTION ( 'NONE',  ( 0.000000000000000000, 0.000000000000000000, 1.000000000000000000 ) ) ;
#3761 = DIRECTION ( 'NONE',  ( 0.000000000000000000, 1.000000000000000000, 0.000000000000000000 ) ) ;
#3762 = DIRECTION ( 'NONE',  ( 0.000000000000000000, 1.000000000000000000, 0.000000000000000000 ) ) ;
#3763 = VERTEX_POINT ( 'NONE', #2058 ) ;
#3764 = VERTEX_POINT ( 'NONE', #1727 ) ;
#3765 = ADVANCED_FACE ( 'NONE', ( #3538 ), #4219, .F. ) ;
#3766 = DIRECTION ( 'NONE',  ( 0.000000000000000000, 1.000000000000000000, 0.000000000000000000 ) ) ;
#3767 = LINE ( 'NONE', #533, #2186 ) ;
#3768 = DIRECTION ( 'NONE',  ( 0.000000000000000000, 1.000000000000000000, 0.000000000000000000 ) ) ;
#3769 = ORIENTED_EDGE ( 'NONE', *, *, #3509, .F. ) ;
#3770 = FACE_BOUND ( 'NONE', #4451, .T. ) ;
#3771 = ORIENTED_EDGE ( 'NONE', *, *, #1705, .T. ) ;
#3772 = CARTESIAN_POINT ( 'NONE',  ( -136.0000000000000000, -6.000000000000000000, 72.50000000000000000 ) ) ;
#3773 = EDGE_LOOP ( 'NONE', ( #912, #727 ) ) ;
#3774 = CARTESIAN_POINT ( 'NONE',  ( 0.000000000000000000, 0.000000000000000000, -120.5000000000000000 ) ) ;
#3776 = ADVANCED_FACE ( 'NONE', ( #3103 ), #164, .T. ) ;
#3775 = DIRECTION ( 'NONE',  ( 0.000000000000000000, 0.000000000000000000, 1.000000000000000000 ) ) ;
#3777 = CIRCLE ( 'NONE', #1635, 1.500000000000001332 ) ;
#3778 = CARTESIAN_POINT ( 'NONE',  ( -36.00000000000000000, 4.000000000000000000, 72.50000000000000000 ) ) ;
#3779 = VECTOR ( 'NONE', #2618, 1000.000000000000000 ) ;
#3780 = DIRECTION ( 'NONE',  ( 0.000000000000000000, 1.000000000000000000, 0.000000000000000000 ) ) ;
#3781 = AXIS2_PLACEMENT_3D ( 'NONE', #4288, #3927, #1016 ) ;
#3782 = CARTESIAN_POINT ( 'NONE',  ( 0.000000000000000000, -6.000000000000000000, 54.00000000000000000 ) ) ;
#3783 = AXIS2_PLACEMENT_3D ( 'NONE', #4333, #3213, #1376 ) ;
#3784 = AXIS2_PLACEMENT_3D ( 'NONE', #2992, #818, #4042 ) ;
#3785 = ORIENTED_EDGE ( 'NONE', *, *, #2041, .F. ) ;
#3786 = EDGE_LOOP ( 'NONE', ( #4613, #2078, #2852, #4517 ) ) ;
#3787 = PLANE ( 'NONE',  #664 ) ;
#3788 = CIRCLE ( 'NONE', #3561, 6.000000000000005329 ) ;
#3789 = EDGE_CURVE ( 'NONE', #3966, #1847, #2115, .T. ) ;
#3790 = CARTESIAN_POINT ( 'NONE',  ( -15.00000000000000000, -6.000000000000000000, -60.00000000000000000 ) ) ;
#3791 = ADVANCED_FACE ( 'NONE', ( #597 ), #263, .F. ) ;
#3792 = ORIENTED_EDGE ( 'NONE', *, *, #2946, .F. ) ;
#3793 = VECTOR ( 'NONE', #3678, 1000.000000000000000 ) ;
#3794 = DIRECTION ( 'NONE',  ( 0.000000000000000000, 1.000000000000000000, 0.000000000000000000 ) ) ;
#3795 = CIRCLE ( 'NONE', #2261, 1.250000000000001110 ) ;
#3796 = EDGE_LOOP ( 'NONE', ( #1145, #4466 ) ) ;
#3797 = DIRECTION ( 'NONE',  ( 0.000000000000000000, 1.000000000000000000, 0.000000000000000000 ) ) ;
#3798 = DIRECTION ( 'NONE',  ( 0.000000000000000000, 0.000000000000000000, 1.000000000000000000 ) ) ;
#3799 = AXIS2_PLACEMENT_3D ( 'NONE', #2722, #2004, #4173 ) ;
#3800 = ORIENTED_EDGE ( 'NONE', *, *, #4680, .T. ) ;
#3801 = CYLINDRICAL_SURFACE ( 'NONE', #3286, 1.500000000000001332 ) ;
#3802 = ADVANCED_FACE ( 'NONE', ( #3900 ), #543, .F. ) ;
#3803 = DIRECTION ( 'NONE',  ( 0.000000000000000000, 1.000000000000000000, 0.000000000000000000 ) ) ;
#3804 = AXIS2_PLACEMENT_3D ( 'NONE', #475, #71, #4108 ) ;
#3805 = CYLINDRICAL_SURFACE ( 'NONE', #4330, 1.500000000000001332 ) ;
#3806 = DIRECTION ( 'NONE',  ( 0.000000000000000000, 0.000000000000000000, 1.000000000000000000 ) ) ;
#3807 = PRODUCT_DEFINITION_SHAPE ( 'NONE', 'NONE',  #1903 ) ;
#3808 = CARTESIAN_POINT ( 'NONE',  ( -24.50000000000000000, 4.000000000000000000, 71.00000000000000000 ) ) ;
#3809 = AXIS2_PLACEMENT_3D ( 'NONE', #120, #4091, #1137 ) ;
#3810 = ORIENTED_EDGE ( 'NONE', *, *, #3698, .F. ) ;
#3811 = ORIENTED_EDGE ( 'NONE', *, *, #3140, .F. ) ;
#3812 = CARTESIAN_POINT ( 'NONE',  ( -131.0000000000000000, 4.000000000000000000, -61.50000000000000000 ) ) ;
#3813 = DIRECTION ( 'NONE',  ( 0.000000000000000000, 1.000000000000000000, 0.000000000000000000 ) ) ;
#3814 = VERTEX_POINT ( 'NONE', #4634 ) ;
#3815 = AXIS2_PLACEMENT_3D ( 'NONE', #592, #2327, #1291 ) ;
#3816 = VECTOR ( 'NONE', #4576, 1000.000000000000000 ) ;
#3817 = DIRECTION ( 'NONE',  ( 0.000000000000000000, 0.000000000000000000, 1.000000000000000000 ) ) ;
#3818 = ADVANCED_FACE ( 'NONE', ( #2355 ), #625, .F. ) ;
#3819 = VERTEX_POINT ( 'NONE', #954 ) ;
#3820 = DIRECTION ( 'NONE',  ( 0.000000000000000000, 0.000000000000000000, 1.000000000000000000 ) ) ;
#3821 = FACE_BOUND ( 'NONE', #3617, .T. ) ;
#3822 = ORIENTED_EDGE ( 'NONE', *, *, #3193, .F. ) ;
#3823 = ADVANCED_FACE ( 'NONE', ( #3826 ), #1653, .F. ) ;
#3824 = DIRECTION ( 'NONE',  ( 0.000000000000000000, 1.000000000000000000, 0.000000000000000000 ) ) ;
#3825 = CARTESIAN_POINT ( 'NONE',  ( -110.0000000000000000, 0.000000000000000000, -48.00000000000000000 ) ) ;
#3826 = FACE_OUTER_BOUND ( 'NONE', #175, .T. ) ;
#3827 = DIRECTION ( 'NONE',  ( 0.000000000000000000, 1.000000000000000000, 0.000000000000000000 ) ) ;
#3828 = CARTESIAN_POINT ( 'NONE',  ( -50.84314575050770202, 0.000000000000000000, -56.50000000000000000 ) ) ;
#3829 = ORIENTED_EDGE ( 'NONE', *, *, #2468, .F. ) ;
#3830 = EDGE_LOOP ( 'NONE', ( #4138, #3769 ) ) ;
#3831 = DIRECTION ( 'NONE',  ( 0.000000000000000000, 0.000000000000000000, 1.000000000000000000 ) ) ;
#3832 = ORIENTED_EDGE ( 'NONE', *, *, #2921, .T. ) ;
#3833 = EDGE_CURVE ( 'NONE', #2160, #3837, #2039, .T. ) ;
#3834 = EDGE_CURVE ( 'NONE', #3020, #828, #3516, .T. ) ;
#3835 = DIRECTION ( 'NONE',  ( 0.000000000000000000, 0.000000000000000000, 1.000000000000000000 ) ) ;
#3836 = EDGE_CURVE ( 'NONE', #262, #2978, #1369, .T. ) ;
#3837 = VERTEX_POINT ( 'NONE', #3443 ) ;
#3838 = EDGE_CURVE ( 'NONE', #3890, #262, #821, .T. ) ;
#3839 = CARTESIAN_POINT ( 'NONE',  ( -139.0000000000000000, 0.000000000000000000, -31.00000000000000000 ) ) ;
#3840 = ORIENTED_EDGE ( 'NONE', *, *, #2907, .T. ) ;
#3841 = DIRECTION ( 'NONE',  ( 0.000000000000000000, 1.000000000000000000, 0.000000000000000000 ) ) ;
#3842 = DIRECTION ( 'NONE',  ( 0.000000000000000000, 1.000000000000000000, 0.000000000000000000 ) ) ;
#3843 = CARTESIAN_POINT ( 'NONE',  ( -15.00000000000000000, 4.000000000000000000, -50.00000000000000000 ) ) ;
#3844 = VERTEX_POINT ( 'NONE', #1317 ) ;
#3845 = DIRECTION ( 'NONE',  ( 0.000000000000000000, 1.000000000000000000, 0.000000000000000000 ) ) ;
#3846 = DIRECTION ( 'NONE',  ( 0.000000000000000000, 1.000000000000000000, 0.000000000000000000 ) ) ;
#3847 = EDGE_LOOP ( 'NONE', ( #3132, #310 ) ) ;
#3848 = DIRECTION ( 'NONE',  ( 0.000000000000000000, 1.000000000000000000, 0.000000000000000000 ) ) ;
#3849 = FACE_OUTER_BOUND ( 'NONE', #3418, .T. ) ;
#3850 = FACE_OUTER_BOUND ( 'NONE', #1576, .T. ) ;
#3851 = ORIENTED_EDGE ( 'NONE', *, *, #4086, .T. ) ;
#3852 = ORIENTED_EDGE ( 'NONE', *, *, #3070, .F. ) ;
#3853 = CIRCLE ( 'NONE', #2862, 1.500000000000001332 ) ;
#3854 = CARTESIAN_POINT ( 'NONE',  ( -80.00000000000000000, 0.000000000000000000, -72.00000000000000000 ) ) ;
#3855 = VECTOR ( 'NONE', #3409, 1000.000000000000000 ) ;
#3856 = ORIENTED_EDGE ( 'NONE', *, *, #2738, .T. ) ;
#3857 = CARTESIAN_POINT ( 'NONE',  ( -30.00000000000000000, 4.000000000000000000, -130.0000000000000000 ) ) ;
#3858 = ORIENTED_EDGE ( 'NONE', *, *, #1155, .T. ) ;
#3859 = CARTESIAN_POINT ( 'NONE',  ( -29.00000000000000000, 4.000000000000000000, -73.50000000000000000 ) ) ;
#3860 = AXIS2_PLACEMENT_3D ( 'NONE', #4165, #2760, #3435 ) ;
#3861 = EDGE_LOOP ( 'NONE', ( #3881, #222 ) ) ;
#3862 = LINE ( 'NONE', #176, #3576 ) ;
#3863 = ORIENTED_EDGE ( 'NONE', *, *, #3243, .F. ) ;
#3864 = DIRECTION ( 'NONE',  ( 0.000000000000000000, 0.000000000000000000, 1.000000000000000000 ) ) ;
#3865 = VERTEX_POINT ( 'NONE', #2771 ) ;
#3866 = DIRECTION ( 'NONE',  ( 0.000000000000000000, 1.000000000000000000, 0.000000000000000000 ) ) ;
#3867 = AXIS2_PLACEMENT_3D ( 'NONE', #702, #2155, #1711 ) ;
#3868 = EDGE_LOOP ( 'NONE', ( #1088, #2662 ) ) ;
#3869 = CYLINDRICAL_SURFACE ( 'NONE', #2397, 1.250000000000001110 ) ;
#3870 = ORIENTED_EDGE ( 'NONE', *, *, #2592, .T. ) ;
#3871 = CARTESIAN_POINT ( 'NONE',  ( -122.5000000000000000, -6.000000000000000000, 17.00000000000000000 ) ) ;
#3872 = VECTOR ( 'NONE', #1560, 1000.000000000000000 ) ;
#3873 = DIRECTION ( 'NONE',  ( 0.000000000000000000, 0.000000000000000000, 1.000000000000000000 ) ) ;
#3874 = ADVANCED_FACE ( 'NONE', ( #3150 ), #3805, .F. ) ;
#3875 = DIRECTION ( 'NONE',  ( 0.000000000000000000, 0.000000000000000000, 1.000000000000000000 ) ) ;
#3876 = ORIENTED_EDGE ( 'NONE', *, *, #2302, .F. ) ;
#3877 = ORIENTED_EDGE ( 'NONE', *, *, #1720, .F. ) ;
#3878 = EDGE_CURVE ( 'NONE', #1757, #4081, #2796, .T. ) ;
#3879 = CIRCLE ( 'NONE', #4487, 1.500000000000001332 ) ;
#3880 = DIRECTION ( 'NONE',  ( 0.000000000000000000, 1.000000000000000000, 0.000000000000000000 ) ) ;
#3881 = ORIENTED_EDGE ( 'NONE', *, *, #2732, .T. ) ;
#3882 = AXIS2_PLACEMENT_3D ( 'NONE', #3127, #1318, #2059 ) ;
#3883 = APPROVAL ( #357, 'æœª' ) ;
#3884 = DIRECTION ( 'NONE',  ( 0.000000000000000000, 1.000000000000000000, 0.000000000000000000 ) ) ;
#3885 = ORIENTED_EDGE ( 'NONE', *, *, #1337, .T. ) ;
#3886 = DIRECTION ( 'NONE',  ( 0.000000000000000000, 0.000000000000000000, 1.000000000000000000 ) ) ;
#3887 = DIRECTION ( 'NONE',  ( 0.000000000000000000, 0.000000000000000000, 1.000000000000000000 ) ) ;
#3888 = ORIENTED_EDGE ( 'NONE', *, *, #940, .T. ) ;
#3889 = DIRECTION ( 'NONE',  ( 0.000000000000000000, 1.000000000000000000, 0.000000000000000000 ) ) ;
#3890 = VERTEX_POINT ( 'NONE', #24 ) ;
#3891 = DIRECTION ( 'NONE',  ( 0.000000000000000000, 1.000000000000000000, 0.000000000000000000 ) ) ;
#3892 = ORIENTED_EDGE ( 'NONE', *, *, #3725, .F. ) ;
#3893 = DIRECTION ( 'NONE',  ( 0.000000000000000000, 1.000000000000000000, 0.000000000000000000 ) ) ;
#3894 = AXIS2_PLACEMENT_3D ( 'NONE', #1029, #3539, #2899 ) ;
#3895 = EDGE_CURVE ( 'NONE', #920, #3623, #2264, .T. ) ;
#3896 = ORIENTED_EDGE ( 'NONE', *, *, #1704, .F. ) ;
#3897 = DIRECTION ( 'NONE',  ( 0.000000000000000000, 1.000000000000000000, 0.000000000000000000 ) ) ;
#3898 = ORIENTED_EDGE ( 'NONE', *, *, #2492, .T. ) ;
#3899 = EDGE_CURVE ( 'NONE', #1884, #3427, #3967, .T. ) ;
#3900 = FACE_OUTER_BOUND ( 'NONE', #1166, .T. ) ;
#3901 = LINE ( 'NONE', #4281, #2596 ) ;
#3902 = CARTESIAN_POINT ( 'NONE',  ( -122.5000000000000000, 0.000000000000000000, -42.25000000000000000 ) ) ;
#3903 = ORIENTED_EDGE ( 'NONE', *, *, #754, .F. ) ;
#3904 = VERTEX_POINT ( 'NONE', #3614 ) ;
#3905 = DIRECTION ( 'NONE',  ( 0.000000000000000000, 0.000000000000000000, 1.000000000000000000 ) ) ;
#3906 = EDGE_LOOP ( 'NONE', ( #4085, #918 ) ) ;
#3907 = CARTESIAN_POINT ( 'NONE',  ( -137.0000000000000000, 4.000000000000000000, 15.00000000000000000 ) ) ;
#3908 = ORIENTED_EDGE ( 'NONE', *, *, #4575, .T. ) ;
#3909 = DIRECTION ( 'NONE',  ( 0.000000000000000000, 0.000000000000000000, 1.000000000000000000 ) ) ;
#3910 = LINE ( 'NONE', #4621, #963 ) ;
#3911 = DIRECTION ( 'NONE',  ( 0.000000000000000000, 1.000000000000000000, 0.000000000000000000 ) ) ;
#3912 = CARTESIAN_POINT ( 'NONE',  ( 0.000000000000000000, 4.000000000000000000, 45.00000000000000000 ) ) ;
#3913 = FACE_BOUND ( 'NONE', #4430, .T. ) ;
#3914 = ORIENTED_EDGE ( 'NONE', *, *, #2, .F. ) ;
#3915 = DIRECTION ( 'NONE',  ( 0.000000000000000000, 0.000000000000000000, -1.000000000000000000 ) ) ;
#3916 = ORIENTED_EDGE ( 'NONE', *, *, #2779, .T. ) ;
#3917 = DIRECTION ( 'NONE',  ( 0.000000000000000000, 0.000000000000000000, 1.000000000000000000 ) ) ;
#3918 = CARTESIAN_POINT ( 'NONE',  ( -51.00000000000000000, 0.000000000000000000, -20.00000000000000000 ) ) ;
#3919 = ORIENTED_EDGE ( 'NONE', *, *, #1895, .F. ) ;
#3920 = DIRECTION ( 'NONE',  ( 0.000000000000000000, 0.000000000000000000, -1.000000000000000000 ) ) ;
#3921 = CARTESIAN_POINT ( 'NONE',  ( 0.000000000000000000, 0.000000000000000000, 0.000000000000000000 ) ) ;
#3922 = EDGE_CURVE ( 'NONE', #576, #1614, #4407, .T. ) ;
#3923 = DIRECTION ( 'NONE',  ( 0.000000000000000000, 0.000000000000000000, -1.000000000000000000 ) ) ;
#3924 = ORIENTED_EDGE ( 'NONE', *, *, #1906, .F. ) ;
#3925 = ORIENTED_EDGE ( 'NONE', *, *, #936, .T. ) ;
#3926 = CARTESIAN_POINT ( 'NONE',  ( -60.00000000000000000, 0.000000000000000000, -58.50000000000000000 ) ) ;
#3927 = DIRECTION ( 'NONE',  ( 0.000000000000000000, 1.000000000000000000, 0.000000000000000000 ) ) ;
#3928 = DIRECTION ( 'NONE',  ( 0.000000000000000000, -1.000000000000000000, 0.000000000000000000 ) ) ;
#3929 = AXIS2_PLACEMENT_3D ( 'NONE', #465, #1140, #444 ) ;
#3930 = CIRCLE ( 'NONE', #3014, 1.500000000000001332 ) ;
#3931 = ORIENTED_EDGE ( 'NONE', *, *, #1792, .T. ) ;
#3932 = VECTOR ( 'NONE', #989, 1000.000000000000000 ) ;
#3933 = EDGE_CURVE ( 'NONE', #3372, #4366, #1, .T. ) ;
#3934 = CARTESIAN_POINT ( 'NONE',  ( -30.00000000000000000, -6.000000000000000000, -61.50000000000000000 ) ) ;
#3935 = DIRECTION ( 'NONE',  ( 0.000000000000000000, 1.000000000000000000, 0.000000000000000000 ) ) ;
#3936 = DIRECTION ( 'NONE',  ( 0.000000000000000000, 1.000000000000000000, 0.000000000000000000 ) ) ;
#3937 = AXIS2_PLACEMENT_3D ( 'NONE', #1713, #2783, #3886 ) ;
#3938 = AXIS2_PLACEMENT_3D ( 'NONE', #2679, #2747, #4217 ) ;
#3939 = DIRECTION ( 'NONE',  ( 0.000000000000000000, -1.000000000000000000, 0.000000000000000000 ) ) ;
#3940 = ORIENTED_EDGE ( 'NONE', *, *, #131, .F. ) ;
#3941 = FACE_OUTER_BOUND ( 'NONE', #1773, .T. ) ;
#3942 = CIRCLE ( 'NONE', #1267, 1.250000000000011546 ) ;
#3943 = EDGE_CURVE ( 'NONE', #1631, #964, #62, .T. ) ;
#3944 = LINE ( 'NONE', #671, #339 ) ;
#3945 = VERTEX_POINT ( 'NONE', #3279 ) ;
#3946 = CARTESIAN_POINT ( 'NONE',  ( -73.50000000000000000, -6.000000000000000000, -41.00000000000000000 ) ) ;
#3947 = AXIS2_PLACEMENT_3D ( 'NONE', #705, #1741, #4694 ) ;
#3948 = DIRECTION ( 'NONE',  ( 0.000000000000000000, 0.000000000000000000, -1.000000000000000000 ) ) ;
#3949 = EDGE_CURVE ( 'NONE', #3559, #34, #2126, .T. ) ;
#3950 = DIRECTION ( 'NONE',  ( 0.000000000000000000, 0.000000000000000000, -1.000000000000000000 ) ) ;
#3951 = AXIS2_PLACEMENT_3D ( 'NONE', #275, #225, #2496 ) ;
#3952 = ORIENTED_EDGE ( 'NONE', *, *, #838, .T. ) ;
#3953 = LINE ( 'NONE', #1348, #3018 ) ;
#3954 = DIRECTION ( 'NONE',  ( 0.000000000000000000, 0.000000000000000000, 1.000000000000000000 ) ) ;
#3955 = DIRECTION ( 'NONE',  ( 0.000000000000000000, 1.000000000000000000, 0.000000000000000000 ) ) ;
#3956 = ORIENTED_EDGE ( 'NONE', *, *, #2440, .T. ) ;
#3957 = CIRCLE ( 'NONE', #2585, 1.500000000000001332 ) ;
#3958 = DIRECTION ( 'NONE',  ( 0.000000000000000000, 1.000000000000000000, 0.000000000000000000 ) ) ;
#3959 = DIRECTION ( 'NONE',  ( 0.000000000000000000, 0.000000000000000000, -1.000000000000000000 ) ) ;
#3960 = ORIENTED_EDGE ( 'NONE', *, *, #504, .T. ) ;
#3961 = CIRCLE ( 'NONE', #1907, 1.500000000000001332 ) ;
#3962 = DIRECTION ( 'NONE',  ( 0.000000000000000000, 0.000000000000000000, 1.000000000000000000 ) ) ;
#3963 = ORIENTED_EDGE ( 'NONE', *, *, #2931, .F. ) ;
#3964 = DIRECTION ( 'NONE',  ( 0.000000000000000000, 0.000000000000000000, 1.000000000000000000 ) ) ;
#3965 = CARTESIAN_POINT ( 'NONE',  ( -80.00000000000000000, 0.000000000000000000, -70.50000000000000000 ) ) ;
#3966 = VERTEX_POINT ( 'NONE', #715 ) ;
#3967 = LINE ( 'NONE', #644, #3653 ) ;
#3968 = ADVANCED_FACE ( 'NONE', ( #1103 ), #2149, .F. ) ;
#3969 = VECTOR ( 'NONE', #4253, 1000.000000000000000 ) ;
#3970 = CYLINDRICAL_SURFACE ( 'NONE', #3123, 1.500000000000001332 ) ;
#3971 = CARTESIAN_POINT ( 'NONE',  ( -36.00000000000000000, -6.000000000000000000, 71.00000000000000000 ) ) ;
#3972 = ORIENTED_EDGE ( 'NONE', *, *, #3345, .F. ) ;
#3973 = CYLINDRICAL_SURFACE ( 'NONE', #2021, 6.999999999999999112 ) ;
#3974 = DIRECTION ( 'NONE',  ( 0.000000000000000000, 1.000000000000000000, 0.000000000000000000 ) ) ;
#3975 = DIRECTION ( 'NONE',  ( 0.000000000000000000, 1.000000000000000000, 0.000000000000000000 ) ) ;
#3976 = ORIENTED_EDGE ( 'NONE', *, *, #2979, .T. ) ;
#3977 = ADVANCED_FACE ( 'NONE', ( #4351 ), #1028, .T. ) ;
#3978 = EDGE_CURVE ( 'NONE', #740, #2789, #3106, .T. ) ;
#3979 = DIRECTION ( 'NONE',  ( 0.000000000000000000, 0.000000000000000000, 1.000000000000000000 ) ) ;
#3980 = DIRECTION ( 'NONE',  ( 0.000000000000000000, 0.000000000000000000, 1.000000000000000000 ) ) ;
#3981 = ORIENTED_EDGE ( 'NONE', *, *, #708, .T. ) ;
#3982 = ADVANCED_FACE ( 'NONE', ( #1082 ), #2940, .F. ) ;
#3983 = PLANE ( 'NONE',  #4697 ) ;
#3984 = ORIENTED_EDGE ( 'NONE', *, *, #242, .F. ) ;
#3985 = LINE ( 'NONE', #2051, #837 ) ;
#3986 = CARTESIAN_POINT ( 'NONE',  ( -73.50000000000000000, 0.000000000000000000, -41.00000000000000000 ) ) ;
#3987 = LINE ( 'NONE', #2430, #3012 ) ;
#3988 = EDGE_LOOP ( 'NONE', ( #2208, #4548 ) ) ;
#3989 = DIRECTION ( 'NONE',  ( 0.000000000000000000, 1.000000000000000000, 0.000000000000000000 ) ) ;
#3990 = ORIENTED_EDGE ( 'NONE', *, *, #4558, .T. ) ;
#3991 = CARTESIAN_POINT ( 'NONE',  ( -30.00000000000000000, 4.000000000000000000, 101.5000000000000000 ) ) ;
#3992 = EDGE_CURVE ( 'NONE', #4125, #3652, #1413, .T. ) ;
#3993 = ORIENTED_EDGE ( 'NONE', *, *, #1451, .T. ) ;
#3994 = DIRECTION ( 'NONE',  ( 0.000000000000000000, 1.000000000000000000, 0.000000000000000000 ) ) ;
#3995 = ORIENTED_EDGE ( 'NONE', *, *, #2450, .F. ) ;
#3996 = CARTESIAN_POINT ( 'NONE',  ( -133.0000000000000000, 0.000000000000000000, 15.00000000000000000 ) ) ;
#3997 = CARTESIAN_POINT ( 'NONE',  ( -81.00000000000000000, 4.000000000000000000, -31.00000000000000000 ) ) ;
#3998 = ORIENTED_EDGE ( 'NONE', *, *, #1624, .T. ) ;
#3999 = ORIENTED_EDGE ( 'NONE', *, *, #1355, .T. ) ;
#4000 = ADVANCED_FACE ( 'NONE', ( #2481 ), #3590, .F. ) ;
#4001 = VECTOR ( 'NONE', #3338, 1000.000000000000000 ) ;
#4002 = CIRCLE ( 'NONE', #493, 1.250000000000001110 ) ;
#4003 = DIRECTION ( 'NONE',  ( 0.000000000000000000, 1.000000000000000000, 0.000000000000000000 ) ) ;
#4004 = CARTESIAN_POINT ( 'NONE',  ( -110.0000000000000000, 0.000000000000000000, -70.50000000000000000 ) ) ;
#4005 = VERTEX_POINT ( 'NONE', #1774 ) ;
#4006 = DIRECTION ( 'NONE',  ( -1.000000000000000000, 0.000000000000000000, 0.000000000000000000 ) ) ;
#4007 = AXIS2_PLACEMENT_3D ( 'NONE', #4428, #4404, #2227 ) ;
#4008 = ORIENTED_EDGE ( 'NONE', *, *, #4046, .T. ) ;
#4009 = CARTESIAN_POINT ( 'NONE',  ( -80.00000000000000000, 0.000000000000000000, -49.50000000000000000 ) ) ;
#4010 = LINE ( 'NONE', #3563, #428 ) ;
#4011 = EDGE_LOOP ( 'NONE', ( #4579, #2683, #1231, #540 ) ) ;
#4012 = CARTESIAN_POINT ( 'NONE',  ( -145.0000000000000000, 4.000000000000000000, 75.00000000000000000 ) ) ;
#4013 = ORIENTED_EDGE ( 'NONE', *, *, #2138, .F. ) ;
#4014 = DIRECTION ( 'NONE',  ( 0.000000000000000000, 1.000000000000000000, 0.000000000000000000 ) ) ;
#4015 = AXIS2_PLACEMENT_3D ( 'NONE', #1666, #3503, #2689 ) ;
#4016 = VERTEX_POINT ( 'NONE', #359 ) ;
#4017 = CYLINDRICAL_SURFACE ( 'NONE', #300, 1.500000000000001332 ) ;
#4018 = AXIS2_PLACEMENT_3D ( 'NONE', #1660, #1989, #3831 ) ;
#4019 = ORIENTED_EDGE ( 'NONE', *, *, #865, .F. ) ;
#4020 = CARTESIAN_POINT ( 'NONE',  ( -45.00000000000000000, 0.000000000000000000, 45.00000000000000000 ) ) ;
#4021 = PLANE ( 'NONE',  #2665 ) ;
#4022 = EDGE_CURVE ( 'NONE', #1748, #2730, #4636, .T. ) ;
#4023 = CIRCLE ( 'NONE', #4327, 1.500000000000001332 ) ;
#4024 = DIRECTION ( 'NONE',  ( 0.000000000000000000, 1.000000000000000000, 0.000000000000000000 ) ) ;
#4025 = ORIENTED_EDGE ( 'NONE', *, *, #242, .T. ) ;
#4026 = VERTEX_POINT ( 'NONE', #2510 ) ;
#4027 = CIRCLE ( 'NONE', #1209, 1.500000000000001332 ) ;
#4028 = DIRECTION ( 'NONE',  ( 0.000000000000000000, 1.000000000000000000, 0.000000000000000000 ) ) ;
#4029 = CARTESIAN_POINT ( 'NONE',  ( -139.0000000000000000, 0.000000000000000000, 81.00000000000000000 ) ) ;
#4030 = EDGE_LOOP ( 'NONE', ( #2552, #33 ) ) ;
#4031 = FACE_BOUND ( 'NONE', #2756, .T. ) ;
#4032 = DIRECTION ( 'NONE',  ( 0.000000000000000000, 0.000000000000000000, -1.000000000000000000 ) ) ;
#4033 = SECURITY_CLASSIFICATION_LEVEL ( 'unclassified' ) ;
#4034 = EDGE_LOOP ( 'NONE', ( #1200, #3479, #762, #778 ) ) ;
#4035 = LINE ( 'NONE', #109, #3494 ) ;
#4036 = AXIS2_PLACEMENT_3D ( 'NONE', #884, #2332, #3806 ) ;
#4037 = ORIENTED_EDGE ( 'NONE', *, *, #4600, .F. ) ;
#4038 = FACE_OUTER_BOUND ( 'NONE', #3312, .T. ) ;
#4039 = EDGE_CURVE ( 'NONE', #4287, #2644, #4638, .T. ) ;
#4040 = EDGE_CURVE ( 'NONE', #2908, #4405, #3253, .T. ) ;
#4041 = ORIENTED_EDGE ( 'NONE', *, *, #1473, .T. ) ;
#4043 = EDGE_CURVE ( 'NONE', #3368, #1533, #2167, .T. ) ;
#4042 = DIRECTION ( 'NONE',  ( 0.000000000000000000, -1.000000000000000000, 0.000000000000000000 ) ) ;
#4044 = VECTOR ( 'NONE', #4346, 1000.000000000000000 ) ;
#4045 = CIRCLE ( 'NONE', #1228, 1.250000000000001110 ) ;
#4046 = EDGE_CURVE ( 'NONE', #3230, #2148, #2579, .T. ) ;
#4047 = CARTESIAN_POINT ( 'NONE',  ( -122.5000000000000000, -6.000000000000000000, -41.00000000000000000 ) ) ;
#4048 = LINE ( 'NONE', #4402, #834 ) ;
#4049 = CARTESIAN_POINT ( 'NONE',  ( -30.00000000000000000, 4.000000000000000000, 83.50000000000000000 ) ) ;
#4050 = ORIENTED_EDGE ( 'NONE', *, *, #2376, .T. ) ;
#4051 = ORIENTED_EDGE ( 'NONE', *, *, #3300, .F. ) ;
#4052 = CARTESIAN_POINT ( 'NONE',  ( -36.00000000000000000, -6.000000000000000000, 121.0000000000000000 ) ) ;
#4053 = FACE_OUTER_BOUND ( 'NONE', #2775, .T. ) ;
#4054 = ORIENTED_EDGE ( 'NONE', *, *, #503, .F. ) ;
#4055 = LINE ( 'NONE', #783, #662 ) ;
#4056 = FACE_OUTER_BOUND ( 'NONE', #4230, .T. ) ;
#4057 = VERTEX_POINT ( 'NONE', #1534 ) ;
#4058 = LINE ( 'NONE', #3772, #2965 ) ;
#4059 = EDGE_LOOP ( 'NONE', ( #2627, #3251, #3924, #2421 ) ) ;
#4060 = CARTESIAN_POINT ( 'NONE',  ( -110.0000000000000000, 0.000000000000000000, 48.00000000000000000 ) ) ;
#4061 = ORIENTED_EDGE ( 'NONE', *, *, #4577, .T. ) ;
#4062 = CARTESIAN_POINT ( 'NONE',  ( -141.0000000000000000, 0.000000000000000000, 15.00000000000000000 ) ) ;
#4063 = CARTESIAN_POINT ( 'NONE',  ( -139.0000000000000000, 0.000000000000000000, -60.00000000000000000 ) ) ;
#4064 = CARTESIAN_POINT ( 'NONE',  ( -65.00000000000000000, 0.000000000000000000, 20.00000000000000000 ) ) ;
#4065 = DIRECTION ( 'NONE',  ( 0.000000000000000000, 0.000000000000000000, 1.000000000000000000 ) ) ;
#4066 = EDGE_CURVE ( 'NONE', #4474, #3904, #4058, .T. ) ;
#4067 = CARTESIAN_POINT ( 'NONE',  ( -15.00000000000000000, 0.000000000000000000, -60.00000000000000000 ) ) ;
#4068 = ORIENTED_EDGE ( 'NONE', *, *, #4387, .F. ) ;
#4069 = VERTEX_POINT ( 'NONE', #4129 ) ;
#4070 = DIRECTION ( 'NONE',  ( 0.000000000000000000, 0.000000000000000000, -1.000000000000000000 ) ) ;
#4071 = DIRECTION ( 'NONE',  ( 0.000000000000000000, 0.000000000000000000, 1.000000000000000000 ) ) ;
#4072 = ORIENTED_EDGE ( 'NONE', *, *, #3838, .T. ) ;
#4073 = FACE_BOUND ( 'NONE', #2360, .T. ) ;
#4074 = PLANE ( 'NONE',  #4718 ) ;
#4075 = EDGE_CURVE ( 'NONE', #3523, #9, #4035, .T. ) ;
#4076 = AXIS2_PLACEMENT_3D ( 'NONE', #3250, #1391, #2077 ) ;
#4077 = VECTOR ( 'NONE', #3295, 1000.000000000000000 ) ;
#4078 = ORIENTED_EDGE ( 'NONE', *, *, #2269, .T. ) ;
#4079 = CARTESIAN_POINT ( 'NONE',  ( -24.50000000000000000, 0.000000000000000000, 69.75000000000000000 ) ) ;
#4080 = CIRCLE ( 'NONE', #2390, 1.500000000000001332 ) ;
#4081 = VERTEX_POINT ( 'NONE', #1957 ) ;
#4082 = DIRECTION ( 'NONE',  ( 0.000000000000000000, 1.000000000000000000, 0.000000000000000000 ) ) ;
#4083 = EDGE_CURVE ( 'NONE', #2840, #4484, #1139, .T. ) ;
#4084 = AXIS2_PLACEMENT_3D ( 'NONE', #527, #3446, #4540 ) ;
#4085 = ORIENTED_EDGE ( 'NONE', *, *, #2534, .T. ) ;
#4086 = EDGE_CURVE ( 'NONE', #3819, #916, #3031, .T. ) ;
#4087 = DIRECTION ( 'NONE',  ( 0.000000000000000000, 0.000000000000000000, 1.000000000000000000 ) ) ;
#4088 = DIRECTION ( 'NONE',  ( 0.000000000000000000, -1.000000000000000000, 0.000000000000000000 ) ) ;
#4089 = AXIS2_PLACEMENT_3D ( 'NONE', #40, #1147, #2601 ) ;
#4090 = EDGE_CURVE ( 'NONE', #4530, #2007, #2043, .T. ) ;
#4091 = DIRECTION ( 'NONE',  ( -1.000000000000000000, 0.000000000000000000, 0.000000000000000000 ) ) ;
#4092 = LINE ( 'NONE', #822, #1871 ) ;
#4093 = AXIS2_PLACEMENT_3D ( 'NONE', #3294, #4410, #4070 ) ;
#4094 = ORIENTED_EDGE ( 'NONE', *, *, #1645, .F. ) ;
#4095 = EDGE_LOOP ( 'NONE', ( #871, #3908 ) ) ;
#4096 = CIRCLE ( 'NONE', #2800, 1.500000000000001332 ) ;
#4097 = EDGE_CURVE ( 'NONE', #2287, #3819, #371, .T. ) ;
#4098 = EDGE_CURVE ( 'NONE', #1408, #4057, #2341, .T. ) ;
#4099 = DIRECTION ( 'NONE',  ( 0.000000000000000000, 1.000000000000000000, 0.000000000000000000 ) ) ;
#4100 = AXIS2_PLACEMENT_3D ( 'NONE', #2194, #3207, #4301 ) ;
#4101 = FACE_OUTER_BOUND ( 'NONE', #2929, .T. ) ;
#4102 = ORIENTED_EDGE ( 'NONE', *, *, #1991, .F. ) ;
#4103 = FACE_BOUND ( 'NONE', #4406, .T. ) ;
#4104 = EDGE_CURVE ( 'NONE', #4207, #4069, #752, .T. ) ;
#4105 = CARTESIAN_POINT ( 'NONE',  ( -131.0000000000000000, 0.000000000000000000, -61.50000000000000000 ) ) ;
#4106 = VECTOR ( 'NONE', #431, 1000.000000000000000 ) ;
#4107 = ORIENTED_EDGE ( 'NONE', *, *, #1226, .F. ) ;
#4108 = DIRECTION ( 'NONE',  ( 0.000000000000000000, 0.000000000000000000, 1.000000000000000000 ) ) ;
#4109 = ORIENTED_EDGE ( 'NONE', *, *, #4255, .T. ) ;
#4110 = PLANE ( 'NONE',  #3592 ) ;
#4111 = AXIS2_PLACEMENT_3D ( 'NONE', #2647, #2215, #1912 ) ;
#4112 = CARTESIAN_POINT ( 'NONE',  ( -137.0000000000000000, 4.000000000000000000, 19.00000000000000000 ) ) ;
#4113 = EDGE_CURVE ( 'NONE', #1346, #2599, #2656, .T. ) ;
#4114 = CARTESIAN_POINT ( 'NONE',  ( -30.00000000000000000, 0.000000000000000000, 50.00000000000000000 ) ) ;
#4115 = VECTOR ( 'NONE', #1179, 1000.000000000000000 ) ;
#4116 = CARTESIAN_POINT ( 'NONE',  ( -60.00000000000000000, 4.000000000000000000, -61.50000000000000000 ) ) ;
#4117 = DIRECTION ( 'NONE',  ( 0.000000000000000000, 0.000000000000000000, 1.000000000000000000 ) ) ;
#4118 = VECTOR ( 'NONE', #3845, 1000.000000000000000 ) ;
#4119 = ORIENTED_EDGE ( 'NONE', *, *, #768, .F. ) ;
#4120 = EDGE_LOOP ( 'NONE', ( #3972, #2654, #467, #2986 ) ) ;
#4121 = DIRECTION ( 'NONE',  ( 0.000000000000000000, 1.000000000000000000, 0.000000000000000000 ) ) ;
#4122 = CIRCLE ( 'NONE', #2434, 1.500000000000001332 ) ;
#4123 = DIRECTION ( 'NONE',  ( 0.000000000000000000, 1.000000000000000000, 0.000000000000000000 ) ) ;
#4124 = DIRECTION ( 'NONE',  ( 0.000000000000000000, 1.000000000000000000, 0.000000000000000000 ) ) ;
#4125 = VERTEX_POINT ( 'NONE', #1578 ) ;
#4126 = FACE_BOUND ( 'NONE', #2232, .T. ) ;
#4127 = EDGE_CURVE ( 'NONE', #3546, #2894, #4027, .T. ) ;
#4128 = EDGE_LOOP ( 'NONE', ( #1365, #1375 ) ) ;
#4129 = CARTESIAN_POINT ( 'NONE',  ( -30.00000000000000000, 0.000000000000000000, 113.5000000000000000 ) ) ;
#4130 = ORIENTED_EDGE ( 'NONE', *, *, #244, .T. ) ;
#4131 = DIRECTION ( 'NONE',  ( 0.000000000000000000, 1.000000000000000000, 0.000000000000000000 ) ) ;
#4132 = LINE ( 'NONE', #2329, #1040 ) ;
#4133 = CARTESIAN_POINT ( 'NONE',  ( -29.00000000000000000, 0.000000000000000000, -122.0000000000000000 ) ) ;
#4134 = DIRECTION ( 'NONE',  ( 0.000000000000000000, 1.000000000000000000, 0.000000000000000000 ) ) ;
#4135 = EDGE_CURVE ( 'NONE', #3468, #260, #4441, .T. ) ;
#4136 = LINE ( 'NONE', #3782, #269 ) ;
#4137 = ORIENTED_EDGE ( 'NONE', *, *, #3048, .T. ) ;
#4138 = ORIENTED_EDGE ( 'NONE', *, *, #697, .F. ) ;
#4139 = CARTESIAN_POINT ( 'NONE',  ( -110.0000000000000000, 4.000000000000000000, 49.50000000000000000 ) ) ;
#4140 = FACE_OUTER_BOUND ( 'NONE', #172, .T. ) ;
#4141 = CARTESIAN_POINT ( 'NONE',  ( -47.50000000000000000, 0.000000000000000000, -129.0000000000000000 ) ) ;
#4142 = EDGE_LOOP ( 'NONE', ( #1462, #411 ) ) ;
#4143 = CARTESIAN_POINT ( 'NONE',  ( -50.84314575050770202, 0.000000000000000000, 55.00000000000000000 ) ) ;
#4144 = ADVANCED_FACE ( 'NONE', ( #1173 ), #2218, .F. ) ;
#4145 = ORIENTED_EDGE ( 'NONE', *, *, #4235, .F. ) ;
#4146 = CARTESIAN_POINT ( 'NONE',  ( -80.00000000000000000, 4.000000000000000000, -46.50000000000000000 ) ) ;
#4147 = CARTESIAN_POINT ( 'NONE',  ( -15.00000000000000000, -6.000000000000000000, -58.50000000000000000 ) ) ;
#4148 = EDGE_LOOP ( 'NONE', ( #3896, #3335, #3898, #4205 ) ) ;
#4149 = DIRECTION ( 'NONE',  ( 0.000000000000000000, 1.000000000000000000, 0.000000000000000000 ) ) ;
#4150 = FACE_OUTER_BOUND ( 'NONE', #3135, .T. ) ;
#4151 = DIRECTION ( 'NONE',  ( 0.000000000000000000, 0.000000000000000000, 1.000000000000000000 ) ) ;
#4152 = DIRECTION ( 'NONE',  ( 0.000000000000000000, 1.000000000000000000, 0.000000000000000000 ) ) ;
#4153 = AXIS2_PLACEMENT_3D ( 'NONE', #3214, #4714, #2854 ) ;
#4154 = CARTESIAN_POINT ( 'NONE',  ( -65.00000000000000000, 0.000000000000000000, 20.00000000000000000 ) ) ;
#4155 = AXIS2_PLACEMENT_3D ( 'NONE', #4513, #3037, #2028 ) ;
#4156 = ADVANCED_FACE ( 'NONE', ( #3320 ), #2964, .F. ) ;
#4157 = ORIENTED_EDGE ( 'NONE', *, *, #3605, .F. ) ;
#4158 = VERTEX_POINT ( 'NONE', #4079 ) ;
#4159 = DIRECTION ( 'NONE',  ( 0.000000000000000000, 1.000000000000000000, 0.000000000000000000 ) ) ;
#4160 = CIRCLE ( 'NONE', #2026, 1.500000000000001332 ) ;
#4161 = CARTESIAN_POINT ( 'NONE',  ( 0.000000000000000000, -6.000000000000000000, -135.0000000000000000 ) ) ;
#4162 = ADVANCED_FACE ( 'NONE', ( #812 ), #3734, .F. ) ;
#4163 = ORIENTED_EDGE ( 'NONE', *, *, #2067, .F. ) ;
#4164 = AXIS2_PLACEMENT_3D ( 'NONE', #1143, #1094, #2276 ) ;
#4165 = CARTESIAN_POINT ( 'NONE',  ( -30.00000000000000000, 0.000000000000000000, 100.0000000000000000 ) ) ;
#4166 = EDGE_LOOP ( 'NONE', ( #489, #3756, #2445, #3628 ) ) ;
#4167 = FACE_OUTER_BOUND ( 'NONE', #3222, .T. ) ;
#4168 = FACE_BOUND ( 'NONE', #661, .T. ) ;
#4169 = ORIENTED_EDGE ( 'NONE', *, *, #3087, .T. ) ;
#4170 = CARTESIAN_POINT ( 'NONE',  ( -51.00000000000000000, 4.000000000000000000, 20.00000000000000000 ) ) ;
#4171 = DIRECTION ( 'NONE',  ( 0.000000000000000000, 0.000000000000000000, 1.000000000000000000 ) ) ;
#4172 = VECTOR ( 'NONE', #4241, 1000.000000000000000 ) ;
#4173 = DIRECTION ( 'NONE',  ( 0.000000000000000000, 0.000000000000000000, 1.000000000000000000 ) ) ;
#4174 = DIRECTION ( 'NONE',  ( 0.000000000000000000, 0.000000000000000000, 1.000000000000000000 ) ) ;
#4175 = EDGE_CURVE ( 'NONE', #2840, #1676, #2286, .T. ) ;
#4176 = EDGE_CURVE ( 'NONE', #576, #2007, #3007, .T. ) ;
#4177 = ADVANCED_FACE ( 'NONE', ( #3755 ), #2019, .F. ) ;
#4178 = CARTESIAN_POINT ( 'NONE',  ( -51.00000000000000000, 4.000000000000000000, -20.00000000000000000 ) ) ;
#4179 = ADVANCED_FACE ( 'NONE', ( #898 ), #2047, .F. ) ;
#4180 = AXIS2_PLACEMENT_3D ( 'NONE', #143, #3423, #2701 ) ;
#4181 = EDGE_LOOP ( 'NONE', ( #824, #1014 ) ) ;
#4182 = EDGE_LOOP ( 'NONE', ( #1048, #3008, #2828, #4378 ) ) ;
#4183 = CARTESIAN_POINT ( 'NONE',  ( -110.0000000000000000, 4.000000000000000000, -49.50000000000000000 ) ) ;
#4184 = EDGE_LOOP ( 'NONE', ( #3246, #2988, #3025, #1599 ) ) ;
#4185 = CARTESIAN_POINT ( 'NONE',  ( -24.50000000000000000, -6.000000000000000000, 71.00000000000000000 ) ) ;
#4186 = ORIENTED_EDGE ( 'NONE', *, *, #4176, .T. ) ;
#4187 = CIRCLE ( 'NONE', #2352, 1.500000000000001332 ) ;
#4188 = CLOSED_SHELL ( 'NONE', ( #2993, #617, #652, #1011, #4162, #2284, #881, #1258, #3236, #491, #4177, #4156, #3444, #4525, #2489, #1343, #1275, #115, #1398, #3139, #1108, #2396, #2604, #3754, #4000, #265, #4633, #3374, #1994, #3128, #2974, #2388, #1283, #1356, #2091, #797, #3256, #1402, #1798, #1446, #301, #2338, #1820, #2752, #13, #1449, #3765, #2060, #2235, #756, #326, #2359, #3977, #3776, #1097, #4486, #785, #4568, #3619, #93, #4475, #1992, #3823, #1564, #3874, #3982, #2846, #3968, #2539, #2692, #903, #2943, #2198, #984, #63, #3600, #4368, #2745, #1756, #1916, #1067, #4682, #4271, #4179, #3438, #363, #3818, #155, #4684, #651, #3192, #3696, #1961, #1464, #2636, #2184, #282, #2333, #3488, #3460, #3270, #3525, #3802, #1159, #4144, #211, #290, #150, #1544, #395, #453, #3791, #1506, #799, #4591, #2531, #302, #3237, #364, #3483, #4314, #3232, #2105, #83, #3079, #587, #925, #588, #3382, #4286 ) ) ;
#4189 = FACE_OUTER_BOUND ( 'NONE', #3786, .T. ) ;
#4190 = ORIENTED_EDGE ( 'NONE', *, *, #3878, .F. ) ;
#4191 = LINE ( 'NONE', #1240, #2386 ) ;
#4192 = DIRECTION ( 'NONE',  ( 0.000000000000000000, 1.000000000000000000, 0.000000000000000000 ) ) ;
#4193 = FACE_BOUND ( 'NONE', #4369, .T. ) ;
#4194 = ORIENTED_EDGE ( 'NONE', *, *, #2694, .F. ) ;
#4195 = FACE_OUTER_BOUND ( 'NONE', #2991, .T. ) ;
#4196 = ORIENTED_EDGE ( 'NONE', *, *, #1180, .T. ) ;
#4197 = CARTESIAN_POINT ( 'NONE',  ( -30.00000000000000000, 4.000000000000000000, 50.00000000000000000 ) ) ;
#4198 = CARTESIAN_POINT ( 'NONE',  ( -15.00000000000000000, 4.000000000000000000, 85.00000000000000000 ) ) ;
#4199 = DIRECTION ( 'NONE',  ( 0.000000000000000000, 0.000000000000000000, 1.000000000000000000 ) ) ;
#4200 = DIRECTION ( 'NONE',  ( 0.000000000000000000, 1.000000000000000000, 0.000000000000000000 ) ) ;
#4201 = ORIENTED_EDGE ( 'NONE', *, *, #1720, .T. ) ;
#4202 = EDGE_CURVE ( 'NONE', #397, #245, #2071, .T. ) ;
#4203 = EDGE_LOOP ( 'NONE', ( #1719, #716, #2713, #649 ) ) ;
#4204 = CARTESIAN_POINT ( 'NONE',  ( -47.50000000000000000, 0.000000000000000000, -129.0000000000000000 ) ) ;
#4205 = ORIENTED_EDGE ( 'NONE', *, *, #4098, .T. ) ;
#4206 = CARTESIAN_POINT ( 'NONE',  ( -58.00000000000000000, 0.000000000000000000, 27.00000000000000000 ) ) ;
#4207 = VERTEX_POINT ( 'NONE', #2393 ) ;
#4208 = DIRECTION ( 'NONE',  ( 0.000000000000000000, 0.000000000000000000, -1.000000000000000000 ) ) ;
#4209 = ORIENTED_EDGE ( 'NONE', *, *, #4577, .F. ) ;
#4210 = DIRECTION ( 'NONE',  ( 0.000000000000000000, 0.000000000000000000, 1.000000000000000000 ) ) ;
#4211 = VERTEX_POINT ( 'NONE', #2715 ) ;
#4212 = EDGE_CURVE ( 'NONE', #434, #2983, #3862, .T. ) ;
#4213 = FACE_BOUND ( 'NONE', #4569, .T. ) ;
#4214 = ORIENTED_EDGE ( 'NONE', *, *, #3169, .F. ) ;
#4215 = DIRECTION ( 'NONE',  ( 0.000000000000000000, 1.000000000000000000, 0.000000000000000000 ) ) ;
#4216 = ORIENTED_EDGE ( 'NONE', *, *, #4390, .F. ) ;
#4217 = DIRECTION ( 'NONE',  ( 0.000000000000000000, 0.000000000000000000, 1.000000000000000000 ) ) ;
#4218 = VERTEX_POINT ( 'NONE', #1262 ) ;
#4219 = CYLINDRICAL_SURFACE ( 'NONE', #3727, 6.999999999999999112 ) ;
#4220 = CARTESIAN_POINT ( 'NONE',  ( 0.000000000000000000, 0.000000000000000000, 0.000000000000000000 ) ) ;
#4221 = CC_DESIGN_PERSON_AND_ORGANIZATION_ASSIGNMENT ( #3005, #2236, ( #810 ) ) ;
#4222 = CIRCLE ( 'NONE', #419, 1.500000000000001332 ) ;
#4223 = AXIS2_PLACEMENT_3D ( 'NONE', #3748, #2643, #4382 ) ;
#4224 = DIRECTION ( 'NONE',  ( 0.000000000000000000, 1.000000000000000000, 0.000000000000000000 ) ) ;
#4225 = EDGE_LOOP ( 'NONE', ( #1496, #3316, #1549, #3956 ) ) ;
#4226 = ORIENTED_EDGE ( 'NONE', *, *, #1612, .T. ) ;
#4227 = CIRCLE ( 'NONE', #4611, 1.250000000000001110 ) ;
#4228 = DIRECTION ( 'NONE',  ( 0.000000000000000000, 1.000000000000000000, 0.000000000000000000 ) ) ;
#4229 = CC_DESIGN_APPROVAL ( #3598, ( #567 ) ) ;
#4230 = EDGE_LOOP ( 'NONE', ( #2114, #2296, #4632, #4196 ) ) ;
#4231 = VECTOR ( 'NONE', #1830, 1000.000000000000000 ) ;
#4232 = DIRECTION ( 'NONE',  ( 0.000000000000000000, 0.000000000000000000, -1.000000000000000000 ) ) ;
#4233 = VERTEX_POINT ( 'NONE', #1668 ) ;
#4234 = EDGE_CURVE ( 'NONE', #4279, #1708, #2422, .T. ) ;
#4235 = EDGE_CURVE ( 'NONE', #876, #4590, #2348, .T. ) ;
#4236 = CARTESIAN_POINT ( 'NONE',  ( -24.50000000000000000, 4.000000000000000000, 72.25000000000000000 ) ) ;
#4237 = CIRCLE ( 'NONE', #2714, 1.500000000000001332 ) ;
#4238 = DIRECTION ( 'NONE',  ( 0.000000000000000000, 0.000000000000000000, -1.000000000000000000 ) ) ;
#4239 = ORIENTED_EDGE ( 'NONE', *, *, #3992, .F. ) ;
#4240 = AXIS2_PLACEMENT_3D ( 'NONE', #2912, #447, #1527 ) ;
#4241 = DIRECTION ( 'NONE',  ( -1.000000000000000000, 0.000000000000000000, 0.000000000000000000 ) ) ;
#4242 = CARTESIAN_POINT ( 'NONE',  ( -15.00000000000000000, 0.000000000000000000, 85.00000000000000000 ) ) ;
#4243 = EDGE_CURVE ( 'NONE', #3157, #214, #3038, .T. ) ;
#4244 = FACE_BOUND ( 'NONE', #4283, .T. ) ;
#4245 = ORIENTED_EDGE ( 'NONE', *, *, #25, .F. ) ;
#4246 = LINE ( 'NONE', #2428, #2219 ) ;
#4247 = VECTOR ( 'NONE', #1738, 1000.000000000000000 ) ;
#4248 = ORIENTED_EDGE ( 'NONE', *, *, #1355, .F. ) ;
#4249 = DIRECTION ( 'NONE',  ( 0.000000000000000000, -1.000000000000000000, 0.000000000000000000 ) ) ;
#4250 = EDGE_LOOP ( 'NONE', ( #4102, #3415, #3602, #137 ) ) ;
#4251 = DIRECTION ( 'NONE',  ( 0.000000000000000000, 1.000000000000000000, 0.000000000000000000 ) ) ;
#4252 = AXIS2_PLACEMENT_3D ( 'NONE', #2610, #77, #1160 ) ;
#4253 = DIRECTION ( 'NONE',  ( -1.734723475976804876E-16, 0.000000000000000000, -1.000000000000000000 ) ) ;
#4254 = AXIS2_PLACEMENT_3D ( 'NONE', #787, #3416, #4485 ) ;
#4255 = EDGE_CURVE ( 'NONE', #1558, #1981, #3654, .T. ) ;
#4256 = LINE ( 'NONE', #4282, #3504 ) ;
#4257 = ORIENTED_EDGE ( 'NONE', *, *, #2246, .F. ) ;
#4258 = ORIENTED_EDGE ( 'NONE', *, *, #1996, .F. ) ;
#4259 = CARTESIAN_POINT ( 'NONE',  ( -29.00000000000000000, 0.000000000000000000, -122.0000000000000000 ) ) ;
#4260 = ORIENTED_EDGE ( 'NONE', *, *, #2293, .F. ) ;
#4261 = CIRCLE ( 'NONE', #4562, 1.500000000000001332 ) ;
#4262 = DIRECTION ( 'NONE',  ( 2.871266442996095062E-16, 0.000000000000000000, -1.000000000000000000 ) ) ;
#4263 = VERTEX_POINT ( 'NONE', #4508 ) ;
#4264 = DIRECTION ( 'NONE',  ( 0.000000000000000000, -1.000000000000000000, 0.000000000000000000 ) ) ;
#4265 = AXIS2_PLACEMENT_3D ( 'NONE', #4639, #4329, #2223 ) ;
#4266 = DIRECTION ( 'NONE',  ( 0.000000000000000000, 1.000000000000000000, 0.000000000000000000 ) ) ;
#4267 = AXIS2_PLACEMENT_3D ( 'NONE', #2841, #4297, #4657 ) ;
#4268 = LINE ( 'NONE', #4004, #4311 ) ;
#4269 = VECTOR ( 'NONE', #1557, 1000.000000000000000 ) ;
#4270 = LINE ( 'NONE', #1385, #78 ) ;
#4271 = ADVANCED_FACE ( 'NONE', ( #4167 ), #159, .F. ) ;
#4272 = FACE_BOUND ( 'NONE', #3449, .T. ) ;
#4273 = ORIENTED_EDGE ( 'NONE', *, *, #865, .T. ) ;
#4274 = DIRECTION ( 'NONE',  ( -1.000000000000000000, 0.000000000000000000, 0.000000000000000000 ) ) ;
#4275 = CIRCLE ( 'NONE', #4427, 1.500000000000001332 ) ;
#4276 = EDGE_LOOP ( 'NONE', ( #1745, #3551 ) ) ;
#4277 = FACE_OUTER_BOUND ( 'NONE', #1952, .T. ) ;
#4278 = LINE ( 'NONE', #2478, #4698 ) ;
#4279 = VERTEX_POINT ( 'NONE', #537 ) ;
#4280 = DIRECTION ( 'NONE',  ( 0.000000000000000000, 1.000000000000000000, 0.000000000000000000 ) ) ;
#4281 = CARTESIAN_POINT ( 'NONE',  ( -80.00000000000000000, 0.000000000000000000, 70.50000000000000000 ) ) ;
#4282 = CARTESIAN_POINT ( 'NONE',  ( -30.00000000000000000, -6.000000000000000000, 86.50000000000000000 ) ) ;
#4283 = EDGE_LOOP ( 'NONE', ( #3688, #3990 ) ) ;
#4284 = VERTEX_POINT ( 'NONE', #4146 ) ;
#4285 = CYLINDRICAL_SURFACE ( 'NONE', #187, 1.250000000000001110 ) ;
#4286 = ADVANCED_FACE ( 'NONE', ( #205 ), #3437, .F. ) ;
#4287 = VERTEX_POINT ( 'NONE', #255 ) ;
#4288 = CARTESIAN_POINT ( 'NONE',  ( -136.0000000000000000, 0.000000000000000000, 71.00000000000000000 ) ) ;
#4289 = DIRECTION ( 'NONE',  ( 0.000000000000000000, 1.000000000000000000, 0.000000000000000000 ) ) ;
#4290 = ORIENTED_EDGE ( 'NONE', *, *, #3543, .T. ) ;
#4291 = DIRECTION ( 'NONE',  ( 0.000000000000000000, 1.000000000000000000, 0.000000000000000000 ) ) ;
#4292 = DIRECTION ( 'NONE',  ( 0.000000000000000000, 0.000000000000000000, 1.000000000000000000 ) ) ;
#4293 = DIRECTION ( 'NONE',  ( -9.570888143320319339E-17, 0.000000000000000000, -1.000000000000000000 ) ) ;
#4294 = EDGE_CURVE ( 'NONE', #2157, #2704, #208, .T. ) ;
#4295 = DIRECTION ( 'NONE',  ( 0.000000000000000000, 0.000000000000000000, 1.000000000000000000 ) ) ;
#4296 = ORIENTED_EDGE ( 'NONE', *, *, #3257, .T. ) ;
#4297 = DIRECTION ( 'NONE',  ( 0.000000000000000000, 1.000000000000000000, 0.000000000000000000 ) ) ;
#4298 = CARTESIAN_POINT ( 'NONE',  ( -36.00000000000000000, 4.000000000000000000, 119.5000000000000000 ) ) ;
#4299 = LINE ( 'NONE', #712, #1718 ) ;
#4300 = ORIENTED_EDGE ( 'NONE', *, *, #1301, .T. ) ;
#4301 = DIRECTION ( 'NONE',  ( 0.000000000000000000, 0.000000000000000000, 1.000000000000000000 ) ) ;
#4302 = LINE ( 'NONE', #362, #3053 ) ;
#4303 = DIRECTION ( 'NONE',  ( 0.000000000000000000, 0.000000000000000000, 1.000000000000000000 ) ) ;
#4304 = EDGE_LOOP ( 'NONE', ( #1214, #1968, #927, #864 ) ) ;
#4305 = LINE ( 'NONE', #2413, #4392 ) ;
#4306 = CIRCLE ( 'NONE', #1112, 1.250000000000001110 ) ;
#4307 = DIRECTION ( 'NONE',  ( 0.000000000000000000, 0.000000000000000000, 1.000000000000000000 ) ) ;
#4308 = CYLINDRICAL_SURFACE ( 'NONE', #2498, 1.250000000000001110 ) ;
#4309 = EDGE_CURVE ( 'NONE', #770, #4450, #2707, .T. ) ;
#4310 = VECTOR ( 'NONE', #2702, 1000.000000000000000 ) ;
#4311 = VECTOR ( 'NONE', #3580, 1000.000000000000000 ) ;
#4312 = ORIENTED_EDGE ( 'NONE', *, *, #195, .T. ) ;
#4313 = CIRCLE ( 'NONE', #729, 1.500000000000001332 ) ;
#4314 = ADVANCED_FACE ( 'NONE', ( #1692 ), #518, .F. ) ;
#4315 = DIRECTION ( 'NONE',  ( 0.000000000000000000, 0.000000000000000000, 1.000000000000000000 ) ) ;
#4316 = PLANE ( 'NONE',  #2857 ) ;
#4317 = ORIENTED_EDGE ( 'NONE', *, *, #151, .F. ) ;
#4318 = CIRCLE ( 'NONE', #4015, 1.500000000000001332 ) ;
#4319 = DIRECTION ( 'NONE',  ( 0.000000000000000000, 1.000000000000000000, 0.000000000000000000 ) ) ;
#4320 = ORIENTED_EDGE ( 'NONE', *, *, #2376, .F. ) ;
#4321 = FACE_OUTER_BOUND ( 'NONE', #3284, .T. ) ;
#4322 = AXIS2_PLACEMENT_3D ( 'NONE', #1045, #65, #2617 ) ;
#4323 = APPLICATION_PROTOCOL_DEFINITION ( 'international standard', 'config_control_design', 1994, #1594 ) ;
#4324 = DIRECTION ( 'NONE',  ( 0.000000000000000000, 1.000000000000000000, 0.000000000000000000 ) ) ;
#4325 = ORIENTED_EDGE ( 'NONE', *, *, #544, .T. ) ;
#4326 = DIRECTION ( 'NONE',  ( 0.000000000000000000, 1.000000000000000000, 0.000000000000000000 ) ) ;
#4327 = AXIS2_PLACEMENT_3D ( 'NONE', #2384, #2343, #3112 ) ;
#4328 = DIRECTION ( 'NONE',  ( 0.000000000000000000, 0.000000000000000000, 1.000000000000000000 ) ) ;
#4329 = DIRECTION ( 'NONE',  ( 0.000000000000000000, 1.000000000000000000, 0.000000000000000000 ) ) ;
#4330 = AXIS2_PLACEMENT_3D ( 'NONE', #525, #1984, #2405 ) ;
#4331 = ORIENTED_EDGE ( 'NONE', *, *, #2638, .F. ) ;
#4332 = EDGE_CURVE ( 'NONE', #2882, #3273, #4191, .T. ) ;
#4333 = CARTESIAN_POINT ( 'NONE',  ( -15.00000000000000000, -6.000000000000000000, 115.0000000000000000 ) ) ;
#4334 = EDGE_CURVE ( 'NONE', #2637, #2914, #3550, .T. ) ;
#4335 = AXIS2_PLACEMENT_3D ( 'NONE', #1328, #3797, #4210 ) ;
#4336 = FACE_OUTER_BOUND ( 'NONE', #2941, .T. ) ;
#4337 = EDGE_CURVE ( 'NONE', #2148, #1000, #3118, .T. ) ;
#4338 = CARTESIAN_POINT ( 'NONE',  ( -30.00000000000000000, -6.000000000000000000, 48.50000000000000000 ) ) ;
#4339 = ORIENTED_EDGE ( 'NONE', *, *, #4294, .F. ) ;
#4340 = CARTESIAN_POINT ( 'NONE',  ( -15.00000000000000000, -6.000000000000000000, 86.50000000000000000 ) ) ;
#4341 = LINE ( 'NONE', #2448, #1493 ) ;
#4342 = ORIENTED_EDGE ( 'NONE', *, *, #4135, .T. ) ;
#4343 = AXIS2_PLACEMENT_3D ( 'NONE', #2309, #4560, #3873 ) ;
#4344 = DIRECTION ( 'NONE',  ( 0.000000000000000000, 1.000000000000000000, 0.000000000000000000 ) ) ;
#4345 = EDGE_LOOP ( 'NONE', ( #1725, #4434, #2977, #2152 ) ) ;
#4346 = DIRECTION ( 'NONE',  ( 0.000000000000000000, 1.000000000000000000, 0.000000000000000000 ) ) ;
#4347 = AXIS2_PLACEMENT_3D ( 'NONE', #719, #985, #4303 ) ;
#4348 = CARTESIAN_POINT ( 'NONE',  ( -30.00000000000000000, 0.000000000000000000, -58.50000000000000000 ) ) ;
#4349 = DIRECTION ( 'NONE',  ( 0.000000000000000000, 1.000000000000000000, 0.000000000000000000 ) ) ;
#4350 = VERTEX_POINT ( 'NONE', #2117 ) ;
#4351 = FACE_OUTER_BOUND ( 'NONE', #3099, .T. ) ;
#4352 = EDGE_LOOP ( 'NONE', ( #3212, #2010 ) ) ;
#4353 = LINE ( 'NONE', #2150, #3969 ) ;
#4354 = DIRECTION ( 'NONE',  ( 0.000000000000000000, 1.000000000000000000, 0.000000000000000000 ) ) ;
#4355 = ORIENTED_EDGE ( 'NONE', *, *, #4646, .T. ) ;
#4356 = DIRECTION ( 'NONE',  ( 0.000000000000000000, 1.000000000000000000, 0.000000000000000000 ) ) ;
#4357 = DIRECTION ( 'NONE',  ( 0.000000000000000000, 0.000000000000000000, 1.000000000000000000 ) ) ;
#4358 = ORIENTED_EDGE ( 'NONE', *, *, #3575, .T. ) ;
#4359 = ORIENTED_EDGE ( 'NONE', *, *, #3289, .F. ) ;
#4360 = FACE_OUTER_BOUND ( 'NONE', #3392, .T. ) ;
#4361 = CARTESIAN_POINT ( 'NONE',  ( -47.50000000000000000, 4.000000000000000000, -6.103656674733209680E-15 ) ) ;
#4362 = ORIENTED_EDGE ( 'NONE', *, *, #4046, .F. ) ;
#4363 = FACE_BOUND ( 'NONE', #1647, .T. ) ;
#4364 = EDGE_LOOP ( 'NONE', ( #3684, #4248 ) ) ;
#4365 = DIRECTION ( 'NONE',  ( 0.000000000000000000, 1.000000000000000000, 0.000000000000000000 ) ) ;
#4366 = VERTEX_POINT ( 'NONE', #706 ) ;
#4367 = DIRECTION ( 'NONE',  ( 0.000000000000000000, 1.000000000000000000, 0.000000000000000000 ) ) ;
#4368 = ADVANCED_FACE ( 'NONE', ( #2093 ), #1431, .T. ) ;
#4369 = EDGE_LOOP ( 'NONE', ( #3537, #4273 ) ) ;
#4370 = CARTESIAN_POINT ( 'NONE',  ( -15.00000000000000000, -6.000000000000000000, 100.0000000000000000 ) ) ;
#4371 = EDGE_CURVE ( 'NONE', #1926, #86, #724, .T. ) ;
#4372 = ORIENTED_EDGE ( 'NONE', *, *, #3482, .T. ) ;
#4373 = CARTESIAN_POINT ( 'NONE',  ( -139.0000000000000000, 0.000000000000000000, -58.50000000000000000 ) ) ;
#4374 = EDGE_LOOP ( 'NONE', ( #23, #1579 ) ) ;
#4375 = DIRECTION ( 'NONE',  ( 0.000000000000000000, 0.000000000000000000, 1.000000000000000000 ) ) ;
#4376 = EDGE_CURVE ( 'NONE', #470, #1978, #4623, .T. ) ;
#4377 = CARTESIAN_POINT ( 'NONE',  ( -110.0000000000000000, 0.000000000000000000, 48.00000000000000000 ) ) ;
#4378 = ORIENTED_EDGE ( 'NONE', *, *, #2052, .T. ) ;
#4379 = VERTEX_POINT ( 'NONE', #2887 ) ;
#4380 = CIRCLE ( 'NONE', #4529, 1.500000000000001332 ) ;
#4381 = CARTESIAN_POINT ( 'NONE',  ( -122.5000000000000000, 4.000000000000000000, 15.75000000000000000 ) ) ;
#4382 = DIRECTION ( 'NONE',  ( 0.000000000000000000, 0.000000000000000000, 1.000000000000000000 ) ) ;
#4383 = ORIENTED_EDGE ( 'NONE', *, *, #2782, .T. ) ;
#4384 = CARTESIAN_POINT ( 'NONE',  ( -50.84314575050770202, 4.000000000000000000, 55.00000000000000000 ) ) ;
#4385 = AXIS2_PLACEMENT_3D ( 'NONE', #2928, #2565, #1038 ) ;
#4386 = EDGE_LOOP ( 'NONE', ( #2262, #1877, #3981, #2454 ) ) ;
#4387 = EDGE_CURVE ( 'NONE', #978, #466, #949, .T. ) ;
#4388 = DIRECTION ( 'NONE',  ( 0.000000000000000000, 0.000000000000000000, 1.000000000000000000 ) ) ;
#4389 = EDGE_CURVE ( 'NONE', #3, #1316, #4695, .T. ) ;
#4390 = EDGE_CURVE ( 'NONE', #267, #4602, #2501, .T. ) ;
#4391 = ORIENTED_EDGE ( 'NONE', *, *, #1030, .T. ) ;
#4392 = VECTOR ( 'NONE', #3522, 1000.000000000000000 ) ;
#4393 = DIRECTION ( 'NONE',  ( 0.000000000000000000, 1.000000000000000000, 0.000000000000000000 ) ) ;
#4394 = AXIS2_PLACEMENT_3D ( 'NONE', #4197, #182, #213 ) ;
#4395 = EDGE_LOOP ( 'NONE', ( #4325, #3931 ) ) ;
#4396 = DIRECTION ( 'NONE',  ( 0.000000000000000000, 0.000000000000000000, 1.000000000000000000 ) ) ;
#4397 = VECTOR ( 'NONE', #4455, 1000.000000000000000 ) ;
#4398 = VERTEX_POINT ( 'NONE', #2812 ) ;
#4399 = DIRECTION ( 'NONE',  ( 0.000000000000000000, 1.000000000000000000, 0.000000000000000000 ) ) ;
#4400 = CIRCLE ( 'NONE', #3645, 1.250000000000001110 ) ;
#4401 = FACE_OUTER_BOUND ( 'NONE', #1622, .T. ) ;
#4402 = CARTESIAN_POINT ( 'NONE',  ( 0.000000000000000000, 0.000000000000000000, 54.00000000000000000 ) ) ;
#4403 = AXIS2_PLACEMENT_3D ( 'NONE', #4690, #1763, #4232 ) ;
#4404 = DIRECTION ( 'NONE',  ( 0.000000000000000000, 1.000000000000000000, 0.000000000000000000 ) ) ;
#4405 = VERTEX_POINT ( 'NONE', #1785 ) ;
#4406 = EDGE_LOOP ( 'NONE', ( #692, #158 ) ) ;
#4407 = CIRCLE ( 'NONE', #4100, 1.500000000000001332 ) ;
#4408 = VECTOR ( 'NONE', #921, 1000.000000000000000 ) ;
#4409 = VECTOR ( 'NONE', #4437, 1000.000000000000000 ) ;
#4410 = DIRECTION ( 'NONE',  ( 0.000000000000000000, 1.000000000000000000, 0.000000000000000000 ) ) ;
#4411 = LINE ( 'NONE', #1144, #3779 ) ;
#4412 = ORIENTED_EDGE ( 'NONE', *, *, #2041, .T. ) ;
#4413 = FACE_BOUND ( 'NONE', #2652, .T. ) ;
#4414 = PLANE ( 'NONE',  #135 ) ;
#4415 = ORIENTED_EDGE ( 'NONE', *, *, #402, .T. ) ;
#4416 = DIRECTION ( 'NONE',  ( 0.000000000000000000, 1.000000000000000000, 0.000000000000000000 ) ) ;
#4417 = VECTOR ( 'NONE', #4134, 1000.000000000000000 ) ;
#4418 = EDGE_CURVE ( 'NONE', #3890, #2535, #4268, .T. ) ;
#4419 = ORIENTED_EDGE ( 'NONE', *, *, #4090, .T. ) ;
#4420 = FACE_OUTER_BOUND ( 'NONE', #1545, .T. ) ;
#4421 = AXIS2_PLACEMENT_3D ( 'NONE', #3328, #53, #3378 ) ;
#4422 = ORIENTED_EDGE ( 'NONE', *, *, #3152, .T. ) ;
#4423 = CARTESIAN_POINT ( 'NONE',  ( -139.0000000000000000, 4.000000000000000000, -31.00000000000000000 ) ) ;
#4424 = CARTESIAN_POINT ( 'NONE',  ( -136.0000000000000000, 0.000000000000000000, 69.50000000000000000 ) ) ;
#4425 = CARTESIAN_POINT ( 'NONE',  ( -139.0000000000000000, 4.000000000000000000, -75.00000000000000000 ) ) ;
#4426 = DIRECTION ( 'NONE',  ( 0.000000000000000000, 0.000000000000000000, 1.000000000000000000 ) ) ;
#4427 = AXIS2_PLACEMENT_3D ( 'NONE', #3009, #49, #1846 ) ;
#4428 = CARTESIAN_POINT ( 'NONE',  ( -24.50000000000000000, -6.000000000000000000, 129.0000000000000000 ) ) ;
#4429 = EDGE_CURVE ( 'NONE', #1316, #2190, #4341, .T. ) ;
#4430 = EDGE_LOOP ( 'NONE', ( #2524, #4300 ) ) ;
#4431 = ORIENTED_EDGE ( 'NONE', *, *, #3605, .T. ) ;
#4432 = CYLINDRICAL_SURFACE ( 'NONE', #4164, 1.500000000000001332 ) ;
#4433 = CARTESIAN_POINT ( 'NONE',  ( 0.000000000000000000, -6.000000000000000000, -135.0000000000000000 ) ) ;
#4434 = ORIENTED_EDGE ( 'NONE', *, *, #3289, .T. ) ;
#4435 = EDGE_CURVE ( 'NONE', #361, #3440, #997, .T. ) ;
#4436 = CARTESIAN_POINT ( 'NONE',  ( -45.00000000000000000, 4.000000000000000000, -45.00000000000000000 ) ) ;
#4437 = DIRECTION ( 'NONE',  ( 0.000000000000000000, 1.000000000000000000, 0.000000000000000000 ) ) ;
#4438 = CALENDAR_DATE ( 2026, 8, 5 ) ;
#4439 = VERTEX_POINT ( 'NONE', #3218 ) ;
#4440 = EDGE_CURVE ( 'NONE', #2109, #1305, #2013, .T. ) ;
#4441 = LINE ( 'NONE', #1220, #896 ) ;
#4442 = VERTEX_POINT ( 'NONE', #3272 ) ;
#4443 = FACE_OUTER_BOUND ( 'NONE', #710, .T. ) ;
#4444 = ORIENTED_EDGE ( 'NONE', *, *, #2848, .T. ) ;
#4445 = PLANE ( 'NONE',  #3784 ) ;
#4446 = LINE ( 'NONE', #2657, #3572 ) ;
#4447 = CARTESIAN_POINT ( 'NONE',  ( -73.50000000000000000, -6.000000000000000000, 15.75000000000000000 ) ) ;
#4448 = DIRECTION ( 'NONE',  ( 0.000000000000000000, 0.000000000000000000, 1.000000000000000000 ) ) ;
#4449 = EDGE_CURVE ( 'NONE', #276, #4442, #636, .T. ) ;
#4450 = VERTEX_POINT ( 'NONE', #3554 ) ;
#4451 = EDGE_LOOP ( 'NONE', ( #1854, #1104 ) ) ;
#4452 = CYLINDRICAL_SURFACE ( 'NONE', #436, 1.500000000000001332 ) ;
#4453 = DIRECTION ( 'NONE',  ( 0.000000000000000000, 1.000000000000000000, 0.000000000000000000 ) ) ;
#4454 = ORIENTED_EDGE ( 'NONE', *, *, #4646, .F. ) ;
#4455 = DIRECTION ( 'NONE',  ( -1.000000000000000000, 0.000000000000000000, 0.000000000000000000 ) ) ;
#4456 = DIRECTION ( 'NONE',  ( 0.000000000000000000, 1.000000000000000000, 0.000000000000000000 ) ) ;
#4457 = EDGE_CURVE ( 'NONE', #1321, #3865, #4002, .T. ) ;
#4458 = CALENDAR_DATE ( 2026, 8, 5 ) ;
#4459 = EDGE_LOOP ( 'NONE', ( #3697, #4013 ) ) ;
#4460 = CARTESIAN_POINT ( 'NONE',  ( -15.00000000000000000, -6.000000000000000000, 113.5000000000000000 ) ) ;
#4461 = AXIS2_PLACEMENT_3D ( 'NONE', #2294, #80, #4496 ) ;
#4462 = LOCAL_TIME ( 20, 30, 54.00000000000000000, #2477 ) ;
#4463 = ORIENTED_EDGE ( 'NONE', *, *, #1902, .F. ) ;
#4464 = PLANE ( 'NONE',  #915 ) ;
#4465 = AXIS2_PLACEMENT_3D ( 'NONE', #270, #2441, #4643 ) ;
#4466 = ORIENTED_EDGE ( 'NONE', *, *, #1739, .F. ) ;
#4467 = AXIS2_PLACEMENT_3D ( 'NONE', #3124, #4533, #1315 ) ;
#4468 = CARTESIAN_POINT ( 'NONE',  ( -51.00000000000000000, 0.000000000000000000, 20.00000000000000000 ) ) ;
#4469 = CARTESIAN_POINT ( 'NONE',  ( -141.0000000000000000, 0.000000000000000000, -15.00000000000000000 ) ) ;
#4470 = AXIS2_PLACEMENT_3D ( 'NONE', #327, #1840, #1433 ) ;
#4471 = CARTESIAN_POINT ( 'NONE',  ( -24.50000000000000000, 4.000000000000000000, 71.00000000000000000 ) ) ;
#4472 = LINE ( 'NONE', #3042, #1799 ) ;
#4473 = CIRCLE ( 'NONE', #4322, 1.500000000000001332 ) ;
#4474 = VERTEX_POINT ( 'NONE', #3165 ) ;
#4475 = ADVANCED_FACE ( 'NONE', ( #1742 ), #1020, .F. ) ;
#4476 = ORIENTED_EDGE ( 'NONE', *, *, #2563, .F. ) ;
#4477 = AXIS2_PLACEMENT_3D ( 'NONE', #2807, #4262, #3928 ) ;
#4478 = EDGE_CURVE ( 'NONE', #2340, #2326, #3239, .T. ) ;
#4479 = FACE_OUTER_BOUND ( 'NONE', #21, .T. ) ;
#4480 = AXIS2_PLACEMENT_3D ( 'NONE', #3126, #4280, #4583 ) ;
#4481 = CARTESIAN_POINT ( 'NONE',  ( -30.00000000000000000, 0.000000000000000000, -130.0000000000000000 ) ) ;
#4482 = EDGE_LOOP ( 'NONE', ( #67, #2728, #4722, #2916 ) ) ;
#4483 = FACE_BOUND ( 'NONE', #437, .T. ) ;
#4484 = VERTEX_POINT ( 'NONE', #3604 ) ;
#4485 = DIRECTION ( 'NONE',  ( 0.000000000000000000, 0.000000000000000000, 1.000000000000000000 ) ) ;
#4486 = ADVANCED_FACE ( 'NONE', ( #1404 ), #4316, .F. ) ;
#4487 = AXIS2_PLACEMENT_3D ( 'NONE', #3632, #452, #382 ) ;
#4488 = EDGE_CURVE ( 'NONE', #3945, #3230, #3466, .T. ) ;
#4489 = ORIENTED_EDGE ( 'NONE', *, *, #899, .T. ) ;
#4490 = CARTESIAN_POINT ( 'NONE',  ( -139.0000000000000000, 0.000000000000000000, 55.00000000000000000 ) ) ;
#4491 = EDGE_LOOP ( 'NONE', ( #1945, #4463, #1419, #1472, #3729 ) ) ;
#4492 = AXIS2_PLACEMENT_3D ( 'NONE', #930, #2005, #2377 ) ;
#4493 = DIRECTION ( 'NONE',  ( 0.000000000000000000, 1.000000000000000000, 0.000000000000000000 ) ) ;
#4494 = CARTESIAN_POINT ( 'NONE',  ( -56.50000000000000000, 4.000000000000000000, -52.34314575050760254 ) ) ;
#4495 = DIRECTION ( 'NONE',  ( 0.000000000000000000, 1.000000000000000000, 0.000000000000000000 ) ) ;
#4496 = DIRECTION ( 'NONE',  ( 0.000000000000000000, 0.000000000000000000, 1.000000000000000000 ) ) ;
#4497 = AXIS2_PLACEMENT_3D ( 'NONE', #4511, #1623, #3075 ) ;
#4498 = EDGE_CURVE ( 'NONE', #3652, #2623, #3024, .T. ) ;
#4499 = EDGE_LOOP ( 'NONE', ( #2014, #3082 ) ) ;
#4500 = ORIENTED_EDGE ( 'NONE', *, *, #3028, .T. ) ;
#4501 = DIRECTION ( 'NONE',  ( 0.000000000000000000, 0.000000000000000000, 1.000000000000000000 ) ) ;
#4502 = CIRCLE ( 'NONE', #2353, 1.500000000000001332 ) ;
#4503 = LINE ( 'NONE', #4567, #2331 ) ;
#4504 = CARTESIAN_POINT ( 'NONE',  ( -141.0000000000000000, 4.000000000000000000, -15.00000000000000000 ) ) ;
#4505 = ORIENTED_EDGE ( 'NONE', *, *, #1687, .F. ) ;
#4506 = FACE_BOUND ( 'NONE', #4364, .T. ) ;
#4507 = ORIENTED_EDGE ( 'NONE', *, *, #3413, .T. ) ;
#4508 = CARTESIAN_POINT ( 'NONE',  ( -47.50000000000000000, 4.000000000000000000, -129.0000000000000000 ) ) ;
#4509 = DIRECTION ( 'NONE',  ( 0.000000000000000000, 0.000000000000000000, 1.000000000000000000 ) ) ;
#4510 = EDGE_LOOP ( 'NONE', ( #1867, #2166 ) ) ;
#4511 = CARTESIAN_POINT ( 'NONE',  ( -58.00000000000000000, 0.000000000000000000, 20.00000000000000000 ) ) ;
#4512 = EDGE_CURVE ( 'NONE', #4218, #267, #1213, .T. ) ;
#4513 = CARTESIAN_POINT ( 'NONE',  ( -30.00000000000000000, 4.000000000000000000, -60.00000000000000000 ) ) ;
#4514 = DIRECTION ( 'NONE',  ( 0.000000000000000000, 1.000000000000000000, 0.000000000000000000 ) ) ;
#4515 = FACE_OUTER_BOUND ( 'NONE', #381, .T. ) ;
#4516 = DIRECTION ( 'NONE',  ( -1.000000000000000000, 0.000000000000000000, 0.000000000000000000 ) ) ;
#4517 = ORIENTED_EDGE ( 'NONE', *, *, #3693, .T. ) ;
#4518 = ORIENTED_EDGE ( 'NONE', *, *, #2033, .T. ) ;
#4519 = CYLINDRICAL_SURFACE ( 'NONE', #3337, 1.500000000000001332 ) ;
#4520 = CYLINDRICAL_SURFACE ( 'NONE', #2879, 1.250000000000001110 ) ;
#4521 = VERTEX_POINT ( 'NONE', #378 ) ;
#4522 = CARTESIAN_POINT ( 'NONE',  ( -15.00000000000000000, 4.000000000000000000, 101.5000000000000000 ) ) ;
#4523 = VERTEX_POINT ( 'NONE', #2256 ) ;
#4524 = DIRECTION ( 'NONE',  ( 0.000000000000000000, 1.000000000000000000, 0.000000000000000000 ) ) ;
#4525 = ADVANCED_FACE ( 'NONE', ( #85 ), #2212, .F. ) ;
#4526 = EDGE_CURVE ( 'NONE', #1070, #470, #1838, .T. ) ;
#4527 = EDGE_CURVE ( 'NONE', #1219, #4582, #3930, .T. ) ;
#4528 = FACE_BOUND ( 'NONE', #1802, .T. ) ;
#4529 = AXIS2_PLACEMENT_3D ( 'NONE', #261, #3699, #421 ) ;
#4530 = VERTEX_POINT ( 'NONE', #66 ) ;
#4531 = LINE ( 'NONE', #1266, #2433 ) ;
#4532 = EDGE_CURVE ( 'NONE', #4566, #2008, #1567, .T. ) ;
#4533 = DIRECTION ( 'NONE',  ( 0.000000000000000000, 1.000000000000000000, 0.000000000000000000 ) ) ;
#4534 = AXIS2_PLACEMENT_3D ( 'NONE', #3808, #2726, #572 ) ;
#4535 = CARTESIAN_POINT ( 'NONE',  ( -60.00000000000000000, -6.000000000000000000, -60.00000000000000000 ) ) ;
#4536 = AXIS2_PLACEMENT_3D ( 'NONE', #4481, #1528, #3001 ) ;
#4537 = FACE_OUTER_BOUND ( 'NONE', #3095, .T. ) ;
#4538 = CIRCLE ( 'NONE', #273, 1.500000000000001332 ) ;
#4539 = AXIS2_PLACEMENT_3D ( 'NONE', #1235, #1596, #2687 ) ;
#4540 = DIRECTION ( 'NONE',  ( 0.000000000000000000, 0.000000000000000000, 1.000000000000000000 ) ) ;
#4541 = CIRCLE ( 'NONE', #1956, 1.500000000000001332 ) ;
#4542 = ORIENTED_EDGE ( 'NONE', *, *, #633, .F. ) ;
#4543 = ORIENTED_EDGE ( 'NONE', *, *, #1386, .T. ) ;
#4544 = CARTESIAN_POINT ( 'NONE',  ( -110.0000000000000000, 0.000000000000000000, 73.50000000000000000 ) ) ;
#4545 = CIRCLE ( 'NONE', #1654, 1.500000000000001332 ) ;
#4546 = ORIENTED_EDGE ( 'NONE', *, *, #2369, .T. ) ;
#4547 = CARTESIAN_POINT ( 'NONE',  ( -80.00000000000000000, 0.000000000000000000, 72.00000000000000000 ) ) ;
#4548 = ORIENTED_EDGE ( 'NONE', *, *, #965, .F. ) ;
#4549 = AXIS2_PLACEMENT_3D ( 'NONE', #2500, #1456, #4238 ) ;
#4550 = DIRECTION ( 'NONE',  ( 0.000000000000000000, 1.000000000000000000, 0.000000000000000000 ) ) ;
#4551 = CIRCLE ( 'NONE', #4403, 1.500000000000001332 ) ;
#4552 = ORIENTED_EDGE ( 'NONE', *, *, #2281, .T. ) ;
#4553 = CARTESIAN_POINT ( 'NONE',  ( 0.000000000000000000, 0.000000000000000000, 81.00000000000000000 ) ) ;
#4554 = FACE_BOUND ( 'NONE', #2203, .T. ) ;
#4555 = ORIENTED_EDGE ( 'NONE', *, *, #2119, .F. ) ;
#4556 = CARTESIAN_POINT ( 'NONE',  ( -15.00000000000000000, 0.000000000000000000, -50.00000000000000000 ) ) ;
#4558 = EDGE_CURVE ( 'NONE', #2959, #3559, #1872, .T. ) ;
#4557 = CARTESIAN_POINT ( 'NONE',  ( -24.50000000000000000, 0.000000000000000000, 127.7500000000000000 ) ) ;
#4559 = CARTESIAN_POINT ( 'NONE',  ( 0.000000000000000000, -6.000000000000000000, 66.00000000000000000 ) ) ;
#4560 = DIRECTION ( 'NONE',  ( 0.000000000000000000, 1.000000000000000000, 0.000000000000000000 ) ) ;
#4561 = FACE_OUTER_BOUND ( 'NONE', #3375, .T. ) ;
#4562 = AXIS2_PLACEMENT_3D ( 'NONE', #3644, #647, #366 ) ;
#4563 = ORIENTED_EDGE ( 'NONE', *, *, #593, .F. ) ;
#4564 = ORIENTED_EDGE ( 'NONE', *, *, #3428, .F. ) ;
#4565 = CARTESIAN_POINT ( 'NONE',  ( 0.000000000000000000, 0.000000000000000000, 66.00000000000000000 ) ) ;
#4566 = VERTEX_POINT ( 'NONE', #2933 ) ;
#4567 = CARTESIAN_POINT ( 'NONE',  ( -110.0000000000000000, 0.000000000000000000, -49.50000000000000000 ) ) ;
#4568 = ADVANCED_FACE ( 'NONE', ( #4101 ), #2667, .F. ) ;
#4569 = EDGE_LOOP ( 'NONE', ( #1388, #2457 ) ) ;
#4570 = VECTOR ( 'NONE', #2849, 1000.000000000000000 ) ;
#4571 = DIRECTION ( 'NONE',  ( 0.000000000000000000, 0.000000000000000000, -1.000000000000000000 ) ) ;
#4572 = AXIS2_PLACEMENT_3D ( 'NONE', #5, #1469, #2607 ) ;
#4573 = VERTEX_POINT ( 'NONE', #1168 ) ;
#4574 = CARTESIAN_POINT ( 'NONE',  ( 0.000000000000000000, 4.000000000000000000, -135.0000000000000000 ) ) ;
#4575 = EDGE_CURVE ( 'NONE', #3819, #2287, #2631, .T. ) ;
#4576 = DIRECTION ( 'NONE',  ( 0.000000000000000000, 1.000000000000000000, 0.000000000000000000 ) ) ;
#4577 = EDGE_CURVE ( 'NONE', #2784, #3351, #1032, .T. ) ;
#4578 = FACE_BOUND ( 'NONE', #3773, .T. ) ;
#4579 = ORIENTED_EDGE ( 'NONE', *, *, #3641, .F. ) ;
#4580 = DIRECTION ( 'NONE',  ( 0.000000000000000000, 1.000000000000000000, 0.000000000000000000 ) ) ;
#4581 = DIRECTION ( 'NONE',  ( 0.000000000000000000, 1.000000000000000000, 0.000000000000000000 ) ) ;
#4582 = VERTEX_POINT ( 'NONE', #469 ) ;
#4583 = DIRECTION ( 'NONE',  ( 0.000000000000000000, 0.000000000000000000, -1.000000000000000000 ) ) ;
#4584 = DIRECTION ( 'NONE',  ( 0.000000000000000000, 1.000000000000000000, 0.000000000000000000 ) ) ;
#4585 = LINE ( 'NONE', #1299, #1948 ) ;
#4586 = EDGE_CURVE ( 'NONE', #3267, #418, #2476, .T. ) ;
#4587 = ORIENTED_EDGE ( 'NONE', *, *, #4617, .F. ) ;
#4588 = VERTEX_POINT ( 'NONE', #104 ) ;
#4589 = CYLINDRICAL_SURFACE ( 'NONE', #3783, 1.500000000000001332 ) ;
#4590 = VERTEX_POINT ( 'NONE', #4029 ) ;
#4591 = ADVANCED_FACE ( 'NONE', ( #400 ), #1883, .F. ) ;
#4592 = FACE_OUTER_BOUND ( 'NONE', #2727, .T. ) ;
#4593 = ORIENTED_EDGE ( 'NONE', *, *, #1297, .T. ) ;
#4594 = LINE ( 'NONE', #201, #3717 ) ;
#4595 = ORIENTED_EDGE ( 'NONE', *, *, #1628, .F. ) ;
#4596 = DIRECTION ( 'NONE',  ( 0.000000000000000000, 1.000000000000000000, 0.000000000000000000 ) ) ;
#4597 = DIRECTION ( 'NONE',  ( 0.000000000000000000, 0.000000000000000000, 1.000000000000000000 ) ) ;
#4598 = FACE_BOUND ( 'NONE', #4095, .T. ) ;
#4599 = ORIENTED_EDGE ( 'NONE', *, *, #655, .T. ) ;
#4600 = EDGE_CURVE ( 'NONE', #3355, #1000, #3386, .T. ) ;
#4601 = DIRECTION ( 'NONE',  ( 0.000000000000000000, 1.000000000000000000, 0.000000000000000000 ) ) ;
#4602 = VERTEX_POINT ( 'NONE', #2958 ) ;
#4603 = DIRECTION ( 'NONE',  ( 0.000000000000000000, 0.000000000000000000, 1.000000000000000000 ) ) ;
#4604 = ORIENTED_EDGE ( 'NONE', *, *, #3738, .T. ) ;
#4605 = DIRECTION ( 'NONE',  ( 0.000000000000000000, -1.000000000000000000, 0.000000000000000000 ) ) ;
#4606 = DIRECTION ( 'NONE',  ( 0.000000000000000000, 1.000000000000000000, 0.000000000000000000 ) ) ;
#4607 = AXIS2_PLACEMENT_3D ( 'NONE', #4721, #2859, #3980 ) ;
#4608 = CARTESIAN_POINT ( 'NONE',  ( -30.00000000000000000, 4.000000000000000000, 115.0000000000000000 ) ) ;
#4609 = ORIENTED_EDGE ( 'NONE', *, *, #4234, .T. ) ;
#4610 = ORIENTED_EDGE ( 'NONE', *, *, #98, .T. ) ;
#4611 = AXIS2_PLACEMENT_3D ( 'NONE', #776, #1543, #2613 ) ;
#4612 = DIRECTION ( 'NONE',  ( 0.000000000000000000, 0.000000000000000000, 1.000000000000000000 ) ) ;
#4613 = ORIENTED_EDGE ( 'NONE', *, *, #1902, .T. ) ;
#4614 = AXIS2_PLACEMENT_3D ( 'NONE', #875, #2927, #3331 ) ;
#4615 = CIRCLE ( 'NONE', #1191, 1.250000000000001110 ) ;
#4616 = FACE_OUTER_BOUND ( 'NONE', #484, .T. ) ;
#4617 = EDGE_CURVE ( 'NONE', #2532, #3945, #4411, .T. ) ;
#4618 = ORIENTED_EDGE ( 'NONE', *, *, #3397, .T. ) ;
#4619 = CARTESIAN_POINT ( 'NONE',  ( -50.84314575050770202, 4.000000000000000000, -56.50000000000000000 ) ) ;
#4620 = AXIS2_PLACEMENT_3D ( 'NONE', #4619, #1997, #4208 ) ;
#4621 = CARTESIAN_POINT ( 'NONE',  ( 0.000000000000000000, 0.000000000000000000, -73.50000000000000000 ) ) ;
#4622 = VECTOR ( 'NONE', #3271, 1000.000000000000000 ) ;
#4623 = LINE ( 'NONE', #1384, #646 ) ;
#4624 = ORIENTED_EDGE ( 'NONE', *, *, #4488, .T. ) ;
#4625 = FACE_BOUND ( 'NONE', #294, .T. ) ;
#4626 = ORIENTED_EDGE ( 'NONE', *, *, #2442, .F. ) ;
#4627 = DIRECTION ( 'NONE',  ( 0.000000000000000000, 1.000000000000000000, 0.000000000000000000 ) ) ;
#4628 = CIRCLE ( 'NONE', #200, 1.500000000000001332 ) ;
#4629 = ORIENTED_EDGE ( 'NONE', *, *, #4043, .T. ) ;
#4630 = CYLINDRICAL_SURFACE ( 'NONE', #654, 1.500000000000001332 ) ;
#4631 = DIRECTION ( 'NONE',  ( 0.000000000000000000, 0.000000000000000000, -1.000000000000000000 ) ) ;
#4632 = ORIENTED_EDGE ( 'NONE', *, *, #1794, .T. ) ;
#4633 = ADVANCED_FACE ( 'NONE', ( #4053 ), #3701, .F. ) ;
#4634 = CARTESIAN_POINT ( 'NONE',  ( -30.00000000000000000, 4.000000000000000000, -45.00000000000000000 ) ) ;
#4635 = EDGE_CURVE ( 'NONE', #3565, #1934, #1875, .T. ) ;
#4636 = CIRCLE ( 'NONE', #1592, 1.500000000000001332 ) ;
#4637 = CARTESIAN_POINT ( 'NONE',  ( -80.00000000000000000, 0.000000000000000000, 73.50000000000000000 ) ) ;
#4638 = CIRCLE ( 'NONE', #1822, 1.500000000000001332 ) ;
#4639 = CARTESIAN_POINT ( 'NONE',  ( -136.0000000000000000, 0.000000000000000000, 71.00000000000000000 ) ) ;
#4640 = VERTEX_POINT ( 'NONE', #4504 ) ;
#4641 = VERTEX_POINT ( 'NONE', #4141 ) ;
#4642 = AXIS2_PLACEMENT_3D ( 'NONE', #3299, #1126, #1552 ) ;
#4643 = DIRECTION ( 'NONE',  ( 0.000000000000000000, 0.000000000000000000, 1.000000000000000000 ) ) ;
#4644 = ORIENTED_EDGE ( 'NONE', *, *, #1120, .F. ) ;
#4645 = CARTESIAN_POINT ( 'NONE',  ( -41.50000000000000000, 4.000000000000000000, 129.0000000000000000 ) ) ;
#4646 = EDGE_CURVE ( 'NONE', #1589, #1335, #1417, .T. ) ;
#4647 = CIRCLE ( 'NONE', #600, 1.250000000000001110 ) ;
#4648 = CARTESIAN_POINT ( 'NONE',  ( 0.000000000000000000, 0.000000000000000000, -73.50000000000000000 ) ) ;
#4649 = ORIENTED_EDGE ( 'NONE', *, *, #4202, .T. ) ;
#4650 = CARTESIAN_POINT ( 'NONE',  ( -139.0000000000000000, -6.000000000000000000, 55.00000000000000000 ) ) ;
#4651 = CIRCLE ( 'NONE', #4497, 6.999999999999999112 ) ;
#4652 = DIRECTION ( 'NONE',  ( 0.000000000000000000, 1.000000000000000000, 0.000000000000000000 ) ) ;
#4653 = AXIS2_PLACEMENT_3D ( 'NONE', #2171, #1824, #4683 ) ;
#4654 = CARTESIAN_POINT ( 'NONE',  ( -1.292069899348242063E-14, 4.000000000000000000, -135.0000000000000000 ) ) ;
#4655 = CARTESIAN_POINT ( 'NONE',  ( -36.00000000000000000, -6.000000000000000000, 77.50000000000000000 ) ) ;
#4656 = ORIENTED_EDGE ( 'NONE', *, *, #369, .T. ) ;
#4657 = DIRECTION ( 'NONE',  ( 0.000000000000000000, 0.000000000000000000, 1.000000000000000000 ) ) ;
#4658 = DIRECTION ( 'NONE',  ( 0.000000000000000000, 0.000000000000000000, -1.000000000000000000 ) ) ;
#4659 = ORIENTED_EDGE ( 'NONE', *, *, #4387, .T. ) ;
#4660 = DIRECTION ( 'NONE',  ( 0.000000000000000000, 1.000000000000000000, 0.000000000000000000 ) ) ;
#4661 = DIRECTION ( 'NONE',  ( 0.000000000000000000, 1.000000000000000000, 0.000000000000000000 ) ) ;
#4662 = EDGE_CURVE ( 'NONE', #2350, #3351, #488, .T. ) ;
#4663 = DIRECTION ( 'NONE',  ( 0.000000000000000000, 1.000000000000000000, 0.000000000000000000 ) ) ;
#4664 = ORIENTED_EDGE ( 'NONE', *, *, #3693, .F. ) ;
#4665 = DIRECTION ( 'NONE',  ( 0.000000000000000000, 1.000000000000000000, 0.000000000000000000 ) ) ;
#4666 = EDGE_CURVE ( 'NONE', #3273, #2968, #497, .T. ) ;
#4667 = DIRECTION ( 'NONE',  ( 0.000000000000000000, 1.000000000000000000, 0.000000000000000000 ) ) ;
#4668 = CARTESIAN_POINT ( 'NONE',  ( -122.5000000000000000, 0.000000000000000000, 18.25000000000000000 ) ) ;
#4669 = ORIENTED_EDGE ( 'NONE', *, *, #3129, .T. ) ;
#4670 = DIRECTION ( 'NONE',  ( 0.000000000000000000, 1.000000000000000000, 0.000000000000000000 ) ) ;
#4671 = DIRECTION ( 'NONE',  ( 0.000000000000000000, 0.000000000000000000, 1.000000000000000000 ) ) ;
#4672 = CARTESIAN_POINT ( 'NONE',  ( 0.000000000000000000, 0.000000000000000000, -45.00000000000000000 ) ) ;
#4673 = CARTESIAN_POINT ( 'NONE',  ( -56.50000000000000000, 0.000000000000000000, -50.84314575050760254 ) ) ;
#4674 = ORIENTED_EDGE ( 'NONE', *, *, #2874, .F. ) ;
#4675 = FACE_OUTER_BOUND ( 'NONE', #853, .T. ) ;
#4676 = DATE_TIME_ROLE ( 'creation_date' ) ;
#4677 = CARTESIAN_POINT ( 'NONE',  ( -56.50000000000000000, 0.000000000000000000, 50.84314575050760254 ) ) ;
#4678 = VERTEX_POINT ( 'NONE', #4298 ) ;
#4679 = EDGE_CURVE ( 'NONE', #4521, #994, #1116, .T. ) ;
#4680 = EDGE_CURVE ( 'NONE', #1426, #736, #3714, .T. ) ;
#4681 = DIRECTION ( 'NONE',  ( 0.000000000000000000, 1.000000000000000000, 0.000000000000000000 ) ) ;
#4682 = ADVANCED_FACE ( 'NONE', ( #4277 ), #4630, .F. ) ;
#4683 = DIRECTION ( 'NONE',  ( 0.000000000000000000, 0.000000000000000000, 1.000000000000000000 ) ) ;
#4684 = ADVANCED_FACE ( 'NONE', ( #3277 ), #3587, .F. ) ;
#4685 = CARTESIAN_POINT ( 'NONE',  ( -80.00000000000000000, 0.000000000000000000, -72.00000000000000000 ) ) ;
#4686 = VERTEX_POINT ( 'NONE', #4348 ) ;
#4687 = CARTESIAN_POINT ( 'NONE',  ( -73.50000000000000000, 4.000000000000000000, 15.75000000000000000 ) ) ;
#4688 = VECTOR ( 'NONE', #1930, 1000.000000000000000 ) ;
#4689 = CARTESIAN_POINT ( 'NONE',  ( -41.50000000000000000, 4.000000000000000000, -135.0000000000000000 ) ) ;
#4690 = CARTESIAN_POINT ( 'NONE',  ( -56.50000000000000000, 4.000000000000000000, -50.84314575050760254 ) ) ;
#4691 = VECTOR ( 'NONE', #144, 1000.000000000000000 ) ;
#4692 = CC_DESIGN_APPROVAL ( #1201, ( #810 ) ) ;
#4693 = ORIENTED_EDGE ( 'NONE', *, *, #2241, .F. ) ;
#4694 = DIRECTION ( 'NONE',  ( 0.000000000000000000, 0.000000000000000000, 1.000000000000000000 ) ) ;
#4695 = LINE ( 'NONE', #3197, #2554 ) ;
#4696 = ORIENTED_EDGE ( 'NONE', *, *, #4532, .T. ) ;
#4697 = AXIS2_PLACEMENT_3D ( 'NONE', #3558, #1098, #283 ) ;
#4698 = VECTOR ( 'NONE', #4249, 1000.000000000000000 ) ;
#4699 = CARTESIAN_POINT ( 'NONE',  ( -139.0000000000000000, 0.000000000000000000, -60.00000000000000000 ) ) ;
#4700 = ORIENTED_EDGE ( 'NONE', *, *, #1192, .T. ) ;
#4701 = CARTESIAN_POINT ( 'NONE',  ( -137.0000000000000000, 0.000000000000000000, 15.00000000000000000 ) ) ;
#4702 = CIRCLE ( 'NONE', #3947, 1.500000000000001332 ) ;
#4703 = DIRECTION ( 'NONE',  ( 0.000000000000000000, 0.000000000000000000, 1.000000000000000000 ) ) ;
#4704 = DIRECTION ( 'NONE',  ( 0.000000000000000000, 1.000000000000000000, 0.000000000000000000 ) ) ;
#4705 = ORIENTED_EDGE ( 'NONE', *, *, #3047, .T. ) ;
#4706 = DIRECTION ( 'NONE',  ( 0.000000000000000000, 1.000000000000000000, 0.000000000000000000 ) ) ;
#4707 = AXIS2_PLACEMENT_3D ( 'NONE', #1949, #3067, #2731 ) ;
#4708 = DIRECTION ( 'NONE',  ( 0.000000000000000000, 1.000000000000000000, 0.000000000000000000 ) ) ;
#4709 = DIRECTION ( 'NONE',  ( 0.000000000000000000, 0.000000000000000000, 1.000000000000000000 ) ) ;
#4710 = AXIS2_PLACEMENT_3D ( 'NONE', #289, #4367, #1467 ) ;
#4711 = ORIENTED_EDGE ( 'NONE', *, *, #1044, .T. ) ;
#4712 = DIRECTION ( 'NONE',  ( 0.000000000000000000, 0.000000000000000000, 1.000000000000000000 ) ) ;
#4713 = AXIS2_PLACEMENT_3D ( 'NONE', #2987, #1935, #1890 ) ;
#4714 = DIRECTION ( 'NONE',  ( 0.000000000000000000, 1.000000000000000000, 0.000000000000000000 ) ) ;
#4715 = DIRECTION ( 'NONE',  ( 0.000000000000000000, 1.000000000000000000, 0.000000000000000000 ) ) ;
#4716 = EDGE_LOOP ( 'NONE', ( #417, #560, #1236, #3125 ) ) ;
#4717 = ORIENTED_EDGE ( 'NONE', *, *, #4332, .F. ) ;
#4718 = AXIS2_PLACEMENT_3D ( 'NONE', #3682, #404, #809 ) ;
#4719 = EDGE_CURVE ( 'NONE', #1613, #3, #4010, .T. ) ;
#4720 = DIRECTION ( 'NONE',  ( 0.000000000000000000, 1.000000000000000000, 0.000000000000000000 ) ) ;
#4721 = CARTESIAN_POINT ( 'NONE',  ( -15.00000000000000000, 0.000000000000000000, 100.0000000000000000 ) ) ;
#4722 = ORIENTED_EDGE ( 'NONE', *, *, #4617, .T. ) ;
#4723 = CIRCLE ( 'NONE', #3280, 1.500000000000001332 ) ;
#4724 = DIRECTION ( 'NONE',  ( 0.000000000000000000, 1.000000000000000000, 0.000000000000000000 ) ) ;
#4725 = EDGE_LOOP ( 'NONE', ( #2427, #2253 ) ) ;
#4726 = CARTESIAN_POINT ( 'NONE',  ( -24.50000000000000000, 0.000000000000000000, 130.2500000000000000 ) ) ;
#4727 = VECTOR ( 'NONE', #4131, 1000.000000000000000 ) ;
#4728 =( NAMED_UNIT ( * ) SI_UNIT ( $, .STERADIAN. ) SOLID_ANGLE_UNIT ( ) );
#4729 = ORIENTED_EDGE ( 'NONE', *, *, #1996, .T. ) ;
ENDSEC;
END-ISO-10303-21;
