ISO-10303-21;
HEADER;
FILE_DESCRIPTION (( 'STEP AP203' ),
    '1' );
FILE_NAME ('B¹Ì¶¨»ù×¼°å3A 4mm.STEP',
    '2026-05-08T12:33:21',
    ( '' ),
    ( '' ),
    'SwSTEP 2.0',
    'SolidWorks 2025',
    '' );
FILE_SCHEMA (( 'CONFIG_CONTROL_DESIGN' ));
ENDSEC;

DATA;
#1 = DIRECTION ( 'NONE',  ( 0.000000000000000000, 1.000000000000000000, 0.000000000000000000 ) ) ;
#2 = DIRECTION ( 'NONE',  ( 0.000000000000000000, 1.000000000000000000, 0.000000000000000000 ) ) ;
#3 = VECTOR ( 'NONE', #3710, 1000.000000000000000 ) ;
#4 = CARTESIAN_POINT ( 'NONE',  ( 0.000000000000000000, 0.000000000000000000, 0.000000000000000000 ) ) ;
#5 = DIRECTION ( 'NONE',  ( 0.000000000000000000, 0.000000000000000000, 1.000000000000000000 ) ) ;
#6 = EDGE_CURVE ( 'NONE', #1823, #2028, #1715, .T. ) ;
#7 = ORIENTED_EDGE ( 'NONE', *, *, #2359, .F. ) ;
#8 = DIRECTION ( 'NONE',  ( -1.000000000000000000, 0.000000000000000000, 0.000000000000000000 ) ) ;
#9 = ORIENTED_EDGE ( 'NONE', *, *, #4049, .T. ) ;
#10 = ORIENTED_EDGE ( 'NONE', *, *, #70, .F. ) ;
#11 = DIRECTION ( 'NONE',  ( 0.000000000000000000, 0.000000000000000000, 1.000000000000000000 ) ) ;
#12 = DIRECTION ( 'NONE',  ( 0.000000000000000000, 1.000000000000000000, 0.000000000000000000 ) ) ;
#13 = DIRECTION ( 'NONE',  ( 0.000000000000000000, 1.000000000000000000, 0.000000000000000000 ) ) ;
#14 = EDGE_CURVE ( 'NONE', #1649, #4278, #3019, .T. ) ;
#15 = DIRECTION ( 'NONE',  ( 0.000000000000000000, 1.000000000000000000, 0.000000000000000000 ) ) ;
#16 = DIRECTION ( 'NONE',  ( 0.000000000000000000, 1.000000000000000000, 0.000000000000000000 ) ) ;
#17 = DIRECTION ( 'NONE',  ( 1.000000000000000000, 0.000000000000000000, 0.000000000000000000 ) ) ;
#18 = VERTEX_POINT ( 'NONE', #2771 ) ;
#19 = DIRECTION ( 'NONE',  ( 0.000000000000000000, 1.000000000000000000, 0.000000000000000000 ) ) ;
#20 = DIRECTION ( 'NONE',  ( 0.000000000000000000, 0.000000000000000000, 1.000000000000000000 ) ) ;
#21 = ORIENTED_EDGE ( 'NONE', *, *, #2065, .T. ) ;
#22 = ORIENTED_EDGE ( 'NONE', *, *, #2368, .F. ) ;
#23 = ORIENTED_EDGE ( 'NONE', *, *, #3592, .T. ) ;
#24 = ADVANCED_FACE ( 'NONE', ( #2092 ), #1385, .F. ) ;
#25 = CARTESIAN_POINT ( 'NONE',  ( 30.00000000000000000, 4.000000000000000000, -45.00000000000000000 ) ) ;
#26 = EDGE_CURVE ( 'NONE', #763, #3661, #2370, .T. ) ;
#27 = DIRECTION ( 'NONE',  ( 0.000000000000000000, 0.000000000000000000, 1.000000000000000000 ) ) ;
#28 = CYLINDRICAL_SURFACE ( 'NONE', #2663, 6.000000000000005329 ) ;
#29 = CARTESIAN_POINT ( 'NONE',  ( 47.50000000000000000, 4.000000000000000000, -129.0000000000000000 ) ) ;
#30 = EDGE_LOOP ( 'NONE', ( #2893, #2782 ) ) ;
#31 = LINE ( 'NONE', #1807, #3974 ) ;
#32 = EDGE_CURVE ( 'NONE', #2579, #1908, #627, .T. ) ;
#33 = ORIENTED_EDGE ( 'NONE', *, *, #1961, .F. ) ;
#34 = ORIENTED_EDGE ( 'NONE', *, *, #2896, .F. ) ;
#35 = DIRECTION ( 'NONE',  ( 0.000000000000000000, 1.000000000000000000, 0.000000000000000000 ) ) ;
#36 = CARTESIAN_POINT ( 'NONE',  ( 0.000000000000000000, 4.000000000000000000, 0.000000000000000000 ) ) ;
#37 = FACE_OUTER_BOUND ( 'NONE', #2144, .T. ) ;
#38 = EDGE_CURVE ( 'NONE', #1725, #850, #2737, .T. ) ;
#39 = DIRECTION ( 'NONE',  ( 0.000000000000000000, 1.000000000000000000, 0.000000000000000000 ) ) ;
#40 = LINE ( 'NONE', #343, #4111 ) ;
#41 = CIRCLE ( 'NONE', #3050, 1.500000000000001332 ) ;
#42 = DIRECTION ( 'NONE',  ( 0.000000000000000000, 1.000000000000000000, 0.000000000000000000 ) ) ;
#43 = CARTESIAN_POINT ( 'NONE',  ( 30.00000000000000000, 0.000000000000000000, -130.0000000000000000 ) ) ;
#44 = ORIENTED_EDGE ( 'NONE', *, *, #3025, .T. ) ;
#45 = DIRECTION ( 'NONE',  ( 0.000000000000000000, 0.000000000000000000, 1.000000000000000000 ) ) ;
#46 = DIRECTION ( 'NONE',  ( 0.000000000000000000, 0.000000000000000000, 1.000000000000000000 ) ) ;
#47 = ORIENTED_EDGE ( 'NONE', *, *, #1654, .F. ) ;
#48 = EDGE_LOOP ( 'NONE', ( #2158, #112, #3399, #3872 ) ) ;
#49 = ORIENTED_EDGE ( 'NONE', *, *, #292, .F. ) ;
#50 = AXIS2_PLACEMENT_3D ( 'NONE', #635, #2701, #3709 ) ;
#51 =( LENGTH_UNIT ( ) NAMED_UNIT ( * ) SI_UNIT ( .MILLI., .METRE. ) );
#52 = CIRCLE ( 'NONE', #4124, 1.500000000000001332 ) ;
#53 = ORIENTED_EDGE ( 'NONE', *, *, #1712, .F. ) ;
#54 = DIRECTION ( 'NONE',  ( 0.000000000000000000, 1.000000000000000000, 0.000000000000000000 ) ) ;
#55 = EDGE_CURVE ( 'NONE', #1440, #1694, #2692, .T. ) ;
#56 = DIRECTION ( 'NONE',  ( 0.000000000000000000, 1.000000000000000000, 0.000000000000000000 ) ) ;
#57 = AXIS2_PLACEMENT_3D ( 'NONE', #377, #3324, #45 ) ;
#58 = DIRECTION ( 'NONE',  ( 0.000000000000000000, 0.000000000000000000, 1.000000000000000000 ) ) ;
#59 = EDGE_CURVE ( 'NONE', #2772, #4062, #347, .T. ) ;
#60 = ORIENTED_EDGE ( 'NONE', *, *, #1483, .F. ) ;
#61 = DIRECTION ( 'NONE',  ( 0.000000000000000000, -1.000000000000000000, 0.000000000000000000 ) ) ;
#62 = CIRCLE ( 'NONE', #496, 1.250000000000001110 ) ;
#63 = EDGE_CURVE ( 'NONE', #4113, #65, #1068, .T. ) ;
#64 = EDGE_LOOP ( 'NONE', ( #1367, #1639, #4174, #1413 ) ) ;
#65 = VERTEX_POINT ( 'NONE', #75 ) ;
#66 = CARTESIAN_POINT ( 'NONE',  ( 14.99999999999986144, -6.000000000000000000, -58.50000000000000000 ) ) ;
#67 = DIRECTION ( 'NONE',  ( 0.000000000000000000, 0.000000000000000000, 1.000000000000000000 ) ) ;
#68 = DIRECTION ( 'NONE',  ( 0.000000000000000000, 1.000000000000000000, 0.000000000000000000 ) ) ;
#69 = VECTOR ( 'NONE', #1, 1000.000000000000000 ) ;
#70 = EDGE_CURVE ( 'NONE', #2479, #2774, #3929, .T. ) ;
#71 = APPLICATION_CONTEXT ( 'configuration controlled 3d designs of mechanical parts and assemblies' ) ;
#72 = CARTESIAN_POINT ( 'NONE',  ( 56.50000000000000000, 4.000000000000000000, 50.84314575050760254 ) ) ;
#73 = CARTESIAN_POINT ( 'NONE',  ( 24.50000000000000000, 0.000000000000000000, 127.7500000000000000 ) ) ;
#74 = DIRECTION ( 'NONE',  ( 0.000000000000000000, 1.000000000000000000, 0.000000000000000000 ) ) ;
#75 = CARTESIAN_POINT ( 'NONE',  ( 75.35999999999999943, 4.000000000000000000, 3.500000000000000000 ) ) ;
#76 = ORIENTED_EDGE ( 'NONE', *, *, #3774, .T. ) ;
#77 = DIRECTION ( 'NONE',  ( 0.000000000000000000, 1.000000000000000000, 0.000000000000000000 ) ) ;
#78 = DIRECTION ( 'NONE',  ( 0.000000000000000000, 1.000000000000000000, 0.000000000000000000 ) ) ;
#79 = EDGE_LOOP ( 'NONE', ( #392, #3228, #1469, #940 ) ) ;
#80 = ORIENTED_EDGE ( 'NONE', *, *, #430, .F. ) ;
#81 = ORIENTED_EDGE ( 'NONE', *, *, #4243, .T. ) ;
#82 = AXIS2_PLACEMENT_3D ( 'NONE', #3831, #832, #1864 ) ;
#83 = VERTEX_POINT ( 'NONE', #3074 ) ;
#84 = DIRECTION ( 'NONE',  ( 0.000000000000000000, 0.000000000000000000, 1.000000000000000000 ) ) ;
#85 = DIRECTION ( 'NONE',  ( 0.000000000000000000, 1.000000000000000000, 0.000000000000000000 ) ) ;
#86 = DIRECTION ( 'NONE',  ( 0.000000000000000000, 1.000000000000000000, 0.000000000000000000 ) ) ;
#87 = VECTOR ( 'NONE', #726, 1000.000000000000000 ) ;
#88 = ADVANCED_FACE ( 'NONE', ( #432 ), #674, .F. ) ;
#89 = ORIENTED_EDGE ( 'NONE', *, *, #3227, .T. ) ;
#90 = DIRECTION ( 'NONE',  ( 0.000000000000000000, 1.000000000000000000, 0.000000000000000000 ) ) ;
#91 = AXIS2_PLACEMENT_3D ( 'NONE', #4, #2582, #2430 ) ;
#92 = VERTEX_POINT ( 'NONE', #123 ) ;
#93 = ORIENTED_EDGE ( 'NONE', *, *, #2860, .T. ) ;
#94 = VERTEX_POINT ( 'NONE', #2396 ) ;
#95 = CARTESIAN_POINT ( 'NONE',  ( 80.00000000000000000, 4.000000000000000000, -46.50000000000000000 ) ) ;
#96 = FACE_BOUND ( 'NONE', #4226, .T. ) ;
#97 = LINE ( 'NONE', #1037, #3712 ) ;
#98 = CARTESIAN_POINT ( 'NONE',  ( 56.50000000000000000, 4.000000000000000000, -52.34314575050760254 ) ) ;
#99 = EDGE_CURVE ( 'NONE', #984, #173, #344, .T. ) ;
#100 = LINE ( 'NONE', #3347, #612 ) ;
#101 = CARTESIAN_POINT ( 'NONE',  ( 30.00000000000000000, -6.000000000000000000, 83.50000000000000000 ) ) ;
#102 = ORIENTED_EDGE ( 'NONE', *, *, #980, .T. ) ;
#103 = LINE ( 'NONE', #4109, #4055 ) ;
#104 = ORIENTED_EDGE ( 'NONE', *, *, #214, .F. ) ;
#105 = ORIENTED_EDGE ( 'NONE', *, *, #4079, .T. ) ;
#106 = VERTEX_POINT ( 'NONE', #457 ) ;
#107 = EDGE_CURVE ( 'NONE', #1730, #1798, #1461, .T. ) ;
#108 = VERTEX_POINT ( 'NONE', #1436 ) ;
#109 = CARTESIAN_POINT ( 'NONE',  ( 15.00000000000000000, 4.000000000000000000, -48.50000000000000000 ) ) ;
#110 = CARTESIAN_POINT ( 'NONE',  ( -45.00000000000000000, 4.000000000000000000, 45.00000000000000000 ) ) ;
#111 = CARTESIAN_POINT ( 'NONE',  ( 15.00000000000000000, -6.000000000000000000, 85.00000000000000000 ) ) ;
#112 = ORIENTED_EDGE ( 'NONE', *, *, #2141, .F. ) ;
#113 = FACE_OUTER_BOUND ( 'NONE', #165, .T. ) ;
#114 = ORIENTED_EDGE ( 'NONE', *, *, #211, .F. ) ;
#115 = ORIENTED_EDGE ( 'NONE', *, *, #3800, .F. ) ;
#116 = EDGE_CURVE ( 'NONE', #2772, #2819, #4107, .T. ) ;
#117 = CARTESIAN_POINT ( 'NONE',  ( 50.84314575050770202, 4.000000000000000000, 58.00000000000000000 ) ) ;
#118 = CARTESIAN_POINT ( 'NONE',  ( 75.35999999999999943, 4.000000000000000000, -3.500000000000000000 ) ) ;
#119 = CARTESIAN_POINT ( 'NONE',  ( 134.0000000000000000, 4.000000000000000000, -38.00000000000000000 ) ) ;
#120 = ADVANCED_FACE ( 'NONE', ( #1772 ), #2012, .F. ) ;
#121 = DIRECTION ( 'NONE',  ( 1.000000000000000000, 0.000000000000000000, 0.000000000000000000 ) ) ;
#122 = DIRECTION ( 'NONE',  ( 0.000000000000000000, 0.000000000000000000, 1.000000000000000000 ) ) ;
#123 = CARTESIAN_POINT ( 'NONE',  ( 134.0000000000000000, 0.000000000000000000, 57.00000000000000000 ) ) ;
#124 = ORIENTED_EDGE ( 'NONE', *, *, #2619, .F. ) ;
#125 = AXIS2_PLACEMENT_3D ( 'NONE', #3396, #3372, #1382 ) ;
#126 = ORIENTED_EDGE ( 'NONE', *, *, #253, .F. ) ;
#127 = EDGE_LOOP ( 'NONE', ( #3244, #1069 ) ) ;
#128 = APPROVAL_ROLE ( '' ) ;
#129 = AXIS2_PLACEMENT_3D ( 'NONE', #3132, #1759, #3056 ) ;
#130 = ORIENTED_EDGE ( 'NONE', *, *, #3418, .F. ) ;
#131 = EDGE_CURVE ( 'NONE', #3155, #4125, #1795, .T. ) ;
#132 = AXIS2_PLACEMENT_3D ( 'NONE', #2588, #2240, #3259 ) ;
#133 = LINE ( 'NONE', #176, #1598 ) ;
#134 = DIRECTION ( 'NONE',  ( 0.000000000000000000, 0.000000000000000000, 1.000000000000000000 ) ) ;
#135 = CARTESIAN_POINT ( 'NONE',  ( 2.877919977996279926E-15, 0.000000000000000000, -120.5000000000000000 ) ) ;
#136 = ORIENTED_EDGE ( 'NONE', *, *, #179, .T. ) ;
#137 = DIRECTION ( 'NONE',  ( 0.000000000000000000, 0.000000000000000000, 1.000000000000000000 ) ) ;
#138 = ORIENTED_EDGE ( 'NONE', *, *, #4266, .F. ) ;
#139 = ORIENTED_EDGE ( 'NONE', *, *, #1577, .F. ) ;
#140 = DIRECTION ( 'NONE',  ( 0.000000000000000000, 1.000000000000000000, 0.000000000000000000 ) ) ;
#141 = AXIS2_PLACEMENT_3D ( 'NONE', #1632, #938, #582 ) ;
#142 = FACE_BOUND ( 'NONE', #1538, .T. ) ;
#143 = VECTOR ( 'NONE', #3808, 1000.000000000000000 ) ;
#144 = CARTESIAN_POINT ( 'NONE',  ( 79.10999999999999943, 0.000000000000000000, 0.000000000000000000 ) ) ;
#145 = CARTESIAN_POINT ( 'NONE',  ( 80.00000000000000000, 0.000000000000000000, -46.50000000000000000 ) ) ;
#146 = CARTESIAN_POINT ( 'NONE',  ( 15.00000000000000000, 0.000000000000000000, -50.00000000000000000 ) ) ;
#147 = EDGE_LOOP ( 'NONE', ( #4241, #4337, #995, #2616 ) ) ;
#148 = ORIENTED_EDGE ( 'NONE', *, *, #1584, .T. ) ;
#149 = ORIENTED_EDGE ( 'NONE', *, *, #1596, .T. ) ;
#151 = ORIENTED_EDGE ( 'NONE', *, *, #2675, .T. ) ;
#150 = AXIS2_PLACEMENT_3D ( 'NONE', #183, #2234, #2215 ) ;
#152 = DIRECTION ( 'NONE',  ( 0.000000000000000000, 0.000000000000000000, 1.000000000000000000 ) ) ;
#153 = LINE ( 'NONE', #530, #353 ) ;
#154 = DIRECTION ( 'NONE',  ( 0.000000000000000000, 0.000000000000000000, 1.000000000000000000 ) ) ;
#155 = CIRCLE ( 'NONE', #2654, 1.500000000000001332 ) ;
#156 = ORIENTED_EDGE ( 'NONE', *, *, #737, .T. ) ;
#157 = DIRECTION ( 'NONE',  ( 0.000000000000000000, 1.000000000000000000, 0.000000000000000000 ) ) ;
#158 = VERTEX_POINT ( 'NONE', #1013 ) ;
#159 = VERTEX_POINT ( 'NONE', #540 ) ;
#160 = CARTESIAN_POINT ( 'NONE',  ( 80.10999999999999943, 0.000000000000000000, 11.50000000000000000 ) ) ;
#161 = AXIS2_PLACEMENT_3D ( 'NONE', #968, #580, #3316 ) ;
#162 = DIRECTION ( 'NONE',  ( 0.000000000000000000, 0.000000000000000000, 1.000000000000000000 ) ) ;
#163 = VECTOR ( 'NONE', #1297, 1000.000000000000000 ) ;
#164 = AXIS2_PLACEMENT_3D ( 'NONE', #166, #523, #830 ) ;
#165 = EDGE_LOOP ( 'NONE', ( #3060, #656, #1631, #449 ) ) ;
#166 = CARTESIAN_POINT ( 'NONE',  ( 75.35999999999999943, 4.000000000000000000, 5.000000000000000000 ) ) ;
#167 = DIRECTION ( 'NONE',  ( 0.000000000000000000, 1.000000000000000000, 0.000000000000000000 ) ) ;
#168 = CARTESIAN_POINT ( 'NONE',  ( 15.00000000000000000, 4.000000000000000000, 115.0000000000000000 ) ) ;
#169 = EDGE_CURVE ( 'NONE', #2774, #3998, #4203, .T. ) ;
#170 = EDGE_LOOP ( 'NONE', ( #2562, #379, #3559, #775 ) ) ;
#171 = AXIS2_PLACEMENT_3D ( 'NONE', #3268, #1955, #3988 ) ;
#172 = ORIENTED_EDGE ( 'NONE', *, *, #3317, .F. ) ;
#173 = VERTEX_POINT ( 'NONE', #3237 ) ;
#174 = PERSON_AND_ORGANIZATION_ROLE ( 'design_supplier' ) ;
#175 = VERTEX_POINT ( 'NONE', #212 ) ;
#176 = CARTESIAN_POINT ( 'NONE',  ( 47.50000000000000000, 4.000000000000000000, 129.0000000000000000 ) ) ;
#177 = CARTESIAN_POINT ( 'NONE',  ( 139.0000000000000000, 0.000000000000000000, 52.00000000000000000 ) ) ;
#178 = PLANE ( 'NONE',  #478 ) ;
#179 = EDGE_CURVE ( 'NONE', #651, #3661, #4217, .T. ) ;
#180 = EDGE_LOOP ( 'NONE', ( #1625, #1305 ) ) ;
#181 = VERTEX_POINT ( 'NONE', #2189 ) ;
#182 = CARTESIAN_POINT ( 'NONE',  ( 30.00000000000000000, 0.000000000000000000, -48.50000000000000000 ) ) ;
#183 = CARTESIAN_POINT ( 'NONE',  ( 110.0000000000000000, 4.000000000000000000, -48.00000000000000000 ) ) ;
#184 = EDGE_CURVE ( 'NONE', #4284, #1148, #514, .T. ) ;
#185 = ORIENTED_EDGE ( 'NONE', *, *, #2963, .F. ) ;
#186 = EDGE_LOOP ( 'NONE', ( #3705, #3366 ) ) ;
#187 = DIRECTION ( 'NONE',  ( 0.000000000000000000, 0.000000000000000000, 1.000000000000000000 ) ) ;
#188 = CARTESIAN_POINT ( 'NONE',  ( 0.000000000000000000, 0.000000000000000000, 66.00000000000000000 ) ) ;
#189 = DIRECTION ( 'NONE',  ( 0.000000000000000000, 1.000000000000000000, 0.000000000000000000 ) ) ;
#190 = VERTEX_POINT ( 'NONE', #2143 ) ;
#191 = ORIENTED_EDGE ( 'NONE', *, *, #4292, .F. ) ;
#192 = CARTESIAN_POINT ( 'NONE',  ( 75.35999999999999943, -6.000000000000000000, 5.000000000000000000 ) ) ;
#193 = CIRCLE ( 'NONE', #4024, 1.500000000000001332 ) ;
#194 = AXIS2_PLACEMENT_3D ( 'NONE', #1337, #3302, #1667 ) ;
#195 = DIRECTION ( 'NONE',  ( 0.000000000000000000, 0.000000000000000000, -1.000000000000000000 ) ) ;
#196 = CARTESIAN_POINT ( 'NONE',  ( 24.50000000000000000, -6.000000000000000000, 72.25000000000000000 ) ) ;
#197 = AXIS2_PLACEMENT_3D ( 'NONE', #2719, #4308, #971 ) ;
#198 = ADVANCED_FACE ( 'NONE', ( #901 ), #3503, .F. ) ;
#199 = EDGE_LOOP ( 'NONE', ( #746, #2820 ) ) ;
#200 = FACE_OUTER_BOUND ( 'NONE', #216, .T. ) ;
#201 = DIRECTION ( 'NONE',  ( -0.000000000000000000, 0.000000000000000000, -1.000000000000000000 ) ) ;
#202 = AXIS2_PLACEMENT_3D ( 'NONE', #716, #1756, #1423 ) ;
#203 = DIRECTION ( 'NONE',  ( 0.000000000000000000, 0.000000000000000000, 1.000000000000000000 ) ) ;
#204 = CIRCLE ( 'NONE', #2361, 1.500000000000001332 ) ;
#205 = AXIS2_PLACEMENT_3D ( 'NONE', #4001, #1641, #1687 ) ;
#206 = ORIENTED_EDGE ( 'NONE', *, *, #513, .T. ) ;
#207 = VERTEX_POINT ( 'NONE', #2223 ) ;
#208 = CARTESIAN_POINT ( 'NONE',  ( 56.50000000000000000, 4.000000000000000000, -50.84314575050760254 ) ) ;
#209 = FACE_OUTER_BOUND ( 'NONE', #147, .T. ) ;
#210 = VECTOR ( 'NONE', #2989, 1000.000000000000000 ) ;
#211 = EDGE_CURVE ( 'NONE', #855, #94, #1488, .T. ) ;
#212 = CARTESIAN_POINT ( 'NONE',  ( 80.00000000000000000, 4.000000000000000000, 46.50000000000000000 ) ) ;
#213 = AXIS2_PLACEMENT_3D ( 'NONE', #1002, #8, #3662 ) ;
#214 = EDGE_CURVE ( 'NONE', #2808, #3441, #1959, .T. ) ;
#215 = DATE_AND_TIME ( #1467, #1549 ) ;
#216 = EDGE_LOOP ( 'NONE', ( #1256, #3465, #441, #1704 ) ) ;
#217 = CARTESIAN_POINT ( 'NONE',  ( 29.00000000000000000, 4.000000000000000000, -72.00000000000000000 ) ) ;
#218 = LINE ( 'NONE', #2889, #1153 ) ;
#219 = DIRECTION ( 'NONE',  ( 0.000000000000000000, 1.000000000000000000, 0.000000000000000000 ) ) ;
#220 = ORIENTED_EDGE ( 'NONE', *, *, #438, .F. ) ;
#221 = LINE ( 'NONE', #3973, #3767 ) ;
#222 = CARTESIAN_POINT ( 'NONE',  ( 29.00000000000000000, 4.000000000000000000, -122.0000000000000000 ) ) ;
#223 = AXIS2_PLACEMENT_3D ( 'NONE', #3077, #78, #1416 ) ;
#224 = PLANE ( 'NONE',  #1748 ) ;
#225 = AXIS2_PLACEMENT_3D ( 'NONE', #168, #3476, #502 ) ;
#226 = VERTEX_POINT ( 'NONE', #1841 ) ;
#227 = DIRECTION ( 'NONE',  ( 0.000000000000000000, 1.000000000000000000, 0.000000000000000000 ) ) ;
#228 = CARTESIAN_POINT ( 'NONE',  ( 80.00000000000000000, 0.000000000000000000, -46.50000000000000000 ) ) ;
#229 = DIRECTION ( 'NONE',  ( -1.000000000000000000, 0.000000000000000000, 0.000000000000000000 ) ) ;
#230 = AXIS2_PLACEMENT_3D ( 'NONE', #3586, #3659, #2632 ) ;
#231 = EDGE_CURVE ( 'NONE', #4074, #2173, #155, .T. ) ;
#232 = PRODUCT_RELATED_PRODUCT_CATEGORY ( 'detail', '', ( #2480 ) ) ;
#233 = AXIS2_PLACEMENT_3D ( 'NONE', #1870, #2824, #3486 ) ;
#234 = ADVANCED_FACE ( 'NONE', ( #2816 ), #885, .F. ) ;
#235 = EDGE_CURVE ( 'NONE', #376, #1004, #2474, .T. ) ;
#236 = EDGE_LOOP ( 'NONE', ( #1946, #93 ) ) ;
#237 = CYLINDRICAL_SURFACE ( 'NONE', #3688, 4.999999999999997335 ) ;
#238 = DIRECTION ( 'NONE',  ( 0.000000000000000000, 0.000000000000000000, 1.000000000000000000 ) ) ;
#239 = EDGE_CURVE ( 'NONE', #435, #1134, #439, .T. ) ;
#240 = EDGE_CURVE ( 'NONE', #83, #1697, #1335, .T. ) ;
#241 = EDGE_LOOP ( 'NONE', ( #4088, #1109 ) ) ;
#242 = CARTESIAN_POINT ( 'NONE',  ( 24.50000000000000000, 0.000000000000000000, 71.00000000000000000 ) ) ;
#243 = LINE ( 'NONE', #3824, #1299 ) ;
#244 = DIRECTION ( 'NONE',  ( 0.000000000000000000, 0.000000000000000000, 1.000000000000000000 ) ) ;
#245 = ORIENTED_EDGE ( 'NONE', *, *, #2745, .T. ) ;
#246 = CARTESIAN_POINT ( 'NONE',  ( 110.0000000000000000, 4.000000000000000000, -49.50000000000000000 ) ) ;
#247 = DIRECTION ( 'NONE',  ( 0.000000000000000000, 0.000000000000000000, 1.000000000000000000 ) ) ;
#248 = EDGE_CURVE ( 'NONE', #3896, #4249, #3894, .T. ) ;
#249 = EDGE_CURVE ( 'NONE', #1697, #83, #1907, .T. ) ;
#250 = LINE ( 'NONE', #2917, #3912 ) ;
#251 = CARTESIAN_POINT ( 'NONE',  ( 79.10999999999999943, 4.000000000000000000, 11.50000000000000000 ) ) ;
#252 = EDGE_CURVE ( 'NONE', #2487, #719, #2590, .T. ) ;
#253 = EDGE_CURVE ( 'NONE', #3233, #3896, #3356, .T. ) ;
#254 = EDGE_LOOP ( 'NONE', ( #311, #2017, #4009, #715 ) ) ;
#255 = CARTESIAN_POINT ( 'NONE',  ( 30.00000000000000000, -6.000000000000000000, -58.50000000000000000 ) ) ;
#256 = FACE_BOUND ( 'NONE', #199, .T. ) ;
#257 = CARTESIAN_POINT ( 'NONE',  ( 110.0000000000000000, 0.000000000000000000, 73.50000000000000000 ) ) ;
#258 = DIRECTION ( 'NONE',  ( 0.000000000000000000, 1.000000000000000000, 0.000000000000000000 ) ) ;
#259 = ORIENTED_EDGE ( 'NONE', *, *, #3260, .T. ) ;
#260 = ORIENTED_EDGE ( 'NONE', *, *, #3629, .T. ) ;
#261 = AXIS2_PLACEMENT_3D ( 'NONE', #805, #470, #550 ) ;
#262 = FACE_OUTER_BOUND ( 'NONE', #3835, .T. ) ;
#263 = AXIS2_PLACEMENT_3D ( 'NONE', #3385, #2, #1049 ) ;
#264 = AXIS2_PLACEMENT_3D ( 'NONE', #1286, #1942, #2678 ) ;
#265 = CYLINDRICAL_SURFACE ( 'NONE', #1964, 1.500000000000001332 ) ;
#266 = VECTOR ( 'NONE', #1647, 1000.000000000000000 ) ;
#267 = DIRECTION ( 'NONE',  ( 0.000000000000000000, 0.000000000000000000, -1.000000000000000000 ) ) ;
#268 = EDGE_CURVE ( 'NONE', #3211, #747, #701, .T. ) ;
#269 = DIRECTION ( 'NONE',  ( 0.000000000000000000, 0.000000000000000000, 1.000000000000000000 ) ) ;
#270 = LOCAL_TIME ( 20, 33, 21.00000000000000000, #2540 ) ;
#271 = EDGE_LOOP ( 'NONE', ( #469, #49 ) ) ;
#272 = LINE ( 'NONE', #3271, #1307 ) ;
#273 = FACE_BOUND ( 'NONE', #1604, .T. ) ;
#274 = DIRECTION ( 'NONE',  ( 0.000000000000000000, 1.000000000000000000, 0.000000000000000000 ) ) ;
#275 = ADVANCED_FACE ( 'NONE', ( #1572 ), #1233, .F. ) ;
#276 = ADVANCED_FACE ( 'NONE', ( #2242 ), #2275, .F. ) ;
#277 = DIRECTION ( 'NONE',  ( 0.000000000000000000, 1.000000000000000000, 0.000000000000000000 ) ) ;
#278 = VERTEX_POINT ( 'NONE', #3609 ) ;
#279 = ORIENTED_EDGE ( 'NONE', *, *, #3306, .T. ) ;
#280 = CYLINDRICAL_SURFACE ( 'NONE', #2225, 1.500000000000001332 ) ;
#281 = AXIS2_PLACEMENT_3D ( 'NONE', #1292, #1608, #628 ) ;
#282 = CARTESIAN_POINT ( 'NONE',  ( 30.00000000000000000, -6.000000000000000000, 50.00000000000000000 ) ) ;
#283 = CIRCLE ( 'NONE', #987, 1.500000000000001332 ) ;
#284 = DIRECTION ( 'NONE',  ( 0.000000000000000000, 0.000000000000000000, 1.000000000000000000 ) ) ;
#285 = AXIS2_PLACEMENT_3D ( 'NONE', #1906, #511, #1851 ) ;
#286 = AXIS2_PLACEMENT_3D ( 'NONE', #386, #3386, #3739 ) ;
#287 = EDGE_CURVE ( 'NONE', #850, #829, #3628, .T. ) ;
#288 = EDGE_LOOP ( 'NONE', ( #2568, #1481, #3732, #3009 ) ) ;
#289 = DIRECTION ( 'NONE',  ( 0.000000000000000000, 0.000000000000000000, 1.000000000000000000 ) ) ;
#290 = DIRECTION ( 'NONE',  ( 0.000000000000000000, 1.000000000000000000, 0.000000000000000000 ) ) ;
#291 = FACE_OUTER_BOUND ( 'NONE', #721, .T. ) ;
#292 = EDGE_CURVE ( 'NONE', #2458, #864, #1146, .T. ) ;
#293 = FACE_BOUND ( 'NONE', #1028, .T. ) ;
#294 = CARTESIAN_POINT ( 'NONE',  ( 47.50000000000000000, 4.000000000000000000, -91.00000000000000000 ) ) ;
#295 = DIRECTION ( 'NONE',  ( 0.000000000000000000, 0.000000000000000000, 1.000000000000000000 ) ) ;
#296 = VERTEX_POINT ( 'NONE', #2900 ) ;
#297 = ORIENTED_EDGE ( 'NONE', *, *, #3018, .T. ) ;
#298 = DIRECTION ( 'NONE',  ( 0.000000000000000000, 1.000000000000000000, 0.000000000000000000 ) ) ;
#299 = ADVANCED_FACE ( 'NONE', ( #937 ), #3281, .F. ) ;
#300 = CYLINDRICAL_SURFACE ( 'NONE', #2311, 6.000000000000005329 ) ;
#301 = CARTESIAN_POINT ( 'NONE',  ( 30.00000000000000000, 0.000000000000000000, 83.50000000000000000 ) ) ;
#302 = ORIENTED_EDGE ( 'NONE', *, *, #3185, .T. ) ;
#303 = LINE ( 'NONE', #3304, #266 ) ;
#304 = DIRECTION ( 'NONE',  ( 1.000000000000000000, 0.000000000000000000, 0.000000000000000000 ) ) ;
#305 = CARTESIAN_POINT ( 'NONE',  ( 14.99999999999986144, -6.000000000000000000, -130.0000000000000000 ) ) ;
#306 = FACE_BOUND ( 'NONE', #2313, .T. ) ;
#307 = DIRECTION ( 'NONE',  ( 0.000000000000000000, -1.000000000000000000, 0.000000000000000000 ) ) ;
#308 = EDGE_LOOP ( 'NONE', ( #2509, #1495, #3839, #2108 ) ) ;
#309 = DIRECTION ( 'NONE',  ( 0.000000000000000000, 1.000000000000000000, 0.000000000000000000 ) ) ;
#310 = ORIENTED_EDGE ( 'NONE', *, *, #2027, .F. ) ;
#311 = ORIENTED_EDGE ( 'NONE', *, *, #1059, .F. ) ;
#312 = CIRCLE ( 'NONE', #2781, 4.999999999999997335 ) ;
#313 = AXIS2_PLACEMENT_3D ( 'NONE', #1062, #2394, #727 ) ;
#314 = CARTESIAN_POINT ( 'NONE',  ( 129.0000000000000000, 4.000000000000000000, 52.00000000000000000 ) ) ;
#315 = CIRCLE ( 'NONE', #599, 1.500000000000001332 ) ;
#316 = DIRECTION ( 'NONE',  ( 0.000000000000000000, 0.000000000000000000, 1.000000000000000000 ) ) ;
#317 = EDGE_CURVE ( 'NONE', #336, #4028, #4221, .T. ) ;
#318 = LINE ( 'NONE', #2063, #1192 ) ;
#319 = AXIS2_PLACEMENT_3D ( 'NONE', #1032, #298, #3012 ) ;
#320 = DIRECTION ( 'NONE',  ( 0.000000000000000000, 0.000000000000000000, 1.000000000000000000 ) ) ;
#321 = EDGE_LOOP ( 'NONE', ( #1706, #2503, #3571, #421 ) ) ;
#322 = VECTOR ( 'NONE', #567, 1000.000000000000000 ) ;
#323 = EDGE_CURVE ( 'NONE', #2850, #763, #1070, .T. ) ;
#324 = CARTESIAN_POINT ( 'NONE',  ( 0.000000000000000000, -6.000000000000000000, -135.0000000000000000 ) ) ;
#325 = DIRECTION ( 'NONE',  ( -0.7071067811865515695, 0.000000000000000000, -0.7071067811865435759 ) ) ;
#326 = ORIENTED_EDGE ( 'NONE', *, *, #672, .T. ) ;
#327 = AXIS2_PLACEMENT_3D ( 'NONE', #1040, #431, #2039 ) ;
#328 = ORIENTED_EDGE ( 'NONE', *, *, #4288, .F. ) ;
#329 = DIRECTION ( 'NONE',  ( 0.000000000000000000, 0.000000000000000000, 1.000000000000000000 ) ) ;
#330 = DIRECTION ( 'NONE',  ( 0.000000000000000000, 1.000000000000000000, 0.000000000000000000 ) ) ;
#331 = VECTOR ( 'NONE', #1449, 1000.000000000000000 ) ;
#332 = CARTESIAN_POINT ( 'NONE',  ( 30.00000000000000000, -6.000000000000000000, 85.00000000000000000 ) ) ;
#333 = DIRECTION ( 'NONE',  ( 0.000000000000000000, 0.000000000000000000, 1.000000000000000000 ) ) ;
#334 = ORIENTED_EDGE ( 'NONE', *, *, #253, .T. ) ;
#335 = FACE_OUTER_BOUND ( 'NONE', #459, .T. ) ;
#336 = VERTEX_POINT ( 'NONE', #2914 ) ;
#337 = VERTEX_POINT ( 'NONE', #2620 ) ;
#338 = DIRECTION ( 'NONE',  ( 0.000000000000000000, 0.000000000000000000, 1.000000000000000000 ) ) ;
#339 = CARTESIAN_POINT ( 'NONE',  ( 15.00000000000000000, 0.000000000000000000, 116.5000000000000000 ) ) ;
#340 = AXIS2_PLACEMENT_3D ( 'NONE', #1788, #783, #1736 ) ;
#341 = CARTESIAN_POINT ( 'NONE',  ( 80.00000000000000000, 4.000000000000000000, 48.00000000000000000 ) ) ;
#342 = ADVANCED_FACE ( 'NONE', ( #2642 ), #591, .F. ) ;
#343 = CARTESIAN_POINT ( 'NONE',  ( 121.1099999999999994, 4.000000000000000000, 10.50000000000000000 ) ) ;
#344 = CIRCLE ( 'NONE', #1222, 1.500000000000001332 ) ;
#345 = EDGE_CURVE ( 'NONE', #2181, #3441, #4307, .T. ) ;
#346 = DIRECTION ( 'NONE',  ( 0.000000000000000000, 0.000000000000000000, -1.000000000000000000 ) ) ;
#347 = LINE ( 'NONE', #4083, #573 ) ;
#348 = ORIENTED_EDGE ( 'NONE', *, *, #2892, .F. ) ;
#349 = EDGE_CURVE ( 'NONE', #4169, #2928, #2593, .T. ) ;
#350 = CARTESIAN_POINT ( 'NONE',  ( 30.00000000000000000, -6.000000000000000000, -50.00000000000000000 ) ) ;
#351 = FACE_BOUND ( 'NONE', #1341, .T. ) ;
#352 = ORIENTED_EDGE ( 'NONE', *, *, #268, .F. ) ;
#353 = VECTOR ( 'NONE', #4184, 1000.000000000000000 ) ;
#354 = ORIENTED_EDGE ( 'NONE', *, *, #3500, .T. ) ;
#355 = CIRCLE ( 'NONE', #936, 1.500000000000001332 ) ;
#356 = ADVANCED_FACE ( 'NONE', ( #2589 ), #1931, .F. ) ;
#357 = ORIENTED_EDGE ( 'NONE', *, *, #1443, .F. ) ;
#358 = LINE ( 'NONE', #1700, #1050 ) ;
#359 = FACE_OUTER_BOUND ( 'NONE', #1516, .T. ) ;
#360 = ADVANCED_FACE ( 'NONE', ( #4237 ), #265, .F. ) ;
#361 = PLANE ( 'NONE',  #1913 ) ;
#362 = DIRECTION ( 'NONE',  ( -0.000000000000000000, 1.000000000000000000, -0.000000000000000000 ) ) ;
#363 = CIRCLE ( 'NONE', #2129, 1.500000000000001332 ) ;
#364 = ORIENTED_EDGE ( 'NONE', *, *, #3454, .F. ) ;
#365 = PLANE ( 'NONE',  #1829 ) ;
#366 = ORIENTED_EDGE ( 'NONE', *, *, #231, .T. ) ;
#367 = ORIENTED_EDGE ( 'NONE', *, *, #2241, .T. ) ;
#368 = DIRECTION ( 'NONE',  ( 0.000000000000000000, 1.000000000000000000, 0.000000000000000000 ) ) ;
#369 = FACE_BOUND ( 'NONE', #4071, .T. ) ;
#370 = DIRECTION ( 'NONE',  ( 0.000000000000000000, 1.000000000000000000, 0.000000000000000000 ) ) ;
#371 = FACE_OUTER_BOUND ( 'NONE', #3882, .T. ) ;
#372 = CARTESIAN_POINT ( 'NONE',  ( 121.1099999999999994, 4.000000000000000000, -10.50000000000000000 ) ) ;
#373 = CARTESIAN_POINT ( 'NONE',  ( 29.00000000000000000, 0.000000000000000000, -70.50000000000000000 ) ) ;
#374 = ADVANCED_FACE ( 'NONE', ( #2931 ), #4273, .F. ) ;
#375 = EDGE_LOOP ( 'NONE', ( #2067, #1138, #1172, #2293 ) ) ;
#376 = VERTEX_POINT ( 'NONE', #3949 ) ;
#377 = CARTESIAN_POINT ( 'NONE',  ( 14.99999999999986144, -6.000000000000000000, -130.0000000000000000 ) ) ;
#378 = CARTESIAN_POINT ( 'NONE',  ( 37.50000000000000000, 0.000000000000000000, -37.50000000000000000 ) ) ;
#379 = ORIENTED_EDGE ( 'NONE', *, *, #3089, .T. ) ;
#380 = EDGE_LOOP ( 'NONE', ( #3445, #2401, #1019, #1779 ) ) ;
#381 = ADVANCED_FACE ( 'NONE', ( #609 ), #300, .T. ) ;
#382 = ORIENTED_EDGE ( 'NONE', *, *, #2997, .F. ) ;
#383 = CARTESIAN_POINT ( 'NONE',  ( 30.00000000000000000, 0.000000000000000000, -45.00000000000000000 ) ) ;
#384 = ORIENTED_EDGE ( 'NONE', *, *, #1901, .F. ) ;
#385 = CARTESIAN_POINT ( 'NONE',  ( 29.00000000000000000, 4.000000000000000000, -73.50000000000000000 ) ) ;
#386 = CARTESIAN_POINT ( 'NONE',  ( 80.00000000000000000, 4.000000000000000000, -48.00000000000000000 ) ) ;
#387 = DIRECTION ( 'NONE',  ( 0.000000000000000000, 1.000000000000000000, 0.000000000000000000 ) ) ;
#388 = EDGE_CURVE ( 'NONE', #1873, #159, #1950, .T. ) ;
#389 = ORIENTED_EDGE ( 'NONE', *, *, #3064, .F. ) ;
#390 = CYLINDRICAL_SURFACE ( 'NONE', #564, 1.500000000000001332 ) ;
#391 = ORIENTED_EDGE ( 'NONE', *, *, #1184, .T. ) ;
#392 = ORIENTED_EDGE ( 'NONE', *, *, #534, .T. ) ;
#393 = CARTESIAN_POINT ( 'NONE',  ( 145.0000000000000000, 0.000000000000000000, 75.00000000000000000 ) ) ;
#394 = CARTESIAN_POINT ( 'NONE',  ( 30.00000000000000000, -6.000000000000000000, 50.00000000000000000 ) ) ;
#395 = FACE_OUTER_BOUND ( 'NONE', #2374, .T. ) ;
#396 = DIRECTION ( 'NONE',  ( 0.000000000000000000, 0.000000000000000000, -1.000000000000000000 ) ) ;
#397 = CIRCLE ( 'NONE', #477, 1.500000000000001332 ) ;
#398 = DIRECTION ( 'NONE',  ( 0.000000000000000000, 0.000000000000000000, -1.000000000000000000 ) ) ;
#399 = AXIS2_PLACEMENT_3D ( 'NONE', #1506, #4129, #1139 ) ;
#400 = AXIS2_PLACEMENT_3D ( 'NONE', #1204, #3166, #2530 ) ;
#401 = DIRECTION ( 'NONE',  ( 0.000000000000000000, 1.000000000000000000, 0.000000000000000000 ) ) ;
#402 = CARTESIAN_POINT ( 'NONE',  ( 15.00000000000000000, 4.000000000000000000, 100.0000000000000000 ) ) ;
#403 = ORIENTED_EDGE ( 'NONE', *, *, #3477, .F. ) ;
#404 = DIRECTION ( 'NONE',  ( 0.000000000000000000, 0.000000000000000000, 1.000000000000000000 ) ) ;
#405 = AXIS2_PLACEMENT_3D ( 'NONE', #1540, #2174, #1470 ) ;
#406 = CIRCLE ( 'NONE', #2514, 1.500000000000000444 ) ;
#407 = DIRECTION ( 'NONE',  ( 0.000000000000000000, -1.000000000000000000, 0.000000000000000000 ) ) ;
#408 = ORIENTED_EDGE ( 'NONE', *, *, #2134, .F. ) ;
#409 = EDGE_LOOP ( 'NONE', ( #963, #1318, #1442, #3075 ) ) ;
#410 = ORIENTED_EDGE ( 'NONE', *, *, #3317, .T. ) ;
#411 = CARTESIAN_POINT ( 'NONE',  ( 110.0000000000000000, 0.000000000000000000, -72.00000000000000000 ) ) ;
#412 = AXIS2_PLACEMENT_3D ( 'NONE', #979, #3602, #3335 ) ;
#413 = EDGE_LOOP ( 'NONE', ( #536, #1161 ) ) ;
#414 = DIRECTION ( 'NONE',  ( 0.000000000000000000, 1.000000000000000000, 0.000000000000000000 ) ) ;
#415 = CARTESIAN_POINT ( 'NONE',  ( 80.00000000000000000, 0.000000000000000000, 49.50000000000000000 ) ) ;
#416 = CIRCLE ( 'NONE', #4043, 1.500000000000001332 ) ;
#417 = CARTESIAN_POINT ( 'NONE',  ( 15.00000000000000000, 4.000000000000000000, 86.50000000000000000 ) ) ;
#418 = ORIENTED_EDGE ( 'NONE', *, *, #2541, .F. ) ;
#419 = DIRECTION ( 'NONE',  ( 0.000000000000000000, 1.000000000000000000, 0.000000000000000000 ) ) ;
#420 = AXIS2_PLACEMENT_3D ( 'NONE', #4114, #329, #1020 ) ;
#421 = ORIENTED_EDGE ( 'NONE', *, *, #3766, .F. ) ;
#422 = EDGE_LOOP ( 'NONE', ( #1207, #2455 ) ) ;
#423 = ORIENTED_EDGE ( 'NONE', *, *, #1801, .F. ) ;
#424 = CARTESIAN_POINT ( 'NONE',  ( 36.00000000000000000, -6.000000000000000000, 119.5000000000000000 ) ) ;
#425 = EDGE_CURVE ( 'NONE', #3151, #2093, #705, .T. ) ;
#426 = LINE ( 'NONE', #2738, #1614 ) ;
#427 = EDGE_CURVE ( 'NONE', #2753, #2381, #875, .T. ) ;
#428 = PLANE ( 'NONE',  #1155 ) ;
#429 = CARTESIAN_POINT ( 'NONE',  ( 15.00000000000000000, 4.000000000000000000, -50.00000000000000000 ) ) ;
#430 = EDGE_CURVE ( 'NONE', #794, #175, #283, .T. ) ;
#431 = DIRECTION ( 'NONE',  ( 0.000000000000000000, 1.000000000000000000, 0.000000000000000000 ) ) ;
#432 = FACE_OUTER_BOUND ( 'NONE', #1295, .T. ) ;
#433 = ORIENTED_EDGE ( 'NONE', *, *, #1409, .T. ) ;
#434 = DIRECTION ( 'NONE',  ( 0.000000000000000000, 1.000000000000000000, 0.000000000000000000 ) ) ;
#435 = VERTEX_POINT ( 'NONE', #3670 ) ;
#436 = ORIENTED_EDGE ( 'NONE', *, *, #4142, .F. ) ;
#437 = EDGE_LOOP ( 'NONE', ( #1698, #4213, #1420, #2397 ) ) ;
#438 = EDGE_CURVE ( 'NONE', #763, #3481, #2717, .T. ) ;
#439 = CIRCLE ( 'NONE', #1686, 1.500000000000001332 ) ;
#440 = DATE_AND_TIME ( #2457, #2527 ) ;
#441 = ORIENTED_EDGE ( 'NONE', *, *, #1035, .T. ) ;
#442 = DIRECTION ( 'NONE',  ( 0.000000000000000000, -1.000000000000000000, 0.000000000000000000 ) ) ;
#443 = DIRECTION ( 'NONE',  ( 0.000000000000000000, 1.000000000000000000, 0.000000000000000000 ) ) ;
#444 = DIRECTION ( 'NONE',  ( 0.000000000000000000, 1.000000000000000000, 0.000000000000000000 ) ) ;
#445 = ORIENTED_EDGE ( 'NONE', *, *, #214, .T. ) ;
#446 = DIRECTION ( 'NONE',  ( 0.000000000000000000, 0.000000000000000000, 1.000000000000000000 ) ) ;
#447 = AXIS2_PLACEMENT_3D ( 'NONE', #3994, #3308, #1926 ) ;
#448 = EDGE_CURVE ( 'NONE', #1835, #588, #3289, .T. ) ;
#449 = ORIENTED_EDGE ( 'NONE', *, *, #3901, .T. ) ;
#450 = EDGE_LOOP ( 'NONE', ( #3599, #1077, #4157, #2878 ) ) ;
#451 = EDGE_LOOP ( 'NONE', ( #1965, #904 ) ) ;
#452 = DIRECTION ( 'NONE',  ( 0.000000000000000000, 1.000000000000000000, 0.000000000000000000 ) ) ;
#453 = PLANE ( 'NONE',  #2650 ) ;
#454 = DIRECTION ( 'NONE',  ( 0.000000000000000000, -1.000000000000000000, 0.000000000000000000 ) ) ;
#455 = LINE ( 'NONE', #2838, #605 ) ;
#456 = CARTESIAN_POINT ( 'NONE',  ( 29.00000000000000000, 0.000000000000000000, -122.0000000000000000 ) ) ;
#457 = CARTESIAN_POINT ( 'NONE',  ( 56.50000000000000000, 4.000000000000000000, 52.34314575050760254 ) ) ;
#458 = FACE_BOUND ( 'NONE', #3049, .T. ) ;
#459 = EDGE_LOOP ( 'NONE', ( #1042, #3435, #2983, #3079 ) ) ;
#460 = VERTEX_POINT ( 'NONE', #2034 ) ;
#461 = ORIENTED_EDGE ( 'NONE', *, *, #2354, .F. ) ;
#462 = VERTEX_POINT ( 'NONE', #4104 ) ;
#463 = DIRECTION ( 'NONE',  ( 0.000000000000000000, 1.000000000000000000, 0.000000000000000000 ) ) ;
#464 = DIRECTION ( 'NONE',  ( 0.000000000000000000, 1.000000000000000000, 0.000000000000000000 ) ) ;
#465 = CARTESIAN_POINT ( 'NONE',  ( 0.000000000000000000, 4.000000000000000000, -97.00000000000000000 ) ) ;
#466 = ORIENTED_EDGE ( 'NONE', *, *, #4230, .T. ) ;
#467 = FACE_OUTER_BOUND ( 'NONE', #1904, .T. ) ;
#468 = ORIENTED_EDGE ( 'NONE', *, *, #1977, .F. ) ;
#469 = ORIENTED_EDGE ( 'NONE', *, *, #2389, .F. ) ;
#470 = DIRECTION ( 'NONE',  ( 0.000000000000000000, 1.000000000000000000, 0.000000000000000000 ) ) ;
#471 = CARTESIAN_POINT ( 'NONE',  ( 29.00000000000000000, 4.000000000000000000, -123.5000000000000000 ) ) ;
#472 = DIRECTION ( 'NONE',  ( 0.000000000000000000, 0.000000000000000000, -1.000000000000000000 ) ) ;
#473 = DIRECTION ( 'NONE',  ( -0.000000000000000000, -0.000000000000000000, -1.000000000000000000 ) ) ;
#474 = CYLINDRICAL_SURFACE ( 'NONE', #3221, 1.500000000000001332 ) ;
#475 = CARTESIAN_POINT ( 'NONE',  ( 15.00000000000000000, -6.000000000000000000, 48.50000000000000000 ) ) ;
#476 = EDGE_LOOP ( 'NONE', ( #1273, #4140 ) ) ;
#477 = AXIS2_PLACEMENT_3D ( 'NONE', #3817, #387, #58 ) ;
#478 = AXIS2_PLACEMENT_3D ( 'NONE', #2211, #1871, #3611 ) ;
#479 = EDGE_LOOP ( 'NONE', ( #781, #2647, #4181, #2762 ) ) ;
#480 = ORIENTED_EDGE ( 'NONE', *, *, #3919, .F. ) ;
#481 = CALENDAR_DATE ( 2026, 8, 5 ) ;
#482 = AXIS2_PLACEMENT_3D ( 'NONE', #1250, #2580, #2595 ) ;
#483 = ORIENTED_EDGE ( 'NONE', *, *, #3190, .F. ) ;
#484 = VECTOR ( 'NONE', #1571, 1000.000000000000000 ) ;
#485 = DIRECTION ( 'NONE',  ( -0.7071067811865489050, 0.000000000000000000, 0.7071067811865460184 ) ) ;
#486 = CARTESIAN_POINT ( 'NONE',  ( 15.00000000000000000, 4.000000000000000000, 48.50000000000000000 ) ) ;
#487 = DIRECTION ( 'NONE',  ( 0.000000000000000000, 1.000000000000000000, 0.000000000000000000 ) ) ;
#488 = VECTOR ( 'NONE', #529, 1000.000000000000000 ) ;
#489 = ORIENTED_EDGE ( 'NONE', *, *, #1932, .F. ) ;
#490 = DIRECTION ( 'NONE',  ( 0.7071067811865515695, 0.000000000000000000, 0.7071067811865435759 ) ) ;
#491 = EDGE_LOOP ( 'NONE', ( #1238, #2405, #865, #3880 ) ) ;
#492 = VERTEX_POINT ( 'NONE', #2689 ) ;
#493 = CARTESIAN_POINT ( 'NONE',  ( 24.50000000000000000, 0.000000000000000000, 71.00000000000000000 ) ) ;
#494 = VECTOR ( 'NONE', #1587, 1000.000000000000000 ) ;
#495 = DIRECTION ( 'NONE',  ( 0.000000000000000000, -1.000000000000000000, 0.000000000000000000 ) ) ;
#496 = AXIS2_PLACEMENT_3D ( 'NONE', #647, #1012, #3073 ) ;
#497 = ADVANCED_FACE ( 'NONE', ( #3371 ), #1711, .F. ) ;
#498 = VERTEX_POINT ( 'NONE', #1010 ) ;
#499 = DIRECTION ( 'NONE',  ( 0.000000000000000000, -1.000000000000000000, 0.000000000000000000 ) ) ;
#500 = PRODUCT_DEFINITION_FORMATION_WITH_SPECIFIED_SOURCE ( 'ä»', '', #2480, .NOT_KNOWN. ) ;
#501 = FACE_OUTER_BOUND ( 'NONE', #991, .T. ) ;
#502 = DIRECTION ( 'NONE',  ( 0.000000000000000000, 0.000000000000000000, 1.000000000000000000 ) ) ;
#503 = EDGE_CURVE ( 'NONE', #3821, #190, #97, .T. ) ;
#504 = EDGE_CURVE ( 'NONE', #3340, #566, #1688, .T. ) ;
#505 = ORIENTED_EDGE ( 'NONE', *, *, #2345, .F. ) ;
#506 = ORIENTED_EDGE ( 'NONE', *, *, #2279, .T. ) ;
#507 = VERTEX_POINT ( 'NONE', #3014 ) ;
#509 = VERTEX_POINT ( 'NONE', #4052 ) ;
#508 = CIRCLE ( 'NONE', #697, 1.500000000000001332 ) ;
#510 = CARTESIAN_POINT ( 'NONE',  ( 15.00000000000000000, 0.000000000000000000, 83.50000000000000000 ) ) ;
#511 = DIRECTION ( 'NONE',  ( 0.000000000000000000, 1.000000000000000000, 0.000000000000000000 ) ) ;
#512 = FACE_OUTER_BOUND ( 'NONE', #735, .T. ) ;
#513 = EDGE_CURVE ( 'NONE', #106, #492, #1847, .T. ) ;
#514 = CIRCLE ( 'NONE', #1269, 1.500000000000001332 ) ;
#515 = EDGE_LOOP ( 'NONE', ( #1321, #2828, #2898, #1681 ) ) ;
#516 = VERTEX_POINT ( 'NONE', #3723 ) ;
#517 = EDGE_LOOP ( 'NONE', ( #3656, #1422 ) ) ;
#518 = DIRECTION ( 'NONE',  ( 0.000000000000000000, 1.000000000000000000, 0.000000000000000000 ) ) ;
#519 = DIRECTION ( 'NONE',  ( 0.000000000000000000, 0.000000000000000000, -1.000000000000000000 ) ) ;
#520 = AXIS2_PLACEMENT_3D ( 'NONE', #3463, #464, #2677 ) ;
#521 = EDGE_LOOP ( 'NONE', ( #1395, #1734 ) ) ;
#522 = ORIENTED_EDGE ( 'NONE', *, *, #3418, .T. ) ;
#523 = DIRECTION ( 'NONE',  ( 0.000000000000000000, 1.000000000000000000, 0.000000000000000000 ) ) ;
#524 = CARTESIAN_POINT ( 'NONE',  ( 47.50000000000000000, 4.000000000000000000, -6.103656674733209680E-15 ) ) ;
#525 = DIRECTION ( 'NONE',  ( 0.000000000000000000, 1.000000000000000000, 0.000000000000000000 ) ) ;
#526 = ORIENTED_EDGE ( 'NONE', *, *, #287, .T. ) ;
#527 = EDGE_CURVE ( 'NONE', #435, #2841, #2767, .T. ) ;
#528 = ORIENTED_EDGE ( 'NONE', *, *, #2038, .F. ) ;
#529 = DIRECTION ( 'NONE',  ( 0.000000000000000000, 1.000000000000000000, 0.000000000000000000 ) ) ;
#530 = CARTESIAN_POINT ( 'NONE',  ( 80.00000000000000000, 0.000000000000000000, 49.50000000000000000 ) ) ;
#531 = LINE ( 'NONE', #2847, #3135 ) ;
#532 = EDGE_LOOP ( 'NONE', ( #2510, #1574, #983, #934 ) ) ;
#533 = CARTESIAN_POINT ( 'NONE',  ( 56.50000000000000000, 0.000000000000000000, 50.84314575050760254 ) ) ;
#534 = EDGE_CURVE ( 'NONE', #159, #3702, #3875, .T. ) ;
#535 = CARTESIAN_POINT ( 'NONE',  ( 80.00000000000000000, 0.000000000000000000, -49.50000000000000000 ) ) ;
#536 = ORIENTED_EDGE ( 'NONE', *, *, #1234, .F. ) ;
#537 = VERTEX_POINT ( 'NONE', #3069 ) ;
#538 = CARTESIAN_POINT ( 'NONE',  ( 79.10999999999999943, -6.000000000000000000, -11.50000000000000000 ) ) ;
#539 = FACE_OUTER_BOUND ( 'NONE', #515, .T. ) ;
#540 = CARTESIAN_POINT ( 'NONE',  ( 139.0000000000000000, 4.000000000000000000, -52.00000000000000000 ) ) ;
#541 = PERSON_AND_ORGANIZATION ( #2943, #4258 ) ;
#542 = ADVANCED_FACE ( 'NONE', ( #371 ), #2062, .F. ) ;
#543 = ORIENTED_EDGE ( 'NONE', *, *, #1098, .F. ) ;
#544 = DIRECTION ( 'NONE',  ( 0.000000000000000000, 1.000000000000000000, 0.000000000000000000 ) ) ;
#545 = VECTOR ( 'NONE', #2988, 1000.000000000000000 ) ;
#546 = DIRECTION ( 'NONE',  ( 0.000000000000000000, 0.000000000000000000, 1.000000000000000000 ) ) ;
#547 = DIRECTION ( 'NONE',  ( 0.000000000000000000, 1.000000000000000000, 0.000000000000000000 ) ) ;
#548 = VECTOR ( 'NONE', #1900, 1000.000000000000000 ) ;
#549 = VERTEX_POINT ( 'NONE', #698 ) ;
#550 = DIRECTION ( 'NONE',  ( 0.000000000000000000, 0.000000000000000000, 1.000000000000000000 ) ) ;
#551 = DIRECTION ( 'NONE',  ( -0.000000000000000000, -0.000000000000000000, -1.000000000000000000 ) ) ;
#552 = VECTOR ( 'NONE', #2651, 1000.000000000000000 ) ;
#553 = DIRECTION ( 'NONE',  ( 0.000000000000000000, -1.000000000000000000, 0.000000000000000000 ) ) ;
#554 = AXIS2_PLACEMENT_3D ( 'NONE', #3596, #3251, #593 ) ;
#555 = CIRCLE ( 'NONE', #2965, 1.500000000000001332 ) ;
#556 = EDGE_LOOP ( 'NONE', ( #3105, #10, #1806, #354 ) ) ;
#557 = EDGE_CURVE ( 'NONE', #2585, #3532, #629, .T. ) ;
#558 = CARTESIAN_POINT ( 'NONE',  ( 36.00000000000000000, 4.000000000000000000, 79.00000000000000000 ) ) ;
#559 = EDGE_CURVE ( 'NONE', #849, #2024, #3990, .T. ) ;
#560 = EDGE_CURVE ( 'NONE', #516, #2127, #2658, .T. ) ;
#561 = LINE ( 'NONE', #3722, #915 ) ;
#562 = AXIS2_PLACEMENT_3D ( 'NONE', #1360, #3674, #4004 ) ;
#563 = DIRECTION ( 'NONE',  ( 0.000000000000000000, 1.000000000000000000, 0.000000000000000000 ) ) ;
#564 = AXIS2_PLACEMENT_3D ( 'NONE', #2784, #3793, #2760 ) ;
#565 = EDGE_CURVE ( 'NONE', #2476, #2683, #1911, .T. ) ;
#566 = VERTEX_POINT ( 'NONE', #3451 ) ;
#567 = DIRECTION ( 'NONE',  ( 0.000000000000000000, 0.000000000000000000, -1.000000000000000000 ) ) ;
#568 = CARTESIAN_POINT ( 'NONE',  ( 0.000000000000000000, 0.000000000000000000, 81.00000000000000000 ) ) ;
#569 = CIRCLE ( 'NONE', #4245, 1.500000000000001332 ) ;
#570 = ORIENTED_EDGE ( 'NONE', *, *, #4049, .F. ) ;
#571 = DIRECTION ( 'NONE',  ( 0.000000000000000000, 0.000000000000000000, 1.000000000000000000 ) ) ;
#572 = DIRECTION ( 'NONE',  ( 0.000000000000000000, 1.000000000000000000, 0.000000000000000000 ) ) ;
#573 = VECTOR ( 'NONE', #4057, 1000.000000000000000 ) ;
#574 = ADVANCED_FACE ( 'NONE', ( #3426 ), #428, .F. ) ;
#575 = FACE_OUTER_BOUND ( 'NONE', #2312, .T. ) ;
#576 = AXIS2_PLACEMENT_3D ( 'NONE', #2882, #563, #4222 ) ;
#577 = EDGE_LOOP ( 'NONE', ( #3784, #711 ) ) ;
#578 = CARTESIAN_POINT ( 'NONE',  ( 47.50000000000000000, 0.000000000000000000, 91.00000000000000000 ) ) ;
#579 = AXIS2_PLACEMENT_3D ( 'NONE', #3915, #650, #955 ) ;
#580 = DIRECTION ( 'NONE',  ( 0.000000000000000000, 1.000000000000000000, 0.000000000000000000 ) ) ;
#581 = EDGE_CURVE ( 'NONE', #2579, #2000, #1208, .T. ) ;
#582 = DIRECTION ( 'NONE',  ( 0.000000000000000000, 0.000000000000000000, 1.000000000000000000 ) ) ;
#583 = DIRECTION ( 'NONE',  ( -1.284980352575411713E-16, 0.000000000000000000, 1.000000000000000000 ) ) ;
#584 = ORIENTED_EDGE ( 'NONE', *, *, #696, .F. ) ;
#585 = CARTESIAN_POINT ( 'NONE',  ( 30.00000000000000000, 4.000000000000000000, 45.00000000000000000 ) ) ;
#586 = CARTESIAN_POINT ( 'NONE',  ( 20.00000000000000000, 0.000000000000000000, 54.00000000000000000 ) ) ;
#587 = DIRECTION ( 'NONE',  ( 0.000000000000000000, 0.000000000000000000, 1.000000000000000000 ) ) ;
#588 = VERTEX_POINT ( 'NONE', #2813 ) ;
#589 = ORIENTED_EDGE ( 'NONE', *, *, #504, .F. ) ;
#590 = CYLINDRICAL_SURFACE ( 'NONE', #665, 6.000000000000005329 ) ;
#591 = CYLINDRICAL_SURFACE ( 'NONE', #4070, 1.500000000000001332 ) ;
#592 = ADVANCED_FACE ( 'NONE', ( #1879 ), #3472, .F. ) ;
#593 = DIRECTION ( 'NONE',  ( 0.000000000000000000, 0.000000000000000000, -1.000000000000000000 ) ) ;
#594 = DIRECTION ( 'NONE',  ( 0.000000000000000000, 0.000000000000000000, 1.000000000000000000 ) ) ;
#595 = ORIENTED_EDGE ( 'NONE', *, *, #3651, .F. ) ;
#596 = DIRECTION ( 'NONE',  ( 0.000000000000000000, 1.000000000000000000, 0.000000000000000000 ) ) ;
#597 = FACE_BOUND ( 'NONE', #1451, .T. ) ;
#598 = CARTESIAN_POINT ( 'NONE',  ( 14.99999999999986144, 4.000000000000000000, -60.00000000000000000 ) ) ;
#599 = AXIS2_PLACEMENT_3D ( 'NONE', #3446, #693, #4101 ) ;
#600 = CIRCLE ( 'NONE', #313, 1.500000000000001332 ) ;
#601 = CARTESIAN_POINT ( 'NONE',  ( 56.50000000000000000, 0.000000000000000000, -50.84314575050760254 ) ) ;
#602 = ORIENTED_EDGE ( 'NONE', *, *, #2398, .T. ) ;
#603 = ORIENTED_EDGE ( 'NONE', *, *, #2674, .T. ) ;
#604 = VECTOR ( 'NONE', #3332, 1000.000000000000000 ) ;
#605 = VECTOR ( 'NONE', #121, 1000.000000000000000 ) ;
#606 = DIRECTION ( 'NONE',  ( 0.000000000000000000, 0.000000000000000000, 1.000000000000000000 ) ) ;
#607 = ADVANCED_FACE ( 'NONE', ( #3804 ), #1531, .F. ) ;
#608 = CIRCLE ( 'NONE', #319, 1.500000000000000000 ) ;
#609 = FACE_OUTER_BOUND ( 'NONE', #1344, .T. ) ;
#610 = VECTOR ( 'NONE', #729, 1000.000000000000000 ) ;
#611 = FACE_OUTER_BOUND ( 'NONE', #3980, .T. ) ;
#612 = VECTOR ( 'NONE', #2472, 1000.000000000000000 ) ;
#613 = EDGE_CURVE ( 'NONE', #4335, #1973, #2533, .T. ) ;
#614 = EDGE_LOOP ( 'NONE', ( #1938, #1274, #2531, #1093 ) ) ;
#615 = DIRECTION ( 'NONE',  ( 0.000000000000000000, 1.000000000000000000, 0.000000000000000000 ) ) ;
#616 = CARTESIAN_POINT ( 'NONE',  ( 129.0000000000000000, 0.000000000000000000, -38.00000000000000000 ) ) ;
#617 = LOCAL_TIME ( 20, 33, 21.00000000000000000, #1848 ) ;
#618 = APPROVAL_PERSON_ORGANIZATION ( #541, #666, #1800 ) ;
#619 = FACE_OUTER_BOUND ( 'NONE', #3519, .T. ) ;
#620 = EDGE_CURVE ( 'NONE', #2902, #1157, #3637, .T. ) ;
#621 = FACE_BOUND ( 'NONE', #3860, .T. ) ;
#622 = CARTESIAN_POINT ( 'NONE',  ( 139.0000000000000000, 0.000000000000000000, -38.00000000000000000 ) ) ;
#623 = DIRECTION ( 'NONE',  ( 0.000000000000000000, 1.000000000000000000, 0.000000000000000000 ) ) ;
#624 = EDGE_LOOP ( 'NONE', ( #3126, #2236, #856, #3458 ) ) ;
#625 = ORIENTED_EDGE ( 'NONE', *, *, #2166, .F. ) ;
#626 = FACE_OUTER_BOUND ( 'NONE', #1991, .T. ) ;
#627 = CIRCLE ( 'NONE', #2537, 6.000000000000005329 ) ;
#628 = DIRECTION ( 'NONE',  ( 0.000000000000000000, 0.000000000000000000, 1.000000000000000000 ) ) ;
#629 = CIRCLE ( 'NONE', #3172, 1.500000000000001332 ) ;
#630 = CARTESIAN_POINT ( 'NONE',  ( 41.50000000000000000, 4.000000000000000000, 135.0000000000000000 ) ) ;
#631 = AXIS2_PLACEMENT_3D ( 'NONE', #3234, #227, #1570 ) ;
#632 = ORIENTED_EDGE ( 'NONE', *, *, #1814, .F. ) ;
#633 = CARTESIAN_POINT ( 'NONE',  ( 0.000000000000000000, 0.000000000000000000, 0.000000000000000000 ) ) ;
#634 = DIRECTION ( 'NONE',  ( 0.000000000000000000, 0.000000000000000000, -1.000000000000000000 ) ) ;
#635 = CARTESIAN_POINT ( 'NONE',  ( 134.0000000000000000, 0.000000000000000000, 52.00000000000000000 ) ) ;
#636 = FACE_BOUND ( 'NONE', #962, .T. ) ;
#637 = DIRECTION ( 'NONE',  ( 0.000000000000000000, 1.000000000000000000, 0.000000000000000000 ) ) ;
#638 = EDGE_LOOP ( 'NONE', ( #2438, #3376, #821, #2403 ) ) ;
#639 = DIRECTION ( 'NONE',  ( 0.000000000000000000, 1.000000000000000000, 0.000000000000000000 ) ) ;
#640 = EDGE_CURVE ( 'NONE', #1966, #3642, #4156, .T. ) ;
#641 = ORIENTED_EDGE ( 'NONE', *, *, #3231, .T. ) ;
#642 = EDGE_LOOP ( 'NONE', ( #1982, #4235 ) ) ;
#643 = CYLINDRICAL_SURFACE ( 'NONE', #1943, 1.499999999999982236 ) ;
#644 = EDGE_CURVE ( 'NONE', #3702, #3203, #1486, .T. ) ;
#645 = DIRECTION ( 'NONE',  ( 0.000000000000000000, 1.000000000000000000, 0.000000000000000000 ) ) ;
#646 = DIRECTION ( 'NONE',  ( 0.000000000000000000, 1.000000000000000000, 0.000000000000000000 ) ) ;
#647 = CARTESIAN_POINT ( 'NONE',  ( 24.50000000000000000, 0.000000000000000000, 129.0000000000000000 ) ) ;
#648 = ORIENTED_EDGE ( 'NONE', *, *, #565, .T. ) ;
#649 = DIRECTION ( 'NONE',  ( 0.000000000000000000, 1.000000000000000000, 0.000000000000000000 ) ) ;
#650 = DIRECTION ( 'NONE',  ( 0.000000000000000000, 1.000000000000000000, 0.000000000000000000 ) ) ;
#651 = VERTEX_POINT ( 'NONE', #1167 ) ;
#652 = VERTEX_POINT ( 'NONE', #2857 ) ;
#653 = LINE ( 'NONE', #1976, #760 ) ;
#654 = FACE_BOUND ( 'NONE', #2402, .T. ) ;
#655 = LINE ( 'NONE', #1679, #2432 ) ;
#656 = ORIENTED_EDGE ( 'NONE', *, *, #1184, .F. ) ;
#657 = CARTESIAN_POINT ( 'NONE',  ( 24.50000000000000000, 0.000000000000000000, 129.0000000000000000 ) ) ;
#658 = EDGE_LOOP ( 'NONE', ( #3104, #570, #3459, #1264 ) ) ;
#659 = VERTEX_POINT ( 'NONE', #2491 ) ;
#660 = CARTESIAN_POINT ( 'NONE',  ( 134.0000000000000000, 0.000000000000000000, -52.00000000000000000 ) ) ;
#661 = CIRCLE ( 'NONE', #1729, 1.500000000000001332 ) ;
#662 = AXIS2_PLACEMENT_3D ( 'NONE', #1177, #219, #154 ) ;
#663 = CARTESIAN_POINT ( 'NONE',  ( 45.00000000000000000, 4.000000000000000000, 45.00000000000000000 ) ) ;
#664 = EDGE_CURVE ( 'NONE', #2322, #2841, #355, .T. ) ;
#665 = AXIS2_PLACEMENT_3D ( 'NONE', #2899, #3874, #3947 ) ;
#666 = APPROVAL ( #1867, 'æœª' ) ;
#667 = DIRECTION ( 'NONE',  ( -1.000000000000000000, 0.000000000000000000, 0.000000000000000000 ) ) ;
#668 = EDGE_CURVE ( 'NONE', #1440, #1878, #3364, .T. ) ;
#669 = CARTESIAN_POINT ( 'NONE',  ( 45.00000000000000000, 0.000000000000000000, 45.00000000000000000 ) ) ;
#670 = AXIS2_PLACEMENT_3D ( 'NONE', #2499, #4165, #4145 ) ;
#671 = AXIS2_PLACEMENT_3D ( 'NONE', #2314, #1380, #2032 ) ;
#672 = EDGE_CURVE ( 'NONE', #65, #507, #3934, .T. ) ;
#673 = CARTESIAN_POINT ( 'NONE',  ( 110.0000000000000000, 4.000000000000000000, -46.50000000000000000 ) ) ;
#674 = CYLINDRICAL_SURFACE ( 'NONE', #1562, 4.999999999999997335 ) ;
#675 = EDGE_LOOP ( 'NONE', ( #1760, #3005, #326, #389 ) ) ;
#676 = AXIS2_PLACEMENT_3D ( 'NONE', #2543, #615, #267 ) ;
#677 = EDGE_CURVE ( 'NONE', #2436, #2101, #1511, .T. ) ;
#678 = CARTESIAN_POINT ( 'NONE',  ( 30.00000000000000000, 4.000000000000000000, -51.50000000000000000 ) ) ;
#679 = DIRECTION ( 'NONE',  ( 0.000000000000000000, 1.000000000000000000, 0.000000000000000000 ) ) ;
#680 = ORIENTED_EDGE ( 'NONE', *, *, #999, .T. ) ;
#681 = ORIENTED_EDGE ( 'NONE', *, *, #2184, .F. ) ;
#682 = VECTOR ( 'NONE', #4247, 1000.000000000000000 ) ;
#683 = VERTEX_POINT ( 'NONE', #1186 ) ;
#684 = PERSON_AND_ORGANIZATION ( #2943, #4258 ) ;
#685 = CARTESIAN_POINT ( 'NONE',  ( 80.00000000000000000, 0.000000000000000000, 46.50000000000000000 ) ) ;
#686 =( GEOMETRIC_REPRESENTATION_CONTEXT ( 3 ) GLOBAL_UNCERTAINTY_ASSIGNED_CONTEXT ( ( #3370 ) ) GLOBAL_UNIT_ASSIGNED_CONTEXT ( ( #51, #4065, #1368 ) ) REPRESENTATION_CONTEXT ( 'NONE', 'WORKASPACE' ) );
#687 = CARTESIAN_POINT ( 'NONE',  ( 0.000000000000000000, 0.000000000000000000, 0.000000000000000000 ) ) ;
#688 = LINE ( 'NONE', #257, #906 ) ;
#689 = ORIENTED_EDGE ( 'NONE', *, *, #3511, .F. ) ;
#690 = DIRECTION ( 'NONE',  ( 0.000000000000000000, 1.000000000000000000, 0.000000000000000000 ) ) ;
#691 = ORIENTED_EDGE ( 'NONE', *, *, #2905, .T. ) ;
#692 = ORIENTED_EDGE ( 'NONE', *, *, #4173, .F. ) ;
#693 = DIRECTION ( 'NONE',  ( 0.000000000000000000, 1.000000000000000000, 0.000000000000000000 ) ) ;
#694 = DIRECTION ( 'NONE',  ( -0.000000000000000000, 1.000000000000000000, 0.000000000000000000 ) ) ;
#695 = DIRECTION ( 'NONE',  ( 0.000000000000000000, 1.000000000000000000, 0.000000000000000000 ) ) ;
#696 = EDGE_CURVE ( 'NONE', #492, #106, #2392, .T. ) ;
#697 = AXIS2_PLACEMENT_3D ( 'NONE', #724, #2489, #1111 ) ;
#698 = CARTESIAN_POINT ( 'NONE',  ( 79.10999999999999943, 4.000000000000000000, 10.50000000000000000 ) ) ;
#699 = EDGE_CURVE ( 'NONE', #2602, #2218, #4200, .T. ) ;
#700 = FACE_OUTER_BOUND ( 'NONE', #1372, .T. ) ;
#701 = CIRCLE ( 'NONE', #576, 1.500000000000001332 ) ;
#702 = CARTESIAN_POINT ( 'NONE',  ( 80.00000000000000000, 0.000000000000000000, 73.50000000000000000 ) ) ;
#703 = CARTESIAN_POINT ( 'NONE',  ( 30.00000000000000000, 0.000000000000000000, 50.00000000000000000 ) ) ;
#704 = EDGE_LOOP ( 'NONE', ( #2946, #3858, #1491, #3989 ) ) ;
#705 = CIRCLE ( 'NONE', #3580, 1.500000000000001332 ) ;
#706 = EDGE_CURVE ( 'NONE', #3821, #2323, #1862, .T. ) ;
#707 = FACE_OUTER_BOUND ( 'NONE', #2549, .T. ) ;
#708 = ADVANCED_FACE ( 'NONE', ( #3545 ), #2791, .F. ) ;
#709 = CARTESIAN_POINT ( 'NONE',  ( 80.00000000000000000, 0.000000000000000000, -48.00000000000000000 ) ) ;
#710 = EDGE_LOOP ( 'NONE', ( #2776, #2761 ) ) ;
#711 = ORIENTED_EDGE ( 'NONE', *, *, #1634, .F. ) ;
#712 = VECTOR ( 'NONE', #2204, 1000.000000000000000 ) ;
#713 = ORIENTED_EDGE ( 'NONE', *, *, #3850, .T. ) ;
#714 = CARTESIAN_POINT ( 'NONE',  ( 120.1099999999999994, 0.000000000000000000, 11.50000000000000000 ) ) ;
#715 = ORIENTED_EDGE ( 'NONE', *, *, #3344, .T. ) ;
#716 = CARTESIAN_POINT ( 'NONE',  ( 30.00000000000000000, -6.000000000000000000, -60.00000000000000000 ) ) ;
#717 = CARTESIAN_POINT ( 'NONE',  ( 41.50000000000000000, 4.000000000000000000, -135.0000000000000000 ) ) ;
#718 = DIRECTION ( 'NONE',  ( 0.000000000000000000, 0.000000000000000000, 1.000000000000000000 ) ) ;
#719 = VERTEX_POINT ( 'NONE', #4219 ) ;
#720 = DIRECTION ( 'NONE',  ( 0.000000000000000000, 1.000000000000000000, 0.000000000000000000 ) ) ;
#721 = EDGE_LOOP ( 'NONE', ( #3575, #138, #2376, #2709 ) ) ;
#722 = ORIENTED_EDGE ( 'NONE', *, *, #3587, .F. ) ;
#723 = DIRECTION ( 'NONE',  ( 0.000000000000000000, 1.000000000000000000, 0.000000000000000000 ) ) ;
#724 = CARTESIAN_POINT ( 'NONE',  ( 37.50000000000000000, 4.000000000000000000, 127.0000000000000000 ) ) ;
#725 = DIRECTION ( 'NONE',  ( 0.000000000000000000, 1.000000000000000000, 0.000000000000000000 ) ) ;
#726 = DIRECTION ( 'NONE',  ( 0.000000000000000000, 1.000000000000000000, 0.000000000000000000 ) ) ;
#727 = DIRECTION ( 'NONE',  ( 0.000000000000000000, 0.000000000000000000, 1.000000000000000000 ) ) ;
#728 = EDGE_CURVE ( 'NONE', #2906, #2449, #1231, .T. ) ;
#729 = DIRECTION ( 'NONE',  ( -1.284980352575411713E-16, 0.000000000000000000, 1.000000000000000000 ) ) ;
#730 = CARTESIAN_POINT ( 'NONE',  ( 139.0000000000000000, 0.000000000000000000, 75.00000000000000000 ) ) ;
#731 = VERTEX_POINT ( 'NONE', #1789 ) ;
#732 = CYLINDRICAL_SURFACE ( 'NONE', #3218, 1.500000000000001332 ) ;
#733 = PLANE ( 'NONE',  #1323 ) ;
#734 = ORIENTED_EDGE ( 'NONE', *, *, #3260, .F. ) ;
#735 = EDGE_LOOP ( 'NONE', ( #3409, #2168, #691, #1400 ) ) ;
#736 = EDGE_LOOP ( 'NONE', ( #3772, #505 ) ) ;
#737 = EDGE_CURVE ( 'NONE', #3203, #1290, #1277, .T. ) ;
#738 = LINE ( 'NONE', #714, #1478 ) ;
#739 = EDGE_CURVE ( 'NONE', #2842, #1831, #2596, .T. ) ;
#740 = ORIENTED_EDGE ( 'NONE', *, *, #252, .T. ) ;
#741 = CYLINDRICAL_SURFACE ( 'NONE', #2443, 1.500000000000001332 ) ;
#742 = CARTESIAN_POINT ( 'NONE',  ( 129.0000000000000000, 0.000000000000000000, -52.00000000000000000 ) ) ;
#743 = DIRECTION ( 'NONE',  ( 0.000000000000000000, 0.000000000000000000, -1.000000000000000000 ) ) ;
#744 = ORIENTED_EDGE ( 'NONE', *, *, #3699, .F. ) ;
#745 = CARTESIAN_POINT ( 'NONE',  ( 124.8599999999999994, 4.000000000000000000, -6.500000000000000000 ) ) ;
#746 = ORIENTED_EDGE ( 'NONE', *, *, #3718, .T. ) ;
#747 = VERTEX_POINT ( 'NONE', #3560 ) ;
#748 = DIRECTION ( 'NONE',  ( 0.000000000000000000, 1.000000000000000000, 0.000000000000000000 ) ) ;
#749 = EDGE_CURVE ( 'NONE', #537, #2697, #3175, .T. ) ;
#750 = FACE_BOUND ( 'NONE', #422, .T. ) ;
#751 = CARTESIAN_POINT ( 'NONE',  ( 80.10999999999999943, 0.000000000000000000, -11.50000000000000000 ) ) ;
#752 = CIRCLE ( 'NONE', #2853, 1.500000000000001332 ) ;
#753 = AXIS2_PLACEMENT_3D ( 'NONE', #913, #572, #1580 ) ;
#754 = ADVANCED_FACE ( 'NONE', ( #3601 ), #1940, .F. ) ;
#755 = CARTESIAN_POINT ( 'NONE',  ( 139.0000000000000000, 0.000000000000000000, 81.00000000000000000 ) ) ;
#756 = VECTOR ( 'NONE', #748, 1000.000000000000000 ) ;
#757 = DIRECTION ( 'NONE',  ( 0.000000000000000000, 0.000000000000000000, 1.000000000000000000 ) ) ;
#758 = DIRECTION ( 'NONE',  ( 0.000000000000000000, 1.000000000000000000, 0.000000000000000000 ) ) ;
#759 = ORIENTED_EDGE ( 'NONE', *, *, #4248, .T. ) ;
#760 = VECTOR ( 'NONE', #4037, 1000.000000000000000 ) ;
#761 = AXIS2_PLACEMENT_3D ( 'NONE', #1115, #1187, #3851 ) ;
#762 = CARTESIAN_POINT ( 'NONE',  ( 36.00000000000000000, -6.000000000000000000, 79.00000000000000000 ) ) ;
#763 = VERTEX_POINT ( 'NONE', #586 ) ;
#764 = ORIENTED_EDGE ( 'NONE', *, *, #3820, .F. ) ;
#765 = ORIENTED_EDGE ( 'NONE', *, *, #1865, .F. ) ;
#766 = ADVANCED_FACE ( 'NONE', ( #3955 ), #2306, .F. ) ;
#767 = CIRCLE ( 'NONE', #1309, 1.500000000000001332 ) ;
#768 = APPROVAL_ROLE ( '' ) ;
#769 = VECTOR ( 'NONE', #4015, 1000.000000000000000 ) ;
#770 = ORIENTED_EDGE ( 'NONE', *, *, #3553, .T. ) ;
#771 = CARTESIAN_POINT ( 'NONE',  ( 134.0000000000000000, 0.000000000000000000, -38.00000000000000000 ) ) ;
#772 = CARTESIAN_POINT ( 'NONE',  ( 50.84314575050770202, 4.000000000000000000, -55.00000000000000000 ) ) ;
#773 = VECTOR ( 'NONE', #1241, 1000.000000000000000 ) ;
#774 = CARTESIAN_POINT ( 'NONE',  ( 0.000000000000000000, -6.000000000000000000, 135.0000000000000000 ) ) ;
#775 = ORIENTED_EDGE ( 'NONE', *, *, #1009, .F. ) ;
#776 = DIRECTION ( 'NONE',  ( 0.000000000000000000, 1.000000000000000000, 0.000000000000000000 ) ) ;
#777 = VECTOR ( 'NONE', #3442, 1000.000000000000000 ) ;
#778 = EDGE_CURVE ( 'NONE', #3379, #731, #4275, .T. ) ;
#779 = EDGE_LOOP ( 'NONE', ( #1855, #2026, #804, #1762 ) ) ;
#780 = ORIENTED_EDGE ( 'NONE', *, *, #3618, .T. ) ;
#781 = ORIENTED_EDGE ( 'NONE', *, *, #1438, .F. ) ;
#782 = CARTESIAN_POINT ( 'NONE',  ( 139.0000000000000000, 0.000000000000000000, -81.00000000000000000 ) ) ;
#783 = DIRECTION ( 'NONE',  ( 0.000000000000000000, 1.000000000000000000, 0.000000000000000000 ) ) ;
#784 = CARTESIAN_POINT ( 'NONE',  ( 0.000000000000000000, 0.000000000000000000, 54.00000000000000000 ) ) ;
#785 = PLANE ( 'NONE',  #3326 ) ;
#786 = CARTESIAN_POINT ( 'NONE',  ( 110.0000000000000000, 0.000000000000000000, -46.50000000000000000 ) ) ;
#787 = DIRECTION ( 'NONE',  ( 0.000000000000000000, 1.000000000000000000, 0.000000000000000000 ) ) ;
#788 = CIRCLE ( 'NONE', #2932, 0.9999999999999991118 ) ;
#789 = FACE_BOUND ( 'NONE', #3652, .T. ) ;
#790 = ORIENTED_EDGE ( 'NONE', *, *, #1826, .F. ) ;
#791 = ORIENTED_EDGE ( 'NONE', *, *, #323, .T. ) ;
#792 = EDGE_LOOP ( 'NONE', ( #3181, #680 ) ) ;
#793 = CARTESIAN_POINT ( 'NONE',  ( 134.0000000000000000, 0.000000000000000000, 57.00000000000000000 ) ) ;
#794 = VERTEX_POINT ( 'NONE', #978 ) ;
#795 = CARTESIAN_POINT ( 'NONE',  ( 0.000000000000000000, 0.000000000000000000, -73.50000000000000000 ) ) ;
#796 = CYLINDRICAL_SURFACE ( 'NONE', #878, 1.500000000000001332 ) ;
#797 = CIRCLE ( 'NONE', #1074, 1.500000000000001332 ) ;
#798 = DIRECTION ( 'NONE',  ( 1.000000000000000000, 0.000000000000000000, -0.000000000000000000 ) ) ;
#799 = AXIS2_PLACEMENT_3D ( 'NONE', #2949, #1970, #1259 ) ;
#800 = ORIENTED_EDGE ( 'NONE', *, *, #3179, .F. ) ;
#801 = CARTESIAN_POINT ( 'NONE',  ( 124.8599999999999994, -6.000000000000000000, 3.500000000000000000 ) ) ;
#802 = VECTOR ( 'NONE', #2779, 1000.000000000000000 ) ;
#803 = ORIENTED_EDGE ( 'NONE', *, *, #239, .F. ) ;
#804 = ORIENTED_EDGE ( 'NONE', *, *, #2393, .T. ) ;
#805 = CARTESIAN_POINT ( 'NONE',  ( 134.0000000000000000, 0.000000000000000000, -38.00000000000000000 ) ) ;
#806 = CARTESIAN_POINT ( 'NONE',  ( 110.0000000000000000, 0.000000000000000000, 49.50000000000000000 ) ) ;
#807 = EDGE_CURVE ( 'NONE', #1778, #4164, #2124, .T. ) ;
#808 = DIRECTION ( 'NONE',  ( 0.000000000000000000, 0.000000000000000000, -1.000000000000000000 ) ) ;
#809 = LINE ( 'NONE', #1487, #3415 ) ;
#810 = ADVANCED_FACE ( 'NONE', ( #636, #3975, #997, #1285, #1267, #4319, #306, #929, #256, #2597, #621, #3638, #3255, #3292, #1996, #2253, #1636, #3920, #597, #3274, #4280, #1325, #2287, #1597, #3940, #2923, #2941, #1653, #942, #2268, #273, #2325, #3621, #654, #3333, #293, #1978, #2955, #4296, #2652, #1678 ), #3002, .F. ) ;
#811 = CARTESIAN_POINT ( 'NONE',  ( 110.0000000000000000, 4.000000000000000000, 48.00000000000000000 ) ) ;
#812 = CARTESIAN_POINT ( 'NONE',  ( 14.99999999999986144, 4.000000000000000000, -130.0000000000000000 ) ) ;
#813 = ORIENTED_EDGE ( 'NONE', *, *, #706, .F. ) ;
#814 = VERTEX_POINT ( 'NONE', #717 ) ;
#815 = ORIENTED_EDGE ( 'NONE', *, *, #1712, .T. ) ;
#816 = VERTEX_POINT ( 'NONE', #2053 ) ;
#817 = DIRECTION ( 'NONE',  ( 0.000000000000000000, 0.000000000000000000, 1.000000000000000000 ) ) ;
#818 = DIRECTION ( 'NONE',  ( 0.000000000000000000, 0.000000000000000000, 1.000000000000000000 ) ) ;
#819 = CARTESIAN_POINT ( 'NONE',  ( 56.50000000000000000, 0.000000000000000000, -50.84314575050760254 ) ) ;
#820 = EDGE_CURVE ( 'NONE', #1694, #2710, #2546, .T. ) ;
#821 = ORIENTED_EDGE ( 'NONE', *, *, #2716, .T. ) ;
#822 = DIRECTION ( 'NONE',  ( 0.000000000000000000, 1.000000000000000000, 0.000000000000000000 ) ) ;
#823 = ORIENTED_EDGE ( 'NONE', *, *, #2884, .T. ) ;
#824 = ORIENTED_EDGE ( 'NONE', *, *, #63, .F. ) ;
#825 = DIRECTION ( 'NONE',  ( 0.000000000000000000, 1.000000000000000000, 0.000000000000000000 ) ) ;
#826 = DIRECTION ( 'NONE',  ( 1.000000000000000000, 0.000000000000000000, -0.000000000000000000 ) ) ;
#827 = EDGE_CURVE ( 'NONE', #460, #4285, #3452, .T. ) ;
#828 = EDGE_CURVE ( 'NONE', #2425, #1464, #3110, .T. ) ;
#829 = VERTEX_POINT ( 'NONE', #3359 ) ;
#830 = DIRECTION ( 'NONE',  ( 0.000000000000000000, 0.000000000000000000, -1.000000000000000000 ) ) ;
#831 = DIRECTION ( 'NONE',  ( 0.000000000000000000, 1.000000000000000000, 0.000000000000000000 ) ) ;
#832 = DIRECTION ( 'NONE',  ( 0.000000000000000000, -1.000000000000000000, 0.000000000000000000 ) ) ;
#833 = EDGE_CURVE ( 'NONE', #2844, #181, #4094, .T. ) ;
#834 = ORIENTED_EDGE ( 'NONE', *, *, #3724, .F. ) ;
#835 = CIRCLE ( 'NONE', #753, 0.9999999999999991118 ) ;
#836 = ORIENTED_EDGE ( 'NONE', *, *, #3315, .F. ) ;
#837 = ADVANCED_FACE ( 'NONE', ( #2103 ), #796, .F. ) ;
#838 = EDGE_LOOP ( 'NONE', ( #681, #3847, #410, #2951 ) ) ;
#839 = APPROVAL_DATE_TIME ( #4208, #666 ) ;
#840 = VECTOR ( 'NONE', #825, 1000.000000000000000 ) ;
#841 = ORIENTED_EDGE ( 'NONE', *, *, #131, .F. ) ;
#842 = AXIS2_PLACEMENT_3D ( 'NONE', #1257, #3927, #3214 ) ;
#843 = CARTESIAN_POINT ( 'NONE',  ( 110.0000000000000000, 0.000000000000000000, 73.50000000000000000 ) ) ;
#844 = DIRECTION ( 'NONE',  ( 1.000000000000000000, 0.000000000000000000, -9.570888143320319339E-17 ) ) ;
#845 = DIRECTION ( 'NONE',  ( 0.000000000000000000, 0.000000000000000000, 1.000000000000000000 ) ) ;
#846 = VECTOR ( 'NONE', #463, 1000.000000000000000 ) ;
#847 = CIRCLE ( 'NONE', #3266, 0.9999999999999991118 ) ;
#848 = EDGE_LOOP ( 'NONE', ( #2105, #2231 ) ) ;
#849 = VERTEX_POINT ( 'NONE', #415 ) ;
#850 = VERTEX_POINT ( 'NONE', #2460 ) ;
#851 = CARTESIAN_POINT ( 'NONE',  ( 120.1099999999999994, 0.000000000000000000, 11.50000000000000000 ) ) ;
#852 = CIRCLE ( 'NONE', #4196, 1.250000000000001110 ) ;
#853 = CARTESIAN_POINT ( 'NONE',  ( 41.50000000000000000, 0.000000000000000000, -135.0000000000000000 ) ) ;
#854 = AXIS2_PLACEMENT_3D ( 'NONE', #1914, #2142, #587 ) ;
#855 = VERTEX_POINT ( 'NONE', #742 ) ;
#856 = ORIENTED_EDGE ( 'NONE', *, *, #1923, .T. ) ;
#857 = DIRECTION ( 'NONE',  ( 0.000000000000000000, 1.000000000000000000, 0.000000000000000000 ) ) ;
#858 = VECTOR ( 'NONE', #4265, 1000.000000000000000 ) ;
#859 = ADVANCED_FACE ( 'NONE', ( #1758 ), #3055, .F. ) ;
#860 = DIRECTION ( 'NONE',  ( 0.000000000000000000, 1.000000000000000000, 0.000000000000000000 ) ) ;
#861 = ADVANCED_FACE ( 'NONE', ( #1398 ), #28, .F. ) ;
#862 = DIRECTION ( 'NONE',  ( 0.000000000000000000, 0.000000000000000000, 1.000000000000000000 ) ) ;
#863 = ADVANCED_FACE ( 'NONE', ( #2731 ), #4068, .F. ) ;
#864 = VERTEX_POINT ( 'NONE', #2757 ) ;
#865 = ORIENTED_EDGE ( 'NONE', *, *, #1468, .F. ) ;
#866 = PERSON_AND_ORGANIZATION_ROLE ( 'classification_officer' ) ;
#867 = ADVANCED_FACE ( 'NONE', ( #4120 ), #361, .F. ) ;
#868 = ORIENTED_EDGE ( 'NONE', *, *, #2393, .F. ) ;
#869 = LINE ( 'NONE', #3514, #3414 ) ;
#870 = DIRECTION ( 'NONE',  ( 0.000000000000000000, 1.000000000000000000, 0.000000000000000000 ) ) ;
#871 = CARTESIAN_POINT ( 'NONE',  ( 80.00000000000000000, 4.000000000000000000, -49.50000000000000000 ) ) ;
#872 = AXIS2_PLACEMENT_3D ( 'NONE', #703, #4027, #1041 ) ;
#873 = VERTEX_POINT ( 'NONE', #772 ) ;
#874 = CARTESIAN_POINT ( 'NONE',  ( 20.00000000000000000, 0.000000000000000000, 66.00000000000000000 ) ) ;
#875 = CIRCLE ( 'NONE', #2539, 1.500000000000001332 ) ;
#876 = FACE_OUTER_BOUND ( 'NONE', #4058, .T. ) ;
#877 = CIRCLE ( 'NONE', #2473, 1.500000000000001332 ) ;
#878 = AXIS2_PLACEMENT_3D ( 'NONE', #2407, #56, #1103 ) ;
#879 = ORIENTED_EDGE ( 'NONE', *, *, #4079, .F. ) ;
#880 = ORIENTED_EDGE ( 'NONE', *, *, #3159, .F. ) ;
#881 = DIRECTION ( 'NONE',  ( 0.000000000000000000, 1.000000000000000000, 0.000000000000000000 ) ) ;
#882 = VECTOR ( 'NONE', #3183, 1000.000000000000000 ) ;
#883 = PLANE ( 'NONE',  #1593 ) ;
#884 = EDGE_CURVE ( 'NONE', #4209, #4113, #3291, .T. ) ;
#885 = CYLINDRICAL_SURFACE ( 'NONE', #2191, 1.250000000000001110 ) ;
#886 = ORIENTED_EDGE ( 'NONE', *, *, #107, .F. ) ;
#887 = ORIENTED_EDGE ( 'NONE', *, *, #664, .T. ) ;
#888 = DIRECTION ( 'NONE',  ( 0.000000000000000000, 1.000000000000000000, 0.000000000000000000 ) ) ;
#889 = CARTESIAN_POINT ( 'NONE',  ( 110.0000000000000000, 0.000000000000000000, -72.00000000000000000 ) ) ;
#890 = DIRECTION ( 'NONE',  ( 0.000000000000000000, 0.000000000000000000, 1.000000000000000000 ) ) ;
#891 = EDGE_CURVE ( 'NONE', #2218, #2906, #1781, .T. ) ;
#892 = PRODUCT_DEFINITION ( 'æœ', '', #500, #3669 ) ;
#893 = ORIENTED_EDGE ( 'NONE', *, *, #38, .F. ) ;
#894 = LINE ( 'NONE', #2550, #840 ) ;
#895 = DIRECTION ( 'NONE',  ( -0.000000000000000000, -0.000000000000000000, -1.000000000000000000 ) ) ;
#896 = FACE_OUTER_BOUND ( 'NONE', #1137, .T. ) ;
#897 = ADVANCED_FACE ( 'NONE', ( #1446 ), #3789, .F. ) ;
#898 = ORIENTED_EDGE ( 'NONE', *, *, #3598, .F. ) ;
#899 = DIRECTION ( 'NONE',  ( 0.000000000000000000, 1.000000000000000000, 0.000000000000000000 ) ) ;
#900 = CARTESIAN_POINT ( 'NONE',  ( 30.00000000000000000, 4.000000000000000000, -48.50000000000000000 ) ) ;
#901 = FACE_OUTER_BOUND ( 'NONE', #1215, .T. ) ;
#902 = EDGE_CURVE ( 'NONE', #2840, #2697, #2349, .T. ) ;
#903 = CALENDAR_DATE ( 2026, 8, 5 ) ;
#904 = ORIENTED_EDGE ( 'NONE', *, *, #1903, .T. ) ;
#905 = CARTESIAN_POINT ( 'NONE',  ( 110.0000000000000000, 0.000000000000000000, -48.00000000000000000 ) ) ;
#906 = VECTOR ( 'NONE', #1599, 1000.000000000000000 ) ;
#907 = VECTOR ( 'NONE', #1630, 1000.000000000000000 ) ;
#908 = DIRECTION ( 'NONE',  ( 0.000000000000000000, 0.000000000000000000, 1.000000000000000000 ) ) ;
#909 = ADVANCED_FACE ( 'NONE', ( #1370 ), #2703, .F. ) ;
#910 = VECTOR ( 'NONE', #3520, 1000.000000000000000 ) ;
#911 = ORIENTED_EDGE ( 'NONE', *, *, #1872, .T. ) ;
#912 = DIRECTION ( 'NONE',  ( 0.000000000000000000, 0.000000000000000000, 1.000000000000000000 ) ) ;
#913 = CARTESIAN_POINT ( 'NONE',  ( 80.10999999999999943, 0.000000000000000000, 10.50000000000000000 ) ) ;
#914 = CIRCLE ( 'NONE', #1662, 0.9999999999999991118 ) ;
#915 = VECTOR ( 'NONE', #2662, 1000.000000000000000 ) ;
#916 = LINE ( 'NONE', #2552, #2176 ) ;
#917 = CIRCLE ( 'NONE', #3423, 1.500000000000000444 ) ;
#918 = ORIENTED_EDGE ( 'NONE', *, *, #739, .T. ) ;
#919 = EDGE_CURVE ( 'NONE', #1464, #1463, #1220, .T. ) ;
#920 = CARTESIAN_POINT ( 'NONE',  ( 0.000000000000000000, 0.000000000000000000, -45.00000000000000000 ) ) ;
#921 = AXIS2_PLACEMENT_3D ( 'NONE', #601, #309, #295 ) ;
#922 = DIRECTION ( 'NONE',  ( 0.000000000000000000, 0.000000000000000000, 1.000000000000000000 ) ) ;
#923 = CIRCLE ( 'NONE', #2099, 1.250000000000001110 ) ;
#924 = CARTESIAN_POINT ( 'NONE',  ( 15.00000000000000000, 4.000000000000000000, 116.5000000000000000 ) ) ;
#925 = CARTESIAN_POINT ( 'NONE',  ( 15.00000000000000000, 0.000000000000000000, -48.50000000000000000 ) ) ;
#926 = AXIS2_PLACEMENT_3D ( 'NONE', #3352, #2015, #407 ) ;
#927 = VERTEX_POINT ( 'NONE', #1497 ) ;
#928 = LINE ( 'NONE', #1956, #1195 ) ;
#929 = FACE_BOUND ( 'NONE', #241, .T. ) ;
#930 = VECTOR ( 'NONE', #2419, 1000.000000000000000 ) ;
#931 = LINE ( 'NONE', #786, #3070 ) ;
#932 = AXIS2_PLACEMENT_3D ( 'NONE', #4289, #1279, #2606 ) ;
#933 = ORIENTED_EDGE ( 'NONE', *, *, #1732, .T. ) ;
#934 = ORIENTED_EDGE ( 'NONE', *, *, #3553, .F. ) ;
#935 = CARTESIAN_POINT ( 'NONE',  ( 110.0000000000000000, 0.000000000000000000, -49.50000000000000000 ) ) ;
#936 = AXIS2_PLACEMENT_3D ( 'NONE', #3827, #3194, #3118 ) ;
#937 = FACE_OUTER_BOUND ( 'NONE', #308, .T. ) ;
#938 = DIRECTION ( 'NONE',  ( 0.000000000000000000, 1.000000000000000000, 0.000000000000000000 ) ) ;
#939 = DIRECTION ( 'NONE',  ( 0.000000000000000000, 1.000000000000000000, 0.000000000000000000 ) ) ;
#940 = ORIENTED_EDGE ( 'NONE', *, *, #388, .T. ) ;
#941 = CARTESIAN_POINT ( 'NONE',  ( 50.84314575050770202, 0.000000000000000000, 56.50000000000000000 ) ) ;
#942 = FACE_BOUND ( 'NONE', #3279, .T. ) ;
#943 = EDGE_CURVE ( 'NONE', #1719, #2045, #3535, .T. ) ;
#944 = CARTESIAN_POINT ( 'NONE',  ( 37.50000000000000000, 0.000000000000000000, 128.5000000000000000 ) ) ;
#945 = CYLINDRICAL_SURFACE ( 'NONE', #921, 1.500000000000001332 ) ;
#946 = ORIENTED_EDGE ( 'NONE', *, *, #2834, .F. ) ;
#947 = ORIENTED_EDGE ( 'NONE', *, *, #1315, .T. ) ;
#948 = CYLINDRICAL_SURFACE ( 'NONE', #842, 1.500000000000001332 ) ;
#949 = EDGE_CURVE ( 'NONE', #2045, #4016, #1471, .T. ) ;
#950 = EDGE_CURVE ( 'NONE', #3297, #4016, #2500, .T. ) ;
#951 = DIRECTION ( 'NONE',  ( 0.000000000000000000, 1.000000000000000000, 0.000000000000000000 ) ) ;
#952 = LINE ( 'NONE', #196, #3490 ) ;
#953 = EDGE_CURVE ( 'NONE', #2841, #2322, #4078, .T. ) ;
#954 = CARTESIAN_POINT ( 'NONE',  ( 24.50000000000000000, 4.000000000000000000, 71.00000000000000000 ) ) ;
#955 = DIRECTION ( 'NONE',  ( 0.000000000000000000, 0.000000000000000000, 1.000000000000000000 ) ) ;
#956 = DIRECTION ( 'NONE',  ( 0.000000000000000000, 1.000000000000000000, 0.000000000000000000 ) ) ;
#957 = CARTESIAN_POINT ( 'NONE',  ( 110.0000000000000000, 0.000000000000000000, -48.00000000000000000 ) ) ;
#958 = DIRECTION ( 'NONE',  ( 0.000000000000000000, 0.000000000000000000, 1.000000000000000000 ) ) ;
#959 = VECTOR ( 'NONE', #35, 1000.000000000000000 ) ;
#960 = AXIS2_PLACEMENT_3D ( 'NONE', #3282, #3202, #1889 ) ;
#961 = DIRECTION ( 'NONE',  ( 0.000000000000000000, 0.000000000000000000, -1.000000000000000000 ) ) ;
#962 = EDGE_LOOP ( 'NONE', ( #3416, #2518 ) ) ;
#963 = ORIENTED_EDGE ( 'NONE', *, *, #116, .F. ) ;
#964 = CIRCLE ( 'NONE', #50, 4.999999999999997335 ) ;
#965 = DIRECTION ( 'NONE',  ( 0.000000000000000000, 1.000000000000000000, 0.000000000000000000 ) ) ;
#966 = CIRCLE ( 'NONE', #1466, 1.500000000000001332 ) ;
#967 = AXIS2_PLACEMENT_3D ( 'NONE', #2360, #2618, #3039 ) ;
#968 = CARTESIAN_POINT ( 'NONE',  ( 124.8599999999999994, 0.000000000000000000, 5.000000000000000000 ) ) ;
#969 = ADVANCED_FACE ( 'NONE', ( #1520 ), #1152, .F. ) ;
#970 = CIRCLE ( 'NONE', #4133, 1.500000000000001332 ) ;
#971 = DIRECTION ( 'NONE',  ( 0.000000000000000000, 0.000000000000000000, 1.000000000000000000 ) ) ;
#972 = ORIENTED_EDGE ( 'NONE', *, *, #3537, .T. ) ;
#973 = DIRECTION ( 'NONE',  ( 0.000000000000000000, 1.000000000000000000, 0.000000000000000000 ) ) ;
#974 = DIRECTION ( 'NONE',  ( 0.000000000000000000, 0.000000000000000000, -1.000000000000000000 ) ) ;
#975 = EDGE_CURVE ( 'NONE', #2093, #3151, #363, .T. ) ;
#976 = LOCAL_TIME ( 20, 33, 21.00000000000000000, #2521 ) ;
#977 = CARTESIAN_POINT ( 'NONE',  ( 30.00000000000000000, 0.000000000000000000, -61.50000000000000000 ) ) ;
#978 = CARTESIAN_POINT ( 'NONE',  ( 80.00000000000000000, 4.000000000000000000, 49.50000000000000000 ) ) ;
#979 = CARTESIAN_POINT ( 'NONE',  ( -45.00000000000000000, 0.000000000000000000, -45.00000000000000000 ) ) ;
#980 = EDGE_CURVE ( 'NONE', #3642, #1966, #2254, .T. ) ;
#981 = VERTEX_POINT ( 'NONE', #3884 ) ;
#982 = PLANE ( 'NONE',  #213 ) ;
#983 = ORIENTED_EDGE ( 'NONE', *, *, #2279, .F. ) ;
#984 = VERTEX_POINT ( 'NONE', #2150 ) ;
#985 = FACE_OUTER_BOUND ( 'NONE', #2074, .T. ) ;
#986 = DIRECTION ( 'NONE',  ( 0.000000000000000000, 1.000000000000000000, 0.000000000000000000 ) ) ;
#987 = AXIS2_PLACEMENT_3D ( 'NONE', #341, #13, #2008 ) ;
#988 = CARTESIAN_POINT ( 'NONE',  ( 110.0000000000000000, 4.000000000000000000, -70.50000000000000000 ) ) ;
#989 = AXIS2_PLACEMENT_3D ( 'NONE', #4175, #3849, #2139 ) ;
#990 = DIRECTION ( 'NONE',  ( 0.000000000000000000, 1.000000000000000000, 0.000000000000000000 ) ) ;
#991 = EDGE_LOOP ( 'NONE', ( #2424, #3655, #2726, #713 ) ) ;
#992 = DIRECTION ( 'NONE',  ( 0.000000000000000000, 0.000000000000000000, -1.000000000000000000 ) ) ;
#993 = LINE ( 'NONE', #3597, #1909 ) ;
#994 = ORIENTED_EDGE ( 'NONE', *, *, #1084, .T. ) ;
#995 = ORIENTED_EDGE ( 'NONE', *, *, #640, .T. ) ;
#996 = DIRECTION ( 'NONE',  ( 0.000000000000000000, 0.000000000000000000, 1.000000000000000000 ) ) ;
#997 = FACE_BOUND ( 'NONE', #2706, .T. ) ;
#998 = DIRECTION ( 'NONE',  ( 0.000000000000000000, 1.000000000000000000, 0.000000000000000000 ) ) ;
#999 = EDGE_CURVE ( 'NONE', #3102, #3080, #2316, .T. ) ;
#1000 = EDGE_LOOP ( 'NONE', ( #3842, #3713 ) ) ;
#1001 = EDGE_CURVE ( 'NONE', #2024, #849, #2665, .T. ) ;
#1002 = CARTESIAN_POINT ( 'NONE',  ( 129.0000000000000000, 0.000000000000000000, 38.00000000000000000 ) ) ;
#1003 = ADVANCED_FACE ( 'NONE', ( #3837 ), #2846, .F. ) ;
#1004 = VERTEX_POINT ( 'NONE', #486 ) ;
#1005 = ORIENTED_EDGE ( 'NONE', *, *, #2940, .T. ) ;
#1006 = CARTESIAN_POINT ( 'NONE',  ( 124.8599999999999994, -6.000000000000000000, -6.500000000000000000 ) ) ;
#1007 = LINE ( 'NONE', #1308, #1462 ) ;
#1008 = EDGE_CURVE ( 'NONE', #2476, #984, #1828, .T. ) ;
#1009 = EDGE_CURVE ( 'NONE', #849, #794, #153, .T. ) ;
#1010 = CARTESIAN_POINT ( 'NONE',  ( 29.00000000000000000, 4.000000000000000000, -70.50000000000000000 ) ) ;
#1011 = DIRECTION ( 'NONE',  ( 0.000000000000000000, 1.000000000000000000, 0.000000000000000000 ) ) ;
#1012 = DIRECTION ( 'NONE',  ( 0.000000000000000000, 1.000000000000000000, 0.000000000000000000 ) ) ;
#1013 = CARTESIAN_POINT ( 'NONE',  ( 36.00000000000000000, 0.000000000000000000, 80.50000000000000000 ) ) ;
#1014 = VERTEX_POINT ( 'NONE', #4166 ) ;
#1015 = DIRECTION ( 'NONE',  ( 0.000000000000000000, 0.000000000000000000, 1.000000000000000000 ) ) ;
#1016 = FACE_BOUND ( 'NONE', #2003, .T. ) ;
#1017 = ORIENTED_EDGE ( 'NONE', *, *, #2126, .T. ) ;
#1018 = ORIENTED_EDGE ( 'NONE', *, *, #107, .T. ) ;
#1019 = ORIENTED_EDGE ( 'NONE', *, *, #2963, .T. ) ;
#1020 = DIRECTION ( 'NONE',  ( 1.000000000000000000, 0.000000000000000000, 0.000000000000000000 ) ) ;
#1021 = DIRECTION ( 'NONE',  ( 0.000000000000000000, 1.000000000000000000, 0.000000000000000000 ) ) ;
#1022 = EDGE_CURVE ( 'NONE', #4278, #1908, #2175, .T. ) ;
#1023 = DIRECTION ( 'NONE',  ( 0.000000000000000000, 1.000000000000000000, 0.000000000000000000 ) ) ;
#1024 = CARTESIAN_POINT ( 'NONE',  ( 110.0000000000000000, 0.000000000000000000, 72.00000000000000000 ) ) ;
#1025 = ORIENTED_EDGE ( 'NONE', *, *, #1501, .F. ) ;
#1026 = FACE_OUTER_BOUND ( 'NONE', #450, .T. ) ;
#1027 = EDGE_CURVE ( 'NONE', #2693, #1390, #2391, .T. ) ;
#1028 = EDGE_LOOP ( 'NONE', ( #2671, #522 ) ) ;
#1029 = ORIENTED_EDGE ( 'NONE', *, *, #1722, .T. ) ;
#1030 = CARTESIAN_POINT ( 'NONE',  ( 29.00000000000000000, 0.000000000000000000, -70.50000000000000000 ) ) ;
#1031 = AXIS2_PLACEMENT_3D ( 'NONE', #3158, #1199, #1561 ) ;
#1032 = CARTESIAN_POINT ( 'NONE',  ( 75.35999999999999943, 0.000000000000000000, -5.000000000000000000 ) ) ;
#1033 = EDGE_CURVE ( 'NONE', #1148, #4284, #1498, .T. ) ;
#1034 = VECTOR ( 'NONE', #518, 1000.000000000000000 ) ;
#1035 = EDGE_CURVE ( 'NONE', #1290, #1230, #1968, .T. ) ;
#1036 = VECTOR ( 'NONE', #3562, 1000.000000000000000 ) ;
#1037 = CARTESIAN_POINT ( 'NONE',  ( 79.10999999999999943, 4.000000000000000000, -10.50000000000000000 ) ) ;
#1038 = DIRECTION ( 'NONE',  ( 0.000000000000000000, 0.000000000000000000, -1.000000000000000000 ) ) ;
#1039 = VECTOR ( 'NONE', #4119, 1000.000000000000000 ) ;
#1040 = CARTESIAN_POINT ( 'NONE',  ( 15.00000000000000000, 0.000000000000000000, 115.0000000000000000 ) ) ;
#1041 = DIRECTION ( 'NONE',  ( 0.000000000000000000, 0.000000000000000000, 1.000000000000000000 ) ) ;
#1042 = ORIENTED_EDGE ( 'NONE', *, *, #3295, .T. ) ;
#1043 = DIRECTION ( 'NONE',  ( 0.000000000000000000, 0.000000000000000000, 1.000000000000000000 ) ) ;
#1044 = FACE_OUTER_BOUND ( 'NONE', #1866, .T. ) ;
#1045 = ORIENTED_EDGE ( 'NONE', *, *, #2274, .F. ) ;
#1046 = ORIENTED_EDGE ( 'NONE', *, *, #1394, .T. ) ;
#1047 = VERTEX_POINT ( 'NONE', #3224 ) ;
#1048 = CARTESIAN_POINT ( 'NONE',  ( 15.00000000000000000, 0.000000000000000000, -51.50000000000000000 ) ) ;
#1049 = DIRECTION ( 'NONE',  ( 0.000000000000000000, 0.000000000000000000, 1.000000000000000000 ) ) ;
#1050 = VECTOR ( 'NONE', #3407, 1000.000000000000000 ) ;
#1051 = DIRECTION ( 'NONE',  ( 0.000000000000000000, 1.000000000000000000, 0.000000000000000000 ) ) ;
#1052 = DIRECTION ( 'NONE',  ( 0.000000000000000000, 1.000000000000000000, 0.000000000000000000 ) ) ;
#1053 = ORIENTED_EDGE ( 'NONE', *, *, #1035, .F. ) ;
#1054 = DIRECTION ( 'NONE',  ( 0.000000000000000000, 1.000000000000000000, 0.000000000000000000 ) ) ;
#1055 = ORIENTED_EDGE ( 'NONE', *, *, #2166, .T. ) ;
#1056 = EDGE_LOOP ( 'NONE', ( #4089, #2453, #1429, #1716 ) ) ;
#1057 = FACE_OUTER_BOUND ( 'NONE', #2155, .T. ) ;
#1058 = FACE_BOUND ( 'NONE', #413, .T. ) ;
#1059 = EDGE_CURVE ( 'NONE', #2331, #2659, #218, .T. ) ;
#1060 = CARTESIAN_POINT ( 'NONE',  ( 14.99999999999986144, 4.000000000000000000, -128.5000000000000000 ) ) ;
#1061 = DIRECTION ( 'NONE',  ( 0.000000000000000000, 1.000000000000000000, 0.000000000000000000 ) ) ;
#1062 = CARTESIAN_POINT ( 'NONE',  ( 15.00000000000000000, 4.000000000000000000, 100.0000000000000000 ) ) ;
#1063 = AXIS2_PLACEMENT_3D ( 'NONE', #2066, #17, #3728 ) ;
#1064 = ADVANCED_FACE ( 'NONE', ( #4239 ), #2265, .F. ) ;
#1065 = EDGE_CURVE ( 'NONE', #816, #4098, #993, .T. ) ;
#1066 = APPROVAL ( #2426, 'æœª' ) ;
#1067 = CARTESIAN_POINT ( 'NONE',  ( 30.00000000000000000, 0.000000000000000000, 86.50000000000000000 ) ) ;
#1068 = LINE ( 'NONE', #3701, #2246 ) ;
#1069 = ORIENTED_EDGE ( 'NONE', *, *, #3450, .F. ) ;
#1070 = CIRCLE ( 'NONE', #2886, 6.000000000000005329 ) ;
#1071 = DIRECTION ( 'NONE',  ( 0.000000000000000000, 0.000000000000000000, 1.000000000000000000 ) ) ;
#1072 = DIRECTION ( 'NONE',  ( 0.000000000000000000, 1.000000000000000000, 0.000000000000000000 ) ) ;
#1073 = EDGE_LOOP ( 'NONE', ( #2180, #136, #2411, #2097 ) ) ;
#1074 = AXIS2_PLACEMENT_3D ( 'NONE', #2576, #290, #594 ) ;
#1075 = VERTEX_POINT ( 'NONE', #2321 ) ;
#1076 = ORIENTED_EDGE ( 'NONE', *, *, #2567, .T. ) ;
#1077 = ORIENTED_EDGE ( 'NONE', *, *, #3799, .F. ) ;
#1078 = CYLINDRICAL_SURFACE ( 'NONE', #405, 1.500000000000001332 ) ;
#1079 = CARTESIAN_POINT ( 'NONE',  ( 79.10999999999999943, -6.000000000000000000, 11.50000000000000000 ) ) ;
#1080 = FACE_OUTER_BOUND ( 'NONE', #3814, .T. ) ;
#1081 = VERTEX_POINT ( 'NONE', #1247 ) ;
#1082 = CYLINDRICAL_SURFACE ( 'NONE', #1136, 1.500000000000001332 ) ;
#1083 = ORIENTED_EDGE ( 'NONE', *, *, #55, .T. ) ;
#1084 = EDGE_CURVE ( 'NONE', #1798, #683, #797, .T. ) ;
#1085 = ORIENTED_EDGE ( 'NONE', *, *, #3919, .T. ) ;
#1086 = DIRECTION ( 'NONE',  ( 0.000000000000000000, 0.000000000000000000, 1.000000000000000000 ) ) ;
#1087 = FACE_BOUND ( 'NONE', #2343, .T. ) ;
#1088 = CARTESIAN_POINT ( 'NONE',  ( 124.8599999999999994, 0.000000000000000000, -5.000000000000000000 ) ) ;
#1089 = ADVANCED_FACE ( 'NONE', ( #3654 ), #3305, .F. ) ;
#1090 = DIRECTION ( 'NONE',  ( 0.000000000000000000, 1.000000000000000000, 0.000000000000000000 ) ) ;
#1091 = CYLINDRICAL_SURFACE ( 'NONE', #2094, 1.500000000000001332 ) ;
#1092 = DIRECTION ( 'NONE',  ( 0.000000000000000000, -1.000000000000000000, 0.000000000000000000 ) ) ;
#1093 = ORIENTED_EDGE ( 'NONE', *, *, #3592, .F. ) ;
#1094 = DIRECTION ( 'NONE',  ( 0.000000000000000000, 0.000000000000000000, 1.000000000000000000 ) ) ;
#1095 = DIRECTION ( 'NONE',  ( 0.000000000000000000, 1.000000000000000000, 0.000000000000000000 ) ) ;
#1096 = ORIENTED_EDGE ( 'NONE', *, *, #240, .F. ) ;
#1097 = ORIENTED_EDGE ( 'NONE', *, *, #2274, .T. ) ;
#1098 = EDGE_CURVE ( 'NONE', #2697, #537, #2815, .T. ) ;
#1099 = EDGE_LOOP ( 'NONE', ( #124, #641, #2727, #879 ) ) ;
#1100 = PERSON_AND_ORGANIZATION ( #2943, #4258 ) ;
#1101 = ORIENTED_EDGE ( 'NONE', *, *, #2826, .T. ) ;
#1102 = FACE_OUTER_BOUND ( 'NONE', #2044, .T. ) ;
#1103 = DIRECTION ( 'NONE',  ( 0.000000000000000000, 0.000000000000000000, 1.000000000000000000 ) ) ;
#1104 = DIRECTION ( 'NONE',  ( 0.000000000000000000, 0.000000000000000000, 1.000000000000000000 ) ) ;
#1105 = ORIENTED_EDGE ( 'NONE', *, *, #2708, .F. ) ;
#1106 = CARTESIAN_POINT ( 'NONE',  ( 50.84314575050770202, 0.000000000000000000, -55.00000000000000000 ) ) ;
#1107 = EDGE_LOOP ( 'NONE', ( #1947, #3020 ) ) ;
#1108 = VERTEX_POINT ( 'NONE', #3243 ) ;
#1109 = ORIENTED_EDGE ( 'NONE', *, *, #2295, .T. ) ;
#1110 = LINE ( 'NONE', #1006, #1737 ) ;
#1111 = DIRECTION ( 'NONE',  ( 0.000000000000000000, 0.000000000000000000, -1.000000000000000000 ) ) ;
#1112 = DIRECTION ( 'NONE',  ( 0.000000000000000000, 0.000000000000000000, 1.000000000000000000 ) ) ;
#1113 = CIRCLE ( 'NONE', #2570, 23.49999999999999289 ) ;
#1114 = VECTOR ( 'NONE', #398, 1000.000000000000000 ) ;
#1115 = CARTESIAN_POINT ( 'NONE',  ( 29.00000000000000000, 0.000000000000000000, -72.00000000000000000 ) ) ;
#1116 = CIRCLE ( 'NONE', #2512, 1.500000000000001332 ) ;
#1117 = LINE ( 'NONE', #2235, #3504 ) ;
#1118 = DIRECTION ( 'NONE',  ( 0.000000000000000000, 1.000000000000000000, 0.000000000000000000 ) ) ;
#1119 = ORIENTED_EDGE ( 'NONE', *, *, #3726, .F. ) ;
#1120 = AXIS2_PLACEMENT_3D ( 'NONE', #2075, #414, #996 ) ;
#1121 = VECTOR ( 'NONE', #1407, 1000.000000000000000 ) ;
#1122 = FACE_OUTER_BOUND ( 'NONE', #3498, .T. ) ;
#1123 = ORIENTED_EDGE ( 'NONE', *, *, #677, .T. ) ;
#1124 = EDGE_LOOP ( 'NONE', ( #834, #744 ) ) ;
#1125 = ORIENTED_EDGE ( 'NONE', *, *, #4292, .T. ) ;
#1126 = CIRCLE ( 'NONE', #3269, 1.500000000000001332 ) ;
#1127 = PERSON_AND_ORGANIZATION ( #2943, #4258 ) ;
#1128 = ORIENTED_EDGE ( 'NONE', *, *, #3726, .T. ) ;
#1129 = CARTESIAN_POINT ( 'NONE',  ( -45.00000000000000000, 0.000000000000000000, 45.00000000000000000 ) ) ;
#1130 = DIRECTION ( 'NONE',  ( 0.000000000000000000, 1.000000000000000000, 0.000000000000000000 ) ) ;
#1131 = VECTOR ( 'NONE', #1963, 1000.000000000000000 ) ;
#1132 = CARTESIAN_POINT ( 'NONE',  ( 110.0000000000000000, 0.000000000000000000, 48.00000000000000000 ) ) ;
#1133 = ADVANCED_FACE ( 'NONE', ( #4277 ), #3971, .F. ) ;
#1134 = VERTEX_POINT ( 'NONE', #1611 ) ;
#1135 = CARTESIAN_POINT ( 'NONE',  ( 124.8599999999999994, 0.000000000000000000, -5.000000000000000000 ) ) ;
#1136 = AXIS2_PLACEMENT_3D ( 'NONE', #3389, #776, #3742 ) ;
#1137 = EDGE_LOOP ( 'NONE', ( #893, #3434, #2929, #2866 ) ) ;
#1138 = ORIENTED_EDGE ( 'NONE', *, *, #235, .T. ) ;
#1139 = DIRECTION ( 'NONE',  ( 0.000000000000000000, 0.000000000000000000, 1.000000000000000000 ) ) ;
#1140 = EDGE_CURVE ( 'NONE', #4128, #1492, #3933, .T. ) ;
#1141 = CARTESIAN_POINT ( 'NONE',  ( 134.0000000000000000, 0.000000000000000000, -33.00000000000000000 ) ) ;
#1142 = DIRECTION ( 'NONE',  ( 0.000000000000000000, -1.000000000000000000, 0.000000000000000000 ) ) ;
#1143 = DIRECTION ( 'NONE',  ( 0.000000000000000000, 1.000000000000000000, 0.000000000000000000 ) ) ;
#1144 = CARTESIAN_POINT ( 'NONE',  ( 0.000000000000000000, 4.000000000000000000, -81.00000000000000000 ) ) ;
#1145 = DIRECTION ( 'NONE',  ( 0.000000000000000000, 0.000000000000000000, 1.000000000000000000 ) ) ;
#1146 = CIRCLE ( 'NONE', #3578, 1.499999999999982236 ) ;
#1147 = ORIENTED_EDGE ( 'NONE', *, *, #1642, .F. ) ;
#1148 = VERTEX_POINT ( 'NONE', #925 ) ;
#1149 = ORIENTED_EDGE ( 'NONE', *, *, #14, .T. ) ;
#1150 = ORIENTED_EDGE ( 'NONE', *, *, #3921, .T. ) ;
#1151 = DIRECTION ( 'NONE',  ( 0.000000000000000000, 0.000000000000000000, 1.000000000000000000 ) ) ;
#1152 = CYLINDRICAL_SURFACE ( 'NONE', #4224, 1.500000000000001332 ) ;
#1153 = VECTOR ( 'NONE', #1648, 1000.000000000000000 ) ;
#1154 = DIRECTION ( 'NONE',  ( 0.000000000000000000, 1.000000000000000000, 0.000000000000000000 ) ) ;
#1155 = AXIS2_PLACEMENT_3D ( 'NONE', #1768, #1666, #499 ) ;
#1156 = EDGE_CURVE ( 'NONE', #4249, #3310, #877, .T. ) ;
#1157 = VERTEX_POINT ( 'NONE', #2609 ) ;
#1158 = CARTESIAN_POINT ( 'NONE',  ( 75.35999999999999943, 4.000000000000000000, -6.500000000000000000 ) ) ;
#1159 = AXIS2_PLACEMENT_3D ( 'NONE', #4038, #1051, #4146 ) ;
#1160 = ORIENTED_EDGE ( 'NONE', *, *, #1188, .F. ) ;
#1161 = ORIENTED_EDGE ( 'NONE', *, *, #827, .F. ) ;
#1162 = DIRECTION ( 'NONE',  ( 0.000000000000000000, 0.000000000000000000, 1.000000000000000000 ) ) ;
#1163 = FACE_BOUND ( 'NONE', #1124, .T. ) ;
#1164 = ADVANCED_FACE ( 'NONE', ( #4314 ), #2248, .T. ) ;
#1165 = EDGE_CURVE ( 'NONE', #4206, #873, #3876, .T. ) ;
#1166 = ORIENTED_EDGE ( 'NONE', *, *, #2604, .F. ) ;
#1167 = CARTESIAN_POINT ( 'NONE',  ( 20.00000000000000000, 4.000000000000000000, 66.00000000000000000 ) ) ;
#1168 = ADVANCED_FACE ( 'NONE', ( #2283 ), #3936, .F. ) ;
#1169 = FACE_OUTER_BOUND ( 'NONE', #3871, .T. ) ;
#1170 = DIRECTION ( 'NONE',  ( 0.000000000000000000, 0.000000000000000000, -1.000000000000000000 ) ) ;
#1171 = ORIENTED_EDGE ( 'NONE', *, *, #3724, .T. ) ;
#1172 = ORIENTED_EDGE ( 'NONE', *, *, #3300, .T. ) ;
#1173 = EDGE_LOOP ( 'NONE', ( #1193, #1149, #1929, #3664 ) ) ;
#1174 = ORIENTED_EDGE ( 'NONE', *, *, #4287, .F. ) ;
#1175 = CARTESIAN_POINT ( 'NONE',  ( 129.0000000000000000, 4.000000000000000000, -38.00000000000000000 ) ) ;
#1176 = CARTESIAN_POINT ( 'NONE',  ( -1.292069899348242063E-14, 0.000000000000000000, -135.0000000000000000 ) ) ;
#1177 = CARTESIAN_POINT ( 'NONE',  ( 0.000000000000000000, 0.000000000000000000, -97.00000000000000000 ) ) ;
#1178 = ORIENTED_EDGE ( 'NONE', *, *, #2837, .F. ) ;
#1179 = EDGE_CURVE ( 'NONE', #94, #3203, #3616, .T. ) ;
#1180 = ORIENTED_EDGE ( 'NONE', *, *, #3750, .F. ) ;
#1181 = EDGE_LOOP ( 'NONE', ( #4162, #1426 ) ) ;
#1182 = CARTESIAN_POINT ( 'NONE',  ( 50.84314575050770202, 0.000000000000000000, -55.00000000000000000 ) ) ;
#1183 = PLANE ( 'NONE',  #1935 ) ;
#1184 = EDGE_CURVE ( 'NONE', #1403, #3177, #3801, .T. ) ;
#1185 = ORIENTED_EDGE ( 'NONE', *, *, #668, .F. ) ;
#1186 = CARTESIAN_POINT ( 'NONE',  ( 30.00000000000000000, 4.000000000000000000, 86.50000000000000000 ) ) ;
#1187 = DIRECTION ( 'NONE',  ( 0.000000000000000000, 1.000000000000000000, 0.000000000000000000 ) ) ;
#1188 = EDGE_CURVE ( 'NONE', #4062, #719, #1975, .T. ) ;
#1189 = AXIS2_PLACEMENT_3D ( 'NONE', #111, #1371, #1104 ) ;
#1190 = CARTESIAN_POINT ( 'NONE',  ( 14.99999999999986144, 0.000000000000000000, -60.00000000000000000 ) ) ;
#1191 = ORIENTED_EDGE ( 'NONE', *, *, #3855, .T. ) ;
#1192 = VECTOR ( 'NONE', #1011, 1000.000000000000000 ) ;
#1193 = ORIENTED_EDGE ( 'NONE', *, *, #3542, .F. ) ;
#1194 = ORIENTED_EDGE ( 'NONE', *, *, #2502, .T. ) ;
#1195 = VECTOR ( 'NONE', #1595, 1000.000000000000000 ) ;
#1196 = VERTEX_POINT ( 'NONE', #1317 ) ;
#1197 = DIRECTION ( 'NONE',  ( 0.000000000000000000, 0.000000000000000000, 1.000000000000000000 ) ) ;
#1198 = CARTESIAN_POINT ( 'NONE',  ( 134.0000000000000000, 4.000000000000000000, -38.00000000000000000 ) ) ;
#1199 = DIRECTION ( 'NONE',  ( 0.000000000000000000, 1.000000000000000000, 0.000000000000000000 ) ) ;
#1200 = VECTOR ( 'NONE', #4227, 1000.000000000000000 ) ;
#1201 = AXIS2_PLACEMENT_3D ( 'NONE', #1243, #4251, #606 ) ;
#1202 = ORIENTED_EDGE ( 'NONE', *, *, #2682, .F. ) ;
#1203 = CARTESIAN_POINT ( 'NONE',  ( 110.0000000000000000, 4.000000000000000000, -48.00000000000000000 ) ) ;
#1204 = CARTESIAN_POINT ( 'NONE',  ( 30.00000000000000000, -6.000000000000000000, 115.0000000000000000 ) ) ;
#1205 = VECTOR ( 'NONE', #1254, 1000.000000000000000 ) ;
#1206 = ORIENTED_EDGE ( 'NONE', *, *, #2365, .T. ) ;
#1207 = ORIENTED_EDGE ( 'NONE', *, *, #1853, .F. ) ;
#1208 = LINE ( 'NONE', #1454, #4153 ) ;
#1209 = VECTOR ( 'NONE', #90, 1000.000000000000000 ) ;
#1210 = CARTESIAN_POINT ( 'NONE',  ( 80.00000000000000000, 4.000000000000000000, -73.50000000000000000 ) ) ;
#1211 = CARTESIAN_POINT ( 'NONE',  ( 129.0000000000000000, 0.000000000000000000, -38.00000000000000000 ) ) ;
#1212 = ADVANCED_FACE ( 'NONE', ( #1590 ), #2628, .F. ) ;
#1213 = ADVANCED_FACE ( 'NONE', ( #3704 ), #1364, .F. ) ;
#1214 = ADVANCED_FACE ( 'NONE', ( #1122 ), #3046, .F. ) ;
#1215 = EDGE_LOOP ( 'NONE', ( #2696, #2437, #813, #1523 ) ) ;
#1216 = PERSON_AND_ORGANIZATION ( #2943, #4258 ) ;
#1218 = ORIENTED_EDGE ( 'NONE', *, *, #2263, .T. ) ;
#1217 = VECTOR ( 'NONE', #3541, 1000.000000000000000 ) ;
#1219 = CARTESIAN_POINT ( 'NONE',  ( 15.00000000000000000, 4.000000000000000000, 50.00000000000000000 ) ) ;
#1220 = LINE ( 'NONE', #1176, #3013 ) ;
#1221 = DIRECTION ( 'NONE',  ( 0.000000000000000000, 0.000000000000000000, 1.000000000000000000 ) ) ;
#1222 = AXIS2_PLACEMENT_3D ( 'NONE', #402, #1746, #1412 ) ;
#1223 = EDGE_CURVE ( 'NONE', #1331, #3690, #2993, .T. ) ;
#1224 = EDGE_LOOP ( 'NONE', ( #364, #2723, #933, #102 ) ) ;
#1225 = DIRECTION ( 'NONE',  ( 0.000000000000000000, 1.000000000000000000, 0.000000000000000000 ) ) ;
#1226 = AXIS2_PLACEMENT_3D ( 'NONE', #3040, #39, #3394 ) ;
#1227 = DIRECTION ( 'NONE',  ( 0.000000000000000000, 1.000000000000000000, 0.000000000000000000 ) ) ;
#1228 = EDGE_CURVE ( 'NONE', #1390, #2693, #3714, .T. ) ;
#1229 = DIRECTION ( 'NONE',  ( 0.000000000000000000, 0.000000000000000000, -1.000000000000000000 ) ) ;
#1230 = VERTEX_POINT ( 'NONE', #4030 ) ;
#1231 = LINE ( 'NONE', #3892, #1691 ) ;
#1232 = DIRECTION ( 'NONE',  ( 0.000000000000000000, 1.000000000000000000, 0.000000000000000000 ) ) ;
#1233 = CYLINDRICAL_SURFACE ( 'NONE', #2386, 1.500000000000001332 ) ;
#1234 = EDGE_CURVE ( 'NONE', #4285, #460, #2605, .T. ) ;
#1235 = ORIENTED_EDGE ( 'NONE', *, *, #1507, .T. ) ;
#1236 = CARTESIAN_POINT ( 'NONE',  ( 24.50000000000000000, 0.000000000000000000, 72.25000000000000000 ) ) ;
#1237 = DIRECTION ( 'NONE',  ( 0.000000000000000000, 0.000000000000000000, 1.000000000000000000 ) ) ;
#1238 = ORIENTED_EDGE ( 'NONE', *, *, #1527, .T. ) ;
#1239 = DIRECTION ( 'NONE',  ( 0.000000000000000000, 0.000000000000000000, 1.000000000000000000 ) ) ;
#1240 = FACE_OUTER_BOUND ( 'NONE', #3278, .T. ) ;
#1241 = DIRECTION ( 'NONE',  ( 0.000000000000000000, 1.000000000000000000, 0.000000000000000000 ) ) ;
#1242 = ORIENTED_EDGE ( 'NONE', *, *, #2415, .T. ) ;
#1243 = CARTESIAN_POINT ( 'NONE',  ( 30.00000000000000000, 0.000000000000000000, 100.0000000000000000 ) ) ;
#1244 = CARTESIAN_POINT ( 'NONE',  ( 15.00000000000000000, -6.000000000000000000, 50.00000000000000000 ) ) ;
#1245 = LINE ( 'NONE', #3568, #2977 ) ;
#1246 = CIRCLE ( 'NONE', #1651, 1.500000000000001332 ) ;
#1247 = CARTESIAN_POINT ( 'NONE',  ( 15.00000000000000000, 4.000000000000000000, 83.50000000000000000 ) ) ;
#1248 = CIRCLE ( 'NONE', #2281, 1.500000000000001332 ) ;
#1249 = ORIENTED_EDGE ( 'NONE', *, *, #448, .F. ) ;
#1250 = CARTESIAN_POINT ( 'NONE',  ( 120.1099999999999994, -6.000000000000000000, -10.50000000000000000 ) ) ;
#1251 = CARTESIAN_POINT ( 'NONE',  ( 0.000000000000000000, 4.000000000000000000, -135.0000000000000000 ) ) ;
#1252 = CIRCLE ( 'NONE', #1820, 1.500000000000000000 ) ;
#1253 = AXIS2_PLACEMENT_3D ( 'NONE', #3981, #725, #3299 ) ;
#1254 = DIRECTION ( 'NONE',  ( 0.7071067811865515695, 0.000000000000000000, -0.7071067811865435759 ) ) ;
#1255 = CIRCLE ( 'NONE', #3334, 1.500000000000001332 ) ;
#1256 = ORIENTED_EDGE ( 'NONE', *, *, #3149, .F. ) ;
#1257 = CARTESIAN_POINT ( 'NONE',  ( 50.84314575050770202, 0.000000000000000000, -56.50000000000000000 ) ) ;
#1258 = AXIS2_PLACEMENT_3D ( 'NONE', #2395, #401, #2091 ) ;
#1259 = DIRECTION ( 'NONE',  ( 0.000000000000000000, 0.000000000000000000, 1.000000000000000000 ) ) ;
#1260 = AXIS2_PLACEMENT_3D ( 'NONE', #2707, #720, #446 ) ;
#1261 = ADVANCED_FACE ( 'NONE', ( #4060 ), #733, .T. ) ;
#1262 = CYLINDRICAL_SURFACE ( 'NONE', #1387, 1.500000000000001332 ) ;
#1263 = DIRECTION ( 'NONE',  ( 0.000000000000000000, 1.000000000000000000, 0.000000000000000000 ) ) ;
#1264 = ORIENTED_EDGE ( 'NONE', *, *, #2389, .T. ) ;
#1265 = CARTESIAN_POINT ( 'NONE',  ( 0.000000000000000000, -6.000000000000000000, -135.0000000000000000 ) ) ;
#1266 = EDGE_CURVE ( 'NONE', #3690, #4335, #1389, .T. ) ;
#1267 = FACE_BOUND ( 'NONE', #2047, .T. ) ;
#1268 = DIRECTION ( 'NONE',  ( 0.000000000000000000, 0.000000000000000000, -1.000000000000000000 ) ) ;
#1269 = AXIS2_PLACEMENT_3D ( 'NONE', #146, #2206, #1902 ) ;
#1270 = ADVANCED_FACE ( 'NONE', ( #1044 ), #1343, .F. ) ;
#1271 = DIRECTION ( 'NONE',  ( 1.000000000000000000, 0.000000000000000000, 0.000000000000000000 ) ) ;
#1272 = AXIS2_PLACEMENT_3D ( 'NONE', #3144, #808, #1142 ) ;
#1273 = ORIENTED_EDGE ( 'NONE', *, *, #1402, .F. ) ;
#1274 = ORIENTED_EDGE ( 'NONE', *, *, #902, .T. ) ;
#1275 = CARTESIAN_POINT ( 'NONE',  ( 14.99999999999986144, 4.000000000000000000, -58.50000000000000000 ) ) ;
#1276 = AXIS2_PLACEMENT_3D ( 'NONE', #709, #1750, #46 ) ;
#1277 = CIRCLE ( 'NONE', #1338, 4.999999999999997335 ) ;
#1278 = EDGE_CURVE ( 'NONE', #462, #2093, #103, .T. ) ;
#1279 = DIRECTION ( 'NONE',  ( 0.000000000000000000, 1.000000000000000000, 0.000000000000000000 ) ) ;
#1280 = CARTESIAN_POINT ( 'NONE',  ( 30.00000000000000000, 4.000000000000000000, -50.00000000000000000 ) ) ;
#1281 = CARTESIAN_POINT ( 'NONE',  ( 50.84314575050770202, 0.000000000000000000, -56.50000000000000000 ) ) ;
#1282 = CARTESIAN_POINT ( 'NONE',  ( 30.00000000000000000, 4.000000000000000000, 115.0000000000000000 ) ) ;
#1283 = EDGE_LOOP ( 'NONE', ( #1202, #4189, #2203, #625 ) ) ;
#1284 = DIRECTION ( 'NONE',  ( 0.000000000000000000, 1.000000000000000000, 0.000000000000000000 ) ) ;
#1285 = FACE_BOUND ( 'NONE', #3632, .T. ) ;
#1286 = CARTESIAN_POINT ( 'NONE',  ( 30.00000000000000000, 0.000000000000000000, -50.00000000000000000 ) ) ;
#1287 = EDGE_CURVE ( 'NONE', #2840, #158, #3576, .T. ) ;
#1288 = CARTESIAN_POINT ( 'NONE',  ( 124.8599999999999994, 0.000000000000000000, 6.500000000000000000 ) ) ;
#1289 = ORIENTED_EDGE ( 'NONE', *, *, #3018, .F. ) ;
#1290 = VERTEX_POINT ( 'NONE', #3731 ) ;
#1291 = CARTESIAN_POINT ( 'NONE',  ( 30.00000000000000000, -6.000000000000000000, 116.5000000000000000 ) ) ;
#1292 = CARTESIAN_POINT ( 'NONE',  ( 15.00000000000000000, -6.000000000000000000, 100.0000000000000000 ) ) ;
#1293 = ADVANCED_FACE ( 'NONE', ( #2069 ), #3401, .T. ) ;
#1294 = DIRECTION ( 'NONE',  ( 0.000000000000000000, 1.000000000000000000, 0.000000000000000000 ) ) ;
#1295 = EDGE_LOOP ( 'NONE', ( #2759, #764, #4006, #4199 ) ) ;
#1296 = LINE ( 'NONE', #3970, #2171 ) ;
#1297 = DIRECTION ( 'NONE',  ( 1.000000000000000000, 0.000000000000000000, -4.130293990420970006E-17 ) ) ;
#1298 = CIRCLE ( 'NONE', #3319, 1.499999999999982236 ) ;
#1299 = VECTOR ( 'NONE', #2833, 1000.000000000000000 ) ;
#1300 = DIRECTION ( 'NONE',  ( 0.000000000000000000, 1.000000000000000000, 0.000000000000000000 ) ) ;
#1301 = DIRECTION ( 'NONE',  ( 0.000000000000000000, 1.000000000000000000, 0.000000000000000000 ) ) ;
#1302 = CARTESIAN_POINT ( 'NONE',  ( 120.1099999999999994, 4.000000000000000000, -10.50000000000000000 ) ) ;
#1303 = CARTESIAN_POINT ( 'NONE',  ( 14.99999999999986144, 4.000000000000000000, -131.5000000000000000 ) ) ;
#1304 = EDGE_CURVE ( 'NONE', #2381, #2753, #4329, .T. ) ;
#1305 = ORIENTED_EDGE ( 'NONE', *, *, #1872, .F. ) ;
#1306 = ORIENTED_EDGE ( 'NONE', *, *, #833, .F. ) ;
#1307 = VECTOR ( 'NONE', #4232, 1000.000000000000000 ) ;
#1308 = CARTESIAN_POINT ( 'NONE',  ( 47.50000000000000000, 4.000000000000000000, 91.00000000000000000 ) ) ;
#1309 = AXIS2_PLACEMENT_3D ( 'NONE', #2372, #1989, #1015 ) ;
#1310 = CARTESIAN_POINT ( 'NONE',  ( 139.0000000000000000, 0.000000000000000000, -52.00000000000000000 ) ) ;
#1311 = CIRCLE ( 'NONE', #1894, 4.999999999999997335 ) ;
#1312 = CARTESIAN_POINT ( 'NONE',  ( 50.84314575050770202, 0.000000000000000000, 55.00000000000000000 ) ) ;
#1313 = CIRCLE ( 'NONE', #1951, 1.500000000000001332 ) ;
#1314 = ORIENTED_EDGE ( 'NONE', *, *, #3548, .F. ) ;
#1315 = EDGE_CURVE ( 'NONE', #1014, #1835, #2750, .T. ) ;
#1316 = CARTESIAN_POINT ( 'NONE',  ( 110.0000000000000000, 0.000000000000000000, -72.00000000000000000 ) ) ;
#1317 = CARTESIAN_POINT ( 'NONE',  ( 56.50000000000000000, 0.000000000000000000, 52.34314575050760254 ) ) ;
#1318 = ORIENTED_EDGE ( 'NONE', *, *, #59, .T. ) ;
#1319 = VECTOR ( 'NONE', #325, 1000.000000000000000 ) ;
#1320 = ADVANCED_FACE ( 'NONE', ( #2422 ), #3753, .F. ) ;
#1321 = ORIENTED_EDGE ( 'NONE', *, *, #1266, .F. ) ;
#1322 = APPLICATION_CONTEXT ( 'configuration controlled 3d designs of mechanical parts and assemblies' ) ;
#1323 = AXIS2_PLACEMENT_3D ( 'NONE', #1990, #4334, #3378 ) ;
#1324 = CARTESIAN_POINT ( 'NONE',  ( 75.35999999999999943, -6.000000000000000000, 6.500000000000000000 ) ) ;
#1325 = FACE_BOUND ( 'NONE', #2638, .T. ) ;
#1326 = LINE ( 'NONE', #1350, #3755 ) ;
#1327 = ADVANCED_FACE ( 'NONE', ( #1774, #1439, #2451, #1016, #2341, #351, #1696, #789, #2121, #3123, #3457, #1796, #458, #3038, #4077, #2467, #2713, #369, #96, #4048, #1378, #3368, #1087, #3140, #3448, #2414, #1163, #3095, #1058, #3065, #2441, #142, #1709, #750, #2084, #2138, #2060, #3775, #1453, #2788, #3392 ), #1406, .T. ) ;
#1328 = ORIENTED_EDGE ( 'NONE', *, *, #3505, .F. ) ;
#1329 = DIRECTION ( 'NONE',  ( 0.000000000000000000, 0.000000000000000000, 1.000000000000000000 ) ) ;
#1330 = ORIENTED_EDGE ( 'NONE', *, *, #2613, .F. ) ;
#1331 = VERTEX_POINT ( 'NONE', #3721 ) ;
#1332 = LINE ( 'NONE', #2083, #1884 ) ;
#1333 = VECTOR ( 'NONE', #1095, 1000.000000000000000 ) ;
#1334 = CARTESIAN_POINT ( 'NONE',  ( 14.99999999999986144, -6.000000000000000000, -60.00000000000000000 ) ) ;
#1335 = CIRCLE ( 'NONE', #2883, 1.500000000000001332 ) ;
#1336 = DIRECTION ( 'NONE',  ( 0.000000000000000000, 1.000000000000000000, 0.000000000000000000 ) ) ;
#1337 = CARTESIAN_POINT ( 'NONE',  ( 80.00000000000000000, 0.000000000000000000, -72.00000000000000000 ) ) ;
#1338 = AXIS2_PLACEMENT_3D ( 'NONE', #119, #4134, #1899 ) ;
#1339 = LINE ( 'NONE', #1411, #4202 ) ;
#1340 = ADVANCED_FACE ( 'NONE', ( #2111 ), #453, .F. ) ;
#1341 = EDGE_LOOP ( 'NONE', ( #3841, #115 ) ) ;
#1342 = CARTESIAN_POINT ( 'NONE',  ( 0.000000000000000000, 4.000000000000000000, 81.00000000000000000 ) ) ;
#1343 = CYLINDRICAL_SURFACE ( 'NONE', #2302, 1.499999999999982236 ) ;
#1344 = EDGE_LOOP ( 'NONE', ( #2920, #2617, #2154, #2109 ) ) ;
#1345 = VERTEX_POINT ( 'NONE', #3425 ) ;
#1346 = ORIENTED_EDGE ( 'NONE', *, *, #3154, .T. ) ;
#1347 = CARTESIAN_POINT ( 'NONE',  ( 110.0000000000000000, 4.000000000000000000, 46.50000000000000000 ) ) ;
#1348 = DIRECTION ( 'NONE',  ( 0.000000000000000000, 1.000000000000000000, 0.000000000000000000 ) ) ;
#1349 = DIRECTION ( 'NONE',  ( 0.000000000000000000, 1.000000000000000000, 0.000000000000000000 ) ) ;
#1350 = CARTESIAN_POINT ( 'NONE',  ( 45.00000000000000000, 4.000000000000000000, 30.00000000000000000 ) ) ;
#1351 = ADVANCED_FACE ( 'NONE', ( #3470 ), #4132, .F. ) ;
#1352 = ORIENTED_EDGE ( 'NONE', *, *, #2957, .T. ) ;
#1353 = LINE ( 'NONE', #2681, #858 ) ;
#1354 = EDGE_LOOP ( 'NONE', ( #1502, #722, #947, #3178 ) ) ;
#1355 = ORIENTED_EDGE ( 'NONE', *, *, #2255, .F. ) ;
#1356 = DIRECTION ( 'NONE',  ( 0.000000000000000000, 0.000000000000000000, -1.000000000000000000 ) ) ;
#1357 = DIRECTION ( 'NONE',  ( 0.000000000000000000, 0.000000000000000000, 1.000000000000000000 ) ) ;
#1358 = CARTESIAN_POINT ( 'NONE',  ( 50.84314575050770202, 0.000000000000000000, 58.00000000000000000 ) ) ;
#1359 = CARTESIAN_POINT ( 'NONE',  ( 145.0000000000000000, 4.000000000000000000, 0.000000000000000000 ) ) ;
#1360 = CARTESIAN_POINT ( 'NONE',  ( 15.00000000000000000, 0.000000000000000000, 50.00000000000000000 ) ) ;
#1361 = CARTESIAN_POINT ( 'NONE',  ( 57.50000000000000000, 0.000000000000000000, 81.00000000000000000 ) ) ;
#1362 = ORIENTED_EDGE ( 'NONE', *, *, #1287, .T. ) ;
#1363 = DIRECTION ( 'NONE',  ( 0.000000000000000000, 0.000000000000000000, 1.000000000000000000 ) ) ;
#1364 = PLANE ( 'NONE',  #4336 ) ;
#1365 = ORIENTED_EDGE ( 'NONE', *, *, #4155, .T. ) ;
#1366 = EDGE_LOOP ( 'NONE', ( #3467, #47 ) ) ;
#1367 = ORIENTED_EDGE ( 'NONE', *, *, #4288, .T. ) ;
#1368 =( NAMED_UNIT ( * ) SI_UNIT ( $, .STERADIAN. ) SOLID_ANGLE_UNIT ( ) );
#1369 = CARTESIAN_POINT ( 'NONE',  ( 110.0000000000000000, 0.000000000000000000, -73.50000000000000000 ) ) ;
#1370 = FACE_OUTER_BOUND ( 'NONE', #4061, .T. ) ;
#1371 = DIRECTION ( 'NONE',  ( 0.000000000000000000, 1.000000000000000000, 0.000000000000000000 ) ) ;
#1372 = EDGE_LOOP ( 'NONE', ( #1306, #3509, #3137, #1029 ) ) ;
#1373 = DIRECTION ( 'NONE',  ( 0.000000000000000000, -1.000000000000000000, 0.000000000000000000 ) ) ;
#1374 = EDGE_LOOP ( 'NONE', ( #1289, #589, #3437, #4190 ) ) ;
#1375 = ORIENTED_EDGE ( 'NONE', *, *, #1008, .T. ) ;
#1376 = CARTESIAN_POINT ( 'NONE',  ( 30.00000000000000000, 0.000000000000000000, 115.0000000000000000 ) ) ;
#1377 = EDGE_CURVE ( 'NONE', #814, #1463, #426, .T. ) ;
#1378 = FACE_BOUND ( 'NONE', #3381, .T. ) ;
#1379 = CIRCLE ( 'NONE', #194, 1.500000000000001332 ) ;
#1380 = DIRECTION ( 'NONE',  ( 1.000000000000000000, 0.000000000000000000, 0.000000000000000000 ) ) ;
#1381 = DIRECTION ( 'NONE',  ( 0.000000000000000000, 1.000000000000000000, 0.000000000000000000 ) ) ;
#1382 = DIRECTION ( 'NONE',  ( 0.000000000000000000, -1.000000000000000000, 0.000000000000000000 ) ) ;
#1383 = CIRCLE ( 'NONE', #3966, 1.500000000000001332 ) ;
#1384 = DIRECTION ( 'NONE',  ( 0.000000000000000000, 0.000000000000000000, 1.000000000000000000 ) ) ;
#1385 = PLANE ( 'NONE',  #1063 ) ;
#1386 = EDGE_LOOP ( 'NONE', ( #3087, #2990, #2522, #2100 ) ) ;
#1387 = AXIS2_PLACEMENT_3D ( 'NONE', #905, #2228, #289 ) ;
#1388 = FACE_OUTER_BOUND ( 'NONE', #2146, .T. ) ;
#1389 = LINE ( 'NONE', #378, #1319 ) ;
#1390 = VERTEX_POINT ( 'NONE', #1766 ) ;
#1391 = ORIENTED_EDGE ( 'NONE', *, *, #430, .T. ) ;
#1392 = CIRCLE ( 'NONE', #1258, 1.500000000000001332 ) ;
#1393 = VERTEX_POINT ( 'NONE', #1141 ) ;
#1394 = EDGE_CURVE ( 'NONE', #278, #509, #508, .T. ) ;
#1395 = ORIENTED_EDGE ( 'NONE', *, *, #3483, .T. ) ;
#1396 = PLANE ( 'NONE',  #2974 ) ;
#1397 = AXIS2_PLACEMENT_3D ( 'NONE', #1723, #2404, #4036 ) ;
#1398 = FACE_OUTER_BOUND ( 'NONE', #1073, .T. ) ;
#1399 = CARTESIAN_POINT ( 'NONE',  ( 47.50000000000000000, 0.000000000000000000, -91.00000000000000000 ) ) ;
#1400 = ORIENTED_EDGE ( 'NONE', *, *, #2604, .T. ) ;
#1401 = DIRECTION ( 'NONE',  ( 0.000000000000000000, 1.000000000000000000, 0.000000000000000000 ) ) ;
#1402 = EDGE_CURVE ( 'NONE', #1492, #4128, #2245, .T. ) ;
#1403 = VERTEX_POINT ( 'NONE', #806 ) ;
#1404 = VERTEX_POINT ( 'NONE', #471 ) ;
#1405 = CARTESIAN_POINT ( 'NONE',  ( 124.8599999999999994, -6.000000000000000000, -3.500000000000000000 ) ) ;
#1406 = PLANE ( 'NONE',  #3086 ) ;
#1407 = DIRECTION ( 'NONE',  ( 0.000000000000000000, 1.000000000000000000, 0.000000000000000000 ) ) ;
#1408 = DIRECTION ( 'NONE',  ( 0.000000000000000000, 1.000000000000000000, 0.000000000000000000 ) ) ;
#1409 = EDGE_CURVE ( 'NONE', #3035, #2735, #788, .T. ) ;
#1410 = DIRECTION ( 'NONE',  ( -0.7071067811865435759, 0.000000000000000000, -0.7071067811865514585 ) ) ;
#1411 = CARTESIAN_POINT ( 'NONE',  ( 145.0000000000000000, 4.000000000000000000, -75.00000000000000000 ) ) ;
#1412 = DIRECTION ( 'NONE',  ( 0.000000000000000000, 0.000000000000000000, 1.000000000000000000 ) ) ;
#1413 = ORIENTED_EDGE ( 'NONE', *, *, #1724, .T. ) ;
#1414 = VECTOR ( 'NONE', #667, 1000.000000000000000 ) ;
#1415 = DIRECTION ( 'NONE',  ( 0.000000000000000000, 1.000000000000000000, 0.000000000000000000 ) ) ;
#1416 = DIRECTION ( 'NONE',  ( 0.000000000000000000, 0.000000000000000000, 1.000000000000000000 ) ) ;
#1417 = ORIENTED_EDGE ( 'NONE', *, *, #1794, .T. ) ;
#1418 = AXIS2_PLACEMENT_3D ( 'NONE', #2210, #3551, #546 ) ;
#1419 = ORIENTED_EDGE ( 'NONE', *, *, #3231, .F. ) ;
#1420 = ORIENTED_EDGE ( 'NONE', *, *, #1165, .T. ) ;
#1421 = MECHANICAL_CONTEXT ( 'NONE', #1322, 'mechanical' ) ;
#1422 = ORIENTED_EDGE ( 'NONE', *, *, #2991, .F. ) ;
#1423 = DIRECTION ( 'NONE',  ( 0.000000000000000000, 0.000000000000000000, 1.000000000000000000 ) ) ;
#1424 = DIRECTION ( 'NONE',  ( 0.000000000000000000, 0.000000000000000000, 1.000000000000000000 ) ) ;
#1425 = DIRECTION ( 'NONE',  ( 0.000000000000000000, 1.000000000000000000, 0.000000000000000000 ) ) ;
#1426 = ORIENTED_EDGE ( 'NONE', *, *, #3969, .F. ) ;
#1427 = CARTESIAN_POINT ( 'NONE',  ( 30.00000000000000000, 4.000000000000000000, 98.50000000000000000 ) ) ;
#1428 = ORIENTED_EDGE ( 'NONE', *, *, #1394, .F. ) ;
#1429 = ORIENTED_EDGE ( 'NONE', *, *, #3699, .T. ) ;
#1430 = VERTEX_POINT ( 'NONE', #118 ) ;
#1431 = DIRECTION ( 'NONE',  ( 0.000000000000000000, 1.000000000000000000, 0.000000000000000000 ) ) ;
#1432 = CARTESIAN_POINT ( 'NONE',  ( -45.00000000000000000, 0.000000000000000000, 45.00000000000000000 ) ) ;
#1433 = DIRECTION ( 'NONE',  ( 0.000000000000000000, 1.000000000000000000, 0.000000000000000000 ) ) ;
#1434 = CARTESIAN_POINT ( 'NONE',  ( 80.00000000000000000, 0.000000000000000000, 72.00000000000000000 ) ) ;
#1435 = CARTESIAN_POINT ( 'NONE',  ( 30.00000000000000000, -6.000000000000000000, 100.0000000000000000 ) ) ;
#1436 = CARTESIAN_POINT ( 'NONE',  ( 0.000000000000000000, 0.000000000000000000, -73.50000000000001421 ) ) ;
#1437 = ORIENTED_EDGE ( 'NONE', *, *, #425, .F. ) ;
#1438 = EDGE_CURVE ( 'NONE', #1831, #3492, #3798, .T. ) ;
#1439 = FACE_BOUND ( 'NONE', #3468, .T. ) ;
#1440 = VERTEX_POINT ( 'NONE', #535 ) ;
#1441 = ORIENTED_EDGE ( 'NONE', *, *, #1826, .T. ) ;
#1442 = ORIENTED_EDGE ( 'NONE', *, *, #1188, .T. ) ;
#1443 = EDGE_CURVE ( 'NONE', #2844, #659, #2157, .T. ) ;
#1444 = ORIENTED_EDGE ( 'NONE', *, *, #2860, .F. ) ;
#1445 = DIRECTION ( 'NONE',  ( 0.000000000000000000, 0.000000000000000000, 1.000000000000000000 ) ) ;
#1446 = FACE_OUTER_BOUND ( 'NONE', #1754, .T. ) ;
#1447 = DIRECTION ( 'NONE',  ( 0.000000000000000000, 1.000000000000000000, 0.000000000000000000 ) ) ;
#1448 = ORIENTED_EDGE ( 'NONE', *, *, #4282, .F. ) ;
#1449 = DIRECTION ( 'NONE',  ( -0.000000000000000000, 1.000000000000000000, 0.000000000000000000 ) ) ;
#1450 = ORIENTED_EDGE ( 'NONE', *, *, #749, .F. ) ;
#1451 = EDGE_LOOP ( 'NONE', ( #2594, #1362 ) ) ;
#1452 = CARTESIAN_POINT ( 'NONE',  ( 30.00000000000000000, 0.000000000000000000, 48.50000000000000000 ) ) ;
#1453 = FACE_BOUND ( 'NONE', #4139, .T. ) ;
#1454 = CARTESIAN_POINT ( 'NONE',  ( 145.0000000000000000, 0.000000000000000000, 0.000000000000000000 ) ) ;
#1455 = AXIS2_PLACEMENT_3D ( 'NONE', #1742, #2513, #3099 ) ;
#1456 = DIRECTION ( 'NONE',  ( 0.000000000000000000, 0.000000000000000000, 1.000000000000000000 ) ) ;
#1457 = VECTOR ( 'NONE', #3116, 1000.000000000000000 ) ;
#1458 = PRODUCT_DEFINITION_SHAPE ( 'NONE', 'NONE',  #892 ) ;
#1459 = VECTOR ( 'NONE', #1532, 1000.000000000000000 ) ;
#1460 = DIRECTION ( 'NONE',  ( 0.000000000000000000, 1.000000000000000000, 0.000000000000000000 ) ) ;
#1461 = LINE ( 'NONE', #101, #1620 ) ;
#1462 = VECTOR ( 'NONE', #3314, 1000.000000000000000 ) ;
#1463 = VERTEX_POINT ( 'NONE', #853 ) ;
#1464 = VERTEX_POINT ( 'NONE', #1912 ) ;
#1465 = ORIENTED_EDGE ( 'NONE', *, *, #672, .F. ) ;
#1466 = AXIS2_PLACEMENT_3D ( 'NONE', #217, #1575, #2903 ) ;
#1467 = CALENDAR_DATE ( 2026, 8, 5 ) ;
#1468 = EDGE_CURVE ( 'NONE', #3481, #2602, #3205, .T. ) ;
#1469 = ORIENTED_EDGE ( 'NONE', *, *, #4103, .F. ) ;
#1470 = DIRECTION ( 'NONE',  ( 0.000000000000000000, 0.000000000000000000, 1.000000000000000000 ) ) ;
#1471 = LINE ( 'NONE', #2560, #3937 ) ;
#1472 = EDGE_CURVE ( 'NONE', #2879, #460, #1859, .T. ) ;
#1473 = AXIS2_PLACEMENT_3D ( 'NONE', #4082, #990, #346 ) ;
#1474 = CARTESIAN_POINT ( 'NONE',  ( 30.00000000000000000, 0.000000000000000000, 45.00000000000000000 ) ) ;
#1475 = ADVANCED_FACE ( 'NONE', ( #3521 ), #2875, .F. ) ;
#1476 = ORIENTED_EDGE ( 'NONE', *, *, #1009, .T. ) ;
#1477 = LINE ( 'NONE', #801, #3072 ) ;
#1478 = VECTOR ( 'NONE', #3027, 1000.000000000000000 ) ;
#1479 = EDGE_CURVE ( 'NONE', #3754, #2057, #3283, .T. ) ;
#1480 = VERTEX_POINT ( 'NONE', #1837 ) ;
#1481 = ORIENTED_EDGE ( 'NONE', *, *, #427, .F. ) ;
#1482 = DIRECTION ( 'NONE',  ( 0.000000000000000000, 0.000000000000000000, 1.000000000000000000 ) ) ;
#1483 = EDGE_CURVE ( 'NONE', #3138, #652, #2023, .T. ) ;
#1484 = DIRECTION ( 'NONE',  ( 0.000000000000000000, 1.000000000000000000, 0.000000000000000000 ) ) ;
#1485 = CC_DESIGN_SECURITY_CLASSIFICATION ( #2179, ( #500 ) ) ;
#1486 = LINE ( 'NONE', #2219, #2939 ) ;
#1487 = CARTESIAN_POINT ( 'NONE',  ( 30.00000000000000000, -6.000000000000000000, -48.50000000000000000 ) ) ;
#1488 = LINE ( 'NONE', #1211, #4064 ) ;
#1489 = CLOSED_SHELL ( 'NONE', ( #2262, #2445, #909, #1351, #1522, #897, #3734, #276, #3612, #3610, #3593, #3931, #2078, #2244, #2561, #2885, #1064, #2925, #1920, #2190, #1529, #2763, #708, #198, #867, #24, #374, #234, #2198, #3098, #3982, #861, #574, #2933, #1168, #3950, #342, #275, #2095, #1770, #1591, #2679, #1213, #2827, #4034, #3406, #2587, #88, #1293, #1261, #2046, #381, #3977, #2217, #2278, #1340, #2239, #2207, #1601, #497, #969, #542, #1937, #4205, #766, #1214, #356, #3004, #810, #1327, #2237, #1164, #3879, #1933, #592, #1543, #1844, #1003, #837, #1133, #3471, #1664, #3647, #3273, #607, #3905, #1960, #1757, #2768, #2112, #863, #2117, #1212, #3513, #1320, #2688, #2854, #859, #3081, #3210, #1270, #120, #4115, #3031, #1876, #2577, #3052, #3829, #3127, #2508, #4259, #3924, #299, #360, #1089, #754, #2563, #2995, #2876, #1475 ) ) ;
#1490 = ORIENTED_EDGE ( 'NONE', *, *, #2305, .T. ) ;
#1491 = ORIENTED_EDGE ( 'NONE', *, *, #3025, .F. ) ;
#1492 = VERTEX_POINT ( 'NONE', #1526 ) ;
#1493 = EDGE_CURVE ( 'NONE', #3532, #2585, #569, .T. ) ;
#1494 = VECTOR ( 'NONE', #986, 1000.000000000000000 ) ;
#1495 = ORIENTED_EDGE ( 'NONE', *, *, #169, .T. ) ;
#1496 = LINE ( 'NONE', #795, #846 ) ;
#1497 = CARTESIAN_POINT ( 'NONE',  ( 110.0000000000000000, 4.000000000000000000, 49.50000000000000000 ) ) ;
#1498 = CIRCLE ( 'NONE', #1418, 1.500000000000001332 ) ;
#1499 = DIRECTION ( 'NONE',  ( 0.000000000000000000, 1.000000000000000000, 0.000000000000000000 ) ) ;
#1500 = VECTOR ( 'NONE', #2554, 1000.000000000000000 ) ;
#1501 = EDGE_CURVE ( 'NONE', #1404, #2013, #2347, .T. ) ;
#1502 = ORIENTED_EDGE ( 'NONE', *, *, #1612, .F. ) ;
#1503 = CARTESIAN_POINT ( 'NONE',  ( 30.00000000000000000, 4.000000000000000000, -45.00000000000000000 ) ) ;
#1504 = EDGE_LOOP ( 'NONE', ( #1684, #3512, #3887, #3329 ) ) ;
#1505 = EDGE_LOOP ( 'NONE', ( #1045, #1751, #4179, #489 ) ) ;
#1506 = CARTESIAN_POINT ( 'NONE',  ( 41.50000000000000000, 4.000000000000000000, -129.0000000000000000 ) ) ;
#1507 = EDGE_CURVE ( 'NONE', #296, #3379, #1508, .T. ) ;
#1508 = LINE ( 'NONE', #4233, #1882 ) ;
#1509 = EDGE_CURVE ( 'NONE', #1823, #3404, #2571, .T. ) ;
#1510 = ORIENTED_EDGE ( 'NONE', *, *, #4173, .T. ) ;
#1511 = LINE ( 'NONE', #2836, #1500 ) ;
#1512 = AXIS2_PLACEMENT_3D ( 'NONE', #2918, #4257, #20 ) ;
#1513 = CYLINDRICAL_SURFACE ( 'NONE', #761, 1.500000000000001332 ) ;
#1514 = CARTESIAN_POINT ( 'NONE',  ( 50.84314575050770202, 0.000000000000000000, 56.50000000000000000 ) ) ;
#1515 = VERTEX_POINT ( 'NONE', #3889 ) ;
#1516 = EDGE_LOOP ( 'NONE', ( #4323, #3735, #911, #1785 ) ) ;
#1517 = ORIENTED_EDGE ( 'NONE', *, *, #231, .F. ) ;
#1518 = ORIENTED_EDGE ( 'NONE', *, *, #919, .F. ) ;
#1519 = DIRECTION ( 'NONE',  ( 0.000000000000000000, -1.000000000000000000, 0.000000000000000000 ) ) ;
#1520 = FACE_OUTER_BOUND ( 'NONE', #3024, .T. ) ;
#1521 = CARTESIAN_POINT ( 'NONE',  ( 29.00000000000000000, 4.000000000000000000, -72.00000000000000000 ) ) ;
#1522 = ADVANCED_FACE ( 'NONE', ( #1895 ), #4192, .F. ) ;
#1523 = ORIENTED_EDGE ( 'NONE', *, *, #503, .T. ) ;
#1524 = ORIENTED_EDGE ( 'NONE', *, *, #6, .T. ) ;
#1525 = CARTESIAN_POINT ( 'NONE',  ( 0.000000000000000000, 4.000000000000000000, 135.0000000000000000 ) ) ;
#1526 = CARTESIAN_POINT ( 'NONE',  ( 36.00000000000000000, 4.000000000000000000, 122.5000000000000000 ) ) ;
#1527 = EDGE_CURVE ( 'NONE', #1075, #2218, #3868, .T. ) ;
#1528 = ORIENTED_EDGE ( 'NONE', *, *, #1179, .F. ) ;
#1529 = ADVANCED_FACE ( 'NONE', ( #876 ), #3230, .F. ) ;
#1530 = ORIENTED_EDGE ( 'NONE', *, *, #248, .F. ) ;
#1531 = CYLINDRICAL_SURFACE ( 'NONE', #3583, 1.500000000000001332 ) ;
#1532 = DIRECTION ( 'NONE',  ( 1.000000000000000000, 0.000000000000000000, 0.000000000000000000 ) ) ;
#1533 = DIRECTION ( 'NONE',  ( 0.000000000000000000, 1.000000000000000000, 0.000000000000000000 ) ) ;
#1534 = CIRCLE ( 'NONE', #4250, 1.250000000000001110 ) ;
#1535 = CIRCLE ( 'NONE', #3053, 1.500000000000001332 ) ;
#1536 = EDGE_LOOP ( 'NONE', ( #130, #3153, #445, #3197 ) ) ;
#1537 = AXIS2_PLACEMENT_3D ( 'NONE', #941, #596, #912 ) ;
#1538 = EDGE_LOOP ( 'NONE', ( #2796, #1517 ) ) ;
#1539 = VECTOR ( 'NONE', #3779, 1000.000000000000000 ) ;
#1540 = CARTESIAN_POINT ( 'NONE',  ( 15.00000000000000000, -6.000000000000000000, 100.0000000000000000 ) ) ;
#1541 = CARTESIAN_POINT ( 'NONE',  ( 15.00000000000000000, -6.000000000000000000, 98.50000000000000000 ) ) ;
#1542 = DIRECTION ( 'NONE',  ( 0.000000000000000000, 1.000000000000000000, 0.000000000000000000 ) ) ;
#1543 = ADVANCED_FACE ( 'NONE', ( #1240 ), #1183, .F. ) ;
#1544 = AXIS2_PLACEMENT_3D ( 'NONE', #3076, #2968, #2625 ) ;
#1545 = AXIS2_PLACEMENT_3D ( 'NONE', #1930, #2930, #2569 ) ;
#1546 = EDGE_LOOP ( 'NONE', ( #4108, #3209, #2428, #1518 ) ) ;
#1547 = LINE ( 'NONE', #3139, #910 ) ;
#1548 = CARTESIAN_POINT ( 'NONE',  ( 30.00000000000000000, -6.000000000000000000, -61.50000000000000000 ) ) ;
#1549 = LOCAL_TIME ( 20, 33, 21.00000000000000000, #3813 ) ;
#1550 = EDGE_CURVE ( 'NONE', #2323, #2772, #835, .T. ) ;
#1551 = LINE ( 'NONE', #4216, #773 ) ;
#1552 = EDGE_LOOP ( 'NONE', ( #9, #2249 ) ) ;
#1553 = VERTEX_POINT ( 'NONE', #3844 ) ;
#1554 = DIRECTION ( 'NONE',  ( -1.000000000000000000, 0.000000000000000000, 4.130293990420970006E-17 ) ) ;
#1555 = CARTESIAN_POINT ( 'NONE',  ( 50.84314575050770202, 0.000000000000000000, 56.50000000000000000 ) ) ;
#1556 = DIRECTION ( 'NONE',  ( 0.000000000000000000, 1.000000000000000000, 0.000000000000000000 ) ) ;
#1557 = EDGE_CURVE ( 'NONE', #2101, #816, #243, .T. ) ;
#1558 = ORIENTED_EDGE ( 'NONE', *, *, #3618, .F. ) ;
#1559 = CARTESIAN_POINT ( 'NONE',  ( 0.000000000000000000, 4.000000000000000000, -135.0000000000000000 ) ) ;
#1560 = DIRECTION ( 'NONE',  ( 0.000000000000000000, 1.000000000000000000, 0.000000000000000000 ) ) ;
#1561 = DIRECTION ( 'NONE',  ( 0.000000000000000000, 0.000000000000000000, 1.000000000000000000 ) ) ;
#1562 = AXIS2_PLACEMENT_3D ( 'NONE', #2040, #787, #3375 ) ;
#1563 = ORIENTED_EDGE ( 'NONE', *, *, #833, .T. ) ;
#1564 = DIRECTION ( 'NONE',  ( -0.000000000000000000, 0.000000000000000000, -1.000000000000000000 ) ) ;
#1565 = AXIS2_PLACEMENT_3D ( 'NONE', #4022, #3697, #1112 ) ;
#1566 = CARTESIAN_POINT ( 'NONE',  ( 75.35999999999999943, -6.000000000000000000, 5.000000000000000000 ) ) ;
#1567 = AXIS2_PLACEMENT_3D ( 'NONE', #538, #3212, #1554 ) ;
#1568 = LINE ( 'NONE', #2793, #143 ) ;
#1569 = ORIENTED_EDGE ( 'NONE', *, *, #3668, .F. ) ;
#1570 = DIRECTION ( 'NONE',  ( 0.000000000000000000, 0.000000000000000000, 1.000000000000000000 ) ) ;
#1571 = DIRECTION ( 'NONE',  ( 0.000000000000000000, 1.000000000000000000, 0.000000000000000000 ) ) ;
#1572 = FACE_OUTER_BOUND ( 'NONE', #4310, .T. ) ;
#1573 = EDGE_CURVE ( 'NONE', #873, #4206, #2700, .T. ) ;
#1574 = ORIENTED_EDGE ( 'NONE', *, *, #2305, .F. ) ;
#1575 = DIRECTION ( 'NONE',  ( 0.000000000000000000, 1.000000000000000000, 0.000000000000000000 ) ) ;
#1576 = DIRECTION ( 'NONE',  ( 0.000000000000000000, 1.000000000000000000, 0.000000000000000000 ) ) ;
#1577 = EDGE_CURVE ( 'NONE', #18, #3340, #3838, .T. ) ;
#1578 = ORIENTED_EDGE ( 'NONE', *, *, #699, .T. ) ;
#1579 = CARTESIAN_POINT ( 'NONE',  ( 30.00000000000000000, 0.000000000000000000, -130.0000000000000000 ) ) ;
#1580 = DIRECTION ( 'NONE',  ( 0.000000000000000000, 0.000000000000000000, 1.000000000000000000 ) ) ;
#1581 = LINE ( 'NONE', #2909, #682 ) ;
#1582 = ORIENTED_EDGE ( 'NONE', *, *, #1767, .F. ) ;
#1583 = CARTESIAN_POINT ( 'NONE',  ( 15.00000000000000000, -6.000000000000000000, 83.50000000000000000 ) ) ;
#1584 = EDGE_CURVE ( 'NONE', #108, #2425, #3320, .T. ) ;
#1585 = DIRECTION ( 'NONE',  ( 0.000000000000000000, 0.000000000000000000, 1.000000000000000000 ) ) ;
#1586 = EDGE_CURVE ( 'NONE', #1403, #927, #3516, .T. ) ;
#1587 = DIRECTION ( 'NONE',  ( 0.000000000000000000, 1.000000000000000000, 0.000000000000000000 ) ) ;
#1588 = AXIS2_PLACEMENT_3D ( 'NONE', #3956, #1655, #2289 ) ;
#1589 = AXIS2_PLACEMENT_3D ( 'NONE', #2545, #2825, #3885 ) ;
#1590 = FACE_OUTER_BOUND ( 'NONE', #1099, .T. ) ;
#1591 = ADVANCED_FACE ( 'NONE', ( #611 ), #178, .F. ) ;
#1592 = VECTOR ( 'NONE', #368, 1000.000000000000000 ) ;
#1593 = AXIS2_PLACEMENT_3D ( 'NONE', #1948, #2220, #2535 ) ;
#1594 = ORIENTED_EDGE ( 'NONE', *, *, #3750, .T. ) ;
#1595 = DIRECTION ( 'NONE',  ( 0.000000000000000000, -1.000000000000000000, 0.000000000000000000 ) ) ;
#1596 = EDGE_CURVE ( 'NONE', #498, #3114, #2434, .T. ) ;
#1597 = FACE_BOUND ( 'NONE', #710, .T. ) ;
#1598 = VECTOR ( 'NONE', #1519, 1000.000000000000000 ) ;
#1599 = DIRECTION ( 'NONE',  ( 0.000000000000000000, 1.000000000000000000, 0.000000000000000000 ) ) ;
#1600 = CIRCLE ( 'NONE', #264, 1.500000000000001332 ) ;
#1601 = ADVANCED_FACE ( 'NONE', ( #512 ), #4185, .F. ) ;
#1602 = CARTESIAN_POINT ( 'NONE',  ( 30.00000000000000000, -6.000000000000000000, -130.0000000000000000 ) ) ;
#1603 = VECTOR ( 'NONE', #19, 1000.000000000000000 ) ;
#1604 = EDGE_LOOP ( 'NONE', ( #918, #1097 ) ) ;
#1605 = ORIENTED_EDGE ( 'NONE', *, *, #3288, .F. ) ;
#1606 = DIRECTION ( 'NONE',  ( 0.000000000000000000, 1.000000000000000000, 0.000000000000000000 ) ) ;
#1607 = CIRCLE ( 'NONE', #4204, 1.500000000000001332 ) ;
#1608 = DIRECTION ( 'NONE',  ( 0.000000000000000000, 1.000000000000000000, 0.000000000000000000 ) ) ;
#1609 = CC_DESIGN_APPROVAL ( #1962, ( #500 ) ) ;
#1610 = CARTESIAN_POINT ( 'NONE',  ( 139.0000000000000000, 4.000000000000000000, -38.00000000000000000 ) ) ;
#1611 = CARTESIAN_POINT ( 'NONE',  ( 50.84314575050770202, 0.000000000000000000, 55.00000000000000000 ) ) ;
#1612 = EDGE_CURVE ( 'NONE', #3112, #588, #531, .T. ) ;
#1613 = EDGE_CURVE ( 'NONE', #94, #1393, #2913, .T. ) ;
#1614 = VECTOR ( 'NONE', #3746, 1000.000000000000000 ) ;
#1615 = ORIENTED_EDGE ( 'NONE', *, *, #1479, .F. ) ;
#1616 = CARTESIAN_POINT ( 'NONE',  ( 80.10999999999999943, -6.000000000000000000, 10.50000000000000000 ) ) ;
#1617 = EDGE_CURVE ( 'NONE', #2058, #3492, #2858, .T. ) ;
#1618 = DIRECTION ( 'NONE',  ( 0.000000000000000000, 1.000000000000000000, 0.000000000000000000 ) ) ;
#1619 = CARTESIAN_POINT ( 'NONE',  ( 30.00000000000000000, 4.000000000000000000, 115.0000000000000000 ) ) ;
#1620 = VECTOR ( 'NONE', #2747, 1000.000000000000000 ) ;
#1621 = CARTESIAN_POINT ( 'NONE',  ( 139.0000000000000000, 4.000000000000000000, -75.00000000000000000 ) ) ;
#1622 = AXIS2_PLACEMENT_3D ( 'NONE', #2664, #3345, #2335 ) ;
#1623 = EDGE_CURVE ( 'NONE', #3523, #814, #1830, .T. ) ;
#1624 = EDGE_LOOP ( 'NONE', ( #2423, #603, #1915, #480 ) ) ;
#1625 = ORIENTED_EDGE ( 'NONE', *, *, #3306, .F. ) ;
#1626 = CARTESIAN_POINT ( 'NONE',  ( -1.292069899348242063E-14, 4.000000000000000000, -135.0000000000000000 ) ) ;
#1627 = AXIS2_PLACEMENT_3D ( 'NONE', #2303, #939, #634 ) ;
#1628 = VECTOR ( 'NONE', #3412, 1000.000000000000000 ) ;
#1629 = DIRECTION ( 'NONE',  ( 0.000000000000000000, 0.000000000000000000, 1.000000000000000000 ) ) ;
#1630 = DIRECTION ( 'NONE',  ( 1.000000000000000000, 0.000000000000000000, -9.570888143320319339E-17 ) ) ;
#1631 = ORIENTED_EDGE ( 'NONE', *, *, #1586, .T. ) ;
#1632 = CARTESIAN_POINT ( 'NONE',  ( 30.00000000000000000, 4.000000000000000000, -130.0000000000000000 ) ) ;
#1633 = DIRECTION ( 'NONE',  ( 0.000000000000000000, 0.000000000000000000, 1.000000000000000000 ) ) ;
#1634 = EDGE_CURVE ( 'NONE', #3998, #2728, #1246, .T. ) ;
#1635 = FACE_OUTER_BOUND ( 'NONE', #3959, .T. ) ;
#1636 = FACE_BOUND ( 'NONE', #2309, .T. ) ;
#1637 = LINE ( 'NONE', #622, #1891 ) ;
#1638 = DIRECTION ( 'NONE',  ( 0.000000000000000000, 1.000000000000000000, 0.000000000000000000 ) ) ;
#1639 = ORIENTED_EDGE ( 'NONE', *, *, #3179, .T. ) ;
#1640 = ORIENTED_EDGE ( 'NONE', *, *, #32, .T. ) ;
#1641 = DIRECTION ( 'NONE',  ( 0.000000000000000000, 1.000000000000000000, 0.000000000000000000 ) ) ;
#1642 = EDGE_CURVE ( 'NONE', #1480, #462, #1813, .T. ) ;
#1643 = DIRECTION ( 'NONE',  ( 0.000000000000000000, -1.000000000000000000, 0.000000000000000000 ) ) ;
#1644 = DIRECTION ( 'NONE',  ( 0.000000000000000000, 1.000000000000000000, 0.000000000000000000 ) ) ;
#1645 = ORIENTED_EDGE ( 'NONE', *, *, #1672, .F. ) ;
#1646 = EDGE_CURVE ( 'NONE', #3420, #1849, #952, .T. ) ;
#1647 = DIRECTION ( 'NONE',  ( 0.000000000000000000, 1.000000000000000000, 0.000000000000000000 ) ) ;
#1648 = DIRECTION ( 'NONE',  ( 0.000000000000000000, 1.000000000000000000, 0.000000000000000000 ) ) ;
#1649 = VERTEX_POINT ( 'NONE', #3552 ) ;
#1650 = AXIS2_PLACEMENT_3D ( 'NONE', #2022, #3976, #2307 ) ;
#1651 = AXIS2_PLACEMENT_3D ( 'NONE', #4290, #1499, #890 ) ;
#1652 = CYLINDRICAL_SURFACE ( 'NONE', #202, 1.500000000000001332 ) ;
#1653 = FACE_BOUND ( 'NONE', #1000, .T. ) ;
#1654 = EDGE_CURVE ( 'NONE', #1081, #2452, #1535, .T. ) ;
#1655 = DIRECTION ( 'NONE',  ( 0.000000000000000000, 1.000000000000000000, 0.000000000000000000 ) ) ;
#1656 = CIRCLE ( 'NONE', #3962, 1.500000000000001332 ) ;
#1657 = AXIS2_PLACEMENT_3D ( 'NONE', #429, #1143, #4176 ) ;
#1658 = ORIENTED_EDGE ( 'NONE', *, *, #438, .T. ) ;
#1659 = CARTESIAN_POINT ( 'NONE',  ( 15.00000000000000000, 0.000000000000000000, 50.00000000000000000 ) ) ;
#1660 = ORIENTED_EDGE ( 'NONE', *, *, #2038, .T. ) ;
#1661 = ORIENTED_EDGE ( 'NONE', *, *, #3807, .T. ) ;
#1662 = AXIS2_PLACEMENT_3D ( 'NONE', #3200, #442, #2459 ) ;
#1663 = CARTESIAN_POINT ( 'NONE',  ( 15.00000000000000000, 0.000000000000000000, 100.0000000000000000 ) ) ;
#1664 = ADVANCED_FACE ( 'NONE', ( #2151 ), #2621, .F. ) ;
#1665 = AXIS2_PLACEMENT_3D ( 'NONE', #2399, #77, #2749 ) ;
#1666 = DIRECTION ( 'NONE',  ( 0.000000000000000000, 0.000000000000000000, -1.000000000000000000 ) ) ;
#1667 = DIRECTION ( 'NONE',  ( 0.000000000000000000, 0.000000000000000000, 1.000000000000000000 ) ) ;
#1668 = CIRCLE ( 'NONE', #2720, 1.250000000000001110 ) ;
#1669 = CARTESIAN_POINT ( 'NONE',  ( 14.99999999999986144, 4.000000000000000000, -60.00000000000000000 ) ) ;
#1670 = ORIENTED_EDGE ( 'NONE', *, *, #559, .F. ) ;
#1671 = DIRECTION ( 'NONE',  ( 0.000000000000000000, 1.000000000000000000, 0.000000000000000000 ) ) ;
#1672 = EDGE_CURVE ( 'NONE', #747, #2452, #2950, .T. ) ;
#1673 = DIRECTION ( 'NONE',  ( 0.000000000000000000, 0.000000000000000000, 1.000000000000000000 ) ) ;
#1674 = EDGE_LOOP ( 'NONE', ( #3958, #3811 ) ) ;
#1675 = EDGE_LOOP ( 'NONE', ( #3625, #1076 ) ) ;
#1676 = CARTESIAN_POINT ( 'NONE',  ( 79.10999999999999943, 0.000000000000000000, 10.50000000000000000 ) ) ;
#1677 = FACE_OUTER_BOUND ( 'NONE', #3091, .T. ) ;
#1678 = FACE_BOUND ( 'NONE', #2330, .T. ) ;
#1679 = CARTESIAN_POINT ( 'NONE',  ( 121.1099999999999994, 0.000000000000000000, -10.50000000000000000 ) ) ;
#1680 = AXIS2_PLACEMENT_3D ( 'NONE', #4008, #2400, #2373 ) ;
#1681 = ORIENTED_EDGE ( 'NONE', *, *, #1724, .F. ) ;
#1682 = CARTESIAN_POINT ( 'NONE',  ( 24.50000000000000000, 4.000000000000000000, 129.0000000000000000 ) ) ;
#1683 = ORIENTED_EDGE ( 'NONE', *, *, #14, .F. ) ;
#1684 = ORIENTED_EDGE ( 'NONE', *, *, #2263, .F. ) ;
#1685 = LINE ( 'NONE', #66, #1592 ) ;
#1686 = AXIS2_PLACEMENT_3D ( 'NONE', #1514, #1533, #1170 ) ;
#1687 = DIRECTION ( 'NONE',  ( 0.000000000000000000, 0.000000000000000000, 1.000000000000000000 ) ) ;
#1688 = LINE ( 'NONE', #751, #2033 ) ;
#1689 = AXIS2_PLACEMENT_3D ( 'NONE', #2953, #2646, #974 ) ;
#1690 = CARTESIAN_POINT ( 'NONE',  ( 47.50000000000000000, 0.000000000000000000, 129.0000000000000000 ) ) ;
#1691 = VECTOR ( 'NONE', #454, 1000.000000000000000 ) ;
#1692 = CARTESIAN_POINT ( 'NONE',  ( 30.00000000000000000, 0.000000000000000000, -58.50000000000000000 ) ) ;
#1693 = CARTESIAN_POINT ( 'NONE',  ( 4.749838088984120345E-16, 0.000000000000000000, 11.50000000000000000 ) ) ;
#1694 = VERTEX_POINT ( 'NONE', #871 ) ;
#1695 = CARTESIAN_POINT ( 'NONE',  ( 30.00000000000000000, 4.000000000000000000, 50.00000000000000000 ) ) ;
#1696 = FACE_BOUND ( 'NONE', #2624, .T. ) ;
#1697 = VERTEX_POINT ( 'NONE', #3226 ) ;
#1698 = ORIENTED_EDGE ( 'NONE', *, *, #2329, .F. ) ;
#1699 = VERTEX_POINT ( 'NONE', #2196 ) ;
#1700 = CARTESIAN_POINT ( 'NONE',  ( -45.00000000000000000, 4.000000000000000000, -45.00000000000000000 ) ) ;
#1701 = CARTESIAN_POINT ( 'NONE',  ( 56.50000000000000000, 0.000000000000000000, -52.34314575050760254 ) ) ;
#1702 = DIRECTION ( 'NONE',  ( 0.000000000000000000, 0.000000000000000000, 1.000000000000000000 ) ) ;
#1703 = CARTESIAN_POINT ( 'NONE',  ( 110.0000000000000000, 0.000000000000000000, 70.50000000000000000 ) ) ;
#1704 = ORIENTED_EDGE ( 'NONE', *, *, #2334, .F. ) ;
#1705 = DIRECTION ( 'NONE',  ( 0.000000000000000000, 1.000000000000000000, 0.000000000000000000 ) ) ;
#1706 = ORIENTED_EDGE ( 'NONE', *, *, #3595, .F. ) ;
#1707 = ORIENTED_EDGE ( 'NONE', *, *, #1228, .F. ) ;
#1708 = CYLINDRICAL_SURFACE ( 'NONE', #3678, 4.999999999999997335 ) ;
#1709 = FACE_BOUND ( 'NONE', #2785, .T. ) ;
#1710 = DIRECTION ( 'NONE',  ( -1.000000000000000000, 0.000000000000000000, 9.570888143320319339E-17 ) ) ;
#1711 = CYLINDRICAL_SURFACE ( 'NONE', #3932, 23.49999999999999289 ) ;
#1712 = EDGE_CURVE ( 'NONE', #829, #4092, #3756, .T. ) ;
#1713 = LINE ( 'NONE', #1971, #3207 ) ;
#1714 = CARTESIAN_POINT ( 'NONE',  ( 80.00000000000000000, 0.000000000000000000, 72.00000000000000000 ) ) ;
#1715 = LINE ( 'NONE', #3751, #3238 ) ;
#1716 = ORIENTED_EDGE ( 'NONE', *, *, #2702, .F. ) ;
#1717 = DIRECTION ( 'NONE',  ( 0.000000000000000000, 1.000000000000000000, 0.000000000000000000 ) ) ;
#1718 = DIRECTION ( 'NONE',  ( 0.000000000000000000, 1.000000000000000000, 0.000000000000000000 ) ) ;
#1719 = VERTEX_POINT ( 'NONE', #2177 ) ;
#1720 = ORIENTED_EDGE ( 'NONE', *, *, #3154, .F. ) ;
#1721 = ORIENTED_EDGE ( 'NONE', *, *, #2837, .T. ) ;
#1722 = EDGE_CURVE ( 'NONE', #3404, #181, #2643, .T. ) ;
#1723 = CARTESIAN_POINT ( 'NONE',  ( 80.00000000000000000, 4.000000000000000000, -48.00000000000000000 ) ) ;
#1724 = EDGE_CURVE ( 'NONE', #4335, #4315, #318, .T. ) ;
#1725 = VERTEX_POINT ( 'NONE', #2666 ) ;
#1726 = LINE ( 'NONE', #1324, #552 ) ;
#1727 = DIRECTION ( 'NONE',  ( -0.000000000000000000, 0.000000000000000000, -1.000000000000000000 ) ) ;
#1728 = CARTESIAN_POINT ( 'NONE',  ( 29.00000000000000000, 0.000000000000000000, -73.50000000000000000 ) ) ;
#1729 = AXIS2_PLACEMENT_3D ( 'NONE', #1132, #1052, #3765 ) ;
#1730 = VERTEX_POINT ( 'NONE', #301 ) ;
#1731 = LINE ( 'NONE', #3113, #1833 ) ;
#1732 = EDGE_CURVE ( 'NONE', #3080, #3642, #3016, .T. ) ;
#1733 = VERTEX_POINT ( 'NONE', #3671 ) ;
#1734 = ORIENTED_EDGE ( 'NONE', *, *, #2329, .T. ) ;
#1735 = CYLINDRICAL_SURFACE ( 'NONE', #4187, 1.250000000000001110 ) ;
#1736 = DIRECTION ( 'NONE',  ( 0.000000000000000000, 0.000000000000000000, -1.000000000000000000 ) ) ;
#1737 = VECTOR ( 'NONE', #4020, 1000.000000000000000 ) ;
#1738 = VECTOR ( 'NONE', #551, 1000.000000000000000 ) ;
#1739 = CYLINDRICAL_SURFACE ( 'NONE', #2167, 1.500000000000001332 ) ;
#1740 = VECTOR ( 'NONE', #473, 1000.000000000000000 ) ;
#1741 = CARTESIAN_POINT ( 'NONE',  ( 80.00000000000000000, 0.000000000000000000, 48.00000000000000000 ) ) ;
#1742 = CARTESIAN_POINT ( 'NONE',  ( 75.35999999999999943, 4.000000000000000000, 5.000000000000000000 ) ) ;
#1743 = VECTOR ( 'NONE', #888, 1000.000000000000000 ) ;
#1744 = CIRCLE ( 'NONE', #2227, 1.500000000000001332 ) ;
#1745 = CARTESIAN_POINT ( 'NONE',  ( 75.35999999999999943, 4.000000000000000000, -5.000000000000000000 ) ) ;
#1746 = DIRECTION ( 'NONE',  ( 0.000000000000000000, 1.000000000000000000, 0.000000000000000000 ) ) ;
#1747 = EDGE_LOOP ( 'NONE', ( #3129, #1147, #2528, #3605 ) ) ;
#1748 = AXIS2_PLACEMENT_3D ( 'NONE', #1144, #1229, #553 ) ;
#1749 = CARTESIAN_POINT ( 'NONE',  ( 15.00000000000000000, 0.000000000000000000, 113.5000000000000000 ) ) ;
#1750 = DIRECTION ( 'NONE',  ( 0.000000000000000000, 1.000000000000000000, 0.000000000000000000 ) ) ;
#1751 = ORIENTED_EDGE ( 'NONE', *, *, #1438, .T. ) ;
#1752 = EDGE_LOOP ( 'NONE', ( #334, #1953 ) ) ;
#1753 = CIRCLE ( 'NONE', #2795, 1.500000000000000000 ) ;
#1754 = EDGE_LOOP ( 'NONE', ( #3744, #1569, #2041, #1017 ) ) ;
#1755 = VERTEX_POINT ( 'NONE', #3725 ) ;
#1756 = DIRECTION ( 'NONE',  ( 0.000000000000000000, 1.000000000000000000, 0.000000000000000000 ) ) ;
#1757 = ADVANCED_FACE ( 'NONE', ( #2743 ), #1986, .F. ) ;
#1758 = FACE_OUTER_BOUND ( 'NONE', #1624, .T. ) ;
#1759 = DIRECTION ( 'NONE',  ( 0.000000000000000000, 1.000000000000000000, 0.000000000000000000 ) ) ;
#1760 = ORIENTED_EDGE ( 'NONE', *, *, #1903, .F. ) ;
#1761 = LINE ( 'NONE', #2133, #4207 ) ;
#1762 = ORIENTED_EDGE ( 'NONE', *, *, #1646, .F. ) ;
#1763 = ORIENTED_EDGE ( 'NONE', *, *, #1065, .F. ) ;
#1764 = ORIENTED_EDGE ( 'NONE', *, *, #975, .T. ) ;
#1765 = CARTESIAN_POINT ( 'NONE',  ( 0.000000000000000000, 0.000000000000000000, 45.00000000000000000 ) ) ;
#1766 = CARTESIAN_POINT ( 'NONE',  ( 36.00000000000000000, 0.000000000000000000, 122.5000000000000000 ) ) ;
#1767 = EDGE_CURVE ( 'NONE', #2755, #1699, #4328, .T. ) ;
#1768 = CARTESIAN_POINT ( 'NONE',  ( -20.00000000000000000, -6.000000000000000000, 54.00000000000000000 ) ) ;
#1769 = DIRECTION ( 'NONE',  ( 0.000000000000000000, 0.000000000000000000, 1.000000000000000000 ) ) ;
#1770 = ADVANCED_FACE ( 'NONE', ( #4003 ), #3630, .T. ) ;
#1771 = CARTESIAN_POINT ( 'NONE',  ( 29.00000000000000000, 0.000000000000000000, -73.50000000000000000 ) ) ;
#1772 = FACE_OUTER_BOUND ( 'NONE', #1056, .T. ) ;
#1773 = EDGE_LOOP ( 'NONE', ( #1860, #1707, #1085, #4180 ) ) ;
#1774 = FACE_OUTER_BOUND ( 'NONE', #3917, .T. ) ;
#1775 = ORIENTED_EDGE ( 'NONE', *, *, #2997, .T. ) ;
#1776 = ORIENTED_EDGE ( 'NONE', *, *, #3800, .T. ) ;
#1777 = AXIS2_PLACEMENT_3D ( 'NONE', #208, #881, #2159 ) ;
#1778 = VERTEX_POINT ( 'NONE', #2010 ) ;
#1779 = ORIENTED_EDGE ( 'NONE', *, *, #807, .T. ) ;
#1780 = CARTESIAN_POINT ( 'NONE',  ( 0.000000000000000000, 0.000000000000000000, -45.00000000000000000 ) ) ;
#1781 = LINE ( 'NONE', #110, #802 ) ;
#1782 = DIRECTION ( 'NONE',  ( 0.000000000000000000, 0.000000000000000000, 1.000000000000000000 ) ) ;
#1783 = ORIENTED_EDGE ( 'NONE', *, *, #891, .F. ) ;
#1784 = LINE ( 'NONE', #2463, #331 ) ;
#1785 = ORIENTED_EDGE ( 'NONE', *, *, #2687, .F. ) ;
#1786 = ORIENTED_EDGE ( 'NONE', *, *, #4085, .F. ) ;
#1787 = FACE_OUTER_BOUND ( 'NONE', #79, .T. ) ;
#1788 = CARTESIAN_POINT ( 'NONE',  ( 36.00000000000000000, 4.000000000000000000, 121.0000000000000000 ) ) ;
#1789 = CARTESIAN_POINT ( 'NONE',  ( 80.00000000000000000, 4.000000000000000000, 73.50000000000000000 ) ) ;
#1790 = FACE_OUTER_BOUND ( 'NONE', #3787, .T. ) ;
#1791 = EDGE_CURVE ( 'NONE', #462, #1480, #1379, .T. ) ;
#1792 = CC_DESIGN_DATE_AND_TIME_ASSIGNMENT ( #3895, #3510, ( #2179 ) ) ;
#1793 = DIRECTION ( 'NONE',  ( 0.000000000000000000, 1.000000000000000000, 0.000000000000000000 ) ) ;
#1794 = EDGE_CURVE ( 'NONE', #2902, #2173, #1713, .T. ) ;
#1795 = LINE ( 'NONE', #3121, #3633 ) ;
#1796 = FACE_BOUND ( 'NONE', #3549, .T. ) ;
#1797 = ORIENTED_EDGE ( 'NONE', *, *, #2184, .T. ) ;
#1798 = VERTEX_POINT ( 'NONE', #2336 ) ;
#1799 = VERTEX_POINT ( 'NONE', #2690 ) ;
#1800 = APPROVAL_ROLE ( '' ) ;
#1801 = EDGE_CURVE ( 'NONE', #1799, #3690, #2964, .T. ) ;
#1802 = VERTEX_POINT ( 'NONE', #73 ) ;
#1803 = CARTESIAN_POINT ( 'NONE',  ( 80.00000000000000000, 0.000000000000000000, 48.00000000000000000 ) ) ;
#1804 = CARTESIAN_POINT ( 'NONE',  ( -3.876209698044729818E-14, 4.000000000000000000, 135.0000000000000000 ) ) ;
#1805 = FACE_OUTER_BOUND ( 'NONE', #1505, .T. ) ;
#1806 = ORIENTED_EDGE ( 'NONE', *, *, #4225, .T. ) ;
#1807 = CARTESIAN_POINT ( 'NONE',  ( 30.00000000000000000, -6.000000000000000000, 51.50000000000000000 ) ) ;
#1808 = ORIENTED_EDGE ( 'NONE', *, *, #2702, .T. ) ;
#1809 = ORIENTED_EDGE ( 'NONE', *, *, #2754, .T. ) ;
#1810 = CARTESIAN_POINT ( 'NONE',  ( 15.00000000000000000, 4.000000000000000000, 113.5000000000000000 ) ) ;
#1811 = DIRECTION ( 'NONE',  ( 0.000000000000000000, 0.000000000000000000, 1.000000000000000000 ) ) ;
#1812 = DIRECTION ( 'NONE',  ( 0.000000000000000000, 0.000000000000000000, 1.000000000000000000 ) ) ;
#1813 = CIRCLE ( 'NONE', #3410, 1.500000000000001332 ) ;
#1814 = EDGE_CURVE ( 'NONE', #1838, #2487, #40, .T. ) ;
#1815 = CARTESIAN_POINT ( 'NONE',  ( 139.0000000000000000, 0.000000000000000000, -52.00000000000000000 ) ) ;
#1816 = AXIS2_PLACEMENT_3D ( 'NONE', #3918, #2954, #1239 ) ;
#1817 = DIRECTION ( 'NONE',  ( 0.000000000000000000, 1.000000000000000000, 0.000000000000000000 ) ) ;
#1818 = CARTESIAN_POINT ( 'NONE',  ( 79.10999999999999943, -6.000000000000000000, 11.50000000000000000 ) ) ;
#1819 = EDGE_CURVE ( 'NONE', #1134, #2322, #3698, .T. ) ;
#1820 = AXIS2_PLACEMENT_3D ( 'NONE', #2128, #2801, #1445 ) ;
#1821 = EDGE_LOOP ( 'NONE', ( #4110, #1465 ) ) ;
#1822 = VERTEX_POINT ( 'NONE', #3984 ) ;
#1823 = VERTEX_POINT ( 'NONE', #1690 ) ;
#1824 = VECTOR ( 'NONE', #3021, 1000.000000000000000 ) ;
#1825 = ORIENTED_EDGE ( 'NONE', *, *, #2368, .T. ) ;
#1826 = EDGE_CURVE ( 'NONE', #4031, #2910, #4023, .T. ) ;
#1827 = DIRECTION ( 'NONE',  ( 0.000000000000000000, 1.000000000000000000, 0.000000000000000000 ) ) ;
#1828 = LINE ( 'NONE', #1541, #2250 ) ;
#1829 = AXIS2_PLACEMENT_3D ( 'NONE', #3294, #3007, #1271 ) ;
#1830 = LINE ( 'NONE', #3184, #907 ) ;
#1831 = VERTEX_POINT ( 'NONE', #2366 ) ;
#1832 = CARTESIAN_POINT ( 'NONE',  ( 15.00000000000000000, -6.000000000000000000, 115.0000000000000000 ) ) ;
#1833 = VECTOR ( 'NONE', #1705, 1000.000000000000000 ) ;
#1834 = ORIENTED_EDGE ( 'NONE', *, *, #2744, .T. ) ;
#1835 = VERTEX_POINT ( 'NONE', #988 ) ;
#1836 = CARTESIAN_POINT ( 'NONE',  ( 14.99999999999986144, -6.000000000000000000, -61.50000000000000000 ) ) ;
#1837 = CARTESIAN_POINT ( 'NONE',  ( 80.00000000000000000, 0.000000000000000000, -70.50000000000000000 ) ) ;
#1838 = VERTEX_POINT ( 'NONE', #3318 ) ;
#1839 = DIRECTION ( 'NONE',  ( 0.000000000000000000, 0.000000000000000000, 1.000000000000000000 ) ) ;
#1840 = DIRECTION ( 'NONE',  ( 0.000000000000000000, 0.000000000000000000, 1.000000000000000000 ) ) ;
#1841 = CARTESIAN_POINT ( 'NONE',  ( 134.0000000000000000, 4.000000000000000000, 57.00000000000000000 ) ) ;
#1842 = VECTOR ( 'NONE', #1092, 1000.000000000000000 ) ;
#1843 = ORIENTED_EDGE ( 'NONE', *, *, #99, .T. ) ;
#1844 = ADVANCED_FACE ( 'NONE', ( #700 ), #2037, .F. ) ;
#1845 = EDGE_LOOP ( 'NONE', ( #1185, #1083, #2016, #3833 ) ) ;
#1846 = VERTEX_POINT ( 'NONE', #372 ) ;
#1847 = CIRCLE ( 'NONE', #3240, 1.500000000000001332 ) ;
#1848 = COORDINATED_UNIVERSAL_TIME_OFFSET ( 8, 0, .AHEAD. ) ;
#1849 = VERTEX_POINT ( 'NONE', #4054 ) ;
#1850 = CARTESIAN_POINT ( 'NONE',  ( 30.00000000000000000, 0.000000000000000000, 116.5000000000000000 ) ) ;
#1851 = DIRECTION ( 'NONE',  ( 0.000000000000000000, 0.000000000000000000, 1.000000000000000000 ) ) ;
#1852 = DIRECTION ( 'NONE',  ( 0.000000000000000000, 1.000000000000000000, 0.000000000000000000 ) ) ;
#1853 = EDGE_CURVE ( 'NONE', #173, #984, #600, .T. ) ;
#1854 = EDGE_CURVE ( 'NONE', #507, #65, #3608, .T. ) ;
#1855 = ORIENTED_EDGE ( 'NONE', *, *, #2745, .F. ) ;
#1856 = ORIENTED_EDGE ( 'NONE', *, *, #4262, .T. ) ;
#1857 = ORIENTED_EDGE ( 'NONE', *, *, #953, .F. ) ;
#1858 = CYLINDRICAL_SURFACE ( 'NONE', #261, 4.999999999999997335 ) ;
#1859 = LINE ( 'NONE', #1548, #1217 ) ;
#1860 = ORIENTED_EDGE ( 'NONE', *, *, #2674, .F. ) ;
#1861 = ORIENTED_EDGE ( 'NONE', *, *, #1501, .T. ) ;
#1862 = LINE ( 'NONE', #144, #712 ) ;
#1863 = CYLINDRICAL_SURFACE ( 'NONE', #4117, 1.500000000000001332 ) ;
#1864 = DIRECTION ( 'NONE',  ( 0.000000000000000000, 0.000000000000000000, 1.000000000000000000 ) ) ;
#1865 = EDGE_CURVE ( 'NONE', #509, #278, #3908, .T. ) ;
#1866 = EDGE_LOOP ( 'NONE', ( #4198, #466, #1988, #946 ) ) ;
#1867 = APPROVAL_STATUS ( 'not_yet_approved' ) ;
#1868 = ORIENTED_EDGE ( 'NONE', *, *, #1917, .F. ) ;
#1869 = LINE ( 'NONE', #1129, #2358 ) ;
#1870 = CARTESIAN_POINT ( 'NONE',  ( 56.50000000000000000, 0.000000000000000000, -50.84314575050760254 ) ) ;
#1871 = DIRECTION ( 'NONE',  ( 1.000000000000000000, 0.000000000000000000, 0.000000000000000000 ) ) ;
#1872 = EDGE_CURVE ( 'NONE', #4100, #1822, #406, .T. ) ;
#1873 = VERTEX_POINT ( 'NONE', #1815 ) ;
#1874 = CARTESIAN_POINT ( 'NONE',  ( 134.0000000000000000, 0.000000000000000000, -38.00000000000000000 ) ) ;
#1875 = CARTESIAN_POINT ( 'NONE',  ( 0.000000000000000000, 4.000000000000000000, -135.0000000000000000 ) ) ;
#1876 = ADVANCED_FACE ( 'NONE', ( #3453 ), #3828, .F. ) ;
#1877 = ORIENTED_EDGE ( 'NONE', *, *, #3766, .T. ) ;
#1878 = VERTEX_POINT ( 'NONE', #145 ) ;
#1879 = FACE_OUTER_BOUND ( 'NONE', #1173, .T. ) ;
#1880 = CARTESIAN_POINT ( 'NONE',  ( 139.0000000000000000, 4.000000000000000000, 52.00000000000000000 ) ) ;
#1881 = VECTOR ( 'NONE', #86, 1000.000000000000000 ) ;
#1882 = VECTOR ( 'NONE', #3556, 1000.000000000000000 ) ;
#1883 = DIRECTION ( 'NONE',  ( 0.000000000000000000, 1.000000000000000000, 0.000000000000000000 ) ) ;
#1884 = VECTOR ( 'NONE', #3422, 1000.000000000000000 ) ;
#1885 = APPROVAL_DATE_TIME ( #3881, #1962 ) ;
#1886 = ORIENTED_EDGE ( 'NONE', *, *, #6, .F. ) ;
#1887 = DIRECTION ( 'NONE',  ( 0.000000000000000000, 0.000000000000000000, 1.000000000000000000 ) ) ;
#1888 = DIRECTION ( 'NONE',  ( 0.000000000000000000, 1.000000000000000000, 0.000000000000000000 ) ) ;
#1889 = DIRECTION ( 'NONE',  ( 0.000000000000000000, 0.000000000000000000, 1.000000000000000000 ) ) ;
#1890 = CIRCLE ( 'NONE', #554, 1.500000000000001332 ) ;
#1891 = VECTOR ( 'NONE', #2942, 1000.000000000000000 ) ;
#1892 = ORIENTED_EDGE ( 'NONE', *, *, #527, .T. ) ;
#1893 = DIRECTION ( 'NONE',  ( 0.000000000000000000, -1.000000000000000000, 0.000000000000000000 ) ) ;
#1894 = AXIS2_PLACEMENT_3D ( 'NONE', #1944, #3277, #961 ) ;
#1895 = FACE_OUTER_BOUND ( 'NONE', #2800, .T. ) ;
#1896 = VECTOR ( 'NONE', #1373, 1000.000000000000000 ) ;
#1897 = CYLINDRICAL_SURFACE ( 'NONE', #2581, 1.500000000000001332 ) ;
#1898 = VERTEX_POINT ( 'NONE', #2446 ) ;
#1899 = DIRECTION ( 'NONE',  ( 0.000000000000000000, 0.000000000000000000, 1.000000000000000000 ) ) ;
#1900 = DIRECTION ( 'NONE',  ( 0.000000000000000000, 1.000000000000000000, 0.000000000000000000 ) ) ;
#1901 = EDGE_CURVE ( 'NONE', #659, #651, #455, .T. ) ;
#1902 = DIRECTION ( 'NONE',  ( 0.000000000000000000, 0.000000000000000000, 1.000000000000000000 ) ) ;
#1903 = EDGE_CURVE ( 'NONE', #4113, #4209, #2970, .T. ) ;
#1904 = EDGE_LOOP ( 'NONE', ( #1096, #1721, #1594, #2660 ) ) ;
#1905 = CARTESIAN_POINT ( 'NONE',  ( 80.10999999999999943, 4.000000000000000000, -11.50000000000000000 ) ) ;
#1906 = CARTESIAN_POINT ( 'NONE',  ( 36.00000000000000000, 0.000000000000000000, 121.0000000000000000 ) ) ;
#1907 = CIRCLE ( 'NONE', #4332, 1.500000000000001332 ) ;
#1908 = VERTEX_POINT ( 'NONE', #755 ) ;
#1909 = VECTOR ( 'NONE', #304, 1000.000000000000000 ) ;
#1910 = DIRECTION ( 'NONE',  ( 0.000000000000000000, -1.000000000000000000, 0.000000000000000000 ) ) ;
#1911 = CIRCLE ( 'NONE', #4338, 1.500000000000001332 ) ;
#1912 = CARTESIAN_POINT ( 'NONE',  ( 0.000000000000000000, 0.000000000000000000, -135.0000000000000000 ) ) ;
#1913 = AXIS2_PLACEMENT_3D ( 'NONE', #1079, #2379, #3764 ) ;
#1914 = CARTESIAN_POINT ( 'NONE',  ( 29.00000000000000000, 0.000000000000000000, -122.0000000000000000 ) ) ;
#1915 = ORIENTED_EDGE ( 'NONE', *, *, #1140, .T. ) ;
#1916 = LINE ( 'NONE', #228, #548 ) ;
#1917 = EDGE_CURVE ( 'NONE', #1898, #1047, #2470, .T. ) ;
#1918 = CARTESIAN_POINT ( 'NONE',  ( 37.50000000000000000, 0.000000000000000000, 127.0000000000000000 ) ) ;
#1919 = EDGE_CURVE ( 'NONE', #190, #549, #2814, .T. ) ;
#1920 = ADVANCED_FACE ( 'NONE', ( #1790 ), #4136, .F. ) ;
#1921 = CARTESIAN_POINT ( 'NONE',  ( 134.0000000000000000, 4.000000000000000000, 52.00000000000000000 ) ) ;
#1922 = CARTESIAN_POINT ( 'NONE',  ( 56.50000000000000000, 0.000000000000000000, 50.84314575050760254 ) ) ;
#1923 = EDGE_CURVE ( 'NONE', #2344, #3248, #2630, .T. ) ;
#1924 = EDGE_LOOP ( 'NONE', ( #1437, #2672 ) ) ;
#1925 = DIRECTION ( 'NONE',  ( 0.000000000000000000, 0.000000000000000000, 1.000000000000000000 ) ) ;
#1926 = DIRECTION ( 'NONE',  ( 0.000000000000000000, 0.000000000000000000, 1.000000000000000000 ) ) ;
#1927 = FACE_OUTER_BOUND ( 'NONE', #1283, .T. ) ;
#1928 = EDGE_LOOP ( 'NONE', ( #352, #2412, #2777, #1645 ) ) ;
#1929 = ORIENTED_EDGE ( 'NONE', *, *, #1022, .T. ) ;
#1930 = CARTESIAN_POINT ( 'NONE',  ( 56.50000000000000000, 0.000000000000000000, -50.84314575050760254 ) ) ;
#1931 = CYLINDRICAL_SURFACE ( 'NONE', #3449, 1.500000000000001332 ) ;
#1932 = EDGE_CURVE ( 'NONE', #2842, #2058, #809, .T. ) ;
#1933 = ADVANCED_FACE ( 'NONE', ( #1169 ), #785, .F. ) ;
#1934 = DIRECTION ( 'NONE',  ( -1.000000000000000000, 0.000000000000000000, 4.130293990420970006E-17 ) ) ;
#1935 = AXIS2_PLACEMENT_3D ( 'NONE', #3246, #2565, #3902 ) ;
#1936 = DIRECTION ( 'NONE',  ( 0.000000000000000000, 1.000000000000000000, 0.000000000000000000 ) ) ;
#1937 = ADVANCED_FACE ( 'NONE', ( #501 ), #1863, .F. ) ;
#1938 = ORIENTED_EDGE ( 'NONE', *, *, #1287, .F. ) ;
#1939 = DIRECTION ( 'NONE',  ( 0.000000000000000000, 0.000000000000000000, 1.000000000000000000 ) ) ;
#1940 = CYLINDRICAL_SURFACE ( 'NONE', #3716, 1.500000000000001332 ) ;
#1941 = AXIS2_PLACEMENT_3D ( 'NONE', #2907, #2611, #2286 ) ;
#1942 = DIRECTION ( 'NONE',  ( 0.000000000000000000, 1.000000000000000000, 0.000000000000000000 ) ) ;
#1943 = AXIS2_PLACEMENT_3D ( 'NONE', #2714, #965, #1357 ) ;
#1944 = CARTESIAN_POINT ( 'NONE',  ( 134.0000000000000000, 4.000000000000000000, 38.00000000000000000 ) ) ;
#1945 = CIRCLE ( 'NONE', #3968, 1.500000000000001332 ) ;
#1946 = ORIENTED_EDGE ( 'NONE', *, *, #2114, .T. ) ;
#1947 = ORIENTED_EDGE ( 'NONE', *, *, #1573, .F. ) ;
#1948 = CARTESIAN_POINT ( 'NONE',  ( 30.00000000000000000, 0.000000000000000000, -45.00000000000000000 ) ) ;
#1949 = AXIS2_PLACEMENT_3D ( 'NONE', #1669, #4056, #2337 ) ;
#1950 = LINE ( 'NONE', #1310, #1494 ) ;
#1951 = AXIS2_PLACEMENT_3D ( 'NONE', #1659, #2944, #3997 ) ;
#1952 = DIRECTION ( 'NONE',  ( -1.000000000000000000, 0.000000000000000000, 4.130293990420970006E-17 ) ) ;
#1953 = ORIENTED_EDGE ( 'NONE', *, *, #2682, .T. ) ;
#1954 = LINE ( 'NONE', #2559, #494 ) ;
#1955 = DIRECTION ( 'NONE',  ( 0.000000000000000000, -1.000000000000000000, 0.000000000000000000 ) ) ;
#1956 = CARTESIAN_POINT ( 'NONE',  ( 145.0000000000000000, 4.000000000000000000, 75.00000000000000000 ) ) ;
#1957 = DIRECTION ( 'NONE',  ( 0.000000000000000000, 0.000000000000000000, 1.000000000000000000 ) ) ;
#1958 = FACE_OUTER_BOUND ( 'NONE', #64, .T. ) ;
#1959 = CIRCLE ( 'NONE', #225, 1.500000000000001332 ) ;
#1960 = ADVANCED_FACE ( 'NONE', ( #3171 ), #1513, .F. ) ;
#1961 = EDGE_CURVE ( 'NONE', #981, #3663, #3526, .T. ) ;
#1962 = APPROVAL ( #2172, 'æœª' ) ;
#1963 = DIRECTION ( 'NONE',  ( -1.000000000000000000, 0.000000000000000000, 0.000000000000000000 ) ) ;
#1964 = AXIS2_PLACEMENT_3D ( 'NONE', #1244, #3983, #3301 ) ;
#1965 = ORIENTED_EDGE ( 'NONE', *, *, #884, .T. ) ;
#1966 = VERTEX_POINT ( 'NONE', #98 ) ;
#1967 = DIRECTION ( 'NONE',  ( -9.570888143320319339E-17, 0.000000000000000000, -1.000000000000000000 ) ) ;
#1968 = CIRCLE ( 'NONE', #4072, 4.999999999999997335 ) ;
#1969 = EDGE_CURVE ( 'NONE', #1699, #2850, #3195, .T. ) ;
#1970 = DIRECTION ( 'NONE',  ( 0.000000000000000000, 1.000000000000000000, 0.000000000000000000 ) ) ;
#1971 = CARTESIAN_POINT ( 'NONE',  ( 14.99999999999986144, -6.000000000000000000, -128.5000000000000000 ) ) ;
#1972 = EDGE_CURVE ( 'NONE', #2755, #3404, #2769, .T. ) ;
#1973 = VERTEX_POINT ( 'NONE', #920 ) ;
#1974 = LINE ( 'NONE', #2992, #1603 ) ;
#1975 = LINE ( 'NONE', #251, #163 ) ;
#1976 = CARTESIAN_POINT ( 'NONE',  ( 47.50000000000000000, 0.000000000000000000, 6.103656674733209680E-15 ) ) ;
#1977 = EDGE_CURVE ( 'NONE', #3211, #1081, #4271, .T. ) ;
#1978 = FACE_BOUND ( 'NONE', #1752, .T. ) ;
#1979 = DIRECTION ( 'NONE',  ( 0.000000000000000000, 1.000000000000000000, 0.000000000000000000 ) ) ;
#1980 = ORIENTED_EDGE ( 'NONE', *, *, #3219, .F. ) ;
#1981 = LINE ( 'NONE', #3311, #1131 ) ;
#1982 = ORIENTED_EDGE ( 'NONE', *, *, #3651, .T. ) ;
#1983 = ORIENTED_EDGE ( 'NONE', *, *, #3830, .F. ) ;
#1984 = CARTESIAN_POINT ( 'NONE',  ( 41.50000000000000000, 4.000000000000000000, -129.0000000000000000 ) ) ;
#1985 = DIRECTION ( 'NONE',  ( 0.000000000000000000, 0.000000000000000000, 1.000000000000000000 ) ) ;
#1986 = CYLINDRICAL_SURFACE ( 'NONE', #197, 4.999999999999997335 ) ;
#1987 = CARTESIAN_POINT ( 'NONE',  ( 80.00000000000000000, 0.000000000000000000, 72.00000000000000000 ) ) ;
#1988 = ORIENTED_EDGE ( 'NONE', *, *, #292, .T. ) ;
#1989 = DIRECTION ( 'NONE',  ( 0.000000000000000000, 1.000000000000000000, 0.000000000000000000 ) ) ;
#1990 = CARTESIAN_POINT ( 'NONE',  ( 57.50000000000000000, 4.000000000000000000, 81.00000000000000000 ) ) ;
#1991 = EDGE_LOOP ( 'NONE', ( #423, #2504, #1992, #2319 ) ) ;
#1992 = ORIENTED_EDGE ( 'NONE', *, *, #2255, .T. ) ;
#1993 = AXIS2_PLACEMENT_3D ( 'NONE', #819, #1154, #1782 ) ;
#1994 = AXIS2_PLACEMENT_3D ( 'NONE', #1280, #2607, #284 ) ;
#1995 = LINE ( 'NONE', #3738, #3846 ) ;
#1996 = FACE_BOUND ( 'NONE', #792, .T. ) ;
#1997 = DIRECTION ( 'NONE',  ( 0.000000000000000000, 0.000000000000000000, 1.000000000000000000 ) ) ;
#1998 = CIRCLE ( 'NONE', #1816, 1.500000000000001332 ) ;
#1999 = CIRCLE ( 'NONE', #132, 1.500000000000001332 ) ;
#2000 = VERTEX_POINT ( 'NONE', #2881 ) ;
#2001 = CARTESIAN_POINT ( 'NONE',  ( 124.8599999999999994, 0.000000000000000000, 5.000000000000000000 ) ) ;
#2002 = ORIENTED_EDGE ( 'NONE', *, *, #3474, .F. ) ;
#2003 = EDGE_LOOP ( 'NONE', ( #3390, #3058 ) ) ;
#2004 = CARTESIAN_POINT ( 'NONE',  ( 121.1099999999999994, 4.000000000000000000, 11.50000000000000000 ) ) ;
#2005 = VECTOR ( 'NONE', #2823, 1000.000000000000000 ) ;
#2006 = DIRECTION ( 'NONE',  ( 0.000000000000000000, 0.000000000000000000, -1.000000000000000000 ) ) ;
#2007 = AXIS2_PLACEMENT_3D ( 'NONE', #3883, #2280, #2591 ) ;
#2008 = DIRECTION ( 'NONE',  ( 0.000000000000000000, 0.000000000000000000, -1.000000000000000000 ) ) ;
#2009 = AXIS2_PLACEMENT_3D ( 'NONE', #2877, #3904, #3120 ) ;
#2010 = CARTESIAN_POINT ( 'NONE',  ( 30.00000000000000000, 4.000000000000000000, 101.5000000000000000 ) ) ;
#2011 = DIRECTION ( 'NONE',  ( 0.000000000000000000, 1.000000000000000000, 0.000000000000000000 ) ) ;
#2012 = CYLINDRICAL_SURFACE ( 'NONE', #3168, 1.500000000000000000 ) ;
#2013 = VERTEX_POINT ( 'NONE', #2859 ) ;
#2014 = LINE ( 'NONE', #633, #3565 ) ;
#2015 = DIRECTION ( 'NONE',  ( 0.7071067811865514585, 0.000000000000000000, -0.7071067811865435759 ) ) ;
#2016 = ORIENTED_EDGE ( 'NONE', *, *, #820, .T. ) ;
#2017 = ORIENTED_EDGE ( 'NONE', *, *, #2957, .F. ) ;
#2018 = EDGE_LOOP ( 'NONE', ( #2145, #3506, #823, #3822 ) ) ;
#2019 = LINE ( 'NONE', #3736, #2454 ) ;
#2020 = DIRECTION ( 'NONE',  ( -0.000000000000000000, 0.000000000000000000, -1.000000000000000000 ) ) ;
#2021 = DIRECTION ( 'NONE',  ( 0.000000000000000000, 0.000000000000000000, 1.000000000000000000 ) ) ;
#2022 = CARTESIAN_POINT ( 'NONE',  ( 50.84314575050770202, 0.000000000000000000, -56.50000000000000000 ) ) ;
#2023 = CIRCLE ( 'NONE', #3631, 1.500000000000001332 ) ;
#2024 = VERTEX_POINT ( 'NONE', #3249 ) ;
#2025 = CYLINDRICAL_SURFACE ( 'NONE', #3776, 1.500000000000001332 ) ;
#2026 = ORIENTED_EDGE ( 'NONE', *, *, #1059, .T. ) ;
#2027 = EDGE_CURVE ( 'NONE', #588, #1835, #1999, .T. ) ;
#2028 = VERTEX_POINT ( 'NONE', #578 ) ;
#2029 = FACE_OUTER_BOUND ( 'NONE', #3051, .T. ) ;
#2030 = AXIS2_PLACEMENT_3D ( 'NONE', #3528, #2536, #2839 ) ;
#2031 = DIRECTION ( 'NONE',  ( 0.000000000000000000, 0.000000000000000000, 1.000000000000000000 ) ) ;
#2032 = DIRECTION ( 'NONE',  ( 0.000000000000000000, 1.000000000000000000, 0.000000000000000000 ) ) ;
#2033 = VECTOR ( 'NONE', #2363, 1000.000000000000000 ) ;
#2034 = CARTESIAN_POINT ( 'NONE',  ( 30.00000000000000000, 4.000000000000000000, -61.50000000000000000 ) ) ;
#2035 = AXIS2_PLACEMENT_3D ( 'NONE', #889, #3569, #818 ) ;
#2036 = EDGE_CURVE ( 'NONE', #2381, #2057, #3909, .T. ) ;
#2037 = PLANE ( 'NONE',  #125 ) ;
#2038 = EDGE_CURVE ( 'NONE', #1134, #435, #3213, .T. ) ;
#2039 = DIRECTION ( 'NONE',  ( 0.000000000000000000, 0.000000000000000000, 1.000000000000000000 ) ) ;
#2040 = CARTESIAN_POINT ( 'NONE',  ( 134.0000000000000000, 0.000000000000000000, 38.00000000000000000 ) ) ;
#2041 = ORIENTED_EDGE ( 'NONE', *, *, #345, .T. ) ;
#2042 = FACE_OUTER_BOUND ( 'NONE', #4066, .T. ) ;
#2043 = DIRECTION ( 'NONE',  ( 0.000000000000000000, 0.000000000000000000, 1.000000000000000000 ) ) ;
#2044 = EDGE_LOOP ( 'NONE', ( #880, #1191, #366, #4046 ) ) ;
#2045 = VERTEX_POINT ( 'NONE', #1880 ) ;
#2046 = ADVANCED_FACE ( 'NONE', ( #262 ), #590, .T. ) ;
#2047 = EDGE_LOOP ( 'NONE', ( #391, #1194 ) ) ;
#2048 = DIRECTION ( 'NONE',  ( 0.000000000000000000, 1.000000000000000000, 0.000000000000000000 ) ) ;
#2049 = AXIS2_PLACEMENT_3D ( 'NONE', #3635, #1936, #269 ) ;
#2050 = ORIENTED_EDGE ( 'NONE', *, *, #527, .F. ) ;
#2051 = DIRECTION ( 'NONE',  ( 0.000000000000000000, 1.000000000000000000, 0.000000000000000000 ) ) ;
#2052 = EDGE_CURVE ( 'NONE', #1878, #2710, #1916, .T. ) ;
#2053 = CARTESIAN_POINT ( 'NONE',  ( 57.50000000000000000, 4.000000000000000000, -81.00000000000000000 ) ) ;
#2054 = CYLINDRICAL_SURFACE ( 'NONE', #3488, 0.9999999999999991118 ) ;
#2055 = ORIENTED_EDGE ( 'NONE', *, *, #3185, .F. ) ;
#2056 = CARTESIAN_POINT ( 'NONE',  ( 30.00000000000000000, 4.000000000000000000, 113.5000000000000000 ) ) ;
#2057 = VERTEX_POINT ( 'NONE', #246 ) ;
#2058 = VERTEX_POINT ( 'NONE', #900 ) ;
#2059 = CARTESIAN_POINT ( 'NONE',  ( 36.00000000000000000, 4.000000000000000000, 77.50000000000000000 ) ) ;
#2060 = FACE_BOUND ( 'NONE', #2821, .T. ) ;
#2061 = DIRECTION ( 'NONE',  ( 0.000000000000000000, -1.000000000000000000, 0.000000000000000000 ) ) ;
#2062 = CYLINDRICAL_SURFACE ( 'NONE', #1226, 1.500000000000001332 ) ;
#2063 = CARTESIAN_POINT ( 'NONE',  ( 30.00000000000000000, 4.000000000000000000, -45.00000000000000000 ) ) ;
#2064 = CARTESIAN_POINT ( 'NONE',  ( 45.00000000000000000, 0.000000000000000000, -30.00000000000000000 ) ) ;
#2065 = EDGE_CURVE ( 'NONE', #3818, #2148, #4201, .T. ) ;
#2066 = CARTESIAN_POINT ( 'NONE',  ( 121.1099999999999994, -6.000000000000000000, 11.50000000000000000 ) ) ;
#2067 = ORIENTED_EDGE ( 'NONE', *, *, #3985, .F. ) ;
#2068 = CARTESIAN_POINT ( 'NONE',  ( 50.84314575050770202, 0.000000000000000000, -58.00000000000000000 ) ) ;
#2069 = FACE_OUTER_BOUND ( 'NONE', #1504, .T. ) ;
#2070 = ORIENTED_EDGE ( 'NONE', *, *, #3300, .F. ) ;
#2071 = ORIENTED_EDGE ( 'NONE', *, *, #565, .F. ) ;
#2072 = ORIENTED_EDGE ( 'NONE', *, *, #1623, .F. ) ;
#2073 = CARTESIAN_POINT ( 'NONE',  ( 30.00000000000000000, 4.000000000000000000, -58.50000000000000000 ) ) ;
#2074 = EDGE_LOOP ( 'NONE', ( #3517, #3979, #1877, #149 ) ) ;
#2075 = CARTESIAN_POINT ( 'NONE',  ( 124.8599999999999994, -6.000000000000000000, -5.000000000000000000 ) ) ;
#2076 = DIRECTION ( 'NONE',  ( 0.000000000000000000, 0.000000000000000000, 1.000000000000000000 ) ) ;
#2077 = CARTESIAN_POINT ( 'NONE',  ( 0.000000000000000000, -6.000000000000000000, -135.0000000000000000 ) ) ;
#2078 = ADVANCED_FACE ( 'NONE', ( #3606 ), #280, .F. ) ;
#2079 = ORIENTED_EDGE ( 'NONE', *, *, #249, .F. ) ;
#2080 = AXIS2_PLACEMENT_3D ( 'NONE', #3071, #1410, #2317 ) ;
#2081 = CARTESIAN_POINT ( 'NONE',  ( 139.0000000000000000, 0.000000000000000000, -75.00000000000000000 ) ) ;
#2082 = ORIENTED_EDGE ( 'NONE', *, *, #3066, .F. ) ;
#2083 = CARTESIAN_POINT ( 'NONE',  ( 24.50000000000000000, -6.000000000000000000, 127.7500000000000000 ) ) ;
#2084 = FACE_BOUND ( 'NONE', #1181, .T. ) ;
#2085 = CIRCLE ( 'NONE', #3325, 1.500000000000001332 ) ;
#2086 = VECTOR ( 'NONE', #646, 1000.000000000000000 ) ;
#2087 = DIRECTION ( 'NONE',  ( 0.000000000000000000, 0.000000000000000000, 1.000000000000000000 ) ) ;
#2088 = DIRECTION ( 'NONE',  ( 0.000000000000000000, 1.000000000000000000, 0.000000000000000000 ) ) ;
#2089 = CIRCLE ( 'NONE', #2007, 1.500000000000001332 ) ;
#2090 = VECTOR ( 'NONE', #12, 1000.000000000000000 ) ;
#2091 = DIRECTION ( 'NONE',  ( 0.000000000000000000, 0.000000000000000000, 1.000000000000000000 ) ) ;
#2092 = FACE_OUTER_BOUND ( 'NONE', #2484, .T. ) ;
#2093 = VERTEX_POINT ( 'NONE', #1210 ) ;
#2094 = AXIS2_PLACEMENT_3D ( 'NONE', #1435, #3429, #320 ) ;
#2095 = ADVANCED_FACE ( 'NONE', ( #539 ), #883, .T. ) ;
#2096 = DIRECTION ( 'NONE',  ( 0.000000000000000000, 0.000000000000000000, 1.000000000000000000 ) ) ;
#2097 = ORIENTED_EDGE ( 'NONE', *, *, #323, .F. ) ;
#2098 = EDGE_LOOP ( 'NONE', ( #4144, #2107 ) ) ;
#2099 = AXIS2_PLACEMENT_3D ( 'NONE', #1682, #639, #4299 ) ;
#2100 = ORIENTED_EDGE ( 'NONE', *, *, #2884, .F. ) ;
#2101 = VERTEX_POINT ( 'NONE', #3235 ) ;
#2102 = LINE ( 'NONE', #3156, #2284 ) ;
#2103 = FACE_OUTER_BOUND ( 'NONE', #3590, .T. ) ;
#2104 = LINE ( 'NONE', #29, #2912 ) ;
#2105 = ORIENTED_EDGE ( 'NONE', *, *, #3598, .T. ) ;
#2106 = CARTESIAN_POINT ( 'NONE',  ( 36.00000000000000000, 4.000000000000000000, 119.5000000000000000 ) ) ;
#2107 = ORIENTED_EDGE ( 'NONE', *, *, #2214, .T. ) ;
#2108 = ORIENTED_EDGE ( 'NONE', *, *, #4225, .F. ) ;
#2109 = ORIENTED_EDGE ( 'NONE', *, *, #2901, .F. ) ;
#2110 = DIRECTION ( 'NONE',  ( 0.000000000000000000, 0.000000000000000000, -1.000000000000000000 ) ) ;
#2111 = FACE_OUTER_BOUND ( 'NONE', #3402, .T. ) ;
#2112 = ADVANCED_FACE ( 'NONE', ( #2205 ), #948, .F. ) ;
#2113 = CC_DESIGN_PERSON_AND_ORGANIZATION_ASSIGNMENT ( #3180, #4143, ( #500 ) ) ;
#2114 = EDGE_CURVE ( 'NONE', #337, #2123, #2163, .T. ) ;
#2115 = DIRECTION ( 'NONE',  ( 0.000000000000000000, 0.000000000000000000, 1.000000000000000000 ) ) ;
#2116 = DIRECTION ( 'NONE',  ( 0.000000000000000000, 1.000000000000000000, 0.000000000000000000 ) ) ;
#2117 = ADVANCED_FACE ( 'NONE', ( #209 ), #2259, .F. ) ;
#2118 = LINE ( 'NONE', #3455, #1205 ) ;
#2119 = DIRECTION ( 'NONE',  ( 1.000000000000000000, 0.000000000000000000, -4.130293990420970006E-17 ) ) ;
#2120 = AXIS2_PLACEMENT_3D ( 'NONE', #1741, #1408, #2741 ) ;
#2121 = FACE_BOUND ( 'NONE', #517, .T. ) ;
#2122 = ORIENTED_EDGE ( 'NONE', *, *, #3855, .F. ) ;
#2123 = VERTEX_POINT ( 'NONE', #4220 ) ;
#2124 = CIRCLE ( 'NONE', #447, 1.500000000000001332 ) ;
#2125 = VERTEX_POINT ( 'NONE', #1275 ) ;
#2126 = EDGE_CURVE ( 'NONE', #3441, #2808, #52, .T. ) ;
#2127 = VERTEX_POINT ( 'NONE', #3893 ) ;
#2128 = CARTESIAN_POINT ( 'NONE',  ( 75.35999999999999943, 0.000000000000000000, -5.000000000000000000 ) ) ;
#2129 = AXIS2_PLACEMENT_3D ( 'NONE', #2482, #2544, #1237 ) ;
#2130 = CARTESIAN_POINT ( 'NONE',  ( 15.00000000000000000, -6.000000000000000000, 115.0000000000000000 ) ) ;
#2131 = DIRECTION ( 'NONE',  ( -0.000000000000000000, 0.000000000000000000, -1.000000000000000000 ) ) ;
#2132 = ORIENTED_EDGE ( 'NONE', *, *, #2141, .T. ) ;
#2133 = CARTESIAN_POINT ( 'NONE',  ( 15.00000000000000000, -6.000000000000000000, 113.5000000000000000 ) ) ;
#2134 = EDGE_CURVE ( 'NONE', #1108, #1873, #561, .T. ) ;
#2135 = ORIENTED_EDGE ( 'NONE', *, *, #4044, .T. ) ;
#2136 = VERTEX_POINT ( 'NONE', #2640 ) ;
#2137 = CARTESIAN_POINT ( 'NONE',  ( 0.000000000000000000, 0.000000000000000000, 135.0000000000000000 ) ) ;
#2138 = FACE_BOUND ( 'NONE', #3444, .T. ) ;
#2139 = DIRECTION ( 'NONE',  ( 0.000000000000000000, 0.000000000000000000, 1.000000000000000000 ) ) ;
#2140 = CARTESIAN_POINT ( 'NONE',  ( 0.000000000000000000, 4.000000000000000000, -135.0000000000000000 ) ) ;
#2141 = EDGE_CURVE ( 'NONE', #2683, #2476, #1744, .T. ) ;
#2142 = DIRECTION ( 'NONE',  ( 0.000000000000000000, 1.000000000000000000, 0.000000000000000000 ) ) ;
#2143 = CARTESIAN_POINT ( 'NONE',  ( 79.10999999999999943, 4.000000000000000000, -10.50000000000000000 ) ) ;
#2144 = EDGE_LOOP ( 'NONE', ( #1178, #2079, #3443, #3729 ) ) ;
#2145 = ORIENTED_EDGE ( 'NONE', *, *, #1472, .F. ) ;
#2146 = EDGE_LOOP ( 'NONE', ( #2082, #3539, #526, #815 ) ) ;
#2147 = PERSON_AND_ORGANIZATION_ROLE ( 'creator' ) ;
#2148 = VERTEX_POINT ( 'NONE', #314 ) ;
#2149 = LINE ( 'NONE', #2778, #1039 ) ;
#2150 = CARTESIAN_POINT ( 'NONE',  ( 15.00000000000000000, 4.000000000000000000, 98.50000000000000000 ) ) ;
#2151 = FACE_OUTER_BOUND ( 'NONE', #4041, .T. ) ;
#2152 = EDGE_LOOP ( 'NONE', ( #1105, #1119, #4045, #2192 ) ) ;
#2153 = DIRECTION ( 'NONE',  ( 0.000000000000000000, 1.000000000000000000, 0.000000000000000000 ) ) ;
#2154 = ORIENTED_EDGE ( 'NONE', *, *, #32, .F. ) ;
#2155 = EDGE_LOOP ( 'NONE', ( #4168, #3986, #3743, #3163 ) ) ;
#2156 = CARTESIAN_POINT ( 'NONE',  ( 120.1099999999999994, 0.000000000000000000, -11.50000000000000000 ) ) ;
#2157 = LINE ( 'NONE', #1875, #4269 ) ;
#2158 = ORIENTED_EDGE ( 'NONE', *, *, #1008, .F. ) ;
#2159 = DIRECTION ( 'NONE',  ( 0.000000000000000000, 0.000000000000000000, 1.000000000000000000 ) ) ;
#2160 = VECTOR ( 'NONE', #1952, 1000.000000000000000 ) ;
#2161 = CARTESIAN_POINT ( 'NONE',  ( 75.35999999999999943, 0.000000000000000000, 5.000000000000000000 ) ) ;
#2162 = VECTOR ( 'NONE', #4047, 1000.000000000000000 ) ;
#2163 = CIRCLE ( 'NONE', #1201, 1.500000000000001332 ) ;
#2164 = DIRECTION ( 'NONE',  ( 0.000000000000000000, 0.000000000000000000, 1.000000000000000000 ) ) ;
#2165 = CIRCLE ( 'NONE', #2861, 1.500000000000001332 ) ;
#2166 = EDGE_CURVE ( 'NONE', #3233, #3310, #3393, .T. ) ;
#2167 = AXIS2_PLACEMENT_3D ( 'NONE', #3068, #68, #1997 ) ;
#2168 = ORIENTED_EDGE ( 'NONE', *, *, #3718, .F. ) ;
#2169 = ORIENTED_EDGE ( 'NONE', *, *, #644, .T. ) ;
#2170 = ORIENTED_EDGE ( 'NONE', *, *, #668, .T. ) ;
#2171 = VECTOR ( 'NONE', #973, 1000.000000000000000 ) ;
#2172 = APPROVAL_STATUS ( 'not_yet_approved' ) ;
#2173 = VERTEX_POINT ( 'NONE', #1060 ) ;
#2174 = DIRECTION ( 'NONE',  ( 0.000000000000000000, 1.000000000000000000, 0.000000000000000000 ) ) ;
#2175 = LINE ( 'NONE', #568, #3362 ) ;
#2176 = VECTOR ( 'NONE', #1460, 1000.000000000000000 ) ;
#2177 = CARTESIAN_POINT ( 'NONE',  ( 139.0000000000000000, 0.000000000000000000, 52.00000000000000000 ) ) ;
#2178 = ORIENTED_EDGE ( 'NONE', *, *, #953, .T. ) ;
#2179 = SECURITY_CLASSIFICATION ( '', '', #3482 ) ;
#2180 = ORIENTED_EDGE ( 'NONE', *, *, #4085, .T. ) ;
#2181 = VERTEX_POINT ( 'NONE', #339 ) ;
#2182 = CARTESIAN_POINT ( 'NONE',  ( 15.00000000000000000, 4.000000000000000000, 85.00000000000000000 ) ) ;
#2183 = CARTESIAN_POINT ( 'NONE',  ( 0.000000000000000000, 0.000000000000000000, 0.000000000000000000 ) ) ;
#2184 = EDGE_CURVE ( 'NONE', #92, #1719, #4197, .T. ) ;
#2185 = EDGE_LOOP ( 'NONE', ( #191, #3812, #2648, #632 ) ) ;
#2186 = ORIENTED_EDGE ( 'NONE', *, *, #1791, .T. ) ;
#2187 = CARTESIAN_POINT ( 'NONE',  ( 0.000000000000000000, 0.000000000000000000, 45.00000000000000000 ) ) ;
#2188 = DIRECTION ( 'NONE',  ( -1.000000000000000000, 0.000000000000000000, 0.000000000000000000 ) ) ;
#2189 = CARTESIAN_POINT ( 'NONE',  ( 41.50000000000000000, 4.000000000000000000, 135.0000000000000000 ) ) ;
#2190 = ADVANCED_FACE ( 'NONE', ( #3627 ), #643, .F. ) ;
#2191 = AXIS2_PLACEMENT_3D ( 'NONE', #3174, #1556, #3809 ) ;
#2192 = ORIENTED_EDGE ( 'NONE', *, *, #349, .T. ) ;
#2193 = ORIENTED_EDGE ( 'NONE', *, *, #949, .T. ) ;
#2194 = DIRECTION ( 'NONE',  ( 0.000000000000000000, 1.000000000000000000, 0.000000000000000000 ) ) ;
#2195 = CARTESIAN_POINT ( 'NONE',  ( 56.50000000000000000, 4.000000000000000000, -50.84314575050760254 ) ) ;
#2196 = CARTESIAN_POINT ( 'NONE',  ( 0.000000000000000000, 0.000000000000000000, 66.00000000000000000 ) ) ;
#2197 = AXIS2_PLACEMENT_3D ( 'NONE', #2511, #857, #472 ) ;
#2198 = ADVANCED_FACE ( 'NONE', ( #4286 ), #2388, .F. ) ;
#2199 = EDGE_LOOP ( 'NONE', ( #1328, #1018, #994, #3707 ) ) ;
#2200 = CYLINDRICAL_SURFACE ( 'NONE', #2573, 1.250000000000001110 ) ;
#2201 = DIRECTION ( 'NONE',  ( 0.000000000000000000, 1.000000000000000000, 0.000000000000000000 ) ) ;
#2202 = ORIENTED_EDGE ( 'NONE', *, *, #950, .F. ) ;
#2203 = ORIENTED_EDGE ( 'NONE', *, *, #1156, .T. ) ;
#2204 = DIRECTION ( 'NONE',  ( 0.000000000000000000, 0.000000000000000000, 1.000000000000000000 ) ) ;
#2205 = FACE_OUTER_BOUND ( 'NONE', #437, .T. ) ;
#2206 = DIRECTION ( 'NONE',  ( 0.000000000000000000, 1.000000000000000000, 0.000000000000000000 ) ) ;
#2207 = ADVANCED_FACE ( 'NONE', ( #985 ), #2947, .F. ) ;
#2208 = ORIENTED_EDGE ( 'NONE', *, *, #3505, .T. ) ;
#2209 = DIRECTION ( 'NONE',  ( 0.000000000000000000, 0.000000000000000000, -1.000000000000000000 ) ) ;
#2210 = CARTESIAN_POINT ( 'NONE',  ( 15.00000000000000000, 0.000000000000000000, -50.00000000000000000 ) ) ;
#2211 = CARTESIAN_POINT ( 'NONE',  ( 139.0000000000000000, 0.000000000000000000, -38.00000000000000000 ) ) ;
#2212 = EDGE_LOOP ( 'NONE', ( #2797, #2807 ) ) ;
#2213 = CARTESIAN_POINT ( 'NONE',  ( 29.00000000000000000, 0.000000000000000000, -120.5000000000000000 ) ) ;
#2214 = EDGE_CURVE ( 'NONE', #3155, #3010, #608, .T. ) ;
#2215 = DIRECTION ( 'NONE',  ( 0.000000000000000000, 0.000000000000000000, 1.000000000000000000 ) ) ;
#2216 = DIRECTION ( 'NONE',  ( 0.000000000000000000, 0.000000000000000000, -1.000000000000000000 ) ) ;
#2217 = ADVANCED_FACE ( 'NONE', ( #2686 ), #4021, .T. ) ;
#2218 = VERTEX_POINT ( 'NONE', #3695 ) ;
#2219 = CARTESIAN_POINT ( 'NONE',  ( 129.0000000000000000, 4.000000000000000000, -38.00000000000000000 ) ) ;
#2220 = DIRECTION ( 'NONE',  ( -0.7071067811865435759, 0.000000000000000000, 0.7071067811865514585 ) ) ;
#2221 = AXIS2_PLACEMENT_3D ( 'NONE', #598, #637, #3293 ) ;
#2222 = VECTOR ( 'NONE', #15, 1000.000000000000000 ) ;
#2223 = CARTESIAN_POINT ( 'NONE',  ( 45.00000000000000000, 4.000000000000000000, 30.00000000000000000 ) ) ;
#2224 = CIRCLE ( 'NONE', #2789, 6.000000000000005329 ) ;
#2225 = AXIS2_PLACEMENT_3D ( 'NONE', #3591, #1606, #4236 ) ;
#2226 = ORIENTED_EDGE ( 'NONE', *, *, #1377, .F. ) ;
#2227 = AXIS2_PLACEMENT_3D ( 'NONE', #1663, #4303, #3646 ) ;
#2228 = DIRECTION ( 'NONE',  ( 0.000000000000000000, 1.000000000000000000, 0.000000000000000000 ) ) ;
#2229 = DIRECTION ( 'NONE',  ( 0.000000000000000000, 1.000000000000000000, 0.000000000000000000 ) ) ;
#2230 = AXIS2_PLACEMENT_3D ( 'NONE', #4086, #1415, #1094 ) ;
#2231 = ORIENTED_EDGE ( 'NONE', *, *, #268, .T. ) ;
#2232 = DIRECTION ( 'NONE',  ( 1.000000000000000000, 0.000000000000000000, 0.000000000000000000 ) ) ;
#2233 = AXIS2_PLACEMENT_3D ( 'NONE', #2328, #277, #4322 ) ;
#2234 = DIRECTION ( 'NONE',  ( 0.000000000000000000, 1.000000000000000000, 0.000000000000000000 ) ) ;
#2235 = CARTESIAN_POINT ( 'NONE',  ( 30.00000000000000000, -6.000000000000000000, 98.50000000000000000 ) ) ;
#2236 = ORIENTED_EDGE ( 'NONE', *, *, #3315, .T. ) ;
#2237 = ADVANCED_FACE ( 'NONE', ( #3961 ), #2294, .T. ) ;
#2238 = CC_DESIGN_PERSON_AND_ORGANIZATION_ASSIGNMENT ( #1127, #3759, ( #2480 ) ) ;
#2239 = ADVANCED_FACE ( 'NONE', ( #626 ), #2961, .F. ) ;
#2240 = DIRECTION ( 'NONE',  ( 0.000000000000000000, 1.000000000000000000, 0.000000000000000000 ) ) ;
#2241 = EDGE_CURVE ( 'NONE', #2028, #3663, #1007, .T. ) ;
#2242 = FACE_OUTER_BOUND ( 'NONE', #48, .T. ) ;
#2243 = EDGE_CURVE ( 'NONE', #2910, #4098, #2635, .T. ) ;
#2244 = ADVANCED_FACE ( 'NONE', ( #37 ), #3369, .F. ) ;
#2245 = CIRCLE ( 'NONE', #340, 1.500000000000001332 ) ;
#2246 = VECTOR ( 'NONE', #758, 1000.000000000000000 ) ;
#2247 = LINE ( 'NONE', #1610, #322 ) ;
#2248 = PLANE ( 'NONE',  #3527 ) ;
#2249 = ORIENTED_EDGE ( 'NONE', *, *, #317, .T. ) ;
#2250 = VECTOR ( 'NONE', #1560, 1000.000000000000000 ) ;
#2251 = CARTESIAN_POINT ( 'NONE',  ( 14.99999999999986144, 0.000000000000000000, -128.5000000000000000 ) ) ;
#2252 = AXIS2_PLACEMENT_3D ( 'NONE', #957, #1301, #1957 ) ;
#2253 = FACE_BOUND ( 'NONE', #3160, .T. ) ;
#2254 = CIRCLE ( 'NONE', #2548, 1.500000000000001332 ) ;
#2255 = EDGE_CURVE ( 'NONE', #207, #1331, #3666, .T. ) ;
#2256 = LINE ( 'NONE', #2897, #2637 ) ;
#2257 = EDGE_LOOP ( 'NONE', ( #765, #1428 ) ) ;
#2258 = ORIENTED_EDGE ( 'NONE', *, *, #919, .T. ) ;
#2259 = CYLINDRICAL_SURFACE ( 'NONE', #1545, 1.500000000000001332 ) ;
#2260 = EDGE_CURVE ( 'NONE', #3681, #683, #3342, .T. ) ;
#2261 = CARTESIAN_POINT ( 'NONE',  ( 30.00000000000000000, -6.000000000000000000, -128.5000000000000000 ) ) ;
#2262 = ADVANCED_FACE ( 'NONE', ( #395 ), #1739, .F. ) ;
#2263 = EDGE_CURVE ( 'NONE', #816, #2136, #2269, .T. ) ;
#2264 = DIRECTION ( 'NONE',  ( 0.000000000000000000, 0.000000000000000000, -1.000000000000000000 ) ) ;
#2265 = CYLINDRICAL_SURFACE ( 'NONE', #171, 0.9999999999999991118 ) ;
#2266 = ORIENTED_EDGE ( 'NONE', *, *, #3032, .F. ) ;
#2267 = DIRECTION ( 'NONE',  ( 0.000000000000000000, 1.000000000000000000, 0.000000000000000000 ) ) ;
#2268 = FACE_BOUND ( 'NONE', #2212, .T. ) ;
#2269 = LINE ( 'NONE', #294, #769 ) ;
#2270 = DIRECTION ( 'NONE',  ( 0.000000000000000000, 0.000000000000000000, 1.000000000000000000 ) ) ;
#2271 = ORIENTED_EDGE ( 'NONE', *, *, #3474, .T. ) ;
#2272 = ORIENTED_EDGE ( 'NONE', *, *, #3295, .F. ) ;
#2273 = DIRECTION ( 'NONE',  ( 0.000000000000000000, 0.000000000000000000, -1.000000000000000000 ) ) ;
#2274 = EDGE_CURVE ( 'NONE', #1831, #2842, #1600, .T. ) ;
#2275 = CYLINDRICAL_SURFACE ( 'NONE', #281, 1.500000000000001332 ) ;
#2276 = CARTESIAN_POINT ( 'NONE',  ( 15.00000000000000000, 4.000000000000000000, 85.00000000000000000 ) ) ;
#2277 = VECTOR ( 'NONE', #1425, 1000.000000000000000 ) ;
#2278 = ADVANCED_FACE ( 'NONE', ( #1958 ), #2924, .F. ) ;
#2279 = EDGE_CURVE ( 'NONE', #18, #1846, #847, .T. ) ;
#2280 = DIRECTION ( 'NONE',  ( 0.000000000000000000, 1.000000000000000000, 0.000000000000000000 ) ) ;
#2281 = AXIS2_PLACEMENT_3D ( 'NONE', #1203, #3165, #1162 ) ;
#2282 = AXIS2_PLACEMENT_3D ( 'NONE', #1521, #1542, #4229 ) ;
#2283 = FACE_OUTER_BOUND ( 'NONE', #2856, .T. ) ;
#2284 = VECTOR ( 'NONE', #485, 1000.000000000000114 ) ;
#2285 = VECTOR ( 'NONE', #2792, 1000.000000000000000 ) ;
#2286 = DIRECTION ( 'NONE',  ( 0.000000000000000000, 0.000000000000000000, -1.000000000000000000 ) ) ;
#2287 = FACE_BOUND ( 'NONE', #2684, .T. ) ;
#2288 = AXIS2_PLACEMENT_3D ( 'NONE', #3400, #649, #1071 ) ;
#2289 = DIRECTION ( 'NONE',  ( 0.000000000000000000, 0.000000000000000000, -1.000000000000000000 ) ) ;
#2290 = FACE_OUTER_BOUND ( 'NONE', #1224, .T. ) ;
#2291 = AXIS2_PLACEMENT_3D ( 'NONE', #2318, #42, #3727 ) ;
#2292 = ORIENTED_EDGE ( 'NONE', *, *, #2905, .F. ) ;
#2293 = ORIENTED_EDGE ( 'NONE', *, *, #2398, .F. ) ;
#2294 = PLANE ( 'NONE',  #3331 ) ;
#2295 = EDGE_CURVE ( 'NONE', #652, #3138, #2865, .T. ) ;
#2296 = DIRECTION ( 'NONE',  ( 0.000000000000000000, 1.000000000000000000, 0.000000000000000000 ) ) ;
#2297 = VECTOR ( 'NONE', #61, 1000.000000000000000 ) ;
#2298 = DIRECTION ( 'NONE',  ( 0.000000000000000000, 1.000000000000000000, 0.000000000000000000 ) ) ;
#2299 = EDGE_CURVE ( 'NONE', #2125, #3832, #3216, .T. ) ;
#2300 = ORIENTED_EDGE ( 'NONE', *, *, #3803, .F. ) ;
#2301 = LINE ( 'NONE', #324, #1824 ) ;
#2302 = AXIS2_PLACEMENT_3D ( 'NONE', #2725, #1718, #2670 ) ;
#2303 = CARTESIAN_POINT ( 'NONE',  ( 110.0000000000000000, 0.000000000000000000, 48.00000000000000000 ) ) ;
#2304 = CYLINDRICAL_SURFACE ( 'NONE', #482, 0.9999999999999991118 ) ;
#2305 = EDGE_CURVE ( 'NONE', #1846, #3035, #655, .T. ) ;
#2306 = CYLINDRICAL_SURFACE ( 'NONE', #2252, 1.500000000000001332 ) ;
#2307 = DIRECTION ( 'NONE',  ( 0.000000000000000000, 0.000000000000000000, 1.000000000000000000 ) ) ;
#2308 = AXIS2_PLACEMENT_3D ( 'NONE', #1818, #229, #3147 ) ;
#2309 = EDGE_LOOP ( 'NONE', ( #3848, #1660 ) ) ;
#2310 = DIRECTION ( 'NONE',  ( 0.000000000000000000, 1.000000000000000000, 0.000000000000000000 ) ) ;
#2311 = AXIS2_PLACEMENT_3D ( 'NONE', #3911, #1643, #2962 ) ;
#2312 = EDGE_LOOP ( 'NONE', ( #3999, #2966, #1861, #2292 ) ) ;
#2313 = EDGE_LOOP ( 'NONE', ( #2960, #3384 ) ) ;
#2314 = CARTESIAN_POINT ( 'NONE',  ( 45.00000000000000000, 0.000000000000000000, 45.00000000000000000 ) ) ;
#2315 = CARTESIAN_POINT ( 'NONE',  ( 80.00000000000000000, 4.000000000000000000, -72.00000000000000000 ) ) ;
#2316 = CIRCLE ( 'NONE', #233, 1.500000000000001332 ) ;
#2317 = DIRECTION ( 'NONE',  ( -0.7071067811865514585, 0.000000000000000000, 0.7071067811865435759 ) ) ;
#2318 = CARTESIAN_POINT ( 'NONE',  ( 75.35999999999999943, 4.000000000000000000, -5.000000000000000000 ) ) ;
#2319 = ORIENTED_EDGE ( 'NONE', *, *, #1223, .T. ) ;
#2320 = DIRECTION ( 'NONE',  ( -0.000000000000000000, 0.000000000000000000, -1.000000000000000000 ) ) ;
#2321 = CARTESIAN_POINT ( 'NONE',  ( 0.000000000000000000, 4.000000000000000000, 54.00000000000000000 ) ) ;
#2322 = VERTEX_POINT ( 'NONE', #3003 ) ;
#2323 = VERTEX_POINT ( 'NONE', #2634 ) ;
#2324 = LINE ( 'NONE', #685, #604 ) ;
#2325 = FACE_BOUND ( 'NONE', #2698, .T. ) ;
#2326 = CARTESIAN_POINT ( 'NONE',  ( 30.00000000000000000, 4.000000000000000000, -50.00000000000000000 ) ) ;
#2327 = ORIENTED_EDGE ( 'NONE', *, *, #3850, .F. ) ;
#2328 = CARTESIAN_POINT ( 'NONE',  ( 110.0000000000000000, 4.000000000000000000, 72.00000000000000000 ) ) ;
#2329 = EDGE_CURVE ( 'NONE', #3303, #2775, #3133, .T. ) ;
#2330 = EDGE_LOOP ( 'NONE', ( #1150, #2208 ) ) ;
#2331 = VERTEX_POINT ( 'NONE', #2653 ) ;
#2332 = DIRECTION ( 'NONE',  ( 0.000000000000000000, 1.000000000000000000, 0.000000000000000000 ) ) ;
#2333 = DIRECTION ( 'NONE',  ( 0.000000000000000000, 0.000000000000000000, 1.000000000000000000 ) ) ;
#2334 = EDGE_CURVE ( 'NONE', #1108, #1230, #1637, .T. ) ;
#2335 = DIRECTION ( 'NONE',  ( 0.000000000000000000, 0.000000000000000000, 1.000000000000000000 ) ) ;
#2336 = CARTESIAN_POINT ( 'NONE',  ( 30.00000000000000000, 4.000000000000000000, 83.50000000000000000 ) ) ;
#2337 = DIRECTION ( 'NONE',  ( 0.000000000000000000, 0.000000000000000000, 1.000000000000000000 ) ) ;
#2338 = CARTESIAN_POINT ( 'NONE',  ( 20.00000000000000000, -6.000000000000000000, 54.00000000000000000 ) ) ;
#2339 = ORIENTED_EDGE ( 'NONE', *, *, #2516, .T. ) ;
#2340 = CARTESIAN_POINT ( 'NONE',  ( 50.84314575050770202, 0.000000000000000000, 56.50000000000000000 ) ) ;
#2341 = FACE_BOUND ( 'NONE', #2490, .T. ) ;
#2342 = ORIENTED_EDGE ( 'NONE', *, *, #3351, .F. ) ;
#2343 = EDGE_LOOP ( 'NONE', ( #1330, #740, #1160, #2936, #2984, #2371, #139, #506 ) ) ;
#2344 = VERTEX_POINT ( 'NONE', #3275 ) ;
#2345 = EDGE_CURVE ( 'NONE', #3492, #2058, #752, .T. ) ;
#2346 = LINE ( 'NONE', #793, #69 ) ;
#2347 = CIRCLE ( 'NONE', #4025, 1.500000000000001332 ) ;
#2348 = DIRECTION ( 'NONE',  ( 1.000000000000000000, 0.000000000000000000, -0.000000000000000000 ) ) ;
#2349 = LINE ( 'NONE', #3687, #3 ) ;
#2350 = DIRECTION ( 'NONE',  ( 0.000000000000000000, -1.000000000000000000, 0.000000000000000000 ) ) ;
#2351 = AXIS2_PLACEMENT_3D ( 'NONE', #3540, #3555, #3867 ) ;
#2352 = ORIENTED_EDGE ( 'NONE', *, *, #3480, .T. ) ;
#2353 = DIRECTION ( 'NONE',  ( 0.000000000000000000, 1.000000000000000000, 0.000000000000000000 ) ) ;
#2354 = EDGE_CURVE ( 'NONE', #2148, #226, #312, .T. ) ;
#2355 = ORIENTED_EDGE ( 'NONE', *, *, #1557, .T. ) ;
#2356 = ORIENTED_EDGE ( 'NONE', *, *, #2541, .T. ) ;
#2357 = LINE ( 'NONE', #1405, #2162 ) ;
#2358 = VECTOR ( 'NONE', #3862, 1000.000000000000000 ) ;
#2359 = EDGE_CURVE ( 'NONE', #3138, #2519, #688, .T. ) ;
#2360 = CARTESIAN_POINT ( 'NONE',  ( 24.50000000000000000, -6.000000000000000000, 129.0000000000000000 ) ) ;
#2361 = AXIS2_PLACEMENT_3D ( 'NONE', #1281, #1717, #404 ) ;
#2362 = EDGE_CURVE ( 'NONE', #683, #1798, #3403, .T. ) ;
#2363 = DIRECTION ( 'NONE',  ( 0.000000000000000000, -1.000000000000000000, 0.000000000000000000 ) ) ;
#2364 = AXIS2_PLACEMENT_3D ( 'NONE', #1987, #3650, #1384 ) ;
#2365 = EDGE_CURVE ( 'NONE', #2585, #509, #3941, .T. ) ;
#2366 = CARTESIAN_POINT ( 'NONE',  ( 30.00000000000000000, 0.000000000000000000, -51.50000000000000000 ) ) ;
#2367 = APPROVAL_PERSON_ORGANIZATION ( #1100, #1066, #768 ) ;
#2368 = EDGE_CURVE ( 'NONE', #3310, #4249, #555, .T. ) ;
#2369 = CARTESIAN_POINT ( 'NONE',  ( 129.0000000000000000, 4.000000000000000000, -52.00000000000000000 ) ) ;
#2370 = LINE ( 'NONE', #2338, #930 ) ;
#2371 = ORIENTED_EDGE ( 'NONE', *, *, #3530, .T. ) ;
#2372 = CARTESIAN_POINT ( 'NONE',  ( 15.00000000000000000, 0.000000000000000000, 85.00000000000000000 ) ) ;
#2373 = DIRECTION ( 'NONE',  ( 0.000000000000000000, 0.000000000000000000, 1.000000000000000000 ) ) ;
#2374 = EDGE_LOOP ( 'NONE', ( #886, #3857, #3431, #3479 ) ) ;
#2375 = ORIENTED_EDGE ( 'NONE', *, *, #427, .T. ) ;
#2376 = ORIENTED_EDGE ( 'NONE', *, *, #3162, .F. ) ;
#2377 = DIRECTION ( 'NONE',  ( 0.000000000000000000, 0.000000000000000000, -1.000000000000000000 ) ) ;
#2378 = LINE ( 'NONE', #3657, #3330 ) ;
#2379 = DIRECTION ( 'NONE',  ( 4.130293990420970006E-17, 0.000000000000000000, 1.000000000000000000 ) ) ;
#2380 = CYLINDRICAL_SURFACE ( 'NONE', #129, 1.500000000000001332 ) ;
#2381 = VERTEX_POINT ( 'NONE', #2614 ) ;
#2382 = CARTESIAN_POINT ( 'NONE',  ( 2.877919977996279926E-15, 0.000000000000000000, -120.5000000000000000 ) ) ;
#2383 = ORIENTED_EDGE ( 'NONE', *, *, #3351, .T. ) ;
#2384 = ORIENTED_EDGE ( 'NONE', *, *, #4282, .T. ) ;
#2385 = CARTESIAN_POINT ( 'NONE',  ( 24.50000000000000000, -6.000000000000000000, 129.0000000000000000 ) ) ;
#2386 = AXIS2_PLACEMENT_3D ( 'NONE', #2556, #4138, #1145 ) ;
#2387 = DIRECTION ( 'NONE',  ( 1.000000000000000000, 0.000000000000000000, 0.000000000000000000 ) ) ;
#2388 = CYLINDRICAL_SURFACE ( 'NONE', #967, 1.250000000000001110 ) ;
#2389 = EDGE_CURVE ( 'NONE', #864, #2458, #1298, .T. ) ;
#2390 = DIRECTION ( 'NONE',  ( 0.000000000000000000, 0.000000000000000000, -1.000000000000000000 ) ) ;
#2391 = CIRCLE ( 'NONE', #285, 1.500000000000001332 ) ;
#2392 = CIRCLE ( 'NONE', #2197, 1.500000000000001332 ) ;
#2393 = EDGE_CURVE ( 'NONE', #2659, #1849, #3206, .T. ) ;
#2394 = DIRECTION ( 'NONE',  ( 0.000000000000000000, 1.000000000000000000, 0.000000000000000000 ) ) ;
#2395 = CARTESIAN_POINT ( 'NONE',  ( 29.00000000000000000, 0.000000000000000000, -122.0000000000000000 ) ) ;
#2396 = CARTESIAN_POINT ( 'NONE',  ( 129.0000000000000000, 0.000000000000000000, -38.00000000000000000 ) ) ;
#2397 = ORIENTED_EDGE ( 'NONE', *, *, #4155, .F. ) ;
#2398 = EDGE_CURVE ( 'NONE', #4011, #3584, #2956, .T. ) ;
#2399 = CARTESIAN_POINT ( 'NONE',  ( 30.00000000000000000, -6.000000000000000000, -130.0000000000000000 ) ) ;
#2400 = DIRECTION ( 'NONE',  ( 0.000000000000000000, 1.000000000000000000, 0.000000000000000000 ) ) ;
#2401 = ORIENTED_EDGE ( 'NONE', *, *, #2114, .F. ) ;
#2402 = EDGE_LOOP ( 'NONE', ( #2132, #648 ) ) ;
#2403 = ORIENTED_EDGE ( 'NONE', *, *, #3825, .F. ) ;
#2404 = DIRECTION ( 'NONE',  ( 0.000000000000000000, 1.000000000000000000, 0.000000000000000000 ) ) ;
#2405 = ORIENTED_EDGE ( 'NONE', *, *, #699, .F. ) ;
#2406 = CARTESIAN_POINT ( 'NONE',  ( 0.000000000000000000, -6.000000000000000000, -135.0000000000000000 ) ) ;
#2407 = CARTESIAN_POINT ( 'NONE',  ( 80.00000000000000000, 0.000000000000000000, -72.00000000000000000 ) ) ;
#2408 = DIRECTION ( 'NONE',  ( -0.7071067811865515695, 0.000000000000000000, 0.7071067811865435759 ) ) ;
#2409 = EDGE_LOOP ( 'NONE', ( #4084, #2356, #2855, #7 ) ) ;
#2410 = DIRECTION ( 'NONE',  ( 0.000000000000000000, 0.000000000000000000, 1.000000000000000000 ) ) ;
#2411 = ORIENTED_EDGE ( 'NONE', *, *, #26, .F. ) ;
#2412 = ORIENTED_EDGE ( 'NONE', *, *, #1977, .T. ) ;
#2413 = LINE ( 'NONE', #4325, #756 ) ;
#2414 = FACE_BOUND ( 'NONE', #271, .T. ) ;
#2415 = EDGE_CURVE ( 'NONE', #207, #2906, #1326, .T. ) ;
#2416 = DIRECTION ( 'NONE',  ( 0.000000000000000000, 0.000000000000000000, 1.000000000000000000 ) ) ;
#2417 = CARTESIAN_POINT ( 'NONE',  ( 15.00000000000000000, -6.000000000000000000, -50.00000000000000000 ) ) ;
#2418 = LINE ( 'NONE', #2721, #610 ) ;
#2419 = DIRECTION ( 'NONE',  ( 0.000000000000000000, 1.000000000000000000, 0.000000000000000000 ) ) ;
#2420 = ORIENTED_EDGE ( 'NONE', *, *, #4270, .T. ) ;
#2421 = CARTESIAN_POINT ( 'NONE',  ( 15.00000000000000000, 4.000000000000000000, -50.00000000000000000 ) ) ;
#2422 = FACE_OUTER_BOUND ( 'NONE', #614, .T. ) ;
#2423 = ORIENTED_EDGE ( 'NONE', *, *, #1027, .F. ) ;
#2424 = ORIENTED_EDGE ( 'NONE', *, *, #1507, .F. ) ;
#2425 = VERTEX_POINT ( 'NONE', #135 ) ;
#2426 = APPROVAL_STATUS ( 'not_yet_approved' ) ;
#2427 = EDGE_CURVE ( 'NONE', #3080, #3102, #3903, .T. ) ;
#2428 = ORIENTED_EDGE ( 'NONE', *, *, #1377, .T. ) ;
#2429 = CYLINDRICAL_SURFACE ( 'NONE', #3265, 1.500000000000001332 ) ;
#2430 = DIRECTION ( 'NONE',  ( 1.000000000000000000, 0.000000000000000000, 0.000000000000000000 ) ) ;
#2431 = LINE ( 'NONE', #1728, #1881 ) ;
#2432 = VECTOR ( 'NONE', #2350, 1000.000000000000000 ) ;
#2433 = ORIENTED_EDGE ( 'NONE', *, *, #2126, .F. ) ;
#2434 = CIRCLE ( 'NONE', #2282, 1.500000000000001332 ) ;
#2435 = CARTESIAN_POINT ( 'NONE',  ( 75.35999999999999943, 0.000000000000000000, 6.500000000000000000 ) ) ;
#2436 = VERTEX_POINT ( 'NONE', #1399 ) ;
#2437 = ORIENTED_EDGE ( 'NONE', *, *, #4266, .T. ) ;
#2438 = ORIENTED_EDGE ( 'NONE', *, *, #1304, .F. ) ;
#2439 = PLANE ( 'NONE',  #3760 ) ;
#2440 = EDGE_CURVE ( 'NONE', #3783, #3114, #2431, .T. ) ;
#2441 = FACE_BOUND ( 'NONE', #736, .T. ) ;
#2442 = CIRCLE ( 'NONE', #399, 6.000000000000005329 ) ;
#2443 = AXIS2_PLACEMENT_3D ( 'NONE', #3307, #3411, #84 ) ;
#2444 = CARTESIAN_POINT ( 'NONE',  ( 15.00000000000000000, 0.000000000000000000, 100.0000000000000000 ) ) ;
#2445 = ADVANCED_FACE ( 'NONE', ( #2758 ), #3111, .F. ) ;
#2446 = CARTESIAN_POINT ( 'NONE',  ( 0.000000000000000000, 4.000000000000000000, -45.00000000000000000 ) ) ;
#2447 = CIRCLE ( 'NONE', #1544, 0.9999999999999991118 ) ;
#2448 = CARTESIAN_POINT ( 'NONE',  ( 129.0000000000000000, 0.000000000000000000, 52.00000000000000000 ) ) ;
#2449 = VERTEX_POINT ( 'NONE', #1474 ) ;
#2450 = CIRCLE ( 'NONE', #3338, 1.500000000000001332 ) ;
#2451 = FACE_BOUND ( 'NONE', #1924, .T. ) ;
#2452 = VERTEX_POINT ( 'NONE', #417 ) ;
#2453 = ORIENTED_EDGE ( 'NONE', *, *, #131, .T. ) ;
#2454 = VECTOR ( 'NONE', #2377, 1000.000000000000000 ) ;
#2455 = ORIENTED_EDGE ( 'NONE', *, *, #99, .F. ) ;
#2456 = EDGE_CURVE ( 'NONE', #1047, #1733, #1113, .T. ) ;
#2457 = CALENDAR_DATE ( 2026, 8, 5 ) ;
#2458 = VERTEX_POINT ( 'NONE', #2483 ) ;
#2459 = DIRECTION ( 'NONE',  ( 0.000000000000000000, 0.000000000000000000, 1.000000000000000000 ) ) ;
#2460 = CARTESIAN_POINT ( 'NONE',  ( 30.00000000000000000, 0.000000000000000000, -128.5000000000000000 ) ) ;
#2461 = LINE ( 'NONE', #1703, #2277 ) ;
#2462 = ORIENTED_EDGE ( 'NONE', *, *, #2940, .F. ) ;
#2463 = CARTESIAN_POINT ( 'NONE',  ( 0.000000000000000000, -6.000000000000000000, 66.00000000000000000 ) ) ;
#2464 = ORIENTED_EDGE ( 'NONE', *, *, #2901, .T. ) ;
#2465 = ORIENTED_EDGE ( 'NONE', *, *, #1865, .T. ) ;
#2466 = CARTESIAN_POINT ( 'NONE',  ( 110.0000000000000000, 0.000000000000000000, -46.50000000000000000 ) ) ;
#2467 = FACE_BOUND ( 'NONE', #3253, .T. ) ;
#2468 = AXIS2_PLACEMENT_3D ( 'NONE', #762, #679, #2096 ) ;
#2469 = CARTESIAN_POINT ( 'NONE',  ( 110.0000000000000000, 0.000000000000000000, 72.00000000000000000 ) ) ;
#2470 = LINE ( 'NONE', #2140, #1740 ) ;
#2471 = AXIS2_PLACEMENT_3D ( 'NONE', #3547, #1883, #3217 ) ;
#2472 = DIRECTION ( 'NONE',  ( 0.000000000000000000, 1.000000000000000000, 0.000000000000000000 ) ) ;
#2473 = AXIS2_PLACEMENT_3D ( 'NONE', #1282, #2935, #4294 ) ;
#2474 = LINE ( 'NONE', #475, #3870 ) ;
#2475 = ORIENTED_EDGE ( 'NONE', *, *, #980, .F. ) ;
#2476 = VERTEX_POINT ( 'NONE', #2780 ) ;
#2477 = AXIS2_PLACEMENT_3D ( 'NONE', #2130, #1023, #3029 ) ;
#2478 = VERTEX_POINT ( 'NONE', #3440 ) ;
#2479 = VERTEX_POINT ( 'NONE', #2732 ) ;
#2480 = PRODUCT ( 'B\X2\56fa5b9a57fa51c6677f\X0\3A 4mm', 'B\X2\56fa5b9a57fa51c6677f\X0\3A 4mm', '', ( #1421 ) ) ;
#2481 = LINE ( 'NONE', #1780, #2005 ) ;
#2482 = CARTESIAN_POINT ( 'NONE',  ( 80.00000000000000000, 4.000000000000000000, -72.00000000000000000 ) ) ;
#2483 = CARTESIAN_POINT ( 'NONE',  ( 124.8599999999999994, 4.000000000000000000, 3.500000000000000000 ) ) ;
#2484 = EDGE_LOOP ( 'NONE', ( #3489, #2849, #3125, #1490 ) ) ;
#2485 = CARTESIAN_POINT ( 'NONE',  ( 75.35999999999999943, 0.000000000000000000, 3.500000000000000000 ) ) ;
#2486 = EDGE_LOOP ( 'NONE', ( #3758, #2959, #3768, #4112 ) ) ;
#2487 = VERTEX_POINT ( 'NONE', #3360 ) ;
#2488 = DIRECTION ( 'NONE',  ( 0.000000000000000000, 0.000000000000000000, -1.000000000000000000 ) ) ;
#2489 = DIRECTION ( 'NONE',  ( 0.000000000000000000, 1.000000000000000000, 0.000000000000000000 ) ) ;
#2490 = EDGE_LOOP ( 'NONE', ( #1615, #2804 ) ) ;
#2491 = CARTESIAN_POINT ( 'NONE',  ( 0.000000000000000000, 4.000000000000000000, 66.00000000000000000 ) ) ;
#2492 = DIRECTION ( 'NONE',  ( 0.000000000000000000, 0.000000000000000000, -1.000000000000000000 ) ) ;
#2493 = DIRECTION ( 'NONE',  ( 0.000000000000000000, 1.000000000000000000, 0.000000000000000000 ) ) ;
#2494 = VERTEX_POINT ( 'NONE', #2803 ) ;
#2495 = EDGE_LOOP ( 'NONE', ( #3296, #1510, #3169, #1786 ) ) ;
#2496 = ORIENTED_EDGE ( 'NONE', *, *, #3856, .T. ) ;
#2497 = PERSON_AND_ORGANIZATION ( #2943, #4258 ) ;
#2498 = ORIENTED_EDGE ( 'NONE', *, *, #2334, .T. ) ;
#2499 = CARTESIAN_POINT ( 'NONE',  ( 14.99999999999986144, 0.000000000000000000, -130.0000000000000000 ) ) ;
#2500 = LINE ( 'NONE', #4211, #3015 ) ;
#2501 = CARTESIAN_POINT ( 'NONE',  ( 110.0000000000000000, 0.000000000000000000, 49.50000000000000000 ) ) ;
#2502 = EDGE_CURVE ( 'NONE', #3177, #1403, #661, .T. ) ;
#2503 = ORIENTED_EDGE ( 'NONE', *, *, #2440, .T. ) ;
#2504 = ORIENTED_EDGE ( 'NONE', *, *, #3032, .T. ) ;
#2505 = ORIENTED_EDGE ( 'NONE', *, *, #4053, .F. ) ;
#2506 = DIRECTION ( 'NONE',  ( 0.000000000000000000, 1.000000000000000000, 0.000000000000000000 ) ) ;
#2507 = DIRECTION ( 'NONE',  ( 0.000000000000000000, 0.000000000000000000, 1.000000000000000000 ) ) ;
#2508 = ADVANCED_FACE ( 'NONE', ( #1080 ), #4069, .F. ) ;
#2509 = ORIENTED_EDGE ( 'NONE', *, *, #2567, .F. ) ;
#2510 = ORIENTED_EDGE ( 'NONE', *, *, #1409, .F. ) ;
#2511 = CARTESIAN_POINT ( 'NONE',  ( 56.50000000000000000, 4.000000000000000000, 50.84314575050760254 ) ) ;
#2512 = AXIS2_PLACEMENT_3D ( 'NONE', #2765, #1431, #1356 ) ;
#2513 = DIRECTION ( 'NONE',  ( 0.000000000000000000, 1.000000000000000000, 0.000000000000000000 ) ) ;
#2514 = AXIS2_PLACEMENT_3D ( 'NONE', #3748, #2116, #2492 ) ;
#2515 = CARTESIAN_POINT ( 'NONE',  ( 30.00000000000000000, -6.000000000000000000, 113.5000000000000000 ) ) ;
#2516 = EDGE_CURVE ( 'NONE', #3719, #2879, #397, .T. ) ;
#2517 = ORIENTED_EDGE ( 'NONE', *, *, #1969, .T. ) ;
#2518 = ORIENTED_EDGE ( 'NONE', *, *, #4304, .T. ) ;
#2519 = VERTEX_POINT ( 'NONE', #3085 ) ;
#2520 = AXIS2_PLACEMENT_3D ( 'NONE', #2421, #16, #2770 ) ;
#2521 = COORDINATED_UNIVERSAL_TIME_OFFSET ( 8, 0, .AHEAD. ) ;
#2522 = ORIENTED_EDGE ( 'NONE', *, *, #827, .T. ) ;
#2523 = CARTESIAN_POINT ( 'NONE',  ( 139.0000000000000000, 0.000000000000000000, 38.00000000000000000 ) ) ;
#2524 = CARTESIAN_POINT ( 'NONE',  ( 50.84314575050770202, 4.000000000000000000, 56.50000000000000000 ) ) ;
#2525 = CIRCLE ( 'NONE', #3566, 1.500000000000001332 ) ;
#2526 = DIRECTION ( 'NONE',  ( 0.000000000000000000, 1.000000000000000000, 0.000000000000000000 ) ) ;
#2527 = LOCAL_TIME ( 20, 33, 21.00000000000000000, #3436 ) ;
#2528 = ORIENTED_EDGE ( 'NONE', *, *, #3190, .T. ) ;
#2529 = DIRECTION ( 'NONE',  ( 0.000000000000000000, 1.000000000000000000, 0.000000000000000000 ) ) ;
#2530 = DIRECTION ( 'NONE',  ( 0.000000000000000000, 0.000000000000000000, 1.000000000000000000 ) ) ;
#2531 = ORIENTED_EDGE ( 'NONE', *, *, #1098, .T. ) ;
#2532 = ORIENTED_EDGE ( 'NONE', *, *, #1672, .T. ) ;
#2533 = LINE ( 'NONE', #3873, #2817 ) ;
#2534 = EDGE_CURVE ( 'NONE', #2755, #2844, #3740, .T. ) ;
#2535 = DIRECTION ( 'NONE',  ( 0.000000000000000000, 1.000000000000000000, 0.000000000000000000 ) ) ;
#2536 = DIRECTION ( 'NONE',  ( 0.000000000000000000, 1.000000000000000000, 0.000000000000000000 ) ) ;
#2537 = AXIS2_PLACEMENT_3D ( 'NONE', #730, #3781, #3430 ) ;
#2538 = ORIENTED_EDGE ( 'NONE', *, *, #1065, .T. ) ;
#2539 = AXIS2_PLACEMENT_3D ( 'NONE', #3096, #4080, #2416 ) ;
#2540 = COORDINATED_UNIVERSAL_TIME_OFFSET ( 8, 0, .AHEAD. ) ;
#2541 = EDGE_CURVE ( 'NONE', #652, #2868, #2461, .T. ) ;
#2542 = ORIENTED_EDGE ( 'NONE', *, *, #2744, .F. ) ;
#2543 = CARTESIAN_POINT ( 'NONE',  ( 80.00000000000000000, 0.000000000000000000, 72.00000000000000000 ) ) ;
#2544 = DIRECTION ( 'NONE',  ( 0.000000000000000000, 1.000000000000000000, 0.000000000000000000 ) ) ;
#2545 = CARTESIAN_POINT ( 'NONE',  ( 30.00000000000000000, 4.000000000000000000, -130.0000000000000000 ) ) ;
#2546 = CIRCLE ( 'NONE', #286, 1.500000000000001332 ) ;
#2547 = EDGE_CURVE ( 'NONE', #3938, #3792, #2104, .T. ) ;
#2548 = AXIS2_PLACEMENT_3D ( 'NONE', #2195, #4228, #2802 ) ;
#2549 = EDGE_LOOP ( 'NONE', ( #2122, #2799, #1417, #151 ) ) ;
#2550 = CARTESIAN_POINT ( 'NONE',  ( 80.00000000000000000, 0.000000000000000000, 73.50000000000000000 ) ) ;
#2551 = CARTESIAN_POINT ( 'NONE',  ( 41.50000000000000000, 0.000000000000000000, 129.0000000000000000 ) ) ;
#2552 = CARTESIAN_POINT ( 'NONE',  ( 29.00000000000000000, 0.000000000000000000, -123.5000000000000000 ) ) ;
#2553 = ORIENTED_EDGE ( 'NONE', *, *, #4131, .T. ) ;
#2554 = DIRECTION ( 'NONE',  ( 0.7071067811865435759, 0.000000000000000000, 0.7071067811865515695 ) ) ;
#2555 = DIRECTION ( 'NONE',  ( 0.000000000000000000, 0.000000000000000000, 1.000000000000000000 ) ) ;
#2556 = CARTESIAN_POINT ( 'NONE',  ( 50.84314575050770202, 0.000000000000000000, -56.50000000000000000 ) ) ;
#2557 = SHAPE_DEFINITION_REPRESENTATION ( #1458, #3667 ) ;
#2558 = ORIENTED_EDGE ( 'NONE', *, *, #3227, .F. ) ;
#2559 = CARTESIAN_POINT ( 'NONE',  ( 56.50000000000000000, 0.000000000000000000, -52.34314575050760254 ) ) ;
#2560 = CARTESIAN_POINT ( 'NONE',  ( 139.0000000000000000, 4.000000000000000000, 38.00000000000000000 ) ) ;
#2561 = ADVANCED_FACE ( 'NONE', ( #3413 ), #2054, .F. ) ;
#2562 = ORIENTED_EDGE ( 'NONE', *, *, #1001, .F. ) ;
#2563 = ADVANCED_FACE ( 'NONE', ( #3790 ), #4040, .F. ) ;
#2564 = FACE_OUTER_BOUND ( 'NONE', #532, .T. ) ;
#2565 = DIRECTION ( 'NONE',  ( -1.000000000000000000, 0.000000000000000000, 1.284980352575411713E-16 ) ) ;
#2566 = DIRECTION ( 'NONE',  ( 0.000000000000000000, 1.000000000000000000, 0.000000000000000000 ) ) ;
#2567 = EDGE_CURVE ( 'NONE', #2774, #2479, #193, .T. ) ;
#2568 = ORIENTED_EDGE ( 'NONE', *, *, #2036, .F. ) ;
#2569 = DIRECTION ( 'NONE',  ( 0.000000000000000000, 0.000000000000000000, 1.000000000000000000 ) ) ;
#2570 = AXIS2_PLACEMENT_3D ( 'NONE', #465, #1447, #4122 ) ;
#2571 = CIRCLE ( 'NONE', #2783, 6.000000000000005329 ) ;
#2572 = DIRECTION ( 'NONE',  ( 0.000000000000000000, 1.000000000000000000, 0.000000000000000000 ) ) ;
#2573 = AXIS2_PLACEMENT_3D ( 'NONE', #4214, #1225, #4295 ) ;
#2574 = CIRCLE ( 'NONE', #2629, 4.999999999999997335 ) ;
#2575 = DIRECTION ( 'NONE',  ( 0.000000000000000000, 1.000000000000000000, 0.000000000000000000 ) ) ;
#2576 = CARTESIAN_POINT ( 'NONE',  ( 30.00000000000000000, 4.000000000000000000, 85.00000000000000000 ) ) ;
#2577 = ADVANCED_FACE ( 'NONE', ( #1805 ), #2380, .F. ) ;
#2578 = CIRCLE ( 'NONE', #2288, 1.500000000000001332 ) ;
#2579 = VERTEX_POINT ( 'NONE', #393 ) ;
#2580 = DIRECTION ( 'NONE',  ( 0.000000000000000000, -1.000000000000000000, 0.000000000000000000 ) ) ;
#2581 = AXIS2_PLACEMENT_3D ( 'NONE', #1602, #1793, #203 ) ;
#2582 = DIRECTION ( 'NONE',  ( -0.000000000000000000, 1.000000000000000000, 0.000000000000000000 ) ) ;
#2583 = AXIS2_PLACEMENT_3D ( 'NONE', #3417, #3088, #137 ) ;
#2584 = DIRECTION ( 'NONE',  ( 0.000000000000000000, 1.000000000000000000, 0.000000000000000000 ) ) ;
#2585 = VERTEX_POINT ( 'NONE', #3341 ) ;
#2586 = VERTEX_POINT ( 'NONE', #1030 ) ;
#2587 = ADVANCED_FACE ( 'NONE', ( #2029 ), #2439, .F. ) ;
#2588 = CARTESIAN_POINT ( 'NONE',  ( 110.0000000000000000, 4.000000000000000000, -72.00000000000000000 ) ) ;
#2589 = FACE_OUTER_BOUND ( 'NONE', #1747, .T. ) ;
#2590 = CIRCLE ( 'NONE', #82, 0.9999999999999991118 ) ;
#2591 = DIRECTION ( 'NONE',  ( 0.000000000000000000, 0.000000000000000000, 1.000000000000000000 ) ) ;
#2592 = DIRECTION ( 'NONE',  ( 1.000000000000000000, 0.000000000000000000, 1.284980352575411713E-16 ) ) ;
#2593 = CIRCLE ( 'NONE', #799, 1.250000000000001110 ) ;
#2594 = ORIENTED_EDGE ( 'NONE', *, *, #3830, .T. ) ;
#2595 = DIRECTION ( 'NONE',  ( 0.000000000000000000, 0.000000000000000000, -1.000000000000000000 ) ) ;
#2596 = CIRCLE ( 'NONE', #631, 1.500000000000001332 ) ;
#2597 = FACE_BOUND ( 'NONE', #30, .T. ) ;
#2598 = CARTESIAN_POINT ( 'NONE',  ( 134.0000000000000000, 4.000000000000000000, 52.00000000000000000 ) ) ;
#2599 = EDGE_CURVE ( 'NONE', #2586, #3783, #1116, .T. ) ;
#2600 = FACE_OUTER_BOUND ( 'NONE', #2495, .T. ) ;
#2601 = ORIENTED_EDGE ( 'NONE', *, *, #2241, .F. ) ;
#2602 = VERTEX_POINT ( 'NONE', #1765 ) ;
#2603 = CARTESIAN_POINT ( 'NONE',  ( 15.00000000000000000, 4.000000000000000000, 115.0000000000000000 ) ) ;
#2604 = EDGE_CURVE ( 'NONE', #2013, #1404, #3263, .T. ) ;
#2605 = CIRCLE ( 'NONE', #3942, 1.500000000000001332 ) ;
#2606 = DIRECTION ( 'NONE',  ( 0.000000000000000000, 0.000000000000000000, 1.000000000000000000 ) ) ;
#2607 = DIRECTION ( 'NONE',  ( 0.000000000000000000, 1.000000000000000000, 0.000000000000000000 ) ) ;
#2608 = DIRECTION ( 'NONE',  ( 0.000000000000000000, 1.000000000000000000, 0.000000000000000000 ) ) ;
#2609 = CARTESIAN_POINT ( 'NONE',  ( 14.99999999999986144, 0.000000000000000000, -131.5000000000000000 ) ) ;
#2610 = ORIENTED_EDGE ( 'NONE', *, *, #1027, .T. ) ;
#2611 = DIRECTION ( 'NONE',  ( 0.000000000000000000, 1.000000000000000000, 0.000000000000000000 ) ) ;
#2612 = DIRECTION ( 'NONE',  ( 0.000000000000000000, 0.000000000000000000, 1.000000000000000000 ) ) ;
#2613 = EDGE_CURVE ( 'NONE', #2487, #1846, #3694, .T. ) ;
#2614 = CARTESIAN_POINT ( 'NONE',  ( 110.0000000000000000, 0.000000000000000000, -49.50000000000000000 ) ) ;
#2615 = DIRECTION ( 'NONE',  ( 0.000000000000000000, 0.000000000000000000, 1.000000000000000000 ) ) ;
#2616 = ORIENTED_EDGE ( 'NONE', *, *, #1732, .F. ) ;
#2617 = ORIENTED_EDGE ( 'NONE', *, *, #3122, .F. ) ;
#2618 = DIRECTION ( 'NONE',  ( 0.000000000000000000, 1.000000000000000000, 0.000000000000000000 ) ) ;
#2619 = EDGE_CURVE ( 'NONE', #2494, #1196, #315, .T. ) ;
#2620 = CARTESIAN_POINT ( 'NONE',  ( 30.00000000000000000, 0.000000000000000000, 101.5000000000000000 ) ) ;
#2621 = CYLINDRICAL_SURFACE ( 'NONE', #3261, 1.500000000000001332 ) ;
#2622 = VECTOR ( 'NONE', #547, 1000.000000000000000 ) ;
#2623 = EDGE_CURVE ( 'NONE', #516, #4100, #1110, .T. ) ;
#2624 = EDGE_LOOP ( 'NONE', ( #2327, #3945 ) ) ;
#2625 = DIRECTION ( 'NONE',  ( 0.000000000000000000, 0.000000000000000000, 1.000000000000000000 ) ) ;
#2626 = VECTOR ( 'NONE', #2529, 1000.000000000000000 ) ;
#2627 = VECTOR ( 'NONE', #3280, 1000.000000000000000 ) ;
#2628 = CYLINDRICAL_SURFACE ( 'NONE', #1512, 1.500000000000001332 ) ;
#2629 = AXIS2_PLACEMENT_3D ( 'NONE', #771, #3462, #1151 ) ;
#2630 = CIRCLE ( 'NONE', #1657, 1.500000000000001332 ) ;
#2631 = CARTESIAN_POINT ( 'NONE',  ( 145.0000000000000000, 4.000000000000000000, -75.00000000000000000 ) ) ;
#2632 = DIRECTION ( 'NONE',  ( 0.000000000000000000, 0.000000000000000000, -1.000000000000000000 ) ) ;
#2633 = AXIS2_PLACEMENT_3D ( 'NONE', #350, #2645, #3045 ) ;
#2634 = CARTESIAN_POINT ( 'NONE',  ( 79.10999999999999943, 0.000000000000000000, 10.50000000000000000 ) ) ;
#2635 = CIRCLE ( 'NONE', #2916, 6.000000000000005329 ) ;
#2636 = LINE ( 'NONE', #2927, #2871 ) ;
#2637 = VECTOR ( 'NONE', #3232, 1000.000000000000114 ) ;
#2638 = EDGE_LOOP ( 'NONE', ( #2973, #2610 ) ) ;
#2639 = EDGE_LOOP ( 'NONE', ( #468, #898, #2532, #1809 ) ) ;
#2640 = CARTESIAN_POINT ( 'NONE',  ( 47.50000000000000000, 4.000000000000000000, -91.00000000000000000 ) ) ;
#2641 = AXIS2_PLACEMENT_3D ( 'NONE', #1135, #419, #2410 ) ;
#2642 = FACE_OUTER_BOUND ( 'NONE', #2822, .T. ) ;
#2643 = LINE ( 'NONE', #630, #4302 ) ;
#2644 = ORIENTED_EDGE ( 'NONE', *, *, #620, .T. ) ;
#2645 = DIRECTION ( 'NONE',  ( 0.000000000000000000, 1.000000000000000000, 0.000000000000000000 ) ) ;
#2646 = DIRECTION ( 'NONE',  ( 0.000000000000000000, 1.000000000000000000, 0.000000000000000000 ) ) ;
#2647 = ORIENTED_EDGE ( 'NONE', *, *, #739, .F. ) ;
#2648 = ORIENTED_EDGE ( 'NONE', *, *, #252, .F. ) ;
#2649 = EDGE_CURVE ( 'NONE', #1345, #4031, #2705, .T. ) ;
#2650 = AXIS2_PLACEMENT_3D ( 'NONE', #1432, #67, #2766 ) ;
#2651 = DIRECTION ( 'NONE',  ( 0.000000000000000000, 1.000000000000000000, 0.000000000000000000 ) ) ;
#2652 = FACE_BOUND ( 'NONE', #848, .T. ) ;
#2653 = CARTESIAN_POINT ( 'NONE',  ( 24.50000000000000000, 0.000000000000000000, 69.75000000000000000 ) ) ;
#2654 = AXIS2_PLACEMENT_3D ( 'NONE', #812, #3564, #3877 ) ;
#2655 = EDGE_CURVE ( 'NONE', #1697, #2125, #1685, .T. ) ;
#2656 = ORIENTED_EDGE ( 'NONE', *, *, #3064, .T. ) ;
#2657 = DIRECTION ( 'NONE',  ( 0.000000000000000000, 0.000000000000000000, 1.000000000000000000 ) ) ;
#2658 = CIRCLE ( 'NONE', #3802, 1.500000000000000000 ) ;
#2659 = VERTEX_POINT ( 'NONE', #3773 ) ;
#2660 = ORIENTED_EDGE ( 'NONE', *, *, #2655, .F. ) ;
#2661 = CARTESIAN_POINT ( 'NONE',  ( 139.0000000000000000, 4.000000000000000000, 75.00000000000000000 ) ) ;
#2662 = DIRECTION ( 'NONE',  ( 0.000000000000000000, 0.000000000000000000, -1.000000000000000000 ) ) ;
#2663 = AXIS2_PLACEMENT_3D ( 'NONE', #3131, #1130, #2076 ) ;
#2664 = CARTESIAN_POINT ( 'NONE',  ( 110.0000000000000000, 4.000000000000000000, -72.00000000000000000 ) ) ;
#2665 = CIRCLE ( 'NONE', #3298, 1.500000000000001332 ) ;
#2666 = CARTESIAN_POINT ( 'NONE',  ( 30.00000000000000000, 0.000000000000000000, -131.5000000000000000 ) ) ;
#2667 = DIRECTION ( 'NONE',  ( 0.000000000000000000, 0.000000000000000000, -1.000000000000000000 ) ) ;
#2668 = VERTEX_POINT ( 'NONE', #782 ) ;
#2669 = LINE ( 'NONE', #2068, #2864 ) ;
#2670 = DIRECTION ( 'NONE',  ( 0.000000000000000000, 0.000000000000000000, 1.000000000000000000 ) ) ;
#2671 = ORIENTED_EDGE ( 'NONE', *, *, #3668, .T. ) ;
#2672 = ORIENTED_EDGE ( 'NONE', *, *, #975, .F. ) ;
#2673 = ORIENTED_EDGE ( 'NONE', *, *, #235, .F. ) ;
#2674 = EDGE_CURVE ( 'NONE', #2693, #4128, #3367, .T. ) ;
#2675 = EDGE_CURVE ( 'NONE', #2173, #4074, #1656, .T. ) ;
#2676 = FACE_OUTER_BOUND ( 'NONE', #1354, .T. ) ;
#2677 = DIRECTION ( 'NONE',  ( 0.000000000000000000, 0.000000000000000000, 1.000000000000000000 ) ) ;
#2678 = DIRECTION ( 'NONE',  ( 0.000000000000000000, 0.000000000000000000, 1.000000000000000000 ) ) ;
#2679 = ADVANCED_FACE ( 'NONE', ( #1787 ), #1708, .F. ) ;
#2680 = ORIENTED_EDGE ( 'NONE', *, *, #3395, .F. ) ;
#2681 = CARTESIAN_POINT ( 'NONE',  ( 20.00000000000000000, -6.000000000000000000, 66.00000000000000000 ) ) ;
#2682 = EDGE_CURVE ( 'NONE', #3896, #3233, #41, .T. ) ;
#2683 = VERTEX_POINT ( 'NONE', #3720 ) ;
#2684 = EDGE_LOOP ( 'NONE', ( #3991, #3106, #3164, #1125, #2352, #433, #3257, #297 ) ) ;
#2685 = CARTESIAN_POINT ( 'NONE',  ( 29.00000000000000000, 4.000000000000000000, -122.0000000000000000 ) ) ;
#2686 = FACE_OUTER_BOUND ( 'NONE', #3134, .T. ) ;
#2687 = EDGE_CURVE ( 'NONE', #2127, #1822, #2357, .T. ) ;
#2688 = ADVANCED_FACE ( 'NONE', ( #1057 ), #1735, .F. ) ;
#2689 = CARTESIAN_POINT ( 'NONE',  ( 56.50000000000000000, 4.000000000000000000, 49.34314575050759544 ) ) ;
#2690 = CARTESIAN_POINT ( 'NONE',  ( 45.00000000000000000, 0.000000000000000000, 30.00000000000000000 ) ) ;
#2691 = CARTESIAN_POINT ( 'NONE',  ( 56.50000000000000000, 4.000000000000000000, -49.34314575050759544 ) ) ;
#2692 = LINE ( 'NONE', #3675, #3447 ) ;
#2693 = VERTEX_POINT ( 'NONE', #3062 ) ;
#2694 = CYLINDRICAL_SURFACE ( 'NONE', #2633, 1.500000000000001332 ) ;
#2695 = CARTESIAN_POINT ( 'NONE',  ( 36.00000000000000000, 0.000000000000000000, 121.0000000000000000 ) ) ;
#2696 = ORIENTED_EDGE ( 'NONE', *, *, #1919, .T. ) ;
#2697 = VERTEX_POINT ( 'NONE', #2059 ) ;
#2698 = EDGE_LOOP ( 'NONE', ( #2644, #3033 ) ) ;
#2699 = DIRECTION ( 'NONE',  ( 0.000000000000000000, 1.000000000000000000, 0.000000000000000000 ) ) ;
#2700 = CIRCLE ( 'NONE', #4188, 1.500000000000001332 ) ;
#2701 = DIRECTION ( 'NONE',  ( 0.000000000000000000, 1.000000000000000000, 0.000000000000000000 ) ) ;
#2702 = EDGE_CURVE ( 'NONE', #3010, #1430, #2413, .T. ) ;
#2703 = CYLINDRICAL_SURFACE ( 'NONE', #1159, 1.500000000000001332 ) ;
#2704 = CARTESIAN_POINT ( 'NONE',  ( 80.10999999999999943, -6.000000000000000000, -10.50000000000000000 ) ) ;
#2705 = CIRCLE ( 'NONE', #3141, 6.000000000000005329 ) ;
#2706 = EDGE_LOOP ( 'NONE', ( #4033, #2170 ) ) ;
#2707 = CARTESIAN_POINT ( 'NONE',  ( 30.00000000000000000, 0.000000000000000000, -60.00000000000000000 ) ) ;
#2708 = EDGE_CURVE ( 'NONE', #1802, #2928, #1332, .T. ) ;
#2709 = ORIENTED_EDGE ( 'NONE', *, *, #59, .F. ) ;
#2710 = VERTEX_POINT ( 'NONE', #95 ) ;
#2711 = DIRECTION ( 'NONE',  ( 0.000000000000000000, 1.000000000000000000, 0.000000000000000000 ) ) ;
#2712 = VECTOR ( 'NONE', #1197, 1000.000000000000000 ) ;
#2713 = FACE_BOUND ( 'NONE', #3770, .T. ) ;
#2714 = CARTESIAN_POINT ( 'NONE',  ( 124.8599999999999994, -6.000000000000000000, 5.000000000000000000 ) ) ;
#2715 = EDGE_CURVE ( 'NONE', #3741, #731, #894, .T. ) ;
#2716 = EDGE_CURVE ( 'NONE', #2057, #3754, #1248, .T. ) ;
#2717 = LINE ( 'NONE', #784, #1414 ) ;
#2718 = AXIS2_PLACEMENT_3D ( 'NONE', #4137, #4234, #244 ) ;
#2719 = CARTESIAN_POINT ( 'NONE',  ( 134.0000000000000000, 0.000000000000000000, 52.00000000000000000 ) ) ;
#2720 = AXIS2_PLACEMENT_3D ( 'NONE', #657, #2353, #2615 ) ;
#2721 = CARTESIAN_POINT ( 'NONE',  ( 47.50000000000000000, 4.000000000000000000, 6.103656674733209680E-15 ) ) ;
#2722 = DIRECTION ( 'NONE',  ( -1.284980352575411713E-16, 0.000000000000000000, -1.000000000000000000 ) ) ;
#2723 = ORIENTED_EDGE ( 'NONE', *, *, #2427, .F. ) ;
#2724 = CYLINDRICAL_SURFACE ( 'NONE', #1665, 1.500000000000001332 ) ;
#2725 = CARTESIAN_POINT ( 'NONE',  ( 124.8599999999999994, -6.000000000000000000, 5.000000000000000000 ) ) ;
#2726 = ORIENTED_EDGE ( 'NONE', *, *, #2715, .T. ) ;
#2727 = ORIENTED_EDGE ( 'NONE', *, *, #696, .T. ) ;
#2728 = VERTEX_POINT ( 'NONE', #3796 ) ;
#2729 = ORIENTED_EDGE ( 'NONE', *, *, #2299, .F. ) ;
#2730 = LINE ( 'NONE', #3054, #3057 ) ;
#2731 = FACE_OUTER_BOUND ( 'NONE', #3082, .T. ) ;
#2732 = CARTESIAN_POINT ( 'NONE',  ( 30.00000000000000000, 0.000000000000000000, 51.50000000000000000 ) ) ;
#2733 = ORIENTED_EDGE ( 'NONE', *, *, #3928, .F. ) ;
#2734 = FACE_OUTER_BOUND ( 'NONE', #1536, .T. ) ;
#2735 = VERTEX_POINT ( 'NONE', #2156 ) ;
#2736 = CARTESIAN_POINT ( 'NONE',  ( 139.0000000000000000, 0.000000000000000000, 38.00000000000000000 ) ) ;
#2737 = CIRCLE ( 'NONE', #3522, 1.500000000000001332 ) ;
#2738 = CARTESIAN_POINT ( 'NONE',  ( 41.50000000000000000, 4.000000000000000000, -135.0000000000000000 ) ) ;
#2739 = CARTESIAN_POINT ( 'NONE',  ( 30.00000000000000000, -6.000000000000000000, 86.50000000000000000 ) ) ;
#2740 = AXIS2_PLACEMENT_3D ( 'NONE', #282, #3964, #1585 ) ;
#2741 = DIRECTION ( 'NONE',  ( 0.000000000000000000, 0.000000000000000000, -1.000000000000000000 ) ) ;
#2742 = AXIS2_PLACEMENT_3D ( 'NONE', #3084, #85, #1424 ) ;
#2743 = FACE_OUTER_BOUND ( 'NONE', #838, .T. ) ;
#2744 = EDGE_CURVE ( 'NONE', #1196, #2494, #3408, .T. ) ;
#2745 = EDGE_CURVE ( 'NONE', #2331, #3420, #1534, .T. ) ;
#2746 = CARTESIAN_POINT ( 'NONE',  ( 110.0000000000000000, 4.000000000000000000, 48.00000000000000000 ) ) ;
#2747 = DIRECTION ( 'NONE',  ( 0.000000000000000000, 1.000000000000000000, 0.000000000000000000 ) ) ;
#2748 = ORIENTED_EDGE ( 'NONE', *, *, #2948, .T. ) ;
#2749 = DIRECTION ( 'NONE',  ( 0.000000000000000000, 0.000000000000000000, 1.000000000000000000 ) ) ;
#2750 = LINE ( 'NONE', #4087, #1333 ) ;
#2751 = ORIENTED_EDGE ( 'NONE', *, *, #2365, .F. ) ;
#2752 = VERTEX_POINT ( 'NONE', #2213 ) ;
#2753 = VERTEX_POINT ( 'NONE', #2466 ) ;
#2754 = EDGE_CURVE ( 'NONE', #2452, #1081, #2085, .T. ) ;
#2755 = VERTEX_POINT ( 'NONE', #2137 ) ;
#2756 = DIRECTION ( 'NONE',  ( 0.000000000000000000, 0.000000000000000000, 1.000000000000000000 ) ) ;
#2757 = CARTESIAN_POINT ( 'NONE',  ( 124.8599999999999994, 4.000000000000000000, 6.500000000000000000 ) ) ;
#2758 = FACE_OUTER_BOUND ( 'NONE', #2639, .T. ) ;
#2759 = ORIENTED_EDGE ( 'NONE', *, *, #3948, .T. ) ;
#2760 = DIRECTION ( 'NONE',  ( 0.000000000000000000, 0.000000000000000000, 1.000000000000000000 ) ) ;
#2761 = ORIENTED_EDGE ( 'NONE', *, *, #560, .T. ) ;
#2762 = ORIENTED_EDGE ( 'NONE', *, *, #1617, .T. ) ;
#2763 = ADVANCED_FACE ( 'NONE', ( #3843 ), #2787, .F. ) ;
#2764 = ORIENTED_EDGE ( 'NONE', *, *, #728, .F. ) ;
#2765 = CARTESIAN_POINT ( 'NONE',  ( 29.00000000000000000, 0.000000000000000000, -72.00000000000000000 ) ) ;
#2766 = DIRECTION ( 'NONE',  ( 1.000000000000000000, 0.000000000000000000, 0.000000000000000000 ) ) ;
#2767 = LINE ( 'NONE', #1358, #87 ) ;
#2768 = ADVANCED_FACE ( 'NONE', ( #200 ), #1858, .F. ) ;
#2769 = LINE ( 'NONE', #4081, #3679 ) ;
#2770 = DIRECTION ( 'NONE',  ( 0.000000000000000000, 0.000000000000000000, 1.000000000000000000 ) ) ;
#2771 = CARTESIAN_POINT ( 'NONE',  ( 120.1099999999999994, 4.000000000000000000, -11.50000000000000000 ) ) ;
#2772 = VERTEX_POINT ( 'NONE', #160 ) ;
#2773 = DIRECTION ( 'NONE',  ( 0.000000000000000000, 1.000000000000000000, 0.000000000000000000 ) ) ;
#2774 = VERTEX_POINT ( 'NONE', #1452 ) ;
#2775 = VERTEX_POINT ( 'NONE', #1182 ) ;
#2776 = ORIENTED_EDGE ( 'NONE', *, *, #4142, .T. ) ;
#2777 = ORIENTED_EDGE ( 'NONE', *, *, #1654, .T. ) ;
#2778 = CARTESIAN_POINT ( 'NONE',  ( 37.50000000000000000, 0.000000000000000000, 125.5000000000000000 ) ) ;
#2779 = DIRECTION ( 'NONE',  ( 1.000000000000000000, 0.000000000000000000, 0.000000000000000000 ) ) ;
#2780 = CARTESIAN_POINT ( 'NONE',  ( 15.00000000000000000, 0.000000000000000000, 98.50000000000000000 ) ) ;
#2781 = AXIS2_PLACEMENT_3D ( 'NONE', #2598, #3622, #3995 ) ;
#2782 = ORIENTED_EDGE ( 'NONE', *, *, #3595, .T. ) ;
#2783 = AXIS2_PLACEMENT_3D ( 'NONE', #2551, #495, #2507 ) ;
#2784 = CARTESIAN_POINT ( 'NONE',  ( 110.0000000000000000, 0.000000000000000000, 48.00000000000000000 ) ) ;
#2785 = EDGE_LOOP ( 'NONE', ( #53, #403 ) ) ;
#2786 = ORIENTED_EDGE ( 'NONE', *, *, #778, .T. ) ;
#2787 = CYLINDRICAL_SURFACE ( 'NONE', #2351, 1.500000000000000000 ) ;
#2788 = FACE_BOUND ( 'NONE', #1366, .T. ) ;
#2789 = AXIS2_PLACEMENT_3D ( 'NONE', #3939, #1910, #1939 ) ;
#2790 = CIRCLE ( 'NONE', #670, 1.500000000000001332 ) ;
#2791 = PLANE ( 'NONE',  #1567 ) ;
#2792 = DIRECTION ( 'NONE',  ( 0.000000000000000000, 0.000000000000000000, 1.000000000000000000 ) ) ;
#2793 = CARTESIAN_POINT ( 'NONE',  ( 129.0000000000000000, 0.000000000000000000, 38.00000000000000000 ) ) ;
#2794 = DIRECTION ( 'NONE',  ( 0.000000000000000000, 1.000000000000000000, 0.000000000000000000 ) ) ;
#2795 = AXIS2_PLACEMENT_3D ( 'NONE', #1745, #3321, #757 ) ;
#2796 = ORIENTED_EDGE ( 'NONE', *, *, #2675, .F. ) ;
#2797 = ORIENTED_EDGE ( 'NONE', *, *, #1033, .T. ) ;
#2798 = VECTOR ( 'NONE', #490, 1000.000000000000000 ) ;
#2799 = ORIENTED_EDGE ( 'NONE', *, *, #620, .F. ) ;
#2800 = EDGE_LOOP ( 'NONE', ( #1530, #126, #1055, #1825 ) ) ;
#2801 = DIRECTION ( 'NONE',  ( 0.000000000000000000, 1.000000000000000000, 0.000000000000000000 ) ) ;
#2802 = DIRECTION ( 'NONE',  ( 0.000000000000000000, 0.000000000000000000, 1.000000000000000000 ) ) ;
#2803 = CARTESIAN_POINT ( 'NONE',  ( 56.50000000000000000, 0.000000000000000000, 49.34314575050759544 ) ) ;
#2804 = ORIENTED_EDGE ( 'NONE', *, *, #2716, .F. ) ;
#2805 = CC_DESIGN_PERSON_AND_ORGANIZATION_ASSIGNMENT ( #3198, #866, ( #2179 ) ) ;
#2806 = LINE ( 'NONE', #2382, #3225 ) ;
#2807 = ORIENTED_EDGE ( 'NONE', *, *, #184, .T. ) ;
#2808 = VERTEX_POINT ( 'NONE', #1810 ) ;
#2809 = CARTESIAN_POINT ( 'NONE',  ( 124.8599999999999994, -6.000000000000000000, 6.500000000000000000 ) ) ;
#2810 = CARTESIAN_POINT ( 'NONE',  ( 30.00000000000000000, -6.000000000000000000, -51.50000000000000000 ) ) ;
#2811 = VECTOR ( 'NONE', #201, 1000.000000000000000 ) ;
#2812 = ORIENTED_EDGE ( 'NONE', *, *, #3382, .F. ) ;
#2813 = CARTESIAN_POINT ( 'NONE',  ( 110.0000000000000000, 4.000000000000000000, -73.50000000000000000 ) ) ;
#2814 = LINE ( 'NONE', #3806, #2285 ) ;
#2815 = CIRCLE ( 'NONE', #579, 1.500000000000001332 ) ;
#2816 = FACE_OUTER_BOUND ( 'NONE', #254, .T. ) ;
#2817 = VECTOR ( 'NONE', #4158, 1000.000000000000000 ) ;
#2818 = EDGE_CURVE ( 'NONE', #3792, #814, #2442, .T. ) ;
#2819 = VERTEX_POINT ( 'NONE', #851 ) ;
#2820 = ORIENTED_EDGE ( 'NONE', *, *, #3869, .T. ) ;
#2821 = EDGE_LOOP ( 'NONE', ( #22, #4096 ) ) ;
#2822 = EDGE_LOOP ( 'NONE', ( #734, #3771, #1206, #2465 ) ) ;
#2823 = DIRECTION ( 'NONE',  ( 0.000000000000000000, -1.000000000000000000, 0.000000000000000000 ) ) ;
#2824 = DIRECTION ( 'NONE',  ( 0.000000000000000000, 1.000000000000000000, 0.000000000000000000 ) ) ;
#2825 = DIRECTION ( 'NONE',  ( 0.000000000000000000, 1.000000000000000000, 0.000000000000000000 ) ) ;
#2826 = EDGE_CURVE ( 'NONE', #2478, #3818, #1547, .T. ) ;
#2827 = ADVANCED_FACE ( 'NONE', ( #3469 ), #3823, .F. ) ;
#2828 = ORIENTED_EDGE ( 'NONE', *, *, #1223, .F. ) ;
#2829 = LINE ( 'NONE', #1503, #2798 ) ;
#2830 = ORIENTED_EDGE ( 'NONE', *, *, #1468, .T. ) ;
#2831 = ORIENTED_EDGE ( 'NONE', *, *, #4103, .T. ) ;
#2832 = DIRECTION ( 'NONE',  ( 0.000000000000000000, 1.000000000000000000, 0.000000000000000000 ) ) ;
#2833 = DIRECTION ( 'NONE',  ( 0.000000000000000000, 1.000000000000000000, 0.000000000000000000 ) ) ;
#2834 = EDGE_CURVE ( 'NONE', #4028, #864, #3204, .T. ) ;
#2835 = ORIENTED_EDGE ( 'NONE', *, *, #2052, .T. ) ;
#2836 = CARTESIAN_POINT ( 'NONE',  ( 69.25000000000000000, 0.000000000000000000, -69.25000000000000000 ) ) ;
#2837 = EDGE_CURVE ( 'NONE', #83, #3832, #4152, .T. ) ;
#2838 = CARTESIAN_POINT ( 'NONE',  ( -20.00000000000000000, 4.000000000000000000, 66.00000000000000000 ) ) ;
#2839 = DIRECTION ( 'NONE',  ( 0.000000000000000000, 0.000000000000000000, 1.000000000000000000 ) ) ;
#2840 = VERTEX_POINT ( 'NONE', #3189 ) ;
#2841 = VERTEX_POINT ( 'NONE', #117 ) ;
#2842 = VERTEX_POINT ( 'NONE', #182 ) ;
#2843 = CALENDAR_DATE ( 2026, 8, 5 ) ;
#2844 = VERTEX_POINT ( 'NONE', #1525 ) ;
#2845 = LINE ( 'NONE', #4182, #2712 ) ;
#2846 = CYLINDRICAL_SURFACE ( 'NONE', #2035, 1.500000000000001332 ) ;
#2847 = CARTESIAN_POINT ( 'NONE',  ( 110.0000000000000000, 0.000000000000000000, -73.50000000000000000 ) ) ;
#2848 = EDGE_CURVE ( 'NONE', #1553, #4169, #2851, .T. ) ;
#2849 = ORIENTED_EDGE ( 'NONE', *, *, #1814, .T. ) ;
#2850 = VERTEX_POINT ( 'NONE', #874 ) ;
#2851 = LINE ( 'NONE', #4191, #2626 ) ;
#2852 = DIRECTION ( 'NONE',  ( 0.000000000000000000, 1.000000000000000000, 0.000000000000000000 ) ) ;
#2853 = AXIS2_PLACEMENT_3D ( 'NONE', #2326, #3689, #3639 ) ;
#2854 = ADVANCED_FACE ( 'NONE', ( #2874 ), #2200, .F. ) ;
#2855 = ORIENTED_EDGE ( 'NONE', *, *, #2991, .T. ) ;
#2856 = EDGE_LOOP ( 'NONE', ( #1419, #2542, #105, #206 ) ) ;
#2857 = CARTESIAN_POINT ( 'NONE',  ( 110.0000000000000000, 0.000000000000000000, 70.50000000000000000 ) ) ;
#2858 = CIRCLE ( 'NONE', #1994, 1.500000000000001332 ) ;
#2859 = CARTESIAN_POINT ( 'NONE',  ( 29.00000000000000000, 4.000000000000000000, -120.5000000000000000 ) ) ;
#2860 = EDGE_CURVE ( 'NONE', #2123, #337, #3907, .T. ) ;
#2861 = AXIS2_PLACEMENT_3D ( 'NONE', #1219, #2194, #3109 ) ;
#2862 = AXIS2_PLACEMENT_3D ( 'NONE', #2417, #3145, #4105 ) ;
#2863 = CARTESIAN_POINT ( 'NONE',  ( 30.00000000000000000, -6.000000000000000000, 48.50000000000000000 ) ) ;
#2864 = VECTOR ( 'NONE', #4059, 1000.000000000000000 ) ;
#2865 = CIRCLE ( 'NONE', #3220, 1.500000000000001332 ) ;
#2866 = ORIENTED_EDGE ( 'NONE', *, *, #287, .F. ) ;
#2867 = CIRCLE ( 'NONE', #2718, 1.500000000000001332 ) ;
#2868 = VERTEX_POINT ( 'NONE', #4242 ) ;
#2869 = LINE ( 'NONE', #3788, #488 ) ;
#2870 = DIRECTION ( 'NONE',  ( 1.000000000000000000, 0.000000000000000000, 0.000000000000000000 ) ) ;
#2871 = VECTOR ( 'NONE', #3643, 1000.000000000000000 ) ;
#2872 = DIRECTION ( 'NONE',  ( 0.000000000000000000, 1.000000000000000000, 0.000000000000000000 ) ) ;
#2873 = ORIENTED_EDGE ( 'NONE', *, *, #4121, .T. ) ;
#2874 = FACE_OUTER_BOUND ( 'NONE', #779, .T. ) ;
#2876 = ADVANCED_FACE ( 'NONE', ( #619 ), #3954, .F. ) ;
#2875 = PLANE ( 'NONE',  #3791 ) ;
#2877 = CARTESIAN_POINT ( 'NONE',  ( 80.00000000000000000, 4.000000000000000000, 72.00000000000000000 ) ) ;
#2878 = ORIENTED_EDGE ( 'NONE', *, *, #2948, .F. ) ;
#2879 = VERTEX_POINT ( 'NONE', #977 ) ;
#2880 = DIRECTION ( 'NONE',  ( 0.000000000000000000, 0.000000000000000000, -1.000000000000000000 ) ) ;
#2881 = CARTESIAN_POINT ( 'NONE',  ( 145.0000000000000000, 0.000000000000000000, -75.00000000000000000 ) ) ;
#2882 = CARTESIAN_POINT ( 'NONE',  ( 15.00000000000000000, 0.000000000000000000, 85.00000000000000000 ) ) ;
#2883 = AXIS2_PLACEMENT_3D ( 'NONE', #1190, #525, #4177 ) ;
#2884 = EDGE_CURVE ( 'NONE', #3719, #4285, #3900, .T. ) ;
#2885 = ADVANCED_FACE ( 'NONE', ( #2564 ), #2304, .F. ) ;
#2886 = AXIS2_PLACEMENT_3D ( 'NONE', #3594, #951, #1629 ) ;
#2887 = ORIENTED_EDGE ( 'NONE', *, *, #1315, .F. ) ;
#2888 = CARTESIAN_POINT ( 'NONE',  ( 80.00000000000000000, 4.000000000000000000, 70.50000000000000000 ) ) ;
#2889 = CARTESIAN_POINT ( 'NONE',  ( 24.50000000000000000, -6.000000000000000000, 69.75000000000000000 ) ) ;
#2890 = DIRECTION ( 'NONE',  ( 0.000000000000000000, 0.000000000000000000, 1.000000000000000000 ) ) ;
#2891 = AXIS2_PLACEMENT_3D ( 'NONE', #4014, #1349, #2021 ) ;
#2892 = EDGE_CURVE ( 'NONE', #1463, #3938, #2224, .T. ) ;
#2893 = ORIENTED_EDGE ( 'NONE', *, *, #2599, .T. ) ;
#2894 = CYLINDRICAL_SURFACE ( 'NONE', #1537, 1.500000000000001332 ) ;
#2895 = DIRECTION ( 'NONE',  ( -0.000000000000000000, 0.000000000000000000, -1.000000000000000000 ) ) ;
#2896 = EDGE_CURVE ( 'NONE', #1878, #1440, #1998, .T. ) ;
#2897 = CARTESIAN_POINT ( 'NONE',  ( 57.50000000000000000, 4.000000000000000000, 81.00000000000000000 ) ) ;
#2898 = ORIENTED_EDGE ( 'NONE', *, *, #4262, .F. ) ;
#2899 = CARTESIAN_POINT ( 'NONE',  ( 41.50000000000000000, 4.000000000000000000, 129.0000000000000000 ) ) ;
#2900 = CARTESIAN_POINT ( 'NONE',  ( 80.00000000000000000, 0.000000000000000000, 70.50000000000000000 ) ) ;
#2901 = EDGE_CURVE ( 'NONE', #4031, #2579, #928, .T. ) ;
#2902 = VERTEX_POINT ( 'NONE', #2251 ) ;
#2903 = DIRECTION ( 'NONE',  ( 0.000000000000000000, 0.000000000000000000, -1.000000000000000000 ) ) ;
#2904 = CARTESIAN_POINT ( 'NONE',  ( 80.00000000000000000, 0.000000000000000000, -48.00000000000000000 ) ) ;
#2905 = EDGE_CURVE ( 'NONE', #2752, #2013, #221, .T. ) ;
#2906 = VERTEX_POINT ( 'NONE', #585 ) ;
#2907 = CARTESIAN_POINT ( 'NONE',  ( 110.0000000000000000, 4.000000000000000000, 72.00000000000000000 ) ) ;
#2908 = CARTESIAN_POINT ( 'NONE',  ( 37.50000000000000000, 0.000000000000000000, 127.0000000000000000 ) ) ;
#2909 = CARTESIAN_POINT ( 'NONE',  ( 36.00000000000000000, -6.000000000000000000, 122.5000000000000000 ) ) ;
#2910 = VERTEX_POINT ( 'NONE', #2631 ) ;
#2911 = DIRECTION ( 'NONE',  ( 0.000000000000000000, 1.000000000000000000, 0.000000000000000000 ) ) ;
#2912 = VECTOR ( 'NONE', #444, 1000.000000000000000 ) ;
#2913 = CIRCLE ( 'NONE', #1031, 4.999999999999997335 ) ;
#2914 = CARTESIAN_POINT ( 'NONE',  ( 124.8599999999999994, 0.000000000000000000, 3.500000000000000000 ) ) ;
#2915 = AXIS2_PLACEMENT_3D ( 'NONE', #1874, #2832, #1482 ) ;
#2916 = AXIS2_PLACEMENT_3D ( 'NONE', #2985, #695, #4326 ) ;
#2917 = CARTESIAN_POINT ( 'NONE',  ( 121.1099999999999994, 0.000000000000000000, 0.000000000000000000 ) ) ;
#2918 = CARTESIAN_POINT ( 'NONE',  ( 56.50000000000000000, 0.000000000000000000, 50.84314575050760254 ) ) ;
#2919 = CIRCLE ( 'NONE', #141, 1.500000000000001332 ) ;
#2920 = ORIENTED_EDGE ( 'NONE', *, *, #2649, .F. ) ;
#2921 = LINE ( 'NONE', #2938, #4123 ) ;
#2922 = CIRCLE ( 'NONE', #1949, 1.500000000000001332 ) ;
#2923 = FACE_BOUND ( 'NONE', #1552, .T. ) ;
#2924 = PLANE ( 'NONE',  #412 ) ;
#2925 = ADVANCED_FACE ( 'NONE', ( #291 ), #3245, .F. ) ;
#2926 = APPROVAL_PERSON_ORGANIZATION ( #1216, #1962, #128 ) ;
#2927 = CARTESIAN_POINT ( 'NONE',  ( 56.50000000000000000, 0.000000000000000000, 52.34314575050760254 ) ) ;
#2928 = VERTEX_POINT ( 'NONE', #3619 ) ;
#2929 = ORIENTED_EDGE ( 'NONE', *, *, #3477, .T. ) ;
#2930 = DIRECTION ( 'NONE',  ( 0.000000000000000000, 1.000000000000000000, 0.000000000000000000 ) ) ;
#2931 = FACE_OUTER_BOUND ( 'NONE', #1773, .T. ) ;
#2932 = AXIS2_PLACEMENT_3D ( 'NONE', #3117, #1484, #2031 ) ;
#2933 = ADVANCED_FACE ( 'NONE', ( #3290 ), #2894, .F. ) ;
#2934 = DIRECTION ( 'NONE',  ( 0.000000000000000000, 0.000000000000000000, 1.000000000000000000 ) ) ;
#2935 = DIRECTION ( 'NONE',  ( 0.000000000000000000, 1.000000000000000000, 0.000000000000000000 ) ) ;
#2936 = ORIENTED_EDGE ( 'NONE', *, *, #3162, .T. ) ;
#2937 = AXIS2_PLACEMENT_3D ( 'NONE', #2904, #1263, #1633 ) ;
#2938 = CARTESIAN_POINT ( 'NONE',  ( 0.000000000000000000, 0.000000000000000000, -81.00000000000000000 ) ) ;
#2939 = VECTOR ( 'NONE', #1839, 1000.000000000000000 ) ;
#2940 = EDGE_CURVE ( 'NONE', #2101, #2668, #2921, .T. ) ;
#2941 = FACE_BOUND ( 'NONE', #2098, .T. ) ;
#2942 = DIRECTION ( 'NONE',  ( 0.000000000000000000, 1.000000000000000000, 0.000000000000000000 ) ) ;
#2943 = PERSON ( 'æœª', 'æœª', 'æœª', ('æœª'), ('æœª'), ('æœª') ) ;
#2944 = DIRECTION ( 'NONE',  ( 0.000000000000000000, 1.000000000000000000, 0.000000000000000000 ) ) ;
#2945 = ORIENTED_EDGE ( 'NONE', *, *, #4304, .F. ) ;
#2946 = ORIENTED_EDGE ( 'NONE', *, *, #3640, .T. ) ;
#2947 = CYLINDRICAL_SURFACE ( 'NONE', #205, 1.500000000000001332 ) ;
#2948 = EDGE_CURVE ( 'NONE', #4098, #2668, #272, .T. ) ;
#2949 = CARTESIAN_POINT ( 'NONE',  ( 24.50000000000000000, 4.000000000000000000, 129.0000000000000000 ) ) ;
#2950 = LINE ( 'NONE', #4167, #3963 ) ;
#2951 = ORIENTED_EDGE ( 'NONE', *, *, #943, .F. ) ;
#2952 = LINE ( 'NONE', #3897, #1743 ) ;
#2953 = CARTESIAN_POINT ( 'NONE',  ( 36.00000000000000000, 4.000000000000000000, 121.0000000000000000 ) ) ;
#2954 = DIRECTION ( 'NONE',  ( 0.000000000000000000, 1.000000000000000000, 0.000000000000000000 ) ) ;
#2955 = FACE_BOUND ( 'NONE', #1675, .T. ) ;
#2956 = LINE ( 'NONE', #4320, #2979 ) ;
#2957 = EDGE_CURVE ( 'NONE', #3420, #2331, #3910, .T. ) ;
#2958 = CARTESIAN_POINT ( 'NONE',  ( 15.00000000000000000, 0.000000000000000000, 51.50000000000000000 ) ) ;
#2959 = ORIENTED_EDGE ( 'NONE', *, *, #1584, .F. ) ;
#2960 = ORIENTED_EDGE ( 'NONE', *, *, #559, .T. ) ;
#2961 = PLANE ( 'NONE',  #671 ) ;
#2962 = DIRECTION ( 'NONE',  ( 0.000000000000000000, 0.000000000000000000, -1.000000000000000000 ) ) ;
#2963 = EDGE_CURVE ( 'NONE', #337, #1778, #4279, .T. ) ;
#2964 = LINE ( 'NONE', #669, #1114 ) ;
#2965 = AXIS2_PLACEMENT_3D ( 'NONE', #1619, #4281, #3309 ) ;
#2966 = ORIENTED_EDGE ( 'NONE', *, *, #3886, .T. ) ;
#2967 = EDGE_CURVE ( 'NONE', #850, #1725, #1383, .T. ) ;
#2968 = DIRECTION ( 'NONE',  ( 0.000000000000000000, -1.000000000000000000, 0.000000000000000000 ) ) ;
#2969 = AXIS2_PLACEMENT_3D ( 'NONE', #3636, #4261, #1925 ) ;
#2970 = CIRCLE ( 'NONE', #3762, 1.500000000000000444 ) ;
#2971 = CARTESIAN_POINT ( 'NONE',  ( 50.84314575050770202, 4.000000000000000000, -56.50000000000000000 ) ) ;
#2972 = ORIENTED_EDGE ( 'NONE', *, *, #55, .F. ) ;
#2973 = ORIENTED_EDGE ( 'NONE', *, *, #1228, .T. ) ;
#2974 = AXIS2_PLACEMENT_3D ( 'NONE', #2406, #2348, #2020 ) ;
#2975 = CARTESIAN_POINT ( 'NONE',  ( 121.1099999999999994, 0.000000000000000000, -10.50000000000000000 ) ) ;
#2976 = DIRECTION ( 'NONE',  ( 0.000000000000000000, 0.000000000000000000, 1.000000000000000000 ) ) ;
#2977 = VECTOR ( 'NONE', #1934, 1000.000000000000000 ) ;
#2978 = DIRECTION ( 'NONE',  ( 0.000000000000000000, 1.000000000000000000, 0.000000000000000000 ) ) ;
#2979 = VECTOR ( 'NONE', #4298, 1000.000000000000000 ) ;
#2980 = EDGE_LOOP ( 'NONE', ( #3554, #3826, #3355, #800 ) ) ;
#2981 = CARTESIAN_POINT ( 'NONE',  ( 139.0000000000000000, 4.000000000000000000, 38.00000000000000000 ) ) ;
#2982 = CIRCLE ( 'NONE', #3272, 1.500000000000001332 ) ;
#2983 = ORIENTED_EDGE ( 'NONE', *, *, #2826, .F. ) ;
#2984 = ORIENTED_EDGE ( 'NONE', *, *, #1919, .F. ) ;
#2985 = CARTESIAN_POINT ( 'NONE',  ( 139.0000000000000000, 4.000000000000000000, -75.00000000000000000 ) ) ;
#2986 = CIRCLE ( 'NONE', #4135, 1.499999999999982236 ) ;
#2987 = CARTESIAN_POINT ( 'NONE',  ( 37.50000000000000000, 0.000000000000000000, 127.0000000000000000 ) ) ;
#2988 = DIRECTION ( 'NONE',  ( -0.000000000000000000, 0.000000000000000000, -1.000000000000000000 ) ) ;
#2989 = DIRECTION ( 'NONE',  ( 0.000000000000000000, 1.000000000000000000, 0.000000000000000000 ) ) ;
#2990 = ORIENTED_EDGE ( 'NONE', *, *, #1472, .T. ) ;
#2991 = EDGE_CURVE ( 'NONE', #2868, #2519, #3563, .T. ) ;
#2992 = CARTESIAN_POINT ( 'NONE',  ( 110.0000000000000000, 0.000000000000000000, 46.50000000000000000 ) ) ;
#2993 = LINE ( 'NONE', #3022, #3173 ) ;
#2994 = ORIENTED_EDGE ( 'NONE', *, *, #3542, .T. ) ;
#2995 = ADVANCED_FACE ( 'NONE', ( #1635 ), #1396, .F. ) ;
#2996 = ORIENTED_EDGE ( 'NONE', *, *, #3856, .F. ) ;
#2997 = EDGE_CURVE ( 'NONE', #3818, #92, #964, .T. ) ;
#2998 = ORIENTED_EDGE ( 'NONE', *, *, #1586, .F. ) ;
#2999 = LINE ( 'NONE', #1676, #3696 ) ;
#3000 = CYLINDRICAL_SURFACE ( 'NONE', #263, 1.500000000000001332 ) ;
#3001 = EDGE_CURVE ( 'NONE', #1393, #1290, #2378, .T. ) ;
#3002 = PLANE ( 'NONE',  #91 ) ;
#3003 = CARTESIAN_POINT ( 'NONE',  ( 50.84314575050770202, 4.000000000000000000, 55.00000000000000000 ) ) ;
#3004 = ADVANCED_FACE ( 'NONE', ( #2676 ), #741, .F. ) ;
#3005 = ORIENTED_EDGE ( 'NONE', *, *, #63, .T. ) ;
#3006 = VECTOR ( 'NONE', #3287, 1000.000000000000000 ) ;
#3007 = DIRECTION ( 'NONE',  ( 0.000000000000000000, 0.000000000000000000, 1.000000000000000000 ) ) ;
#3008 = VECTOR ( 'NONE', #3648, 1000.000000000000000 ) ;
#3009 = ORIENTED_EDGE ( 'NONE', *, *, #1479, .T. ) ;
#3010 = VERTEX_POINT ( 'NONE', #3028 ) ;
#3011 = DIRECTION ( 'NONE',  ( 0.000000000000000000, 0.000000000000000000, 1.000000000000000000 ) ) ;
#3012 = DIRECTION ( 'NONE',  ( 0.000000000000000000, 0.000000000000000000, 1.000000000000000000 ) ) ;
#3013 = VECTOR ( 'NONE', #844, 1000.000000000000000 ) ;
#3014 = CARTESIAN_POINT ( 'NONE',  ( 75.35999999999999943, 4.000000000000000000, 6.500000000000000000 ) ) ;
#3015 = VECTOR ( 'NONE', #2229, 1000.000000000000000 ) ;
#3016 = LINE ( 'NONE', #3346, #2086 ) ;
#3017 = CYLINDRICAL_SURFACE ( 'NONE', #2364, 1.500000000000001332 ) ;
#3018 = EDGE_CURVE ( 'NONE', #566, #3821, #4252, .T. ) ;
#3019 = LINE ( 'NONE', #1361, #1842 ) ;
#3020 = ORIENTED_EDGE ( 'NONE', *, *, #1165, .F. ) ;
#3021 = DIRECTION ( 'NONE',  ( -0.000000000000000000, 1.000000000000000000, -0.000000000000000000 ) ) ;
#3022 = CARTESIAN_POINT ( 'NONE',  ( 45.00000000000000000, 0.000000000000000000, -30.00000000000000000 ) ) ;
#3023 = ORIENTED_EDGE ( 'NONE', *, *, #728, .T. ) ;
#3024 = EDGE_LOOP ( 'NONE', ( #418, #60, #3026, #3270 ) ) ;
#3025 = EDGE_CURVE ( 'NONE', #3938, #2436, #653, .T. ) ;
#3026 = ORIENTED_EDGE ( 'NONE', *, *, #2359, .T. ) ;
#3027 = DIRECTION ( 'NONE',  ( 0.000000000000000000, -1.000000000000000000, 0.000000000000000000 ) ) ;
#3028 = CARTESIAN_POINT ( 'NONE',  ( 75.35999999999999943, 0.000000000000000000, -3.500000000000000000 ) ) ;
#3029 = DIRECTION ( 'NONE',  ( 0.000000000000000000, 0.000000000000000000, 1.000000000000000000 ) ) ;
#3030 = DIRECTION ( 'NONE',  ( 0.000000000000000000, 1.000000000000000000, 0.000000000000000000 ) ) ;
#3031 = ADVANCED_FACE ( 'NONE', ( #3083 ), #1652, .F. ) ;
#3032 = EDGE_CURVE ( 'NONE', #1799, #207, #4093, .T. ) ;
#3033 = ORIENTED_EDGE ( 'NONE', *, *, #3159, .T. ) ;
#3034 = CARTESIAN_POINT ( 'NONE',  ( 47.50000000000000000, 0.000000000000000000, -91.00000000000000000 ) ) ;
#3035 = VERTEX_POINT ( 'NONE', #2975 ) ;
#3036 = ORIENTED_EDGE ( 'NONE', *, *, #1819, .T. ) ;
#3037 = DIRECTION ( 'NONE',  ( 0.000000000000000000, 1.000000000000000000, 0.000000000000000000 ) ) ;
#3038 = FACE_BOUND ( 'NONE', #1107, .T. ) ;
#3039 = DIRECTION ( 'NONE',  ( 0.000000000000000000, 0.000000000000000000, 1.000000000000000000 ) ) ;
#3040 = CARTESIAN_POINT ( 'NONE',  ( 80.00000000000000000, 0.000000000000000000, 48.00000000000000000 ) ) ;
#3041 = DIRECTION ( 'NONE',  ( 0.000000000000000000, 1.000000000000000000, 0.000000000000000000 ) ) ;
#3042 = DIRECTION ( 'NONE',  ( 0.000000000000000000, 1.000000000000000000, 0.000000000000000000 ) ) ;
#3043 = DIRECTION ( 'NONE',  ( 0.000000000000000000, 1.000000000000000000, 0.000000000000000000 ) ) ;
#3044 = ORIENTED_EDGE ( 'NONE', *, *, #513, .F. ) ;
#3045 = DIRECTION ( 'NONE',  ( 0.000000000000000000, 0.000000000000000000, 1.000000000000000000 ) ) ;
#3046 = CYLINDRICAL_SURFACE ( 'NONE', #1276, 1.500000000000001332 ) ;
#3047 = ORIENTED_EDGE ( 'NONE', *, *, #902, .F. ) ;
#3048 = ORIENTED_EDGE ( 'NONE', *, *, #2534, .T. ) ;
#3049 = EDGE_LOOP ( 'NONE', ( #4163, #4161, #3187, #2002, #1053 ) ) ;
#3050 = AXIS2_PLACEMENT_3D ( 'NONE', #1376, #2711, #11 ) ;
#3051 = EDGE_LOOP ( 'NONE', ( #2193, #2202, #1448, #4148 ) ) ;
#3052 = ADVANCED_FACE ( 'NONE', ( #1102 ), #2429, .F. ) ;
#3053 = AXIS2_PLACEMENT_3D ( 'NONE', #2276, #1294, #845 ) ;
#3054 = CARTESIAN_POINT ( 'NONE',  ( 139.0000000000000000, 4.000000000000000000, 81.00000000000000000 ) ) ;
#3055 = CYLINDRICAL_SURFACE ( 'NONE', #2891, 1.500000000000001332 ) ;
#3056 = DIRECTION ( 'NONE',  ( 0.000000000000000000, 0.000000000000000000, 1.000000000000000000 ) ) ;
#3057 = VECTOR ( 'NONE', #54, 1000.000000000000000 ) ;
#3058 = ORIENTED_EDGE ( 'NONE', *, *, #820, .F. ) ;
#3059 = LINE ( 'NONE', #3819, #777 ) ;
#3060 = ORIENTED_EDGE ( 'NONE', *, *, #3538, .F. ) ;
#3061 = ORIENTED_EDGE ( 'NONE', *, *, #1033, .F. ) ;
#3062 = CARTESIAN_POINT ( 'NONE',  ( 36.00000000000000000, 0.000000000000000000, 119.5000000000000000 ) ) ;
#3063 = AXIS2_PLACEMENT_3D ( 'NONE', #242, #2267, #3600 ) ;
#3064 = EDGE_CURVE ( 'NONE', #4209, #507, #1726, .T. ) ;
#3065 = FACE_BOUND ( 'NONE', #4301, .T. ) ;
#3066 = EDGE_CURVE ( 'NONE', #1725, #4092, #1995, .T. ) ;
#3067 = CC_DESIGN_PERSON_AND_ORGANIZATION_ASSIGNMENT ( #2497, #174, ( #500 ) ) ;
#3068 = CARTESIAN_POINT ( 'NONE',  ( 30.00000000000000000, -6.000000000000000000, 85.00000000000000000 ) ) ;
#3069 = CARTESIAN_POINT ( 'NONE',  ( 36.00000000000000000, 4.000000000000000000, 80.50000000000000000 ) ) ;
#3070 = VECTOR ( 'NONE', #2566, 1000.000000000000000 ) ;
#3071 = CARTESIAN_POINT ( 'NONE',  ( 45.00000000000000000, 0.000000000000000000, 30.00000000000000000 ) ) ;
#3072 = VECTOR ( 'NONE', #2153, 1000.000000000000000 ) ;
#3073 = DIRECTION ( 'NONE',  ( 0.000000000000000000, 0.000000000000000000, 1.000000000000000000 ) ) ;
#3074 = CARTESIAN_POINT ( 'NONE',  ( 14.99999999999986144, 0.000000000000000000, -61.50000000000000000 ) ) ;
#3075 = ORIENTED_EDGE ( 'NONE', *, *, #4297, .T. ) ;
#3076 = CARTESIAN_POINT ( 'NONE',  ( 80.10999999999999943, 4.000000000000000000, -10.50000000000000000 ) ) ;
#3077 = CARTESIAN_POINT ( 'NONE',  ( 110.0000000000000000, 0.000000000000000000, -48.00000000000000000 ) ) ;
#3078 = ORIENTED_EDGE ( 'NONE', *, *, #2027, .T. ) ;
#3079 = ORIENTED_EDGE ( 'NONE', *, *, #3820, .T. ) ;
#3080 = VERTEX_POINT ( 'NONE', #3358 ) ;
#3081 = ADVANCED_FACE ( 'NONE', ( #359 ), #3992, .F. ) ;
#3082 = EDGE_LOOP ( 'NONE', ( #4116, #259, #1046, #2751 ) ) ;
#3083 = FACE_OUTER_BOUND ( 'NONE', #1386, .T. ) ;
#3084 = CARTESIAN_POINT ( 'NONE',  ( 37.50000000000000000, 0.000000000000000000, 127.0000000000000000 ) ) ;
#3085 = CARTESIAN_POINT ( 'NONE',  ( 110.0000000000000000, 4.000000000000000000, 73.50000000000000000 ) ) ;
#3086 = AXIS2_PLACEMENT_3D ( 'NONE', #36, #694, #2387 ) ;
#3087 = ORIENTED_EDGE ( 'NONE', *, *, #4246, .F. ) ;
#3088 = DIRECTION ( 'NONE',  ( 0.000000000000000000, 1.000000000000000000, 0.000000000000000000 ) ) ;
#3089 = EDGE_CURVE ( 'NONE', #2024, #175, #2324, .T. ) ;
#3090 = ORIENTED_EDGE ( 'NONE', *, *, #1179, .T. ) ;
#3091 = EDGE_LOOP ( 'NONE', ( #3047, #1983, #23, #3388 ) ) ;
#3092 = ORIENTED_EDGE ( 'NONE', *, *, #1791, .F. ) ;
#3093 = CARTESIAN_POINT ( 'NONE',  ( 14.99999999999986144, 4.000000000000000000, -130.0000000000000000 ) ) ;
#3094 = VECTOR ( 'NONE', #2119, 1000.000000000000000 ) ;
#3095 = FACE_BOUND ( 'NONE', #3405, .T. ) ;
#3096 = CARTESIAN_POINT ( 'NONE',  ( 110.0000000000000000, 0.000000000000000000, -48.00000000000000000 ) ) ;
#3097 = AXIS2_PLACEMENT_3D ( 'NONE', #558, #1618, #2612 ) ;
#3098 = ADVANCED_FACE ( 'NONE', ( #1677 ), #3000, .F. ) ;
#3099 = DIRECTION ( 'NONE',  ( 0.000000000000000000, 0.000000000000000000, -1.000000000000000000 ) ) ;
#3100 = DIRECTION ( 'NONE',  ( 0.000000000000000000, 0.000000000000000000, -1.000000000000000000 ) ) ;
#3101 = CARTESIAN_POINT ( 'NONE',  ( 75.35999999999999943, -6.000000000000000000, -5.000000000000000000 ) ) ;
#3102 = VERTEX_POINT ( 'NONE', #1701 ) ;
#3103 = DIRECTION ( 'NONE',  ( 0.000000000000000000, -1.000000000000000000, 0.000000000000000000 ) ) ;
#3104 = ORIENTED_EDGE ( 'NONE', *, *, #4230, .F. ) ;
#3105 = ORIENTED_EDGE ( 'NONE', *, *, #169, .F. ) ;
#3106 = ORIENTED_EDGE ( 'NONE', *, *, #1550, .T. ) ;
#3107 = DIRECTION ( 'NONE',  ( 0.000000000000000000, -1.000000000000000000, 0.000000000000000000 ) ) ;
#3108 = ORIENTED_EDGE ( 'NONE', *, *, #1612, .T. ) ;
#3109 = DIRECTION ( 'NONE',  ( 0.000000000000000000, 0.000000000000000000, 1.000000000000000000 ) ) ;
#3110 = LINE ( 'NONE', #687, #3529 ) ;
#3111 = CYLINDRICAL_SURFACE ( 'NONE', #1189, 1.500000000000001332 ) ;
#3112 = VERTEX_POINT ( 'NONE', #1369 ) ;
#3113 = CARTESIAN_POINT ( 'NONE',  ( 129.0000000000000000, 0.000000000000000000, -52.00000000000000000 ) ) ;
#3114 = VERTEX_POINT ( 'NONE', #385 ) ;
#3115 = ORIENTED_EDGE ( 'NONE', *, *, #3805, .F. ) ;
#3116 = DIRECTION ( 'NONE',  ( 0.000000000000000000, 1.000000000000000000, 0.000000000000000000 ) ) ;
#3117 = CARTESIAN_POINT ( 'NONE',  ( 120.1099999999999994, 0.000000000000000000, -10.50000000000000000 ) ) ;
#3118 = DIRECTION ( 'NONE',  ( 0.000000000000000000, 0.000000000000000000, -1.000000000000000000 ) ) ;
#3119 = DIRECTION ( 'NONE',  ( 0.000000000000000000, 0.000000000000000000, -1.000000000000000000 ) ) ;
#3120 = DIRECTION ( 'NONE',  ( 0.000000000000000000, 0.000000000000000000, -1.000000000000000000 ) ) ;
#3121 = CARTESIAN_POINT ( 'NONE',  ( 75.35999999999999943, -6.000000000000000000, -6.500000000000000000 ) ) ;
#3122 = EDGE_CURVE ( 'NONE', #1908, #1345, #2730, .T. ) ;
#3123 = FACE_BOUND ( 'NONE', #3199, .T. ) ;
#3124 = ORIENTED_EDGE ( 'NONE', *, *, #3805, .T. ) ;
#3125 = ORIENTED_EDGE ( 'NONE', *, *, #2613, .T. ) ;
#3126 = ORIENTED_EDGE ( 'NONE', *, *, #184, .F. ) ;
#3127 = ADVANCED_FACE ( 'NONE', ( #4067 ), #1078, .F. ) ;
#3128 = DATE_TIME_ROLE ( 'creation_date' ) ;
#3129 = ORIENTED_EDGE ( 'NONE', *, *, #1278, .F. ) ;
#3130 = DIRECTION ( 'NONE',  ( 0.000000000000000000, 1.000000000000000000, 0.000000000000000000 ) ) ;
#3131 = CARTESIAN_POINT ( 'NONE',  ( 20.00000000000000000, -6.000000000000000000, 60.00000000000000000 ) ) ;
#3132 = CARTESIAN_POINT ( 'NONE',  ( 30.00000000000000000, -6.000000000000000000, -50.00000000000000000 ) ) ;
#3133 = CIRCLE ( 'NONE', #1650, 1.500000000000001332 ) ;
#3134 = EDGE_LOOP ( 'NONE', ( #4018, #4150, #348, #2226 ) ) ;
#3135 = VECTOR ( 'NONE', #2526, 1000.000000000000000 ) ;
#3136 = LINE ( 'NONE', #3034, #1896 ) ;
#3137 = ORIENTED_EDGE ( 'NONE', *, *, #1972, .T. ) ;
#3138 = VERTEX_POINT ( 'NONE', #843 ) ;
#3139 = CARTESIAN_POINT ( 'NONE',  ( 129.0000000000000000, 0.000000000000000000, 38.00000000000000000 ) ) ;
#3140 = FACE_BOUND ( 'NONE', #180, .T. ) ;
#3141 = AXIS2_PLACEMENT_3D ( 'NONE', #2661, #723, #338 ) ;
#3142 = AXIS2_PLACEMENT_3D ( 'NONE', #3473, #1090, #3119 ) ;
#3143 = AXIS2_PLACEMENT_3D ( 'NONE', #1616, #1893, #3229 ) ;
#3144 = CARTESIAN_POINT ( 'NONE',  ( 0.000000000000000000, 4.000000000000000000, 81.00000000000000000 ) ) ;
#3145 = DIRECTION ( 'NONE',  ( 0.000000000000000000, 1.000000000000000000, 0.000000000000000000 ) ) ;
#3146 = CIRCLE ( 'NONE', #3613, 1.500000000000001332 ) ;
#3147 = DIRECTION ( 'NONE',  ( 0.000000000000000000, 0.000000000000000000, 1.000000000000000000 ) ) ;
#3148 = CIRCLE ( 'NONE', #2233, 1.500000000000001332 ) ;
#3149 = EDGE_CURVE ( 'NONE', #1393, #1108, #2574, .T. ) ;
#3150 = ORIENTED_EDGE ( 'NONE', *, *, #2892, .T. ) ;
#3151 = VERTEX_POINT ( 'NONE', #4210 ) ;
#3152 = CIRCLE ( 'NONE', #1260, 1.500000000000001332 ) ;
#3153 = ORIENTED_EDGE ( 'NONE', *, *, #4186, .T. ) ;
#3154 = EDGE_CURVE ( 'NONE', #4278, #2028, #2102, .T. ) ;
#3155 = VERTEX_POINT ( 'NONE', #3438 ) ;
#3156 = CARTESIAN_POINT ( 'NONE',  ( 69.25000000000000000, 0.000000000000000000, 69.25000000000000000 ) ) ;
#3157 = DIRECTION ( 'NONE',  ( 0.000000000000000000, 0.000000000000000000, -1.000000000000000000 ) ) ;
#3158 = CARTESIAN_POINT ( 'NONE',  ( 134.0000000000000000, 0.000000000000000000, -38.00000000000000000 ) ) ;
#3159 = EDGE_CURVE ( 'NONE', #1157, #2902, #2790, .T. ) ;
#3160 = EDGE_LOOP ( 'NONE', ( #1834, #3186 ) ) ;
#3161 = DIRECTION ( 'NONE',  ( 0.000000000000000000, 0.000000000000000000, 1.000000000000000000 ) ) ;
#3162 = EDGE_CURVE ( 'NONE', #4062, #549, #914, .T. ) ;
#3163 = ORIENTED_EDGE ( 'NONE', *, *, #2848, .F. ) ;
#3164 = ORIENTED_EDGE ( 'NONE', *, *, #116, .T. ) ;
#3165 = DIRECTION ( 'NONE',  ( 0.000000000000000000, 1.000000000000000000, 0.000000000000000000 ) ) ;
#3166 = DIRECTION ( 'NONE',  ( 0.000000000000000000, 1.000000000000000000, 0.000000000000000000 ) ) ;
#3167 = VECTOR ( 'NONE', #4154, 1000.000000000000000 ) ;
#3168 = AXIS2_PLACEMENT_3D ( 'NONE', #3101, #1118, #3456 ) ;
#3169 = ORIENTED_EDGE ( 'NONE', *, *, #1901, .T. ) ;
#3170 = CARTESIAN_POINT ( 'NONE',  ( 80.00000000000000000, 0.000000000000000000, -48.00000000000000000 ) ) ;
#3171 = FACE_OUTER_BOUND ( 'NONE', #321, .T. ) ;
#3172 = AXIS2_PLACEMENT_3D ( 'NONE', #2987, #1381, #396 ) ;
#3173 = VECTOR ( 'NONE', #3103, 1000.000000000000000 ) ;
#3174 = CARTESIAN_POINT ( 'NONE',  ( 24.50000000000000000, -6.000000000000000000, 71.00000000000000000 ) ) ;
#3175 = CIRCLE ( 'NONE', #3097, 1.500000000000001332 ) ;
#3176 = ORIENTED_EDGE ( 'NONE', *, *, #1304, .T. ) ;
#3177 = VERTEX_POINT ( 'NONE', #3836 ) ;
#3178 = ORIENTED_EDGE ( 'NONE', *, *, #448, .T. ) ;
#3179 = EDGE_CURVE ( 'NONE', #1898, #1973, #2481, .T. ) ;
#3180 = PERSON_AND_ORGANIZATION ( #2943, #4258 ) ;
#3181 = ORIENTED_EDGE ( 'NONE', *, *, #2427, .T. ) ;
#3182 = CYLINDRICAL_SURFACE ( 'NONE', #4035, 1.500000000000001332 ) ;
#3183 = DIRECTION ( 'NONE',  ( 0.000000000000000000, 1.000000000000000000, 0.000000000000000000 ) ) ;
#3184 = CARTESIAN_POINT ( 'NONE',  ( -1.292069899348242063E-14, 4.000000000000000000, -135.0000000000000000 ) ) ;
#3185 = EDGE_CURVE ( 'NONE', #3584, #1004, #2165, .T. ) ;
#3186 = ORIENTED_EDGE ( 'NONE', *, *, #2619, .T. ) ;
#3187 = ORIENTED_EDGE ( 'NONE', *, *, #534, .F. ) ;
#3188 = ORIENTED_EDGE ( 'NONE', *, *, #3629, .F. ) ;
#3189 = CARTESIAN_POINT ( 'NONE',  ( 36.00000000000000000, 0.000000000000000000, 77.50000000000000000 ) ) ;
#3190 = EDGE_CURVE ( 'NONE', #1480, #3151, #869, .T. ) ;
#3191 = DIRECTION ( 'NONE',  ( 0.000000000000000000, 0.000000000000000000, -1.000000000000000000 ) ) ;
#3192 = EDGE_LOOP ( 'NONE', ( #2996, #2764, #4260, #2266 ) ) ;
#3193 = EDGE_LOOP ( 'NONE', ( #3589, #436, #3967, #279 ) ) ;
#3194 = DIRECTION ( 'NONE',  ( 0.000000000000000000, 1.000000000000000000, 0.000000000000000000 ) ) ;
#3195 = LINE ( 'NONE', #188, #1459 ) ;
#3196 = DIRECTION ( 'NONE',  ( 0.000000000000000000, 1.000000000000000000, 0.000000000000000000 ) ) ;
#3197 = ORIENTED_EDGE ( 'NONE', *, *, #345, .F. ) ;
#3198 = PERSON_AND_ORGANIZATION ( #2943, #4258 ) ;
#3199 = EDGE_LOOP ( 'NONE', ( #1166, #1025 ) ) ;
#3200 = CARTESIAN_POINT ( 'NONE',  ( 80.10999999999999943, 4.000000000000000000, 10.50000000000000000 ) ) ;
#3201 = DIRECTION ( 'NONE',  ( 0.000000000000000000, 1.000000000000000000, 0.000000000000000000 ) ) ;
#3202 = DIRECTION ( 'NONE',  ( 0.000000000000000000, 1.000000000000000000, 0.000000000000000000 ) ) ;
#3203 = VERTEX_POINT ( 'NONE', #1175 ) ;
#3204 = LINE ( 'NONE', #2809, #1034 ) ;
#3205 = LINE ( 'NONE', #2183, #2811 ) ;
#3206 = CIRCLE ( 'NONE', #1588, 1.250000000000001110 ) ;
#3207 = VECTOR ( 'NONE', #2298, 1000.000000000000000 ) ;
#3208 = CARTESIAN_POINT ( 'NONE',  ( 14.99999999999986144, 4.000000000000000000, -61.50000000000000000 ) ) ;
#3209 = ORIENTED_EDGE ( 'NONE', *, *, #1623, .T. ) ;
#3210 = ADVANCED_FACE ( 'NONE', ( #3763 ), #3815, .F. ) ;
#3211 = VERTEX_POINT ( 'NONE', #510 ) ;
#3212 = DIRECTION ( 'NONE',  ( -4.130293990420970006E-17, 0.000000000000000000, -1.000000000000000000 ) ) ;
#3213 = CIRCLE ( 'NONE', #4306, 1.500000000000001332 ) ;
#3214 = DIRECTION ( 'NONE',  ( 0.000000000000000000, 0.000000000000000000, 1.000000000000000000 ) ) ;
#3215 = AXIS2_PLACEMENT_3D ( 'NONE', #3686, #1348, #2756 ) ;
#3216 = CIRCLE ( 'NONE', #2221, 1.500000000000001332 ) ;
#3217 = DIRECTION ( 'NONE',  ( 0.000000000000000000, 0.000000000000000000, 1.000000000000000000 ) ) ;
#3218 = AXIS2_PLACEMENT_3D ( 'NONE', #2340, #4333, #1043 ) ;
#3219 = EDGE_CURVE ( 'NONE', #3010, #3155, #1252, .T. ) ;
#3220 = AXIS2_PLACEMENT_3D ( 'NONE', #1024, #998, #1268 ) ;
#3221 = AXIS2_PLACEMENT_3D ( 'NONE', #3256, #258, #4106 ) ;
#3222 = ORIENTED_EDGE ( 'NONE', *, *, #3344, .F. ) ;
#3223 = DIRECTION ( 'NONE',  ( 0.000000000000000000, 1.000000000000000000, 0.000000000000000000 ) ) ;
#3224 = CARTESIAN_POINT ( 'NONE',  ( 0.000000000000000000, 4.000000000000000000, -73.50000000000000000 ) ) ;
#3225 = VECTOR ( 'NONE', #1401, 1000.000000000000000 ) ;
#3226 = CARTESIAN_POINT ( 'NONE',  ( 14.99999999999986144, 0.000000000000000000, -58.50000000000000000 ) ) ;
#3227 = EDGE_CURVE ( 'NONE', #2602, #2449, #1869, .T. ) ;
#3228 = ORIENTED_EDGE ( 'NONE', *, *, #4131, .F. ) ;
#3229 = DIRECTION ( 'NONE',  ( 0.000000000000000000, 0.000000000000000000, -1.000000000000000000 ) ) ;
#3230 = CYLINDRICAL_SURFACE ( 'NONE', #3673, 1.500000000000000444 ) ;
#3231 = EDGE_CURVE ( 'NONE', #2494, #492, #2869, .T. ) ;
#3232 = DIRECTION ( 'NONE',  ( 0.7071067811865489050, 0.000000000000000000, -0.7071067811865460184 ) ) ;
#3233 = VERTEX_POINT ( 'NONE', #1850 ) ;
#3234 = CARTESIAN_POINT ( 'NONE',  ( 30.00000000000000000, 0.000000000000000000, -50.00000000000000000 ) ) ;
#3235 = CARTESIAN_POINT ( 'NONE',  ( 57.50000000000000000, 0.000000000000000000, -81.00000000000000000 ) ) ;
#3236 = AXIS2_PLACEMENT_3D ( 'NONE', #394, #4102, #1811 ) ;
#3237 = CARTESIAN_POINT ( 'NONE',  ( 15.00000000000000000, 4.000000000000000000, 101.5000000000000000 ) ) ;
#3238 = VECTOR ( 'NONE', #2722, 1000.000000000000000 ) ;
#3239 = AXIS2_PLACEMENT_3D ( 'NONE', #2971, #3953, #238 ) ;
#3240 = AXIS2_PLACEMENT_3D ( 'NONE', #72, #4327, #2390 ) ;
#3241 = ORIENTED_EDGE ( 'NONE', *, *, #1801, .T. ) ;
#3242 = LINE ( 'NONE', #1559, #1200 ) ;
#3243 = CARTESIAN_POINT ( 'NONE',  ( 139.0000000000000000, 0.000000000000000000, -38.00000000000000000 ) ) ;
#3244 = ORIENTED_EDGE ( 'NONE', *, *, #1596, .F. ) ;
#3245 = CYLINDRICAL_SURFACE ( 'NONE', #3143, 0.9999999999999991118 ) ;
#3246 = CARTESIAN_POINT ( 'NONE',  ( 47.50000000000000000, 4.000000000000000000, -6.103656674733209680E-15 ) ) ;
#3247 = CYLINDRICAL_SURFACE ( 'NONE', #854, 1.500000000000001332 ) ;
#3248 = VERTEX_POINT ( 'NONE', #109 ) ;
#3249 = CARTESIAN_POINT ( 'NONE',  ( 80.00000000000000000, 0.000000000000000000, 46.50000000000000000 ) ) ;
#3250 = CARTESIAN_POINT ( 'NONE',  ( 124.8599999999999994, 4.000000000000000000, 5.000000000000000000 ) ) ;
#3251 = DIRECTION ( 'NONE',  ( 0.000000000000000000, 1.000000000000000000, 0.000000000000000000 ) ) ;
#3252 = DIRECTION ( 'NONE',  ( 0.000000000000000000, 0.000000000000000000, 1.000000000000000000 ) ) ;
#3253 = EDGE_LOOP ( 'NONE', ( #2475, #3682 ) ) ;
#3254 = DIRECTION ( 'NONE',  ( 1.000000000000000000, 0.000000000000000000, -0.000000000000000000 ) ) ;
#3255 = FACE_BOUND ( 'NONE', #521, .T. ) ;
#3256 = CARTESIAN_POINT ( 'NONE',  ( 30.00000000000000000, -6.000000000000000000, 115.0000000000000000 ) ) ;
#3257 = ORIENTED_EDGE ( 'NONE', *, *, #3382, .T. ) ;
#3258 = ORIENTED_EDGE ( 'NONE', *, *, #3640, .F. ) ;
#3259 = DIRECTION ( 'NONE',  ( 0.000000000000000000, 0.000000000000000000, 1.000000000000000000 ) ) ;
#3260 = EDGE_CURVE ( 'NONE', #3532, #278, #2149, .T. ) ;
#3261 = AXIS2_PLACEMENT_3D ( 'NONE', #3487, #1852, #1221 ) ;
#3262 = DIRECTION ( 'NONE',  ( 0.000000000000000000, 1.000000000000000000, 0.000000000000000000 ) ) ;
#3263 = CIRCLE ( 'NONE', #3607, 1.500000000000001332 ) ;
#3264 = EDGE_CURVE ( 'NONE', #108, #1047, #1496, .T. ) ;
#3265 = AXIS2_PLACEMENT_3D ( 'NONE', #305, #4317, #27 ) ;
#3266 = AXIS2_PLACEMENT_3D ( 'NONE', #1302, #307, #333 ) ;
#3267 = DIRECTION ( 'NONE',  ( 0.000000000000000000, 0.000000000000000000, -1.000000000000000000 ) ) ;
#3268 = CARTESIAN_POINT ( 'NONE',  ( 120.1099999999999994, -6.000000000000000000, 10.50000000000000000 ) ) ;
#3269 = AXIS2_PLACEMENT_3D ( 'NONE', #3987, #4029, #992 ) ;
#3270 = ORIENTED_EDGE ( 'NONE', *, *, #3943, .T. ) ;
#3271 = CARTESIAN_POINT ( 'NONE',  ( 139.0000000000000000, 0.000000000000000000, -81.00000000000000000 ) ) ;
#3272 = AXIS2_PLACEMENT_3D ( 'NONE', #3475, #2584, #3922 ) ;
#3273 = ADVANCED_FACE ( 'NONE', ( #3485 ), #3182, .F. ) ;
#3274 = FACE_BOUND ( 'NONE', #3737, .T. ) ;
#3275 = CARTESIAN_POINT ( 'NONE',  ( 15.00000000000000000, 4.000000000000000000, -51.50000000000000000 ) ) ;
#3276 = CIRCLE ( 'NONE', #2583, 4.999999999999997335 ) ;
#3277 = DIRECTION ( 'NONE',  ( 0.000000000000000000, 1.000000000000000000, 0.000000000000000000 ) ) ;
#3278 = EDGE_LOOP ( 'NONE', ( #1524, #367, #33, #4324 ) ) ;
#3279 = EDGE_LOOP ( 'NONE', ( #2339, #3604 ) ) ;
#3280 = DIRECTION ( 'NONE',  ( 0.000000000000000000, 1.000000000000000000, 0.000000000000000000 ) ) ;
#3281 = CYLINDRICAL_SURFACE ( 'NONE', #2740, 1.500000000000001332 ) ;
#3282 = CARTESIAN_POINT ( 'NONE',  ( 29.00000000000000000, 0.000000000000000000, -122.0000000000000000 ) ) ;
#3283 = CIRCLE ( 'NONE', #150, 1.500000000000001332 ) ;
#3284 = ORIENTED_EDGE ( 'NONE', *, *, #3001, .F. ) ;
#3285 = VECTOR ( 'NONE', #3196, 1000.000000000000000 ) ;
#3286 = CARTESIAN_POINT ( 'NONE',  ( 50.84314575050770202, 0.000000000000000000, -58.00000000000000000 ) ) ;
#3287 = DIRECTION ( 'NONE',  ( 0.000000000000000000, 1.000000000000000000, 0.000000000000000000 ) ) ;
#3288 = EDGE_CURVE ( 'NONE', #981, #1823, #133, .T. ) ;
#3289 = CIRCLE ( 'NONE', #1622, 1.500000000000001332 ) ;
#3290 = FACE_OUTER_BOUND ( 'NONE', #3683, .T. ) ;
#3291 = CIRCLE ( 'NONE', #3993, 1.500000000000000444 ) ;
#3292 = FACE_BOUND ( 'NONE', #1674, .T. ) ;
#3293 = DIRECTION ( 'NONE',  ( 0.000000000000000000, 0.000000000000000000, 1.000000000000000000 ) ) ;
#3294 = CARTESIAN_POINT ( 'NONE',  ( -20.00000000000000000, -6.000000000000000000, 66.00000000000000000 ) ) ;
#3295 = EDGE_CURVE ( 'NONE', #1515, #2148, #2845, .T. ) ;
#3296 = ORIENTED_EDGE ( 'NONE', *, *, #1969, .F. ) ;
#3297 = VERTEX_POINT ( 'NONE', #2523 ) ;
#3298 = AXIS2_PLACEMENT_3D ( 'NONE', #3816, #870, #195 ) ;
#3299 = DIRECTION ( 'NONE',  ( 0.000000000000000000, 0.000000000000000000, -1.000000000000000000 ) ) ;
#3300 = EDGE_CURVE ( 'NONE', #1004, #3584, #2089, .T. ) ;
#3301 = DIRECTION ( 'NONE',  ( 0.000000000000000000, 0.000000000000000000, 1.000000000000000000 ) ) ;
#3302 = DIRECTION ( 'NONE',  ( 0.000000000000000000, 1.000000000000000000, 0.000000000000000000 ) ) ;
#3303 = VERTEX_POINT ( 'NONE', #3286 ) ;
#3304 = CARTESIAN_POINT ( 'NONE',  ( 36.00000000000000000, -6.000000000000000000, 80.50000000000000000 ) ) ;
#3305 = CYLINDRICAL_SURFACE ( 'NONE', #2049, 1.500000000000001332 ) ;
#3306 = EDGE_CURVE ( 'NONE', #1822, #4100, #917, .T. ) ;
#3307 = CARTESIAN_POINT ( 'NONE',  ( 110.0000000000000000, 0.000000000000000000, -72.00000000000000000 ) ) ;
#3308 = DIRECTION ( 'NONE',  ( 0.000000000000000000, 1.000000000000000000, 0.000000000000000000 ) ) ;
#3309 = DIRECTION ( 'NONE',  ( 0.000000000000000000, 0.000000000000000000, 1.000000000000000000 ) ) ;
#3310 = VERTEX_POINT ( 'NONE', #4238 ) ;
#3311 = CARTESIAN_POINT ( 'NONE',  ( -20.00000000000000000, 4.000000000000000000, 54.00000000000000000 ) ) ;
#3312 = EDGE_LOOP ( 'NONE', ( #3115, #2601, #1720, #1683 ) ) ;
#3313 = EDGE_LOOP ( 'NONE', ( #3717, #3544 ) ) ;
#3314 = DIRECTION ( 'NONE',  ( 0.000000000000000000, 1.000000000000000000, 0.000000000000000000 ) ) ;
#3315 = EDGE_CURVE ( 'NONE', #4284, #2344, #2952, .T. ) ;
#3316 = DIRECTION ( 'NONE',  ( 0.000000000000000000, 0.000000000000000000, 1.000000000000000000 ) ) ;
#3317 = EDGE_CURVE ( 'NONE', #226, #2045, #3502, .T. ) ;
#3318 = CARTESIAN_POINT ( 'NONE',  ( 121.1099999999999994, 0.000000000000000000, 10.50000000000000000 ) ) ;
#3319 = AXIS2_PLACEMENT_3D ( 'NONE', #3660, #1979, #5 ) ;
#3320 = CIRCLE ( 'NONE', #662, 23.49999999999999289 ) ;
#3321 = DIRECTION ( 'NONE',  ( 0.000000000000000000, 1.000000000000000000, 0.000000000000000000 ) ) ;
#3322 = ORIENTED_EDGE ( 'NONE', *, *, #179, .F. ) ;
#3323 = EDGE_CURVE ( 'NONE', #175, #794, #1890, .T. ) ;
#3324 = DIRECTION ( 'NONE',  ( 0.000000000000000000, 1.000000000000000000, 0.000000000000000000 ) ) ;
#3325 = AXIS2_PLACEMENT_3D ( 'NONE', #2182, #3494, #4171 ) ;
#3326 = AXIS2_PLACEMENT_3D ( 'NONE', #3501, #2188, #1769 ) ;
#3327 = CARTESIAN_POINT ( 'NONE',  ( 129.0000000000000000, 0.000000000000000000, -38.00000000000000000 ) ) ;
#3328 = ORIENTED_EDGE ( 'NONE', *, *, #1278, .T. ) ;
#3329 = ORIENTED_EDGE ( 'NONE', *, *, #4240, .F. ) ;
#3330 = VECTOR ( 'NONE', #330, 1000.000000000000000 ) ;
#3331 = AXIS2_PLACEMENT_3D ( 'NONE', #1626, #1967, #1710 ) ;
#3332 = DIRECTION ( 'NONE',  ( 0.000000000000000000, 1.000000000000000000, 0.000000000000000000 ) ) ;
#3333 = FACE_BOUND ( 'NONE', #236, .T. ) ;
#3334 = AXIS2_PLACEMENT_3D ( 'NONE', #1695, #1671, #3634 ) ;
#3335 = DIRECTION ( 'NONE',  ( 0.000000000000000000, -1.000000000000000000, 0.000000000000000000 ) ) ;
#3336 = ORIENTED_EDGE ( 'NONE', *, *, #349, .F. ) ;
#3337 = DIRECTION ( 'NONE',  ( 0.000000000000000000, 0.000000000000000000, 1.000000000000000000 ) ) ;
#3338 = AXIS2_PLACEMENT_3D ( 'NONE', #3978, #1638, #2657 ) ;
#3339 = ORIENTED_EDGE ( 'NONE', *, *, #581, .F. ) ;
#3340 = VERTEX_POINT ( 'NONE', #1905 ) ;
#3341 = CARTESIAN_POINT ( 'NONE',  ( 37.50000000000000000, 0.000000000000000000, 128.5000000000000000 ) ) ;
#3342 = LINE ( 'NONE', #2739, #1121 ) ;
#3343 = CIRCLE ( 'NONE', #3508, 0.9999999999999991118 ) ;
#3344 = EDGE_CURVE ( 'NONE', #1849, #2659, #852, .T. ) ;
#3345 = DIRECTION ( 'NONE',  ( 0.000000000000000000, 1.000000000000000000, 0.000000000000000000 ) ) ;
#3346 = CARTESIAN_POINT ( 'NONE',  ( 56.50000000000000000, 0.000000000000000000, -49.34314575050759544 ) ) ;
#3347 = CARTESIAN_POINT ( 'NONE',  ( 15.00000000000000000, -6.000000000000000000, 101.5000000000000000 ) ) ;
#3348 = DIRECTION ( 'NONE',  ( 0.000000000000000000, 1.000000000000000000, 0.000000000000000000 ) ) ;
#3349 = ORIENTED_EDGE ( 'NONE', *, *, #1961, .T. ) ;
#3350 = DIRECTION ( 'NONE',  ( 1.000000000000000000, 0.000000000000000000, 0.000000000000000000 ) ) ;
#3351 = EDGE_CURVE ( 'NONE', #1733, #3523, #3242, .T. ) ;
#3352 = CARTESIAN_POINT ( 'NONE',  ( 47.50000000000000000, 4.000000000000000000, -91.00000000000000000 ) ) ;
#3353 = ORIENTED_EDGE ( 'NONE', *, *, #1443, .T. ) ;
#3354 = ORIENTED_EDGE ( 'NONE', *, *, #828, .T. ) ;
#3355 = ORIENTED_EDGE ( 'NONE', *, *, #3537, .F. ) ;
#3356 = CIRCLE ( 'NONE', #2471, 1.500000000000001332 ) ;
#3357 = CARTESIAN_POINT ( 'NONE',  ( 57.50000000000000000, 0.000000000000000000, 81.00000000000000000 ) ) ;
#3358 = CARTESIAN_POINT ( 'NONE',  ( 56.50000000000000000, 0.000000000000000000, -49.34314575050759544 ) ) ;
#3359 = CARTESIAN_POINT ( 'NONE',  ( 30.00000000000000000, 4.000000000000000000, -128.5000000000000000 ) ) ;
#3360 = CARTESIAN_POINT ( 'NONE',  ( 121.1099999999999994, 4.000000000000000000, 10.50000000000000000 ) ) ;
#3361 = EDGE_LOOP ( 'NONE', ( #836, #3061, #4321, #260 ) ) ;
#3362 = VECTOR ( 'NONE', #2870, 1000.000000000000000 ) ;
#3363 = CARTESIAN_POINT ( 'NONE',  ( 47.50000000000000000, 0.000000000000000000, -129.0000000000000000 ) ) ;
#3364 = CIRCLE ( 'NONE', #4223, 1.500000000000001332 ) ;
#3365 = ORIENTED_EDGE ( 'NONE', *, *, #828, .F. ) ;
#3366 = ORIENTED_EDGE ( 'NONE', *, *, #38, .T. ) ;
#3367 = LINE ( 'NONE', #424, #959 ) ;
#3368 = FACE_BOUND ( 'NONE', #476, .T. ) ;
#3369 = CYLINDRICAL_SURFACE ( 'NONE', #3424, 1.500000000000001332 ) ;
#3370 = UNCERTAINTY_MEASURE_WITH_UNIT (LENGTH_MEASURE( 1.000000000000000082E-05 ), #51, 'distance_accuracy_value', 'NONE');
#3371 = FACE_OUTER_BOUND ( 'NONE', #2486, .T. ) ;
#3372 = DIRECTION ( 'NONE',  ( 2.871266442996095062E-16, 0.000000000000000000, -1.000000000000000000 ) ) ;
#3373 = AXIS2_PLACEMENT_3D ( 'NONE', #2695, #2773, #3782 ) ;
#3374 = LINE ( 'NONE', #373, #210 ) ;
#3375 = DIRECTION ( 'NONE',  ( 0.000000000000000000, 0.000000000000000000, 1.000000000000000000 ) ) ;
#3376 = ORIENTED_EDGE ( 'NONE', *, *, #2036, .T. ) ;
#3377 = CYLINDRICAL_SURFACE ( 'NONE', #57, 1.500000000000001332 ) ;
#3378 = DIRECTION ( 'NONE',  ( 0.000000000000000000, -1.000000000000000000, 0.000000000000000000 ) ) ;
#3379 = VERTEX_POINT ( 'NONE', #2888 ) ;
#3380 = ORIENTED_EDGE ( 'NONE', *, *, #504, .T. ) ;
#3381 = EDGE_LOOP ( 'NONE', ( #3222, #868 ) ) ;
#3382 = EDGE_CURVE ( 'NONE', #2735, #566, #1245, .T. ) ;
#3383 = DIRECTION ( 'NONE',  ( 0.000000000000000000, 0.000000000000000000, 1.000000000000000000 ) ) ;
#3384 = ORIENTED_EDGE ( 'NONE', *, *, #1001, .T. ) ;
#3385 = CARTESIAN_POINT ( 'NONE',  ( 36.00000000000000000, -6.000000000000000000, 79.00000000000000000 ) ) ;
#3386 = DIRECTION ( 'NONE',  ( 0.000000000000000000, 1.000000000000000000, 0.000000000000000000 ) ) ;
#3387 = CARTESIAN_POINT ( 'NONE',  ( 30.00000000000000000, 0.000000000000000000, 50.00000000000000000 ) ) ;
#3388 = ORIENTED_EDGE ( 'NONE', *, *, #749, .T. ) ;
#3389 = CARTESIAN_POINT ( 'NONE',  ( 14.99999999999986144, -6.000000000000000000, -60.00000000000000000 ) ) ;
#3390 = ORIENTED_EDGE ( 'NONE', *, *, #4270, .F. ) ;
#3391 = DIRECTION ( 'NONE',  ( 0.000000000000000000, 1.000000000000000000, 0.000000000000000000 ) ) ;
#3392 = FACE_BOUND ( 'NONE', #3313, .T. ) ;
#3393 = LINE ( 'NONE', #1291, #2090 ) ;
#3394 = DIRECTION ( 'NONE',  ( 0.000000000000000000, 0.000000000000000000, 1.000000000000000000 ) ) ;
#3395 = EDGE_CURVE ( 'NONE', #296, #3741, #4254, .T. ) ;
#3396 = CARTESIAN_POINT ( 'NONE',  ( -3.876209698044729818E-14, 4.000000000000000000, 135.0000000000000000 ) ) ;
#3397 = FACE_OUTER_BOUND ( 'NONE', #4268, .T. ) ;
#3398 = DIRECTION ( 'NONE',  ( 0.000000000000000000, 0.000000000000000000, 1.000000000000000000 ) ) ;
#3399 = ORIENTED_EDGE ( 'NONE', *, *, #3803, .T. ) ;
#3400 = CARTESIAN_POINT ( 'NONE',  ( 30.00000000000000000, 0.000000000000000000, 85.00000000000000000 ) ) ;
#3401 = PLANE ( 'NONE',  #926 ) ;
#3402 = EDGE_LOOP ( 'NONE', ( #2558, #1578, #4231, #3023 ) ) ;
#3403 = CIRCLE ( 'NONE', #3672, 1.500000000000001332 ) ;
#3404 = VERTEX_POINT ( 'NONE', #3615 ) ;
#3405 = EDGE_LOOP ( 'NONE', ( #2729, #1180 ) ) ;
#3406 = ADVANCED_FACE ( 'NONE', ( #3550 ), #237, .F. ) ;
#3407 = DIRECTION ( 'NONE',  ( -1.000000000000000000, 0.000000000000000000, 0.000000000000000000 ) ) ;
#3408 = CIRCLE ( 'NONE', #3561, 1.500000000000001332 ) ;
#3409 = ORIENTED_EDGE ( 'NONE', *, *, #3886, .F. ) ;
#3410 = AXIS2_PLACEMENT_3D ( 'NONE', #3865, #2872, #3951 ) ;
#3411 = DIRECTION ( 'NONE',  ( 0.000000000000000000, 1.000000000000000000, 0.000000000000000000 ) ) ;
#3412 = DIRECTION ( 'NONE',  ( 1.000000000000000000, 0.000000000000000000, 2.871266442996095062E-16 ) ) ;
#3413 = FACE_OUTER_BOUND ( 'NONE', #1374, .T. ) ;
#3414 = VECTOR ( 'NONE', #3533, 1000.000000000000000 ) ;
#3415 = VECTOR ( 'NONE', #831, 1000.000000000000000 ) ;
#3416 = ORIENTED_EDGE ( 'NONE', *, *, #3587, .T. ) ;
#3417 = CARTESIAN_POINT ( 'NONE',  ( 134.0000000000000000, 0.000000000000000000, -52.00000000000000000 ) ) ;
#3418 = EDGE_CURVE ( 'NONE', #3507, #2181, #3146, .T. ) ;
#3419 = ORIENTED_EDGE ( 'NONE', *, *, #1923, .F. ) ;
#3420 = VERTEX_POINT ( 'NONE', #1236 ) ;
#3421 = ORIENTED_EDGE ( 'NONE', *, *, #3928, .T. ) ;
#3422 = DIRECTION ( 'NONE',  ( 0.000000000000000000, 1.000000000000000000, 0.000000000000000000 ) ) ;
#3423 = AXIS2_PLACEMENT_3D ( 'NONE', #3935, #2608, #2264 ) ;
#3424 = AXIS2_PLACEMENT_3D ( 'NONE', #1334, #370, #2333 ) ;
#3425 = CARTESIAN_POINT ( 'NONE',  ( 139.0000000000000000, 4.000000000000000000, 81.00000000000000000 ) ) ;
#3426 = FACE_OUTER_BOUND ( 'NONE', #3866, .T. ) ;
#3427 = CC_DESIGN_APPROVAL ( #1066, ( #892 ) ) ;
#3428 = CARTESIAN_POINT ( 'NONE',  ( 75.35999999999999943, -6.000000000000000000, -5.000000000000000000 ) ) ;
#3429 = DIRECTION ( 'NONE',  ( 0.000000000000000000, 1.000000000000000000, 0.000000000000000000 ) ) ;
#3430 = DIRECTION ( 'NONE',  ( 0.000000000000000000, 0.000000000000000000, 1.000000000000000000 ) ) ;
#3431 = ORIENTED_EDGE ( 'NONE', *, *, #2260, .T. ) ;
#3432 = CARTESIAN_POINT ( 'NONE',  ( 30.00000000000000000, 4.000000000000000000, -60.00000000000000000 ) ) ;
#3433 = EDGE_LOOP ( 'NONE', ( #2462, #2355, #2538, #2748 ) ) ;
#3434 = ORIENTED_EDGE ( 'NONE', *, *, #3066, .T. ) ;
#3435 = ORIENTED_EDGE ( 'NONE', *, *, #2065, .F. ) ;
#3436 = COORDINATED_UNIVERSAL_TIME_OFFSET ( 8, 0, .AHEAD. ) ;
#3437 = ORIENTED_EDGE ( 'NONE', *, *, #3530, .F. ) ;
#3438 = CARTESIAN_POINT ( 'NONE',  ( 75.35999999999999943, 0.000000000000000000, -6.500000000000000000 ) ) ;
#3439 = CARTESIAN_POINT ( 'NONE',  ( 75.35999999999999943, 0.000000000000000000, 5.000000000000000000 ) ) ;
#3440 = CARTESIAN_POINT ( 'NONE',  ( 129.0000000000000000, 0.000000000000000000, 38.00000000000000000 ) ) ;
#3441 = VERTEX_POINT ( 'NONE', #924 ) ;
#3442 = DIRECTION ( 'NONE',  ( 0.000000000000000000, 1.000000000000000000, 0.000000000000000000 ) ) ;
#3443 = ORIENTED_EDGE ( 'NONE', *, *, #2655, .T. ) ;
#3444 = EDGE_LOOP ( 'NONE', ( #2433, #104 ) ) ;
#3445 = ORIENTED_EDGE ( 'NONE', *, *, #3807, .F. ) ;
#3446 = CARTESIAN_POINT ( 'NONE',  ( 56.50000000000000000, 0.000000000000000000, 50.84314575050760254 ) ) ;
#3447 = VECTOR ( 'NONE', #3348, 1000.000000000000000 ) ;
#3448 = FACE_BOUND ( 'NONE', #1821, .T. ) ;
#3449 = AXIS2_PLACEMENT_3D ( 'NONE', #3930, #3262, #316 ) ;
#3450 = EDGE_CURVE ( 'NONE', #3114, #498, #966, .T. ) ;
#3451 = CARTESIAN_POINT ( 'NONE',  ( 80.10999999999999943, 0.000000000000000000, -11.50000000000000000 ) ) ;
#3452 = CIRCLE ( 'NONE', #520, 1.500000000000001332 ) ;
#3453 = FACE_OUTER_BOUND ( 'NONE', #624, .T. ) ;
#3454 = EDGE_CURVE ( 'NONE', #3102, #1966, #1954, .T. ) ;
#3455 = CARTESIAN_POINT ( 'NONE',  ( 37.50000000000000000, 0.000000000000000000, 37.50000000000000000 ) ) ;
#3456 = DIRECTION ( 'NONE',  ( 0.000000000000000000, 0.000000000000000000, 1.000000000000000000 ) ) ;
#3457 = FACE_BOUND ( 'NONE', #127, .T. ) ;
#3458 = ORIENTED_EDGE ( 'NONE', *, *, #4195, .F. ) ;
#3459 = ORIENTED_EDGE ( 'NONE', *, *, #2834, .T. ) ;
#3460 = ORIENTED_EDGE ( 'NONE', *, *, #949, .F. ) ;
#3461 = ORIENTED_EDGE ( 'NONE', *, *, #1767, .T. ) ;
#3462 = DIRECTION ( 'NONE',  ( 0.000000000000000000, 1.000000000000000000, 0.000000000000000000 ) ) ;
#3463 = CARTESIAN_POINT ( 'NONE',  ( 30.00000000000000000, 4.000000000000000000, -60.00000000000000000 ) ) ;
#3464 = DIRECTION ( 'NONE',  ( 0.000000000000000000, 1.000000000000000000, 0.000000000000000000 ) ) ;
#3465 = ORIENTED_EDGE ( 'NONE', *, *, #3001, .T. ) ;
#3466 = LINE ( 'NONE', #1106, #1209 ) ;
#3467 = ORIENTED_EDGE ( 'NONE', *, *, #2754, .F. ) ;
#3468 = EDGE_LOOP ( 'NONE', ( #1249, #310 ) ) ;
#3469 = FACE_OUTER_BOUND ( 'NONE', #3761, .T. ) ;
#3470 = FACE_OUTER_BOUND ( 'NONE', #556, .T. ) ;
#3471 = ADVANCED_FACE ( 'NONE', ( #3952 ), #1262, .F. ) ;
#3472 = PLANE ( 'NONE',  #1272 ) ;
#3473 = CARTESIAN_POINT ( 'NONE',  ( 37.50000000000000000, 4.000000000000000000, 127.0000000000000000 ) ) ;
#3474 = EDGE_CURVE ( 'NONE', #1230, #159, #2247, .T. ) ;
#3475 = CARTESIAN_POINT ( 'NONE',  ( 30.00000000000000000, 0.000000000000000000, 85.00000000000000000 ) ) ;
#3476 = DIRECTION ( 'NONE',  ( 0.000000000000000000, 1.000000000000000000, 0.000000000000000000 ) ) ;
#3477 = EDGE_CURVE ( 'NONE', #4092, #829, #2919, .T. ) ;
#3478 = ORIENTED_EDGE ( 'NONE', *, *, #1022, .F. ) ;
#3479 = ORIENTED_EDGE ( 'NONE', *, *, #2362, .T. ) ;
#3480 = EDGE_CURVE ( 'NONE', #1838, #3035, #250, .T. ) ;
#3481 = VERTEX_POINT ( 'NONE', #4276 ) ;
#3482 = SECURITY_CLASSIFICATION_LEVEL ( 'unclassified' ) ;
#3483 = EDGE_CURVE ( 'NONE', #2775, #3303, #204, .T. ) ;
#3484 = ORIENTED_EDGE ( 'NONE', *, *, #3395, .T. ) ;
#3485 = FACE_OUTER_BOUND ( 'NONE', #170, .T. ) ;
#3486 = DIRECTION ( 'NONE',  ( 0.000000000000000000, 0.000000000000000000, 1.000000000000000000 ) ) ;
#3487 = CARTESIAN_POINT ( 'NONE',  ( 110.0000000000000000, 0.000000000000000000, 48.00000000000000000 ) ) ;
#3488 = AXIS2_PLACEMENT_3D ( 'NONE', #2704, #3711, #743 ) ;
#3489 = ORIENTED_EDGE ( 'NONE', *, *, #3480, .F. ) ;
#3490 = VECTOR ( 'NONE', #3536, 1000.000000000000000 ) ;
#3491 = CARTESIAN_POINT ( 'NONE',  ( 139.0000000000000000, 4.000000000000000000, -81.00000000000000000 ) ) ;
#3492 = VERTEX_POINT ( 'NONE', #678 ) ;
#3493 = ORIENTED_EDGE ( 'NONE', *, *, #613, .T. ) ;
#3494 = DIRECTION ( 'NONE',  ( 0.000000000000000000, 1.000000000000000000, 0.000000000000000000 ) ) ;
#3495 = CARTESIAN_POINT ( 'NONE',  ( 110.0000000000000000, 0.000000000000000000, 72.00000000000000000 ) ) ;
#3496 = AXIS2_PLACEMENT_3D ( 'NONE', #1265, #3254, #1564 ) ;
#3497 = VECTOR ( 'NONE', #2006, 1000.000000000000000 ) ;
#3498 = EDGE_LOOP ( 'NONE', ( #2972, #34, #2835, #2420 ) ) ;
#3499 = DIRECTION ( 'NONE',  ( 0.000000000000000000, 1.000000000000000000, 0.000000000000000000 ) ) ;
#3500 = EDGE_CURVE ( 'NONE', #2728, #3998, #1255, .T. ) ;
#3501 = CARTESIAN_POINT ( 'NONE',  ( 145.0000000000000000, 4.000000000000000000, 0.000000000000000000 ) ) ;
#3502 = CIRCLE ( 'NONE', #4039, 4.999999999999997335 ) ;
#3503 = PLANE ( 'NONE',  #2308 ) ;
#3504 = VECTOR ( 'NONE', #1817, 1000.000000000000000 ) ;
#3505 = EDGE_CURVE ( 'NONE', #1730, #3681, #2578, .T. ) ;
#3506 = ORIENTED_EDGE ( 'NONE', *, *, #2516, .F. ) ;
#3507 = VERTEX_POINT ( 'NONE', #1749 ) ;
#3508 = AXIS2_PLACEMENT_3D ( 'NONE', #3786, #2699, #3708 ) ;
#3509 = ORIENTED_EDGE ( 'NONE', *, *, #2534, .F. ) ;
#3510 = DATE_TIME_ROLE ( 'classification_date' ) ;
#3511 = EDGE_CURVE ( 'NONE', #1464, #3523, #2301, .T. ) ;
#3512 = ORIENTED_EDGE ( 'NONE', *, *, #1557, .F. ) ;
#3513 = ADVANCED_FACE ( 'NONE', ( #2042 ), #732, .F. ) ;
#3514 = CARTESIAN_POINT ( 'NONE',  ( 80.00000000000000000, 0.000000000000000000, -70.50000000000000000 ) ) ;
#3515 = DIRECTION ( 'NONE',  ( 0.000000000000000000, 1.000000000000000000, 0.000000000000000000 ) ) ;
#3516 = LINE ( 'NONE', #2501, #2622 ) ;
#3517 = ORIENTED_EDGE ( 'NONE', *, *, #2440, .F. ) ;
#3518 = EDGE_LOOP ( 'NONE', ( #3336, #2505 ) ) ;
#3519 = EDGE_LOOP ( 'NONE', ( #1582, #3048, #3353, #692 ) ) ;
#3520 = DIRECTION ( 'NONE',  ( 0.000000000000000000, 0.000000000000000000, 1.000000000000000000 ) ) ;
#3521 = FACE_OUTER_BOUND ( 'NONE', #491, .T. ) ;
#3522 = AXIS2_PLACEMENT_3D ( 'NONE', #43, #3043, #3398 ) ;
#3523 = VERTEX_POINT ( 'NONE', #3730 ) ;
#3524 = ORIENTED_EDGE ( 'NONE', *, *, #2715, .F. ) ;
#3525 = DIRECTION ( 'NONE',  ( -0.000000000000000000, 1.000000000000000000, 0.000000000000000000 ) ) ;
#3526 = LINE ( 'NONE', #524, #1539 ) ;
#3527 = AXIS2_PLACEMENT_3D ( 'NONE', #3582, #2592, #583 ) ;
#3528 = CARTESIAN_POINT ( 'NONE',  ( 20.00000000000000000, 4.000000000000000000, 60.00000000000000000 ) ) ;
#3529 = VECTOR ( 'NONE', #1727, 1000.000000000000000 ) ;
#3530 = EDGE_CURVE ( 'NONE', #190, #3340, #2447, .T. ) ;
#3531 = ORIENTED_EDGE ( 'NONE', *, *, #3658, .T. ) ;
#3532 = VERTEX_POINT ( 'NONE', #3677 ) ;
#3533 = DIRECTION ( 'NONE',  ( 0.000000000000000000, 1.000000000000000000, 0.000000000000000000 ) ) ;
#3534 = MANIFOLD_SOLID_BREP ( 'NONE', #1489 ) ;
#3535 = LINE ( 'NONE', #177, #882 ) ;
#3536 = DIRECTION ( 'NONE',  ( 0.000000000000000000, 1.000000000000000000, 0.000000000000000000 ) ) ;
#3537 = EDGE_CURVE ( 'NONE', #1973, #108, #2014, .T. ) ;
#3538 = EDGE_CURVE ( 'NONE', #3177, #4331, #1974, .T. ) ;
#3539 = ORIENTED_EDGE ( 'NONE', *, *, #2967, .F. ) ;
#3540 = CARTESIAN_POINT ( 'NONE',  ( 124.8599999999999994, -6.000000000000000000, -5.000000000000000000 ) ) ;
#3541 = DIRECTION ( 'NONE',  ( 0.000000000000000000, 1.000000000000000000, 0.000000000000000000 ) ) ;
#3542 = EDGE_CURVE ( 'NONE', #1649, #1345, #3653, .T. ) ;
#3543 = ORIENTED_EDGE ( 'NONE', *, *, #2649, .T. ) ;
#3544 = ORIENTED_EDGE ( 'NONE', *, *, #1084, .F. ) ;
#3545 = FACE_OUTER_BOUND ( 'NONE', #3752, .T. ) ;
#3546 = CARTESIAN_POINT ( 'NONE',  ( 129.0000000000000000, 0.000000000000000000, 52.00000000000000000 ) ) ;
#3547 = CARTESIAN_POINT ( 'NONE',  ( 30.00000000000000000, 0.000000000000000000, 115.0000000000000000 ) ) ;
#3548 = EDGE_CURVE ( 'NONE', #3303, #4206, #2669, .T. ) ;
#3549 = EDGE_LOOP ( 'NONE', ( #4090, #3460, #172, #461, #2272 ) ) ;
#3550 = FACE_OUTER_BOUND ( 'NONE', #4032, .T. ) ;
#3551 = DIRECTION ( 'NONE',  ( 0.000000000000000000, 1.000000000000000000, 0.000000000000000000 ) ) ;
#3552 = CARTESIAN_POINT ( 'NONE',  ( 57.50000000000000000, 4.000000000000000000, 81.00000000000000000 ) ) ;
#3553 = EDGE_CURVE ( 'NONE', #2735, #18, #1296, .T. ) ;
#3554 = ORIENTED_EDGE ( 'NONE', *, *, #1917, .T. ) ;
#3555 = DIRECTION ( 'NONE',  ( 0.000000000000000000, 1.000000000000000000, 0.000000000000000000 ) ) ;
#3556 = DIRECTION ( 'NONE',  ( 0.000000000000000000, 1.000000000000000000, 0.000000000000000000 ) ) ;
#3557 = AXIS2_PLACEMENT_3D ( 'NONE', #4095, #3030, #4147 ) ;
#3558 = FACE_OUTER_BOUND ( 'NONE', #3433, .T. ) ;
#3559 = ORIENTED_EDGE ( 'NONE', *, *, #3323, .T. ) ;
#3560 = CARTESIAN_POINT ( 'NONE',  ( 15.00000000000000000, 0.000000000000000000, 86.50000000000000000 ) ) ;
#3561 = AXIS2_PLACEMENT_3D ( 'NONE', #533, #140, #2488 ) ;
#3562 = DIRECTION ( 'NONE',  ( 0.000000000000000000, 1.000000000000000000, 0.000000000000000000 ) ) ;
#3563 = CIRCLE ( 'NONE', #1941, 1.500000000000001332 ) ;
#3564 = DIRECTION ( 'NONE',  ( 0.000000000000000000, 1.000000000000000000, 0.000000000000000000 ) ) ;
#3565 = VECTOR ( 'NONE', #2320, 1000.000000000000000 ) ;
#3566 = AXIS2_PLACEMENT_3D ( 'NONE', #1714, #74, #2667 ) ;
#3567 = ORIENTED_EDGE ( 'NONE', *, *, #1509, .T. ) ;
#3568 = CARTESIAN_POINT ( 'NONE',  ( -4.749838088984120345E-16, 0.000000000000000000, -11.50000000000000000 ) ) ;
#3569 = DIRECTION ( 'NONE',  ( 0.000000000000000000, 1.000000000000000000, 0.000000000000000000 ) ) ;
#3570 = CIRCLE ( 'NONE', #1397, 1.500000000000001332 ) ;
#3571 = ORIENTED_EDGE ( 'NONE', *, *, #3450, .T. ) ;
#3572 = CARTESIAN_POINT ( 'NONE',  ( 30.00000000000000000, -6.000000000000000000, 101.5000000000000000 ) ) ;
#3573 = CARTESIAN_POINT ( 'NONE',  ( 0.000000000000000000, -6.000000000000000000, -135.0000000000000000 ) ) ;
#3574 = DIRECTION ( 'NONE',  ( 0.000000000000000000, 1.000000000000000000, 0.000000000000000000 ) ) ;
#3575 = ORIENTED_EDGE ( 'NONE', *, *, #1550, .F. ) ;
#3576 = CIRCLE ( 'NONE', #1680, 1.500000000000001332 ) ;
#3577 = DIRECTION ( 'NONE',  ( 1.000000000000000000, 0.000000000000000000, 2.871266442996095062E-16 ) ) ;
#3578 = AXIS2_PLACEMENT_3D ( 'NONE', #3250, #3579, #922 ) ;
#3579 = DIRECTION ( 'NONE',  ( 0.000000000000000000, 1.000000000000000000, 0.000000000000000000 ) ) ;
#3580 = AXIS2_PLACEMENT_3D ( 'NONE', #2315, #645, #1985 ) ;
#3581 = CARTESIAN_POINT ( 'NONE',  ( 15.00000000000000000, 0.000000000000000000, 115.0000000000000000 ) ) ;
#3582 = CARTESIAN_POINT ( 'NONE',  ( 47.50000000000000000, 4.000000000000000000, 6.103656674733209680E-15 ) ) ;
#3583 = AXIS2_PLACEMENT_3D ( 'NONE', #2469, #899, #1812 ) ;
#3584 = VERTEX_POINT ( 'NONE', #4007 ) ;
#3585 = DIRECTION ( 'NONE',  ( 0.000000000000000000, 1.000000000000000000, 0.000000000000000000 ) ) ;
#3586 = CARTESIAN_POINT ( 'NONE',  ( 80.00000000000000000, 4.000000000000000000, 72.00000000000000000 ) ) ;
#3587 = EDGE_CURVE ( 'NONE', #1014, #3112, #1945, .T. ) ;
#3588 = DIRECTION ( 'NONE',  ( 0.000000000000000000, 1.000000000000000000, 0.000000000000000000 ) ) ;
#3589 = ORIENTED_EDGE ( 'NONE', *, *, #2623, .F. ) ;
#3590 = EDGE_LOOP ( 'NONE', ( #3092, #3328, #1764, #483 ) ) ;
#3591 = CARTESIAN_POINT ( 'NONE',  ( 30.00000000000000000, -6.000000000000000000, -60.00000000000000000 ) ) ;
#3592 = EDGE_CURVE ( 'NONE', #158, #537, #303, .T. ) ;
#3593 = ADVANCED_FACE ( 'NONE', ( #3703 ), #2694, .F. ) ;
#3594 = CARTESIAN_POINT ( 'NONE',  ( 20.00000000000000000, 0.000000000000000000, 60.00000000000000000 ) ) ;
#3595 = EDGE_CURVE ( 'NONE', #3783, #2586, #1126, .T. ) ;
#3596 = CARTESIAN_POINT ( 'NONE',  ( 80.00000000000000000, 4.000000000000000000, 48.00000000000000000 ) ) ;
#3597 = CARTESIAN_POINT ( 'NONE',  ( 0.000000000000000000, 4.000000000000000000, -81.00000000000000000 ) ) ;
#3598 = EDGE_CURVE ( 'NONE', #747, #3211, #767, .T. ) ;
#3599 = ORIENTED_EDGE ( 'NONE', *, *, #2243, .F. ) ;
#3600 = DIRECTION ( 'NONE',  ( 0.000000000000000000, 0.000000000000000000, 1.000000000000000000 ) ) ;
#3601 = FACE_OUTER_BOUND ( 'NONE', #2199, .T. ) ;
#3602 = DIRECTION ( 'NONE',  ( 0.000000000000000000, 0.000000000000000000, -1.000000000000000000 ) ) ;
#3603 = CARTESIAN_POINT ( 'NONE',  ( 30.00000000000000000, 4.000000000000000000, -131.5000000000000000 ) ) ;
#3604 = ORIENTED_EDGE ( 'NONE', *, *, #4246, .T. ) ;
#3605 = ORIENTED_EDGE ( 'NONE', *, *, #425, .T. ) ;
#3606 = FACE_OUTER_BOUND ( 'NONE', #2018, .T. ) ;
#3607 = AXIS2_PLACEMENT_3D ( 'NONE', #2685, #3665, #3745 ) ;
#3608 = CIRCLE ( 'NONE', #1455, 1.500000000000000000 ) ;
#3609 = CARTESIAN_POINT ( 'NONE',  ( 37.50000000000000000, 4.000000000000000000, 125.5000000000000000 ) ) ;
#3610 = ADVANCED_FACE ( 'NONE', ( #707 ), #3377, .F. ) ;
#3611 = DIRECTION ( 'NONE',  ( 0.000000000000000000, 1.000000000000000000, 0.000000000000000000 ) ) ;
#3612 = ADVANCED_FACE ( 'NONE', ( #1388 ), #2724, .F. ) ;
#3613 = AXIS2_PLACEMENT_3D ( 'NONE', #3581, #3223, #2934 ) ;
#3614 = AXIS2_PLACEMENT_3D ( 'NONE', #1984, #2061, #4050 ) ;
#3615 = CARTESIAN_POINT ( 'NONE',  ( 41.50000000000000000, 0.000000000000000000, 135.0000000000000000 ) ) ;
#3616 = LINE ( 'NONE', #616, #3006 ) ;
#3617 = CIRCLE ( 'NONE', #562, 1.500000000000001332 ) ;
#3618 = EDGE_CURVE ( 'NONE', #181, #981, #4130, .T. ) ;
#3619 = CARTESIAN_POINT ( 'NONE',  ( 24.50000000000000000, 4.000000000000000000, 127.7500000000000000 ) ) ;
#3620 = CIRCLE ( 'NONE', #1473, 4.999999999999997335 ) ;
#3621 = FACE_BOUND ( 'NONE', #186, .T. ) ;
#3622 = DIRECTION ( 'NONE',  ( 0.000000000000000000, 1.000000000000000000, 0.000000000000000000 ) ) ;
#3623 = CIRCLE ( 'NONE', #4051, 6.000000000000005329 ) ;
#3624 = CYLINDRICAL_SURFACE ( 'NONE', #4255, 6.000000000000005329 ) ;
#3625 = ORIENTED_EDGE ( 'NONE', *, *, #70, .T. ) ;
#3626 = ORIENTED_EDGE ( 'NONE', *, *, #211, .T. ) ;
#3627 = FACE_OUTER_BOUND ( 'NONE', #658, .T. ) ;
#3628 = LINE ( 'NONE', #2261, #4272 ) ;
#3629 = EDGE_CURVE ( 'NONE', #3248, #2344, #3852, .T. ) ;
#3630 = PLANE ( 'NONE',  #2080 ) ;
#3631 = AXIS2_PLACEMENT_3D ( 'NONE', #3495, #4215, #3191 ) ;
#3632 = EDGE_LOOP ( 'NONE', ( #2375, #3176 ) ) ;
#3633 = VECTOR ( 'NONE', #2794, 1000.000000000000000 ) ;
#3634 = DIRECTION ( 'NONE',  ( 0.000000000000000000, 0.000000000000000000, 1.000000000000000000 ) ) ;
#3635 = CARTESIAN_POINT ( 'NONE',  ( 15.00000000000000000, -6.000000000000000000, 85.00000000000000000 ) ) ;
#3636 = CARTESIAN_POINT ( 'NONE',  ( 30.00000000000000000, 0.000000000000000000, 100.0000000000000000 ) ) ;
#3637 = CIRCLE ( 'NONE', #989, 1.500000000000001332 ) ;
#3638 = FACE_BOUND ( 'NONE', #4127, .T. ) ;
#3639 = DIRECTION ( 'NONE',  ( 0.000000000000000000, 0.000000000000000000, 1.000000000000000000 ) ) ;
#3640 = EDGE_CURVE ( 'NONE', #3792, #2136, #2418, .T. ) ;
#3641 = AXIS2_PLACEMENT_3D ( 'NONE', #2524, #3515, #3157 ) ;
#3642 = VERTEX_POINT ( 'NONE', #2691 ) ;
#3643 = DIRECTION ( 'NONE',  ( 0.000000000000000000, 1.000000000000000000, 0.000000000000000000 ) ) ;
#3644 = ORIENTED_EDGE ( 'NONE', *, *, #1573, .T. ) ;
#3645 = ORIENTED_EDGE ( 'NONE', *, *, #2354, .T. ) ;
#3646 = DIRECTION ( 'NONE',  ( 0.000000000000000000, 0.000000000000000000, 1.000000000000000000 ) ) ;
#3647 = ADVANCED_FACE ( 'NONE', ( #3397 ), #3017, .F. ) ;
#3648 = DIRECTION ( 'NONE',  ( 0.000000000000000000, 1.000000000000000000, 0.000000000000000000 ) ) ;
#3649 = CARTESIAN_POINT ( 'NONE',  ( 0.000000000000000000, 0.000000000000000000, 0.000000000000000000 ) ) ;
#3650 = DIRECTION ( 'NONE',  ( 0.000000000000000000, 1.000000000000000000, 0.000000000000000000 ) ) ;
#3651 = EDGE_CURVE ( 'NONE', #4011, #376, #3617, .T. ) ;
#3652 = EDGE_LOOP ( 'NONE', ( #80, #3925 ) ) ;
#3653 = LINE ( 'NONE', #1342, #4311 ) ;
#3654 = FACE_OUTER_BOUND ( 'NONE', #1928, .T. ) ;
#3655 = ORIENTED_EDGE ( 'NONE', *, *, #3774, .F. ) ;
#3656 = ORIENTED_EDGE ( 'NONE', *, *, #3943, .F. ) ;
#3657 = CARTESIAN_POINT ( 'NONE',  ( 134.0000000000000000, 0.000000000000000000, -33.00000000000000000 ) ) ;
#3658 = EDGE_CURVE ( 'NONE', #3297, #2478, #3620, .T. ) ;
#3659 = DIRECTION ( 'NONE',  ( 0.000000000000000000, 1.000000000000000000, 0.000000000000000000 ) ) ;
#3660 = CARTESIAN_POINT ( 'NONE',  ( 124.8599999999999994, 4.000000000000000000, 5.000000000000000000 ) ) ;
#3661 = VERTEX_POINT ( 'NONE', #3749 ) ;
#3662 = DIRECTION ( 'NONE',  ( 0.000000000000000000, 0.000000000000000000, 1.000000000000000000 ) ) ;
#3663 = VERTEX_POINT ( 'NONE', #4026 ) ;
#3664 = ORIENTED_EDGE ( 'NONE', *, *, #3122, .T. ) ;
#3665 = DIRECTION ( 'NONE',  ( 0.000000000000000000, 1.000000000000000000, 0.000000000000000000 ) ) ;
#3666 = LINE ( 'NONE', #663, #3497 ) ;
#3667 = ADVANCED_BREP_SHAPE_REPRESENTATION ( 'B\X2\56fa5b9a57fa51c6677f\X0\3A 4mm', ( #3534, #420 ), #686 ) ;
#3668 = EDGE_CURVE ( 'NONE', #2181, #3507, #3972, .T. ) ;
#3669 = DESIGN_CONTEXT ( 'detailed design', #71, 'design' ) ;
#3670 = CARTESIAN_POINT ( 'NONE',  ( 50.84314575050770202, 0.000000000000000000, 58.00000000000000000 ) ) ;
#3671 = CARTESIAN_POINT ( 'NONE',  ( 0.000000000000000000, 4.000000000000000000, -120.5000000000000000 ) ) ;
#3672 = AXIS2_PLACEMENT_3D ( 'NONE', #4264, #274, #958 ) ;
#3673 = AXIS2_PLACEMENT_3D ( 'NONE', #1566, #2201, #162 ) ;
#3674 = DIRECTION ( 'NONE',  ( 0.000000000000000000, 1.000000000000000000, 0.000000000000000000 ) ) ;
#3675 = CARTESIAN_POINT ( 'NONE',  ( 80.00000000000000000, 0.000000000000000000, -49.50000000000000000 ) ) ;
#3676 = EDGE_LOOP ( 'NONE', ( #76, #3484 ) ) ;
#3677 = CARTESIAN_POINT ( 'NONE',  ( 37.50000000000000000, 0.000000000000000000, 125.5000000000000000 ) ) ;
#3678 = AXIS2_PLACEMENT_3D ( 'NONE', #660, #3037, #3011 ) ;
#3679 = VECTOR ( 'NONE', #3577, 1000.000000000000000 ) ;
#3680 = DIRECTION ( 'NONE',  ( -1.000000000000000000, 0.000000000000000000, 0.000000000000000000 ) ) ;
#3681 = VERTEX_POINT ( 'NONE', #1067 ) ;
#3682 = ORIENTED_EDGE ( 'NONE', *, *, #640, .F. ) ;
#3683 = EDGE_LOOP ( 'NONE', ( #3861, #803, #1892, #2178 ) ) ;
#3684 = AXIS2_PLACEMENT_3D ( 'NONE', #192, #1827, #817 ) ;
#3685 = APPROVAL_DATE_TIME ( #440, #1066 ) ;
#3686 = CARTESIAN_POINT ( 'NONE',  ( 80.10999999999999943, 0.000000000000000000, -10.50000000000000000 ) ) ;
#3687 = CARTESIAN_POINT ( 'NONE',  ( 36.00000000000000000, -6.000000000000000000, 77.50000000000000000 ) ) ;
#3688 = AXIS2_PLACEMENT_3D ( 'NONE', #3914, #544, #1887 ) ;
#3689 = DIRECTION ( 'NONE',  ( 0.000000000000000000, 1.000000000000000000, 0.000000000000000000 ) ) ;
#3690 = VERTEX_POINT ( 'NONE', #2064 ) ;
#3691 = CARTESIAN_POINT ( 'NONE',  ( 80.10999999999999943, 4.000000000000000000, 11.50000000000000000 ) ) ;
#3692 = ORIENTED_EDGE ( 'NONE', *, *, #2502, .F. ) ;
#3693 = ORIENTED_EDGE ( 'NONE', *, *, #1722, .F. ) ;
#3694 = LINE ( 'NONE', #2004, #4305 ) ;
#3695 = CARTESIAN_POINT ( 'NONE',  ( 0.000000000000000000, 4.000000000000000000, 44.99999999999998579 ) ) ;
#3696 = VECTOR ( 'NONE', #3107, 1000.000000000000000 ) ;
#3697 = DIRECTION ( 'NONE',  ( 0.000000000000000000, 1.000000000000000000, 0.000000000000000000 ) ) ;
#3698 = LINE ( 'NONE', #1312, #2222 ) ;
#3699 = EDGE_CURVE ( 'NONE', #4125, #1430, #1753, .T. ) ;
#3700 = FACE_OUTER_BOUND ( 'NONE', #380, .T. ) ;
#3701 = CARTESIAN_POINT ( 'NONE',  ( 75.35999999999999943, -6.000000000000000000, 3.500000000000000000 ) ) ;
#3702 = VERTEX_POINT ( 'NONE', #2369 ) ;
#3703 = FACE_OUTER_BOUND ( 'NONE', #479, .T. ) ;
#3704 = FACE_OUTER_BOUND ( 'NONE', #3923, .T. ) ;
#3705 = ORIENTED_EDGE ( 'NONE', *, *, #2967, .T. ) ;
#3706 = ORIENTED_EDGE ( 'NONE', *, *, #2134, .T. ) ;
#3707 = ORIENTED_EDGE ( 'NONE', *, *, #2260, .F. ) ;
#3708 = DIRECTION ( 'NONE',  ( 0.000000000000000000, 0.000000000000000000, 1.000000000000000000 ) ) ;
#3709 = DIRECTION ( 'NONE',  ( 0.000000000000000000, 0.000000000000000000, -1.000000000000000000 ) ) ;
#3710 = DIRECTION ( 'NONE',  ( 0.000000000000000000, 1.000000000000000000, 0.000000000000000000 ) ) ;
#3711 = DIRECTION ( 'NONE',  ( 0.000000000000000000, -1.000000000000000000, 0.000000000000000000 ) ) ;
#3712 = VECTOR ( 'NONE', #1433, 1000.000000000000000 ) ;
#3713 = ORIENTED_EDGE ( 'NONE', *, *, #240, .T. ) ;
#3714 = CIRCLE ( 'NONE', #3373, 1.500000000000001332 ) ;
#3715 = CARTESIAN_POINT ( 'NONE',  ( 50.84314575050770202, 4.000000000000000000, -58.00000000000000000 ) ) ;
#3716 = AXIS2_PLACEMENT_3D ( 'NONE', #332, #4263, #2976 ) ;
#3717 = ORIENTED_EDGE ( 'NONE', *, *, #2362, .F. ) ;
#3718 = EDGE_CURVE ( 'NONE', #2752, #1755, #1392, .T. ) ;
#3719 = VERTEX_POINT ( 'NONE', #1692 ) ;
#3720 = CARTESIAN_POINT ( 'NONE',  ( 15.00000000000000000, 0.000000000000000000, 101.5000000000000000 ) ) ;
#3721 = CARTESIAN_POINT ( 'NONE',  ( 45.00000000000000000, 4.000000000000000000, -30.00000000000000000 ) ) ;
#3722 = CARTESIAN_POINT ( 'NONE',  ( 139.0000000000000000, 0.000000000000000000, -38.00000000000000000 ) ) ;
#3723 = CARTESIAN_POINT ( 'NONE',  ( 124.8599999999999994, 0.000000000000000000, -6.500000000000000000 ) ) ;
#3724 = EDGE_CURVE ( 'NONE', #1430, #4125, #3854, .T. ) ;
#3725 = CARTESIAN_POINT ( 'NONE',  ( 29.00000000000000000, 0.000000000000000000, -123.5000000000000000 ) ) ;
#3726 = EDGE_CURVE ( 'NONE', #1553, #1802, #62, .T. ) ;
#3727 = DIRECTION ( 'NONE',  ( 0.000000000000000000, 0.000000000000000000, 1.000000000000000000 ) ) ;
#3728 = DIRECTION ( 'NONE',  ( 0.000000000000000000, 1.000000000000000000, 0.000000000000000000 ) ) ;
#3729 = ORIENTED_EDGE ( 'NONE', *, *, #2299, .T. ) ;
#3730 = CARTESIAN_POINT ( 'NONE',  ( 0.000000000000000000, 4.000000000000000000, -135.0000000000000000 ) ) ;
#3731 = CARTESIAN_POINT ( 'NONE',  ( 134.0000000000000000, 4.000000000000000000, -33.00000000000000000 ) ) ;
#3732 = ORIENTED_EDGE ( 'NONE', *, *, #3825, .T. ) ;
#3733 = ORIENTED_EDGE ( 'NONE', *, *, #1509, .F. ) ;
#3734 = ADVANCED_FACE ( 'NONE', ( #3700 ), #1091, .F. ) ;
#3735 = ORIENTED_EDGE ( 'NONE', *, *, #2623, .T. ) ;
#3736 = CARTESIAN_POINT ( 'NONE',  ( 139.0000000000000000, 0.000000000000000000, 38.00000000000000000 ) ) ;
#3737 = EDGE_LOOP ( 'NONE', ( #1128, #2135 ) ) ;
#3738 = CARTESIAN_POINT ( 'NONE',  ( 30.00000000000000000, -6.000000000000000000, -131.5000000000000000 ) ) ;
#3739 = DIRECTION ( 'NONE',  ( 0.000000000000000000, 0.000000000000000000, 1.000000000000000000 ) ) ;
#3740 = LINE ( 'NONE', #774, #4183 ) ;
#3741 = VERTEX_POINT ( 'NONE', #702 ) ;
#3742 = DIRECTION ( 'NONE',  ( 0.000000000000000000, 0.000000000000000000, 1.000000000000000000 ) ) ;
#3743 = ORIENTED_EDGE ( 'NONE', *, *, #4053, .T. ) ;
#3744 = ORIENTED_EDGE ( 'NONE', *, *, #4186, .F. ) ;
#3745 = DIRECTION ( 'NONE',  ( 0.000000000000000000, 0.000000000000000000, 1.000000000000000000 ) ) ;
#3746 = DIRECTION ( 'NONE',  ( 0.000000000000000000, -1.000000000000000000, 0.000000000000000000 ) ) ;
#3747 = DIRECTION ( 'NONE',  ( 0.000000000000000000, 0.000000000000000000, 1.000000000000000000 ) ) ;
#3748 = CARTESIAN_POINT ( 'NONE',  ( 124.8599999999999994, 4.000000000000000000, -5.000000000000000000 ) ) ;
#3749 = CARTESIAN_POINT ( 'NONE',  ( 20.00000000000000000, 4.000000000000000000, 54.00000000000000000 ) ) ;
#3750 = EDGE_CURVE ( 'NONE', #3832, #2125, #2922, .T. ) ;
#3751 = CARTESIAN_POINT ( 'NONE',  ( 47.50000000000000000, 0.000000000000000000, -6.103656674733209680E-15 ) ) ;
#3752 = EDGE_LOOP ( 'NONE', ( #2812, #770, #4151, #3380 ) ) ;
#3753 = CYLINDRICAL_SURFACE ( 'NONE', #2468, 1.500000000000001332 ) ;
#3754 = VERTEX_POINT ( 'NONE', #673 ) ;
#3755 = VECTOR ( 'NONE', #2408, 1000.000000000000000 ) ;
#3756 = CIRCLE ( 'NONE', #1589, 1.500000000000001332 ) ;
#3757 = ORIENTED_EDGE ( 'NONE', *, *, #2243, .T. ) ;
#3758 = ORIENTED_EDGE ( 'NONE', *, *, #4248, .F. ) ;
#3759 = PERSON_AND_ORGANIZATION_ROLE ( 'design_owner' ) ;
#3760 = AXIS2_PLACEMENT_3D ( 'NONE', #2736, #4076, #2332 ) ;
#3761 = EDGE_LOOP ( 'NONE', ( #3284, #3795, #3090, #156 ) ) ;
#3762 = AXIS2_PLACEMENT_3D ( 'NONE', #2161, #2088, #1456 ) ;
#3763 = FACE_OUTER_BOUND ( 'NONE', #675, .T. ) ;
#3764 = DIRECTION ( 'NONE',  ( 1.000000000000000000, 0.000000000000000000, -4.130293990420970006E-17 ) ) ;
#3765 = DIRECTION ( 'NONE',  ( 0.000000000000000000, 0.000000000000000000, -1.000000000000000000 ) ) ;
#3766 = EDGE_CURVE ( 'NONE', #2586, #498, #3374, .T. ) ;
#3767 = VECTOR ( 'NONE', #3585, 1000.000000000000000 ) ;
#3768 = ORIENTED_EDGE ( 'NONE', *, *, #3264, .T. ) ;
#3769 = CARTESIAN_POINT ( 'NONE',  ( 0.000000000000000000, -6.000000000000000000, 54.00000000000000000 ) ) ;
#3770 = EDGE_LOOP ( 'NONE', ( #3044, #584 ) ) ;
#3771 = ORIENTED_EDGE ( 'NONE', *, *, #557, .F. ) ;
#3772 = ORIENTED_EDGE ( 'NONE', *, *, #1617, .F. ) ;
#3773 = CARTESIAN_POINT ( 'NONE',  ( 24.50000000000000000, 4.000000000000000000, 69.75000000000000000 ) ) ;
#3774 = EDGE_CURVE ( 'NONE', #3741, #296, #2525, .T. ) ;
#3775 = FACE_BOUND ( 'NONE', #577, .T. ) ;
#3776 = AXIS2_PLACEMENT_3D ( 'NONE', #4017, #690, #1329 ) ;
#3777 = DIRECTION ( 'NONE',  ( 0.000000000000000000, 1.000000000000000000, 0.000000000000000000 ) ) ;
#3778 = CIRCLE ( 'NONE', #2641, 1.500000000000000000 ) ;
#3779 = DIRECTION ( 'NONE',  ( -1.284980352575411713E-16, 0.000000000000000000, -1.000000000000000000 ) ) ;
#3780 = CARTESIAN_POINT ( 'NONE',  ( 79.10999999999999943, 0.000000000000000000, -10.50000000000000000 ) ) ;
#3781 = DIRECTION ( 'NONE',  ( 0.000000000000000000, -1.000000000000000000, 0.000000000000000000 ) ) ;
#3782 = DIRECTION ( 'NONE',  ( 0.000000000000000000, 0.000000000000000000, 1.000000000000000000 ) ) ;
#3783 = VERTEX_POINT ( 'NONE', #1771 ) ;
#3784 = ORIENTED_EDGE ( 'NONE', *, *, #3500, .F. ) ;
#3785 = ORIENTED_EDGE ( 'NONE', *, *, #2818, .T. ) ;
#3786 = CARTESIAN_POINT ( 'NONE',  ( 120.1099999999999994, 0.000000000000000000, 10.50000000000000000 ) ) ;
#3787 = EDGE_LOOP ( 'NONE', ( #841, #1980, #1808, #1171 ) ) ;
#3788 = CARTESIAN_POINT ( 'NONE',  ( 56.50000000000000000, 0.000000000000000000, 49.34314575050759544 ) ) ;
#3789 = CYLINDRICAL_SURFACE ( 'NONE', #2477, 1.500000000000001332 ) ;
#3790 = FACE_OUTER_BOUND ( 'NONE', #2980, .T. ) ;
#3791 = AXIS2_PLACEMENT_3D ( 'NONE', #3573, #826, #2895 ) ;
#3792 = VERTEX_POINT ( 'NONE', #4330 ) ;
#3793 = DIRECTION ( 'NONE',  ( 0.000000000000000000, 1.000000000000000000, 0.000000000000000000 ) ) ;
#3794 = ORIENTED_EDGE ( 'NONE', *, *, #1613, .T. ) ;
#3795 = ORIENTED_EDGE ( 'NONE', *, *, #1613, .F. ) ;
#3796 = CARTESIAN_POINT ( 'NONE',  ( 30.00000000000000000, 4.000000000000000000, 51.50000000000000000 ) ) ;
#3797 = VECTOR ( 'NONE', #4160, 1000.000000000000000 ) ;
#3798 = LINE ( 'NONE', #2810, #3167 ) ;
#3799 = EDGE_CURVE ( 'NONE', #2000, #2910, #1339, .T. ) ;
#3800 = EDGE_CURVE ( 'NONE', #4331, #927, #416, .T. ) ;
#3801 = CIRCLE ( 'NONE', #1627, 1.500000000000001332 ) ;
#3802 = AXIS2_PLACEMENT_3D ( 'NONE', #1088, #3777, #2115 ) ;
#3803 = EDGE_CURVE ( 'NONE', #2683, #173, #100, .T. ) ;
#3804 = FACE_OUTER_BOUND ( 'NONE', #2409, .T. ) ;
#3805 = EDGE_CURVE ( 'NONE', #3663, #1649, #2256, .T. ) ;
#3806 = CARTESIAN_POINT ( 'NONE',  ( 79.10999999999999943, 4.000000000000000000, 11.50000000000000000 ) ) ;
#3807 = EDGE_CURVE ( 'NONE', #2123, #4164, #1117, .T. ) ;
#3808 = DIRECTION ( 'NONE',  ( 0.000000000000000000, 1.000000000000000000, 0.000000000000000000 ) ) ;
#3809 = DIRECTION ( 'NONE',  ( 0.000000000000000000, 0.000000000000000000, 1.000000000000000000 ) ) ;
#3810 = ORIENTED_EDGE ( 'NONE', *, *, #3799, .T. ) ;
#3811 = ORIENTED_EDGE ( 'NONE', *, *, #1493, .T. ) ;
#3812 = ORIENTED_EDGE ( 'NONE', *, *, #4297, .F. ) ;
#3813 = COORDINATED_UNIVERSAL_TIME_OFFSET ( 8, 0, .AHEAD. ) ;
#3814 = EDGE_LOOP ( 'NONE', ( #1444, #1661, #4075, #185 ) ) ;
#3815 = CYLINDRICAL_SURFACE ( 'NONE', #3684, 1.500000000000000444 ) ;
#3816 = CARTESIAN_POINT ( 'NONE',  ( 80.00000000000000000, 0.000000000000000000, 48.00000000000000000 ) ) ;
#3817 = CARTESIAN_POINT ( 'NONE',  ( 30.00000000000000000, 0.000000000000000000, -60.00000000000000000 ) ) ;
#3818 = VERTEX_POINT ( 'NONE', #2448 ) ;
#3819 = CARTESIAN_POINT ( 'NONE',  ( 15.00000000000000000, -6.000000000000000000, -48.50000000000000000 ) ) ;
#3820 = EDGE_CURVE ( 'NONE', #2478, #1515, #1568, .T. ) ;
#3821 = VERTEX_POINT ( 'NONE', #3780 ) ;
#3822 = ORIENTED_EDGE ( 'NONE', *, *, #1234, .T. ) ;
#3823 = CYLINDRICAL_SURFACE ( 'NONE', #2915, 4.999999999999997335 ) ;
#3824 = CARTESIAN_POINT ( 'NONE',  ( 57.50000000000000000, 4.000000000000000000, -81.00000000000000000 ) ) ;
#3825 = EDGE_CURVE ( 'NONE', #2753, #3754, #931, .T. ) ;
#3826 = ORIENTED_EDGE ( 'NONE', *, *, #3264, .F. ) ;
#3827 = CARTESIAN_POINT ( 'NONE',  ( 50.84314575050770202, 4.000000000000000000, 56.50000000000000000 ) ) ;
#3828 = CYLINDRICAL_SURFACE ( 'NONE', #2862, 1.500000000000001332 ) ;
#3829 = ADVANCED_FACE ( 'NONE', ( #896 ), #1897, .F. ) ;
#3830 = EDGE_CURVE ( 'NONE', #158, #2840, #2867, .T. ) ;
#3831 = CARTESIAN_POINT ( 'NONE',  ( 120.1099999999999994, 4.000000000000000000, 10.50000000000000000 ) ) ;
#3832 = VERTEX_POINT ( 'NONE', #3208 ) ;
#3833 = ORIENTED_EDGE ( 'NONE', *, *, #2052, .F. ) ;
#3834 = ORIENTED_EDGE ( 'NONE', *, *, #884, .F. ) ;
#3835 = EDGE_LOOP ( 'NONE', ( #1558, #3693, #3733, #1605 ) ) ;
#3836 = CARTESIAN_POINT ( 'NONE',  ( 110.0000000000000000, 0.000000000000000000, 46.50000000000000000 ) ) ;
#3837 = FACE_OUTER_BOUND ( 'NONE', #3906, .T. ) ;
#3838 = LINE ( 'NONE', #4212, #2160 ) ;
#3839 = ORIENTED_EDGE ( 'NONE', *, *, #1634, .T. ) ;
#3840 = VECTOR ( 'NONE', #1038, 1000.000000000000000 ) ;
#3841 = ORIENTED_EDGE ( 'NONE', *, *, #3901, .F. ) ;
#3842 = ORIENTED_EDGE ( 'NONE', *, *, #249, .T. ) ;
#3843 = FACE_OUTER_BOUND ( 'NONE', #3193, .T. ) ;
#3844 = CARTESIAN_POINT ( 'NONE',  ( 24.50000000000000000, 0.000000000000000000, 130.2500000000000000 ) ) ;
#3845 = VECTOR ( 'NONE', #1300, 1000.000000000000000 ) ;
#3846 = VECTOR ( 'NONE', #2051, 1000.000000000000000 ) ;
#3847 = ORIENTED_EDGE ( 'NONE', *, *, #4287, .T. ) ;
#3848 = ORIENTED_EDGE ( 'NONE', *, *, #239, .T. ) ;
#3849 = DIRECTION ( 'NONE',  ( 0.000000000000000000, 1.000000000000000000, 0.000000000000000000 ) ) ;
#3850 = EDGE_CURVE ( 'NONE', #731, #3379, #3913, .T. ) ;
#3851 = DIRECTION ( 'NONE',  ( 0.000000000000000000, 0.000000000000000000, 1.000000000000000000 ) ) ;
#3852 = CIRCLE ( 'NONE', #2520, 1.500000000000001332 ) ;
#3853 = CARTESIAN_POINT ( 'NONE',  ( 14.99999999999986144, 0.000000000000000000, -60.00000000000000000 ) ) ;
#3854 = CIRCLE ( 'NONE', #2291, 1.500000000000000000 ) ;
#3855 = EDGE_CURVE ( 'NONE', #1157, #4074, #1551, .T. ) ;
#3856 = EDGE_CURVE ( 'NONE', #2449, #1799, #2118, .T. ) ;
#3857 = ORIENTED_EDGE ( 'NONE', *, *, #3921, .F. ) ;
#3858 = ORIENTED_EDGE ( 'NONE', *, *, #4240, .T. ) ;
#3859 = AXIS2_PLACEMENT_3D ( 'NONE', #411, #2048, #3383 ) ;
#3860 = EDGE_LOOP ( 'NONE', ( #2384, #3531, #1101, #1775, #1797 ) ) ;
#3861 = ORIENTED_EDGE ( 'NONE', *, *, #1819, .F. ) ;
#3862 = DIRECTION ( 'NONE',  ( 1.000000000000000000, 0.000000000000000000, 0.000000000000000000 ) ) ;
#3863 = CC_DESIGN_APPROVAL ( #666, ( #2179 ) ) ;
#3864 = CARTESIAN_POINT ( 'NONE',  ( 110.0000000000000000, 0.000000000000000000, 72.00000000000000000 ) ) ;
#3865 = CARTESIAN_POINT ( 'NONE',  ( 80.00000000000000000, 0.000000000000000000, -72.00000000000000000 ) ) ;
#3866 = EDGE_LOOP ( 'NONE', ( #3421, #81, #220, #4291 ) ) ;
#3867 = DIRECTION ( 'NONE',  ( 0.000000000000000000, 0.000000000000000000, 1.000000000000000000 ) ) ;
#3868 = LINE ( 'NONE', #1251, #1738 ) ;
#3869 = EDGE_CURVE ( 'NONE', #1755, #2752, #1607, .T. ) ;
#3870 = VECTOR ( 'NONE', #189, 1000.000000000000000 ) ;
#3871 = EDGE_LOOP ( 'NONE', ( #4099, #3810, #790, #2464 ) ) ;
#3872 = ORIENTED_EDGE ( 'NONE', *, *, #1853, .T. ) ;
#3873 = CARTESIAN_POINT ( 'NONE',  ( -45.00000000000000000, 0.000000000000000000, -45.00000000000000000 ) ) ;
#3874 = DIRECTION ( 'NONE',  ( 0.000000000000000000, -1.000000000000000000, 0.000000000000000000 ) ) ;
#3875 = CIRCLE ( 'NONE', #1565, 4.999999999999997335 ) ;
#3876 = CIRCLE ( 'NONE', #3239, 1.500000000000001332 ) ;
#3877 = DIRECTION ( 'NONE',  ( 0.000000000000000000, 0.000000000000000000, 1.000000000000000000 ) ) ;
#3878 = VECTOR ( 'NONE', #3525, 1000.000000000000000 ) ;
#3879 = ADVANCED_FACE ( 'NONE', ( #3558 ), #224, .T. ) ;
#3880 = ORIENTED_EDGE ( 'NONE', *, *, #4243, .F. ) ;
#3881 = DATE_AND_TIME ( #903, #617 ) ;
#3882 = EDGE_LOOP ( 'NONE', ( #4267, #1670, #1476, #1391 ) ) ;
#3883 = CARTESIAN_POINT ( 'NONE',  ( 15.00000000000000000, 4.000000000000000000, 50.00000000000000000 ) ) ;
#3884 = CARTESIAN_POINT ( 'NONE',  ( 47.50000000000000000, 4.000000000000000000, 129.0000000000000000 ) ) ;
#3885 = DIRECTION ( 'NONE',  ( 0.000000000000000000, 0.000000000000000000, 1.000000000000000000 ) ) ;
#3886 = EDGE_CURVE ( 'NONE', #1755, #1404, #916, .T. ) ;
#3887 = ORIENTED_EDGE ( 'NONE', *, *, #677, .F. ) ;
#3888 = DIRECTION ( 'NONE',  ( 0.000000000000000000, 0.000000000000000000, 1.000000000000000000 ) ) ;
#3889 = CARTESIAN_POINT ( 'NONE',  ( 129.0000000000000000, 4.000000000000000000, 38.00000000000000000 ) ) ;
#3890 = CARTESIAN_POINT ( 'NONE',  ( 30.00000000000000000, 0.000000000000000000, 113.5000000000000000 ) ) ;
#3891 = ORIENTED_EDGE ( 'NONE', *, *, #664, .F. ) ;
#3892 = CARTESIAN_POINT ( 'NONE',  ( 30.00000000000000000, 0.000000000000000000, 45.00000000000000000 ) ) ;
#3893 = CARTESIAN_POINT ( 'NONE',  ( 124.8599999999999994, 0.000000000000000000, -3.500000000000000000 ) ) ;
#3894 = LINE ( 'NONE', #2515, #3797 ) ;
#3895 = DATE_AND_TIME ( #2843, #270 ) ;
#3896 = VERTEX_POINT ( 'NONE', #3890 ) ;
#3897 = CARTESIAN_POINT ( 'NONE',  ( 15.00000000000000000, -6.000000000000000000, -51.50000000000000000 ) ) ;
#3898 = DIRECTION ( 'NONE',  ( 0.000000000000000000, 0.000000000000000000, -1.000000000000000000 ) ) ;
#3899 = EDGE_LOOP ( 'NONE', ( #4141, #2186 ) ) ;
#3900 = LINE ( 'NONE', #255, #3845 ) ;
#3901 = EDGE_CURVE ( 'NONE', #927, #4331, #970, .T. ) ;
#3902 = DIRECTION ( 'NONE',  ( 0.000000000000000000, 1.000000000000000000, 0.000000000000000000 ) ) ;
#3903 = CIRCLE ( 'NONE', #1993, 1.500000000000001332 ) ;
#3904 = DIRECTION ( 'NONE',  ( 0.000000000000000000, 1.000000000000000000, 0.000000000000000000 ) ) ;
#3905 = ADVANCED_FACE ( 'NONE', ( #575 ), #3247, .F. ) ;
#3906 = EDGE_LOOP ( 'NONE', ( #2945, #3108, #3078, #2887 ) ) ;
#3907 = CIRCLE ( 'NONE', #2969, 1.500000000000001332 ) ;
#3908 = CIRCLE ( 'NONE', #3142, 1.500000000000001332 ) ;
#3909 = LINE ( 'NONE', #935, #484 ) ;
#3910 = CIRCLE ( 'NONE', #3063, 1.250000000000001110 ) ;
#3911 = CARTESIAN_POINT ( 'NONE',  ( 139.0000000000000000, 4.000000000000000000, 75.00000000000000000 ) ) ;
#3912 = VECTOR ( 'NONE', #4256, 1000.000000000000000 ) ;
#3913 = CIRCLE ( 'NONE', #2009, 1.500000000000001332 ) ;
#3914 = CARTESIAN_POINT ( 'NONE',  ( 134.0000000000000000, 0.000000000000000000, 52.00000000000000000 ) ) ;
#3915 = CARTESIAN_POINT ( 'NONE',  ( 36.00000000000000000, 4.000000000000000000, 79.00000000000000000 ) ) ;
#3916 = CIRCLE ( 'NONE', #3859, 1.500000000000001332 ) ;
#3917 = EDGE_LOOP ( 'NONE', ( #357, #1563, #780, #3349, #3124, #2994, #3543, #1441, #3757, #1763, #1218, #3258, #3785, #2072, #2342, #3946, #1868, #328, #1856, #1355, #1242, #1783, #4005, #2733, #3322, #384 ) ) ;
#3918 = CARTESIAN_POINT ( 'NONE',  ( 80.00000000000000000, 0.000000000000000000, -48.00000000000000000 ) ) ;
#3919 = EDGE_CURVE ( 'NONE', #1390, #1492, #1581, .T. ) ;
#3920 = FACE_OUTER_BOUND ( 'NONE', #4339, .T. ) ;
#3921 = EDGE_CURVE ( 'NONE', #3681, #1730, #2982, .T. ) ;
#3922 = DIRECTION ( 'NONE',  ( 0.000000000000000000, 0.000000000000000000, 1.000000000000000000 ) ) ;
#3923 = EDGE_LOOP ( 'NONE', ( #2169, #1528, #114, #2553 ) ) ;
#3924 = ADVANCED_FACE ( 'NONE', ( #1927 ), #474, .F. ) ;
#3925 = ORIENTED_EDGE ( 'NONE', *, *, #3323, .F. ) ;
#3926 = CC_DESIGN_DATE_AND_TIME_ASSIGNMENT ( #215, #3128, ( #892 ) ) ;
#3927 = DIRECTION ( 'NONE',  ( 0.000000000000000000, 1.000000000000000000, 0.000000000000000000 ) ) ;
#3928 = EDGE_CURVE ( 'NONE', #3661, #1075, #1981, .T. ) ;
#3929 = CIRCLE ( 'NONE', #872, 1.500000000000001332 ) ;
#3930 = CARTESIAN_POINT ( 'NONE',  ( 80.00000000000000000, 0.000000000000000000, -72.00000000000000000 ) ) ;
#3931 = ADVANCED_FACE ( 'NONE', ( #3957 ), #2025, .F. ) ;
#3932 = AXIS2_PLACEMENT_3D ( 'NONE', #4002, #1061, #3747 ) ;
#3933 = CIRCLE ( 'NONE', #1689, 1.500000000000001332 ) ;
#3934 = CIRCLE ( 'NONE', #164, 1.500000000000000000 ) ;
#3935 = CARTESIAN_POINT ( 'NONE',  ( 124.8599999999999994, 4.000000000000000000, -5.000000000000000000 ) ) ;
#3936 = CYLINDRICAL_SURFACE ( 'NONE', #4274, 1.500000000000001332 ) ;
#3937 = VECTOR ( 'NONE', #3898, 1000.000000000000000 ) ;
#3938 = VERTEX_POINT ( 'NONE', #3363 ) ;
#3939 = CARTESIAN_POINT ( 'NONE',  ( 41.50000000000000000, 0.000000000000000000, -129.0000000000000000 ) ) ;
#3940 = FACE_BOUND ( 'NONE', #451, .T. ) ;
#3941 = LINE ( 'NONE', #944, #4312 ) ;
#3942 = AXIS2_PLACEMENT_3D ( 'NONE', #3432, #434, #2043 ) ;
#3943 = EDGE_CURVE ( 'NONE', #2519, #2868, #3148, .T. ) ;
#3944 = CARTESIAN_POINT ( 'NONE',  ( 30.00000000000000000, 4.000000000000000000, 48.50000000000000000 ) ) ;
#3945 = ORIENTED_EDGE ( 'NONE', *, *, #778, .F. ) ;
#3946 = ORIENTED_EDGE ( 'NONE', *, *, #2456, .F. ) ;
#3947 = DIRECTION ( 'NONE',  ( 0.000000000000000000, 0.000000000000000000, -1.000000000000000000 ) ) ;
#3948 = EDGE_CURVE ( 'NONE', #4016, #1515, #1311, .T. ) ;
#3949 = CARTESIAN_POINT ( 'NONE',  ( 15.00000000000000000, 0.000000000000000000, 48.50000000000000000 ) ) ;
#3950 = ADVANCED_FACE ( 'NONE', ( #2290 ), #945, .F. ) ;
#3951 = DIRECTION ( 'NONE',  ( 0.000000000000000000, 0.000000000000000000, 1.000000000000000000 ) ) ;
#3952 = FACE_OUTER_BOUND ( 'NONE', #638, .T. ) ;
#3953 = DIRECTION ( 'NONE',  ( 0.000000000000000000, 1.000000000000000000, 0.000000000000000000 ) ) ;
#3954 = PLANE ( 'NONE',  #3496 ) ;
#3955 = FACE_OUTER_BOUND ( 'NONE', #288, .T. ) ;
#3956 = CARTESIAN_POINT ( 'NONE',  ( 24.50000000000000000, 4.000000000000000000, 71.00000000000000000 ) ) ;
#3957 = FACE_OUTER_BOUND ( 'NONE', #3361, .T. ) ;
#3958 = ORIENTED_EDGE ( 'NONE', *, *, #557, .T. ) ;
#3959 = EDGE_LOOP ( 'NONE', ( #759, #2383, #689, #3365 ) ) ;
#3960 = AXIS2_PLACEMENT_3D ( 'NONE', #2077, #798, #2131 ) ;
#3961 = FACE_OUTER_BOUND ( 'NONE', #1546, .T. ) ;
#3962 = AXIS2_PLACEMENT_3D ( 'NONE', #3093, #452, #4000 ) ;
#3963 = VECTOR ( 'NONE', #487, 1000.000000000000000 ) ;
#3964 = DIRECTION ( 'NONE',  ( 0.000000000000000000, 1.000000000000000000, 0.000000000000000000 ) ) ;
#3965 = DIRECTION ( 'NONE',  ( 0.000000000000000000, 1.000000000000000000, 0.000000000000000000 ) ) ;
#3966 = AXIS2_PLACEMENT_3D ( 'NONE', #1579, #1284, #571 ) ;
#3967 = ORIENTED_EDGE ( 'NONE', *, *, #2687, .T. ) ;
#3968 = AXIS2_PLACEMENT_3D ( 'NONE', #1316, #4313, #1363 ) ;
#3969 = EDGE_CURVE ( 'NONE', #4164, #1778, #2450, .T. ) ;
#3970 = CARTESIAN_POINT ( 'NONE',  ( 120.1099999999999994, 4.000000000000000000, -11.50000000000000000 ) ) ;
#3971 = CYLINDRICAL_SURFACE ( 'NONE', #2937, 1.500000000000001332 ) ;
#3972 = CIRCLE ( 'NONE', #327, 1.500000000000001332 ) ;
#3973 = CARTESIAN_POINT ( 'NONE',  ( 29.00000000000000000, 0.000000000000000000, -120.5000000000000000 ) ) ;
#3974 = VECTOR ( 'NONE', #822, 1000.000000000000000 ) ;
#3975 = FACE_BOUND ( 'NONE', #3899, .T. ) ;
#3976 = DIRECTION ( 'NONE',  ( 0.000000000000000000, 1.000000000000000000, 0.000000000000000000 ) ) ;
#3977 = ADVANCED_FACE ( 'NONE', ( #1026 ), #3624, .T. ) ;
#3978 = CARTESIAN_POINT ( 'NONE',  ( 30.00000000000000000, 4.000000000000000000, 100.0000000000000000 ) ) ;
#3979 = ORIENTED_EDGE ( 'NONE', *, *, #2599, .F. ) ;
#3980 = EDGE_LOOP ( 'NONE', ( #2271, #4316, #408, #2498 ) ) ;
#3981 = CARTESIAN_POINT ( 'NONE',  ( 134.0000000000000000, 0.000000000000000000, 52.00000000000000000 ) ) ;
#3982 = ADVANCED_FACE ( 'NONE', ( #2600 ), #365, .F. ) ;
#3983 = DIRECTION ( 'NONE',  ( 0.000000000000000000, 1.000000000000000000, 0.000000000000000000 ) ) ;
#3984 = CARTESIAN_POINT ( 'NONE',  ( 124.8599999999999994, 4.000000000000000000, -3.500000000000000000 ) ) ;
#3985 = EDGE_CURVE ( 'NONE', #376, #4011, #1313, .T. ) ;
#3986 = ORIENTED_EDGE ( 'NONE', *, *, #2708, .T. ) ;
#3987 = CARTESIAN_POINT ( 'NONE',  ( 29.00000000000000000, 0.000000000000000000, -72.00000000000000000 ) ) ;
#3988 = DIRECTION ( 'NONE',  ( 0.000000000000000000, 0.000000000000000000, -1.000000000000000000 ) ) ;
#3989 = ORIENTED_EDGE ( 'NONE', *, *, #2547, .T. ) ;
#3990 = CIRCLE ( 'NONE', #2120, 1.500000000000001332 ) ;
#3991 = ORIENTED_EDGE ( 'NONE', *, *, #706, .T. ) ;
#3992 = CYLINDRICAL_SURFACE ( 'NONE', #1120, 1.500000000000000000 ) ;
#3993 = AXIS2_PLACEMENT_3D ( 'NONE', #3439, #443, #1702 ) ;
#3994 = CARTESIAN_POINT ( 'NONE',  ( 30.00000000000000000, 4.000000000000000000, 100.0000000000000000 ) ) ;
#3995 = DIRECTION ( 'NONE',  ( 0.000000000000000000, 0.000000000000000000, -1.000000000000000000 ) ) ;
#3996 = ORIENTED_EDGE ( 'NONE', *, *, #3483, .F. ) ;
#3997 = DIRECTION ( 'NONE',  ( 0.000000000000000000, 0.000000000000000000, 1.000000000000000000 ) ) ;
#3998 = VERTEX_POINT ( 'NONE', #3944 ) ;
#3999 = ORIENTED_EDGE ( 'NONE', *, *, #3869, .F. ) ;
#4000 = DIRECTION ( 'NONE',  ( 0.000000000000000000, 0.000000000000000000, 1.000000000000000000 ) ) ;
#4001 = CARTESIAN_POINT ( 'NONE',  ( 29.00000000000000000, 0.000000000000000000, -72.00000000000000000 ) ) ;
#4002 = CARTESIAN_POINT ( 'NONE',  ( 0.000000000000000000, 0.000000000000000000, -97.00000000000000000 ) ) ;
#4003 = FACE_OUTER_BOUND ( 'NONE', #3192, .T. ) ;
#4004 = DIRECTION ( 'NONE',  ( 0.000000000000000000, 0.000000000000000000, 1.000000000000000000 ) ) ;
#4005 = ORIENTED_EDGE ( 'NONE', *, *, #1527, .F. ) ;
#4006 = ORIENTED_EDGE ( 'NONE', *, *, #3658, .F. ) ;
#4007 = CARTESIAN_POINT ( 'NONE',  ( 15.00000000000000000, 4.000000000000000000, 51.50000000000000000 ) ) ;
#4008 = CARTESIAN_POINT ( 'NONE',  ( 36.00000000000000000, 0.000000000000000000, 79.00000000000000000 ) ) ;
#4009 = ORIENTED_EDGE ( 'NONE', *, *, #1646, .T. ) ;
#4010 = ORIENTED_EDGE ( 'NONE', *, *, #3149, .T. ) ;
#4011 = VERTEX_POINT ( 'NONE', #2958 ) ;
#4012 = APPLICATION_PROTOCOL_DEFINITION ( 'international standard', 'config_control_design', 1994, #1322 ) ;
#4013 = CARTESIAN_POINT ( 'NONE',  ( 45.00000000000000000, 4.000000000000000000, 30.00000000000000000 ) ) ;
#4014 = CARTESIAN_POINT ( 'NONE',  ( 36.00000000000000000, -6.000000000000000000, 121.0000000000000000 ) ) ;
#4015 = DIRECTION ( 'NONE',  ( -0.7071067811865435759, 0.000000000000000000, -0.7071067811865515695 ) ) ;
#4016 = VERTEX_POINT ( 'NONE', #2981 ) ;
#4017 = CARTESIAN_POINT ( 'NONE',  ( 15.00000000000000000, -6.000000000000000000, -50.00000000000000000 ) ) ;
#4018 = ORIENTED_EDGE ( 'NONE', *, *, #2818, .F. ) ;
#4019 = ORIENTED_EDGE ( 'NONE', *, *, #3538, .T. ) ;
#4020 = DIRECTION ( 'NONE',  ( 0.000000000000000000, 1.000000000000000000, 0.000000000000000000 ) ) ;
#4021 = CYLINDRICAL_SURFACE ( 'NONE', #3614, 6.000000000000005329 ) ;
#4022 = CARTESIAN_POINT ( 'NONE',  ( 134.0000000000000000, 4.000000000000000000, -52.00000000000000000 ) ) ;
#4023 = LINE ( 'NONE', #1359, #3840 ) ;
#4024 = AXIS2_PLACEMENT_3D ( 'NONE', #3387, #3464, #718 ) ;
#4025 = AXIS2_PLACEMENT_3D ( 'NONE', #222, #2852, #4244 ) ;
#4026 = CARTESIAN_POINT ( 'NONE',  ( 47.50000000000000000, 4.000000000000000000, 91.00000000000000000 ) ) ;
#4027 = DIRECTION ( 'NONE',  ( 0.000000000000000000, 1.000000000000000000, 0.000000000000000000 ) ) ;
#4028 = VERTEX_POINT ( 'NONE', #1288 ) ;
#4029 = DIRECTION ( 'NONE',  ( 0.000000000000000000, 1.000000000000000000, 0.000000000000000000 ) ) ;
#4030 = CARTESIAN_POINT ( 'NONE',  ( 139.0000000000000000, 4.000000000000000000, -38.00000000000000000 ) ) ;
#4031 = VERTEX_POINT ( 'NONE', #4283 ) ;
#4032 = EDGE_LOOP ( 'NONE', ( #1174, #382, #21, #3645 ) ) ;
#4033 = ORIENTED_EDGE ( 'NONE', *, *, #2896, .T. ) ;
#4034 = ADVANCED_FACE ( 'NONE', ( #335 ), #982, .F. ) ;
#4035 = AXIS2_PLACEMENT_3D ( 'NONE', #1803, #3130, #152 ) ;
#4036 = DIRECTION ( 'NONE',  ( 0.000000000000000000, 0.000000000000000000, 1.000000000000000000 ) ) ;
#4037 = DIRECTION ( 'NONE',  ( -1.284980352575411713E-16, 0.000000000000000000, 1.000000000000000000 ) ) ;
#4038 = CARTESIAN_POINT ( 'NONE',  ( 15.00000000000000000, -6.000000000000000000, 50.00000000000000000 ) ) ;
#4039 = AXIS2_PLACEMENT_3D ( 'NONE', #1921, #2575, #2209 ) ;
#4040 = PLANE ( 'NONE',  #3960 ) ;
#4041 = EDGE_LOOP ( 'NONE', ( #3692, #4019, #1776, #2998 ) ) ;
#4042 = CARTESIAN_POINT ( 'NONE',  ( 24.50000000000000000, 4.000000000000000000, 130.2500000000000000 ) ) ;
#4043 = AXIS2_PLACEMENT_3D ( 'NONE', #2746, #2011, #3100 ) ;
#4044 = EDGE_CURVE ( 'NONE', #1802, #1553, #1668, .T. ) ;
#4045 = ORIENTED_EDGE ( 'NONE', *, *, #2848, .T. ) ;
#4046 = ORIENTED_EDGE ( 'NONE', *, *, #1794, .F. ) ;
#4047 = DIRECTION ( 'NONE',  ( 0.000000000000000000, 1.000000000000000000, 0.000000000000000000 ) ) ;
#4048 = FACE_BOUND ( 'NONE', #3518, .T. ) ;
#4049 = EDGE_CURVE ( 'NONE', #4028, #336, #2986, .T. ) ;
#4050 = DIRECTION ( 'NONE',  ( 0.000000000000000000, 0.000000000000000000, -1.000000000000000000 ) ) ;
#4051 = AXIS2_PLACEMENT_3D ( 'NONE', #2081, #4126, #4149 ) ;
#4052 = CARTESIAN_POINT ( 'NONE',  ( 37.50000000000000000, 4.000000000000000000, 128.5000000000000000 ) ) ;
#4053 = EDGE_CURVE ( 'NONE', #2928, #4169, #923, .T. ) ;
#4054 = CARTESIAN_POINT ( 'NONE',  ( 24.50000000000000000, 4.000000000000000000, 72.25000000000000000 ) ) ;
#4055 = VECTOR ( 'NONE', #1072, 1000.000000000000000 ) ;
#4056 = DIRECTION ( 'NONE',  ( 0.000000000000000000, 1.000000000000000000, 0.000000000000000000 ) ) ;
#4057 = DIRECTION ( 'NONE',  ( 0.000000000000000000, 1.000000000000000000, 0.000000000000000000 ) ) ;
#4058 = EDGE_LOOP ( 'NONE', ( #824, #3834, #2656, #4300 ) ) ;
#4059 = DIRECTION ( 'NONE',  ( 0.000000000000000000, 1.000000000000000000, 0.000000000000000000 ) ) ;
#4060 = FACE_OUTER_BOUND ( 'NONE', #3312, .T. ) ;
#4061 = EDGE_LOOP ( 'NONE', ( #2673, #595, #602, #302 ) ) ;
#4062 = VERTEX_POINT ( 'NONE', #3691 ) ;
#4063 = ORIENTED_EDGE ( 'NONE', *, *, #1972, .F. ) ;
#4064 = VECTOR ( 'NONE', #2164, 1000.000000000000000 ) ;
#4065 =( NAMED_UNIT ( * ) PLANE_ANGLE_UNIT ( ) SI_UNIT ( $, .RADIAN. ) );
#4066 = EDGE_LOOP ( 'NONE', ( #528, #3036, #887, #2050 ) ) ;
#4067 = FACE_OUTER_BOUND ( 'NONE', #4178, .T. ) ;
#4068 = CYLINDRICAL_SURFACE ( 'NONE', #2742, 1.500000000000001332 ) ;
#4069 = CYLINDRICAL_SURFACE ( 'NONE', #3557, 1.500000000000001332 ) ;
#4070 = AXIS2_PLACEMENT_3D ( 'NONE', #1918, #2296, #247 ) ;
#4071 = EDGE_LOOP ( 'NONE', ( #1857, #3891 ) ) ;
#4072 = AXIS2_PLACEMENT_3D ( 'NONE', #1198, #1888, #134 ) ;
#4073 = CYLINDRICAL_SURFACE ( 'NONE', #4318, 1.500000000000001332 ) ;
#4074 = VERTEX_POINT ( 'NONE', #1303 ) ;
#4075 = ORIENTED_EDGE ( 'NONE', *, *, #3969, .T. ) ;
#4076 = DIRECTION ( 'NONE',  ( 1.000000000000000000, 0.000000000000000000, 0.000000000000000000 ) ) ;
#4077 = FACE_BOUND ( 'NONE', #2257, .T. ) ;
#4078 = CIRCLE ( 'NONE', #3641, 1.500000000000001332 ) ;
#4079 = EDGE_CURVE ( 'NONE', #1196, #106, #2636, .T. ) ;
#4080 = DIRECTION ( 'NONE',  ( 0.000000000000000000, 1.000000000000000000, 0.000000000000000000 ) ) ;
#4081 = CARTESIAN_POINT ( 'NONE',  ( -3.876209698044729818E-14, 0.000000000000000000, 135.0000000000000000 ) ) ;
#4082 = CARTESIAN_POINT ( 'NONE',  ( 134.0000000000000000, 0.000000000000000000, 38.00000000000000000 ) ) ;
#4083 = CARTESIAN_POINT ( 'NONE',  ( 80.10999999999999943, 4.000000000000000000, 11.50000000000000000 ) ) ;
#4084 = ORIENTED_EDGE ( 'NONE', *, *, #2295, .F. ) ;
#4085 = EDGE_CURVE ( 'NONE', #2850, #651, #1353, .T. ) ;
#4086 = CARTESIAN_POINT ( 'NONE',  ( 41.50000000000000000, 4.000000000000000000, 129.0000000000000000 ) ) ;
#4087 = CARTESIAN_POINT ( 'NONE',  ( 110.0000000000000000, 0.000000000000000000, -70.50000000000000000 ) ) ;
#4088 = ORIENTED_EDGE ( 'NONE', *, *, #1483, .T. ) ;
#4089 = ORIENTED_EDGE ( 'NONE', *, *, #2214, .F. ) ;
#4090 = ORIENTED_EDGE ( 'NONE', *, *, #3948, .F. ) ;
#4091 = APPLICATION_PROTOCOL_DEFINITION ( 'international standard', 'config_control_design', 1994, #71 ) ;
#4092 = VERTEX_POINT ( 'NONE', #3603 ) ;
#4093 = LINE ( 'NONE', #4013, #4193 ) ;
#4094 = LINE ( 'NONE', #1804, #1628 ) ;
#4095 = CARTESIAN_POINT ( 'NONE',  ( 30.00000000000000000, -6.000000000000000000, 100.0000000000000000 ) ) ;
#4096 = ORIENTED_EDGE ( 'NONE', *, *, #1156, .F. ) ;
#4097 = LINE ( 'NONE', #3769, #2297 ) ;
#4098 = VERTEX_POINT ( 'NONE', #3491 ) ;
#4099 = ORIENTED_EDGE ( 'NONE', *, *, #581, .T. ) ;
#4100 = VERTEX_POINT ( 'NONE', #745 ) ;
#4101 = DIRECTION ( 'NONE',  ( 0.000000000000000000, 0.000000000000000000, -1.000000000000000000 ) ) ;
#4102 = DIRECTION ( 'NONE',  ( 0.000000000000000000, 1.000000000000000000, 0.000000000000000000 ) ) ;
#4103 = EDGE_CURVE ( 'NONE', #1873, #855, #3276, .T. ) ;
#4104 = CARTESIAN_POINT ( 'NONE',  ( 80.00000000000000000, 0.000000000000000000, -73.50000000000000000 ) ) ;
#4105 = DIRECTION ( 'NONE',  ( 0.000000000000000000, 0.000000000000000000, 1.000000000000000000 ) ) ;
#4106 = DIRECTION ( 'NONE',  ( 0.000000000000000000, 0.000000000000000000, 1.000000000000000000 ) ) ;
#4107 = LINE ( 'NONE', #1693, #3094 ) ;
#4108 = ORIENTED_EDGE ( 'NONE', *, *, #3511, .T. ) ;
#4109 = CARTESIAN_POINT ( 'NONE',  ( 80.00000000000000000, 0.000000000000000000, -73.50000000000000000 ) ) ;
#4110 = ORIENTED_EDGE ( 'NONE', *, *, #1854, .F. ) ;
#4111 = VECTOR ( 'NONE', #1644, 1000.000000000000000 ) ;
#4112 = ORIENTED_EDGE ( 'NONE', *, *, #2456, .T. ) ;
#4113 = VERTEX_POINT ( 'NONE', #2485 ) ;
#4114 = CARTESIAN_POINT ( 'NONE',  ( 0.000000000000000000, 0.000000000000000000, 0.000000000000000000 ) ) ;
#4115 = ADVANCED_FACE ( 'NONE', ( #467 ), #1082, .F. ) ;
#4116 = ORIENTED_EDGE ( 'NONE', *, *, #1493, .F. ) ;
#4117 = AXIS2_PLACEMENT_3D ( 'NONE', #1434, #167, #1840 ) ;
#4118 = CC_DESIGN_PERSON_AND_ORGANIZATION_ASSIGNMENT ( #684, #2147, ( #892 ) ) ;
#4119 = DIRECTION ( 'NONE',  ( 0.000000000000000000, 1.000000000000000000, 0.000000000000000000 ) ) ;
#4120 = FACE_OUTER_BOUND ( 'NONE', #409, .T. ) ;
#4121 = EDGE_CURVE ( 'NONE', #2668, #2000, #3623, .T. ) ;
#4122 = DIRECTION ( 'NONE',  ( 0.000000000000000000, 0.000000000000000000, 1.000000000000000000 ) ) ;
#4123 = VECTOR ( 'NONE', #2232, 1000.000000000000000 ) ;
#4124 = AXIS2_PLACEMENT_3D ( 'NONE', #2603, #1232, #2555 ) ;
#4125 = VERTEX_POINT ( 'NONE', #1158 ) ;
#4126 = DIRECTION ( 'NONE',  ( 0.000000000000000000, -1.000000000000000000, 0.000000000000000000 ) ) ;
#4127 = EDGE_LOOP ( 'NONE', ( #3626, #3794, #4010, #3706, #2831 ) ) ;
#4128 = VERTEX_POINT ( 'NONE', #2106 ) ;
#4129 = DIRECTION ( 'NONE',  ( 0.000000000000000000, 1.000000000000000000, 0.000000000000000000 ) ) ;
#4130 = CIRCLE ( 'NONE', #2230, 6.000000000000005329 ) ;
#4131 = EDGE_CURVE ( 'NONE', #855, #3702, #1731, .T. ) ;
#4132 = CYLINDRICAL_SURFACE ( 'NONE', #3236, 1.500000000000001332 ) ;
#4133 = AXIS2_PLACEMENT_3D ( 'NONE', #811, #3574, #2216 ) ;
#4134 = DIRECTION ( 'NONE',  ( 0.000000000000000000, 1.000000000000000000, 0.000000000000000000 ) ) ;
#4135 = AXIS2_PLACEMENT_3D ( 'NONE', #2001, #2310, #3337 ) ;
#4136 = CYLINDRICAL_SURFACE ( 'NONE', #4194, 1.500000000000000000 ) ;
#4137 = CARTESIAN_POINT ( 'NONE',  ( 36.00000000000000000, 0.000000000000000000, 79.00000000000000000 ) ) ;
#4138 = DIRECTION ( 'NONE',  ( 0.000000000000000000, 1.000000000000000000, 0.000000000000000000 ) ) ;
#4139 = EDGE_LOOP ( 'NONE', ( #2055, #2070 ) ) ;
#4140 = ORIENTED_EDGE ( 'NONE', *, *, #1140, .F. ) ;
#4141 = ORIENTED_EDGE ( 'NONE', *, *, #1642, .T. ) ;
#4142 = EDGE_CURVE ( 'NONE', #2127, #516, #3778, .T. ) ;
#4143 = PERSON_AND_ORGANIZATION_ROLE ( 'creator' ) ;
#4144 = ORIENTED_EDGE ( 'NONE', *, *, #3219, .T. ) ;
#4145 = DIRECTION ( 'NONE',  ( 0.000000000000000000, 0.000000000000000000, 1.000000000000000000 ) ) ;
#4146 = DIRECTION ( 'NONE',  ( 0.000000000000000000, 0.000000000000000000, 1.000000000000000000 ) ) ;
#4147 = DIRECTION ( 'NONE',  ( 0.000000000000000000, 0.000000000000000000, 1.000000000000000000 ) ) ;
#4148 = ORIENTED_EDGE ( 'NONE', *, *, #943, .T. ) ;
#4149 = DIRECTION ( 'NONE',  ( 0.000000000000000000, 0.000000000000000000, 1.000000000000000000 ) ) ;
#4150 = ORIENTED_EDGE ( 'NONE', *, *, #2547, .F. ) ;
#4151 = ORIENTED_EDGE ( 'NONE', *, *, #1577, .T. ) ;
#4152 = LINE ( 'NONE', #1836, #1457 ) ;
#4153 = VECTOR ( 'NONE', #2880, 1000.000000000000000 ) ;
#4154 = DIRECTION ( 'NONE',  ( 0.000000000000000000, 1.000000000000000000, 0.000000000000000000 ) ) ;
#4155 = EDGE_CURVE ( 'NONE', #2775, #873, #3466, .T. ) ;
#4156 = CIRCLE ( 'NONE', #1777, 1.500000000000001332 ) ;
#4157 = ORIENTED_EDGE ( 'NONE', *, *, #4121, .F. ) ;
#4158 = DIRECTION ( 'NONE',  ( -1.000000000000000000, 0.000000000000000000, 0.000000000000000000 ) ) ;
#4159 = DIRECTION ( 'NONE',  ( 0.000000000000000000, 0.000000000000000000, 1.000000000000000000 ) ) ;
#4160 = DIRECTION ( 'NONE',  ( 0.000000000000000000, 1.000000000000000000, 0.000000000000000000 ) ) ;
#4161 = ORIENTED_EDGE ( 'NONE', *, *, #644, .F. ) ;
#4162 = ORIENTED_EDGE ( 'NONE', *, *, #807, .F. ) ;
#4163 = ORIENTED_EDGE ( 'NONE', *, *, #737, .F. ) ;
#4164 = VERTEX_POINT ( 'NONE', #1427 ) ;
#4165 = DIRECTION ( 'NONE',  ( 0.000000000000000000, 1.000000000000000000, 0.000000000000000000 ) ) ;
#4166 = CARTESIAN_POINT ( 'NONE',  ( 110.0000000000000000, 0.000000000000000000, -70.50000000000000000 ) ) ;
#4167 = CARTESIAN_POINT ( 'NONE',  ( 15.00000000000000000, -6.000000000000000000, 86.50000000000000000 ) ) ;
#4168 = ORIENTED_EDGE ( 'NONE', *, *, #4044, .F. ) ;
#4169 = VERTEX_POINT ( 'NONE', #4042 ) ;
#4170 = ORIENTED_EDGE ( 'NONE', *, *, #1266, .T. ) ;
#4171 = DIRECTION ( 'NONE',  ( 0.000000000000000000, 0.000000000000000000, 1.000000000000000000 ) ) ;
#4172 = CARTESIAN_POINT ( 'NONE',  ( 50.84314575050770202, 4.000000000000000000, -56.50000000000000000 ) ) ;
#4173 = EDGE_CURVE ( 'NONE', #1699, #659, #1784, .T. ) ;
#4174 = ORIENTED_EDGE ( 'NONE', *, *, #613, .F. ) ;
#4175 = CARTESIAN_POINT ( 'NONE',  ( 14.99999999999986144, 0.000000000000000000, -130.0000000000000000 ) ) ;
#4176 = DIRECTION ( 'NONE',  ( 0.000000000000000000, 0.000000000000000000, 1.000000000000000000 ) ) ;
#4177 = DIRECTION ( 'NONE',  ( 0.000000000000000000, 0.000000000000000000, 1.000000000000000000 ) ) ;
#4178 = EDGE_LOOP ( 'NONE', ( #2071, #1375, #1843, #2300 ) ) ;
#4179 = ORIENTED_EDGE ( 'NONE', *, *, #2345, .T. ) ;
#4180 = ORIENTED_EDGE ( 'NONE', *, *, #1402, .T. ) ;
#4181 = ORIENTED_EDGE ( 'NONE', *, *, #1932, .T. ) ;
#4182 = CARTESIAN_POINT ( 'NONE',  ( 129.0000000000000000, 4.000000000000000000, 38.00000000000000000 ) ) ;
#4183 = VECTOR ( 'NONE', #362, 1000.000000000000000 ) ;
#4184 = DIRECTION ( 'NONE',  ( 0.000000000000000000, 1.000000000000000000, 0.000000000000000000 ) ) ;
#4185 = CYLINDRICAL_SURFACE ( 'NONE', #960, 1.500000000000001332 ) ;
#4186 = EDGE_CURVE ( 'NONE', #3507, #2808, #1761, .T. ) ;
#4187 = AXIS2_PLACEMENT_3D ( 'NONE', #2385, #3391, #1086 ) ;
#4188 = AXIS2_PLACEMENT_3D ( 'NONE', #4172, #3965, #2890 ) ;
#4189 = ORIENTED_EDGE ( 'NONE', *, *, #248, .T. ) ;
#4190 = ORIENTED_EDGE ( 'NONE', *, *, #503, .F. ) ;
#4191 = CARTESIAN_POINT ( 'NONE',  ( 24.50000000000000000, -6.000000000000000000, 130.2500000000000000 ) ) ;
#4192 = CYLINDRICAL_SURFACE ( 'NONE', #400, 1.500000000000001332 ) ;
#4193 = VECTOR ( 'NONE', #1021, 1000.000000000000000 ) ;
#4194 = AXIS2_PLACEMENT_3D ( 'NONE', #3428, #860, #4159 ) ;
#4195 = EDGE_CURVE ( 'NONE', #1148, #3248, #3059, .T. ) ;
#4196 = AXIS2_PLACEMENT_3D ( 'NONE', #954, #4293, #3267 ) ;
#4197 = CIRCLE ( 'NONE', #1253, 4.999999999999997335 ) ;
#4198 = ORIENTED_EDGE ( 'NONE', *, *, #317, .F. ) ;
#4199 = ORIENTED_EDGE ( 'NONE', *, *, #950, .T. ) ;
#4200 = LINE ( 'NONE', #2187, #3878 ) ;
#4201 = LINE ( 'NONE', #3546, #1036 ) ;
#4202 = VECTOR ( 'NONE', #3042, 1000.000000000000000 ) ;
#4203 = LINE ( 'NONE', #2863, #3285 ) ;
#4204 = AXIS2_PLACEMENT_3D ( 'NONE', #456, #3588, #122 ) ;
#4205 = ADVANCED_FACE ( 'NONE', ( #113 ), #390, .F. ) ;
#4206 = VERTEX_POINT ( 'NONE', #3715 ) ;
#4207 = VECTOR ( 'NONE', #1054, 1000.000000000000000 ) ;
#4208 = DATE_AND_TIME ( #481, #976 ) ;
#4209 = VERTEX_POINT ( 'NONE', #2435 ) ;
#4210 = CARTESIAN_POINT ( 'NONE',  ( 80.00000000000000000, 4.000000000000000000, -70.50000000000000000 ) ) ;
#4211 = CARTESIAN_POINT ( 'NONE',  ( 139.0000000000000000, 0.000000000000000000, 38.00000000000000000 ) ) ;
#4212 = CARTESIAN_POINT ( 'NONE',  ( 79.10999999999999943, 4.000000000000000000, -11.50000000000000000 ) ) ;
#4213 = ORIENTED_EDGE ( 'NONE', *, *, #3548, .T. ) ;
#4214 = CARTESIAN_POINT ( 'NONE',  ( 24.50000000000000000, -6.000000000000000000, 71.00000000000000000 ) ) ;
#4215 = DIRECTION ( 'NONE',  ( 0.000000000000000000, 1.000000000000000000, 0.000000000000000000 ) ) ;
#4216 = CARTESIAN_POINT ( 'NONE',  ( 14.99999999999986144, -6.000000000000000000, -131.5000000000000000 ) ) ;
#4217 = CIRCLE ( 'NONE', #2030, 6.000000000000005329 ) ;
#4218 = EDGE_LOOP ( 'NONE', ( #1352, #245 ) ) ;
#4219 = CARTESIAN_POINT ( 'NONE',  ( 120.1099999999999994, 4.000000000000000000, 11.50000000000000000 ) ) ;
#4220 = CARTESIAN_POINT ( 'NONE',  ( 30.00000000000000000, 0.000000000000000000, 98.50000000000000000 ) ) ;
#4221 = CIRCLE ( 'NONE', #161, 1.499999999999982236 ) ;
#4222 = DIRECTION ( 'NONE',  ( 0.000000000000000000, 0.000000000000000000, 1.000000000000000000 ) ) ;
#4223 = AXIS2_PLACEMENT_3D ( 'NONE', #3170, #3499, #187 ) ;
#4224 = AXIS2_PLACEMENT_3D ( 'NONE', #3864, #3201, #908 ) ;
#4225 = EDGE_CURVE ( 'NONE', #2479, #2728, #31, .T. ) ;
#4226 = EDGE_LOOP ( 'NONE', ( #1450, #543 ) ) ;
#4227 = DIRECTION ( 'NONE',  ( -0.000000000000000000, -0.000000000000000000, -1.000000000000000000 ) ) ;
#4228 = DIRECTION ( 'NONE',  ( 0.000000000000000000, 1.000000000000000000, 0.000000000000000000 ) ) ;
#4229 = DIRECTION ( 'NONE',  ( 0.000000000000000000, 0.000000000000000000, -1.000000000000000000 ) ) ;
#4230 = EDGE_CURVE ( 'NONE', #336, #2458, #1477, .T. ) ;
#4231 = ORIENTED_EDGE ( 'NONE', *, *, #891, .T. ) ;
#4232 = DIRECTION ( 'NONE',  ( 0.000000000000000000, -1.000000000000000000, 0.000000000000000000 ) ) ;
#4233 = CARTESIAN_POINT ( 'NONE',  ( 80.00000000000000000, 0.000000000000000000, 70.50000000000000000 ) ) ;
#4234 = DIRECTION ( 'NONE',  ( 0.000000000000000000, 1.000000000000000000, 0.000000000000000000 ) ) ;
#4235 = ORIENTED_EDGE ( 'NONE', *, *, #3985, .T. ) ;
#4236 = DIRECTION ( 'NONE',  ( 0.000000000000000000, 0.000000000000000000, 1.000000000000000000 ) ) ;
#4237 = FACE_OUTER_BOUND ( 'NONE', #375, .T. ) ;
#4238 = CARTESIAN_POINT ( 'NONE',  ( 30.00000000000000000, 4.000000000000000000, 116.5000000000000000 ) ) ;
#4239 = FACE_OUTER_BOUND ( 'NONE', #2185, .T. ) ;
#4240 = EDGE_CURVE ( 'NONE', #2136, #2436, #3136, .T. ) ;
#4241 = ORIENTED_EDGE ( 'NONE', *, *, #999, .F. ) ;
#4242 = CARTESIAN_POINT ( 'NONE',  ( 110.0000000000000000, 4.000000000000000000, 70.50000000000000000 ) ) ;
#4243 = EDGE_CURVE ( 'NONE', #1075, #3481, #4097, .T. ) ;
#4244 = DIRECTION ( 'NONE',  ( 0.000000000000000000, 0.000000000000000000, 1.000000000000000000 ) ) ;
#4245 = AXIS2_PLACEMENT_3D ( 'NONE', #2908, #1227, #519 ) ;
#4246 = EDGE_CURVE ( 'NONE', #2879, #3719, #3152, .T. ) ;
#4247 = DIRECTION ( 'NONE',  ( 0.000000000000000000, 1.000000000000000000, 0.000000000000000000 ) ) ;
#4248 = EDGE_CURVE ( 'NONE', #2425, #1733, #2806, .T. ) ;
#4249 = VERTEX_POINT ( 'NONE', #2056 ) ;
#4250 = AXIS2_PLACEMENT_3D ( 'NONE', #493, #2506, #3888 ) ;
#4251 = DIRECTION ( 'NONE',  ( 0.000000000000000000, 1.000000000000000000, 0.000000000000000000 ) ) ;
#4252 = CIRCLE ( 'NONE', #3215, 0.9999999999999991118 ) ;
#4253 = CARTESIAN_POINT ( 'NONE',  ( 15.00000000000000000, -6.000000000000000000, 116.5000000000000000 ) ) ;
#4254 = CIRCLE ( 'NONE', #676, 1.500000000000001332 ) ;
#4255 = AXIS2_PLACEMENT_3D ( 'NONE', #1621, #623, #2270 ) ;
#4256 = DIRECTION ( 'NONE',  ( 0.000000000000000000, 0.000000000000000000, -1.000000000000000000 ) ) ;
#4257 = DIRECTION ( 'NONE',  ( 0.000000000000000000, 1.000000000000000000, 0.000000000000000000 ) ) ;
#4258 = ORGANIZATION ( 'æœª', 'æœª', '' ) ;
#4259 = ADVANCED_FACE ( 'NONE', ( #2734 ), #4073, .F. ) ;
#4260 = ORIENTED_EDGE ( 'NONE', *, *, #2415, .F. ) ;
#4261 = DIRECTION ( 'NONE',  ( 0.000000000000000000, 1.000000000000000000, 0.000000000000000000 ) ) ;
#4262 = EDGE_CURVE ( 'NONE', #4315, #1331, #2829, .T. ) ;
#4263 = DIRECTION ( 'NONE',  ( 0.000000000000000000, 1.000000000000000000, 0.000000000000000000 ) ) ;
#4264 = CARTESIAN_POINT ( 'NONE',  ( 30.00000000000000000, 4.000000000000000000, 85.00000000000000000 ) ) ;
#4265 = DIRECTION ( 'NONE',  ( 0.000000000000000000, 1.000000000000000000, 0.000000000000000000 ) ) ;
#4266 = EDGE_CURVE ( 'NONE', #549, #2323, #2999, .T. ) ;
#4267 = ORIENTED_EDGE ( 'NONE', *, *, #3089, .F. ) ;
#4268 = EDGE_LOOP ( 'NONE', ( #2680, #1235, #2786, #3524 ) ) ;
#4269 = VECTOR ( 'NONE', #895, 1000.000000000000000 ) ;
#4270 = EDGE_CURVE ( 'NONE', #2710, #1694, #3570, .T. ) ;
#4271 = LINE ( 'NONE', #1583, #2627 ) ;
#4272 = VECTOR ( 'NONE', #2572, 1000.000000000000000 ) ;
#4273 = CYLINDRICAL_SURFACE ( 'NONE', #932, 1.500000000000001332 ) ;
#4274 = AXIS2_PLACEMENT_3D ( 'NONE', #1922, #1576, #3252 ) ;
#4275 = CIRCLE ( 'NONE', #230, 1.500000000000001332 ) ;
#4276 = CARTESIAN_POINT ( 'NONE',  ( 0.000000000000000000, 0.000000000000000000, 54.00000000000000000 ) ) ;
#4277 = FACE_OUTER_BOUND ( 'NONE', #1845, .T. ) ;
#4278 = VERTEX_POINT ( 'NONE', #3357 ) ;
#4279 = LINE ( 'NONE', #3572, #4309 ) ;
#4280 = FACE_BOUND ( 'NONE', #4218, .T. ) ;
#4281 = DIRECTION ( 'NONE',  ( 0.000000000000000000, 1.000000000000000000, 0.000000000000000000 ) ) ;
#4282 = EDGE_CURVE ( 'NONE', #1719, #3297, #2019, .T. ) ;
#4283 = CARTESIAN_POINT ( 'NONE',  ( 145.0000000000000000, 4.000000000000000000, 75.00000000000000000 ) ) ;
#4284 = VERTEX_POINT ( 'NONE', #1048 ) ;
#4285 = VERTEX_POINT ( 'NONE', #2073 ) ;
#4286 = FACE_OUTER_BOUND ( 'NONE', #2152, .T. ) ;
#4287 = EDGE_CURVE ( 'NONE', #92, #226, #2346, .T. ) ;
#4288 = EDGE_CURVE ( 'NONE', #4315, #1898, #358, .T. ) ;
#4289 = CARTESIAN_POINT ( 'NONE',  ( 36.00000000000000000, -6.000000000000000000, 121.0000000000000000 ) ) ;
#4290 = CARTESIAN_POINT ( 'NONE',  ( 30.00000000000000000, 4.000000000000000000, 50.00000000000000000 ) ) ;
#4291 = ORIENTED_EDGE ( 'NONE', *, *, #26, .T. ) ;
#4292 = EDGE_CURVE ( 'NONE', #2819, #1838, #3343, .T. ) ;
#4293 = DIRECTION ( 'NONE',  ( 0.000000000000000000, 1.000000000000000000, 0.000000000000000000 ) ) ;
#4294 = DIRECTION ( 'NONE',  ( 0.000000000000000000, 0.000000000000000000, 1.000000000000000000 ) ) ;
#4295 = DIRECTION ( 'NONE',  ( 0.000000000000000000, 0.000000000000000000, 1.000000000000000000 ) ) ;
#4296 = FACE_BOUND ( 'NONE', #642, .T. ) ;
#4297 = EDGE_CURVE ( 'NONE', #719, #2819, #738, .T. ) ;
#4298 = DIRECTION ( 'NONE',  ( 0.000000000000000000, 1.000000000000000000, 0.000000000000000000 ) ) ;
#4299 = DIRECTION ( 'NONE',  ( 0.000000000000000000, 0.000000000000000000, 1.000000000000000000 ) ) ;
#4300 = ORIENTED_EDGE ( 'NONE', *, *, #1854, .T. ) ;
#4301 = EDGE_LOOP ( 'NONE', ( #3188, #3419 ) ) ;
#4302 = VECTOR ( 'NONE', #3041, 1000.000000000000000 ) ;
#4303 = DIRECTION ( 'NONE',  ( 0.000000000000000000, 1.000000000000000000, 0.000000000000000000 ) ) ;
#4304 = EDGE_CURVE ( 'NONE', #3112, #1014, #3916, .T. ) ;
#4305 = VECTOR ( 'NONE', #2110, 1000.000000000000000 ) ;
#4306 = AXIS2_PLACEMENT_3D ( 'NONE', #1555, #2911, #2273 ) ;
#4307 = LINE ( 'NONE', #4253, #3008 ) ;
#4308 = DIRECTION ( 'NONE',  ( 0.000000000000000000, 1.000000000000000000, 0.000000000000000000 ) ) ;
#4309 = VECTOR ( 'NONE', #956, 1000.000000000000000 ) ;
#4310 = EDGE_LOOP ( 'NONE', ( #1314, #3996, #1365, #3644 ) ) ;
#4311 = VECTOR ( 'NONE', #3350, 1000.000000000000000 ) ;
#4312 = VECTOR ( 'NONE', #2978, 1000.000000000000000 ) ;
#4313 = DIRECTION ( 'NONE',  ( 0.000000000000000000, 1.000000000000000000, 0.000000000000000000 ) ) ;
#4314 = FACE_OUTER_BOUND ( 'NONE', #704, .T. ) ;
#4315 = VERTEX_POINT ( 'NONE', #25 ) ;
#4316 = ORIENTED_EDGE ( 'NONE', *, *, #388, .F. ) ;
#4317 = DIRECTION ( 'NONE',  ( 0.000000000000000000, 1.000000000000000000, 0.000000000000000000 ) ) ;
#4318 = AXIS2_PLACEMENT_3D ( 'NONE', #1832, #157, #3161 ) ;
#4319 = FACE_BOUND ( 'NONE', #3676, .T. ) ;
#4320 = CARTESIAN_POINT ( 'NONE',  ( 15.00000000000000000, -6.000000000000000000, 51.50000000000000000 ) ) ;
#4321 = ORIENTED_EDGE ( 'NONE', *, *, #4195, .T. ) ;
#4322 = DIRECTION ( 'NONE',  ( 0.000000000000000000, 0.000000000000000000, -1.000000000000000000 ) ) ;
#4323 = ORIENTED_EDGE ( 'NONE', *, *, #560, .F. ) ;
#4324 = ORIENTED_EDGE ( 'NONE', *, *, #3288, .T. ) ;
#4325 = CARTESIAN_POINT ( 'NONE',  ( 75.35999999999999943, -6.000000000000000000, -3.500000000000000000 ) ) ;
#4326 = DIRECTION ( 'NONE',  ( 0.000000000000000000, 0.000000000000000000, 1.000000000000000000 ) ) ;
#4327 = DIRECTION ( 'NONE',  ( 0.000000000000000000, 1.000000000000000000, 0.000000000000000000 ) ) ;
#4328 = LINE ( 'NONE', #3649, #545 ) ;
#4329 = CIRCLE ( 'NONE', #223, 1.500000000000001332 ) ;
#4330 = CARTESIAN_POINT ( 'NONE',  ( 47.50000000000000000, 4.000000000000000000, -129.0000000000000000 ) ) ;
#4331 = VERTEX_POINT ( 'NONE', #1347 ) ;
#4332 = AXIS2_PLACEMENT_3D ( 'NONE', #3853, #2493, #862 ) ;
#4333 = DIRECTION ( 'NONE',  ( 0.000000000000000000, 1.000000000000000000, 0.000000000000000000 ) ) ;
#4334 = DIRECTION ( 'NONE',  ( 0.7071067811865455743, 0.000000000000000000, 0.7071067811865495711 ) ) ;
#4335 = VERTEX_POINT ( 'NONE', #383 ) ;
#4336 = AXIS2_PLACEMENT_3D ( 'NONE', #3327, #3680, #1673 ) ;
#4337 = ORIENTED_EDGE ( 'NONE', *, *, #3454, .T. ) ;
#4338 = AXIS2_PLACEMENT_3D ( 'NONE', #2444, #1336, #2087 ) ;
#4339 = EDGE_LOOP ( 'NONE', ( #4063, #3461, #2517, #791, #1658, #2830, #89, #2496, #3241, #4170, #3493, #972, #148, #3354, #2258, #3150, #44, #1123, #1005, #2873, #3339, #1640, #3478, #1346, #1886, #3567 ) ) ;
ENDSEC;
END-ISO-10303-21;
