ISO-10303-21;
HEADER;
FILE_DESCRIPTION(('CATIA V5 STEP Exchange','CAx-IF Rec.Pracs.--- Composite Materials ---3.4---2017-06-13'),'2;1');

FILE_NAME('C:\\Users\\PH\\Desktop\\\X2\5DE5521B72696D418D446599\X0\\\1\X2\7ED367846A21578B53CA\X0\PCB\\\X2\7ED367846A21578B\X0\\\\X2\6253537090E84EF6\X0\\\congdonggudingjia3A1.stp','2026-05-17T17:22:25+00:00',('none'),('none'),'CATIA Version 5-6 Release 2021 SP7','CATIA V5 STEP AP203 v2','none');

FILE_SCHEMA(('CONFIG_CONTROL_DESIGN'));

ENDSEC;
DATA;
#5=PRODUCT('\X2\4ECE52A8540C6B658F6E56FA5B9A67B6\X0\3A1','\X2\4ECE52A8540C6B658F6E56FA5B9A67B6\X0\3A1','',(#2)) ;
#1=APPLICATION_CONTEXT('configuration controlled 3D design of mechanical parts and assemblies') ;
#14=PRODUCT_DEFINITION('\X2\93C8\X0\',' ',#6,#3) ;
#16=SECURITY_CLASSIFICATION(' ',' ',#15) ;
#15=SECURITY_CLASSIFICATION_LEVEL('unclassified') ;
#46=CARTESIAN_POINT(' ',(0.,0.,0.)) ;
#51=CARTESIAN_POINT('Axis2P3D Location',(-26.35,-24.25,-2.55)) ;
#56=CARTESIAN_POINT('Line Origine',(-26.35,-23.7767826876,-1.33226762955E-15)) ;
#60=CARTESIAN_POINT('Vertex',(-26.3499996639,-23.7767825372,-2.54999990676)) ;
#62=CARTESIAN_POINT('Vertex',(-26.3500000934,-23.7767825369,2.55000033662)) ;
#65=CARTESIAN_POINT('Line Origine',(-26.35,-5.76339134382,2.55)) ;
#69=CARTESIAN_POINT('Vertex',(-26.35,12.25,2.55)) ;
#72=CARTESIAN_POINT('Line Origine',(-26.35,12.25,2.47500000019)) ;
#76=CARTESIAN_POINT('Vertex',(-26.35,12.25,2.40000000037)) ;
#79=CARTESIAN_POINT('Line Origine',(-26.35,16.25,2.4)) ;
#83=CARTESIAN_POINT('Vertex',(-26.35,20.25,2.4)) ;
#86=CARTESIAN_POINT('Line Origine',(-26.35,20.25,-1.7763568394E-15)) ;
#90=CARTESIAN_POINT('Vertex',(-26.35,20.25,-2.4)) ;
#93=CARTESIAN_POINT('Line Origine',(-26.35,16.25,-2.4)) ;
#97=CARTESIAN_POINT('Vertex',(-26.35,12.25,-2.40000000037)) ;
#100=CARTESIAN_POINT('Line Origine',(-26.35,12.25,-2.47500000019)) ;
#104=CARTESIAN_POINT('Vertex',(-26.35,12.25,-2.55)) ;
#107=CARTESIAN_POINT('Line Origine',(-26.35,-5.76339134382,-2.55)) ;
#123=CARTESIAN_POINT('Axis2P3D Location',(-33.65,-24.25,2.55)) ;
#128=CARTESIAN_POINT('Line Origine',(-33.65,-5.76339134382,2.55)) ;
#132=CARTESIAN_POINT('Vertex',(-33.649999755,-23.7767822924,2.55000088286)) ;
#134=CARTESIAN_POINT('Vertex',(-33.65,12.25,2.55)) ;
#137=CARTESIAN_POINT('Line Origine',(-30.,12.25,2.55)) ;
#142=CARTESIAN_POINT('Line Origine',(-30.,-23.7767826876,2.55)) ;
#153=CARTESIAN_POINT('Axis2P3D Location',(-30.,-18.,2.55)) ;
#157=CARTESIAN_POINT('Vertex',(-31.,-18.,2.55)) ;
#159=CARTESIAN_POINT('Vertex',(-29.,-18.,2.55)) ;
#162=CARTESIAN_POINT('Axis2P3D Location',(-30.,-18.,2.55)) ;
#172=CARTESIAN_POINT('Axis2P3D Location',(-26.35,-24.25,-2.55)) ;
#177=CARTESIAN_POINT('Line Origine',(-30.,12.25,-2.55)) ;
#181=CARTESIAN_POINT('Vertex',(-33.65,12.25,-2.55)) ;
#184=CARTESIAN_POINT('Line Origine',(-33.65,-5.76339134382,-2.55)) ;
#188=CARTESIAN_POINT('Vertex',(-33.6500008836,-23.776782292,-2.54999975481)) ;
#191=CARTESIAN_POINT('Line Origine',(-30.,-23.7767826876,-2.55)) ;
#202=CARTESIAN_POINT('Axis2P3D Location',(-30.,-18.,-2.55)) ;
#206=CARTESIAN_POINT('Vertex',(-31.,-18.,-2.55)) ;
#208=CARTESIAN_POINT('Vertex',(-29.,-18.,-2.55)) ;
#211=CARTESIAN_POINT('Axis2P3D Location',(-30.,-18.,-2.55)) ;
#221=CARTESIAN_POINT('Axis2P3D Location',(-33.65,-24.25,2.55)) ;
#226=CARTESIAN_POINT('Line Origine',(-33.65,-23.7767826876,-1.7763568394E-15)) ;
#231=CARTESIAN_POINT('Line Origine',(-33.65,12.25,-2.47500000019)) ;
#235=CARTESIAN_POINT('Vertex',(-33.65,12.25,-2.40000000037)) ;
#238=CARTESIAN_POINT('Line Origine',(-33.65,16.25,-2.4)) ;
#242=CARTESIAN_POINT('Vertex',(-33.65,20.25,-2.4)) ;
#245=CARTESIAN_POINT('Line Origine',(-33.65,20.25,-1.7763568394E-15)) ;
#249=CARTESIAN_POINT('Vertex',(-33.65,20.25,2.4)) ;
#252=CARTESIAN_POINT('Line Origine',(-33.65,16.25,2.4)) ;
#256=CARTESIAN_POINT('Vertex',(-33.65,12.25,2.40000000037)) ;
#259=CARTESIAN_POINT('Line Origine',(-33.65,12.25,2.47500000019)) ;
#275=CARTESIAN_POINT('Axis2P3D Location',(-18.,3.75,17.65)) ;
#280=CARTESIAN_POINT('Axis2P3D Location',(-18.,9.25,17.65)) ;
#284=CARTESIAN_POINT('Vertex',(-16.5,9.25,17.65)) ;
#286=CARTESIAN_POINT('Vertex',(-19.5,9.25,17.65)) ;
#289=CARTESIAN_POINT('Line Origine',(-16.5,3.75,17.65)) ;
#293=CARTESIAN_POINT('Vertex',(-16.5,24.25,17.65)) ;
#296=CARTESIAN_POINT('Axis2P3D Location',(-18.,24.25,17.65)) ;
#300=CARTESIAN_POINT('Vertex',(-19.5,24.25,17.65)) ;
#303=CARTESIAN_POINT('Line Origine',(-19.5,3.75,17.65)) ;
#315=CARTESIAN_POINT('Axis2P3D Location',(-18.,9.25,17.65)) ;
#320=CARTESIAN_POINT('Axis2P3D Location',(-18.,24.25,17.65)) ;
#332=CARTESIAN_POINT('Axis2P3D Location',(-5.54362693149E-15,24.25,-3.0198581528E-31)) ;
#337=CARTESIAN_POINT('Line Origine',(19.1485507432,24.25,47.2454383317)) ;
#341=CARTESIAN_POINT('Vertex',(19.148550743,24.25,46.7892099973)) ;
#343=CARTESIAN_POINT('Vertex',(19.148550743,24.25,47.7016666662)) ;
#346=CARTESIAN_POINT('Axis2P3D Location',(16.1485507355,24.25,46.7892099994)) ;
#350=CARTESIAN_POINT('Vertex',(18.1757246279,24.25,44.5777475756)) ;
#353=CARTESIAN_POINT('Line Origine',(-1.50929900538,24.25,26.5331425779)) ;
#357=CARTESIAN_POINT('Vertex',(-21.1943226411,24.25,8.48853757901)) ;
#360=CARTESIAN_POINT('Axis2P3D Location',(-23.2214965244,24.25,10.6999999929)) ;
#364=CARTESIAN_POINT('Vertex',(-23.2214965262,24.25,7.69999999925)) ;
#367=CARTESIAN_POINT('Line Origine',(-25.3045454547,24.25,7.69999999925)) ;
#371=CARTESIAN_POINT('Vertex',(-27.3875943832,24.25,7.69999999925)) ;
#374=CARTESIAN_POINT('Axis2P3D Location',(-27.3875943821,24.25,10.7000000002)) ;
#378=CARTESIAN_POINT('Vertex',(-30.387594383,24.25,10.7)) ;
#381=CARTESIAN_POINT('Axis2P3D Location',(-27.3875943821,24.25,10.7000000002)) ;
#385=CARTESIAN_POINT('Vertex',(-29.4147682689,24.25,12.9114624202)) ;
#388=CARTESIAN_POINT('Line Origine',(-9.23204099573,24.25,31.4122957541)) ;
#392=CARTESIAN_POINT('Vertex',(10.9506862769,24.25,49.9131290872)) ;
#395=CARTESIAN_POINT('Axis2P3D Location',(12.977860164,24.25,47.7016666625)) ;
#399=CARTESIAN_POINT('Vertex',(12.977860162,24.25,50.7016666662)) ;
#402=CARTESIAN_POINT('Line Origine',(14.5632054526,24.25,50.7016666662)) ;
#406=CARTESIAN_POINT('Vertex',(16.1485507432,24.25,50.7016666662)) ;
#409=CARTESIAN_POINT('Axis2P3D Location',(16.1485507433,24.25,47.7016666663)) ;
#428=CARTESIAN_POINT('Control Point',(2.5,24.25,37.6500000004)) ;
#429=CARTESIAN_POINT('Control Point',(2.5,24.25,37.4700040837)) ;
#430=CARTESIAN_POINT('Control Point',(2.52699877499,24.25,37.2900088035)) ;
#431=CARTESIAN_POINT('Control Point',(2.58101259054,24.25,37.1153955507)) ;
#432=CARTESIAN_POINT('Control Point',(2.73971388722,24.25,36.7877911089)) ;
#433=CARTESIAN_POINT('Control Point',(2.98754594889,24.25,36.5211673884)) ;
#434=CARTESIAN_POINT('Control Point',(3.13071953163,24.25,36.4075513483)) ;
#435=CARTESIAN_POINT('Control Point',(3.4466807457,24.25,36.2267772278)) ;
#436=CARTESIAN_POINT('Control Point',(3.80177244911,24.25,36.1466596838)) ;
#437=CARTESIAN_POINT('Control Point',(3.98409115183,24.25,36.1337302033)) ;
#438=CARTESIAN_POINT('Control Point',(4.34693793815,24.25,36.1629360048)) ;
#439=CARTESIAN_POINT('Control Point',(4.68524553311,24.25,36.2973119982)) ;
#440=CARTESIAN_POINT('Control Point',(4.8430201927,24.25,36.3895857263)) ;
#441=CARTESIAN_POINT('Control Point',(5.12599973053,24.25,36.6185690209)) ;
#442=CARTESIAN_POINT('Control Point',(5.32934264315,24.25,36.9204971502)) ;
#443=CARTESIAN_POINT('Control Point',(5.40745802158,24.25,37.085740216)) ;
#444=CARTESIAN_POINT('Control Point',(5.47188483422,24.25,37.301261901)) ;
#445=CARTESIAN_POINT('Control Point',(5.49548532329,24.25,37.5226022555)) ;
#446=CARTESIAN_POINT('Control Point',(5.49849761926,24.25,37.5650798405)) ;
#447=CARTESIAN_POINT('Control Point',(5.5,24.25,37.6075399382)) ;
#448=CARTESIAN_POINT('Control Point',(5.5,24.25,37.6500000004)) ;
#449=CARTESIAN_POINT('Vertex',(2.5,24.25,37.65)) ;
#451=CARTESIAN_POINT('Vertex',(5.5,24.25,37.65)) ;
#455=CARTESIAN_POINT('Control Point',(5.5,24.25,37.6500000004)) ;
#456=CARTESIAN_POINT('Control Point',(5.5,24.25,37.8299959172)) ;
#457=CARTESIAN_POINT('Control Point',(5.47300122495,24.25,38.0099911976)) ;
#458=CARTESIAN_POINT('Control Point',(5.41898740964,24.25,38.1846044479)) ;
#459=CARTESIAN_POINT('Control Point',(5.26028611269,24.25,38.5122088903)) ;
#460=CARTESIAN_POINT('Control Point',(5.0124540504,24.25,38.7788326112)) ;
#461=CARTESIAN_POINT('Control Point',(4.86928046927,24.25,38.892448652)) ;
#462=CARTESIAN_POINT('Control Point',(4.55331925425,24.25,39.0732227731)) ;
#463=CARTESIAN_POINT('Control Point',(4.19822754963,24.25,39.1533403172)) ;
#464=CARTESIAN_POINT('Control Point',(4.01590884945,24.25,39.1662697957)) ;
#465=CARTESIAN_POINT('Control Point',(3.65306205906,24.25,39.137063994)) ;
#466=CARTESIAN_POINT('Control Point',(3.31475446056,24.25,39.0026879982)) ;
#467=CARTESIAN_POINT('Control Point',(3.15697981259,24.25,38.9104142769)) ;
#468=CARTESIAN_POINT('Control Point',(2.87400027116,24.25,38.6814309806)) ;
#469=CARTESIAN_POINT('Control Point',(2.67065735655,24.25,38.3795028482)) ;
#470=CARTESIAN_POINT('Control Point',(2.59254197857,24.25,38.2142597853)) ;
#471=CARTESIAN_POINT('Control Point',(2.5281151658,24.25,37.9987381)) ;
#472=CARTESIAN_POINT('Control Point',(2.50451467671,24.25,37.7773977453)) ;
#473=CARTESIAN_POINT('Control Point',(2.50150238074,24.25,37.7349201602)) ;
#474=CARTESIAN_POINT('Control Point',(2.5,24.25,37.6924600626)) ;
#475=CARTESIAN_POINT('Control Point',(2.5,24.25,37.6500000004)) ;
#486=CARTESIAN_POINT('Axis2P3D Location',(-2.45431247342E-15,9.25,3.14820186381E-15)) ;
#491=CARTESIAN_POINT('Line Origine',(-21.5,9.25,8.)) ;
#495=CARTESIAN_POINT('Vertex',(-19.,9.25,10.5)) ;
#497=CARTESIAN_POINT('Vertex',(-24.,9.25,5.5)) ;
#500=CARTESIAN_POINT('Line Origine',(0.0742753716186,9.25,27.9847524241)) ;
#504=CARTESIAN_POINT('Vertex',(19.1485507424,9.25,45.4695048472)) ;
#507=CARTESIAN_POINT('Axis2P3D Location',(20.5,9.25,43.9951965674)) ;
#511=CARTESIAN_POINT('Vertex',(20.5,9.25,45.9951965674)) ;
#514=CARTESIAN_POINT('Axis2P3D Location',(20.5,9.25,43.9951965674)) ;
#518=CARTESIAN_POINT('Vertex',(22.5,9.25,43.9951965678)) ;
#521=CARTESIAN_POINT('Line Origine',(22.5,9.25,52.2475982839)) ;
#525=CARTESIAN_POINT('Vertex',(22.5,9.25,60.5)) ;
#528=CARTESIAN_POINT('Line Origine',(-7.5,9.25,33.)) ;
#532=CARTESIAN_POINT('Vertex',(-37.5,9.25,5.5)) ;
#535=CARTESIAN_POINT('Line Origine',(-30.75,9.25,5.5)) ;
#553=CARTESIAN_POINT('Axis2P3D Location',(4.,9.25,37.6500000004)) ;
#557=CARTESIAN_POINT('Vertex',(2.5,9.25,37.65)) ;
#559=CARTESIAN_POINT('Vertex',(5.5,9.25,37.65)) ;
#562=CARTESIAN_POINT('Axis2P3D Location',(4.,9.25,37.6500000004)) ;
#572=CARTESIAN_POINT('Axis2P3D Location',(19.148550743,24.25,-3.0198581528E-31)) ;
#577=CARTESIAN_POINT('Line Origine',(19.148550743,12.25,47.2454383317)) ;
#581=CARTESIAN_POINT('Vertex',(19.148550743,12.25,46.7892099967)) ;
#583=CARTESIAN_POINT('Vertex',(19.1485507432,12.25,47.7016666662)) ;
#586=CARTESIAN_POINT('Line Origine',(19.148550743,18.25,46.7892099973)) ;
#591=CARTESIAN_POINT('Line Origine',(19.148550743,18.25,47.7016666662)) ;
#603=CARTESIAN_POINT('Axis2P3D Location',(16.148550743,9.25,46.7892099967)) ;
#608=CARTESIAN_POINT('Axis2P3D Location',(16.148550743,12.25,46.7892099967)) ;
#612=CARTESIAN_POINT('Vertex',(18.1757246293,12.25,44.5777475759)) ;
#615=CARTESIAN_POINT('Line Origine',(18.1757246285,9.25,44.5777475761)) ;
#627=CARTESIAN_POINT('Axis2P3D Location',(22.5,9.25,48.5416666667)) ;
#632=CARTESIAN_POINT('Line Origine',(18.6621376852,12.25,45.0236262114)) ;
#636=CARTESIAN_POINT('Vertex',(19.1485507432,12.25,45.4695048481)) ;
#639=CARTESIAN_POINT('Line Origine',(19.1485507424,10.75,45.4695048472)) ;
#644=CARTESIAN_POINT('Line Origine',(-19.0000000007,10.75,10.4999999994)) ;
#648=CARTESIAN_POINT('Vertex',(-19.,12.25,10.5)) ;
#651=CARTESIAN_POINT('Line Origine',(-20.0971613209,12.25,9.49426878919)) ;
#655=CARTESIAN_POINT('Vertex',(-21.1943226407,12.25,8.4885375794)) ;
#658=CARTESIAN_POINT('Line Origine',(-21.1943226411,18.25,8.48853757901)) ;
#673=CARTESIAN_POINT('Line Origine',(-5.69090909078,16.75,22.7000000001)) ;
#677=CARTESIAN_POINT('Vertex',(-5.69090909078,12.25,22.7000000001)) ;
#679=CARTESIAN_POINT('Vertex',(-5.69090909078,21.25,22.7000000001)) ;
#682=CARTESIAN_POINT('Line Origine',(0.309999999888,12.25,28.2008333332)) ;
#686=CARTESIAN_POINT('Vertex',(6.31090909055,12.25,33.7016666663)) ;
#689=CARTESIAN_POINT('Line Origine',(6.31090909055,16.75,33.7016666663)) ;
#693=CARTESIAN_POINT('Vertex',(6.31090909055,21.25,33.7016666663)) ;
#696=CARTESIAN_POINT('Line Origine',(0.309999999888,21.25,28.2008333332)) ;
#708=CARTESIAN_POINT('Axis2P3D Location',(-23.2214965262,9.25,10.7)) ;
#713=CARTESIAN_POINT('Axis2P3D Location',(-23.2214965262,12.25,10.7)) ;
#717=CARTESIAN_POINT('Vertex',(-23.2214965262,12.25,7.69999999925)) ;
#720=CARTESIAN_POINT('Line Origine',(-23.2214965262,9.25,7.7)) ;
#732=CARTESIAN_POINT('Axis2P3D Location',(1.86507609374E-15,-6.65145169115,7.7)) ;
#737=CARTESIAN_POINT('Line Origine',(-25.3045454547,12.2500000008,7.7)) ;
#741=CARTESIAN_POINT('Vertex',(-27.3875943832,12.25,7.69999999925)) ;
#744=CARTESIAN_POINT('Line Origine',(-27.3875943832,18.2500000008,7.7)) ;
#756=CARTESIAN_POINT('Axis2P3D Location',(-27.3875943829,-6.65145169115,10.7)) ;
#762=CARTESIAN_POINT('Control Point',(-30.3875943829,12.25,10.7)) ;
#763=CARTESIAN_POINT('Control Point',(-30.3875943829,12.2500000002,9.75752220392)) ;
#764=CARTESIAN_POINT('Control Point',(-30.0185493707,12.2500000003,8.81416506991)) ;
#765=CARTESIAN_POINT('Control Point',(-29.273429313,12.2500000005,8.06904501214)) ;
#766=CARTESIAN_POINT('Control Point',(-28.330072179,12.2500000007,7.7)) ;
#767=CARTESIAN_POINT('Control Point',(-27.3875943829,12.2500000008,7.7)) ;
#768=CARTESIAN_POINT('Vertex',(-30.3875906651,12.25,10.7)) ;
#772=CARTESIAN_POINT('Control Point',(-29.4147682684,12.2500000008,12.9114624206)) ;
#773=CARTESIAN_POINT('Control Point',(-29.8730104049,12.2500000006,12.4914071288)) ;
#774=CARTESIAN_POINT('Control Point',(-30.2155689451,12.2500000004,11.9440308637)) ;
#775=CARTESIAN_POINT('Control Point',(-30.3875943829,12.2500000002,11.3216367941)) ;
#776=CARTESIAN_POINT('Control Point',(-30.3875943829,12.25,10.7)) ;
#777=CARTESIAN_POINT('Vertex',(-29.4147682689,12.25,12.9114624202)) ;
#780=CARTESIAN_POINT('Line Origine',(-29.4147682684,-6.65145169199,12.9114624206)) ;
#794=CARTESIAN_POINT('Axis2P3D Location',(-37.5,9.25,5.5)) ;
#799=CARTESIAN_POINT('Line Origine',(-33.4573841344,12.25,9.2057312101)) ;
#803=CARTESIAN_POINT('Vertex',(-37.5,12.25,5.5)) ;
#806=CARTESIAN_POINT('Line Origine',(-37.5,10.75,5.5)) ;
#811=CARTESIAN_POINT('Line Origine',(22.5000000006,10.75,60.5000000006)) ;
#815=CARTESIAN_POINT('Vertex',(22.5,12.25,60.5)) ;
#818=CARTESIAN_POINT('Line Origine',(16.7253431388,12.25,55.2065645439)) ;
#822=CARTESIAN_POINT('Vertex',(10.950686277,12.25,49.9131290873)) ;
#825=CARTESIAN_POINT('Line Origine',(10.9506862769,18.25,49.9131290872)) ;
#840=CARTESIAN_POINT('Line Origine',(-12.617272727,12.25,28.309166667)) ;
#844=CARTESIAN_POINT('Vertex',(-18.4999999994,12.25,22.9166666672)) ;
#846=CARTESIAN_POINT('Vertex',(-6.73454545454,12.25,33.7016666667)) ;
#849=CARTESIAN_POINT('Line Origine',(-18.4999999994,16.75,22.9166666672)) ;
#853=CARTESIAN_POINT('Vertex',(-18.4999999994,21.25,22.9166666672)) ;
#856=CARTESIAN_POINT('Line Origine',(-12.617272727,21.25,28.309166667)) ;
#860=CARTESIAN_POINT('Vertex',(-6.73454545454,21.25,33.7016666667)) ;
#863=CARTESIAN_POINT('Line Origine',(-6.73454545454,16.75,33.7016666667)) ;
#875=CARTESIAN_POINT('Axis2P3D Location',(12.9778601626,9.25,47.7016666667)) ;
#880=CARTESIAN_POINT('Axis2P3D Location',(12.9778601626,12.25,47.7016666667)) ;
#884=CARTESIAN_POINT('Vertex',(12.977860162,12.25,50.7016666662)) ;
#887=CARTESIAN_POINT('Line Origine',(12.9778601626,9.25,50.7016666667)) ;
#899=CARTESIAN_POINT('Axis2P3D Location',(1.86507609374E-15,-6.65145169115,50.7016666667)) ;
#904=CARTESIAN_POINT('Line Origine',(14.5632054526,12.2500000008,50.7016666667)) ;
#908=CARTESIAN_POINT('Vertex',(16.148550743,12.2500000008,50.7016666667)) ;
#911=CARTESIAN_POINT('Line Origine',(16.1485507432,18.2500000008,50.7016666667)) ;
#923=CARTESIAN_POINT('Axis2P3D Location',(16.148550743,-6.65145169115,47.7016666667)) ;
#928=CARTESIAN_POINT('Axis2P3D Location',(16.148550743,12.2500000008,47.7016666667)) ;
#940=CARTESIAN_POINT('Axis2P3D Location',(4.,3.75,37.65)) ;
#945=CARTESIAN_POINT('Line Origine',(5.5,3.75,37.65)) ;
#950=CARTESIAN_POINT('Line Origine',(2.5,3.75,37.65)) ;
#969=CARTESIAN_POINT('Axis2P3D Location',(-26.5,0.25,5.5)) ;
#974=CARTESIAN_POINT('Line Origine',(-24.,1.5,5.5)) ;
#978=CARTESIAN_POINT('Vertex',(-24.,-6.25,5.5)) ;
#981=CARTESIAN_POINT('Line Origine',(-37.5,-7.,5.5)) ;
#985=CARTESIAN_POINT('Vertex',(-37.5,-23.25,5.5)) ;
#988=CARTESIAN_POINT('Line Origine',(-30.75,-23.25,5.5)) ;
#992=CARTESIAN_POINT('Vertex',(-24.,-23.25,5.5)) ;
#995=CARTESIAN_POINT('Line Origine',(-24.,-14.75,5.5)) ;
#1007=CARTESIAN_POINT('Axis2P3D Location',(-30.,-18.,5.5)) ;
#1011=CARTESIAN_POINT('Vertex',(-29.,-18.,5.5)) ;
#1013=CARTESIAN_POINT('Vertex',(-31.,-18.,5.5)) ;
#1016=CARTESIAN_POINT('Axis2P3D Location',(-30.,-18.,5.5)) ;
#1026=CARTESIAN_POINT('Axis2P3D Location',(22.5,-12.25,-5.5)) ;
#1031=CARTESIAN_POINT('Line Origine',(22.5,16.75,22.6999999993)) ;
#1035=CARTESIAN_POINT('Vertex',(22.5,21.25,22.6999999993)) ;
#1037=CARTESIAN_POINT('Vertex',(22.5,12.25,22.6999999993)) ;
#1040=CARTESIAN_POINT('Line Origine',(22.5,21.25,28.2008333327)) ;
#1044=CARTESIAN_POINT('Vertex',(22.5,21.25,33.7016666662)) ;
#1047=CARTESIAN_POINT('Line Origine',(22.5,16.75,33.7016666662)) ;
#1051=CARTESIAN_POINT('Vertex',(22.5,12.25,33.7016666662)) ;
#1054=CARTESIAN_POINT('Line Origine',(22.5,12.25,30.93972068)) ;
#1058=CARTESIAN_POINT('Vertex',(22.5,12.2499999996,28.1777746931)) ;
#1061=CARTESIAN_POINT('Line Origine',(22.5,7.25,28.1777746938)) ;
#1065=CARTESIAN_POINT('Vertex',(22.5,2.25,28.1777746938)) ;
#1068=CARTESIAN_POINT('Line Origine',(22.5,2.25,37.3388873469)) ;
#1072=CARTESIAN_POINT('Vertex',(22.5,2.25,46.5)) ;
#1076=CARTESIAN_POINT('Control Point',(22.5,2.25,46.5)) ;
#1077=CARTESIAN_POINT('Control Point',(22.5,2.25,47.0477137052)) ;
#1078=CARTESIAN_POINT('Control Point',(22.5,2.17500242429,47.59542688)) ;
#1079=CARTESIAN_POINT('Control Point',(22.5,2.0249749743,48.1294861924)) ;
#1080=CARTESIAN_POINT('Control Point',(22.5,1.58258960797,49.142776511)) ;
#1081=CARTESIAN_POINT('Control Point',(22.5,0.884099814476,49.9998467783)) ;
#1082=CARTESIAN_POINT('Control Point',(22.5,0.477911133583,50.3776540543)) ;
#1083=CARTESIAN_POINT('Control Point',(22.5,-0.367615072056,50.9704138811)) ;
#1084=CARTESIAN_POINT('Control Point',(22.5,-1.33288997456,51.3305197592)) ;
#1085=CARTESIAN_POINT('Control Point',(22.5,-1.79930614879,51.4435113725)) ;
#1086=CARTESIAN_POINT('Control Point',(22.5,-2.27465327411,51.5)) ;
#1087=CARTESIAN_POINT('Control Point',(22.5,-2.75,51.5)) ;
#1088=CARTESIAN_POINT('Vertex',(22.5,-2.75,51.5)) ;
#1091=CARTESIAN_POINT('Line Origine',(22.5,-13.,51.5)) ;
#1095=CARTESIAN_POINT('Vertex',(22.5,-23.25,51.5)) ;
#1098=CARTESIAN_POINT('Line Origine',(22.5,-23.25,56.)) ;
#1102=CARTESIAN_POINT('Vertex',(22.5,-23.25,60.5)) ;
#1105=CARTESIAN_POINT('Line Origine',(22.5,-7.,60.5)) ;
#1110=CARTESIAN_POINT('Line Origine',(22.5,10.75,43.9951965678)) ;
#1114=CARTESIAN_POINT('Vertex',(22.5,12.25,43.9951965678)) ;
#1117=CARTESIAN_POINT('Line Origine',(22.5,12.25,45.848431617)) ;
#1121=CARTESIAN_POINT('Vertex',(22.5,12.25,47.7016666667)) ;
#1124=CARTESIAN_POINT('Line Origine',(22.5,18.25,47.7016666662)) ;
#1128=CARTESIAN_POINT('Vertex',(22.5,24.25,47.7016666662)) ;
#1131=CARTESIAN_POINT('Line Origine',(22.5,24.25,29.2008333327)) ;
#1135=CARTESIAN_POINT('Vertex',(22.5,24.25,10.6999999993)) ;
#1138=CARTESIAN_POINT('Line Origine',(22.5,18.25,10.6999999993)) ;
#1142=CARTESIAN_POINT('Vertex',(22.5,12.25,10.6999999993)) ;
#1145=CARTESIAN_POINT('Line Origine',(22.5,12.25,16.6999999993)) ;
#1170=CARTESIAN_POINT('Axis2P3D Location',(20.5,-12.25,43.9951965673)) ;
#1175=CARTESIAN_POINT('Axis2P3D Location',(20.5,12.25,43.9951965673)) ;
#1179=CARTESIAN_POINT('Vertex',(20.5,12.25,45.9951965673)) ;
#1182=CARTESIAN_POINT('Axis2P3D Location',(20.5,12.25,43.9951965673)) ;
#1196=CARTESIAN_POINT('Axis2P3D Location',(-24.,0.25,5.5)) ;
#1201=CARTESIAN_POINT('Line Origine',(-21.5,-3.75,8.00000000002)) ;
#1205=CARTESIAN_POINT('Vertex',(-19.,-1.25,10.5)) ;
#1208=CARTESIAN_POINT('Line Origine',(-19.,4.,10.5)) ;
#1220=CARTESIAN_POINT('Axis2P3D Location',(22.5,12.25,-5.5)) ;
#1225=CARTESIAN_POINT('Line Origine',(28.5,12.25,60.5)) ;
#1229=CARTESIAN_POINT('Vertex',(34.5,12.25,60.5)) ;
#1232=CARTESIAN_POINT('Axis2P3D Location',(34.4999999969,12.25,57.4999999969)) ;
#1236=CARTESIAN_POINT('Vertex',(37.5,12.25,57.5)) ;
#1239=CARTESIAN_POINT('Line Origine',(37.5,12.25,52.6008333331)) ;
#1243=CARTESIAN_POINT('Vertex',(37.5,12.25,47.7016666662)) ;
#1247=CARTESIAN_POINT('Control Point',(37.5,12.25,47.7016666662)) ;
#1248=CARTESIAN_POINT('Control Point',(37.5,12.25,48.0410717309)) ;
#1249=CARTESIAN_POINT('Control Point',(37.4520017509,12.25,48.3804762299)) ;
#1250=CARTESIAN_POINT('Control Point',(37.3559819569,12.25,48.7108571163)) ;
#1251=CARTESIAN_POINT('Control Point',(37.0731850914,12.25,49.3353777235)) ;
#1252=CARTESIAN_POINT('Control Point',(36.6283048392,12.25,49.8569892125)) ;
#1253=CARTESIAN_POINT('Control Point',(36.3701605039,12.25,50.0844377396)) ;
#1254=CARTESIAN_POINT('Control Point',(35.8606753134,12.25,50.4181725906)) ;
#1255=CARTESIAN_POINT('Control Point',(35.2867265657,12.25,50.6147697486)) ;
#1256=CARTESIAN_POINT('Control Point',(35.0273072397,12.25,50.6727028573)) ;
#1257=CARTESIAN_POINT('Control Point',(34.7636534492,12.25,50.7016666662)) ;
#1258=CARTESIAN_POINT('Control Point',(34.5,12.25,50.7016666662)) ;
#1259=CARTESIAN_POINT('Vertex',(34.5,12.2500000008,50.7016666667)) ;
#1262=CARTESIAN_POINT('Line Origine',(30.,12.25,50.7016666662)) ;
#1266=CARTESIAN_POINT('Vertex',(25.5,12.25,50.7016666662)) ;
#1270=CARTESIAN_POINT('Control Point',(25.5,12.25,50.7016666662)) ;
#1271=CARTESIAN_POINT('Control Point',(25.1605949341,12.25,50.7016666662)) ;
#1272=CARTESIAN_POINT('Control Point',(24.821190434,12.25,50.6536684167)) ;
#1273=CARTESIAN_POINT('Control Point',(24.4908095521,12.25,50.5576486241)) ;
#1274=CARTESIAN_POINT('Control Point',(23.8662889458,12.25,50.2748517593)) ;
#1275=CARTESIAN_POINT('Control Point',(23.3446774574,12.25,49.8299715085)) ;
#1276=CARTESIAN_POINT('Control Point',(23.1172289239,12.25,49.5718271679)) ;
#1277=CARTESIAN_POINT('Control Point',(22.7834940763,12.25,49.0623419814)) ;
#1278=CARTESIAN_POINT('Control Point',(22.5868969193,12.25,48.4883932389)) ;
#1279=CARTESIAN_POINT('Control Point',(22.5289638083,12.25,48.2289739005)) ;
#1280=CARTESIAN_POINT('Control Point',(22.5,12.25,47.9653201127)) ;
#1281=CARTESIAN_POINT('Control Point',(22.5,12.25,47.7016666662)) ;
#1301=CARTESIAN_POINT('Line Origine',(30.,12.25,52.9000000004)) ;
#1305=CARTESIAN_POINT('Vertex',(33.5999999996,12.25,52.9000000004)) ;
#1307=CARTESIAN_POINT('Vertex',(26.4000000004,12.25,52.9000000004)) ;
#1310=CARTESIAN_POINT('Line Origine',(33.5999999996,12.25,55.4000000004)) ;
#1314=CARTESIAN_POINT('Vertex',(33.5999999996,12.25,57.9000000004)) ;
#1317=CARTESIAN_POINT('Line Origine',(30.,12.25,57.9000000004)) ;
#1321=CARTESIAN_POINT('Vertex',(26.4000000004,12.25,57.9000000004)) ;
#1324=CARTESIAN_POINT('Line Origine',(26.4000000004,12.25,55.4000000004)) ;
#1336=CARTESIAN_POINT('Axis2P3D Location',(-13.,0.25,2.5)) ;
#1342=CARTESIAN_POINT('Control Point',(-15.5,2.25,12.1824583655)) ;
#1343=CARTESIAN_POINT('Control Point',(-16.4259332565,1.32406674347,11.9433834267)) ;
#1344=CARTESIAN_POINT('Control Point',(-17.3350913962,0.414920300446,11.5829214167)) ;
#1345=CARTESIAN_POINT('Control Point',(-18.2029380619,-0.452938061904,11.0977964536)) ;
#1346=CARTESIAN_POINT('Control Point',(-19.,-1.25,10.5)) ;
#1347=CARTESIAN_POINT('Vertex',(-15.4999999999,2.25000000006,12.1824583653)) ;
#1350=CARTESIAN_POINT('Axis2P3D Location',(-13.,2.25,2.5)) ;
#1354=CARTESIAN_POINT('Vertex',(-13.,2.25,12.5)) ;
#1357=CARTESIAN_POINT('Line Origine',(-13.,0.25,12.5)) ;
#1361=CARTESIAN_POINT('Vertex',(-13.,12.25,12.5)) ;
#1364=CARTESIAN_POINT('Axis2P3D Location',(-13.,12.25,2.5)) ;
#1378=CARTESIAN_POINT('Line Origine',(-24.925,12.25,-2.40000000037)) ;
#1382=CARTESIAN_POINT('Vertex',(-23.5,12.25,-2.40000000037)) ;
#1386=CARTESIAN_POINT('Control Point',(-23.5,12.25,-2.40000000037)) ;
#1387=CARTESIAN_POINT('Control Point',(-23.4020214447,12.25,-2.40000000037)) ;
#1388=CARTESIAN_POINT('Control Point',(-23.3040433137,12.25,-2.38800025377)) ;
#1389=CARTESIAN_POINT('Control Point',(-23.2080196506,12.25,-2.36399757935)) ;
#1390=CARTESIAN_POINT('Control Point',(-23.0238174735,12.25,-2.29296903055)) ;
#1391=CARTESIAN_POINT('Control Point',(-22.862202037,12.25,-2.17958789294)) ;
#1392=CARTESIAN_POINT('Control Point',(-22.7887667065,12.25,-2.11322581284)) ;
#1393=CARTESIAN_POINT('Control Point',(-22.6596517066,12.25,-1.9638778539)) ;
#1394=CARTESIAN_POINT('Control Point',(-22.570395225,12.25,-1.78778665178)) ;
#1395=CARTESIAN_POINT('Control Point',(-22.5368230307,12.25,-1.69467606475)) ;
#1396=CARTESIAN_POINT('Control Point',(-22.5104917771,12.25,-1.57854540868)) ;
#1397=CARTESIAN_POINT('Control Point',(-22.5015339105,12.25,-1.46065287127)) ;
#1398=CARTESIAN_POINT('Control Point',(-22.500510868,12.25,-1.44043240096)) ;
#1399=CARTESIAN_POINT('Control Point',(-22.5,12.25,-1.42021619164)) ;
#1400=CARTESIAN_POINT('Control Point',(-22.5,12.25,-1.40000000037)) ;
#1401=CARTESIAN_POINT('Vertex',(-22.5,12.25,-1.4)) ;
#1404=CARTESIAN_POINT('Line Origine',(-22.5,12.25,0.)) ;
#1408=CARTESIAN_POINT('Vertex',(-22.5,12.25,1.40000000037)) ;
#1412=CARTESIAN_POINT('Control Point',(-22.5,12.25,1.40000000037)) ;
#1413=CARTESIAN_POINT('Control Point',(-22.5,12.25,1.4979785568)) ;
#1414=CARTESIAN_POINT('Control Point',(-22.5119997469,12.25,1.59595668896)) ;
#1415=CARTESIAN_POINT('Control Point',(-22.5360024202,12.25,1.69198034763)) ;
#1416=CARTESIAN_POINT('Control Point',(-22.6070309702,12.25,1.87618252858)) ;
#1417=CARTESIAN_POINT('Control Point',(-22.7204121107,12.25,2.03779796804)) ;
#1418=CARTESIAN_POINT('Control Point',(-22.7867741833,12.25,2.11123328827)) ;
#1419=CARTESIAN_POINT('Control Point',(-22.936122149,12.25,2.24034829499)) ;
#1420=CARTESIAN_POINT('Control Point',(-23.1122133604,12.25,2.32960477949)) ;
#1421=CARTESIAN_POINT('Control Point',(-23.2053239227,12.25,2.36317696492)) ;
#1422=CARTESIAN_POINT('Control Point',(-23.3214545852,12.25,2.38950822096)) ;
#1423=CARTESIAN_POINT('Control Point',(-23.4393471291,12.25,2.39846608798)) ;
#1424=CARTESIAN_POINT('Control Point',(-23.4595675994,12.25,2.39948913239)) ;
#1425=CARTESIAN_POINT('Control Point',(-23.4797838087,12.25,2.40000000037)) ;
#1426=CARTESIAN_POINT('Control Point',(-23.5,12.25,2.40000000037)) ;
#1427=CARTESIAN_POINT('Vertex',(-23.5,12.25,2.4)) ;
#1430=CARTESIAN_POINT('Line Origine',(-24.925,12.25,2.40000000037)) ;
#1435=CARTESIAN_POINT('Line Origine',(-35.075,12.25,2.40000000037)) ;
#1439=CARTESIAN_POINT('Vertex',(-36.5,12.25,2.40000000037)) ;
#1443=CARTESIAN_POINT('Control Point',(-36.5,12.25,2.40000000037)) ;
#1444=CARTESIAN_POINT('Control Point',(-36.5979785553,12.25,2.40000000037)) ;
#1445=CARTESIAN_POINT('Control Point',(-36.6959566863,12.25,2.38800025377)) ;
#1446=CARTESIAN_POINT('Control Point',(-36.7919803494,12.25,2.36399757935)) ;
#1447=CARTESIAN_POINT('Control Point',(-36.9761825265,12.25,2.29296903055)) ;
#1448=CARTESIAN_POINT('Control Point',(-37.137797963,12.25,2.17958789294)) ;
#1449=CARTESIAN_POINT('Control Point',(-37.2112332935,12.25,2.11322581284)) ;
#1450=CARTESIAN_POINT('Control Point',(-37.3403482934,12.25,1.9638778539)) ;
#1451=CARTESIAN_POINT('Control Point',(-37.429604775,12.25,1.78778665177)) ;
#1452=CARTESIAN_POINT('Control Point',(-37.4631769693,12.25,1.69467606475)) ;
#1453=CARTESIAN_POINT('Control Point',(-37.4895082229,12.25,1.57854540868)) ;
#1454=CARTESIAN_POINT('Control Point',(-37.4984660895,12.25,1.46065287127)) ;
#1455=CARTESIAN_POINT('Control Point',(-37.499489132,12.25,1.44043240096)) ;
#1456=CARTESIAN_POINT('Control Point',(-37.5,12.25,1.42021619164)) ;
#1457=CARTESIAN_POINT('Control Point',(-37.5,12.25,1.40000000037)) ;
#1458=CARTESIAN_POINT('Vertex',(-37.5,12.25,1.4)) ;
#1461=CARTESIAN_POINT('Line Origine',(-37.5,12.25,3.45000000019)) ;
#1466=CARTESIAN_POINT('Line Origine',(-1.88781962264,12.25,12.5)) ;
#1470=CARTESIAN_POINT('Vertex',(9.22436075471,12.25,12.5)) ;
#1474=CARTESIAN_POINT('Control Point',(9.22436075471,12.25,12.5)) ;
#1475=CARTESIAN_POINT('Control Point',(10.1538687057,12.25,12.5)) ;
#1476=CARTESIAN_POINT('Control Point',(11.0833762748,12.25,12.6079981289)) ;
#1477=CARTESIAN_POINT('Control Point',(11.9961896092,12.25,12.824019049)) ;
#1478=CARTESIAN_POINT('Control Point',(13.754831407,12.25,13.4641568272)) ;
#1479=CARTESIAN_POINT('Control Point',(15.3198499925,12.25,14.490465015)) ;
#1480=CARTESIAN_POINT('Control Point',(16.039019289,12.25,15.0927014635)) ;
#1481=CARTESIAN_POINT('Control Point',(16.8447224664,12.25,15.9456013765)) ;
#1482=CARTESIAN_POINT('Control Point',(17.5143735315,12.25,16.9000683111)) ;
#1483=CARTESIAN_POINT('Control Point',(17.6443849152,12.25,17.0975246454)) ;
#1484=CARTESIAN_POINT('Control Point',(17.7683143166,12.25,17.2984114814)) ;
#1485=CARTESIAN_POINT('Control Point',(17.8862166144,12.25,17.5027754642)) ;
#1486=CARTESIAN_POINT('Vertex',(17.8862166145,12.25,17.5027754651)) ;
#1489=CARTESIAN_POINT('Line Origine',(19.524036237,12.25,20.3416628111)) ;
#1493=CARTESIAN_POINT('Vertex',(21.1618558597,12.25,23.180550158)) ;
#1497=CARTESIAN_POINT('Control Point',(21.1618558597,12.25,23.180550158)) ;
#1498=CARTESIAN_POINT('Control Point',(21.6263518539,12.25,23.985676548)) ;
#1499=CARTESIAN_POINT('Control Point',(21.9973012346,12.25,24.8447716973)) ;
#1500=CARTESIAN_POINT('Control Point',(22.2663403468,12.25,25.743387951)) ;
#1501=CARTESIAN_POINT('Control Point',(22.448937076,12.25,26.7810253572)) ;
#1502=CARTESIAN_POINT('Control Point',(22.4948623256,12.25,27.8266694799)) ;
#1503=CARTESIAN_POINT('Control Point',(22.4982879303,12.25,27.9437101048)) ;
#1504=CARTESIAN_POINT('Control Point',(22.5,12.25,28.0607424023)) ;
#1505=CARTESIAN_POINT('Control Point',(22.5,12.25,28.1777746938)) ;
#1507=CARTESIAN_POINT('Line Origine',(30.,12.25,33.7016666662)) ;
#1511=CARTESIAN_POINT('Vertex',(37.5,12.25,33.7016666662)) ;
#1514=CARTESIAN_POINT('Line Origine',(37.5,12.25,28.2008333327)) ;
#1518=CARTESIAN_POINT('Vertex',(37.5,12.25,22.6999999993)) ;
#1521=CARTESIAN_POINT('Line Origine',(30.,12.25,22.6999999993)) ;
#1527=CARTESIAN_POINT('Control Point',(22.5,12.25,10.6999999993)) ;
#1528=CARTESIAN_POINT('Control Point',(22.5,12.25,10.3605949349)) ;
#1529=CARTESIAN_POINT('Control Point',(22.547998249,12.25,10.0211904362)) ;
#1530=CARTESIAN_POINT('Control Point',(22.6440180433,12.25,9.69080955048)) ;
#1531=CARTESIAN_POINT('Control Point',(22.9268149096,12.25,9.06628894189)) ;
#1532=CARTESIAN_POINT('Control Point',(23.3716951632,12.25,8.544677452)) ;
#1533=CARTESIAN_POINT('Control Point',(23.629839493,12.25,8.31722892968)) ;
#1534=CARTESIAN_POINT('Control Point',(24.1393246838,12.25,7.98349407801)) ;
#1535=CARTESIAN_POINT('Control Point',(24.7132734317,12.25,7.78689691958)) ;
#1536=CARTESIAN_POINT('Control Point',(24.972692763,12.25,7.72896380781)) ;
#1537=CARTESIAN_POINT('Control Point',(25.2363465522,12.25,7.69999999925)) ;
#1538=CARTESIAN_POINT('Control Point',(25.5,12.25,7.69999999925)) ;
#1539=CARTESIAN_POINT('Vertex',(25.5,12.2500000008,7.7)) ;
#1542=CARTESIAN_POINT('Line Origine',(30.,12.25,7.69999999925)) ;
#1546=CARTESIAN_POINT('Vertex',(34.5,12.25,7.69999999925)) ;
#1550=CARTESIAN_POINT('Control Point',(34.5,12.25,7.69999999925)) ;
#1551=CARTESIAN_POINT('Control Point',(34.8394050648,12.25,7.69999999925)) ;
#1552=CARTESIAN_POINT('Control Point',(35.178809564,12.25,7.74799824843)) ;
#1553=CARTESIAN_POINT('Control Point',(35.5091904498,12.25,7.84401804406)) ;
#1554=CARTESIAN_POINT('Control Point',(36.1337110564,12.25,8.12681490931)) ;
#1555=CARTESIAN_POINT('Control Point',(36.655322545,12.25,8.57169516085)) ;
#1556=CARTESIAN_POINT('Control Point',(36.8827710744,12.25,8.82983949674)) ;
#1557=CARTESIAN_POINT('Control Point',(37.2165059231,12.25,9.33932468415)) ;
#1558=CARTESIAN_POINT('Control Point',(37.4131030805,12.25,9.91327342781)) ;
#1559=CARTESIAN_POINT('Control Point',(37.4710361918,12.25,10.1726927656)) ;
#1560=CARTESIAN_POINT('Control Point',(37.5,12.25,10.4363465531)) ;
#1561=CARTESIAN_POINT('Control Point',(37.5,12.25,10.6999999993)) ;
#1562=CARTESIAN_POINT('Vertex',(37.5,12.25,10.7)) ;
#1565=CARTESIAN_POINT('Line Origine',(37.5,12.25,4.09999999963)) ;
#1569=CARTESIAN_POINT('Vertex',(37.5,12.25,-2.5)) ;
#1572=CARTESIAN_POINT('Axis2P3D Location',(34.4999999969,12.25,-2.49999999688)) ;
#1576=CARTESIAN_POINT('Vertex',(34.5,12.25,-5.5)) ;
#1579=CARTESIAN_POINT('Line Origine',(27.25,12.25,-5.5)) ;
#1583=CARTESIAN_POINT('Vertex',(20.,12.25,-5.5)) ;
#1586=CARTESIAN_POINT('Line Origine',(17.5,12.25,-8.)) ;
#1590=CARTESIAN_POINT('Vertex',(15.,12.25,-10.5)) ;
#1593=CARTESIAN_POINT('Axis2P3D Location',(8.99999999594,12.25,-2.49999998782)) ;
#1597=CARTESIAN_POINT('Vertex',(9.,12.25,-12.5)) ;
#1600=CARTESIAN_POINT('Line Origine',(-2.,12.25,-12.5)) ;
#1604=CARTESIAN_POINT('Vertex',(-13.,12.25,-12.5)) ;
#1607=CARTESIAN_POINT('Axis2P3D Location',(-12.9999999959,12.25,-2.49999998782)) ;
#1611=CARTESIAN_POINT('Vertex',(-19.,12.25,-10.5)) ;
#1614=CARTESIAN_POINT('Line Origine',(-21.5,12.25,-8.)) ;
#1618=CARTESIAN_POINT('Vertex',(-24.,12.25,-5.5)) ;
#1621=CARTESIAN_POINT('Line Origine',(-29.25,12.25,-5.5)) ;
#1625=CARTESIAN_POINT('Vertex',(-34.5,12.25,-5.5)) ;
#1628=CARTESIAN_POINT('Axis2P3D Location',(-34.4999999969,12.25,-2.49999999688)) ;
#1632=CARTESIAN_POINT('Vertex',(-37.5,12.25,-2.5)) ;
#1635=CARTESIAN_POINT('Line Origine',(-37.5,12.25,-1.95000000019)) ;
#1639=CARTESIAN_POINT('Vertex',(-37.5,12.25,-1.40000000037)) ;
#1643=CARTESIAN_POINT('Control Point',(-37.5,12.25,-1.40000000037)) ;
#1644=CARTESIAN_POINT('Control Point',(-37.5,12.25,-1.4979785568)) ;
#1645=CARTESIAN_POINT('Control Point',(-37.4880002531,12.25,-1.59595668898)) ;
#1646=CARTESIAN_POINT('Control Point',(-37.4639975798,12.25,-1.69198034762)) ;
#1647=CARTESIAN_POINT('Control Point',(-37.3929690298,12.25,-1.87618252857)) ;
#1648=CARTESIAN_POINT('Control Point',(-37.2795878893,12.25,-2.03779796803)) ;
#1649=CARTESIAN_POINT('Control Point',(-37.2132258167,12.25,-2.11123328828)) ;
#1650=CARTESIAN_POINT('Control Point',(-37.063877851,12.25,-2.24034829499)) ;
#1651=CARTESIAN_POINT('Control Point',(-36.8877866396,12.25,-2.32960477949)) ;
#1652=CARTESIAN_POINT('Control Point',(-36.7946760773,12.25,-2.36317696492)) ;
#1653=CARTESIAN_POINT('Control Point',(-36.6785454148,12.25,-2.38950822096)) ;
#1654=CARTESIAN_POINT('Control Point',(-36.5606528709,12.25,-2.39846608798)) ;
#1655=CARTESIAN_POINT('Control Point',(-36.5404324006,12.25,-2.39948913239)) ;
#1656=CARTESIAN_POINT('Control Point',(-36.5202161913,12.25,-2.40000000037)) ;
#1657=CARTESIAN_POINT('Control Point',(-36.5,12.25,-2.40000000037)) ;
#1658=CARTESIAN_POINT('Vertex',(-36.5,12.25,-2.4)) ;
#1661=CARTESIAN_POINT('Line Origine',(-35.075,12.25,-2.40000000037)) ;
#1714=CARTESIAN_POINT('Line Origine',(26.35,12.25,-1.7763568394E-15)) ;
#1718=CARTESIAN_POINT('Vertex',(26.35,12.25,2.55)) ;
#1720=CARTESIAN_POINT('Vertex',(26.35,12.25,-2.55)) ;
#1723=CARTESIAN_POINT('Line Origine',(30.,12.25,-2.55)) ;
#1727=CARTESIAN_POINT('Vertex',(33.65,12.25,-2.55)) ;
#1730=CARTESIAN_POINT('Line Origine',(33.65,12.25,-1.33226762955E-15)) ;
#1734=CARTESIAN_POINT('Vertex',(33.65,12.25,2.55)) ;
#1737=CARTESIAN_POINT('Line Origine',(30.,12.25,2.55)) ;
#1748=CARTESIAN_POINT('Line Origine',(-2.,12.25,-8.)) ;
#1752=CARTESIAN_POINT('Vertex',(8.,12.25,-8.)) ;
#1754=CARTESIAN_POINT('Vertex',(-12.,12.25,-8.)) ;
#1758=CARTESIAN_POINT('Control Point',(8.,12.25,-8.)) ;
#1759=CARTESIAN_POINT('Control Point',(8.33940506417,12.25,-8.)) ;
#1760=CARTESIAN_POINT('Control Point',(8.67880956268,12.25,-7.95200175101)) ;
#1761=CARTESIAN_POINT('Control Point',(9.009190451,12.25,-7.85598195651)) ;
#1762=CARTESIAN_POINT('Control Point',(9.63371105652,12.25,-7.57318509157)) ;
#1763=CARTESIAN_POINT('Control Point',(10.1553225443,12.25,-7.12830484086)) ;
#1764=CARTESIAN_POINT('Control Point',(10.3827710749,12.25,-6.87016050174)) ;
#1765=CARTESIAN_POINT('Control Point',(10.7165059236,12.25,-6.36067531401)) ;
#1766=CARTESIAN_POINT('Control Point',(10.913103081,12.25,-5.78672656996)) ;
#1767=CARTESIAN_POINT('Control Point',(10.9710361916,12.25,-5.52730723525)) ;
#1768=CARTESIAN_POINT('Control Point',(11.,12.25,-5.26365344696)) ;
#1769=CARTESIAN_POINT('Control Point',(11.,12.25,-5.)) ;
#1770=CARTESIAN_POINT('Vertex',(11.,12.25,-5.)) ;
#1773=CARTESIAN_POINT('Line Origine',(11.,12.25,0.)) ;
#1777=CARTESIAN_POINT('Vertex',(11.,12.25,5.)) ;
#1781=CARTESIAN_POINT('Control Point',(11.,12.25,5.)) ;
#1782=CARTESIAN_POINT('Control Point',(11.,12.25,5.33940506417)) ;
#1783=CARTESIAN_POINT('Control Point',(10.952001751,12.25,5.67880956268)) ;
#1784=CARTESIAN_POINT('Control Point',(10.8559819565,12.25,6.00919045099)) ;
#1785=CARTESIAN_POINT('Control Point',(10.5731850916,12.25,6.63371105651)) ;
#1786=CARTESIAN_POINT('Control Point',(10.1283048409,12.25,7.15532254434)) ;
#1787=CARTESIAN_POINT('Control Point',(9.87016050175,12.25,7.38277107489)) ;
#1788=CARTESIAN_POINT('Control Point',(9.36067531401,12.25,7.71650592364)) ;
#1789=CARTESIAN_POINT('Control Point',(8.78672656996,12.25,7.91310308097)) ;
#1790=CARTESIAN_POINT('Control Point',(8.52730723525,12.25,7.97103619163)) ;
#1791=CARTESIAN_POINT('Control Point',(8.26365344696,12.25,8.)) ;
#1792=CARTESIAN_POINT('Control Point',(8.,12.25,8.)) ;
#1793=CARTESIAN_POINT('Vertex',(8.,12.25,8.)) ;
#1796=CARTESIAN_POINT('Line Origine',(-2.,12.25,8.)) ;
#1800=CARTESIAN_POINT('Vertex',(-12.,12.25,8.)) ;
#1804=CARTESIAN_POINT('Control Point',(-12.,12.25,8.)) ;
#1805=CARTESIAN_POINT('Control Point',(-12.3394050642,12.25,8.)) ;
#1806=CARTESIAN_POINT('Control Point',(-12.6788095627,12.25,7.95200175101)) ;
#1807=CARTESIAN_POINT('Control Point',(-13.009190451,12.25,7.85598195651)) ;
#1808=CARTESIAN_POINT('Control Point',(-13.6337110565,12.25,7.57318509157)) ;
#1809=CARTESIAN_POINT('Control Point',(-14.1553225443,12.25,7.12830484088)) ;
#1810=CARTESIAN_POINT('Control Point',(-14.3827710749,12.25,6.87016050172)) ;
#1811=CARTESIAN_POINT('Control Point',(-14.7165059236,12.25,6.360675314)) ;
#1812=CARTESIAN_POINT('Control Point',(-14.913103081,12.25,5.78672656996)) ;
#1813=CARTESIAN_POINT('Control Point',(-14.9710361916,12.25,5.52730723525)) ;
#1814=CARTESIAN_POINT('Control Point',(-15.,12.25,5.26365344695)) ;
#1815=CARTESIAN_POINT('Control Point',(-15.,12.25,5.)) ;
#1816=CARTESIAN_POINT('Vertex',(-15.,12.25,5.)) ;
#1819=CARTESIAN_POINT('Line Origine',(-15.,12.25,0.)) ;
#1823=CARTESIAN_POINT('Vertex',(-15.,12.25,-5.)) ;
#1827=CARTESIAN_POINT('Control Point',(-15.,12.25,-5.)) ;
#1828=CARTESIAN_POINT('Control Point',(-15.,12.25,-5.33940506418)) ;
#1829=CARTESIAN_POINT('Control Point',(-14.952001751,12.25,-5.67880956271)) ;
#1830=CARTESIAN_POINT('Control Point',(-14.8559819565,12.25,-6.00919045097)) ;
#1831=CARTESIAN_POINT('Control Point',(-14.5731850916,12.25,-6.63371105651)) ;
#1832=CARTESIAN_POINT('Control Point',(-14.1283048408,12.25,-7.15532254435)) ;
#1833=CARTESIAN_POINT('Control Point',(-13.8701605018,12.25,-7.38277107488)) ;
#1834=CARTESIAN_POINT('Control Point',(-13.360675314,12.25,-7.71650592363)) ;
#1835=CARTESIAN_POINT('Control Point',(-12.78672657,12.25,-7.91310308097)) ;
#1836=CARTESIAN_POINT('Control Point',(-12.5273072352,12.25,-7.97103619163)) ;
#1837=CARTESIAN_POINT('Control Point',(-12.263653447,12.25,-8.)) ;
#1838=CARTESIAN_POINT('Control Point',(-12.,12.25,-8.)) ;
#1851=CARTESIAN_POINT('Axis2P3D Location',(-18.5,12.25,22.7)) ;
#1856=CARTESIAN_POINT('Line Origine',(-12.0954545457,21.25,22.7)) ;
#1860=CARTESIAN_POINT('Vertex',(-18.5,21.25,22.6999999993)) ;
#1863=CARTESIAN_POINT('Line Origine',(-18.5,16.75,22.7)) ;
#1867=CARTESIAN_POINT('Vertex',(-18.5,12.25,22.6999999993)) ;
#1870=CARTESIAN_POINT('Line Origine',(-12.0954545457,12.25,22.7)) ;
#1882=CARTESIAN_POINT('Line Origine',(-18.5,12.25,22.8083333331)) ;
#1887=CARTESIAN_POINT('Line Origine',(-0.21181818191,12.25,33.7016666667)) ;
#1900=CARTESIAN_POINT('Axis2P3D Location',(-18.5,12.25,33.7016666667)) ;
#1905=CARTESIAN_POINT('Line Origine',(-0.21181818191,21.25,33.7016666667)) ;
#1917=CARTESIAN_POINT('Axis2P3D Location',(-18.5,21.25,33.7016666667)) ;
#1922=CARTESIAN_POINT('Line Origine',(-18.5,21.25,22.8083333331)) ;
#1935=CARTESIAN_POINT('Axis2P3D Location',(-37.5,-12.25,-5.5)) ;
#1940=CARTESIAN_POINT('Line Origine',(-37.5,18.25,1.40000000037)) ;
#1944=CARTESIAN_POINT('Vertex',(-37.5,24.25,1.40000000037)) ;
#1947=CARTESIAN_POINT('Line Origine',(-37.5,24.25,0.)) ;
#1951=CARTESIAN_POINT('Vertex',(-37.5,24.25,-1.40000000037)) ;
#1954=CARTESIAN_POINT('Line Origine',(-37.5,18.25,-1.40000000037)) ;
#1959=CARTESIAN_POINT('Line Origine',(-37.5,-5.5,-2.5)) ;
#1963=CARTESIAN_POINT('Vertex',(-37.5,-23.25,-2.5)) ;
#1966=CARTESIAN_POINT('Line Origine',(-37.5,-23.25,1.5)) ;
#1983=CARTESIAN_POINT('Axis2P3D Location',(37.5,-81.258771255,60.5)) ;
#1988=CARTESIAN_POINT('Line Origine',(28.5,-23.2499999993,60.5)) ;
#1992=CARTESIAN_POINT('Vertex',(34.5,-23.2499999993,60.5)) ;
#1995=CARTESIAN_POINT('Line Origine',(34.5,-5.49999999934,60.5)) ;
#2007=CARTESIAN_POINT('Axis2P3D Location',(30.,-17.9999999993,60.5)) ;
#2011=CARTESIAN_POINT('Vertex',(29.,-18.,60.5)) ;
#2013=CARTESIAN_POINT('Vertex',(31.,-18.,60.5)) ;
#2016=CARTESIAN_POINT('Axis2P3D Location',(30.,-17.9999999993,60.5)) ;
#2026=CARTESIAN_POINT('Axis2P3D Location',(-18.5,0.,0.)) ;
#2038=CARTESIAN_POINT('Axis2P3D Location',(-2.68882138776E-15,-23.25,4.5)) ;
#2044=CARTESIAN_POINT('Control Point',(-24.1493101846,-24.25,4.5)) ;
#2045=CARTESIAN_POINT('Control Point',(-24.0929862,-24.25,4.81181989053)) ;
#2046=CARTESIAN_POINT('Control Point',(-24.0474280665,-24.1295677697,5.12446485246)) ;
#2047=CARTESIAN_POINT('Control Point',(-24.0159528657,-23.8814092963,5.37525547074)) ;
#2048=CARTESIAN_POINT('Control Point',(-23.9999967082,-23.5670316428,5.5)) ;
#2049=CARTESIAN_POINT('Control Point',(-24.,-23.25,5.5)) ;
#2050=CARTESIAN_POINT('Vertex',(-24.1493101846,-24.25,4.5)) ;
#2054=CARTESIAN_POINT('Control Point',(-36.5,-24.25,4.5)) ;
#2055=CARTESIAN_POINT('Control Point',(-36.776771675,-24.25,4.77677167503)) ;
#2056=CARTESIAN_POINT('Control Point',(-37.0730361786,-24.1561618736,5.0730660057)) ;
#2057=CARTESIAN_POINT('Control Point',(-37.3711597772,-23.9260503831,5.3711633338)) ;
#2058=CARTESIAN_POINT('Control Point',(-37.5,-23.566250386,5.5)) ;
#2059=CARTESIAN_POINT('Control Point',(-37.5,-23.25,5.5)) ;
#2060=CARTESIAN_POINT('Vertex',(-36.5,-24.25,4.5)) ;
#2063=CARTESIAN_POINT('Line Origine',(0.,-24.25,4.5)) ;
#2075=CARTESIAN_POINT('Axis2P3D Location',(-24.5,0.25,3.5635083269)) ;
#2080=CARTESIAN_POINT('Axis2P3D Location',(-24.5,-23.25,3.5635083269)) ;
#2084=CARTESIAN_POINT('Vertex',(-22.5,-23.25,3.56350832619)) ;
#2087=CARTESIAN_POINT('Line Origine',(-22.5,0.25,3.5635083269)) ;
#2091=CARTESIAN_POINT('Vertex',(-22.5,-4.75,3.56350832619)) ;
#2095=CARTESIAN_POINT('Control Point',(-24.,-6.25,5.5)) ;
#2096=CARTESIAN_POINT('Control Point',(-23.5465469336,-5.79654693359,5.3829189217)) ;
#2097=CARTESIAN_POINT('Control Point',(-23.0967034814,-5.34682862896,5.12730060562)) ;
#2098=CARTESIAN_POINT('Control Point',(-22.6833736087,-4.93332374966,4.68789103778)) ;
#2099=CARTESIAN_POINT('Control Point',(-22.5,-4.75,4.10207731102)) ;
#2100=CARTESIAN_POINT('Control Point',(-22.5,-4.75,3.5635083269)) ;
#2109=CARTESIAN_POINT('Axis2P3D Location',(-30.,-18.,-28.5)) ;
#2114=CARTESIAN_POINT('Line Origine',(-29.,-18.,-28.5)) ;
#2119=CARTESIAN_POINT('Line Origine',(-31.,-18.,-28.5)) ;
#2138=CARTESIAN_POINT('Line Origine',(37.5,16.75,22.7)) ;
#2142=CARTESIAN_POINT('Vertex',(37.5,21.25,22.6999999993)) ;
#2145=CARTESIAN_POINT('Line Origine',(30.,21.25,22.7)) ;
#2157=CARTESIAN_POINT('Line Origine',(37.5,21.25,28.2008333332)) ;
#2161=CARTESIAN_POINT('Vertex',(37.5,21.25,33.7016666662)) ;
#2164=CARTESIAN_POINT('Line Origine',(30.,21.25,33.7016666667)) ;
#2176=CARTESIAN_POINT('Line Origine',(37.5,16.75,33.7016666667)) ;
#2188=CARTESIAN_POINT('Axis2P3D Location',(12.5,-21.1100093633,28.1777746931)) ;
#2193=CARTESIAN_POINT('Line Origine',(21.1618558605,-21.1100093629,23.1805501582)) ;
#2197=CARTESIAN_POINT('Vertex',(21.1618558603,2.24999999963,23.1805501579)) ;
#2200=CARTESIAN_POINT('Axis2P3D Location',(12.5,2.24999999963,28.1777746931)) ;
#2212=CARTESIAN_POINT('Axis2P3D Location',(24.5,2.25,-5.5)) ;
#2217=CARTESIAN_POINT('Axis2P3D Location',(24.5,2.25,46.5)) ;
#2221=CARTESIAN_POINT('Vertex',(24.5,0.25,46.5)) ;
#2225=CARTESIAN_POINT('Control Point',(24.5,0.25,28.1777746938)) ;
#2226=CARTESIAN_POINT('Control Point',(23.8716814693,0.25,28.1777746937)) ;
#2227=CARTESIAN_POINT('Control Point',(23.2427767133,0.496030008091,28.1777746935)) ;
#2228=CARTESIAN_POINT('Control Point',(22.7460300081,0.992776713274,28.1777746934)) ;
#2229=CARTESIAN_POINT('Control Point',(22.5,1.62168146928,28.1777746932)) ;
#2230=CARTESIAN_POINT('Control Point',(22.5,2.25,28.1777746931)) ;
#2231=CARTESIAN_POINT('Vertex',(24.5,0.25,28.1777746938)) ;
#2234=CARTESIAN_POINT('Line Origine',(24.5,0.25,-5.5)) ;
#2246=CARTESIAN_POINT('Axis2P3D Location',(24.5,-2.75,46.5)) ;
#2251=CARTESIAN_POINT('Axis2P3D Location',(24.5,-2.75,51.5)) ;
#2255=CARTESIAN_POINT('Vertex',(24.5,-2.75,49.5)) ;
#2258=CARTESIAN_POINT('Axis2P3D Location',(24.5,-2.75,46.5)) ;
#2270=CARTESIAN_POINT('Axis2P3D Location',(24.5,-12.25,51.5)) ;
#2275=CARTESIAN_POINT('Line Origine',(24.5,-12.25,49.5)) ;
#2279=CARTESIAN_POINT('Vertex',(24.5,-23.25,49.5)) ;
#2282=CARTESIAN_POINT('Axis2P3D Location',(24.5,-23.25,51.5)) ;
#2294=CARTESIAN_POINT('Axis2P3D Location',(23.5,-23.25,0.)) ;
#2299=CARTESIAN_POINT('Axis2P3D Location',(23.5,-23.25,51.5)) ;
#2303=CARTESIAN_POINT('Vertex',(23.5,-24.25,51.5)) ;
#2306=CARTESIAN_POINT('Line Origine',(23.5,-24.25,0.)) ;
#2310=CARTESIAN_POINT('Vertex',(23.5,-24.25,59.5)) ;
#2314=CARTESIAN_POINT('Control Point',(22.5,-23.25,60.5)) ;
#2315=CARTESIAN_POINT('Control Point',(22.5,-23.5660331032,60.5)) ;
#2316=CARTESIAN_POINT('Control Point',(22.6281338754,-23.9248289639,60.3718734397)) ;
#2317=CARTESIAN_POINT('Control Point',(22.9266394177,-24.156529019,60.0733023648)) ;
#2318=CARTESIAN_POINT('Control Point',(23.2234184835,-24.25,59.7765815165)) ;
#2319=CARTESIAN_POINT('Control Point',(23.5,-24.25,59.5)) ;
#2328=CARTESIAN_POINT('Axis2P3D Location',(25.5,-12.25,47.7016666667)) ;
#2333=CARTESIAN_POINT('Line Origine',(25.5,-12.25,50.7016666667)) ;
#2337=CARTESIAN_POINT('Vertex',(25.5,24.25,50.7016666662)) ;
#2340=CARTESIAN_POINT('Axis2P3D Location',(25.5,24.25,47.7016666667)) ;
#2352=CARTESIAN_POINT('Line Origine',(37.5,24.25,29.2008333327)) ;
#2356=CARTESIAN_POINT('Vertex',(37.5,24.25,47.7016666662)) ;
#2358=CARTESIAN_POINT('Vertex',(37.5,24.25,10.6999999993)) ;
#2361=CARTESIAN_POINT('Axis2P3D Location',(34.4999999969,24.25,10.7000000024)) ;
#2365=CARTESIAN_POINT('Vertex',(34.5,24.25,7.69999999925)) ;
#2368=CARTESIAN_POINT('Line Origine',(30.,24.25,7.69999999925)) ;
#2372=CARTESIAN_POINT('Vertex',(25.5,24.25,7.69999999925)) ;
#2375=CARTESIAN_POINT('Axis2P3D Location',(25.5000000031,24.25,10.7000000024)) ;
#2380=CARTESIAN_POINT('Line Origine',(30.,24.25,50.7016666662)) ;
#2384=CARTESIAN_POINT('Vertex',(34.5,24.25,50.7016666662)) ;
#2387=CARTESIAN_POINT('Axis2P3D Location',(34.5000000001,24.25,47.7016666663)) ;
#2403=CARTESIAN_POINT('Control Point',(31.5,24.25,37.6500000004)) ;
#2404=CARTESIAN_POINT('Control Point',(31.5,24.25,37.8299959172)) ;
#2405=CARTESIAN_POINT('Control Point',(31.473001225,24.25,38.0099911976)) ;
#2406=CARTESIAN_POINT('Control Point',(31.4189874096,24.25,38.1846044479)) ;
#2407=CARTESIAN_POINT('Control Point',(31.2602861127,24.25,38.5122088903)) ;
#2408=CARTESIAN_POINT('Control Point',(31.0124540504,24.25,38.7788326112)) ;
#2409=CARTESIAN_POINT('Control Point',(30.8692804693,24.25,38.892448652)) ;
#2410=CARTESIAN_POINT('Control Point',(30.5533192542,24.25,39.0732227731)) ;
#2411=CARTESIAN_POINT('Control Point',(30.1982275496,24.25,39.1533403172)) ;
#2412=CARTESIAN_POINT('Control Point',(30.0159088495,24.25,39.1662697957)) ;
#2413=CARTESIAN_POINT('Control Point',(29.6530620591,24.25,39.137063994)) ;
#2414=CARTESIAN_POINT('Control Point',(29.3147544606,24.25,39.0026879982)) ;
#2415=CARTESIAN_POINT('Control Point',(29.1569798126,24.25,38.9104142769)) ;
#2416=CARTESIAN_POINT('Control Point',(28.8740002712,24.25,38.6814309806)) ;
#2417=CARTESIAN_POINT('Control Point',(28.6706573565,24.25,38.3795028482)) ;
#2418=CARTESIAN_POINT('Control Point',(28.5925419786,24.25,38.2142597853)) ;
#2419=CARTESIAN_POINT('Control Point',(28.5281151658,24.25,37.9987381)) ;
#2420=CARTESIAN_POINT('Control Point',(28.5045146767,24.25,37.7773977453)) ;
#2421=CARTESIAN_POINT('Control Point',(28.5015023807,24.25,37.7349201602)) ;
#2422=CARTESIAN_POINT('Control Point',(28.5,24.25,37.6924600626)) ;
#2423=CARTESIAN_POINT('Control Point',(28.5,24.25,37.6500000004)) ;
#2424=CARTESIAN_POINT('Vertex',(31.5,24.25,37.65)) ;
#2426=CARTESIAN_POINT('Vertex',(28.5,24.25,37.65)) ;
#2430=CARTESIAN_POINT('Control Point',(28.5,24.25,37.6500000004)) ;
#2431=CARTESIAN_POINT('Control Point',(28.5,24.25,37.4700040837)) ;
#2432=CARTESIAN_POINT('Control Point',(28.526998775,24.25,37.2900088035)) ;
#2433=CARTESIAN_POINT('Control Point',(28.5810125905,24.25,37.1153955507)) ;
#2434=CARTESIAN_POINT('Control Point',(28.7397138872,24.25,36.7877911089)) ;
#2435=CARTESIAN_POINT('Control Point',(28.9875459489,24.25,36.5211673884)) ;
#2436=CARTESIAN_POINT('Control Point',(29.1307195316,24.25,36.4075513483)) ;
#2437=CARTESIAN_POINT('Control Point',(29.4466807457,24.25,36.2267772278)) ;
#2438=CARTESIAN_POINT('Control Point',(29.8017724491,24.25,36.1466596838)) ;
#2439=CARTESIAN_POINT('Control Point',(29.9840911518,24.25,36.1337302033)) ;
#2440=CARTESIAN_POINT('Control Point',(30.3469379381,24.25,36.1629360048)) ;
#2441=CARTESIAN_POINT('Control Point',(30.6852455331,24.25,36.2973119982)) ;
#2442=CARTESIAN_POINT('Control Point',(30.8430201927,24.25,36.3895857263)) ;
#2443=CARTESIAN_POINT('Control Point',(31.1259997305,24.25,36.6185690209)) ;
#2444=CARTESIAN_POINT('Control Point',(31.3293426431,24.25,36.9204971502)) ;
#2445=CARTESIAN_POINT('Control Point',(31.4074580216,24.25,37.085740216)) ;
#2446=CARTESIAN_POINT('Control Point',(31.4718848342,24.25,37.301261901)) ;
#2447=CARTESIAN_POINT('Control Point',(31.4954853233,24.25,37.5226022555)) ;
#2448=CARTESIAN_POINT('Control Point',(31.4984976193,24.25,37.5650798405)) ;
#2449=CARTESIAN_POINT('Control Point',(31.5,24.25,37.6075399382)) ;
#2450=CARTESIAN_POINT('Control Point',(31.5,24.25,37.6500000004)) ;
#2457=CARTESIAN_POINT('Control Point',(31.5,24.25,17.6500000004)) ;
#2458=CARTESIAN_POINT('Control Point',(31.5,24.25,17.8299959172)) ;
#2459=CARTESIAN_POINT('Control Point',(31.473001225,24.25,18.0099911976)) ;
#2460=CARTESIAN_POINT('Control Point',(31.4189874096,24.25,18.1846044479)) ;
#2461=CARTESIAN_POINT('Control Point',(31.2602861127,24.25,18.5122088903)) ;
#2462=CARTESIAN_POINT('Control Point',(31.0124540504,24.25,18.7788326112)) ;
#2463=CARTESIAN_POINT('Control Point',(30.8692804693,24.25,18.892448652)) ;
#2464=CARTESIAN_POINT('Control Point',(30.5533192542,24.25,19.0732227731)) ;
#2465=CARTESIAN_POINT('Control Point',(30.1982275496,24.25,19.1533403172)) ;
#2466=CARTESIAN_POINT('Control Point',(30.0159088495,24.25,19.1662697957)) ;
#2467=CARTESIAN_POINT('Control Point',(29.6530620591,24.25,19.137063994)) ;
#2468=CARTESIAN_POINT('Control Point',(29.3147544606,24.25,19.0026879982)) ;
#2469=CARTESIAN_POINT('Control Point',(29.1569798126,24.25,18.9104142768)) ;
#2470=CARTESIAN_POINT('Control Point',(28.8740002712,24.25,18.6814309806)) ;
#2471=CARTESIAN_POINT('Control Point',(28.6706573565,24.25,18.3795028482)) ;
#2472=CARTESIAN_POINT('Control Point',(28.5925419786,24.25,18.2142597853)) ;
#2473=CARTESIAN_POINT('Control Point',(28.5281151658,24.25,17.9987381)) ;
#2474=CARTESIAN_POINT('Control Point',(28.5045146767,24.25,17.7773977453)) ;
#2475=CARTESIAN_POINT('Control Point',(28.5015023807,24.25,17.7349201602)) ;
#2476=CARTESIAN_POINT('Control Point',(28.5,24.25,17.6924600626)) ;
#2477=CARTESIAN_POINT('Control Point',(28.5,24.25,17.6500000004)) ;
#2478=CARTESIAN_POINT('Vertex',(31.5,24.25,17.65)) ;
#2480=CARTESIAN_POINT('Vertex',(28.5,24.25,17.65)) ;
#2484=CARTESIAN_POINT('Control Point',(28.5,24.25,17.6500000004)) ;
#2485=CARTESIAN_POINT('Control Point',(28.5,24.25,17.4700040837)) ;
#2486=CARTESIAN_POINT('Control Point',(28.526998775,24.25,17.2900088035)) ;
#2487=CARTESIAN_POINT('Control Point',(28.5810125905,24.25,17.1153955507)) ;
#2488=CARTESIAN_POINT('Control Point',(28.7397138872,24.25,16.7877911089)) ;
#2489=CARTESIAN_POINT('Control Point',(28.9875459489,24.25,16.5211673884)) ;
#2490=CARTESIAN_POINT('Control Point',(29.1307195316,24.25,16.4075513483)) ;
#2491=CARTESIAN_POINT('Control Point',(29.4466807457,24.25,16.2267772278)) ;
#2492=CARTESIAN_POINT('Control Point',(29.8017724491,24.25,16.1466596838)) ;
#2493=CARTESIAN_POINT('Control Point',(29.9840911518,24.25,16.1337302033)) ;
#2494=CARTESIAN_POINT('Control Point',(30.3469379382,24.25,16.1629360048)) ;
#2495=CARTESIAN_POINT('Control Point',(30.6852455331,24.25,16.2973119982)) ;
#2496=CARTESIAN_POINT('Control Point',(30.8430201927,24.25,16.3895857263)) ;
#2497=CARTESIAN_POINT('Control Point',(31.1259997305,24.25,16.6185690209)) ;
#2498=CARTESIAN_POINT('Control Point',(31.3293426431,24.25,16.9204971502)) ;
#2499=CARTESIAN_POINT('Control Point',(31.4074580216,24.25,17.085740216)) ;
#2500=CARTESIAN_POINT('Control Point',(31.4718848342,24.25,17.301261901)) ;
#2501=CARTESIAN_POINT('Control Point',(31.4954853233,24.25,17.5226022555)) ;
#2502=CARTESIAN_POINT('Control Point',(31.4984976193,24.25,17.5650798405)) ;
#2503=CARTESIAN_POINT('Control Point',(31.5,24.25,17.6075399382)) ;
#2504=CARTESIAN_POINT('Control Point',(31.5,24.25,17.6500000004)) ;
#2511=CARTESIAN_POINT('Axis2P3D Location',(25.5,-6.65145169115,10.7)) ;
#2516=CARTESIAN_POINT('Line Origine',(25.5,-6.65145169199,7.7)) ;
#2528=CARTESIAN_POINT('Axis2P3D Location',(-22.5,-4.75,-5.5)) ;
#2533=CARTESIAN_POINT('Line Origine',(-21.5,-3.74999999999,-8.)) ;
#2537=CARTESIAN_POINT('Vertex',(-19.,-1.25,-10.5)) ;
#2539=CARTESIAN_POINT('Vertex',(-24.,-6.25,-5.5)) ;
#2543=CARTESIAN_POINT('Control Point',(-19.0000000006,-1.25000000063,-10.5)) ;
#2544=CARTESIAN_POINT('Control Point',(-18.7141649743,-0.964164974302,-10.7143762697)) ;
#2545=CARTESIAN_POINT('Control Point',(-18.4202851894,-0.670285189418,-10.9148394241)) ;
#2546=CARTESIAN_POINT('Control Point',(-18.1187175899,-0.368717589897,-11.1014411343)) ;
#2547=CARTESIAN_POINT('Control Point',(-17.8118654737,-0.0618654736829,-11.2731355218)) ;
#2548=CARTESIAN_POINT('Control Point',(-17.5,0.250000000039,-11.4302855507)) ;
#2549=CARTESIAN_POINT('Vertex',(-17.5,0.25,-11.4302855507)) ;
#2552=CARTESIAN_POINT('Line Origine',(-17.5,0.250000000039,-1.15795363672)) ;
#2556=CARTESIAN_POINT('Vertex',(-17.5,0.25,9.11437827721)) ;
#2560=CARTESIAN_POINT('Control Point',(-17.5,0.250000000039,9.11437827721)) ;
#2561=CARTESIAN_POINT('Control Point',(-17.499875319,0.250124681002,9.26370020887)) ;
#2562=CARTESIAN_POINT('Control Point',(-17.4908100536,0.259189946446,9.41170707486)) ;
#2563=CARTESIAN_POINT('Control Point',(-17.473318204,0.276681796018,9.5571336556)) ;
#2564=CARTESIAN_POINT('Control Point',(-17.4346116239,0.315388376056,9.78224546959)) ;
#2565=CARTESIAN_POINT('Control Point',(-17.3800446634,0.369955336567,10.0008589)) ;
#2566=CARTESIAN_POINT('Control Point',(-17.3585435287,0.391456471255,10.0783460158)) ;
#2567=CARTESIAN_POINT('Control Point',(-17.3109635659,0.439036434087,10.2343546254)) ;
#2568=CARTESIAN_POINT('Control Point',(-17.2562690588,0.493730941182,10.384967898)) ;
#2569=CARTESIAN_POINT('Control Point',(-17.2263866287,0.523613371273,10.4607811456)) ;
#2570=CARTESIAN_POINT('Control Point',(-17.1620018717,0.587998128273,10.6120468814)) ;
#2571=CARTESIAN_POINT('Control Point',(-17.0905580191,0.659441980924,10.7573585354)) ;
#2572=CARTESIAN_POINT('Control Point',(-17.0523414259,0.697658574066,10.8299884731)) ;
#2573=CARTESIAN_POINT('Control Point',(-16.930678486,0.819321514038,11.0465506299)) ;
#2574=CARTESIAN_POINT('Control Point',(-16.7948571929,0.955142807068,11.2457653482)) ;
#2575=CARTESIAN_POINT('Control Point',(-16.6985276549,1.05147234507,11.369808824)) ;
#2576=CARTESIAN_POINT('Control Point',(-16.5441418038,1.2058581962,11.5442088472)) ;
#2577=CARTESIAN_POINT('Control Point',(-16.3787891602,1.37121083976,11.6974003824)) ;
#2578=CARTESIAN_POINT('Control Point',(-16.3223710434,1.42762895661,11.7461719827)) ;
#2579=CARTESIAN_POINT('Control Point',(-16.2082047764,1.54179522359,11.8379353868)) ;
#2580=CARTESIAN_POINT('Control Point',(-16.0904902077,1.65950979228,11.9187876199)) ;
#2581=CARTESIAN_POINT('Control Point',(-16.0308084854,1.71919151458,11.956419957)) ;
#2582=CARTESIAN_POINT('Control Point',(-15.8921187179,1.85788128214,12.0362791737)) ;
#2583=CARTESIAN_POINT('Control Point',(-15.7490199953,2.00098000466,12.1016489386)) ;
#2584=CARTESIAN_POINT('Control Point',(-15.6667518927,2.08324810729,12.1338962142)) ;
#2585=CARTESIAN_POINT('Control Point',(-15.5837613238,2.1662386762,12.160886179)) ;
#2586=CARTESIAN_POINT('Control Point',(-15.4999999999,2.25000000006,12.1824583653)) ;
#2588=CARTESIAN_POINT('Line Origine',(-22.5,-4.75,0.)) ;
#2592=CARTESIAN_POINT('Vertex',(-22.5,-4.75,-3.56350832619)) ;
#2596=CARTESIAN_POINT('Control Point',(-22.5,-4.75,-3.56350832619)) ;
#2597=CARTESIAN_POINT('Control Point',(-22.5,-4.75,-3.73507047697)) ;
#2598=CARTESIAN_POINT('Control Point',(-22.5183961955,-4.76839619551,-3.91075947736)) ;
#2599=CARTESIAN_POINT('Control Point',(-22.5569707421,-4.8069707421,-4.0858158201)) ;
#2600=CARTESIAN_POINT('Control Point',(-22.6788693493,-4.9288693493,-4.44080109055)) ;
#2601=CARTESIAN_POINT('Control Point',(-22.8753477101,-5.12534771013,-4.75337894195)) ;
#2602=CARTESIAN_POINT('Control Point',(-22.995351474,-5.24535147401,-4.90057800213)) ;
#2603=CARTESIAN_POINT('Control Point',(-23.2544772517,-5.50447725175,-5.15287049537)) ;
#2604=CARTESIAN_POINT('Control Point',(-23.5480730828,-5.79807308276,-5.3343178649)) ;
#2605=CARTESIAN_POINT('Control Point',(-23.6969349099,-5.94693490994,-5.40589893731)) ;
#2606=CARTESIAN_POINT('Control Point',(-23.8482772331,-6.0982772331,-5.4608253502)) ;
#2607=CARTESIAN_POINT('Control Point',(-23.9999999994,-6.24999999935,-5.5)) ;
#2621=CARTESIAN_POINT('Axis2P3D Location',(34.5,-81.258771255,57.5)) ;
#2626=CARTESIAN_POINT('Axis2P3D Location',(34.5,-23.2499999993,57.5)) ;
#2630=CARTESIAN_POINT('Vertex',(37.5,-23.25,57.5)) ;
#2633=CARTESIAN_POINT('Line Origine',(37.5,-81.2587712556,57.5)) ;
#2645=CARTESIAN_POINT('Axis2P3D Location',(37.5,-12.25,-5.5)) ;
#2650=CARTESIAN_POINT('Line Origine',(37.5,18.25,10.6999999993)) ;
#2655=CARTESIAN_POINT('Line Origine',(37.5,18.25,47.7016666662)) ;
#2660=CARTESIAN_POINT('Line Origine',(37.5,-23.25,54.5)) ;
#2664=CARTESIAN_POINT('Vertex',(37.5,-23.25,51.5)) ;
#2667=CARTESIAN_POINT('Line Origine',(37.5,-13.,51.5)) ;
#2671=CARTESIAN_POINT('Vertex',(37.5,-2.75,51.5)) ;
#2675=CARTESIAN_POINT('Control Point',(37.5,-2.75,51.5)) ;
#2676=CARTESIAN_POINT('Control Point',(37.5,-2.20228629483,51.5)) ;
#2677=CARTESIAN_POINT('Control Point',(37.5,-1.65457311998,51.4250024243)) ;
#2678=CARTESIAN_POINT('Control Point',(37.5,-1.12051380756,51.2749749743)) ;
#2679=CARTESIAN_POINT('Control Point',(37.5,-0.107223489002,50.832589608)) ;
#2680=CARTESIAN_POINT('Control Point',(37.5,0.749846778311,50.1340998145)) ;
#2681=CARTESIAN_POINT('Control Point',(37.5,1.12765405428,49.7279111336)) ;
#2682=CARTESIAN_POINT('Control Point',(37.5,1.72041388106,48.8823849279)) ;
#2683=CARTESIAN_POINT('Control Point',(37.5,2.08051975919,47.9171100254)) ;
#2684=CARTESIAN_POINT('Control Point',(37.5,2.19351137255,47.4506938512)) ;
#2685=CARTESIAN_POINT('Control Point',(37.5,2.25,46.9753467259)) ;
#2686=CARTESIAN_POINT('Control Point',(37.5,2.25,46.5)) ;
#2687=CARTESIAN_POINT('Vertex',(37.5,2.25,46.5)) ;
#2690=CARTESIAN_POINT('Line Origine',(37.5,2.25,27.5)) ;
#2694=CARTESIAN_POINT('Vertex',(37.5,2.25,8.5)) ;
#2698=CARTESIAN_POINT('Control Point',(37.5,2.25,8.5)) ;
#2699=CARTESIAN_POINT('Control Point',(37.5,2.25,7.95228629482)) ;
#2700=CARTESIAN_POINT('Control Point',(37.5,2.17500242429,7.40457311995)) ;
#2701=CARTESIAN_POINT('Control Point',(37.5,2.0249749743,6.87051380759)) ;
#2702=CARTESIAN_POINT('Control Point',(37.5,1.58258960797,5.85722348901)) ;
#2703=CARTESIAN_POINT('Control Point',(37.5,0.884099814458,5.00015322169)) ;
#2704=CARTESIAN_POINT('Control Point',(37.5,0.477911133606,4.62234594573)) ;
#2705=CARTESIAN_POINT('Control Point',(37.5,-0.36761507205,4.02958611894)) ;
#2706=CARTESIAN_POINT('Control Point',(37.5,-1.33288997458,3.66948024081)) ;
#2707=CARTESIAN_POINT('Control Point',(37.5,-1.79930614877,3.55648862745)) ;
#2708=CARTESIAN_POINT('Control Point',(37.5,-2.2746532741,3.5)) ;
#2709=CARTESIAN_POINT('Control Point',(37.5,-2.75,3.5)) ;
#2710=CARTESIAN_POINT('Vertex',(37.5,-2.75,3.5)) ;
#2713=CARTESIAN_POINT('Line Origine',(37.5,-13.,3.5)) ;
#2717=CARTESIAN_POINT('Vertex',(37.5,-23.25,3.5)) ;
#2720=CARTESIAN_POINT('Line Origine',(37.5,-23.25,0.5)) ;
#2724=CARTESIAN_POINT('Vertex',(37.5,-23.25,-2.5)) ;
#2727=CARTESIAN_POINT('Line Origine',(37.5,-5.5,-2.5)) ;
#2755=CARTESIAN_POINT('Axis2P3D Location',(34.5,-6.65145169115,47.7016666667)) ;
#2760=CARTESIAN_POINT('Line Origine',(34.5,-6.65145169199,50.7016666667)) ;
#2779=CARTESIAN_POINT('Axis2P3D Location',(26.4,-81.258771255,52.9)) ;
#2784=CARTESIAN_POINT('Line Origine',(26.4,-5.49999999934,52.9)) ;
#2788=CARTESIAN_POINT('Vertex',(26.4,-23.2499999993,52.9)) ;
#2791=CARTESIAN_POINT('Line Origine',(29.9999999996,-23.2499999993,52.9)) ;
#2795=CARTESIAN_POINT('Vertex',(33.6,-23.2499999993,52.9)) ;
#2798=CARTESIAN_POINT('Line Origine',(33.5999999993,-5.49999999934,52.9)) ;
#2809=CARTESIAN_POINT('Axis2P3D Location',(29.9999999996,-17.9999999993,52.9)) ;
#2813=CARTESIAN_POINT('Vertex',(28.9999999996,-17.9999999993,52.9)) ;
#2815=CARTESIAN_POINT('Vertex',(31.,-18.,52.9000000004)) ;
#2818=CARTESIAN_POINT('Axis2P3D Location',(29.9999999996,-17.9999999993,52.9)) ;
#2828=CARTESIAN_POINT('Axis2P3D Location',(33.6,-81.258771255,52.9)) ;
#2833=CARTESIAN_POINT('Line Origine',(33.6,-23.2499999993,55.4)) ;
#2837=CARTESIAN_POINT('Vertex',(33.6,-23.2499999993,57.9)) ;
#2840=CARTESIAN_POINT('Line Origine',(33.6,-5.49999999934,57.9)) ;
#2852=CARTESIAN_POINT('Axis2P3D Location',(33.6,-81.258771255,57.9)) ;
#2857=CARTESIAN_POINT('Line Origine',(30.0000000004,-23.2499999993,57.9)) ;
#2861=CARTESIAN_POINT('Vertex',(26.4000000007,-23.2499999993,57.9)) ;
#2864=CARTESIAN_POINT('Line Origine',(26.4000000007,-5.49999999934,57.9)) ;
#2875=CARTESIAN_POINT('Axis2P3D Location',(30.0000000004,-17.9999999993,57.9)) ;
#2879=CARTESIAN_POINT('Vertex',(29.,-18.,57.9000000004)) ;
#2881=CARTESIAN_POINT('Vertex',(31.0000000004,-17.9999999993,57.9)) ;
#2884=CARTESIAN_POINT('Axis2P3D Location',(30.0000000004,-17.9999999993,57.9)) ;
#2894=CARTESIAN_POINT('Axis2P3D Location',(26.4,-81.258771255,57.9)) ;
#2899=CARTESIAN_POINT('Line Origine',(26.4,-23.2499999993,55.4)) ;
#2911=CARTESIAN_POINT('Axis2P3D Location',(-13.,2.25,2.5)) ;
#2916=CARTESIAN_POINT('Axis2P3D Location',(-13.,2.25,10.5)) ;
#2920=CARTESIAN_POINT('Vertex',(-13.,0.25,10.5)) ;
#2923=CARTESIAN_POINT('Axis2P3D Location',(-13.,0.25,2.5)) ;
#2935=CARTESIAN_POINT('Axis2P3D Location',(15.,0.25,12.5)) ;
#2940=CARTESIAN_POINT('Line Origine',(-1.88781962264,2.25,12.5)) ;
#2944=CARTESIAN_POINT('Vertex',(9.22436075471,2.25,12.5)) ;
#2947=CARTESIAN_POINT('Line Origine',(9.22436075471,7.25,12.5)) ;
#2958=CARTESIAN_POINT('Axis2P3D Location',(-2.,6.25,12.5)) ;
#2962=CARTESIAN_POINT('Vertex',(0.5,6.25,12.5)) ;
#2964=CARTESIAN_POINT('Vertex',(-4.5,6.25,12.5)) ;
#2967=CARTESIAN_POINT('Axis2P3D Location',(-2.,6.25,12.5)) ;
#2977=CARTESIAN_POINT('Axis2P3D Location',(-33.5,20.25,-2.4)) ;
#2982=CARTESIAN_POINT('Line Origine',(-30.,20.25,-2.4)) ;
#2987=CARTESIAN_POINT('Line Origine',(-36.5,18.25,-2.4)) ;
#2991=CARTESIAN_POINT('Vertex',(-36.5,24.25,-2.4)) ;
#2994=CARTESIAN_POINT('Line Origine',(-30.,24.25,-2.4)) ;
#2998=CARTESIAN_POINT('Vertex',(-23.5,24.25,-2.4)) ;
#3001=CARTESIAN_POINT('Line Origine',(-23.5,18.25,-2.4)) ;
#3017=CARTESIAN_POINT('Axis2P3D Location',(-23.5,20.25,-1.4)) ;
#3022=CARTESIAN_POINT('Axis2P3D Location',(-23.5,24.25,-1.4)) ;
#3026=CARTESIAN_POINT('Vertex',(-22.5,24.25,-1.40000000075)) ;
#3029=CARTESIAN_POINT('Line Origine',(-22.5,20.25,-1.4)) ;
#3041=CARTESIAN_POINT('Axis2P3D Location',(-22.5,20.25,2.4)) ;
#3046=CARTESIAN_POINT('Line Origine',(-22.5,24.25,-3.72530895021E-10)) ;
#3050=CARTESIAN_POINT('Vertex',(-22.5,24.25,1.4)) ;
#3053=CARTESIAN_POINT('Line Origine',(-22.5,18.25,1.4)) ;
#3065=CARTESIAN_POINT('Axis2P3D Location',(-23.5,20.25,1.4)) ;
#3070=CARTESIAN_POINT('Axis2P3D Location',(-23.5,24.25,1.4)) ;
#3074=CARTESIAN_POINT('Vertex',(-23.5,24.25,2.4)) ;
#3077=CARTESIAN_POINT('Line Origine',(-23.5,20.25,2.4)) ;
#3089=CARTESIAN_POINT('Axis2P3D Location',(-37.5,20.25,2.4)) ;
#3094=CARTESIAN_POINT('Line Origine',(-30.,20.25,2.4)) ;
#3099=CARTESIAN_POINT('Line Origine',(-30.,24.25,2.4)) ;
#3103=CARTESIAN_POINT('Vertex',(-36.5,24.25,2.4)) ;
#3106=CARTESIAN_POINT('Line Origine',(-36.5,18.25,2.4)) ;
#3122=CARTESIAN_POINT('Axis2P3D Location',(-36.5,20.25,1.4)) ;
#3127=CARTESIAN_POINT('Axis2P3D Location',(-36.5,24.25,1.4)) ;
#3139=CARTESIAN_POINT('Axis2P3D Location',(9.224360754,0.25,22.5)) ;
#3144=CARTESIAN_POINT('Axis2P3D Location',(9.224360754,2.25,22.5)) ;
#3148=CARTESIAN_POINT('Vertex',(17.8862166145,2.24999999963,17.5027754652)) ;
#3151=CARTESIAN_POINT('Line Origine',(17.8862166145,0.25,17.5027754651)) ;
#3163=CARTESIAN_POINT('Axis2P3D Location',(5.84350721421,-21.1100093633,-3.37125416204)) ;
#3168=CARTESIAN_POINT('Line Origine',(19.5240362374,2.24999999963,20.3416628115)) ;
#3180=CARTESIAN_POINT('Line Origine',(34.5,18.2500000008,7.7)) ;
#3192=CARTESIAN_POINT('Axis2P3D Location',(34.5,-12.25,10.7)) ;
#3204=CARTESIAN_POINT('Axis2P3D Location',(34.5,-12.25,-2.5)) ;
#3209=CARTESIAN_POINT('Axis2P3D Location',(34.5,-23.25,-2.5)) ;
#3213=CARTESIAN_POINT('Vertex',(34.5,-23.25,-5.5)) ;
#3216=CARTESIAN_POINT('Line Origine',(34.5,-12.25,-5.5)) ;
#3228=CARTESIAN_POINT('Axis2P3D Location',(-26.5,0.25,-5.5)) ;
#3233=CARTESIAN_POINT('Line Origine',(29.5,-23.25,-5.5)) ;
#3237=CARTESIAN_POINT('Vertex',(24.5,-23.25,-5.5)) ;
#3240=CARTESIAN_POINT('Line Origine',(24.5,-15.,-5.5)) ;
#3244=CARTESIAN_POINT('Vertex',(24.5,-6.75,-5.5)) ;
#3247=CARTESIAN_POINT('Line Origine',(22.25,-4.5,-5.5)) ;
#3251=CARTESIAN_POINT('Vertex',(20.,-2.25,-5.5)) ;
#3254=CARTESIAN_POINT('Line Origine',(20.,5.,-5.5)) ;
#3267=CARTESIAN_POINT('Axis2P3D Location',(30.,-18.,-5.5)) ;
#3271=CARTESIAN_POINT('Vertex',(31.,-18.,-5.5)) ;
#3273=CARTESIAN_POINT('Vertex',(29.,-18.,-5.5)) ;
#3276=CARTESIAN_POINT('Axis2P3D Location',(30.,-18.,-5.5)) ;
#3286=CARTESIAN_POINT('Axis2P3D Location',(20.,-4.62592926927E-15,-5.5)) ;
#3291=CARTESIAN_POINT('Line Origine',(16.2500000003,0.25,-9.2499999997)) ;
#3295=CARTESIAN_POINT('Vertex',(15.,0.25,-10.5)) ;
#3297=CARTESIAN_POINT('Vertex',(17.5,0.25,-8.)) ;
#3300=CARTESIAN_POINT('Line Origine',(15.,6.25,-10.5)) ;
#3305=CARTESIAN_POINT('Line Origine',(18.7500000003,-1.,-6.74999999968)) ;
#3318=CARTESIAN_POINT('Axis2P3D Location',(9.,0.25,-2.5)) ;
#3323=CARTESIAN_POINT('Axis2P3D Location',(9.,0.25,-2.5)) ;
#3327=CARTESIAN_POINT('Vertex',(9.,0.25,-12.5)) ;
#3330=CARTESIAN_POINT('Line Origine',(9.,0.25,-12.5)) ;
#3342=CARTESIAN_POINT('Axis2P3D Location',(15.,0.25,-12.5)) ;
#3347=CARTESIAN_POINT('Line Origine',(-2.,0.25,-12.5)) ;
#3351=CARTESIAN_POINT('Vertex',(-13.,0.25,-12.5)) ;
#3354=CARTESIAN_POINT('Line Origine',(-13.,6.25,-12.5)) ;
#3365=CARTESIAN_POINT('Axis2P3D Location',(-2.,6.25,-12.5)) ;
#3369=CARTESIAN_POINT('Vertex',(0.5,6.25,-12.5)) ;
#3371=CARTESIAN_POINT('Vertex',(-4.5,6.25,-12.5)) ;
#3374=CARTESIAN_POINT('Axis2P3D Location',(-2.,6.25,-12.5)) ;
#3384=CARTESIAN_POINT('Axis2P3D Location',(-13.,0.25,-2.5)) ;
#3389=CARTESIAN_POINT('Line Origine',(-19.,0.25,-10.5)) ;
#3394=CARTESIAN_POINT('Axis2P3D Location',(-13.,0.25,-2.5)) ;
#3407=CARTESIAN_POINT('Axis2P3D Location',(-19.,0.25,-10.5)) ;
#3412=CARTESIAN_POINT('Line Origine',(-24.,3.,-5.49999999996)) ;
#3424=CARTESIAN_POINT('Line Origine',(-29.25,-23.25,-5.5)) ;
#3428=CARTESIAN_POINT('Vertex',(-24.,-23.25,-5.5)) ;
#3430=CARTESIAN_POINT('Vertex',(-34.5,-23.25,-5.5)) ;
#3433=CARTESIAN_POINT('Line Origine',(-34.5,-5.5,-5.5)) ;
#3438=CARTESIAN_POINT('Line Origine',(-24.,-14.75,-5.5)) ;
#3450=CARTESIAN_POINT('Axis2P3D Location',(-30.,-18.,-5.5)) ;
#3454=CARTESIAN_POINT('Vertex',(-29.,-18.,-5.5)) ;
#3456=CARTESIAN_POINT('Vertex',(-31.,-18.,-5.5)) ;
#3459=CARTESIAN_POINT('Axis2P3D Location',(-30.,-18.,-5.5)) ;
#3469=CARTESIAN_POINT('Axis2P3D Location',(-34.5,-12.25,-2.5)) ;
#3474=CARTESIAN_POINT('Axis2P3D Location',(-34.5,-23.25,-2.5)) ;
#3486=CARTESIAN_POINT('Axis2P3D Location',(-36.5,-12.25,-1.4)) ;
#3491=CARTESIAN_POINT('Axis2P3D Location',(-36.5,24.25,-1.4)) ;
#3503=CARTESIAN_POINT('Axis2P3D Location',(-15.,0.25,-8.)) ;
#3508=CARTESIAN_POINT('Line Origine',(-2.,0.25,-8.)) ;
#3512=CARTESIAN_POINT('Vertex',(8.,0.25,-8.)) ;
#3514=CARTESIAN_POINT('Vertex',(-12.,0.25,-8.)) ;
#3517=CARTESIAN_POINT('Line Origine',(8.,6.25,-8.)) ;
#3522=CARTESIAN_POINT('Line Origine',(-12.,6.25,-8.)) ;
#3534=CARTESIAN_POINT('Control Point',(-7.,6.25,-8.)) ;
#3535=CARTESIAN_POINT('Control Point',(-7.,5.70228629482,-8.)) ;
#3536=CARTESIAN_POINT('Control Point',(-6.92500242429,5.15457311996,-8.)) ;
#3537=CARTESIAN_POINT('Control Point',(-6.7749749743,4.62051380758,-8.)) ;
#3538=CARTESIAN_POINT('Control Point',(-6.33258960796,3.607223489,-8.)) ;
#3539=CARTESIAN_POINT('Control Point',(-5.63409981445,2.75015322168,-8.)) ;
#3540=CARTESIAN_POINT('Control Point',(-5.22791113361,2.37234594573,-8.)) ;
#3541=CARTESIAN_POINT('Control Point',(-4.32257596886,1.73765678784,-8.)) ;
#3542=CARTESIAN_POINT('Control Point',(-3.27995190258,1.36969959348,-8.)) ;
#3543=CARTESIAN_POINT('Control Point',(-2.73644248911,1.25868116525,-8.)) ;
#3544=CARTESIAN_POINT('Control Point',(-1.63303560082,1.18828709623,-8.)) ;
#3545=CARTESIAN_POINT('Control Point',(-0.551322583162,1.41709790445,-8.)) ;
#3546=CARTESIAN_POINT('Control Point',(-0.0295094706638,1.60534949261,-8.)) ;
#3547=CARTESIAN_POINT('Control Point',(0.949140308624,2.11984602717,-8.)) ;
#3548=CARTESIAN_POINT('Control Point',(1.75346052243,2.87848060369,-8.)) ;
#3549=CARTESIAN_POINT('Control Point',(2.10090806784,3.31092458818,-8.)) ;
#3550=CARTESIAN_POINT('Control Point',(2.59348190385,4.13441300652,-8.)) ;
#3551=CARTESIAN_POINT('Control Point',(2.87820118103,5.04651020435,-8.)) ;
#3552=CARTESIAN_POINT('Control Point',(2.95940221226,5.44404400459,-8.)) ;
#3553=CARTESIAN_POINT('Control Point',(3.,5.84702214583,-8.)) ;
#3554=CARTESIAN_POINT('Control Point',(3.,6.25,-8.)) ;
#3555=CARTESIAN_POINT('Vertex',(-7.,6.25,-8.)) ;
#3557=CARTESIAN_POINT('Vertex',(3.,6.25,-8.)) ;
#3561=CARTESIAN_POINT('Control Point',(3.,6.25,-8.)) ;
#3562=CARTESIAN_POINT('Control Point',(3.,6.79771370517,-8.)) ;
#3563=CARTESIAN_POINT('Control Point',(2.92500242429,7.34542688002,-8.)) ;
#3564=CARTESIAN_POINT('Control Point',(2.77497497429,7.87948619244,-8.)) ;
#3565=CARTESIAN_POINT('Control Point',(2.33258960796,8.892776511,-8.)) ;
#3566=CARTESIAN_POINT('Control Point',(1.63409981446,9.74984677831,-8.)) ;
#3567=CARTESIAN_POINT('Control Point',(1.2279111336,10.1276540543,-8.)) ;
#3568=CARTESIAN_POINT('Control Point',(0.322575968859,10.7623432122,-8.)) ;
#3569=CARTESIAN_POINT('Control Point',(-0.720048097411,11.1303004065,-8.)) ;
#3570=CARTESIAN_POINT('Control Point',(-1.26355751089,11.2413188347,-8.)) ;
#3571=CARTESIAN_POINT('Control Point',(-2.36696439918,11.3117129038,-8.)) ;
#3572=CARTESIAN_POINT('Control Point',(-3.44867741684,11.0829020956,-8.)) ;
#3573=CARTESIAN_POINT('Control Point',(-3.97049052934,10.8946505074,-8.)) ;
#3574=CARTESIAN_POINT('Control Point',(-4.94914030862,10.3801539728,-8.)) ;
#3575=CARTESIAN_POINT('Control Point',(-5.75346052243,9.62151939631,-8.)) ;
#3576=CARTESIAN_POINT('Control Point',(-6.10090806784,9.18907541181,-8.)) ;
#3577=CARTESIAN_POINT('Control Point',(-6.59348190386,8.36558699348,-8.)) ;
#3578=CARTESIAN_POINT('Control Point',(-6.87820118103,7.45348979565,-8.)) ;
#3579=CARTESIAN_POINT('Control Point',(-6.95940221226,7.05595599541,-8.)) ;
#3580=CARTESIAN_POINT('Control Point',(-7.,6.65297785417,-8.)) ;
#3581=CARTESIAN_POINT('Control Point',(-7.,6.25,-8.)) ;
#3588=CARTESIAN_POINT('Axis2P3D Location',(8.,0.25,-5.)) ;
#3593=CARTESIAN_POINT('Axis2P3D Location',(8.,0.25,-5.)) ;
#3597=CARTESIAN_POINT('Vertex',(11.,0.25,-5.)) ;
#3600=CARTESIAN_POINT('Line Origine',(11.,0.25,-5.)) ;
#3612=CARTESIAN_POINT('Axis2P3D Location',(11.,0.25,-8.)) ;
#3617=CARTESIAN_POINT('Line Origine',(11.,0.25,0.)) ;
#3621=CARTESIAN_POINT('Vertex',(11.,0.25,5.)) ;
#3624=CARTESIAN_POINT('Line Origine',(11.,6.25,5.)) ;
#3636=CARTESIAN_POINT('Axis2P3D Location',(8.,0.25,5.)) ;
#3641=CARTESIAN_POINT('Axis2P3D Location',(8.,0.25,5.)) ;
#3645=CARTESIAN_POINT('Vertex',(8.,0.25,8.)) ;
#3648=CARTESIAN_POINT('Line Origine',(8.,0.25,8.)) ;
#3660=CARTESIAN_POINT('Axis2P3D Location',(-15.,0.25,8.)) ;
#3665=CARTESIAN_POINT('Line Origine',(-2.,0.25,8.)) ;
#3669=CARTESIAN_POINT('Vertex',(-12.,0.25,8.)) ;
#3672=CARTESIAN_POINT('Line Origine',(-12.,6.25,8.)) ;
#3683=CARTESIAN_POINT('Axis2P3D Location',(-2.,6.25,8.)) ;
#3687=CARTESIAN_POINT('Vertex',(3.,6.25,8.)) ;
#3689=CARTESIAN_POINT('Vertex',(-7.,6.25,8.)) ;
#3692=CARTESIAN_POINT('Axis2P3D Location',(-2.,6.25,8.)) ;
#3702=CARTESIAN_POINT('Axis2P3D Location',(-12.,0.25,5.)) ;
#3707=CARTESIAN_POINT('Axis2P3D Location',(-12.,0.25,5.)) ;
#3711=CARTESIAN_POINT('Vertex',(-15.,0.25,5.)) ;
#3714=CARTESIAN_POINT('Line Origine',(-15.,0.25,5.)) ;
#3726=CARTESIAN_POINT('Axis2P3D Location',(-15.,0.25,-8.)) ;
#3731=CARTESIAN_POINT('Line Origine',(-15.,0.25,0.)) ;
#3735=CARTESIAN_POINT('Vertex',(-15.,0.25,-5.)) ;
#3738=CARTESIAN_POINT('Line Origine',(-15.,6.25,-5.)) ;
#3750=CARTESIAN_POINT('Axis2P3D Location',(-12.,0.25,-5.)) ;
#3755=CARTESIAN_POINT('Axis2P3D Location',(-12.,0.25,-5.)) ;
#3778=CARTESIAN_POINT('Axis2P3D Location',(-36.5,-23.25,0.)) ;
#3783=CARTESIAN_POINT('Axis2P3D Location',(-36.5,-23.25,-2.5)) ;
#3787=CARTESIAN_POINT('Vertex',(-36.5,-24.25,-2.5)) ;
#3790=CARTESIAN_POINT('Line Origine',(-36.5,-24.25,0.)) ;
#3802=CARTESIAN_POINT('Axis2P3D Location',(37.5,-23.25,59.5)) ;
#3807=CARTESIAN_POINT('Line Origine',(37.5,-24.25,59.5)) ;
#3811=CARTESIAN_POINT('Vertex',(34.5,-24.25,59.5)) ;
#3814=CARTESIAN_POINT('Axis2P3D Location',(34.5,-23.25,59.5)) ;
#3826=CARTESIAN_POINT('Axis2P3D Location',(30.,-18.,71.5)) ;
#3831=CARTESIAN_POINT('Line Origine',(31.,-18.,71.5)) ;
#3836=CARTESIAN_POINT('Line Origine',(29.,-18.,71.5)) ;
#3848=CARTESIAN_POINT('Axis2P3D Location',(30.,-18.,71.5)) ;
#3860=CARTESIAN_POINT('Axis2P3D Location',(-24.5,-23.25,3.5635083269)) ;
#3865=CARTESIAN_POINT('Axis2P3D Location',(-23.5,-23.25,3.5635083269)) ;
#3869=CARTESIAN_POINT('Vertex',(-23.5,-24.25,3.56350832619)) ;
#3872=CARTESIAN_POINT('Axis2P3D Location',(-24.5,-24.25,3.5635083269)) ;
#3884=CARTESIAN_POINT('Axis2P3D Location',(-2.96187971269E-15,-24.25,0.)) ;
#3890=CARTESIAN_POINT('Control Point',(-34.5,-24.25,-4.5)) ;
#3891=CARTESIAN_POINT('Control Point',(-34.707843348,-24.25,-4.5)) ;
#3892=CARTESIAN_POINT('Control Point',(-34.9156862188,-24.25,-4.47300071418)) ;
#3893=CARTESIAN_POINT('Control Point',(-35.1188652626,-24.25,-4.41899281607)) ;
#3894=CARTESIAN_POINT('Control Point',(-35.5064992089,-24.25,-4.25945600807)) ;
#3895=CARTESIAN_POINT('Control Point',(-35.8405059265,-24.25,-4.00617751558)) ;
#3896=CARTESIAN_POINT('Control Point',(-35.9900500112,-24.25,-3.85841032407)) ;
#3897=CARTESIAN_POINT('Control Point',(-36.2473028691,-24.25,-3.52745257174)) ;
#3898=CARTESIAN_POINT('Control Point',(-36.4114596647,-24.25,-3.14175446975)) ;
#3899=CARTESIAN_POINT('Control Point',(-36.4678922356,-24.25,-2.93923546568)) ;
#3900=CARTESIAN_POINT('Control Point',(-36.4980514342,-24.25,-2.72695666032)) ;
#3901=CARTESIAN_POINT('Control Point',(-36.4999571552,-24.25,-2.51434069239)) ;
#3902=CARTESIAN_POINT('Control Point',(-36.4999857184,-24.25,-2.50956045194)) ;
#3903=CARTESIAN_POINT('Control Point',(-36.5,-24.25,-2.50478022585)) ;
#3904=CARTESIAN_POINT('Control Point',(-36.5,-24.25,-2.5)) ;
#3905=CARTESIAN_POINT('Vertex',(-34.5,-24.25,-4.5)) ;
#3908=CARTESIAN_POINT('Line Origine',(-29.3246550923,-24.25,-4.5)) ;
#3912=CARTESIAN_POINT('Vertex',(-24.1493101846,-24.25,-4.5)) ;
#3915=CARTESIAN_POINT('Axis2P3D Location',(-24.500000003,-24.25,-3.56350832502)) ;
#3919=CARTESIAN_POINT('Vertex',(-23.5,-24.25,-3.56350832619)) ;
#3922=CARTESIAN_POINT('Line Origine',(-23.5,-24.25,0.)) ;
#3936=CARTESIAN_POINT('Line Origine',(-34.5,-24.25,0.)) ;
#3940=CARTESIAN_POINT('Vertex',(-34.5,-24.25,-3.40000000037)) ;
#3942=CARTESIAN_POINT('Vertex',(-34.5,-24.25,3.40000000037)) ;
#3945=CARTESIAN_POINT('Line Origine',(-30.,-24.25,3.40000000037)) ;
#3949=CARTESIAN_POINT('Vertex',(-25.5,-24.25,3.40000000037)) ;
#3952=CARTESIAN_POINT('Line Origine',(-25.5,-24.25,0.)) ;
#3956=CARTESIAN_POINT('Vertex',(-25.5,-24.25,-3.40000000037)) ;
#3959=CARTESIAN_POINT('Line Origine',(-30.,-24.25,-3.40000000037)) ;
#3971=CARTESIAN_POINT('Line Origine',(-22.5,-23.25,-4.4408920985E-16)) ;
#3975=CARTESIAN_POINT('Vertex',(-22.5,-23.25,-3.56350832619)) ;
#3978=CARTESIAN_POINT('Line Origine',(-22.5,-14.,-3.56350832619)) ;
#3990=CARTESIAN_POINT('Axis2P3D Location',(12.5,2.25,28.1777746931)) ;
#3995=CARTESIAN_POINT('Axis2P3D Location',(22.8942270326,2.25,22.1811052512)) ;
#3999=CARTESIAN_POINT('Vertex',(22.8942270326,0.25,22.1811052512)) ;
#4002=CARTESIAN_POINT('Axis2P3D Location',(12.5,0.25,28.1777746931)) ;
#4014=CARTESIAN_POINT('Axis2P3D Location',(5.78241158659E-17,0.25,0.)) ;
#4019=CARTESIAN_POINT('Line Origine',(-1.88781962264,0.25,10.5)) ;
#4023=CARTESIAN_POINT('Vertex',(9.224360754,0.25,10.5)) ;
#4026=CARTESIAN_POINT('Line Origine',(17.5,0.25,0.25)) ;
#4030=CARTESIAN_POINT('Vertex',(17.5,0.25,8.5)) ;
#4033=CARTESIAN_POINT('Line Origine',(26.5,0.25,8.5)) ;
#4037=CARTESIAN_POINT('Vertex',(35.5,0.25,8.5)) ;
#4040=CARTESIAN_POINT('Line Origine',(35.5,0.25,27.5)) ;
#4044=CARTESIAN_POINT('Vertex',(35.5,0.25,46.5)) ;
#4047=CARTESIAN_POINT('Line Origine',(30.,0.25,46.5)) ;
#4052=CARTESIAN_POINT('Line Origine',(21.2564074099,0.25,19.3422179045)) ;
#4056=CARTESIAN_POINT('Vertex',(19.6185877863,0.25,16.5033305585)) ;
#4060=CARTESIAN_POINT('Control Point',(19.6185877863,0.25,16.5033305585)) ;
#4061=CARTESIAN_POINT('Control Point',(19.0249543403,0.25,15.4743659187)) ;
#4062=CARTESIAN_POINT('Control Point',(18.3039946357,0.25,14.5188592356)) ;
#4063=CARTESIAN_POINT('Control Point',(17.467761805,0.25,13.6577885925)) ;
#4064=CARTESIAN_POINT('Control Point',(15.5997568944,0.25,12.160567987)) ;
#4065=CARTESIAN_POINT('Control Point',(13.4231462698,0.25,11.1638384125)) ;
#4066=CARTESIAN_POINT('Control Point',(12.2782608311,0.25,10.8033313388)) ;
#4067=CARTESIAN_POINT('Control Point',(10.9638172959,0.25,10.5632124223)) ;
#4068=CARTESIAN_POINT('Control Point',(9.63883494342,0.25,10.505966264)) ;
#4069=CARTESIAN_POINT('Control Point',(9.50067053582,0.25,10.5019882055)) ;
#4070=CARTESIAN_POINT('Control Point',(9.36251564234,0.25,10.5)) ;
#4071=CARTESIAN_POINT('Control Point',(9.22436075471,0.25,10.5)) ;
#4090=CARTESIAN_POINT('Axis2P3D Location',(30.,0.25,37.6500000004)) ;
#4094=CARTESIAN_POINT('Vertex',(33.5,0.25,37.65)) ;
#4096=CARTESIAN_POINT('Vertex',(26.5,0.25,37.65)) ;
#4099=CARTESIAN_POINT('Axis2P3D Location',(30.,0.25,37.6500000004)) ;
#4108=CARTESIAN_POINT('Axis2P3D Location',(30.,0.25,17.6500000004)) ;
#4112=CARTESIAN_POINT('Vertex',(33.5,0.25,17.65)) ;
#4114=CARTESIAN_POINT('Vertex',(26.5,0.25,17.65)) ;
#4117=CARTESIAN_POINT('Axis2P3D Location',(30.,0.25,17.6500000004)) ;
#4137=CARTESIAN_POINT('Axis2P3D Location',(22.5,-2.75,46.5)) ;
#4142=CARTESIAN_POINT('Line Origine',(22.5,-2.75,49.5)) ;
#4146=CARTESIAN_POINT('Vertex',(35.5,-2.75,49.5)) ;
#4149=CARTESIAN_POINT('Axis2P3D Location',(35.5,-2.75,46.5)) ;
#4161=CARTESIAN_POINT('Axis2P3D Location',(22.5,-24.25,49.5)) ;
#4166=CARTESIAN_POINT('Line Origine',(35.5,-13.,49.5)) ;
#4170=CARTESIAN_POINT('Vertex',(35.5,-23.25,49.5)) ;
#4173=CARTESIAN_POINT('Line Origine',(30.,-23.25,49.5)) ;
#4184=CARTESIAN_POINT('Axis2P3D Location',(30.,-18.,49.5)) ;
#4188=CARTESIAN_POINT('Vertex',(29.,-18.,49.5)) ;
#4190=CARTESIAN_POINT('Vertex',(31.,-18.,49.5)) ;
#4193=CARTESIAN_POINT('Axis2P3D Location',(30.,-18.,49.5)) ;
#4203=CARTESIAN_POINT('Axis2P3D Location',(24.5,-23.25,51.5)) ;
#4208=CARTESIAN_POINT('Axis2P3D Location',(24.5,-23.25,50.5)) ;
#4212=CARTESIAN_POINT('Vertex',(24.5,-24.25,50.5)) ;
#4215=CARTESIAN_POINT('Axis2P3D Location',(24.5,-24.25,51.5)) ;
#4228=CARTESIAN_POINT('Control Point',(34.5,-24.25,59.5)) ;
#4229=CARTESIAN_POINT('Control Point',(34.707843348,-24.25,59.5)) ;
#4230=CARTESIAN_POINT('Control Point',(34.9156862188,-24.25,59.4730007142)) ;
#4231=CARTESIAN_POINT('Control Point',(35.1188652626,-24.25,59.4189928161)) ;
#4232=CARTESIAN_POINT('Control Point',(35.5064992089,-24.25,59.2594560081)) ;
#4233=CARTESIAN_POINT('Control Point',(35.8405059265,-24.25,59.0061775156)) ;
#4234=CARTESIAN_POINT('Control Point',(35.9900500112,-24.25,58.8584103241)) ;
#4235=CARTESIAN_POINT('Control Point',(36.2473028691,-24.25,58.5274525717)) ;
#4236=CARTESIAN_POINT('Control Point',(36.4114596647,-24.25,58.1417544697)) ;
#4237=CARTESIAN_POINT('Control Point',(36.4678922356,-24.25,57.9392354657)) ;
#4238=CARTESIAN_POINT('Control Point',(36.4980514342,-24.25,57.7269566603)) ;
#4239=CARTESIAN_POINT('Control Point',(36.4999571552,-24.25,57.5143406924)) ;
#4240=CARTESIAN_POINT('Control Point',(36.4999857184,-24.25,57.5095604519)) ;
#4241=CARTESIAN_POINT('Control Point',(36.5,-24.25,57.5047802258)) ;
#4242=CARTESIAN_POINT('Control Point',(36.5,-24.25,57.5)) ;
#4243=CARTESIAN_POINT('Vertex',(36.5,-24.25,57.5)) ;
#4246=CARTESIAN_POINT('Line Origine',(30.,-24.25,50.5)) ;
#4250=CARTESIAN_POINT('Vertex',(35.5,-24.25,50.5)) ;
#4253=CARTESIAN_POINT('Axis2P3D Location',(35.4999999968,-24.25,51.5000000032)) ;
#4257=CARTESIAN_POINT('Vertex',(36.5,-24.25,51.5)) ;
#4260=CARTESIAN_POINT('Line Origine',(36.5,-24.25,54.5)) ;
#4274=CARTESIAN_POINT('Line Origine',(30.,-24.25,51.9000000004)) ;
#4278=CARTESIAN_POINT('Vertex',(34.5999999996,-24.25,51.9000000004)) ;
#4280=CARTESIAN_POINT('Vertex',(25.4000000004,-24.25,51.9000000004)) ;
#4283=CARTESIAN_POINT('Line Origine',(25.4000000004,-24.25,55.4000000004)) ;
#4287=CARTESIAN_POINT('Vertex',(25.4000000004,-24.25,58.9000000004)) ;
#4290=CARTESIAN_POINT('Line Origine',(30.,-24.25,58.9000000004)) ;
#4294=CARTESIAN_POINT('Vertex',(34.5999999996,-24.25,58.9000000004)) ;
#4297=CARTESIAN_POINT('Line Origine',(34.5999999996,-24.25,55.4000000004)) ;
#4309=CARTESIAN_POINT('Axis2P3D Location',(30.,13.25,37.65)) ;
#4314=CARTESIAN_POINT('Line Origine',(28.5,13.25,37.65)) ;
#4318=CARTESIAN_POINT('Vertex',(28.5,9.25,37.65)) ;
#4321=CARTESIAN_POINT('Line Origine',(31.5,13.25,37.65)) ;
#4325=CARTESIAN_POINT('Vertex',(31.5,9.25,37.65)) ;
#4328=CARTESIAN_POINT('Axis2P3D Location',(30.,9.25,37.65)) ;
#4340=CARTESIAN_POINT('Axis2P3D Location',(30.,9.25,37.65)) ;
#4352=CARTESIAN_POINT('Axis2P3D Location',(30.,13.25,17.65)) ;
#4357=CARTESIAN_POINT('Line Origine',(28.5,13.25,17.65)) ;
#4361=CARTESIAN_POINT('Vertex',(28.5,9.25,17.65)) ;
#4364=CARTESIAN_POINT('Line Origine',(31.5,13.25,17.65)) ;
#4368=CARTESIAN_POINT('Vertex',(31.5,9.25,17.65)) ;
#4371=CARTESIAN_POINT('Axis2P3D Location',(30.,9.25,17.65)) ;
#4383=CARTESIAN_POINT('Axis2P3D Location',(30.,9.25,17.65)) ;
#4395=CARTESIAN_POINT('Axis2P3D Location',(-24.5,0.25,-3.5635083269)) ;
#4400=CARTESIAN_POINT('Axis2P3D Location',(-24.5,-23.25,-3.5635083269)) ;
#4412=CARTESIAN_POINT('Axis2P3D Location',(34.5,-23.25,57.5)) ;
#4417=CARTESIAN_POINT('Axis2P3D Location',(36.5,-23.25,57.5)) ;
#4429=CARTESIAN_POINT('Axis2P3D Location',(36.5,-23.25,0.)) ;
#4434=CARTESIAN_POINT('Axis2P3D Location',(36.5,-23.25,51.5)) ;
#4446=CARTESIAN_POINT('Axis2P3D Location',(35.5,-24.25,51.5)) ;
#4451=CARTESIAN_POINT('Axis2P3D Location',(35.5,-23.25,51.5)) ;
#4456=CARTESIAN_POINT('Axis2P3D Location',(35.5,-2.75,51.5)) ;
#4468=CARTESIAN_POINT('Axis2P3D Location',(35.5,-2.75,46.5)) ;
#4473=CARTESIAN_POINT('Axis2P3D Location',(35.5,2.25,46.5)) ;
#4485=CARTESIAN_POINT('Axis2P3D Location',(35.5,2.25,0.)) ;
#4490=CARTESIAN_POINT('Axis2P3D Location',(35.5,2.25,8.5)) ;
#4502=CARTESIAN_POINT('Axis2P3D Location',(35.5,-2.75,8.5)) ;
#4507=CARTESIAN_POINT('Axis2P3D Location',(35.5,-2.75,8.5)) ;
#4511=CARTESIAN_POINT('Vertex',(35.5,-2.75,5.5)) ;
#4514=CARTESIAN_POINT('Axis2P3D Location',(35.5,-2.75,3.5)) ;
#4526=CARTESIAN_POINT('Axis2P3D Location',(35.5,0.,3.5)) ;
#4531=CARTESIAN_POINT('Line Origine',(35.5,0.,5.5)) ;
#4535=CARTESIAN_POINT('Vertex',(35.5,-23.25,5.5)) ;
#4538=CARTESIAN_POINT('Axis2P3D Location',(35.5,-23.25,3.5)) ;
#4550=CARTESIAN_POINT('Line Origine',(36.5,-24.25,0.)) ;
#4554=CARTESIAN_POINT('Vertex',(36.5,-24.25,-2.5)) ;
#4556=CARTESIAN_POINT('Vertex',(36.5,-24.25,3.5)) ;
#4559=CARTESIAN_POINT('Axis2P3D Location',(36.5,-23.25,-2.5)) ;
#4564=CARTESIAN_POINT('Axis2P3D Location',(36.5,-23.25,3.5)) ;
#4576=CARTESIAN_POINT('Axis2P3D Location',(-2.68882138776E-15,-23.25,51.9)) ;
#4582=CARTESIAN_POINT('Control Point',(34.5999999996,-24.25,51.9)) ;
#4583=CARTESIAN_POINT('Control Point',(34.3232283276,-24.25,52.176771672)) ;
#4584=CARTESIAN_POINT('Control Point',(34.0269638154,-24.1561618707,52.4730660122)) ;
#4585=CARTESIAN_POINT('Control Point',(33.7288402225,-23.9260503844,52.7711633337)) ;
#4586=CARTESIAN_POINT('Control Point',(33.5999999996,-23.5662503826,52.9)) ;
#4587=CARTESIAN_POINT('Control Point',(33.5999999996,-23.25,52.9)) ;
#4590=CARTESIAN_POINT('Control Point',(25.4000000004,-24.25,51.9)) ;
#4591=CARTESIAN_POINT('Control Point',(25.6767716724,-24.25,52.176771672)) ;
#4592=CARTESIAN_POINT('Control Point',(25.9730361847,-24.1561618707,52.4730660123)) ;
#4593=CARTESIAN_POINT('Control Point',(26.2711597776,-23.9260503843,52.7711633337)) ;
#4594=CARTESIAN_POINT('Control Point',(26.4000000004,-23.5662503826,52.9)) ;
#4595=CARTESIAN_POINT('Control Point',(26.4000000004,-23.25,52.9)) ;
#4604=CARTESIAN_POINT('Axis2P3D Location',(30.,-18.,71.5)) ;
#4609=CARTESIAN_POINT('Line Origine',(31.,-18.,71.5)) ;
#4614=CARTESIAN_POINT('Line Origine',(29.,-18.,71.5)) ;
#4626=CARTESIAN_POINT('Axis2P3D Location',(30.,-18.,71.5)) ;
#4638=CARTESIAN_POINT('Axis2P3D Location',(34.6,-23.25,0.)) ;
#4644=CARTESIAN_POINT('Control Point',(33.6,-23.25,57.9)) ;
#4645=CARTESIAN_POINT('Control Point',(33.6,-23.566033106,57.9)) ;
#4646=CARTESIAN_POINT('Control Point',(33.7281338775,-23.9248289678,58.0281265638)) ;
#4647=CARTESIAN_POINT('Control Point',(34.0266394245,-24.1565290205,58.326697641)) ;
#4648=CARTESIAN_POINT('Control Point',(34.3234184811,-24.25,58.6234184814)) ;
#4649=CARTESIAN_POINT('Control Point',(34.6,-24.25,58.9000000004)) ;
#4658=CARTESIAN_POINT('Axis2P3D Location',(-2.68882138776E-15,-23.25,58.9)) ;
#4664=CARTESIAN_POINT('Control Point',(26.4000000004,-23.25,57.9)) ;
#4665=CARTESIAN_POINT('Control Point',(26.4000000004,-23.5660331083,57.9)) ;
#4666=CARTESIAN_POINT('Control Point',(26.2718734349,-23.9248289606,58.0281338753)) ;
#4667=CARTESIAN_POINT('Control Point',(25.9733023574,-24.1565290237,58.3266394263)) ;
#4668=CARTESIAN_POINT('Control Point',(25.6765815213,-24.25,58.6234184791)) ;
#4669=CARTESIAN_POINT('Control Point',(25.4000000004,-24.25,58.9)) ;
#4678=CARTESIAN_POINT('Axis2P3D Location',(25.4,-23.25,0.)) ;
#4690=CARTESIAN_POINT('Axis2P3D Location',(15.,2.25,10.5)) ;
#4696=CARTESIAN_POINT('Control Point',(9.224360754,0.25,10.5)) ;
#4697=CARTESIAN_POINT('Control Point',(9.22436075414,0.25,11.1283185307)) ;
#4698=CARTESIAN_POINT('Control Point',(9.22436075428,0.496030008091,11.7572232867)) ;
#4699=CARTESIAN_POINT('Control Point',(9.22436075443,0.992776713274,12.2539699919)) ;
#4700=CARTESIAN_POINT('Control Point',(9.22436075457,1.62168146928,12.5)) ;
#4701=CARTESIAN_POINT('Control Point',(9.22436075471,2.25,12.5)) ;
#4710=CARTESIAN_POINT('Axis2P3D Location',(-2.,6.25,-77.5)) ;
#4715=CARTESIAN_POINT('Line Origine',(-4.5,6.25,-77.5)) ;
#4719=CARTESIAN_POINT('Vertex',(-4.5,6.25,7.)) ;
#4722=CARTESIAN_POINT('Axis2P3D Location',(-2.,6.25,7.)) ;
#4726=CARTESIAN_POINT('Vertex',(0.5,6.25,7.)) ;
#4729=CARTESIAN_POINT('Line Origine',(0.5,6.25,-77.5)) ;
#4741=CARTESIAN_POINT('Axis2P3D Location',(-2.,6.25,7.)) ;
#4753=CARTESIAN_POINT('Axis2P3D Location',(9.224360754,2.25,22.5)) ;
#4758=CARTESIAN_POINT('Axis2P3D Location',(19.6185877866,2.25,16.5033305581)) ;
#4770=CARTESIAN_POINT('Axis2P3D Location',(7.5758783863,2.25,-4.37069906902)) ;
#4782=CARTESIAN_POINT('Axis2P3D Location',(34.5,-23.25,-2.5)) ;
#4787=CARTESIAN_POINT('Axis2P3D Location',(34.5,-24.25,-2.5)) ;
#4791=CARTESIAN_POINT('Vertex',(34.5,-24.25,-4.5)) ;
#4794=CARTESIAN_POINT('Axis2P3D Location',(34.5,-23.25,-4.5)) ;
#4806=CARTESIAN_POINT('Axis2P3D Location',(-2.68882138776E-15,-23.25,-4.5)) ;
#4811=CARTESIAN_POINT('Line Origine',(0.,-24.25,-4.5)) ;
#4815=CARTESIAN_POINT('Vertex',(24.5,-24.25,-4.5)) ;
#4818=CARTESIAN_POINT('Axis2P3D Location',(24.5,-23.25,-4.5)) ;
#4830=CARTESIAN_POINT('Axis2P3D Location',(24.5,-12.25,-3.5)) ;
#4835=CARTESIAN_POINT('Axis2P3D Location',(24.5,-23.25,-3.5)) ;
#4839=CARTESIAN_POINT('Vertex',(22.5,-23.25,-3.5)) ;
#4842=CARTESIAN_POINT('Line Origine',(22.5,-12.25,-3.5)) ;
#4846=CARTESIAN_POINT('Vertex',(22.5,-4.75,-3.5)) ;
#4850=CARTESIAN_POINT('Control Point',(24.5,-6.75,-5.5)) ;
#4851=CARTESIAN_POINT('Control Point',(24.1977755895,-6.44777558948,-5.5)) ;
#4852=CARTESIAN_POINT('Control Point',(23.8829753285,-6.13297601904,-5.44291275355)) ;
#4853=CARTESIAN_POINT('Control Point',(23.5662919187,-5.81629290026,-5.31808184691)) ;
#4854=CARTESIAN_POINT('Control Point',(23.0338484454,-5.28384762437,-4.95620441113)) ;
#4855=CARTESIAN_POINT('Control Point',(22.6673279543,-4.91732863947,-4.38601621637)) ;
#4856=CARTESIAN_POINT('Control Point',(22.5520406501,-4.80204136173,-4.09208110944)) ;
#4857=CARTESIAN_POINT('Control Point',(22.5,-4.75,-3.78855682307)) ;
#4858=CARTESIAN_POINT('Control Point',(22.5,-4.75,-3.5)) ;
#4867=CARTESIAN_POINT('Axis2P3D Location',(22.5,-4.75,-5.5)) ;
#4872=CARTESIAN_POINT('Line Origine',(18.7499999996,-0.999999999641,6.75)) ;
#4876=CARTESIAN_POINT('Vertex',(17.5510421194,0.198957880959,7.94895788063)) ;
#4878=CARTESIAN_POINT('Vertex',(19.9489578813,-2.19895788096,5.55104211866)) ;
#4882=CARTESIAN_POINT('Control Point',(17.5510421187,0.198957881343,7.94895788096)) ;
#4883=CARTESIAN_POINT('Control Point',(17.5308375796,0.219162420403,8.05708452431)) ;
#4884=CARTESIAN_POINT('Control Point',(17.5154861229,0.234513877136,8.1666865626)) ;
#4885=CARTESIAN_POINT('Control Point',(17.5051257152,0.244874284762,8.27805441239)) ;
#4886=CARTESIAN_POINT('Control Point',(17.5,0.250000000039,8.38908695627)) ;
#4887=CARTESIAN_POINT('Control Point',(17.5,0.250000000039,8.5)) ;
#4889=CARTESIAN_POINT('Line Origine',(22.5,-4.75,0.)) ;
#4893=CARTESIAN_POINT('Vertex',(22.5,-4.75,3.5)) ;
#4897=CARTESIAN_POINT('Control Point',(22.5,-4.75,3.5)) ;
#4898=CARTESIAN_POINT('Control Point',(22.5,-4.75,3.66842057714)) ;
#4899=CARTESIAN_POINT('Control Point',(22.5177286742,-4.76772867419,3.84193980121)) ;
#4900=CARTESIAN_POINT('Control Point',(22.5553416463,-4.80534164629,4.01616391142)) ;
#4901=CARTESIAN_POINT('Control Point',(22.6752566522,-4.92525665221,4.36974089692)) ;
#4902=CARTESIAN_POINT('Control Point',(22.8717860113,-5.12178601131,4.68511149682)) ;
#4903=CARTESIAN_POINT('Control Point',(22.9919727923,-5.24197279226,4.83362505171)) ;
#4904=CARTESIAN_POINT('Control Point',(23.3329825753,-5.58298257531,5.16703331947)) ;
#4905=CARTESIAN_POINT('Control Point',(23.738055827,-5.98805582696,5.37932292989)) ;
#4906=CARTESIAN_POINT('Control Point',(23.9953493358,-6.24534933579,5.46153215201)) ;
#4907=CARTESIAN_POINT('Control Point',(24.2519114666,-6.50191146657,5.5)) ;
#4908=CARTESIAN_POINT('Control Point',(24.5,-6.75000000002,5.5)) ;
#4909=CARTESIAN_POINT('Vertex',(24.5,-6.75,5.5)) ;
#4912=CARTESIAN_POINT('Line Origine',(22.5,-4.75,5.5)) ;
#4916=CARTESIAN_POINT('Vertex',(20.5,-2.75,5.5)) ;
#4920=CARTESIAN_POINT('Control Point',(20.5,-2.74999999998,5.5)) ;
#4921=CARTESIAN_POINT('Control Point',(20.3894376305,-2.63943763046,5.5)) ;
#4922=CARTESIAN_POINT('Control Point',(20.2787576898,-2.52875768983,5.5050933529)) ;
#4923=CARTESIAN_POINT('Control Point',(20.168074607,-2.41807460696,5.51532359296)) ;
#4924=CARTESIAN_POINT('Control Point',(20.0581007238,-2.30810072382,5.53064769293)) ;
#4925=CARTESIAN_POINT('Control Point',(19.9489578806,-2.19895788063,5.55104211904)) ;
#4940=CARTESIAN_POINT('Axis2P3D Location',(30.,-18.,-28.5)) ;
#4945=CARTESIAN_POINT('Axis2P3D Location',(30.,-18.,-2.55)) ;
#4949=CARTESIAN_POINT('Vertex',(31.,-18.,-2.55)) ;
#4951=CARTESIAN_POINT('Vertex',(29.,-18.,-2.55)) ;
#4954=CARTESIAN_POINT('Line Origine',(31.,-18.,-28.5)) ;
#4959=CARTESIAN_POINT('Line Origine',(29.,-18.,-28.5)) ;
#4971=CARTESIAN_POINT('Axis2P3D Location',(30.,-18.,-28.5)) ;
#4976=CARTESIAN_POINT('Axis2P3D Location',(30.,-18.,-2.55)) ;
#4988=CARTESIAN_POINT('Axis2P3D Location',(-2.,6.25,-77.5)) ;
#4993=CARTESIAN_POINT('Line Origine',(-4.5,6.25,-77.5)) ;
#4997=CARTESIAN_POINT('Vertex',(-4.5,6.25,-7.)) ;
#5000=CARTESIAN_POINT('Axis2P3D Location',(-2.,6.25,-7.)) ;
#5004=CARTESIAN_POINT('Vertex',(0.5,6.25,-7.)) ;
#5007=CARTESIAN_POINT('Line Origine',(0.5,6.25,-77.5)) ;
#5019=CARTESIAN_POINT('Axis2P3D Location',(-2.,6.25,-7.)) ;
#5031=CARTESIAN_POINT('Axis2P3D Location',(-34.5,-23.25,-4.5)) ;
#5037=CARTESIAN_POINT('Control Point',(-24.,-23.25,-5.5)) ;
#5038=CARTESIAN_POINT('Control Point',(-24.0000066985,-23.5681598801,-5.5)) ;
#5039=CARTESIAN_POINT('Control Point',(-24.0161421798,-23.882378294,-5.37393105623)) ;
#5040=CARTESIAN_POINT('Control Point',(-24.0475118302,-24.1302065407,-5.12355234009)) ;
#5041=CARTESIAN_POINT('Control Point',(-24.092977666,-24.25,-4.81186462602)) ;
#5042=CARTESIAN_POINT('Control Point',(-24.1493101852,-24.25,-4.5)) ;
#5051=CARTESIAN_POINT('Axis2P3D Location',(-30.,-18.,-28.5)) ;
#5056=CARTESIAN_POINT('Line Origine',(-29.,-18.,-28.5)) ;
#5061=CARTESIAN_POINT('Line Origine',(-31.,-18.,-28.5)) ;
#5080=CARTESIAN_POINT('Axis2P3D Location',(-34.5,-23.25,-2.5)) ;
#5092=CARTESIAN_POINT('Axis2P3D Location',(-2.,6.25,-7.)) ;
#5097=CARTESIAN_POINT('Axis2P3D Location',(-2.,6.25,-7.)) ;
#5101=CARTESIAN_POINT('Vertex',(3.,6.25,-7.)) ;
#5103=CARTESIAN_POINT('Vertex',(-7.,6.25,-7.)) ;
#5106=CARTESIAN_POINT('Line Origine',(3.,6.25,-7.)) ;
#5111=CARTESIAN_POINT('Line Origine',(-7.,6.25,-7.)) ;
#5123=CARTESIAN_POINT('Axis2P3D Location',(-2.,6.25,-7.)) ;
#5135=CARTESIAN_POINT('Axis2P3D Location',(-2.,6.25,7.)) ;
#5140=CARTESIAN_POINT('Line Origine',(-7.,6.25,7.)) ;
#5144=CARTESIAN_POINT('Vertex',(-7.,6.25,7.)) ;
#5147=CARTESIAN_POINT('Axis2P3D Location',(-2.,6.25,7.)) ;
#5151=CARTESIAN_POINT('Vertex',(3.,6.25,7.)) ;
#5154=CARTESIAN_POINT('Line Origine',(3.,6.25,7.)) ;
#5166=CARTESIAN_POINT('Axis2P3D Location',(-2.,6.25,7.)) ;
#5178=CARTESIAN_POINT('Axis2P3D Location',(34.5,-23.25,-2.4)) ;
#5184=CARTESIAN_POINT('Control Point',(33.6499995707,-23.7767819949,-2.55)) ;
#5185=CARTESIAN_POINT('Control Point',(33.7944573525,-24.0098749588,-2.6944532831)) ;
#5186=CARTESIAN_POINT('Control Point',(34.0225265668,-24.1818610853,-2.9225849047)) ;
#5187=CARTESIAN_POINT('Control Point',(34.2709737667,-24.25,-3.17097376668)) ;
#5188=CARTESIAN_POINT('Control Point',(34.5,-24.25,-3.4)) ;
#5189=CARTESIAN_POINT('Vertex',(33.65,-23.7767826876,-2.55)) ;
#5191=CARTESIAN_POINT('Vertex',(34.5,-24.25,-3.40000000037)) ;
#5194=CARTESIAN_POINT('Line Origine',(34.5,-24.25,-2.40000000037)) ;
#5198=CARTESIAN_POINT('Vertex',(34.5,-24.25,3.40000000037)) ;
#5202=CARTESIAN_POINT('Control Point',(33.64999957,-23.7767819938,2.55)) ;
#5203=CARTESIAN_POINT('Control Point',(33.794457354,-24.0098749621,2.69445328577)) ;
#5204=CARTESIAN_POINT('Control Point',(34.0225265718,-24.1818610855,2.92258490814)) ;
#5205=CARTESIAN_POINT('Control Point',(34.2709737614,-24.25,3.17097376211)) ;
#5206=CARTESIAN_POINT('Control Point',(34.5,-24.25,3.40000000075)) ;
#5207=CARTESIAN_POINT('Vertex',(33.65,-23.7767826876,2.55)) ;
#5210=CARTESIAN_POINT('Line Origine',(33.65,-23.7767826876,-2.40000000037)) ;
#5222=CARTESIAN_POINT('Axis2P3D Location',(33.5,-23.25,3.4)) ;
#5227=CARTESIAN_POINT('Line Origine',(33.5,-24.25,3.4)) ;
#5231=CARTESIAN_POINT('Vertex',(25.5,-24.25,3.40000000037)) ;
#5235=CARTESIAN_POINT('Control Point',(25.5,-24.25,3.4)) ;
#5236=CARTESIAN_POINT('Control Point',(25.7292805186,-24.25,3.17071948141)) ;
#5237=CARTESIAN_POINT('Control Point',(25.9774893903,-24.1816837129,2.92247210697)) ;
#5238=CARTESIAN_POINT('Control Point',(26.2054218309,-24.0100800814,2.69458458863)) ;
#5239=CARTESIAN_POINT('Control Point',(26.3499991164,-23.776782292,2.54999975481)) ;
#5240=CARTESIAN_POINT('Vertex',(26.35,-23.7767826876,2.55)) ;
#5243=CARTESIAN_POINT('Line Origine',(33.5,-23.7767826876,2.55)) ;
#5255=CARTESIAN_POINT('Axis2P3D Location',(30.,-18.,-28.5)) ;
#5260=CARTESIAN_POINT('Axis2P3D Location',(30.,-18.,2.55)) ;
#5264=CARTESIAN_POINT('Vertex',(29.,-18.,2.55)) ;
#5266=CARTESIAN_POINT('Vertex',(31.,-18.,2.55)) ;
#5269=CARTESIAN_POINT('Line Origine',(29.,-18.,-28.5)) ;
#5273=CARTESIAN_POINT('Vertex',(29.,-18.,5.5)) ;
#5276=CARTESIAN_POINT('Axis2P3D Location',(30.,-18.,5.5)) ;
#5280=CARTESIAN_POINT('Vertex',(31.,-18.,5.5)) ;
#5283=CARTESIAN_POINT('Line Origine',(31.,-18.,-28.5)) ;
#5295=CARTESIAN_POINT('Axis2P3D Location',(30.,-18.,-28.5)) ;
#5300=CARTESIAN_POINT('Axis2P3D Location',(30.,-18.,2.55)) ;
#5305=CARTESIAN_POINT('Axis2P3D Location',(30.,-18.,5.5)) ;
#5317=CARTESIAN_POINT('Axis2P3D Location',(25.5,-23.25,-2.4)) ;
#5322=CARTESIAN_POINT('Line Origine',(25.5,-24.25,-2.40000000037)) ;
#5326=CARTESIAN_POINT('Vertex',(25.5,-24.25,-3.40000000037)) ;
#5330=CARTESIAN_POINT('Control Point',(25.5,-24.25,-3.4)) ;
#5331=CARTESIAN_POINT('Control Point',(25.7292805186,-24.25,-3.1707194814)) ;
#5332=CARTESIAN_POINT('Control Point',(25.977527893,-24.1816837129,-2.9225106097)) ;
#5333=CARTESIAN_POINT('Control Point',(26.2054154114,-24.0100800814,-2.69457816906)) ;
#5334=CARTESIAN_POINT('Control Point',(26.3500002452,-23.776782292,-2.55000088362)) ;
#5335=CARTESIAN_POINT('Vertex',(26.35,-23.7767826876,-2.55)) ;
#5338=CARTESIAN_POINT('Line Origine',(26.35,-23.7767826876,-2.40000000037)) ;
#5350=CARTESIAN_POINT('Axis2P3D Location',(33.5,-23.25,-3.4)) ;
#5355=CARTESIAN_POINT('Line Origine',(33.5,-24.25,-3.4)) ;
#5360=CARTESIAN_POINT('Line Origine',(33.5,-23.7767826876,-2.55)) ;
#5372=CARTESIAN_POINT('Axis2P3D Location',(-23.5,-23.25,0.)) ;
#5377=CARTESIAN_POINT('Axis2P3D Location',(-23.5,-23.25,-3.56350832619)) ;
#5389=CARTESIAN_POINT('Axis2P3D Location',(-24.5,-23.25,-3.5635083269)) ;
#5401=CARTESIAN_POINT('Axis2P3D Location',(-34.5,-23.25,-2.4)) ;
#5407=CARTESIAN_POINT('Control Point',(-34.5,-24.25,3.40000000075)) ;
#5408=CARTESIAN_POINT('Control Point',(-34.2707194829,-24.25,3.17071948365)) ;
#5409=CARTESIAN_POINT('Control Point',(-34.0224721045,-24.1816837106,2.92251060763)) ;
#5410=CARTESIAN_POINT('Control Point',(-33.7945845901,-24.0100800835,2.69457816857)) ;
#5411=CARTESIAN_POINT('Control Point',(-33.649999755,-23.7767822924,2.55000088286)) ;
#5414=CARTESIAN_POINT('Control Point',(-34.5,-24.25,-3.4)) ;
#5415=CARTESIAN_POINT('Control Point',(-34.2707194814,-24.25,-3.17071948141)) ;
#5416=CARTESIAN_POINT('Control Point',(-34.022472107,-24.1816837129,-2.92251060969)) ;
#5417=CARTESIAN_POINT('Control Point',(-33.7945845886,-24.0100800814,-2.69457816905)) ;
#5418=CARTESIAN_POINT('Control Point',(-33.6499997548,-23.776782292,-2.55000088362)) ;
#5428=CARTESIAN_POINT('Control Point',(-26.3499996645,-23.7767825363,2.54999990619)) ;
#5429=CARTESIAN_POINT('Control Point',(-26.2055463236,-24.0098752618,2.69445774569)) ;
#5430=CARTESIAN_POINT('Control Point',(-25.9774148024,-24.1818611614,2.9225268598)) ;
#5431=CARTESIAN_POINT('Control Point',(-25.7290261003,-24.25,3.17097389967)) ;
#5432=CARTESIAN_POINT('Control Point',(-25.5,-24.25,3.4)) ;
#5441=CARTESIAN_POINT('Axis2P3D Location',(-25.5,-23.25,-2.4)) ;
#5447=CARTESIAN_POINT('Control Point',(-26.3500000933,-23.7767825372,-2.55000033606)) ;
#5448=CARTESIAN_POINT('Control Point',(-26.2055422536,-24.0098752623,-2.69445367704)) ;
#5449=CARTESIAN_POINT('Control Point',(-25.9774731397,-24.1818611615,-2.92258519814)) ;
#5450=CARTESIAN_POINT('Control Point',(-25.7290261001,-24.25,-3.17097389987)) ;
#5451=CARTESIAN_POINT('Control Point',(-25.5,-24.25,-3.4)) ;
#5467=CARTESIAN_POINT('Axis2P3D Location',(-6.36065274525E-16,-2.75,8.5)) ;
#5472=CARTESIAN_POINT('Line Origine',(0.,-2.75,5.5)) ;
#5478=CARTESIAN_POINT('Control Point',(19.948957881,-2.19895788083,5.55104211917)) ;
#5479=CARTESIAN_POINT('Control Point',(19.8111893763,-1.46167573241,5.68881062381)) ;
#5480=CARTESIAN_POINT('Control Point',(19.4313710664,-0.730403547345,6.06853883996)) ;
#5481=CARTESIAN_POINT('Control Point',(18.8330255473,-0.221851481105,6.66705432303)) ;
#5482=CARTESIAN_POINT('Control Point',(18.1930381842,0.078994528843,7.30696181567)) ;
#5483=CARTESIAN_POINT('Control Point',(17.551042119,0.198957880828,7.94895788083)) ;
#5494=CARTESIAN_POINT('Axis2P3D Location',(30.,9.25,37.65)) ;
#5499=CARTESIAN_POINT('Line Origine',(26.5,9.25,37.65)) ;
#5503=CARTESIAN_POINT('Vertex',(26.5,9.25,37.65)) ;
#5506=CARTESIAN_POINT('Axis2P3D Location',(30.,9.25,37.65)) ;
#5510=CARTESIAN_POINT('Vertex',(33.5,9.25,37.65)) ;
#5513=CARTESIAN_POINT('Line Origine',(33.5,9.25,37.65)) ;
#5525=CARTESIAN_POINT('Axis2P3D Location',(30.,9.25,37.65)) ;
#5537=CARTESIAN_POINT('Axis2P3D Location',(30.,9.25,17.65)) ;
#5542=CARTESIAN_POINT('Line Origine',(26.5,9.25,17.65)) ;
#5546=CARTESIAN_POINT('Vertex',(26.5,9.25,17.65)) ;
#5549=CARTESIAN_POINT('Axis2P3D Location',(30.,9.25,17.65)) ;
#5553=CARTESIAN_POINT('Vertex',(33.5,9.25,17.65)) ;
#5556=CARTESIAN_POINT('Line Origine',(33.5,9.25,17.65)) ;
#5568=CARTESIAN_POINT('Axis2P3D Location',(30.,9.25,17.65)) ;
#5580=CARTESIAN_POINT('Axis2P3D Location',(-2.68882138776E-15,-23.25,50.5)) ;
#5585=CARTESIAN_POINT('Axis2P3D Location',(35.5,-23.25,50.5)) ;
#5597=CARTESIAN_POINT('Axis2P3D Location',(35.5,-23.25,51.5)) ;
#5627=CARTESIAN_POINT('Line Origine',(24.5,-15.,5.5)) ;
#5631=CARTESIAN_POINT('Vertex',(24.5,-23.25,5.5)) ;
#5634=CARTESIAN_POINT('Line Origine',(30.,-23.25,5.5)) ;
#5651=CARTESIAN_POINT('Axis2P3D Location',(35.5,-23.25,3.5)) ;
#5656=CARTESIAN_POINT('Axis2P3D Location',(35.5,-23.25,4.5)) ;
#5660=CARTESIAN_POINT('Vertex',(35.5,-24.25,4.5)) ;
#5663=CARTESIAN_POINT('Axis2P3D Location',(35.5,-24.25,3.5)) ;
#5675=CARTESIAN_POINT('Line Origine',(30.,-24.25,4.5)) ;
#5679=CARTESIAN_POINT('Vertex',(24.5,-24.25,4.5)) ;
#5682=CARTESIAN_POINT('Axis2P3D Location',(24.5000000032,-24.25,3.49999999684)) ;
#5686=CARTESIAN_POINT('Vertex',(23.5,-24.25,3.5)) ;
#5689=CARTESIAN_POINT('Line Origine',(23.5,-24.25,0.)) ;
#5693=CARTESIAN_POINT('Vertex',(23.5,-24.25,-3.5)) ;
#5696=CARTESIAN_POINT('Axis2P3D Location',(24.5000000032,-24.25,-3.49999999684)) ;
#5718=CARTESIAN_POINT('Axis2P3D Location',(-2.,6.25,7.)) ;
#5732=CARTESIAN_POINT('Axis2P3D Location',(24.5,-23.25,-3.5)) ;
#5737=CARTESIAN_POINT('Axis2P3D Location',(23.5,-23.25,-3.5)) ;
#5749=CARTESIAN_POINT('Line Origine',(22.5,-23.25,0.)) ;
#5753=CARTESIAN_POINT('Vertex',(22.5,-23.25,3.5)) ;
#5756=CARTESIAN_POINT('Line Origine',(22.5,-14.,3.5)) ;
#5768=CARTESIAN_POINT('Axis2P3D Location',(15.,0.25,10.5)) ;
#5778=CARTESIAN_POINT('Axis2P3D Location',(24.5,-12.25,3.5)) ;
#5783=CARTESIAN_POINT('Axis2P3D Location',(24.5,-23.25,3.5)) ;
#5795=CARTESIAN_POINT('Axis2P3D Location',(-2.,6.25,-7.)) ;
#5809=CARTESIAN_POINT('Axis2P3D Location',(24.5,-23.25,4.5)) ;
#5821=CARTESIAN_POINT('Axis2P3D Location',(24.5,-23.25,3.5)) ;
#5826=CARTESIAN_POINT('Axis2P3D Location',(23.5,-23.25,3.5)) ;
#5845=CARTESIAN_POINT('Axis2P3D Location',(-9.36750677027E-15,20.25,0.)) ;
#5857=CARTESIAN_POINT('Axis2P3D Location',(33.65,-24.25,-2.55)) ;
#5862=CARTESIAN_POINT('Line Origine',(33.65,-5.76339134382,-2.55)) ;
#5867=CARTESIAN_POINT('Line Origine',(33.65,-5.76339134382,2.55)) ;
#5879=CARTESIAN_POINT('Line Origine',(26.35,-5.76339134382,-2.55)) ;
#5895=CARTESIAN_POINT('Line Origine',(26.35,-5.76339134382,2.55)) ;
#5911=CARTESIAN_POINT('Axis2P3D Location',(26.35,-24.25,2.55)) ;
#52=DIRECTION('Axis2P3D Direction',(-1.,1.28498035258E-16,0.)) ;
#53=DIRECTION('Axis2P3D XDirection',(0.,0.,1.)) ;
#57=DIRECTION('Vector Direction',(0.,0.,1.)) ;
#66=DIRECTION('Vector Direction',(9.86131265066E-17,1.,0.)) ;
#73=DIRECTION('Vector Direction',(0.,0.,1.)) ;
#80=DIRECTION('Vector Direction',(4.4408920985E-16,1.,0.)) ;
#87=DIRECTION('Vector Direction',(0.,0.,1.)) ;
#94=DIRECTION('Vector Direction',(4.4408920985E-16,1.,0.)) ;
#101=DIRECTION('Vector Direction',(0.,0.,1.)) ;
#108=DIRECTION('Vector Direction',(9.86131265066E-17,1.,0.)) ;
#124=DIRECTION('Axis2P3D Direction',(-0.,0.,1.)) ;
#125=DIRECTION('Axis2P3D XDirection',(1.,-1.28498035258E-16,0.)) ;
#129=DIRECTION('Vector Direction',(1.97226253013E-16,1.,0.)) ;
#138=DIRECTION('Vector Direction',(1.,0.,0.)) ;
#143=DIRECTION('Vector Direction',(1.,0.,0.)) ;
#154=DIRECTION('Axis2P3D Direction',(-0.,0.,1.)) ;
#163=DIRECTION('Axis2P3D Direction',(-0.,0.,1.)) ;
#173=DIRECTION('Axis2P3D Direction',(0.,0.,-1.)) ;
#174=DIRECTION('Axis2P3D XDirection',(-1.,1.28498035258E-16,0.)) ;
#178=DIRECTION('Vector Direction',(-1.,0.,0.)) ;
#185=DIRECTION('Vector Direction',(1.97226253013E-16,1.,0.)) ;
#192=DIRECTION('Vector Direction',(-1.,0.,0.)) ;
#203=DIRECTION('Axis2P3D Direction',(0.,0.,-1.)) ;
#212=DIRECTION('Axis2P3D Direction',(0.,0.,-1.)) ;
#222=DIRECTION('Axis2P3D Direction',(1.,-1.28498035258E-16,0.)) ;
#223=DIRECTION('Axis2P3D XDirection',(0.,-0.,-1.)) ;
#227=DIRECTION('Vector Direction',(0.,0.,-1.)) ;
#232=DIRECTION('Vector Direction',(0.,0.,-1.)) ;
#239=DIRECTION('Vector Direction',(0.,1.,0.)) ;
#246=DIRECTION('Vector Direction',(0.,0.,-1.)) ;
#253=DIRECTION('Vector Direction',(0.,1.,0.)) ;
#260=DIRECTION('Vector Direction',(0.,0.,-1.)) ;
#276=DIRECTION('Axis2P3D Direction',(-2.89120579329E-16,1.,0.)) ;
#277=DIRECTION('Axis2P3D XDirection',(-1.,-2.89120579329E-16,0.)) ;
#281=DIRECTION('Axis2P3D Direction',(-2.89120579329E-16,1.,0.)) ;
#290=DIRECTION('Vector Direction',(-2.89120549724E-16,1.,0.)) ;
#297=DIRECTION('Axis2P3D Direction',(-2.89120579329E-16,1.,0.)) ;
#304=DIRECTION('Vector Direction',(-2.89120549724E-16,1.,0.)) ;
#316=DIRECTION('Axis2P3D Direction',(-2.89120579329E-16,1.,0.)) ;
#321=DIRECTION('Axis2P3D Direction',(-2.89120579329E-16,1.,0.)) ;
#333=DIRECTION('Axis2P3D Direction',(-2.25964846525E-16,1.,-2.46519032882E-32)) ;
#334=DIRECTION('Axis2P3D XDirection',(-1.,-2.25964846525E-16,0.)) ;
#338=DIRECTION('Vector Direction',(0.,0.,1.)) ;
#347=DIRECTION('Axis2P3D Direction',(-2.25964846525E-16,1.,-2.46519032882E-32)) ;
#354=DIRECTION('Vector Direction',(-0.737154140208,-1.3304010429E-16,-0.675724628509)) ;
#361=DIRECTION('Axis2P3D Direction',(-2.25964846525E-16,1.,-2.46519032882E-32)) ;
#368=DIRECTION('Vector Direction',(1.,8.52767697903E-16,0.)) ;
#375=DIRECTION('Axis2P3D Direction',(-2.25964846525E-16,1.,-2.46519032882E-32)) ;
#382=DIRECTION('Axis2P3D Direction',(-2.25964846525E-16,1.,-2.46519032882E-32)) ;
#389=DIRECTION('Vector Direction',(0.737154140212,1.94639026863E-16,0.675724628505)) ;
#396=DIRECTION('Axis2P3D Direction',(-2.25964846525E-16,1.,-2.46519032882E-32)) ;
#403=DIRECTION('Vector Direction',(1.,0.,0.)) ;
#410=DIRECTION('Axis2P3D Direction',(-2.25964846525E-16,1.,-2.46519032882E-32)) ;
#487=DIRECTION('Axis2P3D Direction',(-2.56996070515E-16,1.,2.56996070515E-16)) ;
#488=DIRECTION('Axis2P3D XDirection',(0.,-2.56996070515E-16,1.)) ;
#492=DIRECTION('Vector Direction',(-0.707106781187,2.51214793389E-16,-0.707106781187)) ;
#501=DIRECTION('Vector Direction',(-0.737154140199,-3.43249946098E-17,-0.675724628519)) ;
#508=DIRECTION('Axis2P3D Direction',(-2.56996070515E-16,1.,2.56996070515E-16)) ;
#515=DIRECTION('Axis2P3D Direction',(-2.56996070515E-16,1.,2.56996070515E-16)) ;
#522=DIRECTION('Vector Direction',(0.,3.22879974918E-16,-1.)) ;
#529=DIRECTION('Vector Direction',(0.737154140201,0.,0.675724628517)) ;
#536=DIRECTION('Vector Direction',(-1.,-2.63163976207E-16,0.)) ;
#554=DIRECTION('Axis2P3D Direction',(-2.56996070515E-16,1.,2.56996070515E-16)) ;
#563=DIRECTION('Axis2P3D Direction',(-2.56996070515E-16,1.,2.56996070515E-16)) ;
#573=DIRECTION('Axis2P3D Direction',(1.,2.31296463464E-16,0.)) ;
#574=DIRECTION('Axis2P3D XDirection',(-2.31296463464E-16,1.,0.)) ;
#578=DIRECTION('Vector Direction',(0.,0.,1.)) ;
#587=DIRECTION('Vector Direction',(-2.96059473233E-16,1.,0.)) ;
#592=DIRECTION('Vector Direction',(2.96059473233E-16,-1.,0.)) ;
#604=DIRECTION('Axis2P3D Direction',(0.,-1.,0.)) ;
#605=DIRECTION('Axis2P3D XDirection',(-1.,0.,5.66553889765E-16)) ;
#609=DIRECTION('Axis2P3D Direction',(0.,-1.,0.)) ;
#616=DIRECTION('Vector Direction',(0.,-1.,0.)) ;
#628=DIRECTION('Axis2P3D Direction',(0.675724628517,1.56292716851E-16,-0.737154140201)) ;
#629=DIRECTION('Axis2P3D XDirection',(-0.737154140201,0.,-0.675724628517)) ;
#633=DIRECTION('Vector Direction',(0.737154140201,0.,0.675724628517)) ;
#640=DIRECTION('Vector Direction',(0.,-1.,0.)) ;
#645=DIRECTION('Vector Direction',(0.,-1.,0.)) ;
#652=DIRECTION('Vector Direction',(-0.737154140201,0.,-0.675724628517)) ;
#659=DIRECTION('Vector Direction',(0.,1.,1.48029736617E-16)) ;
#674=DIRECTION('Vector Direction',(-9.86864910778E-17,1.,0.)) ;
#683=DIRECTION('Vector Direction',(-0.737154140201,0.,-0.675724628517)) ;
#690=DIRECTION('Vector Direction',(9.86864910778E-17,-1.,0.)) ;
#697=DIRECTION('Vector Direction',(0.737154140201,0.,0.675724628517)) ;
#709=DIRECTION('Axis2P3D Direction',(0.,-1.,0.)) ;
#710=DIRECTION('Axis2P3D XDirection',(-1.,0.,5.66553889765E-16)) ;
#714=DIRECTION('Axis2P3D Direction',(0.,-1.,0.)) ;
#721=DIRECTION('Vector Direction',(0.,-1.,0.)) ;
#733=DIRECTION('Axis2P3D Direction',(0.,-0.,1.)) ;
#734=DIRECTION('Axis2P3D XDirection',(1.,0.,-0.)) ;
#738=DIRECTION('Vector Direction',(-1.,0.,0.)) ;
#745=DIRECTION('Vector Direction',(0.,1.,0.)) ;
#757=DIRECTION('Axis2P3D Direction',(2.89120579329E-16,-1.,-0.)) ;
#758=DIRECTION('Axis2P3D XDirection',(-1.,-2.89120579329E-16,5.66553889765E-16)) ;
#781=DIRECTION('Vector Direction',(2.89120549724E-16,-1.,0.)) ;
#795=DIRECTION('Axis2P3D Direction',(-0.675724628517,-1.56292716851E-16,0.737154140201)) ;
#796=DIRECTION('Axis2P3D XDirection',(0.737154140201,0.,0.675724628517)) ;
#800=DIRECTION('Vector Direction',(0.737154140201,0.,0.675724628517)) ;
#807=DIRECTION('Vector Direction',(0.,-1.,0.)) ;
#812=DIRECTION('Vector Direction',(0.,1.,0.)) ;
#819=DIRECTION('Vector Direction',(0.737154140201,0.,0.675724628517)) ;
#826=DIRECTION('Vector Direction',(-1.48029736617E-16,1.,0.)) ;
#841=DIRECTION('Vector Direction',(0.737154140201,0.,0.675724628517)) ;
#850=DIRECTION('Vector Direction',(0.,-1.,0.)) ;
#857=DIRECTION('Vector Direction',(-0.737154140201,0.,-0.675724628517)) ;
#864=DIRECTION('Vector Direction',(-9.86864910778E-17,1.,0.)) ;
#876=DIRECTION('Axis2P3D Direction',(0.,1.,-0.)) ;
#877=DIRECTION('Axis2P3D XDirection',(-1.,0.,0.)) ;
#881=DIRECTION('Axis2P3D Direction',(0.,1.,-0.)) ;
#888=DIRECTION('Vector Direction',(0.,1.,0.)) ;
#900=DIRECTION('Axis2P3D Direction',(0.,-0.,1.)) ;
#901=DIRECTION('Axis2P3D XDirection',(1.,0.,-0.)) ;
#905=DIRECTION('Vector Direction',(-1.,0.,0.)) ;
#912=DIRECTION('Vector Direction',(0.,1.,0.)) ;
#924=DIRECTION('Axis2P3D Direction',(-2.89120579329E-16,1.,0.)) ;
#925=DIRECTION('Axis2P3D XDirection',(-1.,-2.89120579329E-16,0.)) ;
#929=DIRECTION('Axis2P3D Direction',(-2.89120579329E-16,1.,0.)) ;
#941=DIRECTION('Axis2P3D Direction',(-2.89120579329E-16,1.,0.)) ;
#942=DIRECTION('Axis2P3D XDirection',(-1.,-2.89120579329E-16,0.)) ;
#946=DIRECTION('Vector Direction',(-2.89120594132E-16,1.,0.)) ;
#951=DIRECTION('Vector Direction',(-2.89120571928E-16,1.,0.)) ;
#970=DIRECTION('Axis2P3D Direction',(1.15648231732E-16,-2.67490270054E-32,1.)) ;
#971=DIRECTION('Axis2P3D XDirection',(1.,0.,-1.15648231732E-16)) ;
#975=DIRECTION('Vector Direction',(0.,1.,0.)) ;
#982=DIRECTION('Vector Direction',(0.,-1.,0.)) ;
#989=DIRECTION('Vector Direction',(1.,0.,-6.57909940519E-17)) ;
#996=DIRECTION('Vector Direction',(0.,1.,0.)) ;
#1008=DIRECTION('Axis2P3D Direction',(1.15648231732E-16,-2.67490270054E-32,1.)) ;
#1017=DIRECTION('Axis2P3D Direction',(1.15648231732E-16,-2.67490270054E-32,1.)) ;
#1027=DIRECTION('Axis2P3D Direction',(-1.,0.,0.)) ;
#1028=DIRECTION('Axis2P3D XDirection',(0.,0.,1.)) ;
#1032=DIRECTION('Vector Direction',(0.,-1.,0.)) ;
#1041=DIRECTION('Vector Direction',(0.,0.,-1.)) ;
#1048=DIRECTION('Vector Direction',(0.,1.,0.)) ;
#1055=DIRECTION('Vector Direction',(0.,0.,1.)) ;
#1062=DIRECTION('Vector Direction',(0.,-1.,0.)) ;
#1069=DIRECTION('Vector Direction',(0.,0.,1.)) ;
#1092=DIRECTION('Vector Direction',(0.,-1.,0.)) ;
#1099=DIRECTION('Vector Direction',(0.,0.,1.)) ;
#1106=DIRECTION('Vector Direction',(0.,1.,0.)) ;
#1111=DIRECTION('Vector Direction',(0.,1.,0.)) ;
#1118=DIRECTION('Vector Direction',(0.,0.,-1.)) ;
#1125=DIRECTION('Vector Direction',(0.,1.,0.)) ;
#1132=DIRECTION('Vector Direction',(0.,0.,-1.)) ;
#1139=DIRECTION('Vector Direction',(0.,-1.,0.)) ;
#1146=DIRECTION('Vector Direction',(0.,0.,-1.)) ;
#1171=DIRECTION('Axis2P3D Direction',(0.,-1.,0.)) ;
#1172=DIRECTION('Axis2P3D XDirection',(1.22464679915E-16,0.,1.)) ;
#1176=DIRECTION('Axis2P3D Direction',(0.,-1.,0.)) ;
#1183=DIRECTION('Axis2P3D Direction',(0.,-1.,0.)) ;
#1197=DIRECTION('Axis2P3D Direction',(-0.707106781187,1.6355129778E-16,0.707106781187)) ;
#1198=DIRECTION('Axis2P3D XDirection',(-2.31296463464E-16,-1.,0.)) ;
#1202=DIRECTION('Vector Direction',(0.577350269191,0.577350269187,0.577350269191)) ;
#1209=DIRECTION('Vector Direction',(0.,-1.,0.)) ;
#1221=DIRECTION('Axis2P3D Direction',(-2.31296463464E-16,1.,0.)) ;
#1222=DIRECTION('Axis2P3D XDirection',(-1.,-2.31296463464E-16,0.)) ;
#1226=DIRECTION('Vector Direction',(1.,2.96059473233E-16,0.)) ;
#1233=DIRECTION('Axis2P3D Direction',(-2.31296463464E-16,1.,0.)) ;
#1240=DIRECTION('Vector Direction',(0.,0.,1.)) ;
#1263=DIRECTION('Vector Direction',(-1.,-3.94745964311E-16,0.)) ;
#1302=DIRECTION('Vector Direction',(-1.,0.,0.)) ;
#1311=DIRECTION('Vector Direction',(0.,0.,-1.)) ;
#1318=DIRECTION('Vector Direction',(1.,0.,0.)) ;
#1325=DIRECTION('Vector Direction',(0.,0.,1.)) ;
#1337=DIRECTION('Axis2P3D Direction',(2.33103467084E-16,1.,0.)) ;
#1338=DIRECTION('Axis2P3D XDirection',(-1.,2.33103467084E-16,0.)) ;
#1351=DIRECTION('Axis2P3D Direction',(2.33103467084E-16,1.,0.)) ;
#1358=DIRECTION('Vector Direction',(2.33103492064E-16,1.,0.)) ;
#1365=DIRECTION('Axis2P3D Direction',(2.33103467084E-16,1.,0.)) ;
#1379=DIRECTION('Vector Direction',(-1.,0.,0.)) ;
#1405=DIRECTION('Vector Direction',(0.,0.,-1.)) ;
#1431=DIRECTION('Vector Direction',(1.,0.,0.)) ;
#1436=DIRECTION('Vector Direction',(1.,6.23283101544E-16,0.)) ;
#1462=DIRECTION('Vector Direction',(0.,0.,1.)) ;
#1467=DIRECTION('Vector Direction',(1.,2.39785097849E-16,0.)) ;
#1490=DIRECTION('Vector Direction',(-0.499722453358,-2.70996080873E-16,-0.866185586124)) ;
#1508=DIRECTION('Vector Direction',(1.,2.36847578587E-16,0.)) ;
#1515=DIRECTION('Vector Direction',(0.,0.,-1.)) ;
#1522=DIRECTION('Vector Direction',(1.,2.36847578587E-16,0.)) ;
#1543=DIRECTION('Vector Direction',(-1.,-3.94745964311E-16,0.)) ;
#1566=DIRECTION('Vector Direction',(0.,0.,1.)) ;
#1573=DIRECTION('Axis2P3D Direction',(-2.31296463464E-16,1.,0.)) ;
#1580=DIRECTION('Vector Direction',(-1.,-2.45014736469E-16,0.)) ;
#1587=DIRECTION('Vector Direction',(-0.707106781187,-2.51214793389E-16,-0.707106781187)) ;
#1594=DIRECTION('Axis2P3D Direction',(-2.31296463464E-16,1.,0.)) ;
#1601=DIRECTION('Vector Direction',(-1.,-2.422304781E-16,0.)) ;
#1608=DIRECTION('Axis2P3D Direction',(-2.31296463464E-16,1.,0.)) ;
#1615=DIRECTION('Vector Direction',(-0.707106781187,-2.51214793389E-16,0.707106781187)) ;
#1622=DIRECTION('Vector Direction',(-1.,-1.69176841848E-16,0.)) ;
#1629=DIRECTION('Axis2P3D Direction',(-2.31296463464E-16,1.,0.)) ;
#1636=DIRECTION('Vector Direction',(0.,0.,1.)) ;
#1662=DIRECTION('Vector Direction',(-1.,-6.23283101544E-16,0.)) ;
#1715=DIRECTION('Vector Direction',(0.,0.,-1.)) ;
#1724=DIRECTION('Vector Direction',(-1.,0.,0.)) ;
#1731=DIRECTION('Vector Direction',(0.,0.,1.)) ;
#1738=DIRECTION('Vector Direction',(1.,0.,0.)) ;
#1749=DIRECTION('Vector Direction',(-1.,-1.7763568394E-16,0.)) ;
#1774=DIRECTION('Vector Direction',(0.,0.,-1.)) ;
#1797=DIRECTION('Vector Direction',(1.,1.7763568394E-16,0.)) ;
#1820=DIRECTION('Vector Direction',(0.,0.,1.)) ;
#1852=DIRECTION('Axis2P3D Direction',(0.,0.,-1.)) ;
#1853=DIRECTION('Axis2P3D XDirection',(-1.,0.,-0.)) ;
#1857=DIRECTION('Vector Direction',(1.,0.,0.)) ;
#1864=DIRECTION('Vector Direction',(0.,1.,0.)) ;
#1871=DIRECTION('Vector Direction',(1.,0.,0.)) ;
#1883=DIRECTION('Vector Direction',(0.,0.,-1.)) ;
#1888=DIRECTION('Vector Direction',(1.,2.72333452741E-16,0.)) ;
#1901=DIRECTION('Axis2P3D Direction',(0.,-0.,1.)) ;
#1902=DIRECTION('Axis2P3D XDirection',(1.,0.,-0.)) ;
#1906=DIRECTION('Vector Direction',(1.,0.,0.)) ;
#1918=DIRECTION('Axis2P3D Direction',(0.,1.,0.)) ;
#1919=DIRECTION('Axis2P3D XDirection',(0.,-0.,1.)) ;
#1923=DIRECTION('Vector Direction',(0.,0.,1.)) ;
#1936=DIRECTION('Axis2P3D Direction',(-1.,0.,0.)) ;
#1937=DIRECTION('Axis2P3D XDirection',(0.,0.,1.)) ;
#1941=DIRECTION('Vector Direction',(0.,1.,0.)) ;
#1948=DIRECTION('Vector Direction',(0.,0.,1.)) ;
#1955=DIRECTION('Vector Direction',(0.,-1.,0.)) ;
#1960=DIRECTION('Vector Direction',(0.,-1.,0.)) ;
#1967=DIRECTION('Vector Direction',(0.,0.,1.)) ;
#1984=DIRECTION('Axis2P3D Direction',(0.,0.,1.)) ;
#1985=DIRECTION('Axis2P3D XDirection',(1.,0.,-0.)) ;
#1989=DIRECTION('Vector Direction',(1.,0.,0.)) ;
#1996=DIRECTION('Vector Direction',(0.,1.,0.)) ;
#2008=DIRECTION('Axis2P3D Direction',(0.,0.,1.)) ;
#2017=DIRECTION('Axis2P3D Direction',(0.,0.,1.)) ;
#2027=DIRECTION('Axis2P3D Direction',(-1.,0.,0.)) ;
#2028=DIRECTION('Axis2P3D XDirection',(0.,0.,1.)) ;
#2039=DIRECTION('Axis2P3D Direction',(-1.,1.15648231732E-16,0.)) ;
#2040=DIRECTION('Axis2P3D XDirection',(-1.15648231732E-16,-1.,0.)) ;
#2064=DIRECTION('Vector Direction',(-1.,1.15648290944E-16,0.)) ;
#2076=DIRECTION('Axis2P3D Direction',(2.43945488809E-16,1.,0.)) ;
#2077=DIRECTION('Axis2P3D XDirection',(-1.,2.43945488809E-16,0.)) ;
#2081=DIRECTION('Axis2P3D Direction',(2.43945488809E-16,1.,0.)) ;
#2088=DIRECTION('Vector Direction',(2.43945663669E-16,1.,0.)) ;
#2110=DIRECTION('Axis2P3D Direction',(0.,-0.,1.)) ;
#2111=DIRECTION('Axis2P3D XDirection',(1.,0.,0.)) ;
#2115=DIRECTION('Vector Direction',(0.,0.,1.)) ;
#2120=DIRECTION('Vector Direction',(0.,0.,1.)) ;
#2139=DIRECTION('Vector Direction',(0.,1.,0.)) ;
#2146=DIRECTION('Vector Direction',(1.,0.,0.)) ;
#2158=DIRECTION('Vector Direction',(0.,0.,1.)) ;
#2165=DIRECTION('Vector Direction',(1.,0.,0.)) ;
#2177=DIRECTION('Vector Direction',(0.,-1.,0.)) ;
#2189=DIRECTION('Axis2P3D Direction',(0.,1.,-3.46944695195E-16)) ;
#2190=DIRECTION('Axis2P3D XDirection',(0.,3.46944695195E-16,1.)) ;
#2194=DIRECTION('Vector Direction',(0.,1.,-3.4694451756E-16)) ;
#2201=DIRECTION('Axis2P3D Direction',(0.,1.,-3.46944695195E-16)) ;
#2213=DIRECTION('Axis2P3D Direction',(0.,0.,1.)) ;
#2214=DIRECTION('Axis2P3D XDirection',(-1.,1.22464679915E-16,0.)) ;
#2218=DIRECTION('Axis2P3D Direction',(0.,0.,1.)) ;
#2235=DIRECTION('Vector Direction',(0.,0.,1.)) ;
#2247=DIRECTION('Axis2P3D Direction',(-1.,0.,0.)) ;
#2248=DIRECTION('Axis2P3D XDirection',(0.,0.,1.)) ;
#2252=DIRECTION('Axis2P3D Direction',(0.,-1.,0.)) ;
#2259=DIRECTION('Axis2P3D Direction',(-1.,0.,0.)) ;
#2271=DIRECTION('Axis2P3D Direction',(0.,1.,0.)) ;
#2272=DIRECTION('Axis2P3D XDirection',(1.22464679915E-16,0.,-1.)) ;
#2276=DIRECTION('Vector Direction',(0.,1.,0.)) ;
#2283=DIRECTION('Axis2P3D Direction',(0.,1.,0.)) ;
#2295=DIRECTION('Axis2P3D Direction',(0.,0.,-1.)) ;
#2296=DIRECTION('Axis2P3D XDirection',(1.,1.22464679915E-16,0.)) ;
#2300=DIRECTION('Axis2P3D Direction',(0.,0.,-1.)) ;
#2307=DIRECTION('Vector Direction',(0.,0.,-1.)) ;
#2329=DIRECTION('Axis2P3D Direction',(0.,1.,0.)) ;
#2330=DIRECTION('Axis2P3D XDirection',(1.22464679915E-16,0.,-1.)) ;
#2334=DIRECTION('Vector Direction',(0.,1.,0.)) ;
#2341=DIRECTION('Axis2P3D Direction',(0.,1.,0.)) ;
#2353=DIRECTION('Vector Direction',(0.,0.,-1.)) ;
#2362=DIRECTION('Axis2P3D Direction',(-2.25964846525E-16,1.,-2.46519032882E-32)) ;
#2369=DIRECTION('Vector Direction',(1.,0.,0.)) ;
#2376=DIRECTION('Axis2P3D Direction',(-2.25964846525E-16,1.,-2.46519032882E-32)) ;
#2381=DIRECTION('Vector Direction',(1.,0.,0.)) ;
#2388=DIRECTION('Axis2P3D Direction',(-2.25964846525E-16,1.,-2.46519032882E-32)) ;
#2512=DIRECTION('Axis2P3D Direction',(0.,-1.,0.)) ;
#2513=DIRECTION('Axis2P3D XDirection',(1.22464679915E-16,0.,1.)) ;
#2517=DIRECTION('Vector Direction',(0.,-1.,0.)) ;
#2529=DIRECTION('Axis2P3D Direction',(0.707106781187,-0.707106781187,0.)) ;
#2530=DIRECTION('Axis2P3D XDirection',(0.,0.,-1.)) ;
#2534=DIRECTION('Vector Direction',(-0.57735026914,-0.57735026914,0.577350269288)) ;
#2553=DIRECTION('Vector Direction',(0.,0.,-1.)) ;
#2589=DIRECTION('Vector Direction',(0.,0.,1.)) ;
#2622=DIRECTION('Axis2P3D Direction',(0.,1.,0.)) ;
#2623=DIRECTION('Axis2P3D XDirection',(0.,0.,1.)) ;
#2627=DIRECTION('Axis2P3D Direction',(0.,1.,0.)) ;
#2634=DIRECTION('Vector Direction',(0.,1.,0.)) ;
#2646=DIRECTION('Axis2P3D Direction',(1.,0.,0.)) ;
#2647=DIRECTION('Axis2P3D XDirection',(0.,0.,-1.)) ;
#2651=DIRECTION('Vector Direction',(0.,1.,0.)) ;
#2656=DIRECTION('Vector Direction',(0.,-1.,0.)) ;
#2661=DIRECTION('Vector Direction',(0.,0.,-1.)) ;
#2668=DIRECTION('Vector Direction',(0.,1.,0.)) ;
#2691=DIRECTION('Vector Direction',(0.,0.,-1.)) ;
#2714=DIRECTION('Vector Direction',(0.,-1.,0.)) ;
#2721=DIRECTION('Vector Direction',(0.,0.,-1.)) ;
#2728=DIRECTION('Vector Direction',(0.,1.,0.)) ;
#2756=DIRECTION('Axis2P3D Direction',(-0.,1.,0.)) ;
#2757=DIRECTION('Axis2P3D XDirection',(0.,0.,1.)) ;
#2761=DIRECTION('Vector Direction',(0.,1.,0.)) ;
#2780=DIRECTION('Axis2P3D Direction',(0.,0.,-1.)) ;
#2781=DIRECTION('Axis2P3D XDirection',(-1.,0.,-0.)) ;
#2785=DIRECTION('Vector Direction',(0.,1.,0.)) ;
#2792=DIRECTION('Vector Direction',(1.,0.,0.)) ;
#2799=DIRECTION('Vector Direction',(0.,1.,0.)) ;
#2810=DIRECTION('Axis2P3D Direction',(0.,0.,-1.)) ;
#2819=DIRECTION('Axis2P3D Direction',(0.,0.,-1.)) ;
#2829=DIRECTION('Axis2P3D Direction',(1.,2.31296463464E-16,-0.)) ;
#2830=DIRECTION('Axis2P3D XDirection',(-2.31296463464E-16,1.,0.)) ;
#2834=DIRECTION('Vector Direction',(0.,0.,1.)) ;
#2841=DIRECTION('Vector Direction',(-2.00152883313E-16,1.,0.)) ;
#2853=DIRECTION('Axis2P3D Direction',(0.,0.,1.)) ;
#2854=DIRECTION('Axis2P3D XDirection',(1.,0.,-0.)) ;
#2858=DIRECTION('Vector Direction',(-1.,0.,0.)) ;
#2865=DIRECTION('Vector Direction',(0.,1.,0.)) ;
#2876=DIRECTION('Axis2P3D Direction',(0.,0.,1.)) ;
#2885=DIRECTION('Axis2P3D Direction',(0.,0.,1.)) ;
#2895=DIRECTION('Axis2P3D Direction',(-1.,-2.31296463464E-16,0.)) ;
#2896=DIRECTION('Axis2P3D XDirection',(2.31296463464E-16,-1.,0.)) ;
#2900=DIRECTION('Vector Direction',(0.,0.,-1.)) ;
#2912=DIRECTION('Axis2P3D Direction',(-2.31296463464E-16,-1.,0.)) ;
#2913=DIRECTION('Axis2P3D XDirection',(1.,-2.22044604925E-16,0.)) ;
#2917=DIRECTION('Axis2P3D Direction',(1.,-2.31296463464E-16,-6.12323399574E-17)) ;
#2924=DIRECTION('Axis2P3D Direction',(-2.31296463464E-16,-1.,0.)) ;
#2936=DIRECTION('Axis2P3D Direction',(0.,-0.,1.)) ;
#2937=DIRECTION('Axis2P3D XDirection',(1.,0.,-0.)) ;
#2941=DIRECTION('Vector Direction',(1.,0.,0.)) ;
#2948=DIRECTION('Vector Direction',(0.,1.,0.)) ;
#2959=DIRECTION('Axis2P3D Direction',(0.,-0.,1.)) ;
#2968=DIRECTION('Axis2P3D Direction',(0.,-0.,1.)) ;
#2978=DIRECTION('Axis2P3D Direction',(0.,0.,1.)) ;
#2979=DIRECTION('Axis2P3D XDirection',(1.,0.,-0.)) ;
#2983=DIRECTION('Vector Direction',(1.,0.,0.)) ;
#2988=DIRECTION('Vector Direction',(0.,1.,0.)) ;
#2995=DIRECTION('Vector Direction',(-1.,0.,0.)) ;
#3002=DIRECTION('Vector Direction',(0.,-1.,0.)) ;
#3018=DIRECTION('Axis2P3D Direction',(0.,-1.,0.)) ;
#3019=DIRECTION('Axis2P3D XDirection',(-1.,0.,1.22464679915E-16)) ;
#3023=DIRECTION('Axis2P3D Direction',(0.,-1.,0.)) ;
#3030=DIRECTION('Vector Direction',(0.,-1.,0.)) ;
#3042=DIRECTION('Axis2P3D Direction',(-1.,-2.31296463464E-16,0.)) ;
#3043=DIRECTION('Axis2P3D XDirection',(2.31296463464E-16,-1.,0.)) ;
#3047=DIRECTION('Vector Direction',(0.,0.,-1.)) ;
#3054=DIRECTION('Vector Direction',(2.96059473233E-16,-1.,0.)) ;
#3066=DIRECTION('Axis2P3D Direction',(0.,-1.,5.47382212627E-48)) ;
#3067=DIRECTION('Axis2P3D XDirection',(1.,0.,0.)) ;
#3071=DIRECTION('Axis2P3D Direction',(0.,-1.,5.47382212627E-48)) ;
#3078=DIRECTION('Vector Direction',(0.,-1.,0.)) ;
#3090=DIRECTION('Axis2P3D Direction',(1.08420217249E-16,2.50772128175E-32,-1.)) ;
#3091=DIRECTION('Axis2P3D XDirection',(-1.,0.,-1.08420217249E-16)) ;
#3095=DIRECTION('Vector Direction',(1.,4.86673106685E-16,1.21668276671E-16)) ;
#3100=DIRECTION('Vector Direction',(1.,0.,1.0248212535E-16)) ;
#3107=DIRECTION('Vector Direction',(0.,-1.,0.)) ;
#3123=DIRECTION('Axis2P3D Direction',(0.,1.,0.)) ;
#3124=DIRECTION('Axis2P3D XDirection',(1.22464679915E-16,0.,-1.)) ;
#3128=DIRECTION('Axis2P3D Direction',(0.,1.,0.)) ;
#3140=DIRECTION('Axis2P3D Direction',(2.33103467084E-16,1.,0.)) ;
#3141=DIRECTION('Axis2P3D XDirection',(1.,-2.33103467084E-16,1.22464679915E-16)) ;
#3145=DIRECTION('Axis2P3D Direction',(2.33103467084E-16,1.,0.)) ;
#3152=DIRECTION('Vector Direction',(2.33103492064E-16,1.,0.)) ;
#3164=DIRECTION('Axis2P3D Direction',(0.866185586049,-2.00345662756E-16,-0.49972245349)) ;
#3165=DIRECTION('Axis2P3D XDirection',(-0.49972245349,0.,-0.866185586049)) ;
#3169=DIRECTION('Vector Direction',(0.49972245349,0.,0.866185586049)) ;
#3181=DIRECTION('Vector Direction',(0.,-1.,0.)) ;
#3193=DIRECTION('Axis2P3D Direction',(0.,-1.,0.)) ;
#3194=DIRECTION('Axis2P3D XDirection',(0.,0.,-1.)) ;
#3205=DIRECTION('Axis2P3D Direction',(-0.,1.,0.)) ;
#3206=DIRECTION('Axis2P3D XDirection',(0.,0.,1.)) ;
#3210=DIRECTION('Axis2P3D Direction',(-0.,1.,0.)) ;
#3217=DIRECTION('Vector Direction',(0.,1.,0.)) ;
#3229=DIRECTION('Axis2P3D Direction',(1.15648231732E-16,-2.67490270054E-32,-1.)) ;
#3230=DIRECTION('Axis2P3D XDirection',(-1.,0.,-1.15648231732E-16)) ;
#3234=DIRECTION('Vector Direction',(-1.,0.,-8.881784197E-17)) ;
#3241=DIRECTION('Vector Direction',(0.,1.,0.)) ;
#3248=DIRECTION('Vector Direction',(-0.707106781187,0.707106781187,-1.39563774105E-16)) ;
#3255=DIRECTION('Vector Direction',(0.,1.,0.)) ;
#3268=DIRECTION('Axis2P3D Direction',(1.15648231732E-16,-2.67490270054E-32,-1.)) ;
#3277=DIRECTION('Axis2P3D Direction',(1.15648231732E-16,-2.67490270054E-32,-1.)) ;
#3287=DIRECTION('Axis2P3D Direction',(0.707106781187,-1.6355129778E-16,-0.707106781187)) ;
#3288=DIRECTION('Axis2P3D XDirection',(-2.31296463464E-16,-1.,0.)) ;
#3292=DIRECTION('Vector Direction',(0.707106781187,-1.64859708117E-16,0.707106781187)) ;
#3301=DIRECTION('Vector Direction',(-2.96059473233E-16,-1.,0.)) ;
#3306=DIRECTION('Vector Direction',(-0.57735026914,0.577350269288,-0.57735026914)) ;
#3319=DIRECTION('Axis2P3D Direction',(2.33103467084E-16,1.,0.)) ;
#3320=DIRECTION('Axis2P3D XDirection',(1.,-2.33103467084E-16,1.22464679915E-16)) ;
#3324=DIRECTION('Axis2P3D Direction',(2.33103467084E-16,1.,0.)) ;
#3331=DIRECTION('Vector Direction',(2.33103492064E-16,1.,0.)) ;
#3343=DIRECTION('Axis2P3D Direction',(0.,0.,-1.)) ;
#3344=DIRECTION('Axis2P3D XDirection',(-1.,0.,-0.)) ;
#3348=DIRECTION('Vector Direction',(-1.,0.,0.)) ;
#3355=DIRECTION('Vector Direction',(0.,1.,0.)) ;
#3366=DIRECTION('Axis2P3D Direction',(0.,0.,-1.)) ;
#3375=DIRECTION('Axis2P3D Direction',(0.,0.,-1.)) ;
#3385=DIRECTION('Axis2P3D Direction',(-2.33103467084E-16,-1.,0.)) ;
#3386=DIRECTION('Axis2P3D XDirection',(-1.,2.33103467084E-16,1.22464679915E-16)) ;
#3390=DIRECTION('Vector Direction',(-2.33103492064E-16,-1.,0.)) ;
#3395=DIRECTION('Axis2P3D Direction',(-2.33103467084E-16,-1.,0.)) ;
#3408=DIRECTION('Axis2P3D Direction',(-0.707106781187,1.6355129778E-16,-0.707106781187)) ;
#3409=DIRECTION('Axis2P3D XDirection',(-2.31296463464E-16,-1.,0.)) ;
#3413=DIRECTION('Vector Direction',(-1.92038577232E-16,-1.,0.)) ;
#3425=DIRECTION('Vector Direction',(-1.,0.,-8.45884209238E-17)) ;
#3434=DIRECTION('Vector Direction',(0.,1.,0.)) ;
#3439=DIRECTION('Vector Direction',(0.,-1.,0.)) ;
#3451=DIRECTION('Axis2P3D Direction',(1.15648231732E-16,-2.67490270054E-32,-1.)) ;
#3460=DIRECTION('Axis2P3D Direction',(1.15648231732E-16,-2.67490270054E-32,-1.)) ;
#3470=DIRECTION('Axis2P3D Direction',(0.,-1.,0.)) ;
#3471=DIRECTION('Axis2P3D XDirection',(1.22464679915E-16,0.,1.)) ;
#3475=DIRECTION('Axis2P3D Direction',(0.,-1.,0.)) ;
#3487=DIRECTION('Axis2P3D Direction',(0.,1.,-0.)) ;
#3488=DIRECTION('Axis2P3D XDirection',(1.22464679915E-16,-0.,-1.)) ;
#3492=DIRECTION('Axis2P3D Direction',(0.,1.,-0.)) ;
#3504=DIRECTION('Axis2P3D Direction',(0.,0.,-1.)) ;
#3505=DIRECTION('Axis2P3D XDirection',(-1.,0.,-0.)) ;
#3509=DIRECTION('Vector Direction',(-1.,0.,0.)) ;
#3518=DIRECTION('Vector Direction',(0.,1.,0.)) ;
#3523=DIRECTION('Vector Direction',(0.,-1.,0.)) ;
#3589=DIRECTION('Axis2P3D Direction',(-2.34910470705E-16,-1.,0.)) ;
#3590=DIRECTION('Axis2P3D XDirection',(-1.,2.34910470705E-16,5.66553889765E-16)) ;
#3594=DIRECTION('Axis2P3D Direction',(-2.34910470705E-16,-1.,0.)) ;
#3601=DIRECTION('Vector Direction',(-2.34910491059E-16,-1.,0.)) ;
#3613=DIRECTION('Axis2P3D Direction',(1.,-2.31296463464E-16,0.)) ;
#3614=DIRECTION('Axis2P3D XDirection',(2.31296463464E-16,1.,0.)) ;
#3618=DIRECTION('Vector Direction',(0.,0.,-1.)) ;
#3625=DIRECTION('Vector Direction',(2.96059473233E-16,1.,0.)) ;
#3637=DIRECTION('Axis2P3D Direction',(-2.34910470705E-16,-1.,0.)) ;
#3638=DIRECTION('Axis2P3D XDirection',(1.,-2.34910470705E-16,0.)) ;
#3642=DIRECTION('Axis2P3D Direction',(-2.34910470705E-16,-1.,0.)) ;
#3649=DIRECTION('Vector Direction',(-2.34910402241E-16,-1.,0.)) ;
#3661=DIRECTION('Axis2P3D Direction',(-0.,0.,1.)) ;
#3662=DIRECTION('Axis2P3D XDirection',(1.,0.,0.)) ;
#3666=DIRECTION('Vector Direction',(1.,0.,0.)) ;
#3673=DIRECTION('Vector Direction',(0.,1.,0.)) ;
#3684=DIRECTION('Axis2P3D Direction',(-0.,0.,1.)) ;
#3693=DIRECTION('Axis2P3D Direction',(-0.,0.,1.)) ;
#3703=DIRECTION('Axis2P3D Direction',(-2.34910470705E-16,-1.,0.)) ;
#3704=DIRECTION('Axis2P3D XDirection',(1.,-2.34910470705E-16,0.)) ;
#3708=DIRECTION('Axis2P3D Direction',(-2.34910470705E-16,-1.,0.)) ;
#3715=DIRECTION('Vector Direction',(-2.34910402241E-16,-1.,0.)) ;
#3727=DIRECTION('Axis2P3D Direction',(-1.,2.31296463464E-16,0.)) ;
#3728=DIRECTION('Axis2P3D XDirection',(-2.31296463464E-16,-1.,0.)) ;
#3732=DIRECTION('Vector Direction',(0.,0.,1.)) ;
#3739=DIRECTION('Vector Direction',(2.96059473233E-16,1.,0.)) ;
#3751=DIRECTION('Axis2P3D Direction',(-2.34910470705E-16,-1.,0.)) ;
#3752=DIRECTION('Axis2P3D XDirection',(-1.,2.34910470705E-16,5.66553889765E-16)) ;
#3756=DIRECTION('Axis2P3D Direction',(-2.34910470705E-16,-1.,0.)) ;
#3779=DIRECTION('Axis2P3D Direction',(0.,0.,-1.)) ;
#3780=DIRECTION('Axis2P3D XDirection',(1.,1.22464679915E-16,0.)) ;
#3784=DIRECTION('Axis2P3D Direction',(0.,0.,-1.)) ;
#3791=DIRECTION('Vector Direction',(0.,0.,-1.)) ;
#3803=DIRECTION('Axis2P3D Direction',(1.,-0.,0.)) ;
#3804=DIRECTION('Axis2P3D XDirection',(0.,1.,0.)) ;
#3808=DIRECTION('Vector Direction',(1.,0.,0.)) ;
#3815=DIRECTION('Axis2P3D Direction',(1.,-0.,0.)) ;
#3827=DIRECTION('Axis2P3D Direction',(-0.,0.,-1.)) ;
#3828=DIRECTION('Axis2P3D XDirection',(1.,1.22464679915E-16,-0.)) ;
#3832=DIRECTION('Vector Direction',(0.,0.,-1.)) ;
#3837=DIRECTION('Vector Direction',(0.,0.,-1.)) ;
#3849=DIRECTION('Axis2P3D Direction',(-0.,0.,-1.)) ;
#3850=DIRECTION('Axis2P3D XDirection',(-1.,0.,0.)) ;
#3861=DIRECTION('Axis2P3D Direction',(-1.28498035258E-16,-1.,-0.)) ;
#3862=DIRECTION('Axis2P3D XDirection',(1.,0.,0.)) ;
#3866=DIRECTION('Axis2P3D Direction',(0.,0.,-1.)) ;
#3873=DIRECTION('Axis2P3D Direction',(-1.28498035258E-16,-1.,0.)) ;
#3885=DIRECTION('Axis2P3D Direction',(-1.28498035258E-16,-1.,0.)) ;
#3886=DIRECTION('Axis2P3D XDirection',(1.,-1.28498035258E-16,0.)) ;
#3909=DIRECTION('Vector Direction',(1.,0.,0.)) ;
#3916=DIRECTION('Axis2P3D Direction',(-1.28498035258E-16,-1.,0.)) ;
#3923=DIRECTION('Vector Direction',(0.,0.,1.)) ;
#3937=DIRECTION('Vector Direction',(0.,0.,1.)) ;
#3946=DIRECTION('Vector Direction',(1.,0.,0.)) ;
#3953=DIRECTION('Vector Direction',(0.,0.,-1.)) ;
#3960=DIRECTION('Vector Direction',(-1.,0.,0.)) ;
#3972=DIRECTION('Vector Direction',(0.,0.,-1.)) ;
#3979=DIRECTION('Vector Direction',(-1.92038577232E-16,1.,0.)) ;
#3991=DIRECTION('Axis2P3D Direction',(-2.31296463464E-16,-1.,0.)) ;
#3992=DIRECTION('Axis2P3D XDirection',(-1.,2.22044604925E-16,0.)) ;
#3996=DIRECTION('Axis2P3D Direction',(-0.49972245349,1.15584036205E-16,-0.866185586049)) ;
#4003=DIRECTION('Axis2P3D Direction',(-2.31296463464E-16,-1.,0.)) ;
#4015=DIRECTION('Axis2P3D Direction',(-2.31296463464E-16,-1.,0.)) ;
#4016=DIRECTION('Axis2P3D XDirection',(1.,-2.31296463464E-16,0.)) ;
#4020=DIRECTION('Vector Direction',(-1.,2.31042932823E-16,0.)) ;
#4027=DIRECTION('Vector Direction',(0.,0.,1.)) ;
#4034=DIRECTION('Vector Direction',(1.,-2.31296463464E-16,0.)) ;
#4041=DIRECTION('Vector Direction',(0.,0.,1.)) ;
#4048=DIRECTION('Vector Direction',(-1.,2.32137541513E-16,0.)) ;
#4053=DIRECTION('Vector Direction',(-0.499722453695,1.18560785394E-16,-0.86618558593)) ;
#4091=DIRECTION('Axis2P3D Direction',(-2.31296463464E-16,-1.,0.)) ;
#4100=DIRECTION('Axis2P3D Direction',(-2.31296463464E-16,-1.,0.)) ;
#4109=DIRECTION('Axis2P3D Direction',(-2.31296463464E-16,-1.,0.)) ;
#4118=DIRECTION('Axis2P3D Direction',(-2.31296463464E-16,-1.,0.)) ;
#4138=DIRECTION('Axis2P3D Direction',(1.,0.,-0.)) ;
#4139=DIRECTION('Axis2P3D XDirection',(0.,1.,0.)) ;
#4143=DIRECTION('Vector Direction',(1.,0.,0.)) ;
#4150=DIRECTION('Axis2P3D Direction',(1.,0.,-0.)) ;
#4162=DIRECTION('Axis2P3D Direction',(0.,-0.,1.)) ;
#4163=DIRECTION('Axis2P3D XDirection',(1.,0.,-0.)) ;
#4167=DIRECTION('Vector Direction',(0.,-1.,0.)) ;
#4174=DIRECTION('Vector Direction',(-1.,0.,0.)) ;
#4185=DIRECTION('Axis2P3D Direction',(0.,-0.,1.)) ;
#4194=DIRECTION('Axis2P3D Direction',(0.,-0.,1.)) ;
#4204=DIRECTION('Axis2P3D Direction',(-1.15648231732E-16,-1.,0.)) ;
#4205=DIRECTION('Axis2P3D XDirection',(-1.,0.,0.)) ;
#4209=DIRECTION('Axis2P3D Direction',(-1.,1.15648231732E-16,1.83697019872E-16)) ;
#4216=DIRECTION('Axis2P3D Direction',(-1.15648231732E-16,-1.,0.)) ;
#4247=DIRECTION('Vector Direction',(1.,0.,0.)) ;
#4254=DIRECTION('Axis2P3D Direction',(-1.28498035258E-16,-1.,0.)) ;
#4261=DIRECTION('Vector Direction',(0.,0.,1.)) ;
#4275=DIRECTION('Vector Direction',(-1.,0.,0.)) ;
#4284=DIRECTION('Vector Direction',(0.,0.,1.)) ;
#4291=DIRECTION('Vector Direction',(1.,0.,0.)) ;
#4298=DIRECTION('Vector Direction',(0.,0.,-1.)) ;
#4310=DIRECTION('Axis2P3D Direction',(0.,-1.,0.)) ;
#4311=DIRECTION('Axis2P3D XDirection',(1.,0.,0.)) ;
#4315=DIRECTION('Vector Direction',(0.,-1.,0.)) ;
#4322=DIRECTION('Vector Direction',(0.,-1.,0.)) ;
#4329=DIRECTION('Axis2P3D Direction',(0.,-1.,0.)) ;
#4341=DIRECTION('Axis2P3D Direction',(0.,-1.,0.)) ;
#4353=DIRECTION('Axis2P3D Direction',(0.,-1.,0.)) ;
#4354=DIRECTION('Axis2P3D XDirection',(1.,0.,0.)) ;
#4358=DIRECTION('Vector Direction',(0.,-1.,0.)) ;
#4365=DIRECTION('Vector Direction',(0.,-1.,0.)) ;
#4372=DIRECTION('Axis2P3D Direction',(0.,-1.,0.)) ;
#4384=DIRECTION('Axis2P3D Direction',(0.,-1.,0.)) ;
#4396=DIRECTION('Axis2P3D Direction',(-2.43945488809E-16,-1.,0.)) ;
#4397=DIRECTION('Axis2P3D XDirection',(-1.,2.43945488809E-16,1.22464679915E-16)) ;
#4401=DIRECTION('Axis2P3D Direction',(-2.43945488809E-16,-1.,0.)) ;
#4413=DIRECTION('Axis2P3D Direction',(-1.15648231732E-16,-1.,0.)) ;
#4414=DIRECTION('Axis2P3D XDirection',(1.,0.,0.)) ;
#4418=DIRECTION('Axis2P3D Direction',(0.,-0.,-1.)) ;
#4430=DIRECTION('Axis2P3D Direction',(0.,0.,1.)) ;
#4431=DIRECTION('Axis2P3D XDirection',(-1.,1.22464679915E-16,0.)) ;
#4435=DIRECTION('Axis2P3D Direction',(0.,0.,1.)) ;
#4447=DIRECTION('Axis2P3D Direction',(-0.,1.,0.)) ;
#4448=DIRECTION('Axis2P3D XDirection',(0.,0.,1.)) ;
#4452=DIRECTION('Axis2P3D Direction',(-0.,1.,0.)) ;
#4457=DIRECTION('Axis2P3D Direction',(-0.,1.,0.)) ;
#4469=DIRECTION('Axis2P3D Direction',(1.,0.,0.)) ;
#4470=DIRECTION('Axis2P3D XDirection',(0.,0.,-1.)) ;
#4474=DIRECTION('Axis2P3D Direction',(0.,-6.12323399574E-17,-1.)) ;
#4486=DIRECTION('Axis2P3D Direction',(0.,0.,1.)) ;
#4487=DIRECTION('Axis2P3D XDirection',(-1.,1.22464679915E-16,0.)) ;
#4491=DIRECTION('Axis2P3D Direction',(0.,0.,1.)) ;
#4503=DIRECTION('Axis2P3D Direction',(1.,0.,0.)) ;
#4504=DIRECTION('Axis2P3D XDirection',(0.,0.,-1.)) ;
#4508=DIRECTION('Axis2P3D Direction',(1.,0.,0.)) ;
#4515=DIRECTION('Axis2P3D Direction',(0.,-1.,0.)) ;
#4527=DIRECTION('Axis2P3D Direction',(0.,-1.,0.)) ;
#4528=DIRECTION('Axis2P3D XDirection',(0.,0.,-1.)) ;
#4532=DIRECTION('Vector Direction',(0.,-1.,0.)) ;
#4539=DIRECTION('Axis2P3D Direction',(0.,-1.,0.)) ;
#4551=DIRECTION('Vector Direction',(0.,0.,1.)) ;
#4560=DIRECTION('Axis2P3D Direction',(0.,0.,1.)) ;
#4565=DIRECTION('Axis2P3D Direction',(0.,0.,1.)) ;
#4577=DIRECTION('Axis2P3D Direction',(1.,-1.15648231732E-16,0.)) ;
#4578=DIRECTION('Axis2P3D XDirection',(1.15648231732E-16,1.,0.)) ;
#4605=DIRECTION('Axis2P3D Direction',(-0.,0.,-1.)) ;
#4606=DIRECTION('Axis2P3D XDirection',(1.,1.22464679915E-16,-0.)) ;
#4610=DIRECTION('Vector Direction',(0.,0.,-1.)) ;
#4615=DIRECTION('Vector Direction',(0.,0.,-1.)) ;
#4627=DIRECTION('Axis2P3D Direction',(-0.,0.,-1.)) ;
#4628=DIRECTION('Axis2P3D XDirection',(-1.,0.,0.)) ;
#4639=DIRECTION('Axis2P3D Direction',(0.,0.,1.)) ;
#4640=DIRECTION('Axis2P3D XDirection',(-1.,1.22464679915E-16,0.)) ;
#4659=DIRECTION('Axis2P3D Direction',(-1.,1.15648231732E-16,0.)) ;
#4660=DIRECTION('Axis2P3D XDirection',(1.15648231732E-16,1.,1.22464679915E-16)) ;
#4679=DIRECTION('Axis2P3D Direction',(0.,0.,-1.)) ;
#4680=DIRECTION('Axis2P3D XDirection',(1.,1.22464679915E-16,0.)) ;
#4691=DIRECTION('Axis2P3D Direction',(1.,0.,-0.)) ;
#4692=DIRECTION('Axis2P3D XDirection',(0.,1.,0.)) ;
#4711=DIRECTION('Axis2P3D Direction',(0.,-0.,1.)) ;
#4712=DIRECTION('Axis2P3D XDirection',(1.,0.,0.)) ;
#4716=DIRECTION('Vector Direction',(0.,0.,1.)) ;
#4723=DIRECTION('Axis2P3D Direction',(0.,-0.,1.)) ;
#4730=DIRECTION('Vector Direction',(0.,0.,1.)) ;
#4742=DIRECTION('Axis2P3D Direction',(0.,-0.,1.)) ;
#4754=DIRECTION('Axis2P3D Direction',(-2.31296463464E-16,-1.,0.)) ;
#4755=DIRECTION('Axis2P3D XDirection',(-1.,2.22044604925E-16,0.)) ;
#4759=DIRECTION('Axis2P3D Direction',(-0.49972245349,1.15584036205E-16,-0.866185586049)) ;
#4771=DIRECTION('Axis2P3D Direction',(0.49972245349,-1.15584036205E-16,0.866185586049)) ;
#4772=DIRECTION('Axis2P3D XDirection',(-0.866185586049,1.22464679915E-16,0.49972245349)) ;
#4783=DIRECTION('Axis2P3D Direction',(-1.15648231732E-16,-1.,0.)) ;
#4784=DIRECTION('Axis2P3D XDirection',(-1.,0.,1.48029736617E-16)) ;
#4788=DIRECTION('Axis2P3D Direction',(-1.15648231732E-16,-1.,0.)) ;
#4795=DIRECTION('Axis2P3D Direction',(-1.,1.15648231732E-16,1.83697019872E-16)) ;
#4807=DIRECTION('Axis2P3D Direction',(1.,-1.15648231732E-16,0.)) ;
#4808=DIRECTION('Axis2P3D XDirection',(-1.15648231732E-16,-1.,1.22464679915E-16)) ;
#4812=DIRECTION('Vector Direction',(1.,-1.15648290944E-16,0.)) ;
#4819=DIRECTION('Axis2P3D Direction',(1.,-1.15648231732E-16,0.)) ;
#4831=DIRECTION('Axis2P3D Direction',(0.,-1.,0.)) ;
#4832=DIRECTION('Axis2P3D XDirection',(1.22464679915E-16,0.,1.)) ;
#4836=DIRECTION('Axis2P3D Direction',(0.,-1.,0.)) ;
#4843=DIRECTION('Vector Direction',(0.,-1.,0.)) ;
#4868=DIRECTION('Axis2P3D Direction',(-0.707106781187,-0.707106781187,0.)) ;
#4869=DIRECTION('Axis2P3D XDirection',(0.,0.,1.)) ;
#4873=DIRECTION('Vector Direction',(0.577350269194,-0.577350269194,-0.577350269181)) ;
#4890=DIRECTION('Vector Direction',(0.,0.,-1.)) ;
#4913=DIRECTION('Vector Direction',(0.707106781187,-0.707106781187,0.)) ;
#4941=DIRECTION('Axis2P3D Direction',(0.,-0.,1.)) ;
#4942=DIRECTION('Axis2P3D XDirection',(-1.,1.22464679915E-16,0.)) ;
#4946=DIRECTION('Axis2P3D Direction',(0.,-0.,1.)) ;
#4955=DIRECTION('Vector Direction',(0.,0.,1.)) ;
#4960=DIRECTION('Vector Direction',(0.,0.,1.)) ;
#4972=DIRECTION('Axis2P3D Direction',(0.,-0.,1.)) ;
#4973=DIRECTION('Axis2P3D XDirection',(1.,0.,0.)) ;
#4977=DIRECTION('Axis2P3D Direction',(0.,-0.,1.)) ;
#4989=DIRECTION('Axis2P3D Direction',(0.,-0.,1.)) ;
#4990=DIRECTION('Axis2P3D XDirection',(1.,0.,0.)) ;
#4994=DIRECTION('Vector Direction',(0.,0.,1.)) ;
#5001=DIRECTION('Axis2P3D Direction',(0.,-0.,1.)) ;
#5008=DIRECTION('Vector Direction',(0.,0.,1.)) ;
#5020=DIRECTION('Axis2P3D Direction',(0.,-0.,1.)) ;
#5032=DIRECTION('Axis2P3D Direction',(1.,-1.15648231732E-16,0.)) ;
#5052=DIRECTION('Axis2P3D Direction',(0.,-0.,1.)) ;
#5053=DIRECTION('Axis2P3D XDirection',(1.,0.,0.)) ;
#5057=DIRECTION('Vector Direction',(0.,0.,1.)) ;
#5062=DIRECTION('Vector Direction',(0.,0.,1.)) ;
#5081=DIRECTION('Axis2P3D Direction',(-1.28498035258E-16,-1.,-0.)) ;
#5082=DIRECTION('Axis2P3D XDirection',(-1.,0.,1.48029736617E-16)) ;
#5093=DIRECTION('Axis2P3D Direction',(-0.,0.,-1.)) ;
#5094=DIRECTION('Axis2P3D XDirection',(-1.,0.,0.)) ;
#5098=DIRECTION('Axis2P3D Direction',(-0.,0.,-1.)) ;
#5107=DIRECTION('Vector Direction',(0.,0.,-1.)) ;
#5112=DIRECTION('Vector Direction',(0.,0.,-1.)) ;
#5124=DIRECTION('Axis2P3D Direction',(-0.,0.,-1.)) ;
#5136=DIRECTION('Axis2P3D Direction',(0.,-0.,1.)) ;
#5137=DIRECTION('Axis2P3D XDirection',(1.,0.,0.)) ;
#5141=DIRECTION('Vector Direction',(0.,0.,1.)) ;
#5148=DIRECTION('Axis2P3D Direction',(0.,-0.,1.)) ;
#5155=DIRECTION('Vector Direction',(0.,0.,1.)) ;
#5167=DIRECTION('Axis2P3D Direction',(0.,-0.,1.)) ;
#5179=DIRECTION('Axis2P3D Direction',(0.,0.,-1.)) ;
#5180=DIRECTION('Axis2P3D XDirection',(1.,1.22464679915E-16,0.)) ;
#5195=DIRECTION('Vector Direction',(0.,0.,-1.)) ;
#5211=DIRECTION('Vector Direction',(0.,0.,-1.)) ;
#5223=DIRECTION('Axis2P3D Direction',(1.,0.,-0.)) ;
#5224=DIRECTION('Axis2P3D XDirection',(0.,-1.,1.22464679915E-16)) ;
#5228=DIRECTION('Vector Direction',(1.,0.,0.)) ;
#5244=DIRECTION('Vector Direction',(1.,0.,0.)) ;
#5256=DIRECTION('Axis2P3D Direction',(0.,-0.,1.)) ;
#5257=DIRECTION('Axis2P3D XDirection',(-1.,1.22464679915E-16,0.)) ;
#5261=DIRECTION('Axis2P3D Direction',(0.,-0.,1.)) ;
#5270=DIRECTION('Vector Direction',(0.,0.,1.)) ;
#5277=DIRECTION('Axis2P3D Direction',(0.,-0.,1.)) ;
#5284=DIRECTION('Vector Direction',(0.,0.,1.)) ;
#5296=DIRECTION('Axis2P3D Direction',(0.,-0.,1.)) ;
#5297=DIRECTION('Axis2P3D XDirection',(1.,0.,0.)) ;
#5301=DIRECTION('Axis2P3D Direction',(0.,-0.,1.)) ;
#5306=DIRECTION('Axis2P3D Direction',(0.,-0.,1.)) ;
#5318=DIRECTION('Axis2P3D Direction',(0.,0.,1.)) ;
#5319=DIRECTION('Axis2P3D XDirection',(-1.,1.22464679915E-16,0.)) ;
#5323=DIRECTION('Vector Direction',(0.,0.,1.)) ;
#5339=DIRECTION('Vector Direction',(0.,0.,1.)) ;
#5351=DIRECTION('Axis2P3D Direction',(-1.,0.,0.)) ;
#5352=DIRECTION('Axis2P3D XDirection',(0.,-1.,0.)) ;
#5356=DIRECTION('Vector Direction',(-1.,0.,0.)) ;
#5361=DIRECTION('Vector Direction',(-1.,0.,0.)) ;
#5373=DIRECTION('Axis2P3D Direction',(0.,0.,1.)) ;
#5374=DIRECTION('Axis2P3D XDirection',(-1.,1.22464679915E-16,0.)) ;
#5378=DIRECTION('Axis2P3D Direction',(0.,0.,1.)) ;
#5390=DIRECTION('Axis2P3D Direction',(-1.28498035258E-16,-1.,-0.)) ;
#5391=DIRECTION('Axis2P3D XDirection',(-1.,0.,2.22044604925E-16)) ;
#5402=DIRECTION('Axis2P3D Direction',(0.,0.,1.)) ;
#5403=DIRECTION('Axis2P3D XDirection',(-1.,1.22464679915E-16,0.)) ;
#5442=DIRECTION('Axis2P3D Direction',(0.,0.,-1.)) ;
#5443=DIRECTION('Axis2P3D XDirection',(1.,1.22464679915E-16,0.)) ;
#5468=DIRECTION('Axis2P3D Direction',(1.,-2.31296463464E-16,0.)) ;
#5469=DIRECTION('Axis2P3D XDirection',(-2.31296463464E-16,-1.,1.22464679915E-16)) ;
#5473=DIRECTION('Vector Direction',(1.,-2.31296448661E-16,0.)) ;
#5495=DIRECTION('Axis2P3D Direction',(0.,-1.,0.)) ;
#5496=DIRECTION('Axis2P3D XDirection',(1.,0.,0.)) ;
#5500=DIRECTION('Vector Direction',(0.,-1.,0.)) ;
#5507=DIRECTION('Axis2P3D Direction',(0.,-1.,0.)) ;
#5514=DIRECTION('Vector Direction',(0.,-1.,0.)) ;
#5526=DIRECTION('Axis2P3D Direction',(0.,-1.,0.)) ;
#5538=DIRECTION('Axis2P3D Direction',(0.,-1.,0.)) ;
#5539=DIRECTION('Axis2P3D XDirection',(1.,0.,0.)) ;
#5543=DIRECTION('Vector Direction',(0.,-1.,0.)) ;
#5550=DIRECTION('Axis2P3D Direction',(0.,-1.,0.)) ;
#5557=DIRECTION('Vector Direction',(0.,-1.,0.)) ;
#5569=DIRECTION('Axis2P3D Direction',(0.,-1.,0.)) ;
#5581=DIRECTION('Axis2P3D Direction',(-1.,1.15648231732E-16,0.)) ;
#5582=DIRECTION('Axis2P3D XDirection',(1.15648231732E-16,1.,1.22464679915E-16)) ;
#5586=DIRECTION('Axis2P3D Direction',(-1.,1.15648231732E-16,0.)) ;
#5598=DIRECTION('Axis2P3D Direction',(-1.15648231732E-16,-1.,0.)) ;
#5599=DIRECTION('Axis2P3D XDirection',(-1.,0.,0.)) ;
#5628=DIRECTION('Vector Direction',(0.,-1.,0.)) ;
#5635=DIRECTION('Vector Direction',(1.,0.,-8.07434927E-17)) ;
#5652=DIRECTION('Axis2P3D Direction',(-1.15648231732E-16,-1.,0.)) ;
#5653=DIRECTION('Axis2P3D XDirection',(1.,0.,0.)) ;
#5657=DIRECTION('Axis2P3D Direction',(1.,-1.15648231732E-16,-6.12323399574E-17)) ;
#5664=DIRECTION('Axis2P3D Direction',(-1.15648231732E-16,-1.,0.)) ;
#5676=DIRECTION('Vector Direction',(-1.,0.,0.)) ;
#5683=DIRECTION('Axis2P3D Direction',(-1.28498035258E-16,-1.,0.)) ;
#5690=DIRECTION('Vector Direction',(0.,0.,-1.)) ;
#5697=DIRECTION('Axis2P3D Direction',(-1.28498035258E-16,-1.,0.)) ;
#5719=DIRECTION('Axis2P3D Direction',(0.,0.,-1.)) ;
#5720=DIRECTION('Axis2P3D XDirection',(1.,0.,0.)) ;
#5733=DIRECTION('Axis2P3D Direction',(-1.15648231732E-16,-1.,0.)) ;
#5734=DIRECTION('Axis2P3D XDirection',(-1.,0.,2.22044604925E-16)) ;
#5738=DIRECTION('Axis2P3D Direction',(1.22464679915E-16,-1.41628236817E-32,1.)) ;
#5750=DIRECTION('Vector Direction',(0.,0.,1.)) ;
#5757=DIRECTION('Vector Direction',(0.,1.,0.)) ;
#5769=DIRECTION('Axis2P3D Direction',(-0.707106781187,1.6355129778E-16,-0.707106781187)) ;
#5770=DIRECTION('Axis2P3D XDirection',(2.31296463464E-16,1.,0.)) ;
#5779=DIRECTION('Axis2P3D Direction',(0.,-1.,0.)) ;
#5780=DIRECTION('Axis2P3D XDirection',(1.22464679915E-16,0.,1.)) ;
#5784=DIRECTION('Axis2P3D Direction',(0.,-1.,0.)) ;
#5796=DIRECTION('Axis2P3D Direction',(0.,0.,1.)) ;
#5797=DIRECTION('Axis2P3D XDirection',(1.,0.,-0.)) ;
#5810=DIRECTION('Axis2P3D Direction',(-1.,1.15648231732E-16,0.)) ;
#5822=DIRECTION('Axis2P3D Direction',(-1.15648231732E-16,-1.,0.)) ;
#5823=DIRECTION('Axis2P3D XDirection',(1.,0.,0.)) ;
#5827=DIRECTION('Axis2P3D Direction',(1.22464679915E-16,-1.41628236817E-32,1.)) ;
#5846=DIRECTION('Axis2P3D Direction',(4.62592926927E-16,-1.,0.)) ;
#5847=DIRECTION('Axis2P3D XDirection',(1.,4.62592926927E-16,0.)) ;
#5858=DIRECTION('Axis2P3D Direction',(-1.,1.28498035258E-16,0.)) ;
#5859=DIRECTION('Axis2P3D XDirection',(0.,0.,1.)) ;
#5863=DIRECTION('Vector Direction',(1.97226253013E-16,1.,0.)) ;
#5868=DIRECTION('Vector Direction',(1.97226253013E-16,1.,0.)) ;
#5880=DIRECTION('Vector Direction',(9.86131265066E-17,1.,0.)) ;
#5896=DIRECTION('Vector Direction',(9.86131265066E-17,1.,0.)) ;
#5912=DIRECTION('Axis2P3D Direction',(1.,-1.28498035258E-16,0.)) ;
#5913=DIRECTION('Axis2P3D XDirection',(0.,-0.,-1.)) ;
#47=AXIS2_PLACEMENT_3D(' ',#46,$,$) ;
#54=AXIS2_PLACEMENT_3D('Plane Axis2P3D',#51,#52,#53) ;
#126=AXIS2_PLACEMENT_3D('Plane Axis2P3D',#123,#124,#125) ;
#155=AXIS2_PLACEMENT_3D('Circle Axis2P3D',#153,#154,$) ;
#164=AXIS2_PLACEMENT_3D('Circle Axis2P3D',#162,#163,$) ;
#175=AXIS2_PLACEMENT_3D('Plane Axis2P3D',#172,#173,#174) ;
#204=AXIS2_PLACEMENT_3D('Circle Axis2P3D',#202,#203,$) ;
#213=AXIS2_PLACEMENT_3D('Circle Axis2P3D',#211,#212,$) ;
#224=AXIS2_PLACEMENT_3D('Plane Axis2P3D',#221,#222,#223) ;
#278=AXIS2_PLACEMENT_3D('Cylinder Axis2P3D',#275,#276,#277) ;
#282=AXIS2_PLACEMENT_3D('Circle Axis2P3D',#280,#281,$) ;
#298=AXIS2_PLACEMENT_3D('Circle Axis2P3D',#296,#297,$) ;
#317=AXIS2_PLACEMENT_3D('Circle Axis2P3D',#315,#316,$) ;
#322=AXIS2_PLACEMENT_3D('Circle Axis2P3D',#320,#321,$) ;
#335=AXIS2_PLACEMENT_3D('Plane Axis2P3D',#332,#333,#334) ;
#348=AXIS2_PLACEMENT_3D('Circle Axis2P3D',#346,#347,$) ;
#362=AXIS2_PLACEMENT_3D('Circle Axis2P3D',#360,#361,$) ;
#376=AXIS2_PLACEMENT_3D('Circle Axis2P3D',#374,#375,$) ;
#383=AXIS2_PLACEMENT_3D('Circle Axis2P3D',#381,#382,$) ;
#397=AXIS2_PLACEMENT_3D('Circle Axis2P3D',#395,#396,$) ;
#411=AXIS2_PLACEMENT_3D('Circle Axis2P3D',#409,#410,$) ;
#489=AXIS2_PLACEMENT_3D('Plane Axis2P3D',#486,#487,#488) ;
#509=AXIS2_PLACEMENT_3D('Circle Axis2P3D',#507,#508,$) ;
#516=AXIS2_PLACEMENT_3D('Circle Axis2P3D',#514,#515,$) ;
#555=AXIS2_PLACEMENT_3D('Circle Axis2P3D',#553,#554,$) ;
#564=AXIS2_PLACEMENT_3D('Circle Axis2P3D',#562,#563,$) ;
#575=AXIS2_PLACEMENT_3D('Plane Axis2P3D',#572,#573,#574) ;
#606=AXIS2_PLACEMENT_3D('Cylinder Axis2P3D',#603,#604,#605) ;
#610=AXIS2_PLACEMENT_3D('Circle Axis2P3D',#608,#609,$) ;
#630=AXIS2_PLACEMENT_3D('Plane Axis2P3D',#627,#628,#629) ;
#711=AXIS2_PLACEMENT_3D('Cylinder Axis2P3D',#708,#709,#710) ;
#715=AXIS2_PLACEMENT_3D('Circle Axis2P3D',#713,#714,$) ;
#735=AXIS2_PLACEMENT_3D('Plane Axis2P3D',#732,#733,#734) ;
#759=AXIS2_PLACEMENT_3D('Cylinder Axis2P3D',#756,#757,#758) ;
#797=AXIS2_PLACEMENT_3D('Plane Axis2P3D',#794,#795,#796) ;
#878=AXIS2_PLACEMENT_3D('Cylinder Axis2P3D',#875,#876,#877) ;
#882=AXIS2_PLACEMENT_3D('Circle Axis2P3D',#880,#881,$) ;
#902=AXIS2_PLACEMENT_3D('Plane Axis2P3D',#899,#900,#901) ;
#926=AXIS2_PLACEMENT_3D('Cylinder Axis2P3D',#923,#924,#925) ;
#930=AXIS2_PLACEMENT_3D('Circle Axis2P3D',#928,#929,$) ;
#943=AXIS2_PLACEMENT_3D('Cylinder Axis2P3D',#940,#941,#942) ;
#972=AXIS2_PLACEMENT_3D('Plane Axis2P3D',#969,#970,#971) ;
#1009=AXIS2_PLACEMENT_3D('Circle Axis2P3D',#1007,#1008,$) ;
#1018=AXIS2_PLACEMENT_3D('Circle Axis2P3D',#1016,#1017,$) ;
#1029=AXIS2_PLACEMENT_3D('Plane Axis2P3D',#1026,#1027,#1028) ;
#1173=AXIS2_PLACEMENT_3D('Cylinder Axis2P3D',#1170,#1171,#1172) ;
#1177=AXIS2_PLACEMENT_3D('Circle Axis2P3D',#1175,#1176,$) ;
#1184=AXIS2_PLACEMENT_3D('Circle Axis2P3D',#1182,#1183,$) ;
#1199=AXIS2_PLACEMENT_3D('Plane Axis2P3D',#1196,#1197,#1198) ;
#1223=AXIS2_PLACEMENT_3D('Plane Axis2P3D',#1220,#1221,#1222) ;
#1234=AXIS2_PLACEMENT_3D('Circle Axis2P3D',#1232,#1233,$) ;
#1339=AXIS2_PLACEMENT_3D('Cylinder Axis2P3D',#1336,#1337,#1338) ;
#1352=AXIS2_PLACEMENT_3D('Circle Axis2P3D',#1350,#1351,$) ;
#1366=AXIS2_PLACEMENT_3D('Circle Axis2P3D',#1364,#1365,$) ;
#1574=AXIS2_PLACEMENT_3D('Circle Axis2P3D',#1572,#1573,$) ;
#1595=AXIS2_PLACEMENT_3D('Circle Axis2P3D',#1593,#1594,$) ;
#1609=AXIS2_PLACEMENT_3D('Circle Axis2P3D',#1607,#1608,$) ;
#1630=AXIS2_PLACEMENT_3D('Circle Axis2P3D',#1628,#1629,$) ;
#1854=AXIS2_PLACEMENT_3D('Plane Axis2P3D',#1851,#1852,#1853) ;
#1903=AXIS2_PLACEMENT_3D('Plane Axis2P3D',#1900,#1901,#1902) ;
#1920=AXIS2_PLACEMENT_3D('Plane Axis2P3D',#1917,#1918,#1919) ;
#1938=AXIS2_PLACEMENT_3D('Plane Axis2P3D',#1935,#1936,#1937) ;
#1986=AXIS2_PLACEMENT_3D('Plane Axis2P3D',#1983,#1984,#1985) ;
#2009=AXIS2_PLACEMENT_3D('Circle Axis2P3D',#2007,#2008,$) ;
#2018=AXIS2_PLACEMENT_3D('Circle Axis2P3D',#2016,#2017,$) ;
#2029=AXIS2_PLACEMENT_3D('Plane Axis2P3D',#2026,#2027,#2028) ;
#2041=AXIS2_PLACEMENT_3D('Cylinder Axis2P3D',#2038,#2039,#2040) ;
#2078=AXIS2_PLACEMENT_3D('Cylinder Axis2P3D',#2075,#2076,#2077) ;
#2082=AXIS2_PLACEMENT_3D('Circle Axis2P3D',#2080,#2081,$) ;
#2112=AXIS2_PLACEMENT_3D('Cylinder Axis2P3D',#2109,#2110,#2111) ;
#2191=AXIS2_PLACEMENT_3D('Cylinder Axis2P3D',#2188,#2189,#2190) ;
#2202=AXIS2_PLACEMENT_3D('Circle Axis2P3D',#2200,#2201,$) ;
#2215=AXIS2_PLACEMENT_3D('Cylinder Axis2P3D',#2212,#2213,#2214) ;
#2219=AXIS2_PLACEMENT_3D('Circle Axis2P3D',#2217,#2218,$) ;
#2249=AXIS2_PLACEMENT_3D('Torus Axis2P3D',#2246,#2247,#2248) ;
#2253=AXIS2_PLACEMENT_3D('Circle Axis2P3D',#2251,#2252,$) ;
#2260=AXIS2_PLACEMENT_3D('Circle Axis2P3D',#2258,#2259,$) ;
#2273=AXIS2_PLACEMENT_3D('Cylinder Axis2P3D',#2270,#2271,#2272) ;
#2284=AXIS2_PLACEMENT_3D('Circle Axis2P3D',#2282,#2283,$) ;
#2297=AXIS2_PLACEMENT_3D('Cylinder Axis2P3D',#2294,#2295,#2296) ;
#2301=AXIS2_PLACEMENT_3D('Circle Axis2P3D',#2299,#2300,$) ;
#2331=AXIS2_PLACEMENT_3D('Cylinder Axis2P3D',#2328,#2329,#2330) ;
#2342=AXIS2_PLACEMENT_3D('Circle Axis2P3D',#2340,#2341,$) ;
#2363=AXIS2_PLACEMENT_3D('Circle Axis2P3D',#2361,#2362,$) ;
#2377=AXIS2_PLACEMENT_3D('Circle Axis2P3D',#2375,#2376,$) ;
#2389=AXIS2_PLACEMENT_3D('Circle Axis2P3D',#2387,#2388,$) ;
#2514=AXIS2_PLACEMENT_3D('Cylinder Axis2P3D',#2511,#2512,#2513) ;
#2531=AXIS2_PLACEMENT_3D('Plane Axis2P3D',#2528,#2529,#2530) ;
#2624=AXIS2_PLACEMENT_3D('Cylinder Axis2P3D',#2621,#2622,#2623) ;
#2628=AXIS2_PLACEMENT_3D('Circle Axis2P3D',#2626,#2627,$) ;
#2648=AXIS2_PLACEMENT_3D('Plane Axis2P3D',#2645,#2646,#2647) ;
#2758=AXIS2_PLACEMENT_3D('Cylinder Axis2P3D',#2755,#2756,#2757) ;
#2782=AXIS2_PLACEMENT_3D('Plane Axis2P3D',#2779,#2780,#2781) ;
#2811=AXIS2_PLACEMENT_3D('Circle Axis2P3D',#2809,#2810,$) ;
#2820=AXIS2_PLACEMENT_3D('Circle Axis2P3D',#2818,#2819,$) ;
#2831=AXIS2_PLACEMENT_3D('Plane Axis2P3D',#2828,#2829,#2830) ;
#2855=AXIS2_PLACEMENT_3D('Plane Axis2P3D',#2852,#2853,#2854) ;
#2877=AXIS2_PLACEMENT_3D('Circle Axis2P3D',#2875,#2876,$) ;
#2886=AXIS2_PLACEMENT_3D('Circle Axis2P3D',#2884,#2885,$) ;
#2897=AXIS2_PLACEMENT_3D('Plane Axis2P3D',#2894,#2895,#2896) ;
#2914=AXIS2_PLACEMENT_3D('Torus Axis2P3D',#2911,#2912,#2913) ;
#2918=AXIS2_PLACEMENT_3D('Circle Axis2P3D',#2916,#2917,$) ;
#2925=AXIS2_PLACEMENT_3D('Circle Axis2P3D',#2923,#2924,$) ;
#2938=AXIS2_PLACEMENT_3D('Plane Axis2P3D',#2935,#2936,#2937) ;
#2960=AXIS2_PLACEMENT_3D('Circle Axis2P3D',#2958,#2959,$) ;
#2969=AXIS2_PLACEMENT_3D('Circle Axis2P3D',#2967,#2968,$) ;
#2980=AXIS2_PLACEMENT_3D('Plane Axis2P3D',#2977,#2978,#2979) ;
#3020=AXIS2_PLACEMENT_3D('Cylinder Axis2P3D',#3017,#3018,#3019) ;
#3024=AXIS2_PLACEMENT_3D('Circle Axis2P3D',#3022,#3023,$) ;
#3044=AXIS2_PLACEMENT_3D('Plane Axis2P3D',#3041,#3042,#3043) ;
#3068=AXIS2_PLACEMENT_3D('Cylinder Axis2P3D',#3065,#3066,#3067) ;
#3072=AXIS2_PLACEMENT_3D('Circle Axis2P3D',#3070,#3071,$) ;
#3092=AXIS2_PLACEMENT_3D('Plane Axis2P3D',#3089,#3090,#3091) ;
#3125=AXIS2_PLACEMENT_3D('Cylinder Axis2P3D',#3122,#3123,#3124) ;
#3129=AXIS2_PLACEMENT_3D('Circle Axis2P3D',#3127,#3128,$) ;
#3142=AXIS2_PLACEMENT_3D('Cylinder Axis2P3D',#3139,#3140,#3141) ;
#3146=AXIS2_PLACEMENT_3D('Circle Axis2P3D',#3144,#3145,$) ;
#3166=AXIS2_PLACEMENT_3D('Plane Axis2P3D',#3163,#3164,#3165) ;
#3195=AXIS2_PLACEMENT_3D('Cylinder Axis2P3D',#3192,#3193,#3194) ;
#3207=AXIS2_PLACEMENT_3D('Cylinder Axis2P3D',#3204,#3205,#3206) ;
#3211=AXIS2_PLACEMENT_3D('Circle Axis2P3D',#3209,#3210,$) ;
#3231=AXIS2_PLACEMENT_3D('Plane Axis2P3D',#3228,#3229,#3230) ;
#3269=AXIS2_PLACEMENT_3D('Circle Axis2P3D',#3267,#3268,$) ;
#3278=AXIS2_PLACEMENT_3D('Circle Axis2P3D',#3276,#3277,$) ;
#3289=AXIS2_PLACEMENT_3D('Plane Axis2P3D',#3286,#3287,#3288) ;
#3321=AXIS2_PLACEMENT_3D('Cylinder Axis2P3D',#3318,#3319,#3320) ;
#3325=AXIS2_PLACEMENT_3D('Circle Axis2P3D',#3323,#3324,$) ;
#3345=AXIS2_PLACEMENT_3D('Plane Axis2P3D',#3342,#3343,#3344) ;
#3367=AXIS2_PLACEMENT_3D('Circle Axis2P3D',#3365,#3366,$) ;
#3376=AXIS2_PLACEMENT_3D('Circle Axis2P3D',#3374,#3375,$) ;
#3387=AXIS2_PLACEMENT_3D('Cylinder Axis2P3D',#3384,#3385,#3386) ;
#3396=AXIS2_PLACEMENT_3D('Circle Axis2P3D',#3394,#3395,$) ;
#3410=AXIS2_PLACEMENT_3D('Plane Axis2P3D',#3407,#3408,#3409) ;
#3452=AXIS2_PLACEMENT_3D('Circle Axis2P3D',#3450,#3451,$) ;
#3461=AXIS2_PLACEMENT_3D('Circle Axis2P3D',#3459,#3460,$) ;
#3472=AXIS2_PLACEMENT_3D('Cylinder Axis2P3D',#3469,#3470,#3471) ;
#3476=AXIS2_PLACEMENT_3D('Circle Axis2P3D',#3474,#3475,$) ;
#3489=AXIS2_PLACEMENT_3D('Cylinder Axis2P3D',#3486,#3487,#3488) ;
#3493=AXIS2_PLACEMENT_3D('Circle Axis2P3D',#3491,#3492,$) ;
#3506=AXIS2_PLACEMENT_3D('Plane Axis2P3D',#3503,#3504,#3505) ;
#3591=AXIS2_PLACEMENT_3D('Cylinder Axis2P3D',#3588,#3589,#3590) ;
#3595=AXIS2_PLACEMENT_3D('Circle Axis2P3D',#3593,#3594,$) ;
#3615=AXIS2_PLACEMENT_3D('Plane Axis2P3D',#3612,#3613,#3614) ;
#3639=AXIS2_PLACEMENT_3D('Cylinder Axis2P3D',#3636,#3637,#3638) ;
#3643=AXIS2_PLACEMENT_3D('Circle Axis2P3D',#3641,#3642,$) ;
#3663=AXIS2_PLACEMENT_3D('Plane Axis2P3D',#3660,#3661,#3662) ;
#3685=AXIS2_PLACEMENT_3D('Circle Axis2P3D',#3683,#3684,$) ;
#3694=AXIS2_PLACEMENT_3D('Circle Axis2P3D',#3692,#3693,$) ;
#3705=AXIS2_PLACEMENT_3D('Cylinder Axis2P3D',#3702,#3703,#3704) ;
#3709=AXIS2_PLACEMENT_3D('Circle Axis2P3D',#3707,#3708,$) ;
#3729=AXIS2_PLACEMENT_3D('Plane Axis2P3D',#3726,#3727,#3728) ;
#3753=AXIS2_PLACEMENT_3D('Cylinder Axis2P3D',#3750,#3751,#3752) ;
#3757=AXIS2_PLACEMENT_3D('Circle Axis2P3D',#3755,#3756,$) ;
#3781=AXIS2_PLACEMENT_3D('Cylinder Axis2P3D',#3778,#3779,#3780) ;
#3785=AXIS2_PLACEMENT_3D('Circle Axis2P3D',#3783,#3784,$) ;
#3805=AXIS2_PLACEMENT_3D('Cylinder Axis2P3D',#3802,#3803,#3804) ;
#3816=AXIS2_PLACEMENT_3D('Circle Axis2P3D',#3814,#3815,$) ;
#3829=AXIS2_PLACEMENT_3D('Cylinder Axis2P3D',#3826,#3827,#3828) ;
#3851=AXIS2_PLACEMENT_3D('Cylinder Axis2P3D',#3848,#3849,#3850) ;
#3863=AXIS2_PLACEMENT_3D('Torus Axis2P3D',#3860,#3861,#3862) ;
#3867=AXIS2_PLACEMENT_3D('Circle Axis2P3D',#3865,#3866,$) ;
#3874=AXIS2_PLACEMENT_3D('Circle Axis2P3D',#3872,#3873,$) ;
#3887=AXIS2_PLACEMENT_3D('Plane Axis2P3D',#3884,#3885,#3886) ;
#3917=AXIS2_PLACEMENT_3D('Circle Axis2P3D',#3915,#3916,$) ;
#3993=AXIS2_PLACEMENT_3D('Torus Axis2P3D',#3990,#3991,#3992) ;
#3997=AXIS2_PLACEMENT_3D('Circle Axis2P3D',#3995,#3996,$) ;
#4004=AXIS2_PLACEMENT_3D('Circle Axis2P3D',#4002,#4003,$) ;
#4017=AXIS2_PLACEMENT_3D('Plane Axis2P3D',#4014,#4015,#4016) ;
#4092=AXIS2_PLACEMENT_3D('Circle Axis2P3D',#4090,#4091,$) ;
#4101=AXIS2_PLACEMENT_3D('Circle Axis2P3D',#4099,#4100,$) ;
#4110=AXIS2_PLACEMENT_3D('Circle Axis2P3D',#4108,#4109,$) ;
#4119=AXIS2_PLACEMENT_3D('Circle Axis2P3D',#4117,#4118,$) ;
#4140=AXIS2_PLACEMENT_3D('Cylinder Axis2P3D',#4137,#4138,#4139) ;
#4151=AXIS2_PLACEMENT_3D('Circle Axis2P3D',#4149,#4150,$) ;
#4164=AXIS2_PLACEMENT_3D('Plane Axis2P3D',#4161,#4162,#4163) ;
#4186=AXIS2_PLACEMENT_3D('Circle Axis2P3D',#4184,#4185,$) ;
#4195=AXIS2_PLACEMENT_3D('Circle Axis2P3D',#4193,#4194,$) ;
#4206=AXIS2_PLACEMENT_3D('Torus Axis2P3D',#4203,#4204,#4205) ;
#4210=AXIS2_PLACEMENT_3D('Circle Axis2P3D',#4208,#4209,$) ;
#4217=AXIS2_PLACEMENT_3D('Circle Axis2P3D',#4215,#4216,$) ;
#4255=AXIS2_PLACEMENT_3D('Circle Axis2P3D',#4253,#4254,$) ;
#4312=AXIS2_PLACEMENT_3D('Cylinder Axis2P3D',#4309,#4310,#4311) ;
#4330=AXIS2_PLACEMENT_3D('Circle Axis2P3D',#4328,#4329,$) ;
#4342=AXIS2_PLACEMENT_3D('Circle Axis2P3D',#4340,#4341,$) ;
#4355=AXIS2_PLACEMENT_3D('Cylinder Axis2P3D',#4352,#4353,#4354) ;
#4373=AXIS2_PLACEMENT_3D('Circle Axis2P3D',#4371,#4372,$) ;
#4385=AXIS2_PLACEMENT_3D('Circle Axis2P3D',#4383,#4384,$) ;
#4398=AXIS2_PLACEMENT_3D('Cylinder Axis2P3D',#4395,#4396,#4397) ;
#4402=AXIS2_PLACEMENT_3D('Circle Axis2P3D',#4400,#4401,$) ;
#4415=AXIS2_PLACEMENT_3D('Torus Axis2P3D',#4412,#4413,#4414) ;
#4419=AXIS2_PLACEMENT_3D('Circle Axis2P3D',#4417,#4418,$) ;
#4432=AXIS2_PLACEMENT_3D('Cylinder Axis2P3D',#4429,#4430,#4431) ;
#4436=AXIS2_PLACEMENT_3D('Circle Axis2P3D',#4434,#4435,$) ;
#4449=AXIS2_PLACEMENT_3D('Cylinder Axis2P3D',#4446,#4447,#4448) ;
#4453=AXIS2_PLACEMENT_3D('Circle Axis2P3D',#4451,#4452,$) ;
#4458=AXIS2_PLACEMENT_3D('Circle Axis2P3D',#4456,#4457,$) ;
#4471=AXIS2_PLACEMENT_3D('Torus Axis2P3D',#4468,#4469,#4470) ;
#4475=AXIS2_PLACEMENT_3D('Circle Axis2P3D',#4473,#4474,$) ;
#4488=AXIS2_PLACEMENT_3D('Cylinder Axis2P3D',#4485,#4486,#4487) ;
#4492=AXIS2_PLACEMENT_3D('Circle Axis2P3D',#4490,#4491,$) ;
#4505=AXIS2_PLACEMENT_3D('Torus Axis2P3D',#4502,#4503,#4504) ;
#4509=AXIS2_PLACEMENT_3D('Circle Axis2P3D',#4507,#4508,$) ;
#4516=AXIS2_PLACEMENT_3D('Circle Axis2P3D',#4514,#4515,$) ;
#4529=AXIS2_PLACEMENT_3D('Cylinder Axis2P3D',#4526,#4527,#4528) ;
#4540=AXIS2_PLACEMENT_3D('Circle Axis2P3D',#4538,#4539,$) ;
#4561=AXIS2_PLACEMENT_3D('Circle Axis2P3D',#4559,#4560,$) ;
#4566=AXIS2_PLACEMENT_3D('Circle Axis2P3D',#4564,#4565,$) ;
#4579=AXIS2_PLACEMENT_3D('Cylinder Axis2P3D',#4576,#4577,#4578) ;
#4607=AXIS2_PLACEMENT_3D('Cylinder Axis2P3D',#4604,#4605,#4606) ;
#4629=AXIS2_PLACEMENT_3D('Cylinder Axis2P3D',#4626,#4627,#4628) ;
#4641=AXIS2_PLACEMENT_3D('Cylinder Axis2P3D',#4638,#4639,#4640) ;
#4661=AXIS2_PLACEMENT_3D('Cylinder Axis2P3D',#4658,#4659,#4660) ;
#4681=AXIS2_PLACEMENT_3D('Cylinder Axis2P3D',#4678,#4679,#4680) ;
#4693=AXIS2_PLACEMENT_3D('Cylinder Axis2P3D',#4690,#4691,#4692) ;
#4713=AXIS2_PLACEMENT_3D('Cylinder Axis2P3D',#4710,#4711,#4712) ;
#4724=AXIS2_PLACEMENT_3D('Circle Axis2P3D',#4722,#4723,$) ;
#4743=AXIS2_PLACEMENT_3D('Circle Axis2P3D',#4741,#4742,$) ;
#4756=AXIS2_PLACEMENT_3D('Torus Axis2P3D',#4753,#4754,#4755) ;
#4760=AXIS2_PLACEMENT_3D('Circle Axis2P3D',#4758,#4759,$) ;
#4773=AXIS2_PLACEMENT_3D('Cylinder Axis2P3D',#4770,#4771,#4772) ;
#4785=AXIS2_PLACEMENT_3D('Torus Axis2P3D',#4782,#4783,#4784) ;
#4789=AXIS2_PLACEMENT_3D('Circle Axis2P3D',#4787,#4788,$) ;
#4796=AXIS2_PLACEMENT_3D('Circle Axis2P3D',#4794,#4795,$) ;
#4809=AXIS2_PLACEMENT_3D('Cylinder Axis2P3D',#4806,#4807,#4808) ;
#4820=AXIS2_PLACEMENT_3D('Circle Axis2P3D',#4818,#4819,$) ;
#4833=AXIS2_PLACEMENT_3D('Cylinder Axis2P3D',#4830,#4831,#4832) ;
#4837=AXIS2_PLACEMENT_3D('Circle Axis2P3D',#4835,#4836,$) ;
#4870=AXIS2_PLACEMENT_3D('Plane Axis2P3D',#4867,#4868,#4869) ;
#4943=AXIS2_PLACEMENT_3D('Cylinder Axis2P3D',#4940,#4941,#4942) ;
#4947=AXIS2_PLACEMENT_3D('Circle Axis2P3D',#4945,#4946,$) ;
#4974=AXIS2_PLACEMENT_3D('Cylinder Axis2P3D',#4971,#4972,#4973) ;
#4978=AXIS2_PLACEMENT_3D('Circle Axis2P3D',#4976,#4977,$) ;
#4991=AXIS2_PLACEMENT_3D('Cylinder Axis2P3D',#4988,#4989,#4990) ;
#5002=AXIS2_PLACEMENT_3D('Circle Axis2P3D',#5000,#5001,$) ;
#5021=AXIS2_PLACEMENT_3D('Circle Axis2P3D',#5019,#5020,$) ;
#5033=AXIS2_PLACEMENT_3D('Circle Axis2P3D',#5031,#5032,$) ;
#5054=AXIS2_PLACEMENT_3D('Cylinder Axis2P3D',#5051,#5052,#5053) ;
#5083=AXIS2_PLACEMENT_3D('Torus Axis2P3D',#5080,#5081,#5082) ;
#5095=AXIS2_PLACEMENT_3D('Cylinder Axis2P3D',#5092,#5093,#5094) ;
#5099=AXIS2_PLACEMENT_3D('Circle Axis2P3D',#5097,#5098,$) ;
#5125=AXIS2_PLACEMENT_3D('Circle Axis2P3D',#5123,#5124,$) ;
#5138=AXIS2_PLACEMENT_3D('Cylinder Axis2P3D',#5135,#5136,#5137) ;
#5149=AXIS2_PLACEMENT_3D('Circle Axis2P3D',#5147,#5148,$) ;
#5168=AXIS2_PLACEMENT_3D('Circle Axis2P3D',#5166,#5167,$) ;
#5181=AXIS2_PLACEMENT_3D('Cylinder Axis2P3D',#5178,#5179,#5180) ;
#5225=AXIS2_PLACEMENT_3D('Cylinder Axis2P3D',#5222,#5223,#5224) ;
#5258=AXIS2_PLACEMENT_3D('Cylinder Axis2P3D',#5255,#5256,#5257) ;
#5262=AXIS2_PLACEMENT_3D('Circle Axis2P3D',#5260,#5261,$) ;
#5278=AXIS2_PLACEMENT_3D('Circle Axis2P3D',#5276,#5277,$) ;
#5298=AXIS2_PLACEMENT_3D('Cylinder Axis2P3D',#5295,#5296,#5297) ;
#5302=AXIS2_PLACEMENT_3D('Circle Axis2P3D',#5300,#5301,$) ;
#5307=AXIS2_PLACEMENT_3D('Circle Axis2P3D',#5305,#5306,$) ;
#5320=AXIS2_PLACEMENT_3D('Cylinder Axis2P3D',#5317,#5318,#5319) ;
#5353=AXIS2_PLACEMENT_3D('Cylinder Axis2P3D',#5350,#5351,#5352) ;
#5375=AXIS2_PLACEMENT_3D('Cylinder Axis2P3D',#5372,#5373,#5374) ;
#5379=AXIS2_PLACEMENT_3D('Circle Axis2P3D',#5377,#5378,$) ;
#5392=AXIS2_PLACEMENT_3D('Torus Axis2P3D',#5389,#5390,#5391) ;
#5404=AXIS2_PLACEMENT_3D('Cylinder Axis2P3D',#5401,#5402,#5403) ;
#5444=AXIS2_PLACEMENT_3D('Cylinder Axis2P3D',#5441,#5442,#5443) ;
#5470=AXIS2_PLACEMENT_3D('Cylinder Axis2P3D',#5467,#5468,#5469) ;
#5497=AXIS2_PLACEMENT_3D('Cylinder Axis2P3D',#5494,#5495,#5496) ;
#5508=AXIS2_PLACEMENT_3D('Circle Axis2P3D',#5506,#5507,$) ;
#5527=AXIS2_PLACEMENT_3D('Circle Axis2P3D',#5525,#5526,$) ;
#5540=AXIS2_PLACEMENT_3D('Cylinder Axis2P3D',#5537,#5538,#5539) ;
#5551=AXIS2_PLACEMENT_3D('Circle Axis2P3D',#5549,#5550,$) ;
#5570=AXIS2_PLACEMENT_3D('Circle Axis2P3D',#5568,#5569,$) ;
#5583=AXIS2_PLACEMENT_3D('Cylinder Axis2P3D',#5580,#5581,#5582) ;
#5587=AXIS2_PLACEMENT_3D('Circle Axis2P3D',#5585,#5586,$) ;
#5600=AXIS2_PLACEMENT_3D('Torus Axis2P3D',#5597,#5598,#5599) ;
#5654=AXIS2_PLACEMENT_3D('Torus Axis2P3D',#5651,#5652,#5653) ;
#5658=AXIS2_PLACEMENT_3D('Circle Axis2P3D',#5656,#5657,$) ;
#5665=AXIS2_PLACEMENT_3D('Circle Axis2P3D',#5663,#5664,$) ;
#5684=AXIS2_PLACEMENT_3D('Circle Axis2P3D',#5682,#5683,$) ;
#5698=AXIS2_PLACEMENT_3D('Circle Axis2P3D',#5696,#5697,$) ;
#5721=AXIS2_PLACEMENT_3D('Plane Axis2P3D',#5718,#5719,#5720) ;
#5735=AXIS2_PLACEMENT_3D('Torus Axis2P3D',#5732,#5733,#5734) ;
#5739=AXIS2_PLACEMENT_3D('Circle Axis2P3D',#5737,#5738,$) ;
#5771=AXIS2_PLACEMENT_3D('Plane Axis2P3D',#5768,#5769,#5770) ;
#5781=AXIS2_PLACEMENT_3D('Cylinder Axis2P3D',#5778,#5779,#5780) ;
#5785=AXIS2_PLACEMENT_3D('Circle Axis2P3D',#5783,#5784,$) ;
#5798=AXIS2_PLACEMENT_3D('Plane Axis2P3D',#5795,#5796,#5797) ;
#5811=AXIS2_PLACEMENT_3D('Circle Axis2P3D',#5809,#5810,$) ;
#5824=AXIS2_PLACEMENT_3D('Torus Axis2P3D',#5821,#5822,#5823) ;
#5828=AXIS2_PLACEMENT_3D('Circle Axis2P3D',#5826,#5827,$) ;
#5848=AXIS2_PLACEMENT_3D('Plane Axis2P3D',#5845,#5846,#5847) ;
#5860=AXIS2_PLACEMENT_3D('Plane Axis2P3D',#5857,#5858,#5859) ;
#5914=AXIS2_PLACEMENT_3D('Plane Axis2P3D',#5911,#5912,#5913) ;
#40=PRODUCT_DEFINITION_SHAPE(' ',' ',#14) ;
#31=APPROVAL_PERSON_ORGANIZATION(#25,#21,#19) ;
#25=PERSON_AND_ORGANIZATION(#22,#23) ;
#22=PERSON(' ',' ',' ',$,$,$) ;
#23=ORGANIZATION(' ',' ',' ') ;
#21=APPROVAL(#20,' ') ;
#20=APPROVAL_STATUS('not_yet_approved') ;
#19=APPROVAL_ROLE('APPROVER') ;
#13=DATE_AND_TIME(#11,#12) ;
#12=LOCAL_TIME(1,22,25.,#10) ;
#10=COORDINATED_UNIVERSAL_TIME_OFFSET(0,0,.AHEAD.) ;
#113=ORIENTED_EDGE('',*,*,#64,.T.) ;
#114=ORIENTED_EDGE('',*,*,#71,.T.) ;
#115=ORIENTED_EDGE('',*,*,#78,.F.) ;
#116=ORIENTED_EDGE('',*,*,#85,.T.) ;
#117=ORIENTED_EDGE('',*,*,#92,.F.) ;
#118=ORIENTED_EDGE('',*,*,#99,.F.) ;
#119=ORIENTED_EDGE('',*,*,#106,.F.) ;
#120=ORIENTED_EDGE('',*,*,#111,.F.) ;
#148=ORIENTED_EDGE('',*,*,#136,.T.) ;
#149=ORIENTED_EDGE('',*,*,#141,.T.) ;
#150=ORIENTED_EDGE('',*,*,#71,.F.) ;
#151=ORIENTED_EDGE('',*,*,#146,.F.) ;
#168=ORIENTED_EDGE('',*,*,#161,.T.) ;
#169=ORIENTED_EDGE('',*,*,#166,.T.) ;
#197=ORIENTED_EDGE('',*,*,#111,.T.) ;
#198=ORIENTED_EDGE('',*,*,#183,.T.) ;
#199=ORIENTED_EDGE('',*,*,#190,.F.) ;
#200=ORIENTED_EDGE('',*,*,#195,.F.) ;
#217=ORIENTED_EDGE('',*,*,#210,.T.) ;
#218=ORIENTED_EDGE('',*,*,#215,.T.) ;
#265=ORIENTED_EDGE('',*,*,#230,.T.) ;
#266=ORIENTED_EDGE('',*,*,#190,.T.) ;
#267=ORIENTED_EDGE('',*,*,#237,.F.) ;
#268=ORIENTED_EDGE('',*,*,#244,.T.) ;
#269=ORIENTED_EDGE('',*,*,#251,.F.) ;
#270=ORIENTED_EDGE('',*,*,#258,.F.) ;
#271=ORIENTED_EDGE('',*,*,#263,.F.) ;
#272=ORIENTED_EDGE('',*,*,#136,.F.) ;
#309=ORIENTED_EDGE('',*,*,#288,.F.) ;
#310=ORIENTED_EDGE('',*,*,#295,.T.) ;
#311=ORIENTED_EDGE('',*,*,#302,.F.) ;
#312=ORIENTED_EDGE('',*,*,#307,.F.) ;
#326=ORIENTED_EDGE('',*,*,#295,.F.) ;
#327=ORIENTED_EDGE('',*,*,#319,.F.) ;
#328=ORIENTED_EDGE('',*,*,#307,.T.) ;
#329=ORIENTED_EDGE('',*,*,#324,.F.) ;
#415=ORIENTED_EDGE('',*,*,#345,.F.) ;
#416=ORIENTED_EDGE('',*,*,#352,.T.) ;
#417=ORIENTED_EDGE('',*,*,#359,.T.) ;
#418=ORIENTED_EDGE('',*,*,#366,.T.) ;
#419=ORIENTED_EDGE('',*,*,#373,.F.) ;
#420=ORIENTED_EDGE('',*,*,#380,.T.) ;
#421=ORIENTED_EDGE('',*,*,#387,.T.) ;
#422=ORIENTED_EDGE('',*,*,#394,.T.) ;
#423=ORIENTED_EDGE('',*,*,#401,.T.) ;
#424=ORIENTED_EDGE('',*,*,#408,.T.) ;
#425=ORIENTED_EDGE('',*,*,#413,.T.) ;
#478=ORIENTED_EDGE('',*,*,#453,.T.) ;
#479=ORIENTED_EDGE('',*,*,#476,.T.) ;
#482=ORIENTED_EDGE('',*,*,#302,.T.) ;
#483=ORIENTED_EDGE('',*,*,#324,.T.) ;
#541=ORIENTED_EDGE('',*,*,#499,.F.) ;
#542=ORIENTED_EDGE('',*,*,#506,.F.) ;
#543=ORIENTED_EDGE('',*,*,#513,.T.) ;
#544=ORIENTED_EDGE('',*,*,#520,.T.) ;
#545=ORIENTED_EDGE('',*,*,#527,.F.) ;
#546=ORIENTED_EDGE('',*,*,#534,.F.) ;
#547=ORIENTED_EDGE('',*,*,#539,.F.) ;
#550=ORIENTED_EDGE('',*,*,#319,.T.) ;
#551=ORIENTED_EDGE('',*,*,#288,.T.) ;
#568=ORIENTED_EDGE('',*,*,#561,.T.) ;
#569=ORIENTED_EDGE('',*,*,#566,.T.) ;
#597=ORIENTED_EDGE('',*,*,#585,.F.) ;
#598=ORIENTED_EDGE('',*,*,#590,.T.) ;
#599=ORIENTED_EDGE('',*,*,#345,.T.) ;
#600=ORIENTED_EDGE('',*,*,#595,.T.) ;
#621=ORIENTED_EDGE('',*,*,#352,.F.) ;
#622=ORIENTED_EDGE('',*,*,#590,.F.) ;
#623=ORIENTED_EDGE('',*,*,#614,.F.) ;
#624=ORIENTED_EDGE('',*,*,#619,.F.) ;
#664=ORIENTED_EDGE('',*,*,#359,.F.) ;
#665=ORIENTED_EDGE('',*,*,#619,.T.) ;
#666=ORIENTED_EDGE('',*,*,#638,.T.) ;
#667=ORIENTED_EDGE('',*,*,#643,.T.) ;
#668=ORIENTED_EDGE('',*,*,#506,.T.) ;
#669=ORIENTED_EDGE('',*,*,#650,.F.) ;
#670=ORIENTED_EDGE('',*,*,#657,.T.) ;
#671=ORIENTED_EDGE('',*,*,#662,.T.) ;
#702=ORIENTED_EDGE('',*,*,#681,.F.) ;
#703=ORIENTED_EDGE('',*,*,#688,.F.) ;
#704=ORIENTED_EDGE('',*,*,#695,.F.) ;
#705=ORIENTED_EDGE('',*,*,#700,.F.) ;
#726=ORIENTED_EDGE('',*,*,#719,.F.) ;
#727=ORIENTED_EDGE('',*,*,#724,.F.) ;
#728=ORIENTED_EDGE('',*,*,#366,.F.) ;
#729=ORIENTED_EDGE('',*,*,#662,.F.) ;
#750=ORIENTED_EDGE('',*,*,#373,.T.) ;
#751=ORIENTED_EDGE('',*,*,#724,.T.) ;
#752=ORIENTED_EDGE('',*,*,#743,.T.) ;
#753=ORIENTED_EDGE('',*,*,#748,.T.) ;
#786=ORIENTED_EDGE('',*,*,#380,.F.) ;
#787=ORIENTED_EDGE('',*,*,#748,.F.) ;
#788=ORIENTED_EDGE('',*,*,#770,.F.) ;
#789=ORIENTED_EDGE('',*,*,#779,.F.) ;
#790=ORIENTED_EDGE('',*,*,#784,.F.) ;
#791=ORIENTED_EDGE('',*,*,#387,.F.) ;
#831=ORIENTED_EDGE('',*,*,#394,.F.) ;
#832=ORIENTED_EDGE('',*,*,#784,.T.) ;
#833=ORIENTED_EDGE('',*,*,#805,.F.) ;
#834=ORIENTED_EDGE('',*,*,#810,.T.) ;
#835=ORIENTED_EDGE('',*,*,#534,.T.) ;
#836=ORIENTED_EDGE('',*,*,#817,.T.) ;
#837=ORIENTED_EDGE('',*,*,#824,.F.) ;
#838=ORIENTED_EDGE('',*,*,#829,.T.) ;
#869=ORIENTED_EDGE('',*,*,#848,.F.) ;
#870=ORIENTED_EDGE('',*,*,#855,.F.) ;
#871=ORIENTED_EDGE('',*,*,#862,.F.) ;
#872=ORIENTED_EDGE('',*,*,#867,.F.) ;
#893=ORIENTED_EDGE('',*,*,#886,.F.) ;
#894=ORIENTED_EDGE('',*,*,#891,.F.) ;
#895=ORIENTED_EDGE('',*,*,#401,.F.) ;
#896=ORIENTED_EDGE('',*,*,#829,.F.) ;
#917=ORIENTED_EDGE('',*,*,#910,.F.) ;
#918=ORIENTED_EDGE('',*,*,#915,.T.) ;
#919=ORIENTED_EDGE('',*,*,#408,.F.) ;
#920=ORIENTED_EDGE('',*,*,#891,.T.) ;
#934=ORIENTED_EDGE('',*,*,#932,.F.) ;
#935=ORIENTED_EDGE('',*,*,#595,.F.) ;
#936=ORIENTED_EDGE('',*,*,#413,.F.) ;
#937=ORIENTED_EDGE('',*,*,#915,.F.) ;
#956=ORIENTED_EDGE('',*,*,#566,.F.) ;
#957=ORIENTED_EDGE('',*,*,#949,.T.) ;
#958=ORIENTED_EDGE('',*,*,#453,.F.) ;
#959=ORIENTED_EDGE('',*,*,#954,.F.) ;
#963=ORIENTED_EDGE('',*,*,#949,.F.) ;
#964=ORIENTED_EDGE('',*,*,#561,.F.) ;
#965=ORIENTED_EDGE('',*,*,#954,.T.) ;
#966=ORIENTED_EDGE('',*,*,#476,.F.) ;
#1001=ORIENTED_EDGE('',*,*,#980,.T.) ;
#1002=ORIENTED_EDGE('',*,*,#539,.T.) ;
#1003=ORIENTED_EDGE('',*,*,#987,.T.) ;
#1004=ORIENTED_EDGE('',*,*,#994,.T.) ;
#1005=ORIENTED_EDGE('',*,*,#999,.T.) ;
#1022=ORIENTED_EDGE('',*,*,#1015,.F.) ;
#1023=ORIENTED_EDGE('',*,*,#1020,.F.) ;
#1151=ORIENTED_EDGE('',*,*,#1039,.F.) ;
#1152=ORIENTED_EDGE('',*,*,#1046,.F.) ;
#1153=ORIENTED_EDGE('',*,*,#1053,.F.) ;
#1154=ORIENTED_EDGE('',*,*,#1060,.F.) ;
#1155=ORIENTED_EDGE('',*,*,#1067,.T.) ;
#1156=ORIENTED_EDGE('',*,*,#1074,.T.) ;
#1157=ORIENTED_EDGE('',*,*,#1090,.T.) ;
#1158=ORIENTED_EDGE('',*,*,#1097,.T.) ;
#1159=ORIENTED_EDGE('',*,*,#1104,.T.) ;
#1160=ORIENTED_EDGE('',*,*,#1109,.T.) ;
#1161=ORIENTED_EDGE('',*,*,#527,.T.) ;
#1162=ORIENTED_EDGE('',*,*,#1116,.T.) ;
#1163=ORIENTED_EDGE('',*,*,#1123,.F.) ;
#1164=ORIENTED_EDGE('',*,*,#1130,.T.) ;
#1165=ORIENTED_EDGE('',*,*,#1137,.T.) ;
#1166=ORIENTED_EDGE('',*,*,#1144,.T.) ;
#1167=ORIENTED_EDGE('',*,*,#1149,.F.) ;
#1188=ORIENTED_EDGE('',*,*,#513,.F.) ;
#1189=ORIENTED_EDGE('',*,*,#643,.F.) ;
#1190=ORIENTED_EDGE('',*,*,#1181,.F.) ;
#1191=ORIENTED_EDGE('',*,*,#1186,.F.) ;
#1192=ORIENTED_EDGE('',*,*,#1116,.F.) ;
#1193=ORIENTED_EDGE('',*,*,#520,.F.) ;
#1214=ORIENTED_EDGE('',*,*,#499,.T.) ;
#1215=ORIENTED_EDGE('',*,*,#980,.F.) ;
#1216=ORIENTED_EDGE('',*,*,#1207,.T.) ;
#1217=ORIENTED_EDGE('',*,*,#1212,.F.) ;
#1284=ORIENTED_EDGE('',*,*,#585,.T.) ;
#1285=ORIENTED_EDGE('',*,*,#932,.T.) ;
#1286=ORIENTED_EDGE('',*,*,#910,.T.) ;
#1287=ORIENTED_EDGE('',*,*,#886,.T.) ;
#1288=ORIENTED_EDGE('',*,*,#824,.T.) ;
#1289=ORIENTED_EDGE('',*,*,#1231,.T.) ;
#1290=ORIENTED_EDGE('',*,*,#1238,.T.) ;
#1291=ORIENTED_EDGE('',*,*,#1245,.F.) ;
#1292=ORIENTED_EDGE('',*,*,#1261,.T.) ;
#1293=ORIENTED_EDGE('',*,*,#1268,.T.) ;
#1294=ORIENTED_EDGE('',*,*,#1282,.T.) ;
#1295=ORIENTED_EDGE('',*,*,#1123,.T.) ;
#1296=ORIENTED_EDGE('',*,*,#1186,.T.) ;
#1297=ORIENTED_EDGE('',*,*,#1181,.T.) ;
#1298=ORIENTED_EDGE('',*,*,#638,.F.) ;
#1299=ORIENTED_EDGE('',*,*,#614,.T.) ;
#1330=ORIENTED_EDGE('',*,*,#1309,.F.) ;
#1331=ORIENTED_EDGE('',*,*,#1316,.F.) ;
#1332=ORIENTED_EDGE('',*,*,#1323,.F.) ;
#1333=ORIENTED_EDGE('',*,*,#1328,.F.) ;
#1370=ORIENTED_EDGE('',*,*,#1349,.F.) ;
#1371=ORIENTED_EDGE('',*,*,#1356,.T.) ;
#1372=ORIENTED_EDGE('',*,*,#1363,.F.) ;
#1373=ORIENTED_EDGE('',*,*,#1368,.F.) ;
#1374=ORIENTED_EDGE('',*,*,#650,.T.) ;
#1375=ORIENTED_EDGE('',*,*,#1212,.T.) ;
#1667=ORIENTED_EDGE('',*,*,#1384,.F.) ;
#1668=ORIENTED_EDGE('',*,*,#1403,.T.) ;
#1669=ORIENTED_EDGE('',*,*,#1410,.F.) ;
#1670=ORIENTED_EDGE('',*,*,#1429,.T.) ;
#1671=ORIENTED_EDGE('',*,*,#1434,.F.) ;
#1672=ORIENTED_EDGE('',*,*,#78,.T.) ;
#1673=ORIENTED_EDGE('',*,*,#141,.F.) ;
#1674=ORIENTED_EDGE('',*,*,#263,.T.) ;
#1675=ORIENTED_EDGE('',*,*,#1441,.F.) ;
#1676=ORIENTED_EDGE('',*,*,#1460,.T.) ;
#1677=ORIENTED_EDGE('',*,*,#1465,.T.) ;
#1678=ORIENTED_EDGE('',*,*,#805,.T.) ;
#1679=ORIENTED_EDGE('',*,*,#779,.T.) ;
#1680=ORIENTED_EDGE('',*,*,#770,.T.) ;
#1681=ORIENTED_EDGE('',*,*,#743,.F.) ;
#1682=ORIENTED_EDGE('',*,*,#719,.T.) ;
#1683=ORIENTED_EDGE('',*,*,#657,.F.) ;
#1684=ORIENTED_EDGE('',*,*,#1368,.T.) ;
#1685=ORIENTED_EDGE('',*,*,#1472,.T.) ;
#1686=ORIENTED_EDGE('',*,*,#1488,.T.) ;
#1687=ORIENTED_EDGE('',*,*,#1495,.F.) ;
#1688=ORIENTED_EDGE('',*,*,#1506,.T.) ;
#1689=ORIENTED_EDGE('',*,*,#1060,.T.) ;
#1690=ORIENTED_EDGE('',*,*,#1513,.T.) ;
#1691=ORIENTED_EDGE('',*,*,#1520,.T.) ;
#1692=ORIENTED_EDGE('',*,*,#1525,.F.) ;
#1693=ORIENTED_EDGE('',*,*,#1149,.T.) ;
#1694=ORIENTED_EDGE('',*,*,#1541,.T.) ;
#1695=ORIENTED_EDGE('',*,*,#1548,.F.) ;
#1696=ORIENTED_EDGE('',*,*,#1564,.T.) ;
#1697=ORIENTED_EDGE('',*,*,#1571,.F.) ;
#1698=ORIENTED_EDGE('',*,*,#1578,.T.) ;
#1699=ORIENTED_EDGE('',*,*,#1585,.T.) ;
#1700=ORIENTED_EDGE('',*,*,#1592,.T.) ;
#1701=ORIENTED_EDGE('',*,*,#1599,.T.) ;
#1702=ORIENTED_EDGE('',*,*,#1606,.T.) ;
#1703=ORIENTED_EDGE('',*,*,#1613,.T.) ;
#1704=ORIENTED_EDGE('',*,*,#1620,.T.) ;
#1705=ORIENTED_EDGE('',*,*,#1627,.T.) ;
#1706=ORIENTED_EDGE('',*,*,#1634,.T.) ;
#1707=ORIENTED_EDGE('',*,*,#1641,.T.) ;
#1708=ORIENTED_EDGE('',*,*,#1660,.T.) ;
#1709=ORIENTED_EDGE('',*,*,#1665,.F.) ;
#1710=ORIENTED_EDGE('',*,*,#237,.T.) ;
#1711=ORIENTED_EDGE('',*,*,#183,.F.) ;
#1712=ORIENTED_EDGE('',*,*,#106,.T.) ;
#1743=ORIENTED_EDGE('',*,*,#1722,.T.) ;
#1744=ORIENTED_EDGE('',*,*,#1729,.F.) ;
#1745=ORIENTED_EDGE('',*,*,#1736,.T.) ;
#1746=ORIENTED_EDGE('',*,*,#1741,.F.) ;
#1841=ORIENTED_EDGE('',*,*,#1756,.F.) ;
#1842=ORIENTED_EDGE('',*,*,#1772,.T.) ;
#1843=ORIENTED_EDGE('',*,*,#1779,.F.) ;
#1844=ORIENTED_EDGE('',*,*,#1795,.T.) ;
#1845=ORIENTED_EDGE('',*,*,#1802,.F.) ;
#1846=ORIENTED_EDGE('',*,*,#1818,.T.) ;
#1847=ORIENTED_EDGE('',*,*,#1825,.F.) ;
#1848=ORIENTED_EDGE('',*,*,#1839,.T.) ;
#1876=ORIENTED_EDGE('',*,*,#681,.T.) ;
#1877=ORIENTED_EDGE('',*,*,#1862,.F.) ;
#1878=ORIENTED_EDGE('',*,*,#1869,.F.) ;
#1879=ORIENTED_EDGE('',*,*,#1874,.T.) ;
#1893=ORIENTED_EDGE('',*,*,#688,.T.) ;
#1894=ORIENTED_EDGE('',*,*,#1874,.F.) ;
#1895=ORIENTED_EDGE('',*,*,#1886,.F.) ;
#1896=ORIENTED_EDGE('',*,*,#848,.T.) ;
#1897=ORIENTED_EDGE('',*,*,#1891,.T.) ;
#1911=ORIENTED_EDGE('',*,*,#695,.T.) ;
#1912=ORIENTED_EDGE('',*,*,#1891,.F.) ;
#1913=ORIENTED_EDGE('',*,*,#867,.T.) ;
#1914=ORIENTED_EDGE('',*,*,#1909,.T.) ;
#1928=ORIENTED_EDGE('',*,*,#700,.T.) ;
#1929=ORIENTED_EDGE('',*,*,#1909,.F.) ;
#1930=ORIENTED_EDGE('',*,*,#862,.T.) ;
#1931=ORIENTED_EDGE('',*,*,#1926,.F.) ;
#1932=ORIENTED_EDGE('',*,*,#1862,.T.) ;
#1972=ORIENTED_EDGE('',*,*,#1465,.F.) ;
#1973=ORIENTED_EDGE('',*,*,#1946,.T.) ;
#1974=ORIENTED_EDGE('',*,*,#1953,.F.) ;
#1975=ORIENTED_EDGE('',*,*,#1958,.T.) ;
#1976=ORIENTED_EDGE('',*,*,#1641,.F.) ;
#1977=ORIENTED_EDGE('',*,*,#1965,.T.) ;
#1978=ORIENTED_EDGE('',*,*,#1970,.T.) ;
#1979=ORIENTED_EDGE('',*,*,#987,.F.) ;
#1980=ORIENTED_EDGE('',*,*,#810,.F.) ;
#2001=ORIENTED_EDGE('',*,*,#1994,.T.) ;
#2002=ORIENTED_EDGE('',*,*,#1999,.T.) ;
#2003=ORIENTED_EDGE('',*,*,#1231,.F.) ;
#2004=ORIENTED_EDGE('',*,*,#817,.F.) ;
#2005=ORIENTED_EDGE('',*,*,#1109,.F.) ;
#2022=ORIENTED_EDGE('',*,*,#2015,.F.) ;
#2023=ORIENTED_EDGE('',*,*,#2020,.F.) ;
#2032=ORIENTED_EDGE('',*,*,#855,.T.) ;
#2033=ORIENTED_EDGE('',*,*,#1886,.T.) ;
#2034=ORIENTED_EDGE('',*,*,#1869,.T.) ;
#2035=ORIENTED_EDGE('',*,*,#1926,.T.) ;
#2069=ORIENTED_EDGE('',*,*,#2052,.T.) ;
#2070=ORIENTED_EDGE('',*,*,#994,.F.) ;
#2071=ORIENTED_EDGE('',*,*,#2062,.F.) ;
#2072=ORIENTED_EDGE('',*,*,#2067,.F.) ;
#2103=ORIENTED_EDGE('',*,*,#999,.F.) ;
#2104=ORIENTED_EDGE('',*,*,#2086,.T.) ;
#2105=ORIENTED_EDGE('',*,*,#2093,.F.) ;
#2106=ORIENTED_EDGE('',*,*,#2101,.F.) ;
#2125=ORIENTED_EDGE('',*,*,#166,.F.) ;
#2126=ORIENTED_EDGE('',*,*,#2118,.T.) ;
#2127=ORIENTED_EDGE('',*,*,#1015,.T.) ;
#2128=ORIENTED_EDGE('',*,*,#2123,.F.) ;
#2132=ORIENTED_EDGE('',*,*,#161,.F.) ;
#2133=ORIENTED_EDGE('',*,*,#2123,.T.) ;
#2134=ORIENTED_EDGE('',*,*,#1020,.T.) ;
#2135=ORIENTED_EDGE('',*,*,#2118,.F.) ;
#2151=ORIENTED_EDGE('',*,*,#1039,.T.) ;
#2152=ORIENTED_EDGE('',*,*,#1525,.T.) ;
#2153=ORIENTED_EDGE('',*,*,#2144,.T.) ;
#2154=ORIENTED_EDGE('',*,*,#2149,.F.) ;
#2170=ORIENTED_EDGE('',*,*,#1046,.T.) ;
#2171=ORIENTED_EDGE('',*,*,#2149,.T.) ;
#2172=ORIENTED_EDGE('',*,*,#2163,.T.) ;
#2173=ORIENTED_EDGE('',*,*,#2168,.F.) ;
#2182=ORIENTED_EDGE('',*,*,#1053,.T.) ;
#2183=ORIENTED_EDGE('',*,*,#2168,.T.) ;
#2184=ORIENTED_EDGE('',*,*,#2180,.T.) ;
#2185=ORIENTED_EDGE('',*,*,#1513,.F.) ;
#2206=ORIENTED_EDGE('',*,*,#2199,.F.) ;
#2207=ORIENTED_EDGE('',*,*,#2204,.T.) ;
#2208=ORIENTED_EDGE('',*,*,#1067,.F.) ;
#2209=ORIENTED_EDGE('',*,*,#1506,.F.) ;
#2240=ORIENTED_EDGE('',*,*,#2223,.T.) ;
#2241=ORIENTED_EDGE('',*,*,#1074,.F.) ;
#2242=ORIENTED_EDGE('',*,*,#2233,.F.) ;
#2243=ORIENTED_EDGE('',*,*,#2238,.F.) ;
#2264=ORIENTED_EDGE('',*,*,#2257,.T.) ;
#2265=ORIENTED_EDGE('',*,*,#1090,.F.) ;
#2266=ORIENTED_EDGE('',*,*,#2223,.F.) ;
#2267=ORIENTED_EDGE('',*,*,#2262,.F.) ;
#2288=ORIENTED_EDGE('',*,*,#2281,.F.) ;
#2289=ORIENTED_EDGE('',*,*,#2286,.T.) ;
#2290=ORIENTED_EDGE('',*,*,#1097,.F.) ;
#2291=ORIENTED_EDGE('',*,*,#2257,.F.) ;
#2322=ORIENTED_EDGE('',*,*,#2305,.T.) ;
#2323=ORIENTED_EDGE('',*,*,#2312,.F.) ;
#2324=ORIENTED_EDGE('',*,*,#2320,.F.) ;
#2325=ORIENTED_EDGE('',*,*,#1104,.F.) ;
#2346=ORIENTED_EDGE('',*,*,#1282,.F.) ;
#2347=ORIENTED_EDGE('',*,*,#2339,.F.) ;
#2348=ORIENTED_EDGE('',*,*,#2344,.F.) ;
#2349=ORIENTED_EDGE('',*,*,#1130,.F.) ;
#2393=ORIENTED_EDGE('',*,*,#2360,.T.) ;
#2394=ORIENTED_EDGE('',*,*,#2367,.T.) ;
#2395=ORIENTED_EDGE('',*,*,#2374,.F.) ;
#2396=ORIENTED_EDGE('',*,*,#2379,.T.) ;
#2397=ORIENTED_EDGE('',*,*,#1137,.F.) ;
#2398=ORIENTED_EDGE('',*,*,#2344,.T.) ;
#2399=ORIENTED_EDGE('',*,*,#2386,.T.) ;
#2400=ORIENTED_EDGE('',*,*,#2391,.T.) ;
#2453=ORIENTED_EDGE('',*,*,#2428,.T.) ;
#2454=ORIENTED_EDGE('',*,*,#2451,.T.) ;
#2507=ORIENTED_EDGE('',*,*,#2482,.T.) ;
#2508=ORIENTED_EDGE('',*,*,#2505,.T.) ;
#2522=ORIENTED_EDGE('',*,*,#1541,.F.) ;
#2523=ORIENTED_EDGE('',*,*,#1144,.F.) ;
#2524=ORIENTED_EDGE('',*,*,#2379,.F.) ;
#2525=ORIENTED_EDGE('',*,*,#2520,.F.) ;
#2610=ORIENTED_EDGE('',*,*,#2541,.F.) ;
#2611=ORIENTED_EDGE('',*,*,#2551,.T.) ;
#2612=ORIENTED_EDGE('',*,*,#2558,.F.) ;
#2613=ORIENTED_EDGE('',*,*,#2587,.T.) ;
#2614=ORIENTED_EDGE('',*,*,#1349,.T.) ;
#2615=ORIENTED_EDGE('',*,*,#1207,.F.) ;
#2616=ORIENTED_EDGE('',*,*,#2101,.T.) ;
#2617=ORIENTED_EDGE('',*,*,#2594,.F.) ;
#2618=ORIENTED_EDGE('',*,*,#2608,.T.) ;
#2639=ORIENTED_EDGE('',*,*,#1238,.F.) ;
#2640=ORIENTED_EDGE('',*,*,#1999,.F.) ;
#2641=ORIENTED_EDGE('',*,*,#2632,.F.) ;
#2642=ORIENTED_EDGE('',*,*,#2637,.F.) ;
#2733=ORIENTED_EDGE('',*,*,#1571,.T.) ;
#2734=ORIENTED_EDGE('',*,*,#2654,.T.) ;
#2735=ORIENTED_EDGE('',*,*,#2360,.F.) ;
#2736=ORIENTED_EDGE('',*,*,#2659,.T.) ;
#2737=ORIENTED_EDGE('',*,*,#1245,.T.) ;
#2738=ORIENTED_EDGE('',*,*,#2637,.T.) ;
#2739=ORIENTED_EDGE('',*,*,#2666,.T.) ;
#2740=ORIENTED_EDGE('',*,*,#2673,.T.) ;
#2741=ORIENTED_EDGE('',*,*,#2689,.T.) ;
#2742=ORIENTED_EDGE('',*,*,#2696,.T.) ;
#2743=ORIENTED_EDGE('',*,*,#2712,.T.) ;
#2744=ORIENTED_EDGE('',*,*,#2719,.T.) ;
#2745=ORIENTED_EDGE('',*,*,#2726,.T.) ;
#2746=ORIENTED_EDGE('',*,*,#2731,.T.) ;
#2749=ORIENTED_EDGE('',*,*,#2144,.F.) ;
#2750=ORIENTED_EDGE('',*,*,#1520,.F.) ;
#2751=ORIENTED_EDGE('',*,*,#2180,.F.) ;
#2752=ORIENTED_EDGE('',*,*,#2163,.F.) ;
#2766=ORIENTED_EDGE('',*,*,#1261,.F.) ;
#2767=ORIENTED_EDGE('',*,*,#2659,.F.) ;
#2768=ORIENTED_EDGE('',*,*,#2391,.F.) ;
#2769=ORIENTED_EDGE('',*,*,#2764,.F.) ;
#2773=ORIENTED_EDGE('',*,*,#1268,.F.) ;
#2774=ORIENTED_EDGE('',*,*,#2764,.T.) ;
#2775=ORIENTED_EDGE('',*,*,#2386,.F.) ;
#2776=ORIENTED_EDGE('',*,*,#2339,.T.) ;
#2804=ORIENTED_EDGE('',*,*,#2790,.F.) ;
#2805=ORIENTED_EDGE('',*,*,#2797,.T.) ;
#2806=ORIENTED_EDGE('',*,*,#2802,.T.) ;
#2807=ORIENTED_EDGE('',*,*,#1309,.T.) ;
#2824=ORIENTED_EDGE('',*,*,#2817,.T.) ;
#2825=ORIENTED_EDGE('',*,*,#2822,.T.) ;
#2846=ORIENTED_EDGE('',*,*,#2802,.F.) ;
#2847=ORIENTED_EDGE('',*,*,#2839,.T.) ;
#2848=ORIENTED_EDGE('',*,*,#2844,.T.) ;
#2849=ORIENTED_EDGE('',*,*,#1316,.T.) ;
#2870=ORIENTED_EDGE('',*,*,#2844,.F.) ;
#2871=ORIENTED_EDGE('',*,*,#2863,.T.) ;
#2872=ORIENTED_EDGE('',*,*,#2868,.T.) ;
#2873=ORIENTED_EDGE('',*,*,#1323,.T.) ;
#2890=ORIENTED_EDGE('',*,*,#2883,.T.) ;
#2891=ORIENTED_EDGE('',*,*,#2888,.T.) ;
#2905=ORIENTED_EDGE('',*,*,#2868,.F.) ;
#2906=ORIENTED_EDGE('',*,*,#2903,.T.) ;
#2907=ORIENTED_EDGE('',*,*,#2790,.T.) ;
#2908=ORIENTED_EDGE('',*,*,#1328,.T.) ;
#2929=ORIENTED_EDGE('',*,*,#2922,.T.) ;
#2930=ORIENTED_EDGE('',*,*,#1356,.F.) ;
#2931=ORIENTED_EDGE('',*,*,#2587,.F.) ;
#2932=ORIENTED_EDGE('',*,*,#2927,.F.) ;
#2953=ORIENTED_EDGE('',*,*,#1363,.T.) ;
#2954=ORIENTED_EDGE('',*,*,#2946,.T.) ;
#2955=ORIENTED_EDGE('',*,*,#2951,.T.) ;
#2956=ORIENTED_EDGE('',*,*,#1472,.F.) ;
#2973=ORIENTED_EDGE('',*,*,#2966,.F.) ;
#2974=ORIENTED_EDGE('',*,*,#2971,.F.) ;
#3007=ORIENTED_EDGE('',*,*,#2986,.T.) ;
#3008=ORIENTED_EDGE('',*,*,#244,.F.) ;
#3009=ORIENTED_EDGE('',*,*,#1665,.T.) ;
#3010=ORIENTED_EDGE('',*,*,#2993,.T.) ;
#3011=ORIENTED_EDGE('',*,*,#3000,.F.) ;
#3012=ORIENTED_EDGE('',*,*,#3005,.T.) ;
#3013=ORIENTED_EDGE('',*,*,#1384,.T.) ;
#3014=ORIENTED_EDGE('',*,*,#99,.T.) ;
#3035=ORIENTED_EDGE('',*,*,#3028,.F.) ;
#3036=ORIENTED_EDGE('',*,*,#3033,.F.) ;
#3037=ORIENTED_EDGE('',*,*,#1403,.F.) ;
#3038=ORIENTED_EDGE('',*,*,#3005,.F.) ;
#3059=ORIENTED_EDGE('',*,*,#3052,.F.) ;
#3060=ORIENTED_EDGE('',*,*,#3057,.T.) ;
#3061=ORIENTED_EDGE('',*,*,#1410,.T.) ;
#3062=ORIENTED_EDGE('',*,*,#3033,.T.) ;
#3083=ORIENTED_EDGE('',*,*,#3076,.F.) ;
#3084=ORIENTED_EDGE('',*,*,#3081,.F.) ;
#3085=ORIENTED_EDGE('',*,*,#1429,.F.) ;
#3086=ORIENTED_EDGE('',*,*,#3057,.F.) ;
#3112=ORIENTED_EDGE('',*,*,#3098,.T.) ;
#3113=ORIENTED_EDGE('',*,*,#85,.F.) ;
#3114=ORIENTED_EDGE('',*,*,#1434,.T.) ;
#3115=ORIENTED_EDGE('',*,*,#3081,.T.) ;
#3116=ORIENTED_EDGE('',*,*,#3105,.F.) ;
#3117=ORIENTED_EDGE('',*,*,#3110,.T.) ;
#3118=ORIENTED_EDGE('',*,*,#1441,.T.) ;
#3119=ORIENTED_EDGE('',*,*,#258,.T.) ;
#3133=ORIENTED_EDGE('',*,*,#3131,.F.) ;
#3134=ORIENTED_EDGE('',*,*,#1946,.F.) ;
#3135=ORIENTED_EDGE('',*,*,#1460,.F.) ;
#3136=ORIENTED_EDGE('',*,*,#3110,.F.) ;
#3157=ORIENTED_EDGE('',*,*,#2951,.F.) ;
#3158=ORIENTED_EDGE('',*,*,#3150,.T.) ;
#3159=ORIENTED_EDGE('',*,*,#3155,.F.) ;
#3160=ORIENTED_EDGE('',*,*,#1488,.F.) ;
#3174=ORIENTED_EDGE('',*,*,#3155,.T.) ;
#3175=ORIENTED_EDGE('',*,*,#3172,.T.) ;
#3176=ORIENTED_EDGE('',*,*,#2199,.T.) ;
#3177=ORIENTED_EDGE('',*,*,#1495,.T.) ;
#3186=ORIENTED_EDGE('',*,*,#2374,.T.) ;
#3187=ORIENTED_EDGE('',*,*,#3184,.T.) ;
#3188=ORIENTED_EDGE('',*,*,#1548,.T.) ;
#3189=ORIENTED_EDGE('',*,*,#2520,.T.) ;
#3198=ORIENTED_EDGE('',*,*,#1564,.F.) ;
#3199=ORIENTED_EDGE('',*,*,#3184,.F.) ;
#3200=ORIENTED_EDGE('',*,*,#2367,.F.) ;
#3201=ORIENTED_EDGE('',*,*,#2654,.F.) ;
#3222=ORIENTED_EDGE('',*,*,#1578,.F.) ;
#3223=ORIENTED_EDGE('',*,*,#2731,.F.) ;
#3224=ORIENTED_EDGE('',*,*,#3215,.F.) ;
#3225=ORIENTED_EDGE('',*,*,#3220,.F.) ;
#3260=ORIENTED_EDGE('',*,*,#1585,.F.) ;
#3261=ORIENTED_EDGE('',*,*,#3220,.T.) ;
#3262=ORIENTED_EDGE('',*,*,#3239,.T.) ;
#3263=ORIENTED_EDGE('',*,*,#3246,.T.) ;
#3264=ORIENTED_EDGE('',*,*,#3253,.T.) ;
#3265=ORIENTED_EDGE('',*,*,#3258,.T.) ;
#3282=ORIENTED_EDGE('',*,*,#3275,.F.) ;
#3283=ORIENTED_EDGE('',*,*,#3280,.F.) ;
#3311=ORIENTED_EDGE('',*,*,#3299,.F.) ;
#3312=ORIENTED_EDGE('',*,*,#3304,.F.) ;
#3313=ORIENTED_EDGE('',*,*,#1592,.F.) ;
#3314=ORIENTED_EDGE('',*,*,#3258,.F.) ;
#3315=ORIENTED_EDGE('',*,*,#3309,.T.) ;
#3336=ORIENTED_EDGE('',*,*,#3329,.F.) ;
#3337=ORIENTED_EDGE('',*,*,#3334,.F.) ;
#3338=ORIENTED_EDGE('',*,*,#1599,.F.) ;
#3339=ORIENTED_EDGE('',*,*,#3304,.T.) ;
#3360=ORIENTED_EDGE('',*,*,#3353,.T.) ;
#3361=ORIENTED_EDGE('',*,*,#3358,.T.) ;
#3362=ORIENTED_EDGE('',*,*,#1606,.F.) ;
#3363=ORIENTED_EDGE('',*,*,#3334,.T.) ;
#3380=ORIENTED_EDGE('',*,*,#3373,.F.) ;
#3381=ORIENTED_EDGE('',*,*,#3378,.F.) ;
#3400=ORIENTED_EDGE('',*,*,#2551,.F.) ;
#3401=ORIENTED_EDGE('',*,*,#3393,.T.) ;
#3402=ORIENTED_EDGE('',*,*,#1613,.F.) ;
#3403=ORIENTED_EDGE('',*,*,#3358,.F.) ;
#3404=ORIENTED_EDGE('',*,*,#3398,.F.) ;
#3418=ORIENTED_EDGE('',*,*,#2541,.T.) ;
#3419=ORIENTED_EDGE('',*,*,#3416,.F.) ;
#3420=ORIENTED_EDGE('',*,*,#1620,.F.) ;
#3421=ORIENTED_EDGE('',*,*,#3393,.F.) ;
#3444=ORIENTED_EDGE('',*,*,#3432,.T.) ;
#3445=ORIENTED_EDGE('',*,*,#3437,.T.) ;
#3446=ORIENTED_EDGE('',*,*,#1627,.F.) ;
#3447=ORIENTED_EDGE('',*,*,#3416,.T.) ;
#3448=ORIENTED_EDGE('',*,*,#3442,.T.) ;
#3465=ORIENTED_EDGE('',*,*,#3458,.F.) ;
#3466=ORIENTED_EDGE('',*,*,#3463,.F.) ;
#3480=ORIENTED_EDGE('',*,*,#1634,.F.) ;
#3481=ORIENTED_EDGE('',*,*,#3437,.F.) ;
#3482=ORIENTED_EDGE('',*,*,#3478,.F.) ;
#3483=ORIENTED_EDGE('',*,*,#1965,.F.) ;
#3497=ORIENTED_EDGE('',*,*,#3495,.F.) ;
#3498=ORIENTED_EDGE('',*,*,#2993,.F.) ;
#3499=ORIENTED_EDGE('',*,*,#1660,.F.) ;
#3500=ORIENTED_EDGE('',*,*,#1958,.F.) ;
#3528=ORIENTED_EDGE('',*,*,#3516,.F.) ;
#3529=ORIENTED_EDGE('',*,*,#3521,.T.) ;
#3530=ORIENTED_EDGE('',*,*,#1756,.T.) ;
#3531=ORIENTED_EDGE('',*,*,#3526,.T.) ;
#3584=ORIENTED_EDGE('',*,*,#3559,.F.) ;
#3585=ORIENTED_EDGE('',*,*,#3582,.F.) ;
#3606=ORIENTED_EDGE('',*,*,#3599,.F.) ;
#3607=ORIENTED_EDGE('',*,*,#3604,.F.) ;
#3608=ORIENTED_EDGE('',*,*,#1772,.F.) ;
#3609=ORIENTED_EDGE('',*,*,#3521,.F.) ;
#3630=ORIENTED_EDGE('',*,*,#3623,.F.) ;
#3631=ORIENTED_EDGE('',*,*,#3628,.T.) ;
#3632=ORIENTED_EDGE('',*,*,#1779,.T.) ;
#3633=ORIENTED_EDGE('',*,*,#3604,.T.) ;
#3654=ORIENTED_EDGE('',*,*,#3647,.F.) ;
#3655=ORIENTED_EDGE('',*,*,#3652,.F.) ;
#3656=ORIENTED_EDGE('',*,*,#1795,.F.) ;
#3657=ORIENTED_EDGE('',*,*,#3628,.F.) ;
#3678=ORIENTED_EDGE('',*,*,#1802,.T.) ;
#3679=ORIENTED_EDGE('',*,*,#3652,.T.) ;
#3680=ORIENTED_EDGE('',*,*,#3671,.F.) ;
#3681=ORIENTED_EDGE('',*,*,#3676,.T.) ;
#3698=ORIENTED_EDGE('',*,*,#3691,.T.) ;
#3699=ORIENTED_EDGE('',*,*,#3696,.T.) ;
#3720=ORIENTED_EDGE('',*,*,#3713,.F.) ;
#3721=ORIENTED_EDGE('',*,*,#3718,.F.) ;
#3722=ORIENTED_EDGE('',*,*,#1818,.F.) ;
#3723=ORIENTED_EDGE('',*,*,#3676,.F.) ;
#3744=ORIENTED_EDGE('',*,*,#3737,.F.) ;
#3745=ORIENTED_EDGE('',*,*,#3742,.T.) ;
#3746=ORIENTED_EDGE('',*,*,#1825,.T.) ;
#3747=ORIENTED_EDGE('',*,*,#3718,.T.) ;
#3761=ORIENTED_EDGE('',*,*,#3759,.F.) ;
#3762=ORIENTED_EDGE('',*,*,#3526,.F.) ;
#3763=ORIENTED_EDGE('',*,*,#1839,.F.) ;
#3764=ORIENTED_EDGE('',*,*,#3742,.F.) ;
#3768=ORIENTED_EDGE('',*,*,#3105,.T.) ;
#3769=ORIENTED_EDGE('',*,*,#3076,.T.) ;
#3770=ORIENTED_EDGE('',*,*,#3052,.T.) ;
#3771=ORIENTED_EDGE('',*,*,#3028,.T.) ;
#3772=ORIENTED_EDGE('',*,*,#3000,.T.) ;
#3773=ORIENTED_EDGE('',*,*,#3495,.T.) ;
#3774=ORIENTED_EDGE('',*,*,#1953,.T.) ;
#3775=ORIENTED_EDGE('',*,*,#3131,.T.) ;
#3796=ORIENTED_EDGE('',*,*,#1970,.F.) ;
#3797=ORIENTED_EDGE('',*,*,#3789,.T.) ;
#3798=ORIENTED_EDGE('',*,*,#3794,.F.) ;
#3799=ORIENTED_EDGE('',*,*,#2062,.T.) ;
#3820=ORIENTED_EDGE('',*,*,#3813,.F.) ;
#3821=ORIENTED_EDGE('',*,*,#3818,.T.) ;
#3822=ORIENTED_EDGE('',*,*,#1994,.F.) ;
#3823=ORIENTED_EDGE('',*,*,#2320,.T.) ;
#3842=ORIENTED_EDGE('',*,*,#2015,.T.) ;
#3843=ORIENTED_EDGE('',*,*,#3835,.T.) ;
#3844=ORIENTED_EDGE('',*,*,#2883,.F.) ;
#3845=ORIENTED_EDGE('',*,*,#3840,.F.) ;
#3854=ORIENTED_EDGE('',*,*,#3835,.F.) ;
#3855=ORIENTED_EDGE('',*,*,#2020,.T.) ;
#3856=ORIENTED_EDGE('',*,*,#3840,.T.) ;
#3857=ORIENTED_EDGE('',*,*,#2888,.F.) ;
#3878=ORIENTED_EDGE('',*,*,#3871,.T.) ;
#3879=ORIENTED_EDGE('',*,*,#2086,.F.) ;
#3880=ORIENTED_EDGE('',*,*,#2052,.F.) ;
#3881=ORIENTED_EDGE('',*,*,#3876,.F.) ;
#3928=ORIENTED_EDGE('',*,*,#3907,.F.) ;
#3929=ORIENTED_EDGE('',*,*,#3914,.T.) ;
#3930=ORIENTED_EDGE('',*,*,#3921,.T.) ;
#3931=ORIENTED_EDGE('',*,*,#3926,.T.) ;
#3932=ORIENTED_EDGE('',*,*,#3876,.T.) ;
#3933=ORIENTED_EDGE('',*,*,#2067,.T.) ;
#3934=ORIENTED_EDGE('',*,*,#3794,.T.) ;
#3965=ORIENTED_EDGE('',*,*,#3944,.T.) ;
#3966=ORIENTED_EDGE('',*,*,#3951,.T.) ;
#3967=ORIENTED_EDGE('',*,*,#3958,.T.) ;
#3968=ORIENTED_EDGE('',*,*,#3963,.T.) ;
#3984=ORIENTED_EDGE('',*,*,#2093,.T.) ;
#3985=ORIENTED_EDGE('',*,*,#3977,.T.) ;
#3986=ORIENTED_EDGE('',*,*,#3982,.T.) ;
#3987=ORIENTED_EDGE('',*,*,#2594,.T.) ;
#4008=ORIENTED_EDGE('',*,*,#2233,.T.) ;
#4009=ORIENTED_EDGE('',*,*,#2204,.F.) ;
#4010=ORIENTED_EDGE('',*,*,#4001,.F.) ;
#4011=ORIENTED_EDGE('',*,*,#4006,.F.) ;
#4074=ORIENTED_EDGE('',*,*,#4025,.T.) ;
#4075=ORIENTED_EDGE('',*,*,#2927,.T.) ;
#4076=ORIENTED_EDGE('',*,*,#2558,.T.) ;
#4077=ORIENTED_EDGE('',*,*,#3398,.T.) ;
#4078=ORIENTED_EDGE('',*,*,#3353,.F.) ;
#4079=ORIENTED_EDGE('',*,*,#3329,.T.) ;
#4080=ORIENTED_EDGE('',*,*,#3299,.T.) ;
#4081=ORIENTED_EDGE('',*,*,#4032,.T.) ;
#4082=ORIENTED_EDGE('',*,*,#4039,.T.) ;
#4083=ORIENTED_EDGE('',*,*,#4046,.T.) ;
#4084=ORIENTED_EDGE('',*,*,#4051,.T.) ;
#4085=ORIENTED_EDGE('',*,*,#2238,.T.) ;
#4086=ORIENTED_EDGE('',*,*,#4006,.T.) ;
#4087=ORIENTED_EDGE('',*,*,#4058,.T.) ;
#4088=ORIENTED_EDGE('',*,*,#4072,.T.) ;
#4105=ORIENTED_EDGE('',*,*,#4098,.F.) ;
#4106=ORIENTED_EDGE('',*,*,#4103,.F.) ;
#4123=ORIENTED_EDGE('',*,*,#4116,.F.) ;
#4124=ORIENTED_EDGE('',*,*,#4121,.F.) ;
#4127=ORIENTED_EDGE('',*,*,#3671,.T.) ;
#4128=ORIENTED_EDGE('',*,*,#3647,.T.) ;
#4129=ORIENTED_EDGE('',*,*,#3623,.T.) ;
#4130=ORIENTED_EDGE('',*,*,#3599,.T.) ;
#4131=ORIENTED_EDGE('',*,*,#3516,.T.) ;
#4132=ORIENTED_EDGE('',*,*,#3759,.T.) ;
#4133=ORIENTED_EDGE('',*,*,#3737,.T.) ;
#4134=ORIENTED_EDGE('',*,*,#3713,.T.) ;
#4155=ORIENTED_EDGE('',*,*,#4148,.F.) ;
#4156=ORIENTED_EDGE('',*,*,#2262,.T.) ;
#4157=ORIENTED_EDGE('',*,*,#4051,.F.) ;
#4158=ORIENTED_EDGE('',*,*,#4153,.T.) ;
#4179=ORIENTED_EDGE('',*,*,#4172,.T.) ;
#4180=ORIENTED_EDGE('',*,*,#4177,.T.) ;
#4181=ORIENTED_EDGE('',*,*,#2281,.T.) ;
#4182=ORIENTED_EDGE('',*,*,#4148,.T.) ;
#4199=ORIENTED_EDGE('',*,*,#4192,.T.) ;
#4200=ORIENTED_EDGE('',*,*,#4197,.T.) ;
#4221=ORIENTED_EDGE('',*,*,#4214,.T.) ;
#4222=ORIENTED_EDGE('',*,*,#4219,.F.) ;
#4223=ORIENTED_EDGE('',*,*,#2305,.F.) ;
#4224=ORIENTED_EDGE('',*,*,#2286,.F.) ;
#4266=ORIENTED_EDGE('',*,*,#4245,.F.) ;
#4267=ORIENTED_EDGE('',*,*,#3813,.T.) ;
#4268=ORIENTED_EDGE('',*,*,#2312,.T.) ;
#4269=ORIENTED_EDGE('',*,*,#4219,.T.) ;
#4270=ORIENTED_EDGE('',*,*,#4252,.T.) ;
#4271=ORIENTED_EDGE('',*,*,#4259,.T.) ;
#4272=ORIENTED_EDGE('',*,*,#4264,.T.) ;
#4303=ORIENTED_EDGE('',*,*,#4282,.T.) ;
#4304=ORIENTED_EDGE('',*,*,#4289,.T.) ;
#4305=ORIENTED_EDGE('',*,*,#4296,.T.) ;
#4306=ORIENTED_EDGE('',*,*,#4301,.T.) ;
#4334=ORIENTED_EDGE('',*,*,#4320,.F.) ;
#4335=ORIENTED_EDGE('',*,*,#2428,.F.) ;
#4336=ORIENTED_EDGE('',*,*,#4327,.T.) ;
#4337=ORIENTED_EDGE('',*,*,#4332,.F.) ;
#4346=ORIENTED_EDGE('',*,*,#2451,.F.) ;
#4347=ORIENTED_EDGE('',*,*,#4320,.T.) ;
#4348=ORIENTED_EDGE('',*,*,#4344,.F.) ;
#4349=ORIENTED_EDGE('',*,*,#4327,.F.) ;
#4377=ORIENTED_EDGE('',*,*,#4363,.F.) ;
#4378=ORIENTED_EDGE('',*,*,#2482,.F.) ;
#4379=ORIENTED_EDGE('',*,*,#4370,.T.) ;
#4380=ORIENTED_EDGE('',*,*,#4375,.F.) ;
#4389=ORIENTED_EDGE('',*,*,#2505,.F.) ;
#4390=ORIENTED_EDGE('',*,*,#4363,.T.) ;
#4391=ORIENTED_EDGE('',*,*,#4387,.F.) ;
#4392=ORIENTED_EDGE('',*,*,#4370,.F.) ;
#4406=ORIENTED_EDGE('',*,*,#3982,.F.) ;
#4407=ORIENTED_EDGE('',*,*,#4404,.T.) ;
#4408=ORIENTED_EDGE('',*,*,#3442,.F.) ;
#4409=ORIENTED_EDGE('',*,*,#2608,.F.) ;
#4423=ORIENTED_EDGE('',*,*,#4421,.F.) ;
#4424=ORIENTED_EDGE('',*,*,#2632,.T.) ;
#4425=ORIENTED_EDGE('',*,*,#3818,.F.) ;
#4426=ORIENTED_EDGE('',*,*,#4245,.T.) ;
#4440=ORIENTED_EDGE('',*,*,#2666,.F.) ;
#4441=ORIENTED_EDGE('',*,*,#4421,.T.) ;
#4442=ORIENTED_EDGE('',*,*,#4264,.F.) ;
#4443=ORIENTED_EDGE('',*,*,#4438,.T.) ;
#4462=ORIENTED_EDGE('',*,*,#2673,.F.) ;
#4463=ORIENTED_EDGE('',*,*,#4455,.T.) ;
#4464=ORIENTED_EDGE('',*,*,#4172,.F.) ;
#4465=ORIENTED_EDGE('',*,*,#4460,.F.) ;
#4479=ORIENTED_EDGE('',*,*,#4460,.T.) ;
#4480=ORIENTED_EDGE('',*,*,#4153,.F.) ;
#4481=ORIENTED_EDGE('',*,*,#4477,.F.) ;
#4482=ORIENTED_EDGE('',*,*,#2689,.F.) ;
#4496=ORIENTED_EDGE('',*,*,#4477,.T.) ;
#4497=ORIENTED_EDGE('',*,*,#4046,.F.) ;
#4498=ORIENTED_EDGE('',*,*,#4494,.F.) ;
#4499=ORIENTED_EDGE('',*,*,#2696,.F.) ;
#4520=ORIENTED_EDGE('',*,*,#4494,.T.) ;
#4521=ORIENTED_EDGE('',*,*,#4513,.F.) ;
#4522=ORIENTED_EDGE('',*,*,#4518,.F.) ;
#4523=ORIENTED_EDGE('',*,*,#2712,.F.) ;
#4544=ORIENTED_EDGE('',*,*,#4537,.F.) ;
#4545=ORIENTED_EDGE('',*,*,#4542,.T.) ;
#4546=ORIENTED_EDGE('',*,*,#2719,.F.) ;
#4547=ORIENTED_EDGE('',*,*,#4518,.T.) ;
#4570=ORIENTED_EDGE('',*,*,#4558,.F.) ;
#4571=ORIENTED_EDGE('',*,*,#4563,.T.) ;
#4572=ORIENTED_EDGE('',*,*,#2726,.F.) ;
#4573=ORIENTED_EDGE('',*,*,#4568,.T.) ;
#4598=ORIENTED_EDGE('',*,*,#4588,.T.) ;
#4599=ORIENTED_EDGE('',*,*,#2797,.F.) ;
#4600=ORIENTED_EDGE('',*,*,#4596,.F.) ;
#4601=ORIENTED_EDGE('',*,*,#4282,.F.) ;
#4620=ORIENTED_EDGE('',*,*,#2822,.F.) ;
#4621=ORIENTED_EDGE('',*,*,#4613,.T.) ;
#4622=ORIENTED_EDGE('',*,*,#4192,.F.) ;
#4623=ORIENTED_EDGE('',*,*,#4618,.F.) ;
#4632=ORIENTED_EDGE('',*,*,#4613,.F.) ;
#4633=ORIENTED_EDGE('',*,*,#2817,.F.) ;
#4634=ORIENTED_EDGE('',*,*,#4618,.T.) ;
#4635=ORIENTED_EDGE('',*,*,#4197,.F.) ;
#4652=ORIENTED_EDGE('',*,*,#4650,.F.) ;
#4653=ORIENTED_EDGE('',*,*,#2839,.F.) ;
#4654=ORIENTED_EDGE('',*,*,#4588,.F.) ;
#4655=ORIENTED_EDGE('',*,*,#4301,.F.) ;
#4672=ORIENTED_EDGE('',*,*,#4650,.T.) ;
#4673=ORIENTED_EDGE('',*,*,#4296,.F.) ;
#4674=ORIENTED_EDGE('',*,*,#4670,.F.) ;
#4675=ORIENTED_EDGE('',*,*,#2863,.F.) ;
#4684=ORIENTED_EDGE('',*,*,#4596,.T.) ;
#4685=ORIENTED_EDGE('',*,*,#2903,.F.) ;
#4686=ORIENTED_EDGE('',*,*,#4670,.T.) ;
#4687=ORIENTED_EDGE('',*,*,#4289,.F.) ;
#4704=ORIENTED_EDGE('',*,*,#4702,.T.) ;
#4705=ORIENTED_EDGE('',*,*,#2946,.F.) ;
#4706=ORIENTED_EDGE('',*,*,#2922,.F.) ;
#4707=ORIENTED_EDGE('',*,*,#4025,.F.) ;
#4735=ORIENTED_EDGE('',*,*,#4721,.F.) ;
#4736=ORIENTED_EDGE('',*,*,#4728,.F.) ;
#4737=ORIENTED_EDGE('',*,*,#4733,.T.) ;
#4738=ORIENTED_EDGE('',*,*,#2966,.T.) ;
#4747=ORIENTED_EDGE('',*,*,#4745,.F.) ;
#4748=ORIENTED_EDGE('',*,*,#4721,.T.) ;
#4749=ORIENTED_EDGE('',*,*,#2971,.T.) ;
#4750=ORIENTED_EDGE('',*,*,#4733,.F.) ;
#4764=ORIENTED_EDGE('',*,*,#4762,.T.) ;
#4765=ORIENTED_EDGE('',*,*,#3150,.F.) ;
#4766=ORIENTED_EDGE('',*,*,#4702,.F.) ;
#4767=ORIENTED_EDGE('',*,*,#4072,.F.) ;
#4776=ORIENTED_EDGE('',*,*,#4001,.T.) ;
#4777=ORIENTED_EDGE('',*,*,#3172,.F.) ;
#4778=ORIENTED_EDGE('',*,*,#4762,.F.) ;
#4779=ORIENTED_EDGE('',*,*,#4058,.F.) ;
#4800=ORIENTED_EDGE('',*,*,#4563,.F.) ;
#4801=ORIENTED_EDGE('',*,*,#4793,.T.) ;
#4802=ORIENTED_EDGE('',*,*,#4798,.F.) ;
#4803=ORIENTED_EDGE('',*,*,#3215,.T.) ;
#4824=ORIENTED_EDGE('',*,*,#3239,.F.) ;
#4825=ORIENTED_EDGE('',*,*,#4798,.T.) ;
#4826=ORIENTED_EDGE('',*,*,#4817,.F.) ;
#4827=ORIENTED_EDGE('',*,*,#4822,.T.) ;
#4861=ORIENTED_EDGE('',*,*,#3246,.F.) ;
#4862=ORIENTED_EDGE('',*,*,#4841,.T.) ;
#4863=ORIENTED_EDGE('',*,*,#4848,.F.) ;
#4864=ORIENTED_EDGE('',*,*,#4859,.F.) ;
#4928=ORIENTED_EDGE('',*,*,#4880,.F.) ;
#4929=ORIENTED_EDGE('',*,*,#4888,.T.) ;
#4930=ORIENTED_EDGE('',*,*,#4032,.F.) ;
#4931=ORIENTED_EDGE('',*,*,#3309,.F.) ;
#4932=ORIENTED_EDGE('',*,*,#3253,.F.) ;
#4933=ORIENTED_EDGE('',*,*,#4859,.T.) ;
#4934=ORIENTED_EDGE('',*,*,#4895,.F.) ;
#4935=ORIENTED_EDGE('',*,*,#4911,.T.) ;
#4936=ORIENTED_EDGE('',*,*,#4918,.F.) ;
#4937=ORIENTED_EDGE('',*,*,#4926,.T.) ;
#4965=ORIENTED_EDGE('',*,*,#4953,.F.) ;
#4966=ORIENTED_EDGE('',*,*,#4958,.F.) ;
#4967=ORIENTED_EDGE('',*,*,#3275,.T.) ;
#4968=ORIENTED_EDGE('',*,*,#4963,.T.) ;
#4982=ORIENTED_EDGE('',*,*,#4980,.F.) ;
#4983=ORIENTED_EDGE('',*,*,#4963,.F.) ;
#4984=ORIENTED_EDGE('',*,*,#3280,.T.) ;
#4985=ORIENTED_EDGE('',*,*,#4958,.T.) ;
#5013=ORIENTED_EDGE('',*,*,#3373,.T.) ;
#5014=ORIENTED_EDGE('',*,*,#4999,.T.) ;
#5015=ORIENTED_EDGE('',*,*,#5006,.T.) ;
#5016=ORIENTED_EDGE('',*,*,#5011,.F.) ;
#5025=ORIENTED_EDGE('',*,*,#4999,.F.) ;
#5026=ORIENTED_EDGE('',*,*,#3378,.T.) ;
#5027=ORIENTED_EDGE('',*,*,#5011,.T.) ;
#5028=ORIENTED_EDGE('',*,*,#5023,.T.) ;
#5045=ORIENTED_EDGE('',*,*,#3914,.F.) ;
#5046=ORIENTED_EDGE('',*,*,#5035,.T.) ;
#5047=ORIENTED_EDGE('',*,*,#3432,.F.) ;
#5048=ORIENTED_EDGE('',*,*,#5043,.T.) ;
#5067=ORIENTED_EDGE('',*,*,#215,.F.) ;
#5068=ORIENTED_EDGE('',*,*,#5060,.F.) ;
#5069=ORIENTED_EDGE('',*,*,#3458,.T.) ;
#5070=ORIENTED_EDGE('',*,*,#5065,.T.) ;
#5074=ORIENTED_EDGE('',*,*,#210,.F.) ;
#5075=ORIENTED_EDGE('',*,*,#5065,.F.) ;
#5076=ORIENTED_EDGE('',*,*,#3463,.T.) ;
#5077=ORIENTED_EDGE('',*,*,#5060,.T.) ;
#5086=ORIENTED_EDGE('',*,*,#5035,.F.) ;
#5087=ORIENTED_EDGE('',*,*,#3907,.T.) ;
#5088=ORIENTED_EDGE('',*,*,#3789,.F.) ;
#5089=ORIENTED_EDGE('',*,*,#3478,.T.) ;
#5117=ORIENTED_EDGE('',*,*,#5105,.F.) ;
#5118=ORIENTED_EDGE('',*,*,#5110,.T.) ;
#5119=ORIENTED_EDGE('',*,*,#3582,.T.) ;
#5120=ORIENTED_EDGE('',*,*,#5115,.F.) ;
#5129=ORIENTED_EDGE('',*,*,#5110,.F.) ;
#5130=ORIENTED_EDGE('',*,*,#5127,.F.) ;
#5131=ORIENTED_EDGE('',*,*,#5115,.T.) ;
#5132=ORIENTED_EDGE('',*,*,#3559,.T.) ;
#5160=ORIENTED_EDGE('',*,*,#5146,.F.) ;
#5161=ORIENTED_EDGE('',*,*,#5153,.T.) ;
#5162=ORIENTED_EDGE('',*,*,#5158,.T.) ;
#5163=ORIENTED_EDGE('',*,*,#3696,.F.) ;
#5172=ORIENTED_EDGE('',*,*,#5170,.T.) ;
#5173=ORIENTED_EDGE('',*,*,#5146,.T.) ;
#5174=ORIENTED_EDGE('',*,*,#3691,.F.) ;
#5175=ORIENTED_EDGE('',*,*,#5158,.F.) ;
#5216=ORIENTED_EDGE('',*,*,#5193,.T.) ;
#5217=ORIENTED_EDGE('',*,*,#5200,.F.) ;
#5218=ORIENTED_EDGE('',*,*,#5209,.F.) ;
#5219=ORIENTED_EDGE('',*,*,#5214,.F.) ;
#5249=ORIENTED_EDGE('',*,*,#5209,.T.) ;
#5250=ORIENTED_EDGE('',*,*,#5233,.F.) ;
#5251=ORIENTED_EDGE('',*,*,#5242,.T.) ;
#5252=ORIENTED_EDGE('',*,*,#5247,.T.) ;
#5289=ORIENTED_EDGE('',*,*,#5268,.F.) ;
#5290=ORIENTED_EDGE('',*,*,#5275,.T.) ;
#5291=ORIENTED_EDGE('',*,*,#5282,.T.) ;
#5292=ORIENTED_EDGE('',*,*,#5287,.F.) ;
#5311=ORIENTED_EDGE('',*,*,#5304,.F.) ;
#5312=ORIENTED_EDGE('',*,*,#5287,.T.) ;
#5313=ORIENTED_EDGE('',*,*,#5309,.T.) ;
#5314=ORIENTED_EDGE('',*,*,#5275,.F.) ;
#5344=ORIENTED_EDGE('',*,*,#5242,.F.) ;
#5345=ORIENTED_EDGE('',*,*,#5328,.F.) ;
#5346=ORIENTED_EDGE('',*,*,#5337,.T.) ;
#5347=ORIENTED_EDGE('',*,*,#5342,.F.) ;
#5366=ORIENTED_EDGE('',*,*,#5337,.F.) ;
#5367=ORIENTED_EDGE('',*,*,#5359,.F.) ;
#5368=ORIENTED_EDGE('',*,*,#5193,.F.) ;
#5369=ORIENTED_EDGE('',*,*,#5364,.T.) ;
#5383=ORIENTED_EDGE('',*,*,#5381,.F.) ;
#5384=ORIENTED_EDGE('',*,*,#3977,.F.) ;
#5385=ORIENTED_EDGE('',*,*,#3871,.F.) ;
#5386=ORIENTED_EDGE('',*,*,#3926,.F.) ;
#5395=ORIENTED_EDGE('',*,*,#5381,.T.) ;
#5396=ORIENTED_EDGE('',*,*,#3921,.F.) ;
#5397=ORIENTED_EDGE('',*,*,#5043,.F.) ;
#5398=ORIENTED_EDGE('',*,*,#4404,.F.) ;
#5421=ORIENTED_EDGE('',*,*,#5412,.F.) ;
#5422=ORIENTED_EDGE('',*,*,#3944,.F.) ;
#5423=ORIENTED_EDGE('',*,*,#5419,.T.) ;
#5424=ORIENTED_EDGE('',*,*,#230,.F.) ;
#5435=ORIENTED_EDGE('',*,*,#5433,.T.) ;
#5436=ORIENTED_EDGE('',*,*,#3951,.F.) ;
#5437=ORIENTED_EDGE('',*,*,#5412,.T.) ;
#5438=ORIENTED_EDGE('',*,*,#146,.T.) ;
#5454=ORIENTED_EDGE('',*,*,#5452,.T.) ;
#5455=ORIENTED_EDGE('',*,*,#3958,.F.) ;
#5456=ORIENTED_EDGE('',*,*,#5433,.F.) ;
#5457=ORIENTED_EDGE('',*,*,#64,.F.) ;
#5461=ORIENTED_EDGE('',*,*,#5419,.F.) ;
#5462=ORIENTED_EDGE('',*,*,#3963,.F.) ;
#5463=ORIENTED_EDGE('',*,*,#5452,.F.) ;
#5464=ORIENTED_EDGE('',*,*,#195,.T.) ;
#5486=ORIENTED_EDGE('',*,*,#5476,.F.) ;
#5487=ORIENTED_EDGE('',*,*,#4513,.T.) ;
#5488=ORIENTED_EDGE('',*,*,#4039,.F.) ;
#5489=ORIENTED_EDGE('',*,*,#4888,.F.) ;
#5490=ORIENTED_EDGE('',*,*,#5484,.F.) ;
#5491=ORIENTED_EDGE('',*,*,#4926,.F.) ;
#5519=ORIENTED_EDGE('',*,*,#5505,.F.) ;
#5520=ORIENTED_EDGE('',*,*,#5512,.F.) ;
#5521=ORIENTED_EDGE('',*,*,#5517,.T.) ;
#5522=ORIENTED_EDGE('',*,*,#4098,.T.) ;
#5531=ORIENTED_EDGE('',*,*,#5529,.F.) ;
#5532=ORIENTED_EDGE('',*,*,#5505,.T.) ;
#5533=ORIENTED_EDGE('',*,*,#4103,.T.) ;
#5534=ORIENTED_EDGE('',*,*,#5517,.F.) ;
#5562=ORIENTED_EDGE('',*,*,#5548,.F.) ;
#5563=ORIENTED_EDGE('',*,*,#5555,.F.) ;
#5564=ORIENTED_EDGE('',*,*,#5560,.T.) ;
#5565=ORIENTED_EDGE('',*,*,#4116,.T.) ;
#5574=ORIENTED_EDGE('',*,*,#5572,.F.) ;
#5575=ORIENTED_EDGE('',*,*,#5548,.T.) ;
#5576=ORIENTED_EDGE('',*,*,#4121,.T.) ;
#5577=ORIENTED_EDGE('',*,*,#5560,.F.) ;
#5591=ORIENTED_EDGE('',*,*,#5589,.F.) ;
#5592=ORIENTED_EDGE('',*,*,#4252,.F.) ;
#5593=ORIENTED_EDGE('',*,*,#4214,.F.) ;
#5594=ORIENTED_EDGE('',*,*,#4177,.F.) ;
#5603=ORIENTED_EDGE('',*,*,#5589,.T.) ;
#5604=ORIENTED_EDGE('',*,*,#4455,.F.) ;
#5605=ORIENTED_EDGE('',*,*,#4438,.F.) ;
#5606=ORIENTED_EDGE('',*,*,#4259,.F.) ;
#5610=ORIENTED_EDGE('',*,*,#5512,.T.) ;
#5611=ORIENTED_EDGE('',*,*,#5529,.T.) ;
#5614=ORIENTED_EDGE('',*,*,#4344,.T.) ;
#5615=ORIENTED_EDGE('',*,*,#4332,.T.) ;
#5619=ORIENTED_EDGE('',*,*,#5555,.T.) ;
#5620=ORIENTED_EDGE('',*,*,#5572,.T.) ;
#5623=ORIENTED_EDGE('',*,*,#4387,.T.) ;
#5624=ORIENTED_EDGE('',*,*,#4375,.T.) ;
#5640=ORIENTED_EDGE('',*,*,#5633,.T.) ;
#5641=ORIENTED_EDGE('',*,*,#5638,.T.) ;
#5642=ORIENTED_EDGE('',*,*,#4537,.T.) ;
#5643=ORIENTED_EDGE('',*,*,#5476,.T.) ;
#5644=ORIENTED_EDGE('',*,*,#4918,.T.) ;
#5647=ORIENTED_EDGE('',*,*,#5309,.F.) ;
#5648=ORIENTED_EDGE('',*,*,#5282,.F.) ;
#5669=ORIENTED_EDGE('',*,*,#5662,.T.) ;
#5670=ORIENTED_EDGE('',*,*,#5667,.F.) ;
#5671=ORIENTED_EDGE('',*,*,#4568,.F.) ;
#5672=ORIENTED_EDGE('',*,*,#4542,.F.) ;
#5702=ORIENTED_EDGE('',*,*,#4793,.F.) ;
#5703=ORIENTED_EDGE('',*,*,#4558,.T.) ;
#5704=ORIENTED_EDGE('',*,*,#5667,.T.) ;
#5705=ORIENTED_EDGE('',*,*,#5681,.T.) ;
#5706=ORIENTED_EDGE('',*,*,#5688,.T.) ;
#5707=ORIENTED_EDGE('',*,*,#5695,.T.) ;
#5708=ORIENTED_EDGE('',*,*,#5700,.T.) ;
#5709=ORIENTED_EDGE('',*,*,#4817,.T.) ;
#5712=ORIENTED_EDGE('',*,*,#5328,.T.) ;
#5713=ORIENTED_EDGE('',*,*,#5233,.T.) ;
#5714=ORIENTED_EDGE('',*,*,#5200,.T.) ;
#5715=ORIENTED_EDGE('',*,*,#5359,.T.) ;
#5724=ORIENTED_EDGE('',*,*,#5170,.F.) ;
#5725=ORIENTED_EDGE('',*,*,#5153,.F.) ;
#5728=ORIENTED_EDGE('',*,*,#4728,.T.) ;
#5729=ORIENTED_EDGE('',*,*,#4745,.T.) ;
#5743=ORIENTED_EDGE('',*,*,#5741,.T.) ;
#5744=ORIENTED_EDGE('',*,*,#4841,.F.) ;
#5745=ORIENTED_EDGE('',*,*,#4822,.F.) ;
#5746=ORIENTED_EDGE('',*,*,#5700,.F.) ;
#5762=ORIENTED_EDGE('',*,*,#4848,.T.) ;
#5763=ORIENTED_EDGE('',*,*,#5755,.T.) ;
#5764=ORIENTED_EDGE('',*,*,#5760,.T.) ;
#5765=ORIENTED_EDGE('',*,*,#4895,.T.) ;
#5774=ORIENTED_EDGE('',*,*,#4880,.T.) ;
#5775=ORIENTED_EDGE('',*,*,#5484,.T.) ;
#5789=ORIENTED_EDGE('',*,*,#5760,.F.) ;
#5790=ORIENTED_EDGE('',*,*,#5787,.T.) ;
#5791=ORIENTED_EDGE('',*,*,#5633,.F.) ;
#5792=ORIENTED_EDGE('',*,*,#4911,.F.) ;
#5801=ORIENTED_EDGE('',*,*,#5127,.T.) ;
#5802=ORIENTED_EDGE('',*,*,#5105,.T.) ;
#5805=ORIENTED_EDGE('',*,*,#5023,.F.) ;
#5806=ORIENTED_EDGE('',*,*,#5006,.F.) ;
#5815=ORIENTED_EDGE('',*,*,#5813,.T.) ;
#5816=ORIENTED_EDGE('',*,*,#5681,.F.) ;
#5817=ORIENTED_EDGE('',*,*,#5662,.F.) ;
#5818=ORIENTED_EDGE('',*,*,#5638,.F.) ;
#5832=ORIENTED_EDGE('',*,*,#5830,.F.) ;
#5833=ORIENTED_EDGE('',*,*,#5688,.F.) ;
#5834=ORIENTED_EDGE('',*,*,#5813,.F.) ;
#5835=ORIENTED_EDGE('',*,*,#5787,.F.) ;
#5839=ORIENTED_EDGE('',*,*,#5830,.T.) ;
#5840=ORIENTED_EDGE('',*,*,#5755,.F.) ;
#5841=ORIENTED_EDGE('',*,*,#5741,.F.) ;
#5842=ORIENTED_EDGE('',*,*,#5695,.F.) ;
#5851=ORIENTED_EDGE('',*,*,#251,.T.) ;
#5852=ORIENTED_EDGE('',*,*,#2986,.F.) ;
#5853=ORIENTED_EDGE('',*,*,#92,.T.) ;
#5854=ORIENTED_EDGE('',*,*,#3098,.F.) ;
#5873=ORIENTED_EDGE('',*,*,#1736,.F.) ;
#5874=ORIENTED_EDGE('',*,*,#5866,.F.) ;
#5875=ORIENTED_EDGE('',*,*,#5214,.T.) ;
#5876=ORIENTED_EDGE('',*,*,#5871,.T.) ;
#5885=ORIENTED_EDGE('',*,*,#5883,.F.) ;
#5886=ORIENTED_EDGE('',*,*,#5364,.F.) ;
#5887=ORIENTED_EDGE('',*,*,#5866,.T.) ;
#5888=ORIENTED_EDGE('',*,*,#1729,.T.) ;
#5891=ORIENTED_EDGE('',*,*,#4980,.T.) ;
#5892=ORIENTED_EDGE('',*,*,#4953,.T.) ;
#5901=ORIENTED_EDGE('',*,*,#5871,.F.) ;
#5902=ORIENTED_EDGE('',*,*,#5247,.F.) ;
#5903=ORIENTED_EDGE('',*,*,#5899,.T.) ;
#5904=ORIENTED_EDGE('',*,*,#1741,.T.) ;
#5907=ORIENTED_EDGE('',*,*,#5304,.T.) ;
#5908=ORIENTED_EDGE('',*,*,#5268,.T.) ;
#5917=ORIENTED_EDGE('',*,*,#1722,.F.) ;
#5918=ORIENTED_EDGE('',*,*,#5899,.F.) ;
#5919=ORIENTED_EDGE('',*,*,#5342,.T.) ;
#5920=ORIENTED_EDGE('',*,*,#5883,.T.) ;
#170=FACE_BOUND('',#167,.T.) ;
#219=FACE_BOUND('',#216,.T.) ;
#480=FACE_BOUND('',#477,.T.) ;
#484=FACE_BOUND('',#481,.T.) ;
#552=FACE_BOUND('',#549,.T.) ;
#570=FACE_BOUND('',#567,.T.) ;
#706=FACE_BOUND('',#701,.T.) ;
#873=FACE_BOUND('',#868,.T.) ;
#1024=FACE_BOUND('',#1021,.T.) ;
#1334=FACE_BOUND('',#1329,.T.) ;
#1747=FACE_BOUND('',#1742,.T.) ;
#1849=FACE_BOUND('',#1840,.T.) ;
#2024=FACE_BOUND('',#2021,.T.) ;
#2455=FACE_BOUND('',#2452,.T.) ;
#2509=FACE_BOUND('',#2506,.T.) ;
#2753=FACE_BOUND('',#2748,.T.) ;
#2826=FACE_BOUND('',#2823,.T.) ;
#2892=FACE_BOUND('',#2889,.T.) ;
#2975=FACE_BOUND('',#2972,.T.) ;
#3284=FACE_BOUND('',#3281,.T.) ;
#3382=FACE_BOUND('',#3379,.T.) ;
#3467=FACE_BOUND('',#3464,.T.) ;
#3586=FACE_BOUND('',#3583,.T.) ;
#3700=FACE_BOUND('',#3697,.T.) ;
#3969=FACE_BOUND('',#3964,.T.) ;
#4107=FACE_BOUND('',#4104,.T.) ;
#4125=FACE_BOUND('',#4122,.T.) ;
#4135=FACE_BOUND('',#4126,.T.) ;
#4201=FACE_BOUND('',#4198,.T.) ;
#4307=FACE_BOUND('',#4302,.T.) ;
#5616=FACE_BOUND('',#5613,.T.) ;
#5625=FACE_BOUND('',#5622,.T.) ;
#5649=FACE_BOUND('',#5646,.T.) ;
#5716=FACE_BOUND('',#5711,.T.) ;
#5730=FACE_BOUND('',#5727,.T.) ;
#5807=FACE_BOUND('',#5804,.T.) ;
#5893=FACE_BOUND('',#5890,.T.) ;
#5909=FACE_BOUND('',#5906,.T.) ;
#50=CLOSED_SHELL('Closed Shell',(#122,#171,#220,#274,#314,#331,#485,#571,#602,#626,#707,#731,#755,#793,#874,#898,#922,#939,#961,#968,#1025,#1169,#1195,#1219,#1335,#1377,#1850,#1881,#1899,#1916,#1934,#1982,#2025,#2037,#2074,#2108,#2130,#2137,#2156,#2175,#2187,#2211,#2245,#2269,#2293,#2327,#2351,#2510,#2527,#2620,#2644,#2754,#2771,#2778,#2827,#2851,#2893,#2910,#2934,#2976,#3016,#3040,#3064,#3088,#3121,#3138,#3162,#3179,#3191,#3203,#3227,#3285,#3317,#3341,#3383,#3406,#3423,#3468,#3485,#3502,#3587,#3611,#3635,#3659,#3701,#3725,#3749,#3766,#3777,#3801,#3825,#3847,#3859,#3883,#3970,#3989,#4013,#4136,#4160,#4202,#4226,#4308,#4339,#4351,#4382,#4394,#4411,#4428,#4445,#4467,#4484,#4501,#4525,#4549,#4575,#4603,#4625,#4637,#4657,#4677,#4689,#4709,#4740,#4752,#4769,#4781,#4805,#4829,#4866,#4939,#4970,#4987,#5018,#5030,#5050,#5072,#5079,#5091,#5122,#5134,#5165,#5177,#5221,#5254,#5294,#5316,#5349,#5371,#5388,#5400,#5426,#5440,#5459,#5466,#5493,#5524,#5536,#5567,#5579,#5596,#5608,#5617,#5626,#5650,#5674,#5717,#5731,#5748,#5767,#5777,#5794,#5808,#5820,#5837,#5844,#5856,#5878,#5894,#5910,#5922)) ;
#58=VECTOR('Line Direction',#57,1.) ;
#67=VECTOR('Line Direction',#66,1.) ;
#74=VECTOR('Line Direction',#73,1.) ;
#81=VECTOR('Line Direction',#80,1.) ;
#88=VECTOR('Line Direction',#87,1.) ;
#95=VECTOR('Line Direction',#94,1.) ;
#102=VECTOR('Line Direction',#101,1.) ;
#109=VECTOR('Line Direction',#108,1.) ;
#130=VECTOR('Line Direction',#129,1.) ;
#139=VECTOR('Line Direction',#138,1.) ;
#144=VECTOR('Line Direction',#143,1.) ;
#179=VECTOR('Line Direction',#178,1.) ;
#186=VECTOR('Line Direction',#185,1.) ;
#193=VECTOR('Line Direction',#192,1.) ;
#228=VECTOR('Line Direction',#227,1.) ;
#233=VECTOR('Line Direction',#232,1.) ;
#240=VECTOR('Line Direction',#239,1.) ;
#247=VECTOR('Line Direction',#246,1.) ;
#254=VECTOR('Line Direction',#253,1.) ;
#261=VECTOR('Line Direction',#260,1.) ;
#291=VECTOR('Line Direction',#290,1.) ;
#305=VECTOR('Line Direction',#304,1.) ;
#339=VECTOR('Line Direction',#338,1.) ;
#355=VECTOR('Line Direction',#354,1.) ;
#369=VECTOR('Line Direction',#368,1.) ;
#390=VECTOR('Line Direction',#389,1.) ;
#404=VECTOR('Line Direction',#403,1.) ;
#493=VECTOR('Line Direction',#492,1.) ;
#502=VECTOR('Line Direction',#501,1.) ;
#523=VECTOR('Line Direction',#522,1.) ;
#530=VECTOR('Line Direction',#529,1.) ;
#537=VECTOR('Line Direction',#536,1.) ;
#579=VECTOR('Line Direction',#578,1.) ;
#588=VECTOR('Line Direction',#587,1.) ;
#593=VECTOR('Line Direction',#592,1.) ;
#617=VECTOR('Line Direction',#616,1.) ;
#634=VECTOR('Line Direction',#633,1.) ;
#641=VECTOR('Line Direction',#640,1.) ;
#646=VECTOR('Line Direction',#645,1.) ;
#653=VECTOR('Line Direction',#652,1.) ;
#660=VECTOR('Line Direction',#659,1.) ;
#675=VECTOR('Line Direction',#674,1.) ;
#684=VECTOR('Line Direction',#683,1.) ;
#691=VECTOR('Line Direction',#690,1.) ;
#698=VECTOR('Line Direction',#697,1.) ;
#722=VECTOR('Line Direction',#721,1.) ;
#739=VECTOR('Line Direction',#738,1.) ;
#746=VECTOR('Line Direction',#745,1.) ;
#782=VECTOR('Line Direction',#781,1.) ;
#801=VECTOR('Line Direction',#800,1.) ;
#808=VECTOR('Line Direction',#807,1.) ;
#813=VECTOR('Line Direction',#812,1.) ;
#820=VECTOR('Line Direction',#819,1.) ;
#827=VECTOR('Line Direction',#826,1.) ;
#842=VECTOR('Line Direction',#841,1.) ;
#851=VECTOR('Line Direction',#850,1.) ;
#858=VECTOR('Line Direction',#857,1.) ;
#865=VECTOR('Line Direction',#864,1.) ;
#889=VECTOR('Line Direction',#888,1.) ;
#906=VECTOR('Line Direction',#905,1.) ;
#913=VECTOR('Line Direction',#912,1.) ;
#947=VECTOR('Line Direction',#946,1.) ;
#952=VECTOR('Line Direction',#951,1.) ;
#976=VECTOR('Line Direction',#975,1.) ;
#983=VECTOR('Line Direction',#982,1.) ;
#990=VECTOR('Line Direction',#989,1.) ;
#997=VECTOR('Line Direction',#996,1.) ;
#1033=VECTOR('Line Direction',#1032,1.) ;
#1042=VECTOR('Line Direction',#1041,1.) ;
#1049=VECTOR('Line Direction',#1048,1.) ;
#1056=VECTOR('Line Direction',#1055,1.) ;
#1063=VECTOR('Line Direction',#1062,1.) ;
#1070=VECTOR('Line Direction',#1069,1.) ;
#1093=VECTOR('Line Direction',#1092,1.) ;
#1100=VECTOR('Line Direction',#1099,1.) ;
#1107=VECTOR('Line Direction',#1106,1.) ;
#1112=VECTOR('Line Direction',#1111,1.) ;
#1119=VECTOR('Line Direction',#1118,1.) ;
#1126=VECTOR('Line Direction',#1125,1.) ;
#1133=VECTOR('Line Direction',#1132,1.) ;
#1140=VECTOR('Line Direction',#1139,1.) ;
#1147=VECTOR('Line Direction',#1146,1.) ;
#1203=VECTOR('Line Direction',#1202,1.) ;
#1210=VECTOR('Line Direction',#1209,1.) ;
#1227=VECTOR('Line Direction',#1226,1.) ;
#1241=VECTOR('Line Direction',#1240,1.) ;
#1264=VECTOR('Line Direction',#1263,1.) ;
#1303=VECTOR('Line Direction',#1302,1.) ;
#1312=VECTOR('Line Direction',#1311,1.) ;
#1319=VECTOR('Line Direction',#1318,1.) ;
#1326=VECTOR('Line Direction',#1325,1.) ;
#1359=VECTOR('Line Direction',#1358,1.) ;
#1380=VECTOR('Line Direction',#1379,1.) ;
#1406=VECTOR('Line Direction',#1405,1.) ;
#1432=VECTOR('Line Direction',#1431,1.) ;
#1437=VECTOR('Line Direction',#1436,1.) ;
#1463=VECTOR('Line Direction',#1462,1.) ;
#1468=VECTOR('Line Direction',#1467,1.) ;
#1491=VECTOR('Line Direction',#1490,1.) ;
#1509=VECTOR('Line Direction',#1508,1.) ;
#1516=VECTOR('Line Direction',#1515,1.) ;
#1523=VECTOR('Line Direction',#1522,1.) ;
#1544=VECTOR('Line Direction',#1543,1.) ;
#1567=VECTOR('Line Direction',#1566,1.) ;
#1581=VECTOR('Line Direction',#1580,1.) ;
#1588=VECTOR('Line Direction',#1587,1.) ;
#1602=VECTOR('Line Direction',#1601,1.) ;
#1616=VECTOR('Line Direction',#1615,1.) ;
#1623=VECTOR('Line Direction',#1622,1.) ;
#1637=VECTOR('Line Direction',#1636,1.) ;
#1663=VECTOR('Line Direction',#1662,1.) ;
#1716=VECTOR('Line Direction',#1715,1.) ;
#1725=VECTOR('Line Direction',#1724,1.) ;
#1732=VECTOR('Line Direction',#1731,1.) ;
#1739=VECTOR('Line Direction',#1738,1.) ;
#1750=VECTOR('Line Direction',#1749,1.) ;
#1775=VECTOR('Line Direction',#1774,1.) ;
#1798=VECTOR('Line Direction',#1797,1.) ;
#1821=VECTOR('Line Direction',#1820,1.) ;
#1858=VECTOR('Line Direction',#1857,1.) ;
#1865=VECTOR('Line Direction',#1864,1.) ;
#1872=VECTOR('Line Direction',#1871,1.) ;
#1884=VECTOR('Line Direction',#1883,1.) ;
#1889=VECTOR('Line Direction',#1888,1.) ;
#1907=VECTOR('Line Direction',#1906,1.) ;
#1924=VECTOR('Line Direction',#1923,1.) ;
#1942=VECTOR('Line Direction',#1941,1.) ;
#1949=VECTOR('Line Direction',#1948,1.) ;
#1956=VECTOR('Line Direction',#1955,1.) ;
#1961=VECTOR('Line Direction',#1960,1.) ;
#1968=VECTOR('Line Direction',#1967,1.) ;
#1990=VECTOR('Line Direction',#1989,1.) ;
#1997=VECTOR('Line Direction',#1996,1.) ;
#2065=VECTOR('Line Direction',#2064,1.) ;
#2089=VECTOR('Line Direction',#2088,1.) ;
#2116=VECTOR('Line Direction',#2115,1.) ;
#2121=VECTOR('Line Direction',#2120,1.) ;
#2140=VECTOR('Line Direction',#2139,1.) ;
#2147=VECTOR('Line Direction',#2146,1.) ;
#2159=VECTOR('Line Direction',#2158,1.) ;
#2166=VECTOR('Line Direction',#2165,1.) ;
#2178=VECTOR('Line Direction',#2177,1.) ;
#2195=VECTOR('Line Direction',#2194,1.) ;
#2236=VECTOR('Line Direction',#2235,1.) ;
#2277=VECTOR('Line Direction',#2276,1.) ;
#2308=VECTOR('Line Direction',#2307,1.) ;
#2335=VECTOR('Line Direction',#2334,1.) ;
#2354=VECTOR('Line Direction',#2353,1.) ;
#2370=VECTOR('Line Direction',#2369,1.) ;
#2382=VECTOR('Line Direction',#2381,1.) ;
#2518=VECTOR('Line Direction',#2517,1.) ;
#2535=VECTOR('Line Direction',#2534,1.) ;
#2554=VECTOR('Line Direction',#2553,1.) ;
#2590=VECTOR('Line Direction',#2589,1.) ;
#2635=VECTOR('Line Direction',#2634,1.) ;
#2652=VECTOR('Line Direction',#2651,1.) ;
#2657=VECTOR('Line Direction',#2656,1.) ;
#2662=VECTOR('Line Direction',#2661,1.) ;
#2669=VECTOR('Line Direction',#2668,1.) ;
#2692=VECTOR('Line Direction',#2691,1.) ;
#2715=VECTOR('Line Direction',#2714,1.) ;
#2722=VECTOR('Line Direction',#2721,1.) ;
#2729=VECTOR('Line Direction',#2728,1.) ;
#2762=VECTOR('Line Direction',#2761,1.) ;
#2786=VECTOR('Line Direction',#2785,1.) ;
#2793=VECTOR('Line Direction',#2792,1.) ;
#2800=VECTOR('Line Direction',#2799,1.) ;
#2835=VECTOR('Line Direction',#2834,1.) ;
#2842=VECTOR('Line Direction',#2841,1.) ;
#2859=VECTOR('Line Direction',#2858,1.) ;
#2866=VECTOR('Line Direction',#2865,1.) ;
#2901=VECTOR('Line Direction',#2900,1.) ;
#2942=VECTOR('Line Direction',#2941,1.) ;
#2949=VECTOR('Line Direction',#2948,1.) ;
#2984=VECTOR('Line Direction',#2983,1.) ;
#2989=VECTOR('Line Direction',#2988,1.) ;
#2996=VECTOR('Line Direction',#2995,1.) ;
#3003=VECTOR('Line Direction',#3002,1.) ;
#3031=VECTOR('Line Direction',#3030,1.) ;
#3048=VECTOR('Line Direction',#3047,1.) ;
#3055=VECTOR('Line Direction',#3054,1.) ;
#3079=VECTOR('Line Direction',#3078,1.) ;
#3096=VECTOR('Line Direction',#3095,1.) ;
#3101=VECTOR('Line Direction',#3100,1.) ;
#3108=VECTOR('Line Direction',#3107,1.) ;
#3153=VECTOR('Line Direction',#3152,1.) ;
#3170=VECTOR('Line Direction',#3169,1.) ;
#3182=VECTOR('Line Direction',#3181,1.) ;
#3218=VECTOR('Line Direction',#3217,1.) ;
#3235=VECTOR('Line Direction',#3234,1.) ;
#3242=VECTOR('Line Direction',#3241,1.) ;
#3249=VECTOR('Line Direction',#3248,1.) ;
#3256=VECTOR('Line Direction',#3255,1.) ;
#3293=VECTOR('Line Direction',#3292,1.) ;
#3302=VECTOR('Line Direction',#3301,1.) ;
#3307=VECTOR('Line Direction',#3306,1.) ;
#3332=VECTOR('Line Direction',#3331,1.) ;
#3349=VECTOR('Line Direction',#3348,1.) ;
#3356=VECTOR('Line Direction',#3355,1.) ;
#3391=VECTOR('Line Direction',#3390,1.) ;
#3414=VECTOR('Line Direction',#3413,1.) ;
#3426=VECTOR('Line Direction',#3425,1.) ;
#3435=VECTOR('Line Direction',#3434,1.) ;
#3440=VECTOR('Line Direction',#3439,1.) ;
#3510=VECTOR('Line Direction',#3509,1.) ;
#3519=VECTOR('Line Direction',#3518,1.) ;
#3524=VECTOR('Line Direction',#3523,1.) ;
#3602=VECTOR('Line Direction',#3601,1.) ;
#3619=VECTOR('Line Direction',#3618,1.) ;
#3626=VECTOR('Line Direction',#3625,1.) ;
#3650=VECTOR('Line Direction',#3649,1.) ;
#3667=VECTOR('Line Direction',#3666,1.) ;
#3674=VECTOR('Line Direction',#3673,1.) ;
#3716=VECTOR('Line Direction',#3715,1.) ;
#3733=VECTOR('Line Direction',#3732,1.) ;
#3740=VECTOR('Line Direction',#3739,1.) ;
#3792=VECTOR('Line Direction',#3791,1.) ;
#3809=VECTOR('Line Direction',#3808,1.) ;
#3833=VECTOR('Line Direction',#3832,1.) ;
#3838=VECTOR('Line Direction',#3837,1.) ;
#3910=VECTOR('Line Direction',#3909,1.) ;
#3924=VECTOR('Line Direction',#3923,1.) ;
#3938=VECTOR('Line Direction',#3937,1.) ;
#3947=VECTOR('Line Direction',#3946,1.) ;
#3954=VECTOR('Line Direction',#3953,1.) ;
#3961=VECTOR('Line Direction',#3960,1.) ;
#3973=VECTOR('Line Direction',#3972,1.) ;
#3980=VECTOR('Line Direction',#3979,1.) ;
#4021=VECTOR('Line Direction',#4020,1.) ;
#4028=VECTOR('Line Direction',#4027,1.) ;
#4035=VECTOR('Line Direction',#4034,1.) ;
#4042=VECTOR('Line Direction',#4041,1.) ;
#4049=VECTOR('Line Direction',#4048,1.) ;
#4054=VECTOR('Line Direction',#4053,1.) ;
#4144=VECTOR('Line Direction',#4143,1.) ;
#4168=VECTOR('Line Direction',#4167,1.) ;
#4175=VECTOR('Line Direction',#4174,1.) ;
#4248=VECTOR('Line Direction',#4247,1.) ;
#4262=VECTOR('Line Direction',#4261,1.) ;
#4276=VECTOR('Line Direction',#4275,1.) ;
#4285=VECTOR('Line Direction',#4284,1.) ;
#4292=VECTOR('Line Direction',#4291,1.) ;
#4299=VECTOR('Line Direction',#4298,1.) ;
#4316=VECTOR('Line Direction',#4315,1.) ;
#4323=VECTOR('Line Direction',#4322,1.) ;
#4359=VECTOR('Line Direction',#4358,1.) ;
#4366=VECTOR('Line Direction',#4365,1.) ;
#4533=VECTOR('Line Direction',#4532,1.) ;
#4552=VECTOR('Line Direction',#4551,1.) ;
#4611=VECTOR('Line Direction',#4610,1.) ;
#4616=VECTOR('Line Direction',#4615,1.) ;
#4717=VECTOR('Line Direction',#4716,1.) ;
#4731=VECTOR('Line Direction',#4730,1.) ;
#4813=VECTOR('Line Direction',#4812,1.) ;
#4844=VECTOR('Line Direction',#4843,1.) ;
#4874=VECTOR('Line Direction',#4873,1.) ;
#4891=VECTOR('Line Direction',#4890,1.) ;
#4914=VECTOR('Line Direction',#4913,1.) ;
#4956=VECTOR('Line Direction',#4955,1.) ;
#4961=VECTOR('Line Direction',#4960,1.) ;
#4995=VECTOR('Line Direction',#4994,1.) ;
#5009=VECTOR('Line Direction',#5008,1.) ;
#5058=VECTOR('Line Direction',#5057,1.) ;
#5063=VECTOR('Line Direction',#5062,1.) ;
#5108=VECTOR('Line Direction',#5107,1.) ;
#5113=VECTOR('Line Direction',#5112,1.) ;
#5142=VECTOR('Line Direction',#5141,1.) ;
#5156=VECTOR('Line Direction',#5155,1.) ;
#5196=VECTOR('Line Direction',#5195,1.) ;
#5212=VECTOR('Line Direction',#5211,1.) ;
#5229=VECTOR('Line Direction',#5228,1.) ;
#5245=VECTOR('Line Direction',#5244,1.) ;
#5271=VECTOR('Line Direction',#5270,1.) ;
#5285=VECTOR('Line Direction',#5284,1.) ;
#5324=VECTOR('Line Direction',#5323,1.) ;
#5340=VECTOR('Line Direction',#5339,1.) ;
#5357=VECTOR('Line Direction',#5356,1.) ;
#5362=VECTOR('Line Direction',#5361,1.) ;
#5474=VECTOR('Line Direction',#5473,1.) ;
#5501=VECTOR('Line Direction',#5500,1.) ;
#5515=VECTOR('Line Direction',#5514,1.) ;
#5544=VECTOR('Line Direction',#5543,1.) ;
#5558=VECTOR('Line Direction',#5557,1.) ;
#5629=VECTOR('Line Direction',#5628,1.) ;
#5636=VECTOR('Line Direction',#5635,1.) ;
#5677=VECTOR('Line Direction',#5676,1.) ;
#5691=VECTOR('Line Direction',#5690,1.) ;
#5751=VECTOR('Line Direction',#5750,1.) ;
#5758=VECTOR('Line Direction',#5757,1.) ;
#5864=VECTOR('Line Direction',#5863,1.) ;
#5869=VECTOR('Line Direction',#5868,1.) ;
#5881=VECTOR('Line Direction',#5880,1.) ;
#5897=VECTOR('Line Direction',#5896,1.) ;
#5924=ADVANCED_BREP_SHAPE_REPRESENTATION('NONE',(#5923),#45) ;
#48=SHAPE_REPRESENTATION(' ',(#47),#45) ;
#122=ADVANCED_FACE('\X2\52079664\X0\-\X2\62C94F38\X0\14',(#121),#55,.T.) ;
#171=ADVANCED_FACE('\X2\52079664\X0\-\X2\62C94F38\X0\14',(#152,#170),#127,.F.) ;
#220=ADVANCED_FACE('\X2\52079664\X0\-\X2\62C94F38\X0\14',(#201,#219),#176,.F.) ;
#274=ADVANCED_FACE('\X2\52079664\X0\-\X2\62C94F38\X0\14',(#273),#225,.T.) ;
#314=ADVANCED_FACE('\X2\52079664\X0\-\X2\62C94F38\X0\14',(#313),#279,.F.) ;
#331=ADVANCED_FACE('\X2\52079664\X0\-\X2\62C94F38\X0\14',(#330),#279,.F.) ;
#485=ADVANCED_FACE('\X2\52079664\X0\-\X2\62C94F38\X0\14',(#426,#480,#484),#336,.T.) ;
#571=ADVANCED_FACE('\X2\52079664\X0\-\X2\62C94F38\X0\14',(#548,#552,#570),#490,.F.) ;
#602=ADVANCED_FACE('\X2\52079664\X0\-\X2\62C94F38\X0\14',(#601),#576,.T.) ;
#626=ADVANCED_FACE('\X2\52079664\X0\-\X2\62C94F38\X0\14',(#625),#607,.T.) ;
#707=ADVANCED_FACE('\X2\52079664\X0\-\X2\62C94F38\X0\14',(#672,#706),#631,.T.) ;
#731=ADVANCED_FACE('\X2\52079664\X0\-\X2\62C94F38\X0\14',(#730),#712,.T.) ;
#755=ADVANCED_FACE('\X2\52079664\X0\-\X2\62C94F38\X0\14',(#754),#736,.F.) ;
#793=ADVANCED_FACE('\X2\52079664\X0\-\X2\62C94F38\X0\14',(#792),#760,.T.) ;
#874=ADVANCED_FACE('\X2\52079664\X0\-\X2\62C94F38\X0\14',(#839,#873),#798,.T.) ;
#898=ADVANCED_FACE('\X2\52079664\X0\-\X2\62C94F38\X0\14',(#897),#879,.T.) ;
#922=ADVANCED_FACE('\X2\52079664\X0\-\X2\62C94F38\X0\14',(#921),#903,.T.) ;
#939=ADVANCED_FACE('\X2\52079664\X0\-\X2\62C94F38\X0\14',(#938),#927,.T.) ;
#961=ADVANCED_FACE('\X2\52079664\X0\-\X2\62C94F38\X0\14',(#960),#944,.F.) ;
#968=ADVANCED_FACE('\X2\52079664\X0\-\X2\62C94F38\X0\14',(#967),#944,.F.) ;
#1025=ADVANCED_FACE('\X2\52079664\X0\-\X2\62C94F38\X0\14',(#1006,#1024),#973,.T.) ;
#1169=ADVANCED_FACE('\X2\52079664\X0\-\X2\62C94F38\X0\14',(#1168),#1030,.T.) ;
#1195=ADVANCED_FACE('\X2\52079664\X0\-\X2\62C94F38\X0\14',(#1194),#1174,.F.) ;
#1219=ADVANCED_FACE('\X2\52079664\X0\-\X2\62C94F38\X0\14',(#1218),#1200,.T.) ;
#1335=ADVANCED_FACE('\X2\52079664\X0\-\X2\62C94F38\X0\14',(#1300,#1334),#1224,.T.) ;
#1377=ADVANCED_FACE('\X2\52079664\X0\-\X2\62C94F38\X0\14',(#1376),#1340,.T.) ;
#1850=ADVANCED_FACE('\X2\52079664\X0\-\X2\62C94F38\X0\14',(#1713,#1747,#1849),#1224,.T.) ;
#1881=ADVANCED_FACE('\X2\52079664\X0\-\X2\62C94F38\X0\14',(#1880),#1855,.F.) ;
#1899=ADVANCED_FACE('\X2\52079664\X0\-\X2\62C94F38\X0\14',(#1898),#1224,.T.) ;
#1916=ADVANCED_FACE('\X2\52079664\X0\-\X2\62C94F38\X0\14',(#1915),#1904,.F.) ;
#1934=ADVANCED_FACE('\X2\52079664\X0\-\X2\62C94F38\X0\14',(#1933),#1921,.F.) ;
#1982=ADVANCED_FACE('\X2\52079664\X0\-\X2\62C94F38\X0\14',(#1981),#1939,.T.) ;
#2025=ADVANCED_FACE('\X2\52079664\X0\-\X2\62C94F38\X0\14',(#2006,#2024),#1987,.T.) ;
#2037=ADVANCED_FACE('\X2\52079664\X0\-\X2\62C94F38\X0\14',(#2036),#2030,.F.) ;
#2074=ADVANCED_FACE('\X2\52079664\X0\-\X2\62C94F38\X0\14',(#2073),#2042,.T.) ;
#2108=ADVANCED_FACE('\X2\52079664\X0\-\X2\62C94F38\X0\14',(#2107),#2079,.T.) ;
#2130=ADVANCED_FACE('\X2\52079664\X0\-\X2\62C94F38\X0\14',(#2129),#2113,.F.) ;
#2137=ADVANCED_FACE('\X2\52079664\X0\-\X2\62C94F38\X0\14',(#2136),#2113,.F.) ;
#2156=ADVANCED_FACE('\X2\52079664\X0\-\X2\62C94F38\X0\14',(#2155),#1855,.F.) ;
#2175=ADVANCED_FACE('\X2\52079664\X0\-\X2\62C94F38\X0\14',(#2174),#1921,.F.) ;
#2187=ADVANCED_FACE('\X2\52079664\X0\-\X2\62C94F38\X0\14',(#2186),#1904,.F.) ;
#2211=ADVANCED_FACE('\X2\52079664\X0\-\X2\62C94F38\X0\14',(#2210),#2192,.F.) ;
#2245=ADVANCED_FACE('\X2\52079664\X0\-\X2\62C94F38\X0\14',(#2244),#2216,.T.) ;
#2269=ADVANCED_FACE('\X2\52079664\X0\-\X2\62C94F38\X0\14',(#2268),#2250,.T.) ;
#2293=ADVANCED_FACE('\X2\52079664\X0\-\X2\62C94F38\X0\14',(#2292),#2274,.T.) ;
#2327=ADVANCED_FACE('\X2\52079664\X0\-\X2\62C94F38\X0\14',(#2326),#2298,.T.) ;
#2351=ADVANCED_FACE('\X2\52079664\X0\-\X2\62C94F38\X0\14',(#2350),#2332,.T.) ;
#2510=ADVANCED_FACE('\X2\52079664\X0\-\X2\62C94F38\X0\14',(#2401,#2455,#2509),#336,.T.) ;
#2527=ADVANCED_FACE('\X2\52079664\X0\-\X2\62C94F38\X0\14',(#2526),#2515,.T.) ;
#2620=ADVANCED_FACE('\X2\52079664\X0\-\X2\62C94F38\X0\14',(#2619),#2532,.T.) ;
#2644=ADVANCED_FACE('\X2\52079664\X0\-\X2\62C94F38\X0\14',(#2643),#2625,.T.) ;
#2754=ADVANCED_FACE('\X2\52079664\X0\-\X2\62C94F38\X0\14',(#2747,#2753),#2649,.T.) ;
#2771=ADVANCED_FACE('\X2\52079664\X0\-\X2\62C94F38\X0\14',(#2770),#2759,.T.) ;
#2778=ADVANCED_FACE('\X2\52079664\X0\-\X2\62C94F38\X0\14',(#2777),#903,.T.) ;
#2827=ADVANCED_FACE('\X2\52079664\X0\-\X2\62C94F38\X0\14',(#2808,#2826),#2783,.F.) ;
#2851=ADVANCED_FACE('\X2\52079664\X0\-\X2\62C94F38\X0\14',(#2850),#2832,.F.) ;
#2893=ADVANCED_FACE('\X2\52079664\X0\-\X2\62C94F38\X0\14',(#2874,#2892),#2856,.F.) ;
#2910=ADVANCED_FACE('\X2\52079664\X0\-\X2\62C94F38\X0\14',(#2909),#2898,.F.) ;
#2934=ADVANCED_FACE('\X2\52079664\X0\-\X2\62C94F38\X0\14',(#2933),#2915,.T.) ;
#2976=ADVANCED_FACE('\X2\52079664\X0\-\X2\62C94F38\X0\14',(#2957,#2975),#2939,.T.) ;
#3016=ADVANCED_FACE('\X2\52079664\X0\-\X2\62C94F38\X0\14',(#3015),#2981,.F.) ;
#3040=ADVANCED_FACE('\X2\52079664\X0\-\X2\62C94F38\X0\14',(#3039),#3021,.T.) ;
#3064=ADVANCED_FACE('\X2\52079664\X0\-\X2\62C94F38\X0\14',(#3063),#3045,.F.) ;
#3088=ADVANCED_FACE('\X2\52079664\X0\-\X2\62C94F38\X0\14',(#3087),#3069,.T.) ;
#3121=ADVANCED_FACE('\X2\52079664\X0\-\X2\62C94F38\X0\14',(#3120),#3093,.F.) ;
#3138=ADVANCED_FACE('\X2\52079664\X0\-\X2\62C94F38\X0\14',(#3137),#3126,.T.) ;
#3162=ADVANCED_FACE('\X2\52079664\X0\-\X2\62C94F38\X0\14',(#3161),#3143,.F.) ;
#3179=ADVANCED_FACE('\X2\52079664\X0\-\X2\62C94F38\X0\14',(#3178),#3167,.F.) ;
#3191=ADVANCED_FACE('\X2\52079664\X0\-\X2\62C94F38\X0\14',(#3190),#736,.F.) ;
#3203=ADVANCED_FACE('\X2\52079664\X0\-\X2\62C94F38\X0\14',(#3202),#3196,.T.) ;
#3227=ADVANCED_FACE('\X2\52079664\X0\-\X2\62C94F38\X0\14',(#3226),#3208,.T.) ;
#3285=ADVANCED_FACE('\X2\52079664\X0\-\X2\62C94F38\X0\14',(#3266,#3284),#3232,.T.) ;
#3317=ADVANCED_FACE('\X2\52079664\X0\-\X2\62C94F38\X0\14',(#3316),#3290,.T.) ;
#3341=ADVANCED_FACE('\X2\52079664\X0\-\X2\62C94F38\X0\14',(#3340),#3322,.T.) ;
#3383=ADVANCED_FACE('\X2\52079664\X0\-\X2\62C94F38\X0\14',(#3364,#3382),#3346,.T.) ;
#3406=ADVANCED_FACE('\X2\52079664\X0\-\X2\62C94F38\X0\14',(#3405),#3388,.T.) ;
#3423=ADVANCED_FACE('\X2\52079664\X0\-\X2\62C94F38\X0\14',(#3422),#3411,.T.) ;
#3468=ADVANCED_FACE('\X2\52079664\X0\-\X2\62C94F38\X0\14',(#3449,#3467),#3232,.T.) ;
#3485=ADVANCED_FACE('\X2\52079664\X0\-\X2\62C94F38\X0\14',(#3484),#3473,.T.) ;
#3502=ADVANCED_FACE('\X2\52079664\X0\-\X2\62C94F38\X0\14',(#3501),#3490,.T.) ;
#3587=ADVANCED_FACE('\X2\52079664\X0\-\X2\62C94F38\X0\14',(#3532,#3586),#3507,.F.) ;
#3611=ADVANCED_FACE('\X2\52079664\X0\-\X2\62C94F38\X0\14',(#3610),#3592,.F.) ;
#3635=ADVANCED_FACE('\X2\52079664\X0\-\X2\62C94F38\X0\14',(#3634),#3616,.F.) ;
#3659=ADVANCED_FACE('\X2\52079664\X0\-\X2\62C94F38\X0\14',(#3658),#3640,.F.) ;
#3701=ADVANCED_FACE('\X2\52079664\X0\-\X2\62C94F38\X0\14',(#3682,#3700),#3664,.F.) ;
#3725=ADVANCED_FACE('\X2\52079664\X0\-\X2\62C94F38\X0\14',(#3724),#3706,.F.) ;
#3749=ADVANCED_FACE('\X2\52079664\X0\-\X2\62C94F38\X0\14',(#3748),#3730,.F.) ;
#3766=ADVANCED_FACE('\X2\52079664\X0\-\X2\62C94F38\X0\14',(#3765),#3754,.F.) ;
#3777=ADVANCED_FACE('\X2\52079664\X0\-\X2\62C94F38\X0\14',(#3776),#336,.T.) ;
#3801=ADVANCED_FACE('\X2\52079664\X0\-\X2\62C94F38\X0\14',(#3800),#3782,.T.) ;
#3825=ADVANCED_FACE('\X2\52079664\X0\-\X2\62C94F38\X0\14',(#3824),#3806,.T.) ;
#3847=ADVANCED_FACE('\X2\52079664\X0\-\X2\62C94F38\X0\14',(#3846),#3830,.F.) ;
#3859=ADVANCED_FACE('\X2\52079664\X0\-\X2\62C94F38\X0\14',(#3858),#3852,.F.) ;
#3883=ADVANCED_FACE('\X2\52079664\X0\-\X2\62C94F38\X0\14',(#3882),#3864,.T.) ;
#3970=ADVANCED_FACE('\X2\52079664\X0\-\X2\62C94F38\X0\14',(#3935,#3969),#3888,.T.) ;
#3989=ADVANCED_FACE('\X2\52079664\X0\-\X2\62C94F38\X0\14',(#3988),#3045,.F.) ;
#4013=ADVANCED_FACE('\X2\52079664\X0\-\X2\62C94F38\X0\14',(#4012),#3994,.T.) ;
#4136=ADVANCED_FACE('\X2\52079664\X0\-\X2\62C94F38\X0\14',(#4089,#4107,#4125,#4135),#4018,.T.) ;
#4160=ADVANCED_FACE('\X2\52079664\X0\-\X2\62C94F38\X0\14',(#4159),#4141,.F.) ;
#4202=ADVANCED_FACE('\X2\52079664\X0\-\X2\62C94F38\X0\14',(#4183,#4201),#4165,.F.) ;
#4226=ADVANCED_FACE('\X2\52079664\X0\-\X2\62C94F38\X0\14',(#4225),#4207,.T.) ;
#4308=ADVANCED_FACE('\X2\52079664\X0\-\X2\62C94F38\X0\14',(#4273,#4307),#3888,.T.) ;
#4339=ADVANCED_FACE('\X2\52079664\X0\-\X2\62C94F38\X0\14',(#4338),#4313,.F.) ;
#4351=ADVANCED_FACE('\X2\52079664\X0\-\X2\62C94F38\X0\14',(#4350),#4313,.F.) ;
#4382=ADVANCED_FACE('\X2\52079664\X0\-\X2\62C94F38\X0\14',(#4381),#4356,.F.) ;
#4394=ADVANCED_FACE('\X2\52079664\X0\-\X2\62C94F38\X0\14',(#4393),#4356,.F.) ;
#4411=ADVANCED_FACE('\X2\52079664\X0\-\X2\62C94F38\X0\14',(#4410),#4399,.T.) ;
#4428=ADVANCED_FACE('\X2\52079664\X0\-\X2\62C94F38\X0\14',(#4427),#4416,.T.) ;
#4445=ADVANCED_FACE('\X2\52079664\X0\-\X2\62C94F38\X0\14',(#4444),#4433,.T.) ;
#4467=ADVANCED_FACE('\X2\52079664\X0\-\X2\62C94F38\X0\14',(#4466),#4450,.T.) ;
#4484=ADVANCED_FACE('\X2\52079664\X0\-\X2\62C94F38\X0\14',(#4483),#4472,.T.) ;
#4501=ADVANCED_FACE('\X2\52079664\X0\-\X2\62C94F38\X0\14',(#4500),#4489,.T.) ;
#4525=ADVANCED_FACE('\X2\52079664\X0\-\X2\62C94F38\X0\14',(#4524),#4506,.T.) ;
#4549=ADVANCED_FACE('\X2\52079664\X0\-\X2\62C94F38\X0\14',(#4548),#4530,.T.) ;
#4575=ADVANCED_FACE('\X2\52079664\X0\-\X2\62C94F38\X0\14',(#4574),#4433,.T.) ;
#4603=ADVANCED_FACE('\X2\52079664\X0\-\X2\62C94F38\X0\14',(#4602),#4580,.T.) ;
#4625=ADVANCED_FACE('\X2\52079664\X0\-\X2\62C94F38\X0\14',(#4624),#4608,.F.) ;
#4637=ADVANCED_FACE('\X2\52079664\X0\-\X2\62C94F38\X0\14',(#4636),#4630,.F.) ;
#4657=ADVANCED_FACE('\X2\52079664\X0\-\X2\62C94F38\X0\14',(#4656),#4642,.T.) ;
#4677=ADVANCED_FACE('\X2\52079664\X0\-\X2\62C94F38\X0\14',(#4676),#4662,.T.) ;
#4689=ADVANCED_FACE('\X2\52079664\X0\-\X2\62C94F38\X0\14',(#4688),#4682,.T.) ;
#4709=ADVANCED_FACE('\X2\52079664\X0\-\X2\62C94F38\X0\14',(#4708),#4694,.T.) ;
#4740=ADVANCED_FACE('\X2\52079664\X0\-\X2\62C94F38\X0\14',(#4739),#4714,.F.) ;
#4752=ADVANCED_FACE('\X2\52079664\X0\-\X2\62C94F38\X0\14',(#4751),#4714,.F.) ;
#4769=ADVANCED_FACE('\X2\52079664\X0\-\X2\62C94F38\X0\14',(#4768),#4757,.T.) ;
#4781=ADVANCED_FACE('\X2\52079664\X0\-\X2\62C94F38\X0\14',(#4780),#4774,.T.) ;
#4805=ADVANCED_FACE('\X2\52079664\X0\-\X2\62C94F38\X0\14',(#4804),#4786,.T.) ;
#4829=ADVANCED_FACE('\X2\52079664\X0\-\X2\62C94F38\X0\14',(#4828),#4810,.T.) ;
#4866=ADVANCED_FACE('\X2\52079664\X0\-\X2\62C94F38\X0\14',(#4865),#4834,.T.) ;
#4939=ADVANCED_FACE('\X2\52079664\X0\-\X2\62C94F38\X0\14',(#4938),#4871,.T.) ;
#4970=ADVANCED_FACE('\X2\52079664\X0\-\X2\62C94F38\X0\14',(#4969),#4944,.F.) ;
#4987=ADVANCED_FACE('\X2\52079664\X0\-\X2\62C94F38\X0\14',(#4986),#4975,.F.) ;
#5018=ADVANCED_FACE('\X2\52079664\X0\-\X2\62C94F38\X0\14',(#5017),#4992,.F.) ;
#5030=ADVANCED_FACE('\X2\52079664\X0\-\X2\62C94F38\X0\14',(#5029),#4992,.F.) ;
#5050=ADVANCED_FACE('\X2\52079664\X0\-\X2\62C94F38\X0\14',(#5049),#4810,.T.) ;
#5072=ADVANCED_FACE('\X2\52079664\X0\-\X2\62C94F38\X0\14',(#5071),#5055,.F.) ;
#5079=ADVANCED_FACE('\X2\52079664\X0\-\X2\62C94F38\X0\14',(#5078),#5055,.F.) ;
#5091=ADVANCED_FACE('\X2\52079664\X0\-\X2\62C94F38\X0\14',(#5090),#5084,.T.) ;
#5122=ADVANCED_FACE('\X2\52079664\X0\-\X2\62C94F38\X0\14',(#5121),#5096,.T.) ;
#5134=ADVANCED_FACE('\X2\52079664\X0\-\X2\62C94F38\X0\14',(#5133),#5096,.T.) ;
#5165=ADVANCED_FACE('\X2\52079664\X0\-\X2\62C94F38\X0\14',(#5164),#5139,.T.) ;
#5177=ADVANCED_FACE('\X2\52079664\X0\-\X2\62C94F38\X0\14',(#5176),#5139,.T.) ;
#5221=ADVANCED_FACE('\X2\52079664\X0\-\X2\62C94F38\X0\14',(#5220),#5182,.T.) ;
#5254=ADVANCED_FACE('\X2\52079664\X0\-\X2\62C94F38\X0\14',(#5253),#5226,.T.) ;
#5294=ADVANCED_FACE('\X2\52079664\X0\-\X2\62C94F38\X0\14',(#5293),#5259,.F.) ;
#5316=ADVANCED_FACE('\X2\52079664\X0\-\X2\62C94F38\X0\14',(#5315),#5299,.F.) ;
#5349=ADVANCED_FACE('\X2\52079664\X0\-\X2\62C94F38\X0\14',(#5348),#5321,.T.) ;
#5371=ADVANCED_FACE('\X2\52079664\X0\-\X2\62C94F38\X0\14',(#5370),#5354,.T.) ;
#5388=ADVANCED_FACE('\X2\52079664\X0\-\X2\62C94F38\X0\14',(#5387),#5376,.T.) ;
#5400=ADVANCED_FACE('\X2\52079664\X0\-\X2\62C94F38\X0\14',(#5399),#5393,.T.) ;
#5426=ADVANCED_FACE('\X2\52079664\X0\-\X2\62C94F38\X0\14',(#5425),#5405,.T.) ;
#5440=ADVANCED_FACE('\X2\52079664\X0\-\X2\62C94F38\X0\14',(#5439),#5226,.T.) ;
#5459=ADVANCED_FACE('\X2\52079664\X0\-\X2\62C94F38\X0\14',(#5458),#5445,.T.) ;
#5466=ADVANCED_FACE('\X2\52079664\X0\-\X2\62C94F38\X0\14',(#5465),#5354,.T.) ;
#5493=ADVANCED_FACE('\X2\52079664\X0\-\X2\62C94F38\X0\14',(#5492),#5471,.F.) ;
#5524=ADVANCED_FACE('\X2\52079664\X0\-\X2\62C94F38\X0\14',(#5523),#5498,.F.) ;
#5536=ADVANCED_FACE('\X2\52079664\X0\-\X2\62C94F38\X0\14',(#5535),#5498,.F.) ;
#5567=ADVANCED_FACE('\X2\52079664\X0\-\X2\62C94F38\X0\14',(#5566),#5541,.F.) ;
#5579=ADVANCED_FACE('\X2\52079664\X0\-\X2\62C94F38\X0\14',(#5578),#5541,.F.) ;
#5596=ADVANCED_FACE('\X2\52079664\X0\-\X2\62C94F38\X0\14',(#5595),#5584,.T.) ;
#5608=ADVANCED_FACE('\X2\52079664\X0\-\X2\62C94F38\X0\14',(#5607),#5601,.T.) ;
#5617=ADVANCED_FACE('\X2\52079664\X0\-\X2\62C94F38\X0\14',(#5612,#5616),#490,.F.) ;
#5626=ADVANCED_FACE('\X2\52079664\X0\-\X2\62C94F38\X0\14',(#5621,#5625),#490,.F.) ;
#5650=ADVANCED_FACE('\X2\52079664\X0\-\X2\62C94F38\X0\14',(#5645,#5649),#973,.T.) ;
#5674=ADVANCED_FACE('\X2\52079664\X0\-\X2\62C94F38\X0\14',(#5673),#5655,.T.) ;
#5717=ADVANCED_FACE('\X2\52079664\X0\-\X2\62C94F38\X0\14',(#5710,#5716),#3888,.T.) ;
#5731=ADVANCED_FACE('\X2\52079664\X0\-\X2\62C94F38\X0\14',(#5726,#5730),#5722,.T.) ;
#5748=ADVANCED_FACE('\X2\52079664\X0\-\X2\62C94F38\X0\14',(#5747),#5736,.T.) ;
#5767=ADVANCED_FACE('\X2\52079664\X0\-\X2\62C94F38\X0\14',(#5766),#1030,.T.) ;
#5777=ADVANCED_FACE('\X2\52079664\X0\-\X2\62C94F38\X0\14',(#5776),#5772,.F.) ;
#5794=ADVANCED_FACE('\X2\52079664\X0\-\X2\62C94F38\X0\14',(#5793),#5782,.T.) ;
#5808=ADVANCED_FACE('\X2\52079664\X0\-\X2\62C94F38\X0\14',(#5803,#5807),#5799,.T.) ;
#5820=ADVANCED_FACE('\X2\52079664\X0\-\X2\62C94F38\X0\14',(#5819),#2042,.T.) ;
#5837=ADVANCED_FACE('\X2\52079664\X0\-\X2\62C94F38\X0\14',(#5836),#5825,.T.) ;
#5844=ADVANCED_FACE('\X2\52079664\X0\-\X2\62C94F38\X0\14',(#5843),#2298,.T.) ;
#5856=ADVANCED_FACE('\X2\52079664\X0\-\X2\62C94F38\X0\14',(#5855),#5849,.T.) ;
#5878=ADVANCED_FACE('\X2\52079664\X0\-\X2\62C94F38\X0\14',(#5877),#5861,.T.) ;
#5894=ADVANCED_FACE('\X2\52079664\X0\-\X2\62C94F38\X0\14',(#5889,#5893),#176,.F.) ;
#5910=ADVANCED_FACE('\X2\52079664\X0\-\X2\62C94F38\X0\14',(#5905,#5909),#127,.F.) ;
#5922=ADVANCED_FACE('\X2\52079664\X0\-\X2\62C94F38\X0\14',(#5921),#5915,.T.) ;
#4=APPLICATION_PROTOCOL_DEFINITION('international standard','config_control_design',1994,#1) ;
#32=APPROVAL_DATE_TIME(#13,#21) ;
#427=B_SPLINE_CURVE_WITH_KNOTS('',5,(#428,#429,#430,#431,#432,#433,#434,#435,#436,#437,#438,#439,#440,#441,#442,#443,#444,#445,#446,#447,#448),.UNSPECIFIED.,.F.,.U.,(6,3,3,3,3,3,6),(0.,1.27276333232,2.54552666514,3.8182899936,5.09105330516,6.36381662337,6.66405460259),.UNSPECIFIED.) ;
#454=B_SPLINE_CURVE_WITH_KNOTS('',5,(#455,#456,#457,#458,#459,#460,#461,#462,#463,#464,#465,#466,#467,#468,#469,#470,#471,#472,#473,#474,#475),.UNSPECIFIED.,.F.,.U.,(6,3,3,3,3,3,6),(0.,1.27276333371,2.54552667015,3.81829000312,5.09105333848,6.36381665855,6.66405463777),.UNSPECIFIED.) ;
#761=B_SPLINE_CURVE_WITH_KNOTS('',5,(#762,#763,#764,#765,#766,#767),.UNSPECIFIED.,.F.,.U.,(6,6),(-2.35619449019,2.35619449019),.UNSPECIFIED.) ;
#771=B_SPLINE_CURVE_WITH_KNOTS('',4,(#772,#773,#774,#775,#776),.UNSPECIFIED.,.F.,.U.,(5,5),(-1.24327358818,1.24327358818),.UNSPECIFIED.) ;
#1075=B_SPLINE_CURVE_WITH_KNOTS('',5,(#1076,#1077,#1078,#1079,#1080,#1081,#1082,#1083,#1084,#1085,#1086,#1087),.UNSPECIFIED.,.F.,.U.,(6,3,3,6),(0.,3.87292075078,7.74584150644,11.1070504393),.UNSPECIFIED.) ;
#1246=B_SPLINE_CURVE_WITH_KNOTS('',5,(#1247,#1248,#1249,#1250,#1251,#1252,#1253,#1254,#1255,#1256,#1257,#1258),.UNSPECIFIED.,.F.,.U.,(6,3,3,6),(0.,2.39995622801,4.7999124599,6.66422387781),.UNSPECIFIED.) ;
#1269=B_SPLINE_CURVE_WITH_KNOTS('',5,(#1270,#1271,#1272,#1273,#1274,#1275,#1276,#1277,#1278,#1279,#1280,#1281),.UNSPECIFIED.,.F.,.U.,(6,3,3,6),(0.,2.39995623634,4.79991245108,6.66422384994),.UNSPECIFIED.) ;
#1341=B_SPLINE_CURVE_WITH_KNOTS('',4,(#1342,#1343,#1344,#1345,#1346),.UNSPECIFIED.,.F.,.U.,(5,5),(0.,7.43549351173),.UNSPECIFIED.) ;
#1385=B_SPLINE_CURVE_WITH_KNOTS('',5,(#1386,#1387,#1388,#1389,#1390,#1391,#1392,#1393,#1394,#1395,#1396,#1397,#1398,#1399,#1400),.UNSPECIFIED.,.F.,.U.,(6,3,3,3,6),(0.,0.692813008353,1.3856260062,2.07843900183,2.22138906115),.UNSPECIFIED.) ;
#1411=B_SPLINE_CURVE_WITH_KNOTS('',5,(#1412,#1413,#1414,#1415,#1416,#1417,#1418,#1419,#1420,#1421,#1422,#1423,#1424,#1425,#1426),.UNSPECIFIED.,.F.,.U.,(6,3,3,3,6),(0.,0.692813016574,1.3856260342,2.0784390763,2.22138913569),.UNSPECIFIED.) ;
#1442=B_SPLINE_CURVE_WITH_KNOTS('',5,(#1443,#1444,#1445,#1446,#1447,#1448,#1449,#1450,#1451,#1452,#1453,#1454,#1455,#1456,#1457),.UNSPECIFIED.,.F.,.U.,(6,3,3,3,6),(0.,0.692813008357,1.3856260062,2.07843900186,2.22138906118),.UNSPECIFIED.) ;
#1473=B_SPLINE_CURVE_WITH_KNOTS('',5,(#1474,#1475,#1476,#1477,#1478,#1479,#1480,#1481,#1482,#1483,#1484,#1485),.UNSPECIFIED.,.F.,.U.,(6,3,3,6),(0.,6.57261375278,13.1452275092,14.8135438655),.UNSPECIFIED.) ;
#1496=B_SPLINE_CURVE_WITH_KNOTS('',5,(#1497,#1498,#1499,#1500,#1501,#1502,#1503,#1504,#1505),.UNSPECIFIED.,.F.,.U.,(6,3,6),(0.,6.57261375901,7.40015702842),.UNSPECIFIED.) ;
#1526=B_SPLINE_CURVE_WITH_KNOTS('',5,(#1527,#1528,#1529,#1530,#1531,#1532,#1533,#1534,#1535,#1536,#1537,#1538),.UNSPECIFIED.,.F.,.U.,(6,3,3,6),(0.,2.39995622584,4.79991247056,6.66422387897),.UNSPECIFIED.) ;
#1549=B_SPLINE_CURVE_WITH_KNOTS('',5,(#1550,#1551,#1552,#1553,#1554,#1555,#1556,#1557,#1558,#1559,#1560,#1561),.UNSPECIFIED.,.F.,.U.,(6,3,3,6),(0.,2.39995622911,4.79991245503,6.66422385177),.UNSPECIFIED.) ;
#1642=B_SPLINE_CURVE_WITH_KNOTS('',5,(#1643,#1644,#1645,#1646,#1647,#1648,#1649,#1650,#1651,#1652,#1653,#1654,#1655,#1656,#1657),.UNSPECIFIED.,.F.,.U.,(6,3,3,3,6),(0.,0.692813016618,1.38562603423,2.07843907633,2.22138913572),.UNSPECIFIED.) ;
#1757=B_SPLINE_CURVE_WITH_KNOTS('',5,(#1758,#1759,#1760,#1761,#1762,#1763,#1764,#1765,#1766,#1767,#1768,#1769),.UNSPECIFIED.,.F.,.U.,(6,3,3,6),(0.,2.39995622444,4.79991244712,6.66422384938),.UNSPECIFIED.) ;
#1780=B_SPLINE_CURVE_WITH_KNOTS('',5,(#1781,#1782,#1783,#1784,#1785,#1786,#1787,#1788,#1789,#1790,#1791,#1792),.UNSPECIFIED.,.F.,.U.,(6,3,3,6),(0.,2.39995622447,4.79991244717,6.66422384943),.UNSPECIFIED.) ;
#1803=B_SPLINE_CURVE_WITH_KNOTS('',5,(#1804,#1805,#1806,#1807,#1808,#1809,#1810,#1811,#1812,#1813,#1814,#1815),.UNSPECIFIED.,.F.,.U.,(6,3,3,6),(0.,2.39995622445,4.79991244706,6.6642238493),.UNSPECIFIED.) ;
#1826=B_SPLINE_CURVE_WITH_KNOTS('',5,(#1827,#1828,#1829,#1830,#1831,#1832,#1833,#1834,#1835,#1836,#1837,#1838),.UNSPECIFIED.,.F.,.U.,(6,3,3,6),(0.,2.39995622454,4.79991244731,6.66422384955),.UNSPECIFIED.) ;
#2043=B_SPLINE_CURVE_WITH_KNOTS('',5,(#2044,#2045,#2046,#2047,#2048,#2049),.UNSPECIFIED.,.F.,.U.,(6,6),(0.,2.24146721759),.UNSPECIFIED.) ;
#2053=B_SPLINE_CURVE_WITH_KNOTS('',5,(#2054,#2055,#2056,#2057,#2058,#2059),.UNSPECIFIED.,.F.,.U.,(6,6),(0.,2.8602619175),.UNSPECIFIED.) ;
#2094=B_SPLINE_CURVE_WITH_KNOTS('',5,(#2095,#2096,#2097,#2098,#2099,#2100),.UNSPECIFIED.,.F.,.U.,(6,6),(0.,4.59140148512),.UNSPECIFIED.) ;
#2224=B_SPLINE_CURVE_WITH_KNOTS('',5,(#2225,#2226,#2227,#2228,#2229,#2230),.UNSPECIFIED.,.F.,.U.,(6,6),(-1.57079632679,1.57079632679),.UNSPECIFIED.) ;
#2313=B_SPLINE_CURVE_WITH_KNOTS('',5,(#2314,#2315,#2316,#2317,#2318,#2319),.UNSPECIFIED.,.F.,.U.,(6,6),(0.,2.85829674798),.UNSPECIFIED.) ;
#2402=B_SPLINE_CURVE_WITH_KNOTS('',5,(#2403,#2404,#2405,#2406,#2407,#2408,#2409,#2410,#2411,#2412,#2413,#2414,#2415,#2416,#2417,#2418,#2419,#2420,#2421,#2422,#2423),.UNSPECIFIED.,.F.,.U.,(6,3,3,3,3,3,6),(0.,1.27276333364,2.54552667007,3.81829000304,5.0910533384,6.36381665856,6.66405463777),.UNSPECIFIED.) ;
#2429=B_SPLINE_CURVE_WITH_KNOTS('',5,(#2430,#2431,#2432,#2433,#2434,#2435,#2436,#2437,#2438,#2439,#2440,#2441,#2442,#2443,#2444,#2445,#2446,#2447,#2448,#2449,#2450),.UNSPECIFIED.,.F.,.U.,(6,3,3,3,3,3,6),(0.,1.27276333234,2.54552666516,3.81828999362,5.09105330519,6.36381662336,6.66405460257),.UNSPECIFIED.) ;
#2456=B_SPLINE_CURVE_WITH_KNOTS('',5,(#2457,#2458,#2459,#2460,#2461,#2462,#2463,#2464,#2465,#2466,#2467,#2468,#2469,#2470,#2471,#2472,#2473,#2474,#2475,#2476,#2477),.UNSPECIFIED.,.F.,.U.,(6,3,3,3,3,3,6),(0.,1.27276333364,2.5455266701,3.8182900031,5.09105333845,6.36381665858,6.66405463779),.UNSPECIFIED.) ;
#2483=B_SPLINE_CURVE_WITH_KNOTS('',5,(#2484,#2485,#2486,#2487,#2488,#2489,#2490,#2491,#2492,#2493,#2494,#2495,#2496,#2497,#2498,#2499,#2500,#2501,#2502,#2503,#2504),.UNSPECIFIED.,.F.,.U.,(6,3,3,3,3,3,6),(0.,1.27276333235,2.54552666523,3.81828999365,5.09105330522,6.36381662335,6.66405460256),.UNSPECIFIED.) ;
#2542=B_SPLINE_CURVE_WITH_KNOTS('',5,(#2543,#2544,#2545,#2546,#2547,#2548),.UNSPECIFIED.,.F.,.U.,(6,6),(0.,3.27868458128),.UNSPECIFIED.) ;
#2559=B_SPLINE_CURVE_WITH_KNOTS('',5,(#2560,#2561,#2562,#2563,#2564,#2565,#2566,#2567,#2568,#2569,#2570,#2571,#2572,#2573,#2574,#2575,#2576,#2577,#2578,#2579,#2580,#2581,#2582,#2583,#2584,#2585,#2586),.UNSPECIFIED.,.F.,.U.,(6,3,3,3,3,3,3,3,6),(0.,1.04932317755,1.63503067715,2.24949127146,2.88723808901,4.20112820584,4.85971580364,5.51480939344,6.36300011158),.UNSPECIFIED.) ;
#2595=B_SPLINE_CURVE_WITH_KNOTS('',5,(#2596,#2597,#2598,#2599,#2600,#2601,#2602,#2603,#2604,#2605,#2606,#2607),.UNSPECIFIED.,.F.,.U.,(6,3,3,6),(0.,1.46259947585,3.06583452536,4.6020908348),.UNSPECIFIED.) ;
#2674=B_SPLINE_CURVE_WITH_KNOTS('',5,(#2675,#2676,#2677,#2678,#2679,#2680,#2681,#2682,#2683,#2684,#2685,#2686),.UNSPECIFIED.,.F.,.U.,(6,3,3,6),(0.,3.87292075073,7.74584150649,11.1070504394),.UNSPECIFIED.) ;
#2697=B_SPLINE_CURVE_WITH_KNOTS('',5,(#2698,#2699,#2700,#2701,#2702,#2703,#2704,#2705,#2706,#2707,#2708,#2709),.UNSPECIFIED.,.F.,.U.,(6,3,3,6),(0.,3.87292075084,7.74584150661,11.1070504396),.UNSPECIFIED.) ;
#3533=B_SPLINE_CURVE_WITH_KNOTS('',5,(#3534,#3535,#3536,#3537,#3538,#3539,#3540,#3541,#3542,#3543,#3544,#3545,#3546,#3547,#3548,#3549,#3550,#3551,#3552,#3553,#3554),.UNSPECIFIED.,.F.,.U.,(6,3,3,3,3,3,6),(0.,3.8729207508,7.74584150659,11.618762275,15.4916830253,19.3646037579,22.2140874914),.UNSPECIFIED.) ;
#3560=B_SPLINE_CURVE_WITH_KNOTS('',5,(#3561,#3562,#3563,#3564,#3565,#3566,#3567,#3568,#3569,#3570,#3571,#3572,#3573,#3574,#3575,#3576,#3577,#3578,#3579,#3580,#3581),.UNSPECIFIED.,.F.,.U.,(6,3,3,3,3,3,6),(0.,3.87292075073,7.74584150649,11.6187622749,15.4916830252,19.3646037578,22.2140874913),.UNSPECIFIED.) ;
#3889=B_SPLINE_CURVE_WITH_KNOTS('',5,(#3890,#3891,#3892,#3893,#3894,#3895,#3896,#3897,#3898,#3899,#3900,#3901,#3902,#3903,#3904),.UNSPECIFIED.,.F.,.U.,(6,3,3,3,6),(0.,1.46967440816,2.93934882256,4.40902320848,4.44282450959),.UNSPECIFIED.) ;
#4059=B_SPLINE_CURVE_WITH_KNOTS('',5,(#4060,#4061,#4062,#4063,#4064,#4065,#4066,#4067,#4068,#4069,#4070,#4071),.UNSPECIFIED.,.F.,.U.,(6,3,3,6),(0.,8.3999074352,16.7998148531,17.7767174321),.UNSPECIFIED.) ;
#4227=B_SPLINE_CURVE_WITH_KNOTS('',5,(#4228,#4229,#4230,#4231,#4232,#4233,#4234,#4235,#4236,#4237,#4238,#4239,#4240,#4241,#4242),.UNSPECIFIED.,.F.,.U.,(6,3,3,3,6),(0.,1.4696744082,2.93934882259,4.40902320856,4.44282450968),.UNSPECIFIED.) ;
#4581=B_SPLINE_CURVE_WITH_KNOTS('',5,(#4582,#4583,#4584,#4585,#4586,#4587),.UNSPECIFIED.,.F.,.U.,(6,6),(0.,2.86026188656),.UNSPECIFIED.) ;
#4589=B_SPLINE_CURVE_WITH_KNOTS('',5,(#4590,#4591,#4592,#4593,#4594,#4595),.UNSPECIFIED.,.F.,.U.,(6,6),(0.,2.86026188654),.UNSPECIFIED.) ;
#4643=B_SPLINE_CURVE_WITH_KNOTS('',5,(#4644,#4645,#4646,#4647,#4648,#4649),.UNSPECIFIED.,.F.,.U.,(6,6),(0.,2.85829677338),.UNSPECIFIED.) ;
#4663=B_SPLINE_CURVE_WITH_KNOTS('',5,(#4664,#4665,#4666,#4667,#4668,#4669),.UNSPECIFIED.,.F.,.U.,(6,6),(0.,2.85829679368),.UNSPECIFIED.) ;
#4695=B_SPLINE_CURVE_WITH_KNOTS('',5,(#4696,#4697,#4698,#4699,#4700,#4701),.UNSPECIFIED.,.F.,.U.,(6,6),(-1.57079632679,1.57079632679),.UNSPECIFIED.) ;
#4849=B_SPLINE_CURVE_WITH_KNOTS('',5,(#4850,#4851,#4852,#4853,#4854,#4855,#4856,#4857,#4858),.UNSPECIFIED.,.F.,.U.,(6,3,6),(0.,3.12329999754,5.73309315059),.UNSPECIFIED.) ;
#4881=B_SPLINE_CURVE_WITH_KNOTS('',5,(#4882,#4883,#4884,#4885,#4886,#4887),.UNSPECIFIED.,.F.,.U.,(6,6),(0.,0.788150016915),.UNSPECIFIED.) ;
#4896=B_SPLINE_CURVE_WITH_KNOTS('',5,(#4897,#4898,#4899,#4900,#4901,#4902,#4903,#4904,#4905,#4906,#4907,#4908),.UNSPECIFIED.,.F.,.U.,(6,3,3,6),(0.,1.52324545437,3.17170861577,5.73554822942),.UNSPECIFIED.) ;
#4919=B_SPLINE_CURVE_WITH_KNOTS('',5,(#4920,#4921,#4922,#4923,#4924,#4925),.UNSPECIFIED.,.F.,.U.,(6,6),(0.,1.10524042929),.UNSPECIFIED.) ;
#5036=B_SPLINE_CURVE_WITH_KNOTS('',5,(#5037,#5038,#5039,#5040,#5041,#5042),.UNSPECIFIED.,.F.,.U.,(6,6),(0.,2.24937068699),.UNSPECIFIED.) ;
#5183=B_SPLINE_CURVE_WITH_KNOTS('',4,(#5184,#5185,#5186,#5187,#5188),.UNSPECIFIED.,.F.,.U.,(5,5),(0.964822603386,2.85829674793),.UNSPECIFIED.) ;
#5201=B_SPLINE_CURVE_WITH_KNOTS('',4,(#5202,#5203,#5204,#5205,#5206),.UNSPECIFIED.,.F.,.U.,(5,5),(0.964822620287,2.85829680878),.UNSPECIFIED.) ;
#5234=B_SPLINE_CURVE_WITH_KNOTS('',4,(#5235,#5236,#5237,#5238,#5239),.UNSPECIFIED.,.F.,.U.,(5,5),(0.,1.89557644775),.UNSPECIFIED.) ;
#5329=B_SPLINE_CURVE_WITH_KNOTS('',4,(#5330,#5331,#5332,#5333,#5334),.UNSPECIFIED.,.F.,.U.,(5,5),(0.,1.89557644782),.UNSPECIFIED.) ;
#5406=B_SPLINE_CURVE_WITH_KNOTS('',4,(#5407,#5408,#5409,#5410,#5411),.UNSPECIFIED.,.F.,.U.,(5,5),(0.,1.89557643542),.UNSPECIFIED.) ;
#5413=B_SPLINE_CURVE_WITH_KNOTS('',4,(#5414,#5415,#5416,#5417,#5418),.UNSPECIFIED.,.F.,.U.,(5,5),(0.,1.89557644778),.UNSPECIFIED.) ;
#5427=B_SPLINE_CURVE_WITH_KNOTS('',4,(#5428,#5429,#5430,#5431,#5432),.UNSPECIFIED.,.F.,.U.,(5,5),(0.964823702792,2.85829674784),.UNSPECIFIED.) ;
#5446=B_SPLINE_CURVE_WITH_KNOTS('',4,(#5447,#5448,#5449,#5450,#5451),.UNSPECIFIED.,.F.,.U.,(5,5),(0.964823704658,2.85829674803),.UNSPECIFIED.) ;
#5477=B_SPLINE_CURVE_WITH_KNOTS('',5,(#5478,#5479,#5480,#5481,#5482,#5483),.UNSPECIFIED.,.F.,.U.,(6,6),(0.,6.41324493562),.UNSPECIFIED.) ;
#5923=MANIFOLD_SOLID_BREP('\X2\52079664\X0\-\X2\62C94F38\X0\14',#50) ;
#11=CALENDAR_DATE(2026,18,5) ;
#30=CC_DESIGN_APPROVAL(#21,(#16,#6,#14)) ;
#18=CC_DESIGN_DATE_AND_TIME_ASSIGNMENT(#13,#17,(#16)) ;
#29=CC_DESIGN_DATE_AND_TIME_ASSIGNMENT(#13,#28,(#14)) ;
#17=DATE_TIME_ROLE('classification_date') ;
#28=DATE_TIME_ROLE('creation_date') ;
#27=CC_DESIGN_PERSON_AND_ORGANIZATION_ASSIGNMENT(#25,#26,(#16)) ;
#33=CC_DESIGN_PERSON_AND_ORGANIZATION_ASSIGNMENT(#25,#34,(#6)) ;
#35=CC_DESIGN_PERSON_AND_ORGANIZATION_ASSIGNMENT(#25,#36,(#6,#14)) ;
#37=CC_DESIGN_PERSON_AND_ORGANIZATION_ASSIGNMENT(#25,#38,(#5)) ;
#26=PERSON_AND_ORGANIZATION_ROLE('classification_officer') ;
#34=PERSON_AND_ORGANIZATION_ROLE('design_supplier') ;
#36=PERSON_AND_ORGANIZATION_ROLE('creator') ;
#38=PERSON_AND_ORGANIZATION_ROLE('design_owner') ;
#39=CC_DESIGN_SECURITY_CLASSIFICATION(#16,(#6)) ;
#156=CIRCLE('generated circle',#155,1.) ;
#165=CIRCLE('generated circle',#164,1.) ;
#205=CIRCLE('generated circle',#204,1.) ;
#214=CIRCLE('generated circle',#213,1.) ;
#283=CIRCLE('generated circle',#282,1.5) ;
#299=CIRCLE('generated circle',#298,1.5) ;
#318=CIRCLE('generated circle',#317,1.5) ;
#323=CIRCLE('generated circle',#322,1.5) ;
#349=CIRCLE('generated circle',#348,3.0000000077) ;
#363=CIRCLE('generated circle',#362,2.9999999936) ;
#377=CIRCLE('generated circle',#376,3.00000000097) ;
#384=CIRCLE('generated circle',#383,3.00000000097) ;
#398=CIRCLE('generated circle',#397,3.00000000369) ;
#412=CIRCLE('generated circle',#411,2.99999999994) ;
#510=CIRCLE('generated circle',#509,2.00000000004) ;
#517=CIRCLE('generated circle',#516,2.00000000004) ;
#556=CIRCLE('generated circle',#555,1.5) ;
#565=CIRCLE('generated circle',#564,1.5) ;
#611=CIRCLE('generated circle',#610,3.) ;
#716=CIRCLE('generated circle',#715,3.) ;
#883=CIRCLE('generated circle',#882,3.) ;
#931=CIRCLE('generated circle',#930,3.) ;
#1010=CIRCLE('generated circle',#1009,1.) ;
#1019=CIRCLE('generated circle',#1018,1.) ;
#1178=CIRCLE('generated circle',#1177,2.) ;
#1185=CIRCLE('generated circle',#1184,2.) ;
#1235=CIRCLE('generated circle',#1234,3.00000000312) ;
#1353=CIRCLE('generated circle',#1352,10.) ;
#1367=CIRCLE('generated circle',#1366,10.) ;
#1575=CIRCLE('generated circle',#1574,3.00000000312) ;
#1596=CIRCLE('generated circle',#1595,10.0000000122) ;
#1610=CIRCLE('generated circle',#1609,10.0000000122) ;
#1631=CIRCLE('generated circle',#1630,3.00000000312) ;
#2010=CIRCLE('generated circle',#2009,1.) ;
#2019=CIRCLE('generated circle',#2018,1.) ;
#2083=CIRCLE('generated circle',#2082,2.) ;
#2203=CIRCLE('generated circle',#2202,10.) ;
#2220=CIRCLE('generated circle',#2219,2.) ;
#2254=CIRCLE('generated circle',#2253,2.) ;
#2261=CIRCLE('generated circle',#2260,3.) ;
#2285=CIRCLE('generated circle',#2284,2.) ;
#2302=CIRCLE('generated circle',#2301,1.) ;
#2343=CIRCLE('generated circle',#2342,3.) ;
#2364=CIRCLE('generated circle',#2363,3.00000000312) ;
#2378=CIRCLE('generated circle',#2377,3.00000000312) ;
#2390=CIRCLE('generated circle',#2389,2.99999999994) ;
#2629=CIRCLE('generated circle',#2628,3.) ;
#2812=CIRCLE('generated circle',#2811,1.) ;
#2821=CIRCLE('generated circle',#2820,1.) ;
#2878=CIRCLE('generated circle',#2877,1.) ;
#2887=CIRCLE('generated circle',#2886,1.) ;
#2919=CIRCLE('generated circle',#2918,2.) ;
#2926=CIRCLE('generated circle',#2925,8.) ;
#2961=CIRCLE('generated circle',#2960,2.5) ;
#2970=CIRCLE('generated circle',#2969,2.5) ;
#3025=CIRCLE('generated circle',#3024,1.) ;
#3073=CIRCLE('generated circle',#3072,1.) ;
#3130=CIRCLE('generated circle',#3129,1.) ;
#3147=CIRCLE('generated circle',#3146,10.) ;
#3212=CIRCLE('generated circle',#3211,3.) ;
#3270=CIRCLE('generated circle',#3269,1.) ;
#3279=CIRCLE('generated circle',#3278,1.) ;
#3326=CIRCLE('generated circle',#3325,10.) ;
#3368=CIRCLE('generated circle',#3367,2.5) ;
#3377=CIRCLE('generated circle',#3376,2.5) ;
#3397=CIRCLE('generated circle',#3396,10.) ;
#3453=CIRCLE('generated circle',#3452,1.) ;
#3462=CIRCLE('generated circle',#3461,1.) ;
#3477=CIRCLE('generated circle',#3476,3.) ;
#3494=CIRCLE('generated circle',#3493,1.) ;
#3596=CIRCLE('generated circle',#3595,3.) ;
#3644=CIRCLE('generated circle',#3643,3.) ;
#3686=CIRCLE('generated circle',#3685,5.) ;
#3695=CIRCLE('generated circle',#3694,5.) ;
#3710=CIRCLE('generated circle',#3709,3.) ;
#3758=CIRCLE('generated circle',#3757,3.) ;
#3786=CIRCLE('generated circle',#3785,1.) ;
#3817=CIRCLE('generated circle',#3816,1.) ;
#3868=CIRCLE('generated circle',#3867,1.) ;
#3875=CIRCLE('generated circle',#3874,1.) ;
#3918=CIRCLE('generated circle',#3917,1.000000003) ;
#3998=CIRCLE('generated circle',#3997,2.) ;
#4005=CIRCLE('generated circle',#4004,12.) ;
#4093=CIRCLE('generated circle',#4092,3.5) ;
#4102=CIRCLE('generated circle',#4101,3.5) ;
#4111=CIRCLE('generated circle',#4110,3.5) ;
#4120=CIRCLE('generated circle',#4119,3.5) ;
#4152=CIRCLE('generated circle',#4151,3.) ;
#4187=CIRCLE('generated circle',#4186,1.) ;
#4196=CIRCLE('generated circle',#4195,1.) ;
#4211=CIRCLE('generated circle',#4210,1.) ;
#4218=CIRCLE('generated circle',#4217,1.) ;
#4256=CIRCLE('generated circle',#4255,1.00000000316) ;
#4331=CIRCLE('generated circle',#4330,1.5) ;
#4343=CIRCLE('generated circle',#4342,1.5) ;
#4374=CIRCLE('generated circle',#4373,1.5) ;
#4386=CIRCLE('generated circle',#4385,1.5) ;
#4403=CIRCLE('generated circle',#4402,2.) ;
#4420=CIRCLE('generated circle',#4419,1.) ;
#4437=CIRCLE('generated circle',#4436,1.) ;
#4454=CIRCLE('generated circle',#4453,2.) ;
#4459=CIRCLE('generated circle',#4458,2.) ;
#4476=CIRCLE('generated circle',#4475,2.) ;
#4493=CIRCLE('generated circle',#4492,2.) ;
#4510=CIRCLE('generated circle',#4509,3.) ;
#4517=CIRCLE('generated circle',#4516,2.) ;
#4541=CIRCLE('generated circle',#4540,2.) ;
#4562=CIRCLE('generated circle',#4561,1.) ;
#4567=CIRCLE('generated circle',#4566,1.) ;
#4725=CIRCLE('generated circle',#4724,2.5) ;
#4744=CIRCLE('generated circle',#4743,2.5) ;
#4761=CIRCLE('generated circle',#4760,2.) ;
#4790=CIRCLE('generated circle',#4789,2.) ;
#4797=CIRCLE('generated circle',#4796,1.) ;
#4821=CIRCLE('generated circle',#4820,1.) ;
#4838=CIRCLE('generated circle',#4837,2.) ;
#4948=CIRCLE('generated circle',#4947,1.) ;
#4979=CIRCLE('generated circle',#4978,1.) ;
#5003=CIRCLE('generated circle',#5002,2.5) ;
#5022=CIRCLE('generated circle',#5021,2.5) ;
#5034=CIRCLE('generated circle',#5033,1.) ;
#5100=CIRCLE('generated circle',#5099,5.) ;
#5126=CIRCLE('generated circle',#5125,5.) ;
#5150=CIRCLE('generated circle',#5149,5.) ;
#5169=CIRCLE('generated circle',#5168,5.) ;
#5263=CIRCLE('generated circle',#5262,1.) ;
#5279=CIRCLE('generated circle',#5278,1.) ;
#5303=CIRCLE('generated circle',#5302,1.) ;
#5308=CIRCLE('generated circle',#5307,1.) ;
#5380=CIRCLE('generated circle',#5379,1.) ;
#5509=CIRCLE('generated circle',#5508,3.5) ;
#5528=CIRCLE('generated circle',#5527,3.5) ;
#5552=CIRCLE('generated circle',#5551,3.5) ;
#5571=CIRCLE('generated circle',#5570,3.5) ;
#5588=CIRCLE('generated circle',#5587,1.) ;
#5659=CIRCLE('generated circle',#5658,1.) ;
#5666=CIRCLE('generated circle',#5665,1.) ;
#5685=CIRCLE('generated circle',#5684,1.00000000316) ;
#5699=CIRCLE('generated circle',#5698,1.00000000316) ;
#5740=CIRCLE('generated circle',#5739,1.) ;
#5786=CIRCLE('generated circle',#5785,2.) ;
#5812=CIRCLE('generated circle',#5811,1.) ;
#5829=CIRCLE('generated circle',#5828,1.) ;
#5925=SHAPE_REPRESENTATION_RELATIONSHIP(' ',' ',#48,#5924) ;
#279=CYLINDRICAL_SURFACE('generated cylinder',#278,1.5) ;
#607=CYLINDRICAL_SURFACE('generated cylinder',#606,3.) ;
#712=CYLINDRICAL_SURFACE('generated cylinder',#711,3.) ;
#760=CYLINDRICAL_SURFACE('generated cylinder',#759,3.) ;
#879=CYLINDRICAL_SURFACE('generated cylinder',#878,3.) ;
#927=CYLINDRICAL_SURFACE('generated cylinder',#926,3.) ;
#944=CYLINDRICAL_SURFACE('generated cylinder',#943,1.5) ;
#1174=CYLINDRICAL_SURFACE('generated cylinder',#1173,2.) ;
#1340=CYLINDRICAL_SURFACE('generated cylinder',#1339,10.) ;
#2042=CYLINDRICAL_SURFACE('generated cylinder',#2041,1.) ;
#2079=CYLINDRICAL_SURFACE('generated cylinder',#2078,2.) ;
#2113=CYLINDRICAL_SURFACE('generated cylinder',#2112,1.) ;
#2192=CYLINDRICAL_SURFACE('generated cylinder',#2191,10.) ;
#2216=CYLINDRICAL_SURFACE('generated cylinder',#2215,2.) ;
#2274=CYLINDRICAL_SURFACE('generated cylinder',#2273,2.) ;
#2298=CYLINDRICAL_SURFACE('generated cylinder',#2297,1.) ;
#2332=CYLINDRICAL_SURFACE('generated cylinder',#2331,3.) ;
#2515=CYLINDRICAL_SURFACE('generated cylinder',#2514,3.) ;
#2625=CYLINDRICAL_SURFACE('generated cylinder',#2624,3.) ;
#2759=CYLINDRICAL_SURFACE('generated cylinder',#2758,3.) ;
#3021=CYLINDRICAL_SURFACE('generated cylinder',#3020,1.) ;
#3069=CYLINDRICAL_SURFACE('generated cylinder',#3068,1.) ;
#3126=CYLINDRICAL_SURFACE('generated cylinder',#3125,1.) ;
#3143=CYLINDRICAL_SURFACE('generated cylinder',#3142,10.) ;
#3196=CYLINDRICAL_SURFACE('generated cylinder',#3195,3.) ;
#3208=CYLINDRICAL_SURFACE('generated cylinder',#3207,3.) ;
#3322=CYLINDRICAL_SURFACE('generated cylinder',#3321,10.) ;
#3388=CYLINDRICAL_SURFACE('generated cylinder',#3387,10.) ;
#3473=CYLINDRICAL_SURFACE('generated cylinder',#3472,3.) ;
#3490=CYLINDRICAL_SURFACE('generated cylinder',#3489,1.) ;
#3592=CYLINDRICAL_SURFACE('generated cylinder',#3591,3.) ;
#3640=CYLINDRICAL_SURFACE('generated cylinder',#3639,3.) ;
#3706=CYLINDRICAL_SURFACE('generated cylinder',#3705,3.) ;
#3754=CYLINDRICAL_SURFACE('generated cylinder',#3753,3.) ;
#3782=CYLINDRICAL_SURFACE('generated cylinder',#3781,1.) ;
#3806=CYLINDRICAL_SURFACE('generated cylinder',#3805,1.) ;
#3830=CYLINDRICAL_SURFACE('generated cylinder',#3829,1.) ;
#3852=CYLINDRICAL_SURFACE('generated cylinder',#3851,1.) ;
#4141=CYLINDRICAL_SURFACE('generated cylinder',#4140,3.) ;
#4313=CYLINDRICAL_SURFACE('generated cylinder',#4312,1.5) ;
#4356=CYLINDRICAL_SURFACE('generated cylinder',#4355,1.5) ;
#4399=CYLINDRICAL_SURFACE('generated cylinder',#4398,2.) ;
#4433=CYLINDRICAL_SURFACE('generated cylinder',#4432,1.) ;
#4450=CYLINDRICAL_SURFACE('generated cylinder',#4449,2.) ;
#4489=CYLINDRICAL_SURFACE('generated cylinder',#4488,2.) ;
#4530=CYLINDRICAL_SURFACE('generated cylinder',#4529,2.) ;
#4580=CYLINDRICAL_SURFACE('generated cylinder',#4579,1.) ;
#4608=CYLINDRICAL_SURFACE('generated cylinder',#4607,1.) ;
#4630=CYLINDRICAL_SURFACE('generated cylinder',#4629,1.) ;
#4642=CYLINDRICAL_SURFACE('generated cylinder',#4641,1.) ;
#4662=CYLINDRICAL_SURFACE('generated cylinder',#4661,1.) ;
#4682=CYLINDRICAL_SURFACE('generated cylinder',#4681,1.) ;
#4694=CYLINDRICAL_SURFACE('generated cylinder',#4693,2.) ;
#4714=CYLINDRICAL_SURFACE('generated cylinder',#4713,2.5) ;
#4774=CYLINDRICAL_SURFACE('generated cylinder',#4773,2.) ;
#4810=CYLINDRICAL_SURFACE('generated cylinder',#4809,1.) ;
#4834=CYLINDRICAL_SURFACE('generated cylinder',#4833,2.) ;
#4944=CYLINDRICAL_SURFACE('generated cylinder',#4943,1.) ;
#4975=CYLINDRICAL_SURFACE('generated cylinder',#4974,1.) ;
#4992=CYLINDRICAL_SURFACE('generated cylinder',#4991,2.5) ;
#5055=CYLINDRICAL_SURFACE('generated cylinder',#5054,1.) ;
#5096=CYLINDRICAL_SURFACE('generated cylinder',#5095,5.) ;
#5139=CYLINDRICAL_SURFACE('generated cylinder',#5138,5.) ;
#5182=CYLINDRICAL_SURFACE('generated cylinder',#5181,1.) ;
#5226=CYLINDRICAL_SURFACE('generated cylinder',#5225,1.) ;
#5259=CYLINDRICAL_SURFACE('generated cylinder',#5258,1.) ;
#5299=CYLINDRICAL_SURFACE('generated cylinder',#5298,1.) ;
#5321=CYLINDRICAL_SURFACE('generated cylinder',#5320,1.) ;
#5354=CYLINDRICAL_SURFACE('generated cylinder',#5353,1.) ;
#5376=CYLINDRICAL_SURFACE('generated cylinder',#5375,1.) ;
#5405=CYLINDRICAL_SURFACE('generated cylinder',#5404,1.) ;
#5445=CYLINDRICAL_SURFACE('generated cylinder',#5444,1.) ;
#5471=CYLINDRICAL_SURFACE('generated cylinder',#5470,3.) ;
#5498=CYLINDRICAL_SURFACE('generated cylinder',#5497,3.5) ;
#5541=CYLINDRICAL_SURFACE('generated cylinder',#5540,3.5) ;
#5584=CYLINDRICAL_SURFACE('generated cylinder',#5583,1.) ;
#5782=CYLINDRICAL_SURFACE('generated cylinder',#5781,2.) ;
#2250=TOROIDAL_SURFACE('homeo Torus',#2249,5.,2.) ;
#2915=TOROIDAL_SURFACE('homeo Torus',#2914,8.,2.) ;
#3864=TOROIDAL_SURFACE('homeo Torus',#3863,1.,1.) ;
#3994=TOROIDAL_SURFACE('homeo Torus',#3993,12.,2.) ;
#4207=TOROIDAL_SURFACE('homeo Torus',#4206,1.,1.) ;
#4416=TOROIDAL_SURFACE('homeo Torus',#4415,2.,1.) ;
#4472=TOROIDAL_SURFACE('homeo Torus',#4471,5.,2.) ;
#4506=TOROIDAL_SURFACE('homeo Torus',#4505,5.,2.) ;
#4757=TOROIDAL_SURFACE('homeo Torus',#4756,12.,2.) ;
#4786=TOROIDAL_SURFACE('homeo Torus',#4785,2.,1.) ;
#5084=TOROIDAL_SURFACE('homeo Torus',#5083,2.,1.) ;
#5393=TOROIDAL_SURFACE('homeo Torus',#5392,1.,1.) ;
#5601=TOROIDAL_SURFACE('homeo Torus',#5600,1.,1.) ;
#5655=TOROIDAL_SURFACE('homeo Torus',#5654,1.,1.) ;
#5736=TOROIDAL_SURFACE('homeo Torus',#5735,1.,1.) ;
#5825=TOROIDAL_SURFACE('homeo Torus',#5824,1.,1.) ;
#3=DESIGN_CONTEXT(' ',#1,'design') ;
#64=EDGE_CURVE('',#61,#63,#59,.T.) ;
#71=EDGE_CURVE('',#63,#70,#68,.T.) ;
#78=EDGE_CURVE('',#77,#70,#75,.T.) ;
#85=EDGE_CURVE('',#77,#84,#82,.T.) ;
#92=EDGE_CURVE('',#91,#84,#89,.T.) ;
#99=EDGE_CURVE('',#98,#91,#96,.T.) ;
#106=EDGE_CURVE('',#105,#98,#103,.T.) ;
#111=EDGE_CURVE('',#61,#105,#110,.T.) ;
#136=EDGE_CURVE('',#133,#135,#131,.T.) ;
#141=EDGE_CURVE('',#135,#70,#140,.T.) ;
#146=EDGE_CURVE('',#133,#63,#145,.T.) ;
#161=EDGE_CURVE('',#158,#160,#156,.T.) ;
#166=EDGE_CURVE('',#160,#158,#165,.T.) ;
#183=EDGE_CURVE('',#105,#182,#180,.T.) ;
#190=EDGE_CURVE('',#189,#182,#187,.T.) ;
#195=EDGE_CURVE('',#61,#189,#194,.T.) ;
#210=EDGE_CURVE('',#207,#209,#205,.T.) ;
#215=EDGE_CURVE('',#209,#207,#214,.T.) ;
#230=EDGE_CURVE('',#133,#189,#229,.T.) ;
#237=EDGE_CURVE('',#236,#182,#234,.T.) ;
#244=EDGE_CURVE('',#236,#243,#241,.T.) ;
#251=EDGE_CURVE('',#250,#243,#248,.T.) ;
#258=EDGE_CURVE('',#257,#250,#255,.T.) ;
#263=EDGE_CURVE('',#135,#257,#262,.T.) ;
#288=EDGE_CURVE('',#285,#287,#283,.T.) ;
#295=EDGE_CURVE('',#285,#294,#292,.T.) ;
#302=EDGE_CURVE('',#301,#294,#299,.F.) ;
#307=EDGE_CURVE('',#287,#301,#306,.T.) ;
#319=EDGE_CURVE('',#287,#285,#318,.T.) ;
#324=EDGE_CURVE('',#294,#301,#323,.F.) ;
#345=EDGE_CURVE('',#342,#344,#340,.T.) ;
#352=EDGE_CURVE('',#342,#351,#349,.T.) ;
#359=EDGE_CURVE('',#351,#358,#356,.T.) ;
#366=EDGE_CURVE('',#358,#365,#363,.T.) ;
#373=EDGE_CURVE('',#372,#365,#370,.T.) ;
#380=EDGE_CURVE('',#372,#379,#377,.T.) ;
#387=EDGE_CURVE('',#379,#386,#384,.T.) ;
#394=EDGE_CURVE('',#386,#393,#391,.T.) ;
#401=EDGE_CURVE('',#393,#400,#398,.T.) ;
#408=EDGE_CURVE('',#400,#407,#405,.T.) ;
#413=EDGE_CURVE('',#407,#344,#412,.T.) ;
#453=EDGE_CURVE('',#450,#452,#427,.T.) ;
#476=EDGE_CURVE('',#452,#450,#454,.T.) ;
#499=EDGE_CURVE('',#496,#498,#494,.T.) ;
#506=EDGE_CURVE('',#505,#496,#503,.T.) ;
#513=EDGE_CURVE('',#505,#512,#510,.T.) ;
#520=EDGE_CURVE('',#512,#519,#517,.T.) ;
#527=EDGE_CURVE('',#526,#519,#524,.T.) ;
#534=EDGE_CURVE('',#533,#526,#531,.T.) ;
#539=EDGE_CURVE('',#498,#533,#538,.T.) ;
#561=EDGE_CURVE('',#558,#560,#556,.T.) ;
#566=EDGE_CURVE('',#560,#558,#565,.T.) ;
#585=EDGE_CURVE('',#582,#584,#580,.T.) ;
#590=EDGE_CURVE('',#582,#342,#589,.T.) ;
#595=EDGE_CURVE('',#344,#584,#594,.T.) ;
#614=EDGE_CURVE('',#613,#582,#611,.T.) ;
#619=EDGE_CURVE('',#351,#613,#618,.T.) ;
#638=EDGE_CURVE('',#613,#637,#635,.T.) ;
#643=EDGE_CURVE('',#637,#505,#642,.T.) ;
#650=EDGE_CURVE('',#649,#496,#647,.T.) ;
#657=EDGE_CURVE('',#649,#656,#654,.T.) ;
#662=EDGE_CURVE('',#656,#358,#661,.T.) ;
#681=EDGE_CURVE('',#678,#680,#676,.T.) ;
#688=EDGE_CURVE('',#687,#678,#685,.T.) ;
#695=EDGE_CURVE('',#694,#687,#692,.T.) ;
#700=EDGE_CURVE('',#680,#694,#699,.T.) ;
#719=EDGE_CURVE('',#718,#656,#716,.T.) ;
#724=EDGE_CURVE('',#365,#718,#723,.T.) ;
#743=EDGE_CURVE('',#718,#742,#740,.T.) ;
#748=EDGE_CURVE('',#742,#372,#747,.T.) ;
#770=EDGE_CURVE('',#769,#742,#761,.T.) ;
#779=EDGE_CURVE('',#778,#769,#771,.T.) ;
#784=EDGE_CURVE('',#386,#778,#783,.T.) ;
#805=EDGE_CURVE('',#804,#778,#802,.T.) ;
#810=EDGE_CURVE('',#804,#533,#809,.T.) ;
#817=EDGE_CURVE('',#526,#816,#814,.T.) ;
#824=EDGE_CURVE('',#823,#816,#821,.T.) ;
#829=EDGE_CURVE('',#823,#393,#828,.T.) ;
#848=EDGE_CURVE('',#845,#847,#843,.T.) ;
#855=EDGE_CURVE('',#854,#845,#852,.T.) ;
#862=EDGE_CURVE('',#861,#854,#859,.T.) ;
#867=EDGE_CURVE('',#847,#861,#866,.T.) ;
#886=EDGE_CURVE('',#885,#823,#883,.F.) ;
#891=EDGE_CURVE('',#400,#885,#890,.F.) ;
#910=EDGE_CURVE('',#909,#885,#907,.T.) ;
#915=EDGE_CURVE('',#909,#407,#914,.T.) ;
#932=EDGE_CURVE('',#584,#909,#931,.F.) ;
#949=EDGE_CURVE('',#560,#452,#948,.T.) ;
#954=EDGE_CURVE('',#558,#450,#953,.T.) ;
#980=EDGE_CURVE('',#979,#498,#977,.T.) ;
#987=EDGE_CURVE('',#533,#986,#984,.T.) ;
#994=EDGE_CURVE('',#986,#993,#991,.T.) ;
#999=EDGE_CURVE('',#993,#979,#998,.T.) ;
#1015=EDGE_CURVE('',#1012,#1014,#1010,.T.) ;
#1020=EDGE_CURVE('',#1014,#1012,#1019,.T.) ;
#1039=EDGE_CURVE('',#1036,#1038,#1034,.T.) ;
#1046=EDGE_CURVE('',#1045,#1036,#1043,.T.) ;
#1053=EDGE_CURVE('',#1052,#1045,#1050,.T.) ;
#1060=EDGE_CURVE('',#1059,#1052,#1057,.T.) ;
#1067=EDGE_CURVE('',#1059,#1066,#1064,.T.) ;
#1074=EDGE_CURVE('',#1066,#1073,#1071,.T.) ;
#1090=EDGE_CURVE('',#1073,#1089,#1075,.T.) ;
#1097=EDGE_CURVE('',#1089,#1096,#1094,.T.) ;
#1104=EDGE_CURVE('',#1096,#1103,#1101,.T.) ;
#1109=EDGE_CURVE('',#1103,#526,#1108,.T.) ;
#1116=EDGE_CURVE('',#519,#1115,#1113,.T.) ;
#1123=EDGE_CURVE('',#1122,#1115,#1120,.T.) ;
#1130=EDGE_CURVE('',#1122,#1129,#1127,.T.) ;
#1137=EDGE_CURVE('',#1129,#1136,#1134,.T.) ;
#1144=EDGE_CURVE('',#1136,#1143,#1141,.T.) ;
#1149=EDGE_CURVE('',#1038,#1143,#1148,.T.) ;
#1181=EDGE_CURVE('',#1180,#637,#1178,.T.) ;
#1186=EDGE_CURVE('',#1115,#1180,#1185,.T.) ;
#1207=EDGE_CURVE('',#979,#1206,#1204,.T.) ;
#1212=EDGE_CURVE('',#496,#1206,#1211,.T.) ;
#1231=EDGE_CURVE('',#816,#1230,#1228,.T.) ;
#1238=EDGE_CURVE('',#1230,#1237,#1235,.T.) ;
#1245=EDGE_CURVE('',#1244,#1237,#1242,.T.) ;
#1261=EDGE_CURVE('',#1244,#1260,#1246,.T.) ;
#1268=EDGE_CURVE('',#1260,#1267,#1265,.T.) ;
#1282=EDGE_CURVE('',#1267,#1122,#1269,.T.) ;
#1309=EDGE_CURVE('',#1306,#1308,#1304,.T.) ;
#1316=EDGE_CURVE('',#1315,#1306,#1313,.T.) ;
#1323=EDGE_CURVE('',#1322,#1315,#1320,.T.) ;
#1328=EDGE_CURVE('',#1308,#1322,#1327,.T.) ;
#1349=EDGE_CURVE('',#1348,#1206,#1341,.T.) ;
#1356=EDGE_CURVE('',#1348,#1355,#1353,.T.) ;
#1363=EDGE_CURVE('',#1362,#1355,#1360,.F.) ;
#1368=EDGE_CURVE('',#649,#1362,#1367,.T.) ;
#1384=EDGE_CURVE('',#1383,#98,#1381,.T.) ;
#1403=EDGE_CURVE('',#1383,#1402,#1385,.T.) ;
#1410=EDGE_CURVE('',#1409,#1402,#1407,.T.) ;
#1429=EDGE_CURVE('',#1409,#1428,#1411,.T.) ;
#1434=EDGE_CURVE('',#77,#1428,#1433,.T.) ;
#1441=EDGE_CURVE('',#1440,#257,#1438,.T.) ;
#1460=EDGE_CURVE('',#1440,#1459,#1442,.T.) ;
#1465=EDGE_CURVE('',#1459,#804,#1464,.T.) ;
#1472=EDGE_CURVE('',#1362,#1471,#1469,.T.) ;
#1488=EDGE_CURVE('',#1471,#1487,#1473,.T.) ;
#1495=EDGE_CURVE('',#1494,#1487,#1492,.T.) ;
#1506=EDGE_CURVE('',#1494,#1059,#1496,.T.) ;
#1513=EDGE_CURVE('',#1052,#1512,#1510,.T.) ;
#1520=EDGE_CURVE('',#1512,#1519,#1517,.T.) ;
#1525=EDGE_CURVE('',#1038,#1519,#1524,.T.) ;
#1541=EDGE_CURVE('',#1143,#1540,#1526,.T.) ;
#1548=EDGE_CURVE('',#1547,#1540,#1545,.T.) ;
#1564=EDGE_CURVE('',#1547,#1563,#1549,.T.) ;
#1571=EDGE_CURVE('',#1570,#1563,#1568,.T.) ;
#1578=EDGE_CURVE('',#1570,#1577,#1575,.T.) ;
#1585=EDGE_CURVE('',#1577,#1584,#1582,.T.) ;
#1592=EDGE_CURVE('',#1584,#1591,#1589,.T.) ;
#1599=EDGE_CURVE('',#1591,#1598,#1596,.T.) ;
#1606=EDGE_CURVE('',#1598,#1605,#1603,.T.) ;
#1613=EDGE_CURVE('',#1605,#1612,#1610,.T.) ;
#1620=EDGE_CURVE('',#1612,#1619,#1617,.T.) ;
#1627=EDGE_CURVE('',#1619,#1626,#1624,.T.) ;
#1634=EDGE_CURVE('',#1626,#1633,#1631,.T.) ;
#1641=EDGE_CURVE('',#1633,#1640,#1638,.T.) ;
#1660=EDGE_CURVE('',#1640,#1659,#1642,.T.) ;
#1665=EDGE_CURVE('',#236,#1659,#1664,.T.) ;
#1722=EDGE_CURVE('',#1719,#1721,#1717,.T.) ;
#1729=EDGE_CURVE('',#1728,#1721,#1726,.T.) ;
#1736=EDGE_CURVE('',#1728,#1735,#1733,.T.) ;
#1741=EDGE_CURVE('',#1719,#1735,#1740,.T.) ;
#1756=EDGE_CURVE('',#1753,#1755,#1751,.T.) ;
#1772=EDGE_CURVE('',#1753,#1771,#1757,.T.) ;
#1779=EDGE_CURVE('',#1778,#1771,#1776,.T.) ;
#1795=EDGE_CURVE('',#1778,#1794,#1780,.T.) ;
#1802=EDGE_CURVE('',#1801,#1794,#1799,.T.) ;
#1818=EDGE_CURVE('',#1801,#1817,#1803,.T.) ;
#1825=EDGE_CURVE('',#1824,#1817,#1822,.T.) ;
#1839=EDGE_CURVE('',#1824,#1755,#1826,.T.) ;
#1862=EDGE_CURVE('',#1861,#680,#1859,.T.) ;
#1869=EDGE_CURVE('',#1868,#1861,#1866,.T.) ;
#1874=EDGE_CURVE('',#1868,#678,#1873,.T.) ;
#1886=EDGE_CURVE('',#845,#1868,#1885,.T.) ;
#1891=EDGE_CURVE('',#847,#687,#1890,.T.) ;
#1909=EDGE_CURVE('',#861,#694,#1908,.T.) ;
#1926=EDGE_CURVE('',#1861,#854,#1925,.T.) ;
#1946=EDGE_CURVE('',#1459,#1945,#1943,.T.) ;
#1953=EDGE_CURVE('',#1952,#1945,#1950,.T.) ;
#1958=EDGE_CURVE('',#1952,#1640,#1957,.T.) ;
#1965=EDGE_CURVE('',#1633,#1964,#1962,.T.) ;
#1970=EDGE_CURVE('',#1964,#986,#1969,.T.) ;
#1994=EDGE_CURVE('',#1103,#1993,#1991,.T.) ;
#1999=EDGE_CURVE('',#1993,#1230,#1998,.T.) ;
#2015=EDGE_CURVE('',#2012,#2014,#2010,.T.) ;
#2020=EDGE_CURVE('',#2014,#2012,#2019,.T.) ;
#2052=EDGE_CURVE('',#2051,#993,#2043,.T.) ;
#2062=EDGE_CURVE('',#2061,#986,#2053,.T.) ;
#2067=EDGE_CURVE('',#2051,#2061,#2066,.T.) ;
#2086=EDGE_CURVE('',#993,#2085,#2083,.T.) ;
#2093=EDGE_CURVE('',#2092,#2085,#2090,.F.) ;
#2101=EDGE_CURVE('',#979,#2092,#2094,.T.) ;
#2118=EDGE_CURVE('',#160,#1012,#2117,.T.) ;
#2123=EDGE_CURVE('',#158,#1014,#2122,.T.) ;
#2144=EDGE_CURVE('',#1519,#2143,#2141,.T.) ;
#2149=EDGE_CURVE('',#1036,#2143,#2148,.T.) ;
#2163=EDGE_CURVE('',#2143,#2162,#2160,.T.) ;
#2168=EDGE_CURVE('',#1045,#2162,#2167,.T.) ;
#2180=EDGE_CURVE('',#2162,#1512,#2179,.T.) ;
#2199=EDGE_CURVE('',#2198,#1494,#2196,.T.) ;
#2204=EDGE_CURVE('',#2198,#1066,#2203,.F.) ;
#2223=EDGE_CURVE('',#2222,#1073,#2220,.F.) ;
#2233=EDGE_CURVE('',#2232,#1066,#2224,.T.) ;
#2238=EDGE_CURVE('',#2222,#2232,#2237,.F.) ;
#2257=EDGE_CURVE('',#2256,#1089,#2254,.F.) ;
#2262=EDGE_CURVE('',#2256,#2222,#2261,.T.) ;
#2281=EDGE_CURVE('',#2280,#2256,#2278,.T.) ;
#2286=EDGE_CURVE('',#2280,#1096,#2285,.T.) ;
#2305=EDGE_CURVE('',#1096,#2304,#2302,.F.) ;
#2312=EDGE_CURVE('',#2311,#2304,#2309,.T.) ;
#2320=EDGE_CURVE('',#1103,#2311,#2313,.T.) ;
#2339=EDGE_CURVE('',#2338,#1267,#2336,.F.) ;
#2344=EDGE_CURVE('',#1129,#2338,#2343,.T.) ;
#2360=EDGE_CURVE('',#2357,#2359,#2355,.T.) ;
#2367=EDGE_CURVE('',#2359,#2366,#2364,.T.) ;
#2374=EDGE_CURVE('',#2373,#2366,#2371,.T.) ;
#2379=EDGE_CURVE('',#2373,#1136,#2378,.T.) ;
#2386=EDGE_CURVE('',#2338,#2385,#2383,.T.) ;
#2391=EDGE_CURVE('',#2385,#2357,#2390,.T.) ;
#2428=EDGE_CURVE('',#2425,#2427,#2402,.T.) ;
#2451=EDGE_CURVE('',#2427,#2425,#2429,.T.) ;
#2482=EDGE_CURVE('',#2479,#2481,#2456,.T.) ;
#2505=EDGE_CURVE('',#2481,#2479,#2483,.T.) ;
#2520=EDGE_CURVE('',#1540,#2373,#2519,.F.) ;
#2541=EDGE_CURVE('',#2538,#2540,#2536,.T.) ;
#2551=EDGE_CURVE('',#2538,#2550,#2542,.T.) ;
#2558=EDGE_CURVE('',#2557,#2550,#2555,.T.) ;
#2587=EDGE_CURVE('',#2557,#1348,#2559,.T.) ;
#2594=EDGE_CURVE('',#2593,#2092,#2591,.T.) ;
#2608=EDGE_CURVE('',#2593,#2540,#2595,.T.) ;
#2632=EDGE_CURVE('',#2631,#1993,#2629,.F.) ;
#2637=EDGE_CURVE('',#1237,#2631,#2636,.F.) ;
#2654=EDGE_CURVE('',#1563,#2359,#2653,.T.) ;
#2659=EDGE_CURVE('',#2357,#1244,#2658,.T.) ;
#2666=EDGE_CURVE('',#2631,#2665,#2663,.T.) ;
#2673=EDGE_CURVE('',#2665,#2672,#2670,.T.) ;
#2689=EDGE_CURVE('',#2672,#2688,#2674,.T.) ;
#2696=EDGE_CURVE('',#2688,#2695,#2693,.T.) ;
#2712=EDGE_CURVE('',#2695,#2711,#2697,.T.) ;
#2719=EDGE_CURVE('',#2711,#2718,#2716,.T.) ;
#2726=EDGE_CURVE('',#2718,#2725,#2723,.T.) ;
#2731=EDGE_CURVE('',#2725,#1570,#2730,.T.) ;
#2764=EDGE_CURVE('',#1260,#2385,#2763,.T.) ;
#2790=EDGE_CURVE('',#2789,#1308,#2787,.T.) ;
#2797=EDGE_CURVE('',#2789,#2796,#2794,.T.) ;
#2802=EDGE_CURVE('',#2796,#1306,#2801,.T.) ;
#2817=EDGE_CURVE('',#2814,#2816,#2812,.T.) ;
#2822=EDGE_CURVE('',#2816,#2814,#2821,.T.) ;
#2839=EDGE_CURVE('',#2796,#2838,#2836,.T.) ;
#2844=EDGE_CURVE('',#2838,#1315,#2843,.T.) ;
#2863=EDGE_CURVE('',#2838,#2862,#2860,.T.) ;
#2868=EDGE_CURVE('',#2862,#1322,#2867,.T.) ;
#2883=EDGE_CURVE('',#2880,#2882,#2878,.T.) ;
#2888=EDGE_CURVE('',#2882,#2880,#2887,.T.) ;
#2903=EDGE_CURVE('',#2862,#2789,#2902,.T.) ;
#2922=EDGE_CURVE('',#2921,#1355,#2919,.F.) ;
#2927=EDGE_CURVE('',#2921,#2557,#2926,.T.) ;
#2946=EDGE_CURVE('',#1355,#2945,#2943,.T.) ;
#2951=EDGE_CURVE('',#2945,#1471,#2950,.T.) ;
#2966=EDGE_CURVE('',#2963,#2965,#2961,.T.) ;
#2971=EDGE_CURVE('',#2965,#2963,#2970,.T.) ;
#2986=EDGE_CURVE('',#91,#243,#2985,.F.) ;
#2993=EDGE_CURVE('',#1659,#2992,#2990,.T.) ;
#3000=EDGE_CURVE('',#2999,#2992,#2997,.T.) ;
#3005=EDGE_CURVE('',#2999,#1383,#3004,.T.) ;
#3028=EDGE_CURVE('',#3027,#2999,#3025,.F.) ;
#3033=EDGE_CURVE('',#1402,#3027,#3032,.F.) ;
#3052=EDGE_CURVE('',#3051,#3027,#3049,.T.) ;
#3057=EDGE_CURVE('',#3051,#1409,#3056,.T.) ;
#3076=EDGE_CURVE('',#3075,#3051,#3073,.F.) ;
#3081=EDGE_CURVE('',#1428,#3075,#3080,.F.) ;
#3098=EDGE_CURVE('',#250,#84,#3097,.T.) ;
#3105=EDGE_CURVE('',#3104,#3075,#3102,.T.) ;
#3110=EDGE_CURVE('',#3104,#1440,#3109,.T.) ;
#3131=EDGE_CURVE('',#1945,#3104,#3130,.T.) ;
#3150=EDGE_CURVE('',#2945,#3149,#3147,.F.) ;
#3155=EDGE_CURVE('',#1487,#3149,#3154,.F.) ;
#3172=EDGE_CURVE('',#3149,#2198,#3171,.T.) ;
#3184=EDGE_CURVE('',#2366,#1547,#3183,.T.) ;
#3215=EDGE_CURVE('',#3214,#2725,#3212,.F.) ;
#3220=EDGE_CURVE('',#1577,#3214,#3219,.F.) ;
#3239=EDGE_CURVE('',#3214,#3238,#3236,.T.) ;
#3246=EDGE_CURVE('',#3238,#3245,#3243,.T.) ;
#3253=EDGE_CURVE('',#3245,#3252,#3250,.T.) ;
#3258=EDGE_CURVE('',#3252,#1584,#3257,.T.) ;
#3275=EDGE_CURVE('',#3272,#3274,#3270,.T.) ;
#3280=EDGE_CURVE('',#3274,#3272,#3279,.T.) ;
#3299=EDGE_CURVE('',#3296,#3298,#3294,.T.) ;
#3304=EDGE_CURVE('',#1591,#3296,#3303,.T.) ;
#3309=EDGE_CURVE('',#3252,#3298,#3308,.T.) ;
#3329=EDGE_CURVE('',#3328,#3296,#3326,.F.) ;
#3334=EDGE_CURVE('',#1598,#3328,#3333,.F.) ;
#3353=EDGE_CURVE('',#3328,#3352,#3350,.T.) ;
#3358=EDGE_CURVE('',#3352,#1605,#3357,.T.) ;
#3373=EDGE_CURVE('',#3370,#3372,#3368,.T.) ;
#3378=EDGE_CURVE('',#3372,#3370,#3377,.T.) ;
#3393=EDGE_CURVE('',#2538,#1612,#3392,.F.) ;
#3398=EDGE_CURVE('',#2550,#3352,#3397,.T.) ;
#3416=EDGE_CURVE('',#1619,#2540,#3415,.T.) ;
#3432=EDGE_CURVE('',#3429,#3431,#3427,.T.) ;
#3437=EDGE_CURVE('',#3431,#1626,#3436,.T.) ;
#3442=EDGE_CURVE('',#2540,#3429,#3441,.T.) ;
#3458=EDGE_CURVE('',#3455,#3457,#3453,.T.) ;
#3463=EDGE_CURVE('',#3457,#3455,#3462,.T.) ;
#3478=EDGE_CURVE('',#1964,#3431,#3477,.T.) ;
#3495=EDGE_CURVE('',#2992,#1952,#3494,.T.) ;
#3516=EDGE_CURVE('',#3513,#3515,#3511,.T.) ;
#3521=EDGE_CURVE('',#3513,#1753,#3520,.T.) ;
#3526=EDGE_CURVE('',#1755,#3515,#3525,.T.) ;
#3559=EDGE_CURVE('',#3556,#3558,#3533,.T.) ;
#3582=EDGE_CURVE('',#3558,#3556,#3560,.T.) ;
#3599=EDGE_CURVE('',#3598,#3513,#3596,.F.) ;
#3604=EDGE_CURVE('',#1771,#3598,#3603,.T.) ;
#3623=EDGE_CURVE('',#3622,#3598,#3620,.T.) ;
#3628=EDGE_CURVE('',#3622,#1778,#3627,.T.) ;
#3647=EDGE_CURVE('',#3646,#3622,#3644,.F.) ;
#3652=EDGE_CURVE('',#1794,#3646,#3651,.T.) ;
#3671=EDGE_CURVE('',#3670,#3646,#3668,.T.) ;
#3676=EDGE_CURVE('',#3670,#1801,#3675,.T.) ;
#3691=EDGE_CURVE('',#3688,#3690,#3686,.T.) ;
#3696=EDGE_CURVE('',#3690,#3688,#3695,.T.) ;
#3713=EDGE_CURVE('',#3712,#3670,#3710,.F.) ;
#3718=EDGE_CURVE('',#1817,#3712,#3717,.T.) ;
#3737=EDGE_CURVE('',#3736,#3712,#3734,.T.) ;
#3742=EDGE_CURVE('',#3736,#1824,#3741,.T.) ;
#3759=EDGE_CURVE('',#3515,#3736,#3758,.F.) ;
#3789=EDGE_CURVE('',#1964,#3788,#3786,.F.) ;
#3794=EDGE_CURVE('',#2061,#3788,#3793,.T.) ;
#3813=EDGE_CURVE('',#3812,#2311,#3810,.F.) ;
#3818=EDGE_CURVE('',#3812,#1993,#3817,.F.) ;
#3835=EDGE_CURVE('',#2014,#2882,#3834,.T.) ;
#3840=EDGE_CURVE('',#2012,#2880,#3839,.T.) ;
#3871=EDGE_CURVE('',#3870,#2085,#3868,.F.) ;
#3876=EDGE_CURVE('',#3870,#2051,#3875,.T.) ;
#3907=EDGE_CURVE('',#3906,#3788,#3889,.T.) ;
#3914=EDGE_CURVE('',#3906,#3913,#3911,.T.) ;
#3921=EDGE_CURVE('',#3913,#3920,#3918,.T.) ;
#3926=EDGE_CURVE('',#3920,#3870,#3925,.T.) ;
#3944=EDGE_CURVE('',#3941,#3943,#3939,.T.) ;
#3951=EDGE_CURVE('',#3943,#3950,#3948,.T.) ;
#3958=EDGE_CURVE('',#3950,#3957,#3955,.T.) ;
#3963=EDGE_CURVE('',#3957,#3941,#3962,.T.) ;
#3977=EDGE_CURVE('',#2085,#3976,#3974,.T.) ;
#3982=EDGE_CURVE('',#3976,#2593,#3981,.T.) ;
#4001=EDGE_CURVE('',#4000,#2198,#3998,.T.) ;
#4006=EDGE_CURVE('',#2232,#4000,#4005,.F.) ;
#4025=EDGE_CURVE('',#4024,#2921,#4022,.T.) ;
#4032=EDGE_CURVE('',#3298,#4031,#4029,.T.) ;
#4039=EDGE_CURVE('',#4031,#4038,#4036,.T.) ;
#4046=EDGE_CURVE('',#4038,#4045,#4043,.T.) ;
#4051=EDGE_CURVE('',#4045,#2222,#4050,.T.) ;
#4058=EDGE_CURVE('',#4000,#4057,#4055,.T.) ;
#4072=EDGE_CURVE('',#4057,#4024,#4059,.T.) ;
#4098=EDGE_CURVE('',#4095,#4097,#4093,.T.) ;
#4103=EDGE_CURVE('',#4097,#4095,#4102,.T.) ;
#4116=EDGE_CURVE('',#4113,#4115,#4111,.T.) ;
#4121=EDGE_CURVE('',#4115,#4113,#4120,.T.) ;
#4148=EDGE_CURVE('',#2256,#4147,#4145,.T.) ;
#4153=EDGE_CURVE('',#4045,#4147,#4152,.T.) ;
#4172=EDGE_CURVE('',#4147,#4171,#4169,.T.) ;
#4177=EDGE_CURVE('',#4171,#2280,#4176,.T.) ;
#4192=EDGE_CURVE('',#4189,#4191,#4187,.T.) ;
#4197=EDGE_CURVE('',#4191,#4189,#4196,.T.) ;
#4214=EDGE_CURVE('',#2280,#4213,#4211,.T.) ;
#4219=EDGE_CURVE('',#2304,#4213,#4218,.T.) ;
#4245=EDGE_CURVE('',#3812,#4244,#4227,.T.) ;
#4252=EDGE_CURVE('',#4213,#4251,#4249,.T.) ;
#4259=EDGE_CURVE('',#4251,#4258,#4256,.T.) ;
#4264=EDGE_CURVE('',#4258,#4244,#4263,.T.) ;
#4282=EDGE_CURVE('',#4279,#4281,#4277,.T.) ;
#4289=EDGE_CURVE('',#4281,#4288,#4286,.T.) ;
#4296=EDGE_CURVE('',#4288,#4295,#4293,.T.) ;
#4301=EDGE_CURVE('',#4295,#4279,#4300,.T.) ;
#4320=EDGE_CURVE('',#2427,#4319,#4317,.T.) ;
#4327=EDGE_CURVE('',#2425,#4326,#4324,.T.) ;
#4332=EDGE_CURVE('',#4319,#4326,#4331,.F.) ;
#4344=EDGE_CURVE('',#4326,#4319,#4343,.F.) ;
#4363=EDGE_CURVE('',#2481,#4362,#4360,.T.) ;
#4370=EDGE_CURVE('',#2479,#4369,#4367,.T.) ;
#4375=EDGE_CURVE('',#4362,#4369,#4374,.F.) ;
#4387=EDGE_CURVE('',#4369,#4362,#4386,.F.) ;
#4404=EDGE_CURVE('',#3976,#3429,#4403,.F.) ;
#4421=EDGE_CURVE('',#2631,#4244,#4420,.T.) ;
#4438=EDGE_CURVE('',#4258,#2665,#4437,.T.) ;
#4455=EDGE_CURVE('',#2665,#4171,#4454,.T.) ;
#4460=EDGE_CURVE('',#2672,#4147,#4459,.T.) ;
#4477=EDGE_CURVE('',#2688,#4045,#4476,.T.) ;
#4494=EDGE_CURVE('',#2695,#4038,#4493,.F.) ;
#4513=EDGE_CURVE('',#4512,#4038,#4510,.T.) ;
#4518=EDGE_CURVE('',#2711,#4512,#4517,.T.) ;
#4537=EDGE_CURVE('',#4536,#4512,#4534,.F.) ;
#4542=EDGE_CURVE('',#4536,#2718,#4541,.F.) ;
#4558=EDGE_CURVE('',#4555,#4557,#4553,.T.) ;
#4563=EDGE_CURVE('',#4555,#2725,#4562,.T.) ;
#4568=EDGE_CURVE('',#2718,#4557,#4567,.F.) ;
#4588=EDGE_CURVE('',#4279,#2796,#4581,.T.) ;
#4596=EDGE_CURVE('',#4281,#2789,#4589,.T.) ;
#4613=EDGE_CURVE('',#2816,#4191,#4612,.T.) ;
#4618=EDGE_CURVE('',#2814,#4189,#4617,.T.) ;
#4650=EDGE_CURVE('',#2838,#4295,#4643,.T.) ;
#4670=EDGE_CURVE('',#2862,#4288,#4663,.T.) ;
#4702=EDGE_CURVE('',#4024,#2945,#4695,.T.) ;
#4721=EDGE_CURVE('',#4720,#2965,#4718,.T.) ;
#4728=EDGE_CURVE('',#4727,#4720,#4725,.T.) ;
#4733=EDGE_CURVE('',#4727,#2963,#4732,.T.) ;
#4745=EDGE_CURVE('',#4720,#4727,#4744,.T.) ;
#4762=EDGE_CURVE('',#4057,#3149,#4761,.T.) ;
#4793=EDGE_CURVE('',#4555,#4792,#4790,.F.) ;
#4798=EDGE_CURVE('',#3214,#4792,#4797,.T.) ;
#4817=EDGE_CURVE('',#4816,#4792,#4814,.T.) ;
#4822=EDGE_CURVE('',#4816,#3238,#4821,.T.) ;
#4841=EDGE_CURVE('',#3238,#4840,#4838,.F.) ;
#4848=EDGE_CURVE('',#4847,#4840,#4845,.T.) ;
#4859=EDGE_CURVE('',#3245,#4847,#4849,.T.) ;
#4880=EDGE_CURVE('',#4877,#4879,#4875,.T.) ;
#4888=EDGE_CURVE('',#4877,#4031,#4881,.T.) ;
#4895=EDGE_CURVE('',#4894,#4847,#4892,.T.) ;
#4911=EDGE_CURVE('',#4894,#4910,#4896,.T.) ;
#4918=EDGE_CURVE('',#4917,#4910,#4915,.T.) ;
#4926=EDGE_CURVE('',#4917,#4879,#4919,.T.) ;
#4953=EDGE_CURVE('',#4950,#4952,#4948,.F.) ;
#4958=EDGE_CURVE('',#3272,#4950,#4957,.T.) ;
#4963=EDGE_CURVE('',#3274,#4952,#4962,.T.) ;
#4980=EDGE_CURVE('',#4952,#4950,#4979,.F.) ;
#4999=EDGE_CURVE('',#3372,#4998,#4996,.T.) ;
#5006=EDGE_CURVE('',#4998,#5005,#5003,.T.) ;
#5011=EDGE_CURVE('',#3370,#5005,#5010,.T.) ;
#5023=EDGE_CURVE('',#5005,#4998,#5022,.T.) ;
#5035=EDGE_CURVE('',#3906,#3431,#5034,.T.) ;
#5043=EDGE_CURVE('',#3429,#3913,#5036,.T.) ;
#5060=EDGE_CURVE('',#3455,#209,#5059,.T.) ;
#5065=EDGE_CURVE('',#3457,#207,#5064,.T.) ;
#5105=EDGE_CURVE('',#5102,#5104,#5100,.F.) ;
#5110=EDGE_CURVE('',#5102,#3558,#5109,.T.) ;
#5115=EDGE_CURVE('',#5104,#3556,#5114,.T.) ;
#5127=EDGE_CURVE('',#5104,#5102,#5126,.F.) ;
#5146=EDGE_CURVE('',#5145,#3690,#5143,.T.) ;
#5153=EDGE_CURVE('',#5145,#5152,#5150,.T.) ;
#5158=EDGE_CURVE('',#5152,#3688,#5157,.T.) ;
#5170=EDGE_CURVE('',#5152,#5145,#5169,.T.) ;
#5193=EDGE_CURVE('',#5190,#5192,#5183,.T.) ;
#5200=EDGE_CURVE('',#5199,#5192,#5197,.T.) ;
#5209=EDGE_CURVE('',#5208,#5199,#5201,.T.) ;
#5214=EDGE_CURVE('',#5190,#5208,#5213,.F.) ;
#5233=EDGE_CURVE('',#5232,#5199,#5230,.T.) ;
#5242=EDGE_CURVE('',#5232,#5241,#5234,.T.) ;
#5247=EDGE_CURVE('',#5241,#5208,#5246,.T.) ;
#5268=EDGE_CURVE('',#5265,#5267,#5263,.T.) ;
#5275=EDGE_CURVE('',#5265,#5274,#5272,.T.) ;
#5282=EDGE_CURVE('',#5274,#5281,#5279,.T.) ;
#5287=EDGE_CURVE('',#5267,#5281,#5286,.T.) ;
#5304=EDGE_CURVE('',#5267,#5265,#5303,.T.) ;
#5309=EDGE_CURVE('',#5281,#5274,#5308,.T.) ;
#5328=EDGE_CURVE('',#5327,#5232,#5325,.T.) ;
#5337=EDGE_CURVE('',#5327,#5336,#5329,.T.) ;
#5342=EDGE_CURVE('',#5241,#5336,#5341,.F.) ;
#5359=EDGE_CURVE('',#5192,#5327,#5358,.T.) ;
#5364=EDGE_CURVE('',#5190,#5336,#5363,.T.) ;
#5381=EDGE_CURVE('',#3976,#3920,#5380,.F.) ;
#5412=EDGE_CURVE('',#3943,#133,#5406,.T.) ;
#5419=EDGE_CURVE('',#3941,#189,#5413,.T.) ;
#5433=EDGE_CURVE('',#63,#3950,#5427,.T.) ;
#5452=EDGE_CURVE('',#61,#3957,#5446,.T.) ;
#5476=EDGE_CURVE('',#4512,#4917,#5475,.F.) ;
#5484=EDGE_CURVE('',#4879,#4877,#5477,.T.) ;
#5505=EDGE_CURVE('',#5504,#4097,#5502,.T.) ;
#5512=EDGE_CURVE('',#5511,#5504,#5509,.T.) ;
#5517=EDGE_CURVE('',#5511,#4095,#5516,.T.) ;
#5529=EDGE_CURVE('',#5504,#5511,#5528,.T.) ;
#5548=EDGE_CURVE('',#5547,#4115,#5545,.T.) ;
#5555=EDGE_CURVE('',#5554,#5547,#5552,.T.) ;
#5560=EDGE_CURVE('',#5554,#4113,#5559,.T.) ;
#5572=EDGE_CURVE('',#5547,#5554,#5571,.T.) ;
#5589=EDGE_CURVE('',#4251,#4171,#5588,.F.) ;
#5633=EDGE_CURVE('',#4910,#5632,#5630,.T.) ;
#5638=EDGE_CURVE('',#5632,#4536,#5637,.T.) ;
#5662=EDGE_CURVE('',#4536,#5661,#5659,.T.) ;
#5667=EDGE_CURVE('',#4557,#5661,#5666,.T.) ;
#5681=EDGE_CURVE('',#5661,#5680,#5678,.T.) ;
#5688=EDGE_CURVE('',#5680,#5687,#5685,.T.) ;
#5695=EDGE_CURVE('',#5687,#5694,#5692,.T.) ;
#5700=EDGE_CURVE('',#5694,#4816,#5699,.T.) ;
#5741=EDGE_CURVE('',#5694,#4840,#5740,.F.) ;
#5755=EDGE_CURVE('',#4840,#5754,#5752,.T.) ;
#5760=EDGE_CURVE('',#5754,#4894,#5759,.T.) ;
#5787=EDGE_CURVE('',#5754,#5632,#5786,.F.) ;
#5813=EDGE_CURVE('',#5632,#5680,#5812,.F.) ;
#5830=EDGE_CURVE('',#5687,#5754,#5829,.F.) ;
#5866=EDGE_CURVE('',#5190,#1728,#5865,.T.) ;
#5871=EDGE_CURVE('',#5208,#1735,#5870,.T.) ;
#5883=EDGE_CURVE('',#5336,#1721,#5882,.T.) ;
#5899=EDGE_CURVE('',#5241,#1719,#5898,.T.) ;
#112=EDGE_LOOP('',(#113,#114,#115,#116,#117,#118,#119,#120)) ;
#147=EDGE_LOOP('',(#148,#149,#150,#151)) ;
#167=EDGE_LOOP('',(#168,#169)) ;
#196=EDGE_LOOP('',(#197,#198,#199,#200)) ;
#216=EDGE_LOOP('',(#217,#218)) ;
#264=EDGE_LOOP('',(#265,#266,#267,#268,#269,#270,#271,#272)) ;
#308=EDGE_LOOP('',(#309,#310,#311,#312)) ;
#325=EDGE_LOOP('',(#326,#327,#328,#329)) ;
#414=EDGE_LOOP('',(#415,#416,#417,#418,#419,#420,#421,#422,#423,#424,#425)) ;
#477=EDGE_LOOP('',(#478,#479)) ;
#481=EDGE_LOOP('',(#482,#483)) ;
#540=EDGE_LOOP('',(#541,#542,#543,#544,#545,#546,#547)) ;
#549=EDGE_LOOP('',(#550,#551)) ;
#567=EDGE_LOOP('',(#568,#569)) ;
#596=EDGE_LOOP('',(#597,#598,#599,#600)) ;
#620=EDGE_LOOP('',(#621,#622,#623,#624)) ;
#663=EDGE_LOOP('',(#664,#665,#666,#667,#668,#669,#670,#671)) ;
#701=EDGE_LOOP('',(#702,#703,#704,#705)) ;
#725=EDGE_LOOP('',(#726,#727,#728,#729)) ;
#749=EDGE_LOOP('',(#750,#751,#752,#753)) ;
#785=EDGE_LOOP('',(#786,#787,#788,#789,#790,#791)) ;
#830=EDGE_LOOP('',(#831,#832,#833,#834,#835,#836,#837,#838)) ;
#868=EDGE_LOOP('',(#869,#870,#871,#872)) ;
#892=EDGE_LOOP('',(#893,#894,#895,#896)) ;
#916=EDGE_LOOP('',(#917,#918,#919,#920)) ;
#933=EDGE_LOOP('',(#934,#935,#936,#937)) ;
#955=EDGE_LOOP('',(#956,#957,#958,#959)) ;
#962=EDGE_LOOP('',(#963,#964,#965,#966)) ;
#1000=EDGE_LOOP('',(#1001,#1002,#1003,#1004,#1005)) ;
#1021=EDGE_LOOP('',(#1022,#1023)) ;
#1150=EDGE_LOOP('',(#1151,#1152,#1153,#1154,#1155,#1156,#1157,#1158,#1159,#1160,#1161,#1162,#1163,#1164,#1165,#1166,#1167)) ;
#1187=EDGE_LOOP('',(#1188,#1189,#1190,#1191,#1192,#1193)) ;
#1213=EDGE_LOOP('',(#1214,#1215,#1216,#1217)) ;
#1283=EDGE_LOOP('',(#1284,#1285,#1286,#1287,#1288,#1289,#1290,#1291,#1292,#1293,#1294,#1295,#1296,#1297,#1298,#1299)) ;
#1329=EDGE_LOOP('',(#1330,#1331,#1332,#1333)) ;
#1369=EDGE_LOOP('',(#1370,#1371,#1372,#1373,#1374,#1375)) ;
#1666=EDGE_LOOP('',(#1667,#1668,#1669,#1670,#1671,#1672,#1673,#1674,#1675,#1676,#1677,#1678,#1679,#1680,#1681,#1682,#1683,#1684,#1685,#1686,#1687,#1688,#1689,#1690,#1691,#1692,#1693,#1694,#1695,#1696,#1697,#1698,#1699,#1700,#1701,#1702,#1703,#1704,#1705,#1706,#1707,#1708,#1709,#1710,#1711,#1712)) ;
#1742=EDGE_LOOP('',(#1743,#1744,#1745,#1746)) ;
#1840=EDGE_LOOP('',(#1841,#1842,#1843,#1844,#1845,#1846,#1847,#1848)) ;
#1875=EDGE_LOOP('',(#1876,#1877,#1878,#1879)) ;
#1892=EDGE_LOOP('',(#1893,#1894,#1895,#1896,#1897)) ;
#1910=EDGE_LOOP('',(#1911,#1912,#1913,#1914)) ;
#1927=EDGE_LOOP('',(#1928,#1929,#1930,#1931,#1932)) ;
#1971=EDGE_LOOP('',(#1972,#1973,#1974,#1975,#1976,#1977,#1978,#1979,#1980)) ;
#2000=EDGE_LOOP('',(#2001,#2002,#2003,#2004,#2005)) ;
#2021=EDGE_LOOP('',(#2022,#2023)) ;
#2031=EDGE_LOOP('',(#2032,#2033,#2034,#2035)) ;
#2068=EDGE_LOOP('',(#2069,#2070,#2071,#2072)) ;
#2102=EDGE_LOOP('',(#2103,#2104,#2105,#2106)) ;
#2124=EDGE_LOOP('',(#2125,#2126,#2127,#2128)) ;
#2131=EDGE_LOOP('',(#2132,#2133,#2134,#2135)) ;
#2150=EDGE_LOOP('',(#2151,#2152,#2153,#2154)) ;
#2169=EDGE_LOOP('',(#2170,#2171,#2172,#2173)) ;
#2181=EDGE_LOOP('',(#2182,#2183,#2184,#2185)) ;
#2205=EDGE_LOOP('',(#2206,#2207,#2208,#2209)) ;
#2239=EDGE_LOOP('',(#2240,#2241,#2242,#2243)) ;
#2263=EDGE_LOOP('',(#2264,#2265,#2266,#2267)) ;
#2287=EDGE_LOOP('',(#2288,#2289,#2290,#2291)) ;
#2321=EDGE_LOOP('',(#2322,#2323,#2324,#2325)) ;
#2345=EDGE_LOOP('',(#2346,#2347,#2348,#2349)) ;
#2392=EDGE_LOOP('',(#2393,#2394,#2395,#2396,#2397,#2398,#2399,#2400)) ;
#2452=EDGE_LOOP('',(#2453,#2454)) ;
#2506=EDGE_LOOP('',(#2507,#2508)) ;
#2521=EDGE_LOOP('',(#2522,#2523,#2524,#2525)) ;
#2609=EDGE_LOOP('',(#2610,#2611,#2612,#2613,#2614,#2615,#2616,#2617,#2618)) ;
#2638=EDGE_LOOP('',(#2639,#2640,#2641,#2642)) ;
#2732=EDGE_LOOP('',(#2733,#2734,#2735,#2736,#2737,#2738,#2739,#2740,#2741,#2742,#2743,#2744,#2745,#2746)) ;
#2748=EDGE_LOOP('',(#2749,#2750,#2751,#2752)) ;
#2765=EDGE_LOOP('',(#2766,#2767,#2768,#2769)) ;
#2772=EDGE_LOOP('',(#2773,#2774,#2775,#2776)) ;
#2803=EDGE_LOOP('',(#2804,#2805,#2806,#2807)) ;
#2823=EDGE_LOOP('',(#2824,#2825)) ;
#2845=EDGE_LOOP('',(#2846,#2847,#2848,#2849)) ;
#2869=EDGE_LOOP('',(#2870,#2871,#2872,#2873)) ;
#2889=EDGE_LOOP('',(#2890,#2891)) ;
#2904=EDGE_LOOP('',(#2905,#2906,#2907,#2908)) ;
#2928=EDGE_LOOP('',(#2929,#2930,#2931,#2932)) ;
#2952=EDGE_LOOP('',(#2953,#2954,#2955,#2956)) ;
#2972=EDGE_LOOP('',(#2973,#2974)) ;
#3006=EDGE_LOOP('',(#3007,#3008,#3009,#3010,#3011,#3012,#3013,#3014)) ;
#3034=EDGE_LOOP('',(#3035,#3036,#3037,#3038)) ;
#3058=EDGE_LOOP('',(#3059,#3060,#3061,#3062)) ;
#3082=EDGE_LOOP('',(#3083,#3084,#3085,#3086)) ;
#3111=EDGE_LOOP('',(#3112,#3113,#3114,#3115,#3116,#3117,#3118,#3119)) ;
#3132=EDGE_LOOP('',(#3133,#3134,#3135,#3136)) ;
#3156=EDGE_LOOP('',(#3157,#3158,#3159,#3160)) ;
#3173=EDGE_LOOP('',(#3174,#3175,#3176,#3177)) ;
#3185=EDGE_LOOP('',(#3186,#3187,#3188,#3189)) ;
#3197=EDGE_LOOP('',(#3198,#3199,#3200,#3201)) ;
#3221=EDGE_LOOP('',(#3222,#3223,#3224,#3225)) ;
#3259=EDGE_LOOP('',(#3260,#3261,#3262,#3263,#3264,#3265)) ;
#3281=EDGE_LOOP('',(#3282,#3283)) ;
#3310=EDGE_LOOP('',(#3311,#3312,#3313,#3314,#3315)) ;
#3335=EDGE_LOOP('',(#3336,#3337,#3338,#3339)) ;
#3359=EDGE_LOOP('',(#3360,#3361,#3362,#3363)) ;
#3379=EDGE_LOOP('',(#3380,#3381)) ;
#3399=EDGE_LOOP('',(#3400,#3401,#3402,#3403,#3404)) ;
#3417=EDGE_LOOP('',(#3418,#3419,#3420,#3421)) ;
#3443=EDGE_LOOP('',(#3444,#3445,#3446,#3447,#3448)) ;
#3464=EDGE_LOOP('',(#3465,#3466)) ;
#3479=EDGE_LOOP('',(#3480,#3481,#3482,#3483)) ;
#3496=EDGE_LOOP('',(#3497,#3498,#3499,#3500)) ;
#3527=EDGE_LOOP('',(#3528,#3529,#3530,#3531)) ;
#3583=EDGE_LOOP('',(#3584,#3585)) ;
#3605=EDGE_LOOP('',(#3606,#3607,#3608,#3609)) ;
#3629=EDGE_LOOP('',(#3630,#3631,#3632,#3633)) ;
#3653=EDGE_LOOP('',(#3654,#3655,#3656,#3657)) ;
#3677=EDGE_LOOP('',(#3678,#3679,#3680,#3681)) ;
#3697=EDGE_LOOP('',(#3698,#3699)) ;
#3719=EDGE_LOOP('',(#3720,#3721,#3722,#3723)) ;
#3743=EDGE_LOOP('',(#3744,#3745,#3746,#3747)) ;
#3760=EDGE_LOOP('',(#3761,#3762,#3763,#3764)) ;
#3767=EDGE_LOOP('',(#3768,#3769,#3770,#3771,#3772,#3773,#3774,#3775)) ;
#3795=EDGE_LOOP('',(#3796,#3797,#3798,#3799)) ;
#3819=EDGE_LOOP('',(#3820,#3821,#3822,#3823)) ;
#3841=EDGE_LOOP('',(#3842,#3843,#3844,#3845)) ;
#3853=EDGE_LOOP('',(#3854,#3855,#3856,#3857)) ;
#3877=EDGE_LOOP('',(#3878,#3879,#3880,#3881)) ;
#3927=EDGE_LOOP('',(#3928,#3929,#3930,#3931,#3932,#3933,#3934)) ;
#3964=EDGE_LOOP('',(#3965,#3966,#3967,#3968)) ;
#3983=EDGE_LOOP('',(#3984,#3985,#3986,#3987)) ;
#4007=EDGE_LOOP('',(#4008,#4009,#4010,#4011)) ;
#4073=EDGE_LOOP('',(#4074,#4075,#4076,#4077,#4078,#4079,#4080,#4081,#4082,#4083,#4084,#4085,#4086,#4087,#4088)) ;
#4104=EDGE_LOOP('',(#4105,#4106)) ;
#4122=EDGE_LOOP('',(#4123,#4124)) ;
#4126=EDGE_LOOP('',(#4127,#4128,#4129,#4130,#4131,#4132,#4133,#4134)) ;
#4154=EDGE_LOOP('',(#4155,#4156,#4157,#4158)) ;
#4178=EDGE_LOOP('',(#4179,#4180,#4181,#4182)) ;
#4198=EDGE_LOOP('',(#4199,#4200)) ;
#4220=EDGE_LOOP('',(#4221,#4222,#4223,#4224)) ;
#4265=EDGE_LOOP('',(#4266,#4267,#4268,#4269,#4270,#4271,#4272)) ;
#4302=EDGE_LOOP('',(#4303,#4304,#4305,#4306)) ;
#4333=EDGE_LOOP('',(#4334,#4335,#4336,#4337)) ;
#4345=EDGE_LOOP('',(#4346,#4347,#4348,#4349)) ;
#4376=EDGE_LOOP('',(#4377,#4378,#4379,#4380)) ;
#4388=EDGE_LOOP('',(#4389,#4390,#4391,#4392)) ;
#4405=EDGE_LOOP('',(#4406,#4407,#4408,#4409)) ;
#4422=EDGE_LOOP('',(#4423,#4424,#4425,#4426)) ;
#4439=EDGE_LOOP('',(#4440,#4441,#4442,#4443)) ;
#4461=EDGE_LOOP('',(#4462,#4463,#4464,#4465)) ;
#4478=EDGE_LOOP('',(#4479,#4480,#4481,#4482)) ;
#4495=EDGE_LOOP('',(#4496,#4497,#4498,#4499)) ;
#4519=EDGE_LOOP('',(#4520,#4521,#4522,#4523)) ;
#4543=EDGE_LOOP('',(#4544,#4545,#4546,#4547)) ;
#4569=EDGE_LOOP('',(#4570,#4571,#4572,#4573)) ;
#4597=EDGE_LOOP('',(#4598,#4599,#4600,#4601)) ;
#4619=EDGE_LOOP('',(#4620,#4621,#4622,#4623)) ;
#4631=EDGE_LOOP('',(#4632,#4633,#4634,#4635)) ;
#4651=EDGE_LOOP('',(#4652,#4653,#4654,#4655)) ;
#4671=EDGE_LOOP('',(#4672,#4673,#4674,#4675)) ;
#4683=EDGE_LOOP('',(#4684,#4685,#4686,#4687)) ;
#4703=EDGE_LOOP('',(#4704,#4705,#4706,#4707)) ;
#4734=EDGE_LOOP('',(#4735,#4736,#4737,#4738)) ;
#4746=EDGE_LOOP('',(#4747,#4748,#4749,#4750)) ;
#4763=EDGE_LOOP('',(#4764,#4765,#4766,#4767)) ;
#4775=EDGE_LOOP('',(#4776,#4777,#4778,#4779)) ;
#4799=EDGE_LOOP('',(#4800,#4801,#4802,#4803)) ;
#4823=EDGE_LOOP('',(#4824,#4825,#4826,#4827)) ;
#4860=EDGE_LOOP('',(#4861,#4862,#4863,#4864)) ;
#4927=EDGE_LOOP('',(#4928,#4929,#4930,#4931,#4932,#4933,#4934,#4935,#4936,#4937)) ;
#4964=EDGE_LOOP('',(#4965,#4966,#4967,#4968)) ;
#4981=EDGE_LOOP('',(#4982,#4983,#4984,#4985)) ;
#5012=EDGE_LOOP('',(#5013,#5014,#5015,#5016)) ;
#5024=EDGE_LOOP('',(#5025,#5026,#5027,#5028)) ;
#5044=EDGE_LOOP('',(#5045,#5046,#5047,#5048)) ;
#5066=EDGE_LOOP('',(#5067,#5068,#5069,#5070)) ;
#5073=EDGE_LOOP('',(#5074,#5075,#5076,#5077)) ;
#5085=EDGE_LOOP('',(#5086,#5087,#5088,#5089)) ;
#5116=EDGE_LOOP('',(#5117,#5118,#5119,#5120)) ;
#5128=EDGE_LOOP('',(#5129,#5130,#5131,#5132)) ;
#5159=EDGE_LOOP('',(#5160,#5161,#5162,#5163)) ;
#5171=EDGE_LOOP('',(#5172,#5173,#5174,#5175)) ;
#5215=EDGE_LOOP('',(#5216,#5217,#5218,#5219)) ;
#5248=EDGE_LOOP('',(#5249,#5250,#5251,#5252)) ;
#5288=EDGE_LOOP('',(#5289,#5290,#5291,#5292)) ;
#5310=EDGE_LOOP('',(#5311,#5312,#5313,#5314)) ;
#5343=EDGE_LOOP('',(#5344,#5345,#5346,#5347)) ;
#5365=EDGE_LOOP('',(#5366,#5367,#5368,#5369)) ;
#5382=EDGE_LOOP('',(#5383,#5384,#5385,#5386)) ;
#5394=EDGE_LOOP('',(#5395,#5396,#5397,#5398)) ;
#5420=EDGE_LOOP('',(#5421,#5422,#5423,#5424)) ;
#5434=EDGE_LOOP('',(#5435,#5436,#5437,#5438)) ;
#5453=EDGE_LOOP('',(#5454,#5455,#5456,#5457)) ;
#5460=EDGE_LOOP('',(#5461,#5462,#5463,#5464)) ;
#5485=EDGE_LOOP('',(#5486,#5487,#5488,#5489,#5490,#5491)) ;
#5518=EDGE_LOOP('',(#5519,#5520,#5521,#5522)) ;
#5530=EDGE_LOOP('',(#5531,#5532,#5533,#5534)) ;
#5561=EDGE_LOOP('',(#5562,#5563,#5564,#5565)) ;
#5573=EDGE_LOOP('',(#5574,#5575,#5576,#5577)) ;
#5590=EDGE_LOOP('',(#5591,#5592,#5593,#5594)) ;
#5602=EDGE_LOOP('',(#5603,#5604,#5605,#5606)) ;
#5609=EDGE_LOOP('',(#5610,#5611)) ;
#5613=EDGE_LOOP('',(#5614,#5615)) ;
#5618=EDGE_LOOP('',(#5619,#5620)) ;
#5622=EDGE_LOOP('',(#5623,#5624)) ;
#5639=EDGE_LOOP('',(#5640,#5641,#5642,#5643,#5644)) ;
#5646=EDGE_LOOP('',(#5647,#5648)) ;
#5668=EDGE_LOOP('',(#5669,#5670,#5671,#5672)) ;
#5701=EDGE_LOOP('',(#5702,#5703,#5704,#5705,#5706,#5707,#5708,#5709)) ;
#5711=EDGE_LOOP('',(#5712,#5713,#5714,#5715)) ;
#5723=EDGE_LOOP('',(#5724,#5725)) ;
#5727=EDGE_LOOP('',(#5728,#5729)) ;
#5742=EDGE_LOOP('',(#5743,#5744,#5745,#5746)) ;
#5761=EDGE_LOOP('',(#5762,#5763,#5764,#5765)) ;
#5773=EDGE_LOOP('',(#5774,#5775)) ;
#5788=EDGE_LOOP('',(#5789,#5790,#5791,#5792)) ;
#5800=EDGE_LOOP('',(#5801,#5802)) ;
#5804=EDGE_LOOP('',(#5805,#5806)) ;
#5814=EDGE_LOOP('',(#5815,#5816,#5817,#5818)) ;
#5831=EDGE_LOOP('',(#5832,#5833,#5834,#5835)) ;
#5838=EDGE_LOOP('',(#5839,#5840,#5841,#5842)) ;
#5850=EDGE_LOOP('',(#5851,#5852,#5853,#5854)) ;
#5872=EDGE_LOOP('',(#5873,#5874,#5875,#5876)) ;
#5884=EDGE_LOOP('',(#5885,#5886,#5887,#5888)) ;
#5890=EDGE_LOOP('',(#5891,#5892)) ;
#5900=EDGE_LOOP('',(#5901,#5902,#5903,#5904)) ;
#5906=EDGE_LOOP('',(#5907,#5908)) ;
#5916=EDGE_LOOP('',(#5917,#5918,#5919,#5920)) ;
#121=FACE_OUTER_BOUND('',#112,.T.) ;
#152=FACE_OUTER_BOUND('',#147,.T.) ;
#201=FACE_OUTER_BOUND('',#196,.T.) ;
#273=FACE_OUTER_BOUND('',#264,.T.) ;
#313=FACE_OUTER_BOUND('',#308,.T.) ;
#330=FACE_OUTER_BOUND('',#325,.T.) ;
#426=FACE_OUTER_BOUND('',#414,.T.) ;
#548=FACE_OUTER_BOUND('',#540,.T.) ;
#601=FACE_OUTER_BOUND('',#596,.T.) ;
#625=FACE_OUTER_BOUND('',#620,.T.) ;
#672=FACE_OUTER_BOUND('',#663,.T.) ;
#730=FACE_OUTER_BOUND('',#725,.T.) ;
#754=FACE_OUTER_BOUND('',#749,.T.) ;
#792=FACE_OUTER_BOUND('',#785,.T.) ;
#839=FACE_OUTER_BOUND('',#830,.T.) ;
#897=FACE_OUTER_BOUND('',#892,.T.) ;
#921=FACE_OUTER_BOUND('',#916,.T.) ;
#938=FACE_OUTER_BOUND('',#933,.T.) ;
#960=FACE_OUTER_BOUND('',#955,.T.) ;
#967=FACE_OUTER_BOUND('',#962,.T.) ;
#1006=FACE_OUTER_BOUND('',#1000,.T.) ;
#1168=FACE_OUTER_BOUND('',#1150,.T.) ;
#1194=FACE_OUTER_BOUND('',#1187,.T.) ;
#1218=FACE_OUTER_BOUND('',#1213,.T.) ;
#1300=FACE_OUTER_BOUND('',#1283,.T.) ;
#1376=FACE_OUTER_BOUND('',#1369,.T.) ;
#1713=FACE_OUTER_BOUND('',#1666,.T.) ;
#1880=FACE_OUTER_BOUND('',#1875,.T.) ;
#1898=FACE_OUTER_BOUND('',#1892,.T.) ;
#1915=FACE_OUTER_BOUND('',#1910,.T.) ;
#1933=FACE_OUTER_BOUND('',#1927,.T.) ;
#1981=FACE_OUTER_BOUND('',#1971,.T.) ;
#2006=FACE_OUTER_BOUND('',#2000,.T.) ;
#2036=FACE_OUTER_BOUND('',#2031,.T.) ;
#2073=FACE_OUTER_BOUND('',#2068,.T.) ;
#2107=FACE_OUTER_BOUND('',#2102,.T.) ;
#2129=FACE_OUTER_BOUND('',#2124,.T.) ;
#2136=FACE_OUTER_BOUND('',#2131,.T.) ;
#2155=FACE_OUTER_BOUND('',#2150,.T.) ;
#2174=FACE_OUTER_BOUND('',#2169,.T.) ;
#2186=FACE_OUTER_BOUND('',#2181,.T.) ;
#2210=FACE_OUTER_BOUND('',#2205,.T.) ;
#2244=FACE_OUTER_BOUND('',#2239,.T.) ;
#2268=FACE_OUTER_BOUND('',#2263,.T.) ;
#2292=FACE_OUTER_BOUND('',#2287,.T.) ;
#2326=FACE_OUTER_BOUND('',#2321,.T.) ;
#2350=FACE_OUTER_BOUND('',#2345,.T.) ;
#2401=FACE_OUTER_BOUND('',#2392,.T.) ;
#2526=FACE_OUTER_BOUND('',#2521,.T.) ;
#2619=FACE_OUTER_BOUND('',#2609,.T.) ;
#2643=FACE_OUTER_BOUND('',#2638,.T.) ;
#2747=FACE_OUTER_BOUND('',#2732,.T.) ;
#2770=FACE_OUTER_BOUND('',#2765,.T.) ;
#2777=FACE_OUTER_BOUND('',#2772,.T.) ;
#2808=FACE_OUTER_BOUND('',#2803,.T.) ;
#2850=FACE_OUTER_BOUND('',#2845,.T.) ;
#2874=FACE_OUTER_BOUND('',#2869,.T.) ;
#2909=FACE_OUTER_BOUND('',#2904,.T.) ;
#2933=FACE_OUTER_BOUND('',#2928,.T.) ;
#2957=FACE_OUTER_BOUND('',#2952,.T.) ;
#3015=FACE_OUTER_BOUND('',#3006,.T.) ;
#3039=FACE_OUTER_BOUND('',#3034,.T.) ;
#3063=FACE_OUTER_BOUND('',#3058,.T.) ;
#3087=FACE_OUTER_BOUND('',#3082,.T.) ;
#3120=FACE_OUTER_BOUND('',#3111,.T.) ;
#3137=FACE_OUTER_BOUND('',#3132,.T.) ;
#3161=FACE_OUTER_BOUND('',#3156,.T.) ;
#3178=FACE_OUTER_BOUND('',#3173,.T.) ;
#3190=FACE_OUTER_BOUND('',#3185,.T.) ;
#3202=FACE_OUTER_BOUND('',#3197,.T.) ;
#3226=FACE_OUTER_BOUND('',#3221,.T.) ;
#3266=FACE_OUTER_BOUND('',#3259,.T.) ;
#3316=FACE_OUTER_BOUND('',#3310,.T.) ;
#3340=FACE_OUTER_BOUND('',#3335,.T.) ;
#3364=FACE_OUTER_BOUND('',#3359,.T.) ;
#3405=FACE_OUTER_BOUND('',#3399,.T.) ;
#3422=FACE_OUTER_BOUND('',#3417,.T.) ;
#3449=FACE_OUTER_BOUND('',#3443,.T.) ;
#3484=FACE_OUTER_BOUND('',#3479,.T.) ;
#3501=FACE_OUTER_BOUND('',#3496,.T.) ;
#3532=FACE_OUTER_BOUND('',#3527,.T.) ;
#3610=FACE_OUTER_BOUND('',#3605,.T.) ;
#3634=FACE_OUTER_BOUND('',#3629,.T.) ;
#3658=FACE_OUTER_BOUND('',#3653,.T.) ;
#3682=FACE_OUTER_BOUND('',#3677,.T.) ;
#3724=FACE_OUTER_BOUND('',#3719,.T.) ;
#3748=FACE_OUTER_BOUND('',#3743,.T.) ;
#3765=FACE_OUTER_BOUND('',#3760,.T.) ;
#3776=FACE_OUTER_BOUND('',#3767,.T.) ;
#3800=FACE_OUTER_BOUND('',#3795,.T.) ;
#3824=FACE_OUTER_BOUND('',#3819,.T.) ;
#3846=FACE_OUTER_BOUND('',#3841,.T.) ;
#3858=FACE_OUTER_BOUND('',#3853,.T.) ;
#3882=FACE_OUTER_BOUND('',#3877,.T.) ;
#3935=FACE_OUTER_BOUND('',#3927,.T.) ;
#3988=FACE_OUTER_BOUND('',#3983,.T.) ;
#4012=FACE_OUTER_BOUND('',#4007,.T.) ;
#4089=FACE_OUTER_BOUND('',#4073,.T.) ;
#4159=FACE_OUTER_BOUND('',#4154,.T.) ;
#4183=FACE_OUTER_BOUND('',#4178,.T.) ;
#4225=FACE_OUTER_BOUND('',#4220,.T.) ;
#4273=FACE_OUTER_BOUND('',#4265,.T.) ;
#4338=FACE_OUTER_BOUND('',#4333,.T.) ;
#4350=FACE_OUTER_BOUND('',#4345,.T.) ;
#4381=FACE_OUTER_BOUND('',#4376,.T.) ;
#4393=FACE_OUTER_BOUND('',#4388,.T.) ;
#4410=FACE_OUTER_BOUND('',#4405,.T.) ;
#4427=FACE_OUTER_BOUND('',#4422,.T.) ;
#4444=FACE_OUTER_BOUND('',#4439,.T.) ;
#4466=FACE_OUTER_BOUND('',#4461,.T.) ;
#4483=FACE_OUTER_BOUND('',#4478,.T.) ;
#4500=FACE_OUTER_BOUND('',#4495,.T.) ;
#4524=FACE_OUTER_BOUND('',#4519,.T.) ;
#4548=FACE_OUTER_BOUND('',#4543,.T.) ;
#4574=FACE_OUTER_BOUND('',#4569,.T.) ;
#4602=FACE_OUTER_BOUND('',#4597,.T.) ;
#4624=FACE_OUTER_BOUND('',#4619,.T.) ;
#4636=FACE_OUTER_BOUND('',#4631,.T.) ;
#4656=FACE_OUTER_BOUND('',#4651,.T.) ;
#4676=FACE_OUTER_BOUND('',#4671,.T.) ;
#4688=FACE_OUTER_BOUND('',#4683,.T.) ;
#4708=FACE_OUTER_BOUND('',#4703,.T.) ;
#4739=FACE_OUTER_BOUND('',#4734,.T.) ;
#4751=FACE_OUTER_BOUND('',#4746,.T.) ;
#4768=FACE_OUTER_BOUND('',#4763,.T.) ;
#4780=FACE_OUTER_BOUND('',#4775,.T.) ;
#4804=FACE_OUTER_BOUND('',#4799,.T.) ;
#4828=FACE_OUTER_BOUND('',#4823,.T.) ;
#4865=FACE_OUTER_BOUND('',#4860,.T.) ;
#4938=FACE_OUTER_BOUND('',#4927,.T.) ;
#4969=FACE_OUTER_BOUND('',#4964,.T.) ;
#4986=FACE_OUTER_BOUND('',#4981,.T.) ;
#5017=FACE_OUTER_BOUND('',#5012,.T.) ;
#5029=FACE_OUTER_BOUND('',#5024,.T.) ;
#5049=FACE_OUTER_BOUND('',#5044,.T.) ;
#5071=FACE_OUTER_BOUND('',#5066,.T.) ;
#5078=FACE_OUTER_BOUND('',#5073,.T.) ;
#5090=FACE_OUTER_BOUND('',#5085,.T.) ;
#5121=FACE_OUTER_BOUND('',#5116,.T.) ;
#5133=FACE_OUTER_BOUND('',#5128,.T.) ;
#5164=FACE_OUTER_BOUND('',#5159,.T.) ;
#5176=FACE_OUTER_BOUND('',#5171,.T.) ;
#5220=FACE_OUTER_BOUND('',#5215,.T.) ;
#5253=FACE_OUTER_BOUND('',#5248,.T.) ;
#5293=FACE_OUTER_BOUND('',#5288,.T.) ;
#5315=FACE_OUTER_BOUND('',#5310,.T.) ;
#5348=FACE_OUTER_BOUND('',#5343,.T.) ;
#5370=FACE_OUTER_BOUND('',#5365,.T.) ;
#5387=FACE_OUTER_BOUND('',#5382,.T.) ;
#5399=FACE_OUTER_BOUND('',#5394,.T.) ;
#5425=FACE_OUTER_BOUND('',#5420,.T.) ;
#5439=FACE_OUTER_BOUND('',#5434,.T.) ;
#5458=FACE_OUTER_BOUND('',#5453,.T.) ;
#5465=FACE_OUTER_BOUND('',#5460,.T.) ;
#5492=FACE_OUTER_BOUND('',#5485,.T.) ;
#5523=FACE_OUTER_BOUND('',#5518,.T.) ;
#5535=FACE_OUTER_BOUND('',#5530,.T.) ;
#5566=FACE_OUTER_BOUND('',#5561,.T.) ;
#5578=FACE_OUTER_BOUND('',#5573,.T.) ;
#5595=FACE_OUTER_BOUND('',#5590,.T.) ;
#5607=FACE_OUTER_BOUND('',#5602,.T.) ;
#5612=FACE_OUTER_BOUND('',#5609,.T.) ;
#5621=FACE_OUTER_BOUND('',#5618,.T.) ;
#5645=FACE_OUTER_BOUND('',#5639,.T.) ;
#5673=FACE_OUTER_BOUND('',#5668,.T.) ;
#5710=FACE_OUTER_BOUND('',#5701,.T.) ;
#5726=FACE_OUTER_BOUND('',#5723,.T.) ;
#5747=FACE_OUTER_BOUND('',#5742,.T.) ;
#5766=FACE_OUTER_BOUND('',#5761,.T.) ;
#5776=FACE_OUTER_BOUND('',#5773,.T.) ;
#5793=FACE_OUTER_BOUND('',#5788,.T.) ;
#5803=FACE_OUTER_BOUND('',#5800,.T.) ;
#5819=FACE_OUTER_BOUND('',#5814,.T.) ;
#5836=FACE_OUTER_BOUND('',#5831,.T.) ;
#5843=FACE_OUTER_BOUND('',#5838,.T.) ;
#5855=FACE_OUTER_BOUND('',#5850,.T.) ;
#5877=FACE_OUTER_BOUND('',#5872,.T.) ;
#5889=FACE_OUTER_BOUND('',#5884,.T.) ;
#5905=FACE_OUTER_BOUND('',#5900,.T.) ;
#5921=FACE_OUTER_BOUND('',#5916,.T.) ;
#44=UNCERTAINTY_MEASURE_WITH_UNIT(LENGTH_MEASURE(0.005),#41,'distance_accuracy_value','CONFUSED CURVE UNCERTAINTY') ;
#59=LINE('Line',#56,#58) ;
#68=LINE('Line',#65,#67) ;
#75=LINE('Line',#72,#74) ;
#82=LINE('Line',#79,#81) ;
#89=LINE('Line',#86,#88) ;
#96=LINE('Line',#93,#95) ;
#103=LINE('Line',#100,#102) ;
#110=LINE('Line',#107,#109) ;
#131=LINE('Line',#128,#130) ;
#140=LINE('Line',#137,#139) ;
#145=LINE('Line',#142,#144) ;
#180=LINE('Line',#177,#179) ;
#187=LINE('Line',#184,#186) ;
#194=LINE('Line',#191,#193) ;
#229=LINE('Line',#226,#228) ;
#234=LINE('Line',#231,#233) ;
#241=LINE('Line',#238,#240) ;
#248=LINE('Line',#245,#247) ;
#255=LINE('Line',#252,#254) ;
#262=LINE('Line',#259,#261) ;
#292=LINE('Line',#289,#291) ;
#306=LINE('Line',#303,#305) ;
#340=LINE('Line',#337,#339) ;
#356=LINE('Line',#353,#355) ;
#370=LINE('Line',#367,#369) ;
#391=LINE('Line',#388,#390) ;
#405=LINE('Line',#402,#404) ;
#494=LINE('Line',#491,#493) ;
#503=LINE('Line',#500,#502) ;
#524=LINE('Line',#521,#523) ;
#531=LINE('Line',#528,#530) ;
#538=LINE('Line',#535,#537) ;
#580=LINE('Line',#577,#579) ;
#589=LINE('Line',#586,#588) ;
#594=LINE('Line',#591,#593) ;
#618=LINE('Line',#615,#617) ;
#635=LINE('Line',#632,#634) ;
#642=LINE('Line',#639,#641) ;
#647=LINE('Line',#644,#646) ;
#654=LINE('Line',#651,#653) ;
#661=LINE('Line',#658,#660) ;
#676=LINE('Line',#673,#675) ;
#685=LINE('Line',#682,#684) ;
#692=LINE('Line',#689,#691) ;
#699=LINE('Line',#696,#698) ;
#723=LINE('Line',#720,#722) ;
#740=LINE('Line',#737,#739) ;
#747=LINE('Line',#744,#746) ;
#783=LINE('Line',#780,#782) ;
#802=LINE('Line',#799,#801) ;
#809=LINE('Line',#806,#808) ;
#814=LINE('Line',#811,#813) ;
#821=LINE('Line',#818,#820) ;
#828=LINE('Line',#825,#827) ;
#843=LINE('Line',#840,#842) ;
#852=LINE('Line',#849,#851) ;
#859=LINE('Line',#856,#858) ;
#866=LINE('Line',#863,#865) ;
#890=LINE('Line',#887,#889) ;
#907=LINE('Line',#904,#906) ;
#914=LINE('Line',#911,#913) ;
#948=LINE('Line',#945,#947) ;
#953=LINE('Line',#950,#952) ;
#977=LINE('Line',#974,#976) ;
#984=LINE('Line',#981,#983) ;
#991=LINE('Line',#988,#990) ;
#998=LINE('Line',#995,#997) ;
#1034=LINE('Line',#1031,#1033) ;
#1043=LINE('Line',#1040,#1042) ;
#1050=LINE('Line',#1047,#1049) ;
#1057=LINE('Line',#1054,#1056) ;
#1064=LINE('Line',#1061,#1063) ;
#1071=LINE('Line',#1068,#1070) ;
#1094=LINE('Line',#1091,#1093) ;
#1101=LINE('Line',#1098,#1100) ;
#1108=LINE('Line',#1105,#1107) ;
#1113=LINE('Line',#1110,#1112) ;
#1120=LINE('Line',#1117,#1119) ;
#1127=LINE('Line',#1124,#1126) ;
#1134=LINE('Line',#1131,#1133) ;
#1141=LINE('Line',#1138,#1140) ;
#1148=LINE('Line',#1145,#1147) ;
#1204=LINE('Line',#1201,#1203) ;
#1211=LINE('Line',#1208,#1210) ;
#1228=LINE('Line',#1225,#1227) ;
#1242=LINE('Line',#1239,#1241) ;
#1265=LINE('Line',#1262,#1264) ;
#1304=LINE('Line',#1301,#1303) ;
#1313=LINE('Line',#1310,#1312) ;
#1320=LINE('Line',#1317,#1319) ;
#1327=LINE('Line',#1324,#1326) ;
#1360=LINE('Line',#1357,#1359) ;
#1381=LINE('Line',#1378,#1380) ;
#1407=LINE('Line',#1404,#1406) ;
#1433=LINE('Line',#1430,#1432) ;
#1438=LINE('Line',#1435,#1437) ;
#1464=LINE('Line',#1461,#1463) ;
#1469=LINE('Line',#1466,#1468) ;
#1492=LINE('Line',#1489,#1491) ;
#1510=LINE('Line',#1507,#1509) ;
#1517=LINE('Line',#1514,#1516) ;
#1524=LINE('Line',#1521,#1523) ;
#1545=LINE('Line',#1542,#1544) ;
#1568=LINE('Line',#1565,#1567) ;
#1582=LINE('Line',#1579,#1581) ;
#1589=LINE('Line',#1586,#1588) ;
#1603=LINE('Line',#1600,#1602) ;
#1617=LINE('Line',#1614,#1616) ;
#1624=LINE('Line',#1621,#1623) ;
#1638=LINE('Line',#1635,#1637) ;
#1664=LINE('Line',#1661,#1663) ;
#1717=LINE('Line',#1714,#1716) ;
#1726=LINE('Line',#1723,#1725) ;
#1733=LINE('Line',#1730,#1732) ;
#1740=LINE('Line',#1737,#1739) ;
#1751=LINE('Line',#1748,#1750) ;
#1776=LINE('Line',#1773,#1775) ;
#1799=LINE('Line',#1796,#1798) ;
#1822=LINE('Line',#1819,#1821) ;
#1859=LINE('Line',#1856,#1858) ;
#1866=LINE('Line',#1863,#1865) ;
#1873=LINE('Line',#1870,#1872) ;
#1885=LINE('Line',#1882,#1884) ;
#1890=LINE('Line',#1887,#1889) ;
#1908=LINE('Line',#1905,#1907) ;
#1925=LINE('Line',#1922,#1924) ;
#1943=LINE('Line',#1940,#1942) ;
#1950=LINE('Line',#1947,#1949) ;
#1957=LINE('Line',#1954,#1956) ;
#1962=LINE('Line',#1959,#1961) ;
#1969=LINE('Line',#1966,#1968) ;
#1991=LINE('Line',#1988,#1990) ;
#1998=LINE('Line',#1995,#1997) ;
#2066=LINE('Line',#2063,#2065) ;
#2090=LINE('Line',#2087,#2089) ;
#2117=LINE('Line',#2114,#2116) ;
#2122=LINE('Line',#2119,#2121) ;
#2141=LINE('Line',#2138,#2140) ;
#2148=LINE('Line',#2145,#2147) ;
#2160=LINE('Line',#2157,#2159) ;
#2167=LINE('Line',#2164,#2166) ;
#2179=LINE('Line',#2176,#2178) ;
#2196=LINE('Line',#2193,#2195) ;
#2237=LINE('Line',#2234,#2236) ;
#2278=LINE('Line',#2275,#2277) ;
#2309=LINE('Line',#2306,#2308) ;
#2336=LINE('Line',#2333,#2335) ;
#2355=LINE('Line',#2352,#2354) ;
#2371=LINE('Line',#2368,#2370) ;
#2383=LINE('Line',#2380,#2382) ;
#2519=LINE('Line',#2516,#2518) ;
#2536=LINE('Line',#2533,#2535) ;
#2555=LINE('Line',#2552,#2554) ;
#2591=LINE('Line',#2588,#2590) ;
#2636=LINE('Line',#2633,#2635) ;
#2653=LINE('Line',#2650,#2652) ;
#2658=LINE('Line',#2655,#2657) ;
#2663=LINE('Line',#2660,#2662) ;
#2670=LINE('Line',#2667,#2669) ;
#2693=LINE('Line',#2690,#2692) ;
#2716=LINE('Line',#2713,#2715) ;
#2723=LINE('Line',#2720,#2722) ;
#2730=LINE('Line',#2727,#2729) ;
#2763=LINE('Line',#2760,#2762) ;
#2787=LINE('Line',#2784,#2786) ;
#2794=LINE('Line',#2791,#2793) ;
#2801=LINE('Line',#2798,#2800) ;
#2836=LINE('Line',#2833,#2835) ;
#2843=LINE('Line',#2840,#2842) ;
#2860=LINE('Line',#2857,#2859) ;
#2867=LINE('Line',#2864,#2866) ;
#2902=LINE('Line',#2899,#2901) ;
#2943=LINE('Line',#2940,#2942) ;
#2950=LINE('Line',#2947,#2949) ;
#2985=LINE('Line',#2982,#2984) ;
#2990=LINE('Line',#2987,#2989) ;
#2997=LINE('Line',#2994,#2996) ;
#3004=LINE('Line',#3001,#3003) ;
#3032=LINE('Line',#3029,#3031) ;
#3049=LINE('Line',#3046,#3048) ;
#3056=LINE('Line',#3053,#3055) ;
#3080=LINE('Line',#3077,#3079) ;
#3097=LINE('Line',#3094,#3096) ;
#3102=LINE('Line',#3099,#3101) ;
#3109=LINE('Line',#3106,#3108) ;
#3154=LINE('Line',#3151,#3153) ;
#3171=LINE('Line',#3168,#3170) ;
#3183=LINE('Line',#3180,#3182) ;
#3219=LINE('Line',#3216,#3218) ;
#3236=LINE('Line',#3233,#3235) ;
#3243=LINE('Line',#3240,#3242) ;
#3250=LINE('Line',#3247,#3249) ;
#3257=LINE('Line',#3254,#3256) ;
#3294=LINE('Line',#3291,#3293) ;
#3303=LINE('Line',#3300,#3302) ;
#3308=LINE('Line',#3305,#3307) ;
#3333=LINE('Line',#3330,#3332) ;
#3350=LINE('Line',#3347,#3349) ;
#3357=LINE('Line',#3354,#3356) ;
#3392=LINE('Line',#3389,#3391) ;
#3415=LINE('Line',#3412,#3414) ;
#3427=LINE('Line',#3424,#3426) ;
#3436=LINE('Line',#3433,#3435) ;
#3441=LINE('Line',#3438,#3440) ;
#3511=LINE('Line',#3508,#3510) ;
#3520=LINE('Line',#3517,#3519) ;
#3525=LINE('Line',#3522,#3524) ;
#3603=LINE('Line',#3600,#3602) ;
#3620=LINE('Line',#3617,#3619) ;
#3627=LINE('Line',#3624,#3626) ;
#3651=LINE('Line',#3648,#3650) ;
#3668=LINE('Line',#3665,#3667) ;
#3675=LINE('Line',#3672,#3674) ;
#3717=LINE('Line',#3714,#3716) ;
#3734=LINE('Line',#3731,#3733) ;
#3741=LINE('Line',#3738,#3740) ;
#3793=LINE('Line',#3790,#3792) ;
#3810=LINE('Line',#3807,#3809) ;
#3834=LINE('Line',#3831,#3833) ;
#3839=LINE('Line',#3836,#3838) ;
#3911=LINE('Line',#3908,#3910) ;
#3925=LINE('Line',#3922,#3924) ;
#3939=LINE('Line',#3936,#3938) ;
#3948=LINE('Line',#3945,#3947) ;
#3955=LINE('Line',#3952,#3954) ;
#3962=LINE('Line',#3959,#3961) ;
#3974=LINE('Line',#3971,#3973) ;
#3981=LINE('Line',#3978,#3980) ;
#4022=LINE('Line',#4019,#4021) ;
#4029=LINE('Line',#4026,#4028) ;
#4036=LINE('Line',#4033,#4035) ;
#4043=LINE('Line',#4040,#4042) ;
#4050=LINE('Line',#4047,#4049) ;
#4055=LINE('Line',#4052,#4054) ;
#4145=LINE('Line',#4142,#4144) ;
#4169=LINE('Line',#4166,#4168) ;
#4176=LINE('Line',#4173,#4175) ;
#4249=LINE('Line',#4246,#4248) ;
#4263=LINE('Line',#4260,#4262) ;
#4277=LINE('Line',#4274,#4276) ;
#4286=LINE('Line',#4283,#4285) ;
#4293=LINE('Line',#4290,#4292) ;
#4300=LINE('Line',#4297,#4299) ;
#4317=LINE('Line',#4314,#4316) ;
#4324=LINE('Line',#4321,#4323) ;
#4360=LINE('Line',#4357,#4359) ;
#4367=LINE('Line',#4364,#4366) ;
#4534=LINE('Line',#4531,#4533) ;
#4553=LINE('Line',#4550,#4552) ;
#4612=LINE('Line',#4609,#4611) ;
#4617=LINE('Line',#4614,#4616) ;
#4718=LINE('Line',#4715,#4717) ;
#4732=LINE('Line',#4729,#4731) ;
#4814=LINE('Line',#4811,#4813) ;
#4845=LINE('Line',#4842,#4844) ;
#4875=LINE('Line',#4872,#4874) ;
#4892=LINE('Line',#4889,#4891) ;
#4915=LINE('Line',#4912,#4914) ;
#4957=LINE('Line',#4954,#4956) ;
#4962=LINE('Line',#4959,#4961) ;
#4996=LINE('Line',#4993,#4995) ;
#5010=LINE('Line',#5007,#5009) ;
#5059=LINE('Line',#5056,#5058) ;
#5064=LINE('Line',#5061,#5063) ;
#5109=LINE('Line',#5106,#5108) ;
#5114=LINE('Line',#5111,#5113) ;
#5143=LINE('Line',#5140,#5142) ;
#5157=LINE('Line',#5154,#5156) ;
#5197=LINE('Line',#5194,#5196) ;
#5213=LINE('Line',#5210,#5212) ;
#5230=LINE('Line',#5227,#5229) ;
#5246=LINE('Line',#5243,#5245) ;
#5272=LINE('Line',#5269,#5271) ;
#5286=LINE('Line',#5283,#5285) ;
#5325=LINE('Line',#5322,#5324) ;
#5341=LINE('Line',#5338,#5340) ;
#5358=LINE('Line',#5355,#5357) ;
#5363=LINE('Line',#5360,#5362) ;
#5475=LINE('Line',#5472,#5474) ;
#5502=LINE('Line',#5499,#5501) ;
#5516=LINE('Line',#5513,#5515) ;
#5545=LINE('Line',#5542,#5544) ;
#5559=LINE('Line',#5556,#5558) ;
#5630=LINE('Line',#5627,#5629) ;
#5637=LINE('Line',#5634,#5636) ;
#5678=LINE('Line',#5675,#5677) ;
#5692=LINE('Line',#5689,#5691) ;
#5752=LINE('Line',#5749,#5751) ;
#5759=LINE('Line',#5756,#5758) ;
#5865=LINE('Line',#5862,#5864) ;
#5870=LINE('Line',#5867,#5869) ;
#5882=LINE('Line',#5879,#5881) ;
#5898=LINE('Line',#5895,#5897) ;
#2=MECHANICAL_CONTEXT(' ',#1,'mechanical') ;
#24=PERSONAL_ADDRESS(' ',' ',' ',' ',' ',' ',' ',' ',' ',' ',' ',' ',(#22),' ') ;
#55=PLANE('',#54) ;
#127=PLANE('',#126) ;
#176=PLANE('',#175) ;
#225=PLANE('',#224) ;
#336=PLANE('',#335) ;
#490=PLANE('',#489) ;
#576=PLANE('',#575) ;
#631=PLANE('',#630) ;
#736=PLANE('',#735) ;
#798=PLANE('',#797) ;
#903=PLANE('',#902) ;
#973=PLANE('',#972) ;
#1030=PLANE('',#1029) ;
#1200=PLANE('',#1199) ;
#1224=PLANE('',#1223) ;
#1855=PLANE('',#1854) ;
#1904=PLANE('',#1903) ;
#1921=PLANE('',#1920) ;
#1939=PLANE('',#1938) ;
#1987=PLANE('',#1986) ;
#2030=PLANE('',#2029) ;
#2532=PLANE('',#2531) ;
#2649=PLANE('',#2648) ;
#2783=PLANE('',#2782) ;
#2832=PLANE('',#2831) ;
#2856=PLANE('',#2855) ;
#2898=PLANE('',#2897) ;
#2939=PLANE('',#2938) ;
#2981=PLANE('',#2980) ;
#3045=PLANE('',#3044) ;
#3093=PLANE('',#3092) ;
#3167=PLANE('',#3166) ;
#3232=PLANE('',#3231) ;
#3290=PLANE('',#3289) ;
#3346=PLANE('',#3345) ;
#3411=PLANE('',#3410) ;
#3507=PLANE('',#3506) ;
#3616=PLANE('',#3615) ;
#3664=PLANE('',#3663) ;
#3730=PLANE('',#3729) ;
#3888=PLANE('',#3887) ;
#4018=PLANE('',#4017) ;
#4165=PLANE('',#4164) ;
#4871=PLANE('',#4870) ;
#5722=PLANE('',#5721) ;
#5772=PLANE('',#5771) ;
#5799=PLANE('',#5798) ;
#5849=PLANE('',#5848) ;
#5861=PLANE('',#5860) ;
#5915=PLANE('',#5914) ;
#7=PRODUCT_CATEGORY('part',$) ;
#9=PRODUCT_CATEGORY_RELATIONSHIP(' ',' ',#7,#8) ;
#6=PRODUCT_DEFINITION_FORMATION_WITH_SPECIFIED_SOURCE('\X2\6D60\X0\',' ',#5,.NOT_KNOWN.) ;
#8=PRODUCT_RELATED_PRODUCT_CATEGORY('detail',$,(#5)) ;
#49=SHAPE_DEFINITION_REPRESENTATION(#40,#48) ;
#61=VERTEX_POINT('',#60) ;
#63=VERTEX_POINT('',#62) ;
#70=VERTEX_POINT('',#69) ;
#77=VERTEX_POINT('',#76) ;
#84=VERTEX_POINT('',#83) ;
#91=VERTEX_POINT('',#90) ;
#98=VERTEX_POINT('',#97) ;
#105=VERTEX_POINT('',#104) ;
#133=VERTEX_POINT('',#132) ;
#135=VERTEX_POINT('',#134) ;
#158=VERTEX_POINT('',#157) ;
#160=VERTEX_POINT('',#159) ;
#182=VERTEX_POINT('',#181) ;
#189=VERTEX_POINT('',#188) ;
#207=VERTEX_POINT('',#206) ;
#209=VERTEX_POINT('',#208) ;
#236=VERTEX_POINT('',#235) ;
#243=VERTEX_POINT('',#242) ;
#250=VERTEX_POINT('',#249) ;
#257=VERTEX_POINT('',#256) ;
#285=VERTEX_POINT('',#284) ;
#287=VERTEX_POINT('',#286) ;
#294=VERTEX_POINT('',#293) ;
#301=VERTEX_POINT('',#300) ;
#342=VERTEX_POINT('',#341) ;
#344=VERTEX_POINT('',#343) ;
#351=VERTEX_POINT('',#350) ;
#358=VERTEX_POINT('',#357) ;
#365=VERTEX_POINT('',#364) ;
#372=VERTEX_POINT('',#371) ;
#379=VERTEX_POINT('',#378) ;
#386=VERTEX_POINT('',#385) ;
#393=VERTEX_POINT('',#392) ;
#400=VERTEX_POINT('',#399) ;
#407=VERTEX_POINT('',#406) ;
#450=VERTEX_POINT('',#449) ;
#452=VERTEX_POINT('',#451) ;
#496=VERTEX_POINT('',#495) ;
#498=VERTEX_POINT('',#497) ;
#505=VERTEX_POINT('',#504) ;
#512=VERTEX_POINT('',#511) ;
#519=VERTEX_POINT('',#518) ;
#526=VERTEX_POINT('',#525) ;
#533=VERTEX_POINT('',#532) ;
#558=VERTEX_POINT('',#557) ;
#560=VERTEX_POINT('',#559) ;
#582=VERTEX_POINT('',#581) ;
#584=VERTEX_POINT('',#583) ;
#613=VERTEX_POINT('',#612) ;
#637=VERTEX_POINT('',#636) ;
#649=VERTEX_POINT('',#648) ;
#656=VERTEX_POINT('',#655) ;
#678=VERTEX_POINT('',#677) ;
#680=VERTEX_POINT('',#679) ;
#687=VERTEX_POINT('',#686) ;
#694=VERTEX_POINT('',#693) ;
#718=VERTEX_POINT('',#717) ;
#742=VERTEX_POINT('',#741) ;
#769=VERTEX_POINT('',#768) ;
#778=VERTEX_POINT('',#777) ;
#804=VERTEX_POINT('',#803) ;
#816=VERTEX_POINT('',#815) ;
#823=VERTEX_POINT('',#822) ;
#845=VERTEX_POINT('',#844) ;
#847=VERTEX_POINT('',#846) ;
#854=VERTEX_POINT('',#853) ;
#861=VERTEX_POINT('',#860) ;
#885=VERTEX_POINT('',#884) ;
#909=VERTEX_POINT('',#908) ;
#979=VERTEX_POINT('',#978) ;
#986=VERTEX_POINT('',#985) ;
#993=VERTEX_POINT('',#992) ;
#1012=VERTEX_POINT('',#1011) ;
#1014=VERTEX_POINT('',#1013) ;
#1036=VERTEX_POINT('',#1035) ;
#1038=VERTEX_POINT('',#1037) ;
#1045=VERTEX_POINT('',#1044) ;
#1052=VERTEX_POINT('',#1051) ;
#1059=VERTEX_POINT('',#1058) ;
#1066=VERTEX_POINT('',#1065) ;
#1073=VERTEX_POINT('',#1072) ;
#1089=VERTEX_POINT('',#1088) ;
#1096=VERTEX_POINT('',#1095) ;
#1103=VERTEX_POINT('',#1102) ;
#1115=VERTEX_POINT('',#1114) ;
#1122=VERTEX_POINT('',#1121) ;
#1129=VERTEX_POINT('',#1128) ;
#1136=VERTEX_POINT('',#1135) ;
#1143=VERTEX_POINT('',#1142) ;
#1180=VERTEX_POINT('',#1179) ;
#1206=VERTEX_POINT('',#1205) ;
#1230=VERTEX_POINT('',#1229) ;
#1237=VERTEX_POINT('',#1236) ;
#1244=VERTEX_POINT('',#1243) ;
#1260=VERTEX_POINT('',#1259) ;
#1267=VERTEX_POINT('',#1266) ;
#1306=VERTEX_POINT('',#1305) ;
#1308=VERTEX_POINT('',#1307) ;
#1315=VERTEX_POINT('',#1314) ;
#1322=VERTEX_POINT('',#1321) ;
#1348=VERTEX_POINT('',#1347) ;
#1355=VERTEX_POINT('',#1354) ;
#1362=VERTEX_POINT('',#1361) ;
#1383=VERTEX_POINT('',#1382) ;
#1402=VERTEX_POINT('',#1401) ;
#1409=VERTEX_POINT('',#1408) ;
#1428=VERTEX_POINT('',#1427) ;
#1440=VERTEX_POINT('',#1439) ;
#1459=VERTEX_POINT('',#1458) ;
#1471=VERTEX_POINT('',#1470) ;
#1487=VERTEX_POINT('',#1486) ;
#1494=VERTEX_POINT('',#1493) ;
#1512=VERTEX_POINT('',#1511) ;
#1519=VERTEX_POINT('',#1518) ;
#1540=VERTEX_POINT('',#1539) ;
#1547=VERTEX_POINT('',#1546) ;
#1563=VERTEX_POINT('',#1562) ;
#1570=VERTEX_POINT('',#1569) ;
#1577=VERTEX_POINT('',#1576) ;
#1584=VERTEX_POINT('',#1583) ;
#1591=VERTEX_POINT('',#1590) ;
#1598=VERTEX_POINT('',#1597) ;
#1605=VERTEX_POINT('',#1604) ;
#1612=VERTEX_POINT('',#1611) ;
#1619=VERTEX_POINT('',#1618) ;
#1626=VERTEX_POINT('',#1625) ;
#1633=VERTEX_POINT('',#1632) ;
#1640=VERTEX_POINT('',#1639) ;
#1659=VERTEX_POINT('',#1658) ;
#1719=VERTEX_POINT('',#1718) ;
#1721=VERTEX_POINT('',#1720) ;
#1728=VERTEX_POINT('',#1727) ;
#1735=VERTEX_POINT('',#1734) ;
#1753=VERTEX_POINT('',#1752) ;
#1755=VERTEX_POINT('',#1754) ;
#1771=VERTEX_POINT('',#1770) ;
#1778=VERTEX_POINT('',#1777) ;
#1794=VERTEX_POINT('',#1793) ;
#1801=VERTEX_POINT('',#1800) ;
#1817=VERTEX_POINT('',#1816) ;
#1824=VERTEX_POINT('',#1823) ;
#1861=VERTEX_POINT('',#1860) ;
#1868=VERTEX_POINT('',#1867) ;
#1945=VERTEX_POINT('',#1944) ;
#1952=VERTEX_POINT('',#1951) ;
#1964=VERTEX_POINT('',#1963) ;
#1993=VERTEX_POINT('',#1992) ;
#2012=VERTEX_POINT('',#2011) ;
#2014=VERTEX_POINT('',#2013) ;
#2051=VERTEX_POINT('',#2050) ;
#2061=VERTEX_POINT('',#2060) ;
#2085=VERTEX_POINT('',#2084) ;
#2092=VERTEX_POINT('',#2091) ;
#2143=VERTEX_POINT('',#2142) ;
#2162=VERTEX_POINT('',#2161) ;
#2198=VERTEX_POINT('',#2197) ;
#2222=VERTEX_POINT('',#2221) ;
#2232=VERTEX_POINT('',#2231) ;
#2256=VERTEX_POINT('',#2255) ;
#2280=VERTEX_POINT('',#2279) ;
#2304=VERTEX_POINT('',#2303) ;
#2311=VERTEX_POINT('',#2310) ;
#2338=VERTEX_POINT('',#2337) ;
#2357=VERTEX_POINT('',#2356) ;
#2359=VERTEX_POINT('',#2358) ;
#2366=VERTEX_POINT('',#2365) ;
#2373=VERTEX_POINT('',#2372) ;
#2385=VERTEX_POINT('',#2384) ;
#2425=VERTEX_POINT('',#2424) ;
#2427=VERTEX_POINT('',#2426) ;
#2479=VERTEX_POINT('',#2478) ;
#2481=VERTEX_POINT('',#2480) ;
#2538=VERTEX_POINT('',#2537) ;
#2540=VERTEX_POINT('',#2539) ;
#2550=VERTEX_POINT('',#2549) ;
#2557=VERTEX_POINT('',#2556) ;
#2593=VERTEX_POINT('',#2592) ;
#2631=VERTEX_POINT('',#2630) ;
#2665=VERTEX_POINT('',#2664) ;
#2672=VERTEX_POINT('',#2671) ;
#2688=VERTEX_POINT('',#2687) ;
#2695=VERTEX_POINT('',#2694) ;
#2711=VERTEX_POINT('',#2710) ;
#2718=VERTEX_POINT('',#2717) ;
#2725=VERTEX_POINT('',#2724) ;
#2789=VERTEX_POINT('',#2788) ;
#2796=VERTEX_POINT('',#2795) ;
#2814=VERTEX_POINT('',#2813) ;
#2816=VERTEX_POINT('',#2815) ;
#2838=VERTEX_POINT('',#2837) ;
#2862=VERTEX_POINT('',#2861) ;
#2880=VERTEX_POINT('',#2879) ;
#2882=VERTEX_POINT('',#2881) ;
#2921=VERTEX_POINT('',#2920) ;
#2945=VERTEX_POINT('',#2944) ;
#2963=VERTEX_POINT('',#2962) ;
#2965=VERTEX_POINT('',#2964) ;
#2992=VERTEX_POINT('',#2991) ;
#2999=VERTEX_POINT('',#2998) ;
#3027=VERTEX_POINT('',#3026) ;
#3051=VERTEX_POINT('',#3050) ;
#3075=VERTEX_POINT('',#3074) ;
#3104=VERTEX_POINT('',#3103) ;
#3149=VERTEX_POINT('',#3148) ;
#3214=VERTEX_POINT('',#3213) ;
#3238=VERTEX_POINT('',#3237) ;
#3245=VERTEX_POINT('',#3244) ;
#3252=VERTEX_POINT('',#3251) ;
#3272=VERTEX_POINT('',#3271) ;
#3274=VERTEX_POINT('',#3273) ;
#3296=VERTEX_POINT('',#3295) ;
#3298=VERTEX_POINT('',#3297) ;
#3328=VERTEX_POINT('',#3327) ;
#3352=VERTEX_POINT('',#3351) ;
#3370=VERTEX_POINT('',#3369) ;
#3372=VERTEX_POINT('',#3371) ;
#3429=VERTEX_POINT('',#3428) ;
#3431=VERTEX_POINT('',#3430) ;
#3455=VERTEX_POINT('',#3454) ;
#3457=VERTEX_POINT('',#3456) ;
#3513=VERTEX_POINT('',#3512) ;
#3515=VERTEX_POINT('',#3514) ;
#3556=VERTEX_POINT('',#3555) ;
#3558=VERTEX_POINT('',#3557) ;
#3598=VERTEX_POINT('',#3597) ;
#3622=VERTEX_POINT('',#3621) ;
#3646=VERTEX_POINT('',#3645) ;
#3670=VERTEX_POINT('',#3669) ;
#3688=VERTEX_POINT('',#3687) ;
#3690=VERTEX_POINT('',#3689) ;
#3712=VERTEX_POINT('',#3711) ;
#3736=VERTEX_POINT('',#3735) ;
#3788=VERTEX_POINT('',#3787) ;
#3812=VERTEX_POINT('',#3811) ;
#3870=VERTEX_POINT('',#3869) ;
#3906=VERTEX_POINT('',#3905) ;
#3913=VERTEX_POINT('',#3912) ;
#3920=VERTEX_POINT('',#3919) ;
#3941=VERTEX_POINT('',#3940) ;
#3943=VERTEX_POINT('',#3942) ;
#3950=VERTEX_POINT('',#3949) ;
#3957=VERTEX_POINT('',#3956) ;
#3976=VERTEX_POINT('',#3975) ;
#4000=VERTEX_POINT('',#3999) ;
#4024=VERTEX_POINT('',#4023) ;
#4031=VERTEX_POINT('',#4030) ;
#4038=VERTEX_POINT('',#4037) ;
#4045=VERTEX_POINT('',#4044) ;
#4057=VERTEX_POINT('',#4056) ;
#4095=VERTEX_POINT('',#4094) ;
#4097=VERTEX_POINT('',#4096) ;
#4113=VERTEX_POINT('',#4112) ;
#4115=VERTEX_POINT('',#4114) ;
#4147=VERTEX_POINT('',#4146) ;
#4171=VERTEX_POINT('',#4170) ;
#4189=VERTEX_POINT('',#4188) ;
#4191=VERTEX_POINT('',#4190) ;
#4213=VERTEX_POINT('',#4212) ;
#4244=VERTEX_POINT('',#4243) ;
#4251=VERTEX_POINT('',#4250) ;
#4258=VERTEX_POINT('',#4257) ;
#4279=VERTEX_POINT('',#4278) ;
#4281=VERTEX_POINT('',#4280) ;
#4288=VERTEX_POINT('',#4287) ;
#4295=VERTEX_POINT('',#4294) ;
#4319=VERTEX_POINT('',#4318) ;
#4326=VERTEX_POINT('',#4325) ;
#4362=VERTEX_POINT('',#4361) ;
#4369=VERTEX_POINT('',#4368) ;
#4512=VERTEX_POINT('',#4511) ;
#4536=VERTEX_POINT('',#4535) ;
#4555=VERTEX_POINT('',#4554) ;
#4557=VERTEX_POINT('',#4556) ;
#4720=VERTEX_POINT('',#4719) ;
#4727=VERTEX_POINT('',#4726) ;
#4792=VERTEX_POINT('',#4791) ;
#4816=VERTEX_POINT('',#4815) ;
#4840=VERTEX_POINT('',#4839) ;
#4847=VERTEX_POINT('',#4846) ;
#4877=VERTEX_POINT('',#4876) ;
#4879=VERTEX_POINT('',#4878) ;
#4894=VERTEX_POINT('',#4893) ;
#4910=VERTEX_POINT('',#4909) ;
#4917=VERTEX_POINT('',#4916) ;
#4950=VERTEX_POINT('',#4949) ;
#4952=VERTEX_POINT('',#4951) ;
#4998=VERTEX_POINT('',#4997) ;
#5005=VERTEX_POINT('',#5004) ;
#5102=VERTEX_POINT('',#5101) ;
#5104=VERTEX_POINT('',#5103) ;
#5145=VERTEX_POINT('',#5144) ;
#5152=VERTEX_POINT('',#5151) ;
#5190=VERTEX_POINT('',#5189) ;
#5192=VERTEX_POINT('',#5191) ;
#5199=VERTEX_POINT('',#5198) ;
#5208=VERTEX_POINT('',#5207) ;
#5232=VERTEX_POINT('',#5231) ;
#5241=VERTEX_POINT('',#5240) ;
#5265=VERTEX_POINT('',#5264) ;
#5267=VERTEX_POINT('',#5266) ;
#5274=VERTEX_POINT('',#5273) ;
#5281=VERTEX_POINT('',#5280) ;
#5327=VERTEX_POINT('',#5326) ;
#5336=VERTEX_POINT('',#5335) ;
#5504=VERTEX_POINT('',#5503) ;
#5511=VERTEX_POINT('',#5510) ;
#5547=VERTEX_POINT('',#5546) ;
#5554=VERTEX_POINT('',#5553) ;
#5632=VERTEX_POINT('',#5631) ;
#5661=VERTEX_POINT('',#5660) ;
#5680=VERTEX_POINT('',#5679) ;
#5687=VERTEX_POINT('',#5686) ;
#5694=VERTEX_POINT('',#5693) ;
#5754=VERTEX_POINT('',#5753) ;
#41=(LENGTH_UNIT()NAMED_UNIT(*)SI_UNIT(.MILLI.,.METRE.)) ;
#42=(NAMED_UNIT(*)PLANE_ANGLE_UNIT()SI_UNIT($,.RADIAN.)) ;
#43=(NAMED_UNIT(*)SI_UNIT($,.STERADIAN.)SOLID_ANGLE_UNIT()) ;
#45=(GEOMETRIC_REPRESENTATION_CONTEXT(3)GLOBAL_UNCERTAINTY_ASSIGNED_CONTEXT((#44))GLOBAL_UNIT_ASSIGNED_CONTEXT((#41,#42,#43))REPRESENTATION_CONTEXT(' ',' ')) ;
ENDSEC;
END-ISO-10303-21;
