ISO-10303-21;
HEADER;
FILE_DESCRIPTION (( 'STEP AP203' ),
    '1' );
FILE_NAME ('´Ó¶¯Í¬²½ÂÖ¹Ì¶¨¼Ü3A1.STEP',
    '2026-05-07T12:59:48',
    ( '' ),
    ( '' ),
    'SwSTEP 2.0',
    'SolidWorks 2025',
    '' );
FILE_SCHEMA (( 'CONFIG_CONTROL_DESIGN' ));
ENDSEC;

DATA;
#1 = ORIENTED_EDGE ( 'NONE', *, *, #4502, .T. ) ;
#2 = CIRCLE ( 'NONE', #2534, 5.000000000000003553 ) ;
#3 = FACE_OUTER_BOUND ( 'NONE', #3816, .T. ) ;
#4 = EDGE_CURVE ( 'NONE', #3900, #4236, #4434, .T. ) ;
#5 = EDGE_CURVE ( 'NONE', #5707, #817, #4644, .T. ) ;
#6 = ORIENTED_EDGE ( 'NONE', *, *, #5635, .T. ) ;
#7 = DIRECTION ( 'NONE',  ( -2.312964634635743450E-16, 1.000000000000000000, -0.000000000000000000 ) ) ;
#8 = CARTESIAN_POINT ( 'NONE',  ( 5.782411586589220574E-17, 0.2499999999999915623, 0.000000000000000000 ) ) ;
#9 = CARTESIAN_POINT ( 'NONE',  ( 16.14855074296530546, 12.24999999999999467, 46.78920999674306813 ) ) ;
#10 = ORIENTED_EDGE ( 'NONE', *, *, #5190, .F. ) ;
#11 = LINE ( 'NONE', #2764, #511 ) ;
#12 = EDGE_LOOP ( 'NONE', ( #5258, #4468 ) ) ;
#13 = ORIENTED_EDGE ( 'NONE', *, *, #236, .T. ) ;
#14 = ORIENTED_EDGE ( 'NONE', *, *, #3979, .T. ) ;
#15 = CARTESIAN_POINT ( 'NONE',  ( 8.000000000000003553, 12.24999999999999289, -5.000000000000000000 ) ) ;
#16 = CARTESIAN_POINT ( 'NONE',  ( -33.91421356237308515, -24.24999999999999645, -2.814213562373096167 ) ) ;
#17 = CARTESIAN_POINT ( 'NONE',  ( -37.50000000000000000, 12.25000000000000000, -1.400000000000001910 ) ) ;
#18 = EDGE_LOOP ( 'NONE', ( #3592, #3177 ) ) ;
#19 = CARTESIAN_POINT ( 'NONE',  ( -26.49999999999999645, 20.24999999999998224, 2.399999999999998135 ) ) ;
#20 = VECTOR ( 'NONE', #5378, 1000.000000000000000 ) ;
#21 = CARTESIAN_POINT ( 'NONE',  ( -18.50000000000001066, 21.25000000000000000, 33.70166666666662536 ) ) ;
#22 = DIRECTION ( 'NONE',  ( 0.000000000000000000, 0.000000000000000000, 1.000000000000000000 ) ) ;
#23 = ORIENTED_EDGE ( 'NONE', *, *, #3293, .F. ) ;
#24 = LINE ( 'NONE', #936, #2269 ) ;
#25 = DIRECTION ( 'NONE',  ( -0.000000000000000000, -0.000000000000000000, -1.000000000000000000 ) ) ;
#26 = ADVANCED_FACE ( 'NONE', ( #1931 ), #2615, .F. ) ;
#27 = VECTOR ( 'NONE', #4254, 1000.000000000000000 ) ;
#28 = ORIENTED_EDGE ( 'NONE', *, *, #3647, .F. ) ;
#29 = DIRECTION ( 'NONE',  ( 0.000000000000000000, 0.000000000000000000, -1.000000000000000000 ) ) ;
#30 = ORIENTED_EDGE ( 'NONE', *, *, #3958, .T. ) ;
#31 = DIRECTION ( 'NONE',  ( -2.312964634635742957E-16, -1.000000000000000000, 0.000000000000000000 ) ) ;
#32 = CARTESIAN_POINT ( 'NONE',  ( 30.00000000000000000, 9.249999999999984013, 17.64999999999999858 ) ) ;
#33 = EDGE_CURVE ( 'NONE', #134, #295, #2642, .T. ) ;
#34 = DIRECTION ( 'NONE',  ( -1.000000000000000000, -4.336808689942017736E-16, 0.000000000000000000 ) ) ;
#35 = DIRECTION ( 'NONE',  ( 0.000000000000000000, 0.000000000000000000, -1.000000000000000000 ) ) ;
#36 = AXIS2_PLACEMENT_3D ( 'NONE', #1878, #3688, #5506 ) ;
#37 = ORIENTED_EDGE ( 'NONE', *, *, #2921, .F. ) ;
#38 = ORIENTED_EDGE ( 'NONE', *, *, #3803, .F. ) ;
#39 = FACE_OUTER_BOUND ( 'NONE', #3443, .T. ) ;
#40 = CARTESIAN_POINT ( 'NONE',  ( 30.00000000000000000, 9.249999999999984013, 37.65000000000000568 ) ) ;
#41 = CARTESIAN_POINT ( 'NONE',  ( 36.50000000000000000, -23.25000000000001066, 57.49999999999999289 ) ) ;
#42 = ORIENTED_EDGE ( 'NONE', *, *, #5122, .T. ) ;
#43 = LINE ( 'NONE', #959, #3719 ) ;
#44 = ORIENTED_EDGE ( 'NONE', *, *, #2443, .T. ) ;
#45 = AXIS2_PLACEMENT_3D ( 'NONE', #1200, #285, #5789 ) ;
#46 = ADVANCED_FACE ( 'NONE', ( #1025 ), #499, .F. ) ;
#47 = CARTESIAN_POINT ( 'NONE',  ( -36.50000000000000000, -24.25000000000000355, 4.500000000000000888 ) ) ;
#48 = EDGE_CURVE ( 'NONE', #107, #3878, #1408, .T. ) ;
#49 = CYLINDRICAL_SURFACE ( 'NONE', #343, 1.000000000000000888 ) ;
#50 = EDGE_LOOP ( 'NONE', ( #2801, #1462, #1869, #3461, #457, #2004, #3743, #5109 ) ) ;
#51 = FACE_OUTER_BOUND ( 'NONE', #1848, .T. ) ;
#52 = ADVANCED_FACE ( 'NONE', ( #5022 ), #3199, .F. ) ;
#53 = EDGE_LOOP ( 'NONE', ( #3312, #5539, #1789, #5611 ) ) ;
#54 = VECTOR ( 'NONE', #5125, 1000.000000000000000 ) ;
#55 = CIRCLE ( 'NONE', #3921, 3.000000000000002665 ) ;
#56 = ADVANCED_FACE ( 'NONE', ( #3226, #385 ), #612, .F. ) ;
#57 = CARTESIAN_POINT ( 'NONE',  ( 17.50000000000001066, 0.2499999999999872602, 8.315007286156118838 ) ) ;
#58 = DIRECTION ( 'NONE',  ( -1.000000000000000000, -2.312964634635743450E-16, 0.000000000000000000 ) ) ;
#59 = CIRCLE ( 'NONE', #4211, 3.499999999999992895 ) ;
#60 = CIRCLE ( 'NONE', #2501, 1.000000000000000888 ) ;
#61 = ORIENTED_EDGE ( 'NONE', *, *, #3050, .F. ) ;
#62 = FACE_OUTER_BOUND ( 'NONE', #3892, .T. ) ;
#63 = PRODUCT ( '\X2\4ece52a8540c6b658f6e56fa5b9a67b6\X0\3A1', '\X2\4ece52a8540c6b658f6e56fa5b9a67b6\X0\3A1', '', ( #5179 ) ) ;
#64 = ORIENTED_EDGE ( 'NONE', *, *, #2142, .T. ) ;
#65 = DIRECTION ( 'NONE',  ( 0.000000000000000000, 0.000000000000000000, 1.000000000000000000 ) ) ;
#66 = AXIS2_PLACEMENT_3D ( 'NONE', #1499, #5056, #998 ) ;
#67 = DIRECTION ( 'NONE',  ( -2.312964634635742957E-16, -1.000000000000000000, 0.000000000000000000 ) ) ;
#68 = DIRECTION ( 'NONE',  ( 1.000000000000000000, 0.000000000000000000, 0.000000000000000000 ) ) ;
#69 = LINE ( 'NONE', #4915, #4950 ) ;
#70 = VERTEX_POINT ( 'NONE', #4222 ) ;
#71 = ORIENTED_EDGE ( 'NONE', *, *, #1324, .F. ) ;
#72 = CARTESIAN_POINT ( 'NONE',  ( 37.50000000000000000, -2.750000000000016875, 3.500000000000000444 ) ) ;
#73 = CARTESIAN_POINT ( 'NONE',  ( -30.00000000000000000, -18.00000000000000000, 5.499999999999996447 ) ) ;
#74 = FACE_BOUND ( 'NONE', #4053, .T. ) ;
#75 = ORIENTED_EDGE ( 'NONE', *, *, #2421, .T. ) ;
#76 = PLANE ( 'NONE',  #3237 ) ;
#77 = VERTEX_POINT ( 'NONE', #1056 ) ;
#78 = EDGE_CURVE ( 'NONE', #450, #4114, #1834, .T. ) ;
#79 = CARTESIAN_POINT ( 'NONE',  ( -37.08578643762690064, -24.25000000000000355, 5.085786437626905077 ) ) ;
#80 = CARTESIAN_POINT ( 'NONE',  ( 37.50000000000000000, 12.25000000000000000, 33.70166666666662536 ) ) ;
#81 = ORIENTED_EDGE ( 'NONE', *, *, #2431, .F. ) ;
#82 = CARTESIAN_POINT ( 'NONE',  ( 2.499999999999997335, 9.249999999999985789, 37.65000000000000568 ) ) ;
#83 = CARTESIAN_POINT ( 'NONE',  ( 22.50000000000000000, -24.25000000000001421, 51.50000000000000711 ) ) ;
#84 = CARTESIAN_POINT ( 'NONE',  ( 20.49999999999999645, 9.249999999999991118, 43.99519656731666117 ) ) ;
#85 = DIRECTION ( 'NONE',  ( 1.000000000000000000, 0.000000000000000000, -0.000000000000000000 ) ) ;
#86 = AXIS2_PLACEMENT_3D ( 'NONE', #2179, #4383, #3057 ) ;
#87 = AXIS2_PLACEMENT_3D ( 'NONE', #3817, #2042, #4298 ) ;
#88 = VERTEX_POINT ( 'NONE', #4148 ) ;
#89 = DIRECTION ( 'NONE',  ( 2.312964634635743943E-16, -1.000000000000000000, -0.000000000000000000 ) ) ;
#90 = VERTEX_POINT ( 'NONE', #1399 ) ;
#91 = FACE_BOUND ( 'NONE', #2648, .T. ) ;
#92 = LINE ( 'NONE', #5060, #1607 ) ;
#93 = CARTESIAN_POINT ( 'NONE',  ( -22.50000000000000000, -4.750000000000036415, -5.500000000000000000 ) ) ;
#94 = DIRECTION ( 'NONE',  ( -1.284980352575413192E-16, -1.000000000000000000, 0.000000000000000000 ) ) ;
#95 = ORIENTED_EDGE ( 'NONE', *, *, #2387, .T. ) ;
#96 = ORIENTED_EDGE ( 'NONE', *, *, #1698, .F. ) ;
#97 = LINE ( 'NONE', #4026, #1304 ) ;
#98 = CARTESIAN_POINT ( 'NONE',  ( 37.50000000000000000, -12.25000000000000178, 47.70166666666661826 ) ) ;
#99 = LINE ( 'NONE', #1890, #697 ) ;
#100 = CARTESIAN_POINT ( 'NONE',  ( 8.875000000000108358, 8.874999999999998224, 5.500000000000000000 ) ) ;
#101 = ADVANCED_FACE ( 'NONE', ( #3132 ), #76, .F. ) ;
#102 = ORIENTED_EDGE ( 'NONE', *, *, #2746, .T. ) ;
#103 = ORIENTED_EDGE ( 'NONE', *, *, #932, .T. ) ;
#104 = DIRECTION ( 'NONE',  ( 0.000000000000000000, 0.000000000000000000, 1.000000000000000000 ) ) ;
#105 = EDGE_CURVE ( 'NONE', #1372, #3732, #2223, .T. ) ;
#106 = CIRCLE ( 'NONE', #3395, 2.000000000000001776 ) ;
#107 = VERTEX_POINT ( 'NONE', #5489 ) ;
#108 = VERTEX_POINT ( 'NONE', #1338 ) ;
#109 = FACE_OUTER_BOUND ( 'NONE', #2253, .T. ) ;
#110 = ORIENTED_EDGE ( 'NONE', *, *, #483, .T. ) ;
#111 = AXIS2_PLACEMENT_3D ( 'NONE', #4349, #292, #2935 ) ;
#112 = CARTESIAN_POINT ( 'NONE',  ( -26.08578643762689353, -24.25000000000000355, 2.814213562373094391 ) ) ;
#113 = DIRECTION ( 'NONE',  ( 0.000000000000000000, -1.000000000000000000, 0.000000000000000000 ) ) ;
#114 = VECTOR ( 'NONE', #1005, 1000.000000000000000 ) ;
#115 = EDGE_LOOP ( 'NONE', ( #3213, #2459, #4242, #4514, #5385, #2654, #3393, #5364 ) ) ;
#116 = DIRECTION ( 'NONE',  ( 0.000000000000000000, 1.000000000000000000, 0.000000000000000000 ) ) ;
#117 = VERTEX_POINT ( 'NONE', #1371 ) ;
#118 = LINE ( 'NONE', #2789, #2998 ) ;
#119 = CARTESIAN_POINT ( 'NONE',  ( 35.50000000000000000, -24.25000000000001421, 51.50000000000000711 ) ) ;
#120 = CIRCLE ( 'NONE', #2377, 2.000000000000001776 ) ;
#121 = DIRECTION ( 'NONE',  ( 1.000000000000000000, 0.000000000000000000, 0.000000000000000000 ) ) ;
#122 = EDGE_CURVE ( 'NONE', #4265, #2467, #3643, .T. ) ;
#123 = DIRECTION ( 'NONE',  ( 1.156482317317872465E-16, -2.674902700537829702E-32, -1.000000000000000000 ) ) ;
#124 = MANIFOLD_SOLID_BREP ( '\X2\52079664\X0\-\X2\62c94f38\X0\14', #3875 ) ;
#125 = ORIENTED_EDGE ( 'NONE', *, *, #839, .T. ) ;
#126 = ORIENTED_EDGE ( 'NONE', *, *, #2263, .T. ) ;
#127 = FACE_OUTER_BOUND ( 'NONE', #4802, .T. ) ;
#128 = EDGE_CURVE ( 'NONE', #4866, #3028, #2544, .T. ) ;
#129 = VECTOR ( 'NONE', #4380, 1000.000000000000000 ) ;
#130 = CARTESIAN_POINT ( 'NONE',  ( -15.00000000000000000, 0.2499999999999950040, -8.000000000000000000 ) ) ;
#131 = EDGE_CURVE ( 'NONE', #4681, #2271, #2254, .T. ) ;
#132 = CARTESIAN_POINT ( 'NONE',  ( -29.41476826843391024, 12.24999999999998579, 12.91146242060224836 ) ) ;
#133 = PLANE ( 'NONE',  #3060 ) ;
#134 = VERTEX_POINT ( 'NONE', #3191 ) ;
#135 = CARTESIAN_POINT ( 'NONE',  ( -26.08578643762690064, -24.25000000000000355, -2.814213562373096167 ) ) ;
#136 = VERTEX_POINT ( 'NONE', #4598 ) ;
#137 = FACE_OUTER_BOUND ( 'NONE', #12, .T. ) ;
#138 = CARTESIAN_POINT ( 'NONE',  ( -24.12603639375383935, -24.25000000000000355, -4.628864523095900019 ) ) ;
#139 = VERTEX_POINT ( 'NONE', #2773 ) ;
#140 = VECTOR ( 'NONE', #4118, 1000.000000000000000 ) ;
#141 = ORIENTED_EDGE ( 'NONE', *, *, #2820, .F. ) ;
#142 = DIRECTION ( 'NONE',  ( 0.000000000000000000, 0.000000000000000000, -1.000000000000000000 ) ) ;
#143 = VERTEX_POINT ( 'NONE', #3673 ) ;
#144 = VECTOR ( 'NONE', #1894, 1000.000000000000000 ) ;
#145 = CARTESIAN_POINT ( 'NONE',  ( -21.19432264065692095, 12.24999999999998757, 8.488537579397794630 ) ) ;
#146 = LINE ( 'NONE', #5116, #2225 ) ;
#147 = AXIS2_PLACEMENT_3D ( 'NONE', #3782, #1558, #4287 ) ;
#148 = LINE ( 'NONE', #2879, #5483 ) ;
#149 = DIRECTION ( 'NONE',  ( -2.312964634635742957E-16, -1.000000000000000000, -0.000000000000000000 ) ) ;
#150 = EDGE_CURVE ( 'NONE', #1233, #4696, #5517, .T. ) ;
#151 = DIRECTION ( 'NONE',  ( -2.312964634635742464E-16, -1.000000000000000000, 0.000000000000000000 ) ) ;
#152 = AXIS2_PLACEMENT_3D ( 'NONE', #3383, #1036, #5650 ) ;
#153 = VECTOR ( 'NONE', #3941, 1000.000000000000000 ) ;
#154 = DIRECTION ( 'NONE',  ( -1.284980352575412453E-16, -1.000000000000000000, -0.000000000000000000 ) ) ;
#155 = CARTESIAN_POINT ( 'NONE',  ( -33.49999999999997868, 33.75000000000001421, 2.399999999999998135 ) ) ;
#156 = ORIENTED_EDGE ( 'NONE', *, *, #2813, .T. ) ;
#157 = ORIENTED_EDGE ( 'NONE', *, *, #2339, .F. ) ;
#158 = DIRECTION ( 'NONE',  ( -0.000000000000000000, -0.000000000000000000, 1.000000000000000000 ) ) ;
#159 = AXIS2_PLACEMENT_3D ( 'NONE', #1506, #4233, #650 ) ;
#160 = AXIS2_PLACEMENT_3D ( 'NONE', #2008, #2063, #5684 ) ;
#161 = EDGE_CURVE ( 'NONE', #5762, #1561, #2693, .T. ) ;
#162 = CARTESIAN_POINT ( 'NONE',  ( 22.50000000000000000, -12.24999999999998934, 28.17777469307152671 ) ) ;
#163 = DIRECTION ( 'NONE',  ( 2.312964634635742464E-16, 1.000000000000000000, 0.000000000000000000 ) ) ;
#164 = DIRECTION ( 'NONE',  ( 0.000000000000000000, 0.000000000000000000, -1.000000000000000000 ) ) ;
#165 = EDGE_CURVE ( 'NONE', #424, #2755, #870, .T. ) ;
#166 = ORIENTED_EDGE ( 'NONE', *, *, #3550, .T. ) ;
#167 = TOROIDAL_SURFACE ( 'NONE', #3931, 1.000000000000000000, 1.000000000000000000 ) ;
#168 = DIRECTION ( 'NONE',  ( -1.000000000000000000, 0.000000000000000000, 0.000000000000000000 ) ) ;
#169 = ORIENTED_EDGE ( 'NONE', *, *, #1230, .F. ) ;
#170 = EDGE_CURVE ( 'NONE', #70, #5331, #1453, .T. ) ;
#171 = EDGE_CURVE ( 'NONE', #5382, #1561, #43, .T. ) ;
#172 = DIRECTION ( 'NONE',  ( -1.000000000000000000, 0.000000000000000000, 0.000000000000000000 ) ) ;
#173 = DIRECTION ( 'NONE',  ( 0.000000000000000000, -0.000000000000000000, 1.000000000000000000 ) ) ;
#174 = ORIENTED_EDGE ( 'NONE', *, *, #5311, .F. ) ;
#175 = VERTEX_POINT ( 'NONE', #492 ) ;
#176 = CARTESIAN_POINT ( 'NONE',  ( 37.50000000000000000, 12.25000000000000000, -5.500000000000000000 ) ) ;
#177 = CARTESIAN_POINT ( 'NONE',  ( 29.00000000000000000, -18.00000000000000000, -28.50000000000000355 ) ) ;
#178 = VERTEX_POINT ( 'NONE', #4475 ) ;
#179 = ADVANCED_FACE ( 'NONE', ( #2277 ), #5398, .T. ) ;
#180 = LINE ( 'NONE', #5504, #3498 ) ;
#181 = FACE_BOUND ( 'NONE', #2751, .T. ) ;
#182 = CIRCLE ( 'NONE', #4996, 1.500000000000001332 ) ;
#183 = VECTOR ( 'NONE', #158, 1000.000000000000000 ) ;
#184 = DIRECTION ( 'NONE',  ( 0.000000000000000000, 0.000000000000000000, 1.000000000000000000 ) ) ;
#185 = EDGE_CURVE ( 'NONE', #3859, #1370, #1777, .T. ) ;
#186 = EDGE_CURVE ( 'NONE', #1953, #1082, #4062, .T. ) ;
#187 = CARTESIAN_POINT ( 'NONE',  ( -17.41987194816262630, 0.3301280518373866935, 9.852674117199411441 ) ) ;
#188 = ORIENTED_EDGE ( 'NONE', *, *, #4791, .F. ) ;
#189 = ORIENTED_EDGE ( 'NONE', *, *, #5612, .F. ) ;
#190 = LINE ( 'NONE', #1099, #1678 ) ;
#191 = AXIS2_PLACEMENT_3D ( 'NONE', #972, #31, #4107 ) ;
#192 = DIRECTION ( 'NONE',  ( 2.259648465249937489E-16, -1.000000000000000000, 2.465190328815661892E-32 ) ) ;
#193 = FACE_OUTER_BOUND ( 'NONE', #2264, .T. ) ;
#194 = CARTESIAN_POINT ( 'NONE',  ( -24.00000000000001421, -6.250000000000064837, 5.500000000000000000 ) ) ;
#195 = VECTOR ( 'NONE', #4611, 1000.000000000000000 ) ;
#196 = ORIENTED_EDGE ( 'NONE', *, *, #1405, .T. ) ;
#197 = CARTESIAN_POINT ( 'NONE',  ( 17.50000000000001421, 0.2499999999999874822, 8.500000000000000000 ) ) ;
#198 = LINE ( 'NONE', #1989, #1647 ) ;
#199 = CARTESIAN_POINT ( 'NONE',  ( -26.49999999999998934, -24.25000000000000355, 3.399999999999998135 ) ) ;
#200 = EDGE_CURVE ( 'NONE', #1588, #952, #5081, .T. ) ;
#201 = VERTEX_POINT ( 'NONE', #3164 ) ;
#202 = VECTOR ( 'NONE', #619, 1000.000000000000000 ) ;
#203 = CYLINDRICAL_SURFACE ( 'NONE', #3906, 0.9999999999999974465 ) ;
#204 = AXIS2_PLACEMENT_3D ( 'NONE', #1484, #4923, #1011 ) ;
#205 = ORIENTED_EDGE ( 'NONE', *, *, #5590, .F. ) ;
#206 = CARTESIAN_POINT ( 'NONE',  ( 22.49999999999998579, -2.750000000000012879, 49.50000000000000000 ) ) ;
#207 = ORIENTED_EDGE ( 'NONE', *, *, #2204, .F. ) ;
#208 = CARTESIAN_POINT ( 'NONE',  ( 11.00000000000000000, 0.2499999999999898137, -8.000000000000000000 ) ) ;
#209 = CARTESIAN_POINT ( 'NONE',  ( -27.38759438288186132, -6.651451691154812274, 10.70000000000001883 ) ) ;
#210 = EDGE_CURVE ( 'NONE', #1433, #2368, #2744, .T. ) ;
#211 = DIRECTION ( 'NONE',  ( 0.000000000000000000, 1.000000000000000000, 0.000000000000000000 ) ) ;
#212 = CARTESIAN_POINT ( 'NONE',  ( -17.48210006299144226, 0.2678999370085701215, 9.489341330018790543 ) ) ;
#213 = ORIENTED_EDGE ( 'NONE', *, *, #1571, .F. ) ;
#214 = ORIENTED_EDGE ( 'NONE', *, *, #4782, .T. ) ;
#215 = CARTESIAN_POINT ( 'NONE',  ( -23.49999999999999289, 12.24999999999998579, -2.400000000000001688 ) ) ;
#216 = DIRECTION ( 'NONE',  ( 0.7371541402007415478, 1.705011456559632840E-16, 0.6757246285173462708 ) ) ;
#217 = CARTESIAN_POINT ( 'NONE',  ( 24.50000000000000000, -23.25000000000001066, 5.500000000000000000 ) ) ;
#218 = DIRECTION ( 'NONE',  ( -2.312964634635742957E-16, -1.000000000000000000, -0.000000000000000000 ) ) ;
#219 = ORIENTED_EDGE ( 'NONE', *, *, #3434, .T. ) ;
#220 = CARTESIAN_POINT ( 'NONE',  ( -18.50000000000001066, 21.25000000000000000, 33.70166666666662536 ) ) ;
#221 = ORIENTED_EDGE ( 'NONE', *, *, #3653, .T. ) ;
#222 = CARTESIAN_POINT ( 'NONE',  ( 22.50000000000000000, -12.25000000000000355, 22.70000000000001705 ) ) ;
#223 = ADVANCED_FACE ( 'NONE', ( #2458 ), #2893, .T. ) ;
#224 = DIRECTION ( 'NONE',  ( -1.156482317317871478E-16, -1.000000000000000000, 0.000000000000000000 ) ) ;
#225 = ORIENTED_EDGE ( 'NONE', *, *, #5144, .T. ) ;
#226 = CIRCLE ( 'NONE', #4472, 3.000000000000000000 ) ;
#227 = EDGE_CURVE ( 'NONE', #4691, #4618, #2341, .T. ) ;
#228 = DIRECTION ( 'NONE',  ( 0.000000000000000000, 0.000000000000000000, -1.000000000000000000 ) ) ;
#229 = CARTESIAN_POINT ( 'NONE',  ( -36.50000000000000000, 12.24999999999998224, 1.399999999999997247 ) ) ;
#230 = AXIS2_PLACEMENT_3D ( 'NONE', #3427, #1193, #1685 ) ;
#231 = EDGE_CURVE ( 'NONE', #3053, #2151, #2367, .T. ) ;
#232 = ORIENTED_EDGE ( 'NONE', *, *, #3463, .T. ) ;
#233 = DIRECTION ( 'NONE',  ( 1.000000000000000000, 0.000000000000000000, 0.000000000000000000 ) ) ;
#234 = ORIENTED_EDGE ( 'NONE', *, *, #428, .T. ) ;
#235 = CARTESIAN_POINT ( 'NONE',  ( 22.50000000000000000, 12.24999999999999645, 43.99519656731666117 ) ) ;
#236 = EDGE_CURVE ( 'NONE', #2202, #5844, #4143, .T. ) ;
#237 = VECTOR ( 'NONE', #615, 1000.000000000000000 ) ;
#238 = CARTESIAN_POINT ( 'NONE',  ( 15.00000000000000355, 0.2499999999999880651, -12.50000000000000000 ) ) ;
#239 = AXIS2_PLACEMENT_3D ( 'NONE', #1576, #2049, #4370 ) ;
#240 = CARTESIAN_POINT ( 'NONE',  ( -23.49999999999999289, 20.24999999999998579, -2.400000000000001688 ) ) ;
#241 = LINE ( 'NONE', #3027, #129 ) ;
#242 = VERTEX_POINT ( 'NONE', #197 ) ;
#243 = ORIENTED_EDGE ( 'NONE', *, *, #1650, .F. ) ;
#244 = CARTESIAN_POINT ( 'NONE',  ( 30.00000000000000000, 9.249999999999984013, 17.64999999999999858 ) ) ;
#245 = CIRCLE ( 'NONE', #804, 2.999999999999999112 ) ;
#246 = DIRECTION ( 'NONE',  ( -1.000000000000000000, 1.284980352575412453E-16, -0.000000000000000000 ) ) ;
#247 = AXIS2_PLACEMENT_3D ( 'NONE', #1018, #4694, #3369 ) ;
#248 = PLANE ( 'NONE',  #1166 ) ;
#249 = DIRECTION ( 'NONE',  ( -0.000000000000000000, 0.000000000000000000, 1.000000000000000000 ) ) ;
#250 = AXIS2_PLACEMENT_3D ( 'NONE', #311, #5641, #2896 ) ;
#251 = ORIENTED_EDGE ( 'NONE', *, *, #3977, .T. ) ;
#252 = LINE ( 'NONE', #604, #3086 ) ;
#253 = AXIS2_PLACEMENT_3D ( 'NONE', #1744, #2333, #1859 ) ;
#254 = CARTESIAN_POINT ( 'NONE',  ( 26.40000000000001634, -81.25877125495691189, 52.90000000000000568 ) ) ;
#255 = APPROVAL_PERSON_ORGANIZATION ( #843, #3440, #4451 ) ;
#256 = CARTESIAN_POINT ( 'NONE',  ( -18.50000000000001066, 21.25000000000000000, 33.70166666666662536 ) ) ;
#257 = DIRECTION ( 'NONE',  ( 1.000000000000000000, -2.349104707051927095E-16, -8.673617379884038430E-16 ) ) ;
#258 = CARTESIAN_POINT ( 'NONE',  ( 34.49999999999999289, -23.25000000000001421, 57.49999999999999289 ) ) ;
#259 = EDGE_LOOP ( 'NONE', ( #971, #4264, #5447, #4860, #4541, #30, #5589, #64 ) ) ;
#260 = EDGE_CURVE ( 'NONE', #4588, #3143, #2834, .T. ) ;
#261 = EDGE_CURVE ( 'NONE', #4508, #958, #1107, .T. ) ;
#262 = EDGE_LOOP ( 'NONE', ( #411, #2947, #3833, #3888 ) ) ;
#263 = ORIENTED_EDGE ( 'NONE', *, *, #2263, .F. ) ;
#264 = DIRECTION ( 'NONE',  ( 2.312964634635742957E-16, 1.000000000000000000, -0.000000000000000000 ) ) ;
#265 = DIRECTION ( 'NONE',  ( 0.000000000000000000, 0.000000000000000000, 1.000000000000000000 ) ) ;
#266 = DIRECTION ( 'NONE',  ( -1.000000000000000000, 0.000000000000000000, 0.000000000000000000 ) ) ;
#267 = EDGE_LOOP ( 'NONE', ( #1783, #5565, #1654, #1968 ) ) ;
#268 = ORIENTED_EDGE ( 'NONE', *, *, #806, .T. ) ;
#269 = FACE_OUTER_BOUND ( 'NONE', #3424, .T. ) ;
#270 = CARTESIAN_POINT ( 'NONE',  ( 24.50000000000000000, -24.25000000000001066, 4.500000000000000000 ) ) ;
#271 = DIRECTION ( 'NONE',  ( -2.312964634635743450E-16, 1.000000000000000000, 0.000000000000000000 ) ) ;
#272 = DIRECTION ( 'NONE',  ( 0.000000000000000000, 0.000000000000000000, 1.000000000000000000 ) ) ;
#273 = VERTEX_POINT ( 'NONE', #5169 ) ;
#274 = VECTOR ( 'NONE', #2324, 1000.000000000000000 ) ;
#275 = ORIENTED_EDGE ( 'NONE', *, *, #131, .F. ) ;
#276 = DIRECTION ( 'NONE',  ( 1.000000000000000000, 0.000000000000000000, 0.000000000000000000 ) ) ;
#277 = DIRECTION ( 'NONE',  ( -2.312964634635743450E-16, 1.000000000000000000, 0.000000000000000000 ) ) ;
#278 = CARTESIAN_POINT ( 'NONE',  ( 29.00000000000000000, -18.00000000000000000, 2.399999999999999467 ) ) ;
#279 = ADVANCED_FACE ( 'NONE', ( #4273 ), #1046, .F. ) ;
#280 = CARTESIAN_POINT ( 'NONE',  ( 24.50000000000000000, -24.25000000000001066, -3.499999999999999556 ) ) ;
#281 = CIRCLE ( 'NONE', #565, 2.500000000000001776 ) ;
#282 = ORIENTED_EDGE ( 'NONE', *, *, #784, .F. ) ;
#283 = CARTESIAN_POINT ( 'NONE',  ( 30.99999999999999645, -18.00000000000000000, -5.499999999999998224 ) ) ;
#284 = EDGE_CURVE ( 'NONE', #5609, #3966, #1542, .T. ) ;
#285 = DIRECTION ( 'NONE',  ( -0.000000000000000000, -0.000000000000000000, -1.000000000000000000 ) ) ;
#286 = CARTESIAN_POINT ( 'NONE',  ( 19.14855074296530546, 12.24999999999999467, 46.78920999674306813 ) ) ;
#287 = ORIENTED_EDGE ( 'NONE', *, *, #3175, .T. ) ;
#288 = ORIENTED_EDGE ( 'NONE', *, *, #4, .T. ) ;
#289 = CARTESIAN_POINT ( 'NONE',  ( 22.50000000000000000, -23.25000000000001066, -5.500000000000000000 ) ) ;
#290 = FACE_OUTER_BOUND ( 'NONE', #5323, .T. ) ;
#291 = ORIENTED_EDGE ( 'NONE', *, *, #1478, .F. ) ;
#292 = DIRECTION ( 'NONE',  ( -0.7071067811865516806, 1.635512977795608448E-16, -0.7071067811865433539 ) ) ;
#293 = CIRCLE ( 'NONE', #3587, 1.000000000000000888 ) ;
#294 = ORIENTED_EDGE ( 'NONE', *, *, #662, .T. ) ;
#295 = VERTEX_POINT ( 'NONE', #5664 ) ;
#296 = CARTESIAN_POINT ( 'NONE',  ( -6.734545454545493470, 9.249999999999991118, 33.70166666666662536 ) ) ;
#297 = CIRCLE ( 'NONE', #583, 1.000000000000000000 ) ;
#298 = CARTESIAN_POINT ( 'NONE',  ( 36.50000000000000000, -24.25000000000001066, 0.000000000000000000 ) ) ;
#299 = EDGE_CURVE ( 'NONE', #2244, #4826, #5610, .T. ) ;
#300 = FACE_OUTER_BOUND ( 'NONE', #2069, .T. ) ;
#301 = EDGE_CURVE ( 'NONE', #1481, #4555, #2400, .T. ) ;
#302 = FACE_OUTER_BOUND ( 'NONE', #50, .T. ) ;
#303 = ORIENTED_EDGE ( 'NONE', *, *, #1520, .T. ) ;
#304 = EDGE_CURVE ( 'NONE', #107, #367, #373, .T. ) ;
#305 = VERTEX_POINT ( 'NONE', #1134 ) ;
#306 = LINE ( 'NONE', #2600, #2990 ) ;
#307 = EDGE_CURVE ( 'NONE', #88, #578, #1864, .T. ) ;
#308 = DIRECTION ( 'NONE',  ( 1.000000000000000000, -2.349104707051927095E-16, 0.000000000000000000 ) ) ;
#309 = LINE ( 'NONE', #3997, #1934 ) ;
#310 = VECTOR ( 'NONE', #1786, 999.9999999999998863 ) ;
#311 = CARTESIAN_POINT ( 'NONE',  ( 30.00000000000000000, -18.00000000000000000, 52.90000000000000568 ) ) ;
#312 = ORIENTED_EDGE ( 'NONE', *, *, #1397, .T. ) ;
#313 = DIRECTION ( 'NONE',  ( 1.000000000000000000, 0.000000000000000000, -0.000000000000000000 ) ) ;
#314 = VECTOR ( 'NONE', #5793, 1000.000000000000000 ) ;
#315 = CARTESIAN_POINT ( 'NONE',  ( 26.49999999999998934, -23.25000000000000711, -2.400000000000001688 ) ) ;
#316 = PERSON_AND_ORGANIZATION_ROLE ( 'design_owner' ) ;
#317 = AXIS2_PLACEMENT_3D ( 'NONE', #1474, #149, #3802 ) ;
#318 = EDGE_LOOP ( 'NONE', ( #4998, #5110, #2091, #1362 ) ) ;
#319 = ORIENTED_EDGE ( 'NONE', *, *, #5656, .F. ) ;
#320 = DIRECTION ( 'NONE',  ( 0.000000000000000000, 0.000000000000000000, 1.000000000000000000 ) ) ;
#321 = EDGE_CURVE ( 'NONE', #5193, #1699, #252, .T. ) ;
#322 = AXIS2_PLACEMENT_3D ( 'NONE', #4071, #2233, #4130 ) ;
#323 = CARTESIAN_POINT ( 'NONE',  ( 24.50000000000000000, -2.750000000000013323, 49.50000000000000000 ) ) ;
#324 = CIRCLE ( 'NONE', #517, 3.499999999999996003 ) ;
#325 = VERTEX_POINT ( 'NONE', #2803 ) ;
#326 = DIRECTION ( 'NONE',  ( -1.000000000000000000, 0.000000000000000000, 0.000000000000000000 ) ) ;
#327 = EDGE_CURVE ( 'NONE', #4350, #405, #5359, .T. ) ;
#328 = ORIENTED_EDGE ( 'NONE', *, *, #5659, .F. ) ;
#329 = EDGE_LOOP ( 'NONE', ( #1133, #1332 ) ) ;
#330 = DIRECTION ( 'NONE',  ( 0.000000000000000000, 0.000000000000000000, -1.000000000000000000 ) ) ;
#331 = AXIS2_PLACEMENT_3D ( 'NONE', #3072, #814, #2606 ) ;
#332 = PLANE ( 'NONE',  #868 ) ;
#333 = EDGE_CURVE ( 'NONE', #5551, #2376, #2157, .T. ) ;
#334 = LINE ( 'NONE', #2622, #339 ) ;
#335 = ORIENTED_EDGE ( 'NONE', *, *, #4654, .F. ) ;
#336 = VERTEX_POINT ( 'NONE', #3769 ) ;
#337 = EDGE_LOOP ( 'NONE', ( #3323, #5615, #5803, #5796 ) ) ;
#338 = DIRECTION ( 'NONE',  ( 1.000000000000000000, 2.312964634635743450E-16, -0.000000000000000000 ) ) ;
#339 = VECTOR ( 'NONE', #4385, 1000.000000000000000 ) ;
#340 = EDGE_CURVE ( 'NONE', #5689, #739, #5136, .T. ) ;
#341 = DIRECTION ( 'NONE',  ( 1.000000000000000000, 0.000000000000000000, 0.000000000000000000 ) ) ;
#342 = ADVANCED_FACE ( 'NONE', ( #636, #2433 ), #3044, .F. ) ;
#343 = AXIS2_PLACEMENT_3D ( 'NONE', #5048, #990, #1546 ) ;
#344 = CARTESIAN_POINT ( 'NONE',  ( 24.50000000000000000, 0.2499999999999858447, 46.50000000000000000 ) ) ;
#345 = LINE ( 'NONE', #1227, #2596 ) ;
#346 = CIRCLE ( 'NONE', #4584, 2.000000000000000000 ) ;
#347 = ADVANCED_FACE ( 'NONE', ( #3913 ), #4423, .T. ) ;
#348 = ORIENTED_EDGE ( 'NONE', *, *, #4064, .F. ) ;
#349 = CC_DESIGN_APPROVAL ( #3440, ( #2877 ) ) ;
#350 = LINE ( 'NONE', #1282, #4627 ) ;
#351 = DIRECTION ( 'NONE',  ( 1.000000000000000000, 0.000000000000000000, 0.000000000000000000 ) ) ;
#352 = DATE_AND_TIME ( #4516, #5171 ) ;
#353 = ORIENTED_EDGE ( 'NONE', *, *, #5656, .T. ) ;
#354 = CARTESIAN_POINT ( 'NONE',  ( 29.99999999999999645, 0.2499999999999846234, 17.64999999999999858 ) ) ;
#355 = VECTOR ( 'NONE', #3561, 1000.000000000000000 ) ;
#356 = DIRECTION ( 'NONE',  ( 1.000000000000000000, 0.000000000000000000, 0.000000000000000000 ) ) ;
#357 = ADVANCED_FACE ( 'NONE', ( #2110 ), #840, .T. ) ;
#358 = VERTEX_POINT ( 'NONE', #1717 ) ;
#359 = CYLINDRICAL_SURFACE ( 'NONE', #1330, 1.000000000000000888 ) ;
#360 = ORIENTED_EDGE ( 'NONE', *, *, #4786, .T. ) ;
#361 = ORIENTED_EDGE ( 'NONE', *, *, #484, .T. ) ;
#362 = DIRECTION ( 'NONE',  ( -1.000000000000000000, 0.000000000000000000, 0.000000000000000000 ) ) ;
#363 = LINE ( 'NONE', #2156, #3162 ) ;
#364 = ADVANCED_FACE ( 'NONE', ( #1252 ), #649, .T. ) ;
#365 = DIRECTION ( 'NONE',  ( 1.000000000000000000, -1.284980352575412699E-16, 0.000000000000000000 ) ) ;
#366 = ORIENTED_EDGE ( 'NONE', *, *, #3653, .F. ) ;
#367 = VERTEX_POINT ( 'NONE', #3522 ) ;
#368 = VERTEX_POINT ( 'NONE', #3071 ) ;
#369 = DIRECTION ( 'NONE',  ( -2.569960705150827863E-16, 1.000000000000000000, 2.569960705150852022E-16 ) ) ;
#370 = LINE ( 'NONE', #3012, #1171 ) ;
#371 = DIRECTION ( 'NONE',  ( 1.000000000000000000, 0.000000000000000000, -0.000000000000000000 ) ) ;
#372 = VECTOR ( 'NONE', #2713, 1000.000000000000000 ) ;
#373 = CIRCLE ( 'NONE', #4430, 1.000000000000000888 ) ;
#374 = ORIENTED_EDGE ( 'NONE', *, *, #1505, .F. ) ;
#375 = DIRECTION ( 'NONE',  ( -0.000000000000000000, -0.000000000000000000, 1.000000000000000000 ) ) ;
#376 = LINE ( 'NONE', #5343, #1549 ) ;
#377 = EDGE_CURVE ( 'NONE', #958, #1642, #4867, .T. ) ;
#378 = CARTESIAN_POINT ( 'NONE',  ( 29.00000000000000000, -18.00000000000000000, 52.90000000000000568 ) ) ;
#379 = VECTOR ( 'NONE', #4132, 1000.000000000000000 ) ;
#380 = EDGE_LOOP ( 'NONE', ( #3339, #3869, #2190, #2634 ) ) ;
#381 = CARTESIAN_POINT ( 'NONE',  ( 34.49999999999998579, -24.25000000000001066, -2.400000000000001688 ) ) ;
#382 = DIRECTION ( 'NONE',  ( -0.000000000000000000, -0.000000000000000000, 1.000000000000000000 ) ) ;
#383 = EDGE_LOOP ( 'NONE', ( #4113, #1929, #3406, #1573 ) ) ;
#384 = CYLINDRICAL_SURFACE ( 'NONE', #1138, 1.500000000000001332 ) ;
#385 = FACE_OUTER_BOUND ( 'NONE', #4440, .T. ) ;
#386 = EDGE_LOOP ( 'NONE', ( #802, #3319, #4985, #207 ) ) ;
#387 = CARTESIAN_POINT ( 'NONE',  ( 35.50000000000000000, 2.249999999999983569, 8.500000000000000000 ) ) ;
#388 = DIRECTION ( 'NONE',  ( -0.000000000000000000, -1.000000000000000000, -0.000000000000000000 ) ) ;
#389 = CIRCLE ( 'NONE', #4262, 1.000000000000000000 ) ;
#390 = DIRECTION ( 'NONE',  ( 1.000000000000000000, 0.000000000000000000, 0.000000000000000000 ) ) ;
#391 = VERTEX_POINT ( 'NONE', #283 ) ;
#392 = ORIENTED_EDGE ( 'NONE', *, *, #5293, .F. ) ;
#393 = AXIS2_PLACEMENT_3D ( 'NONE', #4493, #3983, #5384 ) ;
#394 = ORIENTED_EDGE ( 'NONE', *, *, #1112, .F. ) ;
#395 = CARTESIAN_POINT ( 'NONE',  ( -23.22149652620895210, 12.24999999999998579, 10.70000000000001528 ) ) ;
#396 = CARTESIAN_POINT ( 'NONE',  ( 21.16185586048600697, 2.249999999999984457, 23.18055015817575182 ) ) ;
#397 = ORIENTED_EDGE ( 'NONE', *, *, #2889, .F. ) ;
#398 = DIRECTION ( 'NONE',  ( -2.312964634635742957E-16, -1.000000000000000000, -2.309404946611678112E-33 ) ) ;
#399 = VECTOR ( 'NONE', #3059, 1000.000000000000000 ) ;
#400 = EDGE_LOOP ( 'NONE', ( #2374, #3664, #2089, #4477 ) ) ;
#401 = PLANE ( 'NONE',  #3377 ) ;
#402 = ADVANCED_FACE ( 'NONE', ( #1664 ), #401, .F. ) ;
#403 = DIRECTION ( 'NONE',  ( 0.5773502691896257311, 0.5773502691896313932, 0.5773502691896201799 ) ) ;
#404 = DIRECTION ( 'NONE',  ( 1.000000000000000000, -1.156482317317871478E-16, 0.000000000000000000 ) ) ;
#405 = VERTEX_POINT ( 'NONE', #2605 ) ;
#406 = LINE ( 'NONE', #2231, #3262 ) ;
#407 = EDGE_CURVE ( 'NONE', #3723, #5523, #4449, .T. ) ;
#408 = LINE ( 'NONE', #2666, #1621 ) ;
#409 = FACE_OUTER_BOUND ( 'NONE', #3708, .T. ) ;
#410 = EDGE_CURVE ( 'NONE', #2060, #760, #2, .T. ) ;
#411 = ORIENTED_EDGE ( 'NONE', *, *, #2489, .F. ) ;
#412 = EDGE_CURVE ( 'NONE', #794, #2202, #350, .T. ) ;
#413 = DIRECTION ( 'NONE',  ( -0.000000000000000000, -0.000000000000000000, 1.000000000000000000 ) ) ;
#414 = ORIENTED_EDGE ( 'NONE', *, *, #4425, .T. ) ;
#415 = LINE ( 'NONE', #1388, #1219 ) ;
#416 = CIRCLE ( 'NONE', #3713, 2.999999999999999112 ) ;
#417 = DIRECTION ( 'NONE',  ( 0.000000000000000000, 0.000000000000000000, -1.000000000000000000 ) ) ;
#418 = DIRECTION ( 'NONE',  ( 1.156482317317872465E-16, -2.674902700537829702E-32, -1.000000000000000000 ) ) ;
#419 = CIRCLE ( 'NONE', #1821, 2.999999999999999112 ) ;
#420 = VERTEX_POINT ( 'NONE', #2630 ) ;
#421 = CARTESIAN_POINT ( 'NONE',  ( -2.000000000000000000, 6.249999999999996447, -8.000000000000000000 ) ) ;
#422 = VECTOR ( 'NONE', #4566, 1000.000000000000000 ) ;
#423 = ORIENTED_EDGE ( 'NONE', *, *, #3507, .F. ) ;
#424 = VERTEX_POINT ( 'NONE', #2077 ) ;
#425 = CARTESIAN_POINT ( 'NONE',  ( 19.94895788082819266, -2.198957880828218858, 5.551042119171813560 ) ) ;
#426 = CARTESIAN_POINT ( 'NONE',  ( 22.50000000000000000, -2.750000000000013323, 46.50000000000000000 ) ) ;
#427 = FACE_OUTER_BOUND ( 'NONE', #2986, .T. ) ;
#428 = EDGE_CURVE ( 'NONE', #2970, #2256, #3292, .T. ) ;
#429 = EDGE_LOOP ( 'NONE', ( #394, #4536, #4323, #2999 ) ) ;
#430 = CARTESIAN_POINT ( 'NONE',  ( -18.50000000000001066, 12.25000000000000000, 22.70000000000001705 ) ) ;
#431 = VERTEX_POINT ( 'NONE', #1168 ) ;
#432 = DIRECTION ( 'NONE',  ( 0.000000000000000000, 0.000000000000000000, -1.000000000000000000 ) ) ;
#433 = AXIS2_PLACEMENT_3D ( 'NONE', #2595, #2647, #4413 ) ;
#434 = LINE ( 'NONE', #3103, #1258 ) ;
#435 = AXIS2_PLACEMENT_3D ( 'NONE', #2166, #779, #5395 ) ;
#436 = PERSON_AND_ORGANIZATION_ROLE ( 'classification_officer' ) ;
#437 = EDGE_CURVE ( 'NONE', #336, #846, #3087, .T. ) ;
#438 = CARTESIAN_POINT ( 'NONE',  ( 26.40000000000001634, -81.25877125495691189, 52.90000000000000568 ) ) ;
#439 = EDGE_CURVE ( 'NONE', #2580, #2276, #4906, .T. ) ;
#440 = AXIS2_PLACEMENT_3D ( 'NONE', #2487, #2871, #1625 ) ;
#441 = ORIENTED_EDGE ( 'NONE', *, *, #2746, .F. ) ;
#442 = LINE ( 'NONE', #2635, #20 ) ;
#443 = AXIS2_PLACEMENT_3D ( 'NONE', #4018, #4499, #1791 ) ;
#444 = VECTOR ( 'NONE', #3069, 1000.000000000000000 ) ;
#445 = DIRECTION ( 'NONE',  ( -1.000000000000000000, 1.284980352575412699E-16, 0.000000000000000000 ) ) ;
#446 = CYLINDRICAL_SURFACE ( 'NONE', #3995, 3.000000000000000000 ) ;
#447 = CC_DESIGN_APPROVAL ( #3987, ( #4503 ) ) ;
#448 = EDGE_LOOP ( 'NONE', ( #291, #4812, #3559, #4804, #513, #3602, #3576, #4331 ) ) ;
#449 = CARTESIAN_POINT ( 'NONE',  ( 34.49999999999999289, -24.25000000000001066, -2.499999999999999556 ) ) ;
#450 = VERTEX_POINT ( 'NONE', #2547 ) ;
#451 = DIRECTION ( 'NONE',  ( -0.7371541402007415478, -1.848807603498397890E-16, -0.6757246285173461597 ) ) ;
#452 = DIRECTION ( 'NONE',  ( 1.000000000000000000, 0.000000000000000000, 0.000000000000000000 ) ) ;
#453 = DIRECTION ( 'NONE',  ( -1.000000000000000000, 1.156482317317871478E-16, -0.000000000000000000 ) ) ;
#454 = ORIENTED_EDGE ( 'NONE', *, *, #4, .F. ) ;
#455 = DIRECTION ( 'NONE',  ( -0.5773502691896218453, -0.5773502691896275074, 0.5773502691896279515 ) ) ;
#456 = ORIENTED_EDGE ( 'NONE', *, *, #1830, .F. ) ;
#457 = ORIENTED_EDGE ( 'NONE', *, *, #663, .T. ) ;
#458 = CARTESIAN_POINT ( 'NONE',  ( 19.71389698727629636, -0.9410056292721564741, 5.786103012723713412 ) ) ;
#459 = CARTESIAN_POINT ( 'NONE',  ( 30.00000000000000000, -18.00000000000000000, 71.50000000000002842 ) ) ;
#460 = DIRECTION ( 'NONE',  ( -1.156482317317870246E-16, -1.000000000000000000, 0.000000000000000000 ) ) ;
#461 = ORIENTED_EDGE ( 'NONE', *, *, #2994, .F. ) ;
#462 = DIRECTION ( 'NONE',  ( -0.000000000000000000, -0.000000000000000000, 1.000000000000000000 ) ) ;
#463 = EDGE_LOOP ( 'NONE', ( #2504, #2014, #71, #2546, #4043, #627, #1108, #2012, #4031 ) ) ;
#464 = EDGE_CURVE ( 'NONE', #5717, #4672, #3469, .T. ) ;
#465 = CIRCLE ( 'NONE', #5092, 2.000000000000001776 ) ;
#466 = FACE_BOUND ( 'NONE', #4212, .T. ) ;
#467 = ORIENTED_EDGE ( 'NONE', *, *, #3100, .F. ) ;
#468 = DIRECTION ( 'NONE',  ( 1.000000000000000000, 0.000000000000000000, 8.673617379884027583E-16 ) ) ;
#469 = AXIS2_PLACEMENT_3D ( 'NONE', #5059, #2904, #3717 ) ;
#470 = EDGE_CURVE ( 'NONE', #3732, #3734, #3095, .T. ) ;
#471 = DIRECTION ( 'NONE',  ( -2.312964634635742957E-16, -1.000000000000000000, 0.000000000000000000 ) ) ;
#472 = ORIENTED_EDGE ( 'NONE', *, *, #1771, .F. ) ;
#473 = DIRECTION ( 'NONE',  ( 0.000000000000000000, 0.000000000000000000, -1.000000000000000000 ) ) ;
#474 = ORIENTED_EDGE ( 'NONE', *, *, #1206, .F. ) ;
#475 = CYLINDRICAL_SURFACE ( 'NONE', #4047, 3.499999999999996003 ) ;
#476 = CARTESIAN_POINT ( 'NONE',  ( 22.50000000000000000, -4.750000000000058620, -5.500000000000000000 ) ) ;
#477 = CARTESIAN_POINT ( 'NONE',  ( -7.000000000000003553, 6.249999999999996447, -8.000000000000000000 ) ) ;
#478 = CARTESIAN_POINT ( 'NONE',  ( -13.90566037735847083, 24.24999999999998579, 15.16981132075469318 ) ) ;
#479 = ORIENTED_EDGE ( 'NONE', *, *, #5091, .T. ) ;
#480 = ORIENTED_EDGE ( 'NONE', *, *, #2242, .T. ) ;
#481 = ORIENTED_EDGE ( 'NONE', *, *, #2997, .T. ) ;
#482 = CARTESIAN_POINT ( 'NONE',  ( 24.50000000000000000, 2.249999999999986677, 46.50000000000000000 ) ) ;
#483 = EDGE_CURVE ( 'NONE', #1014, #4256, #1071, .T. ) ;
#484 = EDGE_CURVE ( 'NONE', #3543, #3392, #5383, .T. ) ;
#485 = PRODUCT_DEFINITION_SHAPE ( 'NONE', 'NONE',  #4503 ) ;
#486 = LINE ( 'NONE', #3551, #140 ) ;
#487 = DIRECTION ( 'NONE',  ( 1.000000000000000000, 0.000000000000000000, 0.000000000000000000 ) ) ;
#488 = AXIS2_PLACEMENT_3D ( 'NONE', #4480, #4208, #432 ) ;
#489 = ADVANCED_FACE ( 'NONE', ( #1042 ), #841, .T. ) ;
#490 =( BOUNDED_CURVE ( )  B_SPLINE_CURVE ( 3, ( #691, #5254, #4807, #2483 ),
 .UNSPECIFIED., .F., .F. ) 
 B_SPLINE_CURVE_WITH_KNOTS ( ( 4, 4 ),
 ( 3.141592653589790007, 4.712388980384689674 ),
 .UNSPECIFIED. ) 
 CURVE ( )  GEOMETRIC_REPRESENTATION_ITEM ( )  RATIONAL_B_SPLINE_CURVE ( ( 1.000000000000000000, 0.8047378541243643824, 0.8047378541243643824, 1.000000000000000000 ) ) 
 REPRESENTATION_ITEM ( '' )  );
#491 = ORIENTED_EDGE ( 'NONE', *, *, #4270, .T. ) ;
#492 = CARTESIAN_POINT ( 'NONE',  ( 34.60000000000000853, -24.25000000000001066, 58.89999999999999858 ) ) ;
#493 = VERTEX_POINT ( 'NONE', #600 ) ;
#494 = EDGE_CURVE ( 'NONE', #3231, #424, #4149, .T. ) ;
#495 = CARTESIAN_POINT ( 'NONE',  ( -12.99999999999995204, 2.249999999999994671, 2.500000000000000444 ) ) ;
#496 = PLANE ( 'NONE',  #3447 ) ;
#497 = ORIENTED_EDGE ( 'NONE', *, *, #4782, .F. ) ;
#498 = CARTESIAN_POINT ( 'NONE',  ( 24.50000000000000000, -6.750000000000088818, 5.500000000000000000 ) ) ;
#499 = CYLINDRICAL_SURFACE ( 'NONE', #5054, 10.00000000000000000 ) ;
#500 = CARTESIAN_POINT ( 'NONE',  ( 20.49999999999997513, -2.750000000000012879, 5.500000000000000000 ) ) ;
#501 = CARTESIAN_POINT ( 'NONE',  ( 9.224360753997203233, 0.2499999999999894251, 10.49999999999999822 ) ) ;
#502 = EDGE_CURVE ( 'NONE', #5511, #1379, #281, .T. ) ;
#503 = EDGE_LOOP ( 'NONE', ( #963, #4389 ) ) ;
#504 = DIRECTION ( 'NONE',  ( 0.000000000000000000, 0.000000000000000000, 1.000000000000000000 ) ) ;
#505 = ORIENTED_EDGE ( 'NONE', *, *, #1541, .F. ) ;
#506 = CARTESIAN_POINT ( 'NONE',  ( -22.50000000000000000, -23.25000000000000355, -5.500000000000000000 ) ) ;
#507 = CARTESIAN_POINT ( 'NONE',  ( -2.506762836754401424E-15, 12.24999999999998934, 50.70166666666662536 ) ) ;
#508 = DIRECTION ( 'NONE',  ( 2.312964634635743450E-16, -1.000000000000000000, -0.000000000000000000 ) ) ;
#509 = EDGE_CURVE ( 'NONE', #2683, #3378, #2428, .T. ) ;
#510 = CARTESIAN_POINT ( 'NONE',  ( 28.49999999999999645, 13.24999999999998579, 37.65000000000000568 ) ) ;
#511 = VECTOR ( 'NONE', #455, 1000.000000000000000 ) ;
#512 = EDGE_LOOP ( 'NONE', ( #2245, #1446, #5285, #2452 ) ) ;
#513 = ORIENTED_EDGE ( 'NONE', *, *, #1596, .T. ) ;
#514 = DIRECTION ( 'NONE',  ( -1.000000000000000000, 1.156482317317871478E-16, -0.000000000000000000 ) ) ;
#515 = EDGE_CURVE ( 'NONE', #136, #107, #5105, .T. ) ;
#516 = CARTESIAN_POINT ( 'NONE',  ( 24.50000000000000000, 0.2499999999999858447, 0.000000000000000000 ) ) ;
#517 = AXIS2_PLACEMENT_3D ( 'NONE', #751, #4864, #341 ) ;
#518 = DIRECTION ( 'NONE',  ( -1.000000000000000000, -2.312964634635743450E-16, 0.000000000000000000 ) ) ;
#519 = ORIENTED_EDGE ( 'NONE', *, *, #806, .F. ) ;
#520 = DIRECTION ( 'NONE',  ( -0.000000000000000000, -0.000000000000000000, -1.000000000000000000 ) ) ;
#521 = ORIENTED_EDGE ( 'NONE', *, *, #4064, .T. ) ;
#522 = DIRECTION ( 'NONE',  ( 1.000000000000000000, -1.284980352575412453E-16, 0.000000000000000000 ) ) ;
#523 = EDGE_CURVE ( 'NONE', #1239, #88, #2659, .T. ) ;
#524 = DIRECTION ( 'NONE',  ( 0.000000000000000000, 0.000000000000000000, -1.000000000000000000 ) ) ;
#525 = ORIENTED_EDGE ( 'NONE', *, *, #1199, .T. ) ;
#526 = CARTESIAN_POINT ( 'NONE',  ( 12.49999999999999822, -21.11000936329383393, 28.17777469307152671 ) ) ;
#527 = VERTEX_POINT ( 'NONE', #5372 ) ;
#528 = AXIS2_PLACEMENT_3D ( 'NONE', #9, #4111, #3572 ) ;
#529 = AXIS2_PLACEMENT_3D ( 'NONE', #5437, #1430, #3284 ) ;
#530 = CARTESIAN_POINT ( 'NONE',  ( 25.50000000000000000, 24.25000000000000000, 7.700000000000018829 ) ) ;
#531 = AXIS2_PLACEMENT_3D ( 'NONE', #602, #5581, #3815 ) ;
#532 = ORIENTED_EDGE ( 'NONE', *, *, #5852, .T. ) ;
#533 = LINE ( 'NONE', #1908, #379 ) ;
#534 = ORIENTED_EDGE ( 'NONE', *, *, #784, .T. ) ;
#535 = DIRECTION ( 'NONE',  ( 1.000000000000000000, 0.000000000000000000, 0.000000000000000000 ) ) ;
#536 = DIRECTION ( 'NONE',  ( 0.000000000000000000, -0.000000000000000000, 1.000000000000000000 ) ) ;
#537 = EDGE_CURVE ( 'NONE', #1595, #5006, #4144, .T. ) ;
#538 = LINE ( 'NONE', #1325, #1086 ) ;
#539 = LINE ( 'NONE', #2649, #976 ) ;
#540 = EDGE_LOOP ( 'NONE', ( #3042, #6, #2034, #2425 ) ) ;
#541 = ORIENTED_EDGE ( 'NONE', *, *, #3911, .F. ) ;
#542 = CARTESIAN_POINT ( 'NONE',  ( 8.999999999999987566, 0.2499999999999894806, -12.50000000000000000 ) ) ;
#543 = DIRECTION ( 'NONE',  ( 0.000000000000000000, 0.000000000000000000, 1.000000000000000000 ) ) ;
#544 = ADVANCED_FACE ( 'NONE', ( #1310 ), #3699, .F. ) ;
#545 = CARTESIAN_POINT ( 'NONE',  ( 25.50000000000000000, 24.25000000000000000, 47.70166666666661826 ) ) ;
#546 = CARTESIAN_POINT ( 'NONE',  ( 33.49999999999998579, -23.25000000000001421, -2.400000000000001688 ) ) ;
#547 = VERTEX_POINT ( 'NONE', #5578 ) ;
#548 = DIRECTION ( 'NONE',  ( -0.000000000000000000, -0.000000000000000000, -1.000000000000000000 ) ) ;
#549 = ORIENTED_EDGE ( 'NONE', *, *, #2798, .T. ) ;
#550 = LINE ( 'NONE', #1808, #5726 ) ;
#551 = DIRECTION ( 'NONE',  ( 1.000000000000000000, 0.000000000000000000, -0.000000000000000000 ) ) ;
#552 = ORIENTED_EDGE ( 'NONE', *, *, #4502, .F. ) ;
#553 = ORIENTED_EDGE ( 'NONE', *, *, #5400, .F. ) ;
#554 = DIRECTION ( 'NONE',  ( -2.312964634635743450E-16, 1.000000000000000000, 0.000000000000000000 ) ) ;
#555 = ORIENTED_EDGE ( 'NONE', *, *, #4368, .T. ) ;
#556 = CIRCLE ( 'NONE', #3768, 3.000000000000000000 ) ;
#557 = CARTESIAN_POINT ( 'NONE',  ( -19.50000000000000000, 3.749999999999987121, 17.65000000000000924 ) ) ;
#558 = DIRECTION ( 'NONE',  ( 1.000000000000000000, 0.000000000000000000, -0.000000000000000000 ) ) ;
#559 = B_SPLINE_CURVE_WITH_KNOTS ( 'NONE', 3,
 ( #2884, #4263, #212, #187, #5158, #3722, #3303, #5537, #651, #678, #5625, #4679, #4138, #3329, #2450, #5573, #625, #3694 ),
 .UNSPECIFIED., .F., .F.,
 ( 4, 2, 2, 2, 2, 2, 2, 2, 4 ),
 ( 0.000000000000000000, 0.0005599346325617032090, 0.001119869265123406418, 0.001679803897685109735, 0.002239738530246812836, 0.002799673162808516153, 0.003359607795370219471, 0.003919542427931922354, 0.004479477060493624804 ),
 .UNSPECIFIED. ) ;
#560 = EDGE_CURVE ( 'NONE', #5307, #4133, #4830, .T. ) ;
#561 = AXIS2_PLACEMENT_3D ( 'NONE', #3628, #2290, #1790 ) ;
#562 = DIRECTION ( 'NONE',  ( -2.312964634635742957E-16, -1.000000000000000000, -0.000000000000000000 ) ) ;
#563 = ORIENTED_EDGE ( 'NONE', *, *, #1343, .F. ) ;
#564 = CARTESIAN_POINT ( 'NONE',  ( 30.00000000000000000, -18.00000000000000000, 49.50000000000000000 ) ) ;
#565 = AXIS2_PLACEMENT_3D ( 'NONE', #5544, #543, #5099 ) ;
#566 = CARTESIAN_POINT ( 'NONE',  ( -16.49999999999999645, 9.249999999999985789, 17.65000000000000924 ) ) ;
#567 = CARTESIAN_POINT ( 'NONE',  ( -26.49999999999999289, 0.2499999999999985012, -5.500000000000000000 ) ) ;
#568 = VERTEX_POINT ( 'NONE', #5513 ) ;
#569 = ORIENTED_EDGE ( 'NONE', *, *, #3381, .T. ) ;
#570 = DIRECTION ( 'NONE',  ( 1.156482317317871478E-16, 1.000000000000000000, -0.000000000000000000 ) ) ;
#571 = DIRECTION ( 'NONE',  ( 1.000000000000000000, 0.000000000000000000, -0.000000000000000000 ) ) ;
#572 = CARTESIAN_POINT ( 'NONE',  ( -15.00000000000000000, 0.2499999999999950040, -8.000000000000000000 ) ) ;
#573 = CARTESIAN_POINT ( 'NONE',  ( -2.000000000000000000, 6.249999999999996447, 8.000000000000000000 ) ) ;
#574 = EDGE_LOOP ( 'NONE', ( #2865, #5719, #5133, #1519 ) ) ;
#575 = ORIENTED_EDGE ( 'NONE', *, *, #1571, .T. ) ;
#576 = CARTESIAN_POINT ( 'NONE',  ( -34.49999999999999289, -23.25000000000000000, -5.500000000000000888 ) ) ;
#577 = LINE ( 'NONE', #962, #3058 ) ;
#578 = VERTEX_POINT ( 'NONE', #1511 ) ;
#579 = VECTOR ( 'NONE', #4519, 1000.000000000000000 ) ;
#580 = EDGE_LOOP ( 'NONE', ( #3938, #2070, #2743, #169 ) ) ;
#581 = CARTESIAN_POINT ( 'NONE',  ( -7.000000000000003553, 6.249999999999997335, 7.000000000000000000 ) ) ;
#582 = VERTEX_POINT ( 'NONE', #3763 ) ;
#583 = AXIS2_PLACEMENT_3D ( 'NONE', #1586, #3384, #504 ) ;
#584 = DIRECTION ( 'NONE',  ( -1.000000000000000000, 0.000000000000000000, 0.000000000000000000 ) ) ;
#585 = DIRECTION ( 'NONE',  ( -0.7371541402007415478, 0.000000000000000000, -0.6757246285173461597 ) ) ;
#586 = AXIS2_PLACEMENT_3D ( 'NONE', #564, #536, #2790 ) ;
#587 = EDGE_CURVE ( 'NONE', #2897, #4252, #3275, .T. ) ;
#588 = CARTESIAN_POINT ( 'NONE',  ( -36.50000000000000000, 24.24999999999997868, 2.399999999999997247 ) ) ;
#589 = ADVANCED_FACE ( 'NONE', ( #3244 ), #5071, .T. ) ;
#590 = CARTESIAN_POINT ( 'NONE',  ( 30.99999999999999645, -18.00000000000000000, 5.499999999999998224 ) ) ;
#591 = AXIS2_PLACEMENT_3D ( 'NONE', #2703, #966, #1814 ) ;
#592 = LINE ( 'NONE', #1945, #3342 ) ;
#593 = EDGE_CURVE ( 'NONE', #2720, #3704, #4033, .T. ) ;
#594 = ADVANCED_FACE ( 'NONE', ( #3583 ), #2797, .F. ) ;
#595 = CARTESIAN_POINT ( 'NONE',  ( 17.50000000000001421, 0.2499999999999875377, -7.999999999999996447 ) ) ;
#596 = ORIENTED_EDGE ( 'NONE', *, *, #1397, .F. ) ;
#597 = EDGE_LOOP ( 'NONE', ( #860, #3092, #3399, #1384 ) ) ;
#598 = LINE ( 'NONE', #2826, #183 ) ;
#599 = CIRCLE ( 'NONE', #2382, 1.500000000000001332 ) ;
#600 = CARTESIAN_POINT ( 'NONE',  ( -33.49999999999998579, 20.24999999999998224, 2.399999999999997691 ) ) ;
#601 = CARTESIAN_POINT ( 'NONE',  ( -5.543626931494064171E-15, 24.24999999999999289, -3.019858152799183628E-31 ) ) ;
#602 = CARTESIAN_POINT ( 'NONE',  ( 37.50000000000000000, -12.25000000000000178, -5.500000000000000000 ) ) ;
#603 = EDGE_LOOP ( 'NONE', ( #3644, #3547, #4395, #3962 ) ) ;
#604 = CARTESIAN_POINT ( 'NONE',  ( -24.00000000000001066, 9.249999999999987566, 5.500000000000000000 ) ) ;
#605 = ORIENTED_EDGE ( 'NONE', *, *, #4854, .F. ) ;
#606 = CIRCLE ( 'NONE', #3898, 2.500000000000001776 ) ;
#607 = DIRECTION ( 'NONE',  ( -2.312964634635742957E-16, -1.000000000000000000, 0.000000000000000000 ) ) ;
#608 = EDGE_CURVE ( 'NONE', #1111, #1605, #2732, .T. ) ;
#609 = CARTESIAN_POINT ( 'NONE',  ( -24.00331328775412842, -23.51323155394845088, -5.473662403353392492 ) ) ;
#610 = ORIENTED_EDGE ( 'NONE', *, *, #4728, .T. ) ;
#611 = EDGE_LOOP ( 'NONE', ( #3234, #575, #232, #1290 ) ) ;
#612 = PLANE ( 'NONE',  #3428 ) ;
#613 = ADVANCED_FACE ( 'NONE', ( #1590 ), #2913, .T. ) ;
#614 = EDGE_CURVE ( 'NONE', #108, #5454, #1236, .T. ) ;
#615 = DIRECTION ( 'NONE',  ( 2.312964634635742464E-16, 1.000000000000000000, 0.000000000000000000 ) ) ;
#616 = FACE_BOUND ( 'NONE', #3422, .T. ) ;
#617 = AXIS2_PLACEMENT_3D ( 'NONE', #2158, #2977, #2097 ) ;
#618 = ORIENTED_EDGE ( 'NONE', *, *, #1148, .F. ) ;
#619 = DIRECTION ( 'NONE',  ( 0.000000000000000000, 1.000000000000000000, 0.000000000000000000 ) ) ;
#620 = DIRECTION ( 'NONE',  ( 1.000000000000000000, 0.000000000000000000, 0.000000000000000000 ) ) ;
#621 = FACE_OUTER_BOUND ( 'NONE', #4198, .T. ) ;
#622 = VECTOR ( 'NONE', #5237, 1000.000000000000000 ) ;
#623 = AXIS2_PLACEMENT_3D ( 'NONE', #4393, #4952, #809 ) ;
#624 = FACE_OUTER_BOUND ( 'NONE', #329, .T. ) ;
#625 = CARTESIAN_POINT ( 'NONE',  ( -15.63140578451973184, 2.118594215480295251, 12.14852953784917666 ) ) ;
#626 = EDGE_LOOP ( 'NONE', ( #1604, #441, #643, #2175 ) ) ;
#627 = ORIENTED_EDGE ( 'NONE', *, *, #2820, .T. ) ;
#628 = CARTESIAN_POINT ( 'NONE',  ( 37.50000000000000000, -23.25000000000001066, -2.499999999999999556 ) ) ;
#629 = CIRCLE ( 'NONE', #1652, 1.000000000000000888 ) ;
#630 = VECTOR ( 'NONE', #4438, 1000.000000000000000 ) ;
#631 = CARTESIAN_POINT ( 'NONE',  ( 35.50000000000000000, -24.25000000000001066, 51.50000000000000711 ) ) ;
#632 = DIRECTION ( 'NONE',  ( -2.312964634635742957E-16, -1.000000000000000000, 0.000000000000000000 ) ) ;
#633 = LINE ( 'NONE', #3790, #2031 ) ;
#634 = ORIENTED_EDGE ( 'NONE', *, *, #3405, .T. ) ;
#635 = AXIS2_PLACEMENT_3D ( 'NONE', #5183, #3327, #5155 ) ;
#636 = FACE_BOUND ( 'NONE', #5780, .T. ) ;
#637 = LINE ( 'NONE', #5640, #2128 ) ;
#638 = DIRECTION ( 'NONE',  ( -2.569960705150827863E-16, 1.000000000000000000, 2.569960705150852022E-16 ) ) ;
#639 = EDGE_LOOP ( 'NONE', ( #1461, #1818, #243, #4724 ) ) ;
#640 = ADVANCED_FACE ( 'NONE', ( #2476 ), #2533, .F. ) ;
#641 = CARTESIAN_POINT ( 'NONE',  ( 30.00000000000000000, -18.00000000000000000, 2.399999999999999467 ) ) ;
#642 =( LENGTH_UNIT ( ) NAMED_UNIT ( * ) SI_UNIT ( .MILLI., .METRE. ) );
#643 = ORIENTED_EDGE ( 'NONE', *, *, #2518, .F. ) ;
#644 = DIRECTION ( 'NONE',  ( 2.312964634635743450E-16, -1.000000000000000000, -0.000000000000000000 ) ) ;
#645 = FACE_OUTER_BOUND ( 'NONE', #3138, .T. ) ;
#646 = FACE_OUTER_BOUND ( 'NONE', #5289, .T. ) ;
#647 = VECTOR ( 'NONE', #1739, 1000.000000000000000 ) ;
#648 = AXIS2_PLACEMENT_3D ( 'NONE', #395, #3038, #4416 ) ;
#649 = TOROIDAL_SURFACE ( 'NONE', #1311, 12.00000000000000000, 2.000000000000000000 ) ;
#650 = DIRECTION ( 'NONE',  ( 0.000000000000000000, 1.000000000000000000, 0.000000000000000000 ) ) ;
#651 = CARTESIAN_POINT ( 'NONE',  ( -16.96393325754421966, 0.7860667424558041017, 10.98965992534738767 ) ) ;
#652 = VERTEX_POINT ( 'NONE', #4268 ) ;
#653 = ORIENTED_EDGE ( 'NONE', *, *, #2015, .F. ) ;
#654 = CYLINDRICAL_SURFACE ( 'NONE', #3563, 1.500000000000008216 ) ;
#655 = DIRECTION ( 'NONE',  ( 1.000000000000000000, -1.156482317317871478E-16, 0.000000000000000000 ) ) ;
#656 = DIRECTION ( 'NONE',  ( -1.000000000000000000, -2.259648465249937489E-16, 0.000000000000000000 ) ) ;
#657 = DIRECTION ( 'NONE',  ( 1.000000000000000000, 0.000000000000000000, 0.000000000000000000 ) ) ;
#658 = VECTOR ( 'NONE', #1473, 1000.000000000000114 ) ;
#659 = EDGE_LOOP ( 'NONE', ( #103, #4859 ) ) ;
#660 = DIRECTION ( 'NONE',  ( 0.5773502691896210681, -0.5773502691896282846, -0.5773502691896279515 ) ) ;
#661 = VERTEX_POINT ( 'NONE', #3362 ) ;
#662 = EDGE_CURVE ( 'NONE', #3800, #661, #3970, .T. ) ;
#663 = EDGE_CURVE ( 'NONE', #1699, #4939, #4354, .T. ) ;
#664 = CARTESIAN_POINT ( 'NONE',  ( 33.49999999999999289, 9.249999999999984013, 17.64999999999999858 ) ) ;
#665 = CARTESIAN_POINT ( 'NONE',  ( 26.40000000000001634, -81.25877125495691189, 57.89999999999999858 ) ) ;
#666 = EDGE_CURVE ( 'NONE', #5475, #4691, #1182, .T. ) ;
#667 = ORIENTED_EDGE ( 'NONE', *, *, #494, .F. ) ;
#668 = VECTOR ( 'NONE', #562, 1000.000000000000000 ) ;
#669 = LINE ( 'NONE', #2927, #237 ) ;
#670 = DIRECTION ( 'NONE',  ( 0.000000000000000000, 0.000000000000000000, -1.000000000000000000 ) ) ;
#671 = VECTOR ( 'NONE', #246, 1000.000000000000000 ) ;
#672 =( BOUNDED_CURVE ( )  B_SPLINE_CURVE ( 3, ( #1425, #4087, #1802, #4983 ),
 .UNSPECIFIED., .F., .T. ) 
 B_SPLINE_CURVE_WITH_KNOTS ( ( 4, 4 ),
 ( -3.552713678800500929E-15, 1.570796326794896558 ),
 .UNSPECIFIED. ) 
 CURVE ( )  GEOMETRIC_REPRESENTATION_ITEM ( )  RATIONAL_B_SPLINE_CURVE ( ( 1.000000000000000000, 0.8047378541243641603, 0.8047378541243641603, 1.000000000000000000 ) ) 
 REPRESENTATION_ITEM ( '' )  );
#673 = VERTEX_POINT ( 'NONE', #270 ) ;
#674 = DIRECTION ( 'NONE',  ( 0.000000000000000000, 0.000000000000000000, 1.000000000000000000 ) ) ;
#675 = DIRECTION ( 'NONE',  ( -1.000000000000000000, 0.000000000000000000, 0.000000000000000000 ) ) ;
#676 = LINE ( 'NONE', #2933, #3646 ) ;
#677 = CARTESIAN_POINT ( 'NONE',  ( -2.000000000000000000, 6.249999999999996447, -7.000000000000000000 ) ) ;
#678 = CARTESIAN_POINT ( 'NONE',  ( -16.78135958775311209, 0.9686404122469056688, 11.26049311727023472 ) ) ;
#679 = ORIENTED_EDGE ( 'NONE', *, *, #523, .F. ) ;
#680 = EDGE_LOOP ( 'NONE', ( #4574, #125, #1895, #4885 ) ) ;
#681 = DIRECTION ( 'NONE',  ( 2.312964634635742957E-16, 1.000000000000000000, -0.000000000000000000 ) ) ;
#682 = DIRECTION ( 'NONE',  ( 0.000000000000000000, -1.000000000000000000, 0.000000000000000000 ) ) ;
#683 = CARTESIAN_POINT ( 'NONE',  ( -12.00000000000000000, 0.2499999999999943101, -5.000000000000000000 ) ) ;
#684 = EDGE_CURVE ( 'NONE', #139, #4672, #2095, .T. ) ;
#685 = EDGE_CURVE ( 'NONE', #405, #2930, #4799, .T. ) ;
#686 = LINE ( 'NONE', #1594, #2868 ) ;
#687 = ORIENTED_EDGE ( 'NONE', *, *, #1650, .T. ) ;
#688 = DIRECTION ( 'NONE',  ( 2.312964634635743450E-16, -1.000000000000000000, -0.000000000000000000 ) ) ;
#689 = VERTEX_POINT ( 'NONE', #3836 ) ;
#690 = CARTESIAN_POINT ( 'NONE',  ( -37.50000000000000000, 20.24999999999998224, 2.399999999999997247 ) ) ;
#691 = CARTESIAN_POINT ( 'NONE',  ( 33.60000000000000142, -23.25000000000000711, 57.89999999999999858 ) ) ;
#692 = CARTESIAN_POINT ( 'NONE',  ( 30.00000000000000000, -18.00000000000000000, -5.499999999999998224 ) ) ;
#693 = FACE_OUTER_BOUND ( 'NONE', #380, .T. ) ;
#694 = ORIENTED_EDGE ( 'NONE', *, *, #4989, .T. ) ;
#695 = VECTOR ( 'NONE', #713, 1000.000000000000000 ) ;
#696 = CARTESIAN_POINT ( 'NONE',  ( -23.50000000000000000, -23.25000000000000355, 0.000000000000000000 ) ) ;
#697 = VECTOR ( 'NONE', #2890, 1000.000000000000000 ) ;
#698 = ORIENTED_EDGE ( 'NONE', *, *, #2491, .F. ) ;
#699 = ORIENTED_EDGE ( 'NONE', *, *, #1698, .T. ) ;
#700 = DIRECTION ( 'NONE',  ( -2.569960705150827863E-16, 1.000000000000000000, 2.569960705150852022E-16 ) ) ;
#701 = CARTESIAN_POINT ( 'NONE',  ( 33.49999999999999289, 9.249999999999984013, 37.65000000000000568 ) ) ;
#702 = DIRECTION ( 'NONE',  ( 1.000000000000000000, 0.000000000000000000, 0.000000000000000000 ) ) ;
#703 =( BOUNDED_CURVE ( )  B_SPLINE_CURVE ( 3, ( #2610, #3107, #3504, #498 ),
 .UNSPECIFIED., .F., .F. ) 
 B_SPLINE_CURVE_WITH_KNOTS ( ( 4, 4 ),
 ( 3.141592653589793116, 4.712388980384691450 ),
 .UNSPECIFIED. ) 
 CURVE ( )  GEOMETRIC_REPRESENTATION_ITEM ( )  RATIONAL_B_SPLINE_CURVE ( ( 1.000000000000000000, 0.8047378541243646044, 0.8047378541243646044, 1.000000000000000000 ) ) 
 REPRESENTATION_ITEM ( '' )  );
#704 = CARTESIAN_POINT ( 'NONE',  ( 20.00000000000003553, 12.24999999999998757, -5.500000000000000000 ) ) ;
#705 = CARTESIAN_POINT ( 'NONE',  ( 26.50000000000000000, 0.2499999999999854283, 37.65000000000000568 ) ) ;
#706 = ORIENTED_EDGE ( 'NONE', *, *, #1550, .F. ) ;
#707 = ORIENTED_EDGE ( 'NONE', *, *, #3727, .T. ) ;
#708 = LINE ( 'NONE', #2506, #747 ) ;
#709 = VECTOR ( 'NONE', #211, 1000.000000000000000 ) ;
#710 = ADVANCED_FACE ( 'NONE', ( #2454 ), #2038, .T. ) ;
#711 = DIRECTION ( 'NONE',  ( -0.000000000000000000, 1.000000000000000000, 0.000000000000000000 ) ) ;
#712 = VECTOR ( 'NONE', #5255, 1000.000000000000000 ) ;
#713 = DIRECTION ( 'NONE',  ( 2.312964634635743450E-16, -1.000000000000000000, 0.000000000000000000 ) ) ;
#714 = CARTESIAN_POINT ( 'NONE',  ( 37.50000000000000000, 12.25000000000000000, -5.500000000000000000 ) ) ;
#715 = AXIS2_PLACEMENT_3D ( 'NONE', #5816, #2608, #3974 ) ;
#716 = ORIENTED_EDGE ( 'NONE', *, *, #1982, .T. ) ;
#717 = VERTEX_POINT ( 'NONE', #3861 ) ;
#718 = VECTOR ( 'NONE', #1297, 1000.000000000000000 ) ;
#719 = ORIENTED_EDGE ( 'NONE', *, *, #5729, .F. ) ;
#720 = AXIS2_PLACEMENT_3D ( 'NONE', #4624, #2363, #3701 ) ;
#721 = DIRECTION ( 'NONE',  ( -1.000000000000000000, 0.000000000000000000, -1.084202172485501722E-16 ) ) ;
#722 = EDGE_CURVE ( 'NONE', #2376, #5180, #2975, .T. ) ;
#723 = DIRECTION ( 'NONE',  ( -0.000000000000000000, -0.000000000000000000, 1.000000000000000000 ) ) ;
#724 = AXIS2_PLACEMENT_3D ( 'NONE', #3680, #3394, #1494 ) ;
#725 = CARTESIAN_POINT ( 'NONE',  ( -34.49999999999999289, -24.25000000000000355, -4.500000000000000888 ) ) ;
#726 = LINE ( 'NONE', #2018, #3346 ) ;
#727 = ORIENTED_EDGE ( 'NONE', *, *, #2486, .F. ) ;
#728 = CARTESIAN_POINT ( 'NONE',  ( -24.02623857324230983, -23.86718597086881033, 5.297564837926961978 ) ) ;
#729 = CARTESIAN_POINT ( 'NONE',  ( -23.99999999999999289, -6.250000000000051514, -5.500000000000000000 ) ) ;
#730 = APPROVAL_STATUS ( 'not_yet_approved' ) ;
#731 = ORIENTED_EDGE ( 'NONE', *, *, #4904, .F. ) ;
#732 = LINE ( 'NONE', #4315, #3486 ) ;
#733 = EDGE_CURVE ( 'NONE', #661, #3800, #5259, .T. ) ;
#734 = ADVANCED_FACE ( 'NONE', ( #5213 ), #4327, .T. ) ;
#735 = DIRECTION ( 'NONE',  ( -1.000000000000000000, 0.000000000000000000, 0.000000000000000000 ) ) ;
#736 = ADVANCED_FACE ( 'NONE', ( #743 ), #5245, .T. ) ;
#737 = EDGE_CURVE ( 'NONE', #2401, #4366, #3448, .T. ) ;
#738 = CARTESIAN_POINT ( 'NONE',  ( 37.50000000000003553, -23.25000000000001421, 59.50000000000000000 ) ) ;
#739 = VERTEX_POINT ( 'NONE', #3788 ) ;
#740 = ORIENTED_EDGE ( 'NONE', *, *, #2855, .T. ) ;
#741 = DIRECTION ( 'NONE',  ( 0.000000000000000000, -1.000000000000000000, -0.000000000000000000 ) ) ;
#742 = AXIS2_PLACEMENT_3D ( 'NONE', #387, #1180, #362 ) ;
#743 = FACE_OUTER_BOUND ( 'NONE', #2481, .T. ) ;
#744 = DIRECTION ( 'NONE',  ( -2.312964634635743450E-16, 1.000000000000000000, -2.277444874902700670E-32 ) ) ;
#745 = CARTESIAN_POINT ( 'NONE',  ( -15.00000000000000000, 0.2499999999999950040, 5.000000000000000888 ) ) ;
#746 = ORIENTED_EDGE ( 'NONE', *, *, #4056, .T. ) ;
#747 = VECTOR ( 'NONE', #4798, 1000.000000000000000 ) ;
#748 = ORIENTED_EDGE ( 'NONE', *, *, #3251, .T. ) ;
#749 = ORIENTED_EDGE ( 'NONE', *, *, #892, .T. ) ;
#750 = CARTESIAN_POINT ( 'NONE',  ( -24.50000000000000711, -24.25000000000000355, 3.563508326896287937 ) ) ;
#751 = CARTESIAN_POINT ( 'NONE',  ( 30.00000000000000000, 9.249999999999984013, 37.65000000000000568 ) ) ;
#752 = CYLINDRICAL_SURFACE ( 'NONE', #4777, 2.999999999999999112 ) ;
#753 = FACE_OUTER_BOUND ( 'NONE', #2835, .T. ) ;
#754 = VECTOR ( 'NONE', #980, 1000.000000000000000 ) ;
#755 = ORIENTED_EDGE ( 'NONE', *, *, #4417, .F. ) ;
#756 = DIRECTION ( 'NONE',  ( 1.000000000000000000, -2.312964634635742957E-16, 0.000000000000000000 ) ) ;
#757 = CARTESIAN_POINT ( 'NONE',  ( -26.49999999999999645, -23.25000000000000711, 2.399999999999998135 ) ) ;
#758 = DIRECTION ( 'NONE',  ( 0.000000000000000000, 0.000000000000000000, 1.000000000000000000 ) ) ;
#759 = EDGE_CURVE ( 'NONE', #2222, #5717, #3334, .T. ) ;
#760 = VERTEX_POINT ( 'NONE', #1564 ) ;
#761 = DIRECTION ( 'NONE',  ( 2.312964634635742464E-16, 1.000000000000000000, -0.000000000000000000 ) ) ;
#762 = LINE ( 'NONE', #2174, #355 ) ;
#763 = EDGE_CURVE ( 'NONE', #2755, #2658, #1938, .T. ) ;
#764 = ORIENTED_EDGE ( 'NONE', *, *, #3925, .F. ) ;
#765 = FACE_OUTER_BOUND ( 'NONE', #3496, .T. ) ;
#766 = VECTOR ( 'NONE', #761, 1000.000000000000000 ) ;
#767 = ORIENTED_EDGE ( 'NONE', *, *, #2338, .T. ) ;
#768 = ORIENTED_EDGE ( 'NONE', *, *, #2941, .F. ) ;
#769 = CARTESIAN_POINT ( 'NONE',  ( 0.000000000000000000, 0.000000000000000000, -5.500000000000000000 ) ) ;
#770 = EDGE_CURVE ( 'NONE', #527, #2909, #798, .T. ) ;
#771 = DIRECTION ( 'NONE',  ( 0.000000000000000000, 0.000000000000000000, 1.000000000000000000 ) ) ;
#772 = EDGE_CURVE ( 'NONE', #3627, #3975, #1762, .T. ) ;
#773 = CARTESIAN_POINT ( 'NONE',  ( -22.50000000000000000, -4.750000000000036415, -3.563508326896292822 ) ) ;
#774 = VERTEX_POINT ( 'NONE', #5387 ) ;
#775 = EDGE_LOOP ( 'NONE', ( #4663, #5034, #5653, #3679 ) ) ;
#776 = ORIENTED_EDGE ( 'NONE', *, *, #407, .F. ) ;
#777 = CYLINDRICAL_SURFACE ( 'NONE', #3766, 0.9999999999999974465 ) ;
#778 = DIRECTION ( 'NONE',  ( 2.259648465249937489E-16, -1.000000000000000000, 2.465190328815661892E-32 ) ) ;
#779 = DIRECTION ( 'NONE',  ( 0.000000000000000000, 0.000000000000000000, -1.000000000000000000 ) ) ;
#780 = VECTOR ( 'NONE', #1139, 1000.000000000000000 ) ;
#781 = CARTESIAN_POINT ( 'NONE',  ( -13.00000000000006040, 12.24999999999998757, -12.50000000000000000 ) ) ;
#782 = EDGE_LOOP ( 'NONE', ( #1052, #2609, #1151, #4104 ) ) ;
#783 = DIRECTION ( 'NONE',  ( 0.000000000000000000, 0.000000000000000000, -1.000000000000000000 ) ) ;
#784 = EDGE_CURVE ( 'NONE', #305, #2467, #1323, .T. ) ;
#785 = CARTESIAN_POINT ( 'NONE',  ( 9.224360753997203233, 2.249999999999989342, 10.49999999999999822 ) ) ;
#786 = APPROVAL_STATUS ( 'not_yet_approved' ) ;
#787 = AXIS2_PLACEMENT_3D ( 'NONE', #3663, #2243, #3151 ) ;
#788 = CARTESIAN_POINT ( 'NONE',  ( -31.00000000000000000, -18.00000000000000000, -5.499999999999998224 ) ) ;
#789 = EDGE_CURVE ( 'NONE', #5523, #3575, #363, .T. ) ;
#790 = DIRECTION ( 'NONE',  ( 1.000000000000000000, -1.156482317317871478E-16, -0.000000000000000000 ) ) ;
#791 = AXIS2_PLACEMENT_3D ( 'NONE', #4715, #3700, #3245 ) ;
#792 = EDGE_LOOP ( 'NONE', ( #3123, #653, #3510, #3065 ) ) ;
#793 = CARTESIAN_POINT ( 'NONE',  ( -23.49999999999999289, 12.24999999999998579, -1.400000000000001465 ) ) ;
#794 = VERTEX_POINT ( 'NONE', #5776 ) ;
#795 = ORIENTED_EDGE ( 'NONE', *, *, #4720, .T. ) ;
#796 = CARTESIAN_POINT ( 'NONE',  ( 11.00000000000000355, 12.24999999999998934, -5.000000000000000000 ) ) ;
#797 = VECTOR ( 'NONE', #2111, 1000.000000000000000 ) ;
#798 = LINE ( 'NONE', #917, #4972 ) ;
#799 = CARTESIAN_POINT ( 'NONE',  ( 10.95068627702056041, 24.24999999999999289, 49.91312908726884245 ) ) ;
#800 = ORIENTED_EDGE ( 'NONE', *, *, #3541, .F. ) ;
#801 = ORIENTED_EDGE ( 'NONE', *, *, #3544, .F. ) ;
#802 = ORIENTED_EDGE ( 'NONE', *, *, #2565, .F. ) ;
#803 = DIRECTION ( 'NONE',  ( -2.312964634635742957E-16, -1.000000000000000000, -0.000000000000000000 ) ) ;
#804 = AXIS2_PLACEMENT_3D ( 'NONE', #1268, #3419, #4464 ) ;
#805 = VECTOR ( 'NONE', #3255, 1000.000000000000000 ) ;
#806 = EDGE_CURVE ( 'NONE', #2047, #1039, #5360, .T. ) ;
#807 = DIRECTION ( 'NONE',  ( -1.000000000000000000, 0.000000000000000000, 0.000000000000000000 ) ) ;
#808 = AXIS2_PLACEMENT_3D ( 'NONE', #2462, #2106, #4250 ) ;
#809 = DIRECTION ( 'NONE',  ( -1.000000000000000000, 0.000000000000000000, 0.000000000000000000 ) ) ;
#810 = VECTOR ( 'NONE', #518, 1000.000000000000000 ) ;
#811 = EDGE_LOOP ( 'NONE', ( #2132, #1977, #2437, #2323 ) ) ;
#812 = LOCAL_TIME ( 20, 59, 48.00000000000000000, #3349 ) ;
#813 = DIRECTION ( 'NONE',  ( 1.000000000000000000, 0.000000000000000000, -0.000000000000000000 ) ) ;
#814 = DIRECTION ( 'NONE',  ( 0.8661855860486008529, -2.003456627561648873E-16, -0.4997224534895765014 ) ) ;
#815 = DATE_AND_TIME ( #2697, #1563 ) ;
#816 = LINE ( 'NONE', #934, #622 ) ;
#817 = VERTEX_POINT ( 'NONE', #5417 ) ;
#818 = EDGE_CURVE ( 'NONE', #3192, #420, #5327, .T. ) ;
#819 = LINE ( 'NONE', #4428, #4787 ) ;
#820 = CARTESIAN_POINT ( 'NONE',  ( 22.49999999999999289, -23.83578643762692195, 60.50000000000000000 ) ) ;
#821 = VERTEX_POINT ( 'NONE', #4384 ) ;
#822 = DIRECTION ( 'NONE',  ( 1.000000000000000000, 0.000000000000000000, 0.000000000000000000 ) ) ;
#823 = ORIENTED_EDGE ( 'NONE', *, *, #942, .T. ) ;
#824 = VERTEX_POINT ( 'NONE', #2180 ) ;
#825 = CARTESIAN_POINT ( 'NONE',  ( 29.99999999999999645, 24.25000000000000000, 37.65000000000000568 ) ) ;
#826 = DIRECTION ( 'NONE',  ( 0.000000000000000000, 0.000000000000000000, 1.000000000000000000 ) ) ;
#827 = DIRECTION ( 'NONE',  ( -1.000000000000000000, 0.000000000000000000, 0.000000000000000000 ) ) ;
#828 = EDGE_LOOP ( 'NONE', ( #3070, #4979, #1602, #3026 ) ) ;
#829 = VERTEX_POINT ( 'NONE', #3085 ) ;
#830 = ORIENTED_EDGE ( 'NONE', *, *, #3550, .F. ) ;
#831 = CARTESIAN_POINT ( 'NONE',  ( -27.38759438288186843, 24.24999999999998579, 7.700000000000018829 ) ) ;
#832 = EDGE_CURVE ( 'NONE', #2859, #527, #4017, .T. ) ;
#833 = LINE ( 'NONE', #2653, #5431 ) ;
#834 = LINE ( 'NONE', #3129, #2962 ) ;
#835 = AXIS2_PLACEMENT_3D ( 'NONE', #5798, #330, #4882 ) ;
#836 = AXIS2_PLACEMENT_3D ( 'NONE', #3971, #2520, #783 ) ;
#837 = ORIENTED_EDGE ( 'NONE', *, *, #2898, .T. ) ;
#838 = ADVANCED_FACE ( 'NONE', ( #3032 ), #2619, .T. ) ;
#839 = EDGE_CURVE ( 'NONE', #1164, #4465, #5542, .T. ) ;
#840 = CYLINDRICAL_SURFACE ( 'NONE', #3623, 1.000000000000000888 ) ;
#841 = TOROIDAL_SURFACE ( 'NONE', #1780, 1.000000000000000000, 1.000000000000000000 ) ;
#842 = CARTESIAN_POINT ( 'NONE',  ( 22.50000000000000000, 12.25000000000000000, 22.70000000000001705 ) ) ;
#843 = PERSON_AND_ORGANIZATION ( #3621, #2781 ) ;
#844 = EDGE_CURVE ( 'NONE', #4736, #3952, #885, .T. ) ;
#845 = CARTESIAN_POINT ( 'NONE',  ( -18.50000000000001066, 0.000000000000000000, 0.000000000000000000 ) ) ;
#846 = VERTEX_POINT ( 'NONE', #4941 ) ;
#847 = DIRECTION ( 'NONE',  ( 1.000000000000000000, 0.000000000000000000, 0.000000000000000000 ) ) ;
#848 = CARTESIAN_POINT ( 'NONE',  ( 26.49999999999998934, 12.24999999999999822, 2.399999999999997691 ) ) ;
#849 = DIRECTION ( 'NONE',  ( 2.312964634635743450E-16, -1.000000000000000000, -0.000000000000000000 ) ) ;
#850 = ORIENTED_EDGE ( 'NONE', *, *, #4376, .F. ) ;
#851 = DIRECTION ( 'NONE',  ( 0.000000000000000000, -1.000000000000000000, -0.000000000000000000 ) ) ;
#852 = DIRECTION ( 'NONE',  ( -2.312964634635743450E-16, 1.000000000000000000, -0.000000000000000000 ) ) ;
#853 = ORIENTED_EDGE ( 'NONE', *, *, #484, .F. ) ;
#854 = DIRECTION ( 'NONE',  ( 1.000000000000000000, 0.000000000000000000, 0.000000000000000000 ) ) ;
#855 = APPLICATION_CONTEXT ( 'configuration controlled 3d designs of mechanical parts and assemblies' ) ;
#856 = DIRECTION ( 'NONE',  ( 0.000000000000000000, 0.000000000000000000, -1.000000000000000000 ) ) ;
#857 = CARTESIAN_POINT ( 'NONE',  ( 34.49999999999999289, -23.25000000000001421, 57.49999999999999289 ) ) ;
#858 = EDGE_LOOP ( 'NONE', ( #1816, #4625, #4946, #288 ) ) ;
#859 = DIRECTION ( 'NONE',  ( -1.000000000000000000, 0.000000000000000000, -0.000000000000000000 ) ) ;
#860 = ORIENTED_EDGE ( 'NONE', *, *, #1559, .T. ) ;
#861 = VECTOR ( 'NONE', #2586, 1000.000000000000000 ) ;
#862 = ORIENTED_EDGE ( 'NONE', *, *, #1904, .T. ) ;
#863 = CARTESIAN_POINT ( 'NONE',  ( 33.60000000000001563, -81.25877125495691189, 52.90000000000000568 ) ) ;
#864 = EDGE_CURVE ( 'NONE', #5585, #1245, #2238, .T. ) ;
#865 = ADVANCED_FACE ( 'NONE', ( #1706, #1357, #4048, #3487 ), #332, .T. ) ;
#866 = CARTESIAN_POINT ( 'NONE',  ( 26.39999999999999503, 12.24999999999999822, 52.90000000000000568 ) ) ;
#867 = CARTESIAN_POINT ( 'NONE',  ( -14.99999999999999645, 12.24999999999999467, -5.000000000000000000 ) ) ;
#868 = AXIS2_PLACEMENT_3D ( 'NONE', #8, #2127, #3932 ) ;
#869 = ORIENTED_EDGE ( 'NONE', *, *, #2028, .T. ) ;
#870 = LINE ( 'NONE', #4542, #2951 ) ;
#871 = DIRECTION ( 'NONE',  ( 1.000000000000000000, 4.336808689942006396E-16, 1.084202172485501599E-16 ) ) ;
#872 = AXIS2_PLACEMENT_3D ( 'NONE', #5214, #4767, #1184 ) ;
#873 = DIRECTION ( 'NONE',  ( 0.7371541402007415478, 1.705011456559632840E-16, 0.6757246285173462708 ) ) ;
#874 = LINE ( 'NONE', #2229, #999 ) ;
#875 = ORIENTED_EDGE ( 'NONE', *, *, #2499, .T. ) ;
#876 = CARTESIAN_POINT ( 'NONE',  ( 30.00000000000000000, -18.00000000000000000, 5.499999999999998224 ) ) ;
#877 = AXIS2_PLACEMENT_3D ( 'NONE', #2503, #1641, #3413 ) ;
#878 = LINE ( 'NONE', #1257, #4942 ) ;
#879 = CARTESIAN_POINT ( 'NONE',  ( -37.50000000000000000, 24.24999999999997868, -1.400000000000001910 ) ) ;
#880 = ORIENTED_EDGE ( 'NONE', *, *, #4039, .F. ) ;
#881 = CARTESIAN_POINT ( 'NONE',  ( 36.50000000000000000, -23.25000000000001066, -2.499999999999999556 ) ) ;
#882 = ORIENTED_EDGE ( 'NONE', *, *, #3752, .T. ) ;
#883 = FACE_OUTER_BOUND ( 'NONE', #3714, .T. ) ;
#884 = VECTOR ( 'NONE', #744, 1000.000000000000000 ) ;
#885 = LINE ( 'NONE', #4911, #3739 ) ;
#886 = VECTOR ( 'NONE', #3669, 1000.000000000000000 ) ;
#887 = ORIENTED_EDGE ( 'NONE', *, *, #1639, .F. ) ;
#888 = LINE ( 'NONE', #5481, #3040 ) ;
#889 = EDGE_LOOP ( 'NONE', ( #4587, #3449, #2694, #4289 ) ) ;
#890 = EDGE_LOOP ( 'NONE', ( #4206, #5051, #5241, #1656 ) ) ;
#891 = DIRECTION ( 'NONE',  ( 2.259648465249937489E-16, -1.000000000000000000, 2.465190328815661892E-32 ) ) ;
#892 = EDGE_CURVE ( 'NONE', #4465, #4691, #3116, .T. ) ;
#893 = CYLINDRICAL_SURFACE ( 'NONE', #5147, 1.000000000000000888 ) ;
#894 = CARTESIAN_POINT ( 'NONE',  ( -2.506762836754401424E-15, 12.24999999999998934, 50.70166666666662536 ) ) ;
#895 = VECTOR ( 'NONE', #3270, 1000.000000000000000 ) ;
#896 = VERTEX_POINT ( 'NONE', #3147 ) ;
#897 = CARTESIAN_POINT ( 'NONE',  ( 34.49999999999998579, -24.25000000000001066, 3.399999999999998135 ) ) ;
#898 = EDGE_CURVE ( 'NONE', #3918, #4281, #4973, .T. ) ;
#899 = ORIENTED_EDGE ( 'NONE', *, *, #1143, .T. ) ;
#900 = CIRCLE ( 'NONE', #4496, 1.500000000000001332 ) ;
#901 = VECTOR ( 'NONE', #1660, 1000.000000000000000 ) ;
#902 = FACE_OUTER_BOUND ( 'NONE', #4619, .T. ) ;
#903 = VECTOR ( 'NONE', #2046, 1000.000000000000000 ) ;
#904 = ORIENTED_EDGE ( 'NONE', *, *, #2085, .F. ) ;
#905 = DIRECTION ( 'NONE',  ( -1.000000000000000000, 0.000000000000000000, 0.000000000000000000 ) ) ;
#906 = PLANE ( 'NONE',  #4186 ) ;
#907 = LINE ( 'NONE', #939, #2094 ) ;
#908 = CIRCLE ( 'NONE', #2695, 1.000000000000000888 ) ;
#909 = AXIS2_PLACEMENT_3D ( 'NONE', #238, #2881, #5236 ) ;
#910 = EDGE_CURVE ( 'NONE', #1105, #4299, #3512, .T. ) ;
#911 = ORIENTED_EDGE ( 'NONE', *, *, #4129, .F. ) ;
#912 = EDGE_CURVE ( 'NONE', #5087, #5549, #2369, .T. ) ;
#913 = DIRECTION ( 'NONE',  ( 1.000000000000000000, 0.000000000000000000, 0.000000000000000000 ) ) ;
#914 = ORIENTED_EDGE ( 'NONE', *, *, #1830, .T. ) ;
#915 = CARTESIAN_POINT ( 'NONE',  ( 35.50000000000000000, 2.249999999999984013, 46.50000000000000000 ) ) ;
#916 = EDGE_CURVE ( 'NONE', #3734, #1115, #3210, .T. ) ;
#917 = CARTESIAN_POINT ( 'NONE',  ( -23.50000000000000000, -24.25000000000000355, 0.000000000000000000 ) ) ;
#918 = CARTESIAN_POINT ( 'NONE',  ( -2.688821387764051785E-15, -23.25000000000000711, -5.500000000000000000 ) ) ;
#919 = ADVANCED_FACE ( 'NONE', ( #1389 ), #2760, .T. ) ;
#920 = CC_DESIGN_DATE_AND_TIME_ASSIGNMENT ( #3826, #4895, ( #4503 ) ) ;
#921 = VERTEX_POINT ( 'NONE', #4582 ) ;
#922 = CARTESIAN_POINT ( 'NONE',  ( 31.49999999999999289, 24.25000000000000000, 37.65000000000000568 ) ) ;
#923 = EDGE_LOOP ( 'NONE', ( #5626, #4154, #4439, #1955 ) ) ;
#924 = VERTEX_POINT ( 'NONE', #5090 ) ;
#925 = CARTESIAN_POINT ( 'NONE',  ( 24.50000000000000000, -6.750000000000086153, -5.500000000000000000 ) ) ;
#926 = CARTESIAN_POINT ( 'NONE',  ( 26.50000000000000355, 9.249999999999984013, 17.64999999999999858 ) ) ;
#927 = DIRECTION ( 'NONE',  ( 1.000000000000000000, -2.312964634635742957E-16, 0.000000000000000000 ) ) ;
#928 = ORIENTED_EDGE ( 'NONE', *, *, #2636, .T. ) ;
#929 = DIRECTION ( 'NONE',  ( -2.312964634635743450E-16, 1.000000000000000000, 0.000000000000000000 ) ) ;
#930 = ORIENTED_EDGE ( 'NONE', *, *, #864, .T. ) ;
#931 = CIRCLE ( 'NONE', #648, 2.999999999999999112 ) ;
#932 = EDGE_CURVE ( 'NONE', #5228, #3021, #1336, .T. ) ;
#933 = DIRECTION ( 'NONE',  ( 0.000000000000000000, 0.000000000000000000, -1.000000000000000000 ) ) ;
#934 = CARTESIAN_POINT ( 'NONE',  ( 22.50000000000000000, 12.24999999999999645, 2.399999999999997691 ) ) ;
#935 = VERTEX_POINT ( 'NONE', #1504 ) ;
#936 = CARTESIAN_POINT ( 'NONE',  ( 26.40000000000001634, -81.25877125495691189, 57.89999999999999858 ) ) ;
#937 = AXIS2_PLACEMENT_3D ( 'NONE', #1849, #65, #3595 ) ;
#938 = EDGE_CURVE ( 'NONE', #5809, #774, #2645, .T. ) ;
#939 = CARTESIAN_POINT ( 'NONE',  ( -13.90566037735846372, 12.24999999999998934, 15.16981132075470384 ) ) ;
#940 = DIRECTION ( 'NONE',  ( -0.000000000000000000, -1.000000000000000000, -0.000000000000000000 ) ) ;
#941 = CIRCLE ( 'NONE', #1225, 1.500000000000001332 ) ;
#942 = EDGE_CURVE ( 'NONE', #652, #824, #3400, .T. ) ;
#943 = VERTEX_POINT ( 'NONE', #4135 ) ;
#944 = CARTESIAN_POINT ( 'NONE',  ( 30.00000000000000000, -18.00000000000000000, 57.89999999999999858 ) ) ;
#945 = ORIENTED_EDGE ( 'NONE', *, *, #5747, .T. ) ;
#946 = CYLINDRICAL_SURFACE ( 'NONE', #1775, 1.000000000000000888 ) ;
#947 = CARTESIAN_POINT ( 'NONE',  ( -4.500000000000002665, 6.249999999999996447, -77.50000000000000000 ) ) ;
#948 = ADVANCED_FACE ( 'NONE', ( #4202 ), #5478, .T. ) ;
#949 = CARTESIAN_POINT ( 'NONE',  ( 30.00000000000000000, -18.00000000000000000, -28.50000000000000355 ) ) ;
#950 = EDGE_CURVE ( 'NONE', #2629, #1916, #92, .T. ) ;
#951 = CARTESIAN_POINT ( 'NONE',  ( -19.00000000000000355, 0.2499999999999968081, 10.49999999999996447 ) ) ;
#952 = VERTEX_POINT ( 'NONE', #590 ) ;
#953 = ORIENTED_EDGE ( 'NONE', *, *, #1292, .T. ) ;
#954 = DIRECTION ( 'NONE',  ( 1.000000000000000000, 0.000000000000000000, 0.000000000000000000 ) ) ;
#955 = ADVANCED_FACE ( 'NONE', ( #1034 ), #2733, .T. ) ;
#956 = CARTESIAN_POINT ( 'NONE',  ( 33.60000000000000142, -23.25000000000000711, 57.89999999999999858 ) ) ;
#957 = CARTESIAN_POINT ( 'NONE',  ( 36.50000000000000000, -24.25000000000001066, 3.499999999999999556 ) ) ;
#958 = VERTEX_POINT ( 'NONE', #5029 ) ;
#959 = CARTESIAN_POINT ( 'NONE',  ( 16.14855074296530901, -6.651451691154802504, 50.70166666666662536 ) ) ;
#960 = ORIENTED_EDGE ( 'NONE', *, *, #987, .T. ) ;
#961 = CARTESIAN_POINT ( 'NONE',  ( -24.50000000000000711, -23.25000000000000355, -3.563508326896292822 ) ) ;
#962 = CARTESIAN_POINT ( 'NONE',  ( 22.50000000000000000, -4.750000000000058620, -5.500000000000000000 ) ) ;
#963 = ORIENTED_EDGE ( 'NONE', *, *, #1449, .T. ) ;
#964 = ORIENTED_EDGE ( 'NONE', *, *, #4568, .T. ) ;
#965 = EDGE_CURVE ( 'NONE', #3288, #3350, #5507, .T. ) ;
#966 = DIRECTION ( 'NONE',  ( -1.156482317317871478E-16, -1.000000000000000000, 0.000000000000000000 ) ) ;
#967 = DIRECTION ( 'NONE',  ( 0.000000000000000000, 0.000000000000000000, 1.000000000000000000 ) ) ;
#968 = ORIENTED_EDGE ( 'NONE', *, *, #770, .T. ) ;
#969 = CARTESIAN_POINT ( 'NONE',  ( -15.00000000000000000, 0.2499999999999950040, -5.000000000000000000 ) ) ;
#970 = EDGE_CURVE ( 'NONE', #578, #2357, #3301, .T. ) ;
#971 = ORIENTED_EDGE ( 'NONE', *, *, #4854, .T. ) ;
#972 = CARTESIAN_POINT ( 'NONE',  ( 29.99999999999999645, 0.2499999999999846234, 37.65000000000000568 ) ) ;
#973 = DIRECTION ( 'NONE',  ( -1.000000000000000000, 0.000000000000000000, 0.000000000000000000 ) ) ;
#974 = DIRECTION ( 'NONE',  ( -1.000000000000000000, 0.000000000000000000, 0.000000000000000000 ) ) ;
#975 = CARTESIAN_POINT ( 'NONE',  ( 25.49999999999998934, -24.25000000000001066, 3.399999999999998135 ) ) ;
#976 = VECTOR ( 'NONE', #3121, 1000.000000000000000 ) ;
#977 = VERTEX_POINT ( 'NONE', #3755 ) ;
#978 = EDGE_LOOP ( 'NONE', ( #3822, #221 ) ) ;
#979 = CARTESIAN_POINT ( 'NONE',  ( -22.49999999999999289, 12.24999999999998579, -1.400000000000001465 ) ) ;
#980 = DIRECTION ( 'NONE',  ( -0.000000000000000000, -0.000000000000000000, -1.000000000000000000 ) ) ;
#981 = FACE_BOUND ( 'NONE', #3954, .T. ) ;
#982 = AXIS2_PLACEMENT_3D ( 'NONE', #2515, #4333, #2073 ) ;
#983 = CYLINDRICAL_SURFACE ( 'NONE', #4780, 1.000000000000000888 ) ;
#984 = ORIENTED_EDGE ( 'NONE', *, *, #1167, .F. ) ;
#985 = CARTESIAN_POINT ( 'NONE',  ( -5.116611624500756590E-15, 24.24999999999999289, 50.70166666666662536 ) ) ;
#986 = ORIENTED_EDGE ( 'NONE', *, *, #2491, .T. ) ;
#987 = EDGE_CURVE ( 'NONE', #3800, #1379, #1441, .T. ) ;
#988 = AXIS2_PLACEMENT_3D ( 'NONE', #4638, #4995, #558 ) ;
#989 = DIRECTION ( 'NONE',  ( -0.000000000000000000, -0.000000000000000000, 1.000000000000000000 ) ) ;
#990 = DIRECTION ( 'NONE',  ( 1.000000000000000000, -1.284980352575412453E-16, 1.156482317317872465E-16 ) ) ;
#991 = ORIENTED_EDGE ( 'NONE', *, *, #4676, .F. ) ;
#992 = ORIENTED_EDGE ( 'NONE', *, *, #844, .T. ) ;
#993 = DIRECTION ( 'NONE',  ( -0.000000000000000000, -1.000000000000000000, -0.000000000000000000 ) ) ;
#994 = DIRECTION ( 'NONE',  ( 0.000000000000000000, 0.000000000000000000, 1.000000000000000000 ) ) ;
#995 = VECTOR ( 'NONE', #3458, 1000.000000000000000 ) ;
#996 = VECTOR ( 'NONE', #4249, 1000.000000000000000 ) ;
#997 = DIRECTION ( 'NONE',  ( 1.000000000000000000, 0.000000000000000000, 0.000000000000000000 ) ) ;
#998 = DIRECTION ( 'NONE',  ( 1.000000000000000000, 0.000000000000000000, -0.000000000000000000 ) ) ;
#999 = VECTOR ( 'NONE', #22, 1000.000000000000000 ) ;
#1000 = AXIS2_PLACEMENT_3D ( 'NONE', #573, #4564, #487 ) ;
#1001 = CARTESIAN_POINT ( 'NONE',  ( -19.50000000000000000, 9.249999999999985789, 17.65000000000000924 ) ) ;
#1002 = VERTEX_POINT ( 'NONE', #2267 ) ;
#1003 = CARTESIAN_POINT ( 'NONE',  ( 20.13080312129009286, -2.380803121290122615, 5.517062526815856849 ) ) ;
#1004 = VECTOR ( 'NONE', #113, 1000.000000000000000 ) ;
#1005 = DIRECTION ( 'NONE',  ( -1.000000000000000000, -4.625929269271484928E-16, -0.000000000000000000 ) ) ;
#1006 = LINE ( 'NONE', #1763, #3818 ) ;
#1007 = DIRECTION ( 'NONE',  ( -1.284980352575412699E-16, -1.000000000000000000, -0.000000000000000000 ) ) ;
#1008 = ORIENTED_EDGE ( 'NONE', *, *, #5787, .F. ) ;
#1009 = ORIENTED_EDGE ( 'NONE', *, *, #4092, .F. ) ;
#1010 = CARTESIAN_POINT ( 'NONE',  ( 28.49999999999999289, 24.25000000000000000, 37.65000000000000568 ) ) ;
#1011 = DIRECTION ( 'NONE',  ( 1.000000000000000000, 0.000000000000000000, 0.000000000000000000 ) ) ;
#1012 = FACE_OUTER_BOUND ( 'NONE', #1758, .T. ) ;
#1013 = FACE_BOUND ( 'NONE', #4825, .T. ) ;
#1014 = VERTEX_POINT ( 'NONE', #5002 ) ;
#1015 = EDGE_CURVE ( 'NONE', #1379, #5511, #5502, .T. ) ;
#1016 = CARTESIAN_POINT ( 'NONE',  ( -15.00000000000000000, 0.2499999999999950040, 8.000000000000000000 ) ) ;
#1017 = ORIENTED_EDGE ( 'NONE', *, *, #2974, .T. ) ;
#1018 = CARTESIAN_POINT ( 'NONE',  ( 34.49999999999999289, 12.24999999999999645, 57.49999999999999289 ) ) ;
#1019 = ADVANCED_FACE ( 'NONE', ( #5124, #2707 ), #4530, .T. ) ;
#1020 = FACE_OUTER_BOUND ( 'NONE', #463, .T. ) ;
#1021 = ORIENTED_EDGE ( 'NONE', *, *, #4862, .T. ) ;
#1022 = ORIENTED_EDGE ( 'NONE', *, *, #3439, .T. ) ;
#1023 = CARTESIAN_POINT ( 'NONE',  ( 23.50000000000000000, -23.25000000000001066, 0.000000000000000000 ) ) ;
#1024 = ADVANCED_FACE ( 'NONE', ( #3180, #4557 ), #2292, .T. ) ;
#1025 = FACE_OUTER_BOUND ( 'NONE', #1738, .T. ) ;
#1026 = VECTOR ( 'NONE', #1949, 1000.000000000000000 ) ;
#1027 = EDGE_CURVE ( 'NONE', #5805, #3652, #3780, .T. ) ;
#1028 = ADVANCED_FACE ( 'NONE', ( #2853, #4259 ), #2906, .T. ) ;
#1029 = DIRECTION ( 'NONE',  ( -0.000000000000000000, -0.000000000000000000, 1.000000000000000000 ) ) ;
#1030 = CIRCLE ( 'NONE', #561, 3.000000000000002665 ) ;
#1031 = ORIENTED_EDGE ( 'NONE', *, *, #3864, .F. ) ;
#1032 = DIRECTION ( 'NONE',  ( 1.000000000000000000, 0.000000000000000000, 0.000000000000000000 ) ) ;
#1033 = DIRECTION ( 'NONE',  ( -0.000000000000000000, -1.000000000000000000, -2.120217581749430756E-16 ) ) ;
#1034 = FACE_OUTER_BOUND ( 'NONE', #1392, .T. ) ;
#1035 = VECTOR ( 'NONE', #2827, 1000.000000000000000 ) ;
#1036 = DIRECTION ( 'NONE',  ( -2.312964634635742464E-16, -1.000000000000000000, 0.000000000000000000 ) ) ;
#1037 = CYLINDRICAL_SURFACE ( 'NONE', #3611, 1.000000000000000000 ) ;
#1038 = EDGE_LOOP ( 'NONE', ( #3249, #2910, #328, #1787 ) ) ;
#1039 = VERTEX_POINT ( 'NONE', #2054 ) ;
#1040 = CARTESIAN_POINT ( 'NONE',  ( -37.50000000000000000, 12.25000000000000000, 1.399999999999997247 ) ) ;
#1041 = ADVANCED_FACE ( 'NONE', ( #290 ), #2696, .T. ) ;
#1042 = FACE_OUTER_BOUND ( 'NONE', #923, .T. ) ;
#1043 = CYLINDRICAL_SURFACE ( 'NONE', #791, 2.999999999999999112 ) ;
#1044 = PLANE ( 'NONE',  #531 ) ;
#1045 = ORIENTED_EDGE ( 'NONE', *, *, #470, .F. ) ;
#1046 = PLANE ( 'NONE',  #5665 ) ;
#1047 = ORIENTED_EDGE ( 'NONE', *, *, #128, .F. ) ;
#1048 = ADVANCED_FACE ( 'NONE', ( #4346, #1175, #181 ), #4675, .T. ) ;
#1049 = EDGE_CURVE ( 'NONE', #420, #1803, #676, .T. ) ;
#1050 = CARTESIAN_POINT ( 'NONE',  ( 17.88621661448321021, 12.24999999999999645, 17.50277546510423221 ) ) ;
#1051 = DIRECTION ( 'NONE',  ( 1.000000000000000000, -1.156482317317871478E-16, 0.000000000000000000 ) ) ;
#1052 = ORIENTED_EDGE ( 'NONE', *, *, #5647, .T. ) ;
#1053 = CIRCLE ( 'NONE', #4362, 0.9999999999999974465 ) ;
#1054 = EDGE_LOOP ( 'NONE', ( #1760, #4179, #4467, #4139 ) ) ;
#1055 = CYLINDRICAL_SURFACE ( 'NONE', #5263, 10.00000000000000178 ) ;
#1056 = CARTESIAN_POINT ( 'NONE',  ( -36.50000000000000000, -24.25000000000000355, 4.500000000000000888 ) ) ;
#1057 = DIRECTION ( 'NONE',  ( 1.000000000000000000, 0.000000000000000000, 0.000000000000000000 ) ) ;
#1058 = PLANE ( 'NONE',  #4216 ) ;
#1059 = ORIENTED_EDGE ( 'NONE', *, *, #1223, .F. ) ;
#1060 = CARTESIAN_POINT ( 'NONE',  ( 30.00000000000000000, -18.00000000000000000, 60.50000000000000000 ) ) ;
#1061 = EDGE_LOOP ( 'NONE', ( #2184, #1228 ) ) ;
#1062 = CARTESIAN_POINT ( 'NONE',  ( -2.000000000000000000, 6.249999999999996447, -77.50000000000000000 ) ) ;
#1063 = CARTESIAN_POINT ( 'NONE',  ( -18.02678616669755840, -0.2767861666975524604, -11.16483628309771525 ) ) ;
#1064 = AXIS2_PLACEMENT_3D ( 'NONE', #1169, #3825, #3775 ) ;
#1065 = FACE_OUTER_BOUND ( 'NONE', #3367, .T. ) ;
#1066 = PLANE ( 'NONE',  #1539 ) ;
#1067 = ORIENTED_EDGE ( 'NONE', *, *, #4320, .T. ) ;
#1068 = ORIENTED_EDGE ( 'NONE', *, *, #2665, .T. ) ;
#1069 = CARTESIAN_POINT ( 'NONE',  ( -15.50000000000003375, 2.249999999999995115, 12.18245836551852257 ) ) ;
#1070 = AXIS2_PLACEMENT_3D ( 'NONE', #4322, #1238, #4288 ) ;
#1071 = LINE ( 'NONE', #1919, #754 ) ;
#1072 = PLANE ( 'NONE',  #1629 ) ;
#1073 = CARTESIAN_POINT ( 'NONE',  ( 34.49999999999998579, -24.25000000000001066, -3.400000000000001688 ) ) ;
#1074 = EDGE_CURVE ( 'NONE', #273, #821, #4319, .T. ) ;
#1075 = ORIENTED_EDGE ( 'NONE', *, *, #4421, .F. ) ;
#1076 = CARTESIAN_POINT ( 'NONE',  ( -5.116611624500756590E-15, 24.24999999999999289, 7.700000000000018829 ) ) ;
#1077 = CIRCLE ( 'NONE', #1083, 2.999999999999999112 ) ;
#1078 = AXIS2_PLACEMENT_3D ( 'NONE', #5165, #2455, #2361 ) ;
#1079 = DIRECTION ( 'NONE',  ( 0.000000000000000000, 1.000000000000000000, 0.000000000000000000 ) ) ;
#1080 = DIRECTION ( 'NONE',  ( 2.312964634635743943E-16, -1.000000000000000000, -0.000000000000000000 ) ) ;
#1081 = EDGE_CURVE ( 'NONE', #3723, #3936, #5599, .T. ) ;
#1082 = VERTEX_POINT ( 'NONE', #3887 ) ;
#1083 = AXIS2_PLACEMENT_3D ( 'NONE', #5672, #3850, #3348 ) ;
#1084 = LINE ( 'NONE', #2956, #780 ) ;
#1085 = CARTESIAN_POINT ( 'NONE',  ( 29.00000000000000000, -18.00000000000000000, 49.50000000000000000 ) ) ;
#1086 = VECTOR ( 'NONE', #34, 1000.000000000000000 ) ;
#1087 = ORIENTED_EDGE ( 'NONE', *, *, #2449, .T. ) ;
#1088 = DIRECTION ( 'NONE',  ( 1.000000000000000000, 0.000000000000000000, 0.000000000000000000 ) ) ;
#1089 = LINE ( 'NONE', #3300, #2055 ) ;
#1090 = DIRECTION ( 'NONE',  ( -1.156482317317871478E-16, -1.000000000000000000, 0.000000000000000000 ) ) ;
#1091 = TOROIDAL_SURFACE ( 'NONE', #5817, 2.000000000000000000, 1.000000000000000000 ) ;
#1092 = AXIS2_PLACEMENT_3D ( 'NONE', #495, #607, #3168 ) ;
#1093 = ADVANCED_FACE ( 'NONE', ( #621 ), #1846, .T. ) ;
#1094 = CYLINDRICAL_SURFACE ( 'NONE', #4688, 1.000000000000000888 ) ;
#1095 = ADVANCED_FACE ( 'NONE', ( #1973 ), #167, .T. ) ;
#1096 = FACE_OUTER_BOUND ( 'NONE', #1543, .T. ) ;
#1097 = EDGE_LOOP ( 'NONE', ( #3674, #1729, #2567, #2424 ) ) ;
#1098 = ORIENTED_EDGE ( 'NONE', *, *, #5833, .T. ) ;
#1099 = CARTESIAN_POINT ( 'NONE',  ( 24.50000000000000000, 0.000000000000000000, -5.500000000000000000 ) ) ;
#1100 = EDGE_CURVE ( 'NONE', #3247, #2925, #2419, .T. ) ;
#1101 = DIRECTION ( 'NONE',  ( -1.000000000000000000, 0.000000000000000000, 0.000000000000000000 ) ) ;
#1102 = EDGE_CURVE ( 'NONE', #2098, #2151, #5555, .T. ) ;
#1103 = FACE_OUTER_BOUND ( 'NONE', #1635, .T. ) ;
#1104 = CARTESIAN_POINT ( 'NONE',  ( 22.50000000000000000, 21.24999999999999645, 33.70166666666662536 ) ) ;
#1105 = VERTEX_POINT ( 'NONE', #2029 ) ;
#1106 = VECTOR ( 'NONE', #1606, 1000.000000000000000 ) ;
#1107 = LINE ( 'NONE', #3840, #1402 ) ;
#1108 = ORIENTED_EDGE ( 'NONE', *, *, #185, .T. ) ;
#1109 = CARTESIAN_POINT ( 'NONE',  ( 16.14855074296530546, 12.24999999999999645, 47.70166666666661826 ) ) ;
#1110 = DIRECTION ( 'NONE',  ( 2.312964634635743450E-16, -1.000000000000000000, -0.000000000000000000 ) ) ;
#1111 = VERTEX_POINT ( 'NONE', #3382 ) ;
#1112 = EDGE_CURVE ( 'NONE', #4021, #4401, #2420, .T. ) ;
#1113 = DIRECTION ( 'NONE',  ( 1.000000000000000000, 0.000000000000000000, 0.000000000000000000 ) ) ;
#1114 = CALENDAR_DATE ( 2026, 7, 5 ) ;
#1115 = VERTEX_POINT ( 'NONE', #2527 ) ;
#1116 = LINE ( 'NONE', #4282, #766 ) ;
#1117 = ORIENTED_EDGE ( 'NONE', *, *, #3678, .T. ) ;
#1118 = CARTESIAN_POINT ( 'NONE',  ( -22.50000000000000000, -23.25000000000000355, -3.563508326896292822 ) ) ;
#1119 = EDGE_CURVE ( 'NONE', #1014, #1464, #3167, .T. ) ;
#1120 = CYLINDRICAL_SURFACE ( 'NONE', #5457, 2.999999999999999112 ) ;
#1121 = AXIS2_PLACEMENT_3D ( 'NONE', #5655, #681, #4712 ) ;
#1122 = VECTOR ( 'NONE', #1985, 1000.000000000000000 ) ;
#1123 = ADVANCED_FACE ( 'NONE', ( #646 ), #1120, .T. ) ;
#1124 = CARTESIAN_POINT ( 'NONE',  ( 22.50000000000000000, -4.750000000000041744, 3.499999999999999556 ) ) ;
#1125 = DIRECTION ( 'NONE',  ( 1.000000000000000000, 0.000000000000000000, 0.000000000000000000 ) ) ;
#1126 = ORIENTED_EDGE ( 'NONE', *, *, #5498, .F. ) ;
#1127 = ORIENTED_EDGE ( 'NONE', *, *, #2302, .F. ) ;
#1128 = CARTESIAN_POINT ( 'NONE',  ( 9.224360753997203233, 0.2499999999999894251, 12.50000000000000000 ) ) ;
#1129 = CARTESIAN_POINT ( 'NONE',  ( -33.49999999999998579, -24.25000000000000355, -3.400000000000001688 ) ) ;
#1130 = LINE ( 'NONE', #1593, #2108 ) ;
#1131 = CARTESIAN_POINT ( 'NONE',  ( 24.50000000000000000, -24.25000000000001066, 5.500000000000000000 ) ) ;
#1132 = AXIS2_PLACEMENT_3D ( 'NONE', #5203, #5291, #1234 ) ;
#1133 = ORIENTED_EDGE ( 'NONE', *, *, #4838, .T. ) ;
#1134 = CARTESIAN_POINT ( 'NONE',  ( -23.99999999999998934, 12.24999999999999822, -5.500000000000000000 ) ) ;
#1135 = DIRECTION ( 'NONE',  ( 0.000000000000000000, -1.000000000000000000, 0.000000000000000000 ) ) ;
#1136 = DIRECTION ( 'NONE',  ( 0.000000000000000000, 1.000000000000000000, 2.507721281754207512E-32 ) ) ;
#1137 = ORIENTED_EDGE ( 'NONE', *, *, #3823, .T. ) ;
#1138 = AXIS2_PLACEMENT_3D ( 'NONE', #5825, #5355, #913 ) ;
#1139 = DIRECTION ( 'NONE',  ( 0.000000000000000000, -1.000000000000000000, -2.507721281754207512E-32 ) ) ;
#1140 = CARTESIAN_POINT ( 'NONE',  ( -25.49999999999999645, -24.25000000000000355, -2.400000000000001688 ) ) ;
#1141 = CIRCLE ( 'NONE', #2639, 1.000000000000000888 ) ;
#1142 = VERTEX_POINT ( 'NONE', #3528 ) ;
#1143 = EDGE_CURVE ( 'NONE', #3009, #2406, #2137, .T. ) ;
#1144 = DIRECTION ( 'NONE',  ( -0.000000000000000000, -0.000000000000000000, -1.000000000000000000 ) ) ;
#1145 = CARTESIAN_POINT ( 'NONE',  ( 37.50000000000000000, 2.249999999999983569, 8.500000000000000000 ) ) ;
#1146 = DIRECTION ( 'NONE',  ( -2.312964634635742957E-16, -1.000000000000000000, 0.000000000000000000 ) ) ;
#1147 = CARTESIAN_POINT ( 'NONE',  ( 22.50000000000003197, -81.25877125495691189, 60.50000000000000000 ) ) ;
#1148 = EDGE_CURVE ( 'NONE', #1899, #4484, #762, .T. ) ;
#1149 = CARTESIAN_POINT ( 'NONE',  ( -4.500000000000002665, 6.249999999999996447, -7.000000000000000000 ) ) ;
#1150 = VERTEX_POINT ( 'NONE', #4456 ) ;
#1151 = ORIENTED_EDGE ( 'NONE', *, *, #2408, .T. ) ;
#1152 = CARTESIAN_POINT ( 'NONE',  ( 26.50000000000000000, 0.2499999999999854283, 17.64999999999999858 ) ) ;
#1153 = DIRECTION ( 'NONE',  ( 0.000000000000000000, 0.000000000000000000, 1.000000000000000000 ) ) ;
#1154 = DIRECTION ( 'NONE',  ( -2.312964634635743450E-16, 1.000000000000000000, -0.000000000000000000 ) ) ;
#1155 = LINE ( 'NONE', #2456, #5070 ) ;
#1156 = VERTEX_POINT ( 'NONE', #848 ) ;
#1157 = VERTEX_POINT ( 'NONE', #4486 ) ;
#1158 = ORIENTED_EDGE ( 'NONE', *, *, #1956, .F. ) ;
#1159 = FACE_OUTER_BOUND ( 'NONE', #5354, .T. ) ;
#1160 = CARTESIAN_POINT ( 'NONE',  ( -31.00000000000000000, -18.00000000000000000, -28.50000000000000355 ) ) ;
#1161 = DIRECTION ( 'NONE',  ( 2.312964634635743450E-16, -1.000000000000000000, -0.000000000000000000 ) ) ;
#1162 = CARTESIAN_POINT ( 'NONE',  ( -11.99999999999999645, 12.24999999999999467, 8.000000000000000000 ) ) ;
#1163 = EDGE_CURVE ( 'NONE', #2222, #4011, #4721, .T. ) ;
#1164 = VERTEX_POINT ( 'NONE', #1725 ) ;
#1165 = ADVANCED_FACE ( 'NONE', ( #4377 ), #4008, .F. ) ;
#1166 = AXIS2_PLACEMENT_3D ( 'NONE', #5660, #4487, #2067 ) ;
#1167 = EDGE_CURVE ( 'NONE', #1204, #5609, #408, .T. ) ;
#1168 = CARTESIAN_POINT ( 'NONE',  ( 22.50000000000000000, 2.249999999999986233, 46.50000000000000000 ) ) ;
#1169 = CARTESIAN_POINT ( 'NONE',  ( -24.50000000000000711, -23.25000000000000355, 3.563508326896287937 ) ) ;
#1170 = EDGE_CURVE ( 'NONE', #3883, #1115, #3076, .T. ) ;
#1171 = VECTOR ( 'NONE', #277, 1000.000000000000000 ) ;
#1172 = EDGE_LOOP ( 'NONE', ( #4360, #348, #2554, #2337 ) ) ;
#1173 = ORIENTED_EDGE ( 'NONE', *, *, #666, .F. ) ;
#1174 = DIRECTION ( 'NONE',  ( -0.000000000000000000, -0.000000000000000000, 1.000000000000000000 ) ) ;
#1175 = FACE_BOUND ( 'NONE', #115, .T. ) ;
#1176 = DIRECTION ( 'NONE',  ( -1.156482317317871478E-16, -1.000000000000000000, 0.000000000000000000 ) ) ;
#1177 = CARTESIAN_POINT ( 'NONE',  ( -22.50000000000000000, 24.24999999999998579, 1.399999999999998801 ) ) ;
#1178 = ORIENTED_EDGE ( 'NONE', *, *, #3797, .T. ) ;
#1179 = VERTEX_POINT ( 'NONE', #5294 ) ;
#1180 = DIRECTION ( 'NONE',  ( 0.000000000000000000, 0.000000000000000000, -1.000000000000000000 ) ) ;
#1181 = VECTOR ( 'NONE', #2210, 1000.000000000000000 ) ;
#1182 = LINE ( 'NONE', #298, #2266 ) ;
#1183 = VECTOR ( 'NONE', #3465, 1000.000000000000000 ) ;
#1184 = DIRECTION ( 'NONE',  ( -1.000000000000000000, 0.000000000000000000, 0.000000000000000000 ) ) ;
#1185 = LINE ( 'NONE', #5303, #1181 ) ;
#1186 = AXIS2_PLACEMENT_3D ( 'NONE', #845, #3410, #2967 ) ;
#1187 = ORIENTED_EDGE ( 'NONE', *, *, #2561, .T. ) ;
#1188 = ORIENTED_EDGE ( 'NONE', *, *, #5342, .T. ) ;
#1189 = AXIS2_PLACEMENT_3D ( 'NONE', #2560, #192, #1980 ) ;
#1190 = VERTEX_POINT ( 'NONE', #3109 ) ;
#1191 = CIRCLE ( 'NONE', #4500, 0.9999999999999974465 ) ;
#1192 = DIRECTION ( 'NONE',  ( -2.312964634635743450E-16, 1.000000000000000000, 0.000000000000000000 ) ) ;
#1193 = DIRECTION ( 'NONE',  ( -1.000000000000000000, 2.312964634635742464E-16, 0.000000000000000000 ) ) ;
#1194 = VECTOR ( 'NONE', #5021, 1000.000000000000000 ) ;
#1195 = CYLINDRICAL_SURFACE ( 'NONE', #3533, 2.000000000000000000 ) ;
#1196 = CARTESIAN_POINT ( 'NONE',  ( 37.50000000000000000, 12.25000000000000000, 22.70000000000001705 ) ) ;
#1197 = ORIENTED_EDGE ( 'NONE', *, *, #4662, .T. ) ;
#1198 = DIRECTION ( 'NONE',  ( 1.000000000000000000, 0.000000000000000000, 0.000000000000000000 ) ) ;
#1199 = EDGE_CURVE ( 'NONE', #1111, #689, #5380, .T. ) ;
#1200 = CARTESIAN_POINT ( 'NONE',  ( 30.00000000000000000, -18.00000000000000000, 71.50000000000002842 ) ) ;
#1201 = CARTESIAN_POINT ( 'NONE',  ( -7.000000000000003553, 6.249999999999997335, 8.000000000000000000 ) ) ;
#1202 = EDGE_CURVE ( 'NONE', #201, #4506, #1696, .T. ) ;
#1203 = EDGE_LOOP ( 'NONE', ( #2120, #4123, #3808, #2725 ) ) ;
#1204 = VERTEX_POINT ( 'NONE', #1756 ) ;
#1205 = CYLINDRICAL_SURFACE ( 'NONE', #3872, 5.000000000000003553 ) ;
#1206 = EDGE_CURVE ( 'NONE', #5087, #817, #878, .T. ) ;
#1207 = EDGE_CURVE ( 'NONE', #1746, #1156, #5269, .T. ) ;
#1208 = CARTESIAN_POINT ( 'NONE',  ( 8.000000000000000000, 0.2499999999999897027, -5.000000000000000000 ) ) ;
#1209 = ORIENTED_EDGE ( 'NONE', *, *, #171, .F. ) ;
#1210 = CYLINDRICAL_SURFACE ( 'NONE', #3609, 1.000000000000000888 ) ;
#1211 = VERTEX_POINT ( 'NONE', #323 ) ;
#1212 = ORIENTED_EDGE ( 'NONE', *, *, #2208, .F. ) ;
#1213 = DIRECTION ( 'NONE',  ( 1.000000000000000000, -1.156482317317871478E-16, -0.000000000000000000 ) ) ;
#1214 = AXIS2_PLACEMENT_3D ( 'NONE', #4155, #5561, #3993 ) ;
#1215 = VECTOR ( 'NONE', #1394, 1000.000000000000000 ) ;
#1216 = DIRECTION ( 'NONE',  ( 1.000000000000000000, 0.000000000000000000, 0.000000000000000000 ) ) ;
#1217 = FACE_OUTER_BOUND ( 'NONE', #5151, .T. ) ;
#1218 = ORIENTED_EDGE ( 'NONE', *, *, #161, .T. ) ;
#1219 = VECTOR ( 'NONE', #2265, 1000.000000000000000 ) ;
#1220 = EDGE_LOOP ( 'NONE', ( #3259, #1833 ) ) ;
#1221 = ORIENTED_EDGE ( 'NONE', *, *, #1049, .T. ) ;
#1222 = CARTESIAN_POINT ( 'NONE',  ( -36.50000000000000000, 24.24999999999997868, 1.399999999999997247 ) ) ;
#1223 = EDGE_CURVE ( 'NONE', #358, #3247, #5139, .T. ) ;
#1224 = DIRECTION ( 'NONE',  ( 1.000000000000000000, 0.000000000000000000, 0.000000000000000000 ) ) ;
#1225 = AXIS2_PLACEMENT_3D ( 'NONE', #3885, #700, #674 ) ;
#1226 = LINE ( 'NONE', #2542, #153 ) ;
#1227 = CARTESIAN_POINT ( 'NONE',  ( -12.99999999999995204, -1.250000000000007550, 12.50000000000000000 ) ) ;
#1228 = ORIENTED_EDGE ( 'NONE', *, *, #3101, .F. ) ;
#1229 = ADVANCED_FACE ( 'NONE', ( #1670 ), #3479, .T. ) ;
#1230 = EDGE_CURVE ( 'NONE', #924, #4953, #599, .T. ) ;
#1231 = CARTESIAN_POINT ( 'NONE',  ( -37.50000000000000000, 12.25000000000000000, -5.500000000000000000 ) ) ;
#1232 = ORIENTED_EDGE ( 'NONE', *, *, #1804, .F. ) ;
#1233 = VERTEX_POINT ( 'NONE', #2148 ) ;
#1234 = DIRECTION ( 'NONE',  ( 1.000000000000000000, 4.625929269271484928E-16, 0.000000000000000000 ) ) ;
#1235 = DIRECTION ( 'NONE',  ( 0.7071067811865447972, -1.635512977795592425E-16, -0.7071067811865502373 ) ) ;
#1236 = CIRCLE ( 'NONE', #5594, 2.000000000000001776 ) ;
#1237 = ORIENTED_EDGE ( 'NONE', *, *, #5122, .F. ) ;
#1238 = DIRECTION ( 'NONE',  ( -1.000000000000000000, -2.312964634635743943E-16, 0.000000000000000000 ) ) ;
#1239 = VERTEX_POINT ( 'NONE', #3951 ) ;
#1240 = ORIENTED_EDGE ( 'NONE', *, *, #2396, .F. ) ;
#1241 = LINE ( 'NONE', #3030, #3848 ) ;
#1242 = CARTESIAN_POINT ( 'NONE',  ( 15.00000000000000711, 12.24999999999998757, 12.50000000000000000 ) ) ;
#1243 = DIRECTION ( 'NONE',  ( -1.156482317317871478E-16, -1.000000000000000000, 0.000000000000000000 ) ) ;
#1244 = ORIENTED_EDGE ( 'NONE', *, *, #3972, .F. ) ;
#1245 = VERTEX_POINT ( 'NONE', #5770 ) ;
#1246 = ORIENTED_EDGE ( 'NONE', *, *, #1879, .T. ) ;
#1247 = CARTESIAN_POINT ( 'NONE',  ( -17.50000000000001421, 0.2499999999999955591, -11.43028554974589994 ) ) ;
#1248 = LINE ( 'NONE', #256, #5243 ) ;
#1249 = DIRECTION ( 'NONE',  ( -1.000000000000000000, 2.312964634635742957E-16, -0.000000000000000000 ) ) ;
#1250 = EDGE_CURVE ( 'NONE', #4866, #1142, #3505, .T. ) ;
#1251 = ORIENTED_EDGE ( 'NONE', *, *, #2086, .T. ) ;
#1252 = FACE_OUTER_BOUND ( 'NONE', #828, .T. ) ;
#1253 = FACE_OUTER_BOUND ( 'NONE', #858, .T. ) ;
#1254 = VECTOR ( 'NONE', #1507, 1000.000000000000000 ) ;
#1255 = ORIENTED_EDGE ( 'NONE', *, *, #2121, .T. ) ;
#1256 = CARTESIAN_POINT ( 'NONE',  ( -37.50000000000000000, 12.25000000000000000, -2.500000000000000444 ) ) ;
#1257 = CARTESIAN_POINT ( 'NONE',  ( -28.99999999999999645, -18.00000000000000000, -28.50000000000000355 ) ) ;
#1258 = VECTOR ( 'NONE', #873, 1000.000000000000000 ) ;
#1259 = ORIENTED_EDGE ( 'NONE', *, *, #5223, .F. ) ;
#1260 = EDGE_CURVE ( 'NONE', #1928, #1204, #4431, .T. ) ;
#1261 = CARTESIAN_POINT ( 'NONE',  ( -37.50000000000000000, 24.24999999999997868, 1.399999999999997247 ) ) ;
#1262 = ORIENTED_EDGE ( 'NONE', *, *, #1770, .T. ) ;
#1263 = ORIENTED_EDGE ( 'NONE', *, *, #509, .T. ) ;
#1264 = CARTESIAN_POINT ( 'NONE',  ( -33.49999999999998579, -23.25000000000000000, 2.399999999999998135 ) ) ;
#1265 = CARTESIAN_POINT ( 'NONE',  ( 15.00000000000000355, 0.2499999999999880651, -12.50000000000000000 ) ) ;
#1266 = VECTOR ( 'NONE', #2319, 999.9999999999998863 ) ;
#1267 = ADVANCED_FACE ( 'NONE', ( #5351 ), #906, .T. ) ;
#1268 = CARTESIAN_POINT ( 'NONE',  ( 12.97786016257261288, 24.24999999999999645, 47.70166666666661826 ) ) ;
#1269 = ORIENTED_EDGE ( 'NONE', *, *, #3307, .F. ) ;
#1270 = EDGE_CURVE ( 'NONE', #582, #1190, #5410, .T. ) ;
#1271 = ORIENTED_EDGE ( 'NONE', *, *, #1202, .T. ) ;
#1272 = ORIENTED_EDGE ( 'NONE', *, *, #5, .T. ) ;
#1273 = CYLINDRICAL_SURFACE ( 'NONE', #1964, 2.000000000000000000 ) ;
#1274 = AXIS2_PLACEMENT_3D ( 'NONE', #2895, #4747, #5668 ) ;
#1275 = EDGE_CURVE ( 'NONE', #2432, #935, #3857, .T. ) ;
#1276 = CARTESIAN_POINT ( 'NONE',  ( -6.734545454545488141, 21.25000000000000000, 33.70166666666663247 ) ) ;
#1277 = AXIS2_PLACEMENT_3D ( 'NONE', #438, #4452, #2699 ) ;
#1278 = CARTESIAN_POINT ( 'NONE',  ( 22.50000000000000000, 2.249999999999986233, -5.500000000000000000 ) ) ;
#1279 = CIRCLE ( 'NONE', #253, 10.00000000000000178 ) ;
#1280 = EDGE_LOOP ( 'NONE', ( #4607, #2160 ) ) ;
#1281 = VECTOR ( 'NONE', #5225, 1000.000000000000000 ) ;
#1282 = CARTESIAN_POINT ( 'NONE',  ( -27.38759438288186843, 24.24999999999998934, 7.700000000000018829 ) ) ;
#1283 = CARTESIAN_POINT ( 'NONE',  ( -13.00000000000006040, 12.24999999999998757, -2.500000000000000444 ) ) ;
#1284 = PERSON_AND_ORGANIZATION ( #3621, #2781 ) ;
#1285 = DIRECTION ( 'NONE',  ( -2.312964634635742957E-16, -1.000000000000000000, -0.000000000000000000 ) ) ;
#1286 = ORIENTED_EDGE ( 'NONE', *, *, #3356, .T. ) ;
#1287 = DIRECTION ( 'NONE',  ( -0.000000000000000000, -1.000000000000000000, 0.000000000000000000 ) ) ;
#1288 = DIRECTION ( 'NONE',  ( -1.284980352575412699E-16, -1.000000000000000000, 0.000000000000000000 ) ) ;
#1289 = CYLINDRICAL_SURFACE ( 'NONE', #3420, 1.500000000000003997 ) ;
#1290 = ORIENTED_EDGE ( 'NONE', *, *, #763, .F. ) ;
#1291 = CARTESIAN_POINT ( 'NONE',  ( 35.50000000000000000, 2.249999999999983569, 0.000000000000000000 ) ) ;
#1292 = EDGE_CURVE ( 'NONE', #4091, #3608, #4760, .T. ) ;
#1293 = ORIENTED_EDGE ( 'NONE', *, *, #5456, .F. ) ;
#1294 = ADVANCED_FACE ( 'NONE', ( #765 ), #5679, .F. ) ;
#1295 = VERTEX_POINT ( 'NONE', #2058 ) ;
#1296 = CARTESIAN_POINT ( 'NONE',  ( 2.499999999999998668, 3.749999999999992450, 37.65000000000000568 ) ) ;
#1297 = DIRECTION ( 'NONE',  ( 0.000000000000000000, 1.000000000000000000, 0.000000000000000000 ) ) ;
#1298 = CARTESIAN_POINT ( 'NONE',  ( 3.000000000000003553, 6.249999999999996447, 7.000000000000000000 ) ) ;
#1299 = ORIENTED_EDGE ( 'NONE', *, *, #1505, .T. ) ;
#1300 = DIRECTION ( 'NONE',  ( 0.000000000000000000, 0.000000000000000000, 1.000000000000000000 ) ) ;
#1301 = ORIENTED_EDGE ( 'NONE', *, *, #1385, .F. ) ;
#1302 = ORIENTED_EDGE ( 'NONE', *, *, #1879, .F. ) ;
#1303 = CARTESIAN_POINT ( 'NONE',  ( 12.49999999999999822, 0.2499999999999885092, 28.17777469307151605 ) ) ;
#1304 = VECTOR ( 'NONE', #3124, 1000.000000000000000 ) ;
#1305 = CARTESIAN_POINT ( 'NONE',  ( 35.50000000000000000, -2.750000000000015987, 46.50000000000000000 ) ) ;
#1306 = CARTESIAN_POINT ( 'NONE',  ( -33.49999999999998579, -23.25000000000000000, -2.400000000000001688 ) ) ;
#1307 = AXIS2_PLACEMENT_3D ( 'NONE', #5416, #3537, #5358 ) ;
#1308 =( BOUNDED_CURVE ( )  B_SPLINE_CURVE ( 3, ( #5468, #1382, #57, #3654 ),
 .UNSPECIFIED., .F., .F. ) 
 B_SPLINE_CURVE_WITH_KNOTS ( ( 4, 4 ),
 ( 2.956863088639916093, 3.141592653589793116 ),
 .UNSPECIFIED. ) 
 CURVE ( )  GEOMETRIC_REPRESENTATION_ITEM ( )  RATIONAL_B_SPLINE_CURVE ( ( 1.000000000000000000, 0.9971582701412341487, 0.9971582701412341487, 1.000000000000000000 ) ) 
 REPRESENTATION_ITEM ( '' )  );
#1309 = ORIENTED_EDGE ( 'NONE', *, *, #1774, .F. ) ;
#1310 = FACE_OUTER_BOUND ( 'NONE', #811, .T. ) ;
#1311 = AXIS2_PLACEMENT_3D ( 'NONE', #5763, #5286, #756 ) ;
#1312 = FACE_OUTER_BOUND ( 'NONE', #318, .T. ) ;
#1313 = CARTESIAN_POINT ( 'NONE',  ( -34.49999999999999289, -23.25000000000000000, -2.500000000000000444 ) ) ;
#1314 = ORIENTED_EDGE ( 'NONE', *, *, #3620, .F. ) ;
#1315 = DIRECTION ( 'NONE',  ( 1.000000000000000000, 0.000000000000000000, -0.000000000000000000 ) ) ;
#1316 = CARTESIAN_POINT ( 'NONE',  ( 22.91421356237309226, -24.25000000000001421, 60.08578643762690774 ) ) ;
#1317 = CARTESIAN_POINT ( 'NONE',  ( 10.95068627702057462, 9.249999999999994671, 49.91312908726884245 ) ) ;
#1318 = ADVANCED_FACE ( 'NONE', ( #3450 ), #1210, .T. ) ;
#1319 = VERTEX_POINT ( 'NONE', #705 ) ;
#1320 = CARTESIAN_POINT ( 'NONE',  ( 33.49999999999998579, 0.2499999999999837907, 37.65000000000000568 ) ) ;
#1321 = ORIENTED_EDGE ( 'NONE', *, *, #3293, .T. ) ;
#1322 = DIRECTION ( 'NONE',  ( 1.000000000000000000, -2.312964634635742464E-16, 0.000000000000000000 ) ) ;
#1323 = LINE ( 'NONE', #2209, #5732 ) ;
#1324 = EDGE_CURVE ( 'NONE', #3341, #935, #2529, .T. ) ;
#1325 = CARTESIAN_POINT ( 'NONE',  ( -22.49999999999999289, 12.24999999999998579, -2.400000000000001688 ) ) ;
#1326 = CIRCLE ( 'NONE', #4641, 3.499999999999992895 ) ;
#1327 = ORIENTED_EDGE ( 'NONE', *, *, #1933, .F. ) ;
#1328 = DIRECTION ( 'NONE',  ( 2.312964634635742464E-16, 1.000000000000000000, 0.000000000000000000 ) ) ;
#1329 = ORIENTED_EDGE ( 'NONE', *, *, #3823, .F. ) ;
#1330 = AXIS2_PLACEMENT_3D ( 'NONE', #2150, #4824, #3953 ) ;
#1331 = EDGE_LOOP ( 'NONE', ( #3785, #960, #4525, #1309 ) ) ;
#1332 = ORIENTED_EDGE ( 'NONE', *, *, #1119, .T. ) ;
#1333 = DIRECTION ( 'NONE',  ( 0.000000000000000000, -0.000000000000000000, -1.000000000000000000 ) ) ;
#1334 = CARTESIAN_POINT ( 'NONE',  ( -12.99999999999995204, 0.2499999999999945877, 2.500000000000000444 ) ) ;
#1335 = CARTESIAN_POINT ( 'NONE',  ( -26.49999999999999645, 20.24999999999998224, -2.400000000000001688 ) ) ;
#1336 = CIRCLE ( 'NONE', #3698, 1.000000000000000888 ) ;
#1337 = ORIENTED_EDGE ( 'NONE', *, *, #1479, .T. ) ;
#1338 = CARTESIAN_POINT ( 'NONE',  ( 37.50000000000000000, -2.750000000000015987, 51.50000000000000711 ) ) ;
#1339 = VERTEX_POINT ( 'NONE', #4848 ) ;
#1340 = CARTESIAN_POINT ( 'NONE',  ( 35.50000000000000000, -2.750000000000016875, 8.500000000000000000 ) ) ;
#1341 = AXIS2_PLACEMENT_3D ( 'NONE', #84, #3589, #2283 ) ;
#1342 = ADVANCED_FACE ( 'NONE', ( #2471 ), #3508, .F. ) ;
#1343 = EDGE_CURVE ( 'NONE', #547, #5654, #241, .T. ) ;
#1344 = CARTESIAN_POINT ( 'NONE',  ( 22.50000000000000000, -23.25000000000001066, 3.499999999999999556 ) ) ;
#1345 = ORIENTED_EDGE ( 'NONE', *, *, #4470, .T. ) ;
#1346 = CARTESIAN_POINT ( 'NONE',  ( 16.14855074296530901, -6.651451691154802504, 47.70166666666661826 ) ) ;
#1347 = EDGE_CURVE ( 'NONE', #5549, #5087, #3411, .T. ) ;
#1348 = AXIS2_PLACEMENT_3D ( 'NONE', #4901, #1235, #3024 ) ;
#1349 = EDGE_CURVE ( 'NONE', #943, #2629, #3111, .T. ) ;
#1350 = CARTESIAN_POINT ( 'NONE',  ( 26.49999999999998934, -24.25000000000001066, -3.400000000000001688 ) ) ;
#1351 = CARTESIAN_POINT ( 'NONE',  ( -26.49999999999999645, -23.83578643762691485, 2.400000000000000799 ) ) ;
#1352 = VECTOR ( 'NONE', #3090, 999.9999999999998863 ) ;
#1353 = DIRECTION ( 'NONE',  ( -0.000000000000000000, 0.000000000000000000, 1.000000000000000000 ) ) ;
#1354 = ORIENTED_EDGE ( 'NONE', *, *, #1442, .T. ) ;
#1355 = FACE_OUTER_BOUND ( 'NONE', #5531, .T. ) ;
#1356 = CIRCLE ( 'NONE', #2668, 1.000000000000000888 ) ;
#1357 = FACE_BOUND ( 'NONE', #4518, .T. ) ;
#1358 = LINE ( 'NONE', #2293, #3731 ) ;
#1359 = VECTOR ( 'NONE', #3502, 1000.000000000000000 ) ;
#1360 = ORIENTED_EDGE ( 'NONE', *, *, #4814, .T. ) ;
#1361 = DIRECTION ( 'NONE',  ( -1.000000000000000000, -4.336808689941999001E-16, 0.000000000000000000 ) ) ;
#1362 = ORIENTED_EDGE ( 'NONE', *, *, #3467, .T. ) ;
#1363 = ORIENTED_EDGE ( 'NONE', *, *, #1100, .T. ) ;
#1364 = ORIENTED_EDGE ( 'NONE', *, *, #2870, .F. ) ;
#1365 = CARTESIAN_POINT ( 'NONE',  ( -2.000000000000000000, 6.249999999999996447, -77.50000000000000000 ) ) ;
#1366 = EDGE_CURVE ( 'NONE', #2473, #2334, #1141, .T. ) ;
#1367 = DIRECTION ( 'NONE',  ( 1.000000000000000000, 0.000000000000000000, 0.000000000000000000 ) ) ;
#1368 = CARTESIAN_POINT ( 'NONE',  ( 34.49999999999999289, 12.25000000000000000, 60.50000000000000000 ) ) ;
#1369 = CIRCLE ( 'NONE', #4109, 1.000000000000000888 ) ;
#1370 = VERTEX_POINT ( 'NONE', #1701 ) ;
#1371 = CARTESIAN_POINT ( 'NONE',  ( -28.99999999999999645, -18.00000000000000000, -5.499999999999998224 ) ) ;
#1372 = VERTEX_POINT ( 'NONE', #1177 ) ;
#1373 = ADVANCED_FACE ( 'NONE', ( #3001 ), #5239, .F. ) ;
#1374 = AXIS2_PLACEMENT_3D ( 'NONE', #1313, #4321, #3105 ) ;
#1375 = EDGE_CURVE ( 'NONE', #5008, #4011, #2555, .T. ) ;
#1376 = AXIS2_PLACEMENT_3D ( 'NONE', #4028, #5337, #5724 ) ;
#1377 = DIRECTION ( 'NONE',  ( 1.000000000000000000, 0.000000000000000000, 0.000000000000000000 ) ) ;
#1378 = AXIS2_PLACEMENT_3D ( 'NONE', #5284, #2138, #1688 ) ;
#1379 = VERTEX_POINT ( 'NONE', #1149 ) ;
#1380 = CARTESIAN_POINT ( 'NONE',  ( 22.50000000000000000, 12.24999999999999645, -2.400000000000001688 ) ) ;
#1381 = ADVANCED_FACE ( 'NONE', ( #4407 ), #359, .T. ) ;
#1382 = CARTESIAN_POINT ( 'NONE',  ( 17.51706252681587017, 0.2329374731841298840, 8.130803121290108848 ) ) ;
#1383 = EDGE_CURVE ( 'NONE', #5008, #5717, #4167, .T. ) ;
#1384 = ORIENTED_EDGE ( 'NONE', *, *, #4072, .F. ) ;
#1385 = EDGE_CURVE ( 'NONE', #325, #4891, #5772, .T. ) ;
#1386 = CARTESIAN_POINT ( 'NONE',  ( 26.50000000000000355, 9.249999999999984013, 17.64999999999999858 ) ) ;
#1387 = ORIENTED_EDGE ( 'NONE', *, *, #5675, .T. ) ;
#1388 = CARTESIAN_POINT ( 'NONE',  ( 35.50000000000000000, 0.2499999999999833744, 0.000000000000000000 ) ) ;
#1389 = FACE_OUTER_BOUND ( 'NONE', #2959, .T. ) ;
#1390 = FACE_OUTER_BOUND ( 'NONE', #4406, .T. ) ;
#1391 = DIRECTION ( 'NONE',  ( 1.000000000000000000, -1.284980352575412453E-16, -1.156482317317872465E-16 ) ) ;
#1392 = EDGE_LOOP ( 'NONE', ( #3980, #3207, #4969, #461 ) ) ;
#1393 = ORIENTED_EDGE ( 'NONE', *, *, #5173, .F. ) ;
#1394 = DIRECTION ( 'NONE',  ( 1.000000000000000000, -0.000000000000000000, -0.000000000000000000 ) ) ;
#1395 = CARTESIAN_POINT ( 'NONE',  ( 33.60000000000001563, 12.24999999999999822, 52.90000000000000568 ) ) ;
#1396 = DIRECTION ( 'NONE',  ( -1.000000000000000000, -2.259648465249937489E-16, 0.000000000000000000 ) ) ;
#1397 = EDGE_CURVE ( 'NONE', #1039, #5673, #297, .T. ) ;
#1398 = ORIENTED_EDGE ( 'NONE', *, *, #3179, .T. ) ;
#1399 = CARTESIAN_POINT ( 'NONE',  ( 20.00000000000003553, 12.24999999999999645, -5.500000000000000000 ) ) ;
#1400 = ORIENTED_EDGE ( 'NONE', *, *, #523, .T. ) ;
#1401 = VECTOR ( 'NONE', #741, 1000.000000000000000 ) ;
#1402 = VECTOR ( 'NONE', #3313, 1000.000000000000000 ) ;
#1403 = CARTESIAN_POINT ( 'NONE',  ( -18.50000000000001066, 12.25000000000000000, 33.70166666666662536 ) ) ;
#1404 = CARTESIAN_POINT ( 'NONE',  ( 24.50000000000000000, -6.750000000000088818, 5.500000000000000000 ) ) ;
#1405 = EDGE_CURVE ( 'NONE', #1319, #1429, #3874, .T. ) ;
#1406 = ORIENTED_EDGE ( 'NONE', *, *, #2587, .F. ) ;
#1407 = CARTESIAN_POINT ( 'NONE',  ( 33.60000000000000142, 12.24999999999999822, 57.89999999999999858 ) ) ;
#1408 = LINE ( 'NONE', #3681, #2484 ) ;
#1409 = CARTESIAN_POINT ( 'NONE',  ( 24.50000000000000000, 2.249999999999985789, 28.17777469307151961 ) ) ;
#1410 = FACE_BOUND ( 'NONE', #503, .T. ) ;
#1411 = VECTOR ( 'NONE', #644, 1000.000000000000000 ) ;
#1412 = ORIENTED_EDGE ( 'NONE', *, *, #2739, .T. ) ;
#1413 = DIRECTION ( 'NONE',  ( 0.000000000000000000, 0.000000000000000000, 1.000000000000000000 ) ) ;
#1414 = ORIENTED_EDGE ( 'NONE', *, *, #2443, .F. ) ;
#1415 = CARTESIAN_POINT ( 'NONE',  ( 22.50000000000000000, 12.25000000000000000, 28.17777469307151961 ) ) ;
#1416 = CARTESIAN_POINT ( 'NONE',  ( -30.00000000000000000, -18.00000000000000000, -2.500000000000002220 ) ) ;
#1417 = ADVANCED_FACE ( 'NONE', ( #5414 ), #3080, .T. ) ;
#1418 = DIRECTION ( 'NONE',  ( -2.312964634635742464E-16, -1.000000000000000000, 0.000000000000000000 ) ) ;
#1419 = LINE ( 'NONE', #3212, #4285 ) ;
#1420 = VERTEX_POINT ( 'NONE', #2704 ) ;
#1421 = ORIENTED_EDGE ( 'NONE', *, *, #4137, .T. ) ;
#1422 = CYLINDRICAL_SURFACE ( 'NONE', #4523, 2.500000000000001776 ) ;
#1423 = VECTOR ( 'NONE', #2818, 1000.000000000000000 ) ;
#1424 = DIRECTION ( 'NONE',  ( 2.312964634635743943E-16, -1.000000000000000000, 5.473822126268816683E-48 ) ) ;
#1425 = CARTESIAN_POINT ( 'NONE',  ( 26.40000000000000213, -23.25000000000000711, 57.89999999999999858 ) ) ;
#1426 = AXIS2_PLACEMENT_3D ( 'NONE', #3457, #2939, #1101 ) ;
#1427 = VERTEX_POINT ( 'NONE', #3176 ) ;
#1428 = CARTESIAN_POINT ( 'NONE',  ( 24.50000000000000000, -23.25000000000001066, 49.50000000000000000 ) ) ;
#1429 = VERTEX_POINT ( 'NONE', #1320 ) ;
#1430 = DIRECTION ( 'NONE',  ( -0.000000000000000000, -0.000000000000000000, 1.000000000000000000 ) ) ;
#1431 = CARTESIAN_POINT ( 'NONE',  ( 17.50000000000001421, 0.2499999999999874822, 5.500000000000000000 ) ) ;
#1432 = ORIENTED_EDGE ( 'NONE', *, *, #1478, .T. ) ;
#1433 = VERTEX_POINT ( 'NONE', #4999 ) ;
#1434 = CARTESIAN_POINT ( 'NONE',  ( 26.49999999999998934, -23.83578643762691485, 2.399999999999998579 ) ) ;
#1435 = DIRECTION ( 'NONE',  ( 1.000000000000000000, 0.000000000000000000, 0.000000000000000000 ) ) ;
#1436 = CARTESIAN_POINT ( 'NONE',  ( -2.000000000000000000, 6.249999999999996447, 7.000000000000000000 ) ) ;
#1437 = CARTESIAN_POINT ( 'NONE',  ( -33.49999999999998579, 20.24999999999998224, -2.400000000000001688 ) ) ;
#1438 = DIRECTION ( 'NONE',  ( -0.000000000000000000, 1.000000000000000000, 0.000000000000000000 ) ) ;
#1439 = ORIENTED_EDGE ( 'NONE', *, *, #3736, .T. ) ;
#1440 = CARTESIAN_POINT ( 'NONE',  ( -34.49999999999998579, -24.25000000000000355, -3.400000000000001688 ) ) ;
#1441 = LINE ( 'NONE', #947, #2836 ) ;
#1442 = EDGE_CURVE ( 'NONE', #5475, #2373, #5401, .T. ) ;
#1443 = DIRECTION ( 'NONE',  ( 1.000000000000000000, 0.000000000000000000, 0.000000000000000000 ) ) ;
#1444 = CARTESIAN_POINT ( 'NONE',  ( -12.99999999999995204, 2.249999999999994671, 12.50000000000000000 ) ) ;
#1445 = VECTOR ( 'NONE', #1007, 1000.000000000000000 ) ;
#1446 = ORIENTED_EDGE ( 'NONE', *, *, #5605, .F. ) ;
#1447 = ORIENTED_EDGE ( 'NONE', *, *, #3736, .F. ) ;
#1448 = LINE ( 'NONE', #2652, #2802 ) ;
#1449 = EDGE_CURVE ( 'NONE', #2658, #2755, #3691, .T. ) ;
#1450 = CARTESIAN_POINT ( 'NONE',  ( -37.50000000000000000, 12.24999999999998224, 2.399999999999997247 ) ) ;
#1451 = LINE ( 'NONE', #5579, #3421 ) ;
#1452 = ADVANCED_FACE ( 'NONE', ( #62 ), #2176, .F. ) ;
#1453 = CIRCLE ( 'NONE', #4765, 0.9999999999999974465 ) ;
#1454 = ORIENTED_EDGE ( 'NONE', *, *, #1721, .T. ) ;
#1455 = DIRECTION ( 'NONE',  ( -1.000000000000000000, 0.000000000000000000, -0.000000000000000000 ) ) ;
#1456 = ORIENTED_EDGE ( 'NONE', *, *, #1941, .F. ) ;
#1457 = ADVANCED_FACE ( 'NONE', ( #3113 ), #4105, .T. ) ;
#1458 = ADVANCED_FACE ( 'NONE', ( #4907 ), #4013, .T. ) ;
#1459 = DIRECTION ( 'NONE',  ( 1.000000000000000000, 0.000000000000000000, 0.000000000000000000 ) ) ;
#1460 = DIRECTION ( 'NONE',  ( -1.284980352575412699E-16, -1.000000000000000000, -0.000000000000000000 ) ) ;
#1461 = ORIENTED_EDGE ( 'NONE', *, *, #2636, .F. ) ;
#1462 = ORIENTED_EDGE ( 'NONE', *, *, #4157, .T. ) ;
#1463 = DIRECTION ( 'NONE',  ( 1.156482317317871478E-16, 1.000000000000000000, -0.000000000000000000 ) ) ;
#1464 = VERTEX_POINT ( 'NONE', #2729 ) ;
#1465 = VECTOR ( 'NONE', #3239, 1000.000000000000000 ) ;
#1466 = CIRCLE ( 'NONE', #3638, 1.000000000000000888 ) ;
#1467 = FACE_OUTER_BOUND ( 'NONE', #5202, .T. ) ;
#1468 = DIRECTION ( 'NONE',  ( -1.000000000000000000, 0.000000000000000000, 0.000000000000000000 ) ) ;
#1469 = AXIS2_PLACEMENT_3D ( 'NONE', #3117, #417, #3988 ) ;
#1470 = AXIS2_PLACEMENT_3D ( 'NONE', #2602, #4419, #371 ) ;
#1471 = ORIENTED_EDGE ( 'NONE', *, *, #950, .F. ) ;
#1472 = ADVANCED_FACE ( 'NONE', ( #3 ), #3658, .F. ) ;
#1473 = DIRECTION ( 'NONE',  ( -0.7071067811865436870, -1.635512977795590699E-16, 0.7071067811865513475 ) ) ;
#1474 = CARTESIAN_POINT ( 'NONE',  ( 30.00000000000000000, 9.249999999999984013, 37.65000000000000568 ) ) ;
#1475 = AXIS2_PLACEMENT_3D ( 'NONE', #3260, #142, #3225 ) ;
#1476 = DIRECTION ( 'NONE',  ( -0.7071067811865519026, -0.7071067811865431318, 0.000000000000000000 ) ) ;
#1477 = LINE ( 'NONE', #3355, #2958 ) ;
#1478 = EDGE_CURVE ( 'NONE', #5475, #5673, #3206, .T. ) ;
#1479 = EDGE_CURVE ( 'NONE', #3575, #4580, #2641, .T. ) ;
#1480 = DIRECTION ( 'NONE',  ( 0.000000000000000000, 0.000000000000000000, 1.000000000000000000 ) ) ;
#1481 = VERTEX_POINT ( 'NONE', #4074 ) ;
#1482 = ORIENTED_EDGE ( 'NONE', *, *, #5651, .F. ) ;
#1483 = CARTESIAN_POINT ( 'NONE',  ( 34.49999999999999289, -6.651451691154806056, 50.70166666666662536 ) ) ;
#1484 = CARTESIAN_POINT ( 'NONE',  ( -30.00000000000000000, -18.00000000000000000, -28.50000000000000355 ) ) ;
#1485 = LINE ( 'NONE', #4145, #3426 ) ;
#1486 = CARTESIAN_POINT ( 'NONE',  ( 35.50000000000000000, -24.25000000000001066, 4.500000000000000000 ) ) ;
#1487 = ORIENTED_EDGE ( 'NONE', *, *, #685, .T. ) ;
#1488 = CARTESIAN_POINT ( 'NONE',  ( 33.60000000000001563, -81.25877125495691189, 52.90000000000000568 ) ) ;
#1489 = ORIENTED_EDGE ( 'NONE', *, *, #1755, .T. ) ;
#1490 = PLANE ( 'NONE',  #2497 ) ;
#1491 = PLANE ( 'NONE',  #3738 ) ;
#1492 = ORIENTED_EDGE ( 'NONE', *, *, #910, .F. ) ;
#1493 = ORIENTED_EDGE ( 'NONE', *, *, #5675, .F. ) ;
#1494 = DIRECTION ( 'NONE',  ( 1.000000000000000000, 0.000000000000000000, -0.000000000000000000 ) ) ;
#1495 = CARTESIAN_POINT ( 'NONE',  ( 30.00000000000000000, -18.00000000000000000, -28.50000000000000355 ) ) ;
#1496 = VECTOR ( 'NONE', #803, 1000.000000000000000 ) ;
#1497 = CIRCLE ( 'NONE', #835, 0.9999999999999974465 ) ;
#1498 = CARTESIAN_POINT ( 'NONE',  ( -2.441462669893285213E-15, -24.25000000000000711, 4.499999999999996447 ) ) ;
#1499 = CARTESIAN_POINT ( 'NONE',  ( -18.50000000000001066, 12.25000000000000000, 33.70166666666662536 ) ) ;
#1500 = VECTOR ( 'NONE', #4528, 1000.000000000000000 ) ;
#1501 = ORIENTED_EDGE ( 'NONE', *, *, #4925, .T. ) ;
#1502 = CARTESIAN_POINT ( 'NONE',  ( 19.14855074296530191, 24.24999999999999289, 47.70166666666661826 ) ) ;
#1503 = DIRECTION ( 'NONE',  ( -0.000000000000000000, -0.000000000000000000, -1.000000000000000000 ) ) ;
#1504 = CARTESIAN_POINT ( 'NONE',  ( -37.50000000000000000, 24.24999999999997868, 1.399999999999997247 ) ) ;
#1505 = EDGE_CURVE ( 'NONE', #896, #3350, #5493, .T. ) ;
#1506 = CARTESIAN_POINT ( 'NONE',  ( -33.49999999999998579, -23.25000000000000000, 3.399999999999998135 ) ) ;
#1507 = DIRECTION ( 'NONE',  ( 0.000000000000000000, 0.000000000000000000, 1.000000000000000000 ) ) ;
#1508 = ORIENTED_EDGE ( 'NONE', *, *, #4224, .F. ) ;
#1509 = ORIENTED_EDGE ( 'NONE', *, *, #1207, .T. ) ;
#1510 = LINE ( 'NONE', #5628, #1769 ) ;
#1511 = CARTESIAN_POINT ( 'NONE',  ( 34.49999999999999289, 12.24999999999999822, 50.70166666666662536 ) ) ;
#1512 = ADVANCED_FACE ( 'NONE', ( #4433 ), #384, .F. ) ;
#1513 = FACE_OUTER_BOUND ( 'NONE', #3858, .T. ) ;
#1514 = DIRECTION ( 'NONE',  ( 1.000000000000000000, 0.000000000000000000, 0.000000000000000000 ) ) ;
#1515 = VERTEX_POINT ( 'NONE', #1759 ) ;
#1516 = CARTESIAN_POINT ( 'NONE',  ( 34.49999999999999289, 12.25000000000000178, 10.70000000000002061 ) ) ;
#1517 = DIRECTION ( 'NONE',  ( 2.312964634635742957E-16, 1.000000000000000000, -0.000000000000000000 ) ) ;
#1518 = CARTESIAN_POINT ( 'NONE',  ( -24.00000000000000000, -23.25000000000000355, -5.500000000000000000 ) ) ;
#1519 = ORIENTED_EDGE ( 'NONE', *, *, #2262, .F. ) ;
#1520 = EDGE_CURVE ( 'NONE', #5671, #4350, #3565, .T. ) ;
#1521 = EDGE_CURVE ( 'NONE', #5008, #3878, #106, .T. ) ;
#1522 = CARTESIAN_POINT ( 'NONE',  ( 33.49999999999999289, 9.249999999999984013, 37.65000000000000568 ) ) ;
#1523 = DIRECTION ( 'NONE',  ( 0.000000000000000000, 0.000000000000000000, 1.000000000000000000 ) ) ;
#1524 = EDGE_CURVE ( 'NONE', #4021, #2584, #5446, .T. ) ;
#1525 = ORIENTED_EDGE ( 'NONE', *, *, #3050, .T. ) ;
#1526 = CARTESIAN_POINT ( 'NONE',  ( 0.5000000000000017764, 6.249999999999996447, 7.000000000000000000 ) ) ;
#1527 = DIRECTION ( 'NONE',  ( 2.312964634635743450E-16, -1.000000000000000000, -0.000000000000000000 ) ) ;
#1528 = EDGE_CURVE ( 'NONE', #1211, #5454, #2381, .T. ) ;
#1529 = CARTESIAN_POINT ( 'NONE',  ( -17.50000000000001421, 0.2499999999999955591, -11.43028554974589994 ) ) ;
#1530 =( BOUNDED_CURVE ( )  B_SPLINE_CURVE ( 3, ( #4889, #16, #2715, #3606 ),
 .UNSPECIFIED., .F., .F. ) 
 B_SPLINE_CURVE_WITH_KNOTS ( ( 4, 4 ),
 ( 4.712388980384689674, 6.283185307179586232 ),
 .UNSPECIFIED. ) 
 CURVE ( )  GEOMETRIC_REPRESENTATION_ITEM ( )  RATIONAL_B_SPLINE_CURVE ( ( 1.000000000000000000, 0.8047378541243649375, 0.8047378541243649375, 1.000000000000000000 ) ) 
 REPRESENTATION_ITEM ( '' )  );
#1531 = LINE ( 'NONE', #240, #4684 ) ;
#1532 = CARTESIAN_POINT ( 'NONE',  ( -36.50000000000000000, -12.25000000000000178, -1.400000000000001910 ) ) ;
#1533 = VERTEX_POINT ( 'NONE', #3297 ) ;
#1534 = ORIENTED_EDGE ( 'NONE', *, *, #2942, .T. ) ;
#1535 = DIRECTION ( 'NONE',  ( -0.000000000000000000, 1.000000000000000000, 0.000000000000000000 ) ) ;
#1536 = CARTESIAN_POINT ( 'NONE',  ( -37.50000000000000000, 9.249999999999984013, 5.500000000000000000 ) ) ;
#1537 = CARTESIAN_POINT ( 'NONE',  ( 33.49999999999998579, -23.25000000000001421, -3.400000000000001688 ) ) ;
#1538 = DIRECTION ( 'NONE',  ( -1.000000000000000000, -2.312964634635742957E-16, -0.000000000000000000 ) ) ;
#1539 = AXIS2_PLACEMENT_3D ( 'NONE', #567, #123, #4735 ) ;
#1540 = ORIENTED_EDGE ( 'NONE', *, *, #4085, .F. ) ;
#1541 = EDGE_CURVE ( 'NONE', #3952, #5585, #2351, .T. ) ;
#1542 = LINE ( 'NONE', #1488, #1122 ) ;
#1543 = EDGE_LOOP ( 'NONE', ( #1766, #2894, #3893, #2328 ) ) ;
#1544 = CIRCLE ( 'NONE', #4856, 2.999999999999999112 ) ;
#1545 = CARTESIAN_POINT ( 'NONE',  ( 22.50000000000000000, 21.24999999999999645, -5.500000000000000000 ) ) ;
#1546 = DIRECTION ( 'NONE',  ( 1.284980352575413192E-16, 1.000000000000000000, 0.000000000000000000 ) ) ;
#1547 = ORIENTED_EDGE ( 'NONE', *, *, #2394, .F. ) ;
#1548 = ADVANCED_FACE ( 'NONE', ( #2415 ), #5119, .F. ) ;
#1549 = VECTOR ( 'NONE', #3881, 1000.000000000000000 ) ;
#1550 = EDGE_CURVE ( 'NONE', #5745, #1642, #180, .T. ) ;
#1551 = LINE ( 'NONE', #1935, #5134 ) ;
#1552 = VECTOR ( 'NONE', #1651, 1000.000000000000000 ) ;
#1553 = ORIENTED_EDGE ( 'NONE', *, *, #4492, .T. ) ;
#1554 = CARTESIAN_POINT ( 'NONE',  ( 30.00000000000000000, 9.249999999999984013, 17.64999999999999858 ) ) ;
#1555 = DIRECTION ( 'NONE',  ( -1.284980352575412453E-16, -1.000000000000000000, -0.000000000000000000 ) ) ;
#1556 = AXIS2_PLACEMENT_3D ( 'NONE', #1865, #4988, #933 ) ;
#1557 = VECTOR ( 'NONE', #218, 1000.000000000000000 ) ;
#1558 = DIRECTION ( 'NONE',  ( 2.312964634635743943E-16, -1.000000000000000000, 0.000000000000000000 ) ) ;
#1559 = EDGE_CURVE ( 'NONE', #4133, #673, #389, .T. ) ;
#1560 = CARTESIAN_POINT ( 'NONE',  ( -19.00000000000000000, 12.24999999999999645, -10.50000000000004441 ) ) ;
#1561 = VERTEX_POINT ( 'NONE', #4639 ) ;
#1562 = ORIENTED_EDGE ( 'NONE', *, *, #4965, .T. ) ;
#1563 = LOCAL_TIME ( 20, 59, 48.00000000000000000, #1666 ) ;
#1564 = CARTESIAN_POINT ( 'NONE',  ( 3.000000000000003553, 6.249999999999996447, 7.000000000000000000 ) ) ;
#1565 = CARTESIAN_POINT ( 'NONE',  ( 4.000000000000002665, 3.749999999999992895, 37.65000000000000568 ) ) ;
#1566 = LINE ( 'NONE', #3366, #5629 ) ;
#1567 = ORIENTED_EDGE ( 'NONE', *, *, #2167, .T. ) ;
#1568 = DIRECTION ( 'NONE',  ( 0.000000000000000000, 1.000000000000000000, 0.000000000000000000 ) ) ;
#1569 = ORIENTED_EDGE ( 'NONE', *, *, #3934, .F. ) ;
#1570 = LINE ( 'NONE', #222, #996 ) ;
#1571 = EDGE_CURVE ( 'NONE', #424, #3231, #1695, .T. ) ;
#1572 = FACE_OUTER_BOUND ( 'NONE', #5396, .T. ) ;
#1573 = ORIENTED_EDGE ( 'NONE', *, *, #1956, .T. ) ;
#1574 = ADVANCED_FACE ( 'NONE', ( #4162 ), #2848, .T. ) ;
#1575 = DIRECTION ( 'NONE',  ( -0.000000000000000000, -0.000000000000000000, 1.000000000000000000 ) ) ;
#1576 = CARTESIAN_POINT ( 'NONE',  ( 0.000000000000000000, 0.000000000000000000, 0.000000000000000000 ) ) ;
#1577 = ORIENTED_EDGE ( 'NONE', *, *, #4157, .F. ) ;
#1578 = LINE ( 'NONE', #2117, #2081 ) ;
#1579 = VECTOR ( 'NONE', #4763, 1000.000000000000000 ) ;
#1580 = ORIENTED_EDGE ( 'NONE', *, *, #2141, .T. ) ;
#1581 = LINE ( 'NONE', #235, #4196 ) ;
#1582 = CARTESIAN_POINT ( 'NONE',  ( -15.00000000000000000, 0.2499999999999950040, -8.000000000000000000 ) ) ;
#1583 = VECTOR ( 'NONE', #2153, 1000.000000000000000 ) ;
#1584 = AXIS2_PLACEMENT_3D ( 'NONE', #4744, #688, #5104 ) ;
#1585 = DIRECTION ( 'NONE',  ( 2.312964634635743450E-16, -1.000000000000000000, -0.000000000000000000 ) ) ;
#1586 = CARTESIAN_POINT ( 'NONE',  ( 34.49999999999999289, -23.25000000000001066, -4.500000000000000000 ) ) ;
#1587 = EDGE_LOOP ( 'NONE', ( #5711, #2524, #2380, #968, #1251, #4075, #4061 ) ) ;
#1588 = VERTEX_POINT ( 'NONE', #5596 ) ;
#1589 = CARTESIAN_POINT ( 'NONE',  ( 37.50000000000000000, -2.750000000000015987, 46.50000000000000000 ) ) ;
#1590 = FACE_OUTER_BOUND ( 'NONE', #4788, .T. ) ;
#1591 = AXIS2_PLACEMENT_3D ( 'NONE', #5260, #2987, #4816 ) ;
#1592 = EDGE_CURVE ( 'NONE', #4114, #1211, #3324, .T. ) ;
#1593 = CARTESIAN_POINT ( 'NONE',  ( 30.99999999999999645, -18.00000000000000000, 71.50000000000002842 ) ) ;
#1594 = CARTESIAN_POINT ( 'NONE',  ( 30.99999999999999645, -18.00000000000000000, -28.50000000000000355 ) ) ;
#1595 = VERTEX_POINT ( 'NONE', #969 ) ;
#1596 = EDGE_CURVE ( 'NONE', #673, #4847, #5007, .T. ) ;
#1597 = DIRECTION ( 'NONE',  ( 1.000000000000000000, 0.000000000000000000, 0.000000000000000000 ) ) ;
#1598 = CARTESIAN_POINT ( 'NONE',  ( 30.00000000000000000, 9.249999999999984013, 17.64999999999999858 ) ) ;
#1599 = LINE ( 'NONE', #3396, #2016 ) ;
#1600 = DIRECTION ( 'NONE',  ( 0.000000000000000000, -1.000000000000000000, 0.000000000000000000 ) ) ;
#1601 = PLANE ( 'NONE',  #2030 ) ;
#1602 = ORIENTED_EDGE ( 'NONE', *, *, #5318, .F. ) ;
#1603 = DIRECTION ( 'NONE',  ( 0.4997224534895765014, -1.155840362054795350E-16, 0.8661855860486008529 ) ) ;
#1604 = ORIENTED_EDGE ( 'NONE', *, *, #2722, .T. ) ;
#1605 = VERTEX_POINT ( 'NONE', #1526 ) ;
#1606 = DIRECTION ( 'NONE',  ( -1.000000000000000000, 2.001604010742470255E-16, -0.000000000000000000 ) ) ;
#1607 = VECTOR ( 'NONE', #3269, 1000.000000000000000 ) ;
#1608 = PLANE ( 'NONE',  #1186 ) ;
#1609 = DIRECTION ( 'NONE',  ( 2.312964634635743450E-16, -1.000000000000000000, -0.000000000000000000 ) ) ;
#1610 = EDGE_LOOP ( 'NONE', ( #1493, #5433, #1021, #5347 ) ) ;
#1611 = VERTEX_POINT ( 'NONE', #588 ) ;
#1612 = FACE_OUTER_BOUND ( 'NONE', #1867, .T. ) ;
#1613 = CIRCLE ( 'NONE', #322, 2.999999999999999112 ) ;
#1614 = DIRECTION ( 'NONE',  ( 0.000000000000000000, 0.000000000000000000, 1.000000000000000000 ) ) ;
#1615 = CARTESIAN_POINT ( 'NONE',  ( 37.50000000000000000, -23.25000000000001066, -5.500000000000000000 ) ) ;
#1616 = CARTESIAN_POINT ( 'NONE',  ( 12.97786016257261643, 12.24999999999999289, 50.70166666666662536 ) ) ;
#1617 = ORIENTED_EDGE ( 'NONE', *, *, #4962, .T. ) ;
#1618 = ORIENTED_EDGE ( 'NONE', *, *, #4301, .T. ) ;
#1619 = LINE ( 'NONE', #5782, #647 ) ;
#1620 = EDGE_CURVE ( 'NONE', #3143, #175, #148, .T. ) ;
#1621 = VECTOR ( 'NONE', #790, 1000.000000000000000 ) ;
#1622 = FACE_OUTER_BOUND ( 'NONE', #3481, .T. ) ;
#1623 = EDGE_CURVE ( 'NONE', #5415, #1797, #4702, .T. ) ;
#1624 = DIRECTION ( 'NONE',  ( -1.000000000000000000, 0.000000000000000000, 0.000000000000000000 ) ) ;
#1625 = DIRECTION ( 'NONE',  ( 1.000000000000000000, 0.000000000000000000, 0.000000000000000000 ) ) ;
#1626 = ADVANCED_FACE ( 'NONE', ( #1940 ), #5566, .T. ) ;
#1627 = VERTEX_POINT ( 'NONE', #1001 ) ;
#1628 = AXIS2_PLACEMENT_3D ( 'NONE', #5597, #1527, #675 ) ;
#1629 = AXIS2_PLACEMENT_3D ( 'NONE', #601, #4593, #656 ) ;
#1630 = CARTESIAN_POINT ( 'NONE',  ( -24.00331290960521002, -23.51321692993617773, 5.473665432417334387 ) ) ;
#1631 = FACE_BOUND ( 'NONE', #978, .T. ) ;
#1632 = CARTESIAN_POINT ( 'NONE',  ( 6.310909090909095909, 21.25000000000000000, 33.70166666666662536 ) ) ;
#1633 = CIRCLE ( 'NONE', #4102, 3.000000000000002665 ) ;
#1634 = ORIENTED_EDGE ( 'NONE', *, *, #5676, .T. ) ;
#1635 = EDGE_LOOP ( 'NONE', ( #23, #205, #5356, #5582 ) ) ;
#1636 = CYLINDRICAL_SURFACE ( 'NONE', #2721, 1.000000000000000888 ) ;
#1637 = CARTESIAN_POINT ( 'NONE',  ( -18.52809019262544510, -0.7780901926254480960, -10.85393235553095792 ) ) ;
#1638 = AXIS2_PLACEMENT_3D ( 'NONE', #93, #2761, #2708 ) ;
#1639 = EDGE_CURVE ( 'NONE', #5058, #5391, #2905, .T. ) ;
#1640 = EDGE_LOOP ( 'NONE', ( #2451, #5272, #3224, #5218 ) ) ;
#1641 = DIRECTION ( 'NONE',  ( 0.000000000000000000, 0.000000000000000000, 1.000000000000000000 ) ) ;
#1642 = VERTEX_POINT ( 'NONE', #4579 ) ;
#1643 = EDGE_LOOP ( 'NONE', ( #4552, #3509 ) ) ;
#1644 = CARTESIAN_POINT ( 'NONE',  ( 31.50000000000000000, 24.25000000000000000, 17.64999999999999858 ) ) ;
#1645 = AXIS2_PLACEMENT_3D ( 'NONE', #4483, #5376, #1377 ) ;
#1646 = DIRECTION ( 'NONE',  ( -0.000000000000000000, 1.000000000000000000, 0.000000000000000000 ) ) ;
#1647 = VECTOR ( 'NONE', #1600, 1000.000000000000000 ) ;
#1648 = DIRECTION ( 'NONE',  ( -1.000000000000000000, -2.891205793294670931E-16, 0.000000000000000000 ) ) ;
#1649 = EDGE_CURVE ( 'NONE', #1642, #5671, #2322, .T. ) ;
#1650 = EDGE_CURVE ( 'NONE', #3724, #2749, #533, .T. ) ;
#1651 = DIRECTION ( 'NONE',  ( -0.000000000000000000, -0.000000000000000000, -1.000000000000000000 ) ) ;
#1652 = AXIS2_PLACEMENT_3D ( 'NONE', #4195, #2350, #1468 ) ;
#1653 = ORIENTED_EDGE ( 'NONE', *, *, #2142, .F. ) ;
#1654 = ORIENTED_EDGE ( 'NONE', *, *, #759, .F. ) ;
#1655 = VECTOR ( 'NONE', #655, 1000.000000000000000 ) ;
#1656 = ORIENTED_EDGE ( 'NONE', *, *, #4270, .F. ) ;
#1657 = FACE_OUTER_BOUND ( 'NONE', #890, .T. ) ;
#1658 = LINE ( 'NONE', #1160, #3718 ) ;
#1659 = VECTOR ( 'NONE', #5496, 1000.000000000000114 ) ;
#1660 = DIRECTION ( 'NONE',  ( 2.312964634635742464E-16, 1.000000000000000000, 0.000000000000000000 ) ) ;
#1661 = VECTOR ( 'NONE', #4793, 1000.000000000000000 ) ;
#1662 = CARTESIAN_POINT ( 'NONE',  ( -18.00000000000000000, 9.249999999999985789, 17.65000000000000924 ) ) ;
#1663 = VERTEX_POINT ( 'NONE', #3715 ) ;
#1664 = FACE_OUTER_BOUND ( 'NONE', #4844, .T. ) ;
#1665 = LINE ( 'NONE', #5287, #4863 ) ;
#1666 = COORDINATED_UNIVERSAL_TIME_OFFSET ( 8, 0, .AHEAD. ) ;
#1667 = ORIENTED_EDGE ( 'NONE', *, *, #3285, .T. ) ;
#1668 = ORIENTED_EDGE ( 'NONE', *, *, #1206, .T. ) ;
#1669 = CARTESIAN_POINT ( 'NONE',  ( -37.50000000000000000, 9.249999999999984013, 5.500000000000000000 ) ) ;
#1670 = FACE_OUTER_BOUND ( 'NONE', #4272, .T. ) ;
#1671 = ORIENTED_EDGE ( 'NONE', *, *, #4927, .T. ) ;
#1672 = DIRECTION ( 'NONE',  ( -0.4997224534895765014, 1.155840362054795350E-16, -0.8661855860486008529 ) ) ;
#1673 = ORIENTED_EDGE ( 'NONE', *, *, #1857, .F. ) ;
#1674 = ORIENTED_EDGE ( 'NONE', *, *, #759, .T. ) ;
#1675 = LINE ( 'NONE', #2938, #1579 ) ;
#1677 = EDGE_CURVE ( 'NONE', #3150, #305, #3685, .T. ) ;
#1676 = CIRCLE ( 'NONE', #2247, 1.000000000000000888 ) ;
#1678 = VECTOR ( 'NONE', #3360, 1000.000000000000000 ) ;
#1679 = CARTESIAN_POINT ( 'NONE',  ( -18.50000000000001066, 21.25000000000000000, 22.70000000000001705 ) ) ;
#1680 = DIRECTION ( 'NONE',  ( 0.000000000000000000, -1.000000000000000000, -2.120217581749431003E-16 ) ) ;
#1681 = VERTEX_POINT ( 'NONE', #788 ) ;
#1682 = ORIENTED_EDGE ( 'NONE', *, *, #684, .F. ) ;
#1683 = ORIENTED_EDGE ( 'NONE', *, *, #3104, .T. ) ;
#1684 = DIRECTION ( 'NONE',  ( 2.312964634635743450E-16, -1.000000000000000000, 0.000000000000000000 ) ) ;
#1685 = DIRECTION ( 'NONE',  ( -2.312964634635742464E-16, -1.000000000000000000, 0.000000000000000000 ) ) ;
#1686 = VECTOR ( 'NONE', #3853, 1000.000000000000000 ) ;
#1687 = FACE_BOUND ( 'NONE', #2709, .T. ) ;
#1688 = DIRECTION ( 'NONE',  ( -1.000000000000000000, 0.000000000000000000, 0.000000000000000000 ) ) ;
#1689 = ORIENTED_EDGE ( 'NONE', *, *, #3671, .T. ) ;
#1690 = DIRECTION ( 'NONE',  ( 1.000000000000000000, 0.000000000000000000, 0.000000000000000000 ) ) ;
#1691 = CARTESIAN_POINT ( 'NONE',  ( 33.49999999999998579, -23.25000000000001421, -2.400000000000001688 ) ) ;
#1692 = ORIENTED_EDGE ( 'NONE', *, *, #5647, .F. ) ;
#1693 = CARTESIAN_POINT ( 'NONE',  ( -18.50000000000001066, 12.25000000000000000, 22.70000000000001705 ) ) ;
#1694 = EDGE_CURVE ( 'NONE', #2276, #2580, #2446, .T. ) ;
#1695 = CIRCLE ( 'NONE', #2460, 0.9999999999999974465 ) ;
#1696 = LINE ( 'NONE', #4934, #4379 ) ;
#1697 = AXIS2_PLACEMENT_3D ( 'NONE', #3417, #1153, #5606 ) ;
#1698 = EDGE_CURVE ( 'NONE', #3745, #1663, #5766, .T. ) ;
#1699 = VERTEX_POINT ( 'NONE', #1669 ) ;
#1700 = ADVANCED_FACE ( 'NONE', ( #2581 ), #1636, .F. ) ;
#1701 = CARTESIAN_POINT ( 'NONE',  ( -37.50000000000000000, -23.25000000000000355, 5.500000000000000000 ) ) ;
#1702 = EDGE_LOOP ( 'NONE', ( #5389, #268, #5627, #95, #5175, #2718 ) ) ;
#1703 = VERTEX_POINT ( 'NONE', #2084 ) ;
#1704 = PLANE ( 'NONE',  #3283 ) ;
#1705 = APPROVAL ( #786, 'æœª' ) ;
#1706 = FACE_BOUND ( 'NONE', #5482, .T. ) ;
#1707 = CARTESIAN_POINT ( 'NONE',  ( -23.22149652620895210, 12.24999999999998401, 7.700000000000018829 ) ) ;
#1708 = ORIENTED_EDGE ( 'NONE', *, *, #48, .F. ) ;
#1709 = ORIENTED_EDGE ( 'NONE', *, *, #4092, .T. ) ;
#1710 = VERTEX_POINT ( 'NONE', #5267 ) ;
#1711 = DIRECTION ( 'NONE',  ( 2.312964634635743450E-16, -1.000000000000000000, -0.000000000000000000 ) ) ;
#1712 = CARTESIAN_POINT ( 'NONE',  ( -2.000000000000000000, 6.249999999999996447, 7.000000000000000000 ) ) ;
#1713 = ORIENTED_EDGE ( 'NONE', *, *, #3455, .F. ) ;
#1714 = DIRECTION ( 'NONE',  ( -2.312964634635742464E-16, -1.000000000000000000, 0.000000000000000000 ) ) ;
#1715 =( BOUNDED_CURVE ( )  B_SPLINE_CURVE ( 3, ( #2482, #2375, #1434, #5666 ),
 .UNSPECIFIED., .F., .F. ) 
 B_SPLINE_CURVE_WITH_KNOTS ( ( 4, 4 ),
 ( 4.712388980384689674, 6.283185307179586232 ),
 .UNSPECIFIED. ) 
 CURVE ( )  GEOMETRIC_REPRESENTATION_ITEM ( )  RATIONAL_B_SPLINE_CURVE ( ( 1.000000000000000000, 0.8047378541243649375, 0.8047378541243649375, 1.000000000000000000 ) ) 
 REPRESENTATION_ITEM ( '' )  );
#1716 = ORIENTED_EDGE ( 'NONE', *, *, #122, .F. ) ;
#1717 = CARTESIAN_POINT ( 'NONE',  ( 11.00000000000000000, 0.2499999999999898137, -5.000000000000000000 ) ) ;
#1718 = DIRECTION ( 'NONE',  ( -2.312964634635743450E-16, 1.000000000000000000, 0.000000000000000000 ) ) ;
#1719 = ADVANCED_FACE ( 'NONE', ( #3476 ), #2026, .F. ) ;
#1720 = CYLINDRICAL_SURFACE ( 'NONE', #4016, 2.500000000000001776 ) ;
#1721 = EDGE_CURVE ( 'NONE', #2241, #3174, #3675, .T. ) ;
#1722 = AXIS2_PLACEMENT_3D ( 'NONE', #5094, #1480, #1125 ) ;
#1723 = ORIENTED_EDGE ( 'NONE', *, *, #608, .F. ) ;
#1724 = CYLINDRICAL_SURFACE ( 'NONE', #5548, 2.999999999999999112 ) ;
#1725 = CARTESIAN_POINT ( 'NONE',  ( 35.50000000000000000, -23.25000000000001066, 5.500000000000000000 ) ) ;
#1726 = AXIS2_PLACEMENT_3D ( 'NONE', #2274, #1772, #1831 ) ;
#1727 = EDGE_LOOP ( 'NONE', ( #1674, #3777, #1682, #541, #1259 ) ) ;
#1728 = DIRECTION ( 'NONE',  ( 1.156482317317871478E-16, 1.000000000000000000, -0.000000000000000000 ) ) ;
#1729 = ORIENTED_EDGE ( 'NONE', *, *, #685, .F. ) ;
#1730 = ORIENTED_EDGE ( 'NONE', *, *, #4858, .F. ) ;
#1731 = DIRECTION ( 'NONE',  ( -0.000000000000000000, 1.000000000000000000, 0.000000000000000000 ) ) ;
#1732 = DIRECTION ( 'NONE',  ( 0.000000000000000000, 0.000000000000000000, 1.000000000000000000 ) ) ;
#1733 = AXIS2_PLACEMENT_3D ( 'NONE', #2573, #4839, #3942 ) ;
#1734 = LINE ( 'NONE', #3061, #3052 ) ;
#1735 = ORIENTED_EDGE ( 'NONE', *, *, #4095, .F. ) ;
#1736 = PLANE ( 'NONE',  #1915 ) ;
#1737 = ORIENTED_EDGE ( 'NONE', *, *, #5473, .F. ) ;
#1738 = EDGE_LOOP ( 'NONE', ( #4314, #3036, #2616, #2945 ) ) ;
#1739 = DIRECTION ( 'NONE',  ( -0.000000000000000000, -0.000000000000000000, 1.000000000000000000 ) ) ;
#1740 = CIRCLE ( 'NONE', #4961, 10.00000000000000000 ) ;
#1741 = AXIS2_PLACEMENT_3D ( 'NONE', #692, #3843, #5586 ) ;
#1742 = DIRECTION ( 'NONE',  ( -1.000000000000000000, -0.000000000000000000, -0.000000000000000000 ) ) ;
#1743 = VECTOR ( 'NONE', #524, 1000.000000000000000 ) ;
#1744 = CARTESIAN_POINT ( 'NONE',  ( 8.999999999999987566, 0.2499999999999894806, -2.500000000000000444 ) ) ;
#1745 = AXIS2_PLACEMENT_3D ( 'NONE', #4240, #249, #1514 ) ;
#1746 = VERTEX_POINT ( 'NONE', #2495 ) ;
#1747 = AXIS2_PLACEMENT_3D ( 'NONE', #3655, #1906, #1523 ) ;
#1748 = VECTOR ( 'NONE', #2783, 1000.000000000000000 ) ;
#1749 = DIRECTION ( 'NONE',  ( 0.000000000000000000, 0.000000000000000000, 1.000000000000000000 ) ) ;
#1750 = EDGE_CURVE ( 'NONE', #1156, #5681, #732, .T. ) ;
#1751 = CARTESIAN_POINT ( 'NONE',  ( 17.88621661448321376, 2.249999999999988010, 17.50277546510423576 ) ) ;
#1752 = CARTESIAN_POINT ( 'NONE',  ( 34.49999999999999289, -81.25877125495691189, 57.49999999999999289 ) ) ;
#1753 = ORIENTED_EDGE ( 'NONE', *, *, #3958, .F. ) ;
#1754 = LINE ( 'NONE', #5409, #579 ) ;
#1755 = EDGE_CURVE ( 'NONE', #1627, #5053, #941, .T. ) ;
#1756 = CARTESIAN_POINT ( 'NONE',  ( 26.40000000000000213, -23.25000000000000711, 52.90000000000000568 ) ) ;
#1757 = DIRECTION ( 'NONE',  ( -0.000000000000000000, -0.000000000000000000, -1.000000000000000000 ) ) ;
#1758 = EDGE_LOOP ( 'NONE', ( #2772, #166, #14, #4408 ) ) ;
#1759 = CARTESIAN_POINT ( 'NONE',  ( 9.224360753997203233, 2.249999999999989342, 12.50000000000000000 ) ) ;
#1760 = ORIENTED_EDGE ( 'NONE', *, *, #1804, .T. ) ;
#1761 = FACE_OUTER_BOUND ( 'NONE', #1727, .T. ) ;
#1762 = LINE ( 'NONE', #3571, #630 ) ;
#1763 = CARTESIAN_POINT ( 'NONE',  ( 33.49999999999999289, 33.75000000000001421, 2.399999999999998135 ) ) ;
#1764 = ORIENTED_EDGE ( 'NONE', *, *, #4137, .F. ) ;
#1765 = LINE ( 'NONE', #510, #5704 ) ;
#1766 = ORIENTED_EDGE ( 'NONE', *, *, #2242, .F. ) ;
#1767 = ORIENTED_EDGE ( 'NONE', *, *, #236, .F. ) ;
#1768 = DIRECTION ( 'NONE',  ( 0.7371541402007415478, 1.705011456559632840E-16, 0.6757246285173462708 ) ) ;
#1769 = VECTOR ( 'NONE', #3306, 1000.000000000000000 ) ;
#1770 = EDGE_CURVE ( 'NONE', #4953, #924, #1972, .T. ) ;
#1771 = EDGE_CURVE ( 'NONE', #1710, #5307, #3444, .T. ) ;
#1772 = DIRECTION ( 'NONE',  ( 1.156482317317872465E-16, -2.674902700537829702E-32, -1.000000000000000000 ) ) ;
#1773 = FACE_OUTER_BOUND ( 'NONE', #5324, .T. ) ;
#1774 = EDGE_CURVE ( 'NONE', #661, #5511, #3022, .T. ) ;
#1775 = AXIS2_PLACEMENT_3D ( 'NONE', #3146, #1819, #3083 ) ;
#1776 = ORIENTED_EDGE ( 'NONE', *, *, #4838, .F. ) ;
#1777 = LINE ( 'NONE', #4954, #3554 ) ;
#1778 = ADVANCED_FACE ( 'NONE', ( #3920 ), #1205, .T. ) ;
#1779 = DIRECTION ( 'NONE',  ( -1.284980352575412699E-16, -1.000000000000000000, -0.000000000000000000 ) ) ;
#1780 = AXIS2_PLACEMENT_3D ( 'NONE', #2395, #3728, #4238 ) ;
#1781 = APPROVAL_STATUS ( 'not_yet_approved' ) ;
#1782 = CARTESIAN_POINT ( 'NONE',  ( 19.14855074296530546, 9.249999999999998224, 45.46950484771814160 ) ) ;
#1783 = ORIENTED_EDGE ( 'NONE', *, *, #1375, .F. ) ;
#1784 = FACE_OUTER_BOUND ( 'NONE', #5068, .T. ) ;
#1785 = CARTESIAN_POINT ( 'NONE',  ( 29.99999999999999645, 24.25000000000000000, 37.65000000000000568 ) ) ;
#1786 = DIRECTION ( 'NONE',  ( 0.7371541402007415478, 1.705011456559634073E-16, 0.6757246285173461597 ) ) ;
#1787 = ORIENTED_EDGE ( 'NONE', *, *, #78, .F. ) ;
#1788 = CARTESIAN_POINT ( 'NONE',  ( 29.99999999999999645, 0.2499999999999846234, 37.65000000000000568 ) ) ;
#1789 = ORIENTED_EDGE ( 'NONE', *, *, #33, .F. ) ;
#1790 = DIRECTION ( 'NONE',  ( -1.000000000000000000, 0.000000000000000000, 0.000000000000000000 ) ) ;
#1791 = DIRECTION ( 'NONE',  ( 1.000000000000000000, 0.000000000000000000, 0.000000000000000000 ) ) ;
#1792 = CYLINDRICAL_SURFACE ( 'NONE', #5441, 1.000000000000000888 ) ;
#1793 = EDGE_CURVE ( 'NONE', #2584, #717, #1326, .T. ) ;
#1794 = VECTOR ( 'NONE', #5674, 1000.000000000000000 ) ;
#1795 = ORIENTED_EDGE ( 'NONE', *, *, #4791, .T. ) ;
#1796 = DIRECTION ( 'NONE',  ( -2.312964634635742464E-16, -1.000000000000000000, 0.000000000000000000 ) ) ;
#1797 = VERTEX_POINT ( 'NONE', #5768 ) ;
#1798 = ORIENTED_EDGE ( 'NONE', *, *, #2066, .F. ) ;
#1799 = EDGE_LOOP ( 'NONE', ( #911, #5413, #4599, #5835 ) ) ;
#1800 = FACE_OUTER_BOUND ( 'NONE', #3536, .T. ) ;
#1801 = DIRECTION ( 'NONE',  ( -4.625929269271484928E-16, 1.000000000000000000, -0.000000000000000000 ) ) ;
#1802 = CARTESIAN_POINT ( 'NONE',  ( 25.98578643762691343, -24.25000000000001421, 58.31421356237309794 ) ) ;
#1803 = VERTEX_POINT ( 'NONE', #3351 ) ;
#1804 = EDGE_CURVE ( 'NONE', #1190, #1703, #3726, .T. ) ;
#1805 = CARTESIAN_POINT ( 'NONE',  ( 30.00000000000000000, -18.00000000000000000, 5.499999999999998224 ) ) ;
#1806 = EDGE_CURVE ( 'NONE', #568, #3634, #1116, .T. ) ;
#1807 = CIRCLE ( 'NONE', #1341, 2.000000000000001776 ) ;
#1808 = CARTESIAN_POINT ( 'NONE',  ( 0.5000000000000017764, 6.249999999999996447, -77.50000000000000000 ) ) ;
#1809 = EDGE_CURVE ( 'NONE', #1157, #689, #4835, .T. ) ;
#1810 = DIRECTION ( 'NONE',  ( 0.000000000000000000, 0.000000000000000000, 1.000000000000000000 ) ) ;
#1811 = ORIENTED_EDGE ( 'NONE', *, *, #5787, .T. ) ;
#1812 = CARTESIAN_POINT ( 'NONE',  ( -24.50000000000000711, -23.25000000000000355, -3.563508326896292822 ) ) ;
#1813 = VECTOR ( 'NONE', #5853, 1000.000000000000000 ) ;
#1814 = DIRECTION ( 'NONE',  ( 1.000000000000000000, -1.156482317317871478E-16, 0.000000000000000000 ) ) ;
#1815 = CIRCLE ( 'NONE', #3136, 10.00000000000000178 ) ;
#1816 = ORIENTED_EDGE ( 'NONE', *, *, #4533, .T. ) ;
#1817 = DIRECTION ( 'NONE',  ( 1.000000000000000000, 0.000000000000000000, 0.000000000000000000 ) ) ;
#1818 = ORIENTED_EDGE ( 'NONE', *, *, #1843, .T. ) ;
#1819 = DIRECTION ( 'NONE',  ( -1.000000000000000000, 1.156482317317871478E-16, 0.000000000000000000 ) ) ;
#1820 = AXIS2_PLACEMENT_3D ( 'NONE', #3562, #3077, #4935 ) ;
#1821 = AXIS2_PLACEMENT_3D ( 'NONE', #3518, #2103, #807 ) ;
#1822 = DIRECTION ( 'NONE',  ( -2.312964634635742957E-16, -1.000000000000000000, 0.000000000000000000 ) ) ;
#1823 = EDGE_CURVE ( 'NONE', #90, #4872, #1578, .T. ) ;
#1824 = DIRECTION ( 'NONE',  ( -0.000000000000000000, -0.000000000000000000, -1.000000000000000000 ) ) ;
#1825 = CIRCLE ( 'NONE', #4957, 1.000000000000000888 ) ;
#1826 = CARTESIAN_POINT ( 'NONE',  ( -36.50000000000000000, -23.25000000000000355, -2.500000000000000444 ) ) ;
#1827 = ORIENTED_EDGE ( 'NONE', *, *, #5295, .T. ) ;
#1828 = ORIENTED_EDGE ( 'NONE', *, *, #2155, .T. ) ;
#1829 = CARTESIAN_POINT ( 'NONE',  ( -16.50000000000000355, 24.24999999999998579, 17.65000000000000924 ) ) ;
#1830 = EDGE_CURVE ( 'NONE', #2720, #1746, #2931, .T. ) ;
#1831 = DIRECTION ( 'NONE',  ( -1.000000000000000000, 0.000000000000000000, 0.000000000000000000 ) ) ;
#1832 = DIRECTION ( 'NONE',  ( -2.312964634635742464E-16, -1.000000000000000000, 0.000000000000000000 ) ) ;
#1833 = ORIENTED_EDGE ( 'NONE', *, *, #662, .F. ) ;
#1834 = LINE ( 'NONE', #1428, #422 ) ;
#1835 = ORIENTED_EDGE ( 'NONE', *, *, #5404, .F. ) ;
#1836 = AXIS2_PLACEMENT_3D ( 'NONE', #2953, #2545, #2436 ) ;
#1837 = CARTESIAN_POINT ( 'NONE',  ( -37.50000000000000000, -23.83578643762690774, 5.500000000000000888 ) ) ;
#1838 = FACE_BOUND ( 'NONE', #5196, .T. ) ;
#1839 = VECTOR ( 'NONE', #2466, 1000.000000000000000 ) ;
#1840 = ORIENTED_EDGE ( 'NONE', *, *, #5226, .T. ) ;
#1841 = FACE_OUTER_BOUND ( 'NONE', #2728, .T. ) ;
#1842 = ORIENTED_EDGE ( 'NONE', *, *, #2339, .T. ) ;
#1843 = EDGE_CURVE ( 'NONE', #2859, #2749, #4070, .T. ) ;
#1844 = CARTESIAN_POINT ( 'NONE',  ( 23.50000000000000000, -24.25000000000001066, 51.50000000000000711 ) ) ;
#1845 = CARTESIAN_POINT ( 'NONE',  ( -2.506762836754401424E-15, 12.24999999999998934, 7.700000000000018829 ) ) ;
#1846 = TOROIDAL_SURFACE ( 'NONE', #4225, 2.000000000000000000, 1.000000000000000000 ) ;
#1847 = CARTESIAN_POINT ( 'NONE',  ( 34.49999999999999289, -12.25000000000000178, 10.70000000000002061 ) ) ;
#1848 = EDGE_LOOP ( 'NONE', ( #3618, #3296, #3716, #4290 ) ) ;
#1849 = CARTESIAN_POINT ( 'NONE',  ( 37.50000000000002842, -81.25877125495691189, 60.50000000000000000 ) ) ;
#1850 = DIRECTION ( 'NONE',  ( 1.000000000000000000, -2.312964634635742957E-16, 0.000000000000000000 ) ) ;
#1851 = LINE ( 'NONE', #4049, #1465 ) ;
#1852 = EDGE_CURVE ( 'NONE', #1928, #821, #24, .T. ) ;
#1853 = CARTESIAN_POINT ( 'NONE',  ( 18.17572462851734016, 24.24999999999999289, 44.57774757614083683 ) ) ;
#1854 = ORIENTED_EDGE ( 'NONE', *, *, #912, .F. ) ;
#1855 = ORIENTED_EDGE ( 'NONE', *, *, #3127, .T. ) ;
#1856 = DIRECTION ( 'NONE',  ( -1.000000000000000000, 0.000000000000000000, 0.000000000000000000 ) ) ;
#1857 = EDGE_CURVE ( 'NONE', #4847, #5307, #2550, .T. ) ;
#1858 = CARTESIAN_POINT ( 'NONE',  ( 22.50000000000000000, 12.24999999999999645, 10.70000000000001883 ) ) ;
#1859 = DIRECTION ( 'NONE',  ( 1.000000000000000000, -2.331034670843834040E-16, 0.000000000000000000 ) ) ;
#1860 = ORIENTED_EDGE ( 'NONE', *, *, #5223, .T. ) ;
#1861 = CARTESIAN_POINT ( 'NONE',  ( 33.91421356237308515, -24.25000000000001421, 2.814213562373093058 ) ) ;
#1862 = VERTEX_POINT ( 'NONE', #4485 ) ;
#1863 = AXIS2_PLACEMENT_3D ( 'NONE', #3939, #1684, #276 ) ;
#1864 = CIRCLE ( 'NONE', #1584, 3.000000000000002665 ) ;
#1865 = CARTESIAN_POINT ( 'NONE',  ( 20.49999999999999645, -12.25000000000001421, 43.99519656731665407 ) ) ;
#1866 = DIRECTION ( 'NONE',  ( 1.000000000000000000, -1.284980352575412453E-16, 0.000000000000000000 ) ) ;
#1867 = EDGE_LOOP ( 'NONE', ( #3331, #214, #1293, #1197 ) ) ;
#1868 = LINE ( 'NONE', #5111, #1194 ) ;
#1869 = ORIENTED_EDGE ( 'NONE', *, *, #2372, .F. ) ;
#1870 =( BOUNDED_CURVE ( )  B_SPLINE_CURVE ( 3, ( #47, #79, #1837, #4570 ),
 .UNSPECIFIED., .F., .F. ) 
 B_SPLINE_CURVE_WITH_KNOTS ( ( 4, 4 ),
 ( 4.712388980384689674, 6.283185307179586232 ),
 .UNSPECIFIED. ) 
 CURVE ( )  GEOMETRIC_REPRESENTATION_ITEM ( )  RATIONAL_B_SPLINE_CURVE ( ( 1.000000000000000000, 0.8047378541243649375, 0.8047378541243649375, 1.000000000000000000 ) ) 
 REPRESENTATION_ITEM ( '' )  );
#1871 = EDGE_CURVE ( 'NONE', #3028, #582, #3560, .T. ) ;
#1872 = CARTESIAN_POINT ( 'NONE',  ( -18.50000000000001066, 12.25000000000000000, 33.70166666666662536 ) ) ;
#1873 = CARTESIAN_POINT ( 'NONE',  ( 35.50000000000000000, -23.25000000000001066, 4.500000000000000000 ) ) ;
#1874 = ORIENTED_EDGE ( 'NONE', *, *, #2028, .F. ) ;
#1875 = EDGE_CURVE ( 'NONE', #2930, #143, #1754, .T. ) ;
#1876 = CARTESIAN_POINT ( 'NONE',  ( -33.49999999999997868, 33.75000000000001421, -2.400000000000001688 ) ) ;
#1877 = ORIENTED_EDGE ( 'NONE', *, *, #3981, .T. ) ;
#1878 = CARTESIAN_POINT ( 'NONE',  ( 24.50000000000000000, -23.25000000000001066, 3.499999999999999556 ) ) ;
#1879 = EDGE_CURVE ( 'NONE', #5609, #3998, #442, .T. ) ;
#1880 = DIRECTION ( 'NONE',  ( 1.000000000000000000, 0.000000000000000000, 0.000000000000000000 ) ) ;
#1881 = DIRECTION ( 'NONE',  ( -5.701898048196685666E-48, 2.465190328815661892E-32, 1.000000000000000000 ) ) ;
#1882 = EDGE_CURVE ( 'NONE', #846, #2211, #3108, .T. ) ;
#1883 = ADVANCED_FACE ( 'NONE', ( #3171 ), #2257, .F. ) ;
#1884 = CYLINDRICAL_SURFACE ( 'NONE', #2754, 10.00000000000000000 ) ;
#1885 = ORIENTED_EDGE ( 'NONE', *, *, #3101, .T. ) ;
#1886 = ORIENTED_EDGE ( 'NONE', *, *, #4749, .T. ) ;
#1887 = DIRECTION ( 'NONE',  ( -0.000000000000000000, -0.000000000000000000, 1.000000000000000000 ) ) ;
#1888 = DIRECTION ( 'NONE',  ( 1.000000000000000000, 0.000000000000000000, 0.000000000000000000 ) ) ;
#1889 = VECTOR ( 'NONE', #3144, 1000.000000000000000 ) ;
#1890 = CARTESIAN_POINT ( 'NONE',  ( -37.50000000000000000, -12.25000000000000178, 5.500000000000000000 ) ) ;
#1891 = DIRECTION ( 'NONE',  ( 1.000000000000000000, -2.349104707051927095E-16, 0.000000000000000000 ) ) ;
#1892 = VECTOR ( 'NONE', #5652, 1000.000000000000000 ) ;
#1893 = ORIENTED_EDGE ( 'NONE', *, *, #2698, .T. ) ;
#1894 = DIRECTION ( 'NONE',  ( -2.312964634635742464E-16, -1.000000000000000000, 0.000000000000000000 ) ) ;
#1895 = ORIENTED_EDGE ( 'NONE', *, *, #1961, .F. ) ;
#1896 = AXIS2_PLACEMENT_3D ( 'NONE', #4077, #5450, #5568 ) ;
#1897 = CARTESIAN_POINT ( 'NONE',  ( -13.00000000000006395, 0.2499999999999945322, -12.50000000000000000 ) ) ;
#1898 = CARTESIAN_POINT ( 'NONE',  ( -37.50000000000000000, -12.25000000000000178, -5.500000000000000000 ) ) ;
#1899 = VERTEX_POINT ( 'NONE', #2281 ) ;
#1900 = ORIENTED_EDGE ( 'NONE', *, *, #5003, .T. ) ;
#1901 = CARTESIAN_POINT ( 'NONE',  ( 34.49999999999999289, 12.24999999999999822, 7.700000000000018829 ) ) ;
#1902 = ORIENTED_EDGE ( 'NONE', *, *, #2239, .T. ) ;
#1903 = EDGE_CURVE ( 'NONE', #3475, #3767, #293, .T. ) ;
#1904 = EDGE_CURVE ( 'NONE', #2867, #5445, #703, .T. ) ;
#1905 = DIRECTION ( 'NONE',  ( -0.000000000000000000, -0.000000000000000000, -1.000000000000000000 ) ) ;
#1906 = DIRECTION ( 'NONE',  ( -1.000000000000000000, -0.000000000000000000, -0.000000000000000000 ) ) ;
#1907 =( BOUNDED_CURVE ( )  B_SPLINE_CURVE ( 3, ( #194, #1983, #3838, #5166 ),
 .UNSPECIFIED., .F., .F. ) 
 B_SPLINE_CURVE_WITH_KNOTS ( ( 4, 4 ),
 ( 4.965069235526762270, 6.283185307179586232 ),
 .UNSPECIFIED. ) 
 CURVE ( )  GEOMETRIC_REPRESENTATION_ITEM ( )  RATIONAL_B_SPLINE_CURVE ( ( 1.000000000000000000, 0.8603796100280619585, 0.8603796100280619585, 1.000000000000000000 ) ) 
 REPRESENTATION_ITEM ( '' )  );
#1908 = CARTESIAN_POINT ( 'NONE',  ( -23.99999999999999289, 0.2499999999999979461, -5.500000000000000000 ) ) ;
#1909 = VECTOR ( 'NONE', #3927, 1000.000000000000000 ) ;
#1910 = ORIENTED_EDGE ( 'NONE', *, *, #1941, .T. ) ;
#1911 = DIRECTION ( 'NONE',  ( 2.312964634635742464E-16, 1.000000000000000000, 0.000000000000000000 ) ) ;
#1912 = DIRECTION ( 'NONE',  ( -0.000000000000000000, 0.000000000000000000, -1.000000000000000000 ) ) ;
#1913 = DIRECTION ( 'NONE',  ( 2.312964634635742464E-16, 1.000000000000000000, 0.000000000000000000 ) ) ;
#1914 = CARTESIAN_POINT ( 'NONE',  ( 19.14855074296530191, 24.24999999999999289, -3.019858152799183628E-31 ) ) ;
#1915 = AXIS2_PLACEMENT_3D ( 'NONE', #4534, #3545, #859 ) ;
#1916 = VERTEX_POINT ( 'NONE', #4038 ) ;
#1917 = ORIENTED_EDGE ( 'NONE', *, *, #3307, .T. ) ;
#1918 = DIRECTION ( 'NONE',  ( 1.000000000000000000, 0.000000000000000000, 0.000000000000000000 ) ) ;
#1919 = CARTESIAN_POINT ( 'NONE',  ( 3.000000000000003553, 6.249999999999997335, -7.000000000000000000 ) ) ;
#1920 = DIRECTION ( 'NONE',  ( -1.000000000000000000, 0.000000000000000000, -0.000000000000000000 ) ) ;
#1921 = AXIS2_PLACEMENT_3D ( 'NONE', #1712, #3907, #1224 ) ;
#1922 = FACE_OUTER_BOUND ( 'NONE', #4188, .T. ) ;
#1923 = ORIENTED_EDGE ( 'NONE', *, *, #1170, .F. ) ;
#1924 = DIRECTION ( 'NONE',  ( -1.000000000000000000, 0.000000000000000000, 0.000000000000000000 ) ) ;
#1925 = ORIENTED_EDGE ( 'NONE', *, *, #4524, .T. ) ;
#1926 = DIRECTION ( 'NONE',  ( 0.000000000000000000, 0.000000000000000000, -1.000000000000000000 ) ) ;
#1927 = LINE ( 'NONE', #1431, #1937 ) ;
#1928 = VERTEX_POINT ( 'NONE', #3139 ) ;
#1929 = ORIENTED_EDGE ( 'NONE', *, *, #2365, .F. ) ;
#1930 = CARTESIAN_POINT ( 'NONE',  ( 37.50000000000000000, -23.25000000000001066, -5.500000000000000000 ) ) ;
#1931 = FACE_OUTER_BOUND ( 'NONE', #3695, .T. ) ;
#1932 = CIRCLE ( 'NONE', #4010, 3.000000000000002665 ) ;
#1933 = EDGE_CURVE ( 'NONE', #952, #1588, #1053, .T. ) ;
#1934 = VECTOR ( 'NONE', #398, 1000.000000000000000 ) ;
#1935 = CARTESIAN_POINT ( 'NONE',  ( 25.50000000000000000, -6.651451691154806056, 50.70166666666662536 ) ) ;
#1936 = LINE ( 'NONE', #3712, #1266 ) ;
#1937 = VECTOR ( 'NONE', #104, 1000.000000000000000 ) ;
#1938 = CIRCLE ( 'NONE', #2413, 0.9999999999999974465 ) ;
#1939 = ORIENTED_EDGE ( 'NONE', *, *, #1793, .F. ) ;
#1940 = FACE_OUTER_BOUND ( 'NONE', #3163, .T. ) ;
#1941 = EDGE_CURVE ( 'NONE', #3952, #2271, #4455, .T. ) ;
#1942 = CARTESIAN_POINT ( 'NONE',  ( 19.94895788082819266, -2.198957880828218858, 5.551042119171813560 ) ) ;
#1943 = DIRECTION ( 'NONE',  ( -1.000000000000000000, -2.312964634635743450E-16, 0.000000000000000000 ) ) ;
#1944 = AXIS2_PLACEMENT_3D ( 'NONE', #32, #1822, #3629 ) ;
#1945 = CARTESIAN_POINT ( 'NONE',  ( 25.50000000000000000, 24.24999999999999645, 7.700000000000018829 ) ) ;
#1946 = CARTESIAN_POINT ( 'NONE',  ( -2.312964634635744239E-15, -23.25000000000000711, 4.499999999999996447 ) ) ;
#1947 = ORIENTED_EDGE ( 'NONE', *, *, #4678, .F. ) ;
#1948 = VERTEX_POINT ( 'NONE', #1256 ) ;
#1949 = DIRECTION ( 'NONE',  ( 1.000000000000000000, -0.000000000000000000, -0.000000000000000000 ) ) ;
#1950 = DIRECTION ( 'NONE',  ( 1.000000000000000000, 0.000000000000000000, 0.000000000000000000 ) ) ;
#1951 = LINE ( 'NONE', #132, #4097 ) ;
#1952 = CARTESIAN_POINT ( 'NONE',  ( 33.91421356237308515, -24.25000000000001421, -2.814213562373096167 ) ) ;
#1953 = VERTEX_POINT ( 'NONE', #3049 ) ;
#1954 = CARTESIAN_POINT ( 'NONE',  ( -25.49999999999999645, -24.25000000000000355, -3.400000000000001688 ) ) ;
#1955 = ORIENTED_EDGE ( 'NONE', *, *, #2498, .F. ) ;
#1956 = EDGE_CURVE ( 'NONE', #4872, #1295, #406, .T. ) ;
#1957 = EDGE_CURVE ( 'NONE', #4826, #4580, #819, .T. ) ;
#1958 = ADVANCED_FACE ( 'NONE', ( #1784 ), #1724, .T. ) ;
#1959 = DIRECTION ( 'NONE',  ( 0.000000000000000000, 0.000000000000000000, 1.000000000000000000 ) ) ;
#1960 = CARTESIAN_POINT ( 'NONE',  ( 8.999999999999991118, 12.24999999999999289, -2.500000000000000444 ) ) ;
#1961 = EDGE_CURVE ( 'NONE', #2256, #4465, #5348, .T. ) ;
#1962 = ORIENTED_EDGE ( 'NONE', *, *, #537, .F. ) ;
#1963 = CC_DESIGN_PERSON_AND_ORGANIZATION_ASSIGNMENT ( #5146, #4700, ( #4503 ) ) ;
#1964 = AXIS2_PLACEMENT_3D ( 'NONE', #2626, #2540, #5334 ) ;
#1965 = VECTOR ( 'NONE', #5604, 1000.000000000000000 ) ;
#1966 = LINE ( 'NONE', #1498, #2763 ) ;
#1967 = FACE_OUTER_BOUND ( 'NONE', #3468, .T. ) ;
#1968 = ORIENTED_EDGE ( 'NONE', *, *, #1163, .T. ) ;
#1969 = DIRECTION ( 'NONE',  ( 0.000000000000000000, 0.000000000000000000, 1.000000000000000000 ) ) ;
#1970 = ORIENTED_EDGE ( 'NONE', *, *, #4095, .T. ) ;
#1971 = DIRECTION ( 'NONE',  ( -1.284980352575412699E-16, -1.000000000000000000, -0.000000000000000000 ) ) ;
#1972 = CIRCLE ( 'NONE', #4253, 1.500000000000001332 ) ;
#1973 = FACE_OUTER_BOUND ( 'NONE', #2071, .T. ) ;
#1974 = ADVANCED_FACE ( 'NONE', ( #4007 ), #2664, .T. ) ;
#1975 = FACE_OUTER_BOUND ( 'NONE', #5797, .T. ) ;
#1976 = FACE_OUTER_BOUND ( 'NONE', #2161, .T. ) ;
#1977 = ORIENTED_EDGE ( 'NONE', *, *, #3864, .T. ) ;
#1978 = VERTEX_POINT ( 'NONE', #1407 ) ;
#1979 = CARTESIAN_POINT ( 'NONE',  ( -2.506762836754401424E-15, 12.24999999999998934, 7.700000000000018829 ) ) ;
#1980 = DIRECTION ( 'NONE',  ( -1.000000000000000000, 0.000000000000000000, 0.000000000000000000 ) ) ;
#1981 = CYLINDRICAL_SURFACE ( 'NONE', #4012, 1.000000000000000888 ) ;
#1982 = EDGE_CURVE ( 'NONE', #1204, #273, #3746, .T. ) ;
#1983 = CARTESIAN_POINT ( 'NONE',  ( -23.08113883008419620, -5.331138830084238833, 5.262751066095963992 ) ) ;
#1984 = ORIENTED_EDGE ( 'NONE', *, *, #3470, .T. ) ;
#1985 = DIRECTION ( 'NONE',  ( -2.312964634635743450E-16, 1.000000000000000000, 0.000000000000000000 ) ) ;
#1986 = ADVANCED_FACE ( 'NONE', ( #3841 ), #1055, .F. ) ;
#1987 = ORIENTED_EDGE ( 'NONE', *, *, #3033, .F. ) ;
#1988 = AXIS2_PLACEMENT_3D ( 'NONE', #631, #3555, #4622 ) ;
#1989 = CARTESIAN_POINT ( 'NONE',  ( 22.50000000000000000, -12.25000000000000355, -3.499999999999999556 ) ) ;
#1990 = EDGE_CURVE ( 'NONE', #178, #1710, #908, .T. ) ;
#1991 = FACE_OUTER_BOUND ( 'NONE', #3048, .T. ) ;
#1992 = VERTEX_POINT ( 'NONE', #3198 ) ;
#1993 = ADVANCED_FACE ( 'NONE', ( #109 ), #4635, .T. ) ;
#1994 = EDGE_CURVE ( 'NONE', #1233, #5193, #4127, .T. ) ;
#1995 = CARTESIAN_POINT ( 'NONE',  ( 7.575878386303659617, 2.249999999999989786, -4.370699069021333649 ) ) ;
#1996 = CALENDAR_DATE ( 2026, 7, 5 ) ;
#1997 = ORIENTED_EDGE ( 'NONE', *, *, #1620, .F. ) ;
#1998 = CARTESIAN_POINT ( 'NONE',  ( -18.50000000000001066, 12.25000000000000000, 22.70000000000001705 ) ) ;
#1999 = EDGE_LOOP ( 'NONE', ( #2599, #2416, #2352, #1068 ) ) ;
#2000 = CARTESIAN_POINT ( 'NONE',  ( 20.49999999999997513, -2.750000000000012879, 5.500000000000000000 ) ) ;
#2001 = DIRECTION ( 'NONE',  ( 1.000000000000000000, 2.891205793294679312E-16, 0.000000000000000000 ) ) ;
#2002 = CARTESIAN_POINT ( 'NONE',  ( 16.14855074296530191, 24.24999999999999645, 46.78920999674306813 ) ) ;
#2003 = FACE_OUTER_BOUND ( 'NONE', #2159, .T. ) ;
#2004 = ORIENTED_EDGE ( 'NONE', *, *, #3911, .T. ) ;
#2005 = ORIENTED_EDGE ( 'NONE', *, *, #818, .F. ) ;
#2006 = LINE ( 'NONE', #2036, #2439 ) ;
#2007 = EDGE_CURVE ( 'NONE', #3074, #1142, #1715, .T. ) ;
#2008 = CARTESIAN_POINT ( 'NONE',  ( 1.865076093737299378E-15, -6.651451691154806056, 50.70166666666662536 ) ) ;
#2009 = CARTESIAN_POINT ( 'NONE',  ( -24.00000000000001066, 12.24999999999999645, 5.500000000000000000 ) ) ;
#2010 = CARTESIAN_POINT ( 'NONE',  ( 30.00000000000000000, -18.00000000000000000, -5.499999999999998224 ) ) ;
#2011 = VECTOR ( 'NONE', #1391, 1000.000000000000000 ) ;
#2012 = ORIENTED_EDGE ( 'NONE', *, *, #4079, .F. ) ;
#2013 = CARTESIAN_POINT ( 'NONE',  ( 22.50000000000000000, -12.25000000000000355, 33.70166666666662536 ) ) ;
#2014 = ORIENTED_EDGE ( 'NONE', *, *, #1275, .T. ) ;
#2015 = EDGE_CURVE ( 'NONE', #739, #5551, #4745, .T. ) ;
#2016 = VECTOR ( 'NONE', #2601, 1000.000000000000000 ) ;
#2017 = CARTESIAN_POINT ( 'NONE',  ( 37.50000000000000000, -23.25000000000001066, 3.499999999999999556 ) ) ;
#2018 = CARTESIAN_POINT ( 'NONE',  ( 12.97786016257262176, -6.651451691154803392, 50.70166666666662536 ) ) ;
#2019 = ORIENTED_EDGE ( 'NONE', *, *, #2612, .F. ) ;
#2020 = AXIS2_PLACEMENT_3D ( 'NONE', #5765, #5261, #2549 ) ;
#2021 = VECTOR ( 'NONE', #940, 1000.000000000000000 ) ;
#2022 = DIRECTION ( 'NONE',  ( -1.000000000000000000, 1.284980352575412453E-16, 1.156482317317872465E-16 ) ) ;
#2023 = DIRECTION ( 'NONE',  ( -1.000000000000000000, 0.000000000000000000, 0.000000000000000000 ) ) ;
#2024 = AXIS2_PLACEMENT_3D ( 'NONE', #677, #184, #3831 ) ;
#2025 = ORIENTED_EDGE ( 'NONE', *, *, #1349, .F. ) ;
#2026 = PLANE ( 'NONE',  #1132 ) ;
#2027 = DIRECTION ( 'NONE',  ( 2.312964634635743450E-16, -1.000000000000000000, -0.000000000000000000 ) ) ;
#2028 = EDGE_CURVE ( 'NONE', #4401, #4021, #2973, .T. ) ;
#2029 = CARTESIAN_POINT ( 'NONE',  ( 8.999999999999987566, 0.2499999999999894806, -12.50000000000000000 ) ) ;
#2030 = AXIS2_PLACEMENT_3D ( 'NONE', #665, #3430, #3820 ) ;
#2031 = VECTOR ( 'NONE', #1538, 1000.000000000000000 ) ;
#2032 = CARTESIAN_POINT ( 'NONE',  ( -24.00000000000001066, 9.249999999999987566, 5.500000000000000000 ) ) ;
#2033 = DIRECTION ( 'NONE',  ( 0.000000000000000000, 1.000000000000000000, 0.000000000000000000 ) ) ;
#2034 = ORIENTED_EDGE ( 'NONE', *, *, #3020, .F. ) ;
#2035 = VERTEX_POINT ( 'NONE', #82 ) ;
#2036 = CARTESIAN_POINT ( 'NONE',  ( 23.50000000000000000, -24.25000000000001066, 0.000000000000000000 ) ) ;
#2037 = PRODUCT_DEFINITION_FORMATION_WITH_SPECIFIED_SOURCE ( 'ä»', '', #63, .NOT_KNOWN. ) ;
#2038 = CYLINDRICAL_SURFACE ( 'NONE', #4217, 1.000000000000000888 ) ;
#2039 = FACE_OUTER_BOUND ( 'NONE', #4565, .T. ) ;
#2040 = DIRECTION ( 'NONE',  ( 2.312964634635743943E-16, -1.000000000000000000, 5.473822126268816683E-48 ) ) ;
#2041 = ORIENTED_EDGE ( 'NONE', *, *, #3891, .T. ) ;
#2042 = DIRECTION ( 'NONE',  ( -2.312964634635742464E-16, -1.000000000000000000, 0.000000000000000000 ) ) ;
#2043 = DIRECTION ( 'NONE',  ( -0.000000000000000000, -0.000000000000000000, -1.000000000000000000 ) ) ;
#2044 = CARTESIAN_POINT ( 'NONE',  ( -12.99999999999994849, 12.24999999999999467, 12.50000000000000000 ) ) ;
#2045 = CARTESIAN_POINT ( 'NONE',  ( 24.50000000000000000, -2.750000000000013323, 46.50000000000000000 ) ) ;
#2046 = DIRECTION ( 'NONE',  ( 1.000000000000000000, -1.284980352575412453E-16, -0.000000000000000000 ) ) ;
#2047 = VERTEX_POINT ( 'NONE', #2810 ) ;
#2048 = CARTESIAN_POINT ( 'NONE',  ( 19.61858778658041658, 0.2499999999999869826, 16.50333055812508221 ) ) ;
#2049 = DIRECTION ( 'NONE',  ( 0.000000000000000000, 0.000000000000000000, 1.000000000000000000 ) ) ;
#2050 = ORIENTED_EDGE ( 'NONE', *, *, #3757, .F. ) ;
#2051 = DIRECTION ( 'NONE',  ( 2.312964634635742957E-16, 1.000000000000000000, -0.000000000000000000 ) ) ;
#2052 = AXIS2_PLACEMENT_3D ( 'NONE', #3870, #5691, #3425 ) ;
#2053 = ADVANCED_FACE ( 'NONE', ( #1159 ), #2948, .F. ) ;
#2054 = CARTESIAN_POINT ( 'NONE',  ( 34.49999999999999289, -23.25000000000001066, -5.500000000000000000 ) ) ;
#2055 = VECTOR ( 'NONE', #1033, 1000.000000000000000 ) ;
#2056 = FACE_OUTER_BOUND ( 'NONE', #2737, .T. ) ;
#2057 = EDGE_CURVE ( 'NONE', #3998, #1978, #1868, .T. ) ;
#2058 = CARTESIAN_POINT ( 'NONE',  ( 15.00000000000000355, 0.2499999999999880651, -10.49999999999999112 ) ) ;
#2059 = ORIENTED_EDGE ( 'NONE', *, *, #2698, .F. ) ;
#2060 = VERTEX_POINT ( 'NONE', #581 ) ;
#2061 = LINE ( 'NONE', #5210, #1401 ) ;
#2062 = EDGE_CURVE ( 'NONE', #824, #1710, #4507, .T. ) ;
#2063 = DIRECTION ( 'NONE',  ( 0.000000000000000000, -0.000000000000000000, 1.000000000000000000 ) ) ;
#2064 = AXIS2_PLACEMENT_3D ( 'NONE', #3308, #5130, #5037 ) ;
#2065 = ADVANCED_FACE ( 'NONE', ( #51 ), #4190, .T. ) ;
#2066 = EDGE_CURVE ( 'NONE', #4465, #2373, #5052, .T. ) ;
#2067 = DIRECTION ( 'NONE',  ( 1.284980352575412699E-16, 1.000000000000000000, 0.000000000000000000 ) ) ;
#2068 = DIRECTION ( 'NONE',  ( -1.000000000000000000, 0.000000000000000000, 0.000000000000000000 ) ) ;
#2069 = EDGE_LOOP ( 'NONE', ( #1421, #2278, #3063, #4037, #3002 ) ) ;
#2070 = ORIENTED_EDGE ( 'NONE', *, *, #1143, .F. ) ;
#2071 = EDGE_LOOP ( 'NONE', ( #5332, #3929, #3991, #4850 ) ) ;
#2072 = CARTESIAN_POINT ( 'NONE',  ( 22.50000000000001776, -23.25000000000000711, 60.50000000000000000 ) ) ;
#2073 = DIRECTION ( 'NONE',  ( 1.000000000000000000, -2.331034670843834533E-16, 0.000000000000000000 ) ) ;
#2074 = DIRECTION ( 'NONE',  ( 0.000000000000000000, 0.000000000000000000, 1.000000000000000000 ) ) ;
#2075 = CYLINDRICAL_SURFACE ( 'NONE', #5346, 1.000000000000000000 ) ;
#2076 = EDGE_LOOP ( 'NONE', ( #634, #4324 ) ) ;
#2077 = CARTESIAN_POINT ( 'NONE',  ( 30.99999999999999645, -18.00000000000000000, 60.50000000000000000 ) ) ;
#2078 = ADVANCED_FACE ( 'NONE', ( #1841 ), #5466, .F. ) ;
#2079 = LINE ( 'NONE', #4817, #3336 ) ;
#2080 = CYLINDRICAL_SURFACE ( 'NONE', #5353, 1.000000000000000888 ) ;
#2081 = VECTOR ( 'NONE', #3376, 1000.000000000000000 ) ;
#2082 = AXIS2_PLACEMENT_3D ( 'NONE', #2968, #1609, #326 ) ;
#2083 = ORIENTED_EDGE ( 'NONE', *, *, #3405, .F. ) ;
#2084 = CARTESIAN_POINT ( 'NONE',  ( 26.49999999999998934, -23.25000000000001421, -2.400000000000001688 ) ) ;
#2085 = EDGE_CURVE ( 'NONE', #2640, #4755, #2438, .T. ) ;
#2086 = EDGE_CURVE ( 'NONE', #2909, #336, #1676, .T. ) ;
#2087 = CARTESIAN_POINT ( 'NONE',  ( 22.50000000000000355, 12.24999999999999645, -3.019858152799183628E-31 ) ) ;
#2088 = VECTOR ( 'NONE', #1943, 1000.000000000000000 ) ;
#2089 = ORIENTED_EDGE ( 'NONE', *, *, #4879, .F. ) ;
#2090 = CARTESIAN_POINT ( 'NONE',  ( -2.804469619495839845E-15, -24.25000000000000711, 59.50000000000000000 ) ) ;
#2091 = ORIENTED_EDGE ( 'NONE', *, *, #301, .F. ) ;
#2092 = ORIENTED_EDGE ( 'NONE', *, *, #4662, .F. ) ;
#2093 = CARTESIAN_POINT ( 'NONE',  ( -22.50000000000000000, -4.750000000000035527, -3.563508326896292822 ) ) ;
#2094 = VECTOR ( 'NONE', #4521, 1000.000000000000114 ) ;
#2095 = LINE ( 'NONE', #4766, #5019 ) ;
#2096 = DIRECTION ( 'NONE',  ( 1.000000000000000000, -2.312964634635742957E-16, 0.000000000000000000 ) ) ;
#2097 = DIRECTION ( 'NONE',  ( 0.000000000000000000, 0.000000000000000000, -1.000000000000000000 ) ) ;
#2098 = VERTEX_POINT ( 'NONE', #2185 ) ;
#2099 = ORIENTED_EDGE ( 'NONE', *, *, #2396, .T. ) ;
#2100 =( BOUNDED_CURVE ( )  B_SPLINE_CURVE ( 3, ( #2000, #3779, #1003, #1942 ),
 .UNSPECIFIED., .F., .F. ) 
 B_SPLINE_CURVE_WITH_KNOTS ( ( 4, 4 ),
 ( 1.570796326794896780, 1.755525891744772915 ),
 .UNSPECIFIED. ) 
 CURVE ( )  GEOMETRIC_REPRESENTATION_ITEM ( )  RATIONAL_B_SPLINE_CURVE ( ( 1.000000000000000000, 0.9971582701412341487, 0.9971582701412341487, 1.000000000000000000 ) ) 
 REPRESENTATION_ITEM ( '' )  );
#2101 = DIRECTION ( 'NONE',  ( 0.000000000000000000, 1.000000000000000000, 0.000000000000000000 ) ) ;
#2102 = VECTOR ( 'NONE', #4878, 1000.000000000000000 ) ;
#2103 = DIRECTION ( 'NONE',  ( 2.312964634635743450E-16, -1.000000000000000000, -0.000000000000000000 ) ) ;
#2104 = VECTOR ( 'NONE', #5648, 1000.000000000000000 ) ;
#2105 = LINE ( 'NONE', #867, #901 ) ;
#2106 = DIRECTION ( 'NONE',  ( -2.312964634635743450E-16, 1.000000000000000000, -0.000000000000000000 ) ) ;
#2107 = ORIENTED_EDGE ( 'NONE', *, *, #3871, .T. ) ;
#2108 = VECTOR ( 'NONE', #1757, 1000.000000000000000 ) ;
#2109 = VECTOR ( 'NONE', #3068, 1000.000000000000000 ) ;
#2110 = FACE_OUTER_BOUND ( 'NONE', #3345, .T. ) ;
#2111 = DIRECTION ( 'NONE',  ( 0.000000000000000000, 0.000000000000000000, -1.000000000000000000 ) ) ;
#2112 = PERSON_AND_ORGANIZATION ( #3621, #2781 ) ;
#2113 = AXIS2_PLACEMENT_3D ( 'NONE', #1995, #1603, #2844 ) ;
#2114 = ORIENTED_EDGE ( 'NONE', *, *, #4224, .T. ) ;
#2115 = ADVANCED_FACE ( 'NONE', ( #1657 ), #1273, .T. ) ;
#2116 = EDGE_LOOP ( 'NONE', ( #2824, #2929, #5728, #3937 ) ) ;
#2117 = CARTESIAN_POINT ( 'NONE',  ( 20.00000000000003197, 12.24999999999999645, -5.500000000000002665 ) ) ;
#2118 = DIRECTION ( 'NONE',  ( -1.000000000000000000, 0.000000000000000000, 0.000000000000000000 ) ) ;
#2119 = VECTOR ( 'NONE', #453, 1000.000000000000000 ) ;
#2120 = ORIENTED_EDGE ( 'NONE', *, *, #832, .F. ) ;
#2121 = EDGE_CURVE ( 'NONE', #2979, #2035, #182, .T. ) ;
#2122 = DIRECTION ( 'NONE',  ( 0.000000000000000000, 0.000000000000000000, 1.000000000000000000 ) ) ;
#2123 = EDGE_LOOP ( 'NONE', ( #3375, #679, #2059, #2493 ) ) ;
#2124 = ORIENTED_EDGE ( 'NONE', *, *, #1375, .T. ) ;
#2125 = CARTESIAN_POINT ( 'NONE',  ( 37.50000000000000000, 12.25000000000000000, -2.499999999999999556 ) ) ;
#2126 = AXIS2_PLACEMENT_3D ( 'NONE', #2171, #1810, #5848 ) ;
#2127 = DIRECTION ( 'NONE',  ( -2.312964634635742957E-16, -1.000000000000000000, 0.000000000000000000 ) ) ;
#2128 = VECTOR ( 'NONE', #5613, 1000.000000000000000 ) ;
#2129 = DIRECTION ( 'NONE',  ( 0.000000000000000000, 0.000000000000000000, 1.000000000000000000 ) ) ;
#2130 = CIRCLE ( 'NONE', #4594, 1.000000000000000000 ) ;
#2131 = ORIENTED_EDGE ( 'NONE', *, *, #3023, .T. ) ;
#2132 = ORIENTED_EDGE ( 'NONE', *, *, #3982, .T. ) ;
#2133 = ORIENTED_EDGE ( 'NONE', *, *, #3472, .T. ) ;
#2134 = DIRECTION ( 'NONE',  ( 1.000000000000000000, -2.303929616531696429E-16, 0.000000000000000000 ) ) ;
#2135 = DIRECTION ( 'NONE',  ( -2.312964634635742957E-16, -1.000000000000000000, 0.000000000000000000 ) ) ;
#2136 = PLANE ( 'NONE',  #4490 ) ;
#2137 = CIRCLE ( 'NONE', #2882, 1.500000000000001332 ) ;
#2138 = DIRECTION ( 'NONE',  ( -2.259648465249937489E-16, 1.000000000000000000, -2.465190328815661892E-32 ) ) ;
#2139 = EDGE_CURVE ( 'NONE', #3010, #4091, #5757, .T. ) ;
#2140 = ORIENTED_EDGE ( 'NONE', *, *, #1479, .F. ) ;
#2141 = EDGE_CURVE ( 'NONE', #1703, #3704, #306, .T. ) ;
#2142 = EDGE_CURVE ( 'NONE', #935, #1611, #3187, .T. ) ;
#2143 = CARTESIAN_POINT ( 'NONE',  ( -24.06763701038672565, -24.12519310573009435, 5.000848861009654200 ) ) ;
#2144 = PLANE ( 'NONE',  #2863 ) ;
#2145 = EDGE_CURVE ( 'NONE', #117, #5228, #1619, .T. ) ;
#2146 = ORIENTED_EDGE ( 'NONE', *, *, #4161, .T. ) ;
#2147 = DIRECTION ( 'NONE',  ( -2.312964634635742957E-16, -1.000000000000000000, 0.000000000000000000 ) ) ;
#2148 = CARTESIAN_POINT ( 'NONE',  ( -19.00000000000000000, 9.249999999999989342, 10.49999999999996447 ) ) ;
#2149 = ORIENTED_EDGE ( 'NONE', *, *, #5824, .T. ) ;
#2150 = CARTESIAN_POINT ( 'NONE',  ( -34.49999999999998579, -23.25000000000000000, -2.400000000000001688 ) ) ;
#2151 = VERTEX_POINT ( 'NONE', #1247 ) ;
#2152 = ORIENTED_EDGE ( 'NONE', *, *, #2561, .F. ) ;
#2153 = DIRECTION ( 'NONE',  ( -0.000000000000000000, 1.000000000000000000, 0.000000000000000000 ) ) ;
#2154 = AXIS2_PLACEMENT_3D ( 'NONE', #5775, #5273, #3004 ) ;
#2155 = EDGE_CURVE ( 'NONE', #5141, #4947, #3011, .T. ) ;
#2156 = CARTESIAN_POINT ( 'NONE',  ( 37.50000000000000000, 12.25000000000000000, 22.70000000000001705 ) ) ;
#2157 = CIRCLE ( 'NONE', #5760, 3.000000000000002665 ) ;
#2158 = CARTESIAN_POINT ( 'NONE',  ( 35.50000000000000000, -2.750000000000016875, 3.500000000000000444 ) ) ;
#2159 = EDGE_LOOP ( 'NONE', ( #1753, #1923, #4887, #3963 ) ) ;
#2160 = ORIENTED_EDGE ( 'NONE', *, *, #4989, .F. ) ;
#2161 = EDGE_LOOP ( 'NONE', ( #3696, #4833, #282, #2916, #687 ) ) ;
#2162 = CARTESIAN_POINT ( 'NONE',  ( 4.000000000000001776, 9.249999999999985789, 37.65000000000000568 ) ) ;
#2163 = ADVANCED_FACE ( 'NONE', ( #5253 ), #777, .F. ) ;
#2164 = DIRECTION ( 'NONE',  ( 1.000000000000000000, -2.168404344971009361E-16, 0.000000000000000000 ) ) ;
#2165 = AXIS2_PLACEMENT_3D ( 'NONE', #5703, #2903, #5739 ) ;
#2166 = CARTESIAN_POINT ( 'NONE',  ( 33.49999999999999289, 33.75000000000001421, -2.400000000000001688 ) ) ;
#2167 = EDGE_CURVE ( 'NONE', #4755, #5391, #3548, .T. ) ;
#2168 = ORIENTED_EDGE ( 'NONE', *, *, #839, .F. ) ;
#2169 = DIRECTION ( 'NONE',  ( -2.312964634635743450E-16, 1.000000000000000000, 0.000000000000000000 ) ) ;
#2170 = CARTESIAN_POINT ( 'NONE',  ( -24.50000000000000000, 0.2499999999999978906, 3.563508326896287937 ) ) ;
#2171 = CARTESIAN_POINT ( 'NONE',  ( 36.50000000000000000, -23.25000000000001066, 0.000000000000000000 ) ) ;
#2172 = EDGE_LOOP ( 'NONE', ( #4098, #5362, #5701, #3279, #3903 ) ) ;
#2173 = CARTESIAN_POINT ( 'NONE',  ( 1.865076093737299378E-15, -6.651451691154806056, 7.700000000000018829 ) ) ;
#2174 = CARTESIAN_POINT ( 'NONE',  ( 5.782411586589220574E-17, 0.2499999999999915623, 46.50000000000000000 ) ) ;
#2175 = ORIENTED_EDGE ( 'NONE', *, *, #4925, .F. ) ;
#2176 = PLANE ( 'NONE',  #393 ) ;
#2177 = ORIENTED_EDGE ( 'NONE', *, *, #3290, .T. ) ;
#2178 = ORIENTED_EDGE ( 'NONE', *, *, #2431, .T. ) ;
#2179 = CARTESIAN_POINT ( 'NONE',  ( -2.688821387764052574E-15, -23.25000000000000711, 51.89999999999999858 ) ) ;
#2180 = CARTESIAN_POINT ( 'NONE',  ( 24.50000000000000000, -23.25000000000001066, -5.500000000000000000 ) ) ;
#2181 = FACE_OUTER_BOUND ( 'NONE', #5118, .T. ) ;
#2182 = EDGE_LOOP ( 'NONE', ( #2391, #1360, #3710, #4336 ) ) ;
#2183 = ORIENTED_EDGE ( 'NONE', *, *, #1163, .F. ) ;
#2184 = ORIENTED_EDGE ( 'NONE', *, *, #2239, .F. ) ;
#2185 = CARTESIAN_POINT ( 'NONE',  ( -19.00000000000000355, -1.250000000000006217, -10.50000000000004441 ) ) ;
#2186 = ADVANCED_FACE ( 'NONE', ( #4442 ), #3462, .T. ) ;
#2187 = LINE ( 'NONE', #2218, #2759 ) ;
#2188 = ORIENTED_EDGE ( 'NONE', *, *, #1260, .T. ) ;
#2189 = CARTESIAN_POINT ( 'NONE',  ( 25.40000000000000213, -24.25000000000001066, 51.89999999999999858 ) ) ;
#2190 = ORIENTED_EDGE ( 'NONE', *, *, #1383, .F. ) ;
#2191 = ADVANCED_FACE ( 'NONE', ( #5280 ), #4391, .F. ) ;
#2192 = CARTESIAN_POINT ( 'NONE',  ( 1.865076093737299378E-15, -6.651451691154806056, 7.700000000000018829 ) ) ;
#2193 = LINE ( 'NONE', #1231, #5622 ) ;
#2194 = DIRECTION ( 'NONE',  ( -0.000000000000000000, -0.000000000000000000, 1.000000000000000000 ) ) ;
#2195 = CIRCLE ( 'NONE', #4569, 12.00000000000000000 ) ;
#2196 = ORIENTED_EDGE ( 'NONE', *, *, #3338, .T. ) ;
#2197 = DIRECTION ( 'NONE',  ( -2.312964634635743450E-16, 1.000000000000000000, 0.000000000000000000 ) ) ;
#2198 = DIRECTION ( 'NONE',  ( 0.000000000000000000, 1.000000000000000000, -0.000000000000000000 ) ) ;
#2199 = FACE_BOUND ( 'NONE', #5266, .T. ) ;
#2200 = AXIS2_PLACEMENT_3D ( 'NONE', #40, #3639, #5808 ) ;
#2201 = VECTOR ( 'NONE', #520, 1000.000000000000000 ) ;
#2202 = VERTEX_POINT ( 'NONE', #831 ) ;
#2203 = ADVANCED_FACE ( 'NONE', ( #4332 ), #4888, .T. ) ;
#2204 = EDGE_CURVE ( 'NONE', #3009, #4953, #3492, .T. ) ;
#2205 = DIRECTION ( 'NONE',  ( -1.000000000000000000, 0.000000000000000000, 0.000000000000000000 ) ) ;
#2206 = ORIENTED_EDGE ( 'NONE', *, *, #4353, .T. ) ;
#2207 = LINE ( 'NONE', #2758, #1500 ) ;
#2208 = EDGE_CURVE ( 'NONE', #4947, #3594, #931, .T. ) ;
#2209 = CARTESIAN_POINT ( 'NONE',  ( -26.49999999999998934, 12.24999999999999822, -5.500000000000000000 ) ) ;
#2210 = DIRECTION ( 'NONE',  ( -0.000000000000000000, -0.000000000000000000, -1.000000000000000000 ) ) ;
#2211 = VERTEX_POINT ( 'NONE', #3964 ) ;
#2212 = DIRECTION ( 'NONE',  ( -0.000000000000000000, -0.000000000000000000, 1.000000000000000000 ) ) ;
#2213 = ORIENTED_EDGE ( 'NONE', *, *, #5293, .T. ) ;
#2214 = EDGE_LOOP ( 'NONE', ( #81, #5696, #801, #3473 ) ) ;
#2215 = CARTESIAN_POINT ( 'NONE',  ( 25.50000000000000000, 12.24999999999999467, 50.70166666666662536 ) ) ;
#2216 = AXIS2_PLACEMENT_3D ( 'NONE', #3806, #154, #121 ) ;
#2217 = AXIS2_PLACEMENT_3D ( 'NONE', #1109, #1161, #2869 ) ;
#2218 = CARTESIAN_POINT ( 'NONE',  ( -14.99999999999999645, 12.24999999999999467, -8.000000000000000000 ) ) ;
#2219 = AXIS2_PLACEMENT_3D ( 'NONE', #5345, #1285, #3073 ) ;
#2220 = PLANE ( 'NONE',  #1376 ) ;
#2221 = VECTOR ( 'NONE', #5215, 1000.000000000000000 ) ;
#2222 = VERTEX_POINT ( 'NONE', #2072 ) ;
#2223 = LINE ( 'NONE', #4122, #2201 ) ;
#2224 = ORIENTED_EDGE ( 'NONE', *, *, #864, .F. ) ;
#2225 = VECTOR ( 'NONE', #5644, 1000.000000000000000 ) ;
#2226 = VECTOR ( 'NONE', #1287, 1000.000000000000000 ) ;
#2227 = DIRECTION ( 'NONE',  ( 0.000000000000000000, -1.000000000000000000, -0.000000000000000000 ) ) ;
#2228 = SECURITY_CLASSIFICATION_LEVEL ( 'unclassified' ) ;
#2229 = CARTESIAN_POINT ( 'NONE',  ( 33.49999999999998579, -23.25000000000001421, 2.399999999999998135 ) ) ;
#2230 = EDGE_LOOP ( 'NONE', ( #5357, #2083, #2114, #2321 ) ) ;
#2231 = CARTESIAN_POINT ( 'NONE',  ( 15.00000000000000355, 0.2499999999999880373, -10.49999999999999112 ) ) ;
#2232 = CARTESIAN_POINT ( 'NONE',  ( 26.49999999999999645, 33.75000000000001421, -2.400000000000001688 ) ) ;
#2233 = DIRECTION ( 'NONE',  ( -2.259648465249937489E-16, 1.000000000000000000, -2.465190328815661892E-32 ) ) ;
#2234 = ORIENTED_EDGE ( 'NONE', *, *, #299, .T. ) ;
#2235 = CARTESIAN_POINT ( 'NONE',  ( 37.50000000000000000, 21.25000000000000000, 33.70166666666662536 ) ) ;
#2236 = ORIENTED_EDGE ( 'NONE', *, *, #1694, .T. ) ;
#2237 = PLANE ( 'NONE',  #1307 ) ;
#2238 = LINE ( 'NONE', #1679, #5408 ) ;
#2239 = EDGE_CURVE ( 'NONE', #5049, #4256, #2899, .T. ) ;
#2240 = DIRECTION ( 'NONE',  ( -1.000000000000000000, -1.734723475976807094E-16, 1.040834085586084257E-15 ) ) ;
#2241 = VERTEX_POINT ( 'NONE', #4115 ) ;
#2242 = EDGE_CURVE ( 'NONE', #5805, #1797, #97, .T. ) ;
#2243 = DIRECTION ( 'NONE',  ( -0.4997224534895761128, -0.000000000000000000, -0.8661855860486010750 ) ) ;
#2244 = VERTEX_POINT ( 'NONE', #5393 ) ;
#2245 = ORIENTED_EDGE ( 'NONE', *, *, #3315, .F. ) ;
#2246 = CARTESIAN_POINT ( 'NONE',  ( -18.50000000000001066, 12.25000000000000000, 33.70166666666662536 ) ) ;
#2247 = AXIS2_PLACEMENT_3D ( 'NONE', #750, #3517, #4805 ) ;
#2248 = VECTOR ( 'NONE', #1731, 1000.000000000000000 ) ;
#2249 = ADVANCED_FACE ( 'NONE', ( #5455 ), #4980, .F. ) ;
#2250 = EDGE_CURVE ( 'NONE', #4484, #431, #465, .T. ) ;
#2251 = DIRECTION ( 'NONE',  ( 0.000000000000000000, 0.000000000000000000, 1.000000000000000000 ) ) ;
#2252 = VECTOR ( 'NONE', #451, 999.9999999999998863 ) ;
#2253 = EDGE_LOOP ( 'NONE', ( #1398, #2517, #2183, #5421 ) ) ;
#2254 = LINE ( 'NONE', #3703, #4201 ) ;
#2255 = DIRECTION ( 'NONE',  ( 0.000000000000000000, 0.000000000000000000, -1.000000000000000000 ) ) ;
#2256 = VERTEX_POINT ( 'NONE', #72 ) ;
#2257 = PLANE ( 'NONE',  #3310 ) ;
#2258 = EDGE_CURVE ( 'NONE', #3391, #2537, #556, .T. ) ;
#2259 = DIRECTION ( 'NONE',  ( 1.000000000000000000, 0.000000000000000000, -0.000000000000000000 ) ) ;
#2260 = EDGE_LOOP ( 'NONE', ( #5811, #1255 ) ) ;
#2261 = DIRECTION ( 'NONE',  ( 1.156482317317871478E-16, 1.000000000000000000, -0.000000000000000000 ) ) ;
#2262 = EDGE_CURVE ( 'NONE', #4390, #977, #4903, .T. ) ;
#2263 = EDGE_CURVE ( 'NONE', #2368, #1433, #3689, .T. ) ;
#2264 = EDGE_LOOP ( 'NONE', ( #1232, #5041, #3884, #5252 ) ) ;
#2265 = DIRECTION ( 'NONE',  ( 0.000000000000000000, 0.000000000000000000, 1.000000000000000000 ) ) ;
#2266 = VECTOR ( 'NONE', #3895, 1000.000000000000000 ) ;
#2267 = CARTESIAN_POINT ( 'NONE',  ( 3.000000000000003553, 6.249999999999996447, 8.000000000000000000 ) ) ;
#2268 = DIRECTION ( 'NONE',  ( 0.000000000000000000, 0.000000000000000000, -1.000000000000000000 ) ) ;
#2269 = VECTOR ( 'NONE', #4993, 1000.000000000000000 ) ;
#2270 = CARTESIAN_POINT ( 'NONE',  ( 16.14855074296530546, 9.249999999999996447, 46.78920999674306813 ) ) ;
#2271 = VERTEX_POINT ( 'NONE', #5009 ) ;
#2272 = ORIENTED_EDGE ( 'NONE', *, *, #1112, .T. ) ;
#2273 = DIRECTION ( 'NONE',  ( -1.000000000000000000, 0.000000000000000000, 0.000000000000000000 ) ) ;
#2274 = CARTESIAN_POINT ( 'NONE',  ( -30.00000000000000000, -18.00000000000000000, -5.499999999999998224 ) ) ;
#2275 = FACE_OUTER_BOUND ( 'NONE', #5265, .T. ) ;
#2276 = VERTEX_POINT ( 'NONE', #1829 ) ;
#2277 = FACE_OUTER_BOUND ( 'NONE', #1172, .T. ) ;
#2278 = ORIENTED_EDGE ( 'NONE', *, *, #321, .T. ) ;
#2279 = CARTESIAN_POINT ( 'NONE',  ( -24.14931018519559203, -24.25000000000000355, -4.499999999999999112 ) ) ;
#2280 = ORIENTED_EDGE ( 'NONE', *, *, #5612, .T. ) ;
#2281 = CARTESIAN_POINT ( 'NONE',  ( 35.50000000000000000, 0.2499999999999833744, 46.50000000000000000 ) ) ;
#2282 = CARTESIAN_POINT ( 'NONE',  ( 9.224360753997203233, 0.2499999999999894251, 22.50000000000000000 ) ) ;
#2283 = DIRECTION ( 'NONE',  ( 0.000000000000000000, 0.000000000000000000, 1.000000000000000000 ) ) ;
#2284 = FACE_OUTER_BOUND ( 'NONE', #4054, .T. ) ;
#2285 = AXIS2_PLACEMENT_3D ( 'NONE', #1946, #4234, #94 ) ;
#2286 = EDGE_CURVE ( 'NONE', #4366, #2401, #3845, .T. ) ;
#2287 = ORIENTED_EDGE ( 'NONE', *, *, #1102, .F. ) ;
#2288 = DIRECTION ( 'NONE',  ( 0.000000000000000000, 0.000000000000000000, 1.000000000000000000 ) ) ;
#2289 = ORIENTED_EDGE ( 'NONE', *, *, #1852, .T. ) ;
#2290 = DIRECTION ( 'NONE',  ( -2.259648465249937489E-16, 1.000000000000000000, -2.465190328815661892E-32 ) ) ;
#2291 = VECTOR ( 'NONE', #163, 1000.000000000000000 ) ;
#2292 = PLANE ( 'NONE',  #5740 ) ;
#2293 = CARTESIAN_POINT ( 'NONE',  ( 19.25000000000000711, -1.500000000000025313, -6.250000000000019540 ) ) ;
#2294 = LINE ( 'NONE', #5032, #4093 ) ;
#2295 = ORIENTED_EDGE ( 'NONE', *, *, #1961, .T. ) ;
#2296 = EDGE_LOOP ( 'NONE', ( #5750, #4447, #1047, #2557 ) ) ;
#2297 = LINE ( 'NONE', #542, #3949 ) ;
#2298 = LINE ( 'NONE', #866, #2575 ) ;
#2299 = DIRECTION ( 'NONE',  ( -1.000000000000000000, 1.284980352575412453E-16, 0.000000000000000000 ) ) ;
#2300 = CIRCLE ( 'NONE', #4583, 1.000000000000000888 ) ;
#2301 = ORIENTED_EDGE ( 'NONE', *, *, #965, .F. ) ;
#2302 = EDGE_CURVE ( 'NONE', #1533, #4681, #2684, .T. ) ;
#2303 = DIRECTION ( 'NONE',  ( -0.000000000000000000, 1.000000000000000000, -2.674902700537829702E-32 ) ) ;
#2304 = ORIENTED_EDGE ( 'NONE', *, *, #165, .T. ) ;
#2305 = AXIS2_PLACEMENT_3D ( 'NONE', #5072, #632, #3789 ) ;
#2306 = CIRCLE ( 'NONE', #715, 1.999999999999999778 ) ;
#2307 = AXIS2_PLACEMENT_3D ( 'NONE', #5011, #2299, #2689 ) ;
#2308 = DIRECTION ( 'NONE',  ( -1.284980352575412699E-16, -1.000000000000000000, -0.000000000000000000 ) ) ;
#2309 = EDGE_CURVE ( 'NONE', #493, #1953, #5426, .T. ) ;
#2310 = FACE_BOUND ( 'NONE', #5425, .T. ) ;
#2311 = VECTOR ( 'NONE', #58, 1000.000000000000000 ) ;
#2312 = ORIENTED_EDGE ( 'NONE', *, *, #2518, .T. ) ;
#2313 = DIRECTION ( 'NONE',  ( 0.000000000000000000, 0.000000000000000000, -1.000000000000000000 ) ) ;
#2314 = ADVANCED_FACE ( 'NONE', ( #1800 ), #1422, .F. ) ;
#2315 = ORIENTED_EDGE ( 'NONE', *, *, #2603, .T. ) ;
#2316 = ADVANCED_FACE ( 'NONE', ( #39 ), #4469, .F. ) ;
#2317 = PLANE ( 'NONE',  #3408 ) ;
#2318 = CC_DESIGN_PERSON_AND_ORGANIZATION_ASSIGNMENT ( #4399, #4926, ( #2037 ) ) ;
#2319 = DIRECTION ( 'NONE',  ( 0.7371541402007414368, 1.665709221557243075E-16, 0.6757246285173462708 ) ) ;
#2320 =( BOUNDED_CURVE ( )  B_SPLINE_CURVE ( 3, ( #1069, #2911, #3810, #3835 ),
 .UNSPECIFIED., .F., .F. ) 
 B_SPLINE_CURVE_WITH_KNOTS ( ( 4, 4 ),
 ( 1.823476581936984031, 2.214297435588187479 ),
 .UNSPECIFIED. ) 
 CURVE ( )  GEOMETRIC_REPRESENTATION_ITEM ( )  RATIONAL_B_SPLINE_CURVE ( ( 1.000000000000000000, 0.9873120399594205177, 0.9873120399594205177, 1.000000000000000000 ) ) 
 REPRESENTATION_ITEM ( '' )  );
#2321 = ORIENTED_EDGE ( 'NONE', *, *, #1809, .T. ) ;
#2322 = LINE ( 'NONE', #1876, #195 ) ;
#2323 = ORIENTED_EDGE ( 'NONE', *, *, #2145, .F. ) ;
#2324 = DIRECTION ( 'NONE',  ( 5.701898048196685666E-48, -2.465190328815661892E-32, -1.000000000000000000 ) ) ;
#2325 = DIRECTION ( 'NONE',  ( 1.000000000000000000, 0.000000000000000000, 0.000000000000000000 ) ) ;
#2326 = FACE_OUTER_BOUND ( 'NONE', #3751, .T. ) ;
#2327 = LINE ( 'NONE', #4112, #5235 ) ;
#2328 = ORIENTED_EDGE ( 'NONE', *, *, #1623, .T. ) ;
#2329 = ORIENTED_EDGE ( 'NONE', *, *, #2427, .F. ) ;
#2330 = DIRECTION ( 'NONE',  ( -2.312964634635742464E-16, -1.000000000000000000, 0.000000000000000000 ) ) ;
#2331 = DIRECTION ( 'NONE',  ( 0.000000000000000000, 0.000000000000000000, -1.000000000000000000 ) ) ;
#2332 = FACE_BOUND ( 'NONE', #1643, .T. ) ;
#2333 = DIRECTION ( 'NONE',  ( -2.312964634635742957E-16, -1.000000000000000000, 0.000000000000000000 ) ) ;
#2334 = VERTEX_POINT ( 'NONE', #979 ) ;
#2335 = AXIS2_PLACEMENT_3D ( 'NONE', #4291, #3762, #2453 ) ;
#2336 = DIRECTION ( 'NONE',  ( 0.000000000000000000, 0.000000000000000000, -1.000000000000000000 ) ) ;
#2337 = ORIENTED_EDGE ( 'NONE', *, *, #5248, .F. ) ;
#2338 = EDGE_CURVE ( 'NONE', #3767, #136, #3635, .T. ) ;
#2339 = EDGE_CURVE ( 'NONE', #3998, #1928, #2738, .T. ) ;
#2340 = VECTOR ( 'NONE', #1971, 1000.000000000000000 ) ;
#2341 = CIRCLE ( 'NONE', #5471, 1.000000000000000888 ) ;
#2342 = DIRECTION ( 'NONE',  ( 1.000000000000000000, 0.000000000000000000, -8.673617379884027583E-16 ) ) ;
#2343 = DIRECTION ( 'NONE',  ( -2.312964634635743450E-16, 1.000000000000000000, 0.000000000000000000 ) ) ;
#2344 = ORIENTED_EDGE ( 'NONE', *, *, #1871, .T. ) ;
#2345 = ORIENTED_EDGE ( 'NONE', *, *, #1994, .T. ) ;
#2346 = DIRECTION ( 'NONE',  ( -1.000000000000000000, -2.891205793294675861E-16, 0.000000000000000000 ) ) ;
#2347 = DIRECTION ( 'NONE',  ( -1.000000000000000000, -2.891205793294670931E-16, 0.000000000000000000 ) ) ;
#2348 = VECTOR ( 'NONE', #5313, 1000.000000000000000 ) ;
#2349 = DIRECTION ( 'NONE',  ( 0.000000000000000000, -0.000000000000000000, 1.000000000000000000 ) ) ;
#2350 = DIRECTION ( 'NONE',  ( -0.000000000000000000, 0.000000000000000000, -1.000000000000000000 ) ) ;
#2351 = LINE ( 'NONE', #1998, #202 ) ;
#2352 = ORIENTED_EDGE ( 'NONE', *, *, #3507, .T. ) ;
#2353 = CARTESIAN_POINT ( 'NONE',  ( 22.50000000000000000, -4.750000000000058620, 3.499999999999999556 ) ) ;
#2354 = DIRECTION ( 'NONE',  ( 0.000000000000000000, 0.000000000000000000, 1.000000000000000000 ) ) ;
#2355 = DIRECTION ( 'NONE',  ( -1.284980352575412699E-16, -1.000000000000000000, -0.000000000000000000 ) ) ;
#2356 = FACE_BOUND ( 'NONE', #1280, .T. ) ;
#2357 = VERTEX_POINT ( 'NONE', #2215 ) ;
#2358 = VERTEX_POINT ( 'NONE', #3186 ) ;
#2359 = CARTESIAN_POINT ( 'NONE',  ( 5.500000000000003553, 24.24999999999999289, 37.65000000000000568 ) ) ;
#2360 = DIRECTION ( 'NONE',  ( 0.000000000000000000, 0.000000000000000000, 1.000000000000000000 ) ) ;
#2361 = DIRECTION ( 'NONE',  ( 1.000000000000000000, 0.000000000000000000, 0.000000000000000000 ) ) ;
#2362 = VECTOR ( 'NONE', #5850, 1000.000000000000000 ) ;
#2363 = DIRECTION ( 'NONE',  ( -2.312964634635743450E-16, 1.000000000000000000, 0.000000000000000000 ) ) ;
#2364 = AXIS2_PLACEMENT_3D ( 'NONE', #3890, #5709, #2122 ) ;
#2365 = EDGE_CURVE ( 'NONE', #547, #1105, #2297, .T. ) ;
#2366 = ORIENTED_EDGE ( 'NONE', *, *, #3849, .F. ) ;
#2367 = LINE ( 'NONE', #4718, #2620 ) ;
#2368 = VERTEX_POINT ( 'NONE', #425 ) ;
#2369 = CIRCLE ( 'NONE', #5217, 1.000000000000000888 ) ;
#2370 = CARTESIAN_POINT ( 'NONE',  ( 7.999999999999996447, 12.24999999999998934, 8.000000000000000000 ) ) ;
#2371 = DIRECTION ( 'NONE',  ( -0.7071067811865431318, 0.7071067811865519026, -0.000000000000000000 ) ) ;
#2372 = EDGE_CURVE ( 'NONE', #4371, #3650, #1448, .T. ) ;
#2373 = VERTEX_POINT ( 'NONE', #628 ) ;
#2374 = ORIENTED_EDGE ( 'NONE', *, *, #4318, .F. ) ;
#2375 = CARTESIAN_POINT ( 'NONE',  ( 26.08578643762688998, -24.25000000000000355, 2.814213562373093058 ) ) ;
#2376 = VERTEX_POINT ( 'NONE', #3332 ) ;
#2377 = AXIS2_PLACEMENT_3D ( 'NONE', #1409, #25, #4101 ) ;
#2378 = CYLINDRICAL_SURFACE ( 'NONE', #2113, 2.000000000000000000 ) ;
#2379 = LINE ( 'NONE', #1845, #2311 ) ;
#2380 = ORIENTED_EDGE ( 'NONE', *, *, #5177, .T. ) ;
#2381 = LINE ( 'NONE', #206, #4734 ) ;
#2382 = AXIS2_PLACEMENT_3D ( 'NONE', #4404, #4846, #356 ) ;
#2383 = CARTESIAN_POINT ( 'NONE',  ( -13.00000000000006040, 12.24999999999999467, -12.50000000000000000 ) ) ;
#2384 = DIRECTION ( 'NONE',  ( -0.000000000000000000, -0.000000000000000000, 1.000000000000000000 ) ) ;
#2385 = ADVANCED_FACE ( 'NONE', ( #4237 ), #2392, .F. ) ;
#2386 = CYLINDRICAL_SURFACE ( 'NONE', #152, 2.999999999999999112 ) ;
#2387 = EDGE_CURVE ( 'NONE', #824, #4390, #190, .T. ) ;
#2388 = CARTESIAN_POINT ( 'NONE',  ( 22.50000000000000355, 12.24999999999999645, 47.70166666666661826 ) ) ;
#2389 = CIRCLE ( 'NONE', #787, 1.999999999999999778 ) ;
#2390 = EDGE_LOOP ( 'NONE', ( #869, #2272 ) ) ;
#2391 = ORIENTED_EDGE ( 'NONE', *, *, #105, .F. ) ;
#2392 = CYLINDRICAL_SURFACE ( 'NONE', #2618, 0.9999999999999974465 ) ;
#2393 = VECTOR ( 'NONE', #2397, 1000.000000000000000 ) ;
#2394 = EDGE_CURVE ( 'NONE', #4947, #794, #2860, .T. ) ;
#2395 = CARTESIAN_POINT ( 'NONE',  ( 24.50000000000000000, -23.25000000000001066, 51.50000000000000711 ) ) ;
#2396 = EDGE_CURVE ( 'NONE', #5391, #5058, #2993, .T. ) ;
#2397 = DIRECTION ( 'NONE',  ( -0.000000000000000000, -0.000000000000000000, -1.000000000000000000 ) ) ;
#2398 = FACE_BOUND ( 'NONE', #4711, .T. ) ;
#2399 = EDGE_LOOP ( 'NONE', ( #2301, #795, #1795, #4797 ) ) ;
#2400 = LINE ( 'NONE', #1016, #4900 ) ;
#2401 = VERTEX_POINT ( 'NONE', #2359 ) ;
#2402 = AXIS2_PLACEMENT_3D ( 'NONE', #949, #5508, #1443 ) ;
#2403 = CYLINDRICAL_SURFACE ( 'NONE', #529, 1.000000000000000888 ) ;
#2404 = CARTESIAN_POINT ( 'NONE',  ( -26.49999999999998934, 33.75000000000001421, 2.399999999999998135 ) ) ;
#2405 = EDGE_LOOP ( 'NONE', ( #2345, #1764, #4461, #3197 ) ) ;
#2406 = VERTEX_POINT ( 'NONE', #1010 ) ;
#2407 = DIRECTION ( 'NONE',  ( 0.000000000000000000, -0.000000000000000000, 1.000000000000000000 ) ) ;
#2408 = EDGE_CURVE ( 'NONE', #1515, #4281, #3786, .T. ) ;
#2409 = CIRCLE ( 'NONE', #2217, 2.999999999999999112 ) ;
#2410 = DIRECTION ( 'NONE',  ( -0.000000000000000000, -1.000000000000000000, -0.000000000000000000 ) ) ;
#2411 = CARTESIAN_POINT ( 'NONE',  ( 33.49999999999999289, 12.24999999999999645, 2.399999999999998135 ) ) ;
#2412 = VECTOR ( 'NONE', #3374, 1000.000000000000000 ) ;
#2413 = AXIS2_PLACEMENT_3D ( 'NONE', #5189, #5828, #452 ) ;
#2414 = ORIENTED_EDGE ( 'NONE', *, *, #5708, .T. ) ;
#2415 = FACE_OUTER_BOUND ( 'NONE', #4150, .T. ) ;
#2416 = ORIENTED_EDGE ( 'NONE', *, *, #3412, .F. ) ;
#2417 = DIRECTION ( 'NONE',  ( 0.000000000000000000, -1.000000000000000000, 2.674902700537829702E-32 ) ) ;
#2418 = EDGE_CURVE ( 'NONE', #3341, #4612, #3274, .T. ) ;
#2419 = LINE ( 'NONE', #1582, #1106 ) ;
#2420 = CIRCLE ( 'NONE', #4698, 3.499999999999996003 ) ;
#2421 = EDGE_CURVE ( 'NONE', #578, #4891, #5097, .T. ) ;
#2422 = CYLINDRICAL_SURFACE ( 'NONE', #159, 1.000000000000000888 ) ;
#2423 = LINE ( 'NONE', #2823, #1254 ) ;
#2424 = ORIENTED_EDGE ( 'NONE', *, *, #1520, .F. ) ;
#2425 = ORIENTED_EDGE ( 'NONE', *, *, #5311, .T. ) ;
#2426 = LINE ( 'NONE', #2474, #1026 ) ;
#2427 = EDGE_CURVE ( 'NONE', #2241, #4696, #2320, .T. ) ;
#2428 = LINE ( 'NONE', #162, #1035 ) ;
#2429 = DIRECTION ( 'NONE',  ( -2.312964634635743450E-16, 1.000000000000000000, -0.000000000000000000 ) ) ;
#2430 = LINE ( 'NONE', #5102, #3540 ) ;
#2431 = EDGE_CURVE ( 'NONE', #5006, #1481, #5470, .T. ) ;
#2432 = VERTEX_POINT ( 'NONE', #1040 ) ;
#2433 = FACE_OUTER_BOUND ( 'NONE', #2464, .T. ) ;
#2434 = ADVANCED_FACE ( 'NONE', ( #127 ), #654, .F. ) ;
#2435 = LINE ( 'NONE', #1545, #712 ) ;
#2436 = DIRECTION ( 'NONE',  ( 1.000000000000000000, -1.156482317317871478E-16, 0.000000000000000000 ) ) ;
#2437 = ORIENTED_EDGE ( 'NONE', *, *, #932, .F. ) ;
#2438 = CIRCLE ( 'NONE', #1214, 1.500000000000008216 ) ;
#2439 = VECTOR ( 'NONE', #5576, 1000.000000000000000 ) ;
#2440 = CARTESIAN_POINT ( 'NONE',  ( 35.50000000000000000, -23.25000000000001066, 50.50000000000000000 ) ) ;
#2441 = CARTESIAN_POINT ( 'NONE',  ( 33.60000000000000142, 12.24999999999999822, 52.90000000000000568 ) ) ;
#2442 = ORIENTED_EDGE ( 'NONE', *, *, #4991, .F. ) ;
#2443 = EDGE_CURVE ( 'NONE', #5549, #5707, #598, .T. ) ;
#2444 = DIRECTION ( 'NONE',  ( -1.000000000000000000, 0.000000000000000000, 0.000000000000000000 ) ) ;
#2445 = LINE ( 'NONE', #5121, #2528 ) ;
#2446 = CIRCLE ( 'NONE', #4725, 1.500000000000001332 ) ;
#2447 = DIRECTION ( 'NONE',  ( -1.000000000000000000, -2.312964634635743450E-16, 0.000000000000000000 ) ) ;
#2448 = FACE_BOUND ( 'NONE', #5618, .T. ) ;
#2449 = EDGE_CURVE ( 'NONE', #2244, #5503, #2426, .T. ) ;
#2450 = CARTESIAN_POINT ( 'NONE',  ( -16.00902677056642887, 1.740973229433601555, 11.97279683888920765 ) ) ;
#2451 = ORIENTED_EDGE ( 'NONE', *, *, #5144, .F. ) ;
#2452 = ORIENTED_EDGE ( 'NONE', *, *, #5295, .F. ) ;
#2453 = DIRECTION ( 'NONE',  ( -1.000000000000000000, 0.000000000000000000, 0.000000000000000000 ) ) ;
#2454 = FACE_OUTER_BOUND ( 'NONE', #3774, .T. ) ;
#2455 = DIRECTION ( 'NONE',  ( 0.000000000000000000, -0.000000000000000000, 1.000000000000000000 ) ) ;
#2456 = CARTESIAN_POINT ( 'NONE',  ( -22.50000000000000000, 24.24999999999998579, 2.399999999999998135 ) ) ;
#2457 = ORIENTED_EDGE ( 'NONE', *, *, #4956, .T. ) ;
#2458 = FACE_OUTER_BOUND ( 'NONE', #639, .T. ) ;
#2459 = ORIENTED_EDGE ( 'NONE', *, *, #2258, .T. ) ;
#2460 = AXIS2_PLACEMENT_3D ( 'NONE', #1060, #1969, #1032 ) ;
#2461 = DIRECTION ( 'NONE',  ( 0.000000000000000000, 0.000000000000000000, -1.000000000000000000 ) ) ;
#2462 = CARTESIAN_POINT ( 'NONE',  ( -18.00000000000000000, 3.749999999999987566, 17.65000000000000924 ) ) ;
#2463 = EDGE_CURVE ( 'NONE', #3936, #5300, #4997, .T. ) ;
#2464 = EDGE_LOOP ( 'NONE', ( #875, #3242, #2472, #3359 ) ) ;
#2465 = CARTESIAN_POINT ( 'NONE',  ( 37.50000000000000000, 21.24999999999999645, 22.70000000000001705 ) ) ;
#2466 = DIRECTION ( 'NONE',  ( -0.000000000000000000, -0.000000000000000000, -1.000000000000000000 ) ) ;
#2467 = VERTEX_POINT ( 'NONE', #4266 ) ;
#2468 = CARTESIAN_POINT ( 'NONE',  ( 30.00000000000000000, 9.249999999999984013, 37.65000000000000568 ) ) ;
#2469 = DIRECTION ( 'NONE',  ( 0.000000000000000000, 0.000000000000000000, 1.000000000000000000 ) ) ;
#2470 = CYLINDRICAL_SURFACE ( 'NONE', #147, 1.000000000000000888 ) ;
#2471 = FACE_OUTER_BOUND ( 'NONE', #2182, .T. ) ;
#2472 = ORIENTED_EDGE ( 'NONE', *, *, #1592, .T. ) ;
#2473 = VERTEX_POINT ( 'NONE', #215 ) ;
#2474 = CARTESIAN_POINT ( 'NONE',  ( -18.50000000000001066, 12.25000000000000000, 33.70166666666662536 ) ) ;
#2475 =( BOUNDED_CURVE ( )  B_SPLINE_CURVE ( 3, ( #773, #3989, #4855, #3542 ),
 .UNSPECIFIED., .F., .F. ) 
 B_SPLINE_CURVE_WITH_KNOTS ( ( 4, 4 ),
 ( 3.141592653589793116, 4.459708725242608196 ),
 .UNSPECIFIED. ) 
 CURVE ( )  GEOMETRIC_REPRESENTATION_ITEM ( )  RATIONAL_B_SPLINE_CURVE ( ( 1.000000000000000000, 0.8603796100280638459, 0.8603796100280638459, 1.000000000000000000 ) ) 
 REPRESENTATION_ITEM ( '' )  );
#2476 = FACE_OUTER_BOUND ( 'NONE', #659, .T. ) ;
#2477 = CARTESIAN_POINT ( 'NONE',  ( -26.49999999999999289, 0.2499999999999985012, 5.500000000000000000 ) ) ;
#2478 = TOROIDAL_SURFACE ( 'NONE', #36, 1.000000000000000000, 1.000000000000000000 ) ;
#2479 = EDGE_LOOP ( 'NONE', ( #1327, #2811 ) ) ;
#2480 = CARTESIAN_POINT ( 'NONE',  ( 15.83333333333334814, 1.916666666666675178, 9.666666666666705154 ) ) ;
#2481 = EDGE_LOOP ( 'NONE', ( #552, #2531, #2825, #519 ) ) ;
#2482 = CARTESIAN_POINT ( 'NONE',  ( 25.49999999999998934, -24.25000000000001066, 3.399999999999998135 ) ) ;
#2483 = CARTESIAN_POINT ( 'NONE',  ( 34.60000000000000853, -24.25000000000001066, 58.89999999999999858 ) ) ;
#2484 = VECTOR ( 'NONE', #5562, 1000.000000000000000 ) ;
#2485 = FACE_OUTER_BOUND ( 'NONE', #2214, .T. ) ;
#2486 = EDGE_CURVE ( 'NONE', #4847, #178, #2006, .T. ) ;
#2487 = CARTESIAN_POINT ( 'NONE',  ( -2.000000000000000000, 6.249999999999996447, -77.50000000000000000 ) ) ;
#2488 = ORIENTED_EDGE ( 'NONE', *, *, #5554, .F. ) ;
#2489 = EDGE_CURVE ( 'NONE', #3975, #3900, #1510, .T. ) ;
#2490 = DIRECTION ( 'NONE',  ( 1.000000000000000000, 0.000000000000000000, 0.000000000000000000 ) ) ;
#2491 = EDGE_CURVE ( 'NONE', #108, #5439, #2526, .T. ) ;
#2492 = VECTOR ( 'NONE', #5479, 1000.000000000000000 ) ;
#2493 = ORIENTED_EDGE ( 'NONE', *, *, #2421, .F. ) ;
#2494 = ORIENTED_EDGE ( 'NONE', *, *, #1990, .T. ) ;
#2495 = CARTESIAN_POINT ( 'NONE',  ( 26.49999999999999289, 12.24999999999999645, -2.400000000000001688 ) ) ;
#2496 = LINE ( 'NONE', #5204, #2104 ) ;
#2497 = AXIS2_PLACEMENT_3D ( 'NONE', #1403, #2723, #4544 ) ;
#2498 = EDGE_CURVE ( 'NONE', #4114, #295, #4429, .T. ) ;
#2499 = EDGE_CURVE ( 'NONE', #5454, #450, #2061, .T. ) ;
#2500 = CC_DESIGN_PERSON_AND_ORGANIZATION_ASSIGNMENT ( #1284, #436, ( #2877 ) ) ;
#2501 = AXIS2_PLACEMENT_3D ( 'NONE', #41, #4595, #2741 ) ;
#2502 = CARTESIAN_POINT ( 'NONE',  ( -36.50000000000000000, 12.24999999999998401, -1.400000000000001910 ) ) ;
#2503 = CARTESIAN_POINT ( 'NONE',  ( -30.00000000000000000, -18.00000000000000000, 2.499999999999998668 ) ) ;
#2504 = ORIENTED_EDGE ( 'NONE', *, *, #3758, .F. ) ;
#2505 = ORIENTED_EDGE ( 'NONE', *, *, #5480, .F. ) ;
#2506 = CARTESIAN_POINT ( 'NONE',  ( -14.99999999999999645, 12.24999999999999467, 8.000000000000000000 ) ) ;
#2507 = AXIS2_PLACEMENT_3D ( 'NONE', #690, #4772, #721 ) ;
#2508 = DIRECTION ( 'NONE',  ( 0.000000000000000000, 0.000000000000000000, -1.000000000000000000 ) ) ;
#2509 = CARTESIAN_POINT ( 'NONE',  ( -34.49999999999999289, 12.24999999999998401, -2.500000000000000444 ) ) ;
#2510 = LINE ( 'NONE', #714, #2966 ) ;
#2511 = ORIENTED_EDGE ( 'NONE', *, *, #5824, .F. ) ;
#2512 = ORIENTED_EDGE ( 'NONE', *, *, #844, .F. ) ;
#2513 = ORIENTED_EDGE ( 'NONE', *, *, #3100, .T. ) ;
#2514 = DIRECTION ( 'NONE',  ( 1.000000000000000000, 0.000000000000000000, 0.000000000000000000 ) ) ;
#2515 = CARTESIAN_POINT ( 'NONE',  ( -13.00000000000006395, 0.2499999999999945322, -2.500000000000000444 ) ) ;
#2516 = FACE_OUTER_BOUND ( 'NONE', #4052, .T. ) ;
#2517 = ORIENTED_EDGE ( 'NONE', *, *, #3067, .F. ) ;
#2518 = EDGE_CURVE ( 'NONE', #2970, #3392, #3078, .T. ) ;
#2519 = ADVANCED_FACE ( 'NONE', ( #269 ), #5683, .T. ) ;
#2520 = DIRECTION ( 'NONE',  ( 0.000000000000000000, -1.000000000000000000, 0.000000000000000000 ) ) ;
#2521 = LINE ( 'NONE', #757, #1359 ) ;
#2522 = COORDINATED_UNIVERSAL_TIME_OFFSET ( 8, 0, .AHEAD. ) ;
#2523 = ORIENTED_EDGE ( 'NONE', *, *, #210, .F. ) ;
#2524 = ORIENTED_EDGE ( 'NONE', *, *, #4230, .T. ) ;
#2525 = DIRECTION ( 'NONE',  ( -1.000000000000000000, 0.000000000000000000, 0.000000000000000000 ) ) ;
#2526 = CIRCLE ( 'NONE', #5846, 4.999999999999997335 ) ;
#2527 = CARTESIAN_POINT ( 'NONE',  ( -36.50000000000000000, 24.24999999999997868, -2.400000000000001688 ) ) ;
#2528 = VECTOR ( 'NONE', #4258, 1000.000000000000000 ) ;
#2529 = LINE ( 'NONE', #5743, #2102 ) ;
#2530 = EDGE_LOOP ( 'NONE', ( #3809, #1075, #3257, #3912, #1263, #964, #3091, #4348, #5505, #1860, #1525, #1017, #4737, #4680, #1221, #521, #2878 ) ) ;
#2531 = ORIENTED_EDGE ( 'NONE', *, *, #2569, .F. ) ;
#2532 = LINE ( 'NONE', #5746, #1583 ) ;
#2533 = PLANE ( 'NONE',  #1697 ) ;
#2534 = AXIS2_PLACEMENT_3D ( 'NONE', #5340, #375, #1198 ) ;
#2535 = CARTESIAN_POINT ( 'NONE',  ( -6.360652745248306813E-16, -2.750000000000008438, 8.500000000000000000 ) ) ;
#2536 = CARTESIAN_POINT ( 'NONE',  ( 4.000000000000001776, 9.249999999999985789, 37.65000000000000568 ) ) ;
#2537 = VERTEX_POINT ( 'NONE', #796 ) ;
#2538 = EDGE_LOOP ( 'NONE', ( #3672, #5000, #1708, #4636 ) ) ;
#2539 = ORIENTED_EDGE ( 'NONE', *, *, #227, .F. ) ;
#2540 = DIRECTION ( 'NONE',  ( 1.000000000000000000, -2.312964634635742957E-16, -0.000000000000000000 ) ) ;
#2541 = CARTESIAN_POINT ( 'NONE',  ( 21.16185586048600697, 12.24999999999999645, 23.18055015817574827 ) ) ;
#2542 = CARTESIAN_POINT ( 'NONE',  ( 24.50000000000000000, -24.25000000000001066, 4.500000000000000000 ) ) ;
#2543 = ADVANCED_FACE ( 'NONE', ( #3860 ), #3894, .T. ) ;
#2544 =( BOUNDED_CURVE ( )  B_SPLINE_CURVE ( 3, ( #3248, #5042, #1861, #897 ),
 .UNSPECIFIED., .F., .T. ) 
 B_SPLINE_CURVE_WITH_KNOTS ( ( 4, 4 ),
 ( 3.141592653589793116, 4.712388980384689674 ),
 .UNSPECIFIED. ) 
 CURVE ( )  GEOMETRIC_REPRESENTATION_ITEM ( )  RATIONAL_B_SPLINE_CURVE ( ( 1.000000000000000000, 0.8047378541243649375, 0.8047378541243649375, 1.000000000000000000 ) ) 
 REPRESENTATION_ITEM ( '' )  );
#2545 = DIRECTION ( 'NONE',  ( -1.156482317317871478E-16, -1.000000000000000000, 0.000000000000000000 ) ) ;
#2546 = ORIENTED_EDGE ( 'NONE', *, *, #2418, .T. ) ;
#2547 = CARTESIAN_POINT ( 'NONE',  ( 35.50000000000000000, -23.25000000000001066, 49.50000000000000000 ) ) ;
#2548 = ADVANCED_FACE ( 'NONE', ( #1612 ), #3511, .T. ) ;
#2549 = DIRECTION ( 'NONE',  ( 1.000000000000000000, 0.000000000000000000, 0.000000000000000000 ) ) ;
#2550 = CIRCLE ( 'NONE', #2829, 1.000000000000000888 ) ;
#2551 = ORIENTED_EDGE ( 'NONE', *, *, #2982, .T. ) ;
#2552 = CARTESIAN_POINT ( 'NONE',  ( 0.5000000000000017764, 6.249999999999996447, -77.50000000000000000 ) ) ;
#2553 = DIRECTION ( 'NONE',  ( 0.000000000000000000, -1.000000000000000000, -0.000000000000000000 ) ) ;
#2554 = ORIENTED_EDGE ( 'NONE', *, *, #3532, .F. ) ;
#2555 = LINE ( 'NONE', #2090, #861 ) ;
#2556 = ORIENTED_EDGE ( 'NONE', *, *, #537, .T. ) ;
#2557 = ORIENTED_EDGE ( 'NONE', *, *, #5328, .F. ) ;
#2558 = FACE_BOUND ( 'NONE', #18, .T. ) ;
#2559 = VECTOR ( 'NONE', #3228, 1000.000000000000000 ) ;
#2560 = CARTESIAN_POINT ( 'NONE',  ( 3.999999999999998224, 24.24999999999999289, 37.65000000000000568 ) ) ;
#2561 = EDGE_CURVE ( 'NONE', #3074, #3028, #5242, .T. ) ;
#2562 = EDGE_CURVE ( 'NONE', #3350, #896, #1497, .T. ) ;
#2563 = DIRECTION ( 'NONE',  ( -2.569960705150827863E-16, 1.000000000000000000, 2.569960705150852022E-16 ) ) ;
#2564 = ORIENTED_EDGE ( 'NONE', *, *, #938, .T. ) ;
#2565 = EDGE_CURVE ( 'NONE', #2406, #3009, #4142, .T. ) ;
#2566 = ORIENTED_EDGE ( 'NONE', *, *, #2086, .F. ) ;
#2567 = ORIENTED_EDGE ( 'NONE', *, *, #327, .F. ) ;
#2568 = CARTESIAN_POINT ( 'NONE',  ( 30.00000000000000000, -18.00000000000000000, 71.50000000000002842 ) ) ;
#2569 = EDGE_CURVE ( 'NONE', #2373, #2597, #3930, .T. ) ;
#2570 = CARTESIAN_POINT ( 'NONE',  ( 22.50000000000000355, 12.24999999999999645, 10.70000000000001883 ) ) ;
#2571 = CIRCLE ( 'NONE', #2944, 1.000000000000000888 ) ;
#2572 = FACE_BOUND ( 'NONE', #2116, .T. ) ;
#2573 = CARTESIAN_POINT ( 'NONE',  ( -34.49999999999999289, -24.25000000000000355, -2.500000000000000444 ) ) ;
#2574 = ORIENTED_EDGE ( 'NONE', *, *, #4353, .F. ) ;
#2575 = VECTOR ( 'NONE', #1742, 1000.000000000000000 ) ;
#2576 = CARTESIAN_POINT ( 'NONE',  ( 22.50000000000000000, 12.24999999999999645, -2.400000000000001688 ) ) ;
#2577 = CARTESIAN_POINT ( 'NONE',  ( 11.00000000000000355, 12.24999999999998934, 5.000000000000000888 ) ) ;
#2578 = PERSON_AND_ORGANIZATION_ROLE ( 'creator' ) ;
#2579 = AXIS2_PLACEMENT_3D ( 'NONE', #4279, #4751, #3321 ) ;
#2580 = VERTEX_POINT ( 'NONE', #4827 ) ;
#2581 = FACE_OUTER_BOUND ( 'NONE', #3625, .T. ) ;
#2582 = EDGE_CURVE ( 'NONE', #1164, #3543, #2532, .T. ) ;
#2583 = DIRECTION ( 'NONE',  ( 1.000000000000000000, -2.349104707051927095E-16, 0.000000000000000000 ) ) ;
#2584 = VERTEX_POINT ( 'NONE', #1152 ) ;
#2585 = CIRCLE ( 'NONE', #3158, 2.999999999999999112 ) ;
#2586 = DIRECTION ( 'NONE',  ( -1.000000000000000000, 1.156482317317871478E-16, -0.000000000000000000 ) ) ;
#2587 = EDGE_CURVE ( 'NONE', #2334, #3732, #1675, .T. ) ;
#2588 = ORIENTED_EDGE ( 'NONE', *, *, #1250, .F. ) ;
#2589 = ORIENTED_EDGE ( 'NONE', *, *, #4161, .F. ) ;
#2590 = CARTESIAN_POINT ( 'NONE',  ( -23.49999999999999289, 12.24999999999998579, 2.399999999999998135 ) ) ;
#2591 = VECTOR ( 'NONE', #1080, 1000.000000000000000 ) ;
#2592 = DIRECTION ( 'NONE',  ( 1.000000000000000000, -2.551063935260010491E-16, -0.000000000000000000 ) ) ;
#2593 = ADVANCED_FACE ( 'NONE', ( #2558, #4352 ), #1704, .T. ) ;
#2594 = CIRCLE ( 'NONE', #1745, 1.000000000000000888 ) ;
#2595 = CARTESIAN_POINT ( 'NONE',  ( -37.50000000000000000, 9.249999999999984013, 5.500000000000000000 ) ) ;
#2596 = VECTOR ( 'NONE', #4394, 1000.000000000000000 ) ;
#2597 = VERTEX_POINT ( 'NONE', #2125 ) ;
#2598 = ORIENTED_EDGE ( 'NONE', *, *, #1292, .F. ) ;
#2599 = ORIENTED_EDGE ( 'NONE', *, *, #4984, .F. ) ;
#2600 = CARTESIAN_POINT ( 'NONE',  ( 33.49999999999998579, -23.25000000000001421, -2.400000000000001688 ) ) ;
#2601 = DIRECTION ( 'NONE',  ( -1.000000000000000000, 1.284980352575412453E-16, 0.000000000000000000 ) ) ;
#2602 = CARTESIAN_POINT ( 'NONE',  ( -33.49999999999997868, 33.75000000000001421, 2.399999999999998135 ) ) ;
#2603 = EDGE_CURVE ( 'NONE', #1533, #4068, #5301, .T. ) ;
#2604 = ORIENTED_EDGE ( 'NONE', *, *, #5091, .F. ) ;
#2605 = CARTESIAN_POINT ( 'NONE',  ( -25.49999999999999645, -24.25000000000000355, -3.400000000000001688 ) ) ;
#2606 = DIRECTION ( 'NONE',  ( -0.4997224534895765014, 0.000000000000000000, -0.8661855860486008529 ) ) ;
#2607 = CALENDAR_DATE ( 2026, 7, 5 ) ;
#2608 = DIRECTION ( 'NONE',  ( -0.4997224534895768899, -0.000000000000000000, -0.8661855860486007419 ) ) ;
#2609 = ORIENTED_EDGE ( 'NONE', *, *, #4912, .T. ) ;
#2610 = CARTESIAN_POINT ( 'NONE',  ( 22.50000000000000000, -4.750000000000058620, 3.499999999999999556 ) ) ;
#2611 = DIRECTION ( 'NONE',  ( -1.000000000000000000, 1.156482317317871478E-16, 0.000000000000000000 ) ) ;
#2612 = EDGE_CURVE ( 'NONE', #4068, #1179, #1241, .T. ) ;
#2613 = VERTEX_POINT ( 'NONE', #1264 ) ;
#2614 = DIRECTION ( 'NONE',  ( -1.000000000000000000, 0.000000000000000000, 0.000000000000000000 ) ) ;
#2615 = CYLINDRICAL_SURFACE ( 'NONE', #2670, 1.500000000000003997 ) ;
#2616 = ORIENTED_EDGE ( 'NONE', *, *, #4533, .F. ) ;
#2617 = DIRECTION ( 'NONE',  ( 2.259648465249937489E-16, -1.000000000000000000, 2.465190328815661892E-32 ) ) ;
#2618 = AXIS2_PLACEMENT_3D ( 'NONE', #4738, #5540, #4649 ) ;
#2619 = CYLINDRICAL_SURFACE ( 'NONE', #2965, 2.000000000000001776 ) ;
#2620 = VECTOR ( 'NONE', #4657, 1000.000000000000000 ) ;
#2621 = EDGE_CURVE ( 'NONE', #5518, #4205, #708, .T. ) ;
#2622 = CARTESIAN_POINT ( 'NONE',  ( 15.00000000000000355, 2.249999999999988010, 12.50000000000000000 ) ) ;
#2623 = ORIENTED_EDGE ( 'NONE', *, *, #186, .T. ) ;
#2624 = ORIENTED_EDGE ( 'NONE', *, *, #3925, .T. ) ;
#2625 = ORIENTED_EDGE ( 'NONE', *, *, #2121, .F. ) ;
#2626 = CARTESIAN_POINT ( 'NONE',  ( 15.00000000000000355, 2.249999999999988010, 10.50000000000000000 ) ) ;
#2627 = DIRECTION ( 'NONE',  ( -1.000000000000000000, 2.001604010742470255E-16, -0.000000000000000000 ) ) ;
#2628 = PLANE ( 'NONE',  #1470 ) ;
#2629 = VERTEX_POINT ( 'NONE', #2590 ) ;
#2630 = CARTESIAN_POINT ( 'NONE',  ( 22.50000000000000000, 24.24999999999999645, 47.70166666666661826 ) ) ;
#2631 = LINE ( 'NONE', #5734, #5713 ) ;
#2632 = APPROVAL_DATE_TIME ( #352, #3440 ) ;
#2633 = CARTESIAN_POINT ( 'NONE',  ( 28.49999999999998934, 9.249999999999984013, 17.64999999999999858 ) ) ;
#2634 = ORIENTED_EDGE ( 'NONE', *, *, #1521, .T. ) ;
#2635 = CARTESIAN_POINT ( 'NONE',  ( 33.60000000000000142, -23.25000000000001066, 57.89999999999999858 ) ) ;
#2636 = EDGE_CURVE ( 'NONE', #2859, #4191, #4410, .T. ) ;
#2637 = VECTOR ( 'NONE', #413, 1000.000000000000000 ) ;
#2638 = CARTESIAN_POINT ( 'NONE',  ( 29.00000000000000000, -18.00000000000000000, -5.499999999999998224 ) ) ;
#2639 = AXIS2_PLACEMENT_3D ( 'NONE', #793, #5207, #266 ) ;
#2640 = VERTEX_POINT ( 'NONE', #1644 ) ;
#2641 = LINE ( 'NONE', #2235, #2637 ) ;
#2642 = LINE ( 'NONE', #83, #5244 ) ;
#2643 = ORIENTED_EDGE ( 'NONE', *, *, #3678, .F. ) ;
#2644 = LINE ( 'NONE', #4495, #2252 ) ;
#2645 = CIRCLE ( 'NONE', #586, 0.9999999999999974465 ) ;
#2646 = DIRECTION ( 'NONE',  ( 1.000000000000000000, 0.000000000000000000, 0.000000000000000000 ) ) ;
#2647 = DIRECTION ( 'NONE',  ( -0.6757246285173462708, -1.562927168512997345E-16, 0.7371541402007415478 ) ) ;
#2648 = EDGE_LOOP ( 'NONE', ( #1489, #4245 ) ) ;
#2649 = CARTESIAN_POINT ( 'NONE',  ( 37.50000000000000000, 24.25000000000000000, -3.019858152799183628E-31 ) ) ;
#2650 = EDGE_LOOP ( 'NONE', ( #1137, #1828, #3220, #3928 ) ) ;
#2651 = EDGE_LOOP ( 'NONE', ( #2656, #5371, #1237, #532 ) ) ;
#2652 = CARTESIAN_POINT ( 'NONE',  ( -37.50000000000000000, 12.24999999999998224, 5.500000000000000000 ) ) ;
#2653 = CARTESIAN_POINT ( 'NONE',  ( 35.49999999999999289, -23.25000000000001066, 5.500000000000000000 ) ) ;
#2654 = ORIENTED_EDGE ( 'NONE', *, *, #3544, .T. ) ;
#2655 = PLANE ( 'NONE',  #435 ) ;
#2656 = ORIENTED_EDGE ( 'NONE', *, *, #593, .T. ) ;
#2657 = DIRECTION ( 'NONE',  ( -1.000000000000000000, 0.000000000000000000, 0.000000000000000000 ) ) ;
#2658 = VERTEX_POINT ( 'NONE', #3208 ) ;
#2659 = LINE ( 'NONE', #98, #4546 ) ;
#2660 = CYLINDRICAL_SURFACE ( 'NONE', #1921, 5.000000000000003553 ) ;
#2661 = DIRECTION ( 'NONE',  ( 1.156482317317871478E-16, 1.000000000000000000, -0.000000000000000000 ) ) ;
#2662 = AXIS2_PLACEMENT_3D ( 'NONE', #2270, #3632, #5452 ) ;
#2663 = EDGE_LOOP ( 'NONE', ( #5662, #1716, #174, #141 ) ) ;
#2664 = PLANE ( 'NONE',  #724 ) ;
#2665 = EDGE_CURVE ( 'NONE', #1429, #1319, #5851, .T. ) ;
#2666 = CARTESIAN_POINT ( 'NONE',  ( 33.60000000000000142, -23.25000000000001066, 52.90000000000000568 ) ) ;
#2667 = DIRECTION ( 'NONE',  ( 1.156482317317872465E-16, -2.674902700537829702E-32, 1.000000000000000000 ) ) ;
#2668 = AXIS2_PLACEMENT_3D ( 'NONE', #73, #2251, #5429 ) ;
#2669 = ADVANCED_FACE ( 'NONE', ( #4970 ), #946, .T. ) ;
#2670 = AXIS2_PLACEMENT_3D ( 'NONE', #4908, #852, #2347 ) ;
#2671 = ORIENTED_EDGE ( 'NONE', *, *, #3730, .T. ) ;
#2672 = EDGE_CURVE ( 'NONE', #367, #108, #2207, .T. ) ;
#2673 = ADVANCED_FACE ( 'NONE', ( #5448 ), #475, .F. ) ;
#2674 = DIRECTION ( 'NONE',  ( 1.000000000000000000, 0.000000000000000000, 0.000000000000000000 ) ) ;
#2675 = ORIENTED_EDGE ( 'NONE', *, *, #2302, .T. ) ;
#2676 = CARTESIAN_POINT ( 'NONE',  ( 33.49999999999999289, 12.24999999999999645, -2.400000000000001688 ) ) ;
#2677 = DIRECTION ( 'NONE',  ( 0.000000000000000000, 1.000000000000000000, 0.000000000000000000 ) ) ;
#2678 = CIRCLE ( 'NONE', #4774, 2.999999999999999112 ) ;
#2679 = PLANE ( 'NONE',  #1638 ) ;
#2680 = ORIENTED_EDGE ( 'NONE', *, *, #5036, .T. ) ;
#2681 = DIRECTION ( 'NONE',  ( -5.802559362152362094E-16, 0.000000000000000000, -1.000000000000000000 ) ) ;
#2682 = ORIENTED_EDGE ( 'NONE', *, *, #5621, .F. ) ;
#2683 = VERTEX_POINT ( 'NONE', #1415 ) ;
#2684 = LINE ( 'NONE', #2246, #1215 ) ;
#2685 = CIRCLE ( 'NONE', #528, 2.999999999999999112 ) ;
#2686 = AXIS2_PLACEMENT_3D ( 'NONE', #3013, #1714, #5283 ) ;
#2687 = DIRECTION ( 'NONE',  ( -1.156482317317870246E-16, -1.000000000000000000, 0.000000000000000000 ) ) ;
#2688 = CIRCLE ( 'NONE', #5541, 10.00000000000000000 ) ;
#2689 = DIRECTION ( 'NONE',  ( 0.000000000000000000, -1.000000000000000000, 0.000000000000000000 ) ) ;
#2690 = VECTOR ( 'NONE', #1646, 1000.000000000000000 ) ;
#2691 = ADVANCED_FACE ( 'NONE', ( #4015, #1761 ), #4046, .T. ) ;
#2692 = ORIENTED_EDGE ( 'NONE', *, *, #5727, .F. ) ;
#2693 = LINE ( 'NONE', #985, #5526 ) ;
#2694 = ORIENTED_EDGE ( 'NONE', *, *, #789, .T. ) ;
#2695 = AXIS2_PLACEMENT_3D ( 'NONE', #4300, #2043, #5220 ) ;
#2696 = TOROIDAL_SURFACE ( 'NONE', #3456, 5.000000000000000000, 2.000000000000000000 ) ;
#2697 = CALENDAR_DATE ( 2026, 7, 5 ) ;
#2698 = EDGE_CURVE ( 'NONE', #4891, #1239, #1030, .T. ) ;
#2699 = DIRECTION ( 'NONE',  ( -1.000000000000000000, 0.000000000000000000, -0.000000000000000000 ) ) ;
#2700 = EDGE_CURVE ( 'NONE', #3192, #3745, #3660, .T. ) ;
#2701 = ORIENTED_EDGE ( 'NONE', *, *, #938, .F. ) ;
#2702 = DIRECTION ( 'NONE',  ( 1.000000000000000000, 0.000000000000000000, 0.000000000000000000 ) ) ;
#2703 = CARTESIAN_POINT ( 'NONE',  ( 24.50000000000000000, -23.25000000000001066, -3.499999999999999556 ) ) ;
#2704 = CARTESIAN_POINT ( 'NONE',  ( -19.00000000000000355, 12.24999999999998757, 10.49999999999996447 ) ) ;
#2705 = ORIENTED_EDGE ( 'NONE', *, *, #5190, .T. ) ;
#2706 = DIRECTION ( 'NONE',  ( 2.312964634635742464E-16, 1.000000000000000000, 0.000000000000000000 ) ) ;
#2707 = FACE_BOUND ( 'NONE', #2892, .T. ) ;
#2708 = DIRECTION ( 'NONE',  ( 0.000000000000000000, 0.000000000000000000, -1.000000000000000000 ) ) ;
#2709 = EDGE_LOOP ( 'NONE', ( #1299, #3791 ) ) ;
#2710 = DIRECTION ( 'NONE',  ( 0.000000000000000000, 0.000000000000000000, -1.000000000000000000 ) ) ;
#2711 = EDGE_LOOP ( 'NONE', ( #3827, #4126, #2589, #2005 ) ) ;
#2712 = ORIENTED_EDGE ( 'NONE', *, *, #5605, .T. ) ;
#2713 = DIRECTION ( 'NONE',  ( 1.000000000000000000, -1.156482317317871478E-16, 0.000000000000000000 ) ) ;
#2714 = VECTOR ( 'NONE', #1535, 1000.000000000000000 ) ;
#2715 = CARTESIAN_POINT ( 'NONE',  ( -33.49999999999998579, -23.83578643762690419, -2.400000000000002132 ) ) ;
#2716 = DIRECTION ( 'NONE',  ( 0.000000000000000000, 0.000000000000000000, 1.000000000000000000 ) ) ;
#2717 = CIRCLE ( 'NONE', #4529, 5.000000000000003553 ) ;
#2718 = ORIENTED_EDGE ( 'NONE', *, *, #5212, .T. ) ;
#2719 = DIRECTION ( 'NONE',  ( 1.000000000000000000, 2.109942937938456966E-16, 0.000000000000000000 ) ) ;
#2720 = VERTEX_POINT ( 'NONE', #2676 ) ;
#2721 = AXIS2_PLACEMENT_3D ( 'NONE', #2961, #1174, #233 ) ;
#2722 = EDGE_CURVE ( 'NONE', #5439, #1899, #4899, .T. ) ;
#2723 = DIRECTION ( 'NONE',  ( 0.000000000000000000, -1.000000000000000000, -0.000000000000000000 ) ) ;
#2724 = LINE ( 'NONE', #80, #1743 ) ;
#2725 = ORIENTED_EDGE ( 'NONE', *, *, #770, .F. ) ;
#2726 = LINE ( 'NONE', #2815, #4374 ) ;
#2727 = CARTESIAN_POINT ( 'NONE',  ( 34.49999999999999289, -24.25000000000001066, -4.500000000000000000 ) ) ;
#2728 = EDGE_LOOP ( 'NONE', ( #4316, #3114, #1984, #5818 ) ) ;
#2729 = CARTESIAN_POINT ( 'NONE',  ( -7.000000000000003553, 6.249999999999996447, -7.000000000000000000 ) ) ;
#2730 = ORIENTED_EDGE ( 'NONE', *, *, #1081, .T. ) ;
#2731 = DIRECTION ( 'NONE',  ( -0.000000000000000000, -0.000000000000000000, -1.000000000000000000 ) ) ;
#2732 = CIRCLE ( 'NONE', #3209, 2.500000000000001776 ) ;
#2733 = PLANE ( 'NONE',  #4454 ) ;
#2734 = CARTESIAN_POINT ( 'NONE',  ( -26.40000000000003055, -49.75000000000000000, 2.499999999999999556 ) ) ;
#2735 = DIRECTION ( 'NONE',  ( 0.7071067811865502373, -1.635512977795605490E-16, 0.7071067811865447972 ) ) ;
#2736 = ORIENTED_EDGE ( 'NONE', *, *, #5584, .T. ) ;
#2737 = EDGE_LOOP ( 'NONE', ( #1723, #525, #3386, #1508 ) ) ;
#2738 = LINE ( 'NONE', #4589, #3667 ) ;
#2739 = EDGE_CURVE ( 'NONE', #2211, #2859, #5386, .T. ) ;
#2740 = CARTESIAN_POINT ( 'NONE',  ( 22.50000000000000000, 21.25000000000000000, 22.70000000000001705 ) ) ;
#2741 = DIRECTION ( 'NONE',  ( -1.000000000000000000, 0.000000000000000000, 0.000000000000000000 ) ) ;
#2742 = ADVANCED_FACE ( 'NONE', ( #5476 ), #4134, .F. ) ;
#2743 = ORIENTED_EDGE ( 'NONE', *, *, #2204, .T. ) ;
#2744 = LINE ( 'NONE', #2480, #5831 ) ;
#2745 = ORIENTED_EDGE ( 'NONE', *, *, #5764, .F. ) ;
#2746 = EDGE_CURVE ( 'NONE', #3392, #1899, #415, .T. ) ;
#2747 = DIRECTION ( 'NONE',  ( -1.284980352575412453E-16, -1.000000000000000000, -0.000000000000000000 ) ) ;
#2748 = CARTESIAN_POINT ( 'NONE',  ( -24.05174122620507049, -24.05121642602399135, -5.112439548418869606 ) ) ;
#2749 = VERTEX_POINT ( 'NONE', #3178 ) ;
#2750 = DIRECTION ( 'NONE',  ( 0.000000000000000000, 3.469446951953613696E-16, 1.000000000000000000 ) ) ;
#2751 = EDGE_LOOP ( 'NONE', ( #3506, #3152, #5794, #456 ) ) ;
#2752 = CARTESIAN_POINT ( 'NONE',  ( -26.49999999999999645, -23.25000000000000711, 2.399999999999998135 ) ) ;
#2753 = CARTESIAN_POINT ( 'NONE',  ( -37.50000000000000000, -12.25000000000000178, 5.500000000000000000 ) ) ;
#2754 = AXIS2_PLACEMENT_3D ( 'NONE', #2793, #2908, #5126 ) ;
#2755 = VERTEX_POINT ( 'NONE', #4556 ) ;
#2756 = DIRECTION ( 'NONE',  ( 1.000000000000000000, 0.000000000000000000, 0.000000000000000000 ) ) ;
#2757 = ORIENTED_EDGE ( 'NONE', *, *, #2700, .T. ) ;
#2758 = CARTESIAN_POINT ( 'NONE',  ( 37.50000000000000000, -2.750000000000016431, 51.50000000000000711 ) ) ;
#2759 = VECTOR ( 'NONE', #2627, 1000.000000000000000 ) ;
#2760 = CYLINDRICAL_SURFACE ( 'NONE', #4930, 2.000000000000001776 ) ;
#2761 = DIRECTION ( 'NONE',  ( 0.7071067811865510144, -0.7071067811865441310, 0.000000000000000000 ) ) ;
#2762 = ADVANCED_FACE ( 'NONE', ( #91, #4940, #883 ), #2237, .F. ) ;
#2763 = VECTOR ( 'NONE', #2022, 1000.000000000000000 ) ;
#2764 = CARTESIAN_POINT ( 'NONE',  ( -18.50000000000000355, -0.7500000000000024425, -11.00000000000004796 ) ) ;
#2765 = ORIENTED_EDGE ( 'NONE', *, *, #1875, .T. ) ;
#2766 = ORIENTED_EDGE ( 'NONE', *, *, #4425, .F. ) ;
#2767 = CARTESIAN_POINT ( 'NONE',  ( 35.49999999999999289, -24.25000000000001066, 50.50000000000000000 ) ) ;
#2768 = DIRECTION ( 'NONE',  ( 0.000000000000000000, 0.000000000000000000, 1.000000000000000000 ) ) ;
#2769 = LINE ( 'NONE', #2862, #3333 ) ;
#2770 = LINE ( 'NONE', #1131, #2221 ) ;
#2771 = AXIS2_PLACEMENT_3D ( 'NONE', #2734, #4078, #3631 ) ;
#2772 = ORIENTED_EDGE ( 'NONE', *, *, #1100, .F. ) ;
#2773 = CARTESIAN_POINT ( 'NONE',  ( 22.50000000000001066, 12.24999999999999645, 60.50000000000000000 ) ) ;
#2774 = ORIENTED_EDGE ( 'NONE', *, *, #560, .T. ) ;
#2775 = VECTOR ( 'NONE', #4631, 1000.000000000000000 ) ;
#2776 = CIRCLE ( 'NONE', #5167, 2.000000000000001776 ) ;
#2777 = AXIS2_PLACEMENT_3D ( 'NONE', #2891, #4716, #657 ) ;
#2778 = CARTESIAN_POINT ( 'NONE',  ( -2.441462669893285213E-15, -24.25000000000000711, -4.499999999999996447 ) ) ;
#2779 = CARTESIAN_POINT ( 'NONE',  ( 36.50000000000000000, -24.25000000000001066, -2.499999999999999556 ) ) ;
#2780 = ORIENTED_EDGE ( 'NONE', *, *, #170, .F. ) ;
#2781 = ORGANIZATION ( 'æœª', 'æœª', '' ) ;
#2782 = ORIENTED_EDGE ( 'NONE', *, *, #1528, .F. ) ;
#2783 = DIRECTION ( 'NONE',  ( -0.000000000000000000, -0.000000000000000000, -1.000000000000000000 ) ) ;
#2784 = ORIENTED_EDGE ( 'NONE', *, *, #1903, .T. ) ;
#2785 = DIRECTION ( 'NONE',  ( -2.312964634635742464E-16, -1.000000000000000000, -0.000000000000000000 ) ) ;
#2786 = LINE ( 'NONE', #4610, #3640 ) ;
#2787 = CARTESIAN_POINT ( 'NONE',  ( 24.50000000000000000, -23.25000000000001066, 4.500000000000000000 ) ) ;
#2788 = ORIENTED_EDGE ( 'NONE', *, *, #5400, .T. ) ;
#2789 = CARTESIAN_POINT ( 'NONE',  ( -37.50000000000000000, -12.25000000000000178, -2.500000000000000444 ) ) ;
#2790 = DIRECTION ( 'NONE',  ( 1.000000000000000000, 0.000000000000000000, 0.000000000000000000 ) ) ;
#2791 = EDGE_CURVE ( 'NONE', #2035, #4366, #4076, .T. ) ;
#2792 = CYLINDRICAL_SURFACE ( 'NONE', #2402, 0.9999999999999974465 ) ;
#2793 = CARTESIAN_POINT ( 'NONE',  ( 8.999999999999987566, 0.2499999999999894806, -2.500000000000000444 ) ) ;
#2794 = ORIENTED_EDGE ( 'NONE', *, *, #428, .F. ) ;
#2795 = ORIENTED_EDGE ( 'NONE', *, *, #2569, .T. ) ;
#2796 = DIRECTION ( 'NONE',  ( 0.000000000000000000, 0.000000000000000000, -1.000000000000000000 ) ) ;
#2797 = PLANE ( 'NONE',  #3017 ) ;
#2798 = EDGE_CURVE ( 'NONE', #760, #2060, #2717, .T. ) ;
#2799 = FACE_OUTER_BOUND ( 'NONE', #3459, .T. ) ;
#2800 = CARTESIAN_POINT ( 'NONE',  ( -19.00000000000000355, -1.250000000000005551, 10.49999999999996447 ) ) ;
#2801 = ORIENTED_EDGE ( 'NONE', *, *, #5676, .F. ) ;
#2802 = VECTOR ( 'NONE', #1768, 1000.000000000000000 ) ;
#2803 = CARTESIAN_POINT ( 'NONE',  ( 25.50000000000000000, 24.25000000000000000, 50.70166666666662536 ) ) ;
#2804 = ORIENTED_EDGE ( 'NONE', *, *, #1275, .F. ) ;
#2805 = VECTOR ( 'NONE', #5325, 1000.000000000000000 ) ;
#2806 = DIRECTION ( 'NONE',  ( -4.625929269271484928E-16, 1.000000000000000000, -0.000000000000000000 ) ) ;
#2807 = LINE ( 'NONE', #3196, #2964 ) ;
#2808 = ORIENTED_EDGE ( 'NONE', *, *, #2898, .F. ) ;
#2809 = ORIENTED_EDGE ( 'NONE', *, *, #970, .F. ) ;
#2810 = CARTESIAN_POINT ( 'NONE',  ( 34.49999999999999289, 12.25000000000000000, -5.500000000000000000 ) ) ;
#2811 = ORIENTED_EDGE ( 'NONE', *, *, #200, .F. ) ;
#2812 = AXIS2_PLACEMENT_3D ( 'NONE', #5402, #1749, #4685 ) ;
#2813 = EDGE_CURVE ( 'NONE', #5333, #1233, #2644, .T. ) ;
#2814 = ADVANCED_FACE ( 'NONE', ( #1355 ), #4613, .F. ) ;
#2815 = CARTESIAN_POINT ( 'NONE',  ( -15.00000000000000000, 0.2499999999999950040, 5.000000000000000000 ) ) ;
#2816 = CARTESIAN_POINT ( 'NONE',  ( -31.00000000000000000, -18.00000000000000000, 5.499999999999996447 ) ) ;
#2817 = ADVANCED_FACE ( 'NONE', ( #3754 ), #5098, .T. ) ;
#2818 = DIRECTION ( 'NONE',  ( -0.000000000000000000, 1.000000000000000000, -0.000000000000000000 ) ) ;
#2819 = CARTESIAN_POINT ( 'NONE',  ( -36.50000000000000000, 12.24999999999998224, 2.399999999999997247 ) ) ;
#2820 = EDGE_CURVE ( 'NONE', #1948, #3859, #118, .T. ) ;
#2821 = CARTESIAN_POINT ( 'NONE',  ( -19.00000000000000355, 0.2499999999999967526, -10.50000000000004441 ) ) ;
#2822 = CARTESIAN_POINT ( 'NONE',  ( 34.49999999999999289, -23.25000000000001066, -2.499999999999999556 ) ) ;
#2823 = CARTESIAN_POINT ( 'NONE',  ( -14.99999999999999645, 12.24999999999999467, -8.000000000000000000 ) ) ;
#2824 = ORIENTED_EDGE ( 'NONE', *, *, #5621, .T. ) ;
#2825 = ORIENTED_EDGE ( 'NONE', *, *, #5227, .F. ) ;
#2826 = CARTESIAN_POINT ( 'NONE',  ( -31.00000000000000000, -18.00000000000000000, -28.50000000000000355 ) ) ;
#2827 = DIRECTION ( 'NONE',  ( -0.000000000000000000, -1.000000000000000000, 4.009138700035295450E-16 ) ) ;
#2828 = LINE ( 'NONE', #4652, #4870 ) ;
#2829 = AXIS2_PLACEMENT_3D ( 'NONE', #3075, #3619, #905 ) ;
#2830 = CARTESIAN_POINT ( 'NONE',  ( 26.40000000000000568, -23.83578643762691129, 52.90000000000001279 ) ) ;
#2831 = AXIS2_PLACEMENT_3D ( 'NONE', #881, #1353, #2674 ) ;
#2832 = VECTOR ( 'NONE', #3081, 999.9999999999998863 ) ;
#2833 = ORIENTED_EDGE ( 'NONE', *, *, #3597, .F. ) ;
#2834 = LINE ( 'NONE', #4244, #3950 ) ;
#2835 = EDGE_LOOP ( 'NONE', ( #1653, #2804, #1008, #800 ) ) ;
#2836 = VECTOR ( 'NONE', #3238, 1000.000000000000000 ) ;
#2837 = CARTESIAN_POINT ( 'NONE',  ( 3.000000000000003553, 6.249999999999997335, -8.000000000000000000 ) ) ;
#2838 = DIRECTION ( 'NONE',  ( -1.000000000000000000, -4.625929269271484928E-16, -0.000000000000000000 ) ) ;
#2839 = ORIENTED_EDGE ( 'NONE', *, *, #2463, .T. ) ;
#2840 = EDGE_CURVE ( 'NONE', #5053, #2276, #2445, .T. ) ;
#2841 = ORIENTED_EDGE ( 'NONE', *, *, #5729, .T. ) ;
#2842 = CARTESIAN_POINT ( 'NONE',  ( 33.49999999999999289, 33.75000000000001421, 2.399999999999998135 ) ) ;
#2843 = AXIS2_PLACEMENT_3D ( 'NONE', #1436, #5023, #4575 ) ;
#2844 = DIRECTION ( 'NONE',  ( 0.8661855860486009639, 0.000000000000000000, -0.4997224534895763903 ) ) ;
#2845 = LINE ( 'NONE', #4131, #3923 ) ;
#2846 = ORIENTED_EDGE ( 'NONE', *, *, #1559, .F. ) ;
#2847 = EDGE_CURVE ( 'NONE', #1156, #1142, #3267, .T. ) ;
#2848 = CYLINDRICAL_SURFACE ( 'NONE', #4922, 3.000000000000002665 ) ;
#2849 = VECTOR ( 'NONE', #2611, 1000.000000000000000 ) ;
#2850 = DIRECTION ( 'NONE',  ( -1.000000000000000000, 1.284980352575412699E-16, 0.000000000000000000 ) ) ;
#2851 = ADVANCED_FACE ( 'NONE', ( #4231 ), #5663, .T. ) ;
#2852 = AXIS2_PLACEMENT_3D ( 'NONE', #421, #2212, #4022 ) ;
#2853 = FACE_BOUND ( 'NONE', #1220, .T. ) ;
#2854 = DIRECTION ( 'NONE',  ( -1.000000000000000000, 0.000000000000000000, 0.000000000000000000 ) ) ;
#2855 = EDGE_CURVE ( 'NONE', #568, #358, #5152, .T. ) ;
#2856 = DIRECTION ( 'NONE',  ( 0.000000000000000000, 0.000000000000000000, 1.000000000000000000 ) ) ;
#2857 = AXIS2_PLACEMENT_3D ( 'NONE', #3141, #471, #997 ) ;
#2858 = ORIENTED_EDGE ( 'NONE', *, *, #3463, .F. ) ;
#2859 = VERTEX_POINT ( 'NONE', #1118 ) ;
#2860 = LINE ( 'NONE', #1979, #4615 ) ;
#2861 = CIRCLE ( 'NONE', #3617, 9.999999999999998224 ) ;
#2862 = CARTESIAN_POINT ( 'NONE',  ( 5.500000000000006217, 3.749999999999993339, 37.65000000000000568 ) ) ;
#2863 = AXIS2_PLACEMENT_3D ( 'NONE', #3915, #4398, #351 ) ;
#2864 = CARTESIAN_POINT ( 'NONE',  ( -22.49999999999999289, 12.24999999999998579, 2.399999999999998135 ) ) ;
#2865 = ORIENTED_EDGE ( 'NONE', *, *, #2387, .F. ) ;
#2866 = DIRECTION ( 'NONE',  ( 1.000000000000000000, -2.001604010742470255E-16, 0.000000000000000000 ) ) ;
#2867 = VERTEX_POINT ( 'NONE', #2353 ) ;
#2868 = VECTOR ( 'NONE', #5329, 1000.000000000000000 ) ;
#2869 = DIRECTION ( 'NONE',  ( -1.000000000000000000, 0.000000000000000000, 0.000000000000000000 ) ) ;
#2870 = EDGE_CURVE ( 'NONE', #1663, #5333, #1089, .T. ) ;
#2871 = DIRECTION ( 'NONE',  ( -0.000000000000000000, -0.000000000000000000, 1.000000000000000000 ) ) ;
#2872 = ORIENTED_EDGE ( 'NONE', *, *, #4421, .T. ) ;
#2873 = AXIS2_PLACEMENT_3D ( 'NONE', #5519, #1926, #1459 ) ;
#2874 = EDGE_CURVE ( 'NONE', #4205, #4555, #4164, .T. ) ;
#2875 = CYLINDRICAL_SURFACE ( 'NONE', #3047, 1.000000000000000888 ) ;
#2876 = FACE_OUTER_BOUND ( 'NONE', #775, .T. ) ;
#2877 = SECURITY_CLASSIFICATION ( '', '', #2228 ) ;
#2878 = ORIENTED_EDGE ( 'NONE', *, *, #1081, .F. ) ;
#2879 = CARTESIAN_POINT ( 'NONE',  ( 33.60000000000000142, -24.25000000000001066, 58.89999999999999858 ) ) ;
#2880 = CARTESIAN_POINT ( 'NONE',  ( 8.000000000000000000, 0.2499999999999905076, 8.000000000000000000 ) ) ;
#2881 = DIRECTION ( 'NONE',  ( 0.000000000000000000, 0.000000000000000000, -1.000000000000000000 ) ) ;
#2882 = AXIS2_PLACEMENT_3D ( 'NONE', #1785, #4822, #2118 ) ;
#2883 = DIRECTION ( 'NONE',  ( 1.000000000000000000, 0.000000000000000000, 0.000000000000000000 ) ) ;
#2884 = CARTESIAN_POINT ( 'NONE',  ( -17.50000000000001421, 0.2499999999999956146, 9.114378277661435490 ) ) ;
#2885 = ORIENTED_EDGE ( 'NONE', *, *, #3175, .F. ) ;
#2886 = EDGE_LOOP ( 'NONE', ( #3490, #5077, #196, #423 ) ) ;
#2887 = DIRECTION ( 'NONE',  ( -1.000000000000000000, -2.312964634635743450E-16, 0.000000000000000000 ) ) ;
#2888 = CARTESIAN_POINT ( 'NONE',  ( 24.50000000000000000, -12.25000000000000355, 3.499999999999999556 ) ) ;
#2889 = EDGE_CURVE ( 'NONE', #3404, #2368, #2100, .T. ) ;
#2890 = DIRECTION ( 'NONE',  ( -0.000000000000000000, -1.000000000000000000, -0.000000000000000000 ) ) ;
#2891 = CARTESIAN_POINT ( 'NONE',  ( -2.000000000000000000, 6.249999999999996447, -7.000000000000000000 ) ) ;
#2892 = EDGE_LOOP ( 'NONE', ( #3166, #2099 ) ) ;
#2893 = CYLINDRICAL_SURFACE ( 'NONE', #87, 2.000000000000001776 ) ;
#2894 = ORIENTED_EDGE ( 'NONE', *, *, #1027, .T. ) ;
#2895 = CARTESIAN_POINT ( 'NONE',  ( 12.49999999999999822, 12.25000000000000000, 28.17777469307151250 ) ) ;
#2896 = DIRECTION ( 'NONE',  ( -1.000000000000000000, 0.000000000000000000, 0.000000000000000000 ) ) ;
#2897 = VERTEX_POINT ( 'NONE', #2819 ) ;
#2898 = EDGE_CURVE ( 'NONE', #4299, #5654, #4673, .T. ) ;
#2899 = CIRCLE ( 'NONE', #2052, 5.000000000000003553 ) ;
#2900 = AXIS2_PLACEMENT_3D ( 'NONE', #5076, #4626, #1924 ) ;
#2901 = FACE_OUTER_BOUND ( 'NONE', #5299, .T. ) ;
#2902 = EDGE_LOOP ( 'NONE', ( #667, #213 ) ) ;
#2903 = DIRECTION ( 'NONE',  ( 2.312964634635743450E-16, -1.000000000000000000, -0.000000000000000000 ) ) ;
#2904 = DIRECTION ( 'NONE',  ( 1.000000000000000000, 0.000000000000000000, 0.000000000000000000 ) ) ;
#2905 = CIRCLE ( 'NONE', #3193, 1.500000000000008216 ) ;
#2906 = PLANE ( 'NONE',  #909 ) ;
#2907 = FACE_OUTER_BOUND ( 'NONE', #5127, .T. ) ;
#2908 = DIRECTION ( 'NONE',  ( 2.312964634635742464E-16, 1.000000000000000000, 0.000000000000000000 ) ) ;
#2909 = VERTEX_POINT ( 'NONE', #5532 ) ;
#2910 = ORIENTED_EDGE ( 'NONE', *, *, #2338, .F. ) ;
#2911 = CARTESIAN_POINT ( 'NONE',  ( -16.76946348496477412, 0.9805365150352387538, 11.85468430312605115 ) ) ;
#2912 = ADVANCED_FACE ( 'NONE', ( #4200 ), #4704, .F. ) ;
#2913 = CYLINDRICAL_SURFACE ( 'NONE', #5304, 2.000000000000000000 ) ;
#2914 = CYLINDRICAL_SURFACE ( 'NONE', #1820, 9.999999999999998224 ) ;
#2915 = CARTESIAN_POINT ( 'NONE',  ( -18.50000000000001066, 12.25000000000000000, 22.91666666666665364 ) ) ;
#2916 = ORIENTED_EDGE ( 'NONE', *, *, #5117, .T. ) ;
#2917 = DIRECTION ( 'NONE',  ( 0.000000000000000000, 0.000000000000000000, 1.000000000000000000 ) ) ;
#2918 = DIRECTION ( 'NONE',  ( 1.000000000000000000, 0.000000000000000000, 0.000000000000000000 ) ) ;
#2919 = ADVANCED_FACE ( 'NONE', ( #5567 ), #3353, .F. ) ;
#2920 = AXIS2_PLACEMENT_3D ( 'NONE', #4229, #3266, #116 ) ;
#2921 = EDGE_CURVE ( 'NONE', #5484, #3955, #3326, .T. ) ;
#2922 = CARTESIAN_POINT ( 'NONE',  ( -37.50000000000000000, 12.24999999999998224, 5.500000000000000000 ) ) ;
#2923 = CARTESIAN_POINT ( 'NONE',  ( -26.49999999999999289, 12.24999999999998401, 2.399999999999998135 ) ) ;
#2924 = ADVANCED_FACE ( 'NONE', ( #645 ), #2478, .T. ) ;
#2925 = VERTEX_POINT ( 'NONE', #4284 ) ;
#2926 = AXIS2_PLACEMENT_3D ( 'NONE', #3596, #5302, #5748 ) ;
#2927 = CARTESIAN_POINT ( 'NONE',  ( 8.000000000000003553, 12.24999999999998934, -8.000000000000000000 ) ) ;
#2928 = CARTESIAN_POINT ( 'NONE',  ( -29.41476826843391379, 24.24999999999998224, 12.91146242060225191 ) ) ;
#2929 = ORIENTED_EDGE ( 'NONE', *, *, #260, .T. ) ;
#2930 = VERTEX_POINT ( 'NONE', #1440 ) ;
#2931 = LINE ( 'NONE', #1380, #5399 ) ;
#2932 = DIRECTION ( 'NONE',  ( 0.000000000000000000, 1.000000000000000000, 2.120217581749430756E-16 ) ) ;
#2933 = CARTESIAN_POINT ( 'NONE',  ( 22.50000000000000000, 24.24999999999999645, -3.019858152799183628E-31 ) ) ;
#2934 = DIRECTION ( 'NONE',  ( -1.156482317317871478E-16, -1.000000000000000000, 0.000000000000000000 ) ) ;
#2935 = DIRECTION ( 'NONE',  ( 2.312964634635742464E-16, 1.000000000000000000, 0.000000000000000000 ) ) ;
#2936 = ORIENTED_EDGE ( 'NONE', *, *, #2889, .T. ) ;
#2937 = ORIENTED_EDGE ( 'NONE', *, *, #1405, .F. ) ;
#2938 = CARTESIAN_POINT ( 'NONE',  ( -22.49999999999999645, 20.24999999999998579, -1.400000000000001465 ) ) ;
#2939 = DIRECTION ( 'NONE',  ( 0.000000000000000000, 0.000000000000000000, -1.000000000000000000 ) ) ;
#2940 = DIRECTION ( 'NONE',  ( 2.312964634635742957E-16, 1.000000000000000000, -0.000000000000000000 ) ) ;
#2941 = EDGE_CURVE ( 'NONE', #3634, #4205, #226, .T. ) ;
#2942 = EDGE_CURVE ( 'NONE', #4023, #3575, #2496, .T. ) ;
#2943 = DIRECTION ( 'NONE',  ( 0.000000000000000000, 0.000000000000000000, -1.000000000000000000 ) ) ;
#2944 = AXIS2_PLACEMENT_3D ( 'NONE', #1826, #1300, #5005 ) ;
#2945 = ORIENTED_EDGE ( 'NONE', *, *, #5065, .F. ) ;
#2946 = ORIENTED_EDGE ( 'NONE', *, *, #3455, .T. ) ;
#2947 = ORIENTED_EDGE ( 'NONE', *, *, #4170, .T. ) ;
#2948 = PLANE ( 'NONE',  #2507 ) ;
#2949 = CIRCLE ( 'NONE', #5050, 3.000000000000002665 ) ;
#2950 = CARTESIAN_POINT ( 'NONE',  ( -26.49999999999999645, -23.25000000000000000, -5.500000000000000000 ) ) ;
#2951 = VECTOR ( 'NONE', #548, 1000.000000000000000 ) ;
#2952 = CARTESIAN_POINT ( 'NONE',  ( -12.00000000000000000, 0.2499999999999943101, 5.000000000000000000 ) ) ;
#2953 = CARTESIAN_POINT ( 'NONE',  ( 35.50000000000000000, -23.25000000000001066, 3.499999999999999556 ) ) ;
#2954 = ORIENTED_EDGE ( 'NONE', *, *, #970, .T. ) ;
#2955 = CARTESIAN_POINT ( 'NONE',  ( -24.10442082197005575, -24.22398702978549068, 4.761078186951351654 ) ) ;
#2956 = CARTESIAN_POINT ( 'NONE',  ( -36.50000000000000000, 12.24999999999998224, 2.399999999999997247 ) ) ;
#2957 = APPLICATION_PROTOCOL_DEFINITION ( 'international standard', 'config_control_design', 1994, #855 ) ;
#2958 = VECTOR ( 'NONE', #5536, 1000.000000000000000 ) ;
#2959 = EDGE_LOOP ( 'NONE', ( #5160, #1188, #3702, #4881 ) ) ;
#2960 = ORIENTED_EDGE ( 'NONE', *, *, #1852, .F. ) ;
#2961 = CARTESIAN_POINT ( 'NONE',  ( -30.00000000000000000, -18.00000000000000000, -28.50000000000000355 ) ) ;
#2962 = VECTOR ( 'NONE', #4865, 1000.000000000000000 ) ;
#2963 = DIRECTION ( 'NONE',  ( 5.701898048196685666E-48, -2.465190328815661892E-32, -1.000000000000000000 ) ) ;
#2964 = VECTOR ( 'NONE', #2838, 1000.000000000000000 ) ;
#2965 = AXIS2_PLACEMENT_3D ( 'NONE', #5800, #4412, #2646 ) ;
#2966 = VECTOR ( 'NONE', #272, 1000.000000000000000 ) ;
#2967 = DIRECTION ( 'NONE',  ( 0.000000000000000000, 0.000000000000000000, 1.000000000000000000 ) ) ;
#2968 = CARTESIAN_POINT ( 'NONE',  ( -23.49999999999999289, 12.24999999999998579, 1.399999999999998579 ) ) ;
#2969 = ORIENTED_EDGE ( 'NONE', *, *, #1074, .F. ) ;
#2970 = VERTEX_POINT ( 'NONE', #1145 ) ;
#2971 = DIRECTION ( 'NONE',  ( 0.000000000000000000, 0.000000000000000000, -1.000000000000000000 ) ) ;
#2972 = CIRCLE ( 'NONE', #5449, 1.000000000000000888 ) ;
#2973 = CIRCLE ( 'NONE', #5074, 3.499999999999996003 ) ;
#2974 = EDGE_CURVE ( 'NONE', #4494, #3745, #1581, .T. ) ;
#2975 = LINE ( 'NONE', #5714, #2690 ) ;
#2976 = DIRECTION ( 'NONE',  ( 1.000000000000000000, -2.303929616531696922E-16, 0.000000000000000000 ) ) ;
#2977 = DIRECTION ( 'NONE',  ( 0.000000000000000000, -1.000000000000000000, 0.000000000000000000 ) ) ;
#2978 = ORIENTED_EDGE ( 'NONE', *, *, #4568, .F. ) ;
#2979 = VERTEX_POINT ( 'NONE', #4756 ) ;
#2980 = VERTEX_POINT ( 'NONE', #701 ) ;
#2981 = DIRECTION ( 'NONE',  ( -2.312964634635742957E-16, -1.000000000000000000, -0.000000000000000000 ) ) ;
#2982 = EDGE_CURVE ( 'NONE', #1239, #5180, #539, .T. ) ;
#2983 = DIRECTION ( 'NONE',  ( -1.000000000000000000, 1.284980352575412453E-16, -1.156482317317872465E-16 ) ) ;
#2984 = CARTESIAN_POINT ( 'NONE',  ( 35.50000000000000000, 0.000000000000000000, 3.499999999999999556 ) ) ;
#2985 = DIRECTION ( 'NONE',  ( 0.000000000000000000, 1.000000000000000000, 0.000000000000000000 ) ) ;
#2986 = EDGE_LOOP ( 'NONE', ( #2287, #5494, #1447, #2808, #1569 ) ) ;
#2987 = DIRECTION ( 'NONE',  ( 2.259648465249937489E-16, -1.000000000000000000, 2.465190328815661892E-32 ) ) ;
#2988 = CARTESIAN_POINT ( 'NONE',  ( 34.49999999999999289, 24.25000000000000000, 10.70000000000002061 ) ) ;
#2989 = ORIENTED_EDGE ( 'NONE', *, *, #772, .F. ) ;
#2990 = VECTOR ( 'NONE', #4861, 1000.000000000000000 ) ;
#2991 = ORIENTED_EDGE ( 'NONE', *, *, #3023, .F. ) ;
#2992 = DIRECTION ( 'NONE',  ( -1.000000000000000000, 0.000000000000000000, 0.000000000000000000 ) ) ;
#2993 = CIRCLE ( 'NONE', #5373, 1.500000000000008216 ) ;
#2994 = EDGE_CURVE ( 'NONE', #2098, #3150, #3183, .T. ) ;
#2995 = EDGE_CURVE ( 'NONE', #1370, #846, #4080, .T. ) ;
#2996 = CARTESIAN_POINT ( 'NONE',  ( -36.50000000000000000, 24.24999999999997868, -2.400000000000001688 ) ) ;
#2997 = EDGE_CURVE ( 'NONE', #1420, #1233, #4945, .T. ) ;
#2998 = VECTOR ( 'NONE', #2417, 1000.000000000000000 ) ;
#2999 = ORIENTED_EDGE ( 'NONE', *, *, #4749, .F. ) ;
#3000 = EDGE_CURVE ( 'NONE', #77, #5020, #2294, .T. ) ;
#3001 = FACE_OUTER_BOUND ( 'NONE', #3901, .T. ) ;
#3002 = ORIENTED_EDGE ( 'NONE', *, *, #5100, .T. ) ;
#3003 = ORIENTED_EDGE ( 'NONE', *, *, #898, .T. ) ;
#3004 = DIRECTION ( 'NONE',  ( 1.000000000000000000, 4.625929269271484928E-16, 0.000000000000000000 ) ) ;
#3005 = CC_DESIGN_PERSON_AND_ORGANIZATION_ASSIGNMENT ( #5700, #316, ( #63 ) ) ;
#3006 = DIRECTION ( 'NONE',  ( -0.000000000000000000, 1.000000000000000000, 0.000000000000000000 ) ) ;
#3007 = DIRECTION ( 'NONE',  ( 1.284980352575412699E-16, 1.000000000000000000, 0.000000000000000000 ) ) ;
#3008 = ORIENTED_EDGE ( 'NONE', *, *, #2874, .F. ) ;
#3009 = VERTEX_POINT ( 'NONE', #922 ) ;
#3010 = VERTEX_POINT ( 'NONE', #4051 ) ;
#3011 = LINE ( 'NONE', #5753, #3278 ) ;
#3012 = CARTESIAN_POINT ( 'NONE',  ( 22.50000000000001066, 9.249999999999998224, 60.50000000000000000 ) ) ;
#3013 = CARTESIAN_POINT ( 'NONE',  ( -13.00000000000006395, 0.2499999999999953371, -2.500000000000000444 ) ) ;
#3014 = EDGE_CURVE ( 'NONE', #2098, #3724, #11, .T. ) ;
#3015 = CARTESIAN_POINT ( 'NONE',  ( 26.39999999999999503, -24.25000000000001066, 51.89999999999999858 ) ) ;
#3016 = ORIENTED_EDGE ( 'NONE', *, *, #5, .F. ) ;
#3017 = AXIS2_PLACEMENT_3D ( 'NONE', #3215, #2768, #571 ) ;
#3018 = DIRECTION ( 'NONE',  ( -1.000000000000000000, -0.000000000000000000, -0.000000000000000000 ) ) ;
#3019 = DIRECTION ( 'NONE',  ( 0.000000000000000000, 0.000000000000000000, 1.000000000000000000 ) ) ;
#3020 = EDGE_CURVE ( 'NONE', #3859, #5020, #2571, .T. ) ;
#3021 = VERTEX_POINT ( 'NONE', #3574 ) ;
#3022 = LINE ( 'NONE', #2552, #1794 ) ;
#3023 = EDGE_CURVE ( 'NONE', #1295, #3185, #2327, .T. ) ;
#3024 = DIRECTION ( 'NONE',  ( -2.312964634635742464E-16, -1.000000000000000000, 0.000000000000000000 ) ) ;
#3025 = ADVANCED_FACE ( 'NONE', ( #4466 ), #5390, .T. ) ;
#3026 = ORIENTED_EDGE ( 'NONE', *, *, #2139, .F. ) ;
#3027 = CARTESIAN_POINT ( 'NONE',  ( 15.00000000000000711, 12.24999999999998757, -12.50000000000000000 ) ) ;
#3028 = VERTEX_POINT ( 'NONE', #4559 ) ;
#3029 = EDGE_LOOP ( 'NONE', ( #1059, #719, #4771, #830 ) ) ;
#3030 = CARTESIAN_POINT ( 'NONE',  ( -37.50000000000000000, 21.25000000000000000, 5.500000000000001776 ) ) ;
#3031 = EDGE_CURVE ( 'NONE', #2406, #924, #1765, .T. ) ;
#3032 = FACE_OUTER_BOUND ( 'NONE', #4214, .T. ) ;
#3033 = EDGE_CURVE ( 'NONE', #1642, #3883, #69, .T. ) ;
#3034 = CARTESIAN_POINT ( 'NONE',  ( 34.49999999999999289, 24.25000000000000000, 50.70166666666662536 ) ) ;
#3035 = VERTEX_POINT ( 'NONE', #1853 ) ;
#3036 = ORIENTED_EDGE ( 'NONE', *, *, #3849, .T. ) ;
#3037 = EDGE_LOOP ( 'NONE', ( #360, #4278, #5642, #2566 ) ) ;
#3038 = DIRECTION ( 'NONE',  ( 2.312964634635743450E-16, -1.000000000000000000, -0.000000000000000000 ) ) ;
#3039 = FACE_OUTER_BOUND ( 'NONE', #4944, .T. ) ;
#3040 = VECTOR ( 'NONE', #2681, 1000.000000000000000 ) ;
#3041 = FACE_OUTER_BOUND ( 'NONE', #3984, .T. ) ;
#3042 = ORIENTED_EDGE ( 'NONE', *, *, #5747, .F. ) ;
#3043 = CIRCLE ( 'NONE', #3999, 1.500000000000008216 ) ;
#3044 = PLANE ( 'NONE',  #3668 ) ;
#3045 = EDGE_CURVE ( 'NONE', #3608, #3627, #2389, .T. ) ;
#3046 = DIRECTION ( 'NONE',  ( 0.7371541402007415478, -0.000000000000000000, 0.6757246285173461597 ) ) ;
#3047 = AXIS2_PLACEMENT_3D ( 'NONE', #696, #3373, #1057 ) ;
#3048 = EDGE_LOOP ( 'NONE', ( #2488, #5602, #4025, #4604 ) ) ;
#3049 = CARTESIAN_POINT ( 'NONE',  ( -26.49999999999999645, 20.24999999999998224, 2.399999999999997691 ) ) ;
#3050 = EDGE_CURVE ( 'NONE', #4939, #4494, #888, .T. ) ;
#3051 = CARTESIAN_POINT ( 'NONE',  ( 22.50000000000001776, -23.25000000000000711, 60.50000000000000000 ) ) ;
#3052 = VECTOR ( 'NONE', #1680, 1000.000000000000000 ) ;
#3053 = VERTEX_POINT ( 'NONE', #4976 ) ;
#3054 = CARTESIAN_POINT ( 'NONE',  ( -18.50000000000001066, 21.25000000000000000, 33.70166666666662536 ) ) ;
#3055 = ORIENTED_EDGE ( 'NONE', *, *, #150, .T. ) ;
#3056 = ORIENTED_EDGE ( 'NONE', *, *, #3338, .F. ) ;
#3057 = DIRECTION ( 'NONE',  ( 1.156482317317870246E-16, 1.000000000000000000, 0.000000000000000000 ) ) ;
#3058 = VECTOR ( 'NONE', #2371, 1000.000000000000000 ) ;
#3059 = DIRECTION ( 'NONE',  ( -1.000000000000000000, 2.551063935260010491E-16, 0.000000000000000000 ) ) ;
#3060 = AXIS2_PLACEMENT_3D ( 'NONE', #5459, #5547, #1396 ) ;
#3061 = CARTESIAN_POINT ( 'NONE',  ( -18.50000000000001066, 9.249999999999980460, 22.91666666666665364 ) ) ;
#3062 = CC_DESIGN_APPROVAL ( #1705, ( #2037 ) ) ;
#3063 = ORIENTED_EDGE ( 'NONE', *, *, #4079, .T. ) ;
#3064 = ORIENTED_EDGE ( 'NONE', *, *, #3315, .T. ) ;
#3065 = ORIENTED_EDGE ( 'NONE', *, *, #722, .F. ) ;
#3066 = DIRECTION ( 'NONE',  ( -0.000000000000000000, -0.000000000000000000, -1.000000000000000000 ) ) ;
#3067 = EDGE_CURVE ( 'NONE', #4011, #3475, #1419, .T. ) ;
#3068 = DIRECTION ( 'NONE',  ( -0.000000000000000000, -0.000000000000000000, -1.000000000000000000 ) ) ;
#3069 = DIRECTION ( 'NONE',  ( 0.000000000000000000, 0.000000000000000000, 1.000000000000000000 ) ) ;
#3070 = ORIENTED_EDGE ( 'NONE', *, *, #3380, .T. ) ;
#3071 = CARTESIAN_POINT ( 'NONE',  ( -14.99999999999999645, 12.24999999999999467, 5.000000000000000888 ) ) ;
#3072 = CARTESIAN_POINT ( 'NONE',  ( 5.843507214206450584, -21.11000936329384814, -3.371254162042182756 ) ) ;
#3073 = DIRECTION ( 'NONE',  ( 1.000000000000000000, 0.000000000000000000, 0.000000000000000000 ) ) ;
#3074 = VERTEX_POINT ( 'NONE', #975 ) ;
#3075 = CARTESIAN_POINT ( 'NONE',  ( 23.50000000000000000, -23.25000000000001066, 3.499999999999999556 ) ) ;
#3076 = LINE ( 'NONE', #2996, #5698 ) ;
#3077 = DIRECTION ( 'NONE',  ( 2.312964634635742464E-16, 1.000000000000000000, 0.000000000000000000 ) ) ;
#3078 = CIRCLE ( 'NONE', #742, 2.000000000000001776 ) ;
#3079 = ORIENTED_EDGE ( 'NONE', *, *, #2015, .T. ) ;
#3080 = CYLINDRICAL_SURFACE ( 'NONE', #4448, 2.000000000000001776 ) ;
#3081 = DIRECTION ( 'NONE',  ( -0.4997224534895765014, -1.167774604656207466E-16, -0.8661855860486009639 ) ) ;
#3082 = VERTEX_POINT ( 'NONE', #4586 ) ;
#3083 = DIRECTION ( 'NONE',  ( -1.156482317317870246E-16, -1.000000000000000000, 0.000000000000000000 ) ) ;
#3084 = AXIS2_PLACEMENT_3D ( 'NONE', #5028, #1322, #2706 ) ;
#3085 = CARTESIAN_POINT ( 'NONE',  ( -24.00000000000001421, -6.250000000000064837, 5.500000000000000000 ) ) ;
#3086 = VECTOR ( 'NONE', #4213, 1000.000000000000000 ) ;
#3087 = B_SPLINE_CURVE_WITH_KNOTS ( 'NONE', 3,
 ( #4892, #3501, #2955, #2143, #4781, #728, #4841, #1630, #3944, #3435 ),
 .UNSPECIFIED., .F., .F.,
 ( 4, 2, 2, 2, 4 ),
 ( -1.068007432830884227E-05, 0.0003853159263396918632, 0.0007813119270076926415, 0.001177307927675693257, 0.001573303928343694090 ),
 .UNSPECIFIED. ) ;
#3088 = CARTESIAN_POINT ( 'NONE',  ( 15.00000000000000711, 12.24999999999998757, -10.49999999999999112 ) ) ;
#3089 = ORIENTED_EDGE ( 'NONE', *, *, #3363, .F. ) ;
#3090 = DIRECTION ( 'NONE',  ( -0.7371541402007415478, -1.665709221557243568E-16, -0.6757246285173461597 ) ) ;
#3091 = ORIENTED_EDGE ( 'NONE', *, *, #3972, .T. ) ;
#3092 = ORIENTED_EDGE ( 'NONE', *, *, #4520, .F. ) ;
#3093 = DIRECTION ( 'NONE',  ( 2.312964634635742957E-16, 1.000000000000000000, -0.000000000000000000 ) ) ;
#3094 = ADVANCED_FACE ( 'NONE', ( #5804 ), #1736, .F. ) ;
#3095 = CIRCLE ( 'NONE', #2064, 1.000000000000000888 ) ;
#3096 = CYLINDRICAL_SURFACE ( 'NONE', #2200, 3.499999999999996003 ) ;
#3097 = EDGE_LOOP ( 'NONE', ( #4648, #2705, #4567, #4803, #4832, #4342, #4959, #3515 ) ) ;
#3098 = CARTESIAN_POINT ( 'NONE',  ( 22.50000000000000000, 9.249999999999998224, 43.99519656731666117 ) ) ;
#3099 = EDGE_LOOP ( 'NONE', ( #610, #3282, #5806, #4689 ) ) ;
#3100 = EDGE_CURVE ( 'NONE', #3035, #1427, #5363, .T. ) ;
#3101 = EDGE_CURVE ( 'NONE', #4256, #5049, #3804, .T. ) ;
#3102 = DIRECTION ( 'NONE',  ( 1.156482317317871478E-16, 1.000000000000000000, -0.000000000000000000 ) ) ;
#3103 = CARTESIAN_POINT ( 'NONE',  ( -37.50000000000000000, 12.24999999999998224, 5.500000000000000000 ) ) ;
#3104 = EDGE_CURVE ( 'NONE', #4252, #2613, #5834, .T. ) ;
#3105 = DIRECTION ( 'NONE',  ( 1.000000000000000000, 0.000000000000000000, 0.000000000000000000 ) ) ;
#3106 = ORIENTED_EDGE ( 'NONE', *, *, #1366, .T. ) ;
#3107 = CARTESIAN_POINT ( 'NONE',  ( 22.50000000000000000, -4.750000000000060396, 4.671572875253811041 ) ) ;
#3108 = CIRCLE ( 'NONE', #5680, 2.000000000000001776 ) ;
#3109 = CARTESIAN_POINT ( 'NONE',  ( 25.49999999999998934, -24.25000000000001066, -3.400000000000001688 ) ) ;
#3110 = LINE ( 'NONE', #1317, #884 ) ;
#3111 = CIRCLE ( 'NONE', #2082, 1.000000000000000888 ) ;
#3112 = ORIENTED_EDGE ( 'NONE', *, *, #4129, .T. ) ;
#3113 = FACE_OUTER_BOUND ( 'NONE', #2530, .T. ) ;
#3114 = ORIENTED_EDGE ( 'NONE', *, *, #1755, .F. ) ;
#3115 = DIRECTION ( 'NONE',  ( -0.000000000000000000, -0.000000000000000000, 1.000000000000000000 ) ) ;
#3116 = CIRCLE ( 'NONE', #2926, 1.000000000000000888 ) ;
#3117 = CARTESIAN_POINT ( 'NONE',  ( -23.50000000000000000, -23.25000000000000355, -3.563508326896292822 ) ) ;
#3118 = ADVANCED_FACE ( 'NONE', ( #4646 ), #1884, .T. ) ;
#3119 = DIRECTION ( 'NONE',  ( -0.5773502691896248429, 0.5773502691896319483, -0.5773502691896205130 ) ) ;
#3120 = ORIENTED_EDGE ( 'NONE', *, *, #3933, .F. ) ;
#3121 = DIRECTION ( 'NONE',  ( 5.701898048196685666E-48, -2.465190328815661892E-32, -1.000000000000000000 ) ) ;
#3122 = ORIENTED_EDGE ( 'NONE', *, *, #128, .T. ) ;
#3123 = ORIENTED_EDGE ( 'NONE', *, *, #333, .F. ) ;
#3124 = DIRECTION ( 'NONE',  ( -5.701898048196685666E-48, 2.465190328815661892E-32, 1.000000000000000000 ) ) ;
#3125 = AXIS2_PLACEMENT_3D ( 'NONE', #2509, #271, #5442 ) ;
#3126 = ADVANCED_FACE ( 'NONE', ( #2003 ), #1037, .T. ) ;
#3127 = EDGE_CURVE ( 'NONE', #1420, #3918, #1815, .T. ) ;
#3128 = DIRECTION ( 'NONE',  ( 0.000000000000000000, 0.000000000000000000, 1.000000000000000000 ) ) ;
#3129 = CARTESIAN_POINT ( 'NONE',  ( 5.782411586589220574E-17, 0.2499999999999915623, 8.500000000000000000 ) ) ;
#3130 = ORIENTED_EDGE ( 'NONE', *, *, #2309, .T. ) ;
#3131 = AXIS2_PLACEMENT_3D ( 'NONE', #1208, #5741, #2583 ) ;
#3132 = FACE_OUTER_BOUND ( 'NONE', #889, .T. ) ;
#3133 = ORIENTED_EDGE ( 'NONE', *, *, #5318, .T. ) ;
#3134 = COORDINATED_UNIVERSAL_TIME_OFFSET ( 8, 0, .AHEAD. ) ;
#3135 = CARTESIAN_POINT ( 'NONE',  ( -2.804469619495839845E-15, -24.25000000000000711, 0.000000000000000000 ) ) ;
#3136 = AXIS2_PLACEMENT_3D ( 'NONE', #5509, #4617, #3759 ) ;
#3137 = CIRCLE ( 'NONE', #1078, 0.9999999999999974465 ) ;
#3138 = EDGE_LOOP ( 'NONE', ( #1673, #3170, #2846, #5277 ) ) ;
#3139 = CARTESIAN_POINT ( 'NONE',  ( 26.40000000000000213, -23.25000000000000711, 57.89999999999999858 ) ) ;
#3140 = CARTESIAN_POINT ( 'NONE',  ( -24.00000000000001421, 0.2499999999999978906, 5.500000000000000000 ) ) ;
#3141 = CARTESIAN_POINT ( 'NONE',  ( 30.00000000000000000, 9.249999999999984013, 37.65000000000000568 ) ) ;
#3142 = VECTOR ( 'NONE', #4699, 1000.000000000000000 ) ;
#3143 = VERTEX_POINT ( 'NONE', #3807 ) ;
#3144 = DIRECTION ( 'NONE',  ( 1.000000000000000000, -1.284980352575412453E-16, 0.000000000000000000 ) ) ;
#3145 = EDGE_LOOP ( 'NONE', ( #5497, #1970 ) ) ;
#3146 = CARTESIAN_POINT ( 'NONE',  ( -2.688821387764051785E-15, -23.25000000000000711, 4.500000000000000000 ) ) ;
#3147 = CARTESIAN_POINT ( 'NONE',  ( 30.99999999999999645, -18.00000000000000000, -2.399999999999999467 ) ) ;
#3148 = TOROIDAL_SURFACE ( 'NONE', #5061, 5.000000000000000000, 2.000000000000000000 ) ;
#3149 = CARTESIAN_POINT ( 'NONE',  ( -23.99999999999999289, 0.2499999999999979461, -5.500000000000000000 ) ) ;
#3150 = VERTEX_POINT ( 'NONE', #1560 ) ;
#3151 = DIRECTION ( 'NONE',  ( -0.8661855860486006309, 0.000000000000000000, 0.4997224534895768344 ) ) ;
#3152 = ORIENTED_EDGE ( 'NONE', *, *, #1750, .F. ) ;
#3153 = ORIENTED_EDGE ( 'NONE', *, *, #161, .F. ) ;
#3154 = ORIENTED_EDGE ( 'NONE', *, *, #5045, .F. ) ;
#3155 = DIRECTION ( 'NONE',  ( -0.000000000000000000, -0.000000000000000000, 1.000000000000000000 ) ) ;
#3156 = AXIS2_PLACEMENT_3D ( 'NONE', #3558, #2255, #4067 ) ;
#3157 = ADVANCED_FACE ( 'NONE', ( #2356, #1976 ), #1066, .T. ) ;
#3158 = AXIS2_PLACEMENT_3D ( 'NONE', #4808, #1517, #257 ) ;
#3159 = CARTESIAN_POINT ( 'NONE',  ( -18.50000000000001066, 12.25000000000000000, 22.70000000000001705 ) ) ;
#3160 = VECTOR ( 'NONE', #967, 1000.000000000000000 ) ;
#3161 = DIRECTION ( 'NONE',  ( 0.7071067811865431318, -0.7071067811865519026, -0.000000000000000000 ) ) ;
#3162 = VECTOR ( 'NONE', #2677, 1000.000000000000000 ) ;
#3163 = EDGE_LOOP ( 'NONE', ( #1067, #3460, #5849, #5752 ) ) ;
#3164 = CARTESIAN_POINT ( 'NONE',  ( 37.50000000000000000, 12.25000000000000000, 57.50000000000000000 ) ) ;
#3165 = EDGE_CURVE ( 'NONE', #689, #1157, #606, .T. ) ;
#3166 = ORIENTED_EDGE ( 'NONE', *, *, #1639, .T. ) ;
#3167 = CIRCLE ( 'NONE', #635, 5.000000000000003553 ) ;
#3168 = DIRECTION ( 'NONE',  ( 1.000000000000000000, -2.312964634635742957E-16, 0.000000000000000000 ) ) ;
#3169 = FACE_OUTER_BOUND ( 'NONE', #400, .T. ) ;
#3170 = ORIENTED_EDGE ( 'NONE', *, *, #1596, .F. ) ;
#3171 = FACE_OUTER_BOUND ( 'NONE', #2650, .T. ) ;
#3172 = CARTESIAN_POINT ( 'NONE',  ( 33.60000000000000142, -23.83578643762691129, 52.90000000000001279 ) ) ;
#3173 = ADVANCED_FACE ( 'NONE', ( #1096 ), #4171, .T. ) ;
#3174 = VERTEX_POINT ( 'NONE', #1444 ) ;
#3175 = EDGE_CURVE ( 'NONE', #3053, #2241, #559, .T. ) ;
#3176 = CARTESIAN_POINT ( 'NONE',  ( -21.19432264065691740, 24.24999999999998579, 8.488537579397787525 ) ) ;
#3177 = ORIENTED_EDGE ( 'NONE', *, *, #4720, .F. ) ;
#3178 = CARTESIAN_POINT ( 'NONE',  ( -24.00000000000000000, -23.25000000000000355, -5.500000000000000000 ) ) ;
#3179 = EDGE_CURVE ( 'NONE', #295, #3475, #5326, .T. ) ;
#3180 = FACE_OUTER_BOUND ( 'NONE', #4929, .T. ) ;
#3181 = CARTESIAN_POINT ( 'NONE',  ( 19.14855074296530191, 24.24999999999999289, -3.019858152799183628E-31 ) ) ;
#3182 = EDGE_CURVE ( 'NONE', #5484, #368, #2423, .T. ) ;
#3183 = LINE ( 'NONE', #5422, #4668 ) ;
#3184 = ORIENTED_EDGE ( 'NONE', *, *, #3380, .F. ) ;
#3185 = VERTEX_POINT ( 'NONE', #595 ) ;
#3186 = CARTESIAN_POINT ( 'NONE',  ( -26.49999999999999645, -23.25000000000000711, 2.399999999999998135 ) ) ;
#3187 = CIRCLE ( 'NONE', #4042, 1.000000000000000888 ) ;
#3188 = DIRECTION ( 'NONE',  ( -0.000000000000000000, -0.000000000000000000, -1.000000000000000000 ) ) ;
#3189 = FACE_OUTER_BOUND ( 'NONE', #1097, .T. ) ;
#3190 = ORIENTED_EDGE ( 'NONE', *, *, #5736, .T. ) ;
#3191 = CARTESIAN_POINT ( 'NONE',  ( 22.50000000000000000, -2.750000000000013323, 51.50000000000000711 ) ) ;
#3192 = VERTEX_POINT ( 'NONE', #2388 ) ;
#3193 = AXIS2_PLACEMENT_3D ( 'NONE', #1554, #5026, #2756 ) ;
#3194 = ADVANCED_FACE ( 'NONE', ( #4204 ), #3240, .T. ) ;
#3195 = FACE_OUTER_BOUND ( 'NONE', #4527, .T. ) ;
#3196 = CARTESIAN_POINT ( 'NONE',  ( -37.50000000000000000, 20.24999999999997868, -2.400000000000001688 ) ) ;
#3197 = ORIENTED_EDGE ( 'NONE', *, *, #150, .F. ) ;
#3198 = CARTESIAN_POINT ( 'NONE',  ( 20.00000000000003197, -2.250000000000060840, -5.500000000000000000 ) ) ;
#3199 = CYLINDRICAL_SURFACE ( 'NONE', #4000, 0.9999999999999974465 ) ;
#3200 = ADVANCED_FACE ( 'NONE', ( #3783 ), #1289, .F. ) ;
#3201 = CARTESIAN_POINT ( 'NONE',  ( 35.50000000000000000, 0.2499999999999833744, 8.500000000000000000 ) ) ;
#3202 = CARTESIAN_POINT ( 'NONE',  ( -34.49999999999999289, -23.25000000000000355, -4.500000000000000888 ) ) ;
#3203 = ADVANCED_FACE ( 'NONE', ( #2199, #300 ), #3364, .T. ) ;
#3204 = ORIENTED_EDGE ( 'NONE', *, *, #5040, .F. ) ;
#3205 = DIRECTION ( 'NONE',  ( -2.312964634635742957E-16, -1.000000000000000000, -0.000000000000000000 ) ) ;
#3206 = CIRCLE ( 'NONE', #5206, 2.000000000000001776 ) ;
#3207 = ORIENTED_EDGE ( 'NONE', *, *, #5117, .F. ) ;
#3208 = CARTESIAN_POINT ( 'NONE',  ( 29.00000000000000000, -18.00000000000000000, 57.89999999999999858 ) ) ;
#3209 = AXIS2_PLACEMENT_3D ( 'NONE', #4592, #4176, #1216 ) ;
#3210 = LINE ( 'NONE', #4166, #114 ) ;
#3211 = CARTESIAN_POINT ( 'NONE',  ( 35.50000000000000000, -2.750000000000015987, 46.50000000000000000 ) ) ;
#3212 = CARTESIAN_POINT ( 'NONE',  ( 23.50000000000000000, -24.25000000000001066, 0.000000000000000000 ) ) ;
#3213 = ORIENTED_EDGE ( 'NONE', *, *, #3979, .F. ) ;
#3214 = ORIENTED_EDGE ( 'NONE', *, *, #5113, .T. ) ;
#3215 = CARTESIAN_POINT ( 'NONE',  ( -33.49999999999997868, 20.24999999999998224, -2.400000000000001688 ) ) ;
#3216 = CARTESIAN_POINT ( 'NONE',  ( 24.50000000000000000, -23.25000000000001066, 49.50000000000000000 ) ) ;
#3217 = FACE_OUTER_BOUND ( 'NONE', #1038, .T. ) ;
#3218 = ORIENTED_EDGE ( 'NONE', *, *, #3478, .T. ) ;
#3219 = CARTESIAN_POINT ( 'NONE',  ( -34.49999999999999289, 0.2499999999999985012, -5.500000000000000888 ) ) ;
#3220 = ORIENTED_EDGE ( 'NONE', *, *, #2394, .T. ) ;
#3221 = DIRECTION ( 'NONE',  ( 0.000000000000000000, -1.000000000000000000, 0.000000000000000000 ) ) ;
#3222 = FACE_OUTER_BOUND ( 'NONE', #3415, .T. ) ;
#3223 = ORIENTED_EDGE ( 'NONE', *, *, #131, .T. ) ;
#3224 = ORIENTED_EDGE ( 'NONE', *, *, #5113, .F. ) ;
#3225 = DIRECTION ( 'NONE',  ( -1.000000000000000000, 0.000000000000000000, 0.000000000000000000 ) ) ;
#3226 = FACE_BOUND ( 'NONE', #3145, .T. ) ;
#3227 = ADVANCED_FACE ( 'NONE', ( #4009 ), #248, .F. ) ;
#3228 = DIRECTION ( 'NONE',  ( -2.312964634635743450E-16, 1.000000000000000000, -0.000000000000000000 ) ) ;
#3229 = PLANE ( 'NONE',  #66 ) ;
#3230 = VECTOR ( 'NONE', #4356, 1000.000000000000000 ) ;
#3231 = VERTEX_POINT ( 'NONE', #5381 ) ;
#3232 = DIRECTION ( 'NONE',  ( 1.000000000000000000, -2.312964634635742957E-16, -0.000000000000000000 ) ) ;
#3233 = EDGE_CURVE ( 'NONE', #1150, #4966, #3110, .T. ) ;
#3234 = ORIENTED_EDGE ( 'NONE', *, *, #165, .F. ) ;
#3235 = DIRECTION ( 'NONE',  ( -2.312964634635742464E-16, -1.000000000000000000, -0.000000000000000000 ) ) ;
#3236 = AXIS2_PLACEMENT_3D ( 'NONE', #5755, #4746, #5784 ) ;
#3237 = AXIS2_PLACEMENT_3D ( 'NONE', #430, #4513, #1455 ) ;
#3238 = DIRECTION ( 'NONE',  ( -0.000000000000000000, -0.000000000000000000, 1.000000000000000000 ) ) ;
#3239 = DIRECTION ( 'NONE',  ( 2.312964634635742464E-16, 1.000000000000000000, 0.000000000000000000 ) ) ;
#3240 = CYLINDRICAL_SURFACE ( 'NONE', #2285, 1.000000000000000888 ) ;
#3241 = ORIENTED_EDGE ( 'NONE', *, *, #483, .F. ) ;
#3242 = ORIENTED_EDGE ( 'NONE', *, *, #78, .T. ) ;
#3243 = DIRECTION ( 'NONE',  ( 2.312964634635743450E-16, -1.000000000000000000, -0.000000000000000000 ) ) ;
#3244 = FACE_OUTER_BOUND ( 'NONE', #5744, .T. ) ;
#3245 = DIRECTION ( 'NONE',  ( -1.000000000000000000, 0.000000000000000000, 0.000000000000000000 ) ) ;
#3246 = FACE_OUTER_BOUND ( 'NONE', #3029, .T. ) ;
#3247 = VERTEX_POINT ( 'NONE', #4741 ) ;
#3248 = CARTESIAN_POINT ( 'NONE',  ( 33.49999999999998579, -23.25000000000001421, 2.399999999999998135 ) ) ;
#3249 = ORIENTED_EDGE ( 'NONE', *, *, #3612, .F. ) ;
#3250 = CIRCLE ( 'NONE', #2305, 10.00000000000000000 ) ;
#3251 = EDGE_CURVE ( 'NONE', #4506, #367, #4457, .T. ) ;
#3252 = EDGE_CURVE ( 'NONE', #3608, #5751, #2195, .T. ) ;
#3253 = AXIS2_PLACEMENT_3D ( 'NONE', #3135, #1176, #404 ) ;
#3254 = ADVANCED_FACE ( 'NONE', ( #409 ), #446, .F. ) ;
#3255 = DIRECTION ( 'NONE',  ( 1.000000000000000000, -1.284980352575412453E-16, 1.156482317317872465E-16 ) ) ;
#3256 = CARTESIAN_POINT ( 'NONE',  ( 19.14855074296530191, 24.24999999999999289, 47.70166666666661826 ) ) ;
#3257 = ORIENTED_EDGE ( 'NONE', *, *, #299, .F. ) ;
#3258 = APPROVAL_PERSON_ORGANIZATION ( #2112, #3987, #5262 ) ;
#3259 = ORIENTED_EDGE ( 'NONE', *, *, #733, .F. ) ;
#3260 = CARTESIAN_POINT ( 'NONE',  ( -36.50000000000000000, -23.25000000000000355, 0.000000000000000000 ) ) ;
#3261 = DIRECTION ( 'NONE',  ( 0.000000000000000000, -1.000000000000000000, 0.000000000000000000 ) ) ;
#3262 = VECTOR ( 'NONE', #4873, 1000.000000000000000 ) ;
#3263 = LINE ( 'NONE', #4964, #3886 ) ;
#3264 = DIRECTION ( 'NONE',  ( -2.312964634635742957E-16, -1.000000000000000000, -0.000000000000000000 ) ) ;
#3265 = EDGE_LOOP ( 'NONE', ( #1262, #4921 ) ) ;
#3266 = DIRECTION ( 'NONE',  ( 1.000000000000000000, -2.312964634635742957E-16, -0.000000000000000000 ) ) ;
#3267 = LINE ( 'NONE', #4730, #2340 ) ;
#3268 = VECTOR ( 'NONE', #5013, 1000.000000000000000 ) ;
#3269 = DIRECTION ( 'NONE',  ( -2.312964634635743943E-16, 1.000000000000000000, -5.473822126268816683E-48 ) ) ;
#3270 = DIRECTION ( 'NONE',  ( 1.000000000000000000, -1.156482317317871478E-16, 0.000000000000000000 ) ) ;
#3271 = DIRECTION ( 'NONE',  ( 0.000000000000000000, 1.000000000000000000, -0.000000000000000000 ) ) ;
#3272 = ORIENTED_EDGE ( 'NONE', *, *, #333, .T. ) ;
#3273 = ORIENTED_EDGE ( 'NONE', *, *, #4728, .F. ) ;
#3274 = LINE ( 'NONE', #3725, #1965 ) ;
#3275 = LINE ( 'NONE', #1450, #4267 ) ;
#3276 = CARTESIAN_POINT ( 'NONE',  ( 22.89422703258320624, 0.2499999999999862332, 22.18110525119659826 ) ) ;
#3277 = CARTESIAN_POINT ( 'NONE',  ( -2.688821387764052574E-15, -23.25000000000000711, 50.50000000000000000 ) ) ;
#3278 = VECTOR ( 'NONE', #1711, 1000.000000000000000 ) ;
#3279 = ORIENTED_EDGE ( 'NONE', *, *, #4549, .T. ) ;
#3280 = AXIS2_PLACEMENT_3D ( 'NONE', #4620, #570, #5129 ) ;
#3281 = DIRECTION ( 'NONE',  ( 1.000000000000000000, 0.000000000000000000, 0.000000000000000000 ) ) ;
#3282 = ORIENTED_EDGE ( 'NONE', *, *, #1260, .F. ) ;
#3283 = AXIS2_PLACEMENT_3D ( 'NONE', #769, #2971, #3485 ) ;
#3284 = DIRECTION ( 'NONE',  ( 1.000000000000000000, 0.000000000000000000, 0.000000000000000000 ) ) ;
#3285 = EDGE_CURVE ( 'NONE', #4580, #5503, #5632, .T. ) ;
#3286 = CYLINDRICAL_SURFACE ( 'NONE', #3441, 1.000000000000000888 ) ;
#3287 = ORIENTED_EDGE ( 'NONE', *, *, #1148, .T. ) ;
#3288 = VERTEX_POINT ( 'NONE', #2638 ) ;
#3289 = DIRECTION ( 'NONE',  ( -1.000000000000000000, 0.000000000000000000, 0.000000000000000000 ) ) ;
#3290 = EDGE_CURVE ( 'NONE', #3035, #4014, #3418, .T. ) ;
#3291 = DIRECTION ( 'NONE',  ( -0.000000000000000000, -0.000000000000000000, 1.000000000000000000 ) ) ;
#3292 = CIRCLE ( 'NONE', #4345, 5.000000000000000000 ) ;
#3293 = EDGE_CURVE ( 'NONE', #4778, #1150, #416, .T. ) ;
#3294 = CARTESIAN_POINT ( 'NONE',  ( -30.00000000000000000, -18.00000000000000000, -28.50000000000000355 ) ) ;
#3295 = CARTESIAN_POINT ( 'NONE',  ( 22.50000000000000355, 9.249999999999998224, 48.54166666666661456 ) ) ;
#3296 = ORIENTED_EDGE ( 'NONE', *, *, #3020, .T. ) ;
#3297 = CARTESIAN_POINT ( 'NONE',  ( -6.734545454545494358, 12.25000000000000000, 33.70166666666662536 ) ) ;
#3298 = UNCERTAINTY_MEASURE_WITH_UNIT (LENGTH_MEASURE( 1.000000000000000082E-05 ), #642, 'distance_accuracy_value', 'NONE');
#3299 = ORIENTED_EDGE ( 'NONE', *, *, #1347, .F. ) ;
#3300 = CARTESIAN_POINT ( 'NONE',  ( 19.14855074296530546, 9.249999999999991118, 45.46950484771814160 ) ) ;
#3301 = LINE ( 'NONE', #507, #2088 ) ;
#3302 = CARTESIAN_POINT ( 'NONE',  ( 37.50000000000000000, 24.25000000000000000, 10.70000000000002061 ) ) ;
#3303 = CARTESIAN_POINT ( 'NONE',  ( -17.19847974487184672, 0.5515202551281666032, 10.53387847416066414 ) ) ;
#3304 = ORIENTED_EDGE ( 'NONE', *, *, #5404, .T. ) ;
#3305 = ORIENTED_EDGE ( 'NONE', *, *, #4792, .F. ) ;
#3306 = DIRECTION ( 'NONE',  ( -3.285095891825398744E-33, 1.000000000000000000, -4.009138700035294957E-16 ) ) ;
#3307 = EDGE_CURVE ( 'NONE', #3650, #794, #5423, .T. ) ;
#3308 = CARTESIAN_POINT ( 'NONE',  ( -23.49999999999999645, 24.24999999999998579, -1.400000000000001465 ) ) ;
#3309 = CYLINDRICAL_SURFACE ( 'NONE', #5344, 1.000000000000000888 ) ;
#3310 = AXIS2_PLACEMENT_3D ( 'NONE', #2173, #5819, #1315 ) ;
#3311 = DIRECTION ( 'NONE',  ( 1.445602896647339706E-15, 0.000000000000000000, -1.000000000000000000 ) ) ;
#3312 = ORIENTED_EDGE ( 'NONE', *, *, #1592, .F. ) ;
#3313 = DIRECTION ( 'NONE',  ( 2.312964634635743943E-16, -1.000000000000000000, -0.000000000000000000 ) ) ;
#3314 = ORIENTED_EDGE ( 'NONE', *, *, #3472, .F. ) ;
#3315 = EDGE_CURVE ( 'NONE', #70, #774, #1130, .T. ) ;
#3316 = ADVANCED_FACE ( 'NONE', ( #2039 ), #2914, .T. ) ;
#3317 = CARTESIAN_POINT ( 'NONE',  ( -33.91421356237308515, -24.24999999999999645, 2.814213562373093058 ) ) ;
#3318 = CARTESIAN_POINT ( 'NONE',  ( -24.01642870106948635, -23.75611431641515026, -5.372443479784014819 ) ) ;
#3319 = ORIENTED_EDGE ( 'NONE', *, *, #3031, .T. ) ;
#3320 = AXIS2_PLACEMENT_3D ( 'NONE', #5592, #4226, #584 ) ;
#3321 = DIRECTION ( 'NONE',  ( 0.000000000000000000, 1.000000000000000000, 0.000000000000000000 ) ) ;
#3322 = CARTESIAN_POINT ( 'NONE',  ( 22.50000000000000000, 12.25000000000000000, -5.500000000000000000 ) ) ;
#3323 = ORIENTED_EDGE ( 'NONE', *, *, #5100, .F. ) ;
#3324 = LINE ( 'NONE', #3801, #1423 ) ;
#3325 = CARTESIAN_POINT ( 'NONE',  ( -33.49999999999997868, 33.75000000000001421, -2.400000000000001688 ) ) ;
#3326 = CIRCLE ( 'NONE', #1628, 2.999999999999999112 ) ;
#3327 = DIRECTION ( 'NONE',  ( 0.000000000000000000, 0.000000000000000000, 1.000000000000000000 ) ) ;
#3328 = LINE ( 'NONE', #5156, #895 ) ;
#3329 = CARTESIAN_POINT ( 'NONE',  ( -16.12898166160506364, 1.621018338394959013, 11.89630800149358336 ) ) ;
#3330 = ORIENTED_EDGE ( 'NONE', *, *, #1809, .F. ) ;
#3331 = ORIENTED_EDGE ( 'NONE', *, *, #2309, .F. ) ;
#3332 = CARTESIAN_POINT ( 'NONE',  ( 37.50000000000000000, 12.25000000000000000, 10.70000000000002061 ) ) ;
#3333 = VECTOR ( 'NONE', #2429, 1000.000000000000000 ) ;
#3334 = LINE ( 'NONE', #5163, #1655 ) ;
#3335 = DIRECTION ( 'NONE',  ( 1.000000000000000000, -1.156482317317871478E-16, 0.000000000000000000 ) ) ;
#3336 = VECTOR ( 'NONE', #3046, 999.9999999999998863 ) ;
#3337 = LINE ( 'NONE', #3390, #4874 ) ;
#3338 = EDGE_CURVE ( 'NONE', #2925, #1595, #5430, .T. ) ;
#3339 = ORIENTED_EDGE ( 'NONE', *, *, #4608, .F. ) ;
#3340 = DIRECTION ( 'NONE',  ( 0.000000000000000000, 1.000000000000000000, 0.000000000000000000 ) ) ;
#3341 = VERTEX_POINT ( 'NONE', #879 ) ;
#3342 = VECTOR ( 'NONE', #5572, 1000.000000000000000 ) ;
#3343 = CARTESIAN_POINT ( 'NONE',  ( -33.49999999999998579, -23.83578643762690419, 2.399999999999998579 ) ) ;
#3344 = VECTOR ( 'NONE', #2308, 1000.000000000000000 ) ;
#3345 = EDGE_LOOP ( 'NONE', ( #764, #1302, #1713, #5771 ) ) ;
#3346 = VECTOR ( 'NONE', #1110, 1000.000000000000000 ) ;
#3347 = VECTOR ( 'NONE', #4768, 1000.000000000000000 ) ;
#3348 = DIRECTION ( 'NONE',  ( -1.000000000000000000, 0.000000000000000000, -8.673617379884038430E-16 ) ) ;
#3349 = COORDINATED_UNIVERSAL_TIME_OFFSET ( 8, 0, .AHEAD. ) ;
#3350 = VERTEX_POINT ( 'NONE', #3837 ) ;
#3351 = CARTESIAN_POINT ( 'NONE',  ( 22.50000000000000000, 24.24999999999999645, 10.70000000000001883 ) ) ;
#3352 = ADVANCED_FACE ( 'NONE', ( #3389 ), #5685, .T. ) ;
#3353 = CYLINDRICAL_SURFACE ( 'NONE', #4757, 2.500000000000001776 ) ;
#3354 = DIRECTION ( 'NONE',  ( 2.312964634635743450E-16, -1.000000000000000000, -0.000000000000000000 ) ) ;
#3355 = CARTESIAN_POINT ( 'NONE',  ( 25.49999999999998934, -24.25000000000001066, 2.399999999999998135 ) ) ;
#3356 = EDGE_CURVE ( 'NONE', #2467, #1948, #4180, .T. ) ;
#3357 = CARTESIAN_POINT ( 'NONE',  ( -2.000000000000000000, 6.249999999999996447, 12.50000000000000000 ) ) ;
#3358 = ORIENTED_EDGE ( 'NONE', *, *, #950, .T. ) ;
#3359 = ORIENTED_EDGE ( 'NONE', *, *, #1528, .T. ) ;
#3360 = DIRECTION ( 'NONE',  ( -0.000000000000000000, 1.000000000000000000, -0.000000000000000000 ) ) ;
#3361 = EDGE_CURVE ( 'NONE', #1561, #5415, #1613, .T. ) ;
#3362 = CARTESIAN_POINT ( 'NONE',  ( 0.5000000000000017764, 6.249999999999996447, -12.49999999999999645 ) ) ;
#3363 = EDGE_CURVE ( 'NONE', #1433, #242, #1308, .T. ) ;
#3364 = PLANE ( 'NONE',  #5046 ) ;
#3365 = CC_DESIGN_PERSON_AND_ORGANIZATION_ASSIGNMENT ( #5815, #2578, ( #2037 ) ) ;
#3366 = CARTESIAN_POINT ( 'NONE',  ( -21.19432264065691385, 24.24999999999998934, 8.488537579397789301 ) ) ;
#3367 = EDGE_LOOP ( 'NONE', ( #1045, #1406, #3503, #10 ) ) ;
#3368 = CARTESIAN_POINT ( 'NONE',  ( 36.50000000000000000, -23.25000000000001066, 51.50000000000000711 ) ) ;
#3369 = DIRECTION ( 'NONE',  ( -1.000000000000000000, 0.000000000000000000, 0.000000000000000000 ) ) ;
#3370 = CARTESIAN_POINT ( 'NONE',  ( 33.60000000000000142, -23.25000000000000711, 52.90000000000000568 ) ) ;
#3371 = ORIENTED_EDGE ( 'NONE', *, *, #5553, .F. ) ;
#3372 = VECTOR ( 'NONE', #1213, 1000.000000000000000 ) ;
#3373 = DIRECTION ( 'NONE',  ( 0.000000000000000000, 0.000000000000000000, 1.000000000000000000 ) ) ;
#3374 = DIRECTION ( 'NONE',  ( 0.000000000000000000, 0.000000000000000000, -1.000000000000000000 ) ) ;
#3375 = ORIENTED_EDGE ( 'NONE', *, *, #307, .F. ) ;
#3376 = DIRECTION ( 'NONE',  ( -0.7071067811865502373, -1.635512977795605737E-16, -0.7071067811865447972 ) ) ;
#3377 = AXIS2_PLACEMENT_3D ( 'NONE', #2192, #4001, #813 ) ;
#3378 = VERTEX_POINT ( 'NONE', #5500 ) ;
#3379 = CARTESIAN_POINT ( 'NONE',  ( 8.000000000000003553, 12.24999999999999289, 5.000000000000000888 ) ) ;
#3380 = EDGE_CURVE ( 'NONE', #3010, #3378, #120, .T. ) ;
#3381 = EDGE_CURVE ( 'NONE', #5333, #4494, #1807, .T. ) ;
#3382 = CARTESIAN_POINT ( 'NONE',  ( -4.500000000000002665, 6.249999999999996447, 7.000000000000000000 ) ) ;
#3383 = CARTESIAN_POINT ( 'NONE',  ( 8.000000000000000000, 0.2499999999999905076, 5.000000000000000888 ) ) ;
#3384 = DIRECTION ( 'NONE',  ( -1.000000000000000000, -0.000000000000000000, -0.000000000000000000 ) ) ;
#3385 = ORIENTED_EDGE ( 'NONE', *, *, #2250, .T. ) ;
#3386 = ORIENTED_EDGE ( 'NONE', *, *, #3165, .T. ) ;
#3387 = DIRECTION ( 'NONE',  ( -1.000000000000000000, -0.000000000000000000, -0.000000000000000000 ) ) ;
#3388 = DIRECTION ( 'NONE',  ( 0.000000000000000000, 0.000000000000000000, -1.000000000000000000 ) ) ;
#3389 = FACE_OUTER_BOUND ( 'NONE', #2296, .T. ) ;
#3390 = CARTESIAN_POINT ( 'NONE',  ( -22.49999999999999645, 20.24999999999998579, 1.399999999999998579 ) ) ;
#3391 = VERTEX_POINT ( 'NONE', #5411 ) ;
#3392 = VERTEX_POINT ( 'NONE', #3201 ) ;
#3393 = ORIENTED_EDGE ( 'NONE', *, *, #3182, .F. ) ;
#3394 = DIRECTION ( 'NONE',  ( 0.000000000000000000, -0.000000000000000000, 1.000000000000000000 ) ) ;
#3395 = AXIS2_PLACEMENT_3D ( 'NONE', #4044, #2261, #3626 ) ;
#3396 = CARTESIAN_POINT ( 'NONE',  ( -33.49999999999998579, -23.25000000000000000, 2.399999999999998135 ) ) ;
#3397 = CARTESIAN_POINT ( 'NONE',  ( -12.99999999999995204, 2.249999999999994671, 10.50000000000000000 ) ) ;
#3398 = CARTESIAN_POINT ( 'NONE',  ( -33.49999999999998579, 20.24999999999998224, 2.399999999999997691 ) ) ;
#3399 = ORIENTED_EDGE ( 'NONE', *, *, #5708, .F. ) ;
#3400 = CIRCLE ( 'NONE', #4650, 1.000000000000000000 ) ;
#3401 = CARTESIAN_POINT ( 'NONE',  ( 37.50000000000000000, -2.750000000000016875, 8.500000000000000000 ) ) ;
#3402 = CYLINDRICAL_SURFACE ( 'NONE', #2579, 1.000000000000000888 ) ;
#3403 =( NAMED_UNIT ( * ) SI_UNIT ( $, .STERADIAN. ) SOLID_ANGLE_UNIT ( ) );
#3404 = VERTEX_POINT ( 'NONE', #500 ) ;
#3405 = EDGE_CURVE ( 'NONE', #1605, #1111, #4386, .T. ) ;
#3406 = ORIENTED_EDGE ( 'NONE', *, *, #5405, .F. ) ;
#3407 = DIRECTION ( 'NONE',  ( 1.000000000000000000, 0.000000000000000000, 0.000000000000000000 ) ) ;
#3408 = AXIS2_PLACEMENT_3D ( 'NONE', #1872, #2349, #2259 ) ;
#3409 = DIRECTION ( 'NONE',  ( -2.312964634635743450E-16, 1.000000000000000000, -0.000000000000000000 ) ) ;
#3410 = DIRECTION ( 'NONE',  ( -1.000000000000000000, 0.000000000000000000, 0.000000000000000000 ) ) ;
#3411 = CIRCLE ( 'NONE', #877, 1.000000000000000888 ) ;
#3412 = EDGE_CURVE ( 'NONE', #2980, #3082, #5694, .T. ) ;
#3413 = DIRECTION ( 'NONE',  ( 1.000000000000000000, 0.000000000000000000, 0.000000000000000000 ) ) ;
#3414 = ORIENTED_EDGE ( 'NONE', *, *, #502, .F. ) ;
#3415 = EDGE_LOOP ( 'NONE', ( #4843, #945, #3120, #3868 ) ) ;
#3416 = DIRECTION ( 'NONE',  ( -1.000000000000000000, 0.000000000000000000, 0.000000000000000000 ) ) ;
#3417 = CARTESIAN_POINT ( 'NONE',  ( 0.000000000000000000, 0.000000000000000000, -2.500000000000000444 ) ) ;
#3418 = LINE ( 'NONE', #3896, #695 ) ;
#3419 = DIRECTION ( 'NONE',  ( -2.259648465249937489E-16, 1.000000000000000000, -2.465190328815661892E-32 ) ) ;
#3420 = AXIS2_PLACEMENT_3D ( 'NONE', #1565, #1154, #1648 ) ;
#3421 = VECTOR ( 'NONE', #3729, 1000.000000000000000 ) ;
#3422 = EDGE_LOOP ( 'NONE', ( #2643, #275, #3834, #3990 ) ) ;
#3423 = ORIENTED_EDGE ( 'NONE', *, *, #410, .T. ) ;
#3424 = EDGE_LOOP ( 'NONE', ( #2946, #984, #3273, #2682 ) ) ;
#3425 = DIRECTION ( 'NONE',  ( -1.000000000000000000, 0.000000000000000000, 0.000000000000000000 ) ) ;
#3426 = VECTOR ( 'NONE', #3764, 1000.000000000000000 ) ;
#3427 = CARTESIAN_POINT ( 'NONE',  ( -15.00000000000000000, 0.2499999999999950040, -8.000000000000000000 ) ) ;
#3428 = AXIS2_PLACEMENT_3D ( 'NONE', #2842, #2407, #4665 ) ;
#3429 = CARTESIAN_POINT ( 'NONE',  ( 24.50000000000000000, -6.750000000000086153, -5.500000000000000000 ) ) ;
#3430 = DIRECTION ( 'NONE',  ( -1.000000000000000000, -2.312964634635743450E-16, 0.000000000000000000 ) ) ;
#3431 = ADVANCED_FACE ( 'NONE', ( #1467 ), #2317, .F. ) ;
#3432 = EDGE_LOOP ( 'NONE', ( #3241, #1776, #4121, #1902 ) ) ;
#3433 = ADVANCED_FACE ( 'NONE', ( #4158 ), #4936, .T. ) ;
#3434 = EDGE_CURVE ( 'NONE', #368, #5006, #2726, .T. ) ;
#3435 = CARTESIAN_POINT ( 'NONE',  ( -24.00000000000001776, -23.25000000000000711, 5.500000000000000000 ) ) ;
#3436 = CIRCLE ( 'NONE', #3630, 3.000000000000002665 ) ;
#3437 = FACE_OUTER_BOUND ( 'NONE', #4235, .T. ) ;
#3438 = DIRECTION ( 'NONE',  ( -0.000000000000000000, -0.000000000000000000, -1.000000000000000000 ) ) ;
#3439 = EDGE_CURVE ( 'NONE', #2358, #921, #5320, .T. ) ;
#3440 = APPROVAL ( #1781, 'æœª' ) ;
#3441 = AXIS2_PLACEMENT_3D ( 'NONE', #5464, #1051, #3742 ) ;
#3442 = ORIENTED_EDGE ( 'NONE', *, *, #684, .T. ) ;
#3443 = EDGE_LOOP ( 'NONE', ( #3761, #1874, #1886, #5377 ) ) ;
#3444 = LINE ( 'NONE', #289, #1686 ) ;
#3445 = VECTOR ( 'NONE', #4151, 1000.000000000000000 ) ;
#3446 = DIRECTION ( 'NONE',  ( -1.156482317317871478E-16, -1.000000000000000000, 0.000000000000000000 ) ) ;
#3447 = AXIS2_PLACEMENT_3D ( 'NONE', #1898, #4632, #5079 ) ;
#3448 = CIRCLE ( 'NONE', #1189, 1.500000000000003997 ) ;
#3449 = ORIENTED_EDGE ( 'NONE', *, *, #407, .T. ) ;
#3450 = FACE_OUTER_BOUND ( 'NONE', #267, .T. ) ;
#3451 = ORIENTED_EDGE ( 'NONE', *, *, #4060, .F. ) ;
#3452 = ORIENTED_EDGE ( 'NONE', *, *, #1223, .T. ) ;
#3453 = CARTESIAN_POINT ( 'NONE',  ( -34.49999999999999289, -12.25000000000000178, -2.500000000000000444 ) ) ;
#3454 = VECTOR ( 'NONE', #554, 1000.000000000000000 ) ;
#3455 = EDGE_CURVE ( 'NONE', #4504, #5609, #4338, .T. ) ;
#3456 = AXIS2_PLACEMENT_3D ( 'NONE', #3805, #735, #2469 ) ;
#3457 = CARTESIAN_POINT ( 'NONE',  ( -2.000000000000000000, 6.249999999999996447, -12.49999999999999645 ) ) ;
#3458 = DIRECTION ( 'NONE',  ( 0.7371541402007415478, 0.000000000000000000, 0.6757246285173462708 ) ) ;
#3459 = EDGE_LOOP ( 'NONE', ( #3204, #225, #2513, #5270, #1329, #13, #1634, #1671, #1218, #4409 ) ) ;
#3460 = ORIENTED_EDGE ( 'NONE', *, *, #1771, .T. ) ;
#3461 = ORIENTED_EDGE ( 'NONE', *, *, #5754, .T. ) ;
#3462 = CYLINDRICAL_SURFACE ( 'NONE', #3474, 3.000000000000002665 ) ;
#3463 = EDGE_CURVE ( 'NONE', #3231, #2658, #3263, .T. ) ;
#3464 = CARTESIAN_POINT ( 'NONE',  ( -5.116611624500756590E-15, 24.24999999999999289, 7.700000000000018829 ) ) ;
#3465 = DIRECTION ( 'NONE',  ( 0.000000000000000000, 0.000000000000000000, 1.000000000000000000 ) ) ;
#3466 = CARTESIAN_POINT ( 'NONE',  ( 24.50000000000000000, -2.750000000000013323, 51.50000000000000711 ) ) ;
#3467 = EDGE_CURVE ( 'NONE', #1481, #5518, #5085, .T. ) ;
#3468 = EDGE_LOOP ( 'NONE', ( #5012, #1842, #2289, #5645 ) ) ;
#3469 = LINE ( 'NONE', #4367, #2348 ) ;
#3470 = EDGE_CURVE ( 'NONE', #1627, #2580, #5854, .T. ) ;
#3471 = DIRECTION ( 'NONE',  ( -2.259648465249937489E-16, 1.000000000000000000, -2.465190328815661892E-32 ) ) ;
#3472 = EDGE_CURVE ( 'NONE', #4014, #1663, #3682, .T. ) ;
#3473 = ORIENTED_EDGE ( 'NONE', *, *, #3467, .F. ) ;
#3474 = AXIS2_PLACEMENT_3D ( 'NONE', #5720, #2101, #3904 ) ;
#3475 = VERTEX_POINT ( 'NONE', #1844 ) ;
#3476 = FACE_OUTER_BOUND ( 'NONE', #259, .T. ) ;
#3477 = VECTOR ( 'NONE', #4207, 1000.000000000000000 ) ;
#3478 = EDGE_CURVE ( 'NONE', #1420, #3594, #907, .T. ) ;
#3479 = PLANE ( 'NONE',  #1348 ) ;
#3480 = AXIS2_PLACEMENT_3D ( 'NONE', #3325, #2850, #5620 ) ;
#3481 = EDGE_LOOP ( 'NONE', ( #1962, #4045, #4561, #219 ) ) ;
#3482 = DIRECTION ( 'NONE',  ( 1.000000000000000000, -1.156482317317871478E-16, 0.000000000000000000 ) ) ;
#3483 = EDGE_LOOP ( 'NONE', ( #4427, #2511, #28, #2969 ) ) ;
#3484 = EDGE_LOOP ( 'NONE', ( #1947, #4789, #3153, #4840 ) ) ;
#3485 = DIRECTION ( 'NONE',  ( -1.000000000000000000, 0.000000000000000000, -0.000000000000000000 ) ) ;
#3486 = VECTOR ( 'NONE', #4344, 1000.000000000000000 ) ;
#3487 = FACE_BOUND ( 'NONE', #3531, .T. ) ;
#3488 = CARTESIAN_POINT ( 'NONE',  ( 26.50000000000000355, 9.249999999999984013, 37.65000000000000568 ) ) ;
#3489 = ORIENTED_EDGE ( 'NONE', *, *, #1102, .T. ) ;
#3490 = ORIENTED_EDGE ( 'NONE', *, *, #3844, .F. ) ;
#3491 = ORIENTED_EDGE ( 'NONE', *, *, #2612, .T. ) ;
#3492 = LINE ( 'NONE', #5308, #4243 ) ;
#3493 = EDGE_CURVE ( 'NONE', #325, #2357, #1551, .T. ) ;
#3494 = CARTESIAN_POINT ( 'NONE',  ( 36.50000000000000000, -24.25000000000001066, 57.49999999999999289 ) ) ;
#3495 = CARTESIAN_POINT ( 'NONE',  ( 37.50000000000000000, -23.25000000000001066, 57.50000000000000000 ) ) ;
#3496 = EDGE_LOOP ( 'NONE', ( #2872, #1534, #1337, #3968 ) ) ;
#3497 = ADVANCED_FACE ( 'NONE', ( #5231 ), #3605, .T. ) ;
#3498 = VECTOR ( 'NONE', #89, 1000.000000000000000 ) ;
#3499 = AXIS2_PLACEMENT_3D ( 'NONE', #4651, #3102, #1950 ) ;
#3500 =( BOUNDED_CURVE ( )  B_SPLINE_CURVE ( 3, ( #3819, #3317, #3343, #5172 ),
 .UNSPECIFIED., .F., .F. ) 
 B_SPLINE_CURVE_WITH_KNOTS ( ( 4, 4 ),
 ( 4.712388980384689674, 6.283185307179586232 ),
 .UNSPECIFIED. ) 
 CURVE ( )  GEOMETRIC_REPRESENTATION_ITEM ( )  RATIONAL_B_SPLINE_CURVE ( ( 1.000000000000000000, 0.8047378541243649375, 0.8047378541243649375, 1.000000000000000000 ) ) 
 REPRESENTATION_ITEM ( '' )  );
#3501 = CARTESIAN_POINT ( 'NONE',  ( -24.12584958530069201, -24.25000000000000000, 4.629898861755247452 ) ) ;
#3502 = DIRECTION ( 'NONE',  ( 0.000000000000000000, 0.000000000000000000, 1.000000000000000000 ) ) ;
#3503 = ORIENTED_EDGE ( 'NONE', *, *, #1366, .F. ) ;
#3504 = CARTESIAN_POINT ( 'NONE',  ( 23.32842712474619518, -5.578427124746261789, 5.500000000000000888 ) ) ;
#3505 = LINE ( 'NONE', #4875, #2849 ) ;
#3506 = ORIENTED_EDGE ( 'NONE', *, *, #5852, .F. ) ;
#3507 = EDGE_CURVE ( 'NONE', #2980, #1429, #3798, .T. ) ;
#3508 = PLANE ( 'NONE',  #1070 ) ;
#3509 = ORIENTED_EDGE ( 'NONE', *, *, #737, .T. ) ;
#3510 = ORIENTED_EDGE ( 'NONE', *, *, #3671, .F. ) ;
#3511 = PLANE ( 'NONE',  #2154 ) ;
#3512 = LINE ( 'NONE', #1265, #399 ) ;
#3513 = CARTESIAN_POINT ( 'NONE',  ( 33.49999999999998579, -23.25000000000001421, 2.399999999999998135 ) ) ;
#3514 = ORIENTED_EDGE ( 'NONE', *, *, #3493, .T. ) ;
#3515 = ORIENTED_EDGE ( 'NONE', *, *, #1170, .T. ) ;
#3516 = ORIENTED_EDGE ( 'NONE', *, *, #261, .T. ) ;
#3517 = DIRECTION ( 'NONE',  ( -1.284980352575412453E-16, -1.000000000000000000, -0.000000000000000000 ) ) ;
#3518 = CARTESIAN_POINT ( 'NONE',  ( 25.50000000000000000, 12.24999999999999645, 47.70166666666661826 ) ) ;
#3519 = CARTESIAN_POINT ( 'NONE',  ( 34.60000000000000853, -24.25000000000001066, 51.89999999999999858 ) ) ;
#3520 = ORIENTED_EDGE ( 'NONE', *, *, #5553, .T. ) ;
#3521 = VECTOR ( 'NONE', #2983, 1000.000000000000000 ) ;
#3522 = CARTESIAN_POINT ( 'NONE',  ( 37.50000000000000000, -23.25000000000001066, 51.50000000000000711 ) ) ;
#3523 = CARTESIAN_POINT ( 'NONE',  ( -22.50000000000000000, 24.24999999999998579, -1.400000000000001465 ) ) ;
#3524 = PLANE ( 'NONE',  #3253 ) ;
#3525 = ORIENTED_EDGE ( 'NONE', *, *, #2365, .T. ) ;
#3526 = DIRECTION ( 'NONE',  ( -1.000000000000000000, -2.891205793294679312E-16, 0.000000000000000000 ) ) ;
#3527 =( BOUNDED_CURVE ( )  B_SPLINE_CURVE ( 3, ( #546, #4296, #1952, #1073 ),
 .UNSPECIFIED., .F., .T. ) 
 B_SPLINE_CURVE_WITH_KNOTS ( ( 4, 4 ),
 ( 1.156482317317871725E-16, 1.570796326794896780 ),
 .UNSPECIFIED. ) 
 CURVE ( )  GEOMETRIC_REPRESENTATION_ITEM ( )  RATIONAL_B_SPLINE_CURVE ( ( 1.000000000000000000, 0.8047378541243649375, 0.8047378541243649375, 1.000000000000000000 ) ) 
 REPRESENTATION_ITEM ( '' )  );
#3528 = CARTESIAN_POINT ( 'NONE',  ( 26.49999999999998934, -23.25000000000000711, 2.399999999999998135 ) ) ;
#3529 = DIRECTION ( 'NONE',  ( 2.312964634635743450E-16, -1.000000000000000000, -0.000000000000000000 ) ) ;
#3530 = CIRCLE ( 'NONE', #617, 2.000000000000000000 ) ;
#3531 = EDGE_LOOP ( 'NONE', ( #4381, #3866, #740, #3452, #1363, #2196, #2556, #2178 ) ) ;
#3532 = EDGE_CURVE ( 'NONE', #5689, #1803, #3616, .T. ) ;
#3533 = AXIS2_PLACEMENT_3D ( 'NONE', #2984, #1135, #4218 ) ;
#3534 = CARTESIAN_POINT ( 'NONE',  ( 30.00000000000000000, -18.00000000000000000, -2.399999999999999467 ) ) ;
#3535 = ORIENTED_EDGE ( 'NONE', *, *, #4274, .F. ) ;
#3536 = EDGE_LOOP ( 'NONE', ( #4820, #294, #3926, #5786 ) ) ;
#3537 = DIRECTION ( 'NONE',  ( -2.569960705150827863E-16, 1.000000000000000000, 2.569960705150852022E-16 ) ) ;
#3538 = CIRCLE ( 'NONE', #1645, 0.9999999999999974465 ) ;
#3539 = DIRECTION ( 'NONE',  ( -1.000000000000000000, 2.312964634635744929E-16, -1.156482317317872465E-16 ) ) ;
#3540 = VECTOR ( 'NONE', #3311, 1000.000000000000000 ) ;
#3541 = EDGE_CURVE ( 'NONE', #1611, #2897, #1084, .T. ) ;
#3542 = CARTESIAN_POINT ( 'NONE',  ( -23.99999999999999289, -6.250000000000051514, -5.500000000000000000 ) ) ;
#3543 = VERTEX_POINT ( 'NONE', #3749 ) ;
#3544 = EDGE_CURVE ( 'NONE', #5518, #368, #1077, .T. ) ;
#3545 = DIRECTION ( 'NONE',  ( 0.000000000000000000, 0.000000000000000000, -1.000000000000000000 ) ) ;
#3546 = ORIENTED_EDGE ( 'NONE', *, *, #5558, .T. ) ;
#3547 = ORIENTED_EDGE ( 'NONE', *, *, #5177, .F. ) ;
#3548 = LINE ( 'NONE', #5366, #1496 ) ;
#3549 = ADVANCED_FACE ( 'NONE', ( #4311 ), #2378, .T. ) ;
#3550 = EDGE_CURVE ( 'NONE', #3247, #3391, #669, .T. ) ;
#3551 = CARTESIAN_POINT ( 'NONE',  ( -12.00000000000000000, 0.2499999999999943101, -8.000000000000000000 ) ) ;
#3552 = CYLINDRICAL_SURFACE ( 'NONE', #2686, 10.00000000000000000 ) ;
#3553 = EDGE_LOOP ( 'NONE', ( #4831, #5435, #2574, #3665 ) ) ;
#3554 = VECTOR ( 'NONE', #462, 1000.000000000000000 ) ;
#3555 = DIRECTION ( 'NONE',  ( -1.156482317317871478E-16, -1.000000000000000000, 0.000000000000000000 ) ) ;
#3556 = FACE_OUTER_BOUND ( 'NONE', #337, .T. ) ;
#3557 = PERSON_AND_ORGANIZATION ( #3621, #2781 ) ;
#3558 = CARTESIAN_POINT ( 'NONE',  ( 25.40000000000000213, -23.25000000000001066, 0.000000000000000000 ) ) ;
#3559 = ORIENTED_EDGE ( 'NONE', *, *, #227, .T. ) ;
#3560 = LINE ( 'NONE', #381, #2362 ) ;
#3561 = DIRECTION ( 'NONE',  ( -1.000000000000000000, 2.312964634635742957E-16, -0.000000000000000000 ) ) ;
#3562 = CARTESIAN_POINT ( 'NONE',  ( -12.99999999999995204, 0.2499999999999953371, 2.500000000000000444 ) ) ;
#3563 = AXIS2_PLACEMENT_3D ( 'NONE', #4174, #4682, #1918 ) ;
#3564 = ORIENTED_EDGE ( 'NONE', *, *, #2855, .F. ) ;
#3565 = LINE ( 'NONE', #4938, #1889 ) ;
#3566 = ADVANCED_FACE ( 'NONE', ( #5643 ), #203, .F. ) ;
#3567 = ADVANCED_FACE ( 'NONE', ( #2901 ), #5178, .F. ) ;
#3568 = EDGE_LOOP ( 'NONE', ( #1009, #3423, #5082, #366 ) ) ;
#3569 = DIRECTION ( 'NONE',  ( -1.000000000000000000, 0.000000000000000000, 0.000000000000000000 ) ) ;
#3570 = AXIS2_PLACEMENT_3D ( 'NONE', #915, #4581, #3569 ) ;
#3571 = CARTESIAN_POINT ( 'NONE',  ( 21.16185586048600697, 2.249999999999986677, 23.18055015817575537 ) ) ;
#3572 = DIRECTION ( 'NONE',  ( -1.000000000000000000, 0.000000000000000000, 0.000000000000000000 ) ) ;
#3573 = EDGE_LOOP ( 'NONE', ( #2494, #4330, #4877, #5710 ) ) ;
#3574 = CARTESIAN_POINT ( 'NONE',  ( -31.00000000000000000, -18.00000000000000000, -2.500000000000002220 ) ) ;
#3575 = VERTEX_POINT ( 'NONE', #2465 ) ;
#3576 = ORIENTED_EDGE ( 'NONE', *, *, #5527, .T. ) ;
#3577 = CARTESIAN_POINT ( 'NONE',  ( 22.50000000000000000, -4.750000000000059508, -4.671572875253810153 ) ) ;
#3578 = AXIS2_PLACEMENT_3D ( 'NONE', #1340, #1888, #2331 ) ;
#3579 = FACE_OUTER_BOUND ( 'NONE', #611, .T. ) ;
#3580 = DIRECTION ( 'NONE',  ( 0.000000000000000000, 0.000000000000000000, -1.000000000000000000 ) ) ;
#3581 = EDGE_LOOP ( 'NONE', ( #467, #2177, #2133, #4753, #156, #4750, #3218, #5842 ) ) ;
#3582 = CARTESIAN_POINT ( 'NONE',  ( -19.00000000000000355, 0.2499999999999968081, 10.49999999999996447 ) ) ;
#3583 = FACE_OUTER_BOUND ( 'NONE', #3097, .T. ) ;
#3584 = DIRECTION ( 'NONE',  ( 1.000000000000000000, 0.000000000000000000, 0.000000000000000000 ) ) ;
#3585 = ORIENTED_EDGE ( 'NONE', *, *, #437, .T. ) ;
#3586 = DIRECTION ( 'NONE',  ( 1.284980352575412453E-16, 1.000000000000000000, 0.000000000000000000 ) ) ;
#3587 = AXIS2_PLACEMENT_3D ( 'NONE', #4898, #4931, #847 ) ;
#3588 = DIRECTION ( 'NONE',  ( -0.7071067811865442421, 1.635512977795591192E-16, 0.7071067811865509034 ) ) ;
#3589 = DIRECTION ( 'NONE',  ( -2.569960705150827863E-16, 1.000000000000000000, 2.569960705150852022E-16 ) ) ;
#3590 = AXIS2_PLACEMENT_3D ( 'NONE', #944, #2288, #1817 ) ;
#3591 = ADVANCED_FACE ( 'NONE', ( #4194 ), #3402, .T. ) ;
#3592 = ORIENTED_EDGE ( 'NONE', *, *, #4470, .F. ) ;
#3593 = DIRECTION ( 'NONE',  ( 0.000000000000000000, 0.000000000000000000, 1.000000000000000000 ) ) ;
#3594 = VERTEX_POINT ( 'NONE', #145 ) ;
#3595 = DIRECTION ( 'NONE',  ( 1.000000000000000000, 0.000000000000000000, -0.000000000000000000 ) ) ;
#3596 = CARTESIAN_POINT ( 'NONE',  ( 36.50000000000000000, -23.25000000000001066, 3.499999999999999556 ) ) ;
#3597 = EDGE_CURVE ( 'NONE', #336, #77, #1966, .T. ) ;
#3598 = DIRECTION ( 'NONE',  ( 0.000000000000000000, 0.000000000000000000, 1.000000000000000000 ) ) ;
#3599 = ORIENTED_EDGE ( 'NONE', *, *, #1049, .F. ) ;
#3600 = DIRECTION ( 'NONE',  ( -2.312964634635742957E-16, -1.000000000000000000, -0.000000000000000000 ) ) ;
#3601 = ORIENTED_EDGE ( 'NONE', *, *, #5405, .T. ) ;
#3602 = ORIENTED_EDGE ( 'NONE', *, *, #2486, .T. ) ;
#3603 = EDGE_LOOP ( 'NONE', ( #3852, #2124, #5718, #2784, #767, #5779, #4710 ) ) ;
#3604 = CARTESIAN_POINT ( 'NONE',  ( 23.32842712474619162, -5.578427124746260901, -5.500000000000000888 ) ) ;
#3605 = TOROIDAL_SURFACE ( 'NONE', #1064, 1.000000000000000000, 1.000000000000000000 ) ;
#3606 = CARTESIAN_POINT ( 'NONE',  ( -33.49999999999998579, -23.25000000000000000, -2.400000000000001688 ) ) ;
#3607 = DIRECTION ( 'NONE',  ( -2.312964634635742957E-16, -1.000000000000000000, 0.000000000000000000 ) ) ;
#3608 = VERTEX_POINT ( 'NONE', #2048 ) ;
#3609 = AXIS2_PLACEMENT_3D ( 'NONE', #738, #3482, #2033 ) ;
#3610 = DIRECTION ( 'NONE',  ( 0.000000000000000000, -0.000000000000000000, 1.000000000000000000 ) ) ;
#3611 = AXIS2_PLACEMENT_3D ( 'NONE', #1532, #3271, #4709 ) ;
#3612 = EDGE_CURVE ( 'NONE', #136, #450, #1825, .T. ) ;
#3613 = FACE_OUTER_BOUND ( 'NONE', #5316, .T. ) ;
#3614 = ADVANCED_FACE ( 'NONE', ( #5145 ), #2875, .T. ) ;
#3615 = CYLINDRICAL_SURFACE ( 'NONE', #5723, 3.000000000000002665 ) ;
#3616 = CIRCLE ( 'NONE', #3320, 2.999999999999999112 ) ;
#3617 = AXIS2_PLACEMENT_3D ( 'NONE', #5309, #2135, #2164 ) ;
#3618 = ORIENTED_EDGE ( 'NONE', *, *, #185, .F. ) ;
#3619 = DIRECTION ( 'NONE',  ( -0.000000000000000000, -0.000000000000000000, -1.000000000000000000 ) ) ;
#3620 = EDGE_CURVE ( 'NONE', #2597, #2376, #4666, .T. ) ;
#3621 = PERSON ( 'æœª', 'æœª', 'æœª', ('æœª'), ('æœª'), ('æœª') ) ;
#3622 = EDGE_CURVE ( 'NONE', #5407, #4358, #3814, .T. ) ;
#3623 = AXIS2_PLACEMENT_3D ( 'NONE', #5733, #4339, #1690 ) ;
#3624 = AXIS2_PLACEMENT_3D ( 'NONE', #3294, #1575, #1113 ) ;
#3625 = EDGE_LOOP ( 'NONE', ( #3299, #44, #1272, #474 ) ) ;
#3626 = DIRECTION ( 'NONE',  ( 1.000000000000000000, 0.000000000000000000, 0.000000000000000000 ) ) ;
#3627 = VERTEX_POINT ( 'NONE', #1751 ) ;
#3628 = CARTESIAN_POINT ( 'NONE',  ( 34.49999999999999289, 24.25000000000000000, 47.70166666666661826 ) ) ;
#3629 = DIRECTION ( 'NONE',  ( 1.000000000000000000, -2.312964634635742957E-16, 0.000000000000000000 ) ) ;
#3630 = AXIS2_PLACEMENT_3D ( 'NONE', #2822, #2934, #5600 ) ;
#3631 = DIRECTION ( 'NONE',  ( 1.000000000000000000, 0.000000000000000000, -0.000000000000000000 ) ) ;
#3632 = DIRECTION ( 'NONE',  ( 2.312964634635743450E-16, -1.000000000000000000, 0.000000000000000000 ) ) ;
#3633 = ORIENTED_EDGE ( 'NONE', *, *, #4597, .T. ) ;
#3634 = VERTEX_POINT ( 'NONE', #2577 ) ;
#3635 = LINE ( 'NONE', #2767, #372 ) ;
#3636 = AXIS2_PLACEMENT_3D ( 'NONE', #280, #4695, #4306 ) ;
#3637 = ADVANCED_FACE ( 'NONE', ( #1631, #1312 ), #2144, .F. ) ;
#3638 = AXIS2_PLACEMENT_3D ( 'NONE', #5047, #2806, #2342 ) ;
#3639 = DIRECTION ( 'NONE',  ( -2.312964634635742957E-16, -1.000000000000000000, -0.000000000000000000 ) ) ;
#3640 = VECTOR ( 'NONE', #3264, 1000.000000000000000 ) ;
#3641 = CARTESIAN_POINT ( 'NONE',  ( 9.224360753997203233, 2.249999999999989342, 22.50000000000000000 ) ) ;
#3642 = ORIENTED_EDGE ( 'NONE', *, *, #1119, .F. ) ;
#3643 = LINE ( 'NONE', #3219, #4479 ) ;
#3644 = ORIENTED_EDGE ( 'NONE', *, *, #832, .T. ) ;
#3645 = ADVANCED_FACE ( 'NONE', ( #3556 ), #5374, .T. ) ;
#3646 = VECTOR ( 'NONE', #4758, 1000.000000000000000 ) ;
#3647 = EDGE_CURVE ( 'NONE', #821, #1978, #376, .T. ) ;
#3648 = CYLINDRICAL_SURFACE ( 'NONE', #1556, 2.000000000000001776 ) ;
#3649 = CARTESIAN_POINT ( 'NONE',  ( 30.99999999999999645, -18.00000000000000000, 2.399999999999999467 ) ) ;
#3650 = VERTEX_POINT ( 'NONE', #4783 ) ;
#3651 = CARTESIAN_POINT ( 'NONE',  ( -18.00000000000000000, 3.749999999999987566, 17.65000000000000924 ) ) ;
#3652 = VERTEX_POINT ( 'NONE', #4894 ) ;
#3653 = EDGE_CURVE ( 'NONE', #5826, #1002, #5153, .T. ) ;
#3654 = CARTESIAN_POINT ( 'NONE',  ( 17.50000000000001421, 0.2499999999999874822, 8.500000000000000000 ) ) ;
#3655 = CARTESIAN_POINT ( 'NONE',  ( 24.50000000000000000, -23.25000000000001066, 50.50000000000000000 ) ) ;
#3656 = ORIENTED_EDGE ( 'NONE', *, *, #5783, .F. ) ;
#3657 = ADVANCED_FACE ( 'NONE', ( #3437 ), #5699, .F. ) ;
#3658 = CYLINDRICAL_SURFACE ( 'NONE', #3686, 1.500000000000008216 ) ;
#3659 = ORIENTED_EDGE ( 'NONE', *, *, #1250, .T. ) ;
#3660 = LINE ( 'NONE', #4462, #274 ) ;
#3661 = DIRECTION ( 'NONE',  ( 0.000000000000000000, 0.000000000000000000, -1.000000000000000000 ) ) ;
#3662 = CARTESIAN_POINT ( 'NONE',  ( 6.310909090909095909, 9.249999999999994671, 33.70166666666662536 ) ) ;
#3663 = CARTESIAN_POINT ( 'NONE',  ( 19.61858778658041658, 2.249999999999987121, 16.50333055812508221 ) ) ;
#3664 = ORIENTED_EDGE ( 'NONE', *, *, #464, .F. ) ;
#3665 = ORIENTED_EDGE ( 'NONE', *, *, #1875, .F. ) ;
#3666 = CARTESIAN_POINT ( 'NONE',  ( 17.55104211917183221, 0.1989578808281723676, 7.948957880828203315 ) ) ;
#3667 = VECTOR ( 'NONE', #514, 1000.000000000000000 ) ;
#3668 = AXIS2_PLACEMENT_3D ( 'NONE', #5788, #3880, #313 ) ;
#3669 = DIRECTION ( 'NONE',  ( -0.000000000000000000, -1.000000000000000000, -0.000000000000000000 ) ) ;
#3670 = CARTESIAN_POINT ( 'NONE',  ( 6.310909090909095909, 12.25000000000000000, 33.70166666666662536 ) ) ;
#3671 = EDGE_CURVE ( 'NONE', #5180, #739, #1633, .T. ) ;
#3672 = ORIENTED_EDGE ( 'NONE', *, *, #3251, .F. ) ;
#3673 = CARTESIAN_POINT ( 'NONE',  ( -34.49999999999998579, -24.25000000000000355, 3.399999999999998135 ) ) ;
#3674 = ORIENTED_EDGE ( 'NONE', *, *, #4034, .F. ) ;
#3675 = CIRCLE ( 'NONE', #4437, 10.00000000000000000 ) ;
#3676 = FACE_OUTER_BOUND ( 'NONE', #4351, .T. ) ;
#3677 = CARTESIAN_POINT ( 'NONE',  ( -14.99999999999999645, 12.24999999999999467, -5.000000000000000000 ) ) ;
#3678 = EDGE_CURVE ( 'NONE', #2271, #1245, #2631, .T. ) ;
#3679 = ORIENTED_EDGE ( 'NONE', *, *, #3730, .F. ) ;
#3680 = CARTESIAN_POINT ( 'NONE',  ( 1.865076093737299378E-15, -6.651451691154806056, 50.70166666666662536 ) ) ;
#3681 = CARTESIAN_POINT ( 'NONE',  ( 36.50000000000000000, -24.25000000000001066, 0.000000000000000000 ) ) ;
#3682 = LINE ( 'NONE', #4550, #310 ) ;
#3683 = DIRECTION ( 'NONE',  ( 0.000000000000000000, 0.000000000000000000, -1.000000000000000000 ) ) ;
#3684 = ORIENTED_EDGE ( 'NONE', *, *, #2372, .T. ) ;
#3685 = LINE ( 'NONE', #5529, #658 ) ;
#3686 = AXIS2_PLACEMENT_3D ( 'NONE', #5474, #3205, #822 ) ;
#3687 = ORIENTED_EDGE ( 'NONE', *, *, #593, .F. ) ;
#3688 = DIRECTION ( 'NONE',  ( -1.156482317317871478E-16, -1.000000000000000000, 0.000000000000000000 ) ) ;
#3689 =( BOUNDED_CURVE ( )  B_SPLINE_CURVE ( 3, ( #4948, #458, #3697, #3666 ),
 .UNSPECIFIED., .F., .F. ) 
 B_SPLINE_CURVE_WITH_KNOTS ( ( 4, 4 ),
 ( 0.1847295649498762460, 1.386066761845019535 ),
 .UNSPECIFIED. ) 
 CURVE ( )  GEOMETRIC_REPRESENTATION_ITEM ( )  RATIONAL_B_SPLINE_CURVE ( ( 1.000000000000000000, 0.8833052742562005344, 0.8833052742562005344, 1.000000000000000000 ) ) 
 REPRESENTATION_ITEM ( '' )  );
#3690 = DIRECTION ( 'NONE',  ( -0.7071067811865513475, 1.635512977795607709E-16, -0.7071067811865436870 ) ) ;
#3691 = CIRCLE ( 'NONE', #3590, 0.9999999999999974465 ) ;
#3692 = AXIS2_PLACEMENT_3D ( 'NONE', #4128, #994, #5525 ) ;
#3693 = CARTESIAN_POINT ( 'NONE',  ( 31.50000000000000711, 9.249999999999984013, 17.64999999999999858 ) ) ;
#3694 = CARTESIAN_POINT ( 'NONE',  ( -15.50000000000003375, 2.249999999999995115, 12.18245836551852257 ) ) ;
#3695 = EDGE_LOOP ( 'NONE', ( #2625, #3112, #5148, #5836 ) ) ;
#3696 = ORIENTED_EDGE ( 'NONE', *, *, #3933, .T. ) ;
#3697 = CARTESIAN_POINT ( 'NONE',  ( 18.80899437072787705, -0.03610301272372745673, 6.691005629272141597 ) ) ;
#3698 = AXIS2_PLACEMENT_3D ( 'NONE', #1416, #1912, #973 ) ;
#3699 = CYLINDRICAL_SURFACE ( 'NONE', #204, 1.000000000000000888 ) ;
#3700 = DIRECTION ( 'NONE',  ( -2.312964634635743450E-16, 1.000000000000000000, 0.000000000000000000 ) ) ;
#3701 = DIRECTION ( 'NONE',  ( -1.000000000000000000, -2.312964634635743450E-16, 0.000000000000000000 ) ) ;
#3702 = ORIENTED_EDGE ( 'NONE', *, *, #2499, .F. ) ;
#3703 = CARTESIAN_POINT ( 'NONE',  ( 22.50000000000000355, 12.25000000000000000, 48.54166666666661456 ) ) ;
#3704 = VERTEX_POINT ( 'NONE', #1691 ) ;
#3705 = CARTESIAN_POINT ( 'NONE',  ( -26.49999999999998934, 33.75000000000001421, -2.400000000000001688 ) ) ;
#3706 = PLANE ( 'NONE',  #4309 ) ;
#3707 = ORIENTED_EDGE ( 'NONE', *, *, #587, .T. ) ;
#3708 = EDGE_LOOP ( 'NONE', ( #4153, #361, #4082, #3089, #263, #397 ) ) ;
#3709 = CARTESIAN_POINT ( 'NONE',  ( 24.50000000000000000, -23.25000000000001066, -3.499999999999999556 ) ) ;
#3710 = ORIENTED_EDGE ( 'NONE', *, *, #4792, .T. ) ;
#3711 = CARTESIAN_POINT ( 'NONE',  ( -11.99999999999999645, 12.24999999999999467, 8.000000000000000000 ) ) ;
#3712 = CARTESIAN_POINT ( 'NONE',  ( -19.86226415094339970, 24.24999999999998579, 21.66792452830188509 ) ) ;
#3713 = AXIS2_PLACEMENT_3D ( 'NONE', #5191, #849, #5715 ) ;
#3714 = EDGE_LOOP ( 'NONE', ( #4221, #4701, #569, #61, #5159, #4220 ) ) ;
#3715 = CARTESIAN_POINT ( 'NONE',  ( 19.14855074296530546, 12.24999999999999645, 45.46950484771814160 ) ) ;
#3716 = ORIENTED_EDGE ( 'NONE', *, *, #3000, .F. ) ;
#3717 = DIRECTION ( 'NONE',  ( 0.000000000000000000, 0.000000000000000000, -1.000000000000000000 ) ) ;
#3718 = VECTOR ( 'NONE', #723, 1000.000000000000000 ) ;
#3719 = VECTOR ( 'NONE', #929, 1000.000000000000000 ) ;
#3720 = DIRECTION ( 'NONE',  ( 0.000000000000000000, 0.000000000000000000, 1.000000000000000000 ) ) ;
#3721 = PLANE ( 'NONE',  #2024 ) ;
#3722 = CARTESIAN_POINT ( 'NONE',  ( -17.26401515271234643, 0.4859848472876712178, 10.37215411308343960 ) ) ;
#3723 = VERTEX_POINT ( 'NONE', #842 ) ;
#3724 = VERTEX_POINT ( 'NONE', #729 ) ;
#3725 = CARTESIAN_POINT ( 'NONE',  ( -37.50000000000000000, 12.24999999999998401, -1.400000000000001910 ) ) ;
#3726 =( BOUNDED_CURVE ( )  B_SPLINE_CURVE ( 3, ( #5181, #5646, #4373, #3828 ),
 .UNSPECIFIED., .F., .F. ) 
 B_SPLINE_CURVE_WITH_KNOTS ( ( 4, 4 ),
 ( 4.712388980384689674, 6.283185307179582679 ),
 .UNSPECIFIED. ) 
 CURVE ( )  GEOMETRIC_REPRESENTATION_ITEM ( )  RATIONAL_B_SPLINE_CURVE ( ( 1.000000000000000000, 0.8047378541243649375, 0.8047378541243649375, 1.000000000000000000 ) ) 
 REPRESENTATION_ITEM ( '' )  );
#3727 = EDGE_CURVE ( 'NONE', #1245, #5791, #2079, .T. ) ;
#3728 = DIRECTION ( 'NONE',  ( -1.156482317317871478E-16, -1.000000000000000000, 0.000000000000000000 ) ) ;
#3729 = DIRECTION ( 'NONE',  ( -0.000000000000000000, -0.000000000000000000, 1.000000000000000000 ) ) ;
#3730 = EDGE_CURVE ( 'NONE', #4350, #2358, #2521, .T. ) ;
#3731 = VECTOR ( 'NONE', #3119, 1000.000000000000000 ) ;
#3732 = VERTEX_POINT ( 'NONE', #3523 ) ;
#3733 = DIRECTION ( 'NONE',  ( 2.312964634635743450E-16, -1.000000000000000000, -0.000000000000000000 ) ) ;
#3734 = VERTEX_POINT ( 'NONE', #4450 ) ;
#3735 = CIRCLE ( 'NONE', #623, 3.000000000000002665 ) ;
#3736 = EDGE_CURVE ( 'NONE', #5654, #3150, #4674, .T. ) ;
#3737 = ADVANCED_FACE ( 'NONE', ( #1253 ), #4340, .F. ) ;
#3738 = AXIS2_PLACEMENT_3D ( 'NONE', #4125, #4571, #1866 ) ;
#3739 = VECTOR ( 'NONE', #856, 1000.000000000000000 ) ;
#3740 = VECTOR ( 'NONE', #3161, 1000.000000000000000 ) ;
#3741 = LINE ( 'NONE', #5107, #2775 ) ;
#3742 = DIRECTION ( 'NONE',  ( 1.156482317317870246E-16, 1.000000000000000000, 0.000000000000000000 ) ) ;
#3743 = ORIENTED_EDGE ( 'NONE', *, *, #3797, .F. ) ;
#3744 = APPROVAL_PERSON_ORGANIZATION ( #3557, #1705, #4066 ) ;
#3745 = VERTEX_POINT ( 'NONE', #4424 ) ;
#3746 = LINE ( 'NONE', #254, #3454 ) ;
#3747 = DIRECTION ( 'NONE',  ( 2.312964634635742957E-16, 1.000000000000000000, 0.000000000000000000 ) ) ;
#3748 = VECTOR ( 'NONE', #993, 1000.000000000000000 ) ;
#3749 = CARTESIAN_POINT ( 'NONE',  ( 35.50000000000000000, -2.750000000000016875, 5.500000000000000000 ) ) ;
#3750 = LINE ( 'NONE', #4667, #3160 ) ;
#3751 = EDGE_LOOP ( 'NONE', ( #3770, #4823 ) ) ;
#3752 = EDGE_CURVE ( 'NONE', #1142, #1703, #4842, .T. ) ;
#3753 = DIRECTION ( 'NONE',  ( 1.000000000000000000, 0.000000000000000000, -0.000000000000000000 ) ) ;
#3754 = FACE_OUTER_BOUND ( 'NONE', #4743, .T. ) ;
#3755 = CARTESIAN_POINT ( 'NONE',  ( 22.50000000000000000, -4.750000000000058620, -3.499999999999999556 ) ) ;
#3756 = DIRECTION ( 'NONE',  ( 2.312964634635743943E-16, -1.000000000000000000, 0.000000000000000000 ) ) ;
#3757 = EDGE_CURVE ( 'NONE', #829, #4696, #1665, .T. ) ;
#3758 = EDGE_CURVE ( 'NONE', #2432, #4371, #2193, .T. ) ;
#3759 = DIRECTION ( 'NONE',  ( -1.000000000000000000, -1.734723475976806848E-16, 0.000000000000000000 ) ) ;
#3760 = ORIENTED_EDGE ( 'NONE', *, *, #4057, .F. ) ;
#3761 = ORIENTED_EDGE ( 'NONE', *, *, #1524, .F. ) ;
#3762 = DIRECTION ( 'NONE',  ( 2.312964634635743450E-16, -1.000000000000000000, -0.000000000000000000 ) ) ;
#3763 = CARTESIAN_POINT ( 'NONE',  ( 34.49999999999998579, -24.25000000000001066, -3.400000000000001688 ) ) ;
#3764 = DIRECTION ( 'NONE',  ( -0.000000000000000000, -0.000000000000000000, -1.000000000000000000 ) ) ;
#3765 = CARTESIAN_POINT ( 'NONE',  ( 26.40000000000000213, -23.25000000000000711, 52.90000000000000568 ) ) ;
#3766 = AXIS2_PLACEMENT_3D ( 'NONE', #2568, #3066, #4918 ) ;
#3767 = VERTEX_POINT ( 'NONE', #4002 ) ;
#3768 = AXIS2_PLACEMENT_3D ( 'NONE', #15, #3243, #1856 ) ;
#3769 = CARTESIAN_POINT ( 'NONE',  ( -24.14931018519560624, -24.25000000000000355, 4.499999999999927169 ) ) ;
#3770 = ORIENTED_EDGE ( 'NONE', *, *, #912, .T. ) ;
#3771 = AXIS2_PLACEMENT_3D ( 'NONE', #4640, #1555, #5089 ) ;
#3772 = CARTESIAN_POINT ( 'NONE',  ( -22.50000000000000000, -4.750000000000036415, 3.563508326896287937 ) ) ;
#3773 = CARTESIAN_POINT ( 'NONE',  ( 37.50000000000000000, 2.249999999999984013, 46.50000000000000000 ) ) ;
#3774 = EDGE_LOOP ( 'NONE', ( #5321, #472, #4909, #727 ) ) ;
#3775 = DIRECTION ( 'NONE',  ( 1.000000000000000000, -1.284980352575412453E-16, 0.000000000000000000 ) ) ;
#3776 = DIRECTION ( 'NONE',  ( 0.6757246285173461597, 1.562927168512996852E-16, -0.7371541402007415478 ) ) ;
#3777 = ORIENTED_EDGE ( 'NONE', *, *, #464, .T. ) ;
#3778 = CARTESIAN_POINT ( 'NONE',  ( 34.49999999999999289, -6.651451691154806056, 47.70166666666661826 ) ) ;
#3779 = CARTESIAN_POINT ( 'NONE',  ( 20.31500728615609930, -2.565007286156129496, 5.500000000000000888 ) ) ;
#3780 = LINE ( 'NONE', #4232, #5268 ) ;
#3781 = EDGE_CURVE ( 'NONE', #5751, #1515, #5706, .T. ) ;
#3782 = CARTESIAN_POINT ( 'NONE',  ( -23.49999999999999645, 20.24999999999998579, -1.400000000000001465 ) ) ;
#3783 = FACE_OUTER_BOUND ( 'NONE', #1799, .T. ) ;
#3784 = ORIENTED_EDGE ( 'NONE', *, *, #3363, .T. ) ;
#3785 = ORIENTED_EDGE ( 'NONE', *, *, #733, .T. ) ;
#3786 = LINE ( 'NONE', #1128, #3477 ) ;
#3787 = VECTOR ( 'NONE', #2360, 1000.000000000000000 ) ;
#3788 = CARTESIAN_POINT ( 'NONE',  ( 34.49999999999999289, 24.25000000000000000, 7.700000000000018829 ) ) ;
#3789 = DIRECTION ( 'NONE',  ( 1.000000000000000000, -2.168404344971008868E-16, 0.000000000000000000 ) ) ;
#3790 = CARTESIAN_POINT ( 'NONE',  ( 22.50000000000000000, 12.24999999999999645, -5.500000000000000000 ) ) ;
#3791 = ORIENTED_EDGE ( 'NONE', *, *, #2562, .T. ) ;
#3792 = CARTESIAN_POINT ( 'NONE',  ( 35.50000000000000000, -24.25000000000001066, 3.499999999999999556 ) ) ;
#3793 = EDGE_LOOP ( 'NONE', ( #491, #1877, #4647, #5538, #1492, #3633, #2131, #2788, #1553, #102, #3287, #5128, #5462, #953, #4977 ) ) ;
#3794 = DIRECTION ( 'NONE',  ( 0.000000000000000000, 0.000000000000000000, 1.000000000000000000 ) ) ;
#3795 = CYLINDRICAL_SURFACE ( 'NONE', #440, 2.500000000000001776 ) ;
#3796 = EDGE_LOOP ( 'NONE', ( #2780, #3064, #2701, #5365 ) ) ;
#3797 = EDGE_CURVE ( 'NONE', #1150, #139, #434, .T. ) ;
#3798 = LINE ( 'NONE', #1522, #27 ) ;
#3799 = ADVANCED_FACE ( 'NONE', ( #4924 ), #2660, .T. ) ;
#3800 = VERTEX_POINT ( 'NONE', #3842 ) ;
#3801 = CARTESIAN_POINT ( 'NONE',  ( 24.50000000000000000, -2.750000000000012879, 49.50000000000000000 ) ) ;
#3802 = DIRECTION ( 'NONE',  ( 1.000000000000000000, 0.000000000000000000, 0.000000000000000000 ) ) ;
#3803 = EDGE_CURVE ( 'NONE', #4755, #2640, #3043, .T. ) ;
#3804 = CIRCLE ( 'NONE', #2852, 5.000000000000003553 ) ;
#3805 = CARTESIAN_POINT ( 'NONE',  ( 24.50000000000000000, -2.750000000000013323, 46.50000000000000000 ) ) ;
#3806 = CARTESIAN_POINT ( 'NONE',  ( -24.50000000000000711, -24.25000000000000355, -3.563508326896292822 ) ) ;
#3807 = CARTESIAN_POINT ( 'NONE',  ( 25.40000000000000213, -24.25000000000001066, 58.89999999999999858 ) ) ;
#3808 = ORIENTED_EDGE ( 'NONE', *, *, #4786, .F. ) ;
#3809 = ORIENTED_EDGE ( 'NONE', *, *, #4444, .F. ) ;
#3810 = CARTESIAN_POINT ( 'NONE',  ( -17.95112300034413622, -0.2011230003441321634, 11.28665774974187030 ) ) ;
#3811 = CIRCLE ( 'NONE', #5522, 1.000000000000000888 ) ;
#3812 = DIRECTION ( 'NONE',  ( -1.000000000000000000, 0.000000000000000000, 0.000000000000000000 ) ) ;
#3813 = DIRECTION ( 'NONE',  ( 1.000000000000000000, -2.349104707051927095E-16, 0.000000000000000000 ) ) ;
#3814 = CIRCLE ( 'NONE', #5335, 0.9999999999999974465 ) ;
#3815 = DIRECTION ( 'NONE',  ( 0.000000000000000000, 0.000000000000000000, -1.000000000000000000 ) ) ;
#3816 = EDGE_LOOP ( 'NONE', ( #4378, #904, #5521, #1240 ) ) ;
#3817 = CARTESIAN_POINT ( 'NONE',  ( -24.50000000000000000, 0.2499999999999978906, -3.563508326896292822 ) ) ;
#3818 = VECTOR ( 'NONE', #2355, 1000.000000000000000 ) ;
#3819 = CARTESIAN_POINT ( 'NONE',  ( -34.49999999999998579, -24.25000000000000355, 3.399999999999998135 ) ) ;
#3820 = DIRECTION ( 'NONE',  ( 2.312964634635743450E-16, -1.000000000000000000, 0.000000000000000000 ) ) ;
#3821 = CIRCLE ( 'NONE', #1274, 10.00000000000000000 ) ;
#3822 = ORIENTED_EDGE ( 'NONE', *, *, #4654, .T. ) ;
#3823 = EDGE_CURVE ( 'NONE', #2202, #5141, #5722, .T. ) ;
#3824 = CIRCLE ( 'NONE', #5443, 2.000000000000001776 ) ;
#3825 = DIRECTION ( 'NONE',  ( -1.284980352575412453E-16, -1.000000000000000000, -0.000000000000000000 ) ) ;
#3826 = DATE_AND_TIME ( #1114, #812 ) ;
#3827 = ORIENTED_EDGE ( 'NONE', *, *, #3871, .F. ) ;
#3828 = CARTESIAN_POINT ( 'NONE',  ( 26.49999999999998934, -23.25000000000001421, -2.400000000000001688 ) ) ;
#3829 = DIRECTION ( 'NONE',  ( -1.000000000000000000, 0.000000000000000000, 8.673617379884035472E-16 ) ) ;
#3830 = CARTESIAN_POINT ( 'NONE',  ( -19.00000000000000355, -1.250000000000006217, -10.50000000000004441 ) ) ;
#3831 = DIRECTION ( 'NONE',  ( 1.000000000000000000, 0.000000000000000000, -0.000000000000000000 ) ) ;
#3832 = CARTESIAN_POINT ( 'NONE',  ( -5.116611624500756590E-15, 24.24999999999999289, 50.70166666666662536 ) ) ;
#3833 = ORIENTED_EDGE ( 'NONE', *, *, #509, .F. ) ;
#3834 = ORIENTED_EDGE ( 'NONE', *, *, #5036, .F. ) ;
#3835 = CARTESIAN_POINT ( 'NONE',  ( -19.00000000000000355, -1.250000000000005551, 10.49999999999996447 ) ) ;
#3836 = CARTESIAN_POINT ( 'NONE',  ( -4.500000000000002665, 6.249999999999996447, 12.50000000000000000 ) ) ;
#3837 = CARTESIAN_POINT ( 'NONE',  ( 29.00000000000000000, -18.00000000000000000, -2.399999999999999467 ) ) ;
#3838 = CARTESIAN_POINT ( 'NONE',  ( -22.50000000000000000, -4.750000000000038192, 4.512504062512451952 ) ) ;
#3839 = ORIENTED_EDGE ( 'NONE', *, *, #5227, .T. ) ;
#3840 = CARTESIAN_POINT ( 'NONE',  ( -26.49999999999999645, 20.24999999999998224, -2.400000000000001688 ) ) ;
#3841 = FACE_OUTER_BOUND ( 'NONE', #262, .T. ) ;
#3842 = CARTESIAN_POINT ( 'NONE',  ( -4.500000000000002665, 6.249999999999996447, -12.49999999999999645 ) ) ;
#3843 = DIRECTION ( 'NONE',  ( 0.000000000000000000, 0.000000000000000000, -1.000000000000000000 ) ) ;
#3844 = EDGE_CURVE ( 'NONE', #3082, #2980, #324, .T. ) ;
#3845 = CIRCLE ( 'NONE', #4335, 1.500000000000003997 ) ;
#3846 = FACE_OUTER_BOUND ( 'NONE', #1331, .T. ) ;
#3847 = EDGE_LOOP ( 'NONE', ( #1212, #5306, #1482, #1730 ) ) ;
#3848 = VECTOR ( 'NONE', #4851, 1000.000000000000000 ) ;
#3849 = EDGE_CURVE ( 'NONE', #1515, #3627, #2861, .T. ) ;
#3850 = DIRECTION ( 'NONE',  ( 2.312964634635743450E-16, -1.000000000000000000, -0.000000000000000000 ) ) ;
#3851 = CARTESIAN_POINT ( 'NONE',  ( -25.49999999999999645, -23.25000000000000711, -2.400000000000001688 ) ) ;
#3852 = ORIENTED_EDGE ( 'NONE', *, *, #1521, .F. ) ;
#3853 = DIRECTION ( 'NONE',  ( -0.000000000000000000, -0.000000000000000000, 1.000000000000000000 ) ) ;
#3854 = VECTOR ( 'NONE', #5812, 1000.000000000000000 ) ;
#3855 = CARTESIAN_POINT ( 'NONE',  ( 34.49999999999999289, -23.25000000000001066, -2.499999999999999556 ) ) ;
#3856 = CARTESIAN_POINT ( 'NONE',  ( -2.000000000000000000, 6.249999999999996447, -77.50000000000000000 ) ) ;
#3857 = LINE ( 'NONE', #1261, #1909 ) ;
#3858 = EDGE_LOOP ( 'NONE', ( #5279, #1471, #2025, #4886 ) ) ;
#3859 = VERTEX_POINT ( 'NONE', #4302 ) ;
#3860 = FACE_OUTER_BOUND ( 'NONE', #2663, .T. ) ;
#3861 = CARTESIAN_POINT ( 'NONE',  ( 33.49999999999998579, 0.2499999999999837907, 17.64999999999999858 ) ) ;
#3862 = ADVANCED_FACE ( 'NONE', ( #1622 ), #4392, .F. ) ;
#3863 = CARTESIAN_POINT ( 'NONE',  ( 37.50000000000000000, 12.25000000000000000, 33.70166666666662536 ) ) ;
#3864 = EDGE_CURVE ( 'NONE', #1681, #3021, #1658, .T. ) ;
#3865 = LINE ( 'NONE', #4210, #1557 ) ;
#3866 = ORIENTED_EDGE ( 'NONE', *, *, #4417, .T. ) ;
#3867 = ADVANCED_FACE ( 'NONE', ( #3873 ), #3940, .T. ) ;
#3868 = ORIENTED_EDGE ( 'NONE', *, *, #5477, .T. ) ;
#3869 = ORIENTED_EDGE ( 'NONE', *, *, #4879, .T. ) ;
#3870 = CARTESIAN_POINT ( 'NONE',  ( -2.000000000000000000, 6.249999999999996447, -8.000000000000000000 ) ) ;
#3871 = EDGE_CURVE ( 'NONE', #2357, #3192, #419, .T. ) ;
#3872 = AXIS2_PLACEMENT_3D ( 'NONE', #4403, #1144, #2992 ) ;
#3873 = FACE_OUTER_BOUND ( 'NONE', #3568, .T. ) ;
#3874 = CIRCLE ( 'NONE', #4643, 3.499999999999992895 ) ;
#3875 = CLOSED_SHELL ( 'NONE', ( #5587, #26, #2673, #4003, #3657, #2385, #2249, #3799, #5015, #52, #1700, #544, #5367, #5552, #5370, #2434, #1048, #4601, #5418, #5315, #4531, #1472, #1512, #3203, #1267, #1457, #4185, #1626, #4733, #2593, #4515, #5397, #3157, #1028, #865, #2742, #3637, #3862, #589, #5427, #2314, #2919, #1229, #955, #1373, #4251, #3567, #5044, #5221, #1778, #3867, #4317, #948, #5030, #5064, #640, #2691, #2191, #5731, #5571, #5281, #342, #3566, #4932, #3094, #2814, #4554, #3227, #4497, #1165, #56, #4491, #3118, #3316, #5157, #4629, #3908, #4347, #3737, #1986, #46, #3254, #1548, #4375, #1041, #838, #364, #3549, #4630, #2115, #4248, #919, #5135, #1417, #2817, #4422, #347, #613, #223, #3645, #3614, #3497, #4293, #3194, #5499, #2065, #4686, #5838, #1381, #5274, #2924, #2669, #710, #5580, #3433, #5292, #5428, #4192, #3352, #5114, #3591, #357, #2519, #3946, #5297, #4697, #489, #1095, #1993, #5247, #1318, #2163, #4005, #5702, #4967, #2762, #1024, #2912, #1019, #2316, #5350, #5530, #736, #1093, #2543, #2851, #3200, #2078, #4193, #3173, #4117, #4683, #1883, #402, #1974, #734, #3025, #1458, #179, #2203, #1123, #1574, #2186, #1958, #4110, #594, #2053, #1342, #1719, #2548, #4165, #5149, #5591, #3126, #5368, #279, #5761, #4247, #1452, #101, #3431, #1294 ) ) ;
#3876 = CARTESIAN_POINT ( 'NONE',  ( -26.49999999999999645, -23.25000000000000711, -2.400000000000001688 ) ) ;
#3877 = DIRECTION ( 'NONE',  ( 0.000000000000000000, 0.000000000000000000, 1.000000000000000000 ) ) ;
#3878 = VERTEX_POINT ( 'NONE', #3494 ) ;
#3879 = VECTOR ( 'NONE', #2592, 1000.000000000000000 ) ;
#3880 = DIRECTION ( 'NONE',  ( 0.000000000000000000, -0.000000000000000000, 1.000000000000000000 ) ) ;
#3881 = DIRECTION ( 'NONE',  ( 1.000000000000000000, -0.000000000000000000, -0.000000000000000000 ) ) ;
#3882 = APPLICATION_PROTOCOL_DEFINITION ( 'international standard', 'config_control_design', 1994, #4183 ) ;
#3883 = VERTEX_POINT ( 'NONE', #4363 ) ;
#3884 = ORIENTED_EDGE ( 'NONE', *, *, #4705, .F. ) ;
#3885 = CARTESIAN_POINT ( 'NONE',  ( -18.00000000000000000, 9.249999999999985789, 17.65000000000000924 ) ) ;
#3886 = VECTOR ( 'NONE', #1905, 1000.000000000000000 ) ;
#3887 = CARTESIAN_POINT ( 'NONE',  ( -26.49999999999999289, 12.24999999999998401, 2.399999999999998135 ) ) ;
#3888 = ORIENTED_EDGE ( 'NONE', *, *, #4355, .F. ) ;
#3889 = VECTOR ( 'NONE', #5322, 1000.000000000000000 ) ;
#3890 = CARTESIAN_POINT ( 'NONE',  ( 34.49999999999999289, -23.25000000000001066, 59.50000000000000000 ) ) ;
#3891 = EDGE_CURVE ( 'NONE', #2358, #2613, #1599, .T. ) ;
#3892 = EDGE_LOOP ( 'NONE', ( #1117, #2224, #505, #1910 ) ) ;
#3893 = ORIENTED_EDGE ( 'NONE', *, *, #5040, .T. ) ;
#3894 = CYLINDRICAL_SURFACE ( 'NONE', #5657, 3.000000000000000000 ) ;
#3895 = DIRECTION ( 'NONE',  ( 0.000000000000000000, 0.000000000000000000, 1.000000000000000000 ) ) ;
#3896 = CARTESIAN_POINT ( 'NONE',  ( 18.17572462851734372, 9.249999999999996447, 44.57774757614084393 ) ) ;
#3897 = CARTESIAN_POINT ( 'NONE',  ( -26.49999999999998934, 33.75000000000001421, -2.400000000000001688 ) ) ;
#3898 = AXIS2_PLACEMENT_3D ( 'NONE', #3357, #2856, #5066 ) ;
#3899 = CIRCLE ( 'NONE', #982, 10.00000000000000000 ) ;
#3900 = VERTEX_POINT ( 'NONE', #2541 ) ;
#3901 = EDGE_LOOP ( 'NONE', ( #5516, #126 ) ) ;
#3902 = ADVANCED_BREP_SHAPE_REPRESENTATION ( '\X2\4ece52a8540c6b658f6e56fa5b9a67b6\X0\3A1', ( #124, #239 ), #5338 ) ;
#3903 = ORIENTED_EDGE ( 'NONE', *, *, #4676, .T. ) ;
#3904 = DIRECTION ( 'NONE',  ( 0.000000000000000000, 0.000000000000000000, 1.000000000000000000 ) ) ;
#3905 = EDGE_CURVE ( 'NONE', #5585, #1179, #1248, .T. ) ;
#3906 = AXIS2_PLACEMENT_3D ( 'NONE', #5563, #4726, #5616 ) ;
#3907 = DIRECTION ( 'NONE',  ( -0.000000000000000000, -0.000000000000000000, 1.000000000000000000 ) ) ;
#3908 = ADVANCED_FACE ( 'NONE', ( #3039 ), #5336, .F. ) ;
#3909 = CARTESIAN_POINT ( 'NONE',  ( -6.360652745248312730E-16, -2.750000000000008438, 5.500000000000000000 ) ) ;
#3910 = LINE ( 'NONE', #3015, #4785 ) ;
#3911 = EDGE_CURVE ( 'NONE', #4939, #139, #370, .T. ) ;
#3912 = ORIENTED_EDGE ( 'NONE', *, *, #5833, .F. ) ;
#3913 = FACE_OUTER_BOUND ( 'NONE', #574, .T. ) ;
#3914 = VECTOR ( 'NONE', #1418, 1000.000000000000000 ) ;
#3915 = CARTESIAN_POINT ( 'NONE',  ( -15.00000000000000000, 0.2499999999999950040, 8.000000000000000000 ) ) ;
#3916 = APPROVAL_DATE_TIME ( #4818, #3987 ) ;
#3917 = CIRCLE ( 'NONE', #1374, 3.000000000000002665 ) ;
#3918 = VERTEX_POINT ( 'NONE', #2044 ) ;
#3919 = ORIENTED_EDGE ( 'NONE', *, *, #2208, .T. ) ;
#3920 = FACE_OUTER_BOUND ( 'NONE', #3432, .T. ) ;
#3921 = AXIS2_PLACEMENT_3D ( 'NONE', #2045, #172, #1959 ) ;
#3922 = CARTESIAN_POINT ( 'NONE',  ( 23.50000000000000000, -24.25000000000001066, 59.50000000000000000 ) ) ;
#3923 = VECTOR ( 'NONE', #4159, 1000.000000000000000 ) ;
#3924 = VECTOR ( 'NONE', #388, 1000.000000000000000 ) ;
#3925 = EDGE_CURVE ( 'NONE', #3998, #175, #490, .T. ) ;
#3926 = ORIENTED_EDGE ( 'NONE', *, *, #1774, .T. ) ;
#3927 = DIRECTION ( 'NONE',  ( -0.000000000000000000, 1.000000000000000000, 2.507721281754207512E-32 ) ) ;
#3928 = ORIENTED_EDGE ( 'NONE', *, *, #412, .T. ) ;
#3929 = ORIENTED_EDGE ( 'NONE', *, *, #5342, .F. ) ;
#3930 = LINE ( 'NONE', #4436, #2248 ) ;
#3931 = AXIS2_PLACEMENT_3D ( 'NONE', #4706, #3446, #5705 ) ;
#3932 = DIRECTION ( 'NONE',  ( 1.000000000000000000, -2.312964634635742957E-16, 0.000000000000000000 ) ) ;
#3933 = EDGE_CURVE ( 'NONE', #2749, #4265, #5222, .T. ) ;
#3934 = EDGE_CURVE ( 'NONE', #2151, #4299, #3899, .T. ) ;
#3935 = LINE ( 'NONE', #5801, #1552 ) ;
#3936 = VERTEX_POINT ( 'NONE', #2570 ) ;
#3937 = ORIENTED_EDGE ( 'NONE', *, *, #4443, .T. ) ;
#3938 = ORIENTED_EDGE ( 'NONE', *, *, #3031, .F. ) ;
#3939 = CARTESIAN_POINT ( 'NONE',  ( -23.22149652620895210, 9.249999999999987566, 10.70000000000001528 ) ) ;
#3940 = CYLINDRICAL_SURFACE ( 'NONE', #3236, 5.000000000000003553 ) ;
#3941 = DIRECTION ( 'NONE',  ( -1.000000000000000000, 1.156482317317871478E-16, -0.000000000000000000 ) ) ;
#3942 = DIRECTION ( 'NONE',  ( 1.000000000000000000, 0.000000000000000000, 0.000000000000000000 ) ) ;
#3943 = ORIENTED_EDGE ( 'NONE', *, *, #412, .F. ) ;
#3944 = CARTESIAN_POINT ( 'NONE',  ( -24.00000000000002487, -23.38283065238712055, 5.500000000000000000 ) ) ;
#3945 = DIRECTION ( 'NONE',  ( -1.000000000000000000, 2.439454888092383004E-16, 0.000000000000000000 ) ) ;
#3946 = ADVANCED_FACE ( 'NONE', ( #5692 ), #893, .T. ) ;
#3947 = ORIENTED_EDGE ( 'NONE', *, *, #1806, .T. ) ;
#3948 = DIRECTION ( 'NONE',  ( 1.000000000000000000, -2.323290369611799935E-16, 0.000000000000000000 ) ) ;
#3949 = VECTOR ( 'NONE', #2330, 1000.000000000000000 ) ;
#3950 = VECTOR ( 'NONE', #2917, 1000.000000000000000 ) ;
#3951 = CARTESIAN_POINT ( 'NONE',  ( 37.50000000000000000, 24.25000000000000000, 47.70166666666661826 ) ) ;
#3952 = VERTEX_POINT ( 'NONE', #3159 ) ;
#3953 = DIRECTION ( 'NONE',  ( 1.000000000000000000, 0.000000000000000000, 0.000000000000000000 ) ) ;
#3954 = EDGE_LOOP ( 'NONE', ( #4308, #2236 ) ) ;
#3955 = VERTEX_POINT ( 'NONE', #4027 ) ;
#3956 = DIRECTION ( 'NONE',  ( 0.000000000000000000, -1.000000000000000000, 2.674902700537829702E-32 ) ) ;
#3957 = AXIS2_PLACEMENT_3D ( 'NONE', #5150, #4670, #1088 ) ;
#3958 = EDGE_CURVE ( 'NONE', #1115, #3341, #3811, .T. ) ;
#3959 = DIRECTION ( 'NONE',  ( 1.000000000000000000, -0.000000000000000000, -0.000000000000000000 ) ) ;
#3960 = LINE ( 'NONE', #1298, #4488 ) ;
#3961 = ORIENTED_EDGE ( 'NONE', *, *, #789, .F. ) ;
#3962 = ORIENTED_EDGE ( 'NONE', *, *, #1843, .F. ) ;
#3963 = ORIENTED_EDGE ( 'NONE', *, *, #2418, .F. ) ;
#3964 = CARTESIAN_POINT ( 'NONE',  ( -22.50000000000000000, -23.25000000000000355, 3.563508326896287937 ) ) ;
#3965 = DIRECTION ( 'NONE',  ( 1.000000000000000000, 2.109942937938456966E-16, 0.000000000000000000 ) ) ;
#3966 = VERTEX_POINT ( 'NONE', #1395 ) ;
#3967 = CARTESIAN_POINT ( 'NONE',  ( 7.999999999999992895, 0.2499999999999903966, 8.000000000000000000 ) ) ;
#3968 = ORIENTED_EDGE ( 'NONE', *, *, #1957, .F. ) ;
#3969 = AXIS2_PLACEMENT_3D ( 'NONE', #1847, #851, #29 ) ;
#3970 = CIRCLE ( 'NONE', #1426, 2.500000000000002220 ) ;
#3971 = CARTESIAN_POINT ( 'NONE',  ( 24.50000000000000000, -12.25000000000000355, -3.499999999999999556 ) ) ;
#3972 = EDGE_CURVE ( 'NONE', #431, #134, #4197, .T. ) ;
#3973 = DIRECTION ( 'NONE',  ( 2.312964634635742464E-16, 1.000000000000000000, 0.000000000000000000 ) ) ;
#3974 = DIRECTION ( 'NONE',  ( -0.8661855860486006309, 0.000000000000000000, 0.4997224534895768344 ) ) ;
#3975 = VERTEX_POINT ( 'NONE', #396 ) ;
#3976 = DIRECTION ( 'NONE',  ( 1.000000000000000000, -0.000000000000000000, -0.000000000000000000 ) ) ;
#3977 = EDGE_CURVE ( 'NONE', #817, #5707, #1356, .T. ) ;
#3978 = CARTESIAN_POINT ( 'NONE',  ( 26.40000000000000213, -23.25000000000001066, 52.90000000000000568 ) ) ;
#3979 = EDGE_CURVE ( 'NONE', #3391, #3955, #2187, .T. ) ;
#3980 = ORIENTED_EDGE ( 'NONE', *, *, #3014, .T. ) ;
#3981 = EDGE_CURVE ( 'NONE', #1339, #3053, #4951, .T. ) ;
#3982 = EDGE_CURVE ( 'NONE', #117, #1681, #4764, .T. ) ;
#3983 = DIRECTION ( 'NONE',  ( 0.000000000000000000, 0.000000000000000000, -1.000000000000000000 ) ) ;
#3984 = EDGE_LOOP ( 'NONE', ( #3304, #2041, #5219, #2213 ) ) ;
#3985 = ORIENTED_EDGE ( 'NONE', *, *, #340, .T. ) ;
#3986 = DIRECTION ( 'NONE',  ( 0.000000000000000000, 0.000000000000000000, -1.000000000000000000 ) ) ;
#3987 = APPROVAL ( #730, 'æœª' ) ;
#3988 = DIRECTION ( 'NONE',  ( -1.000000000000000000, 0.000000000000000000, 0.000000000000000000 ) ) ;
#3989 = CARTESIAN_POINT ( 'NONE',  ( -22.50000000000000000, -4.750000000000039968, -4.512504062512449288 ) ) ;
#3990 = ORIENTED_EDGE ( 'NONE', *, *, #3727, .F. ) ;
#3991 = ORIENTED_EDGE ( 'NONE', *, *, #304, .F. ) ;
#3992 = EDGE_LOOP ( 'NONE', ( #5467, #3760, #4106, #698 ) ) ;
#3993 = DIRECTION ( 'NONE',  ( -1.000000000000000000, 0.000000000000000000, 0.000000000000000000 ) ) ;
#3994 = DIRECTION ( 'NONE',  ( -1.000000000000000000, 1.156482317317871478E-16, 0.000000000000000000 ) ) ;
#3995 = AXIS2_PLACEMENT_3D ( 'NONE', #2535, #2096, #4328 ) ;
#3996 = ORIENTED_EDGE ( 'NONE', *, *, #5248, .T. ) ;
#3997 = CARTESIAN_POINT ( 'NONE',  ( 17.88621661448320665, -21.11000936329385169, 17.50277546510423576 ) ) ;
#3998 = VERTEX_POINT ( 'NONE', #956 ) ;
#3999 = AXIS2_PLACEMENT_3D ( 'NONE', #4836, #778, #5667 ) ;
#4000 = AXIS2_PLACEMENT_3D ( 'NONE', #1495, #3291, #1435 ) ;
#4001 = DIRECTION ( 'NONE',  ( 0.000000000000000000, -0.000000000000000000, 1.000000000000000000 ) ) ;
#4002 = CARTESIAN_POINT ( 'NONE',  ( 24.50000000000000000, -24.25000000000001066, 50.50000000000000000 ) ) ;
#4003 = ADVANCED_FACE ( 'NONE', ( #4510 ), #3096, .F. ) ;
#4004 = FACE_OUTER_BOUND ( 'NONE', #4905, .T. ) ;
#4005 = ADVANCED_FACE ( 'NONE', ( #3579 ), #5458, .F. ) ;
#4006 = ORIENTED_EDGE ( 'NONE', *, *, #1649, .T. ) ;
#4007 = FACE_OUTER_BOUND ( 'NONE', #5033, .T. ) ;
#4008 = PLANE ( 'NONE',  #5176 ) ;
#4009 = FACE_OUTER_BOUND ( 'NONE', #2651, .T. ) ;
#4010 = AXIS2_PLACEMENT_3D ( 'NONE', #857, #1243, #390 ) ;
#4011 = VERTEX_POINT ( 'NONE', #4058 ) ;
#4012 = AXIS2_PLACEMENT_3D ( 'NONE', #1537, #4659, #3221 ) ;
#4013 = CYLINDRICAL_SURFACE ( 'NONE', #3969, 3.000000000000000000 ) ;
#4014 = VERTEX_POINT ( 'NONE', #5010 ) ;
#4015 = FACE_BOUND ( 'NONE', #2902, .T. ) ;
#4016 = AXIS2_PLACEMENT_3D ( 'NONE', #3856, #2194, #5678 ) ;
#4017 = CIRCLE ( 'NONE', #1469, 1.000000000000000888 ) ;
#4018 = CARTESIAN_POINT ( 'NONE',  ( 35.50000000000000000, -23.25000000000001066, 3.499999999999999556 ) ) ;
#4019 = AXIS2_PLACEMENT_3D ( 'NONE', #5515, #1832, #1891 ) ;
#4020 = LINE ( 'NONE', #3488, #4397 ) ;
#4021 = VERTEX_POINT ( 'NONE', #926 ) ;
#4022 = DIRECTION ( 'NONE',  ( -1.000000000000000000, 0.000000000000000000, 0.000000000000000000 ) ) ;
#4023 = VERTEX_POINT ( 'NONE', #2740 ) ;
#4024 = AXIS2_PLACEMENT_3D ( 'NONE', #1023, #2313, #3289 ) ;
#4025 = ORIENTED_EDGE ( 'NONE', *, *, #439, .F. ) ;
#4026 = CARTESIAN_POINT ( 'NONE',  ( 19.14855074296530546, 12.24999999999999467, -3.019858152799183628E-31 ) ) ;
#4027 = CARTESIAN_POINT ( 'NONE',  ( -11.99999999999999645, 12.24999999999999467, -8.000000000000000000 ) ) ;
#4028 = CARTESIAN_POINT ( 'NONE',  ( 0.000000000000000000, 0.000000000000000000, 5.500000000000000000 ) ) ;
#4029 = ORIENTED_EDGE ( 'NONE', *, *, #3541, .T. ) ;
#4030 = DIRECTION ( 'NONE',  ( 0.000000000000000000, -1.000000000000000000, 0.000000000000000000 ) ) ;
#4031 = ORIENTED_EDGE ( 'NONE', *, *, #5754, .F. ) ;
#4032 = AXIS2_PLACEMENT_3D ( 'NONE', #1805, #3610, #5434 ) ;
#4033 = LINE ( 'NONE', #5845, #5778 ) ;
#4034 = EDGE_CURVE ( 'NONE', #2930, #5671, #1530, .T. ) ;
#4035 = DATE_AND_TIME ( #2607, #5639 ) ;
#4036 = CARTESIAN_POINT ( 'NONE',  ( 35.50000000000000000, -23.25000000000001066, 51.50000000000000711 ) ) ;
#4037 = ORIENTED_EDGE ( 'NONE', *, *, #2995, .T. ) ;
#4038 = CARTESIAN_POINT ( 'NONE',  ( -23.49999999999999645, 24.24999999999998579, 2.399999999999998135 ) ) ;
#4039 = EDGE_CURVE ( 'NONE', #4484, #3010, #4563, .T. ) ;
#4040 = CARTESIAN_POINT ( 'NONE',  ( -4.500000000000002665, 6.249999999999996447, -77.50000000000000000 ) ) ;
#4041 = DIRECTION ( 'NONE',  ( 2.312964634635742464E-16, 1.000000000000000000, 0.000000000000000000 ) ) ;
#4042 = AXIS2_PLACEMENT_3D ( 'NONE', #1222, #5807, #4361 ) ;
#4043 = ORIENTED_EDGE ( 'NONE', *, *, #4524, .F. ) ;
#4044 = CARTESIAN_POINT ( 'NONE',  ( 34.49999999999999289, -24.25000000000001066, 57.49999999999999289 ) ) ;
#4045 = ORIENTED_EDGE ( 'NONE', *, *, #4538, .T. ) ;
#4046 = PLANE ( 'NONE',  #937 ) ;
#4047 = AXIS2_PLACEMENT_3D ( 'NONE', #5827, #5001, #535 ) ;
#4048 = FACE_OUTER_BOUND ( 'NONE', #3793, .T. ) ;
#4049 = CARTESIAN_POINT ( 'NONE',  ( -24.00000000000001066, 12.24999999999999645, 5.500000000000000000 ) ) ;
#4050 = ORIENTED_EDGE ( 'NONE', *, *, #231, .F. ) ;
#4051 = CARTESIAN_POINT ( 'NONE',  ( 24.50000000000000000, 0.2499999999999858447, 28.17777469307151961 ) ) ;
#4052 = EDGE_LOOP ( 'NONE', ( #2960, #2188, #716, #4572 ) ) ;
#4053 = EDGE_LOOP ( 'NONE', ( #4628, #5251 ) ) ;
#4054 = EDGE_LOOP ( 'NONE', ( #2680, #1127, #2315, #5574 ) ) ;
#4055 = CARTESIAN_POINT ( 'NONE',  ( -22.49999999999999645, 20.24999999999998579, 2.399999999999998135 ) ) ;
#4056 = EDGE_CURVE ( 'NONE', #3966, #273, #2298, .T. ) ;
#4057 = EDGE_CURVE ( 'NONE', #1899, #5454, #2949, .T. ) ;
#4058 = CARTESIAN_POINT ( 'NONE',  ( 23.50000000000000000, -24.25000000000001066, 59.50000000000000000 ) ) ;
#4059 = LINE ( 'NONE', #5432, #5638 ) ;
#4060 = EDGE_CURVE ( 'NONE', #3955, #2925, #486, .T. ) ;
#4061 = ORIENTED_EDGE ( 'NONE', *, *, #3000, .T. ) ;
#4062 = LINE ( 'NONE', #19, #3268 ) ;
#4063 = ORIENTED_EDGE ( 'NONE', *, *, #1167, .T. ) ;
#4064 = EDGE_CURVE ( 'NONE', #1803, #3936, #4919, .T. ) ;
#4065 = PRODUCT_RELATED_PRODUCT_CATEGORY ( 'detail', '', ( #63 ) ) ;
#4066 = APPROVAL_ROLE ( '' ) ;
#4067 = DIRECTION ( 'NONE',  ( -1.000000000000000000, 0.000000000000000000, 0.000000000000000000 ) ) ;
#4068 = VERTEX_POINT ( 'NONE', #1276 ) ;
#4069 = CARTESIAN_POINT ( 'NONE',  ( -24.50000000000000711, -23.25000000000000355, 3.563508326896287937 ) ) ;
#4070 = CIRCLE ( 'NONE', #5123, 2.000000000000001776 ) ;
#4071 = CARTESIAN_POINT ( 'NONE',  ( 16.14855074296530191, 24.24999999999999645, 47.70166666666661826 ) ) ;
#4072 = EDGE_CURVE ( 'NONE', #4133, #1164, #833, .T. ) ;
#4073 = EDGE_LOOP ( 'NONE', ( #4182, #4415, #4543, #1400, #5027, #1271, #748, #4547, #986, #1501, #234, #2295, #4664, #2795 ) ) ;
#4074 = CARTESIAN_POINT ( 'NONE',  ( -12.00000000000000000, 0.2499999999999944211, 8.000000000000000000 ) ) ;
#4075 = ORIENTED_EDGE ( 'NONE', *, *, #3597, .T. ) ;
#4076 = LINE ( 'NONE', #1296, #4815 ) ;
#4077 = CARTESIAN_POINT ( 'NONE',  ( -2.000000000000000000, 6.249999999999996447, -7.000000000000000000 ) ) ;
#4078 = DIRECTION ( 'NONE',  ( 0.000000000000000000, 0.000000000000000000, 1.000000000000000000 ) ) ;
#4079 = EDGE_CURVE ( 'NONE', #1699, #1370, #99, .T. ) ;
#4080 = LINE ( 'NONE', #4505, #2011 ) ;
#4081 = ORIENTED_EDGE ( 'NONE', *, *, #1385, .T. ) ;
#4082 = ORIENTED_EDGE ( 'NONE', *, *, #4492, .F. ) ;
#4083 = ORIENTED_EDGE ( 'NONE', *, *, #5238, .F. ) ;
#4084 = AXIS2_PLACEMENT_3D ( 'NONE', #5246, #3529, #5352 ) ;
#4085 = EDGE_CURVE ( 'NONE', #1464, #5049, #4269, .T. ) ;
#4086 = CARTESIAN_POINT ( 'NONE',  ( -36.50000000000000000, 24.24999999999997868, -1.400000000000001910 ) ) ;
#4087 = CARTESIAN_POINT ( 'NONE',  ( 26.40000000000000568, -23.83578643762691129, 57.89999999999999858 ) ) ;
#4088 = ORIENTED_EDGE ( 'NONE', *, *, #3381, .F. ) ;
#4089 = EDGE_CURVE ( 'NONE', #5331, #5809, #1485, .T. ) ;
#4090 = CARTESIAN_POINT ( 'NONE',  ( 25.50000000000000000, -6.651451691154806056, 10.70000000000001883 ) ) ;
#4091 = VERTEX_POINT ( 'NONE', #3276 ) ;
#4092 = EDGE_CURVE ( 'NONE', #2060, #5826, #1451, .T. ) ;
#4093 = VECTOR ( 'NONE', #35, 1000.000000000000000 ) ;
#4094 = LINE ( 'NONE', #3705, #3344 ) ;
#4095 = EDGE_CURVE ( 'NONE', #4358, #5407, #3137, .T. ) ;
#4096 = CARTESIAN_POINT ( 'NONE',  ( -24.06764415306845706, -24.12522228142555036, -5.000799690603039416 ) ) ;
#4097 = VECTOR ( 'NONE', #4687, 1000.000000000000000 ) ;
#4098 = ORIENTED_EDGE ( 'NONE', *, *, #4707, .T. ) ;
#4099 = DIRECTION ( 'NONE',  ( -1.000000000000000000, 0.000000000000000000, 0.000000000000000000 ) ) ;
#4100 = DIRECTION ( 'NONE',  ( -1.000000000000000000, 2.331034670843834533E-16, 0.000000000000000000 ) ) ;
#4101 = DIRECTION ( 'NONE',  ( -1.000000000000000000, 0.000000000000000000, 0.000000000000000000 ) ) ;
#4102 = AXIS2_PLACEMENT_3D ( 'NONE', #2988, #3471, #5314 ) ;
#4103 = CARTESIAN_POINT ( 'NONE',  ( 12.97786016257261288, 24.24999999999999645, 50.70166666666662536 ) ) ;
#4104 = ORIENTED_EDGE ( 'NONE', *, *, #898, .F. ) ;
#4105 = PLANE ( 'NONE',  #5211 ) ;
#4106 = ORIENTED_EDGE ( 'NONE', *, *, #2722, .F. ) ;
#4107 = DIRECTION ( 'NONE',  ( 1.000000000000000000, -2.323290369611799935E-16, 0.000000000000000000 ) ) ;
#4108 = CARTESIAN_POINT ( 'NONE',  ( 30.00000000000000000, 9.249999999999984013, 37.65000000000000568 ) ) ;
#4109 = AXIS2_PLACEMENT_3D ( 'NONE', #2502, #1585, #2854 ) ;
#4110 = ADVANCED_FACE ( 'NONE', ( #1103 ), #1043, .T. ) ;
#4111 = DIRECTION ( 'NONE',  ( 2.312964634635743450E-16, -1.000000000000000000, -0.000000000000000000 ) ) ;
#4112 = CARTESIAN_POINT ( 'NONE',  ( 20.00000000000003197, 0.2499999999999869271, -5.500000000000000000 ) ) ;
#4113 = ORIENTED_EDGE ( 'NONE', *, *, #4597, .F. ) ;
#4114 = VERTEX_POINT ( 'NONE', #3216 ) ;
#4115 = CARTESIAN_POINT ( 'NONE',  ( -15.50000000000003375, 2.249999999999995115, 12.18245836551852257 ) ) ;
#4116 = CIRCLE ( 'NONE', #1000, 5.000000000000003553 ) ;
#4117 = ADVANCED_FACE ( 'NONE', ( #2799, #2332, #981 ), #1072, .T. ) ;
#4118 = DIRECTION ( 'NONE',  ( -2.312964634635742464E-16, -1.000000000000000000, -0.000000000000000000 ) ) ;
#4119 = LOCAL_TIME ( 20, 59, 48.00000000000000000, #2522 ) ;
#4120 = FACE_BOUND ( 'NONE', #3483, .T. ) ;
#4121 = ORIENTED_EDGE ( 'NONE', *, *, #4085, .T. ) ;
#4122 = CARTESIAN_POINT ( 'NONE',  ( -22.50000000000000000, 24.24999999999998579, -2.400000000000001688 ) ) ;
#4123 = ORIENTED_EDGE ( 'NONE', *, *, #2739, .F. ) ;
#4124 = PLANE ( 'NONE',  #2873 ) ;
#4125 = CARTESIAN_POINT ( 'NONE',  ( -2.961879712686327341E-15, -24.25000000000000711, 0.000000000000000000 ) ) ;
#4126 = ORIENTED_EDGE ( 'NONE', *, *, #3493, .F. ) ;
#4127 = LINE ( 'NONE', #5524, #1659 ) ;
#4128 = CARTESIAN_POINT ( 'NONE',  ( -30.00000000000000000, -18.00000000000000000, 5.499999999999996447 ) ) ;
#4129 = EDGE_CURVE ( 'NONE', #2979, #2401, #2769, .T. ) ;
#4130 = DIRECTION ( 'NONE',  ( -1.000000000000000000, 0.000000000000000000, 0.000000000000000000 ) ) ;
#4131 = CARTESIAN_POINT ( 'NONE',  ( 11.00000000000000000, 0.2499999999999898137, -5.000000000000000000 ) ) ;
#4132 = DIRECTION ( 'NONE',  ( -2.312964634635742464E-16, -1.000000000000000000, 0.000000000000000000 ) ) ;
#4133 = VERTEX_POINT ( 'NONE', #217 ) ;
#4134 = PLANE ( 'NONE',  #3084 ) ;
#4135 = CARTESIAN_POINT ( 'NONE',  ( -22.49999999999999289, 12.24999999999998579, 1.399999999999998579 ) ) ;
#4136 = CARTESIAN_POINT ( 'NONE',  ( -36.50000000000000000, -24.25000000000000355, -2.500000000000000444 ) ) ;
#4137 = EDGE_CURVE ( 'NONE', #829, #5193, #4209, .T. ) ;
#4138 = CARTESIAN_POINT ( 'NONE',  ( -16.36062139620113953, 1.389378603798883782, 11.71711063101815675 ) ) ;
#4139 = ORIENTED_EDGE ( 'NONE', *, *, #5226, .F. ) ;
#4140 = ORIENTED_EDGE ( 'NONE', *, *, #4813, .T. ) ;
#4141 = CARTESIAN_POINT ( 'NONE',  ( 22.50000000000000000, -4.750000000000058620, -3.499999999999999556 ) ) ;
#4142 = CIRCLE ( 'NONE', #4810, 1.500000000000001332 ) ;
#4143 = CIRCLE ( 'NONE', #2900, 2.999999999999999112 ) ;
#4144 = LINE ( 'NONE', #130, #3787 ) ;
#4145 = CARTESIAN_POINT ( 'NONE',  ( 29.00000000000000000, -18.00000000000000000, 71.50000000000002842 ) ) ;
#4146 = FACE_OUTER_BOUND ( 'NONE', #4420, .T. ) ;
#4147 = ORIENTED_EDGE ( 'NONE', *, *, #1623, .F. ) ;
#4148 = CARTESIAN_POINT ( 'NONE',  ( 37.50000000000000000, 12.25000000000000000, 47.70166666666661826 ) ) ;
#4149 = CIRCLE ( 'NONE', #2812, 0.9999999999999974465 ) ;
#4150 = EDGE_LOOP ( 'NONE', ( #2782, #414, #618, #5106 ) ) ;
#4151 = DIRECTION ( 'NONE',  ( 1.000000000000000000, -0.000000000000000000, -0.000000000000000000 ) ) ;
#4152 = DIRECTION ( 'NONE',  ( 1.000000000000000000, -2.323290369611799935E-16, 0.000000000000000000 ) ) ;
#4153 = ORIENTED_EDGE ( 'NONE', *, *, #4549, .F. ) ;
#4154 = ORIENTED_EDGE ( 'NONE', *, *, #1903, .F. ) ;
#4155 = CARTESIAN_POINT ( 'NONE',  ( 29.99999999999999645, 24.25000000000000000, 17.64999999999999858 ) ) ;
#4156 = ORIENTED_EDGE ( 'NONE', *, *, #4962, .F. ) ;
#4157 = EDGE_CURVE ( 'NONE', #5844, #3650, #1951, .T. ) ;
#4158 = FACE_OUTER_BOUND ( 'NONE', #3573, .T. ) ;
#4159 = DIRECTION ( 'NONE',  ( -2.312964634635742464E-16, -1.000000000000000000, 0.000000000000000000 ) ) ;
#4160 = ORIENTED_EDGE ( 'NONE', *, *, #5480, .T. ) ;
#4161 = EDGE_CURVE ( 'NONE', #420, #325, #1544, .T. ) ;
#4162 = FACE_OUTER_BOUND ( 'NONE', #2123, .T. ) ;
#4163 = ORIENTED_EDGE ( 'NONE', *, *, #1982, .F. ) ;
#4164 = LINE ( 'NONE', #2880, #5379 ) ;
#4165 = ADVANCED_FACE ( 'NONE', ( #1513 ), #3309, .T. ) ;
#4166 = CARTESIAN_POINT ( 'NONE',  ( -37.50000000000000000, 24.24999999999997868, -2.400000000000001688 ) ) ;
#4167 = CIRCLE ( 'NONE', #2364, 1.000000000000000888 ) ;
#4168 = FACE_OUTER_BOUND ( 'NONE', #1054, .T. ) ;
#4169 = EDGE_CURVE ( 'NONE', #295, #2222, #2828, .T. ) ;
#4170 = EDGE_CURVE ( 'NONE', #3975, #3378, #3250, .T. ) ;
#4171 = PLANE ( 'NONE',  #4852 ) ;
#4172 = EDGE_LOOP ( 'NONE', ( #1735, #1387, #5495, #5080 ) ) ;
#4173 = ORIENTED_EDGE ( 'NONE', *, *, #1823, .F. ) ;
#4174 = CARTESIAN_POINT ( 'NONE',  ( 30.00000000000000000, 13.24999999999998579, 17.64999999999999858 ) ) ;
#4175 = AXIS2_PLACEMENT_3D ( 'NONE', #476, #1476, #2354 ) ;
#4176 = DIRECTION ( 'NONE',  ( -0.000000000000000000, -0.000000000000000000, 1.000000000000000000 ) ) ;
#4177 = DIRECTION ( 'NONE',  ( -2.259648465249937489E-16, 1.000000000000000000, -2.465190328815661892E-32 ) ) ;
#4178 = PLANE ( 'NONE',  #720 ) ;
#4179 = ORIENTED_EDGE ( 'NONE', *, *, #3752, .F. ) ;
#4180 = CIRCLE ( 'NONE', #3125, 3.000000000000002665 ) ;
#4181 = CARTESIAN_POINT ( 'NONE',  ( -26.50000000000000000, -23.83578643762690774, -2.400000000000002132 ) ) ;
#4182 = ORIENTED_EDGE ( 'NONE', *, *, #3620, .T. ) ;
#4183 = APPLICATION_CONTEXT ( 'configuration controlled 3d designs of mechanical parts and assemblies' ) ;
#4184 = FACE_BOUND ( 'NONE', #2076, .T. ) ;
#4185 = ADVANCED_FACE ( 'NONE', ( #1012, #4623 ), #5607, .F. ) ;
#4186 = AXIS2_PLACEMENT_3D ( 'NONE', #3140, #3588, #4963 ) ;
#4187 = CARTESIAN_POINT ( 'NONE',  ( -24.02624142337289470, -23.86721521969126414, -5.297543311914547637 ) ) ;
#4188 = EDGE_LOOP ( 'NONE', ( #480, #5767, #4796, #1321, #1178, #3442, #5690, #4343, #5773, #2954, #2107, #2757, #699, #3314, #3214 ) ) ;
#4189 = ORIENTED_EDGE ( 'NONE', *, *, #1343, .T. ) ;
#4190 = CYLINDRICAL_SURFACE ( 'NONE', #1475, 1.000000000000000888 ) ;
#4191 = VERTEX_POINT ( 'NONE', #5545 ) ;
#4192 = ADVANCED_FACE ( 'NONE', ( #193 ), #1981, .T. ) ;
#4193 = ADVANCED_FACE ( 'NONE', ( #5556 ), #3648, .F. ) ;
#4194 = FACE_OUTER_BOUND ( 'NONE', #5209, .T. ) ;
#4195 = CARTESIAN_POINT ( 'NONE',  ( -30.00000000000000000, -18.00000000000000000, -2.500000000000002220 ) ) ;
#4196 = VECTOR ( 'NONE', #2932, 1000.000000000000000 ) ;
#4197 = CIRCLE ( 'NONE', #4292, 4.999999999999997335 ) ;
#4198 = EDGE_LOOP ( 'NONE', ( #4372, #1432, #596, #3839 ) ) ;
#4199 = DIRECTION ( 'NONE',  ( 0.000000000000000000, 0.000000000000000000, 1.000000000000000000 ) ) ;
#4200 = FACE_OUTER_BOUND ( 'NONE', #1999, .T. ) ;
#4201 = VECTOR ( 'NONE', #4986, 999.9999999999998863 ) ;
#4202 = FACE_OUTER_BOUND ( 'NONE', #4914, .T. ) ;
#4203 = LINE ( 'NONE', #1124, #709 ) ;
#4204 = FACE_OUTER_BOUND ( 'NONE', #5575, .T. ) ;
#4205 = VERTEX_POINT ( 'NONE', #2370 ) ;
#4206 = ORIENTED_EDGE ( 'NONE', *, *, #3781, .T. ) ;
#4207 = DIRECTION ( 'NONE',  ( 2.312964634635742957E-16, 1.000000000000000000, 0.000000000000000000 ) ) ;
#4208 = DIRECTION ( 'NONE',  ( 1.000000000000000000, 0.000000000000000000, 0.000000000000000000 ) ) ;
#4209 = LINE ( 'NONE', #2009, #2291 ) ;
#4210 = CARTESIAN_POINT ( 'NONE',  ( 33.49999999999999289, 9.249999999999984013, 17.64999999999999858 ) ) ;
#4211 = AXIS2_PLACEMENT_3D ( 'NONE', #4545, #5492, #4152 ) ;
#4212 = EDGE_LOOP ( 'NONE', ( #1840, #1187, #2344, #5216 ) ) ;
#4213 = DIRECTION ( 'NONE',  ( -1.000000000000000000, -2.569960705150827863E-16, 0.000000000000000000 ) ) ;
#4214 = EDGE_LOOP ( 'NONE', ( #3385, #2978, #3184, #880 ) ) ;
#4215 = AXIS2_PLACEMENT_3D ( 'NONE', #961, #2747, #522 ) ;
#4216 = AXIS2_PLACEMENT_3D ( 'NONE', #3295, #3776, #585 ) ;
#4217 = AXIS2_PLACEMENT_3D ( 'NONE', #5630, #4828, #3812 ) ;
#4218 = DIRECTION ( 'NONE',  ( 0.000000000000000000, 0.000000000000000000, -1.000000000000000000 ) ) ;
#4219 = CARTESIAN_POINT ( 'NONE',  ( -24.10443171877874491, -24.22400629963426510, -4.761009770477330427 ) ) ;
#4220 = ORIENTED_EDGE ( 'NONE', *, *, #321, .F. ) ;
#4221 = ORIENTED_EDGE ( 'NONE', *, *, #1994, .F. ) ;
#4222 = CARTESIAN_POINT ( 'NONE',  ( 30.99999999999999645, -18.00000000000000000, 52.90000000000000568 ) ) ;
#4223 = VECTOR ( 'NONE', #5317, 1000.000000000000000 ) ;
#4224 = EDGE_CURVE ( 'NONE', #1605, #1157, #550, .T. ) ;
#4225 = AXIS2_PLACEMENT_3D ( 'NONE', #3855, #1090, #5677 ) ;
#4226 = DIRECTION ( 'NONE',  ( -2.259648465249937489E-16, 1.000000000000000000, -2.465190328815661892E-32 ) ) ;
#4227 = CARTESIAN_POINT ( 'NONE',  ( -33.49999999999998579, -23.25000000000000000, -2.400000000000001688 ) ) ;
#4228 = ORIENTED_EDGE ( 'NONE', *, *, #3758, .T. ) ;
#4229 = CARTESIAN_POINT ( 'NONE',  ( 22.49999999999998579, -2.750000000000012879, 46.50000000000000000 ) ) ;
#4230 = EDGE_CURVE ( 'NONE', #4435, #1862, #5463, .T. ) ;
#4231 = FACE_OUTER_BOUND ( 'NONE', #540, .T. ) ;
#4232 = CARTESIAN_POINT ( 'NONE',  ( 19.14855074296530191, 24.24999999999999289, 46.78920999674306813 ) ) ;
#4233 = DIRECTION ( 'NONE',  ( 1.000000000000000000, -1.284980352575412453E-16, 0.000000000000000000 ) ) ;
#4234 = DIRECTION ( 'NONE',  ( -1.000000000000000000, 1.284980352575412453E-16, 1.156482317317872465E-16 ) ) ;
#4235 = EDGE_LOOP ( 'NONE', ( #5682, #2304, #5278, #2858 ) ) ;
#4236 = VERTEX_POINT ( 'NONE', #1050 ) ;
#4237 = FACE_OUTER_BOUND ( 'NONE', #3796, .T. ) ;
#4238 = DIRECTION ( 'NONE',  ( 1.000000000000000000, -1.156482317317871478E-16, 0.000000000000000000 ) ) ;
#4239 = DIRECTION ( 'NONE',  ( 0.000000000000000000, 0.000000000000000000, -1.000000000000000000 ) ) ;
#4240 = CARTESIAN_POINT ( 'NONE',  ( -23.50000000000000000, -23.25000000000000355, 3.563508326896287937 ) ) ;
#4241 = VECTOR ( 'NONE', #1911, 1000.000000000000000 ) ;
#4242 = ORIENTED_EDGE ( 'NONE', *, *, #4956, .F. ) ;
#4243 = VECTOR ( 'NONE', #2981, 1000.000000000000000 ) ;
#4244 = CARTESIAN_POINT ( 'NONE',  ( 25.40000000000000213, -24.25000000000001066, 57.89999999999999858 ) ) ;
#4245 = ORIENTED_EDGE ( 'NONE', *, *, #5554, .T. ) ;
#4246 = EDGE_CURVE ( 'NONE', #1916, #1372, #1466, .T. ) ;
#4247 = ADVANCED_FACE ( 'NONE', ( #3676 ), #1490, .F. ) ;
#4248 = ADVANCED_FACE ( 'NONE', ( #3195 ), #5062, .T. ) ;
#4249 = DIRECTION ( 'NONE',  ( 0.000000000000000000, -1.000000000000000000, 0.000000000000000000 ) ) ;
#4250 = DIRECTION ( 'NONE',  ( -1.000000000000000000, -2.891205793294675861E-16, 0.000000000000000000 ) ) ;
#4251 = ADVANCED_FACE ( 'NONE', ( #3613 ), #2403, .F. ) ;
#4252 = VERTEX_POINT ( 'NONE', #5491 ) ;
#4253 = AXIS2_PLACEMENT_3D ( 'NONE', #2468, #264, #4754 ) ;
#4254 = DIRECTION ( 'NONE',  ( -2.312964634635742957E-16, -1.000000000000000000, -0.000000000000000000 ) ) ;
#4255 = DIRECTION ( 'NONE',  ( -1.000000000000000000, 0.000000000000000000, 0.000000000000000000 ) ) ;
#4256 = VERTEX_POINT ( 'NONE', #2837 ) ;
#4257 = CARTESIAN_POINT ( 'NONE',  ( 22.50000000000000000, -12.25000000000000355, -5.500000000000000000 ) ) ;
#4258 = DIRECTION ( 'NONE',  ( -2.312964634635743450E-16, 1.000000000000000000, -0.000000000000000000 ) ) ;
#4259 = FACE_OUTER_BOUND ( 'NONE', #5137, .T. ) ;
#4260 = EDGE_CURVE ( 'NONE', #77, #1370, #1870, .T. ) ;
#4261 = CARTESIAN_POINT ( 'NONE',  ( -28.99999999999999645, -18.00000000000000000, -2.500000000000002220 ) ) ;
#4262 = AXIS2_PLACEMENT_3D ( 'NONE', #2787, #3753, #5088 ) ;
#4263 = CARTESIAN_POINT ( 'NONE',  ( -17.50000000000001421, 0.2499999999999956146, 9.304207983082909195 ) ) ;
#4264 = ORIENTED_EDGE ( 'NONE', *, *, #4246, .T. ) ;
#4265 = VERTEX_POINT ( 'NONE', #576 ) ;
#4266 = CARTESIAN_POINT ( 'NONE',  ( -34.49999999999999289, 12.25000000000000000, -5.500000000000000888 ) ) ;
#4267 = VECTOR ( 'NONE', #871, 1000.000000000000000 ) ;
#4268 = CARTESIAN_POINT ( 'NONE',  ( 24.50000000000000000, -24.25000000000001066, -4.500000000000000000 ) ) ;
#4269 = LINE ( 'NONE', #5514, #2393 ) ;
#4270 = EDGE_CURVE ( 'NONE', #5751, #1339, #3741, .T. ) ;
#4271 = LINE ( 'NONE', #5132, #3347 ) ;
#4272 = EDGE_LOOP ( 'NONE', ( #2991, #1158, #4173, #4669, #479 ) ) ;
#4273 = FACE_OUTER_BOUND ( 'NONE', #5075, .T. ) ;
#4274 = EDGE_CURVE ( 'NONE', #4068, #5791, #5078, .T. ) ;
#4275 = ORIENTED_EDGE ( 'NONE', *, *, #2145, .T. ) ;
#4276 = DIRECTION ( 'NONE',  ( -2.312964634635742464E-16, -1.000000000000000000, 0.000000000000000000 ) ) ;
#4277 = CARTESIAN_POINT ( 'NONE',  ( -18.50000000000001066, 21.25000000000000000, 22.70000000000001705 ) ) ;
#4278 = ORIENTED_EDGE ( 'NONE', *, *, #1882, .F. ) ;
#4279 = CARTESIAN_POINT ( 'NONE',  ( 33.49999999999998579, -23.25000000000001421, 3.399999999999998135 ) ) ;
#4280 = DIRECTION ( 'NONE',  ( 2.312964634635743450E-16, -1.000000000000000000, -0.000000000000000000 ) ) ;
#4281 = VERTEX_POINT ( 'NONE', #5016 ) ;
#4282 = CARTESIAN_POINT ( 'NONE',  ( 11.00000000000000355, 12.24999999999998934, 5.000000000000000888 ) ) ;
#4283 = EDGE_LOOP ( 'NONE', ( #2624, #1997, #5067, #157 ) ) ;
#4284 = CARTESIAN_POINT ( 'NONE',  ( -12.00000000000000000, 0.2499999999999944211, -8.000000000000000000 ) ) ;
#4285 = VECTOR ( 'NONE', #2710, 1000.000000000000000 ) ;
#4286 = CARTESIAN_POINT ( 'NONE',  ( 26.39999999999999503, 12.24999999999999822, 57.89999999999999858 ) ) ;
#4287 = DIRECTION ( 'NONE',  ( 1.000000000000000000, 0.000000000000000000, 0.000000000000000000 ) ) ;
#4288 = DIRECTION ( 'NONE',  ( 2.312964634635743943E-16, -1.000000000000000000, 0.000000000000000000 ) ) ;
#4289 = ORIENTED_EDGE ( 'NONE', *, *, #2942, .F. ) ;
#4290 = ORIENTED_EDGE ( 'NONE', *, *, #4260, .T. ) ;
#4291 = CARTESIAN_POINT ( 'NONE',  ( 25.50000000000000000, 12.24999999999999645, 10.70000000000001883 ) ) ;
#4292 = AXIS2_PLACEMENT_3D ( 'NONE', #426, #4982, #3128 ) ;
#4293 = ADVANCED_FACE ( 'NONE', ( #4600 ), #5170, .T. ) ;
#4294 = DIRECTION ( 'NONE',  ( 1.000000000000000000, 2.312964634635743450E-16, -0.000000000000000000 ) ) ;
#4295 = DIRECTION ( 'NONE',  ( 2.312964634635742957E-16, 1.000000000000000000, -0.000000000000000000 ) ) ;
#4296 = CARTESIAN_POINT ( 'NONE',  ( 33.49999999999998579, -23.83578643762691485, -2.400000000000002132 ) ) ;
#4297 = ORIENTED_EDGE ( 'NONE', *, *, #5829, .T. ) ;
#4298 = DIRECTION ( 'NONE',  ( 1.000000000000000000, -2.439454888092383004E-16, 0.000000000000000000 ) ) ;
#4299 = VERTEX_POINT ( 'NONE', #1897 ) ;
#4300 = CARTESIAN_POINT ( 'NONE',  ( 23.50000000000000000, -23.25000000000001066, -3.499999999999999556 ) ) ;
#4301 = EDGE_CURVE ( 'NONE', #958, #4350, #4094, .T. ) ;
#4302 = CARTESIAN_POINT ( 'NONE',  ( -37.50000000000000000, -23.25000000000000355, -2.500000000000000444 ) ) ;
#4303 =( BOUNDED_CURVE ( )  B_SPLINE_CURVE ( 3, ( #5192, #4329, #2830, #3765 ),
 .UNSPECIFIED., .F., .F. ) 
 B_SPLINE_CURVE_WITH_KNOTS ( ( 4, 4 ),
 ( 1.570796326794896780, 3.141592653589796669 ),
 .UNSPECIFIED. ) 
 CURVE ( )  GEOMETRIC_REPRESENTATION_ITEM ( )  RATIONAL_B_SPLINE_CURVE ( ( 1.000000000000000000, 0.8047378541243641603, 0.8047378541243641603, 1.000000000000000000 ) ) 
 REPRESENTATION_ITEM ( '' )  );
#4304 = AXIS2_PLACEMENT_3D ( 'NONE', #4501, #1824, #974 ) ;
#4305 = CARTESIAN_POINT ( 'NONE',  ( 34.60000000000000853, -24.25000000000001066, 52.90000000000000568 ) ) ;
#4306 = DIRECTION ( 'NONE',  ( 1.000000000000000000, 0.000000000000000000, 0.000000000000000000 ) ) ;
#4307 = CIRCLE ( 'NONE', #1741, 0.9999999999999974465 ) ;
#4308 = ORIENTED_EDGE ( 'NONE', *, *, #439, .T. ) ;
#4309 = AXIS2_PLACEMENT_3D ( 'NONE', #5588, #173, #551 ) ;
#4310 = TOROIDAL_SURFACE ( 'NONE', #5543, 12.00000000000000000, 2.000000000000000000 ) ;
#4311 = FACE_OUTER_BOUND ( 'NONE', #4313, .T. ) ;
#4312 = VECTOR ( 'NONE', #758, 1000.000000000000000 ) ;
#4313 = EDGE_LOOP ( 'NONE', ( #3133, #2989, #5490, #2598 ) ) ;
#4314 = ORIENTED_EDGE ( 'NONE', *, *, #2408, .F. ) ;
#4315 = CARTESIAN_POINT ( 'NONE',  ( 22.50000000000000000, 12.24999999999999645, 2.399999999999997691 ) ) ;
#4316 = ORIENTED_EDGE ( 'NONE', *, *, #2840, .F. ) ;
#4317 = ADVANCED_FACE ( 'NONE', ( #4184, #137 ), #4124, .T. ) ;
#4318 = EDGE_CURVE ( 'NONE', #4672, #201, #5257, .T. ) ;
#4319 = LINE ( 'NONE', #4286, #1661 ) ;
#4320 = EDGE_CURVE ( 'NONE', #977, #1710, #198, .T. ) ;
#4321 = DIRECTION ( 'NONE',  ( -1.284980352575412453E-16, -1.000000000000000000, -0.000000000000000000 ) ) ;
#4322 = CARTESIAN_POINT ( 'NONE',  ( -22.49999999999999645, 20.24999999999998579, 2.399999999999998135 ) ) ;
#4323 = ORIENTED_EDGE ( 'NONE', *, *, #1793, .T. ) ;
#4324 = ORIENTED_EDGE ( 'NONE', *, *, #608, .T. ) ;
#4325 = CARTESIAN_POINT ( 'NONE',  ( 33.49999999999999289, -24.25000000000001066, 3.399999999999998135 ) ) ;
#4326 = AXIS2_PLACEMENT_3D ( 'NONE', #4090, #4030, #5843 ) ;
#4327 = PLANE ( 'NONE',  #160 ) ;
#4328 = DIRECTION ( 'NONE',  ( 2.312964634635742957E-16, 1.000000000000000000, 0.000000000000000000 ) ) ;
#4329 = CARTESIAN_POINT ( 'NONE',  ( 25.98578643762690277, -24.25000000000001421, 52.48578643762690632 ) ) ;
#4330 = ORIENTED_EDGE ( 'NONE', *, *, #2062, .F. ) ;
#4331 = ORIENTED_EDGE ( 'NONE', *, *, #5238, .T. ) ;
#4332 = FACE_OUTER_BOUND ( 'NONE', #3847, .T. ) ;
#4333 = DIRECTION ( 'NONE',  ( -2.312964634635742957E-16, -1.000000000000000000, 0.000000000000000000 ) ) ;
#4334 = DIRECTION ( 'NONE',  ( 1.000000000000000000, -2.349104707051927095E-16, 0.000000000000000000 ) ) ;
#4335 = AXIS2_PLACEMENT_3D ( 'NONE', #5485, #891, #4509 ) ;
#4336 = ORIENTED_EDGE ( 'NONE', *, *, #2587, .T. ) ;
#4337 = VECTOR ( 'NONE', #2731, 1000.000000000000000 ) ;
#4338 =( BOUNDED_CURVE ( )  B_SPLINE_CURVE ( 3, ( #4609, #4637, #3172, #4994 ),
 .UNSPECIFIED., .F., .F. ) 
 B_SPLINE_CURVE_WITH_KNOTS ( ( 4, 4 ),
 ( 1.570796326794896558, 3.141592653589796225 ),
 .UNSPECIFIED. ) 
 CURVE ( )  GEOMETRIC_REPRESENTATION_ITEM ( )  RATIONAL_B_SPLINE_CURVE ( ( 1.000000000000000000, 0.8047378541243643824, 0.8047378541243643824, 1.000000000000000000 ) ) 
 REPRESENTATION_ITEM ( '' )  );
#4339 = DIRECTION ( 'NONE',  ( 0.000000000000000000, 0.000000000000000000, 1.000000000000000000 ) ) ;
#4340 = PLANE ( 'NONE',  #331 ) ;
#4341 = LINE ( 'NONE', #4784, #2412 ) ;
#4342 = ORIENTED_EDGE ( 'NONE', *, *, #1550, .T. ) ;
#4343 = ORIENTED_EDGE ( 'NONE', *, *, #4713, .F. ) ;
#4344 = DIRECTION ( 'NONE',  ( 1.000000000000000000, 2.312964634635743450E-16, 0.000000000000000000 ) ) ;
#4345 = AXIS2_PLACEMENT_3D ( 'NONE', #3401, #3018, #5229 ) ;
#4346 = FACE_OUTER_BOUND ( 'NONE', #5240, .T. ) ;
#4347 = ADVANCED_FACE ( 'NONE', ( #2485 ), #752, .F. ) ;
#4348 = ORIENTED_EDGE ( 'NONE', *, *, #33, .T. ) ;
#4349 = CARTESIAN_POINT ( 'NONE',  ( 15.00000000000000355, 0.2499999999999880651, 10.50000000000006040 ) ) ;
#4350 = VERTEX_POINT ( 'NONE', #3876 ) ;
#4351 = EDGE_LOOP ( 'NONE', ( #3223, #1456, #2512, #1900, #2675 ) ) ;
#4352 = FACE_OUTER_BOUND ( 'NONE', #1702, .T. ) ;
#4353 = EDGE_CURVE ( 'NONE', #143, #2613, #3500, .T. ) ;
#4354 = LINE ( 'NONE', #1536, #4739 ) ;
#4355 = EDGE_CURVE ( 'NONE', #3900, #2683, #3821, .T. ) ;
#4356 = DIRECTION ( 'NONE',  ( -0.000000000000000000, -1.000000000000000000, -0.000000000000000000 ) ) ;
#4357 = DIRECTION ( 'NONE',  ( -0.000000000000000000, -0.000000000000000000, 1.000000000000000000 ) ) ;
#4358 = VERTEX_POINT ( 'NONE', #278 ) ;
#4359 = ORIENTED_EDGE ( 'NONE', *, *, #965, .T. ) ;
#4360 = ORIENTED_EDGE ( 'NONE', *, *, #2463, .F. ) ;
#4361 = DIRECTION ( 'NONE',  ( 1.000000000000000000, 0.000000000000000000, 0.000000000000000000 ) ) ;
#4362 = AXIS2_PLACEMENT_3D ( 'NONE', #876, #5792, #4099 ) ;
#4363 = CARTESIAN_POINT ( 'NONE',  ( -36.50000000000000000, 12.24999999999998224, -2.400000000000001688 ) ) ;
#4364 = CARTESIAN_POINT ( 'NONE',  ( -37.50000000000000000, 12.25000000000000000, -5.500000000000000000 ) ) ;
#4365 = CYLINDRICAL_SURFACE ( 'NONE', #808, 1.500000000000001332 ) ;
#4366 = VERTEX_POINT ( 'NONE', #5197 ) ;
#4367 = CARTESIAN_POINT ( 'NONE',  ( 34.49999999999999289, -81.25877125495691189, 60.50000000000000000 ) ) ;
#4368 = EDGE_CURVE ( 'NONE', #1339, #3174, #346, .T. ) ;
#4369 = DIRECTION ( 'NONE',  ( -2.312964634635743450E-16, 1.000000000000000000, 0.000000000000000000 ) ) ;
#4370 = DIRECTION ( 'NONE',  ( 1.000000000000000000, 0.000000000000000000, 0.000000000000000000 ) ) ;
#4371 = VERTEX_POINT ( 'NONE', #2922 ) ;
#4372 = ORIENTED_EDGE ( 'NONE', *, *, #1442, .F. ) ;
#4373 = CARTESIAN_POINT ( 'NONE',  ( 26.49999999999998934, -23.83578643762691485, -2.400000000000002132 ) ) ;
#4374 = VECTOR ( 'NONE', #2785, 1000.000000000000000 ) ;
#4375 = ADVANCED_FACE ( 'NONE', ( #4775 ), #5693, .T. ) ;
#4376 = EDGE_CURVE ( 'NONE', #2867, #977, #637, .T. ) ;
#4377 = FACE_OUTER_BOUND ( 'NONE', #5187, .T. ) ;
#4378 = ORIENTED_EDGE ( 'NONE', *, *, #2167, .F. ) ;
#4379 = VECTOR ( 'NONE', #2553, 1000.000000000000000 ) ;
#4380 = DIRECTION ( 'NONE',  ( -1.000000000000000000, 2.551063935260010491E-16, 0.000000000000000000 ) ) ;
#4381 = ORIENTED_EDGE ( 'NONE', *, *, #301, .T. ) ;
#4382 = ORIENTED_EDGE ( 'NONE', *, *, #2057, .T. ) ;
#4383 = DIRECTION ( 'NONE',  ( 1.000000000000000000, -1.156482317317871478E-16, 0.000000000000000000 ) ) ;
#4384 = CARTESIAN_POINT ( 'NONE',  ( 26.39999999999999503, 12.24999999999999822, 57.89999999999999858 ) ) ;
#4385 = DIRECTION ( 'NONE',  ( 1.000000000000000000, -2.312964634635742957E-16, -0.000000000000000000 ) ) ;
#4386 = CIRCLE ( 'NONE', #2843, 2.500000000000001776 ) ;
#4387 = VECTOR ( 'NONE', #3965, 1000.000000000000000 ) ;
#4388 = ORIENTED_EDGE ( 'NONE', *, *, #2665, .F. ) ;
#4389 = ORIENTED_EDGE ( 'NONE', *, *, #763, .T. ) ;
#4390 = VERTEX_POINT ( 'NONE', #3429 ) ;
#4391 = PLANE ( 'NONE',  #4522 ) ;
#4392 = PLANE ( 'NONE',  #230 ) ;
#4393 = CARTESIAN_POINT ( 'NONE',  ( 34.49999999999999289, 12.25000000000000178, -2.499999999999999556 ) ) ;
#4394 = DIRECTION ( 'NONE',  ( -2.312964634635742464E-16, -1.000000000000000000, 0.000000000000000000 ) ) ;
#4395 = ORIENTED_EDGE ( 'NONE', *, *, #5477, .F. ) ;
#4396 = DIRECTION ( 'NONE',  ( -1.000000000000000000, -2.312964634635743450E-16, 0.000000000000000000 ) ) ;
#4397 = VECTOR ( 'NONE', #5830, 1000.000000000000000 ) ;
#4398 = DIRECTION ( 'NONE',  ( -0.000000000000000000, 0.000000000000000000, 1.000000000000000000 ) ) ;
#4399 = PERSON_AND_ORGANIZATION ( #3621, #2781 ) ;
#4400 = TOROIDAL_SURFACE ( 'NONE', #1836, 1.000000000000000000, 1.000000000000000000 ) ;
#4401 = VERTEX_POINT ( 'NONE', #664 ) ;
#4402 = EDGE_CURVE ( 'NONE', #1797, #5382, #2409, .T. ) ;
#4403 = CARTESIAN_POINT ( 'NONE',  ( -2.000000000000000000, 6.249999999999996447, -7.000000000000000000 ) ) ;
#4404 = CARTESIAN_POINT ( 'NONE',  ( 30.00000000000000000, 9.249999999999984013, 37.65000000000000568 ) ) ;
#4405 = CIRCLE ( 'NONE', #1747, 1.000000000000000888 ) ;
#4406 = EDGE_LOOP ( 'NONE', ( #4992, #3489, #4050, #287, #4849, #2050, #5199, #319, #1562 ) ) ;
#4407 = FACE_OUTER_BOUND ( 'NONE', #3553, .T. ) ;
#4408 = ORIENTED_EDGE ( 'NONE', *, *, #4060, .T. ) ;
#4409 = ORIENTED_EDGE ( 'NONE', *, *, #3361, .T. ) ;
#4410 = LINE ( 'NONE', #2093, #5577 ) ;
#4411 = AXIS2_PLACEMENT_3D ( 'NONE', #4731, #5623, #2447 ) ;
#4412 = DIRECTION ( 'NONE',  ( 0.000000000000000000, 0.000000000000000000, 1.000000000000000000 ) ) ;
#4413 = DIRECTION ( 'NONE',  ( 0.7371541402007415478, 0.000000000000000000, 0.6757246285173462708 ) ) ;
#4414 = EDGE_LOOP ( 'NONE', ( #1022, #3371, #2206, #5233 ) ) ;
#4415 = ORIENTED_EDGE ( 'NONE', *, *, #722, .T. ) ;
#4416 = DIRECTION ( 'NONE',  ( -1.000000000000000000, 0.000000000000000000, 1.156482317317871725E-15 ) ) ;
#4417 = EDGE_CURVE ( 'NONE', #4555, #568, #2585, .T. ) ;
#4418 = CARTESIAN_POINT ( 'NONE',  ( -12.00000000000000000, 0.2499999999999943101, -5.000000000000000000 ) ) ;
#4419 = DIRECTION ( 'NONE',  ( 0.000000000000000000, 0.000000000000000000, 1.000000000000000000 ) ) ;
#4420 = EDGE_LOOP ( 'NONE', ( #4512, #2366, #5832, #4975 ) ) ;
#4421 = EDGE_CURVE ( 'NONE', #4826, #4023, #2435, .T. ) ;
#4422 = ADVANCED_FACE ( 'NONE', ( #5138 ), #1195, .T. ) ;
#4423 = CYLINDRICAL_SURFACE ( 'NONE', #836, 2.000000000000000000 ) ;
#4424 = CARTESIAN_POINT ( 'NONE',  ( 22.50000000000000355, 12.24999999999999645, 43.99519656731666117 ) ) ;
#4425 = EDGE_CURVE ( 'NONE', #1211, #4484, #55, .T. ) ;
#4426 = FACE_OUTER_BOUND ( 'NONE', #386, .T. ) ;
#4427 = ORIENTED_EDGE ( 'NONE', *, *, #4056, .F. ) ;
#4428 = CARTESIAN_POINT ( 'NONE',  ( -18.50000000000001066, 21.25000000000000000, 33.70166666666662536 ) ) ;
#4429 = CIRCLE ( 'NONE', #3280, 2.000000000000001776 ) ;
#4430 = AXIS2_PLACEMENT_3D ( 'NONE', #3368, #5550, #3281 ) ;
#4431 = LINE ( 'NONE', #3978, #314 ) ;
#4432 = ORIENTED_EDGE ( 'NONE', *, *, #3977, .F. ) ;
#4433 = FACE_OUTER_BOUND ( 'NONE', #580, .T. ) ;
#4434 = LINE ( 'NONE', #5112, #2832 ) ;
#4435 = VERTEX_POINT ( 'NONE', #725 ) ;
#4436 = CARTESIAN_POINT ( 'NONE',  ( 37.50000000000000000, -12.25000000000000178, -2.499999999999999556 ) ) ;
#4437 = AXIS2_PLACEMENT_3D ( 'NONE', #4729, #2051, #4790 ) ;
#4438 = DIRECTION ( 'NONE',  ( 0.4997224534895765014, -1.155840362054795350E-16, 0.8661855860486008529 ) ) ;
#4439 = ORIENTED_EDGE ( 'NONE', *, *, #3179, .F. ) ;
#4440 = EDGE_LOOP ( 'NONE', ( #42, #3659, #5603, #4897 ) ) ;
#4441 = ORIENTED_EDGE ( 'NONE', *, *, #3981, .F. ) ;
#4442 = FACE_OUTER_BOUND ( 'NONE', #2711, .T. ) ;
#4443 = EDGE_CURVE ( 'NONE', #175, #4504, #4722, .T. ) ;
#4444 = EDGE_CURVE ( 'NONE', #4023, #3723, #1570, .T. ) ;
#4445 = DIRECTION ( 'NONE',  ( -2.312964634635742957E-16, -1.000000000000000000, 0.000000000000000000 ) ) ;
#4446 = FACE_OUTER_BOUND ( 'NONE', #2172, .T. ) ;
#4447 = ORIENTED_EDGE ( 'NONE', *, *, #1871, .F. ) ;
#4448 = AXIS2_PLACEMENT_3D ( 'NONE', #1291, #3593, #4459 ) ;
#4449 = LINE ( 'NONE', #5697, #3854 ) ;
#4450 = CARTESIAN_POINT ( 'NONE',  ( -23.49999999999999645, 24.24999999999998579, -2.400000000000001688 ) ) ;
#4451 = APPROVAL_ROLE ( '' ) ;
#4452 = DIRECTION ( 'NONE',  ( 0.000000000000000000, 0.000000000000000000, -1.000000000000000000 ) ) ;
#4453 = VERTEX_POINT ( 'NONE', #3772 ) ;
#4454 = AXIS2_PLACEMENT_3D ( 'NONE', #2821, #3690, #151 ) ;
#4455 = LINE ( 'NONE', #1693, #4223 ) ;
#4456 = CARTESIAN_POINT ( 'NONE',  ( 10.95068627702058173, 12.24999999999999289, 49.91312908726884956 ) ) ;
#4457 = LINE ( 'NONE', #1615, #5799 ) ;
#4458 = ORIENTED_EDGE ( 'NONE', *, *, #4402, .F. ) ;
#4459 = DIRECTION ( 'NONE',  ( 1.000000000000000000, 0.000000000000000000, 0.000000000000000000 ) ) ;
#4460 = ORIENTED_EDGE ( 'NONE', *, *, #3165, .F. ) ;
#4461 = ORIENTED_EDGE ( 'NONE', *, *, #3757, .T. ) ;
#4462 = CARTESIAN_POINT ( 'NONE',  ( 22.50000000000000355, 12.24999999999999645, -3.019858152799183628E-31 ) ) ;
#4463 = CARTESIAN_POINT ( 'NONE',  ( 34.49999999999999289, 0.000000000000000000, -5.500000000000000000 ) ) ;
#4464 = DIRECTION ( 'NONE',  ( -1.000000000000000000, 0.000000000000000000, 0.000000000000000000 ) ) ;
#4465 = VERTEX_POINT ( 'NONE', #2017 ) ;
#4466 = FACE_OUTER_BOUND ( 'NONE', #1640, .T. ) ;
#4467 = ORIENTED_EDGE ( 'NONE', *, *, #2007, .F. ) ;
#4468 = ORIENTED_EDGE ( 'NONE', *, *, #410, .F. ) ;
#4469 = CYLINDRICAL_SURFACE ( 'NONE', #5758, 3.499999999999996003 ) ;
#4470 = EDGE_CURVE ( 'NONE', #391, #3288, #4307, .T. ) ;
#4471 = DIRECTION ( 'NONE',  ( 1.000000000000000000, 0.000000000000000000, 0.000000000000000000 ) ) ;
#4472 = AXIS2_PLACEMENT_3D ( 'NONE', #3379, #2027, #3829 ) ;
#4473 = FACE_OUTER_BOUND ( 'NONE', #3603, .T. ) ;
#4474 = ORIENTED_EDGE ( 'NONE', *, *, #4260, .F. ) ;
#4475 = CARTESIAN_POINT ( 'NONE',  ( 23.50000000000000000, -24.25000000000001066, -3.499999999999999556 ) ) ;
#4476 = EDGE_CURVE ( 'NONE', #2613, #5671, #5369, .T. ) ;
#4477 = ORIENTED_EDGE ( 'NONE', *, *, #1202, .F. ) ;
#4478 = AXIS2_PLACEMENT_3D ( 'NONE', #1334, #4445, #5840 ) ;
#4479 = VECTOR ( 'NONE', #2303, 1000.000000000000000 ) ;
#4480 = CARTESIAN_POINT ( 'NONE',  ( -22.50000000000000000, -12.25000000000000355, -5.500000000000000000 ) ) ;
#4481 = DIRECTION ( 'NONE',  ( 0.000000000000000000, 0.000000000000000000, 1.000000000000000000 ) ) ;
#4482 = DATE_TIME_ROLE ( 'classification_date' ) ;
#4483 = CARTESIAN_POINT ( 'NONE',  ( 30.00000000000000000, -18.00000000000000000, 49.50000000000000000 ) ) ;
#4484 = VERTEX_POINT ( 'NONE', #344 ) ;
#4485 = CARTESIAN_POINT ( 'NONE',  ( -24.14931018519559203, -24.25000000000000355, -4.499999999999999112 ) ) ;
#4486 = CARTESIAN_POINT ( 'NONE',  ( 0.5000000000000017764, 6.249999999999996447, 12.50000000000000000 ) ) ;
#4487 = DIRECTION ( 'NONE',  ( 1.000000000000000000, -1.284980352575412699E-16, 0.000000000000000000 ) ) ;
#4488 = VECTOR ( 'NONE', #4357, 1000.000000000000000 ) ;
#4489 = ORIENTED_EDGE ( 'NONE', *, *, #5065, .T. ) ;
#4490 = AXIS2_PLACEMENT_3D ( 'NONE', #5756, #4920, #5810 ) ;
#4491 = ADVANCED_FACE ( 'NONE', ( #427 ), #3552, .T. ) ;
#4492 = EDGE_CURVE ( 'NONE', #242, #3392, #834, .T. ) ;
#4493 = CARTESIAN_POINT ( 'NONE',  ( -18.50000000000001066, 12.25000000000000000, 22.70000000000001705 ) ) ;
#4494 = VERTEX_POINT ( 'NONE', #3098 ) ;
#4495 = CARTESIAN_POINT ( 'NONE',  ( 22.50000000000000355, 9.249999999999998224, 48.54166666666661456 ) ) ;
#4496 = AXIS2_PLACEMENT_3D ( 'NONE', #1662, #638, #5669 ) ;
#4497 = ADVANCED_FACE ( 'NONE', ( #1687, #1773 ), #2655, .F. ) ;
#4498 = AXIS2_PLACEMENT_3D ( 'NONE', #4714, #2508, #5658 ) ;
#4499 = DIRECTION ( 'NONE',  ( 1.156482317317871478E-16, 1.000000000000000000, -0.000000000000000000 ) ) ;
#4500 = AXIS2_PLACEMENT_3D ( 'NONE', #2010, #2943, #2068 ) ;
#4501 = CARTESIAN_POINT ( 'NONE',  ( -2.000000000000000000, 6.249999999999996447, -7.000000000000000000 ) ) ;
#4502 = EDGE_CURVE ( 'NONE', #2597, #2047, #3735, .T. ) ;
#4503 = PRODUCT_DEFINITION ( 'æœ', '', #2037, #4671 ) ;
#4504 = VERTEX_POINT ( 'NONE', #3519 ) ;
#4505 = CARTESIAN_POINT ( 'NONE',  ( -26.49999999999999645, -23.25000000000000000, 5.500000000000000000 ) ) ;
#4506 = VERTEX_POINT ( 'NONE', #3495 ) ;
#4507 = CIRCLE ( 'NONE', #4978, 2.000000000000001776 ) ;
#4508 = VERTEX_POINT ( 'NONE', #1335 ) ;
#4509 = DIRECTION ( 'NONE',  ( -1.000000000000000000, 0.000000000000000000, 0.000000000000000000 ) ) ;
#4510 = FACE_OUTER_BOUND ( 'NONE', #2886, .T. ) ;
#4511 = DIRECTION ( 'NONE',  ( -1.000000000000000000, 1.156482317317871478E-16, 0.000000000000000000 ) ) ;
#4512 = ORIENTED_EDGE ( 'NONE', *, *, #3045, .T. ) ;
#4513 = DIRECTION ( 'NONE',  ( 0.000000000000000000, 0.000000000000000000, -1.000000000000000000 ) ) ;
#4514 = ORIENTED_EDGE ( 'NONE', *, *, #2941, .T. ) ;
#4515 = ADVANCED_FACE ( 'NONE', ( #4446, #5310 ), #2220, .F. ) ;
#4516 = CALENDAR_DATE ( 2026, 7, 5 ) ;
#4517 = CARTESIAN_POINT ( 'NONE',  ( 25.50000000000000000, 12.24999999999999467, 7.700000000000018829 ) ) ;
#4518 = EDGE_LOOP ( 'NONE', ( #1126, #1939 ) ) ;
#4519 = DIRECTION ( 'NONE',  ( -0.000000000000000000, -0.000000000000000000, 1.000000000000000000 ) ) ;
#4520 = EDGE_CURVE ( 'NONE', #4618, #673, #1226, .T. ) ;
#4521 = DIRECTION ( 'NONE',  ( -0.7371541402007417698, -1.705011456559634319E-16, -0.6757246285173459377 ) ) ;
#4522 = AXIS2_PLACEMENT_3D ( 'NONE', #863, #338, #1192 ) ;
#4523 = AXIS2_PLACEMENT_3D ( 'NONE', #1365, #3155, #5069 ) ;
#4524 = EDGE_CURVE ( 'NONE', #1948, #4612, #4837, .T. ) ;
#4525 = ORIENTED_EDGE ( 'NONE', *, *, #1015, .T. ) ;
#4526 = CARTESIAN_POINT ( 'NONE',  ( 22.50000000000000000, -12.25000000000000355, -5.500000000000000000 ) ) ;
#4527 = EDGE_LOOP ( 'NONE', ( #555, #4917, #2885, #4441 ) ) ;
#4528 = DIRECTION ( 'NONE',  ( -0.000000000000000000, 1.000000000000000000, -0.000000000000000000 ) ) ;
#4529 = AXIS2_PLACEMENT_3D ( 'NONE', #4910, #3115, #854 ) ;
#4530 = PLANE ( 'NONE',  #1944 ) ;
#4531 = ADVANCED_FACE ( 'NONE', ( #2572, #4473 ), #2136, .T. ) ;
#4532 = LINE ( 'NONE', #3662, #2492 ) ;
#4533 = EDGE_CURVE ( 'NONE', #4236, #3627, #309, .T. ) ;
#4534 = CARTESIAN_POINT ( 'NONE',  ( -33.49999999999997868, 33.75000000000001421, -2.400000000000001688 ) ) ;
#4535 = ORIENTED_EDGE ( 'NONE', *, *, #1015, .F. ) ;
#4536 = ORIENTED_EDGE ( 'NONE', *, *, #1524, .T. ) ;
#4537 = CARTESIAN_POINT ( 'NONE',  ( 30.00000000000000000, -18.00000000000000000, -28.50000000000000355 ) ) ;
#4538 = EDGE_CURVE ( 'NONE', #1595, #5484, #2105, .T. ) ;
#4539 = DIRECTION ( 'NONE',  ( 0.000000000000000000, 0.000000000000000000, -1.000000000000000000 ) ) ;
#4540 = LINE ( 'NONE', #894, #810 ) ;
#4541 = ORIENTED_EDGE ( 'NONE', *, *, #916, .T. ) ;
#4542 = CARTESIAN_POINT ( 'NONE',  ( 30.99999999999999645, -18.00000000000000000, 71.50000000000002842 ) ) ;
#4543 = ORIENTED_EDGE ( 'NONE', *, *, #2982, .F. ) ;
#4544 = DIRECTION ( 'NONE',  ( 0.000000000000000000, 0.000000000000000000, -1.000000000000000000 ) ) ;
#4545 = CARTESIAN_POINT ( 'NONE',  ( 29.99999999999999645, 0.2499999999999846234, 17.64999999999999858 ) ) ;
#4546 = VECTOR ( 'NONE', #2227, 1000.000000000000000 ) ;
#4547 = ORIENTED_EDGE ( 'NONE', *, *, #2672, .T. ) ;
#4548 = DIRECTION ( 'NONE',  ( -1.000000000000000000, -2.312964634635743450E-16, 0.000000000000000000 ) ) ;
#4549 = EDGE_CURVE ( 'NONE', #3543, #3404, #5841, .T. ) ;
#4550 = CARTESIAN_POINT ( 'NONE',  ( 22.50000000000000355, 12.24999999999999645, 48.54166666666661456 ) ) ;
#4551 = LINE ( 'NONE', #177, #4693 ) ;
#4552 = ORIENTED_EDGE ( 'NONE', *, *, #2286, .T. ) ;
#4553 = DIRECTION ( 'NONE',  ( 1.000000000000000000, -2.323290369611799935E-16, 0.000000000000000000 ) ) ;
#4554 = ADVANCED_FACE ( 'NONE', ( #3041 ), #2628, .F. ) ;
#4555 = VERTEX_POINT ( 'NONE', #3967 ) ;
#4556 = CARTESIAN_POINT ( 'NONE',  ( 30.99999999999999645, -18.00000000000000000, 57.89999999999999858 ) ) ;
#4557 = FACE_BOUND ( 'NONE', #3265, .T. ) ;
#4558 = CARTESIAN_POINT ( 'NONE',  ( 9.224360753997205009, 12.24999999999999289, 22.50000000000000000 ) ) ;
#4559 = CARTESIAN_POINT ( 'NONE',  ( 34.49999999999998579, -24.25000000000001066, 3.399999999999998135 ) ) ;
#4560 = EDGE_LOOP ( 'NONE', ( #549, #1709, #335, #731 ) ) ;
#4561 = ORIENTED_EDGE ( 'NONE', *, *, #3182, .T. ) ;
#4562 = DIRECTION ( 'NONE',  ( -2.312964634635742957E-16, -1.000000000000000000, -0.000000000000000000 ) ) ;
#4563 = LINE ( 'NONE', #516, #2109 ) ;
#4564 = DIRECTION ( 'NONE',  ( -0.000000000000000000, -0.000000000000000000, 1.000000000000000000 ) ) ;
#4565 = EDGE_LOOP ( 'NONE', ( #2329, #1454, #1692, #4880, #481, #3055 ) ) ;
#4566 = DIRECTION ( 'NONE',  ( -1.000000000000000000, 1.156482317317871478E-16, 0.000000000000000000 ) ) ;
#4567 = ORIENTED_EDGE ( 'NONE', *, *, #5142, .T. ) ;
#4568 = EDGE_CURVE ( 'NONE', #3378, #431, #5785, .T. ) ;
#4569 = AXIS2_PLACEMENT_3D ( 'NONE', #4902, #4295, #2976 ) ;
#4570 = CARTESIAN_POINT ( 'NONE',  ( -37.50000000000000000, -23.25000000000000355, 5.500000000000000000 ) ) ;
#4571 = DIRECTION ( 'NONE',  ( -1.284980352575412453E-16, -1.000000000000000000, 0.000000000000000000 ) ) ;
#4572 = ORIENTED_EDGE ( 'NONE', *, *, #1074, .T. ) ;
#4573 = DIRECTION ( 'NONE',  ( -2.312964634635742957E-16, -1.000000000000000000, 0.000000000000000000 ) ) ;
#4574 = ORIENTED_EDGE ( 'NONE', *, *, #2582, .F. ) ;
#4575 = DIRECTION ( 'NONE',  ( 1.000000000000000000, 0.000000000000000000, 0.000000000000000000 ) ) ;
#4576 = AXIS2_PLACEMENT_3D ( 'NONE', #2170, #3973, #3945 ) ;
#4577 = DIRECTION ( 'NONE',  ( 0.000000000000000000, 0.000000000000000000, -1.000000000000000000 ) ) ;
#4578 = CIRCLE ( 'NONE', #1733, 2.000000000000001776 ) ;
#4579 = CARTESIAN_POINT ( 'NONE',  ( -33.49999999999997868, 12.24999999999998401, -2.400000000000001688 ) ) ;
#4580 = VERTEX_POINT ( 'NONE', #4890 ) ;
#4581 = DIRECTION ( 'NONE',  ( 0.000000000000000000, 0.000000000000000000, -1.000000000000000000 ) ) ;
#4582 = CARTESIAN_POINT ( 'NONE',  ( -25.49999999999999645, -24.25000000000000355, 3.399999999999998135 ) ) ;
#4583 = AXIS2_PLACEMENT_3D ( 'NONE', #5249, #418, #827 ) ;
#4584 = AXIS2_PLACEMENT_3D ( 'NONE', #3397, #1624, #2074 ) ;
#4585 = CARTESIAN_POINT ( 'NONE',  ( 25.49999999999998934, -23.25000000000000711, -2.400000000000001688 ) ) ;
#4586 = CARTESIAN_POINT ( 'NONE',  ( 26.50000000000000355, 9.249999999999984013, 37.65000000000000568 ) ) ;
#4587 = ORIENTED_EDGE ( 'NONE', *, *, #4444, .T. ) ;
#4588 = VERTEX_POINT ( 'NONE', #2189 ) ;
#4589 = CARTESIAN_POINT ( 'NONE',  ( 26.40000000000000213, -23.25000000000001066, 57.89999999999999858 ) ) ;
#4590 = CIRCLE ( 'NONE', #250, 0.9999999999999974465 ) ;
#4591 = VECTOR ( 'NONE', #164, 1000.000000000000000 ) ;
#4592 = CARTESIAN_POINT ( 'NONE',  ( -2.000000000000000000, 6.249999999999996447, 7.000000000000000000 ) ) ;
#4593 = DIRECTION ( 'NONE',  ( -2.259648465249937489E-16, 1.000000000000000000, -2.465190328815661892E-32 ) ) ;
#4594 = AXIS2_PLACEMENT_3D ( 'NONE', #3202, #5564, #4577 ) ;
#4595 = DIRECTION ( 'NONE',  ( 0.000000000000000000, 0.000000000000000000, -1.000000000000000000 ) ) ;
#4596 = ORIENTED_EDGE ( 'NONE', *, *, #1904, .F. ) ;
#4597 = EDGE_CURVE ( 'NONE', #1105, #1295, #1279, .T. ) ;
#4598 = CARTESIAN_POINT ( 'NONE',  ( 35.50000000000000000, -24.25000000000001066, 50.50000000000000000 ) ) ;
#4599 = ORIENTED_EDGE ( 'NONE', *, *, #2791, .T. ) ;
#4600 = FACE_OUTER_BOUND ( 'NONE', #603, .T. ) ;
#4601 = ADVANCED_FACE ( 'NONE', ( #1922, #4120 ), #4178, .T. ) ;
#4602 = FACE_OUTER_BOUND ( 'NONE', #782, .T. ) ;
#4603 = ORIENTED_EDGE ( 'NONE', *, *, #4301, .F. ) ;
#4604 = ORIENTED_EDGE ( 'NONE', *, *, #3470, .F. ) ;
#4605 = DIRECTION ( 'NONE',  ( -2.312964634635743450E-16, 1.000000000000000000, -0.000000000000000000 ) ) ;
#4606 = EDGE_CURVE ( 'NONE', #1928, #3143, #672, .T. ) ;
#4607 = ORIENTED_EDGE ( 'NONE', *, *, #3982, .F. ) ;
#4608 = EDGE_CURVE ( 'NONE', #4506, #3878, #60, .T. ) ;
#4609 = CARTESIAN_POINT ( 'NONE',  ( 34.60000000000000853, -24.25000000000001066, 51.89999999999999858 ) ) ;
#4610 = CARTESIAN_POINT ( 'NONE',  ( 31.50000000000000711, 13.24999999999998579, 17.64999999999999858 ) ) ;
#4611 = DIRECTION ( 'NONE',  ( -1.284980352575412699E-16, -1.000000000000000000, -0.000000000000000000 ) ) ;
#4612 = VERTEX_POINT ( 'NONE', #17 ) ;
#4613 = PLANE ( 'NONE',  #3480 ) ;
#4614 = DIRECTION ( 'NONE',  ( -0.000000000000000000, 1.000000000000000000, 0.000000000000000000 ) ) ;
#4615 = VECTOR ( 'NONE', #2887, 1000.000000000000000 ) ;
#4616 = LINE ( 'NONE', #918, #2119 ) ;
#4617 = DIRECTION ( 'NONE',  ( -2.312964634635743450E-16, 1.000000000000000000, 0.000000000000000000 ) ) ;
#4618 = VERTEX_POINT ( 'NONE', #1486 ) ;
#4619 = EDGE_LOOP ( 'NONE', ( #1173, #1354, #1798, #749 ) ) ;
#4620 = CARTESIAN_POINT ( 'NONE',  ( 24.50000000000000000, -23.25000000000001066, 51.50000000000000711 ) ) ;
#4621 = VECTOR ( 'NONE', #1503, 1000.000000000000000 ) ;
#4622 = DIRECTION ( 'NONE',  ( 1.000000000000000000, 0.000000000000000000, 0.000000000000000000 ) ) ;
#4623 = FACE_BOUND ( 'NONE', #1061, .T. ) ;
#4624 = CARTESIAN_POINT ( 'NONE',  ( 22.50000000000000000, 12.24999999999999645, -5.500000000000000000 ) ) ;
#4625 = ORIENTED_EDGE ( 'NONE', *, *, #772, .T. ) ;
#4626 = DIRECTION ( 'NONE',  ( -2.259648465249937489E-16, 1.000000000000000000, -2.465190328815661892E-32 ) ) ;
#4627 = VECTOR ( 'NONE', #2169, 1000.000000000000000 ) ;
#4628 = ORIENTED_EDGE ( 'NONE', *, *, #2085, .T. ) ;
#4629 = ADVANCED_FACE ( 'NONE', ( #3246 ), #5039, .F. ) ;
#4630 = ADVANCED_FACE ( 'NONE', ( #4146 ), #4310, .T. ) ;
#4631 = DIRECTION ( 'NONE',  ( -1.000000000000000000, 2.312964634635742957E-16, -0.000000000000000000 ) ) ;
#4632 = DIRECTION ( 'NONE',  ( -1.000000000000000000, 0.000000000000000000, 0.000000000000000000 ) ) ;
#4633 = ORIENTED_EDGE ( 'NONE', *, *, #3905, .F. ) ;
#4634 = ORIENTED_EDGE ( 'NONE', *, *, #1823, .T. ) ;
#4635 = CYLINDRICAL_SURFACE ( 'NONE', #4024, 1.000000000000000888 ) ;
#4636 = ORIENTED_EDGE ( 'NONE', *, *, #304, .T. ) ;
#4637 = CARTESIAN_POINT ( 'NONE',  ( 34.01421356237310079, -24.25000000000000711, 52.48578643762689921 ) ) ;
#4638 = CARTESIAN_POINT ( 'NONE',  ( 33.60000000000001563, -81.25877125495691189, 57.89999999999999858 ) ) ;
#4639 = CARTESIAN_POINT ( 'NONE',  ( 16.14855074296530191, 24.24999999999999645, 50.70166666666662536 ) ) ;
#4640 = CARTESIAN_POINT ( 'NONE',  ( -34.49999999999999289, -23.25000000000000000, -2.500000000000000444 ) ) ;
#4641 = AXIS2_PLACEMENT_3D ( 'NONE', #354, #2147, #3948 ) ;
#4642 = CARTESIAN_POINT ( 'NONE',  ( 29.00000000000000000, -18.00000000000000000, -28.50000000000000355 ) ) ;
#4643 = AXIS2_PLACEMENT_3D ( 'NONE', #1788, #5795, #4553 ) ;
#4644 = CIRCLE ( 'NONE', #3692, 1.000000000000000888 ) ;
#4645 = CARTESIAN_POINT ( 'NONE',  ( 36.50000000000000000, -23.25000000000001066, 0.000000000000000000 ) ) ;
#4646 = FACE_OUTER_BOUND ( 'NONE', #383, .T. ) ;
#4647 = ORIENTED_EDGE ( 'NONE', *, *, #231, .T. ) ;
#4648 = ORIENTED_EDGE ( 'NONE', *, *, #916, .F. ) ;
#4649 = DIRECTION ( 'NONE',  ( -1.000000000000000000, 0.000000000000000000, 0.000000000000000000 ) ) ;
#4650 = AXIS2_PLACEMENT_3D ( 'NONE', #5533, #2325, #3661 ) ;
#4651 = CARTESIAN_POINT ( 'NONE',  ( 24.50000000000000000, -23.25000000000001066, 3.499999999999999556 ) ) ;
#4652 = CARTESIAN_POINT ( 'NONE',  ( 22.50000000000000000, -23.25000000000001066, -5.500000000000000000 ) ) ;
#4653 = LINE ( 'NONE', #2864, #4591 ) ;
#4654 = EDGE_CURVE ( 'NONE', #1002, #5826, #4116, .T. ) ;
#4655 = ORIENTED_EDGE ( 'NONE', *, *, #5727, .T. ) ;
#4656 = VECTOR ( 'NONE', #4041, 1000.000000000000000 ) ;
#4657 = DIRECTION ( 'NONE',  ( 0.000000000000000000, 0.000000000000000000, -1.000000000000000000 ) ) ;
#4658 = ORIENTED_EDGE ( 'NONE', *, *, #284, .F. ) ;
#4659 = DIRECTION ( 'NONE',  ( -1.000000000000000000, 1.156482317317871478E-16, 0.000000000000000000 ) ) ;
#4660 = VECTOR ( 'NONE', #1672, 1000.000000000000000 ) ;
#4661 = CARTESIAN_POINT ( 'NONE',  ( -24.00000000000000000, -23.38283789029420490, -5.500000000000000000 ) ) ;
#4662 = EDGE_CURVE ( 'NONE', #4508, #1953, #4059, .T. ) ;
#4663 = ORIENTED_EDGE ( 'NONE', *, *, #327, .T. ) ;
#4664 = ORIENTED_EDGE ( 'NONE', *, *, #2066, .T. ) ;
#4665 = DIRECTION ( 'NONE',  ( 1.000000000000000000, 0.000000000000000000, -0.000000000000000000 ) ) ;
#4666 = LINE ( 'NONE', #176, #3142 ) ;
#4667 = CARTESIAN_POINT ( 'NONE',  ( -22.50000000000000000, -4.750000000000036415, 7.000000000000000888 ) ) ;
#4668 = VECTOR ( 'NONE', #1328, 1000.000000000000000 ) ;
#4669 = ORIENTED_EDGE ( 'NONE', *, *, #5212, .F. ) ;
#4670 = DIRECTION ( 'NONE',  ( -1.156482317317871478E-16, -1.000000000000000000, 0.000000000000000000 ) ) ;
#4671 = DESIGN_CONTEXT ( 'detailed design', #855, 'design' ) ;
#4672 = VERTEX_POINT ( 'NONE', #1368 ) ;
#4673 = LINE ( 'NONE', #2383, #4241 ) ;
#4674 = CIRCLE ( 'NONE', #5436, 10.00000000000000178 ) ;
#4675 = PLANE ( 'NONE',  #4411 ) ;
#4676 = EDGE_CURVE ( 'NONE', #3404, #5445, #5073, .T. ) ;
#4677 = LINE ( 'NONE', #704, #5534 ) ;
#4678 = EDGE_CURVE ( 'NONE', #5382, #4778, #4540, .T. ) ;
#4679 = CARTESIAN_POINT ( 'NONE',  ( -16.47307505917092740, 1.276924940829093247, 11.61340704555013836 ) ) ;
#4680 = ORIENTED_EDGE ( 'NONE', *, *, #818, .T. ) ;
#4681 = VERTEX_POINT ( 'NONE', #3670 ) ;
#4682 = DIRECTION ( 'NONE',  ( -2.312964634635742957E-16, -1.000000000000000000, -0.000000000000000000 ) ) ;
#4683 = ADVANCED_FACE ( 'NONE', ( #2275, #1013, #74 ), #133, .T. ) ;
#4684 = VECTOR ( 'NONE', #3756, 1000.000000000000000 ) ;
#4685 = DIRECTION ( 'NONE',  ( 1.000000000000000000, 0.000000000000000000, 0.000000000000000000 ) ) ;
#4686 = ADVANCED_FACE ( 'NONE', ( #3189 ), #5487, .T. ) ;
#4687 = DIRECTION ( 'NONE',  ( 2.312964634635743450E-16, -1.000000000000000000, 1.372260973168562273E-32 ) ) ;
#4688 = AXIS2_PLACEMENT_3D ( 'NONE', #4645, #5184, #2883 ) ;
#4689 = ORIENTED_EDGE ( 'NONE', *, *, #260, .F. ) ;
#4690 = DIRECTION ( 'NONE',  ( 1.000000000000000000, 2.109942937938456966E-16, 0.000000000000000000 ) ) ;
#4691 = VERTEX_POINT ( 'NONE', #957 ) ;
#4692 = VECTOR ( 'NONE', #1249, 1000.000000000000000 ) ;
#4693 = VECTOR ( 'NONE', #1029, 1000.000000000000000 ) ;
#4694 = DIRECTION ( 'NONE',  ( -2.312964634635743450E-16, 1.000000000000000000, 0.000000000000000000 ) ) ;
#4695 = DIRECTION ( 'NONE',  ( -1.156482317317871478E-16, -1.000000000000000000, 0.000000000000000000 ) ) ;
#4696 = VERTEX_POINT ( 'NONE', #2800 ) ;
#4697 = ADVANCED_FACE ( 'NONE', ( #3217 ), #983, .T. ) ;
#4698 = AXIS2_PLACEMENT_3D ( 'NONE', #5649, #1146, #702 ) ;
#4699 = DIRECTION ( 'NONE',  ( 0.000000000000000000, 0.000000000000000000, 1.000000000000000000 ) ) ;
#4700 = PERSON_AND_ORGANIZATION_ROLE ( 'creator' ) ;
#4701 = ORIENTED_EDGE ( 'NONE', *, *, #2813, .F. ) ;
#4702 = LINE ( 'NONE', #1502, #1411 ) ;
#4703 = ORIENTED_EDGE ( 'NONE', *, *, #5769, .F. ) ;
#4704 = CYLINDRICAL_SURFACE ( 'NONE', #317, 3.499999999999996003 ) ;
#4705 = EDGE_CURVE ( 'NONE', #3704, #582, #3527, .T. ) ;
#4706 = CARTESIAN_POINT ( 'NONE',  ( 35.50000000000000000, -23.25000000000001066, 51.50000000000000711 ) ) ;
#4707 = EDGE_CURVE ( 'NONE', #5445, #4133, #2770, .T. ) ;
#4708 = FACE_OUTER_BOUND ( 'NONE', #4414, .T. ) ;
#4709 = DIRECTION ( 'NONE',  ( 0.000000000000000000, 0.000000000000000000, 1.000000000000000000 ) ) ;
#4710 = ORIENTED_EDGE ( 'NONE', *, *, #48, .T. ) ;
#4711 = EDGE_LOOP ( 'NONE', ( #3961, #2505, #4727, #2140 ) ) ;
#4712 = DIRECTION ( 'NONE',  ( 1.000000000000000000, -2.349104707051927095E-16, 0.000000000000000000 ) ) ;
#4713 = EDGE_CURVE ( 'NONE', #88, #201, #2510, .T. ) ;
#4714 = CARTESIAN_POINT ( 'NONE',  ( -2.000000000000000000, 6.249999999999996447, -12.49999999999999645 ) ) ;
#4715 = CARTESIAN_POINT ( 'NONE',  ( 12.97786016257261643, 9.249999999999994671, 47.70166666666661826 ) ) ;
#4716 = DIRECTION ( 'NONE',  ( 0.000000000000000000, 0.000000000000000000, 1.000000000000000000 ) ) ;
#4717 = ORIENTED_EDGE ( 'NONE', *, *, #5154, .T. ) ;
#4718 = CARTESIAN_POINT ( 'NONE',  ( -17.50000000000001421, 0.2499999999999956146, -7.000000000000009770 ) ) ;
#4719 = VECTOR ( 'NONE', #3340, 1000.000000000000000 ) ;
#4720 = EDGE_CURVE ( 'NONE', #3288, #391, #1191, .T. ) ;
#4721 =( BOUNDED_CURVE ( )  B_SPLINE_CURVE ( 3, ( #3051, #820, #1316, #3922 ),
 .UNSPECIFIED., .F., .F. ) 
 B_SPLINE_CURVE_WITH_KNOTS ( ( 4, 4 ),
 ( 3.141592653589786455, 4.712388980384689674 ),
 .UNSPECIFIED. ) 
 CURVE ( )  GEOMETRIC_REPRESENTATION_ITEM ( )  RATIONAL_B_SPLINE_CURVE ( ( 1.000000000000000000, 0.8047378541243634942, 0.8047378541243634942, 1.000000000000000000 ) ) 
 REPRESENTATION_ITEM ( '' )  );
#4722 = LINE ( 'NONE', #4305, #5444 ) ;
#4723 = CARTESIAN_POINT ( 'NONE',  ( -31.00000000000000000, -18.00000000000000000, 2.499999999999998668 ) ) ;
#4724 = ORIENTED_EDGE ( 'NONE', *, *, #4965, .F. ) ;
#4725 = AXIS2_PLACEMENT_3D ( 'NONE', #5234, #4845, #2525 ) ;
#4726 = DIRECTION ( 'NONE',  ( -0.000000000000000000, -0.000000000000000000, 1.000000000000000000 ) ) ;
#4727 = ORIENTED_EDGE ( 'NONE', *, *, #3285, .F. ) ;
#4728 = EDGE_CURVE ( 'NONE', #4588, #1204, #4303, .T. ) ;
#4729 = CARTESIAN_POINT ( 'NONE',  ( -12.99999999999995204, 2.249999999999994671, 2.500000000000000444 ) ) ;
#4730 = CARTESIAN_POINT ( 'NONE',  ( 26.49999999999999645, 33.75000000000001421, 2.399999999999998135 ) ) ;
#4731 = CARTESIAN_POINT ( 'NONE',  ( 22.50000000000000000, 12.24999999999999645, -5.500000000000000000 ) ) ;
#4732 = FACE_BOUND ( 'NONE', #5290, .T. ) ;
#4733 = ADVANCED_FACE ( 'NONE', ( #2398, #5686 ), #1044, .T. ) ;
#4734 = VECTOR ( 'NONE', #3232, 1000.000000000000000 ) ;
#4735 = DIRECTION ( 'NONE',  ( -1.000000000000000000, 0.000000000000000000, -1.156482317317872465E-16 ) ) ;
#4736 = VERTEX_POINT ( 'NONE', #2915 ) ;
#4737 = ORIENTED_EDGE ( 'NONE', *, *, #2700, .F. ) ;
#4738 = CARTESIAN_POINT ( 'NONE',  ( 30.00000000000000000, -18.00000000000000000, 71.50000000000002842 ) ) ;
#4739 = VECTOR ( 'NONE', #216, 1000.000000000000000 ) ;
#4740 = CARTESIAN_POINT ( 'NONE',  ( 35.50000000000000000, -2.750000000000015987, 51.50000000000000711 ) ) ;
#4741 = CARTESIAN_POINT ( 'NONE',  ( 7.999999999999992895, 0.2499999999999903966, -8.000000000000000000 ) ) ;
#4742 = DIRECTION ( 'NONE',  ( -2.312964634635743450E-16, 1.000000000000000000, 0.000000000000000000 ) ) ;
#4743 = EDGE_LOOP ( 'NONE', ( #2312, #853, #2442, #2794 ) ) ;
#4744 = CARTESIAN_POINT ( 'NONE',  ( 34.49999999999999289, 12.25000000000000000, 47.70166666666661826 ) ) ;
#4745 = LINE ( 'NONE', #1901, #3748 ) ;
#4746 = DIRECTION ( 'NONE',  ( -0.000000000000000000, -0.000000000000000000, 1.000000000000000000 ) ) ;
#4747 = DIRECTION ( 'NONE',  ( 2.312964634635743450E-16, -1.000000000000000000, -0.000000000000000000 ) ) ;
#4748 = DIRECTION ( 'NONE',  ( 1.000000000000000000, -1.156482317317871478E-16, 0.000000000000000000 ) ) ;
#4749 = EDGE_CURVE ( 'NONE', #4401, #717, #3865, .T. ) ;
#4750 = ORIENTED_EDGE ( 'NONE', *, *, #2997, .F. ) ;
#4751 = DIRECTION ( 'NONE',  ( 1.000000000000000000, -1.156482317317871478E-16, -0.000000000000000000 ) ) ;
#4752 =( NAMED_UNIT ( * ) PLANE_ANGLE_UNIT ( ) SI_UNIT ( $, .RADIAN. ) );
#4753 = ORIENTED_EDGE ( 'NONE', *, *, #2870, .T. ) ;
#4754 = DIRECTION ( 'NONE',  ( 1.000000000000000000, 0.000000000000000000, 0.000000000000000000 ) ) ;
#4755 = VERTEX_POINT ( 'NONE', #5608 ) ;
#4756 = CARTESIAN_POINT ( 'NONE',  ( 5.500000000000005329, 9.249999999999985789, 37.65000000000000568 ) ) ;
#4757 = AXIS2_PLACEMENT_3D ( 'NONE', #1062, #5182, #620 ) ;
#4758 = DIRECTION ( 'NONE',  ( 5.701898048196685666E-48, -2.465190328815661892E-32, -1.000000000000000000 ) ) ;
#4759 = DIRECTION ( 'NONE',  ( -1.000000000000000000, 0.000000000000000000, 0.000000000000000000 ) ) ;
#4760 = LINE ( 'NONE', #5298, #4660 ) ;
#4761 = ORIENTED_EDGE ( 'NONE', *, *, #340, .F. ) ;
#4762 = ORIENTED_EDGE ( 'NONE', *, *, #284, .T. ) ;
#4763 = DIRECTION ( 'NONE',  ( -2.312964634635743943E-16, 1.000000000000000000, -0.000000000000000000 ) ) ;
#4764 = CIRCLE ( 'NONE', #1726, 1.000000000000000888 ) ;
#4765 = AXIS2_PLACEMENT_3D ( 'NONE', #5461, #2336, #2657 ) ;
#4766 = CARTESIAN_POINT ( 'NONE',  ( 37.50000000000000711, 12.25000000000000000, 60.50000000000000000 ) ) ;
#4767 = DIRECTION ( 'NONE',  ( 0.000000000000000000, 0.000000000000000000, -1.000000000000000000 ) ) ;
#4768 = DIRECTION ( 'NONE',  ( -0.000000000000000000, -0.000000000000000000, 1.000000000000000000 ) ) ;
#4769 = ORIENTED_EDGE ( 'NONE', *, *, #3532, .T. ) ;
#4770 = ORIENTED_EDGE ( 'NONE', *, *, #2995, .F. ) ;
#4771 = ORIENTED_EDGE ( 'NONE', *, *, #2258, .F. ) ;
#4772 = DIRECTION ( 'NONE',  ( 1.084202172485501722E-16, 2.507721281754207512E-32, -1.000000000000000000 ) ) ;
#4773 = DIRECTION ( 'NONE',  ( -0.000000000000000000, -0.000000000000000000, 1.000000000000000000 ) ) ;
#4774 = AXIS2_PLACEMENT_3D ( 'NONE', #2002, #5205, #4759 ) ;
#4775 = FACE_OUTER_BOUND ( 'NONE', #53, .T. ) ;
#4776 = LINE ( 'NONE', #3398, #2591 ) ;
#4777 = AXIS2_PLACEMENT_3D ( 'NONE', #2952, #4276, #4334 ) ;
#4778 = VERTEX_POINT ( 'NONE', #1616 ) ;
#4779 = AXIS2_PLACEMENT_3D ( 'NONE', #5275, #3006, #771 ) ;
#4780 = AXIS2_PLACEMENT_3D ( 'NONE', #3277, #4511, #460 ) ;
#4781 = CARTESIAN_POINT ( 'NONE',  ( -24.05173574012866311, -24.05118551969408713, 5.112478535433901961 ) ) ;
#4782 = EDGE_CURVE ( 'NONE', #493, #5745, #2430, .T. ) ;
#4783 = CARTESIAN_POINT ( 'NONE',  ( -29.41476826843390668, 12.24999999999998401, 12.91146242060224658 ) ) ;
#4784 = CARTESIAN_POINT ( 'NONE',  ( 33.49999999999998579, 12.24999999999999822, -5.500000000000000000 ) ) ;
#4785 = VECTOR ( 'NONE', #5759, 1000.000000000000000 ) ;
#4786 = EDGE_CURVE ( 'NONE', #2909, #2211, #2594, .T. ) ;
#4787 = VECTOR ( 'NONE', #3976, 1000.000000000000000 ) ;
#4788 = EDGE_LOOP ( 'NONE', ( #1393, #2774, #4857, #4596 ) ) ;
#4789 = ORIENTED_EDGE ( 'NONE', *, *, #171, .T. ) ;
#4790 = DIRECTION ( 'NONE',  ( 1.000000000000000000, -2.168404344971008868E-16, 8.890457814381136359E-15 ) ) ;
#4791 = EDGE_CURVE ( 'NONE', #391, #896, #4271, .T. ) ;
#4792 = EDGE_CURVE ( 'NONE', #943, #2334, #4653, .T. ) ;
#4793 = DIRECTION ( 'NONE',  ( -0.000000000000000000, -0.000000000000000000, 1.000000000000000000 ) ) ;
#4794 = CYLINDRICAL_SURFACE ( 'NONE', #2126, 1.000000000000000888 ) ;
#4795 = DIRECTION ( 'NONE',  ( 0.000000000000000000, -0.000000000000000000, 1.000000000000000000 ) ) ;
#4796 = ORIENTED_EDGE ( 'NONE', *, *, #4678, .T. ) ;
#4797 = ORIENTED_EDGE ( 'NONE', *, *, #2562, .F. ) ;
#4798 = DIRECTION ( 'NONE',  ( 1.000000000000000000, -2.001604010742470255E-16, 0.000000000000000000 ) ) ;
#4799 = LINE ( 'NONE', #1129, #671 ) ;
#4800 = DIRECTION ( 'NONE',  ( 1.000000000000000000, 0.000000000000000000, -1.156482317317872465E-16 ) ) ;
#4801 = CARTESIAN_POINT ( 'NONE',  ( -37.50000000000000000, 12.25000000000000000, 5.500000000000000000 ) ) ;
#4802 = EDGE_LOOP ( 'NONE', ( #38, #1567, #887, #2745 ) ) ;
#4803 = ORIENTED_EDGE ( 'NONE', *, *, #261, .F. ) ;
#4804 = ORIENTED_EDGE ( 'NONE', *, *, #4520, .T. ) ;
#4805 = DIRECTION ( 'NONE',  ( 1.000000000000000000, 0.000000000000000000, 0.000000000000000000 ) ) ;
#4806 = EDGE_CURVE ( 'NONE', #829, #4453, #1907, .T. ) ;
#4807 = CARTESIAN_POINT ( 'NONE',  ( 34.01421356237310079, -24.25000000000000711, 58.31421356237311215 ) ) ;
#4808 = CARTESIAN_POINT ( 'NONE',  ( 8.000000000000000000, 0.2499999999999897027, 5.000000000000000888 ) ) ;
#4809 = AXIS2_PLACEMENT_3D ( 'NONE', #3651, #4605, #2346 ) ;
#4810 = AXIS2_PLACEMENT_3D ( 'NONE', #825, #2617, #3416 ) ;
#4811 = DIRECTION ( 'NONE',  ( 0.000000000000000000, 0.000000000000000000, 1.000000000000000000 ) ) ;
#4812 = ORIENTED_EDGE ( 'NONE', *, *, #666, .T. ) ;
#4813 = EDGE_CURVE ( 'NONE', #2047, #90, #633, .T. ) ;
#4814 = EDGE_CURVE ( 'NONE', #1372, #943, #3337, .T. ) ;
#4815 = VECTOR ( 'NONE', #7, 1000.000000000000000 ) ;
#4816 = DIRECTION ( 'NONE',  ( -1.000000000000000000, 0.000000000000000000, 0.000000000000000000 ) ) ;
#4817 = CARTESIAN_POINT ( 'NONE',  ( 22.50000000000000355, 21.25000000000000000, 48.54166666666661456 ) ) ;
#4818 = DATE_AND_TIME ( #1996, #4119 ) ;
#4819 = ORIENTED_EDGE ( 'NONE', *, *, #2007, .T. ) ;
#4820 = ORIENTED_EDGE ( 'NONE', *, *, #987, .F. ) ;
#4821 = CARTESIAN_POINT ( 'NONE',  ( -2.000000000000000000, 6.249999999999996447, 12.50000000000000000 ) ) ;
#4822 = DIRECTION ( 'NONE',  ( 2.259648465249937489E-16, -1.000000000000000000, 2.465190328815661892E-32 ) ) ;
#4823 = ORIENTED_EDGE ( 'NONE', *, *, #1347, .T. ) ;
#4824 = DIRECTION ( 'NONE',  ( 0.000000000000000000, 0.000000000000000000, 1.000000000000000000 ) ) ;
#4825 = EDGE_LOOP ( 'NONE', ( #899, #5636 ) ) ;
#4826 = VERTEX_POINT ( 'NONE', #1104 ) ;
#4827 = CARTESIAN_POINT ( 'NONE',  ( -19.50000000000000711, 24.24999999999998579, 17.65000000000000924 ) ) ;
#4828 = DIRECTION ( 'NONE',  ( 0.000000000000000000, 0.000000000000000000, -1.000000000000000000 ) ) ;
#4829 = CYLINDRICAL_SURFACE ( 'NONE', #4304, 5.000000000000003553 ) ;
#4830 = CIRCLE ( 'NONE', #3499, 2.000000000000001776 ) ;
#4831 = ORIENTED_EDGE ( 'NONE', *, *, #4034, .T. ) ;
#4832 = ORIENTED_EDGE ( 'NONE', *, *, #5456, .T. ) ;
#4833 = ORIENTED_EDGE ( 'NONE', *, *, #122, .T. ) ;
#4834 = DIRECTION ( 'NONE',  ( 0.000000000000000000, 0.000000000000000000, 1.000000000000000000 ) ) ;
#4835 = CIRCLE ( 'NONE', #5598, 2.500000000000001776 ) ;
#4836 = CARTESIAN_POINT ( 'NONE',  ( 29.99999999999999645, 24.25000000000000000, 17.64999999999999858 ) ) ;
#4837 = LINE ( 'NONE', #4364, #1183 ) ;
#4838 = EDGE_CURVE ( 'NONE', #1464, #1014, #5349, .T. ) ;
#4839 = DIRECTION ( 'NONE',  ( 1.284980352575412453E-16, 1.000000000000000000, 0.000000000000000000 ) ) ;
#4840 = ORIENTED_EDGE ( 'NONE', *, *, #5590, .T. ) ;
#4841 = CARTESIAN_POINT ( 'NONE',  ( -24.01642693542406093, -23.75608923851122611, 5.372456995589232065 ) ) ;
#4842 = LINE ( 'NONE', #315, #797 ) ;
#4843 = ORIENTED_EDGE ( 'NONE', *, *, #4230, .F. ) ;
#4844 = EDGE_LOOP ( 'NONE', ( #3985, #3079, #4655, #3996 ) ) ;
#4845 = DIRECTION ( 'NONE',  ( 2.259648465249937489E-16, -1.000000000000000000, 2.465190328815661892E-32 ) ) ;
#4846 = DIRECTION ( 'NONE',  ( 2.312964634635742957E-16, 1.000000000000000000, -0.000000000000000000 ) ) ;
#4847 = VERTEX_POINT ( 'NONE', #5661 ) ;
#4848 = CARTESIAN_POINT ( 'NONE',  ( -12.99999999999995204, 0.2499999999999945322, 10.50000000000000000 ) ) ;
#4849 = ORIENTED_EDGE ( 'NONE', *, *, #2427, .T. ) ;
#4850 = ORIENTED_EDGE ( 'NONE', *, *, #515, .F. ) ;
#4851 = DIRECTION ( 'NONE',  ( -0.7371541402007415478, 0.000000000000000000, -0.6757246285173462708 ) ) ;
#4852 = AXIS2_PLACEMENT_3D ( 'NONE', #1914, #5185, #5601 ) ;
#4853 = CARTESIAN_POINT ( 'NONE',  ( 22.50000000000000000, -12.25000000000000355, 47.70166666666661826 ) ) ;
#4854 = EDGE_CURVE ( 'NONE', #1611, #1916, #1155, .T. ) ;
#4855 = CARTESIAN_POINT ( 'NONE',  ( -23.08113883008418554, -5.331138830084230840, -5.262751066095957775 ) ) ;
#4856 = AXIS2_PLACEMENT_3D ( 'NONE', #545, #4177, #5101 ) ;
#4857 = ORIENTED_EDGE ( 'NONE', *, *, #4707, .F. ) ;
#4858 = EDGE_CURVE ( 'NONE', #3594, #1427, #1566, .T. ) ;
#4859 = ORIENTED_EDGE ( 'NONE', *, *, #5769, .T. ) ;
#4860 = ORIENTED_EDGE ( 'NONE', *, *, #470, .T. ) ;
#4861 = DIRECTION ( 'NONE',  ( 1.000000000000000000, -1.156482317317871478E-16, 0.000000000000000000 ) ) ;
#4862 = EDGE_CURVE ( 'NONE', #5407, #952, #686, .T. ) ;
#4863 = VECTOR ( 'NONE', #403, 1000.000000000000000 ) ;
#4864 = DIRECTION ( 'NONE',  ( -2.312964634635742957E-16, -1.000000000000000000, 0.000000000000000000 ) ) ;
#4865 = DIRECTION ( 'NONE',  ( 1.000000000000000000, -2.312964634635742957E-16, 0.000000000000000000 ) ) ;
#4866 = VERTEX_POINT ( 'NONE', #3513 ) ;
#4867 = LINE ( 'NONE', #2576, #5670 ) ;
#4868 = CIRCLE ( 'NONE', #5341, 1.500000000000001332 ) ;
#4869 = DIRECTION ( 'NONE',  ( -1.000000000000000000, -1.734723475976806848E-16, 0.000000000000000000 ) ) ;
#4870 = VECTOR ( 'NONE', #5131, 1000.000000000000000 ) ;
#4871 = CIRCLE ( 'NONE', #3636, 1.000000000000000888 ) ;
#4872 = VERTEX_POINT ( 'NONE', #3088 ) ;
#4873 = DIRECTION ( 'NONE',  ( -2.312964634635742464E-16, -1.000000000000000000, 0.000000000000000000 ) ) ;
#4874 = VECTOR ( 'NONE', #2040, 1000.000000000000000 ) ;
#4875 = CARTESIAN_POINT ( 'NONE',  ( 26.49999999999998934, -23.25000000000001421, 2.399999999999998135 ) ) ;
#4876 = CC_DESIGN_SECURITY_CLASSIFICATION ( #2877, ( #2037 ) ) ;
#4877 = ORIENTED_EDGE ( 'NONE', *, *, #942, .F. ) ;
#4878 = DIRECTION ( 'NONE',  ( -0.000000000000000000, -0.000000000000000000, 1.000000000000000000 ) ) ;
#4879 = EDGE_CURVE ( 'NONE', #4506, #5717, #1932, .T. ) ;
#4880 = ORIENTED_EDGE ( 'NONE', *, *, #3127, .F. ) ;
#4881 = ORIENTED_EDGE ( 'NONE', *, *, #614, .F. ) ;
#4882 = DIRECTION ( 'NONE',  ( -1.000000000000000000, 0.000000000000000000, 0.000000000000000000 ) ) ;
#4883 = CARTESIAN_POINT ( 'NONE',  ( -30.00000000000000000, -18.00000000000000000, 2.499999999999998668 ) ) ;
#4884 = CARTESIAN_POINT ( 'NONE',  ( 31.50000000000000000, 9.249999999999984013, 37.65000000000000568 ) ) ;
#4885 = ORIENTED_EDGE ( 'NONE', *, *, #4991, .T. ) ;
#4886 = ORIENTED_EDGE ( 'NONE', *, *, #4814, .F. ) ;
#4887 = ORIENTED_EDGE ( 'NONE', *, *, #5154, .F. ) ;
#4888 = CYLINDRICAL_SURFACE ( 'NONE', #1863, 2.999999999999999112 ) ;
#4889 = CARTESIAN_POINT ( 'NONE',  ( -34.49999999999998579, -24.25000000000000355, -3.400000000000001688 ) ) ;
#4890 = CARTESIAN_POINT ( 'NONE',  ( 37.50000000000000000, 21.25000000000000000, 33.70166666666662536 ) ) ;
#4891 = VERTEX_POINT ( 'NONE', #3034 ) ;
#4892 = CARTESIAN_POINT ( 'NONE',  ( -24.14931018519560624, -24.25000000000000355, 4.499999999999927169 ) ) ;
#4893 = AXIS2_PLACEMENT_3D ( 'NONE', #4537, #1887, #954 ) ;
#4894 = CARTESIAN_POINT ( 'NONE',  ( 19.14855074296530191, 24.24999999999999289, 46.78920999674306813 ) ) ;
#4895 = DATE_TIME_ROLE ( 'creation_date' ) ;
#4896 = CARTESIAN_POINT ( 'NONE',  ( 16.14855074296530546, 12.24999999999999289, 50.70166666666662536 ) ) ;
#4897 = ORIENTED_EDGE ( 'NONE', *, *, #1750, .T. ) ;
#4898 = CARTESIAN_POINT ( 'NONE',  ( 24.50000000000000000, -24.25000000000001066, 51.50000000000000711 ) ) ;
#4899 = CIRCLE ( 'NONE', #3570, 2.000000000000001776 ) ;
#4900 = VECTOR ( 'NONE', #2866, 1000.000000000000000 ) ;
#4901 = CARTESIAN_POINT ( 'NONE',  ( 20.00000000000003197, -4.625929269271492422E-15, -5.500000000000000000 ) ) ;
#4902 = CARTESIAN_POINT ( 'NONE',  ( 9.224360753997203233, 0.2499999999999893696, 22.50000000000000000 ) ) ;
#4903 =( BOUNDED_CURVE ( )  B_SPLINE_CURVE ( 3, ( #925, #3604, #3577, #4141 ),
 .UNSPECIFIED., .F., .F. ) 
 B_SPLINE_CURVE_WITH_KNOTS ( ( 4, 4 ),
 ( 1.570796326794896558, 3.141592653589793116 ),
 .UNSPECIFIED. ) 
 CURVE ( )  GEOMETRIC_REPRESENTATION_ITEM ( )  RATIONAL_B_SPLINE_CURVE ( ( 1.000000000000000000, 0.8047378541243649375, 0.8047378541243649375, 1.000000000000000000 ) ) 
 REPRESENTATION_ITEM ( '' )  );
#4904 = EDGE_CURVE ( 'NONE', #760, #1002, #3960, .T. ) ;
#4905 = EDGE_LOOP ( 'NONE', ( #1617, #992, #5595, #5559 ) ) ;
#4906 = CIRCLE ( 'NONE', #1591, 1.500000000000001332 ) ;
#4907 = FACE_OUTER_BOUND ( 'NONE', #792, .T. ) ;
#4908 = CARTESIAN_POINT ( 'NONE',  ( 4.000000000000002665, 3.749999999999992895, 37.65000000000000568 ) ) ;
#4909 = ORIENTED_EDGE ( 'NONE', *, *, #1990, .F. ) ;
#4910 = CARTESIAN_POINT ( 'NONE',  ( -2.000000000000000000, 6.249999999999996447, 7.000000000000000000 ) ) ;
#4911 = CARTESIAN_POINT ( 'NONE',  ( -18.50000000000001066, 12.25000000000000000, 33.70166666666662536 ) ) ;
#4912 = EDGE_CURVE ( 'NONE', #3174, #1515, #334, .T. ) ;
#4913 = PLANE ( 'NONE',  #433 ) ;
#4914 = EDGE_LOOP ( 'NONE', ( #2523, #3784, #553, #2604, #1737, #5096, #850, #862, #991, #2936 ) ) ;
#4915 = CARTESIAN_POINT ( 'NONE',  ( -33.49999999999997868, 12.24999999999998401, -2.400000000000001688 ) ) ;
#4916 = ORIENTED_EDGE ( 'NONE', *, *, #377, .F. ) ;
#4917 = ORIENTED_EDGE ( 'NONE', *, *, #1721, .F. ) ;
#4918 = DIRECTION ( 'NONE',  ( -1.000000000000000000, 0.000000000000000000, 0.000000000000000000 ) ) ;
#4919 = LINE ( 'NONE', #1858, #886 ) ;
#4920 = DIRECTION ( 'NONE',  ( -1.156482317317871478E-16, -1.000000000000000000, 0.000000000000000000 ) ) ;
#4921 = ORIENTED_EDGE ( 'NONE', *, *, #1230, .T. ) ;
#4922 = AXIS2_PLACEMENT_3D ( 'NONE', #3778, #1438, #4199 ) ;
#4923 = DIRECTION ( 'NONE',  ( -0.000000000000000000, -0.000000000000000000, 1.000000000000000000 ) ) ;
#4924 = FACE_OUTER_BOUND ( 'NONE', #4560, .T. ) ;
#4925 = EDGE_CURVE ( 'NONE', #5439, #2970, #1185, .T. ) ;
#4926 = PERSON_AND_ORGANIZATION_ROLE ( 'design_supplier' ) ;
#4927 = EDGE_CURVE ( 'NONE', #4966, #5762, #245, .T. ) ;
#4928 = FACE_OUTER_BOUND ( 'NONE', #448, .T. ) ;
#4929 = EDGE_LOOP ( 'NONE', ( #5510, #5424 ) ) ;
#4930 = AXIS2_PLACEMENT_3D ( 'NONE', #119, #4614, #3720 ) ;
#4931 = DIRECTION ( 'NONE',  ( -1.156482317317871478E-16, -1.000000000000000000, 0.000000000000000000 ) ) ;
#4932 = ADVANCED_FACE ( 'NONE', ( #2181 ), #5716, .F. ) ;
#4933 = EDGE_CURVE ( 'NONE', #2035, #2979, #4868, .T. ) ;
#4934 = CARTESIAN_POINT ( 'NONE',  ( 37.50000000000000000, -12.25000000000000178, 57.50000000000000000 ) ) ;
#4935 = DIRECTION ( 'NONE',  ( -1.000000000000000000, 2.331034670843835026E-16, 0.000000000000000000 ) ) ;
#4936 = TOROIDAL_SURFACE ( 'NONE', #591, 1.000000000000000000, 1.000000000000000000 ) ;
#4937 = ORIENTED_EDGE ( 'NONE', *, *, #1806, .F. ) ;
#4938 = CARTESIAN_POINT ( 'NONE',  ( -26.49999999999999645, -23.25000000000000000, -2.400000000000001688 ) ) ;
#4939 = VERTEX_POINT ( 'NONE', #5749 ) ;
#4940 = FACE_BOUND ( 'NONE', #2260, .T. ) ;
#4941 = CARTESIAN_POINT ( 'NONE',  ( -24.00000000000001776, -23.25000000000000711, 5.500000000000000000 ) ) ;
#4942 = VECTOR ( 'NONE', #382, 1000.000000000000000 ) ;
#4943 = LINE ( 'NONE', #3149, #3914 ) ;
#4944 = EDGE_LOOP ( 'NONE', ( #3056, #3451, #37, #5453 ) ) ;
#4945 = LINE ( 'NONE', #951, #5143 ) ;
#4946 = ORIENTED_EDGE ( 'NONE', *, *, #2489, .T. ) ;
#4947 = VERTEX_POINT ( 'NONE', #1707 ) ;
#4948 = CARTESIAN_POINT ( 'NONE',  ( 19.94895788082819266, -2.198957880828218858, 5.551042119171813560 ) ) ;
#4949 = CARTESIAN_POINT ( 'NONE',  ( -2.688821387764052574E-15, -23.25000000000000711, 58.89999999999999858 ) ) ;
#4950 = VECTOR ( 'NONE', #1361, 1000.000000000000000 ) ;
#4951 = CIRCLE ( 'NONE', #4478, 8.000000000000000000 ) ;
#4952 = DIRECTION ( 'NONE',  ( -2.312964634635743450E-16, 1.000000000000000000, 0.000000000000000000 ) ) ;
#4953 = VERTEX_POINT ( 'NONE', #4884 ) ;
#4954 = CARTESIAN_POINT ( 'NONE',  ( -37.50000000000000000, -23.25000000000000355, -5.500000000000000000 ) ) ;
#4955 = EDGE_LOOP ( 'NONE', ( #4658, #1246, #4382, #2149 ) ) ;
#4956 = EDGE_CURVE ( 'NONE', #3634, #2537, #3935, .T. ) ;
#4957 = AXIS2_PLACEMENT_3D ( 'NONE', #2440, #5115, #228 ) ;
#4958 = PLANE ( 'NONE',  #1277 ) ;
#4959 = ORIENTED_EDGE ( 'NONE', *, *, #3033, .T. ) ;
#4960 = CARTESIAN_POINT ( 'NONE',  ( 37.50000000000000000, -24.25000000000001421, 3.499999999999999556 ) ) ;
#4961 = AXIS2_PLACEMENT_3D ( 'NONE', #4558, #508, #2240 ) ;
#4962 = EDGE_CURVE ( 'NONE', #1179, #4736, #1734, .T. ) ;
#4963 = DIRECTION ( 'NONE',  ( -2.312964634635742464E-16, -1.000000000000000000, 0.000000000000000000 ) ) ;
#4964 = CARTESIAN_POINT ( 'NONE',  ( 29.00000000000000000, -18.00000000000000000, 71.50000000000002842 ) ) ;
#4965 = EDGE_CURVE ( 'NONE', #4191, #3724, #2475, .T. ) ;
#4966 = VERTEX_POINT ( 'NONE', #799 ) ;
#4967 = ADVANCED_FACE ( 'NONE', ( #5361, #302 ), #4913, .T. ) ;
#4968 = DIRECTION ( 'NONE',  ( 1.000000000000000000, 0.000000000000000000, 0.000000000000000000 ) ) ;
#4969 = ORIENTED_EDGE ( 'NONE', *, *, #1677, .F. ) ;
#4970 = FACE_OUTER_BOUND ( 'NONE', #597, .T. ) ;
#4971 = VECTOR ( 'NONE', #3438, 1000.000000000000000 ) ;
#4972 = VECTOR ( 'NONE', #1732, 1000.000000000000000 ) ;
#4973 = LINE ( 'NONE', #1242, #3879 ) ;
#4974 = DIRECTION ( 'NONE',  ( 1.000000000000000000, 0.000000000000000000, 0.000000000000000000 ) ) ;
#4975 = ORIENTED_EDGE ( 'NONE', *, *, #3252, .F. ) ;
#4976 = CARTESIAN_POINT ( 'NONE',  ( -17.50000000000001421, 0.2499999999999956146, 9.114378277661435490 ) ) ;
#4977 = ORIENTED_EDGE ( 'NONE', *, *, #3252, .T. ) ;
#4978 = AXIS2_PLACEMENT_3D ( 'NONE', #3709, #1463, #2514 ) ;
#4979 = ORIENTED_EDGE ( 'NONE', *, *, #4170, .F. ) ;
#4980 = CYLINDRICAL_SURFACE ( 'NONE', #4893, 0.9999999999999974465 ) ;
#4981 = VECTOR ( 'NONE', #2963, 1000.000000000000000 ) ;
#4982 = DIRECTION ( 'NONE',  ( 1.000000000000000000, -0.000000000000000000, -0.000000000000000000 ) ) ;
#4983 = CARTESIAN_POINT ( 'NONE',  ( 25.40000000000000213, -24.25000000000001066, 58.89999999999999858 ) ) ;
#4984 = EDGE_CURVE ( 'NONE', #3082, #1319, #4020, .T. ) ;
#4985 = ORIENTED_EDGE ( 'NONE', *, *, #1770, .F. ) ;
#4986 = DIRECTION ( 'NONE',  ( -0.7371541402007415478, 0.000000000000000000, -0.6757246285173461597 ) ) ;
#4987 = ORIENTED_EDGE ( 'NONE', *, *, #170, .T. ) ;
#4988 = DIRECTION ( 'NONE',  ( 0.000000000000000000, -1.000000000000000000, -2.120217581749430756E-16 ) ) ;
#4989 = EDGE_CURVE ( 'NONE', #1681, #117, #2300, .T. ) ;
#4990 = DIRECTION ( 'NONE',  ( 0.000000000000000000, 1.000000000000000000, 0.000000000000000000 ) ) ;
#4991 = EDGE_CURVE ( 'NONE', #2256, #3543, #3530, .T. ) ;
#4992 = ORIENTED_EDGE ( 'NONE', *, *, #3014, .F. ) ;
#4993 = DIRECTION ( 'NONE',  ( -2.312964634635743450E-16, 1.000000000000000000, 0.000000000000000000 ) ) ;
#4994 = CARTESIAN_POINT ( 'NONE',  ( 33.60000000000000142, -23.25000000000000711, 52.90000000000000568 ) ) ;
#4995 = DIRECTION ( 'NONE',  ( 0.000000000000000000, 0.000000000000000000, 1.000000000000000000 ) ) ;
#4996 = AXIS2_PLACEMENT_3D ( 'NONE', #2162, #369, #4834 ) ;
#4997 = CIRCLE ( 'NONE', #2335, 2.999999999999999112 ) ;
#4998 = ORIENTED_EDGE ( 'NONE', *, *, #2621, .T. ) ;
#4999 = CARTESIAN_POINT ( 'NONE',  ( 17.55104211917183221, 0.1989578808281723676, 7.948957880828203315 ) ) ;
#5000 = ORIENTED_EDGE ( 'NONE', *, *, #4608, .T. ) ;
#5001 = DIRECTION ( 'NONE',  ( -2.312964634635742957E-16, -1.000000000000000000, -0.000000000000000000 ) ) ;
#5002 = CARTESIAN_POINT ( 'NONE',  ( 3.000000000000003553, 6.249999999999997335, -7.000000000000000000 ) ) ;
#5003 = EDGE_CURVE ( 'NONE', #4736, #1533, #5777, .T. ) ;
#5004 = FACE_OUTER_BOUND ( 'NONE', #2399, .T. ) ;
#5005 = DIRECTION ( 'NONE',  ( 1.000000000000000000, 0.000000000000000000, 0.000000000000000000 ) ) ;
#5006 = VERTEX_POINT ( 'NONE', #745 ) ;
#5007 = CIRCLE ( 'NONE', #3957, 1.000000000000000888 ) ;
#5008 = VERTEX_POINT ( 'NONE', #5276 ) ;
#5009 = CARTESIAN_POINT ( 'NONE',  ( -5.690909090909030965, 12.25000000000000000, 22.70000000000001705 ) ) ;
#5010 = CARTESIAN_POINT ( 'NONE',  ( 18.17572462851734372, 12.24999999999999467, 44.57774757614084393 ) ) ;
#5011 = CARTESIAN_POINT ( 'NONE',  ( -33.49999999999998579, -23.25000000000000000, -3.400000000000001688 ) ) ;
#5012 = ORIENTED_EDGE ( 'NONE', *, *, #2057, .F. ) ;
#5013 = DIRECTION ( 'NONE',  ( 2.312964634635743943E-16, -1.000000000000000000, -0.000000000000000000 ) ) ;
#5014 = ORIENTED_EDGE ( 'NONE', *, *, #910, .T. ) ;
#5015 = ADVANCED_FACE ( 'NONE', ( #1217 ), #4829, .T. ) ;
#5016 = CARTESIAN_POINT ( 'NONE',  ( 9.224360753997205009, 12.24999999999998934, 12.50000000000000000 ) ) ;
#5017 = FACE_OUTER_BOUND ( 'NONE', #5465, .T. ) ;
#5018 = AXIS2_PLACEMENT_3D ( 'NONE', #3534, #473, #2614 ) ;
#5019 = VECTOR ( 'NONE', #4294, 1000.000000000000000 ) ;
#5020 = VERTEX_POINT ( 'NONE', #4136 ) ;
#5021 = DIRECTION ( 'NONE',  ( -2.312964634635743450E-16, 1.000000000000000000, 0.000000000000000000 ) ) ;
#5022 = FACE_OUTER_BOUND ( 'NONE', #5774, .T. ) ;
#5023 = DIRECTION ( 'NONE',  ( -0.000000000000000000, -0.000000000000000000, 1.000000000000000000 ) ) ;
#5024 = LINE ( 'NONE', #2753, #2021 ) ;
#5025 = ORIENTED_EDGE ( 'NONE', *, *, #1957, .T. ) ;
#5026 = DIRECTION ( 'NONE',  ( 2.312964634635742957E-16, 1.000000000000000000, -0.000000000000000000 ) ) ;
#5027 = ORIENTED_EDGE ( 'NONE', *, *, #4713, .T. ) ;
#5028 = CARTESIAN_POINT ( 'NONE',  ( 11.00000000000000000, 0.2499999999999898137, -8.000000000000000000 ) ) ;
#5029 = CARTESIAN_POINT ( 'NONE',  ( -26.49999999999999289, 12.24999999999998224, -2.400000000000001688 ) ) ;
#5030 = ADVANCED_FACE ( 'NONE', ( #1390 ), #2679, .T. ) ;
#5031 = CARTESIAN_POINT ( 'NONE',  ( -23.22149652620895566, 24.24999999999998934, 7.700000000000018829 ) ) ;
#5032 = CARTESIAN_POINT ( 'NONE',  ( -36.50000000000000000, -24.25000000000000355, 0.000000000000000000 ) ) ;
#5033 = EDGE_LOOP ( 'NONE', ( #2809, #75, #1301, #3514 ) ) ;
#5034 = ORIENTED_EDGE ( 'NONE', *, *, #5829, .F. ) ;
#5035 = CARTESIAN_POINT ( 'NONE',  ( 30.00000000000000000, 9.249999999999984013, 17.64999999999999858 ) ) ;
#5036 = EDGE_CURVE ( 'NONE', #5791, #4681, #4532, .T. ) ;
#5037 = DIRECTION ( 'NONE',  ( 1.000000000000000000, 0.000000000000000000, 0.000000000000000000 ) ) ;
#5038 = DIRECTION ( 'NONE',  ( 1.000000000000000000, 0.000000000000000000, 0.000000000000000000 ) ) ;
#5039 = CYLINDRICAL_SURFACE ( 'NONE', #4019, 2.999999999999999112 ) ;
#5040 = EDGE_CURVE ( 'NONE', #3652, #5415, #5451, .T. ) ;
#5041 = ORIENTED_EDGE ( 'NONE', *, *, #1270, .F. ) ;
#5042 = CARTESIAN_POINT ( 'NONE',  ( 33.49999999999998579, -23.83578643762691485, 2.399999999999998579 ) ) ;
#5043 = ORIENTED_EDGE ( 'NONE', *, *, #1649, .F. ) ;
#5044 = ADVANCED_FACE ( 'NONE', ( #5004 ), #2792, .F. ) ;
#5045 = EDGE_CURVE ( 'NONE', #1039, #824, #4616, .T. ) ;
#5046 = AXIS2_PLACEMENT_3D ( 'NONE', #2477, #2667, #4800 ) ;
#5047 = CARTESIAN_POINT ( 'NONE',  ( -23.49999999999999645, 24.24999999999998579, 1.399999999999998579 ) ) ;
#5048 = CARTESIAN_POINT ( 'NONE',  ( -2.312964634635744239E-15, -23.25000000000000711, -4.499999999999996447 ) ) ;
#5049 = VERTEX_POINT ( 'NONE', #477 ) ;
#5050 = AXIS2_PLACEMENT_3D ( 'NONE', #1305, #1367, #4539 ) ;
#5051 = ORIENTED_EDGE ( 'NONE', *, *, #4912, .F. ) ;
#5052 = LINE ( 'NONE', #1930, #1748 ) ;
#5053 = VERTEX_POINT ( 'NONE', #566 ) ;
#5054 = AXIS2_PLACEMENT_3D ( 'NONE', #2282, #3747, #4100 ) ;
#5055 = CARTESIAN_POINT ( 'NONE',  ( -25.49999999999999645, -24.25000000000000355, 3.399999999999998135 ) ) ;
#5056 = DIRECTION ( 'NONE',  ( 0.000000000000000000, -0.000000000000000000, 1.000000000000000000 ) ) ;
#5057 = DIRECTION ( 'NONE',  ( 1.000000000000000000, -1.156482317317871478E-16, 0.000000000000000000 ) ) ;
#5058 = VERTEX_POINT ( 'NONE', #3693 ) ;
#5059 = CARTESIAN_POINT ( 'NONE',  ( 35.50000000000000000, -2.750000000000016875, 8.500000000000000000 ) ) ;
#5060 = CARTESIAN_POINT ( 'NONE',  ( -23.49999999999999289, 20.24999999999998579, 2.399999999999998579 ) ) ;
#5061 = AXIS2_PLACEMENT_3D ( 'NONE', #3211, #4974, #2268 ) ;
#5062 = TOROIDAL_SURFACE ( 'NONE', #1092, 8.000000000000000000, 2.000000000000000000 ) ;
#5063 = CARTESIAN_POINT ( 'NONE',  ( -28.99999999999999645, -18.00000000000000000, 2.499999999999998668 ) ) ;
#5064 = ADVANCED_FACE ( 'NONE', ( #2326 ), #5420, .T. ) ;
#5065 = EDGE_CURVE ( 'NONE', #4281, #4236, #1740, .T. ) ;
#5066 = DIRECTION ( 'NONE',  ( 1.000000000000000000, 0.000000000000000000, 0.000000000000000000 ) ) ;
#5067 = ORIENTED_EDGE ( 'NONE', *, *, #4606, .F. ) ;
#5068 = EDGE_LOOP ( 'NONE', ( #4458, #4147, #5781, #1209 ) ) ;
#5069 = DIRECTION ( 'NONE',  ( 1.000000000000000000, 0.000000000000000000, 0.000000000000000000 ) ) ;
#5070 = VECTOR ( 'NONE', #5633, 1000.000000000000000 ) ;
#5071 = PLANE ( 'NONE',  #488 ) ;
#5072 = CARTESIAN_POINT ( 'NONE',  ( 12.49999999999999822, 2.249999999999988010, 28.17777469307151605 ) ) ;
#5073 = LINE ( 'NONE', #100, #3740 ) ;
#5074 = AXIS2_PLACEMENT_3D ( 'NONE', #1598, #4573, #2918 ) ;
#5075 = EDGE_LOOP ( 'NONE', ( #707, #3535, #3491, #4633, #930 ) ) ;
#5076 = CARTESIAN_POINT ( 'NONE',  ( -27.38759438288186843, 24.24999999999998579, 10.70000000000001883 ) ) ;
#5077 = ORIENTED_EDGE ( 'NONE', *, *, #4984, .T. ) ;
#5078 = LINE ( 'NONE', #21, #3445 ) ;
#5079 = DIRECTION ( 'NONE',  ( 0.000000000000000000, 0.000000000000000000, 1.000000000000000000 ) ) ;
#5080 = ORIENTED_EDGE ( 'NONE', *, *, #4862, .F. ) ;
#5081 = CIRCLE ( 'NONE', #4032, 0.9999999999999974465 ) ;
#5082 = ORIENTED_EDGE ( 'NONE', *, *, #4904, .T. ) ;
#5083 = DIRECTION ( 'NONE',  ( 0.000000000000000000, 1.000000000000000000, -4.009138700035295450E-16 ) ) ;
#5084 = ORIENTED_EDGE ( 'NONE', *, *, #587, .F. ) ;
#5085 = LINE ( 'NONE', #3711, #4656 ) ;
#5086 = CARTESIAN_POINT ( 'NONE',  ( 34.49999999999999289, -23.25000000000001421, 60.50000000000000000 ) ) ;
#5087 = VERTEX_POINT ( 'NONE', #5063 ) ;
#5088 = DIRECTION ( 'NONE',  ( 0.000000000000000000, 0.000000000000000000, -1.000000000000000000 ) ) ;
#5089 = DIRECTION ( 'NONE',  ( 1.000000000000000000, -1.284980352575412453E-16, 0.000000000000000000 ) ) ;
#5090 = CARTESIAN_POINT ( 'NONE',  ( 28.49999999999999645, 9.249999999999984013, 37.65000000000000568 ) ) ;
#5091 = EDGE_CURVE ( 'NONE', #1992, #3185, #1358, .T. ) ;
#5092 = AXIS2_PLACEMENT_3D ( 'NONE', #482, #1333, #2273 ) ;
#5093 = FACE_OUTER_BOUND ( 'NONE', #2538, .T. ) ;
#5094 = CARTESIAN_POINT ( 'NONE',  ( 23.50000000000000000, -23.25000000000001066, 51.50000000000000711 ) ) ;
#5095 = ORIENTED_EDGE ( 'NONE', *, *, #4476, .T. ) ;
#5096 = ORIENTED_EDGE ( 'NONE', *, *, #2262, .T. ) ;
#5097 = LINE ( 'NONE', #1483, #2714 ) ;
#5098 = TOROIDAL_SURFACE ( 'NONE', #469, 5.000000000000000000, 2.000000000000000000 ) ;
#5099 = DIRECTION ( 'NONE',  ( 1.000000000000000000, 0.000000000000000000, 0.000000000000000000 ) ) ;
#5100 = EDGE_CURVE ( 'NONE', #846, #829, #1851, .T. ) ;
#5101 = DIRECTION ( 'NONE',  ( -1.000000000000000000, 0.000000000000000000, 0.000000000000000000 ) ) ;
#5102 = CARTESIAN_POINT ( 'NONE',  ( -33.49999999999998579, 20.24999999999998224, 2.399999999999997691 ) ) ;
#5103 = ORIENTED_EDGE ( 'NONE', *, *, #5142, .F. ) ;
#5104 = DIRECTION ( 'NONE',  ( -1.000000000000000000, 0.000000000000000000, 0.000000000000000000 ) ) ;
#5105 = CIRCLE ( 'NONE', #1988, 1.000000000000000888 ) ;
#5106 = ORIENTED_EDGE ( 'NONE', *, *, #4057, .T. ) ;
#5107 = CARTESIAN_POINT ( 'NONE',  ( 5.782411586589220574E-17, 0.2499999999999915623, 10.50000000000000000 ) ) ;
#5108 = FACE_OUTER_BOUND ( 'NONE', #1587, .T. ) ;
#5109 = ORIENTED_EDGE ( 'NONE', *, *, #3233, .T. ) ;
#5110 = ORIENTED_EDGE ( 'NONE', *, *, #2874, .T. ) ;
#5111 = CARTESIAN_POINT ( 'NONE',  ( 33.60000000000001563, -81.25877125495691189, 57.89999999999999858 ) ) ;
#5112 = CARTESIAN_POINT ( 'NONE',  ( 5.843507214206458578, 12.24999999999999289, -3.371254162042182756 ) ) ;
#5113 = EDGE_CURVE ( 'NONE', #4014, #5805, #2685, .T. ) ;
#5114 = ADVANCED_FACE ( 'NONE', ( #4168 ), #1792, .T. ) ;
#5115 = DIRECTION ( 'NONE',  ( 1.000000000000000000, 0.000000000000000000, 0.000000000000000000 ) ) ;
#5116 = CARTESIAN_POINT ( 'NONE',  ( 26.49999999999999645, 33.75000000000001421, -2.400000000000001688 ) ) ;
#5117 = EDGE_CURVE ( 'NONE', #305, #3724, #4943, .T. ) ;
#5118 = EDGE_LOOP ( 'NONE', ( #1618, #2671, #1835, #5560, #2092, #3516 ) ) ;
#5119 = CYLINDRICAL_SURFACE ( 'NONE', #2920, 3.000000000000000000 ) ;
#5120 = ORIENTED_EDGE ( 'NONE', *, *, #1677, .T. ) ;
#5121 = CARTESIAN_POINT ( 'NONE',  ( -16.49999999999999645, 3.749999999999988010, 17.65000000000000924 ) ) ;
#5122 = EDGE_CURVE ( 'NONE', #5681, #4866, #1006, .T. ) ;
#5123 = AXIS2_PLACEMENT_3D ( 'NONE', #1812, #3586, #2702 ) ;
#5124 = FACE_OUTER_BOUND ( 'NONE', #2390, .T. ) ;
#5125 = DIRECTION ( 'NONE',  ( -2.312964634635743450E-16, 1.000000000000000000, 0.000000000000000000 ) ) ;
#5126 = DIRECTION ( 'NONE',  ( -1.000000000000000000, 2.331034670843834533E-16, 0.000000000000000000 ) ) ;
#5127 = EDGE_LOOP ( 'NONE', ( #755, #3008, #768, #4937 ) ) ;
#5128 = ORIENTED_EDGE ( 'NONE', *, *, #4039, .T. ) ;
#5129 = DIRECTION ( 'NONE',  ( 1.000000000000000000, 0.000000000000000000, 0.000000000000000000 ) ) ;
#5130 = DIRECTION ( 'NONE',  ( -4.625929269271484928E-16, 1.000000000000000000, -0.000000000000000000 ) ) ;
#5131 = DIRECTION ( 'NONE',  ( -0.000000000000000000, -0.000000000000000000, 1.000000000000000000 ) ) ;
#5132 = CARTESIAN_POINT ( 'NONE',  ( 30.99999999999999645, -18.00000000000000000, -28.50000000000000355 ) ) ;
#5133 = ORIENTED_EDGE ( 'NONE', *, *, #4320, .F. ) ;
#5134 = VECTOR ( 'NONE', #2410, 1000.000000000000000 ) ;
#5135 = ADVANCED_FACE ( 'NONE', ( #5388 ), #3148, .T. ) ;
#5136 = LINE ( 'NONE', #1076, #5195 ) ;
#5137 = EDGE_LOOP ( 'NONE', ( #5014, #837, #563, #3525 ) ) ;
#5138 = FACE_OUTER_BOUND ( 'NONE', #680, .T. ) ;
#5139 = CIRCLE ( 'NONE', #3131, 2.999999999999999112 ) ;
#5140 = CARTESIAN_POINT ( 'NONE',  ( 35.50000000000000000, -2.750000000000015987, 49.50000000000000000 ) ) ;
#5141 = VERTEX_POINT ( 'NONE', #5031 ) ;
#5142 = EDGE_CURVE ( 'NONE', #2473, #958, #538, .T. ) ;
#5143 = VECTOR ( 'NONE', #1796, 1000.000000000000000 ) ;
#5144 = EDGE_CURVE ( 'NONE', #3652, #3035, #2678, .T. ) ;
#5145 = FACE_OUTER_BOUND ( 'NONE', #1203, .T. ) ;
#5146 = PERSON_AND_ORGANIZATION ( #3621, #2781 ) ;
#5147 = AXIS2_PLACEMENT_3D ( 'NONE', #4949, #3994, #2687 ) ;
#5148 = ORIENTED_EDGE ( 'NONE', *, *, #2286, .F. ) ;
#5149 = ADVANCED_FACE ( 'NONE', ( #1065 ), #2470, .T. ) ;
#5150 = CARTESIAN_POINT ( 'NONE',  ( 24.50000000000000000, -24.25000000000001066, 3.499999999999999556 ) ) ;
#5151 = EDGE_LOOP ( 'NONE', ( #3642, #110, #1885, #1540 ) ) ;
#5152 = LINE ( 'NONE', #208, #4621 ) ;
#5153 = CIRCLE ( 'NONE', #2020, 5.000000000000003553 ) ;
#5154 = EDGE_CURVE ( 'NONE', #4612, #3883, #1369, .T. ) ;
#5155 = DIRECTION ( 'NONE',  ( 1.000000000000000000, 0.000000000000000000, 0.000000000000000000 ) ) ;
#5156 = CARTESIAN_POINT ( 'NONE',  ( -2.804469619495839845E-15, -24.25000000000000711, -4.500000000000000000 ) ) ;
#5157 = ADVANCED_FACE ( 'NONE', ( #2907 ), #2386, .F. ) ;
#5158 = CARTESIAN_POINT ( 'NONE',  ( -17.37465973813656461, 0.3753402618634444909, 10.03226628015772448 ) ) ;
#5159 = ORIENTED_EDGE ( 'NONE', *, *, #663, .F. ) ;
#5160 = ORIENTED_EDGE ( 'NONE', *, *, #2672, .F. ) ;
#5161 = DIRECTION ( 'NONE',  ( 2.312964634635742957E-16, 1.000000000000000000, -0.000000000000000000 ) ) ;
#5162 = CIRCLE ( 'NONE', #2216, 1.000000000000000888 ) ;
#5163 = CARTESIAN_POINT ( 'NONE',  ( 37.50000000000003553, -23.25000000000001421, 60.50000000000000000 ) ) ;
#5164 = AXIS2_PLACEMENT_3D ( 'NONE', #5224, #1079, #3794 ) ;
#5165 = CARTESIAN_POINT ( 'NONE',  ( 30.00000000000000000, -18.00000000000000000, 2.399999999999999467 ) ) ;
#5166 = CARTESIAN_POINT ( 'NONE',  ( -22.50000000000000000, -4.750000000000036415, 3.563508326896287937 ) ) ;
#5167 = AXIS2_PLACEMENT_3D ( 'NONE', #3466, #2985, #4811 ) ;
#5168 = ORIENTED_EDGE ( 'NONE', *, *, #1349, .T. ) ;
#5169 = CARTESIAN_POINT ( 'NONE',  ( 26.39999999999999503, 12.24999999999999822, 52.90000000000000568 ) ) ;
#5170 = TOROIDAL_SURFACE ( 'NONE', #4215, 1.000000000000000000, 1.000000000000000000 ) ;
#5171 = LOCAL_TIME ( 20, 59, 48.00000000000000000, #5403 ) ;
#5172 = CARTESIAN_POINT ( 'NONE',  ( -33.49999999999998579, -23.25000000000000000, 2.399999999999998135 ) ) ;
#5173 = EDGE_CURVE ( 'NONE', #5307, #2867, #4203, .T. ) ;
#5174 = CARTESIAN_POINT ( 'NONE',  ( 34.49999999999999289, 12.24999999999999822, 7.700000000000018829 ) ) ;
#5175 = ORIENTED_EDGE ( 'NONE', *, *, #5473, .T. ) ;
#5176 = AXIS2_PLACEMENT_3D ( 'NONE', #2232, #445, #1288 ) ;
#5177 = EDGE_CURVE ( 'NONE', #1862, #527, #5162, .T. ) ;
#5178 = CYLINDRICAL_SURFACE ( 'NONE', #3624, 1.000000000000000888 ) ;
#5179 = MECHANICAL_CONTEXT ( 'NONE', #4183, 'mechanical' ) ;
#5180 = VERTEX_POINT ( 'NONE', #3302 ) ;
#5181 = CARTESIAN_POINT ( 'NONE',  ( 25.49999999999998934, -24.25000000000001066, -3.400000000000001688 ) ) ;
#5182 = DIRECTION ( 'NONE',  ( -0.000000000000000000, -0.000000000000000000, 1.000000000000000000 ) ) ;
#5183 = CARTESIAN_POINT ( 'NONE',  ( -2.000000000000000000, 6.249999999999996447, -7.000000000000000000 ) ) ;
#5184 = DIRECTION ( 'NONE',  ( 0.000000000000000000, 0.000000000000000000, 1.000000000000000000 ) ) ;
#5185 = DIRECTION ( 'NONE',  ( 1.000000000000000000, 2.312964634635743450E-16, 0.000000000000000000 ) ) ;
#5186 = ORIENTED_EDGE ( 'NONE', *, *, #5783, .T. ) ;
#5187 = EDGE_LOOP ( 'NONE', ( #5737, #882, #3656, #1509 ) ) ;
#5188 = DIRECTION ( 'NONE',  ( 1.000000000000000000, 0.000000000000000000, 0.000000000000000000 ) ) ;
#5189 = CARTESIAN_POINT ( 'NONE',  ( 30.00000000000000000, -18.00000000000000000, 57.89999999999999858 ) ) ;
#5190 = EDGE_CURVE ( 'NONE', #3734, #2473, #1531, .T. ) ;
#5191 = CARTESIAN_POINT ( 'NONE',  ( 12.97786016257261643, 12.24999999999999467, 47.70166666666661826 ) ) ;
#5192 = CARTESIAN_POINT ( 'NONE',  ( 25.40000000000000213, -24.25000000000001066, 51.89999999999999858 ) ) ;
#5193 = VERTEX_POINT ( 'NONE', #2032 ) ;
#5194 = DIRECTION ( 'NONE',  ( 0.000000000000000000, -0.000000000000000000, 1.000000000000000000 ) ) ;
#5195 = VECTOR ( 'NONE', #4690, 1000.000000000000000 ) ;
#5196 = EDGE_LOOP ( 'NONE', ( #2765, #3520, #4297, #1487 ) ) ;
#5197 = CARTESIAN_POINT ( 'NONE',  ( 2.499999999999994227, 24.24999999999999289, 37.65000000000000568 ) ) ;
#5198 = LINE ( 'NONE', #2923, #1281 ) ;
#5199 = ORIENTED_EDGE ( 'NONE', *, *, #4806, .T. ) ;
#5200 = DIRECTION ( 'NONE',  ( 0.000000000000000000, -0.000000000000000000, 1.000000000000000000 ) ) ;
#5201 = LINE ( 'NONE', #3322, #4312 ) ;
#5202 = EDGE_LOOP ( 'NONE', ( #2234, #5025, #1667, #5687 ) ) ;
#5203 = CARTESIAN_POINT ( 'NONE',  ( -1.110223024625156225E-14, 24.24999999999999645, 0.000000000000000000 ) ) ;
#5204 = CARTESIAN_POINT ( 'NONE',  ( -18.50000000000001066, 21.25000000000000000, 22.70000000000001705 ) ) ;
#5205 = DIRECTION ( 'NONE',  ( -2.259648465249937489E-16, 1.000000000000000000, -2.465190328815661892E-32 ) ) ;
#5206 = AXIS2_PLACEMENT_3D ( 'NONE', #449, #1728, #4968 ) ;
#5207 = DIRECTION ( 'NONE',  ( 2.312964634635743450E-16, -1.000000000000000000, -0.000000000000000000 ) ) ;
#5208 = ORIENTED_EDGE ( 'NONE', *, *, #2974, .F. ) ;
#5209 = EDGE_LOOP ( 'NONE', ( #3122, #2152, #4819, #2588 ) ) ;
#5210 = CARTESIAN_POINT ( 'NONE',  ( 35.50000000000000000, -24.25000000000001421, 49.50000000000000000 ) ) ;
#5211 = AXIS2_PLACEMENT_3D ( 'NONE', #4526, #2205, #1413 ) ;
#5212 = EDGE_CURVE ( 'NONE', #1992, #90, #4677, .T. ) ;
#5213 = FACE_OUTER_BOUND ( 'NONE', #3484, .T. ) ;
#5214 = CARTESIAN_POINT ( 'NONE',  ( 34.49999999999998579, -23.25000000000001421, -2.400000000000001688 ) ) ;
#5215 = DIRECTION ( 'NONE',  ( 0.000000000000000000, -1.000000000000000000, -0.000000000000000000 ) ) ;
#5216 = ORIENTED_EDGE ( 'NONE', *, *, #1270, .T. ) ;
#5217 = AXIS2_PLACEMENT_3D ( 'NONE', #4883, #826, #1880 ) ;
#5218 = ORIENTED_EDGE ( 'NONE', *, *, #3290, .F. ) ;
#5219 = ORIENTED_EDGE ( 'NONE', *, *, #3104, .F. ) ;
#5220 = DIRECTION ( 'NONE',  ( -1.000000000000000000, 0.000000000000000000, 0.000000000000000000 ) ) ;
#5221 = ADVANCED_FACE ( 'NONE', ( #624, #4732 ), #3721, .T. ) ;
#5222 = LINE ( 'NONE', #2950, #3521 ) ;
#5223 = EDGE_CURVE ( 'NONE', #2222, #4939, #5624, .T. ) ;
#5224 = CARTESIAN_POINT ( 'NONE',  ( 24.50000000000000000, -12.25000000000000355, 51.50000000000000711 ) ) ;
#5225 = DIRECTION ( 'NONE',  ( 1.000000000000000000, 4.336808689942017736E-16, 0.000000000000000000 ) ) ;
#5226 = EDGE_CURVE ( 'NONE', #1190, #3074, #1477, .T. ) ;
#5227 = EDGE_CURVE ( 'NONE', #1039, #2373, #3436, .T. ) ;
#5228 = VERTEX_POINT ( 'NONE', #4261 ) ;
#5229 = DIRECTION ( 'NONE',  ( 0.000000000000000000, 0.000000000000000000, -1.000000000000000000 ) ) ;
#5230 = AXIS2_PLACEMENT_3D ( 'NONE', #3054, #5271, #4795 ) ;
#5231 = FACE_OUTER_BOUND ( 'NONE', #3037, .T. ) ;
#5232 = LINE ( 'NONE', #2441, #4971 ) ;
#5233 = ORIENTED_EDGE ( 'NONE', *, *, #3891, .F. ) ;
#5234 = CARTESIAN_POINT ( 'NONE',  ( -18.00000000000000711, 24.24999999999998579, 17.65000000000000924 ) ) ;
#5235 = VECTOR ( 'NONE', #2735, 1000.000000000000000 ) ;
#5236 = DIRECTION ( 'NONE',  ( -1.000000000000000000, 0.000000000000000000, -0.000000000000000000 ) ) ;
#5237 = DIRECTION ( 'NONE',  ( 1.000000000000000000, 2.312964634635743450E-16, -0.000000000000000000 ) ) ;
#5238 = EDGE_CURVE ( 'NONE', #652, #5673, #3328, .T. ) ;
#5239 = PLANE ( 'NONE',  #111 ) ;
#5240 = EDGE_LOOP ( 'NONE', ( #4489, #454, #5312, #1098, #1087, #4160, #776, #2730, #2839, #2692, #3272, #1314, #1, #4140, #4634, #3601, #4189, #1439, #5120, #534, #1286, #1925, #4717, #1987, #4916, #5103, #3106, #3305, #5168, #189, #392, #5084, #1811, #4228, #3684, #1917, #1547, #3919, #5742, #1855, #3003 ) ) ;
#5241 = ORIENTED_EDGE ( 'NONE', *, *, #4368, .F. ) ;
#5242 = LINE ( 'NONE', #4325, #3372 ) ;
#5243 = VECTOR ( 'NONE', #4773, 1000.000000000000000 ) ;
#5244 = VECTOR ( 'NONE', #3261, 1000.000000000000000 ) ;
#5245 = CYLINDRICAL_SURFACE ( 'NONE', #4779, 3.000000000000000000 ) ;
#5246 = CARTESIAN_POINT ( 'NONE',  ( -27.38759438288186487, 12.24999999999998579, 10.70000000000001883 ) ) ;
#5247 = ADVANCED_FACE ( 'NONE', ( #5093 ), #1094, .T. ) ;
#5248 = EDGE_CURVE ( 'NONE', #5300, #5689, #592, .T. ) ;
#5249 = CARTESIAN_POINT ( 'NONE',  ( -30.00000000000000000, -18.00000000000000000, -5.499999999999998224 ) ) ;
#5250 = EDGE_LOOP ( 'NONE', ( #5305, #4156, #2019, #5392 ) ) ;
#5251 = ORIENTED_EDGE ( 'NONE', *, *, #3803, .T. ) ;
#5252 = ORIENTED_EDGE ( 'NONE', *, *, #2141, .F. ) ;
#5253 = FACE_OUTER_BOUND ( 'NONE', #512, .T. ) ;
#5254 = CARTESIAN_POINT ( 'NONE',  ( 33.60000000000000142, -23.83578643762691129, 57.89999999999999858 ) ) ;
#5255 = DIRECTION ( 'NONE',  ( 0.000000000000000000, 0.000000000000000000, -1.000000000000000000 ) ) ;
#5256 = CARTESIAN_POINT ( 'NONE',  ( 0.5000000000000017764, 6.249999999999996447, -7.000000000000000000 ) ) ;
#5257 = CIRCLE ( 'NONE', #247, 3.000000000000002665 ) ;
#5258 = ORIENTED_EDGE ( 'NONE', *, *, #2798, .F. ) ;
#5259 = CIRCLE ( 'NONE', #4498, 2.500000000000002220 ) ;
#5260 = CARTESIAN_POINT ( 'NONE',  ( -18.00000000000000711, 24.24999999999998579, 17.65000000000000924 ) ) ;
#5261 = DIRECTION ( 'NONE',  ( -0.000000000000000000, -0.000000000000000000, 1.000000000000000000 ) ) ;
#5262 = APPROVAL_ROLE ( '' ) ;
#5263 = AXIS2_PLACEMENT_3D ( 'NONE', #526, #5083, #2750 ) ;
#5264 = B_SPLINE_CURVE_WITH_KNOTS ( 'NONE', 3,
 ( #1518, #4661, #609, #3318, #4187, #2748, #4096, #4219, #138, #2279 ),
 .UNSPECIFIED., .F., .F.,
 ( 4, 2, 2, 2, 4 ),
 ( 0.000000000000000000, 0.0003928428246747938573, 0.0007856856493495877145, 0.001178528474024381680, 0.001571371298699175429 ),
 .UNSPECIFIED. ) ;
#5265 = EDGE_LOOP ( 'NONE', ( #2551, #1689, #4761, #4769, #3599, #2146, #4081, #1893 ) ) ;
#5266 = EDGE_LOOP ( 'NONE', ( #4432, #3016 ) ) ;
#5267 = CARTESIAN_POINT ( 'NONE',  ( 22.50000000000000000, -23.25000000000001066, -3.499999999999999556 ) ) ;
#5268 = VECTOR ( 'NONE', #3409, 1000.000000000000000 ) ;
#5269 = LINE ( 'NONE', #5820, #5419 ) ;
#5270 = ORIENTED_EDGE ( 'NONE', *, *, #5651, .T. ) ;
#5271 = DIRECTION ( 'NONE',  ( 0.000000000000000000, 1.000000000000000000, 0.000000000000000000 ) ) ;
#5272 = ORIENTED_EDGE ( 'NONE', *, *, #1027, .F. ) ;
#5273 = DIRECTION ( 'NONE',  ( 4.625929269271484928E-16, -1.000000000000000000, 0.000000000000000000 ) ) ;
#5274 = ADVANCED_FACE ( 'NONE', ( #4708 ), #2422, .T. ) ;
#5275 = CARTESIAN_POINT ( 'NONE',  ( 34.49999999999999289, -12.25000000000000178, -2.499999999999999556 ) ) ;
#5276 = CARTESIAN_POINT ( 'NONE',  ( 34.49999999999999289, -24.25000000000001066, 59.50000000000000000 ) ) ;
#5277 = ORIENTED_EDGE ( 'NONE', *, *, #560, .F. ) ;
#5278 = ORIENTED_EDGE ( 'NONE', *, *, #1449, .F. ) ;
#5279 = ORIENTED_EDGE ( 'NONE', *, *, #4246, .F. ) ;
#5280 = FACE_OUTER_BOUND ( 'NONE', #4955, .T. ) ;
#5281 = ADVANCED_FACE ( 'NONE', ( #2448, #1975 ), #4958, .F. ) ;
#5282 = DIRECTION ( 'NONE',  ( -2.312964634635742464E-16, -1.000000000000000000, 0.000000000000000000 ) ) ;
#5283 = DIRECTION ( 'NONE',  ( 1.000000000000000000, -2.331034670843834533E-16, 0.000000000000000000 ) ) ;
#5284 = CARTESIAN_POINT ( 'NONE',  ( -23.22149652620895566, 24.24999999999998579, 10.70000000000001528 ) ) ;
#5285 = ORIENTED_EDGE ( 'NONE', *, *, #4089, .T. ) ;
#5286 = DIRECTION ( 'NONE',  ( -2.312964634635742957E-16, -1.000000000000000000, 0.000000000000000000 ) ) ;
#5287 = CARTESIAN_POINT ( 'NONE',  ( -21.83333333333330373, -4.083333333333335702, 7.666666666666688279 ) ) ;
#5288 = AXIS2_PLACEMENT_3D ( 'NONE', #4257, #2444, #5619 ) ;
#5289 = EDGE_LOOP ( 'NONE', ( #1269, #1577, #1767, #3943 ) ) ;
#5290 = EDGE_LOOP ( 'NONE', ( #3414, #4535 ) ) ;
#5291 = DIRECTION ( 'NONE',  ( 4.625929269271484928E-16, -1.000000000000000000, 0.000000000000000000 ) ) ;
#5292 = ADVANCED_FACE ( 'NONE', ( #902 ), #4794, .T. ) ;
#5293 = EDGE_CURVE ( 'NONE', #4252, #1082, #816, .T. ) ;
#5294 = CARTESIAN_POINT ( 'NONE',  ( -18.50000000000001066, 21.25000000000000355, 22.91666666666665719 ) ) ;
#5295 = EDGE_CURVE ( 'NONE', #774, #5809, #3538, .T. ) ;
#5296 = ORIENTED_EDGE ( 'NONE', *, *, #892, .F. ) ;
#5297 = ADVANCED_FACE ( 'NONE', ( #5406 ), #5438, .T. ) ;
#5298 = CARTESIAN_POINT ( 'NONE',  ( 19.61858778658041658, 0.2499999999999869826, 16.50333055812508221 ) ) ;
#5299 = EDGE_LOOP ( 'NONE', ( #1414, #1854, #1668, #251 ) ) ;
#5300 = VERTEX_POINT ( 'NONE', #4517 ) ;
#5301 = LINE ( 'NONE', #296, #2805 ) ;
#5302 = DIRECTION ( 'NONE',  ( 0.000000000000000000, 0.000000000000000000, -1.000000000000000000 ) ) ;
#5303 = CARTESIAN_POINT ( 'NONE',  ( 37.50000000000000000, 2.249999999999983125, -5.500000000000000000 ) ) ;
#5304 = AXIS2_PLACEMENT_3D ( 'NONE', #2888, #682, #3388 ) ;
#5305 = ORIENTED_EDGE ( 'NONE', *, *, #5003, .F. ) ;
#5306 = ORIENTED_EDGE ( 'NONE', *, *, #2155, .F. ) ;
#5307 = VERTEX_POINT ( 'NONE', #1344 ) ;
#5308 = CARTESIAN_POINT ( 'NONE',  ( 31.50000000000000000, 13.24999999999998579, 37.65000000000000568 ) ) ;
#5309 = CARTESIAN_POINT ( 'NONE',  ( 9.224360753997203233, 2.249999999999989342, 22.50000000000000000 ) ) ;
#5310 = FACE_BOUND ( 'NONE', #2479, .T. ) ;
#5311 = EDGE_CURVE ( 'NONE', #3859, #4265, #3917, .T. ) ;
#5312 = ORIENTED_EDGE ( 'NONE', *, *, #4355, .T. ) ;
#5313 = DIRECTION ( 'NONE',  ( 0.000000000000000000, 1.000000000000000000, 0.000000000000000000 ) ) ;
#5314 = DIRECTION ( 'NONE',  ( -1.000000000000000000, 0.000000000000000000, 0.000000000000000000 ) ) ;
#5315 = ADVANCED_FACE ( 'NONE', ( #466, #4928 ), #3524, .T. ) ;
#5316 = EDGE_LOOP ( 'NONE', ( #1031, #694, #4275, #4703 ) ) ;
#5317 = DIRECTION ( 'NONE',  ( 1.000000000000000000, -0.000000000000000000, -0.000000000000000000 ) ) ;
#5318 = EDGE_CURVE ( 'NONE', #4091, #3975, #2306, .T. ) ;
#5319 = DIRECTION ( 'NONE',  ( 0.000000000000000000, 0.000000000000000000, 1.000000000000000000 ) ) ;
#5320 =( BOUNDED_CURVE ( )  B_SPLINE_CURVE ( 3, ( #2752, #1351, #112, #5055 ),
 .UNSPECIFIED., .F., .F. ) 
 B_SPLINE_CURVE_WITH_KNOTS ( ( 4, 4 ),
 ( 3.141592653589796669, 4.712388980384689674 ),
 .UNSPECIFIED. ) 
 CURVE ( )  GEOMETRIC_REPRESENTATION_ITEM ( )  RATIONAL_B_SPLINE_CURVE ( ( 1.000000000000000000, 0.8047378541243658256, 0.8047378541243658256, 1.000000000000000000 ) ) 
 REPRESENTATION_ITEM ( '' )  );
#5321 = ORIENTED_EDGE ( 'NONE', *, *, #1857, .T. ) ;
#5322 = DIRECTION ( 'NONE',  ( -1.000000000000000000, 1.156482317317871478E-16, -0.000000000000000000 ) ) ;
#5323 = EDGE_LOOP ( 'NONE', ( #3546, #1244, #5339, #2766 ) ) ;
#5324 = EDGE_LOOP ( 'NONE', ( #5186, #1580, #3687, #914 ) ) ;
#5325 = DIRECTION ( 'NONE',  ( -2.312964634635743450E-16, 1.000000000000000000, 0.000000000000000000 ) ) ;
#5326 = CIRCLE ( 'NONE', #1722, 1.000000000000000888 ) ;
#5327 = LINE ( 'NONE', #4853, #718 ) ;
#5328 = EDGE_CURVE ( 'NONE', #3704, #4866, #874, .T. ) ;
#5329 = DIRECTION ( 'NONE',  ( -0.000000000000000000, -0.000000000000000000, 1.000000000000000000 ) ) ;
#5330 = AXIS2_PLACEMENT_3D ( 'NONE', #4418, #5282, #308 ) ;
#5331 = VERTEX_POINT ( 'NONE', #378 ) ;
#5332 = ORIENTED_EDGE ( 'NONE', *, *, #3612, .T. ) ;
#5333 = VERTEX_POINT ( 'NONE', #1782 ) ;
#5334 = DIRECTION ( 'NONE',  ( 0.000000000000000000, 1.000000000000000000, 0.000000000000000000 ) ) ;
#5335 = AXIS2_PLACEMENT_3D ( 'NONE', #641, #5200, #2490 ) ;
#5336 = CYLINDRICAL_SURFACE ( 'NONE', #5330, 2.999999999999999112 ) ;
#5337 = DIRECTION ( 'NONE',  ( 0.000000000000000000, 0.000000000000000000, -1.000000000000000000 ) ) ;
#5338 =( GEOMETRIC_REPRESENTATION_CONTEXT ( 3 ) GLOBAL_UNCERTAINTY_ASSIGNED_CONTEXT ( ( #3298 ) ) GLOBAL_UNIT_ASSIGNED_CONTEXT ( ( #642, #4752, #3403 ) ) REPRESENTATION_CONTEXT ( 'NONE', 'WORKASPACE' ) );
#5339 = ORIENTED_EDGE ( 'NONE', *, *, #2250, .F. ) ;
#5340 = CARTESIAN_POINT ( 'NONE',  ( -2.000000000000000000, 6.249999999999996447, 7.000000000000000000 ) ) ;
#5341 = AXIS2_PLACEMENT_3D ( 'NONE', #2536, #2563, #2129 ) ;
#5342 = EDGE_CURVE ( 'NONE', #367, #450, #3824, .T. ) ;
#5343 = CARTESIAN_POINT ( 'NONE',  ( 33.60000000000000142, 12.24999999999999822, 57.89999999999999858 ) ) ;
#5344 = AXIS2_PLACEMENT_3D ( 'NONE', #5486, #1424, #5038 ) ;
#5345 = CARTESIAN_POINT ( 'NONE',  ( 30.00000000000000000, 13.24999999999998579, 37.65000000000000568 ) ) ;
#5346 = AXIS2_PLACEMENT_3D ( 'NONE', #5614, #1136, #3877 ) ;
#5347 = ORIENTED_EDGE ( 'NONE', *, *, #1933, .T. ) ;
#5348 = LINE ( 'NONE', #4960, #2226 ) ;
#5349 = CIRCLE ( 'NONE', #2777, 5.000000000000003553 ) ;
#5350 = ADVANCED_FACE ( 'NONE', ( #3169 ), #3615, .T. ) ;
#5351 = FACE_OUTER_BOUND ( 'NONE', #2405, .T. ) ;
#5352 = DIRECTION ( 'NONE',  ( -1.000000000000000000, 0.000000000000000000, 0.000000000000000000 ) ) ;
#5353 = AXIS2_PLACEMENT_3D ( 'NONE', #3851, #670, #4255 ) ;
#5354 = EDGE_LOOP ( 'NONE', ( #2280, #3358, #605, #4029, #3707, #5460, #3130, #2623 ) ) ;
#5355 = DIRECTION ( 'NONE',  ( -2.312964634635742957E-16, -1.000000000000000000, -0.000000000000000000 ) ) ;
#5356 = ORIENTED_EDGE ( 'NONE', *, *, #4927, .F. ) ;
#5357 = ORIENTED_EDGE ( 'NONE', *, *, #1199, .F. ) ;
#5358 = DIRECTION ( 'NONE',  ( 0.000000000000000000, -2.569960705150852022E-16, 1.000000000000000000 ) ) ;
#5359 =( BOUNDED_CURVE ( )  B_SPLINE_CURVE ( 3, ( #5583, #4181, #135, #1954 ),
 .UNSPECIFIED., .F., .T. ) 
 B_SPLINE_CURVE_WITH_KNOTS ( ( 4, 4 ),
 ( 1.284980352575412699E-16, 1.570796326794896780 ),
 .UNSPECIFIED. ) 
 CURVE ( )  GEOMETRIC_REPRESENTATION_ITEM ( )  RATIONAL_B_SPLINE_CURVE ( ( 1.000000000000000000, 0.8047378541243649375, 0.8047378541243649375, 1.000000000000000000 ) ) 
 REPRESENTATION_ITEM ( '' )  );
#5360 = LINE ( 'NONE', #4463, #3924 ) ;
#5361 = FACE_BOUND ( 'NONE', #5250, .T. ) ;
#5362 = ORIENTED_EDGE ( 'NONE', *, *, #4072, .T. ) ;
#5363 = LINE ( 'NONE', #478, #1352 ) ;
#5364 = ORIENTED_EDGE ( 'NONE', *, *, #2921, .T. ) ;
#5365 = ORIENTED_EDGE ( 'NONE', *, *, #4089, .F. ) ;
#5366 = CARTESIAN_POINT ( 'NONE',  ( 28.49999999999998934, 13.24999999999998579, 17.64999999999999858 ) ) ;
#5367 = ADVANCED_FACE ( 'NONE', ( #2056 ), #1720, .F. ) ;
#5368 = ADVANCED_FACE ( 'NONE', ( #4004 ), #1608, .F. ) ;
#5369 = LINE ( 'NONE', #1306, #5535 ) ;
#5370 = ADVANCED_FACE ( 'NONE', ( #4426 ), #5790, .F. ) ;
#5371 = ORIENTED_EDGE ( 'NONE', *, *, #5328, .T. ) ;
#5372 = CARTESIAN_POINT ( 'NONE',  ( -23.50000000000000711, -24.25000000000000355, -3.563508326896292822 ) ) ;
#5373 = AXIS2_PLACEMENT_3D ( 'NONE', #244, #5161, #5188 ) ;
#5374 = CYLINDRICAL_SURFACE ( 'NONE', #4576, 2.000000000000001776 ) ;
#5375 = APPROVAL_DATE_TIME ( #4035, #1705 ) ;
#5376 = DIRECTION ( 'NONE',  ( 0.000000000000000000, -0.000000000000000000, 1.000000000000000000 ) ) ;
#5377 = ORIENTED_EDGE ( 'NONE', *, *, #5498, .T. ) ;
#5378 = DIRECTION ( 'NONE',  ( -0.000000000000000000, -0.000000000000000000, 1.000000000000000000 ) ) ;
#5379 = VECTOR ( 'NONE', #3235, 1000.000000000000000 ) ;
#5380 = LINE ( 'NONE', #4040, #1813 ) ;
#5381 = CARTESIAN_POINT ( 'NONE',  ( 29.00000000000000000, -18.00000000000000000, 60.50000000000000000 ) ) ;
#5382 = VERTEX_POINT ( 'NONE', #4896 ) ;
#5383 = CIRCLE ( 'NONE', #3578, 3.000000000000000000 ) ;
#5384 = DIRECTION ( 'NONE',  ( -1.000000000000000000, 0.000000000000000000, -0.000000000000000000 ) ) ;
#5385 = ORIENTED_EDGE ( 'NONE', *, *, #2621, .F. ) ;
#5386 = LINE ( 'NONE', #506, #4337 ) ;
#5387 = CARTESIAN_POINT ( 'NONE',  ( 30.99999999999999645, -18.00000000000000000, 49.50000000000000000 ) ) ;
#5388 = FACE_OUTER_BOUND ( 'NONE', #3992, .T. ) ;
#5389 = ORIENTED_EDGE ( 'NONE', *, *, #4813, .F. ) ;
#5390 = CYLINDRICAL_SURFACE ( 'NONE', #2662, 2.999999999999999112 ) ;
#5391 = VERTEX_POINT ( 'NONE', #2633 ) ;
#5392 = ORIENTED_EDGE ( 'NONE', *, *, #2603, .F. ) ;
#5393 = CARTESIAN_POINT ( 'NONE',  ( 22.50000000000000000, 12.25000000000000000, 33.70166666666662536 ) ) ;
#5394 = DIRECTION ( 'NONE',  ( -1.000000000000000000, 0.000000000000000000, 0.000000000000000000 ) ) ;
#5395 = DIRECTION ( 'NONE',  ( -1.000000000000000000, 0.000000000000000000, -0.000000000000000000 ) ) ;
#5396 = EDGE_LOOP ( 'NONE', ( #2414, #2539, #5296, #2168 ) ) ;
#5397 = ADVANCED_FACE ( 'NONE', ( #2310, #4602 ), #3706, .T. ) ;
#5398 = CYLINDRICAL_SURFACE ( 'NONE', #4326, 3.000000000000000000 ) ;
#5399 = VECTOR ( 'NONE', #4548, 1000.000000000000000 ) ;
#5400 = EDGE_CURVE ( 'NONE', #3185, #242, #1927, .T. ) ;
#5401 = CIRCLE ( 'NONE', #2831, 1.000000000000000888 ) ;
#5402 = CARTESIAN_POINT ( 'NONE',  ( 30.00000000000000000, -18.00000000000000000, 60.50000000000000000 ) ) ;
#5403 = COORDINATED_UNIVERSAL_TIME_OFFSET ( 8, 0, .AHEAD. ) ;
#5404 = EDGE_CURVE ( 'NONE', #1082, #2358, #5520, .T. ) ;
#5405 = EDGE_CURVE ( 'NONE', #4872, #547, #2688, .T. ) ;
#5406 = FACE_OUTER_BOUND ( 'NONE', #3099, .T. ) ;
#5407 = VERTEX_POINT ( 'NONE', #3649 ) ;
#5408 = VECTOR ( 'NONE', #3959, 1000.000000000000000 ) ;
#5409 = CARTESIAN_POINT ( 'NONE',  ( -34.49999999999998579, -24.25000000000000355, 2.399999999999998135 ) ) ;
#5410 = LINE ( 'NONE', #1350, #3889 ) ;
#5411 = CARTESIAN_POINT ( 'NONE',  ( 7.999999999999996447, 12.24999999999998934, -8.000000000000000000 ) ) ;
#5412 = AXIS2_PLACEMENT_3D ( 'NONE', #683, #2940, #3813 ) ;
#5413 = ORIENTED_EDGE ( 'NONE', *, *, #4933, .F. ) ;
#5414 = FACE_OUTER_BOUND ( 'NONE', #626, .T. ) ;
#5415 = VERTEX_POINT ( 'NONE', #3256 ) ;
#5416 = CARTESIAN_POINT ( 'NONE',  ( -2.454312473419040099E-15, 9.249999999999994671, 3.148201863809792519E-15 ) ) ;
#5417 = CARTESIAN_POINT ( 'NONE',  ( -28.99999999999999645, -18.00000000000000000, 5.499999999999996447 ) ) ;
#5418 = ADVANCED_FACE ( 'NONE', ( #1838, #5108 ), #1491, .T. ) ;
#5419 = VECTOR ( 'NONE', #5319, 1000.000000000000000 ) ;
#5420 = PLANE ( 'NONE',  #2771 ) ;
#5421 = ORIENTED_EDGE ( 'NONE', *, *, #4169, .F. ) ;
#5422 = CARTESIAN_POINT ( 'NONE',  ( -19.00000000000000000, 12.24999999999999467, -10.50000000000004441 ) ) ;
#5423 = CIRCLE ( 'NONE', #4084, 2.999999999999999112 ) ;
#5424 = ORIENTED_EDGE ( 'NONE', *, *, #3844, .T. ) ;
#5425 = EDGE_LOOP ( 'NONE', ( #3330, #4460 ) ) ;
#5426 = LINE ( 'NONE', #4055, #5570 ) ;
#5427 = ADVANCED_FACE ( 'NONE', ( #1020 ), #496, .T. ) ;
#5428 = ADVANCED_FACE ( 'NONE', ( #5017 ), #3286, .T. ) ;
#5429 = DIRECTION ( 'NONE',  ( -1.000000000000000000, 0.000000000000000000, 0.000000000000000000 ) ) ;
#5430 = CIRCLE ( 'NONE', #5412, 2.999999999999999112 ) ;
#5431 = VECTOR ( 'NONE', #3335, 1000.000000000000000 ) ;
#5432 = CARTESIAN_POINT ( 'NONE',  ( -26.49999999999999645, 20.24999999999998224, -2.400000000000001688 ) ) ;
#5433 = ORIENTED_EDGE ( 'NONE', *, *, #3622, .F. ) ;
#5434 = DIRECTION ( 'NONE',  ( -1.000000000000000000, 0.000000000000000000, 0.000000000000000000 ) ) ;
#5435 = ORIENTED_EDGE ( 'NONE', *, *, #4476, .F. ) ;
#5436 = AXIS2_PLACEMENT_3D ( 'NONE', #1283, #4369, #4869 ) ;
#5437 = CARTESIAN_POINT ( 'NONE',  ( -30.00000000000000000, -18.00000000000000000, -28.50000000000000355 ) ) ;
#5438 = CYLINDRICAL_SURFACE ( 'NONE', #3156, 1.000000000000000888 ) ;
#5439 = VERTEX_POINT ( 'NONE', #3773 ) ;
#5440 = DIRECTION ( 'NONE',  ( 1.284980352575412453E-16, 1.000000000000000000, 0.000000000000000000 ) ) ;
#5441 = AXIS2_PLACEMENT_3D ( 'NONE', #4585, #3598, #68 ) ;
#5442 = DIRECTION ( 'NONE',  ( -1.000000000000000000, 0.000000000000000000, 0.000000000000000000 ) ) ;
#5443 = AXIS2_PLACEMENT_3D ( 'NONE', #4036, #2661, #3584 ) ;
#5444 = VECTOR ( 'NONE', #2461, 1000.000000000000000 ) ;
#5445 = VERTEX_POINT ( 'NONE', #1404 ) ;
#5446 = LINE ( 'NONE', #1386, #668 ) ;
#5447 = ORIENTED_EDGE ( 'NONE', *, *, #105, .T. ) ;
#5448 = FACE_OUTER_BOUND ( 'NONE', #429, .T. ) ;
#5449 = AXIS2_PLACEMENT_3D ( 'NONE', #229, #4280, #2023 ) ;
#5450 = DIRECTION ( 'NONE',  ( 0.000000000000000000, 0.000000000000000000, 1.000000000000000000 ) ) ;
#5451 = LINE ( 'NONE', #3181, #5813 ) ;
#5452 = DIRECTION ( 'NONE',  ( 1.000000000000000000, 0.000000000000000000, 0.000000000000000000 ) ) ;
#5453 = ORIENTED_EDGE ( 'NONE', *, *, #4538, .F. ) ;
#5454 = VERTEX_POINT ( 'NONE', #5140 ) ;
#5455 = FACE_OUTER_BOUND ( 'NONE', #4172, .T. ) ;
#5456 = EDGE_CURVE ( 'NONE', #4508, #5745, #2807, .T. ) ;
#5457 = AXIS2_PLACEMENT_3D ( 'NONE', #209, #3354, #2001 ) ;
#5458 = CYLINDRICAL_SURFACE ( 'NONE', #5802, 0.9999999999999974465 ) ;
#5459 = CARTESIAN_POINT ( 'NONE',  ( -5.543626931494064171E-15, 24.24999999999999289, -3.019858152799183628E-31 ) ) ;
#5460 = ORIENTED_EDGE ( 'NONE', *, *, #5584, .F. ) ;
#5461 = CARTESIAN_POINT ( 'NONE',  ( 30.00000000000000000, -18.00000000000000000, 52.90000000000000568 ) ) ;
#5462 = ORIENTED_EDGE ( 'NONE', *, *, #2139, .T. ) ;
#5463 = LINE ( 'NONE', #2778, #805 ) ;
#5464 = CARTESIAN_POINT ( 'NONE',  ( -2.688821387764052574E-15, -23.25000000000000711, -4.500000000000000000 ) ) ;
#5465 = EDGE_LOOP ( 'NONE', ( #3154, #312, #4083, #823 ) ) ;
#5466 = CYLINDRICAL_SURFACE ( 'NONE', #4809, 1.500000000000001332 ) ;
#5467 = ORIENTED_EDGE ( 'NONE', *, *, #614, .T. ) ;
#5468 = CARTESIAN_POINT ( 'NONE',  ( 17.55104211917183221, 0.1989578808281723676, 7.948957880828203315 ) ) ;
#5469 = LINE ( 'NONE', #5593, #1004 ) ;
#5470 = CIRCLE ( 'NONE', #1121, 2.999999999999999112 ) ;
#5471 = AXIS2_PLACEMENT_3D ( 'NONE', #3792, #5637, #1597 ) ;
#5472 = ORIENTED_EDGE ( 'NONE', *, *, #377, .T. ) ;
#5473 = EDGE_CURVE ( 'NONE', #4390, #1992, #577, .T. ) ;
#5474 = CARTESIAN_POINT ( 'NONE',  ( 30.00000000000000000, 13.24999999999998579, 17.64999999999999858 ) ) ;
#5475 = VERTEX_POINT ( 'NONE', #2779 ) ;
#5476 = FACE_OUTER_BOUND ( 'NONE', #5738, .T. ) ;
#5477 = EDGE_CURVE ( 'NONE', #2749, #1862, #5264, .T. ) ;
#5478 = PLANE ( 'NONE',  #4175 ) ;
#5479 = DIRECTION ( 'NONE',  ( 2.312964634635743450E-16, -1.000000000000000000, 0.000000000000000000 ) ) ;
#5480 = EDGE_CURVE ( 'NONE', #5503, #5523, #2724, .T. ) ;
#5481 = CARTESIAN_POINT ( 'NONE',  ( 22.50000000000001066, 9.249999999999998224, 60.50000000000000000 ) ) ;
#5482 = EDGE_LOOP ( 'NONE', ( #4388, #2937 ) ) ;
#5483 = VECTOR ( 'NONE', #5057, 1000.000000000000000 ) ;
#5484 = VERTEX_POINT ( 'NONE', #3677 ) ;
#5485 = CARTESIAN_POINT ( 'NONE',  ( 3.999999999999998224, 24.24999999999999289, 37.65000000000000568 ) ) ;
#5486 = CARTESIAN_POINT ( 'NONE',  ( -23.49999999999999645, 20.24999999999998579, 1.399999999999998579 ) ) ;
#5487 = CYLINDRICAL_SURFACE ( 'NONE', #2307, 1.000000000000000888 ) ;
#5488 = EDGE_LOOP ( 'NONE', ( #4006, #303, #4603, #5472 ) ) ;
#5489 = CARTESIAN_POINT ( 'NONE',  ( 36.50000000000000000, -24.25000000000001066, 51.50000000000000711 ) ) ;
#5490 = ORIENTED_EDGE ( 'NONE', *, *, #3045, .F. ) ;
#5491 = CARTESIAN_POINT ( 'NONE',  ( -33.49999999999998579, 12.24999999999998401, 2.399999999999997691 ) ) ;
#5492 = DIRECTION ( 'NONE',  ( -2.312964634635742957E-16, -1.000000000000000000, 0.000000000000000000 ) ) ;
#5493 = CIRCLE ( 'NONE', #5018, 0.9999999999999974465 ) ;
#5494 = ORIENTED_EDGE ( 'NONE', *, *, #2994, .T. ) ;
#5495 = ORIENTED_EDGE ( 'NONE', *, *, #200, .T. ) ;
#5496 = DIRECTION ( 'NONE',  ( -0.7071067811865507924, 0.000000000000000000, -0.7071067811865441310 ) ) ;
#5497 = ORIENTED_EDGE ( 'NONE', *, *, #3622, .T. ) ;
#5498 = EDGE_CURVE ( 'NONE', #717, #2584, #59, .T. ) ;
#5499 = ADVANCED_FACE ( 'NONE', ( #3222 ), #49, .T. ) ;
#5500 = CARTESIAN_POINT ( 'NONE',  ( 22.50000000000000000, 2.249999999999986233, 28.17777469307151961 ) ) ;
#5501 = PLANE ( 'NONE',  #988 ) ;
#5502 = CIRCLE ( 'NONE', #1896, 2.500000000000001776 ) ;
#5503 = VERTEX_POINT ( 'NONE', #5725 ) ;
#5504 = CARTESIAN_POINT ( 'NONE',  ( -33.49999999999997868, 20.24999999999998224, -2.400000000000001688 ) ) ;
#5505 = ORIENTED_EDGE ( 'NONE', *, *, #4169, .T. ) ;
#5506 = DIRECTION ( 'NONE',  ( 1.000000000000000000, -1.156482317317871478E-16, 0.000000000000000000 ) ) ;
#5507 = LINE ( 'NONE', #4642, #5688 ) ;
#5508 = DIRECTION ( 'NONE',  ( -0.000000000000000000, -0.000000000000000000, 1.000000000000000000 ) ) ;
#5509 = CARTESIAN_POINT ( 'NONE',  ( -12.99999999999994849, 12.24999999999998757, 2.500000000000000444 ) ) ;
#5510 = ORIENTED_EDGE ( 'NONE', *, *, #3412, .T. ) ;
#5511 = VERTEX_POINT ( 'NONE', #5256 ) ;
#5512 = DIRECTION ( 'NONE',  ( 1.000000000000000000, 4.625929269271484928E-16, 5.782411586589356160E-17 ) ) ;
#5513 = CARTESIAN_POINT ( 'NONE',  ( 11.00000000000000000, 0.2499999999999898137, 5.000000000000000888 ) ) ;
#5514 = CARTESIAN_POINT ( 'NONE',  ( -7.000000000000003553, 6.249999999999996447, -7.000000000000000000 ) ) ;
#5515 = CARTESIAN_POINT ( 'NONE',  ( 8.000000000000000000, 0.2499999999999897027, -5.000000000000000000 ) ) ;
#5516 = ORIENTED_EDGE ( 'NONE', *, *, #210, .T. ) ;
#5517 = LINE ( 'NONE', #3582, #144 ) ;
#5518 = VERTEX_POINT ( 'NONE', #1162 ) ;
#5519 = CARTESIAN_POINT ( 'NONE',  ( -2.000000000000000000, 6.249999999999996447, 7.000000000000000000 ) ) ;
#5520 = LINE ( 'NONE', #2404, #5634 ) ;
#5521 = ORIENTED_EDGE ( 'NONE', *, *, #5764, .T. ) ;
#5522 = AXIS2_PLACEMENT_3D ( 'NONE', #4086, #1801, #4471 ) ;
#5523 = VERTEX_POINT ( 'NONE', #1196 ) ;
#5524 = CARTESIAN_POINT ( 'NONE',  ( -19.00000000000000000, 9.249999999999987566, 10.49999999999996447 ) ) ;
#5525 = DIRECTION ( 'NONE',  ( -1.000000000000000000, 0.000000000000000000, 0.000000000000000000 ) ) ;
#5526 = VECTOR ( 'NONE', #2719, 1000.000000000000000 ) ;
#5527 = EDGE_CURVE ( 'NONE', #178, #652, #4871, .T. ) ;
#5528 = FACE_OUTER_BOUND ( 'NONE', #3581, .T. ) ;
#5529 = CARTESIAN_POINT ( 'NONE',  ( -19.00000000000000355, 12.24999999999998579, -10.50000000000004086 ) ) ;
#5530 = ADVANCED_FACE ( 'NONE', ( #693 ), #1091, .T. ) ;
#5531 = EDGE_LOOP ( 'NONE', ( #1683, #5095, #5043, #706, #497, #2736 ) ) ;
#5532 = CARTESIAN_POINT ( 'NONE',  ( -23.50000000000000000, -24.25000000000000355, 3.563508326896287937 ) ) ;
#5533 = CARTESIAN_POINT ( 'NONE',  ( 24.50000000000000000, -23.25000000000001066, -4.500000000000000000 ) ) ;
#5534 = VECTOR ( 'NONE', #1913, 1000.000000000000000 ) ;
#5535 = VECTOR ( 'NONE', #3580, 1000.000000000000000 ) ;
#5536 = DIRECTION ( 'NONE',  ( -0.000000000000000000, -0.000000000000000000, 1.000000000000000000 ) ) ;
#5537 = CARTESIAN_POINT ( 'NONE',  ( -17.04876671757369166, 0.7012332824263192155, 10.84232387078988324 ) ) ;
#5538 = ORIENTED_EDGE ( 'NONE', *, *, #3934, .T. ) ;
#5539 = ORIENTED_EDGE ( 'NONE', *, *, #2498, .T. ) ;
#5540 = DIRECTION ( 'NONE',  ( -0.000000000000000000, -0.000000000000000000, -1.000000000000000000 ) ) ;
#5541 = AXIS2_PLACEMENT_3D ( 'NONE', #1960, #2343, #5557 ) ;
#5542 = CIRCLE ( 'NONE', #443, 2.000000000000001776 ) ;
#5543 = AXIS2_PLACEMENT_3D ( 'NONE', #3641, #3607, #927 ) ;
#5544 = CARTESIAN_POINT ( 'NONE',  ( -2.000000000000000000, 6.249999999999996447, -7.000000000000000000 ) ) ;
#5545 = CARTESIAN_POINT ( 'NONE',  ( -22.50000000000000000, -4.750000000000036415, -3.563508326896292822 ) ) ;
#5546 = CIRCLE ( 'NONE', #5730, 1.000000000000000000 ) ;
#5547 = DIRECTION ( 'NONE',  ( -2.259648465249937489E-16, 1.000000000000000000, -2.465190328815661892E-32 ) ) ;
#5548 = AXIS2_PLACEMENT_3D ( 'NONE', #1346, #2197, #3526 ) ;
#5549 = VERTEX_POINT ( 'NONE', #4723 ) ;
#5550 = DIRECTION ( 'NONE',  ( -0.000000000000000000, 0.000000000000000000, 1.000000000000000000 ) ) ;
#5551 = VERTEX_POINT ( 'NONE', #5174 ) ;
#5552 = ADVANCED_FACE ( 'NONE', ( #3846 ), #3795, .F. ) ;
#5553 = EDGE_CURVE ( 'NONE', #143, #921, #5695, .T. ) ;
#5554 = EDGE_CURVE ( 'NONE', #5053, #1627, #900, .T. ) ;
#5555 =( BOUNDED_CURVE ( )  B_SPLINE_CURVE ( 3, ( #3830, #1637, #1063, #1529 ),
 .UNSPECIFIED., .F., .T. ) 
 B_SPLINE_CURVE_WITH_KNOTS ( ( 4, 4 ),
 ( 0.9272952180016196255, 1.104030987747605552 ),
 .UNSPECIFIED. ) 
 CURVE ( )  GEOMETRIC_REPRESENTATION_ITEM ( )  RATIONAL_B_SPLINE_CURVE ( ( 1.000000000000000000, 0.9973987323850416198, 0.9973987323850416198, 1.000000000000000000 ) ) 
 REPRESENTATION_ITEM ( '' )  );
#5556 = FACE_OUTER_BOUND ( 'NONE', #5823, .T. ) ;
#5557 = DIRECTION ( 'NONE',  ( -1.000000000000000000, -1.734723475976807094E-16, 0.000000000000000000 ) ) ;
#5558 = EDGE_CURVE ( 'NONE', #1211, #134, #2776, .T. ) ;
#5559 = ORIENTED_EDGE ( 'NONE', *, *, #3905, .T. ) ;
#5560 = ORIENTED_EDGE ( 'NONE', *, *, #186, .F. ) ;
#5561 = DIRECTION ( 'NONE',  ( 2.259648465249937489E-16, -1.000000000000000000, 2.465190328815661892E-32 ) ) ;
#5562 = DIRECTION ( 'NONE',  ( 0.000000000000000000, 0.000000000000000000, 1.000000000000000000 ) ) ;
#5563 = CARTESIAN_POINT ( 'NONE',  ( 30.00000000000000000, -18.00000000000000000, -28.50000000000000355 ) ) ;
#5564 = DIRECTION ( 'NONE',  ( 1.000000000000000000, 0.000000000000000000, 0.000000000000000000 ) ) ;
#5565 = ORIENTED_EDGE ( 'NONE', *, *, #1383, .T. ) ;
#5566 = PLANE ( 'NONE',  #5288 ) ;
#5567 = FACE_OUTER_BOUND ( 'NONE', #2230, .T. ) ;
#5568 = DIRECTION ( 'NONE',  ( 1.000000000000000000, 0.000000000000000000, 0.000000000000000000 ) ) ;
#5569 = AXIS2_PLACEMENT_3D ( 'NONE', #1303, #3093, #2134 ) ;
#5570 = VECTOR ( 'NONE', #5512, 1000.000000000000000 ) ;
#5571 = ADVANCED_FACE ( 'NONE', ( #2516 ), #1601, .F. ) ;
#5572 = DIRECTION ( 'NONE',  ( 0.000000000000000000, 1.000000000000000000, 0.000000000000000000 ) ) ;
#5573 = CARTESIAN_POINT ( 'NONE',  ( -15.76061926157442805, 1.989380738425601702, 12.09883297383839640 ) ) ;
#5574 = ORIENTED_EDGE ( 'NONE', *, *, #4274, .T. ) ;
#5575 = EDGE_LOOP ( 'NONE', ( #3585, #4770, #4474, #2833 ) ) ;
#5576 = DIRECTION ( 'NONE',  ( 0.000000000000000000, 0.000000000000000000, -1.000000000000000000 ) ) ;
#5577 = VECTOR ( 'NONE', #5712, 1000.000000000000000 ) ;
#5578 = CARTESIAN_POINT ( 'NONE',  ( 8.999999999999991118, 12.24999999999998934, -12.50000000000000000 ) ) ;
#5579 = CARTESIAN_POINT ( 'NONE',  ( -7.000000000000003553, 6.249999999999997335, 7.000000000000000000 ) ) ;
#5580 = ADVANCED_FACE ( 'NONE', ( #1572 ), #4400, .T. ) ;
#5581 = DIRECTION ( 'NONE',  ( 1.000000000000000000, 0.000000000000000000, 0.000000000000000000 ) ) ;
#5582 = ORIENTED_EDGE ( 'NONE', *, *, #3233, .F. ) ;
#5583 = CARTESIAN_POINT ( 'NONE',  ( -26.49999999999999645, -23.25000000000000711, -2.400000000000001688 ) ) ;
#5584 = EDGE_CURVE ( 'NONE', #493, #4252, #4776, .T. ) ;
#5585 = VERTEX_POINT ( 'NONE', #4277 ) ;
#5586 = DIRECTION ( 'NONE',  ( -1.000000000000000000, 0.000000000000000000, 0.000000000000000000 ) ) ;
#5587 = ADVANCED_FACE ( 'NONE', ( #1991 ), #4365, .F. ) ;
#5588 = CARTESIAN_POINT ( 'NONE',  ( 15.00000000000000355, 0.2499999999999880651, 12.50000000000000000 ) ) ;
#5589 = ORIENTED_EDGE ( 'NONE', *, *, #1324, .T. ) ;
#5590 = EDGE_CURVE ( 'NONE', #5762, #4778, #726, .T. ) ;
#5591 = ADVANCED_FACE ( 'NONE', ( #753 ), #2075, .T. ) ;
#5592 = CARTESIAN_POINT ( 'NONE',  ( 25.50000000000000000, 24.25000000000000000, 10.70000000000001883 ) ) ;
#5593 = CARTESIAN_POINT ( 'NONE',  ( -22.50000000000000000, -24.25000000000000355, 3.563508326896287937 ) ) ;
#5594 = AXIS2_PLACEMENT_3D ( 'NONE', #4740, #711, #1614 ) ;
#5595 = ORIENTED_EDGE ( 'NONE', *, *, #1541, .T. ) ;
#5596 = CARTESIAN_POINT ( 'NONE',  ( 29.00000000000000000, -18.00000000000000000, 5.499999999999998224 ) ) ;
#5597 = CARTESIAN_POINT ( 'NONE',  ( -11.99999999999999645, 12.24999999999998757, -5.000000000000000000 ) ) ;
#5598 = AXIS2_PLACEMENT_3D ( 'NONE', #4821, #320, #3407 ) ;
#5599 = LINE ( 'NONE', #2087, #4981 ) ;
#5600 = DIRECTION ( 'NONE',  ( 1.000000000000000000, 0.000000000000000000, 0.000000000000000000 ) ) ;
#5601 = DIRECTION ( 'NONE',  ( -2.312964634635743450E-16, 1.000000000000000000, 0.000000000000000000 ) ) ;
#5602 = ORIENTED_EDGE ( 'NONE', *, *, #2840, .T. ) ;
#5603 = ORIENTED_EDGE ( 'NONE', *, *, #2847, .F. ) ;
#5604 = DIRECTION ( 'NONE',  ( 0.000000000000000000, -1.000000000000000000, 0.000000000000000000 ) ) ;
#5605 = EDGE_CURVE ( 'NONE', #5331, #70, #4590, .T. ) ;
#5606 = DIRECTION ( 'NONE',  ( 1.000000000000000000, 0.000000000000000000, -0.000000000000000000 ) ) ;
#5607 = PLANE ( 'NONE',  #5631 ) ;
#5608 = CARTESIAN_POINT ( 'NONE',  ( 28.49999999999998579, 24.25000000000000000, 17.64999999999999858 ) ) ;
#5609 = VERTEX_POINT ( 'NONE', #3370 ) ;
#5610 = LINE ( 'NONE', #2013, #4719 ) ;
#5611 = ORIENTED_EDGE ( 'NONE', *, *, #5558, .F. ) ;
#5612 = EDGE_CURVE ( 'NONE', #1082, #2629, #5198, .T. ) ;
#5613 = DIRECTION ( 'NONE',  ( 0.000000000000000000, 0.000000000000000000, -1.000000000000000000 ) ) ;
#5614 = CARTESIAN_POINT ( 'NONE',  ( -36.50000000000000000, 20.24999999999998224, 1.399999999999997247 ) ) ;
#5615 = ORIENTED_EDGE ( 'NONE', *, *, #1882, .T. ) ;
#5616 = DIRECTION ( 'NONE',  ( 1.000000000000000000, 0.000000000000000000, 0.000000000000000000 ) ) ;
#5617 = AXIS2_PLACEMENT_3D ( 'NONE', #785, #5814, #4481 ) ;
#5618 = EDGE_LOOP ( 'NONE', ( #2712, #4987 ) ) ;
#5619 = DIRECTION ( 'NONE',  ( 0.000000000000000000, 0.000000000000000000, 1.000000000000000000 ) ) ;
#5620 = DIRECTION ( 'NONE',  ( -1.284980352575412699E-16, -1.000000000000000000, 0.000000000000000000 ) ) ;
#5621 = EDGE_CURVE ( 'NONE', #4504, #4588, #3910, .T. ) ;
#5622 = VECTOR ( 'NONE', #3019, 1000.000000000000000 ) ;
#5623 = DIRECTION ( 'NONE',  ( -2.312964634635743450E-16, 1.000000000000000000, 0.000000000000000000 ) ) ;
#5624 = LINE ( 'NONE', #1147, #54 ) ;
#5625 = CARTESIAN_POINT ( 'NONE',  ( -16.68315416134288753, 1.066845838657132894, 11.38519019285232936 ) ) ;
#5626 = ORIENTED_EDGE ( 'NONE', *, *, #5659, .T. ) ;
#5627 = ORIENTED_EDGE ( 'NONE', *, *, #5045, .T. ) ;
#5628 = CARTESIAN_POINT ( 'NONE',  ( 21.16185586048600697, -21.11000936329383748, 23.18055015817576248 ) ) ;
#5629 = VECTOR ( 'NONE', #4742, 1000.000000000000000 ) ;
#5630 = CARTESIAN_POINT ( 'NONE',  ( 23.50000000000000000, -23.25000000000001066, 0.000000000000000000 ) ) ;
#5631 = AXIS2_PLACEMENT_3D ( 'NONE', #572, #4239, #1920 ) ;
#5632 = LINE ( 'NONE', #3863, #3230 ) ;
#5633 = DIRECTION ( 'NONE',  ( 1.000000000000000000, 4.625929269271484928E-16, 5.782411586589356160E-17 ) ) ;
#5634 = VECTOR ( 'NONE', #1460, 1000.000000000000000 ) ;
#5635 = EDGE_CURVE ( 'NONE', #4435, #5020, #4578, .T. ) ;
#5636 = ORIENTED_EDGE ( 'NONE', *, *, #2565, .T. ) ;
#5637 = DIRECTION ( 'NONE',  ( -1.156482317317871478E-16, -1.000000000000000000, 0.000000000000000000 ) ) ;
#5638 = VECTOR ( 'NONE', #2716, 1000.000000000000000 ) ;
#5639 = LOCAL_TIME ( 20, 59, 48.00000000000000000, #3134 ) ;
#5640 = CARTESIAN_POINT ( 'NONE',  ( 22.50000000000000000, -4.750000000000058620, -5.500000000000000000 ) ) ;
#5641 = DIRECTION ( 'NONE',  ( 0.000000000000000000, 0.000000000000000000, -1.000000000000000000 ) ) ;
#5642 = ORIENTED_EDGE ( 'NONE', *, *, #437, .F. ) ;
#5643 = FACE_OUTER_BOUND ( 'NONE', #1610, .T. ) ;
#5644 = DIRECTION ( 'NONE',  ( -1.284980352575412699E-16, -1.000000000000000000, -0.000000000000000000 ) ) ;
#5645 = ORIENTED_EDGE ( 'NONE', *, *, #3647, .T. ) ;
#5646 = CARTESIAN_POINT ( 'NONE',  ( 26.08578643762688998, -24.25000000000000355, -2.814213562373096167 ) ) ;
#5647 = EDGE_CURVE ( 'NONE', #3918, #3174, #345, .T. ) ;
#5648 = DIRECTION ( 'NONE',  ( 1.000000000000000000, -0.000000000000000000, -0.000000000000000000 ) ) ;
#5649 = CARTESIAN_POINT ( 'NONE',  ( 30.00000000000000000, 9.249999999999984013, 17.64999999999999858 ) ) ;
#5650 = DIRECTION ( 'NONE',  ( 1.000000000000000000, -2.349104707051927095E-16, 0.000000000000000000 ) ) ;
#5651 = EDGE_CURVE ( 'NONE', #1427, #5141, #5822, .T. ) ;
#5652 = DIRECTION ( 'NONE',  ( 1.000000000000000000, 2.109942937938456966E-16, 0.000000000000000000 ) ) ;
#5653 = ORIENTED_EDGE ( 'NONE', *, *, #3439, .F. ) ;
#5654 = VERTEX_POINT ( 'NONE', #781 ) ;
#5655 = CARTESIAN_POINT ( 'NONE',  ( -12.00000000000000000, 0.2499999999999943101, 5.000000000000000000 ) ) ;
#5656 = EDGE_CURVE ( 'NONE', #4191, #4453, #3750, .T. ) ;
#5657 = AXIS2_PLACEMENT_3D ( 'NONE', #3453, #3956, #3986 ) ;
#5658 = DIRECTION ( 'NONE',  ( -1.000000000000000000, 0.000000000000000000, 0.000000000000000000 ) ) ;
#5659 = EDGE_CURVE ( 'NONE', #4114, #3767, #4405, .T. ) ;
#5660 = CARTESIAN_POINT ( 'NONE',  ( 33.49999999999999289, 33.75000000000001421, -2.400000000000001688 ) ) ;
#5661 = CARTESIAN_POINT ( 'NONE',  ( 23.50000000000000000, -24.25000000000001066, 3.499999999999999556 ) ) ;
#5662 = ORIENTED_EDGE ( 'NONE', *, *, #3356, .F. ) ;
#5663 = TOROIDAL_SURFACE ( 'NONE', #3771, 2.000000000000000000, 1.000000000000000000 ) ;
#5664 = CARTESIAN_POINT ( 'NONE',  ( 22.50000000000000000, -23.25000000000001066, 51.50000000000000711 ) ) ;
#5665 = AXIS2_PLACEMENT_3D ( 'NONE', #220, #1568, #5194 ) ;
#5666 = CARTESIAN_POINT ( 'NONE',  ( 26.49999999999998934, -23.25000000000000711, 2.399999999999998135 ) ) ;
#5667 = DIRECTION ( 'NONE',  ( -1.000000000000000000, 0.000000000000000000, 0.000000000000000000 ) ) ;
#5668 = DIRECTION ( 'NONE',  ( -1.000000000000000000, -1.734723475976807094E-16, 2.775557561562891351E-15 ) ) ;
#5669 = DIRECTION ( 'NONE',  ( 0.000000000000000000, 0.000000000000000000, 1.000000000000000000 ) ) ;
#5670 = VECTOR ( 'NONE', #4396, 1000.000000000000000 ) ;
#5671 = VERTEX_POINT ( 'NONE', #4227 ) ;
#5672 = CARTESIAN_POINT ( 'NONE',  ( -11.99999999999999645, 12.24999999999998757, 5.000000000000000000 ) ) ;
#5673 = VERTEX_POINT ( 'NONE', #2727 ) ;
#5674 = DIRECTION ( 'NONE',  ( -0.000000000000000000, -0.000000000000000000, 1.000000000000000000 ) ) ;
#5675 = EDGE_CURVE ( 'NONE', #4358, #1588, #4551, .T. ) ;
#5676 = EDGE_CURVE ( 'NONE', #5844, #4966, #1936, .T. ) ;
#5677 = DIRECTION ( 'NONE',  ( 1.000000000000000000, -1.156482317317871478E-16, 0.000000000000000000 ) ) ;
#5678 = DIRECTION ( 'NONE',  ( 1.000000000000000000, 0.000000000000000000, 0.000000000000000000 ) ) ;
#5679 = PLANE ( 'NONE',  #5230 ) ;
#5680 = AXIS2_PLACEMENT_3D ( 'NONE', #4069, #5440, #468 ) ;
#5681 = VERTEX_POINT ( 'NONE', #2411 ) ;
#5682 = ORIENTED_EDGE ( 'NONE', *, *, #494, .T. ) ;
#5683 = CYLINDRICAL_SURFACE ( 'NONE', #86, 1.000000000000000888 ) ;
#5684 = DIRECTION ( 'NONE',  ( 1.000000000000000000, 0.000000000000000000, -0.000000000000000000 ) ) ;
#5685 = CYLINDRICAL_SURFACE ( 'NONE', #872, 1.000000000000000888 ) ;
#5686 = FACE_OUTER_BOUND ( 'NONE', #4073, .T. ) ;
#5687 = ORIENTED_EDGE ( 'NONE', *, *, #2449, .F. ) ;
#5688 = VECTOR ( 'NONE', #2384, 1000.000000000000000 ) ;
#5689 = VERTEX_POINT ( 'NONE', #530 ) ;
#5690 = ORIENTED_EDGE ( 'NONE', *, *, #4318, .T. ) ;
#5691 = DIRECTION ( 'NONE',  ( -0.000000000000000000, -0.000000000000000000, 1.000000000000000000 ) ) ;
#5692 = FACE_OUTER_BOUND ( 'NONE', #4283, .T. ) ;
#5693 = CYLINDRICAL_SURFACE ( 'NONE', #5164, 2.000000000000001776 ) ;
#5694 = CIRCLE ( 'NONE', #2857, 3.499999999999996003 ) ;
#5695 = LINE ( 'NONE', #199, #903 ) ;
#5696 = ORIENTED_EDGE ( 'NONE', *, *, #3434, .F. ) ;
#5697 = CARTESIAN_POINT ( 'NONE',  ( -18.50000000000001066, 12.25000000000000000, 22.70000000000001705 ) ) ;
#5698 = VECTOR ( 'NONE', #2198, 1000.000000000000000 ) ;
#5699 = CYLINDRICAL_SURFACE ( 'NONE', #45, 0.9999999999999974465 ) ;
#5700 = PERSON_AND_ORGANIZATION ( #3621, #2781 ) ;
#5701 = ORIENTED_EDGE ( 'NONE', *, *, #2582, .T. ) ;
#5702 = ADVANCED_FACE ( 'NONE', ( #616, #5528 ), #1058, .T. ) ;
#5703 = CARTESIAN_POINT ( 'NONE',  ( 20.49999999999999645, 12.24999999999999645, 43.99519656731666117 ) ) ;
#5704 = VECTOR ( 'NONE', #3600, 1000.000000000000000 ) ;
#5705 = DIRECTION ( 'NONE',  ( 1.000000000000000000, -1.156482317317871478E-16, 0.000000000000000000 ) ) ;
#5706 = CIRCLE ( 'NONE', #5617, 2.000000000000000000 ) ;
#5707 = VERTEX_POINT ( 'NONE', #2816 ) ;
#5708 = EDGE_CURVE ( 'NONE', #1164, #4618, #5546, .T. ) ;
#5709 = DIRECTION ( 'NONE',  ( -1.000000000000000000, 0.000000000000000000, 0.000000000000000000 ) ) ;
#5710 = ORIENTED_EDGE ( 'NONE', *, *, #5527, .F. ) ;
#5711 = ORIENTED_EDGE ( 'NONE', *, *, #5635, .F. ) ;
#5712 = DIRECTION ( 'NONE',  ( 0.000000000000000000, 1.000000000000000000, -0.000000000000000000 ) ) ;
#5713 = VECTOR ( 'NONE', #1718, 1000.000000000000000 ) ;
#5714 = CARTESIAN_POINT ( 'NONE',  ( 37.50000000000000000, 24.25000000000000000, 10.70000000000002061 ) ) ;
#5715 = DIRECTION ( 'NONE',  ( -1.000000000000000000, 0.000000000000000000, 4.625929269271486900E-15 ) ) ;
#5716 = PLANE ( 'NONE',  #5721 ) ;
#5717 = VERTEX_POINT ( 'NONE', #5086 ) ;
#5718 = ORIENTED_EDGE ( 'NONE', *, *, #3067, .T. ) ;
#5719 = ORIENTED_EDGE ( 'NONE', *, *, #2062, .T. ) ;
#5720 = CARTESIAN_POINT ( 'NONE',  ( 25.50000000000000000, -12.25000000000000355, 47.70166666666661826 ) ) ;
#5721 = AXIS2_PLACEMENT_3D ( 'NONE', #3897, #365, #3007 ) ;
#5722 = LINE ( 'NONE', #3464, #4387 ) ;
#5723 = AXIS2_PLACEMENT_3D ( 'NONE', #1752, #4990, #265 ) ;
#5724 = DIRECTION ( 'NONE',  ( -1.000000000000000000, 0.000000000000000000, -0.000000000000000000 ) ) ;
#5725 = CARTESIAN_POINT ( 'NONE',  ( 37.50000000000000000, 12.25000000000000000, 33.70166666666662536 ) ) ;
#5726 = VECTOR ( 'NONE', #989, 1000.000000000000000 ) ;
#5727 = EDGE_CURVE ( 'NONE', #5551, #5300, #2379, .T. ) ;
#5728 = ORIENTED_EDGE ( 'NONE', *, *, #1620, .T. ) ;
#5729 = EDGE_CURVE ( 'NONE', #2537, #358, #2845, .T. ) ;
#5730 = AXIS2_PLACEMENT_3D ( 'NONE', #1873, #85, #3683 ) ;
#5731 = ADVANCED_FACE ( 'NONE', ( #1410, #1967 ), #5501, .F. ) ;
#5732 = VECTOR ( 'NONE', #3539, 1000.000000000000000 ) ;
#5733 = CARTESIAN_POINT ( 'NONE',  ( 34.60000000000000853, -23.25000000000001066, 0.000000000000000000 ) ) ;
#5734 = CARTESIAN_POINT ( 'NONE',  ( -5.690909090909021195, 9.249999999999991118, 22.70000000000001705 ) ) ;
#5735 = LINE ( 'NONE', #1140, #1839 ) ;
#5736 = EDGE_CURVE ( 'NONE', #4453, #2211, #5469, .T. ) ;
#5737 = ORIENTED_EDGE ( 'NONE', *, *, #2847, .T. ) ;
#5738 = EDGE_LOOP ( 'NONE', ( #3564, #3947, #2457, #2841 ) ) ;
#5739 = DIRECTION ( 'NONE',  ( -1.000000000000000000, 0.000000000000000000, 0.000000000000000000 ) ) ;
#5740 = AXIS2_PLACEMENT_3D ( 'NONE', #4108, #67, #1850 ) ;
#5741 = DIRECTION ( 'NONE',  ( 2.312964634635742957E-16, 1.000000000000000000, -0.000000000000000000 ) ) ;
#5742 = ORIENTED_EDGE ( 'NONE', *, *, #3478, .F. ) ;
#5743 = CARTESIAN_POINT ( 'NONE',  ( -37.50000000000000000, 24.24999999999997868, 2.399999999999997247 ) ) ;
#5744 = EDGE_LOOP ( 'NONE', ( #3190, #1412, #928, #353 ) ) ;
#5745 = VERTEX_POINT ( 'NONE', #1437 ) ;
#5746 = CARTESIAN_POINT ( 'NONE',  ( 35.50000000000000000, -2.750000000000017319, 5.500000000000000000 ) ) ;
#5747 = EDGE_CURVE ( 'NONE', #4435, #4265, #2130, .T. ) ;
#5748 = DIRECTION ( 'NONE',  ( -1.000000000000000000, 0.000000000000000000, 0.000000000000000000 ) ) ;
#5749 = CARTESIAN_POINT ( 'NONE',  ( 22.50000000000001066, 9.249999999999980460, 60.50000000000000000 ) ) ;
#5750 = ORIENTED_EDGE ( 'NONE', *, *, #4705, .T. ) ;
#5751 = VERTEX_POINT ( 'NONE', #501 ) ;
#5752 = ORIENTED_EDGE ( 'NONE', *, *, #4376, .T. ) ;
#5753 = CARTESIAN_POINT ( 'NONE',  ( -23.22149652620895210, 12.24999999999998401, 7.700000000000018829 ) ) ;
#5754 = EDGE_CURVE ( 'NONE', #4371, #1699, #5024, .T. ) ;
#5755 = CARTESIAN_POINT ( 'NONE',  ( -2.000000000000000000, 6.249999999999996447, 7.000000000000000000 ) ) ;
#5756 = CARTESIAN_POINT ( 'NONE',  ( -2.804469619495839845E-15, -24.25000000000000711, 0.000000000000000000 ) ) ;
#5757 = CIRCLE ( 'NONE', #5569, 12.00000000000000178 ) ;
#5758 = AXIS2_PLACEMENT_3D ( 'NONE', #5035, #4562, #5837 ) ;
#5759 = DIRECTION ( 'NONE',  ( -1.000000000000000000, 1.156482317317871478E-16, 0.000000000000000000 ) ) ;
#5760 = AXIS2_PLACEMENT_3D ( 'NONE', #1516, #3733, #168 ) ;
#5761 = ADVANCED_FACE ( 'NONE', ( #2284 ), #3229, .F. ) ;
#5762 = VERTEX_POINT ( 'NONE', #4103 ) ;
#5763 = CARTESIAN_POINT ( 'NONE',  ( 12.49999999999999822, 2.249999999999988010, 28.17777469307151605 ) ) ;
#5764 = EDGE_CURVE ( 'NONE', #2640, #5058, #2786, .T. ) ;
#5765 = CARTESIAN_POINT ( 'NONE',  ( -2.000000000000000000, 6.249999999999996447, 8.000000000000000000 ) ) ;
#5766 = CIRCLE ( 'NONE', #2165, 2.000000000000001776 ) ;
#5767 = ORIENTED_EDGE ( 'NONE', *, *, #4402, .T. ) ;
#5768 = CARTESIAN_POINT ( 'NONE',  ( 19.14855074296530546, 12.24999999999999467, 47.70166666666661826 ) ) ;
#5769 = EDGE_CURVE ( 'NONE', #3021, #5228, #629, .T. ) ;
#5770 = CARTESIAN_POINT ( 'NONE',  ( -5.690909090909021195, 21.25000000000000000, 22.70000000000001705 ) ) ;
#5771 = ORIENTED_EDGE ( 'NONE', *, *, #4443, .F. ) ;
#5772 = LINE ( 'NONE', #3832, #1892 ) ;
#5773 = ORIENTED_EDGE ( 'NONE', *, *, #307, .T. ) ;
#5774 = EDGE_LOOP ( 'NONE', ( #1345, #4359, #374, #188 ) ) ;
#5775 = CARTESIAN_POINT ( 'NONE',  ( -9.367506770274755154E-15, 20.24999999999999645, 0.000000000000000000 ) ) ;
#5776 = CARTESIAN_POINT ( 'NONE',  ( -27.38759438288186487, 12.24999999999998224, 7.700000000000018829 ) ) ;
#5777 = LINE ( 'NONE', #4801, #995 ) ;
#5778 = VECTOR ( 'NONE', #1779, 1000.000000000000000 ) ;
#5779 = ORIENTED_EDGE ( 'NONE', *, *, #515, .T. ) ;
#5780 = EDGE_LOOP ( 'NONE', ( #2564, #1827 ) ) ;
#5781 = ORIENTED_EDGE ( 'NONE', *, *, #3361, .F. ) ;
#5782 = CARTESIAN_POINT ( 'NONE',  ( -28.99999999999999645, -18.00000000000000000, -28.50000000000000355 ) ) ;
#5783 = EDGE_CURVE ( 'NONE', #1746, #1703, #146, .T. ) ;
#5784 = DIRECTION ( 'NONE',  ( 1.000000000000000000, 0.000000000000000000, 0.000000000000000000 ) ) ;
#5785 = LINE ( 'NONE', #1278, #444 ) ;
#5786 = ORIENTED_EDGE ( 'NONE', *, *, #502, .T. ) ;
#5787 = EDGE_CURVE ( 'NONE', #2897, #2432, #2972, .T. ) ;
#5788 = CARTESIAN_POINT ( 'NONE',  ( 22.49999999999998224, -24.25000000000001421, 49.50000000000000000 ) ) ;
#5789 = DIRECTION ( 'NONE',  ( -1.000000000000000000, 0.000000000000000000, 0.000000000000000000 ) ) ;
#5790 = CYLINDRICAL_SURFACE ( 'NONE', #2219, 1.500000000000001332 ) ;
#5791 = VERTEX_POINT ( 'NONE', #1632 ) ;
#5792 = DIRECTION ( 'NONE',  ( 0.000000000000000000, -0.000000000000000000, 1.000000000000000000 ) ) ;
#5793 = DIRECTION ( 'NONE',  ( -0.000000000000000000, -0.000000000000000000, -1.000000000000000000 ) ) ;
#5794 = ORIENTED_EDGE ( 'NONE', *, *, #1207, .F. ) ;
#5795 = DIRECTION ( 'NONE',  ( -2.312964634635742957E-16, -1.000000000000000000, 0.000000000000000000 ) ) ;
#5796 = ORIENTED_EDGE ( 'NONE', *, *, #4806, .F. ) ;
#5797 = EDGE_LOOP ( 'NONE', ( #4163, #4063, #4762, #746 ) ) ;
#5798 = CARTESIAN_POINT ( 'NONE',  ( 30.00000000000000000, -18.00000000000000000, -2.399999999999999467 ) ) ;
#5799 = VECTOR ( 'NONE', #5821, 1000.000000000000000 ) ;
#5800 = CARTESIAN_POINT ( 'NONE',  ( 24.50000000000000000, 2.249999999999986233, -5.500000000000000000 ) ) ;
#5801 = CARTESIAN_POINT ( 'NONE',  ( 11.00000000000000355, 12.24999999999998934, -8.000000000000000000 ) ) ;
#5802 = AXIS2_PLACEMENT_3D ( 'NONE', #459, #3188, #5394 ) ;
#5803 = ORIENTED_EDGE ( 'NONE', *, *, #5736, .F. ) ;
#5804 = FACE_OUTER_BOUND ( 'NONE', #5488, .T. ) ;
#5805 = VERTEX_POINT ( 'NONE', #286 ) ;
#5806 = ORIENTED_EDGE ( 'NONE', *, *, #4606, .T. ) ;
#5807 = DIRECTION ( 'NONE',  ( -4.625929269271484928E-16, 1.000000000000000000, -0.000000000000000000 ) ) ;
#5808 = DIRECTION ( 'NONE',  ( 1.000000000000000000, 0.000000000000000000, 0.000000000000000000 ) ) ;
#5809 = VERTEX_POINT ( 'NONE', #1085 ) ;
#5810 = DIRECTION ( 'NONE',  ( 1.000000000000000000, -1.156482317317871478E-16, 0.000000000000000000 ) ) ;
#5811 = ORIENTED_EDGE ( 'NONE', *, *, #4933, .T. ) ;
#5812 = DIRECTION ( 'NONE',  ( 1.000000000000000000, -0.000000000000000000, -0.000000000000000000 ) ) ;
#5813 = VECTOR ( 'NONE', #1881, 1000.000000000000000 ) ;
#5814 = DIRECTION ( 'NONE',  ( -1.000000000000000000, 0.000000000000000000, 0.000000000000000000 ) ) ;
#5815 = PERSON_AND_ORGANIZATION ( #3621, #2781 ) ;
#5816 = CARTESIAN_POINT ( 'NONE',  ( 22.89422703258320624, 2.249999999999986233, 22.18110525119659826 ) ) ;
#5817 = AXIS2_PLACEMENT_3D ( 'NONE', #258, #224, #4748 ) ;
#5818 = ORIENTED_EDGE ( 'NONE', *, *, #1694, .F. ) ;
#5819 = DIRECTION ( 'NONE',  ( 0.000000000000000000, -0.000000000000000000, 1.000000000000000000 ) ) ;
#5820 = CARTESIAN_POINT ( 'NONE',  ( 26.49999999999999289, 12.24999999999999822, -5.500000000000000000 ) ) ;
#5821 = DIRECTION ( 'NONE',  ( -0.000000000000000000, -0.000000000000000000, -1.000000000000000000 ) ) ;
#5822 = CIRCLE ( 'NONE', #1378, 2.999999999999999112 ) ;
#5823 = EDGE_LOOP ( 'NONE', ( #4088, #1364, #96, #5208 ) ) ;
#5824 = EDGE_CURVE ( 'NONE', #1978, #3966, #5232, .T. ) ;
#5825 = CARTESIAN_POINT ( 'NONE',  ( 30.00000000000000000, 13.24999999999998579, 37.65000000000000568 ) ) ;
#5826 = VERTEX_POINT ( 'NONE', #1201 ) ;
#5827 = CARTESIAN_POINT ( 'NONE',  ( 30.00000000000000000, 9.249999999999984013, 17.64999999999999858 ) ) ;
#5828 = DIRECTION ( 'NONE',  ( 0.000000000000000000, 0.000000000000000000, 1.000000000000000000 ) ) ;
#5829 = EDGE_CURVE ( 'NONE', #921, #405, #5735, .T. ) ;
#5830 = DIRECTION ( 'NONE',  ( -2.312964634635742957E-16, -1.000000000000000000, -0.000000000000000000 ) ) ;
#5831 = VECTOR ( 'NONE', #660, 1000.000000000000000 ) ;
#5832 = ORIENTED_EDGE ( 'NONE', *, *, #3781, .F. ) ;
#5833 = EDGE_CURVE ( 'NONE', #2683, #2244, #5201, .T. ) ;
#5834 = LINE ( 'NONE', #155, #1445 ) ;
#5835 = ORIENTED_EDGE ( 'NONE', *, *, #737, .F. ) ;
#5836 = ORIENTED_EDGE ( 'NONE', *, *, #2791, .F. ) ;
#5837 = DIRECTION ( 'NONE',  ( 1.000000000000000000, 0.000000000000000000, 0.000000000000000000 ) ) ;
#5838 = ADVANCED_FACE ( 'NONE', ( #2876 ), #2080, .T. ) ;
#5839 = CC_DESIGN_DATE_AND_TIME_ASSIGNMENT ( #815, #4482, ( #2877 ) ) ;
#5840 = DIRECTION ( 'NONE',  ( 1.000000000000000000, -2.303929616531696922E-16, 0.000000000000000000 ) ) ;
#5841 = LINE ( 'NONE', #3909, #4692 ) ;
#5842 = ORIENTED_EDGE ( 'NONE', *, *, #4858, .T. ) ;
#5843 = DIRECTION ( 'NONE',  ( 0.000000000000000000, 0.000000000000000000, -1.000000000000000000 ) ) ;
#5844 = VERTEX_POINT ( 'NONE', #2928 ) ;
#5845 = CARTESIAN_POINT ( 'NONE',  ( 33.49999999999999289, 33.75000000000001421, -2.400000000000001688 ) ) ;
#5846 = AXIS2_PLACEMENT_3D ( 'NONE', #1589, #3387, #2796 ) ;
#5847 = SHAPE_DEFINITION_REPRESENTATION ( #485, #3902 ) ;
#5848 = DIRECTION ( 'NONE',  ( 1.000000000000000000, 0.000000000000000000, 0.000000000000000000 ) ) ;
#5849 = ORIENTED_EDGE ( 'NONE', *, *, #5173, .T. ) ;
#5850 = DIRECTION ( 'NONE',  ( -0.000000000000000000, -0.000000000000000000, -1.000000000000000000 ) ) ;
#5851 = CIRCLE ( 'NONE', #191, 3.499999999999992895 ) ;
#5852 = EDGE_CURVE ( 'NONE', #5681, #2720, #4341, .T. ) ;
#5853 = DIRECTION ( 'NONE',  ( -0.000000000000000000, -0.000000000000000000, 1.000000000000000000 ) ) ;
#5854 = LINE ( 'NONE', #557, #2559 ) ;
ENDSEC;
END-ISO-10303-21;
