ISO-10303-21;
HEADER;
FILE_DESCRIPTION (( 'STEP AP203' ),
    '1' );
FILE_NAME ('Æ½ÍÆµç»ú¹Ì¶¨°å35µç»ú.STEP',
    '2026-05-08T04:05:39',
    ( '' ),
    ( '' ),
    'SwSTEP 2.0',
    'SolidWorks 2025',
    '' );
FILE_SCHEMA (( 'CONFIG_CONTROL_DESIGN' ));
ENDSEC;

DATA;
#1 = VECTOR ( 'NONE', #778, 1000.000000000000000 ) ;
#2 = CARTESIAN_POINT ( 'NONE',  ( -17.49999999999999645, -10.00000000000000000, 20.99999999999999645 ) ) ;
#3 = EDGE_CURVE ( 'NONE', #1680, #1054, #126, .T. ) ;
#4 = CIRCLE ( 'NONE', #1535, 2.999999999999999112 ) ;
#5 =( NAMED_UNIT ( * ) SI_UNIT ( $, .STERADIAN. ) SOLID_ANGLE_UNIT ( ) );
#6 = VERTEX_POINT ( 'NONE', #521 ) ;
#7 = DIRECTION ( 'NONE',  ( -0.000000000000000000, -0.000000000000000000, -1.000000000000000000 ) ) ;
#8 = AXIS2_PLACEMENT_3D ( 'NONE', #1476, #943, #96 ) ;
#9 = CIRCLE ( 'NONE', #1998, 1.500000000000004885 ) ;
#10 = CYLINDRICAL_SURFACE ( 'NONE', #1287, 1.499999999999999556 ) ;
#11 = AXIS2_PLACEMENT_3D ( 'NONE', #2029, #173, #576 ) ;
#12 = VERTEX_POINT ( 'NONE', #1341 ) ;
#13 = CYLINDRICAL_SURFACE ( 'NONE', #292, 2.999999999999999112 ) ;
#14 = VECTOR ( 'NONE', #388, 1000.000000000000000 ) ;
#15 = ORIENTED_EDGE ( 'NONE', *, *, #1950, .F. ) ;
#16 = CARTESIAN_POINT ( 'NONE',  ( 2.964800122578542891E-15, -23.50000000000000000, 22.99999999999999645 ) ) ;
#17 = EDGE_CURVE ( 'NONE', #2043, #1096, #1566, .T. ) ;
#18 = FACE_OUTER_BOUND ( 'NONE', #1912, .T. ) ;
#19 = CARTESIAN_POINT ( 'NONE',  ( -27.30000000000000426, -29.00000000000000000, -11.49999999999999467 ) ) ;
#20 = ORIENTED_EDGE ( 'NONE', *, *, #135, .T. ) ;
#21 = CYLINDRICAL_SURFACE ( 'NONE', #656, 2.499999999999998668 ) ;
#22 = LINE ( 'NONE', #1848, #2040 ) ;
#23 = ORIENTED_EDGE ( 'NONE', *, *, #776, .F. ) ;
#24 = CARTESIAN_POINT ( 'NONE',  ( -30.00000000000000000, -20.00000000000000000, 20.99999999999999645 ) ) ;
#25 = ORIENTED_EDGE ( 'NONE', *, *, #343, .T. ) ;
#26 = DIRECTION ( 'NONE',  ( -0.000000000000000000, 0.000000000000000000, 1.000000000000000000 ) ) ;
#27 = CARTESIAN_POINT ( 'NONE',  ( -15.00000000000000000, -20.00000000000000000, 20.99999999999999645 ) ) ;
#28 = CARTESIAN_POINT ( 'NONE',  ( -31.59999999999998366, 0.000000000000000000, -8.500000000000003553 ) ) ;
#29 = CALENDAR_DATE ( 2026, 8, 5 ) ;
#30 = ORIENTED_EDGE ( 'NONE', *, *, #634, .F. ) ;
#31 = CARTESIAN_POINT ( 'NONE',  ( 31.60000000000002274, 5.000000000000000000, -6.999999999999999112 ) ) ;
#32 = DIRECTION ( 'NONE',  ( -0.000000000000000000, -1.000000000000000000, -0.000000000000000000 ) ) ;
#33 = ORIENTED_EDGE ( 'NONE', *, *, #1140, .T. ) ;
#34 = FACE_BOUND ( 'NONE', #1794, .T. ) ;
#35 = EDGE_CURVE ( 'NONE', #686, #1604, #1962, .T. ) ;
#36 = CARTESIAN_POINT ( 'NONE',  ( -24.30000000000000071, 1.500000000000000000, -20.00000000000000355 ) ) ;
#37 = DIRECTION ( 'NONE',  ( -0.000000000000000000, 0.000000000000000000, 1.000000000000000000 ) ) ;
#38 = VECTOR ( 'NONE', #507, 1000.000000000000000 ) ;
#39 = EDGE_CURVE ( 'NONE', #89, #1722, #1494, .T. ) ;
#40 = ORIENTED_EDGE ( 'NONE', *, *, #1297, .T. ) ;
#41 = VECTOR ( 'NONE', #207, 1000.000000000000000 ) ;
#42 = CYLINDRICAL_SURFACE ( 'NONE', #1822, 1.000000000000000888 ) ;
#43 = VECTOR ( 'NONE', #46, 1000.000000000000000 ) ;
#44 = PLANE ( 'NONE',  #1682 ) ;
#45 = VERTEX_POINT ( 'NONE', #1528 ) ;
#46 = DIRECTION ( 'NONE',  ( -1.000000000000000000, 0.000000000000000000, -0.000000000000000000 ) ) ;
#47 = VECTOR ( 'NONE', #1435, 1000.000000000000000 ) ;
#48 =( GEOMETRIC_REPRESENTATION_CONTEXT ( 3 ) GLOBAL_UNCERTAINTY_ASSIGNED_CONTEXT ( ( #1666 ) ) GLOBAL_UNIT_ASSIGNED_CONTEXT ( ( #533, #2020, #5 ) ) REPRESENTATION_CONTEXT ( 'NONE', 'WORKASPACE' ) );
#49 = AXIS2_PLACEMENT_3D ( 'NONE', #1629, #1442, #84 ) ;
#50 = ORIENTED_EDGE ( 'NONE', *, *, #845, .T. ) ;
#51 = ADVANCED_FACE ( 'NONE', ( #329 ), #2175, .F. ) ;
#52 = CIRCLE ( 'NONE', #49, 2.000000000000001776 ) ;
#53 = DIRECTION ( 'NONE',  ( -1.000000000000000000, -0.000000000000000000, -1.156482317317871478E-16 ) ) ;
#54 = VECTOR ( 'NONE', #1888, 1000.000000000000000 ) ;
#55 = PERSON_AND_ORGANIZATION_ROLE ( 'classification_officer' ) ;
#56 = ORIENTED_EDGE ( 'NONE', *, *, #494, .T. ) ;
#57 = DIRECTION ( 'NONE',  ( 1.000000000000000000, 0.000000000000000000, 0.000000000000000000 ) ) ;
#58 = DIRECTION ( 'NONE',  ( 1.000000000000000000, 0.000000000000000000, -0.000000000000000000 ) ) ;
#59 = ORIENTED_EDGE ( 'NONE', *, *, #2173, .T. ) ;
#60 = PLANE ( 'NONE',  #616 ) ;
#61 = ADVANCED_FACE ( 'NONE', ( #483 ), #1017, .T. ) ;
#62 = ORIENTED_EDGE ( 'NONE', *, *, #574, .F. ) ;
#63 = PRODUCT_RELATED_PRODUCT_CATEGORY ( 'detail', '', ( #1459 ) ) ;
#64 = VERTEX_POINT ( 'NONE', #1842 ) ;
#65 = CARTESIAN_POINT ( 'NONE',  ( 32.49999999999998579, 0.000000000000000000, -20.00000000000000355 ) ) ;
#66 = EDGE_CURVE ( 'NONE', #1143, #1599, #317, .T. ) ;
#67 = FACE_BOUND ( 'NONE', #2136, .T. ) ;
#68 = VERTEX_POINT ( 'NONE', #1191 ) ;
#69 = FACE_BOUND ( 'NONE', #1550, .T. ) ;
#70 = EDGE_CURVE ( 'NONE', #2199, #1474, #1639, .T. ) ;
#71 = EDGE_LOOP ( 'NONE', ( #1236, #1158, #1875, #1349 ) ) ;
#72 = DIRECTION ( 'NONE',  ( -1.000000000000000000, -0.000000000000000000, -1.156482317317871478E-16 ) ) ;
#73 = DIRECTION ( 'NONE',  ( -1.000000000000000000, 0.000000000000000000, 0.000000000000000000 ) ) ;
#74 = EDGE_CURVE ( 'NONE', #45, #1278, #1309, .T. ) ;
#75 = DIRECTION ( 'NONE',  ( -0.000000000000000000, -0.000000000000000000, -1.000000000000000000 ) ) ;
#76 = VERTEX_POINT ( 'NONE', #2118 ) ;
#77 = DIRECTION ( 'NONE',  ( 0.000000000000000000, 1.000000000000000000, -0.000000000000000000 ) ) ;
#78 = AXIS2_PLACEMENT_3D ( 'NONE', #1719, #1885, #490 ) ;
#79 = ORIENTED_EDGE ( 'NONE', *, *, #1187, .F. ) ;
#80 = CYLINDRICAL_SURFACE ( 'NONE', #1714, 2.999999999999999112 ) ;
#81 = CIRCLE ( 'NONE', #189, 1.499999999999997780 ) ;
#82 = DIRECTION ( 'NONE',  ( 0.000000000000000000, 0.000000000000000000, 1.000000000000000000 ) ) ;
#83 = CIRCLE ( 'NONE', #1223, 2.999999999999999112 ) ;
#84 = DIRECTION ( 'NONE',  ( -1.000000000000000000, 0.000000000000000000, 0.000000000000000000 ) ) ;
#85 = AXIS2_PLACEMENT_3D ( 'NONE', #132, #998, #262 ) ;
#86 = EDGE_CURVE ( 'NONE', #1417, #68, #1178, .T. ) ;
#87 = DIRECTION ( 'NONE',  ( 0.000000000000000000, 0.000000000000000000, -1.000000000000000000 ) ) ;
#88 = CARTESIAN_POINT ( 'NONE',  ( 2.964800122578542891E-15, -23.50000000000000000, 19.99999999999999645 ) ) ;
#89 = VERTEX_POINT ( 'NONE', #1221 ) ;
#90 = LINE ( 'NONE', #98, #1151 ) ;
#91 = ORIENTED_EDGE ( 'NONE', *, *, #707, .F. ) ;
#92 = CARTESIAN_POINT ( 'NONE',  ( 32.49999999999998579, 4.872983346207416133, 19.99999999999999645 ) ) ;
#93 = DIRECTION ( 'NONE',  ( -0.000000000000000000, 1.000000000000000000, -0.000000000000000000 ) ) ;
#94 = CARTESIAN_POINT ( 'NONE',  ( -27.30000000000000426, 0.000000000000000000, -20.00000000000000355 ) ) ;
#95 = ADVANCED_FACE ( 'NONE', ( #1112 ), #80, .T. ) ;
#96 = DIRECTION ( 'NONE',  ( 0.000000000000000000, 0.000000000000000000, -1.000000000000000000 ) ) ;
#97 = ORIENTED_EDGE ( 'NONE', *, *, #135, .F. ) ;
#98 = CARTESIAN_POINT ( 'NONE',  ( -31.00000000000000000, -10.00000000000000000, 22.99999999999999645 ) ) ;
#99 = ORIENTED_EDGE ( 'NONE', *, *, #975, .T. ) ;
#100 = CARTESIAN_POINT ( 'NONE',  ( -35.50000000000000711, 0.000000000000000000, -0.000000000000000000 ) ) ;
#101 = EDGE_CURVE ( 'NONE', #2030, #199, #501, .T. ) ;
#102 = ORIENTED_EDGE ( 'NONE', *, *, #1316, .F. ) ;
#103 = ADVANCED_FACE ( 'NONE', ( #886 ), #1449, .F. ) ;
#104 = CYLINDRICAL_SURFACE ( 'NONE', #805, 1.500000000000004885 ) ;
#105 = EDGE_LOOP ( 'NONE', ( #1976, #50, #138, #334 ) ) ;
#106 = CARTESIAN_POINT ( 'NONE',  ( -27.30000000000000426, -2.999999999999998224, 13.00000000000000888 ) ) ;
#107 = VERTEX_POINT ( 'NONE', #1955 ) ;
#108 = DIRECTION ( 'NONE',  ( 0.000000000000000000, 0.000000000000000000, 1.000000000000000000 ) ) ;
#109 = AXIS2_PLACEMENT_3D ( 'NONE', #710, #1010, #538 ) ;
#110 = EDGE_CURVE ( 'NONE', #1812, #1083, #610, .T. ) ;
#111 = EDGE_CURVE ( 'NONE', #869, #1628, #1774, .T. ) ;
#112 = ORIENTED_EDGE ( 'NONE', *, *, #1482, .T. ) ;
#113 = CIRCLE ( 'NONE', #1931, 4.000000000000000000 ) ;
#114 = AXIS2_PLACEMENT_3D ( 'NONE', #278, #641, #1159 ) ;
#115 = CIRCLE ( 'NONE', #1154, 2.999999999999999112 ) ;
#116 = CYLINDRICAL_SURFACE ( 'NONE', #2072, 2.999999999999999112 ) ;
#117 = CARTESIAN_POINT ( 'NONE',  ( -5.000000000000000888, -20.50000000000000000, 19.99999999999999645 ) ) ;
#118 = CIRCLE ( 'NONE', #918, 2.000000000000001776 ) ;
#119 = ORIENTED_EDGE ( 'NONE', *, *, #287, .T. ) ;
#120 = DIRECTION ( 'NONE',  ( 1.000000000000000000, 0.000000000000000000, 0.000000000000000000 ) ) ;
#121 = ORIENTED_EDGE ( 'NONE', *, *, #101, .F. ) ;
#122 = CARTESIAN_POINT ( 'NONE',  ( -8.000000000000000000, -23.50000000000000000, 19.99999999999999645 ) ) ;
#123 = ADVANCED_FACE ( 'NONE', ( #363, #1377, #2126 ), #950, .F. ) ;
#124 = EDGE_LOOP ( 'NONE', ( #1177, #1523, #1013, #1389 ) ) ;
#125 = DIRECTION ( 'NONE',  ( 0.000000000000000000, 0.000000000000000000, -1.000000000000000000 ) ) ;
#126 = LINE ( 'NONE', #1692, #1674 ) ;
#127 = CARTESIAN_POINT ( 'NONE',  ( -24.30000000000000426, -2.500000000000000000, 15.99999999999999645 ) ) ;
#128 = FACE_BOUND ( 'NONE', #1162, .T. ) ;
#129 = VERTEX_POINT ( 'NONE', #873 ) ;
#130 = DIRECTION ( 'NONE',  ( -0.000000000000000000, 0.000000000000000000, 1.000000000000000000 ) ) ;
#131 = ADVANCED_FACE ( 'NONE', ( #18 ), #2051, .T. ) ;
#132 = CARTESIAN_POINT ( 'NONE',  ( -32.50000000000000000, 5.000000000000000000, -17.00000000000000355 ) ) ;
#133 = ORIENTED_EDGE ( 'NONE', *, *, #955, .F. ) ;
#134 = DIRECTION ( 'NONE',  ( -0.000000000000000000, 1.000000000000000000, -0.000000000000000000 ) ) ;
#135 = EDGE_CURVE ( 'NONE', #746, #64, #1889, .T. ) ;
#136 = DIRECTION ( 'NONE',  ( -1.000000000000000000, 0.000000000000000000, 0.000000000000000000 ) ) ;
#137 = CYLINDRICAL_SURFACE ( 'NONE', #1934, 2.999999999999999112 ) ;
#138 = ORIENTED_EDGE ( 'NONE', *, *, #1299, .T. ) ;
#139 = ADVANCED_FACE ( 'NONE', ( #197 ), #1555, .F. ) ;
#140 = CARTESIAN_POINT ( 'NONE',  ( -17.49999999999999645, -20.00000000000000000, 20.99999999999999645 ) ) ;
#141 = DIRECTION ( 'NONE',  ( -1.000000000000000000, 0.000000000000000000, 0.000000000000000000 ) ) ;
#142 = ORIENTED_EDGE ( 'NONE', *, *, #845, .F. ) ;
#143 = CARTESIAN_POINT ( 'NONE',  ( 0.000000000000000000, 5.000000000000000000, -20.00000000000000355 ) ) ;
#144 = AXIS2_PLACEMENT_3D ( 'NONE', #1654, #1839, #812 ) ;
#145 = DIRECTION ( 'NONE',  ( 0.000000000000000000, 0.000000000000000000, 1.000000000000000000 ) ) ;
#146 = EDGE_CURVE ( 'NONE', #76, #2199, #250, .T. ) ;
#147 = DIRECTION ( 'NONE',  ( -0.000000000000000000, -0.000000000000000000, 1.000000000000000000 ) ) ;
#148 = VECTOR ( 'NONE', #643, 1000.000000000000000 ) ;
#149 = FACE_OUTER_BOUND ( 'NONE', #352, .T. ) ;
#150 = EDGE_CURVE ( 'NONE', #45, #1680, #401, .T. ) ;
#151 = VECTOR ( 'NONE', #347, 1000.000000000000000 ) ;
#152 = DIRECTION ( 'NONE',  ( 1.000000000000000000, 0.000000000000000000, 0.000000000000000000 ) ) ;
#153 = EDGE_LOOP ( 'NONE', ( #2149, #916, #56, #629 ) ) ;
#154 = LINE ( 'NONE', #841, #1288 ) ;
#155 = AXIS2_PLACEMENT_3D ( 'NONE', #1485, #646, #941 ) ;
#156 = VECTOR ( 'NONE', #1199, 1000.000000000000000 ) ;
#157 = CARTESIAN_POINT ( 'NONE',  ( 0.000000000000000000, -36.00000000000000000, 0.000000000000000000 ) ) ;
#158 = EDGE_LOOP ( 'NONE', ( #1802, #877, #25, #1864 ) ) ;
#159 = CARTESIAN_POINT ( 'NONE',  ( -24.30000000000000426, -36.00000000000000000, -2.107689023311821409E-15 ) ) ;
#160 = ORIENTED_EDGE ( 'NONE', *, *, #74, .F. ) ;
#161 = CARTESIAN_POINT ( 'NONE',  ( -27.30000000000000426, -32.99999999999999289, 16.99999999999999645 ) ) ;
#162 = CARTESIAN_POINT ( 'NONE',  ( -8.000000000000000000, -20.50000000000000000, 22.99999999999999645 ) ) ;
#163 = DIRECTION ( 'NONE',  ( -1.000000000000000000, -0.000000000000000000, -1.156482317317871478E-16 ) ) ;
#164 = COORDINATED_UNIVERSAL_TIME_OFFSET ( 8, 0, .AHEAD. ) ;
#165 = ORIENTED_EDGE ( 'NONE', *, *, #1315, .T. ) ;
#166 = CARTESIAN_POINT ( 'NONE',  ( 2.699999999999993960, -29.00000000000000000, -12.99999999999999112 ) ) ;
#167 = CARTESIAN_POINT ( 'NONE',  ( -24.30000000000000426, -15.99999999999999645, -12.00000000000000178 ) ) ;
#168 = ORIENTED_EDGE ( 'NONE', *, *, #1986, .T. ) ;
#169 = FACE_OUTER_BOUND ( 'NONE', #1270, .T. ) ;
#170 = ORIENTED_EDGE ( 'NONE', *, *, #436, .F. ) ;
#171 = DIRECTION ( 'NONE',  ( 0.000000000000000000, 0.000000000000000000, 1.000000000000000000 ) ) ;
#172 = CARTESIAN_POINT ( 'NONE',  ( 34.73606797749977915, 5.000000000000000000, 18.99999999999999645 ) ) ;
#173 = DIRECTION ( 'NONE',  ( -0.000000000000000000, -0.000000000000000000, -1.000000000000000000 ) ) ;
#174 = DIRECTION ( 'NONE',  ( 0.000000000000000000, -0.000000000000000000, -1.000000000000000000 ) ) ;
#175 = EDGE_LOOP ( 'NONE', ( #451, #1401, #1981, #313, #2015, #711 ) ) ;
#176 = DIRECTION ( 'NONE',  ( -1.000000000000000000, 0.000000000000000000, -0.000000000000000000 ) ) ;
#177 = EDGE_CURVE ( 'NONE', #926, #12, #1062, .T. ) ;
#178 = FACE_OUTER_BOUND ( 'NONE', #158, .T. ) ;
#179 = ORIENTED_EDGE ( 'NONE', *, *, #806, .F. ) ;
#180 = CARTESIAN_POINT ( 'NONE',  ( -24.30000000000000426, -32.99999999999999289, -17.00000000000000355 ) ) ;
#181 = VERTEX_POINT ( 'NONE', #894 ) ;
#182 = EDGE_CURVE ( 'NONE', #1881, #1529, #1964, .T. ) ;
#183 = CARTESIAN_POINT ( 'NONE',  ( -31.59999999999998366, 0.000000000000000000, -13.49999999999999822 ) ) ;
#184 = CARTESIAN_POINT ( 'NONE',  ( -24.30000000000000426, -29.00000000000000000, 13.00000000000000533 ) ) ;
#185 = AXIS2_PLACEMENT_3D ( 'NONE', #307, #1282, #1984 ) ;
#186 = ORIENTED_EDGE ( 'NONE', *, *, #1293, .F. ) ;
#187 = FACE_OUTER_BOUND ( 'NONE', #1445, .T. ) ;
#188 = VECTOR ( 'NONE', #369, 1000.000000000000000 ) ;
#189 = AXIS2_PLACEMENT_3D ( 'NONE', #106, #2169, #1990 ) ;
#190 = CARTESIAN_POINT ( 'NONE',  ( -13.99999999999999822, -20.00000000000000000, 22.99999999999999645 ) ) ;
#191 = LOCAL_TIME ( 12, 5, 39.00000000000000000, #1053 ) ;
#192 = CIRCLE ( 'NONE', #409, 1.000000000000004441 ) ;
#193 = VERTEX_POINT ( 'NONE', #122 ) ;
#194 = LINE ( 'NONE', #866, #1321 ) ;
#195 = EDGE_LOOP ( 'NONE', ( #668, #1491, #384, #666 ) ) ;
#196 = CARTESIAN_POINT ( 'NONE',  ( -24.30000000000000071, -32.99999999999999289, -20.00000000000000355 ) ) ;
#197 = FACE_OUTER_BOUND ( 'NONE', #310, .T. ) ;
#198 = DATE_TIME_ROLE ( 'classification_date' ) ;
#199 = VERTEX_POINT ( 'NONE', #2006 ) ;
#200 = LINE ( 'NONE', #65, #2033 ) ;
#201 = CARTESIAN_POINT ( 'NONE',  ( 32.49999999999998579, 4.872983346207416133, 19.99999999999999645 ) ) ;
#202 = VERTEX_POINT ( 'NONE', #1665 ) ;
#203 = CARTESIAN_POINT ( 'NONE',  ( -27.30000000000000426, -32.99999999999999289, -20.00000000000000355 ) ) ;
#204 = ORIENTED_EDGE ( 'NONE', *, *, #1413, .F. ) ;
#205 = EDGE_CURVE ( 'NONE', #1849, #817, #1492, .T. ) ;
#206 = CARTESIAN_POINT ( 'NONE',  ( -15.00000000000000000, -10.00000000000000000, 19.99999999999999645 ) ) ;
#207 = DIRECTION ( 'NONE',  ( -1.000000000000000000, -1.261617073437677752E-16, 0.000000000000000000 ) ) ;
#208 = VERTEX_POINT ( 'NONE', #1133 ) ;
#209 = DIRECTION ( 'NONE',  ( 0.000000000000000000, 0.000000000000000000, -1.000000000000000000 ) ) ;
#210 = EDGE_CURVE ( 'NONE', #2060, #926, #439, .T. ) ;
#211 = CARTESIAN_POINT ( 'NONE',  ( -24.30000000000000426, -29.00000000000000000, 13.00000000000000533 ) ) ;
#212 = ORIENTED_EDGE ( 'NONE', *, *, #1113, .F. ) ;
#213 = DIRECTION ( 'NONE',  ( -0.000000000000000000, -1.000000000000000000, 0.000000000000000000 ) ) ;
#214 = ORIENTED_EDGE ( 'NONE', *, *, #1326, .F. ) ;
#215 = DIRECTION ( 'NONE',  ( -1.000000000000000000, -0.000000000000000000, -1.156482317317871478E-16 ) ) ;
#216 = AXIS2_PLACEMENT_3D ( 'NONE', #184, #429, #1726 ) ;
#217 = EDGE_CURVE ( 'NONE', #1307, #2181, #830, .T. ) ;
#218 = ORIENTED_EDGE ( 'NONE', *, *, #465, .F. ) ;
#219 = CARTESIAN_POINT ( 'NONE',  ( -5.000000000000000888, 1.000000000000000000, 18.99999999999999645 ) ) ;
#220 = ADVANCED_FACE ( 'NONE', ( #993 ), #1325, .F. ) ;
#221 = VECTOR ( 'NONE', #1805, 1000.000000000000000 ) ;
#222 = CARTESIAN_POINT ( 'NONE',  ( 31.60000000000002274, 0.000000000000000000, -16.50000000000000000 ) ) ;
#223 = EDGE_LOOP ( 'NONE', ( #2101, #2053 ) ) ;
#224 = LINE ( 'NONE', #1928, #43 ) ;
#225 = CIRCLE ( 'NONE', #467, 1.500000000000003997 ) ;
#226 = CIRCLE ( 'NONE', #1967, 1.500000000000004885 ) ;
#227 = CC_DESIGN_APPROVAL ( #422, ( #370 ) ) ;
#228 = VECTOR ( 'NONE', #1630, 1000.000000000000000 ) ;
#229 = ORIENTED_EDGE ( 'NONE', *, *, #177, .F. ) ;
#230 = AXIS2_PLACEMENT_3D ( 'NONE', #1879, #26, #1574 ) ;
#231 = LINE ( 'NONE', #2073, #2184 ) ;
#232 = CIRCLE ( 'NONE', #625, 1.499999999999999556 ) ;
#233 = EDGE_CURVE ( 'NONE', #107, #1290, #2065, .T. ) ;
#234 = DATE_AND_TIME ( #749, #982 ) ;
#235 = ORIENTED_EDGE ( 'NONE', *, *, #621, .T. ) ;
#236 = DIRECTION ( 'NONE',  ( -1.000000000000000000, 0.000000000000000000, 0.000000000000000000 ) ) ;
#237 = DIRECTION ( 'NONE',  ( -0.000000000000000000, -0.000000000000000000, -1.000000000000000000 ) ) ;
#238 = ORIENTED_EDGE ( 'NONE', *, *, #1750, .T. ) ;
#239 = EDGE_CURVE ( 'NONE', #1812, #598, #291, .T. ) ;
#240 = FACE_BOUND ( 'NONE', #2000, .T. ) ;
#241 = ORIENTED_EDGE ( 'NONE', *, *, #2196, .F. ) ;
#242 = CARTESIAN_POINT ( 'NONE',  ( -5.000000000000000888, -2.500000000000000000, 19.99999999999999645 ) ) ;
#243 = EDGE_CURVE ( 'NONE', #869, #1134, #1531, .T. ) ;
#244 = EDGE_LOOP ( 'NONE', ( #1127, #1824, #1702, #1661 ) ) ;
#245 = LINE ( 'NONE', #931, #1791 ) ;
#246 = FACE_BOUND ( 'NONE', #2161, .T. ) ;
#247 = ORIENTED_EDGE ( 'NONE', *, *, #806, .T. ) ;
#248 = FACE_BOUND ( 'NONE', #459, .T. ) ;
#249 = ORIENTED_EDGE ( 'NONE', *, *, #513, .T. ) ;
#250 = LINE ( 'NONE', #938, #1677 ) ;
#251 = EDGE_CURVE ( 'NONE', #472, #1909, #1481, .T. ) ;
#252 = LINE ( 'NONE', #412, #1507 ) ;
#253 = CARTESIAN_POINT ( 'NONE',  ( -24.30000000000000426, -29.00000000000000000, -12.99999999999999467 ) ) ;
#254 = CLOSED_SHELL ( 'NONE', ( #103, #853, #1638, #51, #2045, #299, #1844, #794, #2086, #1798, #2157, #1135, #1397, #1948, #1202, #748, #971, #502, #1717, #1160, #1735, #604, #553, #220, #716, #1941, #1362, #1071, #1358, #596, #1991, #1800, #1194, #1727, #669, #272, #1264, #607, #942, #1790, #1827, #95, #456, #397, #1085, #2027, #2208, #123, #540, #1919, #581, #1585, #2142, #756, #2018, #771, #1242, #1766, #139, #351, #2107, #631, #131, #647, #61 ) ) ;
#255 = DIRECTION ( 'NONE',  ( 0.000000000000000000, 0.000000000000000000, 1.000000000000000000 ) ) ;
#256 = ORIENTED_EDGE ( 'NONE', *, *, #1228, .F. ) ;
#257 = DIRECTION ( 'NONE',  ( 1.000000000000000000, 0.000000000000000000, 8.673617379884035472E-17 ) ) ;
#258 = AXIS2_PLACEMENT_3D ( 'NONE', #1595, #1406, #385 ) ;
#259 = VERTEX_POINT ( 'NONE', #960 ) ;
#260 = CARTESIAN_POINT ( 'NONE',  ( 2.699999999999993960, -2.999999999999998224, 11.50000000000001421 ) ) ;
#261 = AXIS2_PLACEMENT_3D ( 'NONE', #785, #1961, #1147 ) ;
#262 = DIRECTION ( 'NONE',  ( 0.000000000000000000, 0.000000000000000000, 1.000000000000000000 ) ) ;
#263 = AXIS2_PLACEMENT_3D ( 'NONE', #127, #815, #1799 ) ;
#264 = AXIS2_PLACEMENT_3D ( 'NONE', #1105, #611, #1775 ) ;
#265 = CYLINDRICAL_SURFACE ( 'NONE', #801, 1.500000000000004885 ) ;
#266 = DIRECTION ( 'NONE',  ( -1.000000000000000000, 0.000000000000000000, 0.000000000000000000 ) ) ;
#267 = ORIENTED_EDGE ( 'NONE', *, *, #1620, .F. ) ;
#268 = FACE_OUTER_BOUND ( 'NONE', #892, .T. ) ;
#269 = ORIENTED_EDGE ( 'NONE', *, *, #1244, .F. ) ;
#270 = LINE ( 'NONE', #100, #221 ) ;
#271 = ORIENTED_EDGE ( 'NONE', *, *, #1635, .T. ) ;
#272 = ADVANCED_FACE ( 'NONE', ( #1153 ), #1975, .F. ) ;
#273 = EDGE_CURVE ( 'NONE', #1599, #1278, #448, .T. ) ;
#274 = ORIENTED_EDGE ( 'NONE', *, *, #1806, .F. ) ;
#275 = DIRECTION ( 'NONE',  ( -0.000000000000000000, -1.000000000000000000, -0.000000000000000000 ) ) ;
#276 = CYLINDRICAL_SURFACE ( 'NONE', #1572, 2.999999999999999112 ) ;
#277 = VERTEX_POINT ( 'NONE', #1797 ) ;
#278 = CARTESIAN_POINT ( 'NONE',  ( 0.000000000000000000, 5.000000000000000000, -20.00000000000000355 ) ) ;
#279 = EDGE_CURVE ( 'NONE', #1636, #6, #270, .T. ) ;
#280 = ORIENTED_EDGE ( 'NONE', *, *, #1859, .F. ) ;
#281 = DIRECTION ( 'NONE',  ( 0.000000000000000000, 1.000000000000000000, 0.000000000000000000 ) ) ;
#282 = ORIENTED_EDGE ( 'NONE', *, *, #279, .T. ) ;
#283 = CARTESIAN_POINT ( 'NONE',  ( 27.49999999999999289, 0.000000000000000000, 19.99999999999999645 ) ) ;
#284 = DIRECTION ( 'NONE',  ( 0.000000000000000000, 0.000000000000000000, -1.000000000000000000 ) ) ;
#285 = ORIENTED_EDGE ( 'NONE', *, *, #1619, .T. ) ;
#286 = DIRECTION ( 'NONE',  ( 0.000000000000000000, 0.000000000000000000, 1.000000000000000000 ) ) ;
#287 = EDGE_CURVE ( 'NONE', #896, #1916, #1314, .T. ) ;
#288 = AXIS2_PLACEMENT_3D ( 'NONE', #1880, #37, #1040 ) ;
#289 = ORIENTED_EDGE ( 'NONE', *, *, #920, .T. ) ;
#290 = DIRECTION ( 'NONE',  ( -1.000000000000000000, 0.000000000000000000, -1.156482317317871478E-16 ) ) ;
#291 = CIRCLE ( 'NONE', #144, 1.000000000000000888 ) ;
#292 = AXIS2_PLACEMENT_3D ( 'NONE', #1026, #1709, #1895 ) ;
#293 = EDGE_LOOP ( 'NONE', ( #534, #1002, #1198, #999 ) ) ;
#294 = AXIS2_PLACEMENT_3D ( 'NONE', #2121, #1980, #1466 ) ;
#295 = VECTOR ( 'NONE', #1681, 1000.000000000000000 ) ;
#296 = CARTESIAN_POINT ( 'NONE',  ( -27.30000000000000426, -36.00000000000000000, -20.00000000000000355 ) ) ;
#297 = CIRCLE ( 'NONE', #1723, 1.000000000000000888 ) ;
#298 = CARTESIAN_POINT ( 'NONE',  ( -32.50000000000000000, 4.872983346207416133, 19.99999999999999645 ) ) ;
#299 = ADVANCED_FACE ( 'NONE', ( #1504 ), #1000, .F. ) ;
#300 = AXIS2_PLACEMENT_3D ( 'NONE', #1502, #1663, #1767 ) ;
#301 = FACE_BOUND ( 'NONE', #491, .T. ) ;
#302 = ORIENTED_EDGE ( 'NONE', *, *, #1094, .F. ) ;
#303 = LINE ( 'NONE', #1312, #1641 ) ;
#304 = EDGE_CURVE ( 'NONE', #1134, #869, #1570, .T. ) ;
#305 = CARTESIAN_POINT ( 'NONE',  ( -31.59999999999998366, 5.000000000000000000, -16.50000000000000711 ) ) ;
#306 = VERTEX_POINT ( 'NONE', #800 ) ;
#307 = CARTESIAN_POINT ( 'NONE',  ( -24.30000000000000426, -2.999999999999998224, 13.00000000000000888 ) ) ;
#308 = EDGE_LOOP ( 'NONE', ( #753, #59, #949, #119, #802 ) ) ;
#309 = CARTESIAN_POINT ( 'NONE',  ( -17.49999999999999645, -10.00000000000000000, 19.99999999999999645 ) ) ;
#310 = EDGE_LOOP ( 'NONE', ( #214, #1058, #1229, #359 ) ) ;
#311 = CARTESIAN_POINT ( 'NONE',  ( -32.50000000000000000, 0.000000000000000000, -17.00000000000000355 ) ) ;
#312 = LINE ( 'NONE', #819, #1261 ) ;
#313 = ORIENTED_EDGE ( 'NONE', *, *, #1094, .T. ) ;
#314 = DIRECTION ( 'NONE',  ( 0.000000000000000000, 0.000000000000000000, 1.000000000000000000 ) ) ;
#315 = EDGE_CURVE ( 'NONE', #1134, #433, #454, .T. ) ;
#316 = DIRECTION ( 'NONE',  ( -0.000000000000000000, -1.000000000000000000, -0.000000000000000000 ) ) ;
#317 = LINE ( 'NONE', #837, #1853 ) ;
#318 = EDGE_CURVE ( 'NONE', #1474, #2199, #1500, .T. ) ;
#319 = DIRECTION ( 'NONE',  ( 0.000000000000000000, 0.000000000000000000, -1.000000000000000000 ) ) ;
#320 = ORIENTED_EDGE ( 'NONE', *, *, #790, .F. ) ;
#321 = DIRECTION ( 'NONE',  ( -1.000000000000000000, 0.000000000000000000, 0.000000000000000000 ) ) ;
#322 = DIRECTION ( 'NONE',  ( -8.673617379884034239E-17, 0.000000000000000000, -1.000000000000000000 ) ) ;
#323 = EDGE_LOOP ( 'NONE', ( #249, #937 ) ) ;
#324 = DIRECTION ( 'NONE',  ( -0.000000000000000000, -1.000000000000000000, 0.000000000000000000 ) ) ;
#325 = ORIENTED_EDGE ( 'NONE', *, *, #380, .T. ) ;
#326 = AXIS2_PLACEMENT_3D ( 'NONE', #24, #1059, #341 ) ;
#327 = CARTESIAN_POINT ( 'NONE',  ( -24.30000000000000071, 1.500000000000000000, -20.00000000000000355 ) ) ;
#328 = VECTOR ( 'NONE', #791, 1000.000000000000000 ) ;
#329 = FACE_OUTER_BOUND ( 'NONE', #293, .T. ) ;
#330 = AXIS2_PLACEMENT_3D ( 'NONE', #1055, #416, #1760 ) ;
#331 = CARTESIAN_POINT ( 'NONE',  ( 2.699999999999993960, -2.999999999999998224, 13.00000000000001066 ) ) ;
#332 = AXIS2_PLACEMENT_3D ( 'NONE', #219, #911, #1581 ) ;
#333 = CARTESIAN_POINT ( 'NONE',  ( -31.59999999999998366, 5.000000000000000000, -15.00000000000000355 ) ) ;
#334 = ORIENTED_EDGE ( 'NONE', *, *, #2013, .F. ) ;
#335 = CARTESIAN_POINT ( 'NONE',  ( -32.92071426848045235, 4.878929472946821555, 19.97770998793023267 ) ) ;
#336 = AXIS2_PLACEMENT_3D ( 'NONE', #1072, #884, #1744 ) ;
#337 = CIRCLE ( 'NONE', #411, 2.000000000000001776 ) ;
#338 = EDGE_CURVE ( 'NONE', #1281, #1477, #870, .T. ) ;
#339 = PLANE ( 'NONE',  #1725 ) ;
#340 = VERTEX_POINT ( 'NONE', #667 ) ;
#341 = DIRECTION ( 'NONE',  ( -1.000000000000000000, 0.000000000000000000, 0.000000000000000000 ) ) ;
#342 = ORIENTED_EDGE ( 'NONE', *, *, #315, .F. ) ;
#343 = EDGE_CURVE ( 'NONE', #1909, #1904, #1687, .T. ) ;
#344 = CARTESIAN_POINT ( 'NONE',  ( -24.30000000000000426, -32.99999999999999289, 19.99999999999999645 ) ) ;
#345 = CARTESIAN_POINT ( 'NONE',  ( 27.49999999999998934, 1.500000000000000000, -20.00000000000000355 ) ) ;
#346 = ORIENTED_EDGE ( 'NONE', *, *, #2173, .F. ) ;
#347 = DIRECTION ( 'NONE',  ( -0.000000000000000000, -1.000000000000000000, -0.000000000000000000 ) ) ;
#348 = CARTESIAN_POINT ( 'NONE',  ( -24.30000000000000071, 1.500000000000000000, 19.99999999999999645 ) ) ;
#349 = ORIENTED_EDGE ( 'NONE', *, *, #612, .T. ) ;
#350 = DIRECTION ( 'NONE',  ( -0.000000000000000000, -0.000000000000000000, -1.000000000000000000 ) ) ;
#351 = ADVANCED_FACE ( 'NONE', ( #1338 ), #1383, .F. ) ;
#352 = EDGE_LOOP ( 'NONE', ( #1816, #636, #1303, #989 ) ) ;
#353 = CARTESIAN_POINT ( 'NONE',  ( 2.699999999999993960, -29.00000000000000000, -14.49999999999999112 ) ) ;
#354 = CARTESIAN_POINT ( 'NONE',  ( 32.92407665588986276, 4.879028354382823451, 19.97735040257473216 ) ) ;
#355 = FACE_OUTER_BOUND ( 'NONE', #910, .T. ) ;
#356 = ORIENTED_EDGE ( 'NONE', *, *, #39, .T. ) ;
#357 = DIRECTION ( 'NONE',  ( 0.000000000000000000, 1.000000000000000000, -0.000000000000000000 ) ) ;
#358 = PLANE ( 'NONE',  #1155 ) ;
#359 = ORIENTED_EDGE ( 'NONE', *, *, #1187, .T. ) ;
#360 = CARTESIAN_POINT ( 'NONE',  ( 2.699999999999992628, -15.99999999999999645, 12.00000000000000533 ) ) ;
#361 = VERTEX_POINT ( 'NONE', #1046 ) ;
#362 = DIRECTION ( 'NONE',  ( 0.000000000000000000, 0.000000000000000000, -1.000000000000000000 ) ) ;
#363 = FACE_BOUND ( 'NONE', #1498, .T. ) ;
#364 = PERSON_AND_ORGANIZATION ( #1385, #912 ) ;
#365 = ORIENTED_EDGE ( 'NONE', *, *, #1977, .T. ) ;
#366 = DIRECTION ( 'NONE',  ( 0.000000000000000000, 0.000000000000000000, -1.000000000000000000 ) ) ;
#367 = AXIS2_PLACEMENT_3D ( 'NONE', #1444, #284, #808 ) ;
#368 = AXIS2_PLACEMENT_3D ( 'NONE', #1120, #2150, #460 ) ;
#369 = DIRECTION ( 'NONE',  ( -0.000000000000000000, 1.000000000000000000, -0.000000000000000000 ) ) ;
#370 = PRODUCT_DEFINITION_FORMATION_WITH_SPECIFIED_SOURCE ( 'ä»', '', #1459, .NOT_KNOWN. ) ;
#371 = EDGE_CURVE ( 'NONE', #2017, #2209, #761, .T. ) ;
#372 = AXIS2_PLACEMENT_3D ( 'NONE', #1969, #970, #1949 ) ;
#373 = ORIENTED_EDGE ( 'NONE', *, *, #1756, .F. ) ;
#374 = DIRECTION ( 'NONE',  ( -1.000000000000000000, -0.000000000000000000, -1.156482317317871478E-16 ) ) ;
#375 = CIRCLE ( 'NONE', #1902, 2.999999999999999112 ) ;
#376 = VERTEX_POINT ( 'NONE', #500 ) ;
#377 = CARTESIAN_POINT ( 'NONE',  ( -27.30000000000000426, -29.00000000000000000, -14.49999999999999467 ) ) ;
#378 = CARTESIAN_POINT ( 'NONE',  ( 33.53480976710506667, 4.915249146133998437, 19.82365294582307413 ) ) ;
#379 = LINE ( 'NONE', #557, #948 ) ;
#380 = EDGE_CURVE ( 'NONE', #1686, #340, #1208, .T. ) ;
#381 = ORIENTED_EDGE ( 'NONE', *, *, #210, .T. ) ;
#382 = CARTESIAN_POINT ( 'NONE',  ( -34.73606797749979336, 5.000000000000000000, 18.99999999999999645 ) ) ;
#383 = FACE_OUTER_BOUND ( 'NONE', #153, .T. ) ;
#384 = ORIENTED_EDGE ( 'NONE', *, *, #1620, .T. ) ;
#385 = DIRECTION ( 'NONE',  ( 1.000000000000000000, 0.000000000000000000, 0.000000000000000000 ) ) ;
#386 = EDGE_LOOP ( 'NONE', ( #887, #974, #165, #959 ) ) ;
#387 = MANIFOLD_SOLID_BREP ( '\X2\570689d2\X0\3', #254 ) ;
#388 = DIRECTION ( 'NONE',  ( -0.000000000000000000, 1.000000000000000000, -0.000000000000000000 ) ) ;
#389 = EDGE_CURVE ( 'NONE', #1722, #1748, #1219, .T. ) ;
#390 = CC_DESIGN_DATE_AND_TIME_ASSIGNMENT ( #1235, #198, ( #657 ) ) ;
#391 = ORIENTED_EDGE ( 'NONE', *, *, #205, .T. ) ;
#392 = CARTESIAN_POINT ( 'NONE',  ( -13.99999999999999645, -10.00000000000000000, 22.99999999999999645 ) ) ;
#393 = CARTESIAN_POINT ( 'NONE',  ( -35.50000000000000711, 5.000000000000000000, 16.99999999999999645 ) ) ;
#394 = ORIENTED_EDGE ( 'NONE', *, *, #1272, .T. ) ;
#395 = FACE_BOUND ( 'NONE', #732, .T. ) ;
#396 = ORIENTED_EDGE ( 'NONE', *, *, #593, .T. ) ;
#397 = ADVANCED_FACE ( 'NONE', ( #1182 ), #855, .T. ) ;
#398 = CARTESIAN_POINT ( 'NONE',  ( 32.49999999999998579, 5.000000000000000000, -20.00000000000000355 ) ) ;
#399 = COORDINATED_UNIVERSAL_TIME_OFFSET ( 8, 0, .AHEAD. ) ;
#400 = ORIENTED_EDGE ( 'NONE', *, *, #479, .T. ) ;
#401 = CIRCLE ( 'NONE', #972, 2.999999999999999112 ) ;
#402 = CARTESIAN_POINT ( 'NONE',  ( -30.00000000000000000, -20.00000000000000000, 20.99999999999999645 ) ) ;
#403 = DIRECTION ( 'NONE',  ( -1.000000000000000000, -0.000000000000000000, -8.673617379884035472E-17 ) ) ;
#404 = VERTEX_POINT ( 'NONE', #1865 ) ;
#405 = FACE_BOUND ( 'NONE', #1352, .T. ) ;
#406 = CIRCLE ( 'NONE', #1644, 1.500000000000004885 ) ;
#407 = VECTOR ( 'NONE', #1715, 1000.000000000000000 ) ;
#408 = EDGE_CURVE ( 'NONE', #1281, #472, #1524, .T. ) ;
#409 = AXIS2_PLACEMENT_3D ( 'NONE', #813, #1657, #136 ) ;
#410 = ORIENTED_EDGE ( 'NONE', *, *, #1649, .F. ) ;
#411 = AXIS2_PLACEMENT_3D ( 'NONE', #1399, #712, #905 ) ;
#412 = CARTESIAN_POINT ( 'NONE',  ( 27.49999999999998934, 1.500000000000000000, -20.00000000000000355 ) ) ;
#413 = DIRECTION ( 'NONE',  ( 0.000000000000000000, 0.000000000000000000, 1.000000000000000000 ) ) ;
#414 = APPROVAL_STATUS ( 'not_yet_approved' ) ;
#415 = EDGE_LOOP ( 'NONE', ( #784, #410 ) ) ;
#416 = DIRECTION ( 'NONE',  ( -0.000000000000000000, -0.000000000000000000, 1.000000000000000000 ) ) ;
#417 = DIRECTION ( 'NONE',  ( -0.000000000000000000, -0.000000000000000000, -1.000000000000000000 ) ) ;
#418 = ORIENTED_EDGE ( 'NONE', *, *, #1521, .T. ) ;
#419 = CARTESIAN_POINT ( 'NONE',  ( -24.30000000000000426, -29.00000000000000000, -14.49999999999999467 ) ) ;
#420 = EDGE_LOOP ( 'NONE', ( #545, #179 ) ) ;
#421 = DIRECTION ( 'NONE',  ( -0.000000000000000000, -0.000000000000000000, -1.000000000000000000 ) ) ;
#422 = APPROVAL ( #414, 'æœª' ) ;
#423 = DIRECTION ( 'NONE',  ( -1.000000000000000000, 0.000000000000000000, 0.000000000000000000 ) ) ;
#424 = CARTESIAN_POINT ( 'NONE',  ( -24.30000000000000426, -2.999999999999998224, 14.50000000000000533 ) ) ;
#425 = LINE ( 'NONE', #1747, #47 ) ;
#426 = EDGE_LOOP ( 'NONE', ( #695, #1439, #2125, #1669 ) ) ;
#427 = CARTESIAN_POINT ( 'NONE',  ( 27.49999999999998934, 1.500000000000000000, -20.00000000000000355 ) ) ;
#428 = ORIENTED_EDGE ( 'NONE', *, *, #1635, .F. ) ;
#429 = DIRECTION ( 'NONE',  ( -1.000000000000000000, -0.000000000000000000, -8.673617379884035472E-17 ) ) ;
#430 = DIRECTION ( 'NONE',  ( 0.000000000000000000, 0.000000000000000000, -1.000000000000000000 ) ) ;
#431 = DIRECTION ( 'NONE',  ( -1.000000000000000000, -0.000000000000000000, -8.673617379884035472E-17 ) ) ;
#432 = LINE ( 'NONE', #648, #585 ) ;
#433 = VERTEX_POINT ( 'NONE', #1217 ) ;
#434 = CYLINDRICAL_SURFACE ( 'NONE', #368, 1.000000000000000888 ) ;
#435 = CIRCLE ( 'NONE', #1787, 1.500000000000004885 ) ;
#436 = EDGE_CURVE ( 'NONE', #1025, #1009, #1048, .T. ) ;
#437 = VECTOR ( 'NONE', #2016, 1000.000000000000000 ) ;
#438 = EDGE_LOOP ( 'NONE', ( #1564, #550, #325, #2026 ) ) ;
#439 = LINE ( 'NONE', #2137, #1784 ) ;
#440 = AXIS2_PLACEMENT_3D ( 'NONE', #1412, #1940, #73 ) ;
#441 = VECTOR ( 'NONE', #430, 1000.000000000000000 ) ;
#442 = LINE ( 'NONE', #1807, #228 ) ;
#443 = EDGE_CURVE ( 'NONE', #202, #306, #1398, .T. ) ;
#444 = CARTESIAN_POINT ( 'NONE',  ( -32.50000000000000000, 0.000000000000000000, 19.99999999999999645 ) ) ;
#445 = ORIENTED_EDGE ( 'NONE', *, *, #150, .T. ) ;
#446 = FACE_OUTER_BOUND ( 'NONE', #71, .T. ) ;
#447 = ORIENTED_EDGE ( 'NONE', *, *, #1957, .F. ) ;
#448 = LINE ( 'NONE', #968, #1148 ) ;
#449 = EDGE_CURVE ( 'NONE', #1587, #1849, #2100, .T. ) ;
#450 = LINE ( 'NONE', #88, #1868 ) ;
#451 = ORIENTED_EDGE ( 'NONE', *, *, #788, .T. ) ;
#452 = DIRECTION ( 'NONE',  ( 1.000000000000000000, 0.000000000000000000, 0.000000000000000000 ) ) ;
#453 = ORIENTED_EDGE ( 'NONE', *, *, #1020, .F. ) ;
#454 = LINE ( 'NONE', #1304, #1965 ) ;
#455 = EDGE_LOOP ( 'NONE', ( #923, #1262, #394, #563 ) ) ;
#456 = ADVANCED_FACE ( 'NONE', ( #1732 ), #13, .T. ) ;
#457 = DIRECTION ( 'NONE',  ( 0.000000000000000000, 0.000000000000000000, -1.000000000000000000 ) ) ;
#458 = FACE_BOUND ( 'NONE', #1510, .T. ) ;
#459 = EDGE_LOOP ( 'NONE', ( #1146, #2071 ) ) ;
#460 = DIRECTION ( 'NONE',  ( -1.000000000000000000, 0.000000000000000000, 0.000000000000000000 ) ) ;
#461 = AXIS2_PLACEMENT_3D ( 'NONE', #660, #1330, #2008 ) ;
#462 = CARTESIAN_POINT ( 'NONE',  ( 27.49999999999999289, 1.500000000000000000, 19.99999999999999645 ) ) ;
#463 = EDGE_LOOP ( 'NONE', ( #814, #526, #2092, #91 ) ) ;
#464 = CARTESIAN_POINT ( 'NONE',  ( 31.60000000000002274, 5.000000000000000000, -14.99999999999999645 ) ) ;
#465 = EDGE_CURVE ( 'NONE', #181, #1047, #194, .T. ) ;
#466 = AXIS2_PLACEMENT_3D ( 'NONE', #1813, #290, #981 ) ;
#467 = AXIS2_PLACEMENT_3D ( 'NONE', #1031, #860, #1845 ) ;
#468 = AXIS2_PLACEMENT_3D ( 'NONE', #1739, #595, #236 ) ;
#469 = CC_DESIGN_SECURITY_CLASSIFICATION ( #657, ( #370 ) ) ;
#470 = FACE_BOUND ( 'NONE', #323, .T. ) ;
#471 = AXIS2_PLACEMENT_3D ( 'NONE', #930, #2085, #1388 ) ;
#472 = VERTEX_POINT ( 'NONE', #882 ) ;
#473 = CARTESIAN_POINT ( 'NONE',  ( -30.00000000000000000, -10.00000000000000000, 22.99999999999999645 ) ) ;
#474 = VECTOR ( 'NONE', #1698, 1000.000000000000000 ) ;
#475 = CARTESIAN_POINT ( 'NONE',  ( -30.00000000000000000, -20.00000000000000000, 20.99999999999999645 ) ) ;
#476 = ORIENTED_EDGE ( 'NONE', *, *, #210, .F. ) ;
#477 = DIRECTION ( 'NONE',  ( 0.000000000000000000, 0.000000000000000000, 1.000000000000000000 ) ) ;
#478 = DIRECTION ( 'NONE',  ( -0.000000000000000000, -1.000000000000000000, -0.000000000000000000 ) ) ;
#479 = EDGE_CURVE ( 'NONE', #1096, #2043, #2138, .T. ) ;
#480 = ORIENTED_EDGE ( 'NONE', *, *, #939, .T. ) ;
#481 = CARTESIAN_POINT ( 'NONE',  ( 0.000000000000000000, 5.000000000000000000, 19.99999999999999645 ) ) ;
#482 = CARTESIAN_POINT ( 'NONE',  ( -13.99999999999999645, -10.00000000000000000, 20.99999999999999645 ) ) ;
#483 = FACE_OUTER_BOUND ( 'NONE', #2114, .T. ) ;
#484 = PRODUCT_DEFINITION_SHAPE ( 'NONE', 'NONE',  #856 ) ;
#485 = DIRECTION ( 'NONE',  ( 1.000000000000000000, 0.000000000000000000, 0.000000000000000000 ) ) ;
#486 = ORIENTED_EDGE ( 'NONE', *, *, #443, .F. ) ;
#487 = DIRECTION ( 'NONE',  ( -1.000000000000000000, 0.000000000000000000, 0.000000000000000000 ) ) ;
#488 = DIRECTION ( 'NONE',  ( -1.000000000000000000, -0.000000000000000000, -8.673617379884035472E-17 ) ) ;
#489 = VERTEX_POINT ( 'NONE', #203 ) ;
#490 = DIRECTION ( 'NONE',  ( 1.000000000000000000, 0.000000000000000000, 0.000000000000000000 ) ) ;
#491 = EDGE_LOOP ( 'NONE', ( #499, #102 ) ) ;
#492 = LINE ( 'NONE', #1350, #1650 ) ;
#493 = CARTESIAN_POINT ( 'NONE',  ( -30.00000000000000000, -10.00000000000000000, 20.99999999999999645 ) ) ;
#494 = EDGE_CURVE ( 'NONE', #107, #2017, #891, .T. ) ;
#495 = PERSON_AND_ORGANIZATION ( #1385, #912 ) ;
#496 = ORIENTED_EDGE ( 'NONE', *, *, #1643, .F. ) ;
#497 = CYLINDRICAL_SURFACE ( 'NONE', #2070, 1.499999999999999556 ) ;
#498 = DIRECTION ( 'NONE',  ( 1.000000000000000000, 0.000000000000000000, -8.673617379884034239E-17 ) ) ;
#499 = ORIENTED_EDGE ( 'NONE', *, *, #1115, .F. ) ;
#500 = CARTESIAN_POINT ( 'NONE',  ( -5.000000000000000888, 1.000000000000000000, 22.99999999999999645 ) ) ;
#501 = CIRCLE ( 'NONE', #1925, 2.999999999999999112 ) ;
#502 = ADVANCED_FACE ( 'NONE', ( #169 ), #1356, .F. ) ;
#503 = ORIENTED_EDGE ( 'NONE', *, *, #511, .F. ) ;
#504 = AXIS2_PLACEMENT_3D ( 'NONE', #1374, #1348, #844 ) ;
#505 = DIRECTION ( 'NONE',  ( -0.000000000000000000, -0.000000000000000000, -1.000000000000000000 ) ) ;
#506 = VECTOR ( 'NONE', #1707, 1000.000000000000000 ) ;
#507 = DIRECTION ( 'NONE',  ( -0.000000000000000000, -1.000000000000000000, -0.000000000000000000 ) ) ;
#508 = VECTOR ( 'NONE', #209, 1000.000000000000000 ) ;
#509 = DIRECTION ( 'NONE',  ( -1.000000000000000000, 0.000000000000000000, 0.000000000000000000 ) ) ;
#510 = AXIS2_PLACEMENT_3D ( 'NONE', #546, #728, #1769 ) ;
#511 = EDGE_CURVE ( 'NONE', #1731, #208, #435, .T. ) ;
#512 = ORIENTED_EDGE ( 'NONE', *, *, #449, .F. ) ;
#513 = EDGE_CURVE ( 'NONE', #683, #89, #724, .T. ) ;
#514 = PLANE ( 'NONE',  #1788 ) ;
#515 = CIRCLE ( 'NONE', #1828, 1.500000000000003997 ) ;
#516 = CARTESIAN_POINT ( 'NONE',  ( -27.30000000000000426, -29.00000000000000000, 13.00000000000000533 ) ) ;
#517 = ORIENTED_EDGE ( 'NONE', *, *, #936, .T. ) ;
#518 = CARTESIAN_POINT ( 'NONE',  ( -32.00000000000000000, -10.00000000000000000, 20.99999999999999645 ) ) ;
#519 = ORIENTED_EDGE ( 'NONE', *, *, #569, .F. ) ;
#520 = CYLINDRICAL_SURFACE ( 'NONE', #661, 1.000000000000000888 ) ;
#521 = CARTESIAN_POINT ( 'NONE',  ( -35.50000000000000711, 0.000000000000000000, -17.00000000000000355 ) ) ;
#522 = DIRECTION ( 'NONE',  ( 1.000000000000000000, 0.000000000000000000, 0.000000000000000000 ) ) ;
#523 = VERTEX_POINT ( 'NONE', #419 ) ;
#524 = CARTESIAN_POINT ( 'NONE',  ( -15.00000000000000000, -20.00000000000000000, 20.99999999999999645 ) ) ;
#525 = CARTESIAN_POINT ( 'NONE',  ( -27.30000000000000426, -32.99999999999999289, 19.99999999999999645 ) ) ;
#526 = ORIENTED_EDGE ( 'NONE', *, *, #1598, .T. ) ;
#527 = CARTESIAN_POINT ( 'NONE',  ( -30.00000000000000000, -20.00000000000000000, 20.99999999999999645 ) ) ;
#528 = ORIENTED_EDGE ( 'NONE', *, *, #389, .T. ) ;
#529 = EDGE_CURVE ( 'NONE', #1680, #792, #1240, .T. ) ;
#530 = DIRECTION ( 'NONE',  ( -0.000000000000000000, -0.000000000000000000, -1.000000000000000000 ) ) ;
#531 = DIRECTION ( 'NONE',  ( 0.000000000000000000, 1.000000000000000000, 0.000000000000000000 ) ) ;
#532 = EDGE_CURVE ( 'NONE', #208, #1731, #654, .T. ) ;
#533 =( LENGTH_UNIT ( ) NAMED_UNIT ( * ) SI_UNIT ( .MILLI., .METRE. ) );
#534 = ORIENTED_EDGE ( 'NONE', *, *, #2055, .F. ) ;
#535 = CARTESIAN_POINT ( 'NONE',  ( -31.00000000000000000, -10.00000000000000000, 22.99999999999999645 ) ) ;
#536 = DIRECTION ( 'NONE',  ( 0.000000000000000000, 0.000000000000000000, 1.000000000000000000 ) ) ;
#537 = EDGE_LOOP ( 'NONE', ( #1738, #750 ) ) ;
#538 = DIRECTION ( 'NONE',  ( 0.000000000000000000, 0.000000000000000000, 1.000000000000000000 ) ) ;
#539 = ORIENTED_EDGE ( 'NONE', *, *, #1306, .F. ) ;
#540 = ADVANCED_FACE ( 'NONE', ( #405, #240, #719 ), #599, .F. ) ;
#541 = DIRECTION ( 'NONE',  ( 0.000000000000000000, 0.000000000000000000, 1.000000000000000000 ) ) ;
#542 = CARTESIAN_POINT ( 'NONE',  ( 32.49999999999998579, 5.000000000000000000, 16.99999999999999645 ) ) ;
#543 = VECTOR ( 'NONE', #1850, 1000.000000000000000 ) ;
#544 = APPROVAL_DATE_TIME ( #1890, #422 ) ;
#545 = ORIENTED_EDGE ( 'NONE', *, *, #1297, .F. ) ;
#546 = CARTESIAN_POINT ( 'NONE',  ( -27.30000000000000426, -15.99999999999999645, -4.084626660725770454E-16 ) ) ;
#547 = VECTOR ( 'NONE', #810, 1000.000000000000000 ) ;
#548 = DIRECTION ( 'NONE',  ( 0.000000000000000000, 1.000000000000000000, -0.000000000000000000 ) ) ;
#549 = CIRCLE ( 'NONE', #510, 12.00000000000000178 ) ;
#550 = ORIENTED_EDGE ( 'NONE', *, *, #1205, .F. ) ;
#551 = CARTESIAN_POINT ( 'NONE',  ( 0.000000000000000000, 0.000000000000000000, 0.000000000000000000 ) ) ;
#552 = AXIS2_PLACEMENT_3D ( 'NONE', #1322, #1606, #1283 ) ;
#553 = ADVANCED_FACE ( 'NONE', ( #2082, #395, #935 ), #1069, .F. ) ;
#554 = ORIENTED_EDGE ( 'NONE', *, *, #1851, .F. ) ;
#555 = APPROVAL ( #2111, 'æœª' ) ;
#556 = CARTESIAN_POINT ( 'NONE',  ( -13.99999999999999645, -10.00000000000000000, 22.99999999999999645 ) ) ;
#557 = CARTESIAN_POINT ( 'NONE',  ( 27.49999999999998934, 0.000000000000000000, -20.00000000000000355 ) ) ;
#558 = VERTEX_POINT ( 'NONE', #1586 ) ;
#559 = CARTESIAN_POINT ( 'NONE',  ( 31.60000000000002274, 0.000000000000000000, -14.99999999999999645 ) ) ;
#560 = DIRECTION ( 'NONE',  ( -1.000000000000000000, 0.000000000000000000, 0.000000000000000000 ) ) ;
#561 = ORIENTED_EDGE ( 'NONE', *, *, #2075, .F. ) ;
#562 = LINE ( 'NONE', #2068, #831 ) ;
#563 = ORIENTED_EDGE ( 'NONE', *, *, #1113, .T. ) ;
#564 = LINE ( 'NONE', #353, #1328 ) ;
#565 = DIRECTION ( 'NONE',  ( -1.000000000000000000, 0.000000000000000000, -0.000000000000000000 ) ) ;
#566 = COORDINATED_UNIVERSAL_TIME_OFFSET ( 8, 0, .AHEAD. ) ;
#567 = ORIENTED_EDGE ( 'NONE', *, *, #529, .F. ) ;
#568 = CARTESIAN_POINT ( 'NONE',  ( -31.59999999999998366, 0.000000000000000000, -6.999999999999999112 ) ) ;
#569 = EDGE_CURVE ( 'NONE', #1939, #129, #562, .T. ) ;
#570 = DIRECTION ( 'NONE',  ( -8.673617379884035472E-17, 0.000000000000000000, 1.000000000000000000 ) ) ;
#571 = EDGE_LOOP ( 'NONE', ( #496, #539, #846, #1337 ) ) ;
#572 = CARTESIAN_POINT ( 'NONE',  ( -27.30000000000000426, -36.00000000000000000, -2.367897544708342078E-15 ) ) ;
#573 = ORIENTED_EDGE ( 'NONE', *, *, #901, .T. ) ;
#574 = EDGE_CURVE ( 'NONE', #2129, #259, #224, .T. ) ;
#575 = FACE_OUTER_BOUND ( 'NONE', #195, .T. ) ;
#576 = DIRECTION ( 'NONE',  ( -1.000000000000000000, 0.000000000000000000, 0.000000000000000000 ) ) ;
#577 = VECTOR ( 'NONE', #1051, 1000.000000000000000 ) ;
#578 = EDGE_LOOP ( 'NONE', ( #2189, #1972, #229, #1216, #561, #767 ) ) ;
#579 = CARTESIAN_POINT ( 'NONE',  ( -15.00000000000000000, -10.00000000000000000, 22.99999999999999645 ) ) ;
#580 = VECTOR ( 'NONE', #374, 1000.000000000000000 ) ;
#581 = ADVANCED_FACE ( 'NONE', ( #764 ), #917, .F. ) ;
#582 = DIRECTION ( 'NONE',  ( -0.000000000000000000, -0.000000000000000000, -1.000000000000000000 ) ) ;
#583 = ORIENTED_EDGE ( 'NONE', *, *, #1957, .T. ) ;
#584 = CARTESIAN_POINT ( 'NONE',  ( 35.49999999999999289, 5.000000000000000000, 16.99999999999999645 ) ) ;
#585 = VECTOR ( 'NONE', #1792, 1000.000000000000000 ) ;
#586 = CIRCLE ( 'NONE', #2179, 1.000000000000000888 ) ;
#587 = VECTOR ( 'NONE', #1237, 1000.000000000000000 ) ;
#588 = EDGE_LOOP ( 'NONE', ( #899, #714, #1305, #962 ) ) ;
#589 = CARTESIAN_POINT ( 'NONE',  ( -5.000000000000000888, 0.000000000000000000, 19.99999999999999645 ) ) ;
#590 = AXIS2_PLACEMENT_3D ( 'NONE', #1527, #681, #2028 ) ;
#591 = DIRECTION ( 'NONE',  ( 0.000000000000000000, 1.000000000000000000, -0.000000000000000000 ) ) ;
#592 = CARTESIAN_POINT ( 'NONE',  ( 32.49999999999998579, 4.872983346207416133, 19.99999999999999645 ) ) ;
#593 = EDGE_CURVE ( 'NONE', #2181, #1407, #1944, .T. ) ;
#594 = CALENDAR_DATE ( 2026, 8, 5 ) ;
#595 = DIRECTION ( 'NONE',  ( 0.000000000000000000, 0.000000000000000000, -1.000000000000000000 ) ) ;
#596 = ADVANCED_FACE ( 'NONE', ( #1110, #1230, #69, #248, #1426 ), #1603, .F. ) ;
#597 = FACE_BOUND ( 'NONE', #223, .T. ) ;
#598 = VERTEX_POINT ( 'NONE', #945 ) ;
#599 = PLANE ( 'NONE',  #258 ) ;
#600 = VERTEX_POINT ( 'NONE', #1908 ) ;
#601 = CARTESIAN_POINT ( 'NONE',  ( 32.49999999999998579, 0.000000000000000000, -17.00000000000000355 ) ) ;
#602 = DIRECTION ( 'NONE',  ( 0.000000000000000000, -1.000000000000000000, 0.000000000000000000 ) ) ;
#603 = DIRECTION ( 'NONE',  ( 0.000000000000000000, 0.000000000000000000, 1.000000000000000000 ) ) ;
#604 = ADVANCED_FACE ( 'NONE', ( #34, #900, #1569 ), #60, .F. ) ;
#605 = CARTESIAN_POINT ( 'NONE',  ( -35.50000000000000711, 5.000000000000000000, 16.99999999999999645 ) ) ;
#606 = ORIENTED_EDGE ( 'NONE', *, *, #35, .F. ) ;
#607 = ADVANCED_FACE ( 'NONE', ( #733 ), #1416, .F. ) ;
#608 = CYLINDRICAL_SURFACE ( 'NONE', #1465, 1.499999999999999556 ) ;
#609 = VERTEX_POINT ( 'NONE', #818 ) ;
#610 = LINE ( 'NONE', #704, #1 ) ;
#611 = DIRECTION ( 'NONE',  ( -0.000000000000000000, -0.000000000000000000, -1.000000000000000000 ) ) ;
#612 = EDGE_CURVE ( 'NONE', #12, #181, #4, .T. ) ;
#613 = PLANE ( 'NONE',  #2148 ) ;
#614 = ORIENTED_EDGE ( 'NONE', *, *, #150, .F. ) ;
#615 = FACE_OUTER_BOUND ( 'NONE', #1035, .T. ) ;
#616 = AXIS2_PLACEMENT_3D ( 'NONE', #754, #77, #745 ) ;
#617 = VECTOR ( 'NONE', #988, 1000.000000000000000 ) ;
#618 = CIRCLE ( 'NONE', #1573, 2.999999999999999112 ) ;
#619 = VERTEX_POINT ( 'NONE', #1811 ) ;
#620 = DIRECTION ( 'NONE',  ( -1.000000000000000000, 0.000000000000000000, -0.000000000000000000 ) ) ;
#621 = EDGE_CURVE ( 'NONE', #6, #609, #1462, .T. ) ;
#622 = AXIS2_PLACEMENT_3D ( 'NONE', #331, #163, #1018 ) ;
#623 = AXIS2_PLACEMENT_3D ( 'NONE', #1346, #2185, #1335 ) ;
#624 = CC_DESIGN_PERSON_AND_ORGANIZATION_ASSIGNMENT ( #662, #1343, ( #856 ) ) ;
#625 = AXIS2_PLACEMENT_3D ( 'NONE', #211, #403, #255 ) ;
#626 = ORIENTED_EDGE ( 'NONE', *, *, #1106, .F. ) ;
#627 = CARTESIAN_POINT ( 'NONE',  ( 0.000000000000000000, 5.000000000000000000, 18.99999999999999645 ) ) ;
#628 = DIRECTION ( 'NONE',  ( -1.000000000000000000, -1.261617073437677752E-16, 0.000000000000000000 ) ) ;
#629 = ORIENTED_EDGE ( 'NONE', *, *, #371, .T. ) ;
#630 = DIRECTION ( 'NONE',  ( -0.000000000000000000, -0.000000000000000000, 1.000000000000000000 ) ) ;
#631 = ADVANCED_FACE ( 'NONE', ( #268 ), #976, .F. ) ;
#632 = EDGE_LOOP ( 'NONE', ( #573, #1983 ) ) ;
#633 = DIRECTION ( 'NONE',  ( -0.000000000000000000, -0.000000000000000000, -1.000000000000000000 ) ) ;
#634 = EDGE_CURVE ( 'NONE', #2060, #1077, #303, .T. ) ;
#635 = EDGE_LOOP ( 'NONE', ( #663, #1728, #20, #1918, #1533, #1568 ) ) ;
#636 = ORIENTED_EDGE ( 'NONE', *, *, #304, .F. ) ;
#637 = DIRECTION ( 'NONE',  ( -0.000000000000000000, -1.000000000000000000, 0.000000000000000000 ) ) ;
#638 = CARTESIAN_POINT ( 'NONE',  ( -32.50000000000000000, 0.000000000000000000, 22.99999999999999645 ) ) ;
#639 = ORIENTED_EDGE ( 'NONE', *, *, #1694, .T. ) ;
#640 = EDGE_CURVE ( 'NONE', #1047, #1968, #618, .T. ) ;
#641 = DIRECTION ( 'NONE',  ( 0.000000000000000000, 0.000000000000000000, -1.000000000000000000 ) ) ;
#642 = ORIENTED_EDGE ( 'NONE', *, *, #205, .F. ) ;
#643 = DIRECTION ( 'NONE',  ( -1.000000000000000000, 0.000000000000000000, 0.000000000000000000 ) ) ;
#644 = PLANE ( 'NONE',  #590 ) ;
#645 = CARTESIAN_POINT ( 'NONE',  ( 31.60000000000002274, 5.000000000000000000, -5.499999999999995559 ) ) ;
#646 = DIRECTION ( 'NONE',  ( -0.000000000000000000, 0.000000000000000000, 1.000000000000000000 ) ) ;
#647 = ADVANCED_FACE ( 'NONE', ( #1489 ), #1615, .T. ) ;
#648 = CARTESIAN_POINT ( 'NONE',  ( -17.49999999999999645, -20.00000000000000000, 20.99999999999999645 ) ) ;
#649 = EDGE_LOOP ( 'NONE', ( #1347, #996, #1037, #447 ) ) ;
#650 = CARTESIAN_POINT ( 'NONE',  ( -31.59999999999998366, 0.000000000000000000, -16.50000000000000711 ) ) ;
#651 = LINE ( 'NONE', #2128, #1651 ) ;
#652 = VERTEX_POINT ( 'NONE', #1468 ) ;
#653 = DIRECTION ( 'NONE',  ( 1.000000000000000000, 0.000000000000000000, 0.000000000000000000 ) ) ;
#654 = CIRCLE ( 'NONE', #1896, 1.500000000000004885 ) ;
#655 = AXIS2_PLACEMENT_3D ( 'NONE', #1067, #582, #560 ) ;
#656 = AXIS2_PLACEMENT_3D ( 'NONE', #1380, #2011, #487 ) ;
#657 = SECURITY_CLASSIFICATION ( '', '', #739 ) ;
#658 = CARTESIAN_POINT ( 'NONE',  ( -30.00000000000000000, -20.00000000000000000, 22.99999999999999645 ) ) ;
#659 = AXIS2_PLACEMENT_3D ( 'NONE', #693, #1509, #1004 ) ;
#660 = CARTESIAN_POINT ( 'NONE',  ( -30.00000000000000000, -10.00000000000000000, 20.99999999999999645 ) ) ;
#661 = AXIS2_PLACEMENT_3D ( 'NONE', #986, #1995, #1156 ) ;
#662 = PERSON_AND_ORGANIZATION ( #1385, #912 ) ;
#663 = ORIENTED_EDGE ( 'NONE', *, *, #273, .T. ) ;
#664 = CARTESIAN_POINT ( 'NONE',  ( 0.000000000000000000, 0.000000000000000000, -20.00000000000000355 ) ) ;
#665 = FACE_OUTER_BOUND ( 'NONE', #1552, .T. ) ;
#666 = ORIENTED_EDGE ( 'NONE', *, *, #1370, .F. ) ;
#667 = CARTESIAN_POINT ( 'NONE',  ( -27.30000000000000426, -15.99999999999999645, 12.00000000000000178 ) ) ;
#668 = ORIENTED_EDGE ( 'NONE', *, *, #737, .F. ) ;
#669 = ADVANCED_FACE ( 'NONE', ( #446 ), #608, .F. ) ;
#670 = CARTESIAN_POINT ( 'NONE',  ( 31.60000000000002274, 5.000000000000000000, -13.49999999999999112 ) ) ;
#671 = DIRECTION ( 'NONE',  ( -1.000000000000000000, 0.000000000000000000, -1.156482317317871478E-16 ) ) ;
#672 = CARTESIAN_POINT ( 'NONE',  ( -32.00000000000000000, -20.00000000000000000, 19.99999999999999645 ) ) ;
#673 = EDGE_LOOP ( 'NONE', ( #186, #809, #282, #235, #1382, #30 ) ) ;
#674 = CARTESIAN_POINT ( 'NONE',  ( -32.50000000000000000, 4.872983346207416133, 19.99999999999999645 ) ) ;
#675 = EDGE_CURVE ( 'NONE', #64, #2129, #958, .T. ) ;
#676 = DIRECTION ( 'NONE',  ( 0.000000000000000000, 0.000000000000000000, -1.000000000000000000 ) ) ;
#677 = ORIENTED_EDGE ( 'NONE', *, *, #1859, .T. ) ;
#678 = CARTESIAN_POINT ( 'NONE',  ( -30.00000000000000000, -10.00000000000000000, 19.99999999999999645 ) ) ;
#679 = EDGE_LOOP ( 'NONE', ( #701, #1768 ) ) ;
#680 = EDGE_CURVE ( 'NONE', #433, #1628, #81, .T. ) ;
#681 = DIRECTION ( 'NONE',  ( -1.000000000000000000, 0.000000000000000000, 0.000000000000000000 ) ) ;
#682 = DIRECTION ( 'NONE',  ( 0.000000000000000000, 0.000000000000000000, -1.000000000000000000 ) ) ;
#683 = VERTEX_POINT ( 'NONE', #1648 ) ;
#684 = CARTESIAN_POINT ( 'NONE',  ( -34.09592386607270242, 4.964108744946552854, 19.54900380883625743 ) ) ;
#685 = FACE_BOUND ( 'NONE', #632, .T. ) ;
#686 = VERTEX_POINT ( 'NONE', #650 ) ;
#687 = CARTESIAN_POINT ( 'NONE',  ( -27.30000000000000426, -36.00000000000000000, -2.367897544708342078E-15 ) ) ;
#688 = EDGE_LOOP ( 'NONE', ( #1765, #1960 ) ) ;
#689 = EDGE_CURVE ( 'NONE', #774, #843, #979, .T. ) ;
#690 = CARTESIAN_POINT ( 'NONE',  ( -32.50000000000000000, 0.000000000000000000, 19.99999999999999645 ) ) ;
#691 = CIRCLE ( 'NONE', #797, 1.499999999999999556 ) ;
#692 = AXIS2_PLACEMENT_3D ( 'NONE', #1320, #1478, #966 ) ;
#693 = CARTESIAN_POINT ( 'NONE',  ( -15.00000000000000000, -20.00000000000000000, 19.99999999999999645 ) ) ;
#694 = CARTESIAN_POINT ( 'NONE',  ( 0.000000000000000000, 0.000000000000000000, 0.000000000000000000 ) ) ;
#695 = ORIENTED_EDGE ( 'NONE', *, *, #39, .F. ) ;
#696 = DIRECTION ( 'NONE',  ( -1.000000000000000000, 0.000000000000000000, 0.000000000000000000 ) ) ;
#697 = VECTOR ( 'NONE', #1039, 1000.000000000000000 ) ;
#698 = CARTESIAN_POINT ( 'NONE',  ( -5.000000000000000888, -2.500000000000000000, 15.99999999999999645 ) ) ;
#699 = ORIENTED_EDGE ( 'NONE', *, *, #1631, .F. ) ;
#700 = DIRECTION ( 'NONE',  ( -1.000000000000000000, 0.000000000000000000, 0.000000000000000000 ) ) ;
#701 = ORIENTED_EDGE ( 'NONE', *, *, #371, .F. ) ;
#702 = EDGE_CURVE ( 'NONE', #1904, #1281, #1131, .T. ) ;
#703 = CARTESIAN_POINT ( 'NONE',  ( -32.00000000000000000, -20.00000000000000000, 20.99999999999999645 ) ) ;
#704 = CARTESIAN_POINT ( 'NONE',  ( -13.99999999999999822, -20.00000000000000000, 22.99999999999999645 ) ) ;
#705 = ORIENTED_EDGE ( 'NONE', *, *, #217, .F. ) ;
#706 = DIRECTION ( 'NONE',  ( -1.000000000000000000, 0.000000000000000000, -1.156482317317871478E-16 ) ) ;
#707 = EDGE_CURVE ( 'NONE', #774, #1096, #90, .T. ) ;
#708 = PLANE ( 'NONE',  #1578 ) ;
#709 = ORIENTED_EDGE ( 'NONE', *, *, #2124, .F. ) ;
#710 = CARTESIAN_POINT ( 'NONE',  ( -32.50000000000000000, 5.000000000000000000, 16.99999999999999645 ) ) ;
#711 = ORIENTED_EDGE ( 'NONE', *, *, #1234, .F. ) ;
#712 = DIRECTION ( 'NONE',  ( 0.000000000000000000, 0.000000000000000000, -1.000000000000000000 ) ) ;
#713 = DIRECTION ( 'NONE',  ( -1.000000000000000000, -0.000000000000000000, -1.156482317317871478E-16 ) ) ;
#714 = ORIENTED_EDGE ( 'NONE', *, *, #1649, .T. ) ;
#715 = DIRECTION ( 'NONE',  ( 1.000000000000000000, 0.000000000000000000, 0.000000000000000000 ) ) ;
#716 = ADVANCED_FACE ( 'NONE', ( #615 ), #1795, .T. ) ;
#717 = DIRECTION ( 'NONE',  ( 0.000000000000000000, 0.000000000000000000, -1.000000000000000000 ) ) ;
#718 = ORIENTED_EDGE ( 'NONE', *, *, #901, .F. ) ;
#719 = FACE_OUTER_BOUND ( 'NONE', #308, .T. ) ;
#720 = CC_DESIGN_PERSON_AND_ORGANIZATION_ASSIGNMENT ( #1938, #1420, ( #370 ) ) ;
#721 = ORIENTED_EDGE ( 'NONE', *, *, #743, .F. ) ;
#722 = LINE ( 'NONE', #1541, #14 ) ;
#723 = DIRECTION ( 'NONE',  ( 0.000000000000000000, 0.000000000000000000, 1.000000000000000000 ) ) ;
#724 = CIRCLE ( 'NONE', #1929, 1.500000000000003997 ) ;
#725 = CIRCLE ( 'NONE', #367, 2.499999999999998668 ) ;
#726 = VECTOR ( 'NONE', #1847, 1000.000000000000000 ) ;
#727 = ORIENTED_EDGE ( 'NONE', *, *, #1253, .F. ) ;
#728 = DIRECTION ( 'NONE',  ( -1.000000000000000000, 0.000000000000000000, -1.156482317317871478E-16 ) ) ;
#729 = CIRCLE ( 'NONE', #1898, 1.000000000000000888 ) ;
#730 = DIRECTION ( 'NONE',  ( -0.000000000000000000, 1.000000000000000000, -0.000000000000000000 ) ) ;
#731 = AXIS2_PLACEMENT_3D ( 'NONE', #1820, #637, #603 ) ;
#732 = EDGE_LOOP ( 'NONE', ( #480, #1480 ) ) ;
#733 = FACE_OUTER_BOUND ( 'NONE', #105, .T. ) ;
#734 = CIRCLE ( 'NONE', #336, 2.000000000000001776 ) ;
#735 = ORIENTED_EDGE ( 'NONE', *, *, #936, .F. ) ;
#736 = DIRECTION ( 'NONE',  ( -1.000000000000000000, -0.000000000000000000, -1.156482317317871478E-16 ) ) ;
#737 = EDGE_CURVE ( 'NONE', #1939, #1060, #1609, .T. ) ;
#738 = CARTESIAN_POINT ( 'NONE',  ( -15.00000000000000000, -10.00000000000000000, 20.99999999999999645 ) ) ;
#739 = SECURITY_CLASSIFICATION_LEVEL ( 'unclassified' ) ;
#740 = EDGE_LOOP ( 'NONE', ( #1246, #865, #2010, #112, #1626, #1852 ) ) ;
#741 = DIRECTION ( 'NONE',  ( -0.000000000000000000, -0.000000000000000000, 1.000000000000000000 ) ) ;
#742 = CYLINDRICAL_SURFACE ( 'NONE', #1608, 1.000000000000004441 ) ;
#743 = EDGE_CURVE ( 'NONE', #193, #840, #2123, .T. ) ;
#744 = ORIENTED_EDGE ( 'NONE', *, *, #1205, .T. ) ;
#745 = DIRECTION ( 'NONE',  ( 0.000000000000000000, 0.000000000000000000, 1.000000000000000000 ) ) ;
#746 = VERTEX_POINT ( 'NONE', #1634 ) ;
#747 = CARTESIAN_POINT ( 'NONE',  ( -28.99999999999999645, -10.00000000000000000, 22.99999999999999645 ) ) ;
#748 = ADVANCED_FACE ( 'NONE', ( #793 ), #434, .F. ) ;
#749 = CALENDAR_DATE ( 2026, 8, 5 ) ;
#750 = ORIENTED_EDGE ( 'NONE', *, *, #318, .F. ) ;
#751 = DIRECTION ( 'NONE',  ( 0.000000000000000000, 1.000000000000000000, -0.000000000000000000 ) ) ;
#752 = CARTESIAN_POINT ( 'NONE',  ( 31.60000000000002274, 0.000000000000000000, -14.99999999999999645 ) ) ;
#753 = ORIENTED_EDGE ( 'NONE', *, *, #1701, .T. ) ;
#754 = CARTESIAN_POINT ( 'NONE',  ( 0.000000000000000000, 0.000000000000000000, 0.000000000000000000 ) ) ;
#755 = ORIENTED_EDGE ( 'NONE', *, *, #1914, .F. ) ;
#756 = ADVANCED_FACE ( 'NONE', ( #187, #1499 ), #514, .T. ) ;
#757 = CARTESIAN_POINT ( 'NONE',  ( 31.60000000000002274, 0.000000000000000000, -8.500000000000003553 ) ) ;
#758 = DIRECTION ( 'NONE',  ( 0.000000000000000000, 0.000000000000000000, -1.000000000000000000 ) ) ;
#759 = VECTOR ( 'NONE', #1673, 1000.000000000000000 ) ;
#760 = CARTESIAN_POINT ( 'NONE',  ( -30.00000000000000000, -20.00000000000000000, 22.99999999999999645 ) ) ;
#761 = CIRCLE ( 'NONE', #1255, 2.000000000000001776 ) ;
#762 = DIRECTION ( 'NONE',  ( -0.000000000000000000, 0.000000000000000000, -1.000000000000000000 ) ) ;
#763 = EDGE_LOOP ( 'NONE', ( #699, #2165, #994, #786 ) ) ;
#764 = FACE_OUTER_BOUND ( 'NONE', #1313, .T. ) ;
#765 = LOCAL_TIME ( 12, 5, 39.00000000000000000, #1332 ) ;
#766 = AXIS2_PLACEMENT_3D ( 'NONE', #1452, #987, #87 ) ;
#767 = ORIENTED_EDGE ( 'NONE', *, *, #743, .T. ) ;
#768 = DIRECTION ( 'NONE',  ( -1.000000000000000000, 0.000000000000000000, 0.000000000000000000 ) ) ;
#769 = VECTOR ( 'NONE', #1408, 1000.000000000000000 ) ;
#770 = LINE ( 'NONE', #1441, #441 ) ;
#771 = ADVANCED_FACE ( 'NONE', ( #827 ), #2022, .F. ) ;
#772 = DIRECTION ( 'NONE',  ( 1.000000000000000000, -0.000000000000000000, -0.000000000000000000 ) ) ;
#773 = DIRECTION ( 'NONE',  ( -1.000000000000000000, -0.000000000000000000, -1.156482317317871478E-16 ) ) ;
#774 = VERTEX_POINT ( 'NONE', #535 ) ;
#775 = DIRECTION ( 'NONE',  ( -1.000000000000000000, 0.000000000000000000, 0.000000000000000000 ) ) ;
#776 = EDGE_CURVE ( 'NONE', #1027, #1111, #1012, .T. ) ;
#777 = VERTEX_POINT ( 'NONE', #140 ) ;
#778 = DIRECTION ( 'NONE',  ( -0.000000000000000000, -0.000000000000000000, -1.000000000000000000 ) ) ;
#779 = CARTESIAN_POINT ( 'NONE',  ( -31.00000000000000000, -20.00000000000000000, 20.99999999999999645 ) ) ;
#780 = PLANE ( 'NONE',  #1863 ) ;
#781 = ORIENTED_EDGE ( 'NONE', *, *, #1279, .F. ) ;
#782 = DIRECTION ( 'NONE',  ( 0.000000000000000000, -1.000000000000000000, 0.000000000000000000 ) ) ;
#783 = FACE_OUTER_BOUND ( 'NONE', #1571, .T. ) ;
#784 = ORIENTED_EDGE ( 'NONE', *, *, #1750, .F. ) ;
#785 = CARTESIAN_POINT ( 'NONE',  ( 0.000000000000000000, -2.500000000000000000, 15.99999999999999645 ) ) ;
#786 = ORIENTED_EDGE ( 'NONE', *, *, #776, .T. ) ;
#787 = CARTESIAN_POINT ( 'NONE',  ( -24.30000000000000426, -2.999999999999998224, 13.00000000000000888 ) ) ;
#788 = EDGE_CURVE ( 'NONE', #600, #2030, #1334, .T. ) ;
#789 = CYLINDRICAL_SURFACE ( 'NONE', #1826, 1.500000000000004885 ) ;
#790 = EDGE_CURVE ( 'NONE', #376, #919, #1873, .T. ) ;
#791 = DIRECTION ( 'NONE',  ( 0.000000000000000000, -1.000000000000000000, 0.000000000000000000 ) ) ;
#792 = VERTEX_POINT ( 'NONE', #1033 ) ;
#793 = FACE_OUTER_BOUND ( 'NONE', #649, .T. ) ;
#794 = ADVANCED_FACE ( 'NONE', ( #2182 ), #497, .F. ) ;
#795 = AXIS2_PLACEMENT_3D ( 'NONE', #787, #1637, #108 ) ;
#796 = EDGE_CURVE ( 'NONE', #777, #652, #1122, .T. ) ;
#797 = AXIS2_PLACEMENT_3D ( 'NONE', #2195, #1684, #536 ) ;
#798 = AXIS2_PLACEMENT_3D ( 'NONE', #31, #1065, #366 ) ;
#799 = ORIENTED_EDGE ( 'NONE', *, *, #2154, .F. ) ;
#800 = CARTESIAN_POINT ( 'NONE',  ( -17.49999999999999645, -20.00000000000000000, 19.99999999999999645 ) ) ;
#801 = AXIS2_PLACEMENT_3D ( 'NONE', #954, #275, #1107 ) ;
#802 = ORIENTED_EDGE ( 'NONE', *, *, #1851, .T. ) ;
#803 = AXIS2_PLACEMENT_3D ( 'NONE', #2046, #488, #676 ) ;
#804 = DIRECTION ( 'NONE',  ( -1.000000000000000000, 0.000000000000000000, 0.000000000000000000 ) ) ;
#805 = AXIS2_PLACEMENT_3D ( 'NONE', #333, #1871, #319 ) ;
#806 = EDGE_CURVE ( 'NONE', #1339, #1022, #1645, .T. ) ;
#807 = CARTESIAN_POINT ( 'NONE',  ( -32.50000000000000000, 5.000000000000000000, -17.00000000000000355 ) ) ;
#808 = DIRECTION ( 'NONE',  ( -1.000000000000000000, 0.000000000000000000, 0.000000000000000000 ) ) ;
#809 = ORIENTED_EDGE ( 'NONE', *, *, #1656, .T. ) ;
#810 = DIRECTION ( 'NONE',  ( -0.000000000000000000, 0.000000000000000000, -1.000000000000000000 ) ) ;
#811 = VERTEX_POINT ( 'NONE', #1547 ) ;
#812 = DIRECTION ( 'NONE',  ( 1.000000000000000000, 0.000000000000000000, 0.000000000000000000 ) ) ;
#813 = CARTESIAN_POINT ( 'NONE',  ( -15.00000000000000000, -10.00000000000000000, 20.99999999999999645 ) ) ;
#814 = ORIENTED_EDGE ( 'NONE', *, *, #975, .F. ) ;
#815 = DIRECTION ( 'NONE',  ( 1.000000000000000000, 0.000000000000000000, 8.673617379884035472E-17 ) ) ;
#816 = DIRECTION ( 'NONE',  ( -1.000000000000000000, 0.000000000000000000, 0.000000000000000000 ) ) ;
#817 = VERTEX_POINT ( 'NONE', #1882 ) ;
#818 = CARTESIAN_POINT ( 'NONE',  ( -32.50000000000000000, 0.000000000000000000, -20.00000000000000355 ) ) ;
#819 = CARTESIAN_POINT ( 'NONE',  ( -5.000000000000000888, 0.000000000000000000, 19.99999999999999645 ) ) ;
#820 = ORIENTED_EDGE ( 'NONE', *, *, #1625, .T. ) ;
#821 = DIRECTION ( 'NONE',  ( 0.000000000000000000, 0.000000000000000000, -1.000000000000000000 ) ) ;
#822 = ORIENTED_EDGE ( 'NONE', *, *, #1676, .F. ) ;
#823 = FACE_BOUND ( 'NONE', #1515, .T. ) ;
#824 = DIRECTION ( 'NONE',  ( 0.000000000000000000, 0.000000000000000000, -1.000000000000000000 ) ) ;
#825 = APPROVAL_STATUS ( 'not_yet_approved' ) ;
#826 = ORIENTED_EDGE ( 'NONE', *, *, #1479, .T. ) ;
#827 = FACE_OUTER_BOUND ( 'NONE', #1952, .T. ) ;
#828 = CYLINDRICAL_SURFACE ( 'NONE', #1088, 12.00000000000000178 ) ;
#829 = ORIENTED_EDGE ( 'NONE', *, *, #612, .F. ) ;
#830 = LINE ( 'NONE', #1163, #1856 ) ;
#831 = VECTOR ( 'NONE', #1749, 1000.000000000000000 ) ;
#832 = APPROVAL_PERSON_ORGANIZATION ( #1545, #984, #1695 ) ;
#833 = AXIS2_PLACEMENT_3D ( 'NONE', #863, #7, #696 ) ;
#834 = EDGE_CURVE ( 'NONE', #1130, #1218, #997, .T. ) ;
#835 = CARTESIAN_POINT ( 'NONE',  ( -24.30000000000000426, -29.00000000000000000, 14.50000000000000355 ) ) ;
#836 = VECTOR ( 'NONE', #1475, 1000.000000000000000 ) ;
#837 = CARTESIAN_POINT ( 'NONE',  ( 0.000000000000000000, 0.000000000000000000, 19.99999999999999645 ) ) ;
#838 = VECTOR ( 'NONE', #530, 1000.000000000000000 ) ;
#839 = DIRECTION ( 'NONE',  ( 0.000000000000000000, 0.000000000000000000, -1.000000000000000000 ) ) ;
#840 = VERTEX_POINT ( 'NONE', #1193 ) ;
#841 = CARTESIAN_POINT ( 'NONE',  ( 0.000000000000000000, -32.99999999999999289, -20.00000000000000355 ) ) ;
#842 = DIRECTION ( 'NONE',  ( 0.000000000000000000, 0.000000000000000000, 1.000000000000000000 ) ) ;
#843 = VERTEX_POINT ( 'NONE', #1670 ) ;
#844 = DIRECTION ( 'NONE',  ( -1.000000000000000000, 0.000000000000000000, 0.000000000000000000 ) ) ;
#845 = EDGE_CURVE ( 'NONE', #1379, #1487, #9, .T. ) ;
#846 = ORIENTED_EDGE ( 'NONE', *, *, #1336, .F. ) ;
#847 = DIRECTION ( 'NONE',  ( 1.000000000000000000, 0.000000000000000000, 0.000000000000000000 ) ) ;
#848 = ORIENTED_EDGE ( 'NONE', *, *, #1391, .F. ) ;
#849 = DATE_AND_TIME ( #2009, #765 ) ;
#850 = ORIENTED_EDGE ( 'NONE', *, *, #796, .T. ) ;
#851 = DIRECTION ( 'NONE',  ( 0.000000000000000000, 0.000000000000000000, -1.000000000000000000 ) ) ;
#852 = CARTESIAN_POINT ( 'NONE',  ( -31.59999999999998366, 0.000000000000000000, -6.999999999999999112 ) ) ;
#853 = ADVANCED_FACE ( 'NONE', ( #1043 ), #21, .F. ) ;
#854 = ORIENTED_EDGE ( 'NONE', *, *, #1589, .T. ) ;
#855 = CYLINDRICAL_SURFACE ( 'NONE', #109, 2.999999999999999112 ) ;
#856 = PRODUCT_DEFINITION ( 'æœ', '', #370, #1840 ) ;
#857 = ORIENTED_EDGE ( 'NONE', *, *, #868, .F. ) ;
#858 = FACE_BOUND ( 'NONE', #415, .T. ) ;
#859 = DIRECTION ( 'NONE',  ( 1.000000000000000000, -0.000000000000000000, 0.000000000000000000 ) ) ;
#860 = DIRECTION ( 'NONE',  ( -0.000000000000000000, -1.000000000000000000, 0.000000000000000000 ) ) ;
#861 = ORIENTED_EDGE ( 'NONE', *, *, #955, .T. ) ;
#862 = EDGE_CURVE ( 'NONE', #811, #2063, #1345, .T. ) ;
#863 = CARTESIAN_POINT ( 'NONE',  ( -15.00000000000000000, -10.00000000000000000, 20.99999999999999645 ) ) ;
#864 = CARTESIAN_POINT ( 'NONE',  ( -27.30000000000000426, -36.00000000000000000, -17.00000000000000355 ) ) ;
#865 = ORIENTED_EDGE ( 'NONE', *, *, #640, .T. ) ;
#866 = CARTESIAN_POINT ( 'NONE',  ( -32.50000000000000000, -20.50000000000000355, 22.99999999999999645 ) ) ;
#867 = AXIS2_PLACEMENT_3D ( 'NONE', #1176, #1855, #2201 ) ;
#868 = EDGE_CURVE ( 'NONE', #1477, #489, #154, .T. ) ;
#869 = VERTEX_POINT ( 'NONE', #2194 ) ;
#870 = CIRCLE ( 'NONE', #1720, 2.999999999999999112 ) ;
#871 = LINE ( 'NONE', #1734, #54 ) ;
#872 = CIRCLE ( 'NONE', #1861, 3.000000000000000000 ) ;
#873 = CARTESIAN_POINT ( 'NONE',  ( -12.50000000000000000, -10.00000000000000000, 19.99999999999999645 ) ) ;
#874 = CIRCLE ( 'NONE', #946, 1.000000000000000888 ) ;
#875 = EDGE_CURVE ( 'NONE', #1100, #1141, #2110, .T. ) ;
#876 = AXIS2_PLACEMENT_3D ( 'NONE', #738, #1409, #565 ) ;
#877 = ORIENTED_EDGE ( 'NONE', *, *, #251, .T. ) ;
#878 = DIRECTION ( 'NONE',  ( -1.000000000000000000, 0.000000000000000000, 0.000000000000000000 ) ) ;
#879 = CIRCLE ( 'NONE', #1226, 2.499999999999998668 ) ;
#880 = CARTESIAN_POINT ( 'NONE',  ( -15.00000000000000000, -20.00000000000000000, 20.99999999999999645 ) ) ;
#881 = ORIENTED_EDGE ( 'NONE', *, *, #1106, .T. ) ;
#882 = CARTESIAN_POINT ( 'NONE',  ( -24.30000000000000426, -36.00000000000000000, 16.99999999999999645 ) ) ;
#883 = ORIENTED_EDGE ( 'NONE', *, *, #1140, .F. ) ;
#884 = DIRECTION ( 'NONE',  ( 0.000000000000000000, 0.000000000000000000, -1.000000000000000000 ) ) ;
#885 = EDGE_CURVE ( 'NONE', #1060, #1939, #1685, .T. ) ;
#886 = FACE_OUTER_BOUND ( 'NONE', #1894, .T. ) ;
#887 = ORIENTED_EDGE ( 'NONE', *, *, #532, .F. ) ;
#888 = LINE ( 'NONE', #1557, #508 ) ;
#889 = CYLINDRICAL_SURFACE ( 'NONE', #623, 1.499999999999997780 ) ;
#890 = ORIENTED_EDGE ( 'NONE', *, *, #1423, .F. ) ;
#891 = LINE ( 'NONE', #518, #543 ) ;
#892 = EDGE_LOOP ( 'NONE', ( #626, #62, #274, #554 ) ) ;
#893 = LINE ( 'NONE', #1562, #1019 ) ;
#894 = CARTESIAN_POINT ( 'NONE',  ( -32.50000000000000000, -20.50000000000000355, 19.99999999999999645 ) ) ;
#895 = DIRECTION ( 'NONE',  ( 0.000000000000000000, 0.000000000000000000, 1.000000000000000000 ) ) ;
#896 = VERTEX_POINT ( 'NONE', #1074 ) ;
#897 = DIRECTION ( 'NONE',  ( 0.000000000000000000, -1.000000000000000000, 0.000000000000000000 ) ) ;
#898 = LINE ( 'NONE', #1269, #1366 ) ;
#899 = ORIENTED_EDGE ( 'NONE', *, *, #1521, .F. ) ;
#900 = FACE_BOUND ( 'NONE', #944, .T. ) ;
#901 = EDGE_CURVE ( 'NONE', #619, #1083, #2141, .T. ) ;
#902 = ORIENTED_EDGE ( 'NONE', *, *, #304, .T. ) ;
#903 = AXIS2_PLACEMENT_3D ( 'NONE', #162, #682, #1165 ) ;
#904 = AXIS2_PLACEMENT_3D ( 'NONE', #481, #821, #620 ) ;
#905 = DIRECTION ( 'NONE',  ( -1.000000000000000000, 0.000000000000000000, 0.000000000000000000 ) ) ;
#906 = AXIS2_PLACEMENT_3D ( 'NONE', #311, #1982, #477 ) ;
#907 = EDGE_CURVE ( 'NONE', #1968, #12, #888, .T. ) ;
#908 = VECTOR ( 'NONE', #1021, 1000.000000000000000 ) ;
#909 = AXIS2_PLACEMENT_3D ( 'NONE', #579, #1729, #715 ) ;
#910 = EDGE_LOOP ( 'NONE', ( #1858, #857, #1602, #1804 ) ) ;
#911 = DIRECTION ( 'NONE',  ( 1.000000000000000000, 0.000000000000000000, -0.000000000000000000 ) ) ;
#912 = ORGANIZATION ( 'æœª', 'æœª', '' ) ;
#913 = VECTOR ( 'NONE', #316, 1000.000000000000000 ) ;
#914 = CARTESIAN_POINT ( 'NONE',  ( -29.50000000000000355, -23.50000000000000355, 22.99999999999999645 ) ) ;
#915 = AXIS2_PLACEMENT_3D ( 'NONE', #1003, #1675, #145 ) ;
#916 = ORIENTED_EDGE ( 'NONE', *, *, #233, .F. ) ;
#917 = PLANE ( 'NONE',  #1011 ) ;
#918 = AXIS2_PLACEMENT_3D ( 'NONE', #1318, #1646, #266 ) ;
#919 = VERTEX_POINT ( 'NONE', #2088 ) ;
#920 = EDGE_CURVE ( 'NONE', #1218, #1945, #1185, .T. ) ;
#921 = DIRECTION ( 'NONE',  ( 1.261617073437677752E-16, -1.000000000000000000, 0.000000000000000000 ) ) ;
#922 = APPROVAL_DATE_TIME ( #234, #555 ) ;
#923 = ORIENTED_EDGE ( 'NONE', *, *, #279, .F. ) ;
#924 = CYLINDRICAL_SURFACE ( 'NONE', #798, 1.500000000000004885 ) ;
#925 = DIRECTION ( 'NONE',  ( -0.000000000000000000, 1.000000000000000000, -0.000000000000000000 ) ) ;
#926 = VERTEX_POINT ( 'NONE', #1923 ) ;
#927 = DIRECTION ( 'NONE',  ( 8.673617379884035472E-17, 0.000000000000000000, -1.000000000000000000 ) ) ;
#928 = ORIENTED_EDGE ( 'NONE', *, *, #532, .T. ) ;
#929 = DIRECTION ( 'NONE',  ( -1.000000000000000000, -0.000000000000000000, -1.156482317317871478E-16 ) ) ;
#930 = CARTESIAN_POINT ( 'NONE',  ( 32.49999999999998579, 5.000000000000000000, -17.00000000000000355 ) ) ;
#931 = CARTESIAN_POINT ( 'NONE',  ( 0.000000000000000000, 0.000000000000000000, -20.00000000000000355 ) ) ;
#932 = EDGE_CURVE ( 'NONE', #2049, #1710, #729, .T. ) ;
#933 = FACE_OUTER_BOUND ( 'NONE', #571, .T. ) ;
#934 = ORIENTED_EDGE ( 'NONE', *, *, #1598, .F. ) ;
#935 = FACE_BOUND ( 'NONE', #1471, .T. ) ;
#936 = EDGE_CURVE ( 'NONE', #1411, #129, #1052, .T. ) ;
#937 = ORIENTED_EDGE ( 'NONE', *, *, #2196, .T. ) ;
#938 = CARTESIAN_POINT ( 'NONE',  ( 2.699999999999993960, -29.00000000000000000, -11.49999999999999112 ) ) ;
#939 = EDGE_CURVE ( 'NONE', #1954, #1580, #226, .T. ) ;
#940 = CARTESIAN_POINT ( 'NONE',  ( -31.59999999999998366, 5.000000000000000000, -6.999999999999999112 ) ) ;
#941 = DIRECTION ( 'NONE',  ( 1.000000000000000000, 0.000000000000000000, 0.000000000000000000 ) ) ;
#942 = ADVANCED_FACE ( 'NONE', ( #1592 ), #924, .F. ) ;
#943 = DIRECTION ( 'NONE',  ( -0.000000000000000000, -1.000000000000000000, -0.000000000000000000 ) ) ;
#944 = EDGE_LOOP ( 'NONE', ( #289, #1079 ) ) ;
#945 = CARTESIAN_POINT ( 'NONE',  ( -16.00000000000000000, -20.00000000000000000, 22.99999999999999645 ) ) ;
#946 = AXIS2_PLACEMENT_3D ( 'NONE', #2095, #1390, #57 ) ;
#947 = LOCAL_TIME ( 12, 5, 39.00000000000000000, #164 ) ;
#948 = VECTOR ( 'NONE', #1063, 1000.000000000000000 ) ;
#949 = ORIENTED_EDGE ( 'NONE', *, *, #2075, .T. ) ;
#950 = PLANE ( 'NONE',  #288 ) ;
#951 = AXIS2_PLACEMENT_3D ( 'NONE', #2093, #1210, #1220 ) ;
#952 = LINE ( 'NONE', #1254, #1403 ) ;
#953 = LINE ( 'NONE', #2130, #913 ) ;
#954 = CARTESIAN_POINT ( 'NONE',  ( -31.59999999999998366, 5.000000000000000000, -6.999999999999999112 ) ) ;
#955 = EDGE_CURVE ( 'NONE', #1529, #2030, #200, .T. ) ;
#956 = DIRECTION ( 'NONE',  ( 0.000000000000000000, 0.000000000000000000, -1.000000000000000000 ) ) ;
#957 = ORIENTED_EDGE ( 'NONE', *, *, #1174, .T. ) ;
#958 = LINE ( 'NONE', #1803, #547 ) ;
#959 = ORIENTED_EDGE ( 'NONE', *, *, #1553, .F. ) ;
#960 = CARTESIAN_POINT ( 'NONE',  ( -24.30000000000000071, 1.500000000000000000, 16.00000000000000000 ) ) ;
#961 = ORIENTED_EDGE ( 'NONE', *, *, #1306, .T. ) ;
#962 = ORIENTED_EDGE ( 'NONE', *, *, #1814, .F. ) ;
#963 = CARTESIAN_POINT ( 'NONE',  ( -35.50000000000000711, 5.000000000000000000, -17.00000000000000355 ) ) ;
#964 = CYLINDRICAL_SURFACE ( 'NONE', #1582, 12.00000000000000178 ) ;
#965 = EDGE_LOOP ( 'NONE', ( #755, #1664, #1249, #1763 ) ) ;
#966 = DIRECTION ( 'NONE',  ( 1.000000000000000000, 0.000000000000000000, 0.000000000000000000 ) ) ;
#967 = ORIENTED_EDGE ( 'NONE', *, *, #1652, .F. ) ;
#968 = CARTESIAN_POINT ( 'NONE',  ( 32.49999999999998579, 5.000000000000000000, 19.99999999999999645 ) ) ;
#969 = EDGE_CURVE ( 'NONE', #1009, #1025, #1256, .T. ) ;
#970 = DIRECTION ( 'NONE',  ( 0.000000000000000000, 0.000000000000000000, -1.000000000000000000 ) ) ;
#971 = ADVANCED_FACE ( 'NONE', ( #1565 ), #42, .F. ) ;
#972 = AXIS2_PLACEMENT_3D ( 'NONE', #542, #1946, #1903 ) ;
#973 = PLANE ( 'NONE',  #294 ) ;
#974 = ORIENTED_EDGE ( 'NONE', *, *, #1279, .T. ) ;
#975 = EDGE_CURVE ( 'NONE', #843, #774, #874, .T. ) ;
#976 = CYLINDRICAL_SURFACE ( 'NONE', #261, 4.000000000000000000 ) ;
#977 = AXIS2_PLACEMENT_3D ( 'NONE', #551, #1102, #1078 ) ;
#978 = VECTOR ( 'NONE', #75, 1000.000000000000000 ) ;
#979 = CIRCLE ( 'NONE', #692, 1.000000000000000888 ) ;
#980 = ORIENTED_EDGE ( 'NONE', *, *, #1977, .F. ) ;
#981 = DIRECTION ( 'NONE',  ( 0.000000000000000000, 0.000000000000000000, 1.000000000000000000 ) ) ;
#982 = LOCAL_TIME ( 12, 5, 39.00000000000000000, #399 ) ;
#983 = CIRCLE ( 'NONE', #1327, 1.500000000000004885 ) ;
#984 = APPROVAL ( #825, 'æœª' ) ;
#985 = EDGE_CURVE ( 'NONE', #1083, #619, #586, .T. ) ;
#986 = CARTESIAN_POINT ( 'NONE',  ( -30.00000000000000000, -10.00000000000000000, 22.99999999999999645 ) ) ;
#987 = DIRECTION ( 'NONE',  ( -1.000000000000000000, -0.000000000000000000, 0.000000000000000000 ) ) ;
#988 = DIRECTION ( 'NONE',  ( -0.000000000000000000, 1.000000000000000000, -0.000000000000000000 ) ) ;
#989 = ORIENTED_EDGE ( 'NONE', *, *, #680, .T. ) ;
#990 = DIRECTION ( 'NONE',  ( 1.000000000000000000, 0.000000000000000000, 0.000000000000000000 ) ) ;
#991 = FACE_OUTER_BOUND ( 'NONE', #635, .T. ) ;
#992 = ORIENTED_EDGE ( 'NONE', *, *, #1780, .T. ) ;
#993 = FACE_OUTER_BOUND ( 'NONE', #1891, .T. ) ;
#994 = ORIENTED_EDGE ( 'NONE', *, *, #1460, .T. ) ;
#995 = PLANE ( 'NONE',  #2074 ) ;
#996 = ORIENTED_EDGE ( 'NONE', *, *, #1038, .T. ) ;
#997 = LINE ( 'NONE', #1892, #151 ) ;
#998 = DIRECTION ( 'NONE',  ( 0.000000000000000000, 1.000000000000000000, -0.000000000000000000 ) ) ;
#999 = ORIENTED_EDGE ( 'NONE', *, *, #494, .F. ) ;
#1000 = CYLINDRICAL_SURFACE ( 'NONE', #1429, 1.500000000000004885 ) ;
#1001 = EDGE_CURVE ( 'NONE', #1152, #340, #549, .T. ) ;
#1002 = ORIENTED_EDGE ( 'NONE', *, *, #1924, .T. ) ;
#1003 = CARTESIAN_POINT ( 'NONE',  ( 31.60000000000002274, 5.000000000000000000, -14.99999999999999645 ) ) ;
#1004 = DIRECTION ( 'NONE',  ( -1.000000000000000000, 0.000000000000000000, 0.000000000000000000 ) ) ;
#1005 = ORIENTED_EDGE ( 'NONE', *, *, #1028, .F. ) ;
#1006 = EDGE_CURVE ( 'NONE', #609, #1077, #245, .T. ) ;
#1007 = DIRECTION ( 'NONE',  ( -1.000000000000000000, -0.000000000000000000, -1.156482317317871478E-16 ) ) ;
#1008 = FACE_OUTER_BOUND ( 'NONE', #1273, .T. ) ;
#1009 = VERTEX_POINT ( 'NONE', #1600 ) ;
#1010 = DIRECTION ( 'NONE',  ( 0.000000000000000000, 1.000000000000000000, 0.000000000000000000 ) ) ;
#1011 = AXIS2_PLACEMENT_3D ( 'NONE', #1742, #1772, #1271 ) ;
#1012 = CIRCLE ( 'NONE', #1754, 1.499999999999999556 ) ;
#1013 = ORIENTED_EDGE ( 'NONE', *, *, #318, .T. ) ;
#1014 = AXIS2_PLACEMENT_3D ( 'NONE', #473, #1201, #509 ) ;
#1015 = DIRECTION ( 'NONE',  ( -0.000000000000000000, 0.000000000000000000, 1.000000000000000000 ) ) ;
#1016 = CIRCLE ( 'NONE', #471, 2.999999999999999112 ) ;
#1017 = CYLINDRICAL_SURFACE ( 'NONE', #903, 2.999999999999999112 ) ;
#1018 = DIRECTION ( 'NONE',  ( 0.000000000000000000, 0.000000000000000000, 1.000000000000000000 ) ) ;
#1019 = VECTOR ( 'NONE', #736, 1000.000000000000000 ) ;
#1020 = EDGE_CURVE ( 'NONE', #1587, #2163, #1402, .T. ) ;
#1021 = DIRECTION ( 'NONE',  ( -0.000000000000000000, -1.000000000000000000, -0.000000000000000000 ) ) ;
#1022 = VERTEX_POINT ( 'NONE', #1913 ) ;
#1023 = CARTESIAN_POINT ( 'NONE',  ( -33.32989023839055420, 4.899872467911116303, 19.89050851238090090 ) ) ;
#1024 = DIRECTION ( 'NONE',  ( 1.000000000000000000, -0.000000000000000000, 0.000000000000000000 ) ) ;
#1025 = VERTEX_POINT ( 'NONE', #392 ) ;
#1026 = CARTESIAN_POINT ( 'NONE',  ( 32.49999999999998579, 5.000000000000000000, 16.99999999999999645 ) ) ;
#1027 = VERTEX_POINT ( 'NONE', #1746 ) ;
#1028 = EDGE_CURVE ( 'NONE', #746, #376, #2035, .T. ) ;
#1029 = LINE ( 'NONE', #690, #2144 ) ;
#1030 = EDGE_LOOP ( 'NONE', ( #2197, #1846 ) ) ;
#1031 = CARTESIAN_POINT ( 'NONE',  ( 31.60000000000002274, 5.000000000000000000, -6.999999999999999112 ) ) ;
#1032 = EDGE_LOOP ( 'NONE', ( #1708, #1064, #1743, #1042, #1985, #97, #1614 ) ) ;
#1033 = CARTESIAN_POINT ( 'NONE',  ( 35.49999999999999289, 0.000000000000000000, 16.99999999999999645 ) ) ;
#1034 = FACE_OUTER_BOUND ( 'NONE', #965, .T. ) ;
#1035 = EDGE_LOOP ( 'NONE', ( #1196, #861, #1258, #428, #705, #280, #1506, #2122, #1561, #1771 ) ) ;
#1036 = DIRECTION ( 'NONE',  ( 0.000000000000000000, 0.000000000000000000, -1.000000000000000000 ) ) ;
#1037 = ORIENTED_EDGE ( 'NONE', *, *, #932, .T. ) ;
#1038 = EDGE_CURVE ( 'NONE', #558, #2049, #1286, .T. ) ;
#1039 = DIRECTION ( 'NONE',  ( -0.000000000000000000, -1.000000000000000000, -0.000000000000000000 ) ) ;
#1040 = DIRECTION ( 'NONE',  ( 1.000000000000000000, 0.000000000000000000, 0.000000000000000000 ) ) ;
#1041 = CARTESIAN_POINT ( 'NONE',  ( 0.000000000000000000, -32.99999999999999289, -17.00000000000000355 ) ) ;
#1042 = ORIENTED_EDGE ( 'NONE', *, *, #1806, .T. ) ;
#1043 = FACE_OUTER_BOUND ( 'NONE', #1213, .T. ) ;
#1044 = DIRECTION ( 'NONE',  ( 0.000000000000000000, -0.000000000000000000, -1.000000000000000000 ) ) ;
#1045 = ORIENTED_EDGE ( 'NONE', *, *, #1488, .F. ) ;
#1046 = CARTESIAN_POINT ( 'NONE',  ( -24.30000000000000426, -32.99999999999999289, 19.99999999999999645 ) ) ;
#1047 = VERTEX_POINT ( 'NONE', #1987 ) ;
#1048 = CIRCLE ( 'NONE', #78, 1.000000000000002665 ) ;
#1049 = DIRECTION ( 'NONE',  ( -1.000000000000000000, -0.000000000000000000, -8.673617379884035472E-17 ) ) ;
#1050 = VECTOR ( 'NONE', #1099, 1000.000000000000000 ) ;
#1051 = DIRECTION ( 'NONE',  ( 0.000000000000000000, -1.000000000000000000, 0.000000000000000000 ) ) ;
#1052 = CIRCLE ( 'NONE', #468, 2.499999999999998668 ) ;
#1053 = COORDINATED_UNIVERSAL_TIME_OFFSET ( 8, 0, .AHEAD. ) ;
#1054 = VERTEX_POINT ( 'NONE', #2156 ) ;
#1055 = CARTESIAN_POINT ( 'NONE',  ( -15.00000000000000000, -20.00000000000000000, 20.99999999999999645 ) ) ;
#1056 = CIRCLE ( 'NONE', #951, 1.499999999999997780 ) ;
#1057 = DIRECTION ( 'NONE',  ( 0.000000000000000000, 0.000000000000000000, -1.000000000000000000 ) ) ;
#1058 = ORIENTED_EDGE ( 'NONE', *, *, #796, .F. ) ;
#1059 = DIRECTION ( 'NONE',  ( 0.000000000000000000, 0.000000000000000000, -1.000000000000000000 ) ) ;
#1060 = VERTEX_POINT ( 'NONE', #1659 ) ;
#1061 = DIRECTION ( 'NONE',  ( -0.000000000000000000, -1.000000000000000000, 0.000000000000000000 ) ) ;
#1062 = LINE ( 'NONE', #1736, #41 ) ;
#1063 = DIRECTION ( 'NONE',  ( 8.673617379884035472E-17, 0.000000000000000000, 1.000000000000000000 ) ) ;
#1064 = ORIENTED_EDGE ( 'NONE', *, *, #862, .T. ) ;
#1065 = DIRECTION ( 'NONE',  ( -0.000000000000000000, -1.000000000000000000, -0.000000000000000000 ) ) ;
#1066 = EDGE_CURVE ( 'NONE', #1710, #2049, #1363, .T. ) ;
#1067 = CARTESIAN_POINT ( 'NONE',  ( -30.00000000000000000, -10.00000000000000000, 20.99999999999999645 ) ) ;
#1068 = ORIENTED_EDGE ( 'NONE', *, *, #2205, .F. ) ;
#1069 = PLANE ( 'NONE',  #977 ) ;
#1070 = EDGE_LOOP ( 'NONE', ( #1483, #1752, #2057, #476, #2133, #848, #992 ) ) ;
#1071 = ADVANCED_FACE ( 'NONE', ( #2120 ), #789, .F. ) ;
#1072 = CARTESIAN_POINT ( 'NONE',  ( -30.00000000000000000, -10.00000000000000000, 19.99999999999999645 ) ) ;
#1073 = ORIENTED_EDGE ( 'NONE', *, *, #243, .F. ) ;
#1074 = CARTESIAN_POINT ( 'NONE',  ( -24.30000000000000426, -23.50000000000000711, 19.99999999999999645 ) ) ;
#1075 = EDGE_CURVE ( 'NONE', #1009, #1022, #442, .T. ) ;
#1076 = CARTESIAN_POINT ( 'NONE',  ( -16.00000000000000000, -20.00000000000000000, 22.99999999999999645 ) ) ;
#1077 = VERTEX_POINT ( 'NONE', #94 ) ;
#1078 = DIRECTION ( 'NONE',  ( 0.000000000000000000, 0.000000000000000000, 1.000000000000000000 ) ) ;
#1079 = ORIENTED_EDGE ( 'NONE', *, *, #1814, .T. ) ;
#1080 = LINE ( 'NONE', #36, #838 ) ;
#1081 = AXIS2_PLACEMENT_3D ( 'NONE', #527, #1534, #1560 ) ;
#1082 = VECTOR ( 'NONE', #730, 1000.000000000000000 ) ;
#1083 = VERTEX_POINT ( 'NONE', #1144 ) ;
#1084 = DIRECTION ( 'NONE',  ( 0.000000000000000000, 0.000000000000000000, 1.000000000000000000 ) ) ;
#1085 = ADVANCED_FACE ( 'NONE', ( #1789 ), #116, .T. ) ;
#1086 = VECTOR ( 'NONE', #772, 1000.000000000000000 ) ;
#1087 = FACE_OUTER_BOUND ( 'NONE', #588, .T. ) ;
#1088 = AXIS2_PLACEMENT_3D ( 'NONE', #1093, #72, #1451 ) ;
#1089 = VERTEX_POINT ( 'NONE', #1308 ) ;
#1090 = DIRECTION ( 'NONE',  ( 0.000000000000000000, 0.000000000000000000, -1.000000000000000000 ) ) ;
#1091 = CIRCLE ( 'NONE', #2140, 1.499999999999999556 ) ;
#1092 = ORIENTED_EDGE ( 'NONE', *, *, #1950, .T. ) ;
#1093 = CARTESIAN_POINT ( 'NONE',  ( 2.699999999999993960, -15.99999999999999645, 3.060984285881037242E-15 ) ) ;
#1094 = EDGE_CURVE ( 'NONE', #792, #1599, #1540, .T. ) ;
#1095 = APPROVAL_ROLE ( '' ) ;
#1096 = VERTEX_POINT ( 'NONE', #2131 ) ;
#1097 = CARTESIAN_POINT ( 'NONE',  ( -15.00000000000000000, -20.00000000000000000, 20.99999999999999645 ) ) ;
#1098 = EDGE_CURVE ( 'NONE', #76, #523, #1611, .T. ) ;
#1099 = DIRECTION ( 'NONE',  ( -0.000000000000000000, -0.000000000000000000, -1.000000000000000000 ) ) ;
#1100 = VERTEX_POINT ( 'NONE', #298 ) ;
#1101 = EDGE_CURVE ( 'NONE', #919, #1100, #1505, .T. ) ;
#1102 = DIRECTION ( 'NONE',  ( 0.000000000000000000, 1.000000000000000000, -0.000000000000000000 ) ) ;
#1103 = ORIENTED_EDGE ( 'NONE', *, *, #17, .T. ) ;
#1104 = DIRECTION ( 'NONE',  ( -1.000000000000000000, 0.000000000000000000, 0.000000000000000000 ) ) ;
#1105 = CARTESIAN_POINT ( 'NONE',  ( -15.00000000000000000, -10.00000000000000000, 20.99999999999999645 ) ) ;
#1106 = EDGE_CURVE ( 'NONE', #259, #1916, #1123, .T. ) ;
#1107 = DIRECTION ( 'NONE',  ( 0.000000000000000000, 0.000000000000000000, -1.000000000000000000 ) ) ;
#1108 = CARTESIAN_POINT ( 'NONE',  ( -12.50000000000000000, -10.00000000000000000, 20.99999999999999645 ) ) ;
#1109 = EDGE_LOOP ( 'NONE', ( #2067, #218, #829, #1421 ) ) ;
#1110 = FACE_BOUND ( 'NONE', #1623, .T. ) ;
#1111 = VERTEX_POINT ( 'NONE', #2145 ) ;
#1112 = FACE_OUTER_BOUND ( 'NONE', #1437, .T. ) ;
#1113 = EDGE_CURVE ( 'NONE', #277, #6, #1463, .T. ) ;
#1114 = DIRECTION ( 'NONE',  ( -0.000000000000000000, -0.000000000000000000, -1.000000000000000000 ) ) ;
#1115 = EDGE_CURVE ( 'NONE', #1181, #558, #1970, .T. ) ;
#1116 = AXIS2_PLACEMENT_3D ( 'NONE', #1458, #1295, #1831 ) ;
#1117 = CARTESIAN_POINT ( 'NONE',  ( -27.30000000000000426, -15.99999999999999645, -12.00000000000000178 ) ) ;
#1118 = LINE ( 'NONE', #605, #617 ) ;
#1119 = ORIENTED_EDGE ( 'NONE', *, *, #689, .T. ) ;
#1120 = CARTESIAN_POINT ( 'NONE',  ( -30.00000000000000000, -20.00000000000000000, 22.99999999999999645 ) ) ;
#1121 = CC_DESIGN_APPROVAL ( #555, ( #657 ) ) ;
#1122 = CIRCLE ( 'NONE', #1222, 2.499999999999998668 ) ;
#1123 = CIRCLE ( 'NONE', #263, 4.000000000000000000 ) ;
#1124 = EDGE_LOOP ( 'NONE', ( #1324, #1239, #247, #1231 ) ) ;
#1125 = DIRECTION ( 'NONE',  ( 0.000000000000000000, 0.000000000000000000, -1.000000000000000000 ) ) ;
#1126 = VECTOR ( 'NONE', #478, 1000.000000000000000 ) ;
#1127 = ORIENTED_EDGE ( 'NONE', *, *, #1413, .T. ) ;
#1128 = DIRECTION ( 'NONE',  ( 0.000000000000000000, 0.000000000000000000, -1.000000000000000000 ) ) ;
#1129 = FACE_BOUND ( 'NONE', #688, .T. ) ;
#1130 = VERTEX_POINT ( 'NONE', #1276 ) ;
#1131 = LINE ( 'NONE', #2001, #1537 ) ;
#1132 = ORIENTED_EDGE ( 'NONE', *, *, #1174, .F. ) ;
#1133 = CARTESIAN_POINT ( 'NONE',  ( -31.59999999999998366, 5.000000000000000000, -13.49999999999999822 ) ) ;
#1134 = VERTEX_POINT ( 'NONE', #424 ) ;
#1135 = ADVANCED_FACE ( 'NONE', ( #1958 ), #265, .F. ) ;
#1136 = CARTESIAN_POINT ( 'NONE',  ( 35.49999999999999289, 5.000000000000000000, 0.000000000000000000 ) ) ;
#1137 = DIRECTION ( 'NONE',  ( 1.000000000000000000, 0.000000000000000000, 0.000000000000000000 ) ) ;
#1138 = ORIENTED_EDGE ( 'NONE', *, *, #1501, .T. ) ;
#1139 = DIRECTION ( 'NONE',  ( 0.000000000000000000, 0.000000000000000000, 1.000000000000000000 ) ) ;
#1140 = EDGE_CURVE ( 'NONE', #1141, #45, #1610, .T. ) ;
#1141 = VERTEX_POINT ( 'NONE', #1443 ) ;
#1142 = CARTESIAN_POINT ( 'NONE',  ( -24.30000000000000782, -36.00000000000000000, 19.99999999999999645 ) ) ;
#1143 = VERTEX_POINT ( 'NONE', #283 ) ;
#1144 = CARTESIAN_POINT ( 'NONE',  ( -13.99999999999999822, -20.00000000000000000, 20.99999999999999645 ) ) ;
#1145 = CARTESIAN_POINT ( 'NONE',  ( 0.000000000000000000, -32.99999999999999289, 16.99999999999999645 ) ) ;
#1146 = ORIENTED_EDGE ( 'NONE', *, *, #680, .F. ) ;
#1147 = DIRECTION ( 'NONE',  ( 0.000000000000000000, 0.000000000000000000, 1.000000000000000000 ) ) ;
#1148 = VECTOR ( 'NONE', #134, 1000.000000000000000 ) ;
#1149 = CARTESIAN_POINT ( 'NONE',  ( -35.50000000000000711, 0.000000000000000000, 16.99999999999999645 ) ) ;
#1150 = AXIS2_PLACEMENT_3D ( 'NONE', #1424, #58, #762 ) ;
#1151 = VECTOR ( 'NONE', #2160, 1000.000000000000000 ) ;
#1152 = VERTEX_POINT ( 'NONE', #1117 ) ;
#1153 = FACE_OUTER_BOUND ( 'NONE', #763, .T. ) ;
#1154 = AXIS2_PLACEMENT_3D ( 'NONE', #1166, #1843, #1544 ) ;
#1155 = AXIS2_PLACEMENT_3D ( 'NONE', #157, #1512, #1044 ) ;
#1156 = DIRECTION ( 'NONE',  ( -1.000000000000000000, 0.000000000000000000, 0.000000000000000000 ) ) ;
#1157 = LINE ( 'NONE', #638, #328 ) ;
#1158 = ORIENTED_EDGE ( 'NONE', *, *, #1098, .F. ) ;
#1159 = DIRECTION ( 'NONE',  ( -1.000000000000000000, 0.000000000000000000, -0.000000000000000000 ) ) ;
#1160 = ADVANCED_FACE ( 'NONE', ( #1979 ), #1495, .F. ) ;
#1161 = DIRECTION ( 'NONE',  ( 0.000000000000000000, 0.000000000000000000, 1.000000000000000000 ) ) ;
#1162 = EDGE_LOOP ( 'NONE', ( #1119, #99 ) ) ;
#1163 = CARTESIAN_POINT ( 'NONE',  ( -24.30000000000000071, 1.500000000000000000, -20.00000000000000355 ) ) ;
#1164 = DIRECTION ( 'NONE',  ( 1.000000000000000000, -0.000000000000000000, -0.000000000000000000 ) ) ;
#1165 = DIRECTION ( 'NONE',  ( -1.000000000000000000, 0.000000000000000000, 0.000000000000000000 ) ) ;
#1166 = CARTESIAN_POINT ( 'NONE',  ( -32.50000000000000000, 5.000000000000000000, 16.99999999999999645 ) ) ;
#1167 = CARTESIAN_POINT ( 'NONE',  ( 31.60000000000002274, 5.000000000000000000, -8.500000000000003553 ) ) ;
#1168 = EDGE_LOOP ( 'NONE', ( #1835, #2087, #1405, #40 ) ) ;
#1169 = DIRECTION ( 'NONE',  ( 0.000000000000000000, 0.000000000000000000, -1.000000000000000000 ) ) ;
#1170 = DIRECTION ( 'NONE',  ( 0.000000000000000000, 0.000000000000000000, -1.000000000000000000 ) ) ;
#1171 = ORIENTED_EDGE ( 'NONE', *, *, #969, .F. ) ;
#1172 = DIRECTION ( 'NONE',  ( 0.000000000000000000, 0.000000000000000000, 1.000000000000000000 ) ) ;
#1173 = ORIENTED_EDGE ( 'NONE', *, *, #2151, .F. ) ;
#1174 = EDGE_CURVE ( 'NONE', #2021, #1141, #115, .T. ) ;
#1175 = FACE_BOUND ( 'NONE', #1425, .T. ) ;
#1176 = CARTESIAN_POINT ( 'NONE',  ( -31.59999999999998366, 0.000000000000000000, -15.00000000000000355 ) ) ;
#1177 = ORIENTED_EDGE ( 'NONE', *, *, #1808, .F. ) ;
#1178 = CIRCLE ( 'NONE', #216, 1.499999999999999556 ) ;
#1179 = CARTESIAN_POINT ( 'NONE',  ( -5.000000000000000888, -20.50000000000000000, 22.99999999999999645 ) ) ;
#1180 = CARTESIAN_POINT ( 'NONE',  ( 2.699999999999993960, -29.00000000000000000, 13.00000000000000888 ) ) ;
#1181 = VERTEX_POINT ( 'NONE', #2177 ) ;
#1182 = FACE_OUTER_BOUND ( 'NONE', #2152, .T. ) ;
#1183 = AXIS2_PLACEMENT_3D ( 'NONE', #1394, #1250, #1090 ) ;
#1184 = AXIS2_PLACEMENT_3D ( 'NONE', #475, #1823, #816 ) ;
#1185 = CIRCLE ( 'NONE', #1360, 1.500000000000003997 ) ;
#1186 = ORIENTED_EDGE ( 'NONE', *, *, #338, .T. ) ;
#1187 = EDGE_CURVE ( 'NONE', #306, #202, #1688, .T. ) ;
#1188 = VECTOR ( 'NONE', #1189, 1000.000000000000000 ) ;
#1189 = DIRECTION ( 'NONE',  ( 1.000000000000000000, -0.000000000000000000, 0.000000000000000000 ) ) ;
#1190 = AXIS2_PLACEMENT_3D ( 'NONE', #1724, #1049, #541 ) ;
#1191 = CARTESIAN_POINT ( 'NONE',  ( -24.30000000000000426, -29.00000000000000000, 11.50000000000000533 ) ) ;
#1192 = ORIENTED_EDGE ( 'NONE', *, *, #675, .T. ) ;
#1193 = CARTESIAN_POINT ( 'NONE',  ( -8.000000000000000000, -23.50000000000000000, 22.99999999999999645 ) ) ;
#1194 = ADVANCED_FACE ( 'NONE', ( #149 ), #1342, .F. ) ;
#1195 = DIRECTION ( 'NONE',  ( -1.000000000000000000, 0.000000000000000000, -1.156482317317871478E-16 ) ) ;
#1196 = ORIENTED_EDGE ( 'NONE', *, *, #182, .T. ) ;
#1197 = DIRECTION ( 'NONE',  ( -1.000000000000000000, 0.000000000000000000, 0.000000000000000000 ) ) ;
#1198 = ORIENTED_EDGE ( 'NONE', *, *, #1450, .T. ) ;
#1199 = DIRECTION ( 'NONE',  ( -0.000000000000000000, -0.000000000000000000, -1.000000000000000000 ) ) ;
#1200 = CARTESIAN_POINT ( 'NONE',  ( 34.59443800784337242, 4.999999999999999112, 19.15834711990147099 ) ) ;
#1201 = DIRECTION ( 'NONE',  ( -0.000000000000000000, -0.000000000000000000, -1.000000000000000000 ) ) ;
#1202 = ADVANCED_FACE ( 'NONE', ( #1693 ), #2202, .F. ) ;
#1203 = ORIENTED_EDGE ( 'NONE', *, *, #1272, .F. ) ;
#1204 = CARTESIAN_POINT ( 'NONE',  ( -15.00000000000000000, -10.00000000000000000, 20.99999999999999645 ) ) ;
#1205 = EDGE_CURVE ( 'NONE', #1686, #1773, #1900, .T. ) ;
#1206 = FACE_OUTER_BOUND ( 'NONE', #1396, .T. ) ;
#1207 = EDGE_LOOP ( 'NONE', ( #642, #512, #1705, #826 ) ) ;
#1208 = LINE ( 'NONE', #360, #580 ) ;
#1209 = EDGE_LOOP ( 'NONE', ( #902, #1369 ) ) ;
#1210 = DIRECTION ( 'NONE',  ( -1.000000000000000000, 0.000000000000000000, -1.156482317317871478E-16 ) ) ;
#1211 = DIRECTION ( 'NONE',  ( -1.000000000000000000, 0.000000000000000000, 0.000000000000000000 ) ) ;
#1212 = CARTESIAN_POINT ( 'NONE',  ( -8.000000000000000000, -20.50000000000000000, 19.99999999999999645 ) ) ;
#1213 = EDGE_LOOP ( 'NONE', ( #1699, #1241, #2090, #1173 ) ) ;
#1214 = DIRECTION ( 'NONE',  ( 0.000000000000000000, 0.000000000000000000, -1.000000000000000000 ) ) ;
#1215 = CARTESIAN_POINT ( 'NONE',  ( -27.99999999999999645, -20.00000000000000000, 20.99999999999999645 ) ) ;
#1216 = ORIENTED_EDGE ( 'NONE', *, *, #1619, .F. ) ;
#1217 = CARTESIAN_POINT ( 'NONE',  ( -27.30000000000000426, -2.999999999999998224, 14.50000000000000533 ) ) ;
#1218 = VERTEX_POINT ( 'NONE', #28 ) ;
#1219 = CIRCLE ( 'NONE', #1997, 1.500000000000003997 ) ;
#1220 = DIRECTION ( 'NONE',  ( 0.000000000000000000, 0.000000000000000000, 1.000000000000000000 ) ) ;
#1221 = CARTESIAN_POINT ( 'NONE',  ( 31.60000000000002274, 5.000000000000000000, -5.499999999999995559 ) ) ;
#1222 = AXIS2_PLACEMENT_3D ( 'NONE', #524, #1169, #321 ) ;
#1223 = AXIS2_PLACEMENT_3D ( 'NONE', #161, #2164, #125 ) ;
#1224 = ORIENTED_EDGE ( 'NONE', *, *, #875, .F. ) ;
#1225 = DIRECTION ( 'NONE',  ( 1.000000000000000000, -0.000000000000000000, 0.000000000000000000 ) ) ;
#1226 = AXIS2_PLACEMENT_3D ( 'NONE', #206, #362, #423 ) ;
#1227 = CARTESIAN_POINT ( 'NONE',  ( -32.00000000000000000, -10.00000000000000000, 19.99999999999999645 ) ) ;
#1228 = EDGE_CURVE ( 'NONE', #1054, #1529, #1016, .T. ) ;
#1229 = ORIENTED_EDGE ( 'NONE', *, *, #2151, .T. ) ;
#1230 = FACE_BOUND ( 'NONE', #537, .T. ) ;
#1231 = ORIENTED_EDGE ( 'NONE', *, *, #1075, .F. ) ;
#1232 = CARTESIAN_POINT ( 'NONE',  ( 31.60000000000002274, 0.000000000000000000, -13.49999999999999112 ) ) ;
#1233 = FACE_OUTER_BOUND ( 'NONE', #1781, .T. ) ;
#1234 = EDGE_CURVE ( 'NONE', #600, #1143, #379, .T. ) ;
#1235 = DATE_AND_TIME ( #29, #191 ) ;
#1236 = ORIENTED_EDGE ( 'NONE', *, *, #1453, .F. ) ;
#1237 = DIRECTION ( 'NONE',  ( -0.000000000000000000, -0.000000000000000000, -1.000000000000000000 ) ) ;
#1238 = PLANE ( 'NONE',  #1150 ) ;
#1239 = ORIENTED_EDGE ( 'NONE', *, *, #1526, .T. ) ;
#1240 = LINE ( 'NONE', #584, #1607 ) ;
#1241 = ORIENTED_EDGE ( 'NONE', *, *, #1326, .T. ) ;
#1242 = ADVANCED_FACE ( 'NONE', ( #1737, #1233 ), #1911, .T. ) ;
#1243 = PLANE ( 'NONE',  #1365 ) ;
#1244 = EDGE_CURVE ( 'NONE', #340, #1152, #1434, .T. ) ;
#1245 = CC_DESIGN_PERSON_AND_ORGANIZATION_ASSIGNMENT ( #495, #1668, ( #1459 ) ) ;
#1246 = ORIENTED_EDGE ( 'NONE', *, *, #2059, .T. ) ;
#1247 = DIRECTION ( 'NONE',  ( 0.000000000000000000, 0.000000000000000000, 1.000000000000000000 ) ) ;
#1248 = FACE_OUTER_BOUND ( 'NONE', #1032, .T. ) ;
#1249 = ORIENTED_EDGE ( 'NONE', *, *, #1878, .T. ) ;
#1250 = DIRECTION ( 'NONE',  ( -0.000000000000000000, -1.000000000000000000, -0.000000000000000000 ) ) ;
#1251 = ORIENTED_EDGE ( 'NONE', *, *, #885, .T. ) ;
#1252 = VECTOR ( 'NONE', #1617, 1000.000000000000000 ) ;
#1253 = EDGE_CURVE ( 'NONE', #817, #2163, #52, .T. ) ;
#1254 = CARTESIAN_POINT ( 'NONE',  ( -27.30000000000000426, -36.00000000000000000, 19.99999999999999645 ) ) ;
#1255 = AXIS2_PLACEMENT_3D ( 'NONE', #678, #1036, #2058 ) ;
#1256 = CIRCLE ( 'NONE', #909, 1.000000000000002665 ) ;
#1257 = PERSON_AND_ORGANIZATION ( #1385, #912 ) ;
#1258 = ORIENTED_EDGE ( 'NONE', *, *, #788, .F. ) ;
#1259 = DIRECTION ( 'NONE',  ( -1.000000000000000000, 0.000000000000000000, 0.000000000000000000 ) ) ;
#1260 = LINE ( 'NONE', #1740, #1050 ) ;
#1261 = VECTOR ( 'NONE', #602, 1000.000000000000000 ) ;
#1262 = ORIENTED_EDGE ( 'NONE', *, *, #2124, .T. ) ;
#1263 = DIRECTION ( 'NONE',  ( 0.000000000000000000, -1.000000000000000000, 0.000000000000000000 ) ) ;
#1264 = ADVANCED_FACE ( 'NONE', ( #1978 ), #780, .F. ) ;
#1265 = ORIENTED_EDGE ( 'NONE', *, *, #1234, .T. ) ;
#1266 = DIRECTION ( 'NONE',  ( -0.000000000000000000, -0.000000000000000000, -1.000000000000000000 ) ) ;
#1267 = DIRECTION ( 'NONE',  ( 0.000000000000000000, 0.000000000000000000, 1.000000000000000000 ) ) ;
#1268 = DIRECTION ( 'NONE',  ( 0.000000000000000000, 1.000000000000000000, -0.000000000000000000 ) ) ;
#1269 = CARTESIAN_POINT ( 'NONE',  ( -31.00000000000000000, -20.00000000000000000, 22.99999999999999645 ) ) ;
#1270 = EDGE_LOOP ( 'NONE', ( #1448, #1068, #1092, #1503 ) ) ;
#1271 = DIRECTION ( 'NONE',  ( -0.000000000000000000, 0.000000000000000000, -1.000000000000000000 ) ) ;
#1272 = EDGE_CURVE ( 'NONE', #2021, #277, #2139, .T. ) ;
#1273 = EDGE_LOOP ( 'NONE', ( #1265, #967, #2193, #271 ) ) ;
#1274 = CARTESIAN_POINT ( 'NONE',  ( -30.00000000000000000, -20.00000000000000000, 20.99999999999999645 ) ) ;
#1275 = CARTESIAN_POINT ( 'NONE',  ( -15.00000000000000000, -10.00000000000000000, 22.99999999999999645 ) ) ;
#1276 = CARTESIAN_POINT ( 'NONE',  ( -31.59999999999998366, 5.000000000000000000, -8.500000000000003553 ) ) ;
#1277 = FACE_OUTER_BOUND ( 'NONE', #1467, .T. ) ;
#1278 = VERTEX_POINT ( 'NONE', #592 ) ;
#1279 = EDGE_CURVE ( 'NONE', #208, #1604, #953, .T. ) ;
#1280 = CARTESIAN_POINT ( 'NONE',  ( -8.000000000000000000, -23.50000000000000000, 22.99999999999999645 ) ) ;
#1281 = VERTEX_POINT ( 'NONE', #1484 ) ;
#1282 = DIRECTION ( 'NONE',  ( -1.000000000000000000, -0.000000000000000000, -8.673617379884035472E-17 ) ) ;
#1283 = DIRECTION ( 'NONE',  ( 0.000000000000000000, 0.000000000000000000, 1.000000000000000000 ) ) ;
#1284 = EDGE_CURVE ( 'NONE', #1100, #1089, #1029, .T. ) ;
#1285 = VECTOR ( 'NONE', #1779, 1000.000000000000000 ) ;
#1286 = LINE ( 'NONE', #1621, #836 ) ;
#1287 = AXIS2_PLACEMENT_3D ( 'NONE', #1180, #1862, #1893 ) ;
#1288 = VECTOR ( 'NONE', #1697, 1000.000000000000000 ) ;
#1289 = LINE ( 'NONE', #444, #1761 ) ;
#1290 = VERTEX_POINT ( 'NONE', #1667 ) ;
#1291 = CARTESIAN_POINT ( 'NONE',  ( -29.50000000000000355, -20.50000000000000355, 19.99999999999999645 ) ) ;
#1292 = VECTOR ( 'NONE', #758, 1000.000000000000000 ) ;
#1293 = EDGE_CURVE ( 'NONE', #1089, #2060, #1329, .T. ) ;
#1294 = EDGE_LOOP ( 'NONE', ( #400, #1103 ) ) ;
#1295 = DIRECTION ( 'NONE',  ( 0.000000000000000000, 0.000000000000000000, -1.000000000000000000 ) ) ;
#1296 = CIRCLE ( 'NONE', #2038, 1.500000000000003997 ) ;
#1297 = EDGE_CURVE ( 'NONE', #1022, #1339, #192, .T. ) ;
#1298 = DIRECTION ( 'NONE',  ( 0.000000000000000000, -1.000000000000000000, 0.000000000000000000 ) ) ;
#1299 = EDGE_CURVE ( 'NONE', #1487, #1954, #492, .T. ) ;
#1300 = DIRECTION ( 'NONE',  ( -1.084202172485504311E-16, 0.000000000000000000, 1.000000000000000000 ) ) ;
#1301 = ORIENTED_EDGE ( 'NONE', *, *, #3, .T. ) ;
#1302 = DIRECTION ( 'NONE',  ( 0.000000000000000000, 0.000000000000000000, -1.000000000000000000 ) ) ;
#1303 = ORIENTED_EDGE ( 'NONE', *, *, #315, .T. ) ;
#1304 = CARTESIAN_POINT ( 'NONE',  ( 2.699999999999993960, -2.999999999999998224, 14.50000000000000888 ) ) ;
#1305 = ORIENTED_EDGE ( 'NONE', *, *, #834, .T. ) ;
#1306 = EDGE_CURVE ( 'NONE', #1796, #361, #1364, .T. ) ;
#1307 = VERTEX_POINT ( 'NONE', #327 ) ;
#1308 = CARTESIAN_POINT ( 'NONE',  ( -32.50000000000000000, 0.000000000000000000, 19.99999999999999645 ) ) ;
#1309 = B_SPLINE_CURVE_WITH_KNOTS ( 'NONE', 3,
 ( #172, #1200, #1712, #1440, #1400, #378, #1563, #354, #1605, #92 ),
 .UNSPECIFIED., .F., .F.,
 ( 4, 2, 2, 2, 4 ),
 ( 0.000000000000000000, 0.0006277317829492153056, 0.001255463565898430611, 0.001883195348847645917, 0.002510927131796861222 ),
 .UNSPECIFIED. ) ;
#1310 = CARTESIAN_POINT ( 'NONE',  ( -5.000000000000000888, 0.000000000000000000, 22.99999999999999645 ) ) ;
#1311 = ORIENTED_EDGE ( 'NONE', *, *, #1098, .T. ) ;
#1312 = CARTESIAN_POINT ( 'NONE',  ( -27.30000000000000426, 0.000000000000000000, -2.367897544708342078E-15 ) ) ;
#1313 = EDGE_LOOP ( 'NONE', ( #1886, #1672, #1647, #2155, #1427 ) ) ;
#1314 = LINE ( 'NONE', #1142, #1357 ) ;
#1315 = EDGE_CURVE ( 'NONE', #1604, #686, #983, .T. ) ;
#1316 = EDGE_CURVE ( 'NONE', #558, #1181, #297, .T. ) ;
#1317 = LINE ( 'NONE', #296, #1937 ) ;
#1318 = CARTESIAN_POINT ( 'NONE',  ( -30.00000000000000000, -10.00000000000000000, 20.99999999999999645 ) ) ;
#1319 = ORIENTED_EDGE ( 'NONE', *, *, #2116, .F. ) ;
#1320 = CARTESIAN_POINT ( 'NONE',  ( -30.00000000000000000, -10.00000000000000000, 22.99999999999999645 ) ) ;
#1321 = VECTOR ( 'NONE', #1514, 1000.000000000000000 ) ;
#1322 = CARTESIAN_POINT ( 'NONE',  ( -24.30000000000000426, -32.99999999999999289, 16.99999999999999645 ) ) ;
#1323 = AXIS2_PLACEMENT_3D ( 'NONE', #1381, #1549, #2023 ) ;
#1324 = ORIENTED_EDGE ( 'NONE', *, *, #969, .T. ) ;
#1325 = PLANE ( 'NONE',  #904 ) ;
#1326 = EDGE_CURVE ( 'NONE', #652, #202, #1691, .T. ) ;
#1327 = AXIS2_PLACEMENT_3D ( 'NONE', #1841, #1833, #171 ) ;
#1328 = VECTOR ( 'NONE', #53, 1000.000000000000000 ) ;
#1329 = LINE ( 'NONE', #2007, #1188 ) ;
#1330 = DIRECTION ( 'NONE',  ( -0.000000000000000000, -0.000000000000000000, -1.000000000000000000 ) ) ;
#1331 = APPLICATION_CONTEXT ( 'configuration controlled 3d designs of mechanical parts and assemblies' ) ;
#1332 = COORDINATED_UNIVERSAL_TIME_OFFSET ( 8, 0, .AHEAD. ) ;
#1333 = ORIENTED_EDGE ( 'NONE', *, *, #1473, .F. ) ;
#1334 = LINE ( 'NONE', #664, #407 ) ;
#1335 = DIRECTION ( 'NONE',  ( 0.000000000000000000, 0.000000000000000000, 1.000000000000000000 ) ) ;
#1336 = EDGE_CURVE ( 'NONE', #1909, #1796, #83, .T. ) ;
#1337 = ORIENTED_EDGE ( 'NONE', *, *, #251, .F. ) ;
#1338 = FACE_OUTER_BOUND ( 'NONE', #1207, .T. ) ;
#1339 = VERTEX_POINT ( 'NONE', #482 ) ;
#1340 = CARTESIAN_POINT ( 'NONE',  ( -12.50000000000000000, -20.00000000000000000, 20.99999999999999645 ) ) ;
#1341 = CARTESIAN_POINT ( 'NONE',  ( -29.50000000000000355, -23.50000000000000355, 19.99999999999999645 ) ) ;
#1342 = CYLINDRICAL_SURFACE ( 'NONE', #622, 1.499999999999997780 ) ;
#1343 = PERSON_AND_ORGANIZATION_ROLE ( 'creator' ) ;
#1344 = ORIENTED_EDGE ( 'NONE', *, *, #689, .F. ) ;
#1345 = LINE ( 'NONE', #1179, #295 ) ;
#1346 = CARTESIAN_POINT ( 'NONE',  ( 2.699999999999993960, -2.999999999999998224, 13.00000000000001066 ) ) ;
#1347 = ORIENTED_EDGE ( 'NONE', *, *, #1115, .T. ) ;
#1348 = DIRECTION ( 'NONE',  ( 0.000000000000000000, 0.000000000000000000, -1.000000000000000000 ) ) ;
#1349 = ORIENTED_EDGE ( 'NONE', *, *, #70, .T. ) ;
#1350 = CARTESIAN_POINT ( 'NONE',  ( 31.60000000000002274, 5.000000000000000000, -16.50000000000000000 ) ) ;
#1351 = DIRECTION ( 'NONE',  ( 1.000000000000000000, 0.000000000000000000, 0.000000000000000000 ) ) ;
#1352 = EDGE_LOOP ( 'NONE', ( #79, #486 ) ) ;
#1353 = CARTESIAN_POINT ( 'NONE',  ( -34.43654529517441176, 4.990616072768281342, 19.30090975996454361 ) ) ;
#1354 = PLANE ( 'NONE',  #1323 ) ;
#1355 = ORIENTED_EDGE ( 'NONE', *, *, #529, .T. ) ;
#1356 = CYLINDRICAL_SURFACE ( 'NONE', #1751, 1.000000000000000888 ) ;
#1357 = VECTOR ( 'NONE', #281, 1000.000000000000000 ) ;
#1358 = ADVANCED_FACE ( 'NONE', ( #2019, #858, #1175, #823, #470 ), #995, .T. ) ;
#1359 = AXIS2_PLACEMENT_3D ( 'NONE', #852, #2056, #842 ) ;
#1360 = AXIS2_PLACEMENT_3D ( 'NONE', #568, #1268, #1247 ) ;
#1361 = ORIENTED_EDGE ( 'NONE', *, *, #1293, .T. ) ;
#1362 = ADVANCED_FACE ( 'NONE', ( #2190 ), #644, .T. ) ;
#1363 = CIRCLE ( 'NONE', #372, 1.000000000000000888 ) ;
#1364 = LINE ( 'NONE', #344, #2183 ) ;
#1365 = AXIS2_PLACEMENT_3D ( 'NONE', #16, #921, #1920 ) ;
#1366 = VECTOR ( 'NONE', #417, 1000.000000000000000 ) ;
#1367 = APPLICATION_PROTOCOL_DEFINITION ( 'international standard', 'config_control_design', 1994, #1331 ) ;
#1368 = CC_DESIGN_DATE_AND_TIME_ASSIGNMENT ( #849, #1518, ( #856 ) ) ;
#1369 = ORIENTED_EDGE ( 'NONE', *, *, #243, .T. ) ;
#1370 = EDGE_CURVE ( 'NONE', #1060, #1411, #1493, .T. ) ;
#1371 = DIRECTION ( 'NONE',  ( 0.000000000000000000, 0.000000000000000000, -1.000000000000000000 ) ) ;
#1372 = CARTESIAN_POINT ( 'NONE',  ( 27.49999999999998934, 1.500000000000000000, -20.00000000000000355 ) ) ;
#1373 = ORIENTED_EDGE ( 'NONE', *, *, #737, .T. ) ;
#1374 = CARTESIAN_POINT ( 'NONE',  ( -15.00000000000000000, -20.00000000000000000, 19.99999999999999645 ) ) ;
#1375 = ORIENTED_EDGE ( 'NONE', *, *, #1253, .T. ) ;
#1376 = LINE ( 'NONE', #1554, #2003 ) ;
#1377 = FACE_BOUND ( 'NONE', #679, .T. ) ;
#1378 = LINE ( 'NONE', #1167, #908 ) ;
#1379 = VERTEX_POINT ( 'NONE', #670 ) ;
#1380 = CARTESIAN_POINT ( 'NONE',  ( -15.00000000000000000, -20.00000000000000000, 20.99999999999999645 ) ) ;
#1381 = CARTESIAN_POINT ( 'NONE',  ( 0.000000000000000000, 1.500000000000000000, 0.000000000000000000 ) ) ;
#1382 = ORIENTED_EDGE ( 'NONE', *, *, #1006, .T. ) ;
#1383 = CYLINDRICAL_SURFACE ( 'NONE', #1081, 2.000000000000001776 ) ;
#1384 = ORIENTED_EDGE ( 'NONE', *, *, #273, .F. ) ;
#1385 = PERSON ( 'æœª', 'æœª', 'æœª', ('æœª'), ('æœª'), ('æœª') ) ;
#1386 = DIRECTION ( 'NONE',  ( 0.000000000000000000, 0.000000000000000000, 1.000000000000000000 ) ) ;
#1387 = DIRECTION ( 'NONE',  ( -0.000000000000000000, -1.000000000000000000, 0.000000000000000000 ) ) ;
#1388 = DIRECTION ( 'NONE',  ( 0.000000000000000000, 0.000000000000000000, 1.000000000000000000 ) ) ;
#1389 = ORIENTED_EDGE ( 'NONE', *, *, #146, .F. ) ;
#1390 = DIRECTION ( 'NONE',  ( 0.000000000000000000, -0.000000000000000000, -1.000000000000000000 ) ) ;
#1391 = EDGE_CURVE ( 'NONE', #489, #1077, #1317, .T. ) ;
#1392 = CARTESIAN_POINT ( 'NONE',  ( -31.59999999999998366, 0.000000000000000000, -5.499999999999994671 ) ) ;
#1393 = ORIENTED_EDGE ( 'NONE', *, *, #380, .F. ) ;
#1394 = CARTESIAN_POINT ( 'NONE',  ( 31.60000000000002274, 5.000000000000000000, -14.99999999999999645 ) ) ;
#1395 = AXIS2_PLACEMENT_3D ( 'NONE', #27, #1266, #1104 ) ;
#1396 = EDGE_LOOP ( 'NONE', ( #1073, #1819, #854, #342 ) ) ;
#1397 = ADVANCED_FACE ( 'NONE', ( #2174 ), #520, .F. ) ;
#1398 = CIRCLE ( 'NONE', #504, 2.499999999999998668 ) ;
#1399 = CARTESIAN_POINT ( 'NONE',  ( -30.00000000000000000, -20.00000000000000000, 19.99999999999999645 ) ) ;
#1400 = CARTESIAN_POINT ( 'NONE',  ( 33.91704135656873120, 4.947379251059727423, 19.65251597663900540 ) ) ;
#1401 = ORIENTED_EDGE ( 'NONE', *, *, #101, .T. ) ;
#1402 = LINE ( 'NONE', #2078, #587 ) ;
#1403 = VECTOR ( 'NONE', #93, 1000.000000000000000 ) ;
#1404 = LINE ( 'NONE', #1770, #1753 ) ;
#1405 = ORIENTED_EDGE ( 'NONE', *, *, #1075, .T. ) ;
#1406 = DIRECTION ( 'NONE',  ( -0.000000000000000000, 0.000000000000000000, 1.000000000000000000 ) ) ;
#1407 = VERTEX_POINT ( 'NONE', #1508 ) ;
#1408 = DIRECTION ( 'NONE',  ( -0.000000000000000000, -0.000000000000000000, -1.000000000000000000 ) ) ;
#1409 = DIRECTION ( 'NONE',  ( 0.000000000000000000, 0.000000000000000000, -1.000000000000000000 ) ) ;
#1410 = SHAPE_DEFINITION_REPRESENTATION ( #484, #1548 ) ;
#1411 = VERTEX_POINT ( 'NONE', #309 ) ;
#1412 = CARTESIAN_POINT ( 'NONE',  ( -15.00000000000000000, -10.00000000000000000, 20.99999999999999645 ) ) ;
#1413 = EDGE_CURVE ( 'NONE', #1487, #1379, #1866, .T. ) ;
#1414 = FACE_OUTER_BOUND ( 'NONE', #1696, .T. ) ;
#1415 = EDGE_LOOP ( 'NONE', ( #1872, #1877, #718, #15 ) ) ;
#1416 = CYLINDRICAL_SURFACE ( 'NONE', #1183, 1.500000000000004885 ) ;
#1417 = VERTEX_POINT ( 'NONE', #835 ) ;
#1418 = LINE ( 'NONE', #556, #769 ) ;
#1419 = CARTESIAN_POINT ( 'NONE',  ( -27.30000000000000426, -15.99999999999999645, -4.084626660725770454E-16 ) ) ;
#1420 = PERSON_AND_ORGANIZATION_ROLE ( 'creator' ) ;
#1421 = ORIENTED_EDGE ( 'NONE', *, *, #907, .F. ) ;
#1422 = DIRECTION ( 'NONE',  ( -0.000000000000000000, -0.000000000000000000, -1.000000000000000000 ) ) ;
#1423 = EDGE_CURVE ( 'NONE', #609, #1881, #722, .T. ) ;
#1424 = CARTESIAN_POINT ( 'NONE',  ( -5.000000000000000888, 0.000000000000000000, 22.99999999999999645 ) ) ;
#1425 = EDGE_LOOP ( 'NONE', ( #1546, #928 ) ) ;
#1426 = FACE_OUTER_BOUND ( 'NONE', #1070, .T. ) ;
#1427 = ORIENTED_EDGE ( 'NONE', *, *, #1284, .T. ) ;
#1428 = FACE_OUTER_BOUND ( 'NONE', #1168, .T. ) ;
#1429 = AXIS2_PLACEMENT_3D ( 'NONE', #464, #2187, #1125 ) ;
#1430 = VECTOR ( 'NONE', #925, 1000.000000000000000 ) ;
#1431 = AXIS2_PLACEMENT_3D ( 'NONE', #1836, #1302, #775 ) ;
#1432 = PERSON_AND_ORGANIZATION ( #1385, #912 ) ;
#1433 = CARTESIAN_POINT ( 'NONE',  ( -34.59450049995793108, 5.000000000000000000, 19.15827725159338968 ) ) ;
#1434 = CIRCLE ( 'NONE', #2108, 12.00000000000000178 ) ;
#1435 = DIRECTION ( 'NONE',  ( -0.000000000000000000, -1.000000000000000000, -0.000000000000000000 ) ) ;
#1436 = VECTOR ( 'NONE', #505, 1000.000000000000000 ) ;
#1437 = EDGE_LOOP ( 'NONE', ( #256, #1943, #121, #133 ) ) ;
#1438 = DIRECTION ( 'NONE',  ( -0.000000000000000000, -1.000000000000000000, 0.000000000000000000 ) ) ;
#1439 = ORIENTED_EDGE ( 'NONE', *, *, #513, .F. ) ;
#1440 = CARTESIAN_POINT ( 'NONE',  ( 34.10145129253449170, 4.964584176882409494, 19.54539872219870844 ) ) ;
#1441 = CARTESIAN_POINT ( 'NONE',  ( 35.49999999999999289, 0.000000000000000000, 0.000000000000000000 ) ) ;
#1442 = DIRECTION ( 'NONE',  ( 0.000000000000000000, 0.000000000000000000, -1.000000000000000000 ) ) ;
#1443 = CARTESIAN_POINT ( 'NONE',  ( -34.73606797749979336, 5.000000000000000000, 18.99999999999999645 ) ) ;
#1444 = CARTESIAN_POINT ( 'NONE',  ( -15.00000000000000000, -20.00000000000000000, 20.99999999999999645 ) ) ;
#1445 = EDGE_LOOP ( 'NONE', ( #1810, #2171 ) ) ;
#1446 = CARTESIAN_POINT ( 'NONE',  ( 2.699999999999993960, -29.00000000000000000, -12.99999999999999112 ) ) ;
#1447 = APPLICATION_CONTEXT ( 'configuration controlled 3d designs of mechanical parts and assemblies' ) ;
#1448 = ORIENTED_EDGE ( 'NONE', *, *, #110, .F. ) ;
#1449 = CYLINDRICAL_SURFACE ( 'NONE', #2096, 2.000000000000001776 ) ;
#1450 = EDGE_CURVE ( 'NONE', #2209, #2017, #734, .T. ) ;
#1451 = DIRECTION ( 'NONE',  ( -1.084202172485504311E-16, 0.000000000000000000, 1.000000000000000000 ) ) ;
#1452 = CARTESIAN_POINT ( 'NONE',  ( -32.50000000000000000, 1.000000000000000000, 18.99999999999999645 ) ) ;
#1453 = EDGE_CURVE ( 'NONE', #523, #1474, #564, .T. ) ;
#1454 = FACE_OUTER_BOUND ( 'NONE', #740, .T. ) ;
#1455 = ORIENTED_EDGE ( 'NONE', *, *, #1315, .F. ) ;
#1456 = CARTESIAN_POINT ( 'NONE',  ( -29.50000000000000355, -20.50000000000000355, 22.99999999999999645 ) ) ;
#1457 = ORIENTED_EDGE ( 'NONE', *, *, #1482, .F. ) ;
#1458 = CARTESIAN_POINT ( 'NONE',  ( -30.00000000000000000, -10.00000000000000000, 20.99999999999999645 ) ) ;
#1459 = PRODUCT ( '\X2\5e7363a87535673a56fa5b9a677f\X0\35\X2\7535673a\X0\', '\X2\5e7363a87535673a56fa5b9a677f\X0\35\X2\7535673a\X0\', '', ( #2042 ) ) ;
#1460 = EDGE_CURVE ( 'NONE', #1417, #1027, #1376, .T. ) ;
#1461 = ORIENTED_EDGE ( 'NONE', *, *, #1316, .T. ) ;
#1462 = CIRCLE ( 'NONE', #906, 2.999999999999999112 ) ;
#1463 = LINE ( 'NONE', #963, #1935 ) ;
#1464 = CIRCLE ( 'NONE', #1721, 1.000000000000000888 ) ;
#1465 = AXIS2_PLACEMENT_3D ( 'NONE', #1446, #2134, #1139 ) ;
#1466 = DIRECTION ( 'NONE',  ( -1.000000000000000000, 0.000000000000000000, -0.000000000000000000 ) ) ;
#1467 = EDGE_LOOP ( 'NONE', ( #1333, #1138, #1830, #1393 ) ) ;
#1468 = CARTESIAN_POINT ( 'NONE',  ( -12.50000000000000000, -20.00000000000000000, 20.99999999999999645 ) ) ;
#1469 = AXIS2_PLACEMENT_3D ( 'NONE', #1577, #1590, #895 ) ;
#1470 = CIRCLE ( 'NONE', #552, 2.999999999999999112 ) ;
#1471 = EDGE_LOOP ( 'NONE', ( #1594, #2039 ) ) ;
#1472 = CARTESIAN_POINT ( 'NONE',  ( -27.99999999999999645, -20.00000000000000000, 20.99999999999999645 ) ) ;
#1473 = EDGE_CURVE ( 'NONE', #1773, #1686, #2146, .T. ) ;
#1474 = VERTEX_POINT ( 'NONE', #377 ) ;
#1475 = DIRECTION ( 'NONE',  ( -0.000000000000000000, -0.000000000000000000, -1.000000000000000000 ) ) ;
#1476 = CARTESIAN_POINT ( 'NONE',  ( 31.60000000000002274, 5.000000000000000000, -6.999999999999999112 ) ) ;
#1477 = VERTEX_POINT ( 'NONE', #196 ) ;
#1478 = DIRECTION ( 'NONE',  ( 0.000000000000000000, -0.000000000000000000, -1.000000000000000000 ) ) ;
#1479 = EDGE_CURVE ( 'NONE', #2163, #817, #337, .T. ) ;
#1480 = ORIENTED_EDGE ( 'NONE', *, *, #2013, .T. ) ;
#1481 = LINE ( 'NONE', #2162, #148 ) ;
#1482 = EDGE_CURVE ( 'NONE', #840, #811, #1613, .T. ) ;
#1483 = ORIENTED_EDGE ( 'NONE', *, *, #343, .F. ) ;
#1484 = CARTESIAN_POINT ( 'NONE',  ( -24.30000000000000426, -36.00000000000000000, -17.00000000000000355 ) ) ;
#1485 = CARTESIAN_POINT ( 'NONE',  ( -30.00000000000000000, -20.00000000000000000, 22.99999999999999645 ) ) ;
#1486 = DIRECTION ( 'NONE',  ( -0.000000000000000000, 0.000000000000000000, 1.000000000000000000 ) ) ;
#1487 = VERTEX_POINT ( 'NONE', #1910 ) ;
#1488 = EDGE_CURVE ( 'NONE', #259, #1307, #1080, .T. ) ;
#1489 = FACE_OUTER_BOUND ( 'NONE', #1109, .T. ) ;
#1490 = CARTESIAN_POINT ( 'NONE',  ( 31.60000000000002274, 0.000000000000000000, -5.499999999999995559 ) ) ;
#1491 = ORIENTED_EDGE ( 'NONE', *, *, #569, .T. ) ;
#1492 = LINE ( 'NONE', #1472, #1496 ) ;
#1493 = LINE ( 'NONE', #2, #1436 ) ;
#1494 = LINE ( 'NONE', #645, #38 ) ;
#1495 = CYLINDRICAL_SURFACE ( 'NONE', #1014, 1.000000000000000888 ) ;
#1496 = VECTOR ( 'NONE', #633, 1000.000000000000000 ) ;
#1497 = CALENDAR_DATE ( 2026, 8, 5 ) ;
#1498 = EDGE_LOOP ( 'NONE', ( #2159, #727 ) ) ;
#1499 = FACE_BOUND ( 'NONE', #1294, .T. ) ;
#1500 = CIRCLE ( 'NONE', #466, 1.499999999999999556 ) ;
#1501 = EDGE_CURVE ( 'NONE', #1773, #1152, #893, .T. ) ;
#1502 = CARTESIAN_POINT ( 'NONE',  ( 0.000000000000000000, 5.000000000000000000, 19.99999999999999645 ) ) ;
#1503 = ORIENTED_EDGE ( 'NONE', *, *, #985, .F. ) ;
#1504 = FACE_OUTER_BOUND ( 'NONE', #244, .T. ) ;
#1505 = CIRCLE ( 'NONE', #766, 4.000000000000000000 ) ;
#1506 = ORIENTED_EDGE ( 'NONE', *, *, #868, .T. ) ;
#1507 = VECTOR ( 'NONE', #1618, 1000.000000000000000 ) ;
#1508 = CARTESIAN_POINT ( 'NONE',  ( 27.49999999999999289, 1.500000000000000000, 19.99999999999999645 ) ) ;
#1509 = DIRECTION ( 'NONE',  ( 0.000000000000000000, 0.000000000000000000, -1.000000000000000000 ) ) ;
#1510 = EDGE_LOOP ( 'NONE', ( #1171, #170 ) ) ;
#1511 = DIRECTION ( 'NONE',  ( 0.000000000000000000, 0.000000000000000000, 1.000000000000000000 ) ) ;
#1512 = DIRECTION ( 'NONE',  ( 0.000000000000000000, -1.000000000000000000, 0.000000000000000000 ) ) ;
#1513 = ORIENTED_EDGE ( 'NONE', *, *, #2103, .T. ) ;
#1514 = DIRECTION ( 'NONE',  ( -0.000000000000000000, -0.000000000000000000, 1.000000000000000000 ) ) ;
#1515 = EDGE_LOOP ( 'NONE', ( #204, #142 ) ) ;
#1516 = EDGE_CURVE ( 'NONE', #1748, #1722, #1296, .T. ) ;
#1517 = DIRECTION ( 'NONE',  ( 0.000000000000000000, 1.000000000000000000, -0.000000000000000000 ) ) ;
#1518 = DATE_TIME_ROLE ( 'creation_date' ) ;
#1519 = ORIENTED_EDGE ( 'NONE', *, *, #408, .F. ) ;
#1520 = CARTESIAN_POINT ( 'NONE',  ( -33.53282320238552217, 4.915093012201483091, 19.82438184641225831 ) ) ;
#1521 = EDGE_CURVE ( 'NONE', #404, #1945, #231, .T. ) ;
#1522 = DIRECTION ( 'NONE',  ( 0.000000000000000000, 0.000000000000000000, -1.000000000000000000 ) ) ;
#1523 = ORIENTED_EDGE ( 'NONE', *, *, #1453, .T. ) ;
#1524 = LINE ( 'NONE', #159, #437 ) ;
#1525 = ORIENTED_EDGE ( 'NONE', *, *, #1878, .F. ) ;
#1526 = EDGE_CURVE ( 'NONE', #1025, #1339, #1418, .T. ) ;
#1527 = CARTESIAN_POINT ( 'NONE',  ( -35.50000000000000711, 5.000000000000000000, 0.000000000000000000 ) ) ;
#1528 = CARTESIAN_POINT ( 'NONE',  ( 34.73606797749977915, 5.000000000000000000, 18.99999999999999645 ) ) ;
#1529 = VERTEX_POINT ( 'NONE', #398 ) ;
#1530 = CARTESIAN_POINT ( 'NONE',  ( -27.30000000000000426, -29.00000000000000000, 13.00000000000000533 ) ) ;
#1531 = CIRCLE ( 'NONE', #185, 1.499999999999997780 ) ;
#1532 = CARTESIAN_POINT ( 'NONE',  ( -27.30000000000000426, -36.00000000000000000, 16.99999999999999645 ) ) ;
#1533 = ORIENTED_EDGE ( 'NONE', *, *, #1652, .T. ) ;
#1534 = DIRECTION ( 'NONE',  ( -0.000000000000000000, -0.000000000000000000, -1.000000000000000000 ) ) ;
#1535 = AXIS2_PLACEMENT_3D ( 'NONE', #1291, #1662, #452 ) ;
#1536 = CIRCLE ( 'NONE', #1184, 2.000000000000001776 ) ;
#1537 = VECTOR ( 'NONE', #1624, 1000.000000000000000 ) ;
#1538 = ORIENTED_EDGE ( 'NONE', *, *, #3, .F. ) ;
#1539 = LOCAL_TIME ( 12, 5, 39.00000000000000000, #566 ) ;
#1540 = CIRCLE ( 'NONE', #731, 2.999999999999999112 ) ;
#1541 = CARTESIAN_POINT ( 'NONE',  ( -32.50000000000000000, 5.000000000000000000, -20.00000000000000355 ) ) ;
#1542 = CIRCLE ( 'NONE', #85, 2.999999999999999112 ) ;
#1543 = CARTESIAN_POINT ( 'NONE',  ( 32.49999999999998579, 5.000000000000000000, -17.00000000000000355 ) ) ;
#1544 = DIRECTION ( 'NONE',  ( 0.000000000000000000, 0.000000000000000000, 1.000000000000000000 ) ) ;
#1545 = PERSON_AND_ORGANIZATION ( #1385, #912 ) ;
#1546 = ORIENTED_EDGE ( 'NONE', *, *, #511, .T. ) ;
#1547 = CARTESIAN_POINT ( 'NONE',  ( -5.000000000000000888, -20.50000000000000000, 22.99999999999999645 ) ) ;
#1548 = ADVANCED_BREP_SHAPE_REPRESENTATION ( '\X2\5e7363a87535673a56fa5b9a677f\X0\35\X2\7535673a\X0\', ( #387, #1575 ), #48 ) ;
#1549 = DIRECTION ( 'NONE',  ( 0.000000000000000000, 1.000000000000000000, 0.000000000000000000 ) ) ;
#1550 = EDGE_LOOP ( 'NONE', ( #269, #2204 ) ) ;
#1551 = DIRECTION ( 'NONE',  ( -0.000000000000000000, -0.000000000000000000, 1.000000000000000000 ) ) ;
#1552 = EDGE_LOOP ( 'NONE', ( #850, #1513 ) ) ;
#1553 = EDGE_CURVE ( 'NONE', #1731, #686, #2050, .T. ) ;
#1554 = CARTESIAN_POINT ( 'NONE',  ( 2.699999999999993960, -29.00000000000000000, 14.50000000000000711 ) ) ;
#1555 = CYLINDRICAL_SURFACE ( 'NONE', #1395, 2.499999999999998668 ) ;
#1556 = ORIENTED_EDGE ( 'NONE', *, *, #177, .T. ) ;
#1557 = CARTESIAN_POINT ( 'NONE',  ( -29.50000000000000355, -23.50000000000000355, 19.99999999999999645 ) ) ;
#1558 = LINE ( 'NONE', #2066, #1430 ) ;
#1559 = ORIENTED_EDGE ( 'NONE', *, *, #1553, .T. ) ;
#1560 = DIRECTION ( 'NONE',  ( -1.000000000000000000, 0.000000000000000000, 0.000000000000000000 ) ) ;
#1561 = ORIENTED_EDGE ( 'NONE', *, *, #1006, .F. ) ;
#1562 = CARTESIAN_POINT ( 'NONE',  ( 2.699999999999995293, -15.99999999999999645, -11.99999999999999822 ) ) ;
#1563 = CARTESIAN_POINT ( 'NONE',  ( 33.33636073204870343, 4.900278634362992491, 19.88876394945478410 ) ) ;
#1564 = ORIENTED_EDGE ( 'NONE', *, *, #1501, .F. ) ;
#1565 = FACE_OUTER_BOUND ( 'NONE', #1884, .T. ) ;
#1566 = CIRCLE ( 'NONE', #1783, 1.000000000000000888 ) ;
#1567 = CARTESIAN_POINT ( 'NONE',  ( -15.00000000000000000, -10.00000000000000000, 22.99999999999999645 ) ) ;
#1568 = ORIENTED_EDGE ( 'NONE', *, *, #66, .T. ) ;
#1569 = FACE_OUTER_BOUND ( 'NONE', #673, .T. ) ;
#1570 = CIRCLE ( 'NONE', #795, 1.499999999999997780 ) ;
#1571 = EDGE_LOOP ( 'NONE', ( #241, #356, #528, #1963 ) ) ;
#1572 = AXIS2_PLACEMENT_3D ( 'NONE', #1145, #1137, #956 ) ;
#1573 = AXIS2_PLACEMENT_3D ( 'NONE', #1825, #130, #990 ) ;
#1574 = DIRECTION ( 'NONE',  ( 1.000000000000000000, 0.000000000000000000, 0.000000000000000000 ) ) ;
#1575 = AXIS2_PLACEMENT_3D ( 'NONE', #694, #1857, #522 ) ;
#1576 = AXIS2_PLACEMENT_3D ( 'NONE', #253, #431, #2166 ) ;
#1577 = CARTESIAN_POINT ( 'NONE',  ( -24.30000000000000426, -15.99999999999999645, -6.151797087721567585E-17 ) ) ;
#1578 = AXIS2_PLACEMENT_3D ( 'NONE', #880, #1522, #1883 ) ;
#1579 = PERSON_AND_ORGANIZATION_ROLE ( 'design_supplier' ) ;
#1580 = VERTEX_POINT ( 'NONE', #1232 ) ;
#1581 = DIRECTION ( 'NONE',  ( 0.000000000000000000, 0.000000000000000000, -1.000000000000000000 ) ) ;
#1582 = AXIS2_PLACEMENT_3D ( 'NONE', #1622, #773, #1300 ) ;
#1583 = LINE ( 'NONE', #2113, #1082 ) ;
#1584 = ORIENTED_EDGE ( 'NONE', *, *, #74, .T. ) ;
#1585 = ADVANCED_FACE ( 'NONE', ( #2084 ), #1243, .T. ) ;
#1586 = CARTESIAN_POINT ( 'NONE',  ( -28.99999999999999645, -20.00000000000000000, 22.99999999999999645 ) ) ;
#1587 = VERTEX_POINT ( 'NONE', #703 ) ;
#1588 = LINE ( 'NONE', #747, #156 ) ;
#1589 = EDGE_CURVE ( 'NONE', #1628, #433, #1056, .T. ) ;
#1590 = DIRECTION ( 'NONE',  ( -1.000000000000000000, -0.000000000000000000, -8.673617379884035472E-17 ) ) ;
#1591 = ORIENTED_EDGE ( 'NONE', *, *, #1643, .T. ) ;
#1592 = FACE_OUTER_BOUND ( 'NONE', #426, .T. ) ;
#1593 = FACE_OUTER_BOUND ( 'NONE', #1124, .T. ) ;
#1594 = ORIENTED_EDGE ( 'NONE', *, *, #1516, .F. ) ;
#1595 = CARTESIAN_POINT ( 'NONE',  ( 0.000000000000000000, 0.000000000000000000, 19.99999999999999645 ) ) ;
#1596 = ORIENTED_EDGE ( 'NONE', *, *, #862, .F. ) ;
#1597 = CARTESIAN_POINT ( 'NONE',  ( -27.30000000000000426, -2.999999999999998224, 11.50000000000000888 ) ) ;
#1598 = EDGE_CURVE ( 'NONE', #843, #2043, #1588, .T. ) ;
#1599 = VERTEX_POINT ( 'NONE', #1711 ) ;
#1600 = CARTESIAN_POINT ( 'NONE',  ( -16.00000000000000355, -10.00000000000000000, 22.99999999999999645 ) ) ;
#1601 = CYLINDRICAL_SURFACE ( 'NONE', #1821, 1.500000000000004885 ) ;
#1602 = ORIENTED_EDGE ( 'NONE', *, *, #338, .F. ) ;
#1603 = PLANE ( 'NONE',  #2176 ) ;
#1604 = VERTEX_POINT ( 'NONE', #183 ) ;
#1605 = CARTESIAN_POINT ( 'NONE',  ( 32.71232959629989523, 4.872983346207417910, 19.99999999999999645 ) ) ;
#1606 = DIRECTION ( 'NONE',  ( 1.000000000000000000, 0.000000000000000000, 8.673617379884035472E-17 ) ) ;
#1607 = VECTOR ( 'NONE', #1263, 1000.000000000000000 ) ;
#1608 = AXIS2_PLACEMENT_3D ( 'NONE', #1567, #237, #1942 ) ;
#1609 = CIRCLE ( 'NONE', #1431, 2.499999999999998668 ) ;
#1610 = LINE ( 'NONE', #627, #1086 ) ;
#1611 = CIRCLE ( 'NONE', #1576, 1.499999999999999556 ) ;
#1612 = CARTESIAN_POINT ( 'NONE',  ( -27.30000000000000426, 0.000000000000000000, 19.99999999999999645 ) ) ;
#1613 = CIRCLE ( 'NONE', #230, 3.000000000000000000 ) ;
#1614 = ORIENTED_EDGE ( 'NONE', *, *, #1028, .T. ) ;
#1615 = CYLINDRICAL_SURFACE ( 'NONE', #1966, 2.999999999999999112 ) ;
#1616 = ORIENTED_EDGE ( 'NONE', *, *, #1284, .F. ) ;
#1617 = DIRECTION ( 'NONE',  ( -1.000000000000000000, -0.000000000000000000, -1.156482317317871478E-16 ) ) ;
#1618 = DIRECTION ( 'NONE',  ( -0.000000000000000000, -1.000000000000000000, -0.000000000000000000 ) ) ;
#1619 = EDGE_CURVE ( 'NONE', #896, #926, #871, .T. ) ;
#1620 = EDGE_CURVE ( 'NONE', #129, #1411, #879, .T. ) ;
#1621 = CARTESIAN_POINT ( 'NONE',  ( -28.99999999999999645, -20.00000000000000000, 22.99999999999999645 ) ) ;
#1622 = CARTESIAN_POINT ( 'NONE',  ( 2.699999999999993960, -15.99999999999999645, 3.060984285881037242E-15 ) ) ;
#1623 = EDGE_LOOP ( 'NONE', ( #23, #1525 ) ) ;
#1624 = DIRECTION ( 'NONE',  ( 1.000000000000000000, 0.000000000000000000, 0.000000000000000000 ) ) ;
#1625 = EDGE_CURVE ( 'NONE', #1881, #277, #1542, .T. ) ;
#1626 = ORIENTED_EDGE ( 'NONE', *, *, #2080, .F. ) ;
#1627 = CARTESIAN_POINT ( 'NONE',  ( 2.699999999999993960, -29.00000000000000000, 13.00000000000000888 ) ) ;
#1628 = VERTEX_POINT ( 'NONE', #1597 ) ;
#1629 = CARTESIAN_POINT ( 'NONE',  ( -30.00000000000000000, -20.00000000000000000, 19.99999999999999645 ) ) ;
#1630 = DIRECTION ( 'NONE',  ( -0.000000000000000000, -0.000000000000000000, -1.000000000000000000 ) ) ;
#1631 = EDGE_CURVE ( 'NONE', #68, #1111, #651, .T. ) ;
#1632 = DIRECTION ( 'NONE',  ( 0.000000000000000000, -1.000000000000000000, 0.000000000000000000 ) ) ;
#1633 = ORIENTED_EDGE ( 'NONE', *, *, #621, .F. ) ;
#1634 = CARTESIAN_POINT ( 'NONE',  ( -5.000000000000000888, 4.872983346207416133, 19.99999999999999645 ) ) ;
#1635 = EDGE_CURVE ( 'NONE', #2181, #600, #252, .T. ) ;
#1636 = VERTEX_POINT ( 'NONE', #1149 ) ;
#1637 = DIRECTION ( 'NONE',  ( -1.000000000000000000, -0.000000000000000000, -8.673617379884035472E-17 ) ) ;
#1638 = ADVANCED_FACE ( 'NONE', ( #575 ), #1956, .F. ) ;
#1639 = CIRCLE ( 'NONE', #2135, 1.499999999999999556 ) ;
#1640 = ORIENTED_EDGE ( 'NONE', *, *, #217, .T. ) ;
#1641 = VECTOR ( 'NONE', #1973, 1000.000000000000000 ) ;
#1642 = CARTESIAN_POINT ( 'NONE',  ( -31.59999999999998366, 5.000000000000000000, -15.00000000000000355 ) ) ;
#1643 = EDGE_CURVE ( 'NONE', #361, #472, #1470, .T. ) ;
#1644 = AXIS2_PLACEMENT_3D ( 'NONE', #752, #548, #1926 ) ;
#1645 = CIRCLE ( 'NONE', #1932, 1.000000000000004441 ) ;
#1646 = DIRECTION ( 'NONE',  ( 0.000000000000000000, 0.000000000000000000, -1.000000000000000000 ) ) ;
#1647 = ORIENTED_EDGE ( 'NONE', *, *, #2059, .F. ) ;
#1648 = CARTESIAN_POINT ( 'NONE',  ( 31.60000000000002274, 5.000000000000000000, -8.500000000000003553 ) ) ;
#1649 = EDGE_CURVE ( 'NONE', #404, #1130, #2109, .T. ) ;
#1650 = VECTOR ( 'NONE', #2041, 1000.000000000000000 ) ;
#1651 = VECTOR ( 'NONE', #929, 1000.000000000000000 ) ;
#1652 = EDGE_CURVE ( 'NONE', #1407, #1143, #2004, .T. ) ;
#1653 = ORIENTED_EDGE ( 'NONE', *, *, #182, .F. ) ;
#1654 = CARTESIAN_POINT ( 'NONE',  ( -15.00000000000000000, -20.00000000000000000, 22.99999999999999645 ) ) ;
#1655 = ORIENTED_EDGE ( 'NONE', *, *, #1808, .T. ) ;
#1656 = EDGE_CURVE ( 'NONE', #1089, #1636, #375, .T. ) ;
#1657 = DIRECTION ( 'NONE',  ( 0.000000000000000000, 0.000000000000000000, -1.000000000000000000 ) ) ;
#1658 = ORIENTED_EDGE ( 'NONE', *, *, #834, .F. ) ;
#1659 = CARTESIAN_POINT ( 'NONE',  ( -17.49999999999999645, -10.00000000000000000, 20.99999999999999645 ) ) ;
#1660 = CARTESIAN_POINT ( 'NONE',  ( -28.99999999999999645, -10.00000000000000000, 20.99999999999999645 ) ) ;
#1661 = ORIENTED_EDGE ( 'NONE', *, *, #1299, .F. ) ;
#1662 = DIRECTION ( 'NONE',  ( 0.000000000000000000, -0.000000000000000000, -1.000000000000000000 ) ) ;
#1663 = DIRECTION ( 'NONE',  ( 0.000000000000000000, 0.000000000000000000, -1.000000000000000000 ) ) ;
#1664 = ORIENTED_EDGE ( 'NONE', *, *, #1631, .T. ) ;
#1665 = CARTESIAN_POINT ( 'NONE',  ( -12.50000000000000000, -20.00000000000000000, 19.99999999999999645 ) ) ;
#1666 = UNCERTAINTY_MEASURE_WITH_UNIT (LENGTH_MEASURE( 1.000000000000000082E-05 ), #533, 'distance_accuracy_value', 'NONE');
#1667 = CARTESIAN_POINT ( 'NONE',  ( -27.99999999999999645, -10.00000000000000000, 20.99999999999999645 ) ) ;
#1668 = PERSON_AND_ORGANIZATION_ROLE ( 'design_owner' ) ;
#1669 = ORIENTED_EDGE ( 'NONE', *, *, #1516, .T. ) ;
#1670 = CARTESIAN_POINT ( 'NONE',  ( -28.99999999999999645, -10.00000000000000000, 22.99999999999999645 ) ) ;
#1671 = DIRECTION ( 'NONE',  ( -0.000000000000000000, -1.000000000000000000, 0.000000000000000000 ) ) ;
#1672 = ORIENTED_EDGE ( 'NONE', *, *, #465, .T. ) ;
#1673 = DIRECTION ( 'NONE',  ( 1.000000000000000000, -0.000000000000000000, 0.000000000000000000 ) ) ;
#1674 = VECTOR ( 'NONE', #824, 1000.000000000000000 ) ;
#1675 = DIRECTION ( 'NONE',  ( 0.000000000000000000, 1.000000000000000000, -0.000000000000000000 ) ) ;
#1676 = EDGE_CURVE ( 'NONE', #1796, #926, #952, .T. ) ;
#1677 = VECTOR ( 'NONE', #713, 1000.000000000000000 ) ;
#1678 = VECTOR ( 'NONE', #2025, 1000.000000000000000 ) ;
#1679 = APPLICATION_PROTOCOL_DEFINITION ( 'international standard', 'config_control_design', 1994, #1447 ) ;
#1680 = VERTEX_POINT ( 'NONE', #1829 ) ;
#1681 = DIRECTION ( 'NONE',  ( 0.000000000000000000, 0.000000000000000000, -1.000000000000000000 ) ) ;
#1682 = AXIS2_PLACEMENT_3D ( 'NONE', #1777, #2089, #570 ) ;
#1683 = AXIS2_PLACEMENT_3D ( 'NONE', #2210, #1551, #700 ) ;
#1684 = DIRECTION ( 'NONE',  ( -1.000000000000000000, -0.000000000000000000, -8.673617379884035472E-17 ) ) ;
#1685 = CIRCLE ( 'NONE', #440, 2.499999999999998668 ) ;
#1686 = VERTEX_POINT ( 'NONE', #2119 ) ;
#1687 = LINE ( 'NONE', #687, #1678 ) ;
#1688 = CIRCLE ( 'NONE', #659, 2.499999999999998668 ) ;
#1689 = ORIENTED_EDGE ( 'NONE', *, *, #1887, .T. ) ;
#1690 = CIRCLE ( 'NONE', #803, 2.999999999999999112 ) ;
#1691 = LINE ( 'NONE', #1340, #2002 ) ;
#1692 = CARTESIAN_POINT ( 'NONE',  ( 35.49999999999999289, 5.000000000000000000, 0.000000000000000000 ) ) ;
#1693 = FACE_OUTER_BOUND ( 'NONE', #1415, .T. ) ;
#1694 = EDGE_CURVE ( 'NONE', #792, #199, #770, .T. ) ;
#1695 = APPROVAL_ROLE ( '' ) ;
#1696 = EDGE_LOOP ( 'NONE', ( #1045, #881, #2168, #980, #1591, #1519, #1186, #677 ) ) ;
#1697 = DIRECTION ( 'NONE',  ( -1.000000000000000000, -0.000000000000000000, -0.000000000000000000 ) ) ;
#1698 = DIRECTION ( 'NONE',  ( -1.000000000000000000, 0.000000000000000000, 0.000000000000000000 ) ) ;
#1699 = ORIENTED_EDGE ( 'NONE', *, *, #2103, .F. ) ;
#1700 = DIRECTION ( 'NONE',  ( 1.000000000000000000, 0.000000000000000000, 8.673617379884035472E-17 ) ) ;
#1701 = EDGE_CURVE ( 'NONE', #1741, #2063, #312, .T. ) ;
#1702 = ORIENTED_EDGE ( 'NONE', *, *, #939, .F. ) ;
#1703 = DIRECTION ( 'NONE',  ( -0.000000000000000000, -0.000000000000000000, -1.000000000000000000 ) ) ;
#1704 = CARTESIAN_POINT ( 'NONE',  ( -27.99999999999999645, -10.00000000000000000, 19.99999999999999645 ) ) ;
#1705 = ORIENTED_EDGE ( 'NONE', *, *, #1020, .T. ) ;
#1706 = CARTESIAN_POINT ( 'NONE',  ( 31.60000000000002274, 5.000000000000000000, -14.99999999999999645 ) ) ;
#1707 = DIRECTION ( 'NONE',  ( -1.000000000000000000, -0.000000000000000000, -0.000000000000000000 ) ) ;
#1708 = ORIENTED_EDGE ( 'NONE', *, *, #2080, .T. ) ;
#1709 = DIRECTION ( 'NONE',  ( 0.000000000000000000, -1.000000000000000000, 0.000000000000000000 ) ) ;
#1710 = VERTEX_POINT ( 'NONE', #779 ) ;
#1711 = CARTESIAN_POINT ( 'NONE',  ( 32.49999999999998579, 0.000000000000000000, 19.99999999999999645 ) ) ;
#1712 = CARTESIAN_POINT ( 'NONE',  ( 34.43899973843943485, 4.990760713266809923, 19.29869113011363524 ) ) ;
#1713 = EDGE_LOOP ( 'NONE', ( #957, #33, #445, #1301, #2036, #1653, #820, #1203 ) ) ;
#1714 = AXIS2_PLACEMENT_3D ( 'NONE', #1543, #531, #723 ) ;
#1715 = DIRECTION ( 'NONE',  ( 1.000000000000000000, -0.000000000000000000, 0.000000000000000000 ) ) ;
#1716 = DIRECTION ( 'NONE',  ( -1.000000000000000000, -0.000000000000000000, 0.000000000000000000 ) ) ;
#1717 = ADVANCED_FACE ( 'NONE', ( #1428 ), #1933, .F. ) ;
#1718 = EDGE_LOOP ( 'NONE', ( #934, #1344, #1838, #2047 ) ) ;
#1719 = CARTESIAN_POINT ( 'NONE',  ( -15.00000000000000000, -10.00000000000000000, 22.99999999999999645 ) ) ;
#1720 = AXIS2_PLACEMENT_3D ( 'NONE', #180, #1700, #2198 ) ;
#1721 = AXIS2_PLACEMENT_3D ( 'NONE', #2203, #2052, #1351 ) ;
#1722 = VERTEX_POINT ( 'NONE', #1490 ) ;
#1723 = AXIS2_PLACEMENT_3D ( 'NONE', #658, #1015, #847 ) ;
#1724 = CARTESIAN_POINT ( 'NONE',  ( -24.30000000000000426, -15.99999999999999645, -6.151797087721567585E-17 ) ) ;
#1725 = AXIS2_PLACEMENT_3D ( 'NONE', #1372, #498, #322 ) ;
#1726 = DIRECTION ( 'NONE',  ( 0.000000000000000000, 0.000000000000000000, 1.000000000000000000 ) ) ;
#1727 = ADVANCED_FACE ( 'NONE', ( #1785 ), #828, .F. ) ;
#1728 = ORIENTED_EDGE ( 'NONE', *, *, #1756, .T. ) ;
#1729 = DIRECTION ( 'NONE',  ( -0.000000000000000000, 0.000000000000000000, 1.000000000000000000 ) ) ;
#1730 = CARTESIAN_POINT ( 'NONE',  ( -32.50000000000000000, 5.000000000000000000, -20.00000000000000355 ) ) ;
#1731 = VERTEX_POINT ( 'NONE', #305 ) ;
#1732 = FACE_OUTER_BOUND ( 'NONE', #2005, .T. ) ;
#1733 = ORIENTED_EDGE ( 'NONE', *, *, #449, .T. ) ;
#1734 = CARTESIAN_POINT ( 'NONE',  ( 2.964800122578542891E-15, -23.50000000000000000, 19.99999999999999645 ) ) ;
#1735 = ADVANCED_FACE ( 'NONE', ( #991 ), #2170, .F. ) ;
#1736 = CARTESIAN_POINT ( 'NONE',  ( 2.964800122578542891E-15, -23.50000000000000000, 19.99999999999999645 ) ) ;
#1737 = FACE_BOUND ( 'NONE', #420, .T. ) ;
#1738 = ORIENTED_EDGE ( 'NONE', *, *, #70, .F. ) ;
#1739 = CARTESIAN_POINT ( 'NONE',  ( -15.00000000000000000, -10.00000000000000000, 19.99999999999999645 ) ) ;
#1740 = CARTESIAN_POINT ( 'NONE',  ( -27.99999999999999645, -10.00000000000000000, 20.99999999999999645 ) ) ;
#1741 = VERTEX_POINT ( 'NONE', #242 ) ;
#1742 = CARTESIAN_POINT ( 'NONE',  ( -32.50000000000000000, 0.000000000000000000, 22.99999999999999645 ) ) ;
#1743 = ORIENTED_EDGE ( 'NONE', *, *, #1701, .F. ) ;
#1744 = DIRECTION ( 'NONE',  ( -1.000000000000000000, 0.000000000000000000, 0.000000000000000000 ) ) ;
#1745 = ORIENTED_EDGE ( 'NONE', *, *, #1038, .F. ) ;
#1746 = CARTESIAN_POINT ( 'NONE',  ( -27.30000000000000426, -29.00000000000000000, 14.50000000000000355 ) ) ;
#1747 = CARTESIAN_POINT ( 'NONE',  ( 31.60000000000002274, 5.000000000000000000, -13.49999999999999112 ) ) ;
#1748 = VERTEX_POINT ( 'NONE', #757 ) ;
#1749 = DIRECTION ( 'NONE',  ( -0.000000000000000000, -0.000000000000000000, -1.000000000000000000 ) ) ;
#1750 = EDGE_CURVE ( 'NONE', #1130, #404, #515, .T. ) ;
#1751 = AXIS2_PLACEMENT_3D ( 'NONE', #2037, #350, #1197 ) ;
#1752 = ORIENTED_EDGE ( 'NONE', *, *, #1336, .T. ) ;
#1753 = VECTOR ( 'NONE', #2079, 1000.000000000000000 ) ;
#1754 = AXIS2_PLACEMENT_3D ( 'NONE', #1530, #706, #1371 ) ;
#1755 = CARTESIAN_POINT ( 'NONE',  ( 31.60000000000002274, 0.000000000000000000, -6.999999999999999112 ) ) ;
#1756 = EDGE_CURVE ( 'NONE', #1278, #746, #1947, .T. ) ;
#1757 = AXIS2_PLACEMENT_3D ( 'NONE', #1275, #1114, #141 ) ;
#1758 = APPROVAL_ROLE ( '' ) ;
#1759 = EDGE_LOOP ( 'NONE', ( #639, #168, #1538, #1355 ) ) ;
#1760 = DIRECTION ( 'NONE',  ( -1.000000000000000000, 0.000000000000000000, 0.000000000000000000 ) ) ;
#1761 = VECTOR ( 'NONE', #1632, 1000.000000000000000 ) ;
#1762 = CARTESIAN_POINT ( 'NONE',  ( -31.59999999999998366, 5.000000000000000000, -6.999999999999999112 ) ) ;
#1763 = ORIENTED_EDGE ( 'NONE', *, *, #1460, .F. ) ;
#1764 = DIRECTION ( 'NONE',  ( 0.000000000000000000, 0.000000000000000000, 1.000000000000000000 ) ) ;
#1765 = ORIENTED_EDGE ( 'NONE', *, *, #1066, .F. ) ;
#1766 = ADVANCED_FACE ( 'NONE', ( #665, #685 ), #708, .T. ) ;
#1767 = DIRECTION ( 'NONE',  ( -1.000000000000000000, 0.000000000000000000, -0.000000000000000000 ) ) ;
#1768 = ORIENTED_EDGE ( 'NONE', *, *, #1450, .F. ) ;
#1769 = DIRECTION ( 'NONE',  ( 0.000000000000000000, 0.000000000000000000, 1.000000000000000000 ) ) ;
#1770 = CARTESIAN_POINT ( 'NONE',  ( 2.964800122578542891E-15, -23.50000000000000000, 22.99999999999999645 ) ) ;
#1771 = ORIENTED_EDGE ( 'NONE', *, *, #1423, .T. ) ;
#1772 = DIRECTION ( 'NONE',  ( 1.000000000000000000, 0.000000000000000000, -0.000000000000000000 ) ) ;
#1773 = VERTEX_POINT ( 'NONE', #167 ) ;
#1774 = LINE ( 'NONE', #260, #1252 ) ;
#1775 = DIRECTION ( 'NONE',  ( -1.000000000000000000, 0.000000000000000000, 0.000000000000000000 ) ) ;
#1776 = DIRECTION ( 'NONE',  ( -0.000000000000000000, -1.000000000000000000, -0.000000000000000000 ) ) ;
#1777 = CARTESIAN_POINT ( 'NONE',  ( -24.30000000000000426, -36.00000000000000000, -2.107689023311821409E-15 ) ) ;
#1778 = ORIENTED_EDGE ( 'NONE', *, *, #1625, .F. ) ;
#1779 = DIRECTION ( 'NONE',  ( 8.673617379884035472E-17, 0.000000000000000000, 1.000000000000000000 ) ) ;
#1780 = EDGE_CURVE ( 'NONE', #489, #1904, #1690, .T. ) ;
#1781 = EDGE_LOOP ( 'NONE', ( #1251, #1373 ) ) ;
#1782 = DIRECTION ( 'NONE',  ( 0.000000000000000000, 0.000000000000000000, 1.000000000000000000 ) ) ;
#1783 = AXIS2_PLACEMENT_3D ( 'NONE', #493, #147, #1996 ) ;
#1784 = VECTOR ( 'NONE', #1994, 1000.000000000000000 ) ;
#1785 = FACE_OUTER_BOUND ( 'NONE', #438, .T. ) ;
#1786 = CARTESIAN_POINT ( 'NONE',  ( -35.50000000000000711, 5.000000000000000000, 0.000000000000000000 ) ) ;
#1787 = AXIS2_PLACEMENT_3D ( 'NONE', #1876, #2115, #1917 ) ;
#1788 = AXIS2_PLACEMENT_3D ( 'NONE', #2054, #1214, #176 ) ;
#1789 = FACE_OUTER_BOUND ( 'NONE', #1993, .T. ) ;
#1790 = ADVANCED_FACE ( 'NONE', ( #1008 ), #339, .F. ) ;
#1791 = VECTOR ( 'NONE', #1225, 1000.000000000000000 ) ;
#1792 = DIRECTION ( 'NONE',  ( -0.000000000000000000, -0.000000000000000000, -1.000000000000000000 ) ) ;
#1793 = AXIS2_PLACEMENT_3D ( 'NONE', #940, #1992, #82 ) ;
#1794 = EDGE_LOOP ( 'NONE', ( #606, #1455 ) ) ;
#1795 = PLANE ( 'NONE',  #114 ) ;
#1796 = VERTEX_POINT ( 'NONE', #525 ) ;
#1797 = CARTESIAN_POINT ( 'NONE',  ( -35.50000000000000711, 5.000000000000000000, -17.00000000000000355 ) ) ;
#1798 = ADVANCED_FACE ( 'NONE', ( #1206 ), #889, .F. ) ;
#1799 = DIRECTION ( 'NONE',  ( 0.000000000000000000, 2.710505431213761085E-15, 1.000000000000000000 ) ) ;
#1800 = ADVANCED_FACE ( 'NONE', ( #178 ), #358, .T. ) ;
#1801 = FACE_OUTER_BOUND ( 'NONE', #386, .T. ) ;
#1802 = ORIENTED_EDGE ( 'NONE', *, *, #408, .T. ) ;
#1803 = CARTESIAN_POINT ( 'NONE',  ( -5.000000000000000888, 1.500000000000000000, 0.000000000000000000 ) ) ;
#1804 = ORIENTED_EDGE ( 'NONE', *, *, #702, .F. ) ;
#1805 = DIRECTION ( 'NONE',  ( 0.000000000000000000, 0.000000000000000000, -1.000000000000000000 ) ) ;
#1806 = EDGE_CURVE ( 'NONE', #1741, #2129, #113, .T. ) ;
#1807 = CARTESIAN_POINT ( 'NONE',  ( -16.00000000000000355, -10.00000000000000000, 22.99999999999999645 ) ) ;
#1808 = EDGE_CURVE ( 'NONE', #523, #76, #691, .T. ) ;
#1809 = LINE ( 'NONE', #1310, #2104 ) ;
#1810 = ORIENTED_EDGE ( 'NONE', *, *, #233, .T. ) ;
#1811 = CARTESIAN_POINT ( 'NONE',  ( -16.00000000000000000, -20.00000000000000000, 20.99999999999999645 ) ) ;
#1812 = VERTEX_POINT ( 'NONE', #190 ) ;
#1813 = CARTESIAN_POINT ( 'NONE',  ( -27.30000000000000426, -29.00000000000000000, -12.99999999999999467 ) ) ;
#1814 = EDGE_CURVE ( 'NONE', #1945, #1218, #2032, .T. ) ;
#1815 = AXIS2_PLACEMENT_3D ( 'NONE', #2102, #1211, #2062 ) ;
#1816 = ORIENTED_EDGE ( 'NONE', *, *, #111, .F. ) ;
#1817 = DIRECTION ( 'NONE',  ( 0.000000000000000000, 0.000000000000000000, 1.000000000000000000 ) ) ;
#1818 = DIRECTION ( 'NONE',  ( 0.000000000000000000, -1.000000000000000000, 0.000000000000000000 ) ) ;
#1819 = ORIENTED_EDGE ( 'NONE', *, *, #111, .T. ) ;
#1820 = CARTESIAN_POINT ( 'NONE',  ( 32.49999999999998579, 0.000000000000000000, 16.99999999999999645 ) ) ;
#1821 = AXIS2_PLACEMENT_3D ( 'NONE', #1762, #32, #717 ) ;
#1822 = AXIS2_PLACEMENT_3D ( 'NONE', #760, #1422, #1905 ) ;
#1823 = DIRECTION ( 'NONE',  ( 0.000000000000000000, 0.000000000000000000, -1.000000000000000000 ) ) ;
#1824 = ORIENTED_EDGE ( 'NONE', *, *, #1921, .T. ) ;
#1825 = CARTESIAN_POINT ( 'NONE',  ( -29.50000000000000355, -20.50000000000000355, 22.99999999999999645 ) ) ;
#1826 = AXIS2_PLACEMENT_3D ( 'NONE', #1642, #1776, #457 ) ;
#1827 = ADVANCED_FACE ( 'NONE', ( #2014 ), #1354, .F. ) ;
#1828 = AXIS2_PLACEMENT_3D ( 'NONE', #2106, #591, #1267 ) ;
#1829 = CARTESIAN_POINT ( 'NONE',  ( 35.49999999999999289, 5.000000000000000000, 16.99999999999999645 ) ) ;
#1830 = ORIENTED_EDGE ( 'NONE', *, *, #1001, .T. ) ;
#1831 = DIRECTION ( 'NONE',  ( -1.000000000000000000, 0.000000000000000000, 0.000000000000000000 ) ) ;
#1832 = CC_DESIGN_PERSON_AND_ORGANIZATION_ASSIGNMENT ( #2076, #55, ( #657 ) ) ;
#1833 = DIRECTION ( 'NONE',  ( -0.000000000000000000, -1.000000000000000000, 0.000000000000000000 ) ) ;
#1834 = CARTESIAN_POINT ( 'NONE',  ( 32.49999999999998579, 0.000000000000000000, -20.00000000000000355 ) ) ;
#1835 = ORIENTED_EDGE ( 'NONE', *, *, #1526, .F. ) ;
#1836 = CARTESIAN_POINT ( 'NONE',  ( -15.00000000000000000, -10.00000000000000000, 20.99999999999999645 ) ) ;
#1837 = CARTESIAN_POINT ( 'NONE',  ( -32.50000000000000000, 0.000000000000000000, 16.99999999999999645 ) ) ;
#1838 = ORIENTED_EDGE ( 'NONE', *, *, #707, .T. ) ;
#1839 = DIRECTION ( 'NONE',  ( 0.000000000000000000, -0.000000000000000000, -1.000000000000000000 ) ) ;
#1840 = DESIGN_CONTEXT ( 'detailed design', #1447, 'design' ) ;
#1841 = CARTESIAN_POINT ( 'NONE',  ( -31.59999999999998366, 0.000000000000000000, -15.00000000000000355 ) ) ;
#1842 = CARTESIAN_POINT ( 'NONE',  ( -5.000000000000004441, 1.500000000000000000, 19.99999999999999645 ) ) ;
#1843 = DIRECTION ( 'NONE',  ( 0.000000000000000000, 1.000000000000000000, -0.000000000000000000 ) ) ;
#1844 = ADVANCED_FACE ( 'NONE', ( #1034 ), #10, .F. ) ;
#1845 = DIRECTION ( 'NONE',  ( 0.000000000000000000, 0.000000000000000000, 1.000000000000000000 ) ) ;
#1846 = ORIENTED_EDGE ( 'NONE', *, *, #239, .T. ) ;
#1847 = DIRECTION ( 'NONE',  ( -1.000000000000000000, 0.000000000000000000, -0.000000000000000000 ) ) ;
#1848 = CARTESIAN_POINT ( 'NONE',  ( -5.000000000000004441, -2.500000000000000000, 19.99999999999999645 ) ) ;
#1849 = VERTEX_POINT ( 'NONE', #1215 ) ;
#1850 = DIRECTION ( 'NONE',  ( -0.000000000000000000, -0.000000000000000000, -1.000000000000000000 ) ) ;
#1851 = EDGE_CURVE ( 'NONE', #1916, #1741, #22, .T. ) ;
#1852 = ORIENTED_EDGE ( 'NONE', *, *, #790, .T. ) ;
#1853 = VECTOR ( 'NONE', #859, 1000.000000000000000 ) ;
#1854 = CARTESIAN_POINT ( 'NONE',  ( 0.000000000000000000, 5.000000000000000000, 0.000000000000000000 ) ) ;
#1855 = DIRECTION ( 'NONE',  ( -0.000000000000000000, -1.000000000000000000, 0.000000000000000000 ) ) ;
#1856 = VECTOR ( 'NONE', #653, 1000.000000000000000 ) ;
#1857 = DIRECTION ( 'NONE',  ( 0.000000000000000000, 0.000000000000000000, 1.000000000000000000 ) ) ;
#1858 = ORIENTED_EDGE ( 'NONE', *, *, #1780, .F. ) ;
#1859 = EDGE_CURVE ( 'NONE', #1477, #1307, #2207, .T. ) ;
#1860 = CARTESIAN_POINT ( 'NONE',  ( -32.71235402262894354, 4.872983346207416133, 20.00000000000000000 ) ) ;
#1861 = AXIS2_PLACEMENT_3D ( 'NONE', #1212, #174, #485 ) ;
#1862 = DIRECTION ( 'NONE',  ( -1.000000000000000000, -0.000000000000000000, -1.156482317317871478E-16 ) ) ;
#1863 = AXIS2_PLACEMENT_3D ( 'NONE', #1136, #804, #1817 ) ;
#1864 = ORIENTED_EDGE ( 'NONE', *, *, #702, .T. ) ;
#1865 = CARTESIAN_POINT ( 'NONE',  ( -31.59999999999998366, 5.000000000000000000, -5.499999999999994671 ) ) ;
#1866 = CIRCLE ( 'NONE', #915, 1.500000000000004885 ) ;
#1867 = ORIENTED_EDGE ( 'NONE', *, *, #35, .T. ) ;
#1868 = VECTOR ( 'NONE', #628, 1000.000000000000000 ) ;
#1869 = DIRECTION ( 'NONE',  ( -0.000000000000000000, 1.000000000000000000, -0.000000000000000000 ) ) ;
#1870 = DIRECTION ( 'NONE',  ( 0.000000000000000000, 0.000000000000000000, 1.000000000000000000 ) ) ;
#1871 = DIRECTION ( 'NONE',  ( -0.000000000000000000, -1.000000000000000000, -0.000000000000000000 ) ) ;
#1872 = ORIENTED_EDGE ( 'NONE', *, *, #239, .F. ) ;
#1873 = LINE ( 'NONE', #2044, #726 ) ;
#1874 = LINE ( 'NONE', #348, #506 ) ;
#1875 = ORIENTED_EDGE ( 'NONE', *, *, #146, .T. ) ;
#1876 = CARTESIAN_POINT ( 'NONE',  ( -31.59999999999998366, 5.000000000000000000, -15.00000000000000355 ) ) ;
#1877 = ORIENTED_EDGE ( 'NONE', *, *, #110, .T. ) ;
#1878 = EDGE_CURVE ( 'NONE', #1111, #1027, #1091, .T. ) ;
#1879 = CARTESIAN_POINT ( 'NONE',  ( -8.000000000000000000, -20.50000000000000000, 22.99999999999999645 ) ) ;
#1880 = CARTESIAN_POINT ( 'NONE',  ( 0.000000000000000000, 0.000000000000000000, 19.99999999999999645 ) ) ;
#1881 = VERTEX_POINT ( 'NONE', #1730 ) ;
#1882 = CARTESIAN_POINT ( 'NONE',  ( -27.99999999999999645, -20.00000000000000000, 19.99999999999999645 ) ) ;
#1883 = DIRECTION ( 'NONE',  ( -1.000000000000000000, 0.000000000000000000, -0.000000000000000000 ) ) ;
#1884 = EDGE_LOOP ( 'NONE', ( #1745, #1461, #583, #2083 ) ) ;
#1885 = DIRECTION ( 'NONE',  ( -0.000000000000000000, 0.000000000000000000, 1.000000000000000000 ) ) ;
#1886 = ORIENTED_EDGE ( 'NONE', *, *, #2154, .T. ) ;
#1887 = EDGE_CURVE ( 'NONE', #1407, #64, #1874, .T. ) ;
#1888 = DIRECTION ( 'NONE',  ( -1.000000000000000000, -1.261617073437677752E-16, 0.000000000000000000 ) ) ;
#1889 = LINE ( 'NONE', #589, #577 ) ;
#1890 = DATE_AND_TIME ( #594, #1539 ) ;
#1891 = EDGE_LOOP ( 'NONE', ( #365, #285, #822, #961 ) ) ;
#1892 = CARTESIAN_POINT ( 'NONE',  ( -31.59999999999998366, 5.000000000000000000, -8.500000000000003553 ) ) ;
#1893 = DIRECTION ( 'NONE',  ( 0.000000000000000000, 0.000000000000000000, 1.000000000000000000 ) ) ;
#1894 = EDGE_LOOP ( 'NONE', ( #1319, #391, #1375, #453 ) ) ;
#1895 = DIRECTION ( 'NONE',  ( 0.000000000000000000, 0.000000000000000000, -1.000000000000000000 ) ) ;
#1896 = AXIS2_PLACEMENT_3D ( 'NONE', #2091, #1438, #1764 ) ;
#1897 = CC_DESIGN_APPROVAL ( #984, ( #856 ) ) ;
#1898 = AXIS2_PLACEMENT_3D ( 'NONE', #402, #2112, #1259 ) ;
#1899 = ORIENTED_EDGE ( 'NONE', *, *, #885, .F. ) ;
#1900 = CIRCLE ( 'NONE', #1469, 12.00000000000000178 ) ;
#1901 = CARTESIAN_POINT ( 'NONE',  ( -31.59999999999998366, 5.000000000000000000, -16.50000000000000711 ) ) ;
#1902 = AXIS2_PLACEMENT_3D ( 'NONE', #1837, #1671, #1161 ) ;
#1903 = DIRECTION ( 'NONE',  ( 0.000000000000000000, 0.000000000000000000, 1.000000000000000000 ) ) ;
#1904 = VERTEX_POINT ( 'NONE', #864 ) ;
#1905 = DIRECTION ( 'NONE',  ( -1.000000000000000000, 0.000000000000000000, 0.000000000000000000 ) ) ;
#1906 = LINE ( 'NONE', #1076, #978 ) ;
#1907 = ORIENTED_EDGE ( 'NONE', *, *, #875, .T. ) ;
#1908 = CARTESIAN_POINT ( 'NONE',  ( 27.49999999999998934, 0.000000000000000000, -20.00000000000000355 ) ) ;
#1909 = VERTEX_POINT ( 'NONE', #1532 ) ;
#1910 = CARTESIAN_POINT ( 'NONE',  ( 31.60000000000002274, 5.000000000000000000, -16.50000000000000000 ) ) ;
#1911 = PLANE ( 'NONE',  #876 ) ;
#1912 = EDGE_LOOP ( 'NONE', ( #160, #883, #1224, #1930, #320, #1005, #373 ) ) ;
#1913 = CARTESIAN_POINT ( 'NONE',  ( -16.00000000000000355, -10.00000000000000000, 20.99999999999999645 ) ) ;
#1914 = EDGE_CURVE ( 'NONE', #68, #1417, #232, .T. ) ;
#1915 = FACE_BOUND ( 'NONE', #1209, .T. ) ;
#1916 = VERTEX_POINT ( 'NONE', #1951 ) ;
#1917 = DIRECTION ( 'NONE',  ( 0.000000000000000000, 0.000000000000000000, 1.000000000000000000 ) ) ;
#1918 = ORIENTED_EDGE ( 'NONE', *, *, #1887, .F. ) ;
#1919 = ADVANCED_FACE ( 'NONE', ( #1248 ), #1238, .T. ) ;
#1920 = DIRECTION ( 'NONE',  ( 1.000000000000000000, 1.261617073437677752E-16, 0.000000000000000000 ) ) ;
#1921 = EDGE_CURVE ( 'NONE', #1379, #1580, #425, .T. ) ;
#1922 = ORIENTED_EDGE ( 'NONE', *, *, #1656, .F. ) ;
#1923 = CARTESIAN_POINT ( 'NONE',  ( -27.30000000000000426, -23.50000000000000711, 19.99999999999999645 ) ) ;
#1924 = EDGE_CURVE ( 'NONE', #1290, #2209, #1260, .T. ) ;
#1925 = AXIS2_PLACEMENT_3D ( 'NONE', #601, #1387, #1782 ) ;
#1926 = DIRECTION ( 'NONE',  ( 0.000000000000000000, 0.000000000000000000, 1.000000000000000000 ) ) ;
#1927 = ORIENTED_EDGE ( 'NONE', *, *, #1473, .T. ) ;
#1928 = CARTESIAN_POINT ( 'NONE',  ( -24.30000000000000071, 1.500000000000000000, 15.99999999999999645 ) ) ;
#1929 = AXIS2_PLACEMENT_3D ( 'NONE', #2099, #213, #1953 ) ;
#1930 = ORIENTED_EDGE ( 'NONE', *, *, #1101, .F. ) ;
#1931 = AXIS2_PLACEMENT_3D ( 'NONE', #698, #1716, #1170 ) ;
#1932 = AXIS2_PLACEMENT_3D ( 'NONE', #1204, #851, #878 ) ;
#1933 = CYLINDRICAL_SURFACE ( 'NONE', #1757, 1.000000000000004441 ) ;
#1934 = AXIS2_PLACEMENT_3D ( 'NONE', #1041, #152, #839 ) ;
#1935 = VECTOR ( 'NONE', #782, 1000.000000000000000 ) ;
#1936 = DIRECTION ( 'NONE',  ( -1.000000000000000000, 0.000000000000000000, -1.156482317317871478E-16 ) ) ;
#1937 = VECTOR ( 'NONE', #1869, 1000.000000000000000 ) ;
#1938 = PERSON_AND_ORGANIZATION ( #1385, #912 ) ;
#1939 = VERTEX_POINT ( 'NONE', #1108 ) ;
#1940 = DIRECTION ( 'NONE',  ( 0.000000000000000000, 0.000000000000000000, -1.000000000000000000 ) ) ;
#1941 = ADVANCED_FACE ( 'NONE', ( #1087 ), #1601, .F. ) ;
#1942 = DIRECTION ( 'NONE',  ( -1.000000000000000000, 0.000000000000000000, 0.000000000000000000 ) ) ;
#1943 = ORIENTED_EDGE ( 'NONE', *, *, #1986, .F. ) ;
#1944 = LINE ( 'NONE', #427, #1285 ) ;
#1945 = VERTEX_POINT ( 'NONE', #1392 ) ;
#1946 = DIRECTION ( 'NONE',  ( 0.000000000000000000, 1.000000000000000000, -0.000000000000000000 ) ) ;
#1947 = LINE ( 'NONE', #201, #474 ) ;
#1948 = ADVANCED_FACE ( 'NONE', ( #1593 ), #742, .F. ) ;
#1949 = DIRECTION ( 'NONE',  ( -1.000000000000000000, 0.000000000000000000, 0.000000000000000000 ) ) ;
#1950 = EDGE_CURVE ( 'NONE', #598, #619, #1906, .T. ) ;
#1951 = CARTESIAN_POINT ( 'NONE',  ( -24.30000000000000782, -2.500000000000002220, 19.99999999999999645 ) ) ;
#1952 = EDGE_LOOP ( 'NONE', ( #519, #1899, #2077, #517 ) ) ;
#1953 = DIRECTION ( 'NONE',  ( 0.000000000000000000, 0.000000000000000000, 1.000000000000000000 ) ) ;
#1954 = VERTEX_POINT ( 'NONE', #222 ) ;
#1955 = CARTESIAN_POINT ( 'NONE',  ( -32.00000000000000000, -10.00000000000000000, 20.99999999999999645 ) ) ;
#1956 = CYLINDRICAL_SURFACE ( 'NONE', #264, 2.499999999999998668 ) ;
#1957 = EDGE_CURVE ( 'NONE', #1181, #1710, #898, .T. ) ;
#1958 = FACE_OUTER_BOUND ( 'NONE', #1989, .T. ) ;
#1959 = CARTESIAN_POINT ( 'NONE',  ( 0.000000000000000000, 0.000000000000000000, 22.99999999999999645 ) ) ;
#1960 = ORIENTED_EDGE ( 'NONE', *, *, #932, .F. ) ;
#1961 = DIRECTION ( 'NONE',  ( -1.000000000000000000, 0.000000000000000000, -0.000000000000000000 ) ) ;
#1962 = CIRCLE ( 'NONE', #867, 1.500000000000004885 ) ;
#1963 = ORIENTED_EDGE ( 'NONE', *, *, #2188, .F. ) ;
#1964 = LINE ( 'NONE', #143, #759 ) ;
#1965 = VECTOR ( 'NONE', #2153, 1000.000000000000000 ) ;
#1966 = AXIS2_PLACEMENT_3D ( 'NONE', #1456, #286, #120 ) ;
#1967 = AXIS2_PLACEMENT_3D ( 'NONE', #559, #751, #1084 ) ;
#1968 = VERTEX_POINT ( 'NONE', #914 ) ;
#1969 = CARTESIAN_POINT ( 'NONE',  ( -30.00000000000000000, -20.00000000000000000, 20.99999999999999645 ) ) ;
#1970 = CIRCLE ( 'NONE', #155, 1.000000000000000888 ) ;
#1971 = CARTESIAN_POINT ( 'NONE',  ( -28.99999999999999645, -20.00000000000000000, 20.99999999999999645 ) ) ;
#1972 = ORIENTED_EDGE ( 'NONE', *, *, #907, .T. ) ;
#1973 = DIRECTION ( 'NONE',  ( 8.673617379884035472E-17, 0.000000000000000000, -1.000000000000000000 ) ) ;
#1974 = ORIENTED_EDGE ( 'NONE', *, *, #920, .F. ) ;
#1975 = CYLINDRICAL_SURFACE ( 'NONE', #2069, 1.499999999999999556 ) ;
#1976 = ORIENTED_EDGE ( 'NONE', *, *, #1921, .F. ) ;
#1977 = EDGE_CURVE ( 'NONE', #361, #896, #1558, .T. ) ;
#1978 = FACE_OUTER_BOUND ( 'NONE', #1759, .T. ) ;
#1979 = FACE_OUTER_BOUND ( 'NONE', #1718, .T. ) ;
#1980 = DIRECTION ( 'NONE',  ( 0.000000000000000000, 0.000000000000000000, -1.000000000000000000 ) ) ;
#1981 = ORIENTED_EDGE ( 'NONE', *, *, #1694, .F. ) ;
#1982 = DIRECTION ( 'NONE',  ( -0.000000000000000000, -1.000000000000000000, 0.000000000000000000 ) ) ;
#1983 = ORIENTED_EDGE ( 'NONE', *, *, #985, .T. ) ;
#1984 = DIRECTION ( 'NONE',  ( 0.000000000000000000, 0.000000000000000000, 1.000000000000000000 ) ) ;
#1985 = ORIENTED_EDGE ( 'NONE', *, *, #675, .F. ) ;
#1986 = EDGE_CURVE ( 'NONE', #199, #1054, #1583, .T. ) ;
#1987 = CARTESIAN_POINT ( 'NONE',  ( -32.50000000000000000, -20.50000000000000355, 22.99999999999999645 ) ) ;
#1988 = FACE_OUTER_BOUND ( 'NONE', #2186, .T. ) ;
#1989 = EDGE_LOOP ( 'NONE', ( #238, #418, #1974, #1658 ) ) ;
#1990 = DIRECTION ( 'NONE',  ( 0.000000000000000000, 0.000000000000000000, 1.000000000000000000 ) ) ;
#1991 = ADVANCED_FACE ( 'NONE', ( #597, #246, #67, #1915, #1414 ), #44, .F. ) ;
#1992 = DIRECTION ( 'NONE',  ( 0.000000000000000000, 1.000000000000000000, -0.000000000000000000 ) ) ;
#1993 = EDGE_LOOP ( 'NONE', ( #1778, #890, #1633, #212 ) ) ;
#1994 = DIRECTION ( 'NONE',  ( 0.000000000000000000, -1.000000000000000000, 0.000000000000000000 ) ) ;
#1995 = DIRECTION ( 'NONE',  ( -0.000000000000000000, -0.000000000000000000, -1.000000000000000000 ) ) ;
#1996 = DIRECTION ( 'NONE',  ( -1.000000000000000000, 0.000000000000000000, 0.000000000000000000 ) ) ;
#1997 = AXIS2_PLACEMENT_3D ( 'NONE', #2048, #324, #1172 ) ;
#1998 = AXIS2_PLACEMENT_3D ( 'NONE', #1706, #357, #1511 ) ;
#1999 = DIRECTION ( 'NONE',  ( 0.000000000000000000, -1.000000000000000000, 0.000000000000000000 ) ) ;
#2000 = EDGE_LOOP ( 'NONE', ( #735, #267 ) ) ;
#2001 = CARTESIAN_POINT ( 'NONE',  ( 0.000000000000000000, -36.00000000000000000, -17.00000000000000355 ) ) ;
#2002 = VECTOR ( 'NONE', #1703, 1000.000000000000000 ) ;
#2003 = VECTOR ( 'NONE', #215, 1000.000000000000000 ) ;
#2004 = LINE ( 'NONE', #462, #1126 ) ;
#2005 = EDGE_LOOP ( 'NONE', ( #614, #1584, #1384, #302, #567 ) ) ;
#2006 = CARTESIAN_POINT ( 'NONE',  ( 35.49999999999999289, 0.000000000000000000, -17.00000000000000355 ) ) ;
#2007 = CARTESIAN_POINT ( 'NONE',  ( 0.000000000000000000, 0.000000000000000000, 19.99999999999999645 ) ) ;
#2008 = DIRECTION ( 'NONE',  ( -1.000000000000000000, 0.000000000000000000, 0.000000000000000000 ) ) ;
#2009 = CALENDAR_DATE ( 2026, 8, 5 ) ;
#2010 = ORIENTED_EDGE ( 'NONE', *, *, #2012, .F. ) ;
#2011 = DIRECTION ( 'NONE',  ( -0.000000000000000000, -0.000000000000000000, -1.000000000000000000 ) ) ;
#2012 = EDGE_CURVE ( 'NONE', #840, #1968, #1404, .T. ) ;
#2013 = EDGE_CURVE ( 'NONE', #1580, #1954, #406, .T. ) ;
#2014 = FACE_OUTER_BOUND ( 'NONE', #2117, .T. ) ;
#2015 = ORIENTED_EDGE ( 'NONE', *, *, #66, .F. ) ;
#2016 = DIRECTION ( 'NONE',  ( -8.673617379884036705E-17, 0.000000000000000000, 1.000000000000000000 ) ) ;
#2017 = VERTEX_POINT ( 'NONE', #1227 ) ;
#2018 = ADVANCED_FACE ( 'NONE', ( #383 ), #2097, .F. ) ;
#2019 = FACE_OUTER_BOUND ( 'NONE', #1713, .T. ) ;
#2020 =( NAMED_UNIT ( * ) PLANE_ANGLE_UNIT ( ) SI_UNIT ( $, .RADIAN. ) );
#2021 = VERTEX_POINT ( 'NONE', #393 ) ;
#2022 = CYLINDRICAL_SURFACE ( 'NONE', #833, 2.499999999999998668 ) ;
#2023 = DIRECTION ( 'NONE',  ( 0.000000000000000000, -0.000000000000000000, 1.000000000000000000 ) ) ;
#2024 = ORIENTED_EDGE ( 'NONE', *, *, #574, .T. ) ;
#2025 = DIRECTION ( 'NONE',  ( 8.673617379884035472E-17, 0.000000000000000000, -1.000000000000000000 ) ) ;
#2026 = ORIENTED_EDGE ( 'NONE', *, *, #1244, .T. ) ;
#2027 = ADVANCED_FACE ( 'NONE', ( #933 ), #276, .T. ) ;
#2028 = DIRECTION ( 'NONE',  ( 0.000000000000000000, 0.000000000000000000, 1.000000000000000000 ) ) ;
#2029 = CARTESIAN_POINT ( 'NONE',  ( -15.00000000000000000, -20.00000000000000000, 22.99999999999999645 ) ) ;
#2030 = VERTEX_POINT ( 'NONE', #1834 ) ;
#2031 = DIRECTION ( 'NONE',  ( 0.000000000000000000, 0.000000000000000000, 1.000000000000000000 ) ) ;
#2032 = CIRCLE ( 'NONE', #1359, 1.500000000000003997 ) ;
#2033 = VECTOR ( 'NONE', #897, 1000.000000000000000 ) ;
#2034 = CARTESIAN_POINT ( 'NONE',  ( -24.30000000000000071, -36.00000000000000000, -20.00000000000000355 ) ) ;
#2035 = CIRCLE ( 'NONE', #332, 4.000000000000000000 ) ;
#2036 = ORIENTED_EDGE ( 'NONE', *, *, #1228, .T. ) ;
#2037 = CARTESIAN_POINT ( 'NONE',  ( -15.00000000000000000, -20.00000000000000000, 22.99999999999999645 ) ) ;
#2038 = AXIS2_PLACEMENT_3D ( 'NONE', #1755, #1061, #1386 ) ;
#2039 = ORIENTED_EDGE ( 'NONE', *, *, #389, .F. ) ;
#2040 = VECTOR ( 'NONE', #1024, 1000.000000000000000 ) ;
#2041 = DIRECTION ( 'NONE',  ( -0.000000000000000000, -1.000000000000000000, -0.000000000000000000 ) ) ;
#2042 = MECHANICAL_CONTEXT ( 'NONE', #1331, 'mechanical' ) ;
#2043 = VERTEX_POINT ( 'NONE', #1660 ) ;
#2044 = CARTESIAN_POINT ( 'NONE',  ( 0.000000000000000000, 1.000000000000000000, 22.99999999999999645 ) ) ;
#2045 = ADVANCED_FACE ( 'NONE', ( #783 ), #2158, .F. ) ;
#2046 = CARTESIAN_POINT ( 'NONE',  ( -27.30000000000000426, -32.99999999999999289, -17.00000000000000355 ) ) ;
#2047 = ORIENTED_EDGE ( 'NONE', *, *, #17, .F. ) ;
#2048 = CARTESIAN_POINT ( 'NONE',  ( 31.60000000000002274, 0.000000000000000000, -6.999999999999999112 ) ) ;
#2049 = VERTEX_POINT ( 'NONE', #1971 ) ;
#2050 = LINE ( 'NONE', #1901, #697 ) ;
#2051 = CYLINDRICAL_SURFACE ( 'NONE', #1815, 4.000000000000000000 ) ;
#2052 = DIRECTION ( 'NONE',  ( 0.000000000000000000, -0.000000000000000000, -1.000000000000000000 ) ) ;
#2053 = ORIENTED_EDGE ( 'NONE', *, *, #1914, .T. ) ;
#2054 = CARTESIAN_POINT ( 'NONE',  ( -30.00000000000000000, -10.00000000000000000, 20.99999999999999645 ) ) ;
#2055 = EDGE_CURVE ( 'NONE', #1290, #107, #118, .T. ) ;
#2056 = DIRECTION ( 'NONE',  ( 0.000000000000000000, 1.000000000000000000, -0.000000000000000000 ) ) ;
#2057 = ORIENTED_EDGE ( 'NONE', *, *, #1676, .T. ) ;
#2058 = DIRECTION ( 'NONE',  ( -1.000000000000000000, 0.000000000000000000, 0.000000000000000000 ) ) ;
#2059 = EDGE_CURVE ( 'NONE', #919, #1047, #1157, .T. ) ;
#2060 = VERTEX_POINT ( 'NONE', #1612 ) ;
#2061 = DIRECTION ( 'NONE',  ( -0.000000000000000000, -1.000000000000000000, -0.000000000000000000 ) ) ;
#2062 = DIRECTION ( 'NONE',  ( 0.000000000000000000, 0.000000000000000000, 1.000000000000000000 ) ) ;
#2063 = VERTEX_POINT ( 'NONE', #117 ) ;
#2064 = DIRECTION ( 'NONE',  ( -1.000000000000000000, 0.000000000000000000, 0.000000000000000000 ) ) ;
#2065 = CIRCLE ( 'NONE', #1116, 2.000000000000001776 ) ;
#2066 = CARTESIAN_POINT ( 'NONE',  ( -24.30000000000000426, -36.00000000000000000, 19.99999999999999645 ) ) ;
#2067 = ORIENTED_EDGE ( 'NONE', *, *, #640, .F. ) ;
#2068 = CARTESIAN_POINT ( 'NONE',  ( -12.50000000000000000, -10.00000000000000000, 20.99999999999999645 ) ) ;
#2069 = AXIS2_PLACEMENT_3D ( 'NONE', #1627, #2172, #314 ) ;
#2070 = AXIS2_PLACEMENT_3D ( 'NONE', #166, #1007, #2031 ) ;
#2071 = ORIENTED_EDGE ( 'NONE', *, *, #1589, .F. ) ;
#2072 = AXIS2_PLACEMENT_3D ( 'NONE', #807, #1298, #1128 ) ;
#2073 = CARTESIAN_POINT ( 'NONE',  ( -31.59999999999998366, 5.000000000000000000, -5.499999999999995559 ) ) ;
#2074 = AXIS2_PLACEMENT_3D ( 'NONE', #1854, #1517, #2200 ) ;
#2075 = EDGE_CURVE ( 'NONE', #193, #896, #450, .T. ) ;
#2076 = PERSON_AND_ORGANIZATION ( #1385, #912 ) ;
#2077 = ORIENTED_EDGE ( 'NONE', *, *, #1370, .T. ) ;
#2078 = CARTESIAN_POINT ( 'NONE',  ( -32.00000000000000000, -20.00000000000000000, 20.99999999999999645 ) ) ;
#2079 = DIRECTION ( 'NONE',  ( -1.000000000000000000, -1.261617073437677752E-16, 0.000000000000000000 ) ) ;
#2080 = EDGE_CURVE ( 'NONE', #376, #811, #1809, .T. ) ;
#2081 = EDGE_LOOP ( 'NONE', ( #1556, #349, #799, #1361, #381 ) ) ;
#2082 = FACE_OUTER_BOUND ( 'NONE', #175, .T. ) ;
#2083 = ORIENTED_EDGE ( 'NONE', *, *, #1066, .T. ) ;
#2084 = FACE_OUTER_BOUND ( 'NONE', #578, .T. ) ;
#2085 = DIRECTION ( 'NONE',  ( 0.000000000000000000, 1.000000000000000000, -0.000000000000000000 ) ) ;
#2086 = ADVANCED_FACE ( 'NONE', ( #1277 ), #964, .F. ) ;
#2087 = ORIENTED_EDGE ( 'NONE', *, *, #436, .T. ) ;
#2088 = CARTESIAN_POINT ( 'NONE',  ( -32.50000000000000000, 1.000000000000000000, 22.99999999999999645 ) ) ;
#2089 = DIRECTION ( 'NONE',  ( -1.000000000000000000, 0.000000000000000000, -8.673617379884035472E-17 ) ) ;
#2090 = ORIENTED_EDGE ( 'NONE', *, *, #443, .T. ) ;
#2091 = CARTESIAN_POINT ( 'NONE',  ( -31.59999999999998366, 5.000000000000000000, -15.00000000000000355 ) ) ;
#2092 = ORIENTED_EDGE ( 'NONE', *, *, #479, .F. ) ;
#2093 = CARTESIAN_POINT ( 'NONE',  ( -27.30000000000000426, -2.999999999999998224, 13.00000000000000888 ) ) ;
#2094 = ORIENTED_EDGE ( 'NONE', *, *, #1488, .T. ) ;
#2095 = CARTESIAN_POINT ( 'NONE',  ( -30.00000000000000000, -10.00000000000000000, 22.99999999999999645 ) ) ;
#2096 = AXIS2_PLACEMENT_3D ( 'NONE', #1274, #421, #768 ) ;
#2097 = CYLINDRICAL_SURFACE ( 'NONE', #655, 2.000000000000001776 ) ;
#2098 = ORIENTED_EDGE ( 'NONE', *, *, #2116, .T. ) ;
#2099 = CARTESIAN_POINT ( 'NONE',  ( 31.60000000000002274, 5.000000000000000000, -6.999999999999999112 ) ) ;
#2100 = CIRCLE ( 'NONE', #326, 2.000000000000001776 ) ;
#2101 = ORIENTED_EDGE ( 'NONE', *, *, #86, .T. ) ;
#2102 = CARTESIAN_POINT ( 'NONE',  ( 0.000000000000000000, 1.000000000000000000, 18.99999999999999645 ) ) ;
#2103 = EDGE_CURVE ( 'NONE', #652, #777, #725, .T. ) ;
#2104 = VECTOR ( 'NONE', #1999, 1000.000000000000000 ) ;
#2105 = VECTOR ( 'NONE', #630, 1000.000000000000000 ) ;
#2106 = CARTESIAN_POINT ( 'NONE',  ( -31.59999999999998366, 5.000000000000000000, -6.999999999999999112 ) ) ;
#2107 = ADVANCED_FACE ( 'NONE', ( #1129, #1988 ), #973, .T. ) ;
#2108 = AXIS2_PLACEMENT_3D ( 'NONE', #1419, #1936, #413 ) ;
#2109 = CIRCLE ( 'NONE', #1793, 1.500000000000003997 ) ;
#2110 = B_SPLINE_CURVE_WITH_KNOTS ( 'NONE', 3,
 ( #674, #1860, #335, #1023, #1520, #2206, #684, #1353, #1433, #382 ),
 .UNSPECIFIED., .F., .F.,
 ( 4, 2, 2, 2, 4 ),
 ( 0.000000000000000000, 0.0006277170944946119718, 0.001255434188989223944, 0.001883151283483835807, 0.002510868377978447887 ),
 .UNSPECIFIED. ) ;
#2111 = APPROVAL_STATUS ( 'not_yet_approved' ) ;
#2112 = DIRECTION ( 'NONE',  ( 0.000000000000000000, 0.000000000000000000, -1.000000000000000000 ) ) ;
#2113 = CARTESIAN_POINT ( 'NONE',  ( 35.49999999999999289, 5.000000000000000000, -17.00000000000000355 ) ) ;
#2114 = EDGE_LOOP ( 'NONE', ( #1457, #721, #346, #1596 ) ) ;
#2115 = DIRECTION ( 'NONE',  ( -0.000000000000000000, -1.000000000000000000, 0.000000000000000000 ) ) ;
#2116 = EDGE_CURVE ( 'NONE', #1849, #1587, #1536, .T. ) ;
#2117 = EDGE_LOOP ( 'NONE', ( #1689, #1192, #2024, #2094, #1640, #396 ) ) ;
#2118 = CARTESIAN_POINT ( 'NONE',  ( -24.30000000000000426, -29.00000000000000000, -11.49999999999999467 ) ) ;
#2119 = CARTESIAN_POINT ( 'NONE',  ( -24.30000000000000426, -15.99999999999999645, 12.00000000000000178 ) ) ;
#2120 = FACE_OUTER_BOUND ( 'NONE', #2211, .T. ) ;
#2121 = CARTESIAN_POINT ( 'NONE',  ( -30.00000000000000000, -20.00000000000000000, 20.99999999999999645 ) ) ;
#2122 = ORIENTED_EDGE ( 'NONE', *, *, #1391, .T. ) ;
#2123 = LINE ( 'NONE', #1280, #2105 ) ;
#2124 = EDGE_CURVE ( 'NONE', #1636, #2021, #1118, .T. ) ;
#2125 = ORIENTED_EDGE ( 'NONE', *, *, #2188, .T. ) ;
#2126 = FACE_OUTER_BOUND ( 'NONE', #2081, .T. ) ;
#2127 = CC_DESIGN_PERSON_AND_ORGANIZATION_ASSIGNMENT ( #364, #1579, ( #370 ) ) ;
#2128 = CARTESIAN_POINT ( 'NONE',  ( 2.699999999999993960, -29.00000000000000000, 11.50000000000000888 ) ) ;
#2129 = VERTEX_POINT ( 'NONE', #2147 ) ;
#2130 = CARTESIAN_POINT ( 'NONE',  ( -31.59999999999998366, 5.000000000000000000, -13.49999999999999822 ) ) ;
#2131 = CARTESIAN_POINT ( 'NONE',  ( -31.00000000000000000, -10.00000000000000000, 20.99999999999999645 ) ) ;
#2132 = FACE_BOUND ( 'NONE', #1030, .T. ) ;
#2133 = ORIENTED_EDGE ( 'NONE', *, *, #634, .T. ) ;
#2134 = DIRECTION ( 'NONE',  ( -1.000000000000000000, -0.000000000000000000, -1.156482317317871478E-16 ) ) ;
#2135 = AXIS2_PLACEMENT_3D ( 'NONE', #2191, #671, #1870 ) ;
#2136 = EDGE_LOOP ( 'NONE', ( #744, #1927 ) ) ;
#2137 = CARTESIAN_POINT ( 'NONE',  ( -27.30000000000000426, -36.00000000000000000, 19.99999999999999645 ) ) ;
#2138 = CIRCLE ( 'NONE', #1683, 1.000000000000000888 ) ;
#2139 = LINE ( 'NONE', #1786, #1292 ) ;
#2140 = AXIS2_PLACEMENT_3D ( 'NONE', #516, #1195, #1057 ) ;
#2141 = CIRCLE ( 'NONE', #330, 1.000000000000000888 ) ;
#2142 = ADVANCED_FACE ( 'NONE', ( #1454, #458, #2132, #301, #128 ), #613, .T. ) ;
#2143 = APPROVAL_PERSON_ORGANIZATION ( #1432, #422, #1758 ) ;
#2144 = VECTOR ( 'NONE', #1818, 1000.000000000000000 ) ;
#2145 = CARTESIAN_POINT ( 'NONE',  ( -27.30000000000000426, -29.00000000000000000, 11.50000000000000533 ) ) ;
#2146 = CIRCLE ( 'NONE', #1190, 12.00000000000000178 ) ;
#2147 = CARTESIAN_POINT ( 'NONE',  ( -5.000000000000000888, 1.500000000000000000, 15.99999999999999645 ) ) ;
#2148 = AXIS2_PLACEMENT_3D ( 'NONE', #1959, #1486, #2167 ) ;
#2149 = ORIENTED_EDGE ( 'NONE', *, *, #1924, .F. ) ;
#2150 = DIRECTION ( 'NONE',  ( -0.000000000000000000, -0.000000000000000000, -1.000000000000000000 ) ) ;
#2151 = EDGE_CURVE ( 'NONE', #777, #306, #432, .T. ) ;
#2152 = EDGE_LOOP ( 'NONE', ( #1616, #1907, #1132, #709, #1922 ) ) ;
#2153 = DIRECTION ( 'NONE',  ( -1.000000000000000000, -0.000000000000000000, -1.156482317317871478E-16 ) ) ;
#2154 = EDGE_CURVE ( 'NONE', #1089, #181, #1289, .T. ) ;
#2155 = ORIENTED_EDGE ( 'NONE', *, *, #1101, .T. ) ;
#2156 = CARTESIAN_POINT ( 'NONE',  ( 35.49999999999999289, 5.000000000000000000, -17.00000000000000355 ) ) ;
#2157 = ADVANCED_FACE ( 'NONE', ( #1801 ), #104, .F. ) ;
#2158 = CYLINDRICAL_SURFACE ( 'NONE', #8, 1.500000000000004885 ) ;
#2159 = ORIENTED_EDGE ( 'NONE', *, *, #1479, .F. ) ;
#2160 = DIRECTION ( 'NONE',  ( -0.000000000000000000, -0.000000000000000000, -1.000000000000000000 ) ) ;
#2161 = EDGE_LOOP ( 'NONE', ( #1311, #1655 ) ) ;
#2162 = CARTESIAN_POINT ( 'NONE',  ( -27.30000000000000426, -36.00000000000000000, 16.99999999999999645 ) ) ;
#2163 = VERTEX_POINT ( 'NONE', #672 ) ;
#2164 = DIRECTION ( 'NONE',  ( -1.000000000000000000, -0.000000000000000000, -8.673617379884035472E-17 ) ) ;
#2165 = ORIENTED_EDGE ( 'NONE', *, *, #86, .F. ) ;
#2166 = DIRECTION ( 'NONE',  ( 0.000000000000000000, 0.000000000000000000, 1.000000000000000000 ) ) ;
#2167 = DIRECTION ( 'NONE',  ( 1.000000000000000000, 0.000000000000000000, 0.000000000000000000 ) ) ;
#2168 = ORIENTED_EDGE ( 'NONE', *, *, #287, .F. ) ;
#2169 = DIRECTION ( 'NONE',  ( -1.000000000000000000, 0.000000000000000000, -1.156482317317871478E-16 ) ) ;
#2170 = PLANE ( 'NONE',  #300 ) ;
#2171 = ORIENTED_EDGE ( 'NONE', *, *, #2055, .T. ) ;
#2172 = DIRECTION ( 'NONE',  ( -1.000000000000000000, -0.000000000000000000, -1.156482317317871478E-16 ) ) ;
#2173 = EDGE_CURVE ( 'NONE', #2063, #193, #872, .T. ) ;
#2174 = FACE_OUTER_BOUND ( 'NONE', #463, .T. ) ;
#2175 = CYLINDRICAL_SURFACE ( 'NONE', #461, 2.000000000000001776 ) ;
#2176 = AXIS2_PLACEMENT_3D ( 'NONE', #572, #257, #927 ) ;
#2177 = CARTESIAN_POINT ( 'NONE',  ( -31.00000000000000000, -20.00000000000000000, 22.99999999999999645 ) ) ;
#2178 = APPROVAL_PERSON_ORGANIZATION ( #1257, #555, #1095 ) ;
#2179 = AXIS2_PLACEMENT_3D ( 'NONE', #1097, #741, #2064 ) ;
#2180 = APPROVAL_DATE_TIME ( #2192, #984 ) ;
#2181 = VERTEX_POINT ( 'NONE', #345 ) ;
#2182 = FACE_OUTER_BOUND ( 'NONE', #124, .T. ) ;
#2183 = VECTOR ( 'NONE', #1164, 1000.000000000000000 ) ;
#2184 = VECTOR ( 'NONE', #2061, 1000.000000000000000 ) ;
#2185 = DIRECTION ( 'NONE',  ( -1.000000000000000000, -0.000000000000000000, -1.156482317317871478E-16 ) ) ;
#2186 = EDGE_LOOP ( 'NONE', ( #1733, #2098 ) ) ;
#2187 = DIRECTION ( 'NONE',  ( -0.000000000000000000, -1.000000000000000000, -0.000000000000000000 ) ) ;
#2188 = EDGE_CURVE ( 'NONE', #683, #1748, #1378, .T. ) ;
#2189 = ORIENTED_EDGE ( 'NONE', *, *, #2012, .T. ) ;
#2190 = FACE_OUTER_BOUND ( 'NONE', #455, .T. ) ;
#2191 = CARTESIAN_POINT ( 'NONE',  ( -27.30000000000000426, -29.00000000000000000, -12.99999999999999467 ) ) ;
#2192 = DATE_AND_TIME ( #1497, #947 ) ;
#2193 = ORIENTED_EDGE ( 'NONE', *, *, #593, .F. ) ;
#2194 = CARTESIAN_POINT ( 'NONE',  ( -24.30000000000000426, -2.999999999999998224, 11.50000000000000888 ) ) ;
#2195 = CARTESIAN_POINT ( 'NONE',  ( -24.30000000000000426, -29.00000000000000000, -12.99999999999999467 ) ) ;
#2196 = EDGE_CURVE ( 'NONE', #89, #683, #225, .T. ) ;
#2197 = ORIENTED_EDGE ( 'NONE', *, *, #2205, .T. ) ;
#2198 = DIRECTION ( 'NONE',  ( 0.000000000000000000, 0.000000000000000000, 1.000000000000000000 ) ) ;
#2199 = VERTEX_POINT ( 'NONE', #19 ) ;
#2200 = DIRECTION ( 'NONE',  ( 0.000000000000000000, 0.000000000000000000, 1.000000000000000000 ) ) ;
#2201 = DIRECTION ( 'NONE',  ( 0.000000000000000000, 0.000000000000000000, 1.000000000000000000 ) ) ;
#2202 = CYLINDRICAL_SURFACE ( 'NONE', #11, 1.000000000000000888 ) ;
#2203 = CARTESIAN_POINT ( 'NONE',  ( -15.00000000000000000, -20.00000000000000000, 22.99999999999999645 ) ) ;
#2204 = ORIENTED_EDGE ( 'NONE', *, *, #1001, .F. ) ;
#2205 = EDGE_CURVE ( 'NONE', #598, #1812, #1464, .T. ) ;
#2206 = CARTESIAN_POINT ( 'NONE',  ( -33.91521469632668584, 4.947214955704117401, 19.65349278217032136 ) ) ;
#2207 = LINE ( 'NONE', #2034, #188 ) ;
#2208 = ADVANCED_FACE ( 'NONE', ( #355 ), #137, .T. ) ;
#2209 = VERTEX_POINT ( 'NONE', #1704 ) ;
#2210 = CARTESIAN_POINT ( 'NONE',  ( -30.00000000000000000, -10.00000000000000000, 20.99999999999999645 ) ) ;
#2211 = EDGE_LOOP ( 'NONE', ( #781, #503, #1559, #1867 ) ) ;
ENDSEC;
END-ISO-10303-21;
