ISO-10303-21;
HEADER;
FILE_DESCRIPTION (( 'STEP AP203' ),
    '1' );
FILE_NAME ('ÊÖ×¦¶æ»ú¹Ì¶¨¼Ü.STEP',
    '2026-05-08T04:02:42',
    ( '' ),
    ( '' ),
    'SwSTEP 2.0',
    'SolidWorks 2025',
    '' );
FILE_SCHEMA (( 'CONFIG_CONTROL_DESIGN' ));
ENDSEC;

DATA;
#1 = DIRECTION ( 'NONE',  ( 0.000000000000000000, 0.000000000000000000, 1.000000000000000000 ) ) ;
#2 = EDGE_LOOP ( 'NONE', ( #1928, #971, #1521, #1998, #516, #1251 ) ) ;
#3 = ORIENTED_EDGE ( 'NONE', *, *, #245, .F. ) ;
#4 = DATE_AND_TIME ( #1090, #2300 ) ;
#5 = DIRECTION ( 'NONE',  ( 0.000000000000000000, 0.000000000000000000, -1.000000000000000000 ) ) ;
#6 = CARTESIAN_POINT ( 'NONE',  ( 2.023844055306274681E-15, -13.99999999999999822, -5.500000000000002665 ) ) ;
#7 = VERTEX_POINT ( 'NONE', #352 ) ;
#8 = DIRECTION ( 'NONE',  ( 0.000000000000000000, 0.000000000000000000, -1.000000000000000000 ) ) ;
#9 = DIRECTION ( 'NONE',  ( 1.000000000000000000, -0.000000000000000000, -0.000000000000000000 ) ) ;
#10 = DIRECTION ( 'NONE',  ( 0.000000000000000000, 0.000000000000000000, -1.000000000000000000 ) ) ;
#11 = CYLINDRICAL_SURFACE ( 'NONE', #1114, 1.500000000000875744 ) ;
#12 = ORIENTED_EDGE ( 'NONE', *, *, #1781, .T. ) ;
#13 = EDGE_LOOP ( 'NONE', ( #2167, #1336, #2209, #610 ) ) ;
#14 = DIRECTION ( 'NONE',  ( -0.000000000000000000, -0.000000000000000000, 1.000000000000000000 ) ) ;
#15 = DIRECTION ( 'NONE',  ( 0.000000000000000000, 0.000000000000000000, 1.000000000000000000 ) ) ;
#16 = ORIENTED_EDGE ( 'NONE', *, *, #1932, .F. ) ;
#17 = AXIS2_PLACEMENT_3D ( 'NONE', #2383, #1048, #1451 ) ;
#18 = AXIS2_PLACEMENT_3D ( 'NONE', #656, #1258, #492 ) ;
#19 = CARTESIAN_POINT ( 'NONE',  ( 27.20000000000000639, 0.000000000000000000, -2.500000000000002220 ) ) ;
#20 = CYLINDRICAL_SURFACE ( 'NONE', #647, 1.500000000000001332 ) ;
#21 = EDGE_CURVE ( 'NONE', #125, #1327, #121, .T. ) ;
#22 = VECTOR ( 'NONE', #821, 1000.000000000000000 ) ;
#23 = DIRECTION ( 'NONE',  ( -0.000000000000000000, 1.000000000000000000, -0.000000000000000000 ) ) ;
#24 = EDGE_CURVE ( 'NONE', #1233, #511, #33, .T. ) ;
#25 = DIRECTION ( 'NONE',  ( 0.000000000000000000, 1.000000000000000000, 0.000000000000000000 ) ) ;
#26 = EDGE_LOOP ( 'NONE', ( #2177, #42, #1733, #1299, #707, #1883, #2127, #175, #1421, #233, #1568, #1809, #1922, #1458, #1261, #2078, #405, #1448, #2106, #574 ) ) ;
#27 = ORIENTED_EDGE ( 'NONE', *, *, #1174, .F. ) ;
#28 = DATE_TIME_ROLE ( 'creation_date' ) ;
#29 = EDGE_CURVE ( 'NONE', #447, #1838, #753, .T. ) ;
#30 = DIRECTION ( 'NONE',  ( 0.000000000000000000, 0.000000000000000000, -1.000000000000000000 ) ) ;
#31 = CYLINDRICAL_SURFACE ( 'NONE', #1266, 1.499999999999999556 ) ;
#32 = ORIENTED_EDGE ( 'NONE', *, *, #824, .F. ) ;
#33 = CIRCLE ( 'NONE', #457, 2.600000000000000089 ) ;
#34 = AXIS2_PLACEMENT_3D ( 'NONE', #2140, #1769, #99 ) ;
#35 = LINE ( 'NONE', #2286, #1631 ) ;
#36 = CARTESIAN_POINT ( 'NONE',  ( -11.80000000000000071, -11.00000000000000178, 6.499999999999997335 ) ) ;
#37 = CIRCLE ( 'NONE', #1716, 1.500000000000001332 ) ;
#38 = CARTESIAN_POINT ( 'NONE',  ( 20.74999999999999645, 24.00000000000000000, 2.499999999999997780 ) ) ;
#39 = ORIENTED_EDGE ( 'NONE', *, *, #427, .F. ) ;
#40 = LINE ( 'NONE', #404, #2292 ) ;
#41 = ORIENTED_EDGE ( 'NONE', *, *, #742, .F. ) ;
#42 = ORIENTED_EDGE ( 'NONE', *, *, #742, .T. ) ;
#43 = CIRCLE ( 'NONE', #2149, 3.000000000000000888 ) ;
#44 = DIRECTION ( 'NONE',  ( -0.000000000000000000, -0.000000000000000000, 1.000000000000000000 ) ) ;
#45 = CARTESIAN_POINT ( 'NONE',  ( -26.25000000000000355, 12.00000000000000178, 2.500000000000002220 ) ) ;
#46 = EDGE_LOOP ( 'NONE', ( #1462, #712 ) ) ;
#47 = CARTESIAN_POINT ( 'NONE',  ( -29.00000000000006750, -37.00000000000000000, 17.50000000000000355 ) ) ;
#48 = CARTESIAN_POINT ( 'NONE',  ( 20.74999999999999645, 27.00000000000000000, 2.499999999999997780 ) ) ;
#49 = LINE ( 'NONE', #2100, #886 ) ;
#50 = EDGE_CURVE ( 'NONE', #933, #260, #1712, .T. ) ;
#51 = ORIENTED_EDGE ( 'NONE', *, *, #2298, .F. ) ;
#52 = DIRECTION ( 'NONE',  ( -1.000000000000000000, 0.000000000000000000, 0.000000000000000000 ) ) ;
#53 = VERTEX_POINT ( 'NONE', #2245 ) ;
#54 = EDGE_CURVE ( 'NONE', #1971, #2356, #1943, .T. ) ;
#55 = DIRECTION ( 'NONE',  ( -1.000000000000000000, 0.000000000000000000, 0.000000000000000000 ) ) ;
#56 = VERTEX_POINT ( 'NONE', #389 ) ;
#57 = FACE_OUTER_BOUND ( 'NONE', #630, .T. ) ;
#58 = CARTESIAN_POINT ( 'NONE',  ( 5.200000000000000178, -5.000000000000000000, -2.500000000000002220 ) ) ;
#59 = CARTESIAN_POINT ( 'NONE',  ( -19.80000000000000071, -5.000000000000000000, -2.500000000000002220 ) ) ;
#60 = CIRCLE ( 'NONE', #1307, 2.600000000000000089 ) ;
#61 = EDGE_CURVE ( 'NONE', #1877, #1788, #1138, .T. ) ;
#62 = ORIENTED_EDGE ( 'NONE', *, *, #2063, .F. ) ;
#63 = AXIS2_PLACEMENT_3D ( 'NONE', #2376, #2397, #1095 ) ;
#64 = CARTESIAN_POINT ( 'NONE',  ( 26.25000000000000000, 22.00000000000000355, 12.49999999999999645 ) ) ;
#65 = VECTOR ( 'NONE', #110, 1000.000000000000000 ) ;
#66 = VERTEX_POINT ( 'NONE', #741 ) ;
#67 = SHAPE_DEFINITION_REPRESENTATION ( #893, #800 ) ;
#68 = CARTESIAN_POINT ( 'NONE',  ( 29.99999999999993250, 3.000000000000000000, 12.50000000000000355 ) ) ;
#69 = ORIENTED_EDGE ( 'NONE', *, *, #149, .T. ) ;
#70 = LINE ( 'NONE', #1010, #173 ) ;
#71 = ADVANCED_FACE ( 'NONE', ( #2231 ), #587, .F. ) ;
#72 = FACE_OUTER_BOUND ( 'NONE', #1151, .T. ) ;
#73 = DIRECTION ( 'NONE',  ( -0.000000000000000000, 1.000000000000000000, -0.000000000000000000 ) ) ;
#74 = VECTOR ( 'NONE', #564, 1000.000000000000000 ) ;
#75 = VECTOR ( 'NONE', #899, 1000.000000000000000 ) ;
#76 = CIRCLE ( 'NONE', #1365, 1.500000000000872191 ) ;
#77 = ORIENTED_EDGE ( 'NONE', *, *, #606, .T. ) ;
#78 = DIRECTION ( 'NONE',  ( 0.000000000000000000, 0.000000000000000000, -1.000000000000000000 ) ) ;
#79 = EDGE_LOOP ( 'NONE', ( #2079, #1901, #2142, #402, #159, #997 ) ) ;
#80 = EDGE_CURVE ( 'NONE', #695, #944, #1823, .T. ) ;
#81 = DIRECTION ( 'NONE',  ( 0.000000000000000000, 1.000000000000000000, 0.000000000000000000 ) ) ;
#82 = AXIS2_PLACEMENT_3D ( 'NONE', #1752, #672, #452 ) ;
#83 = DIRECTION ( 'NONE',  ( -0.000000000000000000, 1.000000000000000000, -0.000000000000000000 ) ) ;
#84 = CARTESIAN_POINT ( 'NONE',  ( -30.00000000000006395, 7.000000000000000000, 2.500000000000002220 ) ) ;
#85 = PLANE ( 'NONE',  #1533 ) ;
#86 = EDGE_CURVE ( 'NONE', #509, #696, #1858, .T. ) ;
#87 = VERTEX_POINT ( 'NONE', #1111 ) ;
#88 = CIRCLE ( 'NONE', #1453, 2.999999999999999112 ) ;
#89 = CARTESIAN_POINT ( 'NONE',  ( -5.799999999999998934, -11.00000000000000000, 6.499999999999997335 ) ) ;
#90 = EDGE_LOOP ( 'NONE', ( #150, #2400, #77, #2221 ) ) ;
#91 = LINE ( 'NONE', #294, #2004 ) ;
#92 = CARTESIAN_POINT ( 'NONE',  ( 32.99999999999992895, 27.00000000000000000, 0.000000000000000000 ) ) ;
#93 = DIRECTION ( 'NONE',  ( 0.000000000000000000, -1.000000000000000000, 0.000000000000000000 ) ) ;
#94 = CARTESIAN_POINT ( 'NONE',  ( -27.00000000000006395, 3.000000000000002665, 15.26393202250021730 ) ) ;
#95 = DIRECTION ( 'NONE',  ( 1.000000000000000000, 0.000000000000000000, 0.000000000000000000 ) ) ;
#96 = EDGE_CURVE ( 'NONE', #1222, #1877, #885, .T. ) ;
#97 = ORIENTED_EDGE ( 'NONE', *, *, #24, .F. ) ;
#98 = ADVANCED_FACE ( 'NONE', ( #965 ), #2277, .F. ) ;
#99 = DIRECTION ( 'NONE',  ( -1.000000000000000000, 0.000000000000000000, -0.000000000000000000 ) ) ;
#100 = VERTEX_POINT ( 'NONE', #38 ) ;
#101 = CARTESIAN_POINT ( 'NONE',  ( 20.74999999999999645, 7.000000000000000000, 2.499999999999997780 ) ) ;
#102 = DIRECTION ( 'NONE',  ( -0.000000000000000000, 1.000000000000000000, -0.000000000000000000 ) ) ;
#103 = EDGE_CURVE ( 'NONE', #576, #329, #601, .T. ) ;
#104 = DIRECTION ( 'NONE',  ( -6.938893903907228378E-16, 0.000000000000000000, 1.000000000000000000 ) ) ;
#105 = LINE ( 'NONE', #1584, #597 ) ;
#106 = DIRECTION ( 'NONE',  ( -1.000000000000000000, 0.000000000000000000, 0.000000000000000000 ) ) ;
#107 = AXIS2_PLACEMENT_3D ( 'NONE', #2065, #1675, #1875 ) ;
#108 = ORIENTED_EDGE ( 'NONE', *, *, #234, .F. ) ;
#109 = VECTOR ( 'NONE', #443, 1000.000000000000000 ) ;
#110 = DIRECTION ( 'NONE',  ( 0.000000000000000000, -1.000000000000000000, 0.000000000000000000 ) ) ;
#111 = ORIENTED_EDGE ( 'NONE', *, *, #1868, .F. ) ;
#112 = CARTESIAN_POINT ( 'NONE',  ( -25.00000000000018829, 0.000000000000000000, 19.50000000000229505 ) ) ;
#113 = ORIENTED_EDGE ( 'NONE', *, *, #703, .F. ) ;
#114 = CARTESIAN_POINT ( 'NONE',  ( 20.74999999999999645, 24.00000000000000000, 2.499999999999997780 ) ) ;
#115 = PRODUCT_DEFINITION_FORMATION_WITH_SPECIFIED_SOURCE ( 'ä»', '', #1265, .NOT_KNOWN. ) ;
#116 = DIRECTION ( 'NONE',  ( -0.000000000000000000, -0.000000000000000000, -1.000000000000000000 ) ) ;
#117 = LINE ( 'NONE', #861, #954 ) ;
#118 = LINE ( 'NONE', #1232, #914 ) ;
#119 = ADVANCED_FACE ( 'NONE', ( #1487 ), #2049, .F. ) ;
#120 = ORIENTED_EDGE ( 'NONE', *, *, #1406, .T. ) ;
#121 = LINE ( 'NONE', #1513, #1097 ) ;
#122 = EDGE_LOOP ( 'NONE', ( #378, #1978, #2104, #2113 ) ) ;
#123 = LINE ( 'NONE', #866, #1072 ) ;
#124 = VERTEX_POINT ( 'NONE', #825 ) ;
#125 = VERTEX_POINT ( 'NONE', #1375 ) ;
#126 = EDGE_CURVE ( 'NONE', #646, #1088, #970, .T. ) ;
#127 = LINE ( 'NONE', #2191, #1750 ) ;
#128 = CARTESIAN_POINT ( 'NONE',  ( -29.00000000000006750, 0.000000000000000000, 17.50000000000000355 ) ) ;
#129 = DIRECTION ( 'NONE',  ( 1.000000000000000000, 0.000000000000000000, 0.000000000000000000 ) ) ;
#130 = DIRECTION ( 'NONE',  ( 0.000000000000000000, -0.000000000000000000, -1.000000000000000000 ) ) ;
#131 = ADVANCED_FACE ( 'NONE', ( #969 ), #1185, .F. ) ;
#132 = ORIENTED_EDGE ( 'NONE', *, *, #2402, .F. ) ;
#133 = AXIS2_PLACEMENT_3D ( 'NONE', #409, #595, #959 ) ;
#134 = AXIS2_PLACEMENT_3D ( 'NONE', #829, #638, #2130 ) ;
#135 = ORIENTED_EDGE ( 'NONE', *, *, #975, .F. ) ;
#136 = CIRCLE ( 'NONE', #328, 2.999999999999999112 ) ;
#137 = EDGE_LOOP ( 'NONE', ( #2162, #1176 ) ) ;
#138 = DIRECTION ( 'NONE',  ( -0.000000000000000000, -0.000000000000000000, -1.000000000000000000 ) ) ;
#139 = VECTOR ( 'NONE', #743, 1000.000000000000000 ) ;
#140 = CARTESIAN_POINT ( 'NONE',  ( 22.20000000000000284, 0.000000000000000000, 6.499999999999997335 ) ) ;
#141 = CYLINDRICAL_SURFACE ( 'NONE', #17, 3.000000000000000000 ) ;
#142 = ADVANCED_FACE ( 'NONE', ( #1384 ), #2126, .F. ) ;
#143 = FACE_BOUND ( 'NONE', #137, .T. ) ;
#144 = ORIENTED_EDGE ( 'NONE', *, *, #1553, .T. ) ;
#145 = AXIS2_PLACEMENT_3D ( 'NONE', #782, #941, #401 ) ;
#146 = VECTOR ( 'NONE', #2345, 1000.000000000000000 ) ;
#147 = AXIS2_PLACEMENT_3D ( 'NONE', #48, #1565, #218 ) ;
#148 = VECTOR ( 'NONE', #1949, 1000.000000000000000 ) ;
#149 = EDGE_CURVE ( 'NONE', #1366, #787, #1975, .T. ) ;
#150 = ORIENTED_EDGE ( 'NONE', *, *, #388, .T. ) ;
#151 = EDGE_LOOP ( 'NONE', ( #728, #2272, #111, #406 ) ) ;
#152 = CARTESIAN_POINT ( 'NONE',  ( -2.800000000000000266, -3.469446951953615175E-16, 6.499999999999997335 ) ) ;
#153 = DIRECTION ( 'NONE',  ( -1.000000000000000000, 0.000000000000000000, 0.000000000000000000 ) ) ;
#154 = CARTESIAN_POINT ( 'NONE',  ( -2.800000000000000266, 1.500000000000000444, -4.000000000000001776 ) ) ;
#155 = CARTESIAN_POINT ( 'NONE',  ( 29.99999999999993250, 30.00000000000000000, 0.000000000000000000 ) ) ;
#156 = FACE_OUTER_BOUND ( 'NONE', #1015, .T. ) ;
#157 = ADVANCED_FACE ( 'NONE', ( #1912 ), #1363, .T. ) ;
#158 = VECTOR ( 'NONE', #881, 1000.000000000000000 ) ;
#159 = ORIENTED_EDGE ( 'NONE', *, *, #1456, .F. ) ;
#160 = CARTESIAN_POINT ( 'NONE',  ( 25.99999999999980815, -7.000000000000000000, 28.00000000000142819 ) ) ;
#161 = ORIENTED_EDGE ( 'NONE', *, *, #2041, .F. ) ;
#162 = VERTEX_POINT ( 'NONE', #222 ) ;
#163 = VECTOR ( 'NONE', #1746, 1000.000000000000000 ) ;
#164 = DIRECTION ( 'NONE',  ( 0.000000000000000000, 0.000000000000000000, -1.000000000000000000 ) ) ;
#165 = DIRECTION ( 'NONE',  ( -0.000000000000000000, -0.000000000000000000, -1.000000000000000000 ) ) ;
#166 = EDGE_LOOP ( 'NONE', ( #2219, #1424 ) ) ;
#167 = CARTESIAN_POINT ( 'NONE',  ( -28.75000000000000000, 7.000000000000000000, -2.500000000000002220 ) ) ;
#168 = CARTESIAN_POINT ( 'NONE',  ( -11.80000000000000071, -14.00000000000000000, -5.500000000000002665 ) ) ;
#169 = EDGE_CURVE ( 'NONE', #1867, #2208, #416, .T. ) ;
#170 = VERTEX_POINT ( 'NONE', #1569 ) ;
#171 = EDGE_CURVE ( 'NONE', #7, #414, #983, .T. ) ;
#172 = CARTESIAN_POINT ( 'NONE',  ( 0.000000000000000000, 0.000000000000000000, 6.499999999999997335 ) ) ;
#173 = VECTOR ( 'NONE', #819, 1000.000000000000000 ) ;
#174 = ORIENTED_EDGE ( 'NONE', *, *, #201, .F. ) ;
#175 = ORIENTED_EDGE ( 'NONE', *, *, #1715, .T. ) ;
#176 =( NAMED_UNIT ( * ) PLANE_ANGLE_UNIT ( ) SI_UNIT ( $, .RADIAN. ) );
#177 = CARTESIAN_POINT ( 'NONE',  ( -11.80000000000000071, -11.00000000000000178, -5.500000000000003553 ) ) ;
#178 = DIRECTION ( 'NONE',  ( -6.938893903907228378E-16, 0.000000000000000000, -1.000000000000000000 ) ) ;
#179 = ORIENTED_EDGE ( 'NONE', *, *, #520, .F. ) ;
#180 = FACE_OUTER_BOUND ( 'NONE', #151, .T. ) ;
#181 = DIRECTION ( 'NONE',  ( -1.000000000000000000, 1.156482317317871725E-15, 0.000000000000000000 ) ) ;
#182 = AXIS2_PLACEMENT_3D ( 'NONE', #603, #992, #1738 ) ;
#183 = CARTESIAN_POINT ( 'NONE',  ( -14.80000000000000071, 0.000000000000000000, -5.500000000000002665 ) ) ;
#184 = LINE ( 'NONE', #160, #1162 ) ;
#185 = AXIS2_PLACEMENT_3D ( 'NONE', #2401, #533, #1847 ) ;
#186 = ORIENTED_EDGE ( 'NONE', *, *, #1887, .F. ) ;
#187 = VERTEX_POINT ( 'NONE', #1175 ) ;
#188 = PERSON_AND_ORGANIZATION ( #1786, #930 ) ;
#189 = AXIS2_PLACEMENT_3D ( 'NONE', #504, #2182, #1962 ) ;
#190 = VECTOR ( 'NONE', #138, 1000.000000000000000 ) ;
#191 = DIRECTION ( 'NONE',  ( 0.000000000000000000, -0.000000000000000000, -1.000000000000000000 ) ) ;
#192 = LINE ( 'NONE', #215, #281 ) ;
#193 = ORIENTED_EDGE ( 'NONE', *, *, #1098, .T. ) ;
#194 = CARTESIAN_POINT ( 'NONE',  ( 0.000000000000000000, 0.000000000000000000, 6.499999999999997335 ) ) ;
#195 = LINE ( 'NONE', #1023, #876 ) ;
#196 = CC_DESIGN_APPROVAL ( #1502, ( #415 ) ) ;
#197 = DIRECTION ( 'NONE',  ( 0.000000000000000000, 0.000000000000000000, 1.000000000000000000 ) ) ;
#198 = DIRECTION ( 'NONE',  ( -0.000000000000000000, 1.000000000000000000, -0.000000000000000000 ) ) ;
#199 = ORIENTED_EDGE ( 'NONE', *, *, #926, .T. ) ;
#200 = ORIENTED_EDGE ( 'NONE', *, *, #2120, .F. ) ;
#201 = EDGE_CURVE ( 'NONE', #944, #695, #1777, .T. ) ;
#202 = CARTESIAN_POINT ( 'NONE',  ( -28.75000000000000000, 7.000000000000000000, 2.500000000000002220 ) ) ;
#203 = DIRECTION ( 'NONE',  ( -0.000000000000000000, -0.000000000000000000, -1.000000000000000000 ) ) ;
#204 = ORIENTED_EDGE ( 'NONE', *, *, #227, .F. ) ;
#205 = DIRECTION ( 'NONE',  ( -1.000000000000000000, 1.239088197126291063E-16, 0.000000000000000000 ) ) ;
#206 = CARTESIAN_POINT ( 'NONE',  ( 32.99999999999992895, 30.00000000000000000, -2.500000000000002220 ) ) ;
#207 = CC_DESIGN_DATE_AND_TIME_ASSIGNMENT ( #1131, #28, ( #415 ) ) ;
#208 = CARTESIAN_POINT ( 'NONE',  ( 26.99999999999993250, 3.000000000000000000, 34.50000000000000000 ) ) ;
#209 = EDGE_CURVE ( 'NONE', #716, #474, #40, .T. ) ;
#210 = DIRECTION ( 'NONE',  ( -0.000000000000000000, 1.000000000000000000, -0.000000000000000000 ) ) ;
#211 = EDGE_LOOP ( 'NONE', ( #1669, #421 ) ) ;
#212 = ORIENTED_EDGE ( 'NONE', *, *, #388, .F. ) ;
#213 = COORDINATED_UNIVERSAL_TIME_OFFSET ( 8, 0, .AHEAD. ) ;
#214 = LINE ( 'NONE', #958, #1567 ) ;
#215 = CARTESIAN_POINT ( 'NONE',  ( -30.00000000000006395, 3.000000000000000000, 37.50000000000000711 ) ) ;
#216 = ORIENTED_EDGE ( 'NONE', *, *, #1203, .T. ) ;
#217 = AXIS2_PLACEMENT_3D ( 'NONE', #2237, #977, #2043 ) ;
#218 = DIRECTION ( 'NONE',  ( 6.938893903907228378E-16, 0.000000000000000000, -1.000000000000000000 ) ) ;
#219 = DIRECTION ( 'NONE',  ( -1.000000000000000000, 0.000000000000000000, 0.000000000000000000 ) ) ;
#220 = DIRECTION ( 'NONE',  ( 0.000000000000000000, 0.000000000000000000, -1.000000000000000000 ) ) ;
#221 = EDGE_LOOP ( 'NONE', ( #1694, #635, #1639, #773 ) ) ;
#222 = CARTESIAN_POINT ( 'NONE',  ( 29.99999999999993250, 30.00000000000000000, -2.500000000000001776 ) ) ;
#223 = ORIENTED_EDGE ( 'NONE', *, *, #675, .F. ) ;
#224 = EDGE_LOOP ( 'NONE', ( #2011, #1723 ) ) ;
#225 = CARTESIAN_POINT ( 'NONE',  ( 2.200000000000000178, -5.000000000000000000, 0.000000000000000000 ) ) ;
#226 = DIRECTION ( 'NONE',  ( 0.000000000000000000, 1.000000000000000000, 0.000000000000000000 ) ) ;
#227 = EDGE_CURVE ( 'NONE', #1794, #2294, #2172, .T. ) ;
#228 = ORIENTED_EDGE ( 'NONE', *, *, #275, .F. ) ;
#229 = VECTOR ( 'NONE', #1951, 1000.000000000000000 ) ;
#230 = AXIS2_PLACEMENT_3D ( 'NONE', #2060, #1896, #1696 ) ;
#231 = CARTESIAN_POINT ( 'NONE',  ( -19.80000000000000071, 0.000000000000000000, 6.499999999999997335 ) ) ;
#232 = DIRECTION ( 'NONE',  ( -0.000000000000000000, 1.000000000000000000, -0.000000000000000000 ) ) ;
#233 = ORIENTED_EDGE ( 'NONE', *, *, #317, .T. ) ;
#234 = EDGE_CURVE ( 'NONE', #2405, #2018, #590, .T. ) ;
#235 = DIRECTION ( 'NONE',  ( -1.000000000000000000, 1.156482317317871331E-15, 0.000000000000000000 ) ) ;
#236 = ORIENTED_EDGE ( 'NONE', *, *, #1181, .F. ) ;
#237 = CC_DESIGN_PERSON_AND_ORGANIZATION_ASSIGNMENT ( #561, #2040, ( #115 ) ) ;
#238 = DIRECTION ( 'NONE',  ( -1.000000000000000000, 0.000000000000000000, -0.000000000000000000 ) ) ;
#239 = PLANE ( 'NONE',  #302 ) ;
#240 = ORIENTED_EDGE ( 'NONE', *, *, #845, .F. ) ;
#241 = CARTESIAN_POINT ( 'NONE',  ( 24.74999999999999645, 22.00000000000000355, -2.500000000000002220 ) ) ;
#242 = CARTESIAN_POINT ( 'NONE',  ( -2.800000000000000266, 1.500000000000000444, -2.500000000000002220 ) ) ;
#243 = CYLINDRICAL_SURFACE ( 'NONE', #1281, 1.500000000000875744 ) ;
#244 = VERTEX_POINT ( 'NONE', #430 ) ;
#245 = EDGE_CURVE ( 'NONE', #1168, #2378, #2279, .T. ) ;
#246 = LINE ( 'NONE', #1532, #2093 ) ;
#247 = ORIENTED_EDGE ( 'NONE', *, *, #612, .F. ) ;
#248 = EDGE_CURVE ( 'NONE', #462, #812, #246, .T. ) ;
#249 = CARTESIAN_POINT ( 'NONE',  ( 0.000000000000000000, 0.000000000000000000, -5.500000000000002665 ) ) ;
#250 = ORIENTED_EDGE ( 'NONE', *, *, #1880, .T. ) ;
#251 = CARTESIAN_POINT ( 'NONE',  ( -8.800000000000006040, -7.219000805152965050, -5.500000000000002665 ) ) ;
#252 = DIRECTION ( 'NONE',  ( 1.000000000000000000, 0.000000000000000000, 0.000000000000000000 ) ) ;
#253 = LINE ( 'NONE', #1417, #448 ) ;
#254 = VECTOR ( 'NONE', #1866, 1000.000000000000000 ) ;
#255 = AXIS2_PLACEMENT_3D ( 'NONE', #1767, #1051, #95 ) ;
#256 = ORIENTED_EDGE ( 'NONE', *, *, #1040, .T. ) ;
#257 = VECTOR ( 'NONE', #1207, 1000.000000000000000 ) ;
#258 = VECTOR ( 'NONE', #738, 1000.000000000000000 ) ;
#259 = CARTESIAN_POINT ( 'NONE',  ( -8.800000000000006040, -7.219000805152965050, 9.500000000000001776 ) ) ;
#260 = VERTEX_POINT ( 'NONE', #270 ) ;
#261 = CARTESIAN_POINT ( 'NONE',  ( -25.00000000000018829, -7.000000000000000000, 28.00000000000142464 ) ) ;
#262 = CARTESIAN_POINT ( 'NONE',  ( 10.20000000000000107, 0.000000000000000000, -4.000000000000001776 ) ) ;
#263 = FACE_OUTER_BOUND ( 'NONE', #1894, .T. ) ;
#264 = FACE_BOUND ( 'NONE', #2031, .T. ) ;
#265 = VECTOR ( 'NONE', #2275, 1000.000000000000000 ) ;
#266 = CIRCLE ( 'NONE', #1517, 1.500000000000001332 ) ;
#267 = AXIS2_PLACEMENT_3D ( 'NONE', #1753, #1021, #651 ) ;
#268 = VERTEX_POINT ( 'NONE', #1016 ) ;
#269 = VECTOR ( 'NONE', #408, 1000.000000000000000 ) ;
#270 = CARTESIAN_POINT ( 'NONE',  ( 29.99999999999993250, 3.000000000000000000, 34.50000000000000000 ) ) ;
#271 = ORIENTED_EDGE ( 'NONE', *, *, #2215, .F. ) ;
#272 = DIRECTION ( 'NONE',  ( 0.000000000000000000, -1.000000000000000000, 0.000000000000000000 ) ) ;
#273 = AXIS2_PLACEMENT_3D ( 'NONE', #1692, #14, #760 ) ;
#274 = CARTESIAN_POINT ( 'NONE',  ( 29.99999999999993250, 3.000000000000000000, 9.500000000000003553 ) ) ;
#275 = EDGE_CURVE ( 'NONE', #913, #7, #1356, .T. ) ;
#276 = CARTESIAN_POINT ( 'NONE',  ( -23.25000000000000000, 12.00000000000000178, 2.500000000000002220 ) ) ;
#277 = CARTESIAN_POINT ( 'NONE',  ( 26.25000000000000355, 12.00000000000000178, 2.500000000000002220 ) ) ;
#278 = CARTESIAN_POINT ( 'NONE',  ( -20.74999999999999645, 24.00000000000000000, 2.499999999999997780 ) ) ;
#279 = EDGE_LOOP ( 'NONE', ( #1236, #250, #1291, #1038 ) ) ;
#280 = EDGE_CURVE ( 'NONE', #955, #736, #1900, .T. ) ;
#281 = VECTOR ( 'NONE', #203, 1000.000000000000000 ) ;
#282 = CARTESIAN_POINT ( 'NONE',  ( -25.75000000000000000, 27.00000000000000000, 2.500000000000002220 ) ) ;
#283 = EDGE_CURVE ( 'NONE', #303, #1510, #1039, .T. ) ;
#284 = ORIENTED_EDGE ( 'NONE', *, *, #1025, .T. ) ;
#285 = CARTESIAN_POINT ( 'NONE',  ( -30.00000000000006395, 3.000000000000000000, 37.50000000000000711 ) ) ;
#286 = CARTESIAN_POINT ( 'NONE',  ( 16.20000000000000639, -7.219000805152965050, -5.500000000000002665 ) ) ;
#287 = CARTESIAN_POINT ( 'NONE',  ( 13.19999999999999751, -13.99999999999999822, -5.500000000000002665 ) ) ;
#288 = PLANE ( 'NONE',  #1501 ) ;
#289 = CARTESIAN_POINT ( 'NONE',  ( 32.99999999999992895, 0.000000000000000000, 9.500000000000005329 ) ) ;
#290 = AXIS2_PLACEMENT_3D ( 'NONE', #794, #2317, #639 ) ;
#291 = EDGE_LOOP ( 'NONE', ( #16, #1600, #471, #1455 ) ) ;
#292 = CARTESIAN_POINT ( 'NONE',  ( 22.20000000000000284, -5.000000000000000000, 6.499999999999998224 ) ) ;
#293 = VERTEX_POINT ( 'NONE', #1163 ) ;
#294 = CARTESIAN_POINT ( 'NONE',  ( 5.200000000000000178, 0.000000000000000000, 6.499999999999997335 ) ) ;
#295 = AXIS2_PLACEMENT_3D ( 'NONE', #1337, #78, #2303 ) ;
#296 = ORIENTED_EDGE ( 'NONE', *, *, #275, .T. ) ;
#297 = CARTESIAN_POINT ( 'NONE',  ( 19.20000000000000639, -14.00000000000000000, -5.500000000000002665 ) ) ;
#298 = EDGE_CURVE ( 'NONE', #2356, #1971, #615, .T. ) ;
#299 = LINE ( 'NONE', #1440, #1559 ) ;
#300 = DIRECTION ( 'NONE',  ( 0.000000000000000000, 0.000000000000000000, -1.000000000000000000 ) ) ;
#301 = CARTESIAN_POINT ( 'NONE',  ( -29.00000000000006395, -37.00000000000000000, 34.50000000000000000 ) ) ;
#302 = AXIS2_PLACEMENT_3D ( 'NONE', #2096, #420, #1915 ) ;
#303 = VERTEX_POINT ( 'NONE', #2152 ) ;
#304 = AXIS2_PLACEMENT_3D ( 'NONE', #1804, #870, #1617 ) ;
#305 = CARTESIAN_POINT ( 'NONE',  ( -14.80000000000000071, -11.00000000000000178, 6.499999999999997335 ) ) ;
#306 = EDGE_CURVE ( 'NONE', #1810, #1004, #1859, .T. ) ;
#307 = ORIENTED_EDGE ( 'NONE', *, *, #1575, .T. ) ;
#308 = CARTESIAN_POINT ( 'NONE',  ( -20.75000000000000000, 27.00000000000000000, -2.500000000000002220 ) ) ;
#309 = EDGE_LOOP ( 'NONE', ( #1227, #1480, #719, #2280, #1396, #616, #193, #2367 ) ) ;
#310 = CC_DESIGN_DATE_AND_TIME_ASSIGNMENT ( #356, #1104, ( #347 ) ) ;
#311 = CARTESIAN_POINT ( 'NONE',  ( -11.80000000000000071, -14.00000000000000000, 6.499999999999997335 ) ) ;
#312 = CARTESIAN_POINT ( 'NONE',  ( -2.023844055306273497E-15, -13.99999999999999645, -5.500000000000002665 ) ) ;
#313 = DIRECTION ( 'NONE',  ( -1.000000000000000000, 0.000000000000000000, 0.000000000000000000 ) ) ;
#314 = EDGE_CURVE ( 'NONE', #66, #978, #1780, .T. ) ;
#315 = CARTESIAN_POINT ( 'NONE',  ( -30.00000000000006395, 7.000000000000000000, -2.500000000000002220 ) ) ;
#316 = EDGE_LOOP ( 'NONE', ( #1374, #1652, #2222, #658 ) ) ;
#317 = EDGE_CURVE ( 'NONE', #1368, #1249, #1845, .T. ) ;
#318 = EDGE_LOOP ( 'NONE', ( #875, #1730, #216, #1457 ) ) ;
#319 = VERTEX_POINT ( 'NONE', #2021 ) ;
#320 = DIRECTION ( 'NONE',  ( 0.000000000000000000, 0.000000000000000000, 1.000000000000000000 ) ) ;
#321 = DIRECTION ( 'NONE',  ( 0.000000000000000000, 0.000000000000000000, -1.000000000000000000 ) ) ;
#322 = CARTESIAN_POINT ( 'NONE',  ( -2.800000000000000266, -3.469446951953615175E-16, 6.499999999999997335 ) ) ;
#323 = DIRECTION ( 'NONE',  ( 0.000000000000000000, 1.000000000000000000, 0.000000000000000000 ) ) ;
#324 = ORIENTED_EDGE ( 'NONE', *, *, #2312, .T. ) ;
#325 = EDGE_CURVE ( 'NONE', #2066, #1992, #1279, .T. ) ;
#326 = AXIS2_PLACEMENT_3D ( 'NONE', #508, #1817, #862 ) ;
#327 = ORIENTED_EDGE ( 'NONE', *, *, #29, .F. ) ;
#328 = AXIS2_PLACEMENT_3D ( 'NONE', #94, #444, #1001 ) ;
#329 = VERTEX_POINT ( 'NONE', #2217 ) ;
#330 = FACE_OUTER_BOUND ( 'NONE', #1027, .T. ) ;
#331 = DIRECTION ( 'NONE',  ( -0.000000000000000000, 1.000000000000000000, -0.000000000000000000 ) ) ;
#332 = DIRECTION ( 'NONE',  ( -0.000000000000000000, -0.000000000000000000, -1.000000000000000000 ) ) ;
#333 = EDGE_CURVE ( 'NONE', #878, #757, #726, .T. ) ;
#334 = CARTESIAN_POINT ( 'NONE',  ( -30.00000000000006395, 7.000000000000000000, 2.500000000000002220 ) ) ;
#335 = EDGE_LOOP ( 'NONE', ( #1653, #307, #783, #689, #1089, #2380 ) ) ;
#336 = AXIS2_PLACEMENT_3D ( 'NONE', #1125, #1874, #197 ) ;
#337 = VECTOR ( 'NONE', #425, 1000.000000000000000 ) ;
#338 = DIRECTION ( 'NONE',  ( -1.000000000000000000, 0.000000000000000000, 0.000000000000000000 ) ) ;
#339 = AXIS2_PLACEMENT_3D ( 'NONE', #2013, #102, #320 ) ;
#340 = ORIENTED_EDGE ( 'NONE', *, *, #283, .F. ) ;
#341 = ORIENTED_EDGE ( 'NONE', *, *, #2304, .T. ) ;
#342 = CARTESIAN_POINT ( 'NONE',  ( -30.00000000000006395, 0.000000000000000000, 15.26393202250021730 ) ) ;
#343 = LINE ( 'NONE', #1840, #1326 ) ;
#344 = DIRECTION ( 'NONE',  ( -1.000000000000000000, -1.239088197126290817E-16, -0.000000000000000000 ) ) ;
#345 = EDGE_LOOP ( 'NONE', ( #932, #1942, #1044, #1093, #1154, #392, #2268, #69 ) ) ;
#346 = ADVANCED_FACE ( 'NONE', ( #1294 ), #541, .F. ) ;
#347 = SECURITY_CLASSIFICATION ( '', '', #2269 ) ;
#348 = DIRECTION ( 'NONE',  ( 0.000000000000000000, 1.000000000000000000, -0.000000000000000000 ) ) ;
#349 = CARTESIAN_POINT ( 'NONE',  ( -24.75000000000000000, 12.00000000000000178, -2.500000000000002220 ) ) ;
#350 = EDGE_CURVE ( 'NONE', #2058, #2262, #1713, .T. ) ;
#351 = CIRCLE ( 'NONE', #1953, 1.500000000000001332 ) ;
#352 = CARTESIAN_POINT ( 'NONE',  ( 25.99999999999980815, 0.000000000000000000, 31.00000000000317257 ) ) ;
#353 = CARTESIAN_POINT ( 'NONE',  ( -24.74999999999999645, 22.00000000000000355, -2.500000000000002220 ) ) ;
#354 = VERTEX_POINT ( 'NONE', #168 ) ;
#355 = ORIENTED_EDGE ( 'NONE', *, *, #1707, .F. ) ;
#356 = DATE_AND_TIME ( #367, #1372 ) ;
#357 = LINE ( 'NONE', #563, #2308 ) ;
#358 = DIRECTION ( 'NONE',  ( 1.000000000000000000, 0.000000000000000000, 0.000000000000000000 ) ) ;
#359 = VERTEX_POINT ( 'NONE', #1661 ) ;
#360 = CARTESIAN_POINT ( 'NONE',  ( -17.75000000000000000, 27.00000000000000000, 1.231653667943533037E-14 ) ) ;
#361 = DIRECTION ( 'NONE',  ( -0.000000000000000000, -0.000000000000000000, 1.000000000000000000 ) ) ;
#362 = ORIENTED_EDGE ( 'NONE', *, *, #50, .T. ) ;
#363 = CARTESIAN_POINT ( 'NONE',  ( 0.000000000000000000, -1.500000000000000000, -4.000000000000001776 ) ) ;
#364 = VECTOR ( 'NONE', #873, 1000.000000000000000 ) ;
#365 = VERTEX_POINT ( 'NONE', #1857 ) ;
#366 = VERTEX_POINT ( 'NONE', #2398 ) ;
#367 = CALENDAR_DATE ( 2026, 8, 5 ) ;
#368 = FACE_BOUND ( 'NONE', #46, .T. ) ;
#369 = CARTESIAN_POINT ( 'NONE',  ( 26.25000000000000000, 22.00000000000000355, 2.500000000000002220 ) ) ;
#370 = ORIENTED_EDGE ( 'NONE', *, *, #2063, .T. ) ;
#371 = CIRCLE ( 'NONE', #1741, 1.500000000000875744 ) ;
#372 = FACE_OUTER_BOUND ( 'NONE', #560, .T. ) ;
#373 = DIRECTION ( 'NONE',  ( 0.000000000000000000, 0.000000000000000000, -1.000000000000000000 ) ) ;
#374 = VECTOR ( 'NONE', #529, 1000.000000000000000 ) ;
#375 = DIRECTION ( 'NONE',  ( 1.000000000000000000, 0.000000000000000000, -6.938893903907228378E-16 ) ) ;
#376 = CYLINDRICAL_SURFACE ( 'NONE', #618, 1.499999999999999556 ) ;
#377 = EDGE_CURVE ( 'NONE', #2208, #462, #2015, .T. ) ;
#378 = ORIENTED_EDGE ( 'NONE', *, *, #209, .F. ) ;
#379 = ORIENTED_EDGE ( 'NONE', *, *, #2081, .T. ) ;
#380 = DIRECTION ( 'NONE',  ( 1.000000000000000000, 0.000000000000000000, 0.000000000000000000 ) ) ;
#381 = CIRCLE ( 'NONE', #1749, 3.000000000000000000 ) ;
#382 = VECTOR ( 'NONE', #467, 1000.000000000000000 ) ;
#383 = FACE_OUTER_BOUND ( 'NONE', #2392, .T. ) ;
#384 = CARTESIAN_POINT ( 'NONE',  ( -14.80000000000000071, -5.000000000000000000, -2.500000000000002220 ) ) ;
#385 = VERTEX_POINT ( 'NONE', #2324 ) ;
#386 = CARTESIAN_POINT ( 'NONE',  ( -24.75000000000000000, 12.00000000000000178, 12.49999999999999645 ) ) ;
#387 = LINE ( 'NONE', #1318, #265 ) ;
#388 = EDGE_CURVE ( 'NONE', #1525, #1088, #473, .T. ) ;
#389 = CARTESIAN_POINT ( 'NONE',  ( 2.200000000000000178, 0.000000000000000000, 6.499999999999997335 ) ) ;
#390 = CIRCLE ( 'NONE', #1757, 1.500000000000875744 ) ;
#391 = DIRECTION ( 'NONE',  ( 0.000000000000000000, 0.000000000000000000, -1.000000000000000000 ) ) ;
#392 = ORIENTED_EDGE ( 'NONE', *, *, #2108, .T. ) ;
#393 = ORIENTED_EDGE ( 'NONE', *, *, #1608, .T. ) ;
#394 = APPROVAL_STATUS ( 'not_yet_approved' ) ;
#395 = DIRECTION ( 'NONE',  ( -1.000000000000000000, 0.000000000000000000, 0.000000000000000000 ) ) ;
#396 = FACE_OUTER_BOUND ( 'NONE', #1924, .T. ) ;
#397 = ORIENTED_EDGE ( 'NONE', *, *, #325, .T. ) ;
#398 = AXIS2_PLACEMENT_3D ( 'NONE', #1391, #2134, #1952 ) ;
#399 = FACE_BOUND ( 'NONE', #1576, .T. ) ;
#400 = CARTESIAN_POINT ( 'NONE',  ( 25.99999999999982236, 0.000000000000000000, 18.00000000000142464 ) ) ;
#401 = DIRECTION ( 'NONE',  ( -1.000000000000000000, 0.000000000000000000, 0.000000000000000000 ) ) ;
#402 = ORIENTED_EDGE ( 'NONE', *, *, #1209, .F. ) ;
#403 = ADVANCED_FACE ( 'NONE', ( #648, #1235 ), #1394, .T. ) ;
#404 = CARTESIAN_POINT ( 'NONE',  ( 26.25000000000000355, 12.00000000000000178, 12.49999999999999645 ) ) ;
#405 = ORIENTED_EDGE ( 'NONE', *, *, #1380, .F. ) ;
#406 = ORIENTED_EDGE ( 'NONE', *, *, #854, .T. ) ;
#407 = CIRCLE ( 'NONE', #2241, 1.500000000000001332 ) ;
#408 = DIRECTION ( 'NONE',  ( -1.239088197126291063E-16, -1.000000000000000000, 0.000000000000000000 ) ) ;
#409 = CARTESIAN_POINT ( 'NONE',  ( 10.20000000000000107, -1.263869961068816964E-15, -5.500000000000002665 ) ) ;
#410 = EDGE_LOOP ( 'NONE', ( #2000, #497, #2411, #960 ) ) ;
#411 = DIRECTION ( 'NONE',  ( 0.000000000000000000, 0.000000000000000000, 1.000000000000000000 ) ) ;
#412 = DIRECTION ( 'NONE',  ( 0.000000000000000000, -1.000000000000000000, 0.000000000000000000 ) ) ;
#413 = ADVANCED_FACE ( 'NONE', ( #715 ), #1587, .T. ) ;
#414 = VERTEX_POINT ( 'NONE', #2163 ) ;
#415 = PRODUCT_DEFINITION ( 'æœ', '', #115, #517 ) ;
#416 = LINE ( 'NONE', #449, #1118 ) ;
#417 = ORIENTED_EDGE ( 'NONE', *, *, #80, .T. ) ;
#418 = CIRCLE ( 'NONE', #1557, 1.499999999999999556 ) ;
#419 = CARTESIAN_POINT ( 'NONE',  ( 29.99999999999993250, 7.000000000000000000, 2.500000000000002220 ) ) ;
#420 = DIRECTION ( 'NONE',  ( 0.000000000000000000, -1.000000000000000000, 0.000000000000000000 ) ) ;
#421 = ORIENTED_EDGE ( 'NONE', *, *, #298, .T. ) ;
#422 = AXIS2_PLACEMENT_3D ( 'NONE', #1939, #1554, #988 ) ;
#423 = DIRECTION ( 'NONE',  ( -1.000000000000000000, 0.000000000000000000, 0.000000000000000000 ) ) ;
#424 = CARTESIAN_POINT ( 'NONE',  ( 0.000000000000000000, 0.000000000000000000, -4.000000000000001776 ) ) ;
#425 = DIRECTION ( 'NONE',  ( -1.000000000000000000, 0.000000000000000000, 0.000000000000000000 ) ) ;
#426 = EDGE_CURVE ( 'NONE', #319, #1344, #1411, .T. ) ;
#427 = EDGE_CURVE ( 'NONE', #1848, #681, #1967, .T. ) ;
#428 = EDGE_LOOP ( 'NONE', ( #1064, #1535, #1609, #2012 ) ) ;
#429 = CC_DESIGN_SECURITY_CLASSIFICATION ( #347, ( #115 ) ) ;
#430 = CARTESIAN_POINT ( 'NONE',  ( -29.00000000000006395, 3.000000000000000000, 34.50000000000000000 ) ) ;
#431 = ORIENTED_EDGE ( 'NONE', *, *, #209, .T. ) ;
#432 = DIRECTION ( 'NONE',  ( -0.000000000000000000, -0.000000000000000000, -1.000000000000000000 ) ) ;
#433 = ORIENTED_EDGE ( 'NONE', *, *, #737, .F. ) ;
#434 = DIRECTION ( 'NONE',  ( -0.000000000000000000, -0.000000000000000000, -1.000000000000000000 ) ) ;
#435 = LINE ( 'NONE', #1182, #1321 ) ;
#436 = LINE ( 'NONE', #1756, #257 ) ;
#437 = EDGE_LOOP ( 'NONE', ( #27, #451, #2239, #2094 ) ) ;
#438 = CARTESIAN_POINT ( 'NONE',  ( -8.800000000000006040, -7.219000805152965050, 9.500000000000001776 ) ) ;
#439 = EDGE_LOOP ( 'NONE', ( #3, #967, #1801, #2322, #1134, #1957 ) ) ;
#440 = DIRECTION ( 'NONE',  ( 1.000000000000000000, 0.000000000000000000, -1.734723475976807094E-16 ) ) ;
#441 = VERTEX_POINT ( 'NONE', #305 ) ;
#442 = LINE ( 'NONE', #453, #148 ) ;
#443 = DIRECTION ( 'NONE',  ( -1.000000000000000000, -0.000000000000000000, -7.542275982507856530E-18 ) ) ;
#444 = DIRECTION ( 'NONE',  ( -0.000000000000000000, 1.000000000000000000, -0.000000000000000000 ) ) ;
#445 = AXIS2_PLACEMENT_3D ( 'NONE', #491, #2057, #581 ) ;
#446 = VECTOR ( 'NONE', #2326, 1000.000000000000000 ) ;
#447 = VERTEX_POINT ( 'NONE', #1796 ) ;
#448 = VECTOR ( 'NONE', #1371, 1000.000000000000000 ) ;
#449 = CARTESIAN_POINT ( 'NONE',  ( -25.75000000000000000, 30.00000000000000000, 1.786765180256110992E-14 ) ) ;
#450 = ADVANCED_FACE ( 'NONE', ( #156 ), #900, .F. ) ;
#451 = ORIENTED_EDGE ( 'NONE', *, *, #1025, .F. ) ;
#452 = DIRECTION ( 'NONE',  ( 0.000000000000000000, 0.000000000000000000, 1.000000000000000000 ) ) ;
#453 = CARTESIAN_POINT ( 'NONE',  ( 23.25000000000000000, 12.00000000000000178, 12.49999999999999645 ) ) ;
#454 = CARTESIAN_POINT ( 'NONE',  ( 17.75000000000000000, 24.00000000000000000, 1.231653667943533037E-14 ) ) ;
#455 = CARTESIAN_POINT ( 'NONE',  ( -14.80000000000000071, 0.000000000000000000, -4.000000000000001776 ) ) ;
#456 = CC_DESIGN_PERSON_AND_ORGANIZATION_ASSIGNMENT ( #1288, #2028, ( #347 ) ) ;
#457 = AXIS2_PLACEMENT_3D ( 'NONE', #1319, #768, #1698 ) ;
#458 = VECTOR ( 'NONE', #1053, 1000.000000000000000 ) ;
#459 = AXIS2_PLACEMENT_3D ( 'NONE', #1389, #1355, #423 ) ;
#460 = DIRECTION ( 'NONE',  ( 1.000000000000000000, 0.000000000000000000, 0.000000000000000000 ) ) ;
#461 = ADVANCED_FACE ( 'NONE', ( #2287 ), #2257, .T. ) ;
#462 = VERTEX_POINT ( 'NONE', #2243 ) ;
#463 = DIRECTION ( 'NONE',  ( -0.000000000000000000, -0.000000000000000000, -1.000000000000000000 ) ) ;
#464 = ORIENTED_EDGE ( 'NONE', *, *, #667, .T. ) ;
#465 = LINE ( 'NONE', #847, #1189 ) ;
#466 = VECTOR ( 'NONE', #1549, 1000.000000000000000 ) ;
#467 = DIRECTION ( 'NONE',  ( 1.000000000000000000, 0.000000000000000000, 0.000000000000000000 ) ) ;
#468 = DIRECTION ( 'NONE',  ( 0.000000000000000000, -1.000000000000000000, 0.000000000000000000 ) ) ;
#469 = CARTESIAN_POINT ( 'NONE',  ( 27.20000000000000639, 0.000000000000000000, -2.500000000000002220 ) ) ;
#470 = FACE_BOUND ( 'NONE', #1807, .T. ) ;
#471 = ORIENTED_EDGE ( 'NONE', *, *, #426, .T. ) ;
#472 = VECTOR ( 'NONE', #1461, 1000.000000000000000 ) ;
#473 = LINE ( 'NONE', #1420, #972 ) ;
#474 = VERTEX_POINT ( 'NONE', #1123 ) ;
#475 = EDGE_CURVE ( 'NONE', #56, #1366, #1496, .T. ) ;
#476 = CARTESIAN_POINT ( 'NONE',  ( -29.00000000000006750, -37.00000000000000000, 17.50000000000000355 ) ) ;
#477 = DIRECTION ( 'NONE',  ( -1.000000000000000000, 0.000000000000000000, 0.000000000000000000 ) ) ;
#478 = DIRECTION ( 'NONE',  ( -1.000000000000000000, -0.000000000000000000, -0.000000000000000000 ) ) ;
#479 = CARTESIAN_POINT ( 'NONE',  ( 25.99999999999982236, 3.000000000000000000, 18.00000000000142464 ) ) ;
#480 = ADVANCED_FACE ( 'NONE', ( #751 ), #243, .F. ) ;
#481 = CARTESIAN_POINT ( 'NONE',  ( 32.99999999999992895, 27.00000000000000000, -2.500000000000002220 ) ) ;
#482 = ORIENTED_EDGE ( 'NONE', *, *, #553, .F. ) ;
#483 = DIRECTION ( 'NONE',  ( 0.000000000000000000, 0.000000000000000000, 1.000000000000000000 ) ) ;
#484 = ORIENTED_EDGE ( 'NONE', *, *, #1073, .F. ) ;
#485 = DIRECTION ( 'NONE',  ( -1.734723475976807094E-16, 0.000000000000000000, -1.000000000000000000 ) ) ;
#486 = AXIS2_PLACEMENT_3D ( 'NONE', #89, #2092, #235 ) ;
#487 = EDGE_CURVE ( 'NONE', #1838, #2336, #387, .T. ) ;
#488 = ORIENTED_EDGE ( 'NONE', *, *, #317, .F. ) ;
#489 = CARTESIAN_POINT ( 'NONE',  ( 32.99999999999992895, 0.000000000000000000, 0.000000000000000000 ) ) ;
#490 = CARTESIAN_POINT ( 'NONE',  ( -23.25000000000000000, 12.00000000000000178, 12.49999999999999645 ) ) ;
#491 = CARTESIAN_POINT ( 'NONE',  ( -25.00000000000018829, 3.000000000000000000, 19.50000000000229505 ) ) ;
#492 = DIRECTION ( 'NONE',  ( -1.000000000000000000, 0.000000000000000000, 0.000000000000000000 ) ) ;
#493 = AXIS2_PLACEMENT_3D ( 'NONE', #915, #198, #2010 ) ;
#494 = ORIENTED_EDGE ( 'NONE', *, *, #2264, .T. ) ;
#495 = CIRCLE ( 'NONE', #2332, 1.500000000000872191 ) ;
#496 = CIRCLE ( 'NONE', #459, 2.999999999999999112 ) ;
#497 = ORIENTED_EDGE ( 'NONE', *, *, #2264, .F. ) ;
#498 = EDGE_CURVE ( 'NONE', #993, #268, #575, .T. ) ;
#499 = ORIENTED_EDGE ( 'NONE', *, *, #2338, .T. ) ;
#500 = CARTESIAN_POINT ( 'NONE',  ( 13.60000000000000675, -7.219000805152965050, 6.499999999999997335 ) ) ;
#501 = ORIENTED_EDGE ( 'NONE', *, *, #1964, .F. ) ;
#502 = EDGE_LOOP ( 'NONE', ( #779, #1211, #2249, #2175 ) ) ;
#503 = DIRECTION ( 'NONE',  ( -0.000000000000000000, -0.000000000000000000, -1.000000000000000000 ) ) ;
#504 = CARTESIAN_POINT ( 'NONE',  ( 29.99999999999993250, 27.00000000000000000, 0.000000000000000000 ) ) ;
#505 = DIRECTION ( 'NONE',  ( -1.000000000000000000, 0.000000000000000000, 0.000000000000000000 ) ) ;
#506 = VECTOR ( 'NONE', #2270, 1000.000000000000000 ) ;
#507 = ADVANCED_FACE ( 'NONE', ( #1725 ), #1160, .T. ) ;
#508 = CARTESIAN_POINT ( 'NONE',  ( -14.80000000000000071, -1.500000000000000000, -4.000000000000001776 ) ) ;
#509 = VERTEX_POINT ( 'NONE', #400 ) ;
#510 = ORIENTED_EDGE ( 'NONE', *, *, #2186, .F. ) ;
#511 = VERTEX_POINT ( 'NONE', #951 ) ;
#512 = CYLINDRICAL_SURFACE ( 'NONE', #339, 1.500000000000872191 ) ;
#513 = DIRECTION ( 'NONE',  ( -1.000000000000000000, 0.000000000000000000, 0.000000000000000000 ) ) ;
#514 = DIRECTION ( 'NONE',  ( -0.000000000000000000, -0.000000000000000000, 1.000000000000000000 ) ) ;
#515 = FACE_OUTER_BOUND ( 'NONE', #345, .T. ) ;
#516 = ORIENTED_EDGE ( 'NONE', *, *, #2144, .T. ) ;
#517 = DESIGN_CONTEXT ( 'detailed design', #1030, 'design' ) ;
#518 = EDGE_CURVE ( 'NONE', #1142, #1268, #49, .T. ) ;
#519 = EDGE_LOOP ( 'NONE', ( #1006, #2226, #605, #236 ) ) ;
#520 = EDGE_CURVE ( 'NONE', #2336, #1383, #2413, .T. ) ;
#521 = ORIENTED_EDGE ( 'NONE', *, *, #1282, .F. ) ;
#522 = CARTESIAN_POINT ( 'NONE',  ( -30.00000000000006395, 3.000000000000000000, 2.500000000000002220 ) ) ;
#523 = EDGE_CURVE ( 'NONE', #1474, #2354, #2359, .T. ) ;
#524 = CARTESIAN_POINT ( 'NONE',  ( 26.99999999999993250, 0.000000000000000000, 37.50000000000000711 ) ) ;
#525 = DIRECTION ( 'NONE',  ( 1.000000000000000000, 1.239088197126290817E-16, 0.000000000000000000 ) ) ;
#526 = VERTEX_POINT ( 'NONE', #739 ) ;
#527 = APPROVAL ( #2406, 'æœª' ) ;
#528 = CARTESIAN_POINT ( 'NONE',  ( -25.00000000000018829, -7.000000000000000000, 21.00000000000317257 ) ) ;
#529 = DIRECTION ( 'NONE',  ( -1.000000000000000000, -0.000000000000000000, -0.000000000000000000 ) ) ;
#530 = ADVANCED_FACE ( 'NONE', ( #1907 ), #20, .F. ) ;
#531 = ORIENTED_EDGE ( 'NONE', *, *, #2084, .F. ) ;
#532 = VECTOR ( 'NONE', #1426, 1000.000000000000000 ) ;
#533 = DIRECTION ( 'NONE',  ( 0.000000000000000000, 0.000000000000000000, -1.000000000000000000 ) ) ;
#534 = ORIENTED_EDGE ( 'NONE', *, *, #713, .T. ) ;
#535 = VERTEX_POINT ( 'NONE', #1919 ) ;
#536 = COORDINATED_UNIVERSAL_TIME_OFFSET ( 8, 0, .AHEAD. ) ;
#537 = FACE_BOUND ( 'NONE', #1550, .T. ) ;
#538 = DIRECTION ( 'NONE',  ( -1.000000000000000000, 0.000000000000000000, 0.000000000000000000 ) ) ;
#539 = ORIENTED_EDGE ( 'NONE', *, *, #752, .T. ) ;
#540 = DIRECTION ( 'NONE',  ( -1.000000000000000000, 0.000000000000000000, 0.000000000000000000 ) ) ;
#541 = CYLINDRICAL_SURFACE ( 'NONE', #1320, 1.500000000000001332 ) ;
#542 = ORIENTED_EDGE ( 'NONE', *, *, #2385, .F. ) ;
#543 = CARTESIAN_POINT ( 'NONE',  ( 27.20000000000000639, 0.000000000000000000, 6.499999999999997335 ) ) ;
#544 = EDGE_CURVE ( 'NONE', #1848, #2044, #1885, .T. ) ;
#545 = ORIENTED_EDGE ( 'NONE', *, *, #935, .F. ) ;
#546 = ORIENTED_EDGE ( 'NONE', *, *, #2206, .F. ) ;
#547 = APPLICATION_PROTOCOL_DEFINITION ( 'international standard', 'config_control_design', 1994, #902 ) ;
#548 = FACE_OUTER_BOUND ( 'NONE', #1819, .T. ) ;
#549 = CARTESIAN_POINT ( 'NONE',  ( 22.19999999999999929, -5.000000000000000000, -2.500000000000002220 ) ) ;
#550 = VERTEX_POINT ( 'NONE', #980 ) ;
#551 = LINE ( 'NONE', #1485, #1622 ) ;
#552 = DIRECTION ( 'NONE',  ( 1.000000000000000000, 0.000000000000000000, 0.000000000000000000 ) ) ;
#553 = EDGE_CURVE ( 'NONE', #576, #1366, #1671, .T. ) ;
#554 = DIRECTION ( 'NONE',  ( -1.000000000000000000, 0.000000000000000000, 0.000000000000000000 ) ) ;
#555 = ADVANCED_FACE ( 'NONE', ( #1542 ), #1710, .F. ) ;
#556 = DIRECTION ( 'NONE',  ( -0.000000000000000000, -0.000000000000000000, -1.000000000000000000 ) ) ;
#557 = AXIS2_PLACEMENT_3D ( 'NONE', #1852, #178, #1668 ) ;
#558 = VECTOR ( 'NONE', #1799, 1000.000000000000000 ) ;
#559 = ORIENTED_EDGE ( 'NONE', *, *, #1833, .T. ) ;
#560 = EDGE_LOOP ( 'NONE', ( #626, #531, #2187, #2393 ) ) ;
#561 = PERSON_AND_ORGANIZATION ( #1786, #930 ) ;
#562 = EDGE_CURVE ( 'NONE', #1249, #125, #1816, .T. ) ;
#563 = CARTESIAN_POINT ( 'NONE',  ( 13.60000000000000675, -7.219000805152965050, 9.500000000000001776 ) ) ;
#564 = DIRECTION ( 'NONE',  ( -1.000000000000000000, -1.445602896647339163E-16, 0.000000000000000000 ) ) ;
#565 = VECTOR ( 'NONE', #767, 1000.000000000000000 ) ;
#566 = ORIENTED_EDGE ( 'NONE', *, *, #713, .F. ) ;
#567 = VECTOR ( 'NONE', #1830, 1000.000000000000000 ) ;
#568 = DIRECTION ( 'NONE',  ( -0.000000000000000000, 1.000000000000000000, -0.000000000000000000 ) ) ;
#569 = DIRECTION ( 'NONE',  ( -1.000000000000000000, 0.000000000000000000, 0.000000000000000000 ) ) ;
#570 = DIRECTION ( 'NONE',  ( 0.000000000000000000, 1.000000000000000000, 0.000000000000000000 ) ) ;
#571 = EDGE_CURVE ( 'NONE', #2053, #1846, #2129, .T. ) ;
#572 = DIRECTION ( 'NONE',  ( 1.000000000000000000, 0.000000000000000000, 0.000000000000000000 ) ) ;
#573 = AXIS2_PLACEMENT_3D ( 'NONE', #438, #1717, #2105 ) ;
#574 = ORIENTED_EDGE ( 'NONE', *, *, #1829, .T. ) ;
#575 = CIRCLE ( 'NONE', #230, 1.500000000000875744 ) ;
#576 = VERTEX_POINT ( 'NONE', #1871 ) ;
#577 = CARTESIAN_POINT ( 'NONE',  ( 25.99999999999980815, 3.000000000000000000, 29.50000000000229861 ) ) ;
#578 = CIRCLE ( 'NONE', #887, 3.000000000000002665 ) ;
#579 = VECTOR ( 'NONE', #1239, 1000.000000000000000 ) ;
#580 = CARTESIAN_POINT ( 'NONE',  ( 24.75000000000000000, 12.00000000000000178, 12.49999999999999645 ) ) ;
#581 = DIRECTION ( 'NONE',  ( 0.000000000000000000, 0.000000000000000000, 1.000000000000000000 ) ) ;
#582 = ORIENTED_EDGE ( 'NONE', *, *, #2263, .T. ) ;
#583 = AXIS2_PLACEMENT_3D ( 'NONE', #225, #976, #1537 ) ;
#584 = CARTESIAN_POINT ( 'NONE',  ( -28.75000000000000000, 30.00000000000000000, -2.500000000000002220 ) ) ;
#585 = DIRECTION ( 'NONE',  ( 0.000000000000000000, 0.000000000000000000, 1.000000000000000000 ) ) ;
#586 = EDGE_CURVE ( 'NONE', #1344, #1625, #195, .T. ) ;
#587 = CYLINDRICAL_SURFACE ( 'NONE', #2138, 5.000000000000000000 ) ;
#588 = ORIENTED_EDGE ( 'NONE', *, *, #1112, .F. ) ;
#589 = AXIS2_PLACEMENT_3D ( 'NONE', #1960, #1200, #1414 ) ;
#590 = LINE ( 'NONE', #2291, #1663 ) ;
#591 = VERTEX_POINT ( 'NONE', #455 ) ;
#592 = VERTEX_POINT ( 'NONE', #1593 ) ;
#593 = EDGE_CURVE ( 'NONE', #978, #576, #999, .T. ) ;
#594 = DIRECTION ( 'NONE',  ( 0.000000000000000000, -1.000000000000000000, 5.782411586589356653E-16 ) ) ;
#595 = DIRECTION ( 'NONE',  ( -1.000000000000000000, 1.239088197126291063E-16, 0.000000000000000000 ) ) ;
#596 = ORIENTED_EDGE ( 'NONE', *, *, #1452, .F. ) ;
#597 = VECTOR ( 'NONE', #2159, 1000.000000000000000 ) ;
#598 = CARTESIAN_POINT ( 'NONE',  ( 10.19999999999999929, -10.99999999999999822, -5.500000000000002665 ) ) ;
#599 = DIRECTION ( 'NONE',  ( 0.000000000000000000, 0.000000000000000000, 1.000000000000000000 ) ) ;
#600 = EDGE_CURVE ( 'NONE', #1286, #1303, #850, .T. ) ;
#601 = LINE ( 'NONE', #1674, #1399 ) ;
#602 = VERTEX_POINT ( 'NONE', #1927 ) ;
#603 = CARTESIAN_POINT ( 'NONE',  ( 25.99999999999980815, 0.000000000000000000, 29.50000000000229861 ) ) ;
#604 = ORIENTED_EDGE ( 'NONE', *, *, #2086, .F. ) ;
#605 = ORIENTED_EDGE ( 'NONE', *, *, #657, .F. ) ;
#606 = EDGE_CURVE ( 'NONE', #244, #889, #436, .T. ) ;
#607 = CIRCLE ( 'NONE', #1348, 1.500000000000872191 ) ;
#608 = FACE_OUTER_BOUND ( 'NONE', #1173, .T. ) ;
#609 = CARTESIAN_POINT ( 'NONE',  ( -30.00000000000006395, 1.500000000000000444, -4.000000000000001776 ) ) ;
#610 = ORIENTED_EDGE ( 'NONE', *, *, #169, .F. ) ;
#611 = DIRECTION ( 'NONE',  ( 0.000000000000000000, 0.000000000000000000, -1.000000000000000000 ) ) ;
#612 = EDGE_CURVE ( 'NONE', #955, #1286, #2048, .T. ) ;
#613 = DIRECTION ( 'NONE',  ( -0.000000000000000000, -1.000000000000000000, -0.000000000000000000 ) ) ;
#614 = CARTESIAN_POINT ( 'NONE',  ( 2.200000000000000178, -5.000000000000000000, -2.500000000000002220 ) ) ;
#615 = CIRCLE ( 'NONE', #2399, 2.600000000000000089 ) ;
#616 = ORIENTED_EDGE ( 'NONE', *, *, #1069, .T. ) ;
#617 = DIRECTION ( 'NONE',  ( 6.938893903907228378E-16, 0.000000000000000000, 1.000000000000000000 ) ) ;
#618 = AXIS2_PLACEMENT_3D ( 'NONE', #363, #572, #391 ) ;
#619 = FACE_OUTER_BOUND ( 'NONE', #2358, .T. ) ;
#620 = ORIENTED_EDGE ( 'NONE', *, *, #1958, .F. ) ;
#621 = VECTOR ( 'NONE', #478, 1000.000000000000000 ) ;
#622 = AXIS2_PLACEMENT_3D ( 'NONE', #2080, #2250, #380 ) ;
#623 = DIRECTION ( 'NONE',  ( 0.000000000000000000, 0.000000000000000000, -1.000000000000000000 ) ) ;
#624 = CARTESIAN_POINT ( 'NONE',  ( 22.20000000000000284, -11.00000000000000000, -5.500000000000002665 ) ) ;
#625 = CARTESIAN_POINT ( 'NONE',  ( -30.00000000000006395, 7.000000000000000000, -2.500000000000002220 ) ) ;
#626 = ORIENTED_EDGE ( 'NONE', *, *, #1471, .F. ) ;
#627 = DIRECTION ( 'NONE',  ( -1.000000000000000000, 0.000000000000000000, 0.000000000000000000 ) ) ;
#628 = EDGE_LOOP ( 'NONE', ( #843, #945, #135, #1186 ) ) ;
#629 = DIRECTION ( 'NONE',  ( 1.000000000000000000, 0.000000000000000000, 0.000000000000000000 ) ) ;
#630 = EDGE_LOOP ( 'NONE', ( #1598, #482, #1544, #510 ) ) ;
#631 = LINE ( 'NONE', #1369, #1785 ) ;
#632 = LINE ( 'NONE', #2072, #1243 ) ;
#633 = CARTESIAN_POINT ( 'NONE',  ( 26.99999999999993250, 0.000000000000000000, 37.50000000000000711 ) ) ;
#634 = EDGE_CURVE ( 'NONE', #2066, #187, #1940, .T. ) ;
#635 = ORIENTED_EDGE ( 'NONE', *, *, #994, .F. ) ;
#636 = DIRECTION ( 'NONE',  ( -6.938893903907228378E-16, -0.000000000000000000, -1.000000000000000000 ) ) ;
#637 = VERTEX_POINT ( 'NONE', #1566 ) ;
#638 = DIRECTION ( 'NONE',  ( -0.000000000000000000, -0.000000000000000000, 1.000000000000000000 ) ) ;
#639 = DIRECTION ( 'NONE',  ( 0.000000000000000000, 0.000000000000000000, -1.000000000000000000 ) ) ;
#640 = EDGE_CURVE ( 'NONE', #125, #1410, #1555, .T. ) ;
#641 = FACE_OUTER_BOUND ( 'NONE', #688, .T. ) ;
#642 = CARTESIAN_POINT ( 'NONE',  ( -20.74999999999999645, 27.00000000000000000, 2.499999999999997780 ) ) ;
#643 = CIRCLE ( 'NONE', #1811, 1.500000000000001332 ) ;
#644 = AXIS2_PLACEMENT_3D ( 'NONE', #1429, #1965, #1621 ) ;
#645 = CARTESIAN_POINT ( 'NONE',  ( -25.00000000000018829, 3.000000000000000000, 21.00000000000317257 ) ) ;
#646 = VERTEX_POINT ( 'NONE', #1035 ) ;
#647 = AXIS2_PLACEMENT_3D ( 'NONE', #1171, #2073, #219 ) ;
#648 = FACE_BOUND ( 'NONE', #1430, .T. ) ;
#649 = ORIENTED_EDGE ( 'NONE', *, *, #553, .T. ) ;
#650 = CARTESIAN_POINT ( 'NONE',  ( -25.75000000000000355, 27.00000000000000000, -2.500000000000002220 ) ) ;
#651 = DIRECTION ( 'NONE',  ( 1.000000000000000000, 0.000000000000000000, -6.938893903907226405E-16 ) ) ;
#652 = CARTESIAN_POINT ( 'NONE',  ( 29.99999999999993250, 0.000000000000000000, 34.50000000000000000 ) ) ;
#653 = DIRECTION ( 'NONE',  ( 0.000000000000000000, 0.000000000000000000, 1.000000000000000000 ) ) ;
#654 = AXIS2_PLACEMENT_3D ( 'NONE', #2075, #10, #554 ) ;
#655 = AXIS2_PLACEMENT_3D ( 'NONE', #1812, #2349, #674 ) ;
#656 = CARTESIAN_POINT ( 'NONE',  ( -24.75000000000000000, 12.00000000000000178, 2.500000000000002220 ) ) ;
#657 = EDGE_CURVE ( 'NONE', #823, #889, #136, .T. ) ;
#658 = ORIENTED_EDGE ( 'NONE', *, *, #1941, .T. ) ;
#659 = DIRECTION ( 'NONE',  ( 1.000000000000000000, 0.000000000000000000, 0.000000000000000000 ) ) ;
#660 = ORIENTED_EDGE ( 'NONE', *, *, #966, .F. ) ;
#661 = PLANE ( 'NONE',  #1616 ) ;
#662 = ADVANCED_FACE ( 'NONE', ( #841, #264, #2297, #666, #2311, #1776 ), #288, .F. ) ;
#663 = CIRCLE ( 'NONE', #273, 2.999999999999999112 ) ;
#664 = DIRECTION ( 'NONE',  ( 0.000000000000000000, 0.000000000000000000, -1.000000000000000000 ) ) ;
#665 = DIRECTION ( 'NONE',  ( -1.445602896647338670E-16, -1.000000000000000000, 0.000000000000000000 ) ) ;
#666 = FACE_BOUND ( 'NONE', #1561, .T. ) ;
#667 = EDGE_CURVE ( 'NONE', #462, #1727, #253, .T. ) ;
#668 = CARTESIAN_POINT ( 'NONE',  ( 10.19999999999999929, -10.99999999999999822, -5.500000000000002665 ) ) ;
#669 = ORIENTED_EDGE ( 'NONE', *, *, #1999, .F. ) ;
#670 = DIRECTION ( 'NONE',  ( 1.734723475976807094E-16, 0.000000000000000000, 1.000000000000000000 ) ) ;
#671 = ORIENTED_EDGE ( 'NONE', *, *, #1408, .F. ) ;
#672 = DIRECTION ( 'NONE',  ( -0.000000000000000000, 1.000000000000000000, -0.000000000000000000 ) ) ;
#673 = VERTEX_POINT ( 'NONE', #633 ) ;
#674 = DIRECTION ( 'NONE',  ( 0.000000000000000000, 0.000000000000000000, -1.000000000000000000 ) ) ;
#675 = EDGE_CURVE ( 'NONE', #56, #1249, #105, .T. ) ;
#676 = LINE ( 'NONE', #287, #532 ) ;
#677 = CARTESIAN_POINT ( 'NONE',  ( 16.20000000000000639, -7.219000805152965050, 9.500000000000001776 ) ) ;
#678 = EDGE_CURVE ( 'NONE', #878, #986, #2112, .T. ) ;
#679 = CARTESIAN_POINT ( 'NONE',  ( 0.9999999999999314992, -7.000000000000000000, 20.50000000000000355 ) ) ;
#680 = VECTOR ( 'NONE', #2184, 1000.000000000000000 ) ;
#681 = VERTEX_POINT ( 'NONE', #469 ) ;
#682 = ORIENTED_EDGE ( 'NONE', *, *, #2086, .T. ) ;
#683 = VECTOR ( 'NONE', #807, 1000.000000000000000 ) ;
#684 = ORIENTED_EDGE ( 'NONE', *, *, #61, .F. ) ;
#685 = AXIS2_PLACEMENT_3D ( 'NONE', #1122, #2216, #1454 ) ;
#686 = CARTESIAN_POINT ( 'NONE',  ( 25.99999999999982236, 0.000000000000000000, 19.50000000000229505 ) ) ;
#687 = VECTOR ( 'NONE', #799, 1000.000000000000000 ) ;
#688 = EDGE_LOOP ( 'NONE', ( #41, #901, #620, #2344 ) ) ;
#689 = ORIENTED_EDGE ( 'NONE', *, *, #487, .T. ) ;
#690 = CARTESIAN_POINT ( 'NONE',  ( 0.9999999999999314992, 0.000000000000000000, 28.00000000000000355 ) ) ;
#691 = PLANE ( 'NONE',  #1280 ) ;
#692 = CARTESIAN_POINT ( 'NONE',  ( 5.200000000000000178, 0.000000000000000000, 6.499999999999997335 ) ) ;
#693 = LINE ( 'NONE', #301, #680 ) ;
#694 = CIRCLE ( 'NONE', #1477, 1.500000000000001332 ) ;
#695 = VERTEX_POINT ( 'NONE', #1183 ) ;
#696 = VERTEX_POINT ( 'NONE', #479 ) ;
#697 = ORIENTED_EDGE ( 'NONE', *, *, #1069, .F. ) ;
#698 = DIRECTION ( 'NONE',  ( -0.000000000000000000, -1.000000000000000000, 5.782411586589356653E-16 ) ) ;
#699 = FACE_OUTER_BOUND ( 'NONE', #1708, .T. ) ;
#700 = FACE_OUTER_BOUND ( 'NONE', #1393, .T. ) ;
#701 = CIRCLE ( 'NONE', #1637, 1.500000000000000000 ) ;
#702 = CARTESIAN_POINT ( 'NONE',  ( -25.00000000000018829, 3.000000000000000000, 29.50000000000229861 ) ) ;
#703 = EDGE_CURVE ( 'NONE', #637, #2262, #989, .T. ) ;
#704 = ORIENTED_EDGE ( 'NONE', *, *, #24, .T. ) ;
#705 = AXIS2_PLACEMENT_3D ( 'NONE', #871, #897, #2201 ) ;
#706 = VERTEX_POINT ( 'NONE', #1194 ) ;
#707 = ORIENTED_EDGE ( 'NONE', *, *, #891, .T. ) ;
#708 = ADVANCED_FACE ( 'NONE', ( #1013 ), #85, .F. ) ;
#709 = DIRECTION ( 'NONE',  ( 0.000000000000000000, 0.000000000000000000, -1.000000000000000000 ) ) ;
#710 = DIRECTION ( 'NONE',  ( -0.000000000000000000, -0.000000000000000000, -1.000000000000000000 ) ) ;
#711 = CARTESIAN_POINT ( 'NONE',  ( -14.80000000000000071, -5.000000000000000000, 6.499999999999997335 ) ) ;
#712 = ORIENTED_EDGE ( 'NONE', *, *, #729, .F. ) ;
#713 = EDGE_CURVE ( 'NONE', #359, #1657, #1644, .T. ) ;
#714 = DIRECTION ( 'NONE',  ( 0.000000000000000000, 0.000000000000000000, -1.000000000000000000 ) ) ;
#715 = FACE_OUTER_BOUND ( 'NONE', #1984, .T. ) ;
#716 = VERTEX_POINT ( 'NONE', #277 ) ;
#717 = AXIS2_PLACEMENT_3D ( 'NONE', #1997, #2135, #460 ) ;
#718 = DIRECTION ( 'NONE',  ( -0.000000000000000000, 1.000000000000000000, -0.000000000000000000 ) ) ;
#719 = ORIENTED_EDGE ( 'NONE', *, *, #61, .T. ) ;
#720 = ORIENTED_EDGE ( 'NONE', *, *, #2084, .T. ) ;
#721 = AXIS2_PLACEMENT_3D ( 'NONE', #1005, #1577, #627 ) ;
#722 = FACE_BOUND ( 'NONE', #1330, .T. ) ;
#723 = CARTESIAN_POINT ( 'NONE',  ( 32.99999999999992895, 3.000000000000000000, 12.50000000000000178 ) ) ;
#724 = ORIENTED_EDGE ( 'NONE', *, *, #891, .F. ) ;
#725 = PLANE ( 'NONE',  #2050 ) ;
#726 = LINE ( 'NONE', #292, #458 ) ;
#727 = AXIS2_PLACEMENT_3D ( 'NONE', #1309, #1834, #338 ) ;
#728 = ORIENTED_EDGE ( 'NONE', *, *, #586, .F. ) ;
#729 = EDGE_CURVE ( 'NONE', #637, #1062, #903, .T. ) ;
#730 = AXIS2_PLACEMENT_3D ( 'NONE', #454, #104, #2170 ) ;
#731 = CARTESIAN_POINT ( 'NONE',  ( -29.00000000000006395, 0.000000000000000000, 34.50000000000000000 ) ) ;
#732 = EDGE_LOOP ( 'NONE', ( #1678, #1991 ) ) ;
#733 = ORIENTED_EDGE ( 'NONE', *, *, #2365, .F. ) ;
#734 = DIRECTION ( 'NONE',  ( 0.000000000000000000, 1.000000000000000000, 0.000000000000000000 ) ) ;
#735 = LINE ( 'NONE', #1493, #1188 ) ;
#736 = VERTEX_POINT ( 'NONE', #2171 ) ;
#737 = EDGE_CURVE ( 'NONE', #187, #1271, #1219, .T. ) ;
#738 = DIRECTION ( 'NONE',  ( -6.938893903907228378E-16, 0.000000000000000000, -1.000000000000000000 ) ) ;
#739 = CARTESIAN_POINT ( 'NONE',  ( 32.99999999999992895, 3.000000000000000000, 9.500000000000003553 ) ) ;
#740 = ADVANCED_FACE ( 'NONE', ( #700 ), #1242, .F. ) ;
#741 = CARTESIAN_POINT ( 'NONE',  ( -14.80000000000000071, 1.500000000000000444, -2.500000000000002220 ) ) ;
#742 = EDGE_CURVE ( 'NONE', #162, #2044, #88, .T. ) ;
#743 = DIRECTION ( 'NONE',  ( 1.000000000000000000, -0.000000000000000000, -0.000000000000000000 ) ) ;
#744 = ORIENTED_EDGE ( 'NONE', *, *, #826, .F. ) ;
#745 = VERTEX_POINT ( 'NONE', #1656 ) ;
#746 = PERSON_AND_ORGANIZATION ( #1786, #930 ) ;
#747 = DIRECTION ( 'NONE',  ( 0.000000000000000000, 0.000000000000000000, -1.000000000000000000 ) ) ;
#748 = FACE_OUTER_BOUND ( 'NONE', #984, .T. ) ;
#749 = ORIENTED_EDGE ( 'NONE', *, *, #703, .T. ) ;
#750 = DIRECTION ( 'NONE',  ( -1.000000000000000000, 0.000000000000000000, -0.000000000000000000 ) ) ;
#751 = FACE_OUTER_BOUND ( 'NONE', #279, .T. ) ;
#752 = EDGE_CURVE ( 'NONE', #812, #1238, #2006, .T. ) ;
#753 = LINE ( 'NONE', #183, #772 ) ;
#754 = DIRECTION ( 'NONE',  ( 0.000000000000000000, 0.000000000000000000, 1.000000000000000000 ) ) ;
#755 = VECTOR ( 'NONE', #1792, 1000.000000000000000 ) ;
#756 = CIRCLE ( 'NONE', #717, 2.999999999999999112 ) ;
#757 = VERTEX_POINT ( 'NONE', #1987 ) ;
#758 = EDGE_LOOP ( 'NONE', ( #161, #2198, #2090, #2165 ) ) ;
#759 =( NAMED_UNIT ( * ) SI_UNIT ( $, .STERADIAN. ) SOLID_ANGLE_UNIT ( ) );
#760 = DIRECTION ( 'NONE',  ( -1.000000000000000000, 0.000000000000000000, 0.000000000000000000 ) ) ;
#761 = DIRECTION ( 'NONE',  ( 0.000000000000000000, 0.000000000000000000, -1.000000000000000000 ) ) ;
#762 = EDGE_CURVE ( 'NONE', #474, #1969, #1843, .T. ) ;
#763 = AXIS2_PLACEMENT_3D ( 'NONE', #59, #1766, #2320 ) ;
#764 = ORIENTED_EDGE ( 'NONE', *, *, #1112, .T. ) ;
#765 = AXIS2_PLACEMENT_3D ( 'NONE', #386, #1670, #1278 ) ;
#766 = CARTESIAN_POINT ( 'NONE',  ( 5.200000000000000178, 0.000000000000000000, -2.500000000000002220 ) ) ;
#767 = DIRECTION ( 'NONE',  ( -0.000000000000000000, -0.000000000000000000, 1.000000000000000000 ) ) ;
#768 = DIRECTION ( 'NONE',  ( 0.000000000000000000, 0.000000000000000000, -1.000000000000000000 ) ) ;
#769 = ORIENTED_EDGE ( 'NONE', *, *, #1220, .F. ) ;
#770 = ADVANCED_FACE ( 'NONE', ( #2183 ), #1060, .F. ) ;
#771 = CARTESIAN_POINT ( 'NONE',  ( -23.25000000000000000, 12.00000000000000178, -2.500000000000002220 ) ) ;
#772 = VECTOR ( 'NONE', #570, 1000.000000000000000 ) ;
#773 = ORIENTED_EDGE ( 'NONE', *, *, #1873, .F. ) ;
#774 = ORIENTED_EDGE ( 'NONE', *, *, #1098, .F. ) ;
#775 = APPROVAL_ROLE ( '' ) ;
#776 = CIRCLE ( 'NONE', #1084, 7.500000000000000000 ) ;
#777 = DIRECTION ( 'NONE',  ( -1.000000000000000000, -0.000000000000000000, -0.000000000000000000 ) ) ;
#778 = CARTESIAN_POINT ( 'NONE',  ( 10.20000000000000107, -5.000000000000000888, 6.499999999999997335 ) ) ;
#779 = ORIENTED_EDGE ( 'NONE', *, *, #280, .F. ) ;
#780 = DIRECTION ( 'NONE',  ( 0.000000000000000000, 0.000000000000000000, 1.000000000000000000 ) ) ;
#781 = DIRECTION ( 'NONE',  ( 0.000000000000000000, -1.000000000000000000, 0.000000000000000000 ) ) ;
#782 = CARTESIAN_POINT ( 'NONE',  ( 16.20000000000000639, -7.219000805152965050, 6.499999999999997335 ) ) ;
#783 = ORIENTED_EDGE ( 'NONE', *, *, #29, .T. ) ;
#784 = AXIS2_PLACEMENT_3D ( 'NONE', #2016, #321, #2224 ) ;
#785 = EDGE_CURVE ( 'NONE', #366, #2180, #1024, .T. ) ;
#786 = DIRECTION ( 'NONE',  ( 1.000000000000000000, -1.445602896647338670E-16, 0.000000000000000000 ) ) ;
#787 = VERTEX_POINT ( 'NONE', #711 ) ;
#788 = EDGE_CURVE ( 'NONE', #986, #366, #1080, .T. ) ;
#789 = EDGE_LOOP ( 'NONE', ( #596, #1520 ) ) ;
#790 = CARTESIAN_POINT ( 'NONE',  ( 24.75000000000000000, 12.00000000000000178, 2.500000000000002220 ) ) ;
#791 = FACE_OUTER_BOUND ( 'NONE', #2189, .T. ) ;
#792 = VERTEX_POINT ( 'NONE', #692 ) ;
#793 = AXIS2_PLACEMENT_3D ( 'NONE', #1996, #1068, #313 ) ;
#794 = CARTESIAN_POINT ( 'NONE',  ( -30.00000000000006395, 7.000000000000000000, 2.500000000000002220 ) ) ;
#795 = LINE ( 'NONE', #424, #1784 ) ;
#796 = DIRECTION ( 'NONE',  ( 0.000000000000000000, 0.000000000000000000, -1.000000000000000000 ) ) ;
#797 = ADVANCED_FACE ( 'NONE', ( #1618 ), #1256, .T. ) ;
#798 = ORIENTED_EDGE ( 'NONE', *, *, #1216, .F. ) ;
#799 = DIRECTION ( 'NONE',  ( -0.000000000000000000, 1.000000000000000000, -0.000000000000000000 ) ) ;
#800 = ADVANCED_BREP_SHAPE_REPRESENTATION ( '\X2\624b722a8235673a56fa5b9a67b6\X0\', ( #1864, #622 ), #1673 ) ;
#801 = ORIENTED_EDGE ( 'NONE', *, *, #1908, .F. ) ;
#802 = CIRCLE ( 'NONE', #1229, 7.500000000000000000 ) ;
#803 = LINE ( 'NONE', #1367, #1879 ) ;
#804 = EDGE_LOOP ( 'NONE', ( #1489, #749, #1690, #2188 ) ) ;
#805 = FACE_OUTER_BOUND ( 'NONE', #13, .T. ) ;
#806 = DIRECTION ( 'NONE',  ( 0.000000000000000000, 0.000000000000000000, -1.000000000000000000 ) ) ;
#807 = DIRECTION ( 'NONE',  ( -0.000000000000000000, -0.000000000000000000, -1.000000000000000000 ) ) ;
#808 = AXIS2_PLACEMENT_3D ( 'NONE', #1660, #205, #1633 ) ;
#809 = AXIS2_PLACEMENT_3D ( 'NONE', #349, #925, #1646 ) ;
#810 = ORIENTED_EDGE ( 'NONE', *, *, #2408, .T. ) ;
#811 = DIRECTION ( 'NONE',  ( 1.000000000000000000, 1.445602896647339163E-16, 0.000000000000000000 ) ) ;
#812 = VERTEX_POINT ( 'NONE', #1815 ) ;
#813 = CALENDAR_DATE ( 2026, 8, 5 ) ;
#814 = CIRCLE ( 'NONE', #727, 5.000000000000000888 ) ;
#815 = CARTESIAN_POINT ( 'NONE',  ( 32.99999999999992895, 5.493291007259892025E-15, 9.500000000000005329 ) ) ;
#816 = ORIENTED_EDGE ( 'NONE', *, *, #1167, .T. ) ;
#817 = AXIS2_PLACEMENT_3D ( 'NONE', #177, #1851, #2374 ) ;
#818 = VECTOR ( 'NONE', #1972, 1000.000000000000000 ) ;
#819 = DIRECTION ( 'NONE',  ( -0.000000000000000000, -0.000000000000000000, 1.000000000000000000 ) ) ;
#820 = DIRECTION ( 'NONE',  ( -1.000000000000000000, 0.000000000000000000, 0.000000000000000000 ) ) ;
#821 = DIRECTION ( 'NONE',  ( 1.000000000000000000, -0.000000000000000000, -0.000000000000000000 ) ) ;
#822 = ADVANCED_FACE ( 'NONE', ( #882 ), #141, .T. ) ;
#823 = VERTEX_POINT ( 'NONE', #2395 ) ;
#824 = EDGE_CURVE ( 'NONE', #2018, #526, #2193, .T. ) ;
#825 = CARTESIAN_POINT ( 'NONE',  ( 23.25000000000000000, 12.00000000000000178, 2.500000000000002220 ) ) ;
#826 = EDGE_CURVE ( 'NONE', #1578, #1327, #2240, .T. ) ;
#827 = ORIENTED_EDGE ( 'NONE', *, *, #1187, .T. ) ;
#828 = DATE_AND_TIME ( #813, #1676 ) ;
#829 = CARTESIAN_POINT ( 'NONE',  ( 29.99999999999993250, 27.00000000000000000, 2.500000000000002220 ) ) ;
#830 = CARTESIAN_POINT ( 'NONE',  ( 0.9999999999999323874, 0.000000000000000000, 13.00000000000000533 ) ) ;
#831 = LINE ( 'NONE', #490, #1589 ) ;
#832 = DIRECTION ( 'NONE',  ( -1.000000000000000000, 0.000000000000000000, 6.938893903907228378E-16 ) ) ;
#833 = AXIS2_PLACEMENT_3D ( 'NONE', #1826, #332, #2017 ) ;
#834 = ORIENTED_EDGE ( 'NONE', *, *, #2186, .T. ) ;
#835 = DIRECTION ( 'NONE',  ( 1.000000000000000000, 0.000000000000000000, 0.000000000000000000 ) ) ;
#836 = ORIENTED_EDGE ( 'NONE', *, *, #788, .F. ) ;
#837 = DIRECTION ( 'NONE',  ( 0.000000000000000000, 0.000000000000000000, -1.000000000000000000 ) ) ;
#838 = PLANE ( 'NONE',  #290 ) ;
#839 = EDGE_CURVE ( 'NONE', #1969, #474, #643, .T. ) ;
#840 = DIRECTION ( 'NONE',  ( 0.000000000000000000, 0.000000000000000000, -1.000000000000000000 ) ) ;
#841 = FACE_BOUND ( 'NONE', #956, .T. ) ;
#842 = DIRECTION ( 'NONE',  ( 0.000000000000000000, 0.000000000000000000, -1.000000000000000000 ) ) ;
#843 = ORIENTED_EDGE ( 'NONE', *, *, #1436, .T. ) ;
#844 = DIRECTION ( 'NONE',  ( -1.000000000000000000, 0.000000000000000000, 0.000000000000000000 ) ) ;
#845 = EDGE_CURVE ( 'NONE', #87, #1794, #1427, .T. ) ;
#846 = ORIENTED_EDGE ( 'NONE', *, *, #854, .F. ) ;
#847 = CARTESIAN_POINT ( 'NONE',  ( -28.74999999999999645, 7.000000000000000000, 2.499999999999997780 ) ) ;
#848 = LINE ( 'NONE', #2361, #818 ) ;
#849 = PLANE ( 'NONE',  #1202 ) ;
#850 = LINE ( 'NONE', #2329, #683 ) ;
#851 = FACE_OUTER_BOUND ( 'NONE', #79, .T. ) ;
#852 = ORIENTED_EDGE ( 'NONE', *, *, #1323, .T. ) ;
#853 = CARTESIAN_POINT ( 'NONE',  ( -14.80000000000000071, 7.000000000000000000, -2.500000000000002220 ) ) ;
#854 = EDGE_CURVE ( 'NONE', #365, #1625, #117, .T. ) ;
#855 = ORIENTED_EDGE ( 'NONE', *, *, #640, .F. ) ;
#856 = CARTESIAN_POINT ( 'NONE',  ( 32.99999999999992895, 0.000000000000000000, -2.500000000000002220 ) ) ;
#857 = EDGE_CURVE ( 'NONE', #2262, #2058, #1697, .T. ) ;
#858 = ORIENTED_EDGE ( 'NONE', *, *, #1373, .F. ) ;
#859 = LINE ( 'NONE', #1066, #1204 ) ;
#860 = FACE_OUTER_BOUND ( 'NONE', #1247, .T. ) ;
#861 = CARTESIAN_POINT ( 'NONE',  ( -30.00000000000006395, 7.000000000000000000, -2.500000000000002220 ) ) ;
#862 = DIRECTION ( 'NONE',  ( 0.000000000000000000, 0.000000000000000000, 1.000000000000000000 ) ) ;
#863 = ORIENTED_EDGE ( 'NONE', *, *, #86, .F. ) ;
#864 = ORIENTED_EDGE ( 'NONE', *, *, #785, .T. ) ;
#865 = ORIENTED_EDGE ( 'NONE', *, *, #1174, .T. ) ;
#866 = CARTESIAN_POINT ( 'NONE',  ( -2.800000000000000266, 0.000000000000000000, -4.000000000000001776 ) ) ;
#867 = EDGE_LOOP ( 'NONE', ( #2284, #12 ) ) ;
#868 = ORIENTED_EDGE ( 'NONE', *, *, #640, .T. ) ;
#869 = LINE ( 'NONE', #152, #579 ) ;
#870 = DIRECTION ( 'NONE',  ( 0.000000000000000000, 0.000000000000000000, -1.000000000000000000 ) ) ;
#871 = CARTESIAN_POINT ( 'NONE',  ( 10.20000000000000462, 1.500000000000000444, -4.000000000000001776 ) ) ;
#872 = AXIS2_PLACEMENT_3D ( 'NONE', #154, #344, #1092 ) ;
#873 = DIRECTION ( 'NONE',  ( 6.938893903907228378E-16, -0.000000000000000000, 1.000000000000000000 ) ) ;
#874 = CIRCLE ( 'NONE', #644, 1.500000000000001332 ) ;
#875 = ORIENTED_EDGE ( 'NONE', *, *, #1880, .F. ) ;
#876 = VECTOR ( 'NONE', #1736, 1000.000000000000000 ) ;
#877 = AXIS2_PLACEMENT_3D ( 'NONE', #1293, #1304, #1475 ) ;
#878 = VERTEX_POINT ( 'NONE', #549 ) ;
#879 = VERTEX_POINT ( 'NONE', #45 ) ;
#880 = LINE ( 'NONE', #311, #1946 ) ;
#881 = DIRECTION ( 'NONE',  ( 0.000000000000000000, 1.000000000000000000, 0.000000000000000000 ) ) ;
#882 = FACE_OUTER_BOUND ( 'NONE', #1141, .T. ) ;
#883 = EDGE_CURVE ( 'NONE', #1327, #66, #735, .T. ) ;
#884 = CARTESIAN_POINT ( 'NONE',  ( -30.00000000000006395, 3.000000000000000000, 37.50000000000000711 ) ) ;
#885 = CIRCLE ( 'NONE', #1082, 3.000000000000000888 ) ;
#886 = VECTOR ( 'NONE', #9, 1000.000000000000000 ) ;
#887 = AXIS2_PLACEMENT_3D ( 'NONE', #1170, #1592, #1255 ) ;
#888 = AXIS2_PLACEMENT_3D ( 'NONE', #1058, #2339, #709 ) ;
#889 = VERTEX_POINT ( 'NONE', #1524 ) ;
#890 = CIRCLE ( 'NONE', #2261, 2.999999999999999112 ) ;
#891 = EDGE_CURVE ( 'NONE', #681, #878, #1070, .T. ) ;
#892 = VERTEX_POINT ( 'NONE', #778 ) ;
#893 = PRODUCT_DEFINITION_SHAPE ( 'NONE', 'NONE',  #415 ) ;
#894 = ORIENTED_EDGE ( 'NONE', *, *, #2390, .T. ) ;
#895 = LINE ( 'NONE', #1262, #2103 ) ;
#896 = CARTESIAN_POINT ( 'NONE',  ( -5.799999999999998046, -13.99999999999999822, -5.500000000000002665 ) ) ;
#897 = DIRECTION ( 'NONE',  ( 1.000000000000000000, -1.239088197126291063E-16, -0.000000000000000000 ) ) ;
#898 = AXIS2_PLACEMENT_3D ( 'NONE', #2409, #2200, #1472 ) ;
#899 = DIRECTION ( 'NONE',  ( -0.000000000000000000, -0.000000000000000000, -1.000000000000000000 ) ) ;
#900 = PLANE ( 'NONE',  #1083 ) ;
#901 = ORIENTED_EDGE ( 'NONE', *, *, #1269, .F. ) ;
#902 = APPLICATION_CONTEXT ( 'configuration controlled 3d designs of mechanical parts and assemblies' ) ;
#903 = CIRCLE ( 'NONE', #1140, 1.500000000000875744 ) ;
#904 = LINE ( 'NONE', #943, #1504 ) ;
#905 = ORIENTED_EDGE ( 'NONE', *, *, #571, .T. ) ;
#906 = ORIENTED_EDGE ( 'NONE', *, *, #1715, .F. ) ;
#907 = FACE_OUTER_BOUND ( 'NONE', #1354, .T. ) ;
#908 = CARTESIAN_POINT ( 'NONE',  ( 29.99999999999993250, 27.00000000000000000, -2.500000000000002220 ) ) ;
#909 = ORIENTED_EDGE ( 'NONE', *, *, #171, .T. ) ;
#910 = ADVANCED_FACE ( 'NONE', ( #396 ), #2271, .T. ) ;
#911 = LINE ( 'NONE', #334, #1195 ) ;
#912 = CARTESIAN_POINT ( 'NONE',  ( -30.00000000000006395, 0.000000000000000000, -2.500000000000002220 ) ) ;
#913 = VERTEX_POINT ( 'NONE', #1893 ) ;
#914 = VECTOR ( 'NONE', #1976, 1000.000000000000000 ) ;
#915 = CARTESIAN_POINT ( 'NONE',  ( 25.99999999999980815, -7.000000000000000000, 29.50000000000229861 ) ) ;
#916 = ADVANCED_FACE ( 'NONE', ( #748 ), #1483, .F. ) ;
#917 = ORIENTED_EDGE ( 'NONE', *, *, #54, .F. ) ;
#918 = EDGE_LOOP ( 'NONE', ( #108, #1665, #1419, #1184, #464, #1447, #1065, #1610 ) ) ;
#919 = PERSON_AND_ORGANIZATION ( #1786, #930 ) ;
#920 = AXIS2_PLACEMENT_3D ( 'NONE', #2115, #1350, #811 ) ;
#921 = CYLINDRICAL_SURFACE ( 'NONE', #898, 1.500000000000000000 ) ;
#922 = CARTESIAN_POINT ( 'NONE',  ( -30.00000000000006395, 1.500000000000000444, -4.000000000000001776 ) ) ;
#923 = ORIENTED_EDGE ( 'NONE', *, *, #201, .T. ) ;
#924 = CARTESIAN_POINT ( 'NONE',  ( 10.19999999999999929, -10.99999999999999822, 6.499999999999997335 ) ) ;
#925 = DIRECTION ( 'NONE',  ( -0.000000000000000000, 0.000000000000000000, -1.000000000000000000 ) ) ;
#926 = EDGE_CURVE ( 'NONE', #696, #745, #2124, .T. ) ;
#927 = AXIS2_PLACEMENT_3D ( 'NONE', #1270, #2220, #2052 ) ;
#928 = CARTESIAN_POINT ( 'NONE',  ( 5.200000000000000178, -5.000000000000000000, 0.000000000000000000 ) ) ;
#929 = AXIS2_PLACEMENT_3D ( 'NONE', #1404, #2146, #164 ) ;
#930 = ORGANIZATION ( 'æœª', 'æœª', '' ) ;
#931 = DIRECTION ( 'NONE',  ( -1.000000000000000000, 0.000000000000000000, 0.000000000000000000 ) ) ;
#932 = ORIENTED_EDGE ( 'NONE', *, *, #1683, .F. ) ;
#933 = VERTEX_POINT ( 'NONE', #2225 ) ;
#934 = PERSON_AND_ORGANIZATION_ROLE ( 'creator' ) ;
#935 = EDGE_CURVE ( 'NONE', #447, #441, #2083, .T. ) ;
#936 = CYLINDRICAL_SURFACE ( 'NONE', #1726, 2.600000000000000089 ) ;
#937 = FACE_OUTER_BOUND ( 'NONE', #1437, .T. ) ;
#938 = ORIENTED_EDGE ( 'NONE', *, *, #248, .T. ) ;
#939 = LINE ( 'NONE', #360, #258 ) ;
#940 = CARTESIAN_POINT ( 'NONE',  ( 0.000000000000000000, 0.000000000000000000, 6.499999999999997335 ) ) ;
#941 = DIRECTION ( 'NONE',  ( 0.000000000000000000, 0.000000000000000000, -1.000000000000000000 ) ) ;
#942 = ADVANCED_FACE ( 'NONE', ( #2030 ), #1315, .T. ) ;
#943 = CARTESIAN_POINT ( 'NONE',  ( -11.40000000000000568, -7.219000805152965050, 9.500000000000001776 ) ) ;
#944 = VERTEX_POINT ( 'NONE', #1329 ) ;
#945 = ORIENTED_EDGE ( 'NONE', *, *, #2302, .T. ) ;
#946 = PERSON_AND_ORGANIZATION_ROLE ( 'design_owner' ) ;
#947 = CARTESIAN_POINT ( 'NONE',  ( 19.20000000000000639, -14.00000000000000000, 6.499999999999997335 ) ) ;
#948 = CARTESIAN_POINT ( 'NONE',  ( 22.19999999999999929, 1.500000000000000444, -4.000000000000001776 ) ) ;
#949 = EDGE_LOOP ( 'NONE', ( #894, #1360, #199, #1468 ) ) ;
#950 = FACE_OUTER_BOUND ( 'NONE', #918, .T. ) ;
#951 = CARTESIAN_POINT ( 'NONE',  ( -11.40000000000000568, -7.219000805152965050, -5.500000000000002665 ) ) ;
#952 = DIRECTION ( 'NONE',  ( -1.000000000000000000, 0.000000000000000000, 0.000000000000000000 ) ) ;
#953 = CARTESIAN_POINT ( 'NONE',  ( -14.80000000000000071, 1.500000000000000444, -4.000000000000001776 ) ) ;
#954 = VECTOR ( 'NONE', #1604, 1000.000000000000000 ) ;
#955 = VERTEX_POINT ( 'NONE', #369 ) ;
#956 = EDGE_LOOP ( 'NONE', ( #733, #682, #2026, #2214, #1076, #846 ) ) ;
#957 = PERSON_AND_ORGANIZATION_ROLE ( 'creator' ) ;
#958 = CARTESIAN_POINT ( 'NONE',  ( -30.00000000000006395, 0.000000000000000000, 2.500000000000002220 ) ) ;
#959 = DIRECTION ( 'NONE',  ( -1.239088197126291063E-16, -1.000000000000000000, 0.000000000000000000 ) ) ;
#960 = ORIENTED_EDGE ( 'NONE', *, *, #1595, .F. ) ;
#961 = DIRECTION ( 'NONE',  ( 1.000000000000000000, 0.000000000000000000, 0.000000000000000000 ) ) ;
#962 = CARTESIAN_POINT ( 'NONE',  ( -19.80000000000000071, 0.000000000000000000, 6.499999999999997335 ) ) ;
#963 = ADVANCED_FACE ( 'NONE', ( #791 ), #31, .F. ) ;
#964 = ADVANCED_FACE ( 'NONE', ( #937 ), #1106, .F. ) ;
#965 = FACE_OUTER_BOUND ( 'NONE', #1340, .T. ) ;
#966 = EDGE_CURVE ( 'NONE', #170, #646, #1120, .T. ) ;
#967 = ORIENTED_EDGE ( 'NONE', *, *, #1601, .T. ) ;
#968 = EDGE_CURVE ( 'NONE', #823, #2353, #192, .T. ) ;
#969 = FACE_OUTER_BOUND ( 'NONE', #2233, .T. ) ;
#970 = CIRCLE ( 'NONE', #2254, 3.000000000000002665 ) ;
#971 = ORIENTED_EDGE ( 'NONE', *, *, #1720, .T. ) ;
#972 = VECTOR ( 'NONE', #670, 1000.000000000000000 ) ;
#973 = ORIENTED_EDGE ( 'NONE', *, *, #1977, .F. ) ;
#974 = VECTOR ( 'NONE', #503, 1000.000000000000000 ) ;
#975 = EDGE_CURVE ( 'NONE', #1666, #354, #1681, .T. ) ;
#976 = DIRECTION ( 'NONE',  ( -0.000000000000000000, 0.000000000000000000, 1.000000000000000000 ) ) ;
#977 = DIRECTION ( 'NONE',  ( 1.000000000000000000, -0.000000000000000000, 0.000000000000000000 ) ) ;
#978 = VERTEX_POINT ( 'NONE', #384 ) ;
#979 = DIRECTION ( 'NONE',  ( -1.239088197126291063E-16, -1.000000000000000000, 0.000000000000000000 ) ) ;
#980 = CARTESIAN_POINT ( 'NONE',  ( 25.99999999999982236, 0.000000000000000000, 21.00000000000316902 ) ) ;
#981 = ORIENTED_EDGE ( 'NONE', *, *, #333, .T. ) ;
#982 = VECTOR ( 'NONE', #2082, 1000.000000000000000 ) ;
#983 = LINE ( 'NONE', #2077, #687 ) ;
#984 = EDGE_LOOP ( 'NONE', ( #836, #1677, #1849, #2281 ) ) ;
#985 = DIRECTION ( 'NONE',  ( 0.000000000000000000, 0.000000000000000000, 1.000000000000000000 ) ) ;
#986 = VERTEX_POINT ( 'NONE', #1882 ) ;
#987 = CARTESIAN_POINT ( 'NONE',  ( -19.80000000000000071, -5.000000000000000000, 6.499999999999997335 ) ) ;
#988 = DIRECTION ( 'NONE',  ( -1.000000000000000000, 0.000000000000000000, -0.000000000000000000 ) ) ;
#989 = LINE ( 'NONE', #1218, #2074 ) ;
#990 = EDGE_CURVE ( 'NONE', #1271, #986, #418, .T. ) ;
#991 = ORIENTED_EDGE ( 'NONE', *, *, #1601, .F. ) ;
#992 = DIRECTION ( 'NONE',  ( 0.000000000000000000, -1.000000000000000000, 0.000000000000000000 ) ) ;
#993 = VERTEX_POINT ( 'NONE', #1509 ) ;
#994 = EDGE_CURVE ( 'NONE', #892, #1534, #2252, .T. ) ;
#995 = CIRCLE ( 'NONE', #18, 1.500000000000001332 ) ;
#996 = DIRECTION ( 'NONE',  ( 0.000000000000000000, 1.000000000000000000, 0.000000000000000000 ) ) ;
#997 = ORIENTED_EDGE ( 'NONE', *, *, #1380, .T. ) ;
#998 = DIRECTION ( 'NONE',  ( -1.000000000000000000, 0.000000000000000000, 0.000000000000000000 ) ) ;
#999 = CIRCLE ( 'NONE', #763, 5.000000000000000888 ) ;
#1000 = LINE ( 'NONE', #1159, #2061 ) ;
#1001 = DIRECTION ( 'NONE',  ( 0.000000000000000000, 0.000000000000000000, -1.000000000000000000 ) ) ;
#1002 = PRODUCT_RELATED_PRODUCT_CATEGORY ( 'detail', '', ( #1265 ) ) ;
#1003 = ADVANCED_FACE ( 'NONE', ( #1166 ), #239, .F. ) ;
#1004 = VERTEX_POINT ( 'NONE', #771 ) ;
#1005 = CARTESIAN_POINT ( 'NONE',  ( -8.800000000000006040, -7.219000805152965050, 6.499999999999997335 ) ) ;
#1006 = ORIENTED_EDGE ( 'NONE', *, *, #1553, .F. ) ;
#1007 = CYLINDRICAL_SURFACE ( 'NONE', #589, 1.500000000000001332 ) ;
#1008 = VECTOR ( 'NONE', #979, 1000.000000000000000 ) ;
#1009 = AXIS2_PLACEMENT_3D ( 'NONE', #1551, #1215, #2295 ) ;
#1010 = CARTESIAN_POINT ( 'NONE',  ( -5.799999999999998046, -13.99999999999999822, 6.499999999999997335 ) ) ;
#1011 = EDGE_CURVE ( 'NONE', #913, #293, #184, .T. ) ;
#1012 = CARTESIAN_POINT ( 'NONE',  ( 0.000000000000000000, 27.00000000000000000, 0.000000000000000000 ) ) ;
#1013 = FACE_OUTER_BOUND ( 'NONE', #291, .T. ) ;
#1014 = LOCAL_TIME ( 12, 2, 42.00000000000000000, #536 ) ;
#1015 = EDGE_LOOP ( 'NONE', ( #1623, #1074, #764, #1225 ) ) ;
#1016 = CARTESIAN_POINT ( 'NONE',  ( -25.00000000000018829, 3.000000000000000000, 31.00000000000317257 ) ) ;
#1017 = VECTOR ( 'NONE', #734, 1000.000000000000000 ) ;
#1018 = ORIENTED_EDGE ( 'NONE', *, *, #1216, .T. ) ;
#1019 = ADVANCED_FACE ( 'NONE', ( #2265 ), #1701, .F. ) ;
#1020 = LINE ( 'NONE', #2155, #2185 ) ;
#1021 = DIRECTION ( 'NONE',  ( 6.938893903907228378E-16, 0.000000000000000000, 1.000000000000000000 ) ) ;
#1022 = FACE_OUTER_BOUND ( 'NONE', #1103, .T. ) ;
#1023 = CARTESIAN_POINT ( 'NONE',  ( -20.74999999999999645, 7.000000000000000000, 2.499999999999997780 ) ) ;
#1024 = CIRCLE ( 'NONE', #705, 1.500000000000000000 ) ;
#1025 = EDGE_CURVE ( 'NONE', #1657, #359, #2101, .T. ) ;
#1026 = CARTESIAN_POINT ( 'NONE',  ( -26.00000000000006395, 3.000000000000000000, 34.50000000000000000 ) ) ;
#1027 = EDGE_LOOP ( 'NONE', ( #863, #1115, #1272, #1570 ) ) ;
#1028 = CARTESIAN_POINT ( 'NONE',  ( 10.20000000000000107, -1.263869961068816964E-15, -5.500000000000002665 ) ) ;
#1029 = CC_DESIGN_PERSON_AND_ORGANIZATION_ASSIGNMENT ( #188, #934, ( #115 ) ) ;
#1030 = APPLICATION_CONTEXT ( 'configuration controlled 3d designs of mechanical parts and assemblies' ) ;
#1031 = DIRECTION ( 'NONE',  ( -0.000000000000000000, 1.000000000000000000, -0.000000000000000000 ) ) ;
#1032 = LINE ( 'NONE', #2119, #382 ) ;
#1033 = VECTOR ( 'NONE', #1599, 1000.000000000000000 ) ;
#1034 = CARTESIAN_POINT ( 'NONE',  ( 25.99999999999982236, 3.000000000000000000, 19.50000000000229505 ) ) ;
#1035 = CARTESIAN_POINT ( 'NONE',  ( -26.00000000000006040, 0.000000000000000000, 37.50000000000000711 ) ) ;
#1036 = CARTESIAN_POINT ( 'NONE',  ( 10.20000000000000107, -1.500000000000000000, -5.500000000000002665 ) ) ;
#1037 = ADVANCED_FACE ( 'NONE', ( #2247 ), #376, .T. ) ;
#1038 = ORIENTED_EDGE ( 'NONE', *, *, #1203, .F. ) ;
#1039 = CIRCLE ( 'NONE', #486, 3.000000000000000000 ) ;
#1040 = EDGE_CURVE ( 'NONE', #602, #1727, #1503, .T. ) ;
#1041 = CARTESIAN_POINT ( 'NONE',  ( -30.00000000000006395, 0.000000000000000000, -2.500000000000002220 ) ) ;
#1042 = ORIENTED_EDGE ( 'NONE', *, *, #2025, .T. ) ;
#1043 = CARTESIAN_POINT ( 'NONE',  ( -14.80000000000000071, -1.500000000000000000, -5.500000000000002665 ) ) ;
#1044 = ORIENTED_EDGE ( 'NONE', *, *, #1436, .F. ) ;
#1045 = CARTESIAN_POINT ( 'NONE',  ( 19.20000000000000639, -11.00000000000000000, -5.500000000000002665 ) ) ;
#1046 = AXIS2_PLACEMENT_3D ( 'NONE', #1284, #25, #2023 ) ;
#1047 = DIRECTION ( 'NONE',  ( -1.000000000000000000, -1.445602896647339163E-16, 0.000000000000000000 ) ) ;
#1048 = DIRECTION ( 'NONE',  ( 0.000000000000000000, -1.000000000000000000, 5.782411586589356653E-16 ) ) ;
#1049 = CIRCLE ( 'NONE', #1442, 1.500000000000872191 ) ;
#1050 = CIRCLE ( 'NONE', #1560, 2.999999999999999112 ) ;
#1051 = DIRECTION ( 'NONE',  ( 0.000000000000000000, 0.000000000000000000, 1.000000000000000000 ) ) ;
#1052 = VERTEX_POINT ( 'NONE', #543 ) ;
#1053 = DIRECTION ( 'NONE',  ( -0.000000000000000000, 0.000000000000000000, 1.000000000000000000 ) ) ;
#1054 = APPROVAL_PERSON_ORGANIZATION ( #919, #527, #1117 ) ;
#1055 = ORIENTED_EDGE ( 'NONE', *, *, #667, .F. ) ;
#1056 = CYLINDRICAL_SURFACE ( 'NONE', #82, 7.500000000000000000 ) ;
#1057 = ORIENTED_EDGE ( 'NONE', *, *, #1456, .T. ) ;
#1058 = CARTESIAN_POINT ( 'NONE',  ( -25.00000000000018829, 0.000000000000000000, 29.50000000000229861 ) ) ;
#1059 = CARTESIAN_POINT ( 'NONE',  ( -26.00000000000006395, 0.000000000000000000, 34.50000000000000000 ) ) ;
#1060 = CYLINDRICAL_SURFACE ( 'NONE', #833, 1.500000000000001332 ) ;
#1061 = DIRECTION ( 'NONE',  ( -0.000000000000000000, 1.000000000000000000, -0.000000000000000000 ) ) ;
#1062 = VERTEX_POINT ( 'NONE', #1297 ) ;
#1063 = ADVANCED_FACE ( 'NONE', ( #2207 ), #1101, .F. ) ;
#1064 = ORIENTED_EDGE ( 'NONE', *, *, #2218, .F. ) ;
#1065 = ORIENTED_EDGE ( 'NONE', *, *, #1209, .T. ) ;
#1066 = CARTESIAN_POINT ( 'NONE',  ( 20.75000000000000000, 27.00000000000000000, -2.500000000000002220 ) ) ;
#1067 = CARTESIAN_POINT ( 'NONE',  ( 29.99999999999993250, 30.00000000000000000, 2.499999999999997780 ) ) ;
#1068 = DIRECTION ( 'NONE',  ( 0.000000000000000000, 0.000000000000000000, -1.000000000000000000 ) ) ;
#1069 = EDGE_CURVE ( 'NONE', #757, #1052, #814, .T. ) ;
#1070 = CIRCLE ( 'NONE', #1929, 5.000000000000000888 ) ;
#1071 = FACE_OUTER_BOUND ( 'NONE', #1531, .T. ) ;
#1072 = VECTOR ( 'NONE', #1190, 1000.000000000000000 ) ;
#1073 = EDGE_CURVE ( 'NONE', #319, #1142, #2176, .T. ) ;
#1074 = ORIENTED_EDGE ( 'NONE', *, *, #966, .T. ) ;
#1075 = AXIS2_PLACEMENT_3D ( 'NONE', #1305, #2047, #373 ) ;
#1076 = ORIENTED_EDGE ( 'NONE', *, *, #1932, .T. ) ;
#1077 = ORIENTED_EDGE ( 'NONE', *, *, #1754, .T. ) ;
#1078 = CARTESIAN_POINT ( 'NONE',  ( -26.25000000000000355, 12.00000000000000178, 12.49999999999999645 ) ) ;
#1079 = DIRECTION ( 'NONE',  ( 0.000000000000000000, 0.000000000000000000, 1.000000000000000000 ) ) ;
#1080 = LINE ( 'NONE', #1630, #2190 ) ;
#1081 = CARTESIAN_POINT ( 'NONE',  ( 5.200000000000000178, -5.000000000000000000, 6.499999999999997335 ) ) ;
#1082 = AXIS2_PLACEMENT_3D ( 'NONE', #1886, #1499, #952 ) ;
#1083 = AXIS2_PLACEMENT_3D ( 'NONE', #2387, #1464, #2204 ) ;
#1084 = AXIS2_PLACEMENT_3D ( 'NONE', #2199, #2373, #1615 ) ;
#1085 = EDGE_LOOP ( 'NONE', ( #1842, #1276 ) ) ;
#1086 = DIRECTION ( 'NONE',  ( -0.000000000000000000, 0.000000000000000000, -1.000000000000000000 ) ) ;
#1087 = EDGE_CURVE ( 'NONE', #706, #1703, #1124, .T. ) ;
#1088 = VERTEX_POINT ( 'NONE', #731 ) ;
#1089 = ORIENTED_EDGE ( 'NONE', *, *, #520, .T. ) ;
#1090 = CALENDAR_DATE ( 2026, 8, 5 ) ;
#1091 = CARTESIAN_POINT ( 'NONE',  ( 16.20000000000000639, -7.219000805152965050, 9.500000000000001776 ) ) ;
#1092 = DIRECTION ( 'NONE',  ( 0.000000000000000000, 1.000000000000000000, 0.000000000000000000 ) ) ;
#1093 = ORIENTED_EDGE ( 'NONE', *, *, #283, .T. ) ;
#1094 = AXIS2_PLACEMENT_3D ( 'NONE', #580, #432, #1740 ) ;
#1095 = DIRECTION ( 'NONE',  ( 1.000000000000000000, 0.000000000000000000, 0.000000000000000000 ) ) ;
#1096 = CARTESIAN_POINT ( 'NONE',  ( 24.74999999999999645, 22.00000000000000355, 12.49999999999999645 ) ) ;
#1097 = VECTOR ( 'NONE', #1711, 1000.000000000000000 ) ;
#1098 = EDGE_CURVE ( 'NONE', #1052, #792, #1479, .T. ) ;
#1099 = ORIENTED_EDGE ( 'NONE', *, *, #1797, .F. ) ;
#1100 = EDGE_CURVE ( 'NONE', #2097, #1920, #1782, .T. ) ;
#1101 = CYLINDRICAL_SURFACE ( 'NONE', #493, 1.500000000000872191 ) ;
#1102 = ORIENTED_EDGE ( 'NONE', *, *, #1269, .T. ) ;
#1103 = EDGE_LOOP ( 'NONE', ( #62, #2123, #1129, #660 ) ) ;
#1104 = DATE_TIME_ROLE ( 'classification_date' ) ;
#1105 = FACE_OUTER_BOUND ( 'NONE', #1516, .T. ) ;
#1106 = CYLINDRICAL_SURFACE ( 'NONE', #557, 2.999999999999999112 ) ;
#1107 = ORIENTED_EDGE ( 'NONE', *, *, #1100, .F. ) ;
#1108 = CYLINDRICAL_SURFACE ( 'NONE', #877, 3.000000000000000000 ) ;
#1109 = DIRECTION ( 'NONE',  ( 0.000000000000000000, 0.000000000000000000, 1.000000000000000000 ) ) ;
#1110 = ADVANCED_FACE ( 'NONE', ( #1139 ), #2037, .F. ) ;
#1111 = CARTESIAN_POINT ( 'NONE',  ( 17.75000000000000000, 27.00000000000000000, -2.500000000000001776 ) ) ;
#1112 = EDGE_CURVE ( 'NONE', #646, #673, #1651, .T. ) ;
#1113 = CARTESIAN_POINT ( 'NONE',  ( -25.00000000000018829, -7.000000000000000000, 19.50000000000229505 ) ) ;
#1114 = AXIS2_PLACEMENT_3D ( 'NONE', #2389, #718, #754 ) ;
#1115 = ORIENTED_EDGE ( 'NONE', *, *, #1964, .T. ) ;
#1116 = ORIENTED_EDGE ( 'NONE', *, *, #2312, .F. ) ;
#1117 = APPROVAL_ROLE ( '' ) ;
#1118 = VECTOR ( 'NONE', #617, 1000.000000000000000 ) ;
#1119 = PLANE ( 'NONE',  #1137 ) ;
#1120 = LINE ( 'NONE', #2410, #254 ) ;
#1121 = ORIENTED_EDGE ( 'NONE', *, *, #333, .F. ) ;
#1122 = CARTESIAN_POINT ( 'NONE',  ( 0.000000000000000000, 7.000000000000000000, 0.000000000000000000 ) ) ;
#1123 = CARTESIAN_POINT ( 'NONE',  ( 26.25000000000000355, 12.00000000000000178, -2.500000000000002220 ) ) ;
#1124 = CIRCLE ( 'NONE', #1046, 7.500000000000000000 ) ;
#1125 = CARTESIAN_POINT ( 'NONE',  ( 25.99999999999980815, -7.000000000000000000, 29.50000000000229861 ) ) ;
#1126 = CIRCLE ( 'NONE', #2258, 5.000000000000000888 ) ;
#1127 = CIRCLE ( 'NONE', #888, 1.500000000000875744 ) ;
#1128 = DIRECTION ( 'NONE',  ( 1.000000000000000000, -0.000000000000000000, -0.000000000000000000 ) ) ;
#1129 = ORIENTED_EDGE ( 'NONE', *, *, #126, .F. ) ;
#1130 = EDGE_LOOP ( 'NONE', ( #417, #923 ) ) ;
#1131 = DATE_AND_TIME ( #2055, #1172 ) ;
#1132 = CYLINDRICAL_SURFACE ( 'NONE', #1634, 1.500000000000001332 ) ;
#1133 = DIRECTION ( 'NONE',  ( 0.000000000000000000, 0.000000000000000000, -1.000000000000000000 ) ) ;
#1134 = ORIENTED_EDGE ( 'NONE', *, *, #1800, .F. ) ;
#1135 = CARTESIAN_POINT ( 'NONE',  ( -25.00000000000018829, -7.000000000000000000, 31.00000000000317257 ) ) ;
#1136 = CARTESIAN_POINT ( 'NONE',  ( 26.99999999999993250, 0.000000000000000000, 34.50000000000000000 ) ) ;
#1137 = AXIS2_PLACEMENT_3D ( 'NONE', #2029, #1865, #191 ) ;
#1138 = LINE ( 'NONE', #2260, #2333 ) ;
#1139 = FACE_OUTER_BOUND ( 'NONE', #804, .T. ) ;
#1140 = AXIS2_PLACEMENT_3D ( 'NONE', #2364, #1275, #1805 ) ;
#1141 = EDGE_LOOP ( 'NONE', ( #1626, #1612, #1547, #1779 ) ) ;
#1142 = VERTEX_POINT ( 'NONE', #1488 ) ;
#1143 = EDGE_CURVE ( 'NONE', #695, #511, #904, .T. ) ;
#1144 = LINE ( 'NONE', #2107, #269 ) ;
#1145 = DIRECTION ( 'NONE',  ( -1.000000000000000000, 0.000000000000000000, 0.000000000000000000 ) ) ;
#1146 = ORIENTED_EDGE ( 'NONE', *, *, #1833, .F. ) ;
#1147 = DIRECTION ( 'NONE',  ( -0.000000000000000000, 1.000000000000000000, -0.000000000000000000 ) ) ;
#1148 = CARTESIAN_POINT ( 'NONE',  ( -25.00000000000018829, -7.000000000000000000, 29.50000000000229861 ) ) ;
#1149 = EDGE_CURVE ( 'NONE', #66, #591, #1310, .T. ) ;
#1150 = DIRECTION ( 'NONE',  ( -6.938893903907228378E-16, 0.000000000000000000, -1.000000000000000000 ) ) ;
#1151 = EDGE_LOOP ( 'NONE', ( #671, #2278, #1889, #1890 ) ) ;
#1152 = ADVANCED_FACE ( 'NONE', ( #1688 ), #11, .F. ) ;
#1153 = DIRECTION ( 'NONE',  ( 0.000000000000000000, 0.000000000000000000, 1.000000000000000000 ) ) ;
#1154 = ORIENTED_EDGE ( 'NONE', *, *, #2290, .F. ) ;
#1155 = ORIENTED_EDGE ( 'NONE', *, *, #1497, .T. ) ;
#1156 = DIRECTION ( 'NONE',  ( -1.000000000000000000, 0.000000000000000000, 0.000000000000000000 ) ) ;
#1157 = CARTESIAN_POINT ( 'NONE',  ( -14.80000000000000071, -11.00000000000000178, 6.499999999999997335 ) ) ;
#1158 = ORIENTED_EDGE ( 'NONE', *, *, #1408, .T. ) ;
#1159 = CARTESIAN_POINT ( 'NONE',  ( 25.99999999999982236, -7.000000000000000000, 21.00000000000316902 ) ) ;
#1160 = CYLINDRICAL_SURFACE ( 'NONE', #2255, 3.000000000000002665 ) ;
#1161 = ORIENTED_EDGE ( 'NONE', *, *, #1548, .F. ) ;
#1162 = VECTOR ( 'NONE', #1324, 1000.000000000000000 ) ;
#1163 = CARTESIAN_POINT ( 'NONE',  ( 25.99999999999980815, 3.000000000000000000, 28.00000000000142819 ) ) ;
#1164 = VERTEX_POINT ( 'NONE', #1466 ) ;
#1165 = DIRECTION ( 'NONE',  ( -0.000000000000000000, -0.000000000000000000, -1.000000000000000000 ) ) ;
#1166 = FACE_OUTER_BOUND ( 'NONE', #2109, .T. ) ;
#1167 = EDGE_CURVE ( 'NONE', #1142, #1794, #939, .T. ) ;
#1168 = VERTEX_POINT ( 'NONE', #2203 ) ;
#1169 = CARTESIAN_POINT ( 'NONE',  ( -25.00000000000018829, 3.000000000000000000, 18.00000000000142109 ) ) ;
#1170 = CARTESIAN_POINT ( 'NONE',  ( 26.99999999999993250, 0.000000000000000000, 34.50000000000000000 ) ) ;
#1171 = CARTESIAN_POINT ( 'NONE',  ( -24.74999999999999645, 22.00000000000000355, 12.49999999999999645 ) ) ;
#1172 = LOCAL_TIME ( 12, 2, 42.00000000000000000, #213 ) ;
#1173 = EDGE_LOOP ( 'NONE', ( #1490, #855, #1197, #223 ) ) ;
#1174 = EDGE_CURVE ( 'NONE', #359, #1920, #551, .T. ) ;
#1175 = CARTESIAN_POINT ( 'NONE',  ( 22.20000000000000284, -1.500000000000000000, -5.500000000000002665 ) ) ;
#1176 = ORIENTED_EDGE ( 'NONE', *, *, #498, .F. ) ;
#1177 = ADVANCED_FACE ( 'NONE', ( #2007 ), #1108, .T. ) ;
#1178 = FACE_OUTER_BOUND ( 'NONE', #2404, .T. ) ;
#1179 = ORIENTED_EDGE ( 'NONE', *, *, #1292, .T. ) ;
#1180 = DIRECTION ( 'NONE',  ( 0.000000000000000000, 0.000000000000000000, -1.000000000000000000 ) ) ;
#1181 = EDGE_CURVE ( 'NONE', #2360, #823, #1495, .T. ) ;
#1182 = CARTESIAN_POINT ( 'NONE',  ( -30.00000000000006395, 7.000000000000000000, -2.500000000000002220 ) ) ;
#1183 = CARTESIAN_POINT ( 'NONE',  ( -11.40000000000000568, -7.219000805152965050, 6.499999999999997335 ) ) ;
#1184 = ORIENTED_EDGE ( 'NONE', *, *, #377, .T. ) ;
#1185 = CYLINDRICAL_SURFACE ( 'NONE', #573, 2.600000000000000089 ) ;
#1186 = ORIENTED_EDGE ( 'NONE', *, *, #2148, .T. ) ;
#1187 = EDGE_CURVE ( 'NONE', #1062, #2058, #1844, .T. ) ;
#1188 = VECTOR ( 'NONE', #1145, 1000.000000000000000 ) ;
#1189 = VECTOR ( 'NONE', #1423, 1000.000000000000000 ) ;
#1190 = DIRECTION ( 'NONE',  ( 1.000000000000000000, -0.000000000000000000, -0.000000000000000000 ) ) ;
#1191 = CARTESIAN_POINT ( 'NONE',  ( -6.200000000000005507, -7.219000805152965050, 9.500000000000001776 ) ) ;
#1192 = VECTOR ( 'NONE', #1231, 1000.000000000000000 ) ;
#1193 = FACE_BOUND ( 'NONE', #1351, .T. ) ;
#1194 = CARTESIAN_POINT ( 'NONE',  ( 0.9999999999999314992, 3.000000000000000000, 28.00000000000000355 ) ) ;
#1195 = VECTOR ( 'NONE', #1870, 1000.000000000000000 ) ;
#1196 = ADVANCED_FACE ( 'NONE', ( #372 ), #1267, .F. ) ;
#1197 = ORIENTED_EDGE ( 'NONE', *, *, #562, .F. ) ;
#1198 = DIRECTION ( 'NONE',  ( -0.000000000000000000, -0.000000000000000000, -1.000000000000000000 ) ) ;
#1199 = ORIENTED_EDGE ( 'NONE', *, *, #1422, .T. ) ;
#1200 = DIRECTION ( 'NONE',  ( -0.000000000000000000, -0.000000000000000000, -1.000000000000000000 ) ) ;
#1201 = VECTOR ( 'NONE', #1597, 1000.000000000000000 ) ;
#1202 = AXIS2_PLACEMENT_3D ( 'NONE', #1012, #468, #2340 ) ;
#1203 = EDGE_CURVE ( 'NONE', #2354, #268, #1684, .T. ) ;
#1204 = VECTOR ( 'NONE', #1803, 1000.000000000000000 ) ;
#1205 = DIRECTION ( 'NONE',  ( 0.000000000000000000, 0.000000000000000000, 1.000000000000000000 ) ) ;
#1206 = LINE ( 'NONE', #84, #229 ) ;
#1207 = DIRECTION ( 'NONE',  ( -1.734723475976807094E-16, -0.000000000000000000, -1.000000000000000000 ) ) ;
#1208 = AXIS2_PLACEMENT_3D ( 'NONE', #2382, #5, #1492 ) ;
#1209 = EDGE_CURVE ( 'NONE', #602, #2353, #911, .T. ) ;
#1210 = FACE_OUTER_BOUND ( 'NONE', #2253, .T. ) ;
#1211 = ORIENTED_EDGE ( 'NONE', *, *, #1334, .F. ) ;
#1212 = CARTESIAN_POINT ( 'NONE',  ( -25.00000000000018829, 3.000000000000000000, 19.50000000000229505 ) ) ;
#1213 = AXIS2_PLACEMENT_3D ( 'NONE', #249, #30, #238 ) ;
#1214 = FACE_OUTER_BOUND ( 'NONE', #90, .T. ) ;
#1215 = DIRECTION ( 'NONE',  ( 0.000000000000000000, -1.000000000000000000, 0.000000000000000000 ) ) ;
#1216 = EDGE_CURVE ( 'NONE', #2180, #2066, #1818, .T. ) ;
#1217 = CYLINDRICAL_SURFACE ( 'NONE', #189, 2.999999999999999112 ) ;
#1218 = CARTESIAN_POINT ( 'NONE',  ( -25.00000000000018829, -7.000000000000000000, 18.00000000000142109 ) ) ;
#1219 = CIRCLE ( 'NONE', #1959, 1.499999999999999556 ) ;
#1220 = EDGE_CURVE ( 'NONE', #1004, #1810, #2169, .T. ) ;
#1221 = CYLINDRICAL_SURFACE ( 'NONE', #1770, 7.500000000000000000 ) ;
#1222 = VERTEX_POINT ( 'NONE', #924 ) ;
#1223 = CARTESIAN_POINT ( 'NONE',  ( -20.74999999999999645, 27.00000000000000000, 2.499999999999997780 ) ) ;
#1224 = EDGE_CURVE ( 'NONE', #268, #993, #371, .T. ) ;
#1225 = ORIENTED_EDGE ( 'NONE', *, *, #1595, .T. ) ;
#1226 = FACE_OUTER_BOUND ( 'NONE', #1325, .T. ) ;
#1227 = ORIENTED_EDGE ( 'NONE', *, *, #1373, .T. ) ;
#1228 = DIRECTION ( 'NONE',  ( 0.000000000000000000, 0.000000000000000000, 1.000000000000000000 ) ) ;
#1229 = AXIS2_PLACEMENT_3D ( 'NONE', #1585, #1778, #2330 ) ;
#1230 = CARTESIAN_POINT ( 'NONE',  ( 10.20000000000000284, -5.000000000000001776, -2.500000000000002220 ) ) ;
#1231 = DIRECTION ( 'NONE',  ( -0.000000000000000000, -0.000000000000000000, 1.000000000000000000 ) ) ;
#1232 = CARTESIAN_POINT ( 'NONE',  ( 22.20000000000000284, -11.00000000000000000, -5.500000000000002665 ) ) ;
#1233 = VERTEX_POINT ( 'NONE', #2046 ) ;
#1234 = AXIS2_PLACEMENT_3D ( 'NONE', #1748, #1153, #835 ) ;
#1235 = FACE_OUTER_BOUND ( 'NONE', #335, .T. ) ;
#1236 = ORIENTED_EDGE ( 'NONE', *, *, #2335, .T. ) ;
#1237 = CARTESIAN_POINT ( 'NONE',  ( -23.24999999999999645, 22.00000000000000355, -2.500000000000002220 ) ) ;
#1238 = VERTEX_POINT ( 'NONE', #167 ) ;
#1239 = DIRECTION ( 'NONE',  ( 1.239088197126291063E-16, -1.000000000000000000, 0.000000000000000000 ) ) ;
#1240 = VECTOR ( 'NONE', #1519, 1000.000000000000000 ) ;
#1241 = DIRECTION ( 'NONE',  ( 0.000000000000000000, 0.000000000000000000, 1.000000000000000000 ) ) ;
#1242 = CYLINDRICAL_SURFACE ( 'NONE', #1338, 2.600000000000000089 ) ;
#1243 = VECTOR ( 'NONE', #1147, 1000.000000000000000 ) ;
#1244 = APPROVAL_PERSON_ORGANIZATION ( #2223, #1502, #1704 ) ;
#1245 = DIRECTION ( 'NONE',  ( 0.000000000000000000, 0.000000000000000000, -1.000000000000000000 ) ) ;
#1246 = ORIENTED_EDGE ( 'NONE', *, *, #606, .F. ) ;
#1247 = EDGE_LOOP ( 'NONE', ( #684, #1155, #1481, #1539 ) ) ;
#1248 = ADVANCED_FACE ( 'NONE', ( #180 ), #2412, .F. ) ;
#1249 = VERTEX_POINT ( 'NONE', #2195 ) ;
#1250 = CARTESIAN_POINT ( 'NONE',  ( 0.9999999999999314992, 0.000000000000000000, 20.50000000000000355 ) ) ;
#1251 = ORIENTED_EDGE ( 'NONE', *, *, #234, .T. ) ;
#1252 = ORIENTED_EDGE ( 'NONE', *, *, #657, .T. ) ;
#1253 = ADVANCED_FACE ( 'NONE', ( #2032, #515 ), #725, .F. ) ;
#1254 = DIRECTION ( 'NONE',  ( -0.000000000000000000, -1.000000000000000000, -0.000000000000000000 ) ) ;
#1255 = DIRECTION ( 'NONE',  ( 0.000000000000000000, 0.000000000000000000, -1.000000000000000000 ) ) ;
#1256 = PLANE ( 'NONE',  #1762 ) ;
#1257 = EDGE_CURVE ( 'NONE', #792, #892, #2299, .T. ) ;
#1258 = DIRECTION ( 'NONE',  ( 0.000000000000000000, 0.000000000000000000, -1.000000000000000000 ) ) ;
#1259 = ORIENTED_EDGE ( 'NONE', *, *, #1908, .T. ) ;
#1260 = ORIENTED_EDGE ( 'NONE', *, *, #990, .T. ) ;
#1261 = ORIENTED_EDGE ( 'NONE', *, *, #593, .T. ) ;
#1262 = CARTESIAN_POINT ( 'NONE',  ( 29.99999999999993250, 0.000000000000000000, 12.50000000000000355 ) ) ;
#1263 = CARTESIAN_POINT ( 'NONE',  ( -26.25000000000000000, 22.00000000000000355, 2.500000000000002220 ) ) ;
#1264 = CARTESIAN_POINT ( 'NONE',  ( -28.75000000000000000, 27.00000000000000000, -2.500000000000002220 ) ) ;
#1265 = PRODUCT ( '\X2\624b722a8235673a56fa5b9a67b6\X0\', '\X2\624b722a8235673a56fa5b9a67b6\X0\', '', ( #1313 ) ) ;
#1266 = AXIS2_PLACEMENT_3D ( 'NONE', #922, #358, #1133 ) ;
#1267 = CYLINDRICAL_SURFACE ( 'NONE', #765, 1.500000000000001332 ) ;
#1268 = VERTEX_POINT ( 'NONE', #1317 ) ;
#1269 = EDGE_CURVE ( 'NONE', #1636, #162, #2059, .T. ) ;
#1270 = CARTESIAN_POINT ( 'NONE',  ( -24.74999999999999645, 22.00000000000000355, 2.500000000000002220 ) ) ;
#1271 = VERTEX_POINT ( 'NONE', #1645 ) ;
#1272 = ORIENTED_EDGE ( 'NONE', *, *, #1361, .T. ) ;
#1273 = CARTESIAN_POINT ( 'NONE',  ( 18.80000000000000426, -7.219000805152965050, 6.499999999999997335 ) ) ;
#1274 = DIRECTION ( 'NONE',  ( -1.000000000000000000, 0.000000000000000000, 0.000000000000000000 ) ) ;
#1275 = DIRECTION ( 'NONE',  ( 0.000000000000000000, -1.000000000000000000, 0.000000000000000000 ) ) ;
#1276 = ORIENTED_EDGE ( 'NONE', *, *, #612, .T. ) ;
#1277 = EDGE_CURVE ( 'NONE', #7, #913, #1049, .T. ) ;
#1278 = DIRECTION ( 'NONE',  ( -1.000000000000000000, 0.000000000000000000, 0.000000000000000000 ) ) ;
#1279 = LINE ( 'NONE', #1028, #1201 ) ;
#1280 = AXIS2_PLACEMENT_3D ( 'NONE', #312, #665, #1603 ) ;
#1281 = AXIS2_PLACEMENT_3D ( 'NONE', #1148, #1332, #599 ) ;
#1282 = EDGE_CURVE ( 'NONE', #1383, #1666, #381, .T. ) ;
#1283 = ORIENTED_EDGE ( 'NONE', *, *, #314, .F. ) ;
#1284 = CARTESIAN_POINT ( 'NONE',  ( 0.9999999999999314992, 3.000000000000000000, 20.50000000000000355 ) ) ;
#1285 = VECTOR ( 'NONE', #23, 1000.000000000000000 ) ;
#1286 = VERTEX_POINT ( 'NONE', #1381 ) ;
#1287 = ORIENTED_EDGE ( 'NONE', *, *, #762, .F. ) ;
#1288 = PERSON_AND_ORGANIZATION ( #1786, #930 ) ;
#1289 = FACE_BOUND ( 'NONE', #2384, .T. ) ;
#1290 = CARTESIAN_POINT ( 'NONE',  ( -28.75000000000000000, 27.00000000000000000, -2.500000000000002220 ) ) ;
#1291 = ORIENTED_EDGE ( 'NONE', *, *, #498, .T. ) ;
#1292 = EDGE_CURVE ( 'NONE', #1992, #1222, #1331, .T. ) ;
#1293 = CARTESIAN_POINT ( 'NONE',  ( -5.799999999999998934, -11.00000000000000000, 6.499999999999997335 ) ) ;
#1294 = FACE_OUTER_BOUND ( 'NONE', #502, .T. ) ;
#1295 = ADVANCED_FACE ( 'NONE', ( #950, #1526, #1345, #1193, #399, #1357 ), #2256, .F. ) ;
#1296 = ORIENTED_EDGE ( 'NONE', *, *, #1349, .F. ) ;
#1297 = CARTESIAN_POINT ( 'NONE',  ( -25.00000000000018829, 0.000000000000000000, 21.00000000000317257 ) ) ;
#1298 = ORIENTED_EDGE ( 'NONE', *, *, #2302, .F. ) ;
#1299 = ORIENTED_EDGE ( 'NONE', *, *, #427, .T. ) ;
#1300 = COORDINATED_UNIVERSAL_TIME_OFFSET ( 8, 0, .AHEAD. ) ;
#1301 = CARTESIAN_POINT ( 'NONE',  ( -2.799999999999999378, 0.000000000000000000, -4.000000000000001776 ) ) ;
#1302 = DIRECTION ( 'NONE',  ( -0.000000000000000000, -0.000000000000000000, 1.000000000000000000 ) ) ;
#1303 = VERTEX_POINT ( 'NONE', #2274 ) ;
#1304 = DIRECTION ( 'NONE',  ( 0.000000000000000000, 0.000000000000000000, -1.000000000000000000 ) ) ;
#1305 = CARTESIAN_POINT ( 'NONE',  ( 29.99999999999993250, 0.000000000000000000, 9.500000000000005329 ) ) ;
#1306 = CARTESIAN_POINT ( 'NONE',  ( -28.74999999999999645, 27.00000000000000000, 2.499999999999997780 ) ) ;
#1307 = AXIS2_PLACEMENT_3D ( 'NONE', #251, #1540, #1403 ) ;
#1308 = AXIS2_PLACEMENT_3D ( 'NONE', #2088, #412, #796 ) ;
#1309 = CARTESIAN_POINT ( 'NONE',  ( 27.20000000000000639, -5.000000000000000000, 6.499999999999998224 ) ) ;
#1310 = CIRCLE ( 'NONE', #2362, 1.500000000000000000 ) ;
#1311 = ORIENTED_EDGE ( 'NONE', *, *, #1167, .F. ) ;
#1312 = ORIENTED_EDGE ( 'NONE', *, *, #1401, .T. ) ;
#1313 = MECHANICAL_CONTEXT ( 'NONE', #902, 'mechanical' ) ;
#1314 = LINE ( 'NONE', #2056, #1412 ) ;
#1315 = PLANE ( 'NONE',  #217 ) ;
#1316 = ORIENTED_EDGE ( 'NONE', *, *, #2218, .T. ) ;
#1317 = CARTESIAN_POINT ( 'NONE',  ( 17.75000000000000000, 27.00000000000000000, 2.499999999999997780 ) ) ;
#1318 = CARTESIAN_POINT ( 'NONE',  ( -2.799999999999999378, -1.500000000000000000, -5.500000000000002665 ) ) ;
#1319 = CARTESIAN_POINT ( 'NONE',  ( -8.800000000000006040, -7.219000805152965050, -5.500000000000002665 ) ) ;
#1320 = AXIS2_PLACEMENT_3D ( 'NONE', #1096, #463, #1476 ) ;
#1321 = VECTOR ( 'NONE', #1745, 1000.000000000000000 ) ;
#1322 = AXIS2_PLACEMENT_3D ( 'NONE', #2145, #434, #2110 ) ;
#1323 = EDGE_CURVE ( 'NONE', #162, #1867, #1695, .T. ) ;
#1324 = DIRECTION ( 'NONE',  ( -0.000000000000000000, 1.000000000000000000, -0.000000000000000000 ) ) ;
#1325 = EDGE_LOOP ( 'NONE', ( #1955, #1077, #379, #1742 ) ) ;
#1326 = VECTOR ( 'NONE', #747, 1000.000000000000000 ) ;
#1327 = VERTEX_POINT ( 'NONE', #242 ) ;
#1328 = CARTESIAN_POINT ( 'NONE',  ( -17.75000000000000355, 27.00000000000000000, -2.500000000000002220 ) ) ;
#1329 = CARTESIAN_POINT ( 'NONE',  ( -6.200000000000005507, -7.219000805152965050, 6.499999999999997335 ) ) ;
#1330 = EDGE_LOOP ( 'NONE', ( #2348, #228 ) ) ;
#1331 = LINE ( 'NONE', #598, #2368 ) ;
#1332 = DIRECTION ( 'NONE',  ( -0.000000000000000000, 1.000000000000000000, -0.000000000000000000 ) ) ;
#1333 = VECTOR ( 'NONE', #594, 1000.000000000000000 ) ;
#1334 = EDGE_CURVE ( 'NONE', #1286, #955, #694, .T. ) ;
#1335 = CARTESIAN_POINT ( 'NONE',  ( 25.99999999999982236, -7.000000000000000000, 18.00000000000142464 ) ) ;
#1336 = ORIENTED_EDGE ( 'NONE', *, *, #248, .F. ) ;
#1337 = CARTESIAN_POINT ( 'NONE',  ( -19.80000000000000071, -5.000000000000000000, 6.499999999999997335 ) ) ;
#1338 = AXIS2_PLACEMENT_3D ( 'NONE', #677, #2351, #1473 ) ;
#1339 = ORIENTED_EDGE ( 'NONE', *, *, #1543, .T. ) ;
#1340 = EDGE_LOOP ( 'NONE', ( #1055, #938, #539, #1259 ) ) ;
#1341 = APPLICATION_PROTOCOL_DEFINITION ( 'international standard', 'config_control_design', 1994, #1030 ) ;
#1342 = LINE ( 'NONE', #2293, #982 ) ;
#1343 = CARTESIAN_POINT ( 'NONE',  ( 25.99999999999982236, 3.000000000000000000, 19.50000000000229505 ) ) ;
#1344 = VERTEX_POINT ( 'NONE', #1735 ) ;
#1345 = FACE_BOUND ( 'NONE', #867, .T. ) ;
#1346 = CARTESIAN_POINT ( 'NONE',  ( -2.800000000000000266, -3.469446951953615175E-16, -5.500000000000002665 ) ) ;
#1347 = VERTEX_POINT ( 'NONE', #624 ) ;
#1348 = AXIS2_PLACEMENT_3D ( 'NONE', #686, #1435, #2357 ) ;
#1349 = EDGE_CURVE ( 'NONE', #1052, #681, #2087, .T. ) ;
#1350 = DIRECTION ( 'NONE',  ( 1.445602896647339163E-16, -1.000000000000000000, 0.000000000000000000 ) ) ;
#1351 = EDGE_LOOP ( 'NONE', ( #720, #1758 ) ) ;
#1352 = CARTESIAN_POINT ( 'NONE',  ( -2.799999999999998934, -11.00000000000000000, 6.499999999999997335 ) ) ;
#1353 = DIRECTION ( 'NONE',  ( -0.000000000000000000, 0.000000000000000000, -1.000000000000000000 ) ) ;
#1354 = EDGE_LOOP ( 'NONE', ( #433, #1798, #798, #2039 ) ) ;
#1355 = DIRECTION ( 'NONE',  ( -0.000000000000000000, -0.000000000000000000, 1.000000000000000000 ) ) ;
#1356 = CIRCLE ( 'NONE', #182, 1.500000000000872191 ) ;
#1357 = FACE_BOUND ( 'NONE', #2154, .T. ) ;
#1358 = DIRECTION ( 'NONE',  ( 0.000000000000000000, 0.000000000000000000, -1.000000000000000000 ) ) ;
#1359 = EDGE_CURVE ( 'NONE', #1534, #1368, #1126, .T. ) ;
#1360 = ORIENTED_EDGE ( 'NONE', *, *, #86, .T. ) ;
#1361 = EDGE_CURVE ( 'NONE', #550, #745, #1000, .T. ) ;
#1362 = AXIS2_PLACEMENT_3D ( 'NONE', #353, #1086, #1664 ) ;
#1363 = PLANE ( 'NONE',  #920 ) ;
#1364 = CIRCLE ( 'NONE', #304, 2.999999999999999112 ) ;
#1365 = AXIS2_PLACEMENT_3D ( 'NONE', #577, #1891, #1839 ) ;
#1366 = VERTEX_POINT ( 'NONE', #231 ) ;
#1367 = CARTESIAN_POINT ( 'NONE',  ( 0.9999999999999323874, -7.000000000000000000, 13.00000000000000533 ) ) ;
#1368 = VERTEX_POINT ( 'NONE', #766 ) ;
#1369 = CARTESIAN_POINT ( 'NONE',  ( -14.80000000000000071, -5.000000000000000000, -2.500000000000002220 ) ) ;
#1370 = DIRECTION ( 'NONE',  ( -0.000000000000000000, -0.000000000000000000, -1.000000000000000000 ) ) ;
#1371 = DIRECTION ( 'NONE',  ( -0.000000000000000000, -1.000000000000000000, -0.000000000000000000 ) ) ;
#1372 = LOCAL_TIME ( 12, 2, 42.00000000000000000, #1691 ) ;
#1373 = EDGE_CURVE ( 'NONE', #892, #1222, #2111, .T. ) ;
#1374 = ORIENTED_EDGE ( 'NONE', *, *, #1861, .F. ) ;
#1375 = CARTESIAN_POINT ( 'NONE',  ( -2.799999999999999822, -5.000000000000000888, -2.500000000000002220 ) ) ;
#1376 = EDGE_LOOP ( 'NONE', ( #604, #1802, #1378, #1116 ) ) ;
#1377 = CARTESIAN_POINT ( 'NONE',  ( 29.99999999999993250, 0.000000000000000000, 12.50000000000000355 ) ) ;
#1378 = ORIENTED_EDGE ( 'NONE', *, *, #1543, .F. ) ;
#1379 = CYLINDRICAL_SURFACE ( 'NONE', #1322, 1.500000000000001332 ) ;
#1380 = EDGE_CURVE ( 'NONE', #1993, #329, #435, .T. ) ;
#1381 = CARTESIAN_POINT ( 'NONE',  ( 23.24999999999999645, 22.00000000000000355, 2.500000000000002220 ) ) ;
#1382 = CARTESIAN_POINT ( 'NONE',  ( 24.74999999999999645, 22.00000000000000355, 2.500000000000002220 ) ) ;
#1383 = VERTEX_POINT ( 'NONE', #2121 ) ;
#1384 = FACE_OUTER_BOUND ( 'NONE', #428, .T. ) ;
#1385 = ORIENTED_EDGE ( 'NONE', *, *, #280, .T. ) ;
#1386 = VECTOR ( 'NONE', #1302, 1000.000000000000000 ) ;
#1387 = AXIS2_PLACEMENT_3D ( 'NONE', #1988, #323, #2366 ) ;
#1388 = LINE ( 'NONE', #285, #1033 ) ;
#1389 = CARTESIAN_POINT ( 'NONE',  ( -11.80000000000000071, -11.00000000000000178, 6.499999999999997335 ) ) ;
#1390 = FACE_OUTER_BOUND ( 'NONE', #1376, .T. ) ;
#1391 = CARTESIAN_POINT ( 'NONE',  ( -24.74999999999999645, 22.00000000000000355, 2.500000000000002220 ) ) ;
#1392 = DIRECTION ( 'NONE',  ( 0.000000000000000000, 0.000000000000000000, 1.000000000000000000 ) ) ;
#1393 = EDGE_LOOP ( 'NONE', ( #355, #917, #2313, #1795 ) ) ;
#1394 = PLANE ( 'NONE',  #34 ) ;
#1395 = ADVANCED_FACE ( 'NONE', ( #72 ), #1724, .F. ) ;
#1396 = ORIENTED_EDGE ( 'NONE', *, *, #1647, .T. ) ;
#1397 = EDGE_CURVE ( 'NONE', #2180, #1271, #795, .T. ) ;
#1398 = CARTESIAN_POINT ( 'NONE',  ( 13.60000000000000675, -7.219000805152965050, -5.500000000000002665 ) ) ;
#1399 = VECTOR ( 'NONE', #2415, 1000.000000000000000 ) ;
#1400 = AXIS2_PLACEMENT_3D ( 'NONE', #282, #361, #181 ) ;
#1401 = EDGE_CURVE ( 'NONE', #2315, #706, #632, .T. ) ;
#1402 = VECTOR ( 'NONE', #2381, 1000.000000000000000 ) ;
#1403 = DIRECTION ( 'NONE',  ( -1.000000000000000000, 0.000000000000000000, 0.000000000000000000 ) ) ;
#1404 = CARTESIAN_POINT ( 'NONE',  ( -27.00000000000006395, 0.000000000000000000, 15.26393202250021730 ) ) ;
#1405 = DIRECTION ( 'NONE',  ( 1.000000000000000000, 0.000000000000000000, -0.000000000000000000 ) ) ;
#1406 = EDGE_CURVE ( 'NONE', #1920, #2097, #266, .T. ) ;
#1407 = CARTESIAN_POINT ( 'NONE',  ( 2.200000000000000178, -5.000000000000000000, 6.499999999999997335 ) ) ;
#1408 = EDGE_CURVE ( 'NONE', #100, #1164, #35, .T. ) ;
#1409 = CC_DESIGN_APPROVAL ( #2036, ( #115 ) ) ;
#1410 = VERTEX_POINT ( 'NONE', #2099 ) ;
#1411 = LINE ( 'NONE', #1223, #146 ) ;
#1412 = VECTOR ( 'NONE', #777, 1000.000000000000000 ) ;
#1413 = EDGE_LOOP ( 'NONE', ( #247, #1385, #582, #2076 ) ) ;
#1414 = DIRECTION ( 'NONE',  ( -1.000000000000000000, 0.000000000000000000, 0.000000000000000000 ) ) ;
#1415 = CARTESIAN_POINT ( 'NONE',  ( -2.800000000000000266, -1.500000000000000000, -5.500000000000002665 ) ) ;
#1416 = FACE_OUTER_BOUND ( 'NONE', #949, .T. ) ;
#1417 = CARTESIAN_POINT ( 'NONE',  ( -28.74999999999999645, 27.00000000000000000, 2.499999999999997780 ) ) ;
#1418 = FACE_BOUND ( 'NONE', #789, .T. ) ;
#1419 = ORIENTED_EDGE ( 'NONE', *, *, #2338, .F. ) ;
#1420 = CARTESIAN_POINT ( 'NONE',  ( -29.00000000000007105, -0.000000000000000000, 5.030698080332752407E-15 ) ) ;
#1421 = ORIENTED_EDGE ( 'NONE', *, *, #1359, .T. ) ;
#1422 = EDGE_CURVE ( 'NONE', #1432, #673, #578, .T. ) ;
#1423 = DIRECTION ( 'NONE',  ( 6.938893903907228378E-16, -0.000000000000000000, 1.000000000000000000 ) ) ;
#1424 = ORIENTED_EDGE ( 'NONE', *, *, #2136, .F. ) ;
#1425 = LINE ( 'NONE', #2181, #974 ) ;
#1426 = DIRECTION ( 'NONE',  ( -0.000000000000000000, -0.000000000000000000, -1.000000000000000000 ) ) ;
#1427 = LINE ( 'NONE', #1290, #755 ) ;
#1428 = ADVANCED_FACE ( 'NONE', ( #263 ), #849, .T. ) ;
#1429 = CARTESIAN_POINT ( 'NONE',  ( -24.75000000000000000, 12.00000000000000178, 2.500000000000002220 ) ) ;
#1430 = EDGE_LOOP ( 'NONE', ( #200, #97 ) ) ;
#1431 = AXIS2_PLACEMENT_3D ( 'NONE', #259, #1198, #52 ) ;
#1432 = VERTEX_POINT ( 'NONE', #652 ) ;
#1433 = CC_DESIGN_PERSON_AND_ORGANIZATION_ASSIGNMENT ( #2235, #957, ( #415 ) ) ;
#1434 = ORIENTED_EDGE ( 'NONE', *, *, #475, .F. ) ;
#1435 = DIRECTION ( 'NONE',  ( 0.000000000000000000, -1.000000000000000000, 0.000000000000000000 ) ) ;
#1436 = EDGE_CURVE ( 'NONE', #303, #53, #299, .T. ) ;
#1437 = EDGE_LOOP ( 'NONE', ( #484, #2009, #204, #1311 ) ) ;
#1438 = ORIENTED_EDGE ( 'NONE', *, *, #729, .T. ) ;
#1439 = DIRECTION ( 'NONE',  ( 1.000000000000000000, -0.000000000000000000, -0.000000000000000000 ) ) ;
#1440 = CARTESIAN_POINT ( 'NONE',  ( 2.023844055306274681E-15, -13.99999999999999822, 6.499999999999997335 ) ) ;
#1441 = DIRECTION ( 'NONE',  ( 1.000000000000000000, -0.000000000000000000, 0.000000000000000000 ) ) ;
#1442 = AXIS2_PLACEMENT_3D ( 'NONE', #2386, #1463, #714 ) ;
#1443 = DIRECTION ( 'NONE',  ( -0.000000000000000000, 1.000000000000000000, -0.000000000000000000 ) ) ;
#1444 = ORIENTED_EDGE ( 'NONE', *, *, #169, .T. ) ;
#1445 = ADVANCED_FACE ( 'NONE', ( #641 ), #1217, .T. ) ;
#1446 = VECTOR ( 'NONE', #2166, 1000.000000000000000 ) ;
#1447 = ORIENTED_EDGE ( 'NONE', *, *, #1040, .F. ) ;
#1448 = ORIENTED_EDGE ( 'NONE', *, *, #1761, .F. ) ;
#1449 = DIRECTION ( 'NONE',  ( -1.000000000000000000, 0.000000000000000000, 0.000000000000000000 ) ) ;
#1450 = PLANE ( 'NONE',  #1528 ) ;
#1451 = DIRECTION ( 'NONE',  ( 0.000000000000000000, -5.782411586589356653E-16, -1.000000000000000000 ) ) ;
#1452 = EDGE_CURVE ( 'NONE', #745, #696, #495, .T. ) ;
#1453 = AXIS2_PLACEMENT_3D ( 'NONE', #908, #165, #129 ) ;
#1454 = DIRECTION ( 'NONE',  ( 0.000000000000000000, -0.000000000000000000, -1.000000000000000000 ) ) ;
#1455 = ORIENTED_EDGE ( 'NONE', *, *, #586, .T. ) ;
#1456 = EDGE_CURVE ( 'NONE', #1993, #602, #1206, .T. ) ;
#1457 = ORIENTED_EDGE ( 'NONE', *, *, #1224, .T. ) ;
#1458 = ORIENTED_EDGE ( 'NONE', *, *, #314, .T. ) ;
#1459 = CARTESIAN_POINT ( 'NONE',  ( 28.74999999999999645, 30.00000000000000000, 2.499999999999997780 ) ) ;
#1460 = DIRECTION ( 'NONE',  ( 0.000000000000000000, 0.000000000000000000, 1.000000000000000000 ) ) ;
#1461 = DIRECTION ( 'NONE',  ( -0.000000000000000000, -1.000000000000000000, -0.000000000000000000 ) ) ;
#1462 = ORIENTED_EDGE ( 'NONE', *, *, #1855, .F. ) ;
#1463 = DIRECTION ( 'NONE',  ( 0.000000000000000000, -1.000000000000000000, 0.000000000000000000 ) ) ;
#1464 = DIRECTION ( 'NONE',  ( 0.000000000000000000, 0.000000000000000000, -1.000000000000000000 ) ) ;
#1465 = ORIENTED_EDGE ( 'NONE', *, *, #1277, .T. ) ;
#1466 = CARTESIAN_POINT ( 'NONE',  ( 20.74999999999999645, 7.000000000000000000, 2.499999999999997780 ) ) ;
#1467 = ADVANCED_FACE ( 'NONE', ( #860 ), #691, .T. ) ;
#1468 = ORIENTED_EDGE ( 'NONE', *, *, #1361, .F. ) ;
#1469 = ORIENTED_EDGE ( 'NONE', *, *, #426, .F. ) ;
#1470 = PERSON_AND_ORGANIZATION ( #1786, #930 ) ;
#1471 = EDGE_CURVE ( 'NONE', #1478, #1004, #831, .T. ) ;
#1472 = DIRECTION ( 'NONE',  ( 0.000000000000000000, 0.000000000000000000, 1.000000000000000000 ) ) ;
#1473 = DIRECTION ( 'NONE',  ( -1.000000000000000000, 0.000000000000000000, 0.000000000000000000 ) ) ;
#1474 = VERTEX_POINT ( 'NONE', #2350 ) ;
#1475 = DIRECTION ( 'NONE',  ( -1.000000000000000000, 0.000000000000000000, 0.000000000000000000 ) ) ;
#1476 = DIRECTION ( 'NONE',  ( -1.000000000000000000, 0.000000000000000000, 0.000000000000000000 ) ) ;
#1477 = AXIS2_PLACEMENT_3D ( 'NONE', #1926, #2296, #820 ) ;
#1478 = VERTEX_POINT ( 'NONE', #276 ) ;
#1479 = LINE ( 'NONE', #172, #2403 ) ;
#1480 = ORIENTED_EDGE ( 'NONE', *, *, #96, .T. ) ;
#1481 = ORIENTED_EDGE ( 'NONE', *, *, #245, .T. ) ;
#1482 = FACE_BOUND ( 'NONE', #211, .T. ) ;
#1483 = CYLINDRICAL_SURFACE ( 'NONE', #2323, 1.500000000000000000 ) ;
#1484 = ORIENTED_EDGE ( 'NONE', *, *, #1011, .F. ) ;
#1485 = CARTESIAN_POINT ( 'NONE',  ( -23.24999999999999645, 22.00000000000000355, 12.49999999999999645 ) ) ;
#1486 = DIRECTION ( 'NONE',  ( 0.000000000000000000, 0.000000000000000000, 1.000000000000000000 ) ) ;
#1487 = FACE_OUTER_BOUND ( 'NONE', #2301, .T. ) ;
#1488 = CARTESIAN_POINT ( 'NONE',  ( -17.75000000000000355, 27.00000000000000000, 2.499999999999997780 ) ) ;
#1489 = ORIENTED_EDGE ( 'NONE', *, *, #1855, .T. ) ;
#1490 = ORIENTED_EDGE ( 'NONE', *, *, #2108, .F. ) ;
#1491 =( LENGTH_UNIT ( ) NAMED_UNIT ( * ) SI_UNIT ( .MILLI., .METRE. ) );
#1492 = DIRECTION ( 'NONE',  ( -1.000000000000000000, 0.000000000000000000, 0.000000000000000000 ) ) ;
#1493 = CARTESIAN_POINT ( 'NONE',  ( -14.80000000000000071, 1.500000000000000444, -2.500000000000002220 ) ) ;
#1494 = ORIENTED_EDGE ( 'NONE', *, *, #523, .F. ) ;
#1495 = LINE ( 'NONE', #2228, #1937 ) ;
#1496 = LINE ( 'NONE', #940, #337 ) ;
#1497 = EDGE_CURVE ( 'NONE', #1877, #1168, #676, .T. ) ;
#1498 = ADVANCED_FACE ( 'NONE', ( #1416 ), #1775, .F. ) ;
#1499 = DIRECTION ( 'NONE',  ( -0.000000000000000000, -0.000000000000000000, 1.000000000000000000 ) ) ;
#1500 = AXIS2_PLACEMENT_3D ( 'NONE', #884, #2321, #130 ) ;
#1501 = AXIS2_PLACEMENT_3D ( 'NONE', #625, #653, #1405 ) ;
#1502 = APPROVAL ( #394, 'æœª' ) ;
#1503 = LINE ( 'NONE', #1888, #1240 ) ;
#1504 = VECTOR ( 'NONE', #556, 1000.000000000000000 ) ;
#1505 = ORIENTED_EDGE ( 'NONE', *, *, #1575, .F. ) ;
#1506 = ORIENTED_EDGE ( 'NONE', *, *, #96, .F. ) ;
#1507 = ADVANCED_FACE ( 'NONE', ( #1390 ), #2133, .F. ) ;
#1508 = CYLINDRICAL_SURFACE ( 'NONE', #1094, 1.500000000000001332 ) ;
#1509 = CARTESIAN_POINT ( 'NONE',  ( -25.00000000000018829, 3.000000000000000000, 28.00000000000142464 ) ) ;
#1510 = VERTEX_POINT ( 'NONE', #1973 ) ;
#1511 = CARTESIAN_POINT ( 'NONE',  ( -5.799999999999998934, -11.00000000000000000, -5.500000000000003553 ) ) ;
#1512 = CARTESIAN_POINT ( 'NONE',  ( 0.000000000000000000, 30.00000000000000000, 0.000000000000000000 ) ) ;
#1513 = CARTESIAN_POINT ( 'NONE',  ( -2.800000000000000266, 7.000000000000003553, -2.500000000000002220 ) ) ;
#1514 = AXIS2_PLACEMENT_3D ( 'NONE', #208, #2064, #1686 ) ;
#1515 = VECTOR ( 'NONE', #1980, 1000.000000000000000 ) ;
#1516 = EDGE_LOOP ( 'NONE', ( #113, #1438, #827, #1837 ) ) ;
#1517 = AXIS2_PLACEMENT_3D ( 'NONE', #1895, #1541, #961 ) ;
#1518 = AXIS2_PLACEMENT_3D ( 'NONE', #489, #477, #1228 ) ;
#1519 = DIRECTION ( 'NONE',  ( 1.000000000000000000, 0.000000000000000000, 0.000000000000000000 ) ) ;
#1520 = ORIENTED_EDGE ( 'NONE', *, *, #926, .F. ) ;
#1521 = ORIENTED_EDGE ( 'NONE', *, *, #2402, .T. ) ;
#1522 = CALENDAR_DATE ( 2026, 8, 5 ) ;
#1523 = CARTESIAN_POINT ( 'NONE',  ( 22.20000000000000284, 0.000000000000000000, -5.500000000000002665 ) ) ;
#1524 = CARTESIAN_POINT ( 'NONE',  ( -29.00000000000006750, 3.000000000000000000, 17.50000000000000355 ) ) ;
#1525 = VERTEX_POINT ( 'NONE', #128 ) ;
#1526 = FACE_BOUND ( 'NONE', #1085, .T. ) ;
#1527 = DIRECTION ( 'NONE',  ( 0.000000000000000000, 0.000000000000000000, -1.000000000000000000 ) ) ;
#1528 = AXIS2_PLACEMENT_3D ( 'NONE', #2192, #513, #1460 ) ;
#1529 = EDGE_CURVE ( 'NONE', #2018, #2353, #1986, .T. ) ;
#1530 = DIRECTION ( 'NONE',  ( -1.000000000000000000, 0.000000000000000000, 0.000000000000000000 ) ) ;
#1531 = EDGE_LOOP ( 'NONE', ( #559, #1638, #32, #1911, #1737, #1252, #1246, #370, #186, #362 ) ) ;
#1532 = CARTESIAN_POINT ( 'NONE',  ( -28.74999999999999645, 27.00000000000000000, 2.499999999999997780 ) ) ;
#1533 = AXIS2_PLACEMENT_3D ( 'NONE', #642, #832, #1574 ) ;
#1534 = VERTEX_POINT ( 'NONE', #1230 ) ;
#1535 = ORIENTED_EDGE ( 'NONE', *, *, #80, .F. ) ;
#1536 = ADVANCED_FACE ( 'NONE', ( #1022 ), #1765, .T. ) ;
#1537 = DIRECTION ( 'NONE',  ( 1.000000000000000000, 0.000000000000000000, 0.000000000000000000 ) ) ;
#1538 = CARTESIAN_POINT ( 'NONE',  ( 27.20000000000000639, -5.000000000000000000, -2.500000000000002220 ) ) ;
#1539 = ORIENTED_EDGE ( 'NONE', *, *, #1836, .T. ) ;
#1540 = DIRECTION ( 'NONE',  ( 0.000000000000000000, 0.000000000000000000, -1.000000000000000000 ) ) ;
#1541 = DIRECTION ( 'NONE',  ( -0.000000000000000000, 0.000000000000000000, -1.000000000000000000 ) ) ;
#1542 = FACE_OUTER_BOUND ( 'NONE', #1768, .T. ) ;
#1543 = EDGE_CURVE ( 'NONE', #1268, #100, #1364, .T. ) ;
#1544 = ORIENTED_EDGE ( 'NONE', *, *, #593, .F. ) ;
#1545 = AXIS2_PLACEMENT_3D ( 'NONE', #286, #623, #998 ) ;
#1546 = DIRECTION ( 'NONE',  ( -0.000000000000000000, -0.000000000000000000, -1.000000000000000000 ) ) ;
#1547 = ORIENTED_EDGE ( 'NONE', *, *, #571, .F. ) ;
#1548 = EDGE_CURVE ( 'NONE', #1657, #2097, #1583, .T. ) ;
#1549 = DIRECTION ( 'NONE',  ( 0.000000000000000000, 0.000000000000000000, -1.000000000000000000 ) ) ;
#1550 = EDGE_LOOP ( 'NONE', ( #2054, #501 ) ) ;
#1551 = CARTESIAN_POINT ( 'NONE',  ( -27.00000000000006395, -37.00000000000000000, 15.26393202250021730 ) ) ;
#1552 = VECTOR ( 'NONE', #1760, 1000.000000000000000 ) ;
#1553 = EDGE_CURVE ( 'NONE', #1525, #2360, #1982, .T. ) ;
#1554 = DIRECTION ( 'NONE',  ( 0.000000000000000000, 0.000000000000000000, -1.000000000000000000 ) ) ;
#1555 = LINE ( 'NONE', #2341, #1192 ) ;
#1556 = ORIENTED_EDGE ( 'NONE', *, *, #1087, .T. ) ;
#1557 = AXIS2_PLACEMENT_3D ( 'NONE', #948, #1693, #761 ) ;
#1558 = DIRECTION ( 'NONE',  ( 0.000000000000000000, 0.000000000000000000, -1.000000000000000000 ) ) ;
#1559 = VECTOR ( 'NONE', #1047, 1000.000000000000000 ) ;
#1560 = AXIS2_PLACEMENT_3D ( 'NONE', #1045, #1790, #1602 ) ;
#1561 = EDGE_LOOP ( 'NONE', ( #1876, #1287 ) ) ;
#1562 = PLANE ( 'NONE',  #1213 ) ;
#1563 = ORIENTED_EDGE ( 'NONE', *, *, #935, .T. ) ;
#1564 = FACE_OUTER_BOUND ( 'NONE', #519, .T. ) ;
#1565 = DIRECTION ( 'NONE',  ( 1.000000000000000000, -0.000000000000000000, 6.938893903907228378E-16 ) ) ;
#1566 = CARTESIAN_POINT ( 'NONE',  ( -25.00000000000018829, 0.000000000000000000, 18.00000000000142109 ) ) ;
#1567 = VECTOR ( 'NONE', #44, 1000.000000000000000 ) ;
#1568 = ORIENTED_EDGE ( 'NONE', *, *, #562, .T. ) ;
#1569 = CARTESIAN_POINT ( 'NONE',  ( -26.00000000000006395, 3.000000000000000000, 37.50000000000000711 ) ) ;
#1570 = ORIENTED_EDGE ( 'NONE', *, *, #1452, .T. ) ;
#1571 = DIRECTION ( 'NONE',  ( 1.000000000000000000, 1.239088197126290817E-16, 0.000000000000000000 ) ) ;
#1572 = DIRECTION ( 'NONE',  ( 0.000000000000000000, 0.000000000000000000, 1.000000000000000000 ) ) ;
#1573 = CARTESIAN_POINT ( 'NONE',  ( 25.99999999999982236, -7.000000000000000000, 19.50000000000229505 ) ) ;
#1574 = DIRECTION ( 'NONE',  ( 6.938893903907228378E-16, 0.000000000000000000, 1.000000000000000000 ) ) ;
#1575 = EDGE_CURVE ( 'NONE', #354, #447, #1872, .T. ) ;
#1576 = EDGE_LOOP ( 'NONE', ( #284, #534 ) ) ;
#1577 = DIRECTION ( 'NONE',  ( 0.000000000000000000, 0.000000000000000000, -1.000000000000000000 ) ) ;
#1578 = VERTEX_POINT ( 'NONE', #1301 ) ;
#1579 = EDGE_CURVE ( 'NONE', #1863, #592, #2377, .T. ) ;
#1580 = LINE ( 'NONE', #101, #446 ) ;
#1581 = CYLINDRICAL_SURFACE ( 'NONE', #267, 2.999999999999999112 ) ;
#1582 = ADVANCED_FACE ( 'NONE', ( #907 ), #921, .T. ) ;
#1583 = LINE ( 'NONE', #2363, #1672 ) ;
#1584 = CARTESIAN_POINT ( 'NONE',  ( 2.200000000000000178, 0.000000000000000000, -2.500000000000002220 ) ) ;
#1585 = CARTESIAN_POINT ( 'NONE',  ( 0.9999999999999314992, 3.000000000000000000, 20.50000000000000355 ) ) ;
#1586 = ORIENTED_EDGE ( 'NONE', *, *, #103, .F. ) ;
#1587 = CYLINDRICAL_SURFACE ( 'NONE', #1824, 3.000000000000000888 ) ;
#1588 = ORIENTED_EDGE ( 'NONE', *, *, #171, .F. ) ;
#1589 = VECTOR ( 'NONE', #116, 1000.000000000000000 ) ;
#1590 = DIRECTION ( 'NONE',  ( 0.000000000000000000, 0.000000000000000000, -1.000000000000000000 ) ) ;
#1591 = DIRECTION ( 'NONE',  ( 0.000000000000000000, 0.000000000000000000, -1.000000000000000000 ) ) ;
#1592 = DIRECTION ( 'NONE',  ( 0.000000000000000000, -1.000000000000000000, 0.000000000000000000 ) ) ;
#1593 = CARTESIAN_POINT ( 'NONE',  ( 18.80000000000000426, -7.219000805152965050, -5.500000000000002665 ) ) ;
#1594 = LINE ( 'NONE', #278, #364 ) ;
#1595 = EDGE_CURVE ( 'NONE', #673, #933, #1667, .T. ) ;
#1596 = ORIENTED_EDGE ( 'NONE', *, *, #306, .F. ) ;
#1597 = DIRECTION ( 'NONE',  ( -1.239088197126291063E-16, -1.000000000000000000, 0.000000000000000000 ) ) ;
#1598 = ORIENTED_EDGE ( 'NONE', *, *, #149, .F. ) ;
#1599 = DIRECTION ( 'NONE',  ( -1.000000000000000000, -0.000000000000000000, -0.000000000000000000 ) ) ;
#1600 = ORIENTED_EDGE ( 'NONE', *, *, #2034, .T. ) ;
#1601 = EDGE_CURVE ( 'NONE', #1168, #1992, #43, .T. ) ;
#1602 = DIRECTION ( 'NONE',  ( -1.000000000000000000, 0.000000000000000000, 0.000000000000000000 ) ) ;
#1603 = DIRECTION ( 'NONE',  ( 1.000000000000000000, -1.445602896647338670E-16, 0.000000000000000000 ) ) ;
#1604 = DIRECTION ( 'NONE',  ( -1.000000000000000000, -0.000000000000000000, -0.000000000000000000 ) ) ;
#1605 = ADVANCED_FACE ( 'NONE', ( #1482, #2042 ), #2394, .F. ) ;
#1606 = CARTESIAN_POINT ( 'NONE',  ( 32.99999999999992895, 3.000000000000000000, 2.500000000000002220 ) ) ;
#1607 = ORIENTED_EDGE ( 'NONE', *, *, #1754, .F. ) ;
#1608 = EDGE_CURVE ( 'NONE', #1432, #1846, #343, .T. ) ;
#1609 = ORIENTED_EDGE ( 'NONE', *, *, #1143, .T. ) ;
#1610 = ORIENTED_EDGE ( 'NONE', *, *, #1529, .F. ) ;
#1611 = DIRECTION ( 'NONE',  ( -0.000000000000000000, -0.000000000000000000, -1.000000000000000000 ) ) ;
#1612 = ORIENTED_EDGE ( 'NONE', *, *, #2298, .T. ) ;
#1613 = EDGE_LOOP ( 'NONE', ( #1607, #341, #1312, #1556 ) ) ;
#1614 = AXIS2_PLACEMENT_3D ( 'NONE', #1343, #226, #15 ) ;
#1615 = DIRECTION ( 'NONE',  ( 0.000000000000000000, 0.000000000000000000, -1.000000000000000000 ) ) ;
#1616 = AXIS2_PLACEMENT_3D ( 'NONE', #476, #440, #485 ) ;
#1617 = DIRECTION ( 'NONE',  ( -1.000000000000000000, 0.000000000000000000, 0.000000000000000000 ) ) ;
#1618 = FACE_OUTER_BOUND ( 'NONE', #1820, .T. ) ;
#1619 = ADVANCED_FACE ( 'NONE', ( #699 ), #936, .F. ) ;
#1620 = VECTOR ( 'NONE', #2229, 1000.000000000000000 ) ;
#1621 = DIRECTION ( 'NONE',  ( -1.000000000000000000, 0.000000000000000000, 0.000000000000000000 ) ) ;
#1622 = VECTOR ( 'NONE', #1856, 1000.000000000000000 ) ;
#1623 = ORIENTED_EDGE ( 'NONE', *, *, #1887, .T. ) ;
#1624 = ADVANCED_FACE ( 'NONE', ( #548, #2212, #722, #537, #1289, #368 ), #1119, .T. ) ;
#1625 = VERTEX_POINT ( 'NONE', #1680 ) ;
#1626 = ORIENTED_EDGE ( 'NONE', *, *, #2230, .F. ) ;
#1627 = CARTESIAN_POINT ( 'NONE',  ( -20.75000000000000000, 24.00000000000000000, -2.500000000000002220 ) ) ;
#1628 = AXIS2_PLACEMENT_3D ( 'NONE', #36, #1358, #569 ) ;
#1629 = FACE_OUTER_BOUND ( 'NONE', #1682, .T. ) ;
#1630 = CARTESIAN_POINT ( 'NONE',  ( -30.00000000000006395, 1.500000000000000444, -2.500000000000002220 ) ) ;
#1631 = VECTOR ( 'NONE', #613, 1000.000000000000000 ) ;
#1632 = CIRCLE ( 'NONE', #2062, 1.500000000000001332 ) ;
#1633 = DIRECTION ( 'NONE',  ( 0.000000000000000000, -1.000000000000000000, 0.000000000000000000 ) ) ;
#1634 = AXIS2_PLACEMENT_3D ( 'NONE', #1881, #1165, #1156 ) ;
#1635 = EDGE_CURVE ( 'NONE', #1971, #1863, #357, .T. ) ;
#1636 = VERTEX_POINT ( 'NONE', #1067 ) ;
#1637 = AXIS2_PLACEMENT_3D ( 'NONE', #1763, #1571, #81 ) ;
#1638 = ORIENTED_EDGE ( 'NONE', *, *, #2230, .T. ) ;
#1639 = ORIENTED_EDGE ( 'NONE', *, *, #1257, .F. ) ;
#1640 = CARTESIAN_POINT ( 'NONE',  ( 24.74999999999999645, 22.00000000000000355, -2.500000000000002220 ) ) ;
#1641 = LINE ( 'NONE', #1892, #1835 ) ;
#1642 = CARTESIAN_POINT ( 'NONE',  ( 22.20000000000000284, -1.500000000000000000, -4.000000000000001776 ) ) ;
#1643 = ORIENTED_EDGE ( 'NONE', *, *, #2335, .F. ) ;
#1644 = CIRCLE ( 'NONE', #398, 1.500000000000001332 ) ;
#1645 = CARTESIAN_POINT ( 'NONE',  ( 22.20000000000000284, 0.000000000000000000, -4.000000000000001776 ) ) ;
#1646 = DIRECTION ( 'NONE',  ( 1.000000000000000000, 0.000000000000000000, 0.000000000000000000 ) ) ;
#1647 = EDGE_CURVE ( 'NONE', #385, #757, #1814, .T. ) ;
#1648 = ORIENTED_EDGE ( 'NONE', *, *, #857, .F. ) ;
#1649 = UNCERTAINTY_MEASURE_WITH_UNIT (LENGTH_MEASURE( 1.000000000000000082E-05 ), #1491, 'distance_accuracy_value', 'NONE');
#1650 = ADVANCED_FACE ( 'NONE', ( #1629 ), #1450, .T. ) ;
#1651 = LINE ( 'NONE', #1860, #139 ) ;
#1652 = ORIENTED_EDGE ( 'NONE', *, *, #487, .F. ) ;
#1653 = ORIENTED_EDGE ( 'NONE', *, *, #975, .T. ) ;
#1654 = APPROVAL_DATE_TIME ( #4, #1502 ) ;
#1655 = CARTESIAN_POINT ( 'NONE',  ( 13.19999999999999751, -10.99999999999999822, -5.500000000000002665 ) ) ;
#1656 = CARTESIAN_POINT ( 'NONE',  ( 25.99999999999982236, 3.000000000000000000, 21.00000000000316902 ) ) ;
#1657 = VERTEX_POINT ( 'NONE', #1263 ) ;
#1658 = ADVANCED_FACE ( 'NONE', ( #1105 ), #2005, .F. ) ;
#1659 = AXIS2_PLACEMENT_3D ( 'NONE', #987, #1205, #1917 ) ;
#1660 = CARTESIAN_POINT ( 'NONE',  ( 10.20000000000000107, -1.500000000000000000, -4.000000000000001776 ) ) ;
#1661 = CARTESIAN_POINT ( 'NONE',  ( -23.24999999999999645, 22.00000000000000355, 2.500000000000002220 ) ) ;
#1662 = ORIENTED_EDGE ( 'NONE', *, *, #1143, .F. ) ;
#1663 = VECTOR ( 'NONE', #1921, 1000.000000000000000 ) ;
#1664 = DIRECTION ( 'NONE',  ( 1.000000000000000000, 0.000000000000000000, 0.000000000000000000 ) ) ;
#1665 = ORIENTED_EDGE ( 'NONE', *, *, #1958, .T. ) ;
#1666 = VERTEX_POINT ( 'NONE', #896 ) ;
#1667 = LINE ( 'NONE', #524, #1017 ) ;
#1668 = DIRECTION ( 'NONE',  ( -1.000000000000000000, 0.000000000000000000, 6.938893903907226405E-16 ) ) ;
#1669 = ORIENTED_EDGE ( 'NONE', *, *, #54, .T. ) ;
#1670 = DIRECTION ( 'NONE',  ( -0.000000000000000000, -0.000000000000000000, -1.000000000000000000 ) ) ;
#1671 = LINE ( 'NONE', #962, #565 ) ;
#1672 = VECTOR ( 'NONE', #2328, 1000.000000000000000 ) ;
#1673 =( GEOMETRIC_REPRESENTATION_CONTEXT ( 3 ) GLOBAL_UNCERTAINTY_ASSIGNED_CONTEXT ( ( #1649 ) ) GLOBAL_UNIT_ASSIGNED_CONTEXT ( ( #1491, #176, #759 ) ) REPRESENTATION_CONTEXT ( 'NONE', 'WORKASPACE' ) );
#1674 = CARTESIAN_POINT ( 'NONE',  ( -30.00000000000006395, 0.000000000000000000, -2.500000000000002220 ) ) ;
#1675 = DIRECTION ( 'NONE',  ( 0.000000000000000000, 0.000000000000000000, -1.000000000000000000 ) ) ;
#1676 = LOCAL_TIME ( 12, 2, 42.00000000000000000, #1679 ) ;
#1677 = ORIENTED_EDGE ( 'NONE', *, *, #990, .F. ) ;
#1678 = ORIENTED_EDGE ( 'NONE', *, *, #1087, .F. ) ;
#1679 = COORDINATED_UNIVERSAL_TIME_OFFSET ( 8, 0, .AHEAD. ) ;
#1680 = CARTESIAN_POINT ( 'NONE',  ( -20.74999999999999645, 7.000000000000000000, -2.500000000000002220 ) ) ;
#1681 = LINE ( 'NONE', #6, #74 ) ;
#1682 = EDGE_LOOP ( 'NONE', ( #327, #1563, #2071, #834, #1283, #2035, #1042 ) ) ;
#1683 = EDGE_CURVE ( 'NONE', #441, #787, #1641, .T. ) ;
#1684 = LINE ( 'NONE', #1135, #567 ) ;
#1685 = DIRECTION ( 'NONE',  ( 0.000000000000000000, 1.000000000000000000, 0.000000000000000000 ) ) ;
#1686 = DIRECTION ( 'NONE',  ( 0.000000000000000000, 0.000000000000000000, -1.000000000000000000 ) ) ;
#1687 = EDGE_CURVE ( 'NONE', #1510, #1383, #2251, .T. ) ;
#1688 = FACE_OUTER_BOUND ( 'NONE', #318, .T. ) ;
#1689 = ORIENTED_EDGE ( 'NONE', *, *, #1873, .T. ) ;
#1690 = ORIENTED_EDGE ( 'NONE', *, *, #857, .T. ) ;
#1691 = COORDINATED_UNIVERSAL_TIME_OFFSET ( 8, 0, .AHEAD. ) ;
#1692 = CARTESIAN_POINT ( 'NONE',  ( 19.20000000000000639, -11.00000000000000000, 6.499999999999998224 ) ) ;
#1693 = DIRECTION ( 'NONE',  ( -1.000000000000000000, 0.000000000000000000, -0.000000000000000000 ) ) ;
#1694 = ORIENTED_EDGE ( 'NONE', *, *, #1359, .F. ) ;
#1695 = LINE ( 'NONE', #584, #109 ) ;
#1696 = DIRECTION ( 'NONE',  ( 0.000000000000000000, 0.000000000000000000, 1.000000000000000000 ) ) ;
#1697 = CIRCLE ( 'NONE', #445, 1.500000000000875744 ) ;
#1698 = DIRECTION ( 'NONE',  ( -1.000000000000000000, 0.000000000000000000, 0.000000000000000000 ) ) ;
#1699 = VECTOR ( 'NONE', #1031, 1000.000000000000000 ) ;
#1700 = VECTOR ( 'NONE', #232, 1000.000000000000000 ) ;
#1701 = CYLINDRICAL_SURFACE ( 'NONE', #107, 5.000000000000000888 ) ;
#1702 = ORIENTED_EDGE ( 'NONE', *, *, #994, .T. ) ;
#1703 = VERTEX_POINT ( 'NONE', #1923 ) ;
#1704 = APPROVAL_ROLE ( '' ) ;
#1705 = LINE ( 'NONE', #1523, #506 ) ;
#1706 = DIRECTION ( 'NONE',  ( 0.000000000000000000, 0.000000000000000000, 1.000000000000000000 ) ) ;
#1707 = EDGE_CURVE ( 'NONE', #2356, #592, #1342, .T. ) ;
#1708 = EDGE_LOOP ( 'NONE', ( #2289, #1913, #1990, #2197 ) ) ;
#1709 = DIRECTION ( 'NONE',  ( -1.000000000000000000, 0.000000000000000000, 0.000000000000000000 ) ) ;
#1710 = PLANE ( 'NONE',  #1739 ) ;
#1711 = DIRECTION ( 'NONE',  ( -1.239088197126290817E-16, 1.000000000000000000, 0.000000000000000000 ) ) ;
#1712 = CIRCLE ( 'NONE', #1514, 3.000000000000002665 ) ;
#1713 = CIRCLE ( 'NONE', #2139, 1.500000000000875744 ) ;
#1714 = ORIENTED_EDGE ( 'NONE', *, *, #1011, .T. ) ;
#1715 = EDGE_CURVE ( 'NONE', #366, #1534, #1144, .T. ) ;
#1716 = AXIS2_PLACEMENT_3D ( 'NONE', #1640, #1591, #1449 ) ;
#1717 = DIRECTION ( 'NONE',  ( -0.000000000000000000, -0.000000000000000000, -1.000000000000000000 ) ) ;
#1718 = VERTEX_POINT ( 'NONE', #68 ) ;
#1719 = ORIENTED_EDGE ( 'NONE', *, *, #1941, .F. ) ;
#1720 = EDGE_CURVE ( 'NONE', #526, #2053, #1914, .T. ) ;
#1721 = PLANE ( 'NONE',  #2342 ) ;
#1722 = DIRECTION ( 'NONE',  ( 0.000000000000000000, 0.000000000000000000, 1.000000000000000000 ) ) ;
#1723 = ORIENTED_EDGE ( 'NONE', *, *, #2263, .F. ) ;
#1724 = PLANE ( 'NONE',  #147 ) ;
#1725 = FACE_OUTER_BOUND ( 'NONE', #410, .T. ) ;
#1726 = AXIS2_PLACEMENT_3D ( 'NONE', #1091, #2236, #153 ) ;
#1727 = VERTEX_POINT ( 'NONE', #202 ) ;
#1728 = ADVANCED_FACE ( 'NONE', ( #2306, #2095 ), #1562, .T. ) ;
#1729 = CARTESIAN_POINT ( 'NONE',  ( 16.20000000000000639, -7.219000805152965050, 6.499999999999997335 ) ) ;
#1730 = ORIENTED_EDGE ( 'NONE', *, *, #523, .T. ) ;
#1731 = ADVANCED_FACE ( 'NONE', ( #619 ), #1721, .F. ) ;
#1732 = DIRECTION ( 'NONE',  ( -0.000000000000000000, 1.000000000000000000, -0.000000000000000000 ) ) ;
#1733 = ORIENTED_EDGE ( 'NONE', *, *, #544, .F. ) ;
#1734 = LINE ( 'NONE', #1191, #2141 ) ;
#1735 = CARTESIAN_POINT ( 'NONE',  ( -20.74999999999999645, 7.000000000000000000, 2.499999999999997780 ) ) ;
#1736 = DIRECTION ( 'NONE',  ( -6.938893903907228378E-16, 0.000000000000000000, -1.000000000000000000 ) ) ;
#1737 = ORIENTED_EDGE ( 'NONE', *, *, #968, .F. ) ;
#1738 = DIRECTION ( 'NONE',  ( 0.000000000000000000, 0.000000000000000000, -1.000000000000000000 ) ) ;
#1739 = AXIS2_PLACEMENT_3D ( 'NONE', #1512, #781, #1527 ) ;
#1740 = DIRECTION ( 'NONE',  ( -1.000000000000000000, 0.000000000000000000, 0.000000000000000000 ) ) ;
#1741 = AXIS2_PLACEMENT_3D ( 'NONE', #702, #1884, #2242 ) ;
#1742 = ORIENTED_EDGE ( 'NONE', *, *, #1401, .F. ) ;
#1743 = LINE ( 'NONE', #92, #1968 ) ;
#1744 = VECTOR ( 'NONE', #786, 1000.000000000000000 ) ;
#1745 = DIRECTION ( 'NONE',  ( -0.000000000000000000, -1.000000000000000000, -0.000000000000000000 ) ) ;
#1746 = DIRECTION ( 'NONE',  ( 0.000000000000000000, 1.000000000000000000, -0.000000000000000000 ) ) ;
#1747 = EDGE_LOOP ( 'NONE', ( #669, #1902 ) ) ;
#1748 = CARTESIAN_POINT ( 'NONE',  ( -17.75000000000000355, 24.00000000000000000, -2.500000000000002220 ) ) ;
#1749 = AXIS2_PLACEMENT_3D ( 'NONE', #1511, #806, #1709 ) ;
#1750 = VECTOR ( 'NONE', #1254, 1000.000000000000000 ) ;
#1751 = ORIENTED_EDGE ( 'NONE', *, *, #2238, .F. ) ;
#1752 = CARTESIAN_POINT ( 'NONE',  ( 0.9999999999999314992, -7.000000000000000000, 20.50000000000000355 ) ) ;
#1753 = CARTESIAN_POINT ( 'NONE',  ( -25.75000000000000000, 27.00000000000000000, 1.786765180256110992E-14 ) ) ;
#1754 = EDGE_CURVE ( 'NONE', #2116, #1703, #803, .T. ) ;
#1755 = DIRECTION ( 'NONE',  ( 0.000000000000000000, 0.000000000000000000, 1.000000000000000000 ) ) ;
#1756 = CARTESIAN_POINT ( 'NONE',  ( -29.00000000000006750, 3.000000000000000000, 17.50000000000000355 ) ) ;
#1757 = AXIS2_PLACEMENT_3D ( 'NONE', #112, #272, #837 ) ;
#1758 = ORIENTED_EDGE ( 'NONE', *, *, #2041, .T. ) ;
#1759 = ADVANCED_FACE ( 'NONE', ( #1178 ), #1508, .F. ) ;
#1760 = DIRECTION ( 'NONE',  ( -0.000000000000000000, -0.000000000000000000, -1.000000000000000000 ) ) ;
#1761 = EDGE_CURVE ( 'NONE', #1238, #1993, #1314, .T. ) ;
#1762 = AXIS2_PLACEMENT_3D ( 'NONE', #322, #525, #2375 ) ;
#1763 = CARTESIAN_POINT ( 'NONE',  ( -2.800000000000000266, -1.500000000000000000, -4.000000000000001776 ) ) ;
#1764 = CARTESIAN_POINT ( 'NONE',  ( -25.74999999999999645, 30.00000000000000000, 2.499999999999997780 ) ) ;
#1765 = CYLINDRICAL_SURFACE ( 'NONE', #2102, 3.000000000000002665 ) ;
#1766 = DIRECTION ( 'NONE',  ( 0.000000000000000000, 0.000000000000000000, 1.000000000000000000 ) ) ;
#1767 = CARTESIAN_POINT ( 'NONE',  ( 19.20000000000000639, -11.00000000000000000, -5.500000000000002665 ) ) ;
#1768 = EDGE_LOOP ( 'NONE', ( #499, #1102, #852, #1444 ) ) ;
#1769 = DIRECTION ( 'NONE',  ( 0.000000000000000000, 0.000000000000000000, -1.000000000000000000 ) ) ;
#1770 = AXIS2_PLACEMENT_3D ( 'NONE', #679, #1061, #1392 ) ;
#1771 = ORIENTED_EDGE ( 'NONE', *, *, #1647, .F. ) ;
#1772 = DIRECTION ( 'NONE',  ( -1.000000000000000000, 0.000000000000000000, 0.000000000000000000 ) ) ;
#1773 = CARTESIAN_POINT ( 'NONE',  ( -25.00000000000018829, 0.000000000000000000, 31.00000000000317257 ) ) ;
#1774 = ADVANCED_FACE ( 'NONE', ( #383 ), #1132, .F. ) ;
#1775 = CYLINDRICAL_SURFACE ( 'NONE', #2211, 1.500000000000872191 ) ;
#1776 = FACE_OUTER_BOUND ( 'NONE', #26, .T. ) ;
#1777 = CIRCLE ( 'NONE', #721, 2.600000000000000089 ) ;
#1778 = DIRECTION ( 'NONE',  ( 0.000000000000000000, 1.000000000000000000, 0.000000000000000000 ) ) ;
#1779 = ORIENTED_EDGE ( 'NONE', *, *, #1720, .F. ) ;
#1780 = LINE ( 'NONE', #853, #65 ) ;
#1781 = EDGE_CURVE ( 'NONE', #716, #124, #351, .T. ) ;
#1782 = CIRCLE ( 'NONE', #1362, 1.500000000000001332 ) ;
#1783 = ORIENTED_EDGE ( 'NONE', *, *, #1608, .F. ) ;
#1784 = VECTOR ( 'NONE', #2310, 1000.000000000000000 ) ;
#1785 = VECTOR ( 'NONE', #2327, 1000.000000000000000 ) ;
#1786 = PERSON ( 'æœª', 'æœª', 'æœª', ('æœª'), ('æœª'), ('æœª') ) ;
#1787 = FACE_OUTER_BOUND ( 'NONE', #758, .T. ) ;
#1788 = VERTEX_POINT ( 'NONE', #947 ) ;
#1789 = EDGE_CURVE ( 'NONE', #1788, #385, #663, .T. ) ;
#1790 = DIRECTION ( 'NONE',  ( 0.000000000000000000, 0.000000000000000000, -1.000000000000000000 ) ) ;
#1791 = DIRECTION ( 'NONE',  ( 0.000000000000000000, 1.000000000000000000, 0.000000000000000000 ) ) ;
#1792 = DIRECTION ( 'NONE',  ( -1.000000000000000000, -0.000000000000000000, -7.542275982507856530E-18 ) ) ;
#1793 = CARTESIAN_POINT ( 'NONE',  ( -26.25000000000000000, 22.00000000000000355, -2.500000000000002220 ) ) ;
#1794 = VERTEX_POINT ( 'NONE', #1328 ) ;
#1795 = ORIENTED_EDGE ( 'NONE', *, *, #1579, .T. ) ;
#1796 = CARTESIAN_POINT ( 'NONE',  ( -14.80000000000000071, -11.00000000000000178, -5.500000000000002665 ) ) ;
#1797 = EDGE_CURVE ( 'NONE', #329, #2360, #214, .T. ) ;
#1798 = ORIENTED_EDGE ( 'NONE', *, *, #634, .F. ) ;
#1799 = DIRECTION ( 'NONE',  ( -0.000000000000000000, -1.000000000000000000, -0.000000000000000000 ) ) ;
#1800 = EDGE_CURVE ( 'NONE', #1347, #187, #1705, .T. ) ;
#1801 = ORIENTED_EDGE ( 'NONE', *, *, #325, .F. ) ;
#1802 = ORIENTED_EDGE ( 'NONE', *, *, #2325, .F. ) ;
#1803 = DIRECTION ( 'NONE',  ( -0.000000000000000000, -1.000000000000000000, -0.000000000000000000 ) ) ;
#1804 = CARTESIAN_POINT ( 'NONE',  ( 17.75000000000000000, 24.00000000000000000, 2.500000000000002220 ) ) ;
#1805 = DIRECTION ( 'NONE',  ( 0.000000000000000000, 0.000000000000000000, -1.000000000000000000 ) ) ;
#1806 = DIRECTION ( 'NONE',  ( 0.000000000000000000, 0.000000000000000000, -1.000000000000000000 ) ) ;
#1807 = EDGE_LOOP ( 'NONE', ( #2307, #1648 ) ) ;
#1808 = ADVANCED_FACE ( 'NONE', ( #608 ), #1903, .F. ) ;
#1809 = ORIENTED_EDGE ( 'NONE', *, *, #21, .T. ) ;
#1810 = VERTEX_POINT ( 'NONE', #2282 ) ;
#1811 = AXIS2_PLACEMENT_3D ( 'NONE', #1841, #2213, #538 ) ;
#1812 = CARTESIAN_POINT ( 'NONE',  ( 25.99999999999982236, 0.000000000000000000, 19.50000000000229505 ) ) ;
#1813 = CIRCLE ( 'NONE', #2045, 3.000000000000002665 ) ;
#1814 = LINE ( 'NONE', #140, #158 ) ;
#1815 = CARTESIAN_POINT ( 'NONE',  ( -28.75000000000000000, 27.00000000000000000, -2.500000000000002220 ) ) ;
#1816 = CIRCLE ( 'NONE', #1934, 4.999999999999999112 ) ;
#1817 = DIRECTION ( 'NONE',  ( -1.000000000000000000, 0.000000000000000000, 0.000000000000000000 ) ) ;
#1818 = CIRCLE ( 'NONE', #808, 1.500000000000000000 ) ;
#1819 = EDGE_LOOP ( 'NONE', ( #132, #905, #1783, #1199, #588, #2001, #212, #144, #1099, #1586, #649, #1434, #1989, #488, #1689, #774, #1916, #39 ) ) ;
#1820 = EDGE_LOOP ( 'NONE', ( #2137, #1821, #179, #2202, #1933, #2248, #868 ) ) ;
#1821 = ORIENTED_EDGE ( 'NONE', *, *, #1687, .T. ) ;
#1822 = LINE ( 'NONE', #1078, #190 ) ;
#1823 = CIRCLE ( 'NONE', #654, 2.600000000000000089 ) ;
#1824 = AXIS2_PLACEMENT_3D ( 'NONE', #2334, #483, #659 ) ;
#1825 = CARTESIAN_POINT ( 'NONE',  ( -25.00000000000018829, -7.000000000000000000, 19.50000000000229505 ) ) ;
#1826 = CARTESIAN_POINT ( 'NONE',  ( 24.75000000000000000, 12.00000000000000178, 12.49999999999999645 ) ) ;
#1827 = CIRCLE ( 'NONE', #2369, 3.000000000000000000 ) ;
#1828 = ADVANCED_FACE ( 'NONE', ( #1787 ), #1007, .F. ) ;
#1829 = EDGE_CURVE ( 'NONE', #812, #1867, #890, .T. ) ;
#1830 = DIRECTION ( 'NONE',  ( -0.000000000000000000, 1.000000000000000000, -0.000000000000000000 ) ) ;
#1831 = ADVANCED_FACE ( 'NONE', ( #1226 ), #1056, .F. ) ;
#1832 = EDGE_LOOP ( 'NONE', ( #1465, #1714, #810, #1588 ) ) ;
#1833 = EDGE_CURVE ( 'NONE', #260, #1718, #1020, .T. ) ;
#1834 = DIRECTION ( 'NONE',  ( 0.000000000000000000, 0.000000000000000000, -1.000000000000000000 ) ) ;
#1835 = VECTOR ( 'NONE', #996, 1000.000000000000000 ) ;
#1836 = EDGE_CURVE ( 'NONE', #2378, #1788, #2337, .T. ) ;
#1837 = ORIENTED_EDGE ( 'NONE', *, *, #350, .T. ) ;
#1838 = VERTEX_POINT ( 'NONE', #1043 ) ;
#1839 = DIRECTION ( 'NONE',  ( 0.000000000000000000, 0.000000000000000000, 1.000000000000000000 ) ) ;
#1840 = CARTESIAN_POINT ( 'NONE',  ( 29.99999999999993250, 0.000000000000000000, 2.500000000000002220 ) ) ;
#1841 = CARTESIAN_POINT ( 'NONE',  ( 24.75000000000000000, 12.00000000000000178, -2.500000000000002220 ) ) ;
#1842 = ORIENTED_EDGE ( 'NONE', *, *, #1334, .T. ) ;
#1843 = CIRCLE ( 'NONE', #793, 1.500000000000001332 ) ;
#1844 = LINE ( 'NONE', #528, #2246 ) ;
#1845 = LINE ( 'NONE', #912, #374 ) ;
#1846 = VERTEX_POINT ( 'NONE', #1377 ) ;
#1847 = DIRECTION ( 'NONE',  ( -1.000000000000000000, 0.000000000000000000, 0.000000000000000000 ) ) ;
#1848 = VERTEX_POINT ( 'NONE', #856 ) ;
#1849 = ORIENTED_EDGE ( 'NONE', *, *, #1397, .F. ) ;
#1850 = DATE_AND_TIME ( #1522, #1014 ) ;
#1851 = DIRECTION ( 'NONE',  ( 0.000000000000000000, 0.000000000000000000, -1.000000000000000000 ) ) ;
#1852 = CARTESIAN_POINT ( 'NONE',  ( -17.75000000000000000, 24.00000000000000000, 1.231653667943533037E-14 ) ) ;
#1853 = ORIENTED_EDGE ( 'NONE', *, *, #1292, .F. ) ;
#1854 = CIRCLE ( 'NONE', #2288, 7.500000000000000000 ) ;
#1855 = EDGE_CURVE ( 'NONE', #1062, #637, #390, .T. ) ;
#1856 = DIRECTION ( 'NONE',  ( -0.000000000000000000, -0.000000000000000000, -1.000000000000000000 ) ) ;
#1857 = CARTESIAN_POINT ( 'NONE',  ( 20.74999999999999289, 7.000000000000000000, -2.500000000000002220 ) ) ;
#1858 = LINE ( 'NONE', #1335, #1285 ) ;
#1859 = CIRCLE ( 'NONE', #809, 1.500000000000001332 ) ;
#1860 = CARTESIAN_POINT ( 'NONE',  ( 29.99999999999993250, 0.000000000000000000, 37.50000000000000711 ) ) ;
#1861 = EDGE_CURVE ( 'NONE', #2336, #1578, #701, .T. ) ;
#1862 = ORIENTED_EDGE ( 'NONE', *, *, #1073, .T. ) ;
#1863 = VERTEX_POINT ( 'NONE', #1398 ) ;
#1864 = MANIFOLD_SOLID_BREP ( '\X2\52079664\X0\-\X2\62c94f38\X0\4', #2153 ) ;
#1865 = DIRECTION ( 'NONE',  ( 0.000000000000000000, -1.000000000000000000, 0.000000000000000000 ) ) ;
#1866 = DIRECTION ( 'NONE',  ( 0.000000000000000000, -1.000000000000000000, 0.000000000000000000 ) ) ;
#1867 = VERTEX_POINT ( 'NONE', #1936 ) ;
#1868 = EDGE_CURVE ( 'NONE', #365, #1164, #1580, .T. ) ;
#1869 = VECTOR ( 'NONE', #1353, 1000.000000000000000 ) ;
#1870 = DIRECTION ( 'NONE',  ( -0.000000000000000000, -1.000000000000000000, -0.000000000000000000 ) ) ;
#1871 = CARTESIAN_POINT ( 'NONE',  ( -19.80000000000000071, 0.000000000000000000, -2.500000000000002220 ) ) ;
#1872 = CIRCLE ( 'NONE', #817, 2.999999999999999112 ) ;
#1873 = EDGE_CURVE ( 'NONE', #1368, #792, #91, .T. ) ;
#1874 = DIRECTION ( 'NONE',  ( -0.000000000000000000, 1.000000000000000000, -0.000000000000000000 ) ) ;
#1875 = DIRECTION ( 'NONE',  ( -1.000000000000000000, 0.000000000000000000, 0.000000000000000000 ) ) ;
#1876 = ORIENTED_EDGE ( 'NONE', *, *, #839, .F. ) ;
#1877 = VERTEX_POINT ( 'NONE', #2316 ) ;
#1878 = APPROVAL_DATE_TIME ( #1850, #2036 ) ;
#1879 = VECTOR ( 'NONE', #1732, 1000.000000000000000 ) ;
#1880 = EDGE_CURVE ( 'NONE', #1474, #993, #2347, .T. ) ;
#1881 = CARTESIAN_POINT ( 'NONE',  ( -24.74999999999999645, 22.00000000000000355, 12.49999999999999645 ) ) ;
#1882 = CARTESIAN_POINT ( 'NONE',  ( 22.20000000000000284, 1.500000000000000444, -2.500000000000002220 ) ) ;
#1883 = ORIENTED_EDGE ( 'NONE', *, *, #678, .T. ) ;
#1884 = DIRECTION ( 'NONE',  ( 0.000000000000000000, 1.000000000000000000, 0.000000000000000000 ) ) ;
#1885 = LINE ( 'NONE', #206, #1700 ) ;
#1886 = CARTESIAN_POINT ( 'NONE',  ( 13.19999999999999751, -10.99999999999999822, 6.499999999999998224 ) ) ;
#1887 = EDGE_CURVE ( 'NONE', #933, #170, #1388, .T. ) ;
#1888 = CARTESIAN_POINT ( 'NONE',  ( -30.00000000000006395, 7.000000000000000000, 2.500000000000002220 ) ) ;
#1889 = ORIENTED_EDGE ( 'NONE', *, *, #2365, .T. ) ;
#1890 = ORIENTED_EDGE ( 'NONE', *, *, #1868, .T. ) ;
#1891 = DIRECTION ( 'NONE',  ( 0.000000000000000000, 1.000000000000000000, 0.000000000000000000 ) ) ;
#1892 = CARTESIAN_POINT ( 'NONE',  ( -14.80000000000000071, 0.000000000000000000, 6.499999999999997335 ) ) ;
#1893 = CARTESIAN_POINT ( 'NONE',  ( 25.99999999999980815, 0.000000000000000000, 28.00000000000142819 ) ) ;
#1894 = EDGE_LOOP ( 'NONE', ( #2371, #816, #240, #324 ) ) ;
#1895 = CARTESIAN_POINT ( 'NONE',  ( -24.74999999999999645, 22.00000000000000355, -2.500000000000002220 ) ) ;
#1896 = DIRECTION ( 'NONE',  ( 0.000000000000000000, 1.000000000000000000, 0.000000000000000000 ) ) ;
#1897 = EDGE_CURVE ( 'NONE', #124, #716, #407, .T. ) ;
#1898 = DIRECTION ( 'NONE',  ( 1.000000000000000000, -1.445602896647338670E-16, 0.000000000000000000 ) ) ;
#1899 = EDGE_LOOP ( 'NONE', ( #1643, #1494 ) ) ;
#1900 = LINE ( 'NONE', #64, #1552 ) ;
#1901 = ORIENTED_EDGE ( 'NONE', *, *, #1181, .T. ) ;
#1902 = ORIENTED_EDGE ( 'NONE', *, *, #2408, .F. ) ;
#1903 = CYLINDRICAL_SURFACE ( 'NONE', #583, 4.999999999999999112 ) ;
#1904 = DIRECTION ( 'NONE',  ( 1.000000000000000000, 0.000000000000000000, 0.000000000000000000 ) ) ;
#1905 = ORIENTED_EDGE ( 'NONE', *, *, #737, .T. ) ;
#1906 = DIRECTION ( 'NONE',  ( -0.000000000000000000, 1.000000000000000000, -0.000000000000000000 ) ) ;
#1907 = FACE_OUTER_BOUND ( 'NONE', #437, .T. ) ;
#1908 = EDGE_CURVE ( 'NONE', #1238, #1727, #465, .T. ) ;
#1909 = AXIS2_PLACEMENT_3D ( 'NONE', #1081, #2020, #540 ) ;
#1910 = ADVANCED_FACE ( 'NONE', ( #1214 ), #661, .F. ) ;
#1911 = ORIENTED_EDGE ( 'NONE', *, *, #1529, .T. ) ;
#1912 = FACE_OUTER_BOUND ( 'NONE', #628, .T. ) ;
#1913 = ORIENTED_EDGE ( 'NONE', *, *, #1707, .T. ) ;
#1914 = LINE ( 'NONE', #815, #1333 ) ;
#1915 = DIRECTION ( 'NONE',  ( 0.000000000000000000, -0.000000000000000000, -1.000000000000000000 ) ) ;
#1916 = ORIENTED_EDGE ( 'NONE', *, *, #1349, .T. ) ;
#1917 = DIRECTION ( 'NONE',  ( 1.000000000000000000, 0.000000000000000000, 0.000000000000000000 ) ) ;
#1918 = CARTESIAN_POINT ( 'NONE',  ( 10.20000000000000107, -1.263869961068816964E-15, 6.499999999999997335 ) ) ;
#1919 = CARTESIAN_POINT ( 'NONE',  ( 20.75000000000000000, 24.00000000000000000, -2.500000000000002220 ) ) ;
#1920 = VERTEX_POINT ( 'NONE', #1237 ) ;
#1921 = DIRECTION ( 'NONE',  ( -0.000000000000000000, -1.000000000000000000, -0.000000000000000000 ) ) ;
#1922 = ORIENTED_EDGE ( 'NONE', *, *, #883, .T. ) ;
#1923 = CARTESIAN_POINT ( 'NONE',  ( 0.9999999999999323874, 3.000000000000000000, 13.00000000000000533 ) ) ;
#1924 = EDGE_LOOP ( 'NONE', ( #397, #1179, #858, #1702, #906, #864, #1018 ) ) ;
#1925 = DIRECTION ( 'NONE',  ( -1.000000000000000000, 0.000000000000000000, 0.000000000000000000 ) ) ;
#1926 = CARTESIAN_POINT ( 'NONE',  ( 24.74999999999999645, 22.00000000000000355, 2.500000000000002220 ) ) ;
#1927 = CARTESIAN_POINT ( 'NONE',  ( -30.00000000000006395, 7.000000000000000000, 2.500000000000002220 ) ) ;
#1928 = ORIENTED_EDGE ( 'NONE', *, *, #824, .T. ) ;
#1929 = AXIS2_PLACEMENT_3D ( 'NONE', #1538, #1722, #1904 ) ;
#1930 = CIRCLE ( 'NONE', #1387, 1.500000000000872191 ) ;
#1931 = CARTESIAN_POINT ( 'NONE',  ( -26.00000000000006395, 0.000000000000000000, 34.50000000000000000 ) ) ;
#1932 = EDGE_CURVE ( 'NONE', #2294, #1625, #1983, .T. ) ;
#1933 = ORIENTED_EDGE ( 'NONE', *, *, #826, .T. ) ;
#1934 = AXIS2_PLACEMENT_3D ( 'NONE', #614, #1486, #552 ) ;
#1935 = APPROVAL_DATE_TIME ( #828, #527 ) ;
#1936 = CARTESIAN_POINT ( 'NONE',  ( -25.75000000000000355, 30.00000000000000000, -2.500000000000002220 ) ) ;
#1937 = VECTOR ( 'NONE', #348, 1000.000000000000000 ) ;
#1938 = CYLINDRICAL_SURFACE ( 'NONE', #1659, 5.000000000000000888 ) ;
#1939 = CARTESIAN_POINT ( 'NONE',  ( -30.00000000000006395, 7.000000000000000000, 2.500000000000002220 ) ) ;
#1940 = LINE ( 'NONE', #1963, #22 ) ;
#1941 = EDGE_CURVE ( 'NONE', #591, #1578, #123, .T. ) ;
#1942 = ORIENTED_EDGE ( 'NONE', *, *, #2238, .T. ) ;
#1943 = CIRCLE ( 'NONE', #145, 2.600000000000000089 ) ;
#1944 = CARTESIAN_POINT ( 'NONE',  ( -2.023844055306273497E-15, -13.99999999999999645, -5.500000000000002665 ) ) ;
#1945 = VECTOR ( 'NONE', #1370, 1000.000000000000000 ) ;
#1946 = VECTOR ( 'NONE', #664, 1000.000000000000000 ) ;
#1947 = EDGE_LOOP ( 'NONE', ( #1751, #545, #1505, #1298 ) ) ;
#1948 = DIRECTION ( 'NONE',  ( -0.000000000000000000, -0.000000000000000000, -1.000000000000000000 ) ) ;
#1949 = DIRECTION ( 'NONE',  ( -0.000000000000000000, -0.000000000000000000, -1.000000000000000000 ) ) ;
#1950 = APPROVAL_PERSON_ORGANIZATION ( #746, #2036, #775 ) ;
#1951 = DIRECTION ( 'NONE',  ( -0.000000000000000000, -0.000000000000000000, 1.000000000000000000 ) ) ;
#1952 = DIRECTION ( 'NONE',  ( -1.000000000000000000, 0.000000000000000000, 0.000000000000000000 ) ) ;
#1953 = AXIS2_PLACEMENT_3D ( 'NONE', #790, #2069, #395 ) ;
#1954 = FACE_BOUND ( 'NONE', #1747, .T. ) ;
#1955 = ORIENTED_EDGE ( 'NONE', *, *, #1977, .T. ) ;
#1956 = DIRECTION ( 'NONE',  ( 0.000000000000000000, 0.000000000000000000, -1.000000000000000000 ) ) ;
#1957 = ORIENTED_EDGE ( 'NONE', *, *, #2385, .T. ) ;
#1958 = EDGE_CURVE ( 'NONE', #2405, #1636, #2164, .T. ) ;
#1959 = AXIS2_PLACEMENT_3D ( 'NONE', #1642, #1441, #300 ) ;
#1960 = CARTESIAN_POINT ( 'NONE',  ( -24.75000000000000000, 12.00000000000000178, 12.49999999999999645 ) ) ;
#1961 = LINE ( 'NONE', #47, #2019 ) ;
#1962 = DIRECTION ( 'NONE',  ( 1.000000000000000000, 0.000000000000000000, 0.000000000000000000 ) ) ;
#1963 = CARTESIAN_POINT ( 'NONE',  ( 0.000000000000000000, -1.500000000000000000, -5.500000000000002665 ) ) ;
#1964 = EDGE_CURVE ( 'NONE', #509, #550, #607, .T. ) ;
#1965 = DIRECTION ( 'NONE',  ( 0.000000000000000000, 0.000000000000000000, -1.000000000000000000 ) ) ;
#1966 = ORIENTED_EDGE ( 'NONE', *, *, #1149, .F. ) ;
#1967 = LINE ( 'NONE', #1041, #1515 ) ;
#1968 = VECTOR ( 'NONE', #1572, 1000.000000000000000 ) ;
#1969 = VERTEX_POINT ( 'NONE', #2178 ) ;
#1970 = CARTESIAN_POINT ( 'NONE',  ( 19.20000000000000639, -14.00000000000000000, -5.500000000000002665 ) ) ;
#1971 = VERTEX_POINT ( 'NONE', #500 ) ;
#1972 = DIRECTION ( 'NONE',  ( -6.938893903907228378E-16, 0.000000000000000000, 1.000000000000000000 ) ) ;
#1973 = CARTESIAN_POINT ( 'NONE',  ( -2.799999999999998934, -11.00000000000000000, 6.499999999999997335 ) ) ;
#1974 = CARTESIAN_POINT ( 'NONE',  ( 22.19999999999999929, 7.000000000000000000, -2.500000000000002220 ) ) ;
#1975 = CIRCLE ( 'NONE', #295, 5.000000000000000888 ) ;
#1976 = DIRECTION ( 'NONE',  ( -0.000000000000000000, -0.000000000000000000, -1.000000000000000000 ) ) ;
#1977 = EDGE_CURVE ( 'NONE', #2315, #2116, #1854, .T. ) ;
#1978 = ORIENTED_EDGE ( 'NONE', *, *, #1897, .F. ) ;
#1979 = EDGE_CURVE ( 'NONE', #385, #1347, #118, .T. ) ;
#1980 = DIRECTION ( 'NONE',  ( -1.000000000000000000, -0.000000000000000000, -0.000000000000000000 ) ) ;
#1981 = ORIENTED_EDGE ( 'NONE', *, *, #1497, .F. ) ;
#1982 = CIRCLE ( 'NONE', #929, 2.999999999999999112 ) ;
#1983 = LINE ( 'NONE', #308, #558 ) ;
#1984 = EDGE_LOOP ( 'NONE', ( #991, #1981, #1506, #1853 ) ) ;
#1985 = LINE ( 'NONE', #114, #1402 ) ;
#1986 = LINE ( 'NONE', #2158, #621 ) ;
#1987 = CARTESIAN_POINT ( 'NONE',  ( 22.20000000000000284, -5.000000000000000000, 6.499999999999997335 ) ) ;
#1988 = CARTESIAN_POINT ( 'NONE',  ( 25.99999999999980815, 3.000000000000000000, 29.50000000000229861 ) ) ;
#1989 = ORIENTED_EDGE ( 'NONE', *, *, #675, .T. ) ;
#1990 = ORIENTED_EDGE ( 'NONE', *, *, #2136, .T. ) ;
#1991 = ORIENTED_EDGE ( 'NONE', *, *, #2081, .F. ) ;
#1992 = VERTEX_POINT ( 'NONE', #668 ) ;
#1993 = VERTEX_POINT ( 'NONE', #315 ) ;
#1994 = CARTESIAN_POINT ( 'NONE',  ( 32.99999999999992895, 27.00000000000000000, 2.500000000000002220 ) ) ;
#1995 = DIRECTION ( 'NONE',  ( 0.000000000000000000, 0.000000000000000000, -1.000000000000000000 ) ) ;
#1996 = CARTESIAN_POINT ( 'NONE',  ( 24.75000000000000000, 12.00000000000000178, -2.500000000000002220 ) ) ;
#1997 = CARTESIAN_POINT ( 'NONE',  ( 17.75000000000000355, 24.00000000000000000, -2.500000000000002220 ) ) ;
#1998 = ORIENTED_EDGE ( 'NONE', *, *, #544, .T. ) ;
#1999 = EDGE_CURVE ( 'NONE', #414, #293, #1930, .T. ) ;
#2000 = ORIENTED_EDGE ( 'NONE', *, *, #1422, .F. ) ;
#2001 = ORIENTED_EDGE ( 'NONE', *, *, #126, .T. ) ;
#2002 = VECTOR ( 'NONE', #514, 1000.000000000000000 ) ;
#2003 = LINE ( 'NONE', #1459, #2259 ) ;
#2004 = VECTOR ( 'NONE', #2143, 1000.000000000000000 ) ;
#2005 = CYLINDRICAL_SURFACE ( 'NONE', #2024, 1.500000000000875744 ) ;
#2006 = LINE ( 'NONE', #1264, #472 ) ;
#2007 = FACE_OUTER_BOUND ( 'NONE', #2388, .T. ) ;
#2008 = ADVANCED_FACE ( 'NONE', ( #143, #1954, #1418, #2161, #470, #1071 ), #2343, .F. ) ;
#2009 = ORIENTED_EDGE ( 'NONE', *, *, #2034, .F. ) ;
#2010 = DIRECTION ( 'NONE',  ( 0.000000000000000000, 0.000000000000000000, 1.000000000000000000 ) ) ;
#2011 = ORIENTED_EDGE ( 'NONE', *, *, #2318, .F. ) ;
#2012 = ORIENTED_EDGE ( 'NONE', *, *, #2120, .T. ) ;
#2013 = CARTESIAN_POINT ( 'NONE',  ( 25.99999999999982236, -7.000000000000000000, 19.50000000000229505 ) ) ;
#2014 = AXIS2_PLACEMENT_3D ( 'NONE', #1306, #375, #1150 ) ;
#2015 = CIRCLE ( 'NONE', #1400, 2.999999999999999112 ) ;
#2016 = CARTESIAN_POINT ( 'NONE',  ( 0.000000000000000000, 0.000000000000000000, 6.499999999999997335 ) ) ;
#2017 = DIRECTION ( 'NONE',  ( -1.000000000000000000, 0.000000000000000000, 0.000000000000000000 ) ) ;
#2018 = VERTEX_POINT ( 'NONE', #1606 ) ;
#2019 = VECTOR ( 'NONE', #83, 1000.000000000000000 ) ;
#2020 = DIRECTION ( 'NONE',  ( 0.000000000000000000, 0.000000000000000000, -1.000000000000000000 ) ) ;
#2021 = CARTESIAN_POINT ( 'NONE',  ( -20.74999999999999645, 24.00000000000000000, 2.499999999999997780 ) ) ;
#2022 = EDGE_LOOP ( 'NONE', ( #1771, #2085, #2379, #1905, #1260, #2331, #981 ) ) ;
#2023 = DIRECTION ( 'NONE',  ( 0.000000000000000000, 0.000000000000000000, 1.000000000000000000 ) ) ;
#2024 = AXIS2_PLACEMENT_3D ( 'NONE', #1825, #331, #1079 ) ;
#2025 = EDGE_CURVE ( 'NONE', #591, #1838, #2355, .T. ) ;
#2026 = ORIENTED_EDGE ( 'NONE', *, *, #845, .T. ) ;
#2027 = EDGE_LOOP ( 'NONE', ( #724, #1296, #697, #1121 ) ) ;
#2028 = PERSON_AND_ORGANIZATION_ROLE ( 'classification_officer' ) ;
#2029 = CARTESIAN_POINT ( 'NONE',  ( 0.000000000000000000, 0.000000000000000000, 0.000000000000000000 ) ) ;
#2030 = FACE_OUTER_BOUND ( 'NONE', #2022, .T. ) ;
#2031 = EDGE_LOOP ( 'NONE', ( #1107, #2205 ) ) ;
#2032 = FACE_BOUND ( 'NONE', #1130, .T. ) ;
#2033 = DIRECTION ( 'NONE',  ( 0.000000000000000000, 1.000000000000000000, 0.000000000000000000 ) ) ;
#2034 = EDGE_CURVE ( 'NONE', #2294, #319, #1594, .T. ) ;
#2035 = ORIENTED_EDGE ( 'NONE', *, *, #1149, .T. ) ;
#2036 = APPROVAL ( #2210, 'æœª' ) ;
#2037 = CYLINDRICAL_SURFACE ( 'NONE', #2131, 1.500000000000875744 ) ;
#2038 = ORIENTED_EDGE ( 'NONE', *, *, #1781, .F. ) ;
#2039 = ORIENTED_EDGE ( 'NONE', *, *, #1397, .T. ) ;
#2040 = PERSON_AND_ORGANIZATION_ROLE ( 'design_supplier' ) ;
#2041 = EDGE_CURVE ( 'NONE', #1478, #879, #874, .T. ) ;
#2042 = FACE_OUTER_BOUND ( 'NONE', #309, .T. ) ;
#2043 = DIRECTION ( 'NONE',  ( 0.000000000000000000, 0.000000000000000000, -1.000000000000000000 ) ) ;
#2044 = VERTEX_POINT ( 'NONE', #481 ) ;
#2045 = AXIS2_PLACEMENT_3D ( 'NONE', #1026, #1443, #1806 ) ;
#2046 = CARTESIAN_POINT ( 'NONE',  ( -6.200000000000005507, -7.219000805152965050, -5.500000000000002665 ) ) ;
#2047 = DIRECTION ( 'NONE',  ( 0.000000000000000000, -1.000000000000000000, 0.000000000000000000 ) ) ;
#2048 = CIRCLE ( 'NONE', #2244, 1.500000000000001332 ) ;
#2049 = CYLINDRICAL_SURFACE ( 'NONE', #336, 1.500000000000872191 ) ;
#2050 = AXIS2_PLACEMENT_3D ( 'NONE', #194, #8, #750 ) ;
#2051 = EDGE_CURVE ( 'NONE', #1088, #244, #693, .T. ) ;
#2052 = DIRECTION ( 'NONE',  ( -1.000000000000000000, 0.000000000000000000, 0.000000000000000000 ) ) ;
#2053 = VERTEX_POINT ( 'NONE', #289 ) ;
#2054 = ORIENTED_EDGE ( 'NONE', *, *, #2390, .F. ) ;
#2055 = CALENDAR_DATE ( 2026, 8, 5 ) ;
#2056 = CARTESIAN_POINT ( 'NONE',  ( -30.00000000000006395, 7.000000000000000000, -2.500000000000002220 ) ) ;
#2057 = DIRECTION ( 'NONE',  ( 0.000000000000000000, 1.000000000000000000, 0.000000000000000000 ) ) ;
#2058 = VERTEX_POINT ( 'NONE', #645 ) ;
#2059 = LINE ( 'NONE', #155, #75 ) ;
#2060 = CARTESIAN_POINT ( 'NONE',  ( -25.00000000000018829, 3.000000000000000000, 29.50000000000229861 ) ) ;
#2061 = VECTOR ( 'NONE', #1906, 1000.000000000000000 ) ;
#2062 = AXIS2_PLACEMENT_3D ( 'NONE', #241, #1180, #1925 ) ;
#2063 = EDGE_CURVE ( 'NONE', #244, #170, #1813, .T. ) ;
#2064 = DIRECTION ( 'NONE',  ( -0.000000000000000000, 1.000000000000000000, -0.000000000000000000 ) ) ;
#2065 = CARTESIAN_POINT ( 'NONE',  ( 27.20000000000000639, -5.000000000000000000, -5.500000000000002665 ) ) ;
#2066 = VERTEX_POINT ( 'NONE', #1036 ) ;
#2067 = ORIENTED_EDGE ( 'NONE', *, *, #1999, .T. ) ;
#2068 = ADVANCED_FACE ( 'NONE', ( #2173 ), #1221, .F. ) ;
#2069 = DIRECTION ( 'NONE',  ( 0.000000000000000000, 0.000000000000000000, -1.000000000000000000 ) ) ;
#2070 = CARTESIAN_POINT ( 'NONE',  ( 10.20000000000000107, -5.000000000000000888, -2.500000000000002220 ) ) ;
#2071 = ORIENTED_EDGE ( 'NONE', *, *, #1683, .T. ) ;
#2072 = CARTESIAN_POINT ( 'NONE',  ( 0.9999999999999314992, -7.000000000000000000, 28.00000000000000355 ) ) ;
#2073 = DIRECTION ( 'NONE',  ( -0.000000000000000000, -0.000000000000000000, -1.000000000000000000 ) ) ;
#2074 = VECTOR ( 'NONE', #73, 1000.000000000000000 ) ;
#2075 = CARTESIAN_POINT ( 'NONE',  ( -8.800000000000006040, -7.219000805152965050, 6.499999999999997335 ) ) ;
#2076 = ORIENTED_EDGE ( 'NONE', *, *, #600, .F. ) ;
#2077 = CARTESIAN_POINT ( 'NONE',  ( 25.99999999999980815, -7.000000000000000000, 31.00000000000317257 ) ) ;
#2078 = ORIENTED_EDGE ( 'NONE', *, *, #103, .T. ) ;
#2079 = ORIENTED_EDGE ( 'NONE', *, *, #1797, .T. ) ;
#2080 = CARTESIAN_POINT ( 'NONE',  ( 0.000000000000000000, 0.000000000000000000, 0.000000000000000000 ) ) ;
#2081 = EDGE_CURVE ( 'NONE', #1703, #706, #802, .T. ) ;
#2082 = DIRECTION ( 'NONE',  ( -0.000000000000000000, -0.000000000000000000, -1.000000000000000000 ) ) ;
#2083 = LINE ( 'NONE', #1157, #1386 ) ;
#2084 = EDGE_CURVE ( 'NONE', #879, #1478, #995, .T. ) ;
#2085 = ORIENTED_EDGE ( 'NONE', *, *, #1979, .T. ) ;
#2086 = EDGE_CURVE ( 'NONE', #535, #87, #756, .T. ) ;
#2087 = LINE ( 'NONE', #19, #1945 ) ;
#2088 = CARTESIAN_POINT ( 'NONE',  ( -25.00000000000018829, 0.000000000000000000, 29.50000000000229861 ) ) ;
#2089 = AXIS2_PLACEMENT_3D ( 'NONE', #1407, #1245, #106 ) ;
#2090 = ORIENTED_EDGE ( 'NONE', *, *, #1220, .T. ) ;
#2091 = ADVANCED_FACE ( 'NONE', ( #1210 ), #2352, .T. ) ;
#2092 = DIRECTION ( 'NONE',  ( -0.000000000000000000, -0.000000000000000000, 1.000000000000000000 ) ) ;
#2093 = VECTOR ( 'NONE', #636, 1000.000000000000000 ) ;
#2094 = ORIENTED_EDGE ( 'NONE', *, *, #1100, .T. ) ;
#2095 = FACE_OUTER_BOUND ( 'NONE', #439, .T. ) ;
#2096 = CARTESIAN_POINT ( 'NONE',  ( 0.000000000000000000, 7.000000000000000000, 0.000000000000000000 ) ) ;
#2097 = VERTEX_POINT ( 'NONE', #1793 ) ;
#2098 = DIRECTION ( 'NONE',  ( -0.000000000000000000, -0.000000000000000000, -1.000000000000000000 ) ) ;
#2099 = CARTESIAN_POINT ( 'NONE',  ( -2.799999999999999822, -5.000000000000000888, 6.499999999999997335 ) ) ;
#2100 = CARTESIAN_POINT ( 'NONE',  ( 28.74999999999999645, 27.00000000000000000, 2.499999999999997780 ) ) ;
#2101 = CIRCLE ( 'NONE', #927, 1.500000000000001332 ) ;
#2102 = AXIS2_PLACEMENT_3D ( 'NONE', #1059, #93, #840 ) ;
#2103 = VECTOR ( 'NONE', #698, 1000.000000000000000 ) ;
#2104 = ORIENTED_EDGE ( 'NONE', *, *, #2215, .T. ) ;
#2105 = DIRECTION ( 'NONE',  ( -1.000000000000000000, 0.000000000000000000, 0.000000000000000000 ) ) ;
#2106 = ORIENTED_EDGE ( 'NONE', *, *, #752, .F. ) ;
#2107 = CARTESIAN_POINT ( 'NONE',  ( 10.20000000000000462, 6.999999999999994671, -2.500000000000002220 ) ) ;
#2108 = EDGE_CURVE ( 'NONE', #1410, #56, #2125, .T. ) ;
#2109 = EDGE_LOOP ( 'NONE', ( #801, #2266, #1057, #256 ) ) ;
#2110 = DIRECTION ( 'NONE',  ( -1.000000000000000000, 0.000000000000000000, 0.000000000000000000 ) ) ;
#2111 = LINE ( 'NONE', #1918, #1008 ) ;
#2112 = LINE ( 'NONE', #1974, #163 ) ;
#2113 = ORIENTED_EDGE ( 'NONE', *, *, #839, .T. ) ;
#2114 = ADVANCED_FACE ( 'NONE', ( #851 ), #838, .F. ) ;
#2115 = CARTESIAN_POINT ( 'NONE',  ( 2.023844055306274681E-15, -13.99999999999999822, 6.499999999999997335 ) ) ;
#2116 = VERTEX_POINT ( 'NONE', #830 ) ;
#2117 = CARTESIAN_POINT ( 'NONE',  ( 24.75000000000000000, 12.00000000000000178, 2.500000000000002220 ) ) ;
#2118 = ORIENTED_EDGE ( 'NONE', *, *, #1789, .F. ) ;
#2119 = CARTESIAN_POINT ( 'NONE',  ( -30.00000000000006395, 7.000000000000000000, 2.500000000000002220 ) ) ;
#2120 = EDGE_CURVE ( 'NONE', #511, #1233, #60, .T. ) ;
#2121 = CARTESIAN_POINT ( 'NONE',  ( -2.799999999999998934, -11.00000000000000000, -5.500000000000002665 ) ) ;
#2122 = DIRECTION ( 'NONE',  ( 0.000000000000000000, 0.000000000000000000, -1.000000000000000000 ) ) ;
#2123 = ORIENTED_EDGE ( 'NONE', *, *, #2051, .F. ) ;
#2124 = CIRCLE ( 'NONE', #1614, 1.500000000000872191 ) ;
#2125 = CIRCLE ( 'NONE', #2089, 5.000000000000000000 ) ;
#2126 = CYLINDRICAL_SURFACE ( 'NONE', #1431, 2.600000000000000089 ) ;
#2127 = ORIENTED_EDGE ( 'NONE', *, *, #788, .T. ) ;
#2128 = ADVANCED_FACE ( 'NONE', ( #57 ), #1938, .F. ) ;
#2129 = CIRCLE ( 'NONE', #1075, 3.000000000000000000 ) ;
#2130 = DIRECTION ( 'NONE',  ( -1.000000000000000000, 0.000000000000000000, 0.000000000000000000 ) ) ;
#2131 = AXIS2_PLACEMENT_3D ( 'NONE', #1113, #210, #1 ) ;
#2132 = DIRECTION ( 'NONE',  ( -0.000000000000000000, 1.000000000000000000, -0.000000000000000000 ) ) ;
#2133 = CYLINDRICAL_SURFACE ( 'NONE', #730, 2.999999999999999112 ) ;
#2134 = DIRECTION ( 'NONE',  ( 0.000000000000000000, 0.000000000000000000, -1.000000000000000000 ) ) ;
#2135 = DIRECTION ( 'NONE',  ( 0.000000000000000000, 0.000000000000000000, 1.000000000000000000 ) ) ;
#2136 = EDGE_CURVE ( 'NONE', #592, #1863, #2391, .T. ) ;
#2137 = ORIENTED_EDGE ( 'NONE', *, *, #2290, .T. ) ;
#2138 = AXIS2_PLACEMENT_3D ( 'NONE', #928, #220, #1530 ) ;
#2139 = AXIS2_PLACEMENT_3D ( 'NONE', #1212, #2033, #1109 ) ;
#2140 = CARTESIAN_POINT ( 'NONE',  ( 0.000000000000000000, 0.000000000000000000, -5.500000000000002665 ) ) ;
#2141 = VECTOR ( 'NONE', #2098, 1000.000000000000000 ) ;
#2142 = ORIENTED_EDGE ( 'NONE', *, *, #968, .T. ) ;
#2143 = DIRECTION ( 'NONE',  ( 0.000000000000000000, 0.000000000000000000, 1.000000000000000000 ) ) ;
#2144 = EDGE_CURVE ( 'NONE', #2044, #2405, #1743, .T. ) ;
#2145 = CARTESIAN_POINT ( 'NONE',  ( 24.74999999999999645, 22.00000000000000355, 12.49999999999999645 ) ) ;
#2146 = DIRECTION ( 'NONE',  ( 0.000000000000000000, -1.000000000000000000, 0.000000000000000000 ) ) ;
#2147 = DIRECTION ( 'NONE',  ( -1.000000000000000000, 0.000000000000000000, 0.000000000000000000 ) ) ;
#2148 = EDGE_CURVE ( 'NONE', #1666, #303, #70, .T. ) ;
#2149 = AXIS2_PLACEMENT_3D ( 'NONE', #1655, #1995, #1274 ) ;
#2150 = DIRECTION ( 'NONE',  ( 0.000000000000000000, -1.000000000000000000, 0.000000000000000000 ) ) ;
#2151 = ORIENTED_EDGE ( 'NONE', *, *, #2148, .F. ) ;
#2152 = CARTESIAN_POINT ( 'NONE',  ( -5.799999999999998046, -13.99999999999999822, 6.499999999999997335 ) ) ;
#2153 = CLOSED_SHELL ( 'NONE', ( #1619, #131, #480, #1063, #1498, #1831, #1110, #1774, #1828, #1759, #2194, #1731, #1624, #1295, #1248, #1003, #662, #2114, #1395, #708, #98, #346, #770, #1196, #530, #2008, #450, #1910, #1658, #2068, #2267, #119, #1152, #942, #1467, #910, #1728, #1605, #157, #797, #1650, #1253, #403, #2160, #1428, #555, #964, #1507, #2157, #963, #1037, #916, #1582, #2128, #1808, #71, #1019, #461, #1177, #413, #2091, #1536, #507, #2370, #822, #1445, #142, #740 ) ) ;
#2154 = EDGE_LOOP ( 'NONE', ( #1469, #1862, #2396, #1339, #1158, #546 ) ) ;
#2155 = CARTESIAN_POINT ( 'NONE',  ( 29.99999999999993250, 3.000000000000000000, 37.50000000000000711 ) ) ;
#2156 = FACE_OUTER_BOUND ( 'NONE', #2, .T. ) ;
#2157 = ADVANCED_FACE ( 'NONE', ( #805 ), #1581, .T. ) ;
#2158 = CARTESIAN_POINT ( 'NONE',  ( -30.00000000000006395, 3.000000000000000000, 2.500000000000002220 ) ) ;
#2159 = DIRECTION ( 'NONE',  ( 0.000000000000000000, 0.000000000000000000, -1.000000000000000000 ) ) ;
#2160 = ADVANCED_FACE ( 'NONE', ( #1564 ), #2309, .T. ) ;
#2161 = FACE_BOUND ( 'NONE', #732, .T. ) ;
#2162 = ORIENTED_EDGE ( 'NONE', *, *, #1224, .F. ) ;
#2163 = CARTESIAN_POINT ( 'NONE',  ( 25.99999999999980815, 3.000000000000000000, 31.00000000000317257 ) ) ;
#2164 = CIRCLE ( 'NONE', #134, 2.999999999999999112 ) ;
#2165 = ORIENTED_EDGE ( 'NONE', *, *, #2276, .F. ) ;
#2166 = DIRECTION ( 'NONE',  ( 0.000000000000000000, 0.000000000000000000, 1.000000000000000000 ) ) ;
#2167 = ORIENTED_EDGE ( 'NONE', *, *, #1829, .F. ) ;
#2168 = PLANE ( 'NONE',  #1518 ) ;
#2169 = CIRCLE ( 'NONE', #63, 1.500000000000001332 ) ;
#2170 = DIRECTION ( 'NONE',  ( 1.000000000000000000, 0.000000000000000000, 6.938893903907226405E-16 ) ) ;
#2171 = CARTESIAN_POINT ( 'NONE',  ( 26.25000000000000000, 22.00000000000000355, -2.500000000000002220 ) ) ;
#2172 = CIRCLE ( 'NONE', #1234, 2.999999999999999112 ) ;
#2173 = FACE_OUTER_BOUND ( 'NONE', #1613, .T. ) ;
#2174 = ORIENTED_EDGE ( 'NONE', *, *, #1687, .F. ) ;
#2175 = ORIENTED_EDGE ( 'NONE', *, *, #2318, .T. ) ;
#2176 = CIRCLE ( 'NONE', #185, 2.999999999999999112 ) ;
#2177 = ORIENTED_EDGE ( 'NONE', *, *, #1323, .F. ) ;
#2178 = CARTESIAN_POINT ( 'NONE',  ( 23.25000000000000000, 12.00000000000000178, -2.500000000000002220 ) ) ;
#2179 = ORIENTED_EDGE ( 'NONE', *, *, #2304, .F. ) ;
#2180 = VERTEX_POINT ( 'NONE', #262 ) ;
#2181 = CARTESIAN_POINT ( 'NONE',  ( 32.99999999999992895, 0.000000000000000000, -2.500000000000002220 ) ) ;
#2182 = DIRECTION ( 'NONE',  ( 0.000000000000000000, 0.000000000000000000, 1.000000000000000000 ) ) ;
#2183 = FACE_OUTER_BOUND ( 'NONE', #122, .T. ) ;
#2184 = DIRECTION ( 'NONE',  ( -0.000000000000000000, 1.000000000000000000, -0.000000000000000000 ) ) ;
#2185 = VECTOR ( 'NONE', #1948, 1000.000000000000000 ) ;
#2186 = EDGE_CURVE ( 'NONE', #787, #978, #631, .T. ) ;
#2187 = ORIENTED_EDGE ( 'NONE', *, *, #2276, .T. ) ;
#2188 = ORIENTED_EDGE ( 'NONE', *, *, #1187, .F. ) ;
#2189 = EDGE_LOOP ( 'NONE', ( #2372, #744, #1719, #1966 ) ) ;
#2190 = VECTOR ( 'NONE', #505, 1000.000000000000000 ) ;
#2191 = CARTESIAN_POINT ( 'NONE',  ( 29.99999999999993250, 7.000000000000000000, 34.50000000000000000 ) ) ;
#2192 = CARTESIAN_POINT ( 'NONE',  ( -14.80000000000000071, 0.000000000000000000, 6.499999999999997335 ) ) ;
#2193 = LINE ( 'NONE', #723, #2002 ) ;
#2194 = ADVANCED_FACE ( 'NONE', ( #2285 ), #1379, .F. ) ;
#2195 = CARTESIAN_POINT ( 'NONE',  ( 2.199999999999997069, 0.000000000000000000, -2.500000000000002220 ) ) ;
#2196 = ORIENTED_EDGE ( 'NONE', *, *, #1836, .F. ) ;
#2197 = ORIENTED_EDGE ( 'NONE', *, *, #1635, .F. ) ;
#2198 = ORIENTED_EDGE ( 'NONE', *, *, #1471, .T. ) ;
#2199 = CARTESIAN_POINT ( 'NONE',  ( 0.9999999999999314992, 0.000000000000000000, 20.50000000000000355 ) ) ;
#2200 = DIRECTION ( 'NONE',  ( -1.000000000000000000, 0.000000000000000000, 0.000000000000000000 ) ) ;
#2201 = DIRECTION ( 'NONE',  ( 0.000000000000000000, -1.000000000000000000, 0.000000000000000000 ) ) ;
#2202 = ORIENTED_EDGE ( 'NONE', *, *, #1861, .T. ) ;
#2203 = CARTESIAN_POINT ( 'NONE',  ( 13.19999999999999751, -13.99999999999999822, -5.500000000000002665 ) ) ;
#2204 = DIRECTION ( 'NONE',  ( -1.000000000000000000, 0.000000000000000000, -0.000000000000000000 ) ) ;
#2205 = ORIENTED_EDGE ( 'NONE', *, *, #1406, .F. ) ;
#2206 = EDGE_CURVE ( 'NONE', #1344, #1164, #1032, .T. ) ;
#2207 = FACE_OUTER_BOUND ( 'NONE', #1832, .T. ) ;
#2208 = VERTEX_POINT ( 'NONE', #1764 ) ;
#2209 = ORIENTED_EDGE ( 'NONE', *, *, #377, .F. ) ;
#2210 = APPROVAL_STATUS ( 'not_yet_approved' ) ;
#2211 = AXIS2_PLACEMENT_3D ( 'NONE', #1573, #2319, #1241 ) ;
#2212 = FACE_BOUND ( 'NONE', #1899, .T. ) ;
#2213 = DIRECTION ( 'NONE',  ( 0.000000000000000000, 0.000000000000000000, -1.000000000000000000 ) ) ;
#2214 = ORIENTED_EDGE ( 'NONE', *, *, #227, .T. ) ;
#2215 = EDGE_CURVE ( 'NONE', #124, #1969, #442, .T. ) ;
#2216 = DIRECTION ( 'NONE',  ( 0.000000000000000000, -1.000000000000000000, 0.000000000000000000 ) ) ;
#2217 = CARTESIAN_POINT ( 'NONE',  ( -30.00000000000006395, 0.000000000000000000, -2.500000000000002220 ) ) ;
#2218 = EDGE_CURVE ( 'NONE', #944, #1233, #1734, .T. ) ;
#2219 = ORIENTED_EDGE ( 'NONE', *, *, #1579, .F. ) ;
#2220 = DIRECTION ( 'NONE',  ( 0.000000000000000000, 0.000000000000000000, -1.000000000000000000 ) ) ;
#2221 = ORIENTED_EDGE ( 'NONE', *, *, #2227, .F. ) ;
#2222 = ORIENTED_EDGE ( 'NONE', *, *, #2025, .F. ) ;
#2223 = PERSON_AND_ORGANIZATION ( #1786, #930 ) ;
#2224 = DIRECTION ( 'NONE',  ( -1.000000000000000000, 0.000000000000000000, -0.000000000000000000 ) ) ;
#2225 = CARTESIAN_POINT ( 'NONE',  ( 26.99999999999992895, 3.000000000000000000, 37.50000000000000711 ) ) ;
#2226 = ORIENTED_EDGE ( 'NONE', *, *, #2227, .T. ) ;
#2227 = EDGE_CURVE ( 'NONE', #1525, #889, #1961, .T. ) ;
#2228 = CARTESIAN_POINT ( 'NONE',  ( -30.00000000000006395, 7.000000000000000000, 15.26393202250021730 ) ) ;
#2229 = DIRECTION ( 'NONE',  ( 1.239088197126291063E-16, -1.000000000000000000, 0.000000000000000000 ) ) ;
#2230 = EDGE_CURVE ( 'NONE', #1718, #526, #1827, .T. ) ;
#2231 = FACE_OUTER_BOUND ( 'NONE', #221, .T. ) ;
#2232 = DIRECTION ( 'NONE',  ( 0.000000000000000000, 0.000000000000000000, 1.000000000000000000 ) ) ;
#2233 = EDGE_LOOP ( 'NONE', ( #174, #1316, #704, #1662 ) ) ;
#2234 = ORIENTED_EDGE ( 'NONE', *, *, #762, .T. ) ;
#2235 = PERSON_AND_ORGANIZATION ( #1786, #930 ) ;
#2236 = DIRECTION ( 'NONE',  ( -0.000000000000000000, -0.000000000000000000, -1.000000000000000000 ) ) ;
#2237 = CARTESIAN_POINT ( 'NONE',  ( 22.20000000000000284, 0.000000000000000000, -5.500000000000002665 ) ) ;
#2238 = EDGE_CURVE ( 'NONE', #441, #53, #496, .T. ) ;
#2239 = ORIENTED_EDGE ( 'NONE', *, *, #1548, .T. ) ;
#2240 = CIRCLE ( 'NONE', #872, 1.500000000000000000 ) ;
#2241 = AXIS2_PLACEMENT_3D ( 'NONE', #2117, #1590, #1772 ) ;
#2242 = DIRECTION ( 'NONE',  ( 0.000000000000000000, 0.000000000000000000, 1.000000000000000000 ) ) ;
#2243 = CARTESIAN_POINT ( 'NONE',  ( -28.74999999999999645, 27.00000000000000000, 2.499999999999997780 ) ) ;
#2244 = AXIS2_PLACEMENT_3D ( 'NONE', #1382, #2122, #2147 ) ;
#2245 = CARTESIAN_POINT ( 'NONE',  ( -11.80000000000000071, -14.00000000000000000, 6.499999999999997335 ) ) ;
#2246 = VECTOR ( 'NONE', #568, 1000.000000000000000 ) ;
#2247 = FACE_OUTER_BOUND ( 'NONE', #316, .T. ) ;
#2248 = ORIENTED_EDGE ( 'NONE', *, *, #21, .F. ) ;
#2249 = ORIENTED_EDGE ( 'NONE', *, *, #600, .T. ) ;
#2250 = DIRECTION ( 'NONE',  ( 0.000000000000000000, 0.000000000000000000, 1.000000000000000000 ) ) ;
#2251 = LINE ( 'NONE', #1352, #466 ) ;
#2252 = LINE ( 'NONE', #2070, #1869 ) ;
#2253 = EDGE_LOOP ( 'NONE', ( #542, #2305, #2118, #2196 ) ) ;
#2254 = AXIS2_PLACEMENT_3D ( 'NONE', #1931, #2314, #1558 ) ;
#2255 = AXIS2_PLACEMENT_3D ( 'NONE', #1136, #1685, #585 ) ;
#2256 = PLANE ( 'NONE',  #422 ) ;
#2257 = CYLINDRICAL_SURFACE ( 'NONE', #1628, 2.999999999999999112 ) ;
#2258 = AXIS2_PLACEMENT_3D ( 'NONE', #58, #411, #252 ) ;
#2259 = VECTOR ( 'NONE', #1439, 1000.000000000000000 ) ;
#2260 = CARTESIAN_POINT ( 'NONE',  ( -2.023844055306273497E-15, -13.99999999999999645, 6.499999999999997335 ) ) ;
#2261 = AXIS2_PLACEMENT_3D ( 'NONE', #650, #1611, #629 ) ;
#2262 = VERTEX_POINT ( 'NONE', #1169 ) ;
#2263 = EDGE_CURVE ( 'NONE', #736, #1303, #1632, .T. ) ;
#2264 = EDGE_CURVE ( 'NONE', #260, #1432, #127, .T. ) ;
#2265 = FACE_OUTER_BOUND ( 'NONE', #2027, .T. ) ;
#2266 = ORIENTED_EDGE ( 'NONE', *, *, #1761, .T. ) ;
#2267 = ADVANCED_FACE ( 'NONE', ( #330 ), #512, .F. ) ;
#2268 = ORIENTED_EDGE ( 'NONE', *, *, #475, .T. ) ;
#2269 = SECURITY_CLASSIFICATION_LEVEL ( 'unclassified' ) ;
#2270 = DIRECTION ( 'NONE',  ( 0.000000000000000000, 1.000000000000000000, 0.000000000000000000 ) ) ;
#2271 = PLANE ( 'NONE',  #133 ) ;
#2272 = ORIENTED_EDGE ( 'NONE', *, *, #2206, .T. ) ;
#2273 = CC_DESIGN_PERSON_AND_ORGANIZATION_ASSIGNMENT ( #1470, #946, ( #1265 ) ) ;
#2274 = CARTESIAN_POINT ( 'NONE',  ( 23.24999999999999645, 22.00000000000000355, -2.500000000000002220 ) ) ;
#2275 = DIRECTION ( 'NONE',  ( 1.000000000000000000, -0.000000000000000000, -0.000000000000000000 ) ) ;
#2276 = EDGE_CURVE ( 'NONE', #879, #1810, #1822, .T. ) ;
#2277 = PLANE ( 'NONE',  #2014 ) ;
#2278 = ORIENTED_EDGE ( 'NONE', *, *, #2325, .T. ) ;
#2279 = LINE ( 'NONE', #1944, #1744 ) ;
#2280 = ORIENTED_EDGE ( 'NONE', *, *, #1789, .T. ) ;
#2281 = ORIENTED_EDGE ( 'NONE', *, *, #785, .F. ) ;
#2282 = CARTESIAN_POINT ( 'NONE',  ( -26.25000000000000355, 12.00000000000000178, -2.500000000000002220 ) ) ;
#2283 = DIRECTION ( 'NONE',  ( -1.000000000000000000, 0.000000000000000000, 0.000000000000000000 ) ) ;
#2284 = ORIENTED_EDGE ( 'NONE', *, *, #1897, .T. ) ;
#2285 = FACE_OUTER_BOUND ( 'NONE', #1413, .T. ) ;
#2286 = CARTESIAN_POINT ( 'NONE',  ( 20.74999999999999645, 27.00000000000000000, 2.499999999999997780 ) ) ;
#2287 = FACE_OUTER_BOUND ( 'NONE', #1947, .T. ) ;
#2288 = AXIS2_PLACEMENT_3D ( 'NONE', #1250, #2150, #842 ) ;
#2289 = ORIENTED_EDGE ( 'NONE', *, *, #298, .F. ) ;
#2290 = EDGE_CURVE ( 'NONE', #1410, #1510, #869, .T. ) ;
#2291 = CARTESIAN_POINT ( 'NONE',  ( 32.99999999999992895, 3.000000000000000000, 2.500000000000002220 ) ) ;
#2292 = VECTOR ( 'NONE', #1546, 1000.000000000000000 ) ;
#2293 = CARTESIAN_POINT ( 'NONE',  ( 18.80000000000000426, -7.219000805152965050, 9.500000000000001776 ) ) ;
#2294 = VERTEX_POINT ( 'NONE', #1627 ) ;
#2295 = DIRECTION ( 'NONE',  ( 0.000000000000000000, 0.000000000000000000, -1.000000000000000000 ) ) ;
#2296 = DIRECTION ( 'NONE',  ( 0.000000000000000000, 0.000000000000000000, -1.000000000000000000 ) ) ;
#2297 = FACE_BOUND ( 'NONE', #2346, .T. ) ;
#2298 = EDGE_CURVE ( 'NONE', #1718, #1846, #895, .T. ) ;
#2299 = CIRCLE ( 'NONE', #1909, 5.000000000000000000 ) ;
#2300 = LOCAL_TIME ( 12, 2, 42.00000000000000000, #1300 ) ;
#2301 = EDGE_LOOP ( 'NONE', ( #1484, #296, #909, #2067 ) ) ;
#2302 = EDGE_CURVE ( 'NONE', #53, #354, #880, .T. ) ;
#2303 = DIRECTION ( 'NONE',  ( -1.000000000000000000, 0.000000000000000000, 0.000000000000000000 ) ) ;
#2304 = EDGE_CURVE ( 'NONE', #2116, #2315, #776, .T. ) ;
#2305 = ORIENTED_EDGE ( 'NONE', *, *, #1979, .F. ) ;
#2306 = FACE_BOUND ( 'NONE', #166, .T. ) ;
#2307 = ORIENTED_EDGE ( 'NONE', *, *, #350, .F. ) ;
#2308 = VECTOR ( 'NONE', #710, 1000.000000000000000 ) ;
#2309 = CYLINDRICAL_SURFACE ( 'NONE', #1009, 2.999999999999999112 ) ;
#2310 = DIRECTION ( 'NONE',  ( 1.000000000000000000, -0.000000000000000000, -0.000000000000000000 ) ) ;
#2311 = FACE_BOUND ( 'NONE', #224, .T. ) ;
#2312 = EDGE_CURVE ( 'NONE', #87, #1268, #848, .T. ) ;
#2313 = ORIENTED_EDGE ( 'NONE', *, *, #1635, .T. ) ;
#2314 = DIRECTION ( 'NONE',  ( 0.000000000000000000, -1.000000000000000000, 0.000000000000000000 ) ) ;
#2315 = VERTEX_POINT ( 'NONE', #690 ) ;
#2316 = CARTESIAN_POINT ( 'NONE',  ( 13.19999999999999751, -13.99999999999999822, 6.499999999999997335 ) ) ;
#2317 = DIRECTION ( 'NONE',  ( 1.000000000000000000, -0.000000000000000000, 0.000000000000000000 ) ) ;
#2318 = EDGE_CURVE ( 'NONE', #1303, #736, #37, .T. ) ;
#2319 = DIRECTION ( 'NONE',  ( -0.000000000000000000, 1.000000000000000000, -0.000000000000000000 ) ) ;
#2320 = DIRECTION ( 'NONE',  ( 1.000000000000000000, 0.000000000000000000, 0.000000000000000000 ) ) ;
#2321 = DIRECTION ( 'NONE',  ( 0.000000000000000000, -1.000000000000000000, 0.000000000000000000 ) ) ;
#2322 = ORIENTED_EDGE ( 'NONE', *, *, #634, .T. ) ;
#2323 = AXIS2_PLACEMENT_3D ( 'NONE', #609, #2283, #1706 ) ;
#2324 = CARTESIAN_POINT ( 'NONE',  ( 22.20000000000000284, -11.00000000000000000, 6.499999999999997335 ) ) ;
#2325 = EDGE_CURVE ( 'NONE', #100, #535, #1985, .T. ) ;
#2326 = DIRECTION ( 'NONE',  ( -6.938893903907228378E-16, -0.000000000000000000, 1.000000000000000000 ) ) ;
#2327 = DIRECTION ( 'NONE',  ( 0.000000000000000000, 0.000000000000000000, -1.000000000000000000 ) ) ;
#2328 = DIRECTION ( 'NONE',  ( -0.000000000000000000, -0.000000000000000000, -1.000000000000000000 ) ) ;
#2329 = CARTESIAN_POINT ( 'NONE',  ( 23.24999999999999645, 22.00000000000000355, 12.49999999999999645 ) ) ;
#2330 = DIRECTION ( 'NONE',  ( 0.000000000000000000, 0.000000000000000000, 1.000000000000000000 ) ) ;
#2331 = ORIENTED_EDGE ( 'NONE', *, *, #678, .F. ) ;
#2332 = AXIS2_PLACEMENT_3D ( 'NONE', #1034, #1791, #1755 ) ;
#2333 = VECTOR ( 'NONE', #1898, 1000.000000000000000 ) ;
#2334 = CARTESIAN_POINT ( 'NONE',  ( 13.19999999999999751, -10.99999999999999822, -5.500000000000002665 ) ) ;
#2335 = EDGE_CURVE ( 'NONE', #2354, #1474, #1127, .T. ) ;
#2336 = VERTEX_POINT ( 'NONE', #1415 ) ;
#2337 = LINE ( 'NONE', #1970, #1446 ) ;
#2338 = EDGE_CURVE ( 'NONE', #2208, #1636, #2003, .T. ) ;
#2339 = DIRECTION ( 'NONE',  ( 0.000000000000000000, -1.000000000000000000, 0.000000000000000000 ) ) ;
#2340 = DIRECTION ( 'NONE',  ( 0.000000000000000000, 0.000000000000000000, -1.000000000000000000 ) ) ;
#2341 = CARTESIAN_POINT ( 'NONE',  ( -2.799999999999999822, -5.000000000000000888, 6.499999999999997335 ) ) ;
#2342 = AXIS2_PLACEMENT_3D ( 'NONE', #419, #55, #985 ) ;
#2343 = PLANE ( 'NONE',  #1500 ) ;
#2344 = ORIENTED_EDGE ( 'NONE', *, *, #2144, .F. ) ;
#2345 = DIRECTION ( 'NONE',  ( -0.000000000000000000, -1.000000000000000000, -0.000000000000000000 ) ) ;
#2346 = EDGE_LOOP ( 'NONE', ( #1596, #769 ) ) ;
#2347 = LINE ( 'NONE', #261, #1699 ) ;
#2348 = ORIENTED_EDGE ( 'NONE', *, *, #1277, .F. ) ;
#2349 = DIRECTION ( 'NONE',  ( 0.000000000000000000, -1.000000000000000000, 0.000000000000000000 ) ) ;
#2350 = CARTESIAN_POINT ( 'NONE',  ( -25.00000000000018829, 0.000000000000000000, 28.00000000000142464 ) ) ;
#2351 = DIRECTION ( 'NONE',  ( -0.000000000000000000, -0.000000000000000000, -1.000000000000000000 ) ) ;
#2352 = CYLINDRICAL_SURFACE ( 'NONE', #255, 2.999999999999999112 ) ;
#2353 = VERTEX_POINT ( 'NONE', #522 ) ;
#2354 = VERTEX_POINT ( 'NONE', #1773 ) ;
#2355 = CIRCLE ( 'NONE', #326, 1.500000000000000000 ) ;
#2356 = VERTEX_POINT ( 'NONE', #1273 ) ;
#2357 = DIRECTION ( 'NONE',  ( 0.000000000000000000, 0.000000000000000000, -1.000000000000000000 ) ) ;
#2358 = EDGE_LOOP ( 'NONE', ( #51, #1146, #494, #393 ) ) ;
#2359 = CIRCLE ( 'NONE', #1308, 1.500000000000875744 ) ;
#2360 = VERTEX_POINT ( 'NONE', #342 ) ;
#2361 = CARTESIAN_POINT ( 'NONE',  ( 17.75000000000000000, 27.00000000000000000, 1.231653667943533037E-14 ) ) ;
#2362 = AXIS2_PLACEMENT_3D ( 'NONE', #953, #1128, #2232 ) ;
#2363 = CARTESIAN_POINT ( 'NONE',  ( -26.25000000000000000, 22.00000000000000355, 12.49999999999999645 ) ) ;
#2364 = CARTESIAN_POINT ( 'NONE',  ( -25.00000000000018829, 0.000000000000000000, 19.50000000000229505 ) ) ;
#2365 = EDGE_CURVE ( 'NONE', #535, #365, #859, .T. ) ;
#2366 = DIRECTION ( 'NONE',  ( 0.000000000000000000, 0.000000000000000000, 1.000000000000000000 ) ) ;
#2367 = ORIENTED_EDGE ( 'NONE', *, *, #1257, .T. ) ;
#2368 = VECTOR ( 'NONE', #780, 1000.000000000000000 ) ;
#2369 = AXIS2_PLACEMENT_3D ( 'NONE', #274, #2132, #611 ) ;
#2370 = ADVANCED_FACE ( 'NONE', ( #2156 ), #2168, .F. ) ;
#2371 = ORIENTED_EDGE ( 'NONE', *, *, #518, .F. ) ;
#2372 = ORIENTED_EDGE ( 'NONE', *, *, #883, .F. ) ;
#2373 = DIRECTION ( 'NONE',  ( 0.000000000000000000, -1.000000000000000000, 0.000000000000000000 ) ) ;
#2374 = DIRECTION ( 'NONE',  ( -1.000000000000000000, 0.000000000000000000, 0.000000000000000000 ) ) ;
#2375 = DIRECTION ( 'NONE',  ( -1.239088197126290817E-16, 1.000000000000000000, 0.000000000000000000 ) ) ;
#2376 = CARTESIAN_POINT ( 'NONE',  ( -24.75000000000000000, 12.00000000000000178, -2.500000000000002220 ) ) ;
#2377 = CIRCLE ( 'NONE', #1208, 2.600000000000000089 ) ;
#2378 = VERTEX_POINT ( 'NONE', #297 ) ;
#2379 = ORIENTED_EDGE ( 'NONE', *, *, #1800, .T. ) ;
#2380 = ORIENTED_EDGE ( 'NONE', *, *, #1282, .T. ) ;
#2381 = DIRECTION ( 'NONE',  ( 6.938893903907228378E-16, -0.000000000000000000, -1.000000000000000000 ) ) ;
#2382 = CARTESIAN_POINT ( 'NONE',  ( 16.20000000000000639, -7.219000805152965050, -5.500000000000002665 ) ) ;
#2383 = CARTESIAN_POINT ( 'NONE',  ( 29.99999999999993250, 5.493291007259892025E-15, 9.500000000000005329 ) ) ;
#2384 = EDGE_LOOP ( 'NONE', ( #973, #2179 ) ) ;
#2385 = EDGE_CURVE ( 'NONE', #1347, #2378, #1050, .T. ) ;
#2386 = CARTESIAN_POINT ( 'NONE',  ( 25.99999999999980815, 0.000000000000000000, 29.50000000000229861 ) ) ;
#2387 = CARTESIAN_POINT ( 'NONE',  ( 0.000000000000000000, 0.000000000000000000, 37.50000000000000711 ) ) ;
#2388 = EDGE_LOOP ( 'NONE', ( #340, #2151, #521, #2174 ) ) ;
#2389 = CARTESIAN_POINT ( 'NONE',  ( -25.00000000000018829, -7.000000000000000000, 29.50000000000229861 ) ) ;
#2390 = EDGE_CURVE ( 'NONE', #550, #509, #2407, .T. ) ;
#2391 = CIRCLE ( 'NONE', #1545, 2.600000000000000089 ) ;
#2392 = EDGE_LOOP ( 'NONE', ( #566, #865, #120, #1161 ) ) ;
#2393 = ORIENTED_EDGE ( 'NONE', *, *, #306, .T. ) ;
#2394 = PLANE ( 'NONE',  #784 ) ;
#2395 = CARTESIAN_POINT ( 'NONE',  ( -30.00000000000006395, 3.000000000000002665, 15.26393202250021730 ) ) ;
#2396 = ORIENTED_EDGE ( 'NONE', *, *, #518, .T. ) ;
#2397 = DIRECTION ( 'NONE',  ( -0.000000000000000000, 0.000000000000000000, -1.000000000000000000 ) ) ;
#2398 = CARTESIAN_POINT ( 'NONE',  ( 10.20000000000000107, 1.500000000000000444, -2.500000000000002220 ) ) ;
#2399 = AXIS2_PLACEMENT_3D ( 'NONE', #1729, #1956, #844 ) ;
#2400 = ORIENTED_EDGE ( 'NONE', *, *, #2051, .T. ) ;
#2401 = CARTESIAN_POINT ( 'NONE',  ( -17.75000000000000000, 24.00000000000000000, 2.500000000000002220 ) ) ;
#2402 = EDGE_CURVE ( 'NONE', #2053, #1848, #1425, .T. ) ;
#2403 = VECTOR ( 'NONE', #931, 1000.000000000000000 ) ;
#2404 = EDGE_LOOP ( 'NONE', ( #2038, #431, #2234, #271 ) ) ;
#2405 = VERTEX_POINT ( 'NONE', #1994 ) ;
#2406 = APPROVAL_STATUS ( 'not_yet_approved' ) ;
#2407 = CIRCLE ( 'NONE', #655, 1.500000000000872191 ) ;
#2408 = EDGE_CURVE ( 'NONE', #293, #414, #76, .T. ) ;
#2409 = CARTESIAN_POINT ( 'NONE',  ( 0.000000000000000000, -1.500000000000000000, -4.000000000000001776 ) ) ;
#2410 = CARTESIAN_POINT ( 'NONE',  ( -26.00000000000006395, 0.000000000000000000, 37.50000000000000711 ) ) ;
#2411 = ORIENTED_EDGE ( 'NONE', *, *, #50, .F. ) ;
#2412 = PLANE ( 'NONE',  #685 ) ;
#2413 = LINE ( 'NONE', #1346, #1620 ) ;
#2414 = CC_DESIGN_APPROVAL ( #527, ( #347 ) ) ;
#2415 = DIRECTION ( 'NONE',  ( -1.000000000000000000, -0.000000000000000000, -0.000000000000000000 ) ) ;
ENDSEC;
END-ISO-10303-21;
