ISO-10303-21;
HEADER;
FILE_DESCRIPTION (( 'STEP AP203' ),
    '1' );
FILE_NAME ('Ö±Ïßµ¼¹ì×ª½Ó°å 4mm.STEP',
    '2026-05-08T04:12:22',
    ( '' ),
    ( '' ),
    'SwSTEP 2.0',
    'SolidWorks 2025',
    '' );
FILE_SCHEMA (( 'CONFIG_CONTROL_DESIGN' ));
ENDSEC;

DATA;
#1 = ORIENTED_EDGE ( 'NONE', *, *, #41, .F. ) ;
#2 = DIRECTION ( 'NONE',  ( -0.000000000000000000, -1.000000000000000000, 0.000000000000000000 ) ) ;
#3 = AXIS2_PLACEMENT_3D ( 'NONE', #145, #843, #2208 ) ;
#4 = EDGE_CURVE ( 'NONE', #980, #656, #2161, .T. ) ;
#5 = DIRECTION ( 'NONE',  ( -1.000000000000000000, 0.000000000000000000, -0.000000000000000000 ) ) ;
#6 = CARTESIAN_POINT ( 'NONE',  ( 36.00000000000000000, 4.000000000000000000, 5.000000000000001776 ) ) ;
#7 = UNCERTAINTY_MEASURE_WITH_UNIT (LENGTH_MEASURE( 1.000000000000000082E-05 ), #1680, 'distance_accuracy_value', 'NONE');
#8 = ORIENTED_EDGE ( 'NONE', *, *, #597, .T. ) ;
#9 = DIRECTION ( 'NONE',  ( -1.000000000000000000, 0.000000000000000000, -0.000000000000000000 ) ) ;
#10 = CARTESIAN_POINT ( 'NONE',  ( 46.00000000000000000, 4.000000000000000000, -6.999999999999999112 ) ) ;
#11 = ORIENTED_EDGE ( 'NONE', *, *, #1108, .F. ) ;
#12 = PLANE ( 'NONE',  #1864 ) ;
#13 = EDGE_CURVE ( 'NONE', #947, #893, #1886, .T. ) ;
#14 = VERTEX_POINT ( 'NONE', #2000 ) ;
#15 = CARTESIAN_POINT ( 'NONE',  ( -24.00000000000000355, 0.000000000000000000, -5.000000000000011546 ) ) ;
#16 = CARTESIAN_POINT ( 'NONE',  ( 37.00000000000000000, 0.000000000000000000, -9.999999999999998224 ) ) ;
#17 = EDGE_CURVE ( 'NONE', #725, #1994, #2142, .T. ) ;
#18 = VERTEX_POINT ( 'NONE', #923 ) ;
#19 = DIRECTION ( 'NONE',  ( -0.000000000000000000, -1.000000000000000000, -0.000000000000000000 ) ) ;
#20 = ORIENTED_EDGE ( 'NONE', *, *, #690, .F. ) ;
#21 = FACE_BOUND ( 'NONE', #1496, .T. ) ;
#22 = AXIS2_PLACEMENT_3D ( 'NONE', #437, #1610, #1630 ) ;
#23 = ORIENTED_EDGE ( 'NONE', *, *, #215, .F. ) ;
#24 = DIRECTION ( 'NONE',  ( -0.000000000000000000, -1.000000000000000000, -0.000000000000000000 ) ) ;
#25 = AXIS2_PLACEMENT_3D ( 'NONE', #59, #621, #1792 ) ;
#26 = CARTESIAN_POINT ( 'NONE',  ( -36.00000000000001421, 0.000000000000000000, -3.000000000000015543 ) ) ;
#27 = EDGE_CURVE ( 'NONE', #199, #1644, #1711, .T. ) ;
#28 = AXIS2_PLACEMENT_3D ( 'NONE', #2254, #172, #541 ) ;
#29 = ORIENTED_EDGE ( 'NONE', *, *, #104, .T. ) ;
#30 = EDGE_CURVE ( 'NONE', #290, #2036, #1831, .T. ) ;
#31 = ORIENTED_EDGE ( 'NONE', *, *, #1139, .T. ) ;
#32 = CARTESIAN_POINT ( 'NONE',  ( -24.00000000000000355, 0.000000000000000000, 2.999999999999987121 ) ) ;
#33 = ORIENTED_EDGE ( 'NONE', *, *, #456, .F. ) ;
#34 = CARTESIAN_POINT ( 'NONE',  ( 54.00000000000000000, 4.000000000000000000, 6.000000000000000000 ) ) ;
#35 = DIRECTION ( 'NONE',  ( -0.000000000000000000, -1.000000000000000000, -0.000000000000000000 ) ) ;
#36 = CIRCLE ( 'NONE', #1315, 1.000000000000005329 ) ;
#37 = EDGE_LOOP ( 'NONE', ( #2021, #2027, #1997, #671 ) ) ;
#38 = EDGE_CURVE ( 'NONE', #2003, #1840, #585, .T. ) ;
#39 = DIRECTION ( 'NONE',  ( 0.000000000000000000, 0.000000000000000000, 1.000000000000000000 ) ) ;
#40 = DIRECTION ( 'NONE',  ( -0.000000000000000000, -1.000000000000000000, 0.000000000000000000 ) ) ;
#41 = EDGE_CURVE ( 'NONE', #2062, #1391, #1262, .T. ) ;
#42 = ORIENTED_EDGE ( 'NONE', *, *, #1580, .T. ) ;
#43 = DIRECTION ( 'NONE',  ( 0.000000000000000000, 1.000000000000000000, -0.000000000000000000 ) ) ;
#44 = ORIENTED_EDGE ( 'NONE', *, *, #939, .T. ) ;
#45 = DIRECTION ( 'NONE',  ( 0.000000000000000000, 0.000000000000000000, -1.000000000000000000 ) ) ;
#46 = DIRECTION ( 'NONE',  ( -0.000000000000000000, -1.000000000000000000, -0.000000000000000000 ) ) ;
#47 = ORIENTED_EDGE ( 'NONE', *, *, #4, .F. ) ;
#48 = DIRECTION ( 'NONE',  ( 0.000000000000000000, 0.000000000000000000, -1.000000000000000000 ) ) ;
#49 = CARTESIAN_POINT ( 'NONE',  ( 54.00000000000000000, 0.000000000000000000, 6.000000000000000000 ) ) ;
#50 = PRODUCT_DEFINITION ( 'æœ', '', #1387, #881 ) ;
#51 = ORIENTED_EDGE ( 'NONE', *, *, #1204, .F. ) ;
#52 = ADVANCED_FACE ( 'NONE', ( #2183 ), #573, .T. ) ;
#53 = DIRECTION ( 'NONE',  ( -0.000000000000000000, -1.000000000000000000, -0.000000000000000000 ) ) ;
#54 = ORIENTED_EDGE ( 'NONE', *, *, #88, .T. ) ;
#55 = FACE_OUTER_BOUND ( 'NONE', #1382, .T. ) ;
#56 = CARTESIAN_POINT ( 'NONE',  ( 48.00000000000000000, 4.000000000000000000, -18.00000000000000000 ) ) ;
#57 = EDGE_LOOP ( 'NONE', ( #1652, #1515, #2246, #1271 ) ) ;
#58 = AXIS2_PLACEMENT_3D ( 'NONE', #934, #765, #1662 ) ;
#59 = CARTESIAN_POINT ( 'NONE',  ( 37.00000000000000000, 0.000000000000000000, -12.99999999999999822 ) ) ;
#60 = DIRECTION ( 'NONE',  ( 0.000000000000000000, 1.000000000000000000, -0.000000000000000000 ) ) ;
#61 = CARTESIAN_POINT ( 'NONE',  ( -2.000000000000000000, 4.000000000000000000, -19.99999999999999645 ) ) ;
#62 = AXIS2_PLACEMENT_3D ( 'NONE', #1416, #2115, #1322 ) ;
#63 = DIRECTION ( 'NONE',  ( 0.000000000000000000, 0.000000000000000000, 1.000000000000000000 ) ) ;
#64 = CIRCLE ( 'NONE', #363, 0.9999999999999983347 ) ;
#65 = EDGE_LOOP ( 'NONE', ( #2179, #2005, #1791, #1623 ) ) ;
#66 = DIRECTION ( 'NONE',  ( -0.000000000000000000, -1.000000000000000000, -0.000000000000000000 ) ) ;
#67 = AXIS2_PLACEMENT_3D ( 'NONE', #273, #970, #1353 ) ;
#68 = ORIENTED_EDGE ( 'NONE', *, *, #13, .F. ) ;
#69 = AXIS2_PLACEMENT_3D ( 'NONE', #2026, #2004, #129 ) ;
#70 = AXIS2_PLACEMENT_3D ( 'NONE', #1237, #1604, #2090 ) ;
#71 = CARTESIAN_POINT ( 'NONE',  ( 46.00000000000000000, 4.000000000000000000, 4.999999999999992895 ) ) ;
#72 = DIRECTION ( 'NONE',  ( 0.000000000000000000, -1.000000000000000000, 0.000000000000000000 ) ) ;
#73 = ADVANCED_FACE ( 'NONE', ( #1977 ), #410, .F. ) ;
#74 = VERTEX_POINT ( 'NONE', #90 ) ;
#75 = VECTOR ( 'NONE', #1076, 1000.000000000000000 ) ;
#76 = CARTESIAN_POINT ( 'NONE',  ( 40.00000000000000000, 4.000000000000000000, -12.99999999999999822 ) ) ;
#77 = DIRECTION ( 'NONE',  ( -0.000000000000000000, -1.000000000000000000, -0.000000000000000000 ) ) ;
#78 = DIRECTION ( 'NONE',  ( 0.000000000000000000, 0.000000000000000000, 1.000000000000000000 ) ) ;
#79 = LINE ( 'NONE', #1632, #655 ) ;
#80 = ORIENTED_EDGE ( 'NONE', *, *, #828, .T. ) ;
#81 = DIRECTION ( 'NONE',  ( 0.000000000000000000, 0.000000000000000000, 1.000000000000000000 ) ) ;
#82 = VERTEX_POINT ( 'NONE', #951 ) ;
#83 = DIRECTION ( 'NONE',  ( 0.000000000000000000, 0.000000000000000000, 1.000000000000000000 ) ) ;
#84 = CARTESIAN_POINT ( 'NONE',  ( 60.00000000000000000, 4.000000000000000000, -22.00000000000000000 ) ) ;
#85 = EDGE_CURVE ( 'NONE', #1040, #14, #2034, .T. ) ;
#86 = ORIENTED_EDGE ( 'NONE', *, *, #424, .F. ) ;
#87 = DIRECTION ( 'NONE',  ( 0.000000000000000000, 0.000000000000000000, -1.000000000000000000 ) ) ;
#88 = EDGE_CURVE ( 'NONE', #1112, #1394, #686, .T. ) ;
#89 = FACE_OUTER_BOUND ( 'NONE', #373, .T. ) ;
#90 = CARTESIAN_POINT ( 'NONE',  ( 6.000000000000000000, 4.000000000000000000, -4.999999999999993783 ) ) ;
#91 = DIRECTION ( 'NONE',  ( 1.000000000000000000, -0.000000000000000000, 0.000000000000000000 ) ) ;
#92 = ORIENTED_EDGE ( 'NONE', *, *, #1546, .F. ) ;
#93 = DIRECTION ( 'NONE',  ( 0.000000000000000000, 1.000000000000000000, -0.000000000000000000 ) ) ;
#94 = ORIENTED_EDGE ( 'NONE', *, *, #1639, .T. ) ;
#95 = CARTESIAN_POINT ( 'NONE',  ( 36.00000000000000000, 4.000000000000000000, 4.000000000000003553 ) ) ;
#96 = FACE_OUTER_BOUND ( 'NONE', #334, .T. ) ;
#97 = ORIENTED_EDGE ( 'NONE', *, *, #289, .F. ) ;
#98 = CARTESIAN_POINT ( 'NONE',  ( 12.99999999999999822, 8.673617379884035472E-16, -24.00000000000000000 ) ) ;
#99 = DIRECTION ( 'NONE',  ( 0.000000000000000000, 0.000000000000000000, -1.000000000000000000 ) ) ;
#100 = AXIS2_PLACEMENT_3D ( 'NONE', #2171, #609, #739 ) ;
#101 = CARTESIAN_POINT ( 'NONE',  ( 36.00000000000000000, 0.000000000000000000, 4.000000000000003553 ) ) ;
#102 = AXIS2_PLACEMENT_3D ( 'NONE', #423, #1119, #1474 ) ;
#103 = CIRCLE ( 'NONE', #2258, 1.000000000000001776 ) ;
#104 = EDGE_CURVE ( 'NONE', #384, #942, #2221, .T. ) ;
#105 = ORIENTED_EDGE ( 'NONE', *, *, #1823, .F. ) ;
#106 = VECTOR ( 'NONE', #1424, 1000.000000000000000 ) ;
#107 = DIRECTION ( 'NONE',  ( 0.000000000000000000, 1.000000000000000000, 0.000000000000000000 ) ) ;
#108 = ORIENTED_EDGE ( 'NONE', *, *, #523, .T. ) ;
#109 = CIRCLE ( 'NONE', #1381, 1.000000000000001332 ) ;
#110 = DIRECTION ( 'NONE',  ( -0.000000000000000000, -1.000000000000000000, -0.000000000000000000 ) ) ;
#111 = PERSON_AND_ORGANIZATION ( #1403, #2046 ) ;
#112 = CIRCLE ( 'NONE', #1170, 10.00000000000000000 ) ;
#113 = ORIENTED_EDGE ( 'NONE', *, *, #342, .F. ) ;
#114 = DIRECTION ( 'NONE',  ( -0.000000000000000000, -1.000000000000000000, 0.000000000000000000 ) ) ;
#115 = DIRECTION ( 'NONE',  ( 0.000000000000000000, 0.000000000000000000, -1.000000000000000000 ) ) ;
#116 = CIRCLE ( 'NONE', #731, 0.9999999999999983347 ) ;
#117 = CARTESIAN_POINT ( 'NONE',  ( 63.00000000000000000, 0.000000000000000000, -0.000000000000000000 ) ) ;
#118 = AXIS2_PLACEMENT_3D ( 'NONE', #1185, #485, #462 ) ;
#119 = ORIENTED_EDGE ( 'NONE', *, *, #85, .F. ) ;
#120 = LINE ( 'NONE', #626, #367 ) ;
#121 = EDGE_CURVE ( 'NONE', #1573, #1818, #1527, .T. ) ;
#122 = ORIENTED_EDGE ( 'NONE', *, *, #1177, .F. ) ;
#123 = CARTESIAN_POINT ( 'NONE',  ( 13.00000000000000178, 8.673617379884035472E-16, -17.50000000000000000 ) ) ;
#124 = MECHANICAL_CONTEXT ( 'NONE', #1686, 'mechanical' ) ;
#125 = LINE ( 'NONE', #2241, #667 ) ;
#126 = DIRECTION ( 'NONE',  ( -0.000000000000000000, -1.000000000000000000, -0.000000000000000000 ) ) ;
#127 = ORIENTED_EDGE ( 'NONE', *, *, #1874, .T. ) ;
#128 = CC_DESIGN_DATE_AND_TIME_ASSIGNMENT ( #1319, #2193, ( #50 ) ) ;
#129 = DIRECTION ( 'NONE',  ( 0.000000000000000000, 0.000000000000000000, 1.000000000000000000 ) ) ;
#130 = ORIENTED_EDGE ( 'NONE', *, *, #1874, .F. ) ;
#131 = EDGE_CURVE ( 'NONE', #786, #2003, #1045, .T. ) ;
#132 = CYLINDRICAL_SURFACE ( 'NONE', #767, 1.500000000000004885 ) ;
#133 = EDGE_CURVE ( 'NONE', #1969, #162, #618, .T. ) ;
#134 = FACE_BOUND ( 'NONE', #1135, .T. ) ;
#135 = LINE ( 'NONE', #1863, #1051 ) ;
#136 = AXIS2_PLACEMENT_3D ( 'NONE', #406, #236, #45 ) ;
#137 = ORIENTED_EDGE ( 'NONE', *, *, #1765, .F. ) ;
#138 = AXIS2_PLACEMENT_3D ( 'NONE', #747, #409, #1481 ) ;
#139 = CYLINDRICAL_SURFACE ( 'NONE', #1095, 1.000000000000001776 ) ;
#140 = ORIENTED_EDGE ( 'NONE', *, *, #2243, .F. ) ;
#141 = CIRCLE ( 'NONE', #1048, 1.000000000000001776 ) ;
#142 = DIRECTION ( 'NONE',  ( 0.000000000000000000, -1.000000000000000000, 0.000000000000000000 ) ) ;
#143 = APPROVAL_ROLE ( '' ) ;
#144 = ORIENTED_EDGE ( 'NONE', *, *, #30, .T. ) ;
#145 = CARTESIAN_POINT ( 'NONE',  ( 36.00000000000000000, 4.000000000000000000, -3.999999999999996447 ) ) ;
#146 = DIRECTION ( 'NONE',  ( 0.000000000000000000, 1.000000000000000000, -0.000000000000000000 ) ) ;
#147 = ADVANCED_FACE ( 'NONE', ( #1287 ), #1473, .F. ) ;
#148 = VECTOR ( 'NONE', #695, 1000.000000000000000 ) ;
#149 = CIRCLE ( 'NONE', #664, 2.999999999999999112 ) ;
#150 = VERTEX_POINT ( 'NONE', #1298 ) ;
#151 = VECTOR ( 'NONE', #675, 1000.000000000000000 ) ;
#152 = DIRECTION ( 'NONE',  ( -0.000000000000000000, -1.000000000000000000, -0.000000000000000000 ) ) ;
#153 = VERTEX_POINT ( 'NONE', #1131 ) ;
#154 = LINE ( 'NONE', #544, #258 ) ;
#155 = APPLICATION_PROTOCOL_DEFINITION ( 'international standard', 'config_control_design', 1994, #1686 ) ;
#156 = ORIENTED_EDGE ( 'NONE', *, *, #680, .F. ) ;
#157 = DIRECTION ( 'NONE',  ( -0.000000000000000000, -1.000000000000000000, 0.000000000000000000 ) ) ;
#158 = EDGE_CURVE ( 'NONE', #810, #18, #2106, .T. ) ;
#159 = DIRECTION ( 'NONE',  ( 0.000000000000000000, 0.000000000000000000, 1.000000000000000000 ) ) ;
#160 = EDGE_CURVE ( 'NONE', #901, #505, #2218, .T. ) ;
#161 = ORIENTED_EDGE ( 'NONE', *, *, #133, .F. ) ;
#162 = VERTEX_POINT ( 'NONE', #369 ) ;
#163 = CARTESIAN_POINT ( 'NONE',  ( 63.00000000000000000, 4.000000000000000000, 7.000000000000001776 ) ) ;
#164 = EDGE_LOOP ( 'NONE', ( #20, #2131, #1037, #1808 ) ) ;
#165 = LINE ( 'NONE', #851, #2149 ) ;
#166 = COORDINATED_UNIVERSAL_TIME_OFFSET ( 8, 0, .AHEAD. ) ;
#167 = ORIENTED_EDGE ( 'NONE', *, *, #322, .F. ) ;
#168 = DIRECTION ( 'NONE',  ( 0.000000000000000000, 0.000000000000000000, -1.000000000000000000 ) ) ;
#169 = DIRECTION ( 'NONE',  ( 0.000000000000000000, 1.000000000000000000, -0.000000000000000000 ) ) ;
#170 = ORIENTED_EDGE ( 'NONE', *, *, #1534, .T. ) ;
#171 = ORIENTED_EDGE ( 'NONE', *, *, #1622, .T. ) ;
#172 = DIRECTION ( 'NONE',  ( -1.000000000000000000, 0.000000000000000000, 0.000000000000000000 ) ) ;
#173 = EDGE_CURVE ( 'NONE', #735, #162, #586, .T. ) ;
#174 = VERTEX_POINT ( 'NONE', #1953 ) ;
#175 = VECTOR ( 'NONE', #63, 1000.000000000000000 ) ;
#176 = DIRECTION ( 'NONE',  ( 0.000000000000000000, 1.000000000000000000, -0.000000000000000000 ) ) ;
#177 = PERSON_AND_ORGANIZATION_ROLE ( 'classification_officer' ) ;
#178 = LINE ( 'NONE', #684, #75 ) ;
#179 = AXIS2_PLACEMENT_3D ( 'NONE', #878, #1950, #180 ) ;
#180 = DIRECTION ( 'NONE',  ( 0.000000000000000000, 0.000000000000000000, -1.000000000000000000 ) ) ;
#181 = CIRCLE ( 'NONE', #991, 1.000000000000001776 ) ;
#183 = ORIENTED_EDGE ( 'NONE', *, *, #1178, .F. ) ;
#182 = AXIS2_PLACEMENT_3D ( 'NONE', #292, #614, #442 ) ;
#184 = DIRECTION ( 'NONE',  ( -0.000000000000000000, -1.000000000000000000, -0.000000000000000000 ) ) ;
#185 = DIRECTION ( 'NONE',  ( 0.000000000000000000, 0.000000000000000000, -1.000000000000000000 ) ) ;
#186 = EDGE_CURVE ( 'NONE', #1401, #746, #1744, .T. ) ;
#187 = ORIENTED_EDGE ( 'NONE', *, *, #1003, .T. ) ;
#188 = ADVANCED_FACE ( 'NONE', ( #1942 ), #1598, .F. ) ;
#189 = FACE_BOUND ( 'NONE', #1334, .T. ) ;
#190 = DIRECTION ( 'NONE',  ( -0.000000000000000000, -1.000000000000000000, 0.000000000000000000 ) ) ;
#191 = LINE ( 'NONE', #16, #1681 ) ;
#192 = ORIENTED_EDGE ( 'NONE', *, *, #961, .T. ) ;
#193 = CARTESIAN_POINT ( 'NONE',  ( 6.000000000000000000, 0.000000000000000000, -5.999999999999995559 ) ) ;
#194 = EDGE_CURVE ( 'NONE', #150, #978, #1855, .T. ) ;
#195 = ORIENTED_EDGE ( 'NONE', *, *, #1635, .F. ) ;
#196 = CARTESIAN_POINT ( 'NONE',  ( 14.00000000000000000, 4.000000000000000000, -4.999999999999997335 ) ) ;
#197 = APPROVAL_ROLE ( '' ) ;
#198 = ADVANCED_FACE ( 'NONE', ( #1761 ), #1251, .T. ) ;
#199 = VERTEX_POINT ( 'NONE', #217 ) ;
#200 = CARTESIAN_POINT ( 'NONE',  ( 6.000000000000000000, 4.000000000000000000, 5.999999999999997335 ) ) ;
#201 = FACE_OUTER_BOUND ( 'NONE', #1801, .T. ) ;
#202 = EDGE_CURVE ( 'NONE', #681, #813, #355, .T. ) ;
#203 = ORIENTED_EDGE ( 'NONE', *, *, #990, .T. ) ;
#204 = DIRECTION ( 'NONE',  ( 0.000000000000000000, 1.000000000000000000, -0.000000000000000000 ) ) ;
#205 = EDGE_LOOP ( 'NONE', ( #1280, #2147, #1951, #1168, #144, #1911, #1079, #1929, #2214, #1883, #293, #559, #476, #531, #1491, #433, #1934, #479, #47, #778 ) ) ;
#206 = DIRECTION ( 'NONE',  ( -0.000000000000000000, -1.000000000000000000, 0.000000000000000000 ) ) ;
#207 = AXIS2_PLACEMENT_3D ( 'NONE', #61, #231, #422 ) ;
#208 = VERTEX_POINT ( 'NONE', #574 ) ;
#209 = DIRECTION ( 'NONE',  ( 0.000000000000000000, 0.000000000000000000, -1.000000000000000000 ) ) ;
#210 = AXIS2_PLACEMENT_3D ( 'NONE', #1457, #239, #1093 ) ;
#211 = CARTESIAN_POINT ( 'NONE',  ( 6.000000000000000000, 4.000000000000000000, -6.999999999999997335 ) ) ;
#212 = VECTOR ( 'NONE', #436, 1000.000000000000000 ) ;
#213 = ORIENTED_EDGE ( 'NONE', *, *, #717, .T. ) ;
#214 = CIRCLE ( 'NONE', #946, 1.000000000000005329 ) ;
#215 = EDGE_CURVE ( 'NONE', #1192, #1101, #2001, .T. ) ;
#216 = DIRECTION ( 'NONE',  ( 0.000000000000000000, 1.000000000000000000, -0.000000000000000000 ) ) ;
#217 = CARTESIAN_POINT ( 'NONE',  ( 54.00000000000000000, 0.000000000000000000, 5.000000000000001776 ) ) ;
#218 = CIRCLE ( 'NONE', #220, 1.500000000000004885 ) ;
#219 = MANIFOLD_SOLID_BREP ( '\X2\570689d2\X0\3', #357 ) ;
#220 = AXIS2_PLACEMENT_3D ( 'NONE', #2051, #492, #1667 ) ;
#221 = VERTEX_POINT ( 'NONE', #989 ) ;
#222 = CARTESIAN_POINT ( 'NONE',  ( -36.00000000000001421, 0.000000000000000000, -4.000000000000014211 ) ) ;
#223 = VECTOR ( 'NONE', #1127, 1000.000000000000000 ) ;
#224 = EDGE_LOOP ( 'NONE', ( #591, #105 ) ) ;
#225 = CARTESIAN_POINT ( 'NONE',  ( 46.00000000000000000, 4.000000000000000000, -6.999999999999999112 ) ) ;
#226 = CARTESIAN_POINT ( 'NONE',  ( 18.00000000000000355, 8.673617379884035472E-16, -32.00000000000000000 ) ) ;
#227 = CIRCLE ( 'NONE', #1903, 1.000000000000001332 ) ;
#228 = ORIENTED_EDGE ( 'NONE', *, *, #1557, .T. ) ;
#229 = EDGE_CURVE ( 'NONE', #738, #2125, #1631, .T. ) ;
#230 = DIRECTION ( 'NONE',  ( 0.000000000000000000, 0.000000000000000000, -1.000000000000000000 ) ) ;
#231 = DIRECTION ( 'NONE',  ( -0.000000000000000000, -1.000000000000000000, 0.000000000000000000 ) ) ;
#232 = ADVANCED_FACE ( 'NONE', ( #254 ), #1688, .F. ) ;
#233 = ORIENTED_EDGE ( 'NONE', *, *, #1181, .T. ) ;
#234 = DIRECTION ( 'NONE',  ( -0.000000000000000000, -1.000000000000000000, -0.000000000000000000 ) ) ;
#235 = ORIENTED_EDGE ( 'NONE', *, *, #2173, .F. ) ;
#236 = DIRECTION ( 'NONE',  ( -0.000000000000000000, -1.000000000000000000, -0.000000000000000000 ) ) ;
#237 = DIRECTION ( 'NONE',  ( 0.000000000000000000, 0.000000000000000000, 1.000000000000000000 ) ) ;
#238 = VERTEX_POINT ( 'NONE', #439 ) ;
#239 = DIRECTION ( 'NONE',  ( -0.000000000000000000, -1.000000000000000000, -0.000000000000000000 ) ) ;
#240 = DIRECTION ( 'NONE',  ( 0.000000000000000000, 1.000000000000000000, -0.000000000000000000 ) ) ;
#241 = DIRECTION ( 'NONE',  ( -0.000000000000000000, -1.000000000000000000, -0.000000000000000000 ) ) ;
#242 = EDGE_LOOP ( 'NONE', ( #1070, #2015, #1898, #1218 ) ) ;
#243 = DIRECTION ( 'NONE',  ( -0.000000000000000000, -1.000000000000000000, -0.000000000000000000 ) ) ;
#244 = EDGE_CURVE ( 'NONE', #82, #328, #1374, .T. ) ;
#245 = EDGE_LOOP ( 'NONE', ( #1004, #1885, #1649, #356 ) ) ;
#246 = DIRECTION ( 'NONE',  ( 0.000000000000000000, 1.000000000000000000, -0.000000000000000000 ) ) ;
#247 = CARTESIAN_POINT ( 'NONE',  ( 12.99999999999999822, 8.673617379884035472E-16, -22.50000000000000000 ) ) ;
#248 = ORIENTED_EDGE ( 'NONE', *, *, #2055, .T. ) ;
#249 = AXIS2_PLACEMENT_3D ( 'NONE', #1645, #266, #48 ) ;
#250 = CARTESIAN_POINT ( 'NONE',  ( 18.00000000000000355, 8.673617379884035472E-16, -32.00000000000000000 ) ) ;
#251 = DIRECTION ( 'NONE',  ( 0.000000000000000000, 1.000000000000000000, -0.000000000000000000 ) ) ;
#252 = CARTESIAN_POINT ( 'NONE',  ( 0.000000000000000000, 0.000000000000000000, -9.999999999999998224 ) ) ;
#253 = CIRCLE ( 'NONE', #1492, 1.000000000000001776 ) ;
#254 = FACE_OUTER_BOUND ( 'NONE', #2195, .T. ) ;
#255 = EDGE_LOOP ( 'NONE', ( #11, #1602, #1128, #517 ) ) ;
#256 = ADVANCED_FACE ( 'NONE', ( #2210 ), #1832, .F. ) ;
#257 = CARTESIAN_POINT ( 'NONE',  ( 63.00000000000000000, 4.000000000000000000, 0.000000000000000000 ) ) ;
#258 = VECTOR ( 'NONE', #375, 1000.000000000000000 ) ;
#259 = ADVANCED_FACE ( 'NONE', ( #453 ), #1804, .F. ) ;
#260 = ORIENTED_EDGE ( 'NONE', *, *, #975, .F. ) ;
#261 = VECTOR ( 'NONE', #1248, 1000.000000000000000 ) ;
#262 = CARTESIAN_POINT ( 'NONE',  ( -24.00000000000000355, 0.000000000000000000, -4.000000000000009770 ) ) ;
#263 = DIRECTION ( 'NONE',  ( -0.000000000000000000, -0.000000000000000000, 1.000000000000000000 ) ) ;
#264 = ORIENTED_EDGE ( 'NONE', *, *, #1959, .F. ) ;
#265 = AXIS2_PLACEMENT_3D ( 'NONE', #1924, #190, #1206 ) ;
#266 = DIRECTION ( 'NONE',  ( -0.000000000000000000, -1.000000000000000000, -0.000000000000000000 ) ) ;
#267 = LINE ( 'NONE', #964, #1230 ) ;
#268 = CARTESIAN_POINT ( 'NONE',  ( 60.00000000000000000, 4.000000000000000000, -19.00000000000000000 ) ) ;
#269 = DIRECTION ( 'NONE',  ( 0.000000000000000000, 0.000000000000000000, 1.000000000000000000 ) ) ;
#270 = ORIENTED_EDGE ( 'NONE', *, *, #2112, .F. ) ;
#271 = CYLINDRICAL_SURFACE ( 'NONE', #1501, 3.000000000000000000 ) ;
#272 = EDGE_LOOP ( 'NONE', ( #1677, #771, #1320, #1692 ) ) ;
#273 = CARTESIAN_POINT ( 'NONE',  ( -24.00000000000000355, 4.000000000000000000, -4.000000000000009770 ) ) ;
#274 = LINE ( 'NONE', #930, #1351 ) ;
#275 = ORIENTED_EDGE ( 'NONE', *, *, #1887, .F. ) ;
#276 = FACE_OUTER_BOUND ( 'NONE', #272, .T. ) ;
#277 = FACE_OUTER_BOUND ( 'NONE', #37, .T. ) ;
#278 = EDGE_CURVE ( 'NONE', #1437, #1258, #434, .T. ) ;
#279 = DIRECTION ( 'NONE',  ( 0.000000000000000000, 0.000000000000000000, 1.000000000000000000 ) ) ;
#280 = ORIENTED_EDGE ( 'NONE', *, *, #899, .T. ) ;
#281 = CARTESIAN_POINT ( 'NONE',  ( 54.00000000000000000, 4.000000000000000000, -5.999999999999998224 ) ) ;
#282 = EDGE_LOOP ( 'NONE', ( #1980, #841 ) ) ;
#283 = CARTESIAN_POINT ( 'NONE',  ( 6.000000000000000000, 0.000000000000000000, 6.999999999999999112 ) ) ;
#284 = ORIENTED_EDGE ( 'NONE', *, *, #194, .F. ) ;
#285 = CARTESIAN_POINT ( 'NONE',  ( 60.00000000000000000, 0.000000000000000000, -22.00000000000000000 ) ) ;
#286 = ADVANCED_FACE ( 'NONE', ( #288 ), #806, .F. ) ;
#287 = DIRECTION ( 'NONE',  ( 0.000000000000000000, 0.000000000000000000, 1.000000000000000000 ) ) ;
#288 = FACE_OUTER_BOUND ( 'NONE', #245, .T. ) ;
#289 = EDGE_CURVE ( 'NONE', #1869, #995, #1146, .T. ) ;
#290 = VERTEX_POINT ( 'NONE', #1333 ) ;
#291 = AXIS2_PLACEMENT_3D ( 'NONE', #1745, #1736, #1433 ) ;
#292 = CARTESIAN_POINT ( 'NONE',  ( -36.00000000000001421, 4.000000000000000000, 3.999999999999986233 ) ) ;
#293 = ORIENTED_EDGE ( 'NONE', *, *, #215, .T. ) ;
#294 = DIRECTION ( 'NONE',  ( 0.000000000000000000, 0.000000000000000000, -1.000000000000000000 ) ) ;
#295 = CARTESIAN_POINT ( 'NONE',  ( 54.00000000000000000, 4.000000000000000000, -5.999999999999998224 ) ) ;
#296 = CARTESIAN_POINT ( 'NONE',  ( 6.000000000000000000, 4.000000000000000000, 4.999999999999995559 ) ) ;
#297 = VERTEX_POINT ( 'NONE', #1156 ) ;
#298 = FACE_BOUND ( 'NONE', #718, .T. ) ;
#299 = DIRECTION ( 'NONE',  ( -1.000000000000000000, 0.000000000000000000, 0.000000000000000000 ) ) ;
#300 = EDGE_CURVE ( 'NONE', #1060, #2094, #79, .T. ) ;
#301 = EDGE_CURVE ( 'NONE', #1258, #738, #1461, .T. ) ;
#302 = ORIENTED_EDGE ( 'NONE', *, *, #512, .F. ) ;
#303 = DIRECTION ( 'NONE',  ( 0.000000000000000000, -1.000000000000000000, 0.000000000000000000 ) ) ;
#304 = EDGE_CURVE ( 'NONE', #505, #1192, #1633, .T. ) ;
#305 = ORIENTED_EDGE ( 'NONE', *, *, #1673, .T. ) ;
#306 = FACE_OUTER_BOUND ( 'NONE', #732, .T. ) ;
#307 = CARTESIAN_POINT ( 'NONE',  ( 14.00000000000000000, 0.000000000000000000, 7.000000000000002665 ) ) ;
#308 = DIRECTION ( 'NONE',  ( 0.000000000000000000, 0.000000000000000000, 1.000000000000000000 ) ) ;
#309 = CARTESIAN_POINT ( 'NONE',  ( 13.00000000000000178, 8.673617379884035472E-16, -16.00000000000000000 ) ) ;
#310 = ORIENTED_EDGE ( 'NONE', *, *, #1823, .T. ) ;
#311 = DIRECTION ( 'NONE',  ( 0.000000000000000000, 0.000000000000000000, 1.000000000000000000 ) ) ;
#312 = ORIENTED_EDGE ( 'NONE', *, *, #1756, .T. ) ;
#313 = EDGE_CURVE ( 'NONE', #1606, #1209, #2072, .T. ) ;
#314 = DIRECTION ( 'NONE',  ( 0.000000000000000000, 0.000000000000000000, -1.000000000000000000 ) ) ;
#315 = DATE_AND_TIME ( #1880, #1538 ) ;
#316 = VERTEX_POINT ( 'NONE', #1816 ) ;
#317 = FACE_OUTER_BOUND ( 'NONE', #2174, .T. ) ;
#318 = CARTESIAN_POINT ( 'NONE',  ( 18.00000000000000355, 0.000000000000000000, -19.99999999999999645 ) ) ;
#319 = ORIENTED_EDGE ( 'NONE', *, *, #773, .T. ) ;
#320 = VECTOR ( 'NONE', #1627, 1000.000000000000000 ) ;
#321 = CARTESIAN_POINT ( 'NONE',  ( 14.00000000000000000, 4.000000000000000000, 6.000000000000000888 ) ) ;
#322 = EDGE_CURVE ( 'NONE', #382, #583, #1596, .T. ) ;
#323 = ORIENTED_EDGE ( 'NONE', *, *, #870, .F. ) ;
#324 = CIRCLE ( 'NONE', #1532, 1.000000000000005329 ) ;
#325 = DIRECTION ( 'NONE',  ( 0.000000000000000000, 0.000000000000000000, 1.000000000000000000 ) ) ;
#326 = CARTESIAN_POINT ( 'NONE',  ( 48.00000000000000000, 4.000000000000000000, -16.49999999999999289 ) ) ;
#327 = EDGE_CURVE ( 'NONE', #1992, #18, #464, .T. ) ;
#328 = VERTEX_POINT ( 'NONE', #2185 ) ;
#329 = PLANE ( 'NONE',  #846 ) ;
#330 = DIRECTION ( 'NONE',  ( -0.000000000000000000, 1.000000000000000000, 0.000000000000000000 ) ) ;
#331 = CIRCLE ( 'NONE', #2043, 1.000000000000001776 ) ;
#332 = VECTOR ( 'NONE', #263, 1000.000000000000000 ) ;
#333 = ORIENTED_EDGE ( 'NONE', *, *, #1907, .T. ) ;
#334 = EDGE_LOOP ( 'NONE', ( #967, #1769, #648, #920 ) ) ;
#335 = CIRCLE ( 'NONE', #1390, 0.9999999999999983347 ) ;
#336 = DIRECTION ( 'NONE',  ( -0.000000000000000000, -1.000000000000000000, 0.000000000000000000 ) ) ;
#337 = ORIENTED_EDGE ( 'NONE', *, *, #540, .F. ) ;
#338 = DIRECTION ( 'NONE',  ( 0.000000000000000000, 0.000000000000000000, 1.000000000000000000 ) ) ;
#339 = ORIENTED_EDGE ( 'NONE', *, *, #706, .T. ) ;
#340 = DIRECTION ( 'NONE',  ( 0.000000000000000000, 0.000000000000000000, 1.000000000000000000 ) ) ;
#341 = DIRECTION ( 'NONE',  ( 0.000000000000000000, 1.000000000000000000, 0.000000000000000000 ) ) ;
#342 = EDGE_CURVE ( 'NONE', #1202, #1840, #1714, .T. ) ;
#343 = EDGE_LOOP ( 'NONE', ( #1682, #2238, #1487, #428 ) ) ;
#344 = ORIENTED_EDGE ( 'NONE', *, *, #637, .F. ) ;
#345 = CARTESIAN_POINT ( 'NONE',  ( 48.00000000000000000, 0.000000000000000000, -16.49999999999999289 ) ) ;
#346 = ORIENTED_EDGE ( 'NONE', *, *, #1635, .T. ) ;
#347 = DIRECTION ( 'NONE',  ( 0.000000000000000000, 0.000000000000000000, -1.000000000000000000 ) ) ;
#348 = DIRECTION ( 'NONE',  ( 0.000000000000000000, 0.000000000000000000, -1.000000000000000000 ) ) ;
#349 = CARTESIAN_POINT ( 'NONE',  ( 56.00000000000000000, 0.000000000000000000, -18.00000000000000000 ) ) ;
#350 = ADVANCED_FACE ( 'NONE', ( #1323 ), #2024, .F. ) ;
#351 = EDGE_CURVE ( 'NONE', #688, #1555, #1226, .T. ) ;
#352 = ORIENTED_EDGE ( 'NONE', *, *, #1471, .F. ) ;
#353 = VECTOR ( 'NONE', #1282, 1000.000000000000000 ) ;
#354 = CARTESIAN_POINT ( 'NONE',  ( 54.00000000000000000, 4.000000000000000000, 6.000000000000000000 ) ) ;
#355 = CIRCLE ( 'NONE', #799, 1.000000000000005329 ) ;
#356 = ORIENTED_EDGE ( 'NONE', *, *, #975, .T. ) ;
#357 = CLOSED_SHELL ( 'NONE', ( #1747, #256, #2137, #350, #488, #1245, #1506, #1412, #1777, #1484, #654, #922, #895, #259, #912, #742, #2160, #856, #1595, #1729, #391, #460, #1468, #694, #1877, #473, #1011, #1201, #1502, #73, #831, #445, #1819, #147, #2217, #821, #781, #1454, #1329, #421, #232, #1687, #1300, #286, #1975, #538, #1094, #1049, #1078, #1428, #1386, #1849, #1400, #1074, #198, #582, #1751, #1366, #1972, #188, #52, #1584 ) ) ;
#358 = FACE_BOUND ( 'NONE', #636, .T. ) ;
#359 = PERSON_AND_ORGANIZATION ( #1403, #2046 ) ;
#360 = VECTOR ( 'NONE', #1188, 1000.000000000000000 ) ;
#361 = ORIENTED_EDGE ( 'NONE', *, *, #1989, .T. ) ;
#362 = CYLINDRICAL_SURFACE ( 'NONE', #1138, 1.000000000000001776 ) ;
#363 = AXIS2_PLACEMENT_3D ( 'NONE', #1760, #1583, #2098 ) ;
#364 = DIRECTION ( 'NONE',  ( -0.000000000000000000, -1.000000000000000000, -0.000000000000000000 ) ) ;
#365 = VECTOR ( 'NONE', #2060, 1000.000000000000000 ) ;
#366 = CC_DESIGN_PERSON_AND_ORGANIZATION_ASSIGNMENT ( #2061, #2104, ( #1387 ) ) ;
#368 = VERTEX_POINT ( 'NONE', #763 ) ;
#367 = VECTOR ( 'NONE', #1525, 1000.000000000000000 ) ;
#369 = CARTESIAN_POINT ( 'NONE',  ( -36.00000000000001421, 0.000000000000000000, -5.000000000000012434 ) ) ;
#370 = VECTOR ( 'NONE', #1077, 1000.000000000000000 ) ;
#371 = DIRECTION ( 'NONE',  ( 0.000000000000000000, 0.000000000000000000, 1.000000000000000000 ) ) ;
#372 = EDGE_CURVE ( 'NONE', #2125, #1437, #1974, .T. ) ;
#373 = EDGE_LOOP ( 'NONE', ( #1565, #1611, #1104, #509 ) ) ;
#374 = AXIS2_PLACEMENT_3D ( 'NONE', #2196, #1862, #308 ) ;
#375 = DIRECTION ( 'NONE',  ( -0.000000000000000000, -0.000000000000000000, -1.000000000000000000 ) ) ;
#376 = EDGE_CURVE ( 'NONE', #1822, #1010, #1124, .T. ) ;
#377 = ORIENTED_EDGE ( 'NONE', *, *, #202, .T. ) ;
#378 = CARTESIAN_POINT ( 'NONE',  ( 0.000000000000000000, 4.000000000000000000, -9.999999999999998224 ) ) ;
#379 = LINE ( 'NONE', #907, #1166 ) ;
#380 = ORIENTED_EDGE ( 'NONE', *, *, #1065, .T. ) ;
#381 = CARTESIAN_POINT ( 'NONE',  ( 18.00000000000000355, 4.000000000000000000, -20.00000000000000000 ) ) ;
#382 = VERTEX_POINT ( 'NONE', #932 ) ;
#383 = DIRECTION ( 'NONE',  ( -0.000000000000000000, -1.000000000000000000, -0.000000000000000000 ) ) ;
#384 = VERTEX_POINT ( 'NONE', #1106 ) ;
#385 = DIRECTION ( 'NONE',  ( -0.000000000000000000, -1.000000000000000000, -0.000000000000000000 ) ) ;
#386 = CARTESIAN_POINT ( 'NONE',  ( 60.00000000000000000, 4.000000000000000000, 10.00000000000000178 ) ) ;
#387 = VERTEX_POINT ( 'NONE', #1812 ) ;
#388 = DIRECTION ( 'NONE',  ( 0.000000000000000000, 0.000000000000000000, -1.000000000000000000 ) ) ;
#389 = ORIENTED_EDGE ( 'NONE', *, *, #85, .T. ) ;
#390 = CARTESIAN_POINT ( 'NONE',  ( 60.00000000000000000, 4.000000000000000000, 10.00000000000000178 ) ) ;
#391 = ADVANCED_FACE ( 'NONE', ( #1443 ), #1962, .T. ) ;
#392 = ORIENTED_EDGE ( 'NONE', *, *, #1609, .F. ) ;
#393 = LINE ( 'NONE', #1452, #430 ) ;
#394 = CARTESIAN_POINT ( 'NONE',  ( -40.00000000000000000, 0.000000000000000000, -6.999999999999998224 ) ) ;
#395 = CIRCLE ( 'NONE', #1306, 1.000000000000001332 ) ;
#396 = VERTEX_POINT ( 'NONE', #1272 ) ;
#397 = CIRCLE ( 'NONE', #948, 1.500000000000001332 ) ;
#398 = CARTESIAN_POINT ( 'NONE',  ( -37.00000000000000000, 4.000000000000000000, -9.999999999999998224 ) ) ;
#399 = CARTESIAN_POINT ( 'NONE',  ( 12.99999999999999822, 4.000000000000000000, -24.00000000000000000 ) ) ;
#400 = AXIS2_PLACEMENT_3D ( 'NONE', #661, #839, #1540 ) ;
#401 = AXIS2_PLACEMENT_3D ( 'NONE', #567, #43, #741 ) ;
#402 = EDGE_LOOP ( 'NONE', ( #68, #2222 ) ) ;
#403 = LINE ( 'NONE', #390, #696 ) ;
#404 = LOCAL_TIME ( 12, 12, 22.00000000000000000, #166 ) ;
#405 = ORIENTED_EDGE ( 'NONE', *, *, #412, .F. ) ;
#406 = CARTESIAN_POINT ( 'NONE',  ( 14.00000000000000000, 4.000000000000000000, 6.000000000000000888 ) ) ;
#407 = DIRECTION ( 'NONE',  ( -0.000000000000000000, -1.000000000000000000, 0.000000000000000000 ) ) ;
#408 = VERTEX_POINT ( 'NONE', #398 ) ;
#409 = DIRECTION ( 'NONE',  ( 0.000000000000000000, 1.000000000000000000, 0.000000000000000000 ) ) ;
#410 = CYLINDRICAL_SURFACE ( 'NONE', #755, 1.000000000000005329 ) ;
#411 = CARTESIAN_POINT ( 'NONE',  ( 12.99999999999999822, 8.673617379884035472E-16, -24.00000000000000000 ) ) ;
#412 = EDGE_CURVE ( 'NONE', #1258, #1475, #1802, .T. ) ;
#413 = EDGE_LOOP ( 'NONE', ( #1591, #565 ) ) ;
#414 = CARTESIAN_POINT ( 'NONE',  ( 36.00000000000000000, 4.000000000000000000, -4.999999999999994671 ) ) ;
#415 = EDGE_LOOP ( 'NONE', ( #2084, #992, #2244, #1149 ) ) ;
#416 = CARTESIAN_POINT ( 'NONE',  ( 36.00000000000000000, 4.000000000000000000, 3.000000000000005329 ) ) ;
#417 = CARTESIAN_POINT ( 'NONE',  ( 56.00000000000000000, 4.000000000000000000, -19.50000000000000355 ) ) ;
#418 = ORIENTED_EDGE ( 'NONE', *, *, #1516, .T. ) ;
#419 = CARTESIAN_POINT ( 'NONE',  ( 12.99999999999999822, 8.673617379884035472E-16, -24.00000000000000000 ) ) ;
#420 = CARTESIAN_POINT ( 'NONE',  ( 14.00000000000000000, 0.000000000000000000, 6.000000000000000888 ) ) ;
#421 = ADVANCED_FACE ( 'NONE', ( #1116 ), #435, .F. ) ;
#422 = DIRECTION ( 'NONE',  ( -8.673617379884035472E-16, 0.000000000000000000, 1.000000000000000000 ) ) ;
#423 = CARTESIAN_POINT ( 'NONE',  ( 37.00000000000000000, 4.000000000000000000, -12.99999999999999822 ) ) ;
#424 = EDGE_CURVE ( 'NONE', #2036, #659, #2186, .T. ) ;
#425 = EDGE_LOOP ( 'NONE', ( #97, #270, #1379, #280 ) ) ;
#426 = DIRECTION ( 'NONE',  ( 0.000000000000000000, 0.000000000000000000, 1.000000000000000000 ) ) ;
#427 = DIRECTION ( 'NONE',  ( 0.000000000000000000, 1.000000000000000000, -0.000000000000000000 ) ) ;
#428 = ORIENTED_EDGE ( 'NONE', *, *, #1839, .F. ) ;
#429 = CARTESIAN_POINT ( 'NONE',  ( 23.99999999999999645, 4.000000000000000000, 4.000000000000000888 ) ) ;
#430 = VECTOR ( 'NONE', #209, 1000.000000000000000 ) ;
#431 = CARTESIAN_POINT ( 'NONE',  ( 0.000000000000000000, 0.000000000000000000, 10.00000000000000178 ) ) ;
#432 = AXIS2_PLACEMENT_3D ( 'NONE', #49, #1815, #1460 ) ;
#433 = ORIENTED_EDGE ( 'NONE', *, *, #1242, .T. ) ;
#434 = CIRCLE ( 'NONE', #1890, 2.000000000000001776 ) ;
#435 = CYLINDRICAL_SURFACE ( 'NONE', #249, 1.000000000000001776 ) ;
#436 = DIRECTION ( 'NONE',  ( -0.000000000000000000, -1.000000000000000000, -0.000000000000000000 ) ) ;
#437 = CARTESIAN_POINT ( 'NONE',  ( 36.00000000000000000, 4.000000000000000000, 4.000000000000003553 ) ) ;
#438 = AXIS2_PLACEMENT_3D ( 'NONE', #950, #1829, #598 ) ;
#439 = CARTESIAN_POINT ( 'NONE',  ( 14.00000000000000000, 0.000000000000000000, 4.999999999999999112 ) ) ;
#440 = VERTEX_POINT ( 'NONE', #2143 ) ;
#441 = EDGE_CURVE ( 'NONE', #659, #1606, #1841, .T. ) ;
#442 = DIRECTION ( 'NONE',  ( 0.000000000000000000, 0.000000000000000000, 1.000000000000000000 ) ) ;
#443 = AXIS2_PLACEMENT_3D ( 'NONE', #1967, #903, #1430 ) ;
#444 = ORIENTED_EDGE ( 'NONE', *, *, #554, .T. ) ;
#445 = ADVANCED_FACE ( 'NONE', ( #779 ), #584, .F. ) ;
#446 = APPROVAL_PERSON_ORGANIZATION ( #359, #1985, #197 ) ;
#447 = DIRECTION ( 'NONE',  ( 0.000000000000000000, 0.000000000000000000, -1.000000000000000000 ) ) ;
#448 = LINE ( 'NONE', #1838, #2198 ) ;
#449 = ORIENTED_EDGE ( 'NONE', *, *, #17, .T. ) ;
#450 = AXIS2_PLACEMENT_3D ( 'NONE', #1938, #1068, #340 ) ;
#451 = DIRECTION ( 'NONE',  ( -1.000000000000000000, 0.000000000000000000, -0.000000000000000000 ) ) ;
#452 = DIRECTION ( 'NONE',  ( -0.000000000000000000, -1.000000000000000000, -0.000000000000000000 ) ) ;
#453 = FACE_OUTER_BOUND ( 'NONE', #2096, .T. ) ;
#454 = EDGE_LOOP ( 'NONE', ( #1301, #192, #1092, #2201 ) ) ;
#455 = FACE_OUTER_BOUND ( 'NONE', #1620, .T. ) ;
#456 = EDGE_CURVE ( 'NONE', #774, #575, #506, .T. ) ;
#457 = ORIENTED_EDGE ( 'NONE', *, *, #753, .T. ) ;
#458 = DIRECTION ( 'NONE',  ( 0.000000000000000000, 0.000000000000000000, -1.000000000000000000 ) ) ;
#459 = APPROVAL_STATUS ( 'not_yet_approved' ) ;
#460 = ADVANCED_FACE ( 'NONE', ( #1285 ), #1828, .F. ) ;
#461 = ORIENTED_EDGE ( 'NONE', *, *, #961, .F. ) ;
#462 = DIRECTION ( 'NONE',  ( 0.000000000000000000, 0.000000000000000000, 1.000000000000000000 ) ) ;
#463 = CARTESIAN_POINT ( 'NONE',  ( 8.000000000000000000, 8.673617379884035472E-16, -32.00000000000000000 ) ) ;
#464 = LINE ( 'NONE', #1299, #2108 ) ;
#465 = ORIENTED_EDGE ( 'NONE', *, *, #2017, .F. ) ;
#466 = CARTESIAN_POINT ( 'NONE',  ( -37.00000000000000000, 4.000000000000000000, 7.000000000000001776 ) ) ;
#467 = VERTEX_POINT ( 'NONE', #1144 ) ;
#468 = CARTESIAN_POINT ( 'NONE',  ( 12.99999999999999822, 8.673617379884035472E-16, -25.50000000000000355 ) ) ;
#469 = DIRECTION ( 'NONE',  ( 0.000000000000000000, 0.000000000000000000, -1.000000000000000000 ) ) ;
#470 = EDGE_CURVE ( 'NONE', #1763, #2151, #1651, .T. ) ;
#471 = ORIENTED_EDGE ( 'NONE', *, *, #756, .T. ) ;
#472 = FACE_BOUND ( 'NONE', #808, .T. ) ;
#473 = ADVANCED_FACE ( 'NONE', ( #276 ), #607, .T. ) ;
#474 = CARTESIAN_POINT ( 'NONE',  ( 46.00000000000000000, 0.000000000000000000, 5.999999999999998224 ) ) ;
#475 = AXIS2_PLACEMENT_3D ( 'NONE', #1931, #1577, #2057 ) ;
#476 = ORIENTED_EDGE ( 'NONE', *, *, #2187, .F. ) ;
#477 = AXIS2_PLACEMENT_3D ( 'NONE', #474, #1852, #287 ) ;
#478 = DIRECTION ( 'NONE',  ( -0.000000000000000000, -1.000000000000000000, -0.000000000000000000 ) ) ;
#479 = ORIENTED_EDGE ( 'NONE', *, *, #1269, .T. ) ;
#480 = VECTOR ( 'NONE', #1150, 1000.000000000000000 ) ;
#481 = LINE ( 'NONE', #468, #1752 ) ;
#482 = COORDINATED_UNIVERSAL_TIME_OFFSET ( 8, 0, .AHEAD. ) ;
#483 = AXIS2_PLACEMENT_3D ( 'NONE', #647, #93, #311 ) ;
#484 = AXIS2_PLACEMENT_3D ( 'NONE', #56, #1294, #593 ) ;
#485 = DIRECTION ( 'NONE',  ( 0.000000000000000000, 1.000000000000000000, -0.000000000000000000 ) ) ;
#486 = CYLINDRICAL_SURFACE ( 'NONE', #986, 1.500000000000001332 ) ;
#487 = VECTOR ( 'NONE', #2206, 1000.000000000000000 ) ;
#488 = ADVANCED_FACE ( 'NONE', ( #790 ), #2180, .F. ) ;
#489 = EDGE_LOOP ( 'NONE', ( #2240, #233, #857, #1179 ) ) ;
#490 = DIRECTION ( 'NONE',  ( -0.000000000000000000, -1.000000000000000000, 0.000000000000000000 ) ) ;
#491 = VERTEX_POINT ( 'NONE', #572 ) ;
#492 = DIRECTION ( 'NONE',  ( 0.000000000000000000, 1.000000000000000000, -0.000000000000000000 ) ) ;
#493 = COORDINATED_UNIVERSAL_TIME_OFFSET ( 8, 0, .AHEAD. ) ;
#494 = CARTESIAN_POINT ( 'NONE',  ( -37.00000000000000000, 4.000000000000000000, 10.00000000000000178 ) ) ;
#495 = CARTESIAN_POINT ( 'NONE',  ( 6.000000000000000000, 4.000000000000000000, -5.999999999999995559 ) ) ;
#496 = EDGE_CURVE ( 'NONE', #2151, #1763, #1542, .T. ) ;
#497 = ORIENTED_EDGE ( 'NONE', *, *, #2127, .T. ) ;
#498 = LINE ( 'NONE', #2093, #1495 ) ;
#499 = EDGE_CURVE ( 'NONE', #995, #2168, #1027, .T. ) ;
#500 = ORIENTED_EDGE ( 'NONE', *, *, #1265, .F. ) ;
#501 = FACE_BOUND ( 'NONE', #905, .T. ) ;
#502 = FACE_BOUND ( 'NONE', #1695, .T. ) ;
#503 = CARTESIAN_POINT ( 'NONE',  ( 60.00000000000000000, 4.000000000000000000, 7.000000000000001776 ) ) ;
#504 = AXIS2_PLACEMENT_3D ( 'NONE', #1061, #1446, #563 ) ;
#505 = VERTEX_POINT ( 'NONE', #285 ) ;
#506 = CIRCLE ( 'NONE', #1196, 3.000000000000000000 ) ;
#507 = DIRECTION ( 'NONE',  ( 0.000000000000000000, 0.000000000000000000, -1.000000000000000000 ) ) ;
#508 = CIRCLE ( 'NONE', #1964, 3.000000000000000000 ) ;
#509 = ORIENTED_EDGE ( 'NONE', *, *, #1342, .T. ) ;
#510 = CIRCLE ( 'NONE', #1860, 1.000000000000001776 ) ;
#511 = FACE_BOUND ( 'NONE', #615, .T. ) ;
#512 = EDGE_CURVE ( 'NONE', #813, #681, #36, .T. ) ;
#513 = CIRCLE ( 'NONE', #876, 3.000000000000000000 ) ;
#514 = DIRECTION ( 'NONE',  ( 0.000000000000000000, 0.000000000000000000, 1.000000000000000000 ) ) ;
#515 = CARTESIAN_POINT ( 'NONE',  ( 6.000000000000000000, 4.000000000000000000, 6.999999999999999112 ) ) ;
#516 = AXIS2_PLACEMENT_3D ( 'NONE', #1476, #478, #827 ) ;
#517 = ORIENTED_EDGE ( 'NONE', *, *, #1000, .F. ) ;
#518 = EDGE_LOOP ( 'NONE', ( #337, #2065, #1075, #524 ) ) ;
#519 = AXIS2_PLACEMENT_3D ( 'NONE', #697, #889, #5 ) ;
#520 = DIRECTION ( 'NONE',  ( -0.000000000000000000, -1.000000000000000000, -0.000000000000000000 ) ) ;
#521 = ORIENTED_EDGE ( 'NONE', *, *, #1227, .T. ) ;
#522 = FACE_BOUND ( 'NONE', #2235, .T. ) ;
#523 = EDGE_CURVE ( 'NONE', #575, #1984, #125, .T. ) ;
#524 = ORIENTED_EDGE ( 'NONE', *, *, #2231, .F. ) ;
#525 = CYLINDRICAL_SURFACE ( 'NONE', #2253, 1.000000000000005329 ) ;
#526 = DIRECTION ( 'NONE',  ( -0.000000000000000000, -1.000000000000000000, 0.000000000000000000 ) ) ;
#527 = EDGE_CURVE ( 'NONE', #1391, #2062, #1940, .T. ) ;
#528 = ORIENTED_EDGE ( 'NONE', *, *, #844, .T. ) ;
#529 = VERTEX_POINT ( 'NONE', #1497 ) ;
#530 = CARTESIAN_POINT ( 'NONE',  ( -24.00000000000000355, 0.000000000000000000, -4.000000000000009770 ) ) ;
#531 = ORIENTED_EDGE ( 'NONE', *, *, #1607, .T. ) ;
#532 = CARTESIAN_POINT ( 'NONE',  ( 43.00000000000000000, 4.000000000000000000, -19.00000000000000000 ) ) ;
#533 = PERSON_AND_ORGANIZATION_ROLE ( 'design_supplier' ) ;
#534 = EDGE_LOOP ( 'NONE', ( #1442, #1948 ) ) ;
#535 = DIRECTION ( 'NONE',  ( 0.000000000000000000, 0.000000000000000000, 1.000000000000000000 ) ) ;
#536 = CC_DESIGN_PERSON_AND_ORGANIZATION_ASSIGNMENT ( #1420, #177, ( #2082 ) ) ;
#537 = DIRECTION ( 'NONE',  ( 0.000000000000000000, 1.000000000000000000, 0.000000000000000000 ) ) ;
#538 = ADVANCED_FACE ( 'NONE', ( #472, #2063, #633, #502, #134, #1006, #1024, #1321, #2022, #1727, #298, #1015, #832, #998, #643, #2230, #665, #1531, #2040, #824, #2030 ), #1193, .T. ) ;
#539 = VERTEX_POINT ( 'NONE', #1543 ) ;
#540 = EDGE_CURVE ( 'NONE', #1869, #387, #2236, .T. ) ;
#541 = DIRECTION ( 'NONE',  ( 0.000000000000000000, 0.000000000000000000, 1.000000000000000000 ) ) ;
#542 = ORIENTED_EDGE ( 'NONE', *, *, #1415, .F. ) ;
#543 = AXIS2_PLACEMENT_3D ( 'NONE', #1500, #783, #279 ) ;
#544 = CARTESIAN_POINT ( 'NONE',  ( 18.00000000000000355, 4.000000000000000000, -34.00000000000000000 ) ) ;
#545 = AXIS2_PLACEMENT_3D ( 'NONE', #2101, #859, #185 ) ;
#546 = EDGE_LOOP ( 'NONE', ( #794, #955 ) ) ;
#547 = DIRECTION ( 'NONE',  ( 1.000000000000000000, -0.000000000000000000, 0.000000000000000000 ) ) ;
#548 = CARTESIAN_POINT ( 'NONE',  ( -24.00000000000000355, 4.000000000000000000, 4.999999999999990230 ) ) ;
#549 = CIRCLE ( 'NONE', #1968, 0.9999999999999983347 ) ;
#550 = ORIENTED_EDGE ( 'NONE', *, *, #1715, .F. ) ;
#551 = DIRECTION ( 'NONE',  ( 0.000000000000000000, 1.000000000000000000, -0.000000000000000000 ) ) ;
#552 = AXIS2_PLACEMENT_3D ( 'NONE', #1848, #1529, #662 ) ;
#553 = DIRECTION ( 'NONE',  ( 0.000000000000000000, 1.000000000000000000, 0.000000000000000000 ) ) ;
#554 = EDGE_CURVE ( 'NONE', #1644, #199, #2200, .T. ) ;
#555 = ORIENTED_EDGE ( 'NONE', *, *, #244, .T. ) ;
#556 = AXIS2_PLACEMENT_3D ( 'NONE', #1341, #1175, #1698 ) ;
#557 = CARTESIAN_POINT ( 'NONE',  ( 54.00000000000000000, 4.000000000000000000, -5.000000000000000000 ) ) ;
#558 = PERSON_AND_ORGANIZATION ( #1403, #2046 ) ;
#559 = ORIENTED_EDGE ( 'NONE', *, *, #1568, .T. ) ;
#560 = DIRECTION ( 'NONE',  ( 0.000000000000000000, 1.000000000000000000, 0.000000000000000000 ) ) ;
#561 = CARTESIAN_POINT ( 'NONE',  ( 18.00000000000000355, 8.673617379884035472E-16, -34.00000000000000000 ) ) ;
#562 = ORIENTED_EDGE ( 'NONE', *, *, #2099, .T. ) ;
#563 = DIRECTION ( 'NONE',  ( 0.000000000000000000, 0.000000000000000000, 1.000000000000000000 ) ) ;
#564 = EDGE_CURVE ( 'NONE', #901, #1992, #2053, .T. ) ;
#565 = ORIENTED_EDGE ( 'NONE', *, *, #1227, .F. ) ;
#566 = EDGE_CURVE ( 'NONE', #678, #1558, #1608, .T. ) ;
#567 = CARTESIAN_POINT ( 'NONE',  ( -24.00000000000000355, 0.000000000000000000, 3.999999999999988898 ) ) ;
#568 = ORIENTED_EDGE ( 'NONE', *, *, #372, .T. ) ;
#569 = CARTESIAN_POINT ( 'NONE',  ( 14.00000000000000000, 4.000000000000000000, -4.999999999999997335 ) ) ;
#570 = LINE ( 'NONE', #960, #1276 ) ;
#571 = ORIENTED_EDGE ( 'NONE', *, *, #1090, .T. ) ;
#572 = CARTESIAN_POINT ( 'NONE',  ( 46.00000000000000000, 0.000000000000000000, 7.000000000000003553 ) ) ;
#573 = CYLINDRICAL_SURFACE ( 'NONE', #938, 2.000000000000001776 ) ;
#574 = CARTESIAN_POINT ( 'NONE',  ( 54.00000000000000000, 4.000000000000000000, -5.000000000000000000 ) ) ;
#575 = VERTEX_POINT ( 'NONE', #494 ) ;
#576 = LINE ( 'NONE', #1955, #838 ) ;
#577 = VECTOR ( 'NONE', #184, 1000.000000000000000 ) ;
#578 = EDGE_LOOP ( 'NONE', ( #29, #1018, #137, #1198 ) ) ;
#579 = CARTESIAN_POINT ( 'NONE',  ( 46.00000000000000000, 4.000000000000000000, 5.999999999999998224 ) ) ;
#580 = DIRECTION ( 'NONE',  ( -0.000000000000000000, -1.000000000000000000, -0.000000000000000000 ) ) ;
#581 = AXIS2_PLACEMENT_3D ( 'NONE', #2023, #1813, #1154 ) ;
#582 = ADVANCED_FACE ( 'NONE', ( #317 ), #329, .T. ) ;
#583 = VERTEX_POINT ( 'NONE', #1512 ) ;
#584 = CYLINDRICAL_SURFACE ( 'NONE', #210, 1.000000000000001776 ) ;
#585 = LINE ( 'NONE', #1781, #1594 ) ;
#586 = LINE ( 'NONE', #1081, #577 ) ;
#587 = CIRCLE ( 'NONE', #1200, 0.9999999999999983347 ) ;
#588 = AXIS2_PLACEMENT_3D ( 'NONE', #1979, #734, #81 ) ;
#589 = ORIENTED_EDGE ( 'NONE', *, *, #441, .F. ) ;
#590 = CARTESIAN_POINT ( 'NONE',  ( -37.00000000000000000, 0.000000000000000000, -6.999999999999998224 ) ) ;
#591 = ORIENTED_EDGE ( 'NONE', *, *, #104, .F. ) ;
#592 = CARTESIAN_POINT ( 'NONE',  ( 13.00000000000000178, 8.673617379884035472E-16, -17.50000000000000000 ) ) ;
#593 = DIRECTION ( 'NONE',  ( 0.000000000000000000, 0.000000000000000000, -1.000000000000000000 ) ) ;
#594 = EDGE_CURVE ( 'NONE', #1182, #2009, #1208, .T. ) ;
#595 = ORIENTED_EDGE ( 'NONE', *, *, #173, .T. ) ;
#596 = DIRECTION ( 'NONE',  ( -1.000000000000000000, -0.000000000000000000, -0.000000000000000000 ) ) ;
#597 = EDGE_CURVE ( 'NONE', #1840, #1202, #335, .T. ) ;
#598 = DIRECTION ( 'NONE',  ( 0.000000000000000000, 0.000000000000000000, -1.000000000000000000 ) ) ;
#599 = DIRECTION ( 'NONE',  ( 0.000000000000000000, 0.000000000000000000, 1.000000000000000000 ) ) ;
#600 = DIRECTION ( 'NONE',  ( -0.000000000000000000, -1.000000000000000000, -0.000000000000000000 ) ) ;
#601 = VERTEX_POINT ( 'NONE', #1055 ) ;
#602 = DIRECTION ( 'NONE',  ( -0.000000000000000000, -1.000000000000000000, -0.000000000000000000 ) ) ;
#603 = ORIENTED_EDGE ( 'NONE', *, *, #244, .F. ) ;
#604 = CARTESIAN_POINT ( 'NONE',  ( 12.99999999999999822, 4.000000000000000000, -25.50000000000000355 ) ) ;
#605 = CARTESIAN_POINT ( 'NONE',  ( 46.00000000000000000, 4.000000000000000000, -5.999999999999993783 ) ) ;
#606 = ORIENTED_EDGE ( 'NONE', *, *, #1265, .T. ) ;
#607 = PLANE ( 'NONE',  #915 ) ;
#608 = CARTESIAN_POINT ( 'NONE',  ( 48.00000000000000000, 0.000000000000000000, -18.00000000000000000 ) ) ;
#609 = DIRECTION ( 'NONE',  ( -0.000000000000000000, -1.000000000000000000, -0.000000000000000000 ) ) ;
#610 = EDGE_CURVE ( 'NONE', #583, #382, #1694, .T. ) ;
#611 = DIRECTION ( 'NONE',  ( 0.000000000000000000, 0.000000000000000000, 1.000000000000000000 ) ) ;
#612 = EDGE_CURVE ( 'NONE', #2151, #947, #178, .T. ) ;
#613 = ORIENTED_EDGE ( 'NONE', *, *, #2250, .F. ) ;
#614 = DIRECTION ( 'NONE',  ( -0.000000000000000000, -1.000000000000000000, 0.000000000000000000 ) ) ;
#615 = EDGE_LOOP ( 'NONE', ( #1038, #42 ) ) ;
#616 = CARTESIAN_POINT ( 'NONE',  ( 10.00000000000000000, 4.000000000000000000, -32.00000000000000000 ) ) ;
#617 = DIRECTION ( 'NONE',  ( -0.000000000000000000, -1.000000000000000000, -0.000000000000000000 ) ) ;
#618 = CIRCLE ( 'NONE', #58, 0.9999999999999983347 ) ;
#619 = ORIENTED_EDGE ( 'NONE', *, *, #2204, .T. ) ;
#620 = AXIS2_PLACEMENT_3D ( 'NONE', #1650, #2013, #977 ) ;
#621 = DIRECTION ( 'NONE',  ( 0.000000000000000000, 1.000000000000000000, -0.000000000000000000 ) ) ;
#622 = LINE ( 'NONE', #1241, #1894 ) ;
#623 = VECTOR ( 'NONE', #19, 1000.000000000000000 ) ;
#624 = CARTESIAN_POINT ( 'NONE',  ( 23.99999999999999645, 4.000000000000000000, -3.999999999999997335 ) ) ;
#625 = ORIENTED_EDGE ( 'NONE', *, *, #690, .T. ) ;
#626 = CARTESIAN_POINT ( 'NONE',  ( 28.00000000000000355, 4.000000000000000000, -9.999999999999998224 ) ) ;
#627 = AXIS2_PLACEMENT_3D ( 'NONE', #34, #1809, #1641 ) ;
#628 = VERTEX_POINT ( 'NONE', #15 ) ;
#629 = APPROVAL_PERSON_ORGANIZATION ( #1338, #936, #143 ) ;
#630 = LINE ( 'NONE', #2037, #1569 ) ;
#631 = CARTESIAN_POINT ( 'NONE',  ( -37.00000000000000000, 4.000000000000000000, -9.999999999999998224 ) ) ;
#632 = ORIENTED_EDGE ( 'NONE', *, *, #2112, .T. ) ;
#633 = FACE_BOUND ( 'NONE', #282, .T. ) ;
#634 = LINE ( 'NONE', #463, #623 ) ;
#635 = DIRECTION ( 'NONE',  ( 0.000000000000000000, 0.000000000000000000, 1.000000000000000000 ) ) ;
#636 = EDGE_LOOP ( 'NONE', ( #757, #1246 ) ) ;
#637 = EDGE_CURVE ( 'NONE', #408, #1818, #2107, .T. ) ;
#638 = DIRECTION ( 'NONE',  ( -0.000000000000000000, -1.000000000000000000, -0.000000000000000000 ) ) ;
#639 = ORIENTED_EDGE ( 'NONE', *, *, #728, .T. ) ;
#640 = EDGE_CURVE ( 'NONE', #74, #1901, #702, .T. ) ;
#641 = DIRECTION ( 'NONE',  ( -0.000000000000000000, -1.000000000000000000, -0.000000000000000000 ) ) ;
#642 = ORIENTED_EDGE ( 'NONE', *, *, #1167, .T. ) ;
#643 = FACE_BOUND ( 'NONE', #2207, .T. ) ;
#644 = DIRECTION ( 'NONE',  ( 0.000000000000000000, 0.000000000000000000, -1.000000000000000000 ) ) ;
#645 = DIRECTION ( 'NONE',  ( 0.000000000000000000, 1.000000000000000000, -0.000000000000000000 ) ) ;
#646 = EDGE_LOOP ( 'NONE', ( #500, #361, #339, #1140 ) ) ;
#647 = CARTESIAN_POINT ( 'NONE',  ( 54.00000000000000000, 4.000000000000000000, 6.000000000000000000 ) ) ;
#648 = ORIENTED_EDGE ( 'NONE', *, *, #17, .F. ) ;
#649 = CARTESIAN_POINT ( 'NONE',  ( 46.00000000000000000, 4.000000000000000000, 7.000000000000003553 ) ) ;
#650 = COORDINATED_UNIVERSAL_TIME_OFFSET ( 8, 0, .AHEAD. ) ;
#651 = CARTESIAN_POINT ( 'NONE',  ( 36.00000000000000000, 0.000000000000000000, 4.000000000000003553 ) ) ;
#652 = VECTOR ( 'NONE', #748, 1000.000000000000000 ) ;
#653 = FACE_OUTER_BOUND ( 'NONE', #2211, .T. ) ;
#654 = ADVANCED_FACE ( 'NONE', ( #1743 ), #362, .F. ) ;
#655 = VECTOR ( 'NONE', #793, 1000.000000000000000 ) ;
#656 = VERTEX_POINT ( 'NONE', #897 ) ;
#657 = AXIS2_PLACEMENT_3D ( 'NONE', #716, #526, #1939 ) ;
#658 = CARTESIAN_POINT ( 'NONE',  ( 13.00000000000000178, 8.673617379884035472E-16, -16.00000000000000000 ) ) ;
#659 = VERTEX_POINT ( 'NONE', #1223 ) ;
#660 = CIRCLE ( 'NONE', #67, 1.000000000000001332 ) ;
#661 = CARTESIAN_POINT ( 'NONE',  ( 36.00000000000000000, 4.000000000000000000, 4.000000000000003553 ) ) ;
#662 = DIRECTION ( 'NONE',  ( 1.000000000000000000, 0.000000000000000000, 0.000000000000000000 ) ) ;
#663 = AXIS2_PLACEMENT_3D ( 'NONE', #1325, #490, #1505 ) ;
#664 = AXIS2_PLACEMENT_3D ( 'NONE', #1494, #1996, #237 ) ;
#665 = FACE_BOUND ( 'NONE', #1392, .T. ) ;
#666 = DIRECTION ( 'NONE',  ( -0.000000000000000000, -1.000000000000000000, 0.000000000000000000 ) ) ;
#667 = VECTOR ( 'NONE', #1364, 1000.000000000000000 ) ;
#668 = EDGE_CURVE ( 'NONE', #746, #1401, #227, .T. ) ;
#669 = ORIENTED_EDGE ( 'NONE', *, *, #2044, .F. ) ;
#670 = LINE ( 'NONE', #1548, #360 ) ;
#671 = ORIENTED_EDGE ( 'NONE', *, *, #717, .F. ) ;
#672 = DIRECTION ( 'NONE',  ( -0.000000000000000000, -1.000000000000000000, -0.000000000000000000 ) ) ;
#673 = DIRECTION ( 'NONE',  ( -0.000000000000000000, 1.000000000000000000, -0.000000000000000000 ) ) ;
#674 = ORIENTED_EDGE ( 'NONE', *, *, #870, .T. ) ;
#675 = DIRECTION ( 'NONE',  ( -0.000000000000000000, 1.000000000000000000, -0.000000000000000000 ) ) ;
#676 = DIRECTION ( 'NONE',  ( 0.000000000000000000, 0.000000000000000000, 1.000000000000000000 ) ) ;
#677 = ADVANCED_BREP_SHAPE_REPRESENTATION ( '\X2\76f47ebf5bfc8f688f6c63a5677f\X0\ 4mm', ( #219, #552 ), #1758 ) ;
#678 = VERTEX_POINT ( 'NONE', #715 ) ;
#679 = DIRECTION ( 'NONE',  ( 0.000000000000000000, 1.000000000000000000, -0.000000000000000000 ) ) ;
#680 = EDGE_CURVE ( 'NONE', #1994, #725, #2048, .T. ) ;
#681 = VERTEX_POINT ( 'NONE', #1043 ) ;
#682 = FACE_BOUND ( 'NONE', #1348, .T. ) ;
#683 = ORIENTED_EDGE ( 'NONE', *, *, #327, .F. ) ;
#684 = CARTESIAN_POINT ( 'NONE',  ( 12.99999999999999822, 8.673617379884035472E-16, -22.50000000000000000 ) ) ;
#685 = DIRECTION ( 'NONE',  ( -0.000000000000000000, -1.000000000000000000, -0.000000000000000000 ) ) ;
#686 = CIRCLE ( 'NONE', #2184, 1.000000000000001332 ) ;
#687 = ORIENTED_EDGE ( 'NONE', *, *, #1571, .F. ) ;
#688 = VERTEX_POINT ( 'NONE', #1247 ) ;
#689 = PLANE ( 'NONE',  #545 ) ;
#690 = EDGE_CURVE ( 'NONE', #826, #297, #1425, .T. ) ;
#691 = CIRCLE ( 'NONE', #1746, 0.9999999999999983347 ) ;
#692 = EDGE_LOOP ( 'NONE', ( #1827, #1 ) ) ;
#693 = AXIS2_PLACEMENT_3D ( 'NONE', #1186, #685, #1882 ) ;
#694 = ADVANCED_FACE ( 'NONE', ( #1905 ), #863, .T. ) ;
#695 = DIRECTION ( 'NONE',  ( -0.000000000000000000, -1.000000000000000000, -0.000000000000000000 ) ) ;
#696 = VECTOR ( 'NONE', #1621, 1000.000000000000000 ) ;
#697 = CARTESIAN_POINT ( 'NONE',  ( 0.000000000000000000, 4.000000000000000000, -22.00000000000000000 ) ) ;
#698 = CARTESIAN_POINT ( 'NONE',  ( 37.00000000000000000, 0.000000000000000000, -9.999999999999998224 ) ) ;
#699 = CIRCLE ( 'NONE', #401, 1.000000000000001776 ) ;
#700 = ORIENTED_EDGE ( 'NONE', *, *, #1690, .F. ) ;
#701 = ORIENTED_EDGE ( 'NONE', *, *, #351, .T. ) ;
#702 = CIRCLE ( 'NONE', #1976, 1.000000000000001776 ) ;
#703 = DIRECTION ( 'NONE',  ( 0.000000000000000000, 0.000000000000000000, 1.000000000000000000 ) ) ;
#704 = ORIENTED_EDGE ( 'NONE', *, *, #1269, .F. ) ;
#705 = DIRECTION ( 'NONE',  ( 0.000000000000000000, -1.000000000000000000, 0.000000000000000000 ) ) ;
#706 = EDGE_CURVE ( 'NONE', #1600, #896, #1793, .T. ) ;
#707 = DIRECTION ( 'NONE',  ( 0.000000000000000000, 1.000000000000000000, -0.000000000000000000 ) ) ;
#708 = CYLINDRICAL_SURFACE ( 'NONE', #1928, 1.500000000000004885 ) ;
#709 = EDGE_CURVE ( 'NONE', #1570, #1644, #1592, .T. ) ;
#710 = VERTEX_POINT ( 'NONE', #1033 ) ;
#711 = CARTESIAN_POINT ( 'NONE',  ( 54.00000000000000000, 4.000000000000000000, 6.999999999999998224 ) ) ;
#712 = EDGE_LOOP ( 'NONE', ( #687, #130 ) ) ;
#713 = DIRECTION ( 'NONE',  ( 0.000000000000000000, 1.000000000000000000, -0.000000000000000000 ) ) ;
#714 = EDGE_LOOP ( 'NONE', ( #1766, #1255, #1844, #1447 ) ) ;
#715 = CARTESIAN_POINT ( 'NONE',  ( 48.00000000000000000, 0.000000000000000000, -19.50000000000000355 ) ) ;
#716 = CARTESIAN_POINT ( 'NONE',  ( 23.99999999999999645, 0.000000000000000000, 4.000000000000000888 ) ) ;
#717 = EDGE_CURVE ( 'NONE', #1861, #1475, #2121, .T. ) ;
#718 = EDGE_LOOP ( 'NONE', ( #389, #606 ) ) ;
#719 = AXIS2_PLACEMENT_3D ( 'NONE', #736, #2139, #1788 ) ;
#720 = CARTESIAN_POINT ( 'NONE',  ( -36.00000000000001421, 4.000000000000000000, -3.000000000000015543 ) ) ;
#721 = ORIENTED_EDGE ( 'NONE', *, *, #38, .T. ) ;
#722 = VECTOR ( 'NONE', #1843, 1000.000000000000000 ) ;
#723 = DIRECTION ( 'NONE',  ( 0.000000000000000000, 0.000000000000000000, 1.000000000000000000 ) ) ;
#724 = AXIS2_PLACEMENT_3D ( 'NONE', #2011, #452, #99 ) ;
#725 = VERTEX_POINT ( 'NONE', #2260 ) ;
#726 = DIRECTION ( 'NONE',  ( -0.000000000000000000, -1.000000000000000000, 0.000000000000000000 ) ) ;
#727 = DIRECTION ( 'NONE',  ( 0.000000000000000000, 0.000000000000000000, -1.000000000000000000 ) ) ;
#728 = EDGE_CURVE ( 'NONE', #1040, #896, #1388, .T. ) ;
#729 = EDGE_CURVE ( 'NONE', #2009, #1182, #2086, .T. ) ;
#730 = ORIENTED_EDGE ( 'NONE', *, *, #1795, .T. ) ;
#731 = AXIS2_PLACEMENT_3D ( 'NONE', #1089, #1958, #2154 ) ;
#732 = EDGE_LOOP ( 'NONE', ( #837, #730, #2067, #829 ) ) ;
#733 = AXIS2_PLACEMENT_3D ( 'NONE', #1373, #726, #535 ) ;
#734 = DIRECTION ( 'NONE',  ( 0.000000000000000000, 1.000000000000000000, -0.000000000000000000 ) ) ;
#735 = VERTEX_POINT ( 'NONE', #1552 ) ;
#736 = CARTESIAN_POINT ( 'NONE',  ( 6.000000000000000000, 4.000000000000000000, -5.999999999999995559 ) ) ;
#737 = LINE ( 'NONE', #1114, #1900 ) ;
#738 = VERTEX_POINT ( 'NONE', #877 ) ;
#739 = DIRECTION ( 'NONE',  ( 0.000000000000000000, 0.000000000000000000, -1.000000000000000000 ) ) ;
#740 = EDGE_LOOP ( 'NONE', ( #1157, #1867 ) ) ;
#741 = DIRECTION ( 'NONE',  ( 0.000000000000000000, 0.000000000000000000, 1.000000000000000000 ) ) ;
#742 = ADVANCED_FACE ( 'NONE', ( #1574 ), #525, .F. ) ;
#743 = ORIENTED_EDGE ( 'NONE', *, *, #1946, .T. ) ;
#744 = CYLINDRICAL_SURFACE ( 'NONE', #2105, 1.000000000000001776 ) ;
#745 = LINE ( 'NONE', #1441, #1462 ) ;
#746 = VERTEX_POINT ( 'NONE', #2097 ) ;
#747 = CARTESIAN_POINT ( 'NONE',  ( 13.00000000000000178, 8.673617379884035472E-16, -16.00000000000000000 ) ) ;
#748 = DIRECTION ( 'NONE',  ( -0.000000000000000000, -0.000000000000000000, 1.000000000000000000 ) ) ;
#749 = CARTESIAN_POINT ( 'NONE',  ( 28.00000000000000355, 4.000000000000000000, -19.99999999999999645 ) ) ;
#750 = PRODUCT ( '\X2\76f47ebf5bfc8f688f6c63a5677f\X0\ 4mm', '\X2\76f47ebf5bfc8f688f6c63a5677f\X0\ 4mm', '', ( #124 ) ) ;
#751 = EDGE_LOOP ( 'NONE', ( #1978, #1504 ) ) ;
#752 = VECTOR ( 'NONE', #1304, 1000.000000000000000 ) ;
#753 = EDGE_CURVE ( 'NONE', #1475, #1307, #1814, .T. ) ;
#754 = LINE ( 'NONE', #1438, #1535 ) ;
#755 = AXIS2_PLACEMENT_3D ( 'NONE', #1618, #910, #388 ) ;
#756 = EDGE_CURVE ( 'NONE', #1010, #2062, #2153, .T. ) ;
#757 = ORIENTED_EDGE ( 'NONE', *, *, #1765, .T. ) ;
#758 = CYLINDRICAL_SURFACE ( 'NONE', #1708, 1.000000000000005329 ) ;
#759 = CARTESIAN_POINT ( 'NONE',  ( 54.00000000000000000, 4.000000000000000000, -6.999999999999996447 ) ) ;
#760 = VECTOR ( 'NONE', #520, 1000.000000000000000 ) ;
#761 = VERTEX_POINT ( 'NONE', #918 ) ;
#762 = VECTOR ( 'NONE', #1873, 1000.000000000000000 ) ;
#763 = CARTESIAN_POINT ( 'NONE',  ( -2.000000000000000000, 0.000000000000000000, -9.999999999999998224 ) ) ;
#764 = DIRECTION ( 'NONE',  ( 0.000000000000000000, 0.000000000000000000, 1.000000000000000000 ) ) ;
#765 = DIRECTION ( 'NONE',  ( 0.000000000000000000, 1.000000000000000000, -0.000000000000000000 ) ) ;
#766 = DIRECTION ( 'NONE',  ( -0.000000000000000000, -1.000000000000000000, 0.000000000000000000 ) ) ;
#767 = AXIS2_PLACEMENT_3D ( 'NONE', #830, #1528, #2227 ) ;
#768 = CARTESIAN_POINT ( 'NONE',  ( -36.00000000000001421, 4.000000000000000000, 3.999999999999986233 ) ) ;
#769 = AXIS2_PLACEMENT_3D ( 'NONE', #590, #1111, #1772 ) ;
#770 = CIRCLE ( 'NONE', #70, 1.500000000000001332 ) ;
#771 = ORIENTED_EDGE ( 'NONE', *, *, #1369, .T. ) ;
#772 = LINE ( 'NONE', #257, #994 ) ;
#773 = EDGE_CURVE ( 'NONE', #2188, #1966, #1824, .T. ) ;
#774 = VERTEX_POINT ( 'NONE', #1614 ) ;
#775 = CARTESIAN_POINT ( 'NONE',  ( 43.00000000000000000, 0.000000000000000000, -19.00000000000000000 ) ) ;
#776 = DIRECTION ( 'NONE',  ( -0.000000000000000000, -1.000000000000000000, -0.000000000000000000 ) ) ;
#777 = EDGE_CURVE ( 'NONE', #2113, #628, #1372, .T. ) ;
#778 = ORIENTED_EDGE ( 'NONE', *, *, #1904, .T. ) ;
#779 = FACE_OUTER_BOUND ( 'NONE', #2141, .T. ) ;
#780 = CARTESIAN_POINT ( 'NONE',  ( -24.00000000000000355, 0.000000000000000000, 3.999999999999988898 ) ) ;
#781 = ADVANCED_FACE ( 'NONE', ( #55 ), #1981, .F. ) ;
#782 = CARTESIAN_POINT ( 'NONE',  ( 13.00000000000000178, 4.000000000000000000, -16.00000000000000000 ) ) ;
#783 = DIRECTION ( 'NONE',  ( -0.000000000000000000, -1.000000000000000000, 0.000000000000000000 ) ) ;
#784 = VERTEX_POINT ( 'NONE', #787 ) ;
#785 = CARTESIAN_POINT ( 'NONE',  ( 16.00000000000000000, 4.000000000000000000, -34.00000000000000000 ) ) ;
#786 = VERTEX_POINT ( 'NONE', #416 ) ;
#787 = CARTESIAN_POINT ( 'NONE',  ( -40.00000000000000000, 4.000000000000000000, -6.999999999999998224 ) ) ;
#788 = FACE_OUTER_BOUND ( 'NONE', #1741, .T. ) ;
#789 = ORIENTED_EDGE ( 'NONE', *, *, #564, .T. ) ;
#790 = FACE_OUTER_BOUND ( 'NONE', #1585, .T. ) ;
#791 = DIRECTION ( 'NONE',  ( -0.000000000000000000, 1.000000000000000000, -0.000000000000000000 ) ) ;
#792 = DIRECTION ( 'NONE',  ( 0.000000000000000000, 1.000000000000000000, -0.000000000000000000 ) ) ;
#793 = DIRECTION ( 'NONE',  ( 0.000000000000000000, 0.000000000000000000, -1.000000000000000000 ) ) ;
#794 = ORIENTED_EDGE ( 'NONE', *, *, #1944, .T. ) ;
#795 = CARTESIAN_POINT ( 'NONE',  ( 14.00000000000000000, 4.000000000000000000, -5.999999999999999112 ) ) ;
#796 = EDGE_LOOP ( 'NONE', ( #235, #1228, #1700, #973 ) ) ;
#797 = FACE_OUTER_BOUND ( 'NONE', #1774, .T. ) ;
#798 = CYLINDRICAL_SURFACE ( 'NONE', #2156, 1.000000000000005329 ) ;
#799 = AXIS2_PLACEMENT_3D ( 'NONE', #911, #40, #2134 ) ;
#800 = ORIENTED_EDGE ( 'NONE', *, *, #2058, .T. ) ;
#801 = DIRECTION ( 'NONE',  ( 0.000000000000000000, 0.000000000000000000, -1.000000000000000000 ) ) ;
#802 = AXIS2_PLACEMENT_3D ( 'NONE', #1472, #933, #1498 ) ;
#803 = CYLINDRICAL_SURFACE ( 'NONE', #62, 2.000000000000001776 ) ;
#804 = EDGE_CURVE ( 'NONE', #1555, #725, #1970, .T. ) ;
#805 = AXIS2_PLACEMENT_3D ( 'NONE', #495, #126, #115 ) ;
#806 = CYLINDRICAL_SURFACE ( 'NONE', #620, 0.9999999999999983347 ) ;
#807 = VECTOR ( 'NONE', #705, 1000.000000000000000 ) ;
#808 = EDGE_LOOP ( 'NONE', ( #2080, #1220 ) ) ;
#809 = CARTESIAN_POINT ( 'NONE',  ( 6.000000000000000000, 4.000000000000000000, -6.999999999999997335 ) ) ;
#810 = VERTEX_POINT ( 'NONE', #1799 ) ;
#811 = CARTESIAN_POINT ( 'NONE',  ( 6.000000000000000000, 0.000000000000000000, 5.999999999999997335 ) ) ;
#812 = LINE ( 'NONE', #326, #1312 ) ;
#813 = VERTEX_POINT ( 'NONE', #71 ) ;
#814 = VECTOR ( 'NONE', #385, 1000.000000000000000 ) ;
#815 = DIRECTION ( 'NONE',  ( -0.000000000000000000, -1.000000000000000000, 0.000000000000000000 ) ) ;
#816 = DIRECTION ( 'NONE',  ( 0.000000000000000000, 0.000000000000000000, 1.000000000000000000 ) ) ;
#817 = DIRECTION ( 'NONE',  ( -0.000000000000000000, -1.000000000000000000, 0.000000000000000000 ) ) ;
#818 = VERTEX_POINT ( 'NONE', #2006 ) ;
#819 = LINE ( 'NONE', #809, #2152 ) ;
#820 = ORIENTED_EDGE ( 'NONE', *, *, #566, .T. ) ;
#821 = ADVANCED_FACE ( 'NONE', ( #1957 ), #744, .F. ) ;
#822 = DIRECTION ( 'NONE',  ( 0.000000000000000000, 1.000000000000000000, 0.000000000000000000 ) ) ;
#823 = PERSON_AND_ORGANIZATION_ROLE ( 'creator' ) ;
#824 = FACE_BOUND ( 'NONE', #692, .T. ) ;
#825 = CARTESIAN_POINT ( 'NONE',  ( 40.00000000000000000, 4.000000000000000000, 0.000000000000000000 ) ) ;
#826 = VERTEX_POINT ( 'NONE', #569 ) ;
#827 = DIRECTION ( 'NONE',  ( 0.000000000000000000, 0.000000000000000000, -1.000000000000000000 ) ) ;
#828 = EDGE_CURVE ( 'NONE', #1901, #74, #1410, .T. ) ;
#829 = ORIENTED_EDGE ( 'NONE', *, *, #1866, .F. ) ;
#830 = CARTESIAN_POINT ( 'NONE',  ( 56.00000000000000000, 4.000000000000000000, -18.00000000000000000 ) ) ;
#831 = ADVANCED_FACE ( 'NONE', ( #1102 ), #758, .F. ) ;
#832 = FACE_BOUND ( 'NONE', #1806, .T. ) ;
#833 = AXIS2_PLACEMENT_3D ( 'NONE', #624, #952, #1310 ) ;
#834 = FACE_OUTER_BOUND ( 'NONE', #1336, .T. ) ;
#835 = ORIENTED_EDGE ( 'NONE', *, *, #2083, .F. ) ;
#836 = CARTESIAN_POINT ( 'NONE',  ( -36.00000000000001421, 4.000000000000000000, -3.000000000000015543 ) ) ;
#837 = ORIENTED_EDGE ( 'NONE', *, *, #1026, .F. ) ;
#838 = VECTOR ( 'NONE', #927, 1000.000000000000000 ) ;
#839 = DIRECTION ( 'NONE',  ( 0.000000000000000000, 1.000000000000000000, -0.000000000000000000 ) ) ;
#840 = CALENDAR_DATE ( 2026, 8, 5 ) ;
#841 = ORIENTED_EDGE ( 'NONE', *, *, #729, .T. ) ;
#842 = CC_DESIGN_SECURITY_CLASSIFICATION ( #2082, ( #1387 ) ) ;
#843 = DIRECTION ( 'NONE',  ( -0.000000000000000000, -1.000000000000000000, 0.000000000000000000 ) ) ;
#844 = EDGE_CURVE ( 'NONE', #774, #784, #393, .T. ) ;
#845 = FACE_OUTER_BOUND ( 'NONE', #1214, .T. ) ;
#846 = AXIS2_PLACEMENT_3D ( 'NONE', #2219, #1717, #801 ) ;
#847 = EDGE_CURVE ( 'NONE', #297, #826, #1983, .T. ) ;
#848 = ORIENTED_EDGE ( 'NONE', *, *, #2058, .F. ) ;
#849 = CYLINDRICAL_SURFACE ( 'NONE', #2226, 0.9999999999999983347 ) ;
#850 = EDGE_LOOP ( 'NONE', ( #1290, #1431, #743, #2251 ) ) ;
#851 = CARTESIAN_POINT ( 'NONE',  ( 36.00000000000000000, 4.000000000000000000, 3.000000000000005329 ) ) ;
#852 = APPROVAL_ROLE ( '' ) ;
#853 = ORIENTED_EDGE ( 'NONE', *, *, #668, .F. ) ;
#854 = DIRECTION ( 'NONE',  ( 0.000000000000000000, 0.000000000000000000, 1.000000000000000000 ) ) ;
#855 = FACE_OUTER_BOUND ( 'NONE', #1956, .T. ) ;
#856 = ADVANCED_FACE ( 'NONE', ( #944 ), #1603, .F. ) ;
#857 = ORIENTED_EDGE ( 'NONE', *, *, #523, .F. ) ;
#858 = ORIENTED_EDGE ( 'NONE', *, *, #88, .F. ) ;
#859 = DIRECTION ( 'NONE',  ( 1.000000000000000000, 0.000000000000000000, 0.000000000000000000 ) ) ;
#860 = ORIENTED_EDGE ( 'NONE', *, *, #1346, .T. ) ;
#861 = FACE_BOUND ( 'NONE', #1143, .T. ) ;
#862 = EDGE_LOOP ( 'NONE', ( #92, #1908 ) ) ;
#863 = PLANE ( 'NONE',  #519 ) ;
#864 = LINE ( 'NONE', #1916, #1232 ) ;
#865 = CC_DESIGN_PERSON_AND_ORGANIZATION_ASSIGNMENT ( #1161, #1354, ( #750 ) ) ;
#866 = AXIS2_PLACEMENT_3D ( 'NONE', #1853, #766, #1514 ) ;
#867 = VERTEX_POINT ( 'NONE', #1256 ) ;
#868 = EDGE_LOOP ( 'NONE', ( #1720, #1581, #1536, #457, #1212, #1469, #344, #1465, #1042, #1511, #108, #187, #1378, #1327, #683, #1064, #1210, #2263, #914, #171 ) ) ;
#869 = LINE ( 'NONE', #1567, #1448 ) ;
#870 = EDGE_CURVE ( 'NONE', #978, #150, #331, .T. ) ;
#871 = VECTOR ( 'NONE', #2181, 1000.000000000000000 ) ;
#872 = EDGE_LOOP ( 'NONE', ( #183, #122 ) ) ;
#873 = VECTOR ( 'NONE', #2076, 1000.000000000000000 ) ;
#874 = CYLINDRICAL_SURFACE ( 'NONE', #1933, 2.999999999999999112 ) ;
#875 = CALENDAR_DATE ( 2026, 8, 5 ) ;
#876 = AXIS2_PLACEMENT_3D ( 'NONE', #1679, #1005, #1697 ) ;
#877 = CARTESIAN_POINT ( 'NONE',  ( 16.00000000000000000, 8.673617379884035472E-16, -34.00000000000000000 ) ) ;
#878 = CARTESIAN_POINT ( 'NONE',  ( -2.000000000000000000, 8.673617379884035472E-16, -19.99999999999999645 ) ) ;
#879 = AXIS2_PLACEMENT_3D ( 'NONE', #281, #1856, #2175 ) ;
#880 = AXIS2_PLACEMENT_3D ( 'NONE', #1305, #407, #1668 ) ;
#881 = DESIGN_CONTEXT ( 'detailed design', #1523, 'design' ) ;
#882 = EDGE_LOOP ( 'NONE', ( #264, #1554 ) ) ;
#883 = CARTESIAN_POINT ( 'NONE',  ( 8.000000000000000000, 8.673617379884035472E-16, -34.00000000000000000 ) ) ;
#884 = DIRECTION ( 'NONE',  ( 0.000000000000000000, 0.000000000000000000, 1.000000000000000000 ) ) ;
#885 = EDGE_LOOP ( 'NONE', ( #323, #284 ) ) ;
#886 = FACE_BOUND ( 'NONE', #546, .T. ) ;
#887 = SECURITY_CLASSIFICATION_LEVEL ( 'unclassified' ) ;
#888 = EDGE_CURVE ( 'NONE', #174, #901, #1455, .T. ) ;
#889 = DIRECTION ( 'NONE',  ( 0.000000000000000000, 0.000000000000000000, -1.000000000000000000 ) ) ;
#890 = DIRECTION ( 'NONE',  ( 0.000000000000000000, 1.000000000000000000, -0.000000000000000000 ) ) ;
#891 = ORIENTED_EDGE ( 'NONE', *, *, #13, .T. ) ;
#892 = LINE ( 'NONE', #1671, #871 ) ;
#893 = VERTEX_POINT ( 'NONE', #604 ) ;
#894 = FACE_OUTER_BOUND ( 'NONE', #796, .T. ) ;
#895 = ADVANCED_FACE ( 'NONE', ( #1293 ), #1995, .F. ) ;
#896 = VERTEX_POINT ( 'NONE', #2239 ) ;
#897 = CARTESIAN_POINT ( 'NONE',  ( 8.000000000000000000, 8.673617379884035472E-16, -19.99999999999999289 ) ) ;
#898 = DIRECTION ( 'NONE',  ( 0.000000000000000000, 0.000000000000000000, 1.000000000000000000 ) ) ;
#899 = EDGE_CURVE ( 'NONE', #2168, #995, #181, .T. ) ;
#900 = ORIENTED_EDGE ( 'NONE', *, *, #2041, .T. ) ;
#901 = VERTEX_POINT ( 'NONE', #1712 ) ;
#902 = AXIS2_PLACEMENT_3D ( 'NONE', #1998, #230, #451 ) ;
#903 = DIRECTION ( 'NONE',  ( 0.000000000000000000, 1.000000000000000000, -0.000000000000000000 ) ) ;
#904 = CIRCLE ( 'NONE', #802, 10.00000000000000000 ) ;
#905 = EDGE_LOOP ( 'NONE', ( #2056, #1187 ) ) ;
#906 = DIRECTION ( 'NONE',  ( -0.000000000000000000, -1.000000000000000000, 0.000000000000000000 ) ) ;
#907 = CARTESIAN_POINT ( 'NONE',  ( 14.00000000000000000, 4.000000000000000000, -7.000000000000000888 ) ) ;
#908 = EDGE_LOOP ( 'NONE', ( #1263, #2138, #319, #917 ) ) ;
#909 = AXIS2_PLACEMENT_3D ( 'NONE', #1520, #672, #458 ) ;
#910 = DIRECTION ( 'NONE',  ( -0.000000000000000000, -1.000000000000000000, -0.000000000000000000 ) ) ;
#911 = CARTESIAN_POINT ( 'NONE',  ( 46.00000000000000000, 4.000000000000000000, 5.999999999999998224 ) ) ;
#912 = ADVANCED_FACE ( 'NONE', ( #306 ), #1337, .F. ) ;
#913 = VECTOR ( 'NONE', #617, 1000.000000000000000 ) ;
#914 = ORIENTED_EDGE ( 'NONE', *, *, #2155, .F. ) ;
#915 = AXIS2_PLACEMENT_3D ( 'NONE', #1296, #87, #974 ) ;
#916 = DIRECTION ( 'NONE',  ( 0.000000000000000000, 0.000000000000000000, 1.000000000000000000 ) ) ;
#917 = ORIENTED_EDGE ( 'NONE', *, *, #1546, .T. ) ;
#918 = CARTESIAN_POINT ( 'NONE',  ( 48.00000000000000000, 4.000000000000000000, -19.50000000000000355 ) ) ;
#919 = DIRECTION ( 'NONE',  ( 0.000000000000000000, 1.000000000000000000, -0.000000000000000000 ) ) ;
#920 = ORIENTED_EDGE ( 'NONE', *, *, #804, .F. ) ;
#921 = DIRECTION ( 'NONE',  ( 0.000000000000000000, 0.000000000000000000, 1.000000000000000000 ) ) ;
#922 = ADVANCED_FACE ( 'NONE', ( #797 ), #1183, .F. ) ;
#923 = CARTESIAN_POINT ( 'NONE',  ( 60.00000000000000000, 4.000000000000000000, -22.00000000000000000 ) ) ;
#924 = DIRECTION ( 'NONE',  ( 0.000000000000000000, 0.000000000000000000, 1.000000000000000000 ) ) ;
#925 = EDGE_CURVE ( 'NONE', #813, #529, #1493, .T. ) ;
#926 = VERTEX_POINT ( 'NONE', #2215 ) ;
#927 = DIRECTION ( 'NONE',  ( -0.000000000000000000, -1.000000000000000000, -0.000000000000000000 ) ) ;
#928 = ORIENTED_EDGE ( 'NONE', *, *, #1609, .T. ) ;
#929 = DIRECTION ( 'NONE',  ( -0.000000000000000000, -1.000000000000000000, 0.000000000000000000 ) ) ;
#930 = CARTESIAN_POINT ( 'NONE',  ( 56.00000000000000000, 4.000000000000000000, -16.49999999999999289 ) ) ;
#931 = ORIENTED_EDGE ( 'NONE', *, *, #709, .F. ) ;
#932 = CARTESIAN_POINT ( 'NONE',  ( 14.00000000000000000, 0.000000000000000000, -7.000000000000000888 ) ) ;
#933 = DIRECTION ( 'NONE',  ( -0.000000000000000000, -1.000000000000000000, 0.000000000000000000 ) ) ;
#934 = CARTESIAN_POINT ( 'NONE',  ( -36.00000000000001421, 0.000000000000000000, -4.000000000000014211 ) ) ;
#935 = DIRECTION ( 'NONE',  ( 0.000000000000000000, 0.000000000000000000, -1.000000000000000000 ) ) ;
#936 = APPROVAL ( #459, 'æœª' ) ;
#937 = ORIENTED_EDGE ( 'NONE', *, *, #1866, .T. ) ;
#938 = AXIS2_PLACEMENT_3D ( 'NONE', #1988, #1274, #599 ) ;
#939 = EDGE_CURVE ( 'NONE', #1434, #1101, #1318, .T. ) ;
#940 = FACE_OUTER_BOUND ( 'NONE', #1508, .T. ) ;
#941 = VECTOR ( 'NONE', #600, 1000.000000000000000 ) ;
#942 = VERTEX_POINT ( 'NONE', #2028 ) ;
#943 = EDGE_CURVE ( 'NONE', #978, #1147, #630, .T. ) ;
#944 = FACE_OUTER_BOUND ( 'NONE', #1152, .T. ) ;
#945 = DIRECTION ( 'NONE',  ( -0.000000000000000000, -1.000000000000000000, -0.000000000000000000 ) ) ;
#946 = AXIS2_PLACEMENT_3D ( 'NONE', #1899, #679, #371 ) ;
#947 = VERTEX_POINT ( 'NONE', #2019 ) ;
#948 = AXIS2_PLACEMENT_3D ( 'NONE', #1906, #537, #1768 ) ;
#949 = CARTESIAN_POINT ( 'NONE',  ( 8.000000000000000000, 4.000000000000000000, -34.00000000000000000 ) ) ;
#950 = CARTESIAN_POINT ( 'NONE',  ( 36.00000000000000000, 4.000000000000000000, -3.999999999999996447 ) ) ;
#951 = CARTESIAN_POINT ( 'NONE',  ( -36.00000000000001421, 0.000000000000000000, 4.999999999999984901 ) ) ;
#952 = DIRECTION ( 'NONE',  ( -0.000000000000000000, -1.000000000000000000, -0.000000000000000000 ) ) ;
#953 = AXIS2_PLACEMENT_3D ( 'NONE', #1419, #1405, #2095 ) ;
#954 = CC_DESIGN_APPROVAL ( #1339, ( #50 ) ) ;
#955 = ORIENTED_EDGE ( 'NONE', *, *, #1737, .T. ) ;
#956 = CYLINDRICAL_SURFACE ( 'NONE', #1896, 0.9999999999999983347 ) ;
#957 = AXIS2_PLACEMENT_3D ( 'NONE', #1851, #1356, #1163 ) ;
#958 = ORIENTED_EDGE ( 'NONE', *, *, #2213, .F. ) ;
#959 = DIRECTION ( 'NONE',  ( 0.000000000000000000, 0.000000000000000000, 1.000000000000000000 ) ) ;
#960 = CARTESIAN_POINT ( 'NONE',  ( 40.00000000000000000, 4.000000000000000000, -19.00000000000000000 ) ) ;
#961 = EDGE_CURVE ( 'NONE', #1763, #893, #481, .T. ) ;
#962 = ORIENTED_EDGE ( 'NONE', *, *, #304, .F. ) ;
#963 = DIRECTION ( 'NONE',  ( -1.000000000000000000, 0.000000000000000000, -0.000000000000000000 ) ) ;
#964 = CARTESIAN_POINT ( 'NONE',  ( -40.00000000000000000, 4.000000000000000000, 7.000000000000001776 ) ) ;
#965 = DIRECTION ( 'NONE',  ( 0.000000000000000000, 0.000000000000000000, 1.000000000000000000 ) ) ;
#966 = CARTESIAN_POINT ( 'NONE',  ( 14.00000000000000000, 0.000000000000000000, -5.999999999999999112 ) ) ;
#967 = ORIENTED_EDGE ( 'NONE', *, *, #1519, .T. ) ;
#968 = CYLINDRICAL_SURFACE ( 'NONE', #1343, 1.000000000000001776 ) ;
#969 = ORIENTED_EDGE ( 'NONE', *, *, #351, .F. ) ;
#970 = DIRECTION ( 'NONE',  ( -0.000000000000000000, -1.000000000000000000, 0.000000000000000000 ) ) ;
#971 = DIRECTION ( 'NONE',  ( 1.000000000000000000, -0.000000000000000000, 0.000000000000000000 ) ) ;
#972 = EDGE_CURVE ( 'NONE', #208, #2188, #549, .T. ) ;
#973 = ORIENTED_EDGE ( 'NONE', *, *, #2099, .F. ) ;
#974 = DIRECTION ( 'NONE',  ( -1.000000000000000000, 0.000000000000000000, -0.000000000000000000 ) ) ;
#975 = EDGE_CURVE ( 'NONE', #328, #82, #587, .T. ) ;
#976 = DIRECTION ( 'NONE',  ( 0.000000000000000000, 1.000000000000000000, -0.000000000000000000 ) ) ;
#977 = DIRECTION ( 'NONE',  ( 0.000000000000000000, 0.000000000000000000, -1.000000000000000000 ) ) ;
#978 = VERTEX_POINT ( 'NONE', #1160 ) ;
#979 = CARTESIAN_POINT ( 'NONE',  ( 6.000000000000000000, 4.000000000000000000, -5.999999999999995559 ) ) ;
#980 = VERTEX_POINT ( 'NONE', #1328 ) ;
#981 = DIRECTION ( 'NONE',  ( 0.000000000000000000, 0.000000000000000000, 1.000000000000000000 ) ) ;
#982 = CARTESIAN_POINT ( 'NONE',  ( 36.00000000000000000, 4.000000000000000000, 4.000000000000003553 ) ) ;
#983 = VECTOR ( 'NONE', #2144, 1000.000000000000000 ) ;
#984 = EDGE_LOOP ( 'NONE', ( #1324, #1418 ) ) ;
#985 = CARTESIAN_POINT ( 'NONE',  ( 43.00000000000000000, 4.000000000000000000, -22.00000000000000000 ) ) ;
#986 = AXIS2_PLACEMENT_3D ( 'NONE', #309, #999, #1705 ) ;
#987 = CYLINDRICAL_SURFACE ( 'NONE', #805, 1.000000000000001776 ) ;
#988 = AXIS2_PLACEMENT_3D ( 'NONE', #1016, #146, #676 ) ;
#989 = CARTESIAN_POINT ( 'NONE',  ( 18.00000000000000355, 8.673617379884035472E-16, -20.00000000000000000 ) ) ;
#990 = EDGE_CURVE ( 'NONE', #681, #491, #1858, .T. ) ;
#991 = AXIS2_PLACEMENT_3D ( 'NONE', #811, #1879, #981 ) ;
#992 = ORIENTED_EDGE ( 'NONE', *, *, #194, .T. ) ;
#993 = FACE_OUTER_BOUND ( 'NONE', #415, .T. ) ;
#994 = VECTOR ( 'NONE', #916, 1000.000000000000000 ) ;
#995 = VERTEX_POINT ( 'NONE', #283 ) ;
#996 = DIRECTION ( 'NONE',  ( -0.000000000000000000, -1.000000000000000000, -0.000000000000000000 ) ) ;
#997 = ORIENTED_EDGE ( 'NONE', *, *, #1519, .F. ) ;
#998 = FACE_BOUND ( 'NONE', #1456, .T. ) ;
#999 = DIRECTION ( 'NONE',  ( 0.000000000000000000, 1.000000000000000000, 0.000000000000000000 ) ) ;
#1000 = EDGE_CURVE ( 'NONE', #784, #2094, #1173, .T. ) ;
#1001 = EDGE_LOOP ( 'NONE', ( #632, #1234 ) ) ;
#1002 = CARTESIAN_POINT ( 'NONE',  ( 23.99999999999999645, 0.000000000000000000, -2.999999999999996003 ) ) ;
#1003 = EDGE_CURVE ( 'NONE', #1984, #1434, #513, .T. ) ;
#1004 = ORIENTED_EDGE ( 'NONE', *, *, #2110, .F. ) ;
#1005 = DIRECTION ( 'NONE',  ( 0.000000000000000000, 1.000000000000000000, -0.000000000000000000 ) ) ;
#1006 = FACE_BOUND ( 'NONE', #1316, .T. ) ;
#1007 = DIRECTION ( 'NONE',  ( 0.000000000000000000, 1.000000000000000000, -0.000000000000000000 ) ) ;
#1008 = EDGE_LOOP ( 'NONE', ( #54, #1030, #853, #392 ) ) ;
#1009 = DIRECTION ( 'NONE',  ( 0.000000000000000000, 0.000000000000000000, 1.000000000000000000 ) ) ;
#1010 = VERTEX_POINT ( 'NONE', #123 ) ;
#1011 = ADVANCED_FACE ( 'NONE', ( #1703 ), #132, .F. ) ;
#1012 = CARTESIAN_POINT ( 'NONE',  ( -36.00000000000001421, 0.000000000000000000, 3.999999999999986233 ) ) ;
#1013 = EDGE_CURVE ( 'NONE', #2003, #786, #1054, .T. ) ;
#1014 = ORIENTED_EDGE ( 'NONE', *, *, #1568, .F. ) ;
#1015 = FACE_BOUND ( 'NONE', #1616, .T. ) ;
#1016 = CARTESIAN_POINT ( 'NONE',  ( 14.00000000000000000, 4.000000000000000000, 6.000000000000000888 ) ) ;
#1017 = VECTOR ( 'NONE', #77, 1000.000000000000000 ) ;
#1018 = ORIENTED_EDGE ( 'NONE', *, *, #1471, .T. ) ;
#1019 = CYLINDRICAL_SURFACE ( 'NONE', #1084, 1.000000000000001776 ) ;
#1020 = ORIENTED_EDGE ( 'NONE', *, *, #441, .T. ) ;
#1021 = VECTOR ( 'NONE', #53, 1000.000000000000000 ) ;
#1022 = CARTESIAN_POINT ( 'NONE',  ( -37.00000000000000000, 0.000000000000000000, 10.00000000000000178 ) ) ;
#1023 = DIRECTION ( 'NONE',  ( -0.000000000000000000, -1.000000000000000000, -0.000000000000000000 ) ) ;
#1024 = FACE_OUTER_BOUND ( 'NONE', #868, .T. ) ;
#1025 = FACE_OUTER_BOUND ( 'NONE', #1429, .T. ) ;
#1026 = EDGE_CURVE ( 'NONE', #1451, #1367, #660, .T. ) ;
#1027 = CIRCLE ( 'NONE', #556, 1.000000000000001776 ) ;
#1028 = ORIENTED_EDGE ( 'NONE', *, *, #943, .F. ) ;
#1029 = DIRECTION ( 'NONE',  ( 0.000000000000000000, 0.000000000000000000, 1.000000000000000000 ) ) ;
#1030 = ORIENTED_EDGE ( 'NONE', *, *, #2017, .T. ) ;
#1031 = CARTESIAN_POINT ( 'NONE',  ( 0.000000000000000000, 0.000000000000000000, 0.000000000000000000 ) ) ;
#1032 = ORIENTED_EDGE ( 'NONE', *, *, #160, .F. ) ;
#1033 = CARTESIAN_POINT ( 'NONE',  ( 48.00000000000000000, 4.000000000000000000, -16.49999999999999289 ) ) ;
#1034 = EDGE_CURVE ( 'NONE', #2124, #2191, #218, .T. ) ;
#1035 = CARTESIAN_POINT ( 'NONE',  ( 23.99999999999999645, 4.000000000000000000, 5.000000000000002665 ) ) ;
#1036 = EDGE_CURVE ( 'NONE', #575, #396, #1559, .T. ) ;
#1037 = ORIENTED_EDGE ( 'NONE', *, *, #610, .T. ) ;
#1038 = ORIENTED_EDGE ( 'NONE', *, *, #1289, .T. ) ;
#1039 = LINE ( 'NONE', #1732, #760 ) ;
#1040 = VERTEX_POINT ( 'NONE', #1764 ) ;
#1041 = PLANE ( 'NONE',  #953 ) ;
#1042 = ORIENTED_EDGE ( 'NONE', *, *, #844, .F. ) ;
#1043 = CARTESIAN_POINT ( 'NONE',  ( 46.00000000000000000, 4.000000000000000000, 7.000000000000003553 ) ) ;
#1044 = CARTESIAN_POINT ( 'NONE',  ( 54.00000000000000000, 0.000000000000000000, -6.999999999999996447 ) ) ;
#1045 = CIRCLE ( 'NONE', #22, 0.9999999999999983347 ) ;
#1046 = ORIENTED_EDGE ( 'NONE', *, *, #847, .T. ) ;
#1047 = DIRECTION ( 'NONE',  ( -0.000000000000000000, -1.000000000000000000, 0.000000000000000000 ) ) ;
#1048 = AXIS2_PLACEMENT_3D ( 'NONE', #780, #204, #764 ) ;
#1049 = ADVANCED_FACE ( 'NONE', ( #1371 ), #874, .T. ) ;
#1050 = ORIENTED_EDGE ( 'NONE', *, *, #1756, .F. ) ;
#1051 = VECTOR ( 'NONE', #644, 1000.000000000000000 ) ;
#1052 = FACE_BOUND ( 'NONE', #882, .T. ) ;
#1053 = ORIENTED_EDGE ( 'NONE', *, *, #2127, .F. ) ;
#1054 = CIRCLE ( 'NONE', #400, 0.9999999999999983347 ) ;
#1055 = CARTESIAN_POINT ( 'NONE',  ( 6.000000000000000000, 0.000000000000000000, -6.999999999999997335 ) ) ;
#1056 = LINE ( 'NONE', #1926, #106 ) ;
#1057 = AXIS2_PLACEMENT_3D ( 'NONE', #658, #1835, #1009 ) ;
#1058 = AXIS2_PLACEMENT_3D ( 'NONE', #1810, #1268, #1142 ) ;
#1059 = AXIS2_PLACEMENT_3D ( 'NONE', #98, #1435, #2010 ) ;
#1060 = VERTEX_POINT ( 'NONE', #1395 ) ;
#1061 = CARTESIAN_POINT ( 'NONE',  ( -24.00000000000000355, 4.000000000000000000, 3.999999999999988898 ) ) ;
#1062 = DIRECTION ( 'NONE',  ( -0.000000000000000000, -1.000000000000000000, 0.000000000000000000 ) ) ;
#1063 = EDGE_CURVE ( 'NONE', #826, #583, #1936, .T. ) ;
#1064 = ORIENTED_EDGE ( 'NONE', *, *, #2173, .T. ) ;
#1065 = EDGE_CURVE ( 'NONE', #1367, #1451, #2077, .T. ) ;
#1066 = FACE_BOUND ( 'NONE', #1252, .T. ) ;
#1067 = ORIENTED_EDGE ( 'NONE', *, *, #1136, .F. ) ;
#1068 = DIRECTION ( 'NONE',  ( -0.000000000000000000, -1.000000000000000000, 0.000000000000000000 ) ) ;
#1069 = CARTESIAN_POINT ( 'NONE',  ( 48.00000000000000000, 4.000000000000000000, -18.00000000000000000 ) ) ;
#1070 = ORIENTED_EDGE ( 'NONE', *, *, #229, .F. ) ;
#1071 = CARTESIAN_POINT ( 'NONE',  ( 56.00000000000000000, 0.000000000000000000, -18.00000000000000000 ) ) ;
#1072 = ORIENTED_EDGE ( 'NONE', *, *, #121, .F. ) ;
#1073 = CARTESIAN_POINT ( 'NONE',  ( 23.99999999999999645, 4.000000000000000000, 4.000000000000000888 ) ) ;
#1074 = ADVANCED_FACE ( 'NONE', ( #1912 ), #1041, .T. ) ;
#1075 = ORIENTED_EDGE ( 'NONE', *, *, #499, .T. ) ;
#1076 = DIRECTION ( 'NONE',  ( 0.000000000000000000, 1.000000000000000000, 0.000000000000000000 ) ) ;
#1077 = DIRECTION ( 'NONE',  ( -0.000000000000000000, -1.000000000000000000, -0.000000000000000000 ) ) ;
#1078 = ADVANCED_FACE ( 'NONE', ( #894 ), #1742, .T. ) ;
#1079 = ORIENTED_EDGE ( 'NONE', *, *, #1887, .T. ) ;
#1080 = DIRECTION ( 'NONE',  ( 0.000000000000000000, 0.000000000000000000, 1.000000000000000000 ) ) ;
#1081 = CARTESIAN_POINT ( 'NONE',  ( -36.00000000000001421, 4.000000000000000000, -5.000000000000012434 ) ) ;
#1082 = ORIENTED_EDGE ( 'NONE', *, *, #1342, .F. ) ;
#1083 = AXIS2_PLACEMENT_3D ( 'NONE', #101, #2199, #635 ) ;
#1084 = AXIS2_PLACEMENT_3D ( 'NONE', #321, #1229, #1380 ) ;
#1085 = CARTESIAN_POINT ( 'NONE',  ( 36.00000000000000000, 4.000000000000000000, -4.999999999999994671 ) ) ;
#1086 = CIRCLE ( 'NONE', #1377, 1.500000000000004885 ) ;
#1087 = ORIENTED_EDGE ( 'NONE', *, *, #27, .F. ) ;
#1088 = DIRECTION ( 'NONE',  ( 0.000000000000000000, 0.000000000000000000, 1.000000000000000000 ) ) ;
#1089 = CARTESIAN_POINT ( 'NONE',  ( -36.00000000000001421, 4.000000000000000000, 3.999999999999986233 ) ) ;
#1090 = EDGE_CURVE ( 'NONE', #1394, #1112, #109, .T. ) ;
#1091 = AXIS2_PLACEMENT_3D ( 'NONE', #1213, #2, #723 ) ;
#1092 = ORIENTED_EDGE ( 'NONE', *, *, #1991, .T. ) ;
#1093 = DIRECTION ( 'NONE',  ( 0.000000000000000000, 0.000000000000000000, -1.000000000000000000 ) ) ;
#1094 = ADVANCED_FACE ( 'NONE', ( #1221, #511, #2085, #1588, #522, #1066, #1921, #358, #861, #21, #1052, #1233, #501, #1755, #189, #682, #1724, #886, #1203, #1902, #1579 ), #12, .F. ) ;
#1095 = AXIS2_PLACEMENT_3D ( 'NONE', #979, #638, #1314 ) ;
#1096 = DIRECTION ( 'NONE',  ( 0.000000000000000000, 0.000000000000000000, 1.000000000000000000 ) ) ;
#1097 = VECTOR ( 'NONE', #945, 1000.000000000000000 ) ;
#1098 = ORIENTED_EDGE ( 'NONE', *, *, #1003, .F. ) ;
#1099 = AXIS2_PLACEMENT_3D ( 'NONE', #2089, #157, #854 ) ;
#1100 = FACE_OUTER_BOUND ( 'NONE', #908, .T. ) ;
#1101 = VERTEX_POINT ( 'NONE', #1888 ) ;
#1102 = FACE_OUTER_BOUND ( 'NONE', #1370, .T. ) ;
#1103 = CARTESIAN_POINT ( 'NONE',  ( -36.00000000000001421, 4.000000000000000000, 4.999999999999984901 ) ) ;
#1104 = ORIENTED_EDGE ( 'NONE', *, *, #1217, .T. ) ;
#1105 = CC_DESIGN_DATE_AND_TIME_ASSIGNMENT ( #2071, #1396, ( #2082 ) ) ;
#1106 = CARTESIAN_POINT ( 'NONE',  ( 14.00000000000000000, 4.000000000000000000, 4.999999999999999112 ) ) ;
#1107 = DIRECTION ( 'NONE',  ( 0.000000000000000000, 1.000000000000000000, 0.000000000000000000 ) ) ;
#1108 = EDGE_CURVE ( 'NONE', #408, #784, #1347, .T. ) ;
#1109 = DIRECTION ( 'NONE',  ( 0.000000000000000000, 1.000000000000000000, 0.000000000000000000 ) ) ;
#1110 = EDGE_LOOP ( 'NONE', ( #931, #333, #642, #1857 ) ) ;
#1111 = DIRECTION ( 'NONE',  ( -0.000000000000000000, -1.000000000000000000, 0.000000000000000000 ) ) ;
#1112 = VERTEX_POINT ( 'NONE', #2103 ) ;
#1113 = DIRECTION ( 'NONE',  ( 0.000000000000000000, 0.000000000000000000, 1.000000000000000000 ) ) ;
#1114 = CARTESIAN_POINT ( 'NONE',  ( 48.00000000000000000, 4.000000000000000000, -19.50000000000000355 ) ) ;
#1115 = ORIENTED_EDGE ( 'NONE', *, *, #1959, .T. ) ;
#1116 = FACE_OUTER_BOUND ( 'NONE', #850, .T. ) ;
#1117 = CARTESIAN_POINT ( 'NONE',  ( 28.00000000000000355, 4.000000000000000000, -9.999999999999998224 ) ) ;
#1118 = DIRECTION ( 'NONE',  ( 0.000000000000000000, 1.000000000000000000, -0.000000000000000000 ) ) ;
#1119 = DIRECTION ( 'NONE',  ( -0.000000000000000000, -1.000000000000000000, 0.000000000000000000 ) ) ;
#1120 = ORIENTED_EDGE ( 'NONE', *, *, #612, .T. ) ;
#1121 = AXIS2_PLACEMENT_3D ( 'NONE', #1275, #551, #924 ) ;
#1122 = LINE ( 'NONE', #1993, #1689 ) ;
#1123 = EDGE_CURVE ( 'NONE', #1731, #1437, #154, .T. ) ;
#1124 = CIRCLE ( 'NONE', #138, 1.500000000000001332 ) ;
#1125 = ORIENTED_EDGE ( 'NONE', *, *, #158, .F. ) ;
#1126 = DIRECTION ( 'NONE',  ( -0.000000000000000000, -1.000000000000000000, -0.000000000000000000 ) ) ;
#1127 = DIRECTION ( 'NONE',  ( 0.000000000000000000, -1.000000000000000000, 0.000000000000000000 ) ) ;
#1128 = ORIENTED_EDGE ( 'NONE', *, *, #1242, .F. ) ;
#1129 = DIRECTION ( 'NONE',  ( 0.000000000000000000, 0.000000000000000000, 1.000000000000000000 ) ) ;
#1130 = DIRECTION ( 'NONE',  ( 0.000000000000000000, 0.000000000000000000, 1.000000000000000000 ) ) ;
#1131 = CARTESIAN_POINT ( 'NONE',  ( -36.00000000000001421, 4.000000000000000000, 2.999999999999988010 ) ) ;
#1132 = DIRECTION ( 'NONE',  ( 0.000000000000000000, 0.000000000000000000, 1.000000000000000000 ) ) ;
#1133 = VECTOR ( 'NONE', #996, 1000.000000000000000 ) ;
#1134 = CIRCLE ( 'NONE', #1205, 0.9999999999999983347 ) ;
#1135 = EDGE_LOOP ( 'NONE', ( #1046, #625 ) ) ;
#1136 = EDGE_CURVE ( 'NONE', #786, #1202, #165, .T. ) ;
#1137 = FACE_OUTER_BOUND ( 'NONE', #1439, .T. ) ;
#1138 = AXIS2_PLACEMENT_3D ( 'NONE', #200, #24, #168 ) ;
#1139 = EDGE_CURVE ( 'NONE', #384, #238, #754, .T. ) ;
#1140 = ORIENTED_EDGE ( 'NONE', *, *, #728, .F. ) ;
#1141 = DIRECTION ( 'NONE',  ( -0.000000000000000000, -1.000000000000000000, 0.000000000000000000 ) ) ;
#1142 = DIRECTION ( 'NONE',  ( 0.000000000000000000, 0.000000000000000000, 1.000000000000000000 ) ) ;
#1143 = EDGE_LOOP ( 'NONE', ( #1240, #2259 ) ) ;
#1144 = CARTESIAN_POINT ( 'NONE',  ( -36.00000000000001421, 4.000000000000000000, 4.999999999999984901 ) ) ;
#1145 = DIRECTION ( 'NONE',  ( 0.000000000000000000, 1.000000000000000000, -0.000000000000000000 ) ) ;
#1146 = LINE ( 'NONE', #1663, #722 ) ;
#1147 = VERTEX_POINT ( 'NONE', #32 ) ;
#1148 = CYLINDRICAL_SURFACE ( 'NONE', #2111, 2.999999999999999112 ) ;
#1149 = ORIENTED_EDGE ( 'NONE', *, *, #1580, .F. ) ;
#1150 = DIRECTION ( 'NONE',  ( -0.000000000000000000, -1.000000000000000000, -0.000000000000000000 ) ) ;
#1151 = DIRECTION ( 'NONE',  ( -0.000000000000000000, -1.000000000000000000, -0.000000000000000000 ) ) ;
#1152 = EDGE_LOOP ( 'NONE', ( #1796, #1426, #1087, #1666 ) ) ;
#1153 = DIRECTION ( 'NONE',  ( 0.000000000000000000, 0.000000000000000000, 1.000000000000000000 ) ) ;
#1154 = DIRECTION ( 'NONE',  ( 0.000000000000000000, 0.000000000000000000, 1.000000000000000000 ) ) ;
#1155 = EDGE_CURVE ( 'NONE', #208, #539, #1464, .T. ) ;
#1156 = CARTESIAN_POINT ( 'NONE',  ( 14.00000000000000000, 4.000000000000000000, -7.000000000000000888 ) ) ;
#1157 = ORIENTED_EDGE ( 'NONE', *, *, #1204, .T. ) ;
#1158 = CARTESIAN_POINT ( 'NONE',  ( 23.99999999999999645, 4.000000000000000000, -2.999999999999996003 ) ) ;
#1159 = EDGE_LOOP ( 'NONE', ( #820, #1359 ) ) ;
#1160 = CARTESIAN_POINT ( 'NONE',  ( -24.00000000000000355, 4.000000000000000000, 2.999999999999987121 ) ) ;
#1161 = PERSON_AND_ORGANIZATION ( #1403, #2046 ) ;
#1162 = ORIENTED_EDGE ( 'NONE', *, *, #173, .F. ) ;
#1163 = DIRECTION ( 'NONE',  ( 0.000000000000000000, 0.000000000000000000, 1.000000000000000000 ) ) ;
#1164 = CIRCLE ( 'NONE', #1927, 1.500000000000004885 ) ;
#1165 = PLANE ( 'NONE',  #2146 ) ;
#1166 = VECTOR ( 'NONE', #35, 1000.000000000000000 ) ;
#1167 = EDGE_CURVE ( 'NONE', #1749, #199, #576, .T. ) ;
#1168 = ORIENTED_EDGE ( 'NONE', *, *, #1932, .T. ) ;
#1169 = CYLINDRICAL_SURFACE ( 'NONE', #516, 1.000000000000001776 ) ;
#1170 = AXIS2_PLACEMENT_3D ( 'NONE', #2136, #1612, #2126 ) ;
#1171 = ORIENTED_EDGE ( 'NONE', *, *, #1917, .F. ) ;
#1172 = CIRCLE ( 'NONE', #1058, 0.9999999999999983347 ) ;
#1173 = LINE ( 'NONE', #1362, #365 ) ;
#1174 = DATE_AND_TIME ( #840, #1790 ) ;
#1175 = DIRECTION ( 'NONE',  ( -0.000000000000000000, -1.000000000000000000, 0.000000000000000000 ) ) ;
#1176 = DIRECTION ( 'NONE',  ( 0.000000000000000000, 0.000000000000000000, 1.000000000000000000 ) ) ;
#1177 = EDGE_CURVE ( 'NONE', #710, #761, #1311, .T. ) ;
#1178 = EDGE_CURVE ( 'NONE', #761, #710, #1422, .T. ) ;
#1179 = ORIENTED_EDGE ( 'NONE', *, *, #1036, .T. ) ;
#1180 = DIRECTION ( 'NONE',  ( -0.000000000000000000, -1.000000000000000000, -0.000000000000000000 ) ) ;
#1181 = EDGE_CURVE ( 'NONE', #1222, #1984, #403, .T. ) ;
#1182 = VERTEX_POINT ( 'NONE', #414 ) ;
#1183 = CYLINDRICAL_SURFACE ( 'NONE', #1499, 0.9999999999999983347 ) ;
#1184 = CARTESIAN_POINT ( 'NONE',  ( 56.00000000000000000, 4.000000000000000000, -19.50000000000000355 ) ) ;
#1185 = CARTESIAN_POINT ( 'NONE',  ( 0.000000000000000000, 4.000000000000000000, 0.000000000000000000 ) ) ;
#1186 = CARTESIAN_POINT ( 'NONE',  ( -36.00000000000001421, 4.000000000000000000, -4.000000000000014211 ) ) ;
#1187 = ORIENTED_EDGE ( 'NONE', *, *, #777, .F. ) ;
#1188 = DIRECTION ( 'NONE',  ( -1.000000000000000000, -0.000000000000000000, -0.000000000000000000 ) ) ;
#1189 = ORIENTED_EDGE ( 'NONE', *, *, #939, .F. ) ;
#1190 = DIRECTION ( 'NONE',  ( 0.000000000000000000, 0.000000000000000000, 1.000000000000000000 ) ) ;
#1191 = APPLICATION_PROTOCOL_DEFINITION ( 'international standard', 'config_control_design', 1994, #1523 ) ;
#1192 = VERTEX_POINT ( 'NONE', #1244 ) ;
#1193 = PLANE ( 'NONE',  #118 ) ;
#1194 = AXIS2_PLACEMENT_3D ( 'NONE', #1794, #1803, #1952 ) ;
#1195 = DIRECTION ( 'NONE',  ( 0.000000000000000000, 1.000000000000000000, -0.000000000000000000 ) ) ;
#1196 = AXIS2_PLACEMENT_3D ( 'NONE', #2132, #2158, #1129 ) ;
#1197 = AXIS2_PLACEMENT_3D ( 'NONE', #1919, #1047, #1750 ) ;
#1198 = ORIENTED_EDGE ( 'NONE', *, *, #1139, .F. ) ;
#1199 = DIRECTION ( 'NONE',  ( -0.000000000000000000, -1.000000000000000000, 0.000000000000000000 ) ) ;
#1200 = AXIS2_PLACEMENT_3D ( 'NONE', #1012, #1847, #1509 ) ;
#1201 = ADVANCED_FACE ( 'NONE', ( #1100 ), #956, .F. ) ;
#1202 = VERTEX_POINT ( 'NONE', #1653 ) ;
#1203 = FACE_BOUND ( 'NONE', #1159, .T. ) ;
#1204 = EDGE_CURVE ( 'NONE', #162, #1969, #1719, .T. ) ;
#1205 = AXIS2_PLACEMENT_3D ( 'NONE', #2167, #919, #1615 ) ;
#1206 = DIRECTION ( 'NONE',  ( 0.000000000000000000, 0.000000000000000000, 1.000000000000000000 ) ) ;
#1207 = LINE ( 'NONE', #561, #261 ) ;
#1208 = CIRCLE ( 'NONE', #3, 0.9999999999999983347 ) ;
#1209 = VERTEX_POINT ( 'NONE', #1264 ) ;
#1210 = ORIENTED_EDGE ( 'NONE', *, *, #1805, .F. ) ;
#1211 = PLANE ( 'NONE',  #28 ) ;
#1212 = ORIENTED_EDGE ( 'NONE', *, *, #2213, .T. ) ;
#1213 = CARTESIAN_POINT ( 'NONE',  ( -24.00000000000000355, 4.000000000000000000, -4.000000000000009770 ) ) ;
#1214 = EDGE_LOOP ( 'NONE', ( #669, #471, #1897, #550 ) ) ;
#1215 = CARTESIAN_POINT ( 'NONE',  ( 54.00000000000000000, 4.000000000000000000, 6.999999999999998224 ) ) ;
#1216 = DIRECTION ( 'NONE',  ( 0.000000000000000000, 0.000000000000000000, 1.000000000000000000 ) ) ;
#1217 = EDGE_CURVE ( 'NONE', #1182, #316, #1797, .T. ) ;
#1218 = ORIENTED_EDGE ( 'NONE', *, *, #372, .F. ) ;
#1219 = DIRECTION ( 'NONE',  ( 0.000000000000000000, 0.000000000000000000, 1.000000000000000000 ) ) ;
#1220 = ORIENTED_EDGE ( 'NONE', *, *, #2087, .T. ) ;
#1221 = FACE_BOUND ( 'NONE', #1654, .T. ) ;
#1222 = VERTEX_POINT ( 'NONE', #1291 ) ;
#1223 = CARTESIAN_POINT ( 'NONE',  ( 40.00000000000000000, 0.000000000000000000, -12.99999999999999822 ) ) ;
#1224 = DIRECTION ( 'NONE',  ( -0.000000000000000000, -1.000000000000000000, -0.000000000000000000 ) ) ;
#1225 = EDGE_CURVE ( 'NONE', #688, #1994, #1122, .T. ) ;
#1226 = CIRCLE ( 'NONE', #2223, 1.000000000000005329 ) ;
#1227 = EDGE_CURVE ( 'NONE', #2191, #2124, #1646, .T. ) ;
#1228 = ORIENTED_EDGE ( 'NONE', *, *, #564, .F. ) ;
#1229 = DIRECTION ( 'NONE',  ( -0.000000000000000000, -1.000000000000000000, -0.000000000000000000 ) ) ;
#1230 = VECTOR ( 'NONE', #791, 1000.000000000000000 ) ;
#1231 = ORIENTED_EDGE ( 'NONE', *, *, #1891, .T. ) ;
#1232 = VECTOR ( 'NONE', #341, 1000.000000000000000 ) ;
#1233 = FACE_BOUND ( 'NONE', #740, .T. ) ;
#1234 = ORIENTED_EDGE ( 'NONE', *, *, #540, .T. ) ;
#1235 = AXIS2_PLACEMENT_3D ( 'NONE', #532, #1384, #347 ) ;
#1236 = CARTESIAN_POINT ( 'NONE',  ( 6.000000000000000000, 4.000000000000000000, -5.999999999999995559 ) ) ;
#1237 = CARTESIAN_POINT ( 'NONE',  ( 13.00000000000000178, 8.673617379884035472E-16, -16.00000000000000000 ) ) ;
#1238 = CC_DESIGN_APPROVAL ( #1985, ( #2082 ) ) ;
#1239 = VECTOR ( 'NONE', #547, 1000.000000000000000 ) ;
#1240 = ORIENTED_EDGE ( 'NONE', *, *, #899, .F. ) ;
#1241 = CARTESIAN_POINT ( 'NONE',  ( 13.00000000000000178, 8.673617379884035472E-16, -14.49999999999999822 ) ) ;
#1242 = EDGE_CURVE ( 'NONE', #2094, #867, #1383, .T. ) ;
#1243 = VERTEX_POINT ( 'NONE', #1807 ) ;
#1244 = CARTESIAN_POINT ( 'NONE',  ( 63.00000000000000000, 0.000000000000000000, -19.00000000000000000 ) ) ;
#1245 = ADVANCED_FACE ( 'NONE', ( #940 ), #1821, .F. ) ;
#1246 = ORIENTED_EDGE ( 'NONE', *, *, #1657, .T. ) ;
#1247 = CARTESIAN_POINT ( 'NONE',  ( 46.00000000000000000, 4.000000000000000000, -4.999999999999988454 ) ) ;
#1248 = DIRECTION ( 'NONE',  ( -0.000000000000000000, -0.000000000000000000, -1.000000000000000000 ) ) ;
#1249 = EDGE_LOOP ( 'NONE', ( #2047, #1526, #2117, #2092 ) ) ;
#1250 = CARTESIAN_POINT ( 'NONE',  ( 14.00000000000000000, 4.000000000000000000, 6.000000000000000888 ) ) ;
#1251 = PLANE ( 'NONE',  #1779 ) ;
#1252 = EDGE_LOOP ( 'NONE', ( #346, #1909 ) ) ;
#1253 = CARTESIAN_POINT ( 'NONE',  ( 54.00000000000000000, 4.000000000000000000, -5.999999999999998224 ) ) ;
#1254 = EDGE_CURVE ( 'NONE', #810, #1434, #772, .T. ) ;
#1255 = ORIENTED_EDGE ( 'NONE', *, *, #1155, .T. ) ;
#1256 = CARTESIAN_POINT ( 'NONE',  ( -37.00000000000000000, 0.000000000000000000, -9.999999999999998224 ) ) ;
#1257 = CARTESIAN_POINT ( 'NONE',  ( -36.00000000000001421, 4.000000000000000000, 2.999999999999988010 ) ) ;
#1258 = VERTEX_POINT ( 'NONE', #785 ) ;
#1259 = DIRECTION ( 'NONE',  ( 0.000000000000000000, 0.000000000000000000, -1.000000000000000000 ) ) ;
#1260 = VECTOR ( 'NONE', #1478, 1000.000000000000000 ) ;
#1261 = DIRECTION ( 'NONE',  ( 0.000000000000000000, 0.000000000000000000, 1.000000000000000000 ) ) ;
#1262 = CIRCLE ( 'NONE', #2256, 1.500000000000001332 ) ;
#1263 = ORIENTED_EDGE ( 'NONE', *, *, #1155, .F. ) ;
#1264 = CARTESIAN_POINT ( 'NONE',  ( 37.00000000000000000, 4.000000000000000000, -9.999999999999998224 ) ) ;
#1265 = EDGE_CURVE ( 'NONE', #14, #1040, #2045, .T. ) ;
#1266 = ORIENTED_EDGE ( 'NONE', *, *, #729, .F. ) ;
#1267 = DIRECTION ( 'NONE',  ( -0.000000000000000000, -1.000000000000000000, -0.000000000000000000 ) ) ;
#1268 = DIRECTION ( 'NONE',  ( 0.000000000000000000, 1.000000000000000000, -0.000000000000000000 ) ) ;
#1269 = EDGE_CURVE ( 'NONE', #368, #656, #112, .T. ) ;
#1270 = AXIS2_PLACEMENT_3D ( 'NONE', #1775, #906, #1113 ) ;
#1271 = ORIENTED_EDGE ( 'NONE', *, *, #2055, .F. ) ;
#1272 = CARTESIAN_POINT ( 'NONE',  ( -37.00000000000000000, 0.000000000000000000, 10.00000000000000178 ) ) ;
#1273 = CIRCLE ( 'NONE', #182, 0.9999999999999983347 ) ;
#1274 = DIRECTION ( 'NONE',  ( -0.000000000000000000, 1.000000000000000000, 0.000000000000000000 ) ) ;
#1275 = CARTESIAN_POINT ( 'NONE',  ( 23.99999999999999645, 0.000000000000000000, -3.999999999999997335 ) ) ;
#1276 = VECTOR ( 'NONE', #72, 1000.000000000000000 ) ;
#1277 = ORIENTED_EDGE ( 'NONE', *, *, #2083, .T. ) ;
#1278 = AXIS2_PLACEMENT_3D ( 'NONE', #419, #2169, #1659 ) ;
#1279 = CARTESIAN_POINT ( 'NONE',  ( 48.00000000000000000, 4.000000000000000000, -18.00000000000000000 ) ) ;
#1280 = ORIENTED_EDGE ( 'NONE', *, *, #1557, .F. ) ;
#1281 = DIRECTION ( 'NONE',  ( -0.000000000000000000, -1.000000000000000000, -0.000000000000000000 ) ) ;
#1282 = DIRECTION ( 'NONE',  ( 0.000000000000000000, 1.000000000000000000, 0.000000000000000000 ) ) ;
#1283 = DIRECTION ( 'NONE',  ( 1.000000000000000000, -0.000000000000000000, 0.000000000000000000 ) ) ;
#1284 = ORIENTED_EDGE ( 'NONE', *, *, #1397, .T. ) ;
#1285 = FACE_OUTER_BOUND ( 'NONE', #489, .T. ) ;
#1286 = CYLINDRICAL_SURFACE ( 'NONE', #1636, 0.9999999999999983347 ) ;
#1287 = FACE_OUTER_BOUND ( 'NONE', #1753, .T. ) ;
#1288 = DIRECTION ( 'NONE',  ( 0.000000000000000000, 0.000000000000000000, 1.000000000000000000 ) ) ;
#1289 = EDGE_CURVE ( 'NONE', #1147, #1243, #699, .T. ) ;
#1290 = ORIENTED_EDGE ( 'NONE', *, *, #1063, .F. ) ;
#1291 = CARTESIAN_POINT ( 'NONE',  ( 60.00000000000000000, 0.000000000000000000, 10.00000000000000178 ) ) ;
#1292 = ORIENTED_EDGE ( 'NONE', *, *, #1989, .F. ) ;
#1293 = FACE_OUTER_BOUND ( 'NONE', #646, .T. ) ;
#1294 = DIRECTION ( 'NONE',  ( -0.000000000000000000, -1.000000000000000000, -0.000000000000000000 ) ) ;
#1295 = ORIENTED_EDGE ( 'NONE', *, *, #1657, .F. ) ;
#1296 = CARTESIAN_POINT ( 'NONE',  ( 0.000000000000000000, 4.000000000000000000, -9.999999999999998224 ) ) ;
#1297 = CARTESIAN_POINT ( 'NONE',  ( 40.00000000000000000, 4.000000000000000000, -12.99999999999999822 ) ) ;
#1298 = CARTESIAN_POINT ( 'NONE',  ( -24.00000000000000355, 4.000000000000000000, 4.999999999999990230 ) ) ;
#1299 = CARTESIAN_POINT ( 'NONE',  ( 0.000000000000000000, 4.000000000000000000, -22.00000000000000000 ) ) ;
#1300 = ADVANCED_FACE ( 'NONE', ( #993 ), #1169, .F. ) ;
#1301 = ORIENTED_EDGE ( 'NONE', *, *, #470, .F. ) ;
#1302 = CARTESIAN_POINT ( 'NONE',  ( -37.00000000000000000, 4.000000000000000000, -6.999999999999998224 ) ) ;
#1303 = ORIENTED_EDGE ( 'NONE', *, *, #1397, .F. ) ;
#1304 = DIRECTION ( 'NONE',  ( -0.000000000000000000, -1.000000000000000000, -0.000000000000000000 ) ) ;
#1305 = CARTESIAN_POINT ( 'NONE',  ( 6.000000000000000000, 4.000000000000000000, 5.999999999999997335 ) ) ;
#1306 = AXIS2_PLACEMENT_3D ( 'NONE', #530, #1062, #884 ) ;
#1307 = VERTEX_POINT ( 'NONE', #1665 ) ;
#1308 = CARTESIAN_POINT ( 'NONE',  ( -24.00000000000000355, 4.000000000000000000, 3.999999999999988898 ) ) ;
#1309 = CYLINDRICAL_SURFACE ( 'NONE', #724, 1.500000000000004885 ) ;
#1310 = DIRECTION ( 'NONE',  ( 0.000000000000000000, 0.000000000000000000, -1.000000000000000000 ) ) ;
#1311 = CIRCLE ( 'NONE', #2116, 1.500000000000004885 ) ;
#1312 = VECTOR ( 'NONE', #1023, 1000.000000000000000 ) ;
#1313 = ORIENTED_EDGE ( 'NONE', *, *, #1907, .F. ) ;
#1314 = DIRECTION ( 'NONE',  ( 0.000000000000000000, 0.000000000000000000, -1.000000000000000000 ) ) ;
#1315 = AXIS2_PLACEMENT_3D ( 'NONE', #1893, #114, #1872 ) ;
#1316 = EDGE_LOOP ( 'NONE', ( #1798, #2059 ) ) ;
#1317 = EDGE_CURVE ( 'NONE', #1901, #601, #819, .T. ) ;
#1318 = LINE ( 'NONE', #2192, #2194 ) ;
#1319 = DATE_AND_TIME ( #1713, #2234 ) ;
#1320 = ORIENTED_EDGE ( 'NONE', *, *, #2155, .T. ) ;
#1321 = FACE_BOUND ( 'NONE', #224, .T. ) ;
#1322 = DIRECTION ( 'NONE',  ( 0.000000000000000000, 0.000000000000000000, 1.000000000000000000 ) ) ;
#1323 = FACE_OUTER_BOUND ( 'NONE', #1850, .T. ) ;
#1324 = ORIENTED_EDGE ( 'NONE', *, *, #496, .T. ) ;
#1325 = CARTESIAN_POINT ( 'NONE',  ( 36.00000000000000000, 0.000000000000000000, -3.999999999999996447 ) ) ;
#1326 = EDGE_CURVE ( 'NONE', #153, #467, #1273, .T. ) ;
#1327 = ORIENTED_EDGE ( 'NONE', *, *, #158, .T. ) ;
#1328 = CARTESIAN_POINT ( 'NONE',  ( 8.000000000000000000, 8.673617379884035472E-16, -31.99999999999999289 ) ) ;
#1329 = ADVANCED_FACE ( 'NONE', ( #2016 ), #139, .F. ) ;
#1330 = ORIENTED_EDGE ( 'NONE', *, *, #972, .T. ) ;
#1331 = DIRECTION ( 'NONE',  ( 0.000000000000000000, 1.000000000000000000, -0.000000000000000000 ) ) ;
#1332 = CARTESIAN_POINT ( 'NONE',  ( -24.00000000000000355, 4.000000000000000000, -5.000000000000011546 ) ) ;
#1333 = CARTESIAN_POINT ( 'NONE',  ( 28.00000000000000355, 0.000000000000000000, -9.999999999999998224 ) ) ;
#1334 = EDGE_LOOP ( 'NONE', ( #449, #1626 ) ) ;
#1335 = DIRECTION ( 'NONE',  ( 0.000000000000000000, 0.000000000000000000, 1.000000000000000000 ) ) ;
#1336 = EDGE_LOOP ( 'NONE', ( #461, #1920, #1120, #891 ) ) ;
#1337 = CYLINDRICAL_SURFACE ( 'NONE', #909, 1.000000000000001776 ) ;
#1338 = PERSON_AND_ORGANIZATION ( #1403, #2046 ) ;
#1339 = APPROVAL ( #2052, 'æœª' ) ;
#1340 = AXIS2_PLACEMENT_3D ( 'NONE', #749, #1619, #1427 ) ;
#1341 = CARTESIAN_POINT ( 'NONE',  ( 6.000000000000000000, 0.000000000000000000, 5.999999999999997335 ) ) ;
#1342 = EDGE_CURVE ( 'NONE', #316, #926, #1865, .T. ) ;
#1343 = AXIS2_PLACEMENT_3D ( 'NONE', #795, #1180, #1489 ) ;
#1344 = CARTESIAN_POINT ( 'NONE',  ( 14.00000000000000000, 0.000000000000000000, 6.000000000000000888 ) ) ;
#1345 = CIRCLE ( 'NONE', #477, 1.000000000000005329 ) ;
#1346 = EDGE_CURVE ( 'NONE', #2188, #208, #1787, .T. ) ;
#1347 = CIRCLE ( 'NONE', #1685, 3.000000000000000000 ) ;
#1348 = EDGE_LOOP ( 'NONE', ( #1463, #444 ) ) ;
#1349 = CARTESIAN_POINT ( 'NONE',  ( 13.00000000000000178, 4.000000000000000000, -14.49999999999999822 ) ) ;
#1350 = AXIS2_PLACEMENT_3D ( 'NONE', #1637, #66, #2164 ) ;
#1351 = VECTOR ( 'NONE', #1789, 1000.000000000000000 ) ;
#1352 = EDGE_LOOP ( 'NONE', ( #405, #2100, #228, #213 ) ) ;
#1353 = DIRECTION ( 'NONE',  ( 0.000000000000000000, 0.000000000000000000, 1.000000000000000000 ) ) ;
#1354 = PERSON_AND_ORGANIZATION_ROLE ( 'design_owner' ) ;
#1355 = AXIS2_PLACEMENT_3D ( 'NONE', #1308, #1670, #1259 ) ;
#1356 = DIRECTION ( 'NONE',  ( 0.000000000000000000, 1.000000000000000000, -0.000000000000000000 ) ) ;
#1357 = CYLINDRICAL_SURFACE ( 'NONE', #693, 0.9999999999999983347 ) ;
#1358 = EDGE_CURVE ( 'NONE', #1749, #1570, #1935, .T. ) ;
#1359 = ORIENTED_EDGE ( 'NONE', *, *, #1661, .T. ) ;
#1360 = FACE_OUTER_BOUND ( 'NONE', #2120, .T. ) ;
#1361 = ORIENTED_EDGE ( 'NONE', *, *, #1944, .F. ) ;
#1362 = CARTESIAN_POINT ( 'NONE',  ( -40.00000000000000000, 4.000000000000000000, -6.999999999999998224 ) ) ;
#1363 = ORIENTED_EDGE ( 'NONE', *, *, #1181, .F. ) ;
#1364 = DIRECTION ( 'NONE',  ( 1.000000000000000000, -0.000000000000000000, 0.000000000000000000 ) ) ;
#1365 = CARTESIAN_POINT ( 'NONE',  ( 36.00000000000000000, 0.000000000000000000, 5.000000000000001776 ) ) ;
#1366 = ADVANCED_FACE ( 'NONE', ( #2035 ), #2190, .F. ) ;
#1367 = VERTEX_POINT ( 'NONE', #1693 ) ;
#1368 = DIRECTION ( 'NONE',  ( 0.000000000000000000, 0.000000000000000000, 1.000000000000000000 ) ) ;
#1369 = EDGE_CURVE ( 'NONE', #290, #1669, #120, .T. ) ;
#1370 = EDGE_LOOP ( 'NONE', ( #1549, #302, #1875, #1578 ) ) ;
#1371 = FACE_OUTER_BOUND ( 'NONE', #1414, .T. ) ;
#1372 = CIRCLE ( 'NONE', #1629, 1.000000000000001332 ) ;
#1373 = CARTESIAN_POINT ( 'NONE',  ( 14.00000000000000000, 0.000000000000000000, -5.999999999999999112 ) ) ;
#1374 = CIRCLE ( 'NONE', #866, 0.9999999999999983347 ) ;
#1375 = DIRECTION ( 'NONE',  ( 0.000000000000000000, 1.000000000000000000, 0.000000000000000000 ) ) ;
#1376 = CIRCLE ( 'NONE', #2145, 1.500000000000004885 ) ;
#1377 = AXIS2_PLACEMENT_3D ( 'NONE', #349, #169, #898 ) ;
#1378 = ORIENTED_EDGE ( 'NONE', *, *, #1254, .F. ) ;
#1379 = ORIENTED_EDGE ( 'NONE', *, *, #2231, .T. ) ;
#1380 = DIRECTION ( 'NONE',  ( 0.000000000000000000, 0.000000000000000000, -1.000000000000000000 ) ) ;
#1381 = AXIS2_PLACEMENT_3D ( 'NONE', #2257, #176, #338 ) ;
#1382 = EDGE_LOOP ( 'NONE', ( #352, #310, #31, #1295 ) ) ;
#1383 = CIRCLE ( 'NONE', #769, 3.000000000000000000 ) ;
#1384 = DIRECTION ( 'NONE',  ( 0.000000000000000000, -1.000000000000000000, 0.000000000000000000 ) ) ;
#1385 = CALENDAR_DATE ( 2026, 8, 5 ) ;
#1386 = ADVANCED_FACE ( 'NONE', ( #1517 ), #1868, .T. ) ;
#1387 = PRODUCT_DEFINITION_FORMATION_WITH_SPECIFIED_SOURCE ( 'ä»', '', #750, .NOT_KNOWN. ) ;
#1388 = LINE ( 'NONE', #1949, #814 ) ;
#1389 = DIRECTION ( 'NONE',  ( 0.000000000000000000, 0.000000000000000000, -1.000000000000000000 ) ) ;
#1390 = AXIS2_PLACEMENT_3D ( 'NONE', #651, #1331, #1407 ) ;
#1391 = VERTEX_POINT ( 'NONE', #1349 ) ;
#1392 = EDGE_LOOP ( 'NONE', ( #860, #1330 ) ) ;
#1393 = CYLINDRICAL_SURFACE ( 'NONE', #475, 1.000000000000001776 ) ;
#1394 = VERTEX_POINT ( 'NONE', #1158 ) ;
#1395 = CARTESIAN_POINT ( 'NONE',  ( -40.00000000000000000, 0.000000000000000000, 7.000000000000001776 ) ) ;
#1396 = DATE_TIME_ROLE ( 'classification_date' ) ;
#1397 = EDGE_CURVE ( 'NONE', #926, #316, #1754, .T. ) ;
#1398 = DIRECTION ( 'NONE',  ( 0.000000000000000000, 1.000000000000000000, -0.000000000000000000 ) ) ;
#1399 = CYLINDRICAL_SURFACE ( 'NONE', #179, 10.00000000000000178 ) ;
#1400 = ADVANCED_FACE ( 'NONE', ( #1137 ), #271, .T. ) ;
#1401 = VERTEX_POINT ( 'NONE', #1002 ) ;
#1402 = CARTESIAN_POINT ( 'NONE',  ( 10.00000000000000000, 4.000000000000000000, -34.00000000000000000 ) ) ;
#1403 = PERSON ( 'æœª', 'æœª', 'æœª', ('æœª'), ('æœª'), ('æœª') ) ;
#1404 = VERTEX_POINT ( 'NONE', #2049 ) ;
#1405 = DIRECTION ( 'NONE',  ( -1.000000000000000000, 0.000000000000000000, 0.000000000000000000 ) ) ;
#1406 = EDGE_LOOP ( 'NONE', ( #1878, #701, #1923, #156 ) ) ;
#1407 = DIRECTION ( 'NONE',  ( 0.000000000000000000, 0.000000000000000000, 1.000000000000000000 ) ) ;
#1408 = PRODUCT_RELATED_PRODUCT_CATEGORY ( 'detail', '', ( #750 ) ) ;
#1409 = CARTESIAN_POINT ( 'NONE',  ( 40.00000000000000000, 4.000000000000000000, -19.00000000000000000 ) ) ;
#1410 = CIRCLE ( 'NONE', #719, 1.000000000000001776 ) ;
#1411 = VECTOR ( 'NONE', #1930, 1000.000000000000000 ) ;
#1412 = ADVANCED_FACE ( 'NONE', ( #1676 ), #968, .F. ) ;
#1413 = VECTOR ( 'NONE', #596, 1000.000000000000000 ) ;
#1414 = EDGE_LOOP ( 'NONE', ( #1125, #1954, #962, #1710 ) ) ;
#1415 = EDGE_CURVE ( 'NONE', #1818, #368, #1701, .T. ) ;
#1416 = CARTESIAN_POINT ( 'NONE',  ( 10.00000000000000000, 8.673617379884035472E-16, -32.00000000000000000 ) ) ;
#1417 = AXIS2_PLACEMENT_3D ( 'NONE', #420, #251, #1130 ) ;
#1418 = ORIENTED_EDGE ( 'NONE', *, *, #470, .T. ) ;
#1419 = CARTESIAN_POINT ( 'NONE',  ( 8.000000000000000000, 8.673617379884035472E-16, -9.999999999999998224 ) ) ;
#1420 = PERSON_AND_ORGANIZATION ( #1403, #2046 ) ;
#1421 = ORIENTED_EDGE ( 'NONE', *, *, #1891, .F. ) ;
#1422 = CIRCLE ( 'NONE', #443, 1.500000000000004885 ) ;
#1423 = DIRECTION ( 'NONE',  ( 0.000000000000000000, 1.000000000000000000, -0.000000000000000000 ) ) ;
#1424 = DIRECTION ( 'NONE',  ( -0.000000000000000000, -1.000000000000000000, -0.000000000000000000 ) ) ;
#1425 = CIRCLE ( 'NONE', #265, 1.000000000000001776 ) ;
#1426 = ORIENTED_EDGE ( 'NONE', *, *, #709, .T. ) ;
#1427 = DIRECTION ( 'NONE',  ( 0.000000000000000000, 0.000000000000000000, -1.000000000000000000 ) ) ;
#1428 = ADVANCED_FACE ( 'NONE', ( #455 ), #1148, .F. ) ;
#1429 = EDGE_LOOP ( 'NONE', ( #80, #1547, #195, #1706 ) ) ;
#1430 = DIRECTION ( 'NONE',  ( 0.000000000000000000, 0.000000000000000000, 1.000000000000000000 ) ) ;
#1431 = ORIENTED_EDGE ( 'NONE', *, *, #847, .F. ) ;
#1432 = CARTESIAN_POINT ( 'NONE',  ( -24.00000000000000355, 4.000000000000000000, 3.999999999999988898 ) ) ;
#1433 = DIRECTION ( 'NONE',  ( 0.000000000000000000, 0.000000000000000000, 1.000000000000000000 ) ) ;
#1434 = VERTEX_POINT ( 'NONE', #163 ) ;
#1435 = DIRECTION ( 'NONE',  ( 0.000000000000000000, 1.000000000000000000, 0.000000000000000000 ) ) ;
#1436 = CARTESIAN_POINT ( 'NONE',  ( 8.000000000000000000, 8.673617379884035472E-16, -9.999999999999998224 ) ) ;
#1437 = VERTEX_POINT ( 'NONE', #1740 ) ;
#1438 = CARTESIAN_POINT ( 'NONE',  ( 14.00000000000000000, 4.000000000000000000, 4.999999999999999112 ) ) ;
#1439 = EDGE_LOOP ( 'NONE', ( #33, #700, #1941, #1771 ) ) ;
#1440 = DIRECTION ( 'NONE',  ( 0.000000000000000000, 0.000000000000000000, -1.000000000000000000 ) ) ;
#1441 = CARTESIAN_POINT ( 'NONE',  ( 6.000000000000000000, 4.000000000000000000, -4.999999999999993783 ) ) ;
#1442 = ORIENTED_EDGE ( 'NONE', *, *, #376, .T. ) ;
#1443 = FACE_OUTER_BOUND ( 'NONE', #1249, .T. ) ;
#1444 = AXIS2_PLACEMENT_3D ( 'NONE', #616, #246, #83 ) ;
#1445 = CARTESIAN_POINT ( 'NONE',  ( 46.00000000000000000, 0.000000000000000000, -5.999999999999993783 ) ) ;
#1446 = DIRECTION ( 'NONE',  ( 0.000000000000000000, 1.000000000000000000, -0.000000000000000000 ) ) ;
#1447 = ORIENTED_EDGE ( 'NONE', *, *, #773, .F. ) ;
#1448 = VECTOR ( 'NONE', #152, 1000.000000000000000 ) ;
#1449 = DIRECTION ( 'NONE',  ( 0.000000000000000000, 1.000000000000000000, -0.000000000000000000 ) ) ;
#1450 = CIRCLE ( 'NONE', #2261, 10.00000000000000000 ) ;
#1451 = VERTEX_POINT ( 'NONE', #1556 ) ;
#1452 = CARTESIAN_POINT ( 'NONE',  ( -40.00000000000000000, 4.000000000000000000, 0.000000000000000000 ) ) ;
#1453 = CARTESIAN_POINT ( 'NONE',  ( 56.00000000000000000, 4.000000000000000000, -16.49999999999999289 ) ) ;
#1454 = ADVANCED_FACE ( 'NONE', ( #2245 ), #1211, .T. ) ;
#1455 = CIRCLE ( 'NONE', #1785, 2.999999999999999112 ) ;
#1456 = EDGE_LOOP ( 'NONE', ( #2102, #377 ) ) ;
#1457 = CARTESIAN_POINT ( 'NONE',  ( -24.00000000000000355, 4.000000000000000000, -4.000000000000009770 ) ) ;
#1458 = AXIS2_PLACEMENT_3D ( 'NONE', #1073, #206, #1601 ) ;
#1459 = LINE ( 'NONE', #2159, #1017 ) ;
#1460 = DIRECTION ( 'NONE',  ( 0.000000000000000000, 0.000000000000000000, 1.000000000000000000 ) ) ;
#1461 = LINE ( 'NONE', #1672, #941 ) ;
#1462 = VECTOR ( 'NONE', #580, 1000.000000000000000 ) ;
#1463 = ORIENTED_EDGE ( 'NONE', *, *, #27, .T. ) ;
#1464 = LINE ( 'NONE', #557, #1826 ) ;
#1465 = ORIENTED_EDGE ( 'NONE', *, *, #1108, .T. ) ;
#1466 = DIRECTION ( 'NONE',  ( -0.000000000000000000, -1.000000000000000000, 0.000000000000000000 ) ) ;
#1467 = FACE_OUTER_BOUND ( 'NONE', #57, .T. ) ;
#1468 = ADVANCED_FACE ( 'NONE', ( #1360 ), #689, .T. ) ;
#1469 = ORIENTED_EDGE ( 'NONE', *, *, #121, .T. ) ;
#1470 = DIRECTION ( 'NONE',  ( 0.000000000000000000, 0.000000000000000000, -1.000000000000000000 ) ) ;
#1471 = EDGE_CURVE ( 'NONE', #942, #2264, #1039, .T. ) ;
#1472 = CARTESIAN_POINT ( 'NONE',  ( 28.00000000000000355, 4.000000000000000000, -19.99999999999999645 ) ) ;
#1473 = CYLINDRICAL_SURFACE ( 'NONE', #100, 1.000000000000001776 ) ;
#1474 = DIRECTION ( 'NONE',  ( 0.000000000000000000, 0.000000000000000000, 1.000000000000000000 ) ) ;
#1475 = VERTEX_POINT ( 'NONE', #1402 ) ;
#1476 = CARTESIAN_POINT ( 'NONE',  ( -24.00000000000000355, 4.000000000000000000, 3.999999999999988898 ) ) ;
#1477 = ORIENTED_EDGE ( 'NONE', *, *, #1123, .F. ) ;
#1478 = DIRECTION ( 'NONE',  ( -0.000000000000000000, -1.000000000000000000, -0.000000000000000000 ) ) ;
#1479 = CYLINDRICAL_SURFACE ( 'NONE', #484, 1.500000000000004885 ) ;
#1480 = ORIENTED_EDGE ( 'NONE', *, *, #2243, .T. ) ;
#1481 = DIRECTION ( 'NONE',  ( 0.000000000000000000, 0.000000000000000000, 1.000000000000000000 ) ) ;
#1482 = DIRECTION ( 'NONE',  ( 0.000000000000000000, 0.000000000000000000, -1.000000000000000000 ) ) ;
#1483 = DIRECTION ( 'NONE',  ( -0.000000000000000000, -1.000000000000000000, -0.000000000000000000 ) ) ;
#1484 = ADVANCED_FACE ( 'NONE', ( #1910 ), #1019, .F. ) ;
#1485 = CARTESIAN_POINT ( 'NONE',  ( 16.00000000000000000, 4.000000000000000000, -32.00000000000000000 ) ) ;
#1486 = EDGE_CURVE ( 'NONE', #2009, #926, #869, .T. ) ;
#1487 = ORIENTED_EDGE ( 'NONE', *, *, #1317, .T. ) ;
#1488 = AXIS2_PLACEMENT_3D ( 'NONE', #399, #1107, #39 ) ;
#1489 = DIRECTION ( 'NONE',  ( 0.000000000000000000, 0.000000000000000000, -1.000000000000000000 ) ) ;
#1490 = AXIS2_PLACEMENT_3D ( 'NONE', #2162, #241, #935 ) ;
#1491 = ORIENTED_EDGE ( 'NONE', *, *, #300, .T. ) ;
#1492 = AXIS2_PLACEMENT_3D ( 'NONE', #193, #976, #1647 ) ;
#1493 = LINE ( 'NONE', #1870, #480 ) ;
#1494 = CARTESIAN_POINT ( 'NONE',  ( 43.00000000000000000, 4.000000000000000000, -19.00000000000000000 ) ) ;
#1495 = VECTOR ( 'NONE', #2081, 1000.000000000000000 ) ;
#1496 = EDGE_LOOP ( 'NONE', ( #1723, #8 ) ) ;
#1497 = CARTESIAN_POINT ( 'NONE',  ( 46.00000000000000000, 0.000000000000000000, 4.999999999999992895 ) ) ;
#1498 = DIRECTION ( 'NONE',  ( 0.000000000000000000, 0.000000000000000000, 1.000000000000000000 ) ) ;
#1499 = AXIS2_PLACEMENT_3D ( 'NONE', #95, #110, #2205 ) ;
#1500 = CARTESIAN_POINT ( 'NONE',  ( 60.00000000000000000, 0.000000000000000000, -19.00000000000000000 ) ) ;
#1501 = AXIS2_PLACEMENT_3D ( 'NONE', #466, #2212, #1335 ) ;
#1502 = ADVANCED_FACE ( 'NONE', ( #2066 ), #849, .F. ) ;
#1503 = VECTOR ( 'NONE', #1283, 1000.000000000000000 ) ;
#1504 = ORIENTED_EDGE ( 'NONE', *, *, #1013, .F. ) ;
#1505 = DIRECTION ( 'NONE',  ( 0.000000000000000000, 0.000000000000000000, 1.000000000000000000 ) ) ;
#1506 = ADVANCED_FACE ( 'NONE', ( #2265 ), #1393, .F. ) ;
#1507 = AXIS2_PLACEMENT_3D ( 'NONE', #1582, #707, #1759 ) ;
#1508 = EDGE_LOOP ( 'NONE', ( #1266, #1674, #1284, #2091 ) ) ;
#1509 = DIRECTION ( 'NONE',  ( 0.000000000000000000, 0.000000000000000000, 1.000000000000000000 ) ) ;
#1510 = DIRECTION ( 'NONE',  ( -0.000000000000000000, -1.000000000000000000, -0.000000000000000000 ) ) ;
#1511 = ORIENTED_EDGE ( 'NONE', *, *, #456, .T. ) ;
#1512 = CARTESIAN_POINT ( 'NONE',  ( 14.00000000000000000, 0.000000000000000000, -4.999999999999997335 ) ) ;
#1513 = LINE ( 'NONE', #1332, #873 ) ;
#1514 = DIRECTION ( 'NONE',  ( 0.000000000000000000, 0.000000000000000000, 1.000000000000000000 ) ) ;
#1515 = ORIENTED_EDGE ( 'NONE', *, *, #2250, .T. ) ;
#1516 = EDGE_CURVE ( 'NONE', #1192, #810, #498, .T. ) ;
#1517 = FACE_OUTER_BOUND ( 'NONE', #255, .T. ) ;
#1518 = ORIENTED_EDGE ( 'NONE', *, *, #1136, .T. ) ;
#1519 = EDGE_CURVE ( 'NONE', #1555, #688, #214, .T. ) ;
#1520 = CARTESIAN_POINT ( 'NONE',  ( -24.00000000000000355, 4.000000000000000000, -4.000000000000009770 ) ) ;
#1521 = DIRECTION ( 'NONE',  ( 0.000000000000000000, 0.000000000000000000, 1.000000000000000000 ) ) ;
#1522 = DIRECTION ( 'NONE',  ( 0.000000000000000000, 0.000000000000000000, 1.000000000000000000 ) ) ;
#1523 = APPLICATION_CONTEXT ( 'configuration controlled 3d designs of mechanical parts and assemblies' ) ;
#1524 = EDGE_LOOP ( 'NONE', ( #528, #1811, #1640, #1834 ) ) ;
#1525 = DIRECTION ( 'NONE',  ( -0.000000000000000000, 1.000000000000000000, 0.000000000000000000 ) ) ;
#1526 = ORIENTED_EDGE ( 'NONE', *, *, #1415, .T. ) ;
#1527 = CIRCLE ( 'NONE', #207, 10.00000000000000000 ) ;
#1528 = DIRECTION ( 'NONE',  ( -0.000000000000000000, -1.000000000000000000, -0.000000000000000000 ) ) ;
#1529 = DIRECTION ( 'NONE',  ( 0.000000000000000000, 0.000000000000000000, 1.000000000000000000 ) ) ;
#1530 = VECTOR ( 'NONE', #1617, 1000.000000000000000 ) ;
#1531 = FACE_BOUND ( 'NONE', #413, .T. ) ;
#1532 = AXIS2_PLACEMENT_3D ( 'NONE', #1721, #336, #1029 ) ;
#1533 = CARTESIAN_POINT ( 'NONE',  ( -2.000000000000000000, 4.000000000000000000, -9.999999999999998224 ) ) ;
#1534 = EDGE_CURVE ( 'NONE', #628, #2113, #395, .T. ) ;
#1535 = VECTOR ( 'NONE', #602, 1000.000000000000000 ) ;
#1536 = ORIENTED_EDGE ( 'NONE', *, *, #412, .T. ) ;
#1537 = CARTESIAN_POINT ( 'NONE',  ( 54.00000000000000000, 0.000000000000000000, -5.999999999999998224 ) ) ;
#1538 = LOCAL_TIME ( 12, 12, 22.00000000000000000, #493 ) ;
#1539 = VERTEX_POINT ( 'NONE', #836 ) ;
#1540 = DIRECTION ( 'NONE',  ( 0.000000000000000000, 0.000000000000000000, 1.000000000000000000 ) ) ;
#1541 = APPROVAL_DATE_TIME ( #315, #1339 ) ;
#1542 = CIRCLE ( 'NONE', #1059, 1.500000000000001332 ) ;
#1543 = CARTESIAN_POINT ( 'NONE',  ( 54.00000000000000000, 0.000000000000000000, -5.000000000000000000 ) ) ;
#1544 = EDGE_CURVE ( 'NONE', #539, #1966, #691, .T. ) ;
#1545 = CARTESIAN_POINT ( 'NONE',  ( 6.000000000000000000, 0.000000000000000000, -5.999999999999995559 ) ) ;
#1546 = EDGE_CURVE ( 'NONE', #1966, #539, #1564, .T. ) ;
#1547 = ORIENTED_EDGE ( 'NONE', *, *, #2182, .T. ) ;
#1548 = CARTESIAN_POINT ( 'NONE',  ( 8.000000000000000000, 8.673617379884035472E-16, -34.00000000000000000 ) ) ;
#1549 = ORIENTED_EDGE ( 'NONE', *, *, #990, .F. ) ;
#1550 = CARTESIAN_POINT ( 'NONE',  ( 60.00000000000000000, 4.000000000000000000, -19.00000000000000000 ) ) ;
#1551 = DATE_AND_TIME ( #1385, #1691 ) ;
#1552 = CARTESIAN_POINT ( 'NONE',  ( -36.00000000000001421, 4.000000000000000000, -5.000000000000012434 ) ) ;
#1553 = CARTESIAN_POINT ( 'NONE',  ( 10.00000000000000000, 8.673617379884035472E-16, -34.00000000000000000 ) ) ;
#1554 = ORIENTED_EDGE ( 'NONE', *, *, #706, .F. ) ;
#1555 = VERTEX_POINT ( 'NONE', #10 ) ;
#1556 = CARTESIAN_POINT ( 'NONE',  ( -24.00000000000000355, 4.000000000000000000, -3.000000000000008438 ) ) ;
#1557 = EDGE_CURVE ( 'NONE', #738, #1861, #670, .T. ) ;
#1558 = VERTEX_POINT ( 'NONE', #345 ) ;
#1559 = LINE ( 'NONE', #1022, #807 ) ;
#1560 = ORIENTED_EDGE ( 'NONE', *, *, #1737, .F. ) ;
#1561 = DIRECTION ( 'NONE',  ( -0.000000000000000000, -1.000000000000000000, -0.000000000000000000 ) ) ;
#1562 = AXIS2_PLACEMENT_3D ( 'NONE', #1250, #240, #1096 ) ;
#1563 = FACE_OUTER_BOUND ( 'NONE', #1716, .T. ) ;
#1564 = CIRCLE ( 'NONE', #1197, 0.9999999999999983347 ) ;
#1565 = ORIENTED_EDGE ( 'NONE', *, *, #1486, .F. ) ;
#1566 = ORIENTED_EDGE ( 'NONE', *, *, #1622, .F. ) ;
#1567 = CARTESIAN_POINT ( 'NONE',  ( 36.00000000000000000, 4.000000000000000000, -2.999999999999998224 ) ) ;
#1568 = EDGE_CURVE ( 'NONE', #1101, #1222, #508, .T. ) ;
#1569 = VECTOR ( 'NONE', #641, 1000.000000000000000 ) ;
#1570 = VERTEX_POINT ( 'NONE', #711 ) ;
#1571 = EDGE_CURVE ( 'NONE', #529, #491, #324, .T. ) ;
#1572 = DIRECTION ( 'NONE',  ( 0.000000000000000000, -1.000000000000000000, 0.000000000000000000 ) ) ;
#1573 = VERTEX_POINT ( 'NONE', #1586 ) ;
#1574 = FACE_OUTER_BOUND ( 'NONE', #1913, .T. ) ;
#1575 = CARTESIAN_POINT ( 'NONE',  ( 43.00000000000000000, 4.000000000000000000, -22.00000000000000000 ) ) ;
#1576 = EDGE_LOOP ( 'NONE', ( #2157, #1739 ) ) ;
#1577 = DIRECTION ( 'NONE',  ( -0.000000000000000000, -1.000000000000000000, -0.000000000000000000 ) ) ;
#1578 = ORIENTED_EDGE ( 'NONE', *, *, #1571, .T. ) ;
#1579 = FACE_BOUND ( 'NONE', #984, .T. ) ;
#1580 = EDGE_CURVE ( 'NONE', #1243, #1147, #141, .T. ) ;
#1581 = ORIENTED_EDGE ( 'NONE', *, *, #278, .T. ) ;
#1582 = CARTESIAN_POINT ( 'NONE',  ( 46.00000000000000000, 0.000000000000000000, -5.999999999999993783 ) ) ;
#1583 = DIRECTION ( 'NONE',  ( 0.000000000000000000, 1.000000000000000000, -0.000000000000000000 ) ) ;
#1584 = ADVANCED_FACE ( 'NONE', ( #277 ), #803, .T. ) ;
#1585 = EDGE_LOOP ( 'NONE', ( #674, #900, #2079, #1028 ) ) ;
#1586 = CARTESIAN_POINT ( 'NONE',  ( 8.000000000000000000, 4.000000000000000000, -19.99999999999999289 ) ) ;
#1587 = ORIENTED_EDGE ( 'NONE', *, *, #2110, .T. ) ;
#1588 = FACE_BOUND ( 'NONE', #1576, .T. ) ;
#1589 = PRODUCT_DEFINITION_SHAPE ( 'NONE', 'NONE',  #50 ) ;
#1590 = APPROVAL_DATE_TIME ( #1551, #1985 ) ;
#1591 = ORIENTED_EDGE ( 'NONE', *, *, #1034, .F. ) ;
#1592 = LINE ( 'NONE', #1215, #1726 ) ;
#1593 = CARTESIAN_POINT ( 'NONE',  ( 28.00000000000000355, 0.000000000000000000, -19.99999999999999645 ) ) ;
#1594 = VECTOR ( 'NONE', #1483, 1000.000000000000000 ) ;
#1595 = ADVANCED_FACE ( 'NONE', ( #1842 ), #1286, .F. ) ;
#1596 = CIRCLE ( 'NONE', #1817, 1.000000000000001776 ) ;
#1597 = ORIENTED_EDGE ( 'NONE', *, *, #2032, .T. ) ;
#1598 = CYLINDRICAL_SURFACE ( 'NONE', #1340, 10.00000000000000178 ) ;
#1599 = CIRCLE ( 'NONE', #1417, 1.000000000000001776 ) ;
#1600 = VERTEX_POINT ( 'NONE', #1770 ) ;
#1601 = DIRECTION ( 'NONE',  ( 0.000000000000000000, 0.000000000000000000, 1.000000000000000000 ) ) ;
#1602 = ORIENTED_EDGE ( 'NONE', *, *, #2233, .F. ) ;
#1603 = CYLINDRICAL_SURFACE ( 'NONE', #627, 0.9999999999999983347 ) ;
#1604 = DIRECTION ( 'NONE',  ( 0.000000000000000000, 1.000000000000000000, 0.000000000000000000 ) ) ;
#1605 = AXIS2_PLACEMENT_3D ( 'NONE', #982, #1510, #469 ) ;
#1606 = VERTEX_POINT ( 'NONE', #1297 ) ;
#1607 = EDGE_CURVE ( 'NONE', #396, #1060, #1820, .T. ) ;
#1608 = CIRCLE ( 'NONE', #2123, 1.500000000000004885 ) ;
#1609 = EDGE_CURVE ( 'NONE', #1112, #746, #1459, .T. ) ;
#1610 = DIRECTION ( 'NONE',  ( 0.000000000000000000, 1.000000000000000000, -0.000000000000000000 ) ) ;
#1611 = ORIENTED_EDGE ( 'NONE', *, *, #594, .F. ) ;
#1612 = DIRECTION ( 'NONE',  ( 0.000000000000000000, 1.000000000000000000, -0.000000000000000000 ) ) ;
#1613 = EDGE_LOOP ( 'NONE', ( #1733, #1050, #1566, #1702 ) ) ;
#1614 = CARTESIAN_POINT ( 'NONE',  ( -40.00000000000000000, 4.000000000000000000, 7.000000000000001776 ) ) ;
#1615 = DIRECTION ( 'NONE',  ( 0.000000000000000000, 0.000000000000000000, 1.000000000000000000 ) ) ;
#1616 = EDGE_LOOP ( 'NONE', ( #1053, #835 ) ) ;
#1617 = DIRECTION ( 'NONE',  ( -0.000000000000000000, 1.000000000000000000, -0.000000000000000000 ) ) ;
#1618 = CARTESIAN_POINT ( 'NONE',  ( 46.00000000000000000, 4.000000000000000000, -5.999999999999993783 ) ) ;
#1619 = DIRECTION ( 'NONE',  ( 0.000000000000000000, -1.000000000000000000, 0.000000000000000000 ) ) ;
#1620 = EDGE_LOOP ( 'NONE', ( #1634, #589, #86, #1171 ) ) ;
#1621 = DIRECTION ( 'NONE',  ( -0.000000000000000000, 1.000000000000000000, -0.000000000000000000 ) ) ;
#1622 = EDGE_CURVE ( 'NONE', #1669, #1731, #904, .T. ) ;
#1623 = ORIENTED_EDGE ( 'NONE', *, *, #527, .T. ) ;
#1624 = DIRECTION ( 'NONE',  ( -0.000000000000000000, -1.000000000000000000, -0.000000000000000000 ) ) ;
#1625 = CARTESIAN_POINT ( 'NONE',  ( 6.000000000000000000, 0.000000000000000000, 4.999999999999995559 ) ) ;
#1626 = ORIENTED_EDGE ( 'NONE', *, *, #680, .T. ) ;
#1627 = DIRECTION ( 'NONE',  ( -0.000000000000000000, 1.000000000000000000, 0.000000000000000000 ) ) ;
#1628 = DIRECTION ( 'NONE',  ( 0.000000000000000000, 0.000000000000000000, 1.000000000000000000 ) ) ;
#1629 = AXIS2_PLACEMENT_3D ( 'NONE', #262, #929, #959 ) ;
#1630 = DIRECTION ( 'NONE',  ( 0.000000000000000000, 0.000000000000000000, 1.000000000000000000 ) ) ;
#1631 = CIRCLE ( 'NONE', #2068, 2.000000000000001776 ) ;
#1632 = CARTESIAN_POINT ( 'NONE',  ( -40.00000000000000000, 0.000000000000000000, -0.000000000000000000 ) ) ;
#1633 = CIRCLE ( 'NONE', #543, 2.999999999999999112 ) ;
#1634 = ORIENTED_EDGE ( 'NONE', *, *, #313, .F. ) ;
#1635 = EDGE_CURVE ( 'NONE', #601, #440, #253, .T. ) ;
#1636 = AXIS2_PLACEMENT_3D ( 'NONE', #2197, #1660, #1482 ) ;
#1637 = CARTESIAN_POINT ( 'NONE',  ( 36.00000000000000000, 4.000000000000000000, -3.999999999999996447 ) ) ;
#1638 = CIRCLE ( 'NONE', #657, 1.000000000000001776 ) ;
#1639 = EDGE_CURVE ( 'NONE', #1539, #1969, #1987, .T. ) ;
#1640 = ORIENTED_EDGE ( 'NONE', *, *, #300, .F. ) ;
#1641 = DIRECTION ( 'NONE',  ( 0.000000000000000000, 0.000000000000000000, -1.000000000000000000 ) ) ;
#1642 = CARTESIAN_POINT ( 'NONE',  ( 13.00000000000000178, 4.000000000000000000, -17.50000000000000000 ) ) ;
#1643 = AXIS2_PLACEMENT_3D ( 'NONE', #429, #1126, #314 ) ;
#1644 = VERTEX_POINT ( 'NONE', #2170 ) ;
#1645 = CARTESIAN_POINT ( 'NONE',  ( 14.00000000000000000, 4.000000000000000000, -5.999999999999999112 ) ) ;
#1646 = CIRCLE ( 'NONE', #588, 1.500000000000004885 ) ;
#1647 = DIRECTION ( 'NONE',  ( 0.000000000000000000, 0.000000000000000000, 1.000000000000000000 ) ) ;
#1648 = VECTOR ( 'NONE', #1151, 1000.000000000000000 ) ;
#1649 = ORIENTED_EDGE ( 'NONE', *, *, #2069, .T. ) ;
#1650 = CARTESIAN_POINT ( 'NONE',  ( -36.00000000000001421, 4.000000000000000000, 3.999999999999986233 ) ) ;
#1651 = CIRCLE ( 'NONE', #1278, 1.500000000000001332 ) ;
#1652 = ORIENTED_EDGE ( 'NONE', *, *, #1178, .T. ) ;
#1653 = CARTESIAN_POINT ( 'NONE',  ( 36.00000000000000000, 0.000000000000000000, 3.000000000000005329 ) ) ;
#1654 = EDGE_LOOP ( 'NONE', ( #260, #603 ) ) ;
#1655 = CARTESIAN_POINT ( 'NONE',  ( 54.00000000000000000, 4.000000000000000000, -6.999999999999996447 ) ) ;
#1656 = LINE ( 'NONE', #84, #223 ) ;
#1657 = EDGE_CURVE ( 'NONE', #2264, #238, #1599, .T. ) ;
#1658 = ORIENTED_EDGE ( 'NONE', *, *, #38, .F. ) ;
#1659 = DIRECTION ( 'NONE',  ( 0.000000000000000000, 0.000000000000000000, 1.000000000000000000 ) ) ;
#1660 = DIRECTION ( 'NONE',  ( -0.000000000000000000, -1.000000000000000000, -0.000000000000000000 ) ) ;
#1661 = EDGE_CURVE ( 'NONE', #1558, #678, #1164, .T. ) ;
#1662 = DIRECTION ( 'NONE',  ( 0.000000000000000000, 0.000000000000000000, 1.000000000000000000 ) ) ;
#1663 = CARTESIAN_POINT ( 'NONE',  ( 6.000000000000000000, 4.000000000000000000, 6.999999999999999112 ) ) ;
#1664 = EDGE_LOOP ( 'NONE', ( #848, #521, #1480, #1560 ) ) ;
#1665 = CARTESIAN_POINT ( 'NONE',  ( 8.000000000000000000, 4.000000000000000000, -31.99999999999999289 ) ) ;
#1666 = ORIENTED_EDGE ( 'NONE', *, *, #1167, .F. ) ;
#1667 = DIRECTION ( 'NONE',  ( 0.000000000000000000, 0.000000000000000000, 1.000000000000000000 ) ) ;
#1668 = DIRECTION ( 'NONE',  ( 0.000000000000000000, 0.000000000000000000, 1.000000000000000000 ) ) ;
#1669 = VERTEX_POINT ( 'NONE', #1117 ) ;
#1670 = DIRECTION ( 'NONE',  ( -0.000000000000000000, -1.000000000000000000, -0.000000000000000000 ) ) ;
#1671 = CARTESIAN_POINT ( 'NONE',  ( 0.000000000000000000, 0.000000000000000000, -9.999999999999998224 ) ) ;
#1672 = CARTESIAN_POINT ( 'NONE',  ( 16.00000000000000000, 8.673617379884035472E-16, -34.00000000000000000 ) ) ;
#1673 = EDGE_CURVE ( 'NONE', #1307, #980, #634, .T. ) ;
#1674 = ORIENTED_EDGE ( 'NONE', *, *, #1486, .T. ) ;
#1675 = AXIS2_PLACEMENT_3D ( 'NONE', #268, #792, #965 ) ;
#1676 = FACE_OUTER_BOUND ( 'NONE', #164, .T. ) ;
#1677 = ORIENTED_EDGE ( 'NONE', *, *, #30, .F. ) ;
#1678 = VECTOR ( 'NONE', #2202, 1000.000000000000000 ) ;
#1679 = CARTESIAN_POINT ( 'NONE',  ( 60.00000000000000000, 4.000000000000000000, 7.000000000000001776 ) ) ;
#1680 =( LENGTH_UNIT ( ) NAMED_UNIT ( * ) SI_UNIT ( .MILLI., .METRE. ) );
#1681 = VECTOR ( 'NONE', #2122, 1000.000000000000000 ) ;
#1682 = ORIENTED_EDGE ( 'NONE', *, *, #2182, .F. ) ;
#1683 = DIRECTION ( 'NONE',  ( 0.000000000000000000, 1.000000000000000000, -0.000000000000000000 ) ) ;
#1684 = DIRECTION ( 'NONE',  ( 0.000000000000000000, 0.000000000000000000, 1.000000000000000000 ) ) ;
#1685 = AXIS2_PLACEMENT_3D ( 'NONE', #1734, #2247, #325 ) ;
#1686 = APPLICATION_CONTEXT ( 'configuration controlled 3d designs of mechanical parts and assemblies' ) ;
#1687 = ADVANCED_FACE ( 'NONE', ( #89 ), #1999, .F. ) ;
#1688 = CYLINDRICAL_SURFACE ( 'NONE', #833, 1.000000000000001776 ) ;
#1689 = VECTOR ( 'NONE', #2148, 1000.000000000000000 ) ;
#1690 = EDGE_CURVE ( 'NONE', #1060, #774, #267, .T. ) ;
#1691 = LOCAL_TIME ( 12, 12, 22.00000000000000000, #1757 ) ;
#1692 = ORIENTED_EDGE ( 'NONE', *, *, #1917, .T. ) ;
#1693 = CARTESIAN_POINT ( 'NONE',  ( -24.00000000000000355, 4.000000000000000000, -5.000000000000011546 ) ) ;
#1694 = CIRCLE ( 'NONE', #733, 1.000000000000001776 ) ;
#1695 = EDGE_LOOP ( 'NONE', ( #858, #2050 ) ) ;
#1696 = CARTESIAN_POINT ( 'NONE',  ( 46.00000000000000000, 4.000000000000000000, -5.999999999999993783 ) ) ;
#1697 = DIRECTION ( 'NONE',  ( 0.000000000000000000, 0.000000000000000000, 1.000000000000000000 ) ) ;
#1698 = DIRECTION ( 'NONE',  ( 0.000000000000000000, 0.000000000000000000, 1.000000000000000000 ) ) ;
#1699 = DIRECTION ( 'NONE',  ( 0.000000000000000000, 0.000000000000000000, 1.000000000000000000 ) ) ;
#1700 = ORIENTED_EDGE ( 'NONE', *, *, #888, .F. ) ;
#1701 = LINE ( 'NONE', #1876, #1678 ) ;
#1702 = ORIENTED_EDGE ( 'NONE', *, *, #1369, .F. ) ;
#1703 = FACE_OUTER_BOUND ( 'NONE', #1664, .T. ) ;
#1704 = CARTESIAN_POINT ( 'NONE',  ( 6.000000000000000000, 4.000000000000000000, 5.999999999999997335 ) ) ;
#1705 = DIRECTION ( 'NONE',  ( 0.000000000000000000, 0.000000000000000000, 1.000000000000000000 ) ) ;
#1706 = ORIENTED_EDGE ( 'NONE', *, *, #1317, .F. ) ;
#1707 = DIRECTION ( 'NONE',  ( -0.000000000000000000, -1.000000000000000000, -0.000000000000000000 ) ) ;
#1708 = AXIS2_PLACEMENT_3D ( 'NONE', #579, #1267, #447 ) ;
#1709 = EDGE_CURVE ( 'NONE', #867, #368, #892, .T. ) ;
#1710 = ORIENTED_EDGE ( 'NONE', *, *, #2204, .F. ) ;
#1711 = CIRCLE ( 'NONE', #432, 0.9999999999999983347 ) ;
#1712 = CARTESIAN_POINT ( 'NONE',  ( 43.00000000000000000, 0.000000000000000000, -22.00000000000000000 ) ) ;
#1713 = CALENDAR_DATE ( 2026, 8, 5 ) ;
#1714 = CIRCLE ( 'NONE', #1083, 0.9999999999999983347 ) ;
#1715 = EDGE_CURVE ( 'NONE', #1822, #1391, #622, .T. ) ;
#1716 = EDGE_LOOP ( 'NONE', ( #613, #1973, #248, #2128 ) ) ;
#1717 = DIRECTION ( 'NONE',  ( 1.000000000000000000, 0.000000000000000000, 0.000000000000000000 ) ) ;
#1718 = CARTESIAN_POINT ( 'NONE',  ( 12.99999999999999822, 8.673617379884035472E-16, -24.00000000000000000 ) ) ;
#1719 = CIRCLE ( 'NONE', #2008, 0.9999999999999983347 ) ;
#1720 = ORIENTED_EDGE ( 'NONE', *, *, #1123, .T. ) ;
#1721 = CARTESIAN_POINT ( 'NONE',  ( 46.00000000000000000, 0.000000000000000000, 5.999999999999998224 ) ) ;
#1722 = VECTOR ( 'NONE', #673, 1000.000000000000000 ) ;
#1723 = ORIENTED_EDGE ( 'NONE', *, *, #342, .T. ) ;
#1724 = FACE_BOUND ( 'NONE', #862, .T. ) ;
#1725 =( NAMED_UNIT ( * ) SI_UNIT ( $, .STERADIAN. ) SOLID_ANGLE_UNIT ( ) );
#1726 = VECTOR ( 'NONE', #1561, 1000.000000000000000 ) ;
#1727 = FACE_BOUND ( 'NONE', #751, .T. ) ;
#1728 = FACE_OUTER_BOUND ( 'NONE', #2176, .T. ) ;
#1729 = ADVANCED_FACE ( 'NONE', ( #1943 ), #1309, .F. ) ;
#1730 = EDGE_LOOP ( 'NONE', ( #958, #305, #1854, #1231 ) ) ;
#1731 = VERTEX_POINT ( 'NONE', #381 ) ;
#1732 = CARTESIAN_POINT ( 'NONE',  ( 14.00000000000000000, 4.000000000000000000, 7.000000000000002665 ) ) ;
#1733 = ORIENTED_EDGE ( 'NONE', *, *, #1932, .F. ) ;
#1734 = CARTESIAN_POINT ( 'NONE',  ( -37.00000000000000000, 4.000000000000000000, -6.999999999999998224 ) ) ;
#1735 = CARTESIAN_POINT ( 'NONE',  ( 10.00000000000000000, 8.673617379884035472E-16, -34.00000000000000000 ) ) ;
#1736 = DIRECTION ( 'NONE',  ( -0.000000000000000000, -1.000000000000000000, 0.000000000000000000 ) ) ;
#1737 = EDGE_CURVE ( 'NONE', #1404, #818, #1376, .T. ) ;
#1738 = ORIENTED_EDGE ( 'NONE', *, *, #1026, .T. ) ;
#1739 = ORIENTED_EDGE ( 'NONE', *, *, #186, .T. ) ;
#1740 = CARTESIAN_POINT ( 'NONE',  ( 18.00000000000000355, 4.000000000000000000, -32.00000000000000000 ) ) ;
#1741 = EDGE_LOOP ( 'NONE', ( #1658, #1836, #1518, #2025 ) ) ;
#1742 = CYLINDRICAL_SURFACE ( 'NONE', #1235, 2.999999999999999112 ) ;
#1743 = FACE_OUTER_BOUND ( 'NONE', #518, .T. ) ;
#1744 = CIRCLE ( 'NONE', #1121, 1.000000000000001332 ) ;
#1745 = CARTESIAN_POINT ( 'NONE',  ( 10.00000000000000000, 0.000000000000000000, -32.00000000000000000 ) ) ;
#1746 = AXIS2_PLACEMENT_3D ( 'NONE', #1537, #2237, #1219 ) ;
#1747 = ADVANCED_FACE ( 'NONE', ( #845 ), #486, .F. ) ;
#1748 = VECTOR ( 'NONE', #1389, 1000.000000000000000 ) ;
#1749 = VERTEX_POINT ( 'NONE', #2242 ) ;
#1750 = DIRECTION ( 'NONE',  ( 0.000000000000000000, 0.000000000000000000, 1.000000000000000000 ) ) ;
#1751 = ADVANCED_FACE ( 'NONE', ( #834 ), #2209, .F. ) ;
#1752 = VECTOR ( 'NONE', #822, 1000.000000000000000 ) ;
#1753 = EDGE_LOOP ( 'NONE', ( #1292, #119, #639, #1115 ) ) ;
#1754 = CIRCLE ( 'NONE', #69, 0.9999999999999983347 ) ;
#1755 = FACE_BOUND ( 'NONE', #712, .T. ) ;
#1756 = EDGE_CURVE ( 'NONE', #1731, #221, #2232, .T. ) ;
#1757 = COORDINATED_UNIVERSAL_TIME_OFFSET ( 8, 0, .AHEAD. ) ;
#1758 =( GEOMETRIC_REPRESENTATION_CONTEXT ( 3 ) GLOBAL_UNCERTAINTY_ASSIGNED_CONTEXT ( ( #7 ) ) GLOBAL_UNIT_ASSIGNED_CONTEXT ( ( #1680, #2020, #1725 ) ) REPRESENTATION_CONTEXT ( 'NONE', 'WORKASPACE' ) );
#1759 = DIRECTION ( 'NONE',  ( 0.000000000000000000, 0.000000000000000000, 1.000000000000000000 ) ) ;
#1760 = CARTESIAN_POINT ( 'NONE',  ( 54.00000000000000000, 4.000000000000000000, 6.000000000000000000 ) ) ;
#1761 = FACE_OUTER_BOUND ( 'NONE', #1352, .T. ) ;
#1762 = DIRECTION ( 'NONE',  ( -0.000000000000000000, -1.000000000000000000, -0.000000000000000000 ) ) ;
#1763 = VERTEX_POINT ( 'NONE', #1895 ) ;
#1764 = CARTESIAN_POINT ( 'NONE',  ( 23.99999999999999645, 4.000000000000000000, 2.999999999999999112 ) ) ;
#1765 = EDGE_CURVE ( 'NONE', #238, #2264, #103, .T. ) ;
#1766 = ORIENTED_EDGE ( 'NONE', *, *, #972, .F. ) ;
#1767 = CARTESIAN_POINT ( 'NONE',  ( 23.99999999999999645, 0.000000000000000000, -3.999999999999997335 ) ) ;
#1768 = DIRECTION ( 'NONE',  ( 0.000000000000000000, 0.000000000000000000, 1.000000000000000000 ) ) ;
#1769 = ORIENTED_EDGE ( 'NONE', *, *, #1225, .T. ) ;
#1770 = CARTESIAN_POINT ( 'NONE',  ( 23.99999999999999645, 0.000000000000000000, 5.000000000000002665 ) ) ;
#1771 = ORIENTED_EDGE ( 'NONE', *, *, #1036, .F. ) ;
#1772 = DIRECTION ( 'NONE',  ( 0.000000000000000000, 0.000000000000000000, 1.000000000000000000 ) ) ;
#1773 = APPROVAL_STATUS ( 'not_yet_approved' ) ;
#1774 = EDGE_LOOP ( 'NONE', ( #1786, #721, #113, #1067 ) ) ;
#1775 = CARTESIAN_POINT ( 'NONE',  ( 14.00000000000000000, 4.000000000000000000, -5.999999999999999112 ) ) ;
#1776 = LINE ( 'NONE', #1035, #2229 ) ;
#1777 = ADVANCED_FACE ( 'NONE', ( #1025 ), #987, .F. ) ;
#1778 = ORIENTED_EDGE ( 'NONE', *, *, #202, .F. ) ;
#1779 = AXIS2_PLACEMENT_3D ( 'NONE', #883, #1782, #9 ) ;
#1780 = AXIS2_PLACEMENT_3D ( 'NONE', #1986, #1470, #963 ) ;
#1781 = CARTESIAN_POINT ( 'NONE',  ( 36.00000000000000000, 4.000000000000000000, 5.000000000000001776 ) ) ;
#1782 = DIRECTION ( 'NONE',  ( 0.000000000000000000, 0.000000000000000000, -1.000000000000000000 ) ) ;
#1783 = ORIENTED_EDGE ( 'NONE', *, *, #327, .T. ) ;
#1784 = DIRECTION ( 'NONE',  ( 0.000000000000000000, 1.000000000000000000, -0.000000000000000000 ) ) ;
#1785 = AXIS2_PLACEMENT_3D ( 'NONE', #775, #1466, #2166 ) ;
#1786 = ORIENTED_EDGE ( 'NONE', *, *, #131, .T. ) ;
#1787 = CIRCLE ( 'NONE', #879, 0.9999999999999983347 ) ;
#1788 = DIRECTION ( 'NONE',  ( 0.000000000000000000, 0.000000000000000000, 1.000000000000000000 ) ) ;
#1789 = DIRECTION ( 'NONE',  ( -0.000000000000000000, -1.000000000000000000, -0.000000000000000000 ) ) ;
#1790 = LOCAL_TIME ( 12, 12, 22.00000000000000000, #482 ) ;
#1791 = ORIENTED_EDGE ( 'NONE', *, *, #1715, .T. ) ;
#1792 = DIRECTION ( 'NONE',  ( 0.000000000000000000, 0.000000000000000000, 1.000000000000000000 ) ) ;
#1793 = CIRCLE ( 'NONE', #450, 1.000000000000001776 ) ;
#1794 = CARTESIAN_POINT ( 'NONE',  ( 23.99999999999999645, 4.000000000000000000, 4.000000000000000888 ) ) ;
#1795 = EDGE_CURVE ( 'NONE', #1451, #2113, #2249, .T. ) ;
#1796 = ORIENTED_EDGE ( 'NONE', *, *, #1358, .T. ) ;
#1797 = LINE ( 'NONE', #1085, #1021 ) ;
#1798 = ORIENTED_EDGE ( 'NONE', *, *, #828, .F. ) ;
#1799 = CARTESIAN_POINT ( 'NONE',  ( 63.00000000000000000, 4.000000000000000000, -19.00000000000000000 ) ) ;
#1800 = DIRECTION ( 'NONE',  ( 0.000000000000000000, 0.000000000000000000, -1.000000000000000000 ) ) ;
#1801 = EDGE_LOOP ( 'NONE', ( #704, #542, #1072, #1421 ) ) ;
#1802 = LINE ( 'NONE', #949, #1413 ) ;
#1803 = DIRECTION ( 'NONE',  ( -0.000000000000000000, -1.000000000000000000, 0.000000000000000000 ) ) ;
#1804 = CYLINDRICAL_SURFACE ( 'NONE', #1490, 0.9999999999999983347 ) ;
#1805 = EDGE_CURVE ( 'NONE', #1606, #2033, #135, .T. ) ;
#1806 = EDGE_LOOP ( 'NONE', ( #380, #1738 ) ) ;
#1807 = CARTESIAN_POINT ( 'NONE',  ( -24.00000000000000355, 0.000000000000000000, 4.999999999999990230 ) ) ;
#1808 = ORIENTED_EDGE ( 'NONE', *, *, #1946, .F. ) ;
#1809 = DIRECTION ( 'NONE',  ( -0.000000000000000000, -1.000000000000000000, -0.000000000000000000 ) ) ;
#1810 = CARTESIAN_POINT ( 'NONE',  ( -36.00000000000001421, 4.000000000000000000, -4.000000000000014211 ) ) ;
#1811 = ORIENTED_EDGE ( 'NONE', *, *, #1000, .T. ) ;
#1812 = CARTESIAN_POINT ( 'NONE',  ( 6.000000000000000000, 4.000000000000000000, 4.999999999999995559 ) ) ;
#1813 = DIRECTION ( 'NONE',  ( -0.000000000000000000, -1.000000000000000000, 0.000000000000000000 ) ) ;
#1814 = CIRCLE ( 'NONE', #1444, 2.000000000000001776 ) ;
#1815 = DIRECTION ( 'NONE',  ( 0.000000000000000000, 1.000000000000000000, -0.000000000000000000 ) ) ;
#1816 = CARTESIAN_POINT ( 'NONE',  ( 36.00000000000000000, 0.000000000000000000, -4.999999999999994671 ) ) ;
#1817 = AXIS2_PLACEMENT_3D ( 'NONE', #966, #2172, #611 ) ;
#1818 = VERTEX_POINT ( 'NONE', #1533 ) ;
#1819 = ADVANCED_FACE ( 'NONE', ( #1728 ), #1357, .F. ) ;
#1820 = CIRCLE ( 'NONE', #581, 3.000000000000000000 ) ;
#1821 = CYLINDRICAL_SURFACE ( 'NONE', #1350, 0.9999999999999983347 ) ;
#1822 = VERTEX_POINT ( 'NONE', #2031 ) ;
#1823 = EDGE_CURVE ( 'NONE', #942, #384, #1965, .T. ) ;
#1824 = LINE ( 'NONE', #1655, #752 ) ;
#1825 = CARTESIAN_POINT ( 'NONE',  ( 8.000000000000000000, 4.000000000000000000, -9.999999999999998224 ) ) ;
#1826 = VECTOR ( 'NONE', #234, 1000.000000000000000 ) ;
#1827 = ORIENTED_EDGE ( 'NONE', *, *, #527, .F. ) ;
#1828 = PLANE ( 'NONE',  #1780 ) ;
#1829 = DIRECTION ( 'NONE',  ( -0.000000000000000000, -1.000000000000000000, -0.000000000000000000 ) ) ;
#1830 = APPROVAL_PERSON_ORGANIZATION ( #2216, #1339, #852 ) ;
#1831 = LINE ( 'NONE', #252, #983 ) ;
#1832 = CYLINDRICAL_SURFACE ( 'NONE', #1925, 1.500000000000001332 ) ;
#1833 = AXIS2_PLACEMENT_3D ( 'NONE', #1704, #815, #1153 ) ;
#1834 = ORIENTED_EDGE ( 'NONE', *, *, #1690, .T. ) ;
#1835 = DIRECTION ( 'NONE',  ( 0.000000000000000000, 1.000000000000000000, 0.000000000000000000 ) ) ;
#1836 = ORIENTED_EDGE ( 'NONE', *, *, #1013, .T. ) ;
#1837 = DIRECTION ( 'NONE',  ( 0.000000000000000000, 0.000000000000000000, 1.000000000000000000 ) ) ;
#1838 = CARTESIAN_POINT ( 'NONE',  ( 0.000000000000000000, 4.000000000000000000, -9.999999999999998224 ) ) ;
#1839 = EDGE_CURVE ( 'NONE', #440, #601, #510, .T. ) ;
#1840 = VERTEX_POINT ( 'NONE', #1365 ) ;
#1841 = LINE ( 'NONE', #76, #1530 ) ;
#1842 = FACE_OUTER_BOUND ( 'NONE', #714, .T. ) ;
#1843 = DIRECTION ( 'NONE',  ( -0.000000000000000000, -1.000000000000000000, -0.000000000000000000 ) ) ;
#1844 = ORIENTED_EDGE ( 'NONE', *, *, #1544, .T. ) ;
#1845 = CARTESIAN_POINT ( 'NONE',  ( 37.00000000000000000, 4.000000000000000000, -12.99999999999999822 ) ) ;
#1846 = ORIENTED_EDGE ( 'NONE', *, *, #610, .F. ) ;
#1847 = DIRECTION ( 'NONE',  ( -0.000000000000000000, -1.000000000000000000, 0.000000000000000000 ) ) ;
#1848 = CARTESIAN_POINT ( 'NONE',  ( 0.000000000000000000, 0.000000000000000000, 0.000000000000000000 ) ) ;
#1849 = ADVANCED_FACE ( 'NONE', ( #855 ), #2064, .T. ) ;
#1850 = EDGE_LOOP ( 'NONE', ( #1960, #1587, #555, #2163 ) ) ;
#1851 = CARTESIAN_POINT ( 'NONE',  ( 54.00000000000000000, 0.000000000000000000, 6.000000000000000000 ) ) ;
#1852 = DIRECTION ( 'NONE',  ( -0.000000000000000000, -1.000000000000000000, 0.000000000000000000 ) ) ;
#1853 = CARTESIAN_POINT ( 'NONE',  ( -36.00000000000001421, 0.000000000000000000, 3.999999999999986233 ) ) ;
#1854 = ORIENTED_EDGE ( 'NONE', *, *, #4, .T. ) ;
#1855 = CIRCLE ( 'NONE', #504, 1.000000000000001776 ) ;
#1856 = DIRECTION ( 'NONE',  ( -0.000000000000000000, -1.000000000000000000, 0.000000000000000000 ) ) ;
#1857 = ORIENTED_EDGE ( 'NONE', *, *, #554, .F. ) ;
#1858 = LINE ( 'NONE', #649, #1133 ) ;
#1859 = LINE ( 'NONE', #1184, #487 ) ;
#1860 = AXIS2_PLACEMENT_3D ( 'NONE', #1545, #1195, #159 ) ;
#1861 = VERTEX_POINT ( 'NONE', #1553 ) ;
#1862 = DIRECTION ( 'NONE',  ( 0.000000000000000000, 1.000000000000000000, 0.000000000000000000 ) ) ;
#1863 = CARTESIAN_POINT ( 'NONE',  ( 40.00000000000000000, 4.000000000000000000, 0.000000000000000000 ) ) ;
#1864 = AXIS2_PLACEMENT_3D ( 'NONE', #1031, #713, #1190 ) ;
#1865 = CIRCLE ( 'NONE', #663, 0.9999999999999983347 ) ;
#1866 = EDGE_CURVE ( 'NONE', #1367, #628, #1513, .T. ) ;
#1867 = ORIENTED_EDGE ( 'NONE', *, *, #133, .T. ) ;
#1868 = CYLINDRICAL_SURFACE ( 'NONE', #2078, 3.000000000000000000 ) ;
#1869 = VERTEX_POINT ( 'NONE', #515 ) ;
#1870 = CARTESIAN_POINT ( 'NONE',  ( 46.00000000000000000, 4.000000000000000000, 4.999999999999992895 ) ) ;
#1871 = APPROVAL_DATE_TIME ( #1174, #936 ) ;
#1872 = DIRECTION ( 'NONE',  ( 0.000000000000000000, 0.000000000000000000, 1.000000000000000000 ) ) ;
#1873 = DIRECTION ( 'NONE',  ( -0.000000000000000000, -1.000000000000000000, -0.000000000000000000 ) ) ;
#1874 = EDGE_CURVE ( 'NONE', #491, #529, #1345, .T. ) ;
#1875 = ORIENTED_EDGE ( 'NONE', *, *, #925, .T. ) ;
#1876 = CARTESIAN_POINT ( 'NONE',  ( -2.000000000000000000, 8.673617379884035472E-16, -9.999999999999998224 ) ) ;
#1877 = ADVANCED_FACE ( 'NONE', ( #653 ), #1165, .T. ) ;
#1878 = ORIENTED_EDGE ( 'NONE', *, *, #1225, .F. ) ;
#1879 = DIRECTION ( 'NONE',  ( -0.000000000000000000, -1.000000000000000000, 0.000000000000000000 ) ) ;
#1880 = CALENDAR_DATE ( 2026, 8, 5 ) ;
#1881 = CARTESIAN_POINT ( 'NONE',  ( 48.00000000000000000, 0.000000000000000000, -18.00000000000000000 ) ) ;
#1882 = DIRECTION ( 'NONE',  ( 0.000000000000000000, 0.000000000000000000, -1.000000000000000000 ) ) ;
#1883 = ORIENTED_EDGE ( 'NONE', *, *, #304, .T. ) ;
#1884 = CARTESIAN_POINT ( 'NONE',  ( 60.00000000000000000, 0.000000000000000000, 7.000000000000001776 ) ) ;
#1885 = ORIENTED_EDGE ( 'NONE', *, *, #1326, .F. ) ;
#1886 = CIRCLE ( 'NONE', #1488, 1.500000000000001332 ) ;
#1887 = EDGE_CURVE ( 'NONE', #659, #174, #2220, .T. ) ;
#1888 = CARTESIAN_POINT ( 'NONE',  ( 63.00000000000000000, 0.000000000000000000, 7.000000000000001776 ) ) ;
#1889 = LINE ( 'NONE', #296, #1648 ) ;
#1890 = AXIS2_PLACEMENT_3D ( 'NONE', #1485, #645, #269 ) ;
#1891 = EDGE_CURVE ( 'NONE', #656, #1573, #864, .T. ) ;
#1892 = ORIENTED_EDGE ( 'NONE', *, *, #186, .F. ) ;
#1893 = CARTESIAN_POINT ( 'NONE',  ( 46.00000000000000000, 4.000000000000000000, 5.999999999999998224 ) ) ;
#1894 = VECTOR ( 'NONE', #553, 1000.000000000000000 ) ;
#1895 = CARTESIAN_POINT ( 'NONE',  ( 12.99999999999999822, 8.673617379884035472E-16, -25.50000000000000355 ) ) ;
#1897 = ORIENTED_EDGE ( 'NONE', *, *, #41, .T. ) ;
#1896 = AXIS2_PLACEMENT_3D ( 'NONE', #1253, #383, #1947 ) ;
#1898 = ORIENTED_EDGE ( 'NONE', *, *, #278, .F. ) ;
#1899 = CARTESIAN_POINT ( 'NONE',  ( 46.00000000000000000, 4.000000000000000000, -5.999999999999993783 ) ) ;
#1900 = VECTOR ( 'NONE', #776, 1000.000000000000000 ) ;
#1901 = VERTEX_POINT ( 'NONE', #211 ) ;
#1902 = FACE_BOUND ( 'NONE', #534, .T. ) ;
#1903 = AXIS2_PLACEMENT_3D ( 'NONE', #1767, #1423, #514 ) ;
#1904 = EDGE_CURVE ( 'NONE', #980, #1861, #2039, .T. ) ;
#1905 = FACE_OUTER_BOUND ( 'NONE', #2225, .T. ) ;
#1906 = CARTESIAN_POINT ( 'NONE',  ( 12.99999999999999822, 4.000000000000000000, -24.00000000000000000 ) ) ;
#1907 = EDGE_CURVE ( 'NONE', #1570, #1749, #64, .T. ) ;
#1908 = ORIENTED_EDGE ( 'NONE', *, *, #1544, .F. ) ;
#1909 = ORIENTED_EDGE ( 'NONE', *, *, #1839, .T. ) ;
#1910 = FACE_OUTER_BOUND ( 'NONE', #578, .T. ) ;
#1911 = ORIENTED_EDGE ( 'NONE', *, *, #424, .T. ) ;
#1912 = FACE_OUTER_BOUND ( 'NONE', #1730, .T. ) ;
#1913 = EDGE_LOOP ( 'NONE', ( #1778, #203, #127, #2252 ) ) ;
#1914 = CARTESIAN_POINT ( 'NONE',  ( 46.00000000000000000, 4.000000000000000000, 5.999999999999998224 ) ) ;
#1915 = CC_DESIGN_PERSON_AND_ORGANIZATION_ASSIGNMENT ( #558, #533, ( #1387 ) ) ;
#1916 = CARTESIAN_POINT ( 'NONE',  ( 8.000000000000000000, 4.000000000000000000, -19.99999999999999645 ) ) ;
#1917 = EDGE_CURVE ( 'NONE', #1209, #2036, #191, .T. ) ;
#1918 = ORIENTED_EDGE ( 'NONE', *, *, #1805, .T. ) ;
#1919 = CARTESIAN_POINT ( 'NONE',  ( 54.00000000000000000, 0.000000000000000000, -5.999999999999998224 ) ) ;
#1920 = ORIENTED_EDGE ( 'NONE', *, *, #496, .F. ) ;
#1921 = FACE_OUTER_BOUND ( 'NONE', #205, .T. ) ;
#1922 = SHAPE_DEFINITION_REPRESENTATION ( #1589, #677 ) ;
#1923 = ORIENTED_EDGE ( 'NONE', *, *, #804, .T. ) ;
#1924 = CARTESIAN_POINT ( 'NONE',  ( 14.00000000000000000, 4.000000000000000000, -5.999999999999999112 ) ) ;
#1925 = AXIS2_PLACEMENT_3D ( 'NONE', #411, #1109, #1132 ) ;
#1926 = CARTESIAN_POINT ( 'NONE',  ( 23.99999999999999645, 4.000000000000000000, -2.999999999999996003 ) ) ;
#1927 = AXIS2_PLACEMENT_3D ( 'NONE', #608, #60, #1628 ) ;
#1928 = AXIS2_PLACEMENT_3D ( 'NONE', #1069, #1224, #727 ) ;
#1929 = ORIENTED_EDGE ( 'NONE', *, *, #888, .T. ) ;
#1930 = DIRECTION ( 'NONE',  ( 1.000000000000000000, -0.000000000000000000, 0.000000000000000000 ) ) ;
#1931 = CARTESIAN_POINT ( 'NONE',  ( 23.99999999999999645, 4.000000000000000000, -3.999999999999997335 ) ) ;
#1932 = EDGE_CURVE ( 'NONE', #221, #290, #1450, .T. ) ;
#1933 = AXIS2_PLACEMENT_3D ( 'NONE', #1550, #1572, #2070 ) ;
#1934 = ORIENTED_EDGE ( 'NONE', *, *, #1709, .T. ) ;
#1935 = CIRCLE ( 'NONE', #483, 0.9999999999999983347 ) ;
#1936 = LINE ( 'NONE', #196, #148 ) ;
#1937 = ORIENTED_EDGE ( 'NONE', *, *, #1065, .F. ) ;
#1938 = CARTESIAN_POINT ( 'NONE',  ( 23.99999999999999645, 0.000000000000000000, 4.000000000000000888 ) ) ;
#1939 = DIRECTION ( 'NONE',  ( 0.000000000000000000, 0.000000000000000000, 1.000000000000000000 ) ) ;
#1940 = CIRCLE ( 'NONE', #374, 1.500000000000001332 ) ;
#1941 = ORIENTED_EDGE ( 'NONE', *, *, #1607, .F. ) ;
#1942 = FACE_OUTER_BOUND ( 'NONE', #1613, .T. ) ;
#1943 = FACE_OUTER_BOUND ( 'NONE', #1945, .T. ) ;
#1944 = EDGE_CURVE ( 'NONE', #818, #1404, #1086, .T. ) ;
#1945 = EDGE_LOOP ( 'NONE', ( #2088, #800, #1361, #140 ) ) ;
#1946 = EDGE_CURVE ( 'NONE', #297, #382, #379, .T. ) ;
#1947 = DIRECTION ( 'NONE',  ( 0.000000000000000000, 0.000000000000000000, -1.000000000000000000 ) ) ;
#1948 = ORIENTED_EDGE ( 'NONE', *, *, #2044, .T. ) ;
#1949 = CARTESIAN_POINT ( 'NONE',  ( 23.99999999999999645, 4.000000000000000000, 2.999999999999999112 ) ) ;
#1950 = DIRECTION ( 'NONE',  ( 0.000000000000000000, -1.000000000000000000, 0.000000000000000000 ) ) ;
#1951 = ORIENTED_EDGE ( 'NONE', *, *, #2032, .F. ) ;
#1952 = DIRECTION ( 'NONE',  ( 0.000000000000000000, 0.000000000000000000, 1.000000000000000000 ) ) ;
#1953 = CARTESIAN_POINT ( 'NONE',  ( 40.00000000000000000, 0.000000000000000000, -19.00000000000000000 ) ) ;
#1954 = ORIENTED_EDGE ( 'NONE', *, *, #1516, .F. ) ;
#1955 = CARTESIAN_POINT ( 'NONE',  ( 54.00000000000000000, 4.000000000000000000, 5.000000000000001776 ) ) ;
#1956 = EDGE_LOOP ( 'NONE', ( #1098, #1363, #1014, #1189 ) ) ;
#1957 = FACE_OUTER_BOUND ( 'NONE', #425, .T. ) ;
#1958 = DIRECTION ( 'NONE',  ( -0.000000000000000000, -1.000000000000000000, 0.000000000000000000 ) ) ;
#1959 = EDGE_CURVE ( 'NONE', #896, #1600, #1638, .T. ) ;
#1960 = ORIENTED_EDGE ( 'NONE', *, *, #2087, .F. ) ;
#1961 = AXIS2_PLACEMENT_3D ( 'NONE', #1445, #1118, #1261 ) ;
#1962 = PLANE ( 'NONE',  #902 ) ;
#1963 = CARTESIAN_POINT ( 'NONE',  ( 23.99999999999999645, 4.000000000000000000, -3.999999999999997335 ) ) ;
#1964 = AXIS2_PLACEMENT_3D ( 'NONE', #1884, #1199, #1368 ) ;
#1965 = CIRCLE ( 'NONE', #988, 1.000000000000001776 ) ;
#1966 = VERTEX_POINT ( 'NONE', #1044 ) ;
#1967 = CARTESIAN_POINT ( 'NONE',  ( 48.00000000000000000, 4.000000000000000000, -18.00000000000000000 ) ) ;
#1968 = AXIS2_PLACEMENT_3D ( 'NONE', #295, #1141, #1837 ) ;
#1969 = VERTEX_POINT ( 'NONE', #26 ) ;
#1970 = LINE ( 'NONE', #225, #1260 ) ;
#1971 = LINE ( 'NONE', #431, #1503 ) ;
#1972 = ADVANCED_FACE ( 'NONE', ( #201 ), #1399, .F. ) ;
#1973 = ORIENTED_EDGE ( 'NONE', *, *, #1177, .T. ) ;
#1974 = LINE ( 'NONE', #250, #320 ) ;
#1975 = ADVANCED_FACE ( 'NONE', ( #1563 ), #708, .F. ) ;
#1976 = AXIS2_PLACEMENT_3D ( 'NONE', #1236, #1398, #2074 ) ;
#1977 = FACE_OUTER_BOUND ( 'NONE', #1406, .T. ) ;
#1978 = ORIENTED_EDGE ( 'NONE', *, *, #131, .F. ) ;
#1979 = CARTESIAN_POINT ( 'NONE',  ( 56.00000000000000000, 4.000000000000000000, -18.00000000000000000 ) ) ;
#1980 = ORIENTED_EDGE ( 'NONE', *, *, #594, .T. ) ;
#1981 = CYLINDRICAL_SURFACE ( 'NONE', #136, 1.000000000000001776 ) ;
#1982 = LINE ( 'NONE', #1825, #332 ) ;
#1983 = CIRCLE ( 'NONE', #1270, 1.000000000000001776 ) ;
#1984 = VERTEX_POINT ( 'NONE', #386 ) ;
#1985 = APPROVAL ( #1773, 'æœª' ) ;
#1986 = CARTESIAN_POINT ( 'NONE',  ( 0.000000000000000000, 4.000000000000000000, 10.00000000000000178 ) ) ;
#1987 = LINE ( 'NONE', #720, #212 ) ;
#1988 = CARTESIAN_POINT ( 'NONE',  ( 16.00000000000000000, 8.673617379884035472E-16, -32.00000000000000000 ) ) ;
#1989 = EDGE_CURVE ( 'NONE', #14, #1600, #1776, .T. ) ;
#1990 = CARTESIAN_POINT ( 'NONE',  ( 16.00000000000000000, 0.000000000000000000, -32.00000000000000000 ) ) ;
#1991 = EDGE_CURVE ( 'NONE', #893, #947, #397, .T. ) ;
#1992 = VERTEX_POINT ( 'NONE', #1575 ) ;
#1993 = CARTESIAN_POINT ( 'NONE',  ( 46.00000000000000000, 4.000000000000000000, -4.999999999999988454 ) ) ;
#1994 = VERTEX_POINT ( 'NONE', #2262 ) ;
#1995 = CYLINDRICAL_SURFACE ( 'NONE', #1643, 1.000000000000001776 ) ;
#1996 = DIRECTION ( 'NONE',  ( 0.000000000000000000, 1.000000000000000000, -0.000000000000000000 ) ) ;
#1997 = ORIENTED_EDGE ( 'NONE', *, *, #753, .F. ) ;
#1998 = CARTESIAN_POINT ( 'NONE',  ( 0.000000000000000000, 4.000000000000000000, -9.999999999999998224 ) ) ;
#1999 = CYLINDRICAL_SURFACE ( 'NONE', #438, 0.9999999999999983347 ) ;
#2000 = CARTESIAN_POINT ( 'NONE',  ( 23.99999999999999645, 4.000000000000000000, 5.000000000000002665 ) ) ;
#2001 = LINE ( 'NONE', #117, #175 ) ;
#2002 = AXIS2_PLACEMENT_3D ( 'NONE', #768, #1281, #294 ) ;
#2003 = VERTEX_POINT ( 'NONE', #6 ) ;
#2004 = DIRECTION ( 'NONE',  ( -0.000000000000000000, -1.000000000000000000, 0.000000000000000000 ) ) ;
#2005 = ORIENTED_EDGE ( 'NONE', *, *, #376, .F. ) ;
#2006 = CARTESIAN_POINT ( 'NONE',  ( 56.00000000000000000, 0.000000000000000000, -19.50000000000000355 ) ) ;
#2007 = CARTESIAN_POINT ( 'NONE',  ( -24.00000000000000355, 0.000000000000000000, -3.000000000000008438 ) ) ;
#2008 = AXIS2_PLACEMENT_3D ( 'NONE', #222, #1449, #2118 ) ;
#2009 = VERTEX_POINT ( 'NONE', #2130 ) ;
#2010 = DIRECTION ( 'NONE',  ( 0.000000000000000000, 0.000000000000000000, 1.000000000000000000 ) ) ;
#2011 = CARTESIAN_POINT ( 'NONE',  ( 56.00000000000000000, 4.000000000000000000, -18.00000000000000000 ) ) ;
#2012 = CC_DESIGN_APPROVAL ( #936, ( #1387 ) ) ;
#2013 = DIRECTION ( 'NONE',  ( -0.000000000000000000, -1.000000000000000000, -0.000000000000000000 ) ) ;
#2014 = VECTOR ( 'NONE', #560, 1000.000000000000000 ) ;
#2015 = ORIENTED_EDGE ( 'NONE', *, *, #301, .F. ) ;
#2016 = FACE_OUTER_BOUND ( 'NONE', #343, .T. ) ;
#2017 = EDGE_CURVE ( 'NONE', #1394, #1401, #1056, .T. ) ;
#2018 = ORIENTED_EDGE ( 'NONE', *, *, #1639, .F. ) ;
#2019 = CARTESIAN_POINT ( 'NONE',  ( 12.99999999999999822, 4.000000000000000000, -22.50000000000000000 ) ) ;
#2020 =( NAMED_UNIT ( * ) PLANE_ANGLE_UNIT ( ) SI_UNIT ( $, .RADIAN. ) );
#2021 = ORIENTED_EDGE ( 'NONE', *, *, #1904, .F. ) ;
#2022 = FACE_BOUND ( 'NONE', #1001, .T. ) ;
#2023 = CARTESIAN_POINT ( 'NONE',  ( -37.00000000000000000, 0.000000000000000000, 7.000000000000001776 ) ) ;
#2024 = CYLINDRICAL_SURFACE ( 'NONE', #2002, 0.9999999999999983347 ) ;
#2025 = ORIENTED_EDGE ( 'NONE', *, *, #597, .F. ) ;
#2026 = CARTESIAN_POINT ( 'NONE',  ( 36.00000000000000000, 0.000000000000000000, -3.999999999999996447 ) ) ;
#2027 = ORIENTED_EDGE ( 'NONE', *, *, #1673, .F. ) ;
#2028 = CARTESIAN_POINT ( 'NONE',  ( 14.00000000000000000, 4.000000000000000000, 7.000000000000002665 ) ) ;
#2029 = EDGE_LOOP ( 'NONE', ( #1082, #1303 ) ) ;
#2030 = FACE_BOUND ( 'NONE', #402, .T. ) ;
#2031 = CARTESIAN_POINT ( 'NONE',  ( 13.00000000000000178, 8.673617379884035472E-16, -14.49999999999999822 ) ) ;
#2032 = EDGE_CURVE ( 'NONE', #221, #2125, #1207, .T. ) ;
#2033 = VERTEX_POINT ( 'NONE', #1409 ) ;
#2034 = CIRCLE ( 'NONE', #1194, 1.000000000000001776 ) ;
#2035 = FACE_OUTER_BOUND ( 'NONE', #65, .T. ) ;
#2036 = VERTEX_POINT ( 'NONE', #698 ) ;
#2037 = CARTESIAN_POINT ( 'NONE',  ( -24.00000000000000355, 4.000000000000000000, 2.999999999999987121 ) ) ;
#2038 = CYLINDRICAL_SURFACE ( 'NONE', #1605, 0.9999999999999983347 ) ;
#2039 = CIRCLE ( 'NONE', #291, 2.000000000000001776 ) ;
#2040 = FACE_BOUND ( 'NONE', #872, .T. ) ;
#2041 = EDGE_CURVE ( 'NONE', #150, #1243, #2109, .T. ) ;
#2042 = CARTESIAN_POINT ( 'NONE',  ( 40.00000000000000000, 0.000000000000000000, 0.000000000000000000 ) ) ;
#2043 = AXIS2_PLACEMENT_3D ( 'NONE', #1432, #2129, #1088 ) ;
#2044 = EDGE_CURVE ( 'NONE', #1010, #1822, #770, .T. ) ;
#2045 = CIRCLE ( 'NONE', #1458, 1.000000000000001776 ) ;
#2046 = ORGANIZATION ( 'æœª', 'æœª', '' ) ;
#2047 = ORIENTED_EDGE ( 'NONE', *, *, #637, .T. ) ;
#2048 = CIRCLE ( 'NONE', #1507, 1.000000000000005329 ) ;
#2049 = CARTESIAN_POINT ( 'NONE',  ( 56.00000000000000000, 0.000000000000000000, -16.49999999999999289 ) ) ;
#2050 = ORIENTED_EDGE ( 'NONE', *, *, #1090, .F. ) ;
#2051 = CARTESIAN_POINT ( 'NONE',  ( 56.00000000000000000, 4.000000000000000000, -18.00000000000000000 ) ) ;
#2052 = APPROVAL_STATUS ( 'not_yet_approved' ) ;
#2053 = LINE ( 'NONE', #985, #151 ) ;
#2054 = CARTESIAN_POINT ( 'NONE',  ( -24.00000000000000355, 4.000000000000000000, -3.000000000000008438 ) ) ;
#2055 = EDGE_CURVE ( 'NONE', #761, #678, #737, .T. ) ;
#2056 = ORIENTED_EDGE ( 'NONE', *, *, #1534, .F. ) ;
#2057 = DIRECTION ( 'NONE',  ( 0.000000000000000000, 0.000000000000000000, -1.000000000000000000 ) ) ;
#2058 = EDGE_CURVE ( 'NONE', #2191, #1404, #274, .T. ) ;
#2059 = ORIENTED_EDGE ( 'NONE', *, *, #640, .F. ) ;
#2060 = DIRECTION ( 'NONE',  ( 0.000000000000000000, -1.000000000000000000, 0.000000000000000000 ) ) ;
#2061 = PERSON_AND_ORGANIZATION ( #1403, #2046 ) ;
#2062 = VERTEX_POINT ( 'NONE', #1642 ) ;
#2063 = FACE_BOUND ( 'NONE', #885, .T. ) ;
#2064 = CYLINDRICAL_SURFACE ( 'NONE', #2075, 3.000000000000000000 ) ;
#2065 = ORIENTED_EDGE ( 'NONE', *, *, #289, .T. ) ;
#2066 = FACE_OUTER_BOUND ( 'NONE', #1110, .T. ) ;
#2067 = ORIENTED_EDGE ( 'NONE', *, *, #777, .T. ) ;
#2068 = AXIS2_PLACEMENT_3D ( 'NONE', #1990, #817, #1288 ) ;
#2069 = EDGE_CURVE ( 'NONE', #153, #328, #2178, .T. ) ;
#2070 = DIRECTION ( 'NONE',  ( 0.000000000000000000, 0.000000000000000000, -1.000000000000000000 ) ) ;
#2071 = DATE_AND_TIME ( #875, #404 ) ;
#2072 = CIRCLE ( 'NONE', #102, 2.999999999999999112 ) ;
#2073 = AXIS2_PLACEMENT_3D ( 'NONE', #1718, #1375, #1176 ) ;
#2074 = DIRECTION ( 'NONE',  ( 0.000000000000000000, 0.000000000000000000, 1.000000000000000000 ) ) ;
#2075 = AXIS2_PLACEMENT_3D ( 'NONE', #503, #330, #816 ) ;
#2076 = DIRECTION ( 'NONE',  ( -0.000000000000000000, -1.000000000000000000, -0.000000000000000000 ) ) ;
#2077 = CIRCLE ( 'NONE', #1091, 1.000000000000001332 ) ;
#2079 = ORIENTED_EDGE ( 'NONE', *, *, #1289, .F. ) ;
#2078 = AXIS2_PLACEMENT_3D ( 'NONE', #1302, #303, #2224 ) ;
#2080 = ORIENTED_EDGE ( 'NONE', *, *, #1326, .T. ) ;
#2081 = DIRECTION ( 'NONE',  ( -0.000000000000000000, 1.000000000000000000, -0.000000000000000000 ) ) ;
#2082 = SECURITY_CLASSIFICATION ( '', '', #887 ) ;
#2083 = EDGE_CURVE ( 'NONE', #1539, #735, #1172, .T. ) ;
#2084 = ORIENTED_EDGE ( 'NONE', *, *, #2041, .F. ) ;
#2085 = FACE_BOUND ( 'NONE', #2029, .T. ) ;
#2086 = CIRCLE ( 'NONE', #1099, 0.9999999999999983347 ) ;
#2087 = EDGE_CURVE ( 'NONE', #467, #153, #116, .T. ) ;
#2088 = ORIENTED_EDGE ( 'NONE', *, *, #1034, .T. ) ;
#2089 = CARTESIAN_POINT ( 'NONE',  ( 36.00000000000000000, 4.000000000000000000, -3.999999999999996447 ) ) ;
#2090 = DIRECTION ( 'NONE',  ( 0.000000000000000000, 0.000000000000000000, 1.000000000000000000 ) ) ;
#2091 = ORIENTED_EDGE ( 'NONE', *, *, #1217, .F. ) ;
#2092 = ORIENTED_EDGE ( 'NONE', *, *, #2233, .T. ) ;
#2093 = CARTESIAN_POINT ( 'NONE',  ( 63.00000000000000000, 4.000000000000000000, -19.00000000000000000 ) ) ;
#2094 = VERTEX_POINT ( 'NONE', #394 ) ;
#2095 = DIRECTION ( 'NONE',  ( 0.000000000000000000, 0.000000000000000000, 1.000000000000000000 ) ) ;
#2096 = EDGE_LOOP ( 'NONE', ( #497, #94, #51, #1162 ) ) ;
#2097 = CARTESIAN_POINT ( 'NONE',  ( 23.99999999999999645, 0.000000000000000000, -4.999999999999999112 ) ) ;
#2098 = DIRECTION ( 'NONE',  ( 0.000000000000000000, 0.000000000000000000, 1.000000000000000000 ) ) ;
#2099 = EDGE_CURVE ( 'NONE', #2033, #174, #570, .T. ) ;
#2100 = ORIENTED_EDGE ( 'NONE', *, *, #301, .T. ) ;
#2101 = CARTESIAN_POINT ( 'NONE',  ( 63.00000000000000000, 4.000000000000000000, 0.000000000000000000 ) ) ;
#2102 = ORIENTED_EDGE ( 'NONE', *, *, #512, .T. ) ;
#2103 = CARTESIAN_POINT ( 'NONE',  ( 23.99999999999999645, 4.000000000000000000, -4.999999999999999112 ) ) ;
#2104 = PERSON_AND_ORGANIZATION_ROLE ( 'creator' ) ;
#2105 = AXIS2_PLACEMENT_3D ( 'NONE', #2177, #1624, #1440 ) ;
#2106 = CIRCLE ( 'NONE', #1675, 2.999999999999999112 ) ;
#2107 = LINE ( 'NONE', #378, #1239 ) ;
#2108 = VECTOR ( 'NONE', #91, 1000.000000000000000 ) ;
#2109 = LINE ( 'NONE', #548, #370 ) ;
#2110 = EDGE_CURVE ( 'NONE', #467, #82, #2140, .T. ) ;
#2111 = AXIS2_PLACEMENT_3D ( 'NONE', #1845, #107, #703 ) ;
#2112 = EDGE_CURVE ( 'NONE', #387, #1869, #2119, .T. ) ;
#2113 = VERTEX_POINT ( 'NONE', #2007 ) ;
#2114 = CARTESIAN_POINT ( 'NONE',  ( 0.000000000000000000, 0.000000000000000000, -22.00000000000000000 ) ) ;
#2115 = DIRECTION ( 'NONE',  ( 0.000000000000000000, 1.000000000000000000, 0.000000000000000000 ) ) ;
#2116 = AXIS2_PLACEMENT_3D ( 'NONE', #1279, #1784, #426 ) ;
#2117 = ORIENTED_EDGE ( 'NONE', *, *, #1709, .F. ) ;
#2118 = DIRECTION ( 'NONE',  ( 0.000000000000000000, 0.000000000000000000, 1.000000000000000000 ) ) ;
#2119 = CIRCLE ( 'NONE', #880, 1.000000000000001776 ) ;
#2120 = EDGE_LOOP ( 'NONE', ( #23, #418, #2135, #44 ) ) ;
#2121 = LINE ( 'NONE', #1735, #2014 ) ;
#2122 = DIRECTION ( 'NONE',  ( 0.000000000000000000, -1.000000000000000000, 0.000000000000000000 ) ) ;
#2123 = AXIS2_PLACEMENT_3D ( 'NONE', #1881, #1683, #1521 ) ;
#2124 = VERTEX_POINT ( 'NONE', #417 ) ;
#2125 = VERTEX_POINT ( 'NONE', #226 ) ;
#2126 = DIRECTION ( 'NONE',  ( 0.000000000000000000, 0.000000000000000000, 1.000000000000000000 ) ) ;
#2127 = EDGE_CURVE ( 'NONE', #735, #1539, #1134, .T. ) ;
#2128 = ORIENTED_EDGE ( 'NONE', *, *, #1661, .F. ) ;
#2129 = DIRECTION ( 'NONE',  ( 0.000000000000000000, 1.000000000000000000, -0.000000000000000000 ) ) ;
#2130 = CARTESIAN_POINT ( 'NONE',  ( 36.00000000000000000, 4.000000000000000000, -2.999999999999998224 ) ) ;
#2131 = ORIENTED_EDGE ( 'NONE', *, *, #1063, .T. ) ;
#2132 = CARTESIAN_POINT ( 'NONE',  ( -37.00000000000000000, 4.000000000000000000, 7.000000000000001776 ) ) ;
#2133 = DIRECTION ( 'NONE',  ( 0.000000000000000000, 1.000000000000000000, 0.000000000000000000 ) ) ;
#2134 = DIRECTION ( 'NONE',  ( 0.000000000000000000, 0.000000000000000000, 1.000000000000000000 ) ) ;
#2135 = ORIENTED_EDGE ( 'NONE', *, *, #1254, .T. ) ;
#2136 = CARTESIAN_POINT ( 'NONE',  ( -2.000000000000000000, 0.000000000000000000, -19.99999999999999645 ) ) ;
#2137 = ADVANCED_FACE ( 'NONE', ( #1467 ), #1479, .F. ) ;
#2138 = ORIENTED_EDGE ( 'NONE', *, *, #1346, .F. ) ;
#2139 = DIRECTION ( 'NONE',  ( 0.000000000000000000, 1.000000000000000000, -0.000000000000000000 ) ) ;
#2140 = LINE ( 'NONE', #1103, #913 ) ;
#2141 = EDGE_LOOP ( 'NONE', ( #2203, #1937, #937, #170 ) ) ;
#2142 = CIRCLE ( 'NONE', #1961, 1.000000000000005329 ) ;
#2143 = CARTESIAN_POINT ( 'NONE',  ( 6.000000000000000000, 0.000000000000000000, -4.999999999999993783 ) ) ;
#2144 = DIRECTION ( 'NONE',  ( 1.000000000000000000, -0.000000000000000000, 0.000000000000000000 ) ) ;
#2145 = AXIS2_PLACEMENT_3D ( 'NONE', #1071, #1145, #1684 ) ;
#2146 = AXIS2_PLACEMENT_3D ( 'NONE', #825, #299, #1522 ) ;
#2147 = ORIENTED_EDGE ( 'NONE', *, *, #229, .T. ) ;
#2148 = DIRECTION ( 'NONE',  ( -0.000000000000000000, -1.000000000000000000, -0.000000000000000000 ) ) ;
#2149 = VECTOR ( 'NONE', #243, 1000.000000000000000 ) ;
#2150 = CC_DESIGN_PERSON_AND_ORGANIZATION_ASSIGNMENT ( #111, #823, ( #50 ) ) ;
#2151 = VERTEX_POINT ( 'NONE', #247 ) ;
#2152 = VECTOR ( 'NONE', #1707, 1000.000000000000000 ) ;
#2153 = LINE ( 'NONE', #592, #353 ) ;
#2154 = DIRECTION ( 'NONE',  ( 0.000000000000000000, 0.000000000000000000, 1.000000000000000000 ) ) ;
#2155 = EDGE_CURVE ( 'NONE', #1669, #1209, #448, .T. ) ;
#2156 = AXIS2_PLACEMENT_3D ( 'NONE', #605, #46, #1800 ) ;
#2157 = ORIENTED_EDGE ( 'NONE', *, *, #668, .T. ) ;
#2158 = DIRECTION ( 'NONE',  ( 0.000000000000000000, 1.000000000000000000, -0.000000000000000000 ) ) ;
#2159 = CARTESIAN_POINT ( 'NONE',  ( 23.99999999999999645, 4.000000000000000000, -4.999999999999999112 ) ) ;
#2160 = ADVANCED_FACE ( 'NONE', ( #96 ), #798, .F. ) ;
#2161 = LINE ( 'NONE', #1436, #652 ) ;
#2162 = CARTESIAN_POINT ( 'NONE',  ( -36.00000000000001421, 4.000000000000000000, -4.000000000000014211 ) ) ;
#2163 = ORIENTED_EDGE ( 'NONE', *, *, #2069, .F. ) ;
#2164 = DIRECTION ( 'NONE',  ( 0.000000000000000000, 0.000000000000000000, -1.000000000000000000 ) ) ;
#2165 = ORIENTED_EDGE ( 'NONE', *, *, #1358, .F. ) ;
#2166 = DIRECTION ( 'NONE',  ( 0.000000000000000000, 0.000000000000000000, 1.000000000000000000 ) ) ;
#2167 = CARTESIAN_POINT ( 'NONE',  ( -36.00000000000001421, 4.000000000000000000, -4.000000000000014211 ) ) ;
#2168 = VERTEX_POINT ( 'NONE', #1625 ) ;
#2169 = DIRECTION ( 'NONE',  ( 0.000000000000000000, 1.000000000000000000, 0.000000000000000000 ) ) ;
#2170 = CARTESIAN_POINT ( 'NONE',  ( 54.00000000000000000, 0.000000000000000000, 6.999999999999998224 ) ) ;
#2171 = CARTESIAN_POINT ( 'NONE',  ( 23.99999999999999645, 4.000000000000000000, 4.000000000000000888 ) ) ;
#2172 = DIRECTION ( 'NONE',  ( -0.000000000000000000, -1.000000000000000000, 0.000000000000000000 ) ) ;
#2173 = EDGE_CURVE ( 'NONE', #1992, #2033, #149, .T. ) ;
#2174 = EDGE_LOOP ( 'NONE', ( #1597, #568, #1477, #312 ) ) ;
#2175 = DIRECTION ( 'NONE',  ( 0.000000000000000000, 0.000000000000000000, 1.000000000000000000 ) ) ;
#2176 = EDGE_LOOP ( 'NONE', ( #2018, #1277, #595, #161 ) ) ;
#2177 = CARTESIAN_POINT ( 'NONE',  ( 6.000000000000000000, 4.000000000000000000, 5.999999999999997335 ) ) ;
#2178 = LINE ( 'NONE', #1257, #1097 ) ;
#2179 = ORIENTED_EDGE ( 'NONE', *, *, #756, .F. ) ;
#2180 = CYLINDRICAL_SURFACE ( 'NONE', #1355, 1.000000000000001776 ) ;
#2181 = DIRECTION ( 'NONE',  ( 1.000000000000000000, -0.000000000000000000, 0.000000000000000000 ) ) ;
#2182 = EDGE_CURVE ( 'NONE', #74, #440, #745, .T. ) ;
#2183 = FACE_OUTER_BOUND ( 'NONE', #242, .T. ) ;
#2184 = AXIS2_PLACEMENT_3D ( 'NONE', #1963, #216, #78 ) ;
#2185 = CARTESIAN_POINT ( 'NONE',  ( -36.00000000000001421, 0.000000000000000000, 2.999999999999988010 ) ) ;
#2186 = CIRCLE ( 'NONE', #25, 2.999999999999999112 ) ;
#2187 = EDGE_CURVE ( 'NONE', #396, #1222, #1971, .T. ) ;
#2188 = VERTEX_POINT ( 'NONE', #759 ) ;
#2189 = VECTOR ( 'NONE', #666, 1000.000000000000000 ) ;
#2190 = CYLINDRICAL_SURFACE ( 'NONE', #1057, 1.500000000000001332 ) ;
#2191 = VERTEX_POINT ( 'NONE', #1453 ) ;
#2192 = CARTESIAN_POINT ( 'NONE',  ( 63.00000000000000000, 0.000000000000000000, 7.000000000000001776 ) ) ;
#2193 = DATE_TIME_ROLE ( 'creation_date' ) ;
#2194 = VECTOR ( 'NONE', #142, 1000.000000000000000 ) ;
#2195 = EDGE_LOOP ( 'NONE', ( #465, #571, #928, #1892 ) ) ;
#2196 = CARTESIAN_POINT ( 'NONE',  ( 13.00000000000000178, 4.000000000000000000, -16.00000000000000000 ) ) ;
#2197 = CARTESIAN_POINT ( 'NONE',  ( 54.00000000000000000, 4.000000000000000000, -5.999999999999998224 ) ) ;
#2198 = VECTOR ( 'NONE', #971, 1000.000000000000000 ) ;
#2199 = DIRECTION ( 'NONE',  ( 0.000000000000000000, 1.000000000000000000, -0.000000000000000000 ) ) ;
#2200 = CIRCLE ( 'NONE', #957, 0.9999999999999983347 ) ;
#2201 = ORIENTED_EDGE ( 'NONE', *, *, #612, .F. ) ;
#2202 = DIRECTION ( 'NONE',  ( 0.000000000000000000, -1.000000000000000000, -0.000000000000000000 ) ) ;
#2203 = ORIENTED_EDGE ( 'NONE', *, *, #1795, .F. ) ;
#2204 = EDGE_CURVE ( 'NONE', #18, #505, #1656, .T. ) ;
#2205 = DIRECTION ( 'NONE',  ( 0.000000000000000000, 0.000000000000000000, -1.000000000000000000 ) ) ;
#2206 = DIRECTION ( 'NONE',  ( -0.000000000000000000, -1.000000000000000000, -0.000000000000000000 ) ) ;
#2207 = EDGE_LOOP ( 'NONE', ( #997, #969 ) ) ;
#2208 = DIRECTION ( 'NONE',  ( 0.000000000000000000, 0.000000000000000000, 1.000000000000000000 ) ) ;
#2209 = CYLINDRICAL_SURFACE ( 'NONE', #2073, 1.500000000000001332 ) ;
#2210 = FACE_OUTER_BOUND ( 'NONE', #454, .T. ) ;
#2211 = EDGE_LOOP ( 'NONE', ( #1918, #562, #275, #1020 ) ) ;
#2212 = DIRECTION ( 'NONE',  ( 0.000000000000000000, 1.000000000000000000, 0.000000000000000000 ) ) ;
#2213 = EDGE_CURVE ( 'NONE', #1307, #1573, #1982, .T. ) ;
#2214 = ORIENTED_EDGE ( 'NONE', *, *, #160, .T. ) ;
#2215 = CARTESIAN_POINT ( 'NONE',  ( 36.00000000000000000, 0.000000000000000000, -2.999999999999998224 ) ) ;
#2216 = PERSON_AND_ORGANIZATION ( #1403, #2046 ) ;
#2217 = ADVANCED_FACE ( 'NONE', ( #788 ), #2038, .F. ) ;
#2218 = LINE ( 'NONE', #2114, #1411 ) ;
#2219 = CARTESIAN_POINT ( 'NONE',  ( 18.00000000000000355, 8.673617379884035472E-16, -34.00000000000000000 ) ) ;
#2220 = LINE ( 'NONE', #2042, #1748 ) ;
#2221 = CIRCLE ( 'NONE', #1562, 1.000000000000001776 ) ;
#2222 = ORIENTED_EDGE ( 'NONE', *, *, #1991, .F. ) ;
#2223 = AXIS2_PLACEMENT_3D ( 'NONE', #1696, #427, #921 ) ;
#2224 = DIRECTION ( 'NONE',  ( 0.000000000000000000, 0.000000000000000000, -1.000000000000000000 ) ) ;
#2225 = EDGE_LOOP ( 'NONE', ( #1783, #619, #1032, #789 ) ) ;
#2226 = AXIS2_PLACEMENT_3D ( 'NONE', #354, #1762, #507 ) ;
#2227 = DIRECTION ( 'NONE',  ( 0.000000000000000000, 0.000000000000000000, -1.000000000000000000 ) ) ;
#2228 = LINE ( 'NONE', #631, #1722 ) ;
#2229 = VECTOR ( 'NONE', #364, 1000.000000000000000 ) ;
#2230 = FACE_BOUND ( 'NONE', #2255, .T. ) ;
#2231 = EDGE_CURVE ( 'NONE', #387, #2168, #1889, .T. ) ;
#2232 = LINE ( 'NONE', #318, #2189 ) ;
#2233 = EDGE_CURVE ( 'NONE', #867, #408, #2228, .T. ) ;
#2234 = LOCAL_TIME ( 12, 12, 22.00000000000000000, #650 ) ;
#2235 = EDGE_LOOP ( 'NONE', ( #167, #1846 ) ) ;
#2236 = CIRCLE ( 'NONE', #1833, 1.000000000000001776 ) ;
#2237 = DIRECTION ( 'NONE',  ( -0.000000000000000000, -1.000000000000000000, 0.000000000000000000 ) ) ;
#2238 = ORIENTED_EDGE ( 'NONE', *, *, #640, .T. ) ;
#2239 = CARTESIAN_POINT ( 'NONE',  ( 23.99999999999999645, 0.000000000000000000, 2.999999999999999112 ) ) ;
#2240 = ORIENTED_EDGE ( 'NONE', *, *, #2187, .T. ) ;
#2241 = CARTESIAN_POINT ( 'NONE',  ( 0.000000000000000000, 4.000000000000000000, 10.00000000000000178 ) ) ;
#2242 = CARTESIAN_POINT ( 'NONE',  ( 54.00000000000000000, 4.000000000000000000, 5.000000000000001776 ) ) ;
#2243 = EDGE_CURVE ( 'NONE', #2124, #818, #1859, .T. ) ;
#2244 = ORIENTED_EDGE ( 'NONE', *, *, #943, .T. ) ;
#2245 = FACE_OUTER_BOUND ( 'NONE', #1524, .T. ) ;
#2246 = ORIENTED_EDGE ( 'NONE', *, *, #566, .F. ) ;
#2247 = DIRECTION ( 'NONE',  ( 0.000000000000000000, 1.000000000000000000, -0.000000000000000000 ) ) ;
#2248 = DIRECTION ( 'NONE',  ( -0.000000000000000000, -1.000000000000000000, -0.000000000000000000 ) ) ;
#2249 = LINE ( 'NONE', #2054, #762 ) ;
#2250 = EDGE_CURVE ( 'NONE', #710, #1558, #812, .T. ) ;
#2251 = ORIENTED_EDGE ( 'NONE', *, *, #322, .T. ) ;
#2252 = ORIENTED_EDGE ( 'NONE', *, *, #925, .F. ) ;
#2253 = AXIS2_PLACEMENT_3D ( 'NONE', #1914, #2248, #348 ) ;
#2254 = CARTESIAN_POINT ( 'NONE',  ( -40.00000000000000000, 4.000000000000000000, 0.000000000000000000 ) ) ;
#2255 = EDGE_LOOP ( 'NONE', ( #2165, #1313 ) ) ;
#2256 = AXIS2_PLACEMENT_3D ( 'NONE', #782, #2133, #1080 ) ;
#2257 = CARTESIAN_POINT ( 'NONE',  ( 23.99999999999999645, 4.000000000000000000, -3.999999999999997335 ) ) ;
#2258 = AXIS2_PLACEMENT_3D ( 'NONE', #1344, #1007, #1699 ) ;
#2259 = ORIENTED_EDGE ( 'NONE', *, *, #499, .F. ) ;
#2260 = CARTESIAN_POINT ( 'NONE',  ( 46.00000000000000000, 0.000000000000000000, -6.999999999999999112 ) ) ;
#2261 = AXIS2_PLACEMENT_3D ( 'NONE', #1593, #890, #1216 ) ;
#2262 = CARTESIAN_POINT ( 'NONE',  ( 46.00000000000000000, 0.000000000000000000, -4.999999999999988454 ) ) ;
#2263 = ORIENTED_EDGE ( 'NONE', *, *, #313, .T. ) ;
#2264 = VERTEX_POINT ( 'NONE', #307 ) ;
#2265 = FACE_OUTER_BOUND ( 'NONE', #1008, .T. ) ;
ENDSEC;
END-ISO-10303-21;
