ISO-10303-21;
HEADER;
FILE_DESCRIPTION (( 'STEP AP203' ),
    '1' );
FILE_NAME ('³ÝÂÖ20x1.25 ÓÒ×¦.STEP',
    '2026-05-08T04:04:05',
    ( '' ),
    ( '' ),
    'SwSTEP 2.0',
    'SolidWorks 2025',
    '' );
FILE_SCHEMA (( 'CONFIG_CONTROL_DESIGN' ));
ENDSEC;

DATA;
#1 = CARTESIAN_POINT ( 'NONE',  ( 12.72257526253007498, -2.817469215210147926, 0.000000000000000000 ) ) ;
#2 = CARTESIAN_POINT ( 'NONE',  ( 13.16904905300996198, 36.31618308759754399, 22.11535967577234274 ) ) ;
#3 = CARTESIAN_POINT ( 'NONE',  ( -10.29093438073243583, -6.436913140481757445, 0.000000000000000000 ) ) ;
#4 = CARTESIAN_POINT ( 'NONE',  ( 0.000000000000000000, 0.000000000000000000, 0.000000000000000000 ) ) ;
#5 = CARTESIAN_POINT ( 'NONE',  ( -8.544655887209717804, 7.152395453489324595, 8.000000000000000000 ) ) ;
#6 = AXIS2_PLACEMENT_3D ( 'NONE', #2453, #3075, #4358 ) ;
#7 = CARTESIAN_POINT ( 'NONE',  ( 0.8412873393390029042, -12.10906341627276639, 0.000000000000000000 ) ) ;
#8 = VECTOR ( 'NONE', #1017, 1000.000000000000000 ) ;
#9 = CARTESIAN_POINT ( 'NONE',  ( -10.72875944066946019, 6.544354946388695637, 8.000000000000000000 ) ) ;
#10 = CARTESIAN_POINT ( 'NONE',  ( -11.60070094346938063, 4.833073392807619051, 8.000000000000000000 ) ) ;
#11 = CARTESIAN_POINT ( 'NONE',  ( -9.411632514553501139, -10.02415449855993757, 8.000000000000000000 ) ) ;
#12 = CARTESIAN_POINT ( 'NONE',  ( 9.497099640846577984, 8.105411651555929353, 8.000000000000000000 ) ) ;
#13 = CARTESIAN_POINT ( 'NONE',  ( 10.57667323439988749, 37.27732629199608994, -9.453075419702024362 ) ) ;
#14 = CARTESIAN_POINT ( 'NONE',  ( -9.411632514633797797, 10.02415449858209229, 8.000000000000000000 ) ) ;
#15 = PERSON_AND_ORGANIZATION ( #316, #4205 ) ;
#16 = ORIENTED_EDGE ( 'NONE', *, *, #4394, .T. ) ;
#17 = CARTESIAN_POINT ( 'NONE',  ( -10.47431425022860374, 3.149229626028895446, 8.000000000000000000 ) ) ;
#18 = ORIENTED_EDGE ( 'NONE', *, *, #1969, .F. ) ;
#19 = EDGE_CURVE ( 'NONE', #8061, #1779, #1721, .T. ) ;
#20 = CARTESIAN_POINT ( 'NONE',  ( -1.011712205768922734, 12.52642403931682580, 8.000000000000000000 ) ) ;
#21 = CARTESIAN_POINT ( 'NONE',  ( 6.588591420233555596, -11.01428446989495669, 0.000000000000000000 ) ) ;
#22 = CARTESIAN_POINT ( 'NONE',  ( 14.20357323011726436, 53.98208637014782596, 0.9790888343690929974 ) ) ;
#23 = CARTESIAN_POINT ( 'NONE',  ( -1.377525651863733325, 13.16905850672525347, 8.000000000000000000 ) ) ;
#24 = CYLINDRICAL_SURFACE ( 'NONE', #3402, 1.000000000000001554 ) ;
#25 = ORIENTED_EDGE ( 'NONE', *, *, #2202, .F. ) ;
#26 = CARTESIAN_POINT ( 'NONE',  ( -11.01428446989502596, 6.588591420233433027, 8.000000000000000000 ) ) ;
#27 = CARTESIAN_POINT ( 'NONE',  ( 12.05320353502385267, 0.8231400688186875092, 0.000000000000000000 ) ) ;
#28 = CARTESIAN_POINT ( 'NONE',  ( -6.418760976341290281, -10.23507608951709180, 0.000000000000000000 ) ) ;
#29 = CARTESIAN_POINT ( 'NONE',  ( 2.886444749237149221, -11.13701600410300507, 8.000000000000000000 ) ) ;
#30 = CARTESIAN_POINT ( 'NONE',  ( 12.83440038321936960, 2.790132082466765695, 0.000000000000000000 ) ) ;
#31 = CARTESIAN_POINT ( 'NONE',  ( 11.46368139467884006, -6.626136714284544205, 8.000000000000000000 ) ) ;
#32 = CARTESIAN_POINT ( 'NONE',  ( 11.46368139467869263, 6.626136714284793783, 8.000000000000000000 ) ) ;
#33 = VERTEX_POINT ( 'NONE', #5481 ) ;
#34 = CARTESIAN_POINT ( 'NONE',  ( 12.09884006967990544, -5.379567626064686969, 8.000000000000000000 ) ) ;
#35 = ORIENTED_EDGE ( 'NONE', *, *, #4286, .F. ) ;
#36 = CARTESIAN_POINT ( 'NONE',  ( -11.11684438996311819, -0.7639867559471459346, 8.000000000000000000 ) ) ;
#37 = CARTESIAN_POINT ( 'NONE',  ( 11.98057174878966080, -2.933454507433441716, 8.000000000000000000 ) ) ;
#38 = CARTESIAN_POINT ( 'NONE',  ( 2.584755384919331433, -13.48734665307394920, 0.000000000000000000 ) ) ;
#39 = CARTESIAN_POINT ( 'NONE',  ( -10.18403012388270490, -6.401038329814019434, 8.000000000000000000 ) ) ;
#40 = CARTESIAN_POINT ( 'NONE',  ( -6.626136714284671214, 11.46368139467876901, 8.000000000000000000 ) ) ;
#41 = CARTESIAN_POINT ( 'NONE',  ( -9.669723885497008453, 8.439220299577034012, 0.000000000000000000 ) ) ;
#42 = CARTESIAN_POINT ( 'NONE',  ( 1.722120468182739339, -13.64173013569106452, 0.000000000000000000 ) ) ;
#43 = ADVANCED_FACE ( 'NONE', ( #1705 ), #6062, .F. ) ;
#44 = ADVANCED_FACE ( 'NONE', ( #5570 ), #6807, .F. ) ;
#45 = CARTESIAN_POINT ( 'NONE',  ( 11.11684438996337221, -0.7639867559469517566, 8.000000000000000000 ) ) ;
#46 = AXIS2_PLACEMENT_3D ( 'NONE', #3151, #5138, #2573 ) ;
#47 = CARTESIAN_POINT ( 'NONE',  ( -11.36047427339665461, 4.622531273494502990, 0.000000000000000000 ) ) ;
#48 = DIRECTION ( 'NONE',  ( 0.2588190451025210725, -0.9659258262890682012, -4.440892098500626162E-16 ) ) ;
#49 = CARTESIAN_POINT ( 'NONE',  ( 9.149886257342810580, 7.604022508570474237, 8.000000000000000000 ) ) ;
#50 = DIRECTION ( 'NONE',  ( -0.000000000000000000, 0.000000000000000000, -1.000000000000000000 ) ) ;
#51 = CARTESIAN_POINT ( 'NONE',  ( -13.06987279011081959, 2.724978029605164664, 8.000000000000000000 ) ) ;
#52 = B_SPLINE_CURVE_WITH_KNOTS ( 'NONE', 3,
 ( #6629, #959, #7837, #6096, #2853, #2148, #6010, #418, #2933, #6588, #7169, #6546, #877, #5932, #920, #3433, #501, #3677, #6224, #8038, #546, #3060, #4837, #5597, #5674, #3637, #3021, #6751, #6260 ),
 .UNSPECIFIED., .F., .F.,
 ( 4, 1, 1, 1, 1, 1, 1, 1, 1, 1, 1, 1, 1, 1, 1, 1, 1, 1, 1, 1, 1, 1, 1, 1, 1, 1, 4 ),
 ( 0.000000000000000000, 0.1659160033276295687, 0.1709059215442318980, 0.1766635194393566533, 0.1831887970181514946, 0.1904817542841363842, 0.1985423912398269763, 0.2073707078870824505, 0.2169667042273148994, 0.2273303802616239988, 0.2384617359908808298, 0.2503607714157882747, 0.2630274865369212067, 0.2764618813547564669, 0.2906639558696927361, 0.3056337100820685215, 0.3213711439921715929, 0.3378762576002503071, 0.3551490509065193812, 0.3731895239111665541, 0.3919976766143570268, 0.4115735090162354615, 0.4319170211169303109, 0.4530282129165571492, 0.4749070844152180060, 0.4975536356130059734, 0.5074316978669451972 ),
 .UNSPECIFIED. ) ;
#53 = ORIENTED_EDGE ( 'NONE', *, *, #3507, .T. ) ;
#54 = CARTESIAN_POINT ( 'NONE',  ( -6.622827502596225990, -8.704427730807754671, 0.000000000000000000 ) ) ;
#55 = AXIS2_PLACEMENT_3D ( 'NONE', #3888, #7171, #6590 ) ;
#56 = CARTESIAN_POINT ( 'NONE',  ( -1.095856395948400897, 12.69447357664507514, 8.000000000000000000 ) ) ;
#57 = CARTESIAN_POINT ( 'NONE',  ( -2.937812879663770360, -11.90787246215811734, 0.000000000000000000 ) ) ;
#58 = CARTESIAN_POINT ( 'NONE',  ( 8.152495352230571868, 34.79900466495708855, 16.28481329246342213 ) ) ;
#59 = CARTESIAN_POINT ( 'NONE',  ( 7.668835209823090970, -9.204216794247509270, 8.000000000000000000 ) ) ;
#60 = CARTESIAN_POINT ( 'NONE',  ( -12.41180006574749228, 2.880586703536566873, 0.000000000000000000 ) ) ;
#61 = VERTEX_POINT ( 'NONE', #2369 ) ;
#62 = EDGE_CURVE ( 'NONE', #4373, #6938, #667, .T. ) ;
#63 = CARTESIAN_POINT ( 'NONE',  ( -10.56312374806395304, 6.510080463201325607, 8.000000000000000000 ) ) ;
#64 = AXIS2_PLACEMENT_3D ( 'NONE', #5004, #619, #6839 ) ;
#65 = CARTESIAN_POINT ( 'NONE',  ( 10.93483029503508419, 0.2416457505998779731, 0.000000000000000000 ) ) ;
#66 = CARTESIAN_POINT ( 'NONE',  ( 12.97053397611293235, 1.251919511749509217, 8.000000000000000000 ) ) ;
#67 = CARTESIAN_POINT ( 'NONE',  ( 12.25290083038842859, -5.581155335976815124, 8.000000000000000000 ) ) ;
#68 = EDGE_CURVE ( 'NONE', #8061, #178, #2323, .T. ) ;
#69 = FACE_OUTER_BOUND ( 'NONE', #3545, .T. ) ;
#70 = CARTESIAN_POINT ( 'NONE',  ( 4.896733499129178213, -11.66659828334862681, 0.000000000000000000 ) ) ;
#71 = ORIENTED_EDGE ( 'NONE', *, *, #1668, .T. ) ;
#72 = CIRCLE ( 'NONE', #481, 10.93750000000000178 ) ;
#73 = CARTESIAN_POINT ( 'NONE',  ( 11.12353076645876371, -4.449236289361978791, 0.000000000000000000 ) ) ;
#74 = ORIENTED_EDGE ( 'NONE', *, *, #5365, .T. ) ;
#75 = B_SPLINE_SURFACE_WITH_KNOTS ( 'NONE', 3, 1, ( 
 ( #2830, #2292 ),
 ( #4816, #5323 ),
 ( #7312, #2792 ),
 ( #6029, #6772 ),
 ( #5403, #1631 ),
 ( #1590, #1674 ),
 ( #3449, #5362 ),
 ( #7855, #1098 ),
 ( #2870, #2166 ),
 ( #354, #3526 ),
 ( #7896, #2206 ),
 ( #7937, #2253 ),
 ( #7351, #4113 ),
 ( #4192, #4736 ),
 ( #4153, #7270 ),
 ( #397, #6689 ),
 ( #2914, #1058 ),
 ( #6116, #438 ),
 ( #8014, #4857 ),
 ( #7393, #7079 ),
 ( #1799, #1758 ),
 ( #3881, #565 ),
 ( #2379, #1183 ),
 ( #5170, #7042 ),
 ( #1400, #1142 ),
 ( #3219, #1362 ),
 ( #2997, #2602 ),
 ( #6159, #4276 ),
 ( #7708, #5801 ) ),
 .UNSPECIFIED., .F., .F., .F.,
 ( 4, 1, 1, 1, 1, 1, 1, 1, 1, 1, 1, 1, 1, 1, 1, 1, 1, 1, 1, 1, 1, 1, 1, 1, 1, 1, 4 ),
 ( 2, 2 ),
 ( 0.4925683021194534605, 0.5024463643869940821, 0.5250929155847819940, 0.5469717870834428508, 0.5680829788830696891, 0.5884264909837645385, 0.6080023233856429732, 0.6268104760888334459, 0.6448509490934806188, 0.6621237423997496929, 0.6786288560078284071, 0.6943662899179314785, 0.7093360441303072639, 0.7235381186452435331, 0.7369725134630787933, 0.7496392285842117253, 0.7615382640091191702, 0.7726696197383760012, 0.7830332957726851006, 0.7926292921129175495, 0.8014576087601730237, 0.8095182457158636158, 0.8168112029818485054, 0.8233364805606433467, 0.8290940784557681020, 0.8340839966723704313, 1.000000000000000000 ),
 ( 0.000000000000000000, 1.000000000000000000 ),
 .UNSPECIFIED. ) ;
#76 = CARTESIAN_POINT ( 'NONE',  ( -9.699971161946981724, -6.186699299581489342, 8.000000000000000000 ) ) ;
#77 = EDGE_CURVE ( 'NONE', #6168, #3949, #5694, .T. ) ;
#78 = CARTESIAN_POINT ( 'NONE',  ( 12.95019774290652492, -2.759358130927213715, 0.000000000000000000 ) ) ;
#79 = CARTESIAN_POINT ( 'NONE',  ( 1.143751547996471052, -12.78342018721907003, 8.000000000000000000 ) ) ;
#80 = CARTESIAN_POINT ( 'NONE',  ( -10.91417308631840655, -6.575057906251772444, 8.000000000000000000 ) ) ;
#81 = CARTESIAN_POINT ( 'NONE',  ( 12.44755643926124655, 0.9751606640716734553, 0.000000000000000000 ) ) ;
#82 = CARTESIAN_POINT ( 'NONE',  ( 10.23507608951711845, -6.418760976341251201, 8.000000000000000000 ) ) ;
#83 = CARTESIAN_POINT ( 'NONE',  ( -1.722120468130895254, -13.64173013562592729, 8.000000000000000000 ) ) ;
#84 = CARTESIAN_POINT ( 'NONE',  ( 10.80883218877887764, 2.708699257713942821, 8.000000000000000000 ) ) ;
#85 = CARTESIAN_POINT ( 'NONE',  ( -4.449236289362012542, -11.12353076645875127, 0.000000000000000000 ) ) ;
#86 = CARTESIAN_POINT ( 'NONE',  ( -4.896733499129095613, 11.66659828334866233, 8.000000000000000000 ) ) ;
#87 = CARTESIAN_POINT ( 'NONE',  ( 12.04862852623650404, 6.625183064396031440, 8.000000000000000000 ) ) ;
#88 = CARTESIAN_POINT ( 'NONE',  ( 10.18403012388279549, -6.401038329813871108, 0.000000000000000000 ) ) ;
#89 = CARTESIAN_POINT ( 'NONE',  ( -12.41180006574746919, -2.880586703536655246, 8.000000000000000000 ) ) ;
#90 = CARTESIAN_POINT ( 'NONE',  ( -12.30068812565076541, 0.9123192481542625742, 8.000000000000000000 ) ) ;
#91 = CARTESIAN_POINT ( 'NONE',  ( -9.221936103764075909, 9.969200282347939535, 8.000000000000000000 ) ) ;
#92 = APPROVAL_ROLE ( '' ) ;
#93 = ORIENTED_EDGE ( 'NONE', *, *, #5608, .F. ) ;
#94 = ADVANCED_FACE ( 'NONE', ( #6148 ), #2656, .T. ) ;
#95 = CARTESIAN_POINT ( 'NONE',  ( 6.352286767647669308, -10.05932550694754823, 0.000000000000000000 ) ) ;
#96 = DIRECTION ( 'NONE',  ( -0.7605637668489722003, 0.000000000000000000, 0.6492632413409080705 ) ) ;
#97 = CARTESIAN_POINT ( 'NONE',  ( 9.204216794247651379, -7.668835209822921328, 8.000000000000000000 ) ) ;
#98 = CARTESIAN_POINT ( 'NONE',  ( 6.418760976341437718, -10.23507608951699943, 8.000000000000000000 ) ) ;
#99 = LINE ( 'NONE', #5067, #1801 ) ;
#100 = CARTESIAN_POINT ( 'NONE',  ( 1.938708230342419903, 31.26786973338631270, -13.61616680320316597 ) ) ;
#101 = CARTESIAN_POINT ( 'NONE',  ( -0.7639867559471070768, 11.11684438996312174, 8.000000000000000000 ) ) ;
#102 = CARTESIAN_POINT ( 'NONE',  ( -0.6963551242057667290, -11.48389212362418199, 8.000000000000000000 ) ) ;
#103 = ORIENTED_EDGE ( 'NONE', *, *, #2238, .T. ) ;
#104 = CARTESIAN_POINT ( 'NONE',  ( -10.05932550694761929, 6.352286767647560062, 8.000000000000000000 ) ) ;
#105 = AXIS2_PLACEMENT_3D ( 'NONE', #4494, #5201, #7656 ) ;
#106 = CARTESIAN_POINT ( 'NONE',  ( -2.940710835118465649, 11.66361783702276078, 0.000000000000000000 ) ) ;
#107 = CARTESIAN_POINT ( 'NONE',  ( 12.60876818853257930, 1.051893166807293056, 8.000000000000000000 ) ) ;
#108 = VECTOR ( 'NONE', #685, 1000.000000000000114 ) ;
#109 = CARTESIAN_POINT ( 'NONE',  ( -6.510080463201363798, 10.56312374806393350, 0.000000000000000000 ) ) ;
#110 =( BOUNDED_CURVE ( )  B_SPLINE_CURVE ( 3, ( #296, #5973, #5472, #461 ),
 .UNSPECIFIED., .F., .F. ) 
 B_SPLINE_CURVE_WITH_KNOTS ( ( 4, 4 ),
 ( 1.570796326794896780, 3.163169715105572877 ),
 .UNSPECIFIED. ) 
 CURVE ( )  GEOMETRIC_REPRESENTATION_ITEM ( )  RATIONAL_B_SPLINE_CURVE ( ( 1.000000000000000000, 0.7996247569244504527, 0.7996247569244504527, 1.000000000000000000 ) ) 
 REPRESENTATION_ITEM ( '' )  );
#111 = CARTESIAN_POINT ( 'NONE',  ( 10.64346975476071577, -6.527568552596036078, 8.000000000000000000 ) ) ;
#112 = CARTESIAN_POINT ( 'NONE',  ( 1.195724957047537229, -12.87548337994386038, 0.000000000000000000 ) ) ;
#113 = AXIS2_PLACEMENT_3D ( 'NONE', #7574, #3827, #6368 ) ;
#114 = ORIENTED_EDGE ( 'NONE', *, *, #1768, .T. ) ;
#115 = CARTESIAN_POINT ( 'NONE',  ( 11.60070094346941261, -4.833073392807540003, 8.000000000000000000 ) ) ;
#116 = VERTEX_POINT ( 'NONE', #7437 ) ;
#117 = CARTESIAN_POINT ( 'NONE',  ( -12.60876818853258641, -1.051893166807204905, -5.204170427930421283E-15 ) ) ;
#118 = CARTESIAN_POINT ( 'NONE',  ( 11.71764203423215100, -2.941792002708918385, 8.000000000000000000 ) ) ;
#119 = CARTESIAN_POINT ( 'NONE',  ( 0.8231400688185612768, -12.05320353502385977, 8.000000000000000000 ) ) ;
#120 = CARTESIAN_POINT ( 'NONE',  ( 7.559843804774697418, 32.97501076117278984, 17.04359809359991118 ) ) ;
#121 = CARTESIAN_POINT ( 'NONE',  ( -12.72257526253003945, -2.817469215210326450, 0.000000000000000000 ) ) ;
#122 = CARTESIAN_POINT ( 'NONE',  ( 8.348190801685069218, 9.625916629980844519, 8.000000000000000000 ) ) ;
#123 = CARTESIAN_POINT ( 'NONE',  ( -6.527568552596078710, -10.64346975476068913, 8.000000000000000000 ) ) ;
#124 = CARTESIAN_POINT ( 'NONE',  ( 9.621871361606711304, 37.02148790124943645, -11.24860397213440422 ) ) ;
#125 = CARTESIAN_POINT ( 'NONE',  ( -5.836552422531232409, -12.43077374740202323, 0.000000000000000000 ) ) ;
#126 = FACE_OUTER_BOUND ( 'NONE', #2799, .T. ) ;
#127 = DIRECTION ( 'NONE',  ( -1.000000000000000000, 0.000000000000000000, 0.000000000000000000 ) ) ;
#128 = CARTESIAN_POINT ( 'NONE',  ( 8.704427730807637431, 6.622827502596382310, 8.000000000000000000 ) ) ;
#129 = CARTESIAN_POINT ( 'NONE',  ( -11.52995163726276395, -2.932881190150568251, 8.000000000000000000 ) ) ;
#130 = CARTESIAN_POINT ( 'NONE',  ( -12.37227591337642707, 0.9420826277741136678, 8.000000000000000000 ) ) ;
#131 = CARTESIAN_POINT ( 'NONE',  ( -8.034402175150765046, 9.455639197970754140, 0.000000000000000000 ) ) ;
#132 = DATE_AND_TIME ( #757, #6871 ) ;
#133 = EDGE_CURVE ( 'NONE', #2207, #5224, #2414, .T. ) ;
#134 = EDGE_LOOP ( 'NONE', ( #4534, #3124 ) ) ;
#135 = ORIENTED_EDGE ( 'NONE', *, *, #6452, .F. ) ;
#136 = CARTESIAN_POINT ( 'NONE',  ( 6.619621129381279445, -11.34404188716882267, 8.000000000000000000 ) ) ;
#137 = CARTESIAN_POINT ( 'NONE',  ( 8.704427730807637431, 6.622827502596381422, 0.000000000000000000 ) ) ;
#138 = DESIGN_CONTEXT ( 'detailed design', #608, 'design' ) ;
#139 = CARTESIAN_POINT ( 'NONE',  ( 10.72875944066936604, 6.544354946388849292, 8.000000000000000000 ) ) ;
#140 = CARTESIAN_POINT ( 'NONE',  ( -1.251919511749373326, 12.97053397611294656, 8.000000000000000000 ) ) ;
#141 = ADVANCED_FACE ( 'NONE', ( #6724 ), #3564, .T. ) ;
#142 = CARTESIAN_POINT ( 'NONE',  ( 8.636712746112557681, -9.757522586729482583, 8.000000000000000000 ) ) ;
#143 = CARTESIAN_POINT ( 'NONE',  ( 6.231836464888760752, 8.988499347771170989, 0.000000000000000000 ) ) ;
#144 = CARTESIAN_POINT ( 'NONE',  ( -0.7661213205046493169, 11.83751175313650172, 0.000000000000000000 ) ) ;
#145 = CARTESIAN_POINT ( 'NONE',  ( -10.80883218877869822, 2.708699257713678143, 0.000000000000000000 ) ) ;
#146 = VERTEX_POINT ( 'NONE', #6853 ) ;
#147 = B_SPLINE_SURFACE_WITH_KNOTS ( 'NONE', 3, 1, ( 
 ( #1673, #5616 ),
 ( #524, #5448 ),
 ( #2952, #4941 ),
 ( #7440, #2417 ) ),
 .UNSPECIFIED., .F., .F., .F.,
 ( 4, 4 ),
 ( 2, 2 ),
 ( 0.9771174892434422166, 1.000000000000000000 ),
 ( 0.000000000000000000, 1.000000000000000000 ),
 .UNSPECIFIED. ) ;
#148 = CARTESIAN_POINT ( 'NONE',  ( -9.699971161947024356, 6.186699299581424505, 8.000000000000000000 ) ) ;
#149 = LINE ( 'NONE', #1007, #3026 ) ;
#150 = ADVANCED_FACE ( 'NONE', ( #1711 ), #1178, .T. ) ;
#151 = CARTESIAN_POINT ( 'NONE',  ( 11.83751175313649284, 0.7661213205047733288, 8.000000000000000000 ) ) ;
#152 = B_SPLINE_SURFACE_WITH_KNOTS ( 'NONE', 3, 1, ( 
 ( #800, #3269 ),
 ( #7131, #1912 ),
 ( #5810, #714 ),
 ( #5098, #4433 ),
 ( #7632, #1950 ),
 ( #3812, #2650 ),
 ( #2610, #2028 ),
 ( #4551, #6468 ),
 ( #5853, #2690 ),
 ( #5221, #7757 ),
 ( #2068, #4598 ),
 ( #6975, #1293 ),
 ( #7802, #5266 ),
 ( #4641, #5892 ),
 ( #2110, #839 ),
 ( #7175, #6509 ),
 ( #3978, #3354 ),
 ( #2735, #217 ),
 ( #4280, #7527 ),
 ( #1146, #5026 ),
 ( #4906, #6163 ),
 ( #1186, #3046 ),
 ( #5583, #2462 ),
 ( #8018, #1804 ),
 ( #2503, #2337 ),
 ( #568, #3618 ),
 ( #4324, #8102 ),
 ( #6206, #2422 ),
 ( #7565, #4945 ) ),
 .UNSPECIFIED., .F., .F., .F.,
 ( 4, 1, 1, 1, 1, 1, 1, 1, 1, 1, 1, 1, 1, 1, 1, 1, 1, 1, 1, 1, 1, 1, 1, 1, 1, 1, 4 ),
 ( 2, 2 ),
 ( 0.4925683021194531830, 0.5024463643869940821, 0.5250929155847819940, 0.5469717870834428508, 0.5680829788830696891, 0.5884264909837645385, 0.6080023233856429732, 0.6268104760888334459, 0.6448509490934806188, 0.6621237423997496929, 0.6786288560078284071, 0.6943662899179314785, 0.7093360441303072639, 0.7235381186452435331, 0.7369725134630787933, 0.7496392285842117253, 0.7615382640091191702, 0.7726696197383760012, 0.7830332957726851006, 0.7926292921129175495, 0.8014576087601730237, 0.8095182457158636158, 0.8168112029818485054, 0.8233364805606433467, 0.8290940784557681020, 0.8340839966723704313, 1.000000000000000000 ),
 ( 0.000000000000000000, 1.000000000000000000 ),
 .UNSPECIFIED. ) ;
#153 = CARTESIAN_POINT ( 'NONE',  ( 13.42510299664336593, 2.607747690747202363, 0.000000000000000000 ) ) ;
#154 = CARTESIAN_POINT ( 'NONE',  ( 11.01428446989507748, -6.588591420233351315, 8.000000000000000000 ) ) ;
#155 = CARTESIAN_POINT ( 'NONE',  ( 0.7736152328233112385, -11.87194576742586705, 0.000000000000000000 ) ) ;
#156 = EDGE_LOOP ( 'NONE', ( #5160, #4962 ) ) ;
#157 = DIRECTION ( 'NONE',  ( -0.000000000000000000, -0.000000000000000000, -1.000000000000000000 ) ) ;
#158 = ORIENTED_EDGE ( 'NONE', *, *, #7258, .F. ) ;
#159 = CARTESIAN_POINT ( 'NONE',  ( -12.37227591337641996, -0.9420826277741997101, -5.204170427930421283E-15 ) ) ;
#160 = CARTESIAN_POINT ( 'NONE',  ( -13.48734665307395986, -2.584755384919285248, 8.000000000000000000 ) ) ;
#161 = CARTESIAN_POINT ( 'NONE',  ( -6.625183064395818278, -12.04862852623661951, 8.000000000000000000 ) ) ;
#162 = CARTESIAN_POINT ( 'NONE',  ( 13.75035795304525621, 52.02745424195550328, 17.04359809359991118 ) ) ;
#163 = CARTESIAN_POINT ( 'NONE',  ( -4.802973959750227451, 33.45837506269001693, 14.14631555760632509 ) ) ;
#164 = CARTESIAN_POINT ( 'NONE',  ( 6.622827502596161153, 8.704427730807806185, 8.000000000000000000 ) ) ;
#165 = CARTESIAN_POINT ( 'NONE',  ( -3.177189042419317655, 54.29751361031517831, -13.61616680320316242 ) ) ;
#166 = CARTESIAN_POINT ( 'NONE',  ( 13.87560664044308290, 33.99038411083095212, -13.28480874432707992 ) ) ;
#167 = ADVANCED_FACE ( 'NONE', ( #5613 ), #6501, .T. ) ;
#168 = EDGE_CURVE ( 'NONE', #4341, #3754, #3887, .T. ) ;
#169 = CARTESIAN_POINT ( 'NONE',  ( 6.521356963488305070, 29.77887689907043622, -18.69378740028920660 ) ) ;
#170 = DIRECTION ( 'NONE',  ( 0.000000000000000000, -0.000000000000000000, -1.000000000000000000 ) ) ;
#171 = CARTESIAN_POINT ( 'NONE',  ( 0.2416457505997640642, 10.93483029503508597, 8.000000000000000000 ) ) ;
#172 = CARTESIAN_POINT ( 'NONE',  ( 12.04862852623664260, -6.625183064395767651, 0.000000000000000000 ) ) ;
#173 = CARTESIAN_POINT ( 'NONE',  ( -12.13967088095517433, -2.919073574173140173, 0.000000000000000000 ) ) ;
#174 = CARTESIAN_POINT ( 'NONE',  ( 12.74047033343668822, 35.44021869772264210, -13.54913292669699665 ) ) ;
#175 = CARTESIAN_POINT ( 'NONE',  ( -13.37787302532245981, 1.521639563755368352, 8.000000000000000000 ) ) ;
#176 = DIRECTION ( 'NONE',  ( -0.000000000000000000, 0.000000000000000000, -1.000000000000000000 ) ) ;
#177 = EDGE_CURVE ( 'NONE', #7681, #3915, #4657, .T. ) ;
#178 = VERTEX_POINT ( 'NONE', #5975 ) ;
#179 = ORIENTED_EDGE ( 'NONE', *, *, #8177, .T. ) ;
#180 = CARTESIAN_POINT ( 'NONE',  ( -6.622827502596226878, -8.704427730807756447, 8.000000000000000000 ) ) ;
#181 = CARTESIAN_POINT ( 'NONE',  ( -5.853360337646336120, -12.44189184801366288, 8.000000000000000000 ) ) ;
#182 = CARTESIAN_POINT ( 'NONE',  ( 9.969200282348042563, -9.221936103763963999, -5.204170427930421283E-15 ) ) ;
#183 = CARTESIAN_POINT ( 'NONE',  ( -1.143751547996471052, 12.78342018721907003, 8.000000000000000000 ) ) ;
#184 = DIRECTION ( 'NONE',  ( -0.000000000000000000, 0.000000000000000000, 1.000000000000000000 ) ) ;
#185 = CARTESIAN_POINT ( 'NONE',  ( -2.686824890852640646, -13.19332579941580263, 0.000000000000000000 ) ) ;
#186 = CARTESIAN_POINT ( 'NONE',  ( 23.34520969411062907, 48.90989792884876408, 7.469851245596850653 ) ) ;
#187 = CARTESIAN_POINT ( 'NONE',  ( -0.8412873393390029042, 12.10906341627276639, 0.000000000000000000 ) ) ;
#188 = CARTESIAN_POINT ( 'NONE',  ( -0.8857088747961671116, -12.23289380645680424, 8.000000000000000000 ) ) ;
#189 = VERTEX_POINT ( 'NONE', #7252 ) ;
#190 = CARTESIAN_POINT ( 'NONE',  ( 12.44189184801367709, -5.853360337646297928, 0.000000000000000000 ) ) ;
#191 = CARTESIAN_POINT ( 'NONE',  ( -2.607747690747059810, 13.42510299664339790, 8.000000000000000000 ) ) ;
#192 = CARTESIAN_POINT ( 'NONE',  ( 0.000000000000000000, 0.000000000000000000, 8.000000000000000000 ) ) ;
#193 = CARTESIAN_POINT ( 'NONE',  ( -6.338109664291232015, 10.02706299306006876, 0.000000000000000000 ) ) ;
#194 = EDGE_CURVE ( 'NONE', #1859, #5867, #5963, .T. ) ;
#195 = CARTESIAN_POINT ( 'NONE',  ( 10.35164078446988967, -6.455308898419679586, 8.000000000000000000 ) ) ;
#196 = CARTESIAN_POINT ( 'NONE',  ( 1.143751547996471052, -12.78342018721907003, 0.000000000000000000 ) ) ;
#197 = ORIENTED_EDGE ( 'NONE', *, *, #7583, .F. ) ;
#198 = CARTESIAN_POINT ( 'NONE',  ( -11.08591166683803841, 4.425208852857752895, 8.000000000000000000 ) ) ;
#199 = EDGE_CURVE ( 'NONE', #4525, #2134, #1488, .T. ) ;
#200 = EDGE_LOOP ( 'NONE', ( #6534, #3784, #1861, #7729, #372, #4654 ) ) ;
#201 = DIRECTION ( 'NONE',  ( 0.6546641047351258180, -0.2127132620451255840, -0.7253743710122919630 ) ) ;
#202 = CARTESIAN_POINT ( 'NONE',  ( -12.22597347346767549, -2.908682420983950134, 8.000000000000000000 ) ) ;
#203 = CARTESIAN_POINT ( 'NONE',  ( 0.7736152328233112385, -11.87194576742586705, 8.000000000000000000 ) ) ;
#204 = CARTESIAN_POINT ( 'NONE',  ( -4.542018187747140168, -11.25643158326926141, 8.000000000000000000 ) ) ;
#205 = CARTESIAN_POINT ( 'NONE',  ( -12.13967088095517433, -2.919073574173140173, 0.000000000000000000 ) ) ;
#206 = CARTESIAN_POINT ( 'NONE',  ( -10.01877448793495873, 9.392211555323809691, 8.000000000000000000 ) ) ;
#207 = CARTESIAN_POINT ( 'NONE',  ( 6.622827502596161153, 8.704427730807806185, 0.000000000000000000 ) ) ;
#208 = CARTESIAN_POINT ( 'NONE',  ( 13.87902909598010304, 33.97641218750951708, -13.28426016496259798 ) ) ;
#209 = AXIS2_PLACEMENT_3D ( 'NONE', #4521, #7766, #7058 ) ;
#210 = CARTESIAN_POINT ( 'NONE',  ( 12.00148937107103819, -0.8074739252555025448, -5.204170427930421283E-15 ) ) ;
#211 = CARTESIAN_POINT ( 'NONE',  ( -10.02706299306008830, 6.338109664291194711, 8.000000000000000000 ) ) ;
#212 = AXIS2_PLACEMENT_3D ( 'NONE', #6462, #5261, #3225 ) ;
#213 = DIRECTION ( 'NONE',  ( -1.000000000000000000, 0.000000000000000000, 0.000000000000000000 ) ) ;
#214 = DIRECTION ( 'NONE',  ( -0.3090169943749481174, -0.9510565162951533091, 0.000000000000000000 ) ) ;
#215 = CARTESIAN_POINT ( 'NONE',  ( -10.80883218877889895, -2.708699257713867770, 0.000000000000000000 ) ) ;
#216 = CARTESIAN_POINT ( 'NONE',  ( 13.16318380820139744, 35.10172615313431521, -12.57688580198730399 ) ) ;
#217 = CARTESIAN_POINT ( 'NONE',  ( -11.36047427339662441, -4.622531273494584703, 0.000000000000000000 ) ) ;
#218 = CARTESIAN_POINT ( 'NONE',  ( -7.906868104074071368, 9.376012365377837554, 0.000000000000000000 ) ) ;
#219 = ORIENTED_EDGE ( 'NONE', *, *, #1741, .F. ) ;
#220 = VERTEX_POINT ( 'NONE', #4638 ) ;
#221 = CARTESIAN_POINT ( 'NONE',  ( 6.625183064395991472, -12.04862852623652536, 8.000000000000000000 ) ) ;
#222 = CARTESIAN_POINT ( 'NONE',  ( 10.01877448793482372, 9.392211555323958905, 0.000000000000000000 ) ) ;
#223 = CARTESIAN_POINT ( 'NONE',  ( 10.02415449855997132, -9.411632514553458506, -5.204170427930421283E-15 ) ) ;
#224 = LINE ( 'NONE', #2744, #3158 ) ;
#225 = CARTESIAN_POINT ( 'NONE',  ( 12.39393210983946325, -5.781365353077968727, 0.000000000000000000 ) ) ;
#226 = CARTESIAN_POINT ( 'NONE',  ( -10.32496896312096979, 3.608867157514772384, 8.000000000000000000 ) ) ;
#227 = CARTESIAN_POINT ( 'NONE',  ( -12.60876818853259529, 1.051893166807116975, 0.000000000000000000 ) ) ;
#228 = FACE_OUTER_BOUND ( 'NONE', #3981, .T. ) ;
#229 = CARTESIAN_POINT ( 'NONE',  ( -10.05932550694757133, -6.352286767647629340, 0.000000000000000000 ) ) ;
#230 = ORIENTED_EDGE ( 'NONE', *, *, #5921, .T. ) ;
#231 = CARTESIAN_POINT ( 'NONE',  ( -9.149886257342867424, -7.604022508570406735, 8.000000000000000000 ) ) ;
#232 = VECTOR ( 'NONE', #3444, 1000.000000000000000 ) ;
#233 = CARTESIAN_POINT ( 'NONE',  ( -2.895913797652506005, 12.31670401296925554, 8.000000000000000000 ) ) ;
#234 = CARTESIAN_POINT ( 'NONE',  ( -2.686824890852640646, -13.19332579941580263, 8.000000000000000000 ) ) ;
#235 = CARTESIAN_POINT ( 'NONE',  ( 0.000000000000000000, 0.000000000000000000, 8.000000000000000000 ) ) ;
#236 = AXIS2_PLACEMENT_3D ( 'NONE', #2258, #7317, #6082 ) ;
#237 = CARTESIAN_POINT ( 'NONE',  ( 10.09620455160493435, -6.367618434587465792, 0.000000000000000000 ) ) ;
#238 = DIRECTION ( 'NONE',  ( -0.7557820683608847956, -0.2025111948712226828, -0.6227219934256157385 ) ) ;
#239 = EDGE_CURVE ( 'NONE', #6608, #2228, #5347, .T. ) ;
#240 = EDGE_LOOP ( 'NONE', ( #3398, #4123, #3357, #1297 ) ) ;
#241 = CARTESIAN_POINT ( 'NONE',  ( 9.621871361606711304, 37.02148790124943645, -11.24860397213440422 ) ) ;
#242 = EDGE_LOOP ( 'NONE', ( #7248, #6095, #6020, #3210 ) ) ;
#243 = VECTOR ( 'NONE', #4009, 1000.000000000000000 ) ;
#244 = CARTESIAN_POINT ( 'NONE',  ( 9.928529331195759866, 9.094348737717362852, 8.000000000000000000 ) ) ;
#245 = CARTESIAN_POINT ( 'NONE',  ( -13.50622083004038387, -2.577692551524178199, 8.000000000000000000 ) ) ;
#246 = CARTESIAN_POINT ( 'NONE',  ( 5.379567626064898356, -12.09884006967981307, 0.000000000000000000 ) ) ;
#247 = CARTESIAN_POINT ( 'NONE',  ( -4.507497455256024743, -11.20891349420035255, 8.000000000000000000 ) ) ;
#248 = DIRECTION ( 'NONE',  ( 0.000000000000000000, 0.000000000000000000, -1.000000000000000000 ) ) ;
#249 = CARTESIAN_POINT ( 'NONE',  ( 10.13775510802974722, -6.383929952666072438, 8.000000000000000000 ) ) ;
#250 = DIRECTION ( 'NONE',  ( 0.7605637668489723113, 0.000000000000000000, -0.6492632413409078485 ) ) ;
#251 = ADVANCED_FACE ( 'NONE', ( #7172 ), #5388, .T. ) ;
#252 = CARTESIAN_POINT ( 'NONE',  ( 0.000000000000000000, 0.000000000000000000, 8.000000000000000000 ) ) ;
#253 = ORIENTED_EDGE ( 'NONE', *, *, #6420, .F. ) ;
#254 = CARTESIAN_POINT ( 'NONE',  ( 12.23289380645681312, -0.8857088747960388808, -5.204170427930421283E-15 ) ) ;
#255 = PRODUCT_DEFINITION_FORMATION_WITH_SPECIFIED_SOURCE ( 'ä»', '', #4567, .NOT_KNOWN. ) ;
#256 = CARTESIAN_POINT ( 'NONE',  ( -4.622531273494543846, 11.36047427339663862, 8.000000000000000000 ) ) ;
#257 = DIRECTION ( 'NONE',  ( -0.000000000000000000, -0.000000000000000000, -1.000000000000000000 ) ) ;
#258 = CARTESIAN_POINT ( 'NONE',  ( -2.941792002709039178, 11.71764203423212081, 0.000000000000000000 ) ) ;
#259 = CARTESIAN_POINT ( 'NONE',  ( -7.798144649837128739, -9.301941798724829624, 0.000000000000000000 ) ) ;
#260 = CARTESIAN_POINT ( 'NONE',  ( -0.7736152328233112385, 11.87194576742586705, 0.000000000000000000 ) ) ;
#261 = CARTESIAN_POINT ( 'NONE',  ( -8.181339682155977400, 9.539420412438916586, 8.000000000000000000 ) ) ;
#262 = EDGE_LOOP ( 'NONE', ( #2344, #4044, #3097, #5248 ) ) ;
#263 = ORIENTED_EDGE ( 'NONE', *, *, #8177, .F. ) ;
#264 = B_SPLINE_CURVE_WITH_KNOTS ( 'NONE', 3,
 ( #8106, #2427, #7488, #1808, #4328, #8143, #2466, #7105 ),
 .UNSPECIFIED., .F., .F.,
 ( 4, 2, 2, 4 ),
 ( 1.589900327696125378E-17, 0.0005672568228880122115, 0.001134513645776008377, 0.002269027291551983360 ),
 .UNSPECIFIED. ) ;
#265 = CARTESIAN_POINT ( 'NONE',  ( 6.473761040516524901, -10.41722559423728356, 0.000000000000000000 ) ) ;
#266 = CARTESIAN_POINT ( 'NONE',  ( -1.003961454177689561, 32.22400107339437625, -10.35565938257814977 ) ) ;
#267 = CARTESIAN_POINT ( 'NONE',  ( 10.18403012388265516, 6.401038329814094929, 8.000000000000000000 ) ) ;
#268 = CARTESIAN_POINT ( 'NONE',  ( -3.608867157514732860, -10.32496896312098045, 0.000000000000000000 ) ) ;
#269 = CARTESIAN_POINT ( 'NONE',  ( 2.933454507433649994, -11.98057174878960751, 8.000000000000000000 ) ) ;
#270 = LINE ( 'NONE', #3898, #2708 ) ;
#271 = DIRECTION ( 'NONE',  ( 1.000000000000000000, 0.000000000000000000, 0.000000000000000000 ) ) ;
#272 = CARTESIAN_POINT ( 'NONE',  ( 17.03468935778640869, 46.25467975983527680, 7.670174406971815628 ) ) ;
#273 = ORIENTED_EDGE ( 'NONE', *, *, #2342, .F. ) ;
#274 = APPROVAL_PERSON_ORGANIZATION ( #6898, #1021, #2996 ) ;
#275 = AXIS2_PLACEMENT_3D ( 'NONE', #7362, #7285, #8028 ) ;
#276 = CARTESIAN_POINT ( 'NONE',  ( -9.582420452220571150, -8.262247439007857963, 8.000000000000000000 ) ) ;
#277 = AXIS2_PLACEMENT_3D ( 'NONE', #6458, #5301, #250 ) ;
#278 = EDGE_CURVE ( 'NONE', #7292, #2750, #5889, .T. ) ;
#279 = CARTESIAN_POINT ( 'NONE',  ( -2.929367628693686054, -11.49488719732986830, 8.000000000000000000 ) ) ;
#280 = CARTESIAN_POINT ( 'NONE',  ( -6.418760976341363111, 10.23507608951704917, 0.000000000000000000 ) ) ;
#281 = CARTESIAN_POINT ( 'NONE',  ( 8.988499347771153225, -6.231836464888791838, 8.000000000000000000 ) ) ;
#282 = CARTESIAN_POINT ( 'NONE',  ( -9.539420412438884611, -8.181339682156007598, 8.000000000000000000 ) ) ;
#283 = VERTEX_POINT ( 'NONE', #4762 ) ;
#284 = CARTESIAN_POINT ( 'NONE',  ( 0.000000000000000000, 0.000000000000000000, 8.000000000000000000 ) ) ;
#285 = ORIENTED_EDGE ( 'NONE', *, *, #6873, .F. ) ;
#286 = CARTESIAN_POINT ( 'NONE',  ( -10.48771353560521113, -6.492081297254504335, 8.000000000000000000 ) ) ;
#287 = CARTESIAN_POINT ( 'NONE',  ( 7.707558585906747695, 9.234787594130889232, -5.204170427930421283E-15 ) ) ;
#288 = CARTESIAN_POINT ( 'NONE',  ( 4.773939382173077561, -11.53698844606701357, 0.000000000000000000 ) ) ;
#289 = CARTESIAN_POINT ( 'NONE',  ( -4.965029436117420758, -11.73452356626243720, 8.000000000000000000 ) ) ;
#290 = CARTESIAN_POINT ( 'NONE',  ( -12.95019774290648584, -2.759358130927394903, 0.000000000000000000 ) ) ;
#291 = CARTESIAN_POINT ( 'NONE',  ( 9.392211555323701333, 10.01877448793506176, 8.000000000000000000 ) ) ;
#292 = DIRECTION ( 'NONE',  ( -0.000000000000000000, 0.000000000000000000, 1.000000000000000000 ) ) ;
#293 = CARTESIAN_POINT ( 'NONE',  ( 12.31670401296922179, 2.895913797652636124, -5.204170427930421283E-15 ) ) ;
#294 = ORIENTED_EDGE ( 'NONE', *, *, #1986, .F. ) ;
#295 = LINE ( 'NONE', #3469, #2504 ) ;
#296 = CARTESIAN_POINT ( 'NONE',  ( 11.41882079916532966, 35.43242669106265907, 17.74998554533673456 ) ) ;
#297 = CARTESIAN_POINT ( 'NONE',  ( 3.608867157514880297, -10.32496896312093071, 8.000000000000000000 ) ) ;
#298 = CARTESIAN_POINT ( 'NONE',  ( -13.42510299664338724, -2.607747690747107772, 0.000000000000000000 ) ) ;
#299 = DIRECTION ( 'NONE',  ( -0.000000000000000000, -0.000000000000000000, -1.000000000000000000 ) ) ;
#300 = CARTESIAN_POINT ( 'NONE',  ( -11.85123473191540455, 6.631537913675494167, 0.000000000000000000 ) ) ;
#301 = EDGE_CURVE ( 'NONE', #1559, #6136, #6043, .T. ) ;
#302 = ADVANCED_FACE ( 'NONE', ( #6633 ), #3974, .F. ) ;
#303 = ORIENTED_EDGE ( 'NONE', *, *, #5437, .F. ) ;
#304 = ORIENTED_EDGE ( 'NONE', *, *, #1662, .F. ) ;
#305 = CARTESIAN_POINT ( 'NONE',  ( 6.631537913675626505, -11.85123473191533172, 8.000000000000000000 ) ) ;
#306 = CARTESIAN_POINT ( 'NONE',  ( 12.04862852623664260, -6.625183064395767651, 0.000000000000000000 ) ) ;
#307 = CARTESIAN_POINT ( 'NONE',  ( 10.29093438073238609, 6.436913140481833828, 0.000000000000000000 ) ) ;
#308 = CARTESIAN_POINT ( 'NONE',  ( 6.630420918280206521, -11.58812316373717977, 8.000000000000000000 ) ) ;
#309 = CARTESIAN_POINT ( 'NONE',  ( 2.933454507433649994, -11.98057174878960751, 0.000000000000000000 ) ) ;
#310 = DIRECTION ( 'NONE',  ( -0.000000000000000000, -0.000000000000000000, -1.000000000000000000 ) ) ;
#311 = CARTESIAN_POINT ( 'NONE',  ( 13.87902909598009948, 33.97641218750953129, 21.28426016496259976 ) ) ;
#312 = CARTESIAN_POINT ( 'NONE',  ( 6.679290485785641884, 43.68375144190005699, 18.26054936661342865 ) ) ;
#313 = ORIENTED_EDGE ( 'NONE', *, *, #1407, .T. ) ;
#314 = CARTESIAN_POINT ( 'NONE',  ( -9.582420452220629770, 8.262247439007792238, 0.000000000000000000 ) ) ;
#315 = DIRECTION ( 'NONE',  ( 0.000000000000000000, 0.000000000000000000, -1.000000000000000000 ) ) ;
#316 = PERSON ( 'æœª', 'æœª', 'æœª', ('æœª'), ('æœª'), ('æœª') ) ;
#317 = CARTESIAN_POINT ( 'NONE',  ( -12.33100786788146586, -5.689930116769362556, 0.000000000000000000 ) ) ;
#318 = CARTESIAN_POINT ( 'NONE',  ( -7.668835209822958632, -9.204216794247617628, 0.000000000000000000 ) ) ;
#319 = CARTESIAN_POINT ( 'NONE',  ( 4.507497455256186392, -11.20891349420028860, 0.000000000000000000 ) ) ;
#320 = ORIENTED_EDGE ( 'NONE', *, *, #6527, .F. ) ;
#321 = CARTESIAN_POINT ( 'NONE',  ( 0.000000000000000000, 0.000000000000000000, 0.000000000000000000 ) ) ;
#322 = ORIENTED_EDGE ( 'NONE', *, *, #5245, .T. ) ;
#323 = CARTESIAN_POINT ( 'NONE',  ( -8.988499347771103487, 6.231836464888859339, 0.000000000000000000 ) ) ;
#324 = EDGE_CURVE ( 'NONE', #7352, #2583, #3510, .T. ) ;
#325 = VECTOR ( 'NONE', #3693, 1000.000000000000000 ) ;
#326 = CARTESIAN_POINT ( 'NONE',  ( -11.61432090236920089, -2.938739567862419300, 8.000000000000000000 ) ) ;
#327 = CARTESIAN_POINT ( 'NONE',  ( 4.833073392807741619, -11.60070094346932734, 0.000000000000000000 ) ) ;
#328 = CARTESIAN_POINT ( 'NONE',  ( 6.231836464888760752, 8.988499347771170989, 8.000000000000000000 ) ) ;
#329 = FACE_OUTER_BOUND ( 'NONE', #680, .T. ) ;
#330 = CARTESIAN_POINT ( 'NONE',  ( -11.05183112916331645, 4.404384806714092271, 0.000000000000000000 ) ) ;
#331 = ORIENTED_EDGE ( 'NONE', *, *, #4458, .F. ) ;
#332 = CARTESIAN_POINT ( 'NONE',  ( 7.577720000373771470, -9.126433365741073445, 0.000000000000000000 ) ) ;
#333 = VERTEX_POINT ( 'NONE', #3027 ) ;
#334 = CARTESIAN_POINT ( 'NONE',  ( 12.16898868378442522, -0.8620871873791016160, -5.204170427930421283E-15 ) ) ;
#335 = ADVANCED_FACE ( 'NONE', ( #7374 ), #5772, .T. ) ;
#336 = CARTESIAN_POINT ( 'NONE',  ( -7.968244849358815607, -9.415217936709971980, 8.000000000000000000 ) ) ;
#337 = FACE_OUTER_BOUND ( 'NONE', #5259, .T. ) ;
#338 = CARTESIAN_POINT ( 'NONE',  ( 2.853169548885460927, -0.9270509831248447963, 0.000000000000000000 ) ) ;
#339 = CARTESIAN_POINT ( 'NONE',  ( 7.717954754909778892, 33.46162622234856343, -18.69378740028920660 ) ) ;
#340 = CARTESIAN_POINT ( 'NONE',  ( -12.43077374740200369, 5.836552422531278594, 8.000000000000000000 ) ) ;
#341 = CARTESIAN_POINT ( 'NONE',  ( -6.383929952666185237, 10.13775510802967972, 8.000000000000000000 ) ) ;
#342 = LINE ( 'NONE', #7925, #4826 ) ;
#343 = APPLICATION_CONTEXT ( 'configuration controlled 3d designs of mechanical parts and assemblies' ) ;
#344 = ORIENTED_EDGE ( 'NONE', *, *, #19, .F. ) ;
#345 = EDGE_LOOP ( 'NONE', ( #1435, #6340, #3408, #2942, #804 ) ) ;
#346 = VECTOR ( 'NONE', #2123, 999.9999999999998863 ) ;
#347 = CARTESIAN_POINT ( 'NONE',  ( 12.78342018721905760, 1.143751547996604945, 8.000000000000000000 ) ) ;
#348 = CARTESIAN_POINT ( 'NONE',  ( -9.415217936709943558, 7.968244849358848469, 8.000000000000000000 ) ) ;
#349 = CARTESIAN_POINT ( 'NONE',  ( 11.58812316373715845, 6.630420918280245601, 8.000000000000000000 ) ) ;
#350 = CARTESIAN_POINT ( 'NONE',  ( 6.679290485785641884, 43.68375144190005699, -10.26054936661342865 ) ) ;
#351 = CARTESIAN_POINT ( 'NONE',  ( -0.7736152328233113495, -11.87194576742586527, 0.000000000000000000 ) ) ;
#352 = CARTESIAN_POINT ( 'NONE',  ( 11.41672744483946822, 4.668788839230981758, 8.000000000000000000 ) ) ;
#353 = CARTESIAN_POINT ( 'NONE',  ( -11.91079326901029489, 0.7828886122849056939, 0.000000000000000000 ) ) ;
#354 = CARTESIAN_POINT ( 'NONE',  ( -5.115945187291654150, 11.87581303661961485, 8.000000000000000000 ) ) ;
#355 = ORIENTED_EDGE ( 'NONE', *, *, #682, .T. ) ;
#356 = EDGE_CURVE ( 'NONE', #4824, #3605, #3908, .T. ) ;
#357 = CARTESIAN_POINT ( 'NONE',  ( 0.000000000000000000, 0.000000000000000000, 0.000000000000000000 ) ) ;
#358 = DIRECTION ( 'NONE',  ( -0.000000000000000000, -0.000000000000000000, -1.000000000000000000 ) ) ;
#359 = CARTESIAN_POINT ( 'NONE',  ( -11.41672744483950375, -4.668788839230902710, 0.000000000000000000 ) ) ;
#360 = LINE ( 'NONE', #900, #6068 ) ;
#361 = CARTESIAN_POINT ( 'NONE',  ( 4.386616976971037474, -11.02139818175199082, 0.000000000000000000 ) ) ;
#362 = ORIENTED_EDGE ( 'NONE', *, *, #6804, .F. ) ;
#363 = CARTESIAN_POINT ( 'NONE',  ( -11.66659828334868187, 4.896733499129055645, 8.000000000000000000 ) ) ;
#364 = ORIENTED_EDGE ( 'NONE', *, *, #3577, .F. ) ;
#365 = B_SPLINE_CURVE_WITH_KNOTS ( 'NONE', 3,
 ( #6483, #1966, #4489, #1344, #5152, #2666, #816, #5236, #2585, #2705, #26, #5196, #2547, #5783, #3865, #63, #7730, #5111, #3243, #3328, #2045, #6440, #6401, #7148, #104, #3905, #148, #4526, #3950 ),
 .UNSPECIFIED., .F., .F.,
 ( 4, 1, 1, 1, 1, 1, 1, 1, 1, 1, 1, 1, 1, 1, 1, 1, 1, 1, 1, 1, 1, 1, 1, 1, 1, 1, 4 ),
 ( 0.4925683021330541922, 0.5024463643869940821, 0.5250929155847819940, 0.5469717870834428508, 0.5680829788830696891, 0.5884264909837645385, 0.6080023233856429732, 0.6268104760888334459, 0.6448509490934806188, 0.6621237423997496929, 0.6786288560078284071, 0.6943662899179314785, 0.7093360441303072639, 0.7235381186452435331, 0.7369725134630787933, 0.7496392285842117253, 0.7615382640091191702, 0.7726696197383760012, 0.7830332957726851006, 0.7926292921129175495, 0.8014576087601730237, 0.8095182457158636158, 0.8168112029818485054, 0.8233364805606433467, 0.8290940784557681020, 0.8340839966723704313, 1.000000000000000000 ),
 .UNSPECIFIED. ) ;
#366 = CARTESIAN_POINT ( 'NONE',  ( 9.669723885496884108, 8.439220299577170792, 8.000000000000000000 ) ) ;
#367 = DIRECTION ( 'NONE',  ( 0.7605637668489722003, 0.000000000000000000, 0.6492632413409081815 ) ) ;
#368 = DIRECTION ( 'NONE',  ( -0.000000000000000000, -0.000000000000000000, -1.000000000000000000 ) ) ;
#369 = CARTESIAN_POINT ( 'NONE',  ( -4.476617511824047213, 11.16457150618548866, 0.000000000000000000 ) ) ;
#370 = CARTESIAN_POINT ( 'NONE',  ( 13.83857192196067665, 32.88254104973462688, 20.99999999999999645 ) ) ;
#371 = CARTESIAN_POINT ( 'NONE',  ( -10.93483029503508597, -0.2416457505998009236, 8.000000000000000000 ) ) ;
#372 = ORIENTED_EDGE ( 'NONE', *, *, #3689, .F. ) ;
#373 = CARTESIAN_POINT ( 'NONE',  ( 13.48734665307393854, 2.584755384919379395, 8.000000000000000000 ) ) ;
#374 = ORIENTED_EDGE ( 'NONE', *, *, #3425, .F. ) ;
#375 = AXIS2_PLACEMENT_3D ( 'NONE', #4563, #3324, #2701 ) ;
#376 = AXIS2_PLACEMENT_3D ( 'NONE', #7412, #6788, #6996 ) ;
#377 = B_SPLINE_CURVE_WITH_KNOTS ( 'NONE', 3,
 ( #5924, #1564, #2223, #6620 ),
 .UNSPECIFIED., .F., .F.,
 ( 4, 4 ),
 ( 7.152448122690996019E-18, 8.165005101502090831E-05 ),
 .UNSPECIFIED. ) ;
#378 = CARTESIAN_POINT ( 'NONE',  ( 12.87548337994387282, -1.195724957047402448, 8.000000000000000000 ) ) ;
#379 = CARTESIAN_POINT ( 'NONE',  ( -4.425208852857792863, 11.08591166683802065, 8.000000000000000000 ) ) ;
#380 = CARTESIAN_POINT ( 'NONE',  ( -2.933454507433478131, -11.98057174878965192, 0.000000000000000000 ) ) ;
#381 = CARTESIAN_POINT ( 'NONE',  ( -12.97053397611294123, -1.251919511749418623, 0.000000000000000000 ) ) ;
#382 = CARTESIAN_POINT ( 'NONE',  ( -7.152395453489296173, -8.544655887209740897, 0.000000000000000000 ) ) ;
#383 = CARTESIAN_POINT ( 'NONE',  ( -0.9751606640715428931, -12.44755643926125899, 0.000000000000000000 ) ) ;
#384 = CARTESIAN_POINT ( 'NONE',  ( -6.367618434587577703, 10.09620455160486507, 0.000000000000000000 ) ) ;
#385 = DIRECTION ( 'NONE',  ( -0.6396556736767859963, -0.1713952211956810967, 0.7493092133988348280 ) ) ;
#386 = AXIS2_PLACEMENT_3D ( 'NONE', #5523, #7339, #8044 ) ;
#387 = CARTESIAN_POINT ( 'NONE',  ( -12.02849558169539890, -6.626067776682399213, 0.000000000000000000 ) ) ;
#388 = CARTESIAN_POINT ( 'NONE',  ( -10.93483029503508597, 0.2416457505997252342, 8.000000000000000000 ) ) ;
#389 = CARTESIAN_POINT ( 'NONE',  ( 11.66659828334860904, 4.896733499129219069, 8.000000000000000000 ) ) ;
#390 = ORIENTED_EDGE ( 'NONE', *, *, #4697, .T. ) ;
#391 = CARTESIAN_POINT ( 'NONE',  ( 13.87564957880130478, 33.99021662203261229, -13.28480543190227969 ) ) ;
#392 = CARTESIAN_POINT ( 'NONE',  ( 12.04862852623650404, 6.625183064396031440, 0.000000000000000000 ) ) ;
#393 = CARTESIAN_POINT ( 'NONE',  ( -3.177189042419317655, 54.29751361031517831, 21.61616680320316419 ) ) ;
#394 = CARTESIAN_POINT ( 'NONE',  ( -0.7941151212463513076, -11.95399604505280600, 8.000000000000000000 ) ) ;
#395 = CARTESIAN_POINT ( 'NONE',  ( 12.09884006967979531, 5.379567626064940988, 8.000000000000000000 ) ) ;
#396 = CARTESIAN_POINT ( 'NONE',  ( -12.05320353502386155, 0.8231400688185195325, 0.000000000000000000 ) ) ;
#397 = CARTESIAN_POINT ( 'NONE',  ( -4.719217338362222236, 11.47561408673059624, 8.000000000000000000 ) ) ;
#398 = CIRCLE ( 'NONE', #5015, 10.93750000000000000 ) ;
#399 = ORIENTED_EDGE ( 'NONE', *, *, #5599, .T. ) ;
#400 = CARTESIAN_POINT ( 'NONE',  ( -11.61432090236922221, 2.938739567862336255, 0.000000000000000000 ) ) ;
#401 = EDGE_CURVE ( 'NONE', #2052, #6325, #1041, .T. ) ;
#402 = CARTESIAN_POINT ( 'NONE',  ( -12.44189184801359715, -5.853360337646471123, 0.000000000000000000 ) ) ;
#403 = LINE ( 'NONE', #1595, #5397 ) ;
#404 = AXIS2_PLACEMENT_3D ( 'NONE', #3715, #5634, #4336 ) ;
#405 = CARTESIAN_POINT ( 'NONE',  ( -9.539420412438884611, -8.181339682156007598, 0.000000000000000000 ) ) ;
#406 = ADVANCED_FACE ( 'NONE', ( #1656 ), #6185, .T. ) ;
#407 = VERTEX_POINT ( 'NONE', #2936 ) ;
#408 = CARTESIAN_POINT ( 'NONE',  ( 9.204216794247651379, -7.668835209822921328, 8.000000000000000000 ) ) ;
#409 = CARTESIAN_POINT ( 'NONE',  ( -3.608867157514807911, 10.32496896312095913, 0.000000000000000000 ) ) ;
#410 = CARTESIAN_POINT ( 'NONE',  ( 9.328340841197540811, 10.00078975079098420, -5.204170427930421283E-15 ) ) ;
#411 = CARTESIAN_POINT ( 'NONE',  ( -10.02415449855990204, 9.411632514553531337, 0.000000000000000000 ) ) ;
#412 = CARTESIAN_POINT ( 'NONE',  ( -8.988499347771060854, -6.231836464888920624, 8.000000000000000000 ) ) ;
#413 = CARTESIAN_POINT ( 'NONE',  ( 8.743249532614738584, 9.801135538539602621, 8.000000000000000000 ) ) ;
#414 = DIRECTION ( 'NONE',  ( -1.000000000000000000, 0.000000000000000000, 0.000000000000000000 ) ) ;
#415 = ORIENTED_EDGE ( 'NONE', *, *, #5044, .F. ) ;
#416 = CARTESIAN_POINT ( 'NONE',  ( 12.51119373526724132, 2.862521721341894754, 8.000000000000000000 ) ) ;
#417 = ORIENTED_EDGE ( 'NONE', *, *, #7256, .T. ) ;
#418 = CARTESIAN_POINT ( 'NONE',  ( -9.234787594130748900, -7.707558585906912008, 0.000000000000000000 ) ) ;
#419 = LINE ( 'NONE', #6709, #1531 ) ;
#420 = CARTESIAN_POINT ( 'NONE',  ( -2.790132082466536989, -12.83440038321942289, 0.000000000000000000 ) ) ;
#421 = CARTESIAN_POINT ( 'NONE',  ( -12.87548337994385683, -1.195724957047582082, 0.000000000000000000 ) ) ;
#422 = LINE ( 'NONE', #3512, #2219 ) ;
#423 = CARTESIAN_POINT ( 'NONE',  ( -0.8231400688185616099, -12.05320353502385800, 0.000000000000000000 ) ) ;
#424 = CARTESIAN_POINT ( 'NONE',  ( -6.619621129381195956, 11.34404188716887596, 8.000000000000000000 ) ) ;
#425 = CARTESIAN_POINT ( 'NONE',  ( -11.96219333340844670, 6.628700411335435305, 0.000000000000000000 ) ) ;
#426 = EDGE_CURVE ( 'NONE', #7969, #3176, #2032, .T. ) ;
#427 = CARTESIAN_POINT ( 'NONE',  ( -10.64346975476062340, -6.527568552596192397, 0.000000000000000000 ) ) ;
#428 = EDGE_LOOP ( 'NONE', ( #4943, #1079, #7187, #6411, #3432, #5414, #7543, #1643, #1515, #1652 ) ) ;
#429 = CARTESIAN_POINT ( 'NONE',  ( 11.30699639290202363, 4.580317944817513975, 8.000000000000000000 ) ) ;
#430 = VERTEX_POINT ( 'NONE', #4462 ) ;
#431 = CARTESIAN_POINT ( 'NONE',  ( 11.20891349420027261, 4.507497455256226360, 0.000000000000000000 ) ) ;
#432 = CYLINDRICAL_SURFACE ( 'NONE', #5114, 10.93750000000000178 ) ;
#433 = CARTESIAN_POINT ( 'NONE',  ( 10.02415449858199104, 9.411632514633907931, 0.000000000000000000 ) ) ;
#434 = EDGE_CURVE ( 'NONE', #1051, #5561, #7281, .T. ) ;
#435 = CARTESIAN_POINT ( 'NONE',  ( -0.8074739252556281111, -12.00148937107102931, 8.000000000000000000 ) ) ;
#436 = CARTESIAN_POINT ( 'NONE',  ( 11.47561408673054473, 4.719217338362343028, 8.000000000000000000 ) ) ;
#437 =( NAMED_UNIT ( * ) SI_UNIT ( $, .STERADIAN. ) SOLID_ANGLE_UNIT ( ) );
#438 = CARTESIAN_POINT ( 'NONE',  ( -4.622531273494543846, 11.36047427339663862, 0.000000000000000000 ) ) ;
#439 = VERTEX_POINT ( 'NONE', #7548 ) ;
#440 = CARTESIAN_POINT ( 'NONE',  ( -11.52995163726278349, 2.932881190150485651, 8.000000000000000000 ) ) ;
#441 = DIRECTION ( 'NONE',  ( 0.000000000000000000, 0.000000000000000000, -1.000000000000000000 ) ) ;
#442 = CARTESIAN_POINT ( 'NONE',  ( -4.404384806714049638, -11.05183112916333243, 8.000000000000000000 ) ) ;
#443 = CARTESIAN_POINT ( 'NONE',  ( 7.968244849358954163, -9.415217936709856517, 0.000000000000000000 ) ) ;
#444 = CARTESIAN_POINT ( 'NONE',  ( 7.965985411668174976, 36.57779459820535806, -9.733550194123688826 ) ) ;
#445 = CARTESIAN_POINT ( 'NONE',  ( -9.969200282347905784, -9.221936103764106107, 8.000000000000000000 ) ) ;
#446 = AXIS2_PLACEMENT_3D ( 'NONE', #890, #1502, #2203 ) ;
#447 = ORIENTED_EDGE ( 'NONE', *, *, #3248, .T. ) ;
#448 = CARTESIAN_POINT ( 'NONE',  ( -6.626136714284590390, -11.46368139467881342, 0.000000000000000000 ) ) ;
#449 = CARTESIAN_POINT ( 'NONE',  ( 8.544655887209771095, -7.152395453489262422, 8.000000000000000000 ) ) ;
#450 = CARTESIAN_POINT ( 'NONE',  ( 10.32496896312099111, -3.608867157514701773, 0.000000000000000000 ) ) ;
#451 = CARTESIAN_POINT ( 'NONE',  ( -2.940530670474153840, -11.83979557596825671, 0.000000000000000000 ) ) ;
#452 = CARTESIAN_POINT ( 'NONE',  ( -4.773939382172995849, 11.53698844606704910, 0.000000000000000000 ) ) ;
#453 = CARTESIAN_POINT ( 'NONE',  ( 13.42510299666958495, -2.607747690737672652, -5.204170427930421283E-15 ) ) ;
#454 = CARTESIAN_POINT ( 'NONE',  ( 8.181339682155837068, 9.539420412439032049, 0.000000000000000000 ) ) ;
#455 = ORIENTED_EDGE ( 'NONE', *, *, #4087, .T. ) ;
#456 = CARTESIAN_POINT ( 'NONE',  ( 12.83440038321936960, 2.790132082466765695, 8.000000000000000000 ) ) ;
#457 = EDGE_CURVE ( 'NONE', #5990, #8198, #5829, .T. ) ;
#458 = ORIENTED_EDGE ( 'NONE', *, *, #6525, .F. ) ;
#459 = CARTESIAN_POINT ( 'NONE',  ( 11.02139818175206720, -4.386616976970844739, 0.000000000000000000 ) ) ;
#460 = ORIENTED_EDGE ( 'NONE', *, *, #7065, .F. ) ;
#461 = CARTESIAN_POINT ( 'NONE',  ( 13.87902909598009948, 33.97641218750953129, 21.28426016496259976 ) ) ;
#462 = CARTESIAN_POINT ( 'NONE',  ( -2.933454507433478131, -11.98057174878965192, 8.000000000000000000 ) ) ;
#463 = CARTESIAN_POINT ( 'NONE',  ( -12.52642403931682225, -1.011712205768966477, 0.000000000000000000 ) ) ;
#464 = CARTESIAN_POINT ( 'NONE',  ( 2.941794575437364667, -11.77637575328567898, 8.000000000000000000 ) ) ;
#465 = CYLINDRICAL_SURFACE ( 'NONE', #386, 2.000000000000000000 ) ;
#466 = CARTESIAN_POINT ( 'NONE',  ( -6.352286767647596477, 10.05932550694759620, 0.000000000000000000 ) ) ;
#467 = CARTESIAN_POINT ( 'NONE',  ( -12.04862852623660174, 6.625183064395858246, 0.000000000000000000 ) ) ;
#468 = CARTESIAN_POINT ( 'NONE',  ( -12.72257526253006077, 2.817469215210235411, 0.000000000000000000 ) ) ;
#469 = CIRCLE ( 'NONE', #6820, 13.75000000000000000 ) ;
#470 = CARTESIAN_POINT ( 'NONE',  ( -11.48389212362418377, 0.6963551242057266499, 0.000000000000000000 ) ) ;
#471 = CARTESIAN_POINT ( 'NONE',  ( -11.71732392095625563, 6.632284204934391525, 0.000000000000000000 ) ) ;
#472 = EDGE_LOOP ( 'NONE', ( #2694, #637, #3958, #1411 ) ) ;
#473 = CARTESIAN_POINT ( 'NONE',  ( 11.60070094346930958, 4.833073392807783364, 0.000000000000000000 ) ) ;
#474 = CARTESIAN_POINT ( 'NONE',  ( 11.22924223885642547, 6.611064424922950877, 8.000000000000000000 ) ) ;
#475 = CARTESIAN_POINT ( 'NONE',  ( 9.969200282347838282, 9.221936103764180714, 0.000000000000000000 ) ) ;
#476 = CARTESIAN_POINT ( 'NONE',  ( -0.9123192481543054289, -12.30068812565076186, 0.000000000000000000 ) ) ;
#477 = CARTESIAN_POINT ( 'NONE',  ( 12.25290083038831490, 5.581155335977071807, 0.000000000000000000 ) ) ;
#478 = PERSON_AND_ORGANIZATION ( #316, #4205 ) ;
#479 = DIRECTION ( 'NONE',  ( 0.000000000000000000, 0.000000000000000000, 1.000000000000000000 ) ) ;
#480 = VERTEX_POINT ( 'NONE', #6925 ) ;
#481 = AXIS2_PLACEMENT_3D ( 'NONE', #2069, #3556, #1088 ) ;
#482 = CARTESIAN_POINT ( 'NONE',  ( -11.98057174878964126, 2.933454507433523428, 0.000000000000000000 ) ) ;
#483 = CARTESIAN_POINT ( 'NONE',  ( 4.580317944817474007, -11.30699639290203784, 8.000000000000000000 ) ) ;
#484 = VECTOR ( 'NONE', #1613, 1000.000000000000000 ) ;
#485 = CARTESIAN_POINT ( 'NONE',  ( -5.853360337646336120, -12.44189184801365933, 8.000000000000000000 ) ) ;
#486 = CARTESIAN_POINT ( 'NONE',  ( 9.411632514633874180, -10.02415449858202301, 8.000000000000000000 ) ) ;
#487 = LINE ( 'NONE', #4909, #7916 ) ;
#488 = CARTESIAN_POINT ( 'NONE',  ( -9.234787594130748900, -7.707558585906912008, 0.000000000000000000 ) ) ;
#489 = ORIENTED_EDGE ( 'NONE', *, *, #758, .F. ) ;
#490 = CARTESIAN_POINT ( 'NONE',  ( 9.455639197970839405, -8.034402175150658465, 8.000000000000000000 ) ) ;
#491 = CARTESIAN_POINT ( 'NONE',  ( 9.415217936710003954, -7.968244849358779192, 8.000000000000000000 ) ) ;
#492 = CARTESIAN_POINT ( 'NONE',  ( 8.972047302895285625, 9.886832010614893917, 8.000000000000000000 ) ) ;
#493 = CARTESIAN_POINT ( 'NONE',  ( -2.919073574173006058, -12.13967088095520097, 0.000000000000000000 ) ) ;
#494 = FACE_OUTER_BOUND ( 'NONE', #3893, .T. ) ;
#495 = EDGE_CURVE ( 'NONE', #3980, #5416, #5000, .T. ) ;
#496 = CARTESIAN_POINT ( 'NONE',  ( 11.66361783702278920, -2.940710835118343969, -5.204170427930421283E-15 ) ) ;
#497 = CARTESIAN_POINT ( 'NONE',  ( -13.16905850672524814, -1.377525651863779288, 8.000000000000000000 ) ) ;
#498 = DIRECTION ( 'NONE',  ( 0.000000000000000000, 0.000000000000000000, 1.000000000000000000 ) ) ;
#499 = VERTEX_POINT ( 'NONE', #4708 ) ;
#500 = VECTOR ( 'NONE', #2287, 1000.000000000000000 ) ;
#501 = CARTESIAN_POINT ( 'NONE',  ( -9.582420452220571150, -8.262247439007857963, 0.000000000000000000 ) ) ;
#502 = ORIENTED_EDGE ( 'NONE', *, *, #1138, .T. ) ;
#503 = CARTESIAN_POINT ( 'NONE',  ( -13.06843834723477293, -1.312474532673132410, 8.000000000000000000 ) ) ;
#504 = ADVANCED_FACE ( 'NONE', ( #3299 ), #3982, .T. ) ;
#505 = CARTESIAN_POINT ( 'NONE',  ( -2.708699257713637287, -10.80883218877870888, 0.000000000000000000 ) ) ;
#506 = DIRECTION ( 'NONE',  ( 0.03552710149127151495, 0.9671892545090218229, -0.2515606706580177376 ) ) ;
#507 = CARTESIAN_POINT ( 'NONE',  ( -9.221936103764004855, -9.969200282348005260, 0.000000000000000000 ) ) ;
#508 = CARTESIAN_POINT ( 'NONE',  ( -1.668469543058222149, -13.57387004037415856, 0.000000000000000000 ) ) ;
#509 = CARTESIAN_POINT ( 'NONE',  ( -6.231836464888891314, 8.988499347771085723, 8.000000000000000000 ) ) ;
#510 = CARTESIAN_POINT ( 'NONE',  ( -9.801135538539506697, 8.743249532614848718, 0.000000000000000000 ) ) ;
#511 = CARTESIAN_POINT ( 'NONE',  ( -13.19332579941579553, 2.686824890852690828, 0.000000000000000000 ) ) ;
#512 = AXIS2_PLACEMENT_3D ( 'NONE', #7728, #6399, #2003 ) ;
#513 = CARTESIAN_POINT ( 'NONE',  ( 7.829441540499030516, 24.09654333446981056, -5.000000000000000000 ) ) ;
#514 = EDGE_CURVE ( 'NONE', #6225, #5424, #3169, .T. ) ;
#515 = CARTESIAN_POINT ( 'NONE',  ( -11.46368139467879033, 6.626136714284629470, 8.000000000000000000 ) ) ;
#516 = ORIENTED_EDGE ( 'NONE', *, *, #7188, .T. ) ;
#517 = DIRECTION ( 'NONE',  ( 0.000000000000000000, 0.000000000000000000, 1.000000000000000000 ) ) ;
#518 = CIRCLE ( 'NONE', #6722, 13.75000000000000000 ) ;
#519 = CARTESIAN_POINT ( 'NONE',  ( 11.52995163726274086, 2.932881190150647743, 8.000000000000000000 ) ) ;
#520 = CARTESIAN_POINT ( 'NONE',  ( -12.60876818853259529, 1.051893166807116975, 8.000000000000000000 ) ) ;
#521 = AXIS2_PLACEMENT_3D ( 'NONE', #7576, #7539, #6994 ) ;
#522 = CARTESIAN_POINT ( 'NONE',  ( -1.195724957047537451, -12.87548337994386038, 8.000000000000000000 ) ) ;
#523 = CARTESIAN_POINT ( 'NONE',  ( 11.16457150618543892, 4.476617511824165341, 8.000000000000000000 ) ) ;
#524 = CARTESIAN_POINT ( 'NONE',  ( 6.155781554533708899, 9.109912145451300347, 8.000000000000000000 ) ) ;
#525 = CARTESIAN_POINT ( 'NONE',  ( -6.436913140481649975, -10.29093438073250333, 8.000000000000000000 ) ) ;
#526 = VECTOR ( 'NONE', #5354, 1000.000000000000000 ) ;
#527 = ORIENTED_EDGE ( 'NONE', *, *, #963, .T. ) ;
#528 = CARTESIAN_POINT ( 'NONE',  ( -2.577692551524032094, -13.50622083004040697, 0.000000000000000000 ) ) ;
#529 = CARTESIAN_POINT ( 'NONE',  ( 5.115945187291737639, -11.87581303661957399, 8.000000000000000000 ) ) ;
#530 = CARTESIAN_POINT ( 'NONE',  ( -4.965029436117420758, -11.73452356626243720, 0.000000000000000000 ) ) ;
#531 = CARTESIAN_POINT ( 'NONE',  ( 7.577720000373771470, -9.126433365741073445, 8.000000000000000000 ) ) ;
#532 = EDGE_CURVE ( 'NONE', #6325, #1538, #3054, .T. ) ;
#533 = CARTESIAN_POINT ( 'NONE',  ( -8.972047302895360232, -9.886832010614828192, 0.000000000000000000 ) ) ;
#534 = EDGE_CURVE ( 'NONE', #2890, #1953, #4623, .T. ) ;
#535 = DIRECTION ( 'NONE',  ( -0.000000000000000000, -0.000000000000000000, -1.000000000000000000 ) ) ;
#536 = ORIENTED_EDGE ( 'NONE', *, *, #3476, .F. ) ;
#537 = DIRECTION ( 'NONE',  ( 1.000000000000000000, 0.000000000000000000, 0.000000000000000000 ) ) ;
#538 = CARTESIAN_POINT ( 'NONE',  ( 9.204216794247651379, -7.668835209822921328, -5.204170427930421283E-15 ) ) ;
#539 = CARTESIAN_POINT ( 'NONE',  ( 8.348190801685069218, 9.625916629980844519, 8.000000000000000000 ) ) ;
#540 = VECTOR ( 'NONE', #1983, 1000.000000000000000 ) ;
#541 = FACE_OUTER_BOUND ( 'NONE', #5324, .T. ) ;
#542 = CARTESIAN_POINT ( 'NONE',  ( -2.927269694296075642, 12.05785317090584208, 8.000000000000000000 ) ) ;
#543 = CARTESIAN_POINT ( 'NONE',  ( 0.000000000000000000, 0.000000000000000000, 8.000000000000000000 ) ) ;
#544 = CARTESIAN_POINT ( 'NONE',  ( 9.094348737717329101, -9.928529331195791841, 0.000000000000000000 ) ) ;
#545 = ORIENTED_EDGE ( 'NONE', *, *, #1277, .F. ) ;
#546 = CARTESIAN_POINT ( 'NONE',  ( -9.757522586729514558, -8.636712746112520378, 0.000000000000000000 ) ) ;
#547 = ORIENTED_EDGE ( 'NONE', *, *, #2841, .F. ) ;
#548 = CARTESIAN_POINT ( 'NONE',  ( 12.22769606125925179, 27.92477493282074263, -12.99999999999999822 ) ) ;
#549 = CARTESIAN_POINT ( 'NONE',  ( -12.00148937107102398, -0.8074739252556699665, 0.000000000000000000 ) ) ;
#550 = CARTESIAN_POINT ( 'NONE',  ( -9.328340841197613642, -10.00078975079091492, 0.000000000000000000 ) ) ;
#551 = CARTESIAN_POINT ( 'NONE',  ( 10.18403012388265516, 6.401038329814094929, 0.000000000000000000 ) ) ;
#552 = CARTESIAN_POINT ( 'NONE',  ( -6.628700411335480602, 11.96219333340842539, 0.000000000000000000 ) ) ;
#553 = CARTESIAN_POINT ( 'NONE',  ( -9.455639197970779009, 8.034402175150727743, 8.000000000000000000 ) ) ;
#554 = CARTESIAN_POINT ( 'NONE',  ( 1.447204694645796375, -13.27225220462997157, 8.000000000000000000 ) ) ;
#555 = VERTEX_POINT ( 'NONE', #6699 ) ;
#556 = CARTESIAN_POINT ( 'NONE',  ( 10.33666240664856062, 4.161888422927208175, 8.000000000000000000 ) ) ;
#557 = ORIENTED_EDGE ( 'NONE', *, *, #3331, .F. ) ;
#558 = CARTESIAN_POINT ( 'NONE',  ( -11.66659828334868187, 4.896733499129055645, 0.000000000000000000 ) ) ;
#559 = CARTESIAN_POINT ( 'NONE',  ( 4.917708437219935114, 32.26705272314278972, 19.22056930244630379 ) ) ;
#560 = CARTESIAN_POINT ( 'NONE',  ( -13.37787302532245981, 1.521639563755368352, 0.000000000000000000 ) ) ;
#561 = EDGE_CURVE ( 'NONE', #4894, #5061, #2432, .T. ) ;
#562 = CARTESIAN_POINT ( 'NONE',  ( -1.600954125870928113, -13.48577048812304291, 0.000000000000000000 ) ) ;
#563 = CARTESIAN_POINT ( 'NONE',  ( 10.33666240664856062, 4.161888422927208175, 0.000000000000000000 ) ) ;
#564 = CARTESIAN_POINT ( 'NONE',  ( 7.756092922722199745, 36.52155407529492948, 14.87238388261365252 ) ) ;
#565 = CARTESIAN_POINT ( 'NONE',  ( -4.476617511824047213, 11.16457150618548866, 0.000000000000000000 ) ) ;
#566 = ORIENTED_EDGE ( 'NONE', *, *, #4594, .F. ) ;
#567 = CARTESIAN_POINT ( 'NONE',  ( -13.32045193209910927, 2.644734409370955053, 8.000000000000000000 ) ) ;
#568 = CARTESIAN_POINT ( 'NONE',  ( -11.02139818175200681, -4.386616976971000170, 8.000000000000000000 ) ) ;
#569 = CARTESIAN_POINT ( 'NONE',  ( -5.286606996006893766, -12.02324651265883482, 0.000000000000000000 ) ) ;
#570 = CARTESIAN_POINT ( 'NONE',  ( -1.195724957047537229, 12.87548337994386038, 8.000000000000000000 ) ) ;
#571 = CARTESIAN_POINT ( 'NONE',  ( -7.850195268865117093, -9.338196514606250886, 8.000000000000000000 ) ) ;
#572 = DIRECTION ( 'NONE',  ( -0.000000000000000000, -0.000000000000000000, -1.000000000000000000 ) ) ;
#573 = VERTEX_POINT ( 'NONE', #4916 ) ;
#574 = CARTESIAN_POINT ( 'NONE',  ( 8.704427730807783092, -6.622827502596192240, 8.000000000000000000 ) ) ;
#575 = CARTESIAN_POINT ( 'NONE',  ( 13.82620548868788646, 34.17924271228866928, -13.39141374696255582 ) ) ;
#576 = CARTESIAN_POINT ( 'NONE',  ( 8.066441933275781295, 34.53415948122438550, -6.682724623002225250 ) ) ;
#577 = CARTESIAN_POINT ( 'NONE',  ( 11.71764203423208883, 2.941792002709162634, 0.000000000000000000 ) ) ;
#578 = CARTESIAN_POINT ( 'NONE',  ( -2.933454507433566061, 11.98057174878963238, 8.000000000000000000 ) ) ;
#579 = CARTESIAN_POINT ( 'NONE',  ( 9.411632514553422979, 10.02415449856000684, 8.000000000000000000 ) ) ;
#580 = CARTESIAN_POINT ( 'NONE',  ( 10.41722559423726224, 6.473761040516560428, 8.000000000000000000 ) ) ;
#581 = ORIENTED_EDGE ( 'NONE', *, *, #4697, .F. ) ;
#582 = CARTESIAN_POINT ( 'NONE',  ( -11.80431640392012760, -5.038066446831229506, 8.000000000000000000 ) ) ;
#583 = EDGE_LOOP ( 'NONE', ( #7238, #4338, #4226, #1608 ) ) ;
#584 = CARTESIAN_POINT ( 'NONE',  ( -13.37787302532244915, -1.521639563755461833, 8.000000000000000000 ) ) ;
#585 = CARTESIAN_POINT ( 'NONE',  ( 11.77637575328573050, -2.941794575437159498, 0.000000000000000000 ) ) ;
#586 = CARTESIAN_POINT ( 'NONE',  ( 13.12122803258958292, 35.20142143756293507, 21.81954881070078756 ) ) ;
#587 = CARTESIAN_POINT ( 'NONE',  ( -11.11931436071733259, -6.600657436018188662, 8.000000000000000000 ) ) ;
#588 = LINE ( 'NONE', #5604, #2614 ) ;
#589 = CARTESIAN_POINT ( 'NONE',  ( -8.544655887209717804, 7.152395453489324595, 0.000000000000000000 ) ) ;
#590 = CARTESIAN_POINT ( 'NONE',  ( 0.8412873393390029042, -12.10906341627276639, 8.000000000000000000 ) ) ;
#591 = EDGE_CURVE ( 'NONE', #2499, #6471, #1066, .T. ) ;
#592 = CARTESIAN_POINT ( 'NONE',  ( -11.11931436071737700, 6.600657436018111390, 8.000000000000000000 ) ) ;
#593 = CARTESIAN_POINT ( 'NONE',  ( -11.25643158326924897, 4.542018187747182800, 8.000000000000000000 ) ) ;
#594 = DIRECTION ( 'NONE',  ( 0.9659258262890680902, 0.2588190451025210170, 0.000000000000000000 ) ) ;
#595 = CARTESIAN_POINT ( 'NONE',  ( -12.78342018721907714, 1.143751547996426421, 0.000000000000000000 ) ) ;
#596 = CARTESIAN_POINT ( 'NONE',  ( -11.48389212362418377, 0.6963551242057266499, 8.000000000000000000 ) ) ;
#597 = CARTESIAN_POINT ( 'NONE',  ( -11.77637575328571451, 2.941794575437239434, 8.000000000000000000 ) ) ;
#598 = ORIENTED_EDGE ( 'NONE', *, *, #68, .F. ) ;
#599 = CARTESIAN_POINT ( 'NONE',  ( 5.916238915412299626, -9.442776183394560263, 0.000000000000000000 ) ) ;
#600 = ORIENTED_EDGE ( 'NONE', *, *, #7390, .F. ) ;
#601 = CARTESIAN_POINT ( 'NONE',  ( 4.161888422927172648, -10.33666240664857483, 8.000000000000000000 ) ) ;
#602 = CARTESIAN_POINT ( 'NONE',  ( -4.210990906299821646, -10.70664486910373903, 8.000000000000000000 ) ) ;
#603 = EDGE_CURVE ( 'NONE', #4145, #4838, #3828, .T. ) ;
#604 = CARTESIAN_POINT ( 'NONE',  ( -1.251919511749373326, 12.97053397611294656, 0.000000000000000000 ) ) ;
#605 = CARTESIAN_POINT ( 'NONE',  ( 2.372422943547987995, 55.78452766026119747, -18.69378740028920660 ) ) ;
#606 = ORIENTED_EDGE ( 'NONE', *, *, #5663, .F. ) ;
#607 = CARTESIAN_POINT ( 'NONE',  ( -9.497099640846636603, -8.105411651555860075, 8.000000000000000000 ) ) ;
#608 = APPLICATION_CONTEXT ( 'configuration controlled 3d designs of mechanical parts and assemblies' ) ;
#609 = CARTESIAN_POINT ( 'NONE',  ( -2.929367628693770431, 11.49488719732985054, 0.000000000000000000 ) ) ;
#610 = VERTEX_POINT ( 'NONE', #7950 ) ;
#611 = B_SPLINE_CURVE_WITH_KNOTS ( 'NONE', 3,
 ( #6966, #2443, #3104, #1902, #7505, #2483, #5009, #4386, #6302, #464, #5046, #7585, #1125, #6800, #7464, #5522, #6843, #7549, #1745, #3064, #7426, #5602, #3642, #4347, #1865, #1244, #4423, #1823, #5565 ),
 .UNSPECIFIED., .F., .F.,
 ( 4, 1, 1, 1, 1, 1, 1, 1, 1, 1, 1, 1, 1, 1, 1, 1, 1, 1, 1, 1, 1, 1, 1, 1, 1, 1, 4 ),
 ( 0.000000000000000000, 0.1659160033276295965, 0.1709059215442318702, 0.1766635194393565977, 0.1831887970181514669, 0.1904817542841364120, 0.1985423912398269763, 0.2073707078870824227, 0.2169667042273148716, 0.2273303802616240543, 0.2384617359908808021, 0.2503607714157882191, 0.2630274865369212067, 0.2764618813547564669, 0.2906639558696927361, 0.3056337100820685215, 0.3213711439921715929, 0.3378762576002502516, 0.3551490509065193812, 0.3731895239111665541, 0.3919976766143570268, 0.4115735090162354615, 0.4319170211169303109, 0.4530282129165571492, 0.4749070844152180060, 0.4975536356130058624, 0.5074316978669450862 ),
 .UNSPECIFIED. ) ;
#612 = CARTESIAN_POINT ( 'NONE',  ( -6.231836464888827365, -8.988499347771126580, 0.000000000000000000 ) ) ;
#613 = CARTESIAN_POINT ( 'NONE',  ( 9.801135538539572423, -8.743249532614775887, -5.204170427930421283E-15 ) ) ;
#614 = CARTESIAN_POINT ( 'NONE',  ( 2.886444749237149221, -11.13701600410300507, 0.000000000000000000 ) ) ;
#615 = CARTESIAN_POINT ( 'NONE',  ( 12.22597347346765417, 2.908682420984034955, 0.000000000000000000 ) ) ;
#616 = DIRECTION ( 'NONE',  ( -3.491481338843133355E-15, 1.000000000000000000, 0.000000000000000000 ) ) ;
#617 = CARTESIAN_POINT ( 'NONE',  ( 8.988499347771014669, 6.231836464888988125, 8.000000000000000000 ) ) ;
#618 = ORIENTED_EDGE ( 'NONE', *, *, #7337, .T. ) ;
#619 = DIRECTION ( 'NONE',  ( 0.000000000000000000, 0.000000000000000000, -1.000000000000000000 ) ) ;
#620 = ORIENTED_EDGE ( 'NONE', *, *, #2238, .F. ) ;
#621 = CARTESIAN_POINT ( 'NONE',  ( -8.972047302895360232, -9.886832010614828192, 8.000000000000000000 ) ) ;
#622 = CARTESIAN_POINT ( 'NONE',  ( 13.42510299664341922, -2.607747690746919922, 8.000000000000000000 ) ) ;
#623 = CARTESIAN_POINT ( 'NONE',  ( 13.39361528209207819, 34.89627479305120517, 20.87631737537753196 ) ) ;
#624 = CARTESIAN_POINT ( 'NONE',  ( 11.22924223885642547, 6.611064424922950877, 0.000000000000000000 ) ) ;
#625 = CARTESIAN_POINT ( 'NONE',  ( 13.16905850672523925, 1.377525651863871214, 0.000000000000000000 ) ) ;
#626 = CARTESIAN_POINT ( 'NONE',  ( -9.713655369616196467, 8.535381057717536635, 0.000000000000000000 ) ) ;
#627 = B_SPLINE_CURVE_WITH_KNOTS ( 'NONE', 3,
 ( #2002, #5278, #5822, #812, #2663, #5193, #3285, #7768, #6437, #5906, #6521, #3239, #5149, #768, #893, #4486, #5233, #2623, #2079, #5780, #7727, #1341, #7688, #2125, #4653, #7186, #3862, #3407, #4523 ),
 .UNSPECIFIED., .F., .F.,
 ( 4, 1, 1, 1, 1, 1, 1, 1, 1, 1, 1, 1, 1, 1, 1, 1, 1, 1, 1, 1, 1, 1, 1, 1, 1, 1, 4 ),
 ( 0.000000000000000000, 0.1659160033276295687, 0.1709059215442318980, 0.1766635194393566533, 0.1831887970181514946, 0.1904817542841363842, 0.1985423912398269763, 0.2073707078870824505, 0.2169667042273148994, 0.2273303802616239988, 0.2384617359908808298, 0.2503607714157882747, 0.2630274865369212067, 0.2764618813547564669, 0.2906639558696927361, 0.3056337100820685215, 0.3213711439921715929, 0.3378762576002503071, 0.3551490509065193812, 0.3731895239111665541, 0.3919976766143570268, 0.4115735090162354615, 0.4319170211169303109, 0.4530282129165571492, 0.4749070844152180060, 0.4975536356130059734, 0.5074316978669444200 ),
 .UNSPECIFIED. ) ;
#628 = CARTESIAN_POINT ( 'NONE',  ( 9.757522586729640679, -8.636712746112378269, 0.000000000000000000 ) ) ;
#629 = VECTOR ( 'NONE', #7985, 1000.000000000000114 ) ;
#630 = CARTESIAN_POINT ( 'NONE',  ( -11.85123473191540455, 6.631537913675494167, 0.000000000000000000 ) ) ;
#631 = CARTESIAN_POINT ( 'NONE',  ( -11.47561408673061401, 4.719217338362181380, 0.000000000000000000 ) ) ;
#632 = LINE ( 'NONE', #7594, #1121 ) ;
#633 = CARTESIAN_POINT ( 'NONE',  ( 10.48771353560530528, -6.492081297254353345, 0.000000000000000000 ) ) ;
#634 = DIRECTION ( 'NONE',  ( -0.3090169943749485615, -0.9510565162951531981, 0.000000000000000000 ) ) ;
#635 = CARTESIAN_POINT ( 'NONE',  ( 13.50622083004042118, -2.577692551523988129, 0.000000000000000000 ) ) ;
#636 = APPROVAL_STATUS ( 'not_yet_approved' ) ;
#637 = ORIENTED_EDGE ( 'NONE', *, *, #2202, .T. ) ;
#638 = AXIS2_PLACEMENT_3D ( 'NONE', #564, #6727, #2913 ) ;
#639 = DIRECTION ( 'NONE',  ( 0.000000000000000000, 0.000000000000000000, 1.000000000000000000 ) ) ;
#640 = ORIENTED_EDGE ( 'NONE', *, *, #6984, .T. ) ;
#641 = CARTESIAN_POINT ( 'NONE',  ( 6.367618434587651421, -10.09620455160481534, 8.000000000000000000 ) ) ;
#642 = CARTESIAN_POINT ( 'NONE',  ( 6.544354946388811989, -10.72875944066938914, 0.000000000000000000 ) ) ;
#643 = DIRECTION ( 'NONE',  ( 0.000000000000000000, -0.000000000000000000, -1.000000000000000000 ) ) ;
#644 = CARTESIAN_POINT ( 'NONE',  ( 7.850195268865253873, -9.338196514606138976, 8.000000000000000000 ) ) ;
#645 = CARTESIAN_POINT ( 'NONE',  ( -1.709570872969507382, -13.62596226217982753, 8.000000000000000000 ) ) ;
#646 = EDGE_LOOP ( 'NONE', ( #1203, #5141, #4706, #5620 ) ) ;
#647 = DIRECTION ( 'NONE',  ( 0.000000000000000000, -0.000000000000000000, -1.000000000000000000 ) ) ;
#648 = CARTESIAN_POINT ( 'NONE',  ( -2.708699257713828690, 10.80883218877890783, 0.000000000000000000 ) ) ;
#649 = ADVANCED_FACE ( 'NONE', ( #7453 ), #2348, .F. ) ;
#650 = CARTESIAN_POINT ( 'NONE',  ( -6.436913140481649975, -10.29093438073250333, 8.000000000000000000 ) ) ;
#651 = CARTESIAN_POINT ( 'NONE',  ( -3.149229626028855478, -10.47431425022861440, 0.000000000000000000 ) ) ;
#652 = EDGE_CURVE ( 'NONE', #919, #7092, #7279, .T. ) ;
#653 = CARTESIAN_POINT ( 'NONE',  ( 12.51119373526724132, 2.862521721341894754, 0.000000000000000000 ) ) ;
#654 = EDGE_CURVE ( 'NONE', #8034, #8069, #3272, .T. ) ;
#655 = CARTESIAN_POINT ( 'NONE',  ( -10.93750000000000178, 0.000000000000000000, 0.000000000000000000 ) ) ;
#656 = AXIS2_PLACEMENT_3D ( 'NONE', #7810, #5444, #2288 ) ;
#657 = CARTESIAN_POINT ( 'NONE',  ( 11.22924223885642547, 6.611064424922950877, 8.000000000000000000 ) ) ;
#658 = EDGE_LOOP ( 'NONE', ( #3388, #7000, #1201, #7897 ) ) ;
#659 = DIRECTION ( 'NONE',  ( -0.6396556736767862184, -0.1713952211956811522, -0.7493092133988347170 ) ) ;
#660 = ORIENTED_EDGE ( 'NONE', *, *, #1137, .F. ) ;
#661 = FACE_OUTER_BOUND ( 'NONE', #240, .T. ) ;
#662 = CARTESIAN_POINT ( 'NONE',  ( 11.41882079916532966, 35.43242669106265907, -9.749985545336734560 ) ) ;
#663 = CARTESIAN_POINT ( 'NONE',  ( 2.644734409371096717, -13.32045193209907907, 0.000000000000000000 ) ) ;
#664 = CARTESIAN_POINT ( 'NONE',  ( 11.01428446989493537, 6.588591420233592899, 0.000000000000000000 ) ) ;
#665 = DIRECTION ( 'NONE',  ( 0.000000000000000000, 0.000000000000000000, 1.000000000000000000 ) ) ;
#666 = CARTESIAN_POINT ( 'NONE',  ( -9.415217936709943558, 7.968244849358848469, 0.000000000000000000 ) ) ;
#667 = CIRCLE ( 'NONE', #7416, 2.600000000000000089 ) ;
#668 = VECTOR ( 'NONE', #6088, 1000.000000000000114 ) ;
#669 = CARTESIAN_POINT ( 'NONE',  ( 10.02415449855997132, -9.411632514553458506, 0.000000000000000000 ) ) ;
#670 = CIRCLE ( 'NONE', #5024, 1.000000000000003553 ) ;
#671 = CARTESIAN_POINT ( 'NONE',  ( 0.000000000000000000, 0.000000000000000000, 8.000000000000000000 ) ) ;
#672 = CARTESIAN_POINT ( 'NONE',  ( -11.20891349420033833, 4.507497455256067376, 0.000000000000000000 ) ) ;
#673 = CARTESIAN_POINT ( 'NONE',  ( 13.42510299664336593, 2.607747690747202363, 8.000000000000000000 ) ) ;
#674 = CC_DESIGN_PERSON_AND_ORGANIZATION_ASSIGNMENT ( #6199, #3042, ( #3599 ) ) ;
#675 = CARTESIAN_POINT ( 'NONE',  ( 8.544655887209394507, 7.152395453489337029, 8.000000000000000000 ) ) ;
#676 = EDGE_CURVE ( 'NONE', #430, #1422, #4413, .T. ) ;
#677 = DIRECTION ( 'NONE',  ( -1.000000000000000000, 0.000000000000000000, 0.000000000000000000 ) ) ;
#678 = CARTESIAN_POINT ( 'NONE',  ( -12.22597347346769681, 2.908682420983862649, 8.000000000000000000 ) ) ;
#679 = APPROVAL_STATUS ( 'not_yet_approved' ) ;
#680 = EDGE_LOOP ( 'NONE', ( #5280, #4877, #7369, #2116 ) ) ;
#681 = CARTESIAN_POINT ( 'NONE',  ( 13.48577048812306067, -1.600954125870787115, 8.000000000000000000 ) ) ;
#682 = EDGE_CURVE ( 'NONE', #4023, #6809, #2961, .T. ) ;
#683 = CARTESIAN_POINT ( 'NONE',  ( 4.608738124965471528, 51.41115805221260615, -10.26054936661343220 ) ) ;
#684 = CARTESIAN_POINT ( 'NONE',  ( 5.477724940116941887, -12.17545110014125243, 0.000000000000000000 ) ) ;
#685 = DIRECTION ( 'NONE',  ( -0.6396556736767861073, -0.1713952211956810967, 0.7493092133988347170 ) ) ;
#686 = CARTESIAN_POINT ( 'NONE',  ( 7.313425558786605940, -8.881356617214064997, 0.000000000000000000 ) ) ;
#687 = CARTESIAN_POINT ( 'NONE',  ( -11.66361783702276966, 2.940710835118423017, 0.000000000000000000 ) ) ;
#688 = ORIENTED_EDGE ( 'NONE', *, *, #849, .F. ) ;
#689 = CARTESIAN_POINT ( 'NONE',  ( 2.962264536897112777, 42.48398489353029106, -16.15497710174618362 ) ) ;
#690 = CARTESIAN_POINT ( 'NONE',  ( 12.44755643926124655, 0.9751606640716734553, 0.000000000000000000 ) ) ;
#691 = EDGE_CURVE ( 'NONE', #844, #2101, #2692, .T. ) ;
#692 = CARTESIAN_POINT ( 'NONE',  ( -6.510080463201289191, -10.56312374806397791, 8.000000000000000000 ) ) ;
#693 = CARTESIAN_POINT ( 'NONE',  ( 11.60070094346941261, -4.833073392807540003, 8.000000000000000000 ) ) ;
#694 = CARTESIAN_POINT ( 'NONE',  ( 11.96219333343623781, -6.628700411334638609, 8.000000000000000000 ) ) ;
#695 = CARTESIAN_POINT ( 'NONE',  ( 1.251919511749373326, -12.97053397611294656, 0.000000000000000000 ) ) ;
#696 = EDGE_LOOP ( 'NONE', ( #5675, #3580, #2519, #1818 ) ) ;
#697 = CARTESIAN_POINT ( 'NONE',  ( 11.80431640392019865, -5.038066446831065193, 8.000000000000000000 ) ) ;
#698 = ORIENTED_EDGE ( 'NONE', *, *, #1013, .F. ) ;
#699 = DIRECTION ( 'NONE',  ( -0.3090169943749481729, -0.9510565162951533091, 0.000000000000000000 ) ) ;
#700 = CARTESIAN_POINT ( 'NONE',  ( 12.61481170127152751, -2.841541163097917710, 8.000000000000000000 ) ) ;
#701 = CARTESIAN_POINT ( 'NONE',  ( 2.880586703536698323, -12.41180006574745676, 0.000000000000000000 ) ) ;
#702 = CARTESIAN_POINT ( 'NONE',  ( -10.56312374806390864, -6.510080463201399326, 0.000000000000000000 ) ) ;
#703 = LINE ( 'NONE', #2527, #1176 ) ;
#704 = CARTESIAN_POINT ( 'NONE',  ( 7.850195268865046927, 9.338196514606311283, 8.000000000000000000 ) ) ;
#705 = LINE ( 'NONE', #83, #540 ) ;
#706 = EDGE_CURVE ( 'NONE', #6225, #1256, #6518, .T. ) ;
#707 = CARTESIAN_POINT ( 'NONE',  ( 0.7828886122849475493, -11.91079326901029134, 8.000000000000000000 ) ) ;
#708 = CARTESIAN_POINT ( 'NONE',  ( -5.581155335976851539, -12.25290083038841082, 0.000000000000000000 ) ) ;
#709 = B_SPLINE_CURVE_WITH_KNOTS ( 'NONE', 3,
 ( #3485, #6688, #5322, #7854, #1465, #353, #2165, #7936, #396, #5402, #5988, #1016, #6606, #2252, #1630, #3525, #227, #3448, #6072, #5231, #3990, #2747, #5361, #5277, #7813, #2124, #7226, #4652, #7185 ),
 .UNSPECIFIED., .F., .F.,
 ( 4, 1, 1, 1, 1, 1, 1, 1, 1, 1, 1, 1, 1, 1, 1, 1, 1, 1, 1, 1, 1, 1, 1, 1, 1, 1, 4 ),
 ( 0.000000000000000000, 0.1659160033276295965, 0.1709059215442318702, 0.1766635194393565977, 0.1831887970181514669, 0.1904817542841364120, 0.1985423912398269763, 0.2073707078870824227, 0.2169667042273148716, 0.2273303802616240543, 0.2384617359908808021, 0.2503607714157882191, 0.2630274865369212067, 0.2764618813547564669, 0.2906639558696927361, 0.3056337100820685215, 0.3213711439921715929, 0.3378762576002502516, 0.3551490509065193812, 0.3731895239111665541, 0.3919976766143570268, 0.4115735090162354615, 0.4319170211169303109, 0.4530282129165571492, 0.4749070844152180060, 0.4975536356130058624, 0.5074316978669454192 ),
 .UNSPECIFIED. ) ;
#710 = CARTESIAN_POINT ( 'NONE',  ( -9.699971161947024356, 6.186699299581424505, 0.000000000000000000 ) ) ;
#711 = CARTESIAN_POINT ( 'NONE',  ( 7.946758220570622200, 36.05435384893642947, -9.597406098930376217 ) ) ;
#712 = CARTESIAN_POINT ( 'NONE',  ( 9.455639197970663545, 8.034402175150866299, 0.000000000000000000 ) ) ;
#713 = CARTESIAN_POINT ( 'NONE',  ( -9.928529331195889540, 9.094348737717218967, 0.000000000000000000 ) ) ;
#714 = CARTESIAN_POINT ( 'NONE',  ( -12.39393210985511828, -5.781365353101004523, 0.000000000000000000 ) ) ;
#715 = CARTESIAN_POINT ( 'NONE',  ( -7.798144649837195352, 9.301941798724778110, 8.000000000000000000 ) ) ;
#716 = DATE_AND_TIME ( #1334, #3415 ) ;
#717 = ORIENTED_EDGE ( 'NONE', *, *, #6909, .T. ) ;
#718 = CARTESIAN_POINT ( 'NONE',  ( 0.000000000000000000, 0.000000000000000000, 8.000000000000000000 ) ) ;
#719 = CARTESIAN_POINT ( 'NONE',  ( -9.301941798724802979, 7.798144649837160713, 8.000000000000000000 ) ) ;
#720 = AXIS2_PLACEMENT_3D ( 'NONE', #1793, #48, #594 ) ;
#721 = CARTESIAN_POINT ( 'NONE',  ( -0.8074739252556281111, 12.00148937107102753, 8.000000000000000000 ) ) ;
#722 = CARTESIAN_POINT ( 'NONE',  ( 6.418760976341437718, -10.23507608951699943, 0.000000000000000000 ) ) ;
#723 = CARTESIAN_POINT ( 'NONE',  ( -9.392211555323848771, 10.01877448793492853, 8.000000000000000000 ) ) ;
#724 = CARTESIAN_POINT ( 'NONE',  ( -0.7828886122849475493, 11.91079326901029134, 0.000000000000000000 ) ) ;
#725 = CARTESIAN_POINT ( 'NONE',  ( 14.96413699696623745, 53.98208637014782596, 0.3298255930281844828 ) ) ;
#726 = ORIENTED_EDGE ( 'NONE', *, *, #4286, .T. ) ;
#727 = LINE ( 'NONE', #772, #2756 ) ;
#728 = CIRCLE ( 'NONE', #5494, 1.000000000000004663 ) ;
#729 = CARTESIAN_POINT ( 'NONE',  ( 12.30068812565075298, 0.9123192481544342147, 8.000000000000000000 ) ) ;
#730 = CARTESIAN_POINT ( 'NONE',  ( 13.64173013562590775, 1.722120468131038029, 8.000000000000000000 ) ) ;
#731 = CARTESIAN_POINT ( 'NONE',  ( 0.000000000000000000, 0.000000000000000000, 0.000000000000000000 ) ) ;
#732 = CARTESIAN_POINT ( 'NONE',  ( 11.22924223885657291, -6.611064424922705740, 8.000000000000000000 ) ) ;
#733 = CARTESIAN_POINT ( 'NONE',  ( 1.600954125870927891, -13.48577048812304113, 0.000000000000000000 ) ) ;
#734 = VERTEX_POINT ( 'NONE', #651 ) ;
#735 = AXIS2_PLACEMENT_3D ( 'NONE', #2141, #5297, #6001 ) ;
#736 = CARTESIAN_POINT ( 'NONE',  ( 11.16457150618553307, -4.476617511823930862, 0.000000000000000000 ) ) ;
#737 = VERTEX_POINT ( 'NONE', #7494 ) ;
#738 = B_SPLINE_SURFACE_WITH_KNOTS ( 'NONE', 3, 1, ( 
 ( #7698, #821 ),
 ( #3250, #2631 ),
 ( #5916, #7110 ),
 ( #2089, #5159 ),
 ( #4619, #7155 ),
 ( #2011, #1432 ),
 ( #3957, #1474 ),
 ( #2759, #3209 ),
 ( #4575, #5874 ),
 ( #1388, #3912 ),
 ( #6445, #3294 ),
 ( #2712, #4000 ),
 ( #5745, #70 ),
 ( #3456, #6036 ),
 ( #7862, #2798 ),
 ( #5500, #4199 ),
 ( #5995, #2133 ),
 ( #6736, #1024 ),
 ( #2175, #4159 ),
 ( #6654, #4702 ),
 ( #6124, #319 ),
 ( #982, #4783 ),
 ( #5958, #2298 ),
 ( #5372, #7903 ),
 ( #5455, #1555 ),
 ( #2214, #361 ),
 ( #5330, #2878 ),
 ( #2920, #1068 ),
 ( #7234, #7981 ) ),
 .UNSPECIFIED., .F., .F., .F.,
 ( 4, 1, 1, 1, 1, 1, 1, 1, 1, 1, 1, 1, 1, 1, 1, 1, 1, 1, 1, 1, 1, 1, 1, 1, 1, 1, 4 ),
 ( 2, 2 ),
 ( 0.4925683021194528499, 0.5024463643869940821, 0.5250929155847819940, 0.5469717870834428508, 0.5680829788830696891, 0.5884264909837645385, 0.6080023233856429732, 0.6268104760888334459, 0.6448509490934806188, 0.6621237423997496929, 0.6786288560078284071, 0.6943662899179314785, 0.7093360441303072639, 0.7235381186452435331, 0.7369725134630787933, 0.7496392285842117253, 0.7615382640091191702, 0.7726696197383760012, 0.7830332957726851006, 0.7926292921129175495, 0.8014576087601730237, 0.8095182457158636158, 0.8168112029818485054, 0.8233364805606433467, 0.8290940784557681020, 0.8340839966723704313, 1.000000000000000000 ),
 ( 0.000000000000000000, 1.000000000000000000 ),
 .UNSPECIFIED. ) ;
#739 = DIRECTION ( 'NONE',  ( 0.6396556736767859963, 0.1713952211956810967, 0.7493092133988348280 ) ) ;
#740 = EDGE_CURVE ( 'NONE', #5940, #2501, #4561, .T. ) ;
#741 = CARTESIAN_POINT ( 'NONE',  ( 12.31670401296928219, -2.895913797652378108, 8.000000000000000000 ) ) ;
#742 = CARTESIAN_POINT ( 'NONE',  ( 0.7639867559471070768, -11.11684438996312174, 8.000000000000000000 ) ) ;
#743 = CARTESIAN_POINT ( 'NONE',  ( -11.11931436071733259, -6.600657436018188662, 0.000000000000000000 ) ) ;
#744 = DIRECTION ( 'NONE',  ( 0.000000000000000000, 0.000000000000000000, 1.000000000000000000 ) ) ;
#745 = CARTESIAN_POINT ( 'NONE',  ( -10.01877448793495873, 9.392211555323809691, 0.000000000000000000 ) ) ;
#746 = CARTESIAN_POINT ( 'NONE',  ( -6.631537913675454199, -11.85123473191542764, 8.000000000000000000 ) ) ;
#747 = B_SPLINE_SURFACE_WITH_KNOTS ( 'NONE', 3, 1, ( 
 ( #3807, #2102 ),
 ( #45, #2644 ),
 ( #6461, #7124 ),
 ( #1446, #749 ),
 ( #2566, #3306 ),
 ( #5093, #5847 ),
 ( #6971, #3971 ),
 ( #6421, #210 ),
 ( #7044, #2727 ),
 ( #5804, #5427 ),
 ( #7958, #334 ),
 ( #6052, #254 ),
 ( #2274, #5344 ),
 ( #2811, #4797 ),
 ( #2189, #2773 ),
 ( #5385, #2231 ),
 ( #7333, #4014 ),
 ( #3389, #4634 ),
 ( #6667, #5470 ),
 ( #378, #4172 ),
 ( #6707, #1489 ),
 ( #7249, #4675 ),
 ( #5304, #4054 ),
 ( #1573, #1037 ),
 ( #2893, #995 ),
 ( #1654, #7293 ),
 ( #4133, #5972 ),
 ( #3548, #7209 ),
 ( #7878, #4717 ) ),
 .UNSPECIFIED., .F., .F., .F.,
 ( 4, 1, 1, 1, 1, 1, 1, 1, 1, 1, 1, 1, 1, 1, 1, 1, 1, 1, 1, 1, 1, 1, 1, 1, 1, 1, 4 ),
 ( 2, 2 ),
 ( 0.000000000000000000, 0.1659160033276295965, 0.1709059215442318702, 0.1766635194393565977, 0.1831887970181514669, 0.1904817542841364120, 0.1985423912398269763, 0.2073707078870824227, 0.2169667042273148716, 0.2273303802616240543, 0.2384617359908808021, 0.2503607714157882191, 0.2630274865369212067, 0.2764618813547564669, 0.2906639558696927361, 0.3056337100820685215, 0.3213711439921715929, 0.3378762576002502516, 0.3551490509065193812, 0.3731895239111665541, 0.3919976766143570268, 0.4115735090162354615, 0.4319170211169303109, 0.4530282129165571492, 0.4749070844152180060, 0.4975536356130058624, 0.5074316978669448641 ),
 ( 0.000000000000000000, 1.000000000000000000 ),
 .UNSPECIFIED. ) ;
#748 = DIRECTION ( 'NONE',  ( 0.000000000000000000, 0.000000000000000000, 1.000000000000000000 ) ) ;
#749 = CARTESIAN_POINT ( 'NONE',  ( 11.83751175313651061, -0.7661213205045251939, -5.204170427930421283E-15 ) ) ;
#750 = EDGE_CURVE ( 'NONE', #6838, #5416, #4402, .T. ) ;
#751 = CARTESIAN_POINT ( 'NONE',  ( -5.581155335976941245, 12.25290083038837352, 8.000000000000000000 ) ) ;
#752 = DIRECTION ( 'NONE',  ( 0.000000000000000000, 0.000000000000000000, -1.000000000000000000 ) ) ;
#753 = CARTESIAN_POINT ( 'NONE',  ( 9.267416903471838552, 7.750629585191822102, 8.000000000000000000 ) ) ;
#754 = CARTESIAN_POINT ( 'NONE',  ( -10.47431425022858065, -3.149229626028969609, 0.000000000000000000 ) ) ;
#755 = CARTESIAN_POINT ( 'NONE',  ( -13.64173013562593795, 1.722120468130850846, 8.000000000000000000 ) ) ;
#756 = CARTESIAN_POINT ( 'NONE',  ( -7.152395453489245547, 8.544655887209474443, 0.000000000000000000 ) ) ;
#757 = CALENDAR_DATE ( 2026, 8, 5 ) ;
#758 = EDGE_CURVE ( 'NONE', #6704, #6223, #5036, .T. ) ;
#759 = ORIENTED_EDGE ( 'NONE', *, *, #3507, .F. ) ;
#760 = ORIENTED_EDGE ( 'NONE', *, *, #239, .F. ) ;
#761 = B_SPLINE_CURVE_WITH_KNOTS ( 'NONE', 3,
 ( #5595, #3174, #2554, #2436 ),
 .UNSPECIFIED., .F., .F.,
 ( 4, 4 ),
 ( 0.000000000000000000, 0.02288250957854159884 ),
 .UNSPECIFIED. ) ;
#762 = CARTESIAN_POINT ( 'NONE',  ( 12.37227591337643418, -0.9420826277740271815, 8.000000000000000000 ) ) ;
#763 = CARTESIAN_POINT ( 'NONE',  ( 9.713655369616075674, 8.535381057717676967, 0.000000000000000000 ) ) ;
#764 = CARTESIAN_POINT ( 'NONE',  ( 10.35164078446974401, 6.455308898419904295, 0.000000000000000000 ) ) ;
#765 = CARTESIAN_POINT ( 'NONE',  ( 6.560248542580159103, -10.81899503309350585, 8.000000000000000000 ) ) ;
#766 = CARTESIAN_POINT ( 'NONE',  ( 8.972047302895502341, -9.886832010614698518, 8.000000000000000000 ) ) ;
#767 = DIRECTION ( 'NONE',  ( -0.7605637668489725334, 0.000000000000000000, 0.6492632413409076264 ) ) ;
#768 = CARTESIAN_POINT ( 'NONE',  ( -6.510080463201289191, -10.56312374806397791, 0.000000000000000000 ) ) ;
#769 = B_SPLINE_CURVE_WITH_KNOTS ( 'NONE', 3,
 ( #730, #5198, #4571, #3167, #6330, #3205, #3748, #3129, #66, #2587, #1347, #3245, #107, #5708, #2007, #4529, #7066, #1385, #5665, #7732, #2048, #3907, #4412, #2513, #5830, #151, #2668, #1232, #4078 ),
 .UNSPECIFIED., .F., .F.,
 ( 4, 1, 1, 1, 1, 1, 1, 1, 1, 1, 1, 1, 1, 1, 1, 1, 1, 1, 1, 1, 1, 1, 1, 1, 1, 1, 4 ),
 ( 0.4925683021330555245, 0.5024463643869940821, 0.5250929155847819940, 0.5469717870834428508, 0.5680829788830696891, 0.5884264909837645385, 0.6080023233856429732, 0.6268104760888334459, 0.6448509490934806188, 0.6621237423997496929, 0.6786288560078284071, 0.6943662899179314785, 0.7093360441303072639, 0.7235381186452435331, 0.7369725134630787933, 0.7496392285842117253, 0.7615382640091191702, 0.7726696197383760012, 0.7830332957726851006, 0.7926292921129175495, 0.8014576087601730237, 0.8095182457158636158, 0.8168112029818485054, 0.8233364805606433467, 0.8290940784557681020, 0.8340839966723704313, 1.000000000000000000 ),
 .UNSPECIFIED. ) ;
#770 = CARTESIAN_POINT ( 'NONE',  ( 6.129865658663415040, 51.41115805221260615, -11.55907584929524923 ) ) ;
#771 = ORIENTED_EDGE ( 'NONE', *, *, #434, .F. ) ;
#772 = CARTESIAN_POINT ( 'NONE',  ( 12.44189184801367709, -5.853360337646297928, 8.000000000000000000 ) ) ;
#773 = AXIS2_PLACEMENT_3D ( 'NONE', #1313, #5744, #3999 ) ;
#774 = CARTESIAN_POINT ( 'NONE',  ( 11.95399604505279889, 0.7941151212464765408, 8.000000000000000000 ) ) ;
#775 = CARTESIAN_POINT ( 'NONE',  ( -6.418760976341290281, -10.23507608951709180, 8.000000000000000000 ) ) ;
#776 = AXIS2_PLACEMENT_3D ( 'NONE', #811, #5148, #5864 ) ;
#777 = EDGE_CURVE ( 'NONE', #5561, #7969, #7724, .T. ) ;
#778 = ADVANCED_FACE ( 'NONE', ( #6254 ), #3246, .T. ) ;
#779 = CARTESIAN_POINT ( 'NONE',  ( -11.02139818175200681, -4.386616976971000170, 0.000000000000000000 ) ) ;
#780 = VECTOR ( 'NONE', #7674, 1000.000000000000000 ) ;
#781 = LINE ( 'NONE', #3173, #6450 ) ;
#782 = CARTESIAN_POINT ( 'NONE',  ( 1.722120468130897475, -13.64173013562592907, 0.000000000000000000 ) ) ;
#783 = CIRCLE ( 'NONE', #4741, 13.75000000000000000 ) ;
#784 = EDGE_LOOP ( 'NONE', ( #8173, #2881, #2772, #6948 ) ) ;
#785 = CARTESIAN_POINT ( 'NONE',  ( 11.05183112916334487, -4.404384806714015888, 0.000000000000000000 ) ) ;
#786 = EDGE_LOOP ( 'NONE', ( #2218, #2613, #7282, #1681 ) ) ;
#787 = CARTESIAN_POINT ( 'NONE',  ( -12.30068812565076009, -0.9123192481543483945, 8.000000000000000000 ) ) ;
#788 = CARTESIAN_POINT ( 'NONE',  ( 6.622827502596161153, 8.704427730807806185, -5.204170427930421283E-15 ) ) ;
#789 = CARTESIAN_POINT ( 'NONE',  ( 2.908682420983991879, -12.22597347346766306, 0.000000000000000000 ) ) ;
#790 = CARTESIAN_POINT ( 'NONE',  ( -11.96219333340840052, -6.628700411335519682, 8.000000000000000000 ) ) ;
#791 = CARTESIAN_POINT ( 'NONE',  ( 0.000000000000000000, 0.000000000000000000, 8.000000000000000000 ) ) ;
#792 = CARTESIAN_POINT ( 'NONE',  ( 7.750629585191585846, 9.267416903472033951, 8.000000000000000000 ) ) ;
#793 = CARTESIAN_POINT ( 'NONE',  ( 10.47431425022855755, 3.149229626029041551, 8.000000000000000000 ) ) ;
#794 = CARTESIAN_POINT ( 'NONE',  ( -4.965029436117420758, -11.73452356626243720, 0.000000000000000000 ) ) ;
#795 = CARTESIAN_POINT ( 'NONE',  ( -10.05932550694761929, 6.352286767647560062, 8.000000000000000000 ) ) ;
#796 = CARTESIAN_POINT ( 'NONE',  ( 12.04862852623650404, 6.625183064396031440, 0.000000000000000000 ) ) ;
#797 = CARTESIAN_POINT ( 'NONE',  ( 9.801135538539382352, 8.743249532614989050, 0.000000000000000000 ) ) ;
#798 = CARTESIAN_POINT ( 'NONE',  ( -12.41180006574746919, -2.880586703536655246, 0.000000000000000000 ) ) ;
#799 = CARTESIAN_POINT ( 'NONE',  ( 14.38530907952736904, 34.69890953990110205, -14.78370147676955781 ) ) ;
#800 = CARTESIAN_POINT ( 'NONE',  ( -12.44189184805952486, -5.853360337715903583, 8.000000000000000000 ) ) ;
#801 = CARTESIAN_POINT ( 'NONE',  ( -7.634358818669860547, 9.175863790627238004, 0.000000000000000000 ) ) ;
#802 = AXIS2_PLACEMENT_3D ( 'NONE', #4754, #1569, #2227 ) ;
#803 = ORIENTED_EDGE ( 'NONE', *, *, #7080, .T. ) ;
#804 = ORIENTED_EDGE ( 'NONE', *, *, #3221, .F. ) ;
#805 = CARTESIAN_POINT ( 'NONE',  ( 6.625183064395991472, -12.04862852623652536, 0.000000000000000000 ) ) ;
#806 = CARTESIAN_POINT ( 'NONE',  ( -5.853360337646424938, 12.44189184801361847, 0.000000000000000000 ) ) ;
#807 = CARTESIAN_POINT ( 'NONE',  ( 10.81899503309348276, 6.560248542580196407, 0.000000000000000000 ) ) ;
#808 = EDGE_CURVE ( 'NONE', #5588, #5940, #2553, .T. ) ;
#809 = CARTESIAN_POINT ( 'NONE',  ( -0.9123192481543054289, 12.30068812565076364, 8.000000000000000000 ) ) ;
#810 = CARTESIAN_POINT ( 'NONE',  ( -2.862521721341669156, -12.51119373526728928, 0.000000000000000000 ) ) ;
#811 = CARTESIAN_POINT ( 'NONE',  ( 2.439287086733831433, 34.09222977946962629, -20.46183430448272134 ) ) ;
#812 = CARTESIAN_POINT ( 'NONE',  ( -6.338109664291160961, -10.02706299306011140, 0.000000000000000000 ) ) ;
#813 = CARTESIAN_POINT ( 'NONE',  ( -0.8231400688185616099, -12.05320353502385800, 8.000000000000000000 ) ) ;
#814 = ORIENTED_EDGE ( 'NONE', *, *, #5435, .T. ) ;
#815 = ADVANCED_FACE ( 'NONE', ( #1587 ), #5171, .T. ) ;
#816 = CARTESIAN_POINT ( 'NONE',  ( -11.46368139467879033, 6.626136714284629470, 8.000000000000000000 ) ) ;
#817 = CARTESIAN_POINT ( 'NONE',  ( -2.919073574173096652, 12.13967088095518498, 8.000000000000000000 ) ) ;
#818 = CARTESIAN_POINT ( 'NONE',  ( -2.927269694295987268, -12.05785317090586162, 8.000000000000000000 ) ) ;
#819 = CARTESIAN_POINT ( 'NONE',  ( -6.630420918280122144, 11.58812316373723483, 0.000000000000000000 ) ) ;
#820 = CARTESIAN_POINT ( 'NONE',  ( 12.04862852631981340, -6.625183064392114574, 0.000000000000000000 ) ) ;
#821 = CARTESIAN_POINT ( 'NONE',  ( 5.853360337715948880, -12.44189184805950532, 0.000000000000000000 ) ) ;
#822 = ORIENTED_EDGE ( 'NONE', *, *, #5943, .T. ) ;
#823 = CARTESIAN_POINT ( 'NONE',  ( 11.66659828334871207, -4.896733499128975708, 8.000000000000000000 ) ) ;
#824 = ORIENTED_EDGE ( 'NONE', *, *, #6298, .T. ) ;
#825 = CARTESIAN_POINT ( 'NONE',  ( 7.946758220607044620, 36.05435384992787107, 17.59740609918824461 ) ) ;
#826 = CARTESIAN_POINT ( 'NONE',  ( -12.41180006574746919, -2.880586703536655246, 8.000000000000000000 ) ) ;
#827 = CARTESIAN_POINT ( 'NONE',  ( 1.722120468130897475, -13.64173013562592907, 8.000000000000000000 ) ) ;
#828 = CARTESIAN_POINT ( 'NONE',  ( 7.584824907822298456, 33.05189468366080519, 17.04359809164724737 ) ) ;
#829 = DIRECTION ( 'NONE',  ( 1.000000000000000000, 0.000000000000000000, 0.000000000000000000 ) ) ;
#830 = CARTESIAN_POINT ( 'NONE',  ( 8.034402175150626491, 9.455639197970867826, 8.000000000000000000 ) ) ;
#831 = LINE ( 'NONE', #5884, #4759 ) ;
#832 = DIRECTION ( 'NONE',  ( 0.000000000000000000, -0.000000000000000000, -1.000000000000000000 ) ) ;
#833 = DIRECTION ( 'NONE',  ( -0.3090169943749515036, 0.9510565162951521989, 0.000000000000000000 ) ) ;
#834 = CARTESIAN_POINT ( 'NONE',  ( -10.32496896312094670, -3.608867157514845214, 8.000000000000000000 ) ) ;
#835 = CARTESIAN_POINT ( 'NONE',  ( 0.000000000000000000, 0.000000000000000000, 8.000000000000000000 ) ) ;
#836 = CARTESIAN_POINT ( 'NONE',  ( 11.85123473191545429, -6.631537913675408014, 0.000000000000000000 ) ) ;
#837 = CARTESIAN_POINT ( 'NONE',  ( -12.13967088095517433, -2.919073574173140173, 8.000000000000000000 ) ) ;
#838 = CARTESIAN_POINT ( 'NONE',  ( 11.69837162314087742, 37.05522068758502741, -13.02894617025860136 ) ) ;
#839 = CARTESIAN_POINT ( 'NONE',  ( -11.53698844606703133, -4.773939382173037593, 0.000000000000000000 ) ) ;
#840 = CARTESIAN_POINT ( 'NONE',  ( -8.439220299577069540, 9.669723885496978255, 8.000000000000000000 ) ) ;
#841 = EDGE_CURVE ( 'NONE', #6923, #3253, #5239, .T. ) ;
#842 = AXIS2_PLACEMENT_3D ( 'NONE', #3076, #1217, #3733 ) ;
#843 = ORIENTED_EDGE ( 'NONE', *, *, #177, .F. ) ;
#844 = VERTEX_POINT ( 'NONE', #6936 ) ;
#845 = CARTESIAN_POINT ( 'NONE',  ( 6.632284204934521199, -11.71732392095618458, 8.000000000000000000 ) ) ;
#846 = CARTESIAN_POINT ( 'NONE',  ( 9.801135538539382352, 8.743249532614989050, 0.000000000000000000 ) ) ;
#847 = PLANE ( 'NONE',  #1678 ) ;
#848 = DIRECTION ( 'NONE',  ( -1.000000000000000000, 0.000000000000000000, 0.000000000000000000 ) ) ;
#849 = EDGE_CURVE ( 'NONE', #3605, #407, #3208, .T. ) ;
#850 = CARTESIAN_POINT ( 'NONE',  ( -2.853169548885460483, 0.9270509831248444632, 0.000000000000000000 ) ) ;
#851 = B_SPLINE_CURVE_WITH_KNOTS ( 'NONE', 3,
 ( #2949, #6274, #596, #3114, #5650, #1712, #4234, #6769, #1096, #3610, #4514, #4477, #90, #130, #7050, #7715, #5728, #5181, #3891, #7677, #1409, #3312, #3853, #3191, #175, #6353, #1368, #7090, #755 ),
 .UNSPECIFIED., .F., .F.,
 ( 4, 1, 1, 1, 1, 1, 1, 1, 1, 1, 1, 1, 1, 1, 1, 1, 1, 1, 1, 1, 1, 1, 1, 1, 1, 1, 4 ),
 ( 0.000000000000000000, 0.1659160033276295965, 0.1709059215442318702, 0.1766635194393565977, 0.1831887970181514669, 0.1904817542841364120, 0.1985423912398269763, 0.2073707078870824227, 0.2169667042273148716, 0.2273303802616240543, 0.2384617359908808021, 0.2503607714157882191, 0.2630274865369212067, 0.2764618813547564669, 0.2906639558696927361, 0.3056337100820685215, 0.3213711439921715929, 0.3378762576002502516, 0.3551490509065193812, 0.3731895239111665541, 0.3919976766143570268, 0.4115735090162354615, 0.4319170211169303109, 0.4530282129165571492, 0.4749070844152180060, 0.4975536356130058624, 0.5074316978669454192 ),
 .UNSPECIFIED. ) ;
#852 = CARTESIAN_POINT ( 'NONE',  ( 8.855020039375116170, -9.844302869038541459, 8.000000000000000000 ) ) ;
#853 = CARTESIAN_POINT ( 'NONE',  ( -8.105411651555828101, 9.497099640846666802, 8.000000000000000000 ) ) ;
#854 = CARTESIAN_POINT ( 'NONE',  ( -12.44189184801363979, 5.853360337646381417, 0.000000000000000000 ) ) ;
#855 = CARTESIAN_POINT ( 'NONE',  ( 12.04862852623650404, 6.625183064396031440, 8.000000000000000000 ) ) ;
#856 = VERTEX_POINT ( 'NONE', #7391 ) ;
#857 = FACE_OUTER_BOUND ( 'NONE', #7302, .T. ) ;
#858 = CARTESIAN_POINT ( 'NONE',  ( -2.759358130927346942, 12.95019774290649650, 0.000000000000000000 ) ) ;
#859 = CARTESIAN_POINT ( 'NONE',  ( -2.932881190150441686, -11.52995163726279415, 8.000000000000000000 ) ) ;
#860 = EDGE_CURVE ( 'NONE', #6448, #4383, #851, .T. ) ;
#861 = CIRCLE ( 'NONE', #5084, 1.000000000000003553 ) ;
#862 = LINE ( 'NONE', #6694, #1171 ) ;
#863 = CARTESIAN_POINT ( 'NONE',  ( 1.377525651863733325, -13.16905850672525347, 0.000000000000000000 ) ) ;
#864 = ORIENTED_EDGE ( 'NONE', *, *, #4798, .F. ) ;
#865 = CARTESIAN_POINT ( 'NONE',  ( -11.16457150618550465, 4.476617511824007245, 8.000000000000000000 ) ) ;
#866 = EDGE_LOOP ( 'NONE', ( #4114, #2538, #4062, #460, #1108, #179, #6492 ) ) ;
#867 = CARTESIAN_POINT ( 'NONE',  ( 9.376012365377748736, 7.906868104074169956, 8.000000000000000000 ) ) ;
#868 = CARTESIAN_POINT ( 'NONE',  ( 7.707558585906747695, 9.234787594130889232, 8.000000000000000000 ) ) ;
#869 = CYLINDRICAL_SURFACE ( 'NONE', #2113, 10.93750000000000178 ) ;
#870 = LINE ( 'NONE', #162, #1956 ) ;
#871 = CARTESIAN_POINT ( 'NONE',  ( -13.50622083004039986, 2.577692551524081832, 0.000000000000000000 ) ) ;
#872 = CARTESIAN_POINT ( 'NONE',  ( 12.02849558169549482, -6.626067776682228683, 8.000000000000000000 ) ) ;
#873 = CARTESIAN_POINT ( 'NONE',  ( -12.44189184801363979, 5.853360337646381417, 0.000000000000000000 ) ) ;
#874 = DIRECTION ( 'NONE',  ( 0.3090169943749447867, 0.9510565162951544194, 0.000000000000000000 ) ) ;
#875 = AXIS2_PLACEMENT_3D ( 'NONE', #2349, #7410, #1301 ) ;
#876 = VERTEX_POINT ( 'NONE', #6313 ) ;
#877 = CARTESIAN_POINT ( 'NONE',  ( -9.415217936709890267, -7.968244849358915971, 0.000000000000000000 ) ) ;
#878 = CARTESIAN_POINT ( 'NONE',  ( -5.689930116769317259, 12.33100786788148540, 8.000000000000000000 ) ) ;
#879 = FACE_OUTER_BOUND ( 'NONE', #2012, .T. ) ;
#880 = CARTESIAN_POINT ( 'NONE',  ( -12.61481170127149198, -2.841541163098093570, 8.000000000000000000 ) ) ;
#881 = CARTESIAN_POINT ( 'NONE',  ( 14.14930763906223454, 35.17743147841721196, -14.69169234935240098 ) ) ;
#882 = CARTESIAN_POINT ( 'NONE',  ( -8.972047302895431287, 9.886832010614767796, 8.000000000000000000 ) ) ;
#883 = EDGE_CURVE ( 'NONE', #4757, #6828, #2536, .T. ) ;
#884 = ORIENTED_EDGE ( 'NONE', *, *, #6813, .T. ) ;
#885 = VERTEX_POINT ( 'NONE', #3934 ) ;
#886 = CARTESIAN_POINT ( 'NONE',  ( 6.628700411335568532, -11.96219333340837387, 0.000000000000000000 ) ) ;
#887 = LINE ( 'NONE', #266, #5407 ) ;
#888 = LINE ( 'NONE', #6475, #232 ) ;
#889 = CARTESIAN_POINT ( 'NONE',  ( 13.48577048812306067, -1.600954125870787115, 0.000000000000000000 ) ) ;
#890 = CARTESIAN_POINT ( 'NONE',  ( 4.976271991613556267, 25.02359431759466091, -5.000000000000000000 ) ) ;
#891 = DIRECTION ( 'NONE',  ( 0.000000000000000000, -0.000000000000000000, -1.000000000000000000 ) ) ;
#892 = CARTESIAN_POINT ( 'NONE',  ( -7.798144649837195352, 9.301941798724778110, 8.000000000000000000 ) ) ;
#893 = CARTESIAN_POINT ( 'NONE',  ( -6.527568552596078710, -10.64346975476068913, 0.000000000000000000 ) ) ;
#894 = ORIENTED_EDGE ( 'NONE', *, *, #6781, .T. ) ;
#895 = CARTESIAN_POINT ( 'NONE',  ( -9.301941798724802979, 7.798144649837160713, 0.000000000000000000 ) ) ;
#896 = AXIS2_PLACEMENT_3D ( 'NONE', #3339, #201, #2093 ) ;
#897 = CARTESIAN_POINT ( 'NONE',  ( -3.149229626028855478, -10.47431425022861440, 8.000000000000000000 ) ) ;
#898 = CARTESIAN_POINT ( 'NONE',  ( 7.799976462038208602, 35.52862216845653620, -18.69378740028920660 ) ) ;
#899 = AXIS2_PLACEMENT_3D ( 'NONE', #3491, #1679, #7233 ) ;
#900 = CARTESIAN_POINT ( 'NONE',  ( 16.11620870246641957, 26.66132058664188165, 7.469851245596850653 ) ) ;
#901 = CARTESIAN_POINT ( 'NONE',  ( -9.625916629980693529, -8.348190801685243301, 8.000000000000000000 ) ) ;
#902 = VERTEX_POINT ( 'NONE', #7014 ) ;
#903 = CARTESIAN_POINT ( 'NONE',  ( 20.69885743561230385, 25.17232775232600162, 12.54747184268296145 ) ) ;
#904 = EDGE_LOOP ( 'NONE', ( #2595, #3960, #4933, #3592 ) ) ;
#905 = AXIS2_PLACEMENT_3D ( 'NONE', #7895, #2291, #6817 ) ;
#906 = CARTESIAN_POINT ( 'NONE',  ( 9.801135538539382352, 8.743249532614989050, 8.000000000000000000 ) ) ;
#907 = ADVANCED_FACE ( 'NONE', ( #1332 ), #6428, .T. ) ;
#908 = VECTOR ( 'NONE', #6682, 1000.000000000000000 ) ;
#909 = EDGE_CURVE ( 'NONE', #4481, #4459, #5732, .T. ) ;
#910 = CARTESIAN_POINT ( 'NONE',  ( 7.577720000373570741, 9.126433365741238646, 8.000000000000000000 ) ) ;
#911 = CARTESIAN_POINT ( 'NONE',  ( 4.622531273494623782, -11.36047427339660487, 0.000000000000000000 ) ) ;
#912 = CARTESIAN_POINT ( 'NONE',  ( -5.781365353078006919, -12.39393210983944726, 8.000000000000000000 ) ) ;
#913 = CARTESIAN_POINT ( 'NONE',  ( 6.132426595295307870, 9.165464442776661613, 8.000000000000000000 ) ) ;
#914 = VECTOR ( 'NONE', #7273, 1000.000000000000000 ) ;
#915 = CARTESIAN_POINT ( 'NONE',  ( 12.31670401296928219, -2.895913797652378108, -5.204170427930421283E-15 ) ) ;
#916 = CARTESIAN_POINT ( 'NONE',  ( -11.16457150618550465, 4.476617511824007245, 0.000000000000000000 ) ) ;
#917 = AXIS2_PLACEMENT_3D ( 'NONE', #1383, #6988, #1307 ) ;
#918 = CARTESIAN_POINT ( 'NONE',  ( 12.41180006574744610, 2.880586703536741844, -5.204170427930421283E-15 ) ) ;
#919 = VERTEX_POINT ( 'NONE', #1453 ) ;
#920 = CARTESIAN_POINT ( 'NONE',  ( -9.497099640846636603, -8.105411651555860075, 0.000000000000000000 ) ) ;
#921 = CARTESIAN_POINT ( 'NONE',  ( -8.034402175150697545, -9.455639197970809207, 8.000000000000000000 ) ) ;
#922 = CARTESIAN_POINT ( 'NONE',  ( 6.231836464888956151, -8.988499347771035985, 8.000000000000000000 ) ) ;
#923 = CARTESIAN_POINT ( 'NONE',  ( -2.919073574173096652, 12.13967088095518498, 0.000000000000000000 ) ) ;
#924 = CARTESIAN_POINT ( 'NONE',  ( -6.611064424922830085, 11.22924223885650008, 8.000000000000000000 ) ) ;
#925 = CARTESIAN_POINT ( 'NONE',  ( -0.8074739252556281111, 12.00148937107102753, 0.000000000000000000 ) ) ;
#926 = CARTESIAN_POINT ( 'NONE',  ( -9.699971161947024356, 6.186699299581424505, 0.000000000000000000 ) ) ;
#927 = ORIENTED_EDGE ( 'NONE', *, *, #3609, .T. ) ;
#928 = ORIENTED_EDGE ( 'NONE', *, *, #2272, .F. ) ;
#929 = CARTESIAN_POINT ( 'NONE',  ( 6.560248542580159103, -10.81899503309350585, 8.000000000000000000 ) ) ;
#930 = CARTESIAN_POINT ( 'NONE',  ( 13.41765329629886416, 36.05253985009575501, 22.26727816506351232 ) ) ;
#931 = ADVANCED_FACE ( 'NONE', ( #6390 ), #5690, .F. ) ;
#932 = CARTESIAN_POINT ( 'NONE',  ( 10.02706299305999771, 6.338109664291340373, 8.000000000000000000 ) ) ;
#933 = CARTESIAN_POINT ( 'NONE',  ( 6.625183064395991472, -12.04862852623652536, 8.000000000000000000 ) ) ;
#934 = B_SPLINE_CURVE_WITH_KNOTS ( 'NONE', 3,
 ( #7163, #3383, #1397, #6455, #7202, #5925, #3301, #5298, #247, #204, #2766, #7745, #2182, #2057, #7117, #4583, #3463, #289, #4710, #7871, #4048, #7786, #4090, #6581, #2721, #6622, #912, #1440, #953 ),
 .UNSPECIFIED., .F., .F.,
 ( 4, 1, 1, 1, 1, 1, 1, 1, 1, 1, 1, 1, 1, 1, 1, 1, 1, 1, 1, 1, 1, 1, 1, 1, 1, 1, 4 ),
 ( 0.000000000000000000, 0.1659160033276295965, 0.1709059215442318702, 0.1766635194393565977, 0.1831887970181514669, 0.1904817542841364120, 0.1985423912398269763, 0.2073707078870824227, 0.2169667042273148716, 0.2273303802616240543, 0.2384617359908808021, 0.2503607714157882191, 0.2630274865369212067, 0.2764618813547564669, 0.2906639558696927361, 0.3056337100820685215, 0.3213711439921715929, 0.3378762576002502516, 0.3551490509065193812, 0.3731895239111665541, 0.3919976766143570268, 0.4115735090162354615, 0.4319170211169303109, 0.4530282129165571492, 0.4749070844152180060, 0.4975536356130058624, 0.5074316978669450862 ),
 .UNSPECIFIED. ) ;
#935 = CARTESIAN_POINT ( 'NONE',  ( 2.790132082466721286, -12.83440038321938204, 0.000000000000000000 ) ) ;
#936 = CARTESIAN_POINT ( 'NONE',  ( -2.644734409370904871, -13.32045193209911638, 0.000000000000000000 ) ) ;
#937 = CARTESIAN_POINT ( 'NONE',  ( -7.906868104074071368, 9.376012365377837554, 8.000000000000000000 ) ) ;
#938 = DIRECTION ( 'NONE',  ( -0.3090169943749485615, -0.9510565162951531981, 0.000000000000000000 ) ) ;
#939 = ORIENTED_EDGE ( 'NONE', *, *, #1597, .F. ) ;
#940 = CARTESIAN_POINT ( 'NONE',  ( -9.497099640846695223, 8.105411651555796126, 0.000000000000000000 ) ) ;
#941 = ADVANCED_FACE ( 'NONE', ( #1992 ), #152, .T. ) ;
#942 = CARTESIAN_POINT ( 'NONE',  ( 0.000000000000000000, 0.000000000000000000, 8.000000000000000000 ) ) ;
#943 = CARTESIAN_POINT ( 'NONE',  ( -11.94884645308974136, -5.198761634262900166, 0.000000000000000000 ) ) ;
#944 = CARTESIAN_POINT ( 'NONE',  ( 10.09620455160493435, -6.367618434587465792, 8.000000000000000000 ) ) ;
#945 = EDGE_CURVE ( 'NONE', #5501, #5748, #2156, .T. ) ;
#946 = CARTESIAN_POINT ( 'NONE',  ( -5.853360337646428491, 12.44189184801362025, 8.000000000000000000 ) ) ;
#947 = ORIENTED_EDGE ( 'NONE', *, *, #996, .T. ) ;
#948 = DIRECTION ( 'NONE',  ( -0.000000000000000000, -0.000000000000000000, 1.000000000000000000 ) ) ;
#949 = ORIENTED_EDGE ( 'NONE', *, *, #4891, .F. ) ;
#950 = CARTESIAN_POINT ( 'NONE',  ( 9.713655369616075674, 8.535381057717676967, 8.000000000000000000 ) ) ;
#951 = CARTESIAN_POINT ( 'NONE',  ( 7.850195268865046927, 9.338196514606311283, -5.204170427930421283E-15 ) ) ;
#952 = CARTESIAN_POINT ( 'NONE',  ( 4.476617511824125373, -11.16457150618545668, 0.000000000000000000 ) ) ;
#953 = CARTESIAN_POINT ( 'NONE',  ( -5.853360337646336120, -12.44189184801366288, 8.000000000000000000 ) ) ;
#954 = CARTESIAN_POINT ( 'NONE',  ( 7.749517416239518397, 33.55876610551257500, 16.85819456520870929 ) ) ;
#955 = CARTESIAN_POINT ( 'NONE',  ( 2.168342768942474130, 31.97461217240253717, 21.61616680320316419 ) ) ;
#956 = EDGE_LOOP ( 'NONE', ( #4245, #7421, #6201, #7217 ) ) ;
#957 = CARTESIAN_POINT ( 'NONE',  ( -10.32496896312096801, 3.608867157514771939, 0.000000000000000000 ) ) ;
#958 = EDGE_LOOP ( 'NONE', ( #2158, #4193, #8184, #103 ) ) ;
#959 = CARTESIAN_POINT ( 'NONE',  ( -8.544655887209446021, -7.152395453489273969, 0.000000000000000000 ) ) ;
#960 = CARTESIAN_POINT ( 'NONE',  ( -8.636712746112417349, -9.757522586729606928, 8.000000000000000000 ) ) ;
#961 = CARTESIAN_POINT ( 'NONE',  ( -6.231836464888828253, -8.988499347771126580, 8.000000000000000000 ) ) ;
#962 = CARTESIAN_POINT ( 'NONE',  ( 7.799976462038208602, 35.52862216845653620, 26.69378740028920660 ) ) ;
#963 = EDGE_CURVE ( 'NONE', #3487, #3558, #4893, .T. ) ;
#964 = CARTESIAN_POINT ( 'NONE',  ( -6.628700411335480602, 11.96219333340842539, 8.000000000000000000 ) ) ;
#965 = CARTESIAN_POINT ( 'NONE',  ( 13.68253893789366415, 34.51039847964633367, -13.19307392255489475 ) ) ;
#966 = CARTESIAN_POINT ( 'NONE',  ( 0.000000000000000000, 0.000000000000000000, 0.000000000000000000 ) ) ;
#967 = ORIENTED_EDGE ( 'NONE', *, *, #5761, .F. ) ;
#968 = EDGE_LOOP ( 'NONE', ( #1591, #6987, #263, #1033 ) ) ;
#969 = CARTESIAN_POINT ( 'NONE',  ( 13.57387004039616585, 1.668469543075243644, 8.000000000000000000 ) ) ;
#970 = LINE ( 'NONE', #4810, #908 ) ;
#971 = CARTESIAN_POINT ( 'NONE',  ( 11.96219333340835256, 6.628700411335609388, 0.000000000000000000 ) ) ;
#972 = CARTESIAN_POINT ( 'NONE',  ( 13.27225220462998578, -1.447204694645657153, 0.000000000000000000 ) ) ;
#973 = CARTESIAN_POINT ( 'NONE',  ( 2.880586703536698323, -12.41180006574745676, 8.000000000000000000 ) ) ;
#974 = CARTESIAN_POINT ( 'NONE',  ( 11.36047427339658711, 4.622531273494663751, 0.000000000000000000 ) ) ;
#975 = CYLINDRICAL_SURFACE ( 'NONE', #5666, 2.600000000000000089 ) ;
#976 = DIRECTION ( 'NONE',  ( 0.7605637668489719783, 0.000000000000000000, 0.6492632413409084036 ) ) ;
#977 = VERTEX_POINT ( 'NONE', #2382 ) ;
#978 = CARTESIAN_POINT ( 'NONE',  ( -9.338196514606172727, -7.850195268865215681, 8.000000000000000000 ) ) ;
#979 = CARTESIAN_POINT ( 'NONE',  ( -2.936066220363969581, -11.56976343863538048, 8.000000000000000000 ) ) ;
#980 = CARTESIAN_POINT ( 'NONE',  ( 8.743249532614955299, -9.801135538539412551, 0.000000000000000000 ) ) ;
#981 = CARTESIAN_POINT ( 'NONE',  ( 10.13775510802974722, -6.383929952666072438, 8.000000000000000000 ) ) ;
#982 = CARTESIAN_POINT ( 'NONE',  ( 4.476617511824125373, -11.16457150618545668, 8.000000000000000000 ) ) ;
#983 = ORIENTED_EDGE ( 'NONE', *, *, #2820, .F. ) ;
#984 = DIRECTION ( 'NONE',  ( 0.6898720223047398736, -0.2241530079268377329, -0.6883545756937476945 ) ) ;
#985 = ORIENTED_EDGE ( 'NONE', *, *, #4342, .F. ) ;
#986 = CARTESIAN_POINT ( 'NONE',  ( 10.02415449855976703, 9.411632514553680551, 8.000000000000000000 ) ) ;
#987 = CARTESIAN_POINT ( 'NONE',  ( 14.96413699696623745, 53.98208637014782596, 7.670174406971815628 ) ) ;
#988 = CARTESIAN_POINT ( 'NONE',  ( 4.668788839230941790, -11.41672744483948598, 0.000000000000000000 ) ) ;
#989 = DIRECTION ( 'NONE',  ( 0.2588190451025214611, -0.9659258262890679791, -0.000000000000000000 ) ) ;
#990 = CARTESIAN_POINT ( 'NONE',  ( 9.094348737717112385, 9.928529331195990792, 8.000000000000000000 ) ) ;
#991 = CARTESIAN_POINT ( 'NONE',  ( 9.392211555323701333, 10.01877448793506176, 0.000000000000000000 ) ) ;
#992 = ORIENTED_EDGE ( 'NONE', *, *, #5608, .T. ) ;
#993 = CARTESIAN_POINT ( 'NONE',  ( 12.72257526253001814, 2.817469215210413935, 8.000000000000000000 ) ) ;
#994 = ORIENTED_EDGE ( 'NONE', *, *, #7742, .T. ) ;
#995 = CARTESIAN_POINT ( 'NONE',  ( 13.37787302532247047, -1.521639563755274871, -5.204170427930421283E-15 ) ) ;
#996 = EDGE_CURVE ( 'NONE', #2501, #5469, #1880, .T. ) ;
#997 = CARTESIAN_POINT ( 'NONE',  ( 0.000000000000000000, 0.000000000000000000, 0.000000000000000000 ) ) ;
#998 = CARTESIAN_POINT ( 'NONE',  ( -2.584755384899907416, -13.48734665312604619, 8.000000000000000000 ) ) ;
#999 = CARTESIAN_POINT ( 'NONE',  ( 7.712199387396317718, 33.44391302250201647, 16.92882550158525490 ) ) ;
#1000 = CARTESIAN_POINT ( 'NONE',  ( -6.544354946388734717, 10.72875944066943887, 8.000000000000000000 ) ) ;
#1001 = CARTESIAN_POINT ( 'NONE',  ( 10.41722559423726224, 6.473761040516560428, 0.000000000000000000 ) ) ;
#1002 = CARTESIAN_POINT ( 'NONE',  ( -6.510080463201363798, 10.56312374806393350, 0.000000000000000000 ) ) ;
#1003 = DIRECTION ( 'NONE',  ( 0.000000000000000000, 0.000000000000000000, -1.000000000000000000 ) ) ;
#1004 = CARTESIAN_POINT ( 'NONE',  ( -10.48771353560521113, -6.492081297254504335, 0.000000000000000000 ) ) ;
#1005 = CARTESIAN_POINT ( 'NONE',  ( -11.87194576742586882, 0.7736152328232699382, 0.000000000000000000 ) ) ;
#1006 = EDGE_CURVE ( 'NONE', #5748, #6720, #6120, .T. ) ;
#1007 = CARTESIAN_POINT ( 'NONE',  ( -2.853169548885460483, 0.9270509831248444632, 8.000000000000000000 ) ) ;
#1008 = ORIENTED_EDGE ( 'NONE', *, *, #6308, .T. ) ;
#1009 = CARTESIAN_POINT ( 'NONE',  ( 12.97053397611293235, 1.251919511749509217, 8.000000000000000000 ) ) ;
#1010 = CARTESIAN_POINT ( 'NONE',  ( 11.08591166683797447, 4.425208852857910102, 0.000000000000000000 ) ) ;
#1011 = CARTESIAN_POINT ( 'NONE',  ( 10.91417308631835681, 6.575057906251854156, 0.000000000000000000 ) ) ;
#1012 = CARTESIAN_POINT ( 'NONE',  ( 2.577692551524224385, -13.50622083004037677, 0.000000000000000000 ) ) ;
#1013 = EDGE_CURVE ( 'NONE', #7945, #6892, #6797, .T. ) ;
#1014 = CARTESIAN_POINT ( 'NONE',  ( 2.577692551524224385, -13.50622083004037677, 0.000000000000000000 ) ) ;
#1015 = CARTESIAN_POINT ( 'NONE',  ( 11.20891349420027261, 4.507497455256226360, 0.000000000000000000 ) ) ;
#1016 = CARTESIAN_POINT ( 'NONE',  ( -12.23289380645680779, 0.8857088747961243680, 0.000000000000000000 ) ) ;
#1017 = DIRECTION ( 'NONE',  ( -0.000000000000000000, 0.000000000000000000, 1.000000000000000000 ) ) ;
#1018 = EDGE_LOOP ( 'NONE', ( #8039, #884, #759, #7701 ) ) ;
#1019 = CARTESIAN_POINT ( 'NONE',  ( -8.704427730807687169, -6.622827502596316585, 8.000000000000000000 ) ) ;
#1020 = CARTESIAN_POINT ( 'NONE',  ( -12.95019774290650716, 2.759358130927302533, 0.000000000000000000 ) ) ;
#1021 = APPROVAL ( #7520, 'æœª' ) ;
#1022 = CARTESIAN_POINT ( 'NONE',  ( 8.535381057717644993, -9.713655369616102320, 8.000000000000000000 ) ) ;
#1023 = DIRECTION ( 'NONE',  ( 0.2588190451025214611, -0.9659258262890679791, -0.000000000000000000 ) ) ;
#1024 = CARTESIAN_POINT ( 'NONE',  ( 4.622531273494623782, -11.36047427339660487, 0.000000000000000000 ) ) ;
#1025 = ORIENTED_EDGE ( 'NONE', *, *, #6212, .F. ) ;
#1026 = CARTESIAN_POINT ( 'NONE',  ( -10.70664486910372304, 4.210990906299862502, 8.000000000000000000 ) ) ;
#1027 = CARTESIAN_POINT ( 'NONE',  ( 3.722828303746088086, 42.48398489353029106, -16.80424034308709480 ) ) ;
#1028 = DIRECTION ( 'NONE',  ( 0.7605637668489716452, 0.000000000000000000, 0.6492632413409086256 ) ) ;
#1029 = CARTESIAN_POINT ( 'NONE',  ( 0.000000000000000000, 0.000000000000000000, 0.000000000000000000 ) ) ;
#1030 = CARTESIAN_POINT ( 'NONE',  ( 0.2416457505997640642, 10.93483029503508597, 8.000000000000000000 ) ) ;
#1031 = CARTESIAN_POINT ( 'NONE',  ( 12.31670401296928219, -2.895913797652378108, 8.000000000000000000 ) ) ;
#1032 = CARTESIAN_POINT ( 'NONE',  ( 8.105411651555689545, 9.497099640846785817, 0.000000000000000000 ) ) ;
#1033 = ORIENTED_EDGE ( 'NONE', *, *, #3131, .T. ) ;
#1034 = CARTESIAN_POINT ( 'NONE',  ( 2.426027031893982944, 55.70695240489689581, 14.14631555760632509 ) ) ;
#1035 = VERTEX_POINT ( 'NONE', #683 ) ;
#1036 = AXIS2_PLACEMENT_3D ( 'NONE', #5389, #7882, #2193 ) ;
#1037 = CARTESIAN_POINT ( 'NONE',  ( 13.27225220462998578, -1.447204694645657153, -5.204170427930421283E-15 ) ) ;
#1038 = ADVANCED_FACE ( 'NONE', ( #5145 ), #3943, .T. ) ;
#1039 = CYLINDRICAL_SURFACE ( 'NONE', #7355, 13.75000000000000000 ) ;
#1040 = CARTESIAN_POINT ( 'NONE',  ( -2.607747690737713508, -13.42510299666957607, 0.000000000000000000 ) ) ;
#1041 = LINE ( 'NONE', #2277, #2109 ) ;
#1042 = CARTESIAN_POINT ( 'NONE',  ( -6.383929952666185237, 10.13775510802967972, 8.000000000000000000 ) ) ;
#1043 = CARTESIAN_POINT ( 'NONE',  ( -1.521639563755414981, -13.37787302532245448, 0.000000000000000000 ) ) ;
#1044 = CARTESIAN_POINT ( 'NONE',  ( -6.560248542580080056, 10.81899503309355737, 0.000000000000000000 ) ) ;
#1045 = CIRCLE ( 'NONE', #7121, 13.75000000000000000 ) ;
#1046 = DIRECTION ( 'NONE',  ( -1.000000000000000000, 0.000000000000000000, 0.000000000000000000 ) ) ;
#1047 = VECTOR ( 'NONE', #7849, 1000.000000000000000 ) ;
#1048 = CARTESIAN_POINT ( 'NONE',  ( -10.13775510802965485, -6.383929952666218988, 0.000000000000000000 ) ) ;
#1049 = ORIENTED_EDGE ( 'NONE', *, *, #2272, .T. ) ;
#1050 = CARTESIAN_POINT ( 'NONE',  ( 11.41672744483946822, 4.668788839230981758, 8.000000000000000000 ) ) ;
#1051 = VERTEX_POINT ( 'NONE', #2541 ) ;
#1052 = CARTESIAN_POINT ( 'NONE',  ( -10.01877448793495873, 9.392211555323809691, 8.000000000000000000 ) ) ;
#1053 = CARTESIAN_POINT ( 'NONE',  ( 11.22924223885642547, 6.611064424922950877, 0.000000000000000000 ) ) ;
#1054 = CARTESIAN_POINT ( 'NONE',  ( 10.01877448794986591, 9.392211555377381060, 0.000000000000000000 ) ) ;
#1055 = CARTESIAN_POINT ( 'NONE',  ( -0.6963551242057667290, -11.48389212362418199, 8.000000000000000000 ) ) ;
#1056 = CARTESIAN_POINT ( 'NONE',  ( 7.798144649837262854, -9.301941798724717714, 8.000000000000000000 ) ) ;
#1057 = CARTESIAN_POINT ( 'NONE',  ( 11.41882079916532966, 35.43242669106265907, -9.749985545336734560 ) ) ;
#1058 = CARTESIAN_POINT ( 'NONE',  ( -4.668788839230860965, 11.41672744483952151, 0.000000000000000000 ) ) ;
#1059 = ORIENTED_EDGE ( 'NONE', *, *, #1372, .T. ) ;
#1060 = B_SPLINE_CURVE_WITH_KNOTS ( 'NONE', 3,
 ( #3326, #2582, #102, #2624, #5109, #7061, #7646, #2043, #813, #1264, #3241, #188, #4565, #5781, #4524, #2545, #4487, #1421, #6947, #3902, #3948, #5070, #1884, #6481, #6438, #4407, #5150, #645, #3783 ),
 .UNSPECIFIED., .F., .F.,
 ( 4, 1, 1, 1, 1, 1, 1, 1, 1, 1, 1, 1, 1, 1, 1, 1, 1, 1, 1, 1, 1, 1, 1, 1, 1, 1, 4 ),
 ( 0.000000000000000000, 0.1659160033276295965, 0.1709059215442318702, 0.1766635194393565977, 0.1831887970181514669, 0.1904817542841364120, 0.1985423912398269763, 0.2073707078870824227, 0.2169667042273148716, 0.2273303802616240543, 0.2384617359908808021, 0.2503607714157882191, 0.2630274865369212067, 0.2764618813547564669, 0.2906639558696927361, 0.3056337100820685215, 0.3213711439921715929, 0.3378762576002502516, 0.3551490509065193812, 0.3731895239111665541, 0.3919976766143570268, 0.4115735090162354615, 0.4319170211169303109, 0.4530282129165571492, 0.4749070844152180060, 0.4975536356130058624, 0.5074316978669450862 ),
 .UNSPECIFIED. ) ;
#1061 = EDGE_CURVE ( 'NONE', #7825, #5549, #4590, .T. ) ;
#1062 = CARTESIAN_POINT ( 'NONE',  ( -11.49488719732985942, 2.929367628693729575, 0.000000000000000000 ) ) ;
#1063 = CARTESIAN_POINT ( 'NONE',  ( -5.836552422531232409, -12.43077374740202323, 0.000000000000000000 ) ) ;
#1064 = ADVANCED_FACE ( 'NONE', ( #1999 ), #7685, .F. ) ;
#1065 = CARTESIAN_POINT ( 'NONE',  ( 8.034402175150832548, -9.455639197970691967, 8.000000000000000000 ) ) ;
#1066 = CIRCLE ( 'NONE', #7418, 5.000000000000000000 ) ;
#1067 = CARTESIAN_POINT ( 'NONE',  ( -8.034402175150697545, -9.455639197970809207, 8.000000000000000000 ) ) ;
#1068 = CARTESIAN_POINT ( 'NONE',  ( 4.161888422927172648, -10.33666240664857483, 0.000000000000000000 ) ) ;
#1069 = ORIENTED_EDGE ( 'NONE', *, *, #3430, .T. ) ;
#1070 = CARTESIAN_POINT ( 'NONE',  ( -6.588591420233394835, -11.01428446989504906, 8.000000000000000000 ) ) ;
#1071 = CARTESIAN_POINT ( 'NONE',  ( 13.86841724986809332, 34.01824172099044574, -13.30610390784111630 ) ) ;
#1072 = CARTESIAN_POINT ( 'NONE',  ( 8.743249532614738584, 9.801135538539602621, 8.000000000000000000 ) ) ;
#1073 = CARTESIAN_POINT ( 'NONE',  ( -2.938739567862291846, -11.61432090236923109, 0.000000000000000000 ) ) ;
#1074 = CARTESIAN_POINT ( 'NONE',  ( -5.689930116769317259, 12.33100786788148540, 0.000000000000000000 ) ) ;
#1075 = CARTESIAN_POINT ( 'NONE',  ( 8.636712746112342742, 9.757522586729669101, 8.000000000000000000 ) ) ;
#1076 = FACE_OUTER_BOUND ( 'NONE', #7158, .T. ) ;
#1077 = ORIENTED_EDGE ( 'NONE', *, *, #7496, .F. ) ;
#1078 = CARTESIAN_POINT ( 'NONE',  ( 13.50622083004036611, 2.577692551524272790, 8.000000000000000000 ) ) ;
#1079 = ORIENTED_EDGE ( 'NONE', *, *, #2342, .T. ) ;
#1080 = CARTESIAN_POINT ( 'NONE',  ( -11.05183112916328803, -4.404384806714172207, 8.000000000000000000 ) ) ;
#1081 = ORIENTED_EDGE ( 'NONE', *, *, #7030, .T. ) ;
#1082 = DIRECTION ( 'NONE',  ( 0.000000000000000000, 0.000000000000000000, -1.000000000000000000 ) ) ;
#1083 = CARTESIAN_POINT ( 'NONE',  ( -2.940530670474153840, -11.83979557596825671, 8.000000000000000000 ) ) ;
#1084 = CARTESIAN_POINT ( 'NONE',  ( -12.10906341627276284, -0.8412873393390452037, 0.000000000000000000 ) ) ;
#1085 = CARTESIAN_POINT ( 'NONE',  ( -13.48734665307395986, -2.584755384919285248, 8.000000000000000000 ) ) ;
#1086 = CARTESIAN_POINT ( 'NONE',  ( -0.8074739252556281111, -12.00148937107102931, 0.000000000000000000 ) ) ;
#1087 = CARTESIAN_POINT ( 'NONE',  ( -6.383929952666185237, 10.13775510802967972, 0.000000000000000000 ) ) ;
#1088 = DIRECTION ( 'NONE',  ( 0.8090169943749466741, 0.5877852522924742473, 0.000000000000000000 ) ) ;
#1089 = CARTESIAN_POINT ( 'NONE',  ( -12.04862852623655378, -6.625183064395943511, 0.000000000000000000 ) ) ;
#1090 = DIRECTION ( 'NONE',  ( -0.3090169943749481729, -0.9510565162951533091, 0.000000000000000000 ) ) ;
#1091 = CARTESIAN_POINT ( 'NONE',  ( -10.41722559423735639, 6.473761040516410326, 0.000000000000000000 ) ) ;
#1092 = ORIENTED_EDGE ( 'NONE', *, *, #1635, .F. ) ;
#1093 = CARTESIAN_POINT ( 'NONE',  ( 11.53698844606699758, 4.773939382173117529, 0.000000000000000000 ) ) ;
#1094 = CARTESIAN_POINT ( 'NONE',  ( 11.13701600410299619, 2.886444749237187857, 8.000000000000000000 ) ) ;
#1095 = CARTESIAN_POINT ( 'NONE',  ( 9.886832010614666544, 8.972047302895536092, 0.000000000000000000 ) ) ;
#1096 = CARTESIAN_POINT ( 'NONE',  ( -12.05320353502386155, 0.8231400688185195325, 8.000000000000000000 ) ) ;
#1097 = CARTESIAN_POINT ( 'NONE',  ( 11.47561408673054473, 4.719217338362343028, 0.000000000000000000 ) ) ;
#1098 = CARTESIAN_POINT ( 'NONE',  ( -5.286606996006981696, 12.02324651265879929, 0.000000000000000000 ) ) ;
#1099 = ORIENTED_EDGE ( 'NONE', *, *, #4904, .F. ) ;
#1100 = CARTESIAN_POINT ( 'NONE',  ( -12.05785317090585274, 2.927269694296032565, 0.000000000000000000 ) ) ;
#1101 = EDGE_CURVE ( 'NONE', #3477, #737, #6882, .T. ) ;
#1102 = CARTESIAN_POINT ( 'NONE',  ( 4.773939382173077561, -11.53698844606701357, 8.000000000000000000 ) ) ;
#1103 = CARTESIAN_POINT ( 'NONE',  ( -5.198761634262769604, -11.94884645308979820, 8.000000000000000000 ) ) ;
#1104 = CARTESIAN_POINT ( 'NONE',  ( -11.73452356626238746, -4.965029436117550432, 0.000000000000000000 ) ) ;
#1105 = CARTESIAN_POINT ( 'NONE',  ( -8.181339682155909898, -9.539420412438971653, 8.000000000000000000 ) ) ;
#1106 = CYLINDRICAL_SURFACE ( 'NONE', #4602, 13.75000000000000000 ) ;
#1107 = AXIS2_PLACEMENT_3D ( 'NONE', #5768, #50, #677 ) ;
#1108 = ORIENTED_EDGE ( 'NONE', *, *, #3109, .T. ) ;
#1109 = CARTESIAN_POINT ( 'NONE',  ( -6.626067776680073074, -12.02849558175092071, 0.000000000000000000 ) ) ;
#1110 = ADVANCED_FACE ( 'NONE', ( #7972 ), #6516, .T. ) ;
#1111 = CARTESIAN_POINT ( 'NONE',  ( 9.126433365741213777, -7.577720000373604492, 8.000000000000000000 ) ) ;
#1112 = CARTESIAN_POINT ( 'NONE',  ( 11.20891349420036498, -4.507497455255990104, 0.000000000000000000 ) ) ;
#1113 = CARTESIAN_POINT ( 'NONE',  ( -2.933454507433478131, -11.98057174878965192, 0.000000000000000000 ) ) ;
#1114 = CARTESIAN_POINT ( 'NONE',  ( -10.32496896312094670, -3.608867157514845214, 0.000000000000000000 ) ) ;
#1115 = CARTESIAN_POINT ( 'NONE',  ( 11.71764203423215100, -2.941792002708918385, -5.204170427930421283E-15 ) ) ;
#1116 = CARTESIAN_POINT ( 'NONE',  ( -13.57387004037415323, -1.668469543058270110, 8.000000000000000000 ) ) ;
#1117 = CARTESIAN_POINT ( 'NONE',  ( 11.96219333340835256, 6.628700411335609388, 8.000000000000000000 ) ) ;
#1118 = ORIENTED_EDGE ( 'NONE', *, *, #7641, .T. ) ;
#1119 = CARTESIAN_POINT ( 'NONE',  ( 10.32496896312099288, -3.608867157514701329, 8.000000000000000000 ) ) ;
#1120 = ORIENTED_EDGE ( 'NONE', *, *, #8088, .F. ) ;
#1121 = VECTOR ( 'NONE', #3849, 1000.000000000000000 ) ;
#1122 = CARTESIAN_POINT ( 'NONE',  ( -13.16905850672524814, -1.377525651863779288, -5.204170427930421283E-15 ) ) ;
#1123 = CARTESIAN_POINT ( 'NONE',  ( -2.708699257713637287, -10.80883218877870888, 8.000000000000000000 ) ) ;
#1124 = CARTESIAN_POINT ( 'NONE',  ( -2.817469215210279820, 12.72257526253004833, 0.000000000000000000 ) ) ;
#1125 = CARTESIAN_POINT ( 'NONE',  ( 2.933454507433649994, -11.98057174878960751, 8.000000000000000000 ) ) ;
#1126 = CARTESIAN_POINT ( 'NONE',  ( -0.7661213205046492059, -11.83751175313650172, 0.000000000000000000 ) ) ;
#1127 = CARTESIAN_POINT ( 'NONE',  ( 0.3745401112328330950, 10.98835135409583863, 0.000000000000000000 ) ) ;
#1128 = CARTESIAN_POINT ( 'NONE',  ( -9.757522586729574954, 8.636712746112451100, 8.000000000000000000 ) ) ;
#1129 = CARTESIAN_POINT ( 'NONE',  ( 9.301941798724861599, -7.798144649837091436, 0.000000000000000000 ) ) ;
#1130 = VECTOR ( 'NONE', #2839, 1000.000000000000114 ) ;
#1131 = CARTESIAN_POINT ( 'NONE',  ( -11.83751175313650528, 0.7661213205046079056, 0.000000000000000000 ) ) ;
#1132 = DIRECTION ( 'NONE',  ( -0.9659258262890678681, -0.2588190451025219052, 0.000000000000000000 ) ) ;
#1133 = VERTEX_POINT ( 'NONE', #350 ) ;
#1134 = CARTESIAN_POINT ( 'NONE',  ( -11.16457150618550465, 4.476617511824007245, 8.000000000000000000 ) ) ;
#1135 = CARTESIAN_POINT ( 'NONE',  ( 11.71732392095615971, 6.632284204934560279, 8.000000000000000000 ) ) ;
#1136 = CARTESIAN_POINT ( 'NONE',  ( -12.87548337994386394, 1.195724957047492376, 0.000000000000000000 ) ) ;
#1137 = EDGE_CURVE ( 'NONE', #7598, #7304, #6349, .T. ) ;
#1138 = EDGE_CURVE ( 'NONE', #4459, #2499, #224, .T. ) ;
#1139 = CARTESIAN_POINT ( 'NONE',  ( -1.143751547996471052, -12.78342018721907358, 8.000000000000000000 ) ) ;
#1140 = LINE ( 'NONE', #5447, #6033 ) ;
#1141 = CARTESIAN_POINT ( 'NONE',  ( 0.000000000000000000, 0.000000000000000000, 0.000000000000000000 ) ) ;
#1142 = CARTESIAN_POINT ( 'NONE',  ( -4.404384806714132239, 11.05183112916330401, 0.000000000000000000 ) ) ;
#1143 = ORIENTED_EDGE ( 'NONE', *, *, #6890, .T. ) ;
#1144 = CIRCLE ( 'NONE', #2581, 1.999999999999999334 ) ;
#1145 = CARTESIAN_POINT ( 'NONE',  ( -12.61481170127151152, 2.841541163098003420, 8.000000000000000000 ) ) ;
#1146 = CARTESIAN_POINT ( 'NONE',  ( -11.25643158326921522, -4.542018187747263624, 8.000000000000000000 ) ) ;
#1147 = CARTESIAN_POINT ( 'NONE',  ( -5.689930116769227553, -12.33100786788152448, 0.000000000000000000 ) ) ;
#1148 = CARTESIAN_POINT ( 'NONE',  ( 6.622827502596161153, 8.704427730807806185, 8.000000000000000000 ) ) ;
#1149 = CARTESIAN_POINT ( 'NONE',  ( -8.743249532614813191, -9.801135538539540448, 8.000000000000000000 ) ) ;
#1150 = DIRECTION ( 'NONE',  ( 1.000000000000000000, 0.000000000000000000, 0.000000000000000000 ) ) ;
#1151 = ORIENTED_EDGE ( 'NONE', *, *, #4902, .F. ) ;
#1152 = CARTESIAN_POINT ( 'NONE',  ( -6.588591420233394835, -11.01428446989504906, 0.000000000000000000 ) ) ;
#1153 = CARTESIAN_POINT ( 'NONE',  ( 9.376012365377921043, -7.906868104073965675, 8.000000000000000000 ) ) ;
#1154 = CARTESIAN_POINT ( 'NONE',  ( 8.439220299576927431, 9.669723885497100824, 8.000000000000000000 ) ) ;
#1155 = CARTESIAN_POINT ( 'NONE',  ( -4.833073392807659907, 11.60070094346936287, 0.000000000000000000 ) ) ;
#1156 = CARTESIAN_POINT ( 'NONE',  ( -3.149229626028930973, 10.47431425022859308, 8.000000000000000000 ) ) ;
#1157 = CARTESIAN_POINT ( 'NONE',  ( -12.60876818853258641, -1.051893166807204905, 8.000000000000000000 ) ) ;
#1158 = CARTESIAN_POINT ( 'NONE',  ( 7.559843807302373264, 32.97501076185008628, -9.043598091517250026 ) ) ;
#1159 = VERTEX_POINT ( 'NONE', #268 ) ;
#1160 = B_SPLINE_CURVE_WITH_KNOTS ( 'NONE', 3,
 ( #3367, #2902, #5480, #6147, #5526, #2368, #2322, #7430, #6805, #1129, #5438, #7966, #4846, #2282, #7379, #3647, #4806, #6190, #7342, #1661, #628, #3687, #1170, #1869, #5683, #3068, #5606, #6232, #669 ),
 .UNSPECIFIED., .F., .F.,
 ( 4, 1, 1, 1, 1, 1, 1, 1, 1, 1, 1, 1, 1, 1, 1, 1, 1, 1, 1, 1, 1, 1, 1, 1, 1, 1, 4 ),
 ( 0.000000000000000000, 0.1659160033276295965, 0.1709059215442318702, 0.1766635194393565977, 0.1831887970181514669, 0.1904817542841364120, 0.1985423912398269763, 0.2073707078870824227, 0.2169667042273148716, 0.2273303802616240543, 0.2384617359908808021, 0.2503607714157882191, 0.2630274865369212067, 0.2764618813547564669, 0.2906639558696927361, 0.3056337100820685215, 0.3213711439921715929, 0.3378762576002502516, 0.3551490509065193812, 0.3731895239111665541, 0.3919976766143570268, 0.4115735090162354615, 0.4319170211169303109, 0.4530282129165571492, 0.4749070844152180060, 0.4975536356130058624, 0.5074316978669446421 ),
 .UNSPECIFIED. ) ;
#1161 = PLANE ( 'NONE',  #7877 ) ;
#1162 = ORIENTED_EDGE ( 'NONE', *, *, #5175, .F. ) ;
#1163 = EDGE_CURVE ( 'NONE', #5224, #1477, #2248, .T. ) ;
#1164 = CARTESIAN_POINT ( 'NONE',  ( -7.906868104074071368, 9.376012365377837554, 0.000000000000000000 ) ) ;
#1165 = CARTESIAN_POINT ( 'NONE',  ( 0.3745401174987959547, 10.98835135702194421, 0.000000000000000000 ) ) ;
#1166 = CARTESIAN_POINT ( 'NONE',  ( 13.62725512489046586, 34.64282355277933334, 22.12375178662529507 ) ) ;
#1167 = CARTESIAN_POINT ( 'NONE',  ( -1.095856395948400674, -12.69447357664507336, 0.000000000000000000 ) ) ;
#1168 = CARTESIAN_POINT ( 'NONE',  ( 0.000000000000000000, 0.000000000000000000, 0.000000000000000000 ) ) ;
#1169 = DIRECTION ( 'NONE',  ( -0.7237771210982809622, -0.1939354950984082115, 0.6622202826217418181 ) ) ;
#1170 = CARTESIAN_POINT ( 'NONE',  ( 9.844302869038704884, -8.855020039374934981, 0.000000000000000000 ) ) ;
#1171 = VECTOR ( 'NONE', #7942, 1000.000000000000000 ) ;
#1172 = ORIENTED_EDGE ( 'NONE', *, *, #239, .T. ) ;
#1173 = CARTESIAN_POINT ( 'NONE',  ( -10.23507608951707049, 6.418760976341326696, 8.000000000000000000 ) ) ;
#1174 = ORIENTED_EDGE ( 'NONE', *, *, #6331, .F. ) ;
#1175 = CARTESIAN_POINT ( 'NONE',  ( -10.70664486910372304, 4.210990906299862502, 0.000000000000000000 ) ) ;
#1176 = VECTOR ( 'NONE', #1246, 1000.000000000000000 ) ;
#1177 = FACE_OUTER_BOUND ( 'NONE', #784, .T. ) ;
#1178 = CYLINDRICAL_SURFACE ( 'NONE', #2780, 10.93750000000000178 ) ;
#1179 = VECTOR ( 'NONE', #2927, 1000.000000000000000 ) ;
#1180 = CARTESIAN_POINT ( 'NONE',  ( -1.709570872969507382, -13.62596226217982753, 8.000000000000000000 ) ) ;
#1181 = CARTESIAN_POINT ( 'NONE',  ( 10.32496896312091827, 3.608867157514917157, 0.000000000000000000 ) ) ;
#1182 = DIRECTION ( 'NONE',  ( 1.000000000000000000, 0.000000000000000000, 0.000000000000000000 ) ) ;
#1183 = CARTESIAN_POINT ( 'NONE',  ( -4.449236289362094254, 11.12353076645872108, 0.000000000000000000 ) ) ;
#1184 = VERTEX_POINT ( 'NONE', #5985 ) ;
#1185 = CARTESIAN_POINT ( 'NONE',  ( 11.11684438996337221, -0.7639867559469517566, 8.000000000000000000 ) ) ;
#1186 = CARTESIAN_POINT ( 'NONE',  ( -11.16457150618547267, -4.476617511824087181, 8.000000000000000000 ) ) ;
#1187 = CARTESIAN_POINT ( 'NONE',  ( -4.542018187747140168, -11.25643158326926141, 0.000000000000000000 ) ) ;
#1188 = CARTESIAN_POINT ( 'NONE',  ( -0.8857088747961672226, 12.23289380645680424, 0.000000000000000000 ) ) ;
#1189 = CARTESIAN_POINT ( 'NONE',  ( -8.439220299577000262, -9.669723885497038651, 0.000000000000000000 ) ) ;
#1190 = CARTESIAN_POINT ( 'NONE',  ( -9.234787594130748900, -7.707558585906912008, 8.000000000000000000 ) ) ;
#1191 = ORIENTED_EDGE ( 'NONE', *, *, #7680, .T. ) ;
#1192 = CARTESIAN_POINT ( 'NONE',  ( 10.01877448793502978, -9.392211555323736860, 8.000000000000000000 ) ) ;
#1193 = CARTESIAN_POINT ( 'NONE',  ( 9.301941798724861599, -7.798144649837091436, 8.000000000000000000 ) ) ;
#1194 = CARTESIAN_POINT ( 'NONE',  ( 7.584824908128059207, 33.05189468460183377, -9.043598091517246473 ) ) ;
#1195 = VECTOR ( 'NONE', #2561, 1000.000000000000000 ) ;
#1196 = EDGE_CURVE ( 'NONE', #610, #5514, #4994, .T. ) ;
#1197 = CARTESIAN_POINT ( 'NONE',  ( -10.47431425022860374, 3.149229626028895446, 8.000000000000000000 ) ) ;
#1198 = CARTESIAN_POINT ( 'NONE',  ( 11.49488719732987718, -2.929367628693651415, -5.204170427930421283E-15 ) ) ;
#1199 = CARTESIAN_POINT ( 'NONE',  ( 7.965985411668176752, 36.57779459820535806, 17.73355019412369060 ) ) ;
#1200 = CARTESIAN_POINT ( 'NONE',  ( 8.535381057717644993, -9.713655369616102320, 0.000000000000000000 ) ) ;
#1201 = ORIENTED_EDGE ( 'NONE', *, *, #841, .F. ) ;
#1202 = FACE_OUTER_BOUND ( 'NONE', #6680, .T. ) ;
#1203 = ORIENTED_EDGE ( 'NONE', *, *, #5257, .T. ) ;
#1204 = CARTESIAN_POINT ( 'NONE',  ( -9.411632514553501139, -10.02415449855993757, 8.000000000000000000 ) ) ;
#1205 = CARTESIAN_POINT ( 'NONE',  ( -13.37787302532244915, -1.521639563755461833, 0.000000000000000000 ) ) ;
#1206 = CARTESIAN_POINT ( 'NONE',  ( 13.88915794855908281, 33.93368208828053412, 22.18512053549691387 ) ) ;
#1207 = CARTESIAN_POINT ( 'NONE',  ( -9.442776183394581579, -5.916238915412262322, 8.000000000000000000 ) ) ;
#1208 = CARTESIAN_POINT ( 'NONE',  ( 12.52642403931681514, 1.011712205769053741, 0.000000000000000000 ) ) ;
#1209 = CARTESIAN_POINT ( 'NONE',  ( -9.713655369616196467, 8.535381057717536635, 8.000000000000000000 ) ) ;
#1210 = CARTESIAN_POINT ( 'NONE',  ( 0.9751606640715431151, -12.44755643926125543, 8.000000000000000000 ) ) ;
#1211 = CARTESIAN_POINT ( 'NONE',  ( -12.16898868378441989, 0.8620871873791865481, 8.000000000000000000 ) ) ;
#1212 = CARTESIAN_POINT ( 'NONE',  ( -11.85123473191540455, 6.631537913675494167, 8.000000000000000000 ) ) ;
#1213 = CARTESIAN_POINT ( 'NONE',  ( 11.80431640392009029, 5.038066446831312106, 0.000000000000000000 ) ) ;
#1214 = EDGE_CURVE ( 'NONE', #3980, #856, #4773, .T. ) ;
#1215 = CARTESIAN_POINT ( 'NONE',  ( 13.50622083004036611, 2.577692551524272790, 8.000000000000000000 ) ) ;
#1216 = CARTESIAN_POINT ( 'NONE',  ( -13.16905850672525702, 1.377525651863687584, 0.000000000000000000 ) ) ;
#1217 = DIRECTION ( 'NONE',  ( 0.000000000000000000, 0.000000000000000000, 1.000000000000000000 ) ) ;
#1218 = CARTESIAN_POINT ( 'NONE',  ( -13.50622083004039986, 2.577692551524081832, 8.000000000000000000 ) ) ;
#1219 = CARTESIAN_POINT ( 'NONE',  ( -6.510080463201289191, -10.56312374806397791, 8.000000000000000000 ) ) ;
#1220 = ORIENTED_EDGE ( 'NONE', *, *, #1544, .F. ) ;
#1221 = CARTESIAN_POINT ( 'NONE',  ( 12.97053397611296077, -1.251919511749237435, 8.000000000000000000 ) ) ;
#1222 = VERTEX_POINT ( 'NONE', #1012 ) ;
#1223 = CARTESIAN_POINT ( 'NONE',  ( 5.477724940116941887, -12.17545110014125243, 8.000000000000000000 ) ) ;
#1224 = CARTESIAN_POINT ( 'NONE',  ( -4.425208852857711150, -11.08591166683805262, 8.000000000000000000 ) ) ;
#1225 = CARTESIAN_POINT ( 'NONE',  ( -1.312474532673086891, 13.06843834723477649, 8.000000000000000000 ) ) ;
#1226 = CARTESIAN_POINT ( 'NONE',  ( -8.262247439007758487, -9.582420452220659968, 0.000000000000000000 ) ) ;
#1227 = VERTEX_POINT ( 'NONE', #3522 ) ;
#1228 = CARTESIAN_POINT ( 'NONE',  ( -9.149886257342867424, -7.604022508570406735, 8.000000000000000000 ) ) ;
#1229 =( BOUNDED_CURVE ( )  B_SPLINE_CURVE ( 3, ( #3284, #58, #7567, #5068 ),
 .UNSPECIFIED., .F., .F. ) 
 B_SPLINE_CURVE_WITH_KNOTS ( ( 4, 4 ),
 ( 4.651194585599496278, 5.488018915308453316 ),
 .UNSPECIFIED. ) 
 CURVE ( )  GEOMETRIC_REPRESENTATION_ITEM ( )  RATIONAL_B_SPLINE_CURVE ( ( 1.000000000000000000, 0.9424901635797029442, 0.9424901635797029442, 1.000000000000000000 ) ) 
 REPRESENTATION_ITEM ( '' )  );
#1230 = CARTESIAN_POINT ( 'NONE',  ( -2.941794575437281178, 11.77637575328570385, 8.000000000000000000 ) ) ;
#1231 = VERTEX_POINT ( 'NONE', #7140 ) ;
#1232 = CARTESIAN_POINT ( 'NONE',  ( 11.11684438996311286, 0.7639867559472235392, 8.000000000000000000 ) ) ;
#1233 = CARTESIAN_POINT ( 'NONE',  ( 9.757522586729640679, -8.636712746112378269, -5.204170427930421283E-15 ) ) ;
#1234 = CARTESIAN_POINT ( 'NONE',  ( 12.44189184801367709, -5.853360337646297928, 0.000000000000000000 ) ) ;
#1235 = EDGE_CURVE ( 'NONE', #3338, #5856, #4218, .T. ) ;
#1236 = CARTESIAN_POINT ( 'NONE',  ( 12.05785317090581010, 2.927269694296203095, 0.000000000000000000 ) ) ;
#1237 = CARTESIAN_POINT ( 'NONE',  ( 11.52995163726280303, -2.932881190150406603, 8.000000000000000000 ) ) ;
#1238 = CARTESIAN_POINT ( 'NONE',  ( 10.72875944066936604, 6.544354946388849292, 8.000000000000000000 ) ) ;
#1239 = ORIENTED_EDGE ( 'NONE', *, *, #2875, .T. ) ;
#1240 = CARTESIAN_POINT ( 'NONE',  ( -11.30699639290205560, -4.580317944817435816, 8.000000000000000000 ) ) ;
#1241 = ORIENTED_EDGE ( 'NONE', *, *, #3083, .F. ) ;
#1242 = CARTESIAN_POINT ( 'NONE',  ( -8.535381057717573938, 9.713655369616169821, 0.000000000000000000 ) ) ;
#1243 = CARTESIAN_POINT ( 'NONE',  ( 10.80883218877871599, -2.708699257713604869, 8.000000000000000000 ) ) ;
#1244 = CARTESIAN_POINT ( 'NONE',  ( 2.644734409371096717, -13.32045193209907907, 8.000000000000000000 ) ) ;
#1245 = CARTESIAN_POINT ( 'NONE',  ( -11.58812316373720819, -6.630420918280161224, 8.000000000000000000 ) ) ;
#1246 = DIRECTION ( 'NONE',  ( -0.000000000000000000, 0.000000000000000000, -1.000000000000000000 ) ) ;
#1247 = CYLINDRICAL_SURFACE ( 'NONE', #5764, 13.75000000000000000 ) ;
#1248 = CARTESIAN_POINT ( 'NONE',  ( 1.195724957047537229, -12.87548337994386038, 0.000000000000000000 ) ) ;
#1249 = CARTESIAN_POINT ( 'NONE',  ( 8.704427730807783092, -6.622827502596192240, 8.000000000000000000 ) ) ;
#1250 = CARTESIAN_POINT ( 'NONE',  ( 12.33100786788142322, 5.689930116769447821, 0.000000000000000000 ) ) ;
#1251 = CARTESIAN_POINT ( 'NONE',  ( 13.32045193209906842, 2.644734409371143347, 8.000000000000000000 ) ) ;
#1252 = CARTESIAN_POINT ( 'NONE',  ( 9.204216794247480848, 7.668835209823122057, 0.000000000000000000 ) ) ;
#1253 = CARTESIAN_POINT ( 'NONE',  ( -1.051893166807160940, -12.60876818853259174, 8.000000000000000000 ) ) ;
#1254 = CARTESIAN_POINT ( 'NONE',  ( -5.853360337646424938, 12.44189184801361847, 8.000000000000000000 ) ) ;
#1255 = EDGE_CURVE ( 'NONE', #6134, #3061, #1462, .T. ) ;
#1256 = VERTEX_POINT ( 'NONE', #1987 ) ;
#1257 = CARTESIAN_POINT ( 'NONE',  ( 6.338109664291305734, -10.02706299306001902, 8.000000000000000000 ) ) ;
#1258 = EDGE_LOOP ( 'NONE', ( #3737, #6193, #6364, #4923 ) ) ;
#1259 = EDGE_CURVE ( 'NONE', #6523, #333, #1943, .T. ) ;
#1260 = CARTESIAN_POINT ( 'NONE',  ( 6.352286767647669308, -10.05932550694754823, 8.000000000000000000 ) ) ;
#1261 = CARTESIAN_POINT ( 'NONE',  ( 6.231836464888956151, -8.988499347771035985, 0.000000000000000000 ) ) ;
#1262 = DIRECTION ( 'NONE',  ( 0.000000000000000000, 0.000000000000000000, 1.000000000000000000 ) ) ;
#1263 = CARTESIAN_POINT ( 'NONE',  ( -1.051893166807160940, 12.60876818853258996, 0.000000000000000000 ) ) ;
#1264 = CARTESIAN_POINT ( 'NONE',  ( -0.8412873393390029042, -12.10906341627276639, 8.000000000000000000 ) ) ;
#1265 = VERTEX_POINT ( 'NONE', #169 ) ;
#1266 = DIRECTION ( 'NONE',  ( 0.000000000000000000, 0.000000000000000000, 1.000000000000000000 ) ) ;
#1267 = CARTESIAN_POINT ( 'NONE',  ( 12.05320353502385267, 0.8231400688186875092, 8.000000000000000000 ) ) ;
#1268 = ORIENTED_EDGE ( 'NONE', *, *, #7432, .F. ) ;
#1269 = CARTESIAN_POINT ( 'NONE',  ( -6.492081297254395089, -10.48771353560528219, 8.000000000000000000 ) ) ;
#1270 = CIRCLE ( 'NONE', #2713, 10.93750000000000178 ) ;
#1271 = CARTESIAN_POINT ( 'NONE',  ( 2.377405033752133967, 32.70217614808166218, -13.64083950588321059 ) ) ;
#1272 = CARTESIAN_POINT ( 'NONE',  ( 11.61432090236917603, 2.938739567862500124, 0.000000000000000000 ) ) ;
#1273 = CARTESIAN_POINT ( 'NONE',  ( -2.919073574173096652, 12.13967088095518498, 8.000000000000000000 ) ) ;
#1274 = CARTESIAN_POINT ( 'NONE',  ( 8.262247439007897043, -9.582420452220537399, 0.000000000000000000 ) ) ;
#1275 = ORIENTED_EDGE ( 'NONE', *, *, #8119, .F. ) ;
#1276 = CARTESIAN_POINT ( 'NONE',  ( 11.80431640392019865, -5.038066446831065193, 0.000000000000000000 ) ) ;
#1277 = EDGE_CURVE ( 'NONE', #7111, #610, #7627, .T. ) ;
#1278 = ORIENTED_EDGE ( 'NONE', *, *, #68, .T. ) ;
#1279 = CARTESIAN_POINT ( 'NONE',  ( -8.262247439007827765, 9.582420452220601348, 0.000000000000000000 ) ) ;
#1280 = CARTESIAN_POINT ( 'NONE',  ( 10.80883218877871599, -2.708699257713604869, 0.000000000000000000 ) ) ;
#1281 = CARTESIAN_POINT ( 'NONE',  ( 13.80705881221077647, 34.29774307739003092, 22.19831019767410751 ) ) ;
#1282 = CARTESIAN_POINT ( 'NONE',  ( 11.71732392095615971, 6.632284204934560279, 0.000000000000000000 ) ) ;
#1283 = CARTESIAN_POINT ( 'NONE',  ( 0.000000000000000000, 0.000000000000000000, 0.000000000000000000 ) ) ;
#1284 = FACE_OUTER_BOUND ( 'NONE', #7699, .T. ) ;
#1285 = FACE_OUTER_BOUND ( 'NONE', #3287, .T. ) ;
#1286 = VECTOR ( 'NONE', #7879, 1000.000000000000000 ) ;
#1287 = EDGE_CURVE ( 'NONE', #2052, #3938, #6348, .T. ) ;
#1288 = CARTESIAN_POINT ( 'NONE',  ( 10.93483029503508774, -0.2416457505996495170, 8.000000000000000000 ) ) ;
#1289 = CARTESIAN_POINT ( 'NONE',  ( -11.12353076645873706, 4.449236289362055174, 8.000000000000000000 ) ) ;
#1290 = CARTESIAN_POINT ( 'NONE',  ( 12.31670401296922179, 2.895913797652636124, 8.000000000000000000 ) ) ;
#1291 = CARTESIAN_POINT ( 'NONE',  ( 9.175863790627152738, 7.634358818669958247, 0.000000000000000000 ) ) ;
#1292 = VECTOR ( 'NONE', #5659, 1000.000000000000114 ) ;
#1293 = CARTESIAN_POINT ( 'NONE',  ( -11.73452356626238746, -4.965029436117550432, 0.000000000000000000 ) ) ;
#1294 = CARTESIAN_POINT ( 'NONE',  ( 11.16457150618543892, 4.476617511824165341, 0.000000000000000000 ) ) ;
#1295 = PERSON_AND_ORGANIZATION ( #316, #4205 ) ;
#1296 = EDGE_CURVE ( 'NONE', #2353, #3980, #2895, .T. ) ;
#1297 = ORIENTED_EDGE ( 'NONE', *, *, #356, .T. ) ;
#1298 = CIRCLE ( 'NONE', #6863, 13.75000000000000000 ) ;
#1299 = CARTESIAN_POINT ( 'NONE',  ( 5.888647198257520365, 32.97146473983544723, -17.02006142601397087 ) ) ;
#1300 = CARTESIAN_POINT ( 'NONE',  ( -0.7941151212463513076, 11.95399604505280600, 8.000000000000000000 ) ) ;
#1301 = DIRECTION ( 'NONE',  ( 0.7605637668489716452, 0.000000000000000000, 0.6492632413409086256 ) ) ;
#1302 = CARTESIAN_POINT ( 'NONE',  ( 13.50622083004042118, -2.577692551523988129, 8.000000000000000000 ) ) ;
#1303 = CARTESIAN_POINT ( 'NONE',  ( -0.9420826277741565224, 12.37227591337642352, 0.000000000000000000 ) ) ;
#1304 = VECTOR ( 'NONE', #647, 1000.000000000000000 ) ;
#1305 = CARTESIAN_POINT ( 'NONE',  ( -11.56976343863536982, 2.936066220364013102, 0.000000000000000000 ) ) ;
#1306 = EDGE_LOOP ( 'NONE', ( #3195, #6236, #4355, #4768, #7647, #5110, #4329, #1433, #3273, #6037, #1692, #2784, #7062, #1120, #5517, #3314, #1099, #4664, #1850, #3044, #3837, #2971, #1457, #7246, #1974, #5268, #1151, #3638, #6978, #8107, #4974, #4935, #4867, #6628, #2738, #4858, #2793, #2126, #8118, #7136, #5118, #6049, #2930, #7320, #2014, #2593, #7236, #3233, #8015, #3636, #3691, #1191, #5572, #7343, #7481, #7856, #1897, #4132, #6647, #5246, #6792, #5081, #6299, #4817, #4836, #5877, #4381, #230, #5693, #2044, #25, #447, #6717, #344, #983, #6753, #5394, #6877, #3560 ) ) ;
#1307 = DIRECTION ( 'NONE',  ( -1.000000000000000000, 0.000000000000000000, 0.000000000000000000 ) ) ;
#1308 = CC_DESIGN_APPROVAL ( #4098, ( #6341 ) ) ;
#1309 = CARTESIAN_POINT ( 'NONE',  ( 12.00148937107101865, 0.8074739252557537883, 0.000000000000000000 ) ) ;
#1310 = CARTESIAN_POINT ( 'NONE',  ( -6.186699299581391642, -9.699971161947047449, 8.000000000000000000 ) ) ;
#1311 = EDGE_CURVE ( 'NONE', #1159, #3658, #2430, .T. ) ;
#1312 = DIRECTION ( 'NONE',  ( -0.6396556736767861073, -0.1713952211956810967, 0.7493092133988347170 ) ) ;
#1313 = CARTESIAN_POINT ( 'NONE',  ( 0.000000000000000000, 0.000000000000000000, 8.000000000000000000 ) ) ;
#1314 = CARTESIAN_POINT ( 'NONE',  ( 0.8231400688185612768, -12.05320353502385977, 0.000000000000000000 ) ) ;
#1315 = ORIENTED_EDGE ( 'NONE', *, *, #2910, .T. ) ;
#1316 = CARTESIAN_POINT ( 'NONE',  ( 11.30699639290211600, -4.580317944817275944, 0.000000000000000000 ) ) ;
#1317 = ORIENTED_EDGE ( 'NONE', *, *, #4556, .T. ) ;
#1318 = CARTESIAN_POINT ( 'NONE',  ( -10.05932550694757133, -6.352286767647629340, 8.000000000000000000 ) ) ;
#1319 = CARTESIAN_POINT ( 'NONE',  ( 11.13701600410305659, -2.886444749236957374, 0.000000000000000000 ) ) ;
#1320 = CARTESIAN_POINT ( 'NONE',  ( 0.9123192481543054289, -12.30068812565076364, 8.000000000000000000 ) ) ;
#1321 = CARTESIAN_POINT ( 'NONE',  ( -10.35164078446979374, -6.455308898419827024, 8.000000000000000000 ) ) ;
#1322 = CARTESIAN_POINT ( 'NONE',  ( 12.05320353502385267, 0.8231400688186875092, 0.000000000000000000 ) ) ;
#1323 = CARTESIAN_POINT ( 'NONE',  ( -10.02415449855990204, 9.411632514553531337, 8.000000000000000000 ) ) ;
#1324 = AXIS2_PLACEMENT_3D ( 'NONE', #3069, #3648, #1090 ) ;
#1325 = CARTESIAN_POINT ( 'NONE',  ( 1.600954125870927891, -13.48577048812304113, 8.000000000000000000 ) ) ;
#1326 = VECTOR ( 'NONE', #2580, 1000.000000000000227 ) ;
#1327 = CARTESIAN_POINT ( 'NONE',  ( -4.507497455256024743, -11.20891349420035255, 0.000000000000000000 ) ) ;
#1328 = CARTESIAN_POINT ( 'NONE',  ( -9.442776183394450129, 5.916238915412022514, 8.000000000000000000 ) ) ;
#1329 = DIRECTION ( 'NONE',  ( -0.000000000000000000, 0.000000000000000000, -1.000000000000000000 ) ) ;
#1330 = CARTESIAN_POINT ( 'NONE',  ( 9.301941798724689292, 7.798144649837294828, 0.000000000000000000 ) ) ;
#1331 = CARTESIAN_POINT ( 'NONE',  ( -10.00078975079088472, 9.328340841197649169, 0.000000000000000000 ) ) ;
#1332 = FACE_OUTER_BOUND ( 'NONE', #4911, .T. ) ;
#1333 = CARTESIAN_POINT ( 'NONE',  ( -11.83979557596824783, 2.940530670474199137, 8.000000000000000000 ) ) ;
#1334 = CALENDAR_DATE ( 2026, 8, 5 ) ;
#1335 = VERTEX_POINT ( 'NONE', #5724 ) ;
#1336 = B_SPLINE_SURFACE_WITH_KNOTS ( 'NONE', 3, 1, ( 
 ( #5408, #2256 ),
 ( #7107, #1427 ),
 ( #2294, #3616 ),
 ( #567, #6733 ),
 ( #4194, #4905 ),
 ( #2917, #8017 ),
 ( #6118, #1020 ),
 ( #5451, #1761 ),
 ( #7443, #1636 ),
 ( #1145, #4278 ),
 ( #1718, #7354 ),
 ( #4819, #4323 ),
 ( #2955, #6821 ),
 ( #3082, #8137 ),
 ( #1676, #2336 ),
 ( #4156, #1100 ),
 ( #6162, #482 ),
 ( #1802, #7397 ),
 ( #8063, #4238 ),
 ( #5619, #4780 ),
 ( #3530, #7315 ),
 ( #6692, #6079 ),
 ( #6859, #400 ),
 ( #7978, #4860 ),
 ( #440, #3659 ),
 ( #3000, #1062 ),
 ( #3571, #6774 ),
 ( #5495, #2381 ),
 ( #2421, #5540 ) ),
 .UNSPECIFIED., .F., .F., .F.,
 ( 4, 1, 1, 1, 1, 1, 1, 1, 1, 1, 1, 1, 1, 1, 1, 1, 1, 1, 1, 1, 1, 1, 1, 1, 1, 1, 4 ),
 ( 2, 2 ),
 ( 0.4925683021194536271, 0.5024463643869940821, 0.5250929155847819940, 0.5469717870834428508, 0.5680829788830696891, 0.5884264909837645385, 0.6080023233856429732, 0.6268104760888334459, 0.6448509490934806188, 0.6621237423997496929, 0.6786288560078284071, 0.6943662899179314785, 0.7093360441303072639, 0.7235381186452435331, 0.7369725134630787933, 0.7496392285842117253, 0.7615382640091191702, 0.7726696197383760012, 0.7830332957726851006, 0.7926292921129175495, 0.8014576087601730237, 0.8095182457158636158, 0.8168112029818485054, 0.8233364805606433467, 0.8290940784557681020, 0.8340839966723704313, 1.000000000000000000 ),
 ( 0.000000000000000000, 1.000000000000000000 ),
 .UNSPECIFIED. ) ;
#1337 = CARTESIAN_POINT ( 'NONE',  ( 12.23289380645681312, -0.8857088747960388808, 8.000000000000000000 ) ) ;
#1338 = DIRECTION ( 'NONE',  ( 0.7557820683608847956, 0.2025111948712226828, 0.6227219934256156275 ) ) ;
#1339 = CARTESIAN_POINT ( 'NONE',  ( 6.186699299581528422, -9.699971161946956855, 0.000000000000000000 ) ) ;
#1340 = CARTESIAN_POINT ( 'NONE',  ( 8.309755431599423758, 35.28300142228546576, -9.043598091517251802 ) ) ;
#1341 = CARTESIAN_POINT ( 'NONE',  ( -6.619621129381116020, -11.34404188716891859, 0.000000000000000000 ) ) ;
#1342 = CARTESIAN_POINT ( 'NONE',  ( -12.13967088095519209, 2.919073574173051799, 0.000000000000000000 ) ) ;
#1343 = ORIENTED_EDGE ( 'NONE', *, *, #1374, .F. ) ;
#1344 = CARTESIAN_POINT ( 'NONE',  ( -11.85123473191540455, 6.631537913675494167, 8.000000000000000000 ) ) ;
#1345 = CARTESIAN_POINT ( 'NONE',  ( 12.16898868378440923, 0.8620871873793566342, 8.000000000000000000 ) ) ;
#1346 = ADVANCED_FACE ( 'NONE', ( #1403 ), #747, .T. ) ;
#1347 = CARTESIAN_POINT ( 'NONE',  ( 12.78342018721905760, 1.143751547996604945, 8.000000000000000000 ) ) ;
#1348 = CARTESIAN_POINT ( 'NONE',  ( -6.632284204934435934, 11.71732392095623609, 0.000000000000000000 ) ) ;
#1349 = CARTESIAN_POINT ( 'NONE',  ( 11.46368139467884006, -6.626136714284544205, 0.000000000000000000 ) ) ;
#1350 = EDGE_CURVE ( 'NONE', #1708, #4121, #398, .T. ) ;
#1351 = CARTESIAN_POINT ( 'NONE',  ( 0.9751606640715431151, -12.44755643926125543, 0.000000000000000000 ) ) ;
#1352 = ORIENTED_EDGE ( 'NONE', *, *, #5327, .F. ) ;
#1353 = CARTESIAN_POINT ( 'NONE',  ( 11.53698844606709883, -4.773939382172875945, 0.000000000000000000 ) ) ;
#1354 = ORIENTED_EDGE ( 'NONE', *, *, #996, .F. ) ;
#1355 = CARTESIAN_POINT ( 'NONE',  ( -11.95399604505280244, -0.7941151212463930520, -5.204170427930421283E-15 ) ) ;
#1356 = EDGE_CURVE ( 'NONE', #3519, #6657, #7917, .T. ) ;
#1357 = CARTESIAN_POINT ( 'NONE',  ( 12.55047329675272394, 35.73565206390387061, -11.82079771924120415 ) ) ;
#1358 = CARTESIAN_POINT ( 'NONE',  ( 2.941792002709121778, -11.71764203423209771, 0.000000000000000000 ) ) ;
#1359 = FACE_OUTER_BOUND ( 'NONE', #2230, .T. ) ;
#1360 = CARTESIAN_POINT ( 'NONE',  ( 11.83751175313649284, 0.7661213205047733288, 0.000000000000000000 ) ) ;
#1361 = CARTESIAN_POINT ( 'NONE',  ( 7.634358818669725544, 9.175863790627349914, 8.000000000000000000 ) ) ;
#1362 = CARTESIAN_POINT ( 'NONE',  ( -4.386616976970960202, 11.02139818175202279, 0.000000000000000000 ) ) ;
#1363 = CARTESIAN_POINT ( 'NONE',  ( -4.476617511823964612, -11.16457150618552063, 0.000000000000000000 ) ) ;
#1364 = LINE ( 'NONE', #2064, #3775 ) ;
#1365 = CARTESIAN_POINT ( 'NONE',  ( 5.853360337646514644, -12.44189184801357584, 8.000000000000000000 ) ) ;
#1366 = CARTESIAN_POINT ( 'NONE',  ( 9.757522586729452385, 8.636712746112591432, 8.000000000000000000 ) ) ;
#1367 = FACE_OUTER_BOUND ( 'NONE', #3457, .T. ) ;
#1368 = CARTESIAN_POINT ( 'NONE',  ( -13.57387004037416389, 1.668469543058175075, 8.000000000000000000 ) ) ;
#1369 = CARTESIAN_POINT ( 'NONE',  ( -8.743249532614884245, 9.801135538539480052, 8.000000000000000000 ) ) ;
#1370 = ORIENTED_EDGE ( 'NONE', *, *, #7736, .T. ) ;
#1371 = CARTESIAN_POINT ( 'NONE',  ( 6.418760976341437718, -10.23507608951699943, 8.000000000000000000 ) ) ;
#1372 = EDGE_CURVE ( 'NONE', #1877, #5223, #295, .T. ) ;
#1373 = FACE_OUTER_BOUND ( 'NONE', #7996, .T. ) ;
#1374 = EDGE_CURVE ( 'NONE', #3178, #1859, #52, .T. ) ;
#1375 = UNCERTAINTY_MEASURE_WITH_UNIT (LENGTH_MEASURE( 1.000000000000000082E-05 ), #3568, 'distance_accuracy_value', 'NONE');
#1376 = CARTESIAN_POINT ( 'NONE',  ( 10.09620455160479402, 6.367618434587686060, 0.000000000000000000 ) ) ;
#1377 = CARTESIAN_POINT ( 'NONE',  ( 6.455308898419869656, -10.35164078446976710, 8.000000000000000000 ) ) ;
#1378 = CARTESIAN_POINT ( 'NONE',  ( -13.50622083004038387, -2.577692551524178199, 8.000000000000000000 ) ) ;
#1379 = FACE_OUTER_BOUND ( 'NONE', #3588, .T. ) ;
#1380 = CARTESIAN_POINT ( 'NONE',  ( 7.637339272554341640, 33.21351727946181853, 17.01068270130495463 ) ) ;
#1381 = CARTESIAN_POINT ( 'NONE',  ( -10.93483029503508597, 0.2416457505997258726, 8.000000000000000000 ) ) ;
#1382 = ORIENTED_EDGE ( 'NONE', *, *, #2316, .F. ) ;
#1383 = CARTESIAN_POINT ( 'NONE',  ( 0.000000000000000000, 0.000000000000000000, 8.000000000000000000 ) ) ;
#1384 = DIRECTION ( 'NONE',  ( -0.7423636110990703418, 0.000000000000000000, -0.6699972156031308579 ) ) ;
#1385 = CARTESIAN_POINT ( 'NONE',  ( 12.23289380645679536, 0.8857088747962953423, 8.000000000000000000 ) ) ;
#1386 = DIRECTION ( 'NONE',  ( 0.000000000000000000, 0.000000000000000000, -1.000000000000000000 ) ) ;
#1387 = CARTESIAN_POINT ( 'NONE',  ( 10.41722559423740435, -6.473761040516332166, 0.000000000000000000 ) ) ;
#1388 = CARTESIAN_POINT ( 'NONE',  ( 5.115945187291737639, -11.87581303661957399, 8.000000000000000000 ) ) ;
#1389 = ORIENTED_EDGE ( 'NONE', *, *, #4570, .T. ) ;
#1390 = AXIS2_PLACEMENT_3D ( 'NONE', #7686, #6478, #3283 ) ;
#1391 = CARTESIAN_POINT ( 'NONE',  ( -12.44189184801359715, -5.853360337646471123, 0.000000000000000000 ) ) ;
#1392 = ORIENTED_EDGE ( 'NONE', *, *, #4532, .F. ) ;
#1393 = B_SPLINE_SURFACE_WITH_KNOTS ( 'NONE', 3, 1, ( 
 ( #3107, #6231 ),
 ( #5, #589 ),
 ( #3184, #6969 ),
 ( #2446, #7552 ),
 ( #4969, #6267 ),
 ( #3686, #7588 ),
 ( #5682, #7508 ),
 ( #2486, #2564 ),
 ( #8085, #5644 ),
 ( #5091, #1905 ),
 ( #1868, #6887 ),
 ( #4426, #6346 ),
 ( #6846, #666 ),
 ( #553, #6803 ),
 ( #5721, #3803 ),
 ( #1826, #4389 ),
 ( #3763, #4350 ),
 ( #6305, #4264 ),
 ( #1787, #41 ),
 ( #1209, #626 ),
 ( #1128, #3646 ),
 ( #3143, #510 ),
 ( #3031, #5568 ),
 ( #2406, #7467 ),
 ( #4308, #2641 ),
 ( #2601, #5127 ),
 ( #6540, #7707 ),
 ( #206, #745 ),
 ( #1323, #5212 ) ),
 .UNSPECIFIED., .F., .F., .F.,
 ( 4, 1, 1, 1, 1, 1, 1, 1, 1, 1, 1, 1, 1, 1, 1, 1, 1, 1, 1, 1, 1, 1, 1, 1, 1, 1, 4 ),
 ( 2, 2 ),
 ( 0.000000000000000000, 0.1659160033276295965, 0.1709059215442318702, 0.1766635194393565977, 0.1831887970181514669, 0.1904817542841364120, 0.1985423912398269763, 0.2073707078870824227, 0.2169667042273148716, 0.2273303802616240543, 0.2384617359908808021, 0.2503607714157882191, 0.2630274865369212067, 0.2764618813547564669, 0.2906639558696927361, 0.3056337100820685215, 0.3213711439921715929, 0.3378762576002502516, 0.3551490509065193812, 0.3731895239111665541, 0.3919976766143570268, 0.4115735090162354615, 0.4319170211169303109, 0.4530282129165571492, 0.4749070844152180060, 0.4975536356130058624, 0.5074316978669445311 ),
 ( 0.000000000000000000, 1.000000000000000000 ),
 .UNSPECIFIED. ) ;
#1394 = CARTESIAN_POINT ( 'NONE',  ( -12.60876818853258641, -1.051893166807204905, 8.000000000000000000 ) ) ;
#1395 = CARTESIAN_POINT ( 'NONE',  ( 6.622827502596161153, 8.704427730807806185, 8.000000000000000000 ) ) ;
#1396 = CARTESIAN_POINT ( 'NONE',  ( 2.940710835118548250, -11.66361783702273947, 0.000000000000000000 ) ) ;
#1397 = CARTESIAN_POINT ( 'NONE',  ( -4.210990906299821646, -10.70664486910373903, 8.000000000000000000 ) ) ;
#1398 = FACE_OUTER_BOUND ( 'NONE', #7330, .T. ) ;
#1399 = CARTESIAN_POINT ( 'NONE',  ( 10.29093438073252642, -6.436913140481609119, 8.000000000000000000 ) ) ;
#1400 = CARTESIAN_POINT ( 'NONE',  ( -4.404384806714132239, 11.05183112916330401, 8.000000000000000000 ) ) ;
#1401 = DIRECTION ( 'NONE',  ( -0.7605637668489725334, 0.000000000000000000, 0.6492632413409076264 ) ) ;
#1402 = EDGE_CURVE ( 'NONE', #2665, #2353, #4195, .T. ) ;
#1403 = FACE_OUTER_BOUND ( 'NONE', #6908, .T. ) ;
#1404 = CARTESIAN_POINT ( 'NONE',  ( -10.02706299306008830, 6.338109664291194711, 0.000000000000000000 ) ) ;
#1405 = DIRECTION ( 'NONE',  ( -0.000000000000000000, -0.000000000000000000, -1.000000000000000000 ) ) ;
#1406 = CARTESIAN_POINT ( 'NONE',  ( 8.881356617214038351, 7.313425558786636138, 8.000000000000000000 ) ) ;
#1407 = EDGE_CURVE ( 'NONE', #573, #4399, #7135, .T. ) ;
#1408 = CARTESIAN_POINT ( 'NONE',  ( 10.93483029503508419, 0.2416457505998772792, 8.000000000000000000 ) ) ;
#1409 = CARTESIAN_POINT ( 'NONE',  ( -12.97053397611295189, 1.251919511749328029, 8.000000000000000000 ) ) ;
#1410 = CARTESIAN_POINT ( 'NONE',  ( -8.972047302895431287, 9.886832010614767796, 0.000000000000000000 ) ) ;
#1411 = ORIENTED_EDGE ( 'NONE', *, *, #3781, .T. ) ;
#1412 = ORIENTED_EDGE ( 'NONE', *, *, #5365, .F. ) ;
#1413 = CARTESIAN_POINT ( 'NONE',  ( 13.37787302532243849, 1.521639563755555313, 0.000000000000000000 ) ) ;
#1414 = CARTESIAN_POINT ( 'NONE',  ( -13.64173013562592551, -1.722120468130946769, 0.000000000000000000 ) ) ;
#1415 = CARTESIAN_POINT ( 'NONE',  ( 9.844302869038704884, -8.855020039374934981, -5.204170427930421283E-15 ) ) ;
#1416 = CARTESIAN_POINT ( 'NONE',  ( 6.588591420233555596, -11.01428446989495669, 8.000000000000000000 ) ) ;
#1417 = CARTESIAN_POINT ( 'NONE',  ( 2.285552250351789549, 32.33534586373684760, -13.61616680320316242 ) ) ;
#1418 = DIRECTION ( 'NONE',  ( -0.000000000000000000, 0.000000000000000000, -1.000000000000000000 ) ) ;
#1419 = FACE_OUTER_BOUND ( 'NONE', #2954, .T. ) ;
#1420 = CARTESIAN_POINT ( 'NONE',  ( -0.7736152328233112385, 11.87194576742586705, 8.000000000000000000 ) ) ;
#1421 = CARTESIAN_POINT ( 'NONE',  ( -1.095856395948400674, -12.69447357664507336, 8.000000000000000000 ) ) ;
#1422 = VERTEX_POINT ( 'NONE', #3136 ) ;
#1423 = AXIS2_PLACEMENT_3D ( 'NONE', #186, #4405, #3899 ) ;
#1424 = CARTESIAN_POINT ( 'NONE',  ( 2.201700770048137024, 42.48398489353029106, -15.50571386040527599 ) ) ;
#1425 = AXIS2_PLACEMENT_3D ( 'NONE', #7103, #6363, #5866 ) ;
#1426 = CARTESIAN_POINT ( 'NONE',  ( 11.08591166683797447, 4.425208852857910102, 8.000000000000000000 ) ) ;
#1427 = CARTESIAN_POINT ( 'NONE',  ( -13.48734665312603731, 2.584755384899958042, 0.000000000000000000 ) ) ;
#1428 = CIRCLE ( 'NONE', #1963, 13.75000000000000000 ) ;
#1429 = CARTESIAN_POINT ( 'NONE',  ( -11.16457150618547267, -4.476617511824087181, 0.000000000000000000 ) ) ;
#1430 = CIRCLE ( 'NONE', #1836, 13.75000000000000000 ) ;
#1431 = DIRECTION ( 'NONE',  ( -0.000000000000000000, 0.000000000000000000, -1.000000000000000000 ) ) ;
#1432 = CARTESIAN_POINT ( 'NONE',  ( 5.477724940116941887, -12.17545110014125243, 0.000000000000000000 ) ) ;
#1433 = ORIENTED_EDGE ( 'NONE', *, *, #6019, .F. ) ;
#1434 = CYLINDRICAL_SURFACE ( 'NONE', #6161, 10.93750000000000178 ) ;
#1435 = ORIENTED_EDGE ( 'NONE', *, *, #654, .F. ) ;
#1436 = CARTESIAN_POINT ( 'NONE',  ( -12.10906341627276284, -0.8412873393390452037, 8.000000000000000000 ) ) ;
#1437 = ADVANCED_FACE ( 'NONE', ( #1202 ), #1161, .F. ) ;
#1438 = CARTESIAN_POINT ( 'NONE',  ( -11.98057174878962172, -2.933454507433609137, 8.000000000000000000 ) ) ;
#1439 = CARTESIAN_POINT ( 'NONE',  ( 3.149229626029004692, -10.47431425022856644, 0.000000000000000000 ) ) ;
#1440 = CARTESIAN_POINT ( 'NONE',  ( -5.836552422531232409, -12.43077374740202323, 8.000000000000000000 ) ) ;
#1441 = VECTOR ( 'NONE', #3506, 1000.000000000000114 ) ;
#1442 = CARTESIAN_POINT ( 'NONE',  ( -11.77637575328569319, -2.941794575437323811, 0.000000000000000000 ) ) ;
#1443 = CARTESIAN_POINT ( 'NONE',  ( 7.919307912914934633, 34.15859704448439516, 26.71644639247666575 ) ) ;
#1444 = CARTESIAN_POINT ( 'NONE',  ( -12.33100786788150849, 5.689930116769273738, 0.000000000000000000 ) ) ;
#1445 = CARTESIAN_POINT ( 'NONE',  ( 10.47431425022855755, 3.149229626029042439, -5.204170427930421283E-15 ) ) ;
#1446 = CARTESIAN_POINT ( 'NONE',  ( 11.83751175313651061, -0.7661213205045251939, 8.000000000000000000 ) ) ;
#1447 = EDGE_CURVE ( 'NONE', #6615, #6938, #7544, .T. ) ;
#1448 = CARTESIAN_POINT ( 'NONE',  ( -8.988499347771103487, 6.231836464888858451, 0.000000000000000000 ) ) ;
#1449 = CARTESIAN_POINT ( 'NONE',  ( 1.722120468130897475, -13.64173013562592907, 8.000000000000000000 ) ) ;
#1450 = CARTESIAN_POINT ( 'NONE',  ( 7.889598926524332256, 35.19414657749479858, 26.69378740028920660 ) ) ;
#1451 = CARTESIAN_POINT ( 'NONE',  ( -10.02415449855990204, 9.411632514553531337, 0.000000000000000000 ) ) ;
#1452 = CARTESIAN_POINT ( 'NONE',  ( 11.67174518140618567, 35.50019757503024209, -10.21281215592816949 ) ) ;
#1453 = CARTESIAN_POINT ( 'NONE',  ( 10.32496896312099111, -3.608867157514701773, 0.000000000000000000 ) ) ;
#1454 = CARTESIAN_POINT ( 'NONE',  ( -9.094348737717258047, 9.928529331195861118, 8.000000000000000000 ) ) ;
#1455 = CIRCLE ( 'NONE', #5295, 10.93750000000000178 ) ;
#1456 = ORIENTED_EDGE ( 'NONE', *, *, #356, .F. ) ;
#1457 = ORIENTED_EDGE ( 'NONE', *, *, #1635, .T. ) ;
#1458 = ADVANCED_FACE ( 'NONE', ( #4256 ), #3316, .T. ) ;
#1459 = CARTESIAN_POINT ( 'NONE',  ( 6.544354946388811989, -10.72875944066938914, 0.000000000000000000 ) ) ;
#1460 = CARTESIAN_POINT ( 'NONE',  ( 8.544655887209394507, 7.152395453489337029, 0.000000000000000000 ) ) ;
#1461 = CARTESIAN_POINT ( 'NONE',  ( 8.988499347771014669, 6.231836464888988125, 8.000000000000000000 ) ) ;
#1462 = LINE ( 'NONE', #3403, #5285 ) ;
#1463 = CARTESIAN_POINT ( 'NONE',  ( 2.936066220364136115, -11.56976343863533607, 0.000000000000000000 ) ) ;
#1464 = FACE_OUTER_BOUND ( 'NONE', #5235, .T. ) ;
#1465 = CARTESIAN_POINT ( 'NONE',  ( -11.87194576742586882, 0.7736152328232699382, 0.000000000000000000 ) ) ;
#1466 = CARTESIAN_POINT ( 'NONE',  ( -0.6963551242057646196, 11.48389212362418377, 8.000000000000000000 ) ) ;
#1467 = CARTESIAN_POINT ( 'NONE',  ( -10.35164078446979374, -6.455308898419827024, 0.000000000000000000 ) ) ;
#1468 = VERTEX_POINT ( 'NONE', #1391 ) ;
#1469 = CARTESIAN_POINT ( 'NONE',  ( 13.87902909598010304, 33.97641218750951708, -13.28426016496259798 ) ) ;
#1470 = CARTESIAN_POINT ( 'NONE',  ( -2.927269694296075642, 12.05785317090584208, 8.000000000000000000 ) ) ;
#1471 = CARTESIAN_POINT ( 'NONE',  ( -2.759358130927253239, -12.95019774290651604, 8.000000000000000000 ) ) ;
#1472 = CARTESIAN_POINT ( 'NONE',  ( -10.93750000000000178, 0.000000000000000000, 8.000000000000000000 ) ) ;
#1473 = CARTESIAN_POINT ( 'NONE',  ( 10.91417308631850247, -6.575057906251617013, 8.000000000000000000 ) ) ;
#1474 = CARTESIAN_POINT ( 'NONE',  ( 5.379567626064898356, -12.09884006967981307, 0.000000000000000000 ) ) ;
#1475 = ORIENTED_EDGE ( 'NONE', *, *, #194, .F. ) ;
#1476 = CARTESIAN_POINT ( 'NONE',  ( -11.36047427339665461, 4.622531273494502990, 8.000000000000000000 ) ) ;
#1477 = VERTEX_POINT ( 'NONE', #2053 ) ;
#1478 = CARTESIAN_POINT ( 'NONE',  ( -12.23289380645680069, -0.8857088747962098552, 8.000000000000000000 ) ) ;
#1479 = EDGE_CURVE ( 'NONE', #1133, #7292, #728, .T. ) ;
#1480 = CARTESIAN_POINT ( 'NONE',  ( 7.634358818669725544, 9.175863790627349914, 8.000000000000000000 ) ) ;
#1481 = CARTESIAN_POINT ( 'NONE',  ( 0.000000000000000000, 0.000000000000000000, 0.000000000000000000 ) ) ;
#1482 = CARTESIAN_POINT ( 'NONE',  ( -12.04862852623655378, -6.625183064395941734, 8.000000000000000000 ) ) ;
#1483 = LINE ( 'NONE', #4542, #243 ) ;
#1484 = CARTESIAN_POINT ( 'NONE',  ( 8.181339682155837068, 9.539420412439032049, 8.000000000000000000 ) ) ;
#1485 = FACE_BOUND ( 'NONE', #1800, .T. ) ;
#1486 = CARTESIAN_POINT ( 'NONE',  ( 11.71764203423208883, 2.941792002709162634, 8.000000000000000000 ) ) ;
#1487 = VERTEX_POINT ( 'NONE', #6447 ) ;
#1488 =( BOUNDED_CURVE ( )  B_SPLINE_CURVE ( 3, ( #4017, #3351, #999, #2815 ),
 .UNSPECIFIED., .F., .F. ) 
 B_SPLINE_CURVE_WITH_KNOTS ( ( 4, 4 ),
 ( 0.6410375023607483014, 0.9467007512917178236 ),
 .UNSPECIFIED. ) 
 CURVE ( )  GEOMETRIC_REPRESENTATION_ITEM ( )  RATIONAL_B_SPLINE_CURVE ( ( 1.000000000000000000, 0.9922293078672792532, 0.9922293078672792532, 1.000000000000000000 ) ) 
 REPRESENTATION_ITEM ( '' )  );
#1489 = CARTESIAN_POINT ( 'NONE',  ( 12.97053397611296077, -1.251919511749237435, -5.204170427930421283E-15 ) ) ;
#1490 = CARTESIAN_POINT ( 'NONE',  ( -9.699971161947024356, 6.186699299581424505, 8.000000000000000000 ) ) ;
#1491 = DIRECTION ( 'NONE',  ( 0.000000000000000000, 0.000000000000000000, 1.000000000000000000 ) ) ;
#1492 = CARTESIAN_POINT ( 'NONE',  ( 11.22924223885657291, -6.611064424922705740, 0.000000000000000000 ) ) ;
#1493 = CARTESIAN_POINT ( 'NONE',  ( 12.04862852623664615, -6.625183064395769428, 8.000000000000000000 ) ) ;
#1494 = CARTESIAN_POINT ( 'NONE',  ( -0.7661213205046493169, 11.83751175313650172, 0.000000000000000000 ) ) ;
#1495 = CARTESIAN_POINT ( 'NONE',  ( -9.094348737717258047, 9.928529331195861118, 0.000000000000000000 ) ) ;
#1496 = ORIENTED_EDGE ( 'NONE', *, *, #6939, .T. ) ;
#1497 = EDGE_LOOP ( 'NONE', ( #3397, #726, #6181, #7915 ) ) ;
#1498 = CARTESIAN_POINT ( 'NONE',  ( 6.527568552596234142, -10.64346975476059676, 0.000000000000000000 ) ) ;
#1499 = LINE ( 'NONE', #4686, #6732 ) ;
#1500 = CARTESIAN_POINT ( 'NONE',  ( 9.699971161946937315, 6.186699299581561284, 8.000000000000000000 ) ) ;
#1501 = CARTESIAN_POINT ( 'NONE',  ( 12.60876818853260239, -1.051893166807028823, 0.000000000000000000 ) ) ;
#1502 = DIRECTION ( 'NONE',  ( 0.9510565162951535312, -0.3090169943749481174, -0.000000000000000000 ) ) ;
#1503 = CARTESIAN_POINT ( 'NONE',  ( -2.817469215210187006, -12.72257526253006787, 0.000000000000000000 ) ) ;
#1504 = CARTESIAN_POINT ( 'NONE',  ( -7.152395453489245547, 8.544655887209474443, 8.000000000000000000 ) ) ;
#1505 = CARTESIAN_POINT ( 'NONE',  ( -0.8231400688185612768, 12.05320353502385977, 8.000000000000000000 ) ) ;
#1506 = ORIENTED_EDGE ( 'NONE', *, *, #133, .F. ) ;
#1507 = CARTESIAN_POINT ( 'NONE',  ( -9.539420412438884611, -8.181339682156007598, 8.000000000000000000 ) ) ;
#1508 = ADVANCED_FACE ( 'NONE', ( #5082 ), #5835, .T. ) ;
#1509 = ADVANCED_FACE ( 'NONE', ( #2556 ), #1434, .T. ) ;
#1510 = CARTESIAN_POINT ( 'NONE',  ( -2.724978029605114482, -13.06987279011082848, 8.000000000000000000 ) ) ;
#1511 = AXIS2_PLACEMENT_3D ( 'NONE', #4637, #257, #127 ) ;
#1512 = CARTESIAN_POINT ( 'NONE',  ( -6.600657436018151358, 11.11931436071735746, 0.000000000000000000 ) ) ;
#1513 = CARTESIAN_POINT ( 'NONE',  ( 9.699971161947072318, -6.186699299581352562, 8.000000000000000000 ) ) ;
#1514 = CARTESIAN_POINT ( 'NONE',  ( -9.801135538539446301, -8.743249532614916220, 0.000000000000000000 ) ) ;
#1515 = ORIENTED_EDGE ( 'NONE', *, *, #77, .T. ) ;
#1516 = CARTESIAN_POINT ( 'NONE',  ( -11.12353076645873706, 4.449236289362055174, 8.000000000000000000 ) ) ;
#1517 = ORIENTED_EDGE ( 'NONE', *, *, #2264, .T. ) ;
#1518 = CARTESIAN_POINT ( 'NONE',  ( 9.539420412438825991, 8.181339682156078652, 8.000000000000000000 ) ) ;
#1519 = CARTESIAN_POINT ( 'NONE',  ( -11.13701600410301573, -2.886444749237111029, 8.000000000000000000 ) ) ;
#1520 = DIRECTION ( 'NONE',  ( -1.000000000000000000, 0.000000000000000000, 0.000000000000000000 ) ) ;
#1521 = CARTESIAN_POINT ( 'NONE',  ( -12.02849558169539890, -6.626067776682399213, 0.000000000000000000 ) ) ;
#1522 = CARTESIAN_POINT ( 'NONE',  ( -12.05785317090583142, -2.927269694296119606, 0.000000000000000000 ) ) ;
#1523 = CARTESIAN_POINT ( 'NONE',  ( 12.95019774290652492, -2.759358130927213715, -5.204170427930421283E-15 ) ) ;
#1524 = CARTESIAN_POINT ( 'NONE',  ( -12.39393210983942772, 5.781365353078053104, 0.000000000000000000 ) ) ;
#1525 = CARTESIAN_POINT ( 'NONE',  ( 13.86831054194850843, 34.01821312868957392, -13.28508304997271061 ) ) ;
#1526 = AXIS2_PLACEMENT_3D ( 'NONE', #7884, #385, #4179 ) ;
#1527 = EDGE_CURVE ( 'NONE', #5343, #4130, #1945, .T. ) ;
#1528 = VERTEX_POINT ( 'NONE', #5918 ) ;
#1529 = DIRECTION ( 'NONE',  ( -0.000000000000000000, -0.000000000000000000, 1.000000000000000000 ) ) ;
#1530 = CARTESIAN_POINT ( 'NONE',  ( -3.608867157514807911, 10.32496896312095913, 8.000000000000000000 ) ) ;
#1531 = VECTOR ( 'NONE', #1082, 1000.000000000000000 ) ;
#1532 = LINE ( 'NONE', #7211, #2221 ) ;
#1533 = CARTESIAN_POINT ( 'NONE',  ( -2.886444749237070173, 11.13701600410302817, 0.000000000000000000 ) ) ;
#1534 = CARTESIAN_POINT ( 'NONE',  ( -6.418760976341363111, 10.23507608951704917, 8.000000000000000000 ) ) ;
#1535 = CARTESIAN_POINT ( 'NONE',  ( 12.20369770435516266, 36.88368559707028282, -13.42108655085148960 ) ) ;
#1536 = CARTESIAN_POINT ( 'NONE',  ( -7.968244849358884885, 9.415217936709918689, 0.000000000000000000 ) ) ;
#1537 = EDGE_CURVE ( 'NONE', #4757, #7863, #6098, .T. ) ;
#1538 = VERTEX_POINT ( 'NONE', #241 ) ;
#1539 = EDGE_LOOP ( 'NONE', ( #5005, #598, #2071, #1317 ) ) ;
#1540 = CARTESIAN_POINT ( 'NONE',  ( 6.611064424922912686, -11.22924223885644857, 8.000000000000000000 ) ) ;
#1541 = CARTESIAN_POINT ( 'NONE',  ( -8.704427730807733354, 6.622827502596257965, 8.000000000000000000 ) ) ;
#1542 = CARTESIAN_POINT ( 'NONE',  ( 10.00078975079095223, -9.328340841197576339, 8.000000000000000000 ) ) ;
#1543 = DIRECTION ( 'NONE',  ( 0.000000000000000000, 0.000000000000000000, 1.000000000000000000 ) ) ;
#1544 = EDGE_CURVE ( 'NONE', #6678, #3625, #5357, .T. ) ;
#1545 = CARTESIAN_POINT ( 'NONE',  ( 2.940710835118548250, -11.66361783702273947, 8.000000000000000000 ) ) ;
#1546 = CARTESIAN_POINT ( 'NONE',  ( -2.880586703536519355, -12.41180006574749939, 0.000000000000000000 ) ) ;
#1547 = FACE_OUTER_BOUND ( 'NONE', #5353, .T. ) ;
#1548 = CARTESIAN_POINT ( 'NONE',  ( 12.31719619689388168, 27.89569457593752944, -3.260507420625021968 ) ) ;
#1549 = ORIENTED_EDGE ( 'NONE', *, *, #808, .T. ) ;
#1550 = CARTESIAN_POINT ( 'NONE',  ( -9.455639197970779009, 8.034402175150727743, 0.000000000000000000 ) ) ;
#1551 = LINE ( 'NONE', #3453, #2620 ) ;
#1552 = CARTESIAN_POINT ( 'NONE',  ( 9.328340841224363800, -10.00078975079867938, 0.000000000000000000 ) ) ;
#1553 = CIRCLE ( 'NONE', #6204, 2.000000000000000444 ) ;
#1554 = CARTESIAN_POINT ( 'NONE',  ( -7.577720000373640907, -9.126433365741181802, 0.000000000000000000 ) ) ;
#1555 = CARTESIAN_POINT ( 'NONE',  ( 4.404384806714210399, -11.05183112916327026, 0.000000000000000000 ) ) ;
#1556 = ORIENTED_EDGE ( 'NONE', *, *, #1196, .F. ) ;
#1557 = DIRECTION ( 'NONE',  ( 0.000000000000000000, -0.000000000000000000, 1.000000000000000000 ) ) ;
#1558 = EDGE_CURVE ( 'NONE', #439, #1528, #4785, .T. ) ;
#1559 = VERTEX_POINT ( 'NONE', #7826 ) ;
#1560 = CIRCLE ( 'NONE', #4597, 10.93750000000000178 ) ;
#1561 = DIRECTION ( 'NONE',  ( 0.000000000000000000, 0.000000000000000000, -1.000000000000000000 ) ) ;
#1562 = VECTOR ( 'NONE', #1312, 1000.000000000000114 ) ;
#1563 = CARTESIAN_POINT ( 'NONE',  ( 8.105411651555689545, 9.497099640846785817, -5.204170427930421283E-15 ) ) ;
#1564 = CARTESIAN_POINT ( 'NONE',  ( 13.42469749237761967, 36.02625055243134966, -14.26727816506351054 ) ) ;
#1565 = CARTESIAN_POINT ( 'NONE',  ( -10.47431425022858065, -3.149229626028969165, 8.000000000000000000 ) ) ;
#1566 = CARTESIAN_POINT ( 'NONE',  ( -4.476617511823964612, -11.16457150618552063, 8.000000000000000000 ) ) ;
#1567 = CIRCLE ( 'NONE', #1928, 10.93750000000000178 ) ;
#1568 = CARTESIAN_POINT ( 'NONE',  ( 13.87902909598009948, 33.97641218750953129, 21.28426016496259976 ) ) ;
#1569 = DIRECTION ( 'NONE',  ( 0.000000000000000000, 0.000000000000000000, -1.000000000000000000 ) ) ;
#1570 = ORIENTED_EDGE ( 'NONE', *, *, #4528, .F. ) ;
#1571 = DIRECTION ( 'NONE',  ( -0.6396556736767861073, -0.1713952211956810967, -0.7493092133988348280 ) ) ;
#1572 = ORIENTED_EDGE ( 'NONE', *, *, #168, .T. ) ;
#1573 = CARTESIAN_POINT ( 'NONE',  ( 13.27225220462998578, -1.447204694645657153, 8.000000000000000000 ) ) ;
#1574 = CARTESIAN_POINT ( 'NONE',  ( -8.262247439007758487, -9.582420452220659968, 8.000000000000000000 ) ) ;
#1575 = CARTESIAN_POINT ( 'NONE',  ( -2.938739567862291846, -11.61432090236923109, 0.000000000000000000 ) ) ;
#1576 = CARTESIAN_POINT ( 'NONE',  ( 0.000000000000000000, 0.000000000000000000, 8.000000000000000000 ) ) ;
#1577 = CARTESIAN_POINT ( 'NONE',  ( -6.473761040516448517, 10.41722559423733330, 8.000000000000000000 ) ) ;
#1578 = CARTESIAN_POINT ( 'NONE',  ( 9.411632514553422979, 10.02415449856000329, 0.000000000000000000 ) ) ;
#1579 = LINE ( 'NONE', #4103, #5095 ) ;
#1580 = ORIENTED_EDGE ( 'NONE', *, *, #5051, .T. ) ;
#1581 = ORIENTED_EDGE ( 'NONE', *, *, #1863, .T. ) ;
#1582 = CARTESIAN_POINT ( 'NONE',  ( 6.560248542580159103, -10.81899503309350585, 0.000000000000000000 ) ) ;
#1583 = CARTESIAN_POINT ( 'NONE',  ( 4.645166053939900230, 32.41176688192004463, 19.47606544769819692 ) ) ;
#1584 = CARTESIAN_POINT ( 'NONE',  ( 11.01428446989493537, 6.588591420233592899, 8.000000000000000000 ) ) ;
#1585 = CARTESIAN_POINT ( 'NONE',  ( 12.44755643926126965, -0.9751606640714124419, 0.000000000000000000 ) ) ;
#1586 = AXIS2_PLACEMENT_3D ( 'NONE', #543, #4168, #414 ) ;
#1587 = FACE_OUTER_BOUND ( 'NONE', #7500, .T. ) ;
#1588 = CARTESIAN_POINT ( 'NONE',  ( 12.02324651265874067, 5.286606996007108705, 8.000000000000000000 ) ) ;
#1589 = CARTESIAN_POINT ( 'NONE',  ( -7.668835209823024357, 9.204216794247566114, 8.000000000000000000 ) ) ;
#1590 = CARTESIAN_POINT ( 'NONE',  ( -5.477724940116855734, 12.17545110014129150, 8.000000000000000000 ) ) ;
#1591 = ORIENTED_EDGE ( 'NONE', *, *, #4342, .T. ) ;
#1592 = CARTESIAN_POINT ( 'NONE',  ( -9.844302869038576986, -8.855020039375077090, 8.000000000000000000 ) ) ;
#1593 = FACE_OUTER_BOUND ( 'NONE', #2299, .T. ) ;
#1594 = CARTESIAN_POINT ( 'NONE',  ( 9.328340841224363800, -10.00078975079867938, 8.000000000000000000 ) ) ;
#1595 = CARTESIAN_POINT ( 'NONE',  ( 7.744766205448653906, 57.22404269875026728, -14.26727816506351232 ) ) ;
#1596 = CARTESIAN_POINT ( 'NONE',  ( -9.713655369616137847, -8.535381057717604136, 8.000000000000000000 ) ) ;
#1597 = EDGE_CURVE ( 'NONE', #5672, #1994, #2173, .T. ) ;
#1598 = ORIENTED_EDGE ( 'NONE', *, *, #2409, .T. ) ;
#1599 = CARTESIAN_POINT ( 'NONE',  ( -12.33100786788150849, 5.689930116769273738, 8.000000000000000000 ) ) ;
#1600 = ORIENTED_EDGE ( 'NONE', *, *, #2568, .F. ) ;
#1601 = CARTESIAN_POINT ( 'NONE',  ( -11.01428446989498333, -6.588591420233511187, 8.000000000000000000 ) ) ;
#1602 = CARTESIAN_POINT ( 'NONE',  ( 9.094348737717112385, 9.928529331195990792, 8.000000000000000000 ) ) ;
#1603 = DIRECTION ( 'NONE',  ( 0.000000000000000000, -0.000000000000000000, -1.000000000000000000 ) ) ;
#1604 = EDGE_CURVE ( 'NONE', #4579, #555, #861, .T. ) ;
#1605 = CARTESIAN_POINT ( 'NONE',  ( 10.70664486910374968, -4.210990906299789671, 8.000000000000000000 ) ) ;
#1606 = CARTESIAN_POINT ( 'NONE',  ( 12.51119373526729817, -2.862521721341631853, -5.204170427930421283E-15 ) ) ;
#1607 = CARTESIAN_POINT ( 'NONE',  ( -12.97053397611294123, -1.251919511749418623, 8.000000000000000000 ) ) ;
#1608 = ORIENTED_EDGE ( 'NONE', *, *, #1214, .T. ) ;
#1609 = CARTESIAN_POINT ( 'NONE',  ( 11.83979557596820165, 2.940530670474365671, -5.204170427930421283E-15 ) ) ;
#1610 = ORIENTED_EDGE ( 'NONE', *, *, #4558, .T. ) ;
#1611 = DIRECTION ( 'NONE',  ( -0.5877852522924770229, 0.8090169943749445647, 0.000000000000000000 ) ) ;
#1612 = EDGE_CURVE ( 'NONE', #6471, #1716, #7237, .T. ) ;
#1613 = DIRECTION ( 'NONE',  ( 0.000000000000000000, 0.000000000000000000, -1.000000000000000000 ) ) ;
#1614 = LINE ( 'NONE', #5474, #7793 ) ;
#1615 = CARTESIAN_POINT ( 'NONE',  ( 7.984211336810577819, 34.51212585930839793, 26.76154079729224478 ) ) ;
#1616 = CARTESIAN_POINT ( 'NONE',  ( -13.06987279011080005, -2.724978029605258367, 0.000000000000000000 ) ) ;
#1617 = CARTESIAN_POINT ( 'NONE',  ( 10.29093438073238609, 6.436913140481833828, 0.000000000000000000 ) ) ;
#1618 = CARTESIAN_POINT ( 'NONE',  ( -6.611064424922830085, 11.22924223885650008, 8.000000000000000000 ) ) ;
#1619 = CARTESIAN_POINT ( 'NONE',  ( -10.81899503309357691, 6.560248542580040088, 0.000000000000000000 ) ) ;
#1620 = CARTESIAN_POINT ( 'NONE',  ( -12.83440038321941223, 2.790132082466584507, 0.000000000000000000 ) ) ;
#1621 = DIRECTION ( 'NONE',  ( 0.7605637668489722003, 0.000000000000000000, 0.6492632413409081815 ) ) ;
#1622 = CARTESIAN_POINT ( 'NONE',  ( -2.919073574173096652, 12.13967088095518498, 0.000000000000000000 ) ) ;
#1623 = ORIENTED_EDGE ( 'NONE', *, *, #6019, .T. ) ;
#1624 = CARTESIAN_POINT ( 'NONE',  ( 12.87548337994384973, 1.195724957047672010, 0.000000000000000000 ) ) ;
#1625 = CARTESIAN_POINT ( 'NONE',  ( 13.75035795513251102, 52.02745424127731866, -9.043598091517251802 ) ) ;
#1626 = DIRECTION ( 'NONE',  ( -1.000000000000000000, 0.000000000000000000, 0.000000000000000000 ) ) ;
#1627 = CARTESIAN_POINT ( 'NONE',  ( 12.52642403931683646, -1.011712205768791950, 0.000000000000000000 ) ) ;
#1628 = CARTESIAN_POINT ( 'NONE',  ( 2.584755384919331433, -13.48734665307394920, 8.000000000000000000 ) ) ;
#1629 = CARTESIAN_POINT ( 'NONE',  ( 11.36047427339658711, 4.622531273494663751, 8.000000000000000000 ) ) ;
#1630 = CARTESIAN_POINT ( 'NONE',  ( -12.44755643926126254, 0.9751606640714993723, 0.000000000000000000 ) ) ;
#1631 = CARTESIAN_POINT ( 'NONE',  ( -5.581155335976941245, 12.25290083038837352, 0.000000000000000000 ) ) ;
#1632 = ORIENTED_EDGE ( 'NONE', *, *, #7489, .F. ) ;
#1633 = CARTESIAN_POINT ( 'NONE',  ( -9.204216794247539468, -7.668835209823054555, 8.000000000000000000 ) ) ;
#1634 = EDGE_CURVE ( 'NONE', #1468, #2665, #4746, .T. ) ;
#1635 = EDGE_CURVE ( 'NONE', #7740, #4383, #2965, .T. ) ;
#1636 = CARTESIAN_POINT ( 'NONE',  ( -12.72257526253006077, 2.817469215210235411, 0.000000000000000000 ) ) ;
#1637 = CARTESIAN_POINT ( 'NONE',  ( 8.348190801685282381, -9.625916629980661554, 8.000000000000000000 ) ) ;
#1638 = CARTESIAN_POINT ( 'NONE',  ( 4.608738124965471528, 51.41115805221260615, 18.26054936661342865 ) ) ;
#1639 = CARTESIAN_POINT ( 'NONE',  ( -9.969200282347905784, -9.221936103764106107, 0.000000000000000000 ) ) ;
#1640 = EDGE_CURVE ( 'NONE', #33, #3459, #2177, .T. ) ;
#1641 = EDGE_LOOP ( 'NONE', ( #322, #6138 ) ) ;
#1642 = DIRECTION ( 'NONE',  ( -0.6396556736767862184, -0.1713952211956811522, 0.7493092133988347170 ) ) ;
#1643 = ORIENTED_EDGE ( 'NONE', *, *, #2711, .F. ) ;
#1644 = CARTESIAN_POINT ( 'NONE',  ( -11.34404188716884931, -6.619621129381234148, 8.000000000000000000 ) ) ;
#1645 = CARTESIAN_POINT ( 'NONE',  ( 9.221936103763930248, 9.969200282348072761, 8.000000000000000000 ) ) ;
#1646 = CARTESIAN_POINT ( 'NONE',  ( 4.449236289362172414, -11.12353076645868732, 0.000000000000000000 ) ) ;
#1647 = CARTESIAN_POINT ( 'NONE',  ( 11.02139818175206720, -4.386616976970844739, 8.000000000000000000 ) ) ;
#1648 = CARTESIAN_POINT ( 'NONE',  ( 13.06987279011083380, -2.724978029605075402, 8.000000000000000000 ) ) ;
#1649 = CARTESIAN_POINT ( 'NONE',  ( -12.16898868378441456, -0.8620871873792715911, 8.000000000000000000 ) ) ;
#1650 = ORIENTED_EDGE ( 'NONE', *, *, #1287, .T. ) ;
#1651 = CARTESIAN_POINT ( 'NONE',  ( 13.32045193209906842, 2.644734409371143347, 8.000000000000000000 ) ) ;
#1652 = ORIENTED_EDGE ( 'NONE', *, *, #3986, .F. ) ;
#1653 = B_SPLINE_CURVE_WITH_KNOTS ( 'NONE', 3,
 ( #986, #5458, #7866, #2802, #244, #6618, #4707, #906, #2883, #950, #366, #4203, #3460, #1518, #5376, #7907, #3496, #867, #5417, #3380, #4045, #2763, #5294, #2138, #4665, #5144, #4954, #8149, #6171 ),
 .UNSPECIFIED., .F., .F.,
 ( 4, 1, 1, 1, 1, 1, 1, 1, 1, 1, 1, 1, 1, 1, 1, 1, 1, 1, 1, 1, 1, 1, 1, 1, 1, 1, 4 ),
 ( 0.4925683021330544697, 0.5024463643869940821, 0.5250929155847819940, 0.5469717870834428508, 0.5680829788830696891, 0.5884264909837645385, 0.6080023233856429732, 0.6268104760888334459, 0.6448509490934806188, 0.6621237423997496929, 0.6786288560078284071, 0.6943662899179314785, 0.7093360441303072639, 0.7235381186452435331, 0.7369725134630787933, 0.7496392285842117253, 0.7615382640091191702, 0.7726696197383760012, 0.7830332957726851006, 0.7926292921129175495, 0.8014576087601730237, 0.8095182457158636158, 0.8168112029818485054, 0.8233364805606433467, 0.8290940784557681020, 0.8340839966723704313, 1.000000000000000000 ),
 .UNSPECIFIED. ) ;
#1654 = CARTESIAN_POINT ( 'NONE',  ( 13.48577048812306067, -1.600954125870787115, 8.000000000000000000 ) ) ;
#1655 = CARTESIAN_POINT ( 'NONE',  ( -4.386616976970960202, 11.02139818175202279, 8.000000000000000000 ) ) ;
#1656 = FACE_OUTER_BOUND ( 'NONE', #7134, .T. ) ;
#1657 = CARTESIAN_POINT ( 'NONE',  ( -12.95019774290648584, -2.759358130927394903, 0.000000000000000000 ) ) ;
#1658 = CARTESIAN_POINT ( 'NONE',  ( 7.984211336810577819, 34.51212585930839793, 26.76154079729224478 ) ) ;
#1659 = CARTESIAN_POINT ( 'NONE',  ( 0.3136850525260673206, 10.95993299270796584, 0.000000000000000000 ) ) ;
#1660 = CARTESIAN_POINT ( 'NONE',  ( -11.01428446989502596, 6.588591420233433027, 0.000000000000000000 ) ) ;
#1661 = CARTESIAN_POINT ( 'NONE',  ( 9.713655369616260415, -8.535381057717465580, 0.000000000000000000 ) ) ;
#1662 = EDGE_CURVE ( 'NONE', #283, #1222, #469, .T. ) ;
#1663 = ORIENTED_EDGE ( 'NONE', *, *, #8024, .F. ) ;
#1664 = CARTESIAN_POINT ( 'NONE',  ( -2.880586703536610393, 12.41180006574747985, 8.000000000000000000 ) ) ;
#1665 = ORIENTED_EDGE ( 'NONE', *, *, #1101, .T. ) ;
#1666 = CIRCLE ( 'NONE', #2326, 10.93750000000000000 ) ;
#1667 = CARTESIAN_POINT ( 'NONE',  ( -9.625916629980753925, 8.348190801685175799, 8.000000000000000000 ) ) ;
#1668 = EDGE_CURVE ( 'NONE', #7024, #6608, #4510, .T. ) ;
#1669 = CARTESIAN_POINT ( 'NONE',  ( 11.71732392095615971, 6.632284204934560279, 0.000000000000000000 ) ) ;
#1670 = CARTESIAN_POINT ( 'NONE',  ( 0.000000000000000000, 0.000000000000000000, 8.000000000000000000 ) ) ;
#1671 = CARTESIAN_POINT ( 'NONE',  ( 2.880586703536698323, -12.41180006574745676, 0.000000000000000000 ) ) ;
#1672 = CARTESIAN_POINT ( 'NONE',  ( 12.25290083038831490, 5.581155335977071807, 8.000000000000000000 ) ) ;
#1673 = CARTESIAN_POINT ( 'NONE',  ( 6.132426595875718256, 9.165464441396098394, 8.000000000000000000 ) ) ;
#1674 = CARTESIAN_POINT ( 'NONE',  ( -5.477724940116855734, 12.17545110014129150, 0.000000000000000000 ) ) ;
#1675 = ORIENTED_EDGE ( 'NONE', *, *, #3781, .F. ) ;
#1676 = CARTESIAN_POINT ( 'NONE',  ( -12.13967088095519209, 2.919073574173051799, 8.000000000000000000 ) ) ;
#1677 = CARTESIAN_POINT ( 'NONE',  ( 8.262247439007897043, -9.582420452220537399, 8.000000000000000000 ) ) ;
#1678 = AXIS2_PLACEMENT_3D ( 'NONE', #3319, #3361, #5227 ) ;
#1679 = DIRECTION ( 'NONE',  ( -0.7557820683608849066, -0.2025111948712226551, 0.6227219934256155165 ) ) ;
#1680 = CARTESIAN_POINT ( 'NONE',  ( -10.02415449858206031, -9.411632514633833324, 0.000000000000000000 ) ) ;
#1681 = ORIENTED_EDGE ( 'NONE', *, *, #7640, .F. ) ;
#1682 = CARTESIAN_POINT ( 'NONE',  ( -6.560248542580001896, -10.81899503309359822, 8.000000000000000000 ) ) ;
#1683 = CARTESIAN_POINT ( 'NONE',  ( -12.02849558169539890, -6.626067776682399213, 8.000000000000000000 ) ) ;
#1684 = AXIS2_PLACEMENT_3D ( 'NONE', #1814, #6956, #616 ) ;
#1685 = CARTESIAN_POINT ( 'NONE',  ( 10.33666240664888747, -4.161888422927029652, 0.000000000000000000 ) ) ;
#1686 = CARTESIAN_POINT ( 'NONE',  ( -2.929367628693686054, -11.49488719732986830, 0.000000000000000000 ) ) ;
#1687 = DIRECTION ( 'NONE',  ( -1.000000000000000000, 0.000000000000000000, 0.000000000000000000 ) ) ;
#1688 = CARTESIAN_POINT ( 'NONE',  ( 9.221936103763930248, 9.969200282348072761, 8.000000000000000000 ) ) ;
#1689 = CARTESIAN_POINT ( 'NONE',  ( -11.48389212362418199, -0.6963551242058048096, 8.000000000000000000 ) ) ;
#1690 = ORIENTED_EDGE ( 'NONE', *, *, #5825, .T. ) ;
#1691 = DIRECTION ( 'NONE',  ( -0.6396556736767862184, -0.1713952211956811522, -0.7493092133988347170 ) ) ;
#1692 = ORIENTED_EDGE ( 'NONE', *, *, #945, .T. ) ;
#1693 =( GEOMETRIC_REPRESENTATION_CONTEXT ( 3 ) GLOBAL_UNCERTAINTY_ASSIGNED_CONTEXT ( ( #1375 ) ) GLOBAL_UNIT_ASSIGNED_CONTEXT ( ( #3568, #1798, #437 ) ) REPRESENTATION_CONTEXT ( 'NONE', 'WORKASPACE' ) );
#1694 = CARTESIAN_POINT ( 'NONE',  ( -11.73452356626238746, -4.965029436117550432, 8.000000000000000000 ) ) ;
#1695 = ORIENTED_EDGE ( 'NONE', *, *, #1163, .F. ) ;
#1696 = DIRECTION ( 'NONE',  ( -0.000000000000000000, 0.000000000000000000, -1.000000000000000000 ) ) ;
#1697 = CARTESIAN_POINT ( 'NONE',  ( -2.908682420983816019, -12.22597347346770569, 0.000000000000000000 ) ) ;
#1698 = CARTESIAN_POINT ( 'NONE',  ( 0.2416457505997634259, 10.93483029503508597, 0.000000000000000000 ) ) ;
#1699 = CARTESIAN_POINT ( 'NONE',  ( -6.632284204934435934, 11.71732392095623609, 8.000000000000000000 ) ) ;
#1700 = CARTESIAN_POINT ( 'NONE',  ( 10.02706299305999771, 6.338109664291340373, 0.000000000000000000 ) ) ;
#1701 = DIRECTION ( 'NONE',  ( 0.000000000000000000, 0.000000000000000000, 1.000000000000000000 ) ) ;
#1702 = VECTOR ( 'NONE', #3825, 1000.000000000000000 ) ;
#1703 = CARTESIAN_POINT ( 'NONE',  ( -10.56312374806395304, 6.510080463201325607, 0.000000000000000000 ) ) ;
#1704 = CARTESIAN_POINT ( 'NONE',  ( -13.48734665307397762, 2.584755384919188437, 0.000000000000000000 ) ) ;
#1705 = FACE_OUTER_BOUND ( 'NONE', #3019, .T. ) ;
#1706 = EDGE_CURVE ( 'NONE', #6136, #4023, #2429, .T. ) ;
#1707 = CARTESIAN_POINT ( 'NONE',  ( 12.39393210983934246, 5.781365353078228075, 8.000000000000000000 ) ) ;
#1708 = VERTEX_POINT ( 'NONE', #2963 ) ;
#1709 = CARTESIAN_POINT ( 'NONE',  ( 11.30699639290202363, 4.580317944817513975, 0.000000000000000000 ) ) ;
#1710 = CARTESIAN_POINT ( 'NONE',  ( 0.000000000000000000, 0.000000000000000000, 8.000000000000000000 ) ) ;
#1711 = FACE_OUTER_BOUND ( 'NONE', #1899, .T. ) ;
#1712 = CARTESIAN_POINT ( 'NONE',  ( -11.91079326901029489, 0.7828886122849056939, 8.000000000000000000 ) ) ;
#1713 = DIRECTION ( 'NONE',  ( -0.9510565162951530871, 0.3090169943749487280, -0.000000000000000000 ) ) ;
#1714 = CARTESIAN_POINT ( 'NONE',  ( -10.02415449855983631, -9.411632514553604167, 8.000000000000000000 ) ) ;
#1715 = AXIS2_PLACEMENT_3D ( 'NONE', #4239, #5496, #6775 ) ;
#1716 = VERTEX_POINT ( 'NONE', #3052 ) ;
#1717 = ADVANCED_FACE ( 'NONE', ( #5550 ), #3845, .T. ) ;
#1718 = CARTESIAN_POINT ( 'NONE',  ( -12.51119373526728218, 2.862521721341717118, 8.000000000000000000 ) ) ;
#1719 = B_SPLINE_CURVE_WITH_KNOTS ( 'NONE', 3,
 ( #2404, #6103, #7376, #1700, #4929, #3513, #6229, #551, #8123, #1617, #6673, #1001, #6058, #3182, #7586, #4966, #6303, #5642, #664, #1938, #624, #7623, #4464, #1980, #1282, #7039, #2526, #8162, #3141 ),
 .UNSPECIFIED., .F., .F.,
 ( 4, 1, 1, 1, 1, 1, 1, 1, 1, 1, 1, 1, 1, 1, 1, 1, 1, 1, 1, 1, 1, 1, 1, 1, 1, 1, 4 ),
 ( 0.000000000000000000, 0.1659160033276295965, 0.1709059215442318702, 0.1766635194393565977, 0.1831887970181514669, 0.1904817542841364120, 0.1985423912398269763, 0.2073707078870824227, 0.2169667042273148716, 0.2273303802616240543, 0.2384617359908808021, 0.2503607714157882191, 0.2630274865369212067, 0.2764618813547564669, 0.2906639558696927361, 0.3056337100820685215, 0.3213711439921715929, 0.3378762576002502516, 0.3551490509065193812, 0.3731895239111665541, 0.3919976766143570268, 0.4115735090162354615, 0.4319170211169303109, 0.4530282129165571492, 0.4749070844152180060, 0.4975536356130058624, 0.5074316978669450862 ),
 .UNSPECIFIED. ) ;
#1720 = CARTESIAN_POINT ( 'NONE',  ( -6.625183064395903543, 12.04862852623657332, 8.000000000000000000 ) ) ;
#1721 = CIRCLE ( 'NONE', #6748, 10.93750000000000178 ) ;
#1722 = CARTESIAN_POINT ( 'NONE',  ( -5.038066446831101608, -11.80431640392018267, 8.000000000000000000 ) ) ;
#1723 = CARTESIAN_POINT ( 'NONE',  ( 9.392211555377345533, -10.01877448794989789, 8.000000000000000000 ) ) ;
#1724 = AXIS2_PLACEMENT_3D ( 'NONE', #1731, #2265, #8110 ) ;
#1725 = CARTESIAN_POINT ( 'NONE',  ( -7.968244849358815607, -9.415217936709971980, 0.000000000000000000 ) ) ;
#1726 = AXIS2_PLACEMENT_3D ( 'NONE', #731, #2629, #7067 ) ;
#1727 = FACE_OUTER_BOUND ( 'NONE', #3536, .T. ) ;
#1728 = VERTEX_POINT ( 'NONE', #6991 ) ;
#1729 = CARTESIAN_POINT ( 'NONE',  ( 9.539420412439005403, -8.181339682155870818, 8.000000000000000000 ) ) ;
#1730 = CARTESIAN_POINT ( 'NONE',  ( 8.881356617214196447, -7.313425558786442515, 8.000000000000000000 ) ) ;
#1731 = CARTESIAN_POINT ( 'NONE',  ( 0.000000000000000000, 0.000000000000000000, 8.000000000000000000 ) ) ;
#1732 = CARTESIAN_POINT ( 'NONE',  ( 6.632284204934521199, -11.71732392095618458, 0.000000000000000000 ) ) ;
#1733 = CARTESIAN_POINT ( 'NONE',  ( -5.853360337646424938, 12.44189184801361847, 0.000000000000000000 ) ) ;
#1734 = CARTESIAN_POINT ( 'NONE',  ( -2.817469215210279820, 12.72257526253004833, 8.000000000000000000 ) ) ;
#1735 = CARTESIAN_POINT ( 'NONE',  ( 7.968244849358745441, 9.415217936710030600, 0.000000000000000000 ) ) ;
#1736 = ORIENTED_EDGE ( 'NONE', *, *, #5770, .T. ) ;
#1737 = CARTESIAN_POINT ( 'NONE',  ( 12.83440038321936960, 2.790132082466765695, -5.204170427930421283E-15 ) ) ;
#1738 = VERTEX_POINT ( 'NONE', #3868 ) ;
#1739 = DIRECTION ( 'NONE',  ( -0.000000000000000000, -0.000000000000000000, 1.000000000000000000 ) ) ;
#1740 = EDGE_LOOP ( 'NONE', ( #5071, #600, #7581, #7948 ) ) ;
#1741 = EDGE_CURVE ( 'NONE', #3178, #7876, #4688, .T. ) ;
#1742 = CARTESIAN_POINT ( 'NONE',  ( -13.27225220462996624, -1.447204694645842782, -5.204170427930421283E-15 ) ) ;
#1743 = CARTESIAN_POINT ( 'NONE',  ( -2.880586703536519355, -12.41180006574749939, 8.000000000000000000 ) ) ;
#1744 = CARTESIAN_POINT ( 'NONE',  ( 0.4260874962434241797, 11.01956640825084044, 0.000000000000000000 ) ) ;
#1745 = CARTESIAN_POINT ( 'NONE',  ( 2.862521721341851677, -12.51119373526725376, 8.000000000000000000 ) ) ;
#1746 = CARTESIAN_POINT ( 'NONE',  ( -1.143751547996471052, -12.78342018721907358, 0.000000000000000000 ) ) ;
#1747 = CARTESIAN_POINT ( 'NONE',  ( -6.544354946388734717, 10.72875944066943887, 0.000000000000000000 ) ) ;
#1748 = CARTESIAN_POINT ( 'NONE',  ( 0.000000000000000000, 0.000000000000000000, 8.000000000000000000 ) ) ;
#1749 = CARTESIAN_POINT ( 'NONE',  ( -11.11931436071733259, -6.600657436018188662, 0.000000000000000000 ) ) ;
#1750 = CARTESIAN_POINT ( 'NONE',  ( -11.91079326901029489, 0.7828886122849056939, 8.000000000000000000 ) ) ;
#1751 = CARTESIAN_POINT ( 'NONE',  ( -11.11931436071737700, 6.600657436018111390, 0.000000000000000000 ) ) ;
#1752 = VERTEX_POINT ( 'NONE', #3291 ) ;
#1753 = CARTESIAN_POINT ( 'NONE',  ( 13.87219911892966451, 34.00413273699290784, -13.30623017980359180 ) ) ;
#1754 = CARTESIAN_POINT ( 'NONE',  ( 11.56976343863532541, 2.936066220364176971, 8.000000000000000000 ) ) ;
#1755 = CARTESIAN_POINT ( 'NONE',  ( -12.97053397611295189, 1.251919511749328029, 0.000000000000000000 ) ) ;
#1756 = CARTESIAN_POINT ( 'NONE',  ( -1.447204694645796152, -13.27225220462997157, 0.000000000000000000 ) ) ;
#1757 = CARTESIAN_POINT ( 'NONE',  ( 11.94884645308970406, 5.198761634262982767, 0.000000000000000000 ) ) ;
#1758 = CARTESIAN_POINT ( 'NONE',  ( -4.507497455256107344, 11.20891349420032235, 0.000000000000000000 ) ) ;
#1759 = ORIENTED_EDGE ( 'NONE', *, *, #3680, .F. ) ;
#1760 = B_SPLINE_CURVE_WITH_KNOTS ( 'NONE', 3,
 ( #7387, #6767, #1094, #4896, #519, #1754, #4270, #6811, #6195, #3038, #5574, #2200, #4976, #3226, #3148, #6311, #1290, #7514, #6973, #2569, #5612, #2413, #5017, #2452, #6272, #1251, #673, #6351, #1215 ),
 .UNSPECIFIED., .F., .F.,
 ( 4, 1, 1, 1, 1, 1, 1, 1, 1, 1, 1, 1, 1, 1, 1, 1, 1, 1, 1, 1, 1, 1, 1, 1, 1, 1, 4 ),
 ( 0.000000000000000000, 0.1659160033276295965, 0.1709059215442318702, 0.1766635194393565977, 0.1831887970181514669, 0.1904817542841364120, 0.1985423912398269763, 0.2073707078870824227, 0.2169667042273148716, 0.2273303802616240543, 0.2384617359908808021, 0.2503607714157882191, 0.2630274865369212067, 0.2764618813547564669, 0.2906639558696927361, 0.3056337100820685215, 0.3213711439921715929, 0.3378762576002502516, 0.3551490509065193812, 0.3731895239111665541, 0.3919976766143570268, 0.4115735090162354615, 0.4319170211169303109, 0.4530282129165571492, 0.4749070844152180060, 0.4975536356130058624, 0.5074316978669447531 ),
 .UNSPECIFIED. ) ;
#1761 = CARTESIAN_POINT ( 'NONE',  ( -12.83440038321941223, 2.790132082466584507, 0.000000000000000000 ) ) ;
#1762 = CARTESIAN_POINT ( 'NONE',  ( 4.507497455256186392, -11.20891349420028860, 8.000000000000000000 ) ) ;
#1763 = CARTESIAN_POINT ( 'NONE',  ( -3.177189042419317655, 54.29751361031517831, -13.61616680320316242 ) ) ;
#1764 = CARTESIAN_POINT ( 'NONE',  ( -1.095856395948400897, 12.69447357664507514, 8.000000000000000000 ) ) ;
#1765 = CARTESIAN_POINT ( 'NONE',  ( -7.798144649837128739, -9.301941798724829624, 8.000000000000000000 ) ) ;
#1766 = EDGE_CURVE ( 'NONE', #4255, #7278, #769, .T. ) ;
#1767 = CARTESIAN_POINT ( 'NONE',  ( -8.704427730807687169, -6.622827502596317473, 8.000000000000000000 ) ) ;
#1768 = EDGE_CURVE ( 'NONE', #1335, #3212, #6006, .T. ) ;
#1769 = EDGE_LOOP ( 'NONE', ( #1059, #7431, #1278, #4577 ) ) ;
#1770 = CARTESIAN_POINT ( 'NONE',  ( 9.126433365741213777, -7.577720000373604492, 8.000000000000000000 ) ) ;
#1771 = CARTESIAN_POINT ( 'NONE',  ( 9.455639197970839405, -8.034402175150658465, -5.204170427930421283E-15 ) ) ;
#1772 = CARTESIAN_POINT ( 'NONE',  ( 11.36047427339668481, -4.622531273494424831, 0.000000000000000000 ) ) ;
#1773 = DIRECTION ( 'NONE',  ( -0.5877852522924653655, -0.8090169943749530024, 0.000000000000000000 ) ) ;
#1774 = CARTESIAN_POINT ( 'NONE',  ( -2.886444749237070173, 11.13701600410302817, 8.000000000000000000 ) ) ;
#1775 = CARTESIAN_POINT ( 'NONE',  ( 9.221936103763930248, 9.969200282348072761, 0.000000000000000000 ) ) ;
#1776 = CARTESIAN_POINT ( 'NONE',  ( 8.636712746112557681, -9.757522586729482583, 0.000000000000000000 ) ) ;
#1777 = ORIENTED_EDGE ( 'NONE', *, *, #883, .T. ) ;
#1778 = CARTESIAN_POINT ( 'NONE',  ( -10.70664486910369462, -4.210990906299937997, 8.000000000000000000 ) ) ;
#1779 = VERTEX_POINT ( 'NONE', #4658 ) ;
#1780 = CIRCLE ( 'NONE', #5351, 10.93750000000000355 ) ;
#1781 = CARTESIAN_POINT ( 'NONE',  ( -8.034402175150765046, 9.455639197970754140, 0.000000000000000000 ) ) ;
#1782 = CARTESIAN_POINT ( 'NONE',  ( -2.936066220363969581, -11.56976343863538048, 0.000000000000000000 ) ) ;
#1783 = CARTESIAN_POINT ( 'NONE',  ( -2.908682420983905281, 12.22597347346768615, 0.000000000000000000 ) ) ;
#1784 = CARTESIAN_POINT ( 'NONE',  ( 12.25259910005764752, 36.86448994694228531, 21.45844097277987217 ) ) ;
#1785 = CARTESIAN_POINT ( 'NONE',  ( -1.521639563755415203, 13.37787302532245448, 0.000000000000000000 ) ) ;
#1786 = CARTESIAN_POINT ( 'NONE',  ( -6.611064424922830085, 11.22924223885650008, 0.000000000000000000 ) ) ;
#1787 = CARTESIAN_POINT ( 'NONE',  ( -9.669723885497008453, 8.439220299577034012, 8.000000000000000000 ) ) ;
#1788 = CARTESIAN_POINT ( 'NONE',  ( 0.6963551242057646196, -11.48389212362418377, 0.000000000000000000 ) ) ;
#1789 = CARTESIAN_POINT ( 'NONE',  ( -10.93483029503508597, 0.2416457505997252342, 0.000000000000000000 ) ) ;
#1790 = CARTESIAN_POINT ( 'NONE',  ( -10.64346975476066604, 6.527568552596115126, 0.000000000000000000 ) ) ;
#1791 = ORIENTED_EDGE ( 'NONE', *, *, #1006, .T. ) ;
#1792 = CARTESIAN_POINT ( 'NONE',  ( 0.000000000000000000, 0.000000000000000000, 8.000000000000000000 ) ) ;
#1793 = CARTESIAN_POINT ( 'NONE',  ( -13.78720971210813495, 51.45456714019452704, 8.000000000000014211 ) ) ;
#1794 = CARTESIAN_POINT ( 'NONE',  ( -12.52642403931682935, 1.011712205768879214, 0.000000000000000000 ) ) ;
#1795 = EDGE_CURVE ( 'NONE', #5223, #4266, #7658, .T. ) ;
#1796 = CARTESIAN_POINT ( 'NONE',  ( -0.8620871873792290696, -12.16898868378441634, 8.000000000000000000 ) ) ;
#1797 = CARTESIAN_POINT ( 'NONE',  ( 11.12353076645866956, 4.449236289362211494, 8.000000000000000000 ) ) ;
#1798 =( NAMED_UNIT ( * ) PLANE_ANGLE_UNIT ( ) SI_UNIT ( $, .RADIAN. ) );
#1799 = CARTESIAN_POINT ( 'NONE',  ( -4.507497455256107344, 11.20891349420032235, 8.000000000000000000 ) ) ;
#1800 = EDGE_LOOP ( 'NONE', ( #6392, #4488 ) ) ;
#1801 = VECTOR ( 'NONE', #5027, 1000.000000000000000 ) ;
#1802 = CARTESIAN_POINT ( 'NONE',  ( -11.90787246215810669, 2.937812879663815657, 8.000000000000000000 ) ) ;
#1803 = EDGE_CURVE ( 'NONE', #3212, #734, #5326, .T. ) ;
#1804 = CARTESIAN_POINT ( 'NONE',  ( -11.08591166683800644, -4.425208852857832831, 0.000000000000000000 ) ) ;
#1805 = CARTESIAN_POINT ( 'NONE',  ( -4.542018187747140168, -11.25643158326926141, 8.000000000000000000 ) ) ;
#1806 = CARTESIAN_POINT ( 'NONE',  ( -0.9420826277741565224, 12.37227591337642352, 8.000000000000000000 ) ) ;
#1807 = CARTESIAN_POINT ( 'NONE',  ( -9.411632514553499362, -10.02415449855993757, 0.000000000000000000 ) ) ;
#1808 = CARTESIAN_POINT ( 'NONE',  ( 13.67670444707361632, 34.60985679031845308, 21.65261720045819871 ) ) ;
#1809 = ORIENTED_EDGE ( 'NONE', *, *, #4036, .F. ) ;
#1810 = CARTESIAN_POINT ( 'NONE',  ( 9.669723885497070626, -8.439220299576962958, 8.000000000000000000 ) ) ;
#1811 = DIRECTION ( 'NONE',  ( 0.000000000000000000, -0.000000000000000000, -1.000000000000000000 ) ) ;
#1812 = CARTESIAN_POINT ( 'NONE',  ( 0.000000000000000000, 0.000000000000000000, 8.000000000000000000 ) ) ;
#1813 = CARTESIAN_POINT ( 'NONE',  ( 9.411632514553422979, 10.02415449856000329, 8.000000000000000000 ) ) ;
#1814 = CARTESIAN_POINT ( 'NONE',  ( 0.000000000000000000, 0.000000000000000000, 0.000000000000000000 ) ) ;
#1815 = FACE_OUTER_BOUND ( 'NONE', #7458, .T. ) ;
#1816 = CARTESIAN_POINT ( 'NONE',  ( 7.906868104074138870, -9.376012365377775382, 0.000000000000000000 ) ) ;
#1817 = EDGE_CURVE ( 'NONE', #5466, #3658, #783, .T. ) ;
#1818 = ORIENTED_EDGE ( 'NONE', *, *, #682, .F. ) ;
#1819 = CARTESIAN_POINT ( 'NONE',  ( -11.36047427339662441, -4.622531273494584703, 8.000000000000000000 ) ) ;
#1820 = ORIENTED_EDGE ( 'NONE', *, *, #4556, .F. ) ;
#1821 = CARTESIAN_POINT ( 'NONE',  ( -9.221936103764075909, 9.969200282347939535, 0.000000000000000000 ) ) ;
#1822 = CARTESIAN_POINT ( 'NONE',  ( -11.95399604505280244, -0.7941151212463930520, 0.000000000000000000 ) ) ;
#1823 = CARTESIAN_POINT ( 'NONE',  ( 2.584755384919331433, -13.48734665307394920, 8.000000000000000000 ) ) ;
#1824 = CARTESIAN_POINT ( 'NONE',  ( -10.64346975476062340, -6.527568552596192397, 0.000000000000000000 ) ) ;
#1825 = CARTESIAN_POINT ( 'NONE',  ( -6.630420918280122144, 11.58812316373723483, 0.000000000000000000 ) ) ;
#1826 = CARTESIAN_POINT ( 'NONE',  ( -9.539420412438941455, 8.181339682155941873, 8.000000000000000000 ) ) ;
#1827 = CARTESIAN_POINT ( 'NONE',  ( 1.143751547996471052, -12.78342018721907003, 0.000000000000000000 ) ) ;
#1828 = AXIS2_PLACEMENT_3D ( 'NONE', #4050, #4671, #6091 ) ;
#1829 = CARTESIAN_POINT ( 'NONE',  ( -12.16898868378441989, 0.8620871873791865481, 0.000000000000000000 ) ) ;
#1830 = CARTESIAN_POINT ( 'NONE',  ( 1.300400673318188760, 55.49728015868494424, 16.37100230941131684 ) ) ;
#1831 = ORIENTED_EDGE ( 'NONE', *, *, #2047, .T. ) ;
#1832 = CARTESIAN_POINT ( 'NONE',  ( -12.17545110014131282, 5.477724940116812213, 8.000000000000000000 ) ) ;
#1833 = VECTOR ( 'NONE', #6498, 1000.000000000000000 ) ;
#1834 = CARTESIAN_POINT ( 'NONE',  ( -12.04862852623660174, 6.625183064395858246, 8.000000000000000000 ) ) ;
#1835 = CARTESIAN_POINT ( 'NONE',  ( -13.62596226217983464, 1.709570872969460753, 0.000000000000000000 ) ) ;
#1836 = AXIS2_PLACEMENT_3D ( 'NONE', #1792, #517, #4936 ) ;
#1837 = CARTESIAN_POINT ( 'NONE',  ( -1.521639563755414981, -13.37787302532245448, 0.000000000000000000 ) ) ;
#1838 = CARTESIAN_POINT ( 'NONE',  ( 13.64173013562594505, -1.722120468130754700, 0.000000000000000000 ) ) ;
#1839 = DATE_AND_TIME ( #4275, #4871 ) ;
#1840 = FACE_OUTER_BOUND ( 'NONE', #4849, .T. ) ;
#1841 = EDGE_LOOP ( 'NONE', ( #1598, #6117, #606, #5771 ) ) ;
#1842 = CARTESIAN_POINT ( 'NONE',  ( 12.00148937107103819, -0.8074739252555025448, 8.000000000000000000 ) ) ;
#1843 = ORIENTED_EDGE ( 'NONE', *, *, #5072, .F. ) ;
#1844 = CARTESIAN_POINT ( 'NONE',  ( 4.622531273494623782, -11.36047427339660487, 8.000000000000000000 ) ) ;
#1845 = CARTESIAN_POINT ( 'NONE',  ( -4.719217338362137859, -11.47561408673062822, 0.000000000000000000 ) ) ;
#1846 = CARTESIAN_POINT ( 'NONE',  ( 7.707558585906948423, -9.234787594130720478, 0.000000000000000000 ) ) ;
#1847 = CARTESIAN_POINT ( 'NONE',  ( -8.972047302895360232, -9.886832010614828192, 8.000000000000000000 ) ) ;
#1848 = CARTESIAN_POINT ( 'NONE',  ( -9.126433365741101866, -7.577720000373735054, 0.000000000000000000 ) ) ;
#1849 = CARTESIAN_POINT ( 'NONE',  ( -2.936066220364054402, 11.56976343863535917, 8.000000000000000000 ) ) ;
#1850 = ORIENTED_EDGE ( 'NONE', *, *, #7838, .T. ) ;
#1851 = CARTESIAN_POINT ( 'NONE',  ( -6.625183064392162535, -12.04862852631978676, 0.000000000000000000 ) ) ;
#1852 = CARTESIAN_POINT ( 'NONE',  ( 9.175863790627321492, -7.634358818669758406, -5.204170427930421283E-15 ) ) ;
#1853 = CARTESIAN_POINT ( 'NONE',  ( 8.309755431599423758, 35.28300142228546576, -9.043598091517251802 ) ) ;
#1854 = VECTOR ( 'NONE', #6073, 999.9999999999998863 ) ;
#1855 = CARTESIAN_POINT ( 'NONE',  ( 13.83857192196067665, 32.88254104973462688, 20.99999999999999645 ) ) ;
#1856 =( BOUNDED_CURVE ( )  B_SPLINE_CURVE ( 3, ( #1583, #5485, #2991, #5530 ),
 .UNSPECIFIED., .F., .F. ) 
 B_SPLINE_CURVE_WITH_KNOTS ( ( 4, 4 ),
 ( 0.1653346929672258048, 0.3842940521450067259 ),
 .UNSPECIFIED. ) 
 CURVE ( )  GEOMETRIC_REPRESENTATION_ITEM ( )  RATIONAL_B_SPLINE_CURVE ( ( 1.000000000000000000, 0.9960087221974817107, 0.9960087221974817107, 1.000000000000000000 ) ) 
 REPRESENTATION_ITEM ( '' )  );
#1857 = CARTESIAN_POINT ( 'NONE',  ( 11.77637575328573050, -2.941794575437159498, -5.204170427930421283E-15 ) ) ;
#1858 = CARTESIAN_POINT ( 'NONE',  ( 8.034402175150832548, -9.455639197970691967, 0.000000000000000000 ) ) ;
#1859 = VERTEX_POINT ( 'NONE', #7230 ) ;
#1860 = CARTESIAN_POINT ( 'NONE',  ( -12.44189184801359715, -5.853360337646471123, 8.000000000000000000 ) ) ;
#1861 = ORIENTED_EDGE ( 'NONE', *, *, #1863, .F. ) ;
#1862 = CARTESIAN_POINT ( 'NONE',  ( -13.27225220462996624, -1.447204694645842782, 8.000000000000000000 ) ) ;
#1863 = EDGE_CURVE ( 'NONE', #1738, #5588, #1551, .T. ) ;
#1864 = CARTESIAN_POINT ( 'NONE',  ( 11.56976343863538759, -2.936066220363934054, 8.000000000000000000 ) ) ;
#1865 = CARTESIAN_POINT ( 'NONE',  ( 2.686824890852831604, -13.19332579941576533, 8.000000000000000000 ) ) ;
#1866 = CARTESIAN_POINT ( 'NONE',  ( -10.48771353560521113, -6.492081297254504335, 8.000000000000000000 ) ) ;
#1867 = CARTESIAN_POINT ( 'NONE',  ( -6.632284204934435934, 11.71732392095623609, 8.000000000000000000 ) ) ;
#1868 = CARTESIAN_POINT ( 'NONE',  ( -9.338196514606226017, 7.850195268865149956, 8.000000000000000000 ) ) ;
#1869 = CARTESIAN_POINT ( 'NONE',  ( 9.886832010614865496, -8.972047302895321153, 0.000000000000000000 ) ) ;
#1870 = ADVANCED_FACE ( 'NONE', ( #7940 ), #6486, .T. ) ;
#1871 = FACE_OUTER_BOUND ( 'NONE', #6554, .T. ) ;
#1872 = CARTESIAN_POINT ( 'NONE',  ( -10.33666240664886260, 4.161888422927100706, 0.000000000000000000 ) ) ;
#1873 = LINE ( 'NONE', #2533, #4951 ) ;
#1874 = CARTESIAN_POINT ( 'NONE',  ( 9.338196514606112331, 7.850195268865284959, 8.000000000000000000 ) ) ;
#1875 = CARTESIAN_POINT ( 'NONE',  ( -0.8231400688185616099, -12.05320353502385800, 0.000000000000000000 ) ) ;
#1876 = CARTESIAN_POINT ( 'NONE',  ( 11.05183112916325605, 4.404384806714248590, 0.000000000000000000 ) ) ;
#1877 = VERTEX_POINT ( 'NONE', #7900 ) ;
#1878 = CARTESIAN_POINT ( 'NONE',  ( 7.868545703349314024, 33.92509750520854084, -9.043598091517250026 ) ) ;
#1879 = ORIENTED_EDGE ( 'NONE', *, *, #7611, .T. ) ;
#1880 = LINE ( 'NONE', #4403, #1895 ) ;
#1881 = DIRECTION ( 'NONE',  ( -0.7237771210982809622, -0.1939354950984078507, -0.6622202826217418181 ) ) ;
#1882 = CYLINDRICAL_SURFACE ( 'NONE', #776, 5.000000000000001776 ) ;
#1883 = CARTESIAN_POINT ( 'NONE',  ( -1.600954125870927891, 13.48577048812304113, 0.000000000000000000 ) ) ;
#1884 = CARTESIAN_POINT ( 'NONE',  ( -1.377525651863733547, -13.16905850672525169, 8.000000000000000000 ) ) ;
#1885 = EDGE_LOOP ( 'NONE', ( #4154, #2260, #6706, #5998 ) ) ;
#1886 = ADVANCED_FACE ( 'NONE', ( #2874 ), #6032, .T. ) ;
#1887 = LINE ( 'NONE', #6326, #1304 ) ;
#1888 = CARTESIAN_POINT ( 'NONE',  ( -2.933454507433566061, 11.98057174878963238, 0.000000000000000000 ) ) ;
#1889 = VERTEX_POINT ( 'NONE', #2833 ) ;
#1890 = CARTESIAN_POINT ( 'NONE',  ( -6.436913140481649975, -10.29093438073250333, 0.000000000000000000 ) ) ;
#1891 = CARTESIAN_POINT ( 'NONE',  ( 11.80431640392019865, -5.038066446831065193, 0.000000000000000000 ) ) ;
#1892 = CARTESIAN_POINT ( 'NONE',  ( 12.33100786788154224, -5.689930116769189361, 8.000000000000000000 ) ) ;
#1893 = EDGE_CURVE ( 'NONE', #6448, #5824, #4740, .T. ) ;
#1894 = CARTESIAN_POINT ( 'NONE',  ( -2.940710835118465649, 11.66361783702276078, 8.000000000000000000 ) ) ;
#1895 = VECTOR ( 'NONE', #3573, 1000.000000000000000 ) ;
#1896 = CARTESIAN_POINT ( 'NONE',  ( 8.105411651555897379, -9.497099640846604629, 0.000000000000000000 ) ) ;
#1897 = ORIENTED_EDGE ( 'NONE', *, *, #1668, .F. ) ;
#1898 = CARTESIAN_POINT ( 'NONE',  ( 11.16457150618553307, -4.476617511823930862, 8.000000000000000000 ) ) ;
#1899 = EDGE_LOOP ( 'NONE', ( #4748, #2512, #7545, #5896 ) ) ;
#1900 = CARTESIAN_POINT ( 'NONE',  ( -12.97053397611294123, -1.251919511749418623, -5.204170427930421283E-15 ) ) ;
#1901 = CARTESIAN_POINT ( 'NONE',  ( 12.95019774290652492, -2.759358130927213715, 8.000000000000000000 ) ) ;
#1902 = CARTESIAN_POINT ( 'NONE',  ( 2.929367628693851699, -11.49488719732982744, 8.000000000000000000 ) ) ;
#1903 = CARTESIAN_POINT ( 'NONE',  ( -10.18403012388270490, -6.401038329814019434, 0.000000000000000000 ) ) ;
#1904 = CARTESIAN_POINT ( 'NONE',  ( 0.2416457505997627320, -10.93483029503508597, 8.000000000000000000 ) ) ;
#1905 = CARTESIAN_POINT ( 'NONE',  ( -9.301941798724802979, 7.798144649837160713, 0.000000000000000000 ) ) ;
#1906 = CARTESIAN_POINT ( 'NONE',  ( 0.9751606640715431151, -12.44755643926125543, 0.000000000000000000 ) ) ;
#1907 = CARTESIAN_POINT ( 'NONE',  ( -11.96219333343618807, 6.628700411334726539, 8.000000000000000000 ) ) ;
#1908 = CARTESIAN_POINT ( 'NONE',  ( -12.02324651265881705, 5.286606996006939063, 8.000000000000000000 ) ) ;
#1909 = CARTESIAN_POINT ( 'NONE',  ( 10.47431425022862150, -3.149229626028823503, 8.000000000000000000 ) ) ;
#1910 = CARTESIAN_POINT ( 'NONE',  ( 9.582420452220510754, 8.262247439007929017, 0.000000000000000000 ) ) ;
#1911 = VECTOR ( 'NONE', #984, 1000.000000000000114 ) ;
#1912 = CARTESIAN_POINT ( 'NONE',  ( -12.43077374743277552, -5.836552422577526933, 0.000000000000000000 ) ) ;
#1913 = CARTESIAN_POINT ( 'NONE',  ( -12.72257526253006077, 2.817469215210235411, 8.000000000000000000 ) ) ;
#1914 = ORIENTED_EDGE ( 'NONE', *, *, #2653, .F. ) ;
#1915 = ADVANCED_FACE ( 'NONE', ( #1593 ), #1336, .T. ) ;
#1916 = CYLINDRICAL_SURFACE ( 'NONE', #1959, 13.75000000000000000 ) ;
#1917 = ORIENTED_EDGE ( 'NONE', *, *, #7517, .T. ) ;
#1918 = CARTESIAN_POINT ( 'NONE',  ( -0.7736152328233112385, 11.87194576742586705, 8.000000000000000000 ) ) ;
#1919 = CARTESIAN_POINT ( 'NONE',  ( 6.611064424922912686, -11.22924223885644857, 0.000000000000000000 ) ) ;
#1920 = LINE ( 'NONE', #7644, #2487 ) ;
#1921 = CARTESIAN_POINT ( 'NONE',  ( 7.604022508570443151, -9.149886257342835449, 0.000000000000000000 ) ) ;
#1922 = AXIS2_PLACEMENT_3D ( 'NONE', #5854, #176, #2691 ) ;
#1923 = DIRECTION ( 'NONE',  ( -0.7605637668489725334, 0.000000000000000000, 0.6492632413409076264 ) ) ;
#1924 = ORIENTED_EDGE ( 'NONE', *, *, #7432, .T. ) ;
#1925 = CARTESIAN_POINT ( 'NONE',  ( 0.000000000000000000, 0.000000000000000000, 8.000000000000000000 ) ) ;
#1926 = CARTESIAN_POINT ( 'NONE',  ( -2.708699257713828690, 10.80883218877890783, 8.000000000000000000 ) ) ;
#1927 = CARTESIAN_POINT ( 'NONE',  ( -6.352286767647525423, -10.05932550694764060, 8.000000000000000000 ) ) ;
#1928 = AXIS2_PLACEMENT_3D ( 'NONE', #7968, #2324, #6764 ) ;
#1929 = LINE ( 'NONE', #4493, #1562 ) ;
#1930 = CARTESIAN_POINT ( 'NONE',  ( 11.01428446989507748, -6.588591420233351315, 0.000000000000000000 ) ) ;
#1931 = CARTESIAN_POINT ( 'NONE',  ( 9.392211555323923378, -10.01877448793485570, 0.000000000000000000 ) ) ;
#1932 = VERTEX_POINT ( 'NONE', #6205 ) ;
#1933 = CARTESIAN_POINT ( 'NONE',  ( 11.94884645308981241, -5.198761634262732301, 0.000000000000000000 ) ) ;
#1934 = VERTEX_POINT ( 'NONE', #528 ) ;
#1935 = CARTESIAN_POINT ( 'NONE',  ( -12.52642403931682225, -1.011712205768966477, 8.000000000000000000 ) ) ;
#1936 = CARTESIAN_POINT ( 'NONE',  ( 11.49488719732987718, -2.929367628693651415, 8.000000000000000000 ) ) ;
#1937 = CARTESIAN_POINT ( 'NONE',  ( 0.8620871873792290696, -12.16898868378441811, 8.000000000000000000 ) ) ;
#1938 = CARTESIAN_POINT ( 'NONE',  ( 11.11931436071728463, 6.600657436018271262, 0.000000000000000000 ) ) ;
#1939 = CARTESIAN_POINT ( 'NONE',  ( 12.16898868378440923, 0.8620871873793566342, 0.000000000000000000 ) ) ;
#1940 = CARTESIAN_POINT ( 'NONE',  ( 7.984211336810577819, 34.51212585930839793, 26.76154079729224478 ) ) ;
#1941 = CARTESIAN_POINT ( 'NONE',  ( 1.251919511749373326, -12.97053397611294656, 0.000000000000000000 ) ) ;
#1942 = AXIS2_PLACEMENT_3D ( 'NONE', #4086, #5999, #6087 ) ;
#1943 = LINE ( 'NONE', #7672, #6085 ) ;
#1944 = CARTESIAN_POINT ( 'NONE',  ( -4.507497455256107344, 11.20891349420032235, 8.000000000000000000 ) ) ;
#1945 = B_SPLINE_CURVE_WITH_KNOTS ( 'NONE', 3,
 ( #7779, #7157, #1026, #5415, #6656, #198, #1516, #865, #4084, #3420, #5960, #1476, #2091, #6616, #3458, #5332, #363, #6697, #2715, #2880, #4002, #6533, #7905, #5876, #5247, #1599, #7946, #4621, #2261 ),
 .UNSPECIFIED., .F., .F.,
 ( 4, 1, 1, 1, 1, 1, 1, 1, 1, 1, 1, 1, 1, 1, 1, 1, 1, 1, 1, 1, 1, 1, 1, 1, 1, 1, 4 ),
 ( 0.000000000000000000, 0.1659160033276295965, 0.1709059215442318702, 0.1766635194393565977, 0.1831887970181514669, 0.1904817542841364120, 0.1985423912398269763, 0.2073707078870824227, 0.2169667042273148716, 0.2273303802616240543, 0.2384617359908808021, 0.2503607714157882191, 0.2630274865369212067, 0.2764618813547564669, 0.2906639558696927361, 0.3056337100820685215, 0.3213711439921715929, 0.3378762576002502516, 0.3551490509065193812, 0.3731895239111665541, 0.3919976766143570268, 0.4115735090162354615, 0.4319170211169303109, 0.4530282129165571492, 0.4749070844152180060, 0.4975536356130058624, 0.5074316978669446421 ),
 .UNSPECIFIED. ) ;
#1946 = CARTESIAN_POINT ( 'NONE',  ( -3.149229626028855478, -10.47431425022861440, 8.000000000000000000 ) ) ;
#1947 = CARTESIAN_POINT ( 'NONE',  ( 9.415217936709831648, 7.968244849358985249, 0.000000000000000000 ) ) ;
#1948 = CARTESIAN_POINT ( 'NONE',  ( -11.77637575328569319, -2.941794575437323811, 8.000000000000000000 ) ) ;
#1949 = VECTOR ( 'NONE', #4948, 1000.000000000000114 ) ;
#1950 = CARTESIAN_POINT ( 'NONE',  ( -12.25290083038835398, -5.581155335976986542, 0.000000000000000000 ) ) ;
#1951 = CARTESIAN_POINT ( 'NONE',  ( -13.19332579941579553, 2.686824890852690828, 8.000000000000000000 ) ) ;
#1952 = EDGE_CURVE ( 'NONE', #7780, #6259, #3045, .T. ) ;
#1953 = VERTEX_POINT ( 'NONE', #4944 ) ;
#1954 = VECTOR ( 'NONE', #7507, 1000.000000000000114 ) ;
#1955 = FACE_OUTER_BOUND ( 'NONE', #786, .T. ) ;
#1956 = VECTOR ( 'NONE', #5338, 1000.000000000000114 ) ;
#1957 = CARTESIAN_POINT ( 'NONE',  ( 6.473761040516524901, -10.41722559423728356, 8.000000000000000000 ) ) ;
#1958 = EDGE_CURVE ( 'NONE', #7111, #1932, #4501, .T. ) ;
#1959 = AXIS2_PLACEMENT_3D ( 'NONE', #5142, #3277, #6901 ) ;
#1960 = CARTESIAN_POINT ( 'NONE',  ( 6.338109664291305734, -10.02706299306001902, 0.000000000000000000 ) ) ;
#1961 = DIRECTION ( 'NONE',  ( 0.000000000000000000, -0.000000000000000000, -1.000000000000000000 ) ) ;
#1962 = CARTESIAN_POINT ( 'NONE',  ( -0.2416457505997634259, 10.93483029503508597, 0.000000000000000000 ) ) ;
#1963 = AXIS2_PLACEMENT_3D ( 'NONE', #6286, #1266, #1150 ) ;
#1964 = CARTESIAN_POINT ( 'NONE',  ( -11.71764203423213324, 2.941792002708998321, 0.000000000000000000 ) ) ;
#1965 = ORIENTED_EDGE ( 'NONE', *, *, #2009, .T. ) ;
#1966 = CARTESIAN_POINT ( 'NONE',  ( -12.02849558169544686, 6.626067776682316612, 8.000000000000000000 ) ) ;
#1967 = APPROVAL_PERSON_ORGANIZATION ( #4479, #5321, #92 ) ;
#1968 = CARTESIAN_POINT ( 'NONE',  ( 7.749517416239518397, 33.55876610551257500, 16.85819456520870929 ) ) ;
#1969 = EDGE_CURVE ( 'NONE', #5120, #5083, #4364, .T. ) ;
#1970 = CARTESIAN_POINT ( 'NONE',  ( -5.916238915411988764, -9.442776183394473222, 8.000000000000000000 ) ) ;
#1971 = DIRECTION ( 'NONE',  ( 0.000000000000000000, 0.000000000000000000, -1.000000000000000000 ) ) ;
#1972 = CARTESIAN_POINT ( 'NONE',  ( -3.149229626028930973, 10.47431425022859308, 8.000000000000000000 ) ) ;
#1973 = CARTESIAN_POINT ( 'NONE',  ( 0.2416457505997627320, -10.93483029503508597, 0.000000000000000000 ) ) ;
#1974 = ORIENTED_EDGE ( 'NONE', *, *, #4747, .F. ) ;
#1975 = CARTESIAN_POINT ( 'NONE',  ( 11.60070094346941261, -4.833073392807540003, 0.000000000000000000 ) ) ;
#1976 = VERTEX_POINT ( 'NONE', #7018 ) ;
#1977 = CARTESIAN_POINT ( 'NONE',  ( -11.87194576742586349, -0.7736152328233526498, -5.204170427930421283E-15 ) ) ;
#1978 = CARTESIAN_POINT ( 'NONE',  ( 13.42510299664341922, -2.607747690746919922, 0.000000000000000000 ) ) ;
#1979 = CARTESIAN_POINT ( 'NONE',  ( 0.8074739252556281111, -12.00148937107102753, 8.000000000000000000 ) ) ;
#1980 = CARTESIAN_POINT ( 'NONE',  ( 11.58812316373715845, 6.630420918280245601, 0.000000000000000000 ) ) ;
#1981 = CARTESIAN_POINT ( 'NONE',  ( 11.48389212362417844, 0.6963551242058848567, 0.000000000000000000 ) ) ;
#1982 = CARTESIAN_POINT ( 'NONE',  ( 10.48771353560530528, -6.492081297254353345, 8.000000000000000000 ) ) ;
#1983 = DIRECTION ( 'NONE',  ( 0.000000000000000000, 0.000000000000000000, -1.000000000000000000 ) ) ;
#1984 = CARTESIAN_POINT ( 'NONE',  ( 0.7639867559471070768, -11.11684438996312174, 8.000000000000000000 ) ) ;
#1985 = ADVANCED_FACE ( 'NONE', ( #1955 ), #1916, .T. ) ;
#1986 = EDGE_CURVE ( 'NONE', #6938, #4373, #3282, .T. ) ;
#1987 = CARTESIAN_POINT ( 'NONE',  ( 0.1311484092279668334, 50.21139150384284022, 23.50571386040527599 ) ) ;
#1988 = CARTESIAN_POINT ( 'NONE',  ( 7.003721731047638954, 34.21219619936123024, -8.371002309411318620 ) ) ;
#1989 = LINE ( 'NONE', #2775, #3223 ) ;
#1990 = CARTESIAN_POINT ( 'NONE',  ( 9.699971161947072318, -6.186699299581352562, 0.000000000000000000 ) ) ;
#1991 = CARTESIAN_POINT ( 'NONE',  ( 8.200418019483592502, 43.68375144190005699, -11.55907584929525100 ) ) ;
#1992 = FACE_OUTER_BOUND ( 'NONE', #5704, .T. ) ;
#1993 = CARTESIAN_POINT ( 'NONE',  ( -7.313425558786540215, 8.881356617214120064, 8.000000000000000000 ) ) ;
#1994 = VERTEX_POINT ( 'NONE', #54 ) ;
#1995 = ADVANCED_BREP_SHAPE_REPRESENTATION ( '\X2\9f7f8f6e\X0\20x1.25 \X2\53f3722a\X0\', ( #4914, #7398 ), #1693 ) ;
#1996 = CARTESIAN_POINT ( 'NONE',  ( 6.383929952666258956, -10.13775510802962820, 0.000000000000000000 ) ) ;
#1997 = CARTESIAN_POINT ( 'NONE',  ( 9.886832010614666544, 8.972047302895536092, 0.000000000000000000 ) ) ;
#1998 = CARTESIAN_POINT ( 'NONE',  ( 13.48600077618700332, 35.27455265536457318, -14.01965039646292510 ) ) ;
#1999 = FACE_OUTER_BOUND ( 'NONE', #5836, .T. ) ;
#2000 = DIRECTION ( 'NONE',  ( 0.9510565162951530871, -0.3090169943749487280, 0.000000000000000000 ) ) ;
#2001 = DIRECTION ( 'NONE',  ( 0.8090169943749466741, 0.5877852522924742473, 0.000000000000000000 ) ) ;
#2002 = CARTESIAN_POINT ( 'NONE',  ( -6.231836464888828253, -8.988499347771126580, 0.000000000000000000 ) ) ;
#2003 = DIRECTION ( 'NONE',  ( 1.000000000000000000, 0.000000000000000000, 0.000000000000000000 ) ) ;
#2004 = ORIENTED_EDGE ( 'NONE', *, *, #5327, .T. ) ;
#2005 = CARTESIAN_POINT ( 'NONE',  ( 10.93483029503508419, 0.2416457505998772792, 8.000000000000000000 ) ) ;
#2006 = CARTESIAN_POINT ( 'NONE',  ( 11.87194576742585816, 0.7736152328234355835, 0.000000000000000000 ) ) ;
#2007 = CARTESIAN_POINT ( 'NONE',  ( 12.44755643926124655, 0.9751606640716734553, 8.000000000000000000 ) ) ;
#2008 = CARTESIAN_POINT ( 'NONE',  ( -6.231836464888889537, 8.988499347771083947, 0.000000000000000000 ) ) ;
#2009 = EDGE_CURVE ( 'NONE', #2101, #7359, #3739, .T. ) ;
#2010 = CARTESIAN_POINT ( 'NONE',  ( 10.81899503309362487, -6.560248542579958375, 8.000000000000000000 ) ) ;
#2011 = CARTESIAN_POINT ( 'NONE',  ( 5.477724940116941887, -12.17545110014125243, 8.000000000000000000 ) ) ;
#2012 = EDGE_LOOP ( 'NONE', ( #7718, #7502, #5598, #5289 ) ) ;
#2013 = CARTESIAN_POINT ( 'NONE',  ( 12.09884006967990544, -5.379567626064686969, 0.000000000000000000 ) ) ;
#2014 = ORIENTED_EDGE ( 'NONE', *, *, #6472, .F. ) ;
#2015 = CARTESIAN_POINT ( 'NONE',  ( -12.00148937107102398, -0.8074739252556699665, 8.000000000000000000 ) ) ;
#2016 = CARTESIAN_POINT ( 'NONE',  ( 11.61432090236923997, -2.938739567862257207, 8.000000000000000000 ) ) ;
#2017 = CARTESIAN_POINT ( 'NONE',  ( 1.312474532673086891, -13.06843834723477649, 8.000000000000000000 ) ) ;
#2018 = CARTESIAN_POINT ( 'NONE',  ( 12.22769606125921626, 27.92477493282073553, -5.000000000000004441 ) ) ;
#2019 = CARTESIAN_POINT ( 'NONE',  ( 7.829441540499032293, 24.09654333446981411, 0.000000000000000000 ) ) ;
#2020 = CARTESIAN_POINT ( 'NONE',  ( 11.85123473191545429, -6.631537913675408014, 8.000000000000000000 ) ) ;
#2021 = CARTESIAN_POINT ( 'NONE',  ( 0.000000000000000000, 0.000000000000000000, 8.000000000000000000 ) ) ;
#2022 = CYLINDRICAL_SURFACE ( 'NONE', #6075, 1.000000000000001554 ) ;
#2023 = CARTESIAN_POINT ( 'NONE',  ( -5.198761634262769604, -11.94884645308979820, 0.000000000000000000 ) ) ;
#2024 = CARTESIAN_POINT ( 'NONE',  ( -6.231836464888828253, -8.988499347771126580, 8.000000000000000000 ) ) ;
#2025 = FACE_OUTER_BOUND ( 'NONE', #1306, .T. ) ;
#2026 = CARTESIAN_POINT ( 'NONE',  ( 9.844302869038513037, 8.855020039375149921, 8.000000000000000000 ) ) ;
#2027 = CARTESIAN_POINT ( 'NONE',  ( -10.47431425022858065, -3.149229626028969609, 8.000000000000000000 ) ) ;
#2028 = CARTESIAN_POINT ( 'NONE',  ( -12.09884006967983439, -5.379567626064857500, 0.000000000000000000 ) ) ;
#2029 = CARTESIAN_POINT ( 'NONE',  ( -8.105411651555828101, 9.497099640846666802, 8.000000000000000000 ) ) ;
#2030 = COORDINATED_UNIVERSAL_TIME_OFFSET ( 8, 0, .AHEAD. ) ;
#2031 = ORIENTED_EDGE ( 'NONE', *, *, #3765, .T. ) ;
#2032 = B_SPLINE_CURVE_WITH_KNOTS ( 'NONE', 3,
 ( #5564, #4927, #622, #5796, #3759, #5087, #1901, #6964, #3180, #700, #5717, #3799, #741, #2637, #2560, #3876, #37, #7002, #3103, #7620, #118, #6263, #2016, #1864, #6301, #1936, #6413, #1243, #5045 ),
 .UNSPECIFIED., .F., .F.,
 ( 4, 1, 1, 1, 1, 1, 1, 1, 1, 1, 1, 1, 1, 1, 1, 1, 1, 1, 1, 1, 1, 1, 1, 1, 1, 1, 4 ),
 ( 0.4925683021330547473, 0.5024463643869940821, 0.5250929155847819940, 0.5469717870834428508, 0.5680829788830696891, 0.5884264909837645385, 0.6080023233856429732, 0.6268104760888334459, 0.6448509490934806188, 0.6621237423997496929, 0.6786288560078284071, 0.6943662899179314785, 0.7093360441303072639, 0.7235381186452435331, 0.7369725134630787933, 0.7496392285842117253, 0.7615382640091191702, 0.7726696197383760012, 0.7830332957726851006, 0.7926292921129175495, 0.8014576087601730237, 0.8095182457158636158, 0.8168112029818485054, 0.8233364805606433467, 0.8290940784557681020, 0.8340839966723704313, 1.000000000000000000 ),
 .UNSPECIFIED. ) ;
#2033 = ORIENTED_EDGE ( 'NONE', *, *, #652, .F. ) ;
#2034 = B_SPLINE_CURVE_WITH_KNOTS ( 'NONE', 3,
 ( #1156, #7455, #1774, #3672, #4875, #8192, #2434, #1894, #4416, #6256, #4294, #6834, #578, #542, #1273, #3792, #3056, #4335, #7540, #2969, #1734, #4957, #5633, #3714, #7497, #8153, #5509, #8032, #2351 ),
 .UNSPECIFIED., .F., .F.,
 ( 4, 1, 1, 1, 1, 1, 1, 1, 1, 1, 1, 1, 1, 1, 1, 1, 1, 1, 1, 1, 1, 1, 1, 1, 1, 1, 4 ),
 ( 0.000000000000000000, 0.1659160033276295965, 0.1709059215442318702, 0.1766635194393565977, 0.1831887970181514669, 0.1904817542841364120, 0.1985423912398269763, 0.2073707078870824227, 0.2169667042273148716, 0.2273303802616240543, 0.2384617359908808021, 0.2503607714157882191, 0.2630274865369212067, 0.2764618813547564669, 0.2906639558696927361, 0.3056337100820685215, 0.3213711439921715929, 0.3378762576002502516, 0.3551490509065193812, 0.3731895239111665541, 0.3919976766143570268, 0.4115735090162354615, 0.4319170211169303109, 0.4530282129165571492, 0.4749070844152180060, 0.4975536356130058624, 0.5074316978669441980 ),
 .UNSPECIFIED. ) ;
#2035 = CARTESIAN_POINT ( 'NONE',  ( 6.626136714284753815, -11.46368139467871572, 8.000000000000000000 ) ) ;
#2036 = DIRECTION ( 'NONE',  ( 0.7605637668489725334, 0.000000000000000000, -0.6492632413409076264 ) ) ;
#2037 = CARTESIAN_POINT ( 'NONE',  ( 10.48771353560516140, 6.492081297254581607, 0.000000000000000000 ) ) ;
#2038 = CARTESIAN_POINT ( 'NONE',  ( 6.619621129381279445, -11.34404188716882267, 8.000000000000000000 ) ) ;
#2039 = CARTESIAN_POINT ( 'NONE',  ( 3.149229626029005580, -10.47431425022856821, 8.000000000000000000 ) ) ;
#2040 = CARTESIAN_POINT ( 'NONE',  ( 8.105411651555897379, -9.497099640846604629, 8.000000000000000000 ) ) ;
#2041 = CARTESIAN_POINT ( 'NONE',  ( 6.155781557883059030, 9.109912139400986320, 0.000000000000000000 ) ) ;
#2042 = CARTESIAN_POINT ( 'NONE',  ( -0.7941151212463513076, 11.95399604505280600, 8.000000000000000000 ) ) ;
#2043 = CARTESIAN_POINT ( 'NONE',  ( -0.8074739252556281111, -12.00148937107102931, 8.000000000000000000 ) ) ;
#2044 = ORIENTED_EDGE ( 'NONE', *, *, #5312, .F. ) ;
#2045 = CARTESIAN_POINT ( 'NONE',  ( -10.23507608951707049, 6.418760976341326696, 8.000000000000000000 ) ) ;
#2046 = CARTESIAN_POINT ( 'NONE',  ( 11.94884645308970406, 5.198761634262982767, 8.000000000000000000 ) ) ;
#2047 = EDGE_CURVE ( 'NONE', #4268, #4745, #2576, .T. ) ;
#2048 = CARTESIAN_POINT ( 'NONE',  ( 12.05320353502385267, 0.8231400688186875092, 8.000000000000000000 ) ) ;
#2049 = CARTESIAN_POINT ( 'NONE',  ( 7.984211336810572490, 34.51212585930841925, -18.76154079729224833 ) ) ;
#2050 = CARTESIAN_POINT ( 'NONE',  ( 10.72875944066950993, -6.544354946388615701, 0.000000000000000000 ) ) ;
#2051 = CARTESIAN_POINT ( 'NONE',  ( 6.625183064395991472, -12.04862852623652536, 0.000000000000000000 ) ) ;
#2052 = VERTEX_POINT ( 'NONE', #1878 ) ;
#2053 = CARTESIAN_POINT ( 'NONE',  ( 2.372422943547987995, 55.78452766026119747, 26.69378740028920660 ) ) ;
#2054 = ORIENTED_EDGE ( 'NONE', *, *, #7030, .F. ) ;
#2055 = CARTESIAN_POINT ( 'NONE',  ( 7.313425558786411429, 8.881356617214221316, 8.000000000000000000 ) ) ;
#2056 = CARTESIAN_POINT ( 'NONE',  ( 0.2416457505997627320, -10.93483029503508597, 8.000000000000000000 ) ) ;
#2057 = CARTESIAN_POINT ( 'NONE',  ( -4.719217338362137859, -11.47561408673062822, 8.000000000000000000 ) ) ;
#2058 = CARTESIAN_POINT ( 'NONE',  ( -11.56976343863534851, -2.936066220364096147, 0.000000000000000000 ) ) ;
#2059 = CARTESIAN_POINT ( 'NONE',  ( 12.04862852623664260, -6.625183064395767651, 8.000000000000000000 ) ) ;
#2060 = CARTESIAN_POINT ( 'NONE',  ( 13.96810599321304203, 33.61276229801158877, -13.09722763825820557 ) ) ;
#2061 = ADVANCED_FACE ( 'NONE', ( #5063 ), #3909, .T. ) ;
#2062 = CARTESIAN_POINT ( 'NONE',  ( 14.96413699696623745, 53.98208637014782596, 0.3298255930281844828 ) ) ;
#2063 = CARTESIAN_POINT ( 'NONE',  ( -5.477724940116765140, -12.17545110014133058, 0.000000000000000000 ) ) ;
#2064 = CARTESIAN_POINT ( 'NONE',  ( 13.75035795513250925, 52.02745424127731866, 26.69378740028920660 ) ) ;
#2065 = FACE_OUTER_BOUND ( 'NONE', #2117, .T. ) ;
#2066 = CARTESIAN_POINT ( 'NONE',  ( 8.309755429512170721, 35.28300142296365749, 17.04359809359991118 ) ) ;
#2067 = CARTESIAN_POINT ( 'NONE',  ( -12.33100786788150849, 5.689930116769273738, 8.000000000000000000 ) ) ;
#2068 = CARTESIAN_POINT ( 'NONE',  ( -11.80431640392012760, -5.038066446831229506, 8.000000000000000000 ) ) ;
#2069 = CARTESIAN_POINT ( 'NONE',  ( 0.000000000000000000, 0.000000000000000000, 8.000000000000000000 ) ) ;
#2070 = VERTEX_POINT ( 'NONE', #2785 ) ;
#2071 = ORIENTED_EDGE ( 'NONE', *, *, #19, .T. ) ;
#2072 = CARTESIAN_POINT ( 'NONE',  ( 13.27225220462995559, 1.447204694645935374, 0.000000000000000000 ) ) ;
#2073 = CARTESIAN_POINT ( 'NONE',  ( 9.234787594130693833, 7.707558585906980397, 0.000000000000000000 ) ) ;
#2074 = CARTESIAN_POINT ( 'NONE',  ( 10.23507608951697634, 6.418760976341473246, 8.000000000000000000 ) ) ;
#2075 = DIRECTION ( 'NONE',  ( -1.000000000000000000, 0.000000000000000000, 0.000000000000000000 ) ) ;
#2076 = CARTESIAN_POINT ( 'NONE',  ( 2.936066220364136115, -11.56976343863533607, 8.000000000000000000 ) ) ;
#2077 = CARTESIAN_POINT ( 'NONE',  ( 6.129865658663416816, 51.41115805221260615, 19.55907584929524745 ) ) ;
#2078 = CARTESIAN_POINT ( 'NONE',  ( -8.743249532614884245, 9.801135538539480052, 8.000000000000000000 ) ) ;
#2079 = CARTESIAN_POINT ( 'NONE',  ( -6.588591420233394835, -11.01428446989504906, 0.000000000000000000 ) ) ;
#2080 = DIRECTION ( 'NONE',  ( 0.000000000000000000, 0.000000000000000000, -1.000000000000000000 ) ) ;
#2081 = ORIENTED_EDGE ( 'NONE', *, *, #1013, .T. ) ;
#2082 = CARTESIAN_POINT ( 'NONE',  ( 0.000000000000000000, 0.000000000000000000, -2.000000000000000000 ) ) ;
#2083 = CARTESIAN_POINT ( 'NONE',  ( -2.817469215210279820, 12.72257526253004833, 0.000000000000000000 ) ) ;
#2084 = CARTESIAN_POINT ( 'NONE',  ( -2.862521721341669156, -12.51119373526728928, 8.000000000000000000 ) ) ;
#2085 = VECTOR ( 'NONE', #4822, 1000.000000000000000 ) ;
#2086 = CARTESIAN_POINT ( 'NONE',  ( 8.988499347771151449, -6.231836464888791838, 0.000000000000000000 ) ) ;
#2087 = CIRCLE ( 'NONE', #6995, 1.000000000000000444 ) ;
#2088 = CARTESIAN_POINT ( 'NONE',  ( 10.29093438073252642, -6.436913140481609119, 8.000000000000000000 ) ) ;
#2089 = CARTESIAN_POINT ( 'NONE',  ( 5.689930116769404300, -12.33100786788144276, 8.000000000000000000 ) ) ;
#2090 = ORIENTED_EDGE ( 'NONE', *, *, #1893, .F. ) ;
#2091 = CARTESIAN_POINT ( 'NONE',  ( -11.41672744483953394, 4.668788839230820109, 8.000000000000000000 ) ) ;
#2092 = ORIENTED_EDGE ( 'NONE', *, *, #4315, .T. ) ;
#2093 = DIRECTION ( 'NONE',  ( -0.7423636110990703418, 0.000000000000000000, -0.6699972156031308579 ) ) ;
#2094 = CARTESIAN_POINT ( 'NONE',  ( 7.577720000373570741, 9.126433365741238646, -5.204170427930421283E-15 ) ) ;
#2095 = CARTESIAN_POINT ( 'NONE',  ( 2.817469215210370415, -12.72257526253002702, 0.000000000000000000 ) ) ;
#2096 = CARTESIAN_POINT ( 'NONE',  ( 16.89984493003977306, 26.40670174162164585, -8.338128017711117224 ) ) ;
#2097 = CARTESIAN_POINT ( 'NONE',  ( -13.19332579941577777, -2.686824890852784975, 0.000000000000000000 ) ) ;
#2098 = CARTESIAN_POINT ( 'NONE',  ( 11.01428446989507748, -6.588591420233351315, 8.000000000000000000 ) ) ;
#2099 = CARTESIAN_POINT ( 'NONE',  ( -11.41672744483953394, 4.668788839230820109, 0.000000000000000000 ) ) ;
#2100 = CARTESIAN_POINT ( 'NONE',  ( 11.61432090236917603, 2.938739567862500124, 8.000000000000000000 ) ) ;
#2101 = VERTEX_POINT ( 'NONE', #5858 ) ;
#2102 = CARTESIAN_POINT ( 'NONE',  ( 10.93483029503508774, -0.2416457505996488786, -5.204170427930421283E-15 ) ) ;
#2103 = EDGE_CURVE ( 'NONE', #2070, #1994, #2159, .T. ) ;
#2104 = CARTESIAN_POINT ( 'NONE',  ( -4.773939382172995849, 11.53698844606704910, 8.000000000000000000 ) ) ;
#2105 = DIRECTION ( 'NONE',  ( -0.6546641047351240417, 0.2127132620451249179, -0.7253743710122936283 ) ) ;
#2106 = CARTESIAN_POINT ( 'NONE',  ( -2.932881190150526507, 11.52995163726277283, 0.000000000000000000 ) ) ;
#2107 = CARTESIAN_POINT ( 'NONE',  ( -12.31670401296924489, -2.895913797652550858, 8.000000000000000000 ) ) ;
#2108 = CARTESIAN_POINT ( 'NONE',  ( 10.82618748032928657, 35.53085888469725262, -11.93571810208528916 ) ) ;
#2109 = VECTOR ( 'NONE', #506, 1000.000000000000000 ) ;
#2110 = CARTESIAN_POINT ( 'NONE',  ( -11.53698844606703133, -4.773939382173037593, 8.000000000000000000 ) ) ;
#2111 = CARTESIAN_POINT ( 'NONE',  ( -7.577720000373704856, 9.126433365741132064, 0.000000000000000000 ) ) ;
#2112 = EDGE_CURVE ( 'NONE', #7770, #919, #2695, .T. ) ;
#2113 = AXIS2_PLACEMENT_3D ( 'NONE', #2804, #1603, #2181 ) ;
#2114 = ADVANCED_FACE ( 'NONE', ( #2198 ), #2725, .T. ) ;
#2115 =( BOUNDED_CURVE ( )  B_SPLINE_CURVE ( 3, ( #3966, #828, #6497, #3342 ),
 .UNSPECIFIED., .F., .F. ) 
 B_SPLINE_CURVE_WITH_KNOTS ( ( 4, 4 ),
 ( 0.4220781418936180307, 0.6410375023607483014 ),
 .UNSPECIFIED. ) 
 CURVE ( )  GEOMETRIC_REPRESENTATION_ITEM ( )  RATIONAL_B_SPLINE_CURVE ( ( 1.000000000000000000, 0.9960087221505231625, 0.9960087221505231625, 1.000000000000000000 ) ) 
 REPRESENTATION_ITEM ( '' )  );
#2116 = ORIENTED_EDGE ( 'NONE', *, *, #434, .T. ) ;
#2117 = EDGE_LOOP ( 'NONE', ( #2783, #3816, #2989, #2932 ) ) ;
#2118 = CARTESIAN_POINT ( 'NONE',  ( 6.575057906251815965, -10.91417308631837813, 8.000000000000000000 ) ) ;
#2119 = CARTESIAN_POINT ( 'NONE',  ( 9.301941798724689292, 7.798144649837294828, 0.000000000000000000 ) ) ;
#2120 = CARTESIAN_POINT ( 'NONE',  ( -10.02415449855983454, -9.411632514553605944, 8.000000000000000000 ) ) ;
#2121 = CARTESIAN_POINT ( 'NONE',  ( 12.97053397611296077, -1.251919511749237435, 0.000000000000000000 ) ) ;
#2122 = CARTESIAN_POINT ( 'NONE',  ( 2.919073574173182362, -12.13967088095516367, 0.000000000000000000 ) ) ;
#2123 = DIRECTION ( 'NONE',  ( -0.03552710149127149414, -0.9671892545090218229, -0.2515606706580177376 ) ) ;
#2124 = CARTESIAN_POINT ( 'NONE',  ( -13.48577048812304824, 1.600954125870881040, 0.000000000000000000 ) ) ;
#2125 = CARTESIAN_POINT ( 'NONE',  ( -6.630420918280039544, -11.58812316373727747, 0.000000000000000000 ) ) ;
#2126 = ORIENTED_EDGE ( 'NONE', *, *, #3851, .F. ) ;
#2127 = CARTESIAN_POINT ( 'NONE',  ( -9.175863790627264649, 7.634358818669825908, 0.000000000000000000 ) ) ;
#2128 = CARTESIAN_POINT ( 'NONE',  ( 11.80431640392009029, 5.038066446831312106, 8.000000000000000000 ) ) ;
#2129 = CARTESIAN_POINT ( 'NONE',  ( -2.708699257713637287, -10.80883218877870888, 8.000000000000000000 ) ) ;
#2130 = ADVANCED_FACE ( 'NONE', ( #6990 ), #3127, .F. ) ;
#2131 = CARTESIAN_POINT ( 'NONE',  ( -11.05183112916328803, -4.404384806714172207, 0.000000000000000000 ) ) ;
#2132 = DIRECTION ( 'NONE',  ( 0.6898720223047383193, -0.2241530079268372333, -0.6883545756937494708 ) ) ;
#2133 = CARTESIAN_POINT ( 'NONE',  ( 4.668788839230941790, -11.41672744483948598, 0.000000000000000000 ) ) ;
#2134 = VERTEX_POINT ( 'NONE', #1968 ) ;
#2135 = CARTESIAN_POINT ( 'NONE',  ( 7.439854252634617637, 43.68375144190006409, 18.90981260795433627 ) ) ;
#2136 = ORIENTED_EDGE ( 'NONE', *, *, #5871, .T. ) ;
#2137 = B_SPLINE_CURVE_WITH_KNOTS ( 'NONE', 3,
 ( #1218, #3041, #3696, #6275, #1951, #51, #5651, #5020, #1913, #3192, #4398, #7478, #5578, #678, #2537, #3077, #3772, #4434, #1333, #597, #5058, #3115, #3854, #8095, #2416, #6315, #2455, #8171, #2497 ),
 .UNSPECIFIED., .F., .F.,
 ( 4, 1, 1, 1, 1, 1, 1, 1, 1, 1, 1, 1, 1, 1, 1, 1, 1, 1, 1, 1, 1, 1, 1, 1, 1, 1, 4 ),
 ( 0.4925683021330554689, 0.5024463643869940821, 0.5250929155847819940, 0.5469717870834428508, 0.5680829788830696891, 0.5884264909837645385, 0.6080023233856429732, 0.6268104760888334459, 0.6448509490934806188, 0.6621237423997496929, 0.6786288560078284071, 0.6943662899179314785, 0.7093360441303072639, 0.7235381186452435331, 0.7369725134630787933, 0.7496392285842117253, 0.7615382640091191702, 0.7726696197383760012, 0.7830332957726851006, 0.7926292921129175495, 0.8014576087601730237, 0.8095182457158636158, 0.8168112029818485054, 0.8233364805606433467, 0.8290940784557681020, 0.8340839966723704313, 1.000000000000000000 ),
 .UNSPECIFIED. ) ;
#2138 = CARTESIAN_POINT ( 'NONE',  ( 9.175863790627152738, 7.634358818669958247, 8.000000000000000000 ) ) ;
#2139 = ADVANCED_FACE ( 'NONE', ( #3786 ), #2588, .T. ) ;
#2140 = CARTESIAN_POINT ( 'NONE',  ( 7.906868104073932813, 9.376012365377949465, 8.000000000000000000 ) ) ;
#2141 = CARTESIAN_POINT ( 'NONE',  ( 0.000000000000000000, 0.000000000000000000, 0.000000000000000000 ) ) ;
#2142 = DIRECTION ( 'NONE',  ( 0.000000000000000000, 0.000000000000000000, -1.000000000000000000 ) ) ;
#2143 = CARTESIAN_POINT ( 'NONE',  ( -11.90787246215808537, -2.937812879663900478, 0.000000000000000000 ) ) ;
#2144 = CARTESIAN_POINT ( 'NONE',  ( 7.322947971109198484, 34.18477378720779569, 16.63724060153137430 ) ) ;
#2145 = CARTESIAN_POINT ( 'NONE',  ( -11.66659828334868187, 4.896733499129055645, 0.000000000000000000 ) ) ;
#2146 = CARTESIAN_POINT ( 'NONE',  ( 0.000000000000000000, 0.000000000000000000, 8.000000000000000000 ) ) ;
#2147 = EDGE_LOOP ( 'NONE', ( #516, #2625, #8146, #2976 ) ) ;
#2148 = CARTESIAN_POINT ( 'NONE',  ( -9.175863790627211358, -7.634358818669890745, 0.000000000000000000 ) ) ;
#2149 = EDGE_CURVE ( 'NONE', #4481, #5469, #149, .T. ) ;
#2150 = CARTESIAN_POINT ( 'NONE',  ( 28.04163692984209177, 39.88649684920854810, 10.23534816696587590 ) ) ;
#2151 = DIRECTION ( 'NONE',  ( -0.3090169943749488390, -0.9510565162951530871, 0.000000000000000000 ) ) ;
#2152 = CARTESIAN_POINT ( 'NONE',  ( 11.71732392095630715, -6.632284204934304483, 0.000000000000000000 ) ) ;
#2153 = CARTESIAN_POINT ( 'NONE',  ( -6.626067776682361021, 12.02849558169542021, 8.000000000000000000 ) ) ;
#2154 = CARTESIAN_POINT ( 'NONE',  ( 13.86831054194850665, 34.01821312868956682, -13.28508304997271061 ) ) ;
#2155 = CARTESIAN_POINT ( 'NONE',  ( -9.411632514633797797, 10.02415449858209229, 0.000000000000000000 ) ) ;
#2156 = CIRCLE ( 'NONE', #4274, 13.75000000000000000 ) ;
#2157 = ORIENTED_EDGE ( 'NONE', *, *, #2618, .T. ) ;
#2158 = ORIENTED_EDGE ( 'NONE', *, *, #4137, .F. ) ;
#2159 = LINE ( 'NONE', #180, #6597 ) ;
#2160 = CARTESIAN_POINT ( 'NONE',  ( 9.338196514606112331, 7.850195268865284959, 0.000000000000000000 ) ) ;
#2161 = CARTESIAN_POINT ( 'NONE',  ( 10.18403012388265516, 6.401038329814094929, 0.000000000000000000 ) ) ;
#2162 = CARTESIAN_POINT ( 'NONE',  ( 6.631537913675626505, -11.85123473191533172, 8.000000000000000000 ) ) ;
#2163 = CARTESIAN_POINT ( 'NONE',  ( 2.724978029605303220, -13.06987279011078940, 8.000000000000000000 ) ) ;
#2164 = CARTESIAN_POINT ( 'NONE',  ( -2.584755384919137366, -13.48734665307398473, 0.000000000000000000 ) ) ;
#2165 = CARTESIAN_POINT ( 'NONE',  ( -11.95399604505280955, 0.7941151212463095632, 0.000000000000000000 ) ) ;
#2166 = CARTESIAN_POINT ( 'NONE',  ( -5.198761634262857534, 11.94884645308976090, 0.000000000000000000 ) ) ;
#2167 = ORIENTED_EDGE ( 'NONE', *, *, #4492, .F. ) ;
#2168 = EDGE_CURVE ( 'NONE', #116, #189, #1567, .T. ) ;
#2169 = CARTESIAN_POINT ( 'NONE',  ( -9.415217936709943558, 7.968244849358848469, 0.000000000000000000 ) ) ;
#2170 = DIRECTION ( 'NONE',  ( 1.000000000000000000, 0.000000000000000000, 0.000000000000000000 ) ) ;
#2171 = AXIS2_PLACEMENT_3D ( 'NONE', #5849, #2105, #3265 ) ;
#2172 = CARTESIAN_POINT ( 'NONE',  ( -6.619621129381195956, 11.34404188716887596, 0.000000000000000000 ) ) ;
#2173 = CIRCLE ( 'NONE', #3628, 10.93750000000000178 ) ;
#2174 = CARTESIAN_POINT ( 'NONE',  ( -6.622827502596226878, -8.704427730807756447, 0.000000000000000000 ) ) ;
#2175 = CARTESIAN_POINT ( 'NONE',  ( 4.580317944817474007, -11.30699639290203784, 8.000000000000000000 ) ) ;
#2176 = EDGE_LOOP ( 'NONE', ( #2387, #6374, #364, #1092 ) ) ;
#2177 = LINE ( 'NONE', #4705, #2572 ) ;
#2178 = EDGE_LOOP ( 'NONE', ( #135, #536, #2273, #7016 ) ) ;
#2179 = CARTESIAN_POINT ( 'NONE',  ( -11.58812316373720819, -6.630420918280161224, 8.000000000000000000 ) ) ;
#2180 = CARTESIAN_POINT ( 'NONE',  ( 8.034402175150626491, 9.455639197970867826, -5.204170427930421283E-15 ) ) ;
#2181 = DIRECTION ( 'NONE',  ( -1.000000000000000000, 0.000000000000000000, 0.000000000000000000 ) ) ;
#2182 = CARTESIAN_POINT ( 'NONE',  ( -4.668788839230776588, -11.41672744483955171, 8.000000000000000000 ) ) ;
#2183 = DIRECTION ( 'NONE',  ( 0.9510565162951530871, -0.3090169943749487280, 0.000000000000000000 ) ) ;
#2184 = CARTESIAN_POINT ( 'NONE',  ( 13.48734665312605685, -2.584755384899864339, 8.000000000000000000 ) ) ;
#2185 = DIRECTION ( 'NONE',  ( -0.7237771210982809622, -0.1939354950984079617, 0.6622202826217419291 ) ) ;
#2186 = CARTESIAN_POINT ( 'NONE',  ( 7.152395453489308608, -8.544655887209419376, 0.000000000000000000 ) ) ;
#2187 = AXIS2_PLACEMENT_3D ( 'NONE', #2847, #4128, #3428 ) ;
#2188 = ORIENTED_EDGE ( 'NONE', *, *, #1604, .T. ) ;
#2189 = CARTESIAN_POINT ( 'NONE',  ( 12.44755643926126965, -0.9751606640714124419, 8.000000000000000000 ) ) ;
#2190 = CARTESIAN_POINT ( 'NONE',  ( -6.622827502596226878, -8.704427730807756447, 8.000000000000000000 ) ) ;
#2191 = CARTESIAN_POINT ( 'NONE',  ( 7.003721731047638954, 34.21219619936123024, -8.371002309411318620 ) ) ;
#2192 = CARTESIAN_POINT ( 'NONE',  ( 11.34404188716894524, -6.619621129381070723, 0.000000000000000000 ) ) ;
#2193 = DIRECTION ( 'NONE',  ( -0.3090169943749382919, -0.9510565162951565288, 0.000000000000000000 ) ) ;
#2194 = CARTESIAN_POINT ( 'NONE',  ( -0.6963551242057646196, 11.48389212362418377, 0.000000000000000000 ) ) ;
#2195 = FACE_OUTER_BOUND ( 'NONE', #8051, .T. ) ;
#2196 = ORIENTED_EDGE ( 'NONE', *, *, #2149, .F. ) ;
#2197 = ORIENTED_EDGE ( 'NONE', *, *, #3963, .F. ) ;
#2198 = FACE_OUTER_BOUND ( 'NONE', #3874, .T. ) ;
#2199 = CARTESIAN_POINT ( 'NONE',  ( -9.582420452220629770, 8.262247439007792238, 8.000000000000000000 ) ) ;
#2200 = CARTESIAN_POINT ( 'NONE',  ( 11.90787246215806405, 2.937812879663983523, 8.000000000000000000 ) ) ;
#2201 = CARTESIAN_POINT ( 'NONE',  ( 12.16898868378442522, -0.8620871873791016160, 0.000000000000000000 ) ) ;
#2202 = EDGE_CURVE ( 'NONE', #3459, #2998, #5779, .T. ) ;
#2203 = DIRECTION ( 'NONE',  ( -0.3090169943749479509, -0.9510565162951533091, 1.734723475976805911E-15 ) ) ;
#2204 = CARTESIAN_POINT ( 'NONE',  ( 11.66659828334860904, 4.896733499129219069, 8.000000000000000000 ) ) ;
#2205 = CARTESIAN_POINT ( 'NONE',  ( -8.972047302895431287, 9.886832010614767796, 8.000000000000000000 ) ) ;
#2206 = CARTESIAN_POINT ( 'NONE',  ( -5.038066446831187761, 11.80431640392014359, 0.000000000000000000 ) ) ;
#2207 = VERTEX_POINT ( 'NONE', #1830 ) ;
#2208 = CARTESIAN_POINT ( 'NONE',  ( -9.757522586729574954, 8.636712746112451100, 0.000000000000000000 ) ) ;
#2209 = CARTESIAN_POINT ( 'NONE',  ( -2.937812879663770360, -11.90787246215811734, 8.000000000000000000 ) ) ;
#2210 = EDGE_CURVE ( 'NONE', #7525, #8198, #4392, .T. ) ;
#2211 = CARTESIAN_POINT ( 'NONE',  ( 9.411632514633874180, -10.02415449858202301, 0.000000000000000000 ) ) ;
#2212 = VECTOR ( 'NONE', #5302, 1000.000000000000000 ) ;
#2213 = CARTESIAN_POINT ( 'NONE',  ( -7.577720000373640907, -9.126433365741181802, 8.000000000000000000 ) ) ;
#2214 = CARTESIAN_POINT ( 'NONE',  ( 4.386616976971037474, -11.02139818175199082, 8.000000000000000000 ) ) ;
#2215 = ADVANCED_FACE ( 'NONE', ( #1871 ), #4973, .T. ) ;
#2216 = VERTEX_POINT ( 'NONE', #4934 ) ;
#2217 = CARTESIAN_POINT ( 'NONE',  ( 2.377405033752134411, 32.70217614808166218, 21.64083950588321059 ) ) ;
#2218 = ORIENTED_EDGE ( 'NONE', *, *, #8195, .F. ) ;
#2219 = VECTOR ( 'NONE', #6015, 1000.000000000000000 ) ;
#2220 = DIRECTION ( 'NONE',  ( 0.000000000000000000, 0.000000000000000000, -1.000000000000000000 ) ) ;
#2221 = VECTOR ( 'NONE', #3928, 1000.000000000000000 ) ;
#2222 = CARTESIAN_POINT ( 'NONE',  ( -11.90787246215808537, -2.937812879663900478, 8.000000000000000000 ) ) ;
#2223 = CARTESIAN_POINT ( 'NONE',  ( 13.43191167793315266, 36.00000597390122437, -14.26713827412471680 ) ) ;
#2224 = CARTESIAN_POINT ( 'NONE',  ( 0.000000000000000000, 0.000000000000000000, 0.000000000000000000 ) ) ;
#2225 = VECTOR ( 'NONE', #4400, 1000.000000000000000 ) ;
#2226 = CARTESIAN_POINT ( 'NONE',  ( 12.95019774290652492, -2.759358130927213715, 8.000000000000000000 ) ) ;
#2227 = DIRECTION ( 'NONE',  ( -3.491481338843133355E-15, 1.000000000000000000, 0.000000000000000000 ) ) ;
#2228 = VERTEX_POINT ( 'NONE', #6891 ) ;
#2229 = CARTESIAN_POINT ( 'NONE',  ( 7.634358818669927160, -9.175863790627181160, 0.000000000000000000 ) ) ;
#2230 = EDGE_LOOP ( 'NONE', ( #6446, #320, #8008, #2654 ) ) ;
#2231 = CARTESIAN_POINT ( 'NONE',  ( 12.52642403931683646, -1.011712205768791950, -5.204170427930421283E-15 ) ) ;
#2232 = CARTESIAN_POINT ( 'NONE',  ( -4.161888422927099818, 10.33666240664860503, 8.000000000000000000 ) ) ;
#2233 = CARTESIAN_POINT ( 'NONE',  ( -2.908682420983816019, -12.22597347346770569, 8.000000000000000000 ) ) ;
#2234 = DIRECTION ( 'NONE',  ( -1.000000000000000000, 0.000000000000000000, 0.000000000000000000 ) ) ;
#2235 = CARTESIAN_POINT ( 'NONE',  ( -6.186699299581457367, 9.699971161947006593, 8.000000000000000000 ) ) ;
#2236 = CARTESIAN_POINT ( 'NONE',  ( 13.36379220201201967, 34.92579731335761295, -12.83890562804837998 ) ) ;
#2237 = CARTESIAN_POINT ( 'NONE',  ( -6.455308898419793273, 10.35164078446981861, 8.000000000000000000 ) ) ;
#2238 = EDGE_CURVE ( 'NONE', #7024, #885, #6931, .T. ) ;
#2239 = CARTESIAN_POINT ( 'NONE',  ( -10.29093438073247846, 6.436913140481685502, 0.000000000000000000 ) ) ;
#2240 = ADVANCED_FACE ( 'NONE', ( #4267 ), #7094, .T. ) ;
#2241 = EDGE_CURVE ( 'NONE', #1227, #4824, #5762, .T. ) ;
#2242 = CARTESIAN_POINT ( 'NONE',  ( -9.699971161946981724, -6.186699299581489342, 0.000000000000000000 ) ) ;
#2243 = EDGE_LOOP ( 'NONE', ( #2714, #2398, #7570, #7442 ) ) ;
#2244 = ORIENTED_EDGE ( 'NONE', *, *, #5072, .T. ) ;
#2245 = CARTESIAN_POINT ( 'NONE',  ( 12.78342018721905760, 1.143751547996604945, 0.000000000000000000 ) ) ;
#2246 = CARTESIAN_POINT ( 'NONE',  ( 13.87913891639966479, 33.97596367289346375, -13.29482462361906059 ) ) ;
#2247 = CARTESIAN_POINT ( 'NONE',  ( 11.11931436071728463, 6.600657436018271262, 8.000000000000000000 ) ) ;
#2248 = LINE ( 'NONE', #393, #8193 ) ;
#2249 = AXIS2_PLACEMENT_3D ( 'NONE', #3670, #1971, #4378 ) ;
#2250 = CARTESIAN_POINT ( 'NONE',  ( 2.686824890852831604, -13.19332579941576533, 8.000000000000000000 ) ) ;
#2251 = CARTESIAN_POINT ( 'NONE',  ( 12.38439407908844636, 37.03787980615264530, 21.61060992697492011 ) ) ;
#2252 = CARTESIAN_POINT ( 'NONE',  ( -12.37227591337642707, 0.9420826277741136678, 0.000000000000000000 ) ) ;
#2253 = CARTESIAN_POINT ( 'NONE',  ( -4.965029436117507800, 11.73452356626240523, 0.000000000000000000 ) ) ;
#2254 = ORIENTED_EDGE ( 'NONE', *, *, #1893, .T. ) ;
#2255 = CARTESIAN_POINT ( 'NONE',  ( -9.126433365741101866, -7.577720000373735054, 8.000000000000000000 ) ) ;
#2256 = CARTESIAN_POINT ( 'NONE',  ( -13.50622083011836949, 2.577692551494906059, 0.000000000000000000 ) ) ;
#2257 = CARTESIAN_POINT ( 'NONE',  ( 8.636712746112557681, -9.757522586729482583, 0.000000000000000000 ) ) ;
#2258 = CARTESIAN_POINT ( 'NONE',  ( 0.000000000000000000, 0.000000000000000000, 8.000000000000000000 ) ) ;
#2259 = CARTESIAN_POINT ( 'NONE',  ( -9.582420452220571150, -8.262247439007857963, 8.000000000000000000 ) ) ;
#2260 = ORIENTED_EDGE ( 'NONE', *, *, #849, .T. ) ;
#2261 = CARTESIAN_POINT ( 'NONE',  ( -12.44189184801363979, 5.853360337646381417, 8.000000000000000000 ) ) ;
#2262 = ORIENTED_EDGE ( 'NONE', *, *, #3221, .T. ) ;
#2263 = CARTESIAN_POINT ( 'NONE',  ( -10.41722559423731020, -6.473761040516483156, 8.000000000000000000 ) ) ;
#2264 = EDGE_CURVE ( 'NONE', #178, #902, #8019, .T. ) ;
#2265 = DIRECTION ( 'NONE',  ( 0.000000000000000000, -0.000000000000000000, -1.000000000000000000 ) ) ;
#2266 = DIRECTION ( 'NONE',  ( -0.6750363312718927755, 0.000000000000000000, 0.7377844884944269044 ) ) ;
#2267 = CARTESIAN_POINT ( 'NONE',  ( 11.20891349420036498, -4.507497455255990104, 8.000000000000000000 ) ) ;
#2268 = CARTESIAN_POINT ( 'NONE',  ( 13.50622083011839258, -2.577692551494811912, 8.000000000000000000 ) ) ;
#2269 = CARTESIAN_POINT ( 'NONE',  ( -12.05320353502385622, -0.8231400688186033543, 8.000000000000000000 ) ) ;
#2270 = ORIENTED_EDGE ( 'NONE', *, *, #740, .F. ) ;
#2271 = CARTESIAN_POINT ( 'NONE',  ( 5.369301891814445504, 51.41115805221260615, -10.90981260795433982 ) ) ;
#2272 = EDGE_CURVE ( 'NONE', #3117, #439, #1364, .T. ) ;
#2273 = ORIENTED_EDGE ( 'NONE', *, *, #4182, .T. ) ;
#2274 = CARTESIAN_POINT ( 'NONE',  ( 12.30068812565077252, -0.9123192481541766430, 8.000000000000000000 ) ) ;
#2275 = DIRECTION ( 'NONE',  ( 0.000000000000000000, -0.000000000000000000, -1.000000000000000000 ) ) ;
#2276 = CARTESIAN_POINT ( 'NONE',  ( -2.937812879663770360, -11.90787246215811734, 8.000000000000000000 ) ) ;
#2277 = CARTESIAN_POINT ( 'NONE',  ( 8.595495479404386074, 53.71556682173718400, -14.19099164525366241 ) ) ;
#2278 = CARTESIAN_POINT ( 'NONE',  ( -13.19332579941577777, -2.686824890852784975, 8.000000000000000000 ) ) ;
#2279 = CARTESIAN_POINT ( 'NONE',  ( -1.195724957047537229, 12.87548337994386038, 0.000000000000000000 ) ) ;
#2280 = CARTESIAN_POINT ( 'NONE',  ( -6.492081297254468808, 10.48771353560523600, 0.000000000000000000 ) ) ;
#2281 = CARTESIAN_POINT ( 'NONE',  ( -10.23507608951707049, 6.418760976341326696, 0.000000000000000000 ) ) ;
#2282 = CARTESIAN_POINT ( 'NONE',  ( 9.455639197970839405, -8.034402175150658465, 0.000000000000000000 ) ) ;
#2283 = VERTEX_POINT ( 'NONE', #2774 ) ;
#2284 = CARTESIAN_POINT ( 'NONE',  ( 11.47561408673054473, 4.719217338362343028, 8.000000000000000000 ) ) ;
#2285 = VERTEX_POINT ( 'NONE', #1988 ) ;
#2286 = CARTESIAN_POINT ( 'NONE',  ( -9.886832010614797994, 8.972047302895393983, 8.000000000000000000 ) ) ;
#2287 = DIRECTION ( 'NONE',  ( -0.6898720223047380973, 0.2241530079268375941, 0.6883545756937494708 ) ) ;
#2288 = DIRECTION ( 'NONE',  ( 1.000000000000000000, 0.000000000000000000, 0.000000000000000000 ) ) ;
#2289 = CARTESIAN_POINT ( 'NONE',  ( 2.937812879663942223, -11.90787246215807471, 0.000000000000000000 ) ) ;
#2290 = CARTESIAN_POINT ( 'NONE',  ( 11.53698844606699758, 4.773939382173117529, 8.000000000000000000 ) ) ;
#2291 = DIRECTION ( 'NONE',  ( -0.000000000000000000, -0.000000000000000000, -1.000000000000000000 ) ) ;
#2292 = CARTESIAN_POINT ( 'NONE',  ( -5.853360337715859174, 12.44189184805954440, 0.000000000000000000 ) ) ;
#2293 = ORIENTED_EDGE ( 'NONE', *, *, #7867, .F. ) ;
#2294 = CARTESIAN_POINT ( 'NONE',  ( -13.42510299666956897, 2.607747690737764579, 8.000000000000000000 ) ) ;
#2295 = CARTESIAN_POINT ( 'NONE',  ( 7.830262845419959206, 33.80727498360332817, -18.69378740028921015 ) ) ;
#2296 = CARTESIAN_POINT ( 'NONE',  ( 10.02706299306013626, -6.338109664291120993, 8.000000000000000000 ) ) ;
#2297 = ADVANCED_FACE ( 'NONE', ( #126 ), #6504, .T. ) ;
#2298 = CARTESIAN_POINT ( 'NONE',  ( 4.449236289362172414, -11.12353076645868732, 0.000000000000000000 ) ) ;
#2299 = EDGE_LOOP ( 'NONE', ( #1315, #7579, #1831, #5664 ) ) ;
#2300 = CARTESIAN_POINT ( 'NONE',  ( -6.632284204934351557, -11.71732392095628228, 0.000000000000000000 ) ) ;
#2301 = CARTESIAN_POINT ( 'NONE',  ( -11.96219333340840052, -6.628700411335519682, 8.000000000000000000 ) ) ;
#2302 = CARTESIAN_POINT ( 'NONE',  ( 8.535381057717431830, 9.713655369616290614, -5.204170427930421283E-15 ) ) ;
#2303 = DIRECTION ( 'NONE',  ( 0.000000000000000000, 0.000000000000000000, -1.000000000000000000 ) ) ;
#2304 = CARTESIAN_POINT ( 'NONE',  ( -4.507497455256107344, 11.20891349420032235, 0.000000000000000000 ) ) ;
#2305 = ADVANCED_FACE ( 'NONE', ( #7045 ), #2685, .F. ) ;
#2306 = CARTESIAN_POINT ( 'NONE',  ( 13.48734665312605685, -2.584755384899864339, -5.204170427930421283E-15 ) ) ;
#2307 = CARTESIAN_POINT ( 'NONE',  ( -12.78342018721906648, -1.143751547996515683, 8.000000000000000000 ) ) ;
#2308 = ORIENTED_EDGE ( 'NONE', *, *, #2047, .F. ) ;
#2309 = CARTESIAN_POINT ( 'NONE',  ( 12.61481170127146889, 2.841541163098181055, -5.204170427930421283E-15 ) ) ;
#2310 = EDGE_LOOP ( 'NONE', ( #53, #2838, #1820, #6867 ) ) ;
#2311 = CARTESIAN_POINT ( 'NONE',  ( -11.16457150618547267, -4.476617511824087181, 8.000000000000000000 ) ) ;
#2312 = EDGE_LOOP ( 'NONE', ( #2973, #5184 ) ) ;
#2313 = CARTESIAN_POINT ( 'NONE',  ( 0.000000000000000000, 0.000000000000000000, 0.000000000000000000 ) ) ;
#2314 = CARTESIAN_POINT ( 'NONE',  ( -2.862521721341669156, -12.51119373526728928, 8.000000000000000000 ) ) ;
#2315 = CARTESIAN_POINT ( 'NONE',  ( -2.686824890852737902, 13.19332579941578665, 0.000000000000000000 ) ) ;
#2316 = EDGE_CURVE ( 'NONE', #7863, #6857, #2990, .T. ) ;
#2317 = CARTESIAN_POINT ( 'NONE',  ( -6.231836464888890426, 8.988499347771085723, 8.000000000000000000 ) ) ;
#2318 = CARTESIAN_POINT ( 'NONE',  ( -1.600954125870928113, -13.48577048812304291, 0.000000000000000000 ) ) ;
#2319 = CARTESIAN_POINT ( 'NONE',  ( 0.2416457505997640642, 10.93483029503508597, 0.000000000000000000 ) ) ;
#2320 = AXIS2_PLACEMENT_3D ( 'NONE', #966, #2367, #5436 ) ;
#2321 = DIRECTION ( 'NONE',  ( 0.3090169943749478398, 0.9510565162951534202, -0.000000000000000000 ) ) ;
#2322 = CARTESIAN_POINT ( 'NONE',  ( 9.204216794247651379, -7.668835209822921328, 0.000000000000000000 ) ) ;
#2323 = LINE ( 'NONE', #6763, #6356 ) ;
#2324 = DIRECTION ( 'NONE',  ( 0.000000000000000000, 0.000000000000000000, -1.000000000000000000 ) ) ;
#2325 = ORIENTED_EDGE ( 'NONE', *, *, #6373, .F. ) ;
#2326 = AXIS2_PLACEMENT_3D ( 'NONE', #2313, #2275, #2813 ) ;
#2327 = CARTESIAN_POINT ( 'NONE',  ( 11.25643158326918147, 4.542018187747340896, 0.000000000000000000 ) ) ;
#2328 = DIRECTION ( 'NONE',  ( -1.000000000000000000, 0.000000000000000000, 0.000000000000000000 ) ) ;
#2329 = CARTESIAN_POINT ( 'NONE',  ( 9.928529331195759866, 9.094348737717362852, 0.000000000000000000 ) ) ;
#2330 = CARTESIAN_POINT ( 'NONE',  ( -1.312474532673086891, -13.06843834723477649, 8.000000000000000000 ) ) ;
#2331 = CARTESIAN_POINT ( 'NONE',  ( 11.66659828334860904, 4.896733499129219069, 0.000000000000000000 ) ) ;
#2332 = APPLICATION_PROTOCOL_DEFINITION ( 'international standard', 'config_control_design', 1994, #343 ) ;
#2333 = CARTESIAN_POINT ( 'NONE',  ( 13.50622083004036611, 2.577692551524271902, 8.000000000000000000 ) ) ;
#2334 = ORIENTED_EDGE ( 'NONE', *, *, #5174, .F. ) ;
#2335 =( BOUNDED_CURVE ( )  B_SPLINE_CURVE ( 3, ( #4174, #6141, #3471, #2191 ),
 .UNSPECIFIED., .F., .F. ) 
 B_SPLINE_CURVE_WITH_KNOTS ( ( 4, 4 ),
 ( 2.976257960622566756, 4.443473401705217540 ),
 .UNSPECIFIED. ) 
 CURVE ( )  GEOMETRIC_REPRESENTATION_ITEM ( )  RATIONAL_B_SPLINE_CURVE ( ( 1.000000000000000000, 0.8285091192165836560, 0.8285091192165836560, 1.000000000000000000 ) ) 
 REPRESENTATION_ITEM ( '' )  );
#2336 = CARTESIAN_POINT ( 'NONE',  ( -12.13967088095519209, 2.919073574173051799, 0.000000000000000000 ) ) ;
#2337 = CARTESIAN_POINT ( 'NONE',  ( -11.05183112916328803, -4.404384806714172207, 0.000000000000000000 ) ) ;
#2338 = CARTESIAN_POINT ( 'NONE',  ( -4.210990906299821646, -10.70664486910373903, 0.000000000000000000 ) ) ;
#2339 = CARTESIAN_POINT ( 'NONE',  ( 8.972047302895502341, -9.886832010614698518, 0.000000000000000000 ) ) ;
#2340 = AXIS2_PLACEMENT_3D ( 'NONE', #2992, #3563, #7307 ) ;
#2341 = CARTESIAN_POINT ( 'NONE',  ( -7.906868104074003867, -9.376012365377890845, 8.000000000000000000 ) ) ;
#2342 = EDGE_CURVE ( 'NONE', #1752, #4287, #4015, .T. ) ;
#2343 = CYLINDRICAL_SURFACE ( 'NONE', #7530, 13.75000000000000000 ) ;
#2344 = ORIENTED_EDGE ( 'NONE', *, *, #514, .F. ) ;
#2345 = CARTESIAN_POINT ( 'NONE',  ( 9.886832010614865496, -8.972047302895321153, 8.000000000000000000 ) ) ;
#2346 = CARTESIAN_POINT ( 'NONE',  ( 9.338196514606284637, -7.850195268865080678, -5.204170427930421283E-15 ) ) ;
#2347 = VECTOR ( 'NONE', #748, 1000.000000000000000 ) ;
#2348 = CYLINDRICAL_SURFACE ( 'NONE', #7591, 0.9999999999999996669 ) ;
#2349 = CARTESIAN_POINT ( 'NONE',  ( 5.369301891814445504, 51.41115805221260615, 18.90981260795433627 ) ) ;
#2350 = CARTESIAN_POINT ( 'NONE',  ( -4.580317944817394960, 11.30699639290207337, 0.000000000000000000 ) ) ;
#2351 = CARTESIAN_POINT ( 'NONE',  ( -2.577692551524129794, 13.50622083004039276, 8.000000000000000000 ) ) ;
#2352 = CARTESIAN_POINT ( 'NONE',  ( 8.034402175150626491, 9.455639197970867826, 0.000000000000000000 ) ) ;
#2353 = VERTEX_POINT ( 'NONE', #834 ) ;
#2354 = CARTESIAN_POINT ( 'NONE',  ( 11.83979557596820165, 2.940530670474365671, 8.000000000000000000 ) ) ;
#2355 = ORIENTED_EDGE ( 'NONE', *, *, #2390, .T. ) ;
#2356 = AXIS2_PLACEMENT_3D ( 'NONE', #1763, #6824, #767 ) ;
#2357 = CARTESIAN_POINT ( 'NONE',  ( -12.39393210983938509, -5.781365353078142810, 8.000000000000000000 ) ) ;
#2358 = ORIENTED_EDGE ( 'NONE', *, *, #860, .T. ) ;
#2359 = CIRCLE ( 'NONE', #6865, 10.93750000000000178 ) ;
#2360 = CARTESIAN_POINT ( 'NONE',  ( -9.392211555323777716, -10.01877448793499248, 8.000000000000000000 ) ) ;
#2361 = CARTESIAN_POINT ( 'NONE',  ( -2.724978029605114482, -13.06987279011082848, 8.000000000000000000 ) ) ;
#2362 = CARTESIAN_POINT ( 'NONE',  ( -11.48389212362418199, -0.6963551242058048096, 0.000000000000000000 ) ) ;
#2363 = CARTESIAN_POINT ( 'NONE',  ( 12.73418466839024532, 35.35392771390935707, 19.95982254598237660 ) ) ;
#2364 = CARTESIAN_POINT ( 'NONE',  ( -0.6963551242057667290, -11.48389212362418199, 0.000000000000000000 ) ) ;
#2365 = CARTESIAN_POINT ( 'NONE',  ( -6.418760976341363111, 10.23507608951704917, 8.000000000000000000 ) ) ;
#2366 = AXIS2_PLACEMENT_3D ( 'NONE', #252, #832, #874 ) ;
#2367 = DIRECTION ( 'NONE',  ( 0.000000000000000000, 0.000000000000000000, 1.000000000000000000 ) ) ;
#2368 = CARTESIAN_POINT ( 'NONE',  ( 9.175863790627321492, -7.634358818669758406, 0.000000000000000000 ) ) ;
#2369 = CARTESIAN_POINT ( 'NONE',  ( -6.231836464888890426, 8.988499347771085723, 8.000000000000000000 ) ) ;
#2370 = CARTESIAN_POINT ( 'NONE',  ( -11.46368139467879033, 6.626136714284629470, 0.000000000000000000 ) ) ;
#2371 = ORIENTED_EDGE ( 'NONE', *, *, #7671, .T. ) ;
#2372 = CARTESIAN_POINT ( 'NONE',  ( 10.32496896312091827, 3.608867157514916713, 0.000000000000000000 ) ) ;
#2373 = CARTESIAN_POINT ( 'NONE',  ( 10.91417308631835681, 6.575057906251854156, 8.000000000000000000 ) ) ;
#2374 = EDGE_CURVE ( 'NONE', #3517, #5672, #5134, .T. ) ;
#2375 = CARTESIAN_POINT ( 'NONE',  ( -13.57387004037416389, 1.668469543058175075, 0.000000000000000000 ) ) ;
#2376 = EDGE_CURVE ( 'NONE', #5501, #2890, #2420, .T. ) ;
#2377 = CARTESIAN_POINT ( 'NONE',  ( -0.8231400688185616099, -12.05320353502385800, 8.000000000000000000 ) ) ;
#2378 = COORDINATED_UNIVERSAL_TIME_OFFSET ( 8, 0, .AHEAD. ) ;
#2379 = CARTESIAN_POINT ( 'NONE',  ( -4.449236289362094254, 11.12353076645872108, 8.000000000000000000 ) ) ;
#2380 = ORIENTED_EDGE ( 'NONE', *, *, #4188, .F. ) ;
#2381 = CARTESIAN_POINT ( 'NONE',  ( -10.80883218877869822, 2.708699257713678143, 0.000000000000000000 ) ) ;
#2382 = CARTESIAN_POINT ( 'NONE',  ( 6.521356961401045815, 29.77887689974861729, 17.04359809359990408 ) ) ;
#2383 = FACE_OUTER_BOUND ( 'NONE', #968, .T. ) ;
#2384 = CARTESIAN_POINT ( 'NONE',  ( 0.2416457505997640642, 10.93483029503508597, 0.000000000000000000 ) ) ;
#2385 = CARTESIAN_POINT ( 'NONE',  ( -8.535381057717504660, -9.713655369616226665, 8.000000000000000000 ) ) ;
#2386 = CARTESIAN_POINT ( 'NONE',  ( -9.267416903471895395, -7.750629585191753712, 8.000000000000000000 ) ) ;
#2387 = ORIENTED_EDGE ( 'NONE', *, *, #2910, .F. ) ;
#2388 = CARTESIAN_POINT ( 'NONE',  ( -6.611064424922749261, -11.22924223885654627, 8.000000000000000000 ) ) ;
#2389 = DIRECTION ( 'NONE',  ( 0.7605637668489731995, 0.000000000000000000, 0.6492632413409068493 ) ) ;
#2390 = EDGE_CURVE ( 'NONE', #499, #5203, #4173, .T. ) ;
#2391 = CARTESIAN_POINT ( 'NONE',  ( 8.855020039374899454, 9.844302869038735082, 8.000000000000000000 ) ) ;
#2392 = CARTESIAN_POINT ( 'NONE',  ( 10.32496896312099111, -3.608867157514701773, 8.000000000000000000 ) ) ;
#2393 = CARTESIAN_POINT ( 'NONE',  ( 10.47431425022862150, -3.149229626028823059, -5.204170427930421283E-15 ) ) ;
#2394 = DIRECTION ( 'NONE',  ( 0.000000000000000000, -0.000000000000000000, -1.000000000000000000 ) ) ;
#2395 = CARTESIAN_POINT ( 'NONE',  ( 11.01428446989493537, 6.588591420233592899, 8.000000000000000000 ) ) ;
#2396 = ORIENTED_EDGE ( 'NONE', *, *, #7515, .T. ) ;
#2397 = CARTESIAN_POINT ( 'NONE',  ( -12.25290083038835398, -5.581155335976986542, 8.000000000000000000 ) ) ;
#2398 = ORIENTED_EDGE ( 'NONE', *, *, #7080, .F. ) ;
#2399 = EDGE_CURVE ( 'NONE', #1133, #7070, #7334, .T. ) ;
#2400 = DIRECTION ( 'NONE',  ( -0.6396556736767861073, -0.1713952211956811245, 0.7493092133988347170 ) ) ;
#2401 = CARTESIAN_POINT ( 'NONE',  ( -2.929367628693686054, -11.49488719732986830, 8.000000000000000000 ) ) ;
#2402 = CARTESIAN_POINT ( 'NONE',  ( -12.30068812565076009, -0.9123192481543483945, 0.000000000000000000 ) ) ;
#2403 = CARTESIAN_POINT ( 'NONE',  ( 13.70870034362939194, 34.46516966087938982, 21.21704877313095849 ) ) ;
#2404 = CARTESIAN_POINT ( 'NONE',  ( 8.988499347771014669, 6.231836464888988125, 0.000000000000000000 ) ) ;
#2405 = CARTESIAN_POINT ( 'NONE',  ( -6.436913140481723694, 10.29093438073245714, 0.000000000000000000 ) ) ;
#2406 = CARTESIAN_POINT ( 'NONE',  ( -9.886832010614797994, 8.972047302895393983, 8.000000000000000000 ) ) ;
#2407 = CARTESIAN_POINT ( 'NONE',  ( 0.7736152328233112385, -11.87194576742586705, 0.000000000000000000 ) ) ;
#2408 = EDGE_LOOP ( 'NONE', ( #4085, #7836, #985, #7332, #5292, #5930 ) ) ;
#2409 = EDGE_CURVE ( 'NONE', #4130, #4536, #419, .T. ) ;
#2410 = CARTESIAN_POINT ( 'NONE',  ( -10.91417308631845096, 6.575057906251698725, 8.000000000000000000 ) ) ;
#2411 = ORIENTED_EDGE ( 'NONE', *, *, #5312, .T. ) ;
#2412 = CARTESIAN_POINT ( 'NONE',  ( -11.66659828334868187, 4.896733499129055645, 8.000000000000000000 ) ) ;
#2413 = CARTESIAN_POINT ( 'NONE',  ( 12.83440038321936960, 2.790132082466765695, 8.000000000000000000 ) ) ;
#2414 = LINE ( 'NONE', #6768, #7817 ) ;
#2415 = CARTESIAN_POINT ( 'NONE',  ( -1.011712205768922956, -12.52642403931682580, 0.000000000000000000 ) ) ;
#2416 = CARTESIAN_POINT ( 'NONE',  ( -11.52995163726278349, 2.932881190150485651, 8.000000000000000000 ) ) ;
#2417 = CARTESIAN_POINT ( 'NONE',  ( 6.231836464888759863, 8.988499347771170989, 0.000000000000000000 ) ) ;
#2418 = DIRECTION ( 'NONE',  ( 1.000000000000000000, 0.000000000000000000, 0.000000000000000000 ) ) ;
#2419 = ORIENTED_EDGE ( 'NONE', *, *, #7899, .F. ) ;
#2420 = B_SPLINE_CURVE_WITH_KNOTS ( 'NONE', 3,
 ( #3848, #3886, #4547, #878, #751, #3390, #6386, #5216, #7796, #7751, #7126, #7170, #86, #3349, #2104, #4636, #5933, #256, #6422, #5305, #1944, #7294, #3470, #379, #4799, #1655, #2894, #2232, #1530 ),
 .UNSPECIFIED., .F., .F.,
 ( 4, 1, 1, 1, 1, 1, 1, 1, 1, 1, 1, 1, 1, 1, 1, 1, 1, 1, 1, 1, 1, 1, 1, 1, 1, 1, 4 ),
 ( 0.4925683021330554134, 0.5024463643869940821, 0.5250929155847819940, 0.5469717870834428508, 0.5680829788830696891, 0.5884264909837645385, 0.6080023233856429732, 0.6268104760888334459, 0.6448509490934806188, 0.6621237423997496929, 0.6786288560078284071, 0.6943662899179314785, 0.7093360441303072639, 0.7235381186452435331, 0.7369725134630787933, 0.7496392285842117253, 0.7615382640091191702, 0.7726696197383760012, 0.7830332957726851006, 0.7926292921129175495, 0.8014576087601730237, 0.8095182457158636158, 0.8168112029818485054, 0.8233364805606433467, 0.8290940784557681020, 0.8340839966723704313, 1.000000000000000000 ),
 .UNSPECIFIED. ) ;
#2421 = CARTESIAN_POINT ( 'NONE',  ( -10.47431425022860374, 3.149229626028894558, 8.000000000000000000 ) ) ;
#2422 = CARTESIAN_POINT ( 'NONE',  ( -10.33666240664859082, -4.161888422927137121, 0.000000000000000000 ) ) ;
#2423 = CARTESIAN_POINT ( 'NONE',  ( -5.038066446831101608, -11.80431640392018267, 0.000000000000000000 ) ) ;
#2424 = EDGE_CURVE ( 'NONE', #2801, #5456, #1666, .T. ) ;
#2425 = CARTESIAN_POINT ( 'NONE',  ( -1.051893166807160940, 12.60876818853258996, 8.000000000000000000 ) ) ;
#2426 = CARTESIAN_POINT ( 'NONE',  ( -9.411632514553570417, 10.02415449855987006, 0.000000000000000000 ) ) ;
#2427 = CARTESIAN_POINT ( 'NONE',  ( 13.83877054510674931, 34.14076476411707972, 21.36879003438103908 ) ) ;
#2428 = ORIENTED_EDGE ( 'NONE', *, *, #7799, .T. ) ;
#2429 = LINE ( 'NONE', #5502, #7208 ) ;
#2430 = B_SPLINE_CURVE_WITH_KNOTS ( 'NONE', 3,
 ( #2684, #3925, #7009, #4546, #7710, #3263, #85, #1363, #1327, #2604, #4471, #6385, #3847, #3885, #6503, #5760, #5215, #794, #7750, #4589, #2023, #3187, #7795, #2063, #708, #5886, #3224, #125, #5132 ),
 .UNSPECIFIED., .F., .F.,
 ( 4, 1, 1, 1, 1, 1, 1, 1, 1, 1, 1, 1, 1, 1, 1, 1, 1, 1, 1, 1, 1, 1, 1, 1, 1, 1, 4 ),
 ( 0.000000000000000000, 0.1659160033276295965, 0.1709059215442318702, 0.1766635194393565977, 0.1831887970181514669, 0.1904817542841364120, 0.1985423912398269763, 0.2073707078870824227, 0.2169667042273148716, 0.2273303802616240543, 0.2384617359908808021, 0.2503607714157882191, 0.2630274865369212067, 0.2764618813547564669, 0.2906639558696927361, 0.3056337100820685215, 0.3213711439921715929, 0.3378762576002502516, 0.3551490509065193812, 0.3731895239111665541, 0.3919976766143570268, 0.4115735090162354615, 0.4319170211169303109, 0.4530282129165571492, 0.4749070844152180060, 0.4975536356130058624, 0.5074316978669450862 ),
 .UNSPECIFIED. ) ;
#2431 = CARTESIAN_POINT ( 'NONE',  ( 9.669723885497070626, -8.439220299576962958, -5.204170427930421283E-15 ) ) ;
#2432 = LINE ( 'NONE', #4828, #6357 ) ;
#2433 = CARTESIAN_POINT ( 'NONE',  ( 11.94884645308981241, -5.198761634262732301, 8.000000000000000000 ) ) ;
#2434 = CARTESIAN_POINT ( 'NONE',  ( -2.938739567862377555, 11.61432090236920978, 8.000000000000000000 ) ) ;
#2435 = CARTESIAN_POINT ( 'NONE',  ( 2.577692551524224829, -13.50622083004037677, 8.000000000000000000 ) ) ;
#2436 = CARTESIAN_POINT ( 'NONE',  ( 0.4260874882820321896, 11.01956640342973692, 8.000000000000000000 ) ) ;
#2437 = ORIENTED_EDGE ( 'NONE', *, *, #4351, .T. ) ;
#2438 = B_SPLINE_CURVE_WITH_KNOTS ( 'NONE', 3,
 ( #7378, #4224, #926, #3439, #5392, #6105, #4766, #7341, #2281, #2239, #2901, #8046, #3475, #1703, #7257, #8004, #1619, #4141, #1660, #4888, #6017, #4723, #6146, #3515, #5525, #300, #425, #2940, #467 ),
 .UNSPECIFIED., .F., .F.,
 ( 4, 1, 1, 1, 1, 1, 1, 1, 1, 1, 1, 1, 1, 1, 1, 1, 1, 1, 1, 1, 1, 1, 1, 1, 1, 1, 4 ),
 ( 0.000000000000000000, 0.1659160033276295687, 0.1709059215442318980, 0.1766635194393566533, 0.1831887970181514946, 0.1904817542841363842, 0.1985423912398269763, 0.2073707078870824505, 0.2169667042273148994, 0.2273303802616239988, 0.2384617359908808298, 0.2503607714157882747, 0.2630274865369212067, 0.2764618813547564669, 0.2906639558696927361, 0.3056337100820685215, 0.3213711439921715929, 0.3378762576002503071, 0.3551490509065193812, 0.3731895239111665541, 0.3919976766143570268, 0.4115735090162354615, 0.4319170211169303109, 0.4530282129165571492, 0.4749070844152180060, 0.4975536356130058624, 0.5074316978669458633 ),
 .UNSPECIFIED. ) ;
#2439 = CARTESIAN_POINT ( 'NONE',  ( -12.02324651265878153, -5.286606996007026105, 8.000000000000000000 ) ) ;
#2440 = ORIENTED_EDGE ( 'NONE', *, *, #1986, .T. ) ;
#2441 = CARTESIAN_POINT ( 'NONE',  ( 1.300400673318188760, 55.49728015868494424, 16.37100230941131684 ) ) ;
#2442 = CARTESIAN_POINT ( 'NONE',  ( 0.3136850562348435512, 10.95993299400032051, 8.000000000000000000 ) ) ;
#2443 = CARTESIAN_POINT ( 'NONE',  ( 2.708699257713905073, -10.80883218877888829, 8.000000000000000000 ) ) ;
#2444 = CARTESIAN_POINT ( 'NONE',  ( -11.22924223885647521, -6.611064424922867389, 0.000000000000000000 ) ) ;
#2445 = DIRECTION ( 'NONE',  ( 0.000000000000000000, 0.000000000000000000, -1.000000000000000000 ) ) ;
#2446 = CARTESIAN_POINT ( 'NONE',  ( -9.126433365741155157, 7.577720000373671105, 8.000000000000000000 ) ) ;
#2447 = CARTESIAN_POINT ( 'NONE',  ( 1.709570873003884994, -13.62596226222339801, 8.000000000000000000 ) ) ;
#2448 = CARTESIAN_POINT ( 'NONE',  ( 0.000000000000000000, 0.000000000000000000, 8.000000000000000000 ) ) ;
#2449 = CARTESIAN_POINT ( 'NONE',  ( -10.56312374806395304, 6.510080463201325607, 8.000000000000000000 ) ) ;
#2450 = ORIENTED_EDGE ( 'NONE', *, *, #1952, .T. ) ;
#2451 = CARTESIAN_POINT ( 'NONE',  ( -11.08591166683803841, 4.425208852857752895, 0.000000000000000000 ) ) ;
#2452 = CARTESIAN_POINT ( 'NONE',  ( 13.06987279011077874, 2.724978029605349406, 8.000000000000000000 ) ) ;
#2453 = CARTESIAN_POINT ( 'NONE',  ( 2.372422943547987995, 55.78452766026119747, -18.69378740028920660 ) ) ;
#2454 = CARTESIAN_POINT ( 'NONE',  ( -1.377525651863733547, -13.16905850672525169, 0.000000000000000000 ) ) ;
#2455 = CARTESIAN_POINT ( 'NONE',  ( -11.13701600410303882, 2.886444749237033314, 8.000000000000000000 ) ) ;
#2456 = CARTESIAN_POINT ( 'NONE',  ( -6.630420918280039544, -11.58812316373727747, 8.000000000000000000 ) ) ;
#2457 = EDGE_LOOP ( 'NONE', ( #6409, #5352, #3913, #6921, #6567, #4786, #1506 ) ) ;
#2458 = CIRCLE ( 'NONE', #7616, 13.75000000000000000 ) ;
#2459 = CARTESIAN_POINT ( 'NONE',  ( 6.231836464888957039, -8.988499347771035985, 0.000000000000000000 ) ) ;
#2460 = ORIENTED_EDGE ( 'NONE', *, *, #6127, .T. ) ;
#2461 = ADVANCED_FACE ( 'NONE', ( #6054 ), #1039, .T. ) ;
#2462 = CARTESIAN_POINT ( 'NONE',  ( -11.12353076645870509, -4.449236289362134222, 0.000000000000000000 ) ) ;
#2463 = CARTESIAN_POINT ( 'NONE',  ( -5.115945187291566221, -11.87581303661964682, 8.000000000000000000 ) ) ;
#2464 = CARTESIAN_POINT ( 'NONE',  ( -1.722120468182739783, 13.64173013569106452, 8.000000000000000000 ) ) ;
#2465 = DIRECTION ( 'NONE',  ( 0.7237771210982812953, 0.1939354950984080173, 0.6622202826217414851 ) ) ;
#2466 = CARTESIAN_POINT ( 'NONE',  ( 13.43195753750855381, 35.59411746478573235, 22.16213660171576549 ) ) ;
#2467 = CARTESIAN_POINT ( 'NONE',  ( -2.940710835118465649, 11.66361783702276078, 8.000000000000000000 ) ) ;
#2468 = EDGE_CURVE ( 'NONE', #7525, #8115, #110, .T. ) ;
#2469 = ORIENTED_EDGE ( 'NONE', *, *, #4985, .F. ) ;
#2470 = DIRECTION ( 'NONE',  ( 0.7557820683608847956, 0.2025111948712226828, 0.6227219934256157385 ) ) ;
#2471 = CARTESIAN_POINT ( 'NONE',  ( 9.757522586729640679, -8.636712746112378269, 8.000000000000000000 ) ) ;
#2472 = DIRECTION ( 'NONE',  ( -0.3090169943749481174, -0.9510565162951533091, 0.000000000000000000 ) ) ;
#2473 = CARTESIAN_POINT ( 'NONE',  ( 11.30699639290211600, -4.580317944817275944, 8.000000000000000000 ) ) ;
#2474 = EDGE_CURVE ( 'NONE', #2944, #5393, #1270, .T. ) ;
#2475 = CARTESIAN_POINT ( 'NONE',  ( 11.71764203423215100, -2.941792002708918385, 8.000000000000000000 ) ) ;
#2476 = DIRECTION ( 'NONE',  ( -0.9510565162951530871, 0.3090169943749487280, -0.000000000000000000 ) ) ;
#2477 = CARTESIAN_POINT ( 'NONE',  ( 10.48771353560516140, 6.492081297254581607, 8.000000000000000000 ) ) ;
#2478 = EDGE_LOOP ( 'NONE', ( #3796, #6598, #3709, #3993 ) ) ;
#2479 = DIRECTION ( 'NONE',  ( -0.7928081228463432772, 0.000000000000000000, 0.6094713121623177576 ) ) ;
#2480 = ORIENTED_EDGE ( 'NONE', *, *, #5894, .T. ) ;
#2481 = CARTESIAN_POINT ( 'NONE',  ( -9.221936103764004855, -9.969200282348005260, 8.000000000000000000 ) ) ;
#2482 = CARTESIAN_POINT ( 'NONE',  ( 12.41180006574750827, -2.880586703536482052, 0.000000000000000000 ) ) ;
#2483 = CARTESIAN_POINT ( 'NONE',  ( 2.936066220364136115, -11.56976343863533607, 8.000000000000000000 ) ) ;
#2484 = CARTESIAN_POINT ( 'NONE',  ( -10.02706299306004567, -6.338109664291265766, 8.000000000000000000 ) ) ;
#2485 = CARTESIAN_POINT ( 'NONE',  ( 12.10906341627275751, 0.8412873393391296917, 0.000000000000000000 ) ) ;
#2486 = CARTESIAN_POINT ( 'NONE',  ( -9.234787594130803967, 7.707558585906848059, 8.000000000000000000 ) ) ;
#2487 = VECTOR ( 'NONE', #1961, 1000.000000000000000 ) ;
#2488 = CARTESIAN_POINT ( 'NONE',  ( 1.251919511749373326, -12.97053397611294656, 8.000000000000000000 ) ) ;
#2489 = AXIS2_PLACEMENT_3D ( 'NONE', #4446, #6324, #3162 ) ;
#2490 = CARTESIAN_POINT ( 'NONE',  ( -10.48771353560525732, 6.492081297254431504, 0.000000000000000000 ) ) ;
#2491 = CARTESIAN_POINT ( 'NONE',  ( -10.70664486910372304, 4.210990906299862502, 8.000000000000000000 ) ) ;
#2492 = AXIS2_PLACEMENT_3D ( 'NONE', #4795, #1571, #6705 ) ;
#2493 = CARTESIAN_POINT ( 'NONE',  ( 8.066671328486588521, 35.60270691979526703, -9.356738512637704730 ) ) ;
#2494 = CARTESIAN_POINT ( 'NONE',  ( 10.09620455160493435, -6.367618434587465792, 0.000000000000000000 ) ) ;
#2495 = VECTOR ( 'NONE', #4056, 1000.000000000000000 ) ;
#2496 = CARTESIAN_POINT ( 'NONE',  ( -0.8412873393390029042, -12.10906341627276639, 0.000000000000000000 ) ) ;
#2497 = CARTESIAN_POINT ( 'NONE',  ( -10.47431425022860374, 3.149229626028895446, 8.000000000000000000 ) ) ;
#2498 = PERSON_AND_ORGANIZATION_ROLE ( 'classification_officer' ) ;
#2499 = VERTEX_POINT ( 'NONE', #4217 ) ;
#2500 = CARTESIAN_POINT ( 'NONE',  ( 5.916238915412299626, -9.442776183394560263, 8.000000000000000000 ) ) ;
#2501 = VERTEX_POINT ( 'NONE', #7998 ) ;
#2502 = EDGE_CURVE ( 'NONE', #3605, #6838, #7959, .T. ) ;
#2503 = CARTESIAN_POINT ( 'NONE',  ( -11.05183112916328803, -4.404384806714172207, 8.000000000000000000 ) ) ;
#2504 = VECTOR ( 'NONE', #1529, 1000.000000000000000 ) ;
#2505 = LINE ( 'NONE', #6173, #7085 ) ;
#2506 = CARTESIAN_POINT ( 'NONE',  ( -5.581155335976851539, -12.25290083038841082, 8.000000000000000000 ) ) ;
#2507 = CARTESIAN_POINT ( 'NONE',  ( 7.668835209823090970, -9.204216794247509270, 0.000000000000000000 ) ) ;
#2508 = CARTESIAN_POINT ( 'NONE',  ( 2.054248080746696736, 31.94404059283979791, 21.51177580428902658 ) ) ;
#2509 = ORIENTED_EDGE ( 'NONE', *, *, #2754, .T. ) ;
#2510 = CARTESIAN_POINT ( 'NONE',  ( -9.497099640846636603, -8.105411651555860075, 0.000000000000000000 ) ) ;
#2511 = CARTESIAN_POINT ( 'NONE',  ( 12.52642403931681514, 1.011712205769053741, 0.000000000000000000 ) ) ;
#2512 = ORIENTED_EDGE ( 'NONE', *, *, #7593, .F. ) ;
#2513 = CARTESIAN_POINT ( 'NONE',  ( 11.91079326901028246, 0.7828886122850723384, 8.000000000000000000 ) ) ;
#2514 = DIRECTION ( 'NONE',  ( -0.7237771210982809622, -0.1939354950984078507, 0.6622202826217418181 ) ) ;
#2515 = VECTOR ( 'NONE', #3095, 1000.000000000000000 ) ;
#2516 = CARTESIAN_POINT ( 'NONE',  ( 10.80883218877887764, 2.708699257713942821, 0.000000000000000000 ) ) ;
#2517 = DIRECTION ( 'NONE',  ( -0.000000000000000000, 0.000000000000000000, -1.000000000000000000 ) ) ;
#2518 = CARTESIAN_POINT ( 'NONE',  ( 10.18403012388265516, 6.401038329814094929, 8.000000000000000000 ) ) ;
#2519 = ORIENTED_EDGE ( 'NONE', *, *, #6881, .F. ) ;
#2520 = CARTESIAN_POINT ( 'NONE',  ( 11.47561408673064420, -4.719217338362103220, 8.000000000000000000 ) ) ;
#2521 = ORIENTED_EDGE ( 'NONE', *, *, #4558, .F. ) ;
#2522 = EDGE_CURVE ( 'NONE', #3915, #876, #6012, .T. ) ;
#2523 = CARTESIAN_POINT ( 'NONE',  ( -9.328340841197613642, -10.00078975079091492, 8.000000000000000000 ) ) ;
#2524 = CARTESIAN_POINT ( 'NONE',  ( 13.32045193209912171, -2.644734409370864459, 0.000000000000000000 ) ) ;
#2525 = CARTESIAN_POINT ( 'NONE',  ( 12.78777053642870598, 35.41707188313324650, 21.58421669363016093 ) ) ;
#2526 = CARTESIAN_POINT ( 'NONE',  ( 11.96219333340835256, 6.628700411335609388, 0.000000000000000000 ) ) ;
#2527 = CARTESIAN_POINT ( 'NONE',  ( -8.704427730807687169, -6.622827502596316585, 8.000000000000000000 ) ) ;
#2528 = CARTESIAN_POINT ( 'NONE',  ( 10.93483029503508419, 0.2416457505998772792, 0.000000000000000000 ) ) ;
#2529 = EDGE_CURVE ( 'NONE', #2070, #3128, #6463, .T. ) ;
#2530 = CARTESIAN_POINT ( 'NONE',  ( 1.709570873003884994, -13.62596226222339801, 0.000000000000000000 ) ) ;
#2531 = CARTESIAN_POINT ( 'NONE',  ( -11.01428446989502596, 6.588591420233433027, 0.000000000000000000 ) ) ;
#2532 = CARTESIAN_POINT ( 'NONE',  ( -11.05183112916331645, 4.404384806714092271, 8.000000000000000000 ) ) ;
#2533 = CARTESIAN_POINT ( 'NONE',  ( -3.177189042419317655, 54.29751361031517831, -13.61616680320316242 ) ) ;
#2534 = B_SPLINE_CURVE_WITH_KNOTS ( 'NONE', 3,
 ( #1973, #4495, #5117, #7777, #155, #2592, #6372, #7824, #1314, #7657, #5790, #2672, #5202, #7032, #1351, #3871, #4454, #6531, #196, #112, #695, #7737, #863, #3335, #6408, #733, #6489, #5288, #782 ),
 .UNSPECIFIED., .F., .F.,
 ( 4, 1, 1, 1, 1, 1, 1, 1, 1, 1, 1, 1, 1, 1, 1, 1, 1, 1, 1, 1, 1, 1, 1, 1, 1, 1, 4 ),
 ( 0.000000000000000000, 0.1659160033276295687, 0.1709059215442318980, 0.1766635194393566533, 0.1831887970181514946, 0.1904817542841363842, 0.1985423912398269763, 0.2073707078870824505, 0.2169667042273148994, 0.2273303802616239988, 0.2384617359908808298, 0.2503607714157882747, 0.2630274865369212067, 0.2764618813547564669, 0.2906639558696927361, 0.3056337100820685215, 0.3213711439921715929, 0.3378762576002503071, 0.3551490509065193812, 0.3731895239111665541, 0.3919976766143570268, 0.4115735090162354615, 0.4319170211169303109, 0.4530282129165571492, 0.4749070844152180060, 0.4975536356130059734, 0.5074316978669451972 ),
 .UNSPECIFIED. ) ;
#2535 = CARTESIAN_POINT ( 'NONE',  ( 9.844302869038513037, 8.855020039375149921, 0.000000000000000000 ) ) ;
#2536 = LINE ( 'NONE', #3230, #3612 ) ;
#2537 = CARTESIAN_POINT ( 'NONE',  ( -12.13967088095519209, 2.919073574173051799, 8.000000000000000000 ) ) ;
#2538 = ORIENTED_EDGE ( 'NONE', *, *, #301, .T. ) ;
#2539 = DIRECTION ( 'NONE',  ( 0.000000000000000000, 0.000000000000000000, -1.000000000000000000 ) ) ;
#2540 = VERTEX_POINT ( 'NONE', #548 ) ;
#2541 = CARTESIAN_POINT ( 'NONE',  ( 10.47431425022862150, -3.149229626028823503, 0.000000000000000000 ) ) ;
#2542 = CARTESIAN_POINT ( 'NONE',  ( 5.689930116769404300, -12.33100786788144276, 0.000000000000000000 ) ) ;
#2543 = CARTESIAN_POINT ( 'NONE',  ( 6.132426599482847074, 9.165464432816154527, 0.000000000000000000 ) ) ;
#2544 = CARTESIAN_POINT ( 'NONE',  ( -1.668469543075102646, 13.57387004039618539, 0.000000000000000000 ) ) ;
#2545 = CARTESIAN_POINT ( 'NONE',  ( -1.011712205768922956, -12.52642403931682580, 8.000000000000000000 ) ) ;
#2546 = ORIENTED_EDGE ( 'NONE', *, *, #2741, .T. ) ;
#2547 = CARTESIAN_POINT ( 'NONE',  ( -10.81899503309357691, 6.560248542580040088, 8.000000000000000000 ) ) ;
#2548 = CARTESIAN_POINT ( 'NONE',  ( 11.91079326901028246, 0.7828886122850723384, 0.000000000000000000 ) ) ;
#2549 = CARTESIAN_POINT ( 'NONE',  ( -6.527568552596078710, -10.64346975476068913, 0.000000000000000000 ) ) ;
#2550 = CARTESIAN_POINT ( 'NONE',  ( 12.17545110014134657, -5.477724940116727836, 0.000000000000000000 ) ) ;
#2551 = CARTESIAN_POINT ( 'NONE',  ( 12.95019774290646630, 2.759358130927484609, 0.000000000000000000 ) ) ;
#2552 = CARTESIAN_POINT ( 'NONE',  ( 10.29093438073252642, -6.436913140481609119, 0.000000000000000000 ) ) ;
#2553 = CIRCLE ( 'NONE', #446, 5.000000000000003553 ) ;
#2554 = CARTESIAN_POINT ( 'NONE',  ( 0.3745401112328330950, 10.98835135409583863, 8.000000000000000000 ) ) ;
#2555 = ORIENTED_EDGE ( 'NONE', *, *, #6154, .F. ) ;
#2556 = FACE_OUTER_BOUND ( 'NONE', #904, .T. ) ;
#2557 = VERTEX_POINT ( 'NONE', #5639 ) ;
#2558 = CARTESIAN_POINT ( 'NONE',  ( 0.8917121760769423089, 50.21139150384284022, -16.15497710174618362 ) ) ;
#2559 = ADVANCED_FACE ( 'NONE', ( #8080, #7461, #3024 ), #8040, .F. ) ;
#2560 = CARTESIAN_POINT ( 'NONE',  ( 12.13967088095521163, -2.919073574172969643, 8.000000000000000000 ) ) ;
#2561 = DIRECTION ( 'NONE',  ( 0.000000000000000000, -0.000000000000000000, 1.000000000000000000 ) ) ;
#2562 = CARTESIAN_POINT ( 'NONE',  ( -10.13775510802965485, -6.383929952666218988, 0.000000000000000000 ) ) ;
#2563 = CARTESIAN_POINT ( 'NONE',  ( -6.632284204934435934, 11.71732392095623609, 0.000000000000000000 ) ) ;
#2564 = CARTESIAN_POINT ( 'NONE',  ( -9.234787594130803967, 7.707558585906848059, 0.000000000000000000 ) ) ;
#2565 = CARTESIAN_POINT ( 'NONE',  ( 1.668469543075102424, -13.57387004039618539, 0.000000000000000000 ) ) ;
#2566 = CARTESIAN_POINT ( 'NONE',  ( 11.87194576742587415, -0.7736152328231870046, 8.000000000000000000 ) ) ;
#2567 = CARTESIAN_POINT ( 'NONE',  ( -11.30699639290208758, 4.580317944817353215, 8.000000000000000000 ) ) ;
#2568 = EDGE_CURVE ( 'NONE', #3061, #6355, #5493, .T. ) ;
#2569 = CARTESIAN_POINT ( 'NONE',  ( 12.61481170127146889, 2.841541163098181055, 8.000000000000000000 ) ) ;
#2570 = CARTESIAN_POINT ( 'NONE',  ( 10.64346975476071577, -6.527568552596036078, 0.000000000000000000 ) ) ;
#2571 = CARTESIAN_POINT ( 'NONE',  ( -11.83979557596822474, -2.940530670474283070, 8.000000000000000000 ) ) ;
#2572 = VECTOR ( 'NONE', #948, 1000.000000000000000 ) ;
#2573 = DIRECTION ( 'NONE',  ( -0.3090169943749479509, -0.9510565162951533091, -1.040834085586083468E-15 ) ) ;
#2574 = CARTESIAN_POINT ( 'NONE',  ( 0.000000000000000000, 0.000000000000000000, 0.000000000000000000 ) ) ;
#2575 = EDGE_LOOP ( 'NONE', ( #4053, #5002, #5951, #5042 ) ) ;
#2576 = LINE ( 'NONE', #17, #5805 ) ;
#2577 = CARTESIAN_POINT ( 'NONE',  ( -1.722120468130897253, 13.64173013562592907, 8.000000000000000000 ) ) ;
#2578 = CARTESIAN_POINT ( 'NONE',  ( 6.455308898419869656, -10.35164078446976710, 0.000000000000000000 ) ) ;
#2579 = CARTESIAN_POINT ( 'NONE',  ( 0.000000000000000000, 0.000000000000000000, 8.000000000000000000 ) ) ;
#2580 = DIRECTION ( 'NONE',  ( -0.7557820683608849066, -0.2025111948712226551, 0.6227219934256155165 ) ) ;
#2581 = AXIS2_PLACEMENT_3D ( 'NONE', #7965, #6060, #5479 ) ;
#2582 = CARTESIAN_POINT ( 'NONE',  ( -0.7639867559470682190, -11.11684438996336510, 8.000000000000000000 ) ) ;
#2583 = VERTEX_POINT ( 'NONE', #6300 ) ;
#2584 = B_SPLINE_SURFACE_WITH_KNOTS ( 'NONE', 3, 1, ( 
 ( #2268, #2928 ),
 ( #2184, #2306 ),
 ( #4792, #453 ),
 ( #7873, #2888 ),
 ( #4712, #5380 ),
 ( #1648, #7204 ),
 ( #2226, #1523 ),
 ( #3464, #6702 ),
 ( #7911, #5464 ),
 ( #6583, #6662 ),
 ( #7990, #1606 ),
 ( #4831, #7953 ),
 ( #1031, #915 ),
 ( #7244, #6003 ),
 ( #3543, #7365 ),
 ( #4753, #7288 ),
 ( #4209, #4251 ),
 ( #4379, #3752 ),
 ( #4998, #6220 ),
 ( #5593, #1857 ),
 ( #2475, #1115 ),
 ( #3094, #496 ),
 ( #3632, #6293 ),
 ( #6175, #3016 ),
 ( #1237, #7577 ),
 ( #6874, #1198 ),
 ( #5556, #8074 ),
 ( #5038, #6919 ),
 ( #6335, #2393 ) ),
 .UNSPECIFIED., .F., .F., .F.,
 ( 4, 1, 1, 1, 1, 1, 1, 1, 1, 1, 1, 1, 1, 1, 1, 1, 1, 1, 1, 1, 1, 1, 1, 1, 1, 1, 4 ),
 ( 2, 2 ),
 ( 0.4925683021194527944, 0.5024463643869940821, 0.5250929155847819940, 0.5469717870834428508, 0.5680829788830696891, 0.5884264909837645385, 0.6080023233856429732, 0.6268104760888334459, 0.6448509490934806188, 0.6621237423997496929, 0.6786288560078284071, 0.6943662899179314785, 0.7093360441303072639, 0.7235381186452435331, 0.7369725134630787933, 0.7496392285842117253, 0.7615382640091191702, 0.7726696197383760012, 0.7830332957726851006, 0.7926292921129175495, 0.8014576087601730237, 0.8095182457158636158, 0.8168112029818485054, 0.8233364805606433467, 0.8290940784557681020, 0.8340839966723704313, 1.000000000000000000 ),
 ( 0.000000000000000000, 1.000000000000000000 ),
 .UNSPECIFIED. ) ;
#2585 = CARTESIAN_POINT ( 'NONE',  ( -11.22924223885652140, 6.611064424922788341, 8.000000000000000000 ) ) ;
#2586 = CARTESIAN_POINT ( 'NONE',  ( 12.16898868378440923, 0.8620871873793566342, 0.000000000000000000 ) ) ;
#2587 = CARTESIAN_POINT ( 'NONE',  ( 12.87548337994384973, 1.195724957047672010, 8.000000000000000000 ) ) ;
#2588 = B_SPLINE_SURFACE_WITH_KNOTS ( 'NONE', 3, 1, ( 
 ( #5662, #6403 ),
 ( #1926, #648 ),
 ( #5033, #3165 ),
 ( #7572, #609 ),
 ( #5154, #5707 ),
 ( #1849, #7609 ),
 ( #4449, #5784 ),
 ( #2467, #106 ),
 ( #7693, #4527 ),
 ( #1230, #7064 ),
 ( #6441, #5627 ),
 ( #8145, #4991 ),
 ( #3746, #1888 ),
 ( #1470, #4656 ),
 ( #817, #1622 ),
 ( #3951, #7772 ),
 ( #233, #7150 ),
 ( #1664, #2667 ),
 ( #3996, #7303 ),
 ( #3330, #4144 ),
 ( #6485, #2083 ),
 ( #4615, #6526 ),
 ( #7344, #858 ),
 ( #6679, #3559 ),
 ( #5237, #5197 ),
 ( #3370, #5869 ),
 ( #191, #4569 ),
 ( #7383, #4183 ),
 ( #5911, #2706 ) ),
 .UNSPECIFIED., .F., .F., .F.,
 ( 4, 1, 1, 1, 1, 1, 1, 1, 1, 1, 1, 1, 1, 1, 1, 1, 1, 1, 1, 1, 1, 1, 1, 1, 1, 1, 4 ),
 ( 2, 2 ),
 ( 0.000000000000000000, 0.1659160033276295965, 0.1709059215442318702, 0.1766635194393565977, 0.1831887970181514669, 0.1904817542841364120, 0.1985423912398269763, 0.2073707078870824227, 0.2169667042273148716, 0.2273303802616240543, 0.2384617359908808021, 0.2503607714157882191, 0.2630274865369212067, 0.2764618813547564669, 0.2906639558696927361, 0.3056337100820685215, 0.3213711439921715929, 0.3378762576002502516, 0.3551490509065193812, 0.3731895239111665541, 0.3919976766143570268, 0.4115735090162354615, 0.4319170211169303109, 0.4530282129165571492, 0.4749070844152180060, 0.4975536356130058624, 0.5074316978669441980 ),
 ( 0.000000000000000000, 1.000000000000000000 ),
 .UNSPECIFIED. ) ;
#2589 = ADVANCED_FACE ( 'NONE', ( #661 ), #5845, .T. ) ;
#2590 = LINE ( 'NONE', #4334, #5131 ) ;
#2591 = CARTESIAN_POINT ( 'NONE',  ( 11.11931436071742851, -6.600657436018027902, 8.000000000000000000 ) ) ;
#2592 = CARTESIAN_POINT ( 'NONE',  ( 0.7828886122849475493, -11.91079326901029134, 0.000000000000000000 ) ) ;
#2593 = ORIENTED_EDGE ( 'NONE', *, *, #2168, .F. ) ;
#2594 = CARTESIAN_POINT ( 'NONE',  ( 11.87581303661966281, -5.115945187291530694, 8.000000000000000000 ) ) ;
#2595 = ORIENTED_EDGE ( 'NONE', *, *, #2424, .F. ) ;
#2596 = CARTESIAN_POINT ( 'NONE',  ( -10.09620455160484020, -6.367618434587611453, 8.000000000000000000 ) ) ;
#2597 = CARTESIAN_POINT ( 'NONE',  ( 12.83440038321943000, -2.790132082466497021, 0.000000000000000000 ) ) ;
#2598 = CARTESIAN_POINT ( 'NONE',  ( 2.790132082466721286, -12.83440038321938204, 0.000000000000000000 ) ) ;
#2599 = CARTESIAN_POINT ( 'NONE',  ( -10.91417308631840655, -6.575057906251772444, 0.000000000000000000 ) ) ;
#2600 = CARTESIAN_POINT ( 'NONE',  ( 12.78342018721905760, 1.143751547996604945, 0.000000000000000000 ) ) ;
#2601 = CARTESIAN_POINT ( 'NONE',  ( -9.969200282347971509, 9.221936103764038606, 8.000000000000000000 ) ) ;
#2602 = CARTESIAN_POINT ( 'NONE',  ( -4.210990906299899805, 10.70664486910371060, 0.000000000000000000 ) ) ;
#2603 = CARTESIAN_POINT ( 'NONE',  ( 10.80883218877887764, 2.708699257713942821, -5.204170427930421283E-15 ) ) ;
#2604 = CARTESIAN_POINT ( 'NONE',  ( -4.542018187747140168, -11.25643158326926141, 0.000000000000000000 ) ) ;
#2605 = CARTESIAN_POINT ( 'NONE',  ( 0.000000000000000000, 0.000000000000000000, 0.000000000000000000 ) ) ;
#2606 = FACE_OUTER_BOUND ( 'NONE', #1885, .T. ) ;
#2607 = CARTESIAN_POINT ( 'NONE',  ( 9.204216794247480848, 7.668835209823122057, 8.000000000000000000 ) ) ;
#2608 = CARTESIAN_POINT ( 'NONE',  ( -12.72257526253003945, -2.817469215210326450, 0.000000000000000000 ) ) ;
#2609 = CIRCLE ( 'NONE', #236, 10.93750000000000178 ) ;
#2610 = CARTESIAN_POINT ( 'NONE',  ( -12.09884006967983439, -5.379567626064857500, 8.000000000000000000 ) ) ;
#2611 = CARTESIAN_POINT ( 'NONE',  ( -8.181339682155977400, 9.539420412438916586, 0.000000000000000000 ) ) ;
#2612 = PERSON_AND_ORGANIZATION_ROLE ( 'creator' ) ;
#2613 = ORIENTED_EDGE ( 'NONE', *, *, #194, .T. ) ;
#2614 = VECTOR ( 'NONE', #2445, 1000.000000000000000 ) ;
#2615 = CARTESIAN_POINT ( 'NONE',  ( 6.367618434587651421, -10.09620455160481534, 8.000000000000000000 ) ) ;
#2616 = CARTESIAN_POINT ( 'NONE',  ( 9.539420412438825991, 8.181339682156078652, 0.000000000000000000 ) ) ;
#2617 = CARTESIAN_POINT ( 'NONE',  ( 13.43229323827311994, 35.61151803264189653, -14.16693627544118250 ) ) ;
#2618 = EDGE_CURVE ( 'NONE', #333, #7600, #3789, .T. ) ;
#2619 = CARTESIAN_POINT ( 'NONE',  ( 6.492081297254545191, -10.48771353560518449, 8.000000000000000000 ) ) ;
#2620 = VECTOR ( 'NONE', #5992, 1000.000000000000000 ) ;
#2621 = CARTESIAN_POINT ( 'NONE',  ( 6.626136714284753815, -11.46368139467871572, 0.000000000000000000 ) ) ;
#2622 = CARTESIAN_POINT ( 'NONE',  ( -8.704427730807733354, 6.622827502596257965, 8.000000000000000000 ) ) ;
#2623 = CARTESIAN_POINT ( 'NONE',  ( -6.575057906251660533, -10.91417308631847582, 0.000000000000000000 ) ) ;
#2624 = CARTESIAN_POINT ( 'NONE',  ( -0.7661213205046492059, -11.83751175313650172, 8.000000000000000000 ) ) ;
#2625 = ORIENTED_EDGE ( 'NONE', *, *, #8088, .T. ) ;
#2626 = DIRECTION ( 'NONE',  ( -1.000000000000000000, 0.000000000000000000, 0.000000000000000000 ) ) ;
#2627 = CARTESIAN_POINT ( 'NONE',  ( 11.48389212362417844, 0.6963551242058848567, 0.000000000000000000 ) ) ;
#2628 = CARTESIAN_POINT ( 'NONE',  ( -6.367618434587505760, -10.09620455160490771, 0.000000000000000000 ) ) ;
#2629 = DIRECTION ( 'NONE',  ( 0.000000000000000000, 0.000000000000000000, -1.000000000000000000 ) ) ;
#2630 = CARTESIAN_POINT ( 'NONE',  ( 10.56312374806400456, -6.510080463201247447, 0.000000000000000000 ) ) ;
#2631 = CARTESIAN_POINT ( 'NONE',  ( 5.836552422577571342, -12.43077374743275598, 0.000000000000000000 ) ) ;
#2632 = EDGE_LOOP ( 'NONE', ( #6279, #547 ) ) ;
#2633 = CARTESIAN_POINT ( 'NONE',  ( 12.25290083038842859, -5.581155335976815124, 8.000000000000000000 ) ) ;
#2634 = ORIENTED_EDGE ( 'NONE', *, *, #1817, .T. ) ;
#2635 = CARTESIAN_POINT ( 'NONE',  ( -12.10906341627276284, -0.8412873393390452037, -5.204170427930421283E-15 ) ) ;
#2636 = CIRCLE ( 'NONE', #3701, 13.75000000000000000 ) ;
#2637 = CARTESIAN_POINT ( 'NONE',  ( 12.22597347346771457, -2.908682420983779160, 8.000000000000000000 ) ) ;
#2638 = CARTESIAN_POINT ( 'NONE',  ( 0.6963551242057646196, -11.48389212362418377, 8.000000000000000000 ) ) ;
#2639 = CARTESIAN_POINT ( 'NONE',  ( -11.71732392095621123, -6.632284204934474126, 8.000000000000000000 ) ) ;
#2640 = CARTESIAN_POINT ( 'NONE',  ( 15.80016219452664394, 34.53585121889461362, -13.28508304997271061 ) ) ;
#2641 = CARTESIAN_POINT ( 'NONE',  ( -9.928529331195889540, 9.094348737717218967, 0.000000000000000000 ) ) ;
#2642 = CARTESIAN_POINT ( 'NONE',  ( -6.600657436018073199, -11.11931436071740187, 8.000000000000000000 ) ) ;
#2643 = CARTESIAN_POINT ( 'NONE',  ( 0.2416457505997634259, -10.93483029503508597, 0.000000000000000000 ) ) ;
#2644 = CARTESIAN_POINT ( 'NONE',  ( 11.11684438996337221, -0.7639867559469517566, -5.204170427930421283E-15 ) ) ;
#2645 = DIRECTION ( 'NONE',  ( -1.000000000000000000, 0.000000000000000000, 0.000000000000000000 ) ) ;
#2646 = CARTESIAN_POINT ( 'NONE',  ( 10.32496896312091827, 3.608867157514916713, 8.000000000000000000 ) ) ;
#2647 = CARTESIAN_POINT ( 'NONE',  ( 9.267416903471838552, 7.750629585191822102, 0.000000000000000000 ) ) ;
#2648 = CARTESIAN_POINT ( 'NONE',  ( -11.52995163726276395, -2.932881190150568251, 0.000000000000000000 ) ) ;
#2649 = B_SPLINE_SURFACE_WITH_KNOTS ( 'NONE', 3, 1, ( 
 ( #509, #7340 ),
 ( #4223, #6760 ),
 ( #5434, #3685 ),
 ( #4263, #4178 ),
 ( #6059, #466 ),
 ( #4887, #384 ),
 ( #341, #1087 ),
 ( #2859, #3598 ),
 ( #2365, #6802 ),
 ( #7923, #2405 ),
 ( #2237, #7964 ),
 ( #5478, #2900 ),
 ( #6145, #2280 ),
 ( #2984, #1002 ),
 ( #7428, #4930 ),
 ( #6674, #1747 ),
 ( #6714, #1044 ),
 ( #4765, #6104 ),
 ( #3514, #7299 ),
 ( #3555, #7466 ),
 ( #1618, #1786 ),
 ( #424, #4140 ),
 ( #40, #3183 ),
 ( #4388, #1825 ),
 ( #1867, #2563 ),
 ( #8124, #6968 ),
 ( #6304, #552 ),
 ( #5011, #3106 ),
 ( #5720, #6381 ) ),
 .UNSPECIFIED., .F., .F., .F.,
 ( 4, 1, 1, 1, 1, 1, 1, 1, 1, 1, 1, 1, 1, 1, 1, 1, 1, 1, 1, 1, 1, 1, 1, 1, 1, 1, 4 ),
 ( 2, 2 ),
 ( 0.000000000000000000, 0.1659160033276295965, 0.1709059215442318702, 0.1766635194393565977, 0.1831887970181514669, 0.1904817542841364120, 0.1985423912398269763, 0.2073707078870824227, 0.2169667042273148716, 0.2273303802616240543, 0.2384617359908808021, 0.2503607714157882191, 0.2630274865369212067, 0.2764618813547564669, 0.2906639558696927361, 0.3056337100820685215, 0.3213711439921715929, 0.3378762576002502516, 0.3551490509065193812, 0.3731895239111665541, 0.3919976766143570268, 0.4115735090162354615, 0.4319170211169303109, 0.4530282129165571492, 0.4749070844152180060, 0.4975536356130058624, 0.5074316978669444200 ),
 ( 0.000000000000000000, 1.000000000000000000 ),
 .UNSPECIFIED. ) ;
#2650 = CARTESIAN_POINT ( 'NONE',  ( -12.17545110014127197, -5.477724940116900143, 0.000000000000000000 ) ) ;
#2651 = CARTESIAN_POINT ( 'NONE',  ( -7.152395453489245547, 8.544655887209474443, 8.000000000000000000 ) ) ;
#2652 = APPROVAL_DATE_TIME ( #5021, #4098 ) ;
#2653 = EDGE_CURVE ( 'NONE', #5040, #7271, #3535, .T. ) ;
#2654 = ORIENTED_EDGE ( 'NONE', *, *, #2718, .T. ) ;
#2655 = ORIENTED_EDGE ( 'NONE', *, *, #945, .F. ) ;
#2656 = B_SPLINE_SURFACE_WITH_KNOTS ( 'NONE', 3, 1, ( 
 ( #388, #1789 ),
 ( #5607, #5439 ),
 ( #7381, #470 ),
 ( #4143, #1131 ),
 ( #4890, #1005 ),
 ( #1750, #6191 ),
 ( #4310, #3033 ),
 ( #8087, #6848 ),
 ( #3727, #4353 ),
 ( #7510, #6889 ),
 ( #1211, #1829 ),
 ( #4271, #4897 ),
 ( #3731, #7474 ),
 ( #8169, #4187 ),
 ( #2993, #6196 ),
 ( #3113, #1794 ),
 ( #520, #5649 ),
 ( #7389, #6812 ),
 ( #7516, #595 ),
 ( #3608, #1136 ),
 ( #6273, #1755 ),
 ( #3653, #5533 ),
 ( #3039, #1216 ),
 ( #5575, #8056 ),
 ( #8093, #560 ),
 ( #4316, #4812 ),
 ( #6240, #2375 ),
 ( #4854, #1835 ),
 ( #4977, #7347 ) ),
 .UNSPECIFIED., .F., .F., .F.,
 ( 4, 1, 1, 1, 1, 1, 1, 1, 1, 1, 1, 1, 1, 1, 1, 1, 1, 1, 1, 1, 1, 1, 1, 1, 1, 1, 4 ),
 ( 2, 2 ),
 ( 0.000000000000000000, 0.1659160033276295965, 0.1709059215442318702, 0.1766635194393565977, 0.1831887970181514669, 0.1904817542841364120, 0.1985423912398269763, 0.2073707078870824227, 0.2169667042273148716, 0.2273303802616240543, 0.2384617359908808021, 0.2503607714157882191, 0.2630274865369212067, 0.2764618813547564669, 0.2906639558696927361, 0.3056337100820685215, 0.3213711439921715929, 0.3378762576002502516, 0.3551490509065193812, 0.3731895239111665541, 0.3919976766143570268, 0.4115735090162354615, 0.4319170211169303109, 0.4530282129165571492, 0.4749070844152180060, 0.4975536356130058624, 0.5074316978669454192 ),
 ( 0.000000000000000000, 1.000000000000000000 ),
 .UNSPECIFIED. ) ;
#2657 = CARTESIAN_POINT ( 'NONE',  ( 13.57387004039616585, 1.668469543075243644, 0.000000000000000000 ) ) ;
#2658 = CARTESIAN_POINT ( 'NONE',  ( 5.369301891814445504, 51.41115805221260615, -10.90981260795433982 ) ) ;
#2659 = FACE_BOUND ( 'NONE', #156, .T. ) ;
#2660 = CARTESIAN_POINT ( 'NONE',  ( 6.436913140481798301, -10.29093438073240740, 8.000000000000000000 ) ) ;
#2661 = CARTESIAN_POINT ( 'NONE',  ( 8.439220299577138817, -9.669723885496912530, 8.000000000000000000 ) ) ;
#2662 = CARTESIAN_POINT ( 'NONE',  ( -1.722120468130897253, 13.64173013562592907, 8.000000000000000000 ) ) ;
#2663 = CARTESIAN_POINT ( 'NONE',  ( -6.352286767647525423, -10.05932550694764060, 0.000000000000000000 ) ) ;
#2664 = CARTESIAN_POINT ( 'NONE',  ( -12.22597347346769681, 2.908682420983862649, 0.000000000000000000 ) ) ;
#2665 = VERTEX_POINT ( 'NONE', #5250 ) ;
#2666 = CARTESIAN_POINT ( 'NONE',  ( -11.58812316373725260, 6.630420918280079512, 8.000000000000000000 ) ) ;
#2667 = CARTESIAN_POINT ( 'NONE',  ( -2.880586703536610393, 12.41180006574747985, 0.000000000000000000 ) ) ;
#2668 = CARTESIAN_POINT ( 'NONE',  ( 11.48389212362417844, 0.6963551242058848567, 8.000000000000000000 ) ) ;
#2669 = ADVANCED_FACE ( 'NONE', ( #3213 ), #4580, .F. ) ;
#2670 = CARTESIAN_POINT ( 'NONE',  ( -6.436913140481723694, 10.29093438073245714, 0.000000000000000000 ) ) ;
#2671 = CARTESIAN_POINT ( 'NONE',  ( 11.96219333343623781, -6.628700411334638609, 0.000000000000000000 ) ) ;
#2672 = CARTESIAN_POINT ( 'NONE',  ( 0.8857088747961672226, -12.23289380645680424, 0.000000000000000000 ) ) ;
#2673 = ORIENTED_EDGE ( 'NONE', *, *, #6527, .T. ) ;
#2674 = CARTESIAN_POINT ( 'NONE',  ( 11.20891349420036498, -4.507497455255990104, 0.000000000000000000 ) ) ;
#2675 = ORIENTED_EDGE ( 'NONE', *, *, #4480, .T. ) ;
#2676 = CARTESIAN_POINT ( 'NONE',  ( -11.48389212362418199, -0.6963551242058048096, -5.204170427930421283E-15 ) ) ;
#2677 = CARTESIAN_POINT ( 'NONE',  ( -11.66361783702275012, -2.940710835118507394, 8.000000000000000000 ) ) ;
#2678 = CARTESIAN_POINT ( 'NONE',  ( 1.095856395948400897, -12.69447357664507514, 8.000000000000000000 ) ) ;
#2679 = LINE ( 'NONE', #7242, #6595 ) ;
#2680 = CARTESIAN_POINT ( 'NONE',  ( -12.31670401296924489, -2.895913797652550858, 0.000000000000000000 ) ) ;
#2681 = CARTESIAN_POINT ( 'NONE',  ( 11.34404188716894524, -6.619621129381070723, 8.000000000000000000 ) ) ;
#2682 = CARTESIAN_POINT ( 'NONE',  ( -11.36047427339665461, 4.622531273494502990, 0.000000000000000000 ) ) ;
#2683 = FACE_OUTER_BOUND ( 'NONE', #2821, .T. ) ;
#2684 = CARTESIAN_POINT ( 'NONE',  ( -3.608867157514732860, -10.32496896312098045, 0.000000000000000000 ) ) ;
#2685 = PLANE ( 'NONE',  #212 ) ;
#2686 = LINE ( 'NONE', #87, #5547 ) ;
#2687 = CARTESIAN_POINT ( 'NONE',  ( 7.951231262008790601, 34.85409672742412823, 26.71645303348955736 ) ) ;
#2688 = CARTESIAN_POINT ( 'NONE',  ( -12.31670401296924489, -2.895913797652550858, 0.000000000000000000 ) ) ;
#2689 = CARTESIAN_POINT ( 'NONE',  ( -12.33100786788150849, 5.689930116769273738, 0.000000000000000000 ) ) ;
#2690 = CARTESIAN_POINT ( 'NONE',  ( -11.94884645308974136, -5.198761634262900166, 0.000000000000000000 ) ) ;
#2691 = DIRECTION ( 'NONE',  ( 0.3090169943749582204, -0.9510565162951500895, 0.000000000000000000 ) ) ;
#2692 =( BOUNDED_CURVE ( )  B_SPLINE_CURVE ( 3, ( #8190, #1271, #1417, #3322 ),
 .UNSPECIFIED., .F., .F. ) 
 B_SPLINE_CURVE_WITH_KNOTS ( ( 4, 4 ),
 ( 1.363404104875366230, 1.570796326794895226 ),
 .UNSPECIFIED. ) 
 CURVE ( )  GEOMETRIC_REPRESENTATION_ITEM ( )  RATIONAL_B_SPLINE_CURVE ( ( 1.000000000000000000, 0.9964189161646830328, 0.9964189161646830328, 1.000000000000000000 ) ) 
 REPRESENTATION_ITEM ( '' )  );
#2693 = ORIENTED_EDGE ( 'NONE', *, *, #1662, .T. ) ;
#2694 = ORIENTED_EDGE ( 'NONE', *, *, #1640, .T. ) ;
#2695 = LINE ( 'NONE', #4646, #526 ) ;
#2696 = CARTESIAN_POINT ( 'NONE',  ( 8.881356617214038351, 7.313425558786636138, 0.000000000000000000 ) ) ;
#2697 = CARTESIAN_POINT ( 'NONE',  ( 10.02415449855997132, -9.411632514553458506, 8.000000000000000000 ) ) ;
#2698 = CARTESIAN_POINT ( 'NONE',  ( -0.2416457505997627320, 10.93483029503508597, 8.000000000000000000 ) ) ;
#2699 = CARTESIAN_POINT ( 'NONE',  ( 11.53698844606709883, -4.773939382172875945, 0.000000000000000000 ) ) ;
#2700 = CARTESIAN_POINT ( 'NONE',  ( 6.622827502596161153, 8.704427730807806185, 0.000000000000000000 ) ) ;
#2701 = DIRECTION ( 'NONE',  ( 1.000000000000000000, 0.000000000000000000, 0.000000000000000000 ) ) ;
#2702 = CARTESIAN_POINT ( 'NONE',  ( -0.7661213205046493169, 11.83751175313650172, 8.000000000000000000 ) ) ;
#2703 = FACE_OUTER_BOUND ( 'NONE', #8129, .T. ) ;
#2704 = ORIENTED_EDGE ( 'NONE', *, *, #8119, .T. ) ;
#2705 = CARTESIAN_POINT ( 'NONE',  ( -11.11931436071737700, 6.600657436018111390, 8.000000000000000000 ) ) ;
#2706 = CARTESIAN_POINT ( 'NONE',  ( -2.577692551524129794, 13.50622083004039098, 0.000000000000000000 ) ) ;
#2707 = DIRECTION ( 'NONE',  ( -1.000000000000000000, 0.000000000000000000, 0.000000000000000000 ) ) ;
#2708 = VECTOR ( 'NONE', #891, 1000.000000000000000 ) ;
#2709 = CARTESIAN_POINT ( 'NONE',  ( -6.401038329813985683, 10.18403012388272799, 0.000000000000000000 ) ) ;
#2710 = CARTESIAN_POINT ( 'NONE',  ( 10.35164078446988967, -6.455308898419679586, 0.000000000000000000 ) ) ;
#2711 = EDGE_CURVE ( 'NONE', #6168, #1889, #5750, .T. ) ;
#2712 = CARTESIAN_POINT ( 'NONE',  ( 4.965029436117591288, -11.73452356626236792, 8.000000000000000000 ) ) ;
#2713 = AXIS2_PLACEMENT_3D ( 'NONE', #997, #1696, #5429 ) ;
#2714 = ORIENTED_EDGE ( 'NONE', *, *, #3601, .F. ) ;
#2715 = CARTESIAN_POINT ( 'NONE',  ( -11.80431640392016668, 5.038066446831146905, 8.000000000000000000 ) ) ;
#2716 = ORIENTED_EDGE ( 'NONE', *, *, #5787, .T. ) ;
#2717 = CARTESIAN_POINT ( 'NONE',  ( -11.87194576742586349, -0.7736152328233526498, 8.000000000000000000 ) ) ;
#2718 = EDGE_CURVE ( 'NONE', #4121, #5120, #4576, .T. ) ;
#2719 = CARTESIAN_POINT ( 'NONE',  ( 7.152395453489232224, 8.544655887209795964, 8.000000000000000000 ) ) ;
#2720 = CARTESIAN_POINT ( 'NONE',  ( 2.841541163098137091, -12.61481170127147777, 0.000000000000000000 ) ) ;
#2721 = CARTESIAN_POINT ( 'NONE',  ( -5.581155335976851539, -12.25290083038841082, 8.000000000000000000 ) ) ;
#2722 = CARTESIAN_POINT ( 'NONE',  ( -12.41180006574746919, -2.880586703536655246, 0.000000000000000000 ) ) ;
#2723 = CARTESIAN_POINT ( 'NONE',  ( 11.22924223885657291, -6.611064424922705740, 8.000000000000000000 ) ) ;
#2724 = CARTESIAN_POINT ( 'NONE',  ( 7.152395453489232224, 8.544655887209795964, 0.000000000000000000 ) ) ;
#2725 = B_SPLINE_SURFACE_WITH_KNOTS ( 'NONE', 3, 1, ( 
 ( #7179, #4727 ),
 ( #7263, #4106 ),
 ( #969, #2657 ),
 ( #7720, #7761 ),
 ( #4555, #1413 ),
 ( #3939, #2072 ),
 ( #6473, #4603 ),
 ( #7137, #6021 ),
 ( #1009, #6681 ),
 ( #4146, #1624 ),
 ( #347, #2245 ),
 ( #2863, #7305 ),
 ( #5395, #4770 ),
 ( #7929, #2511 ),
 ( #7650, #690 ),
 ( #7534, #3906 ),
 ( #729, #4372 ),
 ( #6950, #3866 ),
 ( #1345, #2586 ),
 ( #3204, #6366 ),
 ( #1267, #27 ),
 ( #4490, #1309 ),
 ( #774, #8186 ),
 ( #6287, #2548 ),
 ( #4410, #2006 ),
 ( #5074, #3244 ),
 ( #5112, #2627 ),
 ( #3826, #7027 ),
 ( #6328, #65 ) ),
 .UNSPECIFIED., .F., .F., .F.,
 ( 4, 1, 1, 1, 1, 1, 1, 1, 1, 1, 1, 1, 1, 1, 1, 1, 1, 1, 1, 1, 1, 1, 1, 1, 1, 1, 4 ),
 ( 2, 2 ),
 ( 0.4925683021194534605, 0.5024463643869940821, 0.5250929155847819940, 0.5469717870834428508, 0.5680829788830696891, 0.5884264909837645385, 0.6080023233856429732, 0.6268104760888334459, 0.6448509490934806188, 0.6621237423997496929, 0.6786288560078284071, 0.6943662899179314785, 0.7093360441303072639, 0.7235381186452435331, 0.7369725134630787933, 0.7496392285842117253, 0.7615382640091191702, 0.7726696197383760012, 0.7830332957726851006, 0.7926292921129175495, 0.8014576087601730237, 0.8095182457158636158, 0.8168112029818485054, 0.8233364805606433467, 0.8290940784557681020, 0.8340839966723704313, 1.000000000000000000 ),
 ( 0.000000000000000000, 1.000000000000000000 ),
 .UNSPECIFIED. ) ;
#2726 = CARTESIAN_POINT ( 'NONE',  ( 13.87203365047760428, 34.00431829849689080, -13.28508304997271239 ) ) ;
#2727 = CARTESIAN_POINT ( 'NONE',  ( 12.05320353502386688, -0.8231400688184353776, -5.204170427930421283E-15 ) ) ;
#2728 = CARTESIAN_POINT ( 'NONE',  ( -10.93483029503508597, -0.2416457505998009236, 8.000000000000000000 ) ) ;
#2729 = CC_DESIGN_PERSON_AND_ORGANIZATION_ASSIGNMENT ( #3855, #2612, ( #255 ) ) ;
#2730 = LINE ( 'NONE', #5262, #780 ) ;
#2731 = CARTESIAN_POINT ( 'NONE',  ( 11.58812316373730411, -6.630420918279993359, 0.000000000000000000 ) ) ;
#2732 = DIRECTION ( 'NONE',  ( -0.000000000000000000, 0.000000000000000000, 1.000000000000000000 ) ) ;
#2733 = CARTESIAN_POINT ( 'NONE',  ( 13.51181416730124063, 36.00822914583888945, -14.33752405484621484 ) ) ;
#2734 = VECTOR ( 'NONE', #699, 1000.000000000000114 ) ;
#2735 = CARTESIAN_POINT ( 'NONE',  ( -11.36047427339662441, -4.622531273494584703, 8.000000000000000000 ) ) ;
#2736 = CARTESIAN_POINT ( 'NONE',  ( -7.750629585191723514, 9.267416903471923817, 8.000000000000000000 ) ) ;
#2737 = ORIENTED_EDGE ( 'NONE', *, *, #4279, .T. ) ;
#2738 = ORIENTED_EDGE ( 'NONE', *, *, #7235, .F. ) ;
#2739 = CARTESIAN_POINT ( 'NONE',  ( 6.626067776682448951, -12.02849558169537048, 0.000000000000000000 ) ) ;
#2740 = CARTESIAN_POINT ( 'NONE',  ( 9.415217936709831648, 7.968244849358985249, 0.000000000000000000 ) ) ;
#2741 = EDGE_CURVE ( 'NONE', #2101, #7886, #4787, .T. ) ;
#2742 = LINE ( 'NONE', #5273, #7638 ) ;
#2743 = CIRCLE ( 'NONE', #1684, 10.93750000000000178 ) ;
#2744 = CARTESIAN_POINT ( 'NONE',  ( 12.22769606125921626, 27.92477493282073553, 13.00000000000000178 ) ) ;
#2745 = CARTESIAN_POINT ( 'NONE',  ( 2.941792002709121778, -11.71764203423209771, 8.000000000000000000 ) ) ;
#2746 = CARTESIAN_POINT ( 'NONE',  ( -2.577692551524032094, -13.50622083004040697, 0.000000000000000000 ) ) ;
#2747 = CARTESIAN_POINT ( 'NONE',  ( -13.06843834723478182, 1.312474532673041372, 0.000000000000000000 ) ) ;
#2748 = CYLINDRICAL_SURFACE ( 'NONE', #7819, 1.000000000000004663 ) ;
#2749 = CARTESIAN_POINT ( 'NONE',  ( -10.18403012388270490, -6.401038329814019434, 0.000000000000000000 ) ) ;
#2750 = VERTEX_POINT ( 'NONE', #1027 ) ;
#2751 = AXIS2_PLACEMENT_3D ( 'NONE', #4967, #665, #5048 ) ;
#2752 = CARTESIAN_POINT ( 'NONE',  ( -9.625916629980693529, -8.348190801685243301, 8.000000000000000000 ) ) ;
#2753 = CARTESIAN_POINT ( 'NONE',  ( 12.25290083038831490, 5.581155335977071807, 8.000000000000000000 ) ) ;
#2754 = EDGE_CURVE ( 'NONE', #2890, #2810, #7239, .T. ) ;
#2755 = CARTESIAN_POINT ( 'NONE',  ( -2.790132082466536989, -12.83440038321942289, 8.000000000000000000 ) ) ;
#2756 = VECTOR ( 'NONE', #3288, 1000.000000000000000 ) ;
#2757 = CARTESIAN_POINT ( 'NONE',  ( -6.625183064395903543, 12.04862852623657332, 0.000000000000000000 ) ) ;
#2758 = CARTESIAN_POINT ( 'NONE',  ( -7.152395453489296173, -8.544655887209740897, 8.000000000000000000 ) ) ;
#2759 = CARTESIAN_POINT ( 'NONE',  ( 5.286606996007066073, -12.02324651265876021, 8.000000000000000000 ) ) ;
#2760 = EDGE_LOOP ( 'NONE', ( #3699, #489, #4083, #6638, #5652, #6178 ) ) ;
#2761 = CARTESIAN_POINT ( 'NONE',  ( 0.000000000000000000, 0.000000000000000000, 8.000000000000000000 ) ) ;
#2762 = ORIENTED_EDGE ( 'NONE', *, *, #2374, .F. ) ;
#2763 = CARTESIAN_POINT ( 'NONE',  ( 9.234787594130693833, 7.707558585906980397, 8.000000000000000000 ) ) ;
#2764 = CARTESIAN_POINT ( 'NONE',  ( 7.798144649837058573, 9.301941798724888244, 8.000000000000000000 ) ) ;
#2765 = DIRECTION ( 'NONE',  ( -0.000000000000000000, 0.000000000000000000, -1.000000000000000000 ) ) ;
#2766 = CARTESIAN_POINT ( 'NONE',  ( -4.580317944817310583, -11.30699639290210357, 8.000000000000000000 ) ) ;
#2767 = VECTOR ( 'NONE', #4508, 1000.000000000000000 ) ;
#2768 = DIRECTION ( 'NONE',  ( -1.000000000000000000, 0.000000000000000000, 0.000000000000000000 ) ) ;
#2769 = CARTESIAN_POINT ( 'NONE',  ( 10.05932550694766725, -6.352286767647486343, 8.000000000000000000 ) ) ;
#2770 = CARTESIAN_POINT ( 'NONE',  ( -10.70664486910372304, 4.210990906299862502, 0.000000000000000000 ) ) ;
#2771 = CARTESIAN_POINT ( 'NONE',  ( 0.2416457505997634259, -10.93483029503508597, 8.000000000000000000 ) ) ;
#2772 = ORIENTED_EDGE ( 'NONE', *, *, #6280, .F. ) ;
#2773 = CARTESIAN_POINT ( 'NONE',  ( 12.44755643926126965, -0.9751606640714124419, -5.204170427930421283E-15 ) ) ;
#2774 = CARTESIAN_POINT ( 'NONE',  ( -3.177189042419317655, 54.29751361031517831, -13.61616680320316242 ) ) ;
#2775 = CARTESIAN_POINT ( 'NONE',  ( -3.177189042419317655, 54.29751361031517831, 21.61616680320316419 ) ) ;
#2776 = CARTESIAN_POINT ( 'NONE',  ( -2.941794575437281178, 11.77637575328570385, 0.000000000000000000 ) ) ;
#2777 = ADVANCED_FACE ( 'NONE', ( #6041 ), #5334, .T. ) ;
#2778 = CARTESIAN_POINT ( 'NONE',  ( -7.906868104074003867, -9.376012365377890845, 0.000000000000000000 ) ) ;
#2779 = CARTESIAN_POINT ( 'NONE',  ( 0.000000000000000000, 0.000000000000000000, 8.000000000000000000 ) ) ;
#2780 = AXIS2_PLACEMENT_3D ( 'NONE', #1670, #6153, #3694 ) ;
#2781 = CARTESIAN_POINT ( 'NONE',  ( -8.105411651555828101, 9.497099640846666802, 0.000000000000000000 ) ) ;
#2782 = VECTOR ( 'NONE', #4236, 1000.000000000000000 ) ;
#2783 = ORIENTED_EDGE ( 'NONE', *, *, #7742, .F. ) ;
#2784 = ORIENTED_EDGE ( 'NONE', *, *, #7337, .F. ) ;
#2785 = CARTESIAN_POINT ( 'NONE',  ( -6.622827502596226878, -8.704427730807756447, 8.000000000000000000 ) ) ;
#2786 = CARTESIAN_POINT ( 'NONE',  ( -8.881356617214141380, 7.313425558786508240, 8.000000000000000000 ) ) ;
#2787 = CARTESIAN_POINT ( 'NONE',  ( 9.928529331195960594, -9.094348737717146136, 8.000000000000000000 ) ) ;
#2788 = CARTESIAN_POINT ( 'NONE',  ( 11.83751175313651061, -0.7661213205045251939, 0.000000000000000000 ) ) ;
#2789 = CARTESIAN_POINT ( 'NONE',  ( 2.927269694296160907, -12.05785317090582076, 0.000000000000000000 ) ) ;
#2790 = CARTESIAN_POINT ( 'NONE',  ( 12.22769606125921626, 27.92477493282073553, -13.00000000000000178 ) ) ;
#2791 = CARTESIAN_POINT ( 'NONE',  ( -8.636712746112488404, 9.757522586729548308, 8.000000000000000000 ) ) ;
#2792 = CARTESIAN_POINT ( 'NONE',  ( -5.781365353100957449, 12.39393210985513960, 0.000000000000000000 ) ) ;
#2793 = ORIENTED_EDGE ( 'NONE', *, *, #2529, .F. ) ;
#2794 = CARTESIAN_POINT ( 'NONE',  ( -9.969200282347905784, -9.221936103764106107, 8.000000000000000000 ) ) ;
#2795 = CARTESIAN_POINT ( 'NONE',  ( -2.940710835118379052, -11.66361783702277855, 8.000000000000000000 ) ) ;
#2796 = LINE ( 'NONE', #1472, #6484 ) ;
#2797 = CARTESIAN_POINT ( 'NONE',  ( 13.64173013562591130, 1.722120468131039361, 8.000000000000000000 ) ) ;
#2798 = CARTESIAN_POINT ( 'NONE',  ( 4.773939382173077561, -11.53698844606701357, 0.000000000000000000 ) ) ;
#2799 = EDGE_LOOP ( 'NONE', ( #1632, #7417, #3756, #1496 ) ) ;
#2800 = DIRECTION ( 'NONE',  ( 1.000000000000000000, 0.000000000000000000, 0.000000000000000000 ) ) ;
#2801 = VERTEX_POINT ( 'NONE', #323 ) ;
#2802 = CARTESIAN_POINT ( 'NONE',  ( 9.969200282347838282, 9.221936103764180714, 8.000000000000000000 ) ) ;
#2803 = CARTESIAN_POINT ( 'NONE',  ( 8.034402175150626491, 9.455639197970867826, 8.000000000000000000 ) ) ;
#2804 = CARTESIAN_POINT ( 'NONE',  ( 0.000000000000000000, 0.000000000000000000, 8.000000000000000000 ) ) ;
#2805 = CARTESIAN_POINT ( 'NONE',  ( -11.96219333340840052, -6.628700411335519682, 0.000000000000000000 ) ) ;
#2806 = CARTESIAN_POINT ( 'NONE',  ( -13.42510299664338724, -2.607747690747107772, 0.000000000000000000 ) ) ;
#2807 = CARTESIAN_POINT ( 'NONE',  ( 6.231836464888760752, 8.988499347771170989, 8.000000000000000000 ) ) ;
#2808 = CARTESIAN_POINT ( 'NONE',  ( 7.634358818669725544, 9.175863790627349914, 0.000000000000000000 ) ) ;
#2809 = DIRECTION ( 'NONE',  ( 0.7063278186911506884, 0.000000000000000000, 0.7078848865055679118 ) ) ;
#2810 = VERTEX_POINT ( 'NONE', #409 ) ;
#2811 = CARTESIAN_POINT ( 'NONE',  ( 12.37227591337643418, -0.9420826277740271815, 8.000000000000000000 ) ) ;
#2812 = EDGE_CURVE ( 'NONE', #5061, #3035, #6979, .T. ) ;
#2813 = DIRECTION ( 'NONE',  ( 0.5877852522924713607, 0.8090169943749487835, 0.000000000000000000 ) ) ;
#2814 = CARTESIAN_POINT ( 'NONE',  ( -2.577692551494855433, -13.50622083011837660, 0.000000000000000000 ) ) ;
#2815 = CARTESIAN_POINT ( 'NONE',  ( 7.749517416239518397, 33.55876610551257500, 16.85819456520870929 ) ) ;
#2816 = CARTESIAN_POINT ( 'NONE',  ( -7.313425558786478042, -8.881356617214166249, 0.000000000000000000 ) ) ;
#2817 = CARTESIAN_POINT ( 'NONE',  ( -12.25290083038839484, 5.581155335976898613, 0.000000000000000000 ) ) ;
#2818 = PLANE ( 'NONE',  #3372 ) ;
#2819 = ORIENTED_EDGE ( 'NONE', *, *, #5669, .T. ) ;
#2820 = EDGE_CURVE ( 'NONE', #5223, #8061, #1653, .T. ) ;
#2821 = EDGE_LOOP ( 'NONE', ( #5713, #2962, #8049, #3717 ) ) ;
#2822 = DIRECTION ( 'NONE',  ( -0.000000000000000000, 0.000000000000000000, -1.000000000000000000 ) ) ;
#2823 = LINE ( 'NONE', #1625, #4469 ) ;
#2824 = CARTESIAN_POINT ( 'NONE',  ( 10.41722559423726224, 6.473761040516560428, 8.000000000000000000 ) ) ;
#2825 = DIRECTION ( 'NONE',  ( 0.7237771210982812953, 0.1939354950984077397, 0.6622202826217415961 ) ) ;
#2826 = EDGE_CURVE ( 'NONE', #220, #4341, #3711, .T. ) ;
#2827 = CARTESIAN_POINT ( 'NONE',  ( 2.790132082466721286, -12.83440038321938204, 8.000000000000000000 ) ) ;
#2828 = CARTESIAN_POINT ( 'NONE',  ( 7.313425558786605940, -8.881356617214064997, 8.000000000000000000 ) ) ;
#2829 = CYLINDRICAL_SURFACE ( 'NONE', #905, 13.75000000000000000 ) ;
#2830 = CARTESIAN_POINT ( 'NONE',  ( -5.853360337715859174, 12.44189184805954440, 8.000000000000000000 ) ) ;
#2831 = ORIENTED_EDGE ( 'NONE', *, *, #1795, .F. ) ;
#2832 = CARTESIAN_POINT ( 'NONE',  ( -9.669723885497008453, 8.439220299577034012, 0.000000000000000000 ) ) ;
#2833 = CARTESIAN_POINT ( 'NONE',  ( 6.132426599482847074, 9.165464432816154527, 0.000000000000000000 ) ) ;
#2834 = VECTOR ( 'NONE', #1329, 1000.000000000000000 ) ;
#2835 = CARTESIAN_POINT ( 'NONE',  ( -11.80431640392012760, -5.038066446831229506, 0.000000000000000000 ) ) ;
#2836 = LINE ( 'NONE', #2797, #4730 ) ;
#2837 = CARTESIAN_POINT ( 'NONE',  ( -10.00078975079871668, -9.328340841224321167, 8.000000000000000000 ) ) ;
#2838 = ORIENTED_EDGE ( 'NONE', *, *, #3926, .F. ) ;
#2839 = DIRECTION ( 'NONE',  ( -0.3090169943749481729, -0.9510565162951533091, 0.000000000000000000 ) ) ;
#2840 = ORIENTED_EDGE ( 'NONE', *, *, #6212, .T. ) ;
#2841 = EDGE_CURVE ( 'NONE', #4838, #4145, #3395, .T. ) ;
#2842 = CARTESIAN_POINT ( 'NONE',  ( -12.04862852623655378, -6.625183064395943511, 8.000000000000000000 ) ) ;
#2843 = EDGE_CURVE ( 'NONE', #6657, #146, #7396, .T. ) ;
#2844 = CARTESIAN_POINT ( 'NONE',  ( -11.77637575328569319, -2.941794575437323811, 8.000000000000000000 ) ) ;
#2845 = CYLINDRICAL_SURFACE ( 'NONE', #5428, 13.75000000000000000 ) ;
#2846 = DIRECTION ( 'NONE',  ( 0.000000000000000000, 0.000000000000000000, -1.000000000000000000 ) ) ;
#2847 = CARTESIAN_POINT ( 'NONE',  ( 0.000000000000000000, 0.000000000000000000, 8.000000000000000000 ) ) ;
#2848 = CARTESIAN_POINT ( 'NONE',  ( -12.43077374740200369, 5.836552422531278594, 0.000000000000000000 ) ) ;
#2849 = ORIENTED_EDGE ( 'NONE', *, *, #5976, .T. ) ;
#2850 = CARTESIAN_POINT ( 'NONE',  ( 12.13967088095515301, 2.919073574173224994, -5.204170427930421283E-15 ) ) ;
#2851 = AXIS2_PLACEMENT_3D ( 'NONE', #6045, #2765, #7909 ) ;
#2852 = ORIENTED_EDGE ( 'NONE', *, *, #7515, .F. ) ;
#2853 = CARTESIAN_POINT ( 'NONE',  ( -9.149886257342867424, -7.604022508570406735, 0.000000000000000000 ) ) ;
#2854 = CARTESIAN_POINT ( 'NONE',  ( -7.850195268865117093, -9.338196514606250886, 8.000000000000000000 ) ) ;
#2855 = CARTESIAN_POINT ( 'NONE',  ( -2.790132082466536989, -12.83440038321942289, 8.000000000000000000 ) ) ;
#2856 = CARTESIAN_POINT ( 'NONE',  ( 11.96219333340849467, -6.628700411335347376, 0.000000000000000000 ) ) ;
#2857 = CARTESIAN_POINT ( 'NONE',  ( -6.560248542580080056, 10.81899503309355737, 8.000000000000000000 ) ) ;
#2858 = CARTESIAN_POINT ( 'NONE',  ( -12.43077374740200369, 5.836552422531278594, 0.000000000000000000 ) ) ;
#2859 = CARTESIAN_POINT ( 'NONE',  ( -6.401038329813985683, 10.18403012388272799, 8.000000000000000000 ) ) ;
#2860 = DIRECTION ( 'NONE',  ( 0.6396556736767858853, 0.1713952211956810689, -0.7493092133988349390 ) ) ;
#2861 = ORIENTED_EDGE ( 'NONE', *, *, #909, .T. ) ;
#2862 = ORIENTED_EDGE ( 'NONE', *, *, #5146, .F. ) ;
#2863 = CARTESIAN_POINT ( 'NONE',  ( 12.69447357664506271, 1.095856395948533901, 8.000000000000000000 ) ) ;
#2864 = CARTESIAN_POINT ( 'NONE',  ( 10.33666240664856062, 4.161888422927208175, 0.000000000000000000 ) ) ;
#2865 = CARTESIAN_POINT ( 'NONE',  ( 12.02849558169534916, 6.626067776682489807, 8.000000000000000000 ) ) ;
#2866 = CARTESIAN_POINT ( 'NONE',  ( 12.00148937107103819, -0.8074739252555025448, 0.000000000000000000 ) ) ;
#2867 = CARTESIAN_POINT ( 'NONE',  ( 2.607747690747154845, -13.42510299664337658, 0.000000000000000000 ) ) ;
#2868 = CARTESIAN_POINT ( 'NONE',  ( -8.704427730807733354, 6.622827502596257965, 0.000000000000000000 ) ) ;
#2869 = CARTESIAN_POINT ( 'NONE',  ( -8.348190801685211326, 9.625916629980727279, 8.000000000000000000 ) ) ;
#2870 = CARTESIAN_POINT ( 'NONE',  ( -5.198761634262857534, 11.94884645308976090, 8.000000000000000000 ) ) ;
#2871 = ORIENTED_EDGE ( 'NONE', *, *, #5205, .F. ) ;
#2872 = CARTESIAN_POINT ( 'NONE',  ( -8.881356617214091642, -7.313425558786570413, 8.000000000000000000 ) ) ;
#2873 = ADVANCED_FACE ( 'NONE', ( #7493 ), #4572, .T. ) ;
#2874 = FACE_OUTER_BOUND ( 'NONE', #1018, .T. ) ;
#2875 = EDGE_CURVE ( 'NONE', #4459, #977, #888, .T. ) ;
#2876 = CIRCLE ( 'NONE', #3804, 13.75000000000000000 ) ;
#2877 = CARTESIAN_POINT ( 'NONE',  ( -6.622827502596288163, 8.704427730807712038, 8.000000000000000000 ) ) ;
#2878 = CARTESIAN_POINT ( 'NONE',  ( 4.210990906299975300, -10.70664486910367863, 0.000000000000000000 ) ) ;
#2879 = VERTEX_POINT ( 'NONE', #7809 ) ;
#2880 = CARTESIAN_POINT ( 'NONE',  ( -11.87581303661963084, 5.115945187291611518, 8.000000000000000000 ) ) ;
#2881 = ORIENTED_EDGE ( 'NONE', *, *, #676, .F. ) ;
#2882 = VECTOR ( 'NONE', #3078, 1000.000000000000227 ) ;
#2883 = CARTESIAN_POINT ( 'NONE',  ( 9.757522586729452385, 8.636712746112591432, 8.000000000000000000 ) ) ;
#2884 = CIRCLE ( 'NONE', #3941, 10.93750000000000178 ) ;
#2885 = CARTESIAN_POINT ( 'NONE',  ( 11.05183112916334487, -4.404384806714015888, 0.000000000000000000 ) ) ;
#2886 = CARTESIAN_POINT ( 'NONE',  ( 3.608867157514880297, -10.32496896312093071, 0.000000000000000000 ) ) ;
#2887 = CARTESIAN_POINT ( 'NONE',  ( 11.12353076645876371, -4.449236289361978791, 8.000000000000000000 ) ) ;
#2888 = CARTESIAN_POINT ( 'NONE',  ( 13.32045193209912171, -2.644734409370864459, -5.204170427930421283E-15 ) ) ;
#2889 = CYLINDRICAL_SURFACE ( 'NONE', #1586, 13.75000000000000000 ) ;
#2890 = VERTEX_POINT ( 'NONE', #3280 ) ;
#2891 = CARTESIAN_POINT ( 'NONE',  ( 12.51119373526724132, 2.862521721341894754, -5.204170427930421283E-15 ) ) ;
#2892 = ORIENTED_EDGE ( 'NONE', *, *, #4439, .T. ) ;
#2893 = CARTESIAN_POINT ( 'NONE',  ( 13.37787302532247047, -1.521639563755274871, 8.000000000000000000 ) ) ;
#2894 = CARTESIAN_POINT ( 'NONE',  ( -4.210990906299899805, 10.70664486910371060, 8.000000000000000000 ) ) ;
#2895 = CIRCLE ( 'NONE', #7541, 10.93750000000000355 ) ;
#2896 = DIRECTION ( 'NONE',  ( -0.000000000000000000, 0.000000000000000000, -1.000000000000000000 ) ) ;
#2897 = CARTESIAN_POINT ( 'NONE',  ( -13.48577048812303580, -1.600954125870974964, 0.000000000000000000 ) ) ;
#2898 = CARTESIAN_POINT ( 'NONE',  ( -5.916238915412231236, 9.442776183394606448, 8.000000000000000000 ) ) ;
#2899 = CARTESIAN_POINT ( 'NONE',  ( -1.668469543058222149, 13.57387004037415679, 0.000000000000000000 ) ) ;
#2900 = CARTESIAN_POINT ( 'NONE',  ( -6.473761040516448517, 10.41722559423733330, 0.000000000000000000 ) ) ;
#2901 = CARTESIAN_POINT ( 'NONE',  ( -10.35164078446983815, 6.455308898419755970, 0.000000000000000000 ) ) ;
#2902 = CARTESIAN_POINT ( 'NONE',  ( 8.544655887209771095, -7.152395453489262422, 0.000000000000000000 ) ) ;
#2903 = ORIENTED_EDGE ( 'NONE', *, *, #3738, .T. ) ;
#2904 = CARTESIAN_POINT ( 'NONE',  ( 12.44189184801355452, 5.853360337646558165, 8.000000000000000000 ) ) ;
#2905 = ORIENTED_EDGE ( 'NONE', *, *, #6890, .F. ) ;
#2906 = CARTESIAN_POINT ( 'NONE',  ( 13.86831054194850843, 34.01821312868957392, -13.28508304997271061 ) ) ;
#2907 = CARTESIAN_POINT ( 'NONE',  ( 11.01428446989493537, 6.588591420233592899, 0.000000000000000000 ) ) ;
#2908 = CARTESIAN_POINT ( 'NONE',  ( 12.37227591337643418, -0.9420826277740271815, 0.000000000000000000 ) ) ;
#2909 = VECTOR ( 'NONE', #938, 1000.000000000000114 ) ;
#2910 = EDGE_CURVE ( 'NONE', #7598, #7740, #2742, .T. ) ;
#2911 = CARTESIAN_POINT ( 'NONE',  ( -0.7941151212463513076, -11.95399604505280600, 0.000000000000000000 ) ) ;
#2912 = CARTESIAN_POINT ( 'NONE',  ( 11.25643158326918147, 4.542018187747340896, 8.000000000000000000 ) ) ;
#2913 = DIRECTION ( 'NONE',  ( -0.6750363312718929976, 0.000000000000000000, 0.7377844884944271264 ) ) ;
#2914 = CARTESIAN_POINT ( 'NONE',  ( -4.668788839230860965, 11.41672744483952151, 8.000000000000000000 ) ) ;
#2915 = VERTEX_POINT ( 'NONE', #2120 ) ;
#2916 =( BOUNDED_CURVE ( )  B_SPLINE_CURVE ( 3, ( #208, #166, #2726, #1525 ),
 .UNSPECIFIED., .F., .F. ) 
 B_SPLINE_CURVE_WITH_KNOTS ( ( 4, 4 ),
 ( 6.261608245663799366, 6.283185307179586232 ),
 .UNSPECIFIED. ) 
 CURVE ( )  GEOMETRIC_REPRESENTATION_ITEM ( )  RATIONAL_B_SPLINE_CURVE ( ( 1.000000000000000000, 0.9999612029110045430, 0.9999612029110045430, 1.000000000000000000 ) ) 
 REPRESENTATION_ITEM ( '' )  );
#2917 = CARTESIAN_POINT ( 'NONE',  ( -13.06987279011081959, 2.724978029605164664, 8.000000000000000000 ) ) ;
#2918 = CARTESIAN_POINT ( 'NONE',  ( -11.60070094346934688, -4.833073392807702540, 0.000000000000000000 ) ) ;
#2919 = FACE_OUTER_BOUND ( 'NONE', #1740, .T. ) ;
#2920 = CARTESIAN_POINT ( 'NONE',  ( 4.161888422927172648, -10.33666240664857483, 8.000000000000000000 ) ) ;
#2921 = EDGE_LOOP ( 'NONE', ( #5382, #2188 ) ) ;
#2922 = CARTESIAN_POINT ( 'NONE',  ( 9.175863790627321492, -7.634358818669758406, 8.000000000000000000 ) ) ;
#2923 = ADVANCED_FACE ( 'NONE', ( #2659, #7139 ), #847, .F. ) ;
#2924 = CARTESIAN_POINT ( 'NONE',  ( -3.608867157514807911, 10.32496896312095913, 8.000000000000000000 ) ) ;
#2925 = CARTESIAN_POINT ( 'NONE',  ( 10.68261108938447457, 23.16949235134497087, 13.00000000000000178 ) ) ;
#2926 = CARTESIAN_POINT ( 'NONE',  ( 4.580317944817474007, -11.30699639290203784, 0.000000000000000000 ) ) ;
#2927 = DIRECTION ( 'NONE',  ( 0.6898720223047398736, -0.2241530079268377329, 0.6883545756937478055 ) ) ;
#2928 = CARTESIAN_POINT ( 'NONE',  ( 13.50622083011839258, -2.577692551494811912, -5.204170427930421283E-15 ) ) ;
#2929 = CARTESIAN_POINT ( 'NONE',  ( 9.411632514553422979, 10.02415449856000329, 0.000000000000000000 ) ) ;
#2930 = ORIENTED_EDGE ( 'NONE', *, *, #1768, .F. ) ;
#2931 = CARTESIAN_POINT ( 'NONE',  ( 11.77637575328567010, 2.941794575437405967, 8.000000000000000000 ) ) ;
#2932 = ORIENTED_EDGE ( 'NONE', *, *, #4666, .F. ) ;
#2933 = CARTESIAN_POINT ( 'NONE',  ( -9.267416903471895395, -7.750629585191753712, 0.000000000000000000 ) ) ;
#2934 = DIRECTION ( 'NONE',  ( -1.000000000000000000, 0.000000000000000000, 0.000000000000000000 ) ) ;
#2935 = CARTESIAN_POINT ( 'NONE',  ( -2.759358130927253239, -12.95019774290651604, 0.000000000000000000 ) ) ;
#2936 = CARTESIAN_POINT ( 'NONE',  ( -13.50622083004038387, -2.577692551524178199, 0.000000000000000000 ) ) ;
#2937 = CARTESIAN_POINT ( 'NONE',  ( -6.622827502596225990, -8.704427730807754671, 0.000000000000000000 ) ) ;
#2938 = CARTESIAN_POINT ( 'NONE',  ( -1.011712205768922734, 12.52642403931682580, 0.000000000000000000 ) ) ;
#2939 = CARTESIAN_POINT ( 'NONE',  ( 10.13775300119294265, 37.15971796996544185, 19.72061016742221895 ) ) ;
#2940 = CARTESIAN_POINT ( 'NONE',  ( -12.02849558169544686, 6.626067776682316612, 0.000000000000000000 ) ) ;
#2941 = CARTESIAN_POINT ( 'NONE',  ( -11.58812316373720819, -6.630420918280161224, 0.000000000000000000 ) ) ;
#2942 = ORIENTED_EDGE ( 'NONE', *, *, #532, .F. ) ;
#2943 = DIRECTION ( 'NONE',  ( -0.3090169943749481174, -0.9510565162951533091, 0.000000000000000000 ) ) ;
#2944 = VERTEX_POINT ( 'NONE', #4648 ) ;
#2945 = CARTESIAN_POINT ( 'NONE',  ( -9.539420412438941455, 8.181339682155941873, 8.000000000000000000 ) ) ;
#2946 = DIRECTION ( 'NONE',  ( 0.000000000000000000, 0.000000000000000000, -1.000000000000000000 ) ) ;
#2947 = CARTESIAN_POINT ( 'NONE',  ( 10.00078975079864740, 9.328340841224395774, 0.000000000000000000 ) ) ;
#2948 = ADVANCED_FACE ( 'NONE', ( #7181 ), #5241, .T. ) ;
#2949 = CARTESIAN_POINT ( 'NONE',  ( -10.93483029503508597, 0.2416457505997258726, 8.000000000000000000 ) ) ;
#2950 = CARTESIAN_POINT ( 'NONE',  ( 11.73452356626235193, 4.965029436117633033, 0.000000000000000000 ) ) ;
#2951 = VECTOR ( 'NONE', #441, 1000.000000000000000 ) ;
#2952 = CARTESIAN_POINT ( 'NONE',  ( 6.188310438611554609, 9.051151499276288703, 8.000000000000000000 ) ) ;
#2953 = LINE ( 'NONE', #6646, #2909 ) ;
#2954 = EDGE_LOOP ( 'NONE', ( #4622, #3327, #6244, #4769 ) ) ;
#2955 = CARTESIAN_POINT ( 'NONE',  ( -12.31670401296926443, 2.895913797652461596, 8.000000000000000000 ) ) ;
#2956 = CARTESIAN_POINT ( 'NONE',  ( 4.425208852857871022, -11.08591166683798868, 8.000000000000000000 ) ) ;
#2957 = CARTESIAN_POINT ( 'NONE',  ( -5.477724940116765140, -12.17545110014133058, 8.000000000000000000 ) ) ;
#2958 = CARTESIAN_POINT ( 'NONE',  ( -11.25643158326921522, -4.542018187747263624, 0.000000000000000000 ) ) ;
#2959 = CARTESIAN_POINT ( 'NONE',  ( -8.105411651555762376, -9.497099640846727198, 0.000000000000000000 ) ) ;
#2960 = CARTESIAN_POINT ( 'NONE',  ( -9.928529331195827368, -9.094348737717288245, 0.000000000000000000 ) ) ;
#2961 =( BOUNDED_CURVE ( )  B_SPLINE_CURVE ( 3, ( #6954, #4955, #1194, #3790 ),
 .UNSPECIFIED., .F., .F. ) 
 B_SPLINE_CURVE_WITH_KNOTS ( ( 4, 4 ),
 ( 2.500555151229046036, 2.719514510406823682 ),
 .UNSPECIFIED. ) 
 CURVE ( )  GEOMETRIC_REPRESENTATION_ITEM ( )  RATIONAL_B_SPLINE_CURVE ( ( 1.000000000000000000, 0.9960087221974820437, 0.9960087221974820437, 1.000000000000000000 ) ) 
 REPRESENTATION_ITEM ( '' )  );
#2962 = ORIENTED_EDGE ( 'NONE', *, *, #4315, .F. ) ;
#2963 = CARTESIAN_POINT ( 'NONE',  ( -8.704427730807687169, -6.622827502596316585, 8.000000000000000000 ) ) ;
#2964 = CARTESIAN_POINT ( 'NONE',  ( 8.881356617214196447, -7.313425558786442515, -5.204170427930421283E-15 ) ) ;
#2965 = CIRCLE ( 'NONE', #7608, 13.75000000000000000 ) ;
#2966 = CARTESIAN_POINT ( 'NONE',  ( 11.12353076645876371, -4.449236289361978791, 0.000000000000000000 ) ) ;
#2967 = CARTESIAN_POINT ( 'NONE',  ( -2.927269694295987268, -12.05785317090586162, 0.000000000000000000 ) ) ;
#2968 = CARTESIAN_POINT ( 'NONE',  ( 6.132426592767863838, 9.165464434997991461, 8.000000000000000000 ) ) ;
#2969 = CARTESIAN_POINT ( 'NONE',  ( -2.841541163098047384, 12.61481170127150087, 8.000000000000000000 ) ) ;
#2970 = CARTESIAN_POINT ( 'NONE',  ( -13.06843834723477293, -1.312474532673132410, 8.000000000000000000 ) ) ;
#2971 = ORIENTED_EDGE ( 'NONE', *, *, #5546, .F. ) ;
#2972 = DIRECTION ( 'NONE',  ( -0.6898720223047379863, 0.2241530079268371500, 0.6883545756937498039 ) ) ;
#2973 = ORIENTED_EDGE ( 'NONE', *, *, #6203, .F. ) ;
#2974 = CARTESIAN_POINT ( 'NONE',  ( -11.25643158326921522, -4.542018187747263624, 8.000000000000000000 ) ) ;
#2975 = EDGE_CURVE ( 'NONE', #3665, #6720, #8037, .T. ) ;
#2976 = ORIENTED_EDGE ( 'NONE', *, *, #2568, .T. ) ;
#2977 = ADVANCED_FACE ( 'NONE', ( #5396 ), #7931, .F. ) ;
#2978 = DIRECTION ( 'NONE',  ( 0.000000000000000000, -0.000000000000000000, 1.000000000000000000 ) ) ;
#2979 = CARTESIAN_POINT ( 'NONE',  ( -2.927269694295987268, -12.05785317090586162, 0.000000000000000000 ) ) ;
#2980 = B_SPLINE_CURVE_WITH_KNOTS ( 'NONE', 3,
 ( #143, #7726, #2041, #2543 ),
 .UNSPECIFIED., .F., .F.,
 ( 4, 4 ),
 ( 0.000000000000000000, 0.02288250957850457290 ),
 .UNSPECIFIED. ) ;
#2981 = CARTESIAN_POINT ( 'NONE',  ( -12.23289380645680069, -0.8857088747962098552, 0.000000000000000000 ) ) ;
#2982 = CARTESIAN_POINT ( 'NONE',  ( 14.55120301858863385, 34.07229645789754358, 22.78198858118248893 ) ) ;
#2983 = CARTESIAN_POINT ( 'NONE',  ( -0.9420826277741565224, 12.37227591337642352, 0.000000000000000000 ) ) ;
#2984 = CARTESIAN_POINT ( 'NONE',  ( -6.510080463201363798, 10.56312374806393350, 8.000000000000000000 ) ) ;
#2985 = CARTESIAN_POINT ( 'NONE',  ( -6.231836464888828253, -8.988499347771126580, 0.000000000000000000 ) ) ;
#2986 = CARTESIAN_POINT ( 'NONE',  ( -10.09620455160484020, -6.367618434587611453, 0.000000000000000000 ) ) ;
#2987 = CARTESIAN_POINT ( 'NONE',  ( 0.000000000000000000, 0.000000000000000000, 8.000000000000000000 ) ) ;
#2988 = CARTESIAN_POINT ( 'NONE',  ( -10.29093438073247846, 6.436913140481685502, 0.000000000000000000 ) ) ;
#2989 = ORIENTED_EDGE ( 'NONE', *, *, #4732, .F. ) ;
#2990 = CIRCLE ( 'NONE', #7621, 5.000000000000000000 ) ;
#2991 = CARTESIAN_POINT ( 'NONE',  ( 4.799317578293909925, 32.30552024506179265, 19.33869974813358539 ) ) ;
#2992 = CARTESIAN_POINT ( 'NONE',  ( 5.561414421023324728, 32.82766320188853371, -9.425410871205643915 ) ) ;
#2993 = CARTESIAN_POINT ( 'NONE',  ( -12.44755643926126254, 0.9751606640714993723, 8.000000000000000000 ) ) ;
#2994 = CARTESIAN_POINT ( 'NONE',  ( -1.377525651863733547, -13.16905850672525169, 8.000000000000000000 ) ) ;
#2995 = CARTESIAN_POINT ( 'NONE',  ( 12.17545110014123289, 5.477724940116983632, 8.000000000000000000 ) ) ;
#2996 = APPROVAL_ROLE ( '' ) ;
#2997 = CARTESIAN_POINT ( 'NONE',  ( -4.210990906299899805, 10.70664486910371060, 8.000000000000000000 ) ) ;
#2998 = VERTEX_POINT ( 'NONE', #6723 ) ;
#2999 = ADVANCED_FACE ( 'NONE', ( #5531 ), #432, .T. ) ;
#3000 = CARTESIAN_POINT ( 'NONE',  ( -11.49488719732985942, 2.929367628693729575, 8.000000000000000000 ) ) ;
#3001 = CARTESIAN_POINT ( 'NONE',  ( 5.781365353078185443, -12.39393210983936378, 8.000000000000000000 ) ) ;
#3002 = CARTESIAN_POINT ( 'NONE',  ( -5.853360337646336120, -12.44189184801365933, 0.000000000000000000 ) ) ;
#3003 = CARTESIAN_POINT ( 'NONE',  ( -12.25290083038835398, -5.581155335976986542, 0.000000000000000000 ) ) ;
#3004 = VECTOR ( 'NONE', #1811, 1000.000000000000000 ) ;
#3005 = CARTESIAN_POINT ( 'NONE',  ( 6.476781575368628197, 36.17876363290356778, 16.37100230941132040 ) ) ;
#3006 = PLANE ( 'NONE',  #5003 ) ;
#3007 = EDGE_CURVE ( 'NONE', #3137, #7863, #7971, .T. ) ;
#3008 = ORIENTED_EDGE ( 'NONE', *, *, #6781, .F. ) ;
#3009 = CARTESIAN_POINT ( 'NONE',  ( 9.415217936710003954, -7.968244849358779192, 8.000000000000000000 ) ) ;
#3010 = CARTESIAN_POINT ( 'NONE',  ( 9.415217936710003954, -7.968244849358779192, -5.204170427930421283E-15 ) ) ;
#3011 = CIRCLE ( 'NONE', #6587, 10.93750000000000178 ) ;
#3012 = CARTESIAN_POINT ( 'NONE',  ( 9.392211555323701333, 10.01877448793506176, -5.204170427930421283E-15 ) ) ;
#3013 = CARTESIAN_POINT ( 'NONE',  ( 6.401038329814059402, -10.18403012388267825, 0.000000000000000000 ) ) ;
#3014 = EDGE_CURVE ( 'NONE', #1528, #4287, #5486, .T. ) ;
#3015 = CARTESIAN_POINT ( 'NONE',  ( -4.896733499129095613, 11.66659828334866233, 0.000000000000000000 ) ) ;
#3016 = CARTESIAN_POINT ( 'NONE',  ( 11.56976343863538759, -2.936066220363934054, -5.204170427930421283E-15 ) ) ;
#3017 = CARTESIAN_POINT ( 'NONE',  ( -12.37227591337641996, -0.9420826277741997101, 8.000000000000000000 ) ) ;
#3018 = CARTESIAN_POINT ( 'NONE',  ( 11.71732392095615971, 6.632284204934560279, 8.000000000000000000 ) ) ;
#3019 = EDGE_LOOP ( 'NONE', ( #7394, #5981, #3135, #5206 ) ) ;
#3020 = CIRCLE ( 'NONE', #7523, 10.93750000000000178 ) ;
#3021 = CARTESIAN_POINT ( 'NONE',  ( -10.00078975079081545, -9.328340841197718447, 0.000000000000000000 ) ) ;
#3022 = ORIENTED_EDGE ( 'NONE', *, *, #4891, .T. ) ;
#3023 = AXIS2_PLACEMENT_3D ( 'NONE', #4800, #7335, #4840 ) ;
#3024 = FACE_OUTER_BOUND ( 'NONE', #6696, .T. ) ;
#3025 = CARTESIAN_POINT ( 'NONE',  ( -3.149229626028854589, -10.47431425022861440, 0.000000000000000000 ) ) ;
#3026 = VECTOR ( 'NONE', #2943, 1000.000000000000114 ) ;
#3027 = CARTESIAN_POINT ( 'NONE',  ( 1.652275942925912622, 50.21139150384284022, -16.80424034308709480 ) ) ;
#3028 = CARTESIAN_POINT ( 'NONE',  ( -8.535381057717504660, -9.713655369616226665, 0.000000000000000000 ) ) ;
#3029 = CARTESIAN_POINT ( 'NONE',  ( -0.7736152328233113495, -11.87194576742586527, 0.000000000000000000 ) ) ;
#3030 = CARTESIAN_POINT ( 'NONE',  ( 10.45141237392397038, 35.34875470996395563, 19.57413332022375130 ) ) ;
#3031 = CARTESIAN_POINT ( 'NONE',  ( -9.844302869038637382, 8.855020039375007812, 8.000000000000000000 ) ) ;
#3032 = CARTESIAN_POINT ( 'NONE',  ( -10.29093438073243583, -6.436913140481757445, 0.000000000000000000 ) ) ;
#3033 = CARTESIAN_POINT ( 'NONE',  ( -11.95399604505280955, 0.7941151212463095632, 0.000000000000000000 ) ) ;
#3034 = CARTESIAN_POINT ( 'NONE',  ( -11.71732392095625563, 6.632284204934391525, 8.000000000000000000 ) ) ;
#3035 = VERTEX_POINT ( 'NONE', #4148 ) ;
#3036 = CARTESIAN_POINT ( 'NONE',  ( -10.32496896312097157, 3.608867157514771939, 0.000000000000000000 ) ) ;
#3037 = ADVANCED_FACE ( 'NONE', ( #4811 ), #6152, .T. ) ;
#3038 = CARTESIAN_POINT ( 'NONE',  ( 11.77637575328567010, 2.941794575437405967, 8.000000000000000000 ) ) ;
#3039 = CARTESIAN_POINT ( 'NONE',  ( -13.16905850672525702, 1.377525651863687584, 8.000000000000000000 ) ) ;
#3040 = CARTESIAN_POINT ( 'NONE',  ( -1.195724957047537451, -12.87548337994386038, 0.000000000000000000 ) ) ;
#3041 = CARTESIAN_POINT ( 'NONE',  ( -13.48734665307397762, 2.584755384919189325, 8.000000000000000000 ) ) ;
#3042 = PERSON_AND_ORGANIZATION_ROLE ( 'creator' ) ;
#3043 = CARTESIAN_POINT ( 'NONE',  ( -6.401038329813911965, -10.18403012388277062, 8.000000000000000000 ) ) ;
#3044 = ORIENTED_EDGE ( 'NONE', *, *, #1527, .F. ) ;
#3045 = LINE ( 'NONE', #5582, #6869 ) ;
#3046 = CARTESIAN_POINT ( 'NONE',  ( -11.16457150618547267, -4.476617511824087181, 0.000000000000000000 ) ) ;
#3047 = CARTESIAN_POINT ( 'NONE',  ( -4.386616976970878490, -11.02139818175205477, 8.000000000000000000 ) ) ;
#3048 = CARTESIAN_POINT ( 'NONE',  ( 7.634358818669927160, -9.175863790627181160, 8.000000000000000000 ) ) ;
#3049 = CARTESIAN_POINT ( 'NONE',  ( -7.906868104074003867, -9.376012365377890845, 0.000000000000000000 ) ) ;
#3050 = DIRECTION ( 'NONE',  ( -1.000000000000000000, 0.000000000000000000, 0.000000000000000000 ) ) ;
#3051 = ORIENTED_EDGE ( 'NONE', *, *, #3917, .T. ) ;
#3052 = CARTESIAN_POINT ( 'NONE',  ( 6.132426592767863838, 9.165464434997991461, 8.000000000000000000 ) ) ;
#3053 = CARTESIAN_POINT ( 'NONE',  ( 9.497099640846757396, -8.105411651555723296, 8.000000000000000000 ) ) ;
#3054 = LINE ( 'NONE', #4164, #668 ) ;
#3055 = CARTESIAN_POINT ( 'NONE',  ( 12.39393210983946325, -5.781365353077968727, 8.000000000000000000 ) ) ;
#3056 = CARTESIAN_POINT ( 'NONE',  ( -2.895913797652506005, 12.31670401296925554, 8.000000000000000000 ) ) ;
#3057 = CARTESIAN_POINT ( 'NONE',  ( -12.69447357664507159, -1.095856395948445083, 8.000000000000000000 ) ) ;
#3058 = CARTESIAN_POINT ( 'NONE',  ( 10.32496896312091827, 3.608867157514916713, 0.000000000000000000 ) ) ;
#3059 = VERTEX_POINT ( 'NONE', #6684 ) ;
#3060 = CARTESIAN_POINT ( 'NONE',  ( -9.801135538539446301, -8.743249532614916220, 0.000000000000000000 ) ) ;
#3061 = VERTEX_POINT ( 'NONE', #4852 ) ;
#3062 = CARTESIAN_POINT ( 'NONE',  ( -8.105411651555828101, 9.497099640846666802, 0.000000000000000000 ) ) ;
#3063 = CARTESIAN_POINT ( 'NONE',  ( -12.05320353502385622, -0.8231400688186033543, 0.000000000000000000 ) ) ;
#3064 = CARTESIAN_POINT ( 'NONE',  ( 2.841541163098137091, -12.61481170127147777, 8.000000000000000000 ) ) ;
#3065 = CARTESIAN_POINT ( 'NONE',  ( -1.377525651863733547, -13.16905850672525169, 0.000000000000000000 ) ) ;
#3066 = DIRECTION ( 'NONE',  ( -0.3090169943749382919, -0.9510565162951565288, 0.000000000000000000 ) ) ;
#3067 = DIRECTION ( 'NONE',  ( -1.000000000000000000, 0.000000000000000000, 0.000000000000000000 ) ) ;
#3068 = CARTESIAN_POINT ( 'NONE',  ( 9.969200282348042563, -9.221936103763963999, 0.000000000000000000 ) ) ;
#3069 = CARTESIAN_POINT ( 'NONE',  ( 10.68261108938447457, 23.16949235134497087, -5.000000000000000000 ) ) ;
#3070 = EDGE_CURVE ( 'NONE', #6664, #5303, #1760, .T. ) ;
#3071 = CARTESIAN_POINT ( 'NONE',  ( -10.64346975476066604, 6.527568552596115126, 8.000000000000000000 ) ) ;
#3072 = ORIENTED_EDGE ( 'NONE', *, *, #6011, .T. ) ;
#3073 = CARTESIAN_POINT ( 'NONE',  ( -11.73452356626242121, 4.965029436117465167, 0.000000000000000000 ) ) ;
#3074 = LINE ( 'NONE', #5726, #4285 ) ;
#3075 = DIRECTION ( 'NONE',  ( 0.6015032560480108037, 0.1611723117027558105, -0.7824431729550912484 ) ) ;
#3076 = CARTESIAN_POINT ( 'NONE',  ( 0.000000000000000000, 0.000000000000000000, 0.000000000000000000 ) ) ;
#3077 = CARTESIAN_POINT ( 'NONE',  ( -12.05785317090585274, 2.927269694296032565, 8.000000000000000000 ) ) ;
#3078 = DIRECTION ( 'NONE',  ( 0.2784404390900500070, 0.8569515554712938687, 0.4337106794335019999 ) ) ;
#3080 = EDGE_CURVE ( 'NONE', #2810, #7352, #1780, .T. ) ;
#3079 = CARTESIAN_POINT ( 'NONE',  ( -6.625183064395817389, -12.04862852623661951, 8.000000000000000000 ) ) ;
#3081 = ORIENTED_EDGE ( 'NONE', *, *, #691, .T. ) ;
#3082 = CARTESIAN_POINT ( 'NONE',  ( -12.22597347346769681, 2.908682420983862649, 8.000000000000000000 ) ) ;
#3083 = EDGE_CURVE ( 'NONE', #4745, #6746, #5743, .T. ) ;
#3084 = CARTESIAN_POINT ( 'NONE',  ( 4.833073392807741619, -11.60070094346932734, 8.000000000000000000 ) ) ;
#3085 = CARTESIAN_POINT ( 'NONE',  ( -4.833073392807574642, -11.60070094346939662, 0.000000000000000000 ) ) ;
#3086 = CARTESIAN_POINT ( 'NONE',  ( 7.707558585906948423, -9.234787594130720478, 8.000000000000000000 ) ) ;
#3087 = CARTESIAN_POINT ( 'NONE',  ( -8.636712746112417349, -9.757522586729606928, 0.000000000000000000 ) ) ;
#3088 = CARTESIAN_POINT ( 'NONE',  ( -9.338196514606172727, -7.850195268865215681, 8.000000000000000000 ) ) ;
#3089 = ORIENTED_EDGE ( 'NONE', *, *, #3601, .T. ) ;
#3090 = CARTESIAN_POINT ( 'NONE',  ( 8.881356617214196447, -7.313425558786442515, 8.000000000000000000 ) ) ;
#3091 = CARTESIAN_POINT ( 'NONE',  ( 9.539420412439005403, -8.181339682155870818, -5.204170427930421283E-15 ) ) ;
#3092 = CARTESIAN_POINT ( 'NONE',  ( 2.708699257713905073, -10.80883218877888829, 8.000000000000000000 ) ) ;
#3093 = CARTESIAN_POINT ( 'NONE',  ( 11.49488719732981679, 2.929367628693892112, 0.000000000000000000 ) ) ;
#3094 = CARTESIAN_POINT ( 'NONE',  ( 11.66361783702278920, -2.940710835118343969, 8.000000000000000000 ) ) ;
#3095 = DIRECTION ( 'NONE',  ( 0.000000000000000000, 0.000000000000000000, -1.000000000000000000 ) ) ;
#3096 = CARTESIAN_POINT ( 'NONE',  ( 10.56312374806385890, 6.510080463201478373, 8.000000000000000000 ) ) ;
#3097 = ORIENTED_EDGE ( 'NONE', *, *, #5689, .T. ) ;
#3098 = EDGE_CURVE ( 'NONE', #5416, #407, #4937, .T. ) ;
#3099 = CARTESIAN_POINT ( 'NONE',  ( -11.02139818175200681, -4.386616976971000170, 8.000000000000000000 ) ) ;
#3100 = ORIENTED_EDGE ( 'NONE', *, *, #7867, .T. ) ;
#3101 = ADVANCED_FACE ( 'NONE', ( #6852 ), #6239, .F. ) ;
#3102 = CARTESIAN_POINT ( 'NONE',  ( -8.181339682155977400, 9.539420412438916586, 0.000000000000000000 ) ) ;
#3103 = CARTESIAN_POINT ( 'NONE',  ( 11.83979557596826382, -2.940530670474117869, 8.000000000000000000 ) ) ;
#3104 = CARTESIAN_POINT ( 'NONE',  ( 2.886444749237149221, -11.13701600410300507, 8.000000000000000000 ) ) ;
#3105 = CARTESIAN_POINT ( 'NONE',  ( -10.05932550694757133, -6.352286767647629340, 8.000000000000000000 ) ) ;
#3106 = CARTESIAN_POINT ( 'NONE',  ( -6.626067776682361021, 12.02849558169542021, 0.000000000000000000 ) ) ;
#3107 = CARTESIAN_POINT ( 'NONE',  ( -8.704427730807735131, 6.622827502596257077, 8.000000000000000000 ) ) ;
#3108 = CARTESIAN_POINT ( 'NONE',  ( 0.8231400688185612768, -12.05320353502385977, 8.000000000000000000 ) ) ;
#3109 = EDGE_CURVE ( 'NONE', #1422, #2283, #1873, .T. ) ;
#3110 = CARTESIAN_POINT ( 'NONE',  ( -11.01428446989502596, 6.588591420233433027, 8.000000000000000000 ) ) ;
#3111 = CARTESIAN_POINT ( 'NONE',  ( 12.44189184801355452, 5.853360337646558165, 0.000000000000000000 ) ) ;
#3112 = DIRECTION ( 'NONE',  ( 0.7237771210982809622, 0.1939354950984079617, 0.6622202826217419291 ) ) ;
#3113 = CARTESIAN_POINT ( 'NONE',  ( -12.52642403931682935, 1.011712205768879214, 8.000000000000000000 ) ) ;
#3114 = CARTESIAN_POINT ( 'NONE',  ( -11.83751175313650528, 0.7661213205046079056, 8.000000000000000000 ) ) ;
#3115 = CARTESIAN_POINT ( 'NONE',  ( -11.66361783702276966, 2.940710835118423017, 8.000000000000000000 ) ) ;
#3116 = DATE_AND_TIME ( #8172, #5945 ) ;
#3117 = VERTEX_POINT ( 'NONE', #3768 ) ;
#3118 = CARTESIAN_POINT ( 'NONE',  ( 12.69447357664508580, -1.095856395948267670, 8.000000000000000000 ) ) ;
#3119 = VERTEX_POINT ( 'NONE', #1834 ) ;
#3120 = CARTESIAN_POINT ( 'NONE',  ( 4.896733499129178213, -11.66659828334862681, 8.000000000000000000 ) ) ;
#3121 = CARTESIAN_POINT ( 'NONE',  ( -4.580317944817310583, -11.30699639290210357, 8.000000000000000000 ) ) ;
#3122 = CARTESIAN_POINT ( 'NONE',  ( 7.634358818669927160, -9.175863790627181160, 0.000000000000000000 ) ) ;
#3123 = LINE ( 'NONE', #3005, #1292 ) ;
#3124 = ORIENTED_EDGE ( 'NONE', *, *, #3331, .T. ) ;
#3125 = FACE_OUTER_BOUND ( 'NONE', #5484, .T. ) ;
#3126 = EDGE_CURVE ( 'NONE', #8034, #5980, #632, .T. ) ;
#3127 = PLANE ( 'NONE',  #5133 ) ;
#3128 = VERTEX_POINT ( 'NONE', #11 ) ;
#3129 = CARTESIAN_POINT ( 'NONE',  ( 13.06843834723476405, 1.312474532673223671, 8.000000000000000000 ) ) ;
#3130 = CARTESIAN_POINT ( 'NONE',  ( 13.61570037317077819, 34.79372151404630387, -13.76159215979632044 ) ) ;
#3131 = EDGE_CURVE ( 'NONE', #2283, #1976, #6894, .T. ) ;
#3132 = CARTESIAN_POINT ( 'NONE',  ( 12.31670401296922179, 2.895913797652636124, 0.000000000000000000 ) ) ;
#3133 = CARTESIAN_POINT ( 'NONE',  ( 8.066441933275781295, 34.53415948122438550, 14.68272462300221726 ) ) ;
#3134 = CARTESIAN_POINT ( 'NONE',  ( 10.05932550694752692, 6.352286767647703947, 8.000000000000000000 ) ) ;
#3135 = ORIENTED_EDGE ( 'NONE', *, *, #6367, .T. ) ;
#3136 = CARTESIAN_POINT ( 'NONE',  ( 1.300400673318188760, 55.49728015868494424, -8.371002309411318620 ) ) ;
#3137 = VERTEX_POINT ( 'NONE', #559 ) ;
#3138 = CARTESIAN_POINT ( 'NONE',  ( -13.62596226222339446, -1.709570873003933622, -5.204170427930421283E-15 ) ) ;
#3139 = CARTESIAN_POINT ( 'NONE',  ( 12.13967088095521163, -2.919073574172969643, 0.000000000000000000 ) ) ;
#3140 = CARTESIAN_POINT ( 'NONE',  ( 14.42909448706341102, 34.59224312646127686, 22.79668072572993864 ) ) ;
#3141 = CARTESIAN_POINT ( 'NONE',  ( 12.04862852623650404, 6.625183064396031440, 0.000000000000000000 ) ) ;
#3142 = CARTESIAN_POINT ( 'NONE',  ( 11.41882079916532966, 35.43242669106265907, 17.74998554533673456 ) ) ;
#3143 = CARTESIAN_POINT ( 'NONE',  ( -9.801135538539506697, 8.743249532614848718, 8.000000000000000000 ) ) ;
#3144 = VECTOR ( 'NONE', #7479, 1000.000000000000000 ) ;
#3145 = CARTESIAN_POINT ( 'NONE',  ( 1.521639563755415203, -13.37787302532245448, 8.000000000000000000 ) ) ;
#3146 = DIRECTION ( 'NONE',  ( -0.2588190451025219607, 0.9659258262890679791, 0.000000000000000000 ) ) ;
#3147 = CARTESIAN_POINT ( 'NONE',  ( -11.53698844606707041, 4.773939382172954993, 0.000000000000000000 ) ) ;
#3148 = CARTESIAN_POINT ( 'NONE',  ( 12.13967088095515301, 2.919073574173224994, 8.000000000000000000 ) ) ;
#3149 = CARTESIAN_POINT ( 'NONE',  ( 9.669723885496884108, 8.439220299577170792, 8.000000000000000000 ) ) ;
#3150 = AXIS2_PLACEMENT_3D ( 'NONE', #2224, #2846, #1773 ) ;
#3151 = CARTESIAN_POINT ( 'NONE',  ( 4.976271991613553602, 25.02359431759466091, 13.00000000000000178 ) ) ;
#3152 = FACE_OUTER_BOUND ( 'NONE', #2147, .T. ) ;
#3153 = APPROVAL_DATE_TIME ( #716, #5321 ) ;
#3154 = EDGE_LOOP ( 'NONE', ( #1580, #6573, #7367, #2675 ) ) ;
#3155 = CARTESIAN_POINT ( 'NONE',  ( 13.64173013562594505, -1.722120468130754700, 8.000000000000000000 ) ) ;
#3156 = ORIENTED_EDGE ( 'NONE', *, *, #6677, .T. ) ;
#3157 = CARTESIAN_POINT ( 'NONE',  ( -1.447204694645796375, 13.27225220462997157, 8.000000000000000000 ) ) ;
#3158 = VECTOR ( 'NONE', #6685, 1000.000000000000227 ) ;
#3159 = CARTESIAN_POINT ( 'NONE',  ( 6.600657436018233071, -11.11931436071730772, 0.000000000000000000 ) ) ;
#3160 = LINE ( 'NONE', #22, #7781 ) ;
#3161 = CARTESIAN_POINT ( 'NONE',  ( -0.9751606640715431151, 12.44755643926125543, 0.000000000000000000 ) ) ;
#3162 = DIRECTION ( 'NONE',  ( 1.000000000000000000, 0.000000000000000000, 0.000000000000000000 ) ) ;
#3163 = ORIENTED_EDGE ( 'NONE', *, *, #3275, .T. ) ;
#3164 = CARTESIAN_POINT ( 'NONE',  ( -9.204216794247539468, -7.668835209823054555, 8.000000000000000000 ) ) ;
#3165 = CARTESIAN_POINT ( 'NONE',  ( -2.886444749237070173, 11.13701600410302817, 0.000000000000000000 ) ) ;
#3166 = EDGE_CURVE ( 'NONE', #3137, #4042, #3074, .T. ) ;
#3167 = CARTESIAN_POINT ( 'NONE',  ( 13.48577048812302337, 1.600954125871069111, 8.000000000000000000 ) ) ;
#3168 = AXIS2_PLACEMENT_3D ( 'NONE', #8006, #7967, #1621 ) ;
#3169 = CIRCLE ( 'NONE', #4231, 1.000000000000001554 ) ;
#3170 = CARTESIAN_POINT ( 'NONE',  ( 1.300400673318188760, 55.49728015868494424, -8.371002309411318620 ) ) ;
#3171 = AXIS2_PLACEMENT_3D ( 'NONE', #1029, #6700, #6089 ) ;
#3172 = CARTESIAN_POINT ( 'NONE',  ( 12.61481170127146889, 2.841541163098181055, 0.000000000000000000 ) ) ;
#3173 = CARTESIAN_POINT ( 'NONE',  ( -5.853360337646337896, -12.44189184801365933, 8.000000000000000000 ) ) ;
#3174 = CARTESIAN_POINT ( 'NONE',  ( 0.3136850525260673206, 10.95993299270796584, 8.000000000000000000 ) ) ;
#3175 = ADVANCED_FACE ( 'NONE', ( #1177 ), #4357, .F. ) ;
#3176 = VERTEX_POINT ( 'NONE', #1909 ) ;
#3177 = DIRECTION ( 'NONE',  ( 0.7605637668489719783, 6.938893903907196034E-15, -0.6492632413409084036 ) ) ;
#3178 = VERTEX_POINT ( 'NONE', #5055 ) ;
#3179 = CARTESIAN_POINT ( 'NONE',  ( 2.853169548885460927, -0.9270509831248447963, 0.000000000000000000 ) ) ;
#3180 = CARTESIAN_POINT ( 'NONE',  ( 12.72257526253007498, -2.817469215210147926, 8.000000000000000000 ) ) ;
#3181 = CARTESIAN_POINT ( 'NONE',  ( 2.607747690747154845, -13.42510299664337658, 0.000000000000000000 ) ) ;
#3182 = CARTESIAN_POINT ( 'NONE',  ( 10.56312374806385890, 6.510080463201478373, 0.000000000000000000 ) ) ;
#3183 = CARTESIAN_POINT ( 'NONE',  ( -6.626136714284671214, 11.46368139467876901, 0.000000000000000000 ) ) ;
#3184 = CARTESIAN_POINT ( 'NONE',  ( -8.881356617214141380, 7.313425558786508240, 8.000000000000000000 ) ) ;
#3185 = B_SPLINE_CURVE_WITH_KNOTS ( 'NONE', 3,
 ( #1541, #3400, #2786, #3278, #5816, #3318, #5316, #7220, #4065, #719, #5186, #7721, #348, #3443, #7930, #2945, #2199, #1667, #5355, #4229, #6022, #3606, #5983, #2286, #8009, #3520, #7306, #1052, #4728 ),
 .UNSPECIFIED., .F., .F.,
 ( 4, 1, 1, 1, 1, 1, 1, 1, 1, 1, 1, 1, 1, 1, 1, 1, 1, 1, 1, 1, 1, 1, 1, 1, 1, 1, 4 ),
 ( 0.000000000000000000, 0.1659160033276295965, 0.1709059215442318702, 0.1766635194393565977, 0.1831887970181514669, 0.1904817542841364120, 0.1985423912398269763, 0.2073707078870824227, 0.2169667042273148716, 0.2273303802616240543, 0.2384617359908808021, 0.2503607714157882191, 0.2630274865369212067, 0.2764618813547564669, 0.2906639558696927361, 0.3056337100820685215, 0.3213711439921715929, 0.3378762576002502516, 0.3551490509065193812, 0.3731895239111665541, 0.3919976766143570268, 0.4115735090162354615, 0.4319170211169303109, 0.4530282129165571492, 0.4749070844152180060, 0.4975536356130058624, 0.5074316978669445311 ),
 .UNSPECIFIED. ) ;
#3186 = CARTESIAN_POINT ( 'NONE',  ( 0.8857088747961672226, -12.23289380645680424, 8.000000000000000000 ) ) ;
#3187 = CARTESIAN_POINT ( 'NONE',  ( -5.286606996006893766, -12.02324651265883482, 0.000000000000000000 ) ) ;
#3188 = CARTESIAN_POINT ( 'NONE',  ( -11.41672744483953394, 4.668788839230820109, 8.000000000000000000 ) ) ;
#3189 = CARTESIAN_POINT ( 'NONE',  ( -13.50622083004038387, -2.577692551524178199, 8.000000000000000000 ) ) ;
#3190 = CARTESIAN_POINT ( 'NONE',  ( 10.35164078446988967, -6.455308898419679586, 0.000000000000000000 ) ) ;
#3191 = CARTESIAN_POINT ( 'NONE',  ( -13.27225220462997690, 1.447204694645749745, 8.000000000000000000 ) ) ;
#3192 = CARTESIAN_POINT ( 'NONE',  ( -12.61481170127151152, 2.841541163098003420, 8.000000000000000000 ) ) ;
#3193 = APPROVAL_ROLE ( '' ) ;
#3194 = B_SPLINE_CURVE_WITH_KNOTS ( 'NONE', 3,
 ( #2392, #4917, #1605, #1647, #4127, #6661, #2887, #7952, #2267, #4791, #2473, #5592, #7029, #3831, #5742, #693, #6955, #7654, #8111, #3751, #2433, #3206, #5076, #6219, #67, #1892, #3055, #5037, #4956 ),
 .UNSPECIFIED., .F., .F.,
 ( 4, 1, 1, 1, 1, 1, 1, 1, 1, 1, 1, 1, 1, 1, 1, 1, 1, 1, 1, 1, 1, 1, 1, 1, 1, 1, 4 ),
 ( 0.000000000000000000, 0.1659160033276295965, 0.1709059215442318702, 0.1766635194393565977, 0.1831887970181514669, 0.1904817542841364120, 0.1985423912398269763, 0.2073707078870824227, 0.2169667042273148716, 0.2273303802616240543, 0.2384617359908808021, 0.2503607714157882191, 0.2630274865369212067, 0.2764618813547564669, 0.2906639558696927361, 0.3056337100820685215, 0.3213711439921715929, 0.3378762576002502516, 0.3551490509065193812, 0.3731895239111665541, 0.3919976766143570268, 0.4115735090162354615, 0.4319170211169303109, 0.4530282129165571492, 0.4749070844152180060, 0.4975536356130058624, 0.5074316978669447531 ),
 .UNSPECIFIED. ) ;
#3195 = ORIENTED_EDGE ( 'NONE', *, *, #1612, .F. ) ;
#3196 = DIRECTION ( 'NONE',  ( 1.000000000000000000, 0.000000000000000000, 0.000000000000000000 ) ) ;
#3197 = EDGE_CURVE ( 'NONE', #7906, #5456, #5648, .T. ) ;
#3198 = CARTESIAN_POINT ( 'NONE',  ( -0.7661213205046493169, 11.83751175313650172, 8.000000000000000000 ) ) ;
#3199 = CARTESIAN_POINT ( 'NONE',  ( 6.619621129381279445, -11.34404188716882267, 0.000000000000000000 ) ) ;
#3200 = CARTESIAN_POINT ( 'NONE',  ( 6.521356961401045815, 29.77887689974861729, 12.99999999999999467 ) ) ;
#3201 = CARTESIAN_POINT ( 'NONE',  ( -11.98057174878964126, 2.933454507433523428, 0.000000000000000000 ) ) ;
#3202 = ORIENTED_EDGE ( 'NONE', *, *, #7188, .F. ) ;
#3203 = DIRECTION ( 'NONE',  ( 0.6396556736767859963, 0.1713952211956810967, 0.7493092133988348280 ) ) ;
#3204 = CARTESIAN_POINT ( 'NONE',  ( 12.10906341627275751, 0.8412873393391296917, 8.000000000000000000 ) ) ;
#3205 = CARTESIAN_POINT ( 'NONE',  ( 13.27225220462995559, 1.447204694645935374, 8.000000000000000000 ) ) ;
#3206 = CARTESIAN_POINT ( 'NONE',  ( 12.02324651265885258, -5.286606996006857351, 8.000000000000000000 ) ) ;
#3207 = CARTESIAN_POINT ( 'NONE',  ( 11.85123473191545429, -6.631537913675408014, 0.000000000000000000 ) ) ;
#3208 = CIRCLE ( 'NONE', #842, 13.75000000000000000 ) ;
#3209 = CARTESIAN_POINT ( 'NONE',  ( 5.286606996007066073, -12.02324651265876021, 0.000000000000000000 ) ) ;
#3210 = ORIENTED_EDGE ( 'NONE', *, *, #7553, .T. ) ;
#3211 = CARTESIAN_POINT ( 'NONE',  ( 12.02324651265885258, -5.286606996006857351, 0.000000000000000000 ) ) ;
#3212 = VERTEX_POINT ( 'NONE', #1946 ) ;
#3213 = FACE_OUTER_BOUND ( 'NONE', #4516, .T. ) ;
#3214 = CARTESIAN_POINT ( 'NONE',  ( 12.05785317090587050, -2.927269694295950853, 0.000000000000000000 ) ) ;
#3215 = CARTESIAN_POINT ( 'NONE',  ( 2.937812879663942223, -11.90787246215807471, 0.000000000000000000 ) ) ;
#3216 = CARTESIAN_POINT ( 'NONE',  ( -10.09620455160484020, -6.367618434587611453, 8.000000000000000000 ) ) ;
#3217 = CARTESIAN_POINT ( 'NONE',  ( 11.11684438996311286, 0.7639867559472235392, 0.000000000000000000 ) ) ;
#3218 = CARTESIAN_POINT ( 'NONE',  ( 7.906868104073932813, 9.376012365377949465, 8.000000000000000000 ) ) ;
#3219 = CARTESIAN_POINT ( 'NONE',  ( -4.386616976970960202, 11.02139818175202279, 8.000000000000000000 ) ) ;
#3220 = CARTESIAN_POINT ( 'NONE',  ( 12.22769606125921626, 27.92477493282073553, -13.00000000000000178 ) ) ;
#3221 = EDGE_CURVE ( 'NONE', #8069, #6325, #5188, .T. ) ;
#3222 = ADVANCED_FACE ( 'NONE', ( #7629 ), #3308, .F. ) ;
#3224 = CARTESIAN_POINT ( 'NONE',  ( -5.781365353078006919, -12.39393210983944726, 0.000000000000000000 ) ) ;
#3223 = VECTOR ( 'NONE', #5306, 1000.000000000000114 ) ;
#3225 = DIRECTION ( 'NONE',  ( 0.9659258262890680902, 0.2588190451025210170, 0.000000000000000000 ) ) ;
#3226 = CARTESIAN_POINT ( 'NONE',  ( 12.05785317090581010, 2.927269694296203095, 8.000000000000000000 ) ) ;
#3227 = CARTESIAN_POINT ( 'NONE',  ( 9.301941798724689292, 7.798144649837294828, 8.000000000000000000 ) ) ;
#3228 = CARTESIAN_POINT ( 'NONE',  ( -9.801135538539506697, 8.743249532614848718, 0.000000000000000000 ) ) ;
#3229 = AXIS2_PLACEMENT_3D ( 'NONE', #7112, #157, #5714 ) ;
#3230 = CARTESIAN_POINT ( 'NONE',  ( 9.167709221986628521, 53.51644707559319158, 21.61616680320316419 ) ) ;
#3231 = CARTESIAN_POINT ( 'NONE',  ( -7.668835209823024357, 9.204216794247566114, 0.000000000000000000 ) ) ;
#3232 = SHAPE_DEFINITION_REPRESENTATION ( #5837, #1995 ) ;
#3233 = ORIENTED_EDGE ( 'NONE', *, *, #1235, .T. ) ;
#3234 = CARTESIAN_POINT ( 'NONE',  ( 6.186699299581528422, -9.699971161946956855, 0.000000000000000000 ) ) ;
#3235 = CARTESIAN_POINT ( 'NONE',  ( 17.03468935778640869, 46.25467975983527680, 0.3298255930281844828 ) ) ;
#3236 = CARTESIAN_POINT ( 'NONE',  ( -0.7639867559471070768, 11.11684438996312174, 8.000000000000000000 ) ) ;
#3237 = CARTESIAN_POINT ( 'NONE',  ( 5.781365353078184555, -12.39393210983936378, 0.000000000000000000 ) ) ;
#3238 = CARTESIAN_POINT ( 'NONE',  ( -9.328340841197686473, 10.00078975079085097, 8.000000000000000000 ) ) ;
#3239 = CARTESIAN_POINT ( 'NONE',  ( -6.473761040516374798, -10.41722559423737593, 0.000000000000000000 ) ) ;
#3240 = CIRCLE ( 'NONE', #4307, 2.600000000000000089 ) ;
#3241 = CARTESIAN_POINT ( 'NONE',  ( -0.8620871873792290696, -12.16898868378441634, 8.000000000000000000 ) ) ;
#3242 = EDGE_LOOP ( 'NONE', ( #7262, #1843, #6107, #4033 ) ) ;
#3243 = CARTESIAN_POINT ( 'NONE',  ( -10.35164078446983815, 6.455308898419755970, 8.000000000000000000 ) ) ;
#3244 = CARTESIAN_POINT ( 'NONE',  ( 11.83751175313649284, 0.7661213205047733288, 0.000000000000000000 ) ) ;
#3245 = CARTESIAN_POINT ( 'NONE',  ( 12.69447357664506271, 1.095856395948533901, 8.000000000000000000 ) ) ;
#3246 = B_SPLINE_SURFACE_WITH_KNOTS ( 'NONE', 3, 1, ( 
 ( #2039, #4996 ),
 ( #3092, #7575 ),
 ( #29, #614 ),
 ( #5631, #7099 ),
 ( #7538, #7765 ),
 ( #2076, #1463 ),
 ( #3404, #5359 ),
 ( #1545, #7811 ),
 ( #2745, #4069 ),
 ( #4690, #4189 ),
 ( #7852, #4813 ),
 ( #6562, #2289 ),
 ( #269, #309 ),
 ( #7309, #2789 ),
 ( #6604, #2122 ),
 ( #4650, #4150 ),
 ( #4110, #6643 ),
 ( #973, #1671 ),
 ( #5446, #5319 ),
 ( #7973, #5400 ),
 ( #3566, #6114 ),
 ( #2827, #935 ),
 ( #7183, #3446 ),
 ( #2163, #4774 ),
 ( #2250, #7224 ),
 ( #7267, #6686 ),
 ( #5986, #2867 ),
 ( #1628, #7348 ),
 ( #7893, #1014 ) ),
 .UNSPECIFIED., .F., .F., .F.,
 ( 4, 1, 1, 1, 1, 1, 1, 1, 1, 1, 1, 1, 1, 1, 1, 1, 1, 1, 1, 1, 1, 1, 1, 1, 1, 1, 4 ),
 ( 2, 2 ),
 ( 0.000000000000000000, 0.1659160033276295965, 0.1709059215442318702, 0.1766635194393565977, 0.1831887970181514669, 0.1904817542841364120, 0.1985423912398269763, 0.2073707078870824227, 0.2169667042273148716, 0.2273303802616240543, 0.2384617359908808021, 0.2503607714157882191, 0.2630274865369212067, 0.2764618813547564669, 0.2906639558696927361, 0.3056337100820685215, 0.3213711439921715929, 0.3378762576002502516, 0.3551490509065193812, 0.3731895239111665541, 0.3919976766143570268, 0.4115735090162354615, 0.4319170211169303109, 0.4530282129165571492, 0.4749070844152180060, 0.4975536356130058624, 0.5074316978669450862 ),
 ( 0.000000000000000000, 1.000000000000000000 ),
 .UNSPECIFIED. ) ;
#3247 = CARTESIAN_POINT ( 'NONE',  ( -6.575057906251736028, 10.91417308631843142, 0.000000000000000000 ) ) ;
#3248 = EDGE_CURVE ( 'NONE', #3459, #6544, #5078, .T. ) ;
#3249 = CARTESIAN_POINT ( 'NONE',  ( 10.91417308631850247, -6.575057906251617013, 0.000000000000000000 ) ) ;
#3250 = CARTESIAN_POINT ( 'NONE',  ( 5.836552422577571342, -12.43077374743275598, 8.000000000000000000 ) ) ;
#3251 = ORIENTED_EDGE ( 'NONE', *, *, #1287, .F. ) ;
#3252 = CARTESIAN_POINT ( 'NONE',  ( 11.41672744483956414, -4.668788839230741949, 0.000000000000000000 ) ) ;
#3253 = VERTEX_POINT ( 'NONE', #5135 ) ;
#3254 = CARTESIAN_POINT ( 'NONE',  ( 8.309755429512170721, 35.28300142296365749, 17.04359809359991118 ) ) ;
#3255 = ADVANCED_FACE ( 'NONE', ( #2606 ), #5178, .T. ) ;
#3256 = CARTESIAN_POINT ( 'NONE',  ( 11.61432090236923997, -2.938739567862257207, 0.000000000000000000 ) ) ;
#3257 = CARTESIAN_POINT ( 'NONE',  ( 2.936066220364136115, -11.56976343863533607, 0.000000000000000000 ) ) ;
#3258 = CARTESIAN_POINT ( 'NONE',  ( -9.699971161946981724, -6.186699299581489342, 0.000000000000000000 ) ) ;
#3259 = CARTESIAN_POINT ( 'NONE',  ( 0.000000000000000000, 0.000000000000000000, 8.000000000000000000 ) ) ;
#3260 = CARTESIAN_POINT ( 'NONE',  ( 7.968244849358745441, 9.415217936710030600, 8.000000000000000000 ) ) ;
#3261 = CARTESIAN_POINT ( 'NONE',  ( -6.632284204934351557, -11.71732392095628228, 8.000000000000000000 ) ) ;
#3262 = CARTESIAN_POINT ( 'NONE',  ( 10.90118270896028463, 37.36427834364079814, 17.74998554533673456 ) ) ;
#3263 = CARTESIAN_POINT ( 'NONE',  ( -4.425208852857711150, -11.08591166683805262, 0.000000000000000000 ) ) ;
#3264 = CARTESIAN_POINT ( 'NONE',  ( -10.09620455160488461, 6.367618434587540399, 8.000000000000000000 ) ) ;
#3265 = DIRECTION ( 'NONE',  ( -0.7423636110990720072, 0.000000000000000000, 0.6699972156031289705 ) ) ;
#3266 = CARTESIAN_POINT ( 'NONE',  ( 9.126433365741046799, 7.577720000373803444, 8.000000000000000000 ) ) ;
#3267 = CARTESIAN_POINT ( 'NONE',  ( 0.000000000000000000, 0.000000000000000000, 8.000000000000000000 ) ) ;
#3268 = VECTOR ( 'NONE', #8142, 1000.000000000000114 ) ;
#3269 = CARTESIAN_POINT ( 'NONE',  ( -12.44189184805952486, -5.853360337715903583, 0.000000000000000000 ) ) ;
#3270 = CARTESIAN_POINT ( 'NONE',  ( -8.262247439007827765, 9.582420452220601348, 8.000000000000000000 ) ) ;
#3271 = COORDINATED_UNIVERSAL_TIME_OFFSET ( 8, 0, .AHEAD. ) ;
#3272 =( BOUNDED_CURVE ( )  B_SPLINE_CURVE ( 3, ( #576, #5190, #3363, #1853 ),
 .UNSPECIFIED., .F., .F. ) 
 B_SPLINE_CURVE_WITH_KNOTS ( ( 4, 4 ),
 ( 3.936759045460929141, 4.773583374625776088 ),
 .UNSPECIFIED. ) 
 CURVE ( )  GEOMETRIC_REPRESENTATION_ITEM ( )  RATIONAL_B_SPLINE_CURVE ( ( 1.000000000000000000, 0.9424901636533953297, 0.9424901636533953297, 1.000000000000000000 ) ) 
 REPRESENTATION_ITEM ( '' )  );
#3273 = ORIENTED_EDGE ( 'NONE', *, *, #534, .F. ) ;
#3274 = ORIENTED_EDGE ( 'NONE', *, *, #5311, .F. ) ;
#3275 = EDGE_CURVE ( 'NONE', #5939, #2944, #5763, .T. ) ;
#3276 = VECTOR ( 'NONE', #2183, 1000.000000000000227 ) ;
#3277 = DIRECTION ( 'NONE',  ( -0.000000000000000000, -0.000000000000000000, -1.000000000000000000 ) ) ;
#3278 = CARTESIAN_POINT ( 'NONE',  ( -9.126433365741155157, 7.577720000373671105, 8.000000000000000000 ) ) ;
#3279 = AXIS2_PLACEMENT_3D ( 'NONE', #835, #1491, #4511 ) ;
#3280 = CARTESIAN_POINT ( 'NONE',  ( -3.608867157514807911, 10.32496896312095913, 8.000000000000000000 ) ) ;
#3281 = CARTESIAN_POINT ( 'NONE',  ( 6.527568552596234142, -10.64346975476059676, 8.000000000000000000 ) ) ;
#3282 = CIRCLE ( 'NONE', #5551, 2.600000000000000089 ) ;
#3283 = DIRECTION ( 'NONE',  ( 0.9510565162951530871, -0.3090169943749487280, 0.000000000000000000 ) ) ;
#3284 = CARTESIAN_POINT ( 'NONE',  ( 8.309755429512170721, 35.28300142296365749, 17.04359809359991118 ) ) ;
#3285 = CARTESIAN_POINT ( 'NONE',  ( -6.383929952666112406, -10.13775510802972057, 0.000000000000000000 ) ) ;
#3286 = CARTESIAN_POINT ( 'NONE',  ( -11.49488719732985942, 2.929367628693729575, 0.000000000000000000 ) ) ;
#3287 = EDGE_LOOP ( 'NONE', ( #3441, #7104, #7885, #1143 ) ) ;
#3288 = DIRECTION ( 'NONE',  ( 0.000000000000000000, -0.000000000000000000, -1.000000000000000000 ) ) ;
#3289 = LOCAL_TIME ( 12, 4, 5.000000000000000000, #3271 ) ;
#3290 = CARTESIAN_POINT ( 'NONE',  ( 12.33100786788142322, 5.689930116769447821, 8.000000000000000000 ) ) ;
#3291 = CARTESIAN_POINT ( 'NONE',  ( 13.83857192196067665, 32.88254104973462688, -13.00000000000000178 ) ) ;
#3292 = CARTESIAN_POINT ( 'NONE',  ( -11.08591166683800644, -4.425208852857832831, 0.000000000000000000 ) ) ;
#3293 = DIRECTION ( 'NONE',  ( 0.000000000000000000, 0.000000000000000000, -1.000000000000000000 ) ) ;
#3294 = CARTESIAN_POINT ( 'NONE',  ( 5.038066446831270362, -11.80431640392010806, 0.000000000000000000 ) ) ;
#3295 = ORIENTED_EDGE ( 'NONE', *, *, #652, .T. ) ;
#3296 = CARTESIAN_POINT ( 'NONE',  ( 7.439854252634617637, 43.68375144190006409, -10.90981260795433982 ) ) ;
#3297 = ORIENTED_EDGE ( 'NONE', *, *, #1163, .T. ) ;
#3298 = CARTESIAN_POINT ( 'NONE',  ( -12.05320353502385622, -0.8231400688186033543, 8.000000000000000000 ) ) ;
#3299 = FACE_OUTER_BOUND ( 'NONE', #7792, .T. ) ;
#3300 = CARTESIAN_POINT ( 'NONE',  ( 0.8857088747961672226, -12.23289380645680424, 8.000000000000000000 ) ) ;
#3301 = CARTESIAN_POINT ( 'NONE',  ( -4.449236289362012542, -11.12353076645875127, 8.000000000000000000 ) ) ;
#3302 = CARTESIAN_POINT ( 'NONE',  ( -11.71764203423210837, -2.941792002709081366, 0.000000000000000000 ) ) ;
#3303 = CARTESIAN_POINT ( 'NONE',  ( 7.152395453489232224, 8.544655887209795964, 8.000000000000000000 ) ) ;
#3304 = CARTESIAN_POINT ( 'NONE',  ( -10.33666240664886260, 4.161888422927100706, 0.000000000000000000 ) ) ;
#3305 = DIRECTION ( 'NONE',  ( 0.000000000000000000, 0.000000000000000000, -1.000000000000000000 ) ) ;
#3306 = CARTESIAN_POINT ( 'NONE',  ( 11.87194576742587415, -0.7736152328231870046, -5.204170427930421283E-15 ) ) ;
#3307 = CARTESIAN_POINT ( 'NONE',  ( 13.83857192196067665, 32.88254104973462688, 21.00000000000004263 ) ) ;
#3308 = PLANE ( 'NONE',  #2171 ) ;
#3309 = CARTESIAN_POINT ( 'NONE',  ( 8.544655887209394507, 7.152395453489337029, 0.000000000000000000 ) ) ;
#3310 = CARTESIAN_POINT ( 'NONE',  ( -11.13701600410301573, -2.886444749237111029, 8.000000000000000000 ) ) ;
#3311 = CARTESIAN_POINT ( 'NONE',  ( 12.70973397053934839, 35.36352553897248896, -11.92246812405364942 ) ) ;
#3312 = CARTESIAN_POINT ( 'NONE',  ( -13.06843834723478182, 1.312474532673041372, 8.000000000000000000 ) ) ;
#3313 = CARTESIAN_POINT ( 'NONE',  ( -7.968244849358884885, 9.415217936709918689, 8.000000000000000000 ) ) ;
#3314 = ORIENTED_EDGE ( 'NONE', *, *, #3705, .F. ) ;
#3315 = VERTEX_POINT ( 'NONE', #7084 ) ;
#3316 = B_SPLINE_SURFACE_WITH_KNOTS ( 'NONE', 3, 1, ( 
 ( #1119, #6922 ),
 ( #4214, #3591 ),
 ( #3755, #6297 ),
 ( #6137, #459 ),
 ( #5516, #785 ),
 ( #7034, #6375 ),
 ( #5747, #73 ),
 ( #1898, #736 ),
 ( #7660, #2674 ),
 ( #5041, #5204 ),
 ( #7580, #1316 ),
 ( #4419, #3914 ),
 ( #5792, #3252 ),
 ( #2520, #3337 ),
 ( #6960, #1353 ),
 ( #115, #1975 ),
 ( #823, #3873 ),
 ( #6410, #8197 ),
 ( #697, #1276 ),
 ( #2594, #5119 ),
 ( #4497, #1933 ),
 ( #3795, #3211 ),
 ( #34, #2013 ),
 ( #7700, #4457 ),
 ( #2633, #3836 ),
 ( #6999, #6491 ),
 ( #5161, #7739 ),
 ( #6339, #4578 ),
 ( #4535, #7071 ) ),
 .UNSPECIFIED., .F., .F., .F.,
 ( 4, 1, 1, 1, 1, 1, 1, 1, 1, 1, 1, 1, 1, 1, 1, 1, 1, 1, 1, 1, 1, 1, 1, 1, 1, 1, 4 ),
 ( 2, 2 ),
 ( 0.000000000000000000, 0.1659160033276295965, 0.1709059215442318702, 0.1766635194393565977, 0.1831887970181514669, 0.1904817542841364120, 0.1985423912398269763, 0.2073707078870824227, 0.2169667042273148716, 0.2273303802616240543, 0.2384617359908808021, 0.2503607714157882191, 0.2630274865369212067, 0.2764618813547564669, 0.2906639558696927361, 0.3056337100820685215, 0.3213711439921715929, 0.3378762576002502516, 0.3551490509065193812, 0.3731895239111665541, 0.3919976766143570268, 0.4115735090162354615, 0.4319170211169303109, 0.4530282129165571492, 0.4749070844152180060, 0.4975536356130058624, 0.5074316978669447531 ),
 ( 0.000000000000000000, 1.000000000000000000 ),
 .UNSPECIFIED. ) ;
#3317 = CARTESIAN_POINT ( 'NONE',  ( 6.600657436018233071, -11.11931436071730772, 0.000000000000000000 ) ) ;
#3318 = CARTESIAN_POINT ( 'NONE',  ( -9.175863790627264649, 7.634358818669825908, 8.000000000000000000 ) ) ;
#3319 = CARTESIAN_POINT ( 'NONE',  ( 0.000000000000000000, 0.000000000000000000, 0.000000000000000000 ) ) ;
#3320 = CARTESIAN_POINT ( 'NONE',  ( -1.312474532673086891, 13.06843834723477649, 8.000000000000000000 ) ) ;
#3321 = EDGE_CURVE ( 'NONE', #4104, #4440, #5217, .T. ) ;
#3322 = CARTESIAN_POINT ( 'NONE',  ( 2.168342768942477683, 31.97461217240255138, -13.61616680320316597 ) ) ;
#3323 = CARTESIAN_POINT ( 'NONE',  ( -2.724978029605114482, -13.06987279011082848, 0.000000000000000000 ) ) ;
#3324 = DIRECTION ( 'NONE',  ( 0.000000000000000000, 0.000000000000000000, 1.000000000000000000 ) ) ;
#3325 = LINE ( 'NONE', #4611, #1326 ) ;
#3326 = CARTESIAN_POINT ( 'NONE',  ( -0.2416457505997640642, -10.93483029503508597, 8.000000000000000000 ) ) ;
#3327 = ORIENTED_EDGE ( 'NONE', *, *, #4317, .T. ) ;
#3328 = CARTESIAN_POINT ( 'NONE',  ( -10.29093438073247846, 6.436913140481685502, 8.000000000000000000 ) ) ;
#3329 = B_SPLINE_CURVE_WITH_KNOTS ( 'NONE', 3,
 ( #4793, #7329, #1116, #4919, #6176, #6663, #497, #2970, #1607, #5423, #2307, #3057, #1157, #6745, #6133, #3017, #7991, #5557, #1649, #7954, #2269, #3673, #6835, #7413, #8113, #3501, #1689, #6048, #371 ),
 .UNSPECIFIED., .F., .F.,
 ( 4, 1, 1, 1, 1, 1, 1, 1, 1, 1, 1, 1, 1, 1, 1, 1, 1, 1, 1, 1, 1, 1, 1, 1, 1, 1, 4 ),
 ( 0.4925683021330544697, 0.5024463643869940821, 0.5250929155847819940, 0.5469717870834428508, 0.5680829788830696891, 0.5884264909837645385, 0.6080023233856429732, 0.6268104760888334459, 0.6448509490934806188, 0.6621237423997496929, 0.6786288560078284071, 0.6943662899179314785, 0.7093360441303072639, 0.7235381186452435331, 0.7369725134630787933, 0.7496392285842117253, 0.7615382640091191702, 0.7726696197383760012, 0.7830332957726851006, 0.7926292921129175495, 0.8014576087601730237, 0.8095182457158636158, 0.8168112029818485054, 0.8233364805606433467, 0.8290940784557681020, 0.8340839966723704313, 1.000000000000000000 ),
 .UNSPECIFIED. ) ;
#3330 = CARTESIAN_POINT ( 'NONE',  ( -2.841541163098047384, 12.61481170127150087, 8.000000000000000000 ) ) ;
#3331 = EDGE_CURVE ( 'NONE', #2750, #7070, #7477, .T. ) ;
#3332 = CARTESIAN_POINT ( 'NONE',  ( 0.000000000000000000, 0.000000000000000000, 8.000000000000000000 ) ) ;
#3333 = CARTESIAN_POINT ( 'NONE',  ( -6.628700411335480602, 11.96219333340842539, 0.000000000000000000 ) ) ;
#3334 = CARTESIAN_POINT ( 'NONE',  ( 11.58812316373730411, -6.630420918279993359, 0.000000000000000000 ) ) ;
#3335 = CARTESIAN_POINT ( 'NONE',  ( 1.447204694645796375, -13.27225220462997157, 0.000000000000000000 ) ) ;
#3336 = ORIENTED_EDGE ( 'NONE', *, *, #6630, .F. ) ;
#3337 = CARTESIAN_POINT ( 'NONE',  ( 11.47561408673064420, -4.719217338362103220, 0.000000000000000000 ) ) ;
#3338 = VERTEX_POINT ( 'NONE', #1449 ) ;
#3339 = CARTESIAN_POINT ( 'NONE',  ( 19.54619718853809118, 50.14427191814441187, -3.260507420625021968 ) ) ;
#3340 = CARTESIAN_POINT ( 'NONE',  ( -12.95019774290648584, -2.759358130927394903, 8.000000000000000000 ) ) ;
#3341 = CARTESIAN_POINT ( 'NONE',  ( 2.932881190150606887, -11.52995163726274974, 0.000000000000000000 ) ) ;
#3342 = CARTESIAN_POINT ( 'NONE',  ( 7.637339272554341640, 33.21351727946181853, 17.01068270130495463 ) ) ;
#3343 = LINE ( 'NONE', #913, #3932 ) ;
#3344 = CARTESIAN_POINT ( 'NONE',  ( 8.439220299576927431, 9.669723885497100824, 8.000000000000000000 ) ) ;
#3345 = CARTESIAN_POINT ( 'NONE',  ( -11.94884645308978044, 5.198761634262814901, 0.000000000000000000 ) ) ;
#3346 = CARTESIAN_POINT ( 'NONE',  ( 11.56976343863532541, 2.936066220364176971, -5.204170427930421283E-15 ) ) ;
#3347 = EDGE_CURVE ( 'NONE', #5224, #6857, #1989, .T. ) ;
#3348 = DIRECTION ( 'NONE',  ( -0.6396556736767861073, -0.1713952211956810967, -0.7493092133988347170 ) ) ;
#3349 = CARTESIAN_POINT ( 'NONE',  ( -4.833073392807659907, 11.60070094346936287, 8.000000000000000000 ) ) ;
#3350 = FACE_BOUND ( 'NONE', #4420, .T. ) ;
#3351 = CARTESIAN_POINT ( 'NONE',  ( 7.674513829969981771, 33.32792880282170955, 16.98005295303797979 ) ) ;
#3352 = CARTESIAN_POINT ( 'NONE',  ( -11.98057174878962172, -2.933454507433609137, 0.000000000000000000 ) ) ;
#3353 = CARTESIAN_POINT ( 'NONE',  ( -12.39393210983942772, 5.781365353078053104, 0.000000000000000000 ) ) ;
#3354 = CARTESIAN_POINT ( 'NONE',  ( -11.41672744483950375, -4.668788839230902710, 0.000000000000000000 ) ) ;
#3355 = CARTESIAN_POINT ( 'NONE',  ( -9.392211555377270926, 10.01877448794996894, 8.000000000000000000 ) ) ;
#3356 = ADVANCED_FACE ( 'NONE', ( #3350, #2025 ), #3973, .T. ) ;
#3357 = ORIENTED_EDGE ( 'NONE', *, *, #2241, .T. ) ;
#3358 = ORIENTED_EDGE ( 'NONE', *, *, #7583, .T. ) ;
#3359 = CARTESIAN_POINT ( 'NONE',  ( 6.588591420233555596, -11.01428446989495669, 0.000000000000000000 ) ) ;
#3360 = CARTESIAN_POINT ( 'NONE',  ( 9.969200282347838282, 9.221936103764180714, 0.000000000000000000 ) ) ;
#3361 = DIRECTION ( 'NONE',  ( 0.000000000000000000, 0.000000000000000000, 1.000000000000000000 ) ) ;
#3362 = CARTESIAN_POINT ( 'NONE',  ( 11.87194576742587415, -0.7736152328231870046, 0.000000000000000000 ) ) ;
#3363 = CARTESIAN_POINT ( 'NONE',  ( 8.152495352118544147, 34.79900466461231190, -8.284813291360771714 ) ) ;
#3364 = CARTESIAN_POINT ( 'NONE',  ( 8.262247439007897043, -9.582420452220537399, 8.000000000000000000 ) ) ;
#3365 = CARTESIAN_POINT ( 'NONE',  ( -8.439220299577069540, 9.669723885496978255, 8.000000000000000000 ) ) ;
#3366 = CARTESIAN_POINT ( 'NONE',  ( -0.8231400688185612768, 12.05320353502385977, 0.000000000000000000 ) ) ;
#3367 = CARTESIAN_POINT ( 'NONE',  ( 8.704427730807781316, -6.622827502596191351, 0.000000000000000000 ) ) ;
#3368 = VERTEX_POINT ( 'NONE', #5888 ) ;
#3369 = CARTESIAN_POINT ( 'NONE',  ( -9.497099640846636603, -8.105411651555860075, 8.000000000000000000 ) ) ;
#3370 = CARTESIAN_POINT ( 'NONE',  ( -2.644734409371002570, 13.32045193209910039, 8.000000000000000000 ) ) ;
#3371 = CARTESIAN_POINT ( 'NONE',  ( -3.149229626028855478, -10.47431425022861440, 8.000000000000000000 ) ) ;
#3372 = AXIS2_PLACEMENT_3D ( 'NONE', #5350, #2860, #4931 ) ;
#3373 = CARTESIAN_POINT ( 'NONE',  ( 7.889598926524332256, 35.19414657749479147, -18.69378740028920660 ) ) ;
#3374 = DIRECTION ( 'NONE',  ( 0.7605637668489719783, 0.000000000000000000, 0.6492632413409085146 ) ) ;
#3375 = DIRECTION ( 'NONE',  ( -0.6396556736767862184, -0.1713952211956811522, -0.7493092133988347170 ) ) ;
#3376 = VECTOR ( 'NONE', #4472, 1000.000000000000000 ) ;
#3377 = ORIENTED_EDGE ( 'NONE', *, *, #168, .F. ) ;
#3378 = ADVANCED_FACE ( 'NONE', ( #2065 ), #4548, .T. ) ;
#3379 = EDGE_LOOP ( 'NONE', ( #1570, #1809, #7865, #4921 ) ) ;
#3380 = CARTESIAN_POINT ( 'NONE',  ( 9.301941798724689292, 7.798144649837294828, 8.000000000000000000 ) ) ;
#3381 = CARTESIAN_POINT ( 'NONE',  ( 7.750629585191585846, 9.267416903472033951, 8.000000000000000000 ) ) ;
#3382 = CARTESIAN_POINT ( 'NONE',  ( 5.286606996007066073, -12.02324651265876021, 0.000000000000000000 ) ) ;
#3383 = CARTESIAN_POINT ( 'NONE',  ( -4.161888422927061626, -10.33666240664887681, 8.000000000000000000 ) ) ;
#3384 = CARTESIAN_POINT ( 'NONE',  ( -11.13701600410301573, -2.886444749237111029, 0.000000000000000000 ) ) ;
#3385 = CARTESIAN_POINT ( 'NONE',  ( 10.64346975476071577, -6.527568552596036078, 8.000000000000000000 ) ) ;
#3386 = CARTESIAN_POINT ( 'NONE',  ( 7.313425558786411429, 8.881356617214221316, 0.000000000000000000 ) ) ;
#3387 = CARTESIAN_POINT ( 'NONE',  ( 13.41765329629886061, 36.05253985009576922, -14.26727816506351232 ) ) ;
#3388 = ORIENTED_EDGE ( 'NONE', *, *, #199, .F. ) ;
#3389 = CARTESIAN_POINT ( 'NONE',  ( 12.69447357664508580, -1.095856395948267670, 8.000000000000000000 ) ) ;
#3390 = CARTESIAN_POINT ( 'NONE',  ( -5.477724940116855734, 12.17545110014129150, 8.000000000000000000 ) ) ;
#3391 = CYLINDRICAL_SURFACE ( 'NONE', #5006, 5.000000000000000888 ) ;
#3392 = CARTESIAN_POINT ( 'NONE',  ( -2.938739567862377555, 11.61432090236920978, 0.000000000000000000 ) ) ;
#3393 = CARTESIAN_POINT ( 'NONE',  ( -12.05785317090583142, -2.927269694296119606, 0.000000000000000000 ) ) ;
#3394 = CARTESIAN_POINT ( 'NONE',  ( 10.44557787046877628, 35.34390760065546999, -11.56804391877494176 ) ) ;
#3395 = CIRCLE ( 'NONE', #5249, 1.000000000000004219 ) ;
#3396 = CARTESIAN_POINT ( 'NONE',  ( -9.328340841224290969, 10.00078975079874866, 0.000000000000000000 ) ) ;
#3397 = ORIENTED_EDGE ( 'NONE', *, *, #1604, .F. ) ;
#3398 = ORIENTED_EDGE ( 'NONE', *, *, #2502, .T. ) ;
#3399 = CARTESIAN_POINT ( 'NONE',  ( 6.619621129381279445, -11.34404188716882267, 0.000000000000000000 ) ) ;
#3400 = CARTESIAN_POINT ( 'NONE',  ( -8.544655887209717804, 7.152395453489324595, 8.000000000000000000 ) ) ;
#3401 = CARTESIAN_POINT ( 'NONE',  ( 9.442776183394540723, 5.916238915412332489, 8.000000000000000000 ) ) ;
#3402 = AXIS2_PLACEMENT_3D ( 'NONE', #725, #5234, #1923 ) ;
#3403 = CARTESIAN_POINT ( 'NONE',  ( -6.622827502596288163, 8.704427730807712038, 8.000000000000000000 ) ) ;
#3404 = CARTESIAN_POINT ( 'NONE',  ( 2.938739567862459268, -11.61432090236918668, 8.000000000000000000 ) ) ;
#3405 = LINE ( 'NONE', #7812, #3504 ) ;
#3406 = CARTESIAN_POINT ( 'NONE',  ( -7.577720000373704856, 9.126433365741132064, 8.000000000000000000 ) ) ;
#3407 = CARTESIAN_POINT ( 'NONE',  ( -6.626067776682274868, -12.02849558169546640, 0.000000000000000000 ) ) ;
#3408 = ORIENTED_EDGE ( 'NONE', *, *, #5770, .F. ) ;
#3409 = CIRCLE ( 'NONE', #1036, 10.93750000000000000 ) ;
#3410 = DIRECTION ( 'NONE',  ( 1.000000000000000000, 0.000000000000000000, 0.000000000000000000 ) ) ;
#3411 = AXIS2_PLACEMENT_3D ( 'NONE', #5463, #7910, #3499 ) ;
#3412 = CARTESIAN_POINT ( 'NONE',  ( -2.644734409370904871, -13.32045193209911638, 8.000000000000000000 ) ) ;
#3413 = AXIS2_PLACEMENT_3D ( 'NONE', #1034, #2972, #2809 ) ;
#3414 = CARTESIAN_POINT ( 'NONE',  ( -6.527568552596156870, 10.64346975476064650, 0.000000000000000000 ) ) ;
#3415 = LOCAL_TIME ( 12, 4, 5.000000000000000000, #2030 ) ;
#3416 = CARTESIAN_POINT ( 'NONE',  ( -6.622827502596226878, -8.704427730807756447, 8.000000000000000000 ) ) ;
#3417 = CARTESIAN_POINT ( 'NONE',  ( -9.625916629980693529, -8.348190801685243301, 0.000000000000000000 ) ) ;
#3418 = EDGE_CURVE ( 'NONE', #2998, #6795, #7046, .T. ) ;
#3419 = ORIENTED_EDGE ( 'NONE', *, *, #4924, .F. ) ;
#3420 = CARTESIAN_POINT ( 'NONE',  ( -11.25643158326924897, 4.542018187747182800, 8.000000000000000000 ) ) ;
#3421 = ORIENTED_EDGE ( 'NONE', *, *, #7838, .F. ) ;
#3422 = CARTESIAN_POINT ( 'NONE',  ( -11.11931436071733259, -6.600657436018188662, 8.000000000000000000 ) ) ;
#3423 = CARTESIAN_POINT ( 'NONE',  ( 7.968244849358745441, 9.415217936710030600, -5.204170427930421283E-15 ) ) ;
#3424 = CARTESIAN_POINT ( 'NONE',  ( 4.719217338362303060, -11.47561408673056249, 0.000000000000000000 ) ) ;
#3425 = EDGE_CURVE ( 'NONE', #189, #4399, #1532, .T. ) ;
#3426 = CARTESIAN_POINT ( 'NONE',  ( 0.000000000000000000, 0.000000000000000000, 8.000000000000000000 ) ) ;
#3427 = CARTESIAN_POINT ( 'NONE',  ( -10.47431425022857887, -3.149229626028968720, 0.000000000000000000 ) ) ;
#3428 = DIRECTION ( 'NONE',  ( 1.000000000000000000, 0.000000000000000000, 0.000000000000000000 ) ) ;
#3429 = CARTESIAN_POINT ( 'NONE',  ( -10.93483029503508597, -0.2416457505998009236, 0.000000000000000000 ) ) ;
#3430 = EDGE_CURVE ( 'NONE', #4121, #7876, #2730, .T. ) ;
#3431 = CARTESIAN_POINT ( 'NONE',  ( 12.05785317090581010, 2.927269694296203095, 8.000000000000000000 ) ) ;
#3432 = ORIENTED_EDGE ( 'NONE', *, *, #591, .T. ) ;
#3433 = CARTESIAN_POINT ( 'NONE',  ( -9.539420412438884611, -8.181339682156007598, 0.000000000000000000 ) ) ;
#3434 = CARTESIAN_POINT ( 'NONE',  ( -10.02415449855990204, 9.411632514553534890, 8.000000000000000000 ) ) ;
#3435 = CARTESIAN_POINT ( 'NONE',  ( -2.941792002708953913, -11.71764203423214212, 0.000000000000000000 ) ) ;
#3436 = CARTESIAN_POINT ( 'NONE',  ( -3.149229626028930085, 10.47431425022858953, 0.000000000000000000 ) ) ;
#3437 = CARTESIAN_POINT ( 'NONE',  ( -13.42510299664338724, -2.607747690747107772, 8.000000000000000000 ) ) ;
#3438 = CARTESIAN_POINT ( 'NONE',  ( -0.8231400688185612768, 12.05320353502385977, 0.000000000000000000 ) ) ;
#3439 = CARTESIAN_POINT ( 'NONE',  ( -10.02706299306008830, 6.338109664291194711, 0.000000000000000000 ) ) ;
#3440 = VERTEX_POINT ( 'NONE', #6548 ) ;
#3441 = ORIENTED_EDGE ( 'NONE', *, *, #6649, .T. ) ;
#3442 = CARTESIAN_POINT ( 'NONE',  ( 6.630420918280206521, -11.58812316373717977, 8.000000000000000000 ) ) ;
#3443 = CARTESIAN_POINT ( 'NONE',  ( -9.455639197970779009, 8.034402175150727743, 8.000000000000000000 ) ) ;
#3444 = DIRECTION ( 'NONE',  ( 0.000000000000000000, 0.000000000000000000, 1.000000000000000000 ) ) ;
#3445 = CARTESIAN_POINT ( 'NONE',  ( 13.37787302532247047, -1.521639563755274871, 0.000000000000000000 ) ) ;
#3446 = CARTESIAN_POINT ( 'NONE',  ( 2.759358130927438868, -12.95019774290647341, 0.000000000000000000 ) ) ;
#3447 = DIRECTION ( 'NONE',  ( 0.3090169943749582204, -0.9510565162951500895, 0.000000000000000000 ) ) ;
#3448 = CARTESIAN_POINT ( 'NONE',  ( -12.69447357664507692, 1.095856395948356488, 0.000000000000000000 ) ) ;
#3449 = CARTESIAN_POINT ( 'NONE',  ( -5.379567626064813979, 12.09884006967985393, 8.000000000000000000 ) ) ;
#3450 = EDGE_LOOP ( 'NONE', ( #6900, #7156, #2090, #2358 ) ) ;
#3451 = CARTESIAN_POINT ( 'NONE',  ( -9.539420412438941455, 8.181339682155941873, 0.000000000000000000 ) ) ;
#3452 = ADVANCED_FACE ( 'NONE', ( #879 ), #3391, .F. ) ;
#3453 = CARTESIAN_POINT ( 'NONE',  ( 6.521356961401045815, 29.77887689974861729, -13.00000000000000178 ) ) ;
#3454 = CARTESIAN_POINT ( 'NONE',  ( -12.09884006967983439, -5.379567626064857500, 0.000000000000000000 ) ) ;
#3455 = FACE_OUTER_BOUND ( 'NONE', #658, .T. ) ;
#3456 = CARTESIAN_POINT ( 'NONE',  ( 4.833073392807741619, -11.60070094346932734, 8.000000000000000000 ) ) ;
#3457 = EDGE_LOOP ( 'NONE', ( #5559, #7146, #7471, #3872 ) ) ;
#3458 = CARTESIAN_POINT ( 'NONE',  ( -11.53698844606707041, 4.773939382172954993, 8.000000000000000000 ) ) ;
#3459 = VERTEX_POINT ( 'NONE', #7127 ) ;
#3460 = CARTESIAN_POINT ( 'NONE',  ( 9.582420452220510754, 8.262247439007929017, 8.000000000000000000 ) ) ;
#3461 = CARTESIAN_POINT ( 'NONE',  ( 8.262247439007687433, 9.582420452220718587, 8.000000000000000000 ) ) ;
#3462 = CARTESIAN_POINT ( 'NONE',  ( 4.542018187747301816, -11.25643158326919746, 0.000000000000000000 ) ) ;
#3463 = CARTESIAN_POINT ( 'NONE',  ( -4.896733499129011236, -11.66659828334870141, 8.000000000000000000 ) ) ;
#3464 = CARTESIAN_POINT ( 'NONE',  ( 12.83440038321943000, -2.790132082466497021, 8.000000000000000000 ) ) ;
#3465 = CARTESIAN_POINT ( 'NONE',  ( 7.577720000373570741, 9.126433365741238646, 0.000000000000000000 ) ) ;
#3466 = ORIENTED_EDGE ( 'NONE', *, *, #654, .T. ) ;
#3467 = CARTESIAN_POINT ( 'NONE',  ( 13.32045193209906842, 2.644734409371143347, -5.204170427930421283E-15 ) ) ;
#3468 = ORIENTED_EDGE ( 'NONE', *, *, #6918, .T. ) ;
#3469 = CARTESIAN_POINT ( 'NONE',  ( 10.02415449855976703, 9.411632514553680551, 8.000000000000000000 ) ) ;
#3470 = CARTESIAN_POINT ( 'NONE',  ( -4.449236289362094254, 11.12353076645872108, 8.000000000000000000 ) ) ;
#3471 = CARTESIAN_POINT ( 'NONE',  ( 5.130407953563912216, 33.56205223573670082, -10.60884926629493741 ) ) ;
#3472 = CARTESIAN_POINT ( 'NONE',  ( 4.708106066719107474, 32.35395160098337897, -11.42420641072856924 ) ) ;
#3473 = CARTESIAN_POINT ( 'NONE',  ( -6.527568552596156870, 10.64346975476064650, 8.000000000000000000 ) ) ;
#3474 = CARTESIAN_POINT ( 'NONE',  ( 12.45707092993226084, 35.44929308423078851, -11.53032774346103473 ) ) ;
#3475 = CARTESIAN_POINT ( 'NONE',  ( -10.48771353560525732, 6.492081297254431504, 0.000000000000000000 ) ) ;
#3476 = EDGE_CURVE ( 'NONE', #5549, #5375, #5934, .T. ) ;
#3477 = VERTEX_POINT ( 'NONE', #922 ) ;
#3478 = VERTEX_POINT ( 'NONE', #796 ) ;
#3479 = CARTESIAN_POINT ( 'NONE',  ( 6.492081297254545191, -10.48771353560518449, 8.000000000000000000 ) ) ;
#3480 = CARTESIAN_POINT ( 'NONE',  ( 13.87207341665511429, 34.00416988910200899, -13.29565691043648989 ) ) ;
#3481 = CARTESIAN_POINT ( 'NONE',  ( 0.000000000000000000, 0.000000000000000000, 0.000000000000000000 ) ) ;
#3482 = CARTESIAN_POINT ( 'NONE',  ( 10.93483029503508774, -0.2416457505996495170, 0.000000000000000000 ) ) ;
#3483 = CARTESIAN_POINT ( 'NONE',  ( -0.7661213205046492059, -11.83751175313650172, 8.000000000000000000 ) ) ;
#3484 = CARTESIAN_POINT ( 'NONE',  ( 11.30699639290202363, 4.580317944817513975, 8.000000000000000000 ) ) ;
#3485 = CARTESIAN_POINT ( 'NONE',  ( -10.93483029503508597, 0.2416457505997258726, 0.000000000000000000 ) ) ;
#3486 = FACE_OUTER_BOUND ( 'NONE', #4073, .T. ) ;
#3487 = VERTEX_POINT ( 'NONE', #1365 ) ;
#3488 = CARTESIAN_POINT ( 'NONE',  ( -9.267416903471895395, -7.750629585191753712, 8.000000000000000000 ) ) ;
#3489 = CARTESIAN_POINT ( 'NONE',  ( -2.919073574173006058, -12.13967088095520097, 8.000000000000000000 ) ) ;
#3490 = CARTESIAN_POINT ( 'NONE',  ( 9.221936103764146964, -9.969200282347870257, 8.000000000000000000 ) ) ;
#3491 = CARTESIAN_POINT ( 'NONE',  ( 22.86659580238254108, 37.46457257789783313, 3.166912955578759181 ) ) ;
#3492 = CARTESIAN_POINT ( 'NONE',  ( -9.669723885496946281, -8.439220299577099738, 8.000000000000000000 ) ) ;
#3493 = ORIENTED_EDGE ( 'NONE', *, *, #4137, .T. ) ;
#3494 = DIRECTION ( 'NONE',  ( 0.000000000000000000, 0.000000000000000000, 1.000000000000000000 ) ) ;
#3495 = ORIENTED_EDGE ( 'NONE', *, *, #2474, .F. ) ;
#3496 = CARTESIAN_POINT ( 'NONE',  ( 9.415217936709831648, 7.968244849358985249, 8.000000000000000000 ) ) ;
#3497 = CARTESIAN_POINT ( 'NONE',  ( 9.392211555323701333, 10.01877448793506176, 8.000000000000000000 ) ) ;
#3498 = CYLINDRICAL_SURFACE ( 'NONE', #7218, 1.000000000000004663 ) ;
#3499 = DIRECTION ( 'NONE',  ( 1.000000000000000000, 0.000000000000000000, 0.000000000000000000 ) ) ;
#3500 = CYLINDRICAL_SURFACE ( 'NONE', #1828, 1.000000000000001110 ) ;
#3501 = CARTESIAN_POINT ( 'NONE',  ( -11.83751175313649817, -0.7661213205046906172, 8.000000000000000000 ) ) ;
#3502 = ORIENTED_EDGE ( 'NONE', *, *, #6452, .T. ) ;
#3503 = CARTESIAN_POINT ( 'NONE',  ( 13.42510299664336593, 2.607747690747202363, 8.000000000000000000 ) ) ;
#3504 = VECTOR ( 'NONE', #5147, 1000.000000000000000 ) ;
#3505 = ORIENTED_EDGE ( 'NONE', *, *, #3926, .T. ) ;
#3506 = DIRECTION ( 'NONE',  ( 0.7557820683608867940, 0.2025111948712233767, 0.6227219934256129630 ) ) ;
#3507 = EDGE_CURVE ( 'NONE', #6544, #3478, #2686, .T. ) ;
#3508 = CARTESIAN_POINT ( 'NONE',  ( -7.152395453489296173, -8.544655887209740897, 8.000000000000000000 ) ) ;
#3509 = CARTESIAN_POINT ( 'NONE',  ( -2.686824890852640646, -13.19332579941580263, 8.000000000000000000 ) ) ;
#3510 = B_SPLINE_CURVE_WITH_KNOTS ( 'NONE', 3,
 ( #3436, #5263, #1533, #7798, #2106, #6549, #3392, #5935, #258, #2776, #7841, #4678, #6591, #7212, #923, #1783, #3595, #4964, #4260, #6799, #1124, #8000, #5431, #6757, #2315, #6842, #7463, #3682, #4841 ),
 .UNSPECIFIED., .F., .F.,
 ( 4, 1, 1, 1, 1, 1, 1, 1, 1, 1, 1, 1, 1, 1, 1, 1, 1, 1, 1, 1, 1, 1, 1, 1, 1, 1, 4 ),
 ( 0.000000000000000000, 0.1659160033276295965, 0.1709059215442318702, 0.1766635194393565977, 0.1831887970181514669, 0.1904817542841364120, 0.1985423912398269763, 0.2073707078870824227, 0.2169667042273148716, 0.2273303802616240543, 0.2384617359908808021, 0.2503607714157882191, 0.2630274865369212067, 0.2764618813547564669, 0.2906639558696927361, 0.3056337100820685215, 0.3213711439921715929, 0.3378762576002502516, 0.3551490509065193812, 0.3731895239111665541, 0.3919976766143570268, 0.4115735090162354615, 0.4319170211169303109, 0.4530282129165571492, 0.4749070844152180060, 0.4975536356130058624, 0.5074316978669441980 ),
 .UNSPECIFIED. ) ;
#3511 = CARTESIAN_POINT ( 'NONE',  ( 11.46368139467884006, -6.626136714284544205, 0.000000000000000000 ) ) ;
#3512 = CARTESIAN_POINT ( 'NONE',  ( -12.04862852623659997, 6.625183064395859134, 8.000000000000000000 ) ) ;
#3513 = CARTESIAN_POINT ( 'NONE',  ( 10.09620455160479402, 6.367618434587686060, 0.000000000000000000 ) ) ;
#3514 = CARTESIAN_POINT ( 'NONE',  ( -6.588591420233475660, 11.01428446989500998, 8.000000000000000000 ) ) ;
#3515 = CARTESIAN_POINT ( 'NONE',  ( -11.58812316373725260, 6.630420918280079512, 0.000000000000000000 ) ) ;
#3516 = CARTESIAN_POINT ( 'NONE',  ( -10.91417308631840655, -6.575057906251772444, 0.000000000000000000 ) ) ;
#3517 = VERTEX_POINT ( 'NONE', #961 ) ;
#3518 = CARTESIAN_POINT ( 'NONE',  ( 12.17545110014123289, 5.477724940116983632, 8.000000000000000000 ) ) ;
#3519 = VERTEX_POINT ( 'NONE', #4761 ) ;
#3520 = CARTESIAN_POINT ( 'NONE',  ( -9.969200282347971509, 9.221936103764038606, 8.000000000000000000 ) ) ;
#3521 = CARTESIAN_POINT ( 'NONE',  ( -3.479177792129991786, 34.99536644608546254, 27.59898569081179076 ) ) ;
#3522 = CARTESIAN_POINT ( 'NONE',  ( -10.93483029503508597, -0.2416457505998009236, 8.000000000000000000 ) ) ;
#3523 = CARTESIAN_POINT ( 'NONE',  ( -0.7639867559470682190, -11.11684438996336510, 8.000000000000000000 ) ) ;
#3524 = CARTESIAN_POINT ( 'NONE',  ( 12.39393210985507565, 5.781365353101088900, 0.000000000000000000 ) ) ;
#3525 = CARTESIAN_POINT ( 'NONE',  ( -12.52642403931682935, 1.011712205768879214, 0.000000000000000000 ) ) ;
#3526 = CARTESIAN_POINT ( 'NONE',  ( -5.115945187291654150, 11.87581303661961485, 0.000000000000000000 ) ) ;
#3527 = ORIENTED_EDGE ( 'NONE', *, *, #6042, .F. ) ;
#3528 = ADVANCED_FACE ( 'NONE', ( #337 ), #7295, .T. ) ;
#3529 = DIRECTION ( 'NONE',  ( 0.7605637668489731995, 0.000000000000000000, -0.6492632413409068493 ) ) ;
#3530 = CARTESIAN_POINT ( 'NONE',  ( -11.71764203423213324, 2.941792002708998321, 8.000000000000000000 ) ) ;
#3531 = CARTESIAN_POINT ( 'NONE',  ( 8.262247439007897043, -9.582420452220537399, 0.000000000000000000 ) ) ;
#3532 = AXIS2_PLACEMENT_3D ( 'NONE', #2579, #1262, #6945 ) ;
#3533 = CARTESIAN_POINT ( 'NONE',  ( 4.645166053939924211, 32.41176688192005173, -11.47606544769816850 ) ) ;
#3534 = CARTESIAN_POINT ( 'NONE',  ( -9.669723885496946281, -8.439220299577099738, 0.000000000000000000 ) ) ;
#3535 =( BOUNDED_CURVE ( )  B_SPLINE_CURVE ( 3, ( #7114, #825, #5878, #3254 ),
 .UNSPECIFIED., .F., .F. ) 
 B_SPLINE_CURVE_WITH_KNOTS ( ( 4, 4 ),
 ( 5.118529978160898608, 5.852501975329061246 ),
 .UNSPECIFIED. ) 
 CURVE ( )  GEOMETRIC_REPRESENTATION_ITEM ( )  RATIONAL_B_SPLINE_CURVE ( ( 1.000000000000000000, 0.9556086791045937945, 0.9556086791045937945, 1.000000000000000000 ) ) 
 REPRESENTATION_ITEM ( '' )  );
#3536 = EDGE_LOOP ( 'NONE', ( #3856, #3794, #4257, #3421 ) ) ;
#3537 = CARTESIAN_POINT ( 'NONE',  ( -6.600657436018073199, -11.11931436071740187, 8.000000000000000000 ) ) ;
#3538 = CIRCLE ( 'NONE', #4473, 10.93750000000000178 ) ;
#3539 = CARTESIAN_POINT ( 'NONE',  ( -10.64346975476062340, -6.527568552596192397, 8.000000000000000000 ) ) ;
#3540 = CARTESIAN_POINT ( 'NONE',  ( 8.743249532614738584, 9.801135538539602621, -5.204170427930421283E-15 ) ) ;
#3541 = DIRECTION ( 'NONE',  ( -0.9510565162951511997, -0.3090169943749548898, 0.000000000000000000 ) ) ;
#3542 = CARTESIAN_POINT ( 'NONE',  ( -5.198761634262857534, 11.94884645308976090, 0.000000000000000000 ) ) ;
#3543 = CARTESIAN_POINT ( 'NONE',  ( 12.13967088095521163, -2.919073574172969643, 8.000000000000000000 ) ) ;
#3544 = CARTESIAN_POINT ( 'NONE',  ( 8.348190801685069218, 9.625916629980844519, 0.000000000000000000 ) ) ;
#3545 = EDGE_LOOP ( 'NONE', ( #5638, #2136, #6109, #1572 ) ) ;
#3546 = CARTESIAN_POINT ( 'NONE',  ( 12.22597347346765417, 2.908682420984034955, -5.204170427930421283E-15 ) ) ;
#3547 = ORIENTED_EDGE ( 'NONE', *, *, #3126, .T. ) ;
#3548 = CARTESIAN_POINT ( 'NONE',  ( 13.62596226217984530, -1.709570872969363942, 8.000000000000000000 ) ) ;
#3549 = DIRECTION ( 'NONE',  ( -0.000000000000000000, -0.000000000000000000, -1.000000000000000000 ) ) ;
#3550 = AXIS2_PLACEMENT_3D ( 'NONE', #3897, #4442, #2075 ) ;
#3551 = CARTESIAN_POINT ( 'NONE',  ( -2.644734409370904871, -13.32045193209911638, 0.000000000000000000 ) ) ;
#3552 = CARTESIAN_POINT ( 'NONE',  ( 0.3136850562348435512, 10.95993299400032051, 0.000000000000000000 ) ) ;
#3553 = CARTESIAN_POINT ( 'NONE',  ( -6.492081297254468808, 10.48771353560523600, 8.000000000000000000 ) ) ;
#3554 = CARTESIAN_POINT ( 'NONE',  ( -0.7941151212463513076, -11.95399604505280600, 0.000000000000000000 ) ) ;
#3555 = CARTESIAN_POINT ( 'NONE',  ( -6.600657436018151358, 11.11931436071735746, 8.000000000000000000 ) ) ;
#3556 = DIRECTION ( 'NONE',  ( 0.000000000000000000, -0.000000000000000000, -1.000000000000000000 ) ) ;
#3557 = CARTESIAN_POINT ( 'NONE',  ( -10.56312374806390864, -6.510080463201399326, 0.000000000000000000 ) ) ;
#3558 = VERTEX_POINT ( 'NONE', #297 ) ;
#3559 = CARTESIAN_POINT ( 'NONE',  ( -2.724978029605210850, 13.06987279011081071, 0.000000000000000000 ) ) ;
#3560 = ORIENTED_EDGE ( 'NONE', *, *, #4087, .F. ) ;
#3561 = CARTESIAN_POINT ( 'NONE',  ( 11.12353076645866956, 4.449236289362211494, 0.000000000000000000 ) ) ;
#3562 = AXIS2_PLACEMENT_3D ( 'NONE', #1576, #4593, #2234 ) ;
#3563 = DIRECTION ( 'NONE',  ( 0.7557820683608847956, 0.2025111948712226828, 0.6227219934256156275 ) ) ;
#3564 = PLANE ( 'NONE',  #6 ) ;
#3565 = AXIS2_PLACEMENT_3D ( 'NONE', #4165, #2303, #3541 ) ;
#3566 = CARTESIAN_POINT ( 'NONE',  ( 2.817469215210370415, -12.72257526253002702, 8.000000000000000000 ) ) ;
#3567 = CARTESIAN_POINT ( 'NONE',  ( 11.60070094346930958, 4.833073392807783364, 8.000000000000000000 ) ) ;
#3568 =( LENGTH_UNIT ( ) NAMED_UNIT ( * ) SI_UNIT ( .MILLI., .METRE. ) );
#3569 = DIRECTION ( 'NONE',  ( 0.000000000000000000, 0.000000000000000000, -1.000000000000000000 ) ) ;
#3570 = ORIENTED_EDGE ( 'NONE', *, *, #7695, .T. ) ;
#3571 = CARTESIAN_POINT ( 'NONE',  ( -11.13701600410303882, 2.886444749237033314, 8.000000000000000000 ) ) ;
#3572 = EDGE_CURVE ( 'NONE', #6136, #2285, #2335, .T. ) ;
#3573 = DIRECTION ( 'NONE',  ( -0.000000000000000000, -0.000000000000000000, 1.000000000000000000 ) ) ;
#3574 = CARTESIAN_POINT ( 'NONE',  ( 7.744766205448653906, 57.22404269875026728, 22.26727816506351232 ) ) ;
#3575 = CARTESIAN_POINT ( 'NONE',  ( 8.034402175150832548, -9.455639197970691967, 0.000000000000000000 ) ) ;
#3576 = CARTESIAN_POINT ( 'NONE',  ( -8.855020039374974061, -9.844302869038667581, 8.000000000000000000 ) ) ;
#3577 = EDGE_CURVE ( 'NONE', #4383, #7304, #1614, .T. ) ;
#3578 = CARTESIAN_POINT ( 'NONE',  ( -10.00078975079871668, -9.328340841224321167, 0.000000000000000000 ) ) ;
#3579 = ADVANCED_FACE ( 'NONE', ( #4135 ), #7625, .T. ) ;
#3580 = ORIENTED_EDGE ( 'NONE', *, *, #301, .F. ) ;
#3581 = CARTESIAN_POINT ( 'NONE',  ( -6.544354946388659222, -10.72875944066948506, 0.000000000000000000 ) ) ;
#3582 = CARTESIAN_POINT ( 'NONE',  ( 8.704427730807783092, -6.622827502596191351, -5.204170427930421283E-15 ) ) ;
#3583 = CARTESIAN_POINT ( 'NONE',  ( 8.262247439007687433, 9.582420452220718587, -5.204170427930421283E-15 ) ) ;
#3584 = CARTESIAN_POINT ( 'NONE',  ( 6.367618434587651421, -10.09620455160481534, 0.000000000000000000 ) ) ;
#3585 = CARTESIAN_POINT ( 'NONE',  ( -5.115945187291654150, 11.87581303661961485, 0.000000000000000000 ) ) ;
#3586 = CARTESIAN_POINT ( 'NONE',  ( 13.95426812225766078, 33.23861734070238327, 21.00000000000003197 ) ) ;
#3587 = CARTESIAN_POINT ( 'NONE',  ( 8.636712746112342742, 9.757522586729669101, 0.000000000000000000 ) ) ;
#3588 = EDGE_LOOP ( 'NONE', ( #4982, #1352, #4297 ) ) ;
#3589 = PLANE ( 'NONE',  #3413 ) ;
#3590 = ORIENTED_EDGE ( 'NONE', *, *, #7065, .T. ) ;
#3591 = CARTESIAN_POINT ( 'NONE',  ( 10.33666240664888747, -4.161888422927029652, 0.000000000000000000 ) ) ;
#3592 = ORIENTED_EDGE ( 'NONE', *, *, #3197, .T. ) ;
#3593 = CARTESIAN_POINT ( 'NONE',  ( 0.000000000000000000, 0.000000000000000000, 8.000000000000000000 ) ) ;
#3594 = CARTESIAN_POINT ( 'NONE',  ( -2.940530670474153840, -11.83979557596825671, 0.000000000000000000 ) ) ;
#3595 = CARTESIAN_POINT ( 'NONE',  ( -2.895913797652506005, 12.31670401296925554, 0.000000000000000000 ) ) ;
#3596 = CARTESIAN_POINT ( 'NONE',  ( -7.634358818669794822, -9.175863790627293071, 0.000000000000000000 ) ) ;
#3597 = CARTESIAN_POINT ( 'NONE',  ( -0.9123192481543054289, -12.30068812565076186, 0.000000000000000000 ) ) ;
#3598 = CARTESIAN_POINT ( 'NONE',  ( -6.401038329813985683, 10.18403012388272799, 0.000000000000000000 ) ) ;
#3599 = PRODUCT_DEFINITION ( 'æœ', '', #255, #138 ) ;
#3600 = DIRECTION ( 'NONE',  ( -0.3090169943749485615, -0.9510565162951531981, 0.000000000000000000 ) ) ;
#3601 = EDGE_CURVE ( 'NONE', #5834, #610, #2359, .T. ) ;
#3602 = CARTESIAN_POINT ( 'NONE',  ( -11.22924223885647521, -6.611064424922867389, 0.000000000000000000 ) ) ;
#3603 = DIRECTION ( 'NONE',  ( 0.5877852522924830181, -0.8090169943749402348, 0.000000000000000000 ) ) ;
#3604 = CARTESIAN_POINT ( 'NONE',  ( -10.35164078446983815, 6.455308898419755970, 8.000000000000000000 ) ) ;
#3605 = VERTEX_POINT ( 'NONE', #1414 ) ;
#3606 = CARTESIAN_POINT ( 'NONE',  ( -9.801135538539506697, 8.743249532614848718, 8.000000000000000000 ) ) ;
#3607 = DIRECTION ( 'NONE',  ( 0.3090169943749478398, 0.9510565162951534202, -0.000000000000000000 ) ) ;
#3608 = CARTESIAN_POINT ( 'NONE',  ( -12.87548337994386394, 1.195724957047492376, 8.000000000000000000 ) ) ;
#3609 = EDGE_CURVE ( 'NONE', #1035, #6523, #2087, .T. ) ;
#3610 = CARTESIAN_POINT ( 'NONE',  ( -12.10906341627276994, 0.8412873393389606047, 8.000000000000000000 ) ) ;
#3611 = FACE_OUTER_BOUND ( 'NONE', #472, .T. ) ;
#3612 = VECTOR ( 'NONE', #634, 1000.000000000000114 ) ;
#3613 = FACE_OUTER_BOUND ( 'NONE', #4299, .T. ) ;
#3614 = CARTESIAN_POINT ( 'NONE',  ( 8.988499347771014669, 6.231836464888988125, 8.000000000000000000 ) ) ;
#3615 = ORIENTED_EDGE ( 'NONE', *, *, #4798, .T. ) ;
#3616 = CARTESIAN_POINT ( 'NONE',  ( -13.42510299666956897, 2.607747690737764579, 0.000000000000000000 ) ) ;
#3617 = ADVANCED_FACE ( 'NONE', ( #1373 ), #5226, .F. ) ;
#3618 = CARTESIAN_POINT ( 'NONE',  ( -11.02139818175200681, -4.386616976971000170, 0.000000000000000000 ) ) ;
#3619 = CARTESIAN_POINT ( 'NONE',  ( -4.161888422927061626, -10.33666240664887681, 8.000000000000000000 ) ) ;
#3620 = CARTESIAN_POINT ( 'NONE',  ( -12.43077374740196106, -5.836552422531369189, 0.000000000000000000 ) ) ;
#3621 = B_SPLINE_CURVE_WITH_KNOTS ( 'NONE', 3,
 ( #2886, #6580, #4126, #7951, #7325, #5967, #1646, #952, #5378, #3462, #2926, #911, #988, #3424, #288, #327, #6660, #7987, #4829, #4007, #6537, #3382, #246, #684, #7020, #2542, #3237, #7363, #3630 ),
 .UNSPECIFIED., .F., .F.,
 ( 4, 1, 1, 1, 1, 1, 1, 1, 1, 1, 1, 1, 1, 1, 1, 1, 1, 1, 1, 1, 1, 1, 1, 1, 1, 1, 4 ),
 ( 0.000000000000000000, 0.1659160033276295687, 0.1709059215442318980, 0.1766635194393566533, 0.1831887970181514946, 0.1904817542841363842, 0.1985423912398269763, 0.2073707078870824505, 0.2169667042273148994, 0.2273303802616239988, 0.2384617359908808298, 0.2503607714157882747, 0.2630274865369212067, 0.2764618813547564669, 0.2906639558696927361, 0.3056337100820685215, 0.3213711439921715929, 0.3378762576002503071, 0.3551490509065193812, 0.3731895239111665541, 0.3919976766143570268, 0.4115735090162354615, 0.4319170211169303109, 0.4530282129165571492, 0.4749070844152180060, 0.4975536356130059734, 0.5074316978669448641 ),
 .UNSPECIFIED. ) ;
#3622 = CARTESIAN_POINT ( 'NONE',  ( -9.094348737717186992, -9.928529331195923291, 8.000000000000000000 ) ) ;
#3623 = DIRECTION ( 'NONE',  ( -1.000000000000000000, 0.000000000000000000, 0.000000000000000000 ) ) ;
#3624 = VECTOR ( 'NONE', #6505, 1000.000000000000000 ) ;
#3625 = VERTEX_POINT ( 'NONE', #181 ) ;
#3626 = CARTESIAN_POINT ( 'NONE',  ( -6.631537913675454199, -11.85123473191542764, 8.000000000000000000 ) ) ;
#3627 = CARTESIAN_POINT ( 'NONE',  ( 9.376012365377921043, -7.906868104073965675, -5.204170427930421283E-15 ) ) ;
#3628 = AXIS2_PLACEMENT_3D ( 'NONE', #321, #7864, #7321 ) ;
#3629 = CARTESIAN_POINT ( 'NONE',  ( 11.25643158326927740, -4.542018187747106417, 0.000000000000000000 ) ) ;
#3630 = CARTESIAN_POINT ( 'NONE',  ( 5.853360337646514644, -12.44189184801357584, 0.000000000000000000 ) ) ;
#3631 = CARTESIAN_POINT ( 'NONE',  ( -4.622531273494543846, 11.36047427339663862, 0.000000000000000000 ) ) ;
#3632 = CARTESIAN_POINT ( 'NONE',  ( 11.61432090236923997, -2.938739567862257207, 8.000000000000000000 ) ) ;
#3633 = CARTESIAN_POINT ( 'NONE',  ( 8.535381057717431830, 9.713655369616290614, 0.000000000000000000 ) ) ;
#3634 = CARTESIAN_POINT ( 'NONE',  ( 12.02849558169534916, 6.626067776682489807, 8.000000000000000000 ) ) ;
#3635 = EDGE_CURVE ( 'NONE', #178, #1877, #7637, .T. ) ;
#3636 = ORIENTED_EDGE ( 'NONE', *, *, #5086, .F. ) ;
#3637 = CARTESIAN_POINT ( 'NONE',  ( -9.969200282347905784, -9.221936103764106107, 0.000000000000000000 ) ) ;
#3638 = ORIENTED_EDGE ( 'NONE', *, *, #750, .T. ) ;
#3639 = CARTESIAN_POINT ( 'NONE',  ( -8.972047302895431287, 9.886832010614767796, 0.000000000000000000 ) ) ;
#3640 = CARTESIAN_POINT ( 'NONE',  ( -2.932881190150441686, -11.52995163726279415, 8.000000000000000000 ) ) ;
#3641 = CARTESIAN_POINT ( 'NONE',  ( -13.64173013562592551, -1.722120468130946769, 0.000000000000000000 ) ) ;
#3642 = CARTESIAN_POINT ( 'NONE',  ( 2.759358130927438868, -12.95019774290647341, 8.000000000000000000 ) ) ;
#3643 = CARTESIAN_POINT ( 'NONE',  ( -1.143751547996471052, 12.78342018721907003, 0.000000000000000000 ) ) ;
#3644 = CARTESIAN_POINT ( 'NONE',  ( 11.63906633626543474, 35.68803831619243994, 20.66559352048566112 ) ) ;
#3645 = VECTOR ( 'NONE', #5605, 1000.000000000000000 ) ;
#3646 = CARTESIAN_POINT ( 'NONE',  ( -9.757522586729574954, 8.636712746112451100, 0.000000000000000000 ) ) ;
#3647 = CARTESIAN_POINT ( 'NONE',  ( 9.539420412439005403, -8.181339682155870818, 0.000000000000000000 ) ) ;
#3648 = DIRECTION ( 'NONE',  ( -0.9510565162951535312, 0.3090169943749481729, 0.000000000000000000 ) ) ;
#3649 = CARTESIAN_POINT ( 'NONE',  ( -11.58812316373725260, 6.630420918280079512, 0.000000000000000000 ) ) ;
#3650 = ORIENTED_EDGE ( 'NONE', *, *, #5238, .F. ) ;
#3651 = CARTESIAN_POINT ( 'NONE',  ( -12.09884006967987169, 5.379567626064770458, 8.000000000000000000 ) ) ;
#3652 = CARTESIAN_POINT ( 'NONE',  ( 11.58812316373715845, 6.630420918280245601, 0.000000000000000000 ) ) ;
#3653 = CARTESIAN_POINT ( 'NONE',  ( -13.06843834723478182, 1.312474532673041372, 8.000000000000000000 ) ) ;
#3654 = CARTESIAN_POINT ( 'NONE',  ( -1.312474532673086891, -13.06843834723477649, 0.000000000000000000 ) ) ;
#3655 = CARTESIAN_POINT ( 'NONE',  ( 12.44189184805948400, 5.853360337715992401, 0.000000000000000000 ) ) ;
#3656 = APPROVAL_DATE_TIME ( #1839, #1021 ) ;
#3657 = CARTESIAN_POINT ( 'NONE',  ( -6.611064424922749261, -11.22924223885654627, 8.000000000000000000 ) ) ;
#3658 = VERTEX_POINT ( 'NONE', #5942 ) ;
#3659 = CARTESIAN_POINT ( 'NONE',  ( -11.52995163726278349, 2.932881190150485651, 0.000000000000000000 ) ) ;
#3660 = CARTESIAN_POINT ( 'NONE',  ( 4.719217338362303060, -11.47561408673056249, 8.000000000000000000 ) ) ;
#3661 = CARTESIAN_POINT ( 'NONE',  ( -4.668788839230776588, -11.41672744483955171, 8.000000000000000000 ) ) ;
#3662 = CARTESIAN_POINT ( 'NONE',  ( -0.9123192481543054289, 12.30068812565076364, 8.000000000000000000 ) ) ;
#3663 = CARTESIAN_POINT ( 'NONE',  ( -9.094348737717186992, -9.928529331195923291, 0.000000000000000000 ) ) ;
#3664 = FACE_OUTER_BOUND ( 'NONE', #2176, .T. ) ;
#3665 = VERTEX_POINT ( 'NONE', #806 ) ;
#3666 = CARTESIAN_POINT ( 'NONE',  ( 9.234787594130864363, -7.707558585906779669, 8.000000000000000000 ) ) ;
#3667 = CARTESIAN_POINT ( 'NONE',  ( 9.625916629980816097, -8.348190801685102969, -5.204170427930421283E-15 ) ) ;
#3668 = VECTOR ( 'NONE', #3293, 1000.000000000000000 ) ;
#3669 = DIRECTION ( 'NONE',  ( -0.3090169943749481729, -0.9510565162951533091, 0.000000000000000000 ) ) ;
#3670 = CARTESIAN_POINT ( 'NONE',  ( 0.000000000000000000, 0.000000000000000000, 8.000000000000000000 ) ) ;
#3671 = EDGE_CURVE ( 'NONE', #3176, #1051, #1499, .T. ) ;
#3672 = CARTESIAN_POINT ( 'NONE',  ( -2.929367628693770431, 11.49488719732985054, 8.000000000000000000 ) ) ;
#3673 = CARTESIAN_POINT ( 'NONE',  ( -12.00148937107102398, -0.8074739252556699665, 8.000000000000000000 ) ) ;
#3674 = CARTESIAN_POINT ( 'NONE',  ( 7.850195268865253873, -9.338196514606138976, 0.000000000000000000 ) ) ;
#3675 = ORIENTED_EDGE ( 'NONE', *, *, #2975, .T. ) ;
#3676 = CIRCLE ( 'NONE', #5802, 2.000000000000000000 ) ;
#3677 = CARTESIAN_POINT ( 'NONE',  ( -9.625916629980693529, -8.348190801685243301, 0.000000000000000000 ) ) ;
#3678 = ORIENTED_EDGE ( 'NONE', *, *, #4635, .F. ) ;
#3679 = DIRECTION ( 'NONE',  ( 0.7605637668489723113, 0.000000000000000000, 0.6492632413409078485 ) ) ;
#3680 = EDGE_CURVE ( 'NONE', #737, #6892, #6558, .T. ) ;
#3681 = AXIS2_PLACEMENT_3D ( 'NONE', #3332, #315, #5870 ) ;
#3682 = CARTESIAN_POINT ( 'NONE',  ( -2.584755384919236842, 13.48734665307396696, 0.000000000000000000 ) ) ;
#3683 = CARTESIAN_POINT ( 'NONE',  ( -8.105411651555762376, -9.497099640846727198, 0.000000000000000000 ) ) ;
#3684 = CARTESIAN_POINT ( 'NONE',  ( -1.312474532673086891, -13.06843834723477649, 0.000000000000000000 ) ) ;
#3685 = CARTESIAN_POINT ( 'NONE',  ( -6.186699299581457367, 9.699971161947006593, 0.000000000000000000 ) ) ;
#3686 = CARTESIAN_POINT ( 'NONE',  ( -9.175863790627264649, 7.634358818669825908, 8.000000000000000000 ) ) ;
#3687 = CARTESIAN_POINT ( 'NONE',  ( 9.801135538539572423, -8.743249532614775887, 0.000000000000000000 ) ) ;
#3688 = DIRECTION ( 'NONE',  ( -0.000000000000000000, 0.000000000000000000, -1.000000000000000000 ) ) ;
#3689 = EDGE_CURVE ( 'NONE', #1265, #7886, #887, .T. ) ;
#3690 = CARTESIAN_POINT ( 'NONE',  ( -10.13775510802969748, 6.383929952666147933, 0.000000000000000000 ) ) ;
#3691 = ORIENTED_EDGE ( 'NONE', *, *, #963, .F. ) ;
#3692 = CARTESIAN_POINT ( 'NONE',  ( -10.33666240664886260, 4.161888422927100706, 8.000000000000000000 ) ) ;
#3693 = DIRECTION ( 'NONE',  ( 0.000000000000000000, 0.000000000000000000, -1.000000000000000000 ) ) ;
#3694 = DIRECTION ( 'NONE',  ( -1.000000000000000000, 0.000000000000000000, 0.000000000000000000 ) ) ;
#3695 = CARTESIAN_POINT ( 'NONE',  ( -1.722120468130897031, -13.64173013562592907, 0.000000000000000000 ) ) ;
#3696 = CARTESIAN_POINT ( 'NONE',  ( -13.42510299664340323, 2.607747690747012292, 8.000000000000000000 ) ) ;
#3697 = DIRECTION ( 'NONE',  ( 0.2588190451025214611, -0.9659258262890679791, -0.000000000000000000 ) ) ;
#3698 = LINE ( 'NONE', #8135, #7420 ) ;
#3699 = ORIENTED_EDGE ( 'NONE', *, *, #5521, .F. ) ;
#3700 = CARTESIAN_POINT ( 'NONE',  ( 11.48389212362418910, -0.6963551242056464918, 8.000000000000000000 ) ) ;
#3701 = AXIS2_PLACEMENT_3D ( 'NONE', #2021, #479, #2418 ) ;
#3702 = DIRECTION ( 'NONE',  ( 0.000000000000000000, 0.000000000000000000, 1.000000000000000000 ) ) ;
#3703 = CARTESIAN_POINT ( 'NONE',  ( -4.668788839230776588, -11.41672744483955171, 0.000000000000000000 ) ) ;
#3704 = CARTESIAN_POINT ( 'NONE',  ( -0.8620871873792290696, 12.16898868378441811, 8.000000000000000000 ) ) ;
#3705 = EDGE_CURVE ( 'NONE', #7906, #499, #3185, .T. ) ;
#3706 = CARTESIAN_POINT ( 'NONE',  ( -9.221936103764004855, -9.969200282348005260, 0.000000000000000000 ) ) ;
#3707 = EDGE_CURVE ( 'NONE', #3253, #3137, #1856, .T. ) ;
#3708 = CARTESIAN_POINT ( 'NONE',  ( -9.126433365741101866, -7.577720000373735054, 8.000000000000000000 ) ) ;
#3709 = ORIENTED_EDGE ( 'NONE', *, *, #7388, .T. ) ;
#3710 = CARTESIAN_POINT ( 'NONE',  ( -6.630420918280039544, -11.58812316373727747, 8.000000000000000000 ) ) ;
#3711 = LINE ( 'NONE', #6740, #3004 ) ;
#3712 = DIRECTION ( 'NONE',  ( 0.000000000000000000, 0.000000000000000000, 1.000000000000000000 ) ) ;
#3713 = CARTESIAN_POINT ( 'NONE',  ( 11.52995163726274086, 2.932881190150647743, 0.000000000000000000 ) ) ;
#3714 = CARTESIAN_POINT ( 'NONE',  ( -2.724978029605210850, 13.06987279011081071, 8.000000000000000000 ) ) ;
#3715 = CARTESIAN_POINT ( 'NONE',  ( 0.000000000000000000, 0.000000000000000000, 8.000000000000000000 ) ) ;
#3716 = DIRECTION ( 'NONE',  ( 0.7557820683608867940, 0.2025111948712233767, -0.6227219934256129630 ) ) ;
#3717 = ORIENTED_EDGE ( 'NONE', *, *, #3070, .T. ) ;
#3718 = CARTESIAN_POINT ( 'NONE',  ( -11.66659828334864457, -4.896733499129138245, 8.000000000000000000 ) ) ;
#3719 = ORIENTED_EDGE ( 'NONE', *, *, #8030, .T. ) ;
#3720 = CARTESIAN_POINT ( 'NONE',  ( -8.439220299577069540, 9.669723885496978255, 0.000000000000000000 ) ) ;
#3721 = CARTESIAN_POINT ( 'NONE',  ( 11.56976343863538759, -2.936066220363934054, 0.000000000000000000 ) ) ;
#3722 = CARTESIAN_POINT ( 'NONE',  ( 13.88348662765629093, 33.95783096938671974, 21.28337015438481927 ) ) ;
#3723 = CARTESIAN_POINT ( 'NONE',  ( -10.05932550694757133, -6.352286767647629340, 0.000000000000000000 ) ) ;
#3724 = CARTESIAN_POINT ( 'NONE',  ( 13.37787302532243849, 1.521639563755555313, 0.000000000000000000 ) ) ;
#3725 = CARTESIAN_POINT ( 'NONE',  ( -10.93483029503508597, 0.2416457505997258726, 0.000000000000000000 ) ) ;
#3726 = CARTESIAN_POINT ( 'NONE',  ( 0.9420826277741565224, -12.37227591337642352, 0.000000000000000000 ) ) ;
#3727 = CARTESIAN_POINT ( 'NONE',  ( -12.05320353502386155, 0.8231400688185195325, 8.000000000000000000 ) ) ;
#3728 = CARTESIAN_POINT ( 'NONE',  ( -12.04862852631976722, 6.625183064392203391, 8.000000000000000000 ) ) ;
#3729 = CARTESIAN_POINT ( 'NONE',  ( -11.05183112916331645, 4.404384806714092271, 0.000000000000000000 ) ) ;
#3730 = CARTESIAN_POINT ( 'NONE',  ( -3.177189042419317655, 54.29751361031517831, -13.61616680320316242 ) ) ;
#3731 = CARTESIAN_POINT ( 'NONE',  ( -12.30068812565076541, 0.9123192481542625742, 8.000000000000000000 ) ) ;
#3732 = ADVANCED_FACE ( 'NONE', ( #8052 ), #4972, .F. ) ;
#3733 = DIRECTION ( 'NONE',  ( 1.000000000000000000, 0.000000000000000000, 0.000000000000000000 ) ) ;
#3734 = CARTESIAN_POINT ( 'NONE',  ( 11.05183112916325605, 4.404384806714248590, 8.000000000000000000 ) ) ;
#3735 = LINE ( 'NONE', #1714, #3144 ) ;
#3736 = CARTESIAN_POINT ( 'NONE',  ( -5.916238915411988764, -9.442776183394473222, 8.000000000000000000 ) ) ;
#3737 = ORIENTED_EDGE ( 'NONE', *, *, #2812, .F. ) ;
#3738 = EDGE_CURVE ( 'NONE', #876, #6259, #3977, .T. ) ;
#3739 = LINE ( 'NONE', #1299, #7261 ) ;
#3740 = CARTESIAN_POINT ( 'NONE',  ( 4.404384806714210399, -11.05183112916327026, 8.000000000000000000 ) ) ;
#3741 = CARTESIAN_POINT ( 'NONE',  ( -4.404384806714049638, -11.05183112916333243, 0.000000000000000000 ) ) ;
#3742 = CARTESIAN_POINT ( 'NONE',  ( -1.600954125870927891, 13.48577048812304113, 8.000000000000000000 ) ) ;
#3743 = CARTESIAN_POINT ( 'NONE',  ( -8.181339682155909898, -9.539420412438971653, 0.000000000000000000 ) ) ;
#3744 = ORIENTED_EDGE ( 'NONE', *, *, #6182, .F. ) ;
#3745 = CARTESIAN_POINT ( 'NONE',  ( -8.544655887209446021, -7.152395453489273969, 0.000000000000000000 ) ) ;
#3746 = CARTESIAN_POINT ( 'NONE',  ( -2.933454507433566061, 11.98057174878963238, 8.000000000000000000 ) ) ;
#3747 = ORIENTED_EDGE ( 'NONE', *, *, #6881, .T. ) ;
#3748 = CARTESIAN_POINT ( 'NONE',  ( 13.16905850672523925, 1.377525651863871214, 8.000000000000000000 ) ) ;
#3749 = CARTESIAN_POINT ( 'NONE',  ( 9.801135538539572423, -8.743249532614775887, 8.000000000000000000 ) ) ;
#3750 = CARTESIAN_POINT ( 'NONE',  ( 12.43077374740204100, -5.836552422531194217, 0.000000000000000000 ) ) ;
#3751 = CARTESIAN_POINT ( 'NONE',  ( 11.87581303661966281, -5.115945187291530694, 8.000000000000000000 ) ) ;
#3752 = CARTESIAN_POINT ( 'NONE',  ( 11.90787246215812623, -2.937812879663733945, -5.204170427930421283E-15 ) ) ;
#3753 = CARTESIAN_POINT ( 'NONE',  ( 10.91417308631835681, 6.575057906251854156, 8.000000000000000000 ) ) ;
#3754 = VERTEX_POINT ( 'NONE', #306 ) ;
#3755 = CARTESIAN_POINT ( 'NONE',  ( 10.70664486910374968, -4.210990906299789671, 8.000000000000000000 ) ) ;
#3756 = ORIENTED_EDGE ( 'NONE', *, *, #5086, .T. ) ;
#3757 =( BOUNDED_CURVE ( )  B_SPLINE_CURVE ( 3, ( #4814, #2251, #7439, #5535 ),
 .UNSPECIFIED., .F., .F. ) 
 B_SPLINE_CURVE_WITH_KNOTS ( ( 4, 4 ),
 ( 3.688925840384900123, 4.712388980384689674 ),
 .UNSPECIFIED. ) 
 CURVE ( )  GEOMETRIC_REPRESENTATION_ITEM ( )  RATIONAL_B_SPLINE_CURVE ( ( 1.000000000000000000, 0.9145985910687406406, 0.9145985910687406406, 1.000000000000000000 ) ) 
 REPRESENTATION_ITEM ( '' )  );
#3758 = CARTESIAN_POINT ( 'NONE',  ( -7.313425558786540215, 8.881356617214120064, 0.000000000000000000 ) ) ;
#3759 = CARTESIAN_POINT ( 'NONE',  ( 13.19332579941580974, -2.686824890852600678, 8.000000000000000000 ) ) ;
#3760 = CARTESIAN_POINT ( 'NONE',  ( 13.82242800395155591, 34.21782286009903373, 21.29806334763138054 ) ) ;
#3761 = CARTESIAN_POINT ( 'NONE',  ( -10.56312374806390864, -6.510080463201399326, 8.000000000000000000 ) ) ;
#3762 = CARTESIAN_POINT ( 'NONE',  ( 11.87194576742585816, 0.7736152328234355835, 0.000000000000000000 ) ) ;
#3763 = CARTESIAN_POINT ( 'NONE',  ( -9.582420452220629770, 8.262247439007792238, 8.000000000000000000 ) ) ;
#3764 = CARTESIAN_POINT ( 'NONE',  ( 0.8231400688185612768, -12.05320353502385977, 0.000000000000000000 ) ) ;
#3765 = EDGE_CURVE ( 'NONE', #8069, #2052, #2823, .T. ) ;
#3766 = CARTESIAN_POINT ( 'NONE',  ( -12.02849558175090117, 6.626067776680113930, 8.000000000000000000 ) ) ;
#3767 = CARTESIAN_POINT ( 'NONE',  ( -11.47561408673061401, 4.719217338362181380, 8.000000000000000000 ) ) ;
#3768 = CARTESIAN_POINT ( 'NONE',  ( 7.717954754909771786, 33.46162622234856343, 26.69378740028920660 ) ) ;
#3769 = AXIS2_PLACEMENT_3D ( 'NONE', #5729, #7519, #7015 ) ;
#3770 = CARTESIAN_POINT ( 'NONE',  ( 9.149886257342810580, 7.604022508570474237, 0.000000000000000000 ) ) ;
#3771 = CARTESIAN_POINT ( 'NONE',  ( 4.645166053939900230, 32.41176688192004463, 19.47606544769819692 ) ) ;
#3772 = CARTESIAN_POINT ( 'NONE',  ( -11.98057174878964126, 2.933454507433523428, 8.000000000000000000 ) ) ;
#3773 = EDGE_CURVE ( 'NONE', #1932, #5514, #970, .T. ) ;
#3774 = ORIENTED_EDGE ( 'NONE', *, *, #5283, .T. ) ;
#3775 = VECTOR ( 'NONE', #3927, 1000.000000000000114 ) ;
#3776 = CARTESIAN_POINT ( 'NONE',  ( 13.06843834723479070, -1.312474532672950112, 8.000000000000000000 ) ) ;
#3777 = EDGE_LOOP ( 'NONE', ( #6729, #527, #7759, #3824 ) ) ;
#3778 = CARTESIAN_POINT ( 'NONE',  ( -1.668469543058222371, 13.57387004037415679, 8.000000000000000000 ) ) ;
#3779 = CARTESIAN_POINT ( 'NONE',  ( 6.473761040516524901, -10.41722559423728356, 0.000000000000000000 ) ) ;
#3780 = CARTESIAN_POINT ( 'NONE',  ( 0.000000000000000000, 0.000000000000000000, 0.000000000000000000 ) ) ;
#3781 = EDGE_CURVE ( 'NONE', #6795, #33, #5062, .T. ) ;
#3782 = CARTESIAN_POINT ( 'NONE',  ( -1.011712205768922734, 12.52642403931682580, 8.000000000000000000 ) ) ;
#3783 = CARTESIAN_POINT ( 'NONE',  ( -1.722120468130896143, -13.64173013562592907, 8.000000000000000000 ) ) ;
#3784 = ORIENTED_EDGE ( 'NONE', *, *, #4985, .T. ) ;
#3785 = CARTESIAN_POINT ( 'NONE',  ( -9.376012365377807356, -7.906868104074100678, 8.000000000000000000 ) ) ;
#3786 = FACE_OUTER_BOUND ( 'NONE', #6376, .T. ) ;
#3787 = ORIENTED_EDGE ( 'NONE', *, *, #8016, .F. ) ;
#3788 = CARTESIAN_POINT ( 'NONE',  ( -6.455308898419720443, -10.35164078446986302, 8.000000000000000000 ) ) ;
#3789 = CIRCLE ( 'NONE', #4451, 1.000000000000001776 ) ;
#3790 = CARTESIAN_POINT ( 'NONE',  ( 7.559843807302373264, 32.97501076185008628, -9.043598091517250026 ) ) ;
#3791 = CARTESIAN_POINT ( 'NONE',  ( 11.66361783702272881, 2.940710835118589106, 0.000000000000000000 ) ) ;
#3792 = CARTESIAN_POINT ( 'NONE',  ( -2.908682420983905281, 12.22597347346768615, 8.000000000000000000 ) ) ;
#3793 = CARTESIAN_POINT ( 'NONE',  ( 9.442776183394540723, 5.916238915412332489, 8.000000000000000000 ) ) ;
#3794 = ORIENTED_EDGE ( 'NONE', *, *, #7446, .T. ) ;
#3795 = CARTESIAN_POINT ( 'NONE',  ( 12.02324651265885258, -5.286606996006857351, 8.000000000000000000 ) ) ;
#3796 = ORIENTED_EDGE ( 'NONE', *, *, #7517, .F. ) ;
#3797 = CIRCLE ( 'NONE', #7649, 1.000000000000001776 ) ;
#3798 = CARTESIAN_POINT ( 'NONE',  ( -7.707558585906881810, 9.234787594130779098, 0.000000000000000000 ) ) ;
#3799 = CARTESIAN_POINT ( 'NONE',  ( 12.41180006574750827, -2.880586703536482052, 8.000000000000000000 ) ) ;
#3800 = CARTESIAN_POINT ( 'NONE',  ( 1.600954125870927891, -13.48577048812304113, 8.000000000000000000 ) ) ;
#3801 = CARTESIAN_POINT ( 'NONE',  ( -10.81899503309353072, -6.560248542580116471, 0.000000000000000000 ) ) ;
#3802 = CARTESIAN_POINT ( 'NONE',  ( 11.91079326901028246, 0.7828886122850723384, 0.000000000000000000 ) ) ;
#3803 = CARTESIAN_POINT ( 'NONE',  ( -9.497099640846695223, 8.105411651555796126, 0.000000000000000000 ) ) ;
#3804 = AXIS2_PLACEMENT_3D ( 'NONE', #791, #7746, #5799 ) ;
#3805 = CARTESIAN_POINT ( 'NONE',  ( 1.011712205768922734, -12.52642403931682580, 0.000000000000000000 ) ) ;
#3806 = EDGE_CURVE ( 'NONE', #4411, #499, #1430, .T. ) ;
#3807 = CARTESIAN_POINT ( 'NONE',  ( 10.93483029503508774, -0.2416457505996488786, 8.000000000000000000 ) ) ;
#3808 = CARTESIAN_POINT ( 'NONE',  ( 12.43077374740191665, 5.836552422531454454, 0.000000000000000000 ) ) ;
#3809 = CIRCLE ( 'NONE', #2366, 10.93750000000000178 ) ;
#3810 = CARTESIAN_POINT ( 'NONE',  ( 0.000000000000000000, 0.000000000000000000, 0.000000000000000000 ) ) ;
#3811 = CARTESIAN_POINT ( 'NONE',  ( 9.234787594130693833, 7.707558585906980397, 0.000000000000000000 ) ) ;
#3812 = CARTESIAN_POINT ( 'NONE',  ( -12.17545110014127197, -5.477724940116900143, 8.000000000000000000 ) ) ;
#3813 = CC_DESIGN_APPROVAL ( #1021, ( #3599 ) ) ;
#3814 = CARTESIAN_POINT ( 'NONE',  ( 11.08591166683797447, 4.425208852857910102, 8.000000000000000000 ) ) ;
#3815 = SECURITY_CLASSIFICATION_LEVEL ( 'unclassified' ) ;
#3816 = ORIENTED_EDGE ( 'NONE', *, *, #4492, .T. ) ;
#3817 = B_SPLINE_CURVE_WITH_KNOTS ( 'NONE', 3,
 ( #7247, #2186, #4714, #332, #5383, #2229, #5513, #7415, #4296, #7457, #3674, #1816, #4337, #1858, #1896, #6222, #1274, #6876, #4999, #1200, #1776, #6294, #8114, #7614, #544, #4920, #5635, #1931, #6836 ),
 .UNSPECIFIED., .F., .F.,
 ( 4, 1, 1, 1, 1, 1, 1, 1, 1, 1, 1, 1, 1, 1, 1, 1, 1, 1, 1, 1, 1, 1, 1, 1, 1, 1, 4 ),
 ( 0.000000000000000000, 0.1659160033276295687, 0.1709059215442318980, 0.1766635194393566533, 0.1831887970181514946, 0.1904817542841363842, 0.1985423912398269763, 0.2073707078870824505, 0.2169667042273148994, 0.2273303802616239988, 0.2384617359908808298, 0.2503607714157882747, 0.2630274865369212067, 0.2764618813547564669, 0.2906639558696927361, 0.3056337100820685215, 0.3213711439921715929, 0.3378762576002503071, 0.3551490509065193812, 0.3731895239111665541, 0.3919976766143570268, 0.4115735090162354615, 0.4319170211169303109, 0.4530282129165571492, 0.4749070844152180060, 0.4975536356130059734, 0.5074316978669453082 ),
 .UNSPECIFIED. ) ;
#3818 = DIRECTION ( 'NONE',  ( 0.7237771210982815173, 0.1939354950984070736, -0.6622202826217414851 ) ) ;
#3819 = CARTESIAN_POINT ( 'NONE',  ( -1.709570872969507604, 13.62596226217982753, 8.000000000000000000 ) ) ;
#3820 = CARTESIAN_POINT ( 'NONE',  ( 6.436913140481798301, -10.29093438073240740, 0.000000000000000000 ) ) ;
#3821 = CARTESIAN_POINT ( 'NONE',  ( 7.322947971109201148, 34.18477378720778859, -8.637240601531374296 ) ) ;
#3822 = CARTESIAN_POINT ( 'NONE',  ( 6.622827502596352112, -8.704427730807660524, 8.000000000000000000 ) ) ;
#3823 = CARTESIAN_POINT ( 'NONE',  ( -11.61432090236922221, 2.938739567862336255, 0.000000000000000000 ) ) ;
#3824 = ORIENTED_EDGE ( 'NONE', *, *, #5205, .T. ) ;
#3825 = DIRECTION ( 'NONE',  ( -0.000000000000000000, -0.000000000000000000, 1.000000000000000000 ) ) ;
#3826 = CARTESIAN_POINT ( 'NONE',  ( 11.11684438996311286, 0.7639867559472235392, 8.000000000000000000 ) ) ;
#3827 = DIRECTION ( 'NONE',  ( 0.000000000000000000, 0.000000000000000000, -1.000000000000000000 ) ) ;
#3828 = CIRCLE ( 'NONE', #275, 1.000000000000004219 ) ;
#3829 = ADVANCED_FACE ( 'NONE', ( #6972 ), #6369, .T. ) ;
#3830 = CIRCLE ( 'NONE', #802, 10.93750000000000178 ) ;
#3831 = CARTESIAN_POINT ( 'NONE',  ( 11.47561408673064420, -4.719217338362103220, 8.000000000000000000 ) ) ;
#3832 = ADVANCED_FACE ( 'NONE', ( #4596 ), #3931, .T. ) ;
#3833 = CARTESIAN_POINT ( 'NONE',  ( -10.93750000000000178, 0.000000000000000000, 8.000000000000000000 ) ) ;
#3834 = LINE ( 'NONE', #6997, #7790 ) ;
#3835 = VERTEX_POINT ( 'NONE', #1578 ) ;
#3836 = CARTESIAN_POINT ( 'NONE',  ( 12.25290083038842859, -5.581155335976815124, 0.000000000000000000 ) ) ;
#3837 = ORIENTED_EDGE ( 'NONE', *, *, #6650, .F. ) ;
#3838 = B_SPLINE_SURFACE_WITH_KNOTS ( 'NONE', 3, 1, ( 
 ( #2027, #754 ),
 ( #7129, #215 ),
 ( #3310, #5137 ),
 ( #3890, #5809 ),
 ( #129, #2648 ),
 ( #7013, #7714 ),
 ( #4550, #5180 ),
 ( #4595, #3975 ),
 ( #3852, #7087 ),
 ( #1948, #4513 ),
 ( #2571, #7173 ),
 ( #5264, #7800 ),
 ( #6507, #3352 ),
 ( #5766, #3393 ),
 ( #837, #173 ),
 ( #6466, #6550 ),
 ( #2107, #2688 ),
 ( #89, #798 ),
 ( #7676, #4018 ),
 ( #880, #5219 ),
 ( #5936, #2608 ),
 ( #5097, #7631 ),
 ( #4476, #1657 ),
 ( #6592, #1616 ),
 ( #2278, #7213 ),
 ( #4138, #4842 ),
 ( #3437, #298 ),
 ( #1085, #4763 ),
 ( #7375, #4221 ) ),
 .UNSPECIFIED., .F., .F., .F.,
 ( 4, 1, 1, 1, 1, 1, 1, 1, 1, 1, 1, 1, 1, 1, 1, 1, 1, 1, 1, 1, 1, 1, 1, 1, 1, 1, 4 ),
 ( 2, 2 ),
 ( 0.000000000000000000, 0.1659160033276295965, 0.1709059215442318702, 0.1766635194393565977, 0.1831887970181514669, 0.1904817542841364120, 0.1985423912398269763, 0.2073707078870824227, 0.2169667042273148716, 0.2273303802616240543, 0.2384617359908808021, 0.2503607714157882191, 0.2630274865369212067, 0.2764618813547564669, 0.2906639558696927361, 0.3056337100820685215, 0.3213711439921715929, 0.3378762576002502516, 0.3551490509065193812, 0.3731895239111665541, 0.3919976766143570268, 0.4115735090162354615, 0.4319170211169303109, 0.4530282129165571492, 0.4749070844152180060, 0.4975536356130058624, 0.5074316978669448641 ),
 ( 0.000000000000000000, 1.000000000000000000 ),
 .UNSPECIFIED. ) ;
#3839 = CARTESIAN_POINT ( 'NONE',  ( -12.16898868378441456, -0.8620871873792715911, -5.204170427930421283E-15 ) ) ;
#3840 = CARTESIAN_POINT ( 'NONE',  ( 10.47431425022862150, -3.149229626028823503, 0.000000000000000000 ) ) ;
#3841 = CARTESIAN_POINT ( 'NONE',  ( 0.7941151212463513076, -11.95399604505280600, 8.000000000000000000 ) ) ;
#3842 = CARTESIAN_POINT ( 'NONE',  ( -10.41722559423731020, -6.473761040516483156, 8.000000000000000000 ) ) ;
#3843 = CARTESIAN_POINT ( 'NONE',  ( 12.69447357664506271, 1.095856395948533901, 0.000000000000000000 ) ) ;
#3844 = CARTESIAN_POINT ( 'NONE',  ( 11.71732392095630715, -6.632284204934304483, 8.000000000000000000 ) ) ;
#3845 = B_SPLINE_SURFACE_WITH_KNOTS ( 'NONE', 3, 1, ( 
 ( #8026, #1851 ),
 ( #6783, #1109 ),
 ( #7536, #8147 ),
 ( #3626, #7984 ),
 ( #6868, #2300 ),
 ( #3710, #6252 ),
 ( #8070, #448 ),
 ( #7451, #4374 ),
 ( #2388, #6829 ),
 ( #3537, #6086 ),
 ( #1070, #1152 ),
 ( #4825, #7360 ),
 ( #1682, #4201 ),
 ( #6739, #3581 ),
 ( #6289, #2549 ),
 ( #692, #5156 ),
 ( #1269, #7028 ),
 ( #5741, #5075 ),
 ( #3788, #7610 ),
 ( #650, #1890 ),
 ( #775, #28 ),
 ( #4491, #8189 ),
 ( #6404, #6442 ),
 ( #5113, #2628 ),
 ( #1927, #5035 ),
 ( #7652, #6952 ),
 ( #1310, #5785 ),
 ( #1970, #4450 ),
 ( #7694, #612 ) ),
 .UNSPECIFIED., .F., .F., .F.,
 ( 4, 1, 1, 1, 1, 1, 1, 1, 1, 1, 1, 1, 1, 1, 1, 1, 1, 1, 1, 1, 1, 1, 1, 1, 1, 1, 4 ),
 ( 2, 2 ),
 ( 0.4925683021194534605, 0.5024463643869940821, 0.5250929155847819940, 0.5469717870834428508, 0.5680829788830696891, 0.5884264909837645385, 0.6080023233856429732, 0.6268104760888334459, 0.6448509490934806188, 0.6621237423997496929, 0.6786288560078284071, 0.6943662899179314785, 0.7093360441303072639, 0.7235381186452435331, 0.7369725134630787933, 0.7496392285842117253, 0.7615382640091191702, 0.7726696197383760012, 0.7830332957726851006, 0.7926292921129175495, 0.8014576087601730237, 0.8095182457158636158, 0.8168112029818485054, 0.8233364805606433467, 0.8290940784557681020, 0.8340839966723704313, 1.000000000000000000 ),
 ( 0.000000000000000000, 1.000000000000000000 ),
 .UNSPECIFIED. ) ;
#3846 = CARTESIAN_POINT ( 'NONE',  ( 0.9123192481543054289, -12.30068812565076364, 8.000000000000000000 ) ) ;
#3847 = CARTESIAN_POINT ( 'NONE',  ( -4.668788839230776588, -11.41672744483955171, 0.000000000000000000 ) ) ;
#3848 = CARTESIAN_POINT ( 'NONE',  ( -5.853360337646424938, 12.44189184801361847, 8.000000000000000000 ) ) ;
#3849 = DIRECTION ( 'NONE',  ( 0.000000000000000000, 0.000000000000000000, 1.000000000000000000 ) ) ;
#3850 = CARTESIAN_POINT ( 'NONE',  ( 9.497099640846577984, 8.105411651555929353, 0.000000000000000000 ) ) ;
#3851 = EDGE_CURVE ( 'NONE', #3517, #2070, #2884, .T. ) ;
#3852 = CARTESIAN_POINT ( 'NONE',  ( -11.71764203423210837, -2.941792002709081366, 8.000000000000000000 ) ) ;
#3853 = CARTESIAN_POINT ( 'NONE',  ( -13.16905850672525702, 1.377525651863687584, 8.000000000000000000 ) ) ;
#3854 = CARTESIAN_POINT ( 'NONE',  ( -11.61432090236922221, 2.938739567862336255, 8.000000000000000000 ) ) ;
#3855 = PERSON_AND_ORGANIZATION ( #316, #4205 ) ;
#3856 = ORIENTED_EDGE ( 'NONE', *, *, #7382, .F. ) ;
#3857 = CARTESIAN_POINT ( 'NONE',  ( 13.57387004037417455, -1.668469543058079596, 8.000000000000000000 ) ) ;
#3858 = ADVANCED_FACE ( 'NONE', ( #5390 ), #6942, .F. ) ;
#3859 = CARTESIAN_POINT ( 'NONE',  ( -1.521639563755415203, 13.37787302532245448, 8.000000000000000000 ) ) ;
#3860 = CARTESIAN_POINT ( 'NONE',  ( 6.352286767647669308, -10.05932550694754823, 0.000000000000000000 ) ) ;
#3861 = PLANE ( 'NONE',  #1423 ) ;
#3862 = CARTESIAN_POINT ( 'NONE',  ( -6.628700411335394449, -11.96219333340846802, 0.000000000000000000 ) ) ;
#3863 = CARTESIAN_POINT ( 'NONE',  ( -12.31670401296926443, 2.895913797652461596, 0.000000000000000000 ) ) ;
#3864 = ORIENTED_EDGE ( 'NONE', *, *, #6909, .F. ) ;
#3865 = CARTESIAN_POINT ( 'NONE',  ( -10.64346975476066604, 6.527568552596115126, 8.000000000000000000 ) ) ;
#3866 = CARTESIAN_POINT ( 'NONE',  ( 12.23289380645679536, 0.8857088747962953423, 0.000000000000000000 ) ) ;
#3867 = EDGE_CURVE ( 'NONE', #5375, #3440, #5482, .T. ) ;
#3868 = CARTESIAN_POINT ( 'NONE',  ( 6.521356963488300629, 29.77887689907043622, -9.043598091517251802 ) ) ;
#3869 = CARTESIAN_POINT ( 'NONE',  ( 7.951231262008788825, 34.85409672742413534, -18.71645303348956091 ) ) ;
#3870 = DIRECTION ( 'NONE',  ( 0.6396556736767859963, 0.1713952211956810967, 0.7493092133988348280 ) ) ;
#3871 = CARTESIAN_POINT ( 'NONE',  ( 1.011712205768922734, -12.52642403931682580, 0.000000000000000000 ) ) ;
#3872 = ORIENTED_EDGE ( 'NONE', *, *, #495, .T. ) ;
#3873 = CARTESIAN_POINT ( 'NONE',  ( 11.66659828334871207, -4.896733499128975708, 0.000000000000000000 ) ) ;
#3874 = EDGE_LOOP ( 'NONE', ( #6961, #5529, #803, #2396 ) ) ;
#3875 = CARTESIAN_POINT ( 'NONE',  ( -11.48389212362418199, -0.6963551242058048096, 8.000000000000000000 ) ) ;
#3876 = CARTESIAN_POINT ( 'NONE',  ( 12.05785317090587050, -2.927269694295950853, 8.000000000000000000 ) ) ;
#3877 = CARTESIAN_POINT ( 'NONE',  ( 2.927269694296160907, -12.05785317090582076, 0.000000000000000000 ) ) ;
#3878 = CARTESIAN_POINT ( 'NONE',  ( -9.442776183394581579, -5.916238915412262322, 0.000000000000000000 ) ) ;
#3879 = CARTESIAN_POINT ( 'NONE',  ( -13.50622083004039986, 2.577692551524081832, 8.000000000000000000 ) ) ;
#3880 = CARTESIAN_POINT ( 'NONE',  ( 7.798144649837058573, 9.301941798724888244, 8.000000000000000000 ) ) ;
#3881 = CARTESIAN_POINT ( 'NONE',  ( -4.476617511824047213, 11.16457150618548866, 8.000000000000000000 ) ) ;
#3882 = ADVANCED_FACE ( 'NONE', ( #4222 ), #465, .T. ) ;
#3883 = DIRECTION ( 'NONE',  ( -1.000000000000000000, 0.000000000000000000, 0.000000000000000000 ) ) ;
#3885 = CARTESIAN_POINT ( 'NONE',  ( -4.719217338362137859, -11.47561408673062822, 0.000000000000000000 ) ) ;
#3884 = VECTOR ( 'NONE', #3607, 1000.000000000000114 ) ;
#3886 = CARTESIAN_POINT ( 'NONE',  ( -5.836552422531321227, 12.43077374740197882, 8.000000000000000000 ) ) ;
#3887 = B_SPLINE_CURVE_WITH_KNOTS ( 'NONE', 3,
 ( #7713, #3929, #1990, #6465, #6312, #2494, #4396, #88, #5018, #7047, #3190, #7559, #633, #5727, #2570, #5096, #4475, #7012, #4720, #7296, #1492, #2192, #3511, #2731, #2152, #836, #2856, #4136, #172 ),
 .UNSPECIFIED., .F., .F.,
 ( 4, 1, 1, 1, 1, 1, 1, 1, 1, 1, 1, 1, 1, 1, 1, 1, 1, 1, 1, 1, 1, 1, 1, 1, 1, 1, 4 ),
 ( 0.000000000000000000, 0.1659160033276295687, 0.1709059215442318980, 0.1766635194393566533, 0.1831887970181514946, 0.1904817542841363842, 0.1985423912398269763, 0.2073707078870824505, 0.2169667042273148994, 0.2273303802616239988, 0.2384617359908808298, 0.2503607714157882747, 0.2630274865369212067, 0.2764618813547564669, 0.2906639558696927361, 0.3056337100820685215, 0.3213711439921715929, 0.3378762576002503071, 0.3551490509065193812, 0.3731895239111665541, 0.3919976766143570268, 0.4115735090162354615, 0.4319170211169303109, 0.4530282129165571492, 0.4749070844152180060, 0.4975536356130059734, 0.5074316978669447531 ),
 .UNSPECIFIED. ) ;
#3888 = CARTESIAN_POINT ( 'NONE',  ( 2.962264536897112777, 42.48398489353029106, -16.15497710174618362 ) ) ;
#3889 = CARTESIAN_POINT ( 'NONE',  ( 9.539420412438825991, 8.181339682156078652, 8.000000000000000000 ) ) ;
#3890 = CARTESIAN_POINT ( 'NONE',  ( -11.49488719732983810, -2.929367628693812176, 8.000000000000000000 ) ) ;
#3891 = CARTESIAN_POINT ( 'NONE',  ( -12.78342018721907714, 1.143751547996426421, 8.000000000000000000 ) ) ;
#3892 = CARTESIAN_POINT ( 'NONE',  ( -7.798144649837195352, 9.301941798724778110, 0.000000000000000000 ) ) ;
#3893 = EDGE_LOOP ( 'NONE', ( #8138, #2693, #3419, #5814 ) ) ;
#3894 = CARTESIAN_POINT ( 'NONE',  ( 6.418760976341437718, -10.23507608951699943, 0.000000000000000000 ) ) ;
#3895 = CARTESIAN_POINT ( 'NONE',  ( 9.455639197970663545, 8.034402175150866299, 0.000000000000000000 ) ) ;
#3896 = CARTESIAN_POINT ( 'NONE',  ( 10.01877448793502978, -9.392211555323736860, -5.204170427930421283E-15 ) ) ;
#3897 = CARTESIAN_POINT ( 'NONE',  ( 0.000000000000000000, 0.000000000000000000, 8.000000000000000000 ) ) ;
#3898 = CARTESIAN_POINT ( 'NONE',  ( 3.608867157514880297, -10.32496896312093071, 8.000000000000000000 ) ) ;
#3899 = DIRECTION ( 'NONE',  ( -0.7423636110990704529, 0.000000000000000000, 0.6699972156031307469 ) ) ;
#3900 = CARTESIAN_POINT ( 'NONE',  ( -0.6963551242057646196, 11.48389212362418377, 0.000000000000000000 ) ) ;
#3901 = AXIS2_PLACEMENT_3D ( 'NONE', #7225, #1418, #3447 ) ;
#3902 = CARTESIAN_POINT ( 'NONE',  ( -1.195724957047537451, -12.87548337994386038, 8.000000000000000000 ) ) ;
#3903 = ORIENTED_EDGE ( 'NONE', *, *, #2103, .T. ) ;
#3904 = B_SPLINE_SURFACE_WITH_KNOTS ( 'NONE', 3, 1, ( 
 ( #7749, #1445 ),
 ( #84, #2603 ),
 ( #4587, #5130 ),
 ( #7122, #3970 ),
 ( #7791, #7043 ),
 ( #6502, #3346 ),
 ( #2100, #5885 ),
 ( #4632, #7167 ),
 ( #1486, #6665 ),
 ( #2931, #6094 ),
 ( #2354, #1609 ),
 ( #5467, #7914 ),
 ( #5342, #7875 ),
 ( #3431, #6050 ),
 ( #6007, #2850 ),
 ( #4212, #3546 ),
 ( #7993, #293 ),
 ( #4094, #918 ),
 ( #416, #2891 ),
 ( #6135, #2309 ),
 ( #993, #7956 ),
 ( #456, #1737 ),
 ( #4254, #4131 ),
 ( #8035, #4756 ),
 ( #4835, #6747 ),
 ( #1651, #3467 ),
 ( #3503, #7331 ),
 ( #373, #7368 ),
 ( #1078, #4878 ) ),
 .UNSPECIFIED., .F., .F., .F.,
 ( 4, 1, 1, 1, 1, 1, 1, 1, 1, 1, 1, 1, 1, 1, 1, 1, 1, 1, 1, 1, 1, 1, 1, 1, 1, 1, 4 ),
 ( 2, 2 ),
 ( 0.000000000000000000, 0.1659160033276295965, 0.1709059215442318702, 0.1766635194393565977, 0.1831887970181514669, 0.1904817542841364120, 0.1985423912398269763, 0.2073707078870824227, 0.2169667042273148716, 0.2273303802616240543, 0.2384617359908808021, 0.2503607714157882191, 0.2630274865369212067, 0.2764618813547564669, 0.2906639558696927361, 0.3056337100820685215, 0.3213711439921715929, 0.3378762576002502516, 0.3551490509065193812, 0.3731895239111665541, 0.3919976766143570268, 0.4115735090162354615, 0.4319170211169303109, 0.4530282129165571492, 0.4749070844152180060, 0.4975536356130058624, 0.5074316978669447531 ),
 ( 0.000000000000000000, 1.000000000000000000 ),
 .UNSPECIFIED. ) ;
#3905 = CARTESIAN_POINT ( 'NONE',  ( -10.02706299306008830, 6.338109664291194711, 8.000000000000000000 ) ) ;
#3906 = CARTESIAN_POINT ( 'NONE',  ( 12.37227591337641286, 0.9420826277742860855, 0.000000000000000000 ) ) ;
#3907 = CARTESIAN_POINT ( 'NONE',  ( 12.00148937107101865, 0.8074739252557537883, 8.000000000000000000 ) ) ;
#3908 = B_SPLINE_CURVE_WITH_KNOTS ( 'NONE', 3,
 ( #4302, #4220, #2362, #6227, #7336, #6056, #1822, #549, #3063, #1084, #6142, #2981, #2402, #8121, #8082, #463, #4346, #4801, #5520, #421, #381, #8042, #7425, #6883, #1205, #2897, #7961, #4884, #3641 ),
 .UNSPECIFIED., .F., .F.,
 ( 4, 1, 1, 1, 1, 1, 1, 1, 1, 1, 1, 1, 1, 1, 1, 1, 1, 1, 1, 1, 1, 1, 1, 1, 1, 1, 4 ),
 ( 0.000000000000000000, 0.1659160033276295687, 0.1709059215442318980, 0.1766635194393566533, 0.1831887970181514946, 0.1904817542841363842, 0.1985423912398269763, 0.2073707078870824505, 0.2169667042273148994, 0.2273303802616239988, 0.2384617359908808298, 0.2503607714157882747, 0.2630274865369212067, 0.2764618813547564669, 0.2906639558696927361, 0.3056337100820685215, 0.3213711439921715929, 0.3378762576002503071, 0.3551490509065193812, 0.3731895239111665541, 0.3919976766143570268, 0.4115735090162354615, 0.4319170211169303109, 0.4530282129165571492, 0.4749070844152180060, 0.4975536356130058624, 0.5074316978669456413 ),
 .UNSPECIFIED. ) ;
#3909 = B_SPLINE_SURFACE_WITH_KNOTS ( 'NONE', 3, 1, ( 
 ( #4482, #2459 ),
 ( #2500, #599 ),
 ( #6393, #3234 ),
 ( #1257, #6940 ),
 ( #5773, #95 ),
 ( #2615, #7563 ),
 ( #7053, #1996 ),
 ( #4517, #6431 ),
 ( #1371, #3894 ),
 ( #4685, #4024 ),
 ( #7888, #6557 ),
 ( #5185, #265 ),
 ( #3479, #7219 ),
 ( #7807, #5271 ),
 ( #6513, #1498 ),
 ( #6599, #1459 ),
 ( #929, #1582 ),
 ( #2118, #4064 ),
 ( #5315, #3359 ),
 ( #3983, #3317 ),
 ( #1540, #5225 ),
 ( #136, #3399 ),
 ( #2035, #6639 ),
 ( #3442, #7095 ),
 ( #845, #5982 ),
 ( #305, #7848 ),
 ( #5941, #886 ),
 ( #5898, #2739 ),
 ( #221, #805 ) ),
 .UNSPECIFIED., .F., .F., .F.,
 ( 4, 1, 1, 1, 1, 1, 1, 1, 1, 1, 1, 1, 1, 1, 1, 1, 1, 1, 1, 1, 1, 1, 1, 1, 1, 1, 4 ),
 ( 2, 2 ),
 ( 0.000000000000000000, 0.1659160033276295965, 0.1709059215442318702, 0.1766635194393565977, 0.1831887970181514669, 0.1904817542841364120, 0.1985423912398269763, 0.2073707078870824227, 0.2169667042273148716, 0.2273303802616240543, 0.2384617359908808021, 0.2503607714157882191, 0.2630274865369212067, 0.2764618813547564669, 0.2906639558696927361, 0.3056337100820685215, 0.3213711439921715929, 0.3378762576002502516, 0.3551490509065193812, 0.3731895239111665541, 0.3919976766143570268, 0.4115735090162354615, 0.4319170211169303109, 0.4530282129165571492, 0.4749070844152180060, 0.4975536356130058624, 0.5074316978669448641 ),
 ( 0.000000000000000000, 1.000000000000000000 ),
 .UNSPECIFIED. ) ;
#3910 = DIRECTION ( 'NONE',  ( -0.5877852522924653655, -0.8090169943749530024, 0.000000000000000000 ) ) ;
#3911 = DIRECTION ( 'NONE',  ( 0.7605637668489719783, 0.000000000000000000, -0.6492632413409085146 ) ) ;
#3912 = CARTESIAN_POINT ( 'NONE',  ( 5.115945187291737639, -11.87581303661957399, 0.000000000000000000 ) ) ;
#3913 = ORIENTED_EDGE ( 'NONE', *, *, #3707, .T. ) ;
#3914 = CARTESIAN_POINT ( 'NONE',  ( 11.36047427339668481, -4.622531273494424831, 0.000000000000000000 ) ) ;
#3915 = VERTEX_POINT ( 'NONE', #1658 ) ;
#3916 = CARTESIAN_POINT ( 'NONE',  ( -12.78342018721906648, -1.143751547996515683, -5.204170427930421283E-15 ) ) ;
#3917 = EDGE_CURVE ( 'NONE', #4399, #1728, #5758, .T. ) ;
#3918 = CARTESIAN_POINT ( 'NONE',  ( -12.31670401296924489, -2.895913797652550858, 8.000000000000000000 ) ) ;
#3919 = CARTESIAN_POINT ( 'NONE',  ( 2.919073574173182362, -12.13967088095516367, 0.000000000000000000 ) ) ;
#3920 = CARTESIAN_POINT ( 'NONE',  ( -11.58812316373720819, -6.630420918280161224, 0.000000000000000000 ) ) ;
#3921 = CARTESIAN_POINT ( 'NONE',  ( 7.799976462038208602, 35.52862216845653620, 26.69378740028920660 ) ) ;
#3922 = CARTESIAN_POINT ( 'NONE',  ( 9.699971161947072318, -6.186699299581352562, 8.000000000000000000 ) ) ;
#3923 = CARTESIAN_POINT ( 'NONE',  ( 13.87902909598010304, 33.97641218750951708, -13.28426016496259798 ) ) ;
#3924 = FACE_OUTER_BOUND ( 'NONE', #7414, .T. ) ;
#3925 = CARTESIAN_POINT ( 'NONE',  ( -4.161888422927061626, -10.33666240664887681, 0.000000000000000000 ) ) ;
#3926 = EDGE_CURVE ( 'NONE', #902, #3478, #1719, .T. ) ;
#3927 = DIRECTION ( 'NONE',  ( -0.3090169943749485615, -0.9510565162951531981, 0.000000000000000000 ) ) ;
#3928 = DIRECTION ( 'NONE',  ( 0.000000000000000000, 0.000000000000000000, -1.000000000000000000 ) ) ;
#3929 = CARTESIAN_POINT ( 'NONE',  ( 9.442776183394496314, -5.916238915411951460, 0.000000000000000000 ) ) ;
#3930 = CARTESIAN_POINT ( 'NONE',  ( -9.886832010614797994, 8.972047302895393983, 0.000000000000000000 ) ) ;
#3931 = CYLINDRICAL_SURFACE ( 'NONE', #6460, 13.75000000000000000 ) ;
#3932 = VECTOR ( 'NONE', #6416, 1000.000000000000000 ) ;
#3933 = CIRCLE ( 'NONE', #1425, 10.93750000000000178 ) ;
#3934 = CARTESIAN_POINT ( 'NONE',  ( 8.704427730807781316, -6.622827502596191351, 0.000000000000000000 ) ) ;
#3935 = CARTESIAN_POINT ( 'NONE',  ( -8.855020039375045116, 9.844302869038607184, 8.000000000000000000 ) ) ;
#3936 = ADVANCED_FACE ( 'NONE', ( #1359 ), #7025, .T. ) ;
#3937 = ORIENTED_EDGE ( 'NONE', *, *, #7284, .F. ) ;
#3938 = VERTEX_POINT ( 'NONE', #7831 ) ;
#3939 = CARTESIAN_POINT ( 'NONE',  ( 13.27225220462995559, 1.447204694645935374, 8.000000000000000000 ) ) ;
#3940 = CARTESIAN_POINT ( 'NONE',  ( 9.928529331195759866, 9.094348737717362852, 0.000000000000000000 ) ) ;
#3941 = AXIS2_PLACEMENT_3D ( 'NONE', #7843, #7254, #5891 ) ;
#3942 = CARTESIAN_POINT ( 'NONE',  ( 10.81899503309348276, 6.560248542580196407, 8.000000000000000000 ) ) ;
#3943 = CYLINDRICAL_SURFACE ( 'NONE', #3550, 10.93750000000000178 ) ;
#3944 = DIRECTION ( 'NONE',  ( -0.7237771210982815173, -0.1939354950984071013, 0.6622202826217414851 ) ) ;
#3945 = CARTESIAN_POINT ( 'NONE',  ( 8.595495479404387851, 53.71556682173718400, 22.19099164525366774 ) ) ;
#3946 = CARTESIAN_POINT ( 'NONE',  ( 5.853360337646514644, -12.44189184801357584, 0.000000000000000000 ) ) ;
#3947 = DIRECTION ( 'NONE',  ( 0.000000000000000000, 0.000000000000000000, 1.000000000000000000 ) ) ;
#3948 = CARTESIAN_POINT ( 'NONE',  ( -1.251919511749373326, -12.97053397611294656, 8.000000000000000000 ) ) ;
#3949 = VERTEX_POINT ( 'NONE', #2018 ) ;
#3950 = CARTESIAN_POINT ( 'NONE',  ( -8.988499347771103487, 6.231836464888859339, 8.000000000000000000 ) ) ;
#3951 = CARTESIAN_POINT ( 'NONE',  ( -2.908682420983905281, 12.22597347346768615, 8.000000000000000000 ) ) ;
#3952 = CARTESIAN_POINT ( 'NONE',  ( 0.000000000000000000, 0.000000000000000000, 0.000000000000000000 ) ) ;
#3953 = AXIS2_PLACEMENT_3D ( 'NONE', #6024, #1543, #6069 ) ;
#3954 = EDGE_CURVE ( 'NONE', #7035, #2801, #6538, .T. ) ;
#3955 = CARTESIAN_POINT ( 'NONE',  ( -5.916238915412231236, 9.442776183394606448, 0.000000000000000000 ) ) ;
#3956 = CARTESIAN_POINT ( 'NONE',  ( 11.11931436071742851, -6.600657436018027902, 0.000000000000000000 ) ) ;
#3957 = CARTESIAN_POINT ( 'NONE',  ( 5.379567626064898356, -12.09884006967981307, 8.000000000000000000 ) ) ;
#3958 = ORIENTED_EDGE ( 'NONE', *, *, #3418, .T. ) ;
#3959 = CARTESIAN_POINT ( 'NONE',  ( 0.000000000000000000, 0.000000000000000000, 8.000000000000000000 ) ) ;
#3960 = ORIENTED_EDGE ( 'NONE', *, *, #3954, .F. ) ;
#3961 = CARTESIAN_POINT ( 'NONE',  ( -12.87548337994385683, -1.195724957047582082, -5.204170427930421283E-15 ) ) ;
#3962 = VECTOR ( 'NONE', #6825, 1000.000000000000000 ) ;
#3963 = EDGE_CURVE ( 'NONE', #7271, #5101, #870, .T. ) ;
#3964 = CARTESIAN_POINT ( 'NONE',  ( -10.80883218877889895, -2.708699257713867770, 8.000000000000000000 ) ) ;
#3965 = CARTESIAN_POINT ( 'NONE',  ( 2.940530670474323927, -11.83979557596821230, 0.000000000000000000 ) ) ;
#3966 = CARTESIAN_POINT ( 'NONE',  ( 7.559843804774697418, 32.97501076117278984, 17.04359809359991118 ) ) ;
#3967 = CARTESIAN_POINT ( 'NONE',  ( 0.000000000000000000, 0.000000000000000000, 8.000000000000000000 ) ) ;
#3968 = CARTESIAN_POINT ( 'NONE',  ( 7.668835209822888466, 9.204216794247676248, 8.000000000000000000 ) ) ;
#3969 = DIRECTION ( 'NONE',  ( 0.6750363312718933306, 0.000000000000000000, 0.7377844884944265713 ) ) ;
#3970 = CARTESIAN_POINT ( 'NONE',  ( 11.49488719732981679, 2.929367628693892112, -5.204170427930421283E-15 ) ) ;
#3971 = CARTESIAN_POINT ( 'NONE',  ( 11.95399604505281488, -0.7941151212462261855, -5.204170427930421283E-15 ) ) ;
#3972 = DIRECTION ( 'NONE',  ( 0.7237771210982810732, 0.1939354950984079062, 0.6622202826217419291 ) ) ;
#3973 = PLANE ( 'NONE',  #3279 ) ;
#3974 = PLANE ( 'NONE',  #7017 ) ;
#3975 = CARTESIAN_POINT ( 'NONE',  ( -11.66361783702275012, -2.940710835118507394, 0.000000000000000000 ) ) ;
#3977 = B_SPLINE_CURVE_WITH_KNOTS ( 'NONE', 3,
 ( #7385, #5442, #6640, #930 ),
 .UNSPECIFIED., .F., .F.,
 ( 4, 4 ),
 ( 2.860979249076398407E-17, 8.165005101500571593E-05 ),
 .UNSPECIFIED. ) ;
#3976 = CARTESIAN_POINT ( 'NONE',  ( 10.12772012609157457, 37.15702966918461669, -11.71143058272493320 ) ) ;
#3978 = CARTESIAN_POINT ( 'NONE',  ( -11.41672744483950375, -4.668788839230902710, 8.000000000000000000 ) ) ;
#3979 = CARTESIAN_POINT ( 'NONE',  ( -9.221936103764075909, 9.969200282347939535, 0.000000000000000000 ) ) ;
#3980 = VERTEX_POINT ( 'NONE', #1565 ) ;
#3981 = EDGE_LOOP ( 'NONE', ( #35, #1392, #2428, #4160 ) ) ;
#3982 = B_SPLINE_SURFACE_WITH_KNOTS ( 'NONE', 3, 1, ( 
 ( #1395, #788 ),
 ( #2719, #5839 ),
 ( #2055, #5251 ),
 ( #910, #2094 ),
 ( #4626, #7161 ),
 ( #1480, #4005 ),
 ( #6536, #5336 ),
 ( #868, #287 ),
 ( #3381, #5923 ),
 ( #2764, #5296 ),
 ( #7869, #951 ),
 ( #2140, #4667 ),
 ( #4046, #3423 ),
 ( #2803, #2180 ),
 ( #7240, #1563 ),
 ( #4088, #6619 ),
 ( #3461, #3583 ),
 ( #539, #4206 ),
 ( #1154, #7324 ),
 ( #5461, #2302 ),
 ( #4248, #6741 ),
 ( #1072, #3540 ),
 ( #2391, #4872 ),
 ( #492, #7986 ),
 ( #1602, #5591 ),
 ( #1645, #6129 ),
 ( #4788, #410 ),
 ( #3497, #3012 ),
 ( #6217, #5505 ) ),
 .UNSPECIFIED., .F., .F., .F.,
 ( 4, 1, 1, 1, 1, 1, 1, 1, 1, 1, 1, 1, 1, 1, 1, 1, 1, 1, 1, 1, 1, 1, 1, 1, 1, 1, 4 ),
 ( 2, 2 ),
 ( 0.000000000000000000, 0.1659160033276295965, 0.1709059215442318702, 0.1766635194393565977, 0.1831887970181514669, 0.1904817542841364120, 0.1985423912398269763, 0.2073707078870824227, 0.2169667042273148716, 0.2273303802616240543, 0.2384617359908808021, 0.2503607714157882191, 0.2630274865369212067, 0.2764618813547564669, 0.2906639558696927361, 0.3056337100820685215, 0.3213711439921715929, 0.3378762576002502516, 0.3551490509065193812, 0.3731895239111665541, 0.3919976766143570268, 0.4115735090162354615, 0.4319170211169303109, 0.4530282129165571492, 0.4749070844152180060, 0.4975536356130058624, 0.5074316978669450862 ),
 ( 0.000000000000000000, 1.000000000000000000 ),
 .UNSPECIFIED. ) ;
#3983 = CARTESIAN_POINT ( 'NONE',  ( 6.600657436018233071, -11.11931436071730772, 8.000000000000000000 ) ) ;
#3984 = CARTESIAN_POINT ( 'NONE',  ( 9.497099640846577984, 8.105411651555929353, 0.000000000000000000 ) ) ;
#3985 = CARTESIAN_POINT ( 'NONE',  ( 9.928529331195960594, -9.094348737717146136, -5.204170427930421283E-15 ) ) ;
#3986 = EDGE_CURVE ( 'NONE', #2540, #3949, #2679, .T. ) ;
#3987 = CARTESIAN_POINT ( 'NONE',  ( 0.000000000000000000, 0.000000000000000000, 8.000000000000000000 ) ) ;
#3988 = CARTESIAN_POINT ( 'NONE',  ( 11.66659828334871207, -4.896733499128975708, 0.000000000000000000 ) ) ;
#3989 = CARTESIAN_POINT ( 'NONE',  ( 9.094348737717329101, -9.928529331195791841, 8.000000000000000000 ) ) ;
#3990 = CARTESIAN_POINT ( 'NONE',  ( -12.97053397611295189, 1.251919511749328029, 0.000000000000000000 ) ) ;
#3991 = DIRECTION ( 'NONE',  ( 0.7605637668489728664, 0.000000000000000000, 0.6492632413409072933 ) ) ;
#3992 = DIRECTION ( 'NONE',  ( -3.491481338843133355E-15, 1.000000000000000000, 0.000000000000000000 ) ) ;
#3993 = ORIENTED_EDGE ( 'NONE', *, *, #2112, .T. ) ;
#3994 = EDGE_CURVE ( 'NONE', #4894, #3477, #6077, .T. ) ;
#3995 = LINE ( 'NONE', #7607, #1702 ) ;
#3996 = CARTESIAN_POINT ( 'NONE',  ( -2.862521721341762859, 12.51119373526727685, 8.000000000000000000 ) ) ;
#3997 = CARTESIAN_POINT ( 'NONE',  ( -2.938739567862291846, -11.61432090236923109, 8.000000000000000000 ) ) ;
#3998 = CARTESIAN_POINT ( 'NONE',  ( -6.455308898419793273, 10.35164078446981861, 0.000000000000000000 ) ) ;
#3999 = DIRECTION ( 'NONE',  ( -1.000000000000000000, 0.000000000000000000, 0.000000000000000000 ) ) ;
#4000 = CARTESIAN_POINT ( 'NONE',  ( 4.965029436117591288, -11.73452356626236792, 0.000000000000000000 ) ) ;
#4001 = ORIENTED_EDGE ( 'NONE', *, *, #2376, .T. ) ;
#4002 = CARTESIAN_POINT ( 'NONE',  ( -11.94884645308978044, 5.198761634262814901, 8.000000000000000000 ) ) ;
#4003 = ORIENTED_EDGE ( 'NONE', *, *, #6553, .T. ) ;
#4004 = CARTESIAN_POINT ( 'NONE',  ( -12.23289380645680069, -0.8857088747962098552, -5.204170427930421283E-15 ) ) ;
#4005 = CARTESIAN_POINT ( 'NONE',  ( 7.634358818669725544, 9.175863790627349914, -5.204170427930421283E-15 ) ) ;
#4006 = VECTOR ( 'NONE', #184, 1000.000000000000000 ) ;
#4007 = CARTESIAN_POINT ( 'NONE',  ( 5.115945187291737639, -11.87581303661957399, 0.000000000000000000 ) ) ;
#4008 = CARTESIAN_POINT ( 'NONE',  ( -12.04862852623655378, -6.625183064395941734, 0.000000000000000000 ) ) ;
#4009 = DIRECTION ( 'NONE',  ( 0.000000000000000000, -0.000000000000000000, 1.000000000000000000 ) ) ;
#4010 = CARTESIAN_POINT ( 'NONE',  ( 2.577692551524224385, -13.50622083004037677, 8.000000000000000000 ) ) ;
#4011 = CARTESIAN_POINT ( 'NONE',  ( -11.73452356626242121, 4.965029436117465167, 0.000000000000000000 ) ) ;
#4012 = CYLINDRICAL_SURFACE ( 'NONE', #4859, 10.93750000000000178 ) ;
#4013 = ORIENTED_EDGE ( 'NONE', *, *, #6080, .F. ) ;
#4014 = CARTESIAN_POINT ( 'NONE',  ( 12.60876818853260239, -1.051893166807028823, -5.204170427930421283E-15 ) ) ;
#4015 = LINE ( 'NONE', #3307, #4041 ) ;
#4016 = DIRECTION ( 'NONE',  ( 0.000000000000000000, 0.000000000000000000, -1.000000000000000000 ) ) ;
#4017 = CARTESIAN_POINT ( 'NONE',  ( 7.637339272554341640, 33.21351727946181853, 17.01068270130495463 ) ) ;
#4018 = CARTESIAN_POINT ( 'NONE',  ( -12.51119373526726619, -2.862521721341807268, 0.000000000000000000 ) ) ;
#4019 = DIRECTION ( 'NONE',  ( -1.000000000000000000, 0.000000000000000000, 0.000000000000000000 ) ) ;
#4020 = B_SPLINE_CURVE_WITH_KNOTS ( 'NONE', 3,
 ( #5969, #3304, #2770, #6500, #330, #7912, #7789, #916, #4092, #6625, #5844, #2682, #2099, #6584, #7166, #7205, #2145, #4011, #7834, #5213, #3345, #4672, #6541, #4586, #7120, #1444, #1524, #2848, #873 ),
 .UNSPECIFIED., .F., .F.,
 ( 4, 1, 1, 1, 1, 1, 1, 1, 1, 1, 1, 1, 1, 1, 1, 1, 1, 1, 1, 1, 1, 1, 1, 1, 1, 1, 4 ),
 ( 0.000000000000000000, 0.1659160033276295965, 0.1709059215442318702, 0.1766635194393565977, 0.1831887970181514669, 0.1904817542841364120, 0.1985423912398269763, 0.2073707078870824227, 0.2169667042273148716, 0.2273303802616240543, 0.2384617359908808021, 0.2503607714157882191, 0.2630274865369212067, 0.2764618813547564669, 0.2906639558696927361, 0.3056337100820685215, 0.3213711439921715929, 0.3378762576002502516, 0.3551490509065193812, 0.3731895239111665541, 0.3919976766143570268, 0.4115735090162354615, 0.4319170211169303109, 0.4530282129165571492, 0.4749070844152180060, 0.4975536356130058624, 0.5074316978669446421 ),
 .UNSPECIFIED. ) ;
#4021 = CARTESIAN_POINT ( 'NONE',  ( -8.034402175150765046, 9.455639197970754140, 8.000000000000000000 ) ) ;
#4022 = ORIENTED_EDGE ( 'NONE', *, *, #4823, .T. ) ;
#4023 = VERTEX_POINT ( 'NONE', #4541 ) ;
#4024 = CARTESIAN_POINT ( 'NONE',  ( 6.436913140481798301, -10.29093438073240740, 0.000000000000000000 ) ) ;
#4025 = CARTESIAN_POINT ( 'NONE',  ( 9.126433365741046799, 7.577720000373803444, 0.000000000000000000 ) ) ;
#4026 = CARTESIAN_POINT ( 'NONE',  ( 10.23507608951697634, 6.418760976341473246, 0.000000000000000000 ) ) ;
#4027 = CARTESIAN_POINT ( 'NONE',  ( 13.57387004037417455, -1.668469543058079596, 0.000000000000000000 ) ) ;
#4028 = EDGE_CURVE ( 'NONE', #4215, #3625, #934, .T. ) ;
#4029 = CARTESIAN_POINT ( 'NONE',  ( -0.2416457505997634259, -10.93483029503508597, 0.000000000000000000 ) ) ;
#4030 = PLANE ( 'NONE',  #1390 ) ;
#4031 = CARTESIAN_POINT ( 'NONE',  ( -8.855020039375045116, 9.844302869038607184, 8.000000000000000000 ) ) ;
#4032 = CARTESIAN_POINT ( 'NONE',  ( -0.7736152328233112385, 11.87194576742586705, 0.000000000000000000 ) ) ;
#4033 = ORIENTED_EDGE ( 'NONE', *, *, #7408, .T. ) ;
#4034 = CARTESIAN_POINT ( 'NONE',  ( -9.267416903471948686, 7.750629585191687987, 0.000000000000000000 ) ) ;
#4035 = CARTESIAN_POINT ( 'NONE',  ( -2.880586703536519355, -12.41180006574749939, 8.000000000000000000 ) ) ;
#4036 = EDGE_CURVE ( 'NONE', #4042, #4525, #2115, .T. ) ;
#4037 = AXIS2_PLACEMENT_3D ( 'NONE', #5276, #310, #6605 ) ;
#4038 = CARTESIAN_POINT ( 'NONE',  ( 12.04862852623664260, -6.625183064395767651, 8.000000000000000000 ) ) ;
#4039 = CARTESIAN_POINT ( 'NONE',  ( 10.68261108938447812, 23.16949235134497798, 0.000000000000000000 ) ) ;
#4040 = CARTESIAN_POINT ( 'NONE',  ( -9.757522586729514558, -8.636712746112520378, 0.000000000000000000 ) ) ;
#4041 = VECTOR ( 'NONE', #5848, 1000.000000000000000 ) ;
#4042 = VERTEX_POINT ( 'NONE', #120 ) ;
#4043 = CARTESIAN_POINT ( 'NONE',  ( 2.853169548885460927, -0.9270509831248447963, 8.000000000000000000 ) ) ;
#4044 = ORIENTED_EDGE ( 'NONE', *, *, #706, .T. ) ;
#4045 = CARTESIAN_POINT ( 'NONE',  ( 9.267416903471838552, 7.750629585191822102, 8.000000000000000000 ) ) ;
#4046 = CARTESIAN_POINT ( 'NONE',  ( 7.968244849358745441, 9.415217936710030600, 8.000000000000000000 ) ) ;
#4047 = FACE_OUTER_BOUND ( 'NONE', #1497, .T. ) ;
#4048 = CARTESIAN_POINT ( 'NONE',  ( -5.198761634262769604, -11.94884645308979820, 8.000000000000000000 ) ) ;
#4049 = CARTESIAN_POINT ( 'NONE',  ( -12.51119373526726619, -2.862521721341807268, 0.000000000000000000 ) ) ;
#4050 = CARTESIAN_POINT ( 'NONE',  ( 22.86659580238254108, 37.46457257789783313, 3.166912955578759181 ) ) ;
#4051 = FACE_OUTER_BOUND ( 'NONE', #866, .T. ) ;
#4052 = FACE_OUTER_BOUND ( 'NONE', #4600, .T. ) ;
#4053 = ORIENTED_EDGE ( 'NONE', *, *, #8195, .T. ) ;
#4054 = CARTESIAN_POINT ( 'NONE',  ( 13.16905850672526590, -1.377525651863595435, -5.204170427930421283E-15 ) ) ;
#4055 = CARTESIAN_POINT ( 'NONE',  ( -7.798144649837128739, -9.301941798724829624, 8.000000000000000000 ) ) ;
#4056 = DIRECTION ( 'NONE',  ( 0.000000000000000000, 0.000000000000000000, -1.000000000000000000 ) ) ;
#4057 = CARTESIAN_POINT ( 'NONE',  ( 4.799317578293938347, 32.30552024506179976, -11.33869974813355341 ) ) ;
#4058 = CARTESIAN_POINT ( 'NONE',  ( -6.626136714284671214, 11.46368139467876901, 8.000000000000000000 ) ) ;
#4059 = CARTESIAN_POINT ( 'NONE',  ( -0.7828886122849475493, 11.91079326901029134, 0.000000000000000000 ) ) ;
#4060 = FACE_BOUND ( 'NONE', #2632, .T. ) ;
#4061 = EDGE_CURVE ( 'NONE', #1265, #2540, #5253, .T. ) ;
#4062 = ORIENTED_EDGE ( 'NONE', *, *, #3572, .T. ) ;
#4063 = ORIENTED_EDGE ( 'NONE', *, *, #5761, .T. ) ;
#4064 = CARTESIAN_POINT ( 'NONE',  ( 6.575057906251815965, -10.91417308631837813, 0.000000000000000000 ) ) ;
#4065 = CARTESIAN_POINT ( 'NONE',  ( -9.267416903471948686, 7.750629585191687987, 8.000000000000000000 ) ) ;
#4066 = CARTESIAN_POINT ( 'NONE',  ( 9.699971161946937315, 6.186699299581561284, 0.000000000000000000 ) ) ;
#4067 = AXIS2_PLACEMENT_3D ( 'NONE', #4327, #6864, #5499 ) ;
#4068 = CARTESIAN_POINT ( 'NONE',  ( 13.16905850672526590, -1.377525651863595435, 0.000000000000000000 ) ) ;
#4069 = CARTESIAN_POINT ( 'NONE',  ( 2.941792002709121778, -11.71764203423209771, 0.000000000000000000 ) ) ;
#4070 = CYLINDRICAL_SURFACE ( 'NONE', #4037, 13.75000000000000000 ) ;
#4071 = CARTESIAN_POINT ( 'NONE',  ( -8.535381057717573938, 9.713655369616169821, 8.000000000000000000 ) ) ;
#4072 = DIRECTION ( 'NONE',  ( -0.6396556736767861073, -0.1713952211956810967, 0.7493092133988348280 ) ) ;
#4073 = EDGE_LOOP ( 'NONE', ( #717, #4001, #2509, #8196 ) ) ;
#4074 = VECTOR ( 'NONE', #248, 1000.000000000000000 ) ;
#4075 = CARTESIAN_POINT ( 'NONE',  ( -10.00078975079081722, -9.328340841197718447, 8.000000000000000000 ) ) ;
#4076 = CIRCLE ( 'NONE', #3411, 10.93750000000000178 ) ;
#4077 =( BOUNDED_CURVE ( )  B_SPLINE_CURVE ( 3, ( #1940, #1443, #7165, #6417 ),
 .UNSPECIFIED., .F., .F. ) 
 B_SPLINE_CURVE_WITH_KNOTS ( ( 4, 4 ),
 ( 4.513640204528003963, 4.712388980384683457 ),
 .UNSPECIFIED. ) 
 CURVE ( )  GEOMETRIC_REPRESENTATION_ITEM ( )  RATIONAL_B_SPLINE_CURVE ( ( 1.000000000000000000, 0.9967109516979975048, 0.9967109516979975048, 1.000000000000000000 ) ) 
 REPRESENTATION_ITEM ( '' )  );
#4078 = CARTESIAN_POINT ( 'NONE',  ( 10.93483029503508419, 0.2416457505998772792, 8.000000000000000000 ) ) ;
#4079 = AXIS2_PLACEMENT_3D ( 'NONE', #192, #358, #2707 ) ;
#4080 = CARTESIAN_POINT ( 'NONE',  ( -12.17545110014127197, -5.477724940116900143, 0.000000000000000000 ) ) ;
#4081 = CARTESIAN_POINT ( 'NONE',  ( -7.152395453489296173, -8.544655887209740897, 0.000000000000000000 ) ) ;
#4082 = LINE ( 'NONE', #946, #2085 ) ;
#4083 = ORIENTED_EDGE ( 'NONE', *, *, #4377, .F. ) ;
#4084 = CARTESIAN_POINT ( 'NONE',  ( -11.20891349420033833, 4.507497455256067376, 8.000000000000000000 ) ) ;
#4085 = ORIENTED_EDGE ( 'NONE', *, *, #1356, .F. ) ;
#4086 = CARTESIAN_POINT ( 'NONE',  ( 0.000000000000000000, 0.000000000000000000, 8.000000000000000000 ) ) ;
#4087 = EDGE_CURVE ( 'NONE', #1716, #5939, #6268, .T. ) ;
#4088 = CARTESIAN_POINT ( 'NONE',  ( 8.181339682155837068, 9.539420412439032049, 8.000000000000000000 ) ) ;
#4089 = CARTESIAN_POINT ( 'NONE',  ( 0.000000000000000000, 0.000000000000000000, 8.000000000000000000 ) ) ;
#4090 = CARTESIAN_POINT ( 'NONE',  ( -5.379567626064723385, -12.09884006967988945, 8.000000000000000000 ) ) ;
#4091 = CARTESIAN_POINT ( 'NONE',  ( -4.507497455256024743, -11.20891349420035255, 0.000000000000000000 ) ) ;
#4092 = CARTESIAN_POINT ( 'NONE',  ( -11.20891349420033833, 4.507497455256067376, 0.000000000000000000 ) ) ;
#4093 = ORIENTED_EDGE ( 'NONE', *, *, #2711, .T. ) ;
#4094 = CARTESIAN_POINT ( 'NONE',  ( 12.41180006574744610, 2.880586703536741844, 8.000000000000000000 ) ) ;
#4095 = ORIENTED_EDGE ( 'NONE', *, *, #7641, .F. ) ;
#4096 = DIRECTION ( 'NONE',  ( 0.000000000000000000, 0.000000000000000000, -1.000000000000000000 ) ) ;
#4097 = CARTESIAN_POINT ( 'NONE',  ( -8.348190801685142048, -9.625916629980782346, 8.000000000000000000 ) ) ;
#4098 = APPROVAL ( #679, 'æœª' ) ;
#4099 = CARTESIAN_POINT ( 'NONE',  ( -2.724978029605114482, -13.06987279011082848, 0.000000000000000000 ) ) ;
#4100 = CARTESIAN_POINT ( 'NONE',  ( 4.917708437219962647, 32.26705272314278972, -11.22056930244627893 ) ) ;
#4101 = CARTESIAN_POINT ( 'NONE',  ( -3.149229626028930085, 10.47431425022858953, 0.000000000000000000 ) ) ;
#4102 = CARTESIAN_POINT ( 'NONE',  ( 13.86831054194850665, 34.01821312868956682, -14.18665935876011375 ) ) ;
#4103 = CARTESIAN_POINT ( 'NONE',  ( -10.32496896312096979, 3.608867157514772384, 8.000000000000000000 ) ) ;
#4104 = VERTEX_POINT ( 'NONE', #1030 ) ;
#4105 = EDGE_LOOP ( 'NONE', ( #4312, #2033, #7052, #4253 ) ) ;
#4106 = CARTESIAN_POINT ( 'NONE',  ( 13.62596226222337670, 1.709570873004026437, 0.000000000000000000 ) ) ;
#4107 = CARTESIAN_POINT ( 'NONE',  ( 13.87929579408976721, 33.97579326137869060, -13.30539839473212105 ) ) ;
#4108 = CARTESIAN_POINT ( 'NONE',  ( 11.85123473191531041, 6.631537913675668250, 8.000000000000000000 ) ) ;
#4109 = CARTESIAN_POINT ( 'NONE',  ( 6.626067776682448951, -12.02849558169537048, 8.000000000000000000 ) ) ;
#4110 = CARTESIAN_POINT ( 'NONE',  ( 2.895913797652593047, -12.31670401296923245, 8.000000000000000000 ) ) ;
#4111 = CARTESIAN_POINT ( 'NONE',  ( 7.850195268865253873, -9.338196514606138976, 8.000000000000000000 ) ) ;
#4112 = CARTESIAN_POINT ( 'NONE',  ( -7.604022508570377425, 9.149886257342894069, 8.000000000000000000 ) ) ;
#4113 = CARTESIAN_POINT ( 'NONE',  ( -4.896733499129095613, 11.66659828334866233, 0.000000000000000000 ) ) ;
#4114 = ORIENTED_EDGE ( 'NONE', *, *, #7988, .F. ) ;
#4115 = CARTESIAN_POINT ( 'NONE',  ( -9.415217936709890267, -7.968244849358915971, 8.000000000000000000 ) ) ;
#4116 = CARTESIAN_POINT ( 'NONE',  ( -2.941792002708953913, -11.71764203423214212, 8.000000000000000000 ) ) ;
#4117 = CARTESIAN_POINT ( 'NONE',  ( 9.094348737717329101, -9.928529331195791841, 8.000000000000000000 ) ) ;
#4118 = CARTESIAN_POINT ( 'NONE',  ( -7.707558585906816973, -9.234787594130832389, 8.000000000000000000 ) ) ;
#4119 = ADVANCED_FACE ( 'NONE', ( #494 ), #4874, .T. ) ;
#4120 = CARTESIAN_POINT ( 'NONE',  ( -10.01877448794993519, -9.392211555377306453, 8.000000000000000000 ) ) ;
#4121 = VERTEX_POINT ( 'NONE', #412 ) ;
#4122 = CARTESIAN_POINT ( 'NONE',  ( 2.442914321589914284, 33.07116207543229081, 21.68991984619307800 ) ) ;
#4123 = ORIENTED_EDGE ( 'NONE', *, *, #4902, .T. ) ;
#4124 = CARTESIAN_POINT ( 'NONE',  ( -11.71732392095621123, -6.632284204934474126, 8.000000000000000000 ) ) ;
#4125 = DIRECTION ( 'NONE',  ( -0.6396556736767862184, -0.1713952211956811522, 0.7493092133988347170 ) ) ;
#4126 = CARTESIAN_POINT ( 'NONE',  ( 4.210990906299975300, -10.70664486910367863, 0.000000000000000000 ) ) ;
#4127 = CARTESIAN_POINT ( 'NONE',  ( 11.05183112916334487, -4.404384806714015888, 8.000000000000000000 ) ) ;
#4128 = DIRECTION ( 'NONE',  ( 0.000000000000000000, 0.000000000000000000, 1.000000000000000000 ) ) ;
#4129 = CARTESIAN_POINT ( 'NONE',  ( 9.328340841197540811, 10.00078975079098420, 0.000000000000000000 ) ) ;
#4130 = VERTEX_POINT ( 'NONE', #4292 ) ;
#4131 = CARTESIAN_POINT ( 'NONE',  ( 12.95019774290646630, 2.759358130927484609, -5.204170427930421283E-15 ) ) ;
#4132 = ORIENTED_EDGE ( 'NONE', *, *, #4414, .F. ) ;
#4133 = CARTESIAN_POINT ( 'NONE',  ( 13.57387004037417455, -1.668469543058079596, 8.000000000000000000 ) ) ;
#4134 = CARTESIAN_POINT ( 'NONE',  ( -8.535381057717504660, -9.713655369616226665, 8.000000000000000000 ) ) ;
#4135 = FACE_OUTER_BOUND ( 'NONE', #7469, .T. ) ;
#4136 = CARTESIAN_POINT ( 'NONE',  ( 12.02849558169549304, -6.626067776682227795, 0.000000000000000000 ) ) ;
#4137 = EDGE_CURVE ( 'NONE', #4341, #885, #7655, .T. ) ;
#4138 = CARTESIAN_POINT ( 'NONE',  ( -13.32045193209908973, -2.644734409371050976, 8.000000000000000000 ) ) ;
#4139 = CARTESIAN_POINT ( 'NONE',  ( -1.011712205768922956, -12.52642403931682580, 0.000000000000000000 ) ) ;
#4140 = CARTESIAN_POINT ( 'NONE',  ( -6.619621129381195956, 11.34404188716887596, 0.000000000000000000 ) ) ;
#4141 = CARTESIAN_POINT ( 'NONE',  ( -10.91417308631845096, 6.575057906251698725, 0.000000000000000000 ) ) ;
#4142 = CARTESIAN_POINT ( 'NONE',  ( -10.72875944066941578, -6.544354946388769356, 0.000000000000000000 ) ) ;
#4143 = CARTESIAN_POINT ( 'NONE',  ( -11.83751175313650528, 0.7661213205046079056, 8.000000000000000000 ) ) ;
#4144 = CARTESIAN_POINT ( 'NONE',  ( -2.841541163098047384, 12.61481170127150087, 0.000000000000000000 ) ) ;
#4145 = VERTEX_POINT ( 'NONE', #5379 ) ;
#4146 = CARTESIAN_POINT ( 'NONE',  ( 12.87548337994384973, 1.195724957047672010, 8.000000000000000000 ) ) ;
#4147 = CARTESIAN_POINT ( 'NONE',  ( 11.05183112916325605, 4.404384806714248590, 0.000000000000000000 ) ) ;
#4148 = CARTESIAN_POINT ( 'NONE',  ( 6.231836464888956151, -8.988499347771035985, 0.000000000000000000 ) ) ;
#4149 = CARTESIAN_POINT ( 'NONE',  ( 12.78342018721908602, -1.143751547996336937, 0.000000000000000000 ) ) ;
#4150 = CARTESIAN_POINT ( 'NONE',  ( 2.908682420983991879, -12.22597347346766306, 0.000000000000000000 ) ) ;
#4151 = CARTESIAN_POINT ( 'NONE',  ( 11.30699639290202363, 4.580317944817513975, 0.000000000000000000 ) ) ;
#4152 = CARTESIAN_POINT ( 'NONE',  ( 0.000000000000000000, 0.000000000000000000, -2.000000000000000000 ) ) ;
#4153 = CARTESIAN_POINT ( 'NONE',  ( -4.773939382172995849, 11.53698844606704910, 8.000000000000000000 ) ) ;
#4154 = ORIENTED_EDGE ( 'NONE', *, *, #2502, .F. ) ;
#4155 = CARTESIAN_POINT ( 'NONE',  ( -9.455639197970723941, -8.034402175150797021, 8.000000000000000000 ) ) ;
#4156 = CARTESIAN_POINT ( 'NONE',  ( -12.05785317090585274, 2.927269694296032565, 8.000000000000000000 ) ) ;
#4157 = CARTESIAN_POINT ( 'NONE',  ( 8.348190801685282381, -9.625916629980661554, 0.000000000000000000 ) ) ;
#4158 = CARTESIAN_POINT ( 'NONE',  ( 13.64173013562590775, 1.722120468131038029, 0.000000000000000000 ) ) ;
#4159 = CARTESIAN_POINT ( 'NONE',  ( 4.580317944817474007, -11.30699639290203784, 0.000000000000000000 ) ) ;
#4160 = ORIENTED_EDGE ( 'NONE', *, *, #603, .T. ) ;
#4161 = DIRECTION ( 'NONE',  ( -1.000000000000000000, 0.000000000000000000, 0.000000000000000000 ) ) ;
#4162 = ORIENTED_EDGE ( 'NONE', *, *, #4570, .F. ) ;
#4163 = CARTESIAN_POINT ( 'NONE',  ( -11.85123473191535837, -6.631537913675579432, 8.000000000000000000 ) ) ;
#4164 = CARTESIAN_POINT ( 'NONE',  ( 10.90118270896028463, 37.36427834364079814, -12.41911060644212839 ) ) ;
#4165 = CARTESIAN_POINT ( 'NONE',  ( 0.000000000000000000, 0.000000000000000000, 8.000000000000000000 ) ) ;
#4166 = CARTESIAN_POINT ( 'NONE',  ( -4.404384806714132239, 11.05183112916330401, 0.000000000000000000 ) ) ;
#4167 = CARTESIAN_POINT ( 'NONE',  ( 9.328340841197540811, 10.00078975079098420, 8.000000000000000000 ) ) ;
#4168 = DIRECTION ( 'NONE',  ( -0.000000000000000000, -0.000000000000000000, -1.000000000000000000 ) ) ;
#4169 = ORIENTED_EDGE ( 'NONE', *, *, #5200, .T. ) ;
#4170 = CYLINDRICAL_SURFACE ( 'NONE', #2492, 1.000000000000004441 ) ;
#4171 = VERTEX_POINT ( 'NONE', #1114 ) ;
#4172 = CARTESIAN_POINT ( 'NONE',  ( 12.87548337994387282, -1.195724957047402448, -5.204170427930421283E-15 ) ) ;
#4173 = LINE ( 'NONE', #3434, #484 ) ;
#4174 = CARTESIAN_POINT ( 'NONE',  ( 4.645166053939924211, 32.41176688192005173, -11.47606544769816850 ) ) ;
#4175 = CARTESIAN_POINT ( 'NONE',  ( 0.000000000000000000, 0.000000000000000000, 8.000000000000000000 ) ) ;
#4176 = CARTESIAN_POINT ( 'NONE',  ( -6.600657436018151358, 11.11931436071735746, 8.000000000000000000 ) ) ;
#4177 = CARTESIAN_POINT ( 'NONE',  ( -0.7639867559470682190, -11.11684438996336510, 0.000000000000000000 ) ) ;
#4178 = CARTESIAN_POINT ( 'NONE',  ( -6.338109664291232015, 10.02706299306006876, 0.000000000000000000 ) ) ;
#4179 = DIRECTION ( 'NONE',  ( 0.7605637668489719783, 0.000000000000000000, 0.6492632413409085146 ) ) ;
#4180 = CARTESIAN_POINT ( 'NONE',  ( -8.988499347771060854, -6.231836464888920624, 0.000000000000000000 ) ) ;
#4181 = ORIENTED_EDGE ( 'NONE', *, *, #5508, .F. ) ;
#4182 = EDGE_CURVE ( 'NONE', #5549, #4104, #4076, .T. ) ;
#4183 = CARTESIAN_POINT ( 'NONE',  ( -2.584755384919236842, 13.48734665307396696, 0.000000000000000000 ) ) ;
#4184 = ORIENTED_EDGE ( 'NONE', *, *, #3083, .T. ) ;
#4185 = CARTESIAN_POINT ( 'NONE',  ( 13.87568316240989752, 33.99008561451032762, -13.29537945950150934 ) ) ;
#4186 = CARTESIAN_POINT ( 'NONE',  ( 11.46368139467869263, 6.626136714284793783, 0.000000000000000000 ) ) ;
#4187 = CARTESIAN_POINT ( 'NONE',  ( -12.37227591337642707, 0.9420826277741136678, 0.000000000000000000 ) ) ;
#4188 = EDGE_CURVE ( 'NONE', #2207, #6923, #5507, .T. ) ;
#4189 = CARTESIAN_POINT ( 'NONE',  ( 2.941794575437364667, -11.77637575328567898, 0.000000000000000000 ) ) ;
#4190 = CARTESIAN_POINT ( 'NONE',  ( 12.09884006967979531, 5.379567626064940988, 0.000000000000000000 ) ) ;
#4191 = CYLINDRICAL_SURFACE ( 'NONE', #638, 2.000000000000000444 ) ;
#4192 = CARTESIAN_POINT ( 'NONE',  ( -4.833073392807659907, 11.60070094346936287, 8.000000000000000000 ) ) ;
#4193 = ORIENTED_EDGE ( 'NONE', *, *, #2826, .F. ) ;
#4194 = CARTESIAN_POINT ( 'NONE',  ( -13.19332579941579553, 2.686824890852690828, 8.000000000000000000 ) ) ;
#4195 = B_SPLINE_CURVE_WITH_KNOTS ( 'NONE', 3,
 ( #1860, #8117, #2357, #8078, #2397, #6878, #4880, #2439, #6179, #7370, #582, #1694, #3718, #5560, #4961, #7501, #7419, #1819, #1240, #2974, #6794, #2311, #4922, #7459, #1080, #3099, #1778, #4298, #4340 ),
 .UNSPECIFIED., .F., .F.,
 ( 4, 1, 1, 1, 1, 1, 1, 1, 1, 1, 1, 1, 1, 1, 1, 1, 1, 1, 1, 1, 1, 1, 1, 1, 1, 1, 4 ),
 ( 0.4925683021330551914, 0.5024463643869940821, 0.5250929155847819940, 0.5469717870834428508, 0.5680829788830696891, 0.5884264909837645385, 0.6080023233856429732, 0.6268104760888334459, 0.6448509490934806188, 0.6621237423997496929, 0.6786288560078284071, 0.6943662899179314785, 0.7093360441303072639, 0.7235381186452435331, 0.7369725134630787933, 0.7496392285842117253, 0.7615382640091191702, 0.7726696197383760012, 0.7830332957726851006, 0.7926292921129175495, 0.8014576087601730237, 0.8095182457158636158, 0.8168112029818485054, 0.8233364805606433467, 0.8290940784557681020, 0.8340839966723704313, 1.000000000000000000 ),
 .UNSPECIFIED. ) ;
#4196 = CARTESIAN_POINT ( 'NONE',  ( 8.105411651555897379, -9.497099640846604629, 8.000000000000000000 ) ) ;
#4197 = CIRCLE ( 'NONE', #3532, 13.75000000000000000 ) ;
#4198 = LINE ( 'NONE', #605, #4460 ) ;
#4199 = CARTESIAN_POINT ( 'NONE',  ( 4.719217338362303060, -11.47561408673056249, 0.000000000000000000 ) ) ;
#4200 = ORIENTED_EDGE ( 'NONE', *, *, #740, .T. ) ;
#4201 = CARTESIAN_POINT ( 'NONE',  ( -6.560248542580001896, -10.81899503309359822, 0.000000000000000000 ) ) ;
#4202 = AXIS2_PLACEMENT_3D ( 'NONE', #1925, #4448, #2626 ) ;
#4203 = CARTESIAN_POINT ( 'NONE',  ( 9.625916629980634909, 8.348190801685314355, 8.000000000000000000 ) ) ;
#4204 = EDGE_CURVE ( 'NONE', #2810, #3665, #5581, .T. ) ;
#4205 = ORGANIZATION ( 'æœª', 'æœª', '' ) ;
#4206 = CARTESIAN_POINT ( 'NONE',  ( 8.348190801685069218, 9.625916629980844519, -5.204170427930421283E-15 ) ) ;
#4207 = CARTESIAN_POINT ( 'NONE',  ( -2.932881190150441686, -11.52995163726279415, 0.000000000000000000 ) ) ;
#4208 = CARTESIAN_POINT ( 'NONE',  ( -4.719217338362222236, 11.47561408673059624, 0.000000000000000000 ) ) ;
#4209 = CARTESIAN_POINT ( 'NONE',  ( 11.98057174878966080, -2.933454507433441716, 8.000000000000000000 ) ) ;
#4210 = CARTESIAN_POINT ( 'NONE',  ( 8.262247439007687433, 9.582420452220718587, 0.000000000000000000 ) ) ;
#4211 = EDGE_LOOP ( 'NONE', ( #928, #4620, #1777, #4095 ) ) ;
#4212 = CARTESIAN_POINT ( 'NONE',  ( 12.22597347346765417, 2.908682420984034955, 8.000000000000000000 ) ) ;
#4213 = EDGE_LOOP ( 'NONE', ( #927, #7846 ) ) ;
#4214 = CARTESIAN_POINT ( 'NONE',  ( 10.33666240664888747, -4.161888422927029652, 8.000000000000000000 ) ) ;
#4215 = VERTEX_POINT ( 'NONE', #6002 ) ;
#4216 = EDGE_CURVE ( 'NONE', #7770, #1231, #3194, .T. ) ;
#4217 = CARTESIAN_POINT ( 'NONE',  ( 12.22769606125921626, 27.92477493282073553, 12.99999999999999467 ) ) ;
#4218 = CIRCLE ( 'NONE', #656, 13.75000000000000000 ) ;
#4219 = CARTESIAN_POINT ( 'NONE',  ( -2.927269694295987268, -12.05785317090586162, 8.000000000000000000 ) ) ;
#4220 = CARTESIAN_POINT ( 'NONE',  ( -11.11684438996311819, -0.7639867559471459346, 0.000000000000000000 ) ) ;
#4221 = CARTESIAN_POINT ( 'NONE',  ( -13.50622083004038565, -2.577692551524178199, 0.000000000000000000 ) ) ;
#4222 = FACE_OUTER_BOUND ( 'NONE', #6576, .T. ) ;
#4223 = CARTESIAN_POINT ( 'NONE',  ( -5.916238915412231236, 9.442776183394606448, 8.000000000000000000 ) ) ;
#4224 = CARTESIAN_POINT ( 'NONE',  ( -9.442776183394450129, 5.916238915412022514, 0.000000000000000000 ) ) ;
#4225 = CARTESIAN_POINT ( 'NONE',  ( -12.61481170127151152, 2.841541163098003420, 0.000000000000000000 ) ) ;
#4226 = ORIENTED_EDGE ( 'NONE', *, *, #1296, .T. ) ;
#4227 = CARTESIAN_POINT ( 'NONE',  ( 11.20891349420027261, 4.507497455256226360, 8.000000000000000000 ) ) ;
#4228 = ORIENTED_EDGE ( 'NONE', *, *, #1706, .T. ) ;
#4229 = CARTESIAN_POINT ( 'NONE',  ( -9.713655369616196467, 8.535381057717536635, 8.000000000000000000 ) ) ;
#4230 = CLOSED_SHELL ( 'NONE', ( #7160, #6180, #1064, #3858, #6394, #3617, #649, #5155, #7933, #7997, #2130, #5468, #3222, #4724, #6779, #2669, #8150, #5818, #2461, #8116, #3378, #3255, #7008, #3832, #6977, #1985, #4950, #406, #5335, #5103, #4119, #1508, #3528, #7125, #1886, #3356, #2923, #335, #4470, #4293, #6575, #504, #3037, #2948, #167, #7661, #5459, #6718, #251, #1346, #2114, #1110, #5957, #1458, #7152, #2873, #6119, #5140, #4441, #2061, #2297, #778, #6906, #150, #6561, #815, #907, #7773, #3579, #5001, #1717, #6276, #2777, #3936, #6910, #6040, #941, #7318, #2999, #94, #2589, #1038, #1915, #3829, #1509, #5855, #2240, #1870, #5576, #7483, #4645, #2139, #5722, #302, #5409, #2215, #5399, #6935, #4241, #3101, #5786, #1437, #2559, #2305, #4538, #43, #4818, #4790, #141, #7794, #3175, #6754, #6683, #44, #3452, #3882, #7947, #5077, #931, #3732, #8188, #7422, #2977, #5953, #8098 ) ) ;
#4231 = AXIS2_PLACEMENT_3D ( 'NONE', #5554, #4125, #1028 ) ;
#4232 = CARTESIAN_POINT ( 'NONE',  ( 11.11931436071728463, 6.600657436018271262, 0.000000000000000000 ) ) ;
#4233 = CARTESIAN_POINT ( 'NONE',  ( 9.886832010614666544, 8.972047302895536092, 8.000000000000000000 ) ) ;
#4234 = CARTESIAN_POINT ( 'NONE',  ( -11.95399604505280955, 0.7941151212463095632, 8.000000000000000000 ) ) ;
#4235 = CARTESIAN_POINT ( 'NONE',  ( 7.750629585191789239, -9.267416903471863421, 8.000000000000000000 ) ) ;
#4236 = DIRECTION ( 'NONE',  ( 0.000000000000000000, 0.000000000000000000, -1.000000000000000000 ) ) ;
#4237 = ORIENTED_EDGE ( 'NONE', *, *, #6053, .F. ) ;
#4238 = CARTESIAN_POINT ( 'NONE',  ( -11.83979557596824783, 2.940530670474199137, 0.000000000000000000 ) ) ;
#4239 = CARTESIAN_POINT ( 'NONE',  ( 0.000000000000000000, 0.000000000000000000, 0.000000000000000000 ) ) ;
#4240 = CARTESIAN_POINT ( 'NONE',  ( -4.896733499129011236, -11.66659828334870141, 8.000000000000000000 ) ) ;
#4241 = ADVANCED_FACE ( 'NONE', ( #541 ), #7495, .T. ) ;
#4242 = CARTESIAN_POINT ( 'NONE',  ( 9.221936103764146964, -9.969200282347870257, 0.000000000000000000 ) ) ;
#4243 = CARTESIAN_POINT ( 'NONE',  ( -7.968244849358815607, -9.415217936709971980, 8.000000000000000000 ) ) ;
#4244 = CARTESIAN_POINT ( 'NONE',  ( 0.000000000000000000, 0.000000000000000000, 0.000000000000000000 ) ) ;
#4245 = ORIENTED_EDGE ( 'NONE', *, *, #7382, .T. ) ;
#4246 = CARTESIAN_POINT ( 'NONE',  ( 10.02415449855997132, -9.411632514553458506, 8.000000000000000000 ) ) ;
#4247 = CARTESIAN_POINT ( 'NONE',  ( 9.234787594130864363, -7.707558585906779669, 8.000000000000000000 ) ) ;
#4248 = CARTESIAN_POINT ( 'NONE',  ( 8.636712746112342742, 9.757522586729669101, 8.000000000000000000 ) ) ;
#4249 = CARTESIAN_POINT ( 'NONE',  ( 5.916238915412299626, -9.442776183394560263, 0.000000000000000000 ) ) ;
#4250 = CARTESIAN_POINT ( 'NONE',  ( 6.155781556222748918, 9.109912142400192536, 8.000000000000000000 ) ) ;
#4251 = CARTESIAN_POINT ( 'NONE',  ( 11.98057174878966080, -2.933454507433441716, -5.204170427930421283E-15 ) ) ;
#4252 = CARTESIAN_POINT ( 'NONE',  ( 0.000000000000000000, 0.000000000000000000, 8.000000000000000000 ) ) ;
#4253 = ORIENTED_EDGE ( 'NONE', *, *, #4216, .T. ) ;
#4254 = CARTESIAN_POINT ( 'NONE',  ( 12.95019774290646630, 2.759358130927484609, 8.000000000000000000 ) ) ;
#4255 = VERTEX_POINT ( 'NONE', #4415 ) ;
#4256 = FACE_OUTER_BOUND ( 'NONE', #4105, .T. ) ;
#4257 = ORIENTED_EDGE ( 'NONE', *, *, #2409, .F. ) ;
#4258 = CARTESIAN_POINT ( 'NONE',  ( -8.743249532614884245, 9.801135538539480052, 0.000000000000000000 ) ) ;
#4259 = CARTESIAN_POINT ( 'NONE',  ( -2.941792002708953913, -11.71764203423214212, 8.000000000000000000 ) ) ;
#4260 = CARTESIAN_POINT ( 'NONE',  ( -2.862521721341762859, 12.51119373526727685, 0.000000000000000000 ) ) ;
#4261 = CARTESIAN_POINT ( 'NONE',  ( -8.262247439007758487, -9.582420452220659968, 0.000000000000000000 ) ) ;
#4262 = CARTESIAN_POINT ( 'NONE',  ( -0.9751606640715431151, 12.44755643926125543, 0.000000000000000000 ) ) ;
#4263 = CARTESIAN_POINT ( 'NONE',  ( -6.338109664291232015, 10.02706299306006876, 8.000000000000000000 ) ) ;
#4264 = CARTESIAN_POINT ( 'NONE',  ( -9.625916629980753925, 8.348190801685175799, 0.000000000000000000 ) ) ;
#4265 = CARTESIAN_POINT ( 'NONE',  ( -11.71732392095621123, -6.632284204934474126, 0.000000000000000000 ) ) ;
#4266 = VERTEX_POINT ( 'NONE', #1813 ) ;
#4267 = FACE_OUTER_BOUND ( 'NONE', #956, .T. ) ;
#4268 = VERTEX_POINT ( 'NONE', #1197 ) ;
#4269 = CARTESIAN_POINT ( 'NONE',  ( -11.94884645308978044, 5.198761634262814901, 8.000000000000000000 ) ) ;
#4270 = CARTESIAN_POINT ( 'NONE',  ( 11.61432090236917603, 2.938739567862500124, 8.000000000000000000 ) ) ;
#4271 = CARTESIAN_POINT ( 'NONE',  ( -12.23289380645680779, 0.8857088747961243680, 8.000000000000000000 ) ) ;
#4272 = CARTESIAN_POINT ( 'NONE',  ( -0.9420826277741567445, -12.37227591337642352, 8.000000000000000000 ) ) ;
#4273 = CARTESIAN_POINT ( 'NONE',  ( 11.87581303661955623, 5.115945187291778495, 0.000000000000000000 ) ) ;
#4274 = AXIS2_PLACEMENT_3D ( 'NONE', #7444, #3702, #6860 ) ;
#4275 = CALENDAR_DATE ( 2026, 8, 5 ) ;
#4276 = CARTESIAN_POINT ( 'NONE',  ( -4.161888422927099818, 10.33666240664860503, 0.000000000000000000 ) ) ;
#4277 = ORIENTED_EDGE ( 'NONE', *, *, #1356, .T. ) ;
#4278 = CARTESIAN_POINT ( 'NONE',  ( -12.61481170127151152, 2.841541163098003420, 0.000000000000000000 ) ) ;
#4279 = EDGE_CURVE ( 'NONE', #1477, #7681, #2590, .T. ) ;
#4280 = CARTESIAN_POINT ( 'NONE',  ( -11.30699639290205560, -4.580317944817435816, 8.000000000000000000 ) ) ;
#4281 = CARTESIAN_POINT ( 'NONE',  ( -4.580317944817310583, -11.30699639290210357, 0.000000000000000000 ) ) ;
#4282 = CARTESIAN_POINT ( 'NONE',  ( -0.9751606640715431151, 12.44755643926125543, 8.000000000000000000 ) ) ;
#4283 = CARTESIAN_POINT ( 'NONE',  ( -8.034402175150697545, -9.455639197970809207, 0.000000000000000000 ) ) ;
#4284 = CARTESIAN_POINT ( 'NONE',  ( 7.003721731047638066, 34.21219619936123024, 16.37100230941131684 ) ) ;
#4285 = VECTOR ( 'NONE', #5687, 1000.000000000000114 ) ;
#4286 = EDGE_CURVE ( 'NONE', #4579, #4838, #1929, .T. ) ;
#4287 = VERTEX_POINT ( 'NONE', #1855 ) ;
#4288 = CARTESIAN_POINT ( 'NONE',  ( 9.757522586729640679, -8.636712746112378269, 8.000000000000000000 ) ) ;
#4289 = CARTESIAN_POINT ( 'NONE',  ( 9.497099640846757396, -8.105411651555723296, -5.204170427930421283E-15 ) ) ;
#4290 = VECTOR ( 'NONE', #1739, 1000.000000000000000 ) ;
#4291 = CARTESIAN_POINT ( 'NONE',  ( 11.02139818175206720, -4.386616976970844739, 0.000000000000000000 ) ) ;
#4292 = CARTESIAN_POINT ( 'NONE',  ( -12.44189184801363979, 5.853360337646381417, 8.000000000000000000 ) ) ;
#4293 = ADVANCED_FACE ( 'NONE', ( #8191 ), #5115, .T. ) ;
#4294 = CARTESIAN_POINT ( 'NONE',  ( -2.940530670474239994, 11.83979557596823540, 8.000000000000000000 ) ) ;
#4295 = LINE ( 'NONE', #2435, #5153 ) ;
#4296 = CARTESIAN_POINT ( 'NONE',  ( 7.750629585191789239, -9.267416903471863421, 0.000000000000000000 ) ) ;
#4297 = ORIENTED_EDGE ( 'NONE', *, *, #2653, .T. ) ;
#4298 = CARTESIAN_POINT ( 'NONE',  ( -10.33666240664859082, -4.161888422927137121, 8.000000000000000000 ) ) ;
#4299 = EDGE_LOOP ( 'NONE', ( #1914, #8187, #3336, #581, #2293 ) ) ;
#4300 = CARTESIAN_POINT ( 'NONE',  ( -8.636712746112488404, 9.757522586729548308, 0.000000000000000000 ) ) ;
#4301 = CARTESIAN_POINT ( 'NONE',  ( -2.886444749236990681, -11.13701600410304948, 8.000000000000000000 ) ) ;
#4302 = CARTESIAN_POINT ( 'NONE',  ( -10.93483029503508597, -0.2416457505998009236, 0.000000000000000000 ) ) ;
#4303 = CARTESIAN_POINT ( 'NONE',  ( -8.855020039374974061, -9.844302869038667581, 0.000000000000000000 ) ) ;
#4304 = CARTESIAN_POINT ( 'NONE',  ( -0.8620871873792290696, -12.16898868378441634, 0.000000000000000000 ) ) ;
#4305 = CARTESIAN_POINT ( 'NONE',  ( 10.84084739055354163, 35.53785861123851930, 19.94983378922656314 ) ) ;
#4306 = B_SPLINE_CURVE_WITH_KNOTS ( 'NONE', 3,
 ( #2317, #2898, #2235, #7962, #5476, #6057, #1042, #4802, #1534, #6672, #7297, #1577, #3553, #6758, #3473, #1000, #2857, #7338, #5977, #4176, #924, #7842, #4058, #6712, #1699, #7253, #964, #2153, #6102 ),
 .UNSPECIFIED., .F., .F.,
 ( 4, 1, 1, 1, 1, 1, 1, 1, 1, 1, 1, 1, 1, 1, 1, 1, 1, 1, 1, 1, 1, 1, 1, 1, 1, 1, 4 ),
 ( 0.000000000000000000, 0.1659160033276295965, 0.1709059215442318702, 0.1766635194393565977, 0.1831887970181514669, 0.1904817542841364120, 0.1985423912398269763, 0.2073707078870824227, 0.2169667042273148716, 0.2273303802616240543, 0.2384617359908808021, 0.2503607714157882191, 0.2630274865369212067, 0.2764618813547564669, 0.2906639558696927361, 0.3056337100820685215, 0.3213711439921715929, 0.3378762576002502516, 0.3551490509065193812, 0.3731895239111665541, 0.3919976766143570268, 0.4115735090162354615, 0.4319170211169303109, 0.4530282129165571492, 0.4749070844152180060, 0.4975536356130058624, 0.5074316978669444200 ),
 .UNSPECIFIED. ) ;
#4307 = AXIS2_PLACEMENT_3D ( 'NONE', #1481, #4789, #7870 ) ;
#4308 = CARTESIAN_POINT ( 'NONE',  ( -9.928529331195889540, 9.094348737717218967, 8.000000000000000000 ) ) ;
#4309 = CARTESIAN_POINT ( 'NONE',  ( 1.051893166807160940, -12.60876818853258996, 8.000000000000000000 ) ) ;
#4310 = CARTESIAN_POINT ( 'NONE',  ( -11.95399604505280955, 0.7941151212463095632, 8.000000000000000000 ) ) ;
#4311 = CARTESIAN_POINT ( 'NONE',  ( -10.48771353560525732, 6.492081297254431504, 8.000000000000000000 ) ) ;
#4312 = ORIENTED_EDGE ( 'NONE', *, *, #7056, .T. ) ;
#4313 = CARTESIAN_POINT ( 'NONE',  ( -11.02139818175203878, 4.386616976970920234, 8.000000000000000000 ) ) ;
#4314 = CARTESIAN_POINT ( 'NONE',  ( 7.965985411668174976, 36.57779459820535806, -9.733550194123688826 ) ) ;
#4315 = EDGE_CURVE ( 'NONE', #6617, #480, #6953, .T. ) ;
#4316 = CARTESIAN_POINT ( 'NONE',  ( -13.48577048812304824, 1.600954125870881040, 8.000000000000000000 ) ) ;
#4317 = EDGE_CURVE ( 'NONE', #6051, #6064, #2796, .T. ) ;
#4318 = CARTESIAN_POINT ( 'NONE',  ( -0.9751606640715428931, -12.44755643926125899, 0.000000000000000000 ) ) ;
#4319 = CARTESIAN_POINT ( 'NONE',  ( 10.70664486910366442, 4.210990906300012604, 0.000000000000000000 ) ) ;
#4320 = DIRECTION ( 'NONE',  ( -0.000000000000000000, 0.000000000000000000, -1.000000000000000000 ) ) ;
#4321 = CARTESIAN_POINT ( 'NONE',  ( -6.231836464888828253, -8.988499347771126580, 8.000000000000000000 ) ) ;
#4322 = ORIENTED_EDGE ( 'NONE', *, *, #4635, .T. ) ;
#4323 = CARTESIAN_POINT ( 'NONE',  ( -12.41180006574749228, 2.880586703536566873, 0.000000000000000000 ) ) ;
#4324 = CARTESIAN_POINT ( 'NONE',  ( -10.70664486910369462, -4.210990906299937997, 8.000000000000000000 ) ) ;
#4325 = CARTESIAN_POINT ( 'NONE',  ( -4.773939382172911472, -11.53698844606708640, 0.000000000000000000 ) ) ;
#4326 = CARTESIAN_POINT ( 'NONE',  ( -1.377525651863733325, 13.16905850672525347, 0.000000000000000000 ) ) ;
#4327 = CARTESIAN_POINT ( 'NONE',  ( 0.000000000000000000, 0.000000000000000000, 0.000000000000000000 ) ) ;
#4328 = CARTESIAN_POINT ( 'NONE',  ( 13.62393960642376634, 34.76695049550460226, 21.74630559690318421 ) ) ;
#4329 = ORIENTED_EDGE ( 'NONE', *, *, #5413, .T. ) ;
#4330 = CARTESIAN_POINT ( 'NONE',  ( 9.625916629980816097, -8.348190801685102969, 8.000000000000000000 ) ) ;
#4331 = CARTESIAN_POINT ( 'NONE',  ( 9.175863790627321492, -7.634358818669758406, 8.000000000000000000 ) ) ;
#4332 = CIRCLE ( 'NONE', #4067, 13.75000000000000000 ) ;
#4333 = CARTESIAN_POINT ( 'NONE',  ( 13.50622083004042118, -2.577692551523988129, 8.000000000000000000 ) ) ;
#4334 = CARTESIAN_POINT ( 'NONE',  ( 2.372422943547987995, 55.78452766026119747, 26.69378740028920660 ) ) ;
#4335 = CARTESIAN_POINT ( 'NONE',  ( -2.880586703536610393, 12.41180006574747985, 8.000000000000000000 ) ) ;
#4336 = DIRECTION ( 'NONE',  ( -1.000000000000000000, 0.000000000000000000, 0.000000000000000000 ) ) ;
#4337 = CARTESIAN_POINT ( 'NONE',  ( 7.968244849358954163, -9.415217936709856517, 0.000000000000000000 ) ) ;
#4338 = ORIENTED_EDGE ( 'NONE', *, *, #6011, .F. ) ;
#4339 = AXIS2_PLACEMENT_3D ( 'NONE', #4444, #4522, #7059 ) ;
#4340 = CARTESIAN_POINT ( 'NONE',  ( -10.32496896312094670, -3.608867157514845214, 8.000000000000000000 ) ) ;
#4341 = VERTEX_POINT ( 'NONE', #2086 ) ;
#4342 = EDGE_CURVE ( 'NONE', #1976, #6704, #7860, .T. ) ;
#4343 =( BOUNDED_SURFACE ( )  B_SPLINE_SURFACE ( 3, 2, ( 
 ( #2982, #1206, #3722 ),
 ( #3140, #1281, #3760 ),
 ( #6264, #1166, #2403 ),
 ( #4928, #586, #623 ),
 ( #2, #2525, #6143 ),
 ( #1784, #8043, #2363 ),
 ( #4804, #3644, #5567 ),
 ( #7377, #4305, #6188 ),
 ( #2939, #3030, #4844 ),
 ( #5391, #8045, #8084 ) ),
 .UNSPECIFIED., .F., .F., .F. ) 
 B_SPLINE_SURFACE_WITH_KNOTS ( ( 4, 2, 2, 2, 4 ),
 ( 3, 3 ),
 ( 3.110461351744151060, 3.510943258904285713, 3.911425166064420367, 4.311907073224555020, 4.712388980384689674 ),
 ( 0.000000000000000000, 1.000000000000000000 ),
 .UNSPECIFIED. ) 
 GEOMETRIC_REPRESENTATION_ITEM ( )  RATIONAL_B_SPLINE_SURFACE ( (
 ( 1.000000000000000000, 0.9115644273748132465, 1.000000000000000000),
 ( 1.000000000000000000, 0.9123289612961654749, 1.000000000000000000),
 ( 1.000000000000000000, 0.9081940927012813747, 1.000000000000000000),
 ( 1.000000000000000000, 0.8904506515724542881, 1.000000000000000000),
 ( 1.000000000000000000, 0.8768303923826733515, 1.000000000000000000),
 ( 1.000000000000000000, 0.8410125636229727197, 1.000000000000000000),
 ( 1.000000000000000000, 0.8188097670356034863, 1.000000000000000000),
 ( 1.000000000000000000, 0.7674907289232787422, 1.000000000000000000),
 ( 1.000000000000000000, 0.7383810918278966851, 1.000000000000000000),
 ( 1.000000000000000000, 0.7071067811865473507, 1.000000000000000000) ) ) 
 REPRESENTATION_ITEM ( '' )  SURFACE ( )  );
#4344 = CARTESIAN_POINT ( 'NONE',  ( -7.577720000373704856, 9.126433365741132064, 0.000000000000000000 ) ) ;
#4345 = AXIS2_PLACEMENT_3D ( 'NONE', #942, #4616, #7190 ) ;
#4346 = CARTESIAN_POINT ( 'NONE',  ( -12.60876818853258641, -1.051893166807204905, 0.000000000000000000 ) ) ;
#4347 = CARTESIAN_POINT ( 'NONE',  ( 2.724978029605303220, -13.06987279011078940, 8.000000000000000000 ) ) ;
#4348 = CARTESIAN_POINT ( 'NONE',  ( -11.34404188716884931, -6.619621129381234148, 8.000000000000000000 ) ) ;
#4349 = DIRECTION ( 'NONE',  ( -0.9510565162951511997, -0.3090169943749548898, 0.000000000000000000 ) ) ;
#4350 = CARTESIAN_POINT ( 'NONE',  ( -9.582420452220629770, 8.262247439007792238, 0.000000000000000000 ) ) ;
#4351 = EDGE_CURVE ( 'NONE', #4960, #6720, #7651, .T. ) ;
#4352 = CARTESIAN_POINT ( 'NONE',  ( 1.377525651863733325, -13.16905850672525347, 0.000000000000000000 ) ) ;
#4353 = CARTESIAN_POINT ( 'NONE',  ( -12.05320353502386155, 0.8231400688185195325, 0.000000000000000000 ) ) ;
#4354 = DIRECTION ( 'NONE',  ( 0.000000000000000000, -0.000000000000000000, -1.000000000000000000 ) ) ;
#4355 = ORIENTED_EDGE ( 'NONE', *, *, #2149, .T. ) ;
#4356 = CARTESIAN_POINT ( 'NONE',  ( -11.73452356626242121, 4.965029436117465167, 8.000000000000000000 ) ) ;
#4357 = PLANE ( 'NONE',  #720 ) ;
#4358 = DIRECTION ( 'NONE',  ( -0.7928081228463432772, 0.000000000000000000, -0.6094713121623177576 ) ) ;
#4359 = CARTESIAN_POINT ( 'NONE',  ( -1.709570872969507382, -13.62596226217982753, 0.000000000000000000 ) ) ;
#4360 = CARTESIAN_POINT ( 'NONE',  ( -2.853169548885460483, 0.9270509831248444632, 0.000000000000000000 ) ) ;
#4361 = MECHANICAL_CONTEXT ( 'NONE', #343, 'mechanical' ) ;
#4362 = CARTESIAN_POINT ( 'NONE',  ( -6.338109664291160961, -10.02706299306011140, 8.000000000000000000 ) ) ;
#4363 = VERTEX_POINT ( 'NONE', #4038 ) ;
#4364 = LINE ( 'NONE', #5653, #2225 ) ;
#4365 = AXIS2_PLACEMENT_3D ( 'NONE', #4751, #5419, #2266 ) ;
#4366 = ORIENTED_EDGE ( 'NONE', *, *, #4435, .F. ) ;
#4367 = CARTESIAN_POINT ( 'NONE',  ( 4.542018187747301816, -11.25643158326919746, 8.000000000000000000 ) ) ;
#4368 = CARTESIAN_POINT ( 'NONE',  ( -5.781365353078006919, -12.39393210983944726, 0.000000000000000000 ) ) ;
#4369 = CARTESIAN_POINT ( 'NONE',  ( -1.709570873003885438, 13.62596226222339801, 0.000000000000000000 ) ) ;
#4370 = CARTESIAN_POINT ( 'NONE',  ( -8.743249532614813191, -9.801135538539540448, 0.000000000000000000 ) ) ;
#4371 = CARTESIAN_POINT ( 'NONE',  ( -8.704427730807687169, -6.622827502596317473, 0.000000000000000000 ) ) ;
#4372 = CARTESIAN_POINT ( 'NONE',  ( 12.30068812565075298, 0.9123192481544342147, 0.000000000000000000 ) ) ;
#4373 = VERTEX_POINT ( 'NONE', #6529 ) ;
#4374 = CARTESIAN_POINT ( 'NONE',  ( -6.619621129381116020, -11.34404188716891859, 0.000000000000000000 ) ) ;
#4375 = CARTESIAN_POINT ( 'NONE',  ( 9.539420412439005403, -8.181339682155870818, 8.000000000000000000 ) ) ;
#4376 = CARTESIAN_POINT ( 'NONE',  ( 14.20357323011726436, 53.98208637014782596, 7.020911165630907114 ) ) ;
#4377 = EDGE_CURVE ( 'NONE', #3519, #6704, #6668, .T. ) ;
#4378 = DIRECTION ( 'NONE',  ( -1.000000000000000000, 0.000000000000000000, 0.000000000000000000 ) ) ;
#4379 = CARTESIAN_POINT ( 'NONE',  ( 11.90787246215812623, -2.937812879663733945, 8.000000000000000000 ) ) ;
#4380 = CARTESIAN_POINT ( 'NONE',  ( 9.699971161946937315, 6.186699299581561284, 8.000000000000000000 ) ) ;
#4381 = ORIENTED_EDGE ( 'NONE', *, *, #1766, .F. ) ;
#4382 = CARTESIAN_POINT ( 'NONE',  ( 2.600000000000000089, 0.000000000000000000, -2.000000000000000000 ) ) ;
#4383 = VERTEX_POINT ( 'NONE', #5913 ) ;
#4384 = CARTESIAN_POINT ( 'NONE',  ( -13.16905850672524814, -1.377525651863779288, 8.000000000000000000 ) ) ;
#4385 = CARTESIAN_POINT ( 'NONE',  ( 13.48734665307399538, -2.584755384919095622, 0.000000000000000000 ) ) ;
#4386 = CARTESIAN_POINT ( 'NONE',  ( 2.940710835118548250, -11.66361783702273947, 8.000000000000000000 ) ) ;
#4387 = CARTESIAN_POINT ( 'NONE',  ( -10.64346975476062340, -6.527568552596192397, 8.000000000000000000 ) ) ;
#4388 = CARTESIAN_POINT ( 'NONE',  ( -6.630420918280122144, 11.58812316373723483, 8.000000000000000000 ) ) ;
#4389 = CARTESIAN_POINT ( 'NONE',  ( -9.539420412438941455, 8.181339682155941873, 0.000000000000000000 ) ) ;
#4390 = CARTESIAN_POINT ( 'NONE',  ( 0.9420826277741565224, -12.37227591337642352, 8.000000000000000000 ) ) ;
#4391 =( BOUNDED_CURVE ( )  B_SPLINE_CURVE ( 3, ( #3923, #2060, #4631, #5381 ),
 .UNSPECIFIED., .F., .F. ) 
 B_SPLINE_CURVE_WITH_KNOTS ( ( 4, 4 ),
 ( 2.587211061947447988, 3.141592653589794004 ),
 .UNSPECIFIED. ) 
 CURVE ( )  GEOMETRIC_REPRESENTATION_ITEM ( )  RATIONAL_B_SPLINE_CURVE ( ( 1.000000000000000000, 0.9745519897259311559, 0.9745519897259311559, 1.000000000000000000 ) ) 
 REPRESENTATION_ITEM ( '' )  );
#4392 = LINE ( 'NONE', #6235, #5232 ) ;
#4393 = CARTESIAN_POINT ( 'NONE',  ( -11.02139818175203878, 4.386616976970920234, 0.000000000000000000 ) ) ;
#4394 = EDGE_CURVE ( 'NONE', #4171, #856, #6752, .T. ) ;
#4395 = DIRECTION ( 'NONE',  ( 0.3090169943749447867, 0.9510565162951544194, 0.000000000000000000 ) ) ;
#4396 = CARTESIAN_POINT ( 'NONE',  ( 10.13775510802974722, -6.383929952666072438, 0.000000000000000000 ) ) ;
#4397 = CARTESIAN_POINT ( 'NONE',  ( 5.130407953563899781, 33.56205223573671503, 18.60884926629495340 ) ) ;
#4398 = CARTESIAN_POINT ( 'NONE',  ( -12.51119373526728218, 2.862521721341717118, 8.000000000000000000 ) ) ;
#4399 = VERTEX_POINT ( 'NONE', #5831 ) ;
#4400 = DIRECTION ( 'NONE',  ( -0.000000000000000000, 0.000000000000000000, -1.000000000000000000 ) ) ;
#4401 = ORIENTED_EDGE ( 'NONE', *, *, #1537, .T. ) ;
#4402 = CIRCLE ( 'NONE', #6140, 13.75000000000000000 ) ;
#4403 = CARTESIAN_POINT ( 'NONE',  ( 0.4260874975244624552, 11.01956640902658613, 8.000000000000000000 ) ) ;
#4404 = CARTESIAN_POINT ( 'NONE',  ( 6.492081297254545191, -10.48771353560518449, 0.000000000000000000 ) ) ;
#4405 = DIRECTION ( 'NONE',  ( -0.6546641047351257070, 0.2127132620451255285, -0.7253743710122920740 ) ) ;
#4406 = CARTESIAN_POINT ( 'NONE',  ( -1.447204694645796375, 13.27225220462997157, 8.000000000000000000 ) ) ;
#4407 = CARTESIAN_POINT ( 'NONE',  ( -1.600954125870928113, -13.48577048812304291, 8.000000000000000000 ) ) ;
#4408 = EDGE_LOOP ( 'NONE', ( #2031, #1650, #1389, #355, #4322, #1581, #1549, #4200, #947, #2196, #2861, #1239, #4755, #5384, #5908, #2704, #2197, #3100, #7207, #3466 ) ) ;
#4409 = CARTESIAN_POINT ( 'NONE',  ( -9.149886257342867424, -7.604022508570406735, 0.000000000000000000 ) ) ;
#4410 = CARTESIAN_POINT ( 'NONE',  ( 11.87194576742585816, 0.7736152328234355835, 8.000000000000000000 ) ) ;
#4411 = VERTEX_POINT ( 'NONE', #7192 ) ;
#4412 = CARTESIAN_POINT ( 'NONE',  ( 11.95399604505279889, 0.7941151212464765408, 8.000000000000000000 ) ) ;
#4413 = LINE ( 'NONE', #3170, #7982 ) ;
#4414 = EDGE_CURVE ( 'NONE', #220, #7024, #1455, .T. ) ;
#4415 = CARTESIAN_POINT ( 'NONE',  ( 13.64173013562590775, 1.722120468131038029, 8.000000000000000000 ) ) ;
#4416 = CARTESIAN_POINT ( 'NONE',  ( -2.941792002709039178, 11.71764203423212081, 8.000000000000000000 ) ) ;
#4417 = CARTESIAN_POINT ( 'NONE',  ( 10.23507608951697634, 6.418760976341473246, 8.000000000000000000 ) ) ;
#4418 = EDGE_LOOP ( 'NONE', ( #1241, #2308, #4992, #5314 ) ) ;
#4419 = CARTESIAN_POINT ( 'NONE',  ( 11.36047427339668481, -4.622531273494424831, 8.000000000000000000 ) ) ;
#4420 = EDGE_LOOP ( 'NONE', ( #294, #7618 ) ) ;
#4421 = CARTESIAN_POINT ( 'NONE',  ( -8.855020039375045116, 9.844302869038607184, 0.000000000000000000 ) ) ;
#4422 = CARTESIAN_POINT ( 'NONE',  ( 13.86831054194850843, 34.01821312868957392, -13.28508304997271061 ) ) ;
#4423 = CARTESIAN_POINT ( 'NONE',  ( 2.607747690747154845, -13.42510299664337658, 8.000000000000000000 ) ) ;
#4424 = CARTESIAN_POINT ( 'NONE',  ( -10.13775510802965485, -6.383929952666218988, 8.000000000000000000 ) ) ;
#4425 = CARTESIAN_POINT ( 'NONE',  ( 13.75035795513251635, 52.02745424127731866, -18.69378740028920660 ) ) ;
#4426 = CARTESIAN_POINT ( 'NONE',  ( -9.376012365377862423, 7.906868104074034953, 8.000000000000000000 ) ) ;
#4427 = CARTESIAN_POINT ( 'NONE',  ( 1.521639563755415203, -13.37787302532245448, 0.000000000000000000 ) ) ;
#4428 = CARTESIAN_POINT ( 'NONE',  ( -10.41722559423735639, 6.473761040516410326, 8.000000000000000000 ) ) ;
#4429 = CARTESIAN_POINT ( 'NONE',  ( -12.02324651265881705, 5.286606996006939063, 0.000000000000000000 ) ) ;
#4430 = CARTESIAN_POINT ( 'NONE',  ( 0.000000000000000000, 0.000000000000000000, 0.000000000000000000 ) ) ;
#4431 = CIRCLE ( 'NONE', #1526, 1.000000000000001776 ) ;
#4432 = CARTESIAN_POINT ( 'NONE',  ( 9.234787594130693833, 7.707558585906980397, 8.000000000000000000 ) ) ;
#4433 = CARTESIAN_POINT ( 'NONE',  ( -12.33100786788146586, -5.689930116769362556, 0.000000000000000000 ) ) ;
#4434 = CARTESIAN_POINT ( 'NONE',  ( -11.90787246215810669, 2.937812879663815657, 8.000000000000000000 ) ) ;
#4435 = EDGE_CURVE ( 'NONE', #4171, #1468, #7049, .T. ) ;
#4436 = ORIENTED_EDGE ( 'NONE', *, *, #5044, .T. ) ;
#4437 = AXIS2_PLACEMENT_3D ( 'NONE', #6192, #3146, #1132 ) ;
#4438 = CARTESIAN_POINT ( 'NONE',  ( 12.60876818853260239, -1.051893166807028823, 8.000000000000000000 ) ) ;
#4439 = EDGE_CURVE ( 'NONE', #7359, #3519, #6314, .T. ) ;
#4440 = VERTEX_POINT ( 'NONE', #2384 ) ;
#4441 = ADVANCED_FACE ( 'NONE', ( #8066 ), #7756, .T. ) ;
#4442 = DIRECTION ( 'NONE',  ( 0.000000000000000000, 0.000000000000000000, -1.000000000000000000 ) ) ;
#4443 = CARTESIAN_POINT ( 'NONE',  ( 6.631537913675626505, -11.85123473191533172, 0.000000000000000000 ) ) ;
#4444 = CARTESIAN_POINT ( 'NONE',  ( 0.000000000000000000, 0.000000000000000000, 8.000000000000000000 ) ) ;
#4445 = CARTESIAN_POINT ( 'NONE',  ( 7.152395453489308608, -8.544655887209419376, 8.000000000000000000 ) ) ;
#4446 = CARTESIAN_POINT ( 'NONE',  ( 0.000000000000000000, 0.000000000000000000, 8.000000000000000000 ) ) ;
#4447 = ORIENTED_EDGE ( 'NONE', *, *, #2522, .T. ) ;
#4448 = DIRECTION ( 'NONE',  ( -0.000000000000000000, -0.000000000000000000, -1.000000000000000000 ) ) ;
#4449 = CARTESIAN_POINT ( 'NONE',  ( -2.938739567862377555, 11.61432090236920978, 8.000000000000000000 ) ) ;
#4450 = CARTESIAN_POINT ( 'NONE',  ( -5.916238915411988764, -9.442776183394473222, 0.000000000000000000 ) ) ;
#4451 = AXIS2_PLACEMENT_3D ( 'NONE', #2558, #739, #5122 ) ;
#4452 = CARTESIAN_POINT ( 'NONE',  ( 13.19332579941575467, 2.686824890852877346, 0.000000000000000000 ) ) ;
#4453 = CARTESIAN_POINT ( 'NONE',  ( 10.18403012388279549, -6.401038329813871108, 8.000000000000000000 ) ) ;
#4454 = CARTESIAN_POINT ( 'NONE',  ( 1.051893166807160940, -12.60876818853258996, 0.000000000000000000 ) ) ;
#4455 = B_SPLINE_CURVE_WITH_KNOTS ( 'NONE', 3,
 ( #7624, #3217, #1981, #1360, #3762, #3802, #8163, #5755, #1322, #2485, #1939, #7551, #4465, #7005, #81, #1208, #7040, #3843, #2600, #6345, #5126, #7587, #625, #7667, #3724, #4505, #6886, #6266, #6928 ),
 .UNSPECIFIED., .F., .F.,
 ( 4, 1, 1, 1, 1, 1, 1, 1, 1, 1, 1, 1, 1, 1, 1, 1, 1, 1, 1, 1, 1, 1, 1, 1, 1, 1, 4 ),
 ( 0.000000000000000000, 0.1659160033276295687, 0.1709059215442318980, 0.1766635194393566533, 0.1831887970181514946, 0.1904817542841363842, 0.1985423912398269763, 0.2073707078870824505, 0.2169667042273148994, 0.2273303802616239988, 0.2384617359908808298, 0.2503607714157882747, 0.2630274865369212067, 0.2764618813547564669, 0.2906639558696927361, 0.3056337100820685215, 0.3213711439921715929, 0.3378762576002503071, 0.3551490509065193812, 0.3731895239111665541, 0.3919976766143570268, 0.4115735090162354615, 0.4319170211169303109, 0.4530282129165571492, 0.4749070844152180060, 0.4975536356130059734, 0.5074316978669441980 ),
 .UNSPECIFIED. ) ;
#4456 = ORIENTED_EDGE ( 'NONE', *, *, #2843, .F. ) ;
#4457 = CARTESIAN_POINT ( 'NONE',  ( 12.17545110014134657, -5.477724940116727836, 0.000000000000000000 ) ) ;
#4458 = EDGE_CURVE ( 'NONE', #3315, #5393, #7568, .T. ) ;
#4459 = VERTEX_POINT ( 'NONE', #3200 ) ;
#4460 = VECTOR ( 'NONE', #6166, 1000.000000000000114 ) ;
#4461 = CARTESIAN_POINT ( 'NONE',  ( -9.442776183394581579, -5.916238915412262322, 8.000000000000000000 ) ) ;
#4462 = CARTESIAN_POINT ( 'NONE',  ( 7.744766205448653906, 57.22404269875026728, -14.26727816506351232 ) ) ;
#4463 = CARTESIAN_POINT ( 'NONE',  ( 0.8412873393390029042, -12.10906341627276639, 8.000000000000000000 ) ) ;
#4464 = CARTESIAN_POINT ( 'NONE',  ( 11.46368139467869263, 6.626136714284793783, 0.000000000000000000 ) ) ;
#4465 = CARTESIAN_POINT ( 'NONE',  ( 12.30068812565075298, 0.9123192481544342147, 0.000000000000000000 ) ) ;
#4466 = CARTESIAN_POINT ( 'NONE',  ( 10.02706299306013626, -6.338109664291120993, 8.000000000000000000 ) ) ;
#4467 = CIRCLE ( 'NONE', #5129, 13.75000000000000000 ) ;
#4468 = CARTESIAN_POINT ( 'NONE',  ( 1.011712205768922734, -12.52642403931682580, 8.000000000000000000 ) ) ;
#4469 = VECTOR ( 'NONE', #7889, 1000.000000000000114 ) ;
#4470 = ADVANCED_FACE ( 'NONE', ( #7447 ), #7089, .T. ) ;
#4471 = CARTESIAN_POINT ( 'NONE',  ( -4.580317944817310583, -11.30699639290210357, 0.000000000000000000 ) ) ;
#4472 = DIRECTION ( 'NONE',  ( -0.000000000000000000, 0.000000000000000000, -1.000000000000000000 ) ) ;
#4473 = AXIS2_PLACEMENT_3D ( 'NONE', #4244, #4949, #7403 ) ;
#4474 = DIRECTION ( 'NONE',  ( 0.7237771210982812953, 0.1939354950984077397, -0.6622202826217415961 ) ) ;
#4475 = CARTESIAN_POINT ( 'NONE',  ( 10.81899503309362487, -6.560248542579958375, 0.000000000000000000 ) ) ;
#4476 = CARTESIAN_POINT ( 'NONE',  ( -12.95019774290648584, -2.759358130927394903, 8.000000000000000000 ) ) ;
#4477 = CARTESIAN_POINT ( 'NONE',  ( -12.23289380645680779, 0.8857088747961243680, 8.000000000000000000 ) ) ;
#4478 = PLANE ( 'NONE',  #6556 ) ;
#4479 = PERSON_AND_ORGANIZATION ( #316, #4205 ) ;
#4480 = EDGE_CURVE ( 'NONE', #5672, #5466, #627, .T. ) ;
#4481 = VERTEX_POINT ( 'NONE', #4564 ) ;
#4482 = CARTESIAN_POINT ( 'NONE',  ( 6.231836464888957039, -8.988499347771035985, 8.000000000000000000 ) ) ;
#4483 = CARTESIAN_POINT ( 'NONE',  ( -0.8231400688185612768, 12.05320353502385977, 8.000000000000000000 ) ) ;
#4484 = CARTESIAN_POINT ( 'NONE',  ( -2.886444749236990681, -11.13701600410304948, 0.000000000000000000 ) ) ;
#4485 = LINE ( 'NONE', #6983, #8054 ) ;
#4486 = CARTESIAN_POINT ( 'NONE',  ( -6.544354946388659222, -10.72875944066948506, 0.000000000000000000 ) ) ;
#4487 = CARTESIAN_POINT ( 'NONE',  ( -1.051893166807160940, -12.60876818853259174, 8.000000000000000000 ) ) ;
#4488 = ORIENTED_EDGE ( 'NONE', *, *, #6873, .T. ) ;
#4489 = CARTESIAN_POINT ( 'NONE',  ( -11.96219333340844848, 6.628700411335436193, 8.000000000000000000 ) ) ;
#4490 = CARTESIAN_POINT ( 'NONE',  ( 12.00148937107101865, 0.8074739252557537883, 8.000000000000000000 ) ) ;
#4491 = CARTESIAN_POINT ( 'NONE',  ( -6.401038329813911965, -10.18403012388277062, 8.000000000000000000 ) ) ;
#4492 = EDGE_CURVE ( 'NONE', #1934, #1728, #4898, .T. ) ;
#4493 = CARTESIAN_POINT ( 'NONE',  ( 16.27412559093743383, 46.25467975983527680, 7.020911165630904449 ) ) ;
#4494 = CARTESIAN_POINT ( 'NONE',  ( 0.000000000000000000, 0.000000000000000000, 0.000000000000000000 ) ) ;
#4495 = CARTESIAN_POINT ( 'NONE',  ( 0.7639867559471070768, -11.11684438996312174, 0.000000000000000000 ) ) ;
#4496 = EDGE_LOOP ( 'NONE', ( #2521, #6596, #760, #3937 ) ) ;
#4497 = CARTESIAN_POINT ( 'NONE',  ( 11.94884645308981241, -5.198761634262732301, 8.000000000000000000 ) ) ;
#4498 = ORIENTED_EDGE ( 'NONE', *, *, #8024, .T. ) ;
#4499 = B_SPLINE_SURFACE_WITH_KNOTS ( 'NONE', 3, 1, ( 
 ( #5842, #8020 ),
 ( #3619, #5028 ),
 ( #602, #2338 ),
 ( #3047, #4862 ),
 ( #442, #3741 ),
 ( #1224, #5622 ),
 ( #8103, #7400 ),
 ( #1566, #6282 ),
 ( #5542, #4091 ),
 ( #1805, #1187 ),
 ( #3121, #4281 ),
 ( #6207, #6861 ),
 ( #3661, #3703 ),
 ( #8140, #1845 ),
 ( #6247, #4325 ),
 ( #4987, #3085 ),
 ( #4240, #5657 ),
 ( #6776, #530 ),
 ( #1722, #2423 ),
 ( #2463, #8180 ),
 ( #1103, #7528 ),
 ( #6164, #569 ),
 ( #7445, #5584 ),
 ( #2957, #4946 ),
 ( #2506, #5497 ),
 ( #7485, #1147 ),
 ( #6623, #4368 ),
 ( #6904, #1063 ),
 ( #485, #3002 ) ),
 .UNSPECIFIED., .F., .F., .F.,
 ( 4, 1, 1, 1, 1, 1, 1, 1, 1, 1, 1, 1, 1, 1, 1, 1, 1, 1, 1, 1, 1, 1, 1, 1, 1, 1, 4 ),
 ( 2, 2 ),
 ( 0.000000000000000000, 0.1659160033276295965, 0.1709059215442318702, 0.1766635194393565977, 0.1831887970181514669, 0.1904817542841364120, 0.1985423912398269763, 0.2073707078870824227, 0.2169667042273148716, 0.2273303802616240543, 0.2384617359908808021, 0.2503607714157882191, 0.2630274865369212067, 0.2764618813547564669, 0.2906639558696927361, 0.3056337100820685215, 0.3213711439921715929, 0.3378762576002502516, 0.3551490509065193812, 0.3731895239111665541, 0.3919976766143570268, 0.4115735090162354615, 0.4319170211169303109, 0.4530282129165571492, 0.4749070844152180060, 0.4975536356130058624, 0.5074316978669450862 ),
 ( 0.000000000000000000, 1.000000000000000000 ),
 .UNSPECIFIED. ) ;
#4500 = CARTESIAN_POINT ( 'NONE',  ( -12.78342018721906648, -1.143751547996515683, 8.000000000000000000 ) ) ;
#4501 = B_SPLINE_CURVE_WITH_KNOTS ( 'NONE', 3,
 ( #7482, #1185, #3700, #6245, #8175, #5696, #4983, #1842, #6980, #6318, #5104, #1337, #6358, #762, #5815, #5023, #4438, #3118, #6278, #5731, #1221, #3776, #7639, #7682, #7524, #681, #3857, #7599, #3155 ),
 .UNSPECIFIED., .F., .F.,
 ( 4, 1, 1, 1, 1, 1, 1, 1, 1, 1, 1, 1, 1, 1, 1, 1, 1, 1, 1, 1, 1, 1, 1, 1, 1, 1, 4 ),
 ( 0.000000000000000000, 0.1659160033276295965, 0.1709059215442318702, 0.1766635194393565977, 0.1831887970181514669, 0.1904817542841364120, 0.1985423912398269763, 0.2073707078870824227, 0.2169667042273148716, 0.2273303802616240543, 0.2384617359908808021, 0.2503607714157882191, 0.2630274865369212067, 0.2764618813547564669, 0.2906639558696927361, 0.3056337100820685215, 0.3213711439921715929, 0.3378762576002502516, 0.3551490509065193812, 0.3731895239111665541, 0.3919976766143570268, 0.4115735090162354615, 0.4319170211169303109, 0.4530282129165571492, 0.4749070844152180060, 0.4975536356130058624, 0.5074316978669448641 ),
 .UNSPECIFIED. ) ;
#4502 = CARTESIAN_POINT ( 'NONE',  ( 13.56508516910730222, 35.14986562627696998, -13.28508304997271061 ) ) ;
#4503 = CYLINDRICAL_SURFACE ( 'NONE', #4365, 5.000000000000001776 ) ;
#4504 = CARTESIAN_POINT ( 'NONE',  ( -10.35164078446979374, -6.455308898419827024, 0.000000000000000000 ) ) ;
#4505 = CARTESIAN_POINT ( 'NONE',  ( 13.48577048812302337, 1.600954125871069111, 0.000000000000000000 ) ) ;
#4506 = CARTESIAN_POINT ( 'NONE',  ( 7.604022508570240646, 9.149886257343000651, 8.000000000000000000 ) ) ;
#4507 = DIRECTION ( 'NONE',  ( -0.7423636110990704529, 0.000000000000000000, 0.6699972156031307469 ) ) ;
#4508 = DIRECTION ( 'NONE',  ( 0.000000000000000000, 0.000000000000000000, -1.000000000000000000 ) ) ;
#4509 = CARTESIAN_POINT ( 'NONE',  ( 0.000000000000000000, 0.000000000000000000, 8.000000000000000000 ) ) ;
#4510 = B_SPLINE_CURVE_WITH_KNOTS ( 'NONE', 3,
 ( #574, #4993, #3090, #1770, #7406, #2922, #408, #3666, #5457, #6914, #8108, #6214, #3009, #490, #6126, #1729, #4912, #4330, #1810, #4868, #4288, #6169, #5629, #2345, #4953, #5589, #7491, #1192, #4246 ),
 .UNSPECIFIED., .F., .F.,
 ( 4, 1, 1, 1, 1, 1, 1, 1, 1, 1, 1, 1, 1, 1, 1, 1, 1, 1, 1, 1, 1, 1, 1, 1, 1, 1, 4 ),
 ( 0.000000000000000000, 0.1659160033276295965, 0.1709059215442318702, 0.1766635194393565977, 0.1831887970181514669, 0.1904817542841364120, 0.1985423912398269763, 0.2073707078870824227, 0.2169667042273148716, 0.2273303802616240543, 0.2384617359908808021, 0.2503607714157882191, 0.2630274865369212067, 0.2764618813547564669, 0.2906639558696927361, 0.3056337100820685215, 0.3213711439921715929, 0.3378762576002502516, 0.3551490509065193812, 0.3731895239111665541, 0.3919976766143570268, 0.4115735090162354615, 0.4319170211169303109, 0.4530282129165571492, 0.4749070844152180060, 0.4975536356130058624, 0.5074316978669446421 ),
 .UNSPECIFIED. ) ;
#4511 = DIRECTION ( 'NONE',  ( 1.000000000000000000, 0.000000000000000000, -0.000000000000000000 ) ) ;
#4512 = CARTESIAN_POINT ( 'NONE',  ( 9.175863790627152738, 7.634358818669958247, 8.000000000000000000 ) ) ;
#4513 = CARTESIAN_POINT ( 'NONE',  ( -11.77637575328569319, -2.941794575437323811, 0.000000000000000000 ) ) ;
#4514 = CARTESIAN_POINT ( 'NONE',  ( -12.16898868378441989, 0.8620871873791865481, 8.000000000000000000 ) ) ;
#4515 = CARTESIAN_POINT ( 'NONE',  ( -8.348190801685211326, 9.625916629980727279, 8.000000000000000000 ) ) ;
#4516 = EDGE_LOOP ( 'NONE', ( #3678, #3747, #7195, #3081, #2546, #6902 ) ) ;
#4517 = CARTESIAN_POINT ( 'NONE',  ( 6.401038329814059402, -10.18403012388267825, 8.000000000000000000 ) ) ;
#4518 = DIRECTION ( 'NONE',  ( -0.6396556736767861073, -0.1713952211956810967, -0.7493092133988348280 ) ) ;
#4519 = CARTESIAN_POINT ( 'NONE',  ( 10.64346975476057366, 6.527568552596270557, 8.000000000000000000 ) ) ;
#4520 = CARTESIAN_POINT ( 'NONE',  ( -1.600954125870927891, 13.48577048812304113, 8.000000000000000000 ) ) ;
#4521 = CARTESIAN_POINT ( 'NONE',  ( 0.000000000000000000, 0.000000000000000000, 8.000000000000000000 ) ) ;
#4522 = DIRECTION ( 'NONE',  ( -0.000000000000000000, 0.000000000000000000, -1.000000000000000000 ) ) ;
#4523 = CARTESIAN_POINT ( 'NONE',  ( -6.625183064395817389, -12.04862852623661951, 0.000000000000000000 ) ) ;
#4524 = CARTESIAN_POINT ( 'NONE',  ( -0.9751606640715428931, -12.44755643926125899, 8.000000000000000000 ) ) ;
#4525 = VERTEX_POINT ( 'NONE', #1380 ) ;
#4526 = CARTESIAN_POINT ( 'NONE',  ( -9.442776183394450129, 5.916238915412022514, 8.000000000000000000 ) ) ;
#4527 = CARTESIAN_POINT ( 'NONE',  ( -2.941792002709039178, 11.71764203423212081, 0.000000000000000000 ) ) ;
#4528 = EDGE_CURVE ( 'NONE', #4525, #3253, #3325, .T. ) ;
#4529 = CARTESIAN_POINT ( 'NONE',  ( 12.37227591337641286, 0.9420826277742860855, 8.000000000000000000 ) ) ;
#4530 = CARTESIAN_POINT ( 'NONE',  ( -6.367618434587577703, 10.09620455160486507, 0.000000000000000000 ) ) ;
#4531 = CARTESIAN_POINT ( 'NONE',  ( 10.64346975476071577, -6.527568552596036078, 0.000000000000000000 ) ) ;
#4532 = EDGE_CURVE ( 'NONE', #555, #4579, #670, .T. ) ;
#4533 = DIRECTION ( 'NONE',  ( 0.7605637668489736436, -6.938893903907196034E-15, -0.6492632413409066272 ) ) ;
#4534 = ORIENTED_EDGE ( 'NONE', *, *, #7223, .T. ) ;
#4535 = CARTESIAN_POINT ( 'NONE',  ( 12.44189184801367709, -5.853360337646297928, 8.000000000000000000 ) ) ;
#4536 = VERTEX_POINT ( 'NONE', #854 ) ;
#4537 = CARTESIAN_POINT ( 'NONE',  ( -12.87548337994385683, -1.195724957047582082, 8.000000000000000000 ) ) ;
#4538 = ADVANCED_FACE ( 'NONE', ( #228 ), #2748, .F. ) ;
#4539 = CARTESIAN_POINT ( 'NONE',  ( 12.61481170127152751, -2.841541163097917710, 0.000000000000000000 ) ) ;
#4540 = CARTESIAN_POINT ( 'NONE',  ( 2.708699257713905073, -10.80883218877888829, 0.000000000000000000 ) ) ;
#4541 = CARTESIAN_POINT ( 'NONE',  ( 7.637339272554340752, 33.21351727946181853, -9.010682701304943976 ) ) ;
#4542 = CARTESIAN_POINT ( 'NONE',  ( -2.577692551524029874, -13.50622083004041407, 8.000000000000000000 ) ) ;
#4543 = CARTESIAN_POINT ( 'NONE',  ( 10.91417308631850247, -6.575057906251617013, 8.000000000000000000 ) ) ;
#4544 = CARTESIAN_POINT ( 'NONE',  ( -6.619621129381116020, -11.34404188716891859, 8.000000000000000000 ) ) ;
#4545 = LINE ( 'NONE', #6459, #5931 ) ;
#4546 = CARTESIAN_POINT ( 'NONE',  ( -4.386616976970878490, -11.02139818175205477, 0.000000000000000000 ) ) ;
#4547 = CARTESIAN_POINT ( 'NONE',  ( -5.781365353078097513, 12.39393210983940463, 8.000000000000000000 ) ) ;
#4548 = CYLINDRICAL_SURFACE ( 'NONE', #4739, 13.75000000000000000 ) ;
#4549 = CARTESIAN_POINT ( 'NONE',  ( 9.126433365741046799, 7.577720000373803444, 0.000000000000000000 ) ) ;
#4550 = CARTESIAN_POINT ( 'NONE',  ( -11.61432090236920089, -2.938739567862419300, 8.000000000000000000 ) ) ;
#4551 = CARTESIAN_POINT ( 'NONE',  ( -12.02324651265878153, -5.286606996007026105, 8.000000000000000000 ) ) ;
#4552 = CARTESIAN_POINT ( 'NONE',  ( -7.707558585906881810, 9.234787594130779098, 8.000000000000000000 ) ) ;
#4553 = ORIENTED_EDGE ( 'NONE', *, *, #3197, .F. ) ;
#4554 = EDGE_LOOP ( 'NONE', ( #7178, #1879, #455, #3163 ) ) ;
#4555 = CARTESIAN_POINT ( 'NONE',  ( 13.37787302532243849, 1.521639563755555313, 8.000000000000000000 ) ) ;
#4556 = EDGE_CURVE ( 'NONE', #1779, #902, #4693, .T. ) ;
#4557 = CARTESIAN_POINT ( 'NONE',  ( 9.204216794247480848, 7.668835209823122057, 0.000000000000000000 ) ) ;
#4558 = EDGE_CURVE ( 'NONE', #1184, #4662, #7227, .T. ) ;
#4559 = CARTESIAN_POINT ( 'NONE',  ( 9.886832010614865496, -8.972047302895321153, 8.000000000000000000 ) ) ;
#4560 = CARTESIAN_POINT ( 'NONE',  ( 6.575057906251815965, -10.91417308631837813, 8.000000000000000000 ) ) ;
#4561 = LINE ( 'NONE', #850, #7859 ) ;
#4562 = CARTESIAN_POINT ( 'NONE',  ( 8.034402175150832548, -9.455639197970691967, 8.000000000000000000 ) ) ;
#4563 = CARTESIAN_POINT ( 'NONE',  ( 0.000000000000000000, 0.000000000000000000, 8.000000000000000000 ) ) ;
#4564 = CARTESIAN_POINT ( 'NONE',  ( 4.976271991613556267, 25.02359431759466446, 8.000000000000000000 ) ) ;
#4565 = CARTESIAN_POINT ( 'NONE',  ( -0.9123192481543054289, -12.30068812565076186, 8.000000000000000000 ) ) ;
#4566 = ORIENTED_EDGE ( 'NONE', *, *, #883, .F. ) ;
#4567 = PRODUCT ( '\X2\9f7f8f6e\X0\20x1.25 \X2\53f3722a\X0\', '\X2\9f7f8f6e\X0\20x1.25 \X2\53f3722a\X0\', '', ( #4361 ) ) ;
#4568 = CARTESIAN_POINT ( 'NONE',  ( 1.300400673318188760, 55.49728015868494424, -8.371002309411318620 ) ) ;
#4569 = CARTESIAN_POINT ( 'NONE',  ( -2.607747690747059810, 13.42510299664339790, 0.000000000000000000 ) ) ;
#4570 = EDGE_CURVE ( 'NONE', #3938, #4023, #7526, .T. ) ;
#4571 = CARTESIAN_POINT ( 'NONE',  ( 13.57387004037413725, 1.668469543058363591, 8.000000000000000000 ) ) ;
#4572 = B_SPLINE_SURFACE_WITH_KNOTS ( 'NONE', 3, 1, ( 
 ( #6128, #3582 ),
 ( #449, #5504 ),
 ( #1730, #2964 ),
 ( #1111, #4913 ),
 ( #7537, #4995 ),
 ( #4331, #1852 ),
 ( #97, #538 ),
 ( #4247, #6870 ),
 ( #8027, #7452 ),
 ( #1193, #6253 ),
 ( #6784, #2346 ),
 ( #1153, #3627 ),
 ( #491, #3010 ),
 ( #8071, #1771 ),
 ( #3053, #4289 ),
 ( #4375, #3091 ),
 ( #5590, #6831 ),
 ( #6915, #3667 ),
 ( #8109, #2431 ),
 ( #6290, #5630 ),
 ( #2471, #1233 ),
 ( #3749, #613 ),
 ( #5775, #1415 ),
 ( #4559, #5900 ),
 ( #2787, #3985 ),
 ( #6515, #182 ),
 ( #1542, #7221 ),
 ( #7763, #3896 ),
 ( #2697, #223 ) ),
 .UNSPECIFIED., .F., .F., .F.,
 ( 4, 1, 1, 1, 1, 1, 1, 1, 1, 1, 1, 1, 1, 1, 1, 1, 1, 1, 1, 1, 1, 1, 1, 1, 1, 1, 4 ),
 ( 2, 2 ),
 ( 0.000000000000000000, 0.1659160033276295965, 0.1709059215442318702, 0.1766635194393565977, 0.1831887970181514669, 0.1904817542841364120, 0.1985423912398269763, 0.2073707078870824227, 0.2169667042273148716, 0.2273303802616240543, 0.2384617359908808021, 0.2503607714157882191, 0.2630274865369212067, 0.2764618813547564669, 0.2906639558696927361, 0.3056337100820685215, 0.3213711439921715929, 0.3378762576002502516, 0.3551490509065193812, 0.3731895239111665541, 0.3919976766143570268, 0.4115735090162354615, 0.4319170211169303109, 0.4530282129165571492, 0.4749070844152180060, 0.4975536356130058624, 0.5074316978669446421 ),
 ( 0.000000000000000000, 1.000000000000000000 ),
 .UNSPECIFIED. ) ;
#4573 = CARTESIAN_POINT ( 'NONE',  ( 2.372422943547987995, 55.78452766026119747, -18.69378740028920660 ) ) ;
#4574 = CARTESIAN_POINT ( 'NONE',  ( 10.48771353560530528, -6.492081297254353345, 8.000000000000000000 ) ) ;
#4575 = CARTESIAN_POINT ( 'NONE',  ( 5.198761634262941911, -11.94884645308972360, 8.000000000000000000 ) ) ;
#4576 = B_SPLINE_CURVE_WITH_KNOTS ( 'NONE', 3,
 ( #7619, #4461, #76, #7001, #1318, #2596, #7663, #6658, #4827, #7361, #7283, #2263, #286, #7949, #3539, #6578, #7828, #7198, #1601, #3422, #5920, #1644, #7323, #2179, #4124, #4163, #2301, #1683, #2842 ),
 .UNSPECIFIED., .F., .F.,
 ( 4, 1, 1, 1, 1, 1, 1, 1, 1, 1, 1, 1, 1, 1, 1, 1, 1, 1, 1, 1, 1, 1, 1, 1, 1, 1, 4 ),
 ( 0.000000000000000000, 0.1659160033276295965, 0.1709059215442318702, 0.1766635194393565977, 0.1831887970181514669, 0.1904817542841364120, 0.1985423912398269763, 0.2073707078870824227, 0.2169667042273148716, 0.2273303802616240543, 0.2384617359908808021, 0.2503607714157882191, 0.2630274865369212067, 0.2764618813547564669, 0.2906639558696927361, 0.3056337100820685215, 0.3213711439921715929, 0.3378762576002502516, 0.3551490509065193812, 0.3731895239111665541, 0.3919976766143570268, 0.4115735090162354615, 0.4319170211169303109, 0.4530282129165571492, 0.4749070844152180060, 0.4975536356130058624, 0.5074316978669451972 ),
 .UNSPECIFIED. ) ;
#4577 = ORIENTED_EDGE ( 'NONE', *, *, #3635, .T. ) ;
#4578 = CARTESIAN_POINT ( 'NONE',  ( 12.43077374740204100, -5.836552422531194217, 0.000000000000000000 ) ) ;
#4579 = VERTEX_POINT ( 'NONE', #312 ) ;
#4580 = PLANE ( 'NONE',  #896 ) ;
#4581 = CARTESIAN_POINT ( 'NONE',  ( -11.49488719732983810, -2.929367628693812176, 8.000000000000000000 ) ) ;
#4582 = CARTESIAN_POINT ( 'NONE',  ( 1.521639563755415203, -13.37787302532245448, 8.000000000000000000 ) ) ;
#4583 = CARTESIAN_POINT ( 'NONE',  ( -4.833073392807574642, -11.60070094346939662, 8.000000000000000000 ) ) ;
#4584 = DIRECTION ( 'NONE',  ( 0.000000000000000000, 0.000000000000000000, -1.000000000000000000 ) ) ;
#4585 = CARTESIAN_POINT ( 'NONE',  ( 11.58812316373730411, -6.630420918279993359, 8.000000000000000000 ) ) ;
#4586 = CARTESIAN_POINT ( 'NONE',  ( -12.17545110014131282, 5.477724940116812213, 0.000000000000000000 ) ) ;
#4587 = CARTESIAN_POINT ( 'NONE',  ( 11.13701600410299619, 2.886444749237187857, 8.000000000000000000 ) ) ;
#4588 = EDGE_CURVE ( 'NONE', #7886, #1738, #7976, .T. ) ;
#4589 = CARTESIAN_POINT ( 'NONE',  ( -5.115945187291566221, -11.87581303661964682, 0.000000000000000000 ) ) ;
#4590 = B_SPLINE_CURVE_WITH_KNOTS ( 'NONE', 3,
 ( #2577, #3819, #3778, #4520, #3859, #3157, #7764, #3320, #140, #6395, #183, #56, #7019, #20, #7098, #5189, #809, #5066, #5861, #6320, #4483, #721, #1300, #5105, #1918, #3198, #6981, #3236, #2698 ),
 .UNSPECIFIED., .F., .F.,
 ( 4, 1, 1, 1, 1, 1, 1, 1, 1, 1, 1, 1, 1, 1, 1, 1, 1, 1, 1, 1, 1, 1, 1, 1, 1, 1, 4 ),
 ( 0.4925683021330548028, 0.5024463643869940821, 0.5250929155847819940, 0.5469717870834428508, 0.5680829788830696891, 0.5884264909837645385, 0.6080023233856429732, 0.6268104760888334459, 0.6448509490934806188, 0.6621237423997496929, 0.6786288560078284071, 0.6943662899179314785, 0.7093360441303072639, 0.7235381186452435331, 0.7369725134630787933, 0.7496392285842117253, 0.7615382640091191702, 0.7726696197383760012, 0.7830332957726851006, 0.7926292921129175495, 0.8014576087601730237, 0.8095182457158636158, 0.8168112029818485054, 0.8233364805606433467, 0.8290940784557681020, 0.8340839966723704313, 1.000000000000000000 ),
 .UNSPECIFIED. ) ;
#4591 = DIRECTION ( 'NONE',  ( 0.5877852522924830181, -0.8090169943749402348, 0.000000000000000000 ) ) ;
#4592 = DIRECTION ( 'NONE',  ( -0.9510565162951533091, 0.3090169943749487835, 0.000000000000000000 ) ) ;
#4593 = DIRECTION ( 'NONE',  ( 0.000000000000000000, 0.000000000000000000, -1.000000000000000000 ) ) ;
#4594 = EDGE_CURVE ( 'NONE', #5303, #480, #6607, .T. ) ;
#4595 = CARTESIAN_POINT ( 'NONE',  ( -11.66361783702275012, -2.940710835118507394, 8.000000000000000000 ) ) ;
#4596 = FACE_OUTER_BOUND ( 'NONE', #5064, .T. ) ;
#4597 = AXIS2_PLACEMENT_3D ( 'NONE', #1283, #5090, #4349 ) ;
#4598 = CARTESIAN_POINT ( 'NONE',  ( -11.80431640392012760, -5.038066446831229506, 0.000000000000000000 ) ) ;
#4599 = CARTESIAN_POINT ( 'NONE',  ( 13.86841724986809332, 34.01824172099044574, -13.30610390784111630 ) ) ;
#4600 = EDGE_LOOP ( 'NONE', ( #5813, #5313, #3719, #7434 ) ) ;
#4601 = EDGE_LOOP ( 'NONE', ( #2270, #1370, #4093, #2419, #6288, #3022, #7994, #5373, #1517, #3505, #7957, #1675, #399, #2092, #2325, #2852, #3089, #8176, #5364, #771, #1917, #3295, #967, #3377, #3493, #4003, #4181, #3008, #5746, #3774, #698, #2871, #6261, #2244, #304, #2905, #313, #3051, #2167, #3274, #4169, #5971, #5333, #7384, #7926, #7573, #1475, #1343, #6470, #2673, #253, #4366, #16, #3570, #688, #1456, #2849, #640, #5596, #660, #458, #4184, #4022, #4784, #6319, #5618, #417, #2862, #1600, #4498, #2437, #6586, #7072, #7804, #6074, #7228, #5782, #3502, #1924 ) ) ;
#4602 = AXIS2_PLACEMENT_3D ( 'NONE', #5548, #572, #3623 ) ;
#4603 = CARTESIAN_POINT ( 'NONE',  ( 13.16905850672523925, 1.377525651863871214, 0.000000000000000000 ) ) ;
#4604 = CARTESIAN_POINT ( 'NONE',  ( 9.267416903471838552, 7.750629585191822102, 0.000000000000000000 ) ) ;
#4605 = AXIS2_PLACEMENT_3D ( 'NONE', #3235, #4518, #96 ) ;
#4606 = CARTESIAN_POINT ( 'NONE',  ( 10.41722559423726224, 6.473761040516560428, 0.000000000000000000 ) ) ;
#4607 = CARTESIAN_POINT ( 'NONE',  ( 5.916238915412299626, -9.442776183394560263, 8.000000000000000000 ) ) ;
#4608 = CARTESIAN_POINT ( 'NONE',  ( 11.73452356626245141, -4.965029436117384343, 0.000000000000000000 ) ) ;
#4609 = CARTESIAN_POINT ( 'NONE',  ( 9.411632514553645024, -10.02415449855979723, 8.000000000000000000 ) ) ;
#4610 = CARTESIAN_POINT ( 'NONE',  ( -7.968244849358884885, 9.415217936709918689, 8.000000000000000000 ) ) ;
#4611 = CARTESIAN_POINT ( 'NONE',  ( 23.50249363210243914, 37.46457257789783313, 3.938686206059447414 ) ) ;
#4612 = CARTESIAN_POINT ( 'NONE',  ( -13.50622083004039986, 2.577692551524081832, 0.000000000000000000 ) ) ;
#4613 = ORIENTED_EDGE ( 'NONE', *, *, #7546, .T. ) ;
#4614 = DIRECTION ( 'NONE',  ( -0.000000000000000000, -0.000000000000000000, 1.000000000000000000 ) ) ;
#4615 = CARTESIAN_POINT ( 'NONE',  ( -2.790132082466630692, 12.83440038321940335, 8.000000000000000000 ) ) ;
#4616 = DIRECTION ( 'NONE',  ( 0.000000000000000000, 0.000000000000000000, 1.000000000000000000 ) ) ;
#4617 = CARTESIAN_POINT ( 'NONE',  ( -6.631537913675538576, 11.85123473191538501, 0.000000000000000000 ) ) ;
#4618 = CARTESIAN_POINT ( 'NONE',  ( 11.71732392095630715, -6.632284204934304483, 8.000000000000000000 ) ) ;
#4619 = CARTESIAN_POINT ( 'NONE',  ( 5.581155335977028287, -12.25290083038833089, 8.000000000000000000 ) ) ;
#4620 = ORIENTED_EDGE ( 'NONE', *, *, #6331, .T. ) ;
#4621 = CARTESIAN_POINT ( 'NONE',  ( -12.43077374740200369, 5.836552422531278594, 8.000000000000000000 ) ) ;
#4622 = ORIENTED_EDGE ( 'NONE', *, *, #6543, .T. ) ;
#4623 = CIRCLE ( 'NONE', #1724, 10.93750000000000355 ) ;
#4624 = CARTESIAN_POINT ( 'NONE',  ( -12.37227591337641996, -0.9420826277741997101, 8.000000000000000000 ) ) ;
#4625 = AXIS2_PLACEMENT_3D ( 'NONE', #4252, #2394, #4832 ) ;
#4626 = CARTESIAN_POINT ( 'NONE',  ( 7.604022508570240646, 9.149886257343000651, 8.000000000000000000 ) ) ;
#4627 = CARTESIAN_POINT ( 'NONE',  ( 2.759358130927438868, -12.95019774290647341, 0.000000000000000000 ) ) ;
#4628 = DIRECTION ( 'NONE',  ( -0.8090169943749422332, -0.5877852522924802425, 0.000000000000000000 ) ) ;
#4629 = CARTESIAN_POINT ( 'NONE',  ( -13.48734665307395986, -2.584755384919285248, 0.000000000000000000 ) ) ;
#4630 = CARTESIAN_POINT ( 'NONE',  ( 11.96219333340849467, -6.628700411335347376, 8.000000000000000000 ) ) ;
#4631 = CARTESIAN_POINT ( 'NONE',  ( 13.95426812225765545, 33.23861734070236906, -13.00000000000003375 ) ) ;
#4632 = CARTESIAN_POINT ( 'NONE',  ( 11.66361783702272881, 2.940710835118589106, 8.000000000000000000 ) ) ;
#4633 = ORIENTED_EDGE ( 'NONE', *, *, #77, .F. ) ;
#4634 = CARTESIAN_POINT ( 'NONE',  ( 12.69447357664508580, -1.095856395948267670, -5.204170427930421283E-15 ) ) ;
#4635 = EDGE_CURVE ( 'NONE', #6809, #1738, #2953, .T. ) ;
#4636 = CARTESIAN_POINT ( 'NONE',  ( -4.719217338362222236, 11.47561408673059624, 8.000000000000000000 ) ) ;
#4637 = CARTESIAN_POINT ( 'NONE',  ( 0.000000000000000000, 0.000000000000000000, 8.000000000000000000 ) ) ;
#4638 = CARTESIAN_POINT ( 'NONE',  ( 8.988499347771151449, -6.231836464888791838, 8.000000000000000000 ) ) ;
#4639 = CARTESIAN_POINT ( 'NONE',  ( -10.01877448793495873, 9.392211555323809691, 0.000000000000000000 ) ) ;
#4640 = CARTESIAN_POINT ( 'NONE',  ( 9.621871361606713080, 37.02148790124943645, -11.24860397213440422 ) ) ;
#4641 = CARTESIAN_POINT ( 'NONE',  ( -11.60070094346934688, -4.833073392807702540, 8.000000000000000000 ) ) ;
#4642 = CARTESIAN_POINT ( 'NONE',  ( -9.392211555377270926, 10.01877448794996894, 0.000000000000000000 ) ) ;
#4643 = ORIENTED_EDGE ( 'NONE', *, *, #808, .F. ) ;
#4644 = ORIENTED_EDGE ( 'NONE', *, *, #2468, .F. ) ;
#4645 = ADVANCED_FACE ( 'NONE', ( #3486 ), #75, .T. ) ;
#4646 = CARTESIAN_POINT ( 'NONE',  ( 10.32496896312099111, -3.608867157514701773, 8.000000000000000000 ) ) ;
#4647 = CARTESIAN_POINT ( 'NONE',  ( 10.02415449855976703, 9.411632514553680551, 0.000000000000000000 ) ) ;
#4648 = CARTESIAN_POINT ( 'NONE',  ( 6.231836464888760752, 8.988499347771170989, 0.000000000000000000 ) ) ;
#4649 = CARTESIAN_POINT ( 'NONE',  ( 11.11684438996337221, -0.7639867559469517566, 0.000000000000000000 ) ) ;
#4650 = CARTESIAN_POINT ( 'NONE',  ( 2.908682420983991879, -12.22597347346766306, 8.000000000000000000 ) ) ;
#4651 = CARTESIAN_POINT ( 'NONE',  ( -2.607747690746961222, -13.42510299664341211, 0.000000000000000000 ) ) ;
#4652 = CARTESIAN_POINT ( 'NONE',  ( -13.62596226217983464, 1.709570872969460753, 0.000000000000000000 ) ) ;
#4653 = CARTESIAN_POINT ( 'NONE',  ( -6.632284204934351557, -11.71732392095628228, 0.000000000000000000 ) ) ;
#4654 = ORIENTED_EDGE ( 'NONE', *, *, #4061, .T. ) ;
#4655 = CARTESIAN_POINT ( 'NONE',  ( -9.204216794247592759, 7.668835209822990606, 0.000000000000000000 ) ) ;
#4656 = CARTESIAN_POINT ( 'NONE',  ( -2.927269694296075642, 12.05785317090584208, 0.000000000000000000 ) ) ;
#4657 =( BOUNDED_CURVE ( )  B_SPLINE_CURVE ( 3, ( #962, #1450, #2687, #1615 ),
 .UNSPECIFIED., .F., .F. ) 
 B_SPLINE_CURVE_WITH_KNOTS ( ( 4, 4 ),
 ( 3.141592653589794004, 3.348984875509323000 ),
 .UNSPECIFIED. ) 
 CURVE ( )  GEOMETRIC_REPRESENTATION_ITEM ( )  RATIONAL_B_SPLINE_CURVE ( ( 1.000000000000000000, 0.9964189161646830328, 0.9964189161646830328, 1.000000000000000000 ) ) 
 REPRESENTATION_ITEM ( '' )  );
#4658 = CARTESIAN_POINT ( 'NONE',  ( 8.988499347771014669, 6.231836464888988125, 8.000000000000000000 ) ) ;
#4659 = CARTESIAN_POINT ( 'NONE',  ( -10.32496896312094670, -3.608867157514845214, 0.000000000000000000 ) ) ;
#4660 = CARTESIAN_POINT ( 'NONE',  ( 8.988499347771153225, -6.231836464888791838, 0.000000000000000000 ) ) ;
#4661 = CARTESIAN_POINT ( 'NONE',  ( -9.801135538539446301, -8.743249532614916220, 8.000000000000000000 ) ) ;
#4662 = VERTEX_POINT ( 'NONE', #6243 ) ;
#4663 = CARTESIAN_POINT ( 'NONE',  ( 2.168342768942474130, 31.97461217240253717, 21.61616680320316419 ) ) ;
#4664 = ORIENTED_EDGE ( 'NONE', *, *, #7133, .F. ) ;
#4665 = CARTESIAN_POINT ( 'NONE',  ( 9.149886257342810580, 7.604022508570474237, 8.000000000000000000 ) ) ;
#4666 = EDGE_CURVE ( 'NONE', #1335, #1487, #2636, .T. ) ;
#4667 = CARTESIAN_POINT ( 'NONE',  ( 7.906868104073932813, 9.376012365377949465, -5.204170427930421283E-15 ) ) ;
#4668 = CARTESIAN_POINT ( 'NONE',  ( 7.868545703643443190, 33.92509751321587430, 17.04359809359991118 ) ) ;
#4669 = CARTESIAN_POINT ( 'NONE',  ( -11.85123473191535837, -6.631537913675579432, 8.000000000000000000 ) ) ;
#4670 = CARTESIAN_POINT ( 'NONE',  ( -11.83979557596822474, -2.940530670474283070, 0.000000000000000000 ) ) ;
#4671 = DIRECTION ( 'NONE',  ( -0.7557820683608849066, -0.2025111948712226551, 0.6227219934256155165 ) ) ;
#4672 = CARTESIAN_POINT ( 'NONE',  ( -12.02324651265881705, 5.286606996006939063, 0.000000000000000000 ) ) ;
#4673 = LINE ( 'NONE', #5172, #2212 ) ;
#4674 = ORIENTED_EDGE ( 'NONE', *, *, #5051, .F. ) ;
#4675 = CARTESIAN_POINT ( 'NONE',  ( 13.06843834723479070, -1.312474532672950112, -5.204170427930421283E-15 ) ) ;
#4676 = CARTESIAN_POINT ( 'NONE',  ( -7.604022508570310812, -9.149886257342947360, 8.000000000000000000 ) ) ;
#4677 = CARTESIAN_POINT ( 'NONE',  ( -0.2416457505997627320, 10.93483029503508597, 8.000000000000000000 ) ) ;
#4678 = CARTESIAN_POINT ( 'NONE',  ( -2.937812879663857402, 11.90787246215809780, 0.000000000000000000 ) ) ;
#4679 = CARTESIAN_POINT ( 'NONE',  ( -8.034402175150697545, -9.455639197970809207, 0.000000000000000000 ) ) ;
#4680 = CARTESIAN_POINT ( 'NONE',  ( 13.58558965527700479, 34.70367250464070707, -14.10210206688086032 ) ) ;
#4681 = CARTESIAN_POINT ( 'NONE',  ( -8.855020039375045116, 9.844302869038607184, 0.000000000000000000 ) ) ;
#4682 = AXIS2_PLACEMENT_3D ( 'NONE', #3810, #7558, #4395 ) ;
#4683 = ORIENTED_EDGE ( 'NONE', *, *, #6730, .F. ) ;
#4684 = VERTEX_POINT ( 'NONE', #6418 ) ;
#4685 = CARTESIAN_POINT ( 'NONE',  ( 6.436913140481798301, -10.29093438073240740, 8.000000000000000000 ) ) ;
#4686 = CARTESIAN_POINT ( 'NONE',  ( 10.47431425022862150, -3.149229626028823503, 8.000000000000000000 ) ) ;
#4687 = CARTESIAN_POINT ( 'NONE',  ( 10.35164078446974401, 6.455308898419904295, 8.000000000000000000 ) ) ;
#4688 = CIRCLE ( 'NONE', #113, 10.93750000000000000 ) ;
#4689 = CARTESIAN_POINT ( 'NONE',  ( 12.69447357664508580, -1.095856395948267670, 0.000000000000000000 ) ) ;
#4690 = CARTESIAN_POINT ( 'NONE',  ( 2.941794575437364667, -11.77637575328567898, 8.000000000000000000 ) ) ;
#4691 = CARTESIAN_POINT ( 'NONE',  ( -2.841541163097955014, -12.61481170127152041, 0.000000000000000000 ) ) ;
#4692 = CARTESIAN_POINT ( 'NONE',  ( -7.850195268865184595, 9.338196514606199372, 8.000000000000000000 ) ) ;
#4693 = LINE ( 'NONE', #3614, #5965 ) ;
#4694 = ORIENTED_EDGE ( 'NONE', *, *, #1634, .F. ) ;
#4695 = CARTESIAN_POINT ( 'NONE',  ( -9.713655369616137847, -8.535381057717604136, 8.000000000000000000 ) ) ;
#4696 = EDGE_CURVE ( 'NONE', #6678, #3517, #5371, .T. ) ;
#4697 = EDGE_CURVE ( 'NONE', #5980, #7525, #3698, .T. ) ;
#4698 = CARTESIAN_POINT ( 'NONE',  ( -2.584755384919137811, -13.48734665307398295, 8.000000000000000000 ) ) ;
#4699 = VECTOR ( 'NONE', #1169, 1000.000000000000000 ) ;
#4700 = CARTESIAN_POINT ( 'NONE',  ( -6.588591420233475660, 11.01428446989500998, 0.000000000000000000 ) ) ;
#4701 = CARTESIAN_POINT ( 'NONE',  ( 10.05932550694766725, -6.352286767647486343, 0.000000000000000000 ) ) ;
#4702 = CARTESIAN_POINT ( 'NONE',  ( 4.542018187747301816, -11.25643158326919746, 0.000000000000000000 ) ) ;
#4703 = CC_DESIGN_PERSON_AND_ORGANIZATION_ASSIGNMENT ( #1295, #5059, ( #255 ) ) ;
#4704 = ORIENTED_EDGE ( 'NONE', *, *, #4317, .F. ) ;
#4705 = CARTESIAN_POINT ( 'NONE',  ( 12.44189184801355452, 5.853360337646558165, 8.000000000000000000 ) ) ;
#4706 = ORIENTED_EDGE ( 'NONE', *, *, #3476, .T. ) ;
#4707 = CARTESIAN_POINT ( 'NONE',  ( 9.844302869038513037, 8.855020039375149921, 8.000000000000000000 ) ) ;
#4708 = CARTESIAN_POINT ( 'NONE',  ( -10.02415449855990204, 9.411632514553531337, 8.000000000000000000 ) ) ;
#4709 = CARTESIAN_POINT ( 'NONE',  ( 17.03468935778640869, 46.25467975983527680, 7.670174406971815628 ) ) ;
#4710 = CARTESIAN_POINT ( 'NONE',  ( -5.038066446831101608, -11.80431640392018267, 8.000000000000000000 ) ) ;
#4711 = CARTESIAN_POINT ( 'NONE',  ( -10.80883218877889895, -2.708699257713867770, 0.000000000000000000 ) ) ;
#4712 = CARTESIAN_POINT ( 'NONE',  ( 13.19332579941580974, -2.686824890852600678, 8.000000000000000000 ) ) ;
#4713 = PLANE ( 'NONE',  #277 ) ;
#4714 = CARTESIAN_POINT ( 'NONE',  ( 7.313425558786605940, -8.881356617214064997, 0.000000000000000000 ) ) ;
#4715 = PRODUCT_RELATED_PRODUCT_CATEGORY ( 'detail', '', ( #4567 ) ) ;
#4716 = ORIENTED_EDGE ( 'NONE', *, *, #6373, .T. ) ;
#4717 = CARTESIAN_POINT ( 'NONE',  ( 13.64173013562594505, -1.722120468130753590, -5.204170427930421283E-15 ) ) ;
#4718 = CARTESIAN_POINT ( 'NONE',  ( -8.105411651555762376, -9.497099640846727198, 8.000000000000000000 ) ) ;
#4719 = CARTESIAN_POINT ( 'NONE',  ( -2.841541163097955014, -12.61481170127152041, 8.000000000000000000 ) ) ;
#4720 = CARTESIAN_POINT ( 'NONE',  ( 11.01428446989507748, -6.588591420233351315, 0.000000000000000000 ) ) ;
#4721 = CARTESIAN_POINT ( 'NONE',  ( -7.668835209822958632, -9.204216794247617628, 0.000000000000000000 ) ) ;
#4722 = CARTESIAN_POINT ( 'NONE',  ( -0.8857088747961672226, 12.23289380645680424, 0.000000000000000000 ) ) ;
#4723 = CARTESIAN_POINT ( 'NONE',  ( -11.34404188716889728, 6.619621129381155100, 0.000000000000000000 ) ) ;
#4724 = ADVANCED_FACE ( 'NONE', ( #1840 ), #6899, .T. ) ;
#4725 = ORIENTED_EDGE ( 'NONE', *, *, #2210, .T. ) ;
#4726 = ORIENTED_EDGE ( 'NONE', *, *, #2875, .F. ) ;
#4727 = CARTESIAN_POINT ( 'NONE',  ( 13.64173013569104320, 1.722120468182879671, 0.000000000000000000 ) ) ;
#4728 = CARTESIAN_POINT ( 'NONE',  ( -10.02415449855990204, 9.411632514553531337, 8.000000000000000000 ) ) ;
#4729 = CARTESIAN_POINT ( 'NONE',  ( 12.02849558169534916, 6.626067776682489807, 0.000000000000000000 ) ) ;
#4730 = VECTOR ( 'NONE', #7193, 1000.000000000000000 ) ;
#4731 = CARTESIAN_POINT ( 'NONE',  ( 12.30068812565077252, -0.9123192481541766430, 0.000000000000000000 ) ) ;
#4732 = EDGE_CURVE ( 'NONE', #1487, #1728, #705, .T. ) ;
#4733 = CARTESIAN_POINT ( 'NONE',  ( -0.2416457505997634259, -10.93483029503508597, 8.000000000000000000 ) ) ;
#4734 = CARTESIAN_POINT ( 'NONE',  ( 11.73452356626235193, 4.965029436117633033, 8.000000000000000000 ) ) ;
#4735 = CARTESIAN_POINT ( 'NONE',  ( -7.634358818669860547, 9.175863790627238004, 8.000000000000000000 ) ) ;
#4736 = CARTESIAN_POINT ( 'NONE',  ( -4.833073392807659907, 11.60070094346936287, 0.000000000000000000 ) ) ;
#4737 = ORIENTED_EDGE ( 'NONE', *, *, #278, .F. ) ;
#4738 = CARTESIAN_POINT ( 'NONE',  ( -9.338196514606226017, 7.850195268865149956, 0.000000000000000000 ) ) ;
#4739 = AXIS2_PLACEMENT_3D ( 'NONE', #7752, #1405, #213 ) ;
#4740 = LINE ( 'NONE', #5240, #914 ) ;
#4741 = AXIS2_PLACEMENT_3D ( 'NONE', #3952, #5954, #2170 ) ;
#4742 = CARTESIAN_POINT ( 'NONE',  ( 7.984211336810572490, 34.51212585930841925, -18.76154079729224833 ) ) ;
#4743 = CARTESIAN_POINT ( 'NONE',  ( 10.05932550694766725, -6.352286767647486343, 8.000000000000000000 ) ) ;
#4744 = CARTESIAN_POINT ( 'NONE',  ( -9.928529331195827368, -9.094348737717288245, 8.000000000000000000 ) ) ;
#4745 = VERTEX_POINT ( 'NONE', #7245 ) ;
#4746 = LINE ( 'NONE', #6574, #6545 ) ;
#4747 = EDGE_CURVE ( 'NONE', #6051, #6448, #3830, .T. ) ;
#4748 = ORIENTED_EDGE ( 'NONE', *, *, #1407, .F. ) ;
#4749 = DIRECTION ( 'NONE',  ( -0.8090169943749422332, -0.5877852522924802425, 0.000000000000000000 ) ) ;
#4750 = CARTESIAN_POINT ( 'NONE',  ( -12.51119373526726619, -2.862521721341807268, 8.000000000000000000 ) ) ;
#4751 = CARTESIAN_POINT ( 'NONE',  ( -1.395112030776991974, 33.06480563247399118, 24.95354868275777704 ) ) ;
#4752 = CARTESIAN_POINT ( 'NONE',  ( -4.542018187747222768, 11.25643158326923299, 0.000000000000000000 ) ) ;
#4753 = CARTESIAN_POINT ( 'NONE',  ( 12.05785317090587050, -2.927269694295950853, 8.000000000000000000 ) ) ;
#4754 = CARTESIAN_POINT ( 'NONE',  ( 0.000000000000000000, 0.000000000000000000, 8.000000000000000000 ) ) ;
#4755 = ORIENTED_EDGE ( 'NONE', *, *, #5669, .F. ) ;
#4756 = CARTESIAN_POINT ( 'NONE',  ( 13.06987279011077874, 2.724978029605349406, -5.204170427930421283E-15 ) ) ;
#4757 = VERTEX_POINT ( 'NONE', #955 ) ;
#4758 = CARTESIAN_POINT ( 'NONE',  ( 8.066441935803462471, 34.53415948190169615, -18.69378740028920660 ) ) ;
#4759 = VECTOR ( 'NONE', #292, 1000.000000000000000 ) ;
#4760 = CARTESIAN_POINT ( 'NONE',  ( -8.855020039374974061, -9.844302869038667581, 8.000000000000000000 ) ) ;
#4761 = CARTESIAN_POINT ( 'NONE',  ( 7.984211336810572490, 34.51212585930841925, -18.76154079729224833 ) ) ;
#4762 = CARTESIAN_POINT ( 'NONE',  ( 1.722120468130897475, -13.64173013562592907, 0.000000000000000000 ) ) ;
#4763 = CARTESIAN_POINT ( 'NONE',  ( -13.48734665307395986, -2.584755384919285248, 0.000000000000000000 ) ) ;
#4764 = CARTESIAN_POINT ( 'NONE',  ( -1.095856395948400897, 12.69447357664507514, 0.000000000000000000 ) ) ;
#4765 = CARTESIAN_POINT ( 'NONE',  ( -6.575057906251736028, 10.91417308631843142, 8.000000000000000000 ) ) ;
#4766 = CARTESIAN_POINT ( 'NONE',  ( -10.13775510802969748, 6.383929952666147933, 0.000000000000000000 ) ) ;
#4767 = CARTESIAN_POINT ( 'NONE',  ( -10.02706299306004567, -6.338109664291265766, 0.000000000000000000 ) ) ;
#4768 = ORIENTED_EDGE ( 'NONE', *, *, #6822, .F. ) ;
#4769 = ORIENTED_EDGE ( 'NONE', *, *, #2241, .F. ) ;
#4770 = CARTESIAN_POINT ( 'NONE',  ( 12.60876818853257930, 1.051893166807293056, 0.000000000000000000 ) ) ;
#4771 = CARTESIAN_POINT ( 'NONE',  ( 10.70664486910366442, 4.210990906300012604, 0.000000000000000000 ) ) ;
#4772 = CARTESIAN_POINT ( 'NONE',  ( 12.04862852623650404, 6.625183064396031440, 8.000000000000000000 ) ) ;
#4773 = LINE ( 'NONE', #7308, #7805 ) ;
#4774 = CARTESIAN_POINT ( 'NONE',  ( 2.724978029605303220, -13.06987279011078940, 0.000000000000000000 ) ) ;
#4775 = CARTESIAN_POINT ( 'NONE',  ( 12.33100786788142322, 5.689930116769447821, 0.000000000000000000 ) ) ;
#4776 = CARTESIAN_POINT ( 'NONE',  ( -8.262247439007827765, 9.582420452220601348, 8.000000000000000000 ) ) ;
#4777 = CARTESIAN_POINT ( 'NONE',  ( 7.749517416239516621, 33.55876610551256078, -8.858194565208707516 ) ) ;
#4778 = ORIENTED_EDGE ( 'NONE', *, *, #2468, .T. ) ;
#4779 = DIRECTION ( 'NONE',  ( 0.000000000000000000, 0.000000000000000000, 1.000000000000000000 ) ) ;
#4780 = CARTESIAN_POINT ( 'NONE',  ( -11.77637575328571451, 2.941794575437239434, 0.000000000000000000 ) ) ;
#4781 = CARTESIAN_POINT ( 'NONE',  ( -11.53698844606703133, -4.773939382173037593, 0.000000000000000000 ) ) ;
#4782 = CARTESIAN_POINT ( 'NONE',  ( 10.18403012388279549, -6.401038329813871108, 0.000000000000000000 ) ) ;
#4783 = CARTESIAN_POINT ( 'NONE',  ( 4.476617511824125373, -11.16457150618545668, 0.000000000000000000 ) ) ;
#4784 = ORIENTED_EDGE ( 'NONE', *, *, #7446, .F. ) ;
#4785 = LINE ( 'NONE', #903, #1911 ) ;
#4786 = ORIENTED_EDGE ( 'NONE', *, *, #3347, .F. ) ;
#4787 = LINE ( 'NONE', #6698, #629 ) ;
#4788 = CARTESIAN_POINT ( 'NONE',  ( 9.328340841197540811, 10.00078975079098420, 8.000000000000000000 ) ) ;
#4789 = DIRECTION ( 'NONE',  ( 0.000000000000000000, 0.000000000000000000, 1.000000000000000000 ) ) ;
#4790 = ADVANCED_FACE ( 'NONE', ( #7748, #1485, #5256 ), #4713, .T. ) ;
#4791 = CARTESIAN_POINT ( 'NONE',  ( 11.25643158326927740, -4.542018187747106417, 8.000000000000000000 ) ) ;
#4792 = CARTESIAN_POINT ( 'NONE',  ( 13.42510299666958495, -2.607747690737672652, 8.000000000000000000 ) ) ;
#4793 = CARTESIAN_POINT ( 'NONE',  ( -13.64173013562592551, -1.722120468130946769, 8.000000000000000000 ) ) ;
#4794 = ORIENTED_EDGE ( 'NONE', *, *, #3773, .T. ) ;
#4795 = CARTESIAN_POINT ( 'NONE',  ( 17.03468935778640869, 46.25467975983527680, 0.3298255930281844828 ) ) ;
#4796 = EDGE_LOOP ( 'NONE', ( #3864, #3675, #6439, #2655 ) ) ;
#4797 = CARTESIAN_POINT ( 'NONE',  ( 12.37227591337643418, -0.9420826277740271815, -5.204170427930421283E-15 ) ) ;
#4798 = EDGE_CURVE ( 'NONE', #7177, #1752, #4391, .T. ) ;
#4799 = CARTESIAN_POINT ( 'NONE',  ( -4.404384806714132239, 11.05183112916330401, 8.000000000000000000 ) ) ;
#4800 = CARTESIAN_POINT ( 'NONE',  ( 0.000000000000000000, 0.000000000000000000, 8.000000000000000000 ) ) ;
#4801 = CARTESIAN_POINT ( 'NONE',  ( -12.69447357664507159, -1.095856395948445083, 0.000000000000000000 ) ) ;
#4802 = CARTESIAN_POINT ( 'NONE',  ( -6.401038329813985683, 10.18403012388272799, 8.000000000000000000 ) ) ;
#4803 = CARTESIAN_POINT ( 'NONE',  ( -1.377525651863733325, 13.16905850672525347, 0.000000000000000000 ) ) ;
#4804 = CARTESIAN_POINT ( 'NONE',  ( 11.73895031703117375, 37.04556455241487356, 21.06137787658142457 ) ) ;
#4805 = CARTESIAN_POINT ( 'NONE',  ( 0.000000000000000000, 0.000000000000000000, 8.000000000000000000 ) ) ;
#4806 = CARTESIAN_POINT ( 'NONE',  ( 9.582420452220691942, -8.262247439007721184, 0.000000000000000000 ) ) ;
#4807 = DIRECTION ( 'NONE',  ( 0.000000000000000000, 0.000000000000000000, 1.000000000000000000 ) ) ;
#4808 = CARTESIAN_POINT ( 'NONE',  ( 11.60070094346930958, 4.833073392807783364, 8.000000000000000000 ) ) ;
#4809 = EDGE_LOOP ( 'NONE', ( #1791, #7216, #1412, #618 ) ) ;
#4810 = CARTESIAN_POINT ( 'NONE',  ( 13.64173013562594683, -1.722120468130754034, 8.000000000000000000 ) ) ;
#4811 = FACE_OUTER_BOUND ( 'NONE', #1539, .T. ) ;
#4812 = CARTESIAN_POINT ( 'NONE',  ( -13.48577048812304824, 1.600954125870881040, 0.000000000000000000 ) ) ;
#4813 = CARTESIAN_POINT ( 'NONE',  ( 2.940530670474323927, -11.83979557596821230, 0.000000000000000000 ) ) ;
#4814 = CARTESIAN_POINT ( 'NONE',  ( 13.41765329629886416, 36.05253985009575501, 22.26727816506351232 ) ) ;
#4815 = CARTESIAN_POINT ( 'NONE',  ( 0.000000000000000000, 0.000000000000000000, 8.000000000000000000 ) ) ;
#4816 = CARTESIAN_POINT ( 'NONE',  ( -5.836552422577480748, 12.43077374743279506, 8.000000000000000000 ) ) ;
#4817 = ORIENTED_EDGE ( 'NONE', *, *, #6517, .T. ) ;
#4818 = ADVANCED_FACE ( 'NONE', ( #4051 ), #7289, .T. ) ;
#4819 = CARTESIAN_POINT ( 'NONE',  ( -12.41180006574749228, 2.880586703536566873, 8.000000000000000000 ) ) ;
#4820 = CARTESIAN_POINT ( 'NONE',  ( -11.47561408673058025, -4.719217338362263980, 0.000000000000000000 ) ) ;
#4821 = CARTESIAN_POINT ( 'NONE',  ( -2.600000000000000089, 3.184081677783118191E-16, -2.000000000000000000 ) ) ;
#4822 = DIRECTION ( 'NONE',  ( -0.000000000000000000, -0.000000000000000000, 1.000000000000000000 ) ) ;
#4823 = EDGE_CURVE ( 'NONE', #6746, #4536, #4020, .T. ) ;
#4824 = VERTEX_POINT ( 'NONE', #3429 ) ;
#4825 = CARTESIAN_POINT ( 'NONE',  ( -6.575057906251660533, -10.91417308631847582, 8.000000000000000000 ) ) ;
#4826 = VECTOR ( 'NONE', #2321, 1000.000000000000114 ) ;
#4827 = CARTESIAN_POINT ( 'NONE',  ( -10.23507608951702252, -6.418760976341397750, 8.000000000000000000 ) ) ;
#4828 = CARTESIAN_POINT ( 'NONE',  ( 6.622827502596351223, -8.704427730807662300, 8.000000000000000000 ) ) ;
#4829 = CARTESIAN_POINT ( 'NONE',  ( 5.038066446831270362, -11.80431640392010806, 0.000000000000000000 ) ) ;
#4830 = CARTESIAN_POINT ( 'NONE',  ( 0.000000000000000000, 0.000000000000000000, 8.000000000000000000 ) ) ;
#4831 = CARTESIAN_POINT ( 'NONE',  ( 12.41180006574750827, -2.880586703536482052, 8.000000000000000000 ) ) ;
#4832 = DIRECTION ( 'NONE',  ( 0.5877852522924713607, 0.8090169943749487835, 0.000000000000000000 ) ) ;
#4833 = VECTOR ( 'NONE', #6547, 1000.000000000000000 ) ;
#4834 = ORIENTED_EDGE ( 'NONE', *, *, #7680, .F. ) ;
#4835 = CARTESIAN_POINT ( 'NONE',  ( 13.19332579941575467, 2.686824890852877346, 8.000000000000000000 ) ) ;
#4836 = ORIENTED_EDGE ( 'NONE', *, *, #1958, .F. ) ;
#4837 = CARTESIAN_POINT ( 'NONE',  ( -9.844302869038576986, -8.855020039375077090, 0.000000000000000000 ) ) ;
#4838 = VERTEX_POINT ( 'NONE', #5928 ) ;
#4839 = CARTESIAN_POINT ( 'NONE',  ( -7.313425558786478042, -8.881356617214166249, 8.000000000000000000 ) ) ;
#4840 = DIRECTION ( 'NONE',  ( -1.000000000000000000, 0.000000000000000000, 0.000000000000000000 ) ) ;
#4841 = CARTESIAN_POINT ( 'NONE',  ( -2.577692551524129794, 13.50622083004039276, 0.000000000000000000 ) ) ;
#4842 = CARTESIAN_POINT ( 'NONE',  ( -13.32045193209908973, -2.644734409371050976, 0.000000000000000000 ) ) ;
#4843 = CARTESIAN_POINT ( 'NONE',  ( -1.312474532673086891, 13.06843834723477649, 0.000000000000000000 ) ) ;
#4844 = CARTESIAN_POINT ( 'NONE',  ( 11.67676161895662723, 35.50154172542076481, 18.22199174062570393 ) ) ;
#4845 = DIRECTION ( 'NONE',  ( 0.000000000000000000, 0.000000000000000000, -1.000000000000000000 ) ) ;
#4846 = CARTESIAN_POINT ( 'NONE',  ( 9.415217936710003954, -7.968244849358779192, 0.000000000000000000 ) ) ;
#4847 = DIRECTION ( 'NONE',  ( 0.000000000000000000, 0.000000000000000000, -1.000000000000000000 ) ) ;
#4848 = CARTESIAN_POINT ( 'NONE',  ( 11.53698844606699758, 4.773939382173117529, 8.000000000000000000 ) ) ;
#4849 = EDGE_LOOP ( 'NONE', ( #7197, #7450, #2819, #7512, #4566, #4401 ) ) ;
#4850 = CARTESIAN_POINT ( 'NONE',  ( 13.87205591656660886, 34.00423520032144609, -13.28508304997258627 ) ) ;
#4851 = EDGE_CURVE ( 'NONE', #7945, #3487, #831, .T. ) ;
#4852 = CARTESIAN_POINT ( 'NONE',  ( -6.622827502596288163, 8.704427730807712038, 0.000000000000000000 ) ) ;
#4853 = AXIS2_PLACEMENT_3D ( 'NONE', #3481, #8055, #6023 ) ;
#4854 = CARTESIAN_POINT ( 'NONE',  ( -13.62596226217983464, 1.709570872969460753, 8.000000000000000000 ) ) ;
#4855 = CARTESIAN_POINT ( 'NONE',  ( -1.143751547996471052, -12.78342018721907358, 0.000000000000000000 ) ) ;
#4856 = CARTESIAN_POINT ( 'NONE',  ( 7.906868104074138870, -9.376012365377775382, 8.000000000000000000 ) ) ;
#4857 = CARTESIAN_POINT ( 'NONE',  ( -4.580317944817394960, 11.30699639290207337, 0.000000000000000000 ) ) ;
#4858 = ORIENTED_EDGE ( 'NONE', *, *, #7640, .T. ) ;
#4859 = AXIS2_PLACEMENT_3D ( 'NONE', #2146, #3305, #3883 ) ;
#4860 = CARTESIAN_POINT ( 'NONE',  ( -11.56976343863536982, 2.936066220364013102, 0.000000000000000000 ) ) ;
#4861 = CARTESIAN_POINT ( 'NONE',  ( 4.449236289362172414, -11.12353076645868732, 8.000000000000000000 ) ) ;
#4862 = CARTESIAN_POINT ( 'NONE',  ( -4.386616976970878490, -11.02139818175205477, 0.000000000000000000 ) ) ;
#4863 = CARTESIAN_POINT ( 'NONE',  ( 8.439220299577138817, -9.669723885496912530, 8.000000000000000000 ) ) ;
#4864 = VECTOR ( 'NONE', #3697, 1000.000000000000114 ) ;
#4865 = CARTESIAN_POINT ( 'NONE',  ( -7.798144649837128739, -9.301941798724829624, 0.000000000000000000 ) ) ;
#4866 = CARTESIAN_POINT ( 'NONE',  ( -9.204216794247539468, -7.668835209823054555, 0.000000000000000000 ) ) ;
#4867 = ORIENTED_EDGE ( 'NONE', *, *, #2718, .F. ) ;
#4868 = CARTESIAN_POINT ( 'NONE',  ( 9.713655369616260415, -8.535381057717465580, 8.000000000000000000 ) ) ;
#4869 = CIRCLE ( 'NONE', #5673, 1.000000000000004663 ) ;
#4870 = CARTESIAN_POINT ( 'NONE',  ( 13.77189243593528012, 34.33166691151220107, -13.48513011936802641 ) ) ;
#4871 = LOCAL_TIME ( 12, 4, 5.000000000000000000, #2378 ) ;
#4872 = CARTESIAN_POINT ( 'NONE',  ( 8.855020039374899454, 9.844302869038735082, -5.204170427930421283E-15 ) ) ;
#4873 = CARTESIAN_POINT ( 'NONE',  ( 6.630420918280206521, -11.58812316373717977, 0.000000000000000000 ) ) ;
#4874 = CYLINDRICAL_SURFACE ( 'NONE', #5676, 13.75000000000000000 ) ;
#4875 = CARTESIAN_POINT ( 'NONE',  ( -2.932881190150526507, 11.52995163726277283, 8.000000000000000000 ) ) ;
#4876 = CARTESIAN_POINT ( 'NONE',  ( 7.906868104073932813, 9.376012365377949465, 0.000000000000000000 ) ) ;
#4877 = ORIENTED_EDGE ( 'NONE', *, *, #426, .T. ) ;
#4878 = CARTESIAN_POINT ( 'NONE',  ( 13.50622083004036611, 2.577692551524272790, -5.204170427930421283E-15 ) ) ;
#4879 = EDGE_LOOP ( 'NONE', ( #843, #5580, #1382, #7093, #1174, #6285 ) ) ;
#4880 = CARTESIAN_POINT ( 'NONE',  ( -12.09884006967983439, -5.379567626064857500, 8.000000000000000000 ) ) ;
#4881 = EDGE_LOOP ( 'NONE', ( #4643, #2469, #4633, #6850 ) ) ;
#4882 = CARTESIAN_POINT ( 'NONE',  ( -9.094348737717258047, 9.928529331195861118, 0.000000000000000000 ) ) ;
#4883 = CARTESIAN_POINT ( 'NONE',  ( -2.686824890852640646, -13.19332579941580263, 0.000000000000000000 ) ) ;
#4884 = CARTESIAN_POINT ( 'NONE',  ( -13.62596226217982576, -1.709570872969556232, 0.000000000000000000 ) ) ;
#4885 = CARTESIAN_POINT ( 'NONE',  ( -8.348190801685142048, -9.625916629980782346, 0.000000000000000000 ) ) ;
#4886 = CARTESIAN_POINT ( 'NONE',  ( -0.8412873393390029042, -12.10906341627276639, 0.000000000000000000 ) ) ;
#4887 = CARTESIAN_POINT ( 'NONE',  ( -6.367618434587577703, 10.09620455160486507, 8.000000000000000000 ) ) ;
#4888 = CARTESIAN_POINT ( 'NONE',  ( -11.11931436071737700, 6.600657436018111390, 0.000000000000000000 ) ) ;
#4889 = CARTESIAN_POINT ( 'NONE',  ( 0.000000000000000000, 0.000000000000000000, 8.000000000000000000 ) ) ;
#4890 = CARTESIAN_POINT ( 'NONE',  ( -11.87194576742586882, 0.7736152328232699382, 8.000000000000000000 ) ) ;
#4891 = EDGE_CURVE ( 'NONE', #5393, #3835, #6307, .T. ) ;
#4893 = B_SPLINE_CURVE_WITH_KNOTS ( 'NONE', 3,
 ( #6246, #5621, #3001, #8178, #6903, #1223, #5541, #7484, #4986, #529, #6823, #7399, #3120, #3084, #1102, #3660, #8139, #1844, #483, #4367, #1762, #6943, #4861, #2956, #3740, #5655, #6281, #601, #8064 ),
 .UNSPECIFIED., .F., .F.,
 ( 4, 1, 1, 1, 1, 1, 1, 1, 1, 1, 1, 1, 1, 1, 1, 1, 1, 1, 1, 1, 1, 1, 1, 1, 1, 1, 4 ),
 ( 0.4925683021330548028, 0.5024463643869940821, 0.5250929155847819940, 0.5469717870834428508, 0.5680829788830696891, 0.5884264909837645385, 0.6080023233856429732, 0.6268104760888334459, 0.6448509490934806188, 0.6621237423997496929, 0.6786288560078284071, 0.6943662899179314785, 0.7093360441303072639, 0.7235381186452435331, 0.7369725134630787933, 0.7496392285842117253, 0.7615382640091191702, 0.7726696197383760012, 0.7830332957726851006, 0.7926292921129175495, 0.8014576087601730237, 0.8095182457158636158, 0.8168112029818485054, 0.8233364805606433467, 0.8290940784557681020, 0.8340839966723704313, 1.000000000000000000 ),
 .UNSPECIFIED. ) ;
#4892 = CARTESIAN_POINT ( 'NONE',  ( -10.13775510802969748, 6.383929952666147933, 8.000000000000000000 ) ) ;
#4894 = VERTEX_POINT ( 'NONE', #4958 ) ;
#4895 = CARTESIAN_POINT ( 'NONE',  ( 11.41672744483946822, 4.668788839230981758, 0.000000000000000000 ) ) ;
#4896 = CARTESIAN_POINT ( 'NONE',  ( 11.49488719732981679, 2.929367628693892112, 8.000000000000000000 ) ) ;
#4897 = CARTESIAN_POINT ( 'NONE',  ( -12.23289380645680779, 0.8857088747961243680, 0.000000000000000000 ) ) ;
#4898 = CIRCLE ( 'NONE', #7149, 13.75000000000000000 ) ;
#4899 = CARTESIAN_POINT ( 'NONE',  ( -1.251919511749373326, -12.97053397611294656, 0.000000000000000000 ) ) ;
#4900 = CARTESIAN_POINT ( 'NONE',  ( 11.94884645308970406, 5.198761634262982767, 8.000000000000000000 ) ) ;
#4902 = EDGE_CURVE ( 'NONE', #6838, #1227, #3329, .T. ) ;
#4901 = CARTESIAN_POINT ( 'NONE',  ( -6.626067776682273980, -12.02849558169546285, 8.000000000000000000 ) ) ;
#4903 = ORIENTED_EDGE ( 'NONE', *, *, #6218, .T. ) ;
#4904 = EDGE_CURVE ( 'NONE', #7035, #7906, #7555, .T. ) ;
#4905 = CARTESIAN_POINT ( 'NONE',  ( -13.19332579941579553, 2.686824890852690828, 0.000000000000000000 ) ) ;
#4906 = CARTESIAN_POINT ( 'NONE',  ( -11.20891349420030636, -4.507497455256148200, 8.000000000000000000 ) ) ;
#4907 = PLANE ( 'NONE',  #2356 ) ;
#4908 = CARTESIAN_POINT ( 'NONE',  ( 7.750629585191789239, -9.267416903471863421, 0.000000000000000000 ) ) ;
#4909 = CARTESIAN_POINT ( 'NONE',  ( 2.250364476070903397, 34.04160811851050994, 21.61616680320316419 ) ) ;
#4910 = CARTESIAN_POINT ( 'NONE',  ( -9.455639197970723941, -8.034402175150797021, 8.000000000000000000 ) ) ;
#4911 = EDGE_LOOP ( 'NONE', ( #7322, #5857, #4903, #2840 ) ) ;
#4912 = CARTESIAN_POINT ( 'NONE',  ( 9.582420452220691942, -8.262247439007721184, 8.000000000000000000 ) ) ;
#4913 = CARTESIAN_POINT ( 'NONE',  ( 9.126433365741213777, -7.577720000373604492, -5.204170427930421283E-15 ) ) ;
#4914 = MANIFOLD_SOLID_BREP ( '\X2\52079664\X0\-\X2\62c94f38\X0\5', #4230 ) ;
#4915 = B_SPLINE_CURVE_WITH_KNOTS ( 'NONE', 3,
 ( #827, #7704, #5088, #3800, #4582, #5840, #7622, #2017, #5209, #7116, #79, #2678, #7038, #5166, #6414, #7744, #1320, #3300, #1937, #4463, #119, #1979, #3841, #6379, #203, #7003, #2638, #742, #2056 ),
 .UNSPECIFIED., .F., .F.,
 ( 4, 1, 1, 1, 1, 1, 1, 1, 1, 1, 1, 1, 1, 1, 1, 1, 1, 1, 1, 1, 1, 1, 1, 1, 1, 1, 4 ),
 ( 0.4925683021330549138, 0.5024463643869940821, 0.5250929155847819940, 0.5469717870834428508, 0.5680829788830696891, 0.5884264909837645385, 0.6080023233856429732, 0.6268104760888334459, 0.6448509490934806188, 0.6621237423997496929, 0.6786288560078284071, 0.6943662899179314785, 0.7093360441303072639, 0.7235381186452435331, 0.7369725134630787933, 0.7496392285842117253, 0.7615382640091191702, 0.7726696197383760012, 0.7830332957726851006, 0.7926292921129175495, 0.8014576087601730237, 0.8095182457158636158, 0.8168112029818485054, 0.8233364805606433467, 0.8290940784557681020, 0.8340839966723704313, 1.000000000000000000 ),
 .UNSPECIFIED. ) ;
#4916 = CARTESIAN_POINT ( 'NONE',  ( 0.2416457505997627320, -10.93483029503508597, 0.000000000000000000 ) ) ;
#4917 = CARTESIAN_POINT ( 'NONE',  ( 10.33666240664888747, -4.161888422927029652, 8.000000000000000000 ) ) ;
#4918 = CARTESIAN_POINT ( 'NONE',  ( -10.32496896312094670, -3.608867157514845214, 8.000000000000000000 ) ) ;
#4919 = CARTESIAN_POINT ( 'NONE',  ( -13.48577048812303580, -1.600954125870974964, 8.000000000000000000 ) ) ;
#4920 = CARTESIAN_POINT ( 'NONE',  ( 9.221936103764146964, -9.969200282347870257, 0.000000000000000000 ) ) ;
#4921 = ORIENTED_EDGE ( 'NONE', *, *, #3707, .F. ) ;
#4922 = CARTESIAN_POINT ( 'NONE',  ( -11.12353076645870509, -4.449236289362134222, 8.000000000000000000 ) ) ;
#4923 = ORIENTED_EDGE ( 'NONE', *, *, #8053, .T. ) ;
#4924 = EDGE_CURVE ( 'NONE', #5856, #1222, #4295, .T. ) ;
#4925 = CARTESIAN_POINT ( 'NONE',  ( -7.850195268865184595, 9.338196514606199372, 0.000000000000000000 ) ) ;
#4926 = CARTESIAN_POINT ( 'NONE',  ( -2.929367628693686054, -11.49488719732986830, 0.000000000000000000 ) ) ;
#4927 = CARTESIAN_POINT ( 'NONE',  ( 13.48734665307399538, -2.584755384919095622, 8.000000000000000000 ) ) ;
#4928 = CARTESIAN_POINT ( 'NONE',  ( 13.57146032746149444, 35.94918410522559071, 22.37493580217540767 ) ) ;
#4929 = CARTESIAN_POINT ( 'NONE',  ( 10.05932550694752692, 6.352286767647703947, 0.000000000000000000 ) ) ;
#4930 = CARTESIAN_POINT ( 'NONE',  ( -6.527568552596156870, 10.64346975476064650, 0.000000000000000000 ) ) ;
#4931 = DIRECTION ( 'NONE',  ( -0.7605637668489725334, 0.000000000000000000, -0.6492632413409076264 ) ) ;
#4932 = CARTESIAN_POINT ( 'NONE',  ( 0.7661213205046493169, -11.83751175313650172, 0.000000000000000000 ) ) ;
#4933 = ORIENTED_EDGE ( 'NONE', *, *, #4904, .T. ) ;
#4934 = CARTESIAN_POINT ( 'NONE',  ( -2.600000000000000089, 3.184081677783118191E-16, 0.000000000000000000 ) ) ;
#4935 = ORIENTED_EDGE ( 'NONE', *, *, #6025, .T. ) ;
#4936 = DIRECTION ( 'NONE',  ( 1.000000000000000000, 0.000000000000000000, 0.000000000000000000 ) ) ;
#4937 = LINE ( 'NONE', #3189, #2834 ) ;
#4938 = DIRECTION ( 'NONE',  ( -0.6396556736767864404, -0.1713952211956805416, 0.7493092133988346060 ) ) ;
#4939 = CARTESIAN_POINT ( 'NONE',  ( -1.521639563755414981, -13.37787302532245448, 8.000000000000000000 ) ) ;
#4940 = DIRECTION ( 'NONE',  ( 0.000000000000000000, 0.000000000000000000, 1.000000000000000000 ) ) ;
#4941 = CARTESIAN_POINT ( 'NONE',  ( 6.188310438611554609, 9.051151499276288703, 0.000000000000000000 ) ) ;
#4942 = CARTESIAN_POINT ( 'NONE',  ( -6.455308898419720443, -10.35164078446986302, 8.000000000000000000 ) ) ;
#4943 = ORIENTED_EDGE ( 'NONE', *, *, #5699, .T. ) ;
#4944 = CARTESIAN_POINT ( 'NONE',  ( -3.149229626028930973, 10.47431425022859308, 8.000000000000000000 ) ) ;
#4945 = CARTESIAN_POINT ( 'NONE',  ( -10.32496896312094670, -3.608867157514846102, 0.000000000000000000 ) ) ;
#4946 = CARTESIAN_POINT ( 'NONE',  ( -5.477724940116765140, -12.17545110014133058, 0.000000000000000000 ) ) ;
#4947 = CARTESIAN_POINT ( 'NONE',  ( -1.709570873003885438, 13.62596226222339801, 8.000000000000000000 ) ) ;
#4948 = DIRECTION ( 'NONE',  ( -0.6396556736767861073, -0.1713952211956810967, 0.7493092133988347170 ) ) ;
#4949 = DIRECTION ( 'NONE',  ( 0.000000000000000000, 0.000000000000000000, -1.000000000000000000 ) ) ;
#4950 = ADVANCED_FACE ( 'NONE', ( #1076 ), #2889, .T. ) ;
#4951 = VECTOR ( 'NONE', #8131, 1000.000000000000114 ) ;
#4952 = ORIENTED_EDGE ( 'NONE', *, *, #5623, .T. ) ;
#4953 = CARTESIAN_POINT ( 'NONE',  ( 9.928529331195960594, -9.094348737717146136, 8.000000000000000000 ) ) ;
#4954 = CARTESIAN_POINT ( 'NONE',  ( 8.881356617214038351, 7.313425558786636138, 8.000000000000000000 ) ) ;
#4955 = CARTESIAN_POINT ( 'NONE',  ( 7.610760245013127090, 33.13171544396409729, -9.032582327806638389 ) ) ;
#4956 = CARTESIAN_POINT ( 'NONE',  ( 12.44189184801367709, -5.853360337646297928, 8.000000000000000000 ) ) ;
#4957 = CARTESIAN_POINT ( 'NONE',  ( -2.790132082466630692, 12.83440038321940335, 8.000000000000000000 ) ) ;
#4958 = CARTESIAN_POINT ( 'NONE',  ( 6.622827502596351223, -8.704427730807662300, 8.000000000000000000 ) ) ;
#4959 = CARTESIAN_POINT ( 'NONE',  ( 1.938708230342417904, 31.26786973338631270, 21.61616680320316419 ) ) ;
#4960 = VERTEX_POINT ( 'NONE', #5510 ) ;
#4961 = CARTESIAN_POINT ( 'NONE',  ( -11.53698844606703133, -4.773939382173037593, 8.000000000000000000 ) ) ;
#4962 = ORIENTED_EDGE ( 'NONE', *, *, #5174, .T. ) ;
#4963 = CARTESIAN_POINT ( 'NONE',  ( -7.634358818669860547, 9.175863790627238004, 0.000000000000000000 ) ) ;
#4964 = CARTESIAN_POINT ( 'NONE',  ( -2.880586703536610393, 12.41180006574747985, 0.000000000000000000 ) ) ;
#4965 = CARTESIAN_POINT ( 'NONE',  ( -8.181339682155909898, -9.539420412438971653, 0.000000000000000000 ) ) ;
#4966 = CARTESIAN_POINT ( 'NONE',  ( 10.72875944066936604, 6.544354946388849292, 0.000000000000000000 ) ) ;
#4967 = CARTESIAN_POINT ( 'NONE',  ( 0.000000000000000000, 0.000000000000000000, 0.000000000000000000 ) ) ;
#4968 = AXIS2_PLACEMENT_3D ( 'NONE', #2790, #5320, #2000 ) ;
#4969 = CARTESIAN_POINT ( 'NONE',  ( -9.149886257342917162, 7.604022508570341898, 8.000000000000000000 ) ) ;
#4970 = CARTESIAN_POINT ( 'NONE',  ( 1.377525651863733325, -13.16905850672525347, 8.000000000000000000 ) ) ;
#4971 = DIRECTION ( 'NONE',  ( 1.000000000000000000, 0.000000000000000000, 0.000000000000000000 ) ) ;
#4972 =( BOUNDED_SURFACE ( )  B_SPLINE_SURFACE ( 3, 2, ( 
 ( #6065, #2246, #4107 ),
 ( #391, #4185, #7264 ),
 ( #4850, #3480, #1753 ),
 ( #2906, #7970, #6151 ) ),
 .UNSPECIFIED., .F., .F., .F. ) 
 B_SPLINE_SURFACE_WITH_KNOTS ( ( 4, 4 ),
 ( 3, 3 ),
 ( 6.261478783294706751, 6.283185307179586232 ),
 ( 0.000000000000000000, 0.01285015798549955096 ),
 .UNSPECIFIED. ) 
 GEOMETRIC_REPRESENTATION_ITEM ( )  RATIONAL_B_SPLINE_SURFACE ( (
 ( 1.000000000000000000, 0.9988641699344403824, 0.9977575310604549497),
 ( 1.000000000000000000, 0.9988645364293786688, 0.9977582546312959710),
 ( 1.000000000000000000, 0.9988647196852238341, 0.9977586164332530316),
 ( 1.000000000000000000, 0.9988647196846028864, 0.9977586164320271234) ) ) 
 REPRESENTATION_ITEM ( '' )  SURFACE ( )  );
#4973 = PLANE ( 'NONE',  #4437 ) ;
#4974 = ORIENTED_EDGE ( 'NONE', *, *, #1402, .F. ) ;
#4975 = CARTESIAN_POINT ( 'NONE',  ( -11.30699639290208758, 4.580317944817353215, 0.000000000000000000 ) ) ;
#4976 = CARTESIAN_POINT ( 'NONE',  ( 11.98057174878959685, 2.933454507433692626, 8.000000000000000000 ) ) ;
#4977 = CARTESIAN_POINT ( 'NONE',  ( -13.64173013562593795, 1.722120468130850846, 8.000000000000000000 ) ) ;
#4978 = CARTESIAN_POINT ( 'NONE',  ( -0.9123192481543054289, -12.30068812565076186, 8.000000000000000000 ) ) ;
#4979 = CARTESIAN_POINT ( 'NONE',  ( 11.08591166683797447, 4.425208852857910102, 0.000000000000000000 ) ) ;
#4980 = APPLICATION_PROTOCOL_DEFINITION ( 'international standard', 'config_control_design', 1994, #608 ) ;
#4981 = CARTESIAN_POINT ( 'NONE',  ( -6.575057906251660533, -10.91417308631847582, 8.000000000000000000 ) ) ;
#4982 = ORIENTED_EDGE ( 'NONE', *, *, #3963, .T. ) ;
#4983 = CARTESIAN_POINT ( 'NONE',  ( 11.95399604505281488, -0.7941151212462261855, 8.000000000000000000 ) ) ;
#4984 = ORIENTED_EDGE ( 'NONE', *, *, #1350, .T. ) ;
#4985 = EDGE_CURVE ( 'NONE', #3949, #5588, #7366, .T. ) ;
#4986 = CARTESIAN_POINT ( 'NONE',  ( 5.198761634262941911, -11.94884645308972360, 8.000000000000000000 ) ) ;
#4987 = CARTESIAN_POINT ( 'NONE',  ( -4.833073392807574642, -11.60070094346939662, 8.000000000000000000 ) ) ;
#4988 = CARTESIAN_POINT ( 'NONE',  ( -1.722120468182739783, 13.64173013569106452, 0.000000000000000000 ) ) ;
#4989 = CARTESIAN_POINT ( 'NONE',  ( -7.850195268865117093, -9.338196514606250886, 0.000000000000000000 ) ) ;
#4990 = CARTESIAN_POINT ( 'NONE',  ( -9.455639197970723941, -8.034402175150797021, 0.000000000000000000 ) ) ;
#4991 = CARTESIAN_POINT ( 'NONE',  ( -2.937812879663857402, 11.90787246215809780, 0.000000000000000000 ) ) ;
#4992 = ORIENTED_EDGE ( 'NONE', *, *, #6650, .T. ) ;
#4993 = CARTESIAN_POINT ( 'NONE',  ( 8.544655887209771095, -7.152395453489262422, 8.000000000000000000 ) ) ;
#4994 = B_SPLINE_CURVE_WITH_KNOTS ( 'NONE', 3,
 ( #3482, #4649, #5358, #2788, #3362, #5398, #5901, #2866, #7851, #7892, #2201, #7182, #4731, #2908, #1585, #1627, #1501, #4689, #4149, #6642, #2121, #7222, #4068, #972, #3445, #889, #4027, #7932, #6560 ),
 .UNSPECIFIED., .F., .F.,
 ( 4, 1, 1, 1, 1, 1, 1, 1, 1, 1, 1, 1, 1, 1, 1, 1, 1, 1, 1, 1, 1, 1, 1, 1, 1, 1, 4 ),
 ( 0.000000000000000000, 0.1659160033276295965, 0.1709059215442318702, 0.1766635194393565977, 0.1831887970181514669, 0.1904817542841364120, 0.1985423912398269763, 0.2073707078870824227, 0.2169667042273148716, 0.2273303802616240543, 0.2384617359908808021, 0.2503607714157882191, 0.2630274865369212067, 0.2764618813547564669, 0.2906639558696927361, 0.3056337100820685215, 0.3213711439921715929, 0.3378762576002502516, 0.3551490509065193812, 0.3731895239111665541, 0.3919976766143570268, 0.4115735090162354615, 0.4319170211169303109, 0.4530282129165571492, 0.4749070844152180060, 0.4975536356130058624, 0.5074316978669448641 ),
 .UNSPECIFIED. ) ;
#4995 = CARTESIAN_POINT ( 'NONE',  ( 9.149886257342975782, -7.604022508570274397, -5.204170427930421283E-15 ) ) ;
#4996 = CARTESIAN_POINT ( 'NONE',  ( 3.149229626029005580, -10.47431425022856821, 0.000000000000000000 ) ) ;
#4997 = CARTESIAN_POINT ( 'NONE',  ( 11.90787246215806405, 2.937812879663983523, 0.000000000000000000 ) ) ;
#4998 = CARTESIAN_POINT ( 'NONE',  ( 11.83979557596826382, -2.940530670474117869, 8.000000000000000000 ) ) ;
#4999 = CARTESIAN_POINT ( 'NONE',  ( 8.439220299577138817, -9.669723885496912530, 0.000000000000000000 ) ) ;
#5000 = B_SPLINE_CURVE_WITH_KNOTS ( 'NONE', 3,
 ( #7829, #3964, #1519, #4581, #5966, #6000, #326, #2677, #7115, #2844, #5377, #2222, #1438, #5208, #6579, #202, #3918, #826, #4750, #7784, #6453, #6495, #3340, #7743, #7200, #7908, #5879, #160, #245 ),
 .UNSPECIFIED., .F., .F.,
 ( 4, 1, 1, 1, 1, 1, 1, 1, 1, 1, 1, 1, 1, 1, 1, 1, 1, 1, 1, 1, 1, 1, 1, 1, 1, 1, 4 ),
 ( 0.000000000000000000, 0.1659160033276295965, 0.1709059215442318702, 0.1766635194393565977, 0.1831887970181514669, 0.1904817542841364120, 0.1985423912398269763, 0.2073707078870824227, 0.2169667042273148716, 0.2273303802616240543, 0.2384617359908808021, 0.2503607714157882191, 0.2630274865369212067, 0.2764618813547564669, 0.2906639558696927361, 0.3056337100820685215, 0.3213711439921715929, 0.3378762576002502516, 0.3551490509065193812, 0.3731895239111665541, 0.3919976766143570268, 0.4115735090162354615, 0.4319170211169303109, 0.4530282129165571492, 0.4749070844152180060, 0.4975536356130058624, 0.5074316978669448641 ),
 .UNSPECIFIED. ) ;
#5001 = ADVANCED_FACE ( 'NONE', ( #1815 ), #7498, .T. ) ;
#5002 = ORIENTED_EDGE ( 'NONE', *, *, #7235, .T. ) ;
#5003 = AXIS2_PLACEMENT_3D ( 'NONE', #6250, #5661, #7571 ) ;
#5004 = CARTESIAN_POINT ( 'NONE',  ( 0.000000000000000000, 0.000000000000000000, 0.000000000000000000 ) ) ;
#5005 = ORIENTED_EDGE ( 'NONE', *, *, #2264, .F. ) ;
#5006 = AXIS2_PLACEMENT_3D ( 'NONE', #7840, #4592, #2151 ) ;
#5007 = CARTESIAN_POINT ( 'NONE',  ( -13.57387004039618006, -1.668469543075150385, 8.000000000000000000 ) ) ;
#5008 = CARTESIAN_POINT ( 'NONE',  ( 13.19332579941580974, -2.686824890852600678, 0.000000000000000000 ) ) ;
#5009 = CARTESIAN_POINT ( 'NONE',  ( 2.938739567862459268, -11.61432090236918668, 8.000000000000000000 ) ) ;
#5010 = CARTESIAN_POINT ( 'NONE',  ( -10.02706299306004567, -6.338109664291265766, 0.000000000000000000 ) ) ;
#5011 = CARTESIAN_POINT ( 'NONE',  ( -6.626067776682361021, 12.02849558169542021, 8.000000000000000000 ) ) ;
#5012 = LINE ( 'NONE', #8125, #4699 ) ;
#5013 = CARTESIAN_POINT ( 'NONE',  ( 0.7661213205046493169, -11.83751175313650172, 8.000000000000000000 ) ) ;
#5014 = CARTESIAN_POINT ( 'NONE',  ( 10.32496896312091827, 3.608867157514916713, 8.000000000000000000 ) ) ;
#5015 = AXIS2_PLACEMENT_3D ( 'NONE', #7995, #4096, #1611 ) ;
#5016 = CARTESIAN_POINT ( 'NONE',  ( 11.73452356626235193, 4.965029436117633033, 0.000000000000000000 ) ) ;
#5017 = CARTESIAN_POINT ( 'NONE',  ( 12.95019774290646630, 2.759358130927484609, 8.000000000000000000 ) ) ;
#5018 = CARTESIAN_POINT ( 'NONE',  ( 10.23507608951711845, -6.418760976341251201, 0.000000000000000000 ) ) ;
#5019 = CARTESIAN_POINT ( 'NONE',  ( -1.668469543058222149, -13.57387004037415856, 0.000000000000000000 ) ) ;
#5020 = CARTESIAN_POINT ( 'NONE',  ( -12.83440038321941223, 2.790132082466584507, 8.000000000000000000 ) ) ;
#5021 = DATE_AND_TIME ( #5100, #3289 ) ;
#5022 = ORIENTED_EDGE ( 'NONE', *, *, #6420, .T. ) ;
#5023 = CARTESIAN_POINT ( 'NONE',  ( 12.52642403931683646, -1.011712205768791950, 8.000000000000000000 ) ) ;
#5024 = AXIS2_PLACEMENT_3D ( 'NONE', #7144, #5108, #3991 ) ;
#5025 = ORIENTED_EDGE ( 'NONE', *, *, #3080, .F. ) ;
#5026 = CARTESIAN_POINT ( 'NONE',  ( -11.25643158326921522, -4.542018187747263624, 0.000000000000000000 ) ) ;
#5027 = DIRECTION ( 'NONE',  ( -0.000000000000000000, -0.000000000000000000, 1.000000000000000000 ) ) ;
#5028 = CARTESIAN_POINT ( 'NONE',  ( -4.161888422927061626, -10.33666240664887681, 0.000000000000000000 ) ) ;
#5029 = CARTESIAN_POINT ( 'NONE',  ( 7.152395453489308608, -8.544655887209419376, 0.000000000000000000 ) ) ;
#5030 = CARTESIAN_POINT ( 'NONE',  ( 3.608867157514880297, -10.32496896312093071, 0.000000000000000000 ) ) ;
#5031 = EDGE_LOOP ( 'NONE', ( #7345, #824, #5404, #1695 ) ) ;
#5032 = CARTESIAN_POINT ( 'NONE',  ( -9.415217936709890267, -7.968244849358915971, 0.000000000000000000 ) ) ;
#5033 = CARTESIAN_POINT ( 'NONE',  ( -2.886444749237070173, 11.13701600410302817, 8.000000000000000000 ) ) ;
#5034 = VERTEX_POINT ( 'NONE', #6875 ) ;
#5035 = CARTESIAN_POINT ( 'NONE',  ( -6.352286767647525423, -10.05932550694764060, 0.000000000000000000 ) ) ;
#5036 = LINE ( 'NONE', #5709, #5065 ) ;
#5037 = CARTESIAN_POINT ( 'NONE',  ( 12.43077374740204100, -5.836552422531194217, 8.000000000000000000 ) ) ;
#5038 = CARTESIAN_POINT ( 'NONE',  ( 10.80883218877871599, -2.708699257713604869, 8.000000000000000000 ) ) ;
#5039 = CARTESIAN_POINT ( 'NONE',  ( 10.64346975476057366, 6.527568552596270557, 8.000000000000000000 ) ) ;
#5040 = VERTEX_POINT ( 'NONE', #1199 ) ;
#5041 = CARTESIAN_POINT ( 'NONE',  ( 11.25643158326927740, -4.542018187747106417, 8.000000000000000000 ) ) ;
#5042 = ORIENTED_EDGE ( 'NONE', *, *, #1374, .T. ) ;
#5043 = CARTESIAN_POINT ( 'NONE',  ( -13.62596226222339446, -1.709570873003933622, 8.000000000000000000 ) ) ;
#5044 = EDGE_CURVE ( 'NONE', #4266, #3835, #6257, .T. ) ;
#5045 = CARTESIAN_POINT ( 'NONE',  ( 10.47431425022862150, -3.149229626028823503, 8.000000000000000000 ) ) ;
#5046 = CARTESIAN_POINT ( 'NONE',  ( 2.940530670474323927, -11.83979557596821230, 8.000000000000000000 ) ) ;
#5047 = CARTESIAN_POINT ( 'NONE',  ( -10.81899503309353072, -6.560248542580116471, 8.000000000000000000 ) ) ;
#5048 = DIRECTION ( 'NONE',  ( 1.000000000000000000, 0.000000000000000000, 0.000000000000000000 ) ) ;
#5049 = DIRECTION ( 'NONE',  ( -0.000000000000000000, -0.000000000000000000, -1.000000000000000000 ) ) ;
#5050 = CARTESIAN_POINT ( 'NONE',  ( 1.668469543075102424, -13.57387004039618539, 8.000000000000000000 ) ) ;
#5051 = EDGE_CURVE ( 'NONE', #5466, #6678, #6496, .T. ) ;
#5052 = EDGE_CURVE ( 'NONE', #3338, #116, #4915, .T. ) ;
#5053 = CARTESIAN_POINT ( 'NONE',  ( -11.34404188716889728, 6.619621129381155100, 8.000000000000000000 ) ) ;
#5054 = CARTESIAN_POINT ( 'NONE',  ( -11.80431640392016668, 5.038066446831146905, 8.000000000000000000 ) ) ;
#5055 = CARTESIAN_POINT ( 'NONE',  ( -8.704427730807687169, -6.622827502596316585, 0.000000000000000000 ) ) ;
#5056 = CARTESIAN_POINT ( 'NONE',  ( 9.713655369616075674, 8.535381057717676967, 0.000000000000000000 ) ) ;
#5057 = DIRECTION ( 'NONE',  ( 0.7237771210982809622, 0.1939354950984082115, -0.6622202826217418181 ) ) ;
#5058 = CARTESIAN_POINT ( 'NONE',  ( -11.71764203423213324, 2.941792002708998321, 8.000000000000000000 ) ) ;
#5059 = PERSON_AND_ORGANIZATION_ROLE ( 'design_supplier' ) ;
#5060 = CC_DESIGN_PERSON_AND_ORGANIZATION_ASSIGNMENT ( #7679, #2498, ( #6341 ) ) ;
#5061 = VERTEX_POINT ( 'NONE', #5797 ) ;
#5062 = B_SPLINE_CURVE_WITH_KNOTS ( 'NONE', 3,
 ( #2372, #2864, #4771, #6721, #4147, #1010, #3561, #6110, #431, #2327, #1709, #6766, #4895, #7435, #1093, #473, #6600, #5016, #1213, #6810, #8130, #5647, #8167, #5686, #5725, #1250, #6310, #3808, #3111 ),
 .UNSPECIFIED., .F., .F.,
 ( 4, 1, 1, 1, 1, 1, 1, 1, 1, 1, 1, 1, 1, 1, 1, 1, 1, 1, 1, 1, 1, 1, 1, 1, 1, 1, 4 ),
 ( 0.000000000000000000, 0.1659160033276295687, 0.1709059215442318980, 0.1766635194393566533, 0.1831887970181514946, 0.1904817542841363842, 0.1985423912398269763, 0.2073707078870824505, 0.2169667042273148994, 0.2273303802616239988, 0.2384617359908808298, 0.2503607714157882747, 0.2630274865369212067, 0.2764618813547564669, 0.2906639558696927361, 0.3056337100820685215, 0.3213711439921715929, 0.3378762576002503071, 0.3551490509065193812, 0.3731895239111665541, 0.3919976766143570268, 0.4115735090162354615, 0.4319170211169303109, 0.4530282129165571492, 0.4749070844152180060, 0.4975536356130059734, 0.5074316978669448641 ),
 .UNSPECIFIED. ) ;
#5063 = FACE_OUTER_BOUND ( 'NONE', #5875, .T. ) ;
#5064 = EDGE_LOOP ( 'NONE', ( #3202, #7928, #6913, #8158 ) ) ;
#5065 = VECTOR ( 'NONE', #3944, 1000.000000000000114 ) ;
#5066 = CARTESIAN_POINT ( 'NONE',  ( -0.8857088747961672226, 12.23289380645680424, 8.000000000000000000 ) ) ;
#5067 = CARTESIAN_POINT ( 'NONE',  ( -1.722120468130897475, 13.64173013562592907, 8.000000000000000000 ) ) ;
#5068 = CARTESIAN_POINT ( 'NONE',  ( 8.066441933275781295, 34.53415948122438550, 14.68272462300221726 ) ) ;
#5069 = CARTESIAN_POINT ( 'NONE',  ( -1.195724957047537229, 12.87548337994386038, 0.000000000000000000 ) ) ;
#5070 = CARTESIAN_POINT ( 'NONE',  ( -1.312474532673086891, -13.06843834723477649, 8.000000000000000000 ) ) ;
#5071 = ORIENTED_EDGE ( 'NONE', *, *, #6614, .T. ) ;
#5072 = EDGE_CURVE ( 'NONE', #3368, #1222, #6009, .T. ) ;
#5073 = CYLINDRICAL_SURFACE ( 'NONE', #6338, 2.600000000000000089 ) ;
#5074 = CARTESIAN_POINT ( 'NONE',  ( 11.83751175313649284, 0.7661213205047733288, 8.000000000000000000 ) ) ;
#5075 = CARTESIAN_POINT ( 'NONE',  ( -6.473761040516374798, -10.41722559423737593, 0.000000000000000000 ) ) ;
#5076 = CARTESIAN_POINT ( 'NONE',  ( 12.09884006967990544, -5.379567626064686969, 8.000000000000000000 ) ) ;
#5077 = ADVANCED_FACE ( 'NONE', ( #7665 ), #4503, .F. ) ;
#5078 = CIRCLE ( 'NONE', #7199, 13.75000000000000000 ) ;
#5079 = CARTESIAN_POINT ( 'NONE',  ( 10.23507608951711845, -6.418760976341251201, 0.000000000000000000 ) ) ;
#5080 = CARTESIAN_POINT ( 'NONE',  ( 11.58812316373715845, 6.630420918280245601, 8.000000000000000000 ) ) ;
#5081 = ORIENTED_EDGE ( 'NONE', *, *, #7388, .F. ) ;
#5082 = FACE_OUTER_BOUND ( 'NONE', #4496, .T. ) ;
#5083 = VERTEX_POINT ( 'NONE', #7830 ) ;
#5084 = AXIS2_PLACEMENT_3D ( 'NONE', #2135, #1642, #7196 ) ;
#5085 = CARTESIAN_POINT ( 'NONE',  ( -11.83751175313649817, -0.7661213205046906172, 8.000000000000000000 ) ) ;
#5086 = EDGE_CURVE ( 'NONE', #3558, #4684, #5827, .T. ) ;
#5087 = CARTESIAN_POINT ( 'NONE',  ( 13.06987279011083380, -2.724978029605075402, 8.000000000000000000 ) ) ;
#5088 = CARTESIAN_POINT ( 'NONE',  ( 1.668469543058222149, -13.57387004037415679, 8.000000000000000000 ) ) ;
#5089 = CARTESIAN_POINT ( 'NONE',  ( -10.48771353560521113, -6.492081297254504335, 0.000000000000000000 ) ) ;
#5090 = DIRECTION ( 'NONE',  ( 0.000000000000000000, 0.000000000000000000, -1.000000000000000000 ) ) ;
#5091 = CARTESIAN_POINT ( 'NONE',  ( -9.301941798724802979, 7.798144649837160713, 8.000000000000000000 ) ) ;
#5092 = CARTESIAN_POINT ( 'NONE',  ( 0.8857088747961672226, -12.23289380645680424, 0.000000000000000000 ) ) ;
#5093 = CARTESIAN_POINT ( 'NONE',  ( 11.91079326901030022, -0.7828886122848225382, 8.000000000000000000 ) ) ;
#5094 = CARTESIAN_POINT ( 'NONE',  ( -11.60070094346938063, 4.833073392807619051, 0.000000000000000000 ) ) ;
#5095 = VECTOR ( 'NONE', #4845, 1000.000000000000000 ) ;
#5096 = CARTESIAN_POINT ( 'NONE',  ( 10.72875944066950993, -6.544354946388615701, 0.000000000000000000 ) ) ;
#5097 = CARTESIAN_POINT ( 'NONE',  ( -12.83440038321939269, -2.790132082466676877, 8.000000000000000000 ) ) ;
#5098 = CARTESIAN_POINT ( 'NONE',  ( -12.33100786788146586, -5.689930116769362556, 8.000000000000000000 ) ) ;
#5099 = CARTESIAN_POINT ( 'NONE',  ( 10.32496896312091827, 3.608867157514917157, 8.000000000000000000 ) ) ;
#5100 = CALENDAR_DATE ( 2026, 8, 5 ) ;
#5101 = VERTEX_POINT ( 'NONE', #4668 ) ;
#5102 = VECTOR ( 'NONE', #5386, 1000.000000000000114 ) ;
#5103 = ADVANCED_FACE ( 'NONE', ( #7201 ), #2845, .T. ) ;
#5104 = CARTESIAN_POINT ( 'NONE',  ( 12.16898868378442522, -0.8620871873791016160, 8.000000000000000000 ) ) ;
#5105 = CARTESIAN_POINT ( 'NONE',  ( -0.7828886122849475493, 11.91079326901029134, 8.000000000000000000 ) ) ;
#5106 = CARTESIAN_POINT ( 'NONE',  ( 6.510080463201441070, -10.56312374806388377, 0.000000000000000000 ) ) ;
#5107 = DIRECTION ( 'NONE',  ( -0.6898720223047382083, 0.2241530079268373443, -0.6883545756937494708 ) ) ;
#5108 = DIRECTION ( 'NONE',  ( -0.6396556736767862184, -0.1713952211956811522, 0.7493092133988347170 ) ) ;
#5109 = CARTESIAN_POINT ( 'NONE',  ( -0.7736152328233113495, -11.87194576742586527, 8.000000000000000000 ) ) ;
#5110 = ORIENTED_EDGE ( 'NONE', *, *, #1061, .F. ) ;
#5111 = CARTESIAN_POINT ( 'NONE',  ( -10.41722559423735639, 6.473761040516410326, 8.000000000000000000 ) ) ;
#5112 = CARTESIAN_POINT ( 'NONE',  ( 11.48389212362417844, 0.6963551242058848567, 8.000000000000000000 ) ) ;
#5113 = CARTESIAN_POINT ( 'NONE',  ( -6.367618434587505760, -10.09620455160490771, 8.000000000000000000 ) ) ;
#5114 = AXIS2_PLACEMENT_3D ( 'NONE', #1710, #5443, #1626 ) ;
#5115 = CYLINDRICAL_SURFACE ( 'NONE', #2249, 10.93750000000000178 ) ;
#5116 = LINE ( 'NONE', #1972, #3668 ) ;
#5117 = CARTESIAN_POINT ( 'NONE',  ( 0.6963551242057646196, -11.48389212362418377, 0.000000000000000000 ) ) ;
#5118 = ORIENTED_EDGE ( 'NONE', *, *, #4028, .F. ) ;
#5119 = CARTESIAN_POINT ( 'NONE',  ( 11.87581303661966281, -5.115945187291530694, 0.000000000000000000 ) ) ;
#5120 = VERTEX_POINT ( 'NONE', #7286 ) ;
#5121 = AXIS2_PLACEMENT_3D ( 'NONE', #5914, #6530, #3374 ) ;
#5122 = DIRECTION ( 'NONE',  ( 0.7605637668489719783, 0.000000000000000000, -0.6492632413409085146 ) ) ;
#5123 = CARTESIAN_POINT ( 'NONE',  ( 11.52995163726280303, -2.932881190150406603, 0.000000000000000000 ) ) ;
#5124 = CARTESIAN_POINT ( 'NONE',  ( 2.577692551524224385, -13.50622083004037677, 0.000000000000000000 ) ) ;
#5125 = CARTESIAN_POINT ( 'NONE',  ( -11.01428446989498333, -6.588591420233511187, 0.000000000000000000 ) ) ;
#5126 = CARTESIAN_POINT ( 'NONE',  ( 12.97053397611293235, 1.251919511749509217, 0.000000000000000000 ) ) ;
#5127 = CARTESIAN_POINT ( 'NONE',  ( -9.969200282347971509, 9.221936103764038606, 0.000000000000000000 ) ) ;
#5128 = CARTESIAN_POINT ( 'NONE',  ( -6.367618434587505760, -10.09620455160490771, 8.000000000000000000 ) ) ;
#5129 = AXIS2_PLACEMENT_3D ( 'NONE', #3267, #7048, #6426 ) ;
#5130 = CARTESIAN_POINT ( 'NONE',  ( 11.13701600410299619, 2.886444749237187857, -5.204170427930421283E-15 ) ) ;
#5131 = VECTOR ( 'NONE', #6370, 1000.000000000000114 ) ;
#5132 = CARTESIAN_POINT ( 'NONE',  ( -5.853360337646336120, -12.44189184801366288, 0.000000000000000000 ) ) ;
#5133 = AXIS2_PLACEMENT_3D ( 'NONE', #6912, #5740, #1384 ) ;
#5134 = LINE ( 'NONE', #2024, #4833 ) ;
#5135 = CARTESIAN_POINT ( 'NONE',  ( 4.645166053939900230, 32.41176688192004463, 19.47606544769819692 ) ) ;
#5136 = CARTESIAN_POINT ( 'NONE',  ( 9.376012365377748736, 7.906868104074169956, 0.000000000000000000 ) ) ;
#5137 = CARTESIAN_POINT ( 'NONE',  ( -11.13701600410301573, -2.886444749237111029, 0.000000000000000000 ) ) ;
#5138 = DIRECTION ( 'NONE',  ( 0.9510565162951535312, -0.3090169943749481174, -0.000000000000000000 ) ) ;
#5139 = CARTESIAN_POINT ( 'NONE',  ( -8.348190801685211326, 9.625916629980727279, 0.000000000000000000 ) ) ;
#5140 = ADVANCED_FACE ( 'NONE', ( #5462 ), #869, .T. ) ;
#5141 = ORIENTED_EDGE ( 'NONE', *, *, #1061, .T. ) ;
#5142 = CARTESIAN_POINT ( 'NONE',  ( 0.000000000000000000, 0.000000000000000000, 8.000000000000000000 ) ) ;
#5143 = CARTESIAN_POINT ( 'NONE',  ( 9.757522586729452385, 8.636712746112591432, 0.000000000000000000 ) ) ;
#5144 = CARTESIAN_POINT ( 'NONE',  ( 9.126433365741046799, 7.577720000373803444, 8.000000000000000000 ) ) ;
#5145 = FACE_OUTER_BOUND ( 'NONE', #4418, .T. ) ;
#5146 = EDGE_CURVE ( 'NONE', #6355, #5203, #5697, .T. ) ;
#5147 = DIRECTION ( 'NONE',  ( 0.000000000000000000, 0.000000000000000000, -1.000000000000000000 ) ) ;
#5148 = DIRECTION ( 'NONE',  ( 0.7237771210982815173, 0.1939354950984071291, -0.6622202826217417071 ) ) ;
#5149 = CARTESIAN_POINT ( 'NONE',  ( -6.492081297254395089, -10.48771353560528219, 0.000000000000000000 ) ) ;
#5150 = CARTESIAN_POINT ( 'NONE',  ( -1.668469543058222149, -13.57387004037415856, 8.000000000000000000 ) ) ;
#5151 = ORIENTED_EDGE ( 'NONE', *, *, #6154, .T. ) ;
#5152 = CARTESIAN_POINT ( 'NONE',  ( -11.71732392095625563, 6.632284204934391525, 8.000000000000000000 ) ) ;
#5153 = VECTOR ( 'NONE', #6221, 1000.000000000000000 ) ;
#5154 = CARTESIAN_POINT ( 'NONE',  ( -2.932881190150526507, 11.52995163726277283, 8.000000000000000000 ) ) ;
#5155 = ADVANCED_FACE ( 'NONE', ( #4047 ), #3498, .F. ) ;
#5156 = CARTESIAN_POINT ( 'NONE',  ( -6.510080463201289191, -10.56312374806397791, 0.000000000000000000 ) ) ;
#5157 = CARTESIAN_POINT ( 'NONE',  ( -6.544354946388734717, 10.72875944066943887, 0.000000000000000000 ) ) ;
#5158 = CARTESIAN_POINT ( 'NONE',  ( 11.85123473191545429, -6.631537913675408014, 8.000000000000000000 ) ) ;
#5159 = CARTESIAN_POINT ( 'NONE',  ( 5.689930116769404300, -12.33100786788144276, 0.000000000000000000 ) ) ;
#5160 = ORIENTED_EDGE ( 'NONE', *, *, #6053, .T. ) ;
#5161 = CARTESIAN_POINT ( 'NONE',  ( 12.39393210983946325, -5.781365353077968727, 8.000000000000000000 ) ) ;
#5162 = ORIENTED_EDGE ( 'NONE', *, *, #4851, .F. ) ;
#5163 = B_SPLINE_SURFACE_WITH_KNOTS ( 'NONE', 3, 1, ( 
 ( #3416, #2174 ),
 ( #2758, #4081 ),
 ( #5287, #5370 ),
 ( #2213, #1554 ),
 ( #5454, #7275 ),
 ( #7823, #6612 ),
 ( #5994, #318 ),
 ( #4118, #7531 ),
 ( #6907, #7448 ),
 ( #1765, #4865 ),
 ( #571, #4989 ),
 ( #2341, #3049 ),
 ( #4243, #1725 ),
 ( #1067, #4283 ),
 ( #7402, #2959 ),
 ( #1105, #3743 ),
 ( #6210, #1226 ),
 ( #6778, #6826 ),
 ( #6249, #1189 ),
 ( #2385, #8022 ),
 ( #8067, #3087 ),
 ( #1149, #4370 ),
 ( #3576, #5586 ),
 ( #1847, #533 ),
 ( #3622, #3663 ),
 ( #6123, #3706 ),
 ( #8183, #7569 ),
 ( #7487, #5625 ),
 ( #6284, #1807 ) ),
 .UNSPECIFIED., .F., .F., .F.,
 ( 4, 1, 1, 1, 1, 1, 1, 1, 1, 1, 1, 1, 1, 1, 1, 1, 1, 1, 1, 1, 1, 1, 1, 1, 1, 1, 4 ),
 ( 2, 2 ),
 ( 0.000000000000000000, 0.1659160033276295965, 0.1709059215442318702, 0.1766635194393565977, 0.1831887970181514669, 0.1904817542841364120, 0.1985423912398269763, 0.2073707078870824227, 0.2169667042273148716, 0.2273303802616240543, 0.2384617359908808021, 0.2503607714157882191, 0.2630274865369212067, 0.2764618813547564669, 0.2906639558696927361, 0.3056337100820685215, 0.3213711439921715929, 0.3378762576002502516, 0.3551490509065193812, 0.3731895239111665541, 0.3919976766143570268, 0.4115735090162354615, 0.4319170211169303109, 0.4530282129165571492, 0.4749070844152180060, 0.4975536356130058624, 0.5074316978669450862 ),
 ( 0.000000000000000000, 1.000000000000000000 ),
 .UNSPECIFIED. ) ;
#5164 = CARTESIAN_POINT ( 'NONE',  ( -11.83751175313649817, -0.7661213205046906172, -5.204170427930421283E-15 ) ) ;
#5165 = CARTESIAN_POINT ( 'NONE',  ( 11.83979557596826382, -2.940530670474117869, 0.000000000000000000 ) ) ;
#5166 = CARTESIAN_POINT ( 'NONE',  ( 1.011712205768922734, -12.52642403931682580, 8.000000000000000000 ) ) ;
#5167 = CARTESIAN_POINT ( 'NONE',  ( -8.988499347771103487, 6.231836464888859339, 8.000000000000000000 ) ) ;
#5168 = CARTESIAN_POINT ( 'NONE',  ( -13.06987279011080005, -2.724978029605258367, 0.000000000000000000 ) ) ;
#5169 = CARTESIAN_POINT ( 'NONE',  ( 11.46368139467884006, -6.626136714284544205, 8.000000000000000000 ) ) ;
#5170 = CARTESIAN_POINT ( 'NONE',  ( -4.425208852857792863, 11.08591166683802065, 8.000000000000000000 ) ) ;
#5171 = B_SPLINE_SURFACE_WITH_KNOTS ( 'NONE', 3, 1, ( 
 ( #4733, #4029 ),
 ( #3523, #6725 ),
 ( #1055, #5947 ),
 ( #3483, #6026 ),
 ( #6070, #351 ),
 ( #5275, #7934 ),
 ( #394, #2911 ),
 ( #435, #7438 ),
 ( #2377, #1875 ),
 ( #5534, #2496 ),
 ( #1796, #6814 ),
 ( #6155, #6197 ),
 ( #4978, #476 ),
 ( #4272, #5488 ),
 ( #8012, #4318 ),
 ( #6241, #2415 ),
 ( #1253, #6854 ),
 ( #8170, #5577 ),
 ( #1139, #4855 ),
 ( #522, #3040 ),
 ( #8094, #4899 ),
 ( #2330, #3654 ),
 ( #2994, #2454 ),
 ( #8133, #1756 ),
 ( #4939, #1837 ),
 ( #7475, #562 ),
 ( #7518, #5019 ),
 ( #1180, #4359 ),
 ( #6896, #3695 ) ),
 .UNSPECIFIED., .F., .F., .F.,
 ( 4, 1, 1, 1, 1, 1, 1, 1, 1, 1, 1, 1, 1, 1, 1, 1, 1, 1, 1, 1, 1, 1, 1, 1, 1, 1, 4 ),
 ( 2, 2 ),
 ( 0.000000000000000000, 0.1659160033276295965, 0.1709059215442318702, 0.1766635194393565977, 0.1831887970181514669, 0.1904817542841364120, 0.1985423912398269763, 0.2073707078870824227, 0.2169667042273148716, 0.2273303802616240543, 0.2384617359908808021, 0.2503607714157882191, 0.2630274865369212067, 0.2764618813547564669, 0.2906639558696927361, 0.3056337100820685215, 0.3213711439921715929, 0.3378762576002502516, 0.3551490509065193812, 0.3731895239111665541, 0.3919976766143570268, 0.4115735090162354615, 0.4319170211169303109, 0.4530282129165571492, 0.4749070844152180060, 0.4975536356130058624, 0.5074316978669450862 ),
 ( 0.000000000000000000, 1.000000000000000000 ),
 .UNSPECIFIED. ) ;
#5172 = CARTESIAN_POINT ( 'NONE',  ( 1.722120468130897475, -13.64173013562592907, 8.000000000000000000 ) ) ;
#5173 = EDGE_CURVE ( 'NONE', #7278, #7111, #6424, .T. ) ;
#5174 = EDGE_CURVE ( 'NONE', #2216, #6615, #3240, .T. ) ;
#5175 = EDGE_CURVE ( 'NONE', #2879, #6657, #377, .T. ) ;
#5176 = CARTESIAN_POINT ( 'NONE',  ( 12.42543686353448074, 47.94976640960985748, -16.14160572161315699 ) ) ;
#5177 = CARTESIAN_POINT ( 'NONE',  ( -9.442776183394450129, 5.916238915412022514, 0.000000000000000000 ) ) ;
#5178 = CYLINDRICAL_SURFACE ( 'NONE', #1511, 13.75000000000000000 ) ;
#5179 = CARTESIAN_POINT ( 'NONE',  ( 9.669723885496884108, 8.439220299577170792, 0.000000000000000000 ) ) ;
#5180 = CARTESIAN_POINT ( 'NONE',  ( -11.61432090236920089, -2.938739567862419300, 0.000000000000000000 ) ) ;
#5181 = CARTESIAN_POINT ( 'NONE',  ( -12.69447357664507692, 1.095856395948356488, 8.000000000000000000 ) ) ;
#5182 = CARTESIAN_POINT ( 'NONE',  ( -6.622827502596288163, 8.704427730807712038, 8.000000000000000000 ) ) ;
#5183 = EDGE_LOOP ( 'NONE', ( #2334, #5151, #5660, #7635 ) ) ;
#5184 = ORIENTED_EDGE ( 'NONE', *, *, #5689, .F. ) ;
#5185 = CARTESIAN_POINT ( 'NONE',  ( 6.473761040516524901, -10.41722559423728356, 8.000000000000000000 ) ) ;
#5186 = CARTESIAN_POINT ( 'NONE',  ( -9.338196514606226017, 7.850195268865149956, 8.000000000000000000 ) ) ;
#5187 = CARTESIAN_POINT ( 'NONE',  ( 10.56312374806385890, 6.510080463201478373, 0.000000000000000000 ) ) ;
#5188 =( BOUNDED_CURVE ( )  B_SPLINE_CURVE ( 3, ( #6387, #2493, #711, #4314 ),
 .UNSPECIFIED., .F., .F. ) 
 B_SPLINE_CURVE_WITH_KNOTS ( ( 4, 4 ),
 ( 3.572275984111969560, 4.306247982608483404 ),
 .UNSPECIFIED. ) 
 CURVE ( )  GEOMETRIC_REPRESENTATION_ITEM ( )  RATIONAL_B_SPLINE_CURVE ( ( 1.000000000000000000, 0.9556086789457213237, 0.9556086789457213237, 1.000000000000000000 ) ) 
 REPRESENTATION_ITEM ( '' )  );
#5189 = CARTESIAN_POINT ( 'NONE',  ( -0.9420826277741565224, 12.37227591337642352, 8.000000000000000000 ) ) ;
#5190 = CARTESIAN_POINT ( 'NONE',  ( 8.066441935619947046, 34.53415948133687863, -7.449836064874149955 ) ) ;
#5191 = CARTESIAN_POINT ( 'NONE',  ( 8.348190801685282381, -9.625916629980661554, 8.000000000000000000 ) ) ;
#5192 = CARTESIAN_POINT ( 'NONE',  ( 7.602055376515440166, 33.94023338327459527, -8.819567972350952800 ) ) ;
#5193 = CARTESIAN_POINT ( 'NONE',  ( -6.367618434587505760, -10.09620455160490771, 0.000000000000000000 ) ) ;
#5194 = CARTESIAN_POINT ( 'NONE',  ( -11.90787246215810669, 2.937812879663815657, 0.000000000000000000 ) ) ;
#5195 = ORIENTED_EDGE ( 'NONE', *, *, #3738, .F. ) ;
#5196 = CARTESIAN_POINT ( 'NONE',  ( -10.91417308631845096, 6.575057906251698725, 8.000000000000000000 ) ) ;
#5197 = CARTESIAN_POINT ( 'NONE',  ( -2.686824890852737902, 13.19332579941578665, 0.000000000000000000 ) ) ;
#5198 = CARTESIAN_POINT ( 'NONE',  ( 13.62596226217980799, 1.709570872969648381, 8.000000000000000000 ) ) ;
#5199 = CARTESIAN_POINT ( 'NONE',  ( -6.560248542580080056, 10.81899503309355737, 0.000000000000000000 ) ) ;
#5200 = EDGE_CURVE ( 'NONE', #734, #1159, #7887, .T. ) ;
#5201 = DIRECTION ( 'NONE',  ( 0.000000000000000000, 0.000000000000000000, 1.000000000000000000 ) ) ;
#5202 = CARTESIAN_POINT ( 'NONE',  ( 0.9123192481543054289, -12.30068812565076364, 0.000000000000000000 ) ) ;
#5203 = VERTEX_POINT ( 'NONE', #411 ) ;
#5204 = CARTESIAN_POINT ( 'NONE',  ( 11.25643158326927740, -4.542018187747106417, 0.000000000000000000 ) ) ;
#5205 = EDGE_CURVE ( 'NONE', #6337, #7945, #3621, .T. ) ;
#5206 = ORIENTED_EDGE ( 'NONE', *, *, #6203, .T. ) ;
#5207 = CARTESIAN_POINT ( 'NONE',  ( -11.11684438996311819, -0.7639867559471459346, -5.204170427930421283E-15 ) ) ;
#5208 = CARTESIAN_POINT ( 'NONE',  ( -12.05785317090583142, -2.927269694296119606, 8.000000000000000000 ) ) ;
#5209 = CARTESIAN_POINT ( 'NONE',  ( 1.251919511749373326, -12.97053397611294656, 8.000000000000000000 ) ) ;
#5210 = DIRECTION ( 'NONE',  ( 0.000000000000000000, 0.000000000000000000, 1.000000000000000000 ) ) ;
#5211 = CYLINDRICAL_SURFACE ( 'NONE', #7255, 10.93750000000000178 ) ;
#5212 = CARTESIAN_POINT ( 'NONE',  ( -10.02415449855990204, 9.411632514553531337, 0.000000000000000000 ) ) ;
#5213 = CARTESIAN_POINT ( 'NONE',  ( -11.87581303661963084, 5.115945187291611518, 0.000000000000000000 ) ) ;
#5214 = CARTESIAN_POINT ( 'NONE',  ( 0.7639867559471070768, -11.11684438996312174, 0.000000000000000000 ) ) ;
#5215 = CARTESIAN_POINT ( 'NONE',  ( -4.896733499129011236, -11.66659828334870141, 0.000000000000000000 ) ) ;
#5216 = CARTESIAN_POINT ( 'NONE',  ( -5.286606996006981696, 12.02324651265879929, 8.000000000000000000 ) ) ;
#5217 = LINE ( 'NONE', #171, #3624 ) ;
#5218 = CARTESIAN_POINT ( 'NONE',  ( 10.02415449855997132, -9.411632514553458506, 8.000000000000000000 ) ) ;
#5219 = CARTESIAN_POINT ( 'NONE',  ( -12.61481170127149198, -2.841541163098093570, 0.000000000000000000 ) ) ;
#5220 = CARTESIAN_POINT ( 'NONE',  ( 13.77353190442019581, 34.37193181941435682, -14.18665935876056672 ) ) ;
#5221 = CARTESIAN_POINT ( 'NONE',  ( -11.87581303661959531, -5.115945187291695895, 8.000000000000000000 ) ) ;
#5222 = CARTESIAN_POINT ( 'NONE',  ( -7.668835209823024357, 9.204216794247566114, 8.000000000000000000 ) ) ;
#5223 = VERTEX_POINT ( 'NONE', #5777 ) ;
#5224 = VERTEX_POINT ( 'NONE', #6321 ) ;
#5225 = CARTESIAN_POINT ( 'NONE',  ( 6.611064424922912686, -11.22924223885644857, 0.000000000000000000 ) ) ;
#5226 = CYLINDRICAL_SURFACE ( 'NONE', #4605, 1.000000000000004441 ) ;
#5227 = DIRECTION ( 'NONE',  ( 1.000000000000000000, 0.000000000000000000, -0.000000000000000000 ) ) ;
#5228 = CARTESIAN_POINT ( 'NONE',  ( 6.231836464888956151, -8.988499347771035985, 8.000000000000000000 ) ) ;
#5229 = CARTESIAN_POINT ( 'NONE',  ( 12.33100786788154224, -5.689930116769189361, 0.000000000000000000 ) ) ;
#5230 = FACE_OUTER_BOUND ( 'NONE', #5919, .T. ) ;
#5231 = CARTESIAN_POINT ( 'NONE',  ( -12.87548337994386394, 1.195724957047492376, 0.000000000000000000 ) ) ;
#5232 = VECTOR ( 'NONE', #5609, 1000.000000000000000 ) ;
#5233 = CARTESIAN_POINT ( 'NONE',  ( -6.560248542580001896, -10.81899503309359822, 0.000000000000000000 ) ) ;
#5234 = DIRECTION ( 'NONE',  ( -0.6396556736767861073, -0.1713952211956810967, -0.7493092133988348280 ) ) ;
#5235 = EDGE_LOOP ( 'NONE', ( #4726, #502, #6941, #6951, #1118, #2460 ) ) ;
#5236 = CARTESIAN_POINT ( 'NONE',  ( -11.34404188716889728, 6.619621129381155100, 8.000000000000000000 ) ) ;
#5237 = CARTESIAN_POINT ( 'NONE',  ( -2.686824890852737902, 13.19332579941578665, 8.000000000000000000 ) ) ;
#5238 = EDGE_CURVE ( 'NONE', #7780, #2207, #2505, .T. ) ;
#5239 =( BOUNDED_CURVE ( )  B_SPLINE_CURVE ( 3, ( #5614, #4397, #7560, #3771 ),
 .UNSPECIFIED., .F., .F. ) 
 B_SPLINE_CURVE_WITH_KNOTS ( ( 4, 4 ),
 ( 4.981304559064155590, 6.448520000146811704 ),
 .UNSPECIFIED. ) 
 CURVE ( )  GEOMETRIC_REPRESENTATION_ITEM ( )  RATIONAL_B_SPLINE_CURVE ( ( 1.000000000000000000, 0.8285091192165824348, 0.8285091192165824348, 1.000000000000000000 ) ) 
 REPRESENTATION_ITEM ( '' )  );
#5240 = CARTESIAN_POINT ( 'NONE',  ( -10.93483029503508597, 0.2416457505997258726, 8.000000000000000000 ) ) ;
#5241 = B_SPLINE_SURFACE_WITH_KNOTS ( 'NONE', 3, 1, ( 
 ( #1461, #5317 ),
 ( #3401, #7055 ),
 ( #1500, #4066 ),
 ( #932, #6433 ),
 ( #7850, #5860 ),
 ( #6601, #1376 ),
 ( #5984, #7097 ),
 ( #267, #2161 ),
 ( #2074, #4026 ),
 ( #6559, #307 ),
 ( #4687, #764 ),
 ( #2824, #4606 ),
 ( #5356, #2037 ),
 ( #7890, #5187 ),
 ( #4519, #5817 ),
 ( #139, #7722 ),
 ( #3942, #807 ),
 ( #2373, #1011 ),
 ( #1584, #2907 ),
 ( #2247, #4232 ),
 ( #474, #1053 ),
 ( #7346, #6067 ),
 ( #7436, #4186 ),
 ( #349, #3652 ),
 ( #1135, #1669 ),
 ( #4108, #7265 ),
 ( #6641, #971 ),
 ( #2865, #4729 ),
 ( #4772, #392 ) ),
 .UNSPECIFIED., .F., .F., .F.,
 ( 4, 1, 1, 1, 1, 1, 1, 1, 1, 1, 1, 1, 1, 1, 1, 1, 1, 1, 1, 1, 1, 1, 1, 1, 1, 1, 4 ),
 ( 2, 2 ),
 ( 0.000000000000000000, 0.1659160033276295965, 0.1709059215442318702, 0.1766635194393565977, 0.1831887970181514669, 0.1904817542841364120, 0.1985423912398269763, 0.2073707078870824227, 0.2169667042273148716, 0.2273303802616240543, 0.2384617359908808021, 0.2503607714157882191, 0.2630274865369212067, 0.2764618813547564669, 0.2906639558696927361, 0.3056337100820685215, 0.3213711439921715929, 0.3378762576002502516, 0.3551490509065193812, 0.3731895239111665541, 0.3919976766143570268, 0.4115735090162354615, 0.4319170211169303109, 0.4530282129165571492, 0.4749070844152180060, 0.4975536356130058624, 0.5074316978669450862 ),
 ( 0.000000000000000000, 1.000000000000000000 ),
 .UNSPECIFIED. ) ;
#5242 = CARTESIAN_POINT ( 'NONE',  ( -6.492081297254468808, 10.48771353560523600, 0.000000000000000000 ) ) ;
#5243 = CARTESIAN_POINT ( 'NONE',  ( 12.02849558175094558, -6.626067776680025112, 8.000000000000000000 ) ) ;
#5244 = CARTESIAN_POINT ( 'NONE',  ( 7.439854252634617637, 43.68375144190006409, -10.90981260795433982 ) ) ;
#5245 = EDGE_CURVE ( 'NONE', #5424, #6225, #5368, .T. ) ;
#5246 = ORIENTED_EDGE ( 'NONE', *, *, #8016, .T. ) ;
#5247 = CARTESIAN_POINT ( 'NONE',  ( -12.25290083038839484, 5.581155335976898613, 8.000000000000000000 ) ) ;
#5248 = ORIENTED_EDGE ( 'NONE', *, *, #6367, .F. ) ;
#5249 = AXIS2_PLACEMENT_3D ( 'NONE', #5553, #6215, #2389 ) ;
#5250 = CARTESIAN_POINT ( 'NONE',  ( -12.44189184801359715, -5.853360337646471123, 8.000000000000000000 ) ) ;
#5251 = CARTESIAN_POINT ( 'NONE',  ( 7.313425558786411429, 8.881356617214221316, -5.204170427930421283E-15 ) ) ;
#5252 = CARTESIAN_POINT ( 'NONE',  ( 2.929367628693851699, -11.49488719732982744, 0.000000000000000000 ) ) ;
#5253 = LINE ( 'NONE', #2096, #1179 ) ;
#5254 = CARTESIAN_POINT ( 'NONE',  ( -12.61481170127149198, -2.841541163098093570, 0.000000000000000000 ) ) ;
#5255 = CARTESIAN_POINT ( 'NONE',  ( 10.18403012388279549, -6.401038329813871108, 8.000000000000000000 ) ) ;
#5256 = FACE_OUTER_BOUND ( 'NONE', #6295, .T. ) ;
#5257 = EDGE_CURVE ( 'NONE', #3440, #7825, #99, .T. ) ;
#5258 = CARTESIAN_POINT ( 'NONE',  ( -6.625183064395817389, -12.04862852623661951, 8.000000000000000000 ) ) ;
#5259 = EDGE_LOOP ( 'NONE', ( #3744, #4716, #566, #7113 ) ) ;
#5260 = DIRECTION ( 'NONE',  ( 0.000000000000000000, 0.000000000000000000, -1.000000000000000000 ) ) ;
#5261 = DIRECTION ( 'NONE',  ( 0.2588190451025210725, -0.9659258262890682012, 4.440892098500626162E-16 ) ) ;
#5262 = CARTESIAN_POINT ( 'NONE',  ( -8.988499347771060854, -6.231836464888920624, 8.000000000000000000 ) ) ;
#5263 = CARTESIAN_POINT ( 'NONE',  ( -2.708699257713828690, 10.80883218877890783, 0.000000000000000000 ) ) ;
#5264 = CARTESIAN_POINT ( 'NONE',  ( -11.90787246215808537, -2.937812879663900478, 8.000000000000000000 ) ) ;
#5265 = CARTESIAN_POINT ( 'NONE',  ( 11.60810413299925337, 35.68596202664235051, -12.63868738516015178 ) ) ;
#5266 = CARTESIAN_POINT ( 'NONE',  ( -11.66659828334864457, -4.896733499129138245, 0.000000000000000000 ) ) ;
#5267 = CARTESIAN_POINT ( 'NONE',  ( -7.634358818669860547, 9.175863790627238004, 8.000000000000000000 ) ) ;
#5268 = ORIENTED_EDGE ( 'NONE', *, *, #6543, .F. ) ;
#5269 = ORIENTED_EDGE ( 'NONE', *, *, #6677, .F. ) ;
#5270 = CIRCLE ( 'NONE', #5552, 1.000000000000000444 ) ;
#5271 = CARTESIAN_POINT ( 'NONE',  ( 6.510080463201441070, -10.56312374806388377, 0.000000000000000000 ) ) ;
#5272 = DIRECTION ( 'NONE',  ( 0.000000000000000000, -0.000000000000000000, -1.000000000000000000 ) ) ;
#5273 = CARTESIAN_POINT ( 'NONE',  ( -13.50622083004040341, 2.577692551524081388, 8.000000000000000000 ) ) ;
#5274 = DIRECTION ( 'NONE',  ( -0.000000000000000000, 0.000000000000000000, -1.000000000000000000 ) ) ;
#5275 = CARTESIAN_POINT ( 'NONE',  ( -0.7828886122849474383, -11.91079326901029134, 8.000000000000000000 ) ) ;
#5276 = CARTESIAN_POINT ( 'NONE',  ( 0.000000000000000000, 0.000000000000000000, 8.000000000000000000 ) ) ;
#5277 = CARTESIAN_POINT ( 'NONE',  ( -13.27225220462997690, 1.447204694645749745, 0.000000000000000000 ) ) ;
#5278 = CARTESIAN_POINT ( 'NONE',  ( -5.916238915411988764, -9.442776183394473222, 0.000000000000000000 ) ) ;
#5279 = CARTESIAN_POINT ( 'NONE',  ( -13.42510299664340501, 2.607747690747011848, 0.000000000000000000 ) ) ;
#5280 = ORIENTED_EDGE ( 'NONE', *, *, #777, .T. ) ;
#5281 = CARTESIAN_POINT ( 'NONE',  ( -9.757522586729514558, -8.636712746112520378, 8.000000000000000000 ) ) ;
#5282 = CARTESIAN_POINT ( 'NONE',  ( 12.09884006967979531, 5.379567626064940988, 8.000000000000000000 ) ) ;
#5283 = EDGE_CURVE ( 'NONE', #3035, #6892, #5515, .T. ) ;
#5284 = CARTESIAN_POINT ( 'NONE',  ( -2.940530670474153840, -11.83979557596825671, 8.000000000000000000 ) ) ;
#5285 = VECTOR ( 'NONE', #5946, 1000.000000000000000 ) ;
#5286 = CARTESIAN_POINT ( 'NONE',  ( -6.383929952666185237, 10.13775510802967972, 0.000000000000000000 ) ) ;
#5287 = CARTESIAN_POINT ( 'NONE',  ( -7.313425558786478042, -8.881356617214166249, 8.000000000000000000 ) ) ;
#5288 = CARTESIAN_POINT ( 'NONE',  ( 1.709570872969507604, -13.62596226217982753, 0.000000000000000000 ) ) ;
#5289 = ORIENTED_EDGE ( 'NONE', *, *, #1138, .F. ) ;
#5290 = DIRECTION ( 'NONE',  ( 0.000000000000000000, 0.000000000000000000, 1.000000000000000000 ) ) ;
#5291 = AXIS2_PLACEMENT_3D ( 'NONE', #513, #5527, #8127 ) ;
#5292 = ORIENTED_EDGE ( 'NONE', *, *, #6238, .T. ) ;
#5293 = AXIS2_PLACEMENT_3D ( 'NONE', #6671, #7920, #5307 ) ;
#5294 = CARTESIAN_POINT ( 'NONE',  ( 9.204216794247480848, 7.668835209823122057, 8.000000000000000000 ) ) ;
#5295 = AXIS2_PLACEMENT_3D ( 'NONE', #235, #1386, #3910 ) ;
#5296 = CARTESIAN_POINT ( 'NONE',  ( 7.798144649837058573, 9.301941798724888244, -5.204170427930421283E-15 ) ) ;
#5297 = DIRECTION ( 'NONE',  ( 0.000000000000000000, 0.000000000000000000, -1.000000000000000000 ) ) ;
#5298 = CARTESIAN_POINT ( 'NONE',  ( -4.476617511823964612, -11.16457150618552063, 8.000000000000000000 ) ) ;
#5299 = FACE_OUTER_BOUND ( 'NONE', #6008, .T. ) ;
#5300 = CARTESIAN_POINT ( 'NONE',  ( 8.535381057717431830, 9.713655369616290614, 8.000000000000000000 ) ) ;
#5301 = DIRECTION ( 'NONE',  ( 0.6396556736767861073, 0.1713952211956811245, 0.7493092133988347170 ) ) ;
#5302 = DIRECTION ( 'NONE',  ( -0.000000000000000000, -0.000000000000000000, 1.000000000000000000 ) ) ;
#5303 = VERTEX_POINT ( 'NONE', #7602 ) ;
#5304 = CARTESIAN_POINT ( 'NONE',  ( 13.16905850672526590, -1.377525651863595435, 8.000000000000000000 ) ) ;
#5305 = CARTESIAN_POINT ( 'NONE',  ( -4.542018187747222768, 11.25643158326923299, 8.000000000000000000 ) ) ;
#5306 = DIRECTION ( 'NONE',  ( 0.2588190451025214611, -0.9659258262890679791, -0.000000000000000000 ) ) ;
#5307 = DIRECTION ( 'NONE',  ( 1.000000000000000000, 0.000000000000000000, 0.000000000000000000 ) ) ;
#5308 = CARTESIAN_POINT ( 'NONE',  ( -7.968244849358815607, -9.415217936709971980, 0.000000000000000000 ) ) ;
#5309 = CARTESIAN_POINT ( 'NONE',  ( 13.07260709730173787, 35.23695811832428149, -13.78617161553449577 ) ) ;
#5310 = CARTESIAN_POINT ( 'NONE',  ( -7.906868104074071368, 9.376012365377837554, 8.000000000000000000 ) ) ;
#5311 = EDGE_CURVE ( 'NONE', #734, #1934, #7891, .T. ) ;
#5312 = EDGE_CURVE ( 'NONE', #2998, #6664, #7492, .T. ) ;
#5313 = ORIENTED_EDGE ( 'NONE', *, *, #3609, .F. ) ;
#5314 = ORIENTED_EDGE ( 'NONE', *, *, #5663, .T. ) ;
#5315 = CARTESIAN_POINT ( 'NONE',  ( 6.588591420233555596, -11.01428446989495669, 8.000000000000000000 ) ) ;
#5316 = CARTESIAN_POINT ( 'NONE',  ( -9.204216794247592759, 7.668835209822990606, 8.000000000000000000 ) ) ;
#5317 = CARTESIAN_POINT ( 'NONE',  ( 8.988499347771014669, 6.231836464888988125, 0.000000000000000000 ) ) ;
#5318 = CARTESIAN_POINT ( 'NONE',  ( 6.632284204934521199, -11.71732392095618458, 8.000000000000000000 ) ) ;
#5319 = CARTESIAN_POINT ( 'NONE',  ( 2.862521721341851677, -12.51119373526725376, 0.000000000000000000 ) ) ;
#5320 = DIRECTION ( 'NONE',  ( -0.3090169943749487835, -0.9510565162951531981, 0.000000000000000000 ) ) ;
#5321 = APPROVAL ( #636, 'æœª' ) ;
#5322 = CARTESIAN_POINT ( 'NONE',  ( -11.48389212362418377, 0.6963551242057266499, 0.000000000000000000 ) ) ;
#5323 = CARTESIAN_POINT ( 'NONE',  ( -5.836552422577480748, 12.43077374743279506, 0.000000000000000000 ) ) ;
#5324 = EDGE_LOOP ( 'NONE', ( #4277, #7845, #992, #3615, #7827, #5441, #197, #2892 ) ) ;
#5325 = CARTESIAN_POINT ( 'NONE',  ( -9.149886257342917162, 7.604022508570341898, 0.000000000000000000 ) ) ;
#5326 = LINE ( 'NONE', #3371, #7927 ) ;
#5327 = EDGE_CURVE ( 'NONE', #5040, #5101, #5987, .T. ) ;
#5328 = DIRECTION ( 'NONE',  ( 0.2588190451025214611, -0.9659258262890679791, -0.000000000000000000 ) ) ;
#5329 = CARTESIAN_POINT ( 'NONE',  ( 2.250364476070900732, 34.04160811851052415, -13.61616680320316242 ) ) ;
#5330 = CARTESIAN_POINT ( 'NONE',  ( 4.210990906299975300, -10.70664486910367863, 8.000000000000000000 ) ) ;
#5331 = ORIENTED_EDGE ( 'NONE', *, *, #1311, .F. ) ;
#5332 = CARTESIAN_POINT ( 'NONE',  ( -11.60070094346938063, 4.833073392807619051, 8.000000000000000000 ) ) ;
#5333 = ORIENTED_EDGE ( 'NONE', *, *, #1817, .F. ) ;
#5334 = CYLINDRICAL_SURFACE ( 'NONE', #1942, 10.93750000000000178 ) ;
#5335 = ADVANCED_FACE ( 'NONE', ( #5230 ), #4070, .T. ) ;
#5336 = CARTESIAN_POINT ( 'NONE',  ( 7.668835209822888466, 9.204216794247676248, -5.204170427930421283E-15 ) ) ;
#5337 = DIRECTION ( 'NONE',  ( -0.6396556736767861073, -0.1713952211956810967, 0.7493092133988348280 ) ) ;
#5338 = DIRECTION ( 'NONE',  ( -0.3090169943749485615, -0.9510565162951531981, 0.000000000000000000 ) ) ;
#5339 = LINE ( 'NONE', #2019, #3276 ) ;
#5340 = CARTESIAN_POINT ( 'NONE',  ( 9.411632514553422979, 10.02415449856000329, 8.000000000000000000 ) ) ;
#5341 = CARTESIAN_POINT ( 'NONE',  ( 7.668835209822888466, 9.204216794247676248, 0.000000000000000000 ) ) ;
#5342 = CARTESIAN_POINT ( 'NONE',  ( 11.98057174878959685, 2.933454507433692626, 8.000000000000000000 ) ) ;
#5343 = VERTEX_POINT ( 'NONE', #226 ) ;
#5344 = CARTESIAN_POINT ( 'NONE',  ( 12.30068812565077252, -0.9123192481541766430, -5.204170427930421283E-15 ) ) ;
#5345 = EDGE_CURVE ( 'NONE', #3558, #6337, #270, .T. ) ;
#5346 = CARTESIAN_POINT ( 'NONE',  ( -2.940710835118379052, -11.66361783702277855, 8.000000000000000000 ) ) ;
#5347 = LINE ( 'NONE', #5218, #6750 ) ;
#5348 = CARTESIAN_POINT ( 'NONE',  ( -7.707558585906816973, -9.234787594130832389, 0.000000000000000000 ) ) ;
#5349 = CARTESIAN_POINT ( 'NONE',  ( -0.8620871873792290696, 12.16898868378441811, 0.000000000000000000 ) ) ;
#5350 = CARTESIAN_POINT ( 'NONE',  ( -3.177189042419317655, 54.29751361031517831, 21.61616680320316419 ) ) ;
#5351 = AXIS2_PLACEMENT_3D ( 'NONE', #4430, #7011, #8092 ) ;
#5352 = ORIENTED_EDGE ( 'NONE', *, *, #841, .T. ) ;
#5353 = EDGE_LOOP ( 'NONE', ( #7662, #3468, #415, #2831 ) ) ;
#5354 = DIRECTION ( 'NONE',  ( 0.000000000000000000, -0.000000000000000000, -1.000000000000000000 ) ) ;
#5355 = CARTESIAN_POINT ( 'NONE',  ( -9.669723885497008453, 8.439220299577034012, 8.000000000000000000 ) ) ;
#5356 = CARTESIAN_POINT ( 'NONE',  ( 10.48771353560516140, 6.492081297254581607, 8.000000000000000000 ) ) ;
#5357 = CIRCLE ( 'NONE', #5749, 13.75000000000000000 ) ;
#5358 = CARTESIAN_POINT ( 'NONE',  ( 11.48389212362418910, -0.6963551242056464918, 0.000000000000000000 ) ) ;
#5359 = CARTESIAN_POINT ( 'NONE',  ( 2.938739567862459268, -11.61432090236918668, 0.000000000000000000 ) ) ;
#5360 = CARTESIAN_POINT ( 'NONE',  ( 12.17545110014123289, 5.477724940116983632, 0.000000000000000000 ) ) ;
#5361 = CARTESIAN_POINT ( 'NONE',  ( -13.16905850672525702, 1.377525651863687584, 0.000000000000000000 ) ) ;
#5362 = CARTESIAN_POINT ( 'NONE',  ( -5.379567626064813979, 12.09884006967985393, 0.000000000000000000 ) ) ;
#5363 = B_SPLINE_CURVE_WITH_KNOTS ( 'NONE', 3,
 ( #6397, #723, #3238, #7269, #7143, #2205, #4031, #2078, #2791, #4071, #3365, #2869, #4776, #7767, #853, #6520, #4610, #937, #4692, #892, #7311, #6028, #1589, #4735, #4112, #3406, #5904, #1504, #5949 ),
 .UNSPECIFIED., .F., .F.,
 ( 4, 1, 1, 1, 1, 1, 1, 1, 1, 1, 1, 1, 1, 1, 1, 1, 1, 1, 1, 1, 1, 1, 1, 1, 1, 1, 4 ),
 ( 0.4925683021330551914, 0.5024463643869940821, 0.5250929155847819940, 0.5469717870834428508, 0.5680829788830696891, 0.5884264909837645385, 0.6080023233856429732, 0.6268104760888334459, 0.6448509490934806188, 0.6621237423997496929, 0.6786288560078284071, 0.6943662899179314785, 0.7093360441303072639, 0.7235381186452435331, 0.7369725134630787933, 0.7496392285842117253, 0.7615382640091191702, 0.7726696197383760012, 0.7830332957726851006, 0.7926292921129175495, 0.8014576087601730237, 0.8095182457158636158, 0.8168112029818485054, 0.8233364805606433467, 0.8290940784557681020, 0.8340839966723704313, 1.000000000000000000 ),
 .UNSPECIFIED. ) ;
#5364 = ORIENTED_EDGE ( 'NONE', *, *, #7231, .F. ) ;
#5365 = EDGE_CURVE ( 'NONE', #61, #4960, #3405, .T. ) ;
#5366 = CARTESIAN_POINT ( 'NONE',  ( -9.713655369616196467, 8.535381057717536635, 0.000000000000000000 ) ) ;
#5367 = DIRECTION ( 'NONE',  ( -0.000000000000000000, 0.000000000000000000, -1.000000000000000000 ) ) ;
#5368 = CIRCLE ( 'NONE', #875, 1.000000000000001554 ) ;
#5369 = CARTESIAN_POINT ( 'NONE',  ( -11.20891349420030636, -4.507497455256148200, 0.000000000000000000 ) ) ;
#5370 = CARTESIAN_POINT ( 'NONE',  ( -7.313425558786478042, -8.881356617214166249, 0.000000000000000000 ) ) ;
#5371 = B_SPLINE_CURVE_WITH_KNOTS ( 'NONE', 3,
 ( #3079, #4901, #7441, #746, #3261, #2456, #6200, #4544, #3657, #2642, #6818, #4981, #5617, #7669, #123, #1219, #5537, #8060, #4942, #525, #6856, #3043, #5579, #5128, #8097, #4362, #7480, #3736, #4321 ),
 .UNSPECIFIED., .F., .F.,
 ( 4, 1, 1, 1, 1, 1, 1, 1, 1, 1, 1, 1, 1, 1, 1, 1, 1, 1, 1, 1, 1, 1, 1, 1, 1, 1, 4 ),
 ( 0.4925683021330556355, 0.5024463643869940821, 0.5250929155847819940, 0.5469717870834428508, 0.5680829788830696891, 0.5884264909837645385, 0.6080023233856429732, 0.6268104760888334459, 0.6448509490934806188, 0.6621237423997496929, 0.6786288560078284071, 0.6943662899179314785, 0.7093360441303072639, 0.7235381186452435331, 0.7369725134630787933, 0.7496392285842117253, 0.7615382640091191702, 0.7726696197383760012, 0.7830332957726851006, 0.7926292921129175495, 0.8014576087601730237, 0.8095182457158636158, 0.8168112029818485054, 0.8233364805606433467, 0.8290940784557681020, 0.8340839966723704313, 1.000000000000000000 ),
 .UNSPECIFIED. ) ;
#5372 = CARTESIAN_POINT ( 'NONE',  ( 4.425208852857871022, -11.08591166683798868, 8.000000000000000000 ) ) ;
#5373 = ORIENTED_EDGE ( 'NONE', *, *, #3635, .F. ) ;
#5374 = CARTESIAN_POINT ( 'NONE',  ( 0.000000000000000000, 0.000000000000000000, 0.000000000000000000 ) ) ;
#5375 = VERTEX_POINT ( 'NONE', #7853 ) ;
#5376 = CARTESIAN_POINT ( 'NONE',  ( 9.497099640846577984, 8.105411651555929353, 8.000000000000000000 ) ) ;
#5377 = CARTESIAN_POINT ( 'NONE',  ( -11.83979557596822474, -2.940530670474283070, 8.000000000000000000 ) ) ;
#5378 = CARTESIAN_POINT ( 'NONE',  ( 4.507497455256186392, -11.20891349420028860, 0.000000000000000000 ) ) ;
#5379 = CARTESIAN_POINT ( 'NONE',  ( 3.722828303746088086, 42.48398489353029106, 24.80424034308709480 ) ) ;
#5380 = CARTESIAN_POINT ( 'NONE',  ( 13.19332579941580974, -2.686824890852600678, -5.204170427930421283E-15 ) ) ;
#5381 = CARTESIAN_POINT ( 'NONE',  ( 13.83857192196067665, 32.88254104973462688, -13.00000000000000178 ) ) ;
#5382 = ORIENTED_EDGE ( 'NONE', *, *, #4532, .T. ) ;
#5383 = CARTESIAN_POINT ( 'NONE',  ( 7.604022508570443151, -9.149886257342835449, 0.000000000000000000 ) ) ;
#5384 = ORIENTED_EDGE ( 'NONE', *, *, #4036, .T. ) ;
#5385 = CARTESIAN_POINT ( 'NONE',  ( 12.52642403931683646, -1.011712205768791950, 8.000000000000000000 ) ) ;
#5386 = DIRECTION ( 'NONE',  ( -0.6396556736767861073, -0.1713952211956810967, -0.7493092133988347170 ) ) ;
#5387 = CARTESIAN_POINT ( 'NONE',  ( -2.841541163097955014, -12.61481170127152041, 0.000000000000000000 ) ) ;
#5388 = CYLINDRICAL_SURFACE ( 'NONE', #3562, 10.93750000000000178 ) ;
#5389 = CARTESIAN_POINT ( 'NONE',  ( 0.000000000000000000, 0.000000000000000000, 8.000000000000000000 ) ) ;
#5390 = FACE_OUTER_BOUND ( 'NONE', #5793, .T. ) ;
#5391 = CARTESIAN_POINT ( 'NONE',  ( 9.621871361606713080, 37.02148790124943645, 19.24860397213440422 ) ) ;
#5392 = CARTESIAN_POINT ( 'NONE',  ( -10.05932550694761929, 6.352286767647560062, 0.000000000000000000 ) ) ;
#5393 = VERTEX_POINT ( 'NONE', #2700 ) ;
#5394 = ORIENTED_EDGE ( 'NONE', *, *, #5915, .F. ) ;
#5395 = CARTESIAN_POINT ( 'NONE',  ( 12.60876818853257930, 1.051893166807293056, 8.000000000000000000 ) ) ;
#5396 = FACE_OUTER_BOUND ( 'NONE', #696, .T. ) ;
#5397 = VECTOR ( 'NONE', #1023, 1000.000000000000114 ) ;
#5398 = CARTESIAN_POINT ( 'NONE',  ( 11.91079326901030022, -0.7828886122848225382, 0.000000000000000000 ) ) ;
#5399 = ADVANCED_FACE ( 'NONE', ( #1464 ), #4030, .T. ) ;
#5400 = CARTESIAN_POINT ( 'NONE',  ( 2.841541163098137091, -12.61481170127147777, 0.000000000000000000 ) ) ;
#5401 = CARTESIAN_POINT ( 'NONE',  ( 11.25643158326918147, 4.542018187747340896, 0.000000000000000000 ) ) ;
#5402 = CARTESIAN_POINT ( 'NONE',  ( -12.10906341627276994, 0.8412873393389606047, 0.000000000000000000 ) ) ;
#5403 = CARTESIAN_POINT ( 'NONE',  ( -5.581155335976941245, 12.25290083038837352, 8.000000000000000000 ) ) ;
#5404 = ORIENTED_EDGE ( 'NONE', *, *, #4279, .F. ) ;
#5405 = CIRCLE ( 'NONE', #6209, 10.93750000000000000 ) ;
#5406 = CARTESIAN_POINT ( 'NONE',  ( -9.234787594130748900, -7.707558585906912008, 8.000000000000000000 ) ) ;
#5407 = VECTOR ( 'NONE', #6432, 1000.000000000000114 ) ;
#5408 = CARTESIAN_POINT ( 'NONE',  ( -13.50622083011836949, 2.577692551494906059, 8.000000000000000000 ) ) ;
#5409 = ADVANCED_FACE ( 'NONE', ( #6563 ), #5948, .T. ) ;
#5410 = CARTESIAN_POINT ( 'NONE',  ( 8.855020039375116170, -9.844302869038541459, 0.000000000000000000 ) ) ;
#5411 = DIRECTION ( 'NONE',  ( -0.000000000000000000, -0.000000000000000000, 1.000000000000000000 ) ) ;
#5412 = CARTESIAN_POINT ( 'NONE',  ( -9.886832010614734045, -8.972047302895465037, 8.000000000000000000 ) ) ;
#5413 = EDGE_CURVE ( 'NONE', #7825, #5034, #8148, .T. ) ;
#5414 = ORIENTED_EDGE ( 'NONE', *, *, #1612, .T. ) ;
#5415 = CARTESIAN_POINT ( 'NONE',  ( -11.02139818175203878, 4.386616976970920234, 8.000000000000000000 ) ) ;
#5416 = VERTEX_POINT ( 'NONE', #1378 ) ;
#5417 = CARTESIAN_POINT ( 'NONE',  ( 9.338196514606112331, 7.850195268865284959, 8.000000000000000000 ) ) ;
#5418 = CARTESIAN_POINT ( 'NONE',  ( 11.08591166683806684, -4.425208852857677400, 0.000000000000000000 ) ) ;
#5419 = DIRECTION ( 'NONE',  ( -0.7237771210982812953, -0.1939354950984080450, -0.6622202826217415961 ) ) ;
#5420 = CARTESIAN_POINT ( 'NONE',  ( -5.379567626064813979, 12.09884006967985393, 0.000000000000000000 ) ) ;
#5421 = FACE_OUTER_BOUND ( 'NONE', #3379, .T. ) ;
#5422 = CC_DESIGN_DATE_AND_TIME_ASSIGNMENT ( #132, #7717, ( #3599 ) ) ;
#5423 = CARTESIAN_POINT ( 'NONE',  ( -12.87548337994385683, -1.195724957047582082, 8.000000000000000000 ) ) ;
#5424 = VERTEX_POINT ( 'NONE', #2077 ) ;
#5425 = CARTESIAN_POINT ( 'NONE',  ( -6.625183064395903543, 12.04862852623657332, 0.000000000000000000 ) ) ;
#5426 = ORIENTED_EDGE ( 'NONE', *, *, #5283, .F. ) ;
#5427 = CARTESIAN_POINT ( 'NONE',  ( 12.10906341627277527, -0.8412873393388760057, -5.204170427930421283E-15 ) ) ;
#5428 = AXIS2_PLACEMENT_3D ( 'NONE', #4089, #368, #1520 ) ;
#5429 = DIRECTION ( 'NONE',  ( 0.8090169943749551118, -0.5877852522924624790, 0.000000000000000000 ) ) ;
#5430 = CARTESIAN_POINT ( 'NONE',  ( -2.862521721341669156, -12.51119373526728928, 0.000000000000000000 ) ) ;
#5431 = CARTESIAN_POINT ( 'NONE',  ( -2.759358130927346942, 12.95019774290649650, 0.000000000000000000 ) ) ;
#5432 = CARTESIAN_POINT ( 'NONE',  ( -7.750629585191656012, -9.267416903471977108, 0.000000000000000000 ) ) ;
#5433 = CARTESIAN_POINT ( 'NONE',  ( -1.251919511749373326, 12.97053397611294656, 0.000000000000000000 ) ) ;
#5434 = CARTESIAN_POINT ( 'NONE',  ( -6.186699299581457367, 9.699971161947006593, 8.000000000000000000 ) ) ;
#5435 = EDGE_CURVE ( 'NONE', #4662, #4894, #5910, .T. ) ;
#5436 = DIRECTION ( 'NONE',  ( 1.000000000000000000, 0.000000000000000000, 0.000000000000000000 ) ) ;
#5437 = EDGE_CURVE ( 'NONE', #6259, #2557, #3757, .T. ) ;
#5438 = CARTESIAN_POINT ( 'NONE',  ( 9.338196514606284637, -7.850195268865080678, 0.000000000000000000 ) ) ;
#5439 = CARTESIAN_POINT ( 'NONE',  ( -11.11684438996336866, 0.7639867559470293612, 0.000000000000000000 ) ) ;
#5440 = CARTESIAN_POINT ( 'NONE',  ( 12.43077374740191843, 5.836552422531454454, 8.000000000000000000 ) ) ;
#5441 = ORIENTED_EDGE ( 'NONE', *, *, #4061, .F. ) ;
#5442 = CARTESIAN_POINT ( 'NONE',  ( 13.43191167793315266, 36.00000597390123147, 22.26713827412471502 ) ) ;
#5443 = DIRECTION ( 'NONE',  ( -0.000000000000000000, 0.000000000000000000, -1.000000000000000000 ) ) ;
#5444 = DIRECTION ( 'NONE',  ( 0.000000000000000000, 0.000000000000000000, 1.000000000000000000 ) ) ;
#5445 = EDGE_CURVE ( 'NONE', #6471, #4481, #1140, .T. ) ;
#5446 = CARTESIAN_POINT ( 'NONE',  ( 2.862521721341851677, -12.51119373526725376, 8.000000000000000000 ) ) ;
#5447 = CARTESIAN_POINT ( 'NONE',  ( 4.976271991613549162, 25.02359431759466091, 8.000000000000000000 ) ) ;
#5448 = CARTESIAN_POINT ( 'NONE',  ( 6.155781554533708899, 9.109912145451300347, 0.000000000000000000 ) ) ;
#5449 = CARTESIAN_POINT ( 'NONE',  ( 7.637339272554340752, 33.21351727946181853, -9.010682701304943976 ) ) ;
#5450 = ORIENTED_EDGE ( 'NONE', *, *, #534, .T. ) ;
#5451 = CARTESIAN_POINT ( 'NONE',  ( -12.83440038321941223, 2.790132082466584507, 8.000000000000000000 ) ) ;
#5452 = B_SPLINE_CURVE_WITH_KNOTS ( 'NONE', 3,
 ( #2319, #1659, #1127, #6845 ),
 .UNSPECIFIED., .F., .F.,
 ( 4, 4 ),
 ( 0.000000000000000000, 0.02288250957854159884 ),
 .UNSPECIFIED. ) ;
#5453 = CARTESIAN_POINT ( 'NONE',  ( 8.181339682156046678, -9.539420412438852637, 8.000000000000000000 ) ) ;
#5454 = CARTESIAN_POINT ( 'NONE',  ( -7.604022508570310812, -9.149886257342947360, 8.000000000000000000 ) ) ;
#5455 = CARTESIAN_POINT ( 'NONE',  ( 4.404384806714210399, -11.05183112916327026, 8.000000000000000000 ) ) ;
#5456 = VERTEX_POINT ( 'NONE', #2868 ) ;
#5457 = CARTESIAN_POINT ( 'NONE',  ( 9.267416903472005529, -7.750629585191619597, 8.000000000000000000 ) ) ;
#5458 = CARTESIAN_POINT ( 'NONE',  ( 10.01877448793482372, 9.392211555323957128, 8.000000000000000000 ) ) ;
#5459 = ADVANCED_FACE ( 'NONE', ( #3611 ), #6962, .T. ) ;
#5460 =( BOUNDED_CURVE ( )  B_SPLINE_CURVE ( 3, ( #954, #6132, #2144, #7328 ),
 .UNSPECIFIED., .F., .F. ) 
 B_SPLINE_CURVE_WITH_KNOTS ( ( 4, 4 ),
 ( 3.281921209553547047, 4.443473401705227310 ),
 .UNSPECIFIED. ) 
 CURVE ( )  GEOMETRIC_REPRESENTATION_ITEM ( )  RATIONAL_B_SPLINE_CURVE ( ( 1.000000000000000000, 0.8906913858799019312, 0.8906913858799019312, 1.000000000000000000 ) ) 
 REPRESENTATION_ITEM ( '' )  );
#5461 = CARTESIAN_POINT ( 'NONE',  ( 8.535381057717431830, 9.713655369616290614, 8.000000000000000000 ) ) ;
#5462 = FACE_OUTER_BOUND ( 'NONE', #1258, .T. ) ;
#5463 = CARTESIAN_POINT ( 'NONE',  ( 0.000000000000000000, 0.000000000000000000, 8.000000000000000000 ) ) ;
#5464 = CARTESIAN_POINT ( 'NONE',  ( 12.72257526253007498, -2.817469215210147926, -5.204170427930421283E-15 ) ) ;
#5465 = CARTESIAN_POINT ( 'NONE',  ( 8.855020039374899454, 9.844302869038735082, 0.000000000000000000 ) ) ;
#5466 = VERTEX_POINT ( 'NONE', #5615 ) ;
#5467 = CARTESIAN_POINT ( 'NONE',  ( 11.90787246215806405, 2.937812879663983523, 8.000000000000000000 ) ) ;
#5468 = ADVANCED_FACE ( 'NONE', ( #6976 ), #4478, .T. ) ;
#5469 = VERTEX_POINT ( 'NONE', #8134 ) ;
#5470 = CARTESIAN_POINT ( 'NONE',  ( 12.78342018721908602, -1.143751547996336937, -5.204170427930421283E-15 ) ) ;
#5471 = ORIENTED_EDGE ( 'NONE', *, *, #676, .T. ) ;
#5472 = CARTESIAN_POINT ( 'NONE',  ( 13.59549775842576125, 35.13390804528736311, 21.32970690321337770 ) ) ;
#5473 = AXIS2_PLACEMENT_3D ( 'NONE', #13, #5057, #7596 ) ;
#5474 = CARTESIAN_POINT ( 'NONE',  ( -13.64173013562593617, 1.722120468130848847, 8.000000000000000000 ) ) ;
#5475 = CARTESIAN_POINT ( 'NONE',  ( 0.4260874962434241797, 11.01956640825084044, 8.000000000000000000 ) ) ;
#5476 = CARTESIAN_POINT ( 'NONE',  ( -6.352286767647596477, 10.05932550694759620, 8.000000000000000000 ) ) ;
#5477 = CARTESIAN_POINT ( 'NONE',  ( -1.447204694645796375, 13.27225220462997157, 0.000000000000000000 ) ) ;
#5478 = CARTESIAN_POINT ( 'NONE',  ( -6.473761040516448517, 10.41722559423733330, 8.000000000000000000 ) ) ;
#5479 = DIRECTION ( 'NONE',  ( 0.6750363312718933306, 0.000000000000000000, 0.7377844884944265713 ) ) ;
#5480 = CARTESIAN_POINT ( 'NONE',  ( 8.881356617214196447, -7.313425558786442515, 0.000000000000000000 ) ) ;
#5481 = CARTESIAN_POINT ( 'NONE',  ( 12.44189184801355452, 5.853360337646558165, 0.000000000000000000 ) ) ;
#5482 = B_SPLINE_CURVE_WITH_KNOTS ( 'NONE', 3,
 ( #6508, #7174, #2194, #1494, #260, #4059, #6593, #925, #3438, #5978, #5349, #4722, #6016, #2983, #4262, #2938, #7963, #4764, #3643, #2279, #5433, #4843, #4803, #5477, #1785, #6144, #2899, #6801, #5603 ),
 .UNSPECIFIED., .F., .F.,
 ( 4, 1, 1, 1, 1, 1, 1, 1, 1, 1, 1, 1, 1, 1, 1, 1, 1, 1, 1, 1, 1, 1, 1, 1, 1, 1, 4 ),
 ( 0.000000000000000000, 0.1659160033276295687, 0.1709059215442318980, 0.1766635194393566533, 0.1831887970181514946, 0.1904817542841363842, 0.1985423912398269763, 0.2073707078870824505, 0.2169667042273148994, 0.2273303802616239988, 0.2384617359908808298, 0.2503607714157882747, 0.2630274865369212067, 0.2764618813547564669, 0.2906639558696927361, 0.3056337100820685215, 0.3213711439921715929, 0.3378762576002503071, 0.3551490509065193812, 0.3731895239111665541, 0.3919976766143570268, 0.4115735090162354615, 0.4319170211169303109, 0.4530282129165571492, 0.4749070844152180060, 0.4975536356130059734, 0.5074316978669450862 ),
 .UNSPECIFIED. ) ;
#5483 = CARTESIAN_POINT ( 'NONE',  ( 11.12353076645866956, 4.449236289362211494, 8.000000000000000000 ) ) ;
#5484 = EDGE_LOOP ( 'NONE', ( #7260, #1965, #3358, #6737 ) ) ;
#5485 = CARTESIAN_POINT ( 'NONE',  ( 4.708106066719083493, 32.35395160098337897, 19.42420641072859766 ) ) ;
#5486 = LINE ( 'NONE', #8010, #3884 ) ;
#5487 = CARTESIAN_POINT ( 'NONE',  ( 9.969200282347838282, 9.221936103764180714, 8.000000000000000000 ) ) ;
#5488 = CARTESIAN_POINT ( 'NONE',  ( -0.9420826277741567445, -12.37227591337642352, 0.000000000000000000 ) ) ;
#5489 = CARTESIAN_POINT ( 'NONE',  ( 11.41672744483946822, 4.668788839230981758, 0.000000000000000000 ) ) ;
#5490 = LINE ( 'NONE', #7975, #4864 ) ;
#5491 = CARTESIAN_POINT ( 'NONE',  ( 9.411632514553645024, -10.02415449855979546, 8.000000000000000000 ) ) ;
#5492 = ORIENTED_EDGE ( 'NONE', *, *, #7256, .F. ) ;
#5493 = B_SPLINE_CURVE_WITH_KNOTS ( 'NONE', 3,
 ( #6796, #5562, #3758, #4344, #6183, #4963, #8159, #3798, #7503, #6924, #4925, #1164, #6963, #1781, #3062, #3102, #1279, #6342, #3720, #1242, #4300, #4258, #4421, #3639, #4882, #1821, #6226, #5600, #6880 ),
 .UNSPECIFIED., .F., .F.,
 ( 4, 1, 1, 1, 1, 1, 1, 1, 1, 1, 1, 1, 1, 1, 1, 1, 1, 1, 1, 1, 1, 1, 1, 1, 1, 1, 4 ),
 ( 0.000000000000000000, 0.1659160033276295687, 0.1709059215442318980, 0.1766635194393566533, 0.1831887970181514946, 0.1904817542841363842, 0.1985423912398269763, 0.2073707078870824505, 0.2169667042273148994, 0.2273303802616239988, 0.2384617359908808298, 0.2503607714157882747, 0.2630274865369212067, 0.2764618813547564669, 0.2906639558696927361, 0.3056337100820685215, 0.3213711439921715929, 0.3378762576002503071, 0.3551490509065193812, 0.3731895239111665541, 0.3919976766143570268, 0.4115735090162354615, 0.4319170211169303109, 0.4530282129165571492, 0.4749070844152180060, 0.4975536356130059734, 0.5074316978669448641 ),
 .UNSPECIFIED. ) ;
#5494 = AXIS2_PLACEMENT_3D ( 'NONE', #3296, #659, #3177 ) ;
#5495 = CARTESIAN_POINT ( 'NONE',  ( -10.80883218877869822, 2.708699257713678143, 8.000000000000000000 ) ) ;
#5496 = DIRECTION ( 'NONE',  ( 0.000000000000000000, 0.000000000000000000, 1.000000000000000000 ) ) ;
#5497 = CARTESIAN_POINT ( 'NONE',  ( -5.581155335976851539, -12.25290083038841082, 0.000000000000000000 ) ) ;
#5498 = CARTESIAN_POINT ( 'NONE',  ( 8.439220299577138817, -9.669723885496912530, 0.000000000000000000 ) ) ;
#5499 = DIRECTION ( 'NONE',  ( 1.000000000000000000, 0.000000000000000000, 0.000000000000000000 ) ) ;
#5500 = CARTESIAN_POINT ( 'NONE',  ( 4.719217338362303060, -11.47561408673056249, 8.000000000000000000 ) ) ;
#5501 = VERTEX_POINT ( 'NONE', #1254 ) ;
#5502 = CARTESIAN_POINT ( 'NONE',  ( 6.197312250743220119, 32.82766320188853371, -10.19718412168633215 ) ) ;
#5503 = CIRCLE ( 'NONE', #1922, 10.93750000000000178 ) ;
#5504 = CARTESIAN_POINT ( 'NONE',  ( 8.544655887209771095, -7.152395453489262422, -5.204170427930421283E-15 ) ) ;
#5505 = CARTESIAN_POINT ( 'NONE',  ( 9.411632514553422979, 10.02415449856000507, -5.204170427930421283E-15 ) ) ;
#5506 = CARTESIAN_POINT ( 'NONE',  ( -3.149229626028855478, -10.47431425022861440, 0.000000000000000000 ) ) ;
#5507 = LINE ( 'NONE', #7364, #8057 ) ;
#5508 = EDGE_CURVE ( 'NONE', #1184, #2228, #2458, .T. ) ;
#5509 = CARTESIAN_POINT ( 'NONE',  ( -2.607747690747059810, 13.42510299664339790, 8.000000000000000000 ) ) ;
#5510 = CARTESIAN_POINT ( 'NONE',  ( -6.231836464888889537, 8.988499347771083947, 0.000000000000000000 ) ) ;
#5511 = VECTOR ( 'NONE', #4354, 1000.000000000000000 ) ;
#5512 = ORIENTED_EDGE ( 'NONE', *, *, #6708, .F. ) ;
#5513 = CARTESIAN_POINT ( 'NONE',  ( 7.668835209823090970, -9.204216794247509270, 0.000000000000000000 ) ) ;
#5514 = VERTEX_POINT ( 'NONE', #1838 ) ;
#5515 = B_SPLINE_CURVE_WITH_KNOTS ( 'NONE', 3,
 ( #1261, #4249, #1339, #1960, #3860, #3584, #6396, #3013, #722, #3820, #2578, #3779, #4404, #5106, #6944, #642, #6130, #7566, #21, #3159, #1919, #3199, #2621, #4873, #1732, #4443, #7643, #6786, #5701 ),
 .UNSPECIFIED., .F., .F.,
 ( 4, 1, 1, 1, 1, 1, 1, 1, 1, 1, 1, 1, 1, 1, 1, 1, 1, 1, 1, 1, 1, 1, 1, 1, 1, 1, 4 ),
 ( 0.000000000000000000, 0.1659160033276295965, 0.1709059215442318702, 0.1766635194393565977, 0.1831887970181514669, 0.1904817542841364120, 0.1985423912398269763, 0.2073707078870824227, 0.2169667042273148716, 0.2273303802616240543, 0.2384617359908808021, 0.2503607714157882191, 0.2630274865369212067, 0.2764618813547564669, 0.2906639558696927361, 0.3056337100820685215, 0.3213711439921715929, 0.3378762576002502516, 0.3551490509065193812, 0.3731895239111665541, 0.3919976766143570268, 0.4115735090162354615, 0.4319170211169303109, 0.4530282129165571492, 0.4749070844152180060, 0.4975536356130058624, 0.5074316978669448641 ),
 .UNSPECIFIED. ) ;
#5516 = CARTESIAN_POINT ( 'NONE',  ( 11.05183112916334487, -4.404384806714015888, 8.000000000000000000 ) ) ;
#5517 = ORIENTED_EDGE ( 'NONE', *, *, #3806, .T. ) ;
#5518 = CARTESIAN_POINT ( 'NONE',  ( -13.48577048812303580, -1.600954125870974964, 8.000000000000000000 ) ) ;
#5519 = CARTESIAN_POINT ( 'NONE',  ( -2.941794575437194581, -11.77637575328572161, 8.000000000000000000 ) ) ;
#5520 = CARTESIAN_POINT ( 'NONE',  ( -12.78342018721906648, -1.143751547996515683, 0.000000000000000000 ) ) ;
#5521 = EDGE_CURVE ( 'NONE', #6223, #844, #7353, .T. ) ;
#5522 = CARTESIAN_POINT ( 'NONE',  ( 2.908682420983991879, -12.22597347346766306, 8.000000000000000000 ) ) ;
#5523 = CARTESIAN_POINT ( 'NONE',  ( 11.93645888937037292, 33.50057503848452711, 0.000000000000000000 ) ) ;
#5524 = DIRECTION ( 'NONE',  ( 1.000000000000000000, 0.000000000000000000, 0.000000000000000000 ) ) ;
#5525 = CARTESIAN_POINT ( 'NONE',  ( -11.71732392095625563, 6.632284204934391525, 0.000000000000000000 ) ) ;
#5526 = CARTESIAN_POINT ( 'NONE',  ( 9.149886257342975782, -7.604022508570274397, 0.000000000000000000 ) ) ;
#5527 = DIRECTION ( 'NONE',  ( 0.9510565162951533091, -0.3090169943749487835, 0.000000000000000000 ) ) ;
#5528 = CARTESIAN_POINT ( 'NONE',  ( -10.18403012388274576, 6.401038329813946604, 8.000000000000000000 ) ) ;
#5529 = ORIENTED_EDGE ( 'NONE', *, *, #1766, .T. ) ;
#5530 = CARTESIAN_POINT ( 'NONE',  ( 4.917708437219935114, 32.26705272314278972, 19.22056930244630379 ) ) ;
#5531 = FACE_OUTER_BOUND ( 'NONE', #6666, .T. ) ;
#5532 = VECTOR ( 'NONE', #2220, 1000.000000000000000 ) ;
#5533 = CARTESIAN_POINT ( 'NONE',  ( -13.06843834723478182, 1.312474532673041372, 0.000000000000000000 ) ) ;
#5534 = CARTESIAN_POINT ( 'NONE',  ( -0.8412873393390029042, -12.10906341627276639, 8.000000000000000000 ) ) ;
#5535 = CARTESIAN_POINT ( 'NONE',  ( 9.621871361606711304, 37.02148790124943645, 19.24860397213440422 ) ) ;
#5536 = CARTESIAN_POINT ( 'NONE',  ( -2.894590883279981153, 0.7995692241709980719, 0.2784784232751169597 ) ) ;
#5537 = CARTESIAN_POINT ( 'NONE',  ( -6.492081297254395089, -10.48771353560528219, 8.000000000000000000 ) ) ;
#5538 = ORIENTED_EDGE ( 'NONE', *, *, #2754, .F. ) ;
#5539 = CIRCLE ( 'NONE', #105, 2.600000000000000089 ) ;
#5540 = CARTESIAN_POINT ( 'NONE',  ( -10.47431425022860374, 3.149229626028894558, 0.000000000000000000 ) ) ;
#5541 = CARTESIAN_POINT ( 'NONE',  ( 5.379567626064898356, -12.09884006967981307, 8.000000000000000000 ) ) ;
#5542 = CARTESIAN_POINT ( 'NONE',  ( -4.507497455256024743, -11.20891349420035255, 8.000000000000000000 ) ) ;
#5543 = CARTESIAN_POINT ( 'NONE',  ( 7.717954754909778892, 33.46162622234856343, -18.69378740028920660 ) ) ;
#5544 = CARTESIAN_POINT ( 'NONE',  ( 15.72470076381521054, 53.98208637014782596, 8.319437648312723255 ) ) ;
#5545 = CC_DESIGN_PERSON_AND_ORGANIZATION_ASSIGNMENT ( #478, #8059, ( #4567 ) ) ;
#5546 = EDGE_CURVE ( 'NONE', #7740, #4268, #2137, .T. ) ;
#5547 = VECTOR ( 'NONE', #6423, 1000.000000000000000 ) ;
#5548 = CARTESIAN_POINT ( 'NONE',  ( 0.000000000000000000, 0.000000000000000000, 8.000000000000000000 ) ) ;
#5549 = VERTEX_POINT ( 'NONE', #7561 ) ;
#5550 = FACE_OUTER_BOUND ( 'NONE', #3154, .T. ) ;
#5551 = AXIS2_PLACEMENT_3D ( 'NONE', #718, #639, #3196 ) ;
#5552 = AXIS2_PLACEMENT_3D ( 'NONE', #2271, #1691, #6627 ) ;
#5553 = CARTESIAN_POINT ( 'NONE',  ( 2.962264536897112777, 42.48398489353029106, 24.15497710174618717 ) ) ;
#5554 = CARTESIAN_POINT ( 'NONE',  ( 5.369301891814445504, 51.41115805221260615, 18.90981260795433627 ) ) ;
#5555 = CARTESIAN_POINT ( 'NONE',  ( -5.286606996006981696, 12.02324651265879929, 0.000000000000000000 ) ) ;
#5556 = CARTESIAN_POINT ( 'NONE',  ( 11.13701600410305659, -2.886444749236957374, 8.000000000000000000 ) ) ;
#5557 = CARTESIAN_POINT ( 'NONE',  ( -12.23289380645680069, -0.8857088747962098552, 8.000000000000000000 ) ) ;
#5558 = CARTESIAN_POINT ( 'NONE',  ( -13.64173013562592551, -1.722120468130946769, 8.000000000000000000 ) ) ;
#5559 = ORIENTED_EDGE ( 'NONE', *, *, #3098, .T. ) ;
#5560 = CARTESIAN_POINT ( 'NONE',  ( -11.60070094346934688, -4.833073392807702540, 8.000000000000000000 ) ) ;
#5561 = VERTEX_POINT ( 'NONE', #635 ) ;
#5562 = CARTESIAN_POINT ( 'NONE',  ( -7.152395453489245547, 8.544655887209474443, 0.000000000000000000 ) ) ;
#5563 = CARTESIAN_POINT ( 'NONE',  ( 0.000000000000000000, 0.000000000000000000, 0.000000000000000000 ) ) ;
#5564 = CARTESIAN_POINT ( 'NONE',  ( 13.50622083004042118, -2.577692551523988129, 8.000000000000000000 ) ) ;
#5565 = CARTESIAN_POINT ( 'NONE',  ( 2.577692551524224385, -13.50622083004037677, 8.000000000000000000 ) ) ;
#5566 = CARTESIAN_POINT ( 'NONE',  ( -1.709570872969507382, -13.62596226217982753, 0.000000000000000000 ) ) ;
#5567 = CARTESIAN_POINT ( 'NONE',  ( 12.47736027687778027, 35.44446501664525329, 19.56275944978390058 ) ) ;
#5568 = CARTESIAN_POINT ( 'NONE',  ( -9.844302869038637382, 8.855020039375007812, 0.000000000000000000 ) ) ;
#5569 = CARTESIAN_POINT ( 'NONE',  ( 1.600954125870927891, -13.48577048812304113, 0.000000000000000000 ) ) ;
#5570 = FACE_OUTER_BOUND ( 'NONE', #4881, .T. ) ;
#5571 = CARTESIAN_POINT ( 'NONE',  ( -11.58812316373725260, 6.630420918280079512, 8.000000000000000000 ) ) ;
#5572 = ORIENTED_EDGE ( 'NONE', *, *, #1101, .F. ) ;
#5573 = CARTESIAN_POINT ( 'NONE',  ( -11.36047427339665461, 4.622531273494502990, 8.000000000000000000 ) ) ;
#5574 = CARTESIAN_POINT ( 'NONE',  ( 11.83979557596820165, 2.940530670474365671, 8.000000000000000000 ) ) ;
#5575 = CARTESIAN_POINT ( 'NONE',  ( -13.27225220462997690, 1.447204694645749745, 8.000000000000000000 ) ) ;
#5576 = ADVANCED_FACE ( 'NONE', ( #3152 ), #7691, .T. ) ;
#5577 = CARTESIAN_POINT ( 'NONE',  ( -1.095856395948400674, -12.69447357664507336, 0.000000000000000000 ) ) ;
#5578 = CARTESIAN_POINT ( 'NONE',  ( -12.31670401296926443, 2.895913797652461596, 8.000000000000000000 ) ) ;
#5579 = CARTESIAN_POINT ( 'NONE',  ( -6.383929952666112406, -10.13775510802972057, 8.000000000000000000 ) ) ;
#5580 = ORIENTED_EDGE ( 'NONE', *, *, #6298, .F. ) ;
#5581 = B_SPLINE_CURVE_WITH_KNOTS ( 'NONE', 3,
 ( #7326, #7989, #6046, #6833, #4166, #6701, #7454, #369, #2304, #4752, #2350, #3631, #6787, #4208, #452, #1155, #3015, #6743, #7287, #3585, #3542, #5555, #5420, #8073, #6090, #1074, #6131, #7411, #1733 ),
 .UNSPECIFIED., .F., .F.,
 ( 4, 1, 1, 1, 1, 1, 1, 1, 1, 1, 1, 1, 1, 1, 1, 1, 1, 1, 1, 1, 1, 1, 1, 1, 1, 1, 4 ),
 ( 0.000000000000000000, 0.1659160033276295687, 0.1709059215442318980, 0.1766635194393566533, 0.1831887970181514946, 0.1904817542841363842, 0.1985423912398269763, 0.2073707078870824505, 0.2169667042273148994, 0.2273303802616239988, 0.2384617359908808298, 0.2503607714157882747, 0.2630274865369212067, 0.2764618813547564669, 0.2906639558696927361, 0.3056337100820685215, 0.3213711439921715929, 0.3378762576002503071, 0.3551490509065193812, 0.3731895239111665541, 0.3919976766143570268, 0.4115735090162354615, 0.4319170211169303109, 0.4530282129165571492, 0.4749070844152180060, 0.4975536356130059734, 0.5074316978669445311 ),
 .UNSPECIFIED. ) ;
#5582 = CARTESIAN_POINT ( 'NONE',  ( 7.744766205448653906, 57.22404269875026728, 22.26727816506351232 ) ) ;
#5583 = CARTESIAN_POINT ( 'NONE',  ( -11.12353076645870509, -4.449236289362134222, 8.000000000000000000 ) ) ;
#5584 = CARTESIAN_POINT ( 'NONE',  ( -5.379567626064723385, -12.09884006967988945, 0.000000000000000000 ) ) ;
#5585 = CARTESIAN_POINT ( 'NONE',  ( 7.850195268865253873, -9.338196514606138976, 0.000000000000000000 ) ) ;
#5586 = CARTESIAN_POINT ( 'NONE',  ( -8.855020039374974061, -9.844302869038667581, 0.000000000000000000 ) ) ;
#5587 = CARTESIAN_POINT ( 'NONE',  ( 8.704427730807783092, -6.622827502596192240, 8.000000000000000000 ) ) ;
#5588 = VERTEX_POINT ( 'NONE', #7758 ) ;
#5589 = CARTESIAN_POINT ( 'NONE',  ( 9.969200282348042563, -9.221936103763963999, 8.000000000000000000 ) ) ;
#5590 = CARTESIAN_POINT ( 'NONE',  ( 9.582420452220691942, -8.262247439007721184, 8.000000000000000000 ) ) ;
#5591 = CARTESIAN_POINT ( 'NONE',  ( 9.094348737717112385, 9.928529331195990792, -5.204170427930421283E-15 ) ) ;
#5592 = CARTESIAN_POINT ( 'NONE',  ( 11.36047427339668481, -4.622531273494424831, 8.000000000000000000 ) ) ;
#5593 = CARTESIAN_POINT ( 'NONE',  ( 11.77637575328573050, -2.941794575437159498, 8.000000000000000000 ) ) ;
#5594 = CARTESIAN_POINT ( 'NONE',  ( 8.743249532614738584, 9.801135538539602621, 0.000000000000000000 ) ) ;
#5595 = CARTESIAN_POINT ( 'NONE',  ( 0.2416457505997640642, 10.93483029503508597, 8.000000000000000000 ) ) ;
#5596 = ORIENTED_EDGE ( 'NONE', *, *, #8101, .T. ) ;
#5597 = CARTESIAN_POINT ( 'NONE',  ( -9.886832010614734045, -8.972047302895465037, 0.000000000000000000 ) ) ;
#5598 = ORIENTED_EDGE ( 'NONE', *, *, #591, .F. ) ;
#5599 = EDGE_CURVE ( 'NONE', #6795, #6617, #5503, .T. ) ;
#5600 = CARTESIAN_POINT ( 'NONE',  ( -9.392211555323848771, 10.01877448793492853, 0.000000000000000000 ) ) ;
#5601 = CARTESIAN_POINT ( 'NONE',  ( 0.2416457505997634259, 10.93483029503508597, 8.000000000000000000 ) ) ;
#5602 = CARTESIAN_POINT ( 'NONE',  ( 2.790132082466721286, -12.83440038321938204, 8.000000000000000000 ) ) ;
#5603 = CARTESIAN_POINT ( 'NONE',  ( -1.722120468130897253, 13.64173013562592907, 0.000000000000000000 ) ) ;
#5604 = CARTESIAN_POINT ( 'NONE',  ( -2.577692551524130238, 13.50622083004039098, 8.000000000000000000 ) ) ;
#5605 = DIRECTION ( 'NONE',  ( 0.000000000000000000, 0.000000000000000000, -1.000000000000000000 ) ) ;
#5606 = CARTESIAN_POINT ( 'NONE',  ( 10.00078975079095223, -9.328340841197576339, 0.000000000000000000 ) ) ;
#5607 = CARTESIAN_POINT ( 'NONE',  ( -11.11684438996336866, 0.7639867559470293612, 8.000000000000000000 ) ) ;
#5608 = EDGE_CURVE ( 'NONE', #146, #7177, #6993, .T. ) ;
#5609 = DIRECTION ( 'NONE',  ( -0.000000000000000000, 0.000000000000000000, -1.000000000000000000 ) ) ;
#5610 = ORIENTED_EDGE ( 'NONE', *, *, #1447, .T. ) ;
#5611 = CARTESIAN_POINT ( 'NONE',  ( -11.87581303661963084, 5.115945187291611518, 0.000000000000000000 ) ) ;
#5612 = CARTESIAN_POINT ( 'NONE',  ( 12.72257526253001814, 2.817469215210413935, 8.000000000000000000 ) ) ;
#5613 = FACE_OUTER_BOUND ( 'NONE', #1769, .T. ) ;
#5614 = CARTESIAN_POINT ( 'NONE',  ( 7.003721731047638066, 34.21219619936123024, 16.37100230941131684 ) ) ;
#5615 = CARTESIAN_POINT ( 'NONE',  ( -6.625183064395817389, -12.04862852623661951, 0.000000000000000000 ) ) ;
#5616 = CARTESIAN_POINT ( 'NONE',  ( 6.132426595875718256, 9.165464441396098394, 0.000000000000000000 ) ) ;
#5617 = CARTESIAN_POINT ( 'NONE',  ( -6.560248542580001896, -10.81899503309359822, 8.000000000000000000 ) ) ;
#5618 = ORIENTED_EDGE ( 'NONE', *, *, #2424, .T. ) ;
#5619 = CARTESIAN_POINT ( 'NONE',  ( -11.77637575328571451, 2.941794575437239434, 8.000000000000000000 ) ) ;
#5620 = ORIENTED_EDGE ( 'NONE', *, *, #3867, .T. ) ;
#5621 = CARTESIAN_POINT ( 'NONE',  ( 5.836552422531410933, -12.43077374740193797, 8.000000000000000000 ) ) ;
#5622 = CARTESIAN_POINT ( 'NONE',  ( -4.425208852857711150, -11.08591166683805262, 0.000000000000000000 ) ) ;
#5623 = EDGE_CURVE ( 'NONE', #6134, #61, #72, .T. ) ;
#5624 = CARTESIAN_POINT ( 'NONE',  ( 7.577720000373771470, -9.126433365741073445, 0.000000000000000000 ) ) ;
#5625 = CARTESIAN_POINT ( 'NONE',  ( -9.392211555323777716, -10.01877448793499248, 0.000000000000000000 ) ) ;
#5626 = CARTESIAN_POINT ( 'NONE',  ( -9.175863790627211358, -7.634358818669890745, 0.000000000000000000 ) ) ;
#5627 = CARTESIAN_POINT ( 'NONE',  ( -2.940530670474239994, 11.83979557596823540, 0.000000000000000000 ) ) ;
#5628 = ORIENTED_EDGE ( 'NONE', *, *, #7847, .F. ) ;
#5629 = CARTESIAN_POINT ( 'NONE',  ( 9.844302869038704884, -8.855020039374934981, 8.000000000000000000 ) ) ;
#5630 = CARTESIAN_POINT ( 'NONE',  ( 9.713655369616260415, -8.535381057717465580, -5.204170427930421283E-15 ) ) ;
#5631 = CARTESIAN_POINT ( 'NONE',  ( 2.929367628693851699, -11.49488719732982744, 8.000000000000000000 ) ) ;
#5632 = CARTESIAN_POINT ( 'NONE',  ( 11.77637575328567010, 2.941794575437405967, 0.000000000000000000 ) ) ;
#5633 = CARTESIAN_POINT ( 'NONE',  ( -2.759358130927346942, 12.95019774290649650, 8.000000000000000000 ) ) ;
#5634 = DIRECTION ( 'NONE',  ( -0.000000000000000000, 0.000000000000000000, -1.000000000000000000 ) ) ;
#5635 = CARTESIAN_POINT ( 'NONE',  ( 9.328340841197757527, -10.00078975079077992, 0.000000000000000000 ) ) ;
#5636 = ORIENTED_EDGE ( 'NONE', *, *, #6472, .T. ) ;
#5637 = CARTESIAN_POINT ( 'NONE',  ( 2.372422943547987995, 55.78452766026119747, 26.69378740028920660 ) ) ;
#5638 = ORIENTED_EDGE ( 'NONE', *, *, #7258, .T. ) ;
#5639 = CARTESIAN_POINT ( 'NONE',  ( 9.621871361606711304, 37.02148790124943645, 19.24860397213440422 ) ) ;
#5640 = CARTESIAN_POINT ( 'NONE',  ( 12.31670401296928219, -2.895913797652378108, 0.000000000000000000 ) ) ;
#5641 = CARTESIAN_POINT ( 'NONE',  ( -9.094348737717186992, -9.928529331195923291, 0.000000000000000000 ) ) ;
#5642 = CARTESIAN_POINT ( 'NONE',  ( 10.91417308631835681, 6.575057906251854156, 0.000000000000000000 ) ) ;
#5643 = LINE ( 'NONE', #4425, #1954 ) ;
#5644 = CARTESIAN_POINT ( 'NONE',  ( -9.267416903471948686, 7.750629585191687987, 0.000000000000000000 ) ) ;
#5645 = CARTESIAN_POINT ( 'NONE',  ( 0.8074739252556281111, -12.00148937107102753, 8.000000000000000000 ) ) ;
#5646 = CARTESIAN_POINT ( 'NONE',  ( -10.91417308631845096, 6.575057906251698725, 0.000000000000000000 ) ) ;
#5647 = CARTESIAN_POINT ( 'NONE',  ( 12.02324651265874067, 5.286606996007108705, 0.000000000000000000 ) ) ;
#5648 = LINE ( 'NONE', #8168, #325 ) ;
#5649 = CARTESIAN_POINT ( 'NONE',  ( -12.60876818853259529, 1.051893166807116975, 0.000000000000000000 ) ) ;
#5650 = CARTESIAN_POINT ( 'NONE',  ( -11.87194576742586882, 0.7736152328232699382, 8.000000000000000000 ) ) ;
#5651 = CARTESIAN_POINT ( 'NONE',  ( -12.95019774290650716, 2.759358130927302533, 8.000000000000000000 ) ) ;
#5652 = ORIENTED_EDGE ( 'NONE', *, *, #2009, .F. ) ;
#5653 = CARTESIAN_POINT ( 'NONE',  ( -12.04862852623655201, -6.625183064395942623, 8.000000000000000000 ) ) ;
#5654 = ORIENTED_EDGE ( 'NONE', *, *, #4732, .T. ) ;
#5655 = CARTESIAN_POINT ( 'NONE',  ( 4.386616976971037474, -11.02139818175199082, 8.000000000000000000 ) ) ;
#5656 = CARTESIAN_POINT ( 'NONE',  ( -2.908682420983816019, -12.22597347346770569, 0.000000000000000000 ) ) ;
#5657 = CARTESIAN_POINT ( 'NONE',  ( -4.896733499129011236, -11.66659828334870141, 0.000000000000000000 ) ) ;
#5658 = CARTESIAN_POINT ( 'NONE',  ( -1.312474532673086891, 13.06843834723477649, 0.000000000000000000 ) ) ;
#5659 = DIRECTION ( 'NONE',  ( -0.7237771210982809622, -0.1939354950984082115, -0.6622202826217418181 ) ) ;
#5660 = ORIENTED_EDGE ( 'NONE', *, *, #62, .T. ) ;
#5661 = DIRECTION ( 'NONE',  ( 0.6898720223047377642, -0.2241530079268371223, 0.6883545756937500260 ) ) ;
#5662 = CARTESIAN_POINT ( 'NONE',  ( -3.149229626028931861, 10.47431425022859308, 8.000000000000000000 ) ) ;
#5663 = EDGE_CURVE ( 'NONE', #5343, #6746, #1579, .T. ) ;
#5664 = ORIENTED_EDGE ( 'NONE', *, *, #6525, .T. ) ;
#5665 = CARTESIAN_POINT ( 'NONE',  ( 12.16898868378440923, 0.8620871873793566342, 8.000000000000000000 ) ) ;
#5666 = AXIS2_PLACEMENT_3D ( 'NONE', #4152, #6564, #271 ) ;
#5667 = CARTESIAN_POINT ( 'NONE',  ( 11.94884645308981241, -5.198761634262732301, 0.000000000000000000 ) ) ;
#5668 = CARTESIAN_POINT ( 'NONE',  ( 12.41180006574744610, 2.880586703536741844, 0.000000000000000000 ) ) ;
#5669 = EDGE_CURVE ( 'NONE', #4042, #977, #6715, .T. ) ;
#5670 = CARTESIAN_POINT ( 'NONE',  ( 13.86831054194850843, 34.01821312868957392, -13.28508304997271061 ) ) ;
#5671 = CARTESIAN_POINT ( 'NONE',  ( 10.35164078446974401, 6.455308898419904295, 8.000000000000000000 ) ) ;
#5672 = VERTEX_POINT ( 'NONE', #2985 ) ;
#5673 = AXIS2_PLACEMENT_3D ( 'NONE', #5244, #3375, #4533 ) ;
#5674 = CARTESIAN_POINT ( 'NONE',  ( -9.928529331195827368, -9.094348737717288245, 0.000000000000000000 ) ) ;
#5675 = ORIENTED_EDGE ( 'NONE', *, *, #1706, .F. ) ;
#5676 = AXIS2_PLACEMENT_3D ( 'NONE', #4830, #8031, #1687 ) ;
#5677 = CARTESIAN_POINT ( 'NONE',  ( -13.37787302532244915, -1.521639563755461833, -5.204170427930421283E-15 ) ) ;
#5678 = CARTESIAN_POINT ( 'NONE',  ( 12.51119373526729817, -2.862521721341631853, 0.000000000000000000 ) ) ;
#5679 = CARTESIAN_POINT ( 'NONE',  ( -8.636712746112417349, -9.757522586729606928, 0.000000000000000000 ) ) ;
#5680 = CARTESIAN_POINT ( 'NONE',  ( -10.23507608951702252, -6.418760976341397750, 8.000000000000000000 ) ) ;
#5681 = LINE ( 'NONE', #1904, #4074 ) ;
#5682 = CARTESIAN_POINT ( 'NONE',  ( -9.204216794247592759, 7.668835209822990606, 8.000000000000000000 ) ) ;
#5683 = CARTESIAN_POINT ( 'NONE',  ( 9.928529331195960594, -9.094348737717146136, 0.000000000000000000 ) ) ;
#5684 = CARTESIAN_POINT ( 'NONE',  ( -11.34404188716889728, 6.619621129381155100, 0.000000000000000000 ) ) ;
#5685 = AXIS2_PLACEMENT_3D ( 'NONE', #6359, #1338, #5776 ) ;
#5686 = CARTESIAN_POINT ( 'NONE',  ( 12.17545110014123289, 5.477724940116983632, 0.000000000000000000 ) ) ;
#5687 = DIRECTION ( 'NONE',  ( 0.7557820683608849066, 0.2025111948712226828, -0.6227219934256156275 ) ) ;
#5688 = CARTESIAN_POINT ( 'NONE',  ( 9.801135538539382352, 8.743249532614989050, 8.000000000000000000 ) ) ;
#5689 = EDGE_CURVE ( 'NONE', #1256, #7760, #4431, .T. ) ;
#5690 = CYLINDRICAL_SURFACE ( 'NONE', #5473, 1.999999999999999334 ) ;
#5691 = DIRECTION ( 'NONE',  ( -0.9510565162951534202, 0.3090169943749481174, 0.000000000000000000 ) ) ;
#5692 = COORDINATED_UNIVERSAL_TIME_OFFSET ( 8, 0, .AHEAD. ) ;
#5693 = ORIENTED_EDGE ( 'NONE', *, *, #3070, .F. ) ;
#5694 = CIRCLE ( 'NONE', #1324, 5.000000000000000000 ) ;
#5695 = VECTOR ( 'NONE', #7881, 1000.000000000000114 ) ;
#5696 = CARTESIAN_POINT ( 'NONE',  ( 11.91079326901030022, -0.7828886122848225382, 8.000000000000000000 ) ) ;
#5697 = CIRCLE ( 'NONE', #3171, 13.75000000000000000 ) ;
#5698 = ORIENTED_EDGE ( 'NONE', *, *, #401, .F. ) ;
#5699 = EDGE_CURVE ( 'NONE', #2540, #1752, #342, .T. ) ;
#5700 = CARTESIAN_POINT ( 'NONE',  ( 6.383929952666258956, -10.13775510802962820, 8.000000000000000000 ) ) ;
#5701 = CARTESIAN_POINT ( 'NONE',  ( 6.625183064395991472, -12.04862852623652536, 0.000000000000000000 ) ) ;
#5702 = CARTESIAN_POINT ( 'NONE',  ( 6.622827502596352112, -8.704427730807660524, 0.000000000000000000 ) ) ;
#5703 = CARTESIAN_POINT ( 'NONE',  ( -10.47431425022860374, 3.149229626028895446, 0.000000000000000000 ) ) ;
#5704 = EDGE_LOOP ( 'NONE', ( #5715, #6125, #3072, #8077 ) ) ;
#5705 = B_SPLINE_SURFACE_WITH_KNOTS ( 'NONE', 3, 1, ( 
 ( #6347, #42 ),
 ( #2447, #2530 ),
 ( #5050, #2565 ),
 ( #1325, #5569 ),
 ( #3145, #4427 ),
 ( #554, #8126 ),
 ( #4970, #4352 ),
 ( #7468, #6970 ),
 ( #2488, #1941 ),
 ( #6888, #1248 ),
 ( #7509, #1827 ),
 ( #6930, #7589 ),
 ( #4309, #5723 ),
 ( #4468, #3805 ),
 ( #1210, #1906 ),
 ( #4390, #3726 ),
 ( #3846, #6269 ),
 ( #3186, #5092 ),
 ( #7007, #6384 ),
 ( #590, #7 ),
 ( #3108, #3764 ),
 ( #5645, #6306 ),
 ( #6847, #7626 ),
 ( #707, #8165 ),
 ( #8086, #2407 ),
 ( #5013, #4932 ),
 ( #7554, #1788 ),
 ( #1984, #5214 ),
 ( #2771, #2643 ) ),
 .UNSPECIFIED., .F., .F., .F.,
 ( 4, 1, 1, 1, 1, 1, 1, 1, 1, 1, 1, 1, 1, 1, 1, 1, 1, 1, 1, 1, 1, 1, 1, 1, 1, 1, 4 ),
 ( 2, 2 ),
 ( 0.4925683021194529054, 0.5024463643869940821, 0.5250929155847819940, 0.5469717870834428508, 0.5680829788830696891, 0.5884264909837645385, 0.6080023233856429732, 0.6268104760888334459, 0.6448509490934806188, 0.6621237423997496929, 0.6786288560078284071, 0.6943662899179314785, 0.7093360441303072639, 0.7235381186452435331, 0.7369725134630787933, 0.7496392285842117253, 0.7615382640091191702, 0.7726696197383760012, 0.7830332957726851006, 0.7926292921129175495, 0.8014576087601730237, 0.8095182457158636158, 0.8168112029818485054, 0.8233364805606433467, 0.8290940784557681020, 0.8340839966723704313, 1.000000000000000000 ),
 ( 0.000000000000000000, 1.000000000000000000 ),
 .UNSPECIFIED. ) ;
#5706 = LINE ( 'NONE', #4568, #8182 ) ;
#5707 = CARTESIAN_POINT ( 'NONE',  ( -2.932881190150526507, 11.52995163726277283, 0.000000000000000000 ) ) ;
#5708 = CARTESIAN_POINT ( 'NONE',  ( 12.52642403931681514, 1.011712205769053741, 8.000000000000000000 ) ) ;
#5709 = CARTESIAN_POINT ( 'NONE',  ( 2.250364476070886965, 34.04160811851052415, -13.61616680320314998 ) ) ;
#5710 = CARTESIAN_POINT ( 'NONE',  ( 12.72257526253001814, 2.817469215210413935, 0.000000000000000000 ) ) ;
#5711 = CARTESIAN_POINT ( 'NONE',  ( 10.81899503309362487, -6.560248542579958375, 0.000000000000000000 ) ) ;
#5712 = CARTESIAN_POINT ( 'NONE',  ( 11.34404188716879958, 6.619621129381319413, 8.000000000000000000 ) ) ;
#5713 = ORIENTED_EDGE ( 'NONE', *, *, #4594, .T. ) ;
#5714 = DIRECTION ( 'NONE',  ( -1.000000000000000000, 0.000000000000000000, 0.000000000000000000 ) ) ;
#5715 = ORIENTED_EDGE ( 'NONE', *, *, #1634, .T. ) ;
#5716 = CARTESIAN_POINT ( 'NONE',  ( -11.91079326901028779, -0.7828886122849891827, 8.000000000000000000 ) ) ;
#5717 = CARTESIAN_POINT ( 'NONE',  ( 12.51119373526729817, -2.862521721341631853, 8.000000000000000000 ) ) ;
#5718 = CARTESIAN_POINT ( 'NONE',  ( 2.938739567862459268, -11.61432090236918668, 0.000000000000000000 ) ) ;
#5719 = CARTESIAN_POINT ( 'NONE',  ( -8.988499347771060854, -6.231836464888920624, 0.000000000000000000 ) ) ;
#5720 = CARTESIAN_POINT ( 'NONE',  ( -6.625183064395903543, 12.04862852623657332, 8.000000000000000000 ) ) ;
#5721 = CARTESIAN_POINT ( 'NONE',  ( -9.497099640846695223, 8.105411651555796126, 8.000000000000000000 ) ) ;
#5722 = ADVANCED_FACE ( 'NONE', ( #2195 ), #7300, .T. ) ;
#5723 = CARTESIAN_POINT ( 'NONE',  ( 1.051893166807160940, -12.60876818853258996, 0.000000000000000000 ) ) ;
#5724 = CARTESIAN_POINT ( 'NONE',  ( -2.577692551524032094, -13.50622083004040697, 8.000000000000000000 ) ) ;
#5725 = CARTESIAN_POINT ( 'NONE',  ( 12.25290083038831490, 5.581155335977071807, 0.000000000000000000 ) ) ;
#5726 = CARTESIAN_POINT ( 'NONE',  ( 7.910581707071952628, 33.06899069884833153, 16.75460975313537659 ) ) ;
#5727 = CARTESIAN_POINT ( 'NONE',  ( 10.56312374806400456, -6.510080463201247447, 0.000000000000000000 ) ) ;
#5728 = CARTESIAN_POINT ( 'NONE',  ( -12.60876818853259529, 1.051893166807116975, 8.000000000000000000 ) ) ;
#5729 = CARTESIAN_POINT ( 'NONE',  ( -0.9479138923130310257, 33.18463201253211281, -17.36271287019733833 ) ) ;
#5730 = ORIENTED_EDGE ( 'NONE', *, *, #1255, .F. ) ;
#5731 = CARTESIAN_POINT ( 'NONE',  ( 12.87548337994387282, -1.195724957047402448, 8.000000000000000000 ) ) ;
#5732 = CIRCLE ( 'NONE', #46, 5.000000000000003553 ) ;
#5733 = CARTESIAN_POINT ( 'NONE',  ( 6.338109664291305734, -10.02706299306001902, 8.000000000000000000 ) ) ;
#5734 = CARTESIAN_POINT ( 'NONE',  ( -2.941792002708953913, -11.71764203423214212, 0.000000000000000000 ) ) ;
#5735 = CARTESIAN_POINT ( 'NONE',  ( 2.442914321589914284, 33.07116207543229081, 21.68991984619307800 ) ) ;
#5736 = CARTESIAN_POINT ( 'NONE',  ( 7.604022508570443151, -9.149886257342835449, 8.000000000000000000 ) ) ;
#5737 = CARTESIAN_POINT ( 'NONE',  ( -12.05785317090585274, 2.927269694296032565, 0.000000000000000000 ) ) ;
#5738 = ORIENTED_EDGE ( 'NONE', *, *, #3321, .F. ) ;
#5739 = CARTESIAN_POINT ( 'NONE',  ( -8.988499347771103487, 6.231836464888859339, 8.000000000000000000 ) ) ;
#5740 = DIRECTION ( 'NONE',  ( 0.6546641047351258180, -0.2127132620451255840, -0.7253743710122919630 ) ) ;
#5741 = CARTESIAN_POINT ( 'NONE',  ( -6.473761040516374798, -10.41722559423737593, 8.000000000000000000 ) ) ;
#5742 = CARTESIAN_POINT ( 'NONE',  ( 11.53698844606709883, -4.773939382172875945, 8.000000000000000000 ) ) ;
#5743 = CIRCLE ( 'NONE', #4682, 10.93750000000000178 ) ;
#5744 = DIRECTION ( 'NONE',  ( -0.000000000000000000, 0.000000000000000000, -1.000000000000000000 ) ) ;
#5745 = CARTESIAN_POINT ( 'NONE',  ( 4.896733499129178213, -11.66659828334862681, 8.000000000000000000 ) ) ;
#5746 = ORIENTED_EDGE ( 'NONE', *, *, #2812, .T. ) ;
#5747 = CARTESIAN_POINT ( 'NONE',  ( 11.12353076645876371, -4.449236289361978791, 8.000000000000000000 ) ) ;
#5748 = VERTEX_POINT ( 'NONE', #6761 ) ;
#5749 = AXIS2_PLACEMENT_3D ( 'NONE', #2761, #5290, #5997 ) ;
#5750 = LINE ( 'NONE', #3179, #2734 ) ;
#5751 = EDGE_CURVE ( 'NONE', #2801, #3059, #2438, .T. ) ;
#5752 = CARTESIAN_POINT ( 'NONE',  ( 12.22597347346771457, -2.908682420983779160, 0.000000000000000000 ) ) ;
#5753 = CARTESIAN_POINT ( 'NONE',  ( 2.862521721341851677, -12.51119373526725376, 0.000000000000000000 ) ) ;
#5754 = CARTESIAN_POINT ( 'NONE',  ( -10.72875944066941578, -6.544354946388769356, 0.000000000000000000 ) ) ;
#5755 = CARTESIAN_POINT ( 'NONE',  ( 12.00148937107101865, 0.8074739252557537883, 0.000000000000000000 ) ) ;
#5756 = CARTESIAN_POINT ( 'NONE',  ( 8.988499347771151449, -6.231836464888791838, 8.000000000000000000 ) ) ;
#5757 = DIRECTION ( 'NONE',  ( -0.6546641047351257070, 0.2127132620451255285, -0.7253743710122920740 ) ) ;
#5758 = B_SPLINE_CURVE_WITH_KNOTS ( 'NONE', 3,
 ( #6844, #4177, #2364, #1126, #3029, #6759, #3554, #1086, #423, #4886, #4304, #7465, #3597, #7298, #383, #4139, #7427, #1167, #1746, #6187, #6713, #3684, #3065, #8002, #1043, #2318, #508, #5566, #8083 ),
 .UNSPECIFIED., .F., .F.,
 ( 4, 1, 1, 1, 1, 1, 1, 1, 1, 1, 1, 1, 1, 1, 1, 1, 1, 1, 1, 1, 1, 1, 1, 1, 1, 1, 4 ),
 ( 0.000000000000000000, 0.1659160033276295965, 0.1709059215442318702, 0.1766635194393565977, 0.1831887970181514669, 0.1904817542841364120, 0.1985423912398269763, 0.2073707078870824227, 0.2169667042273148716, 0.2273303802616240543, 0.2384617359908808021, 0.2503607714157882191, 0.2630274865369212067, 0.2764618813547564669, 0.2906639558696927361, 0.3056337100820685215, 0.3213711439921715929, 0.3378762576002502516, 0.3551490509065193812, 0.3731895239111665541, 0.3919976766143570268, 0.4115735090162354615, 0.4319170211169303109, 0.4530282129165571492, 0.4749070844152180060, 0.4975536356130058624, 0.5074316978669450862 ),
 .UNSPECIFIED. ) ;
#5759 = CARTESIAN_POINT ( 'NONE',  ( 7.799976462038208602, 35.52862216845653620, -18.69378740028920660 ) ) ;
#5760 = CARTESIAN_POINT ( 'NONE',  ( -4.833073392807574642, -11.60070094346939662, 0.000000000000000000 ) ) ;
#5761 = EDGE_CURVE ( 'NONE', #3754, #7092, #6170, .T. ) ;
#5762 = LINE ( 'NONE', #2728, #3376 ) ;
#5763 = LINE ( 'NONE', #7797, #6156 ) ;
#5764 = AXIS2_PLACEMENT_3D ( 'NONE', #1748, #5049, #3067 ) ;
#5765 = CARTESIAN_POINT ( 'NONE',  ( 8.704427730807637431, 6.622827502596382310, 0.000000000000000000 ) ) ;
#5766 = CARTESIAN_POINT ( 'NONE',  ( -12.05785317090583142, -2.927269694296119606, 8.000000000000000000 ) ) ;
#5767 = B_SPLINE_SURFACE_WITH_KNOTS ( 'NONE', 3, 1, ( 
 ( #6613, #1680 ),
 ( #4120, #7358 ),
 ( #2837, #3578 ),
 ( #445, #1639 ),
 ( #4744, #2960 ),
 ( #5412, #7944 ),
 ( #7319, #7277 ),
 ( #4661, #1514 ),
 ( #7194, #4040 ),
 ( #1596, #6572 ),
 ( #3492, #3534 ),
 ( #901, #3417 ),
 ( #2259, #6083 ),
 ( #282, #405 ),
 ( #607, #2510 ),
 ( #4910, #4990 ),
 ( #7533, #5032 ),
 ( #3785, #8023 ),
 ( #3088, #6911 ),
 ( #6167, #8068 ),
 ( #2386, #6827 ),
 ( #1190, #488 ),
 ( #3164, #4866 ),
 ( #7449, #5626 ),
 ( #1228, #4409 ),
 ( #3708, #1848 ),
 ( #6780, #8185 ),
 ( #6949, #3745 ),
 ( #1767, #4371 ) ),
 .UNSPECIFIED., .F., .F., .F.,
 ( 4, 1, 1, 1, 1, 1, 1, 1, 1, 1, 1, 1, 1, 1, 1, 1, 1, 1, 1, 1, 1, 1, 1, 1, 1, 1, 4 ),
 ( 2, 2 ),
 ( 0.4925683021194524613, 0.5024463643869940821, 0.5250929155847819940, 0.5469717870834428508, 0.5680829788830696891, 0.5884264909837645385, 0.6080023233856429732, 0.6268104760888334459, 0.6448509490934806188, 0.6621237423997496929, 0.6786288560078284071, 0.6943662899179314785, 0.7093360441303072639, 0.7235381186452435331, 0.7369725134630787933, 0.7496392285842117253, 0.7615382640091191702, 0.7726696197383760012, 0.7830332957726851006, 0.7926292921129175495, 0.8014576087601730237, 0.8095182457158636158, 0.8168112029818485054, 0.8233364805606433467, 0.8290940784557681020, 0.8340839966723704313, 1.000000000000000000 ),
 ( 0.000000000000000000, 1.000000000000000000 ),
 .UNSPECIFIED. ) ;
#5768 = CARTESIAN_POINT ( 'NONE',  ( 0.000000000000000000, 0.000000000000000000, 8.000000000000000000 ) ) ;
#5769 = CARTESIAN_POINT ( 'NONE',  ( -7.577720000373704856, 9.126433365741132064, 8.000000000000000000 ) ) ;
#5770 = EDGE_CURVE ( 'NONE', #1538, #8198, #1144, .T. ) ;
#5771 = ORIENTED_EDGE ( 'NONE', *, *, #1527, .T. ) ;
#5772 = B_SPLINE_SURFACE_WITH_KNOTS ( 'NONE', 3, 1, ( 
 ( #5601, #1698 ),
 ( #2442, #3552 ),
 ( #7504, #1165 ),
 ( #5475, #1744 ) ),
 .UNSPECIFIED., .F., .F., .F.,
 ( 4, 4 ),
 ( 2, 2 ),
 ( 0.000000000000000000, 0.02288251075659449713 ),
 ( 0.000000000000000000, 1.000000000000000000 ),
 .UNSPECIFIED. ) ;
#5773 = CARTESIAN_POINT ( 'NONE',  ( 6.352286767647669308, -10.05932550694754823, 8.000000000000000000 ) ) ;
#5774 = DIRECTION ( 'NONE',  ( -0.6396556736767862184, -0.1713952211956811522, -0.7493092133988347170 ) ) ;
#5775 = CARTESIAN_POINT ( 'NONE',  ( 9.844302869038704884, -8.855020039374934981, 8.000000000000000000 ) ) ;
#5776 = DIRECTION ( 'NONE',  ( 0.6358978297198956131, 0.000000000000000000, -0.7717732504806879001 ) ) ;
#5777 = CARTESIAN_POINT ( 'NONE',  ( 10.02415449855976703, 9.411632514553680551, 8.000000000000000000 ) ) ;
#5778 = CARTESIAN_POINT ( 'NONE',  ( 17.79525312463538711, 46.25467975983527680, 8.319437648312726807 ) ) ;
#5779 = B_SPLINE_CURVE_WITH_KNOTS ( 'NONE', 3,
 ( #2904, #5440, #1707, #3290, #2753, #3518, #5282, #6719, #2046, #7820, #2128, #6063, #389, #4808, #4848, #2284, #1050, #6108, #429, #7731, #4227, #7106, #5483, #1426, #8007, #5828, #7556, #556, #5014 ),
 .UNSPECIFIED., .F., .F.,
 ( 4, 1, 1, 1, 1, 1, 1, 1, 1, 1, 1, 1, 1, 1, 1, 1, 1, 1, 1, 1, 1, 1, 1, 1, 1, 1, 4 ),
 ( 0.4925683021330550804, 0.5024463643869940821, 0.5250929155847819940, 0.5469717870834428508, 0.5680829788830696891, 0.5884264909837645385, 0.6080023233856429732, 0.6268104760888334459, 0.6448509490934806188, 0.6621237423997496929, 0.6786288560078284071, 0.6943662899179314785, 0.7093360441303072639, 0.7235381186452435331, 0.7369725134630787933, 0.7496392285842117253, 0.7615382640091191702, 0.7726696197383760012, 0.7830332957726851006, 0.7926292921129175495, 0.8014576087601730237, 0.8095182457158636158, 0.8168112029818485054, 0.8233364805606433467, 0.8290940784557681020, 0.8340839966723704313, 1.000000000000000000 ),
 .UNSPECIFIED. ) ;
#5780 = CARTESIAN_POINT ( 'NONE',  ( -6.600657436018073199, -11.11931436071740187, 0.000000000000000000 ) ) ;
#5781 = CARTESIAN_POINT ( 'NONE',  ( -0.9420826277741567445, -12.37227591337642352, 8.000000000000000000 ) ) ;
#5782 = ORIENTED_EDGE ( 'NONE', *, *, #3867, .F. ) ;
#5783 = CARTESIAN_POINT ( 'NONE',  ( -10.72875944066946019, 6.544354946388695637, 8.000000000000000000 ) ) ;
#5784 = CARTESIAN_POINT ( 'NONE',  ( -2.938739567862377555, 11.61432090236920978, 0.000000000000000000 ) ) ;
#5785 = CARTESIAN_POINT ( 'NONE',  ( -6.186699299581391642, -9.699971161947047449, 0.000000000000000000 ) ) ;
#5786 = ADVANCED_FACE ( 'NONE', ( #7429, #4060, #6636 ), #2818, .F. ) ;
#5787 = EDGE_CURVE ( 'NONE', #6664, #6617, #6189, .T. ) ;
#5788 = CARTESIAN_POINT ( 'NONE',  ( -6.626136714284671214, 11.46368139467876901, 0.000000000000000000 ) ) ;
#5789 = CARTESIAN_POINT ( 'NONE',  ( 10.72875944066950993, -6.544354946388615701, 8.000000000000000000 ) ) ;
#5790 = CARTESIAN_POINT ( 'NONE',  ( 0.8620871873792290696, -12.16898868378441811, 0.000000000000000000 ) ) ;
#5791 = ORIENTED_EDGE ( 'NONE', *, *, #5915, .T. ) ;
#5792 = CARTESIAN_POINT ( 'NONE',  ( 11.41672744483956414, -4.668788839230741949, 8.000000000000000000 ) ) ;
#5793 = EDGE_LOOP ( 'NONE', ( #5895, #2371, #4456, #1162, #5269, #1736 ) ) ;
#5794 = CIRCLE ( 'NONE', #2489, 13.75000000000000000 ) ;
#5795 = CARTESIAN_POINT ( 'NONE',  ( -12.30068812565076009, -0.9123192481543483945, -5.204170427930421283E-15 ) ) ;
#5796 = CARTESIAN_POINT ( 'NONE',  ( 13.32045193209912171, -2.644734409370864459, 8.000000000000000000 ) ) ;
#5797 = CARTESIAN_POINT ( 'NONE',  ( 6.622827502596351223, -8.704427730807662300, 0.000000000000000000 ) ) ;
#5798 = CARTESIAN_POINT ( 'NONE',  ( -11.01428446989498333, -6.588591420233511187, 8.000000000000000000 ) ) ;
#5799 = DIRECTION ( 'NONE',  ( 1.000000000000000000, 0.000000000000000000, 0.000000000000000000 ) ) ;
#5800 = CARTESIAN_POINT ( 'NONE',  ( 8.262247439007687433, 9.582420452220718587, 8.000000000000000000 ) ) ;
#5801 = CARTESIAN_POINT ( 'NONE',  ( -3.608867157514808355, 10.32496896312095913, 0.000000000000000000 ) ) ;
#5802 = AXIS2_PLACEMENT_3D ( 'NONE', #2640, #5968, #7832 ) ;
#5803 = CARTESIAN_POINT ( 'NONE',  ( 13.43928272065061869, 35.97380783126249071, -14.26686823408739713 ) ) ;
#5804 = CARTESIAN_POINT ( 'NONE',  ( 12.10906341627277527, -0.8412873393388760057, 8.000000000000000000 ) ) ;
#5805 = VECTOR ( 'NONE', #2539, 1000.000000000000000 ) ;
#5806 = CARTESIAN_POINT ( 'NONE',  ( -8.988499347771103487, 6.231836464888858451, 8.000000000000000000 ) ) ;
#5807 = DIRECTION ( 'NONE',  ( 1.000000000000000000, 0.000000000000000000, 0.000000000000000000 ) ) ;
#5808 = CARTESIAN_POINT ( 'NONE',  ( 9.582420452220510754, 8.262247439007929017, 8.000000000000000000 ) ) ;
#5809 = CARTESIAN_POINT ( 'NONE',  ( -11.49488719732983810, -2.929367628693812176, 0.000000000000000000 ) ) ;
#5810 = CARTESIAN_POINT ( 'NONE',  ( -12.39393210985511828, -5.781365353101004523, 8.000000000000000000 ) ) ;
#5811 = CARTESIAN_POINT ( 'NONE',  ( -7.707558585906881810, 9.234787594130779098, 0.000000000000000000 ) ) ;
#5812 = COORDINATED_UNIVERSAL_TIME_OFFSET ( 8, 0, .AHEAD. ) ;
#5813 = ORIENTED_EDGE ( 'NONE', *, *, #1259, .F. ) ;
#5814 = ORIENTED_EDGE ( 'NONE', *, *, #1235, .F. ) ;
#5815 = CARTESIAN_POINT ( 'NONE',  ( 12.44755643926126965, -0.9751606640714124419, 8.000000000000000000 ) ) ;
#5816 = CARTESIAN_POINT ( 'NONE',  ( -9.149886257342917162, 7.604022508570341898, 8.000000000000000000 ) ) ;
#5817 = CARTESIAN_POINT ( 'NONE',  ( 10.64346975476057366, 6.527568552596270557, 0.000000000000000000 ) ) ;
#5818 = ADVANCED_FACE ( 'NONE', ( #6929 ), #1247, .T. ) ;
#5819 = CARTESIAN_POINT ( 'NONE',  ( 6.600657436018233071, -11.11931436071730772, 8.000000000000000000 ) ) ;
#5820 = CARTESIAN_POINT ( 'NONE',  ( 8.743249532614955299, -9.801135538539412551, 8.000000000000000000 ) ) ;
#5821 = CARTESIAN_POINT ( 'NONE',  ( -8.988499347771060854, -6.231836464888920624, 0.000000000000000000 ) ) ;
#5822 = CARTESIAN_POINT ( 'NONE',  ( -6.186699299581391642, -9.699971161947047449, 0.000000000000000000 ) ) ;
#5823 = CARTESIAN_POINT ( 'NONE',  ( -11.83979557596824783, 2.940530670474199137, 0.000000000000000000 ) ) ;
#5824 = VERTEX_POINT ( 'NONE', #3725 ) ;
#5825 = EDGE_CURVE ( 'NONE', #8198, #8034, #5012, .T. ) ;
#5826 = DIRECTION ( 'NONE',  ( 0.2588190451025214611, -0.9659258262890679791, -0.000000000000000000 ) ) ;
#5827 = CIRCLE ( 'NONE', #3565, 10.93750000000000178 ) ;
#5828 = CARTESIAN_POINT ( 'NONE',  ( 11.02139818175197483, 4.386616976971076554, 8.000000000000000000 ) ) ;
#5829 =( BOUNDED_CURVE ( )  B_SPLINE_CURVE ( 3, ( #4422, #4502, #1357, #662 ),
 .UNSPECIFIED., .F., .F. ) 
 B_SPLINE_CURVE_WITH_KNOTS ( ( 4, 4 ),
 ( 0.000000000000000000, 1.570796326794896780 ),
 .UNSPECIFIED. ) 
 CURVE ( )  GEOMETRIC_REPRESENTATION_ITEM ( )  RATIONAL_B_SPLINE_CURVE ( ( 1.000000000000000000, 0.8047378541243649375, 0.8047378541243649375, 1.000000000000000000 ) ) 
 REPRESENTATION_ITEM ( '' )  );
#5830 = CARTESIAN_POINT ( 'NONE',  ( 11.87194576742585816, 0.7736152328234355835, 8.000000000000000000 ) ) ;
#5831 = CARTESIAN_POINT ( 'NONE',  ( -0.2416457505997640642, -10.93483029503508597, 0.000000000000000000 ) ) ;
#5832 = CARTESIAN_POINT ( 'NONE',  ( 11.34404188716894524, -6.619621129381070723, 0.000000000000000000 ) ) ;
#5833 = CARTESIAN_POINT ( 'NONE',  ( 2.250364476070902509, 34.04160811851051704, 21.61616680320316419 ) ) ;
#5834 = VERTEX_POINT ( 'NONE', #2528 ) ;
#5835 = CYLINDRICAL_SURFACE ( 'NONE', #3229, 13.75000000000000000 ) ;
#5836 = EDGE_LOOP ( 'NONE', ( #7460, #4228, #4162, #5628 ) ) ;
#5837 = PRODUCT_DEFINITION_SHAPE ( 'NONE', 'NONE',  #3599 ) ;
#5838 = CARTESIAN_POINT ( 'NONE',  ( -12.05320353502385622, -0.8231400688186033543, -5.204170427930421283E-15 ) ) ;
#5839 = CARTESIAN_POINT ( 'NONE',  ( 7.152395453489232224, 8.544655887209795964, -5.204170427930421283E-15 ) ) ;
#5840 = CARTESIAN_POINT ( 'NONE',  ( 1.447204694645796375, -13.27225220462997157, 8.000000000000000000 ) ) ;
#5841 = CARTESIAN_POINT ( 'NONE',  ( -11.85123473191535837, -6.631537913675579432, 0.000000000000000000 ) ) ;
#5842 = CARTESIAN_POINT ( 'NONE',  ( -3.608867157514732860, -10.32496896312098222, 8.000000000000000000 ) ) ;
#5843 = CARTESIAN_POINT ( 'NONE',  ( 10.81899503309362487, -6.560248542579958375, 8.000000000000000000 ) ) ;
#5844 = CARTESIAN_POINT ( 'NONE',  ( -11.30699639290208758, 4.580317944817353215, 0.000000000000000000 ) ) ;
#5845 = B_SPLINE_SURFACE_WITH_KNOTS ( 'NONE', 3, 1, ( 
 ( #8120, #7423 ),
 ( #5043, #3138 ),
 ( #5007, #7547 ),
 ( #5518, #6262 ),
 ( #584, #5677 ),
 ( #1862, #1742 ),
 ( #4384, #1122 ),
 ( #503, #8199 ),
 ( #7582, #1900 ),
 ( #4537, #3961 ),
 ( #4500, #3916 ),
 ( #7159, #6535 ),
 ( #1394, #117 ),
 ( #1935, #7702 ),
 ( #7073, #6451 ),
 ( #4624, #159 ),
 ( #787, #5795 ),
 ( #1478, #4004 ),
 ( #7782, #3839 ),
 ( #1436, #2635 ),
 ( #3298, #5838 ),
 ( #2015, #7036 ),
 ( #6494, #1355 ),
 ( #5716, #6377 ),
 ( #2717, #1977 ),
 ( #5085, #5164 ),
 ( #3875, #2676 ),
 ( #36, #5207 ),
 ( #7741, #6412 ) ),
 .UNSPECIFIED., .F., .F., .F.,
 ( 4, 1, 1, 1, 1, 1, 1, 1, 1, 1, 1, 1, 1, 1, 1, 1, 1, 1, 1, 1, 1, 1, 1, 1, 1, 1, 4 ),
 ( 2, 2 ),
 ( 0.4925683021194524058, 0.5024463643869940821, 0.5250929155847819940, 0.5469717870834428508, 0.5680829788830696891, 0.5884264909837645385, 0.6080023233856429732, 0.6268104760888334459, 0.6448509490934806188, 0.6621237423997496929, 0.6786288560078284071, 0.6943662899179314785, 0.7093360441303072639, 0.7235381186452435331, 0.7369725134630787933, 0.7496392285842117253, 0.7615382640091191702, 0.7726696197383760012, 0.7830332957726851006, 0.7926292921129175495, 0.8014576087601730237, 0.8095182457158636158, 0.8168112029818485054, 0.8233364805606433467, 0.8290940784557681020, 0.8340839966723704313, 1.000000000000000000 ),
 ( 0.000000000000000000, 1.000000000000000000 ),
 .UNSPECIFIED. ) ;
#5846 = LINE ( 'NONE', #3220, #2347 ) ;
#5847 = CARTESIAN_POINT ( 'NONE',  ( 11.91079326901030022, -0.7828886122848225382, -5.204170427930421283E-15 ) ) ;
#5848 = DIRECTION ( 'NONE',  ( 0.000000000000000000, -0.000000000000000000, 1.000000000000000000 ) ) ;
#5849 = CARTESIAN_POINT ( 'NONE',  ( 27.92785842725651335, 47.42090509453288405, 12.54747184268296145 ) ) ;
#5850 = CARTESIAN_POINT ( 'NONE',  ( 9.713655369616075674, 8.535381057717676967, 8.000000000000000000 ) ) ;
#5851 = CARTESIAN_POINT ( 'NONE',  ( -13.64173013562593795, 1.722120468130850846, 0.000000000000000000 ) ) ;
#5852 = CARTESIAN_POINT ( 'NONE',  ( -12.39393210983942772, 5.781365353078053104, 8.000000000000000000 ) ) ;
#5853 = CARTESIAN_POINT ( 'NONE',  ( -11.94884645308974136, -5.198761634262900166, 8.000000000000000000 ) ) ;
#5854 = CARTESIAN_POINT ( 'NONE',  ( 0.000000000000000000, 0.000000000000000000, 0.000000000000000000 ) ) ;
#5855 = ADVANCED_FACE ( 'NONE', ( #1284 ), #1393, .T. ) ;
#5856 = VERTEX_POINT ( 'NONE', #4010 ) ;
#5857 = ORIENTED_EDGE ( 'NONE', *, *, #1803, .F. ) ;
#5858 = CARTESIAN_POINT ( 'NONE',  ( 2.168342768942477683, 31.97461217240255138, -13.61616680320316597 ) ) ;
#5859 = DIRECTION ( 'NONE',  ( 1.047444401652939849E-14, -1.000000000000000000, 0.000000000000000000 ) ) ;
#5860 = CARTESIAN_POINT ( 'NONE',  ( 10.05932550694752692, 6.352286767647703947, 0.000000000000000000 ) ) ;
#5861 = CARTESIAN_POINT ( 'NONE',  ( -0.8620871873792290696, 12.16898868378441811, 8.000000000000000000 ) ) ;
#5862 = DIRECTION ( 'NONE',  ( 1.000000000000000000, 0.000000000000000000, 0.000000000000000000 ) ) ;
#5863 = CARTESIAN_POINT ( 'NONE',  ( -2.759358130927253239, -12.95019774290651604, 0.000000000000000000 ) ) ;
#5864 = DIRECTION ( 'NONE',  ( -0.6750363312718927755, 0.000000000000000000, -0.7377844884944269044 ) ) ;
#5865 = CARTESIAN_POINT ( 'NONE',  ( -0.8074739252556281111, 12.00148937107102753, 0.000000000000000000 ) ) ;
#5866 = DIRECTION ( 'NONE',  ( 1.000000000000000000, 0.000000000000000000, 0.000000000000000000 ) ) ;
#5867 = VERTEX_POINT ( 'NONE', #7747 ) ;
#5868 = FACE_OUTER_BOUND ( 'NONE', #5183, .T. ) ;
#5869 = CARTESIAN_POINT ( 'NONE',  ( -2.644734409371002570, 13.32045193209910039, 0.000000000000000000 ) ) ;
#5870 = DIRECTION ( 'NONE',  ( -1.000000000000000000, 0.000000000000000000, 0.000000000000000000 ) ) ;
#5871 = EDGE_CURVE ( 'NONE', #4363, #220, #6806, .T. ) ;
#5872 = CARTESIAN_POINT ( 'NONE',  ( -6.186699299581457367, 9.699971161947006593, 0.000000000000000000 ) ) ;
#5873 = CARTESIAN_POINT ( 'NONE',  ( 10.41722559423740435, -6.473761040516332166, 8.000000000000000000 ) ) ;
#5874 = CARTESIAN_POINT ( 'NONE',  ( 5.198761634262941911, -11.94884645308972360, 0.000000000000000000 ) ) ;
#5875 = EDGE_LOOP ( 'NONE', ( #7816, #5426, #5959, #1665 ) ) ;
#5876 = CARTESIAN_POINT ( 'NONE',  ( -12.17545110014131282, 5.477724940116812213, 8.000000000000000000 ) ) ;
#5877 = ORIENTED_EDGE ( 'NONE', *, *, #5173, .F. ) ;
#5878 = CARTESIAN_POINT ( 'NONE',  ( 8.066671328053105938, 35.60270692145358140, 17.35673851351523211 ) ) ;
#5879 = CARTESIAN_POINT ( 'NONE',  ( -13.42510299664338724, -2.607747690747107772, 8.000000000000000000 ) ) ;
#5880 = CARTESIAN_POINT ( 'NONE',  ( 2.933454507433649994, -11.98057174878960751, 0.000000000000000000 ) ) ;
#5881 = CARTESIAN_POINT ( 'NONE',  ( -11.71732392095621123, -6.632284204934474126, 0.000000000000000000 ) ) ;
#5882 = CARTESIAN_POINT ( 'NONE',  ( -11.52995163726276395, -2.932881190150568251, 0.000000000000000000 ) ) ;
#5883 = CARTESIAN_POINT ( 'NONE',  ( 8.105411651555689545, 9.497099640846785817, 8.000000000000000000 ) ) ;
#5884 = CARTESIAN_POINT ( 'NONE',  ( 5.853360337646515532, -12.44189184801357584, 8.000000000000000000 ) ) ;
#5885 = CARTESIAN_POINT ( 'NONE',  ( 11.61432090236917603, 2.938739567862500124, -5.204170427930421283E-15 ) ) ;
#5886 = CARTESIAN_POINT ( 'NONE',  ( -5.689930116769227553, -12.33100786788152448, 0.000000000000000000 ) ) ;
#5887 = DIRECTION ( 'NONE',  ( 0.6750363312718933306, 0.000000000000000000, -0.7377844884944264603 ) ) ;
#5888 = CARTESIAN_POINT ( 'NONE',  ( 3.149229626029004692, -10.47431425022856644, 0.000000000000000000 ) ) ;
#5889 = LINE ( 'NONE', #7753, #5695 ) ;
#5890 = CARTESIAN_POINT ( 'NONE',  ( -9.844302869038637382, 8.855020039375007812, 0.000000000000000000 ) ) ;
#5891 = DIRECTION ( 'NONE',  ( -0.8090169943749507819, 0.5877852522924685852, 0.000000000000000000 ) ) ;
#5892 = CARTESIAN_POINT ( 'NONE',  ( -11.60070094346934688, -4.833073392807702540, 0.000000000000000000 ) ) ;
#5893 = CARTESIAN_POINT ( 'NONE',  ( -8.439220299577069540, 9.669723885496978255, 0.000000000000000000 ) ) ;
#5894 = EDGE_CURVE ( 'NONE', #3915, #3117, #4077, .T. ) ;
#5895 = ORIENTED_EDGE ( 'NONE', *, *, #457, .F. ) ;
#5896 = ORIENTED_EDGE ( 'NONE', *, *, #3425, .T. ) ;
#5897 = VECTOR ( 'NONE', #3600, 1000.000000000000114 ) ;
#5898 = CARTESIAN_POINT ( 'NONE',  ( 6.626067776682448951, -12.02849558169537048, 8.000000000000000000 ) ) ;
#5899 = CARTESIAN_POINT ( 'NONE',  ( 9.376012365377748736, 7.906868104074169956, 0.000000000000000000 ) ) ;
#5900 = CARTESIAN_POINT ( 'NONE',  ( 9.886832010614865496, -8.972047302895321153, -5.204170427930421283E-15 ) ) ;
#5901 = CARTESIAN_POINT ( 'NONE',  ( 11.95399604505281488, -0.7941151212462261855, 0.000000000000000000 ) ) ;
#5902 = CARTESIAN_POINT ( 'NONE',  ( 12.09884006967990544, -5.379567626064686969, 0.000000000000000000 ) ) ;
#5903 = CARTESIAN_POINT ( 'NONE',  ( 9.392211555323923378, -10.01877448793485570, 8.000000000000000000 ) ) ;
#5904 = CARTESIAN_POINT ( 'NONE',  ( -7.313425558786540215, 8.881356617214120064, 8.000000000000000000 ) ) ;
#5905 = VECTOR ( 'NONE', #2978, 1000.000000000000000 ) ;
#5906 = CARTESIAN_POINT ( 'NONE',  ( -6.436913140481649975, -10.29093438073250333, 0.000000000000000000 ) ) ;
#5907 = CARTESIAN_POINT ( 'NONE',  ( -12.95019774290650716, 2.759358130927302533, 0.000000000000000000 ) ) ;
#5908 = ORIENTED_EDGE ( 'NONE', *, *, #199, .T. ) ;
#5909 = CARTESIAN_POINT ( 'NONE',  ( -10.01877448793489300, -9.392211555323882521, 8.000000000000000000 ) ) ;
#5910 = B_SPLINE_CURVE_WITH_KNOTS ( 'NONE', 3,
 ( #4609, #5903, #7142, #6435, #3989, #766, #852, #5820, #142, #6519, #2661, #5191, #3364, #7725, #2040, #4562, #7100, #4856, #4111, #1056, #4235, #7935, #8013, #8058, #7310, #6816, #2828, #7392, #6115 ),
 .UNSPECIFIED., .F., .F.,
 ( 4, 1, 1, 1, 1, 1, 1, 1, 1, 1, 1, 1, 1, 1, 1, 1, 1, 1, 1, 1, 1, 1, 1, 1, 1, 1, 4 ),
 ( 0.4925683021330544697, 0.5024463643869940821, 0.5250929155847819940, 0.5469717870834428508, 0.5680829788830696891, 0.5884264909837645385, 0.6080023233856429732, 0.6268104760888334459, 0.6448509490934806188, 0.6621237423997496929, 0.6786288560078284071, 0.6943662899179314785, 0.7093360441303072639, 0.7235381186452435331, 0.7369725134630787933, 0.7496392285842117253, 0.7615382640091191702, 0.7726696197383760012, 0.7830332957726851006, 0.7926292921129175495, 0.8014576087601730237, 0.8095182457158636158, 0.8168112029818485054, 0.8233364805606433467, 0.8290940784557681020, 0.8340839966723704313, 1.000000000000000000 ),
 .UNSPECIFIED. ) ;
#5911 = CARTESIAN_POINT ( 'NONE',  ( -2.577692551524129794, 13.50622083004039098, 8.000000000000000000 ) ) ;
#5912 = CARTESIAN_POINT ( 'NONE',  ( -2.908682420983816019, -12.22597347346770569, 8.000000000000000000 ) ) ;
#5913 = CARTESIAN_POINT ( 'NONE',  ( -13.64173013562593795, 1.722120468130850846, 8.000000000000000000 ) ) ;
#5914 = CARTESIAN_POINT ( 'NONE',  ( 0.8917121760769423089, 50.21139150384284022, 24.15497710174618717 ) ) ;
#5915 = EDGE_CURVE ( 'NONE', #3315, #4266, #6402, .T. ) ;
#5916 = CARTESIAN_POINT ( 'NONE',  ( 5.781365353101046267, -12.39393210985509519, 8.000000000000000000 ) ) ;
#5917 = ORIENTED_EDGE ( 'NONE', *, *, #6517, .F. ) ;
#5918 = CARTESIAN_POINT ( 'NONE',  ( 12.22769606125922337, 27.92477493282074974, 20.99999999999999645 ) ) ;
#5919 = EDGE_LOOP ( 'NONE', ( #158, #4063, #6482, #3787 ) ) ;
#5920 = CARTESIAN_POINT ( 'NONE',  ( -11.22924223885647521, -6.611064424922867389, 8.000000000000000000 ) ) ;
#5921 = EDGE_CURVE ( 'NONE', #4255, #5303, #6830, .T. ) ;
#5922 = EDGE_CURVE ( 'NONE', #4287, #8115, #7783, .T. ) ;
#5923 = CARTESIAN_POINT ( 'NONE',  ( 7.750629585191585846, 9.267416903472033951, -5.204170427930421283E-15 ) ) ;
#5924 = CARTESIAN_POINT ( 'NONE',  ( 13.41765329629886061, 36.05253985009576922, -14.26727816506351232 ) ) ;
#5925 = CARTESIAN_POINT ( 'NONE',  ( -4.425208852857711150, -11.08591166683805262, 8.000000000000000000 ) ) ;
#5926 = CARTESIAN_POINT ( 'NONE',  ( -11.66361783702275012, -2.940710835118507394, 0.000000000000000000 ) ) ;
#5927 = CARTESIAN_POINT ( 'NONE',  ( 10.35164078446988967, -6.455308898419679586, 8.000000000000000000 ) ) ;
#5928 = CARTESIAN_POINT ( 'NONE',  ( 2.201700770048137024, 42.48398489353029106, 23.50571386040527599 ) ) ;
#5929 = CARTESIAN_POINT ( 'NONE',  ( 2.600000000000000089, 0.000000000000000000, 0.000000000000000000 ) ) ;
#5930 = ORIENTED_EDGE ( 'NONE', *, *, #5175, .T. ) ;
#5931 = VECTOR ( 'NONE', #7670, 1000.000000000000000 ) ;
#5932 = CARTESIAN_POINT ( 'NONE',  ( -9.455639197970723941, -8.034402175150797021, 0.000000000000000000 ) ) ;
#5933 = CARTESIAN_POINT ( 'NONE',  ( -4.668788839230860965, 11.41672744483952151, 8.000000000000000000 ) ) ;
#5934 = LINE ( 'NONE', #4677, #2495 ) ;
#5935 = CARTESIAN_POINT ( 'NONE',  ( -2.940710835118465649, 11.66361783702276078, 0.000000000000000000 ) ) ;
#5936 = CARTESIAN_POINT ( 'NONE',  ( -12.72257526253003945, -2.817469215210326450, 8.000000000000000000 ) ) ;
#5937 = CARTESIAN_POINT ( 'NONE',  ( 10.13950945181175811, 35.08963624867129738, -11.24860397213440422 ) ) ;
#5938 = CARTESIAN_POINT ( 'NONE',  ( -8.262247439007827765, 9.582420452220601348, 0.000000000000000000 ) ) ;
#5939 = VERTEX_POINT ( 'NONE', #2807 ) ;
#5940 = VERTEX_POINT ( 'NONE', #6744 ) ;
#5941 = CARTESIAN_POINT ( 'NONE',  ( 6.628700411335568532, -11.96219333340837387, 8.000000000000000000 ) ) ;
#5942 = CARTESIAN_POINT ( 'NONE',  ( -5.853360337646336120, -12.44189184801366288, 0.000000000000000000 ) ) ;
#5943 = EDGE_CURVE ( 'NONE', #2134, #6923, #5460, .T. ) ;
#5944 = DIRECTION ( 'NONE',  ( -0.000000000000000000, -0.000000000000000000, 1.000000000000000000 ) ) ;
#5945 = LOCAL_TIME ( 12, 4, 5.000000000000000000, #5812 ) ;
#5946 = DIRECTION ( 'NONE',  ( 0.000000000000000000, 0.000000000000000000, -1.000000000000000000 ) ) ;
#5947 = CARTESIAN_POINT ( 'NONE',  ( -0.6963551242057667290, -11.48389212362418199, 0.000000000000000000 ) ) ;
#5948 = PLANE ( 'NONE',  #4968 ) ;
#5949 = CARTESIAN_POINT ( 'NONE',  ( -6.622827502596288163, 8.704427730807712038, 8.000000000000000000 ) ) ;
#5950 = DIRECTION ( 'NONE',  ( 1.000000000000000000, 0.000000000000000000, 0.000000000000000000 ) ) ;
#5951 = ORIENTED_EDGE ( 'NONE', *, *, #7496, .T. ) ;
#5952 = CARTESIAN_POINT ( 'NONE',  ( -9.928529331195827368, -9.094348737717288245, 8.000000000000000000 ) ) ;
#5953 = ADVANCED_FACE ( 'NONE', ( #5421 ), #3500, .F. ) ;
#5954 = DIRECTION ( 'NONE',  ( 0.000000000000000000, 0.000000000000000000, 1.000000000000000000 ) ) ;
#5955 = CARTESIAN_POINT ( 'NONE',  ( -6.611064424922830085, 11.22924223885650008, 0.000000000000000000 ) ) ;
#5956 = CARTESIAN_POINT ( 'NONE',  ( 10.02706299306013626, -6.338109664291120993, 0.000000000000000000 ) ) ;
#5957 = ADVANCED_FACE ( 'NONE', ( #329 ), #2584, .T. ) ;
#5958 = CARTESIAN_POINT ( 'NONE',  ( 4.449236289362172414, -11.12353076645868732, 8.000000000000000000 ) ) ;
#5959 = ORIENTED_EDGE ( 'NONE', *, *, #8053, .F. ) ;
#5960 = CARTESIAN_POINT ( 'NONE',  ( -11.30699639290208758, 4.580317944817353215, 8.000000000000000000 ) ) ;
#5961 = CC_DESIGN_SECURITY_CLASSIFICATION ( #6341, ( #255 ) ) ;
#5962 = EDGE_LOOP ( 'NONE', ( #2054, #4644, #7904, #303, #5195 ) ) ;
#5963 = CIRCLE ( 'NONE', #5293, 13.75000000000000000 ) ;
#5964 = CARTESIAN_POINT ( 'NONE',  ( 0.000000000000000000, 0.000000000000000000, 0.000000000000000000 ) ) ;
#5965 = VECTOR ( 'NONE', #3569, 1000.000000000000000 ) ;
#5966 = CARTESIAN_POINT ( 'NONE',  ( -11.52995163726276395, -2.932881190150568251, 8.000000000000000000 ) ) ;
#5967 = CARTESIAN_POINT ( 'NONE',  ( 4.425208852857871022, -11.08591166683798868, 0.000000000000000000 ) ) ;
#5968 = DIRECTION ( 'NONE',  ( 0.2588190451025214611, -0.9659258262890680902, -1.387778780781445367E-17 ) ) ;
#5969 = CARTESIAN_POINT ( 'NONE',  ( -10.32496896312096801, 3.608867157514771939, 0.000000000000000000 ) ) ;
#5970 = FACE_OUTER_BOUND ( 'NONE', #8136, .T. ) ;
#5971 = ORIENTED_EDGE ( 'NONE', *, *, #1311, .T. ) ;
#5972 = CARTESIAN_POINT ( 'NONE',  ( 13.57387004037417455, -1.668469543058079596, -5.204170427930421283E-15 ) ) ;
#5973 = CARTESIAN_POINT ( 'NONE',  ( 12.56992992154965627, 35.74086545080564292, 19.85640141876775999 ) ) ;
#5974 = CARTESIAN_POINT ( 'NONE',  ( -2.644734409370904871, -13.32045193209911638, 8.000000000000000000 ) ) ;
#5975 = CARTESIAN_POINT ( 'NONE',  ( 8.704427730807637431, 6.622827502596381422, 0.000000000000000000 ) ) ;
#5976 = EDGE_CURVE ( 'NONE', #4824, #6064, #2743, .T. ) ;
#5977 = CARTESIAN_POINT ( 'NONE',  ( -6.588591420233475660, 11.01428446989500998, 8.000000000000000000 ) ) ;
#5978 = CARTESIAN_POINT ( 'NONE',  ( -0.8412873393390029042, 12.10906341627276639, 0.000000000000000000 ) ) ;
#5979 = CARTESIAN_POINT ( 'NONE',  ( 13.87902909598010304, 33.97641218750951708, -13.28426016496259798 ) ) ;
#5980 = VERTEX_POINT ( 'NONE', #3133 ) ;
#5981 = ORIENTED_EDGE ( 'NONE', *, *, #5245, .F. ) ;
#5982 = CARTESIAN_POINT ( 'NONE',  ( 6.632284204934521199, -11.71732392095618458, 0.000000000000000000 ) ) ;
#5983 = CARTESIAN_POINT ( 'NONE',  ( -9.844302869038637382, 8.855020039375007812, 8.000000000000000000 ) ) ;
#5984 = CARTESIAN_POINT ( 'NONE',  ( 10.13775510802960866, 6.383929952666293595, 8.000000000000000000 ) ) ;
#5985 = CARTESIAN_POINT ( 'NONE',  ( 9.411632514553645024, -10.02415449855979723, 0.000000000000000000 ) ) ;
#5986 = CARTESIAN_POINT ( 'NONE',  ( 2.607747690747154845, -13.42510299664337658, 8.000000000000000000 ) ) ;
#5987 = LINE ( 'NONE', #3945, #346 ) ;
#5988 = CARTESIAN_POINT ( 'NONE',  ( -12.16898868378441989, 0.8620871873791865481, 0.000000000000000000 ) ) ;
#5989 = CARTESIAN_POINT ( 'NONE',  ( 7.712199387396315942, 33.44391302250200937, -8.928825501585246016 ) ) ;
#5990 = VERTEX_POINT ( 'NONE', #5670 ) ;
#5991 = CARTESIAN_POINT ( 'NONE',  ( -9.376012365377807356, -7.906868104074100678, 8.000000000000000000 ) ) ;
#5992 = DIRECTION ( 'NONE',  ( 0.000000000000000000, 0.000000000000000000, 1.000000000000000000 ) ) ;
#5993 = CARTESIAN_POINT ( 'NONE',  ( -11.66659828334864457, -4.896733499129138245, 0.000000000000000000 ) ) ;
#5994 = CARTESIAN_POINT ( 'NONE',  ( -7.668835209822958632, -9.204216794247617628, 8.000000000000000000 ) ) ;
#5995 = CARTESIAN_POINT ( 'NONE',  ( 4.668788839230941790, -11.41672744483948598, 8.000000000000000000 ) ) ;
#5996 = EDGE_LOOP ( 'NONE', ( #219, #1077, #4984, #1069 ) ) ;
#5997 = DIRECTION ( 'NONE',  ( 1.000000000000000000, 0.000000000000000000, 0.000000000000000000 ) ) ;
#5998 = ORIENTED_EDGE ( 'NONE', *, *, #750, .F. ) ;
#5999 = DIRECTION ( 'NONE',  ( -0.000000000000000000, 0.000000000000000000, -1.000000000000000000 ) ) ;
#6000 = CARTESIAN_POINT ( 'NONE',  ( -11.56976343863534851, -2.936066220364096147, 8.000000000000000000 ) ) ;
#6001 = DIRECTION ( 'NONE',  ( -0.9510565162951556406, 0.3090169943749411785, 0.000000000000000000 ) ) ;
#6002 = CARTESIAN_POINT ( 'NONE',  ( -3.608867157514733304, -10.32496896312098222, 8.000000000000000000 ) ) ;
#6003 = CARTESIAN_POINT ( 'NONE',  ( 12.22597347346771457, -2.908682420983779160, -5.204170427930421283E-15 ) ) ;
#6004 = CARTESIAN_POINT ( 'NONE',  ( 7.604022508570240646, 9.149886257343000651, 0.000000000000000000 ) ) ;
#6005 = ORIENTED_EDGE ( 'NONE', *, *, #3275, .F. ) ;
#6006 = B_SPLINE_CURVE_WITH_KNOTS ( 'NONE', 3,
 ( #7151, #4698, #7858, #3412, #234, #1510, #1471, #2755, #7774, #6528, #2084, #4035, #6651, #5912, #3489, #818, #6569, #2209, #5284, #6610, #4116, #2795, #3997, #979, #859, #279, #7821, #2129, #897 ),
 .UNSPECIFIED., .F., .F.,
 ( 4, 1, 1, 1, 1, 1, 1, 1, 1, 1, 1, 1, 1, 1, 1, 1, 1, 1, 1, 1, 1, 1, 1, 1, 1, 1, 4 ),
 ( 0.4925683021330558020, 0.5024463643869940821, 0.5250929155847819940, 0.5469717870834428508, 0.5680829788830696891, 0.5884264909837645385, 0.6080023233856429732, 0.6268104760888334459, 0.6448509490934806188, 0.6621237423997496929, 0.6786288560078284071, 0.6943662899179314785, 0.7093360441303072639, 0.7235381186452435331, 0.7369725134630787933, 0.7496392285842117253, 0.7615382640091191702, 0.7726696197383760012, 0.7830332957726851006, 0.7926292921129175495, 0.8014576087601730237, 0.8095182457158636158, 0.8168112029818485054, 0.8233364805606433467, 0.8290940784557681020, 0.8340839966723704313, 1.000000000000000000 ),
 .UNSPECIFIED. ) ;
#6007 = CARTESIAN_POINT ( 'NONE',  ( 12.13967088095515301, 2.919073574173224994, 8.000000000000000000 ) ) ;
#6008 = EDGE_LOOP ( 'NONE', ( #7490, #7938, #2411, #2716 ) ) ;
#6009 = B_SPLINE_CURVE_WITH_KNOTS ( 'NONE', 3,
 ( #1439, #4540, #6454, #5252, #3341, #3257, #5718, #1396, #1358, #7075, #3965, #3215, #5880, #3877, #3919, #789, #7785, #701, #5753, #2720, #2095, #2598, #4627, #7162, #6343, #663, #3181, #38, #5124 ),
 .UNSPECIFIED., .F., .F.,
 ( 4, 1, 1, 1, 1, 1, 1, 1, 1, 1, 1, 1, 1, 1, 1, 1, 1, 1, 1, 1, 1, 1, 1, 1, 1, 1, 4 ),
 ( 0.000000000000000000, 0.1659160033276295965, 0.1709059215442318702, 0.1766635194393565977, 0.1831887970181514669, 0.1904817542841364120, 0.1985423912398269763, 0.2073707078870824227, 0.2169667042273148716, 0.2273303802616240543, 0.2384617359908808021, 0.2503607714157882191, 0.2630274865369212067, 0.2764618813547564669, 0.2906639558696927361, 0.3056337100820685215, 0.3213711439921715929, 0.3378762576002502516, 0.3551490509065193812, 0.3731895239111665541, 0.3919976766143570268, 0.4115735090162354615, 0.4319170211169303109, 0.4530282129165571492, 0.4749070844152180060, 0.4975536356130058624, 0.5074316978669450862 ),
 .UNSPECIFIED. ) ;
#6010 = CARTESIAN_POINT ( 'NONE',  ( -9.204216794247539468, -7.668835209823054555, 0.000000000000000000 ) ) ;
#6011 = EDGE_CURVE ( 'NONE', #2353, #4171, #8112, .T. ) ;
#6012 = LINE ( 'NONE', #2150, #1286 ) ;
#6013 = CARTESIAN_POINT ( 'NONE',  ( -2.607747690737713508, -13.42510299666957607, 8.000000000000000000 ) ) ;
#6014 = DIRECTION ( 'NONE',  ( 0.000000000000000000, -0.000000000000000000, -1.000000000000000000 ) ) ;
#6015 = DIRECTION ( 'NONE',  ( -0.000000000000000000, -0.000000000000000000, 1.000000000000000000 ) ) ;
#6016 = CARTESIAN_POINT ( 'NONE',  ( -0.9123192481543054289, 12.30068812565076364, 0.000000000000000000 ) ) ;
#6017 = CARTESIAN_POINT ( 'NONE',  ( -11.22924223885652140, 6.611064424922788341, 0.000000000000000000 ) ) ;
#6018 = EDGE_LOOP ( 'NONE', ( #1610, #814, #6749, #894 ) ) ;
#6019 = EDGE_CURVE ( 'NONE', #1953, #5034, #2034, .T. ) ;
#6020 = ORIENTED_EDGE ( 'NONE', *, *, #5257, .F. ) ;
#6021 = CARTESIAN_POINT ( 'NONE',  ( 13.06843834723476405, 1.312474532673223671, 0.000000000000000000 ) ) ;
#6022 = CARTESIAN_POINT ( 'NONE',  ( -9.757522586729574954, 8.636712746112451100, 8.000000000000000000 ) ) ;
#6023 = DIRECTION ( 'NONE',  ( 1.000000000000000000, 0.000000000000000000, 0.000000000000000000 ) ) ;
#6024 = CARTESIAN_POINT ( 'NONE',  ( 0.000000000000000000, 0.000000000000000000, 0.000000000000000000 ) ) ;
#6025 = EDGE_CURVE ( 'NONE', #2665, #5120, #6858, .T. ) ;
#6026 = CARTESIAN_POINT ( 'NONE',  ( -0.7661213205046492059, -11.83751175313650172, 0.000000000000000000 ) ) ;
#6027 = CARTESIAN_POINT ( 'NONE',  ( 12.43077374743273467, 5.836552422577614863, 0.000000000000000000 ) ) ;
#6028 = CARTESIAN_POINT ( 'NONE',  ( -7.707558585906881810, 9.234787594130779098, 8.000000000000000000 ) ) ;
#6029 = CARTESIAN_POINT ( 'NONE',  ( -5.689930116769317259, 12.33100786788148540, 8.000000000000000000 ) ) ;
#6030 = ORIENTED_EDGE ( 'NONE', *, *, #3705, .T. ) ;
#6031 = CARTESIAN_POINT ( 'NONE',  ( -8.544655887209446021, -7.152395453489273969, 8.000000000000000000 ) ) ;
#6032 = CYLINDRICAL_SURFACE ( 'NONE', #4079, 13.75000000000000000 ) ;
#6033 = VECTOR ( 'NONE', #1713, 1000.000000000000227 ) ;
#6034 = CARTESIAN_POINT ( 'NONE',  ( -11.87581303661959531, -5.115945187291695895, 0.000000000000000000 ) ) ;
#6035 = CARTESIAN_POINT ( 'NONE',  ( 9.442776183394496314, -5.916238915411951460, 8.000000000000000000 ) ) ;
#6036 = CARTESIAN_POINT ( 'NONE',  ( 4.833073392807741619, -11.60070094346932734, 0.000000000000000000 ) ) ;
#6037 = ORIENTED_EDGE ( 'NONE', *, *, #2376, .F. ) ;
#6038 = DIRECTION ( 'NONE',  ( 0.000000000000000000, 0.000000000000000000, 1.000000000000000000 ) ) ;
#6039 = EDGE_LOOP ( 'NONE', ( #1354, #1268, #5738, #6329 ) ) ;
#6040 = ADVANCED_FACE ( 'NONE', ( #7068 ), #6371, .T. ) ;
#6041 = FACE_OUTER_BOUND ( 'NONE', #5996, .T. ) ;
#6042 = EDGE_CURVE ( 'NONE', #7600, #333, #3797, .T. ) ;
#6043 =( BOUNDED_CURVE ( )  B_SPLINE_CURVE ( 3, ( #4100, #4057, #3472, #7128 ),
 .UNSPECIFIED., .F., .F. ) 
 B_SPLINE_CURVE_WITH_KNOTS ( ( 4, 4 ),
 ( 2.757298601444780228, 2.976257960622566756 ),
 .UNSPECIFIED. ) 
 CURVE ( )  GEOMETRIC_REPRESENTATION_ITEM ( )  RATIONAL_B_SPLINE_CURVE ( ( 1.000000000000000000, 0.9960087221974817107, 0.9960087221974817107, 1.000000000000000000 ) ) 
 REPRESENTATION_ITEM ( '' )  );
#6044 = DIRECTION ( 'NONE',  ( -0.6396556736767861073, -0.1713952211956810967, 0.7493092133988348280 ) ) ;
#6045 = CARTESIAN_POINT ( 'NONE',  ( 0.000000000000000000, 0.000000000000000000, 8.000000000000000000 ) ) ;
#6046 = CARTESIAN_POINT ( 'NONE',  ( -4.210990906299899805, 10.70664486910371060, 0.000000000000000000 ) ) ;
#6047 = CARTESIAN_POINT ( 'NONE',  ( 8.972047302895285625, 9.886832010614893917, 8.000000000000000000 ) ) ;
#6048 = CARTESIAN_POINT ( 'NONE',  ( -11.11684438996311819, -0.7639867559471459346, 8.000000000000000000 ) ) ;
#6049 = ORIENTED_EDGE ( 'NONE', *, *, #6218, .F. ) ;
#6050 = CARTESIAN_POINT ( 'NONE',  ( 12.05785317090581010, 2.927269694296203095, -5.204170427930421283E-15 ) ) ;
#6051 = VERTEX_POINT ( 'NONE', #3833 ) ;
#6052 = CARTESIAN_POINT ( 'NONE',  ( 12.23289380645681312, -0.8857088747960388808, 8.000000000000000000 ) ) ;
#6053 = EDGE_CURVE ( 'NONE', #6615, #2216, #5539, .T. ) ;
#6054 = FACE_OUTER_BOUND ( 'NONE', #242, .T. ) ;
#6055 = CARTESIAN_POINT ( 'NONE',  ( -2.895913797652415411, -12.31670401296927331, 0.000000000000000000 ) ) ;
#6056 = CARTESIAN_POINT ( 'NONE',  ( -11.91079326901028779, -0.7828886122849891827, 0.000000000000000000 ) ) ;
#6057 = CARTESIAN_POINT ( 'NONE',  ( -6.367618434587577703, 10.09620455160486507, 8.000000000000000000 ) ) ;
#6058 = CARTESIAN_POINT ( 'NONE',  ( 10.48771353560516140, 6.492081297254581607, 0.000000000000000000 ) ) ;
#6059 = CARTESIAN_POINT ( 'NONE',  ( -6.352286767647596477, 10.05932550694759620, 8.000000000000000000 ) ) ;
#6060 = DIRECTION ( 'NONE',  ( -0.7237771210982808512, -0.1939354950984088499, 0.6622202826217418181 ) ) ;
#6061 = CARTESIAN_POINT ( 'NONE',  ( -11.96219333340840052, -6.628700411335519682, 0.000000000000000000 ) ) ;
#6062 = CYLINDRICAL_SURFACE ( 'NONE', #3168, 0.9999999999999996669 ) ;
#6063 = CARTESIAN_POINT ( 'NONE',  ( 11.73452356626235193, 4.965029436117633033, 8.000000000000000000 ) ) ;
#6064 = VERTEX_POINT ( 'NONE', #655 ) ;
#6065 = CARTESIAN_POINT ( 'NONE',  ( 13.87909068270531776, 33.97616069378150883, -13.28425026110750373 ) ) ;
#6066 = AXIS2_PLACEMENT_3D ( 'NONE', #4815, #4320, #6771 ) ;
#6067 = CARTESIAN_POINT ( 'NONE',  ( 11.34404188716879958, 6.619621129381319413, 0.000000000000000000 ) ) ;
#6068 = VECTOR ( 'NONE', #2132, 999.9999999999998863 ) ;
#6069 = DIRECTION ( 'NONE',  ( 1.000000000000000000, 0.000000000000000000, 0.000000000000000000 ) ) ;
#6070 = CARTESIAN_POINT ( 'NONE',  ( -0.7736152328233113495, -11.87194576742586527, 8.000000000000000000 ) ) ;
#6071 = CARTESIAN_POINT ( 'NONE',  ( 12.39393210985507565, 5.781365353101088900, 8.000000000000000000 ) ) ;
#6072 = CARTESIAN_POINT ( 'NONE',  ( -12.78342018721907714, 1.143751547996426421, 0.000000000000000000 ) ) ;
#6073 = DIRECTION ( 'NONE',  ( 0.6898720223047382083, -0.2241530079268372611, 0.6883545756937495819 ) ) ;
#6074 = ORIENTED_EDGE ( 'NONE', *, *, #324, .T. ) ;
#6075 = AXIS2_PLACEMENT_3D ( 'NONE', #2062, #6585, #1401 ) ;
#6076 = CARTESIAN_POINT ( 'NONE',  ( -8.881356617214141380, 7.313425558786508240, 0.000000000000000000 ) ) ;
#6077 = CIRCLE ( 'NONE', #7123, 10.93750000000000000 ) ;
#6078 = EDGE_CURVE ( 'NONE', #3625, #3658, #781, .T. ) ;
#6079 = CARTESIAN_POINT ( 'NONE',  ( -11.66361783702276966, 2.940710835118423017, 0.000000000000000000 ) ) ;
#6080 = EDGE_CURVE ( 'NONE', #1953, #7352, #5116, .T. ) ;
#6081 = CARTESIAN_POINT ( 'NONE',  ( -11.30699639290205560, -4.580317944817435816, 0.000000000000000000 ) ) ;
#6082 = DIRECTION ( 'NONE',  ( -0.9510565162951556406, 0.3090169943749411785, 0.000000000000000000 ) ) ;
#6083 = CARTESIAN_POINT ( 'NONE',  ( -9.582420452220571150, -8.262247439007857963, 0.000000000000000000 ) ) ;
#6084 = ORIENTED_EDGE ( 'NONE', *, *, #6025, .F. ) ;
#6085 = VECTOR ( 'NONE', #3348, 1000.000000000000114 ) ;
#6086 = CARTESIAN_POINT ( 'NONE',  ( -6.600657436018073199, -11.11931436071740187, 0.000000000000000000 ) ) ;
#6087 = DIRECTION ( 'NONE',  ( -1.000000000000000000, 0.000000000000000000, 0.000000000000000000 ) ) ;
#6088 = DIRECTION ( 'NONE',  ( 0.7237771210982809622, 0.1939354950984082115, -0.6622202826217418181 ) ) ;
#6089 = DIRECTION ( 'NONE',  ( 1.000000000000000000, 0.000000000000000000, 0.000000000000000000 ) ) ;
#6090 = CARTESIAN_POINT ( 'NONE',  ( -5.581155335976941245, 12.25290083038837352, 0.000000000000000000 ) ) ;
#6091 = DIRECTION ( 'NONE',  ( 0.6358978297198961682, 0.000000000000000000, 0.7717732504806873450 ) ) ;
#6092 = CARTESIAN_POINT ( 'NONE',  ( 8.439220299576927431, 9.669723885497100824, 0.000000000000000000 ) ) ;
#6093 = ORIENTED_EDGE ( 'NONE', *, *, #6078, .F. ) ;
#6094 = CARTESIAN_POINT ( 'NONE',  ( 11.77637575328567010, 2.941794575437405967, -5.204170427930421283E-15 ) ) ;
#6095 = ORIENTED_EDGE ( 'NONE', *, *, #5413, .F. ) ;
#6096 = CARTESIAN_POINT ( 'NONE',  ( -9.126433365741101866, -7.577720000373735054, 0.000000000000000000 ) ) ;
#6097 = AXIS2_PLACEMENT_3D ( 'NONE', #165, #2185, #3969 ) ;
#6098 =( BOUNDED_CURVE ( )  B_SPLINE_CURVE ( 3, ( #4663, #7280, #2217, #4122 ),
 .UNSPECIFIED., .F., .F. ) 
 B_SPLINE_CURVE_WITH_KNOTS ( ( 4, 4 ),
 ( 1.570796326794897446, 1.778188548714427775 ),
 .UNSPECIFIED. ) 
 CURVE ( )  GEOMETRIC_REPRESENTATION_ITEM ( )  RATIONAL_B_SPLINE_CURVE ( ( 1.000000000000000000, 0.9964189161646830328, 0.9964189161646830328, 1.000000000000000000 ) ) 
 REPRESENTATION_ITEM ( '' )  );
#6099 = CARTESIAN_POINT ( 'NONE',  ( 16.27412559093743383, 46.25467975983527680, 0.9790888343690954398 ) ) ;
#6100 = CARTESIAN_POINT ( 'NONE',  ( -2.759358130927253239, -12.95019774290651604, 8.000000000000000000 ) ) ;
#6101 = DIRECTION ( 'NONE',  ( -1.000000000000000000, 0.000000000000000000, 0.000000000000000000 ) ) ;
#6102 = CARTESIAN_POINT ( 'NONE',  ( -6.625183064395903543, 12.04862852623657332, 8.000000000000000000 ) ) ;
#6103 = CARTESIAN_POINT ( 'NONE',  ( 9.442776183394540723, 5.916238915412332489, 0.000000000000000000 ) ) ;
#6104 = CARTESIAN_POINT ( 'NONE',  ( -6.575057906251736028, 10.91417308631843142, 0.000000000000000000 ) ) ;
#6105 = CARTESIAN_POINT ( 'NONE',  ( -10.09620455160488461, 6.367618434587540399, 0.000000000000000000 ) ) ;
#6106 = CARTESIAN_POINT ( 'NONE',  ( -12.51119373526728218, 2.862521721341717118, 0.000000000000000000 ) ) ;
#6107 = ORIENTED_EDGE ( 'NONE', *, *, #6939, .F. ) ;
#6108 = CARTESIAN_POINT ( 'NONE',  ( 11.36047427339658711, 4.622531273494663751, 8.000000000000000000 ) ) ;
#6109 = ORIENTED_EDGE ( 'NONE', *, *, #2826, .T. ) ;
#6110 = CARTESIAN_POINT ( 'NONE',  ( 11.16457150618543892, 4.476617511824165341, 0.000000000000000000 ) ) ;
#6111 = CARTESIAN_POINT ( 'NONE',  ( 0.000000000000000000, 0.000000000000000000, 8.000000000000000000 ) ) ;
#6112 = B_SPLINE_CURVE_WITH_KNOTS ( 'NONE', 3,
 ( #6609, #5909, #4075, #2794, #5952, #7272, #1592, #7939, #5281, #4695, #6648, #2752, #276, #1507, #3369, #4155, #4115, #5991, #978, #7314, #3488, #5406, #1633, #6568, #231, #2255, #2872, #6031, #1019 ),
 .UNSPECIFIED., .F., .F.,
 ( 4, 1, 1, 1, 1, 1, 1, 1, 1, 1, 1, 1, 1, 1, 1, 1, 1, 1, 1, 1, 1, 1, 1, 1, 1, 1, 4 ),
 ( 0.4925683021330547473, 0.5024463643869940821, 0.5250929155847819940, 0.5469717870834428508, 0.5680829788830696891, 0.5884264909837645385, 0.6080023233856429732, 0.6268104760888334459, 0.6448509490934806188, 0.6621237423997496929, 0.6786288560078284071, 0.6943662899179314785, 0.7093360441303072639, 0.7235381186452435331, 0.7369725134630787933, 0.7496392285842117253, 0.7615382640091191702, 0.7726696197383760012, 0.7830332957726851006, 0.7926292921129175495, 0.8014576087601730237, 0.8095182457158636158, 0.8168112029818485054, 0.8233364805606433467, 0.8290940784557681020, 0.8340839966723704313, 1.000000000000000000 ),
 .UNSPECIFIED. ) ;
#6113 = CARTESIAN_POINT ( 'NONE',  ( 10.00078975079864740, 9.328340841224395774, 8.000000000000000000 ) ) ;
#6114 = CARTESIAN_POINT ( 'NONE',  ( 2.817469215210370415, -12.72257526253002702, 0.000000000000000000 ) ) ;
#6115 = CARTESIAN_POINT ( 'NONE',  ( 6.622827502596351223, -8.704427730807662300, 8.000000000000000000 ) ) ;
#6116 = CARTESIAN_POINT ( 'NONE',  ( -4.622531273494543846, 11.36047427339663862, 8.000000000000000000 ) ) ;
#6117 = ORIENTED_EDGE ( 'NONE', *, *, #4823, .F. ) ;
#6118 = CARTESIAN_POINT ( 'NONE',  ( -12.95019774290650716, 2.759358130927302533, 8.000000000000000000 ) ) ;
#6119 = ADVANCED_FACE ( 'NONE', ( #69 ), #6427, .T. ) ;
#6120 = LINE ( 'NONE', #1720, #2951 ) ;
#6121 = FACE_BOUND ( 'NONE', #6819, .T. ) ;
#6122 = CARTESIAN_POINT ( 'NONE',  ( 7.968244849358954163, -9.415217936709856517, 8.000000000000000000 ) ) ;
#6123 = CARTESIAN_POINT ( 'NONE',  ( -9.221936103764004855, -9.969200282348005260, 8.000000000000000000 ) ) ;
#6124 = CARTESIAN_POINT ( 'NONE',  ( 4.507497455256186392, -11.20891349420028860, 8.000000000000000000 ) ) ;
#6125 = ORIENTED_EDGE ( 'NONE', *, *, #1402, .T. ) ;
#6126 = CARTESIAN_POINT ( 'NONE',  ( 9.497099640846757396, -8.105411651555723296, 8.000000000000000000 ) ) ;
#6127 = EDGE_CURVE ( 'NONE', #6828, #977, #360, .T. ) ;
#6128 = CARTESIAN_POINT ( 'NONE',  ( 8.704427730807783092, -6.622827502596191351, 8.000000000000000000 ) ) ;
#6129 = CARTESIAN_POINT ( 'NONE',  ( 9.221936103763930248, 9.969200282348072761, -5.204170427930421283E-15 ) ) ;
#6130 = CARTESIAN_POINT ( 'NONE',  ( 6.560248542580159103, -10.81899503309350585, 0.000000000000000000 ) ) ;
#6131 = CARTESIAN_POINT ( 'NONE',  ( -5.781365353078096625, 12.39393210983940463, 0.000000000000000000 ) ) ;
#6132 = CARTESIAN_POINT ( 'NONE',  ( 7.602055376515436613, 33.94023338327460237, 16.81956797235095280 ) ) ;
#6133 = CARTESIAN_POINT ( 'NONE',  ( -12.44755643926125188, -0.9751606640715865248, 8.000000000000000000 ) ) ;
#6134 = VERTEX_POINT ( 'NONE', #2877 ) ;
#6135 = CARTESIAN_POINT ( 'NONE',  ( 12.61481170127146889, 2.841541163098181055, 8.000000000000000000 ) ) ;
#6136 = VERTEX_POINT ( 'NONE', #3533 ) ;
#6137 = CARTESIAN_POINT ( 'NONE',  ( 11.02139818175206720, -4.386616976970844739, 8.000000000000000000 ) ) ;
#6138 = ORIENTED_EDGE ( 'NONE', *, *, #514, .T. ) ;
#6139 = CARTESIAN_POINT ( 'NONE',  ( -13.64173013562592374, -1.722120468130946103, 8.000000000000000000 ) ) ;
#6140 = AXIS2_PLACEMENT_3D ( 'NONE', #1812, #3712, #5862 ) ;
#6141 = CARTESIAN_POINT ( 'NONE',  ( 4.181492356296905299, 32.83768711784735927, -11.85810654311804058 ) ) ;
#6142 = CARTESIAN_POINT ( 'NONE',  ( -12.16898868378441456, -0.8620871873792715911, 0.000000000000000000 ) ) ;
#6143 = CARTESIAN_POINT ( 'NONE',  ( 13.19240964486750478, 35.07977428423644994, 20.61674124897449900 ) ) ;
#6144 = CARTESIAN_POINT ( 'NONE',  ( -1.600954125870927891, 13.48577048812304113, 0.000000000000000000 ) ) ;
#6145 = CARTESIAN_POINT ( 'NONE',  ( -6.492081297254468808, 10.48771353560523600, 8.000000000000000000 ) ) ;
#6146 = CARTESIAN_POINT ( 'NONE',  ( -11.46368139467879033, 6.626136714284629470, 0.000000000000000000 ) ) ;
#6147 = CARTESIAN_POINT ( 'NONE',  ( 9.126433365741213777, -7.577720000373604492, 0.000000000000000000 ) ) ;
#6148 = FACE_OUTER_BOUND ( 'NONE', #3450, .T. ) ;
#6149 = CARTESIAN_POINT ( 'NONE',  ( -10.81899503309357691, 6.560248542580040088, 0.000000000000000000 ) ) ;
#6150 = ORIENTED_EDGE ( 'NONE', *, *, #3014, .T. ) ;
#6151 = CARTESIAN_POINT ( 'NONE',  ( 13.86841853574004801, 34.01824206553880003, -13.30623017980263612 ) ) ;
#6152 = CYLINDRICAL_SURFACE ( 'NONE', #6815, 10.93750000000000178 ) ;
#6153 = DIRECTION ( 'NONE',  ( 0.000000000000000000, 0.000000000000000000, -1.000000000000000000 ) ) ;
#6154 = EDGE_CURVE ( 'NONE', #2216, #4373, #7902, .T. ) ;
#6155 = CARTESIAN_POINT ( 'NONE',  ( -0.8857088747961671116, -12.23289380645680424, 8.000000000000000000 ) ) ;
#6156 = VECTOR ( 'NONE', #752, 1000.000000000000000 ) ;
#6157 = CARTESIAN_POINT ( 'NONE',  ( 12.43077374743273467, 5.836552422577614863, 8.000000000000000000 ) ) ;
#6158 = DIRECTION ( 'NONE',  ( 0.000000000000000000, 0.000000000000000000, 1.000000000000000000 ) ) ;
#6159 = CARTESIAN_POINT ( 'NONE',  ( -4.161888422927099818, 10.33666240664860503, 8.000000000000000000 ) ) ;
#6160 = ORIENTED_EDGE ( 'NONE', *, *, #2210, .F. ) ;
#6161 = AXIS2_PLACEMENT_3D ( 'NONE', #3959, #7617, #4161 ) ;
#6162 = CARTESIAN_POINT ( 'NONE',  ( -11.98057174878964126, 2.933454507433523428, 8.000000000000000000 ) ) ;
#6163 = CARTESIAN_POINT ( 'NONE',  ( -11.20891349420030636, -4.507497455256148200, 0.000000000000000000 ) ) ;
#6164 = CARTESIAN_POINT ( 'NONE',  ( -5.286606996006893766, -12.02324651265883482, 8.000000000000000000 ) ) ;
#6165 = CARTESIAN_POINT ( 'NONE',  ( -11.36047427339662441, -4.622531273494584703, 0.000000000000000000 ) ) ;
#6166 = DIRECTION ( 'NONE',  ( 0.7557820683608867940, 0.2025111948712233767, 0.6227219934256129630 ) ) ;
#6167 = CARTESIAN_POINT ( 'NONE',  ( -9.301941798724749688, -7.798144649837225550, 8.000000000000000000 ) ) ;
#6168 = VERTEX_POINT ( 'NONE', #4039 ) ;
#6169 = CARTESIAN_POINT ( 'NONE',  ( 9.801135538539572423, -8.743249532614775887, 8.000000000000000000 ) ) ;
#6170 = CIRCLE ( 'NONE', #2320, 13.75000000000000000 ) ;
#6171 = CARTESIAN_POINT ( 'NONE',  ( 8.704427730807637431, 6.622827502596381422, 8.000000000000000000 ) ) ;
#6172 = CARTESIAN_POINT ( 'NONE',  ( 11.30699639290211600, -4.580317944817275944, 0.000000000000000000 ) ) ;
#6173 = CARTESIAN_POINT ( 'NONE',  ( 1.300400673318188760, 55.49728015868494424, 16.37100230941131684 ) ) ;
#6174 = CARTESIAN_POINT ( 'NONE',  ( 6.188310439741584901, 9.051151497649703614, 8.000000000000000000 ) ) ;
#6175 = CARTESIAN_POINT ( 'NONE',  ( 11.56976343863538759, -2.936066220363934054, 8.000000000000000000 ) ) ;
#6176 = CARTESIAN_POINT ( 'NONE',  ( -13.37787302532244915, -1.521639563755461833, 8.000000000000000000 ) ) ;
#6177 = CARTESIAN_POINT ( 'NONE',  ( 12.04862852623650404, 6.625183064396031440, 8.000000000000000000 ) ) ;
#6178 = ORIENTED_EDGE ( 'NONE', *, *, #691, .F. ) ;
#6179 = CARTESIAN_POINT ( 'NONE',  ( -11.94884645308974136, -5.198761634262900166, 8.000000000000000000 ) ) ;
#6180 = ADVANCED_FACE ( 'NONE', ( #3455 ), #7357, .F. ) ;
#6181 = ORIENTED_EDGE ( 'NONE', *, *, #2841, .T. ) ;
#6182 = EDGE_CURVE ( 'NONE', #6251, #4255, #2836, .T. ) ;
#6183 = CARTESIAN_POINT ( 'NONE',  ( -7.604022508570377425, 9.149886257342894069, 0.000000000000000000 ) ) ;
#6184 = CARTESIAN_POINT ( 'NONE',  ( -2.886444749236990681, -11.13701600410304948, 0.000000000000000000 ) ) ;
#6185 = CYLINDRICAL_SURFACE ( 'NONE', #7147, 13.75000000000000000 ) ;
#6186 = CARTESIAN_POINT ( 'NONE',  ( -8.972047302895360232, -9.886832010614828192, 0.000000000000000000 ) ) ;
#6187 = CARTESIAN_POINT ( 'NONE',  ( -1.195724957047537451, -12.87548337994386038, 0.000000000000000000 ) ) ;
#6188 = CARTESIAN_POINT ( 'NONE',  ( 11.94851111591041892, 35.51828098882432272, 18.69361315976190596 ) ) ;
#6189 = LINE ( 'NONE', #8164, #3645 ) ;
#6190 = CARTESIAN_POINT ( 'NONE',  ( 9.625916629980816097, -8.348190801685102969, 0.000000000000000000 ) ) ;
#6191 = CARTESIAN_POINT ( 'NONE',  ( -11.91079326901029489, 0.7828886122849056939, 0.000000000000000000 ) ) ;
#6192 = CARTESIAN_POINT ( 'NONE',  ( 8.066441933275781295, 34.53415948122438550, -13.00000000000000178 ) ) ;
#6193 = ORIENTED_EDGE ( 'NONE', *, *, #561, .F. ) ;
#6194 = CARTESIAN_POINT ( 'NONE',  ( -12.09884006967987169, 5.379567626064770458, 0.000000000000000000 ) ) ;
#6195 = CARTESIAN_POINT ( 'NONE',  ( 11.71764203423208883, 2.941792002709162634, 8.000000000000000000 ) ) ;
#6196 = CARTESIAN_POINT ( 'NONE',  ( -12.44755643926126254, 0.9751606640714993723, 0.000000000000000000 ) ) ;
#6197 = CARTESIAN_POINT ( 'NONE',  ( -0.8857088747961671116, -12.23289380645680424, 0.000000000000000000 ) ) ;
#6198 = CARTESIAN_POINT ( 'NONE',  ( 12.33100786788142322, 5.689930116769447821, 8.000000000000000000 ) ) ;
#6199 = PERSON_AND_ORGANIZATION ( #316, #4205 ) ;
#6200 = CARTESIAN_POINT ( 'NONE',  ( -6.626136714284590390, -11.46368139467881342, 8.000000000000000000 ) ) ;
#6201 = ORIENTED_EDGE ( 'NONE', *, *, #3954, .T. ) ;
#6202 = B_SPLINE_CURVE_WITH_KNOTS ( 'NONE', 3,
 ( #7229, #6691, #6076, #7818, #5325, #2127, #4655, #7189, #4034, #895, #4738, #7857, #2169, #1550, #940, #3451, #314, #7898, #2832, #5366, #2208, #3228, #5890, #3930, #713, #7754, #1331, #4639, #1451 ),
 .UNSPECIFIED., .F., .F.,
 ( 4, 1, 1, 1, 1, 1, 1, 1, 1, 1, 1, 1, 1, 1, 1, 1, 1, 1, 1, 1, 1, 1, 1, 1, 1, 1, 4 ),
 ( 0.000000000000000000, 0.1659160033276295965, 0.1709059215442318702, 0.1766635194393565977, 0.1831887970181514669, 0.1904817542841364120, 0.1985423912398269763, 0.2073707078870824227, 0.2169667042273148716, 0.2273303802616240543, 0.2384617359908808021, 0.2503607714157882191, 0.2630274865369212067, 0.2764618813547564669, 0.2906639558696927361, 0.3056337100820685215, 0.3213711439921715929, 0.3378762576002502516, 0.3551490509065193812, 0.3731895239111665541, 0.3919976766143570268, 0.4115735090162354615, 0.4319170211169303109, 0.4530282129165571492, 0.4749070844152180060, 0.4975536356130058624, 0.5074316978669445311 ),
 .UNSPECIFIED. ) ;
#6203 = EDGE_CURVE ( 'NONE', #7760, #1256, #6989, .T. ) ;
#6204 = AXIS2_PLACEMENT_3D ( 'NONE', #3262, #7835, #7206 ) ;
#6205 = CARTESIAN_POINT ( 'NONE',  ( 13.64173013562594505, -1.722120468130754700, 8.000000000000000000 ) ) ;
#6206 = CARTESIAN_POINT ( 'NONE',  ( -10.33666240664859082, -4.161888422927137121, 8.000000000000000000 ) ) ;
#6207 = CARTESIAN_POINT ( 'NONE',  ( -4.622531273494459469, -11.36047427339667237, 8.000000000000000000 ) ) ;
#6208 = CARTESIAN_POINT ( 'NONE',  ( -0.9123192481543054289, 12.30068812565076364, 0.000000000000000000 ) ) ;
#6209 = AXIS2_PLACEMENT_3D ( 'NONE', #4, #6230, #3066 ) ;
#6210 = CARTESIAN_POINT ( 'NONE',  ( -8.262247439007758487, -9.582420452220659968, 8.000000000000000000 ) ) ;
#6211 = CARTESIAN_POINT ( 'NONE',  ( 0.000000000000000000, 0.000000000000000000, 8.000000000000000000 ) ) ;
#6212 = EDGE_CURVE ( 'NONE', #4215, #1159, #862, .T. ) ;
#6213 = ORIENTED_EDGE ( 'NONE', *, *, #3773, .F. ) ;
#6214 = CARTESIAN_POINT ( 'NONE',  ( 9.376012365377921043, -7.906868104073965675, 8.000000000000000000 ) ) ;
#6215 = DIRECTION ( 'NONE',  ( -0.6396556736767859963, -0.1713952211956810967, 0.7493092133988348280 ) ) ;
#6216 = APPROVAL_PERSON_ORGANIZATION ( #15, #4098, #3193 ) ;
#6217 = CARTESIAN_POINT ( 'NONE',  ( 9.411632514553422979, 10.02415449856000507, 8.000000000000000000 ) ) ;
#6218 = EDGE_CURVE ( 'NONE', #3212, #4215, #2609, .T. ) ;
#6219 = CARTESIAN_POINT ( 'NONE',  ( 12.17545110014134657, -5.477724940116727836, 8.000000000000000000 ) ) ;
#6220 = CARTESIAN_POINT ( 'NONE',  ( 11.83979557596826382, -2.940530670474117869, -5.204170427930421283E-15 ) ) ;
#6221 = DIRECTION ( 'NONE',  ( 0.000000000000000000, -0.000000000000000000, -1.000000000000000000 ) ) ;
#6222 = CARTESIAN_POINT ( 'NONE',  ( 8.181339682156046678, -9.539420412438852637, 0.000000000000000000 ) ) ;
#6223 = VERTEX_POINT ( 'NONE', #5329 ) ;
#6224 = CARTESIAN_POINT ( 'NONE',  ( -9.669723885496946281, -8.439220299577099738, 0.000000000000000000 ) ) ;
#6225 = VERTEX_POINT ( 'NONE', #1638 ) ;
#6226 = CARTESIAN_POINT ( 'NONE',  ( -9.328340841197686473, 10.00078975079085097, 0.000000000000000000 ) ) ;
#6227 = CARTESIAN_POINT ( 'NONE',  ( -11.83751175313649817, -0.7661213205046906172, 0.000000000000000000 ) ) ;
#6228 = CARTESIAN_POINT ( 'NONE',  ( -8.743249532614813191, -9.801135538539540448, 0.000000000000000000 ) ) ;
#6229 = CARTESIAN_POINT ( 'NONE',  ( 10.13775510802960866, 6.383929952666293595, 0.000000000000000000 ) ) ;
#6230 = DIRECTION ( 'NONE',  ( 0.000000000000000000, 0.000000000000000000, -1.000000000000000000 ) ) ;
#6231 = CARTESIAN_POINT ( 'NONE',  ( -8.704427730807735131, 6.622827502596257077, 0.000000000000000000 ) ) ;
#6232 = CARTESIAN_POINT ( 'NONE',  ( 10.01877448793502978, -9.392211555323736860, 0.000000000000000000 ) ) ;
#6233 = ORIENTED_EDGE ( 'NONE', *, *, #2399, .F. ) ;
#6234 = VECTOR ( 'NONE', #2476, 1000.000000000000227 ) ;
#6235 = CARTESIAN_POINT ( 'NONE',  ( 11.41882079916532966, 35.43242669106265907, -13.00000000000000178 ) ) ;
#6236 = ORIENTED_EDGE ( 'NONE', *, *, #5445, .T. ) ;
#6237 = CARTESIAN_POINT ( 'NONE',  ( -11.53698844606707041, 4.773939382172954993, 8.000000000000000000 ) ) ;
#6238 = EDGE_CURVE ( 'NONE', #430, #2879, #403, .T. ) ;
#6239 = PLANE ( 'NONE',  #7868 ) ;
#6240 = CARTESIAN_POINT ( 'NONE',  ( -13.57387004037416389, 1.668469543058175075, 8.000000000000000000 ) ) ;
#6241 = CARTESIAN_POINT ( 'NONE',  ( -1.011712205768922956, -12.52642403931682580, 8.000000000000000000 ) ) ;
#6242 = CARTESIAN_POINT ( 'NONE',  ( 11.02139818175197483, 4.386616976971076554, 0.000000000000000000 ) ) ;
#6243 = CARTESIAN_POINT ( 'NONE',  ( 9.411632514553645024, -10.02415449855979723, 8.000000000000000000 ) ) ;
#6244 = ORIENTED_EDGE ( 'NONE', *, *, #5976, .F. ) ;
#6245 = CARTESIAN_POINT ( 'NONE',  ( 11.83751175313651061, -0.7661213205045251939, 8.000000000000000000 ) ) ;
#6246 = CARTESIAN_POINT ( 'NONE',  ( 5.853360337646514644, -12.44189184801357584, 8.000000000000000000 ) ) ;
#6247 = CARTESIAN_POINT ( 'NONE',  ( -4.773939382172911472, -11.53698844606708640, 8.000000000000000000 ) ) ;
#6248 = CARTESIAN_POINT ( 'NONE',  ( 7.798144649837262854, -9.301941798724717714, 8.000000000000000000 ) ) ;
#6249 = CARTESIAN_POINT ( 'NONE',  ( -8.439220299577000262, -9.669723885497038651, 8.000000000000000000 ) ) ;
#6250 = CARTESIAN_POINT ( 'NONE',  ( 6.225039537466520834, 54.47257841560125513, -10.35565938257814977 ) ) ;
#6251 = VERTEX_POINT ( 'NONE', #4158 ) ;
#6252 = CARTESIAN_POINT ( 'NONE',  ( -6.630420918280039544, -11.58812316373727747, 0.000000000000000000 ) ) ;
#6253 = CARTESIAN_POINT ( 'NONE',  ( 9.301941798724861599, -7.798144649837091436, -5.204170427930421283E-15 ) ) ;
#6254 = FACE_OUTER_BOUND ( 'NONE', #3242, .T. ) ;
#6255 = CARTESIAN_POINT ( 'NONE',  ( 11.56976343863532541, 2.936066220364176971, 0.000000000000000000 ) ) ;
#6256 = CARTESIAN_POINT ( 'NONE',  ( -2.941794575437281178, 11.77637575328570385, 8.000000000000000000 ) ) ;
#6257 = LINE ( 'NONE', #579, #2515 ) ;
#6258 = CARTESIAN_POINT ( 'NONE',  ( 10.29093438073238609, 6.436913140481833828, 8.000000000000000000 ) ) ;
#6259 = VERTEX_POINT ( 'NONE', #6571 ) ;
#6260 = CARTESIAN_POINT ( 'NONE',  ( -10.02415449855983454, -9.411632514553605944, 0.000000000000000000 ) ) ;
#6261 = ORIENTED_EDGE ( 'NONE', *, *, #7489, .T. ) ;
#6262 = CARTESIAN_POINT ( 'NONE',  ( -13.48577048812303580, -1.600954125870974964, -5.204170427930421283E-15 ) ) ;
#6263 = CARTESIAN_POINT ( 'NONE',  ( 11.66361783702278920, -2.940710835118343969, 8.000000000000000000 ) ) ;
#6264 = CARTESIAN_POINT ( 'NONE',  ( 14.20163045053355333, 35.08697384088382165, 22.71566719992842209 ) ) ;
#6265 = CARTESIAN_POINT ( 'NONE',  ( -11.46368139467874236, -6.626136714284709406, 0.000000000000000000 ) ) ;
#6266 = CARTESIAN_POINT ( 'NONE',  ( 13.62596226217980799, 1.709570872969647937, 0.000000000000000000 ) ) ;
#6267 = CARTESIAN_POINT ( 'NONE',  ( -9.149886257342917162, 7.604022508570341898, 0.000000000000000000 ) ) ;
#6268 = B_SPLINE_CURVE_WITH_KNOTS ( 'NONE', 3,
 ( #2968, #4250, #6174, #328 ),
 .UNSPECIFIED., .F., .F.,
 ( 4, 4 ),
 ( 0.9771174898375216689, 1.000000000000000000 ),
 .UNSPECIFIED. ) ;
#6269 = CARTESIAN_POINT ( 'NONE',  ( 0.9123192481543054289, -12.30068812565076364, 0.000000000000000000 ) ) ;
#6270 = CARTESIAN_POINT ( 'NONE',  ( -12.02849558175090117, 6.626067776680113930, 0.000000000000000000 ) ) ;
#6271 = CARTESIAN_POINT ( 'NONE',  ( -11.08591166683803841, 4.425208852857752895, 8.000000000000000000 ) ) ;
#6272 = CARTESIAN_POINT ( 'NONE',  ( 13.19332579941575467, 2.686824890852877346, 8.000000000000000000 ) ) ;
#6273 = CARTESIAN_POINT ( 'NONE',  ( -12.97053397611295189, 1.251919511749328029, 8.000000000000000000 ) ) ;
#6274 = CARTESIAN_POINT ( 'NONE',  ( -11.11684438996336866, 0.7639867559470293612, 8.000000000000000000 ) ) ;
#6275 = CARTESIAN_POINT ( 'NONE',  ( -13.32045193209910927, 2.644734409370955053, 8.000000000000000000 ) ) ;
#6276 = ADVANCED_FACE ( 'NONE', ( #2919 ), #5163, .T. ) ;
#6277 = ORIENTED_EDGE ( 'NONE', *, *, #401, .T. ) ;
#6278 = CARTESIAN_POINT ( 'NONE',  ( 12.78342018721908602, -1.143751547996336937, 8.000000000000000000 ) ) ;
#6279 = ORIENTED_EDGE ( 'NONE', *, *, #603, .F. ) ;
#6280 = EDGE_CURVE ( 'NONE', #1976, #430, #4198, .T. ) ;
#6281 = CARTESIAN_POINT ( 'NONE',  ( 4.210990906299975300, -10.70664486910367863, 8.000000000000000000 ) ) ;
#6282 = CARTESIAN_POINT ( 'NONE',  ( -4.476617511823964612, -11.16457150618552063, 0.000000000000000000 ) ) ;
#6283 = CARTESIAN_POINT ( 'NONE',  ( -1.251919511749373326, 12.97053397611294656, 8.000000000000000000 ) ) ;
#6284 = CARTESIAN_POINT ( 'NONE',  ( -9.411632514553499362, -10.02415449855993757, 8.000000000000000000 ) ) ;
#6285 = ORIENTED_EDGE ( 'NONE', *, *, #5894, .F. ) ;
#6286 = CARTESIAN_POINT ( 'NONE',  ( 0.000000000000000000, 0.000000000000000000, 0.000000000000000000 ) ) ;
#6287 = CARTESIAN_POINT ( 'NONE',  ( 11.91079326901028246, 0.7828886122850723384, 8.000000000000000000 ) ) ;
#6288 = ORIENTED_EDGE ( 'NONE', *, *, #2474, .T. ) ;
#6289 = CARTESIAN_POINT ( 'NONE',  ( -6.527568552596078710, -10.64346975476068913, 8.000000000000000000 ) ) ;
#6290 = CARTESIAN_POINT ( 'NONE',  ( 9.713655369616260415, -8.535381057717465580, 8.000000000000000000 ) ) ;
#6291 = DIRECTION ( 'NONE',  ( -0.6396556736767861073, -0.1713952211956810967, 0.7493092133988347170 ) ) ;
#6292 = CARTESIAN_POINT ( 'NONE',  ( 12.13967088095515301, 2.919073574173224994, 0.000000000000000000 ) ) ;
#6293 = CARTESIAN_POINT ( 'NONE',  ( 11.61432090236923997, -2.938739567862257207, -5.204170427930421283E-15 ) ) ;
#6294 = CARTESIAN_POINT ( 'NONE',  ( 8.743249532614955299, -9.801135538539412551, 0.000000000000000000 ) ) ;
#6295 = EDGE_LOOP ( 'NONE', ( #6316, #3156, #7992, #5471, #3590, #6512, #3251, #6277 ) ) ;
#6296 = B_SPLINE_CURVE_WITH_KNOTS ( 'NONE', 3,
 ( #4180, #8005, #2242, #4767, #229, #2986, #1048, #2749, #7145, #3032, #1467, #7301, #1004, #3557, #427, #4142, #6676, #3516, #7769, #1749, #3602, #6522, #8047, #2941, #4265, #6762, #6061, #387, #1089 ),
 .UNSPECIFIED., .F., .F.,
 ( 4, 1, 1, 1, 1, 1, 1, 1, 1, 1, 1, 1, 1, 1, 1, 1, 1, 1, 1, 1, 1, 1, 1, 1, 1, 1, 4 ),
 ( 0.000000000000000000, 0.1659160033276295965, 0.1709059215442318702, 0.1766635194393565977, 0.1831887970181514669, 0.1904817542841364120, 0.1985423912398269763, 0.2073707078870824227, 0.2169667042273148716, 0.2273303802616240543, 0.2384617359908808021, 0.2503607714157882191, 0.2630274865369212067, 0.2764618813547564669, 0.2906639558696927361, 0.3056337100820685215, 0.3213711439921715929, 0.3378762576002502516, 0.3551490509065193812, 0.3731895239111665541, 0.3919976766143570268, 0.4115735090162354615, 0.4319170211169303109, 0.4530282129165571492, 0.4749070844152180060, 0.4975536356130058624, 0.5074316978669451972 ),
 .UNSPECIFIED. ) ;
#6297 = CARTESIAN_POINT ( 'NONE',  ( 10.70664486910374968, -4.210990906299789671, 0.000000000000000000 ) ) ;
#6298 = EDGE_CURVE ( 'NONE', #6857, #7681, #487, .T. ) ;
#6299 = ORIENTED_EDGE ( 'NONE', *, *, #426, .F. ) ;
#6300 = CARTESIAN_POINT ( 'NONE',  ( -2.577692551524129794, 13.50622083004039276, 0.000000000000000000 ) ) ;
#6301 = CARTESIAN_POINT ( 'NONE',  ( 11.52995163726280303, -2.932881190150406603, 8.000000000000000000 ) ) ;
#6302 = CARTESIAN_POINT ( 'NONE',  ( 2.941792002709121778, -11.71764203423209771, 8.000000000000000000 ) ) ;
#6303 = CARTESIAN_POINT ( 'NONE',  ( 10.81899503309348276, 6.560248542580196407, 0.000000000000000000 ) ) ;
#6304 = CARTESIAN_POINT ( 'NONE',  ( -6.628700411335480602, 11.96219333340842539, 8.000000000000000000 ) ) ;
#6305 = CARTESIAN_POINT ( 'NONE',  ( -9.625916629980753925, 8.348190801685175799, 8.000000000000000000 ) ) ;
#6306 = CARTESIAN_POINT ( 'NONE',  ( 0.8074739252556281111, -12.00148937107102753, 0.000000000000000000 ) ) ;
#6307 = B_SPLINE_CURVE_WITH_KNOTS ( 'NONE', 3,
 ( #207, #2724, #3386, #3465, #6004, #2808, #5341, #7874, #7456, #8033, #6703, #4876, #1735, #2352, #1032, #454, #4210, #3544, #6092, #3633, #3587, #5594, #5465, #6790, #8075, #1775, #4129, #991, #2929 ),
 .UNSPECIFIED., .F., .F.,
 ( 4, 1, 1, 1, 1, 1, 1, 1, 1, 1, 1, 1, 1, 1, 1, 1, 1, 1, 1, 1, 1, 1, 1, 1, 1, 1, 4 ),
 ( 0.000000000000000000, 0.1659160033276295965, 0.1709059215442318702, 0.1766635194393565977, 0.1831887970181514669, 0.1904817542841364120, 0.1985423912398269763, 0.2073707078870824227, 0.2169667042273148716, 0.2273303802616240543, 0.2384617359908808021, 0.2503607714157882191, 0.2630274865369212067, 0.2764618813547564669, 0.2906639558696927361, 0.3056337100820685215, 0.3213711439921715929, 0.3378762576002502516, 0.3551490509065193812, 0.3731895239111665541, 0.3919976766143570268, 0.4115735090162354615, 0.4319170211169303109, 0.4530282129165571492, 0.4749070844152180060, 0.4975536356130058624, 0.5074316978669450862 ),
 .UNSPECIFIED. ) ;
#6308 = EDGE_CURVE ( 'NONE', #2557, #5040, #3123, .T. ) ;
#6309 = CARTESIAN_POINT ( 'NONE',  ( -11.96219333343618807, 6.628700411334726539, 0.000000000000000000 ) ) ;
#6310 = CARTESIAN_POINT ( 'NONE',  ( 12.39393210983934246, 5.781365353078228075, 0.000000000000000000 ) ) ;
#6311 = CARTESIAN_POINT ( 'NONE',  ( 12.22597347346765417, 2.908682420984034955, 8.000000000000000000 ) ) ;
#6312 = CARTESIAN_POINT ( 'NONE',  ( 10.05932550694766725, -6.352286767647486343, 0.000000000000000000 ) ) ;
#6313 = CARTESIAN_POINT ( 'NONE',  ( 13.43928272065061869, 35.97380783126246939, 22.26686823408739002 ) ) ;
#6314 =( BOUNDED_CURVE ( )  B_SPLINE_CURVE ( 3, ( #5543, #2295, #7232, #4742 ),
 .UNSPECIFIED., .F., .F. ) 
 B_SPLINE_CURVE_WITH_KNOTS ( ( 4, 4 ),
 ( 4.712388980384695891, 4.911137756241378938 ),
 .UNSPECIFIED. ) 
 CURVE ( )  GEOMETRIC_REPRESENTATION_ITEM ( )  RATIONAL_B_SPLINE_CURVE ( ( 1.000000000000000000, 0.9967109516979972827, 0.9967109516979972827, 1.000000000000000000 ) ) 
 REPRESENTATION_ITEM ( '' )  );
#6315 = CARTESIAN_POINT ( 'NONE',  ( -11.49488719732985942, 2.929367628693729575, 8.000000000000000000 ) ) ;
#6316 = ORIENTED_EDGE ( 'NONE', *, *, #532, .T. ) ;
#6317 = AXIS2_PLACEMENT_3D ( 'NONE', #2441, #2400, #3679 ) ;
#6318 = CARTESIAN_POINT ( 'NONE',  ( 12.10906341627277527, -0.8412873393388760057, 8.000000000000000000 ) ) ;
#6319 = ORIENTED_EDGE ( 'NONE', *, *, #5751, .F. ) ;
#6320 = CARTESIAN_POINT ( 'NONE',  ( -0.8412873393390029042, 12.10906341627276639, 8.000000000000000000 ) ) ;
#6321 = CARTESIAN_POINT ( 'NONE',  ( -3.177189042419317655, 54.29751361031517831, 21.61616680320316419 ) ) ;
#6322 = LINE ( 'NONE', #5778, #108 ) ;
#6323 = CARTESIAN_POINT ( 'NONE',  ( -1.011712205768922734, 12.52642403931682580, 0.000000000000000000 ) ) ;
#6324 = DIRECTION ( 'NONE',  ( 0.000000000000000000, 0.000000000000000000, 1.000000000000000000 ) ) ;
#6325 = VERTEX_POINT ( 'NONE', #444 ) ;
#6326 = CARTESIAN_POINT ( 'NONE',  ( 3.149229626029005136, -10.47431425022856821, 8.000000000000000000 ) ) ;
#6327 = VECTOR ( 'NONE', #5411, 1000.000000000000000 ) ;
#6328 = CARTESIAN_POINT ( 'NONE',  ( 10.93483029503508419, 0.2416457505998779731, 8.000000000000000000 ) ) ;
#6329 = ORIENTED_EDGE ( 'NONE', *, *, #6822, .T. ) ;
#6330 = CARTESIAN_POINT ( 'NONE',  ( 13.37787302532243849, 1.521639563755555313, 8.000000000000000000 ) ) ;
#6331 = EDGE_CURVE ( 'NONE', #3117, #4757, #8105, .T. ) ;
#6332 = CIRCLE ( 'NONE', #6066, 10.93750000000000178 ) ;
#6333 = CARTESIAN_POINT ( 'NONE',  ( 11.87581303661966281, -5.115945187291530694, 0.000000000000000000 ) ) ;
#6334 = CARTESIAN_POINT ( 'NONE',  ( 11.98057174878959685, 2.933454507433692626, 0.000000000000000000 ) ) ;
#6335 = CARTESIAN_POINT ( 'NONE',  ( 10.47431425022862150, -3.149229626028823059, 8.000000000000000000 ) ) ;
#6336 = CARTESIAN_POINT ( 'NONE',  ( 11.11931436071728463, 6.600657436018271262, 8.000000000000000000 ) ) ;
#6337 = VERTEX_POINT ( 'NONE', #5030 ) ;
#6338 = AXIS2_PLACEMENT_3D ( 'NONE', #2082, #4614, #6365 ) ;
#6339 = CARTESIAN_POINT ( 'NONE',  ( 12.43077374740204100, -5.836552422531194217, 8.000000000000000000 ) ) ;
#6340 = ORIENTED_EDGE ( 'NONE', *, *, #5825, .F. ) ;
#6342 = CARTESIAN_POINT ( 'NONE',  ( -8.348190801685211326, 9.625916629980727279, 0.000000000000000000 ) ) ;
#6341 = SECURITY_CLASSIFICATION ( '', '', #3815 ) ;
#6343 = CARTESIAN_POINT ( 'NONE',  ( 2.686824890852831604, -13.19332579941576533, 0.000000000000000000 ) ) ;
#6344 = CARTESIAN_POINT ( 'NONE',  ( -8.988499347771060854, -6.231836464888920624, 8.000000000000000000 ) ) ;
#6345 = CARTESIAN_POINT ( 'NONE',  ( 12.87548337994384973, 1.195724957047672010, 0.000000000000000000 ) ) ;
#6346 = CARTESIAN_POINT ( 'NONE',  ( -9.376012365377862423, 7.906868104074034953, 0.000000000000000000 ) ) ;
#6347 = CARTESIAN_POINT ( 'NONE',  ( 1.722120468182739339, -13.64173013569106452, 8.000000000000000000 ) ) ;
#6348 = LINE ( 'NONE', #5176, #7405 ) ;
#6349 = CIRCLE ( 'NONE', #3953, 13.75000000000000000 ) ;
#6350 = CARTESIAN_POINT ( 'NONE',  ( -11.12353076645873706, 4.449236289362055174, 0.000000000000000000 ) ) ;
#6351 = CARTESIAN_POINT ( 'NONE',  ( 13.48734665307393854, 2.584755384919379395, 8.000000000000000000 ) ) ;
#6352 = CARTESIAN_POINT ( 'NONE',  ( 8.881356617214038351, 7.313425558786636138, 0.000000000000000000 ) ) ;
#6353 = CARTESIAN_POINT ( 'NONE',  ( -13.48577048812304824, 1.600954125870881040, 8.000000000000000000 ) ) ;
#6354 = DIRECTION ( 'NONE',  ( -0.3090169943749480619, -0.9510565162951533091, 0.000000000000000000 ) ) ;
#6355 = VERTEX_POINT ( 'NONE', #2426 ) ;
#6356 = VECTOR ( 'NONE', #4847, 1000.000000000000000 ) ;
#6357 = VECTOR ( 'NONE', #8072, 1000.000000000000000 ) ;
#6358 = CARTESIAN_POINT ( 'NONE',  ( 12.30068812565077252, -0.9123192481541766430, 8.000000000000000000 ) ) ;
#6359 = CARTESIAN_POINT ( 'NONE',  ( 5.561414421023324728, 32.82766320188853371, -9.425410871205643915 ) ) ;
#6360 = CARTESIAN_POINT ( 'NONE',  ( -2.940710835118379052, -11.66361783702277855, 0.000000000000000000 ) ) ;
#6361 = CYLINDRICAL_SURFACE ( 'NONE', #4339, 10.93750000000000178 ) ;
#6362 = CARTESIAN_POINT ( 'NONE',  ( 7.798144649837262854, -9.301941798724717714, 0.000000000000000000 ) ) ;
#6363 = DIRECTION ( 'NONE',  ( -0.000000000000000000, -0.000000000000000000, -1.000000000000000000 ) ) ;
#6364 = ORIENTED_EDGE ( 'NONE', *, *, #3994, .T. ) ;
#6365 = DIRECTION ( 'NONE',  ( 1.000000000000000000, 0.000000000000000000, 0.000000000000000000 ) ) ;
#6366 = CARTESIAN_POINT ( 'NONE',  ( 12.10906341627275751, 0.8412873393391296917, 0.000000000000000000 ) ) ;
#6367 = EDGE_CURVE ( 'NONE', #5424, #7760, #6735, .T. ) ;
#6368 = DIRECTION ( 'NONE',  ( -0.5877852522924770229, 0.8090169943749445647, 0.000000000000000000 ) ) ;
#6369 = B_SPLINE_SURFACE_WITH_KNOTS ( 'NONE', 3, 1, ( 
 ( #7557, #3036 ),
 ( #3692, #1872 ),
 ( #2491, #1175 ),
 ( #4313, #4393 ),
 ( #2532, #3729 ),
 ( #6271, #2451 ),
 ( #1289, #6350 ),
 ( #1134, #8091 ),
 ( #6932, #672 ),
 ( #593, #6851 ),
 ( #2567, #4975 ),
 ( #5573, #47 ),
 ( #3188, #7472 ),
 ( #3767, #631 ),
 ( #6237, #3147 ),
 ( #10, #5094 ),
 ( #2412, #558 ),
 ( #4356, #3073 ),
 ( #5054, #7628 ),
 ( #7592, #5611 ),
 ( #4269, #7513 ),
 ( #1908, #4429 ),
 ( #3651, #6194 ),
 ( #1832, #6893 ),
 ( #7922, #2817 ),
 ( #2067, #2689 ),
 ( #5852, #3353 ),
 ( #340, #2858 ),
 ( #7214, #7755 ) ),
 .UNSPECIFIED., .F., .F., .F.,
 ( 4, 1, 1, 1, 1, 1, 1, 1, 1, 1, 1, 1, 1, 1, 1, 1, 1, 1, 1, 1, 1, 1, 1, 1, 1, 1, 4 ),
 ( 2, 2 ),
 ( 0.000000000000000000, 0.1659160033276295965, 0.1709059215442318702, 0.1766635194393565977, 0.1831887970181514669, 0.1904817542841364120, 0.1985423912398269763, 0.2073707078870824227, 0.2169667042273148716, 0.2273303802616240543, 0.2384617359908808021, 0.2503607714157882191, 0.2630274865369212067, 0.2764618813547564669, 0.2906639558696927361, 0.3056337100820685215, 0.3213711439921715929, 0.3378762576002502516, 0.3551490509065193812, 0.3731895239111665541, 0.3919976766143570268, 0.4115735090162354615, 0.4319170211169303109, 0.4530282129165571492, 0.4749070844152180060, 0.4975536356130058624, 0.5074316978669446421 ),
 ( 0.000000000000000000, 1.000000000000000000 ),
 .UNSPECIFIED. ) ;
#6370 = DIRECTION ( 'NONE',  ( 0.2588190451025214611, -0.9659258262890679791, -0.000000000000000000 ) ) ;
#6371 = CYLINDRICAL_SURFACE ( 'NONE', #773, 10.93750000000000178 ) ;
#6372 = CARTESIAN_POINT ( 'NONE',  ( 0.7941151212463513076, -11.95399604505280600, 0.000000000000000000 ) ) ;
#6373 = EDGE_CURVE ( 'NONE', #6251, #480, #4332, .T. ) ;
#6374 = ORIENTED_EDGE ( 'NONE', *, *, #1137, .T. ) ;
#6375 = CARTESIAN_POINT ( 'NONE',  ( 11.08591166683806684, -4.425208852857677400, 0.000000000000000000 ) ) ;
#6376 = EDGE_LOOP ( 'NONE', ( #4613, #6637, #4013, #1623 ) ) ;
#6377 = CARTESIAN_POINT ( 'NONE',  ( -11.91079326901028779, -0.7828886122849891827, -5.204170427930421283E-15 ) ) ;
#6378 = CARTESIAN_POINT ( 'NONE',  ( 11.71764203423215100, -2.941792002708918385, 0.000000000000000000 ) ) ;
#6379 = CARTESIAN_POINT ( 'NONE',  ( 0.7828886122849475493, -11.91079326901029134, 8.000000000000000000 ) ) ;
#6380 = CARTESIAN_POINT ( 'NONE',  ( -10.72875944066941578, -6.544354946388769356, 8.000000000000000000 ) ) ;
#6381 = CARTESIAN_POINT ( 'NONE',  ( -6.625183064395903543, 12.04862852623657332, 0.000000000000000000 ) ) ;
#6382 = CARTESIAN_POINT ( 'NONE',  ( 7.707558585906747695, 9.234787594130889232, 8.000000000000000000 ) ) ;
#6383 = CARTESIAN_POINT ( 'NONE',  ( 23.34520969411062907, 48.90989792884876408, 7.469851245596850653 ) ) ;
#6384 = CARTESIAN_POINT ( 'NONE',  ( 0.8620871873792290696, -12.16898868378441811, 0.000000000000000000 ) ) ;
#6385 = CARTESIAN_POINT ( 'NONE',  ( -4.622531273494459469, -11.36047427339667237, 0.000000000000000000 ) ) ;
#6386 = CARTESIAN_POINT ( 'NONE',  ( -5.379567626064813979, 12.09884006967985393, 8.000000000000000000 ) ) ;
#6387 = CARTESIAN_POINT ( 'NONE',  ( 8.309755431599423758, 35.28300142228546576, -9.043598091517251802 ) ) ;
#6388 = CARTESIAN_POINT ( 'NONE',  ( 9.757522586729452385, 8.636712746112591432, 0.000000000000000000 ) ) ;
#6389 = LINE ( 'NONE', #1493, #8174 ) ;
#6390 = FACE_OUTER_BOUND ( 'NONE', #345, .T. ) ;
#6391 = CARTESIAN_POINT ( 'NONE',  ( -7.850195268865184595, 9.338196514606199372, 8.000000000000000000 ) ) ;
#6392 = ORIENTED_EDGE ( 'NONE', *, *, #1479, .T. ) ;
#6393 = CARTESIAN_POINT ( 'NONE',  ( 6.186699299581528422, -9.699971161946956855, 8.000000000000000000 ) ) ;
#6394 = ADVANCED_FACE ( 'NONE', ( #2703 ), #24, .F. ) ;
#6395 = CARTESIAN_POINT ( 'NONE',  ( -1.195724957047537229, 12.87548337994386038, 8.000000000000000000 ) ) ;
#6396 = CARTESIAN_POINT ( 'NONE',  ( 6.383929952666258956, -10.13775510802962820, 0.000000000000000000 ) ) ;
#6397 = CARTESIAN_POINT ( 'NONE',  ( -9.411632514553570417, 10.02415449855987006, 8.000000000000000000 ) ) ;
#6398 = CARTESIAN_POINT ( 'NONE',  ( -0.7639867559471070768, 11.11684438996312174, 0.000000000000000000 ) ) ;
#6399 = DIRECTION ( 'NONE',  ( 0.000000000000000000, 0.000000000000000000, 1.000000000000000000 ) ) ;
#6400 = ORIENTED_EDGE ( 'NONE', *, *, #177, .T. ) ;
#6401 = CARTESIAN_POINT ( 'NONE',  ( -10.13775510802969748, 6.383929952666147933, 8.000000000000000000 ) ) ;
#6402 = B_SPLINE_CURVE_WITH_KNOTS ( 'NONE', 3,
 ( #164, #3303, #7006, #6499, #4506, #1361, #3968, #6382, #792, #3880, #704, #3218, #3260, #830, #5883, #1484, #5800, #122, #3344, #5300, #1075, #413, #6624, #6047, #990, #1688, #4167, #291, #5340 ),
 .UNSPECIFIED., .F., .F.,
 ( 4, 1, 1, 1, 1, 1, 1, 1, 1, 1, 1, 1, 1, 1, 1, 1, 1, 1, 1, 1, 1, 1, 1, 1, 1, 1, 4 ),
 ( 0.000000000000000000, 0.1659160033276295965, 0.1709059215442318702, 0.1766635194393565977, 0.1831887970181514669, 0.1904817542841364120, 0.1985423912398269763, 0.2073707078870824227, 0.2169667042273148716, 0.2273303802616240543, 0.2384617359908808021, 0.2503607714157882191, 0.2630274865369212067, 0.2764618813547564669, 0.2906639558696927361, 0.3056337100820685215, 0.3213711439921715929, 0.3378762576002502516, 0.3551490509065193812, 0.3731895239111665541, 0.3919976766143570268, 0.4115735090162354615, 0.4319170211169303109, 0.4530282129165571492, 0.4749070844152180060, 0.4975536356130058624, 0.5074316978669450862 ),
 .UNSPECIFIED. ) ;
#6403 = CARTESIAN_POINT ( 'NONE',  ( -3.149229626028931861, 10.47431425022859308, 0.000000000000000000 ) ) ;
#6404 = CARTESIAN_POINT ( 'NONE',  ( -6.383929952666112406, -10.13775510802972057, 8.000000000000000000 ) ) ;
#6405 = CARTESIAN_POINT ( 'NONE',  ( -6.352286767647596477, 10.05932550694759620, 0.000000000000000000 ) ) ;
#6406 = VECTOR ( 'NONE', #4474, 1000.000000000000114 ) ;
#6407 = CARTESIAN_POINT ( 'NONE',  ( 11.34404188716894524, -6.619621129381070723, 8.000000000000000000 ) ) ;
#6408 = CARTESIAN_POINT ( 'NONE',  ( 1.521639563755415203, -13.37787302532245448, 0.000000000000000000 ) ) ;
#6409 = ORIENTED_EDGE ( 'NONE', *, *, #4188, .T. ) ;
#6410 = CARTESIAN_POINT ( 'NONE',  ( 11.73452356626245141, -4.965029436117384343, 8.000000000000000000 ) ) ;
#6411 = ORIENTED_EDGE ( 'NONE', *, *, #6621, .F. ) ;
#6412 = CARTESIAN_POINT ( 'NONE',  ( -10.93483029503508597, -0.2416457505998016175, -5.204170427930421283E-15 ) ) ;
#6413 = CARTESIAN_POINT ( 'NONE',  ( 11.13701600410305659, -2.886444749236957374, 8.000000000000000000 ) ) ;
#6414 = CARTESIAN_POINT ( 'NONE',  ( 0.9751606640715431151, -12.44755643926125543, 8.000000000000000000 ) ) ;
#6415 = CARTESIAN_POINT ( 'NONE',  ( -10.09620455160484020, -6.367618434587611453, 0.000000000000000000 ) ) ;
#6416 = DIRECTION ( 'NONE',  ( -0.000000000000000000, -0.000000000000000000, 1.000000000000000000 ) ) ;
#6417 = CARTESIAN_POINT ( 'NONE',  ( 7.717954754909771786, 33.46162622234856343, 26.69378740028920660 ) ) ;
#6418 = CARTESIAN_POINT ( 'NONE',  ( 3.149229626029005136, -10.47431425022856821, 8.000000000000000000 ) ) ;
#6419 = CARTESIAN_POINT ( 'NONE',  ( 12.38439407908843748, 37.03787980615263820, -13.61060992697490946 ) ) ;
#6420 = EDGE_CURVE ( 'NONE', #1468, #5083, #7380, .T. ) ;
#6421 = CARTESIAN_POINT ( 'NONE',  ( 12.00148937107103819, -0.8074739252555025448, 8.000000000000000000 ) ) ;
#6422 = CARTESIAN_POINT ( 'NONE',  ( -4.580317944817394960, 11.30699639290207337, 8.000000000000000000 ) ) ;
#6423 = DIRECTION ( 'NONE',  ( 0.000000000000000000, 0.000000000000000000, -1.000000000000000000 ) ) ;
#6424 = CIRCLE ( 'NONE', #2851, 10.93750000000000178 ) ;
#6425 = CARTESIAN_POINT ( 'NONE',  ( 9.338196514606112331, 7.850195268865284959, 0.000000000000000000 ) ) ;
#6426 = DIRECTION ( 'NONE',  ( 1.000000000000000000, 0.000000000000000000, 0.000000000000000000 ) ) ;
#6427 = B_SPLINE_SURFACE_WITH_KNOTS ( 'NONE', 3, 1, ( 
 ( #7613, #820 ),
 ( #5243, #7735 ),
 ( #694, #2671 ),
 ( #5158, #3207 ),
 ( #4618, #7031 ),
 ( #7109, #3334 ),
 ( #31, #1349 ),
 ( #6407, #5832 ),
 ( #732, #7697 ),
 ( #2591, #3956 ),
 ( #154, #1930 ),
 ( #1473, #3249 ),
 ( #2010, #5711 ),
 ( #5789, #2050 ),
 ( #111, #4531 ),
 ( #7776, #2630 ),
 ( #4574, #6488 ),
 ( #5873, #1387 ),
 ( #195, #2710 ),
 ( #2088, #2552 ),
 ( #7154, #5079 ),
 ( #4453, #4782 ),
 ( #981, #7980 ),
 ( #944, #237 ),
 ( #4743, #4701 ),
 ( #2296, #5956 ),
 ( #1513, #6653 ),
 ( #6035, #7861 ),
 ( #281, #4660 ) ),
 .UNSPECIFIED., .F., .F., .F.,
 ( 4, 1, 1, 1, 1, 1, 1, 1, 1, 1, 1, 1, 1, 1, 1, 1, 1, 1, 1, 1, 1, 1, 1, 1, 1, 1, 4 ),
 ( 2, 2 ),
 ( 0.4925683021194535716, 0.5024463643869940821, 0.5250929155847819940, 0.5469717870834428508, 0.5680829788830696891, 0.5884264909837645385, 0.6080023233856429732, 0.6268104760888334459, 0.6448509490934806188, 0.6621237423997496929, 0.6786288560078284071, 0.6943662899179314785, 0.7093360441303072639, 0.7235381186452435331, 0.7369725134630787933, 0.7496392285842117253, 0.7615382640091191702, 0.7726696197383760012, 0.7830332957726851006, 0.7926292921129175495, 0.8014576087601730237, 0.8095182457158636158, 0.8168112029818485054, 0.8233364805606433467, 0.8290940784557681020, 0.8340839966723704313, 1.000000000000000000 ),
 ( 0.000000000000000000, 1.000000000000000000 ),
 .UNSPECIFIED. ) ;
#6428 = CYLINDRICAL_SURFACE ( 'NONE', #1107, 10.93750000000000178 ) ;
#6429 = CARTESIAN_POINT ( 'NONE',  ( -7.313425558786540215, 8.881356617214120064, 0.000000000000000000 ) ) ;
#6430 = EDGE_LOOP ( 'NONE', ( #5698, #6655, #2262 ) ) ;
#6431 = CARTESIAN_POINT ( 'NONE',  ( 6.401038329814059402, -10.18403012388267825, 0.000000000000000000 ) ) ;
#6432 = DIRECTION ( 'NONE',  ( -0.6546641047351261511, 0.2127132620451255840, 0.7253743710122914079 ) ) ;
#6433 = CARTESIAN_POINT ( 'NONE',  ( 10.02706299305999771, 6.338109664291340373, 0.000000000000000000 ) ) ;
#6434 = CARTESIAN_POINT ( 'NONE',  ( 6.544354946388811989, -10.72875944066938914, 8.000000000000000000 ) ) ;
#6435 = CARTESIAN_POINT ( 'NONE',  ( 9.221936103764146964, -9.969200282347870257, 8.000000000000000000 ) ) ;
#6436 = CARTESIAN_POINT ( 'NONE',  ( 7.003721731047638954, 34.21219619936123024, -8.371002309411318620 ) ) ;
#6437 = CARTESIAN_POINT ( 'NONE',  ( -6.418760976341290281, -10.23507608951709180, 0.000000000000000000 ) ) ;
#6438 = CARTESIAN_POINT ( 'NONE',  ( -1.521639563755414981, -13.37787302532245448, 8.000000000000000000 ) ) ;
#6439 = ORIENTED_EDGE ( 'NONE', *, *, #1006, .F. ) ;
#6440 = CARTESIAN_POINT ( 'NONE',  ( -10.18403012388274576, 6.401038329813946604, 8.000000000000000000 ) ) ;
#6441 = CARTESIAN_POINT ( 'NONE',  ( -2.940530670474239994, 11.83979557596823540, 8.000000000000000000 ) ) ;
#6442 = CARTESIAN_POINT ( 'NONE',  ( -6.383929952666112406, -10.13775510802972057, 0.000000000000000000 ) ) ;
#6443 = CARTESIAN_POINT ( 'NONE',  ( -10.33666240664859082, -4.161888422927137121, 0.000000000000000000 ) ) ;
#6444 = CARTESIAN_POINT ( 'NONE',  ( 0.8917121760769423089, 50.21139150384284022, -16.15497710174618362 ) ) ;
#6445 = CARTESIAN_POINT ( 'NONE',  ( 5.038066446831270362, -11.80431640392010806, 8.000000000000000000 ) ) ;
#6446 = ORIENTED_EDGE ( 'NONE', *, *, #1969, .T. ) ;
#6447 = CARTESIAN_POINT ( 'NONE',  ( -1.722120468130896143, -13.64173013562592907, 8.000000000000000000 ) ) ;
#6448 = VERTEX_POINT ( 'NONE', #1381 ) ;
#6449 = CIRCLE ( 'NONE', #2751, 13.75000000000000000 ) ;
#6450 = VECTOR ( 'NONE', #1431, 1000.000000000000000 ) ;
#6451 = CARTESIAN_POINT ( 'NONE',  ( -12.44755643926125188, -0.9751606640715865248, -5.204170427930421283E-15 ) ) ;
#6452 = EDGE_CURVE ( 'NONE', #5375, #4440, #3933, .T. ) ;
#6453 = CARTESIAN_POINT ( 'NONE',  ( -12.72257526253003945, -2.817469215210326450, 8.000000000000000000 ) ) ;
#6454 = CARTESIAN_POINT ( 'NONE',  ( 2.886444749237149221, -11.13701600410300507, 0.000000000000000000 ) ) ;
#6455 = CARTESIAN_POINT ( 'NONE',  ( -4.386616976970878490, -11.02139818175205477, 8.000000000000000000 ) ) ;
#6456 = CARTESIAN_POINT ( 'NONE',  ( -11.61432090236920089, -2.938739567862419300, 0.000000000000000000 ) ) ;
#6457 = CARTESIAN_POINT ( 'NONE',  ( 9.442776183394496314, -5.916238915411951460, 8.000000000000000000 ) ) ;
#6458 = CARTESIAN_POINT ( 'NONE',  ( 1.300400673318188760, 55.49728015868494424, -8.371002309411318620 ) ) ;
#6459 = CARTESIAN_POINT ( 'NONE',  ( -9.411632514553499362, -10.02415449855993579, 8.000000000000000000 ) ) ;
#6460 = AXIS2_PLACEMENT_3D ( 'NONE', #2779, #299, #4019 ) ;
#6461 = CARTESIAN_POINT ( 'NONE',  ( 11.48389212362418910, -0.6963551242056464918, 8.000000000000000000 ) ) ;
#6462 = CARTESIAN_POINT ( 'NONE',  ( -13.78720971210813495, 51.45456714019452704, -1.388653091785252921E-14 ) ) ;
#6463 = B_SPLINE_CURVE_WITH_KNOTS ( 'NONE', 3,
 ( #2190, #3508, #4839, #7372, #4676, #6755, #7839, #6589, #7210, #4055, #2854, #6669, #336, #921, #4718, #7250, #1574, #4097, #6631, #4134, #960, #7918, #4760, #621, #6841, #2481, #2523, #2360, #1204 ),
 .UNSPECIFIED., .F., .F.,
 ( 4, 1, 1, 1, 1, 1, 1, 1, 1, 1, 1, 1, 1, 1, 1, 1, 1, 1, 1, 1, 1, 1, 1, 1, 1, 1, 4 ),
 ( 0.000000000000000000, 0.1659160033276295965, 0.1709059215442318702, 0.1766635194393565977, 0.1831887970181514669, 0.1904817542841364120, 0.1985423912398269763, 0.2073707078870824227, 0.2169667042273148716, 0.2273303802616240543, 0.2384617359908808021, 0.2503607714157882191, 0.2630274865369212067, 0.2764618813547564669, 0.2906639558696927361, 0.3056337100820685215, 0.3213711439921715929, 0.3378762576002502516, 0.3551490509065193812, 0.3731895239111665541, 0.3919976766143570268, 0.4115735090162354615, 0.4319170211169303109, 0.4530282129165571492, 0.4749070844152180060, 0.4975536356130058624, 0.5074316978669450862 ),
 .UNSPECIFIED. ) ;
#6464 = CARTESIAN_POINT ( 'NONE',  ( 0.000000000000000000, 0.000000000000000000, 8.000000000000000000 ) ) ;
#6465 = CARTESIAN_POINT ( 'NONE',  ( 10.02706299306013626, -6.338109664291120993, 0.000000000000000000 ) ) ;
#6466 = CARTESIAN_POINT ( 'NONE',  ( -12.22597347346767549, -2.908682420983950134, 8.000000000000000000 ) ) ;
#6467 = CARTESIAN_POINT ( 'NONE',  ( 13.80053965812603778, 34.27113751038886136, -13.28508304997044043 ) ) ;
#6468 = CARTESIAN_POINT ( 'NONE',  ( -12.02324651265878153, -5.286606996007026105, 0.000000000000000000 ) ) ;
#6469 = CARTESIAN_POINT ( 'NONE',  ( -8.636712746112488404, 9.757522586729548308, 8.000000000000000000 ) ) ;
#6470 = ORIENTED_EDGE ( 'NONE', *, *, #1741, .T. ) ;
#6471 = VERTEX_POINT ( 'NONE', #6986 ) ;
#6472 = EDGE_CURVE ( 'NONE', #189, #1487, #1060, .T. ) ;
#6473 = CARTESIAN_POINT ( 'NONE',  ( 13.16905850672523925, 1.377525651863871214, 8.000000000000000000 ) ) ;
#6474 = CARTESIAN_POINT ( 'NONE',  ( 10.00078975079074795, 9.328340841197794830, 0.000000000000000000 ) ) ;
#6475 = CARTESIAN_POINT ( 'NONE',  ( 6.521356961401045815, 29.77887689974861729, -13.00000000000000178 ) ) ;
#6476 = CARTESIAN_POINT ( 'NONE',  ( 6.626136714284753815, -11.46368139467871572, 8.000000000000000000 ) ) ;
#6477 = CARTESIAN_POINT ( 'NONE',  ( 11.47561408673064420, -4.719217338362103220, 0.000000000000000000 ) ) ;
#6478 = DIRECTION ( 'NONE',  ( -0.3090169943749487835, -0.9510565162951531981, 0.000000000000000000 ) ) ;
#6479 = FACE_OUTER_BOUND ( 'NONE', #2760, .T. ) ;
#6480 = CARTESIAN_POINT ( 'NONE',  ( -0.8074739252556281111, 12.00148937107102753, 8.000000000000000000 ) ) ;
#6481 = CARTESIAN_POINT ( 'NONE',  ( -1.447204694645796152, -13.27225220462997157, 8.000000000000000000 ) ) ;
#6482 = ORIENTED_EDGE ( 'NONE', *, *, #7056, .F. ) ;
#6483 = CARTESIAN_POINT ( 'NONE',  ( -12.04862852623660174, 6.625183064395858246, 8.000000000000000000 ) ) ;
#6484 = VECTOR ( 'NONE', #6487, 1000.000000000000000 ) ;
#6485 = CARTESIAN_POINT ( 'NONE',  ( -2.817469215210279820, 12.72257526253004833, 8.000000000000000000 ) ) ;
#6486 = CYLINDRICAL_SURFACE ( 'NONE', #3681, 10.93750000000000178 ) ;
#6487 = DIRECTION ( 'NONE',  ( -0.000000000000000000, 0.000000000000000000, -1.000000000000000000 ) ) ;
#6488 = CARTESIAN_POINT ( 'NONE',  ( 10.48771353560530528, -6.492081297254353345, 0.000000000000000000 ) ) ;
#6489 = CARTESIAN_POINT ( 'NONE',  ( 1.668469543058222149, -13.57387004037415679, 0.000000000000000000 ) ) ;
#6490 = ORIENTED_EDGE ( 'NONE', *, *, #3851, .T. ) ;
#6491 = CARTESIAN_POINT ( 'NONE',  ( 12.33100786788154224, -5.689930116769189361, 0.000000000000000000 ) ) ;
#6492 = ORIENTED_EDGE ( 'NONE', *, *, #5521, .T. ) ;
#6493 = B_SPLINE_CURVE_WITH_KNOTS ( 'NONE', 3,
 ( #617, #3793, #4380, #7578, #3134, #8076, #7542, #2518, #4417, #6258, #5671, #580, #2477, #3096, #5039, #1238, #6957, #3753, #2395, #6336, #657, #5712, #32, #5080, #3018, #6791, #1117, #3634, #6177 ),
 .UNSPECIFIED., .F., .F.,
 ( 4, 1, 1, 1, 1, 1, 1, 1, 1, 1, 1, 1, 1, 1, 1, 1, 1, 1, 1, 1, 1, 1, 1, 1, 1, 1, 4 ),
 ( 0.000000000000000000, 0.1659160033276295965, 0.1709059215442318702, 0.1766635194393565977, 0.1831887970181514669, 0.1904817542841364120, 0.1985423912398269763, 0.2073707078870824227, 0.2169667042273148716, 0.2273303802616240543, 0.2384617359908808021, 0.2503607714157882191, 0.2630274865369212067, 0.2764618813547564669, 0.2906639558696927361, 0.3056337100820685215, 0.3213711439921715929, 0.3378762576002502516, 0.3551490509065193812, 0.3731895239111665541, 0.3919976766143570268, 0.4115735090162354615, 0.4319170211169303109, 0.4530282129165571492, 0.4749070844152180060, 0.4975536356130058624, 0.5074316978669450862 ),
 .UNSPECIFIED. ) ;
#6494 = CARTESIAN_POINT ( 'NONE',  ( -11.95399604505280244, -0.7941151212463930520, 8.000000000000000000 ) ) ;
#6495 = CARTESIAN_POINT ( 'NONE',  ( -12.83440038321939269, -2.790132082466676877, 8.000000000000000000 ) ) ;
#6496 = LINE ( 'NONE', #161, #1195 ) ;
#6497 = CARTESIAN_POINT ( 'NONE',  ( 7.610760244855985235, 33.13171544348046638, 17.03258232793611526 ) ) ;
#6498 = DIRECTION ( 'NONE',  ( -0.6546641047351260401, 0.2127132620451255840, -0.7253743710122916299 ) ) ;
#6499 = CARTESIAN_POINT ( 'NONE',  ( 7.577720000373570741, 9.126433365741238646, 8.000000000000000000 ) ) ;
#6500 = CARTESIAN_POINT ( 'NONE',  ( -11.02139818175203878, 4.386616976970920234, 0.000000000000000000 ) ) ;
#6501 = B_SPLINE_SURFACE_WITH_KNOTS ( 'NONE', 3, 1, ( 
 ( #8132, #433 ),
 ( #6895, #1054 ),
 ( #6113, #2947 ),
 ( #5487, #475 ),
 ( #8011, #2329 ),
 ( #4233, #1095 ),
 ( #2026, #2535 ),
 ( #5688, #797 ),
 ( #1366, #6388 ),
 ( #5850, #5056 ),
 ( #3149, #5179 ),
 ( #6934, #7086 ),
 ( #5808, #1910 ),
 ( #3889, #7630 ),
 ( #12, #3850 ),
 ( #7595, #712 ),
 ( #7675, #1947 ),
 ( #6974, #5136 ),
 ( #1874, #6425 ),
 ( #3227, #1330 ),
 ( #753, #2647 ),
 ( #4432, #3811 ),
 ( #2607, #1252 ),
 ( #4512, #1291 ),
 ( #49, #3770 ),
 ( #3266, #4549 ),
 ( #1406, #6352 ),
 ( #675, #3309 ),
 ( #128, #5765 ) ),
 .UNSPECIFIED., .F., .F., .F.,
 ( 4, 1, 1, 1, 1, 1, 1, 1, 1, 1, 1, 1, 1, 1, 1, 1, 1, 1, 1, 1, 1, 1, 1, 1, 1, 1, 4 ),
 ( 2, 2 ),
 ( 0.4925683021194524613, 0.5024463643869940821, 0.5250929155847819940, 0.5469717870834428508, 0.5680829788830696891, 0.5884264909837645385, 0.6080023233856429732, 0.6268104760888334459, 0.6448509490934806188, 0.6621237423997496929, 0.6786288560078284071, 0.6943662899179314785, 0.7093360441303072639, 0.7235381186452435331, 0.7369725134630787933, 0.7496392285842117253, 0.7615382640091191702, 0.7726696197383760012, 0.7830332957726851006, 0.7926292921129175495, 0.8014576087601730237, 0.8095182457158636158, 0.8168112029818485054, 0.8233364805606433467, 0.8290940784557681020, 0.8340839966723704313, 1.000000000000000000 ),
 ( 0.000000000000000000, 1.000000000000000000 ),
 .UNSPECIFIED. ) ;
#6502 = CARTESIAN_POINT ( 'NONE',  ( 11.56976343863532541, 2.936066220364176971, 8.000000000000000000 ) ) ;
#6503 = CARTESIAN_POINT ( 'NONE',  ( -4.773939382172911472, -11.53698844606708640, 0.000000000000000000 ) ) ;
#6504 = CYLINDRICAL_SURFACE ( 'NONE', #6565, 10.93750000000000178 ) ;
#6505 = DIRECTION ( 'NONE',  ( 0.000000000000000000, 0.000000000000000000, -1.000000000000000000 ) ) ;
#6506 = DIRECTION ( 'NONE',  ( -0.9510565162951534202, 0.3090169943749481729, 0.000000000000000000 ) ) ;
#6507 = CARTESIAN_POINT ( 'NONE',  ( -11.98057174878962172, -2.933454507433609137, 8.000000000000000000 ) ) ;
#6508 = CARTESIAN_POINT ( 'NONE',  ( -0.2416457505997627320, 10.93483029503508597, 0.000000000000000000 ) ) ;
#6509 = CARTESIAN_POINT ( 'NONE',  ( -11.47561408673058025, -4.719217338362263980, 0.000000000000000000 ) ) ;
#6510 = CARTESIAN_POINT ( 'NONE',  ( -8.743249532614884245, 9.801135538539480052, 0.000000000000000000 ) ) ;
#6511 = ORIENTED_EDGE ( 'NONE', *, *, #777, .F. ) ;
#6512 = ORIENTED_EDGE ( 'NONE', *, *, #7847, .T. ) ;
#6513 = CARTESIAN_POINT ( 'NONE',  ( 6.527568552596234142, -10.64346975476059676, 8.000000000000000000 ) ) ;
#6514 = CARTESIAN_POINT ( 'NONE',  ( 9.669723885496884108, 8.439220299577170792, 0.000000000000000000 ) ) ;
#6515 = CARTESIAN_POINT ( 'NONE',  ( 9.969200282348042563, -9.221936103763963999, 8.000000000000000000 ) ) ;
#6516 = CYLINDRICAL_SURFACE ( 'NONE', #6738, 10.93750000000000178 ) ;
#6517 = EDGE_CURVE ( 'NONE', #7969, #1932, #5794, .T. ) ;
#6518 = LINE ( 'NONE', #4376, #7191 ) ;
#6519 = CARTESIAN_POINT ( 'NONE',  ( 8.535381057717644993, -9.713655369616102320, 8.000000000000000000 ) ) ;
#6520 = CARTESIAN_POINT ( 'NONE',  ( -8.034402175150765046, 9.455639197970754140, 8.000000000000000000 ) ) ;
#6521 = CARTESIAN_POINT ( 'NONE',  ( -6.455308898419720443, -10.35164078446986302, 0.000000000000000000 ) ) ;
#6522 = CARTESIAN_POINT ( 'NONE',  ( -11.34404188716884931, -6.619621129381234148, 0.000000000000000000 ) ) ;
#6523 = VERTEX_POINT ( 'NONE', #770 ) ;
#6524 = CARTESIAN_POINT ( 'NONE',  ( 10.93483029503508774, -0.2416457505996495170, 8.000000000000000000 ) ) ;
#6525 = EDGE_CURVE ( 'NONE', #4745, #7598, #6793, .T. ) ;
#6526 = CARTESIAN_POINT ( 'NONE',  ( -2.790132082466630692, 12.83440038321940335, 0.000000000000000000 ) ) ;
#6527 = EDGE_CURVE ( 'NONE', #7876, #5083, #6296, .T. ) ;
#6528 = CARTESIAN_POINT ( 'NONE',  ( -2.841541163097955014, -12.61481170127152041, 8.000000000000000000 ) ) ;
#6529 = CARTESIAN_POINT ( 'NONE',  ( -2.600000000000000089, 3.184081677783118191E-16, 8.000000000000000000 ) ) ;
#6530 = DIRECTION ( 'NONE',  ( -0.6396556736767859963, -0.1713952211956810967, 0.7493092133988348280 ) ) ;
#6531 = CARTESIAN_POINT ( 'NONE',  ( 1.095856395948400897, -12.69447357664507514, 0.000000000000000000 ) ) ;
#6532 = ORIENTED_EDGE ( 'NONE', *, *, #1958, .T. ) ;
#6533 = CARTESIAN_POINT ( 'NONE',  ( -12.02324651265881705, 5.286606996006939063, 8.000000000000000000 ) ) ;
#6534 = ORIENTED_EDGE ( 'NONE', *, *, #3986, .T. ) ;
#6535 = CARTESIAN_POINT ( 'NONE',  ( -12.69447357664507159, -1.095856395948445083, -5.204170427930421283E-15 ) ) ;
#6536 = CARTESIAN_POINT ( 'NONE',  ( 7.668835209822888466, 9.204216794247676248, 8.000000000000000000 ) ) ;
#6537 = CARTESIAN_POINT ( 'NONE',  ( 5.198761634262941911, -11.94884645308972360, 0.000000000000000000 ) ) ;
#6538 = LINE ( 'NONE', #5167, #7259 ) ;
#6539 = CARTESIAN_POINT ( 'NONE',  ( 10.32496896312099111, -3.608867157514701773, 8.000000000000000000 ) ) ;
#6540 = CARTESIAN_POINT ( 'NONE',  ( -10.00078975079088472, 9.328340841197649169, 8.000000000000000000 ) ) ;
#6541 = CARTESIAN_POINT ( 'NONE',  ( -12.09884006967987169, 5.379567626064770458, 0.000000000000000000 ) ) ;
#6542 = CARTESIAN_POINT ( 'NONE',  ( 10.47431425022855755, 3.149229626029041551, 0.000000000000000000 ) ) ;
#6543 = EDGE_CURVE ( 'NONE', #1227, #6051, #3011, .T. ) ;
#6544 = VERTEX_POINT ( 'NONE', #855 ) ;
#6545 = VECTOR ( 'NONE', #1557, 1000.000000000000000 ) ;
#6546 = CARTESIAN_POINT ( 'NONE',  ( -9.376012365377807356, -7.906868104074100678, 0.000000000000000000 ) ) ;
#6547 = DIRECTION ( 'NONE',  ( -0.000000000000000000, 0.000000000000000000, -1.000000000000000000 ) ) ;
#6548 = CARTESIAN_POINT ( 'NONE',  ( -1.722120468130897253, 13.64173013562592907, 0.000000000000000000 ) ) ;
#6549 = CARTESIAN_POINT ( 'NONE',  ( -2.936066220364054402, 11.56976343863535917, 0.000000000000000000 ) ) ;
#6550 = CARTESIAN_POINT ( 'NONE',  ( -12.22597347346767549, -2.908682420983950134, 0.000000000000000000 ) ) ;
#6551 = CARTESIAN_POINT ( 'NONE',  ( 11.41882079916533144, 35.43242669106265907, -9.749985545336734560 ) ) ;
#6552 = CARTESIAN_POINT ( 'NONE',  ( -7.750629585191723514, 9.267416903471923817, 0.000000000000000000 ) ) ;
#6553 = EDGE_CURVE ( 'NONE', #885, #2228, #1160, .T. ) ;
#6554 = EDGE_LOOP ( 'NONE', ( #4725, #1690, #3547, #390 ) ) ;
#6555 = EDGE_LOOP ( 'NONE', ( #6879, #5512, #93 ) ) ;
#6556 = AXIS2_PLACEMENT_3D ( 'NONE', #4360, #5691, #6354 ) ;
#6557 = CARTESIAN_POINT ( 'NONE',  ( 6.455308898419869656, -10.35164078446976710, 0.000000000000000000 ) ) ;
#6558 = LINE ( 'NONE', #7808, #1047 ) ;
#6559 = CARTESIAN_POINT ( 'NONE',  ( 10.29093438073238609, 6.436913140481833828, 8.000000000000000000 ) ) ;
#6560 = CARTESIAN_POINT ( 'NONE',  ( 13.64173013562594505, -1.722120468130754700, 0.000000000000000000 ) ) ;
#6561 = ADVANCED_FACE ( 'NONE', ( #1285 ), #5705, .T. ) ;
#6562 = CARTESIAN_POINT ( 'NONE',  ( 2.937812879663942223, -11.90787246215807471, 8.000000000000000000 ) ) ;
#6563 = FACE_OUTER_BOUND ( 'NONE', #200, .T. ) ;
#6564 = DIRECTION ( 'NONE',  ( -0.000000000000000000, -0.000000000000000000, 1.000000000000000000 ) ) ;
#6565 = AXIS2_PLACEMENT_3D ( 'NONE', #4509, #170, #2645 ) ;
#6566 = CARTESIAN_POINT ( 'NONE',  ( -0.8620871873792290696, 12.16898868378441811, 0.000000000000000000 ) ) ;
#6567 = ORIENTED_EDGE ( 'NONE', *, *, #2316, .T. ) ;
#6568 = CARTESIAN_POINT ( 'NONE',  ( -9.175863790627211358, -7.634358818669890745, 8.000000000000000000 ) ) ;
#6569 = CARTESIAN_POINT ( 'NONE',  ( -2.933454507433478131, -11.98057174878965192, 8.000000000000000000 ) ) ;
#6570 = CARTESIAN_POINT ( 'NONE',  ( -6.626067776682361021, 12.02849558169542021, 0.000000000000000000 ) ) ;
#6571 = CARTESIAN_POINT ( 'NONE',  ( 13.41765329629886416, 36.05253985009575501, 22.26727816506351232 ) ) ;
#6572 = CARTESIAN_POINT ( 'NONE',  ( -9.713655369616137847, -8.535381057717604136, 0.000000000000000000 ) ) ;
#6573 = ORIENTED_EDGE ( 'NONE', *, *, #4696, .T. ) ;
#6574 = CARTESIAN_POINT ( 'NONE',  ( -12.44189184801359715, -5.853360337646471123, 8.000000000000000000 ) ) ;
#6575 = ADVANCED_FACE ( 'NONE', ( #3924 ), #4012, .T. ) ;
#6576 = EDGE_LOOP ( 'NONE', ( #864, #6998, #7913, #6160, #4778, #7659, #273 ) ) ;
#6577 = AXIS2_PLACEMENT_3D ( 'NONE', #5964, #1561, #4749 ) ;
#6578 = CARTESIAN_POINT ( 'NONE',  ( -10.72875944066941578, -6.544354946388769356, 8.000000000000000000 ) ) ;
#6579 = CARTESIAN_POINT ( 'NONE',  ( -12.13967088095517433, -2.919073574173140173, 8.000000000000000000 ) ) ;
#6580 = CARTESIAN_POINT ( 'NONE',  ( 4.161888422927172648, -10.33666240664857483, 0.000000000000000000 ) ) ;
#6581 = CARTESIAN_POINT ( 'NONE',  ( -5.477724940116765140, -12.17545110014133058, 8.000000000000000000 ) ) ;
#6582 = CARTESIAN_POINT ( 'NONE',  ( -12.83440038321939269, -2.790132082466676877, 0.000000000000000000 ) ) ;
#6583 = CARTESIAN_POINT ( 'NONE',  ( 12.61481170127152751, -2.841541163097917710, 8.000000000000000000 ) ) ;
#6584 = CARTESIAN_POINT ( 'NONE',  ( -11.47561408673061401, 4.719217338362181380, 0.000000000000000000 ) ) ;
#6585 = DIRECTION ( 'NONE',  ( -0.6396556736767861073, -0.1713952211956810967, -0.7493092133988348280 ) ) ;
#6586 = ORIENTED_EDGE ( 'NONE', *, *, #2975, .F. ) ;
#6587 = AXIS2_PLACEMENT_3D ( 'NONE', #4889, #2080, #3992 ) ;
#6588 = CARTESIAN_POINT ( 'NONE',  ( -9.301941798724749688, -7.798144649837225550, 0.000000000000000000 ) ) ;
#6589 = CARTESIAN_POINT ( 'NONE',  ( -7.707558585906816973, -9.234787594130832389, 8.000000000000000000 ) ) ;
#6590 = DIRECTION ( 'NONE',  ( 0.7605637668489731995, 0.000000000000000000, -0.6492632413409068493 ) ) ;
#6591 = CARTESIAN_POINT ( 'NONE',  ( -2.933454507433566061, 11.98057174878963238, 0.000000000000000000 ) ) ;
#6592 = CARTESIAN_POINT ( 'NONE',  ( -13.06987279011080005, -2.724978029605258367, 8.000000000000000000 ) ) ;
#6593 = CARTESIAN_POINT ( 'NONE',  ( -0.7941151212463513076, 11.95399604505280600, 0.000000000000000000 ) ) ;
#6594 = CARTESIAN_POINT ( 'NONE',  ( 13.75035795304525621, 52.02745424195550328, 17.04359809359991118 ) ) ;
#6595 = VECTOR ( 'NONE', #5210, 1000.000000000000000 ) ;
#6596 = ORIENTED_EDGE ( 'NONE', *, *, #5508, .T. ) ;
#6597 = VECTOR ( 'NONE', #2822, 1000.000000000000000 ) ;
#6598 = ORIENTED_EDGE ( 'NONE', *, *, #3671, .F. ) ;
#6599 = CARTESIAN_POINT ( 'NONE',  ( 6.544354946388811989, -10.72875944066938914, 8.000000000000000000 ) ) ;
#6600 = CARTESIAN_POINT ( 'NONE',  ( 11.66659828334860904, 4.896733499129219069, 0.000000000000000000 ) ) ;
#6601 = CARTESIAN_POINT ( 'NONE',  ( 10.09620455160479402, 6.367618434587686060, 8.000000000000000000 ) ) ;
#6602 = CC_DESIGN_APPROVAL ( #5321, ( #255 ) ) ;
#6603 = CARTESIAN_POINT ( 'NONE',  ( 6.628700411335568532, -11.96219333340837387, 8.000000000000000000 ) ) ;
#6604 = CARTESIAN_POINT ( 'NONE',  ( 2.919073574173182362, -12.13967088095516367, 8.000000000000000000 ) ) ;
#6605 = DIRECTION ( 'NONE',  ( -1.000000000000000000, 0.000000000000000000, 0.000000000000000000 ) ) ;
#6606 = CARTESIAN_POINT ( 'NONE',  ( -12.30068812565076541, 0.9123192481542625742, 0.000000000000000000 ) ) ;
#6607 = LINE ( 'NONE', #2333, #2782 ) ;
#6608 = VERTEX_POINT ( 'NONE', #7081 ) ;
#6609 = CARTESIAN_POINT ( 'NONE',  ( -10.02415449855983454, -9.411632514553605944, 8.000000000000000000 ) ) ;
#6610 = CARTESIAN_POINT ( 'NONE',  ( -2.941794575437194581, -11.77637575328572161, 8.000000000000000000 ) ) ;
#6611 = CARTESIAN_POINT ( 'NONE',  ( 8.972047302895502341, -9.886832010614698518, 8.000000000000000000 ) ) ;
#6612 = CARTESIAN_POINT ( 'NONE',  ( -7.634358818669794822, -9.175863790627293071, 0.000000000000000000 ) ) ;
#6613 = CARTESIAN_POINT ( 'NONE',  ( -10.02415449858206031, -9.411632514633833324, 8.000000000000000000 ) ) ;
#6614 = EDGE_CURVE ( 'NONE', #3128, #5867, #4545, .T. ) ;
#6615 = VERTEX_POINT ( 'NONE', #5929 ) ;
#6616 = CARTESIAN_POINT ( 'NONE',  ( -11.47561408673061401, 4.719217338362181380, 8.000000000000000000 ) ) ;
#6617 = VERTEX_POINT ( 'NONE', #6542 ) ;
#6618 = CARTESIAN_POINT ( 'NONE',  ( 9.886832010614666544, 8.972047302895536092, 8.000000000000000000 ) ) ;
#6619 = CARTESIAN_POINT ( 'NONE',  ( 8.181339682155837068, 9.539420412439032049, -5.204170427930421283E-15 ) ) ;
#6620 = CARTESIAN_POINT ( 'NONE',  ( 13.43928272065061869, 35.97380783126249071, -14.26686823408739713 ) ) ;
#6621 = EDGE_CURVE ( 'NONE', #2499, #1528, #5846, .T. ) ;
#6622 = CARTESIAN_POINT ( 'NONE',  ( -5.689930116769227553, -12.33100786788152448, 8.000000000000000000 ) ) ;
#6623 = CARTESIAN_POINT ( 'NONE',  ( -5.781365353078006919, -12.39393210983944726, 8.000000000000000000 ) ) ;
#6624 = CARTESIAN_POINT ( 'NONE',  ( 8.855020039374899454, 9.844302869038735082, 8.000000000000000000 ) ) ;
#6625 = CARTESIAN_POINT ( 'NONE',  ( -11.25643158326924897, 4.542018187747182800, 0.000000000000000000 ) ) ;
#6626 = ORIENTED_EDGE ( 'NONE', *, *, #4028, .T. ) ;
#6627 = DIRECTION ( 'NONE',  ( 0.7605637668489725334, 0.000000000000000000, -0.6492632413409076264 ) ) ;
#6628 = ORIENTED_EDGE ( 'NONE', *, *, #1350, .F. ) ;
#6629 = CARTESIAN_POINT ( 'NONE',  ( -8.704427730807687169, -6.622827502596316585, 0.000000000000000000 ) ) ;
#6630 = EDGE_CURVE ( 'NONE', #7525, #2557, #1553, .T. ) ;
#6631 = CARTESIAN_POINT ( 'NONE',  ( -8.439220299577000262, -9.669723885497038651, 8.000000000000000000 ) ) ;
#6632 = CARTESIAN_POINT ( 'NONE',  ( -2.936066220363969581, -11.56976343863538048, 8.000000000000000000 ) ) ;
#6633 = FACE_OUTER_BOUND ( 'NONE', #428, .T. ) ;
#6634 = CARTESIAN_POINT ( 'NONE',  ( -7.604022508570310812, -9.149886257342947360, 0.000000000000000000 ) ) ;
#6635 = CARTESIAN_POINT ( 'NONE',  ( 14.52085084717307062, 34.19306077650324482, -14.78370147677038027 ) ) ;
#6636 = FACE_OUTER_BOUND ( 'NONE', #5031, .T. ) ;
#6637 = ORIENTED_EDGE ( 'NONE', *, *, #324, .F. ) ;
#6638 = ORIENTED_EDGE ( 'NONE', *, *, #4439, .F. ) ;
#6639 = CARTESIAN_POINT ( 'NONE',  ( 6.626136714284753815, -11.46368139467871572, 0.000000000000000000 ) ) ;
#6640 = CARTESIAN_POINT ( 'NONE',  ( 13.42469749237762500, 36.02625055243134966, 22.26727816506351232 ) ) ;
#6641 = CARTESIAN_POINT ( 'NONE',  ( 11.96219333340835256, 6.628700411335609388, 8.000000000000000000 ) ) ;
#6642 = CARTESIAN_POINT ( 'NONE',  ( 12.87548337994387282, -1.195724957047402448, 0.000000000000000000 ) ) ;
#6643 = CARTESIAN_POINT ( 'NONE',  ( 2.895913797652593047, -12.31670401296923245, 0.000000000000000000 ) ) ;
#6644 = CARTESIAN_POINT ( 'NONE',  ( 11.53698844606699758, 4.773939382173117529, 0.000000000000000000 ) ) ;
#6645 = FACE_OUTER_BOUND ( 'NONE', #7290, .T. ) ;
#6646 = CARTESIAN_POINT ( 'NONE',  ( 13.75035795513251102, 52.02745424127731866, -9.043598091517251802 ) ) ;
#6647 = ORIENTED_EDGE ( 'NONE', *, *, #5871, .F. ) ;
#6648 = CARTESIAN_POINT ( 'NONE',  ( -9.669723885496946281, -8.439220299577099738, 8.000000000000000000 ) ) ;
#6649 = EDGE_CURVE ( 'NONE', #283, #3338, #4673, .T. ) ;
#6650 = EDGE_CURVE ( 'NONE', #4268, #5343, #3809, .T. ) ;
#6651 = CARTESIAN_POINT ( 'NONE',  ( -2.895913797652415411, -12.31670401296927331, 8.000000000000000000 ) ) ;
#6652 = CARTESIAN_POINT ( 'NONE',  ( 8.743249532614955299, -9.801135538539412551, 8.000000000000000000 ) ) ;
#6653 = CARTESIAN_POINT ( 'NONE',  ( 9.699971161947072318, -6.186699299581352562, 0.000000000000000000 ) ) ;
#6654 = CARTESIAN_POINT ( 'NONE',  ( 4.542018187747301816, -11.25643158326919746, 8.000000000000000000 ) ) ;
#6655 = ORIENTED_EDGE ( 'NONE', *, *, #3765, .F. ) ;
#6656 = CARTESIAN_POINT ( 'NONE',  ( -11.05183112916331645, 4.404384806714092271, 8.000000000000000000 ) ) ;
#6657 = VERTEX_POINT ( 'NONE', #5803 ) ;
#6658 = CARTESIAN_POINT ( 'NONE',  ( -10.18403012388270490, -6.401038329814019434, 8.000000000000000000 ) ) ;
#6659 = DIRECTION ( 'NONE',  ( -0.9510565162951535312, 0.3090169943749481729, 0.000000000000000000 ) ) ;
#6660 = CARTESIAN_POINT ( 'NONE',  ( 4.896733499129178213, -11.66659828334862681, 0.000000000000000000 ) ) ;
#6661 = CARTESIAN_POINT ( 'NONE',  ( 11.08591166683806684, -4.425208852857677400, 8.000000000000000000 ) ) ;
#6662 = CARTESIAN_POINT ( 'NONE',  ( 12.61481170127152751, -2.841541163097917710, -5.204170427930421283E-15 ) ) ;
#6663 = CARTESIAN_POINT ( 'NONE',  ( -13.27225220462996624, -1.447204694645842782, 8.000000000000000000 ) ) ;
#6664 = VERTEX_POINT ( 'NONE', #793 ) ;
#6665 = CARTESIAN_POINT ( 'NONE',  ( 11.71764203423208883, 2.941792002709162634, -5.204170427930421283E-15 ) ) ;
#6666 = EDGE_LOOP ( 'NONE', ( #4704, #7606, #2254, #8099 ) ) ;
#6667 = CARTESIAN_POINT ( 'NONE',  ( 12.78342018721908602, -1.143751547996336937, 8.000000000000000000 ) ) ;
#6668 =( BOUNDED_CURVE ( )  B_SPLINE_CURVE ( 3, ( #2049, #3869, #3373, #898 ),
 .UNSPECIFIED., .F., .F. ) 
 B_SPLINE_CURVE_WITH_KNOTS ( ( 4, 4 ),
 ( 6.075793085260065673, 6.283185307179586232 ),
 .UNSPECIFIED. ) 
 CURVE ( )  GEOMETRIC_REPRESENTATION_ITEM ( )  RATIONAL_B_SPLINE_CURVE ( ( 1.000000000000000000, 0.9964189161646832549, 0.9964189161646832549, 1.000000000000000000 ) ) 
 REPRESENTATION_ITEM ( '' )  );
#6669 = CARTESIAN_POINT ( 'NONE',  ( -7.906868104074003867, -9.376012365377890845, 8.000000000000000000 ) ) ;
#6670 = CARTESIAN_POINT ( 'NONE',  ( -2.577692551494855433, -13.50622083011837660, 8.000000000000000000 ) ) ;
#6671 = CARTESIAN_POINT ( 'NONE',  ( 0.000000000000000000, 0.000000000000000000, 0.000000000000000000 ) ) ;
#6672 = CARTESIAN_POINT ( 'NONE',  ( -6.436913140481723694, 10.29093438073245714, 8.000000000000000000 ) ) ;
#6673 = CARTESIAN_POINT ( 'NONE',  ( 10.35164078446974401, 6.455308898419904295, 0.000000000000000000 ) ) ;
#6674 = CARTESIAN_POINT ( 'NONE',  ( -6.544354946388734717, 10.72875944066943887, 8.000000000000000000 ) ) ;
#6675 = CARTESIAN_POINT ( 'NONE',  ( 13.87559565403890005, 33.99042896201898145, -13.29146927688167423 ) ) ;
#6676 = CARTESIAN_POINT ( 'NONE',  ( -10.81899503309353072, -6.560248542580116471, 0.000000000000000000 ) ) ;
#6677 = EDGE_CURVE ( 'NONE', #1538, #2879, #7734, .T. ) ;
#6678 = VERTEX_POINT ( 'NONE', #5258 ) ;
#6679 = CARTESIAN_POINT ( 'NONE',  ( -2.724978029605210850, 13.06987279011081071, 8.000000000000000000 ) ) ;
#6680 = EDGE_LOOP ( 'NONE', ( #4447, #2903, #7535, #362, #2737, #6400 ) ) ;
#6681 = CARTESIAN_POINT ( 'NONE',  ( 12.97053397611293235, 1.251919511749509217, 0.000000000000000000 ) ) ;
#6682 = DIRECTION ( 'NONE',  ( 0.000000000000000000, 0.000000000000000000, -1.000000000000000000 ) ) ;
#6683 = ADVANCED_FACE ( 'NONE', ( #4052 ), #2022, .F. ) ;
#6684 = CARTESIAN_POINT ( 'NONE',  ( -12.04862852623660174, 6.625183064395858246, 0.000000000000000000 ) ) ;
#6685 = DIRECTION ( 'NONE',  ( 0.9510565162951530871, -0.3090169943749487280, 0.000000000000000000 ) ) ;
#6686 = CARTESIAN_POINT ( 'NONE',  ( 2.644734409371096717, -13.32045193209907907, 0.000000000000000000 ) ) ;
#6687 = CARTESIAN_POINT ( 'NONE',  ( 11.20891349420027261, 4.507497455256226360, 8.000000000000000000 ) ) ;
#6688 = CARTESIAN_POINT ( 'NONE',  ( -11.11684438996336866, 0.7639867559470293612, 0.000000000000000000 ) ) ;
#6689 = CARTESIAN_POINT ( 'NONE',  ( -4.719217338362222236, 11.47561408673059624, 0.000000000000000000 ) ) ;
#6690 = EDGE_LOOP ( 'NONE', ( #1172, #7404, #620, #71 ) ) ;
#6691 = CARTESIAN_POINT ( 'NONE',  ( -8.544655887209717804, 7.152395453489324595, 0.000000000000000000 ) ) ;
#6692 = CARTESIAN_POINT ( 'NONE',  ( -11.66361783702276966, 2.940710835118423017, 8.000000000000000000 ) ) ;
#6693 = CARTESIAN_POINT ( 'NONE',  ( -12.39393210983938509, -5.781365353078142810, 0.000000000000000000 ) ) ;
#6694 = CARTESIAN_POINT ( 'NONE',  ( -3.608867157514733304, -10.32496896312098222, 8.000000000000000000 ) ) ;
#6695 = FACE_OUTER_BOUND ( 'NONE', #2575, .T. ) ;
#6696 = EDGE_LOOP ( 'NONE', ( #2450, #7719, #1008, #2004, #1275, #822, #2380, #3650 ) ) ;
#6697 = CARTESIAN_POINT ( 'NONE',  ( -11.73452356626242121, 4.965029436117465167, 8.000000000000000000 ) ) ;
#6698 = CARTESIAN_POINT ( 'NONE',  ( 9.167709221986630297, 53.51644707559319158, -13.61616680320316597 ) ) ;
#6699 = CARTESIAN_POINT ( 'NONE',  ( 8.200418019483594279, 43.68375144190006409, 19.55907584929524745 ) ) ;
#6700 = DIRECTION ( 'NONE',  ( 0.000000000000000000, 0.000000000000000000, 1.000000000000000000 ) ) ;
#6701 = CARTESIAN_POINT ( 'NONE',  ( -4.425208852857792863, 11.08591166683802065, 0.000000000000000000 ) ) ;
#6702 = CARTESIAN_POINT ( 'NONE',  ( 12.83440038321943000, -2.790132082466497021, -5.204170427930421283E-15 ) ) ;
#6703 = CARTESIAN_POINT ( 'NONE',  ( 7.850195268865046927, 9.338196514606311283, 0.000000000000000000 ) ) ;
#6704 = VERTEX_POINT ( 'NONE', #5759 ) ;
#6705 = DIRECTION ( 'NONE',  ( -0.7605637668489722003, 0.000000000000000000, 0.6492632413409080705 ) ) ;
#6706 = ORIENTED_EDGE ( 'NONE', *, *, #3098, .F. ) ;
#6707 = CARTESIAN_POINT ( 'NONE',  ( 12.97053397611296077, -1.251919511749237435, 8.000000000000000000 ) ) ;
#6708 = EDGE_CURVE ( 'NONE', #7177, #5990, #2916, .T. ) ;
#6709 = CARTESIAN_POINT ( 'NONE',  ( -12.44189184801363623, 5.853360337646379641, 8.000000000000000000 ) ) ;
#6710 = CARTESIAN_POINT ( 'NONE',  ( -2.584755384899907416, -13.48734665312604619, 0.000000000000000000 ) ) ;
#6711 = DIRECTION ( 'NONE',  ( -0.000000000000000000, -0.000000000000000000, -1.000000000000000000 ) ) ;
#6712 = CARTESIAN_POINT ( 'NONE',  ( -6.630420918280122144, 11.58812316373723483, 8.000000000000000000 ) ) ;
#6713 = CARTESIAN_POINT ( 'NONE',  ( -1.251919511749373326, -12.97053397611294656, 0.000000000000000000 ) ) ;
#6714 = CARTESIAN_POINT ( 'NONE',  ( -6.560248542580080056, 10.81899503309355737, 8.000000000000000000 ) ) ;
#6715 = LINE ( 'NONE', #6594, #5897 ) ;
#6716 = CARTESIAN_POINT ( 'NONE',  ( -13.06987279011081959, 2.724978029605164664, 0.000000000000000000 ) ) ;
#6717 = ORIENTED_EDGE ( 'NONE', *, *, #6837, .F. ) ;
#6718 = ADVANCED_FACE ( 'NONE', ( #2683 ), #3904, .T. ) ;
#6719 = CARTESIAN_POINT ( 'NONE',  ( 12.02324651265874067, 5.286606996007108705, 8.000000000000000000 ) ) ;
#6720 = VERTEX_POINT ( 'NONE', #5425 ) ;
#6721 = CARTESIAN_POINT ( 'NONE',  ( 11.02139818175197483, 4.386616976971076554, 0.000000000000000000 ) ) ;
#6722 = AXIS2_PLACEMENT_3D ( 'NONE', #1168, #1701, #5524 ) ;
#6723 = CARTESIAN_POINT ( 'NONE',  ( 10.32496896312091827, 3.608867157514916713, 8.000000000000000000 ) ) ;
#6724 = FACE_OUTER_BOUND ( 'NONE', #2408, .T. ) ;
#6725 = CARTESIAN_POINT ( 'NONE',  ( -0.7639867559470682190, -11.11684438996336510, 0.000000000000000000 ) ) ;
#6726 = CARTESIAN_POINT ( 'NONE',  ( 12.02324651265874067, 5.286606996007108705, 0.000000000000000000 ) ) ;
#6727 = DIRECTION ( 'NONE',  ( -0.7237771210982809622, -0.1939354950984082115, -0.6622202826217418181 ) ) ;
#6728 = CARTESIAN_POINT ( 'NONE',  ( 7.674513829969981771, 33.32792880282170955, -8.980052953037976238 ) ) ;
#6729 = ORIENTED_EDGE ( 'NONE', *, *, #4851, .T. ) ;
#6730 = EDGE_CURVE ( 'NONE', #6523, #1035, #5270, .T. ) ;
#6731 = VECTOR ( 'NONE', #7692, 1000.000000000000000 ) ;
#6732 = VECTOR ( 'NONE', #5272, 1000.000000000000000 ) ;
#6733 = CARTESIAN_POINT ( 'NONE',  ( -13.32045193209910927, 2.644734409370955053, 0.000000000000000000 ) ) ;
#6734 = CARTESIAN_POINT ( 'NONE',  ( 8.105411651555897379, -9.497099640846604629, 0.000000000000000000 ) ) ;
#6735 = LINE ( 'NONE', #5544, #1949 ) ;
#6736 = CARTESIAN_POINT ( 'NONE',  ( 4.622531273494623782, -11.36047427339660487, 8.000000000000000000 ) ) ;
#6737 = ORIENTED_EDGE ( 'NONE', *, *, #3689, .T. ) ;
#6738 = AXIS2_PLACEMENT_3D ( 'NONE', #3987, #7266, #848 ) ;
#6739 = CARTESIAN_POINT ( 'NONE',  ( -6.544354946388659222, -10.72875944066948506, 8.000000000000000000 ) ) ;
#6740 = CARTESIAN_POINT ( 'NONE',  ( 8.988499347771151449, -6.231836464888791838, 8.000000000000000000 ) ) ;
#6741 = CARTESIAN_POINT ( 'NONE',  ( 8.636712746112342742, 9.757522586729669101, -5.204170427930421283E-15 ) ) ;
#6742 = CARTESIAN_POINT ( 'NONE',  ( -2.936066220363969581, -11.56976343863538048, 0.000000000000000000 ) ) ;
#6743 = CARTESIAN_POINT ( 'NONE',  ( -4.965029436117507800, 11.73452356626240523, 0.000000000000000000 ) ) ;
#6744 = CARTESIAN_POINT ( 'NONE',  ( 4.976271991613556267, 25.02359431759466446, 0.000000000000000000 ) ) ;
#6745 = CARTESIAN_POINT ( 'NONE',  ( -12.52642403931682225, -1.011712205768966477, 8.000000000000000000 ) ) ;
#6746 = VERTEX_POINT ( 'NONE', #957 ) ;
#6747 = CARTESIAN_POINT ( 'NONE',  ( 13.19332579941575467, 2.686824890852877346, -5.204170427930421283E-15 ) ) ;
#6748 = AXIS2_PLACEMENT_3D ( 'NONE', #2448, #3688, #3603 ) ;
#6749 = ORIENTED_EDGE ( 'NONE', *, *, #561, .T. ) ;
#6750 = VECTOR ( 'NONE', #6014, 1000.000000000000000 ) ;
#6751 = CARTESIAN_POINT ( 'NONE',  ( -10.01877448793489300, -9.392211555323882521, 0.000000000000000000 ) ) ;
#6752 = CIRCLE ( 'NONE', #1726, 10.93750000000000355 ) ;
#6753 = ORIENTED_EDGE ( 'NONE', *, *, #1795, .T. ) ;
#6754 = ADVANCED_FACE ( 'NONE', ( #5970 ), #4170, .F. ) ;
#6755 = CARTESIAN_POINT ( 'NONE',  ( -7.634358818669794822, -9.175863790627293071, 8.000000000000000000 ) ) ;
#6756 = CARTESIAN_POINT ( 'NONE',  ( -2.937812879663770360, -11.90787246215811734, 0.000000000000000000 ) ) ;
#6757 = CARTESIAN_POINT ( 'NONE',  ( -2.724978029605210850, 13.06987279011081071, 0.000000000000000000 ) ) ;
#6758 = CARTESIAN_POINT ( 'NONE',  ( -6.510080463201363798, 10.56312374806393350, 8.000000000000000000 ) ) ;
#6759 = CARTESIAN_POINT ( 'NONE',  ( -0.7828886122849474383, -11.91079326901029134, 0.000000000000000000 ) ) ;
#6760 = CARTESIAN_POINT ( 'NONE',  ( -5.916238915412231236, 9.442776183394606448, 0.000000000000000000 ) ) ;
#6761 = CARTESIAN_POINT ( 'NONE',  ( -6.625183064395903543, 12.04862852623657332, 8.000000000000000000 ) ) ;
#6762 = CARTESIAN_POINT ( 'NONE',  ( -11.85123473191535837, -6.631537913675579432, 0.000000000000000000 ) ) ;
#6763 = CARTESIAN_POINT ( 'NONE',  ( 8.704427730807637431, 6.622827502596381422, 8.000000000000000000 ) ) ;
#6764 = DIRECTION ( 'NONE',  ( -1.000000000000000000, 0.000000000000000000, 0.000000000000000000 ) ) ;
#6765 = ORIENTED_EDGE ( 'NONE', *, *, #1803, .T. ) ;
#6766 = CARTESIAN_POINT ( 'NONE',  ( 11.36047427339658711, 4.622531273494663751, 0.000000000000000000 ) ) ;
#6767 = CARTESIAN_POINT ( 'NONE',  ( 10.80883218877887764, 2.708699257713942821, 8.000000000000000000 ) ) ;
#6768 = CARTESIAN_POINT ( 'NONE',  ( -3.177189042419317655, 54.29751361031517831, 21.61616680320316419 ) ) ;
#6769 = CARTESIAN_POINT ( 'NONE',  ( -12.00148937107103286, 0.8074739252555862556, 8.000000000000000000 ) ) ;
#6770 = CARTESIAN_POINT ( 'NONE',  ( 11.80431640392009029, 5.038066446831312106, 0.000000000000000000 ) ) ;
#6771 = DIRECTION ( 'NONE',  ( 0.8090169943749551118, -0.5877852522924624790, 0.000000000000000000 ) ) ;
#6772 = CARTESIAN_POINT ( 'NONE',  ( -5.689930116769317259, 12.33100786788148540, 0.000000000000000000 ) ) ;
#6773 = ORIENTED_EDGE ( 'NONE', *, *, #1558, .T. ) ;
#6774 = CARTESIAN_POINT ( 'NONE',  ( -11.13701600410303882, 2.886444749237033314, 0.000000000000000000 ) ) ;
#6775 = DIRECTION ( 'NONE',  ( 1.000000000000000000, 0.000000000000000000, 0.000000000000000000 ) ) ;
#6776 = CARTESIAN_POINT ( 'NONE',  ( -4.965029436117420758, -11.73452356626243720, 8.000000000000000000 ) ) ;
#6777 = CARTESIAN_POINT ( 'NONE',  ( 7.906868104074138870, -9.376012365377775382, 0.000000000000000000 ) ) ;
#6778 = CARTESIAN_POINT ( 'NONE',  ( -8.348190801685142048, -9.625916629980782346, 8.000000000000000000 ) ) ;
#6779 = ADVANCED_FACE ( 'NONE', ( #7291 ), #3589, .T. ) ;
#6780 = CARTESIAN_POINT ( 'NONE',  ( -8.881356617214091642, -7.313425558786570413, 8.000000000000000000 ) ) ;
#6781 = EDGE_CURVE ( 'NONE', #5061, #1184, #3817, .T. ) ;
#6782 = ORIENTED_EDGE ( 'NONE', *, *, #6804, .T. ) ;
#6783 = CARTESIAN_POINT ( 'NONE',  ( -6.626067776680073074, -12.02849558175092071, 8.000000000000000000 ) ) ;
#6784 = CARTESIAN_POINT ( 'NONE',  ( 9.338196514606284637, -7.850195268865080678, 8.000000000000000000 ) ) ;
#6785 = CARTESIAN_POINT ( 'NONE',  ( 11.16457150618553307, -4.476617511823930862, 0.000000000000000000 ) ) ;
#6786 = CARTESIAN_POINT ( 'NONE',  ( 6.626067776682448951, -12.02849558169537048, 0.000000000000000000 ) ) ;
#6787 = CARTESIAN_POINT ( 'NONE',  ( -4.668788839230860965, 11.41672744483952151, 0.000000000000000000 ) ) ;
#6788 = DIRECTION ( 'NONE',  ( 0.000000000000000000, 0.000000000000000000, 1.000000000000000000 ) ) ;
#6789 = CC_DESIGN_DATE_AND_TIME_ASSIGNMENT ( #3116, #7634, ( #6341 ) ) ;
#6790 = CARTESIAN_POINT ( 'NONE',  ( 8.972047302895285625, 9.886832010614893917, 0.000000000000000000 ) ) ;
#6791 = CARTESIAN_POINT ( 'NONE',  ( 11.85123473191531041, 6.631537913675668250, 8.000000000000000000 ) ) ;
#6792 = ORIENTED_EDGE ( 'NONE', *, *, #4216, .F. ) ;
#6793 = B_SPLINE_CURVE_WITH_KNOTS ( 'NONE', 3,
 ( #5703, #145, #7689, #3286, #7605, #1305, #3823, #687, #1964, #7023, #5823, #5194, #3201, #5737, #1342, #2664, #3863, #60, #6106, #4225, #468, #1620, #5907, #6716, #511, #7815, #5279, #1704, #4612 ),
 .UNSPECIFIED., .F., .F.,
 ( 4, 1, 1, 1, 1, 1, 1, 1, 1, 1, 1, 1, 1, 1, 1, 1, 1, 1, 1, 1, 1, 1, 1, 1, 1, 1, 4 ),
 ( 0.000000000000000000, 0.1659160033276295687, 0.1709059215442318980, 0.1766635194393566533, 0.1831887970181514946, 0.1904817542841363842, 0.1985423912398269763, 0.2073707078870824505, 0.2169667042273148994, 0.2273303802616239988, 0.2384617359908808298, 0.2503607714157882747, 0.2630274865369212067, 0.2764618813547564669, 0.2906639558696927361, 0.3056337100820685215, 0.3213711439921715929, 0.3378762576002503071, 0.3551490509065193812, 0.3731895239111665541, 0.3919976766143570268, 0.4115735090162354615, 0.4319170211169303109, 0.4530282129165571492, 0.4749070844152180060, 0.4975536356130059734, 0.5074316978669449751 ),
 .UNSPECIFIED. ) ;
#6794 = CARTESIAN_POINT ( 'NONE',  ( -11.20891349420030636, -4.507497455256148200, 8.000000000000000000 ) ) ;
#6795 = VERTEX_POINT ( 'NONE', #3058 ) ;
#6796 = CARTESIAN_POINT ( 'NONE',  ( -6.622827502596288163, 8.704427730807712038, 0.000000000000000000 ) ) ;
#6797 = CIRCLE ( 'NONE', #1715, 13.75000000000000000 ) ;
#6798 = CARTESIAN_POINT ( 'NONE',  ( -2.919073574173006058, -12.13967088095520097, 8.000000000000000000 ) ) ;
#6799 = CARTESIAN_POINT ( 'NONE',  ( -2.841541163098047384, 12.61481170127150087, 0.000000000000000000 ) ) ;
#6800 = CARTESIAN_POINT ( 'NONE',  ( 2.927269694296160907, -12.05785317090582076, 8.000000000000000000 ) ) ;
#6801 = CARTESIAN_POINT ( 'NONE',  ( -1.709570872969507382, 13.62596226217982753, 0.000000000000000000 ) ) ;
#6802 = CARTESIAN_POINT ( 'NONE',  ( -6.418760976341363111, 10.23507608951704917, 0.000000000000000000 ) ) ;
#6803 = CARTESIAN_POINT ( 'NONE',  ( -9.455639197970779009, 8.034402175150727743, 0.000000000000000000 ) ) ;
#6804 = EDGE_CURVE ( 'NONE', #1477, #7780, #6920, .T. ) ;
#6805 = CARTESIAN_POINT ( 'NONE',  ( 9.267416903472005529, -7.750629585191619597, 0.000000000000000000 ) ) ;
#6806 = B_SPLINE_CURVE_WITH_KNOTS ( 'NONE', 3,
 ( #2059, #872, #4630, #2020, #3844, #4585, #5169, #2681, #2723, #7041, #2098, #4543, #5843, #7078, #3385, #7668, #1982, #7119, #5927, #1399, #82, #5255, #249, #7788, #2769, #4466, #3922, #6457, #5756 ),
 .UNSPECIFIED., .F., .F.,
 ( 4, 1, 1, 1, 1, 1, 1, 1, 1, 1, 1, 1, 1, 1, 1, 1, 1, 1, 1, 1, 1, 1, 1, 1, 1, 1, 4 ),
 ( 0.4925683021330554689, 0.5024463643869940821, 0.5250929155847819940, 0.5469717870834428508, 0.5680829788830696891, 0.5884264909837645385, 0.6080023233856429732, 0.6268104760888334459, 0.6448509490934806188, 0.6621237423997496929, 0.6786288560078284071, 0.6943662899179314785, 0.7093360441303072639, 0.7235381186452435331, 0.7369725134630787933, 0.7496392285842117253, 0.7615382640091191702, 0.7726696197383760012, 0.7830332957726851006, 0.7926292921129175495, 0.8014576087601730237, 0.8095182457158636158, 0.8168112029818485054, 0.8233364805606433467, 0.8290940784557681020, 0.8340839966723704313, 1.000000000000000000 ),
 .UNSPECIFIED. ) ;
#6807 = CYLINDRICAL_SURFACE ( 'NONE', #5291, 5.000000000000000888 ) ;
#6808 = CARTESIAN_POINT ( 'NONE',  ( -12.04862852631976722, 6.625183064392203391, 0.000000000000000000 ) ) ;
#6809 = VERTEX_POINT ( 'NONE', #1158 ) ;
#6810 = CARTESIAN_POINT ( 'NONE',  ( 11.87581303661955623, 5.115945187291778495, 0.000000000000000000 ) ) ;
#6811 = CARTESIAN_POINT ( 'NONE',  ( 11.66361783702272881, 2.940710835118589106, 8.000000000000000000 ) ) ;
#6812 = CARTESIAN_POINT ( 'NONE',  ( -12.69447357664507692, 1.095856395948356488, 0.000000000000000000 ) ) ;
#6813 = EDGE_CURVE ( 'NONE', #33, #3478, #1045, .T. ) ;
#6814 = CARTESIAN_POINT ( 'NONE',  ( -0.8620871873792290696, -12.16898868378441634, 0.000000000000000000 ) ) ;
#6815 = AXIS2_PLACEMENT_3D ( 'NONE', #6111, #2946, #2328 ) ;
#6816 = CARTESIAN_POINT ( 'NONE',  ( 7.577720000373771470, -9.126433365741073445, 8.000000000000000000 ) ) ;
#6817 = DIRECTION ( 'NONE',  ( -1.000000000000000000, 0.000000000000000000, 0.000000000000000000 ) ) ;
#6818 = CARTESIAN_POINT ( 'NONE',  ( -6.588591420233394835, -11.01428446989504906, 8.000000000000000000 ) ) ;
#6819 = EDGE_LOOP ( 'NONE', ( #7806, #2157 ) ) ;
#6820 = AXIS2_PLACEMENT_3D ( 'NONE', #5374, #6038, #537 ) ;
#6821 = CARTESIAN_POINT ( 'NONE',  ( -12.31670401296926443, 2.895913797652461596, 0.000000000000000000 ) ) ;
#6822 = EDGE_CURVE ( 'NONE', #4104, #5469, #761, .T. ) ;
#6823 = CARTESIAN_POINT ( 'NONE',  ( 5.038066446831270362, -11.80431640392010806, 8.000000000000000000 ) ) ;
#6824 = DIRECTION ( 'NONE',  ( -0.6396556736767858853, -0.1713952211956810689, -0.7493092133988349390 ) ) ;
#6825 = DIRECTION ( 'NONE',  ( 0.000000000000000000, 0.000000000000000000, -1.000000000000000000 ) ) ;
#6826 = CARTESIAN_POINT ( 'NONE',  ( -8.348190801685142048, -9.625916629980782346, 0.000000000000000000 ) ) ;
#6827 = CARTESIAN_POINT ( 'NONE',  ( -9.267416903471895395, -7.750629585191753712, 0.000000000000000000 ) ) ;
#6828 = VERTEX_POINT ( 'NONE', #4959 ) ;
#6829 = CARTESIAN_POINT ( 'NONE',  ( -6.611064424922749261, -11.22924223885654627, 0.000000000000000000 ) ) ;
#6830 = CIRCLE ( 'NONE', #2187, 13.75000000000000000 ) ;
#6831 = CARTESIAN_POINT ( 'NONE',  ( 9.582420452220691942, -8.262247439007721184, -5.204170427930421283E-15 ) ) ;
#6832 = CARTESIAN_POINT ( 'NONE',  ( 11.41672744483956414, -4.668788839230741949, 0.000000000000000000 ) ) ;
#6833 = CARTESIAN_POINT ( 'NONE',  ( -4.386616976970960202, 11.02139818175202279, 0.000000000000000000 ) ) ;
#6834 = CARTESIAN_POINT ( 'NONE',  ( -2.937812879663857402, 11.90787246215809780, 8.000000000000000000 ) ) ;
#6835 = CARTESIAN_POINT ( 'NONE',  ( -11.95399604505280244, -0.7941151212463930520, 8.000000000000000000 ) ) ;
#6836 = CARTESIAN_POINT ( 'NONE',  ( 9.411632514553645024, -10.02415449855979723, 0.000000000000000000 ) ) ;
#6837 = EDGE_CURVE ( 'NONE', #1779, #6544, #6493, .T. ) ;
#6838 = VERTEX_POINT ( 'NONE', #5558 ) ;
#6839 = DIRECTION ( 'NONE',  ( -1.000000000000000000, 0.000000000000000000, 0.000000000000000000 ) ) ;
#6840 = EDGE_LOOP ( 'NONE', ( #5162, #2081, #1759, #4834 ) ) ;
#6841 = CARTESIAN_POINT ( 'NONE',  ( -9.094348737717186992, -9.928529331195923291, 8.000000000000000000 ) ) ;
#6842 = CARTESIAN_POINT ( 'NONE',  ( -2.644734409371002570, 13.32045193209910039, 0.000000000000000000 ) ) ;
#6843 = CARTESIAN_POINT ( 'NONE',  ( 2.895913797652593047, -12.31670401296923245, 8.000000000000000000 ) ) ;
#6844 = CARTESIAN_POINT ( 'NONE',  ( -0.2416457505997640642, -10.93483029503508597, 0.000000000000000000 ) ) ;
#6845 = CARTESIAN_POINT ( 'NONE',  ( 0.4260874882820321896, 11.01956640342973692, 0.000000000000000000 ) ) ;
#6846 = CARTESIAN_POINT ( 'NONE',  ( -9.415217936709943558, 7.968244849358848469, 8.000000000000000000 ) ) ;
#6847 = CARTESIAN_POINT ( 'NONE',  ( 0.7941151212463513076, -11.95399604505280600, 8.000000000000000000 ) ) ;
#6848 = CARTESIAN_POINT ( 'NONE',  ( -12.00148937107103286, 0.8074739252555862556, 0.000000000000000000 ) ) ;
#6849 = CARTESIAN_POINT ( 'NONE',  ( -10.35164078446983815, 6.455308898419755970, 0.000000000000000000 ) ) ;
#6850 = ORIENTED_EDGE ( 'NONE', *, *, #7736, .F. ) ;
#6851 = CARTESIAN_POINT ( 'NONE',  ( -11.25643158326924897, 4.542018187747182800, 0.000000000000000000 ) ) ;
#6852 = FACE_OUTER_BOUND ( 'NONE', #2457, .T. ) ;
#6853 = CARTESIAN_POINT ( 'NONE',  ( 13.86841724986809332, 34.01824172099044574, -13.30610390784111630 ) ) ;
#6854 = CARTESIAN_POINT ( 'NONE',  ( -1.051893166807160940, -12.60876818853259174, 0.000000000000000000 ) ) ;
#6855 = CARTESIAN_POINT ( 'NONE',  ( 10.70664486910366442, 4.210990906300012604, 8.000000000000000000 ) ) ;
#6856 = CARTESIAN_POINT ( 'NONE',  ( -6.418760976341290281, -10.23507608951709180, 8.000000000000000000 ) ) ;
#6857 = VERTEX_POINT ( 'NONE', #5833 ) ;
#6858 = CIRCLE ( 'NONE', #376, 13.75000000000000000 ) ;
#6859 = CARTESIAN_POINT ( 'NONE',  ( -11.61432090236922221, 2.938739567862336255, 8.000000000000000000 ) ) ;
#6860 = DIRECTION ( 'NONE',  ( 1.000000000000000000, 0.000000000000000000, 0.000000000000000000 ) ) ;
#6861 = CARTESIAN_POINT ( 'NONE',  ( -4.622531273494459469, -11.36047427339667237, 0.000000000000000000 ) ) ;
#6862 = CARTESIAN_POINT ( 'NONE',  ( -0.8857088747961672226, 12.23289380645680424, 8.000000000000000000 ) ) ;
#6863 = AXIS2_PLACEMENT_3D ( 'NONE', #3967, #744, #829 ) ;
#6864 = DIRECTION ( 'NONE',  ( 0.000000000000000000, 0.000000000000000000, 1.000000000000000000 ) ) ;
#6865 = AXIS2_PLACEMENT_3D ( 'NONE', #5563, #7138, #5859 ) ;
#6866 = CARTESIAN_POINT ( 'NONE',  ( 2.600000000000000089, 0.000000000000000000, 8.000000000000000000 ) ) ;
#6867 = ORIENTED_EDGE ( 'NONE', *, *, #6837, .T. ) ;
#6868 = CARTESIAN_POINT ( 'NONE',  ( -6.632284204934351557, -11.71732392095628228, 8.000000000000000000 ) ) ;
#6869 = VECTOR ( 'NONE', #8100, 1000.000000000000114 ) ;
#6870 = CARTESIAN_POINT ( 'NONE',  ( 9.234787594130864363, -7.707558585906779669, -5.204170427930421283E-15 ) ) ;
#6871 = LOCAL_TIME ( 12, 4, 5.000000000000000000, #5692 ) ;
#6872 = CARTESIAN_POINT ( 'NONE',  ( 11.13701600410299619, 2.886444749237187857, 0.000000000000000000 ) ) ;
#6873 = EDGE_CURVE ( 'NONE', #7292, #1133, #4869, .T. ) ;
#6874 = CARTESIAN_POINT ( 'NONE',  ( 11.49488719732987718, -2.929367628693651415, 8.000000000000000000 ) ) ;
#6875 = CARTESIAN_POINT ( 'NONE',  ( -2.577692551524129794, 13.50622083004039276, 8.000000000000000000 ) ) ;
#6876 = CARTESIAN_POINT ( 'NONE',  ( 8.348190801685282381, -9.625916629980661554, 0.000000000000000000 ) ) ;
#6877 = ORIENTED_EDGE ( 'NONE', *, *, #8144, .F. ) ;
#6878 = CARTESIAN_POINT ( 'NONE',  ( -12.17545110014127197, -5.477724940116900143, 8.000000000000000000 ) ) ;
#6879 = ORIENTED_EDGE ( 'NONE', *, *, #7671, .F. ) ;
#6880 = CARTESIAN_POINT ( 'NONE',  ( -9.411632514553570417, 10.02415449855987006, 0.000000000000000000 ) ) ;
#6881 = EDGE_CURVE ( 'NONE', #6809, #1559, #3834, .T. ) ;
#6882 = B_SPLINE_CURVE_WITH_KNOTS ( 'NONE', 3,
 ( #5228, #4607, #7601, #5733, #1260, #641, #5700, #7642, #98, #2660, #1377, #1957, #2619, #7057, #3281, #6434, #765, #4560, #1416, #5819, #7723, #2038, #6476, #308, #5318, #2162, #6603, #4109, #933 ),
 .UNSPECIFIED., .F., .F.,
 ( 4, 1, 1, 1, 1, 1, 1, 1, 1, 1, 1, 1, 1, 1, 1, 1, 1, 1, 1, 1, 1, 1, 1, 1, 1, 1, 4 ),
 ( 0.000000000000000000, 0.1659160033276295965, 0.1709059215442318702, 0.1766635194393565977, 0.1831887970181514669, 0.1904817542841364120, 0.1985423912398269763, 0.2073707078870824227, 0.2169667042273148716, 0.2273303802616240543, 0.2384617359908808021, 0.2503607714157882191, 0.2630274865369212067, 0.2764618813547564669, 0.2906639558696927361, 0.3056337100820685215, 0.3213711439921715929, 0.3378762576002502516, 0.3551490509065193812, 0.3731895239111665541, 0.3919976766143570268, 0.4115735090162354615, 0.4319170211169303109, 0.4530282129165571492, 0.4749070844152180060, 0.4975536356130058624, 0.5074316978669448641 ),
 .UNSPECIFIED. ) ;
#6883 = CARTESIAN_POINT ( 'NONE',  ( -13.27225220462996624, -1.447204694645842782, 0.000000000000000000 ) ) ;
#6884 = FACE_OUTER_BOUND ( 'NONE', #5962, .T. ) ;
#6885 = CARTESIAN_POINT ( 'NONE',  ( -11.34404188716884931, -6.619621129381234148, 0.000000000000000000 ) ) ;
#6886 = CARTESIAN_POINT ( 'NONE',  ( 13.57387004037413725, 1.668469543058363147, 0.000000000000000000 ) ) ;
#6887 = CARTESIAN_POINT ( 'NONE',  ( -9.338196514606226017, 7.850195268865149956, 0.000000000000000000 ) ) ;
#6888 = CARTESIAN_POINT ( 'NONE',  ( 1.195724957047537229, -12.87548337994386038, 8.000000000000000000 ) ) ;
#6889 = CARTESIAN_POINT ( 'NONE',  ( -12.10906341627276994, 0.8412873393389606047, 0.000000000000000000 ) ) ;
#6890 = EDGE_CURVE ( 'NONE', #573, #283, #2534, .T. ) ;
#6891 = CARTESIAN_POINT ( 'NONE',  ( 10.02415449855997132, -9.411632514553458506, 0.000000000000000000 ) ) ;
#6892 = VERTEX_POINT ( 'NONE', #2051 ) ;
#6893 = CARTESIAN_POINT ( 'NONE',  ( -12.17545110014131282, 5.477724940116812213, 0.000000000000000000 ) ) ;
#6894 = LINE ( 'NONE', #3730, #6406 ) ;
#6895 = CARTESIAN_POINT ( 'NONE',  ( 10.01877448794986591, 9.392211555377381060, 8.000000000000000000 ) ) ;
#6896 = CARTESIAN_POINT ( 'NONE',  ( -1.722120468130897031, -13.64173013562592907, 8.000000000000000000 ) ) ;
#6897 = CARTESIAN_POINT ( 'NONE',  ( 10.33666240664856062, 4.161888422927208175, 8.000000000000000000 ) ) ;
#6898 = PERSON_AND_ORGANIZATION ( #316, #4205 ) ;
#6899 = PLANE ( 'NONE',  #7943 ) ;
#6900 = ORIENTED_EDGE ( 'NONE', *, *, #3577, .T. ) ;
#6901 = DIRECTION ( 'NONE',  ( -1.000000000000000000, 0.000000000000000000, 0.000000000000000000 ) ) ;
#6902 = ORIENTED_EDGE ( 'NONE', *, *, #4588, .T. ) ;
#6903 = CARTESIAN_POINT ( 'NONE',  ( 5.581155335977028287, -12.25290083038833089, 8.000000000000000000 ) ) ;
#6904 = CARTESIAN_POINT ( 'NONE',  ( -5.836552422531232409, -12.43077374740202323, 8.000000000000000000 ) ) ;
#6905 = CARTESIAN_POINT ( 'NONE',  ( -1.447204694645796375, 13.27225220462997157, 0.000000000000000000 ) ) ;
#6906 = ADVANCED_FACE ( 'NONE', ( #7069 ), #738, .T. ) ;
#6907 = CARTESIAN_POINT ( 'NONE',  ( -7.750629585191656012, -9.267416903471977108, 8.000000000000000000 ) ) ;
#6908 = EDGE_LOOP ( 'NONE', ( #4794, #1556, #545, #6532 ) ) ;
#6909 = EDGE_CURVE ( 'NONE', #3665, #5501, #4082, .T. ) ;
#6910 = ADVANCED_FACE ( 'NONE', ( #6695 ), #5767, .T. ) ;
#6911 = CARTESIAN_POINT ( 'NONE',  ( -9.338196514606172727, -7.850195268865215681, 0.000000000000000000 ) ) ;
#6912 = CARTESIAN_POINT ( 'NONE',  ( 19.54619718853809118, 50.14427191814441187, -3.260507420625021968 ) ) ;
#6913 = ORIENTED_EDGE ( 'NONE', *, *, #2390, .F. ) ;
#6914 = CARTESIAN_POINT ( 'NONE',  ( 9.301941798724861599, -7.798144649837091436, 8.000000000000000000 ) ) ;
#6915 = CARTESIAN_POINT ( 'NONE',  ( 9.625916629980816097, -8.348190801685102969, 8.000000000000000000 ) ) ;
#6916 = CARTESIAN_POINT ( 'NONE',  ( 11.60070094346941261, -4.833073392807540003, 0.000000000000000000 ) ) ;
#6917 = CARTESIAN_POINT ( 'NONE',  ( 10.47431425022855755, 3.149229626029041551, 0.000000000000000000 ) ) ;
#6918 = EDGE_CURVE ( 'NONE', #1877, #3835, #1428, .T. ) ;
#6919 = CARTESIAN_POINT ( 'NONE',  ( 10.80883218877871599, -2.708699257713604869, -5.204170427930421283E-15 ) ) ;
#6920 = LINE ( 'NONE', #8155, #8062 ) ;
#6921 = ORIENTED_EDGE ( 'NONE', *, *, #3007, .T. ) ;
#6922 = CARTESIAN_POINT ( 'NONE',  ( 10.32496896312099288, -3.608867157514701329, 0.000000000000000000 ) ) ;
#6923 = VERTEX_POINT ( 'NONE', #4284 ) ;
#6924 = CARTESIAN_POINT ( 'NONE',  ( -7.798144649837195352, 9.301941798724778110, 0.000000000000000000 ) ) ;
#6925 = CARTESIAN_POINT ( 'NONE',  ( 13.50622083004036611, 2.577692551524272790, 0.000000000000000000 ) ) ;
#6926 = CARTESIAN_POINT ( 'NONE',  ( -9.392211555323777716, -10.01877448793499248, 0.000000000000000000 ) ) ;
#6927 = CARTESIAN_POINT ( 'NONE',  ( -11.46368139467874236, -6.626136714284709406, 8.000000000000000000 ) ) ;
#6928 = CARTESIAN_POINT ( 'NONE',  ( 13.64173013562590775, 1.722120468131038029, 0.000000000000000000 ) ) ;
#6929 = FACE_OUTER_BOUND ( 'NONE', #4796, .T. ) ;
#6930 = CARTESIAN_POINT ( 'NONE',  ( 1.095856395948400897, -12.69447357664507514, 8.000000000000000000 ) ) ;
#6931 = LINE ( 'NONE', #1249, #5511 ) ;
#6932 = CARTESIAN_POINT ( 'NONE',  ( -11.20891349420033833, 4.507497455256067376, 8.000000000000000000 ) ) ;
#6933 = DIRECTION ( 'NONE',  ( 0.6750363312718933306, 0.000000000000000000, -0.7377844884944265713 ) ) ;
#6934 = CARTESIAN_POINT ( 'NONE',  ( 9.625916629980634909, 8.348190801685314355, 8.000000000000000000 ) ) ;
#6935 = ADVANCED_FACE ( 'NONE', ( #3125 ), #3006, .F. ) ;
#6936 = CARTESIAN_POINT ( 'NONE',  ( 2.442914321589912507, 33.07116207543229791, -13.68991984619307978 ) ) ;
#6937 = CARTESIAN_POINT ( 'NONE',  ( 11.12353076645866956, 4.449236289362211494, 0.000000000000000000 ) ) ;
#6938 = VERTEX_POINT ( 'NONE', #6866 ) ;
#6939 = EDGE_CURVE ( 'NONE', #4684, #3368, #1887, .T. ) ;
#6940 = CARTESIAN_POINT ( 'NONE',  ( 6.338109664291305734, -10.02706299306001902, 0.000000000000000000 ) ) ;
#6941 = ORIENTED_EDGE ( 'NONE', *, *, #6621, .T. ) ;
#6942 =( BOUNDED_SURFACE ( )  B_SPLINE_SURFACE ( 3, 2, ( 
 ( #2154, #4102, #6635 ),
 ( #6467, #5220, #799 ),
 ( #965, #4680, #881 ),
 ( #2236, #5309, #2733 ),
 ( #216, #174, #7088 ),
 ( #3311, #7883, #1535 ),
 ( #3474, #5265, #838 ),
 ( #7801, #2108, #7130 ),
 ( #1452, #3394, #3976 ),
 ( #6551, #5937, #4640 ) ),
 .UNSPECIFIED., .F., .F., .F. ) 
 B_SPLINE_SURFACE_WITH_KNOTS ( ( 4, 2, 2, 2, 4 ),
 ( 3, 3 ),
 ( 0.000000000000000000, 0.3926990816987241395, 0.7853981633974482790, 1.178097245096172418, 1.570796326794896558 ),
 ( 0.000000000000000000, 1.000000000000000000 ),
 .UNSPECIFIED. ) 
 GEOMETRIC_REPRESENTATION_ITEM ( )  RATIONAL_B_SPLINE_SURFACE ( (
 ( 1.000000000000000000, 0.9116524235205384352, 1.000000000000000000),
 ( 1.000000000000000000, 0.9116615865082143833, 1.000000000000000000),
 ( 1.000000000000000000, 0.9069606228731517117, 1.000000000000000000),
 ( 1.000000000000000000, 0.8884845949645114871, 1.000000000000000000),
 ( 1.000000000000000000, 0.8746986112347802100, 1.000000000000000000),
 ( 1.000000000000000000, 0.8389293836819143868, 1.000000000000000000),
 ( 1.000000000000000000, 0.8169412326090709220, 1.000000000000000000),
 ( 1.000000000000000000, 0.7663595794512706449, 1.000000000000000000),
 ( 1.000000000000000000, 0.7377723081801734750, 1.000000000000000000),
 ( 1.000000000000000000, 0.7071067811865473507, 1.000000000000000000) ) ) 
 REPRESENTATION_ITEM ( '' )  SURFACE ( )  );
#6943 = CARTESIAN_POINT ( 'NONE',  ( 4.476617511824125373, -11.16457150618545668, 8.000000000000000000 ) ) ;
#6944 = CARTESIAN_POINT ( 'NONE',  ( 6.527568552596234142, -10.64346975476059676, 0.000000000000000000 ) ) ;
#6945 = DIRECTION ( 'NONE',  ( 1.000000000000000000, 0.000000000000000000, 0.000000000000000000 ) ) ;
#6946 = CARTESIAN_POINT ( 'NONE',  ( -1.668469543075102646, 13.57387004039618539, 8.000000000000000000 ) ) ;
#6947 = CARTESIAN_POINT ( 'NONE',  ( -1.143751547996471052, -12.78342018721907358, 8.000000000000000000 ) ) ;
#6948 = ORIENTED_EDGE ( 'NONE', *, *, #3131, .F. ) ;
#6949 = CARTESIAN_POINT ( 'NONE',  ( -8.544655887209446021, -7.152395453489273969, 8.000000000000000000 ) ) ;
#6950 = CARTESIAN_POINT ( 'NONE',  ( 12.23289380645679536, 0.8857088747962953423, 8.000000000000000000 ) ) ;
#6951 = ORIENTED_EDGE ( 'NONE', *, *, #1558, .F. ) ;
#6952 = CARTESIAN_POINT ( 'NONE',  ( -6.338109664291160961, -10.02706299306011140, 0.000000000000000000 ) ) ;
#6953 = B_SPLINE_CURVE_WITH_KNOTS ( 'NONE', 3,
 ( #6917, #2516, #6872, #3093, #3713, #6255, #1272, #3791, #577, #5632, #8152, #4997, #6334, #1236, #6292, #615, #3132, #5668, #653, #3172, #5710, #30, #2551, #7612, #4452, #7153, #153, #7696, #7775 ),
 .UNSPECIFIED., .F., .F.,
 ( 4, 1, 1, 1, 1, 1, 1, 1, 1, 1, 1, 1, 1, 1, 1, 1, 1, 1, 1, 1, 1, 1, 1, 1, 1, 1, 4 ),
 ( 0.000000000000000000, 0.1659160033276295965, 0.1709059215442318702, 0.1766635194393565977, 0.1831887970181514669, 0.1904817542841364120, 0.1985423912398269763, 0.2073707078870824227, 0.2169667042273148716, 0.2273303802616240543, 0.2384617359908808021, 0.2503607714157882191, 0.2630274865369212067, 0.2764618813547564669, 0.2906639558696927361, 0.3056337100820685215, 0.3213711439921715929, 0.3378762576002502516, 0.3551490509065193812, 0.3731895239111665541, 0.3919976766143570268, 0.4115735090162354615, 0.4319170211169303109, 0.4530282129165571492, 0.4749070844152180060, 0.4975536356130058624, 0.5074316978669447531 ),
 .UNSPECIFIED. ) ;
#6954 = CARTESIAN_POINT ( 'NONE',  ( 7.637339272554340752, 33.21351727946181853, -9.010682701304943976 ) ) ;
#6955 = CARTESIAN_POINT ( 'NONE',  ( 11.66659828334871207, -4.896733499128975708, 8.000000000000000000 ) ) ;
#6956 = DIRECTION ( 'NONE',  ( 0.000000000000000000, 0.000000000000000000, -1.000000000000000000 ) ) ;
#6957 = CARTESIAN_POINT ( 'NONE',  ( 10.81899503309348276, 6.560248542580196407, 8.000000000000000000 ) ) ;
#6958 = ORIENTED_EDGE ( 'NONE', *, *, #5922, .T. ) ;
#6959 = AXIS2_PLACEMENT_3D ( 'NONE', #4805, #1003, #1046 ) ;
#6960 = CARTESIAN_POINT ( 'NONE',  ( 11.53698844606709883, -4.773939382172875945, 8.000000000000000000 ) ) ;
#6961 = ORIENTED_EDGE ( 'NONE', *, *, #6182, .T. ) ;
#6962 = B_SPLINE_SURFACE_WITH_KNOTS ( 'NONE', 3, 1, ( 
 ( #7349, #3655 ),
 ( #6157, #6027 ),
 ( #6071, #3524 ),
 ( #6198, #4775 ),
 ( #1672, #477 ),
 ( #2995, #5360 ),
 ( #395, #4190 ),
 ( #1588, #6726 ),
 ( #4900, #1757 ),
 ( #7268, #4273 ),
 ( #7894, #6770 ),
 ( #4734, #2950 ),
 ( #2204, #2331 ),
 ( #3567, #7974 ),
 ( #2290, #6644 ),
 ( #436, #1097 ),
 ( #352, #5489 ),
 ( #1629, #974 ),
 ( #3484, #4151 ),
 ( #2912, #5401 ),
 ( #6687, #1015 ),
 ( #523, #1294 ),
 ( #1797, #6937 ),
 ( #3814, #4979 ),
 ( #3734, #1876 ),
 ( #7597, #6242 ),
 ( #6855, #4319 ),
 ( #6897, #563 ),
 ( #5099, #1181 ) ),
 .UNSPECIFIED., .F., .F., .F.,
 ( 4, 1, 1, 1, 1, 1, 1, 1, 1, 1, 1, 1, 1, 1, 1, 1, 1, 1, 1, 1, 1, 1, 1, 1, 1, 1, 4 ),
 ( 2, 2 ),
 ( 0.4925683021194529609, 0.5024463643869940821, 0.5250929155847819940, 0.5469717870834428508, 0.5680829788830696891, 0.5884264909837645385, 0.6080023233856429732, 0.6268104760888334459, 0.6448509490934806188, 0.6621237423997496929, 0.6786288560078284071, 0.6943662899179314785, 0.7093360441303072639, 0.7235381186452435331, 0.7369725134630787933, 0.7496392285842117253, 0.7615382640091191702, 0.7726696197383760012, 0.7830332957726851006, 0.7926292921129175495, 0.8014576087601730237, 0.8095182457158636158, 0.8168112029818485054, 0.8233364805606433467, 0.8290940784557681020, 0.8340839966723704313, 1.000000000000000000 ),
 ( 0.000000000000000000, 1.000000000000000000 ),
 .UNSPECIFIED. ) ;
#6963 = CARTESIAN_POINT ( 'NONE',  ( -7.968244849358884885, 9.415217936709918689, 0.000000000000000000 ) ) ;
#6964 = CARTESIAN_POINT ( 'NONE',  ( 12.83440038321943000, -2.790132082466497021, 8.000000000000000000 ) ) ;
#6965 = AXIS2_PLACEMENT_3D ( 'NONE', #2605, #7083, #4591 ) ;
#6966 = CARTESIAN_POINT ( 'NONE',  ( 3.149229626029005136, -10.47431425022856821, 8.000000000000000000 ) ) ;
#6967 = CARTESIAN_POINT ( 'NONE',  ( -10.41722559423731020, -6.473761040516483156, 0.000000000000000000 ) ) ;
#6968 = CARTESIAN_POINT ( 'NONE',  ( -6.631537913675538576, 11.85123473191538501, 0.000000000000000000 ) ) ;
#6969 = CARTESIAN_POINT ( 'NONE',  ( -8.881356617214141380, 7.313425558786508240, 0.000000000000000000 ) ) ;
#6970 = CARTESIAN_POINT ( 'NONE',  ( 1.312474532673086891, -13.06843834723477649, 0.000000000000000000 ) ) ;
#6971 = CARTESIAN_POINT ( 'NONE',  ( 11.95399604505281488, -0.7941151212462261855, 8.000000000000000000 ) ) ;
#6972 = FACE_OUTER_BOUND ( 'NONE', #1841, .T. ) ;
#6973 = CARTESIAN_POINT ( 'NONE',  ( 12.51119373526724132, 2.862521721341894754, 8.000000000000000000 ) ) ;
#6974 = CARTESIAN_POINT ( 'NONE',  ( 9.376012365377748736, 7.906868104074169956, 8.000000000000000000 ) ) ;
#6975 = CARTESIAN_POINT ( 'NONE',  ( -11.73452356626238746, -4.965029436117550432, 8.000000000000000000 ) ) ;
#6976 = FACE_OUTER_BOUND ( 'NONE', #4408, .T. ) ;
#6977 = ADVANCED_FACE ( 'NONE', ( #3664 ), #2343, .T. ) ;
#6978 = ORIENTED_EDGE ( 'NONE', *, *, #495, .F. ) ;
#6979 = CIRCLE ( 'NONE', #6577, 10.93750000000000000 ) ;
#6980 = CARTESIAN_POINT ( 'NONE',  ( 12.05320353502386688, -0.8231400688184353776, 8.000000000000000000 ) ) ;
#6981 = CARTESIAN_POINT ( 'NONE',  ( -0.6963551242057646196, 11.48389212362418377, 8.000000000000000000 ) ) ;
#6982 = CARTESIAN_POINT ( 'NONE',  ( -2.708699257713637287, -10.80883218877870888, 0.000000000000000000 ) ) ;
#6983 = CARTESIAN_POINT ( 'NONE',  ( 12.89531791638762392, 29.67497027450687241, -3.260507420625022412 ) ) ;
#6984 = EDGE_CURVE ( 'NONE', #6064, #5824, #3538, .T. ) ;
#6985 = CARTESIAN_POINT ( 'NONE',  ( -1.521639563755415203, 13.37787302532245448, 8.000000000000000000 ) ) ;
#6986 = CARTESIAN_POINT ( 'NONE',  ( 10.68261108938447634, 23.16949235134497442, 8.000000000000000000 ) ) ;
#6987 = ORIENTED_EDGE ( 'NONE', *, *, #758, .T. ) ;
#6988 = DIRECTION ( 'NONE',  ( 0.000000000000000000, -0.000000000000000000, -1.000000000000000000 ) ) ;
#6989 = CIRCLE ( 'NONE', #5121, 1.000000000000001776 ) ;
#6990 = FACE_OUTER_BOUND ( 'NONE', #6430, .T. ) ;
#6991 = CARTESIAN_POINT ( 'NONE',  ( -1.722120468130896143, -13.64173013562592907, 0.000000000000000000 ) ) ;
#6992 = AXIS2_PLACEMENT_3D ( 'NONE', #689, #3203, #3529 ) ;
#6993 = B_SPLINE_CURVE_WITH_KNOTS ( 'NONE', 3,
 ( #4599, #7132, #6675, #5979 ),
 .UNSPECIFIED., .F., .F.,
 ( 4, 4 ),
 ( 0.002221405144533368427, 0.002269256194766665780 ),
 .UNSPECIFIED. ) ;
#6994 = DIRECTION ( 'NONE',  ( -0.7423636110990718961, 0.000000000000000000, -0.6699972156031290815 ) ) ;
#6995 = AXIS2_PLACEMENT_3D ( 'NONE', #2658, #5774, #2036 ) ;
#6996 = DIRECTION ( 'NONE',  ( 1.000000000000000000, 0.000000000000000000, 0.000000000000000000 ) ) ;
#6997 = CARTESIAN_POINT ( 'NONE',  ( 19.75612297747746382, 36.24299391616303012, 1.005451224641173757 ) ) ;
#6998 = ORIENTED_EDGE ( 'NONE', *, *, #6708, .T. ) ;
#6999 = CARTESIAN_POINT ( 'NONE',  ( 12.33100786788154224, -5.689930116769189361, 8.000000000000000000 ) ) ;
#7000 = ORIENTED_EDGE ( 'NONE', *, *, #4528, .T. ) ;
#7001 = CARTESIAN_POINT ( 'NONE',  ( -10.02706299306004567, -6.338109664291265766, 8.000000000000000000 ) ) ;
#7002 = CARTESIAN_POINT ( 'NONE',  ( 11.90787246215812623, -2.937812879663733945, 8.000000000000000000 ) ) ;
#7003 = CARTESIAN_POINT ( 'NONE',  ( 0.7661213205046493169, -11.83751175313650172, 8.000000000000000000 ) ) ;
#7004 = CARTESIAN_POINT ( 'NONE',  ( -10.29093438073243583, -6.436913140481757445, 8.000000000000000000 ) ) ;
#7005 = CARTESIAN_POINT ( 'NONE',  ( 12.37227591337641286, 0.9420826277742860855, 0.000000000000000000 ) ) ;
#7006 = CARTESIAN_POINT ( 'NONE',  ( 7.313425558786411429, 8.881356617214221316, 8.000000000000000000 ) ) ;
#7007 = CARTESIAN_POINT ( 'NONE',  ( 0.8620871873792290696, -12.16898868378441811, 8.000000000000000000 ) ) ;
#7008 = ADVANCED_FACE ( 'NONE', ( #1727 ), #1106, .T. ) ;
#7009 = CARTESIAN_POINT ( 'NONE',  ( -4.210990906299821646, -10.70664486910373903, 0.000000000000000000 ) ) ;
#7010 = CARTESIAN_POINT ( 'NONE',  ( -10.05932550694761929, 6.352286767647560062, 0.000000000000000000 ) ) ;
#7011 = DIRECTION ( 'NONE',  ( 0.000000000000000000, -0.000000000000000000, -1.000000000000000000 ) ) ;
#7012 = CARTESIAN_POINT ( 'NONE',  ( 10.91417308631850247, -6.575057906251617013, 0.000000000000000000 ) ) ;
#7013 = CARTESIAN_POINT ( 'NONE',  ( -11.56976343863534851, -2.936066220364096147, 8.000000000000000000 ) ) ;
#7014 = CARTESIAN_POINT ( 'NONE',  ( 8.988499347771014669, 6.231836464888988125, 0.000000000000000000 ) ) ;
#7015 = DIRECTION ( 'NONE',  ( 0.6750363312718933306, 0.000000000000000000, 0.7377844884944264603 ) ) ;
#7016 = ORIENTED_EDGE ( 'NONE', *, *, #3321, .T. ) ;
#7017 = AXIS2_PLACEMENT_3D ( 'NONE', #338, #6506, #214 ) ;
#7018 = CARTESIAN_POINT ( 'NONE',  ( 2.372422943547987995, 55.78452766026119747, -18.69378740028920660 ) ) ;
#7019 = CARTESIAN_POINT ( 'NONE',  ( -1.051893166807160940, 12.60876818853258996, 8.000000000000000000 ) ) ;
#7020 = CARTESIAN_POINT ( 'NONE',  ( 5.581155335977028287, -12.25290083038833089, 0.000000000000000000 ) ) ;
#7021 = CARTESIAN_POINT ( 'NONE',  ( 8.704427730807637431, 6.622827502596381422, 8.000000000000000000 ) ) ;
#7022 = CARTESIAN_POINT ( 'NONE',  ( -0.2416457505997634259, 10.93483029503508597, 8.000000000000000000 ) ) ;
#7023 = CARTESIAN_POINT ( 'NONE',  ( -11.77637575328571451, 2.941794575437239434, 0.000000000000000000 ) ) ;
#7024 = VERTEX_POINT ( 'NONE', #5587 ) ;
#7025 = B_SPLINE_SURFACE_WITH_KNOTS ( 'NONE', 3, 1, ( 
 ( #6344, #5719 ),
 ( #1207, #3878 ),
 ( #7506, #3258 ),
 ( #2484, #5010 ),
 ( #3105, #3723 ),
 ( #3216, #6415 ),
 ( #4424, #2562 ),
 ( #39, #1903 ),
 ( #5680, #7550 ),
 ( #7004, #3 ),
 ( #1321, #4504 ),
 ( #3842, #6967 ),
 ( #1866, #5089 ),
 ( #3761, #702 ),
 ( #4387, #1824 ),
 ( #6380, #5754 ),
 ( #5047, #3801 ),
 ( #80, #2599 ),
 ( #5798, #5125 ),
 ( #587, #743 ),
 ( #7666, #2444 ),
 ( #4348, #6885 ),
 ( #6927, #6265 ),
 ( #1245, #3920 ),
 ( #2639, #5881 ),
 ( #4669, #5841 ),
 ( #790, #2805 ),
 ( #7705, #1521 ),
 ( #1482, #4008 ) ),
 .UNSPECIFIED., .F., .F., .F.,
 ( 4, 1, 1, 1, 1, 1, 1, 1, 1, 1, 1, 1, 1, 1, 1, 1, 1, 1, 1, 1, 1, 1, 1, 1, 1, 1, 4 ),
 ( 2, 2 ),
 ( 0.000000000000000000, 0.1659160033276295965, 0.1709059215442318702, 0.1766635194393565977, 0.1831887970181514669, 0.1904817542841364120, 0.1985423912398269763, 0.2073707078870824227, 0.2169667042273148716, 0.2273303802616240543, 0.2384617359908808021, 0.2503607714157882191, 0.2630274865369212067, 0.2764618813547564669, 0.2906639558696927361, 0.3056337100820685215, 0.3213711439921715929, 0.3378762576002502516, 0.3551490509065193812, 0.3731895239111665541, 0.3919976766143570268, 0.4115735090162354615, 0.4319170211169303109, 0.4530282129165571492, 0.4749070844152180060, 0.4975536356130058624, 0.5074316978669451972 ),
 ( 0.000000000000000000, 1.000000000000000000 ),
 .UNSPECIFIED. ) ;
#7026 = CYLINDRICAL_SURFACE ( 'NONE', #4202, 13.75000000000000000 ) ;
#7027 = CARTESIAN_POINT ( 'NONE',  ( 11.11684438996311286, 0.7639867559472235392, 0.000000000000000000 ) ) ;
#7028 = CARTESIAN_POINT ( 'NONE',  ( -6.492081297254395089, -10.48771353560528219, 0.000000000000000000 ) ) ;
#7029 = CARTESIAN_POINT ( 'NONE',  ( 11.41672744483956414, -4.668788839230741949, 8.000000000000000000 ) ) ;
#7030 = EDGE_CURVE ( 'NONE', #8115, #876, #264, .T. ) ;
#7031 = CARTESIAN_POINT ( 'NONE',  ( 11.71732392095630715, -6.632284204934304483, 0.000000000000000000 ) ) ;
#7032 = CARTESIAN_POINT ( 'NONE',  ( 0.9420826277741565224, -12.37227591337642352, 0.000000000000000000 ) ) ;
#7033 = ORIENTED_EDGE ( 'NONE', *, *, #7231, .T. ) ;
#7034 = CARTESIAN_POINT ( 'NONE',  ( 11.08591166683806684, -4.425208852857677400, 8.000000000000000000 ) ) ;
#7035 = VERTEX_POINT ( 'NONE', #5739 ) ;
#7036 = CARTESIAN_POINT ( 'NONE',  ( -12.00148937107102398, -0.8074739252556699665, -5.204170427930421283E-15 ) ) ;
#7037 = CARTESIAN_POINT ( 'NONE',  ( 11.49488719732987718, -2.929367628693651415, 0.000000000000000000 ) ) ;
#7038 = CARTESIAN_POINT ( 'NONE',  ( 1.051893166807160940, -12.60876818853258996, 8.000000000000000000 ) ) ;
#7039 = CARTESIAN_POINT ( 'NONE',  ( 11.85123473191531041, 6.631537913675668250, 0.000000000000000000 ) ) ;
#7040 = CARTESIAN_POINT ( 'NONE',  ( 12.60876818853257930, 1.051893166807293056, 0.000000000000000000 ) ) ;
#7041 = CARTESIAN_POINT ( 'NONE',  ( 11.11931436071742851, -6.600657436018027902, 8.000000000000000000 ) ) ;
#7042 = CARTESIAN_POINT ( 'NONE',  ( -4.425208852857792863, 11.08591166683802065, 0.000000000000000000 ) ) ;
#7043 = CARTESIAN_POINT ( 'NONE',  ( 11.52995163726274086, 2.932881190150647743, -5.204170427930421283E-15 ) ) ;
#7044 = CARTESIAN_POINT ( 'NONE',  ( 12.05320353502386688, -0.8231400688184353776, 8.000000000000000000 ) ) ;
#7045 = FACE_OUTER_BOUND ( 'NONE', #8090, .T. ) ;
#7046 = LINE ( 'NONE', #2646, #7532 ) ;
#7047 = CARTESIAN_POINT ( 'NONE',  ( 10.29093438073252642, -6.436913140481609119, 0.000000000000000000 ) ) ;
#7048 = DIRECTION ( 'NONE',  ( 0.000000000000000000, 0.000000000000000000, 1.000000000000000000 ) ) ;
#7049 = B_SPLINE_CURVE_WITH_KNOTS ( 'NONE', 3,
 ( #4659, #6443, #7822, #779, #2131, #3292, #7733, #1429, #5369, #2958, #6081, #6165, #359, #4820, #4781, #2918, #5993, #1104, #2835, #6034, #943, #7901, #3454, #4080, #3003, #317, #6693, #3620, #402 ),
 .UNSPECIFIED., .F., .F.,
 ( 4, 1, 1, 1, 1, 1, 1, 1, 1, 1, 1, 1, 1, 1, 1, 1, 1, 1, 1, 1, 1, 1, 1, 1, 1, 1, 4 ),
 ( 0.000000000000000000, 0.1659160033276295687, 0.1709059215442318980, 0.1766635194393566533, 0.1831887970181514946, 0.1904817542841363842, 0.1985423912398269763, 0.2073707078870824505, 0.2169667042273148994, 0.2273303802616239988, 0.2384617359908808298, 0.2503607714157882747, 0.2630274865369212067, 0.2764618813547564669, 0.2906639558696927361, 0.3056337100820685215, 0.3213711439921715929, 0.3378762576002503071, 0.3551490509065193812, 0.3731895239111665541, 0.3919976766143570268, 0.4115735090162354615, 0.4319170211169303109, 0.4530282129165571492, 0.4749070844152180060, 0.4975536356130059734, 0.5074316978669450862 ),
 .UNSPECIFIED. ) ;
#7050 = CARTESIAN_POINT ( 'NONE',  ( -12.44755643926126254, 0.9751606640714993723, 8.000000000000000000 ) ) ;
#7051 = CARTESIAN_POINT ( 'NONE',  ( -8.636712746112488404, 9.757522586729548308, 0.000000000000000000 ) ) ;
#7052 = ORIENTED_EDGE ( 'NONE', *, *, #2112, .F. ) ;
#7053 = CARTESIAN_POINT ( 'NONE',  ( 6.383929952666258956, -10.13775510802962820, 8.000000000000000000 ) ) ;
#7054 = CARTESIAN_POINT ( 'NONE',  ( 9.844302869038513037, 8.855020039375149921, 0.000000000000000000 ) ) ;
#7055 = CARTESIAN_POINT ( 'NONE',  ( 9.442776183394540723, 5.916238915412332489, 0.000000000000000000 ) ) ;
#7056 = EDGE_CURVE ( 'NONE', #1231, #7092, #727, .T. ) ;
#7057 = CARTESIAN_POINT ( 'NONE',  ( 6.510080463201441070, -10.56312374806388377, 8.000000000000000000 ) ) ;
#7058 = DIRECTION ( 'NONE',  ( 1.000000000000000000, 0.000000000000000000, 0.000000000000000000 ) ) ;
#7059 = DIRECTION ( 'NONE',  ( -1.000000000000000000, 0.000000000000000000, 0.000000000000000000 ) ) ;
#7060 = CARTESIAN_POINT ( 'NONE',  ( 0.000000000000000000, 0.000000000000000000, 0.000000000000000000 ) ) ;
#7061 = CARTESIAN_POINT ( 'NONE',  ( -0.7828886122849474383, -11.91079326901029134, 8.000000000000000000 ) ) ;
#7062 = ORIENTED_EDGE ( 'NONE', *, *, #5623, .F. ) ;
#7063 = CYLINDRICAL_SURFACE ( 'NONE', #917, 10.93750000000000178 ) ;
#7064 = CARTESIAN_POINT ( 'NONE',  ( -2.941794575437281178, 11.77637575328570385, 0.000000000000000000 ) ) ;
#7065 = EDGE_CURVE ( 'NONE', #1422, #2285, #5706, .T. ) ;
#7066 = CARTESIAN_POINT ( 'NONE',  ( 12.30068812565075298, 0.9123192481544342147, 8.000000000000000000 ) ) ;
#7067 = DIRECTION ( 'NONE',  ( -0.3090169943749515036, 0.9510565162951521989, 0.000000000000000000 ) ) ;
#7068 = FACE_OUTER_BOUND ( 'NONE', #583, .T. ) ;
#7069 = FACE_OUTER_BOUND ( 'NONE', #3777, .T. ) ;
#7070 = VERTEX_POINT ( 'NONE', #1424 ) ;
#7071 = CARTESIAN_POINT ( 'NONE',  ( 12.44189184801367709, -5.853360337646297928, 0.000000000000000000 ) ) ;
#7072 = ORIENTED_EDGE ( 'NONE', *, *, #4204, .F. ) ;
#7073 = CARTESIAN_POINT ( 'NONE',  ( -12.44755643926125188, -0.9751606640715865248, 8.000000000000000000 ) ) ;
#7074 = CARTESIAN_POINT ( 'NONE',  ( 13.06987279011083380, -2.724978029605075402, 0.000000000000000000 ) ) ;
#7075 = CARTESIAN_POINT ( 'NONE',  ( 2.941794575437364667, -11.77637575328567898, 0.000000000000000000 ) ) ;
#7076 = DIRECTION ( 'NONE',  ( 0.000000000000000000, 0.000000000000000000, -1.000000000000000000 ) ) ;
#7077 = CARTESIAN_POINT ( 'NONE',  ( 1.652275942925912622, 50.21139150384284022, 24.80424034308709480 ) ) ;
#7078 = CARTESIAN_POINT ( 'NONE',  ( 10.72875944066950993, -6.544354946388615701, 8.000000000000000000 ) ) ;
#7079 = CARTESIAN_POINT ( 'NONE',  ( -4.542018187747222768, 11.25643158326923299, 0.000000000000000000 ) ) ;
#7080 = EDGE_CURVE ( 'NONE', #7278, #5834, #7648, .T. ) ;
#7081 = CARTESIAN_POINT ( 'NONE',  ( 10.02415449855997132, -9.411632514553458506, 8.000000000000000000 ) ) ;
#7082 = DIRECTION ( 'NONE',  ( -0.2784404390900500070, -0.8569515554712938687, 0.4337106794335020554 ) ) ;
#7083 = DIRECTION ( 'NONE',  ( -0.000000000000000000, 0.000000000000000000, -1.000000000000000000 ) ) ;
#7084 = CARTESIAN_POINT ( 'NONE',  ( 6.622827502596161153, 8.704427730807806185, 8.000000000000000000 ) ) ;
#7085 = VECTOR ( 'NONE', #1881, 1000.000000000000114 ) ;
#7086 = CARTESIAN_POINT ( 'NONE',  ( 9.625916629980634909, 8.348190801685314355, 0.000000000000000000 ) ) ;
#7087 = CARTESIAN_POINT ( 'NONE',  ( -11.71764203423210837, -2.941792002709081366, 0.000000000000000000 ) ) ;
#7088 = CARTESIAN_POINT ( 'NONE',  ( 13.11059737967843120, 36.36008682539156212, -14.07550422878480489 ) ) ;
#7089 = B_SPLINE_SURFACE_WITH_KNOTS ( 'NONE', 3, 1, ( 
 ( #2464, #4988 ),
 ( #4947, #4369 ),
 ( #6946, #2544 ),
 ( #3742, #1883 ),
 ( #6985, #7529 ),
 ( #4406, #6905 ),
 ( #23, #4326 ),
 ( #1225, #5658 ),
 ( #6283, #604 ),
 ( #570, #5069 ),
 ( #8104, #7486 ),
 ( #1764, #7604 ),
 ( #2425, #1263 ),
 ( #3782, #6323 ),
 ( #4282, #3161 ),
 ( #1806, #1303 ),
 ( #3662, #6208 ),
 ( #6862, #1188 ),
 ( #3704, #6566 ),
 ( #7814, #187 ),
 ( #1505, #3366 ),
 ( #6480, #5865 ),
 ( #2042, #7102 ),
 ( #7645, #724 ),
 ( #1420, #4032 ),
 ( #2702, #144 ),
 ( #1466, #3900 ),
 ( #101, #6398 ),
 ( #7022, #1962 ) ),
 .UNSPECIFIED., .F., .F., .F.,
 ( 4, 1, 1, 1, 1, 1, 1, 1, 1, 1, 1, 1, 1, 1, 1, 1, 1, 1, 1, 1, 1, 1, 1, 1, 1, 1, 4 ),
 ( 2, 2 ),
 ( 0.4925683021194526834, 0.5024463643869940821, 0.5250929155847819940, 0.5469717870834428508, 0.5680829788830696891, 0.5884264909837645385, 0.6080023233856429732, 0.6268104760888334459, 0.6448509490934806188, 0.6621237423997496929, 0.6786288560078284071, 0.6943662899179314785, 0.7093360441303072639, 0.7235381186452435331, 0.7369725134630787933, 0.7496392285842117253, 0.7615382640091191702, 0.7726696197383760012, 0.7830332957726851006, 0.7926292921129175495, 0.8014576087601730237, 0.8095182457158636158, 0.8168112029818485054, 0.8233364805606433467, 0.8290940784557681020, 0.8340839966723704313, 1.000000000000000000 ),
 ( 0.000000000000000000, 1.000000000000000000 ),
 .UNSPECIFIED. ) ;
#7090 = CARTESIAN_POINT ( 'NONE',  ( -13.62596226217983464, 1.709570872969460753, 8.000000000000000000 ) ) ;
#7091 = CARTESIAN_POINT ( 'NONE',  ( -6.622827502596288163, 8.704427730807712038, 0.000000000000000000 ) ) ;
#7092 = VERTEX_POINT ( 'NONE', #190 ) ;
#7093 = ORIENTED_EDGE ( 'NONE', *, *, #1537, .F. ) ;
#7094 = B_SPLINE_SURFACE_WITH_KNOTS ( 'NONE', 3, 1, ( 
 ( #3728, #6808 ),
 ( #3766, #6270 ),
 ( #1907, #6309 ),
 ( #1212, #630 ),
 ( #3034, #471 ),
 ( #5571, #3649 ),
 ( #515, #2370 ),
 ( #5053, #5684 ),
 ( #7470, #8089 ),
 ( #592, #1751 ),
 ( #3110, #2531 ),
 ( #2410, #5646 ),
 ( #8166, #6149 ),
 ( #9, #7433 ),
 ( #3071, #1790 ),
 ( #2449, #7590 ),
 ( #4311, #2490 ),
 ( #4428, #1091 ),
 ( #3604, #6849 ),
 ( #8128, #2988 ),
 ( #1173, #7511 ),
 ( #5528, #8050 ),
 ( #4892, #3690 ),
 ( #3264, #7673 ),
 ( #795, #7010 ),
 ( #211, #1404 ),
 ( #1490, #710 ),
 ( #1328, #5177 ),
 ( #5806, #1448 ) ),
 .UNSPECIFIED., .F., .F., .F.,
 ( 4, 1, 1, 1, 1, 1, 1, 1, 1, 1, 1, 1, 1, 1, 1, 1, 1, 1, 1, 1, 1, 1, 1, 1, 1, 1, 4 ),
 ( 2, 2 ),
 ( 0.4925683021194522948, 0.5024463643869940821, 0.5250929155847819940, 0.5469717870834428508, 0.5680829788830696891, 0.5884264909837645385, 0.6080023233856429732, 0.6268104760888334459, 0.6448509490934806188, 0.6621237423997496929, 0.6786288560078284071, 0.6943662899179314785, 0.7093360441303072639, 0.7235381186452435331, 0.7369725134630787933, 0.7496392285842117253, 0.7615382640091191702, 0.7726696197383760012, 0.7830332957726851006, 0.7926292921129175495, 0.8014576087601730237, 0.8095182457158636158, 0.8168112029818485054, 0.8233364805606433467, 0.8290940784557681020, 0.8340839966723704313, 1.000000000000000000 ),
 ( 0.000000000000000000, 1.000000000000000000 ),
 .UNSPECIFIED. ) ;
#7095 = CARTESIAN_POINT ( 'NONE',  ( 6.630420918280206521, -11.58812316373717977, 0.000000000000000000 ) ) ;
#7096 = CARTESIAN_POINT ( 'NONE',  ( 9.582420452220510754, 8.262247439007929017, 0.000000000000000000 ) ) ;
#7097 = CARTESIAN_POINT ( 'NONE',  ( 10.13775510802960866, 6.383929952666293595, 0.000000000000000000 ) ) ;
#7098 = CARTESIAN_POINT ( 'NONE',  ( -0.9751606640715431151, 12.44755643926125543, 8.000000000000000000 ) ) ;
#7099 = CARTESIAN_POINT ( 'NONE',  ( 2.929367628693851699, -11.49488719732982744, 0.000000000000000000 ) ) ;
#7100 = CARTESIAN_POINT ( 'NONE',  ( 7.968244849358954163, -9.415217936709856517, 8.000000000000000000 ) ) ;
#7101 = CARTESIAN_POINT ( 'NONE',  ( 7.749517416239516621, 33.55876610551256078, -8.858194565208707516 ) ) ;
#7102 = CARTESIAN_POINT ( 'NONE',  ( -0.7941151212463513076, 11.95399604505280600, 0.000000000000000000 ) ) ;
#7103 = CARTESIAN_POINT ( 'NONE',  ( 0.000000000000000000, 0.000000000000000000, 0.000000000000000000 ) ) ;
#7104 = ORIENTED_EDGE ( 'NONE', *, *, #5052, .T. ) ;
#7105 = CARTESIAN_POINT ( 'NONE',  ( 13.43928272065061869, 35.97380783126246939, 22.26686823408739002 ) ) ;
#7106 = CARTESIAN_POINT ( 'NONE',  ( 11.16457150618543892, 4.476617511824165341, 8.000000000000000000 ) ) ;
#7107 = CARTESIAN_POINT ( 'NONE',  ( -13.48734665312603731, 2.584755384899958042, 8.000000000000000000 ) ) ;
#7108 = CARTESIAN_POINT ( 'NONE',  ( -6.473761040516448517, 10.41722559423733330, 0.000000000000000000 ) ) ;
#7109 = CARTESIAN_POINT ( 'NONE',  ( 11.58812316373730411, -6.630420918279993359, 8.000000000000000000 ) ) ;
#7110 = CARTESIAN_POINT ( 'NONE',  ( 5.781365353101046267, -12.39393210985509519, 0.000000000000000000 ) ) ;
#7111 = VERTEX_POINT ( 'NONE', #6524 ) ;
#7112 = CARTESIAN_POINT ( 'NONE',  ( 0.000000000000000000, 0.000000000000000000, 8.000000000000000000 ) ) ;
#7113 = ORIENTED_EDGE ( 'NONE', *, *, #5921, .F. ) ;
#7114 = CARTESIAN_POINT ( 'NONE',  ( 7.965985411668176752, 36.57779459820535806, 17.73355019412369060 ) ) ;
#7115 = CARTESIAN_POINT ( 'NONE',  ( -11.71764203423210837, -2.941792002709081366, 8.000000000000000000 ) ) ;
#7116 = CARTESIAN_POINT ( 'NONE',  ( 1.195724957047537229, -12.87548337994386038, 8.000000000000000000 ) ) ;
#7117 = CARTESIAN_POINT ( 'NONE',  ( -4.773939382172911472, -11.53698844606708640, 8.000000000000000000 ) ) ;
#7118 = LINE ( 'NONE', #163, #1833 ) ;
#7119 = CARTESIAN_POINT ( 'NONE',  ( 10.41722559423740435, -6.473761040516332166, 8.000000000000000000 ) ) ;
#7120 = CARTESIAN_POINT ( 'NONE',  ( -12.25290083038839484, 5.581155335976898613, 0.000000000000000000 ) ) ;
#7121 = AXIS2_PLACEMENT_3D ( 'NONE', #7499, #498, #8194 ) ;
#7122 = CARTESIAN_POINT ( 'NONE',  ( 11.49488719732981679, 2.929367628693892112, 8.000000000000000000 ) ) ;
#7123 = AXIS2_PLACEMENT_3D ( 'NONE', #3426, #7076, #4628 ) ;
#7124 = CARTESIAN_POINT ( 'NONE',  ( 11.48389212362418910, -0.6963551242056464918, -5.204170427930421283E-15 ) ) ;
#7125 = ADVANCED_FACE ( 'NONE', ( #857 ), #7026, .T. ) ;
#7126 = CARTESIAN_POINT ( 'NONE',  ( -5.038066446831187761, 11.80431640392014359, 8.000000000000000000 ) ) ;
#7127 = CARTESIAN_POINT ( 'NONE',  ( 12.44189184801355452, 5.853360337646558165, 8.000000000000000000 ) ) ;
#7128 = CARTESIAN_POINT ( 'NONE',  ( 4.645166053939924211, 32.41176688192005173, -11.47606544769816850 ) ) ;
#7129 = CARTESIAN_POINT ( 'NONE',  ( -10.80883218877889895, -2.708699257713867770, 8.000000000000000000 ) ) ;
#7130 = CARTESIAN_POINT ( 'NONE',  ( 10.66013299865312547, 37.19190739559177672, -12.17390826764892431 ) ) ;
#7131 = CARTESIAN_POINT ( 'NONE',  ( -12.43077374743277552, -5.836552422577526933, 8.000000000000000000 ) ) ;
#7132 = CARTESIAN_POINT ( 'NONE',  ( 13.87205436596938490, 34.00436930057009732, -13.29875330742094697 ) ) ;
#7133 = EDGE_CURVE ( 'NONE', #3119, #7035, #365, .T. ) ;
#7134 = EDGE_LOOP ( 'NONE', ( #4674, #2634, #6093, #1220 ) ) ;
#7135 = CIRCLE ( 'NONE', #64, 10.93750000000000178 ) ;
#7136 = ORIENTED_EDGE ( 'NONE', *, *, #1544, .T. ) ;
#7137 = CARTESIAN_POINT ( 'NONE',  ( 13.06843834723476405, 1.312474532673223671, 8.000000000000000000 ) ) ;
#7138 = DIRECTION ( 'NONE',  ( -0.000000000000000000, 0.000000000000000000, -1.000000000000000000 ) ) ;
#7139 = FACE_OUTER_BOUND ( 'NONE', #4601, .T. ) ;
#7140 = CARTESIAN_POINT ( 'NONE',  ( 12.44189184801367709, -5.853360337646297928, 8.000000000000000000 ) ) ;
#7141 = CARTESIAN_POINT ( 'NONE',  ( 12.25290083038842859, -5.581155335976815124, 0.000000000000000000 ) ) ;
#7142 = CARTESIAN_POINT ( 'NONE',  ( 9.328340841197759303, -10.00078975079077992, 8.000000000000000000 ) ) ;
#7143 = CARTESIAN_POINT ( 'NONE',  ( -9.094348737717258047, 9.928529331195861118, 8.000000000000000000 ) ) ;
#7144 = CARTESIAN_POINT ( 'NONE',  ( 7.439854252634617637, 43.68375144190006409, 18.90981260795433627 ) ) ;
#7145 = CARTESIAN_POINT ( 'NONE',  ( -10.23507608951702252, -6.418760976341397750, 0.000000000000000000 ) ) ;
#7146 = ORIENTED_EDGE ( 'NONE', *, *, #7695, .F. ) ;
#7147 = AXIS2_PLACEMENT_3D ( 'NONE', #4175, #6711, #6101 ) ;
#7148 = CARTESIAN_POINT ( 'NONE',  ( -10.09620455160488461, 6.367618434587540399, 8.000000000000000000 ) ) ;
#7149 = AXIS2_PLACEMENT_3D ( 'NONE', #7060, #3947, #5950 ) ;
#7150 = CARTESIAN_POINT ( 'NONE',  ( -2.895913797652506005, 12.31670401296925554, 0.000000000000000000 ) ) ;
#7151 = CARTESIAN_POINT ( 'NONE',  ( -2.577692551524032094, -13.50622083004040697, 8.000000000000000000 ) ) ;
#7152 = ADVANCED_FACE ( 'NONE', ( #7771 ), #7063, .T. ) ;
#7153 = CARTESIAN_POINT ( 'NONE',  ( 13.32045193209906842, 2.644734409371143347, 0.000000000000000000 ) ) ;
#7154 = CARTESIAN_POINT ( 'NONE',  ( 10.23507608951711845, -6.418760976341251201, 8.000000000000000000 ) ) ;
#7155 = CARTESIAN_POINT ( 'NONE',  ( 5.581155335977028287, -12.25290083038833089, 0.000000000000000000 ) ) ;
#7156 = ORIENTED_EDGE ( 'NONE', *, *, #8101, .F. ) ;
#7157 = CARTESIAN_POINT ( 'NONE',  ( -10.33666240664886260, 4.161888422927100706, 8.000000000000000000 ) ) ;
#7158 = EDGE_LOOP ( 'NONE', ( #4694, #5022, #18, #6084 ) ) ;
#7159 = CARTESIAN_POINT ( 'NONE',  ( -12.69447357664507159, -1.095856395948445083, 8.000000000000000000 ) ) ;
#7160 = ADVANCED_FACE ( 'NONE', ( #5868 ), #5073, .F. ) ;
#7161 = CARTESIAN_POINT ( 'NONE',  ( 7.604022508570240646, 9.149886257343000651, -5.204170427930421283E-15 ) ) ;
#7162 = CARTESIAN_POINT ( 'NONE',  ( 2.724978029605303220, -13.06987279011078940, 0.000000000000000000 ) ) ;
#7163 = CARTESIAN_POINT ( 'NONE',  ( -3.608867157514733304, -10.32496896312098222, 8.000000000000000000 ) ) ;
#7164 = CARTESIAN_POINT ( 'NONE',  ( -13.50622083004038387, -2.577692551524178199, 0.000000000000000000 ) ) ;
#7165 = CARTESIAN_POINT ( 'NONE',  ( 7.830262845419955653, 33.80727498360332106, 26.69378740028920660 ) ) ;
#7166 = CARTESIAN_POINT ( 'NONE',  ( -11.53698844606707041, 4.773939382172954993, 0.000000000000000000 ) ) ;
#7167 = CARTESIAN_POINT ( 'NONE',  ( 11.66361783702272881, 2.940710835118589106, -5.204170427930421283E-15 ) ) ;
#7168 = ORIENTED_EDGE ( 'NONE', *, *, #5311, .T. ) ;
#7169 = CARTESIAN_POINT ( 'NONE',  ( -9.338196514606172727, -7.850195268865215681, 0.000000000000000000 ) ) ;
#7170 = CARTESIAN_POINT ( 'NONE',  ( -4.965029436117507800, 11.73452356626240523, 8.000000000000000000 ) ) ;
#7171 = DIRECTION ( 'NONE',  ( 0.6396556736767859963, 0.1713952211956810967, 0.7493092133988348280 ) ) ;
#7172 = FACE_OUTER_BOUND ( 'NONE', #2243, .T. ) ;
#7173 = CARTESIAN_POINT ( 'NONE',  ( -11.83979557596822474, -2.940530670474283070, 0.000000000000000000 ) ) ;
#7174 = CARTESIAN_POINT ( 'NONE',  ( -0.7639867559471070768, 11.11684438996312174, 0.000000000000000000 ) ) ;
#7175 = CARTESIAN_POINT ( 'NONE',  ( -11.47561408673058025, -4.719217338362263980, 8.000000000000000000 ) ) ;
#7176 = CARTESIAN_POINT ( 'NONE',  ( -7.850195268865184595, 9.338196514606199372, 0.000000000000000000 ) ) ;
#7177 = VERTEX_POINT ( 'NONE', #1469 ) ;
#7178 = ORIENTED_EDGE ( 'NONE', *, *, #7899, .T. ) ;
#7179 = CARTESIAN_POINT ( 'NONE',  ( 13.64173013569104320, 1.722120468182879671, 8.000000000000000000 ) ) ;
#7180 = CARTESIAN_POINT ( 'NONE',  ( 9.625916629980634909, 8.348190801685314355, 0.000000000000000000 ) ) ;
#7181 = FACE_OUTER_BOUND ( 'NONE', #2310, .T. ) ;
#7182 = CARTESIAN_POINT ( 'NONE',  ( 12.23289380645681312, -0.8857088747960388808, 0.000000000000000000 ) ) ;
#7183 = CARTESIAN_POINT ( 'NONE',  ( 2.759358130927438868, -12.95019774290647341, 8.000000000000000000 ) ) ;
#7184 = CARTESIAN_POINT ( 'NONE',  ( -2.790132082466536989, -12.83440038321942289, 0.000000000000000000 ) ) ;
#7185 = CARTESIAN_POINT ( 'NONE',  ( -13.64173013562593795, 1.722120468130850846, 0.000000000000000000 ) ) ;
#7186 = CARTESIAN_POINT ( 'NONE',  ( -6.631537913675454199, -11.85123473191542764, 0.000000000000000000 ) ) ;
#7187 = ORIENTED_EDGE ( 'NONE', *, *, #3014, .F. ) ;
#7188 = EDGE_CURVE ( 'NONE', #6355, #4411, #3995, .T. ) ;
#7189 = CARTESIAN_POINT ( 'NONE',  ( -9.234787594130803967, 7.707558585906848059, 0.000000000000000000 ) ) ;
#7190 = DIRECTION ( 'NONE',  ( 1.000000000000000000, 0.000000000000000000, 0.000000000000000000 ) ) ;
#7191 = VECTOR ( 'NONE', #6291, 1000.000000000000114 ) ;
#7192 = CARTESIAN_POINT ( 'NONE',  ( -9.411632514553570417, 10.02415449855987006, 8.000000000000000000 ) ) ;
#7193 = DIRECTION ( 'NONE',  ( -0.000000000000000000, -0.000000000000000000, 1.000000000000000000 ) ) ;
#7194 = CARTESIAN_POINT ( 'NONE',  ( -9.757522586729514558, -8.636712746112520378, 8.000000000000000000 ) ) ;
#7195 = ORIENTED_EDGE ( 'NONE', *, *, #7988, .T. ) ;
#7196 = DIRECTION ( 'NONE',  ( 0.7605637668489728664, 0.000000000000000000, 0.6492632413409072933 ) ) ;
#7197 = ORIENTED_EDGE ( 'NONE', *, *, #3007, .F. ) ;
#7198 = CARTESIAN_POINT ( 'NONE',  ( -10.91417308631840655, -6.575057906251772444, 8.000000000000000000 ) ) ;
#7199 = AXIS2_PLACEMENT_3D ( 'NONE', #6464, #7712, #5807 ) ;
#7200 = CARTESIAN_POINT ( 'NONE',  ( -13.19332579941577777, -2.686824890852784975, 8.000000000000000000 ) ) ;
#7201 = FACE_OUTER_BOUND ( 'NONE', #6840, .T. ) ;
#7202 = CARTESIAN_POINT ( 'NONE',  ( -4.404384806714049638, -11.05183112916333243, 8.000000000000000000 ) ) ;
#7203 = CARTESIAN_POINT ( 'NONE',  ( -11.98057174878962172, -2.933454507433609137, 0.000000000000000000 ) ) ;
#7204 = CARTESIAN_POINT ( 'NONE',  ( 13.06987279011083380, -2.724978029605075402, -5.204170427930421283E-15 ) ) ;
#7205 = CARTESIAN_POINT ( 'NONE',  ( -11.60070094346938063, 4.833073392807619051, 0.000000000000000000 ) ) ;
#7206 = DIRECTION ( 'NONE',  ( -0.6750363312718929976, 0.000000000000000000, 0.7377844884944271264 ) ) ;
#7207 = ORIENTED_EDGE ( 'NONE', *, *, #3126, .F. ) ;
#7208 = VECTOR ( 'NONE', #2470, 999.9999999999998863 ) ;
#7209 = CARTESIAN_POINT ( 'NONE',  ( 13.62596226217984530, -1.709570872969363942, -5.204170427930421283E-15 ) ) ;
#7210 = CARTESIAN_POINT ( 'NONE',  ( -7.750629585191656012, -9.267416903471977108, 8.000000000000000000 ) ) ;
#7211 = CARTESIAN_POINT ( 'NONE',  ( -0.2416457505997640642, -10.93483029503508597, 8.000000000000000000 ) ) ;
#7212 = CARTESIAN_POINT ( 'NONE',  ( -2.927269694296075642, 12.05785317090584208, 0.000000000000000000 ) ) ;
#7213 = CARTESIAN_POINT ( 'NONE',  ( -13.19332579941577777, -2.686824890852784975, 0.000000000000000000 ) ) ;
#7214 = CARTESIAN_POINT ( 'NONE',  ( -12.44189184801363979, 5.853360337646381417, 8.000000000000000000 ) ) ;
#7215 = CARTESIAN_POINT ( 'NONE',  ( -8.535381057717573938, 9.713655369616169821, 0.000000000000000000 ) ) ;
#7216 = ORIENTED_EDGE ( 'NONE', *, *, #4351, .F. ) ;
#7217 = ORIENTED_EDGE ( 'NONE', *, *, #5751, .T. ) ;
#7218 = AXIS2_PLACEMENT_3D ( 'NONE', #4709, #5337, #7241 ) ;
#7219 = CARTESIAN_POINT ( 'NONE',  ( 6.492081297254545191, -10.48771353560518449, 0.000000000000000000 ) ) ;
#7220 = CARTESIAN_POINT ( 'NONE',  ( -9.234787594130803967, 7.707558585906848059, 8.000000000000000000 ) ) ;
#7221 = CARTESIAN_POINT ( 'NONE',  ( 10.00078975079095223, -9.328340841197576339, -5.204170427930421283E-15 ) ) ;
#7222 = CARTESIAN_POINT ( 'NONE',  ( 13.06843834723479070, -1.312474532672950112, 0.000000000000000000 ) ) ;
#7223 = EDGE_CURVE ( 'NONE', #7070, #2750, #7395, .T. ) ;
#7224 = CARTESIAN_POINT ( 'NONE',  ( 2.686824890852831604, -13.19332579941576533, 0.000000000000000000 ) ) ;
#7225 = CARTESIAN_POINT ( 'NONE',  ( 0.000000000000000000, 0.000000000000000000, 8.000000000000000000 ) ) ;
#7226 = CARTESIAN_POINT ( 'NONE',  ( -13.57387004037416389, 1.668469543058175075, 0.000000000000000000 ) ) ;
#7227 = LINE ( 'NONE', #5491, #8 ) ;
#7228 = ORIENTED_EDGE ( 'NONE', *, *, #7553, .F. ) ;
#7229 = CARTESIAN_POINT ( 'NONE',  ( -8.704427730807733354, 6.622827502596257965, 0.000000000000000000 ) ) ;
#7230 = CARTESIAN_POINT ( 'NONE',  ( -10.02415449855983454, -9.411632514553605944, 0.000000000000000000 ) ) ;
#7231 = EDGE_CURVE ( 'NONE', #5561, #5514, #7653, .T. ) ;
#7232 = CARTESIAN_POINT ( 'NONE',  ( 7.919307912914938186, 34.15859704448440937, -18.71644639247667286 ) ) ;
#7233 = DIRECTION ( 'NONE',  ( 0.6358978297198961682, 0.000000000000000000, 0.7717732504806873450 ) ) ;
#7234 = CARTESIAN_POINT ( 'NONE',  ( 3.608867157514881185, -10.32496896312093071, 8.000000000000000000 ) ) ;
#7235 = EDGE_CURVE ( 'NONE', #2915, #1708, #6112, .T. ) ;
#7236 = ORIENTED_EDGE ( 'NONE', *, *, #5052, .F. ) ;
#7237 = LINE ( 'NONE', #4043, #1130 ) ;
#7238 = ORIENTED_EDGE ( 'NONE', *, *, #4394, .F. ) ;
#7239 = LINE ( 'NONE', #2924, #5532 ) ;
#7240 = CARTESIAN_POINT ( 'NONE',  ( 8.105411651555689545, 9.497099640846785817, 8.000000000000000000 ) ) ;
#7241 = DIRECTION ( 'NONE',  ( 0.7605637668489719783, 0.000000000000000000, 0.6492632413409084036 ) ) ;
#7242 = CARTESIAN_POINT ( 'NONE',  ( 12.22769606125921626, 27.92477493282073553, -13.00000000000000178 ) ) ;
#7243 = CARTESIAN_POINT ( 'NONE',  ( -11.49488719732983810, -2.929367628693812176, 0.000000000000000000 ) ) ;
#7244 = CARTESIAN_POINT ( 'NONE',  ( 12.22597347346771457, -2.908682420983779160, 8.000000000000000000 ) ) ;
#7245 = CARTESIAN_POINT ( 'NONE',  ( -10.47431425022860374, 3.149229626028895446, 0.000000000000000000 ) ) ;
#7246 = ORIENTED_EDGE ( 'NONE', *, *, #860, .F. ) ;
#7247 = CARTESIAN_POINT ( 'NONE',  ( 6.622827502596351223, -8.704427730807662300, 0.000000000000000000 ) ) ;
#7248 = ORIENTED_EDGE ( 'NONE', *, *, #7546, .F. ) ;
#7249 = CARTESIAN_POINT ( 'NONE',  ( 13.06843834723479070, -1.312474532672950112, 8.000000000000000000 ) ) ;
#7250 = CARTESIAN_POINT ( 'NONE',  ( -8.181339682155909898, -9.539420412438971653, 8.000000000000000000 ) ) ;
#7251 = CARTESIAN_POINT ( 'NONE',  ( -2.938739567862291846, -11.61432090236923109, 8.000000000000000000 ) ) ;
#7252 = CARTESIAN_POINT ( 'NONE',  ( -0.2416457505997640642, -10.93483029503508597, 8.000000000000000000 ) ) ;
#7253 = CARTESIAN_POINT ( 'NONE',  ( -6.631537913675538576, 11.85123473191538501, 8.000000000000000000 ) ) ;
#7254 = DIRECTION ( 'NONE',  ( 0.000000000000000000, 0.000000000000000000, -1.000000000000000000 ) ) ;
#7255 = AXIS2_PLACEMENT_3D ( 'NONE', #3259, #4584, #2768 ) ;
#7256 = EDGE_CURVE ( 'NONE', #5456, #5203, #6202, .T. ) ;
#7257 = CARTESIAN_POINT ( 'NONE',  ( -10.64346975476066604, 6.527568552596115126, 0.000000000000000000 ) ) ;
#7258 = EDGE_CURVE ( 'NONE', #3754, #4363, #6389, .T. ) ;
#7259 = VECTOR ( 'NONE', #2142, 1000.000000000000000 ) ;
#7260 = ORIENTED_EDGE ( 'NONE', *, *, #2741, .F. ) ;
#7261 = VECTOR ( 'NONE', #3818, 1000.000000000000114 ) ;
#7262 = ORIENTED_EDGE ( 'NONE', *, *, #4924, .T. ) ;
#7263 = CARTESIAN_POINT ( 'NONE',  ( 13.62596226222337670, 1.709570873004026437, 8.000000000000000000 ) ) ;
#7264 = CARTESIAN_POINT ( 'NONE',  ( 13.87582516484840767, 33.98998199064816106, -13.30595289590839947 ) ) ;
#7265 = CARTESIAN_POINT ( 'NONE',  ( 11.85123473191531041, 6.631537913675668250, 0.000000000000000000 ) ) ;
#7266 = DIRECTION ( 'NONE',  ( 0.000000000000000000, -0.000000000000000000, -1.000000000000000000 ) ) ;
#7267 = CARTESIAN_POINT ( 'NONE',  ( 2.644734409371096717, -13.32045193209907907, 8.000000000000000000 ) ) ;
#7268 = CARTESIAN_POINT ( 'NONE',  ( 11.87581303661955623, 5.115945187291778495, 8.000000000000000000 ) ) ;
#7269 = CARTESIAN_POINT ( 'NONE',  ( -9.221936103764075909, 9.969200282347939535, 8.000000000000000000 ) ) ;
#7270 = CARTESIAN_POINT ( 'NONE',  ( -4.773939382172995849, 11.53698844606704910, 0.000000000000000000 ) ) ;
#7271 = VERTEX_POINT ( 'NONE', #2066 ) ;
#7272 = CARTESIAN_POINT ( 'NONE',  ( -9.886832010614734045, -8.972047302895465037, 8.000000000000000000 ) ) ;
#7273 = DIRECTION ( 'NONE',  ( -0.000000000000000000, 0.000000000000000000, -1.000000000000000000 ) ) ;
#7274 = CARTESIAN_POINT ( 'NONE',  ( 9.392211555377345533, -10.01877448794989789, 0.000000000000000000 ) ) ;
#7275 = CARTESIAN_POINT ( 'NONE',  ( -7.604022508570310812, -9.149886257342947360, 0.000000000000000000 ) ) ;
#7276 = VECTOR ( 'NONE', #5328, 1000.000000000000114 ) ;
#7277 = CARTESIAN_POINT ( 'NONE',  ( -9.844302869038576986, -8.855020039375077090, 0.000000000000000000 ) ) ;
#7278 = VERTEX_POINT ( 'NONE', #1408 ) ;
#7279 = B_SPLINE_CURVE_WITH_KNOTS ( 'NONE', 3,
 ( #450, #1685, #7409, #4291, #2885, #5418, #2966, #6785, #1112, #3629, #6172, #1772, #6832, #6477, #2699, #6916, #3988, #4608, #1891, #6333, #5667, #8151, #5902, #2550, #7141, #5229, #225, #3750, #1234 ),
 .UNSPECIFIED., .F., .F.,
 ( 4, 1, 1, 1, 1, 1, 1, 1, 1, 1, 1, 1, 1, 1, 1, 1, 1, 1, 1, 1, 1, 1, 1, 1, 1, 1, 4 ),
 ( 0.000000000000000000, 0.1659160033276295965, 0.1709059215442318702, 0.1766635194393565977, 0.1831887970181514669, 0.1904817542841364120, 0.1985423912398269763, 0.2073707078870824227, 0.2169667042273148716, 0.2273303802616240543, 0.2384617359908808021, 0.2503607714157882191, 0.2630274865369212067, 0.2764618813547564669, 0.2906639558696927361, 0.3056337100820685215, 0.3213711439921715929, 0.3378762576002502516, 0.3551490509065193812, 0.3731895239111665541, 0.3919976766143570268, 0.4115735090162354615, 0.4319170211169303109, 0.4530282129165571492, 0.4749070844152180060, 0.4975536356130058624, 0.5074316978669447531 ),
 .UNSPECIFIED. ) ;
#7280 = CARTESIAN_POINT ( 'NONE',  ( 2.285552250351789549, 32.33534586373684760, 21.61616680320316419 ) ) ;
#7281 = B_SPLINE_CURVE_WITH_KNOTS ( 'NONE', 3,
 ( #3840, #1280, #1319, #7037, #5123, #3721, #3256, #7584, #6378, #585, #5165, #8160, #7664, #3214, #3139, #5752, #5640, #2482, #5678, #4539, #1, #2597, #78, #7074, #5008, #2524, #1978, #4385, #7703 ),
 .UNSPECIFIED., .F., .F.,
 ( 4, 1, 1, 1, 1, 1, 1, 1, 1, 1, 1, 1, 1, 1, 1, 1, 1, 1, 1, 1, 1, 1, 1, 1, 1, 1, 4 ),
 ( 0.000000000000000000, 0.1659160033276295687, 0.1709059215442318980, 0.1766635194393566533, 0.1831887970181514946, 0.1904817542841363842, 0.1985423912398269763, 0.2073707078870824505, 0.2169667042273148994, 0.2273303802616239988, 0.2384617359908808298, 0.2503607714157882747, 0.2630274865369212067, 0.2764618813547564669, 0.2906639558696927361, 0.3056337100820685215, 0.3213711439921715929, 0.3378762576002503071, 0.3551490509065193812, 0.3731895239111665541, 0.3919976766143570268, 0.4115735090162354615, 0.4319170211169303109, 0.4530282129165571492, 0.4749070844152180060, 0.4975536356130059734, 0.5074316978669453082 ),
 .UNSPECIFIED. ) ;
#7282 = ORIENTED_EDGE ( 'NONE', *, *, #6614, .F. ) ;
#7283 = CARTESIAN_POINT ( 'NONE',  ( -10.35164078446979374, -6.455308898419827024, 8.000000000000000000 ) ) ;
#7284 = EDGE_CURVE ( 'NONE', #4662, #6608, #4467, .T. ) ;
#7285 = DIRECTION ( 'NONE',  ( -0.6396556736767859963, -0.1713952211956810967, 0.7493092133988348280 ) ) ;
#7286 = CARTESIAN_POINT ( 'NONE',  ( -12.04862852623655378, -6.625183064395943511, 8.000000000000000000 ) ) ;
#7287 = CARTESIAN_POINT ( 'NONE',  ( -5.038066446831187761, 11.80431640392014359, 0.000000000000000000 ) ) ;
#7288 = CARTESIAN_POINT ( 'NONE',  ( 12.05785317090587050, -2.927269694295950853, -5.204170427930421283E-15 ) ) ;
#7289 = PLANE ( 'NONE',  #6097 ) ;
#7290 = EDGE_LOOP ( 'NONE', ( #2555, #4237, #5610, #2440 ) ) ;
#7291 = FACE_OUTER_BOUND ( 'NONE', #4211, .T. ) ;
#7292 = VERTEX_POINT ( 'NONE', #1991 ) ;
#7293 = CARTESIAN_POINT ( 'NONE',  ( 13.48577048812306067, -1.600954125870787115, -5.204170427930421283E-15 ) ) ;
#7294 = CARTESIAN_POINT ( 'NONE',  ( -4.476617511824047213, 11.16457150618548866, 8.000000000000000000 ) ) ;
#7295 = CYLINDRICAL_SURFACE ( 'NONE', #3023, 13.75000000000000000 ) ;
#7296 = CARTESIAN_POINT ( 'NONE',  ( 11.11931436071742851, -6.600657436018027902, 0.000000000000000000 ) ) ;
#7297 = CARTESIAN_POINT ( 'NONE',  ( -6.455308898419793273, 10.35164078446981861, 8.000000000000000000 ) ) ;
#7298 = CARTESIAN_POINT ( 'NONE',  ( -0.9420826277741567445, -12.37227591337642352, 0.000000000000000000 ) ) ;
#7299 = CARTESIAN_POINT ( 'NONE',  ( -6.588591420233475660, 11.01428446989500998, 0.000000000000000000 ) ) ;
#7300 = CYLINDRICAL_SURFACE ( 'NONE', #6959, 10.93750000000000178 ) ;
#7301 = CARTESIAN_POINT ( 'NONE',  ( -10.41722559423731020, -6.473761040516483156, 0.000000000000000000 ) ) ;
#7302 = EDGE_LOOP ( 'NONE', ( #6511, #7033, #6213, #5917 ) ) ;
#7303 = CARTESIAN_POINT ( 'NONE',  ( -2.862521721341762859, 12.51119373526727685, 0.000000000000000000 ) ) ;
#7304 = VERTEX_POINT ( 'NONE', #5851 ) ;
#7305 = CARTESIAN_POINT ( 'NONE',  ( 12.69447357664506271, 1.095856395948533901, 0.000000000000000000 ) ) ;
#7306 = CARTESIAN_POINT ( 'NONE',  ( -10.00078975079088472, 9.328340841197649169, 8.000000000000000000 ) ) ;
#7307 = DIRECTION ( 'NONE',  ( 0.6358978297198956131, 0.000000000000000000, -0.7717732504806879001 ) ) ;
#7308 = CARTESIAN_POINT ( 'NONE',  ( -10.47431425022858065, -3.149229626028969165, 8.000000000000000000 ) ) ;
#7309 = CARTESIAN_POINT ( 'NONE',  ( 2.927269694296160907, -12.05785317090582076, 8.000000000000000000 ) ) ;
#7310 = CARTESIAN_POINT ( 'NONE',  ( 7.604022508570443151, -9.149886257342835449, 8.000000000000000000 ) ) ;
#7311 = CARTESIAN_POINT ( 'NONE',  ( -7.750629585191723514, 9.267416903471923817, 8.000000000000000000 ) ) ;
#7312 = CARTESIAN_POINT ( 'NONE',  ( -5.781365353100957449, 12.39393210985513960, 8.000000000000000000 ) ) ;
#7313 = ORIENTED_EDGE ( 'NONE', *, *, #2522, .F. ) ;
#7314 = CARTESIAN_POINT ( 'NONE',  ( -9.301941798724749688, -7.798144649837225550, 8.000000000000000000 ) ) ;
#7315 = CARTESIAN_POINT ( 'NONE',  ( -11.71764203423213324, 2.941792002708998321, 0.000000000000000000 ) ) ;
#7316 = CARTESIAN_POINT ( 'NONE',  ( 8.535381057717644993, -9.713655369616102320, 0.000000000000000000 ) ) ;
#7317 = DIRECTION ( 'NONE',  ( 0.000000000000000000, 0.000000000000000000, -1.000000000000000000 ) ) ;
#7318 = ADVANCED_FACE ( 'NONE', ( #1367 ), #3838, .T. ) ;
#7319 = CARTESIAN_POINT ( 'NONE',  ( -9.844302869038576986, -8.855020039375077090, 8.000000000000000000 ) ) ;
#7320 = ORIENTED_EDGE ( 'NONE', *, *, #4666, .T. ) ;
#7321 = DIRECTION ( 'NONE',  ( -0.8090169943749507819, 0.5877852522924685852, 0.000000000000000000 ) ) ;
#7322 = ORIENTED_EDGE ( 'NONE', *, *, #5200, .F. ) ;
#7323 = CARTESIAN_POINT ( 'NONE',  ( -11.46368139467874236, -6.626136714284709406, 8.000000000000000000 ) ) ;
#7324 = CARTESIAN_POINT ( 'NONE',  ( 8.439220299576927431, 9.669723885497100824, -5.204170427930421283E-15 ) ) ;
#7325 = CARTESIAN_POINT ( 'NONE',  ( 4.404384806714210399, -11.05183112916327026, 0.000000000000000000 ) ) ;
#7326 = CARTESIAN_POINT ( 'NONE',  ( -3.608867157514807911, 10.32496896312095913, 0.000000000000000000 ) ) ;
#7327 = B_SPLINE_CURVE_WITH_KNOTS ( 'NONE', 3,
 ( #2937, #382, #2816, #8001, #6634, #3596, #4721, #5348, #5432, #259, #7921, #2778, #5308, #4679, #3683, #4965, #4261, #4885, #8122, #3028, #5679, #6228, #4303, #6186, #5641, #507, #550, #6926, #8161 ),
 .UNSPECIFIED., .F., .F.,
 ( 4, 1, 1, 1, 1, 1, 1, 1, 1, 1, 1, 1, 1, 1, 1, 1, 1, 1, 1, 1, 1, 1, 1, 1, 1, 1, 4 ),
 ( 0.000000000000000000, 0.1659160033276295965, 0.1709059215442318702, 0.1766635194393565977, 0.1831887970181514669, 0.1904817542841364120, 0.1985423912398269763, 0.2073707078870824227, 0.2169667042273148716, 0.2273303802616240543, 0.2384617359908808021, 0.2503607714157882191, 0.2630274865369212067, 0.2764618813547564669, 0.2906639558696927361, 0.3056337100820685215, 0.3213711439921715929, 0.3378762576002502516, 0.3551490509065193812, 0.3731895239111665541, 0.3919976766143570268, 0.4115735090162354615, 0.4319170211169303109, 0.4530282129165571492, 0.4749070844152180060, 0.4975536356130058624, 0.5074316978669450862 ),
 .UNSPECIFIED. ) ;
#7328 = CARTESIAN_POINT ( 'NONE',  ( 7.003721731047638066, 34.21219619936123024, 16.37100230941131684 ) ) ;
#7329 = CARTESIAN_POINT ( 'NONE',  ( -13.62596226217982576, -1.709570872969556010, 8.000000000000000000 ) ) ;
#7330 = EDGE_LOOP ( 'NONE', ( #7977, #5331, #1025, #6626 ) ) ;
#7331 = CARTESIAN_POINT ( 'NONE',  ( 13.42510299664336593, 2.607747690747202363, -5.204170427930421283E-15 ) ) ;
#7332 = ORIENTED_EDGE ( 'NONE', *, *, #6280, .T. ) ;
#7333 = CARTESIAN_POINT ( 'NONE',  ( 12.60876818853260239, -1.051893166807028823, 8.000000000000000000 ) ) ;
#7334 = LINE ( 'NONE', #6099, #5102 ) ;
#7335 = DIRECTION ( 'NONE',  ( -0.000000000000000000, -0.000000000000000000, -1.000000000000000000 ) ) ;
#7336 = CARTESIAN_POINT ( 'NONE',  ( -11.87194576742586349, -0.7736152328233526498, 0.000000000000000000 ) ) ;
#7337 = EDGE_CURVE ( 'NONE', #61, #5748, #4306, .T. ) ;
#7338 = CARTESIAN_POINT ( 'NONE',  ( -6.575057906251736028, 10.91417308631843142, 8.000000000000000000 ) ) ;
#7339 = DIRECTION ( 'NONE',  ( 0.000000000000000000, 0.000000000000000000, -1.000000000000000000 ) ) ;
#7340 = CARTESIAN_POINT ( 'NONE',  ( -6.231836464888891314, 8.988499347771085723, 0.000000000000000000 ) ) ;
#7341 = CARTESIAN_POINT ( 'NONE',  ( -10.18403012388274576, 6.401038329813946604, 0.000000000000000000 ) ) ;
#7342 = CARTESIAN_POINT ( 'NONE',  ( 9.669723885497070626, -8.439220299576962958, 0.000000000000000000 ) ) ;
#7343 = ORIENTED_EDGE ( 'NONE', *, *, #3994, .F. ) ;
#7344 = CARTESIAN_POINT ( 'NONE',  ( -2.759358130927346942, 12.95019774290649650, 8.000000000000000000 ) ) ;
#7345 = ORIENTED_EDGE ( 'NONE', *, *, #3347, .T. ) ;
#7346 = CARTESIAN_POINT ( 'NONE',  ( 11.34404188716879958, 6.619621129381319413, 8.000000000000000000 ) ) ;
#7347 = CARTESIAN_POINT ( 'NONE',  ( -13.64173013562593795, 1.722120468130850846, 0.000000000000000000 ) ) ;
#7348 = CARTESIAN_POINT ( 'NONE',  ( 2.584755384919331433, -13.48734665307394920, 0.000000000000000000 ) ) ;
#7349 = CARTESIAN_POINT ( 'NONE',  ( 12.44189184805948400, 5.853360337715992401, 8.000000000000000000 ) ) ;
#7350 = FACE_OUTER_BOUND ( 'NONE', #4554, .T. ) ;
#7351 = CARTESIAN_POINT ( 'NONE',  ( -4.896733499129095613, 11.66659828334866233, 8.000000000000000000 ) ) ;
#7352 = VERTEX_POINT ( 'NONE', #4101 ) ;
#7353 = CIRCLE ( 'NONE', #3769, 5.000000000000000000 ) ;
#7354 = CARTESIAN_POINT ( 'NONE',  ( -12.51119373526728218, 2.862521721341717118, 0.000000000000000000 ) ) ;
#7355 = AXIS2_PLACEMENT_3D ( 'NONE', #3593, #3549, #2934 ) ;
#7356 = CARTESIAN_POINT ( 'NONE',  ( 8.855020039375116170, -9.844302869038541459, 8.000000000000000000 ) ) ;
#7357 = CYLINDRICAL_SURFACE ( 'NONE', #899, 1.000000000000001110 ) ;
#7358 = CARTESIAN_POINT ( 'NONE',  ( -10.01877448794993519, -9.392211555377306453, 0.000000000000000000 ) ) ;
#7359 = VERTEX_POINT ( 'NONE', #339 ) ;
#7360 = CARTESIAN_POINT ( 'NONE',  ( -6.575057906251660533, -10.91417308631847582, 0.000000000000000000 ) ) ;
#7361 = CARTESIAN_POINT ( 'NONE',  ( -10.29093438073243583, -6.436913140481757445, 8.000000000000000000 ) ) ;
#7362 = CARTESIAN_POINT ( 'NONE',  ( 2.962264536897112777, 42.48398489353029106, 24.15497710174618717 ) ) ;
#7363 = CARTESIAN_POINT ( 'NONE',  ( 5.836552422531410933, -12.43077374740193974, 0.000000000000000000 ) ) ;
#7364 = CARTESIAN_POINT ( 'NONE',  ( 1.300400673318188760, 55.49728015868494424, 16.37100230941131684 ) ) ;
#7365 = CARTESIAN_POINT ( 'NONE',  ( 12.13967088095521163, -2.919073574172969643, -5.204170427930421283E-15 ) ) ;
#7366 = LINE ( 'NONE', #8154, #6234 ) ;
#7367 = ORIENTED_EDGE ( 'NONE', *, *, #2374, .T. ) ;
#7368 = CARTESIAN_POINT ( 'NONE',  ( 13.48734665307393854, 2.584755384919379395, -5.204170427930421283E-15 ) ) ;
#7369 = ORIENTED_EDGE ( 'NONE', *, *, #3671, .T. ) ;
#7370 = CARTESIAN_POINT ( 'NONE',  ( -11.87581303661959531, -5.115945187291695895, 8.000000000000000000 ) ) ;
#7371 = ORIENTED_EDGE ( 'NONE', *, *, #5238, .T. ) ;
#7372 = CARTESIAN_POINT ( 'NONE',  ( -7.577720000373640907, -9.126433365741181802, 8.000000000000000000 ) ) ;
#7373 = CARTESIAN_POINT ( 'NONE',  ( -2.919073574173006058, -12.13967088095520097, 0.000000000000000000 ) ) ;
#7374 = FACE_OUTER_BOUND ( 'NONE', #6039, .T. ) ;
#7375 = CARTESIAN_POINT ( 'NONE',  ( -13.50622083004038565, -2.577692551524178199, 8.000000000000000000 ) ) ;
#7376 = CARTESIAN_POINT ( 'NONE',  ( 9.699971161946937315, 6.186699299581561284, 0.000000000000000000 ) ) ;
#7377 = CARTESIAN_POINT ( 'NONE',  ( 10.68125199509733037, 37.19319649677248663, 20.19223158655972128 ) ) ;
#7378 = CARTESIAN_POINT ( 'NONE',  ( -8.988499347771103487, 6.231836464888859339, 0.000000000000000000 ) ) ;
#7379 = CARTESIAN_POINT ( 'NONE',  ( 9.497099640846757396, -8.105411651555723296, 0.000000000000000000 ) ) ;
#7380 = CIRCLE ( 'NONE', #512, 13.75000000000000000 ) ;
#7381 = CARTESIAN_POINT ( 'NONE',  ( -11.48389212362418377, 0.6963551242057266499, 8.000000000000000000 ) ) ;
#7382 = EDGE_CURVE ( 'NONE', #3059, #3119, #422, .T. ) ;
#7383 = CARTESIAN_POINT ( 'NONE',  ( -2.584755384919236842, 13.48734665307396696, 8.000000000000000000 ) ) ;
#7384 = ORIENTED_EDGE ( 'NONE', *, *, #4480, .F. ) ;
#7385 = CARTESIAN_POINT ( 'NONE',  ( 13.43928272065061869, 35.97380783126246939, 22.26686823408739002 ) ) ;
#7386 = AXIS2_PLACEMENT_3D ( 'NONE', #357, #4779, #3410 ) ;
#7387 = CARTESIAN_POINT ( 'NONE',  ( 10.47431425022855755, 3.149229626029041551, 8.000000000000000000 ) ) ;
#7388 = EDGE_CURVE ( 'NONE', #3176, #7770, #3409, .T. ) ;
#7389 = CARTESIAN_POINT ( 'NONE',  ( -12.69447357664507692, 1.095856395948356488, 8.000000000000000000 ) ) ;
#7390 = EDGE_CURVE ( 'NONE', #1994, #5867, #7327, .T. ) ;
#7391 = CARTESIAN_POINT ( 'NONE',  ( -10.47431425022857887, -3.149229626028968720, 0.000000000000000000 ) ) ;
#7392 = CARTESIAN_POINT ( 'NONE',  ( 7.152395453489308608, -8.544655887209419376, 8.000000000000000000 ) ) ;
#7393 = CARTESIAN_POINT ( 'NONE',  ( -4.542018187747222768, 11.25643158326923299, 8.000000000000000000 ) ) ;
#7394 = ORIENTED_EDGE ( 'NONE', *, *, #706, .F. ) ;
#7395 = CIRCLE ( 'NONE', #6992, 1.000000000000004219 ) ;
#7396 = B_SPLINE_CURVE_WITH_KNOTS ( 'NONE', 3,
 ( #7684, #2617, #1998, #3130, #7407, #4870, #575, #1071 ),
 .UNSPECIFIED., .F., .F.,
 ( 4, 2, 2, 4 ),
 ( 7.152448122690996019E-18, 0.001110702572266679443, 0.001666053858400024044, 0.002221405144533368427 ),
 .UNSPECIFIED. ) ;
#7397 = CARTESIAN_POINT ( 'NONE',  ( -11.90787246215810669, 2.937812879663815657, 0.000000000000000000 ) ) ;
#7398 = AXIS2_PLACEMENT_3D ( 'NONE', #1141, #6158, #1182 ) ;
#7399 = CARTESIAN_POINT ( 'NONE',  ( 4.965029436117591288, -11.73452356626236792, 8.000000000000000000 ) ) ;
#7400 = CARTESIAN_POINT ( 'NONE',  ( -4.449236289362012542, -11.12353076645875127, 0.000000000000000000 ) ) ;
#7401 = CARTESIAN_POINT ( 'NONE',  ( 7.906868104074138870, -9.376012365377775382, 8.000000000000000000 ) ) ;
#7402 = CARTESIAN_POINT ( 'NONE',  ( -8.105411651555762376, -9.497099640846727198, 8.000000000000000000 ) ) ;
#7403 = DIRECTION ( 'NONE',  ( -3.491481338843133355E-15, 1.000000000000000000, 0.000000000000000000 ) ) ;
#7404 = ORIENTED_EDGE ( 'NONE', *, *, #6553, .F. ) ;
#7405 = VECTOR ( 'NONE', #7082, 1000.000000000000227 ) ;
#7406 = CARTESIAN_POINT ( 'NONE',  ( 9.149886257342975782, -7.604022508570274397, 8.000000000000000000 ) ) ;
#7407 = CARTESIAN_POINT ( 'NONE',  ( 13.66683054068763781, 34.63904144447199229, -13.67008687622492857 ) ) ;
#7408 = EDGE_CURVE ( 'NONE', #4684, #5856, #611, .T. ) ;
#7409 = CARTESIAN_POINT ( 'NONE',  ( 10.70664486910374968, -4.210990906299789671, 0.000000000000000000 ) ) ;
#7410 = DIRECTION ( 'NONE',  ( -0.6396556736767862184, -0.1713952211956811522, 0.7493092133988347170 ) ) ;
#7411 = CARTESIAN_POINT ( 'NONE',  ( -5.836552422531322115, 12.43077374740198238, 0.000000000000000000 ) ) ;
#7412 = CARTESIAN_POINT ( 'NONE',  ( 0.000000000000000000, 0.000000000000000000, 8.000000000000000000 ) ) ;
#7413 = CARTESIAN_POINT ( 'NONE',  ( -11.91079326901028779, -0.7828886122849891827, 8.000000000000000000 ) ) ;
#7414 = EDGE_LOOP ( 'NONE', ( #3495, #6005, #7983, #7615 ) ) ;
#7415 = CARTESIAN_POINT ( 'NONE',  ( 7.707558585906948423, -9.234787594130720478, 0.000000000000000000 ) ) ;
#7416 = AXIS2_PLACEMENT_3D ( 'NONE', #2987, #4807, #4971 ) ;
#7417 = ORIENTED_EDGE ( 'NONE', *, *, #5345, .F. ) ;
#7418 = AXIS2_PLACEMENT_3D ( 'NONE', #2925, #6659, #3669 ) ;
#7419 = CARTESIAN_POINT ( 'NONE',  ( -11.41672744483950375, -4.668788839230902710, 8.000000000000000000 ) ) ;
#7420 = VECTOR ( 'NONE', #7521, 1000.000000000000000 ) ;
#7421 = ORIENTED_EDGE ( 'NONE', *, *, #7133, .T. ) ;
#7422 = ADVANCED_FACE ( 'NONE', ( #6884 ), #4343, .F. ) ;
#7423 = CARTESIAN_POINT ( 'NONE',  ( -13.64173013569106274, -1.722120468182788189, -5.204170427930421283E-15 ) ) ;
#7424 = CARTESIAN_POINT ( 'NONE',  ( -2.941794575437194581, -11.77637575328572161, 0.000000000000000000 ) ) ;
#7425 = CARTESIAN_POINT ( 'NONE',  ( -13.16905850672524814, -1.377525651863779288, 0.000000000000000000 ) ) ;
#7426 = CARTESIAN_POINT ( 'NONE',  ( 2.817469215210370415, -12.72257526253002702, 8.000000000000000000 ) ) ;
#7427 = CARTESIAN_POINT ( 'NONE',  ( -1.051893166807160940, -12.60876818853259174, 0.000000000000000000 ) ) ;
#7428 = CARTESIAN_POINT ( 'NONE',  ( -6.527568552596156870, 10.64346975476064650, 8.000000000000000000 ) ) ;
#7429 = FACE_BOUND ( 'NONE', #2312, .T. ) ;
#7430 = CARTESIAN_POINT ( 'NONE',  ( 9.234787594130864363, -7.707558585906779669, 0.000000000000000000 ) ) ;
#7431 = ORIENTED_EDGE ( 'NONE', *, *, #2820, .T. ) ;
#7432 = EDGE_CURVE ( 'NONE', #4440, #2501, #5452, .T. ) ;
#7433 = CARTESIAN_POINT ( 'NONE',  ( -10.72875944066946019, 6.544354946388695637, 0.000000000000000000 ) ) ;
#7434 = ORIENTED_EDGE ( 'NONE', *, *, #2618, .F. ) ;
#7435 = CARTESIAN_POINT ( 'NONE',  ( 11.47561408673054473, 4.719217338362343028, 0.000000000000000000 ) ) ;
#7436 = CARTESIAN_POINT ( 'NONE',  ( 11.46368139467869263, 6.626136714284793783, 8.000000000000000000 ) ) ;
#7437 = CARTESIAN_POINT ( 'NONE',  ( 0.2416457505997627320, -10.93483029503508597, 8.000000000000000000 ) ) ;
#7438 = CARTESIAN_POINT ( 'NONE',  ( -0.8074739252556281111, -12.00148937107102931, 0.000000000000000000 ) ) ;
#7439 = CARTESIAN_POINT ( 'NONE',  ( 11.00098866249045848, 37.39102126828903039, 20.51042811956521916 ) ) ;
#7440 = CARTESIAN_POINT ( 'NONE',  ( 6.231836464888759863, 8.988499347771170989, 8.000000000000000000 ) ) ;
#7441 = CARTESIAN_POINT ( 'NONE',  ( -6.628700411335394449, -11.96219333340846624, 8.000000000000000000 ) ) ;
#7442 = ORIENTED_EDGE ( 'NONE', *, *, #1277, .T. ) ;
#7443 = CARTESIAN_POINT ( 'NONE',  ( -12.72257526253006077, 2.817469215210235411, 8.000000000000000000 ) ) ;
#7444 = CARTESIAN_POINT ( 'NONE',  ( 0.000000000000000000, 0.000000000000000000, 8.000000000000000000 ) ) ;
#7445 = CARTESIAN_POINT ( 'NONE',  ( -5.379567626064723385, -12.09884006967988945, 8.000000000000000000 ) ) ;
#7446 = EDGE_CURVE ( 'NONE', #3059, #4536, #518, .T. ) ;
#7447 = FACE_OUTER_BOUND ( 'NONE', #646, .T. ) ;
#7448 = CARTESIAN_POINT ( 'NONE',  ( -7.750629585191656012, -9.267416903471977108, 0.000000000000000000 ) ) ;
#7449 = CARTESIAN_POINT ( 'NONE',  ( -9.175863790627211358, -7.634358818669890745, 8.000000000000000000 ) ) ;
#7450 = ORIENTED_EDGE ( 'NONE', *, *, #3166, .T. ) ;
#7451 = CARTESIAN_POINT ( 'NONE',  ( -6.619621129381116020, -11.34404188716891859, 8.000000000000000000 ) ) ;
#7452 = CARTESIAN_POINT ( 'NONE',  ( 9.267416903472005529, -7.750629585191619597, -5.204170427930421283E-15 ) ) ;
#7453 = FACE_OUTER_BOUND ( 'NONE', #262, .T. ) ;
#7454 = CARTESIAN_POINT ( 'NONE',  ( -4.449236289362094254, 11.12353076645872108, 0.000000000000000000 ) ) ;
#7455 = CARTESIAN_POINT ( 'NONE',  ( -2.708699257713828690, 10.80883218877890783, 8.000000000000000000 ) ) ;
#7456 = CARTESIAN_POINT ( 'NONE',  ( 7.750629585191585846, 9.267416903472033951, 0.000000000000000000 ) ) ;
#7457 = CARTESIAN_POINT ( 'NONE',  ( 7.798144649837262854, -9.301941798724717714, 0.000000000000000000 ) ) ;
#7458 = EDGE_LOOP ( 'NONE', ( #939, #2762, #6490, #3903 ) ) ;
#7459 = CARTESIAN_POINT ( 'NONE',  ( -11.08591166683800644, -4.425208852857832831, 8.000000000000000000 ) ) ;
#7460 = ORIENTED_EDGE ( 'NONE', *, *, #3572, .F. ) ;
#7461 = FACE_BOUND ( 'NONE', #2921, .T. ) ;
#7462 = CARTESIAN_POINT ( 'NONE',  ( -2.932881190150441686, -11.52995163726279415, 0.000000000000000000 ) ) ;
#7463 = CARTESIAN_POINT ( 'NONE',  ( -2.607747690747059810, 13.42510299664339790, 0.000000000000000000 ) ) ;
#7464 = CARTESIAN_POINT ( 'NONE',  ( 2.919073574173182362, -12.13967088095516367, 8.000000000000000000 ) ) ;
#7465 = CARTESIAN_POINT ( 'NONE',  ( -0.8857088747961671116, -12.23289380645680424, 0.000000000000000000 ) ) ;
#7466 = CARTESIAN_POINT ( 'NONE',  ( -6.600657436018151358, 11.11931436071735746, 0.000000000000000000 ) ) ;
#7467 = CARTESIAN_POINT ( 'NONE',  ( -9.886832010614797994, 8.972047302895393983, 0.000000000000000000 ) ) ;
#7468 = CARTESIAN_POINT ( 'NONE',  ( 1.312474532673086891, -13.06843834723477649, 8.000000000000000000 ) ) ;
#7469 = EDGE_LOOP ( 'NONE', ( #994, #114, #6765, #7168 ) ) ;
#7470 = CARTESIAN_POINT ( 'NONE',  ( -11.22924223885652140, 6.611064424922788341, 8.000000000000000000 ) ) ;
#7471 = ORIENTED_EDGE ( 'NONE', *, *, #1214, .F. ) ;
#7472 = CARTESIAN_POINT ( 'NONE',  ( -11.41672744483953394, 4.668788839230820109, 0.000000000000000000 ) ) ;
#7473 = CARTESIAN_POINT ( 'NONE',  ( -3.177189042419317655, 54.29751361031517831, 21.61616680320316419 ) ) ;
#7474 = CARTESIAN_POINT ( 'NONE',  ( -12.30068812565076541, 0.9123192481542625742, 0.000000000000000000 ) ) ;
#7475 = CARTESIAN_POINT ( 'NONE',  ( -1.600954125870928113, -13.48577048812304291, 8.000000000000000000 ) ) ;
#7476 =( BOUNDED_CURVE ( )  B_SPLINE_CURVE ( 3, ( #6436, #3821, #5192, #7101 ),
 .UNSPECIFIED., .F., .F. ) 
 B_SPLINE_CURVE_WITH_KNOTS ( ( 4, 4 ),
 ( 4.981304559064158255, 6.142856751215846955 ),
 .UNSPECIFIED. ) 
 CURVE ( )  GEOMETRIC_REPRESENTATION_ITEM ( )  RATIONAL_B_SPLINE_CURVE ( ( 1.000000000000000000, 0.8906913858799004879, 0.8906913858799004879, 1.000000000000000000 ) ) 
 REPRESENTATION_ITEM ( '' )  );
#7477 = CIRCLE ( 'NONE', #55, 1.000000000000004219 ) ;
#7478 = CARTESIAN_POINT ( 'NONE',  ( -12.41180006574749228, 2.880586703536566873, 8.000000000000000000 ) ) ;
#7479 = DIRECTION ( 'NONE',  ( 0.000000000000000000, -0.000000000000000000, 1.000000000000000000 ) ) ;
#7480 = CARTESIAN_POINT ( 'NONE',  ( -6.186699299581391642, -9.699971161947047449, 8.000000000000000000 ) ) ;
#7481 = ORIENTED_EDGE ( 'NONE', *, *, #5435, .F. ) ;
#7482 = CARTESIAN_POINT ( 'NONE',  ( 10.93483029503508774, -0.2416457505996495170, 8.000000000000000000 ) ) ;
#7483 = ADVANCED_FACE ( 'NONE', ( #8003 ), #2649, .T. ) ;
#7484 = CARTESIAN_POINT ( 'NONE',  ( 5.286606996007066073, -12.02324651265876021, 8.000000000000000000 ) ) ;
#7485 = CARTESIAN_POINT ( 'NONE',  ( -5.689930116769227553, -12.33100786788152448, 8.000000000000000000 ) ) ;
#7486 = CARTESIAN_POINT ( 'NONE',  ( -1.143751547996471052, 12.78342018721907003, 0.000000000000000000 ) ) ;
#7487 = CARTESIAN_POINT ( 'NONE',  ( -9.392211555323777716, -10.01877448793499248, 8.000000000000000000 ) ) ;
#7488 = CARTESIAN_POINT ( 'NONE',  ( 13.78397945741396668, 34.29668239974022015, 21.46396227924444133 ) ) ;
#7489 = EDGE_CURVE ( 'NONE', #6337, #3368, #1560, .T. ) ;
#7490 = ORIENTED_EDGE ( 'NONE', *, *, #5599, .F. ) ;
#7491 = CARTESIAN_POINT ( 'NONE',  ( 10.00078975079095223, -9.328340841197576339, 8.000000000000000000 ) ) ;
#7492 = CIRCLE ( 'NONE', #3901, 10.93750000000000178 ) ;
#7493 = FACE_OUTER_BOUND ( 'NONE', #6690, .T. ) ;
#7494 = CARTESIAN_POINT ( 'NONE',  ( 6.625183064395991472, -12.04862852623652536, 8.000000000000000000 ) ) ;
#7495 = PLANE ( 'NONE',  #521 ) ;
#7496 = EDGE_CURVE ( 'NONE', #1708, #3178, #703, .T. ) ;
#7497 = CARTESIAN_POINT ( 'NONE',  ( -2.686824890852737902, 13.19332579941578665, 8.000000000000000000 ) ) ;
#7498 = CYLINDRICAL_SURFACE ( 'NONE', #404, 10.93750000000000178 ) ;
#7499 = CARTESIAN_POINT ( 'NONE',  ( 0.000000000000000000, 0.000000000000000000, 0.000000000000000000 ) ) ;
#7500 = EDGE_LOOP ( 'NONE', ( #5654, #8156, #374, #5636 ) ) ;
#7501 = CARTESIAN_POINT ( 'NONE',  ( -11.47561408673058025, -4.719217338362263980, 8.000000000000000000 ) ) ;
#7502 = ORIENTED_EDGE ( 'NONE', *, *, #5445, .F. ) ;
#7503 = CARTESIAN_POINT ( 'NONE',  ( -7.750629585191723514, 9.267416903471923817, 0.000000000000000000 ) ) ;
#7504 = CARTESIAN_POINT ( 'NONE',  ( 0.3745401174987959547, 10.98835135702194421, 8.000000000000000000 ) ) ;
#7505 = CARTESIAN_POINT ( 'NONE',  ( 2.932881190150606887, -11.52995163726274974, 8.000000000000000000 ) ) ;
#7506 = CARTESIAN_POINT ( 'NONE',  ( -9.699971161946981724, -6.186699299581489342, 8.000000000000000000 ) ) ;
#7507 = DIRECTION ( 'NONE',  ( -0.3090169943749485615, -0.9510565162951531981, 0.000000000000000000 ) ) ;
#7508 = CARTESIAN_POINT ( 'NONE',  ( -9.204216794247592759, 7.668835209822990606, 0.000000000000000000 ) ) ;
#7509 = CARTESIAN_POINT ( 'NONE',  ( 1.143751547996471052, -12.78342018721907003, 8.000000000000000000 ) ) ;
#7510 = CARTESIAN_POINT ( 'NONE',  ( -12.10906341627276994, 0.8412873393389606047, 8.000000000000000000 ) ) ;
#7511 = CARTESIAN_POINT ( 'NONE',  ( -10.23507608951707049, 6.418760976341326696, 0.000000000000000000 ) ) ;
#7512 = ORIENTED_EDGE ( 'NONE', *, *, #6127, .F. ) ;
#7513 = CARTESIAN_POINT ( 'NONE',  ( -11.94884645308978044, 5.198761634262814901, 0.000000000000000000 ) ) ;
#7514 = CARTESIAN_POINT ( 'NONE',  ( 12.41180006574744610, 2.880586703536741844, 8.000000000000000000 ) ) ;
#7515 = EDGE_CURVE ( 'NONE', #5834, #6251, #4455, .T. ) ;
#7516 = CARTESIAN_POINT ( 'NONE',  ( -12.78342018721907714, 1.143751547996426421, 8.000000000000000000 ) ) ;
#7517 = EDGE_CURVE ( 'NONE', #1051, #919, #5405, .T. ) ;
#7518 = CARTESIAN_POINT ( 'NONE',  ( -1.668469543058222149, -13.57387004037415856, 8.000000000000000000 ) ) ;
#7519 = DIRECTION ( 'NONE',  ( 0.7237771210982810732, 0.1939354950984079062, -0.6622202826217419291 ) ) ;
#7520 = APPROVAL_STATUS ( 'not_yet_approved' ) ;
#7521 = DIRECTION ( 'NONE',  ( 0.7237771210982809622, 0.1939354950984082115, 0.6622202826217418181 ) ) ;
#7522 = ORIENTED_EDGE ( 'NONE', *, *, #278, .T. ) ;
#7523 = AXIS2_PLACEMENT_3D ( 'NONE', #3780, #643, #2001 ) ;
#7524 = CARTESIAN_POINT ( 'NONE',  ( 13.37787302532247047, -1.521639563755274871, 8.000000000000000000 ) ) ;
#7525 = VERTEX_POINT ( 'NONE', #3142 ) ;
#7526 =( BOUNDED_CURVE ( )  B_SPLINE_CURVE ( 3, ( #4777, #5989, #6728, #5449 ),
 .UNSPECIFIED., .F., .F. ) 
 B_SPLINE_CURVE_WITH_KNOTS ( ( 4, 4 ),
 ( 2.194891902298087505, 2.500555151229046036 ),
 .UNSPECIFIED. ) 
 CURVE ( )  GEOMETRIC_REPRESENTATION_ITEM ( )  RATIONAL_B_SPLINE_CURVE ( ( 1.000000000000000000, 0.9922293078672798083, 0.9922293078672798083, 1.000000000000000000 ) ) 
 REPRESENTATION_ITEM ( '' )  );
#7527 = CARTESIAN_POINT ( 'NONE',  ( -11.30699639290205560, -4.580317944817435816, 0.000000000000000000 ) ) ;
#7528 = CARTESIAN_POINT ( 'NONE',  ( -5.198761634262769604, -11.94884645308979820, 0.000000000000000000 ) ) ;
#7529 = CARTESIAN_POINT ( 'NONE',  ( -1.521639563755415203, 13.37787302532245448, 0.000000000000000000 ) ) ;
#7530 = AXIS2_PLACEMENT_3D ( 'NONE', #6211, #535, #3050 ) ;
#7531 = CARTESIAN_POINT ( 'NONE',  ( -7.707558585906816973, -9.234787594130832389, 0.000000000000000000 ) ) ;
#7532 = VECTOR ( 'NONE', #4016, 1000.000000000000000 ) ;
#7533 = CARTESIAN_POINT ( 'NONE',  ( -9.415217936709890267, -7.968244849358915971, 8.000000000000000000 ) ) ;
#7534 = CARTESIAN_POINT ( 'NONE',  ( 12.37227591337641286, 0.9420826277742860855, 8.000000000000000000 ) ) ;
#7535 = ORIENTED_EDGE ( 'NONE', *, *, #1952, .F. ) ;
#7536 = CARTESIAN_POINT ( 'NONE',  ( -6.628700411334685683, -11.96219333343621116, 8.000000000000000000 ) ) ;
#7537 = CARTESIAN_POINT ( 'NONE',  ( 9.149886257342975782, -7.604022508570274397, 8.000000000000000000 ) ) ;
#7538 = CARTESIAN_POINT ( 'NONE',  ( 2.932881190150606887, -11.52995163726274974, 8.000000000000000000 ) ) ;
#7539 = DIRECTION ( 'NONE',  ( 0.6546641047351241527, -0.2127132620451250011, -0.7253743710122936283 ) ) ;
#7540 = CARTESIAN_POINT ( 'NONE',  ( -2.862521721341762859, 12.51119373526727685, 8.000000000000000000 ) ) ;
#7541 = AXIS2_PLACEMENT_3D ( 'NONE', #671, #5260, #833 ) ;
#7542 = CARTESIAN_POINT ( 'NONE',  ( 10.13775510802960866, 6.383929952666293595, 8.000000000000000000 ) ) ;
#7543 = ORIENTED_EDGE ( 'NONE', *, *, #7611, .F. ) ;
#7544 = LINE ( 'NONE', #4382, #4290 ) ;
#7545 = ORIENTED_EDGE ( 'NONE', *, *, #2168, .T. ) ;
#7546 = EDGE_CURVE ( 'NONE', #5034, #2583, #588, .T. ) ;
#7547 = CARTESIAN_POINT ( 'NONE',  ( -13.57387004039618006, -1.668469543075150385, -5.204170427930421283E-15 ) ) ;
#7548 = CARTESIAN_POINT ( 'NONE',  ( 6.521356963488298852, 29.77887689907043622, 26.69378740028920660 ) ) ;
#7549 = CARTESIAN_POINT ( 'NONE',  ( 2.880586703536698323, -12.41180006574745676, 8.000000000000000000 ) ) ;
#7550 = CARTESIAN_POINT ( 'NONE',  ( -10.23507608951702252, -6.418760976341397750, 0.000000000000000000 ) ) ;
#7551 = CARTESIAN_POINT ( 'NONE',  ( 12.23289380645679536, 0.8857088747962953423, 0.000000000000000000 ) ) ;
#7552 = CARTESIAN_POINT ( 'NONE',  ( -9.126433365741155157, 7.577720000373671105, 0.000000000000000000 ) ) ;
#7553 = EDGE_CURVE ( 'NONE', #3440, #2583, #6449, .T. ) ;
#7554 = CARTESIAN_POINT ( 'NONE',  ( 0.6963551242057646196, -11.48389212362418377, 8.000000000000000000 ) ) ;
#7555 = CIRCLE ( 'NONE', #4625, 10.93750000000000000 ) ;
#7556 = CARTESIAN_POINT ( 'NONE',  ( 10.70664486910366442, 4.210990906300012604, 8.000000000000000000 ) ) ;
#7557 = CARTESIAN_POINT ( 'NONE',  ( -10.32496896312097157, 3.608867157514771939, 8.000000000000000000 ) ) ;
#7558 = DIRECTION ( 'NONE',  ( 0.000000000000000000, -0.000000000000000000, -1.000000000000000000 ) ) ;
#7559 = CARTESIAN_POINT ( 'NONE',  ( 10.41722559423740435, -6.473761040516332166, 0.000000000000000000 ) ) ;
#7560 = CARTESIAN_POINT ( 'NONE',  ( 4.181492356296883095, 32.83768711784735217, 19.85810654311806545 ) ) ;
#7561 = CARTESIAN_POINT ( 'NONE',  ( -0.2416457505997627320, 10.93483029503508597, 8.000000000000000000 ) ) ;
#7562 = EDGE_LOOP ( 'NONE', ( #6958, #1081, #7313, #2480, #1049, #6773, #6150 ) ) ;
#7563 = CARTESIAN_POINT ( 'NONE',  ( 6.367618434587651421, -10.09620455160481534, 0.000000000000000000 ) ) ;
#7564 = EDGE_LOOP ( 'NONE', ( #1663, #5730, #4952, #74 ) ) ;
#7565 = CARTESIAN_POINT ( 'NONE',  ( -10.32496896312094670, -3.608867157514846102, 8.000000000000000000 ) ) ;
#7566 = CARTESIAN_POINT ( 'NONE',  ( 6.575057906251815965, -10.91417308631837813, 0.000000000000000000 ) ) ;
#7567 = CARTESIAN_POINT ( 'NONE',  ( 8.066441935619948822, 34.53415948133688573, 15.44983606540345100 ) ) ;
#7568 = LINE ( 'NONE', #1148, #3962 ) ;
#7569 = CARTESIAN_POINT ( 'NONE',  ( -9.328340841197613642, -10.00078975079091492, 0.000000000000000000 ) ) ;
#7570 = ORIENTED_EDGE ( 'NONE', *, *, #5173, .T. ) ;
#7571 = DIRECTION ( 'NONE',  ( 0.7063278186911509104, 0.000000000000000000, -0.7078848865055676898 ) ) ;
#7572 = CARTESIAN_POINT ( 'NONE',  ( -2.929367628693770431, 11.49488719732985054, 8.000000000000000000 ) ) ;
#7573 = ORIENTED_EDGE ( 'NONE', *, *, #7390, .T. ) ;
#7574 = CARTESIAN_POINT ( 'NONE',  ( 0.000000000000000000, 0.000000000000000000, 0.000000000000000000 ) ) ;
#7575 = CARTESIAN_POINT ( 'NONE',  ( 2.708699257713905073, -10.80883218877888829, 0.000000000000000000 ) ) ;
#7576 = CARTESIAN_POINT ( 'NONE',  ( 24.12884592168398257, 48.65527908382852473, -8.338128017711117224 ) ) ;
#7577 = CARTESIAN_POINT ( 'NONE',  ( 11.52995163726280303, -2.932881190150406603, -5.204170427930421283E-15 ) ) ;
#7578 = CARTESIAN_POINT ( 'NONE',  ( 10.02706299305999771, 6.338109664291340373, 8.000000000000000000 ) ) ;
#7579 = ORIENTED_EDGE ( 'NONE', *, *, #5546, .T. ) ;
#7580 = CARTESIAN_POINT ( 'NONE',  ( 11.30699639290211600, -4.580317944817275944, 8.000000000000000000 ) ) ;
#7581 = ORIENTED_EDGE ( 'NONE', *, *, #2103, .F. ) ;
#7582 = CARTESIAN_POINT ( 'NONE',  ( -12.97053397611294123, -1.251919511749418623, 8.000000000000000000 ) ) ;
#7583 = EDGE_CURVE ( 'NONE', #7359, #1265, #5643, .T. ) ;
#7584 = CARTESIAN_POINT ( 'NONE',  ( 11.66361783702278920, -2.940710835118343969, 0.000000000000000000 ) ) ;
#7585 = CARTESIAN_POINT ( 'NONE',  ( 2.937812879663942223, -11.90787246215807471, 8.000000000000000000 ) ) ;
#7586 = CARTESIAN_POINT ( 'NONE',  ( 10.64346975476057366, 6.527568552596270557, 0.000000000000000000 ) ) ;
#7587 = CARTESIAN_POINT ( 'NONE',  ( 13.06843834723476405, 1.312474532673223671, 0.000000000000000000 ) ) ;
#7588 = CARTESIAN_POINT ( 'NONE',  ( -9.175863790627264649, 7.634358818669825908, 0.000000000000000000 ) ) ;
#7589 = CARTESIAN_POINT ( 'NONE',  ( 1.095856395948400897, -12.69447357664507514, 0.000000000000000000 ) ) ;
#7590 = CARTESIAN_POINT ( 'NONE',  ( -10.56312374806395304, 6.510080463201325607, 0.000000000000000000 ) ) ;
#7591 = AXIS2_PLACEMENT_3D ( 'NONE', #987, #6044, #367 ) ;
#7592 = CARTESIAN_POINT ( 'NONE',  ( -11.87581303661963084, 5.115945187291611518, 8.000000000000000000 ) ) ;
#7593 = EDGE_CURVE ( 'NONE', #116, #573, #5681, .T. ) ;
#7594 = CARTESIAN_POINT ( 'NONE',  ( 8.066441933275781295, 34.53415948122438550, -13.00000000000000178 ) ) ;
#7595 = CARTESIAN_POINT ( 'NONE',  ( 9.455639197970663545, 8.034402175150866299, 8.000000000000000000 ) ) ;
#7596 = DIRECTION ( 'NONE',  ( -0.6750363312718933306, 0.000000000000000000, -0.7377844884944265713 ) ) ;
#7597 = CARTESIAN_POINT ( 'NONE',  ( 11.02139818175197483, 4.386616976971076554, 8.000000000000000000 ) ) ;
#7598 = VERTEX_POINT ( 'NONE', #871 ) ;
#7599 = CARTESIAN_POINT ( 'NONE',  ( 13.62596226217984530, -1.709570872969363942, 8.000000000000000000 ) ) ;
#7600 = VERTEX_POINT ( 'NONE', #7787 ) ;
#7601 = CARTESIAN_POINT ( 'NONE',  ( 6.186699299581528422, -9.699971161946956855, 8.000000000000000000 ) ) ;
#7602 = CARTESIAN_POINT ( 'NONE',  ( 13.50622083004036611, 2.577692551524272790, 8.000000000000000000 ) ) ;
#7603 = CARTESIAN_POINT ( 'NONE',  ( 8.066441933275781295, 34.53415948122438550, -6.682724623002225250 ) ) ;
#7604 = CARTESIAN_POINT ( 'NONE',  ( -1.095856395948400897, 12.69447357664507514, 0.000000000000000000 ) ) ;
#7605 = CARTESIAN_POINT ( 'NONE',  ( -11.52995163726278349, 2.932881190150485651, 0.000000000000000000 ) ) ;
#7606 = ORIENTED_EDGE ( 'NONE', *, *, #4747, .T. ) ;
#7607 = CARTESIAN_POINT ( 'NONE',  ( -9.411632514553570417, 10.02415449855987006, 8.000000000000000000 ) ) ;
#7608 = AXIS2_PLACEMENT_3D ( 'NONE', #284, #3494, #2800 ) ;
#7609 = CARTESIAN_POINT ( 'NONE',  ( -2.936066220364054402, 11.56976343863535917, 0.000000000000000000 ) ) ;
#7610 = CARTESIAN_POINT ( 'NONE',  ( -6.455308898419720443, -10.35164078446986302, 0.000000000000000000 ) ) ;
#7611 = EDGE_CURVE ( 'NONE', #1889, #1716, #3343, .T. ) ;
#7612 = CARTESIAN_POINT ( 'NONE',  ( 13.06987279011077874, 2.724978029605349406, 0.000000000000000000 ) ) ;
#7613 = CARTESIAN_POINT ( 'NONE',  ( 12.04862852631981340, -6.625183064392114574, 8.000000000000000000 ) ) ;
#7614 = CARTESIAN_POINT ( 'NONE',  ( 8.972047302895502341, -9.886832010614698518, 0.000000000000000000 ) ) ;
#7615 = ORIENTED_EDGE ( 'NONE', *, *, #4458, .T. ) ;
#7616 = AXIS2_PLACEMENT_3D ( 'NONE', #2574, #4940, #7633 ) ;
#7617 = DIRECTION ( 'NONE',  ( 0.000000000000000000, 0.000000000000000000, -1.000000000000000000 ) ) ;
#7618 = ORIENTED_EDGE ( 'NONE', *, *, #62, .F. ) ;
#7619 = CARTESIAN_POINT ( 'NONE',  ( -8.988499347771060854, -6.231836464888920624, 8.000000000000000000 ) ) ;
#7620 = CARTESIAN_POINT ( 'NONE',  ( 11.77637575328573050, -2.941794575437159498, 8.000000000000000000 ) ) ;
#7621 = AXIS2_PLACEMENT_3D ( 'NONE', #7711, #3972, #5887 ) ;
#7622 = CARTESIAN_POINT ( 'NONE',  ( 1.377525651863733325, -13.16905850672525347, 8.000000000000000000 ) ) ;
#7623 = CARTESIAN_POINT ( 'NONE',  ( 11.34404188716879958, 6.619621129381319413, 0.000000000000000000 ) ) ;
#7624 = CARTESIAN_POINT ( 'NONE',  ( 10.93483029503508419, 0.2416457505998772792, 0.000000000000000000 ) ) ;
#7625 = B_SPLINE_SURFACE_WITH_KNOTS ( 'NONE', 3, 1, ( 
 ( #6670, #2814 ),
 ( #998, #6710 ),
 ( #6013, #1040 ),
 ( #5974, #3551 ),
 ( #3509, #4883 ),
 ( #2361, #4099 ),
 ( #6100, #2935 ),
 ( #2855, #420 ),
 ( #7999, #8041 ),
 ( #4719, #5387 ),
 ( #2314, #5430 ),
 ( #1743, #7960 ),
 ( #7919, #6055 ),
 ( #2233, #1697 ),
 ( #6798, #7373 ),
 ( #4219, #2979 ),
 ( #462, #380 ),
 ( #2276, #6756 ),
 ( #1083, #3594 ),
 ( #5519, #7424 ),
 ( #4259, #3435 ),
 ( #5346, #7880 ),
 ( #7251, #1575 ),
 ( #6632, #1782 ),
 ( #3640, #7462 ),
 ( #2401, #4926 ),
 ( #4301, #6184 ),
 ( #1123, #505 ),
 ( #8081, #3025 ) ),
 .UNSPECIFIED., .F., .F., .F.,
 ( 4, 1, 1, 1, 1, 1, 1, 1, 1, 1, 1, 1, 1, 1, 1, 1, 1, 1, 1, 1, 1, 1, 1, 1, 1, 1, 4 ),
 ( 2, 2 ),
 ( 0.4925683021194540157, 0.5024463643869940821, 0.5250929155847819940, 0.5469717870834428508, 0.5680829788830696891, 0.5884264909837645385, 0.6080023233856429732, 0.6268104760888334459, 0.6448509490934806188, 0.6621237423997496929, 0.6786288560078284071, 0.6943662899179314785, 0.7093360441303072639, 0.7235381186452435331, 0.7369725134630787933, 0.7496392285842117253, 0.7615382640091191702, 0.7726696197383760012, 0.7830332957726851006, 0.7926292921129175495, 0.8014576087601730237, 0.8095182457158636158, 0.8168112029818485054, 0.8233364805606433467, 0.8290940784557681020, 0.8340839966723704313, 1.000000000000000000 ),
 ( 0.000000000000000000, 1.000000000000000000 ),
 .UNSPECIFIED. ) ;
#7626 = CARTESIAN_POINT ( 'NONE',  ( 0.7941151212463513076, -11.95399604505280600, 0.000000000000000000 ) ) ;
#7627 = LINE ( 'NONE', #1288, #2767 ) ;
#7628 = CARTESIAN_POINT ( 'NONE',  ( -11.80431640392016668, 5.038066446831146905, 0.000000000000000000 ) ) ;
#7629 = FACE_OUTER_BOUND ( 'NONE', #7562, .T. ) ;
#7630 = CARTESIAN_POINT ( 'NONE',  ( 9.539420412438825991, 8.181339682156078652, 0.000000000000000000 ) ) ;
#7631 = CARTESIAN_POINT ( 'NONE',  ( -12.83440038321939269, -2.790132082466676877, 0.000000000000000000 ) ) ;
#7632 = CARTESIAN_POINT ( 'NONE',  ( -12.25290083038835398, -5.581155335976986542, 8.000000000000000000 ) ) ;
#7633 = DIRECTION ( 'NONE',  ( 1.000000000000000000, 0.000000000000000000, 0.000000000000000000 ) ) ;
#7634 = DATE_TIME_ROLE ( 'classification_date' ) ;
#7635 = ORIENTED_EDGE ( 'NONE', *, *, #1447, .F. ) ;
#7636 = B_SPLINE_CURVE_WITH_KNOTS ( 'NONE', 3,
 ( #3427, #4711, #3384, #7243, #5882, #2058, #6456, #5926, #3302, #1442, #4670, #2143, #7203, #1522, #205, #7706, #2680, #2722, #4049, #5254, #121, #6582, #290, #5168, #2097, #7872, #2806, #4629, #7164 ),
 .UNSPECIFIED., .F., .F.,
 ( 4, 1, 1, 1, 1, 1, 1, 1, 1, 1, 1, 1, 1, 1, 1, 1, 1, 1, 1, 1, 1, 1, 1, 1, 1, 1, 4 ),
 ( 0.000000000000000000, 0.1659160033276295965, 0.1709059215442318702, 0.1766635194393565977, 0.1831887970181514669, 0.1904817542841364120, 0.1985423912398269763, 0.2073707078870824227, 0.2169667042273148716, 0.2273303802616240543, 0.2384617359908808021, 0.2503607714157882191, 0.2630274865369212067, 0.2764618813547564669, 0.2906639558696927361, 0.3056337100820685215, 0.3213711439921715929, 0.3378762576002502516, 0.3551490509065193812, 0.3731895239111665541, 0.3919976766143570268, 0.4115735090162354615, 0.4319170211169303109, 0.4530282129165571492, 0.4749070844152180060, 0.4975536356130058624, 0.5074316978669448641 ),
 .UNSPECIFIED. ) ;
#7637 = B_SPLINE_CURVE_WITH_KNOTS ( 'NONE', 3,
 ( #137, #1460, #2696, #4025, #7683, #7762, #4557, #2073, #4604, #2119, #2160, #5899, #2740, #3895, #3984, #2616, #7096, #7180, #6514, #763, #5143, #846, #7054, #1997, #3940, #3360, #6474, #222, #4647 ),
 .UNSPECIFIED., .F., .F.,
 ( 4, 1, 1, 1, 1, 1, 1, 1, 1, 1, 1, 1, 1, 1, 1, 1, 1, 1, 1, 1, 1, 1, 1, 1, 1, 1, 4 ),
 ( 0.000000000000000000, 0.1659160033276295687, 0.1709059215442318980, 0.1766635194393566533, 0.1831887970181514946, 0.1904817542841363842, 0.1985423912398269763, 0.2073707078870824505, 0.2169667042273148994, 0.2273303802616239988, 0.2384617359908808298, 0.2503607714157882747, 0.2630274865369212067, 0.2764618813547564669, 0.2906639558696927361, 0.3056337100820685215, 0.3213711439921715929, 0.3378762576002503071, 0.3551490509065193812, 0.3731895239111665541, 0.3919976766143570268, 0.4115735090162354615, 0.4319170211169303109, 0.4530282129165571492, 0.4749070844152180060, 0.4975536356130058624, 0.5074316978669457523 ),
 .UNSPECIFIED. ) ;
#7638 = VECTOR ( 'NONE', #5944, 1000.000000000000000 ) ;
#7639 = CARTESIAN_POINT ( 'NONE',  ( 13.16905850672526590, -1.377525651863595435, 8.000000000000000000 ) ) ;
#7640 = EDGE_CURVE ( 'NONE', #2915, #3128, #1298, .T. ) ;
#7641 = EDGE_CURVE ( 'NONE', #439, #6828, #7118, .T. ) ;
#7642 = CARTESIAN_POINT ( 'NONE',  ( 6.401038329814059402, -10.18403012388267825, 8.000000000000000000 ) ) ;
#7643 = CARTESIAN_POINT ( 'NONE',  ( 6.628700411335568532, -11.96219333340837387, 0.000000000000000000 ) ) ;
#7644 = CARTESIAN_POINT ( 'NONE',  ( 6.231836464888956151, -8.988499347771035985, 8.000000000000000000 ) ) ;
#7645 = CARTESIAN_POINT ( 'NONE',  ( -0.7828886122849475493, 11.91079326901029134, 8.000000000000000000 ) ) ;
#7646 = CARTESIAN_POINT ( 'NONE',  ( -0.7941151212463513076, -11.95399604505280600, 8.000000000000000000 ) ) ;
#7647 = ORIENTED_EDGE ( 'NONE', *, *, #4182, .F. ) ;
#7648 = LINE ( 'NONE', #2005, #6731 ) ;
#7649 = AXIS2_PLACEMENT_3D ( 'NONE', #6444, #3870, #3911 ) ;
#7650 = CARTESIAN_POINT ( 'NONE',  ( 12.44755643926124655, 0.9751606640716734553, 8.000000000000000000 ) ) ;
#7651 = B_SPLINE_CURVE_WITH_KNOTS ( 'NONE', 3,
 ( #2008, #3955, #5872, #193, #6405, #4530, #5286, #2709, #280, #2670, #3998, #7108, #5242, #109, #3414, #5157, #5199, #3247, #4700, #1512, #5955, #2172, #5788, #819, #1348, #4617, #3333, #6570, #2757 ),
 .UNSPECIFIED., .F., .F.,
 ( 4, 1, 1, 1, 1, 1, 1, 1, 1, 1, 1, 1, 1, 1, 1, 1, 1, 1, 1, 1, 1, 1, 1, 1, 1, 1, 4 ),
 ( 0.000000000000000000, 0.1659160033276295965, 0.1709059215442318702, 0.1766635194393565977, 0.1831887970181514669, 0.1904817542841364120, 0.1985423912398269763, 0.2073707078870824227, 0.2169667042273148716, 0.2273303802616240543, 0.2384617359908808021, 0.2503607714157882191, 0.2630274865369212067, 0.2764618813547564669, 0.2906639558696927361, 0.3056337100820685215, 0.3213711439921715929, 0.3378762576002502516, 0.3551490509065193812, 0.3731895239111665541, 0.3919976766143570268, 0.4115735090162354615, 0.4319170211169303109, 0.4530282129165571492, 0.4749070844152180060, 0.4975536356130058624, 0.5074316978669444200 ),
 .UNSPECIFIED. ) ;
#7652 = CARTESIAN_POINT ( 'NONE',  ( -6.338109664291160961, -10.02706299306011140, 8.000000000000000000 ) ) ;
#7653 = CIRCLE ( 'NONE', #7386, 13.75000000000000000 ) ;
#7654 = CARTESIAN_POINT ( 'NONE',  ( 11.73452356626245141, -4.965029436117384343, 8.000000000000000000 ) ) ;
#7655 = CIRCLE ( 'NONE', #3150, 10.93750000000000178 ) ;
#7656 = DIRECTION ( 'NONE',  ( 1.000000000000000000, 0.000000000000000000, 0.000000000000000000 ) ) ;
#7657 = CARTESIAN_POINT ( 'NONE',  ( 0.8412873393390029042, -12.10906341627276639, 0.000000000000000000 ) ) ;
#7658 = CIRCLE ( 'NONE', #4345, 13.75000000000000000 ) ;
#7659 = ORIENTED_EDGE ( 'NONE', *, *, #5922, .F. ) ;
#7660 = CARTESIAN_POINT ( 'NONE',  ( 11.20891349420036498, -4.507497455255990104, 8.000000000000000000 ) ) ;
#7661 = ADVANCED_FACE ( 'NONE', ( #5299 ), #5211, .T. ) ;
#7662 = ORIENTED_EDGE ( 'NONE', *, *, #1372, .F. ) ;
#7663 = CARTESIAN_POINT ( 'NONE',  ( -10.13775510802965485, -6.383929952666218988, 8.000000000000000000 ) ) ;
#7664 = CARTESIAN_POINT ( 'NONE',  ( 11.98057174878966080, -2.933454507433441716, 0.000000000000000000 ) ) ;
#7665 = FACE_OUTER_BOUND ( 'NONE', #4879, .T. ) ;
#7666 = CARTESIAN_POINT ( 'NONE',  ( -11.22924223885647521, -6.611064424922867389, 8.000000000000000000 ) ) ;
#7667 = CARTESIAN_POINT ( 'NONE',  ( 13.27225220462995559, 1.447204694645935374, 0.000000000000000000 ) ) ;
#7668 = CARTESIAN_POINT ( 'NONE',  ( 10.56312374806400456, -6.510080463201247447, 8.000000000000000000 ) ) ;
#7669 = CARTESIAN_POINT ( 'NONE',  ( -6.544354946388659222, -10.72875944066948506, 8.000000000000000000 ) ) ;
#7670 = DIRECTION ( 'NONE',  ( -0.000000000000000000, 0.000000000000000000, -1.000000000000000000 ) ) ;
#7671 = EDGE_CURVE ( 'NONE', #5990, #146, #3676, .T. ) ;
#7672 = CARTESIAN_POINT ( 'NONE',  ( 15.72470076381521054, 53.98208637014782596, -0.3194376483127241428 ) ) ;
#7673 = CARTESIAN_POINT ( 'NONE',  ( -10.09620455160488461, 6.367618434587540399, 0.000000000000000000 ) ) ;
#7674 = DIRECTION ( 'NONE',  ( -0.000000000000000000, 0.000000000000000000, -1.000000000000000000 ) ) ;
#7675 = CARTESIAN_POINT ( 'NONE',  ( 9.415217936709831648, 7.968244849358985249, 8.000000000000000000 ) ) ;
#7676 = CARTESIAN_POINT ( 'NONE',  ( -12.51119373526726619, -2.862521721341807268, 8.000000000000000000 ) ) ;
#7677 = CARTESIAN_POINT ( 'NONE',  ( -12.87548337994386394, 1.195724957047492376, 8.000000000000000000 ) ) ;
#7678 = CARTESIAN_POINT ( 'NONE',  ( -7.604022508570377425, 9.149886257342894069, 8.000000000000000000 ) ) ;
#7679 = PERSON_AND_ORGANIZATION ( #316, #4205 ) ;
#7680 = EDGE_CURVE ( 'NONE', #3487, #737, #2876, .T. ) ;
#7681 = VERTEX_POINT ( 'NONE', #3921 ) ;
#7682 = CARTESIAN_POINT ( 'NONE',  ( 13.27225220462998578, -1.447204694645657153, 8.000000000000000000 ) ) ;
#7683 = CARTESIAN_POINT ( 'NONE',  ( 9.149886257342810580, 7.604022508570474237, 0.000000000000000000 ) ) ;
#7684 = CARTESIAN_POINT ( 'NONE',  ( 13.43928272065061869, 35.97380783126249071, -14.26686823408739713 ) ) ;
#7685 = CYLINDRICAL_SURFACE ( 'NONE', #5685, 1.000000000000000444 ) ;
#7686 = CARTESIAN_POINT ( 'NONE',  ( 12.22769606125921626, 27.92477493282073553, -13.00000000000000178 ) ) ;
#7687 = DIRECTION ( 'NONE',  ( -0.6396556736767861073, -0.1713952211956810967, -0.7493092133988347170 ) ) ;
#7688 = CARTESIAN_POINT ( 'NONE',  ( -6.626136714284590390, -11.46368139467881342, 0.000000000000000000 ) ) ;
#7689 = CARTESIAN_POINT ( 'NONE',  ( -11.13701600410303882, 2.886444749237033314, 0.000000000000000000 ) ) ;
#7690 = ORIENTED_EDGE ( 'NONE', *, *, #6080, .T. ) ;
#7691 = B_SPLINE_SURFACE_WITH_KNOTS ( 'NONE', 3, 1, ( 
 ( #14, #2155 ),
 ( #3355, #4642 ),
 ( #7844, #3396 ),
 ( #91, #3979 ),
 ( #1454, #1495 ),
 ( #882, #1410 ),
 ( #3935, #4681 ),
 ( #1369, #6510 ),
 ( #6469, #7051 ),
 ( #7716, #7215 ),
 ( #840, #5893 ),
 ( #4515, #5139 ),
 ( #3270, #5938 ),
 ( #261, #2611 ),
 ( #2029, #2781 ),
 ( #4021, #131 ),
 ( #3313, #1536 ),
 ( #5310, #218 ),
 ( #6391, #7176 ),
 ( #715, #3892 ),
 ( #2736, #6552 ),
 ( #4552, #5811 ),
 ( #5222, #3231 ),
 ( #5267, #801 ),
 ( #7678, #7803 ),
 ( #5769, #2111 ),
 ( #1993, #6429 ),
 ( #2651, #756 ),
 ( #5182, #7091 ) ),
 .UNSPECIFIED., .F., .F., .F.,
 ( 4, 1, 1, 1, 1, 1, 1, 1, 1, 1, 1, 1, 1, 1, 1, 1, 1, 1, 1, 1, 1, 1, 1, 1, 1, 1, 4 ),
 ( 2, 2 ),
 ( 0.4925683021194531275, 0.5024463643869940821, 0.5250929155847819940, 0.5469717870834428508, 0.5680829788830696891, 0.5884264909837645385, 0.6080023233856429732, 0.6268104760888334459, 0.6448509490934806188, 0.6621237423997496929, 0.6786288560078284071, 0.6943662899179314785, 0.7093360441303072639, 0.7235381186452435331, 0.7369725134630787933, 0.7496392285842117253, 0.7615382640091191702, 0.7726696197383760012, 0.7830332957726851006, 0.7926292921129175495, 0.8014576087601730237, 0.8095182457158636158, 0.8168112029818485054, 0.8233364805606433467, 0.8290940784557681020, 0.8340839966723704313, 1.000000000000000000 ),
 ( 0.000000000000000000, 1.000000000000000000 ),
 .UNSPECIFIED. ) ;
#7692 = DIRECTION ( 'NONE',  ( 0.000000000000000000, 0.000000000000000000, -1.000000000000000000 ) ) ;
#7693 = CARTESIAN_POINT ( 'NONE',  ( -2.941792002709039178, 11.71764203423212081, 8.000000000000000000 ) ) ;
#7694 = CARTESIAN_POINT ( 'NONE',  ( -6.231836464888827365, -8.988499347771126580, 8.000000000000000000 ) ) ;
#7695 = EDGE_CURVE ( 'NONE', #856, #407, #7636, .T. ) ;
#7696 = CARTESIAN_POINT ( 'NONE',  ( 13.48734665307393854, 2.584755384919379395, 0.000000000000000000 ) ) ;
#7697 = CARTESIAN_POINT ( 'NONE',  ( 11.22924223885657291, -6.611064424922705740, 0.000000000000000000 ) ) ;
#7698 = CARTESIAN_POINT ( 'NONE',  ( 5.853360337715948880, -12.44189184805950532, 8.000000000000000000 ) ) ;
#7699 = EDGE_LOOP ( 'NONE', ( #2355, #5492, #4553, #6030 ) ) ;
#7700 = CARTESIAN_POINT ( 'NONE',  ( 12.17545110014134657, -5.477724940116727836, 8.000000000000000000 ) ) ;
#7701 = ORIENTED_EDGE ( 'NONE', *, *, #3248, .F. ) ;
#7702 = CARTESIAN_POINT ( 'NONE',  ( -12.52642403931682225, -1.011712205768966477, -5.204170427930421283E-15 ) ) ;
#7703 = CARTESIAN_POINT ( 'NONE',  ( 13.50622083004042118, -2.577692551523988129, 0.000000000000000000 ) ) ;
#7704 = CARTESIAN_POINT ( 'NONE',  ( 1.709570872969507382, -13.62596226217982753, 8.000000000000000000 ) ) ;
#7705 = CARTESIAN_POINT ( 'NONE',  ( -12.02849558169539890, -6.626067776682399213, 8.000000000000000000 ) ) ;
#7706 = CARTESIAN_POINT ( 'NONE',  ( -12.22597347346767549, -2.908682420983950134, 0.000000000000000000 ) ) ;
#7707 = CARTESIAN_POINT ( 'NONE',  ( -10.00078975079088472, 9.328340841197649169, 0.000000000000000000 ) ) ;
#7708 = CARTESIAN_POINT ( 'NONE',  ( -3.608867157514808355, 10.32496896312095913, 8.000000000000000000 ) ) ;
#7709 = CARTESIAN_POINT ( 'NONE',  ( 11.00098866249045493, 37.39102126828901618, -12.51042811956521561 ) ) ;
#7710 = CARTESIAN_POINT ( 'NONE',  ( -4.404384806714049638, -11.05183112916333243, 0.000000000000000000 ) ) ;
#7711 = CARTESIAN_POINT ( 'NONE',  ( -0.9479138923130299155, 33.18463201253211281, 25.36271287019733833 ) ) ;
#7712 = DIRECTION ( 'NONE',  ( 0.000000000000000000, 0.000000000000000000, 1.000000000000000000 ) ) ;
#7713 = CARTESIAN_POINT ( 'NONE',  ( 8.988499347771151449, -6.231836464888791838, 0.000000000000000000 ) ) ;
#7714 = CARTESIAN_POINT ( 'NONE',  ( -11.56976343863534851, -2.936066220364096147, 0.000000000000000000 ) ) ;
#7715 = CARTESIAN_POINT ( 'NONE',  ( -12.52642403931682935, 1.011712205768879214, 8.000000000000000000 ) ) ;
#7716 = CARTESIAN_POINT ( 'NONE',  ( -8.535381057717573938, 9.713655369616169821, 8.000000000000000000 ) ) ;
#7717 = DATE_TIME_ROLE ( 'creation_date' ) ;
#7718 = ORIENTED_EDGE ( 'NONE', *, *, #909, .F. ) ;
#7719 = ORIENTED_EDGE ( 'NONE', *, *, #5437, .T. ) ;
#7720 = CARTESIAN_POINT ( 'NONE',  ( 13.48577048812302337, 1.600954125871069111, 8.000000000000000000 ) ) ;
#7721 = CARTESIAN_POINT ( 'NONE',  ( -9.376012365377862423, 7.906868104074034953, 8.000000000000000000 ) ) ;
#7722 = CARTESIAN_POINT ( 'NONE',  ( 10.72875944066936604, 6.544354946388849292, 0.000000000000000000 ) ) ;
#7723 = CARTESIAN_POINT ( 'NONE',  ( 6.611064424922912686, -11.22924223885644857, 8.000000000000000000 ) ) ;
#7724 = LINE ( 'NONE', #4333, #4006 ) ;
#7725 = CARTESIAN_POINT ( 'NONE',  ( 8.181339682156046678, -9.539420412438852637, 8.000000000000000000 ) ) ;
#7726 = CARTESIAN_POINT ( 'NONE',  ( 6.188310440852392347, 9.051151496050787060, 0.000000000000000000 ) ) ;
#7727 = CARTESIAN_POINT ( 'NONE',  ( -6.611064424922749261, -11.22924223885654627, 0.000000000000000000 ) ) ;
#7728 = CARTESIAN_POINT ( 'NONE',  ( 0.000000000000000000, 0.000000000000000000, 0.000000000000000000 ) ) ;
#7729 = ORIENTED_EDGE ( 'NONE', *, *, #4588, .F. ) ;
#7730 = CARTESIAN_POINT ( 'NONE',  ( -10.48771353560525732, 6.492081297254431504, 8.000000000000000000 ) ) ;
#7731 = CARTESIAN_POINT ( 'NONE',  ( 11.25643158326918147, 4.542018187747340896, 8.000000000000000000 ) ) ;
#7732 = CARTESIAN_POINT ( 'NONE',  ( 12.10906341627275751, 0.8412873393391296917, 8.000000000000000000 ) ) ;
#7733 = CARTESIAN_POINT ( 'NONE',  ( -11.12353076645870509, -4.449236289362134222, 0.000000000000000000 ) ) ;
#7734 =( BOUNDED_CURVE ( )  B_SPLINE_CURVE ( 3, ( #124, #7709, #6419, #3387 ),
 .UNSPECIFIED., .F., .F. ) 
 B_SPLINE_CURVE_WITH_KNOTS ( ( 4, 4 ),
 ( 4.712388980384689674, 5.735852120384477004 ),
 .UNSPECIFIED. ) 
 CURVE ( )  GEOMETRIC_REPRESENTATION_ITEM ( )  RATIONAL_B_SPLINE_CURVE ( ( 1.000000000000000000, 0.9145985910687409737, 0.9145985910687409737, 1.000000000000000000 ) ) 
 REPRESENTATION_ITEM ( '' )  );
#7735 = CARTESIAN_POINT ( 'NONE',  ( 12.02849558175094558, -6.626067776680025112, 0.000000000000000000 ) ) ;
#7736 = EDGE_CURVE ( 'NONE', #5940, #6168, #5339, .T. ) ;
#7737 = CARTESIAN_POINT ( 'NONE',  ( 1.312474532673086891, -13.06843834723477649, 0.000000000000000000 ) ) ;
#7738 = ORIENTED_EDGE ( 'NONE', *, *, #1479, .F. ) ;
#7739 = CARTESIAN_POINT ( 'NONE',  ( 12.39393210983946325, -5.781365353077968727, 0.000000000000000000 ) ) ;
#7740 = VERTEX_POINT ( 'NONE', #3879 ) ;
#7741 = CARTESIAN_POINT ( 'NONE',  ( -10.93483029503508597, -0.2416457505998016175, 8.000000000000000000 ) ) ;
#7742 = EDGE_CURVE ( 'NONE', #1934, #1335, #1483, .T. ) ;
#7743 = CARTESIAN_POINT ( 'NONE',  ( -13.06987279011080005, -2.724978029605258367, 8.000000000000000000 ) ) ;
#7744 = CARTESIAN_POINT ( 'NONE',  ( 0.9420826277741565224, -12.37227591337642352, 8.000000000000000000 ) ) ;
#7745 = CARTESIAN_POINT ( 'NONE',  ( -4.622531273494459469, -11.36047427339667237, 8.000000000000000000 ) ) ;
#7746 = DIRECTION ( 'NONE',  ( 0.000000000000000000, 0.000000000000000000, 1.000000000000000000 ) ) ;
#7747 = CARTESIAN_POINT ( 'NONE',  ( -9.411632514553501139, -10.02415449855993757, 0.000000000000000000 ) ) ;
#7748 = FACE_BOUND ( 'NONE', #4213, .T. ) ;
#7749 = CARTESIAN_POINT ( 'NONE',  ( 10.47431425022855755, 3.149229626029042439, 8.000000000000000000 ) ) ;
#7750 = CARTESIAN_POINT ( 'NONE',  ( -5.038066446831101608, -11.80431640392018267, 0.000000000000000000 ) ) ;
#7751 = CARTESIAN_POINT ( 'NONE',  ( -5.115945187291654150, 11.87581303661961485, 8.000000000000000000 ) ) ;
#7752 = CARTESIAN_POINT ( 'NONE',  ( 0.000000000000000000, 0.000000000000000000, 8.000000000000000000 ) ) ;
#7753 = CARTESIAN_POINT ( 'NONE',  ( 17.79525312463538711, 46.25467975983527680, -0.3194376483127266408 ) ) ;
#7754 = CARTESIAN_POINT ( 'NONE',  ( -9.969200282347971509, 9.221936103764038606, 0.000000000000000000 ) ) ;
#7755 = CARTESIAN_POINT ( 'NONE',  ( -12.44189184801363979, 5.853360337646381417, 0.000000000000000000 ) ) ;
#7756 = B_SPLINE_SURFACE_WITH_KNOTS ( 'NONE', 3, 1, ( 
 ( #486, #2211 ),
 ( #1723, #7274 ),
 ( #1594, #1552 ),
 ( #3490, #4242 ),
 ( #4117, #8021 ),
 ( #6611, #2339 ),
 ( #7356, #5410 ),
 ( #6652, #980 ),
 ( #7941, #2257 ),
 ( #1022, #7316 ),
 ( #4863, #5498 ),
 ( #1637, #4157 ),
 ( #1677, #3531 ),
 ( #5453, #7979 ),
 ( #4196, #6734 ),
 ( #1065, #3575 ),
 ( #6122, #443 ),
 ( #7401, #6777 ),
 ( #644, #5585 ),
 ( #6248, #6362 ),
 ( #8181, #4908 ),
 ( #3086, #1846 ),
 ( #59, #2507 ),
 ( #3048, #3122 ),
 ( #5736, #1921 ),
 ( #531, #5624 ),
 ( #8141, #686 ),
 ( #4445, #5029 ),
 ( #3822, #5702 ) ),
 .UNSPECIFIED., .F., .F., .F.,
 ( 4, 1, 1, 1, 1, 1, 1, 1, 1, 1, 1, 1, 1, 1, 1, 1, 1, 1, 1, 1, 1, 1, 1, 1, 1, 1, 4 ),
 ( 2, 2 ),
 ( 0.4925683021194525169, 0.5024463643869940821, 0.5250929155847819940, 0.5469717870834428508, 0.5680829788830696891, 0.5884264909837645385, 0.6080023233856429732, 0.6268104760888334459, 0.6448509490934806188, 0.6621237423997496929, 0.6786288560078284071, 0.6943662899179314785, 0.7093360441303072639, 0.7235381186452435331, 0.7369725134630787933, 0.7496392285842117253, 0.7615382640091191702, 0.7726696197383760012, 0.7830332957726851006, 0.7926292921129175495, 0.8014576087601730237, 0.8095182457158636158, 0.8168112029818485054, 0.8233364805606433467, 0.8290940784557681020, 0.8340839966723704313, 1.000000000000000000 ),
 ( 0.000000000000000000, 1.000000000000000000 ),
 .UNSPECIFIED. ) ;
#7757 = CARTESIAN_POINT ( 'NONE',  ( -11.87581303661959531, -5.115945187291695895, 0.000000000000000000 ) ) ;
#7758 = CARTESIAN_POINT ( 'NONE',  ( 6.521356961401045815, 29.77887689974861729, -5.000000000000004441 ) ) ;
#7759 = ORIENTED_EDGE ( 'NONE', *, *, #5345, .T. ) ;
#7760 = VERTEX_POINT ( 'NONE', #7077 ) ;
#7761 = CARTESIAN_POINT ( 'NONE',  ( 13.48577048812302337, 1.600954125871069111, 0.000000000000000000 ) ) ;
#7762 = CARTESIAN_POINT ( 'NONE',  ( 9.175863790627152738, 7.634358818669958247, 0.000000000000000000 ) ) ;
#7763 = CARTESIAN_POINT ( 'NONE',  ( 10.01877448793502978, -9.392211555323736860, 8.000000000000000000 ) ) ;
#7764 = CARTESIAN_POINT ( 'NONE',  ( -1.377525651863733325, 13.16905850672525347, 8.000000000000000000 ) ) ;
#7765 = CARTESIAN_POINT ( 'NONE',  ( 2.932881190150606887, -11.52995163726274974, 0.000000000000000000 ) ) ;
#7766 = DIRECTION ( 'NONE',  ( 0.000000000000000000, 0.000000000000000000, 1.000000000000000000 ) ) ;
#7767 = CARTESIAN_POINT ( 'NONE',  ( -8.181339682155977400, 9.539420412438916586, 8.000000000000000000 ) ) ;
#7768 = CARTESIAN_POINT ( 'NONE',  ( -6.401038329813911965, -10.18403012388277062, 0.000000000000000000 ) ) ;
#7769 = CARTESIAN_POINT ( 'NONE',  ( -11.01428446989498333, -6.588591420233511187, 0.000000000000000000 ) ) ;
#7770 = VERTEX_POINT ( 'NONE', #6539 ) ;
#7771 = FACE_OUTER_BOUND ( 'NONE', #958, .T. ) ;
#7772 = CARTESIAN_POINT ( 'NONE',  ( -2.908682420983905281, 12.22597347346768615, 0.000000000000000000 ) ) ;
#7773 = ADVANCED_FACE ( 'NONE', ( #1398 ), #4499, .T. ) ;
#7774 = CARTESIAN_POINT ( 'NONE',  ( -2.817469215210187006, -12.72257526253006787, 8.000000000000000000 ) ) ;
#7775 = CARTESIAN_POINT ( 'NONE',  ( 13.50622083004036611, 2.577692551524272790, 0.000000000000000000 ) ) ;
#7776 = CARTESIAN_POINT ( 'NONE',  ( 10.56312374806400456, -6.510080463201247447, 8.000000000000000000 ) ) ;
#7777 = CARTESIAN_POINT ( 'NONE',  ( 0.7661213205046493169, -11.83751175313650172, 0.000000000000000000 ) ) ;
#7778 = ORIENTED_EDGE ( 'NONE', *, *, #1259, .T. ) ;
#7779 = CARTESIAN_POINT ( 'NONE',  ( -10.32496896312096979, 3.608867157514772384, 8.000000000000000000 ) ) ;
#7780 = VERTEX_POINT ( 'NONE', #3574 ) ;
#7781 = VECTOR ( 'NONE', #7687, 1000.000000000000114 ) ;
#7782 = CARTESIAN_POINT ( 'NONE',  ( -12.16898868378441456, -0.8620871873792715911, 8.000000000000000000 ) ) ;
#7783 =( BOUNDED_CURVE ( )  B_SPLINE_CURVE ( 3, ( #370, #3586, #7833, #1568 ),
 .UNSPECIFIED., .F., .F. ) 
 B_SPLINE_CURVE_WITH_KNOTS ( ( 4, 4 ),
 ( -8.881784197001252323E-16, 0.5543815916423524559 ),
 .UNSPECIFIED. ) 
 CURVE ( )  GEOMETRIC_REPRESENTATION_ITEM ( )  RATIONAL_B_SPLINE_CURVE ( ( 1.000000000000000000, 0.9745519897259304898, 0.9745519897259304898, 1.000000000000000000 ) ) 
 REPRESENTATION_ITEM ( '' )  );
#7784 = CARTESIAN_POINT ( 'NONE',  ( -12.61481170127149198, -2.841541163098093570, 8.000000000000000000 ) ) ;
#7785 = CARTESIAN_POINT ( 'NONE',  ( 2.895913797652593047, -12.31670401296923245, 0.000000000000000000 ) ) ;
#7786 = CARTESIAN_POINT ( 'NONE',  ( -5.286606996006893766, -12.02324651265883482, 8.000000000000000000 ) ) ;
#7787 = CARTESIAN_POINT ( 'NONE',  ( 0.1311484092279668334, 50.21139150384284022, -15.50571386040527599 ) ) ;
#7788 = CARTESIAN_POINT ( 'NONE',  ( 10.09620455160493435, -6.367618434587465792, 8.000000000000000000 ) ) ;
#7789 = CARTESIAN_POINT ( 'NONE',  ( -11.12353076645873706, 4.449236289362055174, 0.000000000000000000 ) ) ;
#7790 = VECTOR ( 'NONE', #238, 999.9999999999998863 ) ;
#7791 = CARTESIAN_POINT ( 'NONE',  ( 11.52995163726274086, 2.932881190150647743, 8.000000000000000000 ) ) ;
#7792 = EDGE_LOOP ( 'NONE', ( #4436, #949, #331, #5791 ) ) ;
#7793 = VECTOR ( 'NONE', #2896, 1000.000000000000000 ) ;
#7794 = ADVANCED_FACE ( 'NONE', ( #6121, #8065, #2383 ), #4907, .T. ) ;
#7795 = CARTESIAN_POINT ( 'NONE',  ( -5.379567626064723385, -12.09884006967988945, 0.000000000000000000 ) ) ;
#7796 = CARTESIAN_POINT ( 'NONE',  ( -5.198761634262857534, 11.94884645308976090, 8.000000000000000000 ) ) ;
#7797 = CARTESIAN_POINT ( 'NONE',  ( 6.231836464888760752, 8.988499347771170989, 8.000000000000000000 ) ) ;
#7798 = CARTESIAN_POINT ( 'NONE',  ( -2.929367628693770431, 11.49488719732985054, 0.000000000000000000 ) ) ;
#7799 = EDGE_CURVE ( 'NONE', #555, #4145, #6322, .T. ) ;
#7800 = CARTESIAN_POINT ( 'NONE',  ( -11.90787246215808537, -2.937812879663900478, 0.000000000000000000 ) ) ;
#7801 = CARTESIAN_POINT ( 'NONE',  ( 11.93795161768868773, 35.51763643823350236, -10.67528984085115162 ) ) ;
#7802 = CARTESIAN_POINT ( 'NONE',  ( -11.66659828334864457, -4.896733499129138245, 8.000000000000000000 ) ) ;
#7803 = CARTESIAN_POINT ( 'NONE',  ( -7.604022508570377425, 9.149886257342894069, 0.000000000000000000 ) ) ;
#7804 = ORIENTED_EDGE ( 'NONE', *, *, #3080, .T. ) ;
#7805 = VECTOR ( 'NONE', #5274, 1000.000000000000000 ) ;
#7806 = ORIENTED_EDGE ( 'NONE', *, *, #6042, .T. ) ;
#7807 = CARTESIAN_POINT ( 'NONE',  ( 6.510080463201441070, -10.56312374806388377, 8.000000000000000000 ) ) ;
#7808 = CARTESIAN_POINT ( 'NONE',  ( 6.625183064395991472, -12.04862852623652536, 8.000000000000000000 ) ) ;
#7809 = CARTESIAN_POINT ( 'NONE',  ( 13.41765329629886061, 36.05253985009576922, -14.26727816506351232 ) ) ;
#7810 = CARTESIAN_POINT ( 'NONE',  ( 0.000000000000000000, 0.000000000000000000, 8.000000000000000000 ) ) ;
#7811 = CARTESIAN_POINT ( 'NONE',  ( 2.940710835118548250, -11.66361783702273947, 0.000000000000000000 ) ) ;
#7812 = CARTESIAN_POINT ( 'NONE',  ( -6.231836464888890426, 8.988499347771085723, 8.000000000000000000 ) ) ;
#7813 = CARTESIAN_POINT ( 'NONE',  ( -13.37787302532245981, 1.521639563755368352, 0.000000000000000000 ) ) ;
#7814 = CARTESIAN_POINT ( 'NONE',  ( -0.8412873393390029042, 12.10906341627276639, 8.000000000000000000 ) ) ;
#7815 = CARTESIAN_POINT ( 'NONE',  ( -13.32045193209910927, 2.644734409370955053, 0.000000000000000000 ) ) ;
#7816 = ORIENTED_EDGE ( 'NONE', *, *, #3680, .T. ) ;
#7817 = VECTOR ( 'NONE', #4938, 1000.000000000000114 ) ;
#7818 = CARTESIAN_POINT ( 'NONE',  ( -9.126433365741155157, 7.577720000373671105, 0.000000000000000000 ) ) ;
#7819 = AXIS2_PLACEMENT_3D ( 'NONE', #272, #4072, #976 ) ;
#7820 = CARTESIAN_POINT ( 'NONE',  ( 11.87581303661955623, 5.115945187291778495, 8.000000000000000000 ) ) ;
#7821 = CARTESIAN_POINT ( 'NONE',  ( -2.886444749236990681, -11.13701600410304948, 8.000000000000000000 ) ) ;
#7822 = CARTESIAN_POINT ( 'NONE',  ( -10.70664486910369462, -4.210990906299937997, 0.000000000000000000 ) ) ;
#7823 = CARTESIAN_POINT ( 'NONE',  ( -7.634358818669794822, -9.175863790627293071, 8.000000000000000000 ) ) ;
#7824 = CARTESIAN_POINT ( 'NONE',  ( 0.8074739252556281111, -12.00148937107102753, 0.000000000000000000 ) ) ;
#7825 = VERTEX_POINT ( 'NONE', #2662 ) ;
#7826 = CARTESIAN_POINT ( 'NONE',  ( 4.917708437219962647, 32.26705272314278972, -11.22056930244627893 ) ) ;
#7827 = ORIENTED_EDGE ( 'NONE', *, *, #5699, .F. ) ;
#7828 = CARTESIAN_POINT ( 'NONE',  ( -10.81899503309353072, -6.560248542580116471, 8.000000000000000000 ) ) ;
#7829 = CARTESIAN_POINT ( 'NONE',  ( -10.47431425022858065, -3.149229626028969165, 8.000000000000000000 ) ) ;
#7830 = CARTESIAN_POINT ( 'NONE',  ( -12.04862852623655378, -6.625183064395943511, 0.000000000000000000 ) ) ;
#7831 = CARTESIAN_POINT ( 'NONE',  ( 7.749517416239516621, 33.55876610551256078, -8.858194565208707516 ) ) ;
#7832 = DIRECTION ( 'NONE',  ( 0.9659258262890678681, 0.2588190451025228489, 0.000000000000000000 ) ) ;
#7833 = CARTESIAN_POINT ( 'NONE',  ( 13.96810599321304380, 33.61276229801161008, 21.09722763825820024 ) ) ;
#7834 = CARTESIAN_POINT ( 'NONE',  ( -11.80431640392016668, 5.038066446831146905, 0.000000000000000000 ) ) ;
#7835 = DIRECTION ( 'NONE',  ( -0.7237771210982809622, -0.1939354950984082948, -0.6622202826217418181 ) ) ;
#7836 = ORIENTED_EDGE ( 'NONE', *, *, #4377, .T. ) ;
#7837 = CARTESIAN_POINT ( 'NONE',  ( -8.881356617214091642, -7.313425558786570413, 0.000000000000000000 ) ) ;
#7838 = EDGE_CURVE ( 'NONE', #3119, #4130, #7924, .T. ) ;
#7839 = CARTESIAN_POINT ( 'NONE',  ( -7.668835209822958632, -9.204216794247617628, 8.000000000000000000 ) ) ;
#7840 = CARTESIAN_POINT ( 'NONE',  ( 10.68261108938447101, 23.16949235134497087, 13.00000000000000178 ) ) ;
#7841 = CARTESIAN_POINT ( 'NONE',  ( -2.940530670474239994, 11.83979557596823540, 0.000000000000000000 ) ) ;
#7842 = CARTESIAN_POINT ( 'NONE',  ( -6.619621129381195956, 11.34404188716887596, 8.000000000000000000 ) ) ;
#7843 = CARTESIAN_POINT ( 'NONE',  ( 0.000000000000000000, 0.000000000000000000, 8.000000000000000000 ) ) ;
#7844 = CARTESIAN_POINT ( 'NONE',  ( -9.328340841224290969, 10.00078975079874866, 8.000000000000000000 ) ) ;
#7845 = ORIENTED_EDGE ( 'NONE', *, *, #2843, .T. ) ;
#7846 = ORIENTED_EDGE ( 'NONE', *, *, #6730, .T. ) ;
#7847 = EDGE_CURVE ( 'NONE', #2285, #3938, #7476, .T. ) ;
#7848 = CARTESIAN_POINT ( 'NONE',  ( 6.631537913675626505, -11.85123473191533172, 0.000000000000000000 ) ) ;
#7849 = DIRECTION ( 'NONE',  ( 0.000000000000000000, -0.000000000000000000, -1.000000000000000000 ) ) ;
#7850 = CARTESIAN_POINT ( 'NONE',  ( 10.05932550694752692, 6.352286767647703947, 8.000000000000000000 ) ) ;
#7851 = CARTESIAN_POINT ( 'NONE',  ( 12.05320353502386688, -0.8231400688184353776, 0.000000000000000000 ) ) ;
#7852 = CARTESIAN_POINT ( 'NONE',  ( 2.940530670474323927, -11.83979557596821230, 8.000000000000000000 ) ) ;
#7853 = CARTESIAN_POINT ( 'NONE',  ( -0.2416457505997627320, 10.93483029503508597, 0.000000000000000000 ) ) ;
#7854 = CARTESIAN_POINT ( 'NONE',  ( -11.83751175313650528, 0.7661213205046079056, 0.000000000000000000 ) ) ;
#7855 = CARTESIAN_POINT ( 'NONE',  ( -5.286606996006981696, 12.02324651265879929, 8.000000000000000000 ) ) ;
#7856 = ORIENTED_EDGE ( 'NONE', *, *, #7284, .T. ) ;
#7857 = CARTESIAN_POINT ( 'NONE',  ( -9.376012365377862423, 7.906868104074034953, 0.000000000000000000 ) ) ;
#7858 = CARTESIAN_POINT ( 'NONE',  ( -2.607747690746961222, -13.42510299664341211, 8.000000000000000000 ) ) ;
#7859 = VECTOR ( 'NONE', #2472, 1000.000000000000114 ) ;
#7860 = LINE ( 'NONE', #4573, #7276 ) ;
#7861 = CARTESIAN_POINT ( 'NONE',  ( 9.442776183394496314, -5.916238915411951460, 0.000000000000000000 ) ) ;
#7862 = CARTESIAN_POINT ( 'NONE',  ( 4.773939382173077561, -11.53698844606701357, 8.000000000000000000 ) ) ;
#7863 = VERTEX_POINT ( 'NONE', #5735 ) ;
#7864 = DIRECTION ( 'NONE',  ( 0.000000000000000000, 0.000000000000000000, -1.000000000000000000 ) ) ;
#7865 = ORIENTED_EDGE ( 'NONE', *, *, #3166, .F. ) ;
#7866 = CARTESIAN_POINT ( 'NONE',  ( 10.00078975079074795, 9.328340841197794830, 8.000000000000000000 ) ) ;
#7867 = EDGE_CURVE ( 'NONE', #7271, #5980, #1229, .T. ) ;
#7868 = AXIS2_PLACEMENT_3D ( 'NONE', #7473, #3112, #6933 ) ;
#7869 = CARTESIAN_POINT ( 'NONE',  ( 7.850195268865046927, 9.338196514606311283, 8.000000000000000000 ) ) ;
#7870 = DIRECTION ( 'NONE',  ( 1.000000000000000000, 0.000000000000000000, 0.000000000000000000 ) ) ;
#7871 = CARTESIAN_POINT ( 'NONE',  ( -5.115945187291566221, -11.87581303661964682, 8.000000000000000000 ) ) ;
#7872 = CARTESIAN_POINT ( 'NONE',  ( -13.32045193209908973, -2.644734409371050976, 0.000000000000000000 ) ) ;
#7873 = CARTESIAN_POINT ( 'NONE',  ( 13.32045193209912171, -2.644734409370864459, 8.000000000000000000 ) ) ;
#7874 = CARTESIAN_POINT ( 'NONE',  ( 7.707558585906747695, 9.234787594130889232, 0.000000000000000000 ) ) ;
#7875 = CARTESIAN_POINT ( 'NONE',  ( 11.98057174878959685, 2.933454507433692626, -5.204170427930421283E-15 ) ) ;
#7876 = VERTEX_POINT ( 'NONE', #5821 ) ;
#7877 = AXIS2_PLACEMENT_3D ( 'NONE', #5637, #8157, #2479 ) ;
#7878 = CARTESIAN_POINT ( 'NONE',  ( 13.64173013562594505, -1.722120468130753590, 8.000000000000000000 ) ) ;
#7879 = DIRECTION ( 'NONE',  ( 0.7557820683608863499, 0.2025111948712239041, -0.6227219934256134071 ) ) ;
#7880 = CARTESIAN_POINT ( 'NONE',  ( -2.940710835118379052, -11.66361783702277855, 0.000000000000000000 ) ) ;
#7881 = DIRECTION ( 'NONE',  ( -0.6396556736767861073, -0.1713952211956810967, -0.7493092133988347170 ) ) ;
#7882 = DIRECTION ( 'NONE',  ( 0.000000000000000000, 0.000000000000000000, -1.000000000000000000 ) ) ;
#7883 = CARTESIAN_POINT ( 'NONE',  ( 12.01247372573125638, 35.66762355851692234, -12.97968703374909083 ) ) ;
#7884 = CARTESIAN_POINT ( 'NONE',  ( 0.8917121760769423089, 50.21139150384284022, 24.15497710174618717 ) ) ;
#7885 = ORIENTED_EDGE ( 'NONE', *, *, #7593, .T. ) ;
#7886 = VERTEX_POINT ( 'NONE', #100 ) ;
#7887 = CIRCLE ( 'NONE', #735, 10.93750000000000178 ) ;
#7888 = CARTESIAN_POINT ( 'NONE',  ( 6.455308898419869656, -10.35164078446976710, 8.000000000000000000 ) ) ;
#7889 = DIRECTION ( 'NONE',  ( -0.3090169943749485615, -0.9510565162951531981, 0.000000000000000000 ) ) ;
#7890 = CARTESIAN_POINT ( 'NONE',  ( 10.56312374806385890, 6.510080463201478373, 8.000000000000000000 ) ) ;
#7891 = B_SPLINE_CURVE_WITH_KNOTS ( 'NONE', 3,
 ( #5506, #6982, #4484, #1686, #4207, #6742, #1073, #6360, #5734, #8029, #451, #57, #1113, #2967, #493, #5656, #8179, #1546, #810, #4691, #1503, #7184, #5863, #3323, #185, #936, #4651, #2164, #2746 ),
 .UNSPECIFIED., .F., .F.,
 ( 4, 1, 1, 1, 1, 1, 1, 1, 1, 1, 1, 1, 1, 1, 1, 1, 1, 1, 1, 1, 1, 1, 1, 1, 1, 1, 4 ),
 ( 0.000000000000000000, 0.1659160033276295687, 0.1709059215442318980, 0.1766635194393566533, 0.1831887970181514946, 0.1904817542841363842, 0.1985423912398269763, 0.2073707078870824505, 0.2169667042273148994, 0.2273303802616239988, 0.2384617359908808298, 0.2503607714157882747, 0.2630274865369212067, 0.2764618813547564669, 0.2906639558696927361, 0.3056337100820685215, 0.3213711439921715929, 0.3378762576002503071, 0.3551490509065193812, 0.3731895239111665541, 0.3919976766143570268, 0.4115735090162354615, 0.4319170211169303109, 0.4530282129165571492, 0.4749070844152180060, 0.4975536356130059734, 0.5074316978669443090 ),
 .UNSPECIFIED. ) ;
#7892 = CARTESIAN_POINT ( 'NONE',  ( 12.10906341627277527, -0.8412873393388760057, 0.000000000000000000 ) ) ;
#7893 = CARTESIAN_POINT ( 'NONE',  ( 2.577692551524224385, -13.50622083004037677, 8.000000000000000000 ) ) ;
#7894 = CARTESIAN_POINT ( 'NONE',  ( 11.80431640392009029, 5.038066446831312106, 8.000000000000000000 ) ) ;
#7895 = CARTESIAN_POINT ( 'NONE',  ( 0.000000000000000000, 0.000000000000000000, 8.000000000000000000 ) ) ;
#7896 = CARTESIAN_POINT ( 'NONE',  ( -5.038066446831187761, 11.80431640392014359, 8.000000000000000000 ) ) ;
#7897 = ORIENTED_EDGE ( 'NONE', *, *, #5943, .F. ) ;
#7898 = CARTESIAN_POINT ( 'NONE',  ( -9.625916629980753925, 8.348190801685175799, 0.000000000000000000 ) ) ;
#7899 = EDGE_CURVE ( 'NONE', #2944, #1889, #2980, .T. ) ;
#7900 = CARTESIAN_POINT ( 'NONE',  ( 10.02415449855976703, 9.411632514553680551, 0.000000000000000000 ) ) ;
#7901 = CARTESIAN_POINT ( 'NONE',  ( -12.02324651265878153, -5.286606996007026105, 0.000000000000000000 ) ) ;
#7902 = LINE ( 'NONE', #4821, #6327 ) ;
#7903 = CARTESIAN_POINT ( 'NONE',  ( 4.425208852857871022, -11.08591166683798868, 0.000000000000000000 ) ) ;
#7904 = ORIENTED_EDGE ( 'NONE', *, *, #6630, .T. ) ;
#7905 = CARTESIAN_POINT ( 'NONE',  ( -12.09884006967987169, 5.379567626064770458, 8.000000000000000000 ) ) ;
#7906 = VERTEX_POINT ( 'NONE', #2622 ) ;
#7907 = CARTESIAN_POINT ( 'NONE',  ( 9.455639197970663545, 8.034402175150866299, 8.000000000000000000 ) ) ;
#7908 = CARTESIAN_POINT ( 'NONE',  ( -13.32045193209908973, -2.644734409371050976, 8.000000000000000000 ) ) ;
#7909 = DIRECTION ( 'NONE',  ( 1.047444401652939849E-14, -1.000000000000000000, 0.000000000000000000 ) ) ;
#7910 = DIRECTION ( 'NONE',  ( -0.000000000000000000, -0.000000000000000000, -1.000000000000000000 ) ) ;
#7911 = CARTESIAN_POINT ( 'NONE',  ( 12.72257526253007498, -2.817469215210147926, 8.000000000000000000 ) ) ;
#7912 = CARTESIAN_POINT ( 'NONE',  ( -11.08591166683803841, 4.425208852857752895, 0.000000000000000000 ) ) ;
#7913 = ORIENTED_EDGE ( 'NONE', *, *, #457, .T. ) ;
#7914 = CARTESIAN_POINT ( 'NONE',  ( 11.90787246215806405, 2.937812879663983523, -5.204170427930421283E-15 ) ) ;
#7915 = ORIENTED_EDGE ( 'NONE', *, *, #7799, .F. ) ;
#7916 = VECTOR ( 'NONE', #2465, 1000.000000000000114 ) ;
#7917 = LINE ( 'NONE', #4758, #1441 ) ;
#7918 = CARTESIAN_POINT ( 'NONE',  ( -8.743249532614813191, -9.801135538539540448, 8.000000000000000000 ) ) ;
#7919 = CARTESIAN_POINT ( 'NONE',  ( -2.895913797652415411, -12.31670401296927331, 8.000000000000000000 ) ) ;
#7920 = DIRECTION ( 'NONE',  ( 0.000000000000000000, 0.000000000000000000, 1.000000000000000000 ) ) ;
#7921 = CARTESIAN_POINT ( 'NONE',  ( -7.850195268865117093, -9.338196514606250886, 0.000000000000000000 ) ) ;
#7922 = CARTESIAN_POINT ( 'NONE',  ( -12.25290083038839484, 5.581155335976898613, 8.000000000000000000 ) ) ;
#7923 = CARTESIAN_POINT ( 'NONE',  ( -6.436913140481723694, 10.29093438073245714, 8.000000000000000000 ) ) ;
#7924 = CIRCLE ( 'NONE', #375, 13.75000000000000000 ) ;
#7925 = CARTESIAN_POINT ( 'NONE',  ( 14.97684892901936671, 36.38579745510427443, -13.00000000000000178 ) ) ;
#7926 = ORIENTED_EDGE ( 'NONE', *, *, #1597, .T. ) ;
#7927 = VECTOR ( 'NONE', #5367, 1000.000000000000000 ) ;
#7928 = ORIENTED_EDGE ( 'NONE', *, *, #5146, .T. ) ;
#7929 = CARTESIAN_POINT ( 'NONE',  ( 12.52642403931681514, 1.011712205769053741, 8.000000000000000000 ) ) ;
#7930 = CARTESIAN_POINT ( 'NONE',  ( -9.497099640846695223, 8.105411651555796126, 8.000000000000000000 ) ) ;
#7931 = CYLINDRICAL_SURFACE ( 'NONE', #2340, 1.000000000000000444 ) ;
#7932 = CARTESIAN_POINT ( 'NONE',  ( 13.62596226217984530, -1.709570872969363942, 0.000000000000000000 ) ) ;
#7933 = ADVANCED_FACE ( 'NONE', ( #1419 ), #6361, .T. ) ;
#7934 = CARTESIAN_POINT ( 'NONE',  ( -0.7828886122849474383, -11.91079326901029134, 0.000000000000000000 ) ) ;
#7935 = CARTESIAN_POINT ( 'NONE',  ( 7.707558585906948423, -9.234787594130720478, 8.000000000000000000 ) ) ;
#7936 = CARTESIAN_POINT ( 'NONE',  ( -12.00148937107103286, 0.8074739252555862556, 0.000000000000000000 ) ) ;
#7937 = CARTESIAN_POINT ( 'NONE',  ( -4.965029436117507800, 11.73452356626240523, 8.000000000000000000 ) ) ;
#7938 = ORIENTED_EDGE ( 'NONE', *, *, #3418, .F. ) ;
#7939 = CARTESIAN_POINT ( 'NONE',  ( -9.801135538539446301, -8.743249532614916220, 8.000000000000000000 ) ) ;
#7940 = FACE_OUTER_BOUND ( 'NONE', #7564, .T. ) ;
#7941 = CARTESIAN_POINT ( 'NONE',  ( 8.636712746112557681, -9.757522586729482583, 8.000000000000000000 ) ) ;
#7942 = DIRECTION ( 'NONE',  ( -0.000000000000000000, 0.000000000000000000, -1.000000000000000000 ) ) ;
#7943 = AXIS2_PLACEMENT_3D ( 'NONE', #6383, #5757, #4507 ) ;
#7944 = CARTESIAN_POINT ( 'NONE',  ( -9.886832010614734045, -8.972047302895465037, 0.000000000000000000 ) ) ;
#7945 = VERTEX_POINT ( 'NONE', #3946 ) ;
#7946 = CARTESIAN_POINT ( 'NONE',  ( -12.39393210983942772, 5.781365353078053104, 8.000000000000000000 ) ) ;
#7947 = ADVANCED_FACE ( 'NONE', ( #6479 ), #1882, .F. ) ;
#7948 = ORIENTED_EDGE ( 'NONE', *, *, #2529, .T. ) ;
#7949 = CARTESIAN_POINT ( 'NONE',  ( -10.56312374806390864, -6.510080463201399326, 8.000000000000000000 ) ) ;
#7950 = CARTESIAN_POINT ( 'NONE',  ( 10.93483029503508774, -0.2416457505996495170, 0.000000000000000000 ) ) ;
#7951 = CARTESIAN_POINT ( 'NONE',  ( 4.386616976971037474, -11.02139818175199082, 0.000000000000000000 ) ) ;
#7952 = CARTESIAN_POINT ( 'NONE',  ( 11.16457150618553307, -4.476617511823930862, 8.000000000000000000 ) ) ;
#7953 = CARTESIAN_POINT ( 'NONE',  ( 12.41180006574750827, -2.880586703536482052, -5.204170427930421283E-15 ) ) ;
#7954 = CARTESIAN_POINT ( 'NONE',  ( -12.10906341627276284, -0.8412873393390452037, 8.000000000000000000 ) ) ;
#7955 = ORIENTED_EDGE ( 'NONE', *, *, #133, .T. ) ;
#7956 = CARTESIAN_POINT ( 'NONE',  ( 12.72257526253001814, 2.817469215210413935, -5.204170427930421283E-15 ) ) ;
#7957 = ORIENTED_EDGE ( 'NONE', *, *, #6813, .F. ) ;
#7958 = CARTESIAN_POINT ( 'NONE',  ( 12.16898868378442522, -0.8620871873791016160, 8.000000000000000000 ) ) ;
#7959 = LINE ( 'NONE', #6139, #5905 ) ;
#7960 = CARTESIAN_POINT ( 'NONE',  ( -2.880586703536519355, -12.41180006574749939, 0.000000000000000000 ) ) ;
#7961 = CARTESIAN_POINT ( 'NONE',  ( -13.57387004037415323, -1.668469543058270332, 0.000000000000000000 ) ) ;
#7962 = CARTESIAN_POINT ( 'NONE',  ( -6.338109664291232015, 10.02706299306006876, 8.000000000000000000 ) ) ;
#7963 = CARTESIAN_POINT ( 'NONE',  ( -1.051893166807160940, 12.60876818853258996, 0.000000000000000000 ) ) ;
#7964 = CARTESIAN_POINT ( 'NONE',  ( -6.455308898419793273, 10.35164078446981861, 0.000000000000000000 ) ) ;
#7965 = CARTESIAN_POINT ( 'NONE',  ( 10.90118270896028463, 37.36427834364079814, -9.749985545336732784 ) ) ;
#7966 = CARTESIAN_POINT ( 'NONE',  ( 9.376012365377921043, -7.906868104073965675, 0.000000000000000000 ) ) ;
#7967 = DIRECTION ( 'NONE',  ( -0.6396556736767861073, -0.1713952211956810967, 0.7493092133988348280 ) ) ;
#7968 = CARTESIAN_POINT ( 'NONE',  ( 0.000000000000000000, 0.000000000000000000, 8.000000000000000000 ) ) ;
#7969 = VERTEX_POINT ( 'NONE', #1302 ) ;
#7970 = CARTESIAN_POINT ( 'NONE',  ( 13.86831054194851021, 34.01821312868957392, -13.29565691043605824 ) ) ;
#7971 = LINE ( 'NONE', #3521, #500 ) ;
#7972 = FACE_OUTER_BOUND ( 'NONE', #2478, .T. ) ;
#7973 = CARTESIAN_POINT ( 'NONE',  ( 2.841541163098137091, -12.61481170127147777, 8.000000000000000000 ) ) ;
#7974 = CARTESIAN_POINT ( 'NONE',  ( 11.60070094346930958, 4.833073392807783364, 0.000000000000000000 ) ) ;
#7975 = CARTESIAN_POINT ( 'NONE',  ( -3.177189042419317655, 54.29751361031517831, -13.61616680320316242 ) ) ;
#7976 = LINE ( 'NONE', #1548, #1854 ) ;
#7977 = ORIENTED_EDGE ( 'NONE', *, *, #6078, .T. ) ;
#7978 = CARTESIAN_POINT ( 'NONE',  ( -11.56976343863536982, 2.936066220364013102, 8.000000000000000000 ) ) ;
#7979 = CARTESIAN_POINT ( 'NONE',  ( 8.181339682156046678, -9.539420412438852637, 0.000000000000000000 ) ) ;
#7980 = CARTESIAN_POINT ( 'NONE',  ( 10.13775510802974722, -6.383929952666072438, 0.000000000000000000 ) ) ;
#7981 = CARTESIAN_POINT ( 'NONE',  ( 3.608867157514881185, -10.32496896312093071, 0.000000000000000000 ) ) ;
#7982 = VECTOR ( 'NONE', #2514, 1000.000000000000114 ) ;
#7983 = ORIENTED_EDGE ( 'NONE', *, *, #8144, .T. ) ;
#7984 = CARTESIAN_POINT ( 'NONE',  ( -6.631537913675454199, -11.85123473191542764, 0.000000000000000000 ) ) ;
#7985 = DIRECTION ( 'NONE',  ( -0.3090169943749485615, -0.9510565162951531981, 0.000000000000000000 ) ) ;
#7986 = CARTESIAN_POINT ( 'NONE',  ( 8.972047302895285625, 9.886832010614893917, -5.204170427930421283E-15 ) ) ;
#7987 = CARTESIAN_POINT ( 'NONE',  ( 4.965029436117591288, -11.73452356626236792, 0.000000000000000000 ) ) ;
#7988 = EDGE_CURVE ( 'NONE', #1559, #844, #4485, .T. ) ;
#7989 = CARTESIAN_POINT ( 'NONE',  ( -4.161888422927099818, 10.33666240664860503, 0.000000000000000000 ) ) ;
#7990 = CARTESIAN_POINT ( 'NONE',  ( 12.51119373526729817, -2.862521721341631853, 8.000000000000000000 ) ) ;
#7991 = CARTESIAN_POINT ( 'NONE',  ( -12.30068812565076009, -0.9123192481543483945, 8.000000000000000000 ) ) ;
#7992 = ORIENTED_EDGE ( 'NONE', *, *, #6238, .F. ) ;
#7993 = CARTESIAN_POINT ( 'NONE',  ( 12.31670401296922179, 2.895913797652636124, 8.000000000000000000 ) ) ;
#7994 = ORIENTED_EDGE ( 'NONE', *, *, #6918, .F. ) ;
#7995 = CARTESIAN_POINT ( 'NONE',  ( 0.000000000000000000, 0.000000000000000000, 8.000000000000000000 ) ) ;
#7996 = EDGE_LOOP ( 'NONE', ( #285, #7522, #8036, #6233 ) ) ;
#7997 = ADVANCED_FACE ( 'NONE', ( #1379 ), #3861, .T. ) ;
#7998 = CARTESIAN_POINT ( 'NONE',  ( 0.4260874882820321896, 11.01956640342973692, 0.000000000000000000 ) ) ;
#7999 = CARTESIAN_POINT ( 'NONE',  ( -2.817469215210187006, -12.72257526253006787, 8.000000000000000000 ) ) ;
#8000 = CARTESIAN_POINT ( 'NONE',  ( -2.790132082466630692, 12.83440038321940335, 0.000000000000000000 ) ) ;
#8001 = CARTESIAN_POINT ( 'NONE',  ( -7.577720000373640907, -9.126433365741181802, 0.000000000000000000 ) ) ;
#8002 = CARTESIAN_POINT ( 'NONE',  ( -1.447204694645796152, -13.27225220462997157, 0.000000000000000000 ) ) ;
#8003 = FACE_OUTER_BOUND ( 'NONE', #4809, .T. ) ;
#8004 = CARTESIAN_POINT ( 'NONE',  ( -10.72875944066946019, 6.544354946388695637, 0.000000000000000000 ) ) ;
#8005 = CARTESIAN_POINT ( 'NONE',  ( -9.442776183394581579, -5.916238915412262322, 0.000000000000000000 ) ) ;
#8006 = CARTESIAN_POINT ( 'NONE',  ( 14.96413699696623745, 53.98208637014782596, 7.670174406971815628 ) ) ;
#8007 = CARTESIAN_POINT ( 'NONE',  ( 11.05183112916325605, 4.404384806714248590, 8.000000000000000000 ) ) ;
#8008 = ORIENTED_EDGE ( 'NONE', *, *, #3430, .F. ) ;
#8009 = CARTESIAN_POINT ( 'NONE',  ( -9.928529331195889540, 9.094348737717218967, 8.000000000000000000 ) ) ;
#8010 = CARTESIAN_POINT ( 'NONE',  ( 14.97684892901936671, 36.38579745510427443, 20.99999999999999645 ) ) ;
#8011 = CARTESIAN_POINT ( 'NONE',  ( 9.928529331195759866, 9.094348737717362852, 8.000000000000000000 ) ) ;
#8012 = CARTESIAN_POINT ( 'NONE',  ( -0.9751606640715428931, -12.44755643926125899, 8.000000000000000000 ) ) ;
#8013 = CARTESIAN_POINT ( 'NONE',  ( 7.668835209823090970, -9.204216794247509270, 8.000000000000000000 ) ) ;
#8014 = CARTESIAN_POINT ( 'NONE',  ( -4.580317944817394960, 11.30699639290207337, 8.000000000000000000 ) ) ;
#8015 = ORIENTED_EDGE ( 'NONE', *, *, #7408, .F. ) ;
#8016 = EDGE_CURVE ( 'NONE', #4363, #1231, #4197, .T. ) ;
#8017 = CARTESIAN_POINT ( 'NONE',  ( -13.06987279011081959, 2.724978029605164664, 0.000000000000000000 ) ) ;
#8018 = CARTESIAN_POINT ( 'NONE',  ( -11.08591166683800644, -4.425208852857832831, 8.000000000000000000 ) ) ;
#8019 = CIRCLE ( 'NONE', #6965, 10.93750000000000178 ) ;
#8020 = CARTESIAN_POINT ( 'NONE',  ( -3.608867157514732860, -10.32496896312098222, 0.000000000000000000 ) ) ;
#8021 = CARTESIAN_POINT ( 'NONE',  ( 9.094348737717329101, -9.928529331195791841, 0.000000000000000000 ) ) ;
#8022 = CARTESIAN_POINT ( 'NONE',  ( -8.535381057717504660, -9.713655369616226665, 0.000000000000000000 ) ) ;
#8023 = CARTESIAN_POINT ( 'NONE',  ( -9.376012365377807356, -7.906868104074100678, 0.000000000000000000 ) ) ;
#8024 = EDGE_CURVE ( 'NONE', #3061, #4960, #3020, .T. ) ;
#8025 = ORIENTED_EDGE ( 'NONE', *, *, #2399, .T. ) ;
#8026 = CARTESIAN_POINT ( 'NONE',  ( -6.625183064392162535, -12.04862852631978676, 8.000000000000000000 ) ) ;
#8027 = CARTESIAN_POINT ( 'NONE',  ( 9.267416903472005529, -7.750629585191619597, 8.000000000000000000 ) ) ;
#8028 = DIRECTION ( 'NONE',  ( 0.7605637668489731995, 0.000000000000000000, 0.6492632413409068493 ) ) ;
#8029 = CARTESIAN_POINT ( 'NONE',  ( -2.941794575437194581, -11.77637575328572161, 0.000000000000000000 ) ) ;
#8030 = EDGE_CURVE ( 'NONE', #1035, #7600, #3160, .T. ) ;
#8031 = DIRECTION ( 'NONE',  ( -0.000000000000000000, -0.000000000000000000, -1.000000000000000000 ) ) ;
#8032 = CARTESIAN_POINT ( 'NONE',  ( -2.584755384919236842, 13.48734665307396696, 8.000000000000000000 ) ) ;
#8033 = CARTESIAN_POINT ( 'NONE',  ( 7.798144649837058573, 9.301941798724888244, 0.000000000000000000 ) ) ;
#8034 = VERTEX_POINT ( 'NONE', #7603 ) ;
#8035 = CARTESIAN_POINT ( 'NONE',  ( 13.06987279011077874, 2.724978029605349406, 8.000000000000000000 ) ) ;
#8036 = ORIENTED_EDGE ( 'NONE', *, *, #7223, .F. ) ;
#8037 = CIRCLE ( 'NONE', #4853, 13.75000000000000000 ) ;
#8038 = CARTESIAN_POINT ( 'NONE',  ( -9.713655369616137847, -8.535381057717604136, 0.000000000000000000 ) ) ;
#8039 = ORIENTED_EDGE ( 'NONE', *, *, #1640, .F. ) ;
#8040 = PLANE ( 'NONE',  #6317 ) ;
#8041 = CARTESIAN_POINT ( 'NONE',  ( -2.817469215210187006, -12.72257526253006787, 0.000000000000000000 ) ) ;
#8042 = CARTESIAN_POINT ( 'NONE',  ( -13.06843834723477293, -1.312474532673132410, 0.000000000000000000 ) ) ;
#8043 = CARTESIAN_POINT ( 'NONE',  ( 12.05120314137317017, 35.66329278289221349, 21.01175819446256199 ) ) ;
#8044 = DIRECTION ( 'NONE',  ( -1.000000000000000000, 0.000000000000000000, 0.000000000000000000 ) ) ;
#8045 = CARTESIAN_POINT ( 'NONE',  ( 10.13950945181175811, 35.08963624867129738, 19.24860397213440422 ) ) ;
#8046 = CARTESIAN_POINT ( 'NONE',  ( -10.41722559423735639, 6.473761040516410326, 0.000000000000000000 ) ) ;
#8047 = CARTESIAN_POINT ( 'NONE',  ( -11.46368139467874236, -6.626136714284709406, 0.000000000000000000 ) ) ;
#8048 = VECTOR ( 'NONE', #2517, 1000.000000000000000 ) ;
#8049 = ORIENTED_EDGE ( 'NONE', *, *, #5787, .F. ) ;
#8050 = CARTESIAN_POINT ( 'NONE',  ( -10.18403012388274576, 6.401038329813946604, 0.000000000000000000 ) ) ;
#8051 = EDGE_LOOP ( 'NONE', ( #5025, #5538, #5450, #7690 ) ) ;
#8052 = FACE_OUTER_BOUND ( 'NONE', #6555, .T. ) ;
#8053 = EDGE_CURVE ( 'NONE', #3477, #3035, #1920, .T. ) ;
#8054 = VECTOR ( 'NONE', #5107, 1000.000000000000114 ) ;
#8055 = DIRECTION ( 'NONE',  ( 0.000000000000000000, 0.000000000000000000, 1.000000000000000000 ) ) ;
#8056 = CARTESIAN_POINT ( 'NONE',  ( -13.27225220462997690, 1.447204694645749745, 0.000000000000000000 ) ) ;
#8057 = VECTOR ( 'NONE', #989, 1000.000000000000114 ) ;
#8058 = CARTESIAN_POINT ( 'NONE',  ( 7.634358818669927160, -9.175863790627181160, 8.000000000000000000 ) ) ;
#8059 = PERSON_AND_ORGANIZATION_ROLE ( 'design_owner' ) ;
#8060 = CARTESIAN_POINT ( 'NONE',  ( -6.473761040516374798, -10.41722559423737593, 8.000000000000000000 ) ) ;
#8061 = VERTEX_POINT ( 'NONE', #7021 ) ;
#8062 = VECTOR ( 'NONE', #3716, 1000.000000000000114 ) ;
#8063 = CARTESIAN_POINT ( 'NONE',  ( -11.83979557596824783, 2.940530670474199137, 8.000000000000000000 ) ) ;
#8064 = CARTESIAN_POINT ( 'NONE',  ( 3.608867157514880297, -10.32496896312093071, 8.000000000000000000 ) ) ;
#8065 = FACE_BOUND ( 'NONE', #134, .T. ) ;
#8066 = FACE_OUTER_BOUND ( 'NONE', #6018, .T. ) ;
#8067 = CARTESIAN_POINT ( 'NONE',  ( -8.636712746112417349, -9.757522586729606928, 8.000000000000000000 ) ) ;
#8068 = CARTESIAN_POINT ( 'NONE',  ( -9.301941798724749688, -7.798144649837225550, 0.000000000000000000 ) ) ;
#8069 = VERTEX_POINT ( 'NONE', #1340 ) ;
#8070 = CARTESIAN_POINT ( 'NONE',  ( -6.626136714284590390, -11.46368139467881342, 8.000000000000000000 ) ) ;
#8071 = CARTESIAN_POINT ( 'NONE',  ( 9.455639197970839405, -8.034402175150658465, 8.000000000000000000 ) ) ;
#8072 = DIRECTION ( 'NONE',  ( 0.000000000000000000, -0.000000000000000000, -1.000000000000000000 ) ) ;
#8073 = CARTESIAN_POINT ( 'NONE',  ( -5.477724940116855734, 12.17545110014129150, 0.000000000000000000 ) ) ;
#8074 = CARTESIAN_POINT ( 'NONE',  ( 11.13701600410305659, -2.886444749236957374, -5.204170427930421283E-15 ) ) ;
#8075 = CARTESIAN_POINT ( 'NONE',  ( 9.094348737717112385, 9.928529331195990792, 0.000000000000000000 ) ) ;
#8076 = CARTESIAN_POINT ( 'NONE',  ( 10.09620455160479402, 6.367618434587686060, 8.000000000000000000 ) ) ;
#8077 = ORIENTED_EDGE ( 'NONE', *, *, #4435, .T. ) ;
#8078 = CARTESIAN_POINT ( 'NONE',  ( -12.33100786788146586, -5.689930116769362556, 8.000000000000000000 ) ) ;
#8079 = ORIENTED_EDGE ( 'NONE', *, *, #8030, .F. ) ;
#8080 = FACE_BOUND ( 'NONE', #1641, .T. ) ;
#8081 = CARTESIAN_POINT ( 'NONE',  ( -3.149229626028854589, -10.47431425022861440, 8.000000000000000000 ) ) ;
#8082 = CARTESIAN_POINT ( 'NONE',  ( -12.44755643926125188, -0.9751606640715865248, 0.000000000000000000 ) ) ;
#8083 = CARTESIAN_POINT ( 'NONE',  ( -1.722120468130896143, -13.64173013562592907, 0.000000000000000000 ) ) ;
#8084 = CARTESIAN_POINT ( 'NONE',  ( 11.41882079916533144, 35.43242669106265907, 17.74998554533673456 ) ) ;
#8085 = CARTESIAN_POINT ( 'NONE',  ( -9.267416903471948686, 7.750629585191687987, 8.000000000000000000 ) ) ;
#8086 = CARTESIAN_POINT ( 'NONE',  ( 0.7736152328233112385, -11.87194576742586705, 8.000000000000000000 ) ) ;
#8087 = CARTESIAN_POINT ( 'NONE',  ( -12.00148937107103286, 0.8074739252555862556, 8.000000000000000000 ) ) ;
#8088 = EDGE_CURVE ( 'NONE', #4411, #6134, #5363, .T. ) ;
#8089 = CARTESIAN_POINT ( 'NONE',  ( -11.22924223885652140, 6.611064424922788341, 0.000000000000000000 ) ) ;
#8090 = EDGE_LOOP ( 'NONE', ( #7955, #3297, #6782, #7371 ) ) ;
#8091 = CARTESIAN_POINT ( 'NONE',  ( -11.16457150618550465, 4.476617511824007245, 0.000000000000000000 ) ) ;
#8092 = DIRECTION ( 'NONE',  ( 0.9510565162951533091, 0.3090169943749481174, 0.000000000000000000 ) ) ;
#8093 = CARTESIAN_POINT ( 'NONE',  ( -13.37787302532245981, 1.521639563755368352, 8.000000000000000000 ) ) ;
#8094 = CARTESIAN_POINT ( 'NONE',  ( -1.251919511749373326, -12.97053397611294656, 8.000000000000000000 ) ) ;
#8095 = CARTESIAN_POINT ( 'NONE',  ( -11.56976343863536982, 2.936066220364013102, 8.000000000000000000 ) ) ;
#8096 = LINE ( 'NONE', #5536, #2882 ) ;
#8098 = ADVANCED_FACE ( 'NONE', ( #6645 ), #975, .F. ) ;
#8097 = CARTESIAN_POINT ( 'NONE',  ( -6.352286767647525423, -10.05932550694764060, 8.000000000000000000 ) ) ;
#8099 = ORIENTED_EDGE ( 'NONE', *, *, #6984, .F. ) ;
#8100 = DIRECTION ( 'NONE',  ( 0.2588190451025214611, -0.9659258262890679791, -0.000000000000000000 ) ) ;
#8101 = EDGE_CURVE ( 'NONE', #5824, #7304, #709, .T. ) ;
#8102 = CARTESIAN_POINT ( 'NONE',  ( -10.70664486910369462, -4.210990906299937997, 0.000000000000000000 ) ) ;
#8103 = CARTESIAN_POINT ( 'NONE',  ( -4.449236289362012542, -11.12353076645875127, 8.000000000000000000 ) ) ;
#8104 = CARTESIAN_POINT ( 'NONE',  ( -1.143751547996471052, 12.78342018721907003, 8.000000000000000000 ) ) ;
#8105 = LINE ( 'NONE', #2508, #3268 ) ;
#8106 = CARTESIAN_POINT ( 'NONE',  ( 13.87902909598009948, 33.97641218750953129, 21.28426016496259976 ) ) ;
#8107 = ORIENTED_EDGE ( 'NONE', *, *, #1296, .F. ) ;
#8108 = CARTESIAN_POINT ( 'NONE',  ( 9.338196514606284637, -7.850195268865080678, 8.000000000000000000 ) ) ;
#8109 = CARTESIAN_POINT ( 'NONE',  ( 9.669723885497070626, -8.439220299576962958, 8.000000000000000000 ) ) ;
#8110 = DIRECTION ( 'NONE',  ( 0.9510565162951533091, 0.3090169943749481174, 0.000000000000000000 ) ) ;
#8111 = CARTESIAN_POINT ( 'NONE',  ( 11.80431640392019865, -5.038066446831065193, 8.000000000000000000 ) ) ;
#8112 = LINE ( 'NONE', #4918, #8048 ) ;
#8113 = CARTESIAN_POINT ( 'NONE',  ( -11.87194576742586349, -0.7736152328233526498, 8.000000000000000000 ) ) ;
#8114 = CARTESIAN_POINT ( 'NONE',  ( 8.855020039375116170, -9.844302869038541459, 0.000000000000000000 ) ) ;
#8115 = VERTEX_POINT ( 'NONE', #311 ) ;
#8116 = ADVANCED_FACE ( 'NONE', ( #1547 ), #2829, .T. ) ;
#8117 = CARTESIAN_POINT ( 'NONE',  ( -12.43077374740196284, -5.836552422531367412, 8.000000000000000000 ) ) ;
#8118 = ORIENTED_EDGE ( 'NONE', *, *, #4696, .F. ) ;
#8119 = EDGE_CURVE ( 'NONE', #2134, #5101, #8096, .T. ) ;
#8120 = CARTESIAN_POINT ( 'NONE',  ( -13.64173013569106274, -1.722120468182788189, 8.000000000000000000 ) ) ;
#8121 = CARTESIAN_POINT ( 'NONE',  ( -12.37227591337641996, -0.9420826277741997101, 0.000000000000000000 ) ) ;
#8122 = CARTESIAN_POINT ( 'NONE',  ( -8.439220299577000262, -9.669723885497038651, 0.000000000000000000 ) ) ;
#8123 = CARTESIAN_POINT ( 'NONE',  ( 10.23507608951697634, 6.418760976341473246, 0.000000000000000000 ) ) ;
#8124 = CARTESIAN_POINT ( 'NONE',  ( -6.631537913675538576, 11.85123473191538501, 8.000000000000000000 ) ) ;
#8125 = CARTESIAN_POINT ( 'NONE',  ( 9.168484559090382291, 34.82945091283608718, -7.691039141179779826 ) ) ;
#8126 = CARTESIAN_POINT ( 'NONE',  ( 1.447204694645796375, -13.27225220462997157, 0.000000000000000000 ) ) ;
#8127 = DIRECTION ( 'NONE',  ( 0.3090169943749488390, 0.9510565162951530871, 0.000000000000000000 ) ) ;
#8128 = CARTESIAN_POINT ( 'NONE',  ( -10.29093438073247846, 6.436913140481685502, 8.000000000000000000 ) ) ;
#8129 = EDGE_LOOP ( 'NONE', ( #4683, #7778, #3527, #8079 ) ) ;
#8130 = CARTESIAN_POINT ( 'NONE',  ( 11.94884645308970406, 5.198761634262982767, 0.000000000000000000 ) ) ;
#8131 = DIRECTION ( 'NONE',  ( -0.6396556736767864404, -0.1713952211956805416, -0.7493092133988346060 ) ) ;
#8132 = CARTESIAN_POINT ( 'NONE',  ( 10.02415449858199104, 9.411632514633907931, 8.000000000000000000 ) ) ;
#8133 = CARTESIAN_POINT ( 'NONE',  ( -1.447204694645796152, -13.27225220462997157, 8.000000000000000000 ) ) ;
#8134 = CARTESIAN_POINT ( 'NONE',  ( 0.4260874882820321896, 11.01956640342973692, 8.000000000000000000 ) ) ;
#8135 = CARTESIAN_POINT ( 'NONE',  ( -5.201884924816114975, 30.97892201468647499, 2.542861527370958274 ) ) ;
#8136 = EDGE_LOOP ( 'NONE', ( #4737, #7738, #8025, #557 ) ) ;
#8137 = CARTESIAN_POINT ( 'NONE',  ( -12.22597347346769681, 2.908682420983862649, 0.000000000000000000 ) ) ;
#8138 = ORIENTED_EDGE ( 'NONE', *, *, #6649, .F. ) ;
#8139 = CARTESIAN_POINT ( 'NONE',  ( 4.668788839230941790, -11.41672744483948598, 8.000000000000000000 ) ) ;
#8140 = CARTESIAN_POINT ( 'NONE',  ( -4.719217338362137859, -11.47561408673062822, 8.000000000000000000 ) ) ;
#8141 = CARTESIAN_POINT ( 'NONE',  ( 7.313425558786605940, -8.881356617214064997, 8.000000000000000000 ) ) ;
#8142 = DIRECTION ( 'NONE',  ( -0.7237771210982812953, -0.1939354950984079895, -0.6622202826217414851 ) ) ;
#8143 = CARTESIAN_POINT ( 'NONE',  ( 13.49014740957860781, 35.25245319321381743, 22.00942739849544694 ) ) ;
#8144 = EDGE_CURVE ( 'NONE', #5939, #3315, #6332, .T. ) ;
#8145 = CARTESIAN_POINT ( 'NONE',  ( -2.937812879663857402, 11.90787246215809780, 8.000000000000000000 ) ) ;
#8146 = ORIENTED_EDGE ( 'NONE', *, *, #1255, .T. ) ;
#8147 = CARTESIAN_POINT ( 'NONE',  ( -6.628700411334685683, -11.96219333343621116, 0.000000000000000000 ) ) ;
#8148 = CIRCLE ( 'NONE', #209, 13.75000000000000000 ) ;
#8149 = CARTESIAN_POINT ( 'NONE',  ( 8.544655887209394507, 7.152395453489337029, 8.000000000000000000 ) ) ;
#8150 = ADVANCED_FACE ( 'NONE', ( #7350 ), #147, .T. ) ;
#8151 = CARTESIAN_POINT ( 'NONE',  ( 12.02324651265885258, -5.286606996006857351, 0.000000000000000000 ) ) ;
#8152 = CARTESIAN_POINT ( 'NONE',  ( 11.83979557596820165, 2.940530670474365671, 0.000000000000000000 ) ) ;
#8153 = CARTESIAN_POINT ( 'NONE',  ( -2.644734409371002570, 13.32045193209910039, 8.000000000000000000 ) ) ;
#8154 = CARTESIAN_POINT ( 'NONE',  ( 12.22769606125921626, 27.92477493282073553, -5.000000000000000888 ) ) ;
#8155 = CARTESIAN_POINT ( 'NONE',  ( 2.372422943547987995, 55.78452766026119747, 26.69378740028920660 ) ) ;
#8156 = ORIENTED_EDGE ( 'NONE', *, *, #3917, .F. ) ;
#8157 = DIRECTION ( 'NONE',  ( -0.6015032560480108037, -0.1611723117027558105, -0.7824431729550912484 ) ) ;
#8158 = ORIENTED_EDGE ( 'NONE', *, *, #3806, .F. ) ;
#8159 = CARTESIAN_POINT ( 'NONE',  ( -7.668835209823024357, 9.204216794247566114, 0.000000000000000000 ) ) ;
#8160 = CARTESIAN_POINT ( 'NONE',  ( 11.90787246215812623, -2.937812879663733945, 0.000000000000000000 ) ) ;
#8161 = CARTESIAN_POINT ( 'NONE',  ( -9.411632514553501139, -10.02415449855993757, 0.000000000000000000 ) ) ;
#8162 = CARTESIAN_POINT ( 'NONE',  ( 12.02849558169534916, 6.626067776682489807, 0.000000000000000000 ) ) ;
#8163 = CARTESIAN_POINT ( 'NONE',  ( 11.95399604505279889, 0.7941151212464765408, 0.000000000000000000 ) ) ;
#8164 = CARTESIAN_POINT ( 'NONE',  ( 10.47431425022855755, 3.149229626029041551, 8.000000000000000000 ) ) ;
#8165 = CARTESIAN_POINT ( 'NONE',  ( 0.7828886122849475493, -11.91079326901029134, 0.000000000000000000 ) ) ;
#8166 = CARTESIAN_POINT ( 'NONE',  ( -10.81899503309357691, 6.560248542580040088, 8.000000000000000000 ) ) ;
#8167 = CARTESIAN_POINT ( 'NONE',  ( 12.09884006967979531, 5.379567626064940988, 0.000000000000000000 ) ) ;
#8168 = CARTESIAN_POINT ( 'NONE',  ( -8.704427730807733354, 6.622827502596257965, 8.000000000000000000 ) ) ;
#8169 = CARTESIAN_POINT ( 'NONE',  ( -12.37227591337642707, 0.9420826277741136678, 8.000000000000000000 ) ) ;
#8170 = CARTESIAN_POINT ( 'NONE',  ( -1.095856395948400674, -12.69447357664507336, 8.000000000000000000 ) ) ;
#8171 = CARTESIAN_POINT ( 'NONE',  ( -10.80883218877869822, 2.708699257713678143, 8.000000000000000000 ) ) ;
#8172 = CALENDAR_DATE ( 2026, 8, 5 ) ;
#8173 = ORIENTED_EDGE ( 'NONE', *, *, #3109, .F. ) ;
#8174 = VECTOR ( 'NONE', #2732, 1000.000000000000000 ) ;
#8175 = CARTESIAN_POINT ( 'NONE',  ( 11.87194576742587415, -0.7736152328231870046, 8.000000000000000000 ) ) ;
#8176 = ORIENTED_EDGE ( 'NONE', *, *, #1196, .T. ) ;
#8177 = EDGE_CURVE ( 'NONE', #2283, #6223, #5490, .T. ) ;
#8178 = CARTESIAN_POINT ( 'NONE',  ( 5.689930116769404300, -12.33100786788144276, 8.000000000000000000 ) ) ;
#8179 = CARTESIAN_POINT ( 'NONE',  ( -2.895913797652415411, -12.31670401296927331, 0.000000000000000000 ) ) ;
#8180 = CARTESIAN_POINT ( 'NONE',  ( -5.115945187291566221, -11.87581303661964682, 0.000000000000000000 ) ) ;
#8181 = CARTESIAN_POINT ( 'NONE',  ( 7.750629585191789239, -9.267416903471863421, 8.000000000000000000 ) ) ;
#8182 = VECTOR ( 'NONE', #5826, 1000.000000000000114 ) ;
#8183 = CARTESIAN_POINT ( 'NONE',  ( -9.328340841197613642, -10.00078975079091492, 8.000000000000000000 ) ) ;
#8184 = ORIENTED_EDGE ( 'NONE', *, *, #4414, .T. ) ;
#8185 = CARTESIAN_POINT ( 'NONE',  ( -8.881356617214091642, -7.313425558786570413, 0.000000000000000000 ) ) ;
#8186 = CARTESIAN_POINT ( 'NONE',  ( 11.95399604505279889, 0.7941151212464765408, 0.000000000000000000 ) ) ;
#8187 = ORIENTED_EDGE ( 'NONE', *, *, #6308, .F. ) ;
#8188 = ADVANCED_FACE ( 'NONE', ( #3613 ), #4191, .F. ) ;
#8189 = CARTESIAN_POINT ( 'NONE',  ( -6.401038329813911965, -10.18403012388277062, 0.000000000000000000 ) ) ;
#8190 = CARTESIAN_POINT ( 'NONE',  ( 2.442914321589912507, 33.07116207543229791, -13.68991984619307978 ) ) ;
#8191 = FACE_OUTER_BOUND ( 'NONE', #2178, .T. ) ;
#8192 = CARTESIAN_POINT ( 'NONE',  ( -2.936066220364054402, 11.56976343863535917, 8.000000000000000000 ) ) ;
#8193 = VECTOR ( 'NONE', #2825, 1000.000000000000114 ) ;
#8194 = DIRECTION ( 'NONE',  ( 1.000000000000000000, 0.000000000000000000, 0.000000000000000000 ) ) ;
#8195 = EDGE_CURVE ( 'NONE', #1859, #2915, #3735, .T. ) ;
#8196 = ORIENTED_EDGE ( 'NONE', *, *, #4204, .T. ) ;
#8197 = CARTESIAN_POINT ( 'NONE',  ( 11.73452356626245141, -4.965029436117384343, 0.000000000000000000 ) ) ;
#8198 = VERTEX_POINT ( 'NONE', #1057 ) ;
#8199 = CARTESIAN_POINT ( 'NONE',  ( -13.06843834723477293, -1.312474532673132410, -5.204170427930421283E-15 ) ) ;
ENDSEC;
END-ISO-10303-21;
