ISO-10303-21;
HEADER;
FILE_DESCRIPTION (( 'STEP AP203' ),
    '1' );
FILE_NAME ('³ÝÂÖ20x1.25 ×ó×¦.STEP',
    '2026-05-08T04:03:35',
    ( '' ),
    ( '' ),
    'SwSTEP 2.0',
    'SolidWorks 2025',
    '' );
FILE_SCHEMA (( 'CONFIG_CONTROL_DESIGN' ));
ENDSEC;

DATA;
#1 = EDGE_CURVE ( 'NONE', #6696, #1642, #5360, .T. ) ;
#2 = CARTESIAN_POINT ( 'NONE',  ( 10.47431425022862150, -3.149229626028823503, 0.000000000000000000 ) ) ;
#3 = CARTESIAN_POINT ( 'NONE',  ( -7.707558585906816973, -9.234787594130832389, 8.000000000000000000 ) ) ;
#4 = ORIENTED_EDGE ( 'NONE', *, *, #6332, .T. ) ;
#5 = CARTESIAN_POINT ( 'NONE',  ( -6.473761040516374798, -10.41722559423737593, 0.000000000000000000 ) ) ;
#6 = DIRECTION ( 'NONE',  ( 0.000000000000000000, 0.000000000000000000, 1.000000000000000000 ) ) ;
#7 = CARTESIAN_POINT ( 'NONE',  ( -12.87548337994386394, 1.195724957047492376, 0.000000000000000000 ) ) ;
#8 = CARTESIAN_POINT ( 'NONE',  ( 12.04862852623650404, 6.625183064396031440, 8.000000000000000000 ) ) ;
#9 = CARTESIAN_POINT ( 'NONE',  ( 11.80431640392019865, -5.038066446831065193, 0.000000000000000000 ) ) ;
#10 = CARTESIAN_POINT ( 'NONE',  ( 5.882674729493015953, 37.06251617681414956, -12.63868738516070422 ) ) ;
#11 = CARTESIAN_POINT ( 'NONE',  ( 5.802282164872276660, 37.39682449679999365, 23.68411092653983374 ) ) ;
#12 = CARTESIAN_POINT ( 'NONE',  ( -7.750629585191656012, -9.267416903471977108, 8.000000000000000000 ) ) ;
#13 = COORDINATED_UNIVERSAL_TIME_OFFSET ( 8, 0, .AHEAD. ) ;
#14 = ORIENTED_EDGE ( 'NONE', *, *, #73, .T. ) ;
#15 = CARTESIAN_POINT ( 'NONE',  ( 0.8074739252556281111, -12.00148937107102753, 8.000000000000000000 ) ) ;
#16 = CARTESIAN_POINT ( 'NONE',  ( 1.377525651863733325, -13.16905850672525347, 0.000000000000000000 ) ) ;
#17 = CARTESIAN_POINT ( 'NONE',  ( 11.71732392095615971, 6.632284204934560279, 0.000000000000000000 ) ) ;
#18 = CARTESIAN_POINT ( 'NONE',  ( -2.919073574173096652, 12.13967088095518498, 0.000000000000000000 ) ) ;
#19 = CARTESIAN_POINT ( 'NONE',  ( 12.61481170127146889, 2.841541163098181055, 8.000000000000000000 ) ) ;
#20 = CARTESIAN_POINT ( 'NONE',  ( 4.476617511824125373, -11.16457150618545668, 0.000000000000000000 ) ) ;
#21 = ORIENTED_EDGE ( 'NONE', *, *, #457, .F. ) ;
#22 = CARTESIAN_POINT ( 'NONE',  ( -8.181339682155977400, 9.539420412438916586, 0.000000000000000000 ) ) ;
#23 = CARTESIAN_POINT ( 'NONE',  ( -10.05932550694757133, -6.352286767647629340, 0.000000000000000000 ) ) ;
#24 = CARTESIAN_POINT ( 'NONE',  ( -2.968192023320902262, 31.87211164461717416, 21.51177580428899816 ) ) ;
#25 = FACE_BOUND ( 'NONE', #2538, .T. ) ;
#26 = CARTESIAN_POINT ( 'NONE',  ( -11.87581303661959531, -5.115945187291695895, 8.000000000000000000 ) ) ;
#27 = CARTESIAN_POINT ( 'NONE',  ( 11.96219333343623781, -6.628700411334638609, 8.000000000000000000 ) ) ;
#28 = CARTESIAN_POINT ( 'NONE',  ( 7.560758195724030628, 36.61510173978763305, -14.19587673637853520 ) ) ;
#29 = ORIENTED_EDGE ( 'NONE', *, *, #1289, .T. ) ;
#30 = CARTESIAN_POINT ( 'NONE',  ( 0.000000000000000000, 0.000000000000000000, 8.000000000000000000 ) ) ;
#31 = CARTESIAN_POINT ( 'NONE',  ( 0.000000000000000000, 0.000000000000000000, 8.000000000000000000 ) ) ;
#32 = CARTESIAN_POINT ( 'NONE',  ( 6.626136714284503348, 11.46368139467886316, -5.204170427930421283E-15 ) ) ;
#33 = FACE_OUTER_BOUND ( 'NONE', #7470, .T. ) ;
#34 = CARTESIAN_POINT ( 'NONE',  ( 6.328047940094041479, 37.50635805661767819, 20.86364660686844275 ) ) ;
#35 = CARTESIAN_POINT ( 'NONE',  ( 6.492081297254545191, -10.48771353560518449, 8.000000000000000000 ) ) ;
#36 = CARTESIAN_POINT ( 'NONE',  ( 0.000000000000000000, 0.000000000000000000, 8.000000000000000000 ) ) ;
#37 = CARTESIAN_POINT ( 'NONE',  ( -11.52995163726278349, 2.932881190150485651, 0.000000000000000000 ) ) ;
#38 = VERTEX_POINT ( 'NONE', #8447 ) ;
#39 = DIRECTION ( 'NONE',  ( 0.4067366430758007634, -0.9135454576426006446, 0.000000000000000000 ) ) ;
#40 = CARTESIAN_POINT ( 'NONE',  ( -5.836552422531322115, 12.43077374740198238, 0.000000000000000000 ) ) ;
#41 = EDGE_CURVE ( 'NONE', #6884, #2083, #6132, .T. ) ;
#42 = ORIENTED_EDGE ( 'NONE', *, *, #3818, .T. ) ;
#43 = LINE ( 'NONE', #7574, #4195 ) ;
#44 = CARTESIAN_POINT ( 'NONE',  ( -12.31670401296926443, 2.895913797652461596, 0.000000000000000000 ) ) ;
#45 = EDGE_CURVE ( 'NONE', #7005, #880, #7754, .T. ) ;
#46 = CARTESIAN_POINT ( 'NONE',  ( -9.455639197970723941, -8.034402175150797021, 8.000000000000000000 ) ) ;
#47 = ORIENTED_EDGE ( 'NONE', *, *, #8116, .T. ) ;
#48 = CARTESIAN_POINT ( 'NONE',  ( 8.393433588332310791, 35.72869507941813083, -13.30539839473210506 ) ) ;
#49 = DIRECTION ( 'NONE',  ( -1.000000000000000000, 0.000000000000000000, 0.000000000000000000 ) ) ;
#50 = CARTESIAN_POINT ( 'NONE',  ( 8.115468454207166005, 36.22593886678101427, -13.19307392255536548 ) ) ;
#51 = DIRECTION ( 'NONE',  ( -0.000000000000000000, 0.000000000000000000, -1.000000000000000000 ) ) ;
#52 = CARTESIAN_POINT ( 'NONE',  ( -6.622827502596226878, -8.704427730807756447, 0.000000000000000000 ) ) ;
#53 = DATE_TIME_ROLE ( 'classification_date' ) ;
#54 = ORIENTED_EDGE ( 'NONE', *, *, #7746, .T. ) ;
#55 = CARTESIAN_POINT ( 'NONE',  ( -6.626067776682361021, 12.02849558169542021, 8.000000000000000000 ) ) ;
#56 = CARTESIAN_POINT ( 'NONE',  ( -4.896733499129095613, 11.66659828334866233, 8.000000000000000000 ) ) ;
#57 = CARTESIAN_POINT ( 'NONE',  ( 12.33100786788154224, -5.689930116769189361, 8.000000000000000000 ) ) ;
#58 = CARTESIAN_POINT ( 'NONE',  ( -2.933454507433566061, 11.98057174878963238, 8.000000000000000000 ) ) ;
#59 = CARTESIAN_POINT ( 'NONE',  ( 7.311690832909396143, 35.84025615613222726, 23.09055204534522687 ) ) ;
#60 = CARTESIAN_POINT ( 'NONE',  ( 4.580317944817474007, -11.30699639290203784, 0.000000000000000000 ) ) ;
#61 = CARTESIAN_POINT ( 'NONE',  ( -13.06987279011080005, -2.724978029605258367, 0.000000000000000000 ) ) ;
#62 = CARTESIAN_POINT ( 'NONE',  ( -11.11931436071733259, -6.600657436018188662, 8.000000000000000000 ) ) ;
#63 = CARTESIAN_POINT ( 'NONE',  ( 8.855020039374899454, 9.844302869038735082, -5.204170427930421283E-15 ) ) ;
#64 = ORIENTED_EDGE ( 'NONE', *, *, #6025, .T. ) ;
#65 = CARTESIAN_POINT ( 'NONE',  ( -6.611064424922749261, -11.22924223885654627, 0.000000000000000000 ) ) ;
#66 = CARTESIAN_POINT ( 'NONE',  ( 8.462395959348496532, 35.63563533749105972, -14.32015544283688158 ) ) ;
#67 = CARTESIAN_POINT ( 'NONE',  ( 11.01428446989507748, -6.588591420233351315, 8.000000000000000000 ) ) ;
#68 = CARTESIAN_POINT ( 'NONE',  ( 5.286606996006814718, 12.02324651265887034, 0.000000000000000000 ) ) ;
#69 = ORIENTED_EDGE ( 'NONE', *, *, #6409, .F. ) ;
#70 = CARTESIAN_POINT ( 'NONE',  ( 10.01877448793502978, -9.392211555323736860, 8.000000000000000000 ) ) ;
#71 = CARTESIAN_POINT ( 'NONE',  ( 12.00148937107101865, 0.8074739252557537883, 0.000000000000000000 ) ) ;
#72 = CARTESIAN_POINT ( 'NONE',  ( 0.000000000000000000, 0.000000000000000000, 8.000000000000000000 ) ) ;
#73 = EDGE_CURVE ( 'NONE', #1065, #832, #7104, .T. ) ;
#74 = CARTESIAN_POINT ( 'NONE',  ( 1.722120468130897475, -13.64173013562592907, 8.000000000000000000 ) ) ;
#75 = CARTESIAN_POINT ( 'NONE',  ( -0.8620871873792290696, -12.16898868378441634, 8.000000000000000000 ) ) ;
#76 = CARTESIAN_POINT ( 'NONE',  ( 5.781365353101046267, -12.39393210985509519, 8.000000000000000000 ) ) ;
#77 = CARTESIAN_POINT ( 'NONE',  ( -2.724978029605114482, -13.06987279011082848, 8.000000000000000000 ) ) ;
#78 = CARTESIAN_POINT ( 'NONE',  ( 13.37787302532247047, -1.521639563755274871, 8.000000000000000000 ) ) ;
#79 = ORIENTED_EDGE ( 'NONE', *, *, #7102, .T. ) ;
#80 = CARTESIAN_POINT ( 'NONE',  ( -12.23289380645680779, 0.8857088747961243680, 8.000000000000000000 ) ) ;
#81 = CARTESIAN_POINT ( 'NONE',  ( -11.05183112916331645, 4.404384806714092271, 8.000000000000000000 ) ) ;
#82 = ADVANCED_FACE ( 'NONE', ( #5691 ), #1683, .T. ) ;
#83 = ORIENTED_EDGE ( 'NONE', *, *, #1063, .T. ) ;
#84 = DIRECTION ( 'NONE',  ( 0.9135454576425999784, 0.4067366430758020956, 8.673617379884031528E-16 ) ) ;
#85 = CARTESIAN_POINT ( 'NONE',  ( 4.882899925770745497, 11.65205713776985164, 0.000000000000000000 ) ) ;
#86 = CARTESIAN_POINT ( 'NONE',  ( 9.886832010614666544, 8.972047302895536092, 8.000000000000000000 ) ) ;
#87 = ADVANCED_FACE ( 'NONE', ( #7879 ), #6488, .T. ) ;
#88 = CARTESIAN_POINT ( 'NONE',  ( -2.708699257713828690, 10.80883218877890783, 8.000000000000000000 ) ) ;
#89 = DIRECTION ( 'NONE',  ( 0.4067366430758008189, -0.9135454576426006446, -0.000000000000000000 ) ) ;
#90 = CARTESIAN_POINT ( 'NONE',  ( 4.525446789891457655, 36.24379333540167636, -11.24860397213439001 ) ) ;
#91 = CARTESIAN_POINT ( 'NONE',  ( 6.619621129381279445, -11.34404188716882267, 8.000000000000000000 ) ) ;
#92 = CARTESIAN_POINT ( 'NONE',  ( -8.181339682155909898, -9.539420412438971653, 8.000000000000000000 ) ) ;
#93 = DATE_AND_TIME ( #3471, #2945 ) ;
#94 = EDGE_CURVE ( 'NONE', #2535, #302, #4453, .T. ) ;
#95 = AXIS2_PLACEMENT_3D ( 'NONE', #4941, #4898, #5561 ) ;
#96 = VERTEX_POINT ( 'NONE', #7833 ) ;
#97 = CARTESIAN_POINT ( 'NONE',  ( -6.418760976341363111, 10.23507608951704917, 0.000000000000000000 ) ) ;
#98 = CARTESIAN_POINT ( 'NONE',  ( -5.581155335976941245, 12.25290083038837352, 0.000000000000000000 ) ) ;
#99 = CARTESIAN_POINT ( 'NONE',  ( 2.880586703536698323, -12.41180006574745676, 8.000000000000000000 ) ) ;
#100 = CARTESIAN_POINT ( 'NONE',  ( -9.411632514553570417, 10.02415449855987006, 8.000000000000000000 ) ) ;
#101 = CARTESIAN_POINT ( 'NONE',  ( 7.023329551680974170, 38.81806592659785338, 22.33626497465331795 ) ) ;
#102 = CIRCLE ( 'NONE', #4757, 10.93750000000000178 ) ;
#103 = ADVANCED_FACE ( 'NONE', ( #1816 ), #5109, .T. ) ;
#104 = CARTESIAN_POINT ( 'NONE',  ( 5.477724940116941887, -12.17545110014125243, 0.000000000000000000 ) ) ;
#105 = DIRECTION ( 'NONE',  ( -1.000000000000000000, 0.000000000000000000, 0.000000000000000000 ) ) ;
#106 = B_SPLINE_CURVE_WITH_KNOTS ( 'NONE', 3,
 ( #5404, #3531, #1571, #4750, #4833, #3443, #7513, #6736, #1401, #5537, #3403, #6118, #4093, #6782, #728 ),
 .UNSPECIFIED., .F., .F.,
 ( 4, 1, 1, 1, 1, 1, 1, 1, 1, 1, 1, 1, 4 ),
 ( 0.3026108493470374694, 0.3056337100820685215, 0.3213711439921715929, 0.3378762576002503071, 0.3551490509065193812, 0.3731895239111665541, 0.3919976766143570268, 0.4115735090162354615, 0.4319170211169303109, 0.4530282129165571492, 0.4749070844152180060, 0.4975536356130059179, 0.5074316978669450862 ),
 .UNSPECIFIED. ) ;
#107 = CARTESIAN_POINT ( 'NONE',  ( -10.13775510802965485, -6.383929952666218988, 8.000000000000000000 ) ) ;
#108 = CARTESIAN_POINT ( 'NONE',  ( -4.144356524487699645, 56.46574633099009333, 22.18705913416912168 ) ) ;
#109 = AXIS2_PLACEMENT_3D ( 'NONE', #4400, #7695, #1038 ) ;
#110 = AXIS2_PLACEMENT_3D ( 'NONE', #7553, #4132, #6694 ) ;
#111 = CARTESIAN_POINT ( 'NONE',  ( -2.908682420983816019, -12.22597347346770569, 0.000000000000000000 ) ) ;
#112 = CARTESIAN_POINT ( 'NONE',  ( 8.464527191645732529, 35.54126512944841210, -13.31965699128303982 ) ) ;
#113 = CARTESIAN_POINT ( 'NONE',  ( 6.622827502596351223, -8.704427730807662300, 0.000000000000000000 ) ) ;
#114 = CARTESIAN_POINT ( 'NONE',  ( 5.581155335976771603, 12.25290083038844990, 8.000000000000000000 ) ) ;
#115 = CARTESIAN_POINT ( 'NONE',  ( -9.969200282347971509, 9.221936103764038606, 8.000000000000000000 ) ) ;
#116 = CARTESIAN_POINT ( 'NONE',  ( 9.886832010614865496, -8.972047302895321153, 8.000000000000000000 ) ) ;
#117 = AXIS2_PLACEMENT_3D ( 'NONE', #4056, #3221, #4576 ) ;
#118 = VECTOR ( 'NONE', #7571, 1000.000000000000000 ) ;
#119 = CARTESIAN_POINT ( 'NONE',  ( 10.93483029503508419, 0.2416457505998772792, 8.000000000000000000 ) ) ;
#120 = CARTESIAN_POINT ( 'NONE',  ( 6.510080463201210144, 10.56312374806402410, -5.204170427930421283E-15 ) ) ;
#121 = CARTESIAN_POINT ( 'NONE',  ( -11.48389212362418377, 0.6963551242057266499, 8.000000000000000000 ) ) ;
#122 =( GEOMETRIC_REPRESENTATION_CONTEXT ( 3 ) GLOBAL_UNCERTAINTY_ASSIGNED_CONTEXT ( ( #169 ) ) GLOBAL_UNIT_ASSIGNED_CONTEXT ( ( #1149, #581, #7333 ) ) REPRESENTATION_CONTEXT ( 'NONE', 'WORKASPACE' ) );
#123 = CIRCLE ( 'NONE', #1405, 0.9999999999999995559 ) ;
#124 = CARTESIAN_POINT ( 'NONE',  ( -1.011712205768922956, -12.52642403931682580, 8.000000000000000000 ) ) ;
#125 = CARTESIAN_POINT ( 'NONE',  ( 5.689930116769404300, -12.33100786788144276, 0.000000000000000000 ) ) ;
#126 = DIRECTION ( 'NONE',  ( 0.000000000000000000, 0.000000000000000000, -1.000000000000000000 ) ) ;
#127 = DIRECTION ( 'NONE',  ( 0.4067366430758023177, -0.9135454576426000894, -6.719848222705460449E-16 ) ) ;
#128 = ORIENTED_EDGE ( 'NONE', *, *, #8067, .T. ) ;
#129 = CARTESIAN_POINT ( 'NONE',  ( 12.13967088095515301, 2.919073574173224994, 0.000000000000000000 ) ) ;
#130 = CARTESIAN_POINT ( 'NONE',  ( 12.61481170127152751, -2.841541163097917710, 0.000000000000000000 ) ) ;
#131 = CARTESIAN_POINT ( 'NONE',  ( -12.09884006967987169, 5.379567626064770458, 8.000000000000000000 ) ) ;
#132 = ORIENTED_EDGE ( 'NONE', *, *, #1556, .T. ) ;
#133 = LINE ( 'NONE', #7408, #7832 ) ;
#134 = DIRECTION ( 'NONE',  ( -0.000000000000000000, -0.000000000000000000, 1.000000000000000000 ) ) ;
#135 = CARTESIAN_POINT ( 'NONE',  ( -9.625916629980693529, -8.348190801685243301, 8.000000000000000000 ) ) ;
#136 = CARTESIAN_POINT ( 'NONE',  ( -2.895913797652506005, 12.31670401296925554, 8.000000000000000000 ) ) ;
#137 = CARTESIAN_POINT ( 'NONE',  ( 12.44189184801367709, -5.853360337646297928, 0.000000000000000000 ) ) ;
#138 = CARTESIAN_POINT ( 'NONE',  ( 11.66361783702278920, -2.940710835118343969, -5.204170427930421283E-15 ) ) ;
#139 = CALENDAR_DATE ( 2026, 8, 5 ) ;
#140 = ORIENTED_EDGE ( 'NONE', *, *, #8537, .F. ) ;
#141 = CARTESIAN_POINT ( 'NONE',  ( -9.411632514633797797, 10.02415449858209229, 0.000000000000000000 ) ) ;
#142 = CARTESIAN_POINT ( 'NONE',  ( 10.64346975476057366, 6.527568552596270557, 0.000000000000000000 ) ) ;
#143 = CARTESIAN_POINT ( 'NONE',  ( 2.941794575437364667, -11.77637575328567898, 8.000000000000000000 ) ) ;
#144 = EDGE_CURVE ( 'NONE', #7140, #8042, #1787, .T. ) ;
#145 = CARTESIAN_POINT ( 'NONE',  ( -2.908682420983905281, 12.22597347346768615, 8.000000000000000000 ) ) ;
#146 = CARTESIAN_POINT ( 'NONE',  ( 5.449936105209367554, 38.26488601579712423, 20.72151601661744991 ) ) ;
#147 = CARTESIAN_POINT ( 'NONE',  ( -13.06843834723477293, -1.312474532673132410, 8.000000000000000000 ) ) ;
#148 = ORIENTED_EDGE ( 'NONE', *, *, #6459, .T. ) ;
#149 = CARTESIAN_POINT ( 'NONE',  ( -9.221936103764075909, 9.969200282347939535, 0.000000000000000000 ) ) ;
#150 = CARTESIAN_POINT ( 'NONE',  ( -10.35164078446983815, 6.455308898419755970, 0.000000000000000000 ) ) ;
#151 = CARTESIAN_POINT ( 'NONE',  ( 7.850195268865046927, 9.338196514606311283, 8.000000000000000000 ) ) ;
#152 =( BOUNDED_CURVE ( )  B_SPLINE_CURVE ( 3, ( #4935, #264, #2967, #5646 ),
 .UNSPECIFIED., .F., .F. ) 
 B_SPLINE_CURVE_WITH_KNOTS ( ( 4, 4 ),
 ( 1.363404104875369560, 1.570796326794896558 ),
 .UNSPECIFIED. ) 
 CURVE ( )  GEOMETRIC_REPRESENTATION_ITEM ( )  RATIONAL_B_SPLINE_CURVE ( ( 1.000000000000000000, 0.9964189161646831439, 0.9964189161646831439, 1.000000000000000000 ) ) 
 REPRESENTATION_ITEM ( '' )  );
#153 = CARTESIAN_POINT ( 'NONE',  ( 8.387786082023191980, 35.74216619585681087, -13.30595289590839059 ) ) ;
#154 = EDGE_CURVE ( 'NONE', #571, #8522, #5498, .T. ) ;
#155 = CARTESIAN_POINT ( 'NONE',  ( -11.60070094346934688, -4.833073392807702540, 8.000000000000000000 ) ) ;
#156 = CARTESIAN_POINT ( 'NONE',  ( 11.34404188716894524, -6.619621129381070723, 0.000000000000000000 ) ) ;
#157 = CARTESIAN_POINT ( 'NONE',  ( 4.882899925659138773, 11.65205713765565321, 0.000000000000000000 ) ) ;
#158 = CARTESIAN_POINT ( 'NONE',  ( -9.539420412438941455, 8.181339682155941873, 8.000000000000000000 ) ) ;
#159 = CARTESIAN_POINT ( 'NONE',  ( 9.455639197970839405, -8.034402175150658465, 0.000000000000000000 ) ) ;
#160 = CARTESIAN_POINT ( 'NONE',  ( 11.91079326901028246, 0.7828886122850723384, 0.000000000000000000 ) ) ;
#161 = CARTESIAN_POINT ( 'NONE',  ( 6.492081297254316041, 10.48771353560532837, -5.204170427930421283E-15 ) ) ;
#162 = CARTESIAN_POINT ( 'NONE',  ( -11.48389212362418377, 0.6963551242057266499, 0.000000000000000000 ) ) ;
#163 = CARTESIAN_POINT ( 'NONE',  ( 5.341376594307788217, 38.41670166580615131, 20.68844070737145557 ) ) ;
#164 = CARTESIAN_POINT ( 'NONE',  ( 4.668788839230941790, -11.41672744483948598, 0.000000000000000000 ) ) ;
#165 = CARTESIAN_POINT ( 'NONE',  ( -2.938739567862291846, -11.61432090236923109, 8.000000000000000000 ) ) ;
#166 = CARTESIAN_POINT ( 'NONE',  ( 13.64173013562594505, -1.722120468130754700, 8.000000000000000000 ) ) ;
#167 = ORIENTED_EDGE ( 'NONE', *, *, #4306, .T. ) ;
#168 = CARTESIAN_POINT ( 'NONE',  ( -12.69447357664507159, -1.095856395948445083, 8.000000000000000000 ) ) ;
#169 = UNCERTAINTY_MEASURE_WITH_UNIT (LENGTH_MEASURE( 1.000000000000000082E-05 ), #1149, 'distance_accuracy_value', 'NONE');
#170 = CARTESIAN_POINT ( 'NONE',  ( -11.94884645308978044, 5.198761634262814901, 8.000000000000000000 ) ) ;
#171 = EDGE_LOOP ( 'NONE', ( #7536, #5097, #868, #7345 ) ) ;
#172 = CARTESIAN_POINT ( 'NONE',  ( -6.492081297254395089, -10.48771353560528219, 0.000000000000000000 ) ) ;
#173 = CARTESIAN_POINT ( 'NONE',  ( 5.836552422531150697, 12.43077374740206409, 0.000000000000000000 ) ) ;
#174 = CARTESIAN_POINT ( 'NONE',  ( -8.881356617214091642, -7.313425558786570413, 8.000000000000000000 ) ) ;
#175 = DIRECTION ( 'NONE',  ( 1.000000000000000000, 0.000000000000000000, 0.000000000000000000 ) ) ;
#176 = CARTESIAN_POINT ( 'NONE',  ( 11.61432090236923997, -2.938739567862257207, -5.204170427930421283E-15 ) ) ;
#177 = APPROVAL_ROLE ( '' ) ;
#178 = ORIENTED_EDGE ( 'NONE', *, *, #5791, .F. ) ;
#179 = CARTESIAN_POINT ( 'NONE',  ( -9.392211555377270926, 10.01877448794996894, 0.000000000000000000 ) ) ;
#180 = CARTESIAN_POINT ( 'NONE',  ( 0.2416457505997627320, -10.93483029503508597, 8.000000000000000000 ) ) ;
#181 = CARTESIAN_POINT ( 'NONE',  ( 2.937812879663942223, -11.90787246215807471, 8.000000000000000000 ) ) ;
#182 = CARTESIAN_POINT ( 'NONE',  ( 12.43077374743273467, 5.836552422577614863, 8.000000000000000000 ) ) ;
#183 = CARTESIAN_POINT ( 'NONE',  ( 7.323758171114326032, 36.89925538494188828, 21.04556614693570182 ) ) ;
#184 = CARTESIAN_POINT ( 'NONE',  ( -13.48577048812303580, -1.600954125870974964, 8.000000000000000000 ) ) ;
#185 = ORIENTED_EDGE ( 'NONE', *, *, #6722, .T. ) ;
#186 = FACE_OUTER_BOUND ( 'NONE', #1418, .T. ) ;
#187 = CARTESIAN_POINT ( 'NONE',  ( -9.699971161947024356, 6.186699299581424505, 0.000000000000000000 ) ) ;
#188 = CARTESIAN_POINT ( 'NONE',  ( 7.750629585191585846, 9.267416903472033951, 8.000000000000000000 ) ) ;
#189 = EDGE_LOOP ( 'NONE', ( #6136, #967, #3278, #4 ) ) ;
#190 = CARTESIAN_POINT ( 'NONE',  ( -2.938739567862291846, -11.61432090236923109, 0.000000000000000000 ) ) ;
#191 = CARTESIAN_POINT ( 'NONE',  ( -11.47561408673058025, -4.719217338362263980, 8.000000000000000000 ) ) ;
#192 = CARTESIAN_POINT ( 'NONE',  ( -10.23507608951702252, -6.418760976341397750, 8.000000000000000000 ) ) ;
#193 = CARTESIAN_POINT ( 'NONE',  ( -2.760631555021785033, 33.04615718687360015, 21.68991984619308511 ) ) ;
#194 = CARTESIAN_POINT ( 'NONE',  ( 6.560248542579921072, 10.81899503309364974, 8.000000000000000000 ) ) ;
#195 = ADVANCED_FACE ( 'NONE', ( #5198 ), #1905, .T. ) ;
#196 = LINE ( 'NONE', #7556, #2340 ) ;
#197 = DIRECTION ( 'NONE',  ( -0.6845280282702556063, -0.3047715140836105840, -0.6622202826217419291 ) ) ;
#198 = CARTESIAN_POINT ( 'NONE',  ( -12.44189184801359715, -5.853360337646471123, 0.000000000000000000 ) ) ;
#199 = EDGE_CURVE ( 'NONE', #4158, #7756, #6665, .T. ) ;
#200 = CARTESIAN_POINT ( 'NONE',  ( -6.383408261752186341, 55.46885626967003446, 26.69378740028921015 ) ) ;
#201 = CARTESIAN_POINT ( 'NONE',  ( 8.636712746112557681, -9.757522586729482583, 8.000000000000000000 ) ) ;
#202 = FACE_OUTER_BOUND ( 'NONE', #1730, .T. ) ;
#203 = CARTESIAN_POINT ( 'NONE',  ( -13.48734665307397762, 2.584755384919189325, 8.000000000000000000 ) ) ;
#204 = CARTESIAN_POINT ( 'NONE',  ( -2.760631555021781924, 33.04615718687358594, -13.68991984619308866 ) ) ;
#205 = VERTEX_POINT ( 'NONE', #6179 ) ;
#206 = CARTESIAN_POINT ( 'NONE',  ( 11.83979557596820165, 2.940530670474365671, 0.000000000000000000 ) ) ;
#207 = CARTESIAN_POINT ( 'NONE',  ( 10.47431425022855755, 3.149229626029041551, 8.000000000000000000 ) ) ;
#208 = CARTESIAN_POINT ( 'NONE',  ( -10.70664486910372304, 4.210990906299862502, 8.000000000000000000 ) ) ;
#209 = CARTESIAN_POINT ( 'NONE',  ( -11.13701600410301573, -2.886444749237111029, 0.000000000000000000 ) ) ;
#210 = ORIENTED_EDGE ( 'NONE', *, *, #2428, .T. ) ;
#211 = CARTESIAN_POINT ( 'NONE',  ( -4.719217338362137859, -11.47561408673062822, 8.000000000000000000 ) ) ;
#212 = CYLINDRICAL_SURFACE ( 'NONE', #6597, 10.93750000000000178 ) ;
#213 = DIRECTION ( 'NONE',  ( 0.000000000000000000, 0.000000000000000000, 1.000000000000000000 ) ) ;
#214 = CARTESIAN_POINT ( 'NONE',  ( 11.94884645308981241, -5.198761634262732301, 8.000000000000000000 ) ) ;
#215 = CARTESIAN_POINT ( 'NONE',  ( 2.932881190150606887, -11.52995163726274974, 8.000000000000000000 ) ) ;
#216 = ORIENTED_EDGE ( 'NONE', *, *, #5453, .F. ) ;
#217 = EDGE_CURVE ( 'NONE', #2474, #3995, #6399, .T. ) ;
#218 = DIRECTION ( 'NONE',  ( -3.491481338843133355E-15, 1.000000000000000000, 0.000000000000000000 ) ) ;
#219 = ORIENTED_EDGE ( 'NONE', *, *, #720, .T. ) ;
#220 = CIRCLE ( 'NONE', #2770, 10.93750000000000000 ) ;
#221 = CARTESIAN_POINT ( 'NONE',  ( -6.455308898419793273, 10.35164078446981861, 8.000000000000000000 ) ) ;
#222 = DIRECTION ( 'NONE',  ( 0.000000000000000000, 0.000000000000000000, -1.000000000000000000 ) ) ;
#223 = CARTESIAN_POINT ( 'NONE',  ( -2.607747690737713508, -13.42510299666957607, 8.000000000000000000 ) ) ;
#224 = ORIENTED_EDGE ( 'NONE', *, *, #1719, .F. ) ;
#225 = CARTESIAN_POINT ( 'NONE',  ( -2.607747690747059810, 13.42510299664339790, 8.000000000000000000 ) ) ;
#226 = CARTESIAN_POINT ( 'NONE',  ( 8.334836982066365252, 35.85902812729921862, 21.32872598245375073 ) ) ;
#227 = EDGE_CURVE ( 'NONE', #8497, #5925, #1068, .T. ) ;
#228 = CARTESIAN_POINT ( 'NONE',  ( -12.78342018721906648, -1.143751547996515683, -5.204170427930421283E-15 ) ) ;
#229 = ORIENTED_EDGE ( 'NONE', *, *, #4684, .F. ) ;
#230 = CARTESIAN_POINT ( 'NONE',  ( -10.18403012388274576, 6.401038329813946604, 0.000000000000000000 ) ) ;
#231 = CIRCLE ( 'NONE', #95, 5.000000000000001776 ) ;
#232 = CARTESIAN_POINT ( 'NONE',  ( -10.29093438073247846, 6.436913140481685502, 0.000000000000000000 ) ) ;
#233 = CARTESIAN_POINT ( 'NONE',  ( 11.94884645308981241, -5.198761634262732301, 8.000000000000000000 ) ) ;
#234 = ORIENTED_EDGE ( 'NONE', *, *, #7661, .T. ) ;
#235 = CARTESIAN_POINT ( 'NONE',  ( -6.632284204934351557, -11.71732392095628228, 8.000000000000000000 ) ) ;
#236 = CIRCLE ( 'NONE', #7145, 13.75000000000000000 ) ;
#237 = CARTESIAN_POINT ( 'NONE',  ( -7.752122931497091862, 49.73270047063778065, 23.52679268485632491 ) ) ;
#238 = CARTESIAN_POINT ( 'NONE',  ( -11.71732392095621123, -6.632284204934474126, 8.000000000000000000 ) ) ;
#239 = CARTESIAN_POINT ( 'NONE',  ( 0.000000000000000000, 0.000000000000000000, 0.000000000000000000 ) ) ;
#240 = CARTESIAN_POINT ( 'NONE',  ( -8.881356617214141380, 7.313425558786508240, 8.000000000000000000 ) ) ;
#241 = DIRECTION ( 'NONE',  ( 0.9876883405951375483, -0.1564344650402313963, 0.000000000000000000 ) ) ;
#242 = ADVANCED_FACE ( 'NONE', ( #1456 ), #703, .F. ) ;
#243 = PLANE ( 'NONE',  #5448 ) ;
#244 = CARTESIAN_POINT ( 'NONE',  ( 5.916238915411918597, 9.442776183394515854, 8.000000000000000000 ) ) ;
#245 = AXIS2_PLACEMENT_3D ( 'NONE', #8134, #6175, #4061 ) ;
#246 = CARTESIAN_POINT ( 'NONE',  ( -12.78342018721907714, 1.143751547996426421, 8.000000000000000000 ) ) ;
#247 = CARTESIAN_POINT ( 'NONE',  ( 2.759358130927438868, -12.95019774290647341, 0.000000000000000000 ) ) ;
#248 = DIRECTION ( 'NONE',  ( 0.4067366430758008189, -0.9135454576426006446, -0.000000000000000000 ) ) ;
#249 = AXIS2_PLACEMENT_3D ( 'NONE', #456, #5674, #8340 ) ;
#250 = B_SPLINE_CURVE_WITH_KNOTS ( 'NONE', 3,
 ( #2333, #6958, #295, #5059, #7085, #251, #4360, #5768, #8434, #5637, #2422, #7048, #7780, #5721, #7740, #6475, #8564, #7819, #3871, #1307, #1799, #2462, #4485, #553, #3215, #7304, #7952, #5137, #5271 ),
 .UNSPECIFIED., .F., .F.,
 ( 4, 1, 1, 1, 1, 1, 1, 1, 1, 1, 1, 1, 1, 1, 1, 1, 1, 1, 1, 1, 1, 1, 1, 1, 1, 1, 4 ),
 ( 0.4925683021330550804, 0.5024463643869940821, 0.5250929155847819940, 0.5469717870834428508, 0.5680829788830696891, 0.5884264909837645385, 0.6080023233856429732, 0.6268104760888334459, 0.6448509490934806188, 0.6621237423997496929, 0.6786288560078284071, 0.6943662899179314785, 0.7093360441303072639, 0.7235381186452435331, 0.7369725134630787933, 0.7496392285842117253, 0.7615382640091191702, 0.7726696197383760012, 0.7830332957726851006, 0.7926292921129175495, 0.8014576087601730237, 0.8095182457158636158, 0.8168112029818485054, 0.8233364805606433467, 0.8290940784557681020, 0.8340839966723704313, 1.000000000000000000 ),
 .UNSPECIFIED. ) ;
#251 = CARTESIAN_POINT ( 'NONE',  ( 12.17545110014123289, 5.477724940116983632, 8.000000000000000000 ) ) ;
#252 = CARTESIAN_POINT ( 'NONE',  ( 12.78342018721908602, -1.143751547996336937, 8.000000000000000000 ) ) ;
#253 = ORIENTED_EDGE ( 'NONE', *, *, #8651, .F. ) ;
#254 = AXIS2_PLACEMENT_3D ( 'NONE', #5181, #7778, #3169 ) ;
#255 = CARTESIAN_POINT ( 'NONE',  ( -12.44189184801363623, 5.853360337646379641, 8.000000000000000000 ) ) ;
#256 = EDGE_CURVE ( 'NONE', #1429, #3884, #7448, .T. ) ;
#257 = CARTESIAN_POINT ( 'NONE',  ( 9.204216794247651379, -7.668835209822921328, 8.000000000000000000 ) ) ;
#258 = CARTESIAN_POINT ( 'NONE',  ( 5.379567626064644337, 12.09884006967992498, 8.000000000000000000 ) ) ;
#259 = CARTESIAN_POINT ( 'NONE',  ( -10.32496896312097157, 3.608867157514771939, 0.000000000000000000 ) ) ;
#260 = PRODUCT_DEFINITION_FORMATION_WITH_SPECIFIED_SOURCE ( 'ä»', '', #8448, .NOT_KNOWN. ) ;
#261 = AXIS2_PLACEMENT_3D ( 'NONE', #7504, #4084, #4656 ) ;
#262 = ORIENTED_EDGE ( 'NONE', *, *, #905, .T. ) ;
#263 = CARTESIAN_POINT ( 'NONE',  ( -4.476617511823964612, -11.16457150618552063, 8.000000000000000000 ) ) ;
#264 = CARTESIAN_POINT ( 'NONE',  ( -2.767612198667380952, 32.67146617818761456, -13.64083950588321947 ) ) ;
#265 = B_SPLINE_SURFACE_WITH_KNOTS ( 'NONE', 3, 1, ( 
 ( #5029, #7229 ),
 ( #2351, #6531 ),
 ( #5740, #1735 ),
 ( #7799, #3148 ),
 ( #8361, #7716 ),
 ( #1694, #4377 ),
 ( #5786, #1143 ),
 ( #7065, #7838 ),
 ( #1186, #8453 ),
 ( #2526, #2440 ),
 ( #3192, #3808 ),
 ( #6448, #5869 ),
 ( #395, #3847 ),
 ( #3110, #3891 ),
 ( #7148, #439 ),
 ( #5825, #1866 ),
 ( #2399, #8411 ),
 ( #315, #1015 ),
 ( #480, #5076 ),
 ( #8540, #3725 ),
 ( #5202, #5114 ),
 ( #4548, #6405 ),
 ( #4458, #4503 ),
 ( #1099, #7187 ),
 ( #5696, #1055 ),
 ( #7884, #352 ),
 ( #7758, #8490 ),
 ( #3060, #4419 ),
 ( #6492, #7108 ) ),
 .UNSPECIFIED., .F., .F., .F.,
 ( 4, 1, 1, 1, 1, 1, 1, 1, 1, 1, 1, 1, 1, 1, 1, 1, 1, 1, 1, 1, 1, 1, 1, 1, 1, 1, 4 ),
 ( 2, 2 ),
 ( 0.4925683021194531830, 0.5024463643869940821, 0.5250929155847819940, 0.5469717870834428508, 0.5680829788830696891, 0.5884264909837645385, 0.6080023233856429732, 0.6268104760888334459, 0.6448509490934806188, 0.6621237423997496929, 0.6786288560078284071, 0.6943662899179314785, 0.7093360441303072639, 0.7235381186452435331, 0.7369725134630787933, 0.7496392285842117253, 0.7615382640091191702, 0.7726696197383760012, 0.7830332957726851006, 0.7926292921129175495, 0.8014576087601730237, 0.8095182457158636158, 0.8168112029818485054, 0.8233364805606433467, 0.8290940784557681020, 0.8340839966723704313, 1.000000000000000000 ),
 ( 0.000000000000000000, 1.000000000000000000 ),
 .UNSPECIFIED. ) ;
#266 = DIRECTION ( 'NONE',  ( -0.1564344650402312298, -0.9876883405951376593, 0.000000000000000000 ) ) ;
#267 = CARTESIAN_POINT ( 'NONE',  ( 11.25643158326927740, -4.542018187747106417, 8.000000000000000000 ) ) ;
#268 = CARTESIAN_POINT ( 'NONE',  ( 2.936066220364136115, -11.56976343863533607, 8.000000000000000000 ) ) ;
#269 = CIRCLE ( 'NONE', #4639, 13.75000000000000000 ) ;
#270 = CARTESIAN_POINT ( 'NONE',  ( 12.31670401296928219, -2.895913797652378108, -5.204170427930421283E-15 ) ) ;
#271 = ORIENTED_EDGE ( 'NONE', *, *, #8430, .T. ) ;
#272 = CARTESIAN_POINT ( 'NONE',  ( -7.707558585906881810, 9.234787594130779098, 8.000000000000000000 ) ) ;
#273 = CARTESIAN_POINT ( 'NONE',  ( 10.29093438073238609, 6.436913140481833828, 0.000000000000000000 ) ) ;
#274 = CARTESIAN_POINT ( 'NONE',  ( -6.632284204934351557, -11.71732392095628228, 8.000000000000000000 ) ) ;
#275 = VERTEX_POINT ( 'NONE', #5377 ) ;
#276 = DIRECTION ( 'NONE',  ( -0.6049683311478916137, -0.2693492547302754336, -0.7493092133988346060 ) ) ;
#277 = CARTESIAN_POINT ( 'NONE',  ( 8.062839933170177886, 36.54362586979790706, 22.31673286678909562 ) ) ;
#278 = LINE ( 'NONE', #2885, #6156 ) ;
#279 = ORIENTED_EDGE ( 'NONE', *, *, #4410, .F. ) ;
#280 = CARTESIAN_POINT ( 'NONE',  ( -10.13775510802969748, 6.383929952666147933, 0.000000000000000000 ) ) ;
#281 = CARTESIAN_POINT ( 'NONE',  ( -11.01428446989502596, 6.588591420233433027, 0.000000000000000000 ) ) ;
#282 = CARTESIAN_POINT ( 'NONE',  ( 11.12353076645876371, -4.449236289361978791, 0.000000000000000000 ) ) ;
#283 = ORIENTED_EDGE ( 'NONE', *, *, #7614, .T. ) ;
#284 = CARTESIAN_POINT ( 'NONE',  ( 1.377525651863733325, -13.16905850672525347, 0.000000000000000000 ) ) ;
#285 = CARTESIAN_POINT ( 'NONE',  ( -8.855020039375045116, 9.844302869038607184, 8.000000000000000000 ) ) ;
#286 = CARTESIAN_POINT ( 'NONE',  ( 9.221936103764146964, -9.969200282347870257, 0.000000000000000000 ) ) ;
#287 = CARTESIAN_POINT ( 'NONE',  ( 3.608867157514880297, -10.32496896312093071, 8.000000000000000000 ) ) ;
#288 = CARTESIAN_POINT ( 'NONE',  ( 6.473761040516294862, 10.41722559423742567, 8.000000000000000000 ) ) ;
#289 = CARTESIAN_POINT ( 'NONE',  ( 12.16898868378440923, 0.8620871873793566342, 8.000000000000000000 ) ) ;
#290 = CARTESIAN_POINT ( 'NONE',  ( 0.08670470655468190402, 54.39887079536518399, -14.19099164525366596 ) ) ;
#291 = CARTESIAN_POINT ( 'NONE',  ( 12.33100786788142322, 5.689930116769447821, 0.000000000000000000 ) ) ;
#292 = CARTESIAN_POINT ( 'NONE',  ( 0.7736152328233112385, -11.87194576742586705, 0.000000000000000000 ) ) ;
#293 = CARTESIAN_POINT ( 'NONE',  ( 8.636712746112557681, -9.757522586729482583, 0.000000000000000000 ) ) ;
#294 = CARTESIAN_POINT ( 'NONE',  ( 4.507497455256186392, -11.20891349420028860, 0.000000000000000000 ) ) ;
#295 = CARTESIAN_POINT ( 'NONE',  ( 12.39393210983934246, 5.781365353078228075, 8.000000000000000000 ) ) ;
#296 = CARTESIAN_POINT ( 'NONE',  ( -8.881356617214141380, 7.313425558786508240, 0.000000000000000000 ) ) ;
#297 = ORIENTED_EDGE ( 'NONE', *, *, #7378, .F. ) ;
#298 = CARTESIAN_POINT ( 'NONE',  ( 12.51119373526729817, -2.862521721341631853, 8.000000000000000000 ) ) ;
#299 = CARTESIAN_POINT ( 'NONE',  ( -2.919073574173096652, 12.13967088095518498, 0.000000000000000000 ) ) ;
#300 = CARTESIAN_POINT ( 'NONE',  ( 8.262247439007687433, 9.582420452220718587, 8.000000000000000000 ) ) ;
#301 = CARTESIAN_POINT ( 'NONE',  ( -4.542018187747140168, -11.25643158326926141, 8.000000000000000000 ) ) ;
#302 = VERTEX_POINT ( 'NONE', #3372 ) ;
#303 = CARTESIAN_POINT ( 'NONE',  ( -0.9751606640715428931, -12.44755643926125899, 0.000000000000000000 ) ) ;
#304 = DIRECTION ( 'NONE',  ( 0.9135454576425999784, 0.4067366430758020956, 0.000000000000000000 ) ) ;
#305 = CARTESIAN_POINT ( 'NONE',  ( 9.301941798724689292, 7.798144649837294828, 8.000000000000000000 ) ) ;
#306 = CARTESIAN_POINT ( 'NONE',  ( 11.96219333340835256, 6.628700411335609388, 0.000000000000000000 ) ) ;
#307 = VERTEX_POINT ( 'NONE', #2738 ) ;
#308 = CARTESIAN_POINT ( 'NONE',  ( 2.941792002709121778, -11.71764203423209771, 8.000000000000000000 ) ) ;
#309 = EDGE_CURVE ( 'NONE', #3446, #2981, #7796, .T. ) ;
#310 = CARTESIAN_POINT ( 'NONE',  ( 13.42510299666958495, -2.607747690737672652, -5.204170427930421283E-15 ) ) ;
#311 = B_SPLINE_CURVE_WITH_KNOTS ( 'NONE', 3,
 ( #8549, #3337, #3155, #8496, #2575, #7193, #1290, #3990, #6677, #3248, #5968, #1918, #1831, #446, #5210, #1239, #8639, #2621, #533, #5252, #4652, #5876, #3898, #7891, #7845, #4555, #2487, #2009, #3814 ),
 .UNSPECIFIED., .F., .F.,
 ( 4, 1, 1, 1, 1, 1, 1, 1, 1, 1, 1, 1, 1, 1, 1, 1, 1, 1, 1, 1, 1, 1, 1, 1, 1, 1, 4 ),
 ( 0.4925683021330544697, 0.5024463643869940821, 0.5250929155847819940, 0.5469717870834428508, 0.5680829788830696891, 0.5884264909837645385, 0.6080023233856429732, 0.6268104760888334459, 0.6448509490934806188, 0.6621237423997496929, 0.6786288560078284071, 0.6943662899179314785, 0.7093360441303072639, 0.7235381186452435331, 0.7369725134630787933, 0.7496392285842117253, 0.7615382640091191702, 0.7726696197383760012, 0.7830332957726851006, 0.7926292921129175495, 0.8014576087601730237, 0.8095182457158636158, 0.8168112029818485054, 0.8233364805606433467, 0.8290940784557681020, 0.8340839966723704313, 1.000000000000000000 ),
 .UNSPECIFIED. ) ;
#312 = EDGE_CURVE ( 'NONE', #5349, #6982, #1674, .T. ) ;
#313 = ORIENTED_EDGE ( 'NONE', *, *, #692, .F. ) ;
#314 = CARTESIAN_POINT ( 'NONE',  ( -8.535381057717573938, 9.713655369616169821, 0.000000000000000000 ) ) ;
#315 = CARTESIAN_POINT ( 'NONE',  ( -11.36047427339662441, -4.622531273494584703, 8.000000000000000000 ) ) ;
#316 = CARTESIAN_POINT ( 'NONE',  ( -6.473761040516374798, -10.41722559423737593, 8.000000000000000000 ) ) ;
#317 = ORIENTED_EDGE ( 'NONE', *, *, #6508, .T. ) ;
#318 = DIRECTION ( 'NONE',  ( 0.000000000000000000, -0.000000000000000000, -1.000000000000000000 ) ) ;
#319 = CARTESIAN_POINT ( 'NONE',  ( 7.975883123378888051, 36.36674368841754301, 21.23706557582743315 ) ) ;
#320 = CARTESIAN_POINT ( 'NONE',  ( -1.668469543075102646, 13.57387004039618539, 0.000000000000000000 ) ) ;
#321 = CARTESIAN_POINT ( 'NONE',  ( -11.11931436071737700, 6.600657436018111390, 0.000000000000000000 ) ) ;
#322 = CARTESIAN_POINT ( 'NONE',  ( -10.72875944066946019, 6.544354946388695637, 0.000000000000000000 ) ) ;
#323 = CARTESIAN_POINT ( 'NONE',  ( 12.17545110014134657, -5.477724940116727836, 0.000000000000000000 ) ) ;
#324 = B_SPLINE_CURVE_WITH_KNOTS ( 'NONE', 3,
 ( #6019, #8555, #6591, #2541, #7293, #7854, #2584, #1247, #8693, #3204, #5885, #2627, #5218, #3954, #7898, #6642, #1297, #6544, #2677, #5173, #4518, #5354, #588, #7200, #7340, #1156, #1200, #2015, #5259 ),
 .UNSPECIFIED., .F., .F.,
 ( 4, 1, 1, 1, 1, 1, 1, 1, 1, 1, 1, 1, 1, 1, 1, 1, 1, 1, 1, 1, 1, 1, 1, 1, 1, 1, 4 ),
 ( 0.000000000000000000, 0.1659160033276295965, 0.1709059215442318702, 0.1766635194393565977, 0.1831887970181514669, 0.1904817542841364120, 0.1985423912398269763, 0.2073707078870824227, 0.2169667042273148716, 0.2273303802616240543, 0.2384617359908808021, 0.2503607714157882191, 0.2630274865369212067, 0.2764618813547564669, 0.2906639558696927361, 0.3056337100820685215, 0.3213711439921715929, 0.3378762576002502516, 0.3551490509065193812, 0.3731895239111665541, 0.3919976766143570268, 0.4115735090162354615, 0.4319170211169303109, 0.4530282129165571492, 0.4749070844152180060, 0.4975536356130058624, 0.5074316978669450862 ),
 .UNSPECIFIED. ) ;
#325 = ORIENTED_EDGE ( 'NONE', *, *, #4636, .T. ) ;
#326 = CARTESIAN_POINT ( 'NONE',  ( -6.560248542580001896, -10.81899503309359822, 8.000000000000000000 ) ) ;
#327 = CARTESIAN_POINT ( 'NONE',  ( 9.801135538539382352, 8.743249532614989050, 0.000000000000000000 ) ) ;
#328 = CARTESIAN_POINT ( 'NONE',  ( -10.29093438073243583, -6.436913140481757445, 8.000000000000000000 ) ) ;
#329 = LINE ( 'NONE', #1615, #1663 ) ;
#330 = CARTESIAN_POINT ( 'NONE',  ( -12.44189184801359715, -5.853360337646471123, 8.000000000000000000 ) ) ;
#331 = CARTESIAN_POINT ( 'NONE',  ( 11.83751175313649284, 0.7661213205047733288, 8.000000000000000000 ) ) ;
#332 = DIRECTION ( 'NONE',  ( 0.4067366430758023177, -0.9135454576426000894, -6.719848222705460449E-16 ) ) ;
#333 = CARTESIAN_POINT ( 'NONE',  ( 11.66659828334860904, 4.896733499129219069, 0.000000000000000000 ) ) ;
#334 = CARTESIAN_POINT ( 'NONE',  ( -12.97053397611295189, 1.251919511749328029, 0.000000000000000000 ) ) ;
#335 = CARTESIAN_POINT ( 'NONE',  ( 8.348190801685282381, -9.625916629980661554, 0.000000000000000000 ) ) ;
#336 = CARTESIAN_POINT ( 'NONE',  ( 7.241803457365488583, 36.95196136793264685, -13.02628255619800868 ) ) ;
#337 = CARTESIAN_POINT ( 'NONE',  ( -12.83440038321941223, 2.790132082466584507, 8.000000000000000000 ) ) ;
#338 = CARTESIAN_POINT ( 'NONE',  ( -6.383408261752186341, 55.46885626967003446, -18.69378740028921015 ) ) ;
#339 = VERTEX_POINT ( 'NONE', #207 ) ;
#340 = CARTESIAN_POINT ( 'NONE',  ( -12.30068812565076009, -0.9123192481543483945, 8.000000000000000000 ) ) ;
#341 = CARTESIAN_POINT ( 'NONE',  ( 9.376012365377921043, -7.906868104073965675, 8.000000000000000000 ) ) ;
#342 = CARTESIAN_POINT ( 'NONE',  ( 0.000000000000000000, 0.000000000000000000, 8.000000000000000000 ) ) ;
#343 = CARTESIAN_POINT ( 'NONE',  ( -4.210990906299821646, -10.70664486910373903, 8.000000000000000000 ) ) ;
#344 = EDGE_LOOP ( 'NONE', ( #5107, #393, #7680, #7545 ) ) ;
#345 = CARTESIAN_POINT ( 'NONE',  ( -4.622531273494459469, -11.36047427339667237, 8.000000000000000000 ) ) ;
#346 = DIRECTION ( 'NONE',  ( 0.000000000000000000, -0.000000000000000000, -1.000000000000000000 ) ) ;
#347 = CARTESIAN_POINT ( 'NONE',  ( 11.11931436071742851, -6.600657436018027902, 8.000000000000000000 ) ) ;
#348 = CARTESIAN_POINT ( 'NONE',  ( -12.97053397611294123, -1.251919511749418623, 0.000000000000000000 ) ) ;
#349 = CARTESIAN_POINT ( 'NONE',  ( 2.880586703536698323, -12.41180006574745676, 8.000000000000000000 ) ) ;
#350 = VERTEX_POINT ( 'NONE', #2959 ) ;
#351 = CARTESIAN_POINT ( 'NONE',  ( -8.439220299577069540, 9.669723885496978255, 8.000000000000000000 ) ) ;
#352 = CARTESIAN_POINT ( 'NONE',  ( -11.02139818175200681, -4.386616976971000170, 0.000000000000000000 ) ) ;
#353 = CARTESIAN_POINT ( 'NONE',  ( -6.575057906251660533, -10.91417308631847582, 8.000000000000000000 ) ) ;
#354 = CARTESIAN_POINT ( 'NONE',  ( 11.25643158326918147, 4.542018187747340896, 0.000000000000000000 ) ) ;
#355 = CARTESIAN_POINT ( 'NONE',  ( 8.241633011835601152, 36.15127713518992891, 22.31374597361337564 ) ) ;
#356 = CARTESIAN_POINT ( 'NONE',  ( -11.87194576742586349, -0.7736152328233526498, 8.000000000000000000 ) ) ;
#357 = EDGE_CURVE ( 'NONE', #2551, #3199, #1399, .T. ) ;
#358 = CARTESIAN_POINT ( 'NONE',  ( -10.23507608951707049, 6.418760976341326696, 8.000000000000000000 ) ) ;
#359 = DIRECTION ( 'NONE',  ( 0.000000000000000000, 0.000000000000000000, 1.000000000000000000 ) ) ;
#360 =( BOUNDED_CURVE ( )  B_SPLINE_CURVE ( 3, ( #1850, #5141, #7129, #6478 ),
 .UNSPECIFIED., .F., .F. ) 
 B_SPLINE_CURVE_WITH_KNOTS ( ( 4, 4 ),
 ( 2.605680701327257598, 2.719514510406822350 ),
 .UNSPECIFIED. ) 
 CURVE ( )  GEOMETRIC_REPRESENTATION_ITEM ( )  RATIONAL_B_SPLINE_CURVE ( ( 1.000000000000000000, 0.9989204468105224999, 0.9989204468105224999, 1.000000000000000000 ) ) 
 REPRESENTATION_ITEM ( '' )  );
#361 = CARTESIAN_POINT ( 'NONE',  ( 11.60070094346941261, -4.833073392807540003, 0.000000000000000000 ) ) ;
#362 = VERTEX_POINT ( 'NONE', #6921 ) ;
#363 = CARTESIAN_POINT ( 'NONE',  ( -6.231836464888827365, -8.988499347771126580, 8.000000000000000000 ) ) ;
#364 = CARTESIAN_POINT ( 'NONE',  ( 9.969200282347838282, 9.221936103764180714, 0.000000000000000000 ) ) ;
#365 = CARTESIAN_POINT ( 'NONE',  ( 8.034402175150832548, -9.455639197970691967, 0.000000000000000000 ) ) ;
#366 = CARTESIAN_POINT ( 'NONE',  ( -12.44189184801363979, 5.853360337646381417, 0.000000000000000000 ) ) ;
#367 = DIRECTION ( 'NONE',  ( 0.7780644821457439742, 0.000000000000000000, 0.6281844168898774727 ) ) ;
#368 = CARTESIAN_POINT ( 'NONE',  ( 12.16898868378440923, 0.8620871873793566342, 0.000000000000000000 ) ) ;
#369 = CARTESIAN_POINT ( 'NONE',  ( -1.143751547996471052, 12.78342018721907003, 8.000000000000000000 ) ) ;
#370 = CARTESIAN_POINT ( 'NONE',  ( 11.30699639290202363, 4.580317944817513975, 0.000000000000000000 ) ) ;
#371 = CIRCLE ( 'NONE', #3772, 10.93750000000000000 ) ;
#372 = CARTESIAN_POINT ( 'NONE',  ( -12.61481170127149198, -2.841541163098093570, 0.000000000000000000 ) ) ;
#373 = CARTESIAN_POINT ( 'NONE',  ( 2.584755384919331433, -13.48734665307394920, 0.000000000000000000 ) ) ;
#374 = CARTESIAN_POINT ( 'NONE',  ( 0.000000000000000000, 0.000000000000000000, 0.000000000000000000 ) ) ;
#375 = CARTESIAN_POINT ( 'NONE',  ( -13.19332579941579553, 2.686824890852690828, 8.000000000000000000 ) ) ;
#376 = CARTESIAN_POINT ( 'NONE',  ( -8.544655887209717804, 7.152395453489324595, 8.000000000000000000 ) ) ;
#377 = ORIENTED_EDGE ( 'NONE', *, *, #5752, .F. ) ;
#378 = CARTESIAN_POINT ( 'NONE',  ( -11.08591166683803841, 4.425208852857752895, 8.000000000000000000 ) ) ;
#379 = VECTOR ( 'NONE', #4216, 1000.000000000000000 ) ;
#380 = CARTESIAN_POINT ( 'NONE',  ( -2.724978029605210850, 13.06987279011081071, 0.000000000000000000 ) ) ;
#381 = CARTESIAN_POINT ( 'NONE',  ( -2.963065021785412867, 0.4693033951206937449, 0.000000000000000000 ) ) ;
#382 = VECTOR ( 'NONE', #899, 1000.000000000000000 ) ;
#383 = EDGE_LOOP ( 'NONE', ( #8660, #4144, #2766, #7128 ) ) ;
#384 = AXIS2_PLACEMENT_3D ( 'NONE', #1936, #5895, #1165 ) ;
#385 = DIRECTION ( 'NONE',  ( 1.000000000000000000, 0.000000000000000000, 0.000000000000000000 ) ) ;
#386 = CARTESIAN_POINT ( 'NONE',  ( 8.008390514059907872, 36.29887075987688405, 21.72937463212378972 ) ) ;
#387 = CARTESIAN_POINT ( 'NONE',  ( -1.043230117813891189, 12.59066392799687506, 8.000000000000000000 ) ) ;
#388 = CARTESIAN_POINT ( 'NONE',  ( -2.317265609202498577, 57.27921961714169896, -14.18705913416912168 ) ) ;
#389 = CARTESIAN_POINT ( 'NONE',  ( 2.817469215210370415, -12.72257526253002702, 8.000000000000000000 ) ) ;
#390 = AXIS2_PLACEMENT_3D ( 'NONE', #2682, #683, #5265 ) ;
#391 = AXIS2_PLACEMENT_3D ( 'NONE', #976, #276, #6276 ) ;
#392 = LINE ( 'NONE', #8535, #3635 ) ;
#393 = ORIENTED_EDGE ( 'NONE', *, *, #837, .T. ) ;
#394 = CARTESIAN_POINT ( 'NONE',  ( -7.906868104074071368, 9.376012365377837554, 8.000000000000000000 ) ) ;
#395 = CARTESIAN_POINT ( 'NONE',  ( -11.66659828334864457, -4.896733499129138245, 8.000000000000000000 ) ) ;
#396 = CARTESIAN_POINT ( 'NONE',  ( -2.938739567862291846, -11.61432090236923109, 0.000000000000000000 ) ) ;
#397 = CIRCLE ( 'NONE', #5052, 13.75000000000000000 ) ;
#398 = CARTESIAN_POINT ( 'NONE',  ( 7.794776866485185529, 36.54302324361057686, 21.17894149451000274 ) ) ;
#399 = CARTESIAN_POINT ( 'NONE',  ( -1.709570873003885438, 13.62596226222339801, 8.000000000000000000 ) ) ;
#400 = ORIENTED_EDGE ( 'NONE', *, *, #6948, .F. ) ;
#401 = B_SPLINE_SURFACE_WITH_KNOTS ( 'NONE', 3, 1, ( 
 ( #8290, #7471 ),
 ( #4254, #4170 ),
 ( #6209, #6945 ),
 ( #811, #3607 ),
 ( #235, #2280 ),
 ( #2938, #4957 ),
 ( #1611, #6988 ),
 ( #8162, #3442 ),
 ( #6117, #65 ),
 ( #5447, #4832 ),
 ( #1439, #7037 ),
 ( #3157, #3072 ),
 ( #326, #5667 ),
 ( #8461, #6500 ),
 ( #1110, #1744 ),
 ( #6462, #2490 ),
 ( #7116, #448 ),
 ( #5751, #2321 ),
 ( #4470, #3029 ),
 ( #5708, #4998 ),
 ( #1066, #4346 ),
 ( #3654, #7681 ),
 ( #1833, #6330 ),
 ( #8422, #8372 ),
 ( #984, #4387 ),
 ( #7074, #7766 ),
 ( #2986, #3696 ),
 ( #6415, #1025 ),
 ( #363, #5084 ) ),
 .UNSPECIFIED., .F., .F., .F.,
 ( 4, 1, 1, 1, 1, 1, 1, 1, 1, 1, 1, 1, 1, 1, 1, 1, 1, 1, 1, 1, 1, 1, 1, 1, 1, 1, 4 ),
 ( 2, 2 ),
 ( 0.4925683021194534605, 0.5024463643869940821, 0.5250929155847819940, 0.5469717870834428508, 0.5680829788830696891, 0.5884264909837645385, 0.6080023233856429732, 0.6268104760888334459, 0.6448509490934806188, 0.6621237423997496929, 0.6786288560078284071, 0.6943662899179314785, 0.7093360441303072639, 0.7235381186452435331, 0.7369725134630787933, 0.7496392285842117253, 0.7615382640091191702, 0.7726696197383760012, 0.7830332957726851006, 0.7926292921129175495, 0.8014576087601730237, 0.8095182457158636158, 0.8168112029818485054, 0.8233364805606433467, 0.8290940784557681020, 0.8340839966723704313, 1.000000000000000000 ),
 ( 0.000000000000000000, 1.000000000000000000 ),
 .UNSPECIFIED. ) ;
#402 = CARTESIAN_POINT ( 'NONE',  ( -11.96219333343618807, 6.628700411334726539, 8.000000000000000000 ) ) ;
#403 = CARTESIAN_POINT ( 'NONE',  ( -4.449236289362012542, -11.12353076645875127, 0.000000000000000000 ) ) ;
#404 = B_SPLINE_CURVE_WITH_KNOTS ( 'NONE', 3,
 ( #3556, #5565, #4861, #1471, #797, #8232, #6364, #8279, #2139, #273, #3517, #6198, #8322, #1559, #142, #2308, #2839, #6274, #5525, #8191, #4284, #4243, #3641, #2220, #7541, #6235, #1512, #4986, #6896 ),
 .UNSPECIFIED., .F., .F.,
 ( 4, 1, 1, 1, 1, 1, 1, 1, 1, 1, 1, 1, 1, 1, 1, 1, 1, 1, 1, 1, 1, 1, 1, 1, 1, 1, 4 ),
 ( 0.000000000000000000, 0.1659160033276295965, 0.1709059215442318702, 0.1766635194393565977, 0.1831887970181514669, 0.1904817542841364120, 0.1985423912398269763, 0.2073707078870824227, 0.2169667042273148716, 0.2273303802616240543, 0.2384617359908808021, 0.2503607714157882191, 0.2630274865369212067, 0.2764618813547564669, 0.2906639558696927361, 0.3056337100820685215, 0.3213711439921715929, 0.3378762576002502516, 0.3551490509065193812, 0.3731895239111665541, 0.3919976766143570268, 0.4115735090162354615, 0.4319170211169303109, 0.4530282129165571492, 0.4749070844152180060, 0.4975536356130058624, 0.5074316978669450862 ),
 .UNSPECIFIED. ) ;
#405 = CARTESIAN_POINT ( 'NONE',  ( 11.41672744483956414, -4.668788839230741949, 0.000000000000000000 ) ) ;
#406 = ORIENTED_EDGE ( 'NONE', *, *, #6116, .F. ) ;
#407 = DIRECTION ( 'NONE',  ( 0.000000000000000000, -0.000000000000000000, -1.000000000000000000 ) ) ;
#408 = EDGE_CURVE ( 'NONE', #38, #3133, #541, .T. ) ;
#409 = CARTESIAN_POINT ( 'NONE',  ( 0.000000000000000000, 0.000000000000000000, 8.000000000000000000 ) ) ;
#410 = DIRECTION ( 'NONE',  ( -0.000000000000000000, 0.000000000000000000, -1.000000000000000000 ) ) ;
#411 = DIRECTION ( 'NONE',  ( 0.000000000000000000, -0.000000000000000000, -1.000000000000000000 ) ) ;
#412 = CARTESIAN_POINT ( 'NONE',  ( 12.16898868378440923, 0.8620871873793566342, 8.000000000000000000 ) ) ;
#413 = CARTESIAN_POINT ( 'NONE',  ( 12.95019774290646630, 2.759358130927484609, 8.000000000000000000 ) ) ;
#414 = ADVANCED_FACE ( 'NONE', ( #3134, #8474, #6430 ), #1758, .F. ) ;
#415 = LINE ( 'NONE', #5091, #4067 ) ;
#416 = EDGE_CURVE ( 'NONE', #4859, #7611, #360, .T. ) ;
#417 = CARTESIAN_POINT ( 'NONE',  ( 5.500873384340051686, 37.86424554890565020, -15.75194548007929995 ) ) ;
#418 = EDGE_CURVE ( 'NONE', #96, #1240, #4020, .T. ) ;
#419 = CARTESIAN_POINT ( 'NONE',  ( -11.52995163726276395, -2.932881190150568251, 8.000000000000000000 ) ) ;
#420 = CARTESIAN_POINT ( 'NONE',  ( 6.810943327431916217, 37.21717023863165963, -12.93839095265340156 ) ) ;
#421 = CARTESIAN_POINT ( 'NONE',  ( 8.357623722479631923, 35.81004254096040285, -13.32947797539456758 ) ) ;
#422 = CARTESIAN_POINT ( 'NONE',  ( 8.988499347771151449, -6.231836464888791838, 8.000000000000000000 ) ) ;
#423 = ORIENTED_EDGE ( 'NONE', *, *, #3290, .T. ) ;
#424 = CARTESIAN_POINT ( 'NONE',  ( -11.16457150618550465, 4.476617511824007245, 8.000000000000000000 ) ) ;
#425 = DIRECTION ( 'NONE',  ( -0.9876883405951375483, 0.1564344650402313963, -0.000000000000000000 ) ) ;
#426 = CARTESIAN_POINT ( 'NONE',  ( 7.152395453489232224, 8.544655887209795964, 8.000000000000000000 ) ) ;
#427 =( BOUNDED_CURVE ( )  B_SPLINE_CURVE ( 3, ( #2117, #2690, #3408, #5366 ),
 .UNSPECIFIED., .F., .F. ) 
 B_SPLINE_CURVE_WITH_KNOTS ( ( 4, 4 ),
 ( 1.570796326794897224, 1.778188548714424000 ),
 .UNSPECIFIED. ) 
 CURVE ( )  GEOMETRIC_REPRESENTATION_ITEM ( )  RATIONAL_B_SPLINE_CURVE ( ( 1.000000000000000000, 0.9964189161646831439, 0.9964189161646831439, 1.000000000000000000 ) ) 
 REPRESENTATION_ITEM ( '' )  );
#428 = ORIENTED_EDGE ( 'NONE', *, *, #7378, .T. ) ;
#429 = CARTESIAN_POINT ( 'NONE',  ( -9.175863790627211358, -7.634358818669890745, 0.000000000000000000 ) ) ;
#430 = CARTESIAN_POINT ( 'NONE',  ( -7.577720000373640907, -9.126433365741181802, 0.000000000000000000 ) ) ;
#431 = CYLINDRICAL_SURFACE ( 'NONE', #1664, 1.000000000000000222 ) ;
#432 = ORIENTED_EDGE ( 'NONE', *, *, #3070, .F. ) ;
#433 = CARTESIAN_POINT ( 'NONE',  ( 0.9420826277741565224, -12.37227591337642352, 8.000000000000000000 ) ) ;
#434 = ORIENTED_EDGE ( 'NONE', *, *, #7661, .F. ) ;
#435 = CARTESIAN_POINT ( 'NONE',  ( 0.000000000000000000, 0.000000000000000000, 8.000000000000000000 ) ) ;
#436 = CARTESIAN_POINT ( 'NONE',  ( 6.805668530672640770, 37.25901346326162411, -11.82079771924119527 ) ) ;
#437 = ORIENTED_EDGE ( 'NONE', *, *, #6561, .T. ) ;
#438 = CYLINDRICAL_SURFACE ( 'NONE', #4472, 2.000000000000001332 ) ;
#439 = CARTESIAN_POINT ( 'NONE',  ( -11.53698844606703133, -4.773939382173037593, 0.000000000000000000 ) ) ;
#440 = CARTESIAN_POINT ( 'NONE',  ( -2.941792002708953913, -11.71764203423214212, 8.000000000000000000 ) ) ;
#441 = CARTESIAN_POINT ( 'NONE',  ( 6.510080463201441070, -10.56312374806388377, 0.000000000000000000 ) ) ;
#442 = CARTESIAN_POINT ( 'NONE',  ( -1.143751547996471052, 12.78342018721907003, 0.000000000000000000 ) ) ;
#443 = CARTESIAN_POINT ( 'NONE',  ( -12.33100786788150849, 5.689930116769273738, 0.000000000000000000 ) ) ;
#444 = CARTESIAN_POINT ( 'NONE',  ( 5.341376594307784664, 38.41670166580615131, -12.68844070737145024 ) ) ;
#445 = EDGE_CURVE ( 'NONE', #8538, #5349, #6542, .T. ) ;
#446 = CARTESIAN_POINT ( 'NONE',  ( 8.181339682156046678, -9.539420412438852637, 8.000000000000000000 ) ) ;
#447 = ORIENTED_EDGE ( 'NONE', *, *, #3179, .F. ) ;
#448 = CARTESIAN_POINT ( 'NONE',  ( -6.492081297254395089, -10.48771353560528219, 0.000000000000000000 ) ) ;
#449 = CARTESIAN_POINT ( 'NONE',  ( 10.41722559423726224, 6.473761040516560428, 0.000000000000000000 ) ) ;
#450 = PRODUCT_RELATED_PRODUCT_CATEGORY ( 'detail', '', ( #8448 ) ) ;
#451 = CARTESIAN_POINT ( 'NONE',  ( -10.02415449858206031, -9.411632514633833324, 0.000000000000000000 ) ) ;
#452 = CARTESIAN_POINT ( 'NONE',  ( 5.853360337646514644, -12.44189184801357584, 8.000000000000000000 ) ) ;
#453 = CARTESIAN_POINT ( 'NONE',  ( 13.27225220462995559, 1.447204694645935374, 8.000000000000000000 ) ) ;
#454 = CARTESIAN_POINT ( 'NONE',  ( -11.56976343863534851, -2.936066220364096147, 8.000000000000000000 ) ) ;
#455 = CARTESIAN_POINT ( 'NONE',  ( 11.61432090236917603, 2.938739567862500124, 8.000000000000000000 ) ) ;
#456 = CARTESIAN_POINT ( 'NONE',  ( 0.000000000000000000, 0.000000000000000000, 0.000000000000000000 ) ) ;
#457 = EDGE_CURVE ( 'NONE', #8671, #4859, #3085, .T. ) ;
#458 = CARTESIAN_POINT ( 'NONE',  ( -13.50622083004038387, -2.577692551524178199, 0.000000000000000000 ) ) ;
#459 = CARTESIAN_POINT ( 'NONE',  ( -12.61481170127149198, -2.841541163098093570, 8.000000000000000000 ) ) ;
#460 = CARTESIAN_POINT ( 'NONE',  ( 7.667038558419635663, 36.65136333899639709, -13.13941794391336515 ) ) ;
#461 = EDGE_CURVE ( 'NONE', #3181, #3845, #4721, .T. ) ;
#462 = CARTESIAN_POINT ( 'NONE',  ( 5.440204382543202932, 38.27849539827793279, -12.71855100971204955 ) ) ;
#463 = DIRECTION ( 'NONE',  ( 0.000000000000000000, 0.000000000000000000, -1.000000000000000000 ) ) ;
#464 = ORIENTED_EDGE ( 'NONE', *, *, #6789, .F. ) ;
#465 = CARTESIAN_POINT ( 'NONE',  ( -11.05183112916331645, 4.404384806714092271, 8.000000000000000000 ) ) ;
#466 = CYLINDRICAL_SURFACE ( 'NONE', #8511, 2.000000000000000000 ) ;
#467 = CARTESIAN_POINT ( 'NONE',  ( 7.906868104073932813, 9.376012365377949465, 8.000000000000000000 ) ) ;
#468 = ADVANCED_FACE ( 'NONE', ( #5319 ), #2689, .T. ) ;
#469 = CARTESIAN_POINT ( 'NONE',  ( -10.56312374806395304, 6.510080463201325607, 8.000000000000000000 ) ) ;
#470 = ORIENTED_EDGE ( 'NONE', *, *, #7846, .T. ) ;
#471 = CARTESIAN_POINT ( 'NONE',  ( -5.477724940116765140, -12.17545110014133058, 8.000000000000000000 ) ) ;
#472 = DIRECTION ( 'NONE',  ( 0.6798797886080300001, -0.1076823798066469107, -0.7253743710122914079 ) ) ;
#473 = CARTESIAN_POINT ( 'NONE',  ( 10.93483029503508774, -0.2416457505996488786, 8.000000000000000000 ) ) ;
#474 = CARTESIAN_POINT ( 'NONE',  ( 1.377525651863733325, -13.16905850672525347, 8.000000000000000000 ) ) ;
#475 = ORIENTED_EDGE ( 'NONE', *, *, #6402, .T. ) ;
#476 = CARTESIAN_POINT ( 'NONE',  ( -12.09884006967983439, -5.379567626064857500, 0.000000000000000000 ) ) ;
#477 = DIRECTION ( 'NONE',  ( -0.6845280282702556063, -0.3047715140836109171, 0.6622202826217417071 ) ) ;
#478 = ORIENTED_EDGE ( 'NONE', *, *, #2110, .T. ) ;
#479 = CARTESIAN_POINT ( 'NONE',  ( 6.560248542579921072, 10.81899503309364974, 0.000000000000000000 ) ) ;
#480 = CARTESIAN_POINT ( 'NONE',  ( -11.30699639290205560, -4.580317944817435816, 8.000000000000000000 ) ) ;
#481 = LINE ( 'NONE', #1283, #7012 ) ;
#482 = DIRECTION ( 'NONE',  ( 1.000000000000000000, 0.000000000000000000, -0.000000000000000000 ) ) ;
#483 = CARTESIAN_POINT ( 'NONE',  ( -1.195724957047537229, 12.87548337994386038, 8.000000000000000000 ) ) ;
#484 = CARTESIAN_POINT ( 'NONE',  ( 5.916238915412299626, -9.442776183394560263, 8.000000000000000000 ) ) ;
#485 = CARTESIAN_POINT ( 'NONE',  ( -4.425208852857711150, -11.08591166683805262, 0.000000000000000000 ) ) ;
#486 = EDGE_LOOP ( 'NONE', ( #8446, #64, #6523, #224 ) ) ;
#487 = DIRECTION ( 'NONE',  ( -1.000000000000000000, 0.000000000000000000, 0.000000000000000000 ) ) ;
#488 = CARTESIAN_POINT ( 'NONE',  ( 0.8231400688185612768, -12.05320353502385977, 0.000000000000000000 ) ) ;
#489 = EDGE_CURVE ( 'NONE', #1413, #6647, #2767, .T. ) ;
#490 = FACE_OUTER_BOUND ( 'NONE', #5866, .T. ) ;
#491 = CARTESIAN_POINT ( 'NONE',  ( -9.801135538539446301, -8.743249532614916220, 8.000000000000000000 ) ) ;
#492 = CARTESIAN_POINT ( 'NONE',  ( -6.231836464888828253, -8.988499347771126580, 0.000000000000000000 ) ) ;
#493 = CARTESIAN_POINT ( 'NONE',  ( 12.60876818853257930, 1.051893166807293056, 8.000000000000000000 ) ) ;
#494 = CARTESIAN_POINT ( 'NONE',  ( 8.704427730807637431, 6.622827502596382310, 8.000000000000000000 ) ) ;
#495 = CARTESIAN_POINT ( 'NONE',  ( 11.66361783702272881, 2.940710835118589106, 8.000000000000000000 ) ) ;
#496 = DIRECTION ( 'NONE',  ( 0.000000000000000000, 0.000000000000000000, 1.000000000000000000 ) ) ;
#497 = CARTESIAN_POINT ( 'NONE',  ( -12.51119373526726619, -2.862521721341807268, 0.000000000000000000 ) ) ;
#498 = B_SPLINE_SURFACE_WITH_KNOTS ( 'NONE', 3, 1, ( 
 ( #6428, #8515 ),
 ( #376, #7004 ),
 ( #7781, #296 ),
 ( #2999, #5012 ),
 ( #5060, #996 ),
 ( #2726, #5896 ),
 ( #8041, #3915 ),
 ( #2024, #8565 ),
 ( #2595, #2550 ),
 ( #4617, #5227 ),
 ( #5406, #1166 ),
 ( #599, #2687 ),
 ( #689, #7392 ),
 ( #7953, #7999 ),
 ( #3311, #4668 ),
 ( #3872, #1353 ),
 ( #5988, #7907 ),
 ( #1982, #1891 ),
 ( #6031, #4008 ),
 ( #7350, #4571 ),
 ( #5363, #6604 ),
 ( #5272, #554 ),
 ( #3266, #1937 ),
 ( #7305, #5317 ),
 ( #5941, #4709 ),
 ( #8659, #1261 ),
 ( #3964, #3216 ),
 ( #1308, #6652 ),
 ( #2639, #6695 ) ),
 .UNSPECIFIED., .F., .F., .F.,
 ( 4, 1, 1, 1, 1, 1, 1, 1, 1, 1, 1, 1, 1, 1, 1, 1, 1, 1, 1, 1, 1, 1, 1, 1, 1, 1, 4 ),
 ( 2, 2 ),
 ( 0.000000000000000000, 0.1659160033276295965, 0.1709059215442318702, 0.1766635194393565977, 0.1831887970181514669, 0.1904817542841364120, 0.1985423912398269763, 0.2073707078870824227, 0.2169667042273148716, 0.2273303802616240543, 0.2384617359908808021, 0.2503607714157882191, 0.2630274865369212067, 0.2764618813547564669, 0.2906639558696927361, 0.3056337100820685215, 0.3213711439921715929, 0.3378762576002502516, 0.3551490509065193812, 0.3731895239111665541, 0.3919976766143570268, 0.4115735090162354615, 0.4319170211169303109, 0.4530282129165571492, 0.4749070844152180060, 0.4975536356130058624, 0.5074316978669445311 ),
 ( 0.000000000000000000, 1.000000000000000000 ),
 .UNSPECIFIED. ) ;
#499 = CARTESIAN_POINT ( 'NONE',  ( -12.95019774290648584, -2.759358130927394903, 8.000000000000000000 ) ) ;
#500 = CARTESIAN_POINT ( 'NONE',  ( 7.641162385654827638, 35.52788860588911035, -14.95212190579077394 ) ) ;
#501 = CARTESIAN_POINT ( 'NONE',  ( 7.861418712103971806, 36.48748693380053965, -13.19935086857361561 ) ) ;
#502 = CARTESIAN_POINT ( 'NONE',  ( 6.158172100935702886, 36.97072947910788798, -15.56328757768009474 ) ) ;
#503 = VERTEX_POINT ( 'NONE', #4670 ) ;
#504 = CARTESIAN_POINT ( 'NONE',  ( 11.52995163726280303, -2.932881190150406603, 8.000000000000000000 ) ) ;
#505 = CARTESIAN_POINT ( 'NONE',  ( -9.497099640846695223, 8.105411651555796126, 0.000000000000000000 ) ) ;
#506 = CIRCLE ( 'NONE', #1509, 10.93750000000000000 ) ;
#507 = CARTESIAN_POINT ( 'NONE',  ( -9.442776183394450129, 5.916238915412022514, 8.000000000000000000 ) ) ;
#508 = ORIENTED_EDGE ( 'NONE', *, *, #8370, .T. ) ;
#509 = CARTESIAN_POINT ( 'NONE',  ( -9.928529331195827368, -9.094348737717288245, 0.000000000000000000 ) ) ;
#510 = CARTESIAN_POINT ( 'NONE',  ( 6.455308898419869656, -10.35164078446976710, 0.000000000000000000 ) ) ;
#511 = EDGE_CURVE ( 'NONE', #7221, #2131, #5391, .T. ) ;
#512 = CARTESIAN_POINT ( 'NONE',  ( 13.57387004037417455, -1.668469543058079596, 8.000000000000000000 ) ) ;
#513 = CARTESIAN_POINT ( 'NONE',  ( 0.7736152328233112385, -11.87194576742586705, 8.000000000000000000 ) ) ;
#514 = VERTEX_POINT ( 'NONE', #6081 ) ;
#515 = CIRCLE ( 'NONE', #1654, 2.000000000000000888 ) ;
#516 = CARTESIAN_POINT ( 'NONE',  ( 10.32496896312091827, 3.608867157514917157, 8.000000000000000000 ) ) ;
#517 = CARTESIAN_POINT ( 'NONE',  ( -12.39393210983938509, -5.781365353078142810, 0.000000000000000000 ) ) ;
#518 = B_SPLINE_CURVE_WITH_KNOTS ( 'NONE', 3,
 ( #6486, #5689, #2345, #7831, #4451, #7753, #8355, #5022, #1685, #3718, #4413, #3842, #2518, #5150, #4540, #7222, #6398, #7793, #7099, #7139, #348, #3053, #2475, #8401, #2393, #3757, #1814, #5108, #6439 ),
 .UNSPECIFIED., .F., .F.,
 ( 4, 1, 1, 1, 1, 1, 1, 1, 1, 1, 1, 1, 1, 1, 1, 1, 1, 1, 1, 1, 1, 1, 1, 1, 1, 1, 4 ),
 ( 0.000000000000000000, 0.1659160033276295687, 0.1709059215442318980, 0.1766635194393566533, 0.1831887970181514946, 0.1904817542841363842, 0.1985423912398269763, 0.2073707078870824505, 0.2169667042273148994, 0.2273303802616239988, 0.2384617359908808298, 0.2503607714157882747, 0.2630274865369212067, 0.2764618813547564669, 0.2906639558696927361, 0.3056337100820685215, 0.3213711439921715929, 0.3378762576002503071, 0.3551490509065193812, 0.3731895239111665541, 0.3919976766143570268, 0.4115735090162354615, 0.4319170211169303109, 0.4530282129165571492, 0.4749070844152180060, 0.4975536356130058624, 0.5074316978669456413 ),
 .UNSPECIFIED. ) ;
#519 = CARTESIAN_POINT ( 'NONE',  ( -4.425208852857792863, 11.08591166683802065, 0.000000000000000000 ) ) ;
#520 = VECTOR ( 'NONE', #3042, 1000.000000000000000 ) ;
#521 = ADVANCED_FACE ( 'NONE', ( #2116 ), #8168, .T. ) ;
#522 = ORIENTED_EDGE ( 'NONE', *, *, #2692, .F. ) ;
#523 = CARTESIAN_POINT ( 'NONE',  ( 6.575057906251578821, 10.91417308631852379, 0.000000000000000000 ) ) ;
#524 = FACE_OUTER_BOUND ( 'NONE', #189, .T. ) ;
#525 = CARTESIAN_POINT ( 'NONE',  ( 13.57387004037417455, -1.668469543058079596, 0.000000000000000000 ) ) ;
#526 = CARTESIAN_POINT ( 'NONE',  ( -13.64173013562592551, -1.722120468130946769, 8.000000000000000000 ) ) ;
#527 = VECTOR ( 'NONE', #6716, 1000.000000000000000 ) ;
#528 = DIRECTION ( 'NONE',  ( 0.000000000000000000, 0.000000000000000000, 1.000000000000000000 ) ) ;
#529 = VECTOR ( 'NONE', #2268, 1000.000000000000000 ) ;
#530 = CARTESIAN_POINT ( 'NONE',  ( 7.735663325245532462, 36.58636047642218614, -12.83890562804789326 ) ) ;
#531 = CARTESIAN_POINT ( 'NONE',  ( -11.73452356626242121, 4.965029436117465167, 0.000000000000000000 ) ) ;
#532 = CARTESIAN_POINT ( 'NONE',  ( -2.934419862191916639, 57.00444484045064542, -12.68844070737145202 ) ) ;
#533 = CARTESIAN_POINT ( 'NONE',  ( 7.850195268865253873, -9.338196514606138976, 8.000000000000000000 ) ) ;
#534 = CIRCLE ( 'NONE', #3382, 5.000000000000001776 ) ;
#535 = ORIENTED_EDGE ( 'NONE', *, *, #2600, .T. ) ;
#536 = CIRCLE ( 'NONE', #4912, 13.75000000000000000 ) ;
#537 = CARTESIAN_POINT ( 'NONE',  ( -6.231836464888891314, 8.988499347771085723, 0.000000000000000000 ) ) ;
#538 = CARTESIAN_POINT ( 'NONE',  ( 1.051893166807160940, -12.60876818853258996, 0.000000000000000000 ) ) ;
#539 = ORIENTED_EDGE ( 'NONE', *, *, #2828, .T. ) ;
#540 = CARTESIAN_POINT ( 'NONE',  ( -7.968244849358884885, 9.415217936709918689, 8.000000000000000000 ) ) ;
#541 = B_SPLINE_CURVE_WITH_KNOTS ( 'NONE', 3,
 ( #3709, #955, #2251, #2867, #3582, #2293, #5552, #4971, #6346, #5593, #298, #4886, #870, #4929, #7613, #1584, #913, #5098, #5809, #3793, #7784, #7955, #4619, #5771, #504, #3174, #3834, #1802, #2597 ),
 .UNSPECIFIED., .F., .F.,
 ( 4, 1, 1, 1, 1, 1, 1, 1, 1, 1, 1, 1, 1, 1, 1, 1, 1, 1, 1, 1, 1, 1, 1, 1, 1, 1, 4 ),
 ( 0.4925683021330547473, 0.5024463643869940821, 0.5250929155847819940, 0.5469717870834428508, 0.5680829788830696891, 0.5884264909837645385, 0.6080023233856429732, 0.6268104760888334459, 0.6448509490934806188, 0.6621237423997496929, 0.6786288560078284071, 0.6943662899179314785, 0.7093360441303072639, 0.7235381186452435331, 0.7369725134630787933, 0.7496392285842117253, 0.7615382640091191702, 0.7726696197383760012, 0.7830332957726851006, 0.7926292921129175495, 0.8014576087601730237, 0.8095182457158636158, 0.8168112029818485054, 0.8233364805606433467, 0.8290940784557681020, 0.8340839966723704313, 1.000000000000000000 ),
 .UNSPECIFIED. ) ;
#542 = CARTESIAN_POINT ( 'NONE',  ( -9.669723885496946281, -8.439220299577099738, 0.000000000000000000 ) ) ;
#543 = CARTESIAN_POINT ( 'NONE',  ( 11.13701600410299619, 2.886444749237187857, 8.000000000000000000 ) ) ;
#544 = CARTESIAN_POINT ( 'NONE',  ( 12.37227591337641286, 0.9420826277742860855, 0.000000000000000000 ) ) ;
#545 = CARTESIAN_POINT ( 'NONE',  ( 3.963518256972125897, 25.02466939839985827, -5.000000000000000000 ) ) ;
#546 = AXIS2_PLACEMENT_3D ( 'NONE', #4604, #3860, #1972 ) ;
#547 = CARTESIAN_POINT ( 'NONE',  ( 12.05785317090581010, 2.927269694296203095, 8.000000000000000000 ) ) ;
#548 = CARTESIAN_POINT ( 'NONE',  ( 6.622827502596161153, 8.704427730807806185, -5.204170427930421283E-15 ) ) ;
#549 = ORIENTED_EDGE ( 'NONE', *, *, #7583, .F. ) ;
#550 = CARTESIAN_POINT ( 'NONE',  ( -0.8857088747961671116, -12.23289380645680424, 0.000000000000000000 ) ) ;
#551 = CARTESIAN_POINT ( 'NONE',  ( 7.577720000373771470, -9.126433365741073445, 0.000000000000000000 ) ) ;
#552 = CARTESIAN_POINT ( 'NONE',  ( 8.421596060977032394, 35.72295487560673877, -14.32155339091660728 ) ) ;
#553 = CARTESIAN_POINT ( 'NONE',  ( 11.08591166683797447, 4.425208852857910102, 8.000000000000000000 ) ) ;
#554 = CARTESIAN_POINT ( 'NONE',  ( -9.801135538539506697, 8.743249532614848718, 0.000000000000000000 ) ) ;
#555 = EDGE_LOOP ( 'NONE', ( #1334, #4810, #7969, #654 ) ) ;
#556 = CARTESIAN_POINT ( 'NONE',  ( -11.80431640392016668, 5.038066446831146905, 8.000000000000000000 ) ) ;
#557 = LINE ( 'NONE', #4490, #787 ) ;
#558 = CARTESIAN_POINT ( 'NONE',  ( 6.628700411334595088, 11.96219333343626090, 8.000000000000000000 ) ) ;
#559 = CARTESIAN_POINT ( 'NONE',  ( 9.844302869038513037, 8.855020039375149921, 0.000000000000000000 ) ) ;
#560 = ORIENTED_EDGE ( 'NONE', *, *, #2078, .F. ) ;
#561 = CARTESIAN_POINT ( 'NONE',  ( 2.397866807576995996, 36.42628393223478156, -9.356738512637710059 ) ) ;
#562 = CARTESIAN_POINT ( 'NONE',  ( -8.855020039374974061, -9.844302869038667581, 0.000000000000000000 ) ) ;
#563 = CARTESIAN_POINT ( 'NONE',  ( 13.16905850672526590, -1.377525651863595435, -5.204170427930421283E-15 ) ) ;
#564 = ORIENTED_EDGE ( 'NONE', *, *, #1652, .T. ) ;
#565 = CARTESIAN_POINT ( 'NONE',  ( -6.455308898419793273, 10.35164078446981861, 8.000000000000000000 ) ) ;
#566 = ORIENTED_EDGE ( 'NONE', *, *, #8537, .T. ) ;
#567 = DIRECTION ( 'NONE',  ( 0.000000000000000000, 0.000000000000000000, -1.000000000000000000 ) ) ;
#568 = CARTESIAN_POINT ( 'NONE',  ( -11.66659828334864457, -4.896733499129138245, 0.000000000000000000 ) ) ;
#569 = CARTESIAN_POINT ( 'NONE',  ( -7.634358818669794822, -9.175863790627293071, 8.000000000000000000 ) ) ;
#570 = EDGE_CURVE ( 'NONE', #6440, #3643, #4724, .T. ) ;
#571 = VERTEX_POINT ( 'NONE', #6654 ) ;
#572 = CARTESIAN_POINT ( 'NONE',  ( 9.699971161947072318, -6.186699299581352562, 0.000000000000000000 ) ) ;
#573 = CARTESIAN_POINT ( 'NONE',  ( -12.51119373526728218, 2.862521721341717118, 0.000000000000000000 ) ) ;
#574 = CARTESIAN_POINT ( 'NONE',  ( 11.95399604505281488, -0.7941151212462261855, 0.000000000000000000 ) ) ;
#575 = EDGE_CURVE ( 'NONE', #5616, #722, #4054, .T. ) ;
#576 = CARTESIAN_POINT ( 'NONE',  ( 0.000000000000000000, 0.000000000000000000, 8.000000000000000000 ) ) ;
#577 = CARTESIAN_POINT ( 'NONE',  ( 6.338109664291305734, -10.02706299306001902, 0.000000000000000000 ) ) ;
#578 = CARTESIAN_POINT ( 'NONE',  ( 8.472143507780467431, 36.95777829452322294, -14.69169234935279533 ) ) ;
#579 = CARTESIAN_POINT ( 'NONE',  ( -11.36047427339665461, 4.622531273494502990, 0.000000000000000000 ) ) ;
#580 = CARTESIAN_POINT ( 'NONE',  ( -7.604022508570310812, -9.149886257342947360, 0.000000000000000000 ) ) ;
#581 =( NAMED_UNIT ( * ) PLANE_ANGLE_UNIT ( ) SI_UNIT ( $, .RADIAN. ) );
#582 = EDGE_CURVE ( 'NONE', #275, #1354, #1820, .T. ) ;
#583 = ORIENTED_EDGE ( 'NONE', *, *, #1563, .T. ) ;
#584 = CARTESIAN_POINT ( 'NONE',  ( 0.2416457505997634259, -10.93483029503508597, 0.000000000000000000 ) ) ;
#585 = CARTESIAN_POINT ( 'NONE',  ( -5.853360337715859174, 12.44189184805954440, 8.000000000000000000 ) ) ;
#586 = CARTESIAN_POINT ( 'NONE',  ( 10.13775510802960866, 6.383929952666293595, 0.000000000000000000 ) ) ;
#587 = CARTESIAN_POINT ( 'NONE',  ( -9.582420452220571150, -8.262247439007857963, 0.000000000000000000 ) ) ;
#588 = CARTESIAN_POINT ( 'NONE',  ( 8.855020039374899454, 9.844302869038735082, 0.000000000000000000 ) ) ;
#589 = CARTESIAN_POINT ( 'NONE',  ( 4.896733499129178213, -11.66659828334862681, 0.000000000000000000 ) ) ;
#590 = EDGE_LOOP ( 'NONE', ( #3327, #8285, #3224, #6618, #5435, #4469 ) ) ;
#591 = CARTESIAN_POINT ( 'NONE',  ( -11.83979557596822474, -2.940530670474283070, 8.000000000000000000 ) ) ;
#592 = CARTESIAN_POINT ( 'NONE',  ( -11.34404188716884931, -6.619621129381234148, 8.000000000000000000 ) ) ;
#593 = DIRECTION ( 'NONE',  ( 1.000000000000000000, 0.000000000000000000, 0.000000000000000000 ) ) ;
#594 = EDGE_LOOP ( 'NONE', ( #7427, #882, #8277, #464, #6414 ) ) ;
#595 = CARTESIAN_POINT ( 'NONE',  ( -1.312474532673086891, -13.06843834723477649, 8.000000000000000000 ) ) ;
#596 = CARTESIAN_POINT ( 'NONE',  ( 1.565527684230042960, 34.88661075454945859, -8.371002309411325726 ) ) ;
#597 = CARTESIAN_POINT ( 'NONE',  ( 8.034986053490531077, 36.59833963467615092, -14.31927303456030387 ) ) ;
#598 = CARTESIAN_POINT ( 'NONE',  ( 5.797463896465417932, 37.91354089650932480, -12.78704511273938493 ) ) ;
#599 = CARTESIAN_POINT ( 'NONE',  ( -9.376012365377862423, 7.906868104074034953, 8.000000000000000000 ) ) ;
#600 = VERTEX_POINT ( 'NONE', #6952 ) ;
#601 = DIRECTION ( 'NONE',  ( 0.4067366430758019846, -0.9135454576426003115, 1.263331465868626273E-15 ) ) ;
#602 = CARTESIAN_POINT ( 'NONE',  ( 2.404360374132630263, 34.35789361850344648, 16.85819456520871285 ) ) ;
#603 = CARTESIAN_POINT ( 'NONE',  ( 6.630420918279951614, 11.58812316373732543, 8.000000000000000000 ) ) ;
#604 = CARTESIAN_POINT ( 'NONE',  ( -10.05932550694761929, 6.352286767647560062, 8.000000000000000000 ) ) ;
#605 = CARTESIAN_POINT ( 'NONE',  ( -9.669723885496946281, -8.439220299577099738, 0.000000000000000000 ) ) ;
#606 = CARTESIAN_POINT ( 'NONE',  ( 6.338109664291305734, -10.02706299306001902, 8.000000000000000000 ) ) ;
#607 = CARTESIAN_POINT ( 'NONE',  ( 12.44755643926126965, -0.9751606640714124419, -5.204170427930421283E-15 ) ) ;
#608 = ORIENTED_EDGE ( 'NONE', *, *, #3671, .T. ) ;
#609 = CARTESIAN_POINT ( 'NONE',  ( -13.50622083004039986, 2.577692551524081832, 0.000000000000000000 ) ) ;
#610 = EDGE_CURVE ( 'NONE', #3815, #6131, #196, .T. ) ;
#611 = ORIENTED_EDGE ( 'NONE', *, *, #4146, .T. ) ;
#612 = CARTESIAN_POINT ( 'NONE',  ( 11.05183112916325605, 4.404384806714248590, 8.000000000000000000 ) ) ;
#613 = CARTESIAN_POINT ( 'NONE',  ( 2.584755384919331433, -13.48734665307394920, 0.000000000000000000 ) ) ;
#614 = CARTESIAN_POINT ( 'NONE',  ( -4.965029436117507800, 11.73452356626240523, 0.000000000000000000 ) ) ;
#615 = ORIENTED_EDGE ( 'NONE', *, *, #5917, .T. ) ;
#616 = CARTESIAN_POINT ( 'NONE',  ( 6.401038329813834693, 10.18403012388281681, 0.000000000000000000 ) ) ;
#617 = CARTESIAN_POINT ( 'NONE',  ( -12.31670401296926443, 2.895913797652461596, 8.000000000000000000 ) ) ;
#618 = CARTESIAN_POINT ( 'NONE',  ( 11.87194576742587415, -0.7736152328231870046, 0.000000000000000000 ) ) ;
#619 = CARTESIAN_POINT ( 'NONE',  ( -4.144356524487699645, 56.46574633099009333, -14.18705913416912168 ) ) ;
#620 = CARTESIAN_POINT ( 'NONE',  ( 9.442776183394540723, 5.916238915412332489, 8.000000000000000000 ) ) ;
#621 = EDGE_CURVE ( 'NONE', #7418, #5666, #5631, .T. ) ;
#622 = CARTESIAN_POINT ( 'NONE',  ( -6.575057906251736028, 10.91417308631843142, 0.000000000000000000 ) ) ;
#623 = DIRECTION ( 'NONE',  ( -0.1564344650402314241, -0.9876883405951376593, 0.000000000000000000 ) ) ;
#624 = CARTESIAN_POINT ( 'NONE',  ( -9.392211555323777716, -10.01877448793499248, 8.000000000000000000 ) ) ;
#625 = DIRECTION ( 'NONE',  ( 0.7164438088153721740, -0.1134735516832018343, 0.6883545756937496929 ) ) ;
#626 = ORIENTED_EDGE ( 'NONE', *, *, #743, .T. ) ;
#627 = CARTESIAN_POINT ( 'NONE',  ( 0.7639867559471070768, -11.11684438996312174, 0.000000000000000000 ) ) ;
#628 = CARTESIAN_POINT ( 'NONE',  ( -4.833073392807659907, 11.60070094346936287, 0.000000000000000000 ) ) ;
#629 = CARTESIAN_POINT ( 'NONE',  ( 11.49488719732981679, 2.929367628693892112, 0.000000000000000000 ) ) ;
#630 = CARTESIAN_POINT ( 'NONE',  ( -8.262247439007827765, 9.582420452220601348, 8.000000000000000000 ) ) ;
#631 = EDGE_CURVE ( 'NONE', #3623, #1557, #1267, .T. ) ;
#632 = CARTESIAN_POINT ( 'NONE',  ( -2.708699257713828690, 10.80883218877890783, 8.000000000000000000 ) ) ;
#633 = CARTESIAN_POINT ( 'NONE',  ( 11.66361783702272881, 2.940710835118589106, 8.000000000000000000 ) ) ;
#634 = CARTESIAN_POINT ( 'NONE',  ( 9.589137980508679604, 48.35002041356305114, 7.670174406971836945 ) ) ;
#635 = CARTESIAN_POINT ( 'NONE',  ( -11.83979557596822474, -2.940530670474283070, 0.000000000000000000 ) ) ;
#636 = CARTESIAN_POINT ( 'NONE',  ( -10.29093438073243583, -6.436913140481757445, 8.000000000000000000 ) ) ;
#637 = CARTESIAN_POINT ( 'NONE',  ( -2.942100822599191368, 42.42433680949699237, -16.78316151863608141 ) ) ;
#638 = ORIENTED_EDGE ( 'NONE', *, *, #2910, .T. ) ;
#639 = CARTESIAN_POINT ( 'NONE',  ( 8.376048574970774041, 35.76891914880714296, -13.30610390784110031 ) ) ;
#640 = EDGE_CURVE ( 'NONE', #4705, #8057, #5715, .T. ) ;
#641 = CARTESIAN_POINT ( 'NONE',  ( 3.149229626029005136, -10.47431425022856821, 8.000000000000000000 ) ) ;
#642 = CARTESIAN_POINT ( 'NONE',  ( 8.166230395867009051, 36.13577773473129184, -13.29491305742698870 ) ) ;
#643 = CARTESIAN_POINT ( 'NONE',  ( 10.02706299306013626, -6.338109664291120993, 0.000000000000000000 ) ) ;
#644 = LINE ( 'NONE', #3357, #6587 ) ;
#645 = ORIENTED_EDGE ( 'NONE', *, *, #6625, .F. ) ;
#646 = CARTESIAN_POINT ( 'NONE',  ( 9.204216794247651379, -7.668835209822921328, 0.000000000000000000 ) ) ;
#647 = DIRECTION ( 'NONE',  ( -0.000000000000000000, 0.000000000000000000, -1.000000000000000000 ) ) ;
#648 = CARTESIAN_POINT ( 'NONE',  ( 6.619621129381029867, 11.34404188716896833, -5.204170427930421283E-15 ) ) ;
#649 = AXIS2_PLACEMENT_3D ( 'NONE', #4422, #1019, #1104 ) ;
#650 = CARTESIAN_POINT ( 'NONE',  ( 8.376048574970774041, 35.76891914880714296, -13.30610390784110031 ) ) ;
#651 = DIRECTION ( 'NONE',  ( -0.9135454576426008666, -0.4067366430758004303, 0.000000000000000000 ) ) ;
#652 = CARTESIAN_POINT ( 'NONE',  ( 6.926583278757530771, 24.55536600327916830, 0.000000000000000000 ) ) ;
#653 = DIRECTION ( 'NONE',  ( -0.6952987775432849515, 0.000000000000000000, 0.7187208150226439551 ) ) ;
#654 = ORIENTED_EDGE ( 'NONE', *, *, #5216, .T. ) ;
#655 = CARTESIAN_POINT ( 'NONE',  ( -6.544354946388734717, 10.72875944066943887, 8.000000000000000000 ) ) ;
#656 = EDGE_LOOP ( 'NONE', ( #1569, #1948 ) ) ;
#657 = CARTESIAN_POINT ( 'NONE',  ( 11.02139818175197483, 4.386616976971076554, 8.000000000000000000 ) ) ;
#658 = CARTESIAN_POINT ( 'NONE',  ( 11.83979557596826382, -2.940530670474117869, 0.000000000000000000 ) ) ;
#659 = VECTOR ( 'NONE', #7989, 1000.000000000000000 ) ;
#660 = CARTESIAN_POINT ( 'NONE',  ( 7.113309318048015584, 55.65838407470384652, -0.2983588238617149169 ) ) ;
#661 = ORIENTED_EDGE ( 'NONE', *, *, #6758, .F. ) ;
#662 = AXIS2_PLACEMENT_3D ( 'NONE', #3116, #1061, #5121 ) ;
#663 = CARTESIAN_POINT ( 'NONE',  ( 6.631537913675364493, 11.85123473191547738, 0.000000000000000000 ) ) ;
#664 = CARTESIAN_POINT ( 'NONE',  ( -11.61432090236922221, 2.938739567862336255, 8.000000000000000000 ) ) ;
#665 = CARTESIAN_POINT ( 'NONE',  ( -11.95399604505280955, 0.7941151212463095632, 0.000000000000000000 ) ) ;
#666 = CARTESIAN_POINT ( 'NONE',  ( -8.988499347771103487, 6.231836464888859339, 8.000000000000000000 ) ) ;
#667 = CARTESIAN_POINT ( 'NONE',  ( 12.25290083038842859, -5.581155335976815124, 0.000000000000000000 ) ) ;
#668 = CARTESIAN_POINT ( 'NONE',  ( 8.227002104242640002, 36.10341139694826040, -14.18665935876056139 ) ) ;
#669 = CARTESIAN_POINT ( 'NONE',  ( -8.704427730807687169, -6.622827502596316585, 0.000000000000000000 ) ) ;
#670 = CIRCLE ( 'NONE', #1804, 10.93750000000000178 ) ;
#671 = CARTESIAN_POINT ( 'NONE',  ( -8.439220299577000262, -9.669723885497038651, 8.000000000000000000 ) ) ;
#672 = EDGE_LOOP ( 'NONE', ( #7318, #1595, #3529, #5149, #1993, #6071, #7954 ) ) ;
#673 = CARTESIAN_POINT ( 'NONE',  ( -6.231836464888891314, 8.988499347771085723, 8.000000000000000000 ) ) ;
#674 = CARTESIAN_POINT ( 'NONE',  ( -4.542018187747222768, 11.25643158326923299, 0.000000000000000000 ) ) ;
#675 = AXIS2_PLACEMENT_3D ( 'NONE', #3575, #7605, #3491 ) ;
#676 = VECTOR ( 'NONE', #2140, 1000.000000000000114 ) ;
#677 = CARTESIAN_POINT ( 'NONE',  ( 11.16457150618553307, -4.476617511823930862, 8.000000000000000000 ) ) ;
#678 = CARTESIAN_POINT ( 'NONE',  ( -2.919073574173096652, 12.13967088095518498, 8.000000000000000000 ) ) ;
#679 = CARTESIAN_POINT ( 'NONE',  ( 12.44189184801355452, 5.853360337646558165, 8.000000000000000000 ) ) ;
#680 = CARTESIAN_POINT ( 'NONE',  ( -3.517344613461844016, 51.61814525374970941, -10.28162819106447046 ) ) ;
#681 = CYLINDRICAL_SURFACE ( 'NONE', #6610, 4.999999999999999112 ) ;
#682 = CARTESIAN_POINT ( 'NONE',  ( -10.72875944066941578, -6.544354946388769356, 8.000000000000000000 ) ) ;
#683 = DIRECTION ( 'NONE',  ( -0.000000000000000000, -0.000000000000000000, 1.000000000000000000 ) ) ;
#684 = AXIS2_PLACEMENT_3D ( 'NONE', #1752, #872, #5764 ) ;
#685 = EDGE_CURVE ( 'NONE', #6799, #3417, #5850, .T. ) ;
#686 = CARTESIAN_POINT ( 'NONE',  ( -0.7736152328233113495, -11.87194576742586527, 0.000000000000000000 ) ) ;
#687 = CARTESIAN_POINT ( 'NONE',  ( -11.05183112916328803, -4.404384806714172207, 8.000000000000000000 ) ) ;
#688 = CARTESIAN_POINT ( 'NONE',  ( 11.58812316373730411, -6.630420918279993359, 8.000000000000000000 ) ) ;
#689 = CARTESIAN_POINT ( 'NONE',  ( -9.415217936709943558, 7.968244849358848469, 8.000000000000000000 ) ) ;
#690 = ORIENTED_EDGE ( 'NONE', *, *, #1499, .T. ) ;
#691 = AXIS2_PLACEMENT_3D ( 'NONE', #3100, #5816, #5776 ) ;
#692 = EDGE_CURVE ( 'NONE', #911, #5027, #5811, .T. ) ;
#693 = CARTESIAN_POINT ( 'NONE',  ( 9.376012365377921043, -7.906868104073965675, 8.000000000000000000 ) ) ;
#694 = CARTESIAN_POINT ( 'NONE',  ( 13.62596226217980799, 1.709570872969647937, 0.000000000000000000 ) ) ;
#695 = CARTESIAN_POINT ( 'NONE',  ( 6.632284204934263627, 11.71732392095632846, 8.000000000000000000 ) ) ;
#696 = EDGE_CURVE ( 'NONE', #1506, #3965, #6866, .T. ) ;
#697 = CARTESIAN_POINT ( 'NONE',  ( -2.860284478760389160, 31.92015517881671727, -13.61616680320316952 ) ) ;
#698 = CARTESIAN_POINT ( 'NONE',  ( 7.979867383641620293, 36.37091240162669692, 21.23946418973102368 ) ) ;
#699 = CARTESIAN_POINT ( 'NONE',  ( -8.636712746112417349, -9.757522586729606928, 0.000000000000000000 ) ) ;
#700 = DIRECTION ( 'NONE',  ( -1.000000000000000000, 0.000000000000000000, 0.000000000000000000 ) ) ;
#701 = CARTESIAN_POINT ( 'NONE',  ( -10.80883218877869822, 2.708699257713678143, 0.000000000000000000 ) ) ;
#702 = EDGE_LOOP ( 'NONE', ( #6324, #8580, #7948, #7851 ) ) ;
#703 = CYLINDRICAL_SURFACE ( 'NONE', #5555, 0.9999999999999995559 ) ;
#704 = CARTESIAN_POINT ( 'NONE',  ( -8.743249532614813191, -9.801135538539540448, 8.000000000000000000 ) ) ;
#705 = ORIENTED_EDGE ( 'NONE', *, *, #5264, .F. ) ;
#706 = LINE ( 'NONE', #746, #8114 ) ;
#707 = CARTESIAN_POINT ( 'NONE',  ( -13.50622083011836949, 2.577692551494906059, 8.000000000000000000 ) ) ;
#708 = CARTESIAN_POINT ( 'NONE',  ( -8.544655887209446021, -7.152395453489273969, 8.000000000000000000 ) ) ;
#709 = FACE_OUTER_BOUND ( 'NONE', #2758, .T. ) ;
#710 = DIRECTION ( 'NONE',  ( -0.000000000000000000, 0.000000000000000000, -1.000000000000000000 ) ) ;
#711 = CARTESIAN_POINT ( 'NONE',  ( -6.544354946388734717, 10.72875944066943887, 0.000000000000000000 ) ) ;
#712 = CARTESIAN_POINT ( 'NONE',  ( 0.000000000000000000, 0.000000000000000000, 8.000000000000000000 ) ) ;
#713 = CARTESIAN_POINT ( 'NONE',  ( -7.604022508570310812, -9.149886257342947360, 8.000000000000000000 ) ) ;
#714 = ORIENTED_EDGE ( 'NONE', *, *, #5216, .F. ) ;
#715 = CARTESIAN_POINT ( 'NONE',  ( -6.626136714284671214, 11.46368139467876901, 0.000000000000000000 ) ) ;
#716 = CARTESIAN_POINT ( 'NONE',  ( -4.425208852857792863, 11.08591166683802065, 8.000000000000000000 ) ) ;
#717 = DIRECTION ( 'NONE',  ( 0.6952987775432848405, 0.000000000000000000, -0.7187208150226439551 ) ) ;
#718 = CARTESIAN_POINT ( 'NONE',  ( -2.940710835118465649, 11.66361783702276078, 0.000000000000000000 ) ) ;
#719 = CARTESIAN_POINT ( 'NONE',  ( 6.899342619039939173, 36.20280432487738409, 23.27299475678537988 ) ) ;
#720 = EDGE_CURVE ( 'NONE', #5957, #7882, #5781, .T. ) ;
#721 = CARTESIAN_POINT ( 'NONE',  ( 11.91079326901028246, 0.7828886122850723384, 8.000000000000000000 ) ) ;
#722 = VERTEX_POINT ( 'NONE', #7855 ) ;
#723 = CARTESIAN_POINT ( 'NONE',  ( -7.152395453489245547, 8.544655887209474443, 0.000000000000000000 ) ) ;
#724 = CARTESIAN_POINT ( 'NONE',  ( -10.35164078446979374, -6.455308898419827024, 0.000000000000000000 ) ) ;
#725 = CARTESIAN_POINT ( 'NONE',  ( 8.262247439007687433, 9.582420452220718587, 8.000000000000000000 ) ) ;
#726 = ORIENTED_EDGE ( 'NONE', *, *, #4297, .T. ) ;
#727 = CARTESIAN_POINT ( 'NONE',  ( -6.625183064395817389, -12.04862852623661951, 8.000000000000000000 ) ) ;
#728 = CARTESIAN_POINT ( 'NONE',  ( -1.722120468130897253, 13.64173013562592907, 0.000000000000000000 ) ) ;
#729 = CARTESIAN_POINT ( 'NONE',  ( 10.29093438073252642, -6.436913140481609119, 8.000000000000000000 ) ) ;
#730 = CARTESIAN_POINT ( 'NONE',  ( 5.115945187291488061, 11.87581303661968235, 0.000000000000000000 ) ) ;
#731 = ORIENTED_EDGE ( 'NONE', *, *, #3770, .T. ) ;
#732 = CARTESIAN_POINT ( 'NONE',  ( 9.455639197970839405, -8.034402175150658465, 8.000000000000000000 ) ) ;
#733 = LINE ( 'NONE', #4755, #5864 ) ;
#734 = CARTESIAN_POINT ( 'NONE',  ( 6.338109664291084577, 10.02706299306015758, 8.000000000000000000 ) ) ;
#735 = EDGE_CURVE ( 'NONE', #7275, #779, #8465, .T. ) ;
#736 = CARTESIAN_POINT ( 'NONE',  ( -1.521639563755414981, -13.37787302532245448, 8.000000000000000000 ) ) ;
#737 = FACE_OUTER_BOUND ( 'NONE', #6960, .T. ) ;
#738 = CARTESIAN_POINT ( 'NONE',  ( 4.896733499129178213, -11.66659828334862681, 8.000000000000000000 ) ) ;
#739 = CYLINDRICAL_SURFACE ( 'NONE', #3083, 13.75000000000000000 ) ;
#740 = CARTESIAN_POINT ( 'NONE',  ( 5.341376594307788217, 38.41670166580615131, 20.68844070737145557 ) ) ;
#741 = ORIENTED_EDGE ( 'NONE', *, *, #1279, .F. ) ;
#742 = CARTESIAN_POINT ( 'NONE',  ( 11.66361783702278920, -2.940710835118343969, 0.000000000000000000 ) ) ;
#743 = EDGE_CURVE ( 'NONE', #3460, #7087, #5140, .T. ) ;
#744 = CARTESIAN_POINT ( 'NONE',  ( -12.44189184801363979, 5.853360337646381417, 8.000000000000000000 ) ) ;
#745 = ORIENTED_EDGE ( 'NONE', *, *, #4674, .F. ) ;
#746 = CARTESIAN_POINT ( 'NONE',  ( -3.006586827551469110, 56.97231403734090094, -15.75194548007930173 ) ) ;
#747 = DIRECTION ( 'NONE',  ( -0.000000000000000000, -0.000000000000000000, 1.000000000000000000 ) ) ;
#748 = CARTESIAN_POINT ( 'NONE',  ( -9.301941798724749688, -7.798144649837225550, 8.000000000000000000 ) ) ;
#749 = ORIENTED_EDGE ( 'NONE', *, *, #416, .T. ) ;
#750 = LINE ( 'NONE', #666, #6870 ) ;
#751 = CARTESIAN_POINT ( 'NONE',  ( 11.53698844606709883, -4.773939382172875945, 0.000000000000000000 ) ) ;
#752 = CARTESIAN_POINT ( 'NONE',  ( 8.881356617214196447, -7.313425558786442515, 8.000000000000000000 ) ) ;
#753 = CARTESIAN_POINT ( 'NONE',  ( 6.588591420233555596, -11.01428446989495669, 8.000000000000000000 ) ) ;
#754 = CARTESIAN_POINT ( 'NONE',  ( -7.634358818669794822, -9.175863790627293071, 0.000000000000000000 ) ) ;
#755 = DATE_AND_TIME ( #3389, #5758 ) ;
#756 = EDGE_LOOP ( 'NONE', ( #7913, #1773, #4417, #7056 ) ) ;
#757 = CARTESIAN_POINT ( 'NONE',  ( -6.630420918280122144, 11.58812316373723483, 0.000000000000000000 ) ) ;
#758 = CARTESIAN_POINT ( 'NONE',  ( -4.507497455256107344, 11.20891349420032235, 8.000000000000000000 ) ) ;
#759 = CARTESIAN_POINT ( 'NONE',  ( -2.937812879663857402, 11.90787246215809780, 0.000000000000000000 ) ) ;
#760 = CARTESIAN_POINT ( 'NONE',  ( 5.269209628948234858, 38.38457086269640683, 23.75194548007930351 ) ) ;
#761 = CYLINDRICAL_SURFACE ( 'NONE', #4044, 0.9999999999999995559 ) ;
#762 = EDGE_LOOP ( 'NONE', ( #1897, #8259 ) ) ;
#763 = CARTESIAN_POINT ( 'NONE',  ( -13.32045193209908973, -2.644734409371050976, 8.000000000000000000 ) ) ;
#764 = CARTESIAN_POINT ( 'NONE',  ( -11.34404188716884931, -6.619621129381234148, 0.000000000000000000 ) ) ;
#765 = CARTESIAN_POINT ( 'NONE',  ( 7.968244849358745441, 9.415217936710030600, 8.000000000000000000 ) ) ;
#766 = CARTESIAN_POINT ( 'NONE',  ( -2.941794575437194581, -11.77637575328572161, 0.000000000000000000 ) ) ;
#767 = CARTESIAN_POINT ( 'NONE',  ( -11.30699639290205560, -4.580317944817435816, 8.000000000000000000 ) ) ;
#768 = CARTESIAN_POINT ( 'NONE',  ( 8.988499347771153225, -6.231836464888791838, 8.000000000000000000 ) ) ;
#769 = CARTESIAN_POINT ( 'NONE',  ( 5.379567626064644337, 12.09884006967992498, 0.000000000000000000 ) ) ;
#770 = ORIENTED_EDGE ( 'NONE', *, *, #4462, .T. ) ;
#771 = CARTESIAN_POINT ( 'NONE',  ( 9.149886257342975782, -7.604022508570274397, 8.000000000000000000 ) ) ;
#772 = CARTESIAN_POINT ( 'NONE',  ( 12.69447357664506271, 1.095856395948533901, 0.000000000000000000 ) ) ;
#773 = DIRECTION ( 'NONE',  ( 0.000000000000000000, 0.000000000000000000, -1.000000000000000000 ) ) ;
#774 = CARTESIAN_POINT ( 'NONE',  ( 7.113309318048015584, 55.65838407470384652, 8.298358823861715194 ) ) ;
#775 = DIRECTION ( 'NONE',  ( 0.000000000000000000, 0.000000000000000000, 1.000000000000000000 ) ) ;
#776 = CARTESIAN_POINT ( 'NONE',  ( 4.833073392807741619, -11.60070094346932734, 8.000000000000000000 ) ) ;
#777 = CARTESIAN_POINT ( 'NONE',  ( -2.862521721341669156, -12.51119373526728928, 8.000000000000000000 ) ) ;
#778 = DIRECTION ( 'NONE',  ( -0.6049683311478916137, -0.2693492547302754336, -0.7493092133988346060 ) ) ;
#779 = VERTEX_POINT ( 'NONE', #5130 ) ;
#780 = CARTESIAN_POINT ( 'NONE',  ( -12.44755643926126254, 0.9751606640714993723, 8.000000000000000000 ) ) ;
#781 = CARTESIAN_POINT ( 'NONE',  ( -11.66659828334868187, 4.896733499129055645, 0.000000000000000000 ) ) ;
#782 = EDGE_CURVE ( 'NONE', #3415, #6063, #8498, .T. ) ;
#783 = ORIENTED_EDGE ( 'NONE', *, *, #1482, .T. ) ;
#784 = CARTESIAN_POINT ( 'NONE',  ( 10.47431425022862150, -3.149229626028823503, 8.000000000000000000 ) ) ;
#785 = CARTESIAN_POINT ( 'NONE',  ( 5.198761634262691445, 11.94884645308983018, 0.000000000000000000 ) ) ;
#786 = CARTESIAN_POINT ( 'NONE',  ( -10.01877448793489300, -9.392211555323882521, 8.000000000000000000 ) ) ;
#787 = VECTOR ( 'NONE', #7910, 1000.000000000000000 ) ;
#788 = CARTESIAN_POINT ( 'NONE',  ( -2.908682420983905281, 12.22597347346768615, 8.000000000000000000 ) ) ;
#789 = CARTESIAN_POINT ( 'NONE',  ( 11.25643158326927740, -4.542018187747106417, 0.000000000000000000 ) ) ;
#790 = DIRECTION ( 'NONE',  ( -1.000000000000000000, 0.000000000000000000, 0.000000000000000000 ) ) ;
#791 = CARTESIAN_POINT ( 'NONE',  ( 11.61432090236923997, -2.938739567862257207, 8.000000000000000000 ) ) ;
#792 = ADVANCED_FACE ( 'NONE', ( #8603 ), #6396, .T. ) ;
#793 = COORDINATED_UNIVERSAL_TIME_OFFSET ( 8, 0, .AHEAD. ) ;
#794 = VECTOR ( 'NONE', #6858, 1000.000000000000000 ) ;
#795 = ORIENTED_EDGE ( 'NONE', *, *, #896, .F. ) ;
#796 = CARTESIAN_POINT ( 'NONE',  ( -6.383929952666185237, 10.13775510802967972, 8.000000000000000000 ) ) ;
#797 = CARTESIAN_POINT ( 'NONE',  ( 10.05932550694752692, 6.352286767647703947, 0.000000000000000000 ) ) ;
#798 = CARTESIAN_POINT ( 'NONE',  ( -2.584755384899907416, -13.48734665312604619, 8.000000000000000000 ) ) ;
#799 = CARTESIAN_POINT ( 'NONE',  ( -2.880586703536610393, 12.41180006574747985, 8.000000000000000000 ) ) ;
#800 = CARTESIAN_POINT ( 'NONE',  ( 5.922130113642441351, 37.25641733734671845, 23.64242506749858563 ) ) ;
#801 = AXIS2_PLACEMENT_3D ( 'NONE', #1913, #5714, #7231 ) ;
#802 = CARTESIAN_POINT ( 'NONE',  ( 5.442181259654645942, 53.53793983577948268, 26.69378740028921015 ) ) ;
#803 = ORIENTED_EDGE ( 'NONE', *, *, #5651, .F. ) ;
#804 = CARTESIAN_POINT ( 'NONE',  ( -13.19332579941577777, -2.686824890852784975, 8.000000000000000000 ) ) ;
#805 = DIRECTION ( 'NONE',  ( -0.000000000000000000, 0.000000000000000000, -1.000000000000000000 ) ) ;
#806 = CARTESIAN_POINT ( 'NONE',  ( 8.348190801685069218, 9.625916629980844519, 8.000000000000000000 ) ) ;
#807 = AXIS2_PLACEMENT_3D ( 'NONE', #1848, #3790, #952 ) ;
#808 = ORIENTED_EDGE ( 'NONE', *, *, #3762, .F. ) ;
#809 = EDGE_CURVE ( 'NONE', #3460, #8053, #5476, .T. ) ;
#810 = AXIS2_PLACEMENT_3D ( 'NONE', #8185, #8271, #4936 ) ;
#811 = CARTESIAN_POINT ( 'NONE',  ( -6.631537913675454199, -11.85123473191542764, 8.000000000000000000 ) ) ;
#812 = DIRECTION ( 'NONE',  ( 0.000000000000000000, 0.000000000000000000, -1.000000000000000000 ) ) ;
#813 = CARTESIAN_POINT ( 'NONE',  ( 11.96219333343623781, -6.628700411334638609, 0.000000000000000000 ) ) ;
#814 = CARTESIAN_POINT ( 'NONE',  ( 10.93483029503508774, -0.2416457505996495170, 8.000000000000000000 ) ) ;
#815 = CARTESIAN_POINT ( 'NONE',  ( 6.510080463201210144, 10.56312374806402410, 8.000000000000000000 ) ) ;
#816 = CARTESIAN_POINT ( 'NONE',  ( 12.05320353502385267, 0.8231400688186875092, 8.000000000000000000 ) ) ;
#817 = CIRCLE ( 'NONE', #5749, 13.75000000000000000 ) ;
#818 = AXIS2_PLACEMENT_3D ( 'NONE', #3240, #6, #5341 ) ;
#819 = DIRECTION ( 'NONE',  ( -0.8090169943749422332, -0.5877852522924802425, 0.000000000000000000 ) ) ;
#820 = CARTESIAN_POINT ( 'NONE',  ( 6.383929952666036023, 10.13775510802976676, 8.000000000000000000 ) ) ;
#821 = CARTESIAN_POINT ( 'NONE',  ( -1.377525651863733547, -13.16905850672525169, 8.000000000000000000 ) ) ;
#822 = AXIS2_PLACEMENT_3D ( 'NONE', #4268, #127, #6299 ) ;
#823 = CARTESIAN_POINT ( 'NONE',  ( -1.722120468130896143, -13.64173013562592907, 8.000000000000000000 ) ) ;
#824 = DIRECTION ( 'NONE',  ( -0.6845280282702556063, -0.3047715140836105840, 0.6622202826217419291 ) ) ;
#825 = CARTESIAN_POINT ( 'NONE',  ( 4.882899925756976067, 11.65205713775576335, 8.000000000000000000 ) ) ;
#826 = CARTESIAN_POINT ( 'NONE',  ( 11.91079326901030022, -0.7828886122848225382, 8.000000000000000000 ) ) ;
#827 = ORIENTED_EDGE ( 'NONE', *, *, #5487, .T. ) ;
#828 = CARTESIAN_POINT ( 'NONE',  ( -12.60876818853259529, 1.051893166807116975, 8.000000000000000000 ) ) ;
#829 = ADVANCED_FACE ( 'NONE', ( #7294 ), #761, .F. ) ;
#830 = AXIS2_PLACEMENT_3D ( 'NONE', #6287, #8126, #8204 ) ;
#831 = CARTESIAN_POINT ( 'NONE',  ( -11.53698844606707041, 4.773939382172954993, 0.000000000000000000 ) ) ;
#832 = VERTEX_POINT ( 'NONE', #680 ) ;
#833 = LINE ( 'NONE', #2871, #3210 ) ;
#834 = CARTESIAN_POINT ( 'NONE',  ( -3.149229626028930973, 10.47431425022859308, 8.000000000000000000 ) ) ;
#835 = CARTESIAN_POINT ( 'NONE',  ( 9.582420452220510754, 8.262247439007929017, 8.000000000000000000 ) ) ;
#836 = CYLINDRICAL_SURFACE ( 'NONE', #8530, 10.93750000000000178 ) ;
#837 = EDGE_CURVE ( 'NONE', #8700, #5957, #2679, .T. ) ;
#838 = CARTESIAN_POINT ( 'NONE',  ( 11.56976343863538759, -2.936066220363934054, 8.000000000000000000 ) ) ;
#839 = APPROVAL_DATE_TIME ( #755, #7775 ) ;
#840 = ORIENTED_EDGE ( 'NONE', *, *, #5335, .T. ) ;
#841 = CARTESIAN_POINT ( 'NONE',  ( -6.611064424922830085, 11.22924223885650008, 0.000000000000000000 ) ) ;
#842 = CARTESIAN_POINT ( 'NONE',  ( 10.32496896312091827, 3.608867157514916713, 0.000000000000000000 ) ) ;
#843 = EDGE_CURVE ( 'NONE', #6241, #1646, #1973, .T. ) ;
#844 = CARTESIAN_POINT ( 'NONE',  ( -2.724978029605114482, -13.06987279011082848, 8.000000000000000000 ) ) ;
#845 = CARTESIAN_POINT ( 'NONE',  ( 4.792974611573596277, 36.54851398523549477, 19.57413332021612007 ) ) ;
#846 = CARTESIAN_POINT ( 'NONE',  ( 7.404862187619283276, 37.77518494020242201, 22.39645692275131594 ) ) ;
#847 = FACE_OUTER_BOUND ( 'NONE', #3648, .T. ) ;
#848 = ORIENTED_EDGE ( 'NONE', *, *, #8181, .T. ) ;
#849 = ADVANCED_FACE ( 'NONE', ( #2059 ), #6153, .F. ) ;
#850 = CARTESIAN_POINT ( 'NONE',  ( -7.668835209823024357, 9.204216794247566114, 0.000000000000000000 ) ) ;
#851 = CARTESIAN_POINT ( 'NONE',  ( -10.91417308631845096, 6.575057906251698725, 0.000000000000000000 ) ) ;
#852 = CARTESIAN_POINT ( 'NONE',  ( 7.577720000373570741, 9.126433365741238646, -5.204170427930421283E-15 ) ) ;
#853 = B_SPLINE_CURVE_WITH_KNOTS ( 'NONE', 3,
 ( #8158, #723, #2846, #1435, #5492, #8117, #850, #7467, #6072, #4209, #2145, #4787, #3438, #4127, #6816, #22, #7508, #2719, #8035, #5400, #4166, #4043, #6206, #4867, #2017, #149, #8076, #1519, #4743 ),
 .UNSPECIFIED., .F., .F.,
 ( 4, 1, 1, 1, 1, 1, 1, 1, 1, 1, 1, 1, 1, 1, 1, 1, 1, 1, 1, 1, 1, 1, 1, 1, 1, 1, 4 ),
 ( 0.000000000000000000, 0.1659160033276295687, 0.1709059215442318980, 0.1766635194393566533, 0.1831887970181514946, 0.1904817542841363842, 0.1985423912398269763, 0.2073707078870824505, 0.2169667042273148994, 0.2273303802616239988, 0.2384617359908808298, 0.2503607714157882747, 0.2630274865369212067, 0.2764618813547564669, 0.2906639558696927361, 0.3056337100820685215, 0.3213711439921715929, 0.3378762576002503071, 0.3551490509065193812, 0.3731895239111665541, 0.3919976766143570268, 0.4115735090162354615, 0.4319170211169303109, 0.4530282129165571492, 0.4749070844152180060, 0.4975536356130059734, 0.5074316978669448641 ),
 .UNSPECIFIED. ) ;
#854 = VERTEX_POINT ( 'NONE', #1248 ) ;
#855 = CARTESIAN_POINT ( 'NONE',  ( -3.149229626028855478, -10.47431425022861440, 0.000000000000000000 ) ) ;
#856 = CARTESIAN_POINT ( 'NONE',  ( -11.94884645308974136, -5.198761634262900166, 8.000000000000000000 ) ) ;
#857 = CARTESIAN_POINT ( 'NONE',  ( 7.850195268865253873, -9.338196514606138976, 0.000000000000000000 ) ) ;
#858 = CARTESIAN_POINT ( 'NONE',  ( 5.379567626064644337, 12.09884006967992498, 8.000000000000000000 ) ) ;
#859 = DIRECTION ( 'NONE',  ( 0.000000000000000000, -0.000000000000000000, -1.000000000000000000 ) ) ;
#860 = CARTESIAN_POINT ( 'NONE',  ( 12.44755643926124655, 0.9751606640716734553, 8.000000000000000000 ) ) ;
#861 = CARTESIAN_POINT ( 'NONE',  ( -1.377525651863733325, 13.16905850672525347, 8.000000000000000000 ) ) ;
#862 = FACE_OUTER_BOUND ( 'NONE', #4241, .T. ) ;
#863 = CARTESIAN_POINT ( 'NONE',  ( 0.000000000000000000, 0.000000000000000000, 8.000000000000000000 ) ) ;
#864 = CARTESIAN_POINT ( 'NONE',  ( 9.221936103764146964, -9.969200282347870257, 8.000000000000000000 ) ) ;
#865 = CARTESIAN_POINT ( 'NONE',  ( 6.625183064395991472, -12.04862852623652536, 0.000000000000000000 ) ) ;
#866 = CARTESIAN_POINT ( 'NONE',  ( -2.908682420983816019, -12.22597347346770569, 8.000000000000000000 ) ) ;
#867 = CARTESIAN_POINT ( 'NONE',  ( 0.000000000000000000, 0.000000000000000000, 0.000000000000000000 ) ) ;
#868 = ORIENTED_EDGE ( 'NONE', *, *, #3179, .T. ) ;
#869 = CARTESIAN_POINT ( 'NONE',  ( 11.77637575328567010, 2.941794575437405967, 0.000000000000000000 ) ) ;
#870 = CARTESIAN_POINT ( 'NONE',  ( 12.31670401296928219, -2.895913797652378108, 8.000000000000000000 ) ) ;
#871 = CARTESIAN_POINT ( 'NONE',  ( -12.43077374740200369, 5.836552422531278594, 0.000000000000000000 ) ) ;
#872 = DIRECTION ( 'NONE',  ( 0.000000000000000000, 0.000000000000000000, 1.000000000000000000 ) ) ;
#873 = ORIENTED_EDGE ( 'NONE', *, *, #4516, .T. ) ;
#874 = EDGE_CURVE ( 'NONE', #6849, #6154, #8648, .T. ) ;
#875 = CARTESIAN_POINT ( 'NONE',  ( -0.7639867559470682190, -11.11684438996336510, 0.000000000000000000 ) ) ;
#876 = CARTESIAN_POINT ( 'NONE',  ( 5.115945187291488061, 11.87581303661968235, 0.000000000000000000 ) ) ;
#877 = CARTESIAN_POINT ( 'NONE',  ( -9.539420412438884611, -8.181339682156007598, 8.000000000000000000 ) ) ;
#878 = CARTESIAN_POINT ( 'NONE',  ( 11.80431640392019865, -5.038066446831065193, 8.000000000000000000 ) ) ;
#879 = CARTESIAN_POINT ( 'NONE',  ( 2.708699257713905073, -10.80883218877888829, 0.000000000000000000 ) ) ;
#880 = VERTEX_POINT ( 'NONE', #6021 ) ;
#881 = FACE_OUTER_BOUND ( 'NONE', #3267, .T. ) ;
#882 = ORIENTED_EDGE ( 'NONE', *, *, #3503, .T. ) ;
#883 = CARTESIAN_POINT ( 'NONE',  ( -9.094348737717258047, 9.928529331195861118, 0.000000000000000000 ) ) ;
#884 = CARTESIAN_POINT ( 'NONE',  ( -3.608867157514733304, -10.32496896312098222, 8.000000000000000000 ) ) ;
#885 = CARTESIAN_POINT ( 'NONE',  ( -2.577692551494855433, -13.50622083011837660, 0.000000000000000000 ) ) ;
#886 = EDGE_CURVE ( 'NONE', #4443, #3965, #278, .T. ) ;
#887 = CARTESIAN_POINT ( 'NONE',  ( 12.25290083038831490, 5.581155335977071807, 8.000000000000000000 ) ) ;
#888 = CARTESIAN_POINT ( 'NONE',  ( 7.688063125062704728, 35.46128730173822419, 22.93958158921776302 ) ) ;
#889 = CARTESIAN_POINT ( 'NONE',  ( -11.91079326901028779, -0.7828886122849891827, -5.204170427930421283E-15 ) ) ;
#890 = ORIENTED_EDGE ( 'NONE', *, *, #7892, .T. ) ;
#891 = CYLINDRICAL_SURFACE ( 'NONE', #2815, 10.93750000000000178 ) ;
#892 = CARTESIAN_POINT ( 'NONE',  ( -11.96219333340840052, -6.628700411335519682, 8.000000000000000000 ) ) ;
#893 = CARTESIAN_POINT ( 'NONE',  ( 12.25290083038842859, -5.581155335976815124, 8.000000000000000000 ) ) ;
#894 = ORIENTED_EDGE ( 'NONE', *, *, #4199, .F. ) ;
#895 = CARTESIAN_POINT ( 'NONE',  ( -2.644734409370904871, -13.32045193209911638, 0.000000000000000000 ) ) ;
#896 = EDGE_CURVE ( 'NONE', #1557, #8018, #5619, .T. ) ;
#897 = CARTESIAN_POINT ( 'NONE',  ( 9.126433365741046799, 7.577720000373803444, 0.000000000000000000 ) ) ;
#898 = CARTESIAN_POINT ( 'NONE',  ( -10.41722559423731020, -6.473761040516483156, 8.000000000000000000 ) ) ;
#899 = DIRECTION ( 'NONE',  ( -0.000000000000000000, 0.000000000000000000, 1.000000000000000000 ) ) ;
#900 = CARTESIAN_POINT ( 'NONE',  ( -9.757522586729574954, 8.636712746112451100, 8.000000000000000000 ) ) ;
#901 = CARTESIAN_POINT ( 'NONE',  ( 11.95399604505279889, 0.7941151212464765408, 8.000000000000000000 ) ) ;
#902 = CARTESIAN_POINT ( 'NONE',  ( -1.251919511749373326, 12.97053397611294656, 8.000000000000000000 ) ) ;
#903 = CARTESIAN_POINT ( 'NONE',  ( 6.401038329813834693, 10.18403012388281681, 8.000000000000000000 ) ) ;
#904 = AXIS2_PLACEMENT_3D ( 'NONE', #3218, #8437, #2425 ) ;
#905 = EDGE_CURVE ( 'NONE', #5027, #6849, #7132, .T. ) ;
#906 = CARTESIAN_POINT ( 'NONE',  ( -12.69447357664507692, 1.095856395948356488, 8.000000000000000000 ) ) ;
#907 = CARTESIAN_POINT ( 'NONE',  ( 9.094348737717329101, -9.928529331195791841, 8.000000000000000000 ) ) ;
#908 = CARTESIAN_POINT ( 'NONE',  ( 6.626067776682448951, -12.02849558169537048, 8.000000000000000000 ) ) ;
#909 = DIRECTION ( 'NONE',  ( -0.000000000000000000, 0.000000000000000000, -1.000000000000000000 ) ) ;
#910 = CARTESIAN_POINT ( 'NONE',  ( 2.487026500013279406, 35.33623014963297493, -18.76154079729224833 ) ) ;
#911 = VERTEX_POINT ( 'NONE', #6323 ) ;
#912 = AXIS2_PLACEMENT_3D ( 'NONE', #30, #4797, #4837 ) ;
#913 = CARTESIAN_POINT ( 'NONE',  ( 11.98057174878966080, -2.933454507433441716, 8.000000000000000000 ) ) ;
#914 = CARTESIAN_POINT ( 'NONE',  ( 9.149886257342975782, -7.604022508570274397, -5.204170427930421283E-15 ) ) ;
#915 = CARTESIAN_POINT ( 'NONE',  ( -11.80431640392016668, 5.038066446831146905, 8.000000000000000000 ) ) ;
#916 = VERTEX_POINT ( 'NONE', #4164 ) ;
#917 = CARTESIAN_POINT ( 'NONE',  ( -4.449236289362012542, -11.12353076645875127, 0.000000000000000000 ) ) ;
#918 = DIRECTION ( 'NONE',  ( -0.6845280282702554953, -0.3047715140836105840, -0.6622202826217419291 ) ) ;
#919 = CARTESIAN_POINT ( 'NONE',  ( -6.622827502596225990, -8.704427730807754671, 0.000000000000000000 ) ) ;
#920 = CARTESIAN_POINT ( 'NONE',  ( 11.02139818175206720, -4.386616976970844739, 8.000000000000000000 ) ) ;
#921 = CARTESIAN_POINT ( 'NONE',  ( 2.929367628693851699, -11.49488719732982744, 8.000000000000000000 ) ) ;
#922 = CARTESIAN_POINT ( 'NONE',  ( 12.05785317090587050, -2.927269694295950853, -5.204170427930421283E-15 ) ) ;
#923 = ORIENTED_EDGE ( 'NONE', *, *, #7237, .T. ) ;
#924 = CARTESIAN_POINT ( 'NONE',  ( -8.636712746112488404, 9.757522586729548308, 8.000000000000000000 ) ) ;
#925 = DIRECTION ( 'NONE',  ( 0.000000000000000000, 0.000000000000000000, 1.000000000000000000 ) ) ;
#926 = CARTESIAN_POINT ( 'NONE',  ( -13.42510299664338724, -2.607747690747107772, 8.000000000000000000 ) ) ;
#927 = ORIENTED_EDGE ( 'NONE', *, *, #2701, .F. ) ;
#928 = CARTESIAN_POINT ( 'NONE',  ( 5.148032669296287445, 36.79621076216311337, 19.94983378922776751 ) ) ;
#929 = CARTESIAN_POINT ( 'NONE',  ( 8.389187501133303471, 35.74233655483869398, 21.33057382595374207 ) ) ;
#930 = CARTESIAN_POINT ( 'NONE',  ( -12.60876818853258641, -1.051893166807204905, -5.204170427930421283E-15 ) ) ;
#931 = VERTEX_POINT ( 'NONE', #1517 ) ;
#932 = CARTESIAN_POINT ( 'NONE',  ( -10.35164078446983815, 6.455308898419755970, 0.000000000000000000 ) ) ;
#933 = CIRCLE ( 'NONE', #5734, 10.93750000000000178 ) ;
#934 = DIRECTION ( 'NONE',  ( 1.000000000000000000, 0.000000000000000000, 0.000000000000000000 ) ) ;
#935 = CARTESIAN_POINT ( 'NONE',  ( 11.25643158326927740, -4.542018187747106417, 0.000000000000000000 ) ) ;
#936 = ORIENTED_EDGE ( 'NONE', *, *, #5134, .F. ) ;
#937 = CARTESIAN_POINT ( 'NONE',  ( 1.143751547996471052, -12.78342018721907003, 8.000000000000000000 ) ) ;
#938 = VECTOR ( 'NONE', #4109, 1000.000000000000000 ) ;
#939 = CARTESIAN_POINT ( 'NONE',  ( -7.397296749673260230, 55.01744403114347648, -8.371002309411325726 ) ) ;
#940 = CARTESIAN_POINT ( 'NONE',  ( 8.855020039375116170, -9.844302869038541459, 0.000000000000000000 ) ) ;
#941 = CARTESIAN_POINT ( 'NONE',  ( 5.836552422531150697, 12.43077374740206409, 0.000000000000000000 ) ) ;
#942 = CARTESIAN_POINT ( 'NONE',  ( 6.575057906251578821, 10.91417308631852379, 8.000000000000000000 ) ) ;
#943 = CARTESIAN_POINT ( 'NONE',  ( 9.497099640846757396, -8.105411651555723296, 0.000000000000000000 ) ) ;
#944 = CARTESIAN_POINT ( 'NONE',  ( 8.524233419529123168, 34.64253199949656192, -13.00000000000000178 ) ) ;
#945 = DIRECTION ( 'NONE',  ( 1.000000000000000000, 0.000000000000000000, 0.000000000000000000 ) ) ;
#946 = VECTOR ( 'NONE', #3423, 1000.000000000000114 ) ;
#947 = CARTESIAN_POINT ( 'NONE',  ( -13.48577048812304824, 1.600954125870881040, 8.000000000000000000 ) ) ;
#948 = CARTESIAN_POINT ( 'NONE',  ( 2.929367628693851699, -11.49488719732982744, 0.000000000000000000 ) ) ;
#949 = CARTESIAN_POINT ( 'NONE',  ( 4.386616976971037474, -11.02139818175199082, 0.000000000000000000 ) ) ;
#950 = EDGE_CURVE ( 'NONE', #5167, #6696, #3058, .T. ) ;
#951 = DIRECTION ( 'NONE',  ( 0.4067366430758008189, -0.9135454576426006446, -0.000000000000000000 ) ) ;
#952 = DIRECTION ( 'NONE',  ( -1.000000000000000000, 0.000000000000000000, 0.000000000000000000 ) ) ;
#953 = EDGE_LOOP ( 'NONE', ( #4344, #1767, #2448, #6306 ) ) ;
#954 = VECTOR ( 'NONE', #1372, 1000.000000000000114 ) ;
#955 = CARTESIAN_POINT ( 'NONE',  ( 13.48734665307399538, -2.584755384919095622, 8.000000000000000000 ) ) ;
#956 = CARTESIAN_POINT ( 'NONE',  ( 9.267416903472005529, -7.750629585191619597, 8.000000000000000000 ) ) ;
#957 = CARTESIAN_POINT ( 'NONE',  ( -10.47431425022857887, -3.149229626028968720, 0.000000000000000000 ) ) ;
#958 = ADVANCED_FACE ( 'NONE', ( #847 ), #7096, .T. ) ;
#959 = CARTESIAN_POINT ( 'NONE',  ( -4.161888422927061626, -10.33666240664887681, 8.000000000000000000 ) ) ;
#960 = AXIS2_PLACEMENT_3D ( 'NONE', #3854, #4597, #5348 ) ;
#961 = CIRCLE ( 'NONE', #691, 1.000000000000001554 ) ;
#962 = ORIENTED_EDGE ( 'NONE', *, *, #3558, .T. ) ;
#963 = CARTESIAN_POINT ( 'NONE',  ( -0.8231400688185616099, -12.05320353502385800, 0.000000000000000000 ) ) ;
#964 = CARTESIAN_POINT ( 'NONE',  ( 6.580005913170007936, 37.01462034376157106, 23.17442629224722950 ) ) ;
#965 = CARTESIAN_POINT ( 'NONE',  ( 10.48771353560530528, -6.492081297254353345, 8.000000000000000000 ) ) ;
#966 = CARTESIAN_POINT ( 'NONE',  ( 12.04862852623650404, 6.625183064396031440, 8.000000000000000000 ) ) ;
#967 = ORIENTED_EDGE ( 'NONE', *, *, #4244, .T. ) ;
#968 = CARTESIAN_POINT ( 'NONE',  ( 2.919073574173182362, -12.13967088095516367, 0.000000000000000000 ) ) ;
#969 = EDGE_LOOP ( 'NONE', ( #4169, #7530, #1703, #4368 ) ) ;
#970 = VECTOR ( 'NONE', #1942, 1000.000000000000000 ) ;
#971 = CARTESIAN_POINT ( 'NONE',  ( 13.19332579941580974, -2.686824890852600678, -5.204170427930421283E-15 ) ) ;
#972 = ORIENTED_EDGE ( 'NONE', *, *, #735, .F. ) ;
#973 = CARTESIAN_POINT ( 'NONE',  ( -7.750629585191723514, 9.267416903471923817, 8.000000000000000000 ) ) ;
#974 = DIRECTION ( 'NONE',  ( 0.6049683311478915027, 0.2693492547302756557, 0.7493092133988346060 ) ) ;
#975 = CARTESIAN_POINT ( 'NONE',  ( -6.626067776682273980, -12.02849558169546285, 8.000000000000000000 ) ) ;
#976 = CARTESIAN_POINT ( 'NONE',  ( -2.739280131316097044, 51.61814525374970941, -10.90981260795435048 ) ) ;
#977 = CARTESIAN_POINT ( 'NONE',  ( 7.641033746984555286, 35.52803844579229064, 22.95216692958755189 ) ) ;
#978 = DIRECTION ( 'NONE',  ( 0.1564344650402312853, 0.9876883405951375483, -0.000000000000000000 ) ) ;
#979 = ORIENTED_EDGE ( 'NONE', *, *, #6635, .T. ) ;
#980 = CARTESIAN_POINT ( 'NONE',  ( -11.46368139467879033, 6.626136714284629470, 0.000000000000000000 ) ) ;
#981 = CARTESIAN_POINT ( 'NONE',  ( -11.85123473191535837, -6.631537913675579432, 0.000000000000000000 ) ) ;
#982 = CARTESIAN_POINT ( 'NONE',  ( 11.87581303661966281, -5.115945187291530694, 8.000000000000000000 ) ) ;
#983 = ORIENTED_EDGE ( 'NONE', *, *, #3127, .F. ) ;
#984 = CARTESIAN_POINT ( 'NONE',  ( -6.352286767647525423, -10.05932550694764060, 8.000000000000000000 ) ) ;
#985 = CARTESIAN_POINT ( 'NONE',  ( 9.376012365377748736, 7.906868104074169956, 0.000000000000000000 ) ) ;
#986 = CARTESIAN_POINT ( 'NONE',  ( -10.91417308631840655, -6.575057906251772444, 8.000000000000000000 ) ) ;
#987 = CARTESIAN_POINT ( 'NONE',  ( 4.622531273494623782, -11.36047427339660487, 8.000000000000000000 ) ) ;
#988 = CARTESIAN_POINT ( 'NONE',  ( -9.625916629980753925, 8.348190801685175799, 8.000000000000000000 ) ) ;
#989 = DIRECTION ( 'NONE',  ( 0.000000000000000000, 0.000000000000000000, 1.000000000000000000 ) ) ;
#990 = DIRECTION ( 'NONE',  ( -0.3090169943749382919, -0.9510565162951565288, 0.000000000000000000 ) ) ;
#991 = CARTESIAN_POINT ( 'NONE',  ( 11.41672744483946822, 4.668788839230981758, 0.000000000000000000 ) ) ;
#992 = CARTESIAN_POINT ( 'NONE',  ( -12.16898868378441989, 0.8620871873791865481, 0.000000000000000000 ) ) ;
#993 = CARTESIAN_POINT ( 'NONE',  ( 8.439220299577138817, -9.669723885496912530, 0.000000000000000000 ) ) ;
#994 = CARTESIAN_POINT ( 'NONE',  ( 7.016161834322675261, 37.09259662810764269, -12.97777113153697215 ) ) ;
#995 = CARTESIAN_POINT ( 'NONE',  ( -3.517344613461844016, 51.61814525374970941, 18.28162819106447046 ) ) ;
#996 = CARTESIAN_POINT ( 'NONE',  ( -9.149886257342917162, 7.604022508570341898, 0.000000000000000000 ) ) ;
#997 = ORIENTED_EDGE ( 'NONE', *, *, #3410, .T. ) ;
#998 = EDGE_CURVE ( 'NONE', #7882, #4720, #8493, .T. ) ;
#999 = CARTESIAN_POINT ( 'NONE',  ( -10.93483029503508597, -0.2416457505998009236, 8.000000000000000000 ) ) ;
#1000 = CARTESIAN_POINT ( 'NONE',  ( 9.338196514606284637, -7.850195268865080678, 8.000000000000000000 ) ) ;
#1001 = DIRECTION ( 'NONE',  ( -0.6845280282702556063, -0.3047715140836105840, -0.6622202826217419291 ) ) ;
#1002 = CARTESIAN_POINT ( 'NONE',  ( -4.833073392807574642, -11.60070094346939662, 8.000000000000000000 ) ) ;
#1003 = EDGE_CURVE ( 'NONE', #4487, #3838, #8415, .T. ) ;
#1004 = ORIENTED_EDGE ( 'NONE', *, *, #461, .F. ) ;
#1005 = CARTESIAN_POINT ( 'NONE',  ( -4.449236289362012542, -11.12353076645875127, 8.000000000000000000 ) ) ;
#1006 = CARTESIAN_POINT ( 'NONE',  ( 7.179221367831074119, 36.80997993455810757, 22.58241386380428395 ) ) ;
#1007 = EDGE_CURVE ( 'NONE', #3643, #8222, #2488, .T. ) ;
#1008 = CARTESIAN_POINT ( 'NONE',  ( 9.376012365377748736, 7.906868104074169956, 8.000000000000000000 ) ) ;
#1009 = CARTESIAN_POINT ( 'NONE',  ( 0.8620871873792290696, -12.16898868378441811, 8.000000000000000000 ) ) ;
#1010 = DIRECTION ( 'NONE',  ( -0.8090169943749507819, 0.5877852522924685852, 0.000000000000000000 ) ) ;
#1011 = CARTESIAN_POINT ( 'NONE',  ( -6.622827502596226878, -8.704427730807756447, 8.000000000000000000 ) ) ;
#1012 = ADVANCED_FACE ( 'NONE', ( #4507, #8366, #5035 ), #2484, .F. ) ;
#1013 = EDGE_LOOP ( 'NONE', ( #2870, #8083, #5750, #638, #3554, #5998, #6222, #2144 ) ) ;
#1014 = CARTESIAN_POINT ( 'NONE',  ( -7.604022508570377425, 9.149886257342894069, 8.000000000000000000 ) ) ;
#1015 = CARTESIAN_POINT ( 'NONE',  ( -11.36047427339662441, -4.622531273494584703, 0.000000000000000000 ) ) ;
#1016 = CARTESIAN_POINT ( 'NONE',  ( -6.231836464888828253, -8.988499347771126580, 8.000000000000000000 ) ) ;
#1017 = CARTESIAN_POINT ( 'NONE',  ( 12.44189184805948400, 5.853360337715992401, 0.000000000000000000 ) ) ;
#1018 = CARTESIAN_POINT ( 'NONE',  ( 8.158053903214502967, 36.34388488275184415, 22.31216433298604329 ) ) ;
#1019 = DIRECTION ( 'NONE',  ( 0.4067366430758019846, -0.9135454576426003115, 1.263331465868626273E-15 ) ) ;
#1020 = CARTESIAN_POINT ( 'NONE',  ( -11.01428446989502596, 6.588591420233433027, 0.000000000000000000 ) ) ;
#1021 = CARTESIAN_POINT ( 'NONE',  ( -4.773939382172911472, -11.53698844606708640, 0.000000000000000000 ) ) ;
#1022 = CARTESIAN_POINT ( 'NONE',  ( 11.80431640392019865, -5.038066446831065193, 8.000000000000000000 ) ) ;
#1023 = ADVANCED_FACE ( 'NONE', ( #5872 ), #2458, .T. ) ;
#1024 = ORIENTED_EDGE ( 'NONE', *, *, #4931, .F. ) ;
#1025 = CARTESIAN_POINT ( 'NONE',  ( -5.916238915411988764, -9.442776183394473222, 0.000000000000000000 ) ) ;
#1026 = CARTESIAN_POINT ( 'NONE',  ( 13.06987279011077874, 2.724978029605349406, 0.000000000000000000 ) ) ;
#1027 = CARTESIAN_POINT ( 'NONE',  ( 9.455639197970663545, 8.034402175150866299, 0.000000000000000000 ) ) ;
#1028 = CARTESIAN_POINT ( 'NONE',  ( -10.32496896312094670, -3.608867157514845214, 8.000000000000000000 ) ) ;
#1029 = CARTESIAN_POINT ( 'NONE',  ( 4.580317944817474007, -11.30699639290203784, 8.000000000000000000 ) ) ;
#1030 = DIRECTION ( 'NONE',  ( 0.000000000000000000, 0.000000000000000000, 1.000000000000000000 ) ) ;
#1031 = CARTESIAN_POINT ( 'NONE',  ( 12.87548337994384973, 1.195724957047672010, 0.000000000000000000 ) ) ;
#1032 = CARTESIAN_POINT ( 'NONE',  ( -1.600954125870927891, 13.48577048812304113, 8.000000000000000000 ) ) ;
#1033 = CARTESIAN_POINT ( 'NONE',  ( 11.20891349420027261, 4.507497455256226360, 0.000000000000000000 ) ) ;
#1034 = DIRECTION ( 'NONE',  ( -0.1564344650402308967, -0.9876883405951376593, 0.000000000000000000 ) ) ;
#1035 = CARTESIAN_POINT ( 'NONE',  ( 2.607747690747154845, -13.42510299664337658, 0.000000000000000000 ) ) ;
#1036 = CARTESIAN_POINT ( 'NONE',  ( 5.563219109284364805, 37.79612752452926827, -15.72866667436866095 ) ) ;
#1037 = CARTESIAN_POINT ( 'NONE',  ( -12.95019774290650716, 2.759358130927302533, 8.000000000000000000 ) ) ;
#1038 = DIRECTION ( 'NONE',  ( -0.9510565162951556406, 0.3090169943749411785, 0.000000000000000000 ) ) ;
#1039 = ORIENTED_EDGE ( 'NONE', *, *, #7372, .T. ) ;
#1040 = CARTESIAN_POINT ( 'NONE',  ( -12.16898868378441456, -0.8620871873792715911, 8.000000000000000000 ) ) ;
#1041 = CARTESIAN_POINT ( 'NONE',  ( -3.149229626028930085, 10.47431425022858953, 0.000000000000000000 ) ) ;
#1042 = CARTESIAN_POINT ( 'NONE',  ( 2.687971100478934172, 36.14854127155042818, -9.043598091517251802 ) ) ;
#1043 =( BOUNDED_SURFACE ( )  B_SPLINE_SURFACE ( 3, 2, ( 
 ( #4358, #4310, #6474 ),
 ( #5010, #7693, #8433 ),
 ( #4398, #1668, #1036 ),
 ( #7047, #7818, #4967 ),
 ( #6385, #3130, #2420 ),
 ( #4484, #2377, #1714 ),
 ( #3788, #7779, #5720 ),
 ( #8385, #3744, #4440 ),
 ( #420, #1123, #7002 ),
 ( #994, #3040, #3831 ),
 ( #6511, #5636, #3706 ),
 ( #336, #5058, #5846 ),
 ( #8039, #1889, #4707 ),
 ( #3962, #2593, #4666 ),
 ( #5270, #7348, #7997 ),
 ( #3355, #597, #3913 ),
 ( #460, #7951, #3309 ),
 ( #8513, #6029, #4615 ),
 ( #1164, #2685, #6650 ),
 ( #5182, #1980, #8657 ),
 ( #5986, #1846, #1306 ),
 ( #5939, #4569, #5361 ),
 ( #4527, #7302, #500 ),
 ( #8702, #2022, #1935 ),
 ( #2637, #3869, #2502 ),
 ( #5315, #4006, #6693 ),
 ( #642, #8611, #7905 ),
 ( #1207, #6552, #6601 ),
 ( #4050, #7863, #1259 ),
 ( #7254, #7390, #1351 ),
 ( #3170, #7209, #3214 ),
 ( #5894, #5225, #8563 ),
 ( #2548, #552, #3264 ),
 ( #112, #66, #5497 ),
 ( #8164, #6077, #2853 ),
 ( #2234, #6820, #8245 ) ),
 .UNSPECIFIED., .F., .F., .T. ) 
 B_SPLINE_SURFACE_WITH_KNOTS ( ( 4, 2, 2, 2, 2, 2, 2, 2, 2, 2, 2, 2, 2, 2, 2, 2, 2, 4 ),
 ( 3, 3 ),
 ( 0.000000000000000000, 0.0009798112106818039537, 0.001959622421363607907, 0.002449528026704509559, 0.002939433632045411644, 0.003184386434715862687, 0.003429339237386313730, 0.003551815638721539034, 0.003674292040056764772, 0.003735530240724377858, 0.003796768441391990510, 0.003827387541725796836, 0.003858006642059603163, 0.003873316192226506326, 0.003888625742393409489, 0.003896280517476861070, 0.003903935292560312652, 0.003919244842727215815 ),
 ( 0.000000000000000000, 1.000000000000000000 ),
 .UNSPECIFIED. ) 
 GEOMETRIC_REPRESENTATION_ITEM ( )  RATIONAL_B_SPLINE_SURFACE ( (
 ( 1.000000000000000000, 0.6426847034218332588, 1.000000000000000000),
 ( 1.000000000000000000, 0.6522510847000061451, 1.000000000000000000),
 ( 1.000000000000000000, 0.6632688405103087659, 1.000000000000000000),
 ( 1.000000000000000000, 0.6892225081338300141, 1.000000000000000000),
 ( 1.000000000000000000, 0.7042560078721024075, 1.000000000000000000),
 ( 1.000000000000000000, 0.7305740958150269693, 1.000000000000000000),
 ( 1.000000000000000000, 0.7399651569921069649, 1.000000000000000000),
 ( 1.000000000000000000, 0.7604124563476190035, 1.000000000000000000),
 ( 1.000000000000000000, 0.7714510985720784975, 1.000000000000000000),
 ( 1.000000000000000000, 0.7899520196214976364, 1.000000000000000000),
 ( 1.000000000000000000, 0.7964438660328191366, 1.000000000000000000),
 ( 1.000000000000000000, 0.8103764022740814754, 1.000000000000000000),
 ( 1.000000000000000000, 0.8178013567702319131, 1.000000000000000000),
 ( 1.000000000000000000, 0.8301555134468074915, 1.000000000000000000),
 ( 1.000000000000000000, 0.8344791377464363391, 1.000000000000000000),
 ( 1.000000000000000000, 0.8437495895194514484, 1.000000000000000000),
 ( 1.000000000000000000, 0.8486844612829833601, 1.000000000000000000),
 ( 1.000000000000000000, 0.8569169296768821553, 1.000000000000000000),
 ( 1.000000000000000000, 0.8598014525122402718, 1.000000000000000000),
 ( 1.000000000000000000, 0.8659909508050608329, 1.000000000000000000),
 ( 1.000000000000000000, 0.8692881781269873320, 1.000000000000000000),
 ( 1.000000000000000000, 0.8748101788297220072, 1.000000000000000000),
 ( 1.000000000000000000, 0.8767481987393173082, 1.000000000000000000),
 ( 1.000000000000000000, 0.8809339032753993326, 1.000000000000000000),
 ( 1.000000000000000000, 0.8831758959723645663, 1.000000000000000000),
 ( 1.000000000000000000, 0.8869353960608796772, 1.000000000000000000),
 ( 1.000000000000000000, 0.8882580664079657851, 1.000000000000000000),
 ( 1.000000000000000000, 0.8910938067646900773, 1.000000000000000000),
 ( 1.000000000000000000, 0.8926756500715883336, 1.000000000000000000),
 ( 1.000000000000000000, 0.8948772017021634495, 1.000000000000000000),
 ( 1.000000000000000000, 0.8955850784705055023, 1.000000000000000000),
 ( 1.000000000000000000, 0.8959730594108634705, 1.000000000000000000),
 ( 1.000000000000000000, 0.8955414895563753586, 1.000000000000000000),
 ( 1.000000000000000000, 0.8936582752838956312, 1.000000000000000000),
 ( 1.000000000000000000, 0.8919280020010338372, 1.000000000000000000),
 ( 1.000000000000000000, 0.8905722765251458117, 1.000000000000000000) ) ) 
 REPRESENTATION_ITEM ( '' )  SURFACE ( )  );
#1044 = ORIENTED_EDGE ( 'NONE', *, *, #2692, .T. ) ;
#1045 = CARTESIAN_POINT ( 'NONE',  ( -0.8620871873792290696, -12.16898868378441634, 0.000000000000000000 ) ) ;
#1046 = CARTESIAN_POINT ( 'NONE',  ( 6.682235597275203887, 36.99114082721777663, 23.07512277517297150 ) ) ;
#1047 = CARTESIAN_POINT ( 'NONE',  ( 5.958530847297203614, 38.69147644249719065, 22.18705913416912168 ) ) ;
#1048 = CARTESIAN_POINT ( 'NONE',  ( 0.8412873393390029042, -12.10906341627276639, 8.000000000000000000 ) ) ;
#1049 = ORIENTED_EDGE ( 'NONE', *, *, #3612, .T. ) ;
#1050 = CARTESIAN_POINT ( 'NONE',  ( 2.886444749237149221, -11.13701600410300507, 0.000000000000000000 ) ) ;
#1051 = DIRECTION ( 'NONE',  ( -1.000000000000000000, 0.000000000000000000, 0.000000000000000000 ) ) ;
#1052 = EDGE_CURVE ( 'NONE', #3133, #8200, #220, .T. ) ;
#1053 = VERTEX_POINT ( 'NONE', #1869 ) ;
#1054 = CARTESIAN_POINT ( 'NONE',  ( -8.262247439007827765, 9.582420452220601348, 8.000000000000000000 ) ) ;
#1055 = CARTESIAN_POINT ( 'NONE',  ( -11.05183112916328803, -4.404384806714172207, 0.000000000000000000 ) ) ;
#1056 = CARTESIAN_POINT ( 'NONE',  ( -2.941792002708953913, -11.71764203423214212, 0.000000000000000000 ) ) ;
#1057 = CARTESIAN_POINT ( 'NONE',  ( 8.164953680489450250, 36.13756047855647324, 21.29456812213482308 ) ) ;
#1058 = EDGE_CURVE ( 'NONE', #7611, #2474, #4551, .T. ) ;
#1059 = CARTESIAN_POINT ( 'NONE',  ( -1.668469543075102646, 13.57387004039618539, 8.000000000000000000 ) ) ;
#1060 = CARTESIAN_POINT ( 'NONE',  ( -12.02849558175090117, 6.626067776680113930, 8.000000000000000000 ) ) ;
#1061 = DIRECTION ( 'NONE',  ( 0.6049683311478915027, 0.2693492547302756557, 0.7493092133988346060 ) ) ;
#1062 = CARTESIAN_POINT ( 'NONE',  ( 11.12353076645876371, -4.449236289361978791, 8.000000000000000000 ) ) ;
#1063 = EDGE_CURVE ( 'NONE', #6538, #3417, #4213, .T. ) ;
#1064 = B_SPLINE_SURFACE_WITH_KNOTS ( 'NONE', 3, 1, ( 
 ( #3910, #548 ),
 ( #5935, #8607 ),
 ( #7430, #1521 ),
 ( #2849, #852 ),
 ( #3565, #6244 ),
 ( #7510, #7548 ),
 ( #2107, #2188 ),
 ( #5494, #4830 ),
 ( #188, #5533 ),
 ( #7595, #2147 ),
 ( #151, #4090 ),
 ( #4168, #2721 ),
 ( #765, #6905 ),
 ( #6114, #4129 ),
 ( #1479, #5402 ),
 ( #6859, #2889 ),
 ( #725, #8199 ),
 ( #806, #3440 ),
 ( #4211, #6779 ),
 ( #8078, #2062 ),
 ( #5574, #4869 ),
 ( #1395, #7469 ),
 ( #8240, #63 ),
 ( #2761, #3482 ),
 ( #6074, #2229 ),
 ( #3527, #4911 ),
 ( #5445, #6158 ),
 ( #4746, #1568 ),
 ( #8119, #4252 ) ),
 .UNSPECIFIED., .F., .F., .F.,
 ( 4, 1, 1, 1, 1, 1, 1, 1, 1, 1, 1, 1, 1, 1, 1, 1, 1, 1, 1, 1, 1, 1, 1, 1, 1, 1, 4 ),
 ( 2, 2 ),
 ( 0.000000000000000000, 0.1659160033276295965, 0.1709059215442318702, 0.1766635194393565977, 0.1831887970181514669, 0.1904817542841364120, 0.1985423912398269763, 0.2073707078870824227, 0.2169667042273148716, 0.2273303802616240543, 0.2384617359908808021, 0.2503607714157882191, 0.2630274865369212067, 0.2764618813547564669, 0.2906639558696927361, 0.3056337100820685215, 0.3213711439921715929, 0.3378762576002502516, 0.3551490509065193812, 0.3731895239111665541, 0.3919976766143570268, 0.4115735090162354615, 0.4319170211169303109, 0.4530282129165571492, 0.4749070844152180060, 0.4975536356130058624, 0.5074316978669450862 ),
 ( 0.000000000000000000, 1.000000000000000000 ),
 .UNSPECIFIED. ) ;
#1065 = VERTEX_POINT ( 'NONE', #3334 ) ;
#1066 = CARTESIAN_POINT ( 'NONE',  ( -6.418760976341290281, -10.23507608951709180, 8.000000000000000000 ) ) ;
#1067 = CARTESIAN_POINT ( 'NONE',  ( 9.149886257342810580, 7.604022508570474237, 0.000000000000000000 ) ) ;
#1068 = B_SPLINE_CURVE_WITH_KNOTS ( 'NONE', 3,
 ( #2, #8015, #2124, #4065, #2655, #4722, #5336, #742, #8054, #4765, #658, #8093, #4808, #1995, #7527, #2700, #1497, #2080, #3457, #130, #5511, #8179, #5467, #5420, #4681, #1320, #6755, #7364, #2825 ),
 .UNSPECIFIED., .F., .F.,
 ( 4, 1, 1, 1, 1, 1, 1, 1, 1, 1, 1, 1, 1, 1, 1, 1, 1, 1, 1, 1, 1, 1, 1, 1, 1, 1, 4 ),
 ( 0.000000000000000000, 0.1659160033276295687, 0.1709059215442318980, 0.1766635194393566533, 0.1831887970181514946, 0.1904817542841363842, 0.1985423912398269763, 0.2073707078870824505, 0.2169667042273148994, 0.2273303802616239988, 0.2384617359908808298, 0.2503607714157882747, 0.2630274865369212067, 0.2764618813547564669, 0.2906639558696927361, 0.3056337100820685215, 0.3213711439921715929, 0.3378762576002503071, 0.3551490509065193812, 0.3731895239111665541, 0.3919976766143570268, 0.4115735090162354615, 0.4319170211169303109, 0.4530282129165571492, 0.4749070844152180060, 0.4975536356130059734, 0.5074316978669453082 ),
 .UNSPECIFIED. ) ;
#1069 = CARTESIAN_POINT ( 'NONE',  ( -8.704427730807687169, -6.622827502596317473, 8.000000000000000000 ) ) ;
#1070 = CARTESIAN_POINT ( 'NONE',  ( 4.404384806714210399, -11.05183112916327026, 8.000000000000000000 ) ) ;
#1071 = CARTESIAN_POINT ( 'NONE',  ( 12.00148937107101865, 0.8074739252557537883, 8.000000000000000000 ) ) ;
#1072 = CARTESIAN_POINT ( 'NONE',  ( 10.80883218877887764, 2.708699257713942821, -5.204170427930421283E-15 ) ) ;
#1073 = VECTOR ( 'NONE', #6996, 1000.000000000000114 ) ;
#1074 = CARTESIAN_POINT ( 'NONE',  ( -12.05785317090583142, -2.927269694296119606, 0.000000000000000000 ) ) ;
#1075 = CARTESIAN_POINT ( 'NONE',  ( 7.152395453489308608, -8.544655887209419376, 8.000000000000000000 ) ) ;
#1076 = CARTESIAN_POINT ( 'NONE',  ( 4.449236289362172414, -11.12353076645868732, 8.000000000000000000 ) ) ;
#1077 = CARTESIAN_POINT ( 'NONE',  ( -11.66361783702276966, 2.940710835118423017, 8.000000000000000000 ) ) ;
#1078 = FACE_OUTER_BOUND ( 'NONE', #5157, .T. ) ;
#1079 = EDGE_LOOP ( 'NONE', ( #7672, #6568, #5880, #3321 ) ) ;
#1080 = CARTESIAN_POINT ( 'NONE',  ( -11.73452356626242121, 4.965029436117465167, 8.000000000000000000 ) ) ;
#1081 = AXIS2_PLACEMENT_3D ( 'NONE', #619, #6379, #1284 ) ;
#1082 = CARTESIAN_POINT ( 'NONE',  ( 0.5146130132903103949, 44.30978159260892113, 18.90981260795435048 ) ) ;
#1083 = CARTESIAN_POINT ( 'NONE',  ( 8.439220299576927431, 9.669723885497100824, 8.000000000000000000 ) ) ;
#1084 = AXIS2_PLACEMENT_3D ( 'NONE', #381, #4405, #3315 ) ;
#1085 = EDGE_LOOP ( 'NONE', ( #6358, #8578, #5364, #745 ) ) ;
#1086 = CIRCLE ( 'NONE', #6588, 2.000000000000000000 ) ;
#1087 = CARTESIAN_POINT ( 'NONE',  ( -9.801135538539446301, -8.743249532614916220, 0.000000000000000000 ) ) ;
#1088 = CARTESIAN_POINT ( 'NONE',  ( 7.559669858140449783, 36.61567056263385211, 22.19698125696273294 ) ) ;
#1089 = CARTESIAN_POINT ( 'NONE',  ( 9.149886257342810580, 7.604022508570474237, 8.000000000000000000 ) ) ;
#1090 = CARTESIAN_POINT ( 'NONE',  ( -11.63207506770849875, 53.13199924803154062, 21.61616680320317130 ) ) ;
#1091 = ORIENTED_EDGE ( 'NONE', *, *, #4274, .F. ) ;
#1092 = ADVANCED_FACE ( 'NONE', ( #6101 ), #4691, .F. ) ;
#1093 = CARTESIAN_POINT ( 'NONE',  ( 12.44189184801367709, -5.853360337646297928, 8.000000000000000000 ) ) ;
#1094 = SECURITY_CLASSIFICATION ( '', '', #4157 ) ;
#1095 = VECTOR ( 'NONE', #1823, 1000.000000000000000 ) ;
#1096 = CARTESIAN_POINT ( 'NONE',  ( -4.210990906299899805, 10.70664486910371060, 0.000000000000000000 ) ) ;
#1097 = VERTEX_POINT ( 'NONE', #4076 ) ;
#1098 = CARTESIAN_POINT ( 'NONE',  ( -7.152395453489245547, 8.544655887209474443, 0.000000000000000000 ) ) ;
#1099 = CARTESIAN_POINT ( 'NONE',  ( -11.08591166683800644, -4.425208852857832831, 8.000000000000000000 ) ) ;
#1100 = CARTESIAN_POINT ( 'NONE',  ( -2.937812879663770360, -11.90787246215811734, 0.000000000000000000 ) ) ;
#1101 = AXIS2_PLACEMENT_3D ( 'NONE', #6947, #7809, #5627 ) ;
#1102 = CARTESIAN_POINT ( 'NONE',  ( 11.71732392095615971, 6.632284204934560279, 8.000000000000000000 ) ) ;
#1103 = EDGE_CURVE ( 'NONE', #5243, #3018, #5727, .T. ) ;
#1104 = DIRECTION ( 'NONE',  ( 0.9135454576425999784, 0.4067366430758020956, 0.000000000000000000 ) ) ;
#1105 = CARTESIAN_POINT ( 'NONE',  ( -8.988499347771103487, 6.231836464888858451, 0.000000000000000000 ) ) ;
#1106 = DIRECTION ( 'NONE',  ( -0.000000000000000000, -0.000000000000000000, 1.000000000000000000 ) ) ;
#1107 = CARTESIAN_POINT ( 'NONE',  ( 1.565527684230041627, 34.88661075454945859, 16.37100230941132395 ) ) ;
#1108 = ADVANCED_FACE ( 'NONE', ( #1236 ), #8241, .F. ) ;
#1109 = ORIENTED_EDGE ( 'NONE', *, *, #5453, .T. ) ;
#1110 = CARTESIAN_POINT ( 'NONE',  ( -6.527568552596078710, -10.64346975476068913, 8.000000000000000000 ) ) ;
#1111 = ORIENTED_EDGE ( 'NONE', *, *, #5851, .T. ) ;
#1112 = CARTESIAN_POINT ( 'NONE',  ( -7.798144649837195352, 9.301941798724778110, 8.000000000000000000 ) ) ;
#1113 = EDGE_CURVE ( 'NONE', #7596, #880, #4638, .T. ) ;
#1114 = CARTESIAN_POINT ( 'NONE',  ( -9.928529331195827368, -9.094348737717288245, 0.000000000000000000 ) ) ;
#1115 = DIRECTION ( 'NONE',  ( -0.1564344650402314241, -0.9876883405951376593, 0.000000000000000000 ) ) ;
#1116 = CARTESIAN_POINT ( 'NONE',  ( 2.564797882415548624, 35.37085619997455410, -6.682724621929101438 ) ) ;
#1117 = CARTESIAN_POINT ( 'NONE',  ( -12.41180006574746919, -2.880586703536655246, 8.000000000000000000 ) ) ;
#1118 = CARTESIAN_POINT ( 'NONE',  ( 12.83440038321936960, 2.790132082466765695, -5.204170427930421283E-15 ) ) ;
#1119 = CARTESIAN_POINT ( 'NONE',  ( 11.73452356626235193, 4.965029436117633033, 0.000000000000000000 ) ) ;
#1120 = B_SPLINE_CURVE_WITH_KNOTS ( 'NONE', 3,
 ( #5429, #88, #8186, #1422, #6713, #2088, #1376, #5559, #3465, #7535, #4114, #7494, #6803, #1462, #5386, #788, #136, #6099, #4152, #8062, #8144, #8226, #4073, #4814, #2785, #5517, #8100, #5475, #2171 ),
 .UNSPECIFIED., .F., .F.,
 ( 4, 1, 1, 1, 1, 1, 1, 1, 1, 1, 1, 1, 1, 1, 1, 1, 1, 1, 1, 1, 1, 1, 1, 1, 1, 1, 4 ),
 ( 0.000000000000000000, 0.1659160033276295965, 0.1709059215442318702, 0.1766635194393565977, 0.1831887970181514669, 0.1904817542841364120, 0.1985423912398269763, 0.2073707078870824227, 0.2169667042273148716, 0.2273303802616240543, 0.2384617359908808021, 0.2503607714157882191, 0.2630274865369212067, 0.2764618813547564669, 0.2906639558696927361, 0.3056337100820685215, 0.3213711439921715929, 0.3378762576002502516, 0.3551490509065193812, 0.3731895239111665541, 0.3919976766143570268, 0.4115735090162354615, 0.4319170211169303109, 0.4530282129165571492, 0.4749070844152180060, 0.4975536356130058624, 0.5074316978669441980 ),
 .UNSPECIFIED. ) ;
#1121 = CARTESIAN_POINT ( 'NONE',  ( -13.42510299664338724, -2.607747690747107772, 0.000000000000000000 ) ) ;
#1122 = CARTESIAN_POINT ( 'NONE',  ( -12.41180006574746919, -2.880586703536655246, 8.000000000000000000 ) ) ;
#1123 = CARTESIAN_POINT ( 'NONE',  ( 7.596985183590115653, 37.40117257305958987, -14.37784270453313518 ) ) ;
#1124 = CARTESIAN_POINT ( 'NONE',  ( 7.199179036424576239, 36.98188469103327947, -13.01174778967610735 ) ) ;
#1125 = CARTESIAN_POINT ( 'NONE',  ( -6.231836464888889537, 8.988499347771083947, 0.000000000000000000 ) ) ;
#1126 = ORIENTED_EDGE ( 'NONE', *, *, #7322, .T. ) ;
#1127 = CARTESIAN_POINT ( 'NONE',  ( -10.70664486910372304, 4.210990906299862502, 8.000000000000000000 ) ) ;
#1128 = DIRECTION ( 'NONE',  ( -1.000000000000000000, 0.000000000000000000, 0.000000000000000000 ) ) ;
#1129 = CARTESIAN_POINT ( 'NONE',  ( 7.798144649837058573, 9.301941798724888244, 8.000000000000000000 ) ) ;
#1130 = ORIENTED_EDGE ( 'NONE', *, *, #5653, .T. ) ;
#1131 = CARTESIAN_POINT ( 'NONE',  ( -9.338196514606172727, -7.850195268865215681, 0.000000000000000000 ) ) ;
#1132 = CARTESIAN_POINT ( 'NONE',  ( -7.798144649837128739, -9.301941798724829624, 0.000000000000000000 ) ) ;
#1133 = CARTESIAN_POINT ( 'NONE',  ( 11.91079326901030022, -0.7828886122848225382, -5.204170427930421283E-15 ) ) ;
#1134 = ORIENTED_EDGE ( 'NONE', *, *, #6840, .F. ) ;
#1135 = CARTESIAN_POINT ( 'NONE',  ( 1.011712205768922734, -12.52642403931682580, 8.000000000000000000 ) ) ;
#1136 = VERTEX_POINT ( 'NONE', #2426 ) ;
#1137 = B_SPLINE_CURVE_WITH_KNOTS ( 'NONE', 3,
 ( #3742, #417, #7123, #6963 ),
 .UNSPECIFIED., .F., .F.,
 ( 4, 4 ),
 ( 8.673617379884034509E-19, 0.001680712211738594111 ),
 .UNSPECIFIED. ) ;
#1138 = CARTESIAN_POINT ( 'NONE',  ( -11.94884645308974136, -5.198761634262900166, 0.000000000000000000 ) ) ;
#1139 = B_SPLINE_SURFACE_WITH_KNOTS ( 'NONE', 3, 1, ( 
 ( #3066, #7724 ),
 ( #1060, #7032 ),
 ( #402, #4250 ),
 ( #7636, #4292 ),
 ( #3771, #2982 ),
 ( #5746, #8286 ),
 ( #2275, #980 ),
 ( #8330, #3692 ),
 ( #2932, #5621 ),
 ( #4953, #321 ),
 ( #3024, #1020 ),
 ( #1605, #5080 ),
 ( #8416, #8367 ),
 ( #7070, #3602 ),
 ( #7762, #1700 ),
 ( #2403, #6280 ),
 ( #2357, #4383 ),
 ( #1566, #5572 ),
 ( #6983, #932 ),
 ( #4909, #6940 ),
 ( #358, #3649 ),
 ( #1740, #230 ),
 ( #6325, #280 ),
 ( #3730, #5663 ),
 ( #2317, #4993 ),
 ( #7593, #4424 ),
 ( #6411, #7112 ),
 ( #7677, #1647 ),
 ( #5120, #1105 ) ),
 .UNSPECIFIED., .F., .F., .F.,
 ( 4, 1, 1, 1, 1, 1, 1, 1, 1, 1, 1, 1, 1, 1, 1, 1, 1, 1, 1, 1, 1, 1, 1, 1, 1, 1, 4 ),
 ( 2, 2 ),
 ( 0.4925683021194522948, 0.5024463643869940821, 0.5250929155847819940, 0.5469717870834428508, 0.5680829788830696891, 0.5884264909837645385, 0.6080023233856429732, 0.6268104760888334459, 0.6448509490934806188, 0.6621237423997496929, 0.6786288560078284071, 0.6943662899179314785, 0.7093360441303072639, 0.7235381186452435331, 0.7369725134630787933, 0.7496392285842117253, 0.7615382640091191702, 0.7726696197383760012, 0.7830332957726851006, 0.7926292921129175495, 0.8014576087601730237, 0.8095182457158636158, 0.8168112029818485054, 0.8233364805606433467, 0.8290940784557681020, 0.8340839966723704313, 1.000000000000000000 ),
 ( 0.000000000000000000, 1.000000000000000000 ),
 .UNSPECIFIED. ) ;
#1140 = CARTESIAN_POINT ( 'NONE',  ( 10.80883218877871599, -2.708699257713604869, -5.204170427930421283E-15 ) ) ;
#1141 = VERTEX_POINT ( 'NONE', #2337 ) ;
#1142 = CARTESIAN_POINT ( 'NONE',  ( 11.96219333340849467, -6.628700411335347376, 0.000000000000000000 ) ) ;
#1143 = CARTESIAN_POINT ( 'NONE',  ( -12.09884006967983439, -5.379567626064857500, 0.000000000000000000 ) ) ;
#1144 = CARTESIAN_POINT ( 'NONE',  ( -2.919073574173006058, -12.13967088095520097, 8.000000000000000000 ) ) ;
#1145 = CARTESIAN_POINT ( 'NONE',  ( 6.630420918280206521, -11.58812316373717977, 0.000000000000000000 ) ) ;
#1146 = CARTESIAN_POINT ( 'NONE',  ( -1.045966620583724360, 12.59619054144262762, 0.000000000000000000 ) ) ;
#1147 = DIRECTION ( 'NONE',  ( 0.7780644821457439742, 0.000000000000000000, 0.6281844168898774727 ) ) ;
#1148 = CYLINDRICAL_SURFACE ( 'NONE', #7141, 1.000000000000002442 ) ;
#1149 =( LENGTH_UNIT ( ) NAMED_UNIT ( * ) SI_UNIT ( .MILLI., .METRE. ) );
#1150 = VERTEX_POINT ( 'NONE', #4972 ) ;
#1151 = ADVANCED_FACE ( 'NONE', ( #6805 ), #1175, .T. ) ;
#1152 = CARTESIAN_POINT ( 'NONE',  ( -6.338109664291232015, 10.02706299306006876, 8.000000000000000000 ) ) ;
#1153 = CARTESIAN_POINT ( 'NONE',  ( -12.05320353502386155, 0.8231400688185195325, 0.000000000000000000 ) ) ;
#1154 = CARTESIAN_POINT ( 'NONE',  ( 11.22924223885642547, 6.611064424922950877, 0.000000000000000000 ) ) ;
#1155 = CARTESIAN_POINT ( 'NONE',  ( -9.301941798724749688, -7.798144649837225550, 0.000000000000000000 ) ) ;
#1156 = CARTESIAN_POINT ( 'NONE',  ( 9.221936103763930248, 9.969200282348072761, 0.000000000000000000 ) ) ;
#1157 = CARTESIAN_POINT ( 'NONE',  ( 12.78342018721905760, 1.143751547996604945, 0.000000000000000000 ) ) ;
#1158 = CARTESIAN_POINT ( 'NONE',  ( 9.301941798724689292, 7.798144649837294828, 0.000000000000000000 ) ) ;
#1159 = CARTESIAN_POINT ( 'NONE',  ( 11.98057174878959685, 2.933454507433692626, 8.000000000000000000 ) ) ;
#1160 = FACE_OUTER_BOUND ( 'NONE', #5211, .T. ) ;
#1161 = EDGE_CURVE ( 'NONE', #2035, #1686, #557, .T. ) ;
#1162 = CARTESIAN_POINT ( 'NONE',  ( 0.000000000000000000, 0.000000000000000000, 8.000000000000000000 ) ) ;
#1163 = CARTESIAN_POINT ( 'NONE',  ( 7.604022508570443151, -9.149886257342835449, 0.000000000000000000 ) ) ;
#1164 = CARTESIAN_POINT ( 'NONE',  ( 7.794611308046808240, 36.54317243939647852, -13.17888900979759192 ) ) ;
#1165 = DIRECTION ( 'NONE',  ( -0.1564344650402309800, -0.9876883405951376593, 0.000000000000000000 ) ) ;
#1166 = CARTESIAN_POINT ( 'NONE',  ( -9.338196514606226017, 7.850195268865149956, 0.000000000000000000 ) ) ;
#1167 = ORIENTED_EDGE ( 'NONE', *, *, #1373, .F. ) ;
#1168 = DIRECTION ( 'NONE',  ( 0.7780644821457441962, 0.000000000000000000, 0.6281844168898770286 ) ) ;
#1169 = CARTESIAN_POINT ( 'NONE',  ( 9.757522586729640679, -8.636712746112378269, -5.204170427930421283E-15 ) ) ;
#1170 = CARTESIAN_POINT ( 'NONE',  ( -9.713655369616196467, 8.535381057717536635, 0.000000000000000000 ) ) ;
#1171 = CARTESIAN_POINT ( 'NONE',  ( -10.13775510802969748, 6.383929952666147933, 8.000000000000000000 ) ) ;
#1172 = ORIENTED_EDGE ( 'NONE', *, *, #2206, .F. ) ;
#1173 = CARTESIAN_POINT ( 'NONE',  ( -9.497099640846636603, -8.105411651555860075, 0.000000000000000000 ) ) ;
#1174 = CARTESIAN_POINT ( 'NONE',  ( 6.510080463201441070, -10.56312374806388377, 0.000000000000000000 ) ) ;
#1175 = B_SPLINE_SURFACE_WITH_KNOTS ( 'NONE', 3, 1, ( 
 ( #6845, #3002 ),
 ( #3045, #8438 ),
 ( #752, #6302 ),
 ( #2294, #1675 ),
 ( #4364, #914 ),
 ( #3625, #7699 ),
 ( #257, #5641 ),
 ( #4315, #7007 ),
 ( #956, #5682 ),
 ( #8348, #7053 ),
 ( #1000, #6390 ),
 ( #341, #5725 ),
 ( #4574, #5944 ),
 ( #3314, #8664 ),
 ( #7259, #7214 ),
 ( #8476, #3220 ),
 ( #5322, #5810 ),
 ( #6608, #1265 ),
 ( #5188, #5900 ),
 ( #2553, #1894 ),
 ( #5275, #1169 ),
 ( #7823, #7130 ),
 ( #2467, #3794 ),
 ( #2508, #7175 ),
 ( #5230, #5142 ),
 ( #1805, #5853 ),
 ( #8569, #3835 ),
 ( #1212, #3269 ),
 ( #4623, #3920 ) ),
 .UNSPECIFIED., .F., .F., .F.,
 ( 4, 1, 1, 1, 1, 1, 1, 1, 1, 1, 1, 1, 1, 1, 1, 1, 1, 1, 1, 1, 1, 1, 1, 1, 1, 1, 4 ),
 ( 2, 2 ),
 ( 0.000000000000000000, 0.1659160033276295965, 0.1709059215442318702, 0.1766635194393565977, 0.1831887970181514669, 0.1904817542841364120, 0.1985423912398269763, 0.2073707078870824227, 0.2169667042273148716, 0.2273303802616240543, 0.2384617359908808021, 0.2503607714157882191, 0.2630274865369212067, 0.2764618813547564669, 0.2906639558696927361, 0.3056337100820685215, 0.3213711439921715929, 0.3378762576002502516, 0.3551490509065193812, 0.3731895239111665541, 0.3919976766143570268, 0.4115735090162354615, 0.4319170211169303109, 0.4530282129165571492, 0.4749070844152180060, 0.4975536356130058624, 0.5074316978669446421 ),
 ( 0.000000000000000000, 1.000000000000000000 ),
 .UNSPECIFIED. ) ;
#1176 = CARTESIAN_POINT ( 'NONE',  ( 13.37787302532247047, -1.521639563755274871, 8.000000000000000000 ) ) ;
#1177 = ORIENTED_EDGE ( 'NONE', *, *, #2732, .F. ) ;
#1178 = CARTESIAN_POINT ( 'NONE',  ( 1.195724957047537229, -12.87548337994386038, 8.000000000000000000 ) ) ;
#1179 = ORIENTED_EDGE ( 'NONE', *, *, #2295, .T. ) ;
#1180 = CARTESIAN_POINT ( 'NONE',  ( 11.12353076645866956, 4.449236289362211494, 8.000000000000000000 ) ) ;
#1181 = CARTESIAN_POINT ( 'NONE',  ( -11.05183112916328803, -4.404384806714172207, 0.000000000000000000 ) ) ;
#1182 = CARTESIAN_POINT ( 'NONE',  ( 8.375947653624042033, 35.76887421572862280, -13.28508304997270351 ) ) ;
#1183 = CLOSED_SHELL ( 'NONE', ( #5411, #1092, #3936, #6836, #2472, #1108, #849, #1828, #242, #5105, #5434, #7840, #5535, #7947, #1547, #5324, #468, #1738, #6946, #5594, #8056, #3387, #7783, #4511, #4138, #3566, #6345, #7479, #4388, #2722, #7790, #2154, #3606, #2908, #4097, #2254, #1214, #6135, #7255, #4840, #1023, #6571, #8016, #8510, #7572, #6082, #7403, #5422, #4622, #1613, #1386, #3991, #792, #5569, #2052, #8568, #2750, #1151, #4402, #8486, #3593, #5703, #4587, #82, #5805, #521, #2899, #4885, #6613, #3349, #3720, #7896, #2860, #1998, #195, #1689, #4468, #103, #5268, #7422, #7355, #5055, #958, #8047, #5372, #2405, #7652, #6735, #7581, #87, #2994, #2964, #5110, #4545, #8319, #4359, #7682, #3514, #7093, #8482, #4506, #6192, #1012, #7154, #414, #5765, #6900, #829, #2101, #1665, #8171, #4848, #2363, #7584, #2262, #7413, #8003, #1400, #1636, #7476, #1225, #2804, #7887, #4566, #3013, #5828, #8534, #7250, #8219, #6943, #8327 ) ) ;
#1184 = ORIENTED_EDGE ( 'NONE', *, *, #4199, .T. ) ;
#1185 = CARTESIAN_POINT ( 'NONE',  ( 6.186699299581317923, 9.699971161947093634, 0.000000000000000000 ) ) ;
#1186 = CARTESIAN_POINT ( 'NONE',  ( -11.94884645308974136, -5.198761634262900166, 8.000000000000000000 ) ) ;
#1187 = CARTESIAN_POINT ( 'NONE',  ( 11.48389212362418910, -0.6963551242056464918, 0.000000000000000000 ) ) ;
#1188 = CYLINDRICAL_SURFACE ( 'NONE', #1081, 2.000000000000001332 ) ;
#1189 = CARTESIAN_POINT ( 'NONE',  ( 10.18403012388265516, 6.401038329814094929, 8.000000000000000000 ) ) ;
#1190 = CARTESIAN_POINT ( 'NONE',  ( 13.84323895548685357, 38.88732104850544147, 1.005451224641155550 ) ) ;
#1191 = LINE ( 'NONE', #8457, #2115 ) ;
#1192 = CARTESIAN_POINT ( 'NONE',  ( 4.226724212032514139, 38.30006603180165570, -11.74657972396252248 ) ) ;
#1193 = DIRECTION ( 'NONE',  ( -0.9510565162951511997, -0.3090169943749548898, 0.000000000000000000 ) ) ;
#1194 = ORIENTED_EDGE ( 'NONE', *, *, #3064, .T. ) ;
#1195 = CARTESIAN_POINT ( 'NONE',  ( -6.338109664291232015, 10.02706299306006876, 0.000000000000000000 ) ) ;
#1196 = CARTESIAN_POINT ( 'NONE',  ( -12.16898868378441989, 0.8620871873791865481, 8.000000000000000000 ) ) ;
#1197 = VERTEX_POINT ( 'NONE', #7309 ) ;
#1198 = CARTESIAN_POINT ( 'NONE',  ( 10.72875944066936604, 6.544354946388849292, 8.000000000000000000 ) ) ;
#1199 = CARTESIAN_POINT ( 'NONE',  ( -9.713655369616137847, -8.535381057717604136, 8.000000000000000000 ) ) ;
#1200 = CARTESIAN_POINT ( 'NONE',  ( 9.328340841197540811, 10.00078975079098420, 0.000000000000000000 ) ) ;
#1201 = CARTESIAN_POINT ( 'NONE',  ( 8.811073498362935297, 48.35002041356305114, 7.041989990081960471 ) ) ;
#1202 = CARTESIAN_POINT ( 'NONE',  ( 8.881356617214038351, 7.313425558786636138, 0.000000000000000000 ) ) ;
#1203 = CARTESIAN_POINT ( 'NONE',  ( 12.41180006574744610, 2.880586703536741844, 8.000000000000000000 ) ) ;
#1204 = FACE_OUTER_BOUND ( 'NONE', #2972, .T. ) ;
#1205 = FACE_OUTER_BOUND ( 'NONE', #5610, .T. ) ;
#1206 = CARTESIAN_POINT ( 'NONE',  ( -11.49488719732983810, -2.929367628693812176, 8.000000000000000000 ) ) ;
#1207 = CARTESIAN_POINT ( 'NONE',  ( 8.216848850053224851, 36.06201144647262424, -13.30778803943500144 ) ) ;
#1208 = CARTESIAN_POINT ( 'NONE',  ( -4.965029436117507800, 11.73452356626240523, 8.000000000000000000 ) ) ;
#1209 = CARTESIAN_POINT ( 'NONE',  ( 8.303727482800326243, 35.92798085945557318, -13.39750194317968024 ) ) ;
#1210 = ORIENTED_EDGE ( 'NONE', *, *, #7326, .T. ) ;
#1211 = CARTESIAN_POINT ( 'NONE',  ( -11.12353076645873706, 4.449236289362055174, 8.000000000000000000 ) ) ;
#1212 = CARTESIAN_POINT ( 'NONE',  ( 10.01877448793502978, -9.392211555323736860, 8.000000000000000000 ) ) ;
#1213 = CARTESIAN_POINT ( 'NONE',  ( -8.704427730807733354, 6.622827502596257965, 0.000000000000000000 ) ) ;
#1214 = ADVANCED_FACE ( 'NONE', ( #8616 ), #3135, .T. ) ;
#1215 = CARTESIAN_POINT ( 'NONE',  ( 9.539420412438825991, 8.181339682156078652, 0.000000000000000000 ) ) ;
#1216 = VERTEX_POINT ( 'NONE', #6516 ) ;
#1217 = CARTESIAN_POINT ( 'NONE',  ( 6.186699299581528422, -9.699971161946956855, 0.000000000000000000 ) ) ;
#1218 = CARTESIAN_POINT ( 'NONE',  ( 12.69447357664508580, -1.095856395948267670, -5.204170427930421283E-15 ) ) ;
#1219 = ORIENTED_EDGE ( 'NONE', *, *, #7628, .F. ) ;
#1220 = DIRECTION ( 'NONE',  ( -0.6049683311478911696, -0.2693492547302756557, 0.7493092133988347170 ) ) ;
#1221 = ORIENTED_EDGE ( 'NONE', *, *, #3075, .F. ) ;
#1222 = VECTOR ( 'NONE', #6489, 1000.000000000000000 ) ;
#1223 = CARTESIAN_POINT ( 'NONE',  ( 11.87581303661955623, 5.115945187291778495, 8.000000000000000000 ) ) ;
#1224 = CARTESIAN_POINT ( 'NONE',  ( -11.16457150618547267, -4.476617511824087181, 0.000000000000000000 ) ) ;
#1225 = ADVANCED_FACE ( 'NONE', ( #1939 ), #466, .F. ) ;
#1226 = DIRECTION ( 'NONE',  ( -0.4067366430758007634, 0.9135454576426006446, -1.988499739533958557E-17 ) ) ;
#1227 = VECTOR ( 'NONE', #8647, 1000.000000000000000 ) ;
#1228 = VECTOR ( 'NONE', #8090, 1000.000000000000000 ) ;
#1229 = ORIENTED_EDGE ( 'NONE', *, *, #3928, .F. ) ;
#1230 = CARTESIAN_POINT ( 'NONE',  ( 6.628700411335303855, 11.96219333340851954, 0.000000000000000000 ) ) ;
#1231 = CARTESIAN_POINT ( 'NONE',  ( -13.42510299666956897, 2.607747690737764579, 8.000000000000000000 ) ) ;
#1232 = CARTESIAN_POINT ( 'NONE',  ( 12.78342018721908602, -1.143751547996336937, 0.000000000000000000 ) ) ;
#1233 = DIRECTION ( 'NONE',  ( -0.000000000000000000, 0.000000000000000000, 1.000000000000000000 ) ) ;
#1234 = CARTESIAN_POINT ( 'NONE',  ( 10.41722559423726224, 6.473761040516560428, 8.000000000000000000 ) ) ;
#1235 = CIRCLE ( 'NONE', #5615, 10.93750000000000178 ) ;
#1236 = FACE_OUTER_BOUND ( 'NONE', #6514, .T. ) ;
#1237 = DIRECTION ( 'NONE',  ( -0.7780644821457444182, 0.000000000000000000, 0.6281844168898770286 ) ) ;
#1238 = CARTESIAN_POINT ( 'NONE',  ( -8.855020039374974061, -9.844302869038667581, 0.000000000000000000 ) ) ;
#1239 = CARTESIAN_POINT ( 'NONE',  ( 8.034402175150832548, -9.455639197970691967, 8.000000000000000000 ) ) ;
#1240 = VERTEX_POINT ( 'NONE', #3875 ) ;
#1241 = CIRCLE ( 'NONE', #6190, 2.000000000000000000 ) ;
#1242 = CARTESIAN_POINT ( 'NONE',  ( 0.8620871873792290696, -12.16898868378441811, 0.000000000000000000 ) ) ;
#1243 = CARTESIAN_POINT ( 'NONE',  ( 1.709570872969507604, -13.62596226217982753, 0.000000000000000000 ) ) ;
#1244 = VERTEX_POINT ( 'NONE', #7956 ) ;
#1245 = CARTESIAN_POINT ( 'NONE',  ( -8.439220299577069540, 9.669723885496978255, 8.000000000000000000 ) ) ;
#1246 = CARTESIAN_POINT ( 'NONE',  ( -9.149886257342867424, -7.604022508570406735, 0.000000000000000000 ) ) ;
#1247 = CARTESIAN_POINT ( 'NONE',  ( 7.707558585906747695, 9.234787594130889232, 0.000000000000000000 ) ) ;
#1248 = CARTESIAN_POINT ( 'NONE',  ( 12.44189184801355452, 5.853360337646558165, 0.000000000000000000 ) ) ;
#1249 = ORIENTED_EDGE ( 'NONE', *, *, #6297, .F. ) ;
#1250 = CARTESIAN_POINT ( 'NONE',  ( -11.71764203423210837, -2.941792002709081366, 8.000000000000000000 ) ) ;
#1251 = CIRCLE ( 'NONE', #830, 2.000000000000000888 ) ;
#1252 = CARTESIAN_POINT ( 'NONE',  ( 11.90787246215806405, 2.937812879663983523, 8.000000000000000000 ) ) ;
#1253 = CARTESIAN_POINT ( 'NONE',  ( 2.564797885779425801, 35.37085620067409764, 15.44983606483441108 ) ) ;
#1254 = B_SPLINE_SURFACE_WITH_KNOTS ( 'NONE', 3, 1, ( 
 ( #2676, #3434 ),
 ( #632, #6109 ),
 ( #1971, #7463 ),
 ( #7382, #6201 ),
 ( #6067, #5353 ),
 ( #8032, #2014 ),
 ( #6724, #1473 ),
 ( #6682, #718 ),
 ( #8155, #2141 ),
 ( #6772, #4123 ),
 ( #1341, #4040 ),
 ( #5439, #759 ),
 ( #58, #7339 ),
 ( #2102, #4162 ),
 ( #678, #18 ),
 ( #145, #3395 ),
 ( #1432, #2715 ),
 ( #799, #5396 ),
 ( #3476, #8073 ),
 ( #7986, #2057 ),
 ( #3997, #6151 ),
 ( #5488, #4824 ),
 ( #6853, #3521 ),
 ( #2271, #2312 ),
 ( #4948, #2181 ),
 ( #3019, #4989 ),
 ( #225, #8364 ),
 ( #2927, #3689 ),
 ( #5617, #3727 ) ),
 .UNSPECIFIED., .F., .F., .F.,
 ( 4, 1, 1, 1, 1, 1, 1, 1, 1, 1, 1, 1, 1, 1, 1, 1, 1, 1, 1, 1, 1, 1, 1, 1, 1, 1, 4 ),
 ( 2, 2 ),
 ( 0.000000000000000000, 0.1659160033276295965, 0.1709059215442318702, 0.1766635194393565977, 0.1831887970181514669, 0.1904817542841364120, 0.1985423912398269763, 0.2073707078870824227, 0.2169667042273148716, 0.2273303802616240543, 0.2384617359908808021, 0.2503607714157882191, 0.2630274865369212067, 0.2764618813547564669, 0.2906639558696927361, 0.3056337100820685215, 0.3213711439921715929, 0.3378762576002502516, 0.3551490509065193812, 0.3731895239111665541, 0.3919976766143570268, 0.4115735090162354615, 0.4319170211169303109, 0.4530282129165571492, 0.4749070844152180060, 0.4975536356130058624, 0.5074316978669441980 ),
 ( 0.000000000000000000, 1.000000000000000000 ),
 .UNSPECIFIED. ) ;
#1255 = ORIENTED_EDGE ( 'NONE', *, *, #5602, .F. ) ;
#1256 = EDGE_CURVE ( 'NONE', #1599, #4753, #1679, .T. ) ;
#1257 = CARTESIAN_POINT ( 'NONE',  ( -1.195724957047537451, -12.87548337994386038, 0.000000000000000000 ) ) ;
#1258 = CARTESIAN_POINT ( 'NONE',  ( 7.668835209823090970, -9.204216794247509270, 8.000000000000000000 ) ) ;
#1259 = CARTESIAN_POINT ( 'NONE',  ( 7.680895947849674776, 35.47503037674398740, -14.94034381649695220 ) ) ;
#1260 = CARTESIAN_POINT ( 'NONE',  ( 5.927419195315642320, 37.80583218569763204, -12.80629461150684989 ) ) ;
#1261 = CARTESIAN_POINT ( 'NONE',  ( -9.969200282347971509, 9.221936103764038606, 0.000000000000000000 ) ) ;
#1262 = ORIENTED_EDGE ( 'NONE', *, *, #1770, .T. ) ;
#1263 = CARTESIAN_POINT ( 'NONE',  ( -12.25290083038839484, 5.581155335976898613, 8.000000000000000000 ) ) ;
#1264 = PRODUCT_DEFINITION ( 'æœ', '', #260, #6180 ) ;
#1265 = CARTESIAN_POINT ( 'NONE',  ( 9.625916629980816097, -8.348190801685102969, -5.204170427930421283E-15 ) ) ;
#1266 = CARTESIAN_POINT ( 'NONE',  ( -9.582420452220629770, 8.262247439007792238, 0.000000000000000000 ) ) ;
#1267 =( BOUNDED_CURVE ( )  B_SPLINE_CURVE ( 3, ( #2285, #1660, #7042, #2326 ),
 .UNSPECIFIED., .F., .F. ) 
 B_SPLINE_CURVE_WITH_KNOTS ( ( 4, 4 ),
 ( 4.513640204528008404, 4.712388980384688786 ),
 .UNSPECIFIED. ) 
 CURVE ( )  GEOMETRIC_REPRESENTATION_ITEM ( )  RATIONAL_B_SPLINE_CURVE ( ( 1.000000000000000000, 0.9967109516979972827, 0.9967109516979972827, 1.000000000000000000 ) ) 
 REPRESENTATION_ITEM ( '' )  );
#1268 = CARTESIAN_POINT ( 'NONE',  ( 10.02415449858199104, 9.411632514633907931, 0.000000000000000000 ) ) ;
#1269 = EDGE_CURVE ( 'NONE', #7275, #3581, #3492, .T. ) ;
#1270 = CARTESIAN_POINT ( 'NONE',  ( -5.286606996006893766, -12.02324651265883482, 0.000000000000000000 ) ) ;
#1271 = CARTESIAN_POINT ( 'NONE',  ( 6.367618434587651421, -10.09620455160481534, 8.000000000000000000 ) ) ;
#1272 = CARTESIAN_POINT ( 'NONE',  ( 12.52642403931683646, -1.011712205768791950, -5.204170427930421283E-15 ) ) ;
#1273 = CARTESIAN_POINT ( 'NONE',  ( -13.32045193209910927, 2.644734409370955053, 0.000000000000000000 ) ) ;
#1274 = VERTEX_POINT ( 'NONE', #6655 ) ;
#1275 = CARTESIAN_POINT ( 'NONE',  ( 11.36047427339658711, 4.622531273494663751, 0.000000000000000000 ) ) ;
#1276 = CARTESIAN_POINT ( 'NONE',  ( -11.25643158326921522, -4.542018187747263624, 0.000000000000000000 ) ) ;
#1277 = B_SPLINE_CURVE_WITH_KNOTS ( 'NONE', 3,
 ( #7245, #5838, #543, #4657, #3998, #6683, #3255, #633, #3345, #8503, #2493, #5931, #3522, #6813, #6854, #3396, #2142, #6202, #1389, #19, #6239, #4825, #2716, #7505, #5397, #8194, #4124, #7590, #3477 ),
 .UNSPECIFIED., .F., .F.,
 ( 4, 1, 1, 1, 1, 1, 1, 1, 1, 1, 1, 1, 1, 1, 1, 1, 1, 1, 1, 1, 1, 1, 1, 1, 1, 1, 4 ),
 ( 0.000000000000000000, 0.1659160033276295965, 0.1709059215442318702, 0.1766635194393565977, 0.1831887970181514669, 0.1904817542841364120, 0.1985423912398269763, 0.2073707078870824227, 0.2169667042273148716, 0.2273303802616240543, 0.2384617359908808021, 0.2503607714157882191, 0.2630274865369212067, 0.2764618813547564669, 0.2906639558696927361, 0.3056337100820685215, 0.3213711439921715929, 0.3378762576002502516, 0.3551490509065193812, 0.3731895239111665541, 0.3919976766143570268, 0.4115735090162354615, 0.4319170211169303109, 0.4530282129165571492, 0.4749070844152180060, 0.4975536356130058624, 0.5074316978669447531 ),
 .UNSPECIFIED. ) ;
#1278 = CARTESIAN_POINT ( 'NONE',  ( -9.221936103764004855, -9.969200282348005260, 8.000000000000000000 ) ) ;
#1279 = EDGE_CURVE ( 'NONE', #1391, #2985, #2642, .T. ) ;
#1280 = ORIENTED_EDGE ( 'NONE', *, *, #7736, .T. ) ;
#1281 = CARTESIAN_POINT ( 'NONE',  ( 6.418760976341214786, 10.23507608951714154, 0.000000000000000000 ) ) ;
#1282 = CARTESIAN_POINT ( 'NONE',  ( -13.42510299666956897, 2.607747690737764579, 0.000000000000000000 ) ) ;
#1283 = CARTESIAN_POINT ( 'NONE',  ( -3.102622000023660842, 33.97453399672130558, 21.61616680320317130 ) ) ;
#1284 = DIRECTION ( 'NONE',  ( 0.9135454576426000894, 0.4067366430758019846, 0.000000000000000000 ) ) ;
#1285 = CARTESIAN_POINT ( 'NONE',  ( -10.93483029503508597, -0.2416457505998009236, 8.000000000000000000 ) ) ;
#1286 = CARTESIAN_POINT ( 'NONE',  ( -6.611064424922830085, 11.22924223885650008, 0.000000000000000000 ) ) ;
#1287 = DIRECTION ( 'NONE',  ( 0.000000000000000000, 0.000000000000000000, -1.000000000000000000 ) ) ;
#1288 = CARTESIAN_POINT ( 'NONE',  ( -13.64173013562593617, 1.722120468130848847, 8.000000000000000000 ) ) ;
#1289 = EDGE_CURVE ( 'NONE', #3815, #6889, #427, .T. ) ;
#1290 = CARTESIAN_POINT ( 'NONE',  ( 8.855020039375116170, -9.844302869038541459, 8.000000000000000000 ) ) ;
#1291 = ORIENTED_EDGE ( 'NONE', *, *, #3928, .T. ) ;
#1292 = CARTESIAN_POINT ( 'NONE',  ( 0.8620871873792290696, -12.16898868378441811, 8.000000000000000000 ) ) ;
#1293 = CARTESIAN_POINT ( 'NONE',  ( 1.521639563755415203, -13.37787302532245448, 0.000000000000000000 ) ) ;
#1294 = EDGE_LOOP ( 'NONE', ( #4556, #549, #1172, #7765 ) ) ;
#1295 = CARTESIAN_POINT ( 'NONE',  ( 10.56312374806385890, 6.510080463201478373, 0.000000000000000000 ) ) ;
#1296 = LINE ( 'NONE', #100, #4488 ) ;
#1297 = CARTESIAN_POINT ( 'NONE',  ( 8.262247439007687433, 9.582420452220718587, 0.000000000000000000 ) ) ;
#1298 = CARTESIAN_POINT ( 'NONE',  ( 3.608867157514880297, -10.32496896312093071, 0.000000000000000000 ) ) ;
#1299 = CARTESIAN_POINT ( 'NONE',  ( -12.13967088095517433, -2.919073574173140173, 8.000000000000000000 ) ) ;
#1300 = CARTESIAN_POINT ( 'NONE',  ( -10.13775510802965485, -6.383929952666218988, 0.000000000000000000 ) ) ;
#1301 = EDGE_CURVE ( 'NONE', #832, #5061, #6168, .T. ) ;
#1302 = CARTESIAN_POINT ( 'NONE',  ( 2.564797882415548624, 35.37085619997455410, 14.68272462192908989 ) ) ;
#1303 = ORIENTED_EDGE ( 'NONE', *, *, #4039, .T. ) ;
#1304 = CARTESIAN_POINT ( 'NONE',  ( -0.8412873393390029042, -12.10906341627276639, 8.000000000000000000 ) ) ;
#1305 = CARTESIAN_POINT ( 'NONE',  ( 2.577692551524224385, -13.50622083004037677, 8.000000000000000000 ) ) ;
#1306 = CARTESIAN_POINT ( 'NONE',  ( 7.614553842393460670, 35.55801720074776995, -14.96171507595837902 ) ) ;
#1307 = CARTESIAN_POINT ( 'NONE',  ( 11.25643158326918147, 4.542018187747340896, 8.000000000000000000 ) ) ;
#1308 = CARTESIAN_POINT ( 'NONE',  ( -10.01877448793495873, 9.392211555323809691, 8.000000000000000000 ) ) ;
#1309 = ORIENTED_EDGE ( 'NONE', *, *, #575, .T. ) ;
#1310 = CARTESIAN_POINT ( 'NONE',  ( 8.544655887209771095, -7.152395453489262422, 8.000000000000000000 ) ) ;
#1311 = CARTESIAN_POINT ( 'NONE',  ( 0.000000000000000000, 0.000000000000000000, 0.000000000000000000 ) ) ;
#1312 = CARTESIAN_POINT ( 'NONE',  ( 6.630420918279951614, 11.58812316373732543, -5.204170427930421283E-15 ) ) ;
#1313 = CARTESIAN_POINT ( 'NONE',  ( 8.363850147204656693, 35.79641758184126132, -13.32161942872356164 ) ) ;
#1314 = PLANE ( 'NONE',  #4337 ) ;
#1315 = CARTESIAN_POINT ( 'NONE',  ( 6.600657436018233071, -11.11931436071730772, 0.000000000000000000 ) ) ;
#1316 = CARTESIAN_POINT ( 'NONE',  ( 12.97053397611296077, -1.251919511749237435, 8.000000000000000000 ) ) ;
#1317 = CARTESIAN_POINT ( 'NONE',  ( -6.632284204934435934, 11.71732392095623609, 8.000000000000000000 ) ) ;
#1318 = ORIENTED_EDGE ( 'NONE', *, *, #8181, .F. ) ;
#1319 = CARTESIAN_POINT ( 'NONE',  ( 11.66659828334860904, 4.896733499129219069, 8.000000000000000000 ) ) ;
#1320 = CARTESIAN_POINT ( 'NONE',  ( 13.32045193209912171, -2.644734409370864459, 0.000000000000000000 ) ) ;
#1321 = LINE ( 'NONE', #8017, #4891 ) ;
#1322 = ORIENTED_EDGE ( 'NONE', *, *, #5310, .T. ) ;
#1323 = CARTESIAN_POINT ( 'NONE',  ( 10.41722559423740435, -6.473761040516332166, 0.000000000000000000 ) ) ;
#1324 = CARTESIAN_POINT ( 'NONE',  ( -11.66361783702276966, 2.940710835118423017, 8.000000000000000000 ) ) ;
#1325 = CARTESIAN_POINT ( 'NONE',  ( 12.60876818853260239, -1.051893166807028823, 0.000000000000000000 ) ) ;
#1326 = FACE_OUTER_BOUND ( 'NONE', #8680, .T. ) ;
#1327 = CARTESIAN_POINT ( 'NONE',  ( 11.94884645308981241, -5.198761634262732301, 0.000000000000000000 ) ) ;
#1328 = CARTESIAN_POINT ( 'NONE',  ( -6.352286767647596477, 10.05932550694759620, 0.000000000000000000 ) ) ;
#1329 = EDGE_CURVE ( 'NONE', #1977, #6538, #733, .T. ) ;
#1330 = DIRECTION ( 'NONE',  ( 0.9876883405951375483, -0.1564344650402313963, 0.000000000000000000 ) ) ;
#1331 = AXIS2_PLACEMENT_3D ( 'NONE', #8517, #4573, #7822 ) ;
#1332 = FACE_OUTER_BOUND ( 'NONE', #702, .T. ) ;
#1333 = PERSON_AND_ORGANIZATION_ROLE ( 'creator' ) ;
#1334 = ORIENTED_EDGE ( 'NONE', *, *, #6635, .F. ) ;
#1335 = CARTESIAN_POINT ( 'NONE',  ( -12.04862852623655378, -6.625183064395943511, 8.000000000000000000 ) ) ;
#1336 = CARTESIAN_POINT ( 'NONE',  ( -5.836552422577480748, 12.43077374743279506, 8.000000000000000000 ) ) ;
#1337 =( BOUNDED_CURVE ( )  B_SPLINE_CURVE ( 3, ( #3826, #6507, #2287, #1619 ),
 .UNSPECIFIED., .F., .F. ) 
 B_SPLINE_CURVE_WITH_KNOTS ( ( 4, 4 ),
 ( 0.5359119522625364063, 0.9467007512917098300 ),
 .UNSPECIFIED. ) 
 CURVE ( )  GEOMETRIC_REPRESENTATION_ITEM ( )  RATIONAL_B_SPLINE_CURVE ( ( 1.000000000000000000, 0.9859870810570591226, 0.9859870810570591226, 1.000000000000000000 ) ) 
 REPRESENTATION_ITEM ( '' )  );
#1338 = EDGE_CURVE ( 'NONE', #5027, #8351, #5455, .T. ) ;
#1339 = CARTESIAN_POINT ( 'NONE',  ( 12.25290083038842859, -5.581155335976815124, 8.000000000000000000 ) ) ;
#1340 = EDGE_CURVE ( 'NONE', #2551, #7727, #8099, .T. ) ;
#1341 = CARTESIAN_POINT ( 'NONE',  ( -2.940530670474239994, 11.83979557596823540, 8.000000000000000000 ) ) ;
#1342 = DIRECTION ( 'NONE',  ( 0.7780644821457450844, 0.000000000000000000, 0.6281844168898761405 ) ) ;
#1343 = CARTESIAN_POINT ( 'NONE',  ( 5.836552422531410933, -12.43077374740193974, 0.000000000000000000 ) ) ;
#1344 = ORIENTED_EDGE ( 'NONE', *, *, #3617, .T. ) ;
#1345 = EDGE_CURVE ( 'NONE', #5606, #1136, #6191, .T. ) ;
#1346 = CARTESIAN_POINT ( 'NONE',  ( -13.06987279011080005, -2.724978029605258367, 8.000000000000000000 ) ) ;
#1347 = CARTESIAN_POINT ( 'NONE',  ( 0.000000000000000000, 0.000000000000000000, 8.000000000000000000 ) ) ;
#1348 = DIRECTION ( 'NONE',  ( -0.000000000000000000, 0.000000000000000000, -1.000000000000000000 ) ) ;
#1349 = VERTEX_POINT ( 'NONE', #7439 ) ;
#1350 = CARTESIAN_POINT ( 'NONE',  ( -0.9751606640715428931, -12.44755643926125899, 8.000000000000000000 ) ) ;
#1351 = CARTESIAN_POINT ( 'NONE',  ( 7.684701656746673493, 35.46823593025284538, -14.93977625254207098 ) ) ;
#1352 = CARTESIAN_POINT ( 'NONE',  ( 10.13775510802974722, -6.383929952666072438, 0.000000000000000000 ) ) ;
#1353 = CARTESIAN_POINT ( 'NONE',  ( -9.539420412438941455, 8.181339682155941873, 0.000000000000000000 ) ) ;
#1354 = VERTEX_POINT ( 'NONE', #6825 ) ;
#1355 = CARTESIAN_POINT ( 'NONE',  ( 9.204216794247651379, -7.668835209822921328, 8.000000000000000000 ) ) ;
#1356 = EDGE_CURVE ( 'NONE', #4779, #4107, #3198, .T. ) ;
#1357 = DIRECTION ( 'NONE',  ( 0.5877852522924830181, -0.8090169943749402348, 0.000000000000000000 ) ) ;
#1358 = CARTESIAN_POINT ( 'NONE',  ( -9.757522586729574954, 8.636712746112451100, 0.000000000000000000 ) ) ;
#1359 = AXIS2_PLACEMENT_3D ( 'NONE', #6010, #6579, #7414 ) ;
#1360 = CARTESIAN_POINT ( 'NONE',  ( -11.87194576742586882, 0.7736152328232699382, 8.000000000000000000 ) ) ;
#1361 = CARTESIAN_POINT ( 'NONE',  ( 6.158172100935702886, 36.97072947910788798, -15.56328757768009474 ) ) ;
#1362 = CARTESIAN_POINT ( 'NONE',  ( 6.630420918280206521, -11.58812316373717977, 0.000000000000000000 ) ) ;
#1363 = LINE ( 'NONE', #3414, #8260 ) ;
#1364 = LINE ( 'NONE', #8623, #8001 ) ;
#1365 = ORIENTED_EDGE ( 'NONE', *, *, #7143, .T. ) ;
#1366 = CARTESIAN_POINT ( 'NONE',  ( -0.2543429528593738054, 32.64920006932833019, -11.28189397440811170 ) ) ;
#1367 = AXIS2_PLACEMENT_3D ( 'NONE', #2806, #4788, #6073 ) ;
#1368 = CARTESIAN_POINT ( 'NONE',  ( -9.328340841197613642, -10.00078975079091492, 8.000000000000000000 ) ) ;
#1369 = ORIENTED_EDGE ( 'NONE', *, *, #1495, .T. ) ;
#1370 = VECTOR ( 'NONE', #7669, 1000.000000000000000 ) ;
#1371 = DIRECTION ( 'NONE',  ( 0.4067366430758007634, -0.9135454576426006446, -1.988499739533958557E-17 ) ) ;
#1372 = DIRECTION ( 'NONE',  ( 0.7164438088153720630, -0.1134735516832018204, -0.6883545756937498039 ) ) ;
#1373 = EDGE_CURVE ( 'NONE', #6647, #5144, #1638, .T. ) ;
#1374 = APPLICATION_CONTEXT ( 'configuration controlled 3d designs of mechanical parts and assemblies' ) ;
#1375 = CARTESIAN_POINT ( 'NONE',  ( 9.969200282347838282, 9.221936103764180714, 8.000000000000000000 ) ) ;
#1376 = CARTESIAN_POINT ( 'NONE',  ( -2.938739567862377555, 11.61432090236920978, 8.000000000000000000 ) ) ;
#1377 = CARTESIAN_POINT ( 'NONE',  ( 11.60070094346941261, -4.833073392807540003, 0.000000000000000000 ) ) ;
#1378 = CARTESIAN_POINT ( 'NONE',  ( -6.626067776682361021, 12.02849558169542021, 0.000000000000000000 ) ) ;
#1379 = CARTESIAN_POINT ( 'NONE',  ( 5.689930116769146728, 12.33100786788156356, 8.000000000000000000 ) ) ;
#1380 = CARTESIAN_POINT ( 'NONE',  ( -8.105411651555762376, -9.497099640846727198, 8.000000000000000000 ) ) ;
#1381 = APPROVAL_STATUS ( 'not_yet_approved' ) ;
#1382 = CARTESIAN_POINT ( 'NONE',  ( -9.221936103764075909, 9.969200282347939535, 8.000000000000000000 ) ) ;
#1383 = CARTESIAN_POINT ( 'NONE',  ( -4.965029436117507800, 11.73452356626240523, 0.000000000000000000 ) ) ;
#1384 = AXIS2_PLACEMENT_3D ( 'NONE', #3305, #5177, #7859 ) ;
#1385 = VECTOR ( 'NONE', #2417, 1000.000000000000000 ) ;
#1386 = ADVANCED_FACE ( 'NONE', ( #4136 ), #1407, .T. ) ;
#1387 = CARTESIAN_POINT ( 'NONE',  ( 11.66659828334871207, -4.896733499128975708, 8.000000000000000000 ) ) ;
#1388 = FACE_OUTER_BOUND ( 'NONE', #2172, .T. ) ;
#1389 = CARTESIAN_POINT ( 'NONE',  ( 12.51119373526724132, 2.862521721341894754, 8.000000000000000000 ) ) ;
#1390 = CARTESIAN_POINT ( 'NONE',  ( 5.379567626064898356, -12.09884006967981307, 0.000000000000000000 ) ) ;
#1391 = VERTEX_POINT ( 'NONE', #1445 ) ;
#1392 = CARTESIAN_POINT ( 'NONE',  ( -12.72257526253003945, -2.817469215210326450, 0.000000000000000000 ) ) ;
#1393 = CARTESIAN_POINT ( 'NONE',  ( -9.442776183394581579, -5.916238915412262322, 0.000000000000000000 ) ) ;
#1394 = EDGE_CURVE ( 'NONE', #8351, #514, #5051, .T. ) ;
#1395 = CARTESIAN_POINT ( 'NONE',  ( 8.743249532614738584, 9.801135538539602621, 8.000000000000000000 ) ) ;
#1396 = VECTOR ( 'NONE', #7480, 1000.000000000000114 ) ;
#1397 = ORIENTED_EDGE ( 'NONE', *, *, #782, .T. ) ;
#1398 = CARTESIAN_POINT ( 'NONE',  ( -0.9123192481543054289, -12.30068812565076186, 8.000000000000000000 ) ) ;
#1399 = B_SPLINE_CURVE_WITH_KNOTS ( 'NONE', 3,
 ( #3044, #3670, #1544, #4270, #5724, #8389, #5640, #6301, #4314, #3624, #3748, #168, #8306, #2909, #8347, #7051, #340, #4403, #1040, #2205, #2336, #7006, #6961, #4230, #5062, #5014, #7743, #2382, #999 ),
 .UNSPECIFIED., .F., .F.,
 ( 4, 1, 1, 1, 1, 1, 1, 1, 1, 1, 1, 1, 1, 1, 1, 1, 1, 1, 1, 1, 1, 1, 1, 1, 1, 1, 4 ),
 ( 0.4925683021330544697, 0.5024463643869940821, 0.5250929155847819940, 0.5469717870834428508, 0.5680829788830696891, 0.5884264909837645385, 0.6080023233856429732, 0.6268104760888334459, 0.6448509490934806188, 0.6621237423997496929, 0.6786288560078284071, 0.6943662899179314785, 0.7093360441303072639, 0.7235381186452435331, 0.7369725134630787933, 0.7496392285842117253, 0.7615382640091191702, 0.7726696197383760012, 0.7830332957726851006, 0.7926292921129175495, 0.8014576087601730237, 0.8095182457158636158, 0.8168112029818485054, 0.8233364805606433467, 0.8290940784557681020, 0.8340839966723704313, 1.000000000000000000 ),
 .UNSPECIFIED. ) ;
#1400 = ADVANCED_FACE ( 'NONE', ( #7646 ), #1534, .T. ) ;
#1401 = CARTESIAN_POINT ( 'NONE',  ( -1.377525651863733325, 13.16905850672525347, 0.000000000000000000 ) ) ;
#1402 = CARTESIAN_POINT ( 'NONE',  ( 10.23507608951711845, -6.418760976341251201, 0.000000000000000000 ) ) ;
#1403 = CARTESIAN_POINT ( 'NONE',  ( -6.231836464888828253, -8.988499347771126580, 8.000000000000000000 ) ) ;
#1404 = EDGE_LOOP ( 'NONE', ( #4831, #1801 ) ) ;
#1405 = AXIS2_PLACEMENT_3D ( 'NONE', #2775, #778, #5550 ) ;
#1406 = CARTESIAN_POINT ( 'NONE',  ( 4.131439932012002103, 37.87800315634559922, -14.18705913416912345 ) ) ;
#1407 = CYLINDRICAL_SURFACE ( 'NONE', #7970, 10.93750000000000178 ) ;
#1408 = CARTESIAN_POINT ( 'NONE',  ( 6.575057906251578821, 10.91417308631852379, -5.204170427930421283E-15 ) ) ;
#1409 = CARTESIAN_POINT ( 'NONE',  ( -12.00148937107103286, 0.8074739252555862556, 8.000000000000000000 ) ) ;
#1410 = CARTESIAN_POINT ( 'NONE',  ( -0.7736152328233113495, -11.87194576742586527, 8.000000000000000000 ) ) ;
#1411 = CARTESIAN_POINT ( 'NONE',  ( 5.198761634262941911, -11.94884645308972360, 0.000000000000000000 ) ) ;
#1412 = CARTESIAN_POINT ( 'NONE',  ( -2.759358130927253239, -12.95019774290651604, 8.000000000000000000 ) ) ;
#1413 = VERTEX_POINT ( 'NONE', #6253 ) ;
#1414 = CARTESIAN_POINT ( 'NONE',  ( -11.98057174878964126, 2.933454507433523428, 0.000000000000000000 ) ) ;
#1415 = ORIENTED_EDGE ( 'NONE', *, *, #8154, .T. ) ;
#1416 = CARTESIAN_POINT ( 'NONE',  ( -11.91079326901029489, 0.7828886122849056939, 8.000000000000000000 ) ) ;
#1417 = LINE ( 'NONE', #7967, #938 ) ;
#1418 = EDGE_LOOP ( 'NONE', ( #1728, #5112, #3158, #2429, #3238, #5423 ) ) ;
#1419 = DIRECTION ( 'NONE',  ( -0.4067366430758008189, 0.9135454576426005335, 4.718447854656915297E-16 ) ) ;
#1420 = CARTESIAN_POINT ( 'NONE',  ( -12.95019774290650716, 2.759358130927302533, 8.000000000000000000 ) ) ;
#1421 = CARTESIAN_POINT ( 'NONE',  ( -4.498229786890680870, 42.42433680949699237, -15.52679268485632846 ) ) ;
#1422 = CARTESIAN_POINT ( 'NONE',  ( -2.929367628693770431, 11.49488719732985054, 8.000000000000000000 ) ) ;
#1423 = CARTESIAN_POINT ( 'NONE',  ( 11.08591166683806684, -4.425208852857677400, 0.000000000000000000 ) ) ;
#1424 = CARTESIAN_POINT ( 'NONE',  ( 8.375947653624042033, 35.76887421572862280, -13.28508304997270351 ) ) ;
#1425 = CARTESIAN_POINT ( 'NONE',  ( 8.357623722479631923, 35.81004254096040285, -13.32947797539456758 ) ) ;
#1426 = EDGE_CURVE ( 'NONE', #4720, #4120, #6337, .T. ) ;
#1427 = CARTESIAN_POINT ( 'NONE',  ( -9.221936103764004855, -9.969200282348005260, 8.000000000000000000 ) ) ;
#1428 = APPROVAL_STATUS ( 'not_yet_approved' ) ;
#1429 = VERTEX_POINT ( 'NONE', #5632 ) ;
#1430 = DIRECTION ( 'NONE',  ( 0.000000000000000000, 0.000000000000000000, -1.000000000000000000 ) ) ;
#1431 = CARTESIAN_POINT ( 'NONE',  ( -5.198761634262857534, 11.94884645308976090, 8.000000000000000000 ) ) ;
#1432 = CARTESIAN_POINT ( 'NONE',  ( -2.895913797652506005, 12.31670401296925554, 8.000000000000000000 ) ) ;
#1433 = CARTESIAN_POINT ( 'NONE',  ( 6.783522228490083350, 36.30943203361740501, 23.32268704083418953 ) ) ;
#1434 = CARTESIAN_POINT ( 'NONE',  ( 4.719217338362303060, -11.47561408673056249, 0.000000000000000000 ) ) ;
#1435 = CARTESIAN_POINT ( 'NONE',  ( -7.577720000373704856, 9.126433365741132064, 0.000000000000000000 ) ) ;
#1436 = CARTESIAN_POINT ( 'NONE',  ( -10.02706299306004567, -6.338109664291265766, 0.000000000000000000 ) ) ;
#1437 = CYLINDRICAL_SURFACE ( 'NONE', #7019, 2.000000000000001332 ) ;
#1438 = ORIENTED_EDGE ( 'NONE', *, *, #8370, .F. ) ;
#1439 = CARTESIAN_POINT ( 'NONE',  ( -6.588591420233394835, -11.01428446989504906, 8.000000000000000000 ) ) ;
#1440 = CARTESIAN_POINT ( 'NONE',  ( -11.73452356626238746, -4.965029436117550432, 8.000000000000000000 ) ) ;
#1441 = CARTESIAN_POINT ( 'NONE',  ( 10.41722559423740435, -6.473761040516332166, 8.000000000000000000 ) ) ;
#1442 = DIRECTION ( 'NONE',  ( 0.7780644821457441962, 0.000000000000000000, 0.6281844168898772507 ) ) ;
#1443 = VERTEX_POINT ( 'NONE', #3574 ) ;
#1444 = CARTESIAN_POINT ( 'NONE',  ( 9.539420412439005403, -8.181339682155870818, 8.000000000000000000 ) ) ;
#1445 = CARTESIAN_POINT ( 'NONE',  ( 7.708755603958690195, 29.49380770625485226, -5.000000000000004441 ) ) ;
#1446 = CARTESIAN_POINT ( 'NONE',  ( 6.231836464888759863, 8.988499347771170989, -5.204170427930421283E-15 ) ) ;
#1447 = EDGE_CURVE ( 'NONE', #3884, #5969, #3067, .T. ) ;
#1448 = LINE ( 'NONE', #774, #7994 ) ;
#1449 = CARTESIAN_POINT ( 'NONE',  ( 0.000000000000000000, 0.000000000000000000, 8.000000000000000000 ) ) ;
#1450 = CARTESIAN_POINT ( 'NONE',  ( 5.115945187291737639, -11.87581303661957399, 8.000000000000000000 ) ) ;
#1451 = CARTESIAN_POINT ( 'NONE',  ( -2.584755384919137811, -13.48734665307398295, 8.000000000000000000 ) ) ;
#1452 = ORIENTED_EDGE ( 'NONE', *, *, #6304, .F. ) ;
#1453 = CARTESIAN_POINT ( 'NONE',  ( 12.00148937107103819, -0.8074739252555025448, 8.000000000000000000 ) ) ;
#1454 = ORIENTED_EDGE ( 'NONE', *, *, #7583, .T. ) ;
#1455 = EDGE_CURVE ( 'NONE', #8497, #3747, #506, .T. ) ;
#1456 = FACE_OUTER_BOUND ( 'NONE', #3437, .T. ) ;
#1457 = CARTESIAN_POINT ( 'NONE',  ( -11.60070094346938063, 4.833073392807619051, 8.000000000000000000 ) ) ;
#1458 = ORIENTED_EDGE ( 'NONE', *, *, #6625, .T. ) ;
#1459 = CARTESIAN_POINT ( 'NONE',  ( -6.367618434587505760, -10.09620455160490771, 0.000000000000000000 ) ) ;
#1460 = CARTESIAN_POINT ( 'NONE',  ( 4.965029436117344375, 11.73452356626246917, 0.000000000000000000 ) ) ;
#1461 = CARTESIAN_POINT ( 'NONE',  ( 9.539420412438825991, 8.181339682156078652, 8.000000000000000000 ) ) ;
#1462 = CARTESIAN_POINT ( 'NONE',  ( -2.927269694296075642, 12.05785317090584208, 8.000000000000000000 ) ) ;
#1463 = ORIENTED_EDGE ( 'NONE', *, *, #3459, .T. ) ;
#1464 = CARTESIAN_POINT ( 'NONE',  ( 12.02324651265885258, -5.286606996006857351, 0.000000000000000000 ) ) ;
#1465 = CARTESIAN_POINT ( 'NONE',  ( -2.940530670474239994, 11.83979557596823540, 0.000000000000000000 ) ) ;
#1466 = CYLINDRICAL_SURFACE ( 'NONE', #5469, 13.75000000000000000 ) ;
#1467 = CARTESIAN_POINT ( 'NONE',  ( 12.95019774290652492, -2.759358130927213715, -5.204170427930421283E-15 ) ) ;
#1468 = PERSON_AND_ORGANIZATION_ROLE ( 'design_supplier' ) ;
#1469 = ORIENTED_EDGE ( 'NONE', *, *, #6226, .T. ) ;
#1470 = DIRECTION ( 'NONE',  ( -3.491481338843133355E-15, 1.000000000000000000, 0.000000000000000000 ) ) ;
#1471 = CARTESIAN_POINT ( 'NONE',  ( 10.02706299305999771, 6.338109664291340373, 0.000000000000000000 ) ) ;
#1472 = CARTESIAN_POINT ( 'NONE',  ( 2.708699257713905073, -10.80883218877888829, 8.000000000000000000 ) ) ;
#1473 = CARTESIAN_POINT ( 'NONE',  ( -2.938739567862377555, 11.61432090236920978, 0.000000000000000000 ) ) ;
#1474 = CARTESIAN_POINT ( 'NONE',  ( 5.577970755589112706, 38.12125293322074526, 20.74867415297489259 ) ) ;
#1475 = DIRECTION ( 'NONE',  ( -0.000000000000000000, 0.000000000000000000, -1.000000000000000000 ) ) ;
#1476 = ORIENTED_EDGE ( 'NONE', *, *, #896, .T. ) ;
#1477 = CARTESIAN_POINT ( 'NONE',  ( -13.42510299664338724, -2.607747690747107772, 8.000000000000000000 ) ) ;
#1478 = CARTESIAN_POINT ( 'NONE',  ( -10.23507608951702252, -6.418760976341397750, 0.000000000000000000 ) ) ;
#1479 = CARTESIAN_POINT ( 'NONE',  ( 8.105411651555689545, 9.497099640846785817, 8.000000000000000000 ) ) ;
#1480 = CARTESIAN_POINT ( 'NONE',  ( 8.375947653624045586, 35.76887421572862280, -13.28508304997270351 ) ) ;
#1481 = LINE ( 'NONE', #4171, #6890 ) ;
#1482 = EDGE_CURVE ( 'NONE', #4295, #6063, #4877, .T. ) ;
#1483 = CARTESIAN_POINT ( 'NONE',  ( 11.71732392095630715, -6.632284204934304483, 0.000000000000000000 ) ) ;
#1484 = CARTESIAN_POINT ( 'NONE',  ( 4.887210304264030469, 11.65646762571651429, 8.000000000000000000 ) ) ;
#1485 = CARTESIAN_POINT ( 'NONE',  ( -9.204216794247592759, 7.668835209822990606, 8.000000000000000000 ) ) ;
#1486 = CARTESIAN_POINT ( 'NONE',  ( 13.48577048812302337, 1.600954125871069111, 8.000000000000000000 ) ) ;
#1487 = DIRECTION ( 'NONE',  ( 0.000000000000000000, 0.000000000000000000, -1.000000000000000000 ) ) ;
#1488 = CARTESIAN_POINT ( 'NONE',  ( 6.527568552595998774, 10.64346975476073709, -5.204170427930421283E-15 ) ) ;
#1489 = CARTESIAN_POINT ( 'NONE',  ( -1.722120468130897031, -13.64173013562592907, 8.000000000000000000 ) ) ;
#1490 = CARTESIAN_POINT ( 'NONE',  ( -1.521639563755414981, -13.37787302532245448, 8.000000000000000000 ) ) ;
#1491 = CARTESIAN_POINT ( 'NONE',  ( 6.626067776682448951, -12.02849558169537048, 0.000000000000000000 ) ) ;
#1492 = DIRECTION ( 'NONE',  ( -0.000000000000000000, -0.000000000000000000, -1.000000000000000000 ) ) ;
#1493 = CARTESIAN_POINT ( 'NONE',  ( 2.286887379302120049, 35.99505341924066215, -18.69378740028921015 ) ) ;
#1494 = VERTEX_POINT ( 'NONE', #3740 ) ;
#1495 = EDGE_CURVE ( 'NONE', #7611, #1216, #7604, .T. ) ;
#1496 = CARTESIAN_POINT ( 'NONE',  ( 12.31670401296922179, 2.895913797652636124, 0.000000000000000000 ) ) ;
#1497 = CARTESIAN_POINT ( 'NONE',  ( 12.31670401296928219, -2.895913797652378108, 0.000000000000000000 ) ) ;
#1498 = CARTESIAN_POINT ( 'NONE',  ( -11.16457150618550465, 4.476617511824007245, 8.000000000000000000 ) ) ;
#1499 = EDGE_CURVE ( 'NONE', #4535, #4992, #6381, .T. ) ;
#1500 = VERTEX_POINT ( 'NONE', #6422 ) ;
#1501 = CARTESIAN_POINT ( 'NONE',  ( -6.575057906251660533, -10.91417308631847582, 0.000000000000000000 ) ) ;
#1502 = EDGE_CURVE ( 'NONE', #2397, #3102, #5158, .T. ) ;
#1503 = CARTESIAN_POINT ( 'NONE',  ( 9.669723885496884108, 8.439220299577170792, 8.000000000000000000 ) ) ;
#1504 = AXIS2_PLACEMENT_3D ( 'NONE', #7942, #5355, #5977 ) ;
#1505 = DIRECTION ( 'NONE',  ( 1.000000000000000000, 0.000000000000000000, 0.000000000000000000 ) ) ;
#1506 = VERTEX_POINT ( 'NONE', #944 ) ;
#1507 = CARTESIAN_POINT ( 'NONE',  ( 11.49488719732987718, -2.929367628693651415, -5.204170427930421283E-15 ) ) ;
#1508 = COORDINATED_UNIVERSAL_TIME_OFFSET ( 8, 0, .AHEAD. ) ;
#1509 = AXIS2_PLACEMENT_3D ( 'NONE', #7734, #1618, #990 ) ;
#1510 = ORIENTED_EDGE ( 'NONE', *, *, #3107, .F. ) ;
#1511 = CARTESIAN_POINT ( 'NONE',  ( -6.527568552596156870, 10.64346975476064650, 0.000000000000000000 ) ) ;
#1512 = CARTESIAN_POINT ( 'NONE',  ( 11.96219333340835256, 6.628700411335609388, 0.000000000000000000 ) ) ;
#1513 = CARTESIAN_POINT ( 'NONE',  ( -2.577692551494855433, -13.50622083011837660, 8.000000000000000000 ) ) ;
#1514 = CARTESIAN_POINT ( 'NONE',  ( 7.046832954957979567, 36.91072756359471896, 19.95982254598127881 ) ) ;
#1515 = CARTESIAN_POINT ( 'NONE',  ( 7.252502254432616979, 35.89154781976751707, 23.11698225268971640 ) ) ;
#1516 = CIRCLE ( 'NONE', #6445, 10.93750000000000178 ) ;
#1517 = CARTESIAN_POINT ( 'NONE',  ( -0.2416457505997640642, -10.93483029503508597, 0.000000000000000000 ) ) ;
#1518 = ORIENTED_EDGE ( 'NONE', *, *, #2828, .F. ) ;
#1519 = CARTESIAN_POINT ( 'NONE',  ( -9.392211555323848771, 10.01877448793492853, 0.000000000000000000 ) ) ;
#1520 = CARTESIAN_POINT ( 'NONE',  ( -12.04862852623655378, -6.625183064395941734, 8.000000000000000000 ) ) ;
#1521 = CARTESIAN_POINT ( 'NONE',  ( 7.313425558786411429, 8.881356617214221316, -5.204170427930421283E-15 ) ) ;
#1522 = AXIS2_PLACEMENT_3D ( 'NONE', #8033, #1839, #1342 ) ;
#1523 = B_SPLINE_CURVE_WITH_KNOTS ( 'NONE', 3,
 ( #4528, #2638, #8514, #2503, #1890, #5183, #5987, #8658, #5316, #2549, #4616, #1208, #7210, #6553, #7998, #4667, #5226, #7349, #7906, #8471, #3963, #7256, #1981, #3914, #6603, #5940, #8612, #3131, #2594 ),
 .UNSPECIFIED., .F., .F.,
 ( 4, 1, 1, 1, 1, 1, 1, 1, 1, 1, 1, 1, 1, 1, 1, 1, 1, 1, 1, 1, 1, 1, 1, 1, 1, 1, 4 ),
 ( 0.4925683021330554134, 0.5024463643869940821, 0.5250929155847819940, 0.5469717870834428508, 0.5680829788830696891, 0.5884264909837645385, 0.6080023233856429732, 0.6268104760888334459, 0.6448509490934806188, 0.6621237423997496929, 0.6786288560078284071, 0.6943662899179314785, 0.7093360441303072639, 0.7235381186452435331, 0.7369725134630787933, 0.7496392285842117253, 0.7615382640091191702, 0.7726696197383760012, 0.7830332957726851006, 0.7926292921129175495, 0.8014576087601730237, 0.8095182457158636158, 0.8168112029818485054, 0.8233364805606433467, 0.8290940784557681020, 0.8340839966723704313, 1.000000000000000000 ),
 .UNSPECIFIED. ) ;
#1524 = EDGE_LOOP ( 'NONE', ( #6283, #4583, #6809, #7489 ) ) ;
#1525 = AXIS2_PLACEMENT_3D ( 'NONE', #4322, #4979, #4278 ) ;
#1526 = CARTESIAN_POINT ( 'NONE',  ( 8.376049791112276210, 35.76891969026823404, -13.30623017980262190 ) ) ;
#1527 = CARTESIAN_POINT ( 'NONE',  ( -12.44189184801359715, -5.853360337646471123, 8.000000000000000000 ) ) ;
#1528 = CARTESIAN_POINT ( 'NONE',  ( 9.328340841197757527, -10.00078975079077992, 0.000000000000000000 ) ) ;
#1529 = DIRECTION ( 'NONE',  ( -0.7147974065165851876, -0.3182483095653314553, 0.6227219934256158496 ) ) ;
#1530 = CARTESIAN_POINT ( 'NONE',  ( 6.231836464888760752, 8.988499347771170989, 8.000000000000000000 ) ) ;
#1531 = CARTESIAN_POINT ( 'NONE',  ( 12.78342018721905760, 1.143751547996604945, 8.000000000000000000 ) ) ;
#1532 = AXIS2_PLACEMENT_3D ( 'NONE', #6216, #773, #8251 ) ;
#1533 = CIRCLE ( 'NONE', #6748, 10.93750000000000178 ) ;
#1534 = CYLINDRICAL_SURFACE ( 'NONE', #6861, 2.000000000000000000 ) ;
#1535 = CARTESIAN_POINT ( 'NONE',  ( 10.33666240664856062, 4.161888422927208175, 0.000000000000000000 ) ) ;
#1536 = EDGE_CURVE ( 'NONE', #7660, #722, #5023, .T. ) ;
#1537 = LINE ( 'NONE', #200, #1396 ) ;
#1538 = VECTOR ( 'NONE', #3735, 1000.000000000000000 ) ;
#1539 = CARTESIAN_POINT ( 'NONE',  ( 2.940530670474323927, -11.83979557596821230, 0.000000000000000000 ) ) ;
#1540 = CARTESIAN_POINT ( 'NONE',  ( 5.853360337715948880, -12.44189184805950532, 8.000000000000000000 ) ) ;
#1541 = CARTESIAN_POINT ( 'NONE',  ( -2.607747690746961222, -13.42510299664341211, 8.000000000000000000 ) ) ;
#1542 = CARTESIAN_POINT ( 'NONE',  ( 6.625183064395991472, -12.04862852623652536, 0.000000000000000000 ) ) ;
#1543 = VERTEX_POINT ( 'NONE', #3661 ) ;
#1544 = CARTESIAN_POINT ( 'NONE',  ( -13.57387004037415323, -1.668469543058270110, 8.000000000000000000 ) ) ;
#1545 = APPLICATION_CONTEXT ( 'configuration controlled 3d designs of mechanical parts and assemblies' ) ;
#1546 = CARTESIAN_POINT ( 'NONE',  ( -11.94884645308978044, 5.198761634262814901, 0.000000000000000000 ) ) ;
#1547 = ADVANCED_FACE ( 'NONE', ( #6913 ), #243, .F. ) ;
#1548 = CARTESIAN_POINT ( 'NONE',  ( 2.146044805932662225, 36.31139101835977101, -18.69378740028921015 ) ) ;
#1549 = ORIENTED_EDGE ( 'NONE', *, *, #4575, .T. ) ;
#1550 = DIRECTION ( 'NONE',  ( 0.6845280282702554953, 0.3047715140836105840, -0.6622202826217419291 ) ) ;
#1551 = DIRECTION ( 'NONE',  ( -0.000000000000000000, 0.000000000000000000, -1.000000000000000000 ) ) ;
#1552 = CARTESIAN_POINT ( 'NONE',  ( -9.376012365377807356, -7.906868104074100678, 8.000000000000000000 ) ) ;
#1553 = FACE_OUTER_BOUND ( 'NONE', #2148, .T. ) ;
#1554 = CARTESIAN_POINT ( 'NONE',  ( 3.149229626029005580, -10.47431425022856821, 8.000000000000000000 ) ) ;
#1555 = CARTESIAN_POINT ( 'NONE',  ( 12.41180006574750827, -2.880586703536482052, -5.204170427930421283E-15 ) ) ;
#1556 = EDGE_CURVE ( 'NONE', #339, #6696, #7043, .T. ) ;
#1557 = VERTEX_POINT ( 'NONE', #3615 ) ;
#1558 = CARTESIAN_POINT ( 'NONE',  ( -6.600657436018151358, 11.11931436071735746, 0.000000000000000000 ) ) ;
#1559 = CARTESIAN_POINT ( 'NONE',  ( 10.56312374806385890, 6.510080463201478373, 0.000000000000000000 ) ) ;
#1560 = CARTESIAN_POINT ( 'NONE',  ( -2.790132082466536989, -12.83440038321942289, 0.000000000000000000 ) ) ;
#1561 = CARTESIAN_POINT ( 'NONE',  ( 12.33100786788142322, 5.689930116769447821, 0.000000000000000000 ) ) ;
#1562 = CARTESIAN_POINT ( 'NONE',  ( 7.753211358436645106, 37.11776915605364735, 22.35599678021155867 ) ) ;
#1563 = EDGE_CURVE ( 'NONE', #4913, #7100, #7922, .T. ) ;
#1564 = CARTESIAN_POINT ( 'NONE',  ( -11.95399604505280244, -0.7941151212463930520, 8.000000000000000000 ) ) ;
#1565 = ORIENTED_EDGE ( 'NONE', *, *, #4872, .T. ) ;
#1566 = CARTESIAN_POINT ( 'NONE',  ( -10.41722559423735639, 6.473761040516410326, 8.000000000000000000 ) ) ;
#1567 = CARTESIAN_POINT ( 'NONE',  ( -12.02849558169539890, -6.626067776682399213, 8.000000000000000000 ) ) ;
#1568 = CARTESIAN_POINT ( 'NONE',  ( 9.392211555323701333, 10.01877448793506176, -5.204170427930421283E-15 ) ) ;
#1569 = ORIENTED_EDGE ( 'NONE', *, *, #7597, .T. ) ;
#1570 = CARTESIAN_POINT ( 'NONE',  ( -2.686824890852640646, -13.19332579941580263, 0.000000000000000000 ) ) ;
#1571 = CARTESIAN_POINT ( 'NONE',  ( -1.063017894816991271, 12.63045561118903670, 0.000000000000000000 ) ) ;
#1572 = CARTESIAN_POINT ( 'NONE',  ( -10.09620455160484020, -6.367618434587611453, 8.000000000000000000 ) ) ;
#1573 = DIRECTION ( 'NONE',  ( 0.000000000000000000, -0.000000000000000000, -1.000000000000000000 ) ) ;
#1574 = CARTESIAN_POINT ( 'NONE',  ( -9.175863790627264649, 7.634358818669825908, 8.000000000000000000 ) ) ;
#1575 = CARTESIAN_POINT ( 'NONE',  ( 10.02415449855997132, -9.411632514553458506, 0.000000000000000000 ) ) ;
#1576 = CARTESIAN_POINT ( 'NONE',  ( 12.04862852623664260, -6.625183064395767651, 8.000000000000000000 ) ) ;
#1577 = CARTESIAN_POINT ( 'NONE',  ( 8.375947653624042033, 35.76887421572862280, -13.28508304997270351 ) ) ;
#1578 = CARTESIAN_POINT ( 'NONE',  ( -13.57387004037416389, 1.668469543058175075, 8.000000000000000000 ) ) ;
#1579 = CARTESIAN_POINT ( 'NONE',  ( 2.941792002709121778, -11.71764203423209771, 0.000000000000000000 ) ) ;
#1580 = CARTESIAN_POINT ( 'NONE',  ( 5.781365353101046267, -12.39393210985509519, 0.000000000000000000 ) ) ;
#1581 = CARTESIAN_POINT ( 'NONE',  ( -12.31670401296926443, 2.895913797652461596, 8.000000000000000000 ) ) ;
#1582 = DIRECTION ( 'NONE',  ( -1.000000000000000000, 0.000000000000000000, 0.000000000000000000 ) ) ;
#1583 = ORIENTED_EDGE ( 'NONE', *, *, #1052, .T. ) ;
#1584 = CARTESIAN_POINT ( 'NONE',  ( 12.05785317090587050, -2.927269694295950853, 8.000000000000000000 ) ) ;
#1585 = CARTESIAN_POINT ( 'NONE',  ( -11.47561408673061401, 4.719217338362181380, 8.000000000000000000 ) ) ;
#1586 = CARTESIAN_POINT ( 'NONE',  ( -8.704427730807733354, 6.622827502596257965, 8.000000000000000000 ) ) ;
#1587 = VERTEX_POINT ( 'NONE', #1576 ) ;
#1588 = CARTESIAN_POINT ( 'NONE',  ( -4.161888422927061626, -10.33666240664887681, 0.000000000000000000 ) ) ;
#1589 = CARTESIAN_POINT ( 'NONE',  ( -10.80883218877869822, 2.708699257713678143, 8.000000000000000000 ) ) ;
#1590 = CARTESIAN_POINT ( 'NONE',  ( 10.09620455160493435, -6.367618434587465792, 8.000000000000000000 ) ) ;
#1591 = CARTESIAN_POINT ( 'NONE',  ( 11.46368139467869263, 6.626136714284793783, 0.000000000000000000 ) ) ;
#1592 = CARTESIAN_POINT ( 'NONE',  ( 2.919073574173182362, -12.13967088095516367, 8.000000000000000000 ) ) ;
#1593 = ORIENTED_EDGE ( 'NONE', *, *, #720, .F. ) ;
#1594 = CARTESIAN_POINT ( 'NONE',  ( 12.72257526253007498, -2.817469215210147926, 8.000000000000000000 ) ) ;
#1595 = ORIENTED_EDGE ( 'NONE', *, *, #8110, .T. ) ;
#1596 = CARTESIAN_POINT ( 'NONE',  ( 0.000000000000000000, 0.000000000000000000, 0.000000000000000000 ) ) ;
#1597 = DIRECTION ( 'NONE',  ( 1.000000000000000000, 0.000000000000000000, 0.000000000000000000 ) ) ;
#1598 = CARTESIAN_POINT ( 'NONE',  ( -2.862521721341669156, -12.51119373526728928, 8.000000000000000000 ) ) ;
#1599 = VERTEX_POINT ( 'NONE', #8207 ) ;
#1600 = CARTESIAN_POINT ( 'NONE',  ( 8.537972830753831843, 36.87661943163737988, 22.71566719992916461 ) ) ;
#1601 = CARTESIAN_POINT ( 'NONE',  ( 8.000542645674995512, 36.34020487516910691, 21.24499480169313870 ) ) ;
#1602 = CARTESIAN_POINT ( 'NONE',  ( -13.57387004039618006, -1.668469543075150385, -5.204170427930421283E-15 ) ) ;
#1603 = ORIENTED_EDGE ( 'NONE', *, *, #6681, .F. ) ;
#1604 = B_SPLINE_SURFACE_WITH_KNOTS ( 'NONE', 3, 1, ( 
 ( #585, #1922 ),
 ( #1336, #7288 ),
 ( #3296, #6065 ),
 ( #4600, #7420 ),
 ( #4654, #98 ),
 ( #6016, #2623 ),
 ( #5300, #5971 ),
 ( #2713, #5351 ),
 ( #1431, #5255 ),
 ( #6679, #5437 ),
 ( #7982, #3950 ),
 ( #6811, #1383 ),
 ( #56, #1968 ),
 ( #4697, #628 ),
 ( #6638, #3340 ),
 ( #8689, #8109 ),
 ( #4781, #4037 ),
 ( #6721, #7462 ),
 ( #2674, #8030 ),
 ( #5394, #674 ),
 ( #758, #3393 ),
 ( #8071, #2055 ),
 ( #4735, #6770 ),
 ( #716, #3432 ),
 ( #6107, #4122 ),
 ( #7587, #4822 ),
 ( #6851, #3596 ),
 ( #8152, #4945 ),
 ( #2179, #3686 ) ),
 .UNSPECIFIED., .F., .F., .F.,
 ( 4, 1, 1, 1, 1, 1, 1, 1, 1, 1, 1, 1, 1, 1, 1, 1, 1, 1, 1, 1, 1, 1, 1, 1, 1, 1, 4 ),
 ( 2, 2 ),
 ( 0.4925683021194534605, 0.5024463643869940821, 0.5250929155847819940, 0.5469717870834428508, 0.5680829788830696891, 0.5884264909837645385, 0.6080023233856429732, 0.6268104760888334459, 0.6448509490934806188, 0.6621237423997496929, 0.6786288560078284071, 0.6943662899179314785, 0.7093360441303072639, 0.7235381186452435331, 0.7369725134630787933, 0.7496392285842117253, 0.7615382640091191702, 0.7726696197383760012, 0.7830332957726851006, 0.7926292921129175495, 0.8014576087601730237, 0.8095182457158636158, 0.8168112029818485054, 0.8233364805606433467, 0.8290940784557681020, 0.8340839966723704313, 1.000000000000000000 ),
 ( 0.000000000000000000, 1.000000000000000000 ),
 .UNSPECIFIED. ) ;
#1605 = CARTESIAN_POINT ( 'NONE',  ( -10.91417308631845096, 6.575057906251698725, 8.000000000000000000 ) ) ;
#1606 = CARTESIAN_POINT ( 'NONE',  ( -11.58812316373725260, 6.630420918280079512, 0.000000000000000000 ) ) ;
#1607 =( BOUNDED_CURVE ( )  B_SPLINE_CURVE ( 3, ( #8697, #5358, #1253, #1302 ),
 .UNSPECIFIED., .F., .T. ) 
 B_SPLINE_CURVE_WITH_KNOTS ( ( 4, 4 ),
 ( 4.651194585347021793, 5.488018915710505041 ),
 .UNSPECIFIED. ) 
 CURVE ( )  GEOMETRIC_REPRESENTATION_ITEM ( )  RATIONAL_B_SPLINE_CURVE ( ( 1.000000000000000000, 0.9424901634910558545, 0.9424901634910558545, 1.000000000000000000 ) ) 
 REPRESENTATION_ITEM ( '' )  );
#1608 = CARTESIAN_POINT ( 'NONE',  ( 11.02139818175206720, -4.386616976970844739, 0.000000000000000000 ) ) ;
#1609 = EDGE_CURVE ( 'NONE', #2683, #3323, #371, .T. ) ;
#1610 = ORIENTED_EDGE ( 'NONE', *, *, #2279, .F. ) ;
#1611 = CARTESIAN_POINT ( 'NONE',  ( -6.626136714284590390, -11.46368139467881342, 8.000000000000000000 ) ) ;
#1612 = CARTESIAN_POINT ( 'NONE',  ( -9.221936103764075909, 9.969200282347939535, 8.000000000000000000 ) ) ;
#1613 = ADVANCED_FACE ( 'NONE', ( #6547 ), #7860, .T. ) ;
#1614 = CARTESIAN_POINT ( 'NONE',  ( -11.01428446989498333, -6.588591420233511187, 8.000000000000000000 ) ) ;
#1615 = CARTESIAN_POINT ( 'NONE',  ( 17.38119431253994307, 40.58044520220693130, 3.920912780132321807 ) ) ;
#1616 = CARTESIAN_POINT ( 'NONE',  ( 6.626067776682184274, 12.02849558169551614, 8.000000000000000000 ) ) ;
#1617 = CARTESIAN_POINT ( 'NONE',  ( 12.37227591337641286, 0.9420826277742860855, 8.000000000000000000 ) ) ;
#1618 = DIRECTION ( 'NONE',  ( 0.000000000000000000, 0.000000000000000000, -1.000000000000000000 ) ) ;
#1619 = CARTESIAN_POINT ( 'NONE',  ( 2.404360374132630263, 34.35789361850344648, 16.85819456520871285 ) ) ;
#1620 = CARTESIAN_POINT ( 'NONE',  ( -12.97053397611295189, 1.251919511749328029, 8.000000000000000000 ) ) ;
#1621 = CARTESIAN_POINT ( 'NONE',  ( 9.328340841224363800, -10.00078975079867938, 8.000000000000000000 ) ) ;
#1622 = CARTESIAN_POINT ( 'NONE',  ( -6.622827502596288163, 8.704427730807712038, 8.000000000000000000 ) ) ;
#1623 = LINE ( 'NONE', #1755, #3646 ) ;
#1624 = ORIENTED_EDGE ( 'NONE', *, *, #1482, .F. ) ;
#1625 = CARTESIAN_POINT ( 'NONE',  ( -12.97053397611295189, 1.251919511749328029, 8.000000000000000000 ) ) ;
#1626 = CARTESIAN_POINT ( 'NONE',  ( -2.932881190150526507, 11.52995163726277283, 0.000000000000000000 ) ) ;
#1627 = PLANE ( 'NONE',  #7311 ) ;
#1628 = CARTESIAN_POINT ( 'NONE',  ( 13.50622083004036611, 2.577692551524271902, 8.000000000000000000 ) ) ;
#1629 = ORIENTED_EDGE ( 'NONE', *, *, #8478, .T. ) ;
#1630 = CARTESIAN_POINT ( 'NONE',  ( -4.580317944817310583, -11.30699639290210357, 8.000000000000000000 ) ) ;
#1631 = DIRECTION ( 'NONE',  ( 0.6952987775432847295, 0.000000000000000000, -0.7187208150226440662 ) ) ;
#1632 = CARTESIAN_POINT ( 'NONE',  ( 11.71732392095630715, -6.632284204934304483, 8.000000000000000000 ) ) ;
#1633 = CARTESIAN_POINT ( 'NONE',  ( 12.44189184801367709, -5.853360337646297928, 8.000000000000000000 ) ) ;
#1634 = CARTESIAN_POINT ( 'NONE',  ( 2.940530670474323927, -11.83979557596821230, 8.000000000000000000 ) ) ;
#1635 = CARTESIAN_POINT ( 'NONE',  ( 0.000000000000000000, 0.000000000000000000, 0.000000000000000000 ) ) ;
#1636 = ADVANCED_FACE ( 'NONE', ( #8507 ), #2497, .F. ) ;
#1637 = ORIENTED_EDGE ( 'NONE', *, *, #4742, .T. ) ;
#1638 = CIRCLE ( 'NONE', #1790, 10.93750000000000178 ) ;
#1639 = CARTESIAN_POINT ( 'NONE',  ( 6.231836464888760752, 8.988499347771170989, 0.000000000000000000 ) ) ;
#1640 = CARTESIAN_POINT ( 'NONE',  ( 10.02415449855976703, 9.411632514553680551, 0.000000000000000000 ) ) ;
#1641 = CARTESIAN_POINT ( 'NONE',  ( -2.919073574173006058, -12.13967088095520097, 0.000000000000000000 ) ) ;
#1642 = VERTEX_POINT ( 'NONE', #2146 ) ;
#1643 = CARTESIAN_POINT ( 'NONE',  ( 5.979336619035111156, 36.89110679261474957, 18.22199174062422244 ) ) ;
#1644 = CARTESIAN_POINT ( 'NONE',  ( 8.217414547560627724, 36.20883471463899639, 22.31272240008008012 ) ) ;
#1645 = CARTESIAN_POINT ( 'NONE',  ( -12.16898868378441456, -0.8620871873792715911, -5.204170427930421283E-15 ) ) ;
#1646 = VERTEX_POINT ( 'NONE', #8118 ) ;
#1647 = CARTESIAN_POINT ( 'NONE',  ( -9.442776183394450129, 5.916238915412022514, 0.000000000000000000 ) ) ;
#1648 = AXIS2_PLACEMENT_3D ( 'NONE', #5176, #7858, #6778 ) ;
#1649 = CARTESIAN_POINT ( 'NONE',  ( -3.608867157514807911, 10.32496896312095913, 0.000000000000000000 ) ) ;
#1650 = CARTESIAN_POINT ( 'NONE',  ( 11.87581303661966281, -5.115945187291530694, 0.000000000000000000 ) ) ;
#1651 = ORIENTED_EDGE ( 'NONE', *, *, #6561, .F. ) ;
#1652 = EDGE_CURVE ( 'NONE', #1240, #96, #5867, .T. ) ;
#1653 = CARTESIAN_POINT ( 'NONE',  ( 1.312474532673086891, -13.06843834723477649, 0.000000000000000000 ) ) ;
#1654 = AXIS2_PLACEMENT_3D ( 'NONE', #3548, #1419, #5424 ) ;
#1655 = DIRECTION ( 'NONE',  ( 1.000000000000000000, 0.000000000000000000, 0.000000000000000000 ) ) ;
#1656 = CARTESIAN_POINT ( 'NONE',  ( -11.96219333340840052, -6.628700411335519682, 8.000000000000000000 ) ) ;
#1657 = CARTESIAN_POINT ( 'NONE',  ( 5.781365353077924318, 12.39393210983948634, 8.000000000000000000 ) ) ;
#1658 = CARTESIAN_POINT ( 'NONE',  ( 6.600657436017989710, 11.11931436071744983, 8.000000000000000000 ) ) ;
#1659 = EDGE_CURVE ( 'NONE', #7696, #2131, #6020, .T. ) ;
#1660 = CARTESIAN_POINT ( 'NONE',  ( 2.478226235990156567, 34.97690072877048806, 26.71644639247666930 ) ) ;
#1661 = CARTESIAN_POINT ( 'NONE',  ( -1.043230125283124199, 12.59066394308166181, 8.000000000000000000 ) ) ;
#1662 = CARTESIAN_POINT ( 'NONE',  ( 11.12353076645866956, 4.449236289362211494, 0.000000000000000000 ) ) ;
#1663 = VECTOR ( 'NONE', #3032, 1000.000000000000114 ) ;
#1664 = AXIS2_PLACEMENT_3D ( 'NONE', #6309, #4450, #7137 ) ;
#1665 = ADVANCED_FACE ( 'NONE', ( #3399, #8650, #8036 ), #7468, .T. ) ;
#1666 = CARTESIAN_POINT ( 'NONE',  ( 1.251919511749373326, -12.97053397611294656, 0.000000000000000000 ) ) ;
#1667 = CARTESIAN_POINT ( 'NONE',  ( 8.535381057717644993, -9.713655369616102320, 0.000000000000000000 ) ) ;
#1668 = CARTESIAN_POINT ( 'NONE',  ( 7.023307431747320528, 38.81817418830465272, -14.33624601193723613 ) ) ;
#1669 = VECTOR ( 'NONE', #7167, 1000.000000000000000 ) ;
#1670 = CARTESIAN_POINT ( 'NONE',  ( -11.52995163726278349, 2.932881190150485651, 8.000000000000000000 ) ) ;
#1671 = DIRECTION ( 'NONE',  ( 0.000000000000000000, 0.000000000000000000, 1.000000000000000000 ) ) ;
#1672 = ORIENTED_EDGE ( 'NONE', *, *, #2968, .F. ) ;
#1673 = VECTOR ( 'NONE', #918, 1000.000000000000114 ) ;
#1674 = LINE ( 'NONE', #255, #1759 ) ;
#1675 = CARTESIAN_POINT ( 'NONE',  ( 9.126433365741213777, -7.577720000373604492, -5.204170427930421283E-15 ) ) ;
#1676 = CARTESIAN_POINT ( 'NONE',  ( 8.181339682155837068, 9.539420412439032049, 8.000000000000000000 ) ) ;
#1677 = CARTESIAN_POINT ( 'NONE',  ( -4.449236289362012542, -11.12353076645875127, 8.000000000000000000 ) ) ;
#1678 = AXIS2_PLACEMENT_3D ( 'NONE', #3183, #2390, #2343 ) ;
#1679 =( BOUNDED_CURVE ( )  B_SPLINE_CURVE ( 3, ( #602, #4445, #3175, #5991 ),
 .UNSPECIFIED., .F., .F. ) 
 B_SPLINE_CURVE_WITH_KNOTS ( ( 4, 4 ),
 ( 3.281921209553531948, 4.443473401705219317 ),
 .UNSPECIFIED. ) 
 CURVE ( )  GEOMETRIC_REPRESENTATION_ITEM ( )  RATIONAL_B_SPLINE_CURVE ( ( 1.000000000000000000, 0.8906913858799008210, 0.8906913858799008210, 1.000000000000000000 ) ) 
 REPRESENTATION_ITEM ( '' )  );
#1680 = EDGE_LOOP ( 'NONE', ( #5662, #5849, #7748, #4943 ) ) ;
#1681 = CARTESIAN_POINT ( 'NONE',  ( -4.425208852857711150, -11.08591166683805262, 0.000000000000000000 ) ) ;
#1682 = DIRECTION ( 'NONE',  ( -0.000000000000000000, -0.000000000000000000, -1.000000000000000000 ) ) ;
#1683 = B_SPLINE_SURFACE_WITH_KNOTS ( 'NONE', 3, 1, ( 
 ( #1554, #3055 ),
 ( #2346, #879 ),
 ( #8316, #1050 ),
 ( #921, #6929 ),
 ( #215, #4415 ),
 ( #268, #1687 ),
 ( #2971, #2260 ),
 ( #8273, #7710 ),
 ( #308, #7061 ),
 ( #3591, #7101 ),
 ( #1634, #6270 ),
 ( #2919, #7622 ),
 ( #5735, #3011 ),
 ( #4373, #6311 ),
 ( #1592, #968 ),
 ( #6400, #3719 ),
 ( #2303, #3759 ),
 ( #349, #6443 ),
 ( #8403, #2395 ),
 ( #5072, #4280 ),
 ( #389, #3105 ),
 ( #5782, #2436 ),
 ( #6970, #3636 ),
 ( #5649, #4981 ),
 ( #7665, #8673 ),
 ( #3804, #4585 ),
 ( #2564, #8485 ),
 ( #6002, #613 ),
 ( #8582, #7225 ) ),
 .UNSPECIFIED., .F., .F., .F.,
 ( 4, 1, 1, 1, 1, 1, 1, 1, 1, 1, 1, 1, 1, 1, 1, 1, 1, 1, 1, 1, 1, 1, 1, 1, 1, 1, 4 ),
 ( 2, 2 ),
 ( 0.000000000000000000, 0.1659160033276295965, 0.1709059215442318702, 0.1766635194393565977, 0.1831887970181514669, 0.1904817542841364120, 0.1985423912398269763, 0.2073707078870824227, 0.2169667042273148716, 0.2273303802616240543, 0.2384617359908808021, 0.2503607714157882191, 0.2630274865369212067, 0.2764618813547564669, 0.2906639558696927361, 0.3056337100820685215, 0.3213711439921715929, 0.3378762576002502516, 0.3551490509065193812, 0.3731895239111665541, 0.3919976766143570268, 0.4115735090162354615, 0.4319170211169303109, 0.4530282129165571492, 0.4749070844152180060, 0.4975536356130058624, 0.5074316978669450862 ),
 ( 0.000000000000000000, 1.000000000000000000 ),
 .UNSPECIFIED. ) ;
#1684 = CARTESIAN_POINT ( 'NONE',  ( 10.23507608951711845, -6.418760976341251201, 8.000000000000000000 ) ) ;
#1685 = CARTESIAN_POINT ( 'NONE',  ( -12.05320353502385622, -0.8231400688186033543, 0.000000000000000000 ) ) ;
#1686 = VERTEX_POINT ( 'NONE', #2681 ) ;
#1687 = CARTESIAN_POINT ( 'NONE',  ( 2.936066220364136115, -11.56976343863533607, 0.000000000000000000 ) ) ;
#1688 = AXIS2_PLACEMENT_3D ( 'NONE', #2887, #2105, #105 ) ;
#1689 = ADVANCED_FACE ( 'NONE', ( #4660 ), #5763, .T. ) ;
#1690 = CARTESIAN_POINT ( 'NONE',  ( -4.719217338362222236, 11.47561408673059624, 0.000000000000000000 ) ) ;
#1691 = VERTEX_POINT ( 'NONE', #1649 ) ;
#1692 = B_SPLINE_CURVE_WITH_KNOTS ( 'NONE', 3,
 ( #8443, #7828, #3800, #430, #3139, #8481, #2471, #5147, #1811, #1132, #3840, #6521, #3677, #5858, #8525, #7014, #6354, #3007, #5687, #4537, #699, #6565, #562, #3881, #2695, #2033, #5235, #7915, #4676 ),
 .UNSPECIFIED., .F., .F.,
 ( 4, 1, 1, 1, 1, 1, 1, 1, 1, 1, 1, 1, 1, 1, 1, 1, 1, 1, 1, 1, 1, 1, 1, 1, 1, 1, 4 ),
 ( 0.000000000000000000, 0.1659160033276295965, 0.1709059215442318702, 0.1766635194393565977, 0.1831887970181514669, 0.1904817542841364120, 0.1985423912398269763, 0.2073707078870824227, 0.2169667042273148716, 0.2273303802616240543, 0.2384617359908808021, 0.2503607714157882191, 0.2630274865369212067, 0.2764618813547564669, 0.2906639558696927361, 0.3056337100820685215, 0.3213711439921715929, 0.3378762576002502516, 0.3551490509065193812, 0.3731895239111665541, 0.3919976766143570268, 0.4115735090162354615, 0.4319170211169303109, 0.4530282129165571492, 0.4749070844152180060, 0.4975536356130058624, 0.5074316978669450862 ),
 .UNSPECIFIED. ) ;
#1693 = CARTESIAN_POINT ( 'NONE',  ( -8.855020039375045116, 9.844302869038607184, 0.000000000000000000 ) ) ;
#1694 = CARTESIAN_POINT ( 'NONE',  ( -12.17545110014127197, -5.477724940116900143, 8.000000000000000000 ) ) ;
#1695 = CARTESIAN_POINT ( 'NONE',  ( -6.630420918280039544, -11.58812316373727747, 8.000000000000000000 ) ) ;
#1696 = VERTEX_POINT ( 'NONE', #5664 ) ;
#1697 = CARTESIAN_POINT ( 'NONE',  ( 4.731450261406900282, 38.40620247114018326, 20.19223158655974615 ) ) ;
#1698 = CARTESIAN_POINT ( 'NONE',  ( 8.491717156313812964, 35.43564914955062761, 21.30490342557073191 ) ) ;
#1699 = CARTESIAN_POINT ( 'NONE',  ( -11.48389212362418199, -0.6963551242058048096, -5.204170427930421283E-15 ) ) ;
#1700 = CARTESIAN_POINT ( 'NONE',  ( -10.64346975476066604, 6.527568552596115126, 0.000000000000000000 ) ) ;
#1701 = CARTESIAN_POINT ( 'NONE',  ( -12.02849558169539890, -6.626067776682399213, 0.000000000000000000 ) ) ;
#1702 = CARTESIAN_POINT ( 'NONE',  ( 11.05183112916334487, -4.404384806714015888, 0.000000000000000000 ) ) ;
#1703 = ORIENTED_EDGE ( 'NONE', *, *, #2796, .T. ) ;
#1704 = CARTESIAN_POINT ( 'NONE',  ( 1.095856395948400897, -12.69447357664507514, 8.000000000000000000 ) ) ;
#1705 = CARTESIAN_POINT ( 'NONE',  ( 9.625916629980634909, 8.348190801685314355, 0.000000000000000000 ) ) ;
#1706 = CARTESIAN_POINT ( 'NONE',  ( -12.02849558169539890, -6.626067776682399213, 8.000000000000000000 ) ) ;
#1707 = CARTESIAN_POINT ( 'NONE',  ( 4.668788839230941790, -11.41672744483948598, 8.000000000000000000 ) ) ;
#1708 = CARTESIAN_POINT ( 'NONE',  ( -9.699971161946981724, -6.186699299581489342, 0.000000000000000000 ) ) ;
#1709 = CARTESIAN_POINT ( 'NONE',  ( 12.23289380645679536, 0.8857088747962953423, 8.000000000000000000 ) ) ;
#1710 = B_SPLINE_CURVE_WITH_KNOTS ( 'NONE', 3,
 ( #4153, #6843, #2047, #6100, #4730, #1423, #4029, #2746, #4115, #789, #5387, #8063, #2786, #7412, #751, #1377, #3466, #7495, #9, #3510, #1327, #1464, #6189, #6142, #667, #4816, #2708, #6764, #137 ),
 .UNSPECIFIED., .F., .F.,
 ( 4, 1, 1, 1, 1, 1, 1, 1, 1, 1, 1, 1, 1, 1, 1, 1, 1, 1, 1, 1, 1, 1, 1, 1, 1, 1, 4 ),
 ( 0.000000000000000000, 0.1659160033276295965, 0.1709059215442318702, 0.1766635194393565977, 0.1831887970181514669, 0.1904817542841364120, 0.1985423912398269763, 0.2073707078870824227, 0.2169667042273148716, 0.2273303802616240543, 0.2384617359908808021, 0.2503607714157882191, 0.2630274865369212067, 0.2764618813547564669, 0.2906639558696927361, 0.3056337100820685215, 0.3213711439921715929, 0.3378762576002502516, 0.3551490509065193812, 0.3731895239111665541, 0.3919976766143570268, 0.4115735090162354615, 0.4319170211169303109, 0.4530282129165571492, 0.4749070844152180060, 0.4975536356130058624, 0.5074316978669447531 ),
 .UNSPECIFIED. ) ;
#1711 = CARTESIAN_POINT ( 'NONE',  ( 0.000000000000000000, 0.000000000000000000, 8.000000000000000000 ) ) ;
#1712 = CARTESIAN_POINT ( 'NONE',  ( 11.53698844606699758, 4.773939382173117529, 0.000000000000000000 ) ) ;
#1713 = CARTESIAN_POINT ( 'NONE',  ( 3.149229626029004692, -10.47431425022856644, 0.000000000000000000 ) ) ;
#1714 = CARTESIAN_POINT ( 'NONE',  ( 6.446074359603279014, 36.64465634975894659, -15.45951751873687385 ) ) ;
#1715 = CARTESIAN_POINT ( 'NONE',  ( -2.708699257713637287, -10.80883218877870888, 8.000000000000000000 ) ) ;
#1716 = DIRECTION ( 'NONE',  ( -1.000000000000000000, 0.000000000000000000, 0.000000000000000000 ) ) ;
#1717 = EDGE_LOOP ( 'NONE', ( #7388, #7943, #2010, #8317 ) ) ;
#1718 = CARTESIAN_POINT ( 'NONE',  ( -13.48577048812304824, 1.600954125870881040, 8.000000000000000000 ) ) ;
#1719 = EDGE_CURVE ( 'NONE', #911, #1349, #2358, .T. ) ;
#1720 = CARTESIAN_POINT ( 'NONE',  ( -2.577692551524129794, 13.50622083004039276, 0.000000000000000000 ) ) ;
#1721 = CARTESIAN_POINT ( 'NONE',  ( 9.411632514553422979, 10.02415449856000329, 8.000000000000000000 ) ) ;
#1722 = DIRECTION ( 'NONE',  ( -0.000000000000000000, 0.000000000000000000, -1.000000000000000000 ) ) ;
#1723 = VERTEX_POINT ( 'NONE', #2848 ) ;
#1724 = CARTESIAN_POINT ( 'NONE',  ( -1.251919511749373326, -12.97053397611294656, 0.000000000000000000 ) ) ;
#1725 = DIRECTION ( 'NONE',  ( -0.6049683311478913916, -0.2693492547302756557, -0.7493092133988346060 ) ) ;
#1726 = EDGE_CURVE ( 'NONE', #1413, #4282, #6441, .T. ) ;
#1727 = CARTESIAN_POINT ( 'NONE',  ( 10.29093438073252642, -6.436913140481609119, 8.000000000000000000 ) ) ;
#1728 = ORIENTED_EDGE ( 'NONE', *, *, #5851, .F. ) ;
#1729 = LINE ( 'NONE', #388, #3797 ) ;
#1730 = EDGE_LOOP ( 'NONE', ( #539, #8604, #2450, #690, #6661, #4899 ) ) ;
#1731 = CARTESIAN_POINT ( 'NONE',  ( -2.577692551524130238, 13.50622083004039098, 8.000000000000000000 ) ) ;
#1732 = LINE ( 'NONE', #5822, #8106 ) ;
#1733 = ORIENTED_EDGE ( 'NONE', *, *, #6361, .T. ) ;
#1734 = CARTESIAN_POINT ( 'NONE',  ( -7.968244849358884885, 9.415217936709918689, 8.000000000000000000 ) ) ;
#1735 = CARTESIAN_POINT ( 'NONE',  ( -12.39393210985511828, -5.781365353101004523, 0.000000000000000000 ) ) ;
#1736 = CARTESIAN_POINT ( 'NONE',  ( -6.510080463201289191, -10.56312374806397791, 8.000000000000000000 ) ) ;
#1737 = CARTESIAN_POINT ( 'NONE',  ( 7.516397039474025377, 35.65639365477819922, 23.00123583821334350 ) ) ;
#1738 = ADVANCED_FACE ( 'NONE', ( #3603 ), #5573, .F. ) ;
#1739 = CARTESIAN_POINT ( 'NONE',  ( -1.143751547996471052, 12.78342018721907003, 8.000000000000000000 ) ) ;
#1740 = CARTESIAN_POINT ( 'NONE',  ( -10.18403012388274576, 6.401038329813946604, 8.000000000000000000 ) ) ;
#1741 = CARTESIAN_POINT ( 'NONE',  ( -5.477724940116765140, -12.17545110014133058, 0.000000000000000000 ) ) ;
#1742 = CARTESIAN_POINT ( 'NONE',  ( 12.39393210983946325, -5.781365353077968727, 0.000000000000000000 ) ) ;
#1743 = ORIENTED_EDGE ( 'NONE', *, *, #8591, .F. ) ;
#1744 = CARTESIAN_POINT ( 'NONE',  ( -6.527568552596078710, -10.64346975476068913, 0.000000000000000000 ) ) ;
#1745 = CARTESIAN_POINT ( 'NONE',  ( 9.886832010614666544, 8.972047302895536092, 0.000000000000000000 ) ) ;
#1746 = CARTESIAN_POINT ( 'NONE',  ( -8.544655887209446021, -7.152395453489273969, 8.000000000000000000 ) ) ;
#1747 = CARTESIAN_POINT ( 'NONE',  ( 5.781365353078185443, -12.39393210983936378, 8.000000000000000000 ) ) ;
#1748 = CARTESIAN_POINT ( 'NONE',  ( -12.02849558169539890, -6.626067776682399213, 0.000000000000000000 ) ) ;
#1749 = CARTESIAN_POINT ( 'NONE',  ( 12.10906341627275751, 0.8412873393391296917, 0.000000000000000000 ) ) ;
#1750 = CARTESIAN_POINT ( 'NONE',  ( 11.77637575328567010, 2.941794575437405967, -5.204170427930421283E-15 ) ) ;
#1751 = DIRECTION ( 'NONE',  ( 0.7780644821457450844, 0.000000000000000000, -0.6281844168898761405 ) ) ;
#1752 = CARTESIAN_POINT ( 'NONE',  ( 0.000000000000000000, 0.000000000000000000, 8.000000000000000000 ) ) ;
#1753 = CARTESIAN_POINT ( 'NONE',  ( 7.968244849358954163, -9.415217936709856517, 8.000000000000000000 ) ) ;
#1754 = CARTESIAN_POINT ( 'NONE',  ( 4.449236289362172414, -11.12353076645868732, 0.000000000000000000 ) ) ;
#1755 = CARTESIAN_POINT ( 'NONE',  ( -12.04862852623655201, -6.625183064395942623, 8.000000000000000000 ) ) ;
#1756 = CARTESIAN_POINT ( 'NONE',  ( -6.383408261752186341, 55.46885626967003446, 26.69378740028921015 ) ) ;
#1757 = VERTEX_POINT ( 'NONE', #8239 ) ;
#1758 = PLANE ( 'NONE',  #6690 ) ;
#1759 = VECTOR ( 'NONE', #8261, 1000.000000000000000 ) ;
#1760 = DIRECTION ( 'NONE',  ( -0.000000000000000000, -0.000000000000000000, -1.000000000000000000 ) ) ;
#1761 = CARTESIAN_POINT ( 'NONE',  ( 8.105411651555689545, 9.497099640846785817, 8.000000000000000000 ) ) ;
#1762 = ORIENTED_EDGE ( 'NONE', *, *, #6205, .T. ) ;
#1763 = EDGE_CURVE ( 'NONE', #5288, #7445, #8450, .T. ) ;
#1764 = CARTESIAN_POINT ( 'NONE',  ( -4.507497455256024743, -11.20891349420035255, 8.000000000000000000 ) ) ;
#1765 = CARTESIAN_POINT ( 'NONE',  ( 2.577692551524224385, -13.50622083004037677, 8.000000000000000000 ) ) ;
#1766 = FACE_OUTER_BOUND ( 'NONE', #8371, .T. ) ;
#1767 = ORIENTED_EDGE ( 'NONE', *, *, #6948, .T. ) ;
#1768 = CARTESIAN_POINT ( 'NONE',  ( 1.143751547996471052, -12.78342018721907003, 8.000000000000000000 ) ) ;
#1769 = CARTESIAN_POINT ( 'NONE',  ( 0.000000000000000000, 0.000000000000000000, 8.000000000000000000 ) ) ;
#1770 = EDGE_CURVE ( 'NONE', #96, #3879, #2187, .T. ) ;
#1771 = CARTESIAN_POINT ( 'NONE',  ( 5.735383452187241105, 36.78249184486222134, -9.749985545336725679 ) ) ;
#1772 = EDGE_CURVE ( 'NONE', #8395, #2381, #5038, .T. ) ;
#1773 = ORIENTED_EDGE ( 'NONE', *, *, #2451, .T. ) ;
#1774 = CARTESIAN_POINT ( 'NONE',  ( -8.348190801685211326, 9.625916629980727279, 8.000000000000000000 ) ) ;
#1775 = DIRECTION ( 'NONE',  ( 0.7780644821457439742, 0.000000000000000000, -0.6281844168898774727 ) ) ;
#1776 = CARTESIAN_POINT ( 'NONE',  ( -2.940530670474153840, -11.83979557596825671, 8.000000000000000000 ) ) ;
#1777 = CARTESIAN_POINT ( 'NONE',  ( 7.689032399008722152, 35.45890547812133775, 22.93964788438545810 ) ) ;
#1778 = CARTESIAN_POINT ( 'NONE',  ( -10.93483029503508597, -0.2416457505998016175, 8.000000000000000000 ) ) ;
#1779 = CARTESIAN_POINT ( 'NONE',  ( -11.05183112916331645, 4.404384806714092271, 0.000000000000000000 ) ) ;
#1780 = CARTESIAN_POINT ( 'NONE',  ( -5.286606996006893766, -12.02324651265883482, 0.000000000000000000 ) ) ;
#1781 = CARTESIAN_POINT ( 'NONE',  ( 11.36047427339668481, -4.622531273494424831, 8.000000000000000000 ) ) ;
#1782 = B_SPLINE_SURFACE_WITH_KNOTS ( 'NONE', 3, 1, ( 
 ( #5706, #2360 ),
 ( #7114, #3069 ),
 ( #5122, #8369 ),
 ( #6413, #1608 ),
 ( #6327, #1702 ),
 ( #7805, #7034 ),
 ( #1062, #282 ),
 ( #2984, #5039 ),
 ( #3694, #7726 ),
 ( #6985, #935 ),
 ( #5665, #4385 ),
 ( #1781, #4467 ),
 ( #2319, #405 ),
 ( #3774, #7072 ),
 ( #2406, #4955 ),
 ( #3117, #361 ),
 ( #6458, #4995 ),
 ( #5792, #3604 ),
 ( #1022, #3733 ),
 ( #982, #1650 ),
 ( #233, #8459 ),
 ( #4426, #2447 ),
 ( #4342, #6372 ),
 ( #2934, #323 ),
 ( #893, #5748 ),
 ( #8418, #5082 ),
 ( #7764, #1742 ),
 ( #6282, #5623 ),
 ( #8288, #2277 ) ),
 .UNSPECIFIED., .F., .F., .F.,
 ( 4, 1, 1, 1, 1, 1, 1, 1, 1, 1, 1, 1, 1, 1, 1, 1, 1, 1, 1, 1, 1, 1, 1, 1, 1, 1, 4 ),
 ( 2, 2 ),
 ( 0.000000000000000000, 0.1659160033276295965, 0.1709059215442318702, 0.1766635194393565977, 0.1831887970181514669, 0.1904817542841364120, 0.1985423912398269763, 0.2073707078870824227, 0.2169667042273148716, 0.2273303802616240543, 0.2384617359908808021, 0.2503607714157882191, 0.2630274865369212067, 0.2764618813547564669, 0.2906639558696927361, 0.3056337100820685215, 0.3213711439921715929, 0.3378762576002502516, 0.3551490509065193812, 0.3731895239111665541, 0.3919976766143570268, 0.4115735090162354615, 0.4319170211169303109, 0.4530282129165571492, 0.4749070844152180060, 0.4975536356130058624, 0.5074316978669447531 ),
 ( 0.000000000000000000, 1.000000000000000000 ),
 .UNSPECIFIED. ) ;
#1783 = VECTOR ( 'NONE', #5702, 1000.000000000000114 ) ;
#1784 = ORIENTED_EDGE ( 'NONE', *, *, #7326, .F. ) ;
#1785 = CARTESIAN_POINT ( 'NONE',  ( 1.521639563755415203, -13.37787302532245448, 8.000000000000000000 ) ) ;
#1786 = CARTESIAN_POINT ( 'NONE',  ( 10.23507608951697634, 6.418760976341473246, 0.000000000000000000 ) ) ;
#1787 = B_SPLINE_CURVE_WITH_KNOTS ( 'NONE', 3,
 ( #4499, #7794, #3233, #7183, #1181, #5821, #1862, #1224, #7142, #1276, #5151, #7320, #4543, #5911, #8626, #1951, #568, #6570, #2476, #2521, #1138, #6526, #476, #2610, #3187, #3280, #517, #5241, #7920 ),
 .UNSPECIFIED., .F., .F.,
 ( 4, 1, 1, 1, 1, 1, 1, 1, 1, 1, 1, 1, 1, 1, 1, 1, 1, 1, 1, 1, 1, 1, 1, 1, 1, 1, 4 ),
 ( 0.000000000000000000, 0.1659160033276295687, 0.1709059215442318980, 0.1766635194393566533, 0.1831887970181514946, 0.1904817542841363842, 0.1985423912398269763, 0.2073707078870824505, 0.2169667042273148994, 0.2273303802616239988, 0.2384617359908808298, 0.2503607714157882747, 0.2630274865369212067, 0.2764618813547564669, 0.2906639558696927361, 0.3056337100820685215, 0.3213711439921715929, 0.3378762576002503071, 0.3551490509065193812, 0.3731895239111665541, 0.3919976766143570268, 0.4115735090162354615, 0.4319170211169303109, 0.4530282129165571492, 0.4749070844152180060, 0.4975536356130059734, 0.5074316978669450862 ),
 .UNSPECIFIED. ) ;
#1788 = CARTESIAN_POINT ( 'NONE',  ( -9.175863790627211358, -7.634358818669890745, 0.000000000000000000 ) ) ;
#1789 = PLANE ( 'NONE',  #5320 ) ;
#1790 = AXIS2_PLACEMENT_3D ( 'NONE', #3448, #647, #1357 ) ;
#1791 = CARTESIAN_POINT ( 'NONE',  ( 13.37787302532243849, 1.521639563755555313, 8.000000000000000000 ) ) ;
#1792 = CARTESIAN_POINT ( 'NONE',  ( -12.31670401296924489, -2.895913797652550858, 8.000000000000000000 ) ) ;
#1793 = CARTESIAN_POINT ( 'NONE',  ( 13.06987279011077874, 2.724978029605349406, -5.204170427930421283E-15 ) ) ;
#1794 = CARTESIAN_POINT ( 'NONE',  ( -11.63207506770849875, 53.13199924803154062, 21.61616680320317130 ) ) ;
#1795 = AXIS2_PLACEMENT_3D ( 'NONE', #1711, #4222, #4394 ) ;
#1796 = CARTESIAN_POINT ( 'NONE',  ( -10.80883218877889895, -2.708699257713867770, 0.000000000000000000 ) ) ;
#1797 = CARTESIAN_POINT ( 'NONE',  ( -10.47431425022858065, -3.149229626028969165, 8.000000000000000000 ) ) ;
#1798 = CARTESIAN_POINT ( 'NONE',  ( 4.542018187747301816, -11.25643158326919746, 0.000000000000000000 ) ) ;
#1799 = CARTESIAN_POINT ( 'NONE',  ( 11.20891349420027261, 4.507497455256226360, 8.000000000000000000 ) ) ;
#1800 = DIRECTION ( 'NONE',  ( 1.000000000000000000, 0.000000000000000000, 0.000000000000000000 ) ) ;
#1801 = ORIENTED_EDGE ( 'NONE', *, *, #8699, .T. ) ;
#1802 = CARTESIAN_POINT ( 'NONE',  ( 10.80883218877871599, -2.708699257713604869, 8.000000000000000000 ) ) ;
#1803 = EDGE_CURVE ( 'NONE', #362, #8538, #2494, .T. ) ;
#1804 = AXIS2_PLACEMENT_3D ( 'NONE', #1596, #4283, #8321 ) ;
#1805 = CARTESIAN_POINT ( 'NONE',  ( 9.969200282348042563, -9.221936103763963999, 8.000000000000000000 ) ) ;
#1806 = DIRECTION ( 'NONE',  ( -0.7296168394300780458, 0.000000000000000000, 0.6838561746596016899 ) ) ;
#1807 = AXIS2_PLACEMENT_3D ( 'NONE', #2993, #7647, #1751 ) ;
#1808 = ORIENTED_EDGE ( 'NONE', *, *, #6681, .T. ) ;
#1809 = CIRCLE ( 'NONE', #810, 10.93750000000000178 ) ;
#1810 = CARTESIAN_POINT ( 'NONE',  ( -5.781365353078006919, -12.39393210983944726, 8.000000000000000000 ) ) ;
#1811 = CARTESIAN_POINT ( 'NONE',  ( -7.750629585191656012, -9.267416903471977108, 0.000000000000000000 ) ) ;
#1812 = CARTESIAN_POINT ( 'NONE',  ( 13.06843834723479070, -1.312474532672950112, -5.204170427930421283E-15 ) ) ;
#1813 = ORIENTED_EDGE ( 'NONE', *, *, #8217, .T. ) ;
#1814 = CARTESIAN_POINT ( 'NONE',  ( -13.57387004037415323, -1.668469543058270332, 0.000000000000000000 ) ) ;
#1815 = ORIENTED_EDGE ( 'NONE', *, *, #3978, .T. ) ;
#1816 = FACE_OUTER_BOUND ( 'NONE', #3515, .T. ) ;
#1817 = AXIS2_PLACEMENT_3D ( 'NONE', #6436, #472, #8398 ) ;
#1818 = EDGE_CURVE ( 'NONE', #8356, #1696, #6060, .T. ) ;
#1819 = CARTESIAN_POINT ( 'NONE',  ( 10.02415449855997132, -9.411632514553458506, 8.000000000000000000 ) ) ;
#1820 = B_SPLINE_CURVE_WITH_KNOTS ( 'NONE', 3,
 ( #2728, #8084, #7477, #1984, #6697, #4135, #646, #3359, #6034, #8708, #2069, #4754, #7436, #159, #943, #6336, #6252, #4302, #8206, #8296, #4175, #2195, #4962, #3613, #5672, #2896, #6290, #8338, #1575 ),
 .UNSPECIFIED., .F., .F.,
 ( 4, 1, 1, 1, 1, 1, 1, 1, 1, 1, 1, 1, 1, 1, 1, 1, 1, 1, 1, 1, 1, 1, 1, 1, 1, 1, 4 ),
 ( 0.000000000000000000, 0.1659160033276295965, 0.1709059215442318702, 0.1766635194393565977, 0.1831887970181514669, 0.1904817542841364120, 0.1985423912398269763, 0.2073707078870824227, 0.2169667042273148716, 0.2273303802616240543, 0.2384617359908808021, 0.2503607714157882191, 0.2630274865369212067, 0.2764618813547564669, 0.2906639558696927361, 0.3056337100820685215, 0.3213711439921715929, 0.3378762576002502516, 0.3551490509065193812, 0.3731895239111665541, 0.3919976766143570268, 0.4115735090162354615, 0.4319170211169303109, 0.4530282129165571492, 0.4749070844152180060, 0.4975536356130058624, 0.5074316978669446421 ),
 .UNSPECIFIED. ) ;
#1821 = ORIENTED_EDGE ( 'NONE', *, *, #3722, .T. ) ;
#1822 = CARTESIAN_POINT ( 'NONE',  ( 10.05932550694766725, -6.352286767647486343, 0.000000000000000000 ) ) ;
#1823 = DIRECTION ( 'NONE',  ( -0.000000000000000000, 0.000000000000000000, -1.000000000000000000 ) ) ;
#1824 = CARTESIAN_POINT ( 'NONE',  ( -2.895913797652415411, -12.31670401296927331, 8.000000000000000000 ) ) ;
#1825 = CIRCLE ( 'NONE', #822, 2.000000000000000000 ) ;
#1826 = CARTESIAN_POINT ( 'NONE',  ( 6.600657436018233071, -11.11931436071730772, 0.000000000000000000 ) ) ;
#1827 = CARTESIAN_POINT ( 'NONE',  ( -1.312474532673086891, 13.06843834723477649, 8.000000000000000000 ) ) ;
#1828 = ADVANCED_FACE ( 'NONE', ( #5875 ), #1148, .F. ) ;
#1829 = CARTESIAN_POINT ( 'NONE',  ( -2.963065021785412867, 0.4693033951206937449, 0.000000000000000000 ) ) ;
#1830 = CARTESIAN_POINT ( 'NONE',  ( -5.581155335976851539, -12.25290083038841082, 0.000000000000000000 ) ) ;
#1831 = CARTESIAN_POINT ( 'NONE',  ( 8.262247439007897043, -9.582420452220537399, 8.000000000000000000 ) ) ;
#1832 = ORIENTED_EDGE ( 'NONE', *, *, #3762, .T. ) ;
#1833 = CARTESIAN_POINT ( 'NONE',  ( -6.383929952666112406, -10.13775510802972057, 8.000000000000000000 ) ) ;
#1834 = CARTESIAN_POINT ( 'NONE',  ( -12.60876818853259529, 1.051893166807116975, 0.000000000000000000 ) ) ;
#1835 = EDGE_LOOP ( 'NONE', ( #5465, #5644, #2699, #4815, #8320, #936, #6095, #7018 ) ) ;
#1836 = CARTESIAN_POINT ( 'NONE',  ( 10.64346975476057366, 6.527568552596270557, 0.000000000000000000 ) ) ;
#1837 = EDGE_CURVE ( 'NONE', #600, #8222, #6737, .T. ) ;
#1838 = CARTESIAN_POINT ( 'NONE',  ( -10.02415449858206031, -9.411632514633833324, 8.000000000000000000 ) ) ;
#1839 = DIRECTION ( 'NONE',  ( -0.6049683311478915027, -0.2693492547302756557, 0.7493092133988346060 ) ) ;
#1840 = DIRECTION ( 'NONE',  ( -0.6049683311478915027, -0.2693492547302756557, 0.7493092133988346060 ) ) ;
#1841 = CARTESIAN_POINT ( 'NONE',  ( -12.22597347346767549, -2.908682420983950134, 0.000000000000000000 ) ) ;
#1842 = CARTESIAN_POINT ( 'NONE',  ( 11.52995163726274086, 2.932881190150647743, 8.000000000000000000 ) ) ;
#1843 = FACE_OUTER_BOUND ( 'NONE', #171, .T. ) ;
#1844 = CARTESIAN_POINT ( 'NONE',  ( -13.48734665307395986, -2.584755384919285248, 0.000000000000000000 ) ) ;
#1845 = CARTESIAN_POINT ( 'NONE',  ( -12.83440038321939269, -2.790132082466676877, 8.000000000000000000 ) ) ;
#1846 = CARTESIAN_POINT ( 'NONE',  ( 8.175957650105020846, 36.30435367939885793, -14.31194379961456065 ) ) ;
#1847 = CARTESIAN_POINT ( 'NONE',  ( 8.283687031865978767, 35.96670825925443893, -13.32622452896219478 ) ) ;
#1848 = CARTESIAN_POINT ( 'NONE',  ( 0.000000000000000000, 0.000000000000000000, 8.000000000000000000 ) ) ;
#1849 = ORIENTED_EDGE ( 'NONE', *, *, #2852, .T. ) ;
#1850 = CARTESIAN_POINT ( 'NONE',  ( 2.328435901529702701, 33.87852536460581376, -9.034675699249760328 ) ) ;
#1851 = CARTESIAN_POINT ( 'NONE',  ( 4.614998238660063201, 38.47293676621648473, -9.453075419099503662 ) ) ;
#1852 = DIRECTION ( 'NONE',  ( -0.6952987775432849515, 0.000000000000000000, 0.7187208150226439551 ) ) ;
#1853 = FACE_OUTER_BOUND ( 'NONE', #2278, .T. ) ;
#1854 = EDGE_LOOP ( 'NONE', ( #4725, #3294, #8573, #6626 ) ) ;
#1855 = CARTESIAN_POINT ( 'NONE',  ( -9.376012365377807356, -7.906868104074100678, 0.000000000000000000 ) ) ;
#1856 = CARTESIAN_POINT ( 'NONE',  ( 6.632284204934521199, -11.71732392095618458, 8.000000000000000000 ) ) ;
#1857 = CARTESIAN_POINT ( 'NONE',  ( 12.87548337994387282, -1.195724957047402448, -5.204170427930421283E-15 ) ) ;
#1858 = ORIENTED_EDGE ( 'NONE', *, *, #7988, .T. ) ;
#1859 = CARTESIAN_POINT ( 'NONE',  ( 0.2416457505997627320, -10.93483029503508597, 8.000000000000000000 ) ) ;
#1860 = VERTEX_POINT ( 'NONE', #7890 ) ;
#1861 = CARTESIAN_POINT ( 'NONE',  ( 11.53698844606699758, 4.773939382173117529, 8.000000000000000000 ) ) ;
#1862 = CARTESIAN_POINT ( 'NONE',  ( -11.12353076645870509, -4.449236289362134222, 0.000000000000000000 ) ) ;
#1863 = CARTESIAN_POINT ( 'NONE',  ( -4.449236289362094254, 11.12353076645872108, 0.000000000000000000 ) ) ;
#1864 = ORIENTED_EDGE ( 'NONE', *, *, #1659, .F. ) ;
#1865 = CARTESIAN_POINT ( 'NONE',  ( 10.64346975476071577, -6.527568552596036078, 0.000000000000000000 ) ) ;
#1866 = CARTESIAN_POINT ( 'NONE',  ( -11.47561408673058025, -4.719217338362263980, 0.000000000000000000 ) ) ;
#1867 = DIRECTION ( 'NONE',  ( 0.6845280282702552732, 0.3047715140836109171, 0.6622202826217419291 ) ) ;
#1868 = CARTESIAN_POINT ( 'NONE',  ( 8.988499347771014669, 6.231836464888988125, 8.000000000000000000 ) ) ;
#1869 = CARTESIAN_POINT ( 'NONE',  ( 6.625183064395725019, 12.04862852623667102, 0.000000000000000000 ) ) ;
#1870 = CARTESIAN_POINT ( 'NONE',  ( 6.418760976341437718, -10.23507608951699943, 8.000000000000000000 ) ) ;
#1871 = CARTESIAN_POINT ( 'NONE',  ( 0.000000000000000000, 0.000000000000000000, 0.000000000000000000 ) ) ;
#1872 = CARTESIAN_POINT ( 'NONE',  ( 0.000000000000000000, 0.000000000000000000, 8.000000000000000000 ) ) ;
#1873 = ORIENTED_EDGE ( 'NONE', *, *, #1887, .T. ) ;
#1874 = CARTESIAN_POINT ( 'NONE',  ( 1.565527684230042960, 34.88661075454945859, -8.371002309411325726 ) ) ;
#1875 = CARTESIAN_POINT ( 'NONE',  ( -12.52642403931682935, 1.011712205768879214, 8.000000000000000000 ) ) ;
#1876 = ORIENTED_EDGE ( 'NONE', *, *, #1356, .T. ) ;
#1877 = CARTESIAN_POINT ( 'NONE',  ( 8.988499347771014669, 6.231836464888988125, 0.000000000000000000 ) ) ;
#1878 = CARTESIAN_POINT ( 'NONE',  ( -9.757522586729514558, -8.636712746112520378, 8.000000000000000000 ) ) ;
#1879 = FACE_OUTER_BOUND ( 'NONE', #7668, .T. ) ;
#1880 = CARTESIAN_POINT ( 'NONE',  ( 13.37787302532243849, 1.521639563755555313, 0.000000000000000000 ) ) ;
#1881 = CARTESIAN_POINT ( 'NONE',  ( 8.704427730807637431, 6.622827502596382310, 0.000000000000000000 ) ) ;
#1882 = CARTESIAN_POINT ( 'NONE',  ( 11.71764203423208883, 2.941792002709162634, -5.204170427930421283E-15 ) ) ;
#1883 = EDGE_CURVE ( 'NONE', #8053, #6446, #3500, .T. ) ;
#1884 = CARTESIAN_POINT ( 'NONE',  ( 10.47431425022862150, -3.149229626028823503, 0.000000000000000000 ) ) ;
#1885 = CARTESIAN_POINT ( 'NONE',  ( -9.411632514553501139, -10.02415449855993757, 0.000000000000000000 ) ) ;
#1886 = B_SPLINE_CURVE_WITH_KNOTS ( 'NONE', 3,
 ( #6746, #5587, #2073, #2118 ),
 .UNSPECIFIED., .F., .F.,
 ( 4, 4 ),
 ( 7.949501638480626889E-18, 9.903233487043647113E-05 ),
 .UNSPECIFIED. ) ;
#1887 = EDGE_CURVE ( 'NONE', #5243, #1500, #5081, .T. ) ;
#1888 = CARTESIAN_POINT ( 'NONE',  ( -11.56976343863534851, -2.936066220364096147, 8.000000000000000000 ) ) ;
#1889 = CARTESIAN_POINT ( 'NONE',  ( 7.883503421477775497, 36.88321262613789031, -14.33719439383563632 ) ) ;
#1890 = CARTESIAN_POINT ( 'NONE',  ( -5.581155335976941245, 12.25290083038837352, 8.000000000000000000 ) ) ;
#1891 = CARTESIAN_POINT ( 'NONE',  ( -9.625916629980753925, 8.348190801685175799, 0.000000000000000000 ) ) ;
#1892 = VERTEX_POINT ( 'NONE', #3731 ) ;
#1893 = CARTESIAN_POINT ( 'NONE',  ( -7.397296749673260230, 55.01744403114347648, 16.37100230941132395 ) ) ;
#1894 = CARTESIAN_POINT ( 'NONE',  ( 9.713655369616260415, -8.535381057717465580, -5.204170427930421283E-15 ) ) ;
#1895 = FACE_OUTER_BOUND ( 'NONE', #8653, .T. ) ;
#1896 = CARTESIAN_POINT ( 'NONE',  ( 9.713655369616075674, 8.535381057717676967, 0.000000000000000000 ) ) ;
#1897 = ORIENTED_EDGE ( 'NONE', *, *, #5264, .T. ) ;
#1898 = CARTESIAN_POINT ( 'NONE',  ( -5.689930116769227553, -12.33100786788152448, 0.000000000000000000 ) ) ;
#1899 = CARTESIAN_POINT ( 'NONE',  ( 6.231836464888957039, -8.988499347771035985, 0.000000000000000000 ) ) ;
#1900 = CARTESIAN_POINT ( 'NONE',  ( 13.62596226217984530, -1.709570872969363942, -5.204170427930421283E-15 ) ) ;
#1901 = EDGE_LOOP ( 'NONE', ( #4009, #1813, #7212, #4379 ) ) ;
#1902 = CARTESIAN_POINT ( 'NONE',  ( -6.626136714284671214, 11.46368139467876901, 8.000000000000000000 ) ) ;
#1903 = VERTEX_POINT ( 'NONE', #6412 ) ;
#1904 = CARTESIAN_POINT ( 'NONE',  ( 11.30699639290202363, 4.580317944817513975, 8.000000000000000000 ) ) ;
#1905 = CYLINDRICAL_SURFACE ( 'NONE', #3037, 10.93750000000000178 ) ;
#1906 = CARTESIAN_POINT ( 'NONE',  ( -6.622827502596226878, -8.704427730807756447, 8.000000000000000000 ) ) ;
#1907 = AXIS2_PLACEMENT_3D ( 'NONE', #1769, #7272, #3887 ) ;
#1908 = VERTEX_POINT ( 'NONE', #3813 ) ;
#1909 = CARTESIAN_POINT ( 'NONE',  ( 6.455308898419642283, 10.35164078446991098, 0.000000000000000000 ) ) ;
#1910 = CARTESIAN_POINT ( 'NONE',  ( -13.06987279011081959, 2.724978029605164664, 8.000000000000000000 ) ) ;
#1911 = CARTESIAN_POINT ( 'NONE',  ( 6.158172100935582982, 36.97072947910781693, 23.56328757768020310 ) ) ;
#1912 = B_SPLINE_CURVE_WITH_KNOTS ( 'NONE', 3,
 ( #2619, #7283, #5966, #6580, #1779, #4595, #7155, #7191, #5295, #2573, #8494, #579, #3812, #3196, #8637, #5790, #3291, #531, #4552, #7977, #3851, #2485, #5873, #7235, #1963, #443, #3153, #8592, #5831 ),
 .UNSPECIFIED., .F., .F.,
 ( 4, 1, 1, 1, 1, 1, 1, 1, 1, 1, 1, 1, 1, 1, 1, 1, 1, 1, 1, 1, 1, 1, 1, 1, 1, 1, 4 ),
 ( 0.000000000000000000, 0.1659160033276295965, 0.1709059215442318702, 0.1766635194393565977, 0.1831887970181514669, 0.1904817542841364120, 0.1985423912398269763, 0.2073707078870824227, 0.2169667042273148716, 0.2273303802616240543, 0.2384617359908808021, 0.2503607714157882191, 0.2630274865369212067, 0.2764618813547564669, 0.2906639558696927361, 0.3056337100820685215, 0.3213711439921715929, 0.3378762576002502516, 0.3551490509065193812, 0.3731895239111665541, 0.3919976766143570268, 0.4115735090162354615, 0.4319170211169303109, 0.4530282129165571492, 0.4749070844152180060, 0.4975536356130058624, 0.5074316978669446421 ),
 .UNSPECIFIED. ) ;
#1913 = CARTESIAN_POINT ( 'NONE',  ( 0.000000000000000000, 0.000000000000000000, 8.000000000000000000 ) ) ;
#1914 = CARTESIAN_POINT ( 'NONE',  ( 11.34404188716879958, 6.619621129381319413, 8.000000000000000000 ) ) ;
#1915 = CARTESIAN_POINT ( 'NONE',  ( -6.631537913675538576, 11.85123473191538501, 0.000000000000000000 ) ) ;
#1916 = DIRECTION ( 'NONE',  ( 0.4067366430758008189, -0.9135454576426006446, 6.572456001240615689E-18 ) ) ;
#1917 = CARTESIAN_POINT ( 'NONE',  ( -9.411632514553499362, -10.02415449855993757, 8.000000000000000000 ) ) ;
#1918 = CARTESIAN_POINT ( 'NONE',  ( 8.348190801685282381, -9.625916629980661554, 8.000000000000000000 ) ) ;
#1919 = EDGE_LOOP ( 'NONE', ( #1849, #2957, #5233, #2712 ) ) ;
#1920 = VECTOR ( 'NONE', #7645, 1000.000000000000114 ) ;
#1921 = CARTESIAN_POINT ( 'NONE',  ( 0.7828886122849475493, -11.91079326901029134, 0.000000000000000000 ) ) ;
#1922 = CARTESIAN_POINT ( 'NONE',  ( -5.853360337715859174, 12.44189184805954440, 0.000000000000000000 ) ) ;
#1923 = CARTESIAN_POINT ( 'NONE',  ( 9.442776183394540723, 5.916238915412332489, 8.000000000000000000 ) ) ;
#1924 = CARTESIAN_POINT ( 'NONE',  ( -9.455639197970723941, -8.034402175150797021, 8.000000000000000000 ) ) ;
#1925 = CARTESIAN_POINT ( 'NONE',  ( -1.043230125283124199, 12.59066394308166181, 8.000000000000000000 ) ) ;
#1926 = DIRECTION ( 'NONE',  ( -0.1564344650402308967, -0.9876883405951376593, 0.000000000000000000 ) ) ;
#1927 = VERTEX_POINT ( 'NONE', #6497 ) ;
#1928 = CARTESIAN_POINT ( 'NONE',  ( 9.149886257342810580, 7.604022508570474237, 8.000000000000000000 ) ) ;
#1929 = CARTESIAN_POINT ( 'NONE',  ( 12.72257526253001814, 2.817469215210413935, -5.204170427930421283E-15 ) ) ;
#1930 = PLANE ( 'NONE',  #7437 ) ;
#1931 = EDGE_CURVE ( 'NONE', #8222, #503, #3897, .T. ) ;
#1932 = ORIENTED_EDGE ( 'NONE', *, *, #2869, .T. ) ;
#1933 = FACE_BOUND ( 'NONE', #762, .T. ) ;
#1934 = CARTESIAN_POINT ( 'NONE',  ( -11.77637575328569319, -2.941794575437323811, 8.000000000000000000 ) ) ;
#1935 = CARTESIAN_POINT ( 'NONE',  ( 7.654071898873756830, 35.51229571734912582, -14.94778344429332684 ) ) ;
#1936 = CARTESIAN_POINT ( 'NONE',  ( 2.963065021785415087, -0.4693033951206933008, 0.000000000000000000 ) ) ;
#1937 = CARTESIAN_POINT ( 'NONE',  ( -9.844302869038637382, 8.855020039375007812, 0.000000000000000000 ) ) ;
#1938 = ORIENTED_EDGE ( 'NONE', *, *, #8110, .F. ) ;
#1939 = FACE_OUTER_BOUND ( 'NONE', #2866, .T. ) ;
#1940 = CARTESIAN_POINT ( 'NONE',  ( 6.626067776679980703, 12.02849558175097222, 8.000000000000000000 ) ) ;
#1941 = EDGE_CURVE ( 'NONE', #5707, #6785, #3362, .T. ) ;
#1942 = DIRECTION ( 'NONE',  ( 0.000000000000000000, -0.000000000000000000, 1.000000000000000000 ) ) ;
#1943 = CARTESIAN_POINT ( 'NONE',  ( -8.544655887209446021, -7.152395453489273969, 0.000000000000000000 ) ) ;
#1944 = CARTESIAN_POINT ( 'NONE',  ( 6.338109664291305734, -10.02706299306001902, 0.000000000000000000 ) ) ;
#1945 = CARTESIAN_POINT ( 'NONE',  ( 12.00148937107103819, -0.8074739252555025448, 8.000000000000000000 ) ) ;
#1946 = ORIENTED_EDGE ( 'NONE', *, *, #1447, .F. ) ;
#1947 = CARTESIAN_POINT ( 'NONE',  ( -12.13967088095519209, 2.919073574173051799, 0.000000000000000000 ) ) ;
#1948 = ORIENTED_EDGE ( 'NONE', *, *, #1269, .T. ) ;
#1949 = CIRCLE ( 'NONE', #6027, 0.9999999999999995559 ) ;
#1950 = CARTESIAN_POINT ( 'NONE',  ( 11.73452356626235193, 4.965029436117633033, 8.000000000000000000 ) ) ;
#1951 = CARTESIAN_POINT ( 'NONE',  ( -11.60070094346934688, -4.833073392807702540, 0.000000000000000000 ) ) ;
#1952 = CARTESIAN_POINT ( 'NONE',  ( -7.798144649837128739, -9.301941798724829624, 8.000000000000000000 ) ) ;
#1953 = CIRCLE ( 'NONE', #7983, 13.75000000000000000 ) ;
#1954 = VECTOR ( 'NONE', #2822, 1000.000000000000114 ) ;
#1955 = ORIENTED_EDGE ( 'NONE', *, *, #2940, .T. ) ;
#1956 = CARTESIAN_POINT ( 'NONE',  ( 6.622827502596351223, -8.704427730807662300, 8.000000000000000000 ) ) ;
#1957 = CARTESIAN_POINT ( 'NONE',  ( -13.48734665312603731, 2.584755384899958042, 0.000000000000000000 ) ) ;
#1958 = CARTESIAN_POINT ( 'NONE',  ( -12.60876818853259529, 1.051893166807116975, 0.000000000000000000 ) ) ;
#1959 = DIRECTION ( 'NONE',  ( 0.000000000000000000, 0.000000000000000000, -1.000000000000000000 ) ) ;
#1960 = VECTOR ( 'NONE', #5843, 1000.000000000000114 ) ;
#1961 = CARTESIAN_POINT ( 'NONE',  ( 6.560248542580159103, -10.81899503309350585, 0.000000000000000000 ) ) ;
#1962 = CARTESIAN_POINT ( 'NONE',  ( -6.527568552596156870, 10.64346975476064650, 0.000000000000000000 ) ) ;
#1963 = CARTESIAN_POINT ( 'NONE',  ( -12.25290083038839484, 5.581155335976898613, 0.000000000000000000 ) ) ;
#1964 = CARTESIAN_POINT ( 'NONE',  ( -9.328340841197613642, -10.00078975079091492, 8.000000000000000000 ) ) ;
#1965 = CC_DESIGN_APPROVAL ( #4928, ( #1094 ) ) ;
#1966 = VECTOR ( 'NONE', #4389, 1000.000000000000000 ) ;
#1967 = CARTESIAN_POINT ( 'NONE',  ( 1.011712205768922734, -12.52642403931682580, 0.000000000000000000 ) ) ;
#1968 = CARTESIAN_POINT ( 'NONE',  ( -4.896733499129095613, 11.66659828334866233, 0.000000000000000000 ) ) ;
#1969 =( BOUNDED_CURVE ( )  B_SPLINE_CURVE ( 3, ( #910, #3497, #1493, #6176 ),
 .UNSPECIFIED., .F., .F. ) 
 B_SPLINE_CURVE_WITH_KNOTS ( ( 4, 4 ),
 ( 6.075793085260069226, 6.283185307179586232 ),
 .UNSPECIFIED. ) 
 CURVE ( )  GEOMETRIC_REPRESENTATION_ITEM ( )  RATIONAL_B_SPLINE_CURVE ( ( 1.000000000000000000, 0.9964189161646835879, 0.9964189161646835879, 1.000000000000000000 ) ) 
 REPRESENTATION_ITEM ( '' )  );
#1970 = CARTESIAN_POINT ( 'NONE',  ( 10.29093438073238609, 6.436913140481833828, 8.000000000000000000 ) ) ;
#1971 = CARTESIAN_POINT ( 'NONE',  ( -2.886444749237070173, 11.13701600410302817, 8.000000000000000000 ) ) ;
#1972 = DIRECTION ( 'NONE',  ( 1.000000000000000000, 0.000000000000000000, 0.000000000000000000 ) ) ;
#1973 = LINE ( 'NONE', #3478, #6433 ) ;
#1974 = CARTESIAN_POINT ( 'NONE',  ( -11.98057174878962172, -2.933454507433609137, 8.000000000000000000 ) ) ;
#1975 = CARTESIAN_POINT ( 'NONE',  ( -10.09620455160484020, -6.367618434587611453, 0.000000000000000000 ) ) ;
#1976 = DIRECTION ( 'NONE',  ( 0.000000000000000000, 0.000000000000000000, -1.000000000000000000 ) ) ;
#1977 = VERTEX_POINT ( 'NONE', #8593 ) ;
#1978 = PLANE ( 'NONE',  #5891 ) ;
#1979 = CARTESIAN_POINT ( 'NONE',  ( 2.938739567862459268, -11.61432090236918668, 8.000000000000000000 ) ) ;
#1980 = CARTESIAN_POINT ( 'NONE',  ( 8.158046900592127670, 36.34390164162223869, -14.31216399933176575 ) ) ;
#1981 = CARTESIAN_POINT ( 'NONE',  ( -4.449236289362094254, 11.12353076645872108, 8.000000000000000000 ) ) ;
#1982 = CARTESIAN_POINT ( 'NONE',  ( -9.625916629980753925, 8.348190801685175799, 8.000000000000000000 ) ) ;
#1983 = ORIENTED_EDGE ( 'NONE', *, *, #8163, .F. ) ;
#1984 = CARTESIAN_POINT ( 'NONE',  ( 9.126433365741213777, -7.577720000373604492, 0.000000000000000000 ) ) ;
#1985 = CARTESIAN_POINT ( 'NONE',  ( 13.06843834723476405, 1.312474532673223671, 0.000000000000000000 ) ) ;
#1986 = CARTESIAN_POINT ( 'NONE',  ( -9.234787594130803967, 7.707558585906848059, 0.000000000000000000 ) ) ;
#1987 = CARTESIAN_POINT ( 'NONE',  ( 9.757522586729452385, 8.636712746112591432, 8.000000000000000000 ) ) ;
#1988 = CARTESIAN_POINT ( 'NONE',  ( -5.115945187291566221, -11.87581303661964682, 8.000000000000000000 ) ) ;
#1989 = CARTESIAN_POINT ( 'NONE',  ( 6.473761040516524901, -10.41722559423728356, 0.000000000000000000 ) ) ;
#1990 = EDGE_CURVE ( 'NONE', #6815, #6352, #7690, .T. ) ;
#1991 = CARTESIAN_POINT ( 'NONE',  ( 11.95399604505281488, -0.7941151212462261855, 8.000000000000000000 ) ) ;
#1992 = CARTESIAN_POINT ( 'NONE',  ( -6.231836464888890426, 8.988499347771085723, 8.000000000000000000 ) ) ;
#1993 = ORIENTED_EDGE ( 'NONE', *, *, #6789, .T. ) ;
#1994 = CARTESIAN_POINT ( 'NONE',  ( 11.41672744483946822, 4.668788839230981758, 0.000000000000000000 ) ) ;
#1995 = CARTESIAN_POINT ( 'NONE',  ( 12.05785317090587050, -2.927269694295950853, 0.000000000000000000 ) ) ;
#1996 = PLANE ( 'NONE',  #5599 ) ;
#1997 = EDGE_CURVE ( 'NONE', #8479, #3806, #8382, .T. ) ;
#1998 = ADVANCED_FACE ( 'NONE', ( #1332 ), #3167, .T. ) ;
#1999 = ORIENTED_EDGE ( 'NONE', *, *, #3234, .T. ) ;
#2000 = CARTESIAN_POINT ( 'NONE',  ( 6.436913140481572704, 10.29093438073254951, 0.000000000000000000 ) ) ;
#2001 = CARTESIAN_POINT ( 'NONE',  ( -11.77637575328571451, 2.941794575437239434, 8.000000000000000000 ) ) ;
#2002 = EDGE_CURVE ( 'NONE', #5904, #1696, #7284, .T. ) ;
#2003 = CARTESIAN_POINT ( 'NONE',  ( -12.44755643926126254, 0.9751606640714993723, 0.000000000000000000 ) ) ;
#2004 = CARTESIAN_POINT ( 'NONE',  ( -6.622827502596288163, 8.704427730807712038, 8.000000000000000000 ) ) ;
#2005 = CARTESIAN_POINT ( 'NONE',  ( 11.46368139467869263, 6.626136714284793783, 8.000000000000000000 ) ) ;
#2006 = CARTESIAN_POINT ( 'NONE',  ( -6.626136714284671214, 11.46368139467876901, 0.000000000000000000 ) ) ;
#2007 = LINE ( 'NONE', #7375, #527 ) ;
#2008 = CARTESIAN_POINT ( 'NONE',  ( -7.313425558786478042, -8.881356617214166249, 8.000000000000000000 ) ) ;
#2009 = CARTESIAN_POINT ( 'NONE',  ( 7.152395453489308608, -8.544655887209419376, 8.000000000000000000 ) ) ;
#2010 = ORIENTED_EDGE ( 'NONE', *, *, #2582, .T. ) ;
#2011 = CARTESIAN_POINT ( 'NONE',  ( 0.8857088747961672226, -12.23289380645680424, 0.000000000000000000 ) ) ;
#2012 = CYLINDRICAL_SURFACE ( 'NONE', #2240, 1.000000000000002665 ) ;
#2013 = CYLINDRICAL_SURFACE ( 'NONE', #7580, 13.75000000000000000 ) ;
#2014 = CARTESIAN_POINT ( 'NONE',  ( -2.936066220364054402, 11.56976343863535917, 0.000000000000000000 ) ) ;
#2015 = CARTESIAN_POINT ( 'NONE',  ( 9.392211555323701333, 10.01877448793506176, 0.000000000000000000 ) ) ;
#2016 = CARTESIAN_POINT ( 'NONE',  ( 5.286606996007066073, -12.02324651265876021, 0.000000000000000000 ) ) ;
#2017 = CARTESIAN_POINT ( 'NONE',  ( -9.094348737717258047, 9.928529331195861118, 0.000000000000000000 ) ) ;
#2018 = DIRECTION ( 'NONE',  ( 1.000000000000000000, 0.000000000000000000, 0.000000000000000000 ) ) ;
#2019 = CARTESIAN_POINT ( 'NONE',  ( 0.000000000000000000, 0.000000000000000000, 8.000000000000000000 ) ) ;
#2020 = ORIENTED_EDGE ( 'NONE', *, *, #8591, .T. ) ;
#2021 = CARTESIAN_POINT ( 'NONE',  ( -0.6963551242057667290, -11.48389212362418199, 0.000000000000000000 ) ) ;
#2022 = CARTESIAN_POINT ( 'NONE',  ( 8.242007121775856149, 36.15037965112146168, -14.31376449604008805 ) ) ;
#2023 = CARTESIAN_POINT ( 'NONE',  ( 10.81899503309362487, -6.560248542579958375, 8.000000000000000000 ) ) ;
#2024 = CARTESIAN_POINT ( 'NONE',  ( -9.234787594130803967, 7.707558585906848059, 8.000000000000000000 ) ) ;
#2025 = ORIENTED_EDGE ( 'NONE', *, *, #6205, .F. ) ;
#2026 = B_SPLINE_CURVE_WITH_KNOTS ( 'NONE', 3,
 ( #2468, #426, #7869, #2509, #3095, #5683, #2338, #2427, #7054, #1129, #3836, #467, #8440, #5143, #1761, #1676, #300, #5064, #1083, #7824, #4491, #3176, #4446, #6432, #5726, #7090, #7745, #4365, #1721 ),
 .UNSPECIFIED., .F., .F.,
 ( 4, 1, 1, 1, 1, 1, 1, 1, 1, 1, 1, 1, 1, 1, 1, 1, 1, 1, 1, 1, 1, 1, 1, 1, 1, 1, 4 ),
 ( 0.000000000000000000, 0.1659160033276295965, 0.1709059215442318702, 0.1766635194393565977, 0.1831887970181514669, 0.1904817542841364120, 0.1985423912398269763, 0.2073707078870824227, 0.2169667042273148716, 0.2273303802616240543, 0.2384617359908808021, 0.2503607714157882191, 0.2630274865369212067, 0.2764618813547564669, 0.2906639558696927361, 0.3056337100820685215, 0.3213711439921715929, 0.3378762576002502516, 0.3551490509065193812, 0.3731895239111665541, 0.3919976766143570268, 0.4115735090162354615, 0.4319170211169303109, 0.4530282129165571492, 0.4749070844152180060, 0.4975536356130058624, 0.5074316978669450862 ),
 .UNSPECIFIED. ) ;
#2027 = CARTESIAN_POINT ( 'NONE',  ( 9.801135538539572423, -8.743249532614775887, 8.000000000000000000 ) ) ;
#2028 = CARTESIAN_POINT ( 'NONE',  ( 12.60876818853257930, 1.051893166807293056, 0.000000000000000000 ) ) ;
#2029 = CARTESIAN_POINT ( 'NONE',  ( -8.544655887209717804, 7.152395453489324595, 0.000000000000000000 ) ) ;
#2030 = EDGE_CURVE ( 'NONE', #2981, #6636, #7332, .T. ) ;
#2031 = CARTESIAN_POINT ( 'NONE',  ( 9.713655369616075674, 8.535381057717676967, 8.000000000000000000 ) ) ;
#2032 = CARTESIAN_POINT ( 'NONE',  ( -0.7639867559470682190, -11.11684438996336510, 8.000000000000000000 ) ) ;
#2033 = CARTESIAN_POINT ( 'NONE',  ( -9.221936103764004855, -9.969200282348005260, 0.000000000000000000 ) ) ;
#2034 = CARTESIAN_POINT ( 'NONE',  ( -0.3615961039476712768, 32.68084595136923554, -11.37819580376864970 ) ) ;
#2035 = VERTEX_POINT ( 'NONE', #2973 ) ;
#2036 = DIRECTION ( 'NONE',  ( -0.6798797886080298891, 0.1076823798066468968, -0.7253743710122916299 ) ) ;
#2037 = ORIENTED_EDGE ( 'NONE', *, *, #6373, .F. ) ;
#2038 = CARTESIAN_POINT ( 'NONE',  ( -0.3615961039476712768, 32.68084595136923554, -11.37819580376864970 ) ) ;
#2039 = CARTESIAN_POINT ( 'NONE',  ( -8.034402175150697545, -9.455639197970809207, 8.000000000000000000 ) ) ;
#2040 = EDGE_CURVE ( 'NONE', #205, #4705, #231, .T. ) ;
#2041 = ORIENTED_EDGE ( 'NONE', *, *, #7261, .T. ) ;
#2042 = CARTESIAN_POINT ( 'NONE',  ( -6.352286767647525423, -10.05932550694764060, 0.000000000000000000 ) ) ;
#2043 = CARTESIAN_POINT ( 'NONE',  ( -11.56976343863536982, 2.936066220364013102, 8.000000000000000000 ) ) ;
#2044 = CARTESIAN_POINT ( 'NONE',  ( -13.27225220462997690, 1.447204694645749745, 0.000000000000000000 ) ) ;
#2045 = EDGE_CURVE ( 'NONE', #2381, #1543, #933, .T. ) ;
#2046 = DIRECTION ( 'NONE',  ( 0.000000000000000000, -0.000000000000000000, 1.000000000000000000 ) ) ;
#2047 = CARTESIAN_POINT ( 'NONE',  ( 10.70664486910374968, -4.210990906299789671, 0.000000000000000000 ) ) ;
#2048 = CARTESIAN_POINT ( 'NONE',  ( -6.383929952666185237, 10.13775510802967972, 0.000000000000000000 ) ) ;
#2049 = CARTESIAN_POINT ( 'NONE',  ( 6.492081297254545191, -10.48771353560518449, 8.000000000000000000 ) ) ;
#2050 = VECTOR ( 'NONE', #3313, 1000.000000000000000 ) ;
#2051 = CARTESIAN_POINT ( 'NONE',  ( -8.972047302895360232, -9.886832010614828192, 0.000000000000000000 ) ) ;
#2052 = ADVANCED_FACE ( 'NONE', ( #881 ), #5119, .T. ) ;
#2053 = ORIENTED_EDGE ( 'NONE', *, *, #8116, .F. ) ;
#2054 = CARTESIAN_POINT ( 'NONE',  ( 0.000000000000000000, 0.000000000000000000, 8.000000000000000000 ) ) ;
#2055 = CARTESIAN_POINT ( 'NONE',  ( -4.476617511824047213, 11.16457150618548866, 0.000000000000000000 ) ) ;
#2056 = DIRECTION ( 'NONE',  ( 0.6845280282702556063, 0.3047715140836109171, 0.6622202826217417071 ) ) ;
#2057 = CARTESIAN_POINT ( 'NONE',  ( -2.841541163098047384, 12.61481170127150087, 0.000000000000000000 ) ) ;
#2058 = CARTESIAN_POINT ( 'NONE',  ( 6.811083521000903751, 37.21708596463640362, 20.93841580188242091 ) ) ;
#2059 = FACE_OUTER_BOUND ( 'NONE', #3544, .T. ) ;
#2060 = FACE_OUTER_BOUND ( 'NONE', #5228, .T. ) ;
#2061 = CARTESIAN_POINT ( 'NONE',  ( -11.01428446989498333, -6.588591420233511187, 0.000000000000000000 ) ) ;
#2062 = CARTESIAN_POINT ( 'NONE',  ( 8.535381057717431830, 9.713655369616290614, -5.204170427930421283E-15 ) ) ;
#2063 = AXIS2_PLACEMENT_3D ( 'NONE', #4476, #1840, #4562 ) ;
#2064 = CARTESIAN_POINT ( 'NONE',  ( -0.8620871873792290696, -12.16898868378441634, 8.000000000000000000 ) ) ;
#2065 = CARTESIAN_POINT ( 'NONE',  ( -12.17545110014127197, -5.477724940116900143, 8.000000000000000000 ) ) ;
#2066 = CARTESIAN_POINT ( 'NONE',  ( 10.56312374806400456, -6.510080463201247447, 0.000000000000000000 ) ) ;
#2067 = DIRECTION ( 'NONE',  ( 0.6568746186093763484, 0.000000000000000000, 0.7539998245535516341 ) ) ;
#2068 = ORIENTED_EDGE ( 'NONE', *, *, #4736, .F. ) ;
#2069 = CARTESIAN_POINT ( 'NONE',  ( 9.338196514606284637, -7.850195268865080678, 0.000000000000000000 ) ) ;
#2070 = DIRECTION ( 'NONE',  ( 1.000000000000000000, 0.000000000000000000, 0.000000000000000000 ) ) ;
#2071 = CARTESIAN_POINT ( 'NONE',  ( 6.367618434587429377, 10.09620455160495567, -5.204170427930421283E-15 ) ) ;
#2072 = VECTOR ( 'NONE', #7353, 1000.000000000000000 ) ;
#2073 = CARTESIAN_POINT ( 'NONE',  ( 8.369796192445354777, 35.78340616246288164, 21.31411475692625501 ) ) ;
#2074 = CARTESIAN_POINT ( 'NONE',  ( 2.564797885915432119, 35.37085620153281695, -18.69378740028921015 ) ) ;
#2075 = CARTESIAN_POINT ( 'NONE',  ( 5.286606996007066073, -12.02324651265876021, 8.000000000000000000 ) ) ;
#2076 = LINE ( 'NONE', #825, #1228 ) ;
#2077 = CARTESIAN_POINT ( 'NONE',  ( -6.625183064395903543, 12.04862852623657332, 8.000000000000000000 ) ) ;
#2078 = EDGE_CURVE ( 'NONE', #5925, #38, #7834, .T. ) ;
#2079 = EDGE_LOOP ( 'NONE', ( #770, #726, #890, #47 ) ) ;
#2080 = CARTESIAN_POINT ( 'NONE',  ( 12.41180006574750827, -2.880586703536482052, 0.000000000000000000 ) ) ;
#2081 = AXIS2_PLACEMENT_3D ( 'NONE', #5705, #4910, #934 ) ;
#2082 = CARTESIAN_POINT ( 'NONE',  ( -5.286606996006981696, 12.02324651265879929, 0.000000000000000000 ) ) ;
#2083 = VERTEX_POINT ( 'NONE', #1011 ) ;
#2084 = AXIS2_PLACEMENT_3D ( 'NONE', #2408, #407, #7160 ) ;
#2085 = CARTESIAN_POINT ( 'NONE',  ( -6.626136714284590390, -11.46368139467881342, 0.000000000000000000 ) ) ;
#2086 = CARTESIAN_POINT ( 'NONE',  ( -11.52995163726278349, 2.932881190150485651, 0.000000000000000000 ) ) ;
#2087 = CARTESIAN_POINT ( 'NONE',  ( -9.149886257342867424, -7.604022508570406735, 8.000000000000000000 ) ) ;
#2088 = CARTESIAN_POINT ( 'NONE',  ( -2.936066220364054402, 11.56976343863535917, 8.000000000000000000 ) ) ;
#2089 = CARTESIAN_POINT ( 'NONE',  ( -11.85123473191540455, 6.631537913675494167, 8.000000000000000000 ) ) ;
#2090 = CARTESIAN_POINT ( 'NONE',  ( -6.186699299581457367, 9.699971161947006593, 0.000000000000000000 ) ) ;
#2091 = AXIS2_PLACEMENT_3D ( 'NONE', #5250, #7331, #1147 ) ;
#2092 = CARTESIAN_POINT ( 'NONE',  ( 5.836552422531150697, 12.43077374740206409, 8.000000000000000000 ) ) ;
#2093 = VECTOR ( 'NONE', #5472, 1000.000000000000000 ) ;
#2094 = CARTESIAN_POINT ( 'NONE',  ( -8.105411651555762376, -9.497099640846727198, 0.000000000000000000 ) ) ;
#2095 = ORIENTED_EDGE ( 'NONE', *, *, #1719, .T. ) ;
#2096 = CARTESIAN_POINT ( 'NONE',  ( -6.527568552596156870, 10.64346975476064650, 8.000000000000000000 ) ) ;
#2097 = CARTESIAN_POINT ( 'NONE',  ( 1.600954125870927891, -13.48577048812304113, 0.000000000000000000 ) ) ;
#2098 = VECTOR ( 'NONE', #4704, 1000.000000000000000 ) ;
#2099 = AXIS2_PLACEMENT_3D ( 'NONE', #2199, #3450, #6872 ) ;
#2100 = DIRECTION ( 'NONE',  ( 0.000000000000000000, 0.000000000000000000, -1.000000000000000000 ) ) ;
#2101 = ADVANCED_FACE ( 'NONE', ( #3145 ), #4374, .T. ) ;
#2102 = CARTESIAN_POINT ( 'NONE',  ( -2.927269694296075642, 12.05785317090584208, 8.000000000000000000 ) ) ;
#2103 = CARTESIAN_POINT ( 'NONE',  ( 7.956855682131158680, 36.74740605278255856, 22.32782454084945201 ) ) ;
#2104 = CARTESIAN_POINT ( 'NONE',  ( 4.622531273494623782, -11.36047427339660487, 0.000000000000000000 ) ) ;
#2105 = DIRECTION ( 'NONE',  ( -0.000000000000000000, -0.000000000000000000, -1.000000000000000000 ) ) ;
#2106 = CARTESIAN_POINT ( 'NONE',  ( -10.18403012388270490, -6.401038329814019434, 0.000000000000000000 ) ) ;
#2107 = CARTESIAN_POINT ( 'NONE',  ( 7.668835209822888466, 9.204216794247676248, 8.000000000000000000 ) ) ;
#2108 = AXIS2_PLACEMENT_3D ( 'NONE', #7135, #1682, #4370 ) ;
#2109 = CARTESIAN_POINT ( 'NONE',  ( 8.381833546212176245, 35.75565428452843264, -13.28508304997260225 ) ) ;
#2110 = EDGE_CURVE ( 'NONE', #1141, #1506, #4308, .T. ) ;
#2111 = CARTESIAN_POINT ( 'NONE',  ( -10.33666240664859082, -4.161888422927137121, 8.000000000000000000 ) ) ;
#2112 = CARTESIAN_POINT ( 'NONE',  ( 9.442776183394496314, -5.916238915411951460, 8.000000000000000000 ) ) ;
#2113 = CARTESIAN_POINT ( 'NONE',  ( 5.735383452187241105, 36.78249184486222134, 17.74998554533672745 ) ) ;
#2114 = ORIENTED_EDGE ( 'NONE', *, *, #2212, .F. ) ;
#2115 = VECTOR ( 'NONE', #1287, 1000.000000000000000 ) ;
#2116 = FACE_OUTER_BOUND ( 'NONE', #1717, .T. ) ;
#2117 = CARTESIAN_POINT ( 'NONE',  ( -2.860284478760388716, 31.92015517881673148, 21.61616680320317130 ) ) ;
#2118 = CARTESIAN_POINT ( 'NONE',  ( 8.357623722479971207, 35.81004254095965678, 21.32947797539414125 ) ) ;
#2119 = CARTESIAN_POINT ( 'NONE',  ( -0.9420826277741567445, -12.37227591337642352, 8.000000000000000000 ) ) ;
#2120 = CARTESIAN_POINT ( 'NONE',  ( 5.836552422577571342, -12.43077374743275598, 8.000000000000000000 ) ) ;
#2121 = CARTESIAN_POINT ( 'NONE',  ( 6.231836464888956151, -8.988499347771035985, 0.000000000000000000 ) ) ;
#2122 = CARTESIAN_POINT ( 'NONE',  ( 0.000000000000000000, 0.000000000000000000, 8.000000000000000000 ) ) ;
#2123 = ORIENTED_EDGE ( 'NONE', *, *, #2841, .T. ) ;
#2124 = CARTESIAN_POINT ( 'NONE',  ( 11.13701600410305659, -2.886444749236957374, 0.000000000000000000 ) ) ;
#2125 = CARTESIAN_POINT ( 'NONE',  ( -11.36047427339665461, 4.622531273494502990, 8.000000000000000000 ) ) ;
#2126 = EDGE_LOOP ( 'NONE', ( #3798, #2606, #5639, #4019, #5833 ) ) ;
#2127 = CARTESIAN_POINT ( 'NONE',  ( -6.338109664291160961, -10.02706299306011140, 0.000000000000000000 ) ) ;
#2128 = CARTESIAN_POINT ( 'NONE',  ( -11.13701600410303882, 2.886444749237033314, 0.000000000000000000 ) ) ;
#2129 = CARTESIAN_POINT ( 'NONE',  ( -9.338196514606172727, -7.850195268865215681, 8.000000000000000000 ) ) ;
#2130 = DIRECTION ( 'NONE',  ( -1.000000000000000000, 0.000000000000000000, 0.000000000000000000 ) ) ;
#2131 = VERTEX_POINT ( 'NONE', #1819 ) ;
#2132 = CARTESIAN_POINT ( 'NONE',  ( -11.71732392095625563, 6.632284204934391525, 8.000000000000000000 ) ) ;
#2133 = CARTESIAN_POINT ( 'NONE',  ( -2.941792002709039178, 11.71764203423212081, 0.000000000000000000 ) ) ;
#2134 = CARTESIAN_POINT ( 'NONE',  ( 1.722120468130897475, -13.64173013562592907, 0.000000000000000000 ) ) ;
#2135 = CARTESIAN_POINT ( 'NONE',  ( 11.71764203423215100, -2.941792002708918385, 8.000000000000000000 ) ) ;
#2136 = APPROVAL_DATE_TIME ( #2792, #7136 ) ;
#2137 = ORIENTED_EDGE ( 'NONE', *, *, #4872, .F. ) ;
#2138 = CARTESIAN_POINT ( 'NONE',  ( -6.455308898419793273, 10.35164078446981861, 0.000000000000000000 ) ) ;
#2139 = CARTESIAN_POINT ( 'NONE',  ( 10.23507608951697634, 6.418760976341473246, 0.000000000000000000 ) ) ;
#2140 = DIRECTION ( 'NONE',  ( 0.7164438088153722850, -0.1134735516832018759, -0.6883545756937495819 ) ) ;
#2141 = CARTESIAN_POINT ( 'NONE',  ( -2.941792002709039178, 11.71764203423212081, 0.000000000000000000 ) ) ;
#2142 = CARTESIAN_POINT ( 'NONE',  ( 12.31670401296922179, 2.895913797652636124, 8.000000000000000000 ) ) ;
#2143 = CARTESIAN_POINT ( 'NONE',  ( -12.05320353502385622, -0.8231400688186033543, 8.000000000000000000 ) ) ;
#2144 = ORIENTED_EDGE ( 'NONE', *, *, #3299, .T. ) ;
#2145 = CARTESIAN_POINT ( 'NONE',  ( -7.850195268865184595, 9.338196514606199372, 0.000000000000000000 ) ) ;
#2146 = CARTESIAN_POINT ( 'NONE',  ( 13.50622083004036611, 2.577692551524272790, 0.000000000000000000 ) ) ;
#2147 = CARTESIAN_POINT ( 'NONE',  ( 7.798144649837058573, 9.301941798724888244, -5.204170427930421283E-15 ) ) ;
#2148 = EDGE_LOOP ( 'NONE', ( #8092, #7011, #2850, #2298, #7404, #1784, #7133 ) ) ;
#2149 = CARTESIAN_POINT ( 'NONE',  ( -2.927269694295987268, -12.05785317090586162, 0.000000000000000000 ) ) ;
#2150 = CARTESIAN_POINT ( 'NONE',  ( -11.36047427339662441, -4.622531273494584703, 8.000000000000000000 ) ) ;
#2151 = CARTESIAN_POINT ( 'NONE',  ( 10.48771353560530528, -6.492081297254353345, 0.000000000000000000 ) ) ;
#2152 = CARTESIAN_POINT ( 'NONE',  ( -4.144356524487699645, 56.46574633099009333, 22.18705913416912168 ) ) ;
#2153 = CARTESIAN_POINT ( 'NONE',  ( 6.455308898419642283, 10.35164078446991098, 8.000000000000000000 ) ) ;
#2154 = ADVANCED_FACE ( 'NONE', ( #6401 ), #3763, .T. ) ;
#2155 = CARTESIAN_POINT ( 'NONE',  ( 9.625916629980816097, -8.348190801685102969, 8.000000000000000000 ) ) ;
#2156 = CARTESIAN_POINT ( 'NONE',  ( 0.000000000000000000, 0.000000000000000000, 8.000000000000000000 ) ) ;
#2157 = CARTESIAN_POINT ( 'NONE',  ( 6.455308898419642283, 10.35164078446991098, -5.204170427930421283E-15 ) ) ;
#2158 = EDGE_CURVE ( 'NONE', #3995, #4859, #392, .T. ) ;
#2159 = CARTESIAN_POINT ( 'NONE',  ( -11.95399604505280955, 0.7941151212463095632, 0.000000000000000000 ) ) ;
#2160 = CARTESIAN_POINT ( 'NONE',  ( -1.051893166807160940, -12.60876818853259174, 8.000000000000000000 ) ) ;
#2161 = CARTESIAN_POINT ( 'NONE',  ( 4.773939382173077561, -11.53698844606701357, 0.000000000000000000 ) ) ;
#2162 = CARTESIAN_POINT ( 'NONE',  ( -2.940530670474153840, -11.83979557596825671, 8.000000000000000000 ) ) ;
#2163 = CARTESIAN_POINT ( 'NONE',  ( 12.44755643926126965, -0.9751606640714124419, 8.000000000000000000 ) ) ;
#2164 = ORIENTED_EDGE ( 'NONE', *, *, #3568, .T. ) ;
#2165 = DIRECTION ( 'NONE',  ( -0.6049683311478913916, -0.2693492547302756002, 0.7493092133988346060 ) ) ;
#2166 = CARTESIAN_POINT ( 'NONE',  ( -10.33666240664886260, 4.161888422927100706, 8.000000000000000000 ) ) ;
#2167 = ORIENTED_EDGE ( 'NONE', *, *, #1726, .F. ) ;
#2168 = CARTESIAN_POINT ( 'NONE',  ( -6.401038329813911965, -10.18403012388277062, 0.000000000000000000 ) ) ;
#2169 = CARTESIAN_POINT ( 'NONE',  ( 0.000000000000000000, 0.000000000000000000, 8.000000000000000000 ) ) ;
#2170 = CARTESIAN_POINT ( 'NONE',  ( 10.01877448793482372, 9.392211555323957128, 8.000000000000000000 ) ) ;
#2171 = CARTESIAN_POINT ( 'NONE',  ( -2.577692551524129794, 13.50622083004039276, 8.000000000000000000 ) ) ;
#2172 = EDGE_LOOP ( 'NONE', ( #2068, #8500, #7475, #3488 ) ) ;
#2173 = LINE ( 'NONE', #4074, #2372 ) ;
#2174 = CARTESIAN_POINT ( 'NONE',  ( 11.52995163726280303, -2.932881190150406603, -5.204170427930421283E-15 ) ) ;
#2175 = PERSON_AND_ORGANIZATION ( #7465, #6602 ) ;
#2176 =( BOUNDED_CURVE ( )  B_SPLINE_CURVE ( 3, ( #1182, #3056, #436, #1771 ),
 .UNSPECIFIED., .F., .F. ) 
 B_SPLINE_CURVE_WITH_KNOTS ( ( 4, 4 ),
 ( -1.776356839400250465E-15, 1.570796326794897002 ),
 .UNSPECIFIED. ) 
 CURVE ( )  GEOMETRIC_REPRESENTATION_ITEM ( )  RATIONAL_B_SPLINE_CURVE ( ( 1.000000000000000000, 0.8047378541243644934, 0.8047378541243644934, 1.000000000000000000 ) ) 
 REPRESENTATION_ITEM ( '' )  );
#2177 = EDGE_LOOP ( 'NONE', ( #5554, #2464, #2114, #3669 ) ) ;
#2178 = CARTESIAN_POINT ( 'NONE',  ( -6.625183064395903543, 12.04862852623657332, 0.000000000000000000 ) ) ;
#2179 = CARTESIAN_POINT ( 'NONE',  ( -3.608867157514808355, 10.32496896312095913, 8.000000000000000000 ) ) ;
#2180 = CARTESIAN_POINT ( 'NONE',  ( 2.759358130927438868, -12.95019774290647341, 8.000000000000000000 ) ) ;
#2181 = CARTESIAN_POINT ( 'NONE',  ( -2.686824890852737902, 13.19332579941578665, 0.000000000000000000 ) ) ;
#2182 = CARTESIAN_POINT ( 'NONE',  ( 7.075333022767078539, 36.04616033183269508, 23.19574584963121922 ) ) ;
#2183 = EDGE_CURVE ( 'NONE', #5794, #8700, #2176, .T. ) ;
#2184 = CARTESIAN_POINT ( 'NONE',  ( -12.97053397611294123, -1.251919511749418623, 8.000000000000000000 ) ) ;
#2185 = ORIENTED_EDGE ( 'NONE', *, *, #408, .F. ) ;
#2186 = CARTESIAN_POINT ( 'NONE',  ( -12.83440038321939269, -2.790132082466676877, 8.000000000000000000 ) ) ;
#2187 = LINE ( 'NONE', #3564, #794 ) ;
#2188 = CARTESIAN_POINT ( 'NONE',  ( 7.668835209822888466, 9.204216794247676248, -5.204170427930421283E-15 ) ) ;
#2189 = ORIENTED_EDGE ( 'NONE', *, *, #256, .F. ) ;
#2190 = LINE ( 'NONE', #3567, #5457 ) ;
#2191 = CARTESIAN_POINT ( 'NONE',  ( -3.102622000023660842, 33.97453399672130558, 21.61616680320317130 ) ) ;
#2192 = CARTESIAN_POINT ( 'NONE',  ( 11.85123473191545429, -6.631537913675408014, 0.000000000000000000 ) ) ;
#2193 = DIRECTION ( 'NONE',  ( 0.9135454576426000894, 0.4067366430758019846, 0.000000000000000000 ) ) ;
#2194 = CARTESIAN_POINT ( 'NONE',  ( -9.801135538539506697, 8.743249532614848718, 8.000000000000000000 ) ) ;
#2195 = CARTESIAN_POINT ( 'NONE',  ( 9.801135538539572423, -8.743249532614775887, 0.000000000000000000 ) ) ;
#2196 = EDGE_CURVE ( 'NONE', #5123, #1696, #6999, .T. ) ;
#2197 = DIRECTION ( 'NONE',  ( -0.1162120297037099181, 0.9608392129436811313, -0.2515606706580174046 ) ) ;
#2198 = CARTESIAN_POINT ( 'NONE',  ( 6.383929952666036023, 10.13775510802976676, -5.204170427930421283E-15 ) ) ;
#2199 = CARTESIAN_POINT ( 'NONE',  ( 0.000000000000000000, 0.000000000000000000, 8.000000000000000000 ) ) ;
#2200 = FACE_OUTER_BOUND ( 'NONE', #344, .T. ) ;
#2201 = CARTESIAN_POINT ( 'NONE',  ( 4.921910166035638134, 38.60958276014741841, -9.749985545336723902 ) ) ;
#2202 = CARTESIAN_POINT ( 'NONE',  ( 0.6582747314281484075, 33.48671867014920167, -17.02006142601394600 ) ) ;
#2203 = DIRECTION ( 'NONE',  ( 0.000000000000000000, 0.000000000000000000, 1.000000000000000000 ) ) ;
#2204 = ORIENTED_EDGE ( 'NONE', *, *, #4789, .F. ) ;
#2205 = CARTESIAN_POINT ( 'NONE',  ( -12.10906341627276284, -0.8412873393390452037, 8.000000000000000000 ) ) ;
#2206 = EDGE_CURVE ( 'NONE', #8538, #1892, #1732, .T. ) ;
#2207 = CARTESIAN_POINT ( 'NONE',  ( -11.20891349420033833, 4.507497455256067376, 0.000000000000000000 ) ) ;
#2208 = CARTESIAN_POINT ( 'NONE',  ( -11.71764203423210837, -2.941792002709081366, 0.000000000000000000 ) ) ;
#2209 = ORIENTED_EDGE ( 'NONE', *, *, #4684, .T. ) ;
#2210 = CARTESIAN_POINT ( 'NONE',  ( -6.632284204934351557, -11.71732392095628228, 0.000000000000000000 ) ) ;
#2211 = DIRECTION ( 'NONE',  ( -1.000000000000000000, 0.000000000000000000, 0.000000000000000000 ) ) ;
#2212 = EDGE_CURVE ( 'NONE', #8107, #931, #2437, .T. ) ;
#2213 = CARTESIAN_POINT ( 'NONE',  ( -10.00078975079081722, -9.328340841197718447, 8.000000000000000000 ) ) ;
#2214 = CARTESIAN_POINT ( 'NONE',  ( 0.000000000000000000, 0.000000000000000000, 8.000000000000000000 ) ) ;
#2215 = ORIENTED_EDGE ( 'NONE', *, *, #445, .F. ) ;
#2216 = CARTESIAN_POINT ( 'NONE',  ( 12.95019774290652492, -2.759358130927213715, 8.000000000000000000 ) ) ;
#2217 = VECTOR ( 'NONE', #805, 1000.000000000000000 ) ;
#2218 = ORIENTED_EDGE ( 'NONE', *, *, #1818, .T. ) ;
#2219 = CARTESIAN_POINT ( 'NONE',  ( -6.611064424922830085, 11.22924223885650008, 8.000000000000000000 ) ) ;
#2220 = CARTESIAN_POINT ( 'NONE',  ( 11.58812316373715845, 6.630420918280245601, 0.000000000000000000 ) ) ;
#2221 = CARTESIAN_POINT ( 'NONE',  ( -2.759358130927253239, -12.95019774290651604, 0.000000000000000000 ) ) ;
#2222 = FACE_OUTER_BOUND ( 'NONE', #594, .T. ) ;
#2223 = CARTESIAN_POINT ( 'NONE',  ( 7.460475336935751045, 36.80511466067429183, 21.08100296199739887 ) ) ;
#2224 = VECTOR ( 'NONE', #1959, 1000.000000000000000 ) ;
#2225 = CARTESIAN_POINT ( 'NONE',  ( -12.30068812565076009, -0.9123192481543483945, 8.000000000000000000 ) ) ;
#2226 = ORIENTED_EDGE ( 'NONE', *, *, #5335, .F. ) ;
#2227 = DIRECTION ( 'NONE',  ( -1.000000000000000000, 0.000000000000000000, 0.000000000000000000 ) ) ;
#2228 = CARTESIAN_POINT ( 'NONE',  ( -11.85123473191535837, -6.631537913675579432, 8.000000000000000000 ) ) ;
#2229 = CARTESIAN_POINT ( 'NONE',  ( 9.094348737717112385, 9.928529331195990792, -5.204170427930421283E-15 ) ) ;
#2230 = AXIS2_PLACEMENT_3D ( 'NONE', #8349, #5812, #1806 ) ;
#2231 = ORIENTED_EDGE ( 'NONE', *, *, #6409, .T. ) ;
#2232 = CIRCLE ( 'NONE', #2507, 13.75000000000000000 ) ;
#2233 = CARTESIAN_POINT ( 'NONE',  ( 8.375947653624047362, 35.76887421572862280, -13.29565691043605113 ) ) ;
#2234 = CARTESIAN_POINT ( 'NONE',  ( 8.490752231201977196, 35.43944158024144997, -13.30543277518035872 ) ) ;
#2235 = CARTESIAN_POINT ( 'NONE',  ( 8.181339682156046678, -9.539420412438852637, 0.000000000000000000 ) ) ;
#2236 = CARTESIAN_POINT ( 'NONE',  ( 6.335244835902269500, 55.65838407470384652, 7.670174406971836945 ) ) ;
#2237 = CARTESIAN_POINT ( 'NONE',  ( 6.631537913675364493, 11.85123473191547738, 8.000000000000000000 ) ) ;
#2238 = CARTESIAN_POINT ( 'NONE',  ( 12.69447357664506271, 1.095856395948533901, 8.000000000000000000 ) ) ;
#2239 = LOCAL_TIME ( 12, 3, 35.00000000000000000, #793 ) ;
#2240 = AXIS2_PLACEMENT_3D ( 'NONE', #2753, #7936, #3994 ) ;
#2241 = CARTESIAN_POINT ( 'NONE',  ( -1.195724957047537229, 12.87548337994386038, 8.000000000000000000 ) ) ;
#2242 = CARTESIAN_POINT ( 'NONE',  ( 6.560248542579921072, 10.81899503309364974, -5.204170427930421283E-15 ) ) ;
#2243 = CARTESIAN_POINT ( 'NONE',  ( -11.83751175313650528, 0.7661213205046079056, 8.000000000000000000 ) ) ;
#2244 = CIRCLE ( 'NONE', #2386, 2.000000000000000888 ) ;
#2245 = CARTESIAN_POINT ( 'NONE',  ( 2.941794575437364667, -11.77637575328567898, 0.000000000000000000 ) ) ;
#2246 = DIRECTION ( 'NONE',  ( 0.6952987775432858397, 0.000000000000000000, 0.7187208150226430670 ) ) ;
#2247 =( BOUNDED_CURVE ( )  B_SPLINE_CURVE ( 3, ( #1107, #3293, #5298, #7980 ),
 .UNSPECIFIED., .F., .F. ) 
 B_SPLINE_CURVE_WITH_KNOTS ( ( 4, 4 ),
 ( 4.981304559064158255, 6.553645550245018825 ),
 .UNSPECIFIED. ) 
 CURVE ( )  GEOMETRIC_REPRESENTATION_ITEM ( )  RATIONAL_B_SPLINE_CURVE ( ( 1.000000000000000000, 0.8043736326775482448, 0.8043736326775482448, 1.000000000000000000 ) ) 
 REPRESENTATION_ITEM ( '' )  );
#2248 = LINE ( 'NONE', #6298, #3919 ) ;
#2249 = DIRECTION ( 'NONE',  ( -0.000000000000000000, -0.000000000000000000, -1.000000000000000000 ) ) ;
#2250 = ORIENTED_EDGE ( 'NONE', *, *, #4266, .T. ) ;
#2251 = CARTESIAN_POINT ( 'NONE',  ( 13.42510299664341922, -2.607747690746919922, 8.000000000000000000 ) ) ;
#2252 = CARTESIAN_POINT ( 'NONE',  ( -11.02139818175203878, 4.386616976970920234, 8.000000000000000000 ) ) ;
#2253 = CARTESIAN_POINT ( 'NONE',  ( -11.52995163726276395, -2.932881190150568251, 0.000000000000000000 ) ) ;
#2254 = ADVANCED_FACE ( 'NONE', ( #8407 ), #2523, .T. ) ;
#2255 = EDGE_LOOP ( 'NONE', ( #3023, #1510, #3605, #4215 ) ) ;
#2256 = CARTESIAN_POINT ( 'NONE',  ( -4.896733499129011236, -11.66659828334870141, 8.000000000000000000 ) ) ;
#2257 = DIRECTION ( 'NONE',  ( 0.000000000000000000, 0.000000000000000000, -1.000000000000000000 ) ) ;
#2258 = CARTESIAN_POINT ( 'NONE',  ( -9.844302869038576986, -8.855020039375077090, 8.000000000000000000 ) ) ;
#2259 = CARTESIAN_POINT ( 'NONE',  ( 12.09884006967990544, -5.379567626064686969, 8.000000000000000000 ) ) ;
#2260 = CARTESIAN_POINT ( 'NONE',  ( 2.938739567862459268, -11.61432090236918668, 0.000000000000000000 ) ) ;
#2261 = EDGE_LOOP ( 'NONE', ( #795, #8598, #6620, #1452 ) ) ;
#2262 = ADVANCED_FACE ( 'NONE', ( #4454 ), #7755, .F. ) ;
#2263 = B_SPLINE_CURVE_WITH_KNOTS ( 'NONE', 3,
 ( #5095, #203, #2998, #7653, #375, #5011, #1037, #337, #7694, #8386, #5678, #3707, #1581, #4399, #3745, #8303, #6386, #4441, #7003, #4968, #6427, #1077, #5590, #2379, #1670, #2290, #3789, #3621, #3667 ),
 .UNSPECIFIED., .F., .F.,
 ( 4, 1, 1, 1, 1, 1, 1, 1, 1, 1, 1, 1, 1, 1, 1, 1, 1, 1, 1, 1, 1, 1, 1, 1, 1, 1, 4 ),
 ( 0.4925683021330554689, 0.5024463643869940821, 0.5250929155847819940, 0.5469717870834428508, 0.5680829788830696891, 0.5884264909837645385, 0.6080023233856429732, 0.6268104760888334459, 0.6448509490934806188, 0.6621237423997496929, 0.6786288560078284071, 0.6943662899179314785, 0.7093360441303072639, 0.7235381186452435331, 0.7369725134630787933, 0.7496392285842117253, 0.7615382640091191702, 0.7726696197383760012, 0.7830332957726851006, 0.7926292921129175495, 0.8014576087601730237, 0.8095182457158636158, 0.8168112029818485054, 0.8233364805606433467, 0.8290940784557681020, 0.8340839966723704313, 1.000000000000000000 ),
 .UNSPECIFIED. ) ;
#2264 = DIRECTION ( 'NONE',  ( -0.000000000000000000, 0.000000000000000000, -1.000000000000000000 ) ) ;
#2265 = EDGE_CURVE ( 'NONE', #1691, #6799, #7020, .T. ) ;
#2266 = ORIENTED_EDGE ( 'NONE', *, *, #692, .T. ) ;
#2267 = CARTESIAN_POINT ( 'NONE',  ( 9.411632514553422979, 10.02415449856000329, 0.000000000000000000 ) ) ;
#2268 = DIRECTION ( 'NONE',  ( -0.000000000000000000, 0.000000000000000000, -1.000000000000000000 ) ) ;
#2269 = CARTESIAN_POINT ( 'NONE',  ( -2.841541163097955014, -12.61481170127152041, 8.000000000000000000 ) ) ;
#2270 = ORIENTED_EDGE ( 'NONE', *, *, #2903, .T. ) ;
#2271 = CARTESIAN_POINT ( 'NONE',  ( -2.724978029605210850, 13.06987279011081071, 8.000000000000000000 ) ) ;
#2272 = CARTESIAN_POINT ( 'NONE',  ( 7.611912287032073898, 36.69402402788294637, 21.12319793220706998 ) ) ;
#2273 = CARTESIAN_POINT ( 'NONE',  ( -13.64173013569106274, -1.722120468182788189, 8.000000000000000000 ) ) ;
#2274 = ORIENTED_EDGE ( 'NONE', *, *, #6464, .T. ) ;
#2275 = CARTESIAN_POINT ( 'NONE',  ( -11.46368139467879033, 6.626136714284629470, 8.000000000000000000 ) ) ;
#2276 = CARTESIAN_POINT ( 'NONE',  ( -11.11931436071737700, 6.600657436018111390, 0.000000000000000000 ) ) ;
#2277 = CARTESIAN_POINT ( 'NONE',  ( 12.44189184801367709, -5.853360337646297928, 0.000000000000000000 ) ) ;
#2278 = EDGE_LOOP ( 'NONE', ( #1873, #7217, #6438, #6584 ) ) ;
#2279 = EDGE_CURVE ( 'NONE', #2083, #7073, #4176, .T. ) ;
#2280 = CARTESIAN_POINT ( 'NONE',  ( -6.632284204934351557, -11.71732392095628228, 0.000000000000000000 ) ) ;
#2281 = CARTESIAN_POINT ( 'NONE',  ( 8.881356617214038351, 7.313425558786636138, 0.000000000000000000 ) ) ;
#2282 = CARTESIAN_POINT ( 'NONE',  ( 8.262247439007897043, -9.582420452220537399, 0.000000000000000000 ) ) ;
#2283 = CARTESIAN_POINT ( 'NONE',  ( 5.286606996007066073, -12.02324651265876021, 8.000000000000000000 ) ) ;
#2284 = CARTESIAN_POINT ( 'NONE',  ( -9.844302869038637382, 8.855020039375007812, 8.000000000000000000 ) ) ;
#2285 = CARTESIAN_POINT ( 'NONE',  ( 2.487026500013287400, 35.33623014963296782, 26.76154079729225188 ) ) ;
#2286 = CARTESIAN_POINT ( 'NONE',  ( -1.447204694645796375, 13.27225220462997157, 8.000000000000000000 ) ) ;
#2287 = CARTESIAN_POINT ( 'NONE',  ( 2.378890953475834902, 34.19708602525371077, 16.95341831005936584 ) ) ;
#2288 = CARTESIAN_POINT ( 'NONE',  ( 0.6963551242057646196, -11.48389212362418377, 0.000000000000000000 ) ) ;
#2289 = CARTESIAN_POINT ( 'NONE',  ( 2.577692551524224385, -13.50622083004037677, 0.000000000000000000 ) ) ;
#2290 = CARTESIAN_POINT ( 'NONE',  ( -11.49488719732985942, 2.929367628693729575, 8.000000000000000000 ) ) ;
#2291 = CARTESIAN_POINT ( 'NONE',  ( 13.06843834723479070, -1.312474532672950112, 8.000000000000000000 ) ) ;
#2292 = ORIENTED_EDGE ( 'NONE', *, *, #7736, .F. ) ;
#2293 = CARTESIAN_POINT ( 'NONE',  ( 13.06987279011083380, -2.724978029605075402, 8.000000000000000000 ) ) ;
#2294 = CARTESIAN_POINT ( 'NONE',  ( 9.126433365741213777, -7.577720000373604492, 8.000000000000000000 ) ) ;
#2295 = EDGE_CURVE ( 'NONE', #5969, #2633, #1321, .T. ) ;
#2296 = FACE_OUTER_BOUND ( 'NONE', #5281, .T. ) ;
#2297 = CARTESIAN_POINT ( 'NONE',  ( -6.625183064395903543, 12.04862852623657332, 8.000000000000000000 ) ) ;
#2298 = ORIENTED_EDGE ( 'NONE', *, *, #3825, .T. ) ;
#2299 = CARTESIAN_POINT ( 'NONE',  ( -1.143751547996471052, -12.78342018721907358, 0.000000000000000000 ) ) ;
#2300 = CARTESIAN_POINT ( 'NONE',  ( -11.49488719732985942, 2.929367628693729575, 0.000000000000000000 ) ) ;
#2301 = CARTESIAN_POINT ( 'NONE',  ( 9.204216794247480848, 7.668835209823122057, 8.000000000000000000 ) ) ;
#2302 = CARTESIAN_POINT ( 'NONE',  ( 11.96219333340835256, 6.628700411335609388, 8.000000000000000000 ) ) ;
#2303 = CARTESIAN_POINT ( 'NONE',  ( 2.895913797652593047, -12.31670401296923245, 8.000000000000000000 ) ) ;
#2304 = ORIENTED_EDGE ( 'NONE', *, *, #582, .T. ) ;
#2305 = CARTESIAN_POINT ( 'NONE',  ( 13.50622083011839258, -2.577692551494811912, 8.000000000000000000 ) ) ;
#2306 = ORIENTED_EDGE ( 'NONE', *, *, #4498, .T. ) ;
#2307 = LINE ( 'NONE', #4985, #1370 ) ;
#2308 = CARTESIAN_POINT ( 'NONE',  ( 10.72875944066936604, 6.544354946388849292, 0.000000000000000000 ) ) ;
#2309 = EDGE_CURVE ( 'NONE', #4148, #6519, #102, .T. ) ;
#2310 = CARTESIAN_POINT ( 'NONE',  ( -2.927269694295987268, -12.05785317090586162, 8.000000000000000000 ) ) ;
#2311 = ORIENTED_EDGE ( 'NONE', *, *, #1, .T. ) ;
#2312 = CARTESIAN_POINT ( 'NONE',  ( -2.724978029605210850, 13.06987279011081071, 0.000000000000000000 ) ) ;
#2313 = CARTESIAN_POINT ( 'NONE',  ( 8.465453275180404802, 35.53842185119108166, 21.31939699246336062 ) ) ;
#2314 = CARTESIAN_POINT ( 'NONE',  ( -13.16905850672524814, -1.377525651863779288, 8.000000000000000000 ) ) ;
#2315 = ORIENTED_EDGE ( 'NONE', *, *, #7892, .F. ) ;
#2316 = EDGE_CURVE ( 'NONE', #4456, #1908, #1417, .T. ) ;
#2317 = CARTESIAN_POINT ( 'NONE',  ( -10.05932550694761929, 6.352286767647560062, 8.000000000000000000 ) ) ;
#2318 = CARTESIAN_POINT ( 'NONE',  ( -11.46368139467879033, 6.626136714284629470, 0.000000000000000000 ) ) ;
#2319 = CARTESIAN_POINT ( 'NONE',  ( 11.41672744483956414, -4.668788839230741949, 8.000000000000000000 ) ) ;
#2320 = EDGE_LOOP ( 'NONE', ( #3630, #6245, #216, #2652 ) ) ;
#2321 = CARTESIAN_POINT ( 'NONE',  ( -6.473761040516374798, -10.41722559423737593, 0.000000000000000000 ) ) ;
#2322 = CARTESIAN_POINT ( 'NONE',  ( 9.669723885496884108, 8.439220299577170792, 0.000000000000000000 ) ) ;
#2323 = CARTESIAN_POINT ( 'NONE',  ( -10.13775510802965485, -6.383929952666218988, 8.000000000000000000 ) ) ;
#2324 = LINE ( 'NONE', #4391, #5881 ) ;
#2325 = CARTESIAN_POINT ( 'NONE',  ( 6.492081297254316041, 10.48771353560532837, 8.000000000000000000 ) ) ;
#2326 = CARTESIAN_POINT ( 'NONE',  ( 2.388382327195926358, 34.25701220045521467, 26.69378740028921015 ) ) ;
#2327 = CARTESIAN_POINT ( 'NONE',  ( -1.045966620692596605, 12.59619054166140906, 8.000000000000000000 ) ) ;
#2328 = CARTESIAN_POINT ( 'NONE',  ( 0.3575662493540809339, 33.29349708330916258, -9.425410871205667007 ) ) ;
#2329 = CARTESIAN_POINT ( 'NONE',  ( 0.9751606640715431151, -12.44755643926125543, 0.000000000000000000 ) ) ;
#2330 = B_SPLINE_CURVE_WITH_KNOTS ( 'NONE', 3,
 ( #6169, #1535, #3616, #6382, #4354, #5801, #1662, #3036, #1033, #2371, #370, #8429, #991, #3126, #1712, #3741, #333, #1119, #7735, #6997, #4479, #5054, #7044, #8381, #5717, #291, #4395, #3662, #3166 ),
 .UNSPECIFIED., .F., .F.,
 ( 4, 1, 1, 1, 1, 1, 1, 1, 1, 1, 1, 1, 1, 1, 1, 1, 1, 1, 1, 1, 1, 1, 1, 1, 1, 1, 4 ),
 ( 0.000000000000000000, 0.1659160033276295687, 0.1709059215442318980, 0.1766635194393566533, 0.1831887970181514946, 0.1904817542841363842, 0.1985423912398269763, 0.2073707078870824505, 0.2169667042273148994, 0.2273303802616239988, 0.2384617359908808298, 0.2503607714157882747, 0.2630274865369212067, 0.2764618813547564669, 0.2906639558696927361, 0.3056337100820685215, 0.3213711439921715929, 0.3378762576002503071, 0.3551490509065193812, 0.3731895239111665541, 0.3919976766143570268, 0.4115735090162354615, 0.4319170211169303109, 0.4530282129165571492, 0.4749070844152180060, 0.4975536356130059734, 0.5074316978669448641 ),
 .UNSPECIFIED. ) ;
#2331 = CARTESIAN_POINT ( 'NONE',  ( 8.855020039375116170, -9.844302869038541459, 8.000000000000000000 ) ) ;
#2332 = FACE_OUTER_BOUND ( 'NONE', #2126, .T. ) ;
#2333 = CARTESIAN_POINT ( 'NONE',  ( 12.44189184801355452, 5.853360337646558165, 8.000000000000000000 ) ) ;
#2334 = CARTESIAN_POINT ( 'NONE',  ( 8.582802603522557305, 35.01232327364841268, 21.00000000000001776 ) ) ;
#2335 = ORIENTED_EDGE ( 'NONE', *, *, #4249, .T. ) ;
#2336 = CARTESIAN_POINT ( 'NONE',  ( -12.05320353502385622, -0.8231400688186033543, 8.000000000000000000 ) ) ;
#2337 = CARTESIAN_POINT ( 'NONE',  ( 8.393073352340762128, 35.72926466476512530, -13.28426016496259088 ) ) ;
#2338 = CARTESIAN_POINT ( 'NONE',  ( 7.668835209822888466, 9.204216794247676248, 8.000000000000000000 ) ) ;
#2339 = CARTESIAN_POINT ( 'NONE',  ( -5.115945187291566221, -11.87581303661964682, 8.000000000000000000 ) ) ;
#2340 = VECTOR ( 'NONE', #3034, 1000.000000000000114 ) ;
#2341 = ORIENTED_EDGE ( 'NONE', *, *, #3342, .T. ) ;
#2342 = CARTESIAN_POINT ( 'NONE',  ( -1.447204694645796152, -13.27225220462997157, 0.000000000000000000 ) ) ;
#2343 = DIRECTION ( 'NONE',  ( -0.5877852522924653655, -0.8090169943749530024, 0.000000000000000000 ) ) ;
#2344 = CARTESIAN_POINT ( 'NONE',  ( 9.175863790627152738, 7.634358818669958247, 8.000000000000000000 ) ) ;
#2345 = CARTESIAN_POINT ( 'NONE',  ( -11.48389212362418199, -0.6963551242058048096, 0.000000000000000000 ) ) ;
#2346 = CARTESIAN_POINT ( 'NONE',  ( 2.708699257713905073, -10.80883218877888829, 8.000000000000000000 ) ) ;
#2347 = CARTESIAN_POINT ( 'NONE',  ( -4.668788839230860965, 11.41672744483952151, 0.000000000000000000 ) ) ;
#2348 = ORIENTED_EDGE ( 'NONE', *, *, #6987, .T. ) ;
#2349 = VECTOR ( 'NONE', #6901, 1000.000000000000114 ) ;
#2350 = CARTESIAN_POINT ( 'NONE',  ( -8.636712746112488404, 9.757522586729548308, 0.000000000000000000 ) ) ;
#2351 = CARTESIAN_POINT ( 'NONE',  ( -12.43077374743277552, -5.836552422577526933, 8.000000000000000000 ) ) ;
#2352 = CARTESIAN_POINT ( 'NONE',  ( -6.611064424922749261, -11.22924223885654627, 8.000000000000000000 ) ) ;
#2353 = VERTEX_POINT ( 'NONE', #6003 ) ;
#2354 = DIRECTION ( 'NONE',  ( -1.000000000000000000, 0.000000000000000000, 0.000000000000000000 ) ) ;
#2355 = CARTESIAN_POINT ( 'NONE',  ( 7.678035118850383256, 35.47953317961317055, 22.94096621953884707 ) ) ;
#2356 = CARTESIAN_POINT ( 'NONE',  ( -1.722120468182739783, 13.64173013569106452, 8.000000000000000000 ) ) ;
#2357 = CARTESIAN_POINT ( 'NONE',  ( -10.48771353560525732, 6.492081297254431504, 8.000000000000000000 ) ) ;
#2358 = CIRCLE ( 'NONE', #2081, 13.75000000000000000 ) ;
#2359 = CARTESIAN_POINT ( 'NONE',  ( -12.04862852623660174, 6.625183064395858246, 0.000000000000000000 ) ) ;
#2360 = CARTESIAN_POINT ( 'NONE',  ( 10.32496896312099288, -3.608867157514701329, 0.000000000000000000 ) ) ;
#2361 = ORIENTED_EDGE ( 'NONE', *, *, #582, .F. ) ;
#2362 = CARTESIAN_POINT ( 'NONE',  ( 1.195724957047537229, -12.87548337994386038, 8.000000000000000000 ) ) ;
#2363 = ADVANCED_FACE ( 'NONE', ( #6623 ), #1996, .F. ) ;
#2364 = CIRCLE ( 'NONE', #6170, 10.93750000000000178 ) ;
#2365 = CARTESIAN_POINT ( 'NONE',  ( 9.338196514606112331, 7.850195268865284959, 0.000000000000000000 ) ) ;
#2366 = DIRECTION ( 'NONE',  ( -0.000000000000000000, -0.000000000000000000, 1.000000000000000000 ) ) ;
#2367 = CARTESIAN_POINT ( 'NONE',  ( 0.000000000000000000, 0.000000000000000000, 8.000000000000000000 ) ) ;
#2368 = DIRECTION ( 'NONE',  ( 0.7147974065165849655, 0.3182483095653313998, -0.6227219934256159606 ) ) ;
#2369 = CARTESIAN_POINT ( 'NONE',  ( 10.93483029503508419, 0.2416457505998772792, 8.000000000000000000 ) ) ;
#2370 = DIRECTION ( 'NONE',  ( -1.000000000000000000, 0.000000000000000000, 0.000000000000000000 ) ) ;
#2371 = CARTESIAN_POINT ( 'NONE',  ( 11.25643158326918147, 4.542018187747340896, 0.000000000000000000 ) ) ;
#2372 = VECTOR ( 'NONE', #89, 1000.000000000000114 ) ;
#2373 = VECTOR ( 'NONE', #6502, 1000.000000000000000 ) ;
#2374 = EDGE_CURVE ( 'NONE', #1065, #8095, #6708, .T. ) ;
#2375 = CARTESIAN_POINT ( 'NONE',  ( -13.27225220462997690, 1.447204694645749745, 0.000000000000000000 ) ) ;
#2376 = CARTESIAN_POINT ( 'NONE',  ( 2.919073574173182362, -12.13967088095516367, 0.000000000000000000 ) ) ;
#2377 = CARTESIAN_POINT ( 'NONE',  ( 7.349779736583102796, 37.89214637897155313, -14.39864382652378261 ) ) ;
#2378 = AXIS2_PLACEMENT_3D ( 'NONE', #2328, #5007, #7122 ) ;
#2379 = CARTESIAN_POINT ( 'NONE',  ( -11.56976343863536982, 2.936066220364013102, 8.000000000000000000 ) ) ;
#2380 = CARTESIAN_POINT ( 'NONE',  ( 8.537940941079677160, 35.38402660561541069, 21.09722763825818959 ) ) ;
#2381 = VERTEX_POINT ( 'NONE', #3373 ) ;
#2382 = CARTESIAN_POINT ( 'NONE',  ( -11.11684438996311819, -0.7639867559471459346, 8.000000000000000000 ) ) ;
#2383 = CARTESIAN_POINT ( 'NONE',  ( -2.880586703536610393, 12.41180006574747985, 0.000000000000000000 ) ) ;
#2384 = PLANE ( 'NONE',  #1084 ) ;
#2385 = CARTESIAN_POINT ( 'NONE',  ( -5.038066446831101608, -11.80431640392018267, 8.000000000000000000 ) ) ;
#2386 = AXIS2_PLACEMENT_3D ( 'NONE', #4494, #5104, #304 ) ;
#2387 = ORIENTED_EDGE ( 'NONE', *, *, #2478, .F. ) ;
#2388 = EDGE_CURVE ( 'NONE', #1349, #1642, #5912, .T. ) ;
#2389 = CARTESIAN_POINT ( 'NONE',  ( -3.608867157514732860, -10.32496896312098222, 0.000000000000000000 ) ) ;
#2390 = DIRECTION ( 'NONE',  ( 0.000000000000000000, 0.000000000000000000, -1.000000000000000000 ) ) ;
#2391 = CARTESIAN_POINT ( 'NONE',  ( 9.415217936709831648, 7.968244849358985249, 8.000000000000000000 ) ) ;
#2392 = VERTEX_POINT ( 'NONE', #2297 ) ;
#2393 = CARTESIAN_POINT ( 'NONE',  ( -13.37787302532244915, -1.521639563755461833, 0.000000000000000000 ) ) ;
#2394 = EDGE_LOOP ( 'NONE', ( #962, #7821, #428, #1565, #478, #5013, #253, #447, #3272 ) ) ;
#2395 = CARTESIAN_POINT ( 'NONE',  ( 2.862521721341851677, -12.51119373526725376, 0.000000000000000000 ) ) ;
#2396 = CARTESIAN_POINT ( 'NONE',  ( 0.000000000000000000, 0.000000000000000000, 8.000000000000000000 ) ) ;
#2397 = VERTEX_POINT ( 'NONE', #8262 ) ;
#2398 = CARTESIAN_POINT ( 'NONE',  ( -7.152395453489245547, 8.544655887209474443, 8.000000000000000000 ) ) ;
#2399 = CARTESIAN_POINT ( 'NONE',  ( -11.41672744483950375, -4.668788839230902710, 8.000000000000000000 ) ) ;
#2400 = CARTESIAN_POINT ( 'NONE',  ( -2.937812879663770360, -11.90787246215811734, 8.000000000000000000 ) ) ;
#2401 = CARTESIAN_POINT ( 'NONE',  ( 7.906926244016114325, 36.43857345283915095, 21.21486134289730785 ) ) ;
#2402 = CARTESIAN_POINT ( 'NONE',  ( -1.521639563755415203, 13.37787302532245448, 8.000000000000000000 ) ) ;
#2403 = CARTESIAN_POINT ( 'NONE',  ( -10.56312374806395304, 6.510080463201325607, 8.000000000000000000 ) ) ;
#2404 = CARTESIAN_POINT ( 'NONE',  ( -4.507497455256024743, -11.20891349420035255, 0.000000000000000000 ) ) ;
#2405 = ADVANCED_FACE ( 'NONE', ( #7569 ), #4423, .T. ) ;
#2406 = CARTESIAN_POINT ( 'NONE',  ( 11.53698844606709883, -4.773939382172875945, 8.000000000000000000 ) ) ;
#2407 = ORIENTED_EDGE ( 'NONE', *, *, #6869, .F. ) ;
#2408 = CARTESIAN_POINT ( 'NONE',  ( 0.000000000000000000, 0.000000000000000000, 0.000000000000000000 ) ) ;
#2409 = LINE ( 'NONE', #3608, #3528 ) ;
#2410 = CARTESIAN_POINT ( 'NONE',  ( 9.094348737717329101, -9.928529331195791841, 0.000000000000000000 ) ) ;
#2411 = CARTESIAN_POINT ( 'NONE',  ( 3.149229626029004692, -10.47431425022856644, 0.000000000000000000 ) ) ;
#2412 = CARTESIAN_POINT ( 'NONE',  ( -11.96219333340840052, -6.628700411335519682, 0.000000000000000000 ) ) ;
#2413 = CARTESIAN_POINT ( 'NONE',  ( 12.52642403931681514, 1.011712205769053741, 0.000000000000000000 ) ) ;
#2414 = CARTESIAN_POINT ( 'NONE',  ( 11.90787246215806405, 2.937812879663983523, -5.204170427930421283E-15 ) ) ;
#2415 = CARTESIAN_POINT ( 'NONE',  ( -11.63207506770849875, 53.13199924803154062, -13.61616680320316952 ) ) ;
#2416 = EDGE_CURVE ( 'NONE', #5407, #8700, #6134, .T. ) ;
#2417 = DIRECTION ( 'NONE',  ( 0.000000000000000000, 0.000000000000000000, 1.000000000000000000 ) ) ;
#2418 = B_SPLINE_SURFACE_WITH_KNOTS ( 'NONE', 3, 1, ( 
 ( #6656, #3270 ),
 ( #1940, #7260 ),
 ( #558, #5901 ),
 ( #2644, #5945 ),
 ( #695, #8617 ),
 ( #603, #1312 ),
 ( #6084, #32 ),
 ( #6699, #648 ),
 ( #3361, #6039 ),
 ( #8710, #2691 ),
 ( #5367, #2730 ),
 ( #4921, #1408 ),
 ( #5504, #2242 ),
 ( #8170, #4262 ),
 ( #6868, #1488 ),
 ( #2948, #120 ),
 ( #4839, #161 ),
 ( #6954, #6788 ),
 ( #2818, #2157 ),
 ( #4137, #4100 ),
 ( #7519, #5633 ),
 ( #903, #4178 ),
 ( #820, #2198 ),
 ( #3538, #2071 ),
 ( #2859, #4878 ),
 ( #734, #6292 ),
 ( #6826, #7478 ),
 ( #244, #3449 ),
 ( #5586, #1446 ) ),
 .UNSPECIFIED., .F., .F., .F.,
 ( 4, 1, 1, 1, 1, 1, 1, 1, 1, 1, 1, 1, 1, 1, 1, 1, 1, 1, 1, 1, 1, 1, 1, 1, 1, 1, 4 ),
 ( 2, 2 ),
 ( 0.4925683021194526279, 0.5024463643869940821, 0.5250929155847819940, 0.5469717870834428508, 0.5680829788830696891, 0.5884264909837645385, 0.6080023233856429732, 0.6268104760888334459, 0.6448509490934806188, 0.6621237423997496929, 0.6786288560078284071, 0.6943662899179314785, 0.7093360441303072639, 0.7235381186452435331, 0.7369725134630787933, 0.7496392285842117253, 0.7615382640091191702, 0.7726696197383760012, 0.7830332957726851006, 0.7926292921129175495, 0.8014576087601730237, 0.8095182457158636158, 0.8168112029818485054, 0.8233364805606433467, 0.8290940784557681020, 0.8340839966723704313, 1.000000000000000000 ),
 ( 0.000000000000000000, 1.000000000000000000 ),
 .UNSPECIFIED. ) ;
#2419 = CARTESIAN_POINT ( 'NONE',  ( 8.105411651555897379, -9.497099640846604629, 8.000000000000000000 ) ) ;
#2420 = CARTESIAN_POINT ( 'NONE',  ( 6.123588522427708902, 37.00082664324337856, -15.57868926886183658 ) ) ;
#2421 = EDGE_CURVE ( 'NONE', #6519, #5904, #8574, .T. ) ;
#2422 = CARTESIAN_POINT ( 'NONE',  ( 11.80431640392009029, 5.038066446831312106, 8.000000000000000000 ) ) ;
#2423 = LINE ( 'NONE', #6343, #8120 ) ;
#2424 = ORIENTED_EDGE ( 'NONE', *, *, #1556, .F. ) ;
#2425 = DIRECTION ( 'NONE',  ( 1.000000000000000000, 0.000000000000000000, 0.000000000000000000 ) ) ;
#2426 = CARTESIAN_POINT ( 'NONE',  ( -0.1905158452812864001, 32.63909084861705878, 19.22056930244628958 ) ) ;
#2427 = CARTESIAN_POINT ( 'NONE',  ( 7.707558585906747695, 9.234787594130889232, 8.000000000000000000 ) ) ;
#2428 = EDGE_CURVE ( 'NONE', #3547, #6538, #2364, .T. ) ;
#2429 = ORIENTED_EDGE ( 'NONE', *, *, #1289, .F. ) ;
#2430 = CARTESIAN_POINT ( 'NONE',  ( -4.404384806714049638, -11.05183112916333243, 0.000000000000000000 ) ) ;
#2431 = CARTESIAN_POINT ( 'NONE',  ( 8.091862029661420763, 36.21778492043296183, 21.63910109178557306 ) ) ;
#2432 = CARTESIAN_POINT ( 'NONE',  ( 10.56312374806400456, -6.510080463201247447, 8.000000000000000000 ) ) ;
#2433 = EDGE_LOOP ( 'NONE', ( #6166, #4253, #262, #5897 ) ) ;
#2434 = CARTESIAN_POINT ( 'NONE',  ( 0.7661213205046493169, -11.83751175313650172, 8.000000000000000000 ) ) ;
#2435 = ORIENTED_EDGE ( 'NONE', *, *, #1113, .F. ) ;
#2436 = CARTESIAN_POINT ( 'NONE',  ( 2.790132082466721286, -12.83440038321938204, 0.000000000000000000 ) ) ;
#2437 = LINE ( 'NONE', #8487, #1222 ) ;
#2438 = ORIENTED_EDGE ( 'NONE', *, *, #4626, .F. ) ;
#2439 = CARTESIAN_POINT ( 'NONE',  ( -7.850195268865184595, 9.338196514606199372, 8.000000000000000000 ) ) ;
#2440 = CARTESIAN_POINT ( 'NONE',  ( -11.87581303661959531, -5.115945187291695895, 0.000000000000000000 ) ) ;
#2441 = CARTESIAN_POINT ( 'NONE',  ( -6.338109664291160961, -10.02706299306011140, 8.000000000000000000 ) ) ;
#2442 = B_SPLINE_CURVE_WITH_KNOTS ( 'NONE', 3,
 ( #6144, #11, #2789, #5480 ),
 .UNSPECIFIED., .F., .F.,
 ( 4, 4 ),
 ( 8.673617379884034509E-19, 0.001680712211738580666 ),
 .UNSPECIFIED. ) ;
#2443 = CARTESIAN_POINT ( 'NONE',  ( 7.672266082597716697, 35.48811821220671447, 22.94238161584845415 ) ) ;
#2444 = CARTESIAN_POINT ( 'NONE',  ( -1.043230125126636265, 12.59066394276561951, 8.000000000000000000 ) ) ;
#2445 = CARTESIAN_POINT ( 'NONE',  ( 6.401038329814059402, -10.18403012388267825, 8.000000000000000000 ) ) ;
#2446 = DIRECTION ( 'NONE',  ( 0.6952987775432901696, -2.220446049250312765E-14, 0.7187208150226389591 ) ) ;
#2447 = CARTESIAN_POINT ( 'NONE',  ( 12.02324651265885258, -5.286606996006857351, 0.000000000000000000 ) ) ;
#2448 = ORIENTED_EDGE ( 'NONE', *, *, #3070, .T. ) ;
#2449 = CARTESIAN_POINT ( 'NONE',  ( 1.668469543075102424, -13.57387004039618539, 0.000000000000000000 ) ) ;
#2450 = ORIENTED_EDGE ( 'NONE', *, *, #6840, .T. ) ;
#2451 = EDGE_CURVE ( 'NONE', #7507, #3338, #3028, .T. ) ;
#2452 = DIRECTION ( 'NONE',  ( -0.5877852522924770229, 0.8090169943749445647, 0.000000000000000000 ) ) ;
#2453 = CARTESIAN_POINT ( 'NONE',  ( -9.376012365377807356, -7.906868104074100678, 0.000000000000000000 ) ) ;
#2454 = CARTESIAN_POINT ( 'NONE',  ( 6.231836464888760752, 8.988499347771170989, 0.000000000000000000 ) ) ;
#2455 = CARTESIAN_POINT ( 'NONE',  ( 2.608360927361813353, 35.64590242044874202, -8.284813290973906064 ) ) ;
#2456 = CARTESIAN_POINT ( 'NONE',  ( 11.52995163726274086, 2.932881190150647743, -5.204170427930421283E-15 ) ) ;
#2457 = CYLINDRICAL_SURFACE ( 'NONE', #2378, 1.000000000000000222 ) ;
#2458 = B_SPLINE_SURFACE_WITH_KNOTS ( 'NONE', 3, 1, ( 
 ( #2356, #5830 ),
 ( #399, #6410 ),
 ( #1059, #320 ),
 ( #7842, #5164 ),
 ( #2402, #3769 ),
 ( #3114, #3022 ),
 ( #3065, #6495 ),
 ( #1827, #6534 ),
 ( #7233, #5745 ),
 ( #483, #5789 ),
 ( #1739, #442 ),
 ( #7111, #7761 ),
 ( #8456, #7190 ),
 ( #4463, #1146 ),
 ( #2444, #2531 ) ),
 .UNSPECIFIED., .F., .F., .F.,
 ( 4, 1, 1, 1, 1, 1, 1, 1, 1, 1, 1, 1, 4 ),
 ( 2, 2 ),
 ( 0.4925683021194526834, 0.5024463643869940821, 0.5250929155847819940, 0.5469717870834428508, 0.5680829788830696891, 0.5884264909837645385, 0.6080023233856429732, 0.6268104760888334459, 0.6448509490934806188, 0.6621237423997496929, 0.6786288560078284071, 0.6943662899179314785, 0.6973891507151257496 ),
 ( 0.000000000000000000, 1.000000000000000000 ),
 .UNSPECIFIED. ) ;
#2459 = CARTESIAN_POINT ( 'NONE',  ( -12.41180006574746919, -2.880586703536655246, 0.000000000000000000 ) ) ;
#2460 = CARTESIAN_POINT ( 'NONE',  ( -11.83979557596822474, -2.940530670474283070, 8.000000000000000000 ) ) ;
#2461 = CARTESIAN_POINT ( 'NONE',  ( 4.210990906299975300, -10.70664486910367863, 8.000000000000000000 ) ) ;
#2462 = CARTESIAN_POINT ( 'NONE',  ( 11.16457150618543892, 4.476617511824165341, 8.000000000000000000 ) ) ;
#2463 = CARTESIAN_POINT ( 'NONE',  ( -10.47431425022860374, 3.149229626028895446, 0.000000000000000000 ) ) ;
#2464 = ORIENTED_EDGE ( 'NONE', *, *, #3330, .F. ) ;
#2465 = EDGE_CURVE ( 'NONE', #3323, #6785, #3761, .T. ) ;
#2466 = CARTESIAN_POINT ( 'NONE',  ( -10.33666240664886260, 4.161888422927100706, 8.000000000000000000 ) ) ;
#2467 = CARTESIAN_POINT ( 'NONE',  ( 9.844302869038704884, -8.855020039374934981, 8.000000000000000000 ) ) ;
#2468 = CARTESIAN_POINT ( 'NONE',  ( 6.622827502596161153, 8.704427730807806185, 8.000000000000000000 ) ) ;
#2469 = EDGE_LOOP ( 'NONE', ( #6768, #6091, #1438, #2556, #1476, #8595, #4471, #7923 ) ) ;
#2470 = CARTESIAN_POINT ( 'NONE',  ( -9.886832010614734045, -8.972047302895465037, 0.000000000000000000 ) ) ;
#2471 = CARTESIAN_POINT ( 'NONE',  ( -7.668835209822958632, -9.204216794247617628, 0.000000000000000000 ) ) ;
#2472 = ADVANCED_FACE ( 'NONE', ( #3287 ), #1188, .T. ) ;
#2473 = CARTESIAN_POINT ( 'NONE',  ( 11.96219333340849467, -6.628700411335347376, 8.000000000000000000 ) ) ;
#2474 = VERTEX_POINT ( 'NONE', #4392 ) ;
#2475 = CARTESIAN_POINT ( 'NONE',  ( -13.16905850672524814, -1.377525651863779288, 0.000000000000000000 ) ) ;
#2476 = CARTESIAN_POINT ( 'NONE',  ( -11.80431640392012760, -5.038066446831229506, 0.000000000000000000 ) ) ;
#2477 = DIRECTION ( 'NONE',  ( -1.000000000000000000, 0.000000000000000000, 0.000000000000000000 ) ) ;
#2478 = EDGE_CURVE ( 'NONE', #4718, #7696, #7732, .T. ) ;
#2479 = ORIENTED_EDGE ( 'NONE', *, *, #998, .F. ) ;
#2480 = CARTESIAN_POINT ( 'NONE',  ( 8.988499347771151449, -6.231836464888791838, 0.000000000000000000 ) ) ;
#2481 = LINE ( 'NONE', #5160, #1095 ) ;
#2482 = CARTESIAN_POINT ( 'NONE',  ( -6.560248542580001896, -10.81899503309359822, 8.000000000000000000 ) ) ;
#2483 = CARTESIAN_POINT ( 'NONE',  ( 0.000000000000000000, 0.000000000000000000, 8.000000000000000000 ) ) ;
#2484 = PLANE ( 'NONE',  #5582 ) ;
#2485 = CARTESIAN_POINT ( 'NONE',  ( -12.02324651265881705, 5.286606996006939063, 0.000000000000000000 ) ) ;
#2486 = CARTESIAN_POINT ( 'NONE',  ( -4.542018187747140168, -11.25643158326926141, 0.000000000000000000 ) ) ;
#2487 = CARTESIAN_POINT ( 'NONE',  ( 7.313425558786605940, -8.881356617214064997, 8.000000000000000000 ) ) ;
#2488 = CIRCLE ( 'NONE', #649, 2.000000000000000888 ) ;
#2489 = EDGE_LOOP ( 'NONE', ( #5808, #7286, #7655, #827, #1637, #2231 ) ) ;
#2490 = CARTESIAN_POINT ( 'NONE',  ( -6.510080463201289191, -10.56312374806397791, 0.000000000000000000 ) ) ;
#2491 = CARTESIAN_POINT ( 'NONE',  ( 9.699971161946937315, 6.186699299581561284, 8.000000000000000000 ) ) ;
#2492 = CARTESIAN_POINT ( 'NONE',  ( -9.267416903471895395, -7.750629585191753712, 8.000000000000000000 ) ) ;
#2493 = CARTESIAN_POINT ( 'NONE',  ( 11.83979557596820165, 2.940530670474365671, 8.000000000000000000 ) ) ;
#2494 = CIRCLE ( 'NONE', #4605, 10.93750000000000178 ) ;
#2495 = CARTESIAN_POINT ( 'NONE',  ( 13.06843834723476405, 1.312474532673223671, 8.000000000000000000 ) ) ;
#2496 = CARTESIAN_POINT ( 'NONE',  ( -11.56976343863534851, -2.936066220364096147, 0.000000000000000000 ) ) ;
#2497 = CYLINDRICAL_SURFACE ( 'NONE', #1648, 5.000000000000001776 ) ;
#2498 = CARTESIAN_POINT ( 'NONE',  ( 3.149229626029005136, -10.47431425022856821, 8.000000000000000000 ) ) ;
#2499 = VECTOR ( 'NONE', #1722, 1000.000000000000000 ) ;
#2500 = CARTESIAN_POINT ( 'NONE',  ( 0.000000000000000000, 0.000000000000000000, 0.000000000000000000 ) ) ;
#2501 = CARTESIAN_POINT ( 'NONE',  ( 7.668835209823090970, -9.204216794247509270, 0.000000000000000000 ) ) ;
#2502 = CARTESIAN_POINT ( 'NONE',  ( 7.660397436467757615, 35.50433223069141064, -14.94576223692015304 ) ) ;
#2503 = CARTESIAN_POINT ( 'NONE',  ( -5.689930116769317259, 12.33100786788148540, 8.000000000000000000 ) ) ;
#2504 = CARTESIAN_POINT ( 'NONE',  ( 2.314906421435796169, 33.79310358917013701, 17.04359809161605455 ) ) ;
#2505 = ORIENTED_EDGE ( 'NONE', *, *, #7207, .F. ) ;
#2506 = CARTESIAN_POINT ( 'NONE',  ( -12.02324651265881705, 5.286606996006939063, 8.000000000000000000 ) ) ;
#2507 = AXIS2_PLACEMENT_3D ( 'NONE', #1449, #775, #6126 ) ;
#2508 = CARTESIAN_POINT ( 'NONE',  ( 9.886832010614865496, -8.972047302895321153, 8.000000000000000000 ) ) ;
#2509 = CARTESIAN_POINT ( 'NONE',  ( 7.577720000373570741, 9.126433365741238646, 8.000000000000000000 ) ) ;
#2510 =( BOUNDED_CURVE ( )  B_SPLINE_CURVE ( 3, ( #2113, #3533, #6250, #2765 ),
 .UNSPECIFIED., .F., .T. ) 
 B_SPLINE_CURVE_WITH_KNOTS ( ( 4, 4 ),
 ( 1.570796326794896336, 3.163169715105564439 ),
 .UNSPECIFIED. ) 
 CURVE ( )  GEOMETRIC_REPRESENTATION_ITEM ( )  RATIONAL_B_SPLINE_CURVE ( ( 1.000000000000000000, 0.7996247569244522291, 0.7996247569244522291, 1.000000000000000000 ) ) 
 REPRESENTATION_ITEM ( '' )  );
#2511 = CARTESIAN_POINT ( 'NONE',  ( 9.801135538539382352, 8.743249532614989050, 0.000000000000000000 ) ) ;
#2512 = VECTOR ( 'NONE', #7344, 1000.000000000000114 ) ;
#2513 = ORIENTED_EDGE ( 'NONE', *, *, #8270, .F. ) ;
#2514 = AXIS2_PLACEMENT_3D ( 'NONE', #7670, #7502, #4160 ) ;
#2515 = CARTESIAN_POINT ( 'NONE',  ( -5.781365353078006919, -12.39393210983944726, 0.000000000000000000 ) ) ;
#2516 = CARTESIAN_POINT ( 'NONE',  ( 6.158172100935582982, 36.97072947910781693, 23.56328757768020310 ) ) ;
#2517 = CARTESIAN_POINT ( 'NONE',  ( 11.95399604505281488, -0.7941151212462261855, -5.204170427930421283E-15 ) ) ;
#2518 = CARTESIAN_POINT ( 'NONE',  ( -12.30068812565076009, -0.9123192481543483945, 0.000000000000000000 ) ) ;
#2519 = ORIENTED_EDGE ( 'NONE', *, *, #8475, .F. ) ;
#2520 = CARTESIAN_POINT ( 'NONE',  ( 10.32496896312091827, 3.608867157514917157, 0.000000000000000000 ) ) ;
#2521 = CARTESIAN_POINT ( 'NONE',  ( -11.87581303661959531, -5.115945187291695895, 0.000000000000000000 ) ) ;
#2522 = AXIS2_PLACEMENT_3D ( 'NONE', #7562, #5589, #4265 ) ;
#2523 = CYLINDRICAL_SURFACE ( 'NONE', #7978, 13.75000000000000000 ) ;
#2524 = ORIENTED_EDGE ( 'NONE', *, *, #1340, .T. ) ;
#2525 = CARTESIAN_POINT ( 'NONE',  ( 12.02849558169549304, -6.626067776682227795, 0.000000000000000000 ) ) ;
#2526 = CARTESIAN_POINT ( 'NONE',  ( -11.87581303661959531, -5.115945187291695895, 8.000000000000000000 ) ) ;
#2527 = CARTESIAN_POINT ( 'NONE',  ( -13.57387004037416389, 1.668469543058175075, 0.000000000000000000 ) ) ;
#2528 = AXIS2_PLACEMENT_3D ( 'NONE', #2122, #2249, #1582 ) ;
#2529 = EDGE_CURVE ( 'NONE', #779, #5381, #1949, .T. ) ;
#2530 = CARTESIAN_POINT ( 'NONE',  ( 6.632284204934521199, -11.71732392095618458, 0.000000000000000000 ) ) ;
#2531 = CARTESIAN_POINT ( 'NONE',  ( -1.043230125126636265, 12.59066394276561951, 0.000000000000000000 ) ) ;
#2532 = CARTESIAN_POINT ( 'NONE',  ( 6.352286767647669308, -10.05932550694754823, 8.000000000000000000 ) ) ;
#2533 = DIRECTION ( 'NONE',  ( -0.7780644821457444182, 0.000000000000000000, 0.6281844168898770286 ) ) ;
#2534 = EDGE_CURVE ( 'NONE', #7227, #2697, #6581, .T. ) ;
#2535 = VERTEX_POINT ( 'NONE', #6671 ) ;
#2536 = CARTESIAN_POINT ( 'NONE',  ( 0.7736152328233112385, -11.87194576742586705, 0.000000000000000000 ) ) ;
#2537 = CARTESIAN_POINT ( 'NONE',  ( -12.05320353502386155, 0.8231400688185195325, 8.000000000000000000 ) ) ;
#2538 = EDGE_LOOP ( 'NONE', ( #6924, #4611 ) ) ;
#2539 = CARTESIAN_POINT ( 'NONE',  ( 10.48771353560516140, 6.492081297254581607, 8.000000000000000000 ) ) ;
#2540 = CARTESIAN_POINT ( 'NONE',  ( -9.969200282347905784, -9.221936103764106107, 8.000000000000000000 ) ) ;
#2541 = CARTESIAN_POINT ( 'NONE',  ( 7.577720000373570741, 9.126433365741238646, 0.000000000000000000 ) ) ;
#2542 = CARTESIAN_POINT ( 'NONE',  ( 12.60876818853257930, 1.051893166807293056, 0.000000000000000000 ) ) ;
#2543 = CARTESIAN_POINT ( 'NONE',  ( -11.52995163726276395, -2.932881190150568251, 0.000000000000000000 ) ) ;
#2544 = CARTESIAN_POINT ( 'NONE',  ( 10.47431425022855755, 3.149229626029042439, 8.000000000000000000 ) ) ;
#2545 = DIRECTION ( 'NONE',  ( 0.6928295497659432423, 0.000000000000000000, -0.7211013902157729083 ) ) ;
#2546 = CARTESIAN_POINT ( 'NONE',  ( -1.011712205768922956, -12.52642403931682580, 8.000000000000000000 ) ) ;
#2547 = CARTESIAN_POINT ( 'NONE',  ( -11.71764203423210837, -2.941792002709081366, 8.000000000000000000 ) ) ;
#2548 = CARTESIAN_POINT ( 'NONE',  ( 8.413527033370453267, 35.68177387101466280, -13.32851791325798274 ) ) ;
#2549 = CARTESIAN_POINT ( 'NONE',  ( -5.115945187291654150, 11.87581303661961485, 8.000000000000000000 ) ) ;
#2550 = CARTESIAN_POINT ( 'NONE',  ( -9.267416903471948686, 7.750629585191687987, 0.000000000000000000 ) ) ;
#2551 = VERTEX_POINT ( 'NONE', #526 ) ;
#2552 = CARTESIAN_POINT ( 'NONE',  ( -12.17545110014131282, 5.477724940116812213, 8.000000000000000000 ) ) ;
#2553 = CARTESIAN_POINT ( 'NONE',  ( 9.713655369616260415, -8.535381057717465580, 8.000000000000000000 ) ) ;
#2554 = CARTESIAN_POINT ( 'NONE',  ( -9.539420412438941455, 8.181339682155941873, 0.000000000000000000 ) ) ;
#2555 = CARTESIAN_POINT ( 'NONE',  ( -10.64346975476066604, 6.527568552596115126, 8.000000000000000000 ) ) ;
#2556 = ORIENTED_EDGE ( 'NONE', *, *, #631, .T. ) ;
#2557 = CARTESIAN_POINT ( 'NONE',  ( -9.844302869038576986, -8.855020039375077090, 0.000000000000000000 ) ) ;
#2558 = CARTESIAN_POINT ( 'NONE',  ( 6.544354946388811989, -10.72875944066938914, 8.000000000000000000 ) ) ;
#2559 = CARTESIAN_POINT ( 'NONE',  ( 12.23289380645681312, -0.8857088747960388808, -5.204170427930421283E-15 ) ) ;
#2560 = ORIENTED_EDGE ( 'NONE', *, *, #1161, .F. ) ;
#2561 = CARTESIAN_POINT ( 'NONE',  ( -12.95019774290650716, 2.759358130927302533, 0.000000000000000000 ) ) ;
#2562 = ORIENTED_EDGE ( 'NONE', *, *, #8374, .F. ) ;
#2563 = CARTESIAN_POINT ( 'NONE',  ( 11.94884645308970406, 5.198761634262982767, 0.000000000000000000 ) ) ;
#2564 = CARTESIAN_POINT ( 'NONE',  ( 2.607747690747154845, -13.42510299664337658, 8.000000000000000000 ) ) ;
#2565 = CARTESIAN_POINT ( 'NONE',  ( -4.773939382172995849, 11.53698844606704910, 0.000000000000000000 ) ) ;
#2566 = EDGE_LOOP ( 'NONE', ( #4047, #2479, #2837 ) ) ;
#2567 = CARTESIAN_POINT ( 'NONE',  ( 11.11931436071742851, -6.600657436018027902, 0.000000000000000000 ) ) ;
#2568 = CARTESIAN_POINT ( 'NONE',  ( -13.50622083011836949, 2.577692551494906059, 0.000000000000000000 ) ) ;
#2569 = CARTESIAN_POINT ( 'NONE',  ( -12.00148937107103286, 0.8074739252555862556, 0.000000000000000000 ) ) ;
#2570 = LINE ( 'NONE', #3332, #3777 ) ;
#2571 = CARTESIAN_POINT ( 'NONE',  ( 11.01428446989493537, 6.588591420233592899, 8.000000000000000000 ) ) ;
#2572 = CARTESIAN_POINT ( 'NONE',  ( 6.758212515775054108, 36.96156868852676070, -11.53032774346161027 ) ) ;
#2573 = CARTESIAN_POINT ( 'NONE',  ( -11.25643158326924897, 4.542018187747182800, 0.000000000000000000 ) ) ;
#2574 = CARTESIAN_POINT ( 'NONE',  ( -6.127463655763114581, 32.62778772306992181, -17.36271287019734189 ) ) ;
#2575 = CARTESIAN_POINT ( 'NONE',  ( 9.094348737717329101, -9.928529331195791841, 8.000000000000000000 ) ) ;
#2576 = EDGE_CURVE ( 'NONE', #1136, #8069, #2570, .T. ) ;
#2577 = ORIENTED_EDGE ( 'NONE', *, *, #6453, .T. ) ;
#2578 = FACE_OUTER_BOUND ( 'NONE', #5041, .T. ) ;
#2579 = CARTESIAN_POINT ( 'NONE',  ( -13.06843834723478182, 1.312474532673041372, 8.000000000000000000 ) ) ;
#2580 = VERTEX_POINT ( 'NONE', #3942 ) ;
#2581 = CARTESIAN_POINT ( 'NONE',  ( 10.91417308631835681, 6.575057906251854156, 0.000000000000000000 ) ) ;
#2582 = EDGE_CURVE ( 'NONE', #4339, #8107, #5026, .T. ) ;
#2583 = CARTESIAN_POINT ( 'NONE',  ( -9.928529331195827368, -9.094348737717288245, 8.000000000000000000 ) ) ;
#2584 = CARTESIAN_POINT ( 'NONE',  ( 7.668835209822888466, 9.204216794247676248, 0.000000000000000000 ) ) ;
#2585 = CARTESIAN_POINT ( 'NONE',  ( 13.16905850672523925, 1.377525651863871214, 0.000000000000000000 ) ) ;
#2586 = FACE_OUTER_BOUND ( 'NONE', #4820, .T. ) ;
#2587 = CARTESIAN_POINT ( 'NONE',  ( 12.31670401296922179, 2.895913797652636124, 8.000000000000000000 ) ) ;
#2588 = CARTESIAN_POINT ( 'NONE',  ( -11.63207506770849875, 53.13199924803154062, 21.61616680320317130 ) ) ;
#2589 = ORIENTED_EDGE ( 'NONE', *, *, #2196, .T. ) ;
#2590 = CARTESIAN_POINT ( 'NONE',  ( -1.095856395948400674, -12.69447357664507336, 0.000000000000000000 ) ) ;
#2591 = EDGE_CURVE ( 'NONE', #3838, #6455, #6596, .T. ) ;
#2592 = CARTESIAN_POINT ( 'NONE',  ( 8.181339682156046678, -9.539420412438852637, 8.000000000000000000 ) ) ;
#2593 = CARTESIAN_POINT ( 'NONE',  ( 7.956766292172403610, 36.74757302040828932, -14.32783548399509677 ) ) ;
#2594 = CARTESIAN_POINT ( 'NONE',  ( -3.608867157514807911, 10.32496896312095913, 8.000000000000000000 ) ) ;
#2595 = CARTESIAN_POINT ( 'NONE',  ( -9.267416903471948686, 7.750629585191687987, 8.000000000000000000 ) ) ;
#2596 = VERTEX_POINT ( 'NONE', #7927 ) ;
#2597 = CARTESIAN_POINT ( 'NONE',  ( 10.47431425022862150, -3.149229626028823503, 8.000000000000000000 ) ) ;
#2598 = DIRECTION ( 'NONE',  ( 0.6845280282702556063, 0.3047715140836105840, -0.6622202826217419291 ) ) ;
#2599 = CARTESIAN_POINT ( 'NONE',  ( -9.844302869038637382, 8.855020039375007812, 0.000000000000000000 ) ) ;
#2600 = EDGE_CURVE ( 'NONE', #7720, #339, #3505, .T. ) ;
#2601 = CARTESIAN_POINT ( 'NONE',  ( 9.625916629980634909, 8.348190801685314355, 0.000000000000000000 ) ) ;
#2602 = CARTESIAN_POINT ( 'NONE',  ( -5.038066446831101608, -11.80431640392018267, 8.000000000000000000 ) ) ;
#2603 = CARTESIAN_POINT ( 'NONE',  ( 5.916238915412299626, -9.442776183394560263, 8.000000000000000000 ) ) ;
#2604 = B_SPLINE_SURFACE_WITH_KNOTS ( 'NONE', 3, 1, ( 
 ( #1838, #451 ),
 ( #3859, #8601 ),
 ( #6543, #7244 ),
 ( #2540, #3122 ),
 ( #2583, #1114 ),
 ( #3300, #5837 ),
 ( #7940, #3820 ),
 ( #491, #4517 ),
 ( #1878, #3160 ),
 ( #1199, #3904 ),
 ( #5217, #542 ),
 ( #7118, #5128 ),
 ( #4560, #587 ),
 ( #6590, #4603 ),
 ( #3203, #5797 ),
 ( #1924, #8502 ),
 ( #6465, #8463 ),
 ( #3254, #2453 ),
 ( #8646, #5975 ),
 ( #5930, #1155 ),
 ( #2492, #5884 ),
 ( #7810, #5172 ),
 ( #7853, #7292 ),
 ( #7199, #1788 ),
 ( #8554, #1246 ),
 ( #3953, #6641 ),
 ( #2626, #7769 ),
 ( #1746, #4431 ),
 ( #1069, #4474 ) ),
 .UNSPECIFIED., .F., .F., .F.,
 ( 4, 1, 1, 1, 1, 1, 1, 1, 1, 1, 1, 1, 1, 1, 1, 1, 1, 1, 1, 1, 1, 1, 1, 1, 1, 1, 4 ),
 ( 2, 2 ),
 ( 0.4925683021194524613, 0.5024463643869940821, 0.5250929155847819940, 0.5469717870834428508, 0.5680829788830696891, 0.5884264909837645385, 0.6080023233856429732, 0.6268104760888334459, 0.6448509490934806188, 0.6621237423997496929, 0.6786288560078284071, 0.6943662899179314785, 0.7093360441303072639, 0.7235381186452435331, 0.7369725134630787933, 0.7496392285842117253, 0.7615382640091191702, 0.7726696197383760012, 0.7830332957726851006, 0.7926292921129175495, 0.8014576087601730237, 0.8095182457158636158, 0.8168112029818485054, 0.8233364805606433467, 0.8290940784557681020, 0.8340839966723704313, 1.000000000000000000 ),
 ( 0.000000000000000000, 1.000000000000000000 ),
 .UNSPECIFIED. ) ;
#2605 = CARTESIAN_POINT ( 'NONE',  ( 12.60876818853260239, -1.051893166807028823, -5.204170427930421283E-15 ) ) ;
#2606 = ORIENTED_EDGE ( 'NONE', *, *, #1007, .T. ) ;
#2607 = CARTESIAN_POINT ( 'NONE',  ( -6.600657436018151358, 11.11931436071735746, 8.000000000000000000 ) ) ;
#2608 = ORIENTED_EDGE ( 'NONE', *, *, #199, .T. ) ;
#2609 = DIRECTION ( 'NONE',  ( 0.000000000000000000, -0.000000000000000000, -1.000000000000000000 ) ) ;
#2610 = CARTESIAN_POINT ( 'NONE',  ( -12.17545110014127197, -5.477724940116900143, 0.000000000000000000 ) ) ;
#2611 = CARTESIAN_POINT ( 'NONE',  ( -8.972047302895360232, -9.886832010614828192, 8.000000000000000000 ) ) ;
#2612 = ORIENTED_EDGE ( 'NONE', *, *, #2701, .T. ) ;
#2613 = CARTESIAN_POINT ( 'NONE',  ( 11.34404188716894524, -6.619621129381070723, 0.000000000000000000 ) ) ;
#2614 = CARTESIAN_POINT ( 'NONE',  ( -12.13967088095519209, 2.919073574173051799, 8.000000000000000000 ) ) ;
#2615 = CARTESIAN_POINT ( 'NONE',  ( -12.23289380645680779, 0.8857088747961243680, 0.000000000000000000 ) ) ;
#2616 = CARTESIAN_POINT ( 'NONE',  ( -11.71732392095621123, -6.632284204934474126, 0.000000000000000000 ) ) ;
#2617 = CARTESIAN_POINT ( 'NONE',  ( 6.492081297254545191, -10.48771353560518449, 0.000000000000000000 ) ) ;
#2618 = CARTESIAN_POINT ( 'NONE',  ( 7.510003419717670603, 36.72874127347610340, -12.57688580198782979 ) ) ;
#2619 = CARTESIAN_POINT ( 'NONE',  ( -10.32496896312096801, 3.608867157514771939, 0.000000000000000000 ) ) ;
#2620 = CARTESIAN_POINT ( 'NONE',  ( -8.535381057717504660, -9.713655369616226665, 8.000000000000000000 ) ) ;
#2621 = CARTESIAN_POINT ( 'NONE',  ( 7.906868104074138870, -9.376012365377775382, 8.000000000000000000 ) ) ;
#2622 = CARTESIAN_POINT ( 'NONE',  ( 1.000453235186706147, 25.49397279352055179, 8.000000000000000000 ) ) ;
#2623 = CARTESIAN_POINT ( 'NONE',  ( -5.477724940116855734, 12.17545110014129150, 0.000000000000000000 ) ) ;
#2624 = CARTESIAN_POINT ( 'NONE',  ( 11.13701600410299619, 2.886444749237187857, 0.000000000000000000 ) ) ;
#2625 = CARTESIAN_POINT ( 'NONE',  ( -6.622827502596288163, 8.704427730807712038, 8.000000000000000000 ) ) ;
#2626 = CARTESIAN_POINT ( 'NONE',  ( -8.881356617214091642, -7.313425558786570413, 8.000000000000000000 ) ) ;
#2627 = CARTESIAN_POINT ( 'NONE',  ( 7.906868104073932813, 9.376012365377949465, 0.000000000000000000 ) ) ;
#2628 = CARTESIAN_POINT ( 'NONE',  ( 4.449236289362172414, -11.12353076645868732, 0.000000000000000000 ) ) ;
#2629 = CARTESIAN_POINT ( 'NONE',  ( 9.267416903471838552, 7.750629585191822102, 0.000000000000000000 ) ) ;
#2630 = CARTESIAN_POINT ( 'NONE',  ( -10.48771353560521113, -6.492081297254504335, 8.000000000000000000 ) ) ;
#2631 = CARTESIAN_POINT ( 'NONE',  ( 10.93483029503508419, 0.2416457505998772792, 0.000000000000000000 ) ) ;
#2632 = EDGE_CURVE ( 'NONE', #5820, #3547, #5292, .T. ) ;
#2633 = VERTEX_POINT ( 'NONE', #4646 ) ;
#2634 = CARTESIAN_POINT ( 'NONE',  ( -1.251919511749373326, -12.97053397611294656, 8.000000000000000000 ) ) ;
#2635 = VECTOR ( 'NONE', #7723, 1000.000000000000000 ) ;
#2636 = CARTESIAN_POINT ( 'NONE',  ( 2.933454507433649994, -11.98057174878960751, 8.000000000000000000 ) ) ;
#2637 = CARTESIAN_POINT ( 'NONE',  ( 8.087741324584571956, 36.23938259715047394, -13.27239698226971498 ) ) ;
#2638 = CARTESIAN_POINT ( 'NONE',  ( -5.836552422531321227, 12.43077374740197882, 8.000000000000000000 ) ) ;
#2639 = CARTESIAN_POINT ( 'NONE',  ( -10.02415449855990204, 9.411632514553531337, 8.000000000000000000 ) ) ;
#2640 = ORIENTED_EDGE ( 'NONE', *, *, #685, .F. ) ;
#2641 = CARTESIAN_POINT ( 'NONE',  ( 9.844302869038704884, -8.855020039374934981, 8.000000000000000000 ) ) ;
#2642 = LINE ( 'NONE', #6479, #8378 ) ;
#2643 = EDGE_CURVE ( 'NONE', #8042, #4189, #4689, .T. ) ;
#2644 = CARTESIAN_POINT ( 'NONE',  ( 6.631537913675364493, 11.85123473191547738, 8.000000000000000000 ) ) ;
#2645 = AXIS2_PLACEMENT_3D ( 'NONE', #1871, #4553, #7113 ) ;
#2646 = CARTESIAN_POINT ( 'NONE',  ( 8.357623722479631923, 35.81004254096040285, -13.32947797539456758 ) ) ;
#2647 = CARTESIAN_POINT ( 'NONE',  ( -9.267416903471895395, -7.750629585191753712, 0.000000000000000000 ) ) ;
#2648 = CARTESIAN_POINT ( 'NONE',  ( 6.401038329814059402, -10.18403012388267825, 0.000000000000000000 ) ) ;
#2649 = CARTESIAN_POINT ( 'NONE',  ( 12.30068812565077252, -0.9123192481541766430, -5.204170427930421283E-15 ) ) ;
#2650 = ORIENTED_EDGE ( 'NONE', *, *, #4888, .F. ) ;
#2651 = CARTESIAN_POINT ( 'NONE',  ( -6.628700411335480602, 11.96219333340842539, 8.000000000000000000 ) ) ;
#2652 = ORIENTED_EDGE ( 'NONE', *, *, #7261, .F. ) ;
#2653 = AXIS2_PLACEMENT_3D ( 'NONE', #2054, #5212, #487 ) ;
#2654 = CARTESIAN_POINT ( 'NONE',  ( 11.94884645308970406, 5.198761634262982767, 8.000000000000000000 ) ) ;
#2655 = CARTESIAN_POINT ( 'NONE',  ( 11.52995163726280303, -2.932881190150406603, 0.000000000000000000 ) ) ;
#2656 = CARTESIAN_POINT ( 'NONE',  ( -7.968244849358815607, -9.415217936709971980, 8.000000000000000000 ) ) ;
#2657 = AXIS2_PLACEMENT_3D ( 'NONE', #3301, #5976, #7383 ) ;
#2658 = CIRCLE ( 'NONE', #7152, 10.93750000000000355 ) ;
#2659 = ORIENTED_EDGE ( 'NONE', *, *, #7372, .F. ) ;
#2660 = CARTESIAN_POINT ( 'NONE',  ( 6.632284204934263627, 11.71732392095632846, 0.000000000000000000 ) ) ;
#2661 = CARTESIAN_POINT ( 'NONE',  ( -12.72257526253006077, 2.817469215210235411, 0.000000000000000000 ) ) ;
#2662 = CARTESIAN_POINT ( 'NONE',  ( 13.16905850672526590, -1.377525651863595435, 0.000000000000000000 ) ) ;
#2663 = CARTESIAN_POINT ( 'NONE',  ( -10.23507608951702252, -6.418760976341397750, 0.000000000000000000 ) ) ;
#2664 = AXIS2_PLACEMENT_3D ( 'NONE', #2019, #8508, #7946 ) ;
#2665 = CARTESIAN_POINT ( 'NONE',  ( 10.64346975476057366, 6.527568552596270557, 8.000000000000000000 ) ) ;
#2666 = CIRCLE ( 'NONE', #7848, 10.93750000000000178 ) ;
#2667 = CARTESIAN_POINT ( 'NONE',  ( -6.418760976341363111, 10.23507608951704917, 0.000000000000000000 ) ) ;
#2668 = CARTESIAN_POINT ( 'NONE',  ( 5.853360337646255296, 12.44189184801370018, 8.000000000000000000 ) ) ;
#2669 = CARTESIAN_POINT ( 'NONE',  ( -8.262247439007758487, -9.582420452220659968, 0.000000000000000000 ) ) ;
#2670 = CARTESIAN_POINT ( 'NONE',  ( -2.317265609202503462, 57.27921961714171317, -14.18705913416912168 ) ) ;
#2671 = ORIENTED_EDGE ( 'NONE', *, *, #809, .F. ) ;
#2672 = AXIS2_PLACEMENT_3D ( 'NONE', #2970, #7621, #8315 ) ;
#2673 = CARTESIAN_POINT ( 'NONE',  ( 0.9751606640715431151, -12.44755643926125543, 8.000000000000000000 ) ) ;
#2674 = CARTESIAN_POINT ( 'NONE',  ( -4.580317944817394960, 11.30699639290207337, 8.000000000000000000 ) ) ;
#2675 = CARTESIAN_POINT ( 'NONE',  ( 11.01428446989493537, 6.588591420233592899, 0.000000000000000000 ) ) ;
#2676 = CARTESIAN_POINT ( 'NONE',  ( -3.149229626028931861, 10.47431425022859308, 8.000000000000000000 ) ) ;
#2677 = CARTESIAN_POINT ( 'NONE',  ( 8.439220299576927431, 9.669723885497100824, 0.000000000000000000 ) ) ;
#2678 = EDGE_CURVE ( 'NONE', #3879, #7393, #8390, .T. ) ;
#2679 = LINE ( 'NONE', #4086, #5286 ) ;
#2680 = CARTESIAN_POINT ( 'NONE',  ( -11.49488719732983810, -2.929367628693812176, 8.000000000000000000 ) ) ;
#2681 = CARTESIAN_POINT ( 'NONE',  ( 6.622827502596161153, 8.704427730807806185, 0.000000000000000000 ) ) ;
#2682 = CARTESIAN_POINT ( 'NONE',  ( 0.000000000000000000, 0.000000000000000000, -2.000000000000000000 ) ) ;
#2683 = VERTEX_POINT ( 'NONE', #6188 ) ;
#2684 = CARTESIAN_POINT ( 'NONE',  ( 2.328435901529702701, 33.87852536460581376, -9.034675699249760328 ) ) ;
#2685 = CARTESIAN_POINT ( 'NONE',  ( 8.124188534056743904, 36.41692883456523333, -14.31314158202038200 ) ) ;
#2686 = CARTESIAN_POINT ( 'NONE',  ( 10.91417308631850247, -6.575057906251617013, 8.000000000000000000 ) ) ;
#2687 = CARTESIAN_POINT ( 'NONE',  ( -9.376012365377862423, 7.906868104074034953, 0.000000000000000000 ) ) ;
#2688 = EDGE_LOOP ( 'NONE', ( #7258, #1469, #5738, #749, #1369, #1458, #6525, #283, #1291, #4447, #2274, #2335, #2803, #1808, #7585, #2886, #4319, #7918, #5690, #219 ) ) ;
#2689 = PLANE ( 'NONE',  #5835 ) ;
#2690 = CARTESIAN_POINT ( 'NONE',  ( -2.800949222591075038, 32.29478324232936615, 21.61616680320317130 ) ) ;
#2691 = CARTESIAN_POINT ( 'NONE',  ( 6.600657436017989710, 11.11931436071744983, -5.204170427930421283E-15 ) ) ;
#2692 = EDGE_CURVE ( 'NONE', #8161, #307, #236, .T. ) ;
#2693 = CARTESIAN_POINT ( 'NONE',  ( 9.928529331195759866, 9.094348737717362852, 8.000000000000000000 ) ) ;
#2694 = CARTESIAN_POINT ( 'NONE',  ( -6.625183064395903543, 12.04862852623657332, 0.000000000000000000 ) ) ;
#2695 = CARTESIAN_POINT ( 'NONE',  ( -9.094348737717186992, -9.928529331195923291, 0.000000000000000000 ) ) ;
#2696 = CARTESIAN_POINT ( 'NONE',  ( -2.929367628693686054, -11.49488719732986830, 8.000000000000000000 ) ) ;
#2697 = VERTEX_POINT ( 'NONE', #8 ) ;
#2698 = CARTESIAN_POINT ( 'NONE',  ( -6.510080463201363798, 10.56312374806393350, 8.000000000000000000 ) ) ;
#2699 = ORIENTED_EDGE ( 'NONE', *, *, #5145, .T. ) ;
#2700 = CARTESIAN_POINT ( 'NONE',  ( 12.22597347346771457, -2.908682420983779160, 0.000000000000000000 ) ) ;
#2701 = EDGE_CURVE ( 'NONE', #2683, #5288, #750, .T. ) ;
#2702 = CARTESIAN_POINT ( 'NONE',  ( -5.581155335976941245, 12.25290083038837352, 0.000000000000000000 ) ) ;
#2703 = ORIENTED_EDGE ( 'NONE', *, *, #4771, .F. ) ;
#2704 = CARTESIAN_POINT ( 'NONE',  ( -0.2416457505997640642, -10.93483029503508597, 0.000000000000000000 ) ) ;
#2705 = CARTESIAN_POINT ( 'NONE',  ( -12.22597347346769681, 2.908682420983862649, 8.000000000000000000 ) ) ;
#2706 = CARTESIAN_POINT ( 'NONE',  ( -13.06843834723478182, 1.312474532673041372, 0.000000000000000000 ) ) ;
#2707 = CARTESIAN_POINT ( 'NONE',  ( 0.000000000000000000, 0.000000000000000000, 8.000000000000000000 ) ) ;
#2708 = CARTESIAN_POINT ( 'NONE',  ( 12.39393210983946325, -5.781365353077968727, 0.000000000000000000 ) ) ;
#2709 = CARTESIAN_POINT ( 'NONE',  ( 6.234793167671132785, 36.94786247052951467, -10.67528984085055477 ) ) ;
#2710 = CARTESIAN_POINT ( 'NONE',  ( 6.628700411335568532, -11.96219333340837387, 8.000000000000000000 ) ) ;
#2711 = CARTESIAN_POINT ( 'NONE',  ( -7.968244849358815607, -9.415217936709971980, 0.000000000000000000 ) ) ;
#2712 = ORIENTED_EDGE ( 'NONE', *, *, #6297, .T. ) ;
#2713 = CARTESIAN_POINT ( 'NONE',  ( -5.286606996006981696, 12.02324651265879929, 8.000000000000000000 ) ) ;
#2714 = CARTESIAN_POINT ( 'NONE',  ( 10.33666240664888747, -4.161888422927029652, 8.000000000000000000 ) ) ;
#2715 = CARTESIAN_POINT ( 'NONE',  ( -2.895913797652506005, 12.31670401296925554, 0.000000000000000000 ) ) ;
#2716 = CARTESIAN_POINT ( 'NONE',  ( 12.95019774290646630, 2.759358130927484609, 8.000000000000000000 ) ) ;
#2717 = CARTESIAN_POINT ( 'NONE',  ( 11.11684438996311286, 0.7639867559472235392, 0.000000000000000000 ) ) ;
#2718 = ORIENTED_EDGE ( 'NONE', *, *, #874, .F. ) ;
#2719 = CARTESIAN_POINT ( 'NONE',  ( -8.348190801685211326, 9.625916629980727279, 0.000000000000000000 ) ) ;
#2720 = CARTESIAN_POINT ( 'NONE',  ( -10.72875944066941578, -6.544354946388769356, 0.000000000000000000 ) ) ;
#2721 = CARTESIAN_POINT ( 'NONE',  ( 7.906868104073932813, 9.376012365377949465, -5.204170427930421283E-15 ) ) ;
#2722 = ADVANCED_FACE ( 'NONE', ( #4855 ), #3381, .T. ) ;
#2723 = PLANE ( 'NONE',  #5186 ) ;
#2724 = CARTESIAN_POINT ( 'NONE',  ( -11.80431640392012760, -5.038066446831229506, 8.000000000000000000 ) ) ;
#2725 = CARTESIAN_POINT ( 'NONE',  ( 11.46368139467884006, -6.626136714284544205, 0.000000000000000000 ) ) ;
#2726 = CARTESIAN_POINT ( 'NONE',  ( -9.175863790627264649, 7.634358818669825908, 8.000000000000000000 ) ) ;
#2727 = ORIENTED_EDGE ( 'NONE', *, *, #7988, .F. ) ;
#2728 = CARTESIAN_POINT ( 'NONE',  ( 8.704427730807781316, -6.622827502596191351, 0.000000000000000000 ) ) ;
#2729 = CARTESIAN_POINT ( 'NONE',  ( 12.05320353502385267, 0.8231400688186875092, 0.000000000000000000 ) ) ;
#2730 = CARTESIAN_POINT ( 'NONE',  ( 6.588591420233311347, 11.01428446989509702, -5.204170427930421283E-15 ) ) ;
#2731 = CARTESIAN_POINT ( 'NONE',  ( -1.447204694645796152, -13.27225220462997157, 8.000000000000000000 ) ) ;
#2732 = EDGE_CURVE ( 'NONE', #5427, #7005, #1120, .T. ) ;
#2733 = CARTESIAN_POINT ( 'NONE',  ( 7.480414681098467078, 36.80911113943233204, 21.08180028955804630 ) ) ;
#2734 = CARTESIAN_POINT ( 'NONE',  ( 6.455308898419869656, -10.35164078446976710, 8.000000000000000000 ) ) ;
#2735 = DIRECTION ( 'NONE',  ( 1.000000000000000000, 0.000000000000000000, 0.000000000000000000 ) ) ;
#2736 = CARTESIAN_POINT ( 'NONE',  ( -11.83979557596824783, 2.940530670474199137, 0.000000000000000000 ) ) ;
#2737 = EDGE_LOOP ( 'NONE', ( #6490, #2306, #5253, #3959 ) ) ;
#2738 = CARTESIAN_POINT ( 'NONE',  ( -1.722120468130896143, -13.64173013562592907, 8.000000000000000000 ) ) ;
#2739 = CARTESIAN_POINT ( 'NONE',  ( -5.198761634262857534, 11.94884645308976090, 0.000000000000000000 ) ) ;
#2740 = EDGE_CURVE ( 'NONE', #1244, #1587, #6763, .T. ) ;
#2741 = EDGE_LOOP ( 'NONE', ( #7267, #4641, #5070, #3639, #3974, #840 ) ) ;
#2742 = CARTESIAN_POINT ( 'NONE',  ( -0.6963551242057667290, -11.48389212362418199, 0.000000000000000000 ) ) ;
#2743 = CARTESIAN_POINT ( 'NONE',  ( -11.77637575328571451, 2.941794575437239434, 0.000000000000000000 ) ) ;
#2744 = CARTESIAN_POINT ( 'NONE',  ( 6.625183064395991472, -12.04862852623652536, 8.000000000000000000 ) ) ;
#2745 = DIRECTION ( 'NONE',  ( -0.000000000000000000, -0.000000000000000000, -1.000000000000000000 ) ) ;
#2746 = CARTESIAN_POINT ( 'NONE',  ( 11.16457150618553307, -4.476617511823930862, 0.000000000000000000 ) ) ;
#2747 = CARTESIAN_POINT ( 'NONE',  ( 8.375947653624040257, 35.76887421572861570, -14.18665935876010487 ) ) ;
#2748 = CARTESIAN_POINT ( 'NONE',  ( 6.631537913675626505, -11.85123473191533172, 8.000000000000000000 ) ) ;
#2749 = CARTESIAN_POINT ( 'NONE',  ( -8.855020039374974061, -9.844302869038667581, 8.000000000000000000 ) ) ;
#2750 = ADVANCED_FACE ( 'NONE', ( #709 ), #836, .T. ) ;
#2751 = ORIENTED_EDGE ( 'NONE', *, *, #4455, .F. ) ;
#2752 = CARTESIAN_POINT ( 'NONE',  ( 0.000000000000000000, 0.000000000000000000, 8.000000000000000000 ) ) ;
#2753 = CARTESIAN_POINT ( 'NONE',  ( 6.335244835902269500, 55.65838407470384652, 7.670174406971836945 ) ) ;
#2754 = CARTESIAN_POINT ( 'NONE',  ( 11.73452356626245141, -4.965029436117384343, 8.000000000000000000 ) ) ;
#2755 = DIRECTION ( 'NONE',  ( -0.7296168394300782678, 0.000000000000000000, -0.6838561746596014679 ) ) ;
#2756 = CARTESIAN_POINT ( 'NONE',  ( 7.016280841131004031, 37.09252397314411098, 20.97779499616589050 ) ) ;
#2757 = CARTESIAN_POINT ( 'NONE',  ( 11.83751175313649284, 0.7661213205047733288, 0.000000000000000000 ) ) ;
#2758 = EDGE_LOOP ( 'NONE', ( #2204, #1651, #7797, #42 ) ) ;
#2759 = CARTESIAN_POINT ( 'NONE',  ( -13.48734665307395986, -2.584755384919285248, 8.000000000000000000 ) ) ;
#2760 = CARTESIAN_POINT ( 'NONE',  ( -10.48771353560521113, -6.492081297254504335, 0.000000000000000000 ) ) ;
#2761 = CARTESIAN_POINT ( 'NONE',  ( 8.972047302895285625, 9.886832010614893917, 8.000000000000000000 ) ) ;
#2762 = CARTESIAN_POINT ( 'NONE',  ( -2.817469215210187006, -12.72257526253006787, 0.000000000000000000 ) ) ;
#2763 = CARTESIAN_POINT ( 'NONE',  ( 2.400956434846575505, 35.66883156853545245, 26.71645303348956801 ) ) ;
#2764 = CARTESIAN_POINT ( 'NONE',  ( 11.46368139467884006, -6.626136714284544205, 8.000000000000000000 ) ) ;
#2765 = CARTESIAN_POINT ( 'NONE',  ( 8.393073352340755022, 35.72926466476514662, 21.28426016496259265 ) ) ;
#2766 = ORIENTED_EDGE ( 'NONE', *, *, #8209, .F. ) ;
#2767 = LINE ( 'NONE', #6167, #2050 ) ;
#2768 = CARTESIAN_POINT ( 'NONE',  ( 12.16898868378440923, 0.8620871873793566342, 0.000000000000000000 ) ) ;
#2769 = DIRECTION ( 'NONE',  ( -1.000000000000000000, 0.000000000000000000, 0.000000000000000000 ) ) ;
#2770 = AXIS2_PLACEMENT_3D ( 'NONE', #5118, #5206, #7888 ) ;
#2771 = CARTESIAN_POINT ( 'NONE',  ( -1.600954125870928113, -13.48577048812304291, 8.000000000000000000 ) ) ;
#2772 = CARTESIAN_POINT ( 'NONE',  ( -1.709570872969507382, -13.62596226217982753, 8.000000000000000000 ) ) ;
#2773 = CARTESIAN_POINT ( 'NONE',  ( 5.115945187291737639, -11.87581303661957399, 0.000000000000000000 ) ) ;
#2774 = CARTESIAN_POINT ( 'NONE',  ( 8.988499347771151449, -6.231836464888791838, 8.000000000000000000 ) ) ;
#2775 = CARTESIAN_POINT ( 'NONE',  ( 0.5146130132903103949, 44.30978159260892113, -10.90981260795435404 ) ) ;
#2776 = ORIENTED_EDGE ( 'NONE', *, *, #1659, .T. ) ;
#2777 = CARTESIAN_POINT ( 'NONE',  ( -12.30068812565076541, 0.9123192481542625742, 8.000000000000000000 ) ) ;
#2778 = VECTOR ( 'NONE', #8458, 1000.000000000000227 ) ;
#2779 = CARTESIAN_POINT ( 'NONE',  ( -11.25643158326924897, 4.542018187747182800, 0.000000000000000000 ) ) ;
#2780 = EDGE_LOOP ( 'NONE', ( #6105, #7138, #3924, #8550 ) ) ;
#2781 = AXIS2_PLACEMENT_3D ( 'NONE', #7228, #7324, #4547 ) ;
#2782 = CARTESIAN_POINT ( 'NONE',  ( 2.564797882415548624, 35.37085619997455410, -13.00000000000000178 ) ) ;
#2783 = CARTESIAN_POINT ( 'NONE',  ( 2.145883182133906608, 37.37361591572383190, 17.73355019412369415 ) ) ;
#2784 = CARTESIAN_POINT ( 'NONE',  ( 9.713655369616075674, 8.535381057717676967, 8.000000000000000000 ) ) ;
#2785 = CARTESIAN_POINT ( 'NONE',  ( -2.686824890852737902, 13.19332579941578665, 8.000000000000000000 ) ) ;
#2786 = CARTESIAN_POINT ( 'NONE',  ( 11.41672744483956414, -4.668788839230741949, 0.000000000000000000 ) ) ;
#2787 = CARTESIAN_POINT ( 'NONE',  ( 5.974592213600526946, 36.88899444722055421, -10.21281215592840219 ) ) ;
#2788 = AXIS2_PLACEMENT_3D ( 'NONE', #2942, #1529, #2067 ) ;
#2789 = CARTESIAN_POINT ( 'NONE',  ( 5.500873384340044581, 37.86424554890565730, 23.75194548007930351 ) ) ;
#2790 = VECTOR ( 'NONE', #126, 1000.000000000000000 ) ;
#2791 = CARTESIAN_POINT ( 'NONE',  ( -9.328340841197613642, -10.00078975079091492, 0.000000000000000000 ) ) ;
#2792 = DATE_AND_TIME ( #8229, #8703 ) ;
#2793 = ORIENTED_EDGE ( 'NONE', *, *, #5156, .T. ) ;
#2794 = CARTESIAN_POINT ( 'NONE',  ( -6.630420918280122144, 11.58812316373723483, 8.000000000000000000 ) ) ;
#2795 = CARTESIAN_POINT ( 'NONE',  ( -2.984033850054440773, 0.3369114238761577451, 0.2784784232751226773 ) ) ;
#2796 = EDGE_CURVE ( 'NONE', #3446, #1543, #2875, .T. ) ;
#2797 = CIRCLE ( 'NONE', #8698, 13.75000000000000000 ) ;
#2798 = CARTESIAN_POINT ( 'NONE',  ( 2.817469215210370415, -12.72257526253002702, 8.000000000000000000 ) ) ;
#2799 = VECTOR ( 'NONE', #3539, 1000.000000000000000 ) ;
#2800 = CARTESIAN_POINT ( 'NONE',  ( -2.934419862191913975, 57.00444484045064542, 20.68844070737145202 ) ) ;
#2801 = CARTESIAN_POINT ( 'NONE',  ( 5.341376594307786441, 38.41670166580615131, 20.68844070737145557 ) ) ;
#2802 = CARTESIAN_POINT ( 'NONE',  ( -12.23289380645680069, -0.8857088747962098552, -5.204170427930421283E-15 ) ) ;
#2803 = ORIENTED_EDGE ( 'NONE', *, *, #3671, .F. ) ;
#2804 = ADVANCED_FACE ( 'NONE', ( #1326 ), #3982, .F. ) ;
#2805 = CARTESIAN_POINT ( 'NONE',  ( -12.95019774290648584, -2.759358130927394903, 0.000000000000000000 ) ) ;
#2806 = CARTESIAN_POINT ( 'NONE',  ( -7.397296749673260230, 55.01744403114347648, -8.371002309411325726 ) ) ;
#2807 = DIRECTION ( 'NONE',  ( 0.4067366430758008189, -0.9135454576426006446, 0.000000000000000000 ) ) ;
#2808 = CIRCLE ( 'NONE', #7165, 10.93750000000000000 ) ;
#2809 = ORIENTED_EDGE ( 'NONE', *, *, #4950, .F. ) ;
#2810 = CARTESIAN_POINT ( 'NONE',  ( -2.584755384919137366, -13.48734665307398473, 0.000000000000000000 ) ) ;
#2811 = CARTESIAN_POINT ( 'NONE',  ( -12.09884006967983439, -5.379567626064857500, 8.000000000000000000 ) ) ;
#2812 = CARTESIAN_POINT ( 'NONE',  ( 12.02849558175094558, -6.626067776680025112, 8.000000000000000000 ) ) ;
#2813 = DIRECTION ( 'NONE',  ( 0.000000000000000000, 0.000000000000000000, 1.000000000000000000 ) ) ;
#2814 = CARTESIAN_POINT ( 'NONE',  ( 6.626136714284503348, 11.46368139467886316, 8.000000000000000000 ) ) ;
#2815 = AXIS2_PLACEMENT_3D ( 'NONE', #6370, #6456, #2227 ) ;
#2816 = CARTESIAN_POINT ( 'NONE',  ( 9.969200282348042563, -9.221936103763963999, 8.000000000000000000 ) ) ;
#2817 = CARTESIAN_POINT ( 'NONE',  ( 10.93483029503508419, 0.2416457505998772792, 0.000000000000000000 ) ) ;
#2818 = CARTESIAN_POINT ( 'NONE',  ( 6.455308898419642283, 10.35164078446991098, 8.000000000000000000 ) ) ;
#2819 = CARTESIAN_POINT ( 'NONE',  ( -11.91079326901029489, 0.7828886122849056939, 8.000000000000000000 ) ) ;
#2820 = CARTESIAN_POINT ( 'NONE',  ( -1.251919511749373326, -12.97053397611294656, 8.000000000000000000 ) ) ;
#2821 = CARTESIAN_POINT ( 'NONE',  ( 5.581155335977028287, -12.25290083038833089, 0.000000000000000000 ) ) ;
#2822 = DIRECTION ( 'NONE',  ( 0.6845280282702557173, 0.3047715140836100844, -0.6622202826217419291 ) ) ;
#2823 = CARTESIAN_POINT ( 'NONE',  ( 12.37227591337643418, -0.9420826277740271815, 8.000000000000000000 ) ) ;
#2824 = ORIENTED_EDGE ( 'NONE', *, *, #6038, .F. ) ;
#2825 = CARTESIAN_POINT ( 'NONE',  ( 13.50622083004042118, -2.577692551523988129, 0.000000000000000000 ) ) ;
#2826 = CARTESIAN_POINT ( 'NONE',  ( -11.20891349420033833, 4.507497455256067376, 8.000000000000000000 ) ) ;
#2827 = ORIENTED_EDGE ( 'NONE', *, *, #3779, .F. ) ;
#2828 = EDGE_CURVE ( 'NONE', #6481, #2633, #2190, .T. ) ;
#2829 = CARTESIAN_POINT ( 'NONE',  ( -6.510080463201289191, -10.56312374806397791, 0.000000000000000000 ) ) ;
#2830 = FACE_OUTER_BOUND ( 'NONE', #8013, .T. ) ;
#2831 = CARTESIAN_POINT ( 'NONE',  ( -9.204216794247539468, -7.668835209823054555, 8.000000000000000000 ) ) ;
#2832 = DIRECTION ( 'NONE',  ( -0.000000000000000000, 0.000000000000000000, 1.000000000000000000 ) ) ;
#2833 = CARTESIAN_POINT ( 'NONE',  ( -11.46368139467879033, 6.626136714284629470, 8.000000000000000000 ) ) ;
#2834 = CARTESIAN_POINT ( 'NONE',  ( 11.98057174878966080, -2.933454507433441716, -5.204170427930421283E-15 ) ) ;
#2835 = CC_DESIGN_DATE_AND_TIME_ASSIGNMENT ( #3513, #53, ( #1094 ) ) ;
#2836 = CALENDAR_DATE ( 2026, 8, 5 ) ;
#2837 = ORIENTED_EDGE ( 'NONE', *, *, #3401, .T. ) ;
#2838 = CARTESIAN_POINT ( 'NONE',  ( -6.436913140481723694, 10.29093438073245714, 8.000000000000000000 ) ) ;
#2839 = CARTESIAN_POINT ( 'NONE',  ( 10.81899503309348276, 6.560248542580196407, 0.000000000000000000 ) ) ;
#2840 = CARTESIAN_POINT ( 'NONE',  ( 2.584755384919331433, -13.48734665307394920, 8.000000000000000000 ) ) ;
#2841 = EDGE_CURVE ( 'NONE', #1723, #1903, #3626, .T. ) ;
#2842 = CARTESIAN_POINT ( 'NONE',  ( 8.040149431207757047, 36.34808527380656074, 22.12375178662528441 ) ) ;
#2843 = CARTESIAN_POINT ( 'NONE',  ( 7.349919378386109869, 37.89184151322472616, 22.39864098601723796 ) ) ;
#2844 = CARTESIAN_POINT ( 'NONE',  ( -12.87548337994385683, -1.195724957047582082, 8.000000000000000000 ) ) ;
#2845 = ORIENTED_EDGE ( 'NONE', *, *, #1536, .T. ) ;
#2846 = CARTESIAN_POINT ( 'NONE',  ( -7.313425558786540215, 8.881356617214120064, 0.000000000000000000 ) ) ;
#2847 = B_SPLINE_CURVE_WITH_KNOTS ( 'NONE', 3,
 ( #7750, #7058, #5731, #2431, #386, #7095, #1088, #1006, #6395, #1046, #964, #4449, #7179, #2516 ),
 .UNSPECIFIED., .F., .F.,
 ( 4, 2, 2, 2, 2, 2, 4 ),
 ( 7.084811160192792361E-17, 0.0004321638718689812023, 0.0008643277437378914978, 0.001728655487475695392, 0.002592983231213499395, 0.003025147103082406926, 0.003457310974951314456 ),
 .UNSPECIFIED. ) ;
#2848 = CARTESIAN_POINT ( 'NONE',  ( -3.149229626028855478, -10.47431425022861440, 0.000000000000000000 ) ) ;
#2849 = CARTESIAN_POINT ( 'NONE',  ( 7.577720000373570741, 9.126433365741238646, 8.000000000000000000 ) ) ;
#2850 = ORIENTED_EDGE ( 'NONE', *, *, #1345, .T. ) ;
#2851 = CARTESIAN_POINT ( 'NONE',  ( -2.895913797652415411, -12.31670401296927331, 0.000000000000000000 ) ) ;
#2852 = EDGE_CURVE ( 'NONE', #2392, #3417, #5495, .T. ) ;
#2853 = CARTESIAN_POINT ( 'NONE',  ( 7.693041580733563478, 35.44700705895044734, -14.94058458463618244 ) ) ;
#2854 = CARTESIAN_POINT ( 'NONE',  ( 10.29093438073252642, -6.436913140481609119, 0.000000000000000000 ) ) ;
#2855 = CARTESIAN_POINT ( 'NONE',  ( 4.887210304264030469, 11.65646762571651429, 0.000000000000000000 ) ) ;
#2856 = CARTESIAN_POINT ( 'NONE',  ( -9.713655369616196467, 8.535381057717536635, 8.000000000000000000 ) ) ;
#2857 = CARTESIAN_POINT ( 'NONE',  ( 13.37787302532243849, 1.521639563755555313, 8.000000000000000000 ) ) ;
#2858 = CARTESIAN_POINT ( 'NONE',  ( 11.11684438996311286, 0.7639867559472235392, 0.000000000000000000 ) ) ;
#2859 = CARTESIAN_POINT ( 'NONE',  ( 6.352286767647449039, 10.05932550694768857, 8.000000000000000000 ) ) ;
#2860 = ADVANCED_FACE ( 'NONE', ( #5626 ), #401, .T. ) ;
#2861 = CARTESIAN_POINT ( 'NONE',  ( -1.447204694645796152, -13.27225220462997157, 0.000000000000000000 ) ) ;
#2862 = CARTESIAN_POINT ( 'NONE',  ( 8.191018435303393019, 36.11070445224125791, 21.30340282200056023 ) ) ;
#2863 = CARTESIAN_POINT ( 'NONE',  ( 4.622531273494623782, -11.36047427339660487, 8.000000000000000000 ) ) ;
#2864 = CARTESIAN_POINT ( 'NONE',  ( -2.895913797652415411, -12.31670401296927331, 8.000000000000000000 ) ) ;
#2865 = LINE ( 'NONE', #5638, #8707 ) ;
#2866 = EDGE_LOOP ( 'NONE', ( #1593, #5399, #178, #8488, #5680 ) ) ;
#2867 = CARTESIAN_POINT ( 'NONE',  ( 13.32045193209912171, -2.644734409370864459, 8.000000000000000000 ) ) ;
#2868 = CARTESIAN_POINT ( 'NONE',  ( -12.17545110014131282, 5.477724940116812213, 0.000000000000000000 ) ) ;
#2869 = EDGE_CURVE ( 'NONE', #1691, #7596, #3370, .T. ) ;
#2870 = ORIENTED_EDGE ( 'NONE', *, *, #1837, .T. ) ;
#2871 = CARTESIAN_POINT ( 'NONE',  ( -3.149229626028855478, -10.47431425022861440, 8.000000000000000000 ) ) ;
#2872 = CARTESIAN_POINT ( 'NONE',  ( 0.7374361118427618100, 36.74653487829143472, 16.37100230941132040 ) ) ;
#2873 = B_SPLINE_CURVE_WITH_KNOTS ( 'NONE', 3,
 ( #1713, #4397, #7083, #948, #3705, #8342, #8254, #5057, #1579, #2245, #1539, #3086, #2901, #6916, #2376, #5635, #4264, #6295, #5676, #3665, #3619, #8432, #247, #5588, #2996, #6956, #1035, #373, #2289 ),
 .UNSPECIFIED., .F., .F.,
 ( 4, 1, 1, 1, 1, 1, 1, 1, 1, 1, 1, 1, 1, 1, 1, 1, 1, 1, 1, 1, 1, 1, 1, 1, 1, 1, 4 ),
 ( 0.000000000000000000, 0.1659160033276295965, 0.1709059215442318702, 0.1766635194393565977, 0.1831887970181514669, 0.1904817542841364120, 0.1985423912398269763, 0.2073707078870824227, 0.2169667042273148716, 0.2273303802616240543, 0.2384617359908808021, 0.2503607714157882191, 0.2630274865369212067, 0.2764618813547564669, 0.2906639558696927361, 0.3056337100820685215, 0.3213711439921715929, 0.3378762576002502516, 0.3551490509065193812, 0.3731895239111665541, 0.3919976766143570268, 0.4115735090162354615, 0.4319170211169303109, 0.4530282129165571492, 0.4749070844152180060, 0.4975536356130058624, 0.5074316978669450862 ),
 .UNSPECIFIED. ) ;
#2874 = CARTESIAN_POINT ( 'NONE',  ( -9.969200282347905784, -9.221936103764106107, 8.000000000000000000 ) ) ;
#2875 = LINE ( 'NONE', #3424, #6733 ) ;
#2876 = ORIENTED_EDGE ( 'NONE', *, *, #5522, .F. ) ;
#2877 = CARTESIAN_POINT ( 'NONE',  ( 10.80883218877871599, -2.708699257713604869, 8.000000000000000000 ) ) ;
#2878 = COORDINATED_UNIVERSAL_TIME_OFFSET ( 8, 0, .AHEAD. ) ;
#2879 = ORIENTED_EDGE ( 'NONE', *, *, #511, .T. ) ;
#2880 = CARTESIAN_POINT ( 'NONE',  ( -9.328340841224290969, 10.00078975079874866, 0.000000000000000000 ) ) ;
#2881 = CARTESIAN_POINT ( 'NONE',  ( 5.341376594307788217, 38.41670166580615131, 20.68844070737145557 ) ) ;
#2882 = CARTESIAN_POINT ( 'NONE',  ( 2.895913797652593047, -12.31670401296923245, 8.000000000000000000 ) ) ;
#2883 = CARTESIAN_POINT ( 'NONE',  ( 12.43077374743273467, 5.836552422577614863, 0.000000000000000000 ) ) ;
#2884 = CARTESIAN_POINT ( 'NONE',  ( 7.399945795160720152, 35.76236522519123184, 23.05159919002713664 ) ) ;
#2885 = CARTESIAN_POINT ( 'NONE',  ( 9.100466306095757574, 38.28072325986221358, 20.99999999999999645 ) ) ;
#2886 = ORIENTED_EDGE ( 'NONE', *, *, #5134, .T. ) ;
#2887 = CARTESIAN_POINT ( 'NONE',  ( 0.000000000000000000, 0.000000000000000000, 8.000000000000000000 ) ) ;
#2888 = DIRECTION ( 'NONE',  ( 0.000000000000000000, -0.000000000000000000, -1.000000000000000000 ) ) ;
#2889 = CARTESIAN_POINT ( 'NONE',  ( 8.181339682155837068, 9.539420412439032049, -5.204170427930421283E-15 ) ) ;
#2890 = ORIENTED_EDGE ( 'NONE', *, *, #1818, .F. ) ;
#2891 = CARTESIAN_POINT ( 'NONE',  ( -2.937812879663770360, -11.90787246215811734, 0.000000000000000000 ) ) ;
#2892 = CARTESIAN_POINT ( 'NONE',  ( -11.08591166683800644, -4.425208852857832831, 8.000000000000000000 ) ) ;
#2893 = CARTESIAN_POINT ( 'NONE',  ( 9.411632514553645024, -10.02415449855979723, 0.000000000000000000 ) ) ;
#2894 = DIRECTION ( 'NONE',  ( 0.4067366430758008189, -0.9135454576426006446, 0.000000000000000000 ) ) ;
#2895 = CARTESIAN_POINT ( 'NONE',  ( 6.527568552595998774, 10.64346975476073709, 8.000000000000000000 ) ) ;
#2896 = CARTESIAN_POINT ( 'NONE',  ( 9.969200282348042563, -9.221936103763963999, 0.000000000000000000 ) ) ;
#2897 = DIRECTION ( 'NONE',  ( -0.6798797886080296671, 0.1076823798066468690, -0.7253743710122919630 ) ) ;
#2898 = CARTESIAN_POINT ( 'NONE',  ( 8.381798554837018855, 35.75573287644380827, -13.28508304997270528 ) ) ;
#2899 = ADVANCED_FACE ( 'NONE', ( #3776 ), #6535, .T. ) ;
#2900 = CARTESIAN_POINT ( 'NONE',  ( 10.93483029503508419, 0.2416457505998772792, 8.000000000000000000 ) ) ;
#2901 = CARTESIAN_POINT ( 'NONE',  ( 2.933454507433649994, -11.98057174878960751, 0.000000000000000000 ) ) ;
#2902 = PLANE ( 'NONE',  #2522 ) ;
#2903 = EDGE_CURVE ( 'NONE', #3995, #3601, #5826, .T. ) ;
#2904 = DIRECTION ( 'NONE',  ( 0.000000000000000000, 0.000000000000000000, -1.000000000000000000 ) ) ;
#2905 = CARTESIAN_POINT ( 'NONE',  ( -12.04862852623655378, -6.625183064395943511, 0.000000000000000000 ) ) ;
#2906 = ORIENTED_EDGE ( 'NONE', *, *, #256, .T. ) ;
#2907 = CARTESIAN_POINT ( 'NONE',  ( 11.90787246215806405, 2.937812879663983523, 0.000000000000000000 ) ) ;
#2908 = ADVANCED_FACE ( 'NONE', ( #2578 ), #3856, .T. ) ;
#2909 = CARTESIAN_POINT ( 'NONE',  ( -12.52642403931682225, -1.011712205768966477, 8.000000000000000000 ) ) ;
#2910 = EDGE_CURVE ( 'NONE', #5953, #3601, #3295, .T. ) ;
#2911 = CARTESIAN_POINT ( 'NONE',  ( -11.60070094346938063, 4.833073392807619051, 0.000000000000000000 ) ) ;
#2912 = CARTESIAN_POINT ( 'NONE',  ( 6.926583278757530771, 24.55536600327916830, 8.000000000000000000 ) ) ;
#2913 = VERTEX_POINT ( 'NONE', #1335 ) ;
#2914 = CARTESIAN_POINT ( 'NONE',  ( -4.719217338362137859, -11.47561408673062822, 0.000000000000000000 ) ) ;
#2915 = CARTESIAN_POINT ( 'NONE',  ( 5.781365353077924318, 12.39393210983948634, 0.000000000000000000 ) ) ;
#2916 = CARTESIAN_POINT ( 'NONE',  ( 1.000453235186709700, 25.49397279352055889, 8.000000000000000000 ) ) ;
#2917 = CARTESIAN_POINT ( 'NONE',  ( 10.32496896312099111, -3.608867157514701773, 8.000000000000000000 ) ) ;
#2918 = AXIS2_PLACEMENT_3D ( 'NONE', #3844, #3805, #1051 ) ;
#2919 = CARTESIAN_POINT ( 'NONE',  ( 2.937812879663942223, -11.90787246215807471, 8.000000000000000000 ) ) ;
#2920 = ORIENTED_EDGE ( 'NONE', *, *, #3722, .F. ) ;
#2921 = CARTESIAN_POINT ( 'NONE',  ( 11.90787246215812623, -2.937812879663733945, -5.204170427930421283E-15 ) ) ;
#2922 = VECTOR ( 'NONE', #5878, 1000.000000000000114 ) ;
#2923 = ORIENTED_EDGE ( 'NONE', *, *, #1502, .F. ) ;
#2924 = CARTESIAN_POINT ( 'NONE',  ( -13.64173013562593795, 1.722120468130850846, 8.000000000000000000 ) ) ;
#2925 = CARTESIAN_POINT ( 'NONE',  ( -2.724978029605114482, -13.06987279011082848, 0.000000000000000000 ) ) ;
#2926 = ORIENTED_EDGE ( 'NONE', *, *, #2428, .F. ) ;
#2927 = CARTESIAN_POINT ( 'NONE',  ( -2.584755384919236842, 13.48734665307396696, 8.000000000000000000 ) ) ;
#2928 = CARTESIAN_POINT ( 'NONE',  ( 8.245119538669776205, 36.02021903849073681, 21.31498281981853538 ) ) ;
#2929 = CIRCLE ( 'NONE', #2781, 2.000000000000001332 ) ;
#2930 = CARTESIAN_POINT ( 'NONE',  ( -12.69447357664507159, -1.095856395948445083, -5.204170427930421283E-15 ) ) ;
#2931 = EDGE_LOOP ( 'NONE', ( #1815, #3048, #2608, #6129 ) ) ;
#2932 = CARTESIAN_POINT ( 'NONE',  ( -11.22924223885652140, 6.611064424922788341, 8.000000000000000000 ) ) ;
#2933 = CARTESIAN_POINT ( 'NONE',  ( -11.58812316373720819, -6.630420918280161224, 8.000000000000000000 ) ) ;
#2934 = CARTESIAN_POINT ( 'NONE',  ( 12.17545110014134657, -5.477724940116727836, 8.000000000000000000 ) ) ;
#2935 = AXIS2_PLACEMENT_3D ( 'NONE', #3003, #8477, #6480 ) ;
#2936 = EDGE_LOOP ( 'NONE', ( #7486, #6159, #8404, #7787, #3752, #4984 ) ) ;
#2937 = CIRCLE ( 'NONE', #4068, 13.75000000000000000 ) ;
#2938 = CARTESIAN_POINT ( 'NONE',  ( -6.630420918280039544, -11.58812316373727747, 8.000000000000000000 ) ) ;
#2939 = CARTESIAN_POINT ( 'NONE',  ( -9.411632514553570417, 10.02415449855987006, 8.000000000000000000 ) ) ;
#2940 = EDGE_CURVE ( 'NONE', #4705, #3833, #7195, .T. ) ;
#2941 = CARTESIAN_POINT ( 'NONE',  ( 7.152395453489308608, -8.544655887209419376, 0.000000000000000000 ) ) ;
#2942 = CARTESIAN_POINT ( 'NONE',  ( 16.72431969393056761, 40.58044520220693130, 3.166912955578769395 ) ) ;
#2943 = CARTESIAN_POINT ( 'NONE',  ( -9.497099640846695223, 8.105411651555796126, 8.000000000000000000 ) ) ;
#2944 = CARTESIAN_POINT ( 'NONE',  ( 12.23289380645679536, 0.8857088747962953423, 8.000000000000000000 ) ) ;
#2945 = LOCAL_TIME ( 12, 3, 35.00000000000000000, #2878 ) ;
#2946 = CIRCLE ( 'NONE', #1678, 10.93750000000000178 ) ;
#2947 = DIRECTION ( 'NONE',  ( 0.000000000000000000, -0.000000000000000000, -1.000000000000000000 ) ) ;
#2948 = CARTESIAN_POINT ( 'NONE',  ( 6.510080463201210144, 10.56312374806402410, 8.000000000000000000 ) ) ;
#2949 = CC_DESIGN_PERSON_AND_ORGANIZATION_ASSIGNMENT ( #7499, #1468, ( #260 ) ) ;
#2950 = B_SPLINE_SURFACE_WITH_KNOTS ( 'NONE', 3, 1, ( 
 ( #6217, #7560 ),
 ( #4801, #8253 ),
 ( #121, #162 ),
 ( #2243, #4922 ),
 ( #1360, #3411 ),
 ( #2819, #7441 ),
 ( #8172, #2159 ),
 ( #1409, #4102 ),
 ( #2537, #1153 ),
 ( #3618, #5169 ),
 ( #1196, #992 ),
 ( #8341, #4307 ),
 ( #8383, #6383 ),
 ( #4514, #8300 ),
 ( #7000, #6955 ),
 ( #1875, #8597 ),
 ( #4558, #1834 ),
 ( #906, #6294 ),
 ( #246, #5213 ),
 ( #4965, #7649 ),
 ( #1620, #334 ),
 ( #2579, #7045 ),
 ( #3901, #3704 ),
 ( #7241, #2375 ),
 ( #3857, #7894 ),
 ( #947, #4355 ),
 ( #1578, #6339 ),
 ( #7606, #3038 ),
 ( #5008, #4263 ) ),
 .UNSPECIFIED., .F., .F., .F.,
 ( 4, 1, 1, 1, 1, 1, 1, 1, 1, 1, 1, 1, 1, 1, 1, 1, 1, 1, 1, 1, 1, 1, 1, 1, 1, 1, 4 ),
 ( 2, 2 ),
 ( 0.000000000000000000, 0.1659160033276295965, 0.1709059215442318702, 0.1766635194393565977, 0.1831887970181514669, 0.1904817542841364120, 0.1985423912398269763, 0.2073707078870824227, 0.2169667042273148716, 0.2273303802616240543, 0.2384617359908808021, 0.2503607714157882191, 0.2630274865369212067, 0.2764618813547564669, 0.2906639558696927361, 0.3056337100820685215, 0.3213711439921715929, 0.3378762576002502516, 0.3551490509065193812, 0.3731895239111665541, 0.3919976766143570268, 0.4115735090162354615, 0.4319170211169303109, 0.4530282129165571492, 0.4749070844152180060, 0.4975536356130058624, 0.5074316978669454192 ),
 ( 0.000000000000000000, 1.000000000000000000 ),
 .UNSPECIFIED. ) ;
#2951 = CARTESIAN_POINT ( 'NONE',  ( 0.2416457505997627320, -10.93483029503508597, 0.000000000000000000 ) ) ;
#2952 = AXIS2_PLACEMENT_3D ( 'NONE', #8472, #7820, #6387 ) ;
#2953 = CARTESIAN_POINT ( 'NONE',  ( 8.811073498362935297, 48.35002041356305114, 0.9580100099180401951 ) ) ;
#2954 = CARTESIAN_POINT ( 'NONE',  ( 4.404384806714210399, -11.05183112916327026, 0.000000000000000000 ) ) ;
#2955 = LINE ( 'NONE', #4311, #7984 ) ;
#2956 = CARTESIAN_POINT ( 'NONE',  ( 12.87548337994387282, -1.195724957047402448, 8.000000000000000000 ) ) ;
#2957 = ORIENTED_EDGE ( 'NONE', *, *, #1063, .F. ) ;
#2958 = CARTESIAN_POINT ( 'NONE',  ( 11.66361783702272881, 2.940710835118589106, 0.000000000000000000 ) ) ;
#2959 = CARTESIAN_POINT ( 'NONE',  ( -2.976532959868330330, 31.18619115514277951, -13.61616680320316952 ) ) ;
#2960 = CARTESIAN_POINT ( 'NONE',  ( 3.711973503739855573, 38.07088425068687343, -11.24860397213439356 ) ) ;
#2961 = CARTESIAN_POINT ( 'NONE',  ( 5.477724940116686092, 12.17545110014136611, 8.000000000000000000 ) ) ;
#2962 = B_SPLINE_CURVE_WITH_KNOTS ( 'NONE', 3,
 ( #3030, #7075, #2281, #897, #1067, #8373, #5709, #4958, #6463, #7729, #2365, #985, #5045, #1027, #5668, #7768, #6376, #1705, #2322, #5796, #3697, #327, #6416, #1745, #4430, #364, #3074, #8462, #5753 ),
 .UNSPECIFIED., .F., .F.,
 ( 4, 1, 1, 1, 1, 1, 1, 1, 1, 1, 1, 1, 1, 1, 1, 1, 1, 1, 1, 1, 1, 1, 1, 1, 1, 1, 4 ),
 ( 0.000000000000000000, 0.1659160033276295687, 0.1709059215442318980, 0.1766635194393566533, 0.1831887970181514946, 0.1904817542841363842, 0.1985423912398269763, 0.2073707078870824505, 0.2169667042273148994, 0.2273303802616239988, 0.2384617359908808298, 0.2503607714157882747, 0.2630274865369212067, 0.2764618813547564669, 0.2906639558696927361, 0.3056337100820685215, 0.3213711439921715929, 0.3378762576002503071, 0.3551490509065193812, 0.3731895239111665541, 0.3919976766143570268, 0.4115735090162354615, 0.4319170211169303109, 0.4530282129165571492, 0.4749070844152180060, 0.4975536356130058624, 0.5074316978669457523 ),
 .UNSPECIFIED. ) ;
#2963 = CARTESIAN_POINT ( 'NONE',  ( -11.02139818175203878, 4.386616976970920234, 0.000000000000000000 ) ) ;
#2964 = ADVANCED_FACE ( 'NONE', ( #8029 ), #7791, .T. ) ;
#2965 = ORIENTED_EDGE ( 'NONE', *, *, #1394, .F. ) ;
#2966 = CARTESIAN_POINT ( 'NONE',  ( -0.9123192481543054289, -12.30068812565076186, 0.000000000000000000 ) ) ;
#2967 = CARTESIAN_POINT ( 'NONE',  ( -2.800949222591072818, 32.29478324232935194, -13.61616680320317130 ) ) ;
#2968 = EDGE_CURVE ( 'NONE', #8395, #3446, #1516, .T. ) ;
#2969 = LINE ( 'NONE', #5997, #3785 ) ;
#2970 = CARTESIAN_POINT ( 'NONE',  ( -6.974058449351345779, 49.73270047063778065, -16.15497710174620138 ) ) ;
#2971 = CARTESIAN_POINT ( 'NONE',  ( 2.938739567862459268, -11.61432090236918668, 8.000000000000000000 ) ) ;
#2972 = EDGE_LOOP ( 'NONE', ( #5031, #6796, #2560, #6121 ) ) ;
#2973 = CARTESIAN_POINT ( 'NONE',  ( 6.622827502596161153, 8.704427730807806185, 8.000000000000000000 ) ) ;
#2974 = ORIENTED_EDGE ( 'NONE', *, *, #6351, .F. ) ;
#2975 = CARTESIAN_POINT ( 'NONE',  ( -7.577720000373704856, 9.126433365741132064, 0.000000000000000000 ) ) ;
#2976 = CARTESIAN_POINT ( 'NONE',  ( 3.711973503739858238, 38.07088425068686632, 19.24860397213439711 ) ) ;
#2977 = CARTESIAN_POINT ( 'NONE',  ( -6.367618434587505760, -10.09620455160490771, 8.000000000000000000 ) ) ;
#2978 = CARTESIAN_POINT ( 'NONE',  ( 0.000000000000000000, 0.000000000000000000, 8.000000000000000000 ) ) ;
#2979 = CARTESIAN_POINT ( 'NONE',  ( 8.325061784317467684, 35.94624437976720799, 22.31945900413611028 ) ) ;
#2980 = DIRECTION ( 'NONE',  ( 1.047444401652939849E-14, -1.000000000000000000, 0.000000000000000000 ) ) ;
#2981 = VERTEX_POINT ( 'NONE', #2924 ) ;
#2982 = CARTESIAN_POINT ( 'NONE',  ( -11.71732392095625563, 6.632284204934391525, 0.000000000000000000 ) ) ;
#2983 = CARTESIAN_POINT ( 'NONE',  ( -10.93750000000000178, 0.000000000000000000, 8.000000000000000000 ) ) ;
#2984 = CARTESIAN_POINT ( 'NONE',  ( 11.16457150618553307, -4.476617511823930862, 8.000000000000000000 ) ) ;
#2985 = VERTEX_POINT ( 'NONE', #3516 ) ;
#2986 = CARTESIAN_POINT ( 'NONE',  ( -6.186699299581391642, -9.699971161947047449, 8.000000000000000000 ) ) ;
#2987 = CARTESIAN_POINT ( 'NONE',  ( -8.743249532614884245, 9.801135538539480052, 8.000000000000000000 ) ) ;
#2988 = CARTESIAN_POINT ( 'NONE',  ( 9.392211555323923378, -10.01877448793485570, 0.000000000000000000 ) ) ;
#2989 = CARTESIAN_POINT ( 'NONE',  ( 4.449236289362172414, -11.12353076645868732, 8.000000000000000000 ) ) ;
#2990 = CARTESIAN_POINT ( 'NONE',  ( -9.126433365741155157, 7.577720000373671105, 8.000000000000000000 ) ) ;
#2991 = CARTESIAN_POINT ( 'NONE',  ( 12.10906341627275751, 0.8412873393391296917, 8.000000000000000000 ) ) ;
#2992 = CARTESIAN_POINT ( 'NONE',  ( 0.000000000000000000, 0.000000000000000000, 0.000000000000000000 ) ) ;
#2993 = CARTESIAN_POINT ( 'NONE',  ( -6.974058449351345779, 49.73270047063778065, -16.15497710174620138 ) ) ;
#2994 = ADVANCED_FACE ( 'NONE', ( #6197 ), #3866, .T. ) ;
#2995 = CARTESIAN_POINT ( 'NONE',  ( 0.8412873393390029042, -12.10906341627276639, 0.000000000000000000 ) ) ;
#2996 = CARTESIAN_POINT ( 'NONE',  ( 2.686824890852831604, -13.19332579941576533, 0.000000000000000000 ) ) ;
#2997 = CARTESIAN_POINT ( 'NONE',  ( 4.161888422927172648, -10.33666240664857483, 8.000000000000000000 ) ) ;
#2998 = CARTESIAN_POINT ( 'NONE',  ( -13.42510299664340323, 2.607747690747012292, 8.000000000000000000 ) ) ;
#2999 = CARTESIAN_POINT ( 'NONE',  ( -9.126433365741155157, 7.577720000373671105, 8.000000000000000000 ) ) ;
#3000 = EDGE_LOOP ( 'NONE', ( #4375, #6705, #437, #3217 ) ) ;
#3001 = CARTESIAN_POINT ( 'NONE',  ( -13.16905850672525702, 1.377525651863687584, 8.000000000000000000 ) ) ;
#3002 = CARTESIAN_POINT ( 'NONE',  ( 8.704427730807783092, -6.622827502596191351, -5.204170427930421283E-15 ) ) ;
#3003 = CARTESIAN_POINT ( 'NONE',  ( 0.000000000000000000, 0.000000000000000000, 0.000000000000000000 ) ) ;
#3004 = CARTESIAN_POINT ( 'NONE',  ( -5.379567626064723385, -12.09884006967988945, 8.000000000000000000 ) ) ;
#3005 = ORIENTED_EDGE ( 'NONE', *, *, #1563, .F. ) ;
#3006 = CARTESIAN_POINT ( 'NONE',  ( -1.051893166807160940, -12.60876818853259174, 0.000000000000000000 ) ) ;
#3007 = CARTESIAN_POINT ( 'NONE',  ( -8.348190801685142048, -9.625916629980782346, 0.000000000000000000 ) ) ;
#3008 = CARTESIAN_POINT ( 'NONE',  ( 8.544655887209394507, 7.152395453489337029, 8.000000000000000000 ) ) ;
#3009 = CARTESIAN_POINT ( 'NONE',  ( 0.000000000000000000, 0.000000000000000000, 0.000000000000000000 ) ) ;
#3010 = VERTEX_POINT ( 'NONE', #3109 ) ;
#3011 = CARTESIAN_POINT ( 'NONE',  ( 2.933454507433649994, -11.98057174878960751, 0.000000000000000000 ) ) ;
#3012 = CARTESIAN_POINT ( 'NONE',  ( 13.42510299666958495, -2.607747690737672652, 8.000000000000000000 ) ) ;
#3013 = ADVANCED_FACE ( 'NONE', ( #3807 ), #438, .T. ) ;
#3014 = ORIENTED_EDGE ( 'NONE', *, *, #1726, .T. ) ;
#3015 = CARTESIAN_POINT ( 'NONE',  ( -7.850195268865184595, 9.338196514606199372, 0.000000000000000000 ) ) ;
#3016 = FACE_OUTER_BOUND ( 'NONE', #8242, .T. ) ;
#3017 = CARTESIAN_POINT ( 'NONE',  ( -6.436913140481649975, -10.29093438073250333, 8.000000000000000000 ) ) ;
#3018 = VERTEX_POINT ( 'NONE', #2267 ) ;
#3019 = CARTESIAN_POINT ( 'NONE',  ( -2.644734409371002570, 13.32045193209910039, 8.000000000000000000 ) ) ;
#3020 = CARTESIAN_POINT ( 'NONE',  ( 7.684685599313051618, 35.46826640764964367, 22.93977806148902943 ) ) ;
#3021 = EDGE_CURVE ( 'NONE', #1443, #4913, #4944, .T. ) ;
#3022 = CARTESIAN_POINT ( 'NONE',  ( -1.447204694645796375, 13.27225220462997157, 0.000000000000000000 ) ) ;
#3023 = ORIENTED_EDGE ( 'NONE', *, *, #1356, .F. ) ;
#3024 = CARTESIAN_POINT ( 'NONE',  ( -11.01428446989502596, 6.588591420233433027, 8.000000000000000000 ) ) ;
#3025 = CARTESIAN_POINT ( 'NONE',  ( -12.04862852623655378, -6.625183064395941734, 0.000000000000000000 ) ) ;
#3026 = CARTESIAN_POINT ( 'NONE',  ( -11.63207506770849875, 53.13199924803154062, -13.61616680320316952 ) ) ;
#3027 = ORIENTED_EDGE ( 'NONE', *, *, #8644, .F. ) ;
#3028 = B_SPLINE_CURVE_WITH_KNOTS ( 'NONE', 3,
 ( #8248, #1616, #7555, #2237, #4301, #6251, #2814, #6911, #3534, #1658, #5581, #942, #194, #3611, #2895, #815, #2325, #288, #2153, #6288, #5630, #4836, #4918, #7602, #7644, #4220, #4961, #4259, #1530 ),
 .UNSPECIFIED., .F., .F.,
 ( 4, 1, 1, 1, 1, 1, 1, 1, 1, 1, 1, 1, 1, 1, 1, 1, 1, 1, 1, 1, 1, 1, 1, 1, 1, 1, 4 ),
 ( 0.4925683021330546918, 0.5024463643869940821, 0.5250929155847819940, 0.5469717870834428508, 0.5680829788830696891, 0.5884264909837645385, 0.6080023233856429732, 0.6268104760888334459, 0.6448509490934806188, 0.6621237423997496929, 0.6786288560078284071, 0.6943662899179314785, 0.7093360441303072639, 0.7235381186452435331, 0.7369725134630787933, 0.7496392285842117253, 0.7615382640091191702, 0.7726696197383760012, 0.7830332957726851006, 0.7926292921129175495, 0.8014576087601730237, 0.8095182457158636158, 0.8168112029818485054, 0.8233364805606433467, 0.8290940784557681020, 0.8340839966723704313, 1.000000000000000000 ),
 .UNSPECIFIED. ) ;
#3029 = CARTESIAN_POINT ( 'NONE',  ( -6.455308898419720443, -10.35164078446986302, 0.000000000000000000 ) ) ;
#3030 = CARTESIAN_POINT ( 'NONE',  ( 8.704427730807637431, 6.622827502596381422, 0.000000000000000000 ) ) ;
#3031 = CARTESIAN_POINT ( 'NONE',  ( 7.707558585906948423, -9.234787594130720478, 0.000000000000000000 ) ) ;
#3032 = DIRECTION ( 'NONE',  ( -0.7147974065165850766, -0.3182483095653313998, 0.6227219934256158496 ) ) ;
#3033 = CARTESIAN_POINT ( 'NONE',  ( -11.11931436071733259, -6.600657436018188662, 0.000000000000000000 ) ) ;
#3034 = DIRECTION ( 'NONE',  ( -0.1564344650402308967, -0.9876883405951376593, 0.000000000000000000 ) ) ;
#3035 = CARTESIAN_POINT ( 'NONE',  ( -7.397296749673260230, 55.01744403114347648, 16.37100230941132395 ) ) ;
#3036 = CARTESIAN_POINT ( 'NONE',  ( 11.16457150618543892, 4.476617511824165341, 0.000000000000000000 ) ) ;
#3037 = AXIS2_PLACEMENT_3D ( 'NONE', #5955, #5285, #3976 ) ;
#3038 = CARTESIAN_POINT ( 'NONE',  ( -13.62596226217983464, 1.709570872969460753, 0.000000000000000000 ) ) ;
#3039 = CARTESIAN_POINT ( 'NONE',  ( 8.262247439007897043, -9.582420452220537399, 8.000000000000000000 ) ) ;
#3040 = CARTESIAN_POINT ( 'NONE',  ( 7.712904756166662601, 37.19021728199279408, -14.36185008047640821 ) ) ;
#3041 = LINE ( 'NONE', #4267, #5034 ) ;
#3042 = DIRECTION ( 'NONE',  ( -0.000000000000000000, 0.000000000000000000, -1.000000000000000000 ) ) ;
#3043 = ORIENTED_EDGE ( 'NONE', *, *, #4789, .T. ) ;
#3044 = CARTESIAN_POINT ( 'NONE',  ( -13.64173013562592551, -1.722120468130946769, 8.000000000000000000 ) ) ;
#3045 = CARTESIAN_POINT ( 'NONE',  ( 8.544655887209771095, -7.152395453489262422, 8.000000000000000000 ) ) ;
#3046 = DIRECTION ( 'NONE',  ( -1.000000000000000000, 0.000000000000000000, 0.000000000000000000 ) ) ;
#3047 = CARTESIAN_POINT ( 'NONE',  ( -4.622531273494459469, -11.36047427339667237, 8.000000000000000000 ) ) ;
#3048 = ORIENTED_EDGE ( 'NONE', *, *, #3827, .T. ) ;
#3049 = CARTESIAN_POINT ( 'NONE',  ( -1.521639563755414981, -13.37787302532245448, 0.000000000000000000 ) ) ;
#3050 = CYLINDRICAL_SURFACE ( 'NONE', #2108, 13.75000000000000000 ) ;
#3051 = CARTESIAN_POINT ( 'NONE',  ( 10.13775510802974722, -6.383929952666072438, 8.000000000000000000 ) ) ;
#3052 = ORIENTED_EDGE ( 'NONE', *, *, #2465, .T. ) ;
#3053 = CARTESIAN_POINT ( 'NONE',  ( -13.06843834723477293, -1.312474532673132410, 0.000000000000000000 ) ) ;
#3054 = ORIENTED_EDGE ( 'NONE', *, *, #3330, .T. ) ;
#3055 = CARTESIAN_POINT ( 'NONE',  ( 3.149229626029005580, -10.47431425022856821, 0.000000000000000000 ) ) ;
#3056 = CARTESIAN_POINT ( 'NONE',  ( 7.899426035224647258, 36.83915929421402780, -13.28508304997270528 ) ) ;
#3057 = ORIENTED_EDGE ( 'NONE', *, *, #8655, .T. ) ;
#3058 = CIRCLE ( 'NONE', #5153, 10.93750000000000178 ) ;
#3059 = CARTESIAN_POINT ( 'NONE',  ( -8.105411651555828101, 9.497099640846666802, 0.000000000000000000 ) ) ;
#3060 = CARTESIAN_POINT ( 'NONE',  ( -10.33666240664859082, -4.161888422927137121, 8.000000000000000000 ) ) ;
#3061 = CARTESIAN_POINT ( 'NONE',  ( -2.933454507433478131, -11.98057174878965192, 8.000000000000000000 ) ) ;
#3062 = CARTESIAN_POINT ( 'NONE',  ( 10.33666240664856062, 4.161888422927208175, 0.000000000000000000 ) ) ;
#3063 = CARTESIAN_POINT ( 'NONE',  ( 8.308885427671375723, 35.90756650760798152, 21.32534115626640059 ) ) ;
#3064 = EDGE_CURVE ( 'NONE', #8351, #6154, #670, .T. ) ;
#3065 = CARTESIAN_POINT ( 'NONE',  ( -1.377525651863733325, 13.16905850672525347, 8.000000000000000000 ) ) ;
#3066 = CARTESIAN_POINT ( 'NONE',  ( -12.04862852631976722, 6.625183064392203391, 8.000000000000000000 ) ) ;
#3067 = CIRCLE ( 'NONE', #5305, 2.000000000000000000 ) ;
#3068 = CARTESIAN_POINT ( 'NONE',  ( -4.386616976970878490, -11.02139818175205477, 0.000000000000000000 ) ) ;
#3069 = CARTESIAN_POINT ( 'NONE',  ( 10.33666240664888747, -4.161888422927029652, 0.000000000000000000 ) ) ;
#3070 = EDGE_CURVE ( 'NONE', #7579, #3460, #2307, .T. ) ;
#3071 = ORIENTED_EDGE ( 'NONE', *, *, #6237, .T. ) ;
#3072 = CARTESIAN_POINT ( 'NONE',  ( -6.575057906251660533, -10.91417308631847582, 0.000000000000000000 ) ) ;
#3073 = AXIS2_PLACEMENT_3D ( 'NONE', #7226, #4416, #7103 ) ;
#3074 = CARTESIAN_POINT ( 'NONE',  ( 10.00078975079074795, 9.328340841197794830, 0.000000000000000000 ) ) ;
#3075 = EDGE_CURVE ( 'NONE', #6974, #1053, #6774, .T. ) ;
#3076 = CARTESIAN_POINT ( 'NONE',  ( -10.72875944066941578, -6.544354946388769356, 8.000000000000000000 ) ) ;
#3077 = CARTESIAN_POINT ( 'NONE',  ( 4.476617511824125373, -11.16457150618545668, 8.000000000000000000 ) ) ;
#3078 = CARTESIAN_POINT ( 'NONE',  ( -11.01428446989498333, -6.588591420233511187, 0.000000000000000000 ) ) ;
#3079 = CARTESIAN_POINT ( 'NONE',  ( 12.10906341627275751, 0.8412873393391296917, 8.000000000000000000 ) ) ;
#3080 = CARTESIAN_POINT ( 'NONE',  ( 13.48734665307393854, 2.584755384919379395, -5.204170427930421283E-15 ) ) ;
#3081 = FACE_OUTER_BOUND ( 'NONE', #590, .T. ) ;
#3082 = CIRCLE ( 'NONE', #3664, 13.75000000000000000 ) ;
#3083 = AXIS2_PLACEMENT_3D ( 'NONE', #36, #3453, #700 ) ;
#3084 = CARTESIAN_POINT ( 'NONE',  ( 6.622827502596351223, -8.704427730807662300, 0.000000000000000000 ) ) ;
#3085 =( BOUNDED_CURVE ( )  B_SPLINE_CURVE ( 3, ( #3268, #7308, #5229, #7909 ),
 .UNSPECIFIED., .F., .F. ) 
 B_SPLINE_CURVE_WITH_KNOTS ( ( 4, 4 ),
 ( 2.194891902298071962, 2.605680701327257598 ),
 .UNSPECIFIED. ) 
 CURVE ( )  GEOMETRIC_REPRESENTATION_ITEM ( )  RATIONAL_B_SPLINE_CURVE ( ( 1.000000000000000000, 0.9859870810570583455, 0.9859870810570583455, 1.000000000000000000 ) ) 
 REPRESENTATION_ITEM ( '' )  );
#3086 = CARTESIAN_POINT ( 'NONE',  ( 2.937812879663942223, -11.90787246215807471, 0.000000000000000000 ) ) ;
#3087 = CARTESIAN_POINT ( 'NONE',  ( 4.425208852857871022, -11.08591166683798868, 0.000000000000000000 ) ) ;
#3088 = AXIS2_PLACEMENT_3D ( 'NONE', #5854, #1001, #1852 ) ;
#3089 = CARTESIAN_POINT ( 'NONE',  ( 1.782625557214392531, 30.43241449699887013, -13.00000000000000178 ) ) ;
#3090 = FACE_OUTER_BOUND ( 'NONE', #555, .T. ) ;
#3091 = ORIENTED_EDGE ( 'NONE', *, *, #7237, .F. ) ;
#3092 = AXIS2_PLACEMENT_3D ( 'NONE', #8625, #2609, #7965 ) ;
#3093 = CARTESIAN_POINT ( 'NONE',  ( -11.60070094346938063, 4.833073392807619051, 8.000000000000000000 ) ) ;
#3094 = CARTESIAN_POINT ( 'NONE',  ( -2.607747690747059810, 13.42510299664339790, 0.000000000000000000 ) ) ;
#3095 = CARTESIAN_POINT ( 'NONE',  ( 7.604022508570240646, 9.149886257343000651, 8.000000000000000000 ) ) ;
#3096 = CC_DESIGN_APPROVAL ( #7136, ( #260 ) ) ;
#3097 = AXIS2_PLACEMENT_3D ( 'NONE', #374, #8343, #7738 ) ;
#3098 = ORIENTED_EDGE ( 'NONE', *, *, #6085, .T. ) ;
#3099 = CARTESIAN_POINT ( 'NONE',  ( -4.386616976970878490, -11.02139818175205477, 8.000000000000000000 ) ) ;
#3100 = CARTESIAN_POINT ( 'NONE',  ( -2.739280131316097044, 51.61814525374970941, 18.90981260795435048 ) ) ;
#3101 = CARTESIAN_POINT ( 'NONE',  ( 9.338196514606112331, 7.850195268865284959, 8.000000000000000000 ) ) ;
#3102 = VERTEX_POINT ( 'NONE', #8677 ) ;
#3103 = CARTESIAN_POINT ( 'NONE',  ( 2.687971097305444701, 36.14854127205305190, 17.04359809456631325 ) ) ;
#3104 = ORIENTED_EDGE ( 'NONE', *, *, #8006, .F. ) ;
#3105 = CARTESIAN_POINT ( 'NONE',  ( 2.817469215210370415, -12.72257526253002702, 0.000000000000000000 ) ) ;
#3106 = CARTESIAN_POINT ( 'NONE',  ( 10.47431425022862150, -3.149229626028823059, -5.204170427930421283E-15 ) ) ;
#3107 = EDGE_CURVE ( 'NONE', #2397, #4779, #5340, .T. ) ;
#3108 = EDGE_LOOP ( 'NONE', ( #1167, #5780, #3014, #148 ) ) ;
#3109 = CARTESIAN_POINT ( 'NONE',  ( -1.043230125283124199, 12.59066394308166181, 0.000000000000000000 ) ) ;
#3110 = CARTESIAN_POINT ( 'NONE',  ( -11.60070094346934688, -4.833073392807702540, 8.000000000000000000 ) ) ;
#3111 = CARTESIAN_POINT ( 'NONE',  ( -2.929367628693686054, -11.49488719732986830, 8.000000000000000000 ) ) ;
#3112 = CARTESIAN_POINT ( 'NONE',  ( 7.653887215867392513, 35.51252419026177165, 22.94784376159950412 ) ) ;
#3113 = CC_DESIGN_PERSON_AND_ORGANIZATION_ASSIGNMENT ( #2175, #3429, ( #1264 ) ) ;
#3114 = CARTESIAN_POINT ( 'NONE',  ( -1.447204694645796375, 13.27225220462997157, 8.000000000000000000 ) ) ;
#3115 = CARTESIAN_POINT ( 'NONE',  ( 6.367618434587651421, -10.09620455160481534, 8.000000000000000000 ) ) ;
#3116 = CARTESIAN_POINT ( 'NONE',  ( -3.720165304744937007, 42.42433680949698527, -16.15497710174620138 ) ) ;
#3117 = CARTESIAN_POINT ( 'NONE',  ( 11.60070094346941261, -4.833073392807540003, 8.000000000000000000 ) ) ;
#3118 = ORIENTED_EDGE ( 'NONE', *, *, #735, .T. ) ;
#3119 = EDGE_CURVE ( 'NONE', #7703, #1244, #5180, .T. ) ;
#3120 = CARTESIAN_POINT ( 'NONE',  ( 1.722120468182739339, -13.64173013569106452, 8.000000000000000000 ) ) ;
#3121 = DIRECTION ( 'NONE',  ( 1.000000000000000000, 0.000000000000000000, 0.000000000000000000 ) ) ;
#3122 = CARTESIAN_POINT ( 'NONE',  ( -9.969200282347905784, -9.221936103764106107, 0.000000000000000000 ) ) ;
#3123 = CARTESIAN_POINT ( 'NONE',  ( 5.853360337646255296, 12.44189184801370018, 8.000000000000000000 ) ) ;
#3124 = DIRECTION ( 'NONE',  ( -0.6049683311478913916, -0.2693492547302756557, 0.7493092133988346060 ) ) ;
#3125 = CARTESIAN_POINT ( 'NONE',  ( 12.22597347346765417, 2.908682420984034955, -5.204170427930421283E-15 ) ) ;
#3126 = CARTESIAN_POINT ( 'NONE',  ( 11.47561408673054473, 4.719217338362343028, 0.000000000000000000 ) ) ;
#3127 = EDGE_CURVE ( 'NONE', #5794, #7493, #2929, .T. ) ;
#3128 = CARTESIAN_POINT ( 'NONE',  ( 6.625183064395726795, 12.04862852623667102, 8.000000000000000000 ) ) ;
#3129 = CARTESIAN_POINT ( 'NONE',  ( 7.577720000373771470, -9.126433365741073445, 8.000000000000000000 ) ) ;
#3130 = CARTESIAN_POINT ( 'NONE',  ( 7.200527029047900207, 38.23452864718602484, -14.39632762477838313 ) ) ;
#3131 = CARTESIAN_POINT ( 'NONE',  ( -4.161888422927099818, 10.33666240664860503, 8.000000000000000000 ) ) ;
#3132 = CARTESIAN_POINT ( 'NONE',  ( -8.704427730807733354, 6.622827502596257965, 0.000000000000000000 ) ) ;
#3133 = VERTEX_POINT ( 'NONE', #5514 ) ;
#3134 = FACE_BOUND ( 'NONE', #656, .T. ) ;
#3135 = CYLINDRICAL_SURFACE ( 'NONE', #7273, 13.75000000000000000 ) ;
#3136 = CARTESIAN_POINT ( 'NONE',  ( 10.32496896312091827, 3.608867157514916713, 8.000000000000000000 ) ) ;
#3137 = ORIENTED_EDGE ( 'NONE', *, *, #4800, .F. ) ;
#3138 = CARTESIAN_POINT ( 'NONE',  ( -5.853360337646336120, -12.44189184801365933, 8.000000000000000000 ) ) ;
#3139 = CARTESIAN_POINT ( 'NONE',  ( -7.604022508570310812, -9.149886257342947360, 0.000000000000000000 ) ) ;
#3140 = CARTESIAN_POINT ( 'NONE',  ( 11.85123473191545429, -6.631537913675408014, 8.000000000000000000 ) ) ;
#3141 = VERTEX_POINT ( 'NONE', #6185 ) ;
#3142 = LINE ( 'NONE', #5862, #5759 ) ;
#3143 = ORIENTED_EDGE ( 'NONE', *, *, #4146, .F. ) ;
#3144 = DIRECTION ( 'NONE',  ( 0.000000000000000000, -0.000000000000000000, -1.000000000000000000 ) ) ;
#3145 = FACE_OUTER_BOUND ( 'NONE', #7407, .T. ) ;
#3146 = ORIENTED_EDGE ( 'NONE', *, *, #2869, .F. ) ;
#3147 = DIRECTION ( 'NONE',  ( 0.4067366430758008189, -0.9135454576426006446, 0.000000000000000000 ) ) ;
#3148 = CARTESIAN_POINT ( 'NONE',  ( -12.33100786788146586, -5.689930116769362556, 0.000000000000000000 ) ) ;
#3149 = CARTESIAN_POINT ( 'NONE',  ( -2.940710835118379052, -11.66361783702277855, 0.000000000000000000 ) ) ;
#3150 =( BOUNDED_CURVE ( )  B_SPLINE_CURVE ( 3, ( #2783, #4191, #5473, #3632 ),
 .UNSPECIFIED., .F., .F. ) 
 B_SPLINE_CURVE_WITH_KNOTS ( ( 4, 4 ),
 ( 5.118529978160899496, 5.852501974712669863 ),
 .UNSPECIFIED. ) 
 CURVE ( )  GEOMETRIC_REPRESENTATION_ITEM ( )  RATIONAL_B_SPLINE_CURVE ( ( 1.000000000000000000, 0.9556086791783151568, 0.9556086791783151568, 1.000000000000000000 ) ) 
 REPRESENTATION_ITEM ( '' )  );
#3151 = CARTESIAN_POINT ( 'NONE',  ( 10.56312374806385890, 6.510080463201478373, 8.000000000000000000 ) ) ;
#3152 = CARTESIAN_POINT ( 'NONE',  ( -8.988499347771060854, -6.231836464888920624, 8.000000000000000000 ) ) ;
#3153 = CARTESIAN_POINT ( 'NONE',  ( -12.39393210983942772, 5.781365353078053104, 0.000000000000000000 ) ) ;
#3154 = CARTESIAN_POINT ( 'NONE',  ( -4.896733499129011236, -11.66659828334870141, 0.000000000000000000 ) ) ;
#3155 = CARTESIAN_POINT ( 'NONE',  ( 9.328340841197759303, -10.00078975079077992, 8.000000000000000000 ) ) ;
#3156 = ORIENTED_EDGE ( 'NONE', *, *, #685, .T. ) ;
#3157 = CARTESIAN_POINT ( 'NONE',  ( -6.575057906251660533, -10.91417308631847582, 8.000000000000000000 ) ) ;
#3158 = ORIENTED_EDGE ( 'NONE', *, *, #5584, .F. ) ;
#3159 = CARTESIAN_POINT ( 'NONE',  ( -7.313425558786540215, 8.881356617214120064, 8.000000000000000000 ) ) ;
#3160 = CARTESIAN_POINT ( 'NONE',  ( -9.757522586729514558, -8.636712746112520378, 0.000000000000000000 ) ) ;
#3161 = CARTESIAN_POINT ( 'NONE',  ( 5.477724940116941887, -12.17545110014125243, 8.000000000000000000 ) ) ;
#3162 = B_SPLINE_CURVE_WITH_KNOTS ( 'NONE', 3,
 ( #1527, #4217, #6210, #6908, #5578, #2065, #2811, #5449, #856, #26, #2724, #1440, #3569, #155, #4131, #191, #6162, #2150, #767, #6248, #6862, #8124, #3485, #2892, #687, #7599, #7433, #2111, #4793 ),
 .UNSPECIFIED., .F., .F.,
 ( 4, 1, 1, 1, 1, 1, 1, 1, 1, 1, 1, 1, 1, 1, 1, 1, 1, 1, 1, 1, 1, 1, 1, 1, 1, 1, 4 ),
 ( 0.4925683021330551914, 0.5024463643869940821, 0.5250929155847819940, 0.5469717870834428508, 0.5680829788830696891, 0.5884264909837645385, 0.6080023233856429732, 0.6268104760888334459, 0.6448509490934806188, 0.6621237423997496929, 0.6786288560078284071, 0.6943662899179314785, 0.7093360441303072639, 0.7235381186452435331, 0.7369725134630787933, 0.7496392285842117253, 0.7615382640091191702, 0.7726696197383760012, 0.7830332957726851006, 0.7926292921129175495, 0.8014576087601730237, 0.8095182457158636158, 0.8168112029818485054, 0.8233364805606433467, 0.8290940784557681020, 0.8340839966723704313, 1.000000000000000000 ),
 .UNSPECIFIED. ) ;
#3163 = CARTESIAN_POINT ( 'NONE',  ( 13.27225220462995559, 1.447204694645935374, 0.000000000000000000 ) ) ;
#3164 = CARTESIAN_POINT ( 'NONE',  ( -11.49488719732983810, -2.929367628693812176, 0.000000000000000000 ) ) ;
#3165 = CARTESIAN_POINT ( 'NONE',  ( 11.61432090236917603, 2.938739567862500124, -5.204170427930421283E-15 ) ) ;
#3166 = CARTESIAN_POINT ( 'NONE',  ( 12.44189184801355452, 5.853360337646558165, 0.000000000000000000 ) ) ;
#3167 = B_SPLINE_SURFACE_WITH_KNOTS ( 'NONE', 3, 1, ( 
 ( #6717, #52 ),
 ( #5347, #4118 ),
 ( #2008, #5297 ),
 ( #6062, #6807 ),
 ( #713, #580 ),
 ( #3292, #754 ),
 ( #5967, #4693 ),
 ( #3428, #8685 ),
 ( #12, #6012 ),
 ( #5433, #6103 ),
 ( #4777, #4078 ),
 ( #3989, #8026 ),
 ( #7376, #2711 ),
 ( #3336, #8104 ),
 ( #1380, #2094 ),
 ( #92, #8638 ),
 ( #7458, #2669 ),
 ( #4033, #5390 ),
 ( #671, #6767 ),
 ( #2620, #3388 ),
 ( #5481, #3470 ),
 ( #6676, #8066 ),
 ( #2749, #1238 ),
 ( #4733, #2051 ),
 ( #7979, #7416 ),
 ( #1427, #6145 ),
 ( #1964, #2791 ),
 ( #624, #4651 ),
 ( #1917, #4596 ) ),
 .UNSPECIFIED., .F., .F., .F.,
 ( 4, 1, 1, 1, 1, 1, 1, 1, 1, 1, 1, 1, 1, 1, 1, 1, 1, 1, 1, 1, 1, 1, 1, 1, 1, 1, 4 ),
 ( 2, 2 ),
 ( 0.000000000000000000, 0.1659160033276295965, 0.1709059215442318702, 0.1766635194393565977, 0.1831887970181514669, 0.1904817542841364120, 0.1985423912398269763, 0.2073707078870824227, 0.2169667042273148716, 0.2273303802616240543, 0.2384617359908808021, 0.2503607714157882191, 0.2630274865369212067, 0.2764618813547564669, 0.2906639558696927361, 0.3056337100820685215, 0.3213711439921715929, 0.3378762576002502516, 0.3551490509065193812, 0.3731895239111665541, 0.3919976766143570268, 0.4115735090162354615, 0.4319170211169303109, 0.4530282129165571492, 0.4749070844152180060, 0.4975536356130058624, 0.5074316978669450862 ),
 ( 0.000000000000000000, 1.000000000000000000 ),
 .UNSPECIFIED. ) ;
#3168 = CARTESIAN_POINT ( 'NONE',  ( -10.47431425022857887, -3.149229626028968720, 0.000000000000000000 ) ) ;
#3169 = DIRECTION ( 'NONE',  ( -1.000000000000000000, 0.000000000000000000, 0.000000000000000000 ) ) ;
#3170 = CARTESIAN_POINT ( 'NONE',  ( 8.335052505507393406, 35.85855827649822913, -13.32873055121882899 ) ) ;
#3171 = CARTESIAN_POINT ( 'NONE',  ( 0.2416457505997627320, -10.93483029503508597, 8.000000000000000000 ) ) ;
#3172 = DIRECTION ( 'NONE',  ( 0.000000000000000000, 0.000000000000000000, 1.000000000000000000 ) ) ;
#3173 = VERTEX_POINT ( 'NONE', #4811 ) ;
#3174 = CARTESIAN_POINT ( 'NONE',  ( 11.49488719732987718, -2.929367628693651415, 8.000000000000000000 ) ) ;
#3175 = CARTESIAN_POINT ( 'NONE',  ( 1.885113529926212061, 34.90946394388534912, 16.63724060153137785 ) ) ;
#3176 = CARTESIAN_POINT ( 'NONE',  ( 8.743249532614738584, 9.801135538539602621, 8.000000000000000000 ) ) ;
#3177 = CARTESIAN_POINT ( 'NONE',  ( 12.51119373526724132, 2.862521721341894754, 0.000000000000000000 ) ) ;
#3178 = B_SPLINE_CURVE_WITH_KNOTS ( 'NONE', 3,
 ( #1213, #2029, #5231, #4624, #7396, #7215, #4713, #1986, #5992, #6745, #5276, #7958, #7310, #6609, #505, #2554, #1266, #8086, #4672, #1170, #1358, #3876, #2599, #7911, #4533, #3967, #8570, #5323, #5410 ),
 .UNSPECIFIED., .F., .F.,
 ( 4, 1, 1, 1, 1, 1, 1, 1, 1, 1, 1, 1, 1, 1, 1, 1, 1, 1, 1, 1, 1, 1, 1, 1, 1, 1, 4 ),
 ( 0.000000000000000000, 0.1659160033276295965, 0.1709059215442318702, 0.1766635194393565977, 0.1831887970181514669, 0.1904817542841364120, 0.1985423912398269763, 0.2073707078870824227, 0.2169667042273148716, 0.2273303802616240543, 0.2384617359908808021, 0.2503607714157882191, 0.2630274865369212067, 0.2764618813547564669, 0.2906639558696927361, 0.3056337100820685215, 0.3213711439921715929, 0.3378762576002502516, 0.3551490509065193812, 0.3731895239111665541, 0.3919976766143570268, 0.4115735090162354615, 0.4319170211169303109, 0.4530282129165571492, 0.4749070844152180060, 0.4975536356130058624, 0.5074316978669445311 ),
 .UNSPECIFIED. ) ;
#3179 = EDGE_CURVE ( 'NONE', #571, #1860, #133, .T. ) ;
#3180 = CARTESIAN_POINT ( 'NONE',  ( -10.29093438073247846, 6.436913140481685502, 8.000000000000000000 ) ) ;
#3181 = VERTEX_POINT ( 'NONE', #3461 ) ;
#3182 = CARTESIAN_POINT ( 'NONE',  ( -9.625916629980693529, -8.348190801685243301, 0.000000000000000000 ) ) ;
#3183 = CARTESIAN_POINT ( 'NONE',  ( 0.000000000000000000, 0.000000000000000000, 8.000000000000000000 ) ) ;
#3184 = CARTESIAN_POINT ( 'NONE',  ( 11.11684438996337221, -0.7639867559469517566, 8.000000000000000000 ) ) ;
#3185 = ORIENTED_EDGE ( 'NONE', *, *, #6069, .T. ) ;
#3186 = DIRECTION ( 'NONE',  ( 0.4067366430758007634, -0.9135454576426006446, 0.000000000000000000 ) ) ;
#3187 = CARTESIAN_POINT ( 'NONE',  ( -12.25290083038835398, -5.581155335976986542, 0.000000000000000000 ) ) ;
#3188 = EDGE_CURVE ( 'NONE', #4148, #1723, #833, .T. ) ;
#3189 = CARTESIAN_POINT ( 'NONE',  ( -3.608867157514807911, 10.32496896312095913, 0.000000000000000000 ) ) ;
#3190 = ORIENTED_EDGE ( 'NONE', *, *, #1, .F. ) ;
#3191 = CARTESIAN_POINT ( 'NONE',  ( 10.29093438073252642, -6.436913140481609119, 0.000000000000000000 ) ) ;
#3192 = CARTESIAN_POINT ( 'NONE',  ( -11.80431640392012760, -5.038066446831229506, 8.000000000000000000 ) ) ;
#3193 = CARTESIAN_POINT ( 'NONE',  ( 13.64173013562594505, -1.722120468130754700, 0.000000000000000000 ) ) ;
#3194 = CARTESIAN_POINT ( 'NONE',  ( 10.81899503309348276, 6.560248542580196407, 8.000000000000000000 ) ) ;
#3195 = CARTESIAN_POINT ( 'NONE',  ( -11.87194576742586349, -0.7736152328233526498, -5.204170427930421283E-15 ) ) ;
#3196 = CARTESIAN_POINT ( 'NONE',  ( -11.47561408673061401, 4.719217338362181380, 0.000000000000000000 ) ) ;
#3197 = CARTESIAN_POINT ( 'NONE',  ( -5.853360337646336120, -12.44189184801366288, 0.000000000000000000 ) ) ;
#3198 = CIRCLE ( 'NONE', #5443, 10.93750000000000000 ) ;
#3199 = VERTEX_POINT ( 'NONE', #7490 ) ;
#3200 = CARTESIAN_POINT ( 'NONE',  ( 0.7736152328233112385, -11.87194576742586705, 8.000000000000000000 ) ) ;
#3201 = CARTESIAN_POINT ( 'NONE',  ( 0.8857088747961672226, -12.23289380645680424, 0.000000000000000000 ) ) ;
#3202 = CARTESIAN_POINT ( 'NONE',  ( 10.02706299305999771, 6.338109664291340373, 0.000000000000000000 ) ) ;
#3203 = CARTESIAN_POINT ( 'NONE',  ( -9.497099640846636603, -8.105411651555860075, 8.000000000000000000 ) ) ;
#3204 = CARTESIAN_POINT ( 'NONE',  ( 7.798144649837058573, 9.301941798724888244, 0.000000000000000000 ) ) ;
#3205 = AXIS2_PLACEMENT_3D ( 'NONE', #6528, #5111, #6444 ) ;
#3206 = CARTESIAN_POINT ( 'NONE',  ( 13.62596226222337670, 1.709570873004026437, 0.000000000000000000 ) ) ;
#3207 = CARTESIAN_POINT ( 'NONE',  ( 9.149886257342810580, 7.604022508570474237, 0.000000000000000000 ) ) ;
#3208 = CARTESIAN_POINT ( 'NONE',  ( 12.41180006574744610, 2.880586703536741844, -5.204170427930421283E-15 ) ) ;
#3209 = CARTESIAN_POINT ( 'NONE',  ( -3.608867157514732860, -10.32496896312098045, 0.000000000000000000 ) ) ;
#3210 = VECTOR ( 'NONE', #8058, 1000.000000000000000 ) ;
#3211 = LINE ( 'NONE', #3584, #118 ) ;
#3212 = EDGE_CURVE ( 'NONE', #3406, #6440, #706, .T. ) ;
#3213 = CARTESIAN_POINT ( 'NONE',  ( -13.19332579941577777, -2.686824890852784975, 8.000000000000000000 ) ) ;
#3214 = CARTESIAN_POINT ( 'NONE',  ( 7.685895817105538264, 35.46594828601110549, -14.93964855459541674 ) ) ;
#3215 = CARTESIAN_POINT ( 'NONE',  ( 11.05183112916325605, 4.404384806714248590, 8.000000000000000000 ) ) ;
#3216 = CARTESIAN_POINT ( 'NONE',  ( -10.00078975079088472, 9.328340841197649169, 0.000000000000000000 ) ) ;
#3217 = ORIENTED_EDGE ( 'NONE', *, *, #3119, .T. ) ;
#3218 = CARTESIAN_POINT ( 'NONE',  ( 0.000000000000000000, 0.000000000000000000, 8.000000000000000000 ) ) ;
#3219 = AXIS2_PLACEMENT_3D ( 'NONE', #7279, #3331, #7926 ) ;
#3220 = CARTESIAN_POINT ( 'NONE',  ( 9.539420412439005403, -8.181339682155870818, -5.204170427930421283E-15 ) ) ;
#3221 = DIRECTION ( 'NONE',  ( -0.9876883405951377704, 0.1564344650402314241, 0.000000000000000000 ) ) ;
#3222 = CARTESIAN_POINT ( 'NONE',  ( -6.625183064395818278, -12.04862852623661951, 8.000000000000000000 ) ) ;
#3223 = CIRCLE ( 'NONE', #3923, 10.93750000000000178 ) ;
#3224 = ORIENTED_EDGE ( 'NONE', *, *, #3558, .F. ) ;
#3225 = VECTOR ( 'NONE', #3549, 1000.000000000000000 ) ;
#3226 = EDGE_CURVE ( 'NONE', #2633, #1429, #515, .T. ) ;
#3227 = CARTESIAN_POINT ( 'NONE',  ( -5.038066446831101608, -11.80431640392018267, 0.000000000000000000 ) ) ;
#3228 = CARTESIAN_POINT ( 'NONE',  ( 6.527568552596234142, -10.64346975476059676, 0.000000000000000000 ) ) ;
#3229 = CARTESIAN_POINT ( 'NONE',  ( 13.57387004037417455, -1.668469543058079596, -5.204170427930421283E-15 ) ) ;
#3230 = CARTESIAN_POINT ( 'NONE',  ( -12.51119373526728218, 2.862521721341717118, 0.000000000000000000 ) ) ;
#3231 = ORIENTED_EDGE ( 'NONE', *, *, #5859, .F. ) ;
#3232 = CARTESIAN_POINT ( 'NONE',  ( 11.30699639290202363, 4.580317944817513975, 0.000000000000000000 ) ) ;
#3233 = CARTESIAN_POINT ( 'NONE',  ( -10.70664486910369462, -4.210990906299937997, 0.000000000000000000 ) ) ;
#3234 = EDGE_CURVE ( 'NONE', #503, #8675, #5882, .T. ) ;
#3235 = CIRCLE ( 'NONE', #2952, 5.000000000000001776 ) ;
#3236 = DIRECTION ( 'NONE',  ( -0.6049683311478913916, -0.2693492547302756557, -0.7493092133988346060 ) ) ;
#3237 = EDGE_CURVE ( 'NONE', #3133, #8497, #7451, .T. ) ;
#3238 = ORIENTED_EDGE ( 'NONE', *, *, #8523, .F. ) ;
#3239 = CARTESIAN_POINT ( 'NONE',  ( 10.35164078446988967, -6.455308898419679586, 0.000000000000000000 ) ) ;
#3240 = CARTESIAN_POINT ( 'NONE',  ( 0.000000000000000000, 0.000000000000000000, 0.000000000000000000 ) ) ;
#3241 = CARTESIAN_POINT ( 'NONE',  ( 12.23289380645681312, -0.8857088747960388808, 0.000000000000000000 ) ) ;
#3242 = VECTOR ( 'NONE', #1916, 1000.000000000000227 ) ;
#3243 = CARTESIAN_POINT ( 'NONE',  ( -10.02706299306004567, -6.338109664291265766, 0.000000000000000000 ) ) ;
#3244 = CARTESIAN_POINT ( 'NONE',  ( 10.02706299305999771, 6.338109664291340373, 8.000000000000000000 ) ) ;
#3245 = CARTESIAN_POINT ( 'NONE',  ( -6.473761040516448517, 10.41722559423733330, 0.000000000000000000 ) ) ;
#3246 = FACE_OUTER_BOUND ( 'NONE', #1854, .T. ) ;
#3247 = CARTESIAN_POINT ( 'NONE',  ( 0.000000000000000000, 0.000000000000000000, 8.000000000000000000 ) ) ;
#3248 = CARTESIAN_POINT ( 'NONE',  ( 8.535381057717644993, -9.713655369616102320, 8.000000000000000000 ) ) ;
#3249 = ORIENTED_EDGE ( 'NONE', *, *, #1345, .F. ) ;
#3250 = CARTESIAN_POINT ( 'NONE',  ( -1.136566812413136507, 32.95447718535099568, -12.05333997751976050 ) ) ;
#3251 = CARTESIAN_POINT ( 'NONE',  ( 1.095856395948400897, -12.69447357664507514, 0.000000000000000000 ) ) ;
#3252 = ORIENTED_EDGE ( 'NONE', *, *, #2002, .T. ) ;
#3253 = CARTESIAN_POINT ( 'NONE',  ( -7.850195268865184595, 9.338196514606199372, 8.000000000000000000 ) ) ;
#3254 = CARTESIAN_POINT ( 'NONE',  ( -9.376012365377807356, -7.906868104074100678, 8.000000000000000000 ) ) ;
#3255 = CARTESIAN_POINT ( 'NONE',  ( 11.61432090236917603, 2.938739567862500124, 8.000000000000000000 ) ) ;
#3256 = CARTESIAN_POINT ( 'NONE',  ( 13.64173013569104320, 1.722120468182879671, 8.000000000000000000 ) ) ;
#3257 = CARTESIAN_POINT ( 'NONE',  ( 9.175863790627152738, 7.634358818669958247, 8.000000000000000000 ) ) ;
#3258 = CARTESIAN_POINT ( 'NONE',  ( 12.51119373526724132, 2.862521721341894754, 8.000000000000000000 ) ) ;
#3259 = EDGE_CURVE ( 'NONE', #5957, #4087, #6925, .T. ) ;
#3260 = CARTESIAN_POINT ( 'NONE',  ( 8.094367054306390585, 31.32689430741153558, -3.260507420625041064 ) ) ;
#3261 = VERTEX_POINT ( 'NONE', #4111 ) ;
#3262 = CARTESIAN_POINT ( 'NONE',  ( -0.9420826277741567445, -12.37227591337642352, 0.000000000000000000 ) ) ;
#3263 = FACE_OUTER_BOUND ( 'NONE', #5018, .T. ) ;
#3264 = CARTESIAN_POINT ( 'NONE',  ( 7.689008929410828586, 35.45896272320086240, -14.93964641749851374 ) ) ;
#3265 = CARTESIAN_POINT ( 'NONE',  ( 5.341376594307784664, 38.41670166580615131, -12.68844070737145024 ) ) ;
#3266 = CARTESIAN_POINT ( 'NONE',  ( -9.844302869038637382, 8.855020039375007812, 8.000000000000000000 ) ) ;
#3267 = EDGE_LOOP ( 'NONE', ( #3775, #5861, #7223, #7566 ) ) ;
#3268 = CARTESIAN_POINT ( 'NONE',  ( 2.404360374132632039, 34.35789361850346069, -8.858194565208718174 ) ) ;
#3269 = CARTESIAN_POINT ( 'NONE',  ( 10.01877448793502978, -9.392211555323736860, -5.204170427930421283E-15 ) ) ;
#3270 = CARTESIAN_POINT ( 'NONE',  ( 6.625183064392070165, 12.04862852631984005, -5.204170427930421283E-15 ) ) ;
#3271 = CARTESIAN_POINT ( 'NONE',  ( -10.35164078446983815, 6.455308898419755970, 8.000000000000000000 ) ) ;
#3272 = ORIENTED_EDGE ( 'NONE', *, *, #154, .T. ) ;
#3273 = CARTESIAN_POINT ( 'NONE',  ( 2.208776883256605927, 36.85361179532495868, -9.597406098930381546 ) ) ;
#3274 = DIRECTION ( 'NONE',  ( 0.1564344650402312853, 0.9876883405951375483, -0.000000000000000000 ) ) ;
#3275 = CARTESIAN_POINT ( 'NONE',  ( 11.11684438996337221, -0.7639867559469517566, -5.204170427930421283E-15 ) ) ;
#3276 = ORIENTED_EDGE ( 'NONE', *, *, #7052, .T. ) ;
#3277 = CARTESIAN_POINT ( 'NONE',  ( -6.631537913675538576, 11.85123473191538501, 8.000000000000000000 ) ) ;
#3278 = ORIENTED_EDGE ( 'NONE', *, *, #5974, .T. ) ;
#3279 = CARTESIAN_POINT ( 'NONE',  ( 11.08591166683797447, 4.425208852857910102, 0.000000000000000000 ) ) ;
#3280 = CARTESIAN_POINT ( 'NONE',  ( -12.33100786788146586, -5.689930116769362556, 0.000000000000000000 ) ) ;
#3281 = B_SPLINE_CURVE_WITH_KNOTS ( 'NONE', 3,
 ( #85, #7619, #6967, #1460, #6839, #876, #785, #5557, #3507, #8224, #6228, #6267, #2915, #173, #4276 ),
 .UNSPECIFIED., .F., .F.,
 ( 4, 1, 1, 1, 1, 1, 1, 1, 1, 1, 1, 1, 4 ),
 ( 0.3026108465977448425, 0.3056337100820685215, 0.3213711439921715929, 0.3378762576002502516, 0.3551490509065193812, 0.3731895239111665541, 0.3919976766143570268, 0.4115735090162354615, 0.4319170211169303109, 0.4530282129165571492, 0.4749070844152180060, 0.4975536356130058624, 0.5074316978669448641 ),
 .UNSPECIFIED. ) ;
#3282 = CARTESIAN_POINT ( 'NONE',  ( -5.781365353078096625, 12.39393210983940463, 0.000000000000000000 ) ) ;
#3283 = ORIENTED_EDGE ( 'NONE', *, *, #1373, .T. ) ;
#3284 = CARTESIAN_POINT ( 'NONE',  ( 10.13775510802974722, -6.383929952666072438, 0.000000000000000000 ) ) ;
#3285 = DIRECTION ( 'NONE',  ( -0.7296168394300780458, 0.000000000000000000, 0.6838561746596016899 ) ) ;
#3286 = CARTESIAN_POINT ( 'NONE',  ( -12.10906341627276994, 0.8412873393389606047, 0.000000000000000000 ) ) ;
#3287 = FACE_OUTER_BOUND ( 'NONE', #6986, .T. ) ;
#3288 = CARTESIAN_POINT ( 'NONE',  ( 6.352286767647669308, -10.05932550694754823, 0.000000000000000000 ) ) ;
#3289 = CARTESIAN_POINT ( 'NONE',  ( 7.399386918299954097, 36.84813898945331090, -13.78617161553205506 ) ) ;
#3290 = EDGE_CURVE ( 'NONE', #7182, #5123, #6348, .T. ) ;
#3291 = CARTESIAN_POINT ( 'NONE',  ( -11.66659828334868187, 4.896733499129055645, 0.000000000000000000 ) ) ;
#3292 = CARTESIAN_POINT ( 'NONE',  ( -7.634358818669794822, -9.175863790627293071, 8.000000000000000000 ) ) ;
#3293 = CARTESIAN_POINT ( 'NONE',  ( -0.3379645584817550508, 33.86854858764937859, 18.80715562894067006 ) ) ;
#3294 = ORIENTED_EDGE ( 'NONE', *, *, #4575, .F. ) ;
#3295 = LINE ( 'NONE', #5970, #2922 ) ;
#3296 = CARTESIAN_POINT ( 'NONE',  ( -5.781365353100957449, 12.39393210985513960, 8.000000000000000000 ) ) ;
#3297 = EDGE_LOOP ( 'NONE', ( #6573, #8267, #6624 ) ) ;
#3298 = CARTESIAN_POINT ( 'NONE',  ( -7.668835209823024357, 9.204216794247566114, 8.000000000000000000 ) ) ;
#3299 = EDGE_CURVE ( 'NONE', #4120, #600, #43, .T. ) ;
#3300 = CARTESIAN_POINT ( 'NONE',  ( -9.886832010614734045, -8.972047302895465037, 8.000000000000000000 ) ) ;
#3301 = CARTESIAN_POINT ( 'NONE',  ( -6.383408261752186341, 55.46885626967003446, 26.69378740028921015 ) ) ;
#3302 = DIRECTION ( 'NONE',  ( -0.6049683311478913916, -0.2693492547302756002, 0.7493092133988346060 ) ) ;
#3303 = CARTESIAN_POINT ( 'NONE',  ( 9.267416903471838552, 7.750629585191822102, 8.000000000000000000 ) ) ;
#3304 = CARTESIAN_POINT ( 'NONE',  ( -11.46368139467874236, -6.626136714284709406, 0.000000000000000000 ) ) ;
#3305 = CARTESIAN_POINT ( 'NONE',  ( 0.000000000000000000, 0.000000000000000000, 8.000000000000000000 ) ) ;
#3306 = CARTESIAN_POINT ( 'NONE',  ( -0.7661213205046492059, -11.83751175313650172, 8.000000000000000000 ) ) ;
#3307 = B_SPLINE_CURVE_WITH_KNOTS ( 'NONE', 3,
 ( #4772, #2170, #7453, #1375, #4072, #86, #6762, #4113, #6802, #2784, #1503, #4813, #835, #1461, #4151, #8314, #2391, #1008, #3101, #305, #3717, #8483, #2301, #2344, #1089, #5021, #7097, #3008, #4371 ),
 .UNSPECIFIED., .F., .F.,
 ( 4, 1, 1, 1, 1, 1, 1, 1, 1, 1, 1, 1, 1, 1, 1, 1, 1, 1, 1, 1, 1, 1, 1, 1, 1, 1, 4 ),
 ( 0.4925683021330544697, 0.5024463643869940821, 0.5250929155847819940, 0.5469717870834428508, 0.5680829788830696891, 0.5884264909837645385, 0.6080023233856429732, 0.6268104760888334459, 0.6448509490934806188, 0.6621237423997496929, 0.6786288560078284071, 0.6943662899179314785, 0.7093360441303072639, 0.7235381186452435331, 0.7369725134630787933, 0.7496392285842117253, 0.7615382640091191702, 0.7726696197383760012, 0.7830332957726851006, 0.7926292921129175495, 0.8014576087601730237, 0.8095182457158636158, 0.8168112029818485054, 0.8233364805606433467, 0.8290940784557681020, 0.8340839966723704313, 1.000000000000000000 ),
 .UNSPECIFIED. ) ;
#3308 = CARTESIAN_POINT ( 'NONE',  ( 7.798144649837262854, -9.301941798724717714, 8.000000000000000000 ) ) ;
#3309 = CARTESIAN_POINT ( 'NONE',  ( 7.516273104430826635, 35.65651083553485279, -15.00128801423853631 ) ) ;
#3310 = FACE_OUTER_BOUND ( 'NONE', #4414, .T. ) ;
#3311 = CARTESIAN_POINT ( 'NONE',  ( -9.497099640846695223, 8.105411651555796126, 8.000000000000000000 ) ) ;
#3312 = ORIENTED_EDGE ( 'NONE', *, *, #5752, .T. ) ;
#3313 = DIRECTION ( 'NONE',  ( 0.000000000000000000, 0.000000000000000000, -1.000000000000000000 ) ) ;
#3314 = CARTESIAN_POINT ( 'NONE',  ( 9.455639197970839405, -8.034402175150658465, 8.000000000000000000 ) ) ;
#3315 = DIRECTION ( 'NONE',  ( -0.1564344650402312298, -0.9876883405951376593, 0.000000000000000000 ) ) ;
#3316 = CARTESIAN_POINT ( 'NONE',  ( 9.497099640846577984, 8.105411651555929353, 0.000000000000000000 ) ) ;
#3317 = CARTESIAN_POINT ( 'NONE',  ( -5.198761634262769604, -11.94884645308979820, 0.000000000000000000 ) ) ;
#3318 = CARTESIAN_POINT ( 'NONE',  ( 6.367618434587651421, -10.09620455160481534, 0.000000000000000000 ) ) ;
#3319 = B_SPLINE_SURFACE_WITH_KNOTS ( 'NONE', 3, 1, ( 
 ( #707, #2568 ),
 ( #7278, #1957 ),
 ( #1231, #1282 ),
 ( #8630, #5245 ),
 ( #3981, #6669 ),
 ( #1910, #4590 ),
 ( #1420, #6711 ),
 ( #6761, #3939 ),
 ( #3421, #2661 ),
 ( #6097, #6628 ),
 ( #7452, #573 ),
 ( #5960, #6575 ),
 ( #617, #44 ),
 ( #2705, #4643 ),
 ( #2614, #5425 ),
 ( #8678, #5290 ),
 ( #3329, #5383 ),
 ( #8059, #6006 ),
 ( #8020, #8097 ),
 ( #2001, #2743 ),
 ( #4687, #7370 ),
 ( #1324, #4026 ),
 ( #664, #3378 ),
 ( #2043, #4727 ),
 ( #7409, #2086 ),
 ( #4770, #2300 ),
 ( #4978, #2128 ),
 ( #1589, #4853 ),
 ( #5515, #4893 ) ),
 .UNSPECIFIED., .F., .F., .F.,
 ( 4, 1, 1, 1, 1, 1, 1, 1, 1, 1, 1, 1, 1, 1, 1, 1, 1, 1, 1, 1, 1, 1, 1, 1, 1, 1, 4 ),
 ( 2, 2 ),
 ( 0.4925683021194536271, 0.5024463643869940821, 0.5250929155847819940, 0.5469717870834428508, 0.5680829788830696891, 0.5884264909837645385, 0.6080023233856429732, 0.6268104760888334459, 0.6448509490934806188, 0.6621237423997496929, 0.6786288560078284071, 0.6943662899179314785, 0.7093360441303072639, 0.7235381186452435331, 0.7369725134630787933, 0.7496392285842117253, 0.7615382640091191702, 0.7726696197383760012, 0.7830332957726851006, 0.7926292921129175495, 0.8014576087601730237, 0.8095182457158636158, 0.8168112029818485054, 0.8233364805606433467, 0.8290940784557681020, 0.8340839966723704313, 1.000000000000000000 ),
 ( 0.000000000000000000, 1.000000000000000000 ),
 .UNSPECIFIED. ) ;
#3320 = CARTESIAN_POINT ( 'NONE',  ( 12.78342018721908602, -1.143751547996336937, 8.000000000000000000 ) ) ;
#3321 = ORIENTED_EDGE ( 'NONE', *, *, #5379, .T. ) ;
#3322 = FACE_OUTER_BOUND ( 'NONE', #1901, .T. ) ;
#3323 = VERTEX_POINT ( 'NONE', #4235 ) ;
#3324 = CARTESIAN_POINT ( 'NONE',  ( 12.09884006967979531, 5.379567626064940988, 0.000000000000000000 ) ) ;
#3325 = CARTESIAN_POINT ( 'NONE',  ( -8.704427730807687169, -6.622827502596316585, 8.000000000000000000 ) ) ;
#3326 = DIRECTION ( 'NONE',  ( 0.000000000000000000, 0.000000000000000000, -1.000000000000000000 ) ) ;
#3327 = ORIENTED_EDGE ( 'NONE', *, *, #3212, .T. ) ;
#3328 = CARTESIAN_POINT ( 'NONE',  ( 6.338109664291084577, 10.02706299306015758, 0.000000000000000000 ) ) ;
#3329 = CARTESIAN_POINT ( 'NONE',  ( -11.98057174878964126, 2.933454507433523428, 8.000000000000000000 ) ) ;
#3330 = EDGE_CURVE ( 'NONE', #931, #7625, #4348, .T. ) ;
#3331 = DIRECTION ( 'NONE',  ( 0.000000000000000000, -0.000000000000000000, -1.000000000000000000 ) ) ;
#3332 = CARTESIAN_POINT ( 'NONE',  ( 2.640059450005428410, 33.89934416600438993, 16.75460975313538725 ) ) ;
#3333 = CARTESIAN_POINT ( 'NONE',  ( 10.48771353560516140, 6.492081297254581607, 8.000000000000000000 ) ) ;
#3334 = CARTESIAN_POINT ( 'NONE',  ( -1.961215649170349851, 51.61814525374970941, -11.53799702484423051 ) ) ;
#3335 = DIRECTION ( 'NONE',  ( 0.000000000000000000, 0.000000000000000000, -1.000000000000000000 ) ) ;
#3336 = CARTESIAN_POINT ( 'NONE',  ( -8.034402175150697545, -9.455639197970809207, 8.000000000000000000 ) ) ;
#3337 = CARTESIAN_POINT ( 'NONE',  ( 9.392211555323923378, -10.01877448793485570, 8.000000000000000000 ) ) ;
#3338 = VERTEX_POINT ( 'NONE', #5730 ) ;
#3339 = CARTESIAN_POINT ( 'NONE',  ( 0.7661213205046493169, -11.83751175313650172, 8.000000000000000000 ) ) ;
#3340 = CARTESIAN_POINT ( 'NONE',  ( -4.773939382172995849, 11.53698844606704910, 0.000000000000000000 ) ) ;
#3341 = ORIENTED_EDGE ( 'NONE', *, *, #3829, .F. ) ;
#3342 = EDGE_CURVE ( 'NONE', #4870, #5904, #2937, .T. ) ;
#3343 = CARTESIAN_POINT ( 'NONE',  ( 10.02706299305999771, 6.338109664291340373, 8.000000000000000000 ) ) ;
#3344 = CARTESIAN_POINT ( 'NONE',  ( 16.22041723400191415, 51.83083496329670226, -8.338128017711085249 ) ) ;
#3345 = CARTESIAN_POINT ( 'NONE',  ( 11.71764203423208883, 2.941792002709162634, 8.000000000000000000 ) ) ;
#3346 = DIRECTION ( 'NONE',  ( 0.7780644821457439742, 0.000000000000000000, 0.6281844168898774727 ) ) ;
#3347 = CARTESIAN_POINT ( 'NONE',  ( 8.881356617214038351, 7.313425558786636138, 8.000000000000000000 ) ) ;
#3348 = CARTESIAN_POINT ( 'NONE',  ( -10.35164078446979374, -6.455308898419827024, 8.000000000000000000 ) ) ;
#3349 = ADVANCED_FACE ( 'NONE', ( #5019 ), #7234, .T. ) ;
#3350 = DIRECTION ( 'NONE',  ( 0.7147974065165852986, 0.3182483095653311223, -0.6227219934256156275 ) ) ;
#3351 = ORIENTED_EDGE ( 'NONE', *, *, #3463, .F. ) ;
#3352 = CARTESIAN_POINT ( 'NONE',  ( -0.8231400688185616099, -12.05320353502385800, 8.000000000000000000 ) ) ;
#3353 = EDGE_CURVE ( 'NONE', #7756, #8329, #3732, .T. ) ;
#3354 = AXIS2_PLACEMENT_3D ( 'NONE', #6278, #1475, #2980 ) ;
#3355 = CARTESIAN_POINT ( 'NONE',  ( 7.611701757372102861, 36.69418561202017059, -13.12313675615340358 ) ) ;
#3356 = CARTESIAN_POINT ( 'NONE',  ( 10.18403012388279549, -6.401038329813871108, 0.000000000000000000 ) ) ;
#3357 = CARTESIAN_POINT ( 'NONE',  ( -5.853360337646428491, 12.44189184801362025, 8.000000000000000000 ) ) ;
#3358 = ORIENTED_EDGE ( 'NONE', *, *, #3870, .F. ) ;
#3359 = CARTESIAN_POINT ( 'NONE',  ( 9.234787594130864363, -7.707558585906779669, 0.000000000000000000 ) ) ;
#3360 = CARTESIAN_POINT ( 'NONE',  ( 12.44755643926124655, 0.9751606640716734553, 0.000000000000000000 ) ) ;
#3361 = CARTESIAN_POINT ( 'NONE',  ( 6.611064424922665772, 11.22924223885659423, 8.000000000000000000 ) ) ;
#3362 = CIRCLE ( 'NONE', #8244, 13.75000000000000000 ) ;
#3363 = CARTESIAN_POINT ( 'NONE',  ( 10.00078975079864740, 9.328340841224395774, 0.000000000000000000 ) ) ;
#3364 = CARTESIAN_POINT ( 'NONE',  ( -6.622827502596288163, 8.704427730807712038, 0.000000000000000000 ) ) ;
#3365 = CARTESIAN_POINT ( 'NONE',  ( 6.588591420233555596, -11.01428446989495669, 8.000000000000000000 ) ) ;
#3366 = DIRECTION ( 'NONE',  ( 0.000000000000000000, -0.000000000000000000, 1.000000000000000000 ) ) ;
#3367 = ORIENTED_EDGE ( 'NONE', *, *, #418, .T. ) ;
#3368 = CARTESIAN_POINT ( 'NONE',  ( -5.916238915412231236, 9.442776183394606448, 8.000000000000000000 ) ) ;
#3369 = ORIENTED_EDGE ( 'NONE', *, *, #3853, .T. ) ;
#3370 = CIRCLE ( 'NONE', #2084, 10.93750000000000355 ) ;
#3371 = CARTESIAN_POINT ( 'NONE',  ( 10.33666240664856062, 4.161888422927208175, 8.000000000000000000 ) ) ;
#3372 = CARTESIAN_POINT ( 'NONE',  ( 12.44189184801367709, -5.853360337646297928, 0.000000000000000000 ) ) ;
#3373 = CARTESIAN_POINT ( 'NONE',  ( -10.93750000000000178, 0.000000000000000000, 0.000000000000000000 ) ) ;
#3374 = VECTOR ( 'NONE', #6818, 1000.000000000000000 ) ;
#3375 = CIRCLE ( 'NONE', #1525, 0.9999999999999995559 ) ;
#3376 = ORIENTED_EDGE ( 'NONE', *, *, #621, .T. ) ;
#3377 = CARTESIAN_POINT ( 'NONE',  ( 6.600657436017989710, 11.11931436071744983, 0.000000000000000000 ) ) ;
#3378 = CARTESIAN_POINT ( 'NONE',  ( -11.61432090236922221, 2.938739567862336255, 0.000000000000000000 ) ) ;
#3379 = CARTESIAN_POINT ( 'NONE',  ( -12.52642403931682935, 1.011712205768879214, 0.000000000000000000 ) ) ;
#3380 = MANIFOLD_SOLID_BREP ( '\X2\52079664\X0\-\X2\62c94f38\X0\5', #1183 ) ;
#3381 = CYLINDRICAL_SURFACE ( 'NONE', #7835, 13.75000000000000000 ) ;
#3382 = AXIS2_PLACEMENT_3D ( 'NONE', #7933, #6583, #8686 ) ;
#3383 = CARTESIAN_POINT ( 'NONE',  ( -10.81899503309357691, 6.560248542580040088, 8.000000000000000000 ) ) ;
#3384 = VECTOR ( 'NONE', #747, 1000.000000000000000 ) ;
#3385 = CARTESIAN_POINT ( 'NONE',  ( 7.989478059433213986, 36.40166715864727109, -14.10210206688320866 ) ) ;
#3386 = CARTESIAN_POINT ( 'NONE',  ( 5.581155335976771603, 12.25290083038844990, 8.000000000000000000 ) ) ;
#3387 = ADVANCED_FACE ( 'NONE', ( #8008 ), #5234, .T. ) ;
#3388 = CARTESIAN_POINT ( 'NONE',  ( -8.535381057717504660, -9.713655369616226665, 0.000000000000000000 ) ) ;
#3389 = CALENDAR_DATE ( 2026, 8, 5 ) ;
#3390 = ORIENTED_EDGE ( 'NONE', *, *, #886, .F. ) ;
#3391 = CIRCLE ( 'NONE', #2672, 1.000000000000001554 ) ;
#3392 = CARTESIAN_POINT ( 'NONE',  ( 0.8412873393390029042, -12.10906341627276639, 8.000000000000000000 ) ) ;
#3393 = CARTESIAN_POINT ( 'NONE',  ( -4.507497455256107344, 11.20891349420032235, 0.000000000000000000 ) ) ;
#3394 = FACE_OUTER_BOUND ( 'NONE', #5818, .T. ) ;
#3395 = CARTESIAN_POINT ( 'NONE',  ( -2.908682420983905281, 12.22597347346768615, 0.000000000000000000 ) ) ;
#3396 = CARTESIAN_POINT ( 'NONE',  ( 12.22597347346765417, 2.908682420984034955, 8.000000000000000000 ) ) ;
#3397 = DIRECTION ( 'NONE',  ( -0.6845280282702556063, -0.3047715140836105840, 0.6622202826217419291 ) ) ;
#3398 = CARTESIAN_POINT ( 'NONE',  ( -13.48734665307395986, -2.584755384919285248, 0.000000000000000000 ) ) ;
#3399 = FACE_BOUND ( 'NONE', #3419, .T. ) ;
#3400 = LINE ( 'NONE', #24, #3374 ) ;
#3401 = EDGE_CURVE ( 'NONE', #7882, #4120, #8504, .T. ) ;
#3402 = CARTESIAN_POINT ( 'NONE',  ( 8.393073352340762128, 35.72926466476512530, -13.28426016496259088 ) ) ;
#3403 = CARTESIAN_POINT ( 'NONE',  ( -1.521639563755415203, 13.37787302532245448, 0.000000000000000000 ) ) ;
#3404 = CARTESIAN_POINT ( 'NONE',  ( 10.02706299306013626, -6.338109664291120993, 8.000000000000000000 ) ) ;
#3405 = CARTESIAN_POINT ( 'NONE',  ( 6.683872352019227137, 36.99069883465416808, -15.07352306152599830 ) ) ;
#3406 = VERTEX_POINT ( 'NONE', #6482 ) ;
#3407 = CARTESIAN_POINT ( 'NONE',  ( 9.757522586729640679, -8.636712746112378269, 8.000000000000000000 ) ) ;
#3408 = CARTESIAN_POINT ( 'NONE',  ( -2.767612198667382728, 32.67146617818762877, 21.64083950588321414 ) ) ;
#3409 = DIRECTION ( 'NONE',  ( 0.000000000000000000, -0.000000000000000000, 1.000000000000000000 ) ) ;
#3410 = EDGE_CURVE ( 'NONE', #38, #7592, #2232, .T. ) ;
#3411 = CARTESIAN_POINT ( 'NONE',  ( -11.87194576742586882, 0.7736152328232699382, 0.000000000000000000 ) ) ;
#3412 = CARTESIAN_POINT ( 'NONE',  ( 8.284060767822102989, 35.96591634374514967, 21.32624097451727607 ) ) ;
#3413 = CARTESIAN_POINT ( 'NONE',  ( 6.383929952666258956, -10.13775510802962820, 8.000000000000000000 ) ) ;
#3414 = CARTESIAN_POINT ( 'NONE',  ( 9.411632514553422979, 10.02415449856000684, 8.000000000000000000 ) ) ;
#3415 = VERTEX_POINT ( 'NONE', #6043 ) ;
#3416 = CARTESIAN_POINT ( 'NONE',  ( -11.13701600410303882, 2.886444749237033314, 0.000000000000000000 ) ) ;
#3417 = VERTEX_POINT ( 'NONE', #2694 ) ;
#3418 = CARTESIAN_POINT ( 'NONE',  ( -8.439220299577000262, -9.669723885497038651, 8.000000000000000000 ) ) ;
#3419 = EDGE_LOOP ( 'NONE', ( #475, #4428 ) ) ;
#3420 = CARTESIAN_POINT ( 'NONE',  ( -6.626067776682274868, -12.02849558169546640, 0.000000000000000000 ) ) ;
#3421 = CARTESIAN_POINT ( 'NONE',  ( -12.72257526253006077, 2.817469215210235411, 8.000000000000000000 ) ) ;
#3422 = B_SPLINE_CURVE_WITH_KNOTS ( 'NONE', 3,
 ( #4378, #975, #7066, #3687, #274, #1695, #6365, #4420, #2352, #6493, #4504, #353, #2482, #5161, #5787, #1736, #5657, #316, #7718, #3017, #7188, #8454, #7109, #2977, #7800, #2441, #8323, #5030, #1016 ),
 .UNSPECIFIED., .F., .F.,
 ( 4, 1, 1, 1, 1, 1, 1, 1, 1, 1, 1, 1, 1, 1, 1, 1, 1, 1, 1, 1, 1, 1, 1, 1, 1, 1, 4 ),
 ( 0.4925683021330556355, 0.5024463643869940821, 0.5250929155847819940, 0.5469717870834428508, 0.5680829788830696891, 0.5884264909837645385, 0.6080023233856429732, 0.6268104760888334459, 0.6448509490934806188, 0.6621237423997496929, 0.6786288560078284071, 0.6943662899179314785, 0.7093360441303072639, 0.7235381186452435331, 0.7369725134630787933, 0.7496392285842117253, 0.7615382640091191702, 0.7726696197383760012, 0.7830332957726851006, 0.7926292921129175495, 0.8014576087601730237, 0.8095182457158636158, 0.8168112029818485054, 0.8233364805606433467, 0.8290940784557681020, 0.8340839966723704313, 1.000000000000000000 ),
 .UNSPECIFIED. ) ;
#3423 = DIRECTION ( 'NONE',  ( -0.7164438088153719519, 0.1134735516832021257, 0.6883545756937498039 ) ) ;
#3424 = CARTESIAN_POINT ( 'NONE',  ( -10.93483029503508597, 0.2416457505997258726, 8.000000000000000000 ) ) ;
#3425 = CARTESIAN_POINT ( 'NONE',  ( 0.000000000000000000, 0.000000000000000000, 8.000000000000000000 ) ) ;
#3426 = CARTESIAN_POINT ( 'NONE',  ( -6.560248542580080056, 10.81899503309355737, 0.000000000000000000 ) ) ;
#3427 = CARTESIAN_POINT ( 'NONE',  ( 5.286606996006814718, 12.02324651265887034, 8.000000000000000000 ) ) ;
#3428 = CARTESIAN_POINT ( 'NONE',  ( -7.707558585906816973, -9.234787594130832389, 8.000000000000000000 ) ) ;
#3429 = PERSON_AND_ORGANIZATION_ROLE ( 'creator' ) ;
#3430 = ORIENTED_EDGE ( 'NONE', *, *, #1161, .T. ) ;
#3431 = CARTESIAN_POINT ( 'NONE',  ( -6.492081297254468808, 10.48771353560523600, 8.000000000000000000 ) ) ;
#3432 = CARTESIAN_POINT ( 'NONE',  ( -4.425208852857792863, 11.08591166683802065, 0.000000000000000000 ) ) ;
#3433 = CARTESIAN_POINT ( 'NONE',  ( 1.722120468130897475, -13.64173013562592907, 8.000000000000000000 ) ) ;
#3434 = CARTESIAN_POINT ( 'NONE',  ( -3.149229626028931861, 10.47431425022859308, 0.000000000000000000 ) ) ;
#3435 = CARTESIAN_POINT ( 'NONE',  ( 7.088093497310884672, 37.04866666717965984, 20.99238471035968701 ) ) ;
#3436 = CARTESIAN_POINT ( 'NONE',  ( 11.83751175313649284, 0.7661213205047733288, 8.000000000000000000 ) ) ;
#3437 = EDGE_LOOP ( 'NONE', ( #3675, #3118, #4126, #1743 ) ) ;
#3438 = CARTESIAN_POINT ( 'NONE',  ( -7.968244849358884885, 9.415217936709918689, 0.000000000000000000 ) ) ;
#3439 = CARTESIAN_POINT ( 'NONE',  ( -10.41722559423731020, -6.473761040516483156, 0.000000000000000000 ) ) ;
#3440 = CARTESIAN_POINT ( 'NONE',  ( 8.348190801685069218, 9.625916629980844519, -5.204170427930421283E-15 ) ) ;
#3441 = VERTEX_POINT ( 'NONE', #8048 ) ;
#3442 = CARTESIAN_POINT ( 'NONE',  ( -6.619621129381116020, -11.34404188716891859, 0.000000000000000000 ) ) ;
#3443 = CARTESIAN_POINT ( 'NONE',  ( -1.195724957047537229, 12.87548337994386038, 0.000000000000000000 ) ) ;
#3444 = CARTESIAN_POINT ( 'NONE',  ( 11.22924223885657291, -6.611064424922705740, 0.000000000000000000 ) ) ;
#3445 = CYLINDRICAL_SURFACE ( 'NONE', #5742, 1.000000000000002665 ) ;
#3446 = VERTEX_POINT ( 'NONE', #8212 ) ;
#3447 = CARTESIAN_POINT ( 'NONE',  ( 9.713655369616260415, -8.535381057717465580, 8.000000000000000000 ) ) ;
#3448 = CARTESIAN_POINT ( 'NONE',  ( 0.000000000000000000, 0.000000000000000000, 0.000000000000000000 ) ) ;
#3449 = CARTESIAN_POINT ( 'NONE',  ( 5.916238915411918597, 9.442776183394515854, -5.204170427930421283E-15 ) ) ;
#3450 = DIRECTION ( 'NONE',  ( 0.000000000000000000, 0.000000000000000000, -1.000000000000000000 ) ) ;
#3451 = CARTESIAN_POINT ( 'NONE',  ( -0.8074739252556281111, -12.00148937107102931, 8.000000000000000000 ) ) ;
#3452 = LINE ( 'NONE', #3578, #8275 ) ;
#3453 = DIRECTION ( 'NONE',  ( -0.000000000000000000, -0.000000000000000000, -1.000000000000000000 ) ) ;
#3454 = DIRECTION ( 'NONE',  ( 1.000000000000000000, 0.000000000000000000, 0.000000000000000000 ) ) ;
#3455 = ORIENTED_EDGE ( 'NONE', *, *, #5000, .F. ) ;
#3456 = CARTESIAN_POINT ( 'NONE',  ( 11.71764203423208883, 2.941792002709162634, 0.000000000000000000 ) ) ;
#3457 = CARTESIAN_POINT ( 'NONE',  ( 12.51119373526729817, -2.862521721341631853, 0.000000000000000000 ) ) ;
#3458 = CARTESIAN_POINT ( 'NONE',  ( -12.44189184801363979, 5.853360337646381417, 0.000000000000000000 ) ) ;
#3459 = EDGE_CURVE ( 'NONE', #8177, #3173, #2658, .T. ) ;
#3460 = VERTEX_POINT ( 'NONE', #6172 ) ;
#3461 = CARTESIAN_POINT ( 'NONE',  ( 5.853360337646514644, -12.44189184801357584, 8.000000000000000000 ) ) ;
#3462 = LINE ( 'NONE', #6138, #8265 ) ;
#3463 = EDGE_CURVE ( 'NONE', #8107, #307, #6871, .T. ) ;
#3464 = CARTESIAN_POINT ( 'NONE',  ( -2.860284478760388716, 31.92015517881673148, 21.61616680320317130 ) ) ;
#3465 = CARTESIAN_POINT ( 'NONE',  ( -2.941792002709039178, 11.71764203423212081, 8.000000000000000000 ) ) ;
#3466 = CARTESIAN_POINT ( 'NONE',  ( 11.66659828334871207, -4.896733499128975708, 0.000000000000000000 ) ) ;
#3467 = CARTESIAN_POINT ( 'NONE',  ( 5.735383452187240216, 36.78249184486222845, -9.749985545336723902 ) ) ;
#3468 = CARTESIAN_POINT ( 'NONE',  ( -3.149229626028930973, 10.47431425022859308, 8.000000000000000000 ) ) ;
#3469 = AXIS2_PLACEMENT_3D ( 'NONE', #5605, #4325, #1010 ) ;
#3470 = CARTESIAN_POINT ( 'NONE',  ( -8.636712746112417349, -9.757522586729606928, 0.000000000000000000 ) ) ;
#3471 = CALENDAR_DATE ( 2026, 8, 5 ) ;
#3472 = VERTEX_POINT ( 'NONE', #6218 ) ;
#3473 = CARTESIAN_POINT ( 'NONE',  ( -6.544354946388734717, 10.72875944066943887, 8.000000000000000000 ) ) ;
#3474 = CARTESIAN_POINT ( 'NONE',  ( 1.668469543058222149, -13.57387004037415679, 0.000000000000000000 ) ) ;
#3475 = CARTESIAN_POINT ( 'NONE',  ( -13.50622083004038387, -2.577692551524178199, 8.000000000000000000 ) ) ;
#3476 = CARTESIAN_POINT ( 'NONE',  ( -2.862521721341762859, 12.51119373526727685, 8.000000000000000000 ) ) ;
#3477 = CARTESIAN_POINT ( 'NONE',  ( 13.50622083004036611, 2.577692551524272790, 8.000000000000000000 ) ) ;
#3478 = CARTESIAN_POINT ( 'NONE',  ( 5.442181256481159579, 53.53793983628211350, 17.04359809456631325 ) ) ;
#3479 = ORIENTED_EDGE ( 'NONE', *, *, #1256, .F. ) ;
#3480 = CARTESIAN_POINT ( 'NONE',  ( -13.50622083004038565, -2.577692551524178199, 0.000000000000000000 ) ) ;
#3481 = CARTESIAN_POINT ( 'NONE',  ( -11.46368139467874236, -6.626136714284709406, 8.000000000000000000 ) ) ;
#3482 = CARTESIAN_POINT ( 'NONE',  ( 8.972047302895285625, 9.886832010614893917, -5.204170427930421283E-15 ) ) ;
#3483 = ORIENTED_EDGE ( 'NONE', *, *, #7367, .F. ) ;
#3484 = CARTESIAN_POINT ( 'NONE',  ( -2.940530670474153840, -11.83979557596825671, 0.000000000000000000 ) ) ;
#3485 = CARTESIAN_POINT ( 'NONE',  ( -11.12353076645870509, -4.449236289362134222, 8.000000000000000000 ) ) ;
#3486 = CARTESIAN_POINT ( 'NONE',  ( 10.64346975476071577, -6.527568552596036078, 0.000000000000000000 ) ) ;
#3487 = CARTESIAN_POINT ( 'NONE',  ( 5.477724940116686092, 12.17545110014136611, 8.000000000000000000 ) ) ;
#3488 = ORIENTED_EDGE ( 'NONE', *, *, #1340, .F. ) ;
#3489 = CARTESIAN_POINT ( 'NONE',  ( 10.00078975079095223, -9.328340841197576339, 8.000000000000000000 ) ) ;
#3490 = DIRECTION ( 'NONE',  ( -0.6049683311478913916, -0.2693492547302756557, -0.7493092133988346060 ) ) ;
#3491 = DIRECTION ( 'NONE',  ( 1.000000000000000000, 0.000000000000000000, 0.000000000000000000 ) ) ;
#3492 = CIRCLE ( 'NONE', #3628, 0.9999999999999995559 ) ;
#3493 = CARTESIAN_POINT ( 'NONE',  ( -7.397296749673260230, 55.01744403114347648, 16.37100230941132395 ) ) ;
#3494 = CARTESIAN_POINT ( 'NONE',  ( -1.312474532673086891, -13.06843834723477649, 8.000000000000000000 ) ) ;
#3495 = CARTESIAN_POINT ( 'NONE',  ( 4.833073392807741619, -11.60070094346932734, 0.000000000000000000 ) ) ;
#3496 = CARTESIAN_POINT ( 'NONE',  ( 2.564797882415548624, 35.37085619997455410, 14.68272462192908989 ) ) ;
#3497 = CARTESIAN_POINT ( 'NONE',  ( 2.400956434846579057, 35.66883156853544534, -18.71645303348956091 ) ) ;
#3498 = VERTEX_POINT ( 'NONE', #1361 ) ;
#3499 = CARTESIAN_POINT ( 'NONE',  ( -12.52642403931682935, 1.011712205768879214, 8.000000000000000000 ) ) ;
#3500 = CIRCLE ( 'NONE', #2645, 13.75000000000000000 ) ;
#3501 = B_SPLINE_CURVE_WITH_KNOTS ( 'NONE', 3,
 ( #4316, #8025, #4776, #5389, #8065, #6303, #7658, #3427, #258, #2961, #3386, #1379, #6061, #2092, #2668 ),
 .UNSPECIFIED., .F., .F.,
 ( 4, 1, 1, 1, 1, 1, 1, 1, 1, 1, 1, 1, 4 ),
 ( 0.3026108465951573012, 0.3056337100820685215, 0.3213711439921715929, 0.3378762576002502516, 0.3551490509065193812, 0.3731895239111665541, 0.3919976766143570268, 0.4115735090162354615, 0.4319170211169303109, 0.4530282129165571492, 0.4749070844152180060, 0.4975536356130058624, 0.5074316978669448641 ),
 .UNSPECIFIED. ) ;
#3502 = CARTESIAN_POINT ( 'NONE',  ( -11.73452356626242121, 4.965029436117465167, 0.000000000000000000 ) ) ;
#3503 = EDGE_CURVE ( 'NONE', #6434, #916, #6550, .T. ) ;
#3504 = ORIENTED_EDGE ( 'NONE', *, *, #8655, .F. ) ;
#3505 = CIRCLE ( 'NONE', #801, 10.93750000000000178 ) ;
#3506 = CARTESIAN_POINT ( 'NONE',  ( -6.560248542580001896, -10.81899503309359822, 0.000000000000000000 ) ) ;
#3507 = CARTESIAN_POINT ( 'NONE',  ( 5.379567626064644337, 12.09884006967992498, 0.000000000000000000 ) ) ;
#3508 = CARTESIAN_POINT ( 'NONE',  ( -9.928529331195827368, -9.094348737717288245, 8.000000000000000000 ) ) ;
#3509 = CARTESIAN_POINT ( 'NONE',  ( 8.393173523117996027, 35.72902590162865266, -13.28425026110749663 ) ) ;
#3510 = CARTESIAN_POINT ( 'NONE',  ( 11.87581303661966281, -5.115945187291530694, 0.000000000000000000 ) ) ;
#3511 = VECTOR ( 'NONE', #5713, 1000.000000000000114 ) ;
#3512 = CARTESIAN_POINT ( 'NONE',  ( 11.52995163726280303, -2.932881190150406603, 8.000000000000000000 ) ) ;
#3513 = DATE_AND_TIME ( #139, #2239 ) ;
#3514 = ADVANCED_FACE ( 'NONE', ( #2200 ), #1314, .T. ) ;
#3515 = EDGE_LOOP ( 'NONE', ( #5928, #5947, #1463, #54 ) ) ;
#3516 = CARTESIAN_POINT ( 'NONE',  ( 1.782625557214392531, 30.43241449699887013, -5.000000000000004441 ) ) ;
#3517 = CARTESIAN_POINT ( 'NONE',  ( 10.35164078446974401, 6.455308898419904295, 0.000000000000000000 ) ) ;
#3518 = VECTOR ( 'NONE', #8467, 1000.000000000000114 ) ;
#3519 = CARTESIAN_POINT ( 'NONE',  ( 16.50620052693929907, 28.10042931584264991, 12.54747184268290816 ) ) ;
#3520 = CIRCLE ( 'NONE', #8406, 13.75000000000000000 ) ;
#3521 = CARTESIAN_POINT ( 'NONE',  ( -2.759358130927346942, 12.95019774290649650, 0.000000000000000000 ) ) ;
#3522 = CARTESIAN_POINT ( 'NONE',  ( 11.98057174878959685, 2.933454507433692626, 8.000000000000000000 ) ) ;
#3523 = CARTESIAN_POINT ( 'NONE',  ( -13.37787302532244915, -1.521639563755461833, -5.204170427930421283E-15 ) ) ;
#3524 = EDGE_LOOP ( 'NONE', ( #8628, #1603, #6823, #3249 ) ) ;
#3525 = CARTESIAN_POINT ( 'NONE',  ( -13.19332579941577777, -2.686824890852784975, 0.000000000000000000 ) ) ;
#3526 = CARTESIAN_POINT ( 'NONE',  ( -11.71732392095621123, -6.632284204934474126, 8.000000000000000000 ) ) ;
#3527 = CARTESIAN_POINT ( 'NONE',  ( 9.221936103763930248, 9.969200282348072761, 8.000000000000000000 ) ) ;
#3528 = VECTOR ( 'NONE', #7641, 1000.000000000000114 ) ;
#3529 = ORIENTED_EDGE ( 'NONE', *, *, #2183, .T. ) ;
#3530 = CARTESIAN_POINT ( 'NONE',  ( 8.381861047771227646, 35.75559251501547209, -13.29565691043650233 ) ) ;
#3531 = CARTESIAN_POINT ( 'NONE',  ( -1.045966620696724858, 12.59619054166970642, 0.000000000000000000 ) ) ;
#3532 = CARTESIAN_POINT ( 'NONE',  ( 12.04862852631981340, -6.625183064392114574, 0.000000000000000000 ) ) ;
#3533 = CARTESIAN_POINT ( 'NONE',  ( 6.824070058740869804, 37.26720635141110449, 19.85640141876774223 ) ) ;
#3534 = CARTESIAN_POINT ( 'NONE',  ( 6.611064424922665772, 11.22924223885659423, 8.000000000000000000 ) ) ;
#3535 = AXIS2_PLACEMENT_3D ( 'NONE', #712, #4155, #790 ) ;
#3536 = CARTESIAN_POINT ( 'NONE',  ( 11.48389212362417844, 0.6963551242058848567, 8.000000000000000000 ) ) ;
#3537 = CARTESIAN_POINT ( 'NONE',  ( 12.23289380645679536, 0.8857088747962953423, 0.000000000000000000 ) ) ;
#3538 = CARTESIAN_POINT ( 'NONE',  ( 6.367618434587429377, 10.09620455160495567, 8.000000000000000000 ) ) ;
#3539 = DIRECTION ( 'NONE',  ( -0.000000000000000000, -0.000000000000000000, 1.000000000000000000 ) ) ;
#3540 = CARTESIAN_POINT ( 'NONE',  ( -0.6963551242057667290, -11.48389212362418199, 8.000000000000000000 ) ) ;
#3541 = CARTESIAN_POINT ( 'NONE',  ( 4.719217338362303060, -11.47561408673056249, 0.000000000000000000 ) ) ;
#3542 = CARTESIAN_POINT ( 'NONE',  ( -2.940710835118379052, -11.66361783702277855, 8.000000000000000000 ) ) ;
#3543 = CARTESIAN_POINT ( 'NONE',  ( 12.69447357664508580, -1.095856395948267670, 8.000000000000000000 ) ) ;
#3544 = EDGE_LOOP ( 'NONE', ( #3358, #6233, #705, #5877 ) ) ;
#3545 = CARTESIAN_POINT ( 'NONE',  ( -11.48389212362418377, 0.6963551242057266499, 8.000000000000000000 ) ) ;
#3546 = CARTESIAN_POINT ( 'NONE',  ( -11.30699639290208758, 4.580317944817353215, 0.000000000000000000 ) ) ;
#3547 = VERTEX_POINT ( 'NONE', #3364 ) ;
#3548 = CARTESIAN_POINT ( 'NONE',  ( -4.144356524487704974, 56.46574633099010754, 22.18705913416912168 ) ) ;
#3549 = DIRECTION ( 'NONE',  ( -0.000000000000000000, 0.000000000000000000, -1.000000000000000000 ) ) ;
#3550 = CARTESIAN_POINT ( 'NONE',  ( -9.415217936709890267, -7.968244849358915971, 8.000000000000000000 ) ) ;
#3551 = DIRECTION ( 'NONE',  ( 0.000000000000000000, -0.000000000000000000, -1.000000000000000000 ) ) ;
#3552 = CARTESIAN_POINT ( 'NONE',  ( 11.98057174878966080, -2.933454507433441716, 8.000000000000000000 ) ) ;
#3553 = PERSON_AND_ORGANIZATION ( #7465, #6602 ) ;
#3554 = ORIENTED_EDGE ( 'NONE', *, *, #4931, .T. ) ;
#3555 = CARTESIAN_POINT ( 'NONE',  ( -6.632284204934435934, 11.71732392095623609, 0.000000000000000000 ) ) ;
#3556 = CARTESIAN_POINT ( 'NONE',  ( 8.988499347771014669, 6.231836464888988125, 0.000000000000000000 ) ) ;
#3557 = CARTESIAN_POINT ( 'NONE',  ( 2.790132082466721286, -12.83440038321938204, 8.000000000000000000 ) ) ;
#3558 = EDGE_CURVE ( 'NONE', #8522, #3498, #5413, .T. ) ;
#3559 = CARTESIAN_POINT ( 'NONE',  ( 8.409761962150627213, 35.68864514559886914, 22.18512053549690677 ) ) ;
#3560 = CARTESIAN_POINT ( 'NONE',  ( 7.241943294813499854, 36.95187172996033098, 21.02631489698745781 ) ) ;
#3561 = CARTESIAN_POINT ( 'NONE',  ( -12.87548337994385683, -1.195724957047582082, -5.204170427930421283E-15 ) ) ;
#3562 = ORIENTED_EDGE ( 'NONE', *, *, #3865, .F. ) ;
#3563 = CARTESIAN_POINT ( 'NONE',  ( -12.61481170127149198, -2.841541163098093570, 8.000000000000000000 ) ) ;
#3564 = CARTESIAN_POINT ( 'NONE',  ( -2.600000000000000089, 3.184081677783118191E-16, -2.000000000000000000 ) ) ;
#3565 = CARTESIAN_POINT ( 'NONE',  ( 7.604022508570240646, 9.149886257343000651, 8.000000000000000000 ) ) ;
#3566 = ADVANCED_FACE ( 'NONE', ( #737 ), #8384, .T. ) ;
#3567 = CARTESIAN_POINT ( 'NONE',  ( -6.383408261752186341, 55.46885626967003446, 26.69378740028921015 ) ) ;
#3568 = EDGE_CURVE ( 'NONE', #7087, #722, #2873, .T. ) ;
#3569 = CARTESIAN_POINT ( 'NONE',  ( -11.66659828334864457, -4.896733499129138245, 8.000000000000000000 ) ) ;
#3570 = EDGE_CURVE ( 'NONE', #2353, #3806, #3743, .T. ) ;
#3571 = CARTESIAN_POINT ( 'NONE',  ( -10.18403012388270490, -6.401038329814019434, 8.000000000000000000 ) ) ;
#3572 = CARTESIAN_POINT ( 'NONE',  ( -9.455639197970779009, 8.034402175150727743, 8.000000000000000000 ) ) ;
#3573 = CARTESIAN_POINT ( 'NONE',  ( 13.57387004037413725, 1.668469543058363591, 8.000000000000000000 ) ) ;
#3574 = CARTESIAN_POINT ( 'NONE',  ( -1.722120468130897253, 13.64173013562592907, 0.000000000000000000 ) ) ;
#3575 = CARTESIAN_POINT ( 'NONE',  ( 0.000000000000000000, 0.000000000000000000, 0.000000000000000000 ) ) ;
#3576 = CARTESIAN_POINT ( 'NONE',  ( 1.885113529926206288, 34.90946394388534912, -8.637240601531379625 ) ) ;
#3577 = CARTESIAN_POINT ( 'NONE',  ( 1.292677495436054036, 44.30978159260892113, 19.53799702484423051 ) ) ;
#3578 = CARTESIAN_POINT ( 'NONE',  ( -6.383408261752186341, 55.46885626967003446, -18.69378740028921015 ) ) ;
#3579 = CARTESIAN_POINT ( 'NONE',  ( -12.44189184801359715, -5.853360337646471123, 8.000000000000000000 ) ) ;
#3580 = CARTESIAN_POINT ( 'NONE',  ( 13.62596226217984530, -1.709570872969363942, 8.000000000000000000 ) ) ;
#3581 = VERTEX_POINT ( 'NONE', #3577 ) ;
#3582 = CARTESIAN_POINT ( 'NONE',  ( 13.19332579941580974, -2.686824890852600678, 8.000000000000000000 ) ) ;
#3583 = CARTESIAN_POINT ( 'NONE',  ( -11.30699639290208758, 4.580317944817353215, 8.000000000000000000 ) ) ;
#3584 = CARTESIAN_POINT ( 'NONE',  ( -13.64173013562592374, -1.722120468130946103, 8.000000000000000000 ) ) ;
#3585 = ORIENTED_EDGE ( 'NONE', *, *, #3825, .F. ) ;
#3586 = CARTESIAN_POINT ( 'NONE',  ( -4.668788839230776588, -11.41672744483955171, 0.000000000000000000 ) ) ;
#3587 = CARTESIAN_POINT ( 'NONE',  ( -6.622827502596226878, -8.704427730807756447, 8.000000000000000000 ) ) ;
#3588 = CARTESIAN_POINT ( 'NONE',  ( -9.669723885496946281, -8.439220299577099738, 8.000000000000000000 ) ) ;
#3589 = DIRECTION ( 'NONE',  ( -1.000000000000000000, 0.000000000000000000, 0.000000000000000000 ) ) ;
#3590 = B_SPLINE_CURVE_WITH_KNOTS ( 'NONE', 3,
 ( #3433, #5438, #4238, #3883, #7060, #4497, #474, #5071, #6567, #1178, #1768, #5733, #5196, #1135, #8528, #433, #4372, #7181, #1009, #1048, #7875, #6524, #5819, #8445, #513, #2434, #3803, #8484, #1859 ),
 .UNSPECIFIED., .F., .F.,
 ( 4, 1, 1, 1, 1, 1, 1, 1, 1, 1, 1, 1, 1, 1, 1, 1, 1, 1, 1, 1, 1, 1, 1, 1, 1, 1, 4 ),
 ( 0.4925683021330549138, 0.5024463643869940821, 0.5250929155847819940, 0.5469717870834428508, 0.5680829788830696891, 0.5884264909837645385, 0.6080023233856429732, 0.6268104760888334459, 0.6448509490934806188, 0.6621237423997496929, 0.6786288560078284071, 0.6943662899179314785, 0.7093360441303072639, 0.7235381186452435331, 0.7369725134630787933, 0.7496392285842117253, 0.7615382640091191702, 0.7726696197383760012, 0.7830332957726851006, 0.7926292921129175495, 0.8014576087601730237, 0.8095182457158636158, 0.8168112029818485054, 0.8233364805606433467, 0.8290940784557681020, 0.8340839966723704313, 1.000000000000000000 ),
 .UNSPECIFIED. ) ;
#3591 = CARTESIAN_POINT ( 'NONE',  ( 2.941794575437364667, -11.77637575328567898, 8.000000000000000000 ) ) ;
#3592 = CARTESIAN_POINT ( 'NONE',  ( 13.48734665312605685, -2.584755384899864339, -5.204170427930421283E-15 ) ) ;
#3593 = ADVANCED_FACE ( 'NONE', ( #4923 ), #7930, .T. ) ;
#3594 = ORIENTED_EDGE ( 'NONE', *, *, #7105, .T. ) ;
#3595 = CARTESIAN_POINT ( 'NONE',  ( -6.383929952666185237, 10.13775510802967972, 0.000000000000000000 ) ) ;
#3596 = CARTESIAN_POINT ( 'NONE',  ( -4.210990906299899805, 10.70664486910371060, 0.000000000000000000 ) ) ;
#3597 = CARTESIAN_POINT ( 'NONE',  ( 2.932881190150606887, -11.52995163726274974, 8.000000000000000000 ) ) ;
#3598 = CARTESIAN_POINT ( 'NONE',  ( 12.25290083038831490, 5.581155335977071807, 0.000000000000000000 ) ) ;
#3599 = CARTESIAN_POINT ( 'NONE',  ( 8.279877408536492567, 36.05798760714532136, 22.31613857331493023 ) ) ;
#3600 = CARTESIAN_POINT ( 'NONE',  ( -13.64173013569106274, -1.722120468182788189, -5.204170427930421283E-15 ) ) ;
#3601 = VERTEX_POINT ( 'NONE', #596 ) ;
#3602 = CARTESIAN_POINT ( 'NONE',  ( -10.72875944066946019, 6.544354946388695637, 0.000000000000000000 ) ) ;
#3603 = FACE_OUTER_BOUND ( 'NONE', #2489, .T. ) ;
#3604 = CARTESIAN_POINT ( 'NONE',  ( 11.73452356626245141, -4.965029436117384343, 0.000000000000000000 ) ) ;
#3605 = ORIENTED_EDGE ( 'NONE', *, *, #1502, .T. ) ;
#3606 = ADVANCED_FACE ( 'NONE', ( #3263 ), #5938, .T. ) ;
#3607 = CARTESIAN_POINT ( 'NONE',  ( -6.631537913675454199, -11.85123473191542764, 0.000000000000000000 ) ) ;
#3608 = CARTESIAN_POINT ( 'NONE',  ( 0.08670470655467843457, 54.39887079536518399, 22.19099164525366419 ) ) ;
#3609 = CARTESIAN_POINT ( 'NONE',  ( -11.22924223885647521, -6.611064424922867389, 8.000000000000000000 ) ) ;
#3610 = CYLINDRICAL_SURFACE ( 'NONE', #2788, 1.000000000000001332 ) ;
#3611 = CARTESIAN_POINT ( 'NONE',  ( 6.544354946388577510, 10.72875944066953124, 8.000000000000000000 ) ) ;
#3612 = EDGE_CURVE ( 'NONE', #3173, #7727, #4554, .T. ) ;
#3613 = CARTESIAN_POINT ( 'NONE',  ( 9.886832010614865496, -8.972047302895321153, 0.000000000000000000 ) ) ;
#3614 = AXIS2_PLACEMENT_3D ( 'NONE', #5799, #5757, #5839 ) ;
#3615 = CARTESIAN_POINT ( 'NONE',  ( 2.388382327195926358, 34.25701220045521467, 26.69378740028921015 ) ) ;
#3616 = CARTESIAN_POINT ( 'NONE',  ( 10.70664486910366442, 4.210990906300012604, 0.000000000000000000 ) ) ;
#3617 = EDGE_CURVE ( 'NONE', #3141, #5616, #6139, .T. ) ;
#3618 = CARTESIAN_POINT ( 'NONE',  ( -12.10906341627276994, 0.8412873393389606047, 8.000000000000000000 ) ) ;
#3619 = CARTESIAN_POINT ( 'NONE',  ( 2.817469215210370415, -12.72257526253002702, 0.000000000000000000 ) ) ;
#3620 = CARTESIAN_POINT ( 'NONE',  ( 5.379567626064898356, -12.09884006967981307, 8.000000000000000000 ) ) ;
#3621 = CARTESIAN_POINT ( 'NONE',  ( -10.80883218877869822, 2.708699257713678143, 8.000000000000000000 ) ) ;
#3622 = CARTESIAN_POINT ( 'NONE',  ( 12.52642403931683646, -1.011712205768791950, 8.000000000000000000 ) ) ;
#3623 = VERTEX_POINT ( 'NONE', #6852 ) ;
#3624 = CARTESIAN_POINT ( 'NONE',  ( -12.87548337994385683, -1.195724957047582082, 8.000000000000000000 ) ) ;
#3625 = CARTESIAN_POINT ( 'NONE',  ( 9.175863790627321492, -7.634358818669758406, 8.000000000000000000 ) ) ;
#3626 = B_SPLINE_CURVE_WITH_KNOTS ( 'NONE', 3,
 ( #855, #6819, #6246, #4296, #7640, #4130, #190, #5536, #7598, #766, #3484, #2891, #4871, #2149, #6160, #111, #2851, #5576, #4914, #7550, #2762, #6284, #8243, #4791, #1570, #895, #7512, #2810, #8123 ),
 .UNSPECIFIED., .F., .F.,
 ( 4, 1, 1, 1, 1, 1, 1, 1, 1, 1, 1, 1, 1, 1, 1, 1, 1, 1, 1, 1, 1, 1, 1, 1, 1, 1, 4 ),
 ( 0.000000000000000000, 0.1659160033276295687, 0.1709059215442318980, 0.1766635194393566533, 0.1831887970181514946, 0.1904817542841363842, 0.1985423912398269763, 0.2073707078870824505, 0.2169667042273148994, 0.2273303802616239988, 0.2384617359908808298, 0.2503607714157882747, 0.2630274865369212067, 0.2764618813547564669, 0.2906639558696927361, 0.3056337100820685215, 0.3213711439921715929, 0.3378762576002503071, 0.3551490509065193812, 0.3731895239111665541, 0.3919976766143570268, 0.4115735090162354615, 0.4319170211169303109, 0.4530282129165571492, 0.4749070844152180060, 0.4975536356130059734, 0.5074316978669443090 ),
 .UNSPECIFIED. ) ;
#3627 = CARTESIAN_POINT ( 'NONE',  ( 6.575057906251815965, -10.91417308631837813, 8.000000000000000000 ) ) ;
#3628 = AXIS2_PLACEMENT_3D ( 'NONE', #1082, #6558, #8518 ) ;
#3629 = CARTESIAN_POINT ( 'NONE',  ( -10.32496896312097157, 3.608867157514771939, 8.000000000000000000 ) ) ;
#3630 = ORIENTED_EDGE ( 'NONE', *, *, #4626, .T. ) ;
#3631 = CARTESIAN_POINT ( 'NONE',  ( -4.404384806714049638, -11.05183112916333243, 8.000000000000000000 ) ) ;
#3632 = CARTESIAN_POINT ( 'NONE',  ( 2.687971097305444701, 36.14854127205305190, 17.04359809456631325 ) ) ;
#3633 = CARTESIAN_POINT ( 'NONE',  ( -2.963065021785412867, 0.4693033951206937449, 8.000000000000000000 ) ) ;
#3634 = CARTESIAN_POINT ( 'NONE',  ( 11.20891349420036498, -4.507497455255990104, 8.000000000000000000 ) ) ;
#3635 = VECTOR ( 'NONE', #8449, 1000.000000000000114 ) ;
#3636 = CARTESIAN_POINT ( 'NONE',  ( 2.759358130927438868, -12.95019774290647341, 0.000000000000000000 ) ) ;
#3637 = CARTESIAN_POINT ( 'NONE',  ( 11.83979557596826382, -2.940530670474117869, -5.204170427930421283E-15 ) ) ;
#3638 = VECTOR ( 'NONE', #6627, 1000.000000000000000 ) ;
#3639 = ORIENTED_EDGE ( 'NONE', *, *, #3678, .F. ) ;
#3640 = DIRECTION ( 'NONE',  ( 0.9135454576426000894, 0.4067366430758019846, 0.000000000000000000 ) ) ;
#3641 = CARTESIAN_POINT ( 'NONE',  ( 11.46368139467869263, 6.626136714284793783, 0.000000000000000000 ) ) ;
#3642 = CARTESIAN_POINT ( 'NONE',  ( 2.940530670474323927, -11.83979557596821230, 8.000000000000000000 ) ) ;
#3643 = VERTEX_POINT ( 'NONE', #8656 ) ;
#3644 = CARTESIAN_POINT ( 'NONE',  ( 5.735383452187242881, 36.78249184486222134, 17.74998554533673101 ) ) ;
#3645 = CARTESIAN_POINT ( 'NONE',  ( 8.422002551541725168, 35.72206822037753682, 22.32154486522344428 ) ) ;
#3646 = VECTOR ( 'NONE', #909, 1000.000000000000000 ) ;
#3647 = CARTESIAN_POINT ( 'NONE',  ( -12.52642403931682225, -1.011712205768966477, 8.000000000000000000 ) ) ;
#3648 = EDGE_LOOP ( 'NONE', ( #4539, #4329, #2041, #3071 ) ) ;
#3649 = CARTESIAN_POINT ( 'NONE',  ( -10.23507608951707049, 6.418760976341326696, 0.000000000000000000 ) ) ;
#3650 = CARTESIAN_POINT ( 'NONE',  ( -10.23507608951707049, 6.418760976341326696, 0.000000000000000000 ) ) ;
#3651 = CARTESIAN_POINT ( 'NONE',  ( -10.32496896312096979, 3.608867157514772384, 8.000000000000000000 ) ) ;
#3652 = ORIENTED_EDGE ( 'NONE', *, *, #3290, .F. ) ;
#3653 = AXIS2_PLACEMENT_3D ( 'NONE', #4331, #974, #1775 ) ;
#3654 = CARTESIAN_POINT ( 'NONE',  ( -6.401038329813911965, -10.18403012388277062, 8.000000000000000000 ) ) ;
#3655 = CARTESIAN_POINT ( 'NONE',  ( -9.328340841197686473, 10.00078975079085097, 8.000000000000000000 ) ) ;
#3656 = CARTESIAN_POINT ( 'NONE',  ( 7.798144649837262854, -9.301941798724717714, 0.000000000000000000 ) ) ;
#3657 = CARTESIAN_POINT ( 'NONE',  ( 5.198761634262941911, -11.94884645308972360, 8.000000000000000000 ) ) ;
#3658 = CARTESIAN_POINT ( 'NONE',  ( -5.853360337646336120, -12.44189184801366288, 8.000000000000000000 ) ) ;
#3659 = CARTESIAN_POINT ( 'NONE',  ( 13.62596226217980799, 1.709570872969648381, 8.000000000000000000 ) ) ;
#3660 = VECTOR ( 'NONE', #6476, 1000.000000000000000 ) ;
#3661 = CARTESIAN_POINT ( 'NONE',  ( -10.93483029503508597, 0.2416457505997258726, 0.000000000000000000 ) ) ;
#3662 = CARTESIAN_POINT ( 'NONE',  ( 12.43077374740191665, 5.836552422531454454, 0.000000000000000000 ) ) ;
#3663 = CARTESIAN_POINT ( 'NONE',  ( 0.7661213205046493169, -11.83751175313650172, 0.000000000000000000 ) ) ;
#3664 = AXIS2_PLACEMENT_3D ( 'NONE', #5679, #1671, #1800 ) ;
#3665 = CARTESIAN_POINT ( 'NONE',  ( 2.841541163098137091, -12.61481170127147777, 0.000000000000000000 ) ) ;
#3666 = CARTESIAN_POINT ( 'NONE',  ( 4.580317944817474007, -11.30699639290203784, 8.000000000000000000 ) ) ;
#3667 = CARTESIAN_POINT ( 'NONE',  ( -10.47431425022860374, 3.149229626028895446, 8.000000000000000000 ) ) ;
#3668 = CARTESIAN_POINT ( 'NONE',  ( 1.782625557214392531, 30.43241449699887013, -13.00000000000000178 ) ) ;
#3669 = ORIENTED_EDGE ( 'NONE', *, *, #3463, .T. ) ;
#3670 = CARTESIAN_POINT ( 'NONE',  ( -13.62596226217982576, -1.709570872969556010, 8.000000000000000000 ) ) ;
#3671 = EDGE_CURVE ( 'NONE', #8069, #3261, #5486, .T. ) ;
#3672 = CARTESIAN_POINT ( 'NONE',  ( -2.862521721341762859, 12.51119373526727685, 0.000000000000000000 ) ) ;
#3673 = CARTESIAN_POINT ( 'NONE',  ( 0.000000000000000000, 0.000000000000000000, 8.000000000000000000 ) ) ;
#3674 = CARTESIAN_POINT ( 'NONE',  ( -4.425208852857711150, -11.08591166683805262, 8.000000000000000000 ) ) ;
#3675 = ORIENTED_EDGE ( 'NONE', *, *, #1269, .F. ) ;
#3676 = CARTESIAN_POINT ( 'NONE',  ( -1.011712205768922956, -12.52642403931682580, 0.000000000000000000 ) ) ;
#3677 = CARTESIAN_POINT ( 'NONE',  ( -7.968244849358815607, -9.415217936709971980, 0.000000000000000000 ) ) ;
#3678 = EDGE_CURVE ( 'NONE', #8018, #4443, #8153, .T. ) ;
#3679 = CARTESIAN_POINT ( 'NONE',  ( 10.35164078446988967, -6.455308898419679586, 8.000000000000000000 ) ) ;
#3680 = CARTESIAN_POINT ( 'NONE',  ( 11.58812316373715845, 6.630420918280245601, 8.000000000000000000 ) ) ;
#3681 = ORIENTED_EDGE ( 'NONE', *, *, #8217, .F. ) ;
#3682 = CARTESIAN_POINT ( 'NONE',  ( 13.42510299664336593, 2.607747690747202363, 0.000000000000000000 ) ) ;
#3683 = CARTESIAN_POINT ( 'NONE',  ( 12.51119373526729817, -2.862521721341631853, 8.000000000000000000 ) ) ;
#3684 = EDGE_LOOP ( 'NONE', ( #6388, #3143, #4091, #1322 ) ) ;
#3685 = CARTESIAN_POINT ( 'NONE',  ( -8.034402175150765046, 9.455639197970754140, 8.000000000000000000 ) ) ;
#3686 = CARTESIAN_POINT ( 'NONE',  ( -3.608867157514808355, 10.32496896312095913, 0.000000000000000000 ) ) ;
#3687 = CARTESIAN_POINT ( 'NONE',  ( -6.631537913675454199, -11.85123473191542764, 8.000000000000000000 ) ) ;
#3688 = EDGE_LOOP ( 'NONE', ( #4501, #3758, #2612, #8363 ) ) ;
#3689 = CARTESIAN_POINT ( 'NONE',  ( -2.584755384919236842, 13.48734665307396696, 0.000000000000000000 ) ) ;
#3690 = CARTESIAN_POINT ( 'NONE',  ( 7.680861896694189284, 35.47508748169055082, 22.94035008842276113 ) ) ;
#3691 = CARTESIAN_POINT ( 'NONE',  ( -12.10906341627276284, -0.8412873393390452037, -5.204170427930421283E-15 ) ) ;
#3692 = CARTESIAN_POINT ( 'NONE',  ( -11.34404188716889728, 6.619621129381155100, 0.000000000000000000 ) ) ;
#3693 = DIRECTION ( 'NONE',  ( 0.5877852522924830181, -0.8090169943749402348, 0.000000000000000000 ) ) ;
#3694 = CARTESIAN_POINT ( 'NONE',  ( 11.20891349420036498, -4.507497455255990104, 8.000000000000000000 ) ) ;
#3695 = ORIENTED_EDGE ( 'NONE', *, *, #4366, .F. ) ;
#3696 = CARTESIAN_POINT ( 'NONE',  ( -6.186699299581391642, -9.699971161947047449, 0.000000000000000000 ) ) ;
#3697 = CARTESIAN_POINT ( 'NONE',  ( 9.757522586729452385, 8.636712746112591432, 0.000000000000000000 ) ) ;
#3698 = CARTESIAN_POINT ( 'NONE',  ( 7.577720000373771470, -9.126433365741073445, 0.000000000000000000 ) ) ;
#3699 = LINE ( 'NONE', #7811, #3511 ) ;
#3700 = CARTESIAN_POINT ( 'NONE',  ( -10.91417308631840655, -6.575057906251772444, 0.000000000000000000 ) ) ;
#3701 = CARTESIAN_POINT ( 'NONE',  ( 13.16905850672523925, 1.377525651863871214, 8.000000000000000000 ) ) ;
#3702 = CARTESIAN_POINT ( 'NONE',  ( 5.557180353756523417, 55.65838407470384652, 7.041989990081957806 ) ) ;
#3703 = LINE ( 'NONE', #2415, #3518 ) ;
#3704 = CARTESIAN_POINT ( 'NONE',  ( -13.16905850672525702, 1.377525651863687584, 0.000000000000000000 ) ) ;
#3705 = CARTESIAN_POINT ( 'NONE',  ( 2.932881190150606887, -11.52995163726274974, 0.000000000000000000 ) ) ;
#3706 = CARTESIAN_POINT ( 'NONE',  ( 7.134229446715662171, 35.99460283573548480, -15.16961410914391273 ) ) ;
#3707 = CARTESIAN_POINT ( 'NONE',  ( -12.41180006574749228, 2.880586703536566873, 8.000000000000000000 ) ) ;
#3708 = ORIENTED_EDGE ( 'NONE', *, *, #2841, .F. ) ;
#3709 = CARTESIAN_POINT ( 'NONE',  ( 13.50622083004042118, -2.577692551523988129, 8.000000000000000000 ) ) ;
#3710 = CARTESIAN_POINT ( 'NONE',  ( -2.686824890852737902, 13.19332579941578665, 0.000000000000000000 ) ) ;
#3711 = DIRECTION ( 'NONE',  ( -1.000000000000000000, 0.000000000000000000, 0.000000000000000000 ) ) ;
#3712 = CARTESIAN_POINT ( 'NONE',  ( 5.735383452187241105, 36.78249184486222134, -13.00000000000000178 ) ) ;
#3713 = B_SPLINE_CURVE_WITH_KNOTS ( 'NONE', 3,
 ( #8145, #7537, #7455, #2089, #2132, #4774, #2833, #5519, #6714, #8187, #4690, #7374, #3383, #3837, #2555, #469, #5369, #8712, #3271, #3180, #7216, #6700, #1171, #3878, #604, #6562, #5277, #507, #7959 ),
 .UNSPECIFIED., .F., .F.,
 ( 4, 1, 1, 1, 1, 1, 1, 1, 1, 1, 1, 1, 1, 1, 1, 1, 1, 1, 1, 1, 1, 1, 1, 1, 1, 1, 4 ),
 ( 0.4925683021330541922, 0.5024463643869940821, 0.5250929155847819940, 0.5469717870834428508, 0.5680829788830696891, 0.5884264909837645385, 0.6080023233856429732, 0.6268104760888334459, 0.6448509490934806188, 0.6621237423997496929, 0.6786288560078284071, 0.6943662899179314785, 0.7093360441303072639, 0.7235381186452435331, 0.7369725134630787933, 0.7496392285842117253, 0.7615382640091191702, 0.7726696197383760012, 0.7830332957726851006, 0.7926292921129175495, 0.8014576087601730237, 0.8095182457158636158, 0.8168112029818485054, 0.8233364805606433467, 0.8290940784557681020, 0.8340839966723704313, 1.000000000000000000 ),
 .UNSPECIFIED. ) ;
#3714 = ORIENTED_EDGE ( 'NONE', *, *, #3827, .F. ) ;
#3715 = CARTESIAN_POINT ( 'NONE',  ( -1.377525651863733547, -13.16905850672525169, 0.000000000000000000 ) ) ;
#3716 = CYLINDRICAL_SURFACE ( 'NONE', #6319, 10.93750000000000178 ) ;
#3717 = CARTESIAN_POINT ( 'NONE',  ( 9.267416903471838552, 7.750629585191822102, 8.000000000000000000 ) ) ;
#3718 = CARTESIAN_POINT ( 'NONE',  ( -12.10906341627276284, -0.8412873393390452037, 0.000000000000000000 ) ) ;
#3719 = CARTESIAN_POINT ( 'NONE',  ( 2.908682420983991879, -12.22597347346766306, 0.000000000000000000 ) ) ;
#3720 = ADVANCED_FACE ( 'NONE', ( #7503 ), #6616, .T. ) ;
#3721 = DIRECTION ( 'NONE',  ( 0.6952987775432848405, 0.000000000000000000, 0.7187208150226439551 ) ) ;
#3722 = EDGE_CURVE ( 'NONE', #4870, #6884, #3422, .T. ) ;
#3723 = ORIENTED_EDGE ( 'NONE', *, *, #1883, .F. ) ;
#3724 = CARTESIAN_POINT ( 'NONE',  ( -7.577720000373704856, 9.126433365741132064, 8.000000000000000000 ) ) ;
#3725 = CARTESIAN_POINT ( 'NONE',  ( -11.25643158326921522, -4.542018187747263624, 0.000000000000000000 ) ) ;
#3726 = CARTESIAN_POINT ( 'NONE',  ( -2.895913797652415411, -12.31670401296927331, 0.000000000000000000 ) ) ;
#3727 = CARTESIAN_POINT ( 'NONE',  ( -2.577692551524129794, 13.50622083004039098, 0.000000000000000000 ) ) ;
#3728 = CARTESIAN_POINT ( 'NONE',  ( 8.175919888909454869, 36.30443385461090600, 22.31194530091897477 ) ) ;
#3729 = DIRECTION ( 'NONE',  ( -0.7780644821457441962, 0.000000000000000000, -0.6281844168898770286 ) ) ;
#3730 = CARTESIAN_POINT ( 'NONE',  ( -10.09620455160488461, 6.367618434587540399, 8.000000000000000000 ) ) ;
#3731 = CARTESIAN_POINT ( 'NONE',  ( -10.32496896312096801, 3.608867157514771939, 0.000000000000000000 ) ) ;
#3732 = B_SPLINE_CURVE_WITH_KNOTS ( 'NONE', 3,
 ( #7313, #1943, #7960, #5995, #5905, #429, #7178, #8575, #2647, #7872, #1131, #1855, #5146, #4675, #1173, #7827, #7914, #3182, #605, #5329, #3880, #1087, #2557, #2470, #509, #3799, #3839, #6520, #5857 ),
 .UNSPECIFIED., .F., .F.,
 ( 4, 1, 1, 1, 1, 1, 1, 1, 1, 1, 1, 1, 1, 1, 1, 1, 1, 1, 1, 1, 1, 1, 1, 1, 1, 1, 4 ),
 ( 0.000000000000000000, 0.1659160033276295687, 0.1709059215442318980, 0.1766635194393566533, 0.1831887970181514946, 0.1904817542841363842, 0.1985423912398269763, 0.2073707078870824505, 0.2169667042273148994, 0.2273303802616239988, 0.2384617359908808298, 0.2503607714157882747, 0.2630274865369212067, 0.2764618813547564669, 0.2906639558696927361, 0.3056337100820685215, 0.3213711439921715929, 0.3378762576002503071, 0.3551490509065193812, 0.3731895239111665541, 0.3919976766143570268, 0.4115735090162354615, 0.4319170211169303109, 0.4530282129165571492, 0.4749070844152180060, 0.4975536356130059734, 0.5074316978669451972 ),
 .UNSPECIFIED. ) ;
#3733 = CARTESIAN_POINT ( 'NONE',  ( 11.80431640392019865, -5.038066446831065193, 0.000000000000000000 ) ) ;
#3734 = CARTESIAN_POINT ( 'NONE',  ( 1.447204694645796375, -13.27225220462997157, 0.000000000000000000 ) ) ;
#3735 = DIRECTION ( 'NONE',  ( -0.000000000000000000, -0.000000000000000000, 1.000000000000000000 ) ) ;
#3736 = CARTESIAN_POINT ( 'NONE',  ( 7.750629585191789239, -9.267416903471863421, 0.000000000000000000 ) ) ;
#3737 = CARTESIAN_POINT ( 'NONE',  ( 4.507497455256186392, -11.20891349420028860, 8.000000000000000000 ) ) ;
#3738 = DIRECTION ( 'NONE',  ( -1.000000000000000000, 0.000000000000000000, 0.000000000000000000 ) ) ;
#3739 = CARTESIAN_POINT ( 'NONE',  ( 12.30068812565075298, 0.9123192481544342147, 8.000000000000000000 ) ) ;
#3740 = CARTESIAN_POINT ( 'NONE',  ( -12.04862852623660174, 6.625183064395858246, 8.000000000000000000 ) ) ;
#3741 = CARTESIAN_POINT ( 'NONE',  ( 11.60070094346930958, 4.833073392807783364, 0.000000000000000000 ) ) ;
#3742 = CARTESIAN_POINT ( 'NONE',  ( 5.269209628948233970, 38.38457086269640683, -15.75194548007930173 ) ) ;
#3743 = LINE ( 'NONE', #2953, #5466 ) ;
#3744 = CARTESIAN_POINT ( 'NONE',  ( 7.528673263375946334, 37.52940421456736431, -14.38599998973923633 ) ) ;
#3745 = CARTESIAN_POINT ( 'NONE',  ( -12.13967088095519209, 2.919073574173051799, 8.000000000000000000 ) ) ;
#3746 = CARTESIAN_POINT ( 'NONE',  ( 2.321611821902194173, 33.83543982152136209, 17.04062074665786497 ) ) ;
#3747 = VERTEX_POINT ( 'NONE', #5246 ) ;
#3748 = CARTESIAN_POINT ( 'NONE',  ( -12.78342018721906648, -1.143751547996515683, 8.000000000000000000 ) ) ;
#3749 = EDGE_CURVE ( 'NONE', #5936, #6978, #481, .T. ) ;
#3750 = CARTESIAN_POINT ( 'NONE',  ( -2.927269694296075642, 12.05785317090584208, 0.000000000000000000 ) ) ;
#3751 = FACE_OUTER_BOUND ( 'NONE', #1085, .T. ) ;
#3752 = ORIENTED_EDGE ( 'NONE', *, *, #4197, .F. ) ;
#3753 = CARTESIAN_POINT ( 'NONE',  ( -4.161888422927061626, -10.33666240664887681, 8.000000000000000000 ) ) ;
#3754 = CARTESIAN_POINT ( 'NONE',  ( -0.3615961039476339733, 32.68084595136924975, 19.37819580376860884 ) ) ;
#3755 = CARTESIAN_POINT ( 'NONE',  ( 10.02706299306013626, -6.338109664291120993, 8.000000000000000000 ) ) ;
#3756 = ORIENTED_EDGE ( 'NONE', *, *, #5917, .F. ) ;
#3757 = CARTESIAN_POINT ( 'NONE',  ( -13.48577048812303580, -1.600954125870974964, 0.000000000000000000 ) ) ;
#3758 = ORIENTED_EDGE ( 'NONE', *, *, #7367, .T. ) ;
#3759 = CARTESIAN_POINT ( 'NONE',  ( 2.895913797652593047, -12.31670401296923245, 0.000000000000000000 ) ) ;
#3760 = B_SPLINE_SURFACE_WITH_KNOTS ( 'NONE', 3, 1, ( 
 ( #8501, #1877 ),
 ( #1923, #4473 ),
 ( #2491, #3819 ),
 ( #3343, #3202 ),
 ( #5171, #7939 ),
 ( #8645, #5883 ),
 ( #5302, #586 ),
 ( #4655, #4602 ),
 ( #7291, #1786 ),
 ( #1970, #7852 ),
 ( #7338, #5929 ),
 ( #8599, #449 ),
 ( #2539, #6017 ),
 ( #8691, #1295 ),
 ( #3996, #1836 ),
 ( #1198, #8553 ),
 ( #4515, #7198 ),
 ( #5215, #2581 ),
 ( #6680, #2675 ),
 ( #5352, #6589 ),
 ( #7895, #1154 ),
 ( #6541, #4559 ),
 ( #5648, #1591 ),
 ( #3680, #6928 ),
 ( #4937, #17 ),
 ( #4737, #7381 ),
 ( #2302, #306 ),
 ( #8031, #6771 ),
 ( #966, #4323 ) ),
 .UNSPECIFIED., .F., .F., .F.,
 ( 4, 1, 1, 1, 1, 1, 1, 1, 1, 1, 1, 1, 1, 1, 1, 1, 1, 1, 1, 1, 1, 1, 1, 1, 1, 1, 4 ),
 ( 2, 2 ),
 ( 0.000000000000000000, 0.1659160033276295965, 0.1709059215442318702, 0.1766635194393565977, 0.1831887970181514669, 0.1904817542841364120, 0.1985423912398269763, 0.2073707078870824227, 0.2169667042273148716, 0.2273303802616240543, 0.2384617359908808021, 0.2503607714157882191, 0.2630274865369212067, 0.2764618813547564669, 0.2906639558696927361, 0.3056337100820685215, 0.3213711439921715929, 0.3378762576002502516, 0.3551490509065193812, 0.3731895239111665541, 0.3919976766143570268, 0.4115735090162354615, 0.4319170211169303109, 0.4530282129165571492, 0.4749070844152180060, 0.4975536356130058624, 0.5074316978669450862 ),
 ( 0.000000000000000000, 1.000000000000000000 ),
 .UNSPECIFIED. ) ;
#3761 = B_SPLINE_CURVE_WITH_KNOTS ( 'NONE', 3,
 ( #7686, #7516, #240, #2990, #6865, #1574, #1485, #6992, #5671, #5540, #7041, #8205, #6213, #3572, #2943, #158, #8295, #988, #6165, #2856, #900, #2194, #2284, #6951, #4875, #115, #8337, #5003, #6008 ),
 .UNSPECIFIED., .F., .F.,
 ( 4, 1, 1, 1, 1, 1, 1, 1, 1, 1, 1, 1, 1, 1, 1, 1, 1, 1, 1, 1, 1, 1, 1, 1, 1, 1, 4 ),
 ( 0.000000000000000000, 0.1659160033276295965, 0.1709059215442318702, 0.1766635194393565977, 0.1831887970181514669, 0.1904817542841364120, 0.1985423912398269763, 0.2073707078870824227, 0.2169667042273148716, 0.2273303802616240543, 0.2384617359908808021, 0.2503607714157882191, 0.2630274865369212067, 0.2764618813547564669, 0.2906639558696927361, 0.3056337100820685215, 0.3213711439921715929, 0.3378762576002502516, 0.3551490509065193812, 0.3731895239111665541, 0.3919976766143570268, 0.4115735090162354615, 0.4319170211169303109, 0.4530282129165571492, 0.4749070844152180060, 0.4975536356130058624, 0.5074316978669445311 ),
 .UNSPECIFIED. ) ;
#3762 = EDGE_CURVE ( 'NONE', #1097, #5427, #5608, .T. ) ;
#3763 = CYLINDRICAL_SURFACE ( 'NONE', #2918, 13.75000000000000000 ) ;
#3764 = VERTEX_POINT ( 'NONE', #1911 ) ;
#3765 = CARTESIAN_POINT ( 'NONE',  ( -8.535381057717573938, 9.713655369616169821, 8.000000000000000000 ) ) ;
#3766 = CARTESIAN_POINT ( 'NONE',  ( -8.988499347771103487, 6.231836464888859339, 0.000000000000000000 ) ) ;
#3767 = CARTESIAN_POINT ( 'NONE',  ( -2.886444749236990681, -11.13701600410304948, 8.000000000000000000 ) ) ;
#3768 = CARTESIAN_POINT ( 'NONE',  ( 7.573124347396816169, 35.60102513569028559, 22.97791484220600111 ) ) ;
#3769 = CARTESIAN_POINT ( 'NONE',  ( -1.521639563755415203, 13.37787302532245448, 0.000000000000000000 ) ) ;
#3770 = EDGE_CURVE ( 'NONE', #6154, #4053, #5710, .T. ) ;
#3771 = CARTESIAN_POINT ( 'NONE',  ( -11.71732392095625563, 6.632284204934391525, 8.000000000000000000 ) ) ;
#3772 = AXIS2_PLACEMENT_3D ( 'NONE', #6291, #2947, #5934 ) ;
#3773 = CARTESIAN_POINT ( 'NONE',  ( -4.965029436117420758, -11.73452356626243720, 0.000000000000000000 ) ) ;
#3774 = CARTESIAN_POINT ( 'NONE',  ( 11.47561408673064420, -4.719217338362103220, 8.000000000000000000 ) ) ;
#3775 = ORIENTED_EDGE ( 'NONE', *, *, #2078, .T. ) ;
#3776 = FACE_OUTER_BOUND ( 'NONE', #1680, .T. ) ;
#3777 = VECTOR ( 'NONE', #2368, 1000.000000000000114 ) ;
#3778 = CARTESIAN_POINT ( 'NONE',  ( -10.47431425022860374, 3.149229626028895446, 8.000000000000000000 ) ) ;
#3779 = EDGE_CURVE ( 'NONE', #1543, #6636, #8531, .T. ) ;
#3780 = CARTESIAN_POINT ( 'NONE',  ( -8.988499347771060854, -6.231836464888920624, 8.000000000000000000 ) ) ;
#3781 = FACE_OUTER_BOUND ( 'NONE', #2741, .T. ) ;
#3782 = CARTESIAN_POINT ( 'NONE',  ( 12.00148937107101865, 0.8074739252557537883, 0.000000000000000000 ) ) ;
#3783 = CARTESIAN_POINT ( 'NONE',  ( 13.32045193209906842, 2.644734409371143347, 8.000000000000000000 ) ) ;
#3784 = CARTESIAN_POINT ( 'NONE',  ( 10.02415449855997132, -9.411632514553458506, 8.000000000000000000 ) ) ;
#3785 = VECTOR ( 'NONE', #3366, 1000.000000000000000 ) ;
#3786 = CARTESIAN_POINT ( 'NONE',  ( -12.83440038321939269, -2.790132082466676877, 0.000000000000000000 ) ) ;
#3787 = CARTESIAN_POINT ( 'NONE',  ( 6.622827502596352112, -8.704427730807660524, 8.000000000000000000 ) ) ;
#3788 = CARTESIAN_POINT ( 'NONE',  ( 6.457874874825409783, 37.43364924502456148, -12.88197997520361326 ) ) ;
#3789 = CARTESIAN_POINT ( 'NONE',  ( -11.13701600410303882, 2.886444749237033314, 8.000000000000000000 ) ) ;
#3790 = DIRECTION ( 'NONE',  ( -0.000000000000000000, 0.000000000000000000, -1.000000000000000000 ) ) ;
#3791 = ORIENTED_EDGE ( 'NONE', *, *, #3612, .F. ) ;
#3792 = VECTOR ( 'NONE', #1034, 1000.000000000000114 ) ;
#3793 = CARTESIAN_POINT ( 'NONE',  ( 11.77637575328573050, -2.941794575437159498, 8.000000000000000000 ) ) ;
#3794 = CARTESIAN_POINT ( 'NONE',  ( 9.844302869038704884, -8.855020039374934981, -5.204170427930421283E-15 ) ) ;
#3795 = CYLINDRICAL_SURFACE ( 'NONE', #4902, 13.75000000000000000 ) ;
#3796 = APPROVAL_PERSON_ORGANIZATION ( #4694, #4928, #4079 ) ;
#3797 = VECTOR ( 'NONE', #3186, 1000.000000000000114 ) ;
#3798 = ORIENTED_EDGE ( 'NONE', *, *, #570, .T. ) ;
#3799 = CARTESIAN_POINT ( 'NONE',  ( -9.969200282347905784, -9.221936103764106107, 0.000000000000000000 ) ) ;
#3800 = CARTESIAN_POINT ( 'NONE',  ( -7.313425558786478042, -8.881356617214166249, 0.000000000000000000 ) ) ;
#3801 = CARTESIAN_POINT ( 'NONE',  ( 1.722120468130897475, -13.64173013562592907, 8.000000000000000000 ) ) ;
#3802 = VERTEX_POINT ( 'NONE', #5426 ) ;
#3803 = CARTESIAN_POINT ( 'NONE',  ( 0.6963551242057646196, -11.48389212362418377, 8.000000000000000000 ) ) ;
#3804 = CARTESIAN_POINT ( 'NONE',  ( 2.644734409371096717, -13.32045193209907907, 8.000000000000000000 ) ) ;
#3805 = DIRECTION ( 'NONE',  ( -0.000000000000000000, -0.000000000000000000, -1.000000000000000000 ) ) ;
#3806 = VERTEX_POINT ( 'NONE', #1421 ) ;
#3807 = FACE_OUTER_BOUND ( 'NONE', #7323, .T. ) ;
#3808 = CARTESIAN_POINT ( 'NONE',  ( -11.80431640392012760, -5.038066446831229506, 0.000000000000000000 ) ) ;
#3809 = CARTESIAN_POINT ( 'NONE',  ( -2.938739567862291846, -11.61432090236923109, 8.000000000000000000 ) ) ;
#3810 = CARTESIAN_POINT ( 'NONE',  ( 12.02849558169534916, 6.626067776682489807, 8.000000000000000000 ) ) ;
#3811 = CARTESIAN_POINT ( 'NONE',  ( -10.93483029503508597, -0.2416457505998016175, -5.204170427930421283E-15 ) ) ;
#3812 = CARTESIAN_POINT ( 'NONE',  ( -11.41672744483953394, 4.668788839230820109, 0.000000000000000000 ) ) ;
#3813 = CARTESIAN_POINT ( 'NONE',  ( -13.50622083004039986, 2.577692551524081832, 8.000000000000000000 ) ) ;
#3814 = CARTESIAN_POINT ( 'NONE',  ( 6.622827502596351223, -8.704427730807662300, 8.000000000000000000 ) ) ;
#3815 = VERTEX_POINT ( 'NONE', #3464 ) ;
#3816 = CARTESIAN_POINT ( 'NONE',  ( 1.521639563755415203, -13.37787302532245448, 0.000000000000000000 ) ) ;
#3817 = CARTESIAN_POINT ( 'NONE',  ( 11.61432090236917603, 2.938739567862500124, 0.000000000000000000 ) ) ;
#3818 = EDGE_CURVE ( 'NONE', #7221, #275, #8098, .T. ) ;
#3819 = CARTESIAN_POINT ( 'NONE',  ( 9.699971161946937315, 6.186699299581561284, 0.000000000000000000 ) ) ;
#3820 = CARTESIAN_POINT ( 'NONE',  ( -9.844302869038576986, -8.855020039375077090, 0.000000000000000000 ) ) ;
#3821 = CARTESIAN_POINT ( 'NONE',  ( 5.689930116769146728, 12.33100786788156356, 0.000000000000000000 ) ) ;
#3822 = CARTESIAN_POINT ( 'NONE',  ( 13.62596226222337670, 1.709570873004026437, 8.000000000000000000 ) ) ;
#3823 = CARTESIAN_POINT ( 'NONE',  ( -12.41180006574746919, -2.880586703536655246, 0.000000000000000000 ) ) ;
#3824 = CARTESIAN_POINT ( 'NONE',  ( 12.95019774290646630, 2.759358130927484609, -5.204170427930421283E-15 ) ) ;
#3825 = EDGE_CURVE ( 'NONE', #1136, #6889, #4895, .T. ) ;
#3826 = CARTESIAN_POINT ( 'NONE',  ( 2.328435901529701813, 33.87852536460581376, 17.03467569924975322 ) ) ;
#3827 = EDGE_CURVE ( 'NONE', #5563, #4158, #4973, .T. ) ;
#3828 = CARTESIAN_POINT ( 'NONE',  ( 2.464616368973109317, 34.73833499719572160, -9.043598091517251802 ) ) ;
#3829 = EDGE_CURVE ( 'NONE', #1903, #7625, #4481, .T. ) ;
#3830 = CARTESIAN_POINT ( 'NONE',  ( -12.51119373526726619, -2.862521721341807268, 8.000000000000000000 ) ) ;
#3831 = CARTESIAN_POINT ( 'NONE',  ( 7.075234251591408174, 36.04624721441532387, -15.19578953774964702 ) ) ;
#3832 = CARTESIAN_POINT ( 'NONE',  ( 6.332657752170650411, 37.50356977191668761, -12.86426069595407995 ) ) ;
#3833 = VERTEX_POINT ( 'NONE', #2916 ) ;
#3834 = CARTESIAN_POINT ( 'NONE',  ( 11.13701600410305659, -2.886444749236957374, 8.000000000000000000 ) ) ;
#3835 = CARTESIAN_POINT ( 'NONE',  ( 10.00078975079095223, -9.328340841197576339, -5.204170427930421283E-15 ) ) ;
#3836 = CARTESIAN_POINT ( 'NONE',  ( 7.850195268865046927, 9.338196514606311283, 8.000000000000000000 ) ) ;
#3837 = CARTESIAN_POINT ( 'NONE',  ( -10.72875944066946019, 6.544354946388695637, 8.000000000000000000 ) ) ;
#3838 = VERTEX_POINT ( 'NONE', #7492 ) ;
#3839 = CARTESIAN_POINT ( 'NONE',  ( -10.00078975079081545, -9.328340841197718447, 0.000000000000000000 ) ) ;
#3840 = CARTESIAN_POINT ( 'NONE',  ( -7.850195268865117093, -9.338196514606250886, 0.000000000000000000 ) ) ;
#3841 = CARTESIAN_POINT ( 'NONE',  ( 12.52642403931683646, -1.011712205768791950, 8.000000000000000000 ) ) ;
#3842 = CARTESIAN_POINT ( 'NONE',  ( -12.23289380645680069, -0.8857088747962098552, 0.000000000000000000 ) ) ;
#3843 = DIRECTION ( 'NONE',  ( -1.000000000000000000, 0.000000000000000000, 0.000000000000000000 ) ) ;
#3844 = CARTESIAN_POINT ( 'NONE',  ( 0.000000000000000000, 0.000000000000000000, 8.000000000000000000 ) ) ;
#3845 = VERTEX_POINT ( 'NONE', #2744 ) ;
#3846 = CARTESIAN_POINT ( 'NONE',  ( 6.588591420233311347, 11.01428446989509702, 0.000000000000000000 ) ) ;
#3847 = CARTESIAN_POINT ( 'NONE',  ( -11.66659828334864457, -4.896733499129138245, 0.000000000000000000 ) ) ;
#3848 = CARTESIAN_POINT ( 'NONE',  ( -13.48577048812304824, 1.600954125870881040, 0.000000000000000000 ) ) ;
#3849 = CARTESIAN_POINT ( 'NONE',  ( 10.91417308631835681, 6.575057906251854156, 8.000000000000000000 ) ) ;
#3850 = CARTESIAN_POINT ( 'NONE',  ( -11.11684438996311819, -0.7639867559471459346, 8.000000000000000000 ) ) ;
#3851 = CARTESIAN_POINT ( 'NONE',  ( -11.94884645308978044, 5.198761634262814901, 0.000000000000000000 ) ) ;
#3852 = CARTESIAN_POINT ( 'NONE',  ( -4.404384806714049638, -11.05183112916333243, 0.000000000000000000 ) ) ;
#3853 = EDGE_CURVE ( 'NONE', #7182, #3899, #1809, .T. ) ;
#3854 = CARTESIAN_POINT ( 'NONE',  ( -3.720165304744937007, 42.42433680949698527, 24.15497710174620138 ) ) ;
#3855 = ORIENTED_EDGE ( 'NONE', *, *, #41, .F. ) ;
#3856 = CYLINDRICAL_SURFACE ( 'NONE', #2653, 13.75000000000000000 ) ;
#3857 = CARTESIAN_POINT ( 'NONE',  ( -13.37787302532245981, 1.521639563755368352, 8.000000000000000000 ) ) ;
#3858 = CARTESIAN_POINT ( 'NONE',  ( -8.034402175150765046, 9.455639197970754140, 8.000000000000000000 ) ) ;
#3859 = CARTESIAN_POINT ( 'NONE',  ( -10.01877448794993519, -9.392211555377306453, 8.000000000000000000 ) ) ;
#3860 = DIRECTION ( 'NONE',  ( 0.000000000000000000, 0.000000000000000000, 1.000000000000000000 ) ) ;
#3861 = CARTESIAN_POINT ( 'NONE',  ( 12.69447357664506271, 1.095856395948533901, 8.000000000000000000 ) ) ;
#3862 = CARTESIAN_POINT ( 'NONE',  ( 9.204216794247480848, 7.668835209823122057, 0.000000000000000000 ) ) ;
#3863 = CARTESIAN_POINT ( 'NONE',  ( 13.06987279011077874, 2.724978029605349406, 8.000000000000000000 ) ) ;
#3864 = FACE_OUTER_BOUND ( 'NONE', #2255, .T. ) ;
#3865 = EDGE_CURVE ( 'NONE', #1500, #1413, #3307, .T. ) ;
#3866 = B_SPLINE_SURFACE_WITH_KNOTS ( 'NONE', 3, 1, ( 
 ( #5611, #141 ),
 ( #8190, #179 ),
 ( #4860, #2880 ),
 ( #1382, #5564 ),
 ( #4734, #883 ),
 ( #7419, #6447 ),
 ( #5695, #1693 ),
 ( #6404, #7715 ),
 ( #924, #2350 ),
 ( #3765, #314 ),
 ( #351, #6363 ),
 ( #1774, #6975 ),
 ( #1054, #7107 ),
 ( #4330, #8360 ),
 ( #5028, #3059 ),
 ( #3685, #5785 ),
 ( #1734, #8452 ),
 ( #394, #4457 ),
 ( #2439, #3015 ),
 ( #4376, #5739 ),
 ( #973, #7757 ),
 ( #272, #8410 ),
 ( #5113, #6491 ),
 ( #7798, #7064 ),
 ( #1014, #6315 ),
 ( #3724, #2975 ),
 ( #7024, #7147 ),
 ( #2398, #1098 ),
 ( #5075, #4418 ) ),
 .UNSPECIFIED., .F., .F., .F.,
 ( 4, 1, 1, 1, 1, 1, 1, 1, 1, 1, 1, 1, 1, 1, 1, 1, 1, 1, 1, 1, 1, 1, 1, 1, 1, 1, 4 ),
 ( 2, 2 ),
 ( 0.4925683021194531275, 0.5024463643869940821, 0.5250929155847819940, 0.5469717870834428508, 0.5680829788830696891, 0.5884264909837645385, 0.6080023233856429732, 0.6268104760888334459, 0.6448509490934806188, 0.6621237423997496929, 0.6786288560078284071, 0.6943662899179314785, 0.7093360441303072639, 0.7235381186452435331, 0.7369725134630787933, 0.7496392285842117253, 0.7615382640091191702, 0.7726696197383760012, 0.7830332957726851006, 0.7926292921129175495, 0.8014576087601730237, 0.8095182457158636158, 0.8168112029818485054, 0.8233364805606433467, 0.8290940784557681020, 0.8340839966723704313, 1.000000000000000000 ),
 ( 0.000000000000000000, 1.000000000000000000 ),
 .UNSPECIFIED. ) ;
#3867 = DIRECTION ( 'NONE',  ( -0.5877852522924653655, -0.8090169943749530024, 0.000000000000000000 ) ) ;
#3868 = CARTESIAN_POINT ( 'NONE',  ( -11.90787246215808537, -2.937812879663900478, 8.000000000000000000 ) ) ;
#3869 = CARTESIAN_POINT ( 'NONE',  ( 8.255274186727479702, 36.11833569485568063, -14.31449142995558077 ) ) ;
#3870 = EDGE_CURVE ( 'NONE', #1927, #2353, #3375, .T. ) ;
#3871 = CARTESIAN_POINT ( 'NONE',  ( 11.30699639290202363, 4.580317944817513975, 8.000000000000000000 ) ) ;
#3872 = CARTESIAN_POINT ( 'NONE',  ( -9.539420412438941455, 8.181339682155941873, 8.000000000000000000 ) ) ;
#3873 = ORIENTED_EDGE ( 'NONE', *, *, #4636, .F. ) ;
#3874 = CARTESIAN_POINT ( 'NONE',  ( -11.20891349420033833, 4.507497455256067376, 8.000000000000000000 ) ) ;
#3875 = CARTESIAN_POINT ( 'NONE',  ( 2.600000000000000089, 0.000000000000000000, 0.000000000000000000 ) ) ;
#3876 = CARTESIAN_POINT ( 'NONE',  ( -9.801135538539506697, 8.743249532614848718, 0.000000000000000000 ) ) ;
#3877 = EDGE_CURVE ( 'NONE', #1587, #4024, #6973, .T. ) ;
#3878 = CARTESIAN_POINT ( 'NONE',  ( -10.09620455160488461, 6.367618434587540399, 8.000000000000000000 ) ) ;
#3879 = VERTEX_POINT ( 'NONE', #4411 ) ;
#3880 = CARTESIAN_POINT ( 'NONE',  ( -9.757522586729514558, -8.636712746112520378, 0.000000000000000000 ) ) ;
#3881 = CARTESIAN_POINT ( 'NONE',  ( -8.972047302895360232, -9.886832010614828192, 0.000000000000000000 ) ) ;
#3882 = CARTESIAN_POINT ( 'NONE',  ( 13.48577048812306067, -1.600954125870787115, 8.000000000000000000 ) ) ;
#3883 = CARTESIAN_POINT ( 'NONE',  ( 1.600954125870927891, -13.48577048812304113, 8.000000000000000000 ) ) ;
#3884 = VERTEX_POINT ( 'NONE', #1047 ) ;
#3885 = B_SPLINE_CURVE_WITH_KNOTS ( 'NONE', 3,
 ( #639, #7251, #8038, #3402 ),
 .UNSPECIFIED., .F., .F.,
 ( 4, 4 ),
 ( 0.002221405238357690437, 0.002269256292853808789 ),
 .UNSPECIFIED. ) ;
#3886 = CARTESIAN_POINT ( 'NONE',  ( 11.08591166683797447, 4.425208852857910102, 8.000000000000000000 ) ) ;
#3887 = DIRECTION ( 'NONE',  ( -1.000000000000000000, 0.000000000000000000, 0.000000000000000000 ) ) ;
#3888 = CARTESIAN_POINT ( 'NONE',  ( -4.542018187747222768, 11.25643158326923299, 0.000000000000000000 ) ) ;
#3889 = ORIENTED_EDGE ( 'NONE', *, *, #8631, .T. ) ;
#3890 = CARTESIAN_POINT ( 'NONE',  ( 6.611064424922665772, 11.22924223885659423, 0.000000000000000000 ) ) ;
#3891 = CARTESIAN_POINT ( 'NONE',  ( -11.60070094346934688, -4.833073392807702540, 0.000000000000000000 ) ) ;
#3892 = CARTESIAN_POINT ( 'NONE',  ( 11.83751175313651061, -0.7661213205045251939, 0.000000000000000000 ) ) ;
#3893 = DIRECTION ( 'NONE',  ( 0.000000000000000000, 0.000000000000000000, -1.000000000000000000 ) ) ;
#3894 = CARTESIAN_POINT ( 'NONE',  ( 10.29093438073238609, 6.436913140481833828, 8.000000000000000000 ) ) ;
#3895 = CARTESIAN_POINT ( 'NONE',  ( -11.48389212362418199, -0.6963551242058048096, 8.000000000000000000 ) ) ;
#3896 = CARTESIAN_POINT ( 'NONE',  ( 6.455308898419869656, -10.35164078446976710, 8.000000000000000000 ) ) ;
#3897 = LINE ( 'NONE', #532, #2778 ) ;
#3898 = CARTESIAN_POINT ( 'NONE',  ( 7.668835209823090970, -9.204216794247509270, 8.000000000000000000 ) ) ;
#3899 = VERTEX_POINT ( 'NONE', #919 ) ;
#3900 = CARTESIAN_POINT ( 'NONE',  ( -6.352286767647596477, 10.05932550694759620, 8.000000000000000000 ) ) ;
#3901 = CARTESIAN_POINT ( 'NONE',  ( -13.16905850672525702, 1.377525651863687584, 8.000000000000000000 ) ) ;
#3902 = EDGE_LOOP ( 'NONE', ( #6794, #6053, #7500, #1629 ) ) ;
#3903 = CARTESIAN_POINT ( 'NONE',  ( -8.105411651555828101, 9.497099640846666802, 8.000000000000000000 ) ) ;
#3904 = CARTESIAN_POINT ( 'NONE',  ( -9.713655369616137847, -8.535381057717604136, 0.000000000000000000 ) ) ;
#3905 = DIRECTION ( 'NONE',  ( 0.000000000000000000, -0.000000000000000000, -1.000000000000000000 ) ) ;
#3906 = VECTOR ( 'NONE', #2264, 1000.000000000000000 ) ;
#3907 = CARTESIAN_POINT ( 'NONE',  ( 12.44755643926124655, 0.9751606640716734553, 0.000000000000000000 ) ) ;
#3908 = CARTESIAN_POINT ( 'NONE',  ( 9.126433365741046799, 7.577720000373803444, 8.000000000000000000 ) ) ;
#3909 = CARTESIAN_POINT ( 'NONE',  ( 13.48734665307393854, 2.584755384919379395, 8.000000000000000000 ) ) ;
#3910 = CARTESIAN_POINT ( 'NONE',  ( 6.622827502596161153, 8.704427730807806185, 8.000000000000000000 ) ) ;
#3911 = FACE_OUTER_BOUND ( 'NONE', #2177, .T. ) ;
#3912 = CARTESIAN_POINT ( 'NONE',  ( 7.850195268865253873, -9.338196514606138976, 8.000000000000000000 ) ) ;
#3913 = CARTESIAN_POINT ( 'NONE',  ( 7.487373205837206669, 35.68335444178524085, -15.01361052242982197 ) ) ;
#3914 = CARTESIAN_POINT ( 'NONE',  ( -4.425208852857792863, 11.08591166683802065, 8.000000000000000000 ) ) ;
#3915 = CARTESIAN_POINT ( 'NONE',  ( -9.204216794247592759, 7.668835209822990606, 0.000000000000000000 ) ) ;
#3916 = ORIENTED_EDGE ( 'NONE', *, *, #3459, .F. ) ;
#3917 = CARTESIAN_POINT ( 'NONE',  ( -11.36047427339665461, 4.622531273494502990, 8.000000000000000000 ) ) ;
#3918 = CIRCLE ( 'NONE', #1522, 1.000000000000001554 ) ;
#3919 = VECTOR ( 'NONE', #2904, 1000.000000000000000 ) ;
#3920 = CARTESIAN_POINT ( 'NONE',  ( 10.02415449855997132, -9.411632514553458506, -5.204170427930421283E-15 ) ) ;
#3921 = CYLINDRICAL_SURFACE ( 'NONE', #117, 5.000000000000001776 ) ;
#3922 = CARTESIAN_POINT ( 'NONE',  ( 10.00078975079864740, 9.328340841224395774, 8.000000000000000000 ) ) ;
#3923 = AXIS2_PLACEMENT_3D ( 'NONE', #1872, #8594, #1193 ) ;
#3924 = ORIENTED_EDGE ( 'NONE', *, *, #312, .F. ) ;
#3925 = AXIS2_PLACEMENT_3D ( 'NONE', #3344, #4699, #2755 ) ;
#3926 = CARTESIAN_POINT ( 'NONE',  ( -4.965029436117420758, -11.73452356626243720, 8.000000000000000000 ) ) ;
#3927 = CARTESIAN_POINT ( 'NONE',  ( 6.575057906251815965, -10.91417308631837813, 0.000000000000000000 ) ) ;
#3928 = EDGE_CURVE ( 'NONE', #3010, #7100, #6437, .T. ) ;
#3929 = CARTESIAN_POINT ( 'NONE',  ( 12.37227591337643418, -0.9420826277740271815, -5.204170427930421283E-15 ) ) ;
#3930 = CARTESIAN_POINT ( 'NONE',  ( -6.186699299581457367, 9.699971161947006593, 8.000000000000000000 ) ) ;
#3931 = VERTEX_POINT ( 'NONE', #7792 ) ;
#3932 = CARTESIAN_POINT ( 'NONE',  ( 12.17545110014123289, 5.477724940116983632, 8.000000000000000000 ) ) ;
#3933 = CARTESIAN_POINT ( 'NONE',  ( 2.445236339688626082, 34.61597430794633823, -18.69378740028920660 ) ) ;
#3934 = AXIS2_PLACEMENT_3D ( 'NONE', #3009, #2100, #6269 ) ;
#3935 = CARTESIAN_POINT ( 'NONE',  ( -7.850195268865117093, -9.338196514606250886, 8.000000000000000000 ) ) ;
#3936 = ADVANCED_FACE ( 'NONE', ( #1766 ), #431, .F. ) ;
#3937 = ORIENTED_EDGE ( 'NONE', *, *, #4996, .F. ) ;
#3938 = CARTESIAN_POINT ( 'NONE',  ( 6.625183064395725019, 12.04862852623667102, 0.000000000000000000 ) ) ;
#3939 = CARTESIAN_POINT ( 'NONE',  ( -12.83440038321941223, 2.790132082466584507, 0.000000000000000000 ) ) ;
#3940 = CARTESIAN_POINT ( 'NONE',  ( -11.48389212362418377, 0.6963551242057266499, 0.000000000000000000 ) ) ;
#3941 = CIRCLE ( 'NONE', #2091, 0.9999999999999995559 ) ;
#3942 = CARTESIAN_POINT ( 'NONE',  ( -13.64173013562592551, -1.722120468130946769, 0.000000000000000000 ) ) ;
#3943 = CARTESIAN_POINT ( 'NONE',  ( 11.58812316373715845, 6.630420918280245601, 8.000000000000000000 ) ) ;
#3944 = CARTESIAN_POINT ( 'NONE',  ( -6.510080463201363798, 10.56312374806393350, 0.000000000000000000 ) ) ;
#3945 = CARTESIAN_POINT ( 'NONE',  ( 6.186699299581528422, -9.699971161946956855, 8.000000000000000000 ) ) ;
#3946 = CARTESIAN_POINT ( 'NONE',  ( -5.853360337646337896, -12.44189184801365933, 8.000000000000000000 ) ) ;
#3947 = CARTESIAN_POINT ( 'NONE',  ( -2.739280131316097044, 51.61814525374970941, 18.90981260795435048 ) ) ;
#3948 = VERTEX_POINT ( 'NONE', #3801 ) ;
#3949 = CARTESIAN_POINT ( 'NONE',  ( 0.7941151212463513076, -11.95399604505280600, 0.000000000000000000 ) ) ;
#3950 = CARTESIAN_POINT ( 'NONE',  ( -5.038066446831187761, 11.80431640392014359, 0.000000000000000000 ) ) ;
#3951 = EDGE_LOOP ( 'NONE', ( #5913, #317, #140, #848 ) ) ;
#3952 = CARTESIAN_POINT ( 'NONE',  ( -7.634358818669860547, 9.175863790627238004, 8.000000000000000000 ) ) ;
#3953 = CARTESIAN_POINT ( 'NONE',  ( -9.126433365741101866, -7.577720000373735054, 8.000000000000000000 ) ) ;
#3954 = CARTESIAN_POINT ( 'NONE',  ( 8.034402175150626491, 9.455639197970867826, 0.000000000000000000 ) ) ;
#3955 = CARTESIAN_POINT ( 'NONE',  ( 11.11684438996311286, 0.7639867559472235392, 8.000000000000000000 ) ) ;
#3956 = CARTESIAN_POINT ( 'NONE',  ( -11.71764203423210837, -2.941792002709081366, 0.000000000000000000 ) ) ;
#3957 = CARTESIAN_POINT ( 'NONE',  ( 11.49488719732981679, 2.929367628693892112, 8.000000000000000000 ) ) ;
#3958 = FACE_OUTER_BOUND ( 'NONE', #3902, .T. ) ;
#3959 = ORIENTED_EDGE ( 'NONE', *, *, #6442, .F. ) ;
#3960 = CARTESIAN_POINT ( 'NONE',  ( -1.251919511749373326, -12.97053397611294656, 0.000000000000000000 ) ) ;
#3961 = CARTESIAN_POINT ( 'NONE',  ( -11.61432090236920089, -2.938739567862419300, 8.000000000000000000 ) ) ;
#3962 = CARTESIAN_POINT ( 'NONE',  ( 7.460305957493765128, 36.80523365367566413, -13.08095788259727144 ) ) ;
#3963 = CARTESIAN_POINT ( 'NONE',  ( -4.507497455256107344, 11.20891349420032235, 8.000000000000000000 ) ) ;
#3964 = CARTESIAN_POINT ( 'NONE',  ( -10.00078975079088472, 9.328340841197649169, 8.000000000000000000 ) ) ;
#3965 = VERTEX_POINT ( 'NONE', #6484 ) ;
#3966 = CARTESIAN_POINT ( 'NONE',  ( 9.338196514606284637, -7.850195268865080678, 8.000000000000000000 ) ) ;
#3967 = CARTESIAN_POINT ( 'NONE',  ( -9.969200282347971509, 9.221936103764038606, 0.000000000000000000 ) ) ;
#3968 = EDGE_CURVE ( 'NONE', #3833, #7100, #5817, .T. ) ;
#3969 = CARTESIAN_POINT ( 'NONE',  ( 9.969200282347838282, 9.221936103764180714, 0.000000000000000000 ) ) ;
#3970 = CARTESIAN_POINT ( 'NONE',  ( -5.689930116769227553, -12.33100786788152448, 8.000000000000000000 ) ) ;
#3971 = CARTESIAN_POINT ( 'NONE',  ( 9.100466306095757574, 38.28072325986221358, -13.00000000000000178 ) ) ;
#3972 = CARTESIAN_POINT ( 'NONE',  ( 12.10906341627277527, -0.8412873393388760057, -5.204170427930421283E-15 ) ) ;
#3973 = CARTESIAN_POINT ( 'NONE',  ( -13.42510299664340501, 2.607747690747011848, 0.000000000000000000 ) ) ;
#3974 = ORIENTED_EDGE ( 'NONE', *, *, #6304, .T. ) ;
#3975 = CARTESIAN_POINT ( 'NONE',  ( 11.16457150618543892, 4.476617511824165341, 0.000000000000000000 ) ) ;
#3976 = DIRECTION ( 'NONE',  ( -1.000000000000000000, 0.000000000000000000, 0.000000000000000000 ) ) ;
#3977 = CARTESIAN_POINT ( 'NONE',  ( -5.115945187291654150, 11.87581303661961485, 0.000000000000000000 ) ) ;
#3978 = EDGE_CURVE ( 'NONE', #8329, #5563, #2969, .T. ) ;
#3979 = ORIENTED_EDGE ( 'NONE', *, *, #6883, .F. ) ;
#3980 = CARTESIAN_POINT ( 'NONE',  ( 10.91417308631850247, -6.575057906251617013, 0.000000000000000000 ) ) ;
#3981 = CARTESIAN_POINT ( 'NONE',  ( -13.19332579941579553, 2.686824890852690828, 8.000000000000000000 ) ) ;
#3982 =( BOUNDED_SURFACE ( )  B_SPLINE_SURFACE ( 3, 2, ( 
 ( #3509, #4028, #48 ),
 ( #4773, #7454, #153 ),
 ( #2109, #3530, #8201 ),
 ( #1480, #2233, #1526 ) ),
 .UNSPECIFIED., .F., .F., .F. ) 
 B_SPLINE_SURFACE_WITH_KNOTS ( ( 4, 4 ),
 ( 3, 3 ),
 ( 6.261478783294710304, 6.283185307179586232 ),
 ( 0.000000000000000000, 0.01285015798549531824 ),
 .UNSPECIFIED. ) 
 GEOMETRIC_REPRESENTATION_ITEM ( )  RATIONAL_B_SPLINE_SURFACE ( (
 ( 1.000000000000000000, 0.9988641699344408265, 0.9977575310604558378),
 ( 1.000000000000000000, 0.9988645364293791129, 0.9977582546312967482),
 ( 1.000000000000000000, 0.9988647196852242782, 0.9977586164332539198),
 ( 1.000000000000000000, 0.9988647196846033305, 0.9977586164320280115) ) ) 
 REPRESENTATION_ITEM ( '' )  SURFACE ( )  );
#3983 = CARTESIAN_POINT ( 'NONE',  ( 12.30068812565077252, -0.9123192481541766430, 0.000000000000000000 ) ) ;
#3984 = EDGE_CURVE ( 'NONE', #5407, #2596, #1086, .T. ) ;
#3985 = DIRECTION ( 'NONE',  ( -0.6049683311478915027, -0.2693492547302756557, 0.7493092133988346060 ) ) ;
#3986 = CARTESIAN_POINT ( 'NONE',  ( 6.588591420233555596, -11.01428446989495669, 0.000000000000000000 ) ) ;
#3987 = CARTESIAN_POINT ( 'NONE',  ( -6.588591420233475660, 11.01428446989500998, 0.000000000000000000 ) ) ;
#3988 = LINE ( 'NONE', #6675, #3242 ) ;
#3989 = CARTESIAN_POINT ( 'NONE',  ( -7.906868104074003867, -9.376012365377890845, 8.000000000000000000 ) ) ;
#3990 = CARTESIAN_POINT ( 'NONE',  ( 8.743249532614955299, -9.801135538539412551, 8.000000000000000000 ) ) ;
#3991 = ADVANCED_FACE ( 'NONE', ( #6660 ), #7648, .T. ) ;
#3992 = ORIENTED_EDGE ( 'NONE', *, *, #5380, .F. ) ;
#3993 = CARTESIAN_POINT ( 'NONE',  ( 0.8231400688185612768, -12.05320353502385977, 8.000000000000000000 ) ) ;
#3994 = DIRECTION ( 'NONE',  ( 0.7780644821457441962, 0.000000000000000000, 0.6281844168898772507 ) ) ;
#3995 = VERTEX_POINT ( 'NONE', #2034 ) ;
#3996 = CARTESIAN_POINT ( 'NONE',  ( 10.64346975476057366, 6.527568552596270557, 8.000000000000000000 ) ) ;
#3997 = CARTESIAN_POINT ( 'NONE',  ( -2.817469215210279820, 12.72257526253004833, 8.000000000000000000 ) ) ;
#3998 = CARTESIAN_POINT ( 'NONE',  ( 11.52995163726274086, 2.932881190150647743, 8.000000000000000000 ) ) ;
#3999 = CARTESIAN_POINT ( 'NONE',  ( 5.038066446831270362, -11.80431640392010806, 0.000000000000000000 ) ) ;
#4000 = CARTESIAN_POINT ( 'NONE',  ( -12.22597347346767549, -2.908682420983950134, 8.000000000000000000 ) ) ;
#4001 = CARTESIAN_POINT ( 'NONE',  ( -9.442776183394581579, -5.916238915412262322, 8.000000000000000000 ) ) ;
#4002 = LINE ( 'NONE', #4522, #7570 ) ;
#4003 = ORIENTED_EDGE ( 'NONE', *, *, #94, .T. ) ;
#4004 = CARTESIAN_POINT ( 'NONE',  ( -0.7941151212463513076, -11.95399604505280600, 8.000000000000000000 ) ) ;
#4005 = CARTESIAN_POINT ( 'NONE',  ( 2.919073574173182362, -12.13967088095516367, 8.000000000000000000 ) ) ;
#4006 = CARTESIAN_POINT ( 'NONE',  ( 8.280430663781912060, 36.05662566898598698, -14.31617719390663979 ) ) ;
#4007 = CARTESIAN_POINT ( 'NONE',  ( 10.05932550694766725, -6.352286767647486343, 0.000000000000000000 ) ) ;
#4008 = CARTESIAN_POINT ( 'NONE',  ( -9.669723885497008453, 8.439220299577034012, 0.000000000000000000 ) ) ;
#4009 = ORIENTED_EDGE ( 'NONE', *, *, #2316, .F. ) ;
#4010 = CARTESIAN_POINT ( 'NONE',  ( 9.415217936710003954, -7.968244849358779192, 8.000000000000000000 ) ) ;
#4011 = CARTESIAN_POINT ( 'NONE',  ( 12.78342018721905760, 1.143751547996604945, 0.000000000000000000 ) ) ;
#4012 = LINE ( 'NONE', #8665, #5040 ) ;
#4013 = CARTESIAN_POINT ( 'NONE',  ( 10.01877448794986591, 9.392211555377381060, 0.000000000000000000 ) ) ;
#4014 = CARTESIAN_POINT ( 'NONE',  ( 2.564797882415548624, 35.37085619997455410, -13.00000000000000178 ) ) ;
#4015 = CARTESIAN_POINT ( 'NONE',  ( 6.611064424922912686, -11.22924223885644857, 0.000000000000000000 ) ) ;
#4016 = CARTESIAN_POINT ( 'NONE',  ( 12.23289380645681312, -0.8857088747960388808, 8.000000000000000000 ) ) ;
#4017 = CARTESIAN_POINT ( 'NONE',  ( -12.61481170127151152, 2.841541163098003420, 0.000000000000000000 ) ) ;
#4018 = EDGE_CURVE ( 'NONE', #7023, #3018, #1363, .T. ) ;
#4019 = ORIENTED_EDGE ( 'NONE', *, *, #6780, .F. ) ;
#4020 = CIRCLE ( 'NONE', #1331, 2.600000000000000089 ) ;
#4021 = CARTESIAN_POINT ( 'NONE',  ( 11.20891349420027261, 4.507497455256226360, 0.000000000000000000 ) ) ;
#4022 = CARTESIAN_POINT ( 'NONE',  ( -11.83751175313650528, 0.7661213205046079056, 8.000000000000000000 ) ) ;
#4023 = DIRECTION ( 'NONE',  ( 0.4067366430758008744, -0.9135454576426006446, 4.718447854656916283E-16 ) ) ;
#4024 = VERTEX_POINT ( 'NONE', #2774 ) ;
#4025 = CARTESIAN_POINT ( 'NONE',  ( 11.58812316373730411, -6.630420918279993359, 0.000000000000000000 ) ) ;
#4026 = CARTESIAN_POINT ( 'NONE',  ( -11.66361783702276966, 2.940710835118423017, 0.000000000000000000 ) ) ;
#4027 = CARTESIAN_POINT ( 'NONE',  ( 13.48577048812306067, -1.600954125870787115, 0.000000000000000000 ) ) ;
#4028 = CARTESIAN_POINT ( 'NONE',  ( 8.393251983832747953, 35.72883885180684160, -13.29482462361904638 ) ) ;
#4029 = CARTESIAN_POINT ( 'NONE',  ( 11.12353076645876371, -4.449236289361978791, 0.000000000000000000 ) ) ;
#4030 = VECTOR ( 'NONE', #7201, 1000.000000000000000 ) ;
#4031 = CARTESIAN_POINT ( 'NONE',  ( -6.231836464888889537, 8.988499347771083947, 0.000000000000000000 ) ) ;
#4032 = CARTESIAN_POINT ( 'NONE',  ( -13.50622083004038387, -2.577692551524178199, 8.000000000000000000 ) ) ;
#4033 = CARTESIAN_POINT ( 'NONE',  ( -8.348190801685142048, -9.625916629980782346, 8.000000000000000000 ) ) ;
#4034 = APPROVAL_ROLE ( '' ) ;
#4035 = ORIENTED_EDGE ( 'NONE', *, *, #7597, .F. ) ;
#4036 = CARTESIAN_POINT ( 'NONE',  ( -5.916238915412231236, 9.442776183394606448, 0.000000000000000000 ) ) ;
#4037 = CARTESIAN_POINT ( 'NONE',  ( -4.668788839230860965, 11.41672744483952151, 0.000000000000000000 ) ) ;
#4038 = CARTESIAN_POINT ( 'NONE',  ( 10.70664486910374968, -4.210990906299789671, 8.000000000000000000 ) ) ;
#4039 = EDGE_CURVE ( 'NONE', #5666, #1391, #6452, .T. ) ;
#4040 = CARTESIAN_POINT ( 'NONE',  ( -2.940530670474239994, 11.83979557596823540, 0.000000000000000000 ) ) ;
#4041 = CARTESIAN_POINT ( 'NONE',  ( -6.383408261752186341, 55.46885626967003446, -18.69378740028921015 ) ) ;
#4042 = CARTESIAN_POINT ( 'NONE',  ( 11.48389212362417844, 0.6963551242058848567, 0.000000000000000000 ) ) ;
#4043 = CARTESIAN_POINT ( 'NONE',  ( -8.743249532614884245, 9.801135538539480052, 0.000000000000000000 ) ) ;
#4044 = AXIS2_PLACEMENT_3D ( 'NONE', #634, #3302, #3346 ) ;
#4045 = CARTESIAN_POINT ( 'NONE',  ( -10.56312374806390864, -6.510080463201399326, 8.000000000000000000 ) ) ;
#4046 = CYLINDRICAL_SURFACE ( 'NONE', #6742, 10.93750000000000178 ) ;
#4047 = ORIENTED_EDGE ( 'NONE', *, *, #1426, .F. ) ;
#4048 = CARTESIAN_POINT ( 'NONE',  ( -0.9751606640715428931, -12.44755643926125899, 0.000000000000000000 ) ) ;
#4049 = VECTOR ( 'NONE', #6634, 1000.000000000000000 ) ;
#4050 = CARTESIAN_POINT ( 'NONE',  ( 8.245577465654072569, 36.01947298822983612, -13.31507790684634251 ) ) ;
#4051 = CARTESIAN_POINT ( 'NONE',  ( 10.09620455160493435, -6.367618434587465792, 0.000000000000000000 ) ) ;
#4052 = DIRECTION ( 'NONE',  ( -0.000000000000000000, -0.000000000000000000, 1.000000000000000000 ) ) ;
#4053 = VERTEX_POINT ( 'NONE', #7400 ) ;
#4054 = LINE ( 'NONE', #8662, #8661 ) ;
#4055 = CARTESIAN_POINT ( 'NONE',  ( 13.57387004037413725, 1.668469543058363147, 0.000000000000000000 ) ) ;
#4056 = CARTESIAN_POINT ( 'NONE',  ( 6.926583278757532547, 24.55536600327916474, 13.00000000000000178 ) ) ;
#4057 = VECTOR ( 'NONE', #4930, 1000.000000000000000 ) ;
#4058 = DIRECTION ( 'NONE',  ( -0.6049683311478913916, -0.2693492547302756557, 0.7493092133988346060 ) ) ;
#4059 = CARTESIAN_POINT ( 'NONE',  ( 5.784763172895261540, 37.91290238094819642, 20.78584250125688726 ) ) ;
#4060 = CARTESIAN_POINT ( 'NONE',  ( 5.916238915412299626, -9.442776183394560263, 0.000000000000000000 ) ) ;
#4061 = DIRECTION ( 'NONE',  ( -0.1564344650402310077, -0.9876883405951376593, 0.000000000000000000 ) ) ;
#4062 = CARTESIAN_POINT ( 'NONE',  ( -6.588591420233475660, 11.01428446989500998, 8.000000000000000000 ) ) ;
#4063 = ORIENTED_EDGE ( 'NONE', *, *, #621, .F. ) ;
#4064 = AXIS2_PLACEMENT_3D ( 'NONE', #7737, #7692, #7650 ) ;
#4065 = CARTESIAN_POINT ( 'NONE',  ( 11.49488719732987718, -2.929367628693651415, 0.000000000000000000 ) ) ;
#4066 = CARTESIAN_POINT ( 'NONE',  ( -9.411632514553501139, -10.02415449855993757, 8.000000000000000000 ) ) ;
#4067 = VECTOR ( 'NONE', #4305, 1000.000000000000114 ) ;
#4068 = AXIS2_PLACEMENT_3D ( 'NONE', #6353, #7094, #385 ) ;
#4069 = ORIENTED_EDGE ( 'NONE', *, *, #2451, .F. ) ;
#4070 = CARTESIAN_POINT ( 'NONE',  ( -6.628700411335394449, -11.96219333340846802, 0.000000000000000000 ) ) ;
#4071 = CARTESIAN_POINT ( 'NONE',  ( 15.40659770594985467, 51.95973131377240861, 7.469851245596856870 ) ) ;
#4072 = CARTESIAN_POINT ( 'NONE',  ( 9.928529331195759866, 9.094348737717362852, 8.000000000000000000 ) ) ;
#4073 = CARTESIAN_POINT ( 'NONE',  ( -2.759358130927346942, 12.95019774290649650, 8.000000000000000000 ) ) ;
#4074 = CARTESIAN_POINT ( 'NONE',  ( -11.63207506770849875, 53.13199924803154062, 21.61616680320317130 ) ) ;
#4075 = VECTOR ( 'NONE', #4523, 1000.000000000000000 ) ;
#4076 = CARTESIAN_POINT ( 'NONE',  ( -3.608867157514807911, 10.32496896312095913, 8.000000000000000000 ) ) ;
#4077 = CARTESIAN_POINT ( 'NONE',  ( 6.600657436018233071, -11.11931436071730772, 8.000000000000000000 ) ) ;
#4078 = CARTESIAN_POINT ( 'NONE',  ( -7.850195268865117093, -9.338196514606250886, 0.000000000000000000 ) ) ;
#4079 = APPROVAL_ROLE ( '' ) ;
#4080 = VECTOR ( 'NONE', #3274, 1000.000000000000227 ) ;
#4081 = CARTESIAN_POINT ( 'NONE',  ( -6.367618434587577703, 10.09620455160486507, 0.000000000000000000 ) ) ;
#4082 = CARTESIAN_POINT ( 'NONE',  ( 1.312474532673086891, -13.06843834723477649, 0.000000000000000000 ) ) ;
#4083 = CARTESIAN_POINT ( 'NONE',  ( 11.53698844606709883, -4.773939382172875945, 8.000000000000000000 ) ) ;
#4084 = DIRECTION ( 'NONE',  ( -0.000000000000000000, -0.000000000000000000, -1.000000000000000000 ) ) ;
#4085 = CARTESIAN_POINT ( 'NONE',  ( 6.446364112663009571, 36.64434957852559194, 23.45940615483408465 ) ) ;
#4086 = CARTESIAN_POINT ( 'NONE',  ( 3.607078778745625769, 35.83490955316980120, -7.691039141179790484 ) ) ;
#4087 = VERTEX_POINT ( 'NONE', #3496 ) ;
#4088 = DIRECTION ( 'NONE',  ( -0.6845280282702553842, -0.3047715140836110281, -0.6622202826217420402 ) ) ;
#4089 = CARTESIAN_POINT ( 'NONE',  ( -8.988499347771060854, -6.231836464888920624, 8.000000000000000000 ) ) ;
#4090 = CARTESIAN_POINT ( 'NONE',  ( 7.850195268865046927, 9.338196514606311283, -5.204170427930421283E-15 ) ) ;
#4091 = ORIENTED_EDGE ( 'NONE', *, *, #3021, .F. ) ;
#4092 = CARTESIAN_POINT ( 'NONE',  ( -0.9420826277741567445, -12.37227591337642352, 8.000000000000000000 ) ) ;
#4093 = CARTESIAN_POINT ( 'NONE',  ( -1.668469543058222149, 13.57387004037415679, 0.000000000000000000 ) ) ;
#4094 = CYLINDRICAL_SURFACE ( 'NONE', #110, 13.75000000000000000 ) ;
#4095 = LINE ( 'NONE', #6950, #382 ) ;
#4096 = ORIENTED_EDGE ( 'NONE', *, *, #7877, .F. ) ;
#4097 = ADVANCED_FACE ( 'NONE', ( #4105 ), #6089, .T. ) ;
#4098 = DIRECTION ( 'NONE',  ( 0.000000000000000000, -0.000000000000000000, -1.000000000000000000 ) ) ;
#4099 = CARTESIAN_POINT ( 'NONE',  ( -0.3114313356938885335, 32.66313347876900508, 19.33449292488024795 ) ) ;
#4100 = CARTESIAN_POINT ( 'NONE',  ( 6.436913140481572704, 10.29093438073254951, -5.204170427930421283E-15 ) ) ;
#4101 = EDGE_CURVE ( 'NONE', #6785, #5200, #5373, .T. ) ;
#4102 = CARTESIAN_POINT ( 'NONE',  ( -12.00148937107103286, 0.8074739252555862556, 0.000000000000000000 ) ) ;
#4103 = CARTESIAN_POINT ( 'NONE',  ( -0.9123192481543054289, -12.30068812565076186, 8.000000000000000000 ) ) ;
#4104 = CARTESIAN_POINT ( 'NONE',  ( 4.965029436117591288, -11.73452356626236792, 8.000000000000000000 ) ) ;
#4105 = FACE_OUTER_BOUND ( 'NONE', #486, .T. ) ;
#4106 = CARTESIAN_POINT ( 'NONE',  ( -11.61432090236922221, 2.938739567862336255, 0.000000000000000000 ) ) ;
#4107 = VERTEX_POINT ( 'NONE', #2121 ) ;
#4108 = CARTESIAN_POINT ( 'NONE',  ( -12.05320353502386155, 0.8231400688185195325, 8.000000000000000000 ) ) ;
#4109 = DIRECTION ( 'NONE',  ( -0.000000000000000000, -0.000000000000000000, 1.000000000000000000 ) ) ;
#4110 = ORIENTED_EDGE ( 'NONE', *, *, #6685, .F. ) ;
#4111 = CARTESIAN_POINT ( 'NONE',  ( 1.782625557214392531, 30.43241449699887013, 17.04359809456630614 ) ) ;
#4112 = LINE ( 'NONE', #6801, #3384 ) ;
#4113 = CARTESIAN_POINT ( 'NONE',  ( 9.801135538539382352, 8.743249532614989050, 8.000000000000000000 ) ) ;
#4114 = CARTESIAN_POINT ( 'NONE',  ( -2.940530670474239994, 11.83979557596823540, 8.000000000000000000 ) ) ;
#4115 = CARTESIAN_POINT ( 'NONE',  ( 11.20891349420036498, -4.507497455255990104, 0.000000000000000000 ) ) ;
#4116 = CARTESIAN_POINT ( 'NONE',  ( -2.933454507433566061, 11.98057174878963238, 0.000000000000000000 ) ) ;
#4117 = CARTESIAN_POINT ( 'NONE',  ( 6.611064424922912686, -11.22924223885644857, 8.000000000000000000 ) ) ;
#4118 = CARTESIAN_POINT ( 'NONE',  ( -7.152395453489296173, -8.544655887209740897, 0.000000000000000000 ) ) ;
#4119 = COORDINATED_UNIVERSAL_TIME_OFFSET ( 8, 0, .AHEAD. ) ;
#4120 = VERTEX_POINT ( 'NONE', #7483 ) ;
#4121 = CARTESIAN_POINT ( 'NONE',  ( -6.628700411335480602, 11.96219333340842539, 8.000000000000000000 ) ) ;
#4122 = CARTESIAN_POINT ( 'NONE',  ( -4.404384806714132239, 11.05183112916330401, 0.000000000000000000 ) ) ;
#4123 = CARTESIAN_POINT ( 'NONE',  ( -2.941794575437281178, 11.77637575328570385, 0.000000000000000000 ) ) ;
#4124 = CARTESIAN_POINT ( 'NONE',  ( 13.42510299664336593, 2.607747690747202363, 8.000000000000000000 ) ) ;
#4125 = CARTESIAN_POINT ( 'NONE',  ( 5.581155335977028287, -12.25290083038833089, 0.000000000000000000 ) ) ;
#4126 = ORIENTED_EDGE ( 'NONE', *, *, #2529, .T. ) ;
#4127 = CARTESIAN_POINT ( 'NONE',  ( -8.034402175150765046, 9.455639197970754140, 0.000000000000000000 ) ) ;
#4128 = CARTESIAN_POINT ( 'NONE',  ( -10.05932550694757133, -6.352286767647629340, 8.000000000000000000 ) ) ;
#4129 = CARTESIAN_POINT ( 'NONE',  ( 8.034402175150626491, 9.455639197970867826, -5.204170427930421283E-15 ) ) ;
#4130 = CARTESIAN_POINT ( 'NONE',  ( -2.936066220363969581, -11.56976343863538048, 0.000000000000000000 ) ) ;
#4131 = CARTESIAN_POINT ( 'NONE',  ( -11.53698844606703133, -4.773939382173037593, 8.000000000000000000 ) ) ;
#4132 = DIRECTION ( 'NONE',  ( -0.000000000000000000, -0.000000000000000000, -1.000000000000000000 ) ) ;
#4133 = CARTESIAN_POINT ( 'NONE',  ( 4.914015522341657061, 11.68378651397868850, 0.000000000000000000 ) ) ;
#4134 = ORIENTED_EDGE ( 'NONE', *, *, #5964, .F. ) ;
#4135 = CARTESIAN_POINT ( 'NONE',  ( 9.175863790627321492, -7.634358818669758406, 0.000000000000000000 ) ) ;
#4136 = FACE_OUTER_BOUND ( 'NONE', #2433, .T. ) ;
#4137 = CARTESIAN_POINT ( 'NONE',  ( 6.436913140481572704, 10.29093438073254951, 8.000000000000000000 ) ) ;
#4138 = ADVANCED_FACE ( 'NONE', ( #6751 ), #739, .T. ) ;
#4139 = DIRECTION ( 'NONE',  ( 1.000000000000000000, 0.000000000000000000, 0.000000000000000000 ) ) ;
#4140 = CARTESIAN_POINT ( 'NONE',  ( 7.862027352899744415, 36.48699657952059994, 21.19953436446180461 ) ) ;
#4141 = CARTESIAN_POINT ( 'NONE',  ( 4.896733499129178213, -11.66659828334862681, 0.000000000000000000 ) ) ;
#4142 = CARTESIAN_POINT ( 'NONE',  ( -2.841541163097955014, -12.61481170127152041, 8.000000000000000000 ) ) ;
#4143 = CARTESIAN_POINT ( 'NONE',  ( 13.27225220462998578, -1.447204694645657153, 8.000000000000000000 ) ) ;
#4144 = ORIENTED_EDGE ( 'NONE', *, *, #2374, .T. ) ;
#4145 = CARTESIAN_POINT ( 'NONE',  ( -11.87194576742586882, 0.7736152328232699382, 8.000000000000000000 ) ) ;
#4146 = EDGE_CURVE ( 'NONE', #4913, #7005, #7567, .T. ) ;
#4147 = CARTESIAN_POINT ( 'NONE',  ( -11.12353076645873706, 4.449236289362055174, 8.000000000000000000 ) ) ;
#4148 = VERTEX_POINT ( 'NONE', #4227 ) ;
#4149 = CARTESIAN_POINT ( 'NONE',  ( -6.436913140481649975, -10.29093438073250333, 0.000000000000000000 ) ) ;
#4150 = LINE ( 'NONE', #3587, #3225 ) ;
#4151 = CARTESIAN_POINT ( 'NONE',  ( 9.497099640846577984, 8.105411651555929353, 8.000000000000000000 ) ) ;
#4152 = CARTESIAN_POINT ( 'NONE',  ( -2.862521721341762859, 12.51119373526727685, 8.000000000000000000 ) ) ;
#4153 = CARTESIAN_POINT ( 'NONE',  ( 10.32496896312099111, -3.608867157514701773, 0.000000000000000000 ) ) ;
#4154 = CARTESIAN_POINT ( 'NONE',  ( -2.790132082466630692, 12.83440038321940335, 0.000000000000000000 ) ) ;
#4155 = DIRECTION ( 'NONE',  ( 0.000000000000000000, 0.000000000000000000, -1.000000000000000000 ) ) ;
#4156 = CARTESIAN_POINT ( 'NONE',  ( 12.83440038321943000, -2.790132082466497021, -5.204170427930421283E-15 ) ) ;
#4157 = SECURITY_CLASSIFICATION_LEVEL ( 'unclassified' ) ;
#4158 = VERTEX_POINT ( 'NONE', #5415 ) ;
#4159 = CARTESIAN_POINT ( 'NONE',  ( -6.560248542580080056, 10.81899503309355737, 8.000000000000000000 ) ) ;
#4160 = DIRECTION ( 'NONE',  ( 1.000000000000000000, 0.000000000000000000, 0.000000000000000000 ) ) ;
#4161 = CARTESIAN_POINT ( 'NONE',  ( 2.686824890852831604, -13.19332579941576533, 8.000000000000000000 ) ) ;
#4162 = CARTESIAN_POINT ( 'NONE',  ( -2.927269694296075642, 12.05785317090584208, 0.000000000000000000 ) ) ;
#4163 = CARTESIAN_POINT ( 'NONE',  ( 7.128606465752798549, 38.44001002540473877, 22.38210218724659484 ) ) ;
#4164 = CARTESIAN_POINT ( 'NONE',  ( 8.357623722479971207, 35.81004254095965678, 21.32947797539414125 ) ) ;
#4165 = ORIENTED_EDGE ( 'NONE', *, *, #1803, .T. ) ;
#4166 = CARTESIAN_POINT ( 'NONE',  ( -8.636712746112488404, 9.757522586729548308, 0.000000000000000000 ) ) ;
#4167 = CARTESIAN_POINT ( 'NONE',  ( -10.56312374806390864, -6.510080463201399326, 0.000000000000000000 ) ) ;
#4168 = CARTESIAN_POINT ( 'NONE',  ( 7.906868104073932813, 9.376012365377949465, 8.000000000000000000 ) ) ;
#4169 = ORIENTED_EDGE ( 'NONE', *, *, #1772, .F. ) ;
#4170 = CARTESIAN_POINT ( 'NONE',  ( -6.626067776680073074, -12.02849558175092071, 0.000000000000000000 ) ) ;
#4171 = CARTESIAN_POINT ( 'NONE',  ( 5.853360337646251743, 12.44189184801369663, 8.000000000000000000 ) ) ;
#4172 = CARTESIAN_POINT ( 'NONE',  ( 10.35164078446988967, -6.455308898419679586, 8.000000000000000000 ) ) ;
#4173 = FACE_OUTER_BOUND ( 'NONE', #6740, .T. ) ;
#4174 = CARTESIAN_POINT ( 'NONE',  ( -5.781365353078006919, -12.39393210983944726, 8.000000000000000000 ) ) ;
#4175 = CARTESIAN_POINT ( 'NONE',  ( 9.757522586729640679, -8.636712746112378269, 0.000000000000000000 ) ) ;
#4176 = B_SPLINE_CURVE_WITH_KNOTS ( 'NONE', 3,
 ( #1906, #4640, #7921, #6757, #8094, #569, #5956, #3, #4682, #1952, #3935, #8627, #2656, #2039, #4723, #5338, #4586, #6666, #3418, #7406, #4766, #704, #7321, #2611, #7274, #1278, #1368, #7449, #4066 ),
 .UNSPECIFIED., .F., .F.,
 ( 4, 1, 1, 1, 1, 1, 1, 1, 1, 1, 1, 1, 1, 1, 1, 1, 1, 1, 1, 1, 1, 1, 1, 1, 1, 1, 4 ),
 ( 0.000000000000000000, 0.1659160033276295965, 0.1709059215442318702, 0.1766635194393565977, 0.1831887970181514669, 0.1904817542841364120, 0.1985423912398269763, 0.2073707078870824227, 0.2169667042273148716, 0.2273303802616240543, 0.2384617359908808021, 0.2503607714157882191, 0.2630274865369212067, 0.2764618813547564669, 0.2906639558696927361, 0.3056337100820685215, 0.3213711439921715929, 0.3378762576002502516, 0.3551490509065193812, 0.3731895239111665541, 0.3919976766143570268, 0.4115735090162354615, 0.4319170211169303109, 0.4530282129165571492, 0.4749070844152180060, 0.4975536356130058624, 0.5074316978669450862 ),
 .UNSPECIFIED. ) ;
#4177 = CARTESIAN_POINT ( 'NONE',  ( 12.10906341627275751, 0.8412873393391296917, 0.000000000000000000 ) ) ;
#4178 = CARTESIAN_POINT ( 'NONE',  ( 6.401038329813834693, 10.18403012388281681, -5.204170427930421283E-15 ) ) ;
#4179 = DIRECTION ( 'NONE',  ( 0.000000000000000000, 0.000000000000000000, 1.000000000000000000 ) ) ;
#4180 = CARTESIAN_POINT ( 'NONE',  ( -1.600954125870928113, -13.48577048812304291, 8.000000000000000000 ) ) ;
#4181 = CARTESIAN_POINT ( 'NONE',  ( 5.477724940116941887, -12.17545110014125243, 0.000000000000000000 ) ) ;
#4182 = CARTESIAN_POINT ( 'NONE',  ( 0.000000000000000000, 0.000000000000000000, 8.000000000000000000 ) ) ;
#4183 = CARTESIAN_POINT ( 'NONE',  ( 11.95399604505281488, -0.7941151212462261855, 8.000000000000000000 ) ) ;
#4184 = ORIENTED_EDGE ( 'NONE', *, *, #3570, .T. ) ;
#4185 = CARTESIAN_POINT ( 'NONE',  ( 9.589137980508679604, 48.35002041356305114, 7.670174406971836945 ) ) ;
#4186 = VECTOR ( 'NONE', #5053, 1000.000000000000000 ) ;
#4187 = CARTESIAN_POINT ( 'NONE',  ( -11.87581303661963084, 5.115945187291611518, 0.000000000000000000 ) ) ;
#4188 = EDGE_CURVE ( 'NONE', #4997, #8057, #2076, .T. ) ;
#4189 = VERTEX_POINT ( 'NONE', #3579 ) ;
#4190 = CARTESIAN_POINT ( 'NONE',  ( -6.600657436018073199, -11.11931436071740187, 0.000000000000000000 ) ) ;
#4191 = CARTESIAN_POINT ( 'NONE',  ( 2.208776883082202769, 36.85361179676692700, 17.59740609930790356 ) ) ;
#4192 = CARTESIAN_POINT ( 'NONE',  ( -10.02415449855983454, -9.411632514553605944, 8.000000000000000000 ) ) ;
#4193 = DIRECTION ( 'NONE',  ( 0.000000000000000000, 0.000000000000000000, -1.000000000000000000 ) ) ;
#4194 = AXIS2_PLACEMENT_3D ( 'NONE', #2152, #2894, #2193 ) ;
#4195 = VECTOR ( 'NONE', #1550, 1000.000000000000114 ) ;
#4196 = CARTESIAN_POINT ( 'NONE',  ( 11.13701600410305659, -2.886444749236957374, 8.000000000000000000 ) ) ;
#4197 = EDGE_CURVE ( 'NONE', #4890, #571, #5463, .T. ) ;
#4198 = PERSON_AND_ORGANIZATION ( #7465, #6602 ) ;
#4199 = EDGE_CURVE ( 'NONE', #8161, #4148, #8663, .T. ) ;
#4200 = EDGE_LOOP ( 'NONE', ( #8608, #1955, #8324, #3005, #611, #1177, #808, #3695, #5471, #1249, #6374, #7836, #7525, #8230, #8311, #3483, #1365, #2215, #6485, #6754, #6272, #5237, #1672, #2438, #5518, #2524, #3791, #3916, #3231, #7306, #4269, #4851, #3714, #5083, #1610, #3855, #2920, #2341, #5261, #6403, #894, #1044, #3351, #4326, #8000, #7269, #8189, #4588, #400, #5074, #8182, #2923, #6344, #2776, #4806, #8566, #4496, #4601, #406, #7617, #2185, #997, #2037, #8614, #313, #2095, #3091, #5978, #4763, #4287, #7639, #2167, #3562, #5972, #4096, #4291, #4069, #2209, #434 ) ) ;
#4201 = CARTESIAN_POINT ( 'NONE',  ( -6.560248542580080056, 10.81899503309355737, 0.000000000000000000 ) ) ;
#4202 = CARTESIAN_POINT ( 'NONE',  ( -6.625183064395817389, -12.04862852623661951, 0.000000000000000000 ) ) ;
#4203 = CARTESIAN_POINT ( 'NONE',  ( -2.686824890852640646, -13.19332579941580263, 8.000000000000000000 ) ) ;
#4204 = VECTOR ( 'NONE', #222, 1000.000000000000000 ) ;
#4205 = CARTESIAN_POINT ( 'NONE',  ( 7.769737573392595742, 36.56186678490813335, 20.87631737537751775 ) ) ;
#4206 = CARTESIAN_POINT ( 'NONE',  ( 6.991471656652879396, 38.98820939166176913, 22.30435068425664369 ) ) ;
#4207 = CARTESIAN_POINT ( 'NONE',  ( -12.16898868378441456, -0.8620871873792715911, 8.000000000000000000 ) ) ;
#4208 = ORIENTED_EDGE ( 'NONE', *, *, #2534, .F. ) ;
#4209 = CARTESIAN_POINT ( 'NONE',  ( -7.798144649837195352, 9.301941798724778110, 0.000000000000000000 ) ) ;
#4210 = DIRECTION ( 'NONE',  ( 0.6798797886080300001, -0.1076823798066469107, -0.7253743710122914079 ) ) ;
#4211 = CARTESIAN_POINT ( 'NONE',  ( 8.439220299576927431, 9.669723885497100824, 8.000000000000000000 ) ) ;
#4212 = APPROVAL_PERSON_ORGANIZATION ( #5562, #7136, #4034 ) ;
#4213 = B_SPLINE_CURVE_WITH_KNOTS ( 'NONE', 3,
 ( #4031, #7456, #2090, #7282, #1328, #8683, #2048, #7976, #2667, #4731, #6673, #3245, #7330, #3944, #1962, #711, #3426, #622, #3987, #8024, #1286, #5249, #2006, #7929, #5965, #1915, #5388, #1378, #8635 ),
 .UNSPECIFIED., .F., .F.,
 ( 4, 1, 1, 1, 1, 1, 1, 1, 1, 1, 1, 1, 1, 1, 1, 1, 1, 1, 1, 1, 1, 1, 1, 1, 1, 1, 4 ),
 ( 0.000000000000000000, 0.1659160033276295965, 0.1709059215442318702, 0.1766635194393565977, 0.1831887970181514669, 0.1904817542841364120, 0.1985423912398269763, 0.2073707078870824227, 0.2169667042273148716, 0.2273303802616240543, 0.2384617359908808021, 0.2503607714157882191, 0.2630274865369212067, 0.2764618813547564669, 0.2906639558696927361, 0.3056337100820685215, 0.3213711439921715929, 0.3378762576002502516, 0.3551490509065193812, 0.3731895239111665541, 0.3919976766143570268, 0.4115735090162354615, 0.4319170211169303109, 0.4530282129165571492, 0.4749070844152180060, 0.4975536356130058624, 0.5074316978669444200 ),
 .UNSPECIFIED. ) ;
#4214 = VECTOR ( 'NONE', #6130, 1000.000000000000227 ) ;
#4215 = ORIENTED_EDGE ( 'NONE', *, *, #4996, .T. ) ;
#4216 = DIRECTION ( 'NONE',  ( 0.000000000000000000, 0.000000000000000000, -1.000000000000000000 ) ) ;
#4217 = CARTESIAN_POINT ( 'NONE',  ( -12.43077374740196284, -5.836552422531367412, 8.000000000000000000 ) ) ;
#4218 = CARTESIAN_POINT ( 'NONE',  ( -10.05932550694757133, -6.352286767647629340, 8.000000000000000000 ) ) ;
#4219 = CARTESIAN_POINT ( 'NONE',  ( 5.198761634262691445, 11.94884645308983018, 8.000000000000000000 ) ) ;
#4220 = CARTESIAN_POINT ( 'NONE',  ( 6.338109664291084577, 10.02706299306015758, 8.000000000000000000 ) ) ;
#4221 = CARTESIAN_POINT ( 'NONE',  ( 12.60876818853257930, 1.051893166807293056, 8.000000000000000000 ) ) ;
#4222 = DIRECTION ( 'NONE',  ( 0.000000000000000000, 0.000000000000000000, -1.000000000000000000 ) ) ;
#4223 = CARTESIAN_POINT ( 'NONE',  ( 8.387507342560274637, 35.74252918052434325, -13.28480874432707282 ) ) ;
#4224 = CARTESIAN_POINT ( 'NONE',  ( -1.709570872969507382, -13.62596226217982753, 8.000000000000000000 ) ) ;
#4225 = CARTESIAN_POINT ( 'NONE',  ( 8.972047302895502341, -9.886832010614698518, 8.000000000000000000 ) ) ;
#4226 = CARTESIAN_POINT ( 'NONE',  ( 6.628700411335568532, -11.96219333340837387, 8.000000000000000000 ) ) ;
#4227 = CARTESIAN_POINT ( 'NONE',  ( -3.149229626028855478, -10.47431425022861440, 8.000000000000000000 ) ) ;
#4228 = CYLINDRICAL_SURFACE ( 'NONE', #2528, 13.75000000000000000 ) ;
#4229 = ORIENTED_EDGE ( 'NONE', *, *, #4498, .F. ) ;
#4230 = CARTESIAN_POINT ( 'NONE',  ( -11.91079326901028779, -0.7828886122849891827, 8.000000000000000000 ) ) ;
#4231 = EDGE_CURVE ( 'NONE', #2913, #6455, #1623, .T. ) ;
#4232 = CARTESIAN_POINT ( 'NONE',  ( -12.02324651265881705, 5.286606996006939063, 8.000000000000000000 ) ) ;
#4233 = CARTESIAN_POINT ( 'NONE',  ( 0.6830227393984371620, 54.29171649442601222, -13.61616680320316952 ) ) ;
#4234 = ORIENTED_EDGE ( 'NONE', *, *, #6402, .F. ) ;
#4235 = CARTESIAN_POINT ( 'NONE',  ( -8.704427730807733354, 6.622827502596257965, 8.000000000000000000 ) ) ;
#4236 = FACE_OUTER_BOUND ( 'NONE', #2320, .T. ) ;
#4237 = CARTESIAN_POINT ( 'NONE',  ( 8.704427730807783092, -6.622827502596192240, 8.000000000000000000 ) ) ;
#4238 = CARTESIAN_POINT ( 'NONE',  ( 1.668469543058222149, -13.57387004037415679, 8.000000000000000000 ) ) ;
#4239 = CARTESIAN_POINT ( 'NONE',  ( 13.50622083004036611, 2.577692551524272790, 0.000000000000000000 ) ) ;
#4240 = CARTESIAN_POINT ( 'NONE',  ( 12.51119373526729817, -2.862521721341631853, -5.204170427930421283E-15 ) ) ;
#4241 = EDGE_LOOP ( 'NONE', ( #3873, #5823, #4165, #7263 ) ) ;
#4242 = CARTESIAN_POINT ( 'NONE',  ( -6.619621129381195956, 11.34404188716887596, 8.000000000000000000 ) ) ;
#4243 = CARTESIAN_POINT ( 'NONE',  ( 11.34404188716879958, 6.619621129381319413, 0.000000000000000000 ) ) ;
#4244 = EDGE_CURVE ( 'NONE', #1908, #362, #2263, .T. ) ;
#4245 = CARTESIAN_POINT ( 'NONE',  ( 2.724978029605303220, -13.06987279011078940, 8.000000000000000000 ) ) ;
#4246 = CARTESIAN_POINT ( 'NONE',  ( 5.563321258294152472, 37.79594992915570373, 23.72864989489650966 ) ) ;
#4247 = CARTESIAN_POINT ( 'NONE',  ( -12.30068812565076009, -0.9123192481543483945, -5.204170427930421283E-15 ) ) ;
#4248 = VERTEX_POINT ( 'NONE', #7126 ) ;
#4249 = EDGE_CURVE ( 'NONE', #3802, #3261, #6342, .T. ) ;
#4250 = CARTESIAN_POINT ( 'NONE',  ( -11.96219333343618807, 6.628700411334726539, 0.000000000000000000 ) ) ;
#4251 = CARTESIAN_POINT ( 'NONE',  ( -11.96219333340840052, -6.628700411335519682, 0.000000000000000000 ) ) ;
#4252 = CARTESIAN_POINT ( 'NONE',  ( 9.411632514553422979, 10.02415449856000507, -5.204170427930421283E-15 ) ) ;
#4253 = ORIENTED_EDGE ( 'NONE', *, *, #1338, .F. ) ;
#4254 = CARTESIAN_POINT ( 'NONE',  ( -6.626067776680073074, -12.02849558175092071, 8.000000000000000000 ) ) ;
#4255 = CARTESIAN_POINT ( 'NONE',  ( 12.95019774290646630, 2.759358130927484609, 0.000000000000000000 ) ) ;
#4256 = DIRECTION ( 'NONE',  ( 0.000000000000000000, 0.000000000000000000, -1.000000000000000000 ) ) ;
#4257 = CARTESIAN_POINT ( 'NONE',  ( -10.48771353560521113, -6.492081297254504335, 8.000000000000000000 ) ) ;
#4258 = CARTESIAN_POINT ( 'NONE',  ( 0.000000000000000000, 0.000000000000000000, 8.000000000000000000 ) ) ;
#4259 = CARTESIAN_POINT ( 'NONE',  ( 5.916238915411918597, 9.442776183394515854, 8.000000000000000000 ) ) ;
#4260 = CARTESIAN_POINT ( 'NONE',  ( 12.30068812565075298, 0.9123192481544342147, 8.000000000000000000 ) ) ;
#4261 = CARTESIAN_POINT ( 'NONE',  ( 6.548856738338842298, 34.95540092957702427, 0.000000000000000000 ) ) ;
#4262 = CARTESIAN_POINT ( 'NONE',  ( 6.544354946388577510, 10.72875944066953124, -5.204170427930421283E-15 ) ) ;
#4263 = CARTESIAN_POINT ( 'NONE',  ( -13.64173013562593795, 1.722120468130850846, 0.000000000000000000 ) ) ;
#4264 = CARTESIAN_POINT ( 'NONE',  ( 2.895913797652593047, -12.31670401296923245, 0.000000000000000000 ) ) ;
#4265 = DIRECTION ( 'NONE',  ( 0.9135454576426005335, 0.4067366430758008189, 0.000000000000000000 ) ) ;
#4266 = EDGE_CURVE ( 'NONE', #3931, #1391, #3041, .T. ) ;
#4267 = CARTESIAN_POINT ( 'NONE',  ( 7.708755603958690195, 29.49380770625485226, -13.00000000000000178 ) ) ;
#4268 = CARTESIAN_POINT ( 'NONE',  ( 4.131439932012003879, 37.87800315634559922, 22.18705913416912168 ) ) ;
#4269 = ORIENTED_EDGE ( 'NONE', *, *, #4427, .F. ) ;
#4270 = CARTESIAN_POINT ( 'NONE',  ( -13.48577048812303580, -1.600954125870974964, 8.000000000000000000 ) ) ;
#4271 = CARTESIAN_POINT ( 'NONE',  ( -10.33666240664886260, 4.161888422927100706, 0.000000000000000000 ) ) ;
#4272 = CARTESIAN_POINT ( 'NONE',  ( -12.13967088095517433, -2.919073574173140173, 0.000000000000000000 ) ) ;
#4273 = ORIENTED_EDGE ( 'NONE', *, *, #2196, .F. ) ;
#4274 = EDGE_CURVE ( 'NONE', #307, #7625, #2248, .T. ) ;
#4275 = CARTESIAN_POINT ( 'NONE',  ( -4.507497455256024743, -11.20891349420035255, 0.000000000000000000 ) ) ;
#4276 = CARTESIAN_POINT ( 'NONE',  ( 5.853360337646255296, 12.44189184801370018, 0.000000000000000000 ) ) ;
#4277 = B_SPLINE_SURFACE_WITH_KNOTS ( 'NONE', 3, 1, ( 
 ( #7995, #5359 ),
 ( #7346, #5223 ),
 ( #6076, #2021 ),
 ( #3306, #5403 ),
 ( #5984, #686 ),
 ( #8654, #8561 ),
 ( #4004, #4706 ),
 ( #7389, #7432 ),
 ( #3352, #8079 ),
 ( #1304, #6599 ),
 ( #2064, #5267 ),
 ( #4748, #550 ),
 ( #1398, #6691 ),
 ( #4092, #3262 ),
 ( #1350, #4048 ),
 ( #2546, #7903 ),
 ( #5937, #6648 ),
 ( #8609, #2590 ),
 ( #7949, #4613 ),
 ( #7300, #1257 ),
 ( #2634, #3960 ),
 ( #595, #6086 ),
 ( #821, #6827 ),
 ( #2731, #2861 ),
 ( #736, #4842 ),
 ( #2771, #6255 ),
 ( #5412, #5505 ),
 ( #4224, #6915 ),
 ( #1489, #5459 ) ),
 .UNSPECIFIED., .F., .F., .F.,
 ( 4, 1, 1, 1, 1, 1, 1, 1, 1, 1, 1, 1, 1, 1, 1, 1, 1, 1, 1, 1, 1, 1, 1, 1, 1, 1, 4 ),
 ( 2, 2 ),
 ( 0.000000000000000000, 0.1659160033276295965, 0.1709059215442318702, 0.1766635194393565977, 0.1831887970181514669, 0.1904817542841364120, 0.1985423912398269763, 0.2073707078870824227, 0.2169667042273148716, 0.2273303802616240543, 0.2384617359908808021, 0.2503607714157882191, 0.2630274865369212067, 0.2764618813547564669, 0.2906639558696927361, 0.3056337100820685215, 0.3213711439921715929, 0.3378762576002502516, 0.3551490509065193812, 0.3731895239111665541, 0.3919976766143570268, 0.4115735090162354615, 0.4319170211169303109, 0.4530282129165571492, 0.4749070844152180060, 0.4975536356130058624, 0.5074316978669450862 ),
 ( 0.000000000000000000, 1.000000000000000000 ),
 .UNSPECIFIED. ) ;
#4278 = DIRECTION ( 'NONE',  ( 0.7780644821457439742, 0.000000000000000000, -0.6281844168898774727 ) ) ;
#4279 = CARTESIAN_POINT ( 'NONE',  ( 11.05183112916334487, -4.404384806714015888, 8.000000000000000000 ) ) ;
#4280 = CARTESIAN_POINT ( 'NONE',  ( 2.841541163098137091, -12.61481170127147777, 0.000000000000000000 ) ) ;
#4281 = CARTESIAN_POINT ( 'NONE',  ( 13.32045193209912171, -2.644734409370864459, -5.204170427930421283E-15 ) ) ;
#4282 = VERTEX_POINT ( 'NONE', #7609 ) ;
#4283 = DIRECTION ( 'NONE',  ( -0.000000000000000000, 0.000000000000000000, -1.000000000000000000 ) ) ;
#4284 = CARTESIAN_POINT ( 'NONE',  ( 11.22924223885642547, 6.611064424922950877, 0.000000000000000000 ) ) ;
#4285 = CARTESIAN_POINT ( 'NONE',  ( -2.862521721341669156, -12.51119373526728928, 0.000000000000000000 ) ) ;
#4286 = EDGE_CURVE ( 'NONE', #4992, #4753, #2955, .T. ) ;
#4287 = ORIENTED_EDGE ( 'NONE', *, *, #2534, .T. ) ;
#4288 = CARTESIAN_POINT ( 'NONE',  ( 8.148383115693530243, 36.18535943533762378, 21.21704877313094428 ) ) ;
#4289 = CARTESIAN_POINT ( 'NONE',  ( 7.867597563353041501, 36.47613956211473862, 21.20214128356820638 ) ) ;
#4290 = CARTESIAN_POINT ( 'NONE',  ( -13.06843834723477293, -1.312474532673132410, -5.204170427930421283E-15 ) ) ;
#4291 = ORIENTED_EDGE ( 'NONE', *, *, #8408, .F. ) ;
#4292 = CARTESIAN_POINT ( 'NONE',  ( -11.85123473191540455, 6.631537913675494167, 0.000000000000000000 ) ) ;
#4293 = CARTESIAN_POINT ( 'NONE',  ( -11.71732392095625563, 6.632284204934391525, 0.000000000000000000 ) ) ;
#4294 = LINE ( 'NONE', #3026, #7711 ) ;
#4295 = VERTEX_POINT ( 'NONE', #995 ) ;
#4296 = CARTESIAN_POINT ( 'NONE',  ( -2.929367628693686054, -11.49488719732986830, 0.000000000000000000 ) ) ;
#4297 = EDGE_CURVE ( 'NONE', #7227, #7720, #250, .T. ) ;
#4298 = CARTESIAN_POINT ( 'NONE',  ( -9.094348737717258047, 9.928529331195861118, 8.000000000000000000 ) ) ;
#4299 = CARTESIAN_POINT ( 'NONE',  ( -11.34404188716884931, -6.619621129381234148, 8.000000000000000000 ) ) ;
#4300 = CARTESIAN_POINT ( 'NONE',  ( 5.689930116769146728, 12.33100786788156356, 8.000000000000000000 ) ) ;
#4301 = CARTESIAN_POINT ( 'NONE',  ( 6.632284204934263627, 11.71732392095632846, 8.000000000000000000 ) ) ;
#4302 = CARTESIAN_POINT ( 'NONE',  ( 9.625916629980816097, -8.348190801685102969, 0.000000000000000000 ) ) ;
#4303 = AXIS2_PLACEMENT_3D ( 'NONE', #1406, #601, #8002 ) ;
#4304 = DIRECTION ( 'NONE',  ( -0.6049683311478913916, -0.2693492547302756557, 0.7493092133988346060 ) ) ;
#4305 = DIRECTION ( 'NONE',  ( -0.6798797886080300001, 0.1076823798066469245, 0.7253743710122914079 ) ) ;
#4306 = EDGE_CURVE ( 'NONE', #7752, #8222, #8543, .T. ) ;
#4307 = CARTESIAN_POINT ( 'NONE',  ( -12.23289380645680779, 0.8857088747961243680, 0.000000000000000000 ) ) ;
#4308 =( BOUNDED_CURVE ( )  B_SPLINE_CURVE ( 3, ( #5155, #7184, #7795, #5025 ),
 .UNSPECIFIED., .F., .F. ) 
 B_SPLINE_CURVE_WITH_KNOTS ( ( 4, 4 ),
 ( 2.587211061947446211, 3.141592653589794004 ),
 .UNSPECIFIED. ) 
 CURVE ( )  GEOMETRIC_REPRESENTATION_ITEM ( )  RATIONAL_B_SPLINE_CURVE ( ( 1.000000000000000000, 0.9745519897259310449, 0.9745519897259310449, 1.000000000000000000 ) ) 
 REPRESENTATION_ITEM ( '' )  );
#4309 = CARTESIAN_POINT ( 'NONE',  ( 8.743249532614955299, -9.801135538539412551, 8.000000000000000000 ) ) ;
#4310 = CARTESIAN_POINT ( 'NONE',  ( 6.973399231238235352, 39.14332495884046637, -14.26727816506350166 ) ) ;
#4311 = CARTESIAN_POINT ( 'NONE',  ( -7.397296749673260230, 55.01744403114347648, 16.37100230941132395 ) ) ;
#4312 = CARTESIAN_POINT ( 'NONE',  ( 12.16898868378442522, -0.8620871873791016160, 8.000000000000000000 ) ) ;
#4313 = ORIENTED_EDGE ( 'NONE', *, *, #6116, .T. ) ;
#4314 = CARTESIAN_POINT ( 'NONE',  ( -12.97053397611294123, -1.251919511749418623, 8.000000000000000000 ) ) ;
#4315 = CARTESIAN_POINT ( 'NONE',  ( 9.234787594130864363, -7.707558585906779669, 8.000000000000000000 ) ) ;
#4316 = CARTESIAN_POINT ( 'NONE',  ( 4.882899925757718584, 11.65205713776044050, 8.000000000000000000 ) ) ;
#4317 = VECTOR ( 'NONE', #5079, 1000.000000000000114 ) ;
#4318 = CARTESIAN_POINT ( 'NONE',  ( -12.43077374740200369, 5.836552422531278594, 8.000000000000000000 ) ) ;
#4319 = ORIENTED_EDGE ( 'NONE', *, *, #843, .F. ) ;
#4320 = CARTESIAN_POINT ( 'NONE',  ( -4.542018187747140168, -11.25643158326926141, 0.000000000000000000 ) ) ;
#4321 = CARTESIAN_POINT ( 'NONE',  ( 0.000000000000000000, 0.000000000000000000, 8.000000000000000000 ) ) ;
#4322 = CARTESIAN_POINT ( 'NONE',  ( 0.5146130132903103949, 44.30978159260892113, -10.90981260795435404 ) ) ;
#4323 = CARTESIAN_POINT ( 'NONE',  ( 12.04862852623650404, 6.625183064396031440, 0.000000000000000000 ) ) ;
#4324 = VECTOR ( 'NONE', #4304, 999.9999999999998863 ) ;
#4325 = DIRECTION ( 'NONE',  ( 0.000000000000000000, 0.000000000000000000, -1.000000000000000000 ) ) ;
#4326 = ORIENTED_EDGE ( 'NONE', *, *, #2582, .F. ) ;
#4327 = CARTESIAN_POINT ( 'NONE',  ( 13.32045193209912171, -2.644734409370864459, 8.000000000000000000 ) ) ;
#4328 = VECTOR ( 'NONE', #1233, 1000.000000000000000 ) ;
#4329 = ORIENTED_EDGE ( 'NONE', *, *, #357, .T. ) ;
#4330 = CARTESIAN_POINT ( 'NONE',  ( -8.181339682155977400, 9.539420412438916586, 8.000000000000000000 ) ) ;
#4331 = CARTESIAN_POINT ( 'NONE',  ( -3.720165304744937007, 42.42433680949698527, -16.15497710174620138 ) ) ;
#4332 = CARTESIAN_POINT ( 'NONE',  ( -2.927269694295987268, -12.05785317090586162, 0.000000000000000000 ) ) ;
#4333 = ORIENTED_EDGE ( 'NONE', *, *, #6987, .F. ) ;
#4334 = CARTESIAN_POINT ( 'NONE',  ( 6.323864704813308535, 37.10944198540473593, 21.01175819446142157 ) ) ;
#4335 = AXIS2_PLACEMENT_3D ( 'NONE', #4917, #1573, #6212 ) ;
#4336 = CARTESIAN_POINT ( 'NONE',  ( 8.215795420203082955, 36.06362092214740755, 21.30753919910286598 ) ) ;
#4337 = AXIS2_PLACEMENT_3D ( 'NONE', #4014, #6701, #651 ) ;
#4338 = CARTESIAN_POINT ( 'NONE',  ( -12.97053397611294123, -1.251919511749418623, -5.204170427930421283E-15 ) ) ;
#4339 = VERTEX_POINT ( 'NONE', #3171 ) ;
#4340 = CARTESIAN_POINT ( 'NONE',  ( 3.608867157514880297, -10.32496896312093071, 8.000000000000000000 ) ) ;
#4341 = CARTESIAN_POINT ( 'NONE',  ( -10.64346975476066604, 6.527568552596115126, 0.000000000000000000 ) ) ;
#4342 = CARTESIAN_POINT ( 'NONE',  ( 12.09884006967990544, -5.379567626064686969, 8.000000000000000000 ) ) ;
#4343 = VECTOR ( 'NONE', #6559, 1000.000000000000227 ) ;
#4344 = ORIENTED_EDGE ( 'NONE', *, *, #6935, .T. ) ;
#4345 = VECTOR ( 'NONE', #6125, 1000.000000000000000 ) ;
#4346 = CARTESIAN_POINT ( 'NONE',  ( -6.418760976341290281, -10.23507608951709180, 0.000000000000000000 ) ) ;
#4347 = CARTESIAN_POINT ( 'NONE',  ( 5.269209628948232194, 38.38457086269640683, 23.75194548007930706 ) ) ;
#4348 = B_SPLINE_CURVE_WITH_KNOTS ( 'NONE', 3,
 ( #2704, #875, #2742, #8096, #4448, #6966, #7013, #5775, #963, #8352, #1045, #6435, #2966, #7749, #303, #3676, #3006, #6266, #2299, #8397, #1724, #4408, #3715, #2342, #3049, #5686, #7057, #4934, #5067 ),
 .UNSPECIFIED., .F., .F.,
 ( 4, 1, 1, 1, 1, 1, 1, 1, 1, 1, 1, 1, 1, 1, 1, 1, 1, 1, 1, 1, 1, 1, 1, 1, 1, 1, 4 ),
 ( 0.000000000000000000, 0.1659160033276295965, 0.1709059215442318702, 0.1766635194393565977, 0.1831887970181514669, 0.1904817542841364120, 0.1985423912398269763, 0.2073707078870824227, 0.2169667042273148716, 0.2273303802616240543, 0.2384617359908808021, 0.2503607714157882191, 0.2630274865369212067, 0.2764618813547564669, 0.2906639558696927361, 0.3056337100820685215, 0.3213711439921715929, 0.3378762576002502516, 0.3551490509065193812, 0.3731895239111665541, 0.3919976766143570268, 0.4115735090162354615, 0.4319170211169303109, 0.4530282129165571492, 0.4749070844152180060, 0.4975536356130058624, 0.5074316978669450862 ),
 .UNSPECIFIED. ) ;
#4349 = CARTESIAN_POINT ( 'NONE',  ( -9.442776183394581579, -5.916238915412262322, 8.000000000000000000 ) ) ;
#4350 = CARTESIAN_POINT ( 'NONE',  ( 5.581155335977028287, -12.25290083038833089, 8.000000000000000000 ) ) ;
#4351 = CARTESIAN_POINT ( 'NONE',  ( -5.689930116769227553, -12.33100786788152448, 8.000000000000000000 ) ) ;
#4352 = AXIS2_PLACEMENT_3D ( 'NONE', #8435, #463, #1716 ) ;
#4353 = DIRECTION ( 'NONE',  ( 0.000000000000000000, 0.000000000000000000, -1.000000000000000000 ) ) ;
#4354 = CARTESIAN_POINT ( 'NONE',  ( 11.05183112916325605, 4.404384806714248590, 0.000000000000000000 ) ) ;
#4355 = CARTESIAN_POINT ( 'NONE',  ( -13.48577048812304824, 1.600954125870881040, 0.000000000000000000 ) ) ;
#4356 = VECTOR ( 'NONE', #8336, 1000.000000000000000 ) ;
#4357 = CARTESIAN_POINT ( 'NONE',  ( 8.439220299577138817, -9.669723885496912530, 8.000000000000000000 ) ) ;
#4358 = CARTESIAN_POINT ( 'NONE',  ( 5.341376594307788217, 38.41670166580615131, -12.68844070737145202 ) ) ;
#4359 = ADVANCED_FACE ( 'NONE', ( #3310 ), #5847, .F. ) ;
#4360 = CARTESIAN_POINT ( 'NONE',  ( 12.09884006967979531, 5.379567626064940988, 8.000000000000000000 ) ) ;
#4361 = CARTESIAN_POINT ( 'NONE',  ( 8.704427730807637431, 6.622827502596381422, 0.000000000000000000 ) ) ;
#4362 = ORIENTED_EDGE ( 'NONE', *, *, #8421, .F. ) ;
#4363 = CARTESIAN_POINT ( 'NONE',  ( -13.27225220462997690, 1.447204694645749745, 8.000000000000000000 ) ) ;
#4364 = CARTESIAN_POINT ( 'NONE',  ( 9.149886257342975782, -7.604022508570274397, 8.000000000000000000 ) ) ;
#4365 = CARTESIAN_POINT ( 'NONE',  ( 9.392211555323701333, 10.01877448793506176, 8.000000000000000000 ) ) ;
#4366 = EDGE_CURVE ( 'NONE', #4248, #1097, #1523, .T. ) ;
#4367 = CARTESIAN_POINT ( 'NONE',  ( -4.386616976970878490, -11.02139818175205477, 8.000000000000000000 ) ) ;
#4368 = ORIENTED_EDGE ( 'NONE', *, *, #2045, .F. ) ;
#4369 = CARTESIAN_POINT ( 'NONE',  ( -4.773939382172911472, -11.53698844606708640, 0.000000000000000000 ) ) ;
#4370 = DIRECTION ( 'NONE',  ( -1.000000000000000000, 0.000000000000000000, 0.000000000000000000 ) ) ;
#4371 = CARTESIAN_POINT ( 'NONE',  ( 8.704427730807637431, 6.622827502596381422, 8.000000000000000000 ) ) ;
#4372 = CARTESIAN_POINT ( 'NONE',  ( 0.9123192481543054289, -12.30068812565076364, 8.000000000000000000 ) ) ;
#4373 = CARTESIAN_POINT ( 'NONE',  ( 2.927269694296160907, -12.05785317090582076, 8.000000000000000000 ) ) ;
#4374 = PLANE ( 'NONE',  #6718 ) ;
#4375 = ORIENTED_EDGE ( 'NONE', *, *, #2740, .T. ) ;
#4376 = CARTESIAN_POINT ( 'NONE',  ( -7.798144649837195352, 9.301941798724778110, 8.000000000000000000 ) ) ;
#4377 = CARTESIAN_POINT ( 'NONE',  ( -12.17545110014127197, -5.477724940116900143, 0.000000000000000000 ) ) ;
#4378 = CARTESIAN_POINT ( 'NONE',  ( -6.625183064395817389, -12.04862852623661951, 8.000000000000000000 ) ) ;
#4379 = ORIENTED_EDGE ( 'NONE', *, *, #6674, .F. ) ;
#4380 = CARTESIAN_POINT ( 'NONE',  ( -13.50622083004038387, -2.577692551524178199, 0.000000000000000000 ) ) ;
#4381 = CARTESIAN_POINT ( 'NONE',  ( 8.035092304735272251, 36.59813200877660933, 22.31926299365814614 ) ) ;
#4382 = CARTESIAN_POINT ( 'NONE',  ( -11.11684438996311819, -0.7639867559471459346, -5.204170427930421283E-15 ) ) ;
#4383 = CARTESIAN_POINT ( 'NONE',  ( -10.48771353560525732, 6.492081297254431504, 0.000000000000000000 ) ) ;
#4384 = CARTESIAN_POINT ( 'NONE',  ( -5.038066446831101608, -11.80431640392018267, 0.000000000000000000 ) ) ;
#4385 = CARTESIAN_POINT ( 'NONE',  ( 11.30699639290211600, -4.580317944817275944, 0.000000000000000000 ) ) ;
#4386 = EDGE_LOOP ( 'NONE', ( #2407, #927, #5814, #5620 ) ) ;
#4387 = CARTESIAN_POINT ( 'NONE',  ( -6.352286767647525423, -10.05932550694764060, 0.000000000000000000 ) ) ;
#4388 = ADVANCED_FACE ( 'NONE', ( #6651 ), #4094, .T. ) ;
#4389 = DIRECTION ( 'NONE',  ( 0.000000000000000000, 0.000000000000000000, -1.000000000000000000 ) ) ;
#4390 = CARTESIAN_POINT ( 'NONE',  ( 8.972047302895502341, -9.886832010614698518, 0.000000000000000000 ) ) ;
#4391 = CARTESIAN_POINT ( 'NONE',  ( 12.04862852623650404, 6.625183064396031440, 8.000000000000000000 ) ) ;
#4392 = CARTESIAN_POINT ( 'NONE',  ( -0.1905158452813045800, 32.63909084861705168, -11.22056930244631623 ) ) ;
#4393 = CARTESIAN_POINT ( 'NONE',  ( 13.48577048812302337, 1.600954125871069111, 8.000000000000000000 ) ) ;
#4394 = DIRECTION ( 'NONE',  ( -0.8090169943749422332, -0.5877852522924802425, 0.000000000000000000 ) ) ;
#4395 = CARTESIAN_POINT ( 'NONE',  ( 12.39393210983934246, 5.781365353078228075, 0.000000000000000000 ) ) ;
#4396 = CC_DESIGN_PERSON_AND_ORGANIZATION_ASSIGNMENT ( #4198, #5482, ( #8448 ) ) ;
#4397 = CARTESIAN_POINT ( 'NONE',  ( 2.708699257713905073, -10.80883218877888829, 0.000000000000000000 ) ) ;
#4398 = CARTESIAN_POINT ( 'NONE',  ( 5.577887949322347438, 38.12134270841280426, -12.74865727487198974 ) ) ;
#4399 = CARTESIAN_POINT ( 'NONE',  ( -12.22597347346769681, 2.908682420983862649, 8.000000000000000000 ) ) ;
#4400 = CARTESIAN_POINT ( 'NONE',  ( 0.000000000000000000, 0.000000000000000000, 0.000000000000000000 ) ) ;
#4401 = EDGE_LOOP ( 'NONE', ( #1255, #6329, #1733, #5510, #4796 ) ) ;
#4402 = ADVANCED_FACE ( 'NONE', ( #8040 ), #5266, .T. ) ;
#4403 = CARTESIAN_POINT ( 'NONE',  ( -12.23289380645680069, -0.8857088747962098552, 8.000000000000000000 ) ) ;
#4404 = CARTESIAN_POINT ( 'NONE',  ( 4.787970195498854942, 36.54281383444381959, -11.56804391877589211 ) ) ;
#4405 = DIRECTION ( 'NONE',  ( -0.9876883405951377704, 0.1564344650402312575, 0.000000000000000000 ) ) ;
#4406 = CARTESIAN_POINT ( 'NONE',  ( -3.608867157514733304, -10.32496896312098222, 8.000000000000000000 ) ) ;
#4407 = ORIENTED_EDGE ( 'NONE', *, *, #6994, .T. ) ;
#4408 = CARTESIAN_POINT ( 'NONE',  ( -1.312474532673086891, -13.06843834723477649, 0.000000000000000000 ) ) ;
#4409 = CARTESIAN_POINT ( 'NONE',  ( -10.02415449855983454, -9.411632514553605944, 8.000000000000000000 ) ) ;
#4410 = EDGE_CURVE ( 'NONE', #4779, #4718, #4683, .T. ) ;
#4411 = CARTESIAN_POINT ( 'NONE',  ( -2.600000000000000089, 3.184081677783118191E-16, 8.000000000000000000 ) ) ;
#4412 = ORIENTED_EDGE ( 'NONE', *, *, #4188, .F. ) ;
#4413 = CARTESIAN_POINT ( 'NONE',  ( -12.16898868378441456, -0.8620871873792715911, 0.000000000000000000 ) ) ;
#4414 = EDGE_LOOP ( 'NONE', ( #6204, #5658, #3390, #2703, #5856, #8460, #4412, #4110, #1303, #5692 ) ) ;
#4415 = CARTESIAN_POINT ( 'NONE',  ( 2.932881190150606887, -11.52995163726274974, 0.000000000000000000 ) ) ;
#4416 = DIRECTION ( 'NONE',  ( -0.6049683311478913916, -0.2693492547302756002, -0.7493092133988346060 ) ) ;
#4417 = ORIENTED_EDGE ( 'NONE', *, *, #7533, .T. ) ;
#4418 = CARTESIAN_POINT ( 'NONE',  ( -6.622827502596288163, 8.704427730807712038, 0.000000000000000000 ) ) ;
#4419 = CARTESIAN_POINT ( 'NONE',  ( -10.33666240664859082, -4.161888422927137121, 0.000000000000000000 ) ) ;
#4420 = CARTESIAN_POINT ( 'NONE',  ( -6.619621129381116020, -11.34404188716891859, 8.000000000000000000 ) ) ;
#4421 = FACE_BOUND ( 'NONE', #6931, .T. ) ;
#4422 = CARTESIAN_POINT ( 'NONE',  ( 4.131439932012002103, 37.87800315634559922, -14.18705913416912345 ) ) ;
#4423 = B_SPLINE_SURFACE_WITH_KNOTS ( 'NONE', 3, 1, ( 
 ( #3629, #259 ),
 ( #2166, #4271 ),
 ( #208, #6962 ),
 ( #2252, #2963 ),
 ( #81, #6835 ),
 ( #8309, #7529 ),
 ( #4147, #4850 ),
 ( #1498, #7488 ),
 ( #2826, #2207 ),
 ( #7615, #2779 ),
 ( #3583, #3546 ),
 ( #2125, #5468 ),
 ( #4809, #6263 ),
 ( #1585, #6224 ),
 ( #8139, #831 ),
 ( #1457, #2911 ),
 ( #6881, #781 ),
 ( #5643, #3502 ),
 ( #915, #5596 ),
 ( #5512, #4187 ),
 ( #170, #1546 ),
 ( #4232, #6181 ),
 ( #131, #8180 ),
 ( #7659, #2868 ),
 ( #6305, #5553 ),
 ( #8220, #6922 ),
 ( #4887, #4975 ),
 ( #4318, #871 ),
 ( #744, #3458 ) ),
 .UNSPECIFIED., .F., .F., .F.,
 ( 4, 1, 1, 1, 1, 1, 1, 1, 1, 1, 1, 1, 1, 1, 1, 1, 1, 1, 1, 1, 1, 1, 1, 1, 1, 1, 4 ),
 ( 2, 2 ),
 ( 0.000000000000000000, 0.1659160033276295965, 0.1709059215442318702, 0.1766635194393565977, 0.1831887970181514669, 0.1904817542841364120, 0.1985423912398269763, 0.2073707078870824227, 0.2169667042273148716, 0.2273303802616240543, 0.2384617359908808021, 0.2503607714157882191, 0.2630274865369212067, 0.2764618813547564669, 0.2906639558696927361, 0.3056337100820685215, 0.3213711439921715929, 0.3378762576002502516, 0.3551490509065193812, 0.3731895239111665541, 0.3919976766143570268, 0.4115735090162354615, 0.4319170211169303109, 0.4530282129165571492, 0.4749070844152180060, 0.4975536356130058624, 0.5074316978669446421 ),
 ( 0.000000000000000000, 1.000000000000000000 ),
 .UNSPECIFIED. ) ;
#4424 = CARTESIAN_POINT ( 'NONE',  ( -10.02706299306008830, 6.338109664291194711, 0.000000000000000000 ) ) ;
#4425 = CARTESIAN_POINT ( 'NONE',  ( 4.777911900880782881, 38.41704770619913489, -12.23364169592523076 ) ) ;
#4426 = CARTESIAN_POINT ( 'NONE',  ( 12.02324651265885258, -5.286606996006857351, 8.000000000000000000 ) ) ;
#4427 = EDGE_CURVE ( 'NONE', #4487, #2913, #6258, .T. ) ;
#4428 = ORIENTED_EDGE ( 'NONE', *, *, #3870, .T. ) ;
#4429 = CARTESIAN_POINT ( 'NONE',  ( 1.709570873003884994, -13.62596226222339801, 0.000000000000000000 ) ) ;
#4430 = CARTESIAN_POINT ( 'NONE',  ( 9.928529331195759866, 9.094348737717362852, 0.000000000000000000 ) ) ;
#4431 = CARTESIAN_POINT ( 'NONE',  ( -8.544655887209446021, -7.152395453489273969, 0.000000000000000000 ) ) ;
#4432 = CARTESIAN_POINT ( 'NONE',  ( 4.386616976971037474, -11.02139818175199082, 8.000000000000000000 ) ) ;
#4433 = CARTESIAN_POINT ( 'NONE',  ( -12.04862852623655378, -6.625183064395943511, 0.000000000000000000 ) ) ;
#4434 = CARTESIAN_POINT ( 'NONE',  ( 12.05320353502385267, 0.8231400688186875092, 8.000000000000000000 ) ) ;
#4435 = B_SPLINE_CURVE_WITH_KNOTS ( 'NONE', 3,
 ( #6536, #484, #3945, #8547, #2532, #3115, #7889, #2445, #1870, #6633, #3896, #7803, #2049, #5432, #7497, #8147, #5642, #3627, #753, #4077, #4117, #91, #6846, #8308, #4692, #2748, #2710, #8103, #6011 ),
 .UNSPECIFIED., .F., .F.,
 ( 4, 1, 1, 1, 1, 1, 1, 1, 1, 1, 1, 1, 1, 1, 1, 1, 1, 1, 1, 1, 1, 1, 1, 1, 1, 1, 4 ),
 ( 0.000000000000000000, 0.1659160033276295965, 0.1709059215442318702, 0.1766635194393565977, 0.1831887970181514669, 0.1904817542841364120, 0.1985423912398269763, 0.2073707078870824227, 0.2169667042273148716, 0.2273303802616240543, 0.2384617359908808021, 0.2503607714157882191, 0.2630274865369212067, 0.2764618813547564669, 0.2906639558696927361, 0.3056337100820685215, 0.3213711439921715929, 0.3378762576002502516, 0.3551490509065193812, 0.3731895239111665541, 0.3919976766143570268, 0.4115735090162354615, 0.4319170211169303109, 0.4530282129165571492, 0.4749070844152180060, 0.4975536356130058624, 0.5074316978669448641 ),
 .UNSPECIFIED. ) ;
#4436 = CARTESIAN_POINT ( 'NONE',  ( 11.83979557596820165, 2.940530670474365671, -5.204170427930421283E-15 ) ) ;
#4437 = FACE_OUTER_BOUND ( 'NONE', #6184, .T. ) ;
#4438 = DIRECTION ( 'NONE',  ( 0.000000000000000000, 0.000000000000000000, -1.000000000000000000 ) ) ;
#4439 = CARTESIAN_POINT ( 'NONE',  ( 7.313425558786605940, -8.881356617214064997, 8.000000000000000000 ) ) ;
#4440 = CARTESIAN_POINT ( 'NONE',  ( 6.783294188573250949, 36.30964504821496774, -15.32278388530557756 ) ) ;
#4441 = CARTESIAN_POINT ( 'NONE',  ( -11.90787246215810669, 2.937812879663815657, 8.000000000000000000 ) ) ;
#4442 = CARTESIAN_POINT ( 'NONE',  ( -3.102622000023669724, 33.97453399672129137, -13.61616680320315709 ) ) ;
#4443 = VERTEX_POINT ( 'NONE', #5712 ) ;
#4444 = CARTESIAN_POINT ( 'NONE',  ( -11.66659828334868187, 4.896733499129055645, 8.000000000000000000 ) ) ;
#4445 = CARTESIAN_POINT ( 'NONE',  ( 2.199039207289726683, 34.71159625576959229, 16.81956797235095280 ) ) ;
#4446 = CARTESIAN_POINT ( 'NONE',  ( 8.855020039374899454, 9.844302869038735082, 8.000000000000000000 ) ) ;
#4447 = ORIENTED_EDGE ( 'NONE', *, *, #3968, .F. ) ;
#4448 = CARTESIAN_POINT ( 'NONE',  ( -0.7736152328233113495, -11.87194576742586527, 0.000000000000000000 ) ) ;
#4449 = CARTESIAN_POINT ( 'NONE',  ( 6.369194977746334807, 37.02770509971187352, 23.37395786884544790 ) ) ;
#4450 = DIRECTION ( 'NONE',  ( 0.7147974065165850766, 0.3182483095653313998, 0.6227219934256160716 ) ) ;
#4451 = CARTESIAN_POINT ( 'NONE',  ( -11.87194576742586349, -0.7736152328233526498, 0.000000000000000000 ) ) ;
#4452 = ORIENTED_EDGE ( 'NONE', *, *, #2265, .F. ) ;
#4453 = LINE ( 'NONE', #1093, #6833 ) ;
#4454 = FACE_OUTER_BOUND ( 'NONE', #6225, .T. ) ;
#4455 = EDGE_CURVE ( 'NONE', #1240, #7393, #8424, .T. ) ;
#4456 = VERTEX_POINT ( 'NONE', #7730 ) ;
#4457 = CARTESIAN_POINT ( 'NONE',  ( -7.906868104074071368, 9.376012365377837554, 0.000000000000000000 ) ) ;
#4458 = CARTESIAN_POINT ( 'NONE',  ( -11.12353076645870509, -4.449236289362134222, 8.000000000000000000 ) ) ;
#4459 = CARTESIAN_POINT ( 'NONE',  ( -2.932881190150441686, -11.52995163726279415, 8.000000000000000000 ) ) ;
#4460 = EDGE_CURVE ( 'NONE', #8177, #7140, #7076, .T. ) ;
#4461 = CARTESIAN_POINT ( 'NONE',  ( 8.357469507425328459, 35.86855664828429724, 22.32104478744653164 ) ) ;
#4462 = EDGE_CURVE ( 'NONE', #854, #7227, #5258, .T. ) ;
#4463 = CARTESIAN_POINT ( 'NONE',  ( -1.045966620583724360, 12.59619054144262762, 8.000000000000000000 ) ) ;
#4464 = CARTESIAN_POINT ( 'NONE',  ( 2.308341416967036430, 33.75165378226158452, -9.043598091517251802 ) ) ;
#4465 = AXIS2_PLACEMENT_3D ( 'NONE', #2574, #5747, #2446 ) ;
#4466 = CARTESIAN_POINT ( 'NONE',  ( -3.608867157514732860, -10.32496896312098045, 0.000000000000000000 ) ) ;
#4467 = CARTESIAN_POINT ( 'NONE',  ( 11.36047427339668481, -4.622531273494424831, 0.000000000000000000 ) ) ;
#4468 = ADVANCED_FACE ( 'NONE', ( #7162 ), #2604, .T. ) ;
#4469 = ORIENTED_EDGE ( 'NONE', *, *, #7204, .T. ) ;
#4470 = CARTESIAN_POINT ( 'NONE',  ( -6.455308898419720443, -10.35164078446986302, 8.000000000000000000 ) ) ;
#4471 = ORIENTED_EDGE ( 'NONE', *, *, #886, .T. ) ;
#4472 = AXIS2_PLACEMENT_3D ( 'NONE', #5824, #3147, #3640 ) ;
#4473 = CARTESIAN_POINT ( 'NONE',  ( 9.442776183394540723, 5.916238915412332489, 0.000000000000000000 ) ) ;
#4474 = CARTESIAN_POINT ( 'NONE',  ( -8.704427730807687169, -6.622827502596317473, 0.000000000000000000 ) ) ;
#4475 = CARTESIAN_POINT ( 'NONE',  ( 7.708755603958690195, 29.49380770625485226, -13.00000000000000178 ) ) ;
#4476 = CARTESIAN_POINT ( 'NONE',  ( -6.974058449351345779, 49.73270047063778065, 24.15497710174620138 ) ) ;
#4477 = CARTESIAN_POINT ( 'NONE',  ( -12.31670401296924489, -2.895913797652550858, 0.000000000000000000 ) ) ;
#4478 = CARTESIAN_POINT ( 'NONE',  ( 13.50622083004036611, 2.577692551524272790, -5.204170427930421283E-15 ) ) ;
#4479 = CARTESIAN_POINT ( 'NONE',  ( 11.94884645308970406, 5.198761634262982767, 0.000000000000000000 ) ) ;
#4480 = CIRCLE ( 'NONE', #1384, 2.600000000000000089 ) ;
#4481 = CIRCLE ( 'NONE', #6879, 13.75000000000000000 ) ;
#4482 = CARTESIAN_POINT ( 'NONE',  ( -12.72257526253003945, -2.817469215210326450, 0.000000000000000000 ) ) ;
#4483 = CARTESIAN_POINT ( 'NONE',  ( -12.22597347346767549, -2.908682420983950134, 8.000000000000000000 ) ) ;
#4484 = CARTESIAN_POINT ( 'NONE',  ( 6.351556425912126436, 37.50207038724207109, -12.86667348457583593 ) ) ;
#4485 = CARTESIAN_POINT ( 'NONE',  ( 11.12353076645866956, 4.449236289362211494, 8.000000000000000000 ) ) ;
#4486 = CARTESIAN_POINT ( 'NONE',  ( 2.328435901529701813, 33.87852536460581376, 17.03467569924975322 ) ) ;
#4487 = VERTEX_POINT ( 'NONE', #3780 ) ;
#4488 = VECTOR ( 'NONE', #8112, 1000.000000000000000 ) ;
#4489 = CARTESIAN_POINT ( 'NONE',  ( -11.53698844606707041, 4.773939382172954993, 8.000000000000000000 ) ) ;
#4490 = CARTESIAN_POINT ( 'NONE',  ( 6.622827502596161153, 8.704427730807806185, 8.000000000000000000 ) ) ;
#4491 = CARTESIAN_POINT ( 'NONE',  ( 8.636712746112342742, 9.757522586729669101, 8.000000000000000000 ) ) ;
#4492 = ORIENTED_EDGE ( 'NONE', *, *, #950, .F. ) ;
#4493 = CARTESIAN_POINT ( 'NONE',  ( -5.836552422531232409, -12.43077374740202323, 8.000000000000000000 ) ) ;
#4494 = CARTESIAN_POINT ( 'NONE',  ( -4.144356524487704974, 56.46574633099010754, -14.18705913416912168 ) ) ;
#4495 = CARTESIAN_POINT ( 'NONE',  ( 11.87194576742587415, -0.7736152328231870046, -5.204170427930421283E-15 ) ) ;
#4496 = ORIENTED_EDGE ( 'NONE', *, *, #3877, .F. ) ;
#4497 = CARTESIAN_POINT ( 'NONE',  ( 1.447204694645796375, -13.27225220462997157, 8.000000000000000000 ) ) ;
#4498 = EDGE_CURVE ( 'NONE', #8042, #6455, #7290, .T. ) ;
#4499 = CARTESIAN_POINT ( 'NONE',  ( -10.32496896312094670, -3.608867157514845214, 0.000000000000000000 ) ) ;
#4500 = CARTESIAN_POINT ( 'NONE',  ( 13.50622083004042118, -2.577692551523988129, 8.000000000000000000 ) ) ;
#4501 = ORIENTED_EDGE ( 'NONE', *, *, #5496, .T. ) ;
#4502 = CARTESIAN_POINT ( 'NONE',  ( 10.23507608951711845, -6.418760976341251201, 0.000000000000000000 ) ) ;
#4503 = CARTESIAN_POINT ( 'NONE',  ( -11.12353076645870509, -4.449236289362134222, 0.000000000000000000 ) ) ;
#4504 = CARTESIAN_POINT ( 'NONE',  ( -6.588591420233394835, -11.01428446989504906, 8.000000000000000000 ) ) ;
#4505 = CARTESIAN_POINT ( 'NONE',  ( 6.611064424922912686, -11.22924223885644857, 0.000000000000000000 ) ) ;
#4506 = ADVANCED_FACE ( 'NONE', ( #4784 ), #8692, .T. ) ;
#4507 = FACE_BOUND ( 'NONE', #5418, .T. ) ;
#4508 = CARTESIAN_POINT ( 'NONE',  ( -1.722120468130896143, -13.64173013562592907, 0.000000000000000000 ) ) ;
#4509 = CARTESIAN_POINT ( 'NONE',  ( -4.210990906299821646, -10.70664486910373903, 0.000000000000000000 ) ) ;
#4510 = CARTESIAN_POINT ( 'NONE',  ( 12.56086153473514422, 28.72530962401347310, -8.338128017711085249 ) ) ;
#4511 = ADVANCED_FACE ( 'NONE', ( #1388 ), #6812, .T. ) ;
#4512 = ORIENTED_EDGE ( 'NONE', *, *, #6025, .F. ) ;
#4513 = CARTESIAN_POINT ( 'NONE',  ( 1.195724957047537229, -12.87548337994386038, 0.000000000000000000 ) ) ;
#4514 = CARTESIAN_POINT ( 'NONE',  ( -12.37227591337642707, 0.9420826277741136678, 8.000000000000000000 ) ) ;
#4515 = CARTESIAN_POINT ( 'NONE',  ( 10.81899503309348276, 6.560248542580196407, 8.000000000000000000 ) ) ;
#4516 = EDGE_CURVE ( 'NONE', #7351, #5707, #1296, .T. ) ;
#4517 = CARTESIAN_POINT ( 'NONE',  ( -9.801135538539446301, -8.743249532614916220, 0.000000000000000000 ) ) ;
#4518 = CARTESIAN_POINT ( 'NONE',  ( 8.636712746112342742, 9.757522586729669101, 0.000000000000000000 ) ) ;
#4519 = CARTESIAN_POINT ( 'NONE',  ( 12.78342018721905760, 1.143751547996604945, 8.000000000000000000 ) ) ;
#4520 = CARTESIAN_POINT ( 'NONE',  ( -12.51119373526726619, -2.862521721341807268, 0.000000000000000000 ) ) ;
#4521 = CARTESIAN_POINT ( 'NONE',  ( 11.71764203423208883, 2.941792002709162634, 8.000000000000000000 ) ) ;
#4522 = CARTESIAN_POINT ( 'NONE',  ( -9.411632514553499362, -10.02415449855993579, 8.000000000000000000 ) ) ;
#4523 = DIRECTION ( 'NONE',  ( -0.000000000000000000, -0.000000000000000000, 1.000000000000000000 ) ) ;
#4524 = B_SPLINE_SURFACE_WITH_KNOTS ( 'NONE', 3, 1, ( 
 ( #4795, #157 ),
 ( #1484, #2855 ),
 ( #7474, #4133 ),
 ( #6822, #4874 ),
 ( #7554, #7435 ),
 ( #6784, #730 ),
 ( #4219, #6120 ),
 ( #6910, #68 ),
 ( #858, #769 ),
 ( #3487, #6164 ),
 ( #114, #6418 ),
 ( #4300, #3821 ),
 ( #1657, #5002 ),
 ( #6503, #941 ),
 ( #3123, #7685 ) ),
 .UNSPECIFIED., .F., .F., .F.,
 ( 4, 1, 1, 1, 1, 1, 1, 1, 1, 1, 1, 1, 4 ),
 ( 2, 2 ),
 ( 0.3026108465693838068, 0.3056337100820685215, 0.3213711439921715929, 0.3378762576002502516, 0.3551490509065193812, 0.3731895239111665541, 0.3919976766143570268, 0.4115735090162354615, 0.4319170211169303109, 0.4530282129165571492, 0.4749070844152180060, 0.4975536356130058624, 0.5074316978669448641 ),
 ( 0.000000000000000000, 1.000000000000000000 ),
 .UNSPECIFIED. ) ;
#4525 = B_SPLINE_CURVE_WITH_KNOTS ( 'NONE', 3,
 ( #1992, #3368, #3930, #8579, #6090, #7361, #4678, #6619, #5417, #6704, #565, #7917, #4719, #2698, #8670, #655, #4582, #7402, #4062, #2607, #6046, #8091, #1902, #7268, #1317, #3277, #2651, #5951, #2077 ),
 .UNSPECIFIED., .F., .F.,
 ( 4, 1, 1, 1, 1, 1, 1, 1, 1, 1, 1, 1, 1, 1, 1, 1, 1, 1, 1, 1, 1, 1, 1, 1, 1, 1, 4 ),
 ( 0.000000000000000000, 0.1659160033276295965, 0.1709059215442318702, 0.1766635194393565977, 0.1831887970181514669, 0.1904817542841364120, 0.1985423912398269763, 0.2073707078870824227, 0.2169667042273148716, 0.2273303802616240543, 0.2384617359908808021, 0.2503607714157882191, 0.2630274865369212067, 0.2764618813547564669, 0.2906639558696927361, 0.3056337100820685215, 0.3213711439921715929, 0.3378762576002502516, 0.3551490509065193812, 0.3731895239111665541, 0.3919976766143570268, 0.4115735090162354615, 0.4319170211169303109, 0.4530282129165571492, 0.4749070844152180060, 0.4975536356130058624, 0.5074316978669444200 ),
 .UNSPECIFIED. ) ;
#4526 = CARTESIAN_POINT ( 'NONE',  ( 8.105411651555897379, -9.497099640846604629, 0.000000000000000000 ) ) ;
#4527 = CARTESIAN_POINT ( 'NONE',  ( 8.001036519028106753, 36.33966886808239138, -13.24515335993714160 ) ) ;
#4528 = CARTESIAN_POINT ( 'NONE',  ( -5.853360337646424938, 12.44189184801361847, 8.000000000000000000 ) ) ;
#4529 = CARTESIAN_POINT ( 'NONE',  ( 8.007991246536114716, 36.29917376958990616, -13.72979384010635684 ) ) ;
#4530 = ORIENTED_EDGE ( 'NONE', *, *, #7271, .T. ) ;
#4531 = CARTESIAN_POINT ( 'NONE',  ( -11.02139818175203878, 4.386616976970920234, 8.000000000000000000 ) ) ;
#4532 = DIRECTION ( 'NONE',  ( -0.6952987775432849515, 0.000000000000000000, -0.7187208150226439551 ) ) ;
#4533 = CARTESIAN_POINT ( 'NONE',  ( -9.928529331195889540, 9.094348737717218967, 0.000000000000000000 ) ) ;
#4534 = CARTESIAN_POINT ( 'NONE',  ( 10.02415449858199104, 9.411632514633907931, 8.000000000000000000 ) ) ;
#4535 = VERTEX_POINT ( 'NONE', #2800 ) ;
#4536 = CARTESIAN_POINT ( 'NONE',  ( -5.286606996006893766, -12.02324651265883482, 8.000000000000000000 ) ) ;
#4537 = CARTESIAN_POINT ( 'NONE',  ( -8.535381057717504660, -9.713655369616226665, 0.000000000000000000 ) ) ;
#4538 = CARTESIAN_POINT ( 'NONE',  ( 4.921910166035639911, 38.60958276014741841, 17.74998554533672745 ) ) ;
#4539 = ORIENTED_EDGE ( 'NONE', *, *, #4736, .T. ) ;
#4540 = CARTESIAN_POINT ( 'NONE',  ( -12.44755643926125188, -0.9751606640715865248, 0.000000000000000000 ) ) ;
#4541 = ORIENTED_EDGE ( 'NONE', *, *, #2576, .T. ) ;
#4542 = CARTESIAN_POINT ( 'NONE',  ( 11.60070094346930958, 4.833073392807783364, 0.000000000000000000 ) ) ;
#4543 = CARTESIAN_POINT ( 'NONE',  ( -11.41672744483950375, -4.668788839230902710, 0.000000000000000000 ) ) ;
#4544 = CARTESIAN_POINT ( 'NONE',  ( -4.507497455256107344, 11.20891349420032235, 0.000000000000000000 ) ) ;
#4545 = ADVANCED_FACE ( 'NONE', ( #6018 ), #1254, .T. ) ;
#4546 = ORIENTED_EDGE ( 'NONE', *, *, #6459, .F. ) ;
#4547 = DIRECTION ( 'NONE',  ( 0.9135454576426003115, 0.4067366430758019846, 0.000000000000000000 ) ) ;
#4548 = CARTESIAN_POINT ( 'NONE',  ( -11.16457150618547267, -4.476617511824087181, 8.000000000000000000 ) ) ;
#4549 = CARTESIAN_POINT ( 'NONE',  ( -11.11684438996336866, 0.7639867559470293612, 0.000000000000000000 ) ) ;
#4550 = CARTESIAN_POINT ( 'NONE',  ( 6.626136714284753815, -11.46368139467871572, 0.000000000000000000 ) ) ;
#4551 = LINE ( 'NONE', #1190, #1783 ) ;
#4552 = CARTESIAN_POINT ( 'NONE',  ( -11.80431640392016668, 5.038066446831146905, 0.000000000000000000 ) ) ;
#4553 = DIRECTION ( 'NONE',  ( 0.000000000000000000, 0.000000000000000000, 1.000000000000000000 ) ) ;
#4554 = B_SPLINE_CURVE_WITH_KNOTS ( 'NONE', 3,
 ( #1797, #5803, #7950, #1206, #419, #1888, #3961, #8469, #2547, #1934, #2460, #3868, #5135, #7301, #7817, #4483, #7169, #1122, #3830, #459, #7253, #1845, #499, #6551, #3213, #5893, #926, #5314, #3475 ),
 .UNSPECIFIED., .F., .F.,
 ( 4, 1, 1, 1, 1, 1, 1, 1, 1, 1, 1, 1, 1, 1, 1, 1, 1, 1, 1, 1, 1, 1, 1, 1, 1, 1, 4 ),
 ( 0.000000000000000000, 0.1659160033276295965, 0.1709059215442318702, 0.1766635194393565977, 0.1831887970181514669, 0.1904817542841364120, 0.1985423912398269763, 0.2073707078870824227, 0.2169667042273148716, 0.2273303802616240543, 0.2384617359908808021, 0.2503607714157882191, 0.2630274865369212067, 0.2764618813547564669, 0.2906639558696927361, 0.3056337100820685215, 0.3213711439921715929, 0.3378762576002502516, 0.3551490509065193812, 0.3731895239111665541, 0.3919976766143570268, 0.4115735090162354615, 0.4319170211169303109, 0.4530282129165571492, 0.4749070844152180060, 0.4975536356130058624, 0.5074316978669448641 ),
 .UNSPECIFIED. ) ;
#4555 = CARTESIAN_POINT ( 'NONE',  ( 7.577720000373771470, -9.126433365741073445, 8.000000000000000000 ) ) ;
#4556 = ORIENTED_EDGE ( 'NONE', *, *, #312, .T. ) ;
#4557 = CARTESIAN_POINT ( 'NONE',  ( 0.9123192481543054289, -12.30068812565076364, 0.000000000000000000 ) ) ;
#4558 = CARTESIAN_POINT ( 'NONE',  ( -12.60876818853259529, 1.051893166807116975, 8.000000000000000000 ) ) ;
#4559 = CARTESIAN_POINT ( 'NONE',  ( 11.34404188716879958, 6.619621129381319413, 0.000000000000000000 ) ) ;
#4560 = CARTESIAN_POINT ( 'NONE',  ( -9.582420452220571150, -8.262247439007857963, 8.000000000000000000 ) ) ;
#4561 = LINE ( 'NONE', #5304, #6174 ) ;
#4562 = DIRECTION ( 'NONE',  ( 0.7780644821457450844, 0.000000000000000000, 0.6281844168898761405 ) ) ;
#4563 = CARTESIAN_POINT ( 'NONE',  ( 9.175863790627152738, 7.634358818669958247, 0.000000000000000000 ) ) ;
#4564 = CARTESIAN_POINT ( 'NONE',  ( 12.05785317090581010, 2.927269694296203095, -5.204170427930421283E-15 ) ) ;
#4565 = CARTESIAN_POINT ( 'NONE',  ( 0.000000000000000000, 0.000000000000000000, 8.000000000000000000 ) ) ;
#4566 = ADVANCED_FACE ( 'NONE', ( #2222 ), #7968, .F. ) ;
#4567 = FACE_BOUND ( 'NONE', #8717, .T. ) ;
#4568 = CARTESIAN_POINT ( 'NONE',  ( 7.604022508570443151, -9.149886257342835449, 8.000000000000000000 ) ) ;
#4569 = CARTESIAN_POINT ( 'NONE',  ( 8.206754317511990138, 36.23367919129681525, -14.31243067100629140 ) ) ;
#4570 = CARTESIAN_POINT ( 'NONE',  ( 7.981465528399835918, 36.36923252136893581, -13.23999533954456531 ) ) ;
#4571 = CARTESIAN_POINT ( 'NONE',  ( -9.713655369616196467, 8.535381057717536635, 0.000000000000000000 ) ) ;
#4572 = EDGE_LOOP ( 'NONE', ( #7368, #7194, #2505, #1004 ) ) ;
#4573 = DIRECTION ( 'NONE',  ( 0.000000000000000000, 0.000000000000000000, 1.000000000000000000 ) ) ;
#4574 = CARTESIAN_POINT ( 'NONE',  ( 9.415217936710003954, -7.968244849358779192, 8.000000000000000000 ) ) ;
#4575 = EDGE_CURVE ( 'NONE', #832, #1065, #7021, .T. ) ;
#4576 = DIRECTION ( 'NONE',  ( -0.1564344650402313686, -0.9876883405951376593, 0.000000000000000000 ) ) ;
#4577 = CARTESIAN_POINT ( 'NONE',  ( 9.928529331195759866, 9.094348737717362852, 0.000000000000000000 ) ) ;
#4578 = ORIENTED_EDGE ( 'NONE', *, *, #45, .T. ) ;
#4579 = DIRECTION ( 'NONE',  ( -0.000000000000000000, -0.000000000000000000, -1.000000000000000000 ) ) ;
#4580 = CARTESIAN_POINT ( 'NONE',  ( 6.544354946388811989, -10.72875944066938914, 0.000000000000000000 ) ) ;
#4581 = CARTESIAN_POINT ( 'NONE',  ( 13.64173013562594505, -1.722120468130753590, 8.000000000000000000 ) ) ;
#4582 = CARTESIAN_POINT ( 'NONE',  ( -6.560248542580080056, 10.81899503309355737, 8.000000000000000000 ) ) ;
#4583 = ORIENTED_EDGE ( 'NONE', *, *, #2591, .F. ) ;
#4584 = CARTESIAN_POINT ( 'NONE',  ( 11.80431640392009029, 5.038066446831312106, 0.000000000000000000 ) ) ;
#4585 = CARTESIAN_POINT ( 'NONE',  ( 2.644734409371096717, -13.32045193209907907, 0.000000000000000000 ) ) ;
#4586 = CARTESIAN_POINT ( 'NONE',  ( -8.262247439007758487, -9.582420452220659968, 8.000000000000000000 ) ) ;
#4587 = ADVANCED_FACE ( 'NONE', ( #6238 ), #8193, .T. ) ;
#4588 = ORIENTED_EDGE ( 'NONE', *, *, #8600, .F. ) ;
#4589 = CARTESIAN_POINT ( 'NONE',  ( 6.510080463201210144, 10.56312374806402410, 0.000000000000000000 ) ) ;
#4590 = CARTESIAN_POINT ( 'NONE',  ( -13.06987279011081959, 2.724978029605164664, 0.000000000000000000 ) ) ;
#4591 = CARTESIAN_POINT ( 'NONE',  ( 12.44755643926126965, -0.9751606640714124419, 0.000000000000000000 ) ) ;
#4592 = CARTESIAN_POINT ( 'NONE',  ( -9.442776183394581579, -5.916238915412262322, 0.000000000000000000 ) ) ;
#4593 = CARTESIAN_POINT ( 'NONE',  ( 5.916238915412299626, -9.442776183394560263, 0.000000000000000000 ) ) ;
#4594 = DIRECTION ( 'NONE',  ( 1.000000000000000000, 0.000000000000000000, 0.000000000000000000 ) ) ;
#4595 = CARTESIAN_POINT ( 'NONE',  ( -11.08591166683803841, 4.425208852857752895, 0.000000000000000000 ) ) ;
#4596 = CARTESIAN_POINT ( 'NONE',  ( -9.411632514553499362, -10.02415449855993757, 0.000000000000000000 ) ) ;
#4597 = DIRECTION ( 'NONE',  ( -0.6049683311478915027, -0.2693492547302756557, 0.7493092133988346060 ) ) ;
#4598 = EDGE_LOOP ( 'NONE', ( #6231, #432, #5301, #6663 ) ) ;
#4599 = CARTESIAN_POINT ( 'NONE',  ( 0.6963551242057646196, -11.48389212362418377, 8.000000000000000000 ) ) ;
#4600 = CARTESIAN_POINT ( 'NONE',  ( -5.689930116769317259, 12.33100786788148540, 8.000000000000000000 ) ) ;
#4601 = ORIENTED_EDGE ( 'NONE', *, *, #4674, .T. ) ;
#4602 = CARTESIAN_POINT ( 'NONE',  ( 10.18403012388265516, 6.401038329814094929, 0.000000000000000000 ) ) ;
#4603 = CARTESIAN_POINT ( 'NONE',  ( -9.539420412438884611, -8.181339682156007598, 0.000000000000000000 ) ) ;
#4604 = CARTESIAN_POINT ( 'NONE',  ( 0.000000000000000000, 0.000000000000000000, 8.000000000000000000 ) ) ;
#4605 = AXIS2_PLACEMENT_3D ( 'NONE', #6243, #2888, #5166 ) ;
#4606 = CARTESIAN_POINT ( 'NONE',  ( 4.833073392807741619, -11.60070094346932734, 0.000000000000000000 ) ) ;
#4607 = ORIENTED_EDGE ( 'NONE', *, *, #6361, .F. ) ;
#4608 = DIRECTION ( 'NONE',  ( 0.1564344650402313686, 0.9876883405951376593, 0.000000000000000000 ) ) ;
#4609 = CARTESIAN_POINT ( 'NONE',  ( 12.83440038321936960, 2.790132082466765695, 8.000000000000000000 ) ) ;
#4610 = DIRECTION ( 'NONE',  ( -1.000000000000000000, 0.000000000000000000, 0.000000000000000000 ) ) ;
#4611 = ORIENTED_EDGE ( 'NONE', *, *, #6093, .T. ) ;
#4612 = AXIS2_PLACEMENT_3D ( 'NONE', #4729, #6230, #1505 ) ;
#4613 = CARTESIAN_POINT ( 'NONE',  ( -1.143751547996471052, -12.78342018721907358, 0.000000000000000000 ) ) ;
#4614 = CARTESIAN_POINT ( 'NONE',  ( 7.750629585191789239, -9.267416903471863421, 0.000000000000000000 ) ) ;
#4615 = CARTESIAN_POINT ( 'NONE',  ( 7.558949342541441574, 35.61509218347340777, -14.98366732312658911 ) ) ;
#4616 = CARTESIAN_POINT ( 'NONE',  ( -5.038066446831187761, 11.80431640392014359, 8.000000000000000000 ) ) ;
#4617 = CARTESIAN_POINT ( 'NONE',  ( -9.301941798724802979, 7.798144649837160713, 8.000000000000000000 ) ) ;
#4618 = VERTEX_POINT ( 'NONE', #4380 ) ;
#4619 = CARTESIAN_POINT ( 'NONE',  ( 11.61432090236923997, -2.938739567862257207, 8.000000000000000000 ) ) ;
#4620 = AXIS2_PLACEMENT_3D ( 'NONE', #3425, #710, #49 ) ;
#4621 = VECTOR ( 'NONE', #6791, 1000.000000000000000 ) ;
#4622 = ADVANCED_FACE ( 'NONE', ( #4863 ), #8636, .T. ) ;
#4623 = CARTESIAN_POINT ( 'NONE',  ( 10.02415449855997132, -9.411632514553458506, 8.000000000000000000 ) ) ;
#4624 = CARTESIAN_POINT ( 'NONE',  ( -9.126433365741155157, 7.577720000373671105, 0.000000000000000000 ) ) ;
#4625 = CARTESIAN_POINT ( 'NONE',  ( 12.83440038321936960, 2.790132082466765695, 0.000000000000000000 ) ) ;
#4626 = EDGE_CURVE ( 'NONE', #3199, #8395, #2666, .T. ) ;
#4627 = CARTESIAN_POINT ( 'NONE',  ( 9.415217936709831648, 7.968244849358985249, 0.000000000000000000 ) ) ;
#4628 = VECTOR ( 'NONE', #5612, 1000.000000000000114 ) ;
#4629 = CARTESIAN_POINT ( 'NONE',  ( -5.836552422531232409, -12.43077374740202323, 0.000000000000000000 ) ) ;
#4630 = CARTESIAN_POINT ( 'NONE',  ( 6.588591420233555596, -11.01428446989495669, 0.000000000000000000 ) ) ;
#4631 = CARTESIAN_POINT ( 'NONE',  ( 12.10906341627277527, -0.8412873393388760057, 8.000000000000000000 ) ) ;
#4632 = CARTESIAN_POINT ( 'NONE',  ( -12.31670401296926443, 2.895913797652461596, 0.000000000000000000 ) ) ;
#4633 = ORIENTED_EDGE ( 'NONE', *, *, #7846, .F. ) ;
#4634 = CARTESIAN_POINT ( 'NONE',  ( 11.12353076645866956, 4.449236289362211494, 0.000000000000000000 ) ) ;
#4635 = CARTESIAN_POINT ( 'NONE',  ( 2.487026500013279406, 35.33623014963297493, -18.76154079729224833 ) ) ;
#4636 = EDGE_CURVE ( 'NONE', #6653, #1892, #8129, .T. ) ;
#4637 = APPROVAL_PERSON_ORGANIZATION ( #7459, #7775, #177 ) ;
#4638 = B_SPLINE_CURVE_WITH_KNOTS ( 'NONE', 3,
 ( #1041, #8391, #6347, #5479, #1626, #7785, #8146, #6143, #2133, #4817, #1465, #5063, #4116, #3750, #299, #7744, #5100, #2383, #3672, #8307, #6431, #4154, #7657, #380, #3710, #5015, #3094, #5772, #1720 ),
 .UNSPECIFIED., .F., .F.,
 ( 4, 1, 1, 1, 1, 1, 1, 1, 1, 1, 1, 1, 1, 1, 1, 1, 1, 1, 1, 1, 1, 1, 1, 1, 1, 1, 4 ),
 ( 0.000000000000000000, 0.1659160033276295965, 0.1709059215442318702, 0.1766635194393565977, 0.1831887970181514669, 0.1904817542841364120, 0.1985423912398269763, 0.2073707078870824227, 0.2169667042273148716, 0.2273303802616240543, 0.2384617359908808021, 0.2503607714157882191, 0.2630274865369212067, 0.2764618813547564669, 0.2906639558696927361, 0.3056337100820685215, 0.3213711439921715929, 0.3378762576002502516, 0.3551490509065193812, 0.3731895239111665541, 0.3919976766143570268, 0.4115735090162354615, 0.4319170211169303109, 0.4530282129165571492, 0.4749070844152180060, 0.4975536356130058624, 0.5074316978669441980 ),
 .UNSPECIFIED. ) ;
#4639 = AXIS2_PLACEMENT_3D ( 'NONE', #5085, #6285, #3121 ) ;
#4640 = CARTESIAN_POINT ( 'NONE',  ( -7.152395453489296173, -8.544655887209740897, 8.000000000000000000 ) ) ;
#4641 = ORIENTED_EDGE ( 'NONE', *, *, #7957, .T. ) ;
#4642 = CARTESIAN_POINT ( 'NONE',  ( 10.09620455160493435, -6.367618434587465792, 0.000000000000000000 ) ) ;
#4643 = CARTESIAN_POINT ( 'NONE',  ( -12.22597347346769681, 2.908682420983862649, 0.000000000000000000 ) ) ;
#4644 = CARTESIAN_POINT ( 'NONE',  ( -12.69447357664507692, 1.095856395948356488, 0.000000000000000000 ) ) ;
#4645 = CIRCLE ( 'NONE', #109, 10.93750000000000178 ) ;
#4646 = CARTESIAN_POINT ( 'NONE',  ( -3.006586827551469110, 56.97231403734090094, 23.75194548007930351 ) ) ;
#4647 = CARTESIAN_POINT ( 'NONE',  ( 11.85123473191531041, 6.631537913675668250, 8.000000000000000000 ) ) ;
#4648 = CARTESIAN_POINT ( 'NONE',  ( 5.757631630915383880, 38.42903793801663426, -13.02894617025922841 ) ) ;
#4649 = B_SPLINE_SURFACE_WITH_KNOTS ( 'NONE', 3, 1, ( 
 ( #1540, #5461 ),
 ( #2120, #6874 ),
 ( #76, #1580 ),
 ( #4760, #125 ),
 ( #6957, #2821 ),
 ( #4844, #4181 ),
 ( #3620, #5548 ),
 ( #2075, #8174 ),
 ( #7443, #1411 ),
 ( #1450, #2773 ),
 ( #5507, #7482 ),
 ( #4104, #6792 ),
 ( #738, #4141 ),
 ( #776, #3495 ),
 ( #6173, #2161 ),
 ( #7522, #3541 ),
 ( #6219, #164 ),
 ( #2863, #8470 ),
 ( #3666, #7125 ),
 ( #6341, #1798 ),
 ( #7170, #294 ),
 ( #8302, #5094 ),
 ( #1076, #1754 ),
 ( #5804, #3087 ),
 ( #6426, #2954 ),
 ( #5767, #949 ),
 ( #2461, #7084 ),
 ( #2997, #5136 ),
 ( #5677, #7651 ) ),
 .UNSPECIFIED., .F., .F., .F.,
 ( 4, 1, 1, 1, 1, 1, 1, 1, 1, 1, 1, 1, 1, 1, 1, 1, 1, 1, 1, 1, 1, 1, 1, 1, 1, 1, 4 ),
 ( 2, 2 ),
 ( 0.4925683021194528499, 0.5024463643869940821, 0.5250929155847819940, 0.5469717870834428508, 0.5680829788830696891, 0.5884264909837645385, 0.6080023233856429732, 0.6268104760888334459, 0.6448509490934806188, 0.6621237423997496929, 0.6786288560078284071, 0.6943662899179314785, 0.7093360441303072639, 0.7235381186452435331, 0.7369725134630787933, 0.7496392285842117253, 0.7615382640091191702, 0.7726696197383760012, 0.7830332957726851006, 0.7926292921129175495, 0.8014576087601730237, 0.8095182457158636158, 0.8168112029818485054, 0.8233364805606433467, 0.8290940784557681020, 0.8340839966723704313, 1.000000000000000000 ),
 ( 0.000000000000000000, 1.000000000000000000 ),
 .UNSPECIFIED. ) ;
#4650 = CARTESIAN_POINT ( 'NONE',  ( 13.64173013562594505, -1.722120468130754700, 8.000000000000000000 ) ) ;
#4651 = CARTESIAN_POINT ( 'NONE',  ( -9.392211555323777716, -10.01877448793499248, 0.000000000000000000 ) ) ;
#4652 = CARTESIAN_POINT ( 'NONE',  ( 7.750629585191789239, -9.267416903471863421, 8.000000000000000000 ) ) ;
#4653 = CARTESIAN_POINT ( 'NONE',  ( 1.095856395948400897, -12.69447357664507514, 0.000000000000000000 ) ) ;
#4654 = CARTESIAN_POINT ( 'NONE',  ( -5.581155335976941245, 12.25290083038837352, 8.000000000000000000 ) ) ;
#4655 = CARTESIAN_POINT ( 'NONE',  ( 10.18403012388265516, 6.401038329814094929, 8.000000000000000000 ) ) ;
#4656 = DIRECTION ( 'NONE',  ( -1.000000000000000000, 0.000000000000000000, 0.000000000000000000 ) ) ;
#4657 = CARTESIAN_POINT ( 'NONE',  ( 11.49488719732981679, 2.929367628693892112, 8.000000000000000000 ) ) ;
#4658 = CARTESIAN_POINT ( 'NONE',  ( 10.93483029503508774, -0.2416457505996495170, 8.000000000000000000 ) ) ;
#4659 = CARTESIAN_POINT ( 'NONE',  ( -11.98057174878962172, -2.933454507433609137, 0.000000000000000000 ) ) ;
#4660 = FACE_OUTER_BOUND ( 'NONE', #1524, .T. ) ;
#4661 = CARTESIAN_POINT ( 'NONE',  ( 0.000000000000000000, 0.000000000000000000, 0.000000000000000000 ) ) ;
#4662 = ORIENTED_EDGE ( 'NONE', *, *, #6052, .T. ) ;
#4663 = EDGE_CURVE ( 'NONE', #1053, #7507, #5092, .T. ) ;
#4664 = DIRECTION ( 'NONE',  ( 1.000000000000000000, 0.000000000000000000, -0.000000000000000000 ) ) ;
#4665 = CARTESIAN_POINT ( 'NONE',  ( 2.940710835118548250, -11.66361783702273947, 8.000000000000000000 ) ) ;
#4666 = CARTESIAN_POINT ( 'NONE',  ( 7.399840361428404734, 35.76245888195612110, -15.05164552937521272 ) ) ;
#4667 = CARTESIAN_POINT ( 'NONE',  ( -4.719217338362222236, 11.47561408673059624, 8.000000000000000000 ) ) ;
#4668 = CARTESIAN_POINT ( 'NONE',  ( -9.497099640846695223, 8.105411651555796126, 0.000000000000000000 ) ) ;
#4669 = VERTEX_POINT ( 'NONE', #1548 ) ;
#4670 = CARTESIAN_POINT ( 'NONE',  ( -2.934419862191914863, 57.00444484045064542, -12.68844070737145202 ) ) ;
#4671 = CARTESIAN_POINT ( 'NONE',  ( 13.37787302532243849, 1.521639563755555313, 0.000000000000000000 ) ) ;
#4672 = CARTESIAN_POINT ( 'NONE',  ( -9.669723885497008453, 8.439220299577034012, 0.000000000000000000 ) ) ;
#4673 = CARTESIAN_POINT ( 'NONE',  ( 9.301941798724689292, 7.798144649837294828, 8.000000000000000000 ) ) ;
#4674 = EDGE_CURVE ( 'NONE', #1587, #2535, #5178, .T. ) ;
#4675 = CARTESIAN_POINT ( 'NONE',  ( -9.455639197970723941, -8.034402175150797021, 0.000000000000000000 ) ) ;
#4676 = CARTESIAN_POINT ( 'NONE',  ( -9.411632514553501139, -10.02415449855993757, 0.000000000000000000 ) ) ;
#4677 = CARTESIAN_POINT ( 'NONE',  ( 12.78342018721908602, -1.143751547996336937, -5.204170427930421283E-15 ) ) ;
#4678 = CARTESIAN_POINT ( 'NONE',  ( -6.383929952666185237, 10.13775510802967972, 8.000000000000000000 ) ) ;
#4679 = ORIENTED_EDGE ( 'NONE', *, *, #2903, .F. ) ;
#4680 = CARTESIAN_POINT ( 'NONE',  ( 11.47561408673054473, 4.719217338362343028, 0.000000000000000000 ) ) ;
#4681 = CARTESIAN_POINT ( 'NONE',  ( 13.19332579941580974, -2.686824890852600678, 0.000000000000000000 ) ) ;
#4682 = CARTESIAN_POINT ( 'NONE',  ( -7.750629585191656012, -9.267416903471977108, 8.000000000000000000 ) ) ;
#4683 = B_SPLINE_CURVE_WITH_KNOTS ( 'NONE', 3,
 ( #113, #2941, #5046, #3698, #6377, #6249, #7684, #3031, #3736, #3656, #857, #7600, #6333, #365, #8293, #2235, #2282, #5579, #5086, #5628, #8246, #6417, #940, #4390, #2410, #286, #1528, #2988, #2893 ),
 .UNSPECIFIED., .F., .F.,
 ( 4, 1, 1, 1, 1, 1, 1, 1, 1, 1, 1, 1, 1, 1, 1, 1, 1, 1, 1, 1, 1, 1, 1, 1, 1, 1, 4 ),
 ( 0.000000000000000000, 0.1659160033276295687, 0.1709059215442318980, 0.1766635194393566533, 0.1831887970181514946, 0.1904817542841363842, 0.1985423912398269763, 0.2073707078870824505, 0.2169667042273148994, 0.2273303802616239988, 0.2384617359908808298, 0.2503607714157882747, 0.2630274865369212067, 0.2764618813547564669, 0.2906639558696927361, 0.3056337100820685215, 0.3213711439921715929, 0.3378762576002503071, 0.3551490509065193812, 0.3731895239111665541, 0.3919976766143570268, 0.4115735090162354615, 0.4319170211169303109, 0.4530282129165571492, 0.4749070844152180060, 0.4975536356130059734, 0.5074316978669453082 ),
 .UNSPECIFIED. ) ;
#4684 = EDGE_CURVE ( 'NONE', #7507, #4827, #6461, .T. ) ;
#4685 = ORIENTED_EDGE ( 'NONE', *, *, #8439, .F. ) ;
#4686 = CARTESIAN_POINT ( 'NONE',  ( 6.626136714284503348, 11.46368139467886316, 0.000000000000000000 ) ) ;
#4687 = CARTESIAN_POINT ( 'NONE',  ( -11.71764203423213324, 2.941792002708998321, 8.000000000000000000 ) ) ;
#4688 = CARTESIAN_POINT ( 'NONE',  ( 12.16898868378442522, -0.8620871873791016160, 0.000000000000000000 ) ) ;
#4689 = LINE ( 'NONE', #330, #7425 ) ;
#4690 = CARTESIAN_POINT ( 'NONE',  ( -11.01428446989502596, 6.588591420233433027, 8.000000000000000000 ) ) ;
#4691 = CYLINDRICAL_SURFACE ( 'NONE', #1359, 1.000000000000001332 ) ;
#4692 = CARTESIAN_POINT ( 'NONE',  ( 6.632284204934521199, -11.71732392095618458, 8.000000000000000000 ) ) ;
#4693 = CARTESIAN_POINT ( 'NONE',  ( -7.668835209822958632, -9.204216794247617628, 0.000000000000000000 ) ) ;
#4694 = PERSON_AND_ORGANIZATION ( #7465, #6602 ) ;
#4695 = ORIENTED_EDGE ( 'NONE', *, *, #4950, .T. ) ;
#4696 = CARTESIAN_POINT ( 'NONE',  ( 0.8231400688185612768, -12.05320353502385977, 0.000000000000000000 ) ) ;
#4697 = CARTESIAN_POINT ( 'NONE',  ( -4.833073392807659907, 11.60070094346936287, 8.000000000000000000 ) ) ;
#4698 = DIRECTION ( 'NONE',  ( -0.000000000000000000, -0.000000000000000000, -1.000000000000000000 ) ) ;
#4699 = DIRECTION ( 'NONE',  ( 0.6798797886080296671, -0.1076823798066468690, -0.7253743710122917410 ) ) ;
#4700 = PLANE ( 'NONE',  #2657 ) ;
#4701 = CARTESIAN_POINT ( 'NONE',  ( 4.507497455256186392, -11.20891349420028860, 0.000000000000000000 ) ) ;
#4702 = CARTESIAN_POINT ( 'NONE',  ( -12.04862852623660174, 6.625183064395858246, 0.000000000000000000 ) ) ;
#4703 = CARTESIAN_POINT ( 'NONE',  ( -9.699971161946981724, -6.186699299581489342, 0.000000000000000000 ) ) ;
#4704 = DIRECTION ( 'NONE',  ( 0.000000000000000000, -0.000000000000000000, -1.000000000000000000 ) ) ;
#4705 = VERTEX_POINT ( 'NONE', #2912 ) ;
#4706 = CARTESIAN_POINT ( 'NONE',  ( -0.7941151212463513076, -11.95399604505280600, 0.000000000000000000 ) ) ;
#4707 = CARTESIAN_POINT ( 'NONE',  ( 7.311593479195715339, 35.84034086526477836, -15.09059540644586050 ) ) ;
#4708 = CARTESIAN_POINT ( 'NONE',  ( 11.34404188716894524, -6.619621129381070723, 8.000000000000000000 ) ) ;
#4709 = CARTESIAN_POINT ( 'NONE',  ( -9.928529331195889540, 9.094348737717218967, 0.000000000000000000 ) ) ;
#4710 = ORIENTED_EDGE ( 'NONE', *, *, #8310, .F. ) ;
#4711 = CARTESIAN_POINT ( 'NONE',  ( 8.704427730807783092, -6.622827502596192240, 8.000000000000000000 ) ) ;
#4712 = CARTESIAN_POINT ( 'NONE',  ( 13.48577048812302337, 1.600954125871069111, 0.000000000000000000 ) ) ;
#4713 = CARTESIAN_POINT ( 'NONE',  ( -9.204216794247592759, 7.668835209822990606, 0.000000000000000000 ) ) ;
#4714 = CARTESIAN_POINT ( 'NONE',  ( 9.582420452220510754, 8.262247439007929017, 8.000000000000000000 ) ) ;
#4715 = CARTESIAN_POINT ( 'NONE',  ( -1.195724957047537451, -12.87548337994386038, 8.000000000000000000 ) ) ;
#4716 = CARTESIAN_POINT ( 'NONE',  ( 6.626136714284753815, -11.46368139467871572, 0.000000000000000000 ) ) ;
#4717 = DIRECTION ( 'NONE',  ( -1.000000000000000000, 0.000000000000000000, 0.000000000000000000 ) ) ;
#4718 = VERTEX_POINT ( 'NONE', #5597 ) ;
#4719 = CARTESIAN_POINT ( 'NONE',  ( -6.492081297254468808, 10.48771353560523600, 8.000000000000000000 ) ) ;
#4720 = VERTEX_POINT ( 'NONE', #3828 ) ;
#4721 = CIRCLE ( 'NONE', #904, 13.75000000000000000 ) ;
#4722 = CARTESIAN_POINT ( 'NONE',  ( 11.56976343863538759, -2.936066220363934054, 0.000000000000000000 ) ) ;
#4723 = CARTESIAN_POINT ( 'NONE',  ( -8.105411651555762376, -9.497099640846727198, 8.000000000000000000 ) ) ;
#4724 = CIRCLE ( 'NONE', #4303, 2.000000000000000888 ) ;
#4725 = ORIENTED_EDGE ( 'NONE', *, *, #2374, .F. ) ;
#4726 = CARTESIAN_POINT ( 'NONE',  ( -6.611064424922749261, -11.22924223885654627, 0.000000000000000000 ) ) ;
#4727 = CARTESIAN_POINT ( 'NONE',  ( -11.56976343863536982, 2.936066220364013102, 0.000000000000000000 ) ) ;
#4728 = CARTESIAN_POINT ( 'NONE',  ( -13.37787302532245981, 1.521639563755368352, 0.000000000000000000 ) ) ;
#4729 = CARTESIAN_POINT ( 'NONE',  ( 0.000000000000000000, 0.000000000000000000, 8.000000000000000000 ) ) ;
#4730 = CARTESIAN_POINT ( 'NONE',  ( 11.05183112916334487, -4.404384806714015888, 0.000000000000000000 ) ) ;
#4731 = CARTESIAN_POINT ( 'NONE',  ( -6.436913140481723694, 10.29093438073245714, 0.000000000000000000 ) ) ;
#4732 = CARTESIAN_POINT ( 'NONE',  ( 7.708755603958690195, 29.49380770625485226, -13.00000000000000178 ) ) ;
#4733 = CARTESIAN_POINT ( 'NONE',  ( -8.972047302895360232, -9.886832010614828192, 8.000000000000000000 ) ) ;
#4734 = CARTESIAN_POINT ( 'NONE',  ( -9.094348737717258047, 9.928529331195861118, 8.000000000000000000 ) ) ;
#4735 = CARTESIAN_POINT ( 'NONE',  ( -4.449236289362094254, 11.12353076645872108, 8.000000000000000000 ) ) ;
#4736 = EDGE_CURVE ( 'NONE', #2580, #2551, #3211, .T. ) ;
#4737 = CARTESIAN_POINT ( 'NONE',  ( 11.85123473191531041, 6.631537913675668250, 8.000000000000000000 ) ) ;
#4738 = CARTESIAN_POINT ( 'NONE',  ( 0.000000000000000000, 0.000000000000000000, 0.000000000000000000 ) ) ;
#4739 = CARTESIAN_POINT ( 'NONE',  ( 7.134335139311035690, 35.99451049779312939, 23.16956715467163974 ) ) ;
#4740 = CARTESIAN_POINT ( 'NONE',  ( 4.542018187747301816, -11.25643158326919746, 0.000000000000000000 ) ) ;
#4741 = ORIENTED_EDGE ( 'NONE', *, *, #1455, .F. ) ;
#4742 = EDGE_CURVE ( 'NONE', #4890, #350, #8509, .T. ) ;
#4743 = CARTESIAN_POINT ( 'NONE',  ( -9.411632514553570417, 10.02415449855987006, 0.000000000000000000 ) ) ;
#4744 = VECTOR ( 'NONE', #3490, 999.9999999999998863 ) ;
#4745 = CARTESIAN_POINT ( 'NONE',  ( -10.81899503309353072, -6.560248542580116471, 8.000000000000000000 ) ) ;
#4746 = CARTESIAN_POINT ( 'NONE',  ( 9.392211555323701333, 10.01877448793506176, 8.000000000000000000 ) ) ;
#4747 = ORIENTED_EDGE ( 'NONE', *, *, #7614, .F. ) ;
#4748 = CARTESIAN_POINT ( 'NONE',  ( -0.8857088747961671116, -12.23289380645680424, 8.000000000000000000 ) ) ;
#4749 = VECTOR ( 'NONE', #1106, 1000.000000000000000 ) ;
#4750 = CARTESIAN_POINT ( 'NONE',  ( -1.095856395948400897, 12.69447357664507514, 0.000000000000000000 ) ) ;
#4751 = CARTESIAN_POINT ( 'NONE',  ( 10.35164078446988967, -6.455308898419679586, 0.000000000000000000 ) ) ;
#4752 = FACE_OUTER_BOUND ( 'NONE', #8216, .T. ) ;
#4753 = VERTEX_POINT ( 'NONE', #6264 ) ;
#4754 = CARTESIAN_POINT ( 'NONE',  ( 9.376012365377921043, -7.906868104073965675, 0.000000000000000000 ) ) ;
#4755 = CARTESIAN_POINT ( 'NONE',  ( -6.231836464888890426, 8.988499347771085723, 8.000000000000000000 ) ) ;
#4756 = CARTESIAN_POINT ( 'NONE',  ( 1.782625560387878449, 30.43241449649624997, 26.69378740028921015 ) ) ;
#4757 = AXIS2_PLACEMENT_3D ( 'NONE', #8583, #3326, #5287 ) ;
#4758 = CARTESIAN_POINT ( 'NONE',  ( 2.199039207289719133, 34.71159625576959940, -8.819567972350961682 ) ) ;
#4759 = DIRECTION ( 'NONE',  ( -0.3090169943749515036, 0.9510565162951521989, 0.000000000000000000 ) ) ;
#4760 = CARTESIAN_POINT ( 'NONE',  ( 5.689930116769404300, -12.33100786788144276, 8.000000000000000000 ) ) ;
#4761 = CARTESIAN_POINT ( 'NONE',  ( -2.577692551524032094, -13.50622083004040697, 8.000000000000000000 ) ) ;
#4762 = CARTESIAN_POINT ( 'NONE',  ( -11.90787246215810669, 2.937812879663815657, 0.000000000000000000 ) ) ;
#4763 = ORIENTED_EDGE ( 'NONE', *, *, #4297, .F. ) ;
#4764 = VECTOR ( 'NONE', #2366, 1000.000000000000000 ) ;
#4765 = CARTESIAN_POINT ( 'NONE',  ( 11.77637575328573050, -2.941794575437159498, 0.000000000000000000 ) ) ;
#4766 = CARTESIAN_POINT ( 'NONE',  ( -8.636712746112417349, -9.757522586729606928, 8.000000000000000000 ) ) ;
#4767 = AXIS2_PLACEMENT_3D ( 'NONE', #4071, #7325, #3285 ) ;
#4768 = ORIENTED_EDGE ( 'NONE', *, *, #7315, .F. ) ;
#4769 = CARTESIAN_POINT ( 'NONE',  ( -6.588591420233394835, -11.01428446989504906, 0.000000000000000000 ) ) ;
#4770 = CARTESIAN_POINT ( 'NONE',  ( -11.49488719732985942, 2.929367628693729575, 8.000000000000000000 ) ) ;
#4771 = EDGE_CURVE ( 'NONE', #205, #4443, #7206, .T. ) ;
#4772 = CARTESIAN_POINT ( 'NONE',  ( 10.02415449855976703, 9.411632514553680551, 8.000000000000000000 ) ) ;
#4773 = CARTESIAN_POINT ( 'NONE',  ( 8.387575953296583009, 35.74237047083021679, -13.28480543190227081 ) ) ;
#4774 = CARTESIAN_POINT ( 'NONE',  ( -11.58812316373725260, 6.630420918280079512, 8.000000000000000000 ) ) ;
#4775 = CARTESIAN_POINT ( 'NONE',  ( 6.283570309648970564, 38.33866514429666239, -13.42108655085110236 ) ) ;
#4776 = CARTESIAN_POINT ( 'NONE',  ( 4.914015522378939238, 11.68378651401576995, 8.000000000000000000 ) ) ;
#4777 = CARTESIAN_POINT ( 'NONE',  ( -7.850195268865117093, -9.338196514606250886, 8.000000000000000000 ) ) ;
#4778 = APPLICATION_PROTOCOL_DEFINITION ( 'international standard', 'config_control_design', 1994, #1545 ) ;
#4779 = VERTEX_POINT ( 'NONE', #3084 ) ;
#4780 = CARTESIAN_POINT ( 'NONE',  ( -6.619621129381195956, 11.34404188716887596, 0.000000000000000000 ) ) ;
#4781 = CARTESIAN_POINT ( 'NONE',  ( -4.668788839230860965, 11.41672744483952151, 8.000000000000000000 ) ) ;
#4782 = EDGE_CURVE ( 'NONE', #6440, #3498, #1137, .T. ) ;
#4783 = CARTESIAN_POINT ( 'NONE',  ( 11.08591166683806684, -4.425208852857677400, 8.000000000000000000 ) ) ;
#4784 = FACE_OUTER_BOUND ( 'NONE', #2394, .T. ) ;
#4785 = CARTESIAN_POINT ( 'NONE',  ( 7.429270909351497920, 35.73623754496662741, 23.03873577199398071 ) ) ;
#4786 = CARTESIAN_POINT ( 'NONE',  ( 4.965029436117591288, -11.73452356626236792, 0.000000000000000000 ) ) ;
#4787 = CARTESIAN_POINT ( 'NONE',  ( -7.906868104074071368, 9.376012365377837554, 0.000000000000000000 ) ) ;
#4788 = DIRECTION ( 'NONE',  ( 0.6049683311478916137, 0.2693492547302754336, 0.7493092133988346060 ) ) ;
#4789 = EDGE_CURVE ( 'NONE', #7703, #275, #1235, .T. ) ;
#4790 = FACE_OUTER_BOUND ( 'NONE', #6075, .T. ) ;
#4791 = CARTESIAN_POINT ( 'NONE',  ( -2.724978029605114482, -13.06987279011082848, 0.000000000000000000 ) ) ;
#4792 = EDGE_CURVE ( 'NONE', #3323, #6639, #4889, .T. ) ;
#4793 = CARTESIAN_POINT ( 'NONE',  ( -10.32496896312094670, -3.608867157514845214, 8.000000000000000000 ) ) ;
#4794 = CARTESIAN_POINT ( 'NONE',  ( 9.442776183394496314, -5.916238915411951460, 0.000000000000000000 ) ) ;
#4795 = CARTESIAN_POINT ( 'NONE',  ( 4.882899925659138773, 11.65205713765565321, 8.000000000000000000 ) ) ;
#4796 = ORIENTED_EDGE ( 'NONE', *, *, #7767, .F. ) ;
#4797 = DIRECTION ( 'NONE',  ( 0.000000000000000000, 0.000000000000000000, -1.000000000000000000 ) ) ;
#4798 = DIRECTION ( 'NONE',  ( 0.000000000000000000, 0.000000000000000000, -1.000000000000000000 ) ) ;
#4799 = CARTESIAN_POINT ( 'NONE',  ( 8.393073352340762128, 35.72926466476512530, -13.28426016496259088 ) ) ;
#4800 = EDGE_CURVE ( 'NONE', #7937, #4618, #5993, .T. ) ;
#4801 = CARTESIAN_POINT ( 'NONE',  ( -11.11684438996336866, 0.7639867559470293612, 8.000000000000000000 ) ) ;
#4802 = CARTESIAN_POINT ( 'NONE',  ( -1.143751547996471052, -12.78342018721907358, 8.000000000000000000 ) ) ;
#4803 = CARTESIAN_POINT ( 'NONE',  ( 10.32496896312099111, -3.608867157514701773, 8.000000000000000000 ) ) ;
#4804 = DIRECTION ( 'NONE',  ( 0.000000000000000000, 0.000000000000000000, 1.000000000000000000 ) ) ;
#4805 = CARTESIAN_POINT ( 'NONE',  ( 12.10906341627277527, -0.8412873393388760057, 8.000000000000000000 ) ) ;
#4806 = ORIENTED_EDGE ( 'NONE', *, *, #511, .F. ) ;
#4807 = CARTESIAN_POINT ( 'NONE',  ( 12.05785317090581010, 2.927269694296203095, 0.000000000000000000 ) ) ;
#4808 = CARTESIAN_POINT ( 'NONE',  ( 11.98057174878966080, -2.933454507433441716, 0.000000000000000000 ) ) ;
#4809 = CARTESIAN_POINT ( 'NONE',  ( -11.41672744483953394, 4.668788839230820109, 8.000000000000000000 ) ) ;
#4810 = ORIENTED_EDGE ( 'NONE', *, *, #3188, .F. ) ;
#4811 = CARTESIAN_POINT ( 'NONE',  ( -10.47431425022858065, -3.149229626028969165, 8.000000000000000000 ) ) ;
#4812 = LINE ( 'NONE', #2872, #1673 ) ;
#4813 = CARTESIAN_POINT ( 'NONE',  ( 9.625916629980634909, 8.348190801685314355, 8.000000000000000000 ) ) ;
#4814 = CARTESIAN_POINT ( 'NONE',  ( -2.724978029605210850, 13.06987279011081071, 8.000000000000000000 ) ) ;
#4815 = ORIENTED_EDGE ( 'NONE', *, *, #5384, .T. ) ;
#4816 = CARTESIAN_POINT ( 'NONE',  ( 12.33100786788154224, -5.689930116769189361, 0.000000000000000000 ) ) ;
#4817 = CARTESIAN_POINT ( 'NONE',  ( -2.941794575437281178, 11.77637575328570385, 0.000000000000000000 ) ) ;
#4818 = FACE_OUTER_BOUND ( 'NONE', #8436, .T. ) ;
#4819 = CARTESIAN_POINT ( 'NONE',  ( 11.66361783702278920, -2.940710835118343969, 8.000000000000000000 ) ) ;
#4820 = EDGE_LOOP ( 'NONE', ( #185, #3137, #7362, #1049 ) ) ;
#4821 = CARTESIAN_POINT ( 'NONE',  ( -6.600657436018151358, 11.11931436071735746, 8.000000000000000000 ) ) ;
#4822 = CARTESIAN_POINT ( 'NONE',  ( -4.386616976970960202, 11.02139818175202279, 0.000000000000000000 ) ) ;
#4823 = CARTESIAN_POINT ( 'NONE',  ( 2.886444749237149221, -11.13701600410300507, 8.000000000000000000 ) ) ;
#4824 = CARTESIAN_POINT ( 'NONE',  ( -2.790132082466630692, 12.83440038321940335, 0.000000000000000000 ) ) ;
#4825 = CARTESIAN_POINT ( 'NONE',  ( 12.83440038321936960, 2.790132082466765695, 8.000000000000000000 ) ) ;
#4826 = CARTESIAN_POINT ( 'NONE',  ( -11.91079326901028779, -0.7828886122849891827, 8.000000000000000000 ) ) ;
#4827 = VERTEX_POINT ( 'NONE', #6549 ) ;
#4828 = CARTESIAN_POINT ( 'NONE',  ( -13.42510299664338724, -2.607747690747107772, 0.000000000000000000 ) ) ;
#4829 = CARTESIAN_POINT ( 'NONE',  ( -10.09620455160484020, -6.367618434587611453, 8.000000000000000000 ) ) ;
#4830 = CARTESIAN_POINT ( 'NONE',  ( 7.707558585906747695, 9.234787594130889232, -5.204170427930421283E-15 ) ) ;
#4831 = ORIENTED_EDGE ( 'NONE', *, *, #5651, .T. ) ;
#4832 = CARTESIAN_POINT ( 'NONE',  ( -6.600657436018073199, -11.11931436071740187, 0.000000000000000000 ) ) ;
#4833 = CARTESIAN_POINT ( 'NONE',  ( -1.143751547996471052, 12.78342018721907003, 0.000000000000000000 ) ) ;
#4834 = CARTESIAN_POINT ( 'NONE',  ( 10.72875944066950993, -6.544354946388615701, 8.000000000000000000 ) ) ;
#4835 = FACE_OUTER_BOUND ( 'NONE', #3524, .T. ) ;
#4836 = CARTESIAN_POINT ( 'NONE',  ( 6.401038329813834693, 10.18403012388281681, 8.000000000000000000 ) ) ;
#4837 = DIRECTION ( 'NONE',  ( -1.000000000000000000, 0.000000000000000000, 0.000000000000000000 ) ) ;
#4838 = DIRECTION ( 'NONE',  ( 0.000000000000000000, 0.000000000000000000, 1.000000000000000000 ) ) ;
#4839 = CARTESIAN_POINT ( 'NONE',  ( 6.492081297254316041, 10.48771353560532837, 8.000000000000000000 ) ) ;
#4840 = ADVANCED_FACE ( 'NONE', ( #4567, #1205 ), #1978, .F. ) ;
#4841 = B_SPLINE_CURVE_WITH_KNOTS ( 'NONE', 3,
 ( #2939, #8292, #3655, #1612, #4298, #6989, #285, #2987, #8334, #4999, #1245, #7985, #630, #5836, #3903, #3858, #540, #7161, #3253, #1112, #6640, #6501, #3298, #3952, #7243, #5257, #3159, #5973, #2625 ),
 .UNSPECIFIED., .F., .F.,
 ( 4, 1, 1, 1, 1, 1, 1, 1, 1, 1, 1, 1, 1, 1, 1, 1, 1, 1, 1, 1, 1, 1, 1, 1, 1, 1, 4 ),
 ( 0.4925683021330551914, 0.5024463643869940821, 0.5250929155847819940, 0.5469717870834428508, 0.5680829788830696891, 0.5884264909837645385, 0.6080023233856429732, 0.6268104760888334459, 0.6448509490934806188, 0.6621237423997496929, 0.6786288560078284071, 0.6943662899179314785, 0.7093360441303072639, 0.7235381186452435331, 0.7369725134630787933, 0.7496392285842117253, 0.7615382640091191702, 0.7726696197383760012, 0.7830332957726851006, 0.7926292921129175495, 0.8014576087601730237, 0.8095182457158636158, 0.8168112029818485054, 0.8233364805606433467, 0.8290940784557681020, 0.8340839966723704313, 1.000000000000000000 ),
 .UNSPECIFIED. ) ;
#4842 = CARTESIAN_POINT ( 'NONE',  ( -1.521639563755414981, -13.37787302532245448, 0.000000000000000000 ) ) ;
#4843 = CARTESIAN_POINT ( 'NONE',  ( -1.377525651863733547, -13.16905850672525169, 8.000000000000000000 ) ) ;
#4844 = CARTESIAN_POINT ( 'NONE',  ( 5.477724940116941887, -12.17545110014125243, 8.000000000000000000 ) ) ;
#4845 = CARTESIAN_POINT ( 'NONE',  ( -2.941794575437194581, -11.77637575328572161, 8.000000000000000000 ) ) ;
#4846 = LINE ( 'NONE', #7565, #4214 ) ;
#4847 = ORIENTED_EDGE ( 'NONE', *, *, #5117, .F. ) ;
#4848 = ADVANCED_FACE ( 'NONE', ( #1933, #25, #8701 ), #2723, .T. ) ;
#4849 = DIRECTION ( 'NONE',  ( -0.000000000000000000, 0.000000000000000000, -1.000000000000000000 ) ) ;
#4850 = CARTESIAN_POINT ( 'NONE',  ( -11.12353076645873706, 4.449236289362055174, 0.000000000000000000 ) ) ;
#4851 = ORIENTED_EDGE ( 'NONE', *, *, #4942, .F. ) ;
#4852 = CARTESIAN_POINT ( 'NONE',  ( -6.186699299581391642, -9.699971161947047449, 0.000000000000000000 ) ) ;
#4853 = CARTESIAN_POINT ( 'NONE',  ( -10.80883218877869822, 2.708699257713678143, 0.000000000000000000 ) ) ;
#4854 = CARTESIAN_POINT ( 'NONE',  ( -9.497099640846636603, -8.105411651555860075, 8.000000000000000000 ) ) ;
#4855 = FACE_OUTER_BOUND ( 'NONE', #7447, .T. ) ;
#4856 = EDGE_LOOP ( 'NONE', ( #560, #470, #7185, #6004 ) ) ;
#4857 = CARTESIAN_POINT ( 'NONE',  ( 6.625183064395991472, -12.04862852623652536, 0.000000000000000000 ) ) ;
#4858 = CARTESIAN_POINT ( 'NONE',  ( 11.71764203423215100, -2.941792002708918385, -5.204170427930421283E-15 ) ) ;
#4859 = VERTEX_POINT ( 'NONE', #2684 ) ;
#4860 = CARTESIAN_POINT ( 'NONE',  ( -9.328340841224290969, 10.00078975079874866, 8.000000000000000000 ) ) ;
#4861 = CARTESIAN_POINT ( 'NONE',  ( 9.699971161946937315, 6.186699299581561284, 0.000000000000000000 ) ) ;
#4862 = CARTESIAN_POINT ( 'NONE',  ( 2.644734409371096717, -13.32045193209907907, 8.000000000000000000 ) ) ;
#4863 = FACE_OUTER_BOUND ( 'NONE', #2079, .T. ) ;
#4864 = CARTESIAN_POINT ( 'NONE',  ( 7.712971560385675218, 37.19009674604755133, 22.36184052821814205 ) ) ;
#4865 = CARTESIAN_POINT ( 'NONE',  ( -12.44755643926125188, -0.9751606640715865248, -5.204170427930421283E-15 ) ) ;
#4866 = ORIENTED_EDGE ( 'NONE', *, *, #6998, .T. ) ;
#4867 = CARTESIAN_POINT ( 'NONE',  ( -8.972047302895431287, 9.886832010614767796, 0.000000000000000000 ) ) ;
#4868 = CARTESIAN_POINT ( 'NONE',  ( -8.988499347771103487, 6.231836464888859339, 0.000000000000000000 ) ) ;
#4869 = CARTESIAN_POINT ( 'NONE',  ( 8.636712746112342742, 9.757522586729669101, -5.204170427930421283E-15 ) ) ;
#4870 = VERTEX_POINT ( 'NONE', #727 ) ;
#4871 = CARTESIAN_POINT ( 'NONE',  ( -2.933454507433478131, -11.98057174878965192, 0.000000000000000000 ) ) ;
#4872 = EDGE_CURVE ( 'NONE', #7493, #1141, #3885, .T. ) ;
#4873 = CARTESIAN_POINT ( 'NONE',  ( 11.11931436071742851, -6.600657436018027902, 8.000000000000000000 ) ) ;
#4874 = CARTESIAN_POINT ( 'NONE',  ( 4.965029436117344375, 11.73452356626246917, 0.000000000000000000 ) ) ;
#4875 = CARTESIAN_POINT ( 'NONE',  ( -9.928529331195889540, 9.094348737717218967, 8.000000000000000000 ) ) ;
#4876 = CARTESIAN_POINT ( 'NONE',  ( 13.27225220462995559, 1.447204694645935374, 8.000000000000000000 ) ) ;
#4877 = LINE ( 'NONE', #3702, #4324 ) ;
#4878 = CARTESIAN_POINT ( 'NONE',  ( 6.352286767647449039, 10.05932550694768857, -5.204170427930421283E-15 ) ) ;
#4879 = CARTESIAN_POINT ( 'NONE',  ( -1.722120468130897253, 13.64173013562592907, 8.000000000000000000 ) ) ;
#4880 = CARTESIAN_POINT ( 'NONE',  ( 9.392211555377345533, -10.01877448794989789, 8.000000000000000000 ) ) ;
#4881 = CARTESIAN_POINT ( 'NONE',  ( 6.628700411335568532, -11.96219333340837387, 0.000000000000000000 ) ) ;
#4882 = CARTESIAN_POINT ( 'NONE',  ( -2.936066220363969581, -11.56976343863538048, 8.000000000000000000 ) ) ;
#4883 = CARTESIAN_POINT ( 'NONE',  ( 12.30068812565077252, -0.9123192481541766430, 8.000000000000000000 ) ) ;
#4884 = VERTEX_POINT ( 'NONE', #1885 ) ;
#4885 = ADVANCED_FACE ( 'NONE', ( #3911 ), #4277, .T. ) ;
#4886 = CARTESIAN_POINT ( 'NONE',  ( 12.41180006574750827, -2.880586703536482052, 8.000000000000000000 ) ) ;
#4887 = CARTESIAN_POINT ( 'NONE',  ( -12.39393210983942772, 5.781365353078053104, 8.000000000000000000 ) ) ;
#4888 = EDGE_CURVE ( 'NONE', #4248, #2392, #7159, .T. ) ;
#4889 = LINE ( 'NONE', #1586, #8545 ) ;
#4890 = VERTEX_POINT ( 'NONE', #697 ) ;
#4891 = VECTOR ( 'NONE', #1226, 1000.000000000000114 ) ;
#4892 = CARTESIAN_POINT ( 'NONE',  ( -6.418760976341290281, -10.23507608951709180, 0.000000000000000000 ) ) ;
#4893 = CARTESIAN_POINT ( 'NONE',  ( -10.47431425022860374, 3.149229626028894558, 0.000000000000000000 ) ) ;
#4894 = EDGE_CURVE ( 'NONE', #3472, #3415, #1448, .T. ) ;
#4895 = LINE ( 'NONE', #6927, #946 ) ;
#4896 = DIRECTION ( 'NONE',  ( -0.000000000000000000, 0.000000000000000000, -1.000000000000000000 ) ) ;
#4897 = AXIS2_PLACEMENT_3D ( 'NONE', #7992, #6024, #5889 ) ;
#4898 = DIRECTION ( 'NONE',  ( -0.9876883405951378814, 0.1564344650402310077, 0.000000000000000000 ) ) ;
#4899 = ORIENTED_EDGE ( 'NONE', *, *, #8439, .T. ) ;
#4900 = CARTESIAN_POINT ( 'NONE',  ( -6.588591420233475660, 11.01428446989500998, 8.000000000000000000 ) ) ;
#4901 = CARTESIAN_POINT ( 'NONE',  ( 8.988499347771014669, 6.231836464888988125, 0.000000000000000000 ) ) ;
#4902 = AXIS2_PLACEMENT_3D ( 'NONE', #7700, #5016, #3711 ) ;
#4903 = CARTESIAN_POINT ( 'NONE',  ( -2.790132082466536989, -12.83440038321942289, 8.000000000000000000 ) ) ;
#4904 = CIRCLE ( 'NONE', #2099, 10.93750000000000000 ) ;
#4905 = CARTESIAN_POINT ( 'NONE',  ( 4.525446789891459431, 36.24379333540167636, 19.24860397213439711 ) ) ;
#4906 = CARTESIAN_POINT ( 'NONE',  ( 7.508410947858916273, 36.77115860834765471, 21.09392490440320245 ) ) ;
#4907 = CARTESIAN_POINT ( 'NONE',  ( -12.00148937107102398, -0.8074739252556699665, 8.000000000000000000 ) ) ;
#4908 = ORIENTED_EDGE ( 'NONE', *, *, #4101, .F. ) ;
#4909 = CARTESIAN_POINT ( 'NONE',  ( -10.29093438073247846, 6.436913140481685502, 8.000000000000000000 ) ) ;
#4910 = DIRECTION ( 'NONE',  ( 0.000000000000000000, 0.000000000000000000, 1.000000000000000000 ) ) ;
#4911 = CARTESIAN_POINT ( 'NONE',  ( 9.221936103763930248, 9.969200282348072761, -5.204170427930421283E-15 ) ) ;
#4912 = AXIS2_PLACEMENT_3D ( 'NONE', #867, #4926, #6260 ) ;
#4913 = VERTEX_POINT ( 'NONE', #4879 ) ;
#4914 = CARTESIAN_POINT ( 'NONE',  ( -2.862521721341669156, -12.51119373526728928, 0.000000000000000000 ) ) ;
#4915 = CARTESIAN_POINT ( 'NONE',  ( 2.146044805932655564, 36.31139101835978522, 26.69378740028921015 ) ) ;
#4916 = CARTESIAN_POINT ( 'NONE',  ( -9.699971161946981724, -6.186699299581489342, 8.000000000000000000 ) ) ;
#4917 = CARTESIAN_POINT ( 'NONE',  ( 0.000000000000000000, 0.000000000000000000, 0.000000000000000000 ) ) ;
#4918 = CARTESIAN_POINT ( 'NONE',  ( 6.383929952666036023, 10.13775510802976676, 8.000000000000000000 ) ) ;
#4919 = CARTESIAN_POINT ( 'NONE',  ( 12.52642403931681514, 1.011712205769053741, 8.000000000000000000 ) ) ;
#4920 = CARTESIAN_POINT ( 'NONE',  ( -1.095856395948400897, 12.69447357664507514, 8.000000000000000000 ) ) ;
#4921 = CARTESIAN_POINT ( 'NONE',  ( 6.575057906251578821, 10.91417308631852379, 8.000000000000000000 ) ) ;
#4922 = CARTESIAN_POINT ( 'NONE',  ( -11.83751175313650528, 0.7661213205046079056, 0.000000000000000000 ) ) ;
#4923 = FACE_OUTER_BOUND ( 'NONE', #7031, .T. ) ;
#4924 = CARTESIAN_POINT ( 'NONE',  ( 6.625183064395991472, -12.04862852623652536, 8.000000000000000000 ) ) ;
#4925 = CARTESIAN_POINT ( 'NONE',  ( -3.149229626028855478, -10.47431425022861440, 8.000000000000000000 ) ) ;
#4926 = DIRECTION ( 'NONE',  ( 0.000000000000000000, 0.000000000000000000, 1.000000000000000000 ) ) ;
#4927 = ORIENTED_EDGE ( 'NONE', *, *, #2732, .T. ) ;
#4928 = APPROVAL ( #1381, 'æœª' ) ;
#4929 = CARTESIAN_POINT ( 'NONE',  ( 12.22597347346771457, -2.908682420983779160, 8.000000000000000000 ) ) ;
#4930 = DIRECTION ( 'NONE',  ( 0.000000000000000000, 0.000000000000000000, -1.000000000000000000 ) ) ;
#4931 = EDGE_CURVE ( 'NONE', #3601, #8671, #7081, .T. ) ;
#4932 = CARTESIAN_POINT ( 'NONE',  ( -11.83979557596822474, -2.940530670474283070, 0.000000000000000000 ) ) ;
#4933 = ORIENTED_EDGE ( 'NONE', *, *, #217, .F. ) ;
#4934 = CARTESIAN_POINT ( 'NONE',  ( -1.709570872969507382, -13.62596226217982753, 0.000000000000000000 ) ) ;
#4935 = CARTESIAN_POINT ( 'NONE',  ( -2.760631555021781924, 33.04615718687358594, -13.68991984619308866 ) ) ;
#4936 = DIRECTION ( 'NONE',  ( -0.8090169943749507819, 0.5877852522924685852, 0.000000000000000000 ) ) ;
#4937 = CARTESIAN_POINT ( 'NONE',  ( 11.71732392095615971, 6.632284204934560279, 8.000000000000000000 ) ) ;
#4938 = DIRECTION ( 'NONE',  ( 0.7780644821457441962, 0.000000000000000000, -0.6281844168898772507 ) ) ;
#4939 = ORIENTED_EDGE ( 'NONE', *, *, #3237, .F. ) ;
#4940 =( BOUNDED_CURVE ( )  B_SPLINE_CURVE ( 3, ( #4915, #8080, #2763, #7552 ),
 .UNSPECIFIED., .F., .T. ) 
 B_SPLINE_CURVE_WITH_KNOTS ( ( 4, 4 ),
 ( 3.141592653589794892, 3.348984875509320336 ),
 .UNSPECIFIED. ) 
 CURVE ( )  GEOMETRIC_REPRESENTATION_ITEM ( )  RATIONAL_B_SPLINE_CURVE ( ( 1.000000000000000000, 0.9964189161646832549, 0.9964189161646832549, 1.000000000000000000 ) ) 
 REPRESENTATION_ITEM ( '' )  );
#4941 = CARTESIAN_POINT ( 'NONE',  ( 6.926583278757529882, 24.55536600327916474, 13.00000000000000178 ) ) ;
#4942 = EDGE_CURVE ( 'NONE', #4158, #4487, #4904, .T. ) ;
#4943 = ORIENTED_EDGE ( 'NONE', *, *, #5099, .T. ) ;
#4944 = LINE ( 'NONE', #5655, #8252 ) ;
#4945 = CARTESIAN_POINT ( 'NONE',  ( -4.161888422927099818, 10.33666240664860503, 0.000000000000000000 ) ) ;
#4946 = CARTESIAN_POINT ( 'NONE',  ( -2.686824890852640646, -13.19332579941580263, 0.000000000000000000 ) ) ;
#4947 = ORIENTED_EDGE ( 'NONE', *, *, #4410, .T. ) ;
#4948 = CARTESIAN_POINT ( 'NONE',  ( -2.686824890852737902, 13.19332579941578665, 8.000000000000000000 ) ) ;
#4949 = CARTESIAN_POINT ( 'NONE',  ( 8.108487063541151230, 36.44981961390411129, 22.31391048814786160 ) ) ;
#4950 = EDGE_CURVE ( 'NONE', #6481, #6978, #1537, .T. ) ;
#4951 = CARTESIAN_POINT ( 'NONE',  ( -13.57387004039618006, -1.668469543075150385, 8.000000000000000000 ) ) ;
#4952 = ORIENTED_EDGE ( 'NONE', *, *, #1058, .F. ) ;
#4953 = CARTESIAN_POINT ( 'NONE',  ( -11.11931436071737700, 6.600657436018111390, 8.000000000000000000 ) ) ;
#4954 = CARTESIAN_POINT ( 'NONE',  ( -9.442776183394450129, 5.916238915412022514, 0.000000000000000000 ) ) ;
#4955 = CARTESIAN_POINT ( 'NONE',  ( 11.53698844606709883, -4.773939382172875945, 0.000000000000000000 ) ) ;
#4956 = EDGE_LOOP ( 'NONE', ( #6878, #783, #79, #5214 ) ) ;
#4957 = CARTESIAN_POINT ( 'NONE',  ( -6.630420918280039544, -11.58812316373727747, 0.000000000000000000 ) ) ;
#4958 = CARTESIAN_POINT ( 'NONE',  ( 9.234787594130693833, 7.707558585906980397, 0.000000000000000000 ) ) ;
#4959 = CARTESIAN_POINT ( 'NONE',  ( -10.64346975476062340, -6.527568552596192397, 8.000000000000000000 ) ) ;
#4960 = CARTESIAN_POINT ( 'NONE',  ( 5.836552422531410933, -12.43077374740193797, 8.000000000000000000 ) ) ;
#4961 = CARTESIAN_POINT ( 'NONE',  ( 6.186699299581317923, 9.699971161947093634, 8.000000000000000000 ) ) ;
#4962 = CARTESIAN_POINT ( 'NONE',  ( 9.844302869038704884, -8.855020039374934981, 0.000000000000000000 ) ) ;
#4963 = DIRECTION ( 'NONE',  ( 0.9135454576425999784, 0.4067366430758022622, 0.000000000000000000 ) ) ;
#4964 = PLANE ( 'NONE',  #5607 ) ;
#4965 = CARTESIAN_POINT ( 'NONE',  ( -12.87548337994386394, 1.195724957047492376, 8.000000000000000000 ) ) ;
#4966 = CARTESIAN_POINT ( 'NONE',  ( 8.855020039375116170, -9.844302869038541459, 0.000000000000000000 ) ) ;
#4967 = CARTESIAN_POINT ( 'NONE',  ( 5.921954656627544722, 37.25665719030165945, -15.64247499311370504 ) ) ;
#4968 = CARTESIAN_POINT ( 'NONE',  ( -11.77637575328571451, 2.941794575437239434, 8.000000000000000000 ) ) ;
#4969 = CARTESIAN_POINT ( 'NONE',  ( 12.60876818853260239, -1.051893166807028823, 8.000000000000000000 ) ) ;
#4970 = ORIENTED_EDGE ( 'NONE', *, *, #950, .T. ) ;
#4971 = CARTESIAN_POINT ( 'NONE',  ( 12.83440038321943000, -2.790132082466497021, 8.000000000000000000 ) ) ;
#4972 = CARTESIAN_POINT ( 'NONE',  ( 0.2416457505997627320, -10.93483029503508597, 0.000000000000000000 ) ) ;
#4973 = B_SPLINE_CURVE_WITH_KNOTS ( 'NONE', 3,
 ( #4192, #786, #2213, #2874, #3508, #7576, #2258, #5558, #6187, #5474, #3588, #135, #8225, #877, #4854, #46, #3550, #1552, #2129, #748, #6098, #6229, #2831, #6140, #2087, #6268, #174, #708, #6887 ),
 .UNSPECIFIED., .F., .F.,
 ( 4, 1, 1, 1, 1, 1, 1, 1, 1, 1, 1, 1, 1, 1, 1, 1, 1, 1, 1, 1, 1, 1, 1, 1, 1, 1, 4 ),
 ( 0.4925683021330547473, 0.5024463643869940821, 0.5250929155847819940, 0.5469717870834428508, 0.5680829788830696891, 0.5884264909837645385, 0.6080023233856429732, 0.6268104760888334459, 0.6448509490934806188, 0.6621237423997496929, 0.6786288560078284071, 0.6943662899179314785, 0.7093360441303072639, 0.7235381186452435331, 0.7369725134630787933, 0.7496392285842117253, 0.7615382640091191702, 0.7726696197383760012, 0.7830332957726851006, 0.7926292921129175495, 0.8014576087601730237, 0.8095182457158636158, 0.8168112029818485054, 0.8233364805606433467, 0.8290940784557681020, 0.8340839966723704313, 1.000000000000000000 ),
 .UNSPECIFIED. ) ;
#4974 = CYLINDRICAL_SURFACE ( 'NONE', #3535, 10.93750000000000178 ) ;
#4975 = CARTESIAN_POINT ( 'NONE',  ( -12.39393210983942772, 5.781365353078053104, 0.000000000000000000 ) ) ;
#4976 = ORIENTED_EDGE ( 'NONE', *, *, #5952, .T. ) ;
#4977 = CARTESIAN_POINT ( 'NONE',  ( -4.210990906299821646, -10.70664486910373903, 0.000000000000000000 ) ) ;
#4978 = CARTESIAN_POINT ( 'NONE',  ( -11.13701600410303882, 2.886444749237033314, 8.000000000000000000 ) ) ;
#4979 = DIRECTION ( 'NONE',  ( -0.6049683311478916137, -0.2693492547302754336, -0.7493092133988346060 ) ) ;
#4980 = CARTESIAN_POINT ( 'NONE',  ( 11.60070094346941261, -4.833073392807540003, 8.000000000000000000 ) ) ;
#4981 = CARTESIAN_POINT ( 'NONE',  ( 2.724978029605303220, -13.06987279011078940, 0.000000000000000000 ) ) ;
#4982 = ORIENTED_EDGE ( 'NONE', *, *, #1997, .F. ) ;
#4983 = CARTESIAN_POINT ( 'NONE',  ( 13.50622083011839258, -2.577692551494811912, -5.204170427930421283E-15 ) ) ;
#4984 = ORIENTED_EDGE ( 'NONE', *, *, #5487, .F. ) ;
#4985 = CARTESIAN_POINT ( 'NONE',  ( 3.608867157514880297, -10.32496896312093071, 8.000000000000000000 ) ) ;
#4986 = CARTESIAN_POINT ( 'NONE',  ( 12.02849558169534916, 6.626067776682489807, 0.000000000000000000 ) ) ;
#4987 = CARTESIAN_POINT ( 'NONE',  ( -2.708699257713637287, -10.80883218877870888, 8.000000000000000000 ) ) ;
#4988 = ORIENTED_EDGE ( 'NONE', *, *, #7767, .T. ) ;
#4989 = CARTESIAN_POINT ( 'NONE',  ( -2.644734409371002570, 13.32045193209910039, 0.000000000000000000 ) ) ;
#4990 = CARTESIAN_POINT ( 'NONE',  ( 8.254787938311890727, 36.11951842698374548, 22.31446210182638978 ) ) ;
#4991 = CARTESIAN_POINT ( 'NONE',  ( -12.37227591337641996, -0.9420826277741997101, 8.000000000000000000 ) ) ;
#4992 = VERTEX_POINT ( 'NONE', #3493 ) ;
#4993 = CARTESIAN_POINT ( 'NONE',  ( -10.05932550694761929, 6.352286767647560062, 0.000000000000000000 ) ) ;
#4994 = CARTESIAN_POINT ( 'NONE',  ( -11.58812316373720819, -6.630420918280161224, 0.000000000000000000 ) ) ;
#4995 = CARTESIAN_POINT ( 'NONE',  ( 11.66659828334871207, -4.896733499128975708, 0.000000000000000000 ) ) ;
#4996 = EDGE_CURVE ( 'NONE', #3102, #4107, #5546, .T. ) ;
#4997 = VERTEX_POINT ( 'NONE', #8211 ) ;
#4998 = CARTESIAN_POINT ( 'NONE',  ( -6.436913140481649975, -10.29093438073250333, 0.000000000000000000 ) ) ;
#4999 = CARTESIAN_POINT ( 'NONE',  ( -8.535381057717573938, 9.713655369616169821, 8.000000000000000000 ) ) ;
#5000 = EDGE_CURVE ( 'NONE', #7660, #3948, #6790, .T. ) ;
#5001 = CARTESIAN_POINT ( 'NONE',  ( -11.85123473191535837, -6.631537913675579432, 8.000000000000000000 ) ) ;
#5002 = CARTESIAN_POINT ( 'NONE',  ( 5.781365353077924318, 12.39393210983948634, 0.000000000000000000 ) ) ;
#5003 = CARTESIAN_POINT ( 'NONE',  ( -10.01877448793495873, 9.392211555323809691, 8.000000000000000000 ) ) ;
#5004 = CARTESIAN_POINT ( 'NONE',  ( 13.64173013562590775, 1.722120468131038029, 8.000000000000000000 ) ) ;
#5005 = VECTOR ( 'NONE', #241, 1000.000000000000227 ) ;
#5006 = CARTESIAN_POINT ( 'NONE',  ( -1.722120468130897253, 13.64173013562592907, 8.000000000000000000 ) ) ;
#5007 = DIRECTION ( 'NONE',  ( 0.7147974065165850766, 0.3182483095653313998, 0.6227219934256160716 ) ) ;
#5008 = CARTESIAN_POINT ( 'NONE',  ( -13.64173013562593795, 1.722120468130850846, 8.000000000000000000 ) ) ;
#5009 = CARTESIAN_POINT ( 'NONE',  ( 8.535381057717644993, -9.713655369616102320, 8.000000000000000000 ) ) ;
#5010 = CARTESIAN_POINT ( 'NONE',  ( 5.449895303947172032, 38.26494307454090915, -12.72150358551260929 ) ) ;
#5011 = CARTESIAN_POINT ( 'NONE',  ( -13.06987279011081959, 2.724978029605164664, 8.000000000000000000 ) ) ;
#5012 = CARTESIAN_POINT ( 'NONE',  ( -9.126433365741155157, 7.577720000373671105, 0.000000000000000000 ) ) ;
#5013 = ORIENTED_EDGE ( 'NONE', *, *, #5697, .F. ) ;
#5014 = CARTESIAN_POINT ( 'NONE',  ( -11.83751175313649817, -0.7661213205046906172, 8.000000000000000000 ) ) ;
#5015 = CARTESIAN_POINT ( 'NONE',  ( -2.644734409371002570, 13.32045193209910039, 0.000000000000000000 ) ) ;
#5016 = DIRECTION ( 'NONE',  ( -0.000000000000000000, -0.000000000000000000, -1.000000000000000000 ) ) ;
#5017 = CARTESIAN_POINT ( 'NONE',  ( -5.581155335976851539, -12.25290083038841082, 8.000000000000000000 ) ) ;
#5018 = EDGE_LOOP ( 'NONE', ( #3455, #2845, #5513, #2513 ) ) ;
#5019 = FACE_OUTER_BOUND ( 'NONE', #7742, .T. ) ;
#5020 = FACE_OUTER_BOUND ( 'NONE', #8346, .T. ) ;
#5021 = CARTESIAN_POINT ( 'NONE',  ( 9.126433365741046799, 7.577720000373803444, 8.000000000000000000 ) ) ;
#5022 = CARTESIAN_POINT ( 'NONE',  ( -12.00148937107102398, -0.8074739252556699665, 0.000000000000000000 ) ) ;
#5023 = CIRCLE ( 'NONE', #7276, 13.75000000000000000 ) ;
#5024 = CARTESIAN_POINT ( 'NONE',  ( 13.32045193209906842, 2.644734409371143347, 0.000000000000000000 ) ) ;
#5025 = CARTESIAN_POINT ( 'NONE',  ( 8.524233419529123168, 34.64253199949656192, -13.00000000000000178 ) ) ;
#5026 = CIRCLE ( 'NONE', #5874, 10.93750000000000178 ) ;
#5027 = VERTEX_POINT ( 'NONE', #2900 ) ;
#5028 = CARTESIAN_POINT ( 'NONE',  ( -8.105411651555828101, 9.497099640846666802, 8.000000000000000000 ) ) ;
#5029 = CARTESIAN_POINT ( 'NONE',  ( -12.44189184805952486, -5.853360337715903583, 8.000000000000000000 ) ) ;
#5030 = CARTESIAN_POINT ( 'NONE',  ( -5.916238915411988764, -9.442776183394473222, 8.000000000000000000 ) ) ;
#5031 = ORIENTED_EDGE ( 'NONE', *, *, #4018, .T. ) ;
#5032 = CARTESIAN_POINT ( 'NONE',  ( 8.840029342191920492, 36.42356288813697063, 22.79668072573274529 ) ) ;
#5033 = CARTESIAN_POINT ( 'NONE',  ( 7.761516150165715722, 36.57193047614097736, 21.16850755986619959 ) ) ;
#5034 = VECTOR ( 'NONE', #8257, 1000.000000000000000 ) ;
#5035 = FACE_OUTER_BOUND ( 'NONE', #5654, .T. ) ;
#5036 = FACE_OUTER_BOUND ( 'NONE', #3108, .T. ) ;
#5037 = B_SPLINE_CURVE_WITH_KNOTS ( 'NONE', 3,
 ( #502, #7257, #8705, #6739, #3405, #8613, #6079, #28, #8082, #4529, #7211, #6554, #1209, #5539 ),
 .UNSPECIFIED., .F., .F.,
 ( 4, 2, 2, 2, 2, 2, 4 ),
 ( 1.010206501468821969E-16, 0.0004327853848510113946, 0.0008655707697019217415, 0.001731141539403748724, 0.002596712309105575489, 0.003029497693956485077, 0.003462283078807394665 ),
 .UNSPECIFIED. ) ;
#5038 = LINE ( 'NONE', #2983, #2217 ) ;
#5039 = CARTESIAN_POINT ( 'NONE',  ( 11.16457150618553307, -4.476617511823930862, 0.000000000000000000 ) ) ;
#5040 = VECTOR ( 'NONE', #3409, 1000.000000000000000 ) ;
#5041 = EDGE_LOOP ( 'NONE', ( #2387, #128, #5392, #1864 ) ) ;
#5042 = CIRCLE ( 'NONE', #2514, 13.75000000000000000 ) ;
#5043 = EDGE_CURVE ( 'NONE', #1197, #916, #1886, .T. ) ;
#5044 = CARTESIAN_POINT ( 'NONE',  ( 1.600954125870927891, -13.48577048812304113, 0.000000000000000000 ) ) ;
#5045 = CARTESIAN_POINT ( 'NONE',  ( 9.415217936709831648, 7.968244849358985249, 0.000000000000000000 ) ) ;
#5046 = CARTESIAN_POINT ( 'NONE',  ( 7.313425558786605940, -8.881356617214064997, 0.000000000000000000 ) ) ;
#5047 = CARTESIAN_POINT ( 'NONE',  ( 4.210990906299975300, -10.70664486910367863, 8.000000000000000000 ) ) ;
#5048 = CARTESIAN_POINT ( 'NONE',  ( -10.72875944066941578, -6.544354946388769356, 0.000000000000000000 ) ) ;
#5049 = CARTESIAN_POINT ( 'NONE',  ( 11.87194576742585816, 0.7736152328234355835, 8.000000000000000000 ) ) ;
#5050 = LOCAL_TIME ( 12, 3, 35.00000000000000000, #13 ) ;
#5051 = B_SPLINE_CURVE_WITH_KNOTS ( 'NONE', 3,
 ( #2817, #2858, #7518, #6123, #5503, #160, #8169, #71, #2729, #4177, #2768, #3537, #6215, #8130, #3360, #8004, #2028, #772, #4011, #6037, #6744, #1985, #5409, #8709, #4671, #4712, #4055, #694, #8085 ),
 .UNSPECIFIED., .F., .F.,
 ( 4, 1, 1, 1, 1, 1, 1, 1, 1, 1, 1, 1, 1, 1, 1, 1, 1, 1, 1, 1, 1, 1, 1, 1, 1, 1, 4 ),
 ( 0.000000000000000000, 0.1659160033276295687, 0.1709059215442318980, 0.1766635194393566533, 0.1831887970181514946, 0.1904817542841363842, 0.1985423912398269763, 0.2073707078870824505, 0.2169667042273148994, 0.2273303802616239988, 0.2384617359908808298, 0.2503607714157882747, 0.2630274865369212067, 0.2764618813547564669, 0.2906639558696927361, 0.3056337100820685215, 0.3213711439921715929, 0.3378762576002503071, 0.3551490509065193812, 0.3731895239111665541, 0.3919976766143570268, 0.4115735090162354615, 0.4319170211169303109, 0.4530282129165571492, 0.4749070844152180060, 0.4975536356130059734, 0.5074316978669441980 ),
 .UNSPECIFIED. ) ;
#5052 = AXIS2_PLACEMENT_3D ( 'NONE', #7524, #2203, #3454 ) ;
#5053 = DIRECTION ( 'NONE',  ( 0.000000000000000000, 0.000000000000000000, -1.000000000000000000 ) ) ;
#5054 = CARTESIAN_POINT ( 'NONE',  ( 12.02324651265874067, 5.286606996007108705, 0.000000000000000000 ) ) ;
#5055 = ADVANCED_FACE ( 'NONE', ( #33 ), #2950, .T. ) ;
#5056 = VECTOR ( 'NONE', #7931, 1000.000000000000114 ) ;
#5057 = CARTESIAN_POINT ( 'NONE',  ( 2.940710835118548250, -11.66361783702273947, 0.000000000000000000 ) ) ;
#5058 = CARTESIAN_POINT ( 'NONE',  ( 7.838573583701768044, 36.96408628237581695, -14.34368165432696252 ) ) ;
#5059 = CARTESIAN_POINT ( 'NONE',  ( 12.33100786788142322, 5.689930116769447821, 8.000000000000000000 ) ) ;
#5060 = CARTESIAN_POINT ( 'NONE',  ( -9.149886257342917162, 7.604022508570341898, 8.000000000000000000 ) ) ;
#5061 = VERTEX_POINT ( 'NONE', #5718 ) ;
#5062 = CARTESIAN_POINT ( 'NONE',  ( -11.87194576742586349, -0.7736152328233526498, 8.000000000000000000 ) ) ;
#5063 = CARTESIAN_POINT ( 'NONE',  ( -2.937812879663857402, 11.90787246215809780, 0.000000000000000000 ) ) ;
#5064 = CARTESIAN_POINT ( 'NONE',  ( 8.348190801685069218, 9.625916629980844519, 8.000000000000000000 ) ) ;
#5065 = CARTESIAN_POINT ( 'NONE',  ( -5.198761634262769604, -11.94884645308979820, 8.000000000000000000 ) ) ;
#5066 = EDGE_LOOP ( 'NONE', ( #873, #3185, #5983, #6719 ) ) ;
#5067 = CARTESIAN_POINT ( 'NONE',  ( -1.722120468130896143, -13.64173013562592907, 0.000000000000000000 ) ) ;
#5068 = CARTESIAN_POINT ( 'NONE',  ( -6.127463655763117245, 32.62778772306992892, 25.36271287019734544 ) ) ;
#5069 = CARTESIAN_POINT ( 'NONE',  ( 12.02849558169549482, -6.626067776682228683, 8.000000000000000000 ) ) ;
#5070 = ORIENTED_EDGE ( 'NONE', *, *, #4771, .T. ) ;
#5071 = CARTESIAN_POINT ( 'NONE',  ( 1.312474532673086891, -13.06843834723477649, 8.000000000000000000 ) ) ;
#5072 = CARTESIAN_POINT ( 'NONE',  ( 2.841541163098137091, -12.61481170127147777, 8.000000000000000000 ) ) ;
#5073 = DIRECTION ( 'NONE',  ( -0.000000000000000000, -0.000000000000000000, -1.000000000000000000 ) ) ;
#5074 = ORIENTED_EDGE ( 'NONE', *, *, #461, .T. ) ;
#5075 = CARTESIAN_POINT ( 'NONE',  ( -6.622827502596288163, 8.704427730807712038, 8.000000000000000000 ) ) ;
#5076 = CARTESIAN_POINT ( 'NONE',  ( -11.30699639290205560, -4.580317944817435816, 0.000000000000000000 ) ) ;
#5077 = CARTESIAN_POINT ( 'NONE',  ( -2.941794575437194581, -11.77637575328572161, 0.000000000000000000 ) ) ;
#5078 = CARTESIAN_POINT ( 'NONE',  ( 7.694437267363905875, 35.44174391165256566, 22.94127356150869801 ) ) ;
#5079 = DIRECTION ( 'NONE',  ( -0.1564344650402308967, -0.9876883405951376593, 0.000000000000000000 ) ) ;
#5080 = CARTESIAN_POINT ( 'NONE',  ( -10.91417308631845096, 6.575057906251698725, 0.000000000000000000 ) ) ;
#5081 = LINE ( 'NONE', #7236, #4749 ) ;
#5082 = CARTESIAN_POINT ( 'NONE',  ( 12.33100786788154224, -5.689930116769189361, 0.000000000000000000 ) ) ;
#5083 = ORIENTED_EDGE ( 'NONE', *, *, #6038, .T. ) ;
#5084 = CARTESIAN_POINT ( 'NONE',  ( -6.231836464888827365, -8.988499347771126580, 0.000000000000000000 ) ) ;
#5085 = CARTESIAN_POINT ( 'NONE',  ( 0.000000000000000000, 0.000000000000000000, 0.000000000000000000 ) ) ;
#5086 = CARTESIAN_POINT ( 'NONE',  ( 8.439220299577138817, -9.669723885496912530, 0.000000000000000000 ) ) ;
#5087 = CARTESIAN_POINT ( 'NONE',  ( -3.608867157514807911, 10.32496896312095913, 8.000000000000000000 ) ) ;
#5088 = CARTESIAN_POINT ( 'NONE',  ( -8.988499347771060854, -6.231836464888920624, 0.000000000000000000 ) ) ;
#5089 = CARTESIAN_POINT ( 'NONE',  ( 13.06843834723476405, 1.312474532673223671, 0.000000000000000000 ) ) ;
#5090 = CARTESIAN_POINT ( 'NONE',  ( 12.61481170127146889, 2.841541163098181055, 8.000000000000000000 ) ) ;
#5091 = CARTESIAN_POINT ( 'NONE',  ( -6.032545392173992660, 31.67021597385833687, -10.35565938257813379 ) ) ;
#5092 = LINE ( 'NONE', #3128, #4075 ) ;
#5093 = CARTESIAN_POINT ( 'NONE',  ( 7.634358818669927160, -9.175863790627181160, 8.000000000000000000 ) ) ;
#5094 = CARTESIAN_POINT ( 'NONE',  ( 4.476617511824125373, -11.16457150618545668, 0.000000000000000000 ) ) ;
#5095 = CARTESIAN_POINT ( 'NONE',  ( -13.50622083004039986, 2.577692551524081832, 8.000000000000000000 ) ) ;
#5096 = CARTESIAN_POINT ( 'NONE',  ( 10.47431425022855755, 3.149229626029041551, 0.000000000000000000 ) ) ;
#5097 = ORIENTED_EDGE ( 'NONE', *, *, #4197, .T. ) ;
#5098 = CARTESIAN_POINT ( 'NONE',  ( 11.90787246215812623, -2.937812879663733945, 8.000000000000000000 ) ) ;
#5099 = EDGE_CURVE ( 'NONE', #1150, #7660, #5458, .T. ) ;
#5100 = CARTESIAN_POINT ( 'NONE',  ( -2.895913797652506005, 12.31670401296925554, 0.000000000000000000 ) ) ;
#5101 = FACE_OUTER_BOUND ( 'NONE', #6612, .T. ) ;
#5102 = ORIENTED_EDGE ( 'NONE', *, *, #5545, .T. ) ;
#5103 = CARTESIAN_POINT ( 'NONE',  ( -3.608867157514732860, -10.32496896312098222, 8.000000000000000000 ) ) ;
#5104 = DIRECTION ( 'NONE',  ( -0.4067366430758008189, 0.9135454576426005335, -4.718447854656915297E-16 ) ) ;
#5105 = ADVANCED_FACE ( 'NONE', ( #7380 ), #2012, .F. ) ;
#5106 = CARTESIAN_POINT ( 'NONE',  ( 9.699971161947072318, -6.186699299581352562, 8.000000000000000000 ) ) ;
#5107 = ORIENTED_EDGE ( 'NONE', *, *, #2416, .T. ) ;
#5108 = CARTESIAN_POINT ( 'NONE',  ( -13.62596226217982576, -1.709570872969556232, 0.000000000000000000 ) ) ;
#5109 = CYLINDRICAL_SURFACE ( 'NONE', #1907, 10.93750000000000178 ) ;
#5110 = ADVANCED_FACE ( 'NONE', ( #7336 ), #1604, .T. ) ;
#5111 = DIRECTION ( 'NONE',  ( 0.000000000000000000, 0.000000000000000000, 1.000000000000000000 ) ) ;
#5112 = ORIENTED_EDGE ( 'NONE', *, *, #3749, .F. ) ;
#5113 = CARTESIAN_POINT ( 'NONE',  ( -7.668835209823024357, 9.204216794247566114, 8.000000000000000000 ) ) ;
#5114 = CARTESIAN_POINT ( 'NONE',  ( -11.20891349420030636, -4.507497455256148200, 0.000000000000000000 ) ) ;
#5115 = CARTESIAN_POINT ( 'NONE',  ( -2.932881190150441686, -11.52995163726279415, 0.000000000000000000 ) ) ;
#5116 = CARTESIAN_POINT ( 'NONE',  ( 8.311984810207118102, 35.97880533154629745, 22.31842650628525959 ) ) ;
#5117 = EDGE_CURVE ( 'NONE', #7351, #5200, #5042, .T. ) ;
#5118 = CARTESIAN_POINT ( 'NONE',  ( 0.000000000000000000, 0.000000000000000000, 8.000000000000000000 ) ) ;
#5119 = B_SPLINE_SURFACE_WITH_KNOTS ( 'NONE', 3, 1, ( 
 ( #2305, #4983 ),
 ( #8228, #3592 ),
 ( #3012, #310 ),
 ( #4327, #4281 ),
 ( #5652, #971 ),
 ( #7498, #7624 ),
 ( #2216, #1467 ),
 ( #7667, #4156 ),
 ( #1594, #6971 ),
 ( #8188, #7022 ),
 ( #3683, #4240 ),
 ( #8318, #1555 ),
 ( #6360, #270 ),
 ( #8148, #6930 ),
 ( #5520, #6271 ),
 ( #6232, #922 ),
 ( #3552, #2834 ),
 ( #6193, #2921 ),
 ( #5609, #3637 ),
 ( #6847, #8276 ),
 ( #2135, #4858 ),
 ( #4819, #138 ),
 ( #791, #176 ),
 ( #838, #6313 ),
 ( #3512, #2174 ),
 ( #7538, #1507 ),
 ( #4196, #6891 ),
 ( #2877, #1140 ),
 ( #7062, #3106 ) ),
 .UNSPECIFIED., .F., .F., .F.,
 ( 4, 1, 1, 1, 1, 1, 1, 1, 1, 1, 1, 1, 1, 1, 1, 1, 1, 1, 1, 1, 1, 1, 1, 1, 1, 1, 4 ),
 ( 2, 2 ),
 ( 0.4925683021194527944, 0.5024463643869940821, 0.5250929155847819940, 0.5469717870834428508, 0.5680829788830696891, 0.5884264909837645385, 0.6080023233856429732, 0.6268104760888334459, 0.6448509490934806188, 0.6621237423997496929, 0.6786288560078284071, 0.6943662899179314785, 0.7093360441303072639, 0.7235381186452435331, 0.7369725134630787933, 0.7496392285842117253, 0.7615382640091191702, 0.7726696197383760012, 0.7830332957726851006, 0.7926292921129175495, 0.8014576087601730237, 0.8095182457158636158, 0.8168112029818485054, 0.8233364805606433467, 0.8290940784557681020, 0.8340839966723704313, 1.000000000000000000 ),
 ( 0.000000000000000000, 1.000000000000000000 ),
 .UNSPECIFIED. ) ;
#5120 = CARTESIAN_POINT ( 'NONE',  ( -8.988499347771103487, 6.231836464888858451, 8.000000000000000000 ) ) ;
#5121 = DIRECTION ( 'NONE',  ( 0.7780644821457439742, 0.000000000000000000, -0.6281844168898774727 ) ) ;
#5122 = CARTESIAN_POINT ( 'NONE',  ( 10.70664486910374968, -4.210990906299789671, 8.000000000000000000 ) ) ;
#5123 = VERTEX_POINT ( 'NONE', #4202 ) ;
#5124 = CARTESIAN_POINT ( 'NONE',  ( 1.709570873003884994, -13.62596226222339801, 8.000000000000000000 ) ) ;
#5125 = CARTESIAN_POINT ( 'NONE',  ( 11.52995163726274086, 2.932881190150647743, 0.000000000000000000 ) ) ;
#5126 = AXIS2_PLACEMENT_3D ( 'NONE', #435, #7966, #3843 ) ;
#5127 = CARTESIAN_POINT ( 'NONE',  ( 0.000000000000000000, 0.000000000000000000, 0.000000000000000000 ) ) ;
#5128 = CARTESIAN_POINT ( 'NONE',  ( -9.625916629980693529, -8.348190801685243301, 0.000000000000000000 ) ) ;
#5129 = DIRECTION ( 'NONE',  ( 0.8090169943749466741, 0.5877852522924742473, 0.000000000000000000 ) ) ;
#5130 = CARTESIAN_POINT ( 'NONE',  ( -4.498229786890680870, 42.42433680949699237, 23.52679268485632846 ) ) ;
#5131 = CARTESIAN_POINT ( 'NONE',  ( 13.32045193209906842, 2.644734409371143347, -5.204170427930421283E-15 ) ) ;
#5132 = CARTESIAN_POINT ( 'NONE',  ( 0.000000000000000000, 0.000000000000000000, 8.000000000000000000 ) ) ;
#5133 = CARTESIAN_POINT ( 'NONE',  ( -13.19332579941577777, -2.686824890852784975, 0.000000000000000000 ) ) ;
#5134 = EDGE_CURVE ( 'NONE', #1599, #1646, #6316, .T. ) ;
#5135 = CARTESIAN_POINT ( 'NONE',  ( -11.98057174878962172, -2.933454507433609137, 8.000000000000000000 ) ) ;
#5136 = CARTESIAN_POINT ( 'NONE',  ( 4.161888422927172648, -10.33666240664857483, 0.000000000000000000 ) ) ;
#5137 = CARTESIAN_POINT ( 'NONE',  ( 10.33666240664856062, 4.161888422927208175, 8.000000000000000000 ) ) ;
#5138 = LINE ( 'NONE', #4442, #3660 ) ;
#5139 = EDGE_LOOP ( 'NONE', ( #1229, #615, #5491, #583 ) ) ;
#5140 = CIRCLE ( 'NONE', #3614, 10.93750000000000178 ) ;
#5141 = CARTESIAN_POINT ( 'NONE',  ( 2.321611822015474669, 33.83543982223659441, -9.040620746559184795 ) ) ;
#5142 = CARTESIAN_POINT ( 'NONE',  ( 9.928529331195960594, -9.094348737717146136, -5.204170427930421283E-15 ) ) ;
#5143 = CARTESIAN_POINT ( 'NONE',  ( 8.034402175150626491, 9.455639197970867826, 8.000000000000000000 ) ) ;
#5144 = VERTEX_POINT ( 'NONE', #4901 ) ;
#5145 = EDGE_CURVE ( 'NONE', #6434, #2596, #5560, .T. ) ;
#5146 = CARTESIAN_POINT ( 'NONE',  ( -9.415217936709890267, -7.968244849358915971, 0.000000000000000000 ) ) ;
#5147 = CARTESIAN_POINT ( 'NONE',  ( -7.707558585906816973, -9.234787594130832389, 0.000000000000000000 ) ) ;
#5148 = CARTESIAN_POINT ( 'NONE',  ( 13.37787302532247047, -1.521639563755274871, -5.204170427930421283E-15 ) ) ;
#5149 = ORIENTED_EDGE ( 'NONE', *, *, #2416, .F. ) ;
#5150 = CARTESIAN_POINT ( 'NONE',  ( -12.37227591337641996, -0.9420826277741997101, 0.000000000000000000 ) ) ;
#5151 = CARTESIAN_POINT ( 'NONE',  ( -11.30699639290205560, -4.580317944817435816, 0.000000000000000000 ) ) ;
#5152 = B_SPLINE_SURFACE_WITH_KNOTS ( 'NONE', 3, 1, ( 
 ( #7944, #7296 ),
 ( #6505, #8695 ),
 ( #6546, #7202 ),
 ( #2680, #3164 ),
 ( #5307, #2543 ),
 ( #454, #2496 ),
 ( #8506, #5175 ),
 ( #5220, #5356 ),
 ( #1250, #3956 ),
 ( #7247, #6644 ),
 ( #591, #635 ),
 ( #5979, #8649 ),
 ( #1974, #4659 ),
 ( #7164, #7342 ),
 ( #1299, #7856 ),
 ( #4000, #1841 ),
 ( #1792, #4477 ),
 ( #1117, #3823 ),
 ( #5840, #4520 ),
 ( #3563, #6112 ),
 ( #5531, #1392 ),
 ( #2186, #7546 ),
 ( #6857, #2805 ),
 ( #1346, #61 ),
 ( #804, #3525 ),
 ( #763, #8197 ),
 ( #1477, #4828 ),
 ( #2759, #3398 ),
 ( #6728, #3480 ) ),
 .UNSPECIFIED., .F., .F., .F.,
 ( 4, 1, 1, 1, 1, 1, 1, 1, 1, 1, 1, 1, 1, 1, 1, 1, 1, 1, 1, 1, 1, 1, 1, 1, 1, 1, 4 ),
 ( 2, 2 ),
 ( 0.000000000000000000, 0.1659160033276295965, 0.1709059215442318702, 0.1766635194393565977, 0.1831887970181514669, 0.1904817542841364120, 0.1985423912398269763, 0.2073707078870824227, 0.2169667042273148716, 0.2273303802616240543, 0.2384617359908808021, 0.2503607714157882191, 0.2630274865369212067, 0.2764618813547564669, 0.2906639558696927361, 0.3056337100820685215, 0.3213711439921715929, 0.3378762576002502516, 0.3551490509065193812, 0.3731895239111665541, 0.3919976766143570268, 0.4115735090162354615, 0.4319170211169303109, 0.4530282129165571492, 0.4749070844152180060, 0.4975536356130058624, 0.5074316978669448641 ),
 ( 0.000000000000000000, 1.000000000000000000 ),
 .UNSPECIFIED. ) ;
#5153 = AXIS2_PLACEMENT_3D ( 'NONE', #7633, #7544, #8284 ) ;
#5154 = EDGE_CURVE ( 'NONE', #2580, #4618, #3520, .T. ) ;
#5155 = CARTESIAN_POINT ( 'NONE',  ( 8.393073352340762128, 35.72926466476512530, -13.28426016496259088 ) ) ;
#5156 = EDGE_CURVE ( 'NONE', #5144, #8527, #404, .T. ) ;
#5157 = EDGE_LOOP ( 'NONE', ( #8359, #6939, #5598, #3430 ) ) ;
#5158 = CIRCLE ( 'NONE', #1795, 10.93750000000000000 ) ;
#5159 = CARTESIAN_POINT ( 'NONE',  ( 10.02706299306013626, -6.338109664291120993, 0.000000000000000000 ) ) ;
#5160 = CARTESIAN_POINT ( 'NONE',  ( -6.231836464888828253, -8.988499347771126580, 8.000000000000000000 ) ) ;
#5161 = CARTESIAN_POINT ( 'NONE',  ( -6.544354946388659222, -10.72875944066948506, 8.000000000000000000 ) ) ;
#5162 = B_SPLINE_CURVE_WITH_KNOTS ( 'NONE', 3,
 ( #2646, #1313, #5903, #650 ),
 .UNSPECIFIED., .F., .F.,
 ( 4, 4 ),
 ( 0.002171142691122058925, 0.002221405238357690437 ),
 .UNSPECIFIED. ) ;
#5163 = CARTESIAN_POINT ( 'NONE',  ( 11.96219333340835256, 6.628700411335609388, 8.000000000000000000 ) ) ;
#5164 = CARTESIAN_POINT ( 'NONE',  ( -1.600954125870927891, 13.48577048812304113, 0.000000000000000000 ) ) ;
#5165 = CARTESIAN_POINT ( 'NONE',  ( -3.149229626028930085, 10.47431425022858953, 0.000000000000000000 ) ) ;
#5166 = DIRECTION ( 'NONE',  ( 0.3090169943749447867, 0.9510565162951544194, 0.000000000000000000 ) ) ;
#5167 = VERTEX_POINT ( 'NONE', #842 ) ;
#5168 = CARTESIAN_POINT ( 'NONE',  ( 1.312474532673086891, -13.06843834723477649, 8.000000000000000000 ) ) ;
#5169 = CARTESIAN_POINT ( 'NONE',  ( -12.10906341627276994, 0.8412873393389606047, 0.000000000000000000 ) ) ;
#5170 = AXIS2_PLACEMENT_3D ( 'NONE', #6137, #8223, #84 ) ;
#5171 = CARTESIAN_POINT ( 'NONE',  ( 10.05932550694752692, 6.352286767647703947, 8.000000000000000000 ) ) ;
#5172 = CARTESIAN_POINT ( 'NONE',  ( -9.234787594130748900, -7.707558585906912008, 0.000000000000000000 ) ) ;
#5173 = CARTESIAN_POINT ( 'NONE',  ( 8.535381057717431830, 9.713655369616290614, 0.000000000000000000 ) ) ;
#5174 = CARTESIAN_POINT ( 'NONE',  ( 8.524233419529117839, 34.64253199949656192, 21.00000000000001421 ) ) ;
#5175 = CARTESIAN_POINT ( 'NONE',  ( -11.61432090236920089, -2.938739567862419300, 0.000000000000000000 ) ) ;
#5176 = CARTESIAN_POINT ( 'NONE',  ( -2.923944312648711463, 34.05408642856520629, -20.46183430448269291 ) ) ;
#5177 = DIRECTION ( 'NONE',  ( 0.000000000000000000, 0.000000000000000000, 1.000000000000000000 ) ) ;
#5178 = CIRCLE ( 'NONE', #684, 13.75000000000000000 ) ;
#5179 = CARTESIAN_POINT ( 'NONE',  ( -11.98057174878962172, -2.933454507433609137, 0.000000000000000000 ) ) ;
#5180 = B_SPLINE_CURVE_WITH_KNOTS ( 'NONE', 3,
 ( #2480, #6530, #572, #5159, #1822, #4642, #3284, #7883, #4502, #3191, #3239, #1323, #5914, #7186, #1865, #8585, #8019, #3980, #5244, #2567, #5959, #2613, #5289, #4025, #6668, #6710, #1142, #2525, #5201 ),
 .UNSPECIFIED., .F., .F.,
 ( 4, 1, 1, 1, 1, 1, 1, 1, 1, 1, 1, 1, 1, 1, 1, 1, 1, 1, 1, 1, 1, 1, 1, 1, 1, 1, 4 ),
 ( 0.000000000000000000, 0.1659160033276295687, 0.1709059215442318980, 0.1766635194393566533, 0.1831887970181514946, 0.1904817542841363842, 0.1985423912398269763, 0.2073707078870824505, 0.2169667042273148994, 0.2273303802616239988, 0.2384617359908808298, 0.2503607714157882747, 0.2630274865369212067, 0.2764618813547564669, 0.2906639558696927361, 0.3056337100820685215, 0.3213711439921715929, 0.3378762576002503071, 0.3551490509065193812, 0.3731895239111665541, 0.3919976766143570268, 0.4115735090162354615, 0.4319170211169303109, 0.4530282129165571492, 0.4749070844152180060, 0.4975536356130059734, 0.5074316978669447531 ),
 .UNSPECIFIED. ) ;
#5181 = CARTESIAN_POINT ( 'NONE',  ( 0.000000000000000000, 0.000000000000000000, 8.000000000000000000 ) ) ;
#5182 = CARTESIAN_POINT ( 'NONE',  ( 7.867581707908377631, 36.47615698253893157, -13.20213597250351967 ) ) ;
#5183 = CARTESIAN_POINT ( 'NONE',  ( -5.477724940116855734, 12.17545110014129150, 8.000000000000000000 ) ) ;
#5184 = CARTESIAN_POINT ( 'NONE',  ( 8.524233419529123168, 34.64253199949656192, 20.99999999999999645 ) ) ;
#5185 = ORIENTED_EDGE ( 'NONE', *, *, #416, .F. ) ;
#5186 = AXIS2_PLACEMENT_3D ( 'NONE', #6781, #5313, #5892 ) ;
#5187 = CARTESIAN_POINT ( 'NONE',  ( -12.09884006967987169, 5.379567626064770458, 8.000000000000000000 ) ) ;
#5188 = CARTESIAN_POINT ( 'NONE',  ( 9.669723885497070626, -8.439220299576962958, 8.000000000000000000 ) ) ;
#5189 = PLANE ( 'NONE',  #2230 ) ;
#5190 = VECTOR ( 'NONE', #7741, 1000.000000000000000 ) ;
#5191 = CARTESIAN_POINT ( 'NONE',  ( 9.539420412438825991, 8.181339682156078652, 8.000000000000000000 ) ) ;
#5192 = ORIENTED_EDGE ( 'NONE', *, *, #1941, .F. ) ;
#5193 = CARTESIAN_POINT ( 'NONE',  ( -5.198761634262769604, -11.94884645308979820, 8.000000000000000000 ) ) ;
#5194 = FACE_OUTER_BOUND ( 'NONE', #6727, .T. ) ;
#5195 = CARTESIAN_POINT ( 'NONE',  ( 12.05320353502386688, -0.8231400688184353776, -5.204170427930421283E-15 ) ) ;
#5196 = CARTESIAN_POINT ( 'NONE',  ( 1.051893166807160940, -12.60876818853258996, 8.000000000000000000 ) ) ;
#5197 = CARTESIAN_POINT ( 'NONE',  ( 12.02324651265874067, 5.286606996007108705, 0.000000000000000000 ) ) ;
#5198 = FACE_OUTER_BOUND ( 'NONE', #6752, .T. ) ;
#5199 = CARTESIAN_POINT ( 'NONE',  ( -4.404384806714132239, 11.05183112916330401, 0.000000000000000000 ) ) ;
#5200 = VERTEX_POINT ( 'NONE', #6933 ) ;
#5201 = CARTESIAN_POINT ( 'NONE',  ( 12.04862852623664260, -6.625183064395767651, 0.000000000000000000 ) ) ;
#5202 = CARTESIAN_POINT ( 'NONE',  ( -11.20891349420030636, -4.507497455256148200, 8.000000000000000000 ) ) ;
#5203 =( BOUNDED_SURFACE ( )  B_SPLINE_SURFACE ( 3, 2, ( 
 ( #760, #5568, #2801 ),
 ( #6152, #4206, #146 ),
 ( #4246, #101, #1474 ),
 ( #800, #4163, #8235 ),
 ( #5489, #8156, #5440 ),
 ( #4085, #2843, #6937 ),
 ( #6068, #846, #7424 ),
 ( #1433, #6773, #8074 ),
 ( #719, #5528, #2058 ),
 ( #2182, #4864, #2756 ),
 ( #4739, #1562, #3435 ),
 ( #1515, #6110, #3560 ),
 ( #59, #8113, #183 ),
 ( #2884, #2103, #2223 ),
 ( #4785, #7464, #4906 ),
 ( #6368, #4381, #2272 ),
 ( #1737, #277, #7068 ),
 ( #5618, #4949, #5033 ),
 ( #3768, #6451, #398 ),
 ( #8414, #1018, #4289 ),
 ( #7674, #3728, #2401 ),
 ( #5788, #6408, #319 ),
 ( #977, #1644, #1601 ),
 ( #3112, #355, #8283 ),
 ( #7632, #4990, #8455 ),
 ( #7110, #3599, #8326 ),
 ( #2443, #6277, #1057 ),
 ( #2355, #5116, #4336 ),
 ( #3690, #2979, #2928 ),
 ( #3020, #4461, #3063 ),
 ( #7801, #6980, #226 ),
 ( #888, #5701, #929 ),
 ( #1777, #3645, #5743 ),
 ( #5660, #6322, #2313 ),
 ( #7029, #8365, #7760 ),
 ( #5078, #7722, #1698 ) ),
 .UNSPECIFIED., .F., .F., .F. ) 
 B_SPLINE_SURFACE_WITH_KNOTS ( ( 4, 2, 2, 2, 2, 2, 2, 2, 2, 2, 2, 2, 2, 2, 2, 2, 2, 4 ),
 ( 3, 3 ),
 ( 0.000000000000000000, 0.0009799878629862496075, 0.001959975725972499215, 0.002449969657465624236, 0.002939963588958748823, 0.003184960554705310899, 0.003429957520451873410, 0.003552456003325154665, 0.003674954486198435920, 0.003736203727635076764, 0.003797452969071717175, 0.003828077589790037163, 0.003858702210508357586, 0.003874014520867517797, 0.003889326831226678008, 0.003896982986406258113, 0.003904639141585838219, 0.003919951451944998430 ),
 ( 0.000000000000000000, 1.000000000000000000 ),
 .UNSPECIFIED. ) 
 GEOMETRIC_REPRESENTATION_ITEM ( )  RATIONAL_B_SPLINE_SURFACE ( (
 ( 1.000000000000000000, 0.6426847034218332588, 1.000000000000000000),
 ( 1.000000000000000000, 0.6522546805161706374, 1.000000000000000000),
 ( 1.000000000000000000, 0.6632759786584340178, 1.000000000000000000),
 ( 1.000000000000000000, 0.6892354543190707394, 1.000000000000000000),
 ( 1.000000000000000000, 0.7042721706065394605, 1.000000000000000000),
 ( 1.000000000000000000, 0.7305983498510861818, 1.000000000000000000),
 ( 1.000000000000000000, 0.7399901336343877034, 1.000000000000000000),
 ( 1.000000000000000000, 0.7604339746263217847, 1.000000000000000000),
 ( 1.000000000000000000, 0.7714636933376750605, 1.000000000000000000),
 ( 1.000000000000000000, 0.7899627703941216605, 1.000000000000000000),
 ( 1.000000000000000000, 0.7964557690122142652, 1.000000000000000000),
 ( 1.000000000000000000, 0.8103890774422524146, 1.000000000000000000),
 ( 1.000000000000000000, 0.8178139366900109009, 1.000000000000000000),
 ( 1.000000000000000000, 0.8301707996241308729, 1.000000000000000000),
 ( 1.000000000000000000, 0.8344957118577809307, 1.000000000000000000),
 ( 1.000000000000000000, 0.8437683668175766094, 1.000000000000000000),
 ( 1.000000000000000000, 0.8487067171888367234, 1.000000000000000000),
 ( 1.000000000000000000, 0.8569363444203809133, 1.000000000000000000),
 ( 1.000000000000000000, 0.8598155982888613380, 1.000000000000000000),
 ( 1.000000000000000000, 0.8659921927209457415, 1.000000000000000000),
 ( 1.000000000000000000, 0.8692808902818784933, 1.000000000000000000),
 ( 1.000000000000000000, 0.8747807227672290686, 1.000000000000000000),
 ( 1.000000000000000000, 0.8767097792829134928, 1.000000000000000000),
 ( 1.000000000000000000, 0.8808708141647010326, 1.000000000000000000),
 ( 1.000000000000000000, 0.8830966067687617826, 1.000000000000000000),
 ( 1.000000000000000000, 0.8868556794273991795, 1.000000000000000000),
 ( 1.000000000000000000, 0.8881814360434032718, 1.000000000000000000),
 ( 1.000000000000000000, 0.8910396282925570066, 1.000000000000000000),
 ( 1.000000000000000000, 0.8926552102801901256, 1.000000000000000000),
 ( 1.000000000000000000, 0.8948682520434430021, 1.000000000000000000),
 ( 1.000000000000000000, 0.8955841115791599583, 1.000000000000000000),
 ( 1.000000000000000000, 0.8959746143585219924, 1.000000000000000000),
 ( 1.000000000000000000, 0.8955307474838857251, 1.000000000000000000),
 ( 1.000000000000000000, 0.8936028018882991031, 1.000000000000000000),
 ( 1.000000000000000000, 0.8918401421912565130, 1.000000000000000000),
 ( 1.000000000000000000, 0.8904563580954326651, 1.000000000000000000) ) ) 
 REPRESENTATION_ITEM ( '' )  SURFACE ( )  );
#5204 = CARTESIAN_POINT ( 'NONE',  ( 12.05320353502386688, -0.8231400688184353776, 0.000000000000000000 ) ) ;
#5205 = CARTESIAN_POINT ( 'NONE',  ( 12.04862852623650404, 6.625183064396031440, 8.000000000000000000 ) ) ;
#5206 = DIRECTION ( 'NONE',  ( 0.000000000000000000, 0.000000000000000000, -1.000000000000000000 ) ) ;
#5207 = EDGE_CURVE ( 'NONE', #4339, #1150, #7025, .T. ) ;
#5208 = DIRECTION ( 'NONE',  ( -0.6049683311478913916, -0.2693492547302756002, -0.7493092133988346060 ) ) ;
#5209 = CARTESIAN_POINT ( 'NONE',  ( 3.711973503739855129, 38.07088425068686632, -11.24860397213439356 ) ) ;
#5210 = CARTESIAN_POINT ( 'NONE',  ( 8.105411651555897379, -9.497099640846604629, 8.000000000000000000 ) ) ;
#5211 = EDGE_LOOP ( 'NONE', ( #3146, #5311, #1832, #1280 ) ) ;
#5212 = DIRECTION ( 'NONE',  ( -0.000000000000000000, -0.000000000000000000, -1.000000000000000000 ) ) ;
#5213 = CARTESIAN_POINT ( 'NONE',  ( -12.78342018721907714, 1.143751547996426421, 0.000000000000000000 ) ) ;
#5214 = ORIENTED_EDGE ( 'NONE', *, *, #4894, .F. ) ;
#5215 = CARTESIAN_POINT ( 'NONE',  ( 10.91417308631835681, 6.575057906251854156, 8.000000000000000000 ) ) ;
#5216 = EDGE_CURVE ( 'NONE', #6519, #8356, #6976, .T. ) ;
#5217 = CARTESIAN_POINT ( 'NONE',  ( -9.669723885496946281, -8.439220299577099738, 8.000000000000000000 ) ) ;
#5218 = CARTESIAN_POINT ( 'NONE',  ( 7.968244849358745441, 9.415217936710030600, 0.000000000000000000 ) ) ;
#5219 = CARTESIAN_POINT ( 'NONE',  ( 12.97053397611293235, 1.251919511749509217, 0.000000000000000000 ) ) ;
#5220 = CARTESIAN_POINT ( 'NONE',  ( -11.66361783702275012, -2.940710835118507394, 8.000000000000000000 ) ) ;
#5221 = CARTESIAN_POINT ( 'NONE',  ( 12.13967088095515301, 2.919073574173224994, -5.204170427930421283E-15 ) ) ;
#5222 = CYLINDRICAL_SURFACE ( 'NONE', #6035, 10.93750000000000178 ) ;
#5223 = CARTESIAN_POINT ( 'NONE',  ( -0.7639867559470682190, -11.11684438996336510, 0.000000000000000000 ) ) ;
#5224 = CARTESIAN_POINT ( 'NONE',  ( 7.906868104074138870, -9.376012365377775382, 8.000000000000000000 ) ) ;
#5225 = CARTESIAN_POINT ( 'NONE',  ( 8.404104273529382496, 35.76119574271730528, -14.32189209753483183 ) ) ;
#5226 = CARTESIAN_POINT ( 'NONE',  ( -4.668788839230860965, 11.41672744483952151, 8.000000000000000000 ) ) ;
#5227 = CARTESIAN_POINT ( 'NONE',  ( -9.301941798724802979, 7.798144649837160713, 0.000000000000000000 ) ) ;
#5228 = EDGE_LOOP ( 'NONE', ( #5592, #4662, #2519, #2824 ) ) ;
#5229 = CARTESIAN_POINT ( 'NONE',  ( 2.353223114595860643, 34.03502566864683843, -9.013081408907767766 ) ) ;
#5230 = CARTESIAN_POINT ( 'NONE',  ( 9.928529331195960594, -9.094348737717146136, 8.000000000000000000 ) ) ;
#5231 = CARTESIAN_POINT ( 'NONE',  ( -8.881356617214141380, 7.313425558786508240, 0.000000000000000000 ) ) ;
#5232 = CARTESIAN_POINT ( 'NONE',  ( 9.844302869038513037, 8.855020039375149921, 8.000000000000000000 ) ) ;
#5233 = ORIENTED_EDGE ( 'NONE', *, *, #1329, .F. ) ;
#5234 = CYLINDRICAL_SURFACE ( 'NONE', #8396, 13.75000000000000000 ) ;
#5235 = CARTESIAN_POINT ( 'NONE',  ( -9.328340841197613642, -10.00078975079091492, 0.000000000000000000 ) ) ;
#5236 = CARTESIAN_POINT ( 'NONE',  ( 13.48577048812306067, -1.600954125870787115, -5.204170427930421283E-15 ) ) ;
#5237 = ORIENTED_EDGE ( 'NONE', *, *, #309, .F. ) ;
#5238 = CARTESIAN_POINT ( 'NONE',  ( -13.19332579941579553, 2.686824890852690828, 0.000000000000000000 ) ) ;
#5239 = ORIENTED_EDGE ( 'NONE', *, *, #3818, .F. ) ;
#5240 = CARTESIAN_POINT ( 'NONE',  ( 12.17545110014123289, 5.477724940116983632, 0.000000000000000000 ) ) ;
#5241 = CARTESIAN_POINT ( 'NONE',  ( -12.43077374740196106, -5.836552422531369189, 0.000000000000000000 ) ) ;
#5242 = CARTESIAN_POINT ( 'NONE',  ( -5.038066446831187761, 11.80431640392014359, 0.000000000000000000 ) ) ;
#5243 = VERTEX_POINT ( 'NONE', #1640 ) ;
#5244 = CARTESIAN_POINT ( 'NONE',  ( 11.01428446989507748, -6.588591420233351315, 0.000000000000000000 ) ) ;
#5245 = CARTESIAN_POINT ( 'NONE',  ( -13.32045193209910927, 2.644734409370955053, 0.000000000000000000 ) ) ;
#5246 = CARTESIAN_POINT ( 'NONE',  ( 10.32496896312099111, -3.608867157514701773, 0.000000000000000000 ) ) ;
#5247 = CARTESIAN_POINT ( 'NONE',  ( -11.85123473191535837, -6.631537913675579432, 0.000000000000000000 ) ) ;
#5248 = CARTESIAN_POINT ( 'NONE',  ( 10.35164078446974401, 6.455308898419904295, 8.000000000000000000 ) ) ;
#5249 = CARTESIAN_POINT ( 'NONE',  ( -6.619621129381195956, 11.34404188716887596, 0.000000000000000000 ) ) ;
#5250 = CARTESIAN_POINT ( 'NONE',  ( 0.5146130132903103949, 44.30978159260892113, 18.90981260795435048 ) ) ;
#5251 = CARTESIAN_POINT ( 'NONE',  ( -4.719217338362137859, -11.47561408673062822, 0.000000000000000000 ) ) ;
#5252 = CARTESIAN_POINT ( 'NONE',  ( 7.798144649837262854, -9.301941798724717714, 8.000000000000000000 ) ) ;
#5253 = ORIENTED_EDGE ( 'NONE', *, *, #4231, .F. ) ;
#5254 = CARTESIAN_POINT ( 'NONE',  ( -6.186699299581457367, 9.699971161947006593, 0.000000000000000000 ) ) ;
#5255 = CARTESIAN_POINT ( 'NONE',  ( -5.198761634262857534, 11.94884645308976090, 0.000000000000000000 ) ) ;
#5256 = CARTESIAN_POINT ( 'NONE',  ( 10.47431425022855755, 3.149229626029041551, 0.000000000000000000 ) ) ;
#5257 = CARTESIAN_POINT ( 'NONE',  ( -7.577720000373704856, 9.126433365741132064, 8.000000000000000000 ) ) ;
#5258 = LINE ( 'NONE', #7897, #2373 ) ;
#5259 = CARTESIAN_POINT ( 'NONE',  ( 9.411632514553422979, 10.02415449856000329, 0.000000000000000000 ) ) ;
#5260 = CARTESIAN_POINT ( 'NONE',  ( 4.404384806714210399, -11.05183112916327026, 0.000000000000000000 ) ) ;
#5261 = ORIENTED_EDGE ( 'NONE', *, *, #2421, .F. ) ;
#5262 = CARTESIAN_POINT ( 'NONE',  ( 8.544655887209394507, 7.152395453489337029, 0.000000000000000000 ) ) ;
#5263 = CARTESIAN_POINT ( 'NONE',  ( 11.77637575328567010, 2.941794575437405967, 8.000000000000000000 ) ) ;
#5264 = EDGE_CURVE ( 'NONE', #3806, #8479, #5470, .T. ) ;
#5265 = DIRECTION ( 'NONE',  ( 1.000000000000000000, 0.000000000000000000, 0.000000000000000000 ) ) ;
#5266 = B_SPLINE_SURFACE_WITH_KNOTS ( 'NONE', 3, 1, ( 
 ( #6863, #3532 ),
 ( #2812, #7473 ),
 ( #27, #813 ),
 ( #8704, #2192 ),
 ( #6030, #1483 ),
 ( #688, #5405 ),
 ( #2764, #2725 ),
 ( #4708, #156 ),
 ( #6211, #3444 ),
 ( #4873, #6119 ),
 ( #67, #5362 ),
 ( #2686, #8081 ),
 ( #2023, #6821 ),
 ( #4834, #5499 ),
 ( #8165, #3486 ),
 ( #5450, #2066 ),
 ( #8125, #2151 ),
 ( #1441, #7391 ),
 ( #4172, #4751 ),
 ( #729, #2854 ),
 ( #7434, #1402 ),
 ( #7514, #3356 ),
 ( #5538, #1352 ),
 ( #8203, #4051 ),
 ( #6738, #4007 ),
 ( #3404, #643 ),
 ( #6078, #6783 ),
 ( #2112, #4794 ),
 ( #768, #6163 ) ),
 .UNSPECIFIED., .F., .F., .F.,
 ( 4, 1, 1, 1, 1, 1, 1, 1, 1, 1, 1, 1, 1, 1, 1, 1, 1, 1, 1, 1, 1, 1, 1, 1, 1, 1, 4 ),
 ( 2, 2 ),
 ( 0.4925683021194535716, 0.5024463643869940821, 0.5250929155847819940, 0.5469717870834428508, 0.5680829788830696891, 0.5884264909837645385, 0.6080023233856429732, 0.6268104760888334459, 0.6448509490934806188, 0.6621237423997496929, 0.6786288560078284071, 0.6943662899179314785, 0.7093360441303072639, 0.7235381186452435331, 0.7369725134630787933, 0.7496392285842117253, 0.7615382640091191702, 0.7726696197383760012, 0.7830332957726851006, 0.7926292921129175495, 0.8014576087601730237, 0.8095182457158636158, 0.8168112029818485054, 0.8233364805606433467, 0.8290940784557681020, 0.8340839966723704313, 1.000000000000000000 ),
 ( 0.000000000000000000, 1.000000000000000000 ),
 .UNSPECIFIED. ) ;
#5267 = CARTESIAN_POINT ( 'NONE',  ( -0.8620871873792290696, -12.16898868378441634, 0.000000000000000000 ) ) ;
#5268 = ADVANCED_FACE ( 'NONE', ( #3016 ), #265, .T. ) ;
#5269 = CARTESIAN_POINT ( 'NONE',  ( 7.707558585906948423, -9.234787594130720478, 0.000000000000000000 ) ) ;
#5270 = CARTESIAN_POINT ( 'NONE',  ( 7.508226889007950433, 36.77129107417622578, -13.09387448617211547 ) ) ;
#5271 = CARTESIAN_POINT ( 'NONE',  ( 10.32496896312091827, 3.608867157514916713, 8.000000000000000000 ) ) ;
#5272 = CARTESIAN_POINT ( 'NONE',  ( -9.801135538539506697, 8.743249532614848718, 8.000000000000000000 ) ) ;
#5273 = ORIENTED_EDGE ( 'NONE', *, *, #3234, .F. ) ;
#5274 = CARTESIAN_POINT ( 'NONE',  ( -12.33100786788150849, 5.689930116769273738, 8.000000000000000000 ) ) ;
#5275 = CARTESIAN_POINT ( 'NONE',  ( 9.757522586729640679, -8.636712746112378269, 8.000000000000000000 ) ) ;
#5276 = CARTESIAN_POINT ( 'NONE',  ( -9.338196514606226017, 7.850195268865149956, 0.000000000000000000 ) ) ;
#5277 = CARTESIAN_POINT ( 'NONE',  ( -9.699971161947024356, 6.186699299581424505, 8.000000000000000000 ) ) ;
#5278 = CARTESIAN_POINT ( 'NONE',  ( -5.115945187291566221, -11.87581303661964682, 0.000000000000000000 ) ) ;
#5279 = CARTESIAN_POINT ( 'NONE',  ( 6.352286767647669308, -10.05932550694754823, 0.000000000000000000 ) ) ;
#5280 = CARTESIAN_POINT ( 'NONE',  ( 12.97053397611296077, -1.251919511749237435, -5.204170427930421283E-15 ) ) ;
#5281 = EDGE_LOOP ( 'NONE', ( #2250, #5989, #645, #69, #1983, #6563 ) ) ;
#5282 = CARTESIAN_POINT ( 'NONE',  ( -11.49488719732985942, 2.929367628693729575, 0.000000000000000000 ) ) ;
#5283 = ORIENTED_EDGE ( 'NONE', *, *, #3107, .T. ) ;
#5284 = CARTESIAN_POINT ( 'NONE',  ( 12.02324651265874067, 5.286606996007108705, 8.000000000000000000 ) ) ;
#5285 = DIRECTION ( 'NONE',  ( -0.000000000000000000, 0.000000000000000000, -1.000000000000000000 ) ) ;
#5286 = VECTOR ( 'NONE', #3397, 1000.000000000000000 ) ;
#5287 = DIRECTION ( 'NONE',  ( -0.9510565162951556406, 0.3090169943749411785, 0.000000000000000000 ) ) ;
#5288 = VERTEX_POINT ( 'NONE', #3766 ) ;
#5289 = CARTESIAN_POINT ( 'NONE',  ( 11.46368139467884006, -6.626136714284544205, 0.000000000000000000 ) ) ;
#5290 = CARTESIAN_POINT ( 'NONE',  ( -12.05785317090585274, 2.927269694296032565, 0.000000000000000000 ) ) ;
#5291 = CARTESIAN_POINT ( 'NONE',  ( 12.87548337994387282, -1.195724957047402448, 0.000000000000000000 ) ) ;
#5292 = LINE ( 'NONE', #2004, #2224 ) ;
#5293 = CARTESIAN_POINT ( 'NONE',  ( 6.544354946388811989, -10.72875944066938914, 0.000000000000000000 ) ) ;
#5294 = CARTESIAN_POINT ( 'NONE',  ( 7.039542349146270084, 36.99693945684987284, -13.54913292669654012 ) ) ;
#5295 = CARTESIAN_POINT ( 'NONE',  ( -11.20891349420033833, 4.507497455256067376, 0.000000000000000000 ) ) ;
#5296 = EDGE_CURVE ( 'NONE', #6884, #7182, #2481, .T. ) ;
#5297 = CARTESIAN_POINT ( 'NONE',  ( -7.313425558786478042, -8.881356617214166249, 0.000000000000000000 ) ) ;
#5298 = CARTESIAN_POINT ( 'NONE',  ( -1.136566812413093208, 32.95447718535100279, 20.05333997751971253 ) ) ;
#5299 = CARTESIAN_POINT ( 'NONE',  ( -5.916238915412231236, 9.442776183394606448, 8.000000000000000000 ) ) ;
#5300 = CARTESIAN_POINT ( 'NONE',  ( -5.379567626064813979, 12.09884006967985393, 8.000000000000000000 ) ) ;
#5301 = ORIENTED_EDGE ( 'NONE', *, *, #8600, .T. ) ;
#5302 = CARTESIAN_POINT ( 'NONE',  ( 10.13775510802960866, 6.383929952666293595, 8.000000000000000000 ) ) ;
#5303 = DIRECTION ( 'NONE',  ( 0.000000000000000000, 0.000000000000000000, 1.000000000000000000 ) ) ;
#5304 = CARTESIAN_POINT ( 'NONE',  ( 6.625183064395991472, -12.04862852623652536, 8.000000000000000000 ) ) ;
#5305 = AXIS2_PLACEMENT_3D ( 'NONE', #6953, #332, #4963 ) ;
#5306 = CARTESIAN_POINT ( 'NONE',  ( 5.689930116769404300, -12.33100786788144276, 0.000000000000000000 ) ) ;
#5307 = CARTESIAN_POINT ( 'NONE',  ( -11.52995163726276395, -2.932881190150568251, 8.000000000000000000 ) ) ;
#5308 = CARTESIAN_POINT ( 'NONE',  ( -9.699971161946981724, -6.186699299581489342, 8.000000000000000000 ) ) ;
#5309 = LINE ( 'NONE', #5981, #8690 ) ;
#5310 = EDGE_CURVE ( 'NONE', #1443, #880, #7438, .T. ) ;
#5311 = ORIENTED_EDGE ( 'NONE', *, *, #6972, .F. ) ;
#5312 = VECTOR ( 'NONE', #2832, 1000.000000000000000 ) ;
#5313 = DIRECTION ( 'NONE',  ( -0.6049683311478916137, -0.2693492547302754336, -0.7493092133988346060 ) ) ;
#5314 = CARTESIAN_POINT ( 'NONE',  ( -13.48734665307395986, -2.584755384919285248, 8.000000000000000000 ) ) ;
#5315 = CARTESIAN_POINT ( 'NONE',  ( 8.145212452571966466, 36.16418357619495794, -13.28900056910817185 ) ) ;
#5316 = CARTESIAN_POINT ( 'NONE',  ( -5.198761634262857534, 11.94884645308976090, 8.000000000000000000 ) ) ;
#5317 = CARTESIAN_POINT ( 'NONE',  ( -9.886832010614797994, 8.972047302895393983, 0.000000000000000000 ) ) ;
#5318 = ORIENTED_EDGE ( 'NONE', *, *, #6373, .T. ) ;
#5319 = FACE_OUTER_BOUND ( 'NONE', #2261, .T. ) ;
#5320 = AXIS2_PLACEMENT_3D ( 'NONE', #4475, #1115, #8602 ) ;
#5321 = VECTOR ( 'NONE', #7620, 1000.000000000000000 ) ;
#5322 = CARTESIAN_POINT ( 'NONE',  ( 9.582420452220691942, -8.262247439007721184, 8.000000000000000000 ) ) ;
#5323 = CARTESIAN_POINT ( 'NONE',  ( -10.01877448793495873, 9.392211555323809691, 0.000000000000000000 ) ) ;
#5324 = ADVANCED_FACE ( 'NONE', ( #7925 ), #8586, .T. ) ;
#5325 = CARTESIAN_POINT ( 'NONE',  ( 12.41180006574744610, 2.880586703536741844, 0.000000000000000000 ) ) ;
#5326 = CARTESIAN_POINT ( 'NONE',  ( 9.338196514606112331, 7.850195268865284959, 0.000000000000000000 ) ) ;
#5327 = CIRCLE ( 'NONE', #4897, 13.75000000000000000 ) ;
#5328 = AXIS2_PLACEMENT_3D ( 'NONE', #6886, #1551, #5601 ) ;
#5329 = CARTESIAN_POINT ( 'NONE',  ( -9.713655369616137847, -8.535381057717604136, 0.000000000000000000 ) ) ;
#5330 = CARTESIAN_POINT ( 'NONE',  ( 6.600657436018233071, -11.11931436071730772, 8.000000000000000000 ) ) ;
#5331 = CARTESIAN_POINT ( 'NONE',  ( 11.48389212362418910, -0.6963551242056464918, 8.000000000000000000 ) ) ;
#5332 = CARTESIAN_POINT ( 'NONE',  ( -10.47431425022860374, 3.149229626028895446, 0.000000000000000000 ) ) ;
#5333 = EDGE_LOOP ( 'NONE', ( #2926, #6032, #3276, #5446 ) ) ;
#5334 = CARTESIAN_POINT ( 'NONE',  ( 11.87581303661955623, 5.115945187291778495, 0.000000000000000000 ) ) ;
#5335 = EDGE_CURVE ( 'NONE', #6131, #3261, #7972, .T. ) ;
#5336 = CARTESIAN_POINT ( 'NONE',  ( 11.61432090236923997, -2.938739567862257207, 0.000000000000000000 ) ) ;
#5337 = VECTOR ( 'NONE', #6829, 1000.000000000000000 ) ;
#5338 = CARTESIAN_POINT ( 'NONE',  ( -8.181339682155909898, -9.539420412438971653, 8.000000000000000000 ) ) ;
#5339 = EDGE_LOOP ( 'NONE', ( #3585, #4541, #608, #2226, #5416, #29 ) ) ;
#5340 = LINE ( 'NONE', #1956, #3638 ) ;
#5341 = DIRECTION ( 'NONE',  ( 1.000000000000000000, 0.000000000000000000, 0.000000000000000000 ) ) ;
#5342 = CARTESIAN_POINT ( 'NONE',  ( 12.10906341627277527, -0.8412873393388760057, 0.000000000000000000 ) ) ;
#5343 = CARTESIAN_POINT ( 'NONE',  ( -10.48771353560521113, -6.492081297254504335, 0.000000000000000000 ) ) ;
#5344 = CARTESIAN_POINT ( 'NONE',  ( 11.11931436071728463, 6.600657436018271262, 8.000000000000000000 ) ) ;
#5345 = CARTESIAN_POINT ( 'NONE',  ( 0.000000000000000000, 0.000000000000000000, 0.000000000000000000 ) ) ;
#5346 = DIRECTION ( 'NONE',  ( 0.8090169943749551118, -0.5877852522924624790, 0.000000000000000000 ) ) ;
#5347 = CARTESIAN_POINT ( 'NONE',  ( -7.152395453489296173, -8.544655887209740897, 8.000000000000000000 ) ) ;
#5348 = DIRECTION ( 'NONE',  ( 0.7780644821457439742, 0.000000000000000000, 0.6281844168898774727 ) ) ;
#5349 = VERTEX_POINT ( 'NONE', #6055 ) ;
#5350 = CARTESIAN_POINT ( 'NONE',  ( 0.9420826277741565224, -12.37227591337642352, 8.000000000000000000 ) ) ;
#5351 = CARTESIAN_POINT ( 'NONE',  ( -5.286606996006981696, 12.02324651265879929, 0.000000000000000000 ) ) ;
#5352 = CARTESIAN_POINT ( 'NONE',  ( 11.11931436071728463, 6.600657436018271262, 8.000000000000000000 ) ) ;
#5353 = CARTESIAN_POINT ( 'NONE',  ( -2.932881190150526507, 11.52995163726277283, 0.000000000000000000 ) ) ;
#5354 = CARTESIAN_POINT ( 'NONE',  ( 8.743249532614738584, 9.801135538539602621, 0.000000000000000000 ) ) ;
#5355 = DIRECTION ( 'NONE',  ( -0.6049683311478913916, -0.2693492547302756002, -0.7493092133988346060 ) ) ;
#5356 = CARTESIAN_POINT ( 'NONE',  ( -11.66361783702275012, -2.940710835118507394, 0.000000000000000000 ) ) ;
#5357 = CARTESIAN_POINT ( 'NONE',  ( -10.41722559423731020, -6.473761040516483156, 8.000000000000000000 ) ) ;
#5358 = CARTESIAN_POINT ( 'NONE',  ( 2.608360927444838051, 35.64590242097294492, 16.28481329258820409 ) ) ;
#5359 = CARTESIAN_POINT ( 'NONE',  ( -0.2416457505997634259, -10.93483029503508597, 0.000000000000000000 ) ) ;
#5360 = B_SPLINE_CURVE_WITH_KNOTS ( 'NONE', 3,
 ( #5256, #8643, #2624, #629, #5125, #7808, #3817, #2958, #3456, #869, #206, #2907, #7612, #4807, #129, #8178, #1496, #5325, #3177, #6560, #8571, #4625, #4255, #1026, #8291, #5024, #3682, #6359, #4239 ),
 .UNSPECIFIED., .F., .F.,
 ( 4, 1, 1, 1, 1, 1, 1, 1, 1, 1, 1, 1, 1, 1, 1, 1, 1, 1, 1, 1, 1, 1, 1, 1, 1, 1, 4 ),
 ( 0.000000000000000000, 0.1659160033276295965, 0.1709059215442318702, 0.1766635194393565977, 0.1831887970181514669, 0.1904817542841364120, 0.1985423912398269763, 0.2073707078870824227, 0.2169667042273148716, 0.2273303802616240543, 0.2384617359908808021, 0.2503607714157882191, 0.2630274865369212067, 0.2764618813547564669, 0.2906639558696927361, 0.3056337100820685215, 0.3213711439921715929, 0.3378762576002502516, 0.3551490509065193812, 0.3731895239111665541, 0.3919976766143570268, 0.4115735090162354615, 0.4319170211169303109, 0.4530282129165571492, 0.4749070844152180060, 0.4975536356130058624, 0.5074316978669447531 ),
 .UNSPECIFIED. ) ;
#5361 = CARTESIAN_POINT ( 'NONE',  ( 7.634576694792508889, 35.53550972601125579, -14.95444308787912924 ) ) ;
#5362 = CARTESIAN_POINT ( 'NONE',  ( 11.01428446989507748, -6.588591420233351315, 0.000000000000000000 ) ) ;
#5363 = CARTESIAN_POINT ( 'NONE',  ( -9.757522586729574954, 8.636712746112451100, 8.000000000000000000 ) ) ;
#5364 = ORIENTED_EDGE ( 'NONE', *, *, #94, .F. ) ;
#5365 = CARTESIAN_POINT ( 'NONE',  ( -6.318328685111382015, 55.40062162131238921, 14.14631555760630910 ) ) ;
#5366 = CARTESIAN_POINT ( 'NONE',  ( -2.760631555021785033, 33.04615718687360015, 21.68991984619308511 ) ) ;
#5367 = CARTESIAN_POINT ( 'NONE',  ( 6.588591420233311347, 11.01428446989509702, 8.000000000000000000 ) ) ;
#5368 = B_SPLINE_CURVE_WITH_KNOTS ( 'NONE', 3,
 ( #6631, #4593, #7151, #577, #3288, #5963, #8682, #5829, #6494, #8634, #5871, #6533, #2617, #441, #7841, #5293, #1961, #8544, #3986, #1826, #4505, #7189, #4550, #1145, #2530, #6672, #6058, #6804, #4857 ),
 .UNSPECIFIED., .F., .F.,
 ( 4, 1, 1, 1, 1, 1, 1, 1, 1, 1, 1, 1, 1, 1, 1, 1, 1, 1, 1, 1, 1, 1, 1, 1, 1, 1, 4 ),
 ( 0.000000000000000000, 0.1659160033276295965, 0.1709059215442318702, 0.1766635194393565977, 0.1831887970181514669, 0.1904817542841364120, 0.1985423912398269763, 0.2073707078870824227, 0.2169667042273148716, 0.2273303802616240543, 0.2384617359908808021, 0.2503607714157882191, 0.2630274865369212067, 0.2764618813547564669, 0.2906639558696927361, 0.3056337100820685215, 0.3213711439921715929, 0.3378762576002502516, 0.3551490509065193812, 0.3731895239111665541, 0.3919976766143570268, 0.4115735090162354615, 0.4319170211169303109, 0.4530282129165571492, 0.4749070844152180060, 0.4975536356130058624, 0.5074316978669448641 ),
 .UNSPECIFIED. ) ;
#5369 = CARTESIAN_POINT ( 'NONE',  ( -10.48771353560525732, 6.492081297254431504, 8.000000000000000000 ) ) ;
#5370 = DIRECTION ( 'NONE',  ( 0.000000000000000000, 0.000000000000000000, -1.000000000000000000 ) ) ;
#5371 = CARTESIAN_POINT ( 'NONE',  ( 6.186699299581528422, -9.699971161946956855, 8.000000000000000000 ) ) ;
#5372 = ADVANCED_FACE ( 'NONE', ( #524 ), #3319, .T. ) ;
#5373 = LINE ( 'NONE', #6918, #2790 ) ;
#5374 = ORIENTED_EDGE ( 'NONE', *, *, #5380, .T. ) ;
#5375 = CARTESIAN_POINT ( 'NONE',  ( -11.56976343863536982, 2.936066220364013102, 0.000000000000000000 ) ) ;
#5376 = ORIENTED_EDGE ( 'NONE', *, *, #3779, .T. ) ;
#5377 = CARTESIAN_POINT ( 'NONE',  ( 8.704427730807781316, -6.622827502596191351, 0.000000000000000000 ) ) ;
#5378 = CARTESIAN_POINT ( 'NONE',  ( -5.477724940116855734, 12.17545110014129150, 0.000000000000000000 ) ) ;
#5379 = EDGE_CURVE ( 'NONE', #2083, #3899, #4150, .T. ) ;
#5380 = EDGE_CURVE ( 'NONE', #4997, #8473, #3281, .T. ) ;
#5381 = VERTEX_POINT ( 'NONE', #7532 ) ;
#5382 = DIRECTION ( 'NONE',  ( -0.1564344650402308967, -0.9876883405951376593, 0.000000000000000000 ) ) ;
#5383 = CARTESIAN_POINT ( 'NONE',  ( -11.98057174878964126, 2.933454507433523428, 0.000000000000000000 ) ) ;
#5384 = EDGE_CURVE ( 'NONE', #2596, #6300, #4812, .T. ) ;
#5385 = CARTESIAN_POINT ( 'NONE',  ( -12.97053397611295189, 1.251919511749328029, 0.000000000000000000 ) ) ;
#5386 = CARTESIAN_POINT ( 'NONE',  ( -2.919073574173096652, 12.13967088095518498, 8.000000000000000000 ) ) ;
#5387 = CARTESIAN_POINT ( 'NONE',  ( 11.30699639290211600, -4.580317944817275944, 0.000000000000000000 ) ) ;
#5388 = CARTESIAN_POINT ( 'NONE',  ( -6.628700411335480602, 11.96219333340842539, 0.000000000000000000 ) ) ;
#5389 = CARTESIAN_POINT ( 'NONE',  ( 4.965029436117344375, 11.73452356626246917, 8.000000000000000000 ) ) ;
#5390 = CARTESIAN_POINT ( 'NONE',  ( -8.348190801685142048, -9.625916629980782346, 0.000000000000000000 ) ) ;
#5391 = B_SPLINE_CURVE_WITH_KNOTS ( 'NONE', 3,
 ( #4711, #1310, #8043, #6824, #771, #6741, #1355, #5408, #7394, #7517, #3966, #693, #4010, #732, #8127, #1444, #5502, #2155, #5990, #3447, #3407, #2027, #2641, #116, #6122, #2816, #3489, #70, #5454 ),
 .UNSPECIFIED., .F., .F.,
 ( 4, 1, 1, 1, 1, 1, 1, 1, 1, 1, 1, 1, 1, 1, 1, 1, 1, 1, 1, 1, 1, 1, 1, 1, 1, 1, 4 ),
 ( 0.000000000000000000, 0.1659160033276295965, 0.1709059215442318702, 0.1766635194393565977, 0.1831887970181514669, 0.1904817542841364120, 0.1985423912398269763, 0.2073707078870824227, 0.2169667042273148716, 0.2273303802616240543, 0.2384617359908808021, 0.2503607714157882191, 0.2630274865369212067, 0.2764618813547564669, 0.2906639558696927361, 0.3056337100820685215, 0.3213711439921715929, 0.3378762576002502516, 0.3551490509065193812, 0.3731895239111665541, 0.3919976766143570268, 0.4115735090162354615, 0.4319170211169303109, 0.4530282129165571492, 0.4749070844152180060, 0.4975536356130058624, 0.5074316978669446421 ),
 .UNSPECIFIED. ) ;
#5392 = ORIENTED_EDGE ( 'NONE', *, *, #8154, .F. ) ;
#5393 = CARTESIAN_POINT ( 'NONE',  ( 0.8074739252556281111, -12.00148937107102753, 0.000000000000000000 ) ) ;
#5394 = CARTESIAN_POINT ( 'NONE',  ( -4.542018187747222768, 11.25643158326923299, 8.000000000000000000 ) ) ;
#5395 = CARTESIAN_POINT ( 'NONE',  ( 12.17545110014134657, -5.477724940116727836, 8.000000000000000000 ) ) ;
#5396 = CARTESIAN_POINT ( 'NONE',  ( -2.880586703536610393, 12.41180006574747985, 0.000000000000000000 ) ) ;
#5397 = CARTESIAN_POINT ( 'NONE',  ( 13.19332579941575467, 2.686824890852877346, 8.000000000000000000 ) ) ;
#5398 = CARTESIAN_POINT ( 'NONE',  ( 5.853360337646514644, -12.44189184801357584, 0.000000000000000000 ) ) ;
#5399 = ORIENTED_EDGE ( 'NONE', *, *, #837, .F. ) ;
#5400 = CARTESIAN_POINT ( 'NONE',  ( -8.535381057717573938, 9.713655369616169821, 0.000000000000000000 ) ) ;
#5401 = CARTESIAN_POINT ( 'NONE',  ( -10.91417308631840655, -6.575057906251772444, 8.000000000000000000 ) ) ;
#5402 = CARTESIAN_POINT ( 'NONE',  ( 8.105411651555689545, 9.497099640846785817, -5.204170427930421283E-15 ) ) ;
#5403 = CARTESIAN_POINT ( 'NONE',  ( -0.7661213205046492059, -11.83751175313650172, 0.000000000000000000 ) ) ;
#5404 = CARTESIAN_POINT ( 'NONE',  ( -1.043230125283124199, 12.59066394308166181, 0.000000000000000000 ) ) ;
#5405 = CARTESIAN_POINT ( 'NONE',  ( 11.58812316373730411, -6.630420918279993359, 0.000000000000000000 ) ) ;
#5406 = CARTESIAN_POINT ( 'NONE',  ( -9.338196514606226017, 7.850195268865149956, 8.000000000000000000 ) ) ;
#5407 = VERTEX_POINT ( 'NONE', #8142 ) ;
#5408 = CARTESIAN_POINT ( 'NONE',  ( 9.234787594130864363, -7.707558585906779669, 8.000000000000000000 ) ) ;
#5409 = CARTESIAN_POINT ( 'NONE',  ( 13.16905850672523925, 1.377525651863871214, 0.000000000000000000 ) ) ;
#5410 = CARTESIAN_POINT ( 'NONE',  ( -10.02415449855990204, 9.411632514553531337, 0.000000000000000000 ) ) ;
#5411 = ADVANCED_FACE ( 'NONE', ( #6926 ), #7491, .F. ) ;
#5412 = CARTESIAN_POINT ( 'NONE',  ( -1.668469543058222149, -13.57387004037415856, 8.000000000000000000 ) ) ;
#5413 = LINE ( 'NONE', #2074, #4621 ) ;
#5414 = LINE ( 'NONE', #6127, #7027 ) ;
#5415 = CARTESIAN_POINT ( 'NONE',  ( -8.704427730807687169, -6.622827502596316585, 8.000000000000000000 ) ) ;
#5416 = ORIENTED_EDGE ( 'NONE', *, *, #610, .F. ) ;
#5417 = CARTESIAN_POINT ( 'NONE',  ( -6.418760976341363111, 10.23507608951704917, 8.000000000000000000 ) ) ;
#5418 = EDGE_LOOP ( 'NONE', ( #3504, #7714 ) ) ;
#5419 = CC_DESIGN_DATE_AND_TIME_ASSIGNMENT ( #93, #6104, ( #1264 ) ) ;
#5420 = CARTESIAN_POINT ( 'NONE',  ( 13.06987279011083380, -2.724978029605075402, 0.000000000000000000 ) ) ;
#5421 = CARTESIAN_POINT ( 'NONE',  ( -5.853360337646424938, 12.44189184801361847, 0.000000000000000000 ) ) ;
#5422 = ADVANCED_FACE ( 'NONE', ( #2830 ), #212, .T. ) ;
#5423 = ORIENTED_EDGE ( 'NONE', *, *, #631, .F. ) ;
#5424 = DIRECTION ( 'NONE',  ( 0.9135454576425999784, 0.4067366430758020956, 1.734723475976806306E-15 ) ) ;
#5425 = CARTESIAN_POINT ( 'NONE',  ( -12.13967088095519209, 2.919073574173051799, 0.000000000000000000 ) ) ;
#5426 = CARTESIAN_POINT ( 'NONE',  ( 1.782625557214392531, 30.43241449699887013, 12.99999999999999467 ) ) ;
#5427 = VERTEX_POINT ( 'NONE', #834 ) ;
#5428 = EDGE_CURVE ( 'NONE', #6300, #6241, #3150, .T. ) ;
#5429 = CARTESIAN_POINT ( 'NONE',  ( -3.149229626028930973, 10.47431425022859308, 8.000000000000000000 ) ) ;
#5430 = CYLINDRICAL_SURFACE ( 'NONE', #4620, 10.93750000000000178 ) ;
#5431 = CARTESIAN_POINT ( 'NONE',  ( 7.261213438799543063, 37.96338310791389148, -14.07550422878516727 ) ) ;
#5432 = CARTESIAN_POINT ( 'NONE',  ( 6.510080463201441070, -10.56312374806388377, 8.000000000000000000 ) ) ;
#5433 = CARTESIAN_POINT ( 'NONE',  ( -7.798144649837128739, -9.301941798724829624, 8.000000000000000000 ) ) ;
#5434 = ADVANCED_FACE ( 'NONE', ( #4236 ), #8313, .T. ) ;
#5435 = ORIENTED_EDGE ( 'NONE', *, *, #5711, .F. ) ;
#5436 = CARTESIAN_POINT ( 'NONE',  ( -6.401038329813985683, 10.18403012388272799, 8.000000000000000000 ) ) ;
#5437 = CARTESIAN_POINT ( 'NONE',  ( -5.115945187291654150, 11.87581303661961485, 0.000000000000000000 ) ) ;
#5438 = CARTESIAN_POINT ( 'NONE',  ( 1.709570872969507382, -13.62596226217982753, 8.000000000000000000 ) ) ;
#5439 = CARTESIAN_POINT ( 'NONE',  ( -2.937812879663857402, 11.90787246215809780, 8.000000000000000000 ) ) ;
#5440 = CARTESIAN_POINT ( 'NONE',  ( 6.052098074030793917, 37.70656834427408910, 20.82408908906635503 ) ) ;
#5441 = CARTESIAN_POINT ( 'NONE',  ( 11.87194576742585816, 0.7736152328234355835, 0.000000000000000000 ) ) ;
#5442 = CYLINDRICAL_SURFACE ( 'NONE', #1688, 13.75000000000000000 ) ;
#5443 = AXIS2_PLACEMENT_3D ( 'NONE', #1311, #4798, #819 ) ;
#5444 = CARTESIAN_POINT ( 'NONE',  ( -11.11931436071733259, -6.600657436018188662, 0.000000000000000000 ) ) ;
#5445 = CARTESIAN_POINT ( 'NONE',  ( 9.328340841197540811, 10.00078975079098420, 8.000000000000000000 ) ) ;
#5446 = ORIENTED_EDGE ( 'NONE', *, *, #1329, .T. ) ;
#5447 = CARTESIAN_POINT ( 'NONE',  ( -6.600657436018073199, -11.11931436071740187, 8.000000000000000000 ) ) ;
#5448 = AXIS2_PLACEMENT_3D ( 'NONE', #8297, #2897, #5673 ) ;
#5449 = CARTESIAN_POINT ( 'NONE',  ( -12.02324651265878153, -5.286606996007026105, 8.000000000000000000 ) ) ;
#5450 = CARTESIAN_POINT ( 'NONE',  ( 10.56312374806400456, -6.510080463201247447, 8.000000000000000000 ) ) ;
#5451 = CARTESIAN_POINT ( 'NONE',  ( -3.102622000023657289, 33.97453399672129137, -13.61616680320316952 ) ) ;
#5452 = ORIENTED_EDGE ( 'NONE', *, *, #1887, .F. ) ;
#5453 = EDGE_CURVE ( 'NONE', #1757, #2381, #1533, .T. ) ;
#5454 = CARTESIAN_POINT ( 'NONE',  ( 10.02415449855997132, -9.411632514553458506, 8.000000000000000000 ) ) ;
#5455 = LINE ( 'NONE', #119, #2072 ) ;
#5456 = CARTESIAN_POINT ( 'NONE',  ( 5.853360337646514644, -12.44189184801357584, 0.000000000000000000 ) ) ;
#5457 = VECTOR ( 'NONE', #6907, 1000.000000000000000 ) ;
#5458 = B_SPLINE_CURVE_WITH_KNOTS ( 'NONE', 3,
 ( #2951, #5634, #2288, #3663, #292, #7196, #7850, #8552, #488, #2995, #6540, #3201, #5675, #5879, #2329, #6586, #538, #3251, #5927, #7691, #1666, #4082, #16, #8642, #1293, #2097, #3474, #1243, #6149 ),
 .UNSPECIFIED., .F., .F.,
 ( 4, 1, 1, 1, 1, 1, 1, 1, 1, 1, 1, 1, 1, 1, 1, 1, 1, 1, 1, 1, 1, 1, 1, 1, 1, 1, 4 ),
 ( 0.000000000000000000, 0.1659160033276295687, 0.1709059215442318980, 0.1766635194393566533, 0.1831887970181514946, 0.1904817542841363842, 0.1985423912398269763, 0.2073707078870824505, 0.2169667042273148994, 0.2273303802616239988, 0.2384617359908808298, 0.2503607714157882747, 0.2630274865369212067, 0.2764618813547564669, 0.2906639558696927361, 0.3056337100820685215, 0.3213711439921715929, 0.3378762576002503071, 0.3551490509065193812, 0.3731895239111665541, 0.3919976766143570268, 0.4115735090162354615, 0.4319170211169303109, 0.4530282129165571492, 0.4749070844152180060, 0.4975536356130059734, 0.5074316978669451972 ),
 .UNSPECIFIED. ) ;
#5459 = CARTESIAN_POINT ( 'NONE',  ( -1.722120468130897031, -13.64173013562592907, 0.000000000000000000 ) ) ;
#5460 = CARTESIAN_POINT ( 'NONE',  ( 7.194967372271655393, 36.98447227540341942, 21.01081683096945696 ) ) ;
#5461 = CARTESIAN_POINT ( 'NONE',  ( 5.853360337715948880, -12.44189184805950532, 0.000000000000000000 ) ) ;
#5462 = CIRCLE ( 'NONE', #6450, 13.75000000000000000 ) ;
#5463 = LINE ( 'NONE', #2202, #1954 ) ;
#5464 = CARTESIAN_POINT ( 'NONE',  ( 13.48577048812306067, -1.600954125870787115, 8.000000000000000000 ) ) ;
#5465 = ORIENTED_EDGE ( 'NONE', *, *, #1499, .F. ) ;
#5466 = VECTOR ( 'NONE', #6425, 999.9999999999998863 ) ;
#5467 = CARTESIAN_POINT ( 'NONE',  ( 12.95019774290652492, -2.759358130927213715, 0.000000000000000000 ) ) ;
#5468 = CARTESIAN_POINT ( 'NONE',  ( -11.36047427339665461, 4.622531273494502990, 0.000000000000000000 ) ) ;
#5469 = AXIS2_PLACEMENT_3D ( 'NONE', #3673, #5773, #6349 ) ;
#5470 = CIRCLE ( 'NONE', #3653, 0.9999999999999995559 ) ;
#5471 = ORIENTED_EDGE ( 'NONE', *, *, #4888, .T. ) ;
#5472 = DIRECTION ( 'NONE',  ( 0.000000000000000000, -0.000000000000000000, -1.000000000000000000 ) ) ;
#5473 = CARTESIAN_POINT ( 'NONE',  ( 2.397866806570373654, 36.42628393453343705, 17.35673851392243705 ) ) ;
#5474 = CARTESIAN_POINT ( 'NONE',  ( -9.713655369616137847, -8.535381057717604136, 8.000000000000000000 ) ) ;
#5475 = CARTESIAN_POINT ( 'NONE',  ( -2.584755384919236842, 13.48734665307396696, 8.000000000000000000 ) ) ;
#5476 = B_SPLINE_CURVE_WITH_KNOTS ( 'NONE', 3,
 ( #1298, #8694, #6726, #8034, #5260, #6111, #2628, #20, #4701, #4740, #60, #2104, #6775, #1434, #7384, #4606, #589, #4786, #3999, #6684, #8075, #2016, #1390, #104, #4125, #5306, #6814, #1343, #5398 ),
 .UNSPECIFIED., .F., .F.,
 ( 4, 1, 1, 1, 1, 1, 1, 1, 1, 1, 1, 1, 1, 1, 1, 1, 1, 1, 1, 1, 1, 1, 1, 1, 1, 1, 4 ),
 ( 0.000000000000000000, 0.1659160033276295687, 0.1709059215442318980, 0.1766635194393566533, 0.1831887970181514946, 0.1904817542841363842, 0.1985423912398269763, 0.2073707078870824505, 0.2169667042273148994, 0.2273303802616239988, 0.2384617359908808298, 0.2503607714157882747, 0.2630274865369212067, 0.2764618813547564669, 0.2906639558696927361, 0.3056337100820685215, 0.3213711439921715929, 0.3378762576002503071, 0.3551490509065193812, 0.3731895239111665541, 0.3919976766143570268, 0.4115735090162354615, 0.4319170211169303109, 0.4530282129165571492, 0.4749070844152180060, 0.4975536356130059734, 0.5074316978669448641 ),
 .UNSPECIFIED. ) ;
#5477 = FACE_OUTER_BOUND ( 'NONE', #969, .T. ) ;
#5478 = VECTOR ( 'NONE', #3172, 1000.000000000000000 ) ;
#5479 = CARTESIAN_POINT ( 'NONE',  ( -2.929367628693770431, 11.49488719732985054, 0.000000000000000000 ) ) ;
#5480 = CARTESIAN_POINT ( 'NONE',  ( 5.269209628948232194, 38.38457086269640683, 23.75194548007930706 ) ) ;
#5481 = CARTESIAN_POINT ( 'NONE',  ( -8.636712746112417349, -9.757522586729606928, 8.000000000000000000 ) ) ;
#5482 = PERSON_AND_ORGANIZATION_ROLE ( 'design_owner' ) ;
#5483 = ORIENTED_EDGE ( 'NONE', *, *, #3568, .F. ) ;
#5484 = CARTESIAN_POINT ( 'NONE',  ( -6.401038329813985683, 10.18403012388272799, 0.000000000000000000 ) ) ;
#5485 = CARTESIAN_POINT ( 'NONE',  ( 4.226724212032515915, 38.30006603180165570, 19.74657972396252603 ) ) ;
#5486 = LINE ( 'NONE', #7542, #7431 ) ;
#5487 = EDGE_CURVE ( 'NONE', #6352, #4890, #152, .T. ) ;
#5488 = CARTESIAN_POINT ( 'NONE',  ( -2.790132082466630692, 12.83440038321940335, 8.000000000000000000 ) ) ;
#5489 = CARTESIAN_POINT ( 'NONE',  ( 6.123801425663895515, 37.00056505597648737, 23.57861915310614265 ) ) ;
#5490 = CARTESIAN_POINT ( 'NONE',  ( -12.05320353502385622, -0.8231400688186033543, -5.204170427930421283E-15 ) ) ;
#5491 = ORIENTED_EDGE ( 'NONE', *, *, #3021, .T. ) ;
#5492 = CARTESIAN_POINT ( 'NONE',  ( -7.604022508570377425, 9.149886257342894069, 0.000000000000000000 ) ) ;
#5493 = CARTESIAN_POINT ( 'NONE',  ( -10.64346975476062340, -6.527568552596192397, 0.000000000000000000 ) ) ;
#5494 = CARTESIAN_POINT ( 'NONE',  ( 7.707558585906747695, 9.234787594130889232, 8.000000000000000000 ) ) ;
#5495 = LINE ( 'NONE', #6860, #379 ) ;
#5496 = EDGE_CURVE ( 'NONE', #7445, #1494, #4112, .T. ) ;
#5497 = CARTESIAN_POINT ( 'NONE',  ( 7.691617315197891713, 35.45184087738665824, -14.94005536399760992 ) ) ;
#5498 =( BOUNDED_CURVE ( )  B_SPLINE_CURVE ( 3, ( #8533, #3933, #6622, #4635 ),
 .UNSPECIFIED., .F., .F. ) 
 B_SPLINE_CURVE_WITH_KNOTS ( ( 4, 4 ),
 ( 4.712388980384690562, 4.911137756241375385 ),
 .UNSPECIFIED. ) 
 CURVE ( )  GEOMETRIC_REPRESENTATION_ITEM ( )  RATIONAL_B_SPLINE_CURVE ( ( 1.000000000000000000, 0.9967109516979972827, 0.9967109516979972827, 1.000000000000000000 ) ) 
 REPRESENTATION_ITEM ( '' )  );
#5499 = CARTESIAN_POINT ( 'NONE',  ( 10.72875944066950993, -6.544354946388615701, 0.000000000000000000 ) ) ;
#5500 = DIRECTION ( 'NONE',  ( 1.000000000000000000, 0.000000000000000000, 0.000000000000000000 ) ) ;
#5501 = CARTESIAN_POINT ( 'NONE',  ( 0.000000000000000000, 0.000000000000000000, 0.000000000000000000 ) ) ;
#5502 = CARTESIAN_POINT ( 'NONE',  ( 9.582420452220691942, -8.262247439007721184, 8.000000000000000000 ) ) ;
#5503 = CARTESIAN_POINT ( 'NONE',  ( 11.87194576742585816, 0.7736152328234355835, 0.000000000000000000 ) ) ;
#5504 = CARTESIAN_POINT ( 'NONE',  ( 6.560248542579921072, 10.81899503309364974, 8.000000000000000000 ) ) ;
#5505 = CARTESIAN_POINT ( 'NONE',  ( -1.668469543058222149, -13.57387004037415856, 0.000000000000000000 ) ) ;
#5506 = CARTESIAN_POINT ( 'NONE',  ( 0.000000000000000000, 0.000000000000000000, 8.000000000000000000 ) ) ;
#5507 = CARTESIAN_POINT ( 'NONE',  ( 5.038066446831270362, -11.80431640392010806, 8.000000000000000000 ) ) ;
#5508 = CARTESIAN_POINT ( 'NONE',  ( -2.919073574173006058, -12.13967088095520097, 8.000000000000000000 ) ) ;
#5509 = CARTESIAN_POINT ( 'NONE',  ( 12.97053397611296077, -1.251919511749237435, 8.000000000000000000 ) ) ;
#5510 = ORIENTED_EDGE ( 'NONE', *, *, #1447, .T. ) ;
#5511 = CARTESIAN_POINT ( 'NONE',  ( 12.72257526253007498, -2.817469215210147926, 0.000000000000000000 ) ) ;
#5512 = CARTESIAN_POINT ( 'NONE',  ( -11.87581303661963084, 5.115945187291611518, 8.000000000000000000 ) ) ;
#5513 = ORIENTED_EDGE ( 'NONE', *, *, #575, .F. ) ;
#5514 = CARTESIAN_POINT ( 'NONE',  ( 10.47431425022862150, -3.149229626028823503, 8.000000000000000000 ) ) ;
#5515 = CARTESIAN_POINT ( 'NONE',  ( -10.47431425022860374, 3.149229626028894558, 8.000000000000000000 ) ) ;
#5516 = CARTESIAN_POINT ( 'NONE',  ( 0.000000000000000000, 0.000000000000000000, 0.000000000000000000 ) ) ;
#5517 = CARTESIAN_POINT ( 'NONE',  ( -2.644734409371002570, 13.32045193209910039, 8.000000000000000000 ) ) ;
#5518 = ORIENTED_EDGE ( 'NONE', *, *, #357, .F. ) ;
#5519 = CARTESIAN_POINT ( 'NONE',  ( -11.34404188716889728, 6.619621129381155100, 8.000000000000000000 ) ) ;
#5520 = CARTESIAN_POINT ( 'NONE',  ( 12.13967088095521163, -2.919073574172969643, 8.000000000000000000 ) ) ;
#5521 = APPROVAL_DATE_TIME ( #8068, #4928 ) ;
#5522 = EDGE_CURVE ( 'NONE', #1927, #8479, #3462, .T. ) ;
#5523 = ORIENTED_EDGE ( 'NONE', *, *, #7102, .F. ) ;
#5524 = CARTESIAN_POINT ( 'NONE',  ( -6.626136714284671214, 11.46368139467876901, 8.000000000000000000 ) ) ;
#5525 = CARTESIAN_POINT ( 'NONE',  ( 11.01428446989493537, 6.588591420233592899, 0.000000000000000000 ) ) ;
#5526 = CARTESIAN_POINT ( 'NONE',  ( -2.607747690737713508, -13.42510299666957607, 0.000000000000000000 ) ) ;
#5527 = CARTESIAN_POINT ( 'NONE',  ( 5.912930933414013879, 37.06941045949692182, 20.66559352048447096 ) ) ;
#5528 = CARTESIAN_POINT ( 'NONE',  ( 7.597063897442414948, 37.40102720517045753, 22.37783253155279439 ) ) ;
#5529 = CARTESIAN_POINT ( 'NONE',  ( -12.78342018721906648, -1.143751547996515683, 8.000000000000000000 ) ) ;
#5530 = ORIENTED_EDGE ( 'NONE', *, *, #1338, .T. ) ;
#5531 = CARTESIAN_POINT ( 'NONE',  ( -12.72257526253003945, -2.817469215210326450, 8.000000000000000000 ) ) ;
#5532 = CARTESIAN_POINT ( 'NONE',  ( -10.41722559423735639, 6.473761040516410326, 0.000000000000000000 ) ) ;
#5533 = CARTESIAN_POINT ( 'NONE',  ( 7.750629585191585846, 9.267416903472033951, -5.204170427930421283E-15 ) ) ;
#5534 = EDGE_LOOP ( 'NONE', ( #1134, #2906, #4607, #1219 ) ) ;
#5535 = ADVANCED_FACE ( 'NONE', ( #8353 ), #7706, .F. ) ;
#5536 = CARTESIAN_POINT ( 'NONE',  ( -2.940710835118379052, -11.66361783702277855, 0.000000000000000000 ) ) ;
#5537 = CARTESIAN_POINT ( 'NONE',  ( -1.447204694645796375, 13.27225220462997157, 0.000000000000000000 ) ) ;
#5538 = CARTESIAN_POINT ( 'NONE',  ( 10.13775510802974722, -6.383929952666072438, 8.000000000000000000 ) ) ;
#5539 = CARTESIAN_POINT ( 'NONE',  ( 8.357623722479631923, 35.81004254096040285, -13.32947797539456758 ) ) ;
#5540 = CARTESIAN_POINT ( 'NONE',  ( -9.301941798724802979, 7.798144649837160713, 8.000000000000000000 ) ) ;
#5541 = EDGE_CURVE ( 'NONE', #4024, #7221, #2946, .T. ) ;
#5542 = CARTESIAN_POINT ( 'NONE',  ( 2.963065021785415087, -0.4693033951206933008, 8.000000000000000000 ) ) ;
#5543 = CARTESIAN_POINT ( 'NONE',  ( -1.063017894814876296, 12.63045561118491378, 8.000000000000000000 ) ) ;
#5544 = CYLINDRICAL_SURFACE ( 'NONE', #7150, 13.75000000000000000 ) ;
#5545 = EDGE_CURVE ( 'NONE', #8675, #3406, #2244, .T. ) ;
#5546 = LINE ( 'NONE', #8087, #4345 ) ;
#5547 = CARTESIAN_POINT ( 'NONE',  ( 8.357623722479971207, 35.81004254095965678, 21.32947797539414125 ) ) ;
#5548 = CARTESIAN_POINT ( 'NONE',  ( 5.379567626064898356, -12.09884006967981307, 0.000000000000000000 ) ) ;
#5549 = CARTESIAN_POINT ( 'NONE',  ( -2.933454507433478131, -11.98057174878965192, 8.000000000000000000 ) ) ;
#5550 = DIRECTION ( 'NONE',  ( 0.7780644821457439742, 0.000000000000000000, -0.6281844168898774727 ) ) ;
#5551 = ORIENTED_EDGE ( 'NONE', *, *, #4462, .F. ) ;
#5552 = CARTESIAN_POINT ( 'NONE',  ( 12.95019774290652492, -2.759358130927213715, 8.000000000000000000 ) ) ;
#5553 = CARTESIAN_POINT ( 'NONE',  ( -12.25290083038839484, 5.581155335976898613, 0.000000000000000000 ) ) ;
#5554 = ORIENTED_EDGE ( 'NONE', *, *, #4274, .T. ) ;
#5555 = AXIS2_PLACEMENT_3D ( 'NONE', #4185, #2165, #7405 ) ;
#5556 = CARTESIAN_POINT ( 'NONE',  ( -6.455308898419720443, -10.35164078446986302, 0.000000000000000000 ) ) ;
#5557 = CARTESIAN_POINT ( 'NONE',  ( 5.286606996006814718, 12.02324651265887034, 0.000000000000000000 ) ) ;
#5558 = CARTESIAN_POINT ( 'NONE',  ( -9.801135538539446301, -8.743249532614916220, 8.000000000000000000 ) ) ;
#5559 = CARTESIAN_POINT ( 'NONE',  ( -2.940710835118465649, 11.66361783702276078, 8.000000000000000000 ) ) ;
#5560 =( BOUNDED_CURVE ( )  B_SPLINE_CURVE ( 3, ( #2881, #5656, #5485, #2976 ),
 .UNSPECIFIED., .F., .F. ) 
 B_SPLINE_CURVE_WITH_KNOTS ( ( 4, 4 ),
 ( 4.292895830301263871, 4.712388980384689674 ),
 .UNSPECIFIED. ) 
 CURVE ( )  GEOMETRIC_REPRESENTATION_ITEM ( )  RATIONAL_B_SPLINE_CURVE ( ( 1.000000000000000000, 0.9853891415055830993, 0.9853891415055830993, 1.000000000000000000 ) ) 
 REPRESENTATION_ITEM ( '' )  );
#5561 = DIRECTION ( 'NONE',  ( -0.1564344650402310077, -0.9876883405951376593, 0.000000000000000000 ) ) ;
#5562 = PERSON_AND_ORGANIZATION ( #7465, #6602 ) ;
#5563 = VERTEX_POINT ( 'NONE', #4409 ) ;
#5564 = CARTESIAN_POINT ( 'NONE',  ( -9.221936103764075909, 9.969200282347939535, 0.000000000000000000 ) ) ;
#5565 = CARTESIAN_POINT ( 'NONE',  ( 9.442776183394540723, 5.916238915412332489, 0.000000000000000000 ) ) ;
#5566 = CARTESIAN_POINT ( 'NONE',  ( -2.759358130927253239, -12.95019774290651604, 8.000000000000000000 ) ) ;
#5567 = CARTESIAN_POINT ( 'NONE',  ( 12.39393210985507565, 5.781365353101088900, 8.000000000000000000 ) ) ;
#5568 = CARTESIAN_POINT ( 'NONE',  ( 6.973399231238231799, 39.14332495884046637, 22.26727816506350877 ) ) ;
#5569 = ADVANCED_FACE ( 'NONE', ( #5194 ), #3716, .T. ) ;
#5570 = CARTESIAN_POINT ( 'NONE',  ( -12.52642403931682225, -1.011712205768966477, -5.204170427930421283E-15 ) ) ;
#5571 = ORIENTED_EDGE ( 'NONE', *, *, #2265, .T. ) ;
#5572 = CARTESIAN_POINT ( 'NONE',  ( -10.41722559423735639, 6.473761040516410326, 0.000000000000000000 ) ) ;
#5573 = PLANE ( 'NONE',  #7551 ) ;
#5574 = CARTESIAN_POINT ( 'NONE',  ( 8.636712746112342742, 9.757522586729669101, 8.000000000000000000 ) ) ;
#5575 = ORIENTED_EDGE ( 'NONE', *, *, #7739, .T. ) ;
#5576 = CARTESIAN_POINT ( 'NONE',  ( -2.880586703536519355, -12.41180006574749939, 0.000000000000000000 ) ) ;
#5577 = ADVANCED_BREP_SHAPE_REPRESENTATION ( '\X2\9f7f8f6e\X0\20x1.25 \X2\5de6722a\X0\', ( #3380, #8264 ), #122 ) ;
#5578 = CARTESIAN_POINT ( 'NONE',  ( -12.25290083038835398, -5.581155335976986542, 8.000000000000000000 ) ) ;
#5579 = CARTESIAN_POINT ( 'NONE',  ( 8.348190801685282381, -9.625916629980661554, 0.000000000000000000 ) ) ;
#5580 = FACE_OUTER_BOUND ( 'NONE', #5534, .T. ) ;
#5581 = CARTESIAN_POINT ( 'NONE',  ( 6.588591420233311347, 11.01428446989509702, 8.000000000000000000 ) ) ;
#5582 = AXIS2_PLACEMENT_3D ( 'NONE', #7802, #6454, #3729 ) ;
#5583 = CARTESIAN_POINT ( 'NONE',  ( 13.06843834723476405, 1.312474532673223671, 8.000000000000000000 ) ) ;
#5584 = EDGE_CURVE ( 'NONE', #6889, #5936, #6468, .T. ) ;
#5585 = CARTESIAN_POINT ( 'NONE',  ( 5.442181259654649494, 53.53793983577948268, -9.043598091517251802 ) ) ;
#5586 = CARTESIAN_POINT ( 'NONE',  ( 6.231836464888759863, 8.988499347771170989, 8.000000000000000000 ) ) ;
#5587 = CARTESIAN_POINT ( 'NONE',  ( 8.381642948383898784, 35.75650478459951387, 21.29901748474621215 ) ) ;
#5588 = CARTESIAN_POINT ( 'NONE',  ( 2.724978029605303220, -13.06987279011078940, 0.000000000000000000 ) ) ;
#5589 = DIRECTION ( 'NONE',  ( 0.4067366430758008744, -0.9135454576426006446, -4.718447854656916283E-16 ) ) ;
#5590 = CARTESIAN_POINT ( 'NONE',  ( -11.61432090236922221, 2.938739567862336255, 8.000000000000000000 ) ) ;
#5591 = LINE ( 'NONE', #8258, #6756 ) ;
#5592 = ORIENTED_EDGE ( 'NONE', *, *, #3978, .F. ) ;
#5593 = CARTESIAN_POINT ( 'NONE',  ( 12.61481170127152751, -2.841541163097917710, 8.000000000000000000 ) ) ;
#5594 = ADVANCED_FACE ( 'NONE', ( #5020 ), #3050, .T. ) ;
#5595 = VECTOR ( 'NONE', #5783, 1000.000000000000000 ) ;
#5596 = CARTESIAN_POINT ( 'NONE',  ( -11.80431640392016668, 5.038066446831146905, 0.000000000000000000 ) ) ;
#5597 = CARTESIAN_POINT ( 'NONE',  ( 9.411632514553645024, -10.02415449855979723, 0.000000000000000000 ) ) ;
#5598 = ORIENTED_EDGE ( 'NONE', *, *, #8408, .T. ) ;
#5599 = AXIS2_PLACEMENT_3D ( 'NONE', #7365, #4023, #6798 ) ;
#5600 = CARTESIAN_POINT ( 'NONE',  ( -4.773939382172911472, -11.53698844606708640, 8.000000000000000000 ) ) ;
#5601 = DIRECTION ( 'NONE',  ( -1.000000000000000000, 0.000000000000000000, 0.000000000000000000 ) ) ;
#5602 = EDGE_CURVE ( 'NONE', #916, #3764, #2847, .T. ) ;
#5603 = CARTESIAN_POINT ( 'NONE',  ( -13.62596226217983464, 1.709570872969460753, 0.000000000000000000 ) ) ;
#5604 = CARTESIAN_POINT ( 'NONE',  ( 11.12353076645876371, -4.449236289361978791, 8.000000000000000000 ) ) ;
#5605 = CARTESIAN_POINT ( 'NONE',  ( 0.000000000000000000, 0.000000000000000000, 8.000000000000000000 ) ) ;
#5606 = VERTEX_POINT ( 'NONE', #3754 ) ;
#5607 = AXIS2_PLACEMENT_3D ( 'NONE', #5761, #6338, #8298 ) ;
#5608 = CIRCLE ( 'NONE', #3219, 10.93750000000000355 ) ;
#5609 = CARTESIAN_POINT ( 'NONE',  ( 11.83979557596826382, -2.940530670474117869, 8.000000000000000000 ) ) ;
#5610 = EDGE_LOOP ( 'NONE', ( #4747, #3376, #6709, #5374, #8687, #1221, #5575, #3594, #8140, #6842, #3283, #2793, #6477, #2053, #4970, #2311, #4512, #2965, #1194, #731, #4633, #6279, #8150, #1126, #2562, #7539, #3043, #2304, #7484, #279, #1876, #8619, #3723, #2671, #626, #2164, #6944, #6487, #3098, #3054, #3341, #3708, #979, #2218, #4273, #3652, #3369, #1130, #7197, #6314, #8516, #7401, #4229, #6667, #7177, #8420, #7826, #8121, #1109, #7847, #5376, #3681, #6261, #325, #1454, #3979, #7866, #6555, #1858, #4847, #8281, #210, #83, #2640, #4452, #1932, #6115, #6732, #3756 ) ) ;
#5611 = CARTESIAN_POINT ( 'NONE',  ( -9.411632514633797797, 10.02415449858209229, 8.000000000000000000 ) ) ;
#5612 = DIRECTION ( 'NONE',  ( 0.1409556170938872366, 0.8899587409284834827, 0.4337106794335018889 ) ) ;
#5613 = CIRCLE ( 'NONE', #6747, 1.000000000000001554 ) ;
#5614 = CARTESIAN_POINT ( 'NONE',  ( -2.817469215210187006, -12.72257526253006787, 8.000000000000000000 ) ) ;
#5615 = AXIS2_PLACEMENT_3D ( 'NONE', #2500, #7815, #3867 ) ;
#5616 = VERTEX_POINT ( 'NONE', #1765 ) ;
#5617 = CARTESIAN_POINT ( 'NONE',  ( -2.577692551524129794, 13.50622083004039098, 8.000000000000000000 ) ) ;
#5618 = CARTESIAN_POINT ( 'NONE',  ( 7.559045681535534023, 35.61499712379276161, 22.98362805035520040 ) ) ;
#5619 = LINE ( 'NONE', #802, #2349 ) ;
#5620 = ORIENTED_EDGE ( 'NONE', *, *, #4792, .T. ) ;
#5621 = CARTESIAN_POINT ( 'NONE',  ( -11.22924223885652140, 6.611064424922788341, 0.000000000000000000 ) ) ;
#5622 = CARTESIAN_POINT ( 'NONE',  ( -11.22924223885652140, 6.611064424922788341, 0.000000000000000000 ) ) ;
#5623 = CARTESIAN_POINT ( 'NONE',  ( 12.43077374740204100, -5.836552422531194217, 0.000000000000000000 ) ) ;
#5624 = AXIS2_PLACEMENT_3D ( 'NONE', #409, #8423, #1655 ) ;
#5625 = ORIENTED_EDGE ( 'NONE', *, *, #2643, .T. ) ;
#5626 = FACE_OUTER_BOUND ( 'NONE', #7063, .T. ) ;
#5627 = DIRECTION ( 'NONE',  ( 1.000000000000000000, 0.000000000000000000, 0.000000000000000000 ) ) ;
#5628 = CARTESIAN_POINT ( 'NONE',  ( 8.535381057717644993, -9.713655369616102320, 0.000000000000000000 ) ) ;
#5629 = CARTESIAN_POINT ( 'NONE',  ( -5.853360337646424938, 12.44189184801361847, 0.000000000000000000 ) ) ;
#5630 = CARTESIAN_POINT ( 'NONE',  ( 6.418760976341214786, 10.23507608951714154, 8.000000000000000000 ) ) ;
#5631 = LINE ( 'NONE', #7603, #5005 ) ;
#5632 = CARTESIAN_POINT ( 'NONE',  ( -2.317265609202503462, 57.27921961714171317, 22.18705913416912168 ) ) ;
#5633 = CARTESIAN_POINT ( 'NONE',  ( 6.418760976341214786, 10.23507608951714154, -5.204170427930421283E-15 ) ) ;
#5634 = CARTESIAN_POINT ( 'NONE',  ( 0.7639867559471070768, -11.11684438996312174, 0.000000000000000000 ) ) ;
#5635 = CARTESIAN_POINT ( 'NONE',  ( 2.908682420983991879, -12.22597347346766306, 0.000000000000000000 ) ) ;
#5636 = CARTESIAN_POINT ( 'NONE',  ( 7.753137782734496497, 37.11790138586163579, -14.35600747035151059 ) ) ;
#5637 = CARTESIAN_POINT ( 'NONE',  ( 11.87581303661955623, 5.115945187291778495, 8.000000000000000000 ) ) ;
#5638 = CARTESIAN_POINT ( 'NONE',  ( -9.984012182871836671, 29.78376599242012546, 2.542861526768427805 ) ) ;
#5639 = ORIENTED_EDGE ( 'NONE', *, *, #4306, .F. ) ;
#5640 = CARTESIAN_POINT ( 'NONE',  ( -13.16905850672524814, -1.377525651863779288, 8.000000000000000000 ) ) ;
#5641 = CARTESIAN_POINT ( 'NONE',  ( 9.204216794247651379, -7.668835209822921328, -5.204170427930421283E-15 ) ) ;
#5642 = CARTESIAN_POINT ( 'NONE',  ( 6.560248542580159103, -10.81899503309350585, 8.000000000000000000 ) ) ;
#5643 = CARTESIAN_POINT ( 'NONE',  ( -11.73452356626242121, 4.965029436117465167, 8.000000000000000000 ) ) ;
#5644 = ORIENTED_EDGE ( 'NONE', *, *, #7628, .T. ) ;
#5645 = CARTESIAN_POINT ( 'NONE',  ( -4.580317944817310583, -11.30699639290210357, 0.000000000000000000 ) ) ;
#5646 = CARTESIAN_POINT ( 'NONE',  ( -2.860284478760389160, 31.92015517881671727, -13.61616680320316952 ) ) ;
#5647 = CARTESIAN_POINT ( 'NONE',  ( 10.41722559423740435, -6.473761040516332166, 8.000000000000000000 ) ) ;
#5648 = CARTESIAN_POINT ( 'NONE',  ( 11.46368139467869263, 6.626136714284793783, 8.000000000000000000 ) ) ;
#5649 = CARTESIAN_POINT ( 'NONE',  ( 2.724978029605303220, -13.06987279011078940, 8.000000000000000000 ) ) ;
#5650 = ORIENTED_EDGE ( 'NONE', *, *, #5384, .F. ) ;
#5651 = EDGE_CURVE ( 'NONE', #3472, #4295, #961, .T. ) ;
#5652 = CARTESIAN_POINT ( 'NONE',  ( 13.19332579941580974, -2.686824890852600678, 8.000000000000000000 ) ) ;
#5653 = EDGE_CURVE ( 'NONE', #3899, #4884, #1692, .T. ) ;
#5654 = EDGE_LOOP ( 'NONE', ( #1210, #6776, #2809, #4685 ) ) ;
#5655 = CARTESIAN_POINT ( 'NONE',  ( -1.722120468130897475, 13.64173013562592907, 8.000000000000000000 ) ) ;
#5656 = CARTESIAN_POINT ( 'NONE',  ( 4.777911900880787321, 38.41704770619913489, 20.23364169592523609 ) ) ;
#5657 = CARTESIAN_POINT ( 'NONE',  ( -6.492081297254395089, -10.48771353560528219, 8.000000000000000000 ) ) ;
#5658 = ORIENTED_EDGE ( 'NONE', *, *, #696, .T. ) ;
#5659 = CARTESIAN_POINT ( 'NONE',  ( 7.542303466703867976, 36.71163159663590392, 20.61674124897557547 ) ) ;
#5660 = CARTESIAN_POINT ( 'NONE',  ( 7.691676013703632186, 35.45166642745535057, 22.94006915753638509 ) ) ;
#5661 = CARTESIAN_POINT ( 'NONE',  ( -13.37787302532244915, -1.521639563755461833, 8.000000000000000000 ) ) ;
#5662 = ORIENTED_EDGE ( 'NONE', *, *, #5000, .T. ) ;
#5663 = CARTESIAN_POINT ( 'NONE',  ( -10.09620455160488461, 6.367618434587540399, 0.000000000000000000 ) ) ;
#5664 = CARTESIAN_POINT ( 'NONE',  ( -5.853360337646336120, -12.44189184801366288, 0.000000000000000000 ) ) ;
#5665 = CARTESIAN_POINT ( 'NONE',  ( 11.30699639290211600, -4.580317944817275944, 8.000000000000000000 ) ) ;
#5666 = VERTEX_POINT ( 'NONE', #652 ) ;
#5667 = CARTESIAN_POINT ( 'NONE',  ( -6.560248542580001896, -10.81899503309359822, 0.000000000000000000 ) ) ;
#5668 = CARTESIAN_POINT ( 'NONE',  ( 9.497099640846577984, 8.105411651555929353, 0.000000000000000000 ) ) ;
#5669 = CARTESIAN_POINT ( 'NONE',  ( -10.35164078446979374, -6.455308898419827024, 8.000000000000000000 ) ) ;
#5670 = LINE ( 'NONE', #5087, #4356 ) ;
#5671 = CARTESIAN_POINT ( 'NONE',  ( -9.267416903471948686, 7.750629585191687987, 8.000000000000000000 ) ) ;
#5672 = CARTESIAN_POINT ( 'NONE',  ( 9.928529331195960594, -9.094348737717146136, 0.000000000000000000 ) ) ;
#5673 = DIRECTION ( 'NONE',  ( -0.7296168394300783788, 0.000000000000000000, 0.6838561746596013569 ) ) ;
#5674 = DIRECTION ( 'NONE',  ( 0.000000000000000000, 0.000000000000000000, 1.000000000000000000 ) ) ;
#5675 = CARTESIAN_POINT ( 'NONE',  ( 0.9123192481543054289, -12.30068812565076364, 0.000000000000000000 ) ) ;
#5676 = CARTESIAN_POINT ( 'NONE',  ( 2.862521721341851677, -12.51119373526725376, 0.000000000000000000 ) ) ;
#5677 = CARTESIAN_POINT ( 'NONE',  ( 3.608867157514881185, -10.32496896312093071, 8.000000000000000000 ) ) ;
#5678 = CARTESIAN_POINT ( 'NONE',  ( -12.51119373526728218, 2.862521721341717118, 8.000000000000000000 ) ) ;
#5679 = CARTESIAN_POINT ( 'NONE',  ( 0.000000000000000000, 0.000000000000000000, 8.000000000000000000 ) ) ;
#5680 = ORIENTED_EDGE ( 'NONE', *, *, #3401, .F. ) ;
#5681 = CARTESIAN_POINT ( 'NONE',  ( -13.64173013562593795, 1.722120468130850846, 8.000000000000000000 ) ) ;
#5682 = CARTESIAN_POINT ( 'NONE',  ( 9.267416903472005529, -7.750629585191619597, -5.204170427930421283E-15 ) ) ;
#5683 = CARTESIAN_POINT ( 'NONE',  ( 7.634358818669725544, 9.175863790627349914, 8.000000000000000000 ) ) ;
#5684 = CARTESIAN_POINT ( 'NONE',  ( -5.477724940116765140, -12.17545110014133058, 8.000000000000000000 ) ) ;
#5685 = EDGE_LOOP ( 'NONE', ( #4003, #6362, #377, #4313 ) ) ;
#5686 = CARTESIAN_POINT ( 'NONE',  ( -1.600954125870928113, -13.48577048812304291, 0.000000000000000000 ) ) ;
#5687 = CARTESIAN_POINT ( 'NONE',  ( -8.439220299577000262, -9.669723885497038651, 0.000000000000000000 ) ) ;
#5688 = CARTESIAN_POINT ( 'NONE',  ( 11.22924223885657291, -6.611064424922705740, 8.000000000000000000 ) ) ;
#5689 = CARTESIAN_POINT ( 'NONE',  ( -11.11684438996311819, -0.7639867559471459346, 0.000000000000000000 ) ) ;
#5690 = ORIENTED_EDGE ( 'NONE', *, *, #3259, .F. ) ;
#5691 = FACE_OUTER_BOUND ( 'NONE', #6837, .T. ) ;
#5692 = ORIENTED_EDGE ( 'NONE', *, *, #4266, .F. ) ;
#5693 = CARTESIAN_POINT ( 'NONE',  ( -4.580317944817394960, 11.30699639290207337, 0.000000000000000000 ) ) ;
#5694 = ORIENTED_EDGE ( 'NONE', *, *, #570, .F. ) ;
#5695 = CARTESIAN_POINT ( 'NONE',  ( -8.855020039375045116, 9.844302869038607184, 8.000000000000000000 ) ) ;
#5696 = CARTESIAN_POINT ( 'NONE',  ( -11.05183112916328803, -4.404384806714172207, 8.000000000000000000 ) ) ;
#5697 = EDGE_CURVE ( 'NONE', #3931, #1506, #8621, .T. ) ;
#5698 = CARTESIAN_POINT ( 'NONE',  ( -2.936066220363969581, -11.56976343863538048, 0.000000000000000000 ) ) ;
#5699 = ORIENTED_EDGE ( 'NONE', *, *, #5156, .F. ) ;
#5700 = CARTESIAN_POINT ( 'NONE',  ( 8.299404164258200822, 35.95884880982355014, 21.29806334763447850 ) ) ;
#5701 = CARTESIAN_POINT ( 'NONE',  ( 8.404286823513896110, 35.76078202326053912, 22.32189329703133041 ) ) ;
#5702 = DIRECTION ( 'NONE',  ( -0.7147974065165849655, -0.3182483095653313998, -0.6227219934256160716 ) ) ;
#5703 = ADVANCED_FACE ( 'NONE', ( #5949 ), #5982, .T. ) ;
#5704 = FACE_OUTER_BOUND ( 'NONE', #3688, .T. ) ;
#5705 = CARTESIAN_POINT ( 'NONE',  ( 0.000000000000000000, 0.000000000000000000, 8.000000000000000000 ) ) ;
#5706 = CARTESIAN_POINT ( 'NONE',  ( 10.32496896312099288, -3.608867157514701329, 8.000000000000000000 ) ) ;
#5707 = VERTEX_POINT ( 'NONE', #6296 ) ;
#5708 = CARTESIAN_POINT ( 'NONE',  ( -6.436913140481649975, -10.29093438073250333, 8.000000000000000000 ) ) ;
#5709 = CARTESIAN_POINT ( 'NONE',  ( 9.204216794247480848, 7.668835209823122057, 0.000000000000000000 ) ) ;
#5710 = B_SPLINE_CURVE_WITH_KNOTS ( 'NONE', 3,
 ( #7371, #6712, #1187, #3892, #618, #6007, #574, #7327, #5204, #5342, #4688, #3241, #3983, #8060, #4591, #8587, #1325, #5916, #1232, #5291, #6629, #8632, #2662, #6670, #7230, #4027, #525, #6576, #3193 ),
 .UNSPECIFIED., .F., .F.,
 ( 4, 1, 1, 1, 1, 1, 1, 1, 1, 1, 1, 1, 1, 1, 1, 1, 1, 1, 1, 1, 1, 1, 1, 1, 1, 1, 4 ),
 ( 0.000000000000000000, 0.1659160033276295965, 0.1709059215442318702, 0.1766635194393565977, 0.1831887970181514669, 0.1904817542841364120, 0.1985423912398269763, 0.2073707078870824227, 0.2169667042273148716, 0.2273303802616240543, 0.2384617359908808021, 0.2503607714157882191, 0.2630274865369212067, 0.2764618813547564669, 0.2906639558696927361, 0.3056337100820685215, 0.3213711439921715929, 0.3378762576002502516, 0.3551490509065193812, 0.3731895239111665541, 0.3919976766143570268, 0.4115735090162354615, 0.4319170211169303109, 0.4530282129165571492, 0.4749070844152180060, 0.4975536356130058624, 0.5074316978669448641 ),
 .UNSPECIFIED. ) ;
#5711 = EDGE_CURVE ( 'NONE', #6529, #4669, #3452, .T. ) ;
#5712 = CARTESIAN_POINT ( 'NONE',  ( 7.708755603958691971, 29.49380770625486647, 20.99999999999999645 ) ) ;
#5713 = DIRECTION ( 'NONE',  ( -0.6049683311478911696, -0.2693492547302756557, -0.7493092133988347170 ) ) ;
#5714 = DIRECTION ( 'NONE',  ( -0.000000000000000000, 0.000000000000000000, -1.000000000000000000 ) ) ;
#5715 = LINE ( 'NONE', #5542, #1920 ) ;
#5716 = DIRECTION ( 'NONE',  ( 0.000000000000000000, 0.000000000000000000, 1.000000000000000000 ) ) ;
#5717 = CARTESIAN_POINT ( 'NONE',  ( 12.25290083038831490, 5.581155335977071807, 0.000000000000000000 ) ) ;
#5718 = CARTESIAN_POINT ( 'NONE',  ( -7.752122931497091862, 49.73270047063778065, -15.52679268485632491 ) ) ;
#5719 = CARTESIAN_POINT ( 'NONE',  ( 8.262247439007897043, -9.582420452220537399, 0.000000000000000000 ) ) ;
#5720 = CARTESIAN_POINT ( 'NONE',  ( 6.556765026043364308, 36.53052170735001170, -15.41598492471368154 ) ) ;
#5721 = CARTESIAN_POINT ( 'NONE',  ( 11.60070094346930958, 4.833073392807783364, 8.000000000000000000 ) ) ;
#5722 = LINE ( 'NONE', #422, #5190 ) ;
#5723 = ORIENTED_EDGE ( 'NONE', *, *, #1931, .F. ) ;
#5724 = CARTESIAN_POINT ( 'NONE',  ( -13.37787302532244915, -1.521639563755461833, 8.000000000000000000 ) ) ;
#5725 = CARTESIAN_POINT ( 'NONE',  ( 9.376012365377921043, -7.906868104073965675, -5.204170427930421283E-15 ) ) ;
#5726 = CARTESIAN_POINT ( 'NONE',  ( 9.094348737717112385, 9.928529331195990792, 8.000000000000000000 ) ) ;
#5727 = CIRCLE ( 'NONE', #6289, 13.75000000000000000 ) ;
#5728 = CARTESIAN_POINT ( 'NONE',  ( -4.580317944817310583, -11.30699639290210357, 8.000000000000000000 ) ) ;
#5729 = ORIENTED_EDGE ( 'NONE', *, *, #2478, .T. ) ;
#5730 = CARTESIAN_POINT ( 'NONE',  ( 6.231836464888760752, 8.988499347771170989, 8.000000000000000000 ) ) ;
#5731 = CARTESIAN_POINT ( 'NONE',  ( 8.238912956574496960, 36.03280752575442847, 21.47381298130770233 ) ) ;
#5732 = CARTESIAN_POINT ( 'NONE',  ( 9.442776183394496314, -5.916238915411951460, 8.000000000000000000 ) ) ;
#5733 = CARTESIAN_POINT ( 'NONE',  ( 1.095856395948400897, -12.69447357664507514, 8.000000000000000000 ) ) ;
#5734 = AXIS2_PLACEMENT_3D ( 'NONE', #1635, #7582, #218 ) ;
#5735 = CARTESIAN_POINT ( 'NONE',  ( 2.933454507433649994, -11.98057174878960751, 8.000000000000000000 ) ) ;
#5736 = DIRECTION ( 'NONE',  ( 0.000000000000000000, 0.000000000000000000, -1.000000000000000000 ) ) ;
#5737 = AXIS2_PLACEMENT_3D ( 'NONE', #6630, #1030, #7771 ) ;
#5738 = ORIENTED_EDGE ( 'NONE', *, *, #457, .T. ) ;
#5739 = CARTESIAN_POINT ( 'NONE',  ( -7.798144649837195352, 9.301941798724778110, 0.000000000000000000 ) ) ;
#5740 = CARTESIAN_POINT ( 'NONE',  ( -12.39393210985511828, -5.781365353101004523, 8.000000000000000000 ) ) ;
#5741 = CARTESIAN_POINT ( 'NONE',  ( -2.940530670474153840, -11.83979557596825671, 0.000000000000000000 ) ) ;
#5742 = AXIS2_PLACEMENT_3D ( 'NONE', #2236, #7601, #1442 ) ;
#5743 = CARTESIAN_POINT ( 'NONE',  ( 8.414093160190773801, 35.68035569027590270, 21.32846684470066378 ) ) ;
#5744 = AXIS2_PLACEMENT_3D ( 'NONE', #6876, #1492, #4717 ) ;
#5745 = CARTESIAN_POINT ( 'NONE',  ( -1.251919511749373326, 12.97053397611294656, 0.000000000000000000 ) ) ;
#5746 = CARTESIAN_POINT ( 'NONE',  ( -11.58812316373725260, 6.630420918280079512, 8.000000000000000000 ) ) ;
#5747 = DIRECTION ( 'NONE',  ( 0.6845280282702556063, 0.3047715140836109726, -0.6622202826217417071 ) ) ;
#5748 = CARTESIAN_POINT ( 'NONE',  ( 12.25290083038842859, -5.581155335976815124, 0.000000000000000000 ) ) ;
#5749 = AXIS2_PLACEMENT_3D ( 'NONE', #4661, #496, #593 ) ;
#5750 = ORIENTED_EDGE ( 'NONE', *, *, #5762, .T. ) ;
#5751 = CARTESIAN_POINT ( 'NONE',  ( -6.473761040516374798, -10.41722559423737593, 8.000000000000000000 ) ) ;
#5752 = EDGE_CURVE ( 'NONE', #8200, #3747, #8133, .T. ) ;
#5753 = CARTESIAN_POINT ( 'NONE',  ( 10.02415449855976703, 9.411632514553680551, 0.000000000000000000 ) ) ;
#5754 = CARTESIAN_POINT ( 'NONE',  ( -11.58812316373720819, -6.630420918280161224, 8.000000000000000000 ) ) ;
#5755 = CARTESIAN_POINT ( 'NONE',  ( 4.161888422927172648, -10.33666240664857483, 8.000000000000000000 ) ) ;
#5756 = CARTESIAN_POINT ( 'NONE',  ( -11.46368139467874236, -6.626136714284709406, 0.000000000000000000 ) ) ;
#5757 = DIRECTION ( 'NONE',  ( 0.000000000000000000, 0.000000000000000000, -1.000000000000000000 ) ) ;
#5758 = LOCAL_TIME ( 12, 3, 35.00000000000000000, #4119 ) ;
#5759 = VECTOR ( 'NONE', #7708, 1000.000000000000114 ) ;
#5760 = CARTESIAN_POINT ( 'NONE',  ( 11.13701600410299619, 2.886444749237187857, 8.000000000000000000 ) ) ;
#5761 = CARTESIAN_POINT ( 'NONE',  ( -6.383408261752186341, 55.46885626967003446, -18.69378740028921015 ) ) ;
#5762 = EDGE_CURVE ( 'NONE', #503, #5953, #5414, .T. ) ;
#5763 = B_SPLINE_SURFACE_WITH_KNOTS ( 'NONE', 3, 1, ( 
 ( #4089, #7991 ),
 ( #4001, #1393 ),
 ( #5308, #4703 ),
 ( #6157, #1436 ),
 ( #4128, #23 ),
 ( #4829, #1975 ),
 ( #107, #1300 ),
 ( #7343, #2106 ),
 ( #8696, #1478 ),
 ( #636, #7386 ),
 ( #3348, #724 ),
 ( #5357, #3439 ),
 ( #2630, #2760 ),
 ( #4045, #4167 ),
 ( #6729, #5493 ),
 ( #682, #2720 ),
 ( #4745, #8159 ),
 ( #5401, #8077 ),
 ( #6817, #2061 ),
 ( #62, #5444 ),
 ( #6113, #7429 ),
 ( #592, #764 ),
 ( #3481, #3304 ),
 ( #2933, #4994 ),
 ( #3526, #7594 ),
 ( #2228, #981 ),
 ( #892, #4251 ),
 ( #1567, #1701 ),
 ( #1520, #3025 ) ),
 .UNSPECIFIED., .F., .F., .F.,
 ( 4, 1, 1, 1, 1, 1, 1, 1, 1, 1, 1, 1, 1, 1, 1, 1, 1, 1, 1, 1, 1, 1, 1, 1, 1, 1, 4 ),
 ( 2, 2 ),
 ( 0.000000000000000000, 0.1659160033276295965, 0.1709059215442318702, 0.1766635194393565977, 0.1831887970181514669, 0.1904817542841364120, 0.1985423912398269763, 0.2073707078870824227, 0.2169667042273148716, 0.2273303802616240543, 0.2384617359908808021, 0.2503607714157882191, 0.2630274865369212067, 0.2764618813547564669, 0.2906639558696927361, 0.3056337100820685215, 0.3213711439921715929, 0.3378762576002502516, 0.3551490509065193812, 0.3731895239111665541, 0.3919976766143570268, 0.4115735090162354615, 0.4319170211169303109, 0.4530282129165571492, 0.4749070844152180060, 0.4975536356130058624, 0.5074316978669451972 ),
 ( 0.000000000000000000, 1.000000000000000000 ),
 .UNSPECIFIED. ) ;
#5764 = DIRECTION ( 'NONE',  ( 1.000000000000000000, 0.000000000000000000, 0.000000000000000000 ) ) ;
#5765 = ADVANCED_FACE ( 'NONE', ( #202 ), #2902, .F. ) ;
#5766 = CARTESIAN_POINT ( 'NONE',  ( 9.411632514633874180, -10.02415449858202301, 8.000000000000000000 ) ) ;
#5767 = CARTESIAN_POINT ( 'NONE',  ( 4.386616976971037474, -11.02139818175199082, 8.000000000000000000 ) ) ;
#5768 = CARTESIAN_POINT ( 'NONE',  ( 12.02324651265874067, 5.286606996007108705, 8.000000000000000000 ) ) ;
#5769 = LINE ( 'NONE', #3668, #5478 ) ;
#5770 = ORIENTED_EDGE ( 'NONE', *, *, #3770, .F. ) ;
#5771 = CARTESIAN_POINT ( 'NONE',  ( 11.56976343863538759, -2.936066220363934054, 8.000000000000000000 ) ) ;
#5772 = CARTESIAN_POINT ( 'NONE',  ( -2.584755384919236842, 13.48734665307396696, 0.000000000000000000 ) ) ;
#5773 = DIRECTION ( 'NONE',  ( -0.000000000000000000, -0.000000000000000000, -1.000000000000000000 ) ) ;
#5774 = ORIENTED_EDGE ( 'NONE', *, *, #7623, .T. ) ;
#5775 = CARTESIAN_POINT ( 'NONE',  ( -0.8074739252556281111, -12.00148937107102931, 0.000000000000000000 ) ) ;
#5776 = DIRECTION ( 'NONE',  ( 0.7780644821457450844, 0.000000000000000000, 0.6281844168898761405 ) ) ;
#5777 = CARTESIAN_POINT ( 'NONE',  ( 11.34404188716894524, -6.619621129381070723, 8.000000000000000000 ) ) ;
#5778 = EDGE_LOOP ( 'NONE', ( #1415, #2361, #5239, #2879 ) ) ;
#5779 = LINE ( 'NONE', #1090, #5898 ) ;
#5780 = ORIENTED_EDGE ( 'NONE', *, *, #489, .F. ) ;
#5781 =( BOUNDED_CURVE ( )  B_SPLINE_CURVE ( 3, ( #1116, #7079, #2455, #7899 ),
 .UNSPECIFIED., .F., .F. ) 
 B_SPLINE_CURVE_WITH_KNOTS ( ( 4, 4 ),
 ( 3.936759045058878748, 4.773583374625777864 ),
 .UNSPECIFIED. ) 
 CURVE ( )  GEOMETRIC_REPRESENTATION_ITEM ( )  RATIONAL_B_SPLINE_CURVE ( ( 1.000000000000000000, 0.9424901635989426651, 0.9424901635989426651, 1.000000000000000000 ) ) 
 REPRESENTATION_ITEM ( '' )  );
#5782 = CARTESIAN_POINT ( 'NONE',  ( 2.790132082466721286, -12.83440038321938204, 8.000000000000000000 ) ) ;
#5783 = DIRECTION ( 'NONE',  ( -0.000000000000000000, 0.000000000000000000, 1.000000000000000000 ) ) ;
#5784 = EDGE_LOOP ( 'NONE', ( #5774, #5770, #2718, #5318 ) ) ;
#5785 = CARTESIAN_POINT ( 'NONE',  ( -8.034402175150765046, 9.455639197970754140, 0.000000000000000000 ) ) ;
#5786 = CARTESIAN_POINT ( 'NONE',  ( -12.09884006967983439, -5.379567626064857500, 8.000000000000000000 ) ) ;
#5787 = CARTESIAN_POINT ( 'NONE',  ( -6.527568552596078710, -10.64346975476068913, 8.000000000000000000 ) ) ;
#5788 = CARTESIAN_POINT ( 'NONE',  ( 7.634473494633138735, 35.53562750235990819, 22.95447999555577923 ) ) ;
#5789 = CARTESIAN_POINT ( 'NONE',  ( -1.195724957047537229, 12.87548337994386038, 0.000000000000000000 ) ) ;
#5790 = CARTESIAN_POINT ( 'NONE',  ( -11.60070094346938063, 4.833073392807619051, 0.000000000000000000 ) ) ;
#5791 = EDGE_CURVE ( 'NONE', #600, #8700, #1241, .T. ) ;
#5792 = CARTESIAN_POINT ( 'NONE',  ( 11.73452356626245141, -4.965029436117384343, 8.000000000000000000 ) ) ;
#5793 = B_SPLINE_CURVE_WITH_KNOTS ( 'NONE', 3,
 ( #452, #4960, #1747, #7077, #4350, #3161, #8294, #2283, #3657, #7040, #6466, #5798, #7770, #8464, #7163, #6334, #1707, #987, #1029, #7643, #3737, #3077, #2989, #6991, #1070, #4432, #5047, #5755, #287 ),
 .UNSPECIFIED., .F., .F.,
 ( 4, 1, 1, 1, 1, 1, 1, 1, 1, 1, 1, 1, 1, 1, 1, 1, 1, 1, 1, 1, 1, 1, 1, 1, 1, 1, 4 ),
 ( 0.4925683021330548028, 0.5024463643869940821, 0.5250929155847819940, 0.5469717870834428508, 0.5680829788830696891, 0.5884264909837645385, 0.6080023233856429732, 0.6268104760888334459, 0.6448509490934806188, 0.6621237423997496929, 0.6786288560078284071, 0.6943662899179314785, 0.7093360441303072639, 0.7235381186452435331, 0.7369725134630787933, 0.7496392285842117253, 0.7615382640091191702, 0.7726696197383760012, 0.7830332957726851006, 0.7926292921129175495, 0.8014576087601730237, 0.8095182457158636158, 0.8168112029818485054, 0.8233364805606433467, 0.8290940784557681020, 0.8340839966723704313, 1.000000000000000000 ),
 .UNSPECIFIED. ) ;
#5794 = VERTEX_POINT ( 'NONE', #7608 ) ;
#5795 = CARTESIAN_POINT ( 'NONE',  ( 1.668469543075102424, -13.57387004039618539, 8.000000000000000000 ) ) ;
#5796 = CARTESIAN_POINT ( 'NONE',  ( 9.713655369616075674, 8.535381057717676967, 0.000000000000000000 ) ) ;
#5797 = CARTESIAN_POINT ( 'NONE',  ( -9.497099640846636603, -8.105411651555860075, 0.000000000000000000 ) ) ;
#5798 = CARTESIAN_POINT ( 'NONE',  ( 4.965029436117591288, -11.73452356626236792, 8.000000000000000000 ) ) ;
#5799 = CARTESIAN_POINT ( 'NONE',  ( 0.000000000000000000, 0.000000000000000000, 0.000000000000000000 ) ) ;
#5800 = CARTESIAN_POINT ( 'NONE',  ( 13.19332579941575467, 2.686824890852877346, 8.000000000000000000 ) ) ;
#5801 = CARTESIAN_POINT ( 'NONE',  ( 11.08591166683797447, 4.425208852857910102, 0.000000000000000000 ) ) ;
#5802 = DIRECTION ( 'NONE',  ( 1.000000000000000000, 0.000000000000000000, 0.000000000000000000 ) ) ;
#5803 = CARTESIAN_POINT ( 'NONE',  ( -10.80883218877889895, -2.708699257713867770, 8.000000000000000000 ) ) ;
#5804 = CARTESIAN_POINT ( 'NONE',  ( 4.425208852857871022, -11.08591166683798868, 8.000000000000000000 ) ) ;
#5805 = ADVANCED_FACE ( 'NONE', ( #8089 ), #4649, .T. ) ;
#5806 = CARTESIAN_POINT ( 'NONE',  ( 7.482439077917338643, 36.80744908020228934, -13.08241630392926069 ) ) ;
#5807 = FACE_OUTER_BOUND ( 'NONE', #8136, .T. ) ;
#5808 = ORIENTED_EDGE ( 'NONE', *, *, #1495, .F. ) ;
#5809 = CARTESIAN_POINT ( 'NONE',  ( 11.83979557596826382, -2.940530670474117869, 8.000000000000000000 ) ) ;
#5810 = CARTESIAN_POINT ( 'NONE',  ( 9.582420452220691942, -8.262247439007721184, -5.204170427930421283E-15 ) ) ;
#5811 = B_SPLINE_CURVE_WITH_KNOTS ( 'NONE', 3,
 ( #5004, #3659, #3573, #1486, #2857, #4876, #3701, #5583, #8249, #6995, #1531, #2238, #4221, #4919, #860, #1617, #4260, #2944, #289, #2991, #816, #7687, #901, #6380, #5049, #331, #3536, #6214, #2369 ),
 .UNSPECIFIED., .F., .F.,
 ( 4, 1, 1, 1, 1, 1, 1, 1, 1, 1, 1, 1, 1, 1, 1, 1, 1, 1, 1, 1, 1, 1, 1, 1, 1, 1, 4 ),
 ( 0.4925683021330555245, 0.5024463643869940821, 0.5250929155847819940, 0.5469717870834428508, 0.5680829788830696891, 0.5884264909837645385, 0.6080023233856429732, 0.6268104760888334459, 0.6448509490934806188, 0.6621237423997496929, 0.6786288560078284071, 0.6943662899179314785, 0.7093360441303072639, 0.7235381186452435331, 0.7369725134630787933, 0.7496392285842117253, 0.7615382640091191702, 0.7726696197383760012, 0.7830332957726851006, 0.7926292921129175495, 0.8014576087601730237, 0.8095182457158636158, 0.8168112029818485054, 0.8233364805606433467, 0.8290940784557681020, 0.8340839966723704313, 1.000000000000000000 ),
 .UNSPECIFIED. ) ;
#5812 = DIRECTION ( 'NONE',  ( -0.6798797886080300001, 0.1076823798066468968, -0.7253743710122916299 ) ) ;
#5813 = EDGE_CURVE ( 'NONE', #7140, #7937, #7857, .T. ) ;
#5814 = ORIENTED_EDGE ( 'NONE', *, *, #1609, .T. ) ;
#5815 = CARTESIAN_POINT ( 'NONE',  ( -5.477724940116765140, -12.17545110014133058, 0.000000000000000000 ) ) ;
#5816 = DIRECTION ( 'NONE',  ( -0.6049683311478916137, -0.2693492547302754336, 0.7493092133988346060 ) ) ;
#5817 = LINE ( 'NONE', #3633, #6743 ) ;
#5818 = EDGE_LOOP ( 'NONE', ( #7806, #271, #7634, #229 ) ) ;
#5819 = CARTESIAN_POINT ( 'NONE',  ( 0.7941151212463513076, -11.95399604505280600, 8.000000000000000000 ) ) ;
#5820 = VERTEX_POINT ( 'NONE', #1622 ) ;
#5821 = CARTESIAN_POINT ( 'NONE',  ( -11.08591166683800644, -4.425208852857832831, 0.000000000000000000 ) ) ;
#5822 = CARTESIAN_POINT ( 'NONE',  ( -10.32496896312096979, 3.608867157514772384, 8.000000000000000000 ) ) ;
#5823 = ORIENTED_EDGE ( 'NONE', *, *, #5974, .F. ) ;
#5824 = CARTESIAN_POINT ( 'NONE',  ( -4.144356524487699645, 56.46574633099009333, -14.18705913416912168 ) ) ;
#5825 = CARTESIAN_POINT ( 'NONE',  ( -11.47561408673058025, -4.719217338362263980, 8.000000000000000000 ) ) ;
#5826 =( BOUNDED_CURVE ( )  B_SPLINE_CURVE ( 3, ( #6015, #3250, #8688, #1874 ),
 .UNSPECIFIED., .F., .F. ) 
 B_SPLINE_CURVE_WITH_KNOTS ( ( 4, 4 ),
 ( 2.871132410524363188, 4.443473401705229975 ),
 .UNSPECIFIED. ) 
 CURVE ( )  GEOMETRIC_REPRESENTATION_ITEM ( )  RATIONAL_B_SPLINE_CURVE ( ( 1.000000000000000000, 0.8043736326775468015, 0.8043736326775468015, 1.000000000000000000 ) ) 
 REPRESENTATION_ITEM ( '' )  );
#5827 = CARTESIAN_POINT ( 'NONE',  ( -2.886444749236990681, -11.13701600410304948, 0.000000000000000000 ) ) ;
#5828 = ADVANCED_FACE ( 'NONE', ( #2332 ), #1043, .T. ) ;
#5829 = CARTESIAN_POINT ( 'NONE',  ( 6.401038329814059402, -10.18403012388267825, 0.000000000000000000 ) ) ;
#5830 = CARTESIAN_POINT ( 'NONE',  ( -1.722120468182739783, 13.64173013569106452, 0.000000000000000000 ) ) ;
#5831 = CARTESIAN_POINT ( 'NONE',  ( -12.44189184801363979, 5.853360337646381417, 0.000000000000000000 ) ) ;
#5832 = CARTESIAN_POINT ( 'NONE',  ( -5.836552422531232409, -12.43077374740202323, 0.000000000000000000 ) ) ;
#5833 = ORIENTED_EDGE ( 'NONE', *, *, #4782, .F. ) ;
#5834 = CARTESIAN_POINT ( 'NONE',  ( 1.447204694645796375, -13.27225220462997157, 8.000000000000000000 ) ) ;
#5835 = AXIS2_PLACEMENT_3D ( 'NONE', #5365, #6786, #7352 ) ;
#5836 = CARTESIAN_POINT ( 'NONE',  ( -8.181339682155977400, 9.539420412438916586, 8.000000000000000000 ) ) ;
#5837 = CARTESIAN_POINT ( 'NONE',  ( -9.886832010614734045, -8.972047302895465037, 0.000000000000000000 ) ) ;
#5838 = CARTESIAN_POINT ( 'NONE',  ( 10.80883218877887764, 2.708699257713942821, 8.000000000000000000 ) ) ;
#5839 = DIRECTION ( 'NONE',  ( -0.9510565162951511997, -0.3090169943749548898, 0.000000000000000000 ) ) ;
#5840 = CARTESIAN_POINT ( 'NONE',  ( -12.51119373526726619, -2.862521721341807268, 8.000000000000000000 ) ) ;
#5841 = CARTESIAN_POINT ( 'NONE',  ( 13.42510299664336593, 2.607747690747202363, 8.000000000000000000 ) ) ;
#5842 =( BOUNDED_CURVE ( )  B_SPLINE_CURVE ( 3, ( #5184, #2334, #2380, #6513 ),
 .UNSPECIFIED., .F., .F. ) 
 B_SPLINE_CURVE_WITH_KNOTS ( ( 4, 4 ),
 ( -1.776356839400250465E-15, 0.5543815916423574519 ),
 .UNSPECIFIED. ) 
 CURVE ( )  GEOMETRIC_REPRESENTATION_ITEM ( )  RATIONAL_B_SPLINE_CURVE ( ( 1.000000000000000000, 0.9745519897259298236, 0.9745519897259298236, 1.000000000000000000 ) ) 
 REPRESENTATION_ITEM ( '' )  );
#5843 = DIRECTION ( 'NONE',  ( -0.7164438088153719519, 0.1134735516832019869, -0.6883545756937499149 ) ) ;
#5844 = CARTESIAN_POINT ( 'NONE',  ( -11.77637575328569319, -2.941794575437323811, 0.000000000000000000 ) ) ;
#5845 = CARTESIAN_POINT ( 'NONE',  ( 7.707558585906948423, -9.234787594130720478, 8.000000000000000000 ) ) ;
#5846 = CARTESIAN_POINT ( 'NONE',  ( 7.252399493601790148, 35.89163711418584768, -15.11702806080277561 ) ) ;
#5847 = PLANE ( 'NONE',  #384 ) ;
#5848 = DIRECTION ( 'NONE',  ( -0.1564344650402309800, -0.9876883405951376593, 0.000000000000000000 ) ) ;
#5849 = ORIENTED_EDGE ( 'NONE', *, *, #6199, .T. ) ;
#5850 = CIRCLE ( 'NONE', #6844, 13.75000000000000000 ) ;
#5851 = EDGE_CURVE ( 'NONE', #6978, #3623, #4940, .T. ) ;
#5852 = CARTESIAN_POINT ( 'NONE',  ( -11.25643158326924897, 4.542018187747182800, 8.000000000000000000 ) ) ;
#5853 = CARTESIAN_POINT ( 'NONE',  ( 9.969200282348042563, -9.221936103763963999, -5.204170427930421283E-15 ) ) ;
#5854 = CARTESIAN_POINT ( 'NONE',  ( 1.947372774138545148, 37.28523338775200102, 14.87238388261365252 ) ) ;
#5855 = CARTESIAN_POINT ( 'NONE',  ( 9.455639197970663545, 8.034402175150866299, 8.000000000000000000 ) ) ;
#5856 = ORIENTED_EDGE ( 'NONE', *, *, #2040, .T. ) ;
#5857 = CARTESIAN_POINT ( 'NONE',  ( -10.02415449855983454, -9.411632514553605944, 0.000000000000000000 ) ) ;
#5858 = CARTESIAN_POINT ( 'NONE',  ( -8.034402175150697545, -9.455639197970809207, 0.000000000000000000 ) ) ;
#5859 = EDGE_CURVE ( 'NONE', #4189, #8177, #3162, .T. ) ;
#5860 = CARTESIAN_POINT ( 'NONE',  ( 12.05320353502386688, -0.8231400688184353776, 8.000000000000000000 ) ) ;
#5861 = ORIENTED_EDGE ( 'NONE', *, *, #408, .T. ) ;
#5862 = CARTESIAN_POINT ( 'NONE',  ( 4.771463059822663944, 49.30319178567022220, -16.14160572161316409 ) ) ;
#5863 = CARTESIAN_POINT ( 'NONE',  ( 11.73452356626235193, 4.965029436117633033, 0.000000000000000000 ) ) ;
#5864 = VECTOR ( 'NONE', #7395, 1000.000000000000000 ) ;
#5865 = CARTESIAN_POINT ( 'NONE',  ( -4.386616976970960202, 11.02139818175202279, 0.000000000000000000 ) ) ;
#5866 = EDGE_LOOP ( 'NONE', ( #2348, #5699, #4546, #4530 ) ) ;
#5867 = CIRCLE ( 'NONE', #8676, 2.600000000000000089 ) ;
#5868 = CARTESIAN_POINT ( 'NONE',  ( 6.492081297254316041, 10.48771353560532837, 0.000000000000000000 ) ) ;
#5869 = CARTESIAN_POINT ( 'NONE',  ( -11.73452356626238746, -4.965029436117550432, 0.000000000000000000 ) ) ;
#5870 = CARTESIAN_POINT ( 'NONE',  ( -12.30068812565076541, 0.9123192481542625742, 0.000000000000000000 ) ) ;
#5871 = CARTESIAN_POINT ( 'NONE',  ( 6.455308898419869656, -10.35164078446976710, 0.000000000000000000 ) ) ;
#5872 = FACE_OUTER_BOUND ( 'NONE', #5139, .T. ) ;
#5873 = CARTESIAN_POINT ( 'NONE',  ( -12.09884006967987169, 5.379567626064770458, 0.000000000000000000 ) ) ;
#5874 = AXIS2_PLACEMENT_3D ( 'NONE', #576, #3893, #3738 ) ;
#5875 = FACE_OUTER_BOUND ( 'NONE', #383, .T. ) ;
#5876 = CARTESIAN_POINT ( 'NONE',  ( 7.707558585906948423, -9.234787594130720478, 8.000000000000000000 ) ) ;
#5877 = ORIENTED_EDGE ( 'NONE', *, *, #3570, .F. ) ;
#5878 = DIRECTION ( 'NONE',  ( 0.4067366430758008189, -0.9135454576426006446, -0.000000000000000000 ) ) ;
#5879 = CARTESIAN_POINT ( 'NONE',  ( 0.9420826277741565224, -12.37227591337642352, 0.000000000000000000 ) ) ;
#5880 = ORIENTED_EDGE ( 'NONE', *, *, #41, .T. ) ;
#5881 = VECTOR ( 'NONE', #7119, 1000.000000000000000 ) ;
#5882 = CIRCLE ( 'NONE', #5170, 2.000000000000000888 ) ;
#5883 = CARTESIAN_POINT ( 'NONE',  ( 10.09620455160479402, 6.367618434587686060, 0.000000000000000000 ) ) ;
#5884 = CARTESIAN_POINT ( 'NONE',  ( -9.267416903471895395, -7.750629585191753712, 0.000000000000000000 ) ) ;
#5885 = CARTESIAN_POINT ( 'NONE',  ( 7.850195268865046927, 9.338196514606311283, 0.000000000000000000 ) ) ;
#5886 = CARTESIAN_POINT ( 'NONE',  ( 13.57387004039616585, 1.668469543075243644, 0.000000000000000000 ) ) ;
#5887 = CARTESIAN_POINT ( 'NONE',  ( 1.000453235186709700, 25.49397279352055889, 0.000000000000000000 ) ) ;
#5888 = CARTESIAN_POINT ( 'NONE',  ( 10.80883218877887764, 2.708699257713942821, 8.000000000000000000 ) ) ;
#5889 = DIRECTION ( 'NONE',  ( 1.000000000000000000, 0.000000000000000000, 0.000000000000000000 ) ) ;
#5890 = VECTOR ( 'NONE', #7238, 999.9999999999998863 ) ;
#5891 = AXIS2_PLACEMENT_3D ( 'NONE', #6734, #6028, #4664 ) ;
#5892 = DIRECTION ( 'NONE',  ( -0.7780644821457441962, 0.000000000000000000, 0.6281844168898770286 ) ) ;
#5893 = CARTESIAN_POINT ( 'NONE',  ( -13.32045193209908973, -2.644734409371050976, 8.000000000000000000 ) ) ;
#5894 = CARTESIAN_POINT ( 'NONE',  ( 8.388890916567888212, 35.74298043340484554, -13.33056647343833134 ) ) ;
#5895 = DIRECTION ( 'NONE',  ( -0.9876883405951377704, 0.1564344650402310077, 0.000000000000000000 ) ) ;
#5896 = CARTESIAN_POINT ( 'NONE',  ( -9.175863790627264649, 7.634358818669825908, 0.000000000000000000 ) ) ;
#5897 = ORIENTED_EDGE ( 'NONE', *, *, #874, .T. ) ;
#5898 = VECTOR ( 'NONE', #1220, 1000.000000000000114 ) ;
#5899 = CARTESIAN_POINT ( 'NONE',  ( -11.30699639290208758, 4.580317944817353215, 8.000000000000000000 ) ) ;
#5900 = CARTESIAN_POINT ( 'NONE',  ( 9.669723885497070626, -8.439220299576962958, -5.204170427930421283E-15 ) ) ;
#5901 = CARTESIAN_POINT ( 'NONE',  ( 6.628700411334595088, 11.96219333343626090, -5.204170427930421283E-15 ) ) ;
#5902 = AXIS2_PLACEMENT_3D ( 'NONE', #5921, #5208, #1237 ) ;
#5903 = CARTESIAN_POINT ( 'NONE',  ( 8.369995709185607424, 35.78271363736197230, -13.31382494774836189 ) ) ;
#5904 = VERTEX_POINT ( 'NONE', #7472 ) ;
#5905 = CARTESIAN_POINT ( 'NONE',  ( -9.149886257342867424, -7.604022508570406735, 0.000000000000000000 ) ) ;
#5906 = CARTESIAN_POINT ( 'NONE',  ( 6.231836464888957039, -8.988499347771035985, 8.000000000000000000 ) ) ;
#5907 = CARTESIAN_POINT ( 'NONE',  ( 13.62596226217984530, -1.709570872969363942, 8.000000000000000000 ) ) ;
#5908 = CARTESIAN_POINT ( 'NONE',  ( -12.72257526253006077, 2.817469215210235411, 0.000000000000000000 ) ) ;
#5909 = ORIENTED_EDGE ( 'NONE', *, *, #5117, .T. ) ;
#5910 = CARTESIAN_POINT ( 'NONE',  ( 0.000000000000000000, 0.000000000000000000, 8.000000000000000000 ) ) ;
#5911 = CARTESIAN_POINT ( 'NONE',  ( -11.47561408673058025, -4.719217338362263980, 0.000000000000000000 ) ) ;
#5912 = LINE ( 'NONE', #1628, #4057 ) ;
#5913 = ORIENTED_EDGE ( 'NONE', *, *, #5711, .T. ) ;
#5914 = CARTESIAN_POINT ( 'NONE',  ( 10.48771353560530528, -6.492081297254353345, 0.000000000000000000 ) ) ;
#5915 = CARTESIAN_POINT ( 'NONE',  ( 11.74704200668308651, 28.85420597448917590, 7.469851245596856870 ) ) ;
#5916 = CARTESIAN_POINT ( 'NONE',  ( 12.69447357664508580, -1.095856395948267670, 0.000000000000000000 ) ) ;
#5917 = EDGE_CURVE ( 'NONE', #3010, #1443, #106, .T. ) ;
#5918 = CARTESIAN_POINT ( 'NONE',  ( -10.29093438073243583, -6.436913140481757445, 0.000000000000000000 ) ) ;
#5919 = CARTESIAN_POINT ( 'NONE',  ( 10.72875944066936604, 6.544354946388849292, 8.000000000000000000 ) ) ;
#5920 = DIRECTION ( 'NONE',  ( 0.000000000000000000, 0.000000000000000000, 1.000000000000000000 ) ) ;
#5921 = CARTESIAN_POINT ( 'NONE',  ( 6.335244835902269500, 55.65838407470384652, 0.3298255930281636106 ) ) ;
#5922 = DIRECTION ( 'NONE',  ( 1.000000000000000000, 0.000000000000000000, 0.000000000000000000 ) ) ;
#5923 = LINE ( 'NONE', #4510, #6049 ) ;
#5924 = EDGE_CURVE ( 'NONE', #4827, #8473, #1481, .T. ) ;
#5925 = VERTEX_POINT ( 'NONE', #8202 ) ;
#5926 = CARTESIAN_POINT ( 'NONE',  ( -6.367618434587577703, 10.09620455160486507, 8.000000000000000000 ) ) ;
#5927 = CARTESIAN_POINT ( 'NONE',  ( 1.143751547996471052, -12.78342018721907003, 0.000000000000000000 ) ) ;
#5928 = ORIENTED_EDGE ( 'NONE', *, *, #5813, .F. ) ;
#5929 = CARTESIAN_POINT ( 'NONE',  ( 10.35164078446974401, 6.455308898419904295, 0.000000000000000000 ) ) ;
#5930 = CARTESIAN_POINT ( 'NONE',  ( -9.301941798724749688, -7.798144649837225550, 8.000000000000000000 ) ) ;
#5931 = CARTESIAN_POINT ( 'NONE',  ( 11.90787246215806405, 2.937812879663983523, 8.000000000000000000 ) ) ;
#5932 = CARTESIAN_POINT ( 'NONE',  ( 12.87548337994384973, 1.195724957047672010, 8.000000000000000000 ) ) ;
#5933 = CARTESIAN_POINT ( 'NONE',  ( 9.126433365741046799, 7.577720000373803444, 0.000000000000000000 ) ) ;
#5934 = DIRECTION ( 'NONE',  ( 0.5877852522924713607, 0.8090169943749487835, 0.000000000000000000 ) ) ;
#5935 = CARTESIAN_POINT ( 'NONE',  ( 7.152395453489232224, 8.544655887209795964, 8.000000000000000000 ) ) ;
#5936 = VERTEX_POINT ( 'NONE', #2191 ) ;
#5937 = CARTESIAN_POINT ( 'NONE',  ( -1.051893166807160940, -12.60876818853259174, 8.000000000000000000 ) ) ;
#5938 = CYLINDRICAL_SURFACE ( 'NONE', #254, 13.75000000000000000 ) ;
#5939 = CARTESIAN_POINT ( 'NONE',  ( 7.976256801742358959, 36.36634684653289895, -13.23718567428608317 ) ) ;
#5940 = CARTESIAN_POINT ( 'NONE',  ( -4.386616976970960202, 11.02139818175202279, 8.000000000000000000 ) ) ;
#5941 = CARTESIAN_POINT ( 'NONE',  ( -9.928529331195889540, 9.094348737717218967, 8.000000000000000000 ) ) ;
#5942 = ORIENTED_EDGE ( 'NONE', *, *, #7204, .F. ) ;
#5943 = CARTESIAN_POINT ( 'NONE',  ( -10.32496896312096979, 3.608867157514772384, 8.000000000000000000 ) ) ;
#5944 = CARTESIAN_POINT ( 'NONE',  ( 9.415217936710003954, -7.968244849358779192, -5.204170427930421283E-15 ) ) ;
#5945 = CARTESIAN_POINT ( 'NONE',  ( 6.631537913675364493, 11.85123473191547738, -5.204170427930421283E-15 ) ) ;
#5946 = CARTESIAN_POINT ( 'NONE',  ( 9.415217936709831648, 7.968244849358985249, 8.000000000000000000 ) ) ;
#5947 = ORIENTED_EDGE ( 'NONE', *, *, #4460, .F. ) ;
#5948 = CARTESIAN_POINT ( 'NONE',  ( 2.145883182133908385, 37.37361591572383190, -9.733550194123695931 ) ) ;
#5949 = FACE_OUTER_BOUND ( 'NONE', #7173, .T. ) ;
#5950 = CARTESIAN_POINT ( 'NONE',  ( 13.06843834723479070, -1.312474532672950112, 8.000000000000000000 ) ) ;
#5951 = CARTESIAN_POINT ( 'NONE',  ( -6.626067776682361021, 12.02849558169542021, 8.000000000000000000 ) ) ;
#5952 = EDGE_CURVE ( 'NONE', #514, #911, #7683, .T. ) ;
#5953 = VERTEX_POINT ( 'NONE', #939 ) ;
#5954 = DIRECTION ( 'NONE',  ( -3.491481338843133355E-15, 1.000000000000000000, 0.000000000000000000 ) ) ;
#5955 = CARTESIAN_POINT ( 'NONE',  ( 0.000000000000000000, 0.000000000000000000, 8.000000000000000000 ) ) ;
#5956 = CARTESIAN_POINT ( 'NONE',  ( -7.668835209822958632, -9.204216794247617628, 8.000000000000000000 ) ) ;
#5957 = VERTEX_POINT ( 'NONE', #6331 ) ;
#5958 = ORIENTED_EDGE ( 'NONE', *, *, #3188, .T. ) ;
#5959 = CARTESIAN_POINT ( 'NONE',  ( 11.22924223885657291, -6.611064424922705740, 0.000000000000000000 ) ) ;
#5960 = CARTESIAN_POINT ( 'NONE',  ( -12.41180006574749228, 2.880586703536566873, 8.000000000000000000 ) ) ;
#5961 = CARTESIAN_POINT ( 'NONE',  ( -12.16898868378441989, 0.8620871873791865481, 0.000000000000000000 ) ) ;
#5962 = CARTESIAN_POINT ( 'NONE',  ( -10.05932550694757133, -6.352286767647629340, 0.000000000000000000 ) ) ;
#5963 = CARTESIAN_POINT ( 'NONE',  ( 6.367618434587651421, -10.09620455160481534, 0.000000000000000000 ) ) ;
#5964 = EDGE_CURVE ( 'NONE', #7756, #3838, #2808, .T. ) ;
#5965 = CARTESIAN_POINT ( 'NONE',  ( -6.632284204934435934, 11.71732392095623609, 0.000000000000000000 ) ) ;
#5966 = CARTESIAN_POINT ( 'NONE',  ( -10.70664486910372304, 4.210990906299862502, 0.000000000000000000 ) ) ;
#5967 = CARTESIAN_POINT ( 'NONE',  ( -7.668835209822958632, -9.204216794247617628, 8.000000000000000000 ) ) ;
#5968 = CARTESIAN_POINT ( 'NONE',  ( 8.439220299577138817, -9.669723885496912530, 8.000000000000000000 ) ) ;
#5969 = VERTEX_POINT ( 'NONE', #4347 ) ;
#5970 = CARTESIAN_POINT ( 'NONE',  ( -7.397296749673260230, 55.01744403114347648, -8.371002309411325726 ) ) ;
#5971 = CARTESIAN_POINT ( 'NONE',  ( -5.379567626064813979, 12.09884006967985393, 0.000000000000000000 ) ) ;
#5972 = ORIENTED_EDGE ( 'NONE', *, *, #6893, .T. ) ;
#5973 = CARTESIAN_POINT ( 'NONE',  ( -7.152395453489245547, 8.544655887209474443, 8.000000000000000000 ) ) ;
#5974 = EDGE_CURVE ( 'NONE', #362, #6653, #7038, .T. ) ;
#5975 = CARTESIAN_POINT ( 'NONE',  ( -9.338196514606172727, -7.850195268865215681, 0.000000000000000000 ) ) ;
#5976 = DIRECTION ( 'NONE',  ( -0.5688848484681161555, -0.2532838531754056932, -0.7824431729550894721 ) ) ;
#5977 = DIRECTION ( 'NONE',  ( -0.7780644821457443072, 0.000000000000000000, 0.6281844168898770286 ) ) ;
#5978 = ORIENTED_EDGE ( 'NONE', *, *, #2600, .F. ) ;
#5979 = CARTESIAN_POINT ( 'NONE',  ( -11.90787246215808537, -2.937812879663900478, 8.000000000000000000 ) ) ;
#5980 = DIRECTION ( 'NONE',  ( 0.000000000000000000, 0.000000000000000000, 1.000000000000000000 ) ) ;
#5981 = CARTESIAN_POINT ( 'NONE',  ( 21.45677504987222761, 43.78210635712019183, 10.23534816696581728 ) ) ;
#5982 = B_SPLINE_SURFACE_WITH_KNOTS ( 'NONE', 3, 1, ( 
 ( #5906, #1899 ),
 ( #2603, #4060 ),
 ( #5371, #1217 ),
 ( #606, #1944 ),
 ( #8009, #5279 ),
 ( #1271, #3318 ),
 ( #3413, #7314 ),
 ( #6750, #2648 ),
 ( #6659, #6088 ),
 ( #8576, #7961 ),
 ( #2734, #510 ),
 ( #7219, #1989 ),
 ( #35, #5996 ),
 ( #6615, #1174 ),
 ( #7873, #3228 ),
 ( #2558, #4580 ),
 ( #7265, #7358 ),
 ( #8668, #3927 ),
 ( #3365, #4630 ),
 ( #5330, #1315 ),
 ( #8049, #4015 ),
 ( #6702, #6044 ),
 ( #8714, #4716 ),
 ( #7399, #1362 ),
 ( #1856, #8213 ),
 ( #6257, #6917 ),
 ( #4226, #4881 ),
 ( #908, #1491 ),
 ( #4924, #865 ) ),
 .UNSPECIFIED., .F., .F., .F.,
 ( 4, 1, 1, 1, 1, 1, 1, 1, 1, 1, 1, 1, 1, 1, 1, 1, 1, 1, 1, 1, 1, 1, 1, 1, 1, 1, 4 ),
 ( 2, 2 ),
 ( 0.000000000000000000, 0.1659160033276295965, 0.1709059215442318702, 0.1766635194393565977, 0.1831887970181514669, 0.1904817542841364120, 0.1985423912398269763, 0.2073707078870824227, 0.2169667042273148716, 0.2273303802616240543, 0.2384617359908808021, 0.2503607714157882191, 0.2630274865369212067, 0.2764618813547564669, 0.2906639558696927361, 0.3056337100820685215, 0.3213711439921715929, 0.3378762576002502516, 0.3551490509065193812, 0.3731895239111665541, 0.3919976766143570268, 0.4115735090162354615, 0.4319170211169303109, 0.4530282129165571492, 0.4749070844152180060, 0.4975536356130058624, 0.5074316978669448641 ),
 ( 0.000000000000000000, 1.000000000000000000 ),
 .UNSPECIFIED. ) ;
#5983 = ORIENTED_EDGE ( 'NONE', *, *, #2632, .T. ) ;
#5984 = CARTESIAN_POINT ( 'NONE',  ( -0.7736152328233113495, -11.87194576742586527, 8.000000000000000000 ) ) ;
#5985 = CARTESIAN_POINT ( 'NONE',  ( 8.034402175150832548, -9.455639197970691967, 0.000000000000000000 ) ) ;
#5986 = CARTESIAN_POINT ( 'NONE',  ( 7.907008971150999876, 36.43850233433092001, -13.21488843302370597 ) ) ;
#5987 = CARTESIAN_POINT ( 'NONE',  ( -5.379567626064813979, 12.09884006967985393, 8.000000000000000000 ) ) ;
#5988 = CARTESIAN_POINT ( 'NONE',  ( -9.582420452220629770, 8.262247439007792238, 8.000000000000000000 ) ) ;
#5989 = ORIENTED_EDGE ( 'NONE', *, *, #1279, .T. ) ;
#5990 = CARTESIAN_POINT ( 'NONE',  ( 9.669723885497070626, -8.439220299576962958, 8.000000000000000000 ) ) ;
#5991 = CARTESIAN_POINT ( 'NONE',  ( 1.565527684230041627, 34.88661075454945859, 16.37100230941132395 ) ) ;
#5992 = CARTESIAN_POINT ( 'NONE',  ( -9.267416903471948686, 7.750629585191687987, 0.000000000000000000 ) ) ;
#5993 = B_SPLINE_CURVE_WITH_KNOTS ( 'NONE', 3,
 ( #3168, #1796, #209, #8266, #2253, #8431, #8221, #8468, #2208, #5844, #4932, #7616, #5179, #1074, #4272, #7861, #6424, #2459, #497, #372, #4482, #3786, #6509, #6472, #5133, #7168, #1121, #1844, #458 ),
 .UNSPECIFIED., .F., .F.,
 ( 4, 1, 1, 1, 1, 1, 1, 1, 1, 1, 1, 1, 1, 1, 1, 1, 1, 1, 1, 1, 1, 1, 1, 1, 1, 1, 4 ),
 ( 0.000000000000000000, 0.1659160033276295965, 0.1709059215442318702, 0.1766635194393565977, 0.1831887970181514669, 0.1904817542841364120, 0.1985423912398269763, 0.2073707078870824227, 0.2169667042273148716, 0.2273303802616240543, 0.2384617359908808021, 0.2503607714157882191, 0.2630274865369212067, 0.2764618813547564669, 0.2906639558696927361, 0.3056337100820685215, 0.3213711439921715929, 0.3378762576002502516, 0.3551490509065193812, 0.3731895239111665541, 0.3919976766143570268, 0.4115735090162354615, 0.4319170211169303109, 0.4530282129165571492, 0.4749070844152180060, 0.4975536356130058624, 0.5074316978669448641 ),
 .UNSPECIFIED. ) ;
#5994 = CARTESIAN_POINT ( 'NONE',  ( 9.625916629980634909, 8.348190801685314355, 8.000000000000000000 ) ) ;
#5995 = CARTESIAN_POINT ( 'NONE',  ( -9.126433365741101866, -7.577720000373735054, 0.000000000000000000 ) ) ;
#5996 = CARTESIAN_POINT ( 'NONE',  ( 6.492081297254545191, -10.48771353560518449, 0.000000000000000000 ) ) ;
#5997 = CARTESIAN_POINT ( 'NONE',  ( -10.02415449855983631, -9.411632514553604167, 8.000000000000000000 ) ) ;
#5998 = ORIENTED_EDGE ( 'NONE', *, *, #6226, .F. ) ;
#5999 = CARTESIAN_POINT ( 'NONE',  ( -12.83440038321941223, 2.790132082466584507, 0.000000000000000000 ) ) ;
#6000 = ORIENTED_EDGE ( 'NONE', *, *, #2678, .T. ) ;
#6001 = CARTESIAN_POINT ( 'NONE',  ( 11.41672744483946822, 4.668788839230981758, 8.000000000000000000 ) ) ;
#6002 = CARTESIAN_POINT ( 'NONE',  ( 2.584755384919331433, -13.48734665307394920, 8.000000000000000000 ) ) ;
#6003 = CARTESIAN_POINT ( 'NONE',  ( -0.2634514688554350226, 44.30978159260892113, -10.28162819106447579 ) ) ;
#6004 = ORIENTED_EDGE ( 'NONE', *, *, #3410, .F. ) ;
#6005 = CARTESIAN_POINT ( 'NONE',  ( 6.383929952666036023, 10.13775510802976676, 0.000000000000000000 ) ) ;
#6006 = CARTESIAN_POINT ( 'NONE',  ( -11.90787246215810669, 2.937812879663815657, 0.000000000000000000 ) ) ;
#6007 = CARTESIAN_POINT ( 'NONE',  ( 11.91079326901030022, -0.7828886122848225382, 0.000000000000000000 ) ) ;
#6008 = CARTESIAN_POINT ( 'NONE',  ( -10.02415449855990204, 9.411632514553531337, 8.000000000000000000 ) ) ;
#6009 = PLANE ( 'NONE',  #8138 ) ;
#6010 = CARTESIAN_POINT ( 'NONE',  ( 16.72431969393056761, 40.58044520220693130, 3.166912955578769395 ) ) ;
#6011 = CARTESIAN_POINT ( 'NONE',  ( 6.625183064395991472, -12.04862852623652536, 8.000000000000000000 ) ) ;
#6012 = CARTESIAN_POINT ( 'NONE',  ( -7.750629585191656012, -9.267416903471977108, 0.000000000000000000 ) ) ;
#6013 = CARTESIAN_POINT ( 'NONE',  ( 10.36720246265442213, 48.35002041356305114, 8.298358823861713418 ) ) ;
#6014 = ORIENTED_EDGE ( 'NONE', *, *, #6758, .T. ) ;
#6015 = CARTESIAN_POINT ( 'NONE',  ( -0.3615961039476712768, 32.68084595136923554, -11.37819580376864970 ) ) ;
#6016 = CARTESIAN_POINT ( 'NONE',  ( -5.477724940116855734, 12.17545110014129150, 8.000000000000000000 ) ) ;
#6017 = CARTESIAN_POINT ( 'NONE',  ( 10.48771353560516140, 6.492081297254581607, 0.000000000000000000 ) ) ;
#6018 = FACE_OUTER_BOUND ( 'NONE', #7934, .T. ) ;
#6019 = CARTESIAN_POINT ( 'NONE',  ( 6.622827502596161153, 8.704427730807806185, 0.000000000000000000 ) ) ;
#6020 = CIRCLE ( 'NONE', #8520, 13.75000000000000000 ) ;
#6021 = CARTESIAN_POINT ( 'NONE',  ( -2.577692551524129794, 13.50622083004039276, 0.000000000000000000 ) ) ;
#6022 = CARTESIAN_POINT ( 'NONE',  ( 9.234787594130693833, 7.707558585906980397, 8.000000000000000000 ) ) ;
#6023 = DIRECTION ( 'NONE',  ( 0.000000000000000000, 0.000000000000000000, 1.000000000000000000 ) ) ;
#6024 = DIRECTION ( 'NONE',  ( 0.000000000000000000, 0.000000000000000000, 1.000000000000000000 ) ) ;
#6025 = EDGE_CURVE ( 'NONE', #514, #1642, #6328, .T. ) ;
#6026 = ORIENTED_EDGE ( 'NONE', *, *, #3226, .F. ) ;
#6027 = AXIS2_PLACEMENT_3D ( 'NONE', #7078, #3985, #367 ) ;
#6028 = DIRECTION ( 'NONE',  ( 0.000000000000000000, 0.000000000000000000, 1.000000000000000000 ) ) ;
#6029 = CARTESIAN_POINT ( 'NONE',  ( 8.108380263210039018, 36.45004234026606582, -14.31391604011525409 ) ) ;
#6030 = CARTESIAN_POINT ( 'NONE',  ( 11.71732392095630715, -6.632284204934304483, 8.000000000000000000 ) ) ;
#6031 = CARTESIAN_POINT ( 'NONE',  ( -9.669723885497008453, 8.439220299577034012, 8.000000000000000000 ) ) ;
#6032 = ORIENTED_EDGE ( 'NONE', *, *, #2632, .F. ) ;
#6033 = EDGE_CURVE ( 'NONE', #6647, #5243, #2962, .T. ) ;
#6034 = CARTESIAN_POINT ( 'NONE',  ( 9.267416903472005529, -7.750629585191619597, 0.000000000000000000 ) ) ;
#6035 = AXIS2_PLACEMENT_3D ( 'NONE', #7249, #7902, #4610 ) ;
#6036 = VECTOR ( 'NONE', #6054, 1000.000000000000000 ) ;
#6037 = CARTESIAN_POINT ( 'NONE',  ( 12.87548337994384973, 1.195724957047672010, 0.000000000000000000 ) ) ;
#6038 = EDGE_CURVE ( 'NONE', #5563, #7073, #7307, .T. ) ;
#6039 = CARTESIAN_POINT ( 'NONE',  ( 6.611064424922665772, 11.22924223885659423, -5.204170427930421283E-15 ) ) ;
#6040 = EDGE_CURVE ( 'NONE', #6300, #1646, #2409, .T. ) ;
#6041 = CARTESIAN_POINT ( 'NONE',  ( 9.969200282347838282, 9.221936103764180714, 8.000000000000000000 ) ) ;
#6042 = AXIS2_PLACEMENT_3D ( 'NONE', #8184, #134, #6186 ) ;
#6043 = CARTESIAN_POINT ( 'NONE',  ( -6.195993967205597031, 49.73270047063778065, 24.78316151863608141 ) ) ;
#6044 = CARTESIAN_POINT ( 'NONE',  ( 6.619621129381279445, -11.34404188716882267, 0.000000000000000000 ) ) ;
#6045 = CARTESIAN_POINT ( 'NONE',  ( 11.48389212362418910, -0.6963551242056464918, -5.204170427930421283E-15 ) ) ;
#6046 = CARTESIAN_POINT ( 'NONE',  ( -6.611064424922830085, 11.22924223885650008, 8.000000000000000000 ) ) ;
#6047 = EDGE_LOOP ( 'NONE', ( #5551, #2577, #4333, #4208 ) ) ;
#6048 = CARTESIAN_POINT ( 'NONE',  ( -12.00148937107103286, 0.8074739252555862556, 8.000000000000000000 ) ) ;
#6049 = VECTOR ( 'NONE', #625, 1000.000000000000000 ) ;
#6050 = AXIS2_PLACEMENT_3D ( 'NONE', #8111, #2056, #717 ) ;
#6051 = CARTESIAN_POINT ( 'NONE',  ( -4.833073392807659907, 11.60070094346936287, 0.000000000000000000 ) ) ;
#6052 = EDGE_CURVE ( 'NONE', #8329, #4884, #269, .T. ) ;
#6053 = ORIENTED_EDGE ( 'NONE', *, *, #1652, .F. ) ;
#6054 = DIRECTION ( 'NONE',  ( 0.000000000000000000, 0.000000000000000000, 1.000000000000000000 ) ) ;
#6055 = CARTESIAN_POINT ( 'NONE',  ( -12.44189184801363979, 5.853360337646381417, 8.000000000000000000 ) ) ;
#6056 = CARTESIAN_POINT ( 'NONE',  ( -12.78342018721907714, 1.143751547996426421, 0.000000000000000000 ) ) ;
#6057 = DIRECTION ( 'NONE',  ( -1.000000000000000000, 0.000000000000000000, 0.000000000000000000 ) ) ;
#6058 = CARTESIAN_POINT ( 'NONE',  ( 6.628700411335568532, -11.96219333340837387, 0.000000000000000000 ) ) ;
#6059 = CARTESIAN_POINT ( 'NONE',  ( 6.284934629977815490, 37.10766082658304299, -12.97968703374970900 ) ) ;
#6060 = B_SPLINE_CURVE_WITH_KNOTS ( 'NONE', 3,
 ( #4466, #7932, #4509, #3068, #3852, #485, #403, #7192, #2404, #2486, #7071, #8417, #7844, #5251, #1021, #6537, #3154, #3773, #4384, #7763, #7804, #1780, #7156, #1741, #1830, #8495, #6582, #5832, #3197 ),
 .UNSPECIFIED., .F., .F.,
 ( 4, 1, 1, 1, 1, 1, 1, 1, 1, 1, 1, 1, 1, 1, 1, 1, 1, 1, 1, 1, 1, 1, 1, 1, 1, 1, 4 ),
 ( 0.000000000000000000, 0.1659160033276295965, 0.1709059215442318702, 0.1766635194393565977, 0.1831887970181514669, 0.1904817542841364120, 0.1985423912398269763, 0.2073707078870824227, 0.2169667042273148716, 0.2273303802616240543, 0.2384617359908808021, 0.2503607714157882191, 0.2630274865369212067, 0.2764618813547564669, 0.2906639558696927361, 0.3056337100820685215, 0.3213711439921715929, 0.3378762576002502516, 0.3551490509065193812, 0.3731895239111665541, 0.3919976766143570268, 0.4115735090162354615, 0.4319170211169303109, 0.4530282129165571492, 0.4749070844152180060, 0.4975536356130058624, 0.5074316978669450862 ),
 .UNSPECIFIED. ) ;
#6061 = CARTESIAN_POINT ( 'NONE',  ( 5.781365353077924318, 12.39393210983948634, 8.000000000000000000 ) ) ;
#6062 = CARTESIAN_POINT ( 'NONE',  ( -7.577720000373640907, -9.126433365741181802, 8.000000000000000000 ) ) ;
#6063 = VERTEX_POINT ( 'NONE', #237 ) ;
#6064 = CARTESIAN_POINT ( 'NONE',  ( -6.186699299581457367, 9.699971161947006593, 8.000000000000000000 ) ) ;
#6065 = CARTESIAN_POINT ( 'NONE',  ( -5.781365353100957449, 12.39393210985513960, 0.000000000000000000 ) ) ;
#6066 = CARTESIAN_POINT ( 'NONE',  ( 10.93483029503508774, -0.2416457505996495170, 0.000000000000000000 ) ) ;
#6067 = CARTESIAN_POINT ( 'NONE',  ( -2.932881190150526507, 11.52995163726277283, 8.000000000000000000 ) ) ;
#6068 = CARTESIAN_POINT ( 'NONE',  ( 6.557052065155064113, 36.53023251672701832, 23.41586984301908814 ) ) ;
#6069 = EDGE_CURVE ( 'NONE', #5707, #5820, #4841, .T. ) ;
#6070 = CARTESIAN_POINT ( 'NONE',  ( 11.87194576742585816, 0.7736152328234355835, 8.000000000000000000 ) ) ;
#6071 = ORIENTED_EDGE ( 'NONE', *, *, #6730, .F. ) ;
#6072 = CARTESIAN_POINT ( 'NONE',  ( -7.750629585191723514, 9.267416903471923817, 0.000000000000000000 ) ) ;
#6073 = DIRECTION ( 'NONE',  ( 0.7780644821457441962, 0.000000000000000000, -0.6281844168898770286 ) ) ;
#6074 = CARTESIAN_POINT ( 'NONE',  ( 9.094348737717112385, 9.928529331195990792, 8.000000000000000000 ) ) ;
#6075 = EDGE_LOOP ( 'NONE', ( #2189, #6026, #7573, #1946 ) ) ;
#6076 = CARTESIAN_POINT ( 'NONE',  ( -0.6963551242057667290, -11.48389212362418199, 8.000000000000000000 ) ) ;
#6077 = CARTESIAN_POINT ( 'NONE',  ( 8.478494194698800612, 35.60285786986222689, -14.31906138398496964 ) ) ;
#6078 = CARTESIAN_POINT ( 'NONE',  ( 9.699971161947072318, -6.186699299581352562, 8.000000000000000000 ) ) ;
#6079 = CARTESIAN_POINT ( 'NONE',  ( 7.178631593168325331, 36.81029410563677118, -14.58301328746719072 ) ) ;
#6080 = ORIENTED_EDGE ( 'NONE', *, *, #2852, .F. ) ;
#6081 = CARTESIAN_POINT ( 'NONE',  ( 13.64173013562590775, 1.722120468131038029, 0.000000000000000000 ) ) ;
#6082 = ADVANCED_FACE ( 'NONE', ( #490 ), #3760, .T. ) ;
#6083 = CARTESIAN_POINT ( 'NONE',  ( -0.1905158452812864001, 32.63909084861705878, 19.22056930244628958 ) ) ;
#6084 = CARTESIAN_POINT ( 'NONE',  ( 6.626136714284503348, 11.46368139467886316, 8.000000000000000000 ) ) ;
#6085 = EDGE_CURVE ( 'NONE', #1150, #931, #8413, .T. ) ;
#6086 = CARTESIAN_POINT ( 'NONE',  ( -1.312474532673086891, -13.06843834723477649, 0.000000000000000000 ) ) ;
#6087 = CARTESIAN_POINT ( 'NONE',  ( -0.7828886122849474383, -11.91079326901029134, 8.000000000000000000 ) ) ;
#6088 = CARTESIAN_POINT ( 'NONE',  ( 6.418760976341437718, -10.23507608951699943, 0.000000000000000000 ) ) ;
#6089 = CYLINDRICAL_SURFACE ( 'NONE', #5744, 13.75000000000000000 ) ;
#6090 = CARTESIAN_POINT ( 'NONE',  ( -6.352286767647596477, 10.05932550694759620, 8.000000000000000000 ) ) ;
#6091 = ORIENTED_EDGE ( 'NONE', *, *, #5602, .T. ) ;
#6092 = CARTESIAN_POINT ( 'NONE',  ( -11.95399604505280955, 0.7941151212463095632, 8.000000000000000000 ) ) ;
#6093 = EDGE_CURVE ( 'NONE', #8095, #5061, #3391, .T. ) ;
#6094 = CARTESIAN_POINT ( 'NONE',  ( -5.379567626064813979, 12.09884006967985393, 0.000000000000000000 ) ) ;
#6095 = ORIENTED_EDGE ( 'NONE', *, *, #1256, .T. ) ;
#6096 = CARTESIAN_POINT ( 'NONE',  ( -6.625183064395817389, -12.04862852623661951, 0.000000000000000000 ) ) ;
#6097 = CARTESIAN_POINT ( 'NONE',  ( -12.61481170127151152, 2.841541163098003420, 8.000000000000000000 ) ) ;
#6098 = CARTESIAN_POINT ( 'NONE',  ( -9.267416903471895395, -7.750629585191753712, 8.000000000000000000 ) ) ;
#6099 = CARTESIAN_POINT ( 'NONE',  ( -2.880586703536610393, 12.41180006574747985, 8.000000000000000000 ) ) ;
#6100 = CARTESIAN_POINT ( 'NONE',  ( 11.02139818175206720, -4.386616976970844739, 0.000000000000000000 ) ) ;
#6101 = FACE_OUTER_BOUND ( 'NONE', #8624, .T. ) ;
#6102 = LINE ( 'NONE', #3468, #8419 ) ;
#6103 = CARTESIAN_POINT ( 'NONE',  ( -7.798144649837128739, -9.301941798724829624, 0.000000000000000000 ) ) ;
#6104 = DATE_TIME_ROLE ( 'creation_date' ) ;
#6105 = ORIENTED_EDGE ( 'NONE', *, *, #5496, .F. ) ;
#6106 = CARTESIAN_POINT ( 'NONE',  ( -6.631537913675538576, 11.85123473191538501, 8.000000000000000000 ) ) ;
#6107 = CARTESIAN_POINT ( 'NONE',  ( -4.404384806714132239, 11.05183112916330401, 8.000000000000000000 ) ) ;
#6108 = CARTESIAN_POINT ( 'NONE',  ( 11.47561408673064420, -4.719217338362103220, 8.000000000000000000 ) ) ;
#6109 = CARTESIAN_POINT ( 'NONE',  ( -2.708699257713828690, 10.80883218877890783, 0.000000000000000000 ) ) ;
#6110 = CARTESIAN_POINT ( 'NONE',  ( 7.838650651405363767, 36.96394730361748060, 22.34367060998069832 ) ) ;
#6111 = CARTESIAN_POINT ( 'NONE',  ( 4.425208852857871022, -11.08591166683798868, 0.000000000000000000 ) ) ;
#6112 = CARTESIAN_POINT ( 'NONE',  ( -12.61481170127149198, -2.841541163098093570, 0.000000000000000000 ) ) ;
#6113 = CARTESIAN_POINT ( 'NONE',  ( -11.22924223885647521, -6.611064424922867389, 8.000000000000000000 ) ) ;
#6114 = CARTESIAN_POINT ( 'NONE',  ( 8.034402175150626491, 9.455639197970867826, 8.000000000000000000 ) ) ;
#6115 = ORIENTED_EDGE ( 'NONE', *, *, #1113, .T. ) ;
#6116 = EDGE_CURVE ( 'NONE', #8200, #2535, #7252, .T. ) ;
#6117 = CARTESIAN_POINT ( 'NONE',  ( -6.611064424922749261, -11.22924223885654627, 8.000000000000000000 ) ) ;
#6118 = CARTESIAN_POINT ( 'NONE',  ( -1.600954125870927891, 13.48577048812304113, 0.000000000000000000 ) ) ;
#6119 = CARTESIAN_POINT ( 'NONE',  ( 11.11931436071742851, -6.600657436018027902, 0.000000000000000000 ) ) ;
#6120 = CARTESIAN_POINT ( 'NONE',  ( 5.198761634262691445, 11.94884645308983018, 0.000000000000000000 ) ) ;
#6121 = ORIENTED_EDGE ( 'NONE', *, *, #7877, .T. ) ;
#6122 = CARTESIAN_POINT ( 'NONE',  ( 9.928529331195960594, -9.094348737717146136, 8.000000000000000000 ) ) ;
#6123 = CARTESIAN_POINT ( 'NONE',  ( 11.83751175313649284, 0.7661213205047733288, 0.000000000000000000 ) ) ;
#6124 = FACE_OUTER_BOUND ( 'NONE', #3684, .T. ) ;
#6125 = DIRECTION ( 'NONE',  ( 0.000000000000000000, -0.000000000000000000, -1.000000000000000000 ) ) ;
#6126 = DIRECTION ( 'NONE',  ( 1.000000000000000000, 0.000000000000000000, 0.000000000000000000 ) ) ;
#6127 = CARTESIAN_POINT ( 'NONE',  ( -7.397296749673260230, 55.01744403114347648, -8.371002309411325726 ) ) ;
#6128 = CARTESIAN_POINT ( 'NONE',  ( -2.644734409370904871, -13.32045193209911638, 8.000000000000000000 ) ) ;
#6129 = ORIENTED_EDGE ( 'NONE', *, *, #3353, .T. ) ;
#6130 = DIRECTION ( 'NONE',  ( 0.7164438088153719519, -0.1134735516832017926, 0.6883545756937498039 ) ) ;
#6131 = VERTEX_POINT ( 'NONE', #6723 ) ;
#6132 = CIRCLE ( 'NONE', #3469, 10.93750000000000178 ) ;
#6133 = CARTESIAN_POINT ( 'NONE',  ( -11.11684438996336866, 0.7639867559470293612, 8.000000000000000000 ) ) ;
#6134 = LINE ( 'NONE', #3712, #2499 ) ;
#6135 = ADVANCED_FACE ( 'NONE', ( #3394 ), #2013, .T. ) ;
#6136 = ORIENTED_EDGE ( 'NONE', *, *, #2316, .T. ) ;
#6137 = CARTESIAN_POINT ( 'NONE',  ( -4.144356524487704974, 56.46574633099010754, -14.18705913416912168 ) ) ;
#6138 = CARTESIAN_POINT ( 'NONE',  ( 10.36720246265442213, 48.35002041356305114, -0.2983588238617128630 ) ) ;
#6139 = B_SPLINE_CURVE_WITH_KNOTS ( 'NONE', 3,
 ( #641, #1472, #4823, #6150, #3597, #8233, #1979, #4665, #6692, #143, #3642, #181, #2636, #6275, #4005, #7996, #2882, #99, #6897, #7347, #2798, #3557, #2180, #4245, #4161, #4862, #6934, #2840, #1305 ),
 .UNSPECIFIED., .F., .F.,
 ( 4, 1, 1, 1, 1, 1, 1, 1, 1, 1, 1, 1, 1, 1, 1, 1, 1, 1, 1, 1, 1, 1, 1, 1, 1, 1, 4 ),
 ( 0.000000000000000000, 0.1659160033276295965, 0.1709059215442318702, 0.1766635194393565977, 0.1831887970181514669, 0.1904817542841364120, 0.1985423912398269763, 0.2073707078870824227, 0.2169667042273148716, 0.2273303802616240543, 0.2384617359908808021, 0.2503607714157882191, 0.2630274865369212067, 0.2764618813547564669, 0.2906639558696927361, 0.3056337100820685215, 0.3213711439921715929, 0.3378762576002502516, 0.3551490509065193812, 0.3731895239111665541, 0.3919976766143570268, 0.4115735090162354615, 0.4319170211169303109, 0.4530282129165571492, 0.4749070844152180060, 0.4975536356130058624, 0.5074316978669450862 ),
 .UNSPECIFIED. ) ;
#6140 = CARTESIAN_POINT ( 'NONE',  ( -9.175863790627211358, -7.634358818669890745, 8.000000000000000000 ) ) ;
#6141 = DIRECTION ( 'NONE',  ( 0.000000000000000000, 0.000000000000000000, 1.000000000000000000 ) ) ;
#6142 = CARTESIAN_POINT ( 'NONE',  ( 12.17545110014134657, -5.477724940116727836, 0.000000000000000000 ) ) ;
#6143 = CARTESIAN_POINT ( 'NONE',  ( -2.940710835118465649, 11.66361783702276078, 0.000000000000000000 ) ) ;
#6144 = CARTESIAN_POINT ( 'NONE',  ( 6.158172100935582982, 36.97072947910781693, 23.56328757768020310 ) ) ;
#6145 = CARTESIAN_POINT ( 'NONE',  ( -9.221936103764004855, -9.969200282348005260, 0.000000000000000000 ) ) ;
#6146 = CARTESIAN_POINT ( 'NONE',  ( 0.000000000000000000, 0.000000000000000000, 0.000000000000000000 ) ) ;
#6147 = ORIENTED_EDGE ( 'NONE', *, *, #4942, .T. ) ;
#6148 = CARTESIAN_POINT ( 'NONE',  ( -6.492081297254468808, 10.48771353560523600, 0.000000000000000000 ) ) ;
#6149 = CARTESIAN_POINT ( 'NONE',  ( 1.722120468130897475, -13.64173013562592907, 0.000000000000000000 ) ) ;
#6150 = CARTESIAN_POINT ( 'NONE',  ( 2.929367628693851699, -11.49488719732982744, 8.000000000000000000 ) ) ;
#6151 = CARTESIAN_POINT ( 'NONE',  ( -2.817469215210279820, 12.72257526253004833, 0.000000000000000000 ) ) ;
#6152 = CARTESIAN_POINT ( 'NONE',  ( 5.404281080783833069, 38.08119542523871814, 23.75194547669017098 ) ) ;
#6153 = CYLINDRICAL_SURFACE ( 'NONE', #1504, 0.9999999999999991118 ) ;
#6154 = VERTEX_POINT ( 'NONE', #6066 ) ;
#6155 = CARTESIAN_POINT ( 'NONE',  ( -6.550411067397763354, 32.43947940303318234, 24.95354868275774507 ) ) ;
#6156 = VECTOR ( 'NONE', #978, 1000.000000000000227 ) ;
#6157 = CARTESIAN_POINT ( 'NONE',  ( -10.02706299306004567, -6.338109664291265766, 8.000000000000000000 ) ) ;
#6158 = CARTESIAN_POINT ( 'NONE',  ( 9.328340841197540811, 10.00078975079098420, -5.204170427930421283E-15 ) ) ;
#6159 = ORIENTED_EDGE ( 'NONE', *, *, #6508, .F. ) ;
#6160 = CARTESIAN_POINT ( 'NONE',  ( -2.919073574173006058, -12.13967088095520097, 0.000000000000000000 ) ) ;
#6161 = VECTOR ( 'NONE', #2197, 1000.000000000000114 ) ;
#6162 = CARTESIAN_POINT ( 'NONE',  ( -11.41672744483950375, -4.668788839230902710, 8.000000000000000000 ) ) ;
#6163 = CARTESIAN_POINT ( 'NONE',  ( 8.988499347771153225, -6.231836464888791838, 0.000000000000000000 ) ) ;
#6164 = CARTESIAN_POINT ( 'NONE',  ( 5.477724940116686092, 12.17545110014136611, 0.000000000000000000 ) ) ;
#6165 = CARTESIAN_POINT ( 'NONE',  ( -9.669723885497008453, 8.439220299577034012, 8.000000000000000000 ) ) ;
#6166 = ORIENTED_EDGE ( 'NONE', *, *, #3064, .F. ) ;
#6167 = CARTESIAN_POINT ( 'NONE',  ( 8.704427730807637431, 6.622827502596381422, 8.000000000000000000 ) ) ;
#6168 = LINE ( 'NONE', #6698, #4744 ) ;
#6169 = CARTESIAN_POINT ( 'NONE',  ( 10.32496896312091827, 3.608867157514916713, 0.000000000000000000 ) ) ;
#6170 = AXIS2_PLACEMENT_3D ( 'NONE', #5501, #859, #6335 ) ;
#6171 = CARTESIAN_POINT ( 'NONE',  ( 2.404360374132632039, 34.35789361850346069, -8.858194565208718174 ) ) ;
#6172 = CARTESIAN_POINT ( 'NONE',  ( 3.608867157514880297, -10.32496896312093071, 0.000000000000000000 ) ) ;
#6173 = CARTESIAN_POINT ( 'NONE',  ( 4.773939382173077561, -11.53698844606701357, 8.000000000000000000 ) ) ;
#6174 = VECTOR ( 'NONE', #3905, 1000.000000000000000 ) ;
#6175 = DIRECTION ( 'NONE',  ( -0.9876883405951378814, 0.1564344650402310077, 0.000000000000000000 ) ) ;
#6176 = CARTESIAN_POINT ( 'NONE',  ( 2.146044805932662225, 36.31139101835977101, -18.69378740028921015 ) ) ;
#6177 = ORIENTED_EDGE ( 'NONE', *, *, #6972, .T. ) ;
#6178 = VECTOR ( 'NONE', #410, 1000.000000000000000 ) ;
#6179 = CARTESIAN_POINT ( 'NONE',  ( 7.708755603958690195, 29.49380770625485226, 12.99999999999999467 ) ) ;
#6180 = DESIGN_CONTEXT ( 'detailed design', #1374, 'design' ) ;
#6181 = CARTESIAN_POINT ( 'NONE',  ( -12.02324651265881705, 5.286606996006939063, 0.000000000000000000 ) ) ;
#6182 = AXIS2_PLACEMENT_3D ( 'NONE', #342, #7008, #3046 ) ;
#6183 = AXIS2_PLACEMENT_3D ( 'NONE', #4738, #5303, #7423 ) ;
#6184 = EDGE_LOOP ( 'NONE', ( #7360, #4933, #4952, #5185 ) ) ;
#6185 = CARTESIAN_POINT ( 'NONE',  ( 3.149229626029005136, -10.47431425022856821, 8.000000000000000000 ) ) ;
#6186 = DIRECTION ( 'NONE',  ( 1.000000000000000000, 0.000000000000000000, 0.000000000000000000 ) ) ;
#6187 = CARTESIAN_POINT ( 'NONE',  ( -9.757522586729514558, -8.636712746112520378, 8.000000000000000000 ) ) ;
#6188 = CARTESIAN_POINT ( 'NONE',  ( -8.988499347771103487, 6.231836464888859339, 8.000000000000000000 ) ) ;
#6189 = CARTESIAN_POINT ( 'NONE',  ( 12.09884006967990544, -5.379567626064686969, 0.000000000000000000 ) ) ;
#6190 = AXIS2_PLACEMENT_3D ( 'NONE', #2201, #8255, #2246 ) ;
#6191 =( BOUNDED_CURVE ( )  B_SPLINE_CURVE ( 3, ( #8044, #4099, #6867, #6083 ),
 .UNSPECIFIED., .F., .F. ) 
 B_SPLINE_CURVE_WITH_KNOTS ( ( 4, 4 ),
 ( 0.2704602430654325929, 0.3842940521450081137 ),
 .UNSPECIFIED. ) 
 CURVE ( )  GEOMETRIC_REPRESENTATION_ITEM ( )  RATIONAL_B_SPLINE_CURVE ( ( 1.000000000000000000, 0.9989204468105221668, 0.9989204468105221668, 1.000000000000000000 ) ) 
 REPRESENTATION_ITEM ( '' )  );
#6192 = ADVANCED_FACE ( 'NONE', ( #1553 ), #8072, .F. ) ;
#6193 = CARTESIAN_POINT ( 'NONE',  ( 11.90787246215812623, -2.937812879663733945, 8.000000000000000000 ) ) ;
#6194 = MECHANICAL_CONTEXT ( 'NONE', #1545, 'mechanical' ) ;
#6195 = ORIENTED_EDGE ( 'NONE', *, *, #1103, .T. ) ;
#6196 = AXIS2_PLACEMENT_3D ( 'NONE', #545, #8605, #4608 ) ;
#6197 = FACE_OUTER_BOUND ( 'NONE', #5066, .T. ) ;
#6198 = CARTESIAN_POINT ( 'NONE',  ( 10.41722559423726224, 6.473761040516560428, 0.000000000000000000 ) ) ;
#6199 = EDGE_CURVE ( 'NONE', #3948, #4339, #3590, .T. ) ;
#6200 = CARTESIAN_POINT ( 'NONE',  ( -2.584755384899907416, -13.48734665312604619, 0.000000000000000000 ) ) ;
#6201 = CARTESIAN_POINT ( 'NONE',  ( -2.929367628693770431, 11.49488719732985054, 0.000000000000000000 ) ) ;
#6202 = CARTESIAN_POINT ( 'NONE',  ( 12.41180006574744610, 2.880586703536741844, 8.000000000000000000 ) ) ;
#6203 = CARTESIAN_POINT ( 'NONE',  ( -13.16905850672524814, -1.377525651863779288, -5.204170427930421283E-15 ) ) ;
#6204 = ORIENTED_EDGE ( 'NONE', *, *, #5697, .T. ) ;
#6205 = EDGE_CURVE ( 'NONE', #8675, #3643, #1729, .T. ) ;
#6206 = CARTESIAN_POINT ( 'NONE',  ( -8.855020039375045116, 9.844302869038607184, 0.000000000000000000 ) ) ;
#6207 = CARTESIAN_POINT ( 'NONE',  ( -10.13775510802969748, 6.383929952666147933, 0.000000000000000000 ) ) ;
#6208 = CARTESIAN_POINT ( 'NONE',  ( 12.04862852623650404, 6.625183064396031440, 0.000000000000000000 ) ) ;
#6209 = CARTESIAN_POINT ( 'NONE',  ( -6.628700411334685683, -11.96219333343621116, 8.000000000000000000 ) ) ;
#6210 = CARTESIAN_POINT ( 'NONE',  ( -12.39393210983938509, -5.781365353078142810, 8.000000000000000000 ) ) ;
#6211 = CARTESIAN_POINT ( 'NONE',  ( 11.22924223885657291, -6.611064424922705740, 8.000000000000000000 ) ) ;
#6212 = DIRECTION ( 'NONE',  ( 0.5877852522924713607, 0.8090169943749487835, 0.000000000000000000 ) ) ;
#6213 = CARTESIAN_POINT ( 'NONE',  ( -9.415217936709943558, 7.968244849358848469, 8.000000000000000000 ) ) ;
#6214 = CARTESIAN_POINT ( 'NONE',  ( 11.11684438996311286, 0.7639867559472235392, 8.000000000000000000 ) ) ;
#6215 = CARTESIAN_POINT ( 'NONE',  ( 12.30068812565075298, 0.9123192481544342147, 0.000000000000000000 ) ) ;
#6216 = CARTESIAN_POINT ( 'NONE',  ( 0.000000000000000000, 0.000000000000000000, 8.000000000000000000 ) ) ;
#6217 = CARTESIAN_POINT ( 'NONE',  ( -10.93483029503508597, 0.2416457505997252342, 8.000000000000000000 ) ) ;
#6218 = CARTESIAN_POINT ( 'NONE',  ( -1.961215649170351627, 51.61814525374970941, 19.53799702484423051 ) ) ;
#6219 = CARTESIAN_POINT ( 'NONE',  ( 4.668788839230941790, -11.41672744483948598, 8.000000000000000000 ) ) ;
#6220 = CARTESIAN_POINT ( 'NONE',  ( -2.927269694295987268, -12.05785317090586162, 8.000000000000000000 ) ) ;
#6221 = CARTESIAN_POINT ( 'NONE',  ( 11.83751175313651061, -0.7661213205045251939, 8.000000000000000000 ) ) ;
#6222 = ORIENTED_EDGE ( 'NONE', *, *, #1426, .T. ) ;
#6223 = CARTESIAN_POINT ( 'NONE',  ( -0.3114313356939301669, 32.66313347876899087, -11.33449292488029947 ) ) ;
#6224 = CARTESIAN_POINT ( 'NONE',  ( -11.47561408673061401, 4.719217338362181380, 0.000000000000000000 ) ) ;
#6225 = EDGE_LOOP ( 'NONE', ( #2876, #4234, #4184, #4982 ) ) ;
#6226 = EDGE_CURVE ( 'NONE', #4720, #8671, #3142, .T. ) ;
#6227 = CARTESIAN_POINT ( 'NONE',  ( -6.383929952666112406, -10.13775510802972057, 0.000000000000000000 ) ) ;
#6228 = CARTESIAN_POINT ( 'NONE',  ( 5.581155335976771603, 12.25290083038844990, 0.000000000000000000 ) ) ;
#6229 = CARTESIAN_POINT ( 'NONE',  ( -9.234787594130748900, -7.707558585906912008, 8.000000000000000000 ) ) ;
#6230 = DIRECTION ( 'NONE',  ( 0.000000000000000000, 0.000000000000000000, 1.000000000000000000 ) ) ;
#6231 = ORIENTED_EDGE ( 'NONE', *, *, #743, .F. ) ;
#6232 = CARTESIAN_POINT ( 'NONE',  ( 12.05785317090587050, -2.927269694295950853, 8.000000000000000000 ) ) ;
#6233 = ORIENTED_EDGE ( 'NONE', *, *, #5522, .T. ) ;
#6234 = CARTESIAN_POINT ( 'NONE',  ( -6.631537913675538576, 11.85123473191538501, 0.000000000000000000 ) ) ;
#6235 = CARTESIAN_POINT ( 'NONE',  ( 11.85123473191531041, 6.631537913675668250, 0.000000000000000000 ) ) ;
#6236 = CARTESIAN_POINT ( 'NONE',  ( -2.644734409370904871, -13.32045193209911638, 0.000000000000000000 ) ) ;
#6237 = EDGE_CURVE ( 'NONE', #1757, #2580, #518, .T. ) ;
#6238 = FACE_OUTER_BOUND ( 'NONE', #4598, .T. ) ;
#6239 = CARTESIAN_POINT ( 'NONE',  ( 12.72257526253001814, 2.817469215210413935, 8.000000000000000000 ) ) ;
#6240 = CARTESIAN_POINT ( 'NONE',  ( -12.44755643926125188, -0.9751606640715865248, 8.000000000000000000 ) ) ;
#6241 = VERTEX_POINT ( 'NONE', #3103 ) ;
#6242 = CARTESIAN_POINT ( 'NONE',  ( 6.625183064395725019, 12.04862852623667102, 8.000000000000000000 ) ) ;
#6243 = CARTESIAN_POINT ( 'NONE',  ( 0.000000000000000000, 0.000000000000000000, 8.000000000000000000 ) ) ;
#6244 = CARTESIAN_POINT ( 'NONE',  ( 7.604022508570240646, 9.149886257343000651, -5.204170427930421283E-15 ) ) ;
#6245 = ORIENTED_EDGE ( 'NONE', *, *, #1772, .T. ) ;
#6246 = CARTESIAN_POINT ( 'NONE',  ( -2.886444749236990681, -11.13701600410304948, 0.000000000000000000 ) ) ;
#6247 = EDGE_CURVE ( 'NONE', #4992, #8237, #5779, .T. ) ;
#6248 = CARTESIAN_POINT ( 'NONE',  ( -11.25643158326921522, -4.542018187747263624, 8.000000000000000000 ) ) ;
#6249 = CARTESIAN_POINT ( 'NONE',  ( 7.634358818669927160, -9.175863790627181160, 0.000000000000000000 ) ) ;
#6250 = CARTESIAN_POINT ( 'NONE',  ( 7.931960510747227744, 36.82815575466702285, 21.32970690321335638 ) ) ;
#6251 = CARTESIAN_POINT ( 'NONE',  ( 6.630420918279951614, 11.58812316373732543, 8.000000000000000000 ) ) ;
#6252 = CARTESIAN_POINT ( 'NONE',  ( 9.582420452220691942, -8.262247439007721184, 0.000000000000000000 ) ) ;
#6253 = CARTESIAN_POINT ( 'NONE',  ( 8.704427730807637431, 6.622827502596381422, 8.000000000000000000 ) ) ;
#6254 = CARTESIAN_POINT ( 'NONE',  ( 4.882899925757718584, 11.65205713776044050, 8.000000000000000000 ) ) ;
#6255 = CARTESIAN_POINT ( 'NONE',  ( -1.600954125870928113, -13.48577048812304291, 0.000000000000000000 ) ) ;
#6256 = CARTESIAN_POINT ( 'NONE',  ( 9.221936103764146964, -9.969200282347870257, 0.000000000000000000 ) ) ;
#6257 = CARTESIAN_POINT ( 'NONE',  ( 6.631537913675626505, -11.85123473191533172, 8.000000000000000000 ) ) ;
#6258 = B_SPLINE_CURVE_WITH_KNOTS ( 'NONE', 3,
 ( #6909, #4349, #4916, #8335, #4218, #1572, #2323, #3571, #192, #328, #5669, #898, #4257, #6949, #4959, #3076, #7642, #986, #1614, #6990, #3609, #4299, #6286, #5754, #238, #5001, #1656, #1706, #7039 ),
 .UNSPECIFIED., .F., .F.,
 ( 4, 1, 1, 1, 1, 1, 1, 1, 1, 1, 1, 1, 1, 1, 1, 1, 1, 1, 1, 1, 1, 1, 1, 1, 1, 1, 4 ),
 ( 0.000000000000000000, 0.1659160033276295965, 0.1709059215442318702, 0.1766635194393565977, 0.1831887970181514669, 0.1904817542841364120, 0.1985423912398269763, 0.2073707078870824227, 0.2169667042273148716, 0.2273303802616240543, 0.2384617359908808021, 0.2503607714157882191, 0.2630274865369212067, 0.2764618813547564669, 0.2906639558696927361, 0.3056337100820685215, 0.3213711439921715929, 0.3378762576002502516, 0.3551490509065193812, 0.3731895239111665541, 0.3919976766143570268, 0.4115735090162354615, 0.4319170211169303109, 0.4530282129165571492, 0.4749070844152180060, 0.4975536356130058624, 0.5074316978669451972 ),
 .UNSPECIFIED. ) ;
#6259 = CARTESIAN_POINT ( 'NONE',  ( -2.790132082466536989, -12.83440038321942289, 8.000000000000000000 ) ) ;
#6260 = DIRECTION ( 'NONE',  ( 1.000000000000000000, 0.000000000000000000, 0.000000000000000000 ) ) ;
#6261 = ORIENTED_EDGE ( 'NONE', *, *, #6332, .F. ) ;
#6262 = CARTESIAN_POINT ( 'NONE',  ( -13.06843834723478182, 1.312474532673041372, 8.000000000000000000 ) ) ;
#6263 = CARTESIAN_POINT ( 'NONE',  ( -11.41672744483953394, 4.668788839230820109, 0.000000000000000000 ) ) ;
#6264 = CARTESIAN_POINT ( 'NONE',  ( 1.565527684230041627, 34.88661075454945859, 16.37100230941132395 ) ) ;
#6265 = ORIENTED_EDGE ( 'NONE', *, *, #5924, .T. ) ;
#6266 = CARTESIAN_POINT ( 'NONE',  ( -1.095856395948400674, -12.69447357664507336, 0.000000000000000000 ) ) ;
#6267 = CARTESIAN_POINT ( 'NONE',  ( 5.689930116769146728, 12.33100786788156356, 0.000000000000000000 ) ) ;
#6268 = CARTESIAN_POINT ( 'NONE',  ( -9.126433365741101866, -7.577720000373735054, 8.000000000000000000 ) ) ;
#6269 = DIRECTION ( 'NONE',  ( -1.000000000000000000, 0.000000000000000000, 0.000000000000000000 ) ) ;
#6270 = CARTESIAN_POINT ( 'NONE',  ( 2.940530670474323927, -11.83979557596821230, 0.000000000000000000 ) ) ;
#6271 = CARTESIAN_POINT ( 'NONE',  ( 12.13967088095521163, -2.919073574172969643, -5.204170427930421283E-15 ) ) ;
#6272 = ORIENTED_EDGE ( 'NONE', *, *, #6674, .T. ) ;
#6273 = CARTESIAN_POINT ( 'NONE',  ( -6.628700411335480602, 11.96219333340842539, 0.000000000000000000 ) ) ;
#6274 = CARTESIAN_POINT ( 'NONE',  ( 10.91417308631835681, 6.575057906251854156, 0.000000000000000000 ) ) ;
#6275 = CARTESIAN_POINT ( 'NONE',  ( 2.927269694296160907, -12.05785317090582076, 8.000000000000000000 ) ) ;
#6276 = DIRECTION ( 'NONE',  ( 0.7780644821457441962, 0.000000000000000000, -0.6281844168898772507 ) ) ;
#6277 = CARTESIAN_POINT ( 'NONE',  ( 8.289072026262951809, 36.03529875782493974, 22.31679809784754198 ) ) ;
#6278 = CARTESIAN_POINT ( 'NONE',  ( 0.000000000000000000, 0.000000000000000000, 8.000000000000000000 ) ) ;
#6279 = ORIENTED_EDGE ( 'NONE', *, *, #227, .F. ) ;
#6280 = CARTESIAN_POINT ( 'NONE',  ( -10.56312374806395304, 6.510080463201325607, 0.000000000000000000 ) ) ;
#6281 = DIRECTION ( 'NONE',  ( -0.7296168394300779347, 0.000000000000000000, -0.6838561746596018009 ) ) ;
#6282 = CARTESIAN_POINT ( 'NONE',  ( 12.43077374740204100, -5.836552422531194217, 8.000000000000000000 ) ) ;
#6283 = ORIENTED_EDGE ( 'NONE', *, *, #4231, .T. ) ;
#6284 = CARTESIAN_POINT ( 'NONE',  ( -2.790132082466536989, -12.83440038321942289, 0.000000000000000000 ) ) ;
#6285 = DIRECTION ( 'NONE',  ( 0.000000000000000000, 0.000000000000000000, 1.000000000000000000 ) ) ;
#6286 = CARTESIAN_POINT ( 'NONE',  ( -11.46368139467874236, -6.626136714284709406, 8.000000000000000000 ) ) ;
#6287 = CARTESIAN_POINT ( 'NONE',  ( -4.144356524487704974, 56.46574633099010754, 22.18705913416912168 ) ) ;
#6288 = CARTESIAN_POINT ( 'NONE',  ( 6.436913140481572704, 10.29093438073254951, 8.000000000000000000 ) ) ;
#6289 = AXIS2_PLACEMENT_3D ( 'NONE', #5345, #5920, #4594 ) ;
#6290 = CARTESIAN_POINT ( 'NONE',  ( 10.00078975079095223, -9.328340841197576339, 0.000000000000000000 ) ) ;
#6291 = CARTESIAN_POINT ( 'NONE',  ( 0.000000000000000000, 0.000000000000000000, 8.000000000000000000 ) ) ;
#6292 = CARTESIAN_POINT ( 'NONE',  ( 6.338109664291084577, 10.02706299306015758, -5.204170427930421283E-15 ) ) ;
#6293 = AXIS2_PLACEMENT_3D ( 'NONE', #7637, #7033, #3693 ) ;
#6294 = CARTESIAN_POINT ( 'NONE',  ( -12.69447357664507692, 1.095856395948356488, 0.000000000000000000 ) ) ;
#6295 = CARTESIAN_POINT ( 'NONE',  ( 2.880586703536698323, -12.41180006574745676, 0.000000000000000000 ) ) ;
#6296 = CARTESIAN_POINT ( 'NONE',  ( -9.411632514553570417, 10.02415449855987006, 8.000000000000000000 ) ) ;
#6297 = EDGE_CURVE ( 'NONE', #1977, #2392, #4525, .T. ) ;
#6298 = CARTESIAN_POINT ( 'NONE',  ( -1.722120468130895254, -13.64173013562592729, 8.000000000000000000 ) ) ;
#6299 = DIRECTION ( 'NONE',  ( 0.9135454576425999784, 0.4067366430758022622, 0.000000000000000000 ) ) ;
#6300 = VERTEX_POINT ( 'NONE', #6753 ) ;
#6301 = CARTESIAN_POINT ( 'NONE',  ( -13.06843834723477293, -1.312474532673132410, 8.000000000000000000 ) ) ;
#6302 = CARTESIAN_POINT ( 'NONE',  ( 8.881356617214196447, -7.313425558786442515, -5.204170427930421283E-15 ) ) ;
#6303 = CARTESIAN_POINT ( 'NONE',  ( 5.115945187291488061, 11.87581303661968235, 8.000000000000000000 ) ) ;
#6304 = EDGE_CURVE ( 'NONE', #8018, #6131, #1364, .T. ) ;
#6305 = CARTESIAN_POINT ( 'NONE',  ( -12.25290083038839484, 5.581155335976898613, 8.000000000000000000 ) ) ;
#6306 = ORIENTED_EDGE ( 'NONE', *, *, #809, .T. ) ;
#6307 = CARTESIAN_POINT ( 'NONE',  ( -4.476617511823964612, -11.16457150618552063, 0.000000000000000000 ) ) ;
#6308 = DIRECTION ( 'NONE',  ( -3.491481338843133355E-15, 1.000000000000000000, 0.000000000000000000 ) ) ;
#6309 = CARTESIAN_POINT ( 'NONE',  ( 0.3575662493540809339, 33.29349708330916258, -9.425410871205667007 ) ) ;
#6310 = CARTESIAN_POINT ( 'NONE',  ( 12.39393210983946325, -5.781365353077968727, 8.000000000000000000 ) ) ;
#6311 = CARTESIAN_POINT ( 'NONE',  ( 2.927269694296160907, -12.05785317090582076, 0.000000000000000000 ) ) ;
#6312 = AXIS2_PLACEMENT_3D ( 'NONE', #863, #4179, #4139 ) ;
#6313 = CARTESIAN_POINT ( 'NONE',  ( 11.56976343863538759, -2.936066220363934054, -5.204170427930421283E-15 ) ) ;
#6314 = ORIENTED_EDGE ( 'NONE', *, *, #3353, .F. ) ;
#6315 = CARTESIAN_POINT ( 'NONE',  ( -7.604022508570377425, 9.149886257342894069, 0.000000000000000000 ) ) ;
#6316 = LINE ( 'NONE', #2795, #4628 ) ;
#6317 = CIRCLE ( 'NONE', #960, 0.9999999999999995559 ) ;
#6318 = CARTESIAN_POINT ( 'NONE',  ( -3.149229626028854589, -10.47431425022861440, 8.000000000000000000 ) ) ;
#6319 = AXIS2_PLACEMENT_3D ( 'NONE', #4321, #346, #6483 ) ;
#6320 = EDGE_LOOP ( 'NONE', ( #3027, #741, #7830, #4063 ) ) ;
#6321 = CARTESIAN_POINT ( 'NONE',  ( 4.199879837432249019, 38.28811414619437414, 19.72061016742216566 ) ) ;
#6322 = CARTESIAN_POINT ( 'NONE',  ( 8.463233657269205068, 35.63387776851777033, 22.32011532514656338 ) ) ;
#6323 = CARTESIAN_POINT ( 'NONE',  ( 13.64173013562590775, 1.722120468131038029, 8.000000000000000000 ) ) ;
#6324 = ORIENTED_EDGE ( 'NONE', *, *, #8475, .T. ) ;
#6325 = CARTESIAN_POINT ( 'NONE',  ( -10.13775510802969748, 6.383929952666147933, 8.000000000000000000 ) ) ;
#6326 = CARTESIAN_POINT ( 'NONE',  ( -10.05932550694761929, 6.352286767647560062, 0.000000000000000000 ) ) ;
#6327 = CARTESIAN_POINT ( 'NONE',  ( 11.05183112916334487, -4.404384806714015888, 8.000000000000000000 ) ) ;
#6328 = CIRCLE ( 'NONE', #1101, 13.75000000000000000 ) ;
#6329 = ORIENTED_EDGE ( 'NONE', *, *, #3503, .F. ) ;
#6330 = CARTESIAN_POINT ( 'NONE',  ( -6.383929952666112406, -10.13775510802972057, 0.000000000000000000 ) ) ;
#6331 = CARTESIAN_POINT ( 'NONE',  ( 2.564797882415548624, 35.37085619997455410, -6.682724621929101438 ) ) ;
#6332 = EDGE_CURVE ( 'NONE', #6653, #4456, #6420, .T. ) ;
#6333 = CARTESIAN_POINT ( 'NONE',  ( 7.968244849358954163, -9.415217936709856517, 0.000000000000000000 ) ) ;
#6334 = CARTESIAN_POINT ( 'NONE',  ( 4.719217338362303060, -11.47561408673056249, 8.000000000000000000 ) ) ;
#6335 = DIRECTION ( 'NONE',  ( 0.8090169943749466741, 0.5877852522924742473, 0.000000000000000000 ) ) ;
#6336 = CARTESIAN_POINT ( 'NONE',  ( 9.539420412439005403, -8.181339682155870818, 0.000000000000000000 ) ) ;
#6337 = LINE ( 'NONE', #290, #6161 ) ;
#6338 = DIRECTION ( 'NONE',  ( 0.5688848484681161555, 0.2532838531754056932, -0.7824431729550894721 ) ) ;
#6339 = CARTESIAN_POINT ( 'NONE',  ( -13.57387004037416389, 1.668469543058175075, 0.000000000000000000 ) ) ;
#6340 = CARTESIAN_POINT ( 'NONE',  ( 8.972047302895502341, -9.886832010614698518, 0.000000000000000000 ) ) ;
#6341 = CARTESIAN_POINT ( 'NONE',  ( 4.542018187747301816, -11.25643158326919746, 8.000000000000000000 ) ) ;
#6342 = LINE ( 'NONE', #3089, #8536 ) ;
#6343 = CARTESIAN_POINT ( 'NONE',  ( 2.963065021785415087, -0.4693033951206933008, 0.000000000000000000 ) ) ;
#6344 = ORIENTED_EDGE ( 'NONE', *, *, #8631, .F. ) ;
#6345 = ADVANCED_FACE ( 'NONE', ( #3322 ), #4228, .T. ) ;
#6346 = CARTESIAN_POINT ( 'NONE',  ( 12.72257526253007498, -2.817469215210147926, 8.000000000000000000 ) ) ;
#6347 = CARTESIAN_POINT ( 'NONE',  ( -2.886444749237070173, 11.13701600410302817, 0.000000000000000000 ) ) ;
#6348 = B_SPLINE_CURVE_WITH_KNOTS ( 'NONE', 3,
 ( #8141, #8183, #4852, #2127, #2042, #1459, #6227, #2168, #4892, #4149, #5556, #5, #172, #2829, #7531, #6838, #3506, #1501, #4769, #4190, #4726, #6800, #2085, #6760, #2210, #6885, #4070, #3420, #6096 ),
 .UNSPECIFIED., .F., .F.,
 ( 4, 1, 1, 1, 1, 1, 1, 1, 1, 1, 1, 1, 1, 1, 1, 1, 1, 1, 1, 1, 1, 1, 1, 1, 1, 1, 4 ),
 ( 0.000000000000000000, 0.1659160033276295687, 0.1709059215442318980, 0.1766635194393566533, 0.1831887970181514946, 0.1904817542841363842, 0.1985423912398269763, 0.2073707078870824505, 0.2169667042273148994, 0.2273303802616239988, 0.2384617359908808298, 0.2503607714157882747, 0.2630274865369212067, 0.2764618813547564669, 0.2906639558696927361, 0.3056337100820685215, 0.3213711439921715929, 0.3378762576002503071, 0.3551490509065193812, 0.3731895239111665541, 0.3919976766143570268, 0.4115735090162354615, 0.4319170211169303109, 0.4530282129165571492, 0.4749070844152180060, 0.4975536356130059734, 0.5074316978669444200 ),
 .UNSPECIFIED. ) ;
#6349 = DIRECTION ( 'NONE',  ( -1.000000000000000000, 0.000000000000000000, 0.000000000000000000 ) ) ;
#6350 = CARTESIAN_POINT ( 'NONE',  ( -4.507497455256024743, -11.20891349420035255, 8.000000000000000000 ) ) ;
#6351 = EDGE_CURVE ( 'NONE', #4087, #5407, #2865, .T. ) ;
#6352 = VERTEX_POINT ( 'NONE', #204 ) ;
#6353 = CARTESIAN_POINT ( 'NONE',  ( 0.000000000000000000, 0.000000000000000000, 8.000000000000000000 ) ) ;
#6354 = CARTESIAN_POINT ( 'NONE',  ( -8.262247439007758487, -9.582420452220659968, 0.000000000000000000 ) ) ;
#6355 = EDGE_CURVE ( 'NONE', #8522, #4669, #1969, .T. ) ;
#6356 = CARTESIAN_POINT ( 'NONE',  ( 10.05932550694766725, -6.352286767647486343, 8.000000000000000000 ) ) ;
#6357 = CARTESIAN_POINT ( 'NONE',  ( 11.41672744483956414, -4.668788839230741949, 8.000000000000000000 ) ) ;
#6358 = ORIENTED_EDGE ( 'NONE', *, *, #2740, .F. ) ;
#6359 = CARTESIAN_POINT ( 'NONE',  ( 13.48734665307393854, 2.584755384919379395, 0.000000000000000000 ) ) ;
#6360 = CARTESIAN_POINT ( 'NONE',  ( 12.31670401296928219, -2.895913797652378108, 8.000000000000000000 ) ) ;
#6361 = EDGE_CURVE ( 'NONE', #6434, #3884, #1825, .T. ) ;
#6362 = ORIENTED_EDGE ( 'NONE', *, *, #7322, .F. ) ;
#6363 = CARTESIAN_POINT ( 'NONE',  ( -8.439220299577069540, 9.669723885496978255, 0.000000000000000000 ) ) ;
#6364 = CARTESIAN_POINT ( 'NONE',  ( 10.13775510802960866, 6.383929952666293595, 0.000000000000000000 ) ) ;
#6365 = CARTESIAN_POINT ( 'NONE',  ( -6.626136714284590390, -11.46368139467881342, 8.000000000000000000 ) ) ;
#6366 = EDGE_LOOP ( 'NONE', ( #7115, #1999, #5102, #5942, #1318, #8061 ) ) ;
#6367 = CARTESIAN_POINT ( 'NONE',  ( 6.334872509281826325, 38.32735568815154892, 21.45844097277934281 ) ) ;
#6368 = CARTESIAN_POINT ( 'NONE',  ( 7.487485451683993709, 35.68325080338581046, 23.01356246139524231 ) ) ;
#6369 = CARTESIAN_POINT ( 'NONE',  ( -12.23289380645680069, -0.8857088747962098552, 8.000000000000000000 ) ) ;
#6370 = CARTESIAN_POINT ( 'NONE',  ( 0.000000000000000000, 0.000000000000000000, 8.000000000000000000 ) ) ;
#6371 = CARTESIAN_POINT ( 'NONE',  ( -10.18403012388274576, 6.401038329813946604, 0.000000000000000000 ) ) ;
#6372 = CARTESIAN_POINT ( 'NONE',  ( 12.09884006967990544, -5.379567626064686969, 0.000000000000000000 ) ) ;
#6373 = EDGE_CURVE ( 'NONE', #6849, #7592, #6527, .T. ) ;
#6374 = ORIENTED_EDGE ( 'NONE', *, *, #7052, .F. ) ;
#6375 = CARTESIAN_POINT ( 'NONE',  ( 1.251919511749373326, -12.97053397611294656, 0.000000000000000000 ) ) ;
#6376 = CARTESIAN_POINT ( 'NONE',  ( 9.582420452220510754, 8.262247439007929017, 0.000000000000000000 ) ) ;
#6377 = CARTESIAN_POINT ( 'NONE',  ( 7.604022508570443151, -9.149886257342835449, 0.000000000000000000 ) ) ;
#6378 = CARTESIAN_POINT ( 'NONE',  ( -2.577692551524129794, 13.50622083004039276, 8.000000000000000000 ) ) ;
#6379 = DIRECTION ( 'NONE',  ( 0.4067366430758008189, -0.9135454576426006446, 0.000000000000000000 ) ) ;
#6380 = CARTESIAN_POINT ( 'NONE',  ( 11.91079326901028246, 0.7828886122850723384, 8.000000000000000000 ) ) ;
#6381 = LINE ( 'NONE', #3035, #7825 ) ;
#6382 = CARTESIAN_POINT ( 'NONE',  ( 11.02139818175197483, 4.386616976971076554, 0.000000000000000000 ) ) ;
#6383 = CARTESIAN_POINT ( 'NONE',  ( -12.30068812565076541, 0.9123192481542625742, 0.000000000000000000 ) ) ;
#6384 = CARTESIAN_POINT ( 'NONE',  ( 8.348190801685282381, -9.625916629980661554, 8.000000000000000000 ) ) ;
#6385 = CARTESIAN_POINT ( 'NONE',  ( 6.051912067967085029, 37.70670888085460604, -12.82406341944267325 ) ) ;
#6386 = CARTESIAN_POINT ( 'NONE',  ( -11.98057174878964126, 2.933454507433523428, 8.000000000000000000 ) ) ;
#6387 = DIRECTION ( 'NONE',  ( -0.1564344650402312020, -0.9876883405951376593, 0.000000000000000000 ) ) ;
#6388 = ORIENTED_EDGE ( 'NONE', *, *, #45, .F. ) ;
#6389 = CARTESIAN_POINT ( 'NONE',  ( -13.37787302532245981, 1.521639563755368352, 8.000000000000000000 ) ) ;
#6390 = CARTESIAN_POINT ( 'NONE',  ( 9.338196514606284637, -7.850195268865080678, -5.204170427930421283E-15 ) ) ;
#6391 = DIRECTION ( 'NONE',  ( 0.000000000000000000, 0.000000000000000000, -1.000000000000000000 ) ) ;
#6392 = CARTESIAN_POINT ( 'NONE',  ( -4.896733499129011236, -11.66659828334870141, 8.000000000000000000 ) ) ;
#6393 = ORIENTED_EDGE ( 'NONE', *, *, #8263, .F. ) ;
#6394 = CARTESIAN_POINT ( 'NONE',  ( -4.833073392807574642, -11.60070094346939662, 8.000000000000000000 ) ) ;
#6395 = CARTESIAN_POINT ( 'NONE',  ( 6.984794136894795002, 36.89867336297611189, 22.77781346679282137 ) ) ;
#6396 = B_SPLINE_SURFACE_WITH_KNOTS ( 'NONE', 3, 1, ( 
 ( #3256, #8427 ),
 ( #3822, #3206 ),
 ( #6504, #5886 ),
 ( #4393, #7812 ),
 ( #1791, #1880 ),
 ( #453, #3163 ),
 ( #8505, #2585 ),
 ( #2495, #5089 ),
 ( #8556, #5219 ),
 ( #5932, #1031 ),
 ( #4519, #1157 ),
 ( #3861, #6545 ),
 ( #493, #2542 ),
 ( #7246, #2413 ),
 ( #7772, #3907 ),
 ( #6592, #544 ),
 ( #3739, #7733 ),
 ( #1709, #6421 ),
 ( #412, #368 ),
 ( #3079, #1749 ),
 ( #4434, #7120 ),
 ( #1071, #3782 ),
 ( #6467, #7466 ),
 ( #721, #8115 ),
 ( #6070, #5441 ),
 ( #3436, #2757 ),
 ( #7426, #4042 ),
 ( #3955, #2717 ),
 ( #6643, #7341 ) ),
 .UNSPECIFIED., .F., .F., .F.,
 ( 4, 1, 1, 1, 1, 1, 1, 1, 1, 1, 1, 1, 1, 1, 1, 1, 1, 1, 1, 1, 1, 1, 1, 1, 1, 1, 4 ),
 ( 2, 2 ),
 ( 0.4925683021194534605, 0.5024463643869940821, 0.5250929155847819940, 0.5469717870834428508, 0.5680829788830696891, 0.5884264909837645385, 0.6080023233856429732, 0.6268104760888334459, 0.6448509490934806188, 0.6621237423997496929, 0.6786288560078284071, 0.6943662899179314785, 0.7093360441303072639, 0.7235381186452435331, 0.7369725134630787933, 0.7496392285842117253, 0.7615382640091191702, 0.7726696197383760012, 0.7830332957726851006, 0.7926292921129175495, 0.8014576087601730237, 0.8095182457158636158, 0.8168112029818485054, 0.8233364805606433467, 0.8290940784557681020, 0.8340839966723704313, 1.000000000000000000 ),
 ( 0.000000000000000000, 1.000000000000000000 ),
 .UNSPECIFIED. ) ;
#6397 = CARTESIAN_POINT ( 'NONE',  ( 11.46368139467884006, -6.626136714284544205, 8.000000000000000000 ) ) ;
#6398 = CARTESIAN_POINT ( 'NONE',  ( -12.60876818853258641, -1.051893166807204905, 0.000000000000000000 ) ) ;
#6399 =( BOUNDED_CURVE ( )  B_SPLINE_CURVE ( 3, ( #8137, #1366, #6223, #2038 ),
 .UNSPECIFIED., .F., .F. ) 
 B_SPLINE_CURVE_WITH_KNOTS ( ( 4, 4 ),
 ( 2.757298601444784225, 2.871132410524363188 ),
 .UNSPECIFIED. ) 
 CURVE ( )  GEOMETRIC_REPRESENTATION_ITEM ( )  RATIONAL_B_SPLINE_CURVE ( ( 1.000000000000000000, 0.9989204468105221668, 0.9989204468105221668, 1.000000000000000000 ) ) 
 REPRESENTATION_ITEM ( '' )  );
#6400 = CARTESIAN_POINT ( 'NONE',  ( 2.908682420983991879, -12.22597347346766306, 8.000000000000000000 ) ) ;
#6401 = FACE_OUTER_BOUND ( 'NONE', #4572, .T. ) ;
#6402 = EDGE_CURVE ( 'NONE', #2353, #1927, #123, .T. ) ;
#6403 = ORIENTED_EDGE ( 'NONE', *, *, #2309, .F. ) ;
#6404 = CARTESIAN_POINT ( 'NONE',  ( -8.743249532614884245, 9.801135538539480052, 8.000000000000000000 ) ) ;
#6405 = CARTESIAN_POINT ( 'NONE',  ( -11.16457150618547267, -4.476617511824087181, 0.000000000000000000 ) ) ;
#6406 = CARTESIAN_POINT ( 'NONE',  ( -2.940710835118379052, -11.66361783702277855, 8.000000000000000000 ) ) ;
#6407 = CARTESIAN_POINT ( 'NONE',  ( 7.452968410837623736, 36.82064581420280547, 21.81954881070077334 ) ) ;
#6408 = CARTESIAN_POINT ( 'NONE',  ( 8.206589523898724536, 36.23406056263297614, 22.31242703289950668 ) ) ;
#6409 = EDGE_CURVE ( 'NONE', #350, #1216, #4846, .T. ) ;
#6410 = CARTESIAN_POINT ( 'NONE',  ( -1.709570873003885438, 13.62596226222339801, 0.000000000000000000 ) ) ;
#6411 = CARTESIAN_POINT ( 'NONE',  ( -9.699971161947024356, 6.186699299581424505, 8.000000000000000000 ) ) ;
#6412 = CARTESIAN_POINT ( 'NONE',  ( -2.577692551524032094, -13.50622083004040697, 0.000000000000000000 ) ) ;
#6413 = CARTESIAN_POINT ( 'NONE',  ( 11.02139818175206720, -4.386616976970844739, 8.000000000000000000 ) ) ;
#6414 = ORIENTED_EDGE ( 'NONE', *, *, #3984, .T. ) ;
#6415 = CARTESIAN_POINT ( 'NONE',  ( -5.916238915411988764, -9.442776183394473222, 8.000000000000000000 ) ) ;
#6416 = CARTESIAN_POINT ( 'NONE',  ( 9.844302869038513037, 8.855020039375149921, 0.000000000000000000 ) ) ;
#6417 = CARTESIAN_POINT ( 'NONE',  ( 8.743249532614955299, -9.801135538539412551, 0.000000000000000000 ) ) ;
#6418 = CARTESIAN_POINT ( 'NONE',  ( 5.581155335976771603, 12.25290083038844990, 0.000000000000000000 ) ) ;
#6419 = CARTESIAN_POINT ( 'NONE',  ( -10.18403012388270490, -6.401038329814019434, 0.000000000000000000 ) ) ;
#6420 = B_SPLINE_CURVE_WITH_KNOTS ( 'NONE', 3,
 ( #5332, #701, #3416, #5282, #37, #5375, #4106, #7446, #8012, #7963, #2736, #4762, #1414, #8716, #1947, #6795, #4632, #7317, #3230, #4017, #5908, #5999, #2561, #8052, #5238, #1273, #3973, #6662, #609 ),
 .UNSPECIFIED., .F., .F.,
 ( 4, 1, 1, 1, 1, 1, 1, 1, 1, 1, 1, 1, 1, 1, 1, 1, 1, 1, 1, 1, 1, 1, 1, 1, 1, 1, 4 ),
 ( 0.000000000000000000, 0.1659160033276295687, 0.1709059215442318980, 0.1766635194393566533, 0.1831887970181514946, 0.1904817542841363842, 0.1985423912398269763, 0.2073707078870824505, 0.2169667042273148994, 0.2273303802616239988, 0.2384617359908808298, 0.2503607714157882747, 0.2630274865369212067, 0.2764618813547564669, 0.2906639558696927361, 0.3056337100820685215, 0.3213711439921715929, 0.3378762576002503071, 0.3551490509065193812, 0.3731895239111665541, 0.3919976766143570268, 0.4115735090162354615, 0.4319170211169303109, 0.4530282129165571492, 0.4749070844152180060, 0.4975536356130059734, 0.5074316978669449751 ),
 .UNSPECIFIED. ) ;
#6421 = CARTESIAN_POINT ( 'NONE',  ( 12.23289380645679536, 0.8857088747962953423, 0.000000000000000000 ) ) ;
#6422 = CARTESIAN_POINT ( 'NONE',  ( 10.02415449855976703, 9.411632514553680551, 8.000000000000000000 ) ) ;
#6423 = CARTESIAN_POINT ( 'NONE',  ( -2.577692551524032094, -13.50622083004040697, 8.000000000000000000 ) ) ;
#6424 = CARTESIAN_POINT ( 'NONE',  ( -12.31670401296924489, -2.895913797652550858, 0.000000000000000000 ) ) ;
#6425 = DIRECTION ( 'NONE',  ( -0.6049683311478913916, -0.2693492547302756557, -0.7493092133988346060 ) ) ;
#6426 = CARTESIAN_POINT ( 'NONE',  ( 4.404384806714210399, -11.05183112916327026, 8.000000000000000000 ) ) ;
#6427 = CARTESIAN_POINT ( 'NONE',  ( -11.71764203423213324, 2.941792002708998321, 8.000000000000000000 ) ) ;
#6428 = CARTESIAN_POINT ( 'NONE',  ( -8.704427730807735131, 6.622827502596257077, 8.000000000000000000 ) ) ;
#6429 = ORIENTED_EDGE ( 'NONE', *, *, #4366, .T. ) ;
#6430 = FACE_OUTER_BOUND ( 'NONE', #1835, .T. ) ;
#6431 = CARTESIAN_POINT ( 'NONE',  ( -2.817469215210279820, 12.72257526253004833, 0.000000000000000000 ) ) ;
#6432 = CARTESIAN_POINT ( 'NONE',  ( 8.972047302895285625, 9.886832010614893917, 8.000000000000000000 ) ) ;
#6433 = VECTOR ( 'NONE', #1926, 1000.000000000000114 ) ;
#6434 = VERTEX_POINT ( 'NONE', #740 ) ;
#6435 = CARTESIAN_POINT ( 'NONE',  ( -0.8857088747961671116, -12.23289380645680424, 0.000000000000000000 ) ) ;
#6436 = CARTESIAN_POINT ( 'NONE',  ( 11.46125871374570160, 52.58461162194323890, -3.260507420625038399 ) ) ;
#6437 = LINE ( 'NONE', #387, #5321 ) ;
#6438 = ORIENTED_EDGE ( 'NONE', *, *, #489, .T. ) ;
#6439 = CARTESIAN_POINT ( 'NONE',  ( -13.64173013562592551, -1.722120468130946769, 0.000000000000000000 ) ) ;
#6440 = VERTEX_POINT ( 'NONE', #8215 ) ;
#6441 = CIRCLE ( 'NONE', #6293, 10.93750000000000178 ) ;
#6442 = EDGE_CURVE ( 'NONE', #4189, #2913, #397, .T. ) ;
#6443 = CARTESIAN_POINT ( 'NONE',  ( 2.880586703536698323, -12.41180006574745676, 0.000000000000000000 ) ) ;
#6444 = DIRECTION ( 'NONE',  ( 1.000000000000000000, 0.000000000000000000, 0.000000000000000000 ) ) ;
#6445 = AXIS2_PLACEMENT_3D ( 'NONE', #2752, #1430, #1470 ) ;
#6446 = VERTEX_POINT ( 'NONE', #1542 ) ;
#6447 = CARTESIAN_POINT ( 'NONE',  ( -8.972047302895431287, 9.886832010614767796, 0.000000000000000000 ) ) ;
#6448 = CARTESIAN_POINT ( 'NONE',  ( -11.73452356626238746, -4.965029436117550432, 8.000000000000000000 ) ) ;
#6449 = CARTESIAN_POINT ( 'NONE',  ( -3.149229626028854589, -10.47431425022861440, 0.000000000000000000 ) ) ;
#6450 = AXIS2_PLACEMENT_3D ( 'NONE', #4258, #2813, #5500 ) ;
#6451 = CARTESIAN_POINT ( 'NONE',  ( 8.124266212530468323, 36.41676295757071813, 22.31313880080569945 ) ) ;
#6452 = CIRCLE ( 'NONE', #245, 5.000000000000001776 ) ;
#6453 = EDGE_CURVE ( 'NONE', #854, #8527, #536, .T. ) ;
#6454 = DIRECTION ( 'NONE',  ( 0.6049683311478916137, 0.2693492547302754336, -0.7493092133988346060 ) ) ;
#6455 = VERTEX_POINT ( 'NONE', #2905 ) ;
#6456 = DIRECTION ( 'NONE',  ( 0.000000000000000000, 0.000000000000000000, -1.000000000000000000 ) ) ;
#6457 = CARTESIAN_POINT ( 'NONE',  ( 6.335244835902269500, 55.65838407470384652, 0.3298255930281636106 ) ) ;
#6458 = CARTESIAN_POINT ( 'NONE',  ( 11.66659828334871207, -4.896733499128975708, 8.000000000000000000 ) ) ;
#6459 = EDGE_CURVE ( 'NONE', #4282, #5144, #5591, .T. ) ;
#6460 = ORIENTED_EDGE ( 'NONE', *, *, #5545, .F. ) ;
#6461 = CIRCLE ( 'NONE', #7712, 13.75000000000000000 ) ;
#6462 = CARTESIAN_POINT ( 'NONE',  ( -6.510080463201289191, -10.56312374806397791, 8.000000000000000000 ) ) ;
#6463 = CARTESIAN_POINT ( 'NONE',  ( 9.267416903471838552, 7.750629585191822102, 0.000000000000000000 ) ) ;
#6464 = EDGE_CURVE ( 'NONE', #3833, #3802, #3235, .T. ) ;
#6465 = CARTESIAN_POINT ( 'NONE',  ( -9.415217936709890267, -7.968244849358915971, 8.000000000000000000 ) ) ;
#6466 = CARTESIAN_POINT ( 'NONE',  ( 5.038066446831270362, -11.80431640392010806, 8.000000000000000000 ) ) ;
#6467 = CARTESIAN_POINT ( 'NONE',  ( 11.95399604505279889, 0.7941151212464765408, 8.000000000000000000 ) ) ;
#6468 = CIRCLE ( 'NONE', #7719, 5.000000000000001776 ) ;
#6469 = CARTESIAN_POINT ( 'NONE',  ( 11.56976343863532541, 2.936066220364176971, 8.000000000000000000 ) ) ;
#6470 =( BOUNDED_CURVE ( )  B_SPLINE_CURVE ( 3, ( #7172, #2504, #3746, #4486 ),
 .UNSPECIFIED., .F., .F. ) 
 B_SPLINE_CURVE_WITH_KNOTS ( ( 4, 4 ),
 ( 0.4220781412953374390, 0.5359119522625364063 ),
 .UNSPECIFIED. ) 
 CURVE ( )  GEOMETRIC_REPRESENTATION_ITEM ( )  RATIONAL_B_SPLINE_CURVE ( ( 1.000000000000000000, 0.9989204467747289096, 0.9989204467747289096, 1.000000000000000000 ) ) 
 REPRESENTATION_ITEM ( '' )  );
#6471 = CARTESIAN_POINT ( 'NONE',  ( -10.32496896312094670, -3.608867157514845214, 8.000000000000000000 ) ) ;
#6472 = CARTESIAN_POINT ( 'NONE',  ( -13.06987279011080005, -2.724978029605258367, 0.000000000000000000 ) ) ;
#6473 = CARTESIAN_POINT ( 'NONE',  ( 6.622827502596352112, -8.704427730807660524, 0.000000000000000000 ) ) ;
#6474 = CARTESIAN_POINT ( 'NONE',  ( 5.269209628948237523, 38.38457086269640683, -15.75194548007929995 ) ) ;
#6475 = CARTESIAN_POINT ( 'NONE',  ( 11.47561408673054473, 4.719217338362343028, 8.000000000000000000 ) ) ;
#6476 = DIRECTION ( 'NONE',  ( -0.6845280282702557173, -0.3047715140836100844, 0.6622202826217419291 ) ) ;
#6477 = ORIENTED_EDGE ( 'NONE', *, *, #6453, .F. ) ;
#6478 = CARTESIAN_POINT ( 'NONE',  ( 2.308341416967036430, 33.75165378226158452, -9.043598091517251802 ) ) ;
#6479 = CARTESIAN_POINT ( 'NONE',  ( 7.708755603958690195, 29.49380770625485226, -5.000000000000000888 ) ) ;
#6480 = DIRECTION ( 'NONE',  ( 1.000000000000000000, 0.000000000000000000, 0.000000000000000000 ) ) ;
#6481 = VERTEX_POINT ( 'NONE', #1756 ) ;
#6482 = CARTESIAN_POINT ( 'NONE',  ( -3.006586827551469110, 56.97231403734090094, -15.75194548007930173 ) ) ;
#6483 = DIRECTION ( 'NONE',  ( -1.000000000000000000, 0.000000000000000000, 0.000000000000000000 ) ) ;
#6484 = CARTESIAN_POINT ( 'NONE',  ( 8.524233419529123168, 34.64253199949656192, 20.99999999999999645 ) ) ;
#6485 = ORIENTED_EDGE ( 'NONE', *, *, #1803, .F. ) ;
#6486 = CARTESIAN_POINT ( 'NONE',  ( -10.93483029503508597, -0.2416457505998009236, 0.000000000000000000 ) ) ;
#6487 = ORIENTED_EDGE ( 'NONE', *, *, #5099, .F. ) ;
#6488 = CYLINDRICAL_SURFACE ( 'NONE', #5126, 10.93750000000000178 ) ;
#6489 = DIRECTION ( 'NONE',  ( 0.000000000000000000, 0.000000000000000000, -1.000000000000000000 ) ) ;
#6490 = ORIENTED_EDGE ( 'NONE', *, *, #2643, .F. ) ;
#6491 = CARTESIAN_POINT ( 'NONE',  ( -7.668835209823024357, 9.204216794247566114, 0.000000000000000000 ) ) ;
#6492 = CARTESIAN_POINT ( 'NONE',  ( -10.32496896312094670, -3.608867157514846102, 8.000000000000000000 ) ) ;
#6493 = CARTESIAN_POINT ( 'NONE',  ( -6.600657436018073199, -11.11931436071740187, 8.000000000000000000 ) ) ;
#6494 = CARTESIAN_POINT ( 'NONE',  ( 6.418760976341437718, -10.23507608951699943, 0.000000000000000000 ) ) ;
#6495 = CARTESIAN_POINT ( 'NONE',  ( -1.377525651863733325, 13.16905850672525347, 0.000000000000000000 ) ) ;
#6496 = CYLINDRICAL_SURFACE ( 'NONE', #5902, 1.000000000000002442 ) ;
#6497 = CARTESIAN_POINT ( 'NONE',  ( 1.292677495436054036, 44.30978159260892113, -11.53799702484423051 ) ) ;
#6498 = DIRECTION ( 'NONE',  ( 0.7780644821457450844, 0.000000000000000000, 0.6281844168898761405 ) ) ;
#6499 = ORIENTED_EDGE ( 'NONE', *, *, #2678, .F. ) ;
#6500 = CARTESIAN_POINT ( 'NONE',  ( -6.544354946388659222, -10.72875944066948506, 0.000000000000000000 ) ) ;
#6501 = CARTESIAN_POINT ( 'NONE',  ( -7.707558585906881810, 9.234787594130779098, 8.000000000000000000 ) ) ;
#6502 = DIRECTION ( 'NONE',  ( -0.000000000000000000, -0.000000000000000000, 1.000000000000000000 ) ) ;
#6503 = CARTESIAN_POINT ( 'NONE',  ( 5.836552422531150697, 12.43077374740206409, 8.000000000000000000 ) ) ;
#6504 = CARTESIAN_POINT ( 'NONE',  ( 13.57387004039616585, 1.668469543075243644, 8.000000000000000000 ) ) ;
#6505 = CARTESIAN_POINT ( 'NONE',  ( -10.80883218877889895, -2.708699257713867770, 8.000000000000000000 ) ) ;
#6506 = CARTESIAN_POINT ( 'NONE',  ( 11.56976343863532541, 2.936066220364176971, -5.204170427930421283E-15 ) ) ;
#6507 = CARTESIAN_POINT ( 'NONE',  ( 2.353223114595860199, 34.03502566864683843, 17.01308140890775888 ) ) ;
#6508 = EDGE_CURVE ( 'NONE', #4669, #6815, #5138, .T. ) ;
#6509 = CARTESIAN_POINT ( 'NONE',  ( -12.95019774290648584, -2.759358130927394903, 0.000000000000000000 ) ) ;
#6510 = CARTESIAN_POINT ( 'NONE',  ( 7.750629585191789239, -9.267416903471863421, 8.000000000000000000 ) ) ;
#6511 = CARTESIAN_POINT ( 'NONE',  ( 7.087961945826520171, 37.04874777122019225, -12.99235720141729900 ) ) ;
#6512 = CARTESIAN_POINT ( 'NONE',  ( 5.553770383647791853, 38.14977601541529140, -12.74320401211457465 ) ) ;
#6513 = CARTESIAN_POINT ( 'NONE',  ( 8.393073352340755022, 35.72926466476514662, 21.28426016496259265 ) ) ;
#6514 = EDGE_LOOP ( 'NONE', ( #6906, #7050, #297, #167, #7337, #8274 ) ) ;
#6515 = CARTESIAN_POINT ( 'NONE',  ( -11.94884645308978044, 5.198761634262814901, 8.000000000000000000 ) ) ;
#6516 = CARTESIAN_POINT ( 'NONE',  ( 1.782625560387881336, 30.43241449649624997, -9.043598091517251802 ) ) ;
#6517 = FACE_OUTER_BOUND ( 'NONE', #3297, .T. ) ;
#6518 = CARTESIAN_POINT ( 'NONE',  ( 9.582420452220510754, 8.262247439007929017, 0.000000000000000000 ) ) ;
#6519 = VERTEX_POINT ( 'NONE', #7865 ) ;
#6520 = CARTESIAN_POINT ( 'NONE',  ( -10.01877448793489300, -9.392211555323882521, 0.000000000000000000 ) ) ;
#6521 = CARTESIAN_POINT ( 'NONE',  ( -7.906868104074003867, -9.376012365377890845, 0.000000000000000000 ) ) ;
#6522 = CARTESIAN_POINT ( 'NONE',  ( 12.60876818853260239, -1.051893166807028823, 8.000000000000000000 ) ) ;
#6523 = ORIENTED_EDGE ( 'NONE', *, *, #2388, .F. ) ;
#6524 = CARTESIAN_POINT ( 'NONE',  ( 0.8074739252556281111, -12.00148937107102753, 8.000000000000000000 ) ) ;
#6525 = ORIENTED_EDGE ( 'NONE', *, *, #8644, .T. ) ;
#6526 = CARTESIAN_POINT ( 'NONE',  ( -12.02324651265878153, -5.286606996007026105, 0.000000000000000000 ) ) ;
#6527 = B_SPLINE_CURVE_WITH_KNOTS ( 'NONE', 3,
 ( #8135, #8304, #6919, #6221, #8176, #826, #4183, #1453, #6877, #4805, #4312, #7485, #4883, #2823, #2163, #3622, #4969, #3543, #252, #2956, #5509, #2291, #7654, #4143, #78, #5464, #6831, #3580, #166 ),
 .UNSPECIFIED., .F., .F.,
 ( 4, 1, 1, 1, 1, 1, 1, 1, 1, 1, 1, 1, 1, 1, 1, 1, 1, 1, 1, 1, 1, 1, 1, 1, 1, 1, 4 ),
 ( 0.000000000000000000, 0.1659160033276295965, 0.1709059215442318702, 0.1766635194393565977, 0.1831887970181514669, 0.1904817542841364120, 0.1985423912398269763, 0.2073707078870824227, 0.2169667042273148716, 0.2273303802616240543, 0.2384617359908808021, 0.2503607714157882191, 0.2630274865369212067, 0.2764618813547564669, 0.2906639558696927361, 0.3056337100820685215, 0.3213711439921715929, 0.3378762576002502516, 0.3551490509065193812, 0.3731895239111665541, 0.3919976766143570268, 0.4115735090162354615, 0.4319170211169303109, 0.4530282129165571492, 0.4749070844152180060, 0.4975536356130058624, 0.5074316978669448641 ),
 .UNSPECIFIED. ) ;
#6528 = CARTESIAN_POINT ( 'NONE',  ( 0.000000000000000000, 0.000000000000000000, 0.000000000000000000 ) ) ;
#6529 = VERTEX_POINT ( 'NONE', #338 ) ;
#6530 = CARTESIAN_POINT ( 'NONE',  ( 9.442776183394496314, -5.916238915411951460, 0.000000000000000000 ) ) ;
#6531 = CARTESIAN_POINT ( 'NONE',  ( -12.43077374743277552, -5.836552422577526933, 0.000000000000000000 ) ) ;
#6532 = CARTESIAN_POINT ( 'NONE',  ( -11.91079326901029489, 0.7828886122849056939, 0.000000000000000000 ) ) ;
#6533 = CARTESIAN_POINT ( 'NONE',  ( 6.473761040516524901, -10.41722559423728356, 0.000000000000000000 ) ) ;
#6534 = CARTESIAN_POINT ( 'NONE',  ( -1.312474532673086891, 13.06843834723477649, 0.000000000000000000 ) ) ;
#6535 = B_SPLINE_SURFACE_WITH_KNOTS ( 'NONE', 3, 1, ( 
 ( #3120, #8333 ),
 ( #5124, #4429 ),
 ( #5795, #2449 ),
 ( #7807, #5044 ),
 ( #1785, #3816 ),
 ( #5834, #3734 ),
 ( #8499, #284 ),
 ( #5168, #1653 ),
 ( #7849, #6375 ),
 ( #2362, #4513 ),
 ( #937, #7728 ),
 ( #1704, #4653 ),
 ( #7335, #8070 ),
 ( #7893, #1967 ),
 ( #2673, #8596 ),
 ( #5350, #7287 ),
 ( #7935, #4557 ),
 ( #6637, #2011 ),
 ( #1292, #1242 ),
 ( #3392, #8551 ),
 ( #3993, #4696 ),
 ( #15, #5393 ),
 ( #6678, #3949 ),
 ( #6539, #1921 ),
 ( #3200, #2536 ),
 ( #3339, #6720 ),
 ( #4599, #8641 ),
 ( #7981, #627 ),
 ( #7379, #584 ) ),
 .UNSPECIFIED., .F., .F., .F.,
 ( 4, 1, 1, 1, 1, 1, 1, 1, 1, 1, 1, 1, 1, 1, 1, 1, 1, 1, 1, 1, 1, 1, 1, 1, 1, 1, 4 ),
 ( 2, 2 ),
 ( 0.4925683021194529054, 0.5024463643869940821, 0.5250929155847819940, 0.5469717870834428508, 0.5680829788830696891, 0.5884264909837645385, 0.6080023233856429732, 0.6268104760888334459, 0.6448509490934806188, 0.6621237423997496929, 0.6786288560078284071, 0.6943662899179314785, 0.7093360441303072639, 0.7235381186452435331, 0.7369725134630787933, 0.7496392285842117253, 0.7615382640091191702, 0.7726696197383760012, 0.7830332957726851006, 0.7926292921129175495, 0.8014576087601730237, 0.8095182457158636158, 0.8168112029818485054, 0.8233364805606433467, 0.8290940784557681020, 0.8340839966723704313, 1.000000000000000000 ),
 ( 0.000000000000000000, 1.000000000000000000 ),
 .UNSPECIFIED. ) ;
#6536 = CARTESIAN_POINT ( 'NONE',  ( 6.231836464888956151, -8.988499347771035985, 8.000000000000000000 ) ) ;
#6537 = CARTESIAN_POINT ( 'NONE',  ( -4.833073392807574642, -11.60070094346939662, 0.000000000000000000 ) ) ;
#6538 = VERTEX_POINT ( 'NONE', #1125 ) ;
#6539 = CARTESIAN_POINT ( 'NONE',  ( 0.7828886122849475493, -11.91079326901029134, 8.000000000000000000 ) ) ;
#6540 = CARTESIAN_POINT ( 'NONE',  ( 0.8620871873792290696, -12.16898868378441811, 0.000000000000000000 ) ) ;
#6541 = CARTESIAN_POINT ( 'NONE',  ( 11.34404188716879958, 6.619621129381319413, 8.000000000000000000 ) ) ;
#6542 = B_SPLINE_CURVE_WITH_KNOTS ( 'NONE', 3,
 ( #5943, #2466, #1127, #4531, #465, #378, #1211, #424, #3874, #5852, #5899, #3917, #6606, #8567, #4489, #3093, #4444, #1080, #556, #7174, #6515, #2506, #5187, #2552, #1263, #5274, #7213, #8615, #6557 ),
 .UNSPECIFIED., .F., .F.,
 ( 4, 1, 1, 1, 1, 1, 1, 1, 1, 1, 1, 1, 1, 1, 1, 1, 1, 1, 1, 1, 1, 1, 1, 1, 1, 1, 4 ),
 ( 0.000000000000000000, 0.1659160033276295965, 0.1709059215442318702, 0.1766635194393565977, 0.1831887970181514669, 0.1904817542841364120, 0.1985423912398269763, 0.2073707078870824227, 0.2169667042273148716, 0.2273303802616240543, 0.2384617359908808021, 0.2503607714157882191, 0.2630274865369212067, 0.2764618813547564669, 0.2906639558696927361, 0.3056337100820685215, 0.3213711439921715929, 0.3378762576002502516, 0.3551490509065193812, 0.3731895239111665541, 0.3919976766143570268, 0.4115735090162354615, 0.4319170211169303109, 0.4530282129165571492, 0.4749070844152180060, 0.4975536356130058624, 0.5074316978669446421 ),
 .UNSPECIFIED. ) ;
#6543 = CARTESIAN_POINT ( 'NONE',  ( -10.00078975079871668, -9.328340841224321167, 8.000000000000000000 ) ) ;
#6544 = CARTESIAN_POINT ( 'NONE',  ( 8.348190801685069218, 9.625916629980844519, 0.000000000000000000 ) ) ;
#6545 = CARTESIAN_POINT ( 'NONE',  ( 12.69447357664506271, 1.095856395948533901, 0.000000000000000000 ) ) ;
#6546 = CARTESIAN_POINT ( 'NONE',  ( -11.13701600410301573, -2.886444749237111029, 8.000000000000000000 ) ) ;
#6547 = FACE_OUTER_BOUND ( 'NONE', #6902, .T. ) ;
#6548 = LINE ( 'NONE', #2498, #2098 ) ;
#6549 = CARTESIAN_POINT ( 'NONE',  ( 5.853360337646255296, 12.44189184801370018, 8.000000000000000000 ) ) ;
#6550 = B_SPLINE_CURVE_WITH_KNOTS ( 'NONE', 3,
 ( #163, #8088, #4059, #34, #8132, #5460, #2733, #4140, #698, #2862, #3412, #5547 ),
 .UNSPECIFIED., .F., .F.,
 ( 4, 2, 2, 2, 2, 4 ),
 ( 8.673617379884035472E-19, 0.001014788245823040067, 0.002029576491646079266, 0.003044364737469118683, 0.003551758860380638174, 0.004059152983292157665 ),
 .UNSPECIFIED. ) ;
#6551 = CARTESIAN_POINT ( 'NONE',  ( -13.06987279011080005, -2.724978029605258367, 8.000000000000000000 ) ) ;
#6552 = CARTESIAN_POINT ( 'NONE',  ( 8.312469657178873206, 35.97761167729836274, -14.31846038893915818 ) ) ;
#6553 = CARTESIAN_POINT ( 'NONE',  ( -4.833073392807659907, 11.60070094346936287, 8.000000000000000000 ) ) ;
#6554 = CARTESIAN_POINT ( 'NONE',  ( 8.239148126876381539, 36.03253627356613720, -13.47355229300129054 ) ) ;
#6555 = ORIENTED_EDGE ( 'NONE', *, *, #6869, .T. ) ;
#6556 = VECTOR ( 'NONE', #3124, 999.9999999999998863 ) ;
#6557 = CARTESIAN_POINT ( 'NONE',  ( -12.44189184801363979, 5.853360337646381417, 8.000000000000000000 ) ) ;
#6558 = DIRECTION ( 'NONE',  ( -0.6049683311478916137, -0.2693492547302754336, 0.7493092133988346060 ) ) ;
#6559 = DIRECTION ( 'NONE',  ( 0.9876883405951375483, -0.1564344650402313963, 0.000000000000000000 ) ) ;
#6560 = CARTESIAN_POINT ( 'NONE',  ( 12.61481170127146889, 2.841541163098181055, 0.000000000000000000 ) ) ;
#6561 = EDGE_CURVE ( 'NONE', #4024, #7703, #5722, .T. ) ;
#6562 = CARTESIAN_POINT ( 'NONE',  ( -10.02706299306008830, 6.338109664291194711, 8.000000000000000000 ) ) ;
#6563 = ORIENTED_EDGE ( 'NONE', *, *, #8651, .T. ) ;
#6564 = CARTESIAN_POINT ( 'NONE',  ( -4.965029436117420758, -11.73452356626243720, 0.000000000000000000 ) ) ;
#6565 = CARTESIAN_POINT ( 'NONE',  ( -8.743249532614813191, -9.801135538539540448, 0.000000000000000000 ) ) ;
#6566 = CARTESIAN_POINT ( 'NONE',  ( 11.91079326901030022, -0.7828886122848225382, 8.000000000000000000 ) ) ;
#6567 = CARTESIAN_POINT ( 'NONE',  ( 1.251919511749373326, -12.97053397611294656, 8.000000000000000000 ) ) ;
#6568 = ORIENTED_EDGE ( 'NONE', *, *, #5296, .F. ) ;
#6569 = CARTESIAN_POINT ( 'NONE',  ( 11.02139818175197483, 4.386616976971076554, 0.000000000000000000 ) ) ;
#6570 = CARTESIAN_POINT ( 'NONE',  ( -11.73452356626238746, -4.965029436117550432, 0.000000000000000000 ) ) ;
#6571 = ADVANCED_FACE ( 'NONE', ( #1078 ), #7127, .T. ) ;
#6572 = B_SPLINE_SURFACE_WITH_KNOTS ( 'NONE', 3, 1, ( 
 ( #4534, #1268 ),
 ( #8007, #4013 ),
 ( #3922, #3363 ),
 ( #6041, #3969 ),
 ( #2693, #4577 ),
 ( #6611, #8572 ),
 ( #5232, #559 ),
 ( #8046, #2511 ),
 ( #1987, #7912 ),
 ( #2031, #1896 ),
 ( #7262, #6657 ),
 ( #5994, #2601 ),
 ( #4714, #6518 ),
 ( #5191, #1215 ),
 ( #7397, #3316 ),
 ( #5855, #7870 ),
 ( #5946, #4627 ),
 ( #8666, #8521 ),
 ( #8618, #5326 ),
 ( #4673, #1158 ),
 ( #3303, #2629 ),
 ( #6022, #8557 ),
 ( #7990, #3862 ),
 ( #3257, #4563 ),
 ( #1928, #3207 ),
 ( #3908, #5933 ),
 ( #3347, #1202 ),
 ( #6686, #5262 ),
 ( #494, #1881 ) ),
 .UNSPECIFIED., .F., .F., .F.,
 ( 4, 1, 1, 1, 1, 1, 1, 1, 1, 1, 1, 1, 1, 1, 1, 1, 1, 1, 1, 1, 1, 1, 1, 1, 1, 1, 4 ),
 ( 2, 2 ),
 ( 0.4925683021194524613, 0.5024463643869940821, 0.5250929155847819940, 0.5469717870834428508, 0.5680829788830696891, 0.5884264909837645385, 0.6080023233856429732, 0.6268104760888334459, 0.6448509490934806188, 0.6621237423997496929, 0.6786288560078284071, 0.6943662899179314785, 0.7093360441303072639, 0.7235381186452435331, 0.7369725134630787933, 0.7496392285842117253, 0.7615382640091191702, 0.7726696197383760012, 0.7830332957726851006, 0.7926292921129175495, 0.8014576087601730237, 0.8095182457158636158, 0.8168112029818485054, 0.8233364805606433467, 0.8290940784557681020, 0.8340839966723704313, 1.000000000000000000 ),
 ( 0.000000000000000000, 1.000000000000000000 ),
 .UNSPECIFIED. ) ;
#6573 = ORIENTED_EDGE ( 'NONE', *, *, #843, .T. ) ;
#6574 = CARTESIAN_POINT ( 'NONE',  ( 6.544354946388577510, 10.72875944066953124, 0.000000000000000000 ) ) ;
#6575 = CARTESIAN_POINT ( 'NONE',  ( -12.41180006574749228, 2.880586703536566873, 0.000000000000000000 ) ) ;
#6576 = CARTESIAN_POINT ( 'NONE',  ( 13.62596226217984530, -1.709570872969363942, 0.000000000000000000 ) ) ;
#6577 = CARTESIAN_POINT ( 'NONE',  ( -10.81899503309353072, -6.560248542580116471, 0.000000000000000000 ) ) ;
#6578 = CARTESIAN_POINT ( 'NONE',  ( 9.699971161946937315, 6.186699299581561284, 8.000000000000000000 ) ) ;
#6579 = DIRECTION ( 'NONE',  ( -0.7147974065165851876, -0.3182483095653314553, 0.6227219934256158496 ) ) ;
#6580 = CARTESIAN_POINT ( 'NONE',  ( -11.02139818175203878, 4.386616976970920234, 0.000000000000000000 ) ) ;
#6581 = CIRCLE ( 'NONE', #5737, 13.75000000000000000 ) ;
#6582 = CARTESIAN_POINT ( 'NONE',  ( -5.781365353078006919, -12.39393210983944726, 0.000000000000000000 ) ) ;
#6583 = DIRECTION ( 'NONE',  ( 0.9876883405951378814, -0.1564344650402312575, -0.000000000000000000 ) ) ;
#6584 = ORIENTED_EDGE ( 'NONE', *, *, #6033, .T. ) ;
#6585 = CARTESIAN_POINT ( 'NONE',  ( -6.352286767647596477, 10.05932550694759620, 0.000000000000000000 ) ) ;
#6586 = CARTESIAN_POINT ( 'NONE',  ( 1.011712205768922734, -12.52642403931682580, 0.000000000000000000 ) ) ;
#6587 = VECTOR ( 'NONE', #4052, 1000.000000000000000 ) ;
#6588 = AXIS2_PLACEMENT_3D ( 'NONE', #4538, #8622, #653 ) ;
#6589 = CARTESIAN_POINT ( 'NONE',  ( 11.11931436071728463, 6.600657436018271262, 0.000000000000000000 ) ) ;
#6590 = CARTESIAN_POINT ( 'NONE',  ( -9.539420412438884611, -8.181339682156007598, 8.000000000000000000 ) ) ;
#6591 = CARTESIAN_POINT ( 'NONE',  ( 7.313425558786411429, 8.881356617214221316, 0.000000000000000000 ) ) ;
#6592 = CARTESIAN_POINT ( 'NONE',  ( 12.37227591337641286, 0.9420826277742860855, 8.000000000000000000 ) ) ;
#6593 = CYLINDRICAL_SURFACE ( 'NONE', #6196, 5.000000000000001776 ) ;
#6594 = CARTESIAN_POINT ( 'NONE',  ( 11.83979557596820165, 2.940530670474365671, 8.000000000000000000 ) ) ;
#6595 = DIRECTION ( 'NONE',  ( -1.000000000000000000, 0.000000000000000000, 0.000000000000000000 ) ) ;
#6596 = B_SPLINE_CURVE_WITH_KNOTS ( 'NONE', 3,
 ( #5088, #4592, #1708, #3243, #5962, #7373, #8681, #6419, #2663, #5918, #7280, #7328, #5343, #7974, #8588, #5048, #6577, #3700, #3078, #3033, #8377, #8022, #5756, #8426, #2616, #5247, #2412, #1748, #4433 ),
 .UNSPECIFIED., .F., .F.,
 ( 4, 1, 1, 1, 1, 1, 1, 1, 1, 1, 1, 1, 1, 1, 1, 1, 1, 1, 1, 1, 1, 1, 1, 1, 1, 1, 4 ),
 ( 0.000000000000000000, 0.1659160033276295965, 0.1709059215442318702, 0.1766635194393565977, 0.1831887970181514669, 0.1904817542841364120, 0.1985423912398269763, 0.2073707078870824227, 0.2169667042273148716, 0.2273303802616240543, 0.2384617359908808021, 0.2503607714157882191, 0.2630274865369212067, 0.2764618813547564669, 0.2906639558696927361, 0.3056337100820685215, 0.3213711439921715929, 0.3378762576002502516, 0.3551490509065193812, 0.3731895239111665541, 0.3919976766143570268, 0.4115735090162354615, 0.4319170211169303109, 0.4530282129165571492, 0.4749070844152180060, 0.4975536356130058624, 0.5074316978669451972 ),
 .UNSPECIFIED. ) ;
#6597 = AXIS2_PLACEMENT_3D ( 'NONE', #2169, #7575, #2211 ) ;
#6598 = ORIENTED_EDGE ( 'NONE', *, *, #3829, .T. ) ;
#6599 = CARTESIAN_POINT ( 'NONE',  ( -0.8412873393390029042, -12.10906341627276639, 0.000000000000000000 ) ) ;
#6600 = CARTESIAN_POINT ( 'NONE',  ( 7.798144649837262854, -9.301941798724717714, 0.000000000000000000 ) ) ;
#6601 = CARTESIAN_POINT ( 'NONE',  ( 7.678135155389054667, 35.47937622131438218, -14.94094429555889469 ) ) ;
#6602 = ORGANIZATION ( 'æœª', 'æœª', '' ) ;
#6603 = CARTESIAN_POINT ( 'NONE',  ( -4.404384806714132239, 11.05183112916330401, 8.000000000000000000 ) ) ;
#6604 = CARTESIAN_POINT ( 'NONE',  ( -9.757522586729574954, 8.636712746112451100, 0.000000000000000000 ) ) ;
#6605 = ORIENTED_EDGE ( 'NONE', *, *, #3342, .F. ) ;
#6606 = CARTESIAN_POINT ( 'NONE',  ( -11.41672744483953394, 4.668788839230820109, 8.000000000000000000 ) ) ;
#6607 = CC_DESIGN_PERSON_AND_ORGANIZATION_ASSIGNMENT ( #7417, #1333, ( #260 ) ) ;
#6608 = CARTESIAN_POINT ( 'NONE',  ( 9.625916629980816097, -8.348190801685102969, 8.000000000000000000 ) ) ;
#6609 = CARTESIAN_POINT ( 'NONE',  ( -9.455639197970779009, 8.034402175150727743, 0.000000000000000000 ) ) ;
#6610 = AXIS2_PLACEMENT_3D ( 'NONE', #6155, #4088, #6777 ) ;
#6611 = CARTESIAN_POINT ( 'NONE',  ( 9.886832010614666544, 8.972047302895536092, 8.000000000000000000 ) ) ;
#6612 = EDGE_LOOP ( 'NONE', ( #7511, #5650, #7289, #2974, #4710 ) ) ;
#6613 = ADVANCED_FACE ( 'NONE', ( #3090 ), #7086, .T. ) ;
#6614 = CARTESIAN_POINT ( 'NONE',  ( 2.687971100478934172, 36.14854127155042818, -9.043598091517251802 ) ) ;
#6615 = CARTESIAN_POINT ( 'NONE',  ( 6.510080463201441070, -10.56312374806388377, 8.000000000000000000 ) ) ;
#6616 = B_SPLINE_SURFACE_WITH_KNOTS ( 'NONE', 3, 1, ( 
 ( #1513, #885 ),
 ( #798, #6200 ),
 ( #223, #5526 ),
 ( #8192, #6236 ),
 ( #4203, #4946 ),
 ( #844, #2925 ),
 ( #5566, #2221 ),
 ( #4903, #1560 ),
 ( #5614, #8280 ),
 ( #2269, #7629 ),
 ( #1598, #4285 ),
 ( #6977, #8362 ),
 ( #1824, #3726 ),
 ( #8412, #7671 ),
 ( #1144, #1641 ),
 ( #2310, #4332 ),
 ( #3061, #7149 ),
 ( #2400, #1100 ),
 ( #1776, #5741 ),
 ( #8491, #5077 ),
 ( #440, #1056 ),
 ( #6406, #3149 ),
 ( #3809, #396 ),
 ( #7759, #5698 ),
 ( #4459, #5115 ),
 ( #3111, #7839 ),
 ( #3767, #5827 ),
 ( #4987, #7026 ),
 ( #6318, #6449 ) ),
 .UNSPECIFIED., .F., .F., .F.,
 ( 4, 1, 1, 1, 1, 1, 1, 1, 1, 1, 1, 1, 1, 1, 1, 1, 1, 1, 1, 1, 1, 1, 1, 1, 1, 1, 4 ),
 ( 2, 2 ),
 ( 0.4925683021194540157, 0.5024463643869940821, 0.5250929155847819940, 0.5469717870834428508, 0.5680829788830696891, 0.5884264909837645385, 0.6080023233856429732, 0.6268104760888334459, 0.6448509490934806188, 0.6621237423997496929, 0.6786288560078284071, 0.6943662899179314785, 0.7093360441303072639, 0.7235381186452435331, 0.7369725134630787933, 0.7496392285842117253, 0.7615382640091191702, 0.7726696197383760012, 0.7830332957726851006, 0.7926292921129175495, 0.8014576087601730237, 0.8095182457158636158, 0.8168112029818485054, 0.8233364805606433467, 0.8290940784557681020, 0.8340839966723704313, 1.000000000000000000 ),
 ( 0.000000000000000000, 1.000000000000000000 ),
 .UNSPECIFIED. ) ;
#6617 = CARTESIAN_POINT ( 'NONE',  ( 12.00148937107103819, -0.8074739252555025448, -5.204170427930421283E-15 ) ) ;
#6618 = ORIENTED_EDGE ( 'NONE', *, *, #6355, .T. ) ;
#6619 = CARTESIAN_POINT ( 'NONE',  ( -6.401038329813985683, 10.18403012388272799, 8.000000000000000000 ) ) ;
#6620 = ORIENTED_EDGE ( 'NONE', *, *, #610, .T. ) ;
#6621 = CARTESIAN_POINT ( 'NONE',  ( 12.09884006967979531, 5.379567626064940988, 8.000000000000000000 ) ) ;
#6622 = CARTESIAN_POINT ( 'NONE',  ( 2.478226235990161008, 34.97690072877048806, -18.71644639247666930 ) ) ;
#6623 = FACE_OUTER_BOUND ( 'NONE', #6366, .T. ) ;
#6624 = ORIENTED_EDGE ( 'NONE', *, *, #5428, .T. ) ;
#6625 = EDGE_CURVE ( 'NONE', #1216, #2985, #5769, .T. ) ;
#6626 = ORIENTED_EDGE ( 'NONE', *, *, #6093, .F. ) ;
#6627 = DIRECTION ( 'NONE',  ( 0.000000000000000000, -0.000000000000000000, -1.000000000000000000 ) ) ;
#6628 = CARTESIAN_POINT ( 'NONE',  ( -12.61481170127151152, 2.841541163098003420, 0.000000000000000000 ) ) ;
#6629 = CARTESIAN_POINT ( 'NONE',  ( 12.97053397611296077, -1.251919511749237435, 0.000000000000000000 ) ) ;
#6630 = CARTESIAN_POINT ( 'NONE',  ( 0.000000000000000000, 0.000000000000000000, 8.000000000000000000 ) ) ;
#6631 = CARTESIAN_POINT ( 'NONE',  ( 6.231836464888956151, -8.988499347771035985, 0.000000000000000000 ) ) ;
#6632 = CARTESIAN_POINT ( 'NONE',  ( 8.993101906613460983, 36.04364899241966924, -14.78370147677037139 ) ) ;
#6633 = CARTESIAN_POINT ( 'NONE',  ( 6.436913140481798301, -10.29093438073240740, 8.000000000000000000 ) ) ;
#6634 = DIRECTION ( 'NONE',  ( -0.000000000000000000, 0.000000000000000000, -1.000000000000000000 ) ) ;
#6635 = EDGE_CURVE ( 'NONE', #1723, #8356, #4645, .T. ) ;
#6636 = VERTEX_POINT ( 'NONE', #8387 ) ;
#6637 = CARTESIAN_POINT ( 'NONE',  ( 0.8857088747961672226, -12.23289380645680424, 8.000000000000000000 ) ) ;
#6638 = CARTESIAN_POINT ( 'NONE',  ( -4.773939382172995849, 11.53698844606704910, 8.000000000000000000 ) ) ;
#6639 = VERTEX_POINT ( 'NONE', #3132 ) ;
#6640 = CARTESIAN_POINT ( 'NONE',  ( -7.750629585191723514, 9.267416903471923817, 8.000000000000000000 ) ) ;
#6641 = CARTESIAN_POINT ( 'NONE',  ( -9.126433365741101866, -7.577720000373735054, 0.000000000000000000 ) ) ;
#6642 = CARTESIAN_POINT ( 'NONE',  ( 8.181339682155837068, 9.539420412439032049, 0.000000000000000000 ) ) ;
#6643 = CARTESIAN_POINT ( 'NONE',  ( 10.93483029503508419, 0.2416457505998779731, 8.000000000000000000 ) ) ;
#6644 = CARTESIAN_POINT ( 'NONE',  ( -11.77637575328569319, -2.941794575437323811, 0.000000000000000000 ) ) ;
#6645 = CARTESIAN_POINT ( 'NONE',  ( 12.61481170127146889, 2.841541163098181055, -5.204170427930421283E-15 ) ) ;
#6646 = CARTESIAN_POINT ( 'NONE',  ( -10.02415449855983454, -9.411632514553605944, 0.000000000000000000 ) ) ;
#6647 = VERTEX_POINT ( 'NONE', #4361 ) ;
#6648 = CARTESIAN_POINT ( 'NONE',  ( -1.051893166807160940, -12.60876818853259174, 0.000000000000000000 ) ) ;
#6649 = CARTESIAN_POINT ( 'NONE',  ( 8.181339682156046678, -9.539420412438852637, 0.000000000000000000 ) ) ;
#6650 = CARTESIAN_POINT ( 'NONE',  ( 7.573058869583056740, 35.60109154511773255, -14.97794095132318049 ) ) ;
#6651 = FACE_OUTER_BOUND ( 'NONE', #2737, .T. ) ;
#6652 = CARTESIAN_POINT ( 'NONE',  ( -10.01877448793495873, 9.392211555323809691, 0.000000000000000000 ) ) ;
#6653 = VERTEX_POINT ( 'NONE', #2463 ) ;
#6654 = CARTESIAN_POINT ( 'NONE',  ( 2.388382327195927690, 34.25701220045520046, -18.69378740028921371 ) ) ;
#6655 = CARTESIAN_POINT ( 'NONE',  ( -11.63207506770849875, 53.13199924803154062, -13.61616680320316952 ) ) ;
#6656 = CARTESIAN_POINT ( 'NONE',  ( 6.625183064392070165, 12.04862852631984005, 8.000000000000000000 ) ) ;
#6657 = CARTESIAN_POINT ( 'NONE',  ( 9.669723885496884108, 8.439220299577170792, 0.000000000000000000 ) ) ;
#6658 = CARTESIAN_POINT ( 'NONE',  ( -5.581155335976851539, -12.25290083038841082, 0.000000000000000000 ) ) ;
#6659 = CARTESIAN_POINT ( 'NONE',  ( 6.418760976341437718, -10.23507608951699943, 8.000000000000000000 ) ) ;
#6660 = FACE_OUTER_BOUND ( 'NONE', #5784, .T. ) ;
#6661 = ORIENTED_EDGE ( 'NONE', *, *, #6247, .T. ) ;
#6662 = CARTESIAN_POINT ( 'NONE',  ( -13.48734665307397762, 2.584755384919188437, 0.000000000000000000 ) ) ;
#6663 = ORIENTED_EDGE ( 'NONE', *, *, #8421, .T. ) ;
#6664 = CARTESIAN_POINT ( 'NONE',  ( 11.53698844606699758, 4.773939382173117529, 0.000000000000000000 ) ) ;
#6665 = LINE ( 'NONE', #3325, #7938 ) ;
#6666 = CARTESIAN_POINT ( 'NONE',  ( -8.348190801685142048, -9.625916629980782346, 8.000000000000000000 ) ) ;
#6667 = ORIENTED_EDGE ( 'NONE', *, *, #144, .F. ) ;
#6668 = CARTESIAN_POINT ( 'NONE',  ( 11.71732392095630715, -6.632284204934304483, 0.000000000000000000 ) ) ;
#6669 = CARTESIAN_POINT ( 'NONE',  ( -13.19332579941579553, 2.686824890852690828, 0.000000000000000000 ) ) ;
#6670 = CARTESIAN_POINT ( 'NONE',  ( 13.27225220462998578, -1.447204694645657153, 0.000000000000000000 ) ) ;
#6671 = CARTESIAN_POINT ( 'NONE',  ( 12.44189184801367709, -5.853360337646297928, 8.000000000000000000 ) ) ;
#6672 = CARTESIAN_POINT ( 'NONE',  ( 6.631537913675626505, -11.85123473191533172, 0.000000000000000000 ) ) ;
#6673 = CARTESIAN_POINT ( 'NONE',  ( -6.455308898419793273, 10.35164078446981861, 0.000000000000000000 ) ) ;
#6674 = EDGE_CURVE ( 'NONE', #1908, #2981, #3082, .T. ) ;
#6675 = CARTESIAN_POINT ( 'NONE',  ( -2.934419862191914863, 57.00444484045064542, 20.68844070737145557 ) ) ;
#6676 = CARTESIAN_POINT ( 'NONE',  ( -8.743249532614813191, -9.801135538539540448, 8.000000000000000000 ) ) ;
#6677 = CARTESIAN_POINT ( 'NONE',  ( 8.636712746112557681, -9.757522586729482583, 8.000000000000000000 ) ) ;
#6678 = CARTESIAN_POINT ( 'NONE',  ( 0.7941151212463513076, -11.95399604505280600, 8.000000000000000000 ) ) ;
#6679 = CARTESIAN_POINT ( 'NONE',  ( -5.115945187291654150, 11.87581303661961485, 8.000000000000000000 ) ) ;
#6680 = CARTESIAN_POINT ( 'NONE',  ( 11.01428446989493537, 6.588591420233592899, 8.000000000000000000 ) ) ;
#6681 = EDGE_CURVE ( 'NONE', #8069, #3441, #6470, .T. ) ;
#6682 = CARTESIAN_POINT ( 'NONE',  ( -2.940710835118465649, 11.66361783702276078, 8.000000000000000000 ) ) ;
#6683 = CARTESIAN_POINT ( 'NONE',  ( 11.56976343863532541, 2.936066220364176971, 8.000000000000000000 ) ) ;
#6684 = CARTESIAN_POINT ( 'NONE',  ( 5.115945187291737639, -11.87581303661957399, 0.000000000000000000 ) ) ;
#6685 = EDGE_CURVE ( 'NONE', #5666, #4997, #2423, .T. ) ;
#6686 = CARTESIAN_POINT ( 'NONE',  ( 8.544655887209394507, 7.152395453489337029, 8.000000000000000000 ) ) ;
#6687 = CARTESIAN_POINT ( 'NONE',  ( 0.000000000000000000, 0.000000000000000000, 0.000000000000000000 ) ) ;
#6688 = CARTESIAN_POINT ( 'NONE',  ( 5.853360337646255296, 12.44189184801370018, 0.000000000000000000 ) ) ;
#6689 = ORIENTED_EDGE ( 'NONE', *, *, #4792, .F. ) ;
#6690 = AXIS2_PLACEMENT_3D ( 'NONE', #1893, #7867, #1168 ) ;
#6691 = CARTESIAN_POINT ( 'NONE',  ( -0.9123192481543054289, -12.30068812565076186, 0.000000000000000000 ) ) ;
#6692 = CARTESIAN_POINT ( 'NONE',  ( 2.941792002709121778, -11.71764203423209771, 8.000000000000000000 ) ) ;
#6693 = CARTESIAN_POINT ( 'NONE',  ( 7.669471883720656358, 35.49204051026869422, -14.94314348924568847 ) ) ;
#6694 = DIRECTION ( 'NONE',  ( -1.000000000000000000, 0.000000000000000000, 0.000000000000000000 ) ) ;
#6695 = CARTESIAN_POINT ( 'NONE',  ( -10.02415449855990204, 9.411632514553531337, 0.000000000000000000 ) ) ;
#6696 = VERTEX_POINT ( 'NONE', #5096 ) ;
#6697 = CARTESIAN_POINT ( 'NONE',  ( 9.149886257342975782, -7.604022508570274397, 0.000000000000000000 ) ) ;
#6698 = CARTESIAN_POINT ( 'NONE',  ( 5.557180353756523417, 55.65838407470384652, 0.9580100099180421935 ) ) ;
#6699 = CARTESIAN_POINT ( 'NONE',  ( 6.619621129381029867, 11.34404188716896833, 8.000000000000000000 ) ) ;
#6700 = CARTESIAN_POINT ( 'NONE',  ( -10.18403012388274576, 6.401038329813946604, 8.000000000000000000 ) ) ;
#6701 = DIRECTION ( 'NONE',  ( -0.4067366430758004303, 0.9135454576426008666, 0.000000000000000000 ) ) ;
#6702 = CARTESIAN_POINT ( 'NONE',  ( 6.619621129381279445, -11.34404188716882267, 8.000000000000000000 ) ) ;
#6703 = CARTESIAN_POINT ( 'NONE',  ( 13.27225220462998578, -1.447204694645657153, 8.000000000000000000 ) ) ;
#6704 = CARTESIAN_POINT ( 'NONE',  ( -6.436913140481723694, 10.29093438073245714, 8.000000000000000000 ) ) ;
#6705 = ORIENTED_EDGE ( 'NONE', *, *, #3877, .T. ) ;
#6706 = CARTESIAN_POINT ( 'NONE',  ( 11.05183112916325605, 4.404384806714248590, 0.000000000000000000 ) ) ;
#6707 = CARTESIAN_POINT ( 'NONE',  ( -10.93483029503508597, 0.2416457505997258726, 8.000000000000000000 ) ) ;
#6708 = LINE ( 'NONE', #660, #7698 ) ;
#6709 = ORIENTED_EDGE ( 'NONE', *, *, #6685, .T. ) ;
#6710 = CARTESIAN_POINT ( 'NONE',  ( 11.85123473191545429, -6.631537913675408014, 0.000000000000000000 ) ) ;
#6711 = CARTESIAN_POINT ( 'NONE',  ( -12.95019774290650716, 2.759358130927302533, 0.000000000000000000 ) ) ;
#6712 = CARTESIAN_POINT ( 'NONE',  ( 11.11684438996337221, -0.7639867559469517566, 0.000000000000000000 ) ) ;
#6713 = CARTESIAN_POINT ( 'NONE',  ( -2.932881190150526507, 11.52995163726277283, 8.000000000000000000 ) ) ;
#6714 = CARTESIAN_POINT ( 'NONE',  ( -11.22924223885652140, 6.611064424922788341, 8.000000000000000000 ) ) ;
#6715 = CARTESIAN_POINT ( 'NONE',  ( 8.269445051494260568, 36.00808297662860014, -13.28508304997088629 ) ) ;
#6716 = DIRECTION ( 'NONE',  ( -0.000000000000000000, 0.000000000000000000, -1.000000000000000000 ) ) ;
#6717 = CARTESIAN_POINT ( 'NONE',  ( -6.622827502596226878, -8.704427730807756447, 8.000000000000000000 ) ) ;
#6718 = AXIS2_PLACEMENT_3D ( 'NONE', #7880, #477, #3721 ) ;
#6719 = ORIENTED_EDGE ( 'NONE', *, *, #7528, .T. ) ;
#6720 = CARTESIAN_POINT ( 'NONE',  ( 0.7661213205046493169, -11.83751175313650172, 0.000000000000000000 ) ) ;
#6721 = CARTESIAN_POINT ( 'NONE',  ( -4.622531273494543846, 11.36047427339663862, 8.000000000000000000 ) ) ;
#6722 = EDGE_CURVE ( 'NONE', #7727, #4618, #7049, .T. ) ;
#6723 = CARTESIAN_POINT ( 'NONE',  ( -2.976532959868333883, 31.18619115514277595, 21.61616680320317130 ) ) ;
#6724 = CARTESIAN_POINT ( 'NONE',  ( -2.938739567862377555, 11.61432090236920978, 8.000000000000000000 ) ) ;
#6725 = CARTESIAN_POINT ( 'NONE',  ( 8.704427730807783092, -6.622827502596192240, 8.000000000000000000 ) ) ;
#6726 = CARTESIAN_POINT ( 'NONE',  ( 4.210990906299975300, -10.70664486910367863, 0.000000000000000000 ) ) ;
#6727 = EDGE_LOOP ( 'NONE', ( #4741, #4939, #1583, #3312 ) ) ;
#6728 = CARTESIAN_POINT ( 'NONE',  ( -13.50622083004038565, -2.577692551524178199, 8.000000000000000000 ) ) ;
#6729 = CARTESIAN_POINT ( 'NONE',  ( -10.64346975476062340, -6.527568552596192397, 8.000000000000000000 ) ) ;
#6730 = EDGE_CURVE ( 'NONE', #3965, #1197, #5842, .T. ) ;
#6731 = LINE ( 'NONE', #3260, #1960 ) ;
#6732 = ORIENTED_EDGE ( 'NONE', *, *, #5310, .F. ) ;
#6733 = VECTOR ( 'NONE', #4896, 1000.000000000000000 ) ;
#6734 = CARTESIAN_POINT ( 'NONE',  ( 0.000000000000000000, 0.000000000000000000, 0.000000000000000000 ) ) ;
#6735 = ADVANCED_FACE ( 'NONE', ( #5807 ), #498, .T. ) ;
#6736 = CARTESIAN_POINT ( 'NONE',  ( -1.312474532673086891, 13.06843834723477649, 0.000000000000000000 ) ) ;
#6737 =( BOUNDED_CURVE ( )  B_SPLINE_CURVE ( 3, ( #5209, #1192, #4425, #444 ),
 .UNSPECIFIED., .F., .F. ) 
 B_SPLINE_CURVE_WITH_KNOTS ( ( 4, 4 ),
 ( 4.712388980384689674, 5.131882130468114589 ),
 .UNSPECIFIED. ) 
 CURVE ( )  GEOMETRIC_REPRESENTATION_ITEM ( )  RATIONAL_B_SPLINE_CURVE ( ( 1.000000000000000000, 0.9853891415055830993, 0.9853891415055830993, 1.000000000000000000 ) ) 
 REPRESENTATION_ITEM ( '' )  );
#6738 = CARTESIAN_POINT ( 'NONE',  ( 10.05932550694766725, -6.352286767647486343, 8.000000000000000000 ) ) ;
#6739 = CARTESIAN_POINT ( 'NONE',  ( 6.581452341980108756, 37.01442618144797336, -15.17304175811730005 ) ) ;
#6740 = EDGE_LOOP ( 'NONE', ( #1624, #803, #7098, #1397 ) ) ;
#6741 = CARTESIAN_POINT ( 'NONE',  ( 9.175863790627321492, -7.634358818669758406, 8.000000000000000000 ) ) ;
#6742 = AXIS2_PLACEMENT_3D ( 'NONE', #4565, #1976, #6595 ) ;
#6743 = VECTOR ( 'NONE', #266, 1000.000000000000114 ) ;
#6744 = CARTESIAN_POINT ( 'NONE',  ( 12.97053397611293235, 1.251919511749509217, 0.000000000000000000 ) ) ;
#6745 = CARTESIAN_POINT ( 'NONE',  ( -9.301941798724802979, 7.798144649837160713, 0.000000000000000000 ) ) ;
#6746 = CARTESIAN_POINT ( 'NONE',  ( 8.393073352340755022, 35.72926466476514662, 21.28426016496259265 ) ) ;
#6747 = AXIS2_PLACEMENT_3D ( 'NONE', #3947, #8027, #6498 ) ;
#6748 = AXIS2_PLACEMENT_3D ( 'NONE', #8269, #2257, #6308 ) ;
#6749 = CARTESIAN_POINT ( 'NONE',  ( -1.095856395948400674, -12.69447357664507336, 8.000000000000000000 ) ) ;
#6750 = CARTESIAN_POINT ( 'NONE',  ( 6.401038329814059402, -10.18403012388267825, 8.000000000000000000 ) ) ;
#6751 = FACE_OUTER_BOUND ( 'NONE', #2780, .T. ) ;
#6752 = EDGE_LOOP ( 'NONE', ( #4134, #8402, #6147, #8409 ) ) ;
#6753 = CARTESIAN_POINT ( 'NONE',  ( 2.145883182133906608, 37.37361591572383190, 17.73355019412369415 ) ) ;
#6754 = ORIENTED_EDGE ( 'NONE', *, *, #4244, .F. ) ;
#6755 = CARTESIAN_POINT ( 'NONE',  ( 13.42510299664341922, -2.607747690746919922, 0.000000000000000000 ) ) ;
#6756 = VECTOR ( 'NONE', #7610, 1000.000000000000000 ) ;
#6757 = CARTESIAN_POINT ( 'NONE',  ( -7.577720000373640907, -9.126433365741181802, 8.000000000000000000 ) ) ;
#6758 = EDGE_CURVE ( 'NONE', #6799, #4248, #644, .T. ) ;
#6759 = ORIENTED_EDGE ( 'NONE', *, *, #4018, .F. ) ;
#6760 = CARTESIAN_POINT ( 'NONE',  ( -6.630420918280039544, -11.58812316373727747, 0.000000000000000000 ) ) ;
#6761 = CARTESIAN_POINT ( 'NONE',  ( -12.83440038321941223, 2.790132082466584507, 8.000000000000000000 ) ) ;
#6762 = CARTESIAN_POINT ( 'NONE',  ( 9.844302869038513037, 8.855020039375149921, 8.000000000000000000 ) ) ;
#6763 = LINE ( 'NONE', #6888, #5312 ) ;
#6764 = CARTESIAN_POINT ( 'NONE',  ( 12.43077374740204100, -5.836552422531194217, 0.000000000000000000 ) ) ;
#6765 = CARTESIAN_POINT ( 'NONE',  ( 8.780096702351734450, 36.52206651421984418, -14.78370147676870161 ) ) ;
#6766 = FACE_OUTER_BOUND ( 'NONE', #4386, .T. ) ;
#6767 = CARTESIAN_POINT ( 'NONE',  ( -8.439220299577000262, -9.669723885497038651, 0.000000000000000000 ) ) ;
#6768 = ORIENTED_EDGE ( 'NONE', *, *, #5043, .T. ) ;
#6769 = CARTESIAN_POINT ( 'NONE',  ( -6.575057906251736028, 10.91417308631843142, 0.000000000000000000 ) ) ;
#6770 = CARTESIAN_POINT ( 'NONE',  ( -4.449236289362094254, 11.12353076645872108, 0.000000000000000000 ) ) ;
#6771 = CARTESIAN_POINT ( 'NONE',  ( 12.02849558169534916, 6.626067776682489807, 0.000000000000000000 ) ) ;
#6772 = CARTESIAN_POINT ( 'NONE',  ( -2.941794575437281178, 11.77637575328570385, 8.000000000000000000 ) ) ;
#6773 = CARTESIAN_POINT ( 'NONE',  ( 7.528806487654399859, 37.52915067695170848, 22.38598519979709778 ) ) ;
#6774 = B_SPLINE_CURVE_WITH_KNOTS ( 'NONE', 3,
 ( #1639, #8629, #1185, #3328, #7924, #7971, #6005, #616, #1281, #2000, #1909, #7837, #5868, #4589, #7369, #6574, #479, #523, #3846, #3377, #3890, #8539, #4686, #7277, #2660, #663, #1230, #8489, #3938 ),
 .UNSPECIFIED., .F., .F.,
 ( 4, 1, 1, 1, 1, 1, 1, 1, 1, 1, 1, 1, 1, 1, 1, 1, 1, 1, 1, 1, 1, 1, 1, 1, 1, 1, 4 ),
 ( 0.000000000000000000, 0.1659160033276295687, 0.1709059215442318980, 0.1766635194393566533, 0.1831887970181514946, 0.1904817542841363842, 0.1985423912398269763, 0.2073707078870824505, 0.2169667042273148994, 0.2273303802616239988, 0.2384617359908808298, 0.2503607714157882747, 0.2630274865369212067, 0.2764618813547564669, 0.2906639558696927361, 0.3056337100820685215, 0.3213711439921715929, 0.3378762576002503071, 0.3551490509065193812, 0.3731895239111665541, 0.3919976766143570268, 0.4115735090162354615, 0.4319170211169303109, 0.4530282129165571492, 0.4749070844152180060, 0.4975536356130059734, 0.5074316978669453082 ),
 .UNSPECIFIED. ) ;
#6775 = CARTESIAN_POINT ( 'NONE',  ( 4.668788839230941790, -11.41672744483948598, 0.000000000000000000 ) ) ;
#6776 = ORIENTED_EDGE ( 'NONE', *, *, #3749, .T. ) ;
#6777 = DIRECTION ( 'NONE',  ( -0.6952987775432851736, 0.000000000000000000, 0.7187208150226437331 ) ) ;
#6778 = DIRECTION ( 'NONE',  ( -0.6952987775432849515, 0.000000000000000000, -0.7187208150226440662 ) ) ;
#6779 = CARTESIAN_POINT ( 'NONE',  ( 8.439220299576927431, 9.669723885497100824, -5.204170427930421283E-15 ) ) ;
#6780 = EDGE_CURVE ( 'NONE', #3498, #7752, #5037, .T. ) ;
#6781 = CARTESIAN_POINT ( 'NONE',  ( -11.63207506770849875, 53.13199924803154062, -13.61616680320316952 ) ) ;
#6782 = CARTESIAN_POINT ( 'NONE',  ( -1.709570872969507382, 13.62596226217982753, 0.000000000000000000 ) ) ;
#6783 = CARTESIAN_POINT ( 'NONE',  ( 9.699971161947072318, -6.186699299581352562, 0.000000000000000000 ) ) ;
#6784 = CARTESIAN_POINT ( 'NONE',  ( 5.115945187291488061, 11.87581303661968235, 8.000000000000000000 ) ) ;
#6785 = VERTEX_POINT ( 'NONE', #7515 ) ;
#6786 = DIRECTION ( 'NONE',  ( -0.7164438088153721740, 0.1134735516832018204, 0.6883545756937496929 ) ) ;
#6787 = DIRECTION ( 'NONE',  ( -1.000000000000000000, 0.000000000000000000, 0.000000000000000000 ) ) ;
#6788 = CARTESIAN_POINT ( 'NONE',  ( 6.473761040516294862, 10.41722559423742567, -5.204170427930421283E-15 ) ) ;
#6789 = EDGE_CURVE ( 'NONE', #5407, #1197, #2510, .T. ) ;
#6790 = LINE ( 'NONE', #74, #2799 ) ;
#6791 = DIRECTION ( 'NONE',  ( 0.7147974065165857427, 0.3182483095653312333, 0.6227219934256151834 ) ) ;
#6792 = CARTESIAN_POINT ( 'NONE',  ( 4.965029436117591288, -11.73452356626236792, 0.000000000000000000 ) ) ;
#6793 = CARTESIAN_POINT ( 'NONE',  ( -2.817469215210187006, -12.72257526253006787, 8.000000000000000000 ) ) ;
#6794 = ORIENTED_EDGE ( 'NONE', *, *, #1770, .F. ) ;
#6795 = CARTESIAN_POINT ( 'NONE',  ( -12.22597347346769681, 2.908682420983862649, 0.000000000000000000 ) ) ;
#6796 = ORIENTED_EDGE ( 'NONE', *, *, #7105, .F. ) ;
#6797 = CARTESIAN_POINT ( 'NONE',  ( -12.10906341627276994, 0.8412873393389606047, 8.000000000000000000 ) ) ;
#6798 = DIRECTION ( 'NONE',  ( 0.9135454576426005335, 0.4067366430758008189, 0.000000000000000000 ) ) ;
#6799 = VERTEX_POINT ( 'NONE', #5629 ) ;
#6800 = CARTESIAN_POINT ( 'NONE',  ( -6.619621129381116020, -11.34404188716891859, 0.000000000000000000 ) ) ;
#6801 = CARTESIAN_POINT ( 'NONE',  ( -12.04862852623659997, 6.625183064395859134, 8.000000000000000000 ) ) ;
#6802 = CARTESIAN_POINT ( 'NONE',  ( 9.757522586729452385, 8.636712746112591432, 8.000000000000000000 ) ) ;
#6803 = CARTESIAN_POINT ( 'NONE',  ( -2.933454507433566061, 11.98057174878963238, 8.000000000000000000 ) ) ;
#6804 = CARTESIAN_POINT ( 'NONE',  ( 6.626067776682448951, -12.02849558169537048, 0.000000000000000000 ) ) ;
#6805 = FACE_OUTER_BOUND ( 'NONE', #5778, .T. ) ;
#6806 = CARTESIAN_POINT ( 'NONE',  ( 8.988499347771151449, -6.231836464888791838, 0.000000000000000000 ) ) ;
#6807 = CARTESIAN_POINT ( 'NONE',  ( -7.577720000373640907, -9.126433365741181802, 0.000000000000000000 ) ) ;
#6808 = APPLICATION_PROTOCOL_DEFINITION ( 'international standard', 'config_control_design', 1994, #1374 ) ;
#6809 = ORIENTED_EDGE ( 'NONE', *, *, #1003, .F. ) ;
#6810 = CARTESIAN_POINT ( 'NONE',  ( -6.436913140481723694, 10.29093438073245714, 0.000000000000000000 ) ) ;
#6811 = CARTESIAN_POINT ( 'NONE',  ( -4.965029436117507800, 11.73452356626240523, 8.000000000000000000 ) ) ;
#6812 = CYLINDRICAL_SURFACE ( 'NONE', #261, 13.75000000000000000 ) ;
#6813 = CARTESIAN_POINT ( 'NONE',  ( 12.05785317090581010, 2.927269694296203095, 8.000000000000000000 ) ) ;
#6814 = CARTESIAN_POINT ( 'NONE',  ( 5.781365353078184555, -12.39393210983936378, 0.000000000000000000 ) ) ;
#6815 = VERTEX_POINT ( 'NONE', #5451 ) ;
#6816 = CARTESIAN_POINT ( 'NONE',  ( -8.105411651555828101, 9.497099640846666802, 0.000000000000000000 ) ) ;
#6817 = CARTESIAN_POINT ( 'NONE',  ( -11.01428446989498333, -6.588591420233511187, 8.000000000000000000 ) ) ;
#6818 = DIRECTION ( 'NONE',  ( -0.6845280282702553842, -0.3047715140836109726, -0.6622202826217419291 ) ) ;
#6819 = CARTESIAN_POINT ( 'NONE',  ( -2.708699257713637287, -10.80883218877870888, 0.000000000000000000 ) ) ;
#6820 = CARTESIAN_POINT ( 'NONE',  ( 8.493194851569102255, 35.57257415681349499, -14.31817620094477661 ) ) ;
#6821 = CARTESIAN_POINT ( 'NONE',  ( 10.81899503309362487, -6.560248542579958375, 0.000000000000000000 ) ) ;
#6822 = CARTESIAN_POINT ( 'NONE',  ( 4.965029436117344375, 11.73452356626246917, 8.000000000000000000 ) ) ;
#6823 = ORIENTED_EDGE ( 'NONE', *, *, #2576, .F. ) ;
#6824 = CARTESIAN_POINT ( 'NONE',  ( 9.126433365741213777, -7.577720000373604492, 8.000000000000000000 ) ) ;
#6825 = CARTESIAN_POINT ( 'NONE',  ( 10.02415449855997132, -9.411632514553458506, 0.000000000000000000 ) ) ;
#6826 = CARTESIAN_POINT ( 'NONE',  ( 6.186699299581317923, 9.699971161947093634, 8.000000000000000000 ) ) ;
#6827 = CARTESIAN_POINT ( 'NONE',  ( -1.377525651863733547, -13.16905850672525169, 0.000000000000000000 ) ) ;
#6828 = CARTESIAN_POINT ( 'NONE',  ( -0.8857088747961671116, -12.23289380645680424, 8.000000000000000000 ) ) ;
#6829 = DIRECTION ( 'NONE',  ( 0.000000000000000000, -0.000000000000000000, -1.000000000000000000 ) ) ;
#6830 = CARTESIAN_POINT ( 'NONE',  ( -2.880586703536519355, -12.41180006574749939, 8.000000000000000000 ) ) ;
#6831 = CARTESIAN_POINT ( 'NONE',  ( 13.57387004037417455, -1.668469543058079596, 8.000000000000000000 ) ) ;
#6832 = EDGE_LOOP ( 'NONE', ( #8028, #5523 ) ) ;
#6833 = VECTOR ( 'NONE', #3144, 1000.000000000000000 ) ;
#6834 = CARTESIAN_POINT ( 'NONE',  ( -12.37227591337642707, 0.9420826277741136678, 8.000000000000000000 ) ) ;
#6835 = CARTESIAN_POINT ( 'NONE',  ( -11.05183112916331645, 4.404384806714092271, 0.000000000000000000 ) ) ;
#6836 = ADVANCED_FACE ( 'NONE', ( #5580 ), #6864, .T. ) ;
#6837 = EDGE_LOOP ( 'NONE', ( #1309, #5483, #4362, #1344 ) ) ;
#6838 = CARTESIAN_POINT ( 'NONE',  ( -6.544354946388659222, -10.72875944066948506, 0.000000000000000000 ) ) ;
#6839 = CARTESIAN_POINT ( 'NONE',  ( 5.038066446831024336, 11.80431640392021464, 0.000000000000000000 ) ) ;
#6840 = EDGE_CURVE ( 'NONE', #1429, #4535, #1251, .T. ) ;
#6841 = DIRECTION ( 'NONE',  ( 0.000000000000000000, -0.000000000000000000, -1.000000000000000000 ) ) ;
#6842 = ORIENTED_EDGE ( 'NONE', *, *, #6033, .F. ) ;
#6843 = CARTESIAN_POINT ( 'NONE',  ( 10.33666240664888747, -4.161888422927029652, 0.000000000000000000 ) ) ;
#6844 = AXIS2_PLACEMENT_3D ( 'NONE', #8379, #989, #6912 ) ;
#6845 = CARTESIAN_POINT ( 'NONE',  ( 8.704427730807783092, -6.622827502596191351, 8.000000000000000000 ) ) ;
#6846 = CARTESIAN_POINT ( 'NONE',  ( 6.626136714284753815, -11.46368139467871572, 8.000000000000000000 ) ) ;
#6847 = CARTESIAN_POINT ( 'NONE',  ( 11.77637575328573050, -2.941794575437159498, 8.000000000000000000 ) ) ;
#6848 = PERSON_AND_ORGANIZATION_ROLE ( 'classification_officer' ) ;
#6849 = VERTEX_POINT ( 'NONE', #814 ) ;
#6850 = CARTESIAN_POINT ( 'NONE',  ( -6.575057906251736028, 10.91417308631843142, 8.000000000000000000 ) ) ;
#6851 = CARTESIAN_POINT ( 'NONE',  ( -4.210990906299899805, 10.70664486910371060, 8.000000000000000000 ) ) ;
#6852 = CARTESIAN_POINT ( 'NONE',  ( 2.487026500013287400, 35.33623014963296782, 26.76154079729225188 ) ) ;
#6853 = CARTESIAN_POINT ( 'NONE',  ( -2.759358130927346942, 12.95019774290649650, 8.000000000000000000 ) ) ;
#6854 = CARTESIAN_POINT ( 'NONE',  ( 12.13967088095515301, 2.919073574173224994, 8.000000000000000000 ) ) ;
#6855 = CARTESIAN_POINT ( 'NONE',  ( -13.48577048812303580, -1.600954125870974964, -5.204170427930421283E-15 ) ) ;
#6856 = ORIENTED_EDGE ( 'NONE', *, *, #8006, .T. ) ;
#6857 = CARTESIAN_POINT ( 'NONE',  ( -12.95019774290648584, -2.759358130927394903, 8.000000000000000000 ) ) ;
#6858 = DIRECTION ( 'NONE',  ( -0.000000000000000000, -0.000000000000000000, 1.000000000000000000 ) ) ;
#6859 = CARTESIAN_POINT ( 'NONE',  ( 8.181339682155837068, 9.539420412439032049, 8.000000000000000000 ) ) ;
#6860 = CARTESIAN_POINT ( 'NONE',  ( -6.625183064395903543, 12.04862852623657332, 8.000000000000000000 ) ) ;
#6861 = AXIS2_PLACEMENT_3D ( 'NONE', #4261, #4353, #2370 ) ;
#6862 = CARTESIAN_POINT ( 'NONE',  ( -11.20891349420030636, -4.507497455256148200, 8.000000000000000000 ) ) ;
#6863 = CARTESIAN_POINT ( 'NONE',  ( 12.04862852631981340, -6.625183064392114574, 8.000000000000000000 ) ) ;
#6864 = CYLINDRICAL_SURFACE ( 'NONE', #4194, 2.000000000000001332 ) ;
#6865 = CARTESIAN_POINT ( 'NONE',  ( -9.149886257342917162, 7.604022508570341898, 8.000000000000000000 ) ) ;
#6866 = LINE ( 'NONE', #5174, #4030 ) ;
#6867 = CARTESIAN_POINT ( 'NONE',  ( -0.2543429528593335043, 32.64920006932834440, 19.28189397440806374 ) ) ;
#6868 = CARTESIAN_POINT ( 'NONE',  ( 6.527568552595998774, 10.64346975476073709, 8.000000000000000000 ) ) ;
#6869 = EDGE_CURVE ( 'NONE', #5288, #6639, #6875, .T. ) ;
#6870 = VECTOR ( 'NONE', #4193, 1000.000000000000000 ) ;
#6871 = B_SPLINE_CURVE_WITH_KNOTS ( 'NONE', 3,
 ( #7442, #2032, #3540, #7357, #1410, #6087, #7521, #3451, #8173, #7481, #75, #6828, #4103, #2119, #8713, #124, #2160, #6749, #4802, #4715, #2820, #3494, #4843, #7398, #1490, #4180, #6873, #2772, #823 ),
 .UNSPECIFIED., .F., .F.,
 ( 4, 1, 1, 1, 1, 1, 1, 1, 1, 1, 1, 1, 1, 1, 1, 1, 1, 1, 1, 1, 1, 1, 1, 1, 1, 1, 4 ),
 ( 0.000000000000000000, 0.1659160033276295965, 0.1709059215442318702, 0.1766635194393565977, 0.1831887970181514669, 0.1904817542841364120, 0.1985423912398269763, 0.2073707078870824227, 0.2169667042273148716, 0.2273303802616240543, 0.2384617359908808021, 0.2503607714157882191, 0.2630274865369212067, 0.2764618813547564669, 0.2906639558696927361, 0.3056337100820685215, 0.3213711439921715929, 0.3378762576002502516, 0.3551490509065193812, 0.3731895239111665541, 0.3919976766143570268, 0.4115735090162354615, 0.4319170211169303109, 0.4530282129165571492, 0.4749070844152180060, 0.4975536356130058624, 0.5074316978669450862 ),
 .UNSPECIFIED. ) ;
#6872 = DIRECTION ( 'NONE',  ( -0.5877852522924770229, 0.8090169943749445647, 0.000000000000000000 ) ) ;
#6873 = CARTESIAN_POINT ( 'NONE',  ( -1.668469543058222149, -13.57387004037415856, 8.000000000000000000 ) ) ;
#6874 = CARTESIAN_POINT ( 'NONE',  ( 5.836552422577571342, -12.43077374743275598, 0.000000000000000000 ) ) ;
#6875 = CIRCLE ( 'NONE', #4335, 10.93750000000000000 ) ;
#6876 = CARTESIAN_POINT ( 'NONE',  ( 0.000000000000000000, 0.000000000000000000, 8.000000000000000000 ) ) ;
#6877 = CARTESIAN_POINT ( 'NONE',  ( 12.05320353502386688, -0.8231400688184353776, 8.000000000000000000 ) ) ;
#6878 = ORIENTED_EDGE ( 'NONE', *, *, #8699, .F. ) ;
#6879 = AXIS2_PLACEMENT_3D ( 'NONE', #5516, #213, #7534 ) ;
#6880 = CARTESIAN_POINT ( 'NONE',  ( -12.16898868378441989, 0.8620871873791865481, 8.000000000000000000 ) ) ;
#6881 = CARTESIAN_POINT ( 'NONE',  ( -11.66659828334868187, 4.896733499129055645, 8.000000000000000000 ) ) ;
#6882 = CIRCLE ( 'NONE', #1807, 1.000000000000001554 ) ;
#6883 = EDGE_CURVE ( 'NONE', #7445, #6982, #1953, .T. ) ;
#6884 = VERTEX_POINT ( 'NONE', #1403 ) ;
#6885 = CARTESIAN_POINT ( 'NONE',  ( -6.631537913675454199, -11.85123473191542764, 0.000000000000000000 ) ) ;
#6886 = CARTESIAN_POINT ( 'NONE',  ( 0.000000000000000000, 0.000000000000000000, 8.000000000000000000 ) ) ;
#6887 = CARTESIAN_POINT ( 'NONE',  ( -8.704427730807687169, -6.622827502596316585, 8.000000000000000000 ) ) ;
#6888 = CARTESIAN_POINT ( 'NONE',  ( 12.04862852623664615, -6.625183064395769428, 8.000000000000000000 ) ) ;
#6889 = VERTEX_POINT ( 'NONE', #193 ) ;
#6890 = VECTOR ( 'NONE', #812, 1000.000000000000000 ) ;
#6891 = CARTESIAN_POINT ( 'NONE',  ( 11.13701600410305659, -2.886444749236957374, -5.204170427930421283E-15 ) ) ;
#6892 = DIRECTION ( 'NONE',  ( 0.000000000000000000, 0.000000000000000000, 1.000000000000000000 ) ) ;
#6893 = EDGE_CURVE ( 'NONE', #1500, #7023, #5462, .T. ) ;
#6894 = ORIENTED_EDGE ( 'NONE', *, *, #3212, .F. ) ;
#6895 = CARTESIAN_POINT ( 'NONE',  ( -6.588591420233475660, 11.01428446989500998, 0.000000000000000000 ) ) ;
#6896 = CARTESIAN_POINT ( 'NONE',  ( 12.04862852623650404, 6.625183064396031440, 0.000000000000000000 ) ) ;
#6897 = CARTESIAN_POINT ( 'NONE',  ( 2.862521721341851677, -12.51119373526725376, 8.000000000000000000 ) ) ;
#6898 = CARTESIAN_POINT ( 'NONE',  ( 7.089881167706805876, 36.98147699991448434, 21.58421669363119477 ) ) ;
#6899 = FACE_OUTER_BOUND ( 'NONE', #4401, .T. ) ;
#6900 = ADVANCED_FACE ( 'NONE', ( #4173 ), #3445, .F. ) ;
#6901 = DIRECTION ( 'NONE',  ( -0.1564344650402308967, -0.9876883405951376593, 0.000000000000000000 ) ) ;
#6902 = EDGE_LOOP ( 'NONE', ( #8529, #3190, #2424, #923 ) ) ;
#6903 = LINE ( 'NONE', #7428, #8394 ) ;
#6904 = CARTESIAN_POINT ( 'NONE',  ( -10.81899503309357691, 6.560248542580040088, 0.000000000000000000 ) ) ;
#6905 = CARTESIAN_POINT ( 'NONE',  ( 7.968244849358745441, 9.415217936710030600, -5.204170427930421283E-15 ) ) ;
#6906 = ORIENTED_EDGE ( 'NONE', *, *, #2183, .F. ) ;
#6907 = DIRECTION ( 'NONE',  ( 0.7147974065165857427, 0.3182483095653312333, -0.6227219934256151834 ) ) ;
#6908 = CARTESIAN_POINT ( 'NONE',  ( -12.33100786788146586, -5.689930116769362556, 8.000000000000000000 ) ) ;
#6909 = CARTESIAN_POINT ( 'NONE',  ( -8.988499347771060854, -6.231836464888920624, 8.000000000000000000 ) ) ;
#6910 = CARTESIAN_POINT ( 'NONE',  ( 5.286606996006814718, 12.02324651265887034, 8.000000000000000000 ) ) ;
#6911 = CARTESIAN_POINT ( 'NONE',  ( 6.619621129381029867, 11.34404188716896833, 8.000000000000000000 ) ) ;
#6912 = DIRECTION ( 'NONE',  ( 1.000000000000000000, 0.000000000000000000, 0.000000000000000000 ) ) ;
#6913 = FACE_OUTER_BOUND ( 'NONE', #2469, .T. ) ;
#6914 = CARTESIAN_POINT ( 'NONE',  ( -0.2416457505997640642, -10.93483029503508597, 8.000000000000000000 ) ) ;
#6915 = CARTESIAN_POINT ( 'NONE',  ( -1.709570872969507382, -13.62596226217982753, 0.000000000000000000 ) ) ;
#6916 = CARTESIAN_POINT ( 'NONE',  ( 2.927269694296160907, -12.05785317090582076, 0.000000000000000000 ) ) ;
#6917 = CARTESIAN_POINT ( 'NONE',  ( 6.631537913675626505, -11.85123473191533172, 0.000000000000000000 ) ) ;
#6918 = CARTESIAN_POINT ( 'NONE',  ( -10.02415449855990204, 9.411632514553534890, 8.000000000000000000 ) ) ;
#6919 = CARTESIAN_POINT ( 'NONE',  ( 11.48389212362418910, -0.6963551242056464918, 8.000000000000000000 ) ) ;
#6920 = ORIENTED_EDGE ( 'NONE', *, *, #309, .T. ) ;
#6921 = CARTESIAN_POINT ( 'NONE',  ( -10.47431425022860374, 3.149229626028895446, 8.000000000000000000 ) ) ;
#6922 = CARTESIAN_POINT ( 'NONE',  ( -12.33100786788150849, 5.689930116769273738, 0.000000000000000000 ) ) ;
#6923 = DIRECTION ( 'NONE',  ( 0.000000000000000000, 0.000000000000000000, 1.000000000000000000 ) ) ;
#6924 = ORIENTED_EDGE ( 'NONE', *, *, #8209, .T. ) ;
#6925 = LINE ( 'NONE', #2782, #6036 ) ;
#6926 = FACE_OUTER_BOUND ( 'NONE', #8640, .T. ) ;
#6927 = CARTESIAN_POINT ( 'NONE',  ( -8.910824769024536351, 34.02025209696119390, 27.59898569081178366 ) ) ;
#6928 = CARTESIAN_POINT ( 'NONE',  ( 11.58812316373715845, 6.630420918280245601, 0.000000000000000000 ) ) ;
#6929 = CARTESIAN_POINT ( 'NONE',  ( 2.929367628693851699, -11.49488719732982744, 0.000000000000000000 ) ) ;
#6930 = CARTESIAN_POINT ( 'NONE',  ( 12.22597347346771457, -2.908682420983779160, -5.204170427930421283E-15 ) ) ;
#6931 = EDGE_LOOP ( 'NONE', ( #7239, #6499 ) ) ;
#6932 = CARTESIAN_POINT ( 'NONE',  ( -6.632284204934435934, 11.71732392095623609, 8.000000000000000000 ) ) ;
#6933 = CARTESIAN_POINT ( 'NONE',  ( -10.02415449855990204, 9.411632514553531337, 0.000000000000000000 ) ) ;
#6934 = CARTESIAN_POINT ( 'NONE',  ( 2.607747690747154845, -13.42510299664337658, 8.000000000000000000 ) ) ;
#6935 = EDGE_CURVE ( 'NONE', #8053, #3181, #4095, .T. ) ;
#6936 = CARTESIAN_POINT ( 'NONE',  ( 3.711973503739859126, 38.07088425068687343, 19.24860397213440066 ) ) ;
#6937 = CARTESIAN_POINT ( 'NONE',  ( 6.351831575497295823, 37.50188924260015710, 20.86671300256720940 ) ) ;
#6938 = CARTESIAN_POINT ( 'NONE',  ( -11.95399604505280244, -0.7941151212463930520, -5.204170427930421283E-15 ) ) ;
#6939 = ORIENTED_EDGE ( 'NONE', *, *, #7533, .F. ) ;
#6940 = CARTESIAN_POINT ( 'NONE',  ( -10.29093438073247846, 6.436913140481685502, 0.000000000000000000 ) ) ;
#6941 = CARTESIAN_POINT ( 'NONE',  ( -10.48771353560525732, 6.492081297254431504, 0.000000000000000000 ) ) ;
#6942 = CARTESIAN_POINT ( 'NONE',  ( 2.487026500013279406, 35.33623014963297493, -18.76154079729224833 ) ) ;
#6943 = ADVANCED_FACE ( 'NONE', ( #4835 ), #3610, .F. ) ;
#6944 = ORIENTED_EDGE ( 'NONE', *, *, #1536, .F. ) ;
#6945 = CARTESIAN_POINT ( 'NONE',  ( -6.628700411334685683, -11.96219333343621116, 0.000000000000000000 ) ) ;
#6946 = ADVANCED_FACE ( 'NONE', ( #4752 ), #4524, .T. ) ;
#6947 = CARTESIAN_POINT ( 'NONE',  ( 0.000000000000000000, 0.000000000000000000, 0.000000000000000000 ) ) ;
#6948 = EDGE_CURVE ( 'NONE', #3181, #7579, #5793, .T. ) ;
#6949 = CARTESIAN_POINT ( 'NONE',  ( -10.56312374806390864, -6.510080463201399326, 8.000000000000000000 ) ) ;
#6950 = CARTESIAN_POINT ( 'NONE',  ( 5.853360337646515532, -12.44189184801357584, 8.000000000000000000 ) ) ;
#6951 = CARTESIAN_POINT ( 'NONE',  ( -9.886832010614797994, 8.972047302895393983, 8.000000000000000000 ) ) ;
#6952 = CARTESIAN_POINT ( 'NONE',  ( 3.711973503739855129, 38.07088425068686632, -11.24860397213439356 ) ) ;
#6953 = CARTESIAN_POINT ( 'NONE',  ( 4.131439932012003879, 37.87800315634559922, 22.18705913416912168 ) ) ;
#6954 = CARTESIAN_POINT ( 'NONE',  ( 6.473761040516294862, 10.41722559423742567, 8.000000000000000000 ) ) ;
#6955 = CARTESIAN_POINT ( 'NONE',  ( -12.44755643926126254, 0.9751606640714993723, 0.000000000000000000 ) ) ;
#6956 = CARTESIAN_POINT ( 'NONE',  ( 2.644734409371096717, -13.32045193209907907, 0.000000000000000000 ) ) ;
#6957 = CARTESIAN_POINT ( 'NONE',  ( 5.581155335977028287, -12.25290083038833089, 8.000000000000000000 ) ) ;
#6958 = CARTESIAN_POINT ( 'NONE',  ( 12.43077374740191843, 5.836552422531454454, 8.000000000000000000 ) ) ;
#6959 = DIRECTION ( 'NONE',  ( 0.6845280282702556063, 0.3047715140836105840, 0.6622202826217419291 ) ) ;
#6960 = EDGE_LOOP ( 'NONE', ( #8451, #5909, #4908, #5192 ) ) ;
#6961 = CARTESIAN_POINT ( 'NONE',  ( -11.95399604505280244, -0.7941151212463930520, 8.000000000000000000 ) ) ;
#6962 = CARTESIAN_POINT ( 'NONE',  ( -10.70664486910372304, 4.210990906299862502, 0.000000000000000000 ) ) ;
#6963 = CARTESIAN_POINT ( 'NONE',  ( 6.158172100935702886, 36.97072947910788798, -15.56328757768009474 ) ) ;
#6964 = ORIENTED_EDGE ( 'NONE', *, *, #4188, .T. ) ;
#6965 = VECTOR ( 'NONE', #39, 1000.000000000000114 ) ;
#6966 = CARTESIAN_POINT ( 'NONE',  ( -0.7828886122849474383, -11.91079326901029134, 0.000000000000000000 ) ) ;
#6967 = CARTESIAN_POINT ( 'NONE',  ( 4.914015522382682910, 11.68378651401949320, 0.000000000000000000 ) ) ;
#6968 = CARTESIAN_POINT ( 'NONE',  ( 10.81899503309362487, -6.560248542579958375, 8.000000000000000000 ) ) ;
#6969 = CARTESIAN_POINT ( 'NONE',  ( 12.02324651265885258, -5.286606996006857351, 8.000000000000000000 ) ) ;
#6970 = CARTESIAN_POINT ( 'NONE',  ( 2.759358130927438868, -12.95019774290647341, 8.000000000000000000 ) ) ;
#6971 = CARTESIAN_POINT ( 'NONE',  ( 12.72257526253007498, -2.817469215210147926, -5.204170427930421283E-15 ) ) ;
#6972 = EDGE_CURVE ( 'NONE', #1097, #1691, #5670, .T. ) ;
#6973 = B_SPLINE_CURVE_WITH_KNOTS ( 'NONE', 3,
 ( #7663, #5069, #2473, #3140, #1632, #7751, #6397, #5777, #5688, #347, #8444, #7707, #6968, #8354, #7015, #2432, #965, #5647, #3679, #1727, #1684, #7059, #3051, #1590, #6356, #3755, #5106, #5732, #8399 ),
 .UNSPECIFIED., .F., .F.,
 ( 4, 1, 1, 1, 1, 1, 1, 1, 1, 1, 1, 1, 1, 1, 1, 1, 1, 1, 1, 1, 1, 1, 1, 1, 1, 1, 4 ),
 ( 0.4925683021330554689, 0.5024463643869940821, 0.5250929155847819940, 0.5469717870834428508, 0.5680829788830696891, 0.5884264909837645385, 0.6080023233856429732, 0.6268104760888334459, 0.6448509490934806188, 0.6621237423997496929, 0.6786288560078284071, 0.6943662899179314785, 0.7093360441303072639, 0.7235381186452435331, 0.7369725134630787933, 0.7496392285842117253, 0.7615382640091191702, 0.7726696197383760012, 0.7830332957726851006, 0.7926292921129175495, 0.8014576087601730237, 0.8095182457158636158, 0.8168112029818485054, 0.8233364805606433467, 0.8290940784557681020, 0.8340839966723704313, 1.000000000000000000 ),
 .UNSPECIFIED. ) ;
#6974 = VERTEX_POINT ( 'NONE', #2454 ) ;
#6975 = CARTESIAN_POINT ( 'NONE',  ( -8.348190801685211326, 9.625916629980727279, 0.000000000000000000 ) ) ;
#6976 = LINE ( 'NONE', #884, #529 ) ;
#6977 = CARTESIAN_POINT ( 'NONE',  ( -2.880586703536519355, -12.41180006574749939, 8.000000000000000000 ) ) ;
#6978 = VERTEX_POINT ( 'NONE', #7731 ) ;
#6979 = CARTESIAN_POINT ( 'NONE',  ( 6.779007343361180382, 36.95997401560035911, 19.56275944978388281 ) ) ;
#6980 = CARTESIAN_POINT ( 'NONE',  ( 8.371211251018888078, 35.83600007001177801, 22.32159254079653365 ) ) ;
#6981 = CARTESIAN_POINT ( 'NONE',  ( -13.62596226222339446, -1.709570873003933622, -5.204170427930421283E-15 ) ) ;
#6982 = VERTEX_POINT ( 'NONE', #366 ) ;
#6983 = CARTESIAN_POINT ( 'NONE',  ( -10.35164078446983815, 6.455308898419755970, 8.000000000000000000 ) ) ;
#6984 = CARTESIAN_POINT ( 'NONE',  ( -11.96219333340844670, 6.628700411335435305, 0.000000000000000000 ) ) ;
#6985 = CARTESIAN_POINT ( 'NONE',  ( 11.25643158326927740, -4.542018187747106417, 8.000000000000000000 ) ) ;
#6986 = EDGE_LOOP ( 'NONE', ( #6460, #1762, #5694, #6894 ) ) ;
#6987 = EDGE_CURVE ( 'NONE', #2697, #8527, #2324, .T. ) ;
#6988 = CARTESIAN_POINT ( 'NONE',  ( -6.626136714284590390, -11.46368139467881342, 0.000000000000000000 ) ) ;
#6989 = CARTESIAN_POINT ( 'NONE',  ( -8.972047302895431287, 9.886832010614767796, 8.000000000000000000 ) ) ;
#6990 = CARTESIAN_POINT ( 'NONE',  ( -11.11931436071733259, -6.600657436018188662, 8.000000000000000000 ) ) ;
#6991 = CARTESIAN_POINT ( 'NONE',  ( 4.425208852857871022, -11.08591166683798868, 8.000000000000000000 ) ) ;
#6992 = CARTESIAN_POINT ( 'NONE',  ( -9.234787594130803967, 7.707558585906848059, 8.000000000000000000 ) ) ;
#6993 = AXIS2_PLACEMENT_3D ( 'NONE', #2156, #4838, #2070 ) ;
#6994 = EDGE_CURVE ( 'NONE', #3441, #5606, #329, .T. ) ;
#6995 = CARTESIAN_POINT ( 'NONE',  ( 12.87548337994384973, 1.195724957047672010, 8.000000000000000000 ) ) ;
#6996 = DIRECTION ( 'NONE',  ( -0.1564344650402308967, -0.9876883405951376593, 0.000000000000000000 ) ) ;
#6997 = CARTESIAN_POINT ( 'NONE',  ( 11.87581303661955623, 5.115945187291778495, 0.000000000000000000 ) ) ;
#6998 = EDGE_CURVE ( 'NONE', #5953, #1274, #3699, .T. ) ;
#6999 = CIRCLE ( 'NONE', #3205, 13.75000000000000000 ) ;
#7000 = CARTESIAN_POINT ( 'NONE',  ( -12.44755643926126254, 0.9751606640714993723, 8.000000000000000000 ) ) ;
#7001 = CARTESIAN_POINT ( 'NONE',  ( 8.743249532614955299, -9.801135538539412551, 0.000000000000000000 ) ) ;
#7002 = CARTESIAN_POINT ( 'NONE',  ( 6.899215777444464237, 36.20291928736450160, -15.27304976412853676 ) ) ;
#7003 = CARTESIAN_POINT ( 'NONE',  ( -11.83979557596824783, 2.940530670474199137, 8.000000000000000000 ) ) ;
#7004 = CARTESIAN_POINT ( 'NONE',  ( -8.544655887209717804, 7.152395453489324595, 0.000000000000000000 ) ) ;
#7005 = VERTEX_POINT ( 'NONE', #6378 ) ;
#7006 = CARTESIAN_POINT ( 'NONE',  ( -12.00148937107102398, -0.8074739252556699665, 8.000000000000000000 ) ) ;
#7007 = CARTESIAN_POINT ( 'NONE',  ( 9.234787594130864363, -7.707558585906779669, -5.204170427930421283E-15 ) ) ;
#7008 = DIRECTION ( 'NONE',  ( -0.000000000000000000, 0.000000000000000000, -1.000000000000000000 ) ) ;
#7009 = CARTESIAN_POINT ( 'NONE',  ( -5.286606996006893766, -12.02324651265883482, 8.000000000000000000 ) ) ;
#7010 = CIRCLE ( 'NONE', #7993, 10.93750000000000178 ) ;
#7011 = ORIENTED_EDGE ( 'NONE', *, *, #8711, .T. ) ;
#7012 = VECTOR ( 'NONE', #1867, 1000.000000000000114 ) ;
#7013 = CARTESIAN_POINT ( 'NONE',  ( -0.7941151212463513076, -11.95399604505280600, 0.000000000000000000 ) ) ;
#7014 = CARTESIAN_POINT ( 'NONE',  ( -8.181339682155909898, -9.539420412438971653, 0.000000000000000000 ) ) ;
#7015 = CARTESIAN_POINT ( 'NONE',  ( 10.64346975476071577, -6.527568552596036078, 8.000000000000000000 ) ) ;
#7016 = CARTESIAN_POINT ( 'NONE',  ( 0.000000000000000000, 0.000000000000000000, 8.000000000000000000 ) ) ;
#7017 = DIRECTION ( 'NONE',  ( -0.6049683311478916137, -0.2693492547302754336, -0.7493092133988346060 ) ) ;
#7018 = ORIENTED_EDGE ( 'NONE', *, *, #4286, .F. ) ;
#7019 = AXIS2_PLACEMENT_3D ( 'NONE', #108, #2807, #8160 ) ;
#7020 = B_SPLINE_CURVE_WITH_KNOTS ( 'NONE', 3,
 ( #3189, #7144, #1096, #5865, #5199, #519, #1863, #7713, #4544, #3888, #5693, #8358, #2347, #1690, #2565, #6051, #8674, #614, #5242, #3977, #2739, #2082, #6094, #5378, #2702, #8055, #3282, #40, #5421 ),
 .UNSPECIFIED., .F., .F.,
 ( 4, 1, 1, 1, 1, 1, 1, 1, 1, 1, 1, 1, 1, 1, 1, 1, 1, 1, 1, 1, 1, 1, 1, 1, 1, 1, 4 ),
 ( 0.000000000000000000, 0.1659160033276295687, 0.1709059215442318980, 0.1766635194393566533, 0.1831887970181514946, 0.1904817542841363842, 0.1985423912398269763, 0.2073707078870824505, 0.2169667042273148994, 0.2273303802616239988, 0.2384617359908808298, 0.2503607714157882747, 0.2630274865369212067, 0.2764618813547564669, 0.2906639558696927361, 0.3056337100820685215, 0.3213711439921715929, 0.3378762576002503071, 0.3551490509065193812, 0.3731895239111665541, 0.3919976766143570268, 0.4115735090162354615, 0.4319170211169303109, 0.4530282129165571492, 0.4749070844152180060, 0.4975536356130059734, 0.5074316978669445311 ),
 .UNSPECIFIED. ) ;
#7021 = CIRCLE ( 'NONE', #391, 1.000000000000002665 ) ;
#7022 = CARTESIAN_POINT ( 'NONE',  ( 12.61481170127152751, -2.841541163097917710, -5.204170427930421283E-15 ) ) ;
#7023 = VERTEX_POINT ( 'NONE', #8376 ) ;
#7024 = CARTESIAN_POINT ( 'NONE',  ( -7.313425558786540215, 8.881356617214120064, 8.000000000000000000 ) ) ;
#7025 = LINE ( 'NONE', #180, #4204 ) ;
#7026 = CARTESIAN_POINT ( 'NONE',  ( -2.708699257713637287, -10.80883218877870888, 0.000000000000000000 ) ) ;
#7027 = VECTOR ( 'NONE', #824, 1000.000000000000000 ) ;
#7028 = CARTESIAN_POINT ( 'NONE',  ( 6.245121831020570724, 36.95015095508839664, 18.69361315976188820 ) ) ;
#7029 = CARTESIAN_POINT ( 'NONE',  ( 7.693124313041559859, 35.44672739851350229, 22.94061496168766823 ) ) ;
#7030 = CARTESIAN_POINT ( 'NONE',  ( -12.10906341627276284, -0.8412873393390452037, 8.000000000000000000 ) ) ;
#7031 = EDGE_LOOP ( 'NONE', ( #5729, #3889, #5283, #4947 ) ) ;
#7032 = CARTESIAN_POINT ( 'NONE',  ( -12.02849558175090117, 6.626067776680113930, 0.000000000000000000 ) ) ;
#7033 = DIRECTION ( 'NONE',  ( -0.000000000000000000, 0.000000000000000000, -1.000000000000000000 ) ) ;
#7034 = CARTESIAN_POINT ( 'NONE',  ( 11.08591166683806684, -4.425208852857677400, 0.000000000000000000 ) ) ;
#7035 = CIRCLE ( 'NONE', #7702, 10.93750000000000178 ) ;
#7036 = EDGE_LOOP ( 'NONE', ( #5452, #6195, #6759, #8305 ) ) ;
#7037 = CARTESIAN_POINT ( 'NONE',  ( -6.588591420233394835, -11.01428446989504906, 0.000000000000000000 ) ) ;
#7038 = LINE ( 'NONE', #3778, #1966 ) ;
#7039 = CARTESIAN_POINT ( 'NONE',  ( -12.04862852623655378, -6.625183064395943511, 8.000000000000000000 ) ) ;
#7040 = CARTESIAN_POINT ( 'NONE',  ( 5.115945187291737639, -11.87581303661957399, 8.000000000000000000 ) ) ;
#7041 = CARTESIAN_POINT ( 'NONE',  ( -9.338196514606226017, 7.850195268865149956, 8.000000000000000000 ) ) ;
#7042 = CARTESIAN_POINT ( 'NONE',  ( 2.445236339688622529, 34.61597430794634533, 26.69378740028921015 ) ) ;
#7043 = LINE ( 'NONE', #7688, #4186 ) ;
#7044 = CARTESIAN_POINT ( 'NONE',  ( 12.09884006967979531, 5.379567626064940988, 0.000000000000000000 ) ) ;
#7045 = CARTESIAN_POINT ( 'NONE',  ( -13.06843834723478182, 1.312474532673041372, 0.000000000000000000 ) ) ;
#7046 = CARTESIAN_POINT ( 'NONE',  ( 9.411632514633874180, -10.02415449858202301, 0.000000000000000000 ) ) ;
#7047 = CARTESIAN_POINT ( 'NONE',  ( 5.878290929224315953, 37.84242781402051747, -12.79998161593968931 ) ) ;
#7048 = CARTESIAN_POINT ( 'NONE',  ( 11.73452356626235193, 4.965029436117633033, 8.000000000000000000 ) ) ;
#7049 = LINE ( 'NONE', #8345, #520 ) ;
#7050 = ORIENTED_EDGE ( 'NONE', *, *, #3127, .T. ) ;
#7051 = CARTESIAN_POINT ( 'NONE',  ( -12.37227591337641996, -0.9420826277741997101, 8.000000000000000000 ) ) ;
#7052 = EDGE_CURVE ( 'NONE', #5820, #1977, #7035, .T. ) ;
#7053 = CARTESIAN_POINT ( 'NONE',  ( 9.301941798724861599, -7.798144649837091436, -5.204170427930421283E-15 ) ) ;
#7054 = CARTESIAN_POINT ( 'NONE',  ( 7.750629585191585846, 9.267416903472033951, 8.000000000000000000 ) ) ;
#7055 = CARTESIAN_POINT ( 'NONE',  ( -4.773939382172911472, -11.53698844606708640, 8.000000000000000000 ) ) ;
#7056 = ORIENTED_EDGE ( 'NONE', *, *, #3075, .T. ) ;
#7057 = CARTESIAN_POINT ( 'NONE',  ( -1.668469543058222149, -13.57387004037415856, 0.000000000000000000 ) ) ;
#7058 = CARTESIAN_POINT ( 'NONE',  ( 8.303522130999127171, 35.92843022004706199, 21.39776112349400705 ) ) ;
#7059 = CARTESIAN_POINT ( 'NONE',  ( 10.18403012388279549, -6.401038329813871108, 8.000000000000000000 ) ) ;
#7060 = CARTESIAN_POINT ( 'NONE',  ( 1.521639563755415203, -13.37787302532245448, 8.000000000000000000 ) ) ;
#7061 = CARTESIAN_POINT ( 'NONE',  ( 2.941792002709121778, -11.71764203423209771, 0.000000000000000000 ) ) ;
#7062 = CARTESIAN_POINT ( 'NONE',  ( 10.47431425022862150, -3.149229626028823059, 8.000000000000000000 ) ) ;
#7063 = EDGE_LOOP ( 'NONE', ( #1039, #1821, #7334, #423 ) ) ;
#7064 = CARTESIAN_POINT ( 'NONE',  ( -7.634358818669860547, 9.175863790627238004, 0.000000000000000000 ) ) ;
#7065 = CARTESIAN_POINT ( 'NONE',  ( -12.02324651265878153, -5.286606996007026105, 8.000000000000000000 ) ) ;
#7066 = CARTESIAN_POINT ( 'NONE',  ( -6.628700411335394449, -11.96219333340846624, 8.000000000000000000 ) ) ;
#7067 = CARTESIAN_POINT ( 'NONE',  ( 12.44189184805948400, 5.853360337715992401, 8.000000000000000000 ) ) ;
#7068 = CARTESIAN_POINT ( 'NONE',  ( 7.667290101404759639, 36.65116179964987708, 21.13949352698178430 ) ) ;
#7069 = CARTESIAN_POINT ( 'NONE',  ( 5.442181259654649494, 53.53793983577948268, -9.043598091517251802 ) ) ;
#7070 = CARTESIAN_POINT ( 'NONE',  ( -10.72875944066946019, 6.544354946388695637, 8.000000000000000000 ) ) ;
#7071 = CARTESIAN_POINT ( 'NONE',  ( -4.580317944817310583, -11.30699639290210357, 0.000000000000000000 ) ) ;
#7072 = CARTESIAN_POINT ( 'NONE',  ( 11.47561408673064420, -4.719217338362103220, 0.000000000000000000 ) ) ;
#7073 = VERTEX_POINT ( 'NONE', #8425 ) ;
#7074 = CARTESIAN_POINT ( 'NONE',  ( -6.338109664291160961, -10.02706299306011140, 8.000000000000000000 ) ) ;
#7075 = CARTESIAN_POINT ( 'NONE',  ( 8.544655887209394507, 7.152395453489337029, 0.000000000000000000 ) ) ;
#7076 = LINE ( 'NONE', #1028, #6178 ) ;
#7077 = CARTESIAN_POINT ( 'NONE',  ( 5.689930116769404300, -12.33100786788144276, 8.000000000000000000 ) ) ;
#7078 = CARTESIAN_POINT ( 'NONE',  ( -3.720165304744937007, 42.42433680949698527, 24.15497710174620138 ) ) ;
#7079 = CARTESIAN_POINT ( 'NONE',  ( 2.564797885779425801, 35.37085620067409764, -7.449836064059506491 ) ) ;
#7080 = CARTESIAN_POINT ( 'NONE',  ( -1.709570872969507604, 13.62596226217982753, 8.000000000000000000 ) ) ;
#7081 =( BOUNDED_CURVE ( )  B_SPLINE_CURVE ( 3, ( #7520, #3576, #4758, #6171 ),
 .UNSPECIFIED., .F., .F. ) 
 B_SPLINE_CURVE_WITH_KNOTS ( ( 4, 4 ),
 ( 4.981304559064152926, 6.142856751215831856 ),
 .UNSPECIFIED. ) 
 CURVE ( )  GEOMETRIC_REPRESENTATION_ITEM ( )  RATIONAL_B_SPLINE_CURVE ( ( 1.000000000000000000, 0.8906913858799022643, 0.8906913858799022643, 1.000000000000000000 ) ) 
 REPRESENTATION_ITEM ( '' )  );
#7082 = LINE ( 'NONE', #3784, #1669 ) ;
#7083 = CARTESIAN_POINT ( 'NONE',  ( 2.886444749237149221, -11.13701600410300507, 0.000000000000000000 ) ) ;
#7084 = CARTESIAN_POINT ( 'NONE',  ( 4.210990906299975300, -10.70664486910367863, 0.000000000000000000 ) ) ;
#7085 = CARTESIAN_POINT ( 'NONE',  ( 12.25290083038831490, 5.581155335977071807, 8.000000000000000000 ) ) ;
#7086 = CYLINDRICAL_SURFACE ( 'NONE', #807, 10.93750000000000178 ) ;
#7087 = VERTEX_POINT ( 'NONE', #2411 ) ;
#7088 = CARTESIAN_POINT ( 'NONE',  ( -13.57387004037416389, 1.668469543058175075, 8.000000000000000000 ) ) ;
#7089 = CARTESIAN_POINT ( 'NONE',  ( 4.710792934707739299, 38.40162550202076375, -12.17390826764827416 ) ) ;
#7090 = CARTESIAN_POINT ( 'NONE',  ( 9.221936103763930248, 9.969200282348072761, 8.000000000000000000 ) ) ;
#7091 = CARTESIAN_POINT ( 'NONE',  ( -4.668788839230776588, -11.41672744483955171, 8.000000000000000000 ) ) ;
#7092 = ORIENTED_EDGE ( 'NONE', *, *, #6464, .F. ) ;
#7093 = ADVANCED_FACE ( 'NONE', ( #3781 ), #1789, .T. ) ;
#7094 = DIRECTION ( 'NONE',  ( 0.000000000000000000, 0.000000000000000000, 1.000000000000000000 ) ) ;
#7095 = CARTESIAN_POINT ( 'NONE',  ( 7.746916337997720170, 36.51031557186875887, 22.00583861557114318 ) ) ;
#7096 = B_SPLINE_SURFACE_WITH_KNOTS ( 'NONE', 3, 1, ( 
 ( #2273, #3600 ),
 ( #8328, #6981 ),
 ( #4951, #1602 ),
 ( #184, #6855 ),
 ( #5661, #3523 ),
 ( #7506, #8236 ),
 ( #2314, #6203 ),
 ( #147, #4290 ),
 ( #2184, #4338 ),
 ( #2844, #3561 ),
 ( #5529, #228 ),
 ( #8195, #2930 ),
 ( #8157, #930 ),
 ( #3647, #5570 ),
 ( #6240, #4865 ),
 ( #4991, #7675 ),
 ( #2225, #4247 ),
 ( #6369, #2802 ),
 ( #4207, #1645 ),
 ( #7030, #3691 ),
 ( #2143, #5490 ),
 ( #4907, #7591 ),
 ( #1564, #6938 ),
 ( #4826, #889 ),
 ( #356, #3195 ),
 ( #8546, #7153 ),
 ( #3895, #1699 ),
 ( #3850, #4382 ),
 ( #1778, #3811 ) ),
 .UNSPECIFIED., .F., .F., .F.,
 ( 4, 1, 1, 1, 1, 1, 1, 1, 1, 1, 1, 1, 1, 1, 1, 1, 1, 1, 1, 1, 1, 1, 1, 1, 1, 1, 4 ),
 ( 2, 2 ),
 ( 0.4925683021194524058, 0.5024463643869940821, 0.5250929155847819940, 0.5469717870834428508, 0.5680829788830696891, 0.5884264909837645385, 0.6080023233856429732, 0.6268104760888334459, 0.6448509490934806188, 0.6621237423997496929, 0.6786288560078284071, 0.6943662899179314785, 0.7093360441303072639, 0.7235381186452435331, 0.7369725134630787933, 0.7496392285842117253, 0.7615382640091191702, 0.7726696197383760012, 0.7830332957726851006, 0.7926292921129175495, 0.8014576087601730237, 0.8095182457158636158, 0.8168112029818485054, 0.8233364805606433467, 0.8290940784557681020, 0.8340839966723704313, 1.000000000000000000 ),
 ( 0.000000000000000000, 1.000000000000000000 ),
 .UNSPECIFIED. ) ;
#7097 = CARTESIAN_POINT ( 'NONE',  ( 8.881356617214038351, 7.313425558786636138, 8.000000000000000000 ) ) ;
#7098 = ORIENTED_EDGE ( 'NONE', *, *, #4894, .T. ) ;
#7099 = CARTESIAN_POINT ( 'NONE',  ( -12.78342018721906648, -1.143751547996515683, 0.000000000000000000 ) ) ;
#7100 = VERTEX_POINT ( 'NONE', #1925 ) ;
#7101 = CARTESIAN_POINT ( 'NONE',  ( 2.941794575437364667, -11.77637575328567898, 0.000000000000000000 ) ) ;
#7102 = EDGE_CURVE ( 'NONE', #6063, #3415, #3918, .T. ) ;
#7103 = DIRECTION ( 'NONE',  ( -0.7780644821457443072, 0.000000000000000000, 0.6281844168898770286 ) ) ;
#7104 = CIRCLE ( 'NONE', #8210, 1.000000000000002665 ) ;
#7105 = EDGE_CURVE ( 'NONE', #1686, #3018, #324, .T. ) ;
#7106 = ORIENTED_EDGE ( 'NONE', *, *, #7207, .T. ) ;
#7107 = CARTESIAN_POINT ( 'NONE',  ( -8.262247439007827765, 9.582420452220601348, 0.000000000000000000 ) ) ;
#7108 = CARTESIAN_POINT ( 'NONE',  ( -10.32496896312094670, -3.608867157514846102, 0.000000000000000000 ) ) ;
#7109 = CARTESIAN_POINT ( 'NONE',  ( -6.383929952666112406, -10.13775510802972057, 8.000000000000000000 ) ) ;
#7110 = CARTESIAN_POINT ( 'NONE',  ( 7.669289177771846155, 35.49229443292005470, 22.94319413080002690 ) ) ;
#7111 = CARTESIAN_POINT ( 'NONE',  ( -1.095856395948400897, 12.69447357664507514, 8.000000000000000000 ) ) ;
#7112 = CARTESIAN_POINT ( 'NONE',  ( -9.699971161947024356, 6.186699299581424505, 0.000000000000000000 ) ) ;
#7113 = DIRECTION ( 'NONE',  ( 1.000000000000000000, 0.000000000000000000, 0.000000000000000000 ) ) ;
#7114 = CARTESIAN_POINT ( 'NONE',  ( 10.33666240664888747, -4.161888422927029652, 8.000000000000000000 ) ) ;
#7115 = ORIENTED_EDGE ( 'NONE', *, *, #5762, .F. ) ;
#7116 = CARTESIAN_POINT ( 'NONE',  ( -6.492081297254395089, -10.48771353560528219, 8.000000000000000000 ) ) ;
#7117 = CARTESIAN_POINT ( 'NONE',  ( 13.64173013562591130, 1.722120468131039361, 8.000000000000000000 ) ) ;
#7118 = CARTESIAN_POINT ( 'NONE',  ( -9.625916629980693529, -8.348190801685243301, 8.000000000000000000 ) ) ;
#7119 = DIRECTION ( 'NONE',  ( 0.000000000000000000, 0.000000000000000000, -1.000000000000000000 ) ) ;
#7120 = CARTESIAN_POINT ( 'NONE',  ( 12.05320353502385267, 0.8231400688186875092, 0.000000000000000000 ) ) ;
#7121 = CARTESIAN_POINT ( 'NONE',  ( 11.13701600410299619, 2.886444749237187857, -5.204170427930421283E-15 ) ) ;
#7122 = DIRECTION ( 'NONE',  ( 0.6568746186093756823, 0.000000000000000000, -0.7539998245535519672 ) ) ;
#7123 = CARTESIAN_POINT ( 'NONE',  ( 5.802282164872567982, 37.39682449679957443, -15.68411092653975558 ) ) ;
#7124 = CARTESIAN_POINT ( 'NONE',  ( 7.968244849358954163, -9.415217936709856517, 0.000000000000000000 ) ) ;
#7125 = CARTESIAN_POINT ( 'NONE',  ( 4.580317944817474007, -11.30699639290203784, 0.000000000000000000 ) ) ;
#7126 = CARTESIAN_POINT ( 'NONE',  ( -5.853360337646424938, 12.44189184801361847, 8.000000000000000000 ) ) ;
#7127 = CYLINDRICAL_SURFACE ( 'NONE', #4352, 10.93750000000000178 ) ;
#7128 = ORIENTED_EDGE ( 'NONE', *, *, #1301, .F. ) ;
#7129 = CARTESIAN_POINT ( 'NONE',  ( 2.314906421658239566, 33.79310359057460289, -9.043598091517264237 ) ) ;
#7130 = CARTESIAN_POINT ( 'NONE',  ( 9.801135538539572423, -8.743249532614775887, -5.204170427930421283E-15 ) ) ;
#7131 = CYLINDRICAL_SURFACE ( 'NONE', #3088, 2.000000000000000000 ) ;
#7132 = CIRCLE ( 'NONE', #3354, 10.93750000000000178 ) ;
#7133 = ORIENTED_EDGE ( 'NONE', *, *, #6247, .F. ) ;
#7134 = CARTESIAN_POINT ( 'NONE',  ( -4.542018187747140168, -11.25643158326926141, 8.000000000000000000 ) ) ;
#7135 = CARTESIAN_POINT ( 'NONE',  ( 0.000000000000000000, 0.000000000000000000, 8.000000000000000000 ) ) ;
#7136 = APPROVAL ( #8149, 'æœª' ) ;
#7137 = DIRECTION ( 'NONE',  ( 0.6568746186093756823, 0.000000000000000000, -0.7539998245535519672 ) ) ;
#7138 = ORIENTED_EDGE ( 'NONE', *, *, #6883, .T. ) ;
#7139 = CARTESIAN_POINT ( 'NONE',  ( -12.87548337994385683, -1.195724957047582082, 0.000000000000000000 ) ) ;
#7140 = VERTEX_POINT ( 'NONE', #7987 ) ;
#7141 = AXIS2_PLACEMENT_3D ( 'NONE', #6457, #8548, #2533 ) ;
#7142 = CARTESIAN_POINT ( 'NONE',  ( -11.20891349420030636, -4.507497455256148200, 0.000000000000000000 ) ) ;
#7143 = EDGE_CURVE ( 'NONE', #1494, #5349, #8558, .T. ) ;
#7144 = CARTESIAN_POINT ( 'NONE',  ( -4.161888422927099818, 10.33666240664860503, 0.000000000000000000 ) ) ;
#7145 = AXIS2_PLACEMENT_3D ( 'NONE', #7411, #6141, #175 ) ;
#7146 = ORIENTED_EDGE ( 'NONE', *, *, #7957, .F. ) ;
#7147 = CARTESIAN_POINT ( 'NONE',  ( -7.313425558786540215, 8.881356617214120064, 0.000000000000000000 ) ) ;
#7148 = CARTESIAN_POINT ( 'NONE',  ( -11.53698844606703133, -4.773939382173037593, 8.000000000000000000 ) ) ;
#7149 = CARTESIAN_POINT ( 'NONE',  ( -2.933454507433478131, -11.98057174878965192, 0.000000000000000000 ) ) ;
#7150 = AXIS2_PLACEMENT_3D ( 'NONE', #72, #8131, #2769 ) ;
#7151 = CARTESIAN_POINT ( 'NONE',  ( 6.186699299581528422, -9.699971161946956855, 0.000000000000000000 ) ) ;
#7152 = AXIS2_PLACEMENT_3D ( 'NONE', #5506, #5370, #4759 ) ;
#7153 = CARTESIAN_POINT ( 'NONE',  ( -11.83751175313649817, -0.7661213205046906172, -5.204170427930421283E-15 ) ) ;
#7154 = ADVANCED_FACE ( 'NONE', ( #1879 ), #4700, .F. ) ;
#7155 = CARTESIAN_POINT ( 'NONE',  ( -11.12353076645873706, 4.449236289362055174, 0.000000000000000000 ) ) ;
#7156 = CARTESIAN_POINT ( 'NONE',  ( -5.379567626064723385, -12.09884006967988945, 0.000000000000000000 ) ) ;
#7157 = CARTESIAN_POINT ( 'NONE',  ( 5.735383452187241105, 36.78249184486222134, -9.749985545336725679 ) ) ;
#7158 = ORIENTED_EDGE ( 'NONE', *, *, #2002, .F. ) ;
#7159 = CIRCLE ( 'NONE', #6312, 13.75000000000000000 ) ;
#7160 = DIRECTION ( 'NONE',  ( 0.9510565162951533091, 0.3090169943749481174, 0.000000000000000000 ) ) ;
#7161 = CARTESIAN_POINT ( 'NONE',  ( -7.906868104074071368, 9.376012365377837554, 8.000000000000000000 ) ) ;
#7162 = FACE_OUTER_BOUND ( 'NONE', #2931, .T. ) ;
#7163 = CARTESIAN_POINT ( 'NONE',  ( 4.773939382173077561, -11.53698844606701357, 8.000000000000000000 ) ) ;
#7164 = CARTESIAN_POINT ( 'NONE',  ( -12.05785317090583142, -2.927269694296119606, 8.000000000000000000 ) ) ;
#7165 = AXIS2_PLACEMENT_3D ( 'NONE', #5127, #4256, #2452 ) ;
#7166 = CARTESIAN_POINT ( 'NONE',  ( 11.98057174878959685, 2.933454507433692626, -5.204170427930421283E-15 ) ) ;
#7167 = DIRECTION ( 'NONE',  ( 0.000000000000000000, -0.000000000000000000, -1.000000000000000000 ) ) ;
#7168 = CARTESIAN_POINT ( 'NONE',  ( -13.32045193209908973, -2.644734409371050976, 0.000000000000000000 ) ) ;
#7169 = CARTESIAN_POINT ( 'NONE',  ( -12.31670401296924489, -2.895913797652550858, 8.000000000000000000 ) ) ;
#7170 = CARTESIAN_POINT ( 'NONE',  ( 4.507497455256186392, -11.20891349420028860, 8.000000000000000000 ) ) ;
#7171 = CARTESIAN_POINT ( 'NONE',  ( 8.192571011702115769, 36.10849725128650789, -13.30382503355354729 ) ) ;
#7172 = CARTESIAN_POINT ( 'NONE',  ( 2.308341413467134284, 33.75165378070331457, 17.04359809456631325 ) ) ;
#7173 = EDGE_LOOP ( 'NONE', ( #7106, #4768, #3937, #7666 ) ) ;
#7174 = CARTESIAN_POINT ( 'NONE',  ( -11.87581303661963084, 5.115945187291611518, 8.000000000000000000 ) ) ;
#7175 = CARTESIAN_POINT ( 'NONE',  ( 9.886832010614865496, -8.972047302895321153, -5.204170427930421283E-15 ) ) ;
#7176 = CYLINDRICAL_SURFACE ( 'NONE', #6182, 10.93750000000000178 ) ;
#7177 = ORIENTED_EDGE ( 'NONE', *, *, #5813, .T. ) ;
#7178 = CARTESIAN_POINT ( 'NONE',  ( -9.204216794247539468, -7.668835209823054555, 0.000000000000000000 ) ) ;
#7179 = CARTESIAN_POINT ( 'NONE',  ( 6.262989450934473901, 37.01739717004534924, 23.47197209647975313 ) ) ;
#7180 = CARTESIAN_POINT ( 'NONE',  ( 12.16898868378442522, -0.8620871873791016160, 8.000000000000000000 ) ) ;
#7181 = CARTESIAN_POINT ( 'NONE',  ( 0.8857088747961672226, -12.23289380645680424, 8.000000000000000000 ) ) ;
#7182 = VERTEX_POINT ( 'NONE', #492 ) ;
#7183 = CARTESIAN_POINT ( 'NONE',  ( -11.02139818175200681, -4.386616976971000170, 0.000000000000000000 ) ) ;
#7184 = CARTESIAN_POINT ( 'NONE',  ( 8.537940941079678936, 35.38402660561539648, -13.09722763825819492 ) ) ;
#7185 = ORIENTED_EDGE ( 'NONE', *, *, #7623, .F. ) ;
#7186 = CARTESIAN_POINT ( 'NONE',  ( 10.56312374806400456, -6.510080463201247447, 0.000000000000000000 ) ) ;
#7187 = CARTESIAN_POINT ( 'NONE',  ( -11.08591166683800644, -4.425208852857832831, 0.000000000000000000 ) ) ;
#7188 = CARTESIAN_POINT ( 'NONE',  ( -6.418760976341290281, -10.23507608951709180, 8.000000000000000000 ) ) ;
#7189 = CARTESIAN_POINT ( 'NONE',  ( 6.619621129381279445, -11.34404188716882267, 0.000000000000000000 ) ) ;
#7190 = CARTESIAN_POINT ( 'NONE',  ( -1.063017894759105797, 12.63045561107619186, 0.000000000000000000 ) ) ;
#7191 = CARTESIAN_POINT ( 'NONE',  ( -11.16457150618550465, 4.476617511824007245, 0.000000000000000000 ) ) ;
#7192 = CARTESIAN_POINT ( 'NONE',  ( -4.476617511823964612, -11.16457150618552063, 0.000000000000000000 ) ) ;
#7193 = CARTESIAN_POINT ( 'NONE',  ( 8.972047302895502341, -9.886832010614698518, 8.000000000000000000 ) ) ;
#7194 = ORIENTED_EDGE ( 'NONE', *, *, #1883, .T. ) ;
#7195 = LINE ( 'NONE', #2622, #7559 ) ;
#7196 = CARTESIAN_POINT ( 'NONE',  ( 0.7828886122849475493, -11.91079326901029134, 0.000000000000000000 ) ) ;
#7197 = ORIENTED_EDGE ( 'NONE', *, *, #6052, .F. ) ;
#7198 = CARTESIAN_POINT ( 'NONE',  ( 10.81899503309348276, 6.560248542580196407, 0.000000000000000000 ) ) ;
#7199 = CARTESIAN_POINT ( 'NONE',  ( -9.175863790627211358, -7.634358818669890745, 8.000000000000000000 ) ) ;
#7200 = CARTESIAN_POINT ( 'NONE',  ( 8.972047302895285625, 9.886832010614893917, 0.000000000000000000 ) ) ;
#7201 = DIRECTION ( 'NONE',  ( 0.000000000000000000, -0.000000000000000000, 1.000000000000000000 ) ) ;
#7202 = CARTESIAN_POINT ( 'NONE',  ( -11.13701600410301573, -2.886444749237111029, 0.000000000000000000 ) ) ;
#7203 = CARTESIAN_POINT ( 'NONE',  ( 11.66361783702272881, 2.940710835118589106, -5.204170427930421283E-15 ) ) ;
#7204 = EDGE_CURVE ( 'NONE', #6529, #3406, #7941, .T. ) ;
#7205 = CARTESIAN_POINT ( 'NONE',  ( -2.372989692907224946, 54.77574131314157313, -10.35565938257813379 ) ) ;
#7206 = LINE ( 'NONE', #7776, #1385 ) ;
#7207 = EDGE_CURVE ( 'NONE', #3845, #6446, #4561, .T. ) ;
#7208 = CARTESIAN_POINT ( 'NONE',  ( 7.850195268865253873, -9.338196514606138976, 0.000000000000000000 ) ) ;
#7209 = CARTESIAN_POINT ( 'NONE',  ( 8.371344599439622058, 35.83569825719471424, -14.32159328770971207 ) ) ;
#7210 = CARTESIAN_POINT ( 'NONE',  ( -4.896733499129095613, 11.66659828334866233, 8.000000000000000000 ) ) ;
#7211 = CARTESIAN_POINT ( 'NONE',  ( 8.091392690324919812, 36.21835069810909147, -13.63962498486847785 ) ) ;
#7212 = ORIENTED_EDGE ( 'NONE', *, *, #2030, .F. ) ;
#7213 = CARTESIAN_POINT ( 'NONE',  ( -12.39393210983942772, 5.781365353078053104, 8.000000000000000000 ) ) ;
#7214 = CARTESIAN_POINT ( 'NONE',  ( 9.497099640846757396, -8.105411651555723296, -5.204170427930421283E-15 ) ) ;
#7215 = CARTESIAN_POINT ( 'NONE',  ( -9.175863790627264649, 7.634358818669825908, 0.000000000000000000 ) ) ;
#7216 = CARTESIAN_POINT ( 'NONE',  ( -10.23507608951707049, 6.418760976341326696, 8.000000000000000000 ) ) ;
#7217 = ORIENTED_EDGE ( 'NONE', *, *, #3865, .T. ) ;
#7218 = CARTESIAN_POINT ( 'NONE',  ( -5.379567626064723385, -12.09884006967988945, 0.000000000000000000 ) ) ;
#7219 = CARTESIAN_POINT ( 'NONE',  ( 6.473761040516524901, -10.41722559423728356, 8.000000000000000000 ) ) ;
#7220 = CARTESIAN_POINT ( 'NONE',  ( 13.27225220462998578, -1.447204694645657153, -5.204170427930421283E-15 ) ) ;
#7221 = VERTEX_POINT ( 'NONE', #6725 ) ;
#7222 = CARTESIAN_POINT ( 'NONE',  ( -12.52642403931682225, -1.011712205768966477, 0.000000000000000000 ) ) ;
#7223 = ORIENTED_EDGE ( 'NONE', *, *, #3237, .T. ) ;
#7224 = CARTESIAN_POINT ( 'NONE',  ( 11.36047427339658711, 4.622531273494663751, 8.000000000000000000 ) ) ;
#7225 = CARTESIAN_POINT ( 'NONE',  ( 2.577692551524224385, -13.50622083004037677, 0.000000000000000000 ) ) ;
#7226 = CARTESIAN_POINT ( 'NONE',  ( 9.589137980508679604, 48.35002041356305114, 0.3298255930281636106 ) ) ;
#7227 = VERTEX_POINT ( 'NONE', #679 ) ;
#7228 = CARTESIAN_POINT ( 'NONE',  ( 10.20303856890924443, 36.58234750188022844, -13.28508304997270351 ) ) ;
#7229 = CARTESIAN_POINT ( 'NONE',  ( -12.44189184805952486, -5.853360337715903583, 0.000000000000000000 ) ) ;
#7230 = CARTESIAN_POINT ( 'NONE',  ( 13.37787302532247047, -1.521639563755274871, 0.000000000000000000 ) ) ;
#7231 = DIRECTION ( 'NONE',  ( 0.3090169943749582204, -0.9510565162951500895, 0.000000000000000000 ) ) ;
#7232 = CARTESIAN_POINT ( 'NONE',  ( 10.05932550694752692, 6.352286767647703947, 8.000000000000000000 ) ) ;
#7233 = CARTESIAN_POINT ( 'NONE',  ( -1.251919511749373326, 12.97053397611294656, 8.000000000000000000 ) ) ;
#7234 = B_SPLINE_SURFACE_WITH_KNOTS ( 'NONE', 3, 1, ( 
 ( #5103, #2389 ),
 ( #3753, #1588 ),
 ( #7705, #4977 ),
 ( #3099, #8442 ),
 ( #3631, #2430 ),
 ( #7788, #1681 ),
 ( #1005, #917 ),
 ( #263, #6307 ),
 ( #1764, #4275 ),
 ( #7134, #4320 ),
 ( #1630, #5645 ),
 ( #345, #8312 ),
 ( #7662, #3586 ),
 ( #211, #2914 ),
 ( #5600, #4369 ),
 ( #6394, #8268 ),
 ( #2256, #7618 ),
 ( #3926, #6564 ),
 ( #2602, #3227 ),
 ( #1988, #5278 ),
 ( #5193, #3317 ),
 ( #4536, #1270 ),
 ( #8667, #7218 ),
 ( #471, #5815 ),
 ( #8620, #6658 ),
 ( #3970, #1898 ),
 ( #1810, #2515 ),
 ( #4493, #4629 ),
 ( #3138, #8480 ) ),
 .UNSPECIFIED., .F., .F., .F.,
 ( 4, 1, 1, 1, 1, 1, 1, 1, 1, 1, 1, 1, 1, 1, 1, 1, 1, 1, 1, 1, 1, 1, 1, 1, 1, 1, 4 ),
 ( 2, 2 ),
 ( 0.000000000000000000, 0.1659160033276295965, 0.1709059215442318702, 0.1766635194393565977, 0.1831887970181514669, 0.1904817542841364120, 0.1985423912398269763, 0.2073707078870824227, 0.2169667042273148716, 0.2273303802616240543, 0.2384617359908808021, 0.2503607714157882191, 0.2630274865369212067, 0.2764618813547564669, 0.2906639558696927361, 0.3056337100820685215, 0.3213711439921715929, 0.3378762576002502516, 0.3551490509065193812, 0.3731895239111665541, 0.3919976766143570268, 0.4115735090162354615, 0.4319170211169303109, 0.4530282129165571492, 0.4749070844152180060, 0.4975536356130058624, 0.5074316978669450862 ),
 ( 0.000000000000000000, 1.000000000000000000 ),
 .UNSPECIFIED. ) ;
#7235 = CARTESIAN_POINT ( 'NONE',  ( -12.17545110014131282, 5.477724940116812213, 0.000000000000000000 ) ) ;
#7236 = CARTESIAN_POINT ( 'NONE',  ( 10.02415449855976703, 9.411632514553680551, 8.000000000000000000 ) ) ;
#7237 = EDGE_CURVE ( 'NONE', #339, #1349, #1277, .T. ) ;
#7238 = DIRECTION ( 'NONE',  ( -0.6049683311478913916, -0.2693492547302756557, 0.7493092133988346060 ) ) ;
#7239 = ORIENTED_EDGE ( 'NONE', *, *, #8478, .F. ) ;
#7240 = DIRECTION ( 'NONE',  ( -0.9876883405951375483, 0.1564344650402313963, -0.000000000000000000 ) ) ;
#7241 = CARTESIAN_POINT ( 'NONE',  ( -13.27225220462997690, 1.447204694645749745, 8.000000000000000000 ) ) ;
#7242 = EDGE_LOOP ( 'NONE', ( #6014, #6429, #6177, #5571 ) ) ;
#7243 = CARTESIAN_POINT ( 'NONE',  ( -7.604022508570377425, 9.149886257342894069, 8.000000000000000000 ) ) ;
#7244 = CARTESIAN_POINT ( 'NONE',  ( -10.00078975079871668, -9.328340841224321167, 0.000000000000000000 ) ) ;
#7245 = CARTESIAN_POINT ( 'NONE',  ( 10.47431425022855755, 3.149229626029041551, 8.000000000000000000 ) ) ;
#7246 = CARTESIAN_POINT ( 'NONE',  ( 12.52642403931681514, 1.011712205769053741, 8.000000000000000000 ) ) ;
#7247 = CARTESIAN_POINT ( 'NONE',  ( -11.77637575328569319, -2.941794575437323811, 8.000000000000000000 ) ) ;
#7248 = CARTESIAN_POINT ( 'NONE',  ( 12.22597347346765417, 2.908682420984034955, 8.000000000000000000 ) ) ;
#7249 = CARTESIAN_POINT ( 'NONE',  ( 0.000000000000000000, 0.000000000000000000, 8.000000000000000000 ) ) ;
#7250 = ADVANCED_FACE ( 'NONE', ( #6899 ), #5203, .T. ) ;
#7251 = CARTESIAN_POINT ( 'NONE',  ( 8.381811036813104465, 35.75578649119453445, -13.29875330741018580 ) ) ;
#7252 = B_SPLINE_CURVE_WITH_KNOTS ( 'NONE', 3,
 ( #2917, #2714, #4038, #920, #4279, #4783, #5604, #677, #3634, #267, #7421, #8272, #6357, #6108, #4083, #4980, #1387, #2754, #878, #7577, #214, #6969, #2259, #5395, #1339, #57, #6310, #7664, #1633 ),
 .UNSPECIFIED., .F., .F.,
 ( 4, 1, 1, 1, 1, 1, 1, 1, 1, 1, 1, 1, 1, 1, 1, 1, 1, 1, 1, 1, 1, 1, 1, 1, 1, 1, 4 ),
 ( 0.000000000000000000, 0.1659160033276295965, 0.1709059215442318702, 0.1766635194393565977, 0.1831887970181514669, 0.1904817542841364120, 0.1985423912398269763, 0.2073707078870824227, 0.2169667042273148716, 0.2273303802616240543, 0.2384617359908808021, 0.2503607714157882191, 0.2630274865369212067, 0.2764618813547564669, 0.2906639558696927361, 0.3056337100820685215, 0.3213711439921715929, 0.3378762576002502516, 0.3551490509065193812, 0.3731895239111665541, 0.3919976766143570268, 0.4115735090162354615, 0.4319170211169303109, 0.4530282129165571492, 0.4749070844152180060, 0.4975536356130058624, 0.5074316978669447531 ),
 .UNSPECIFIED. ) ;
#7253 = CARTESIAN_POINT ( 'NONE',  ( -12.72257526253003945, -2.817469215210326450, 8.000000000000000000 ) ) ;
#7254 = CARTESIAN_POINT ( 'NONE',  ( 8.309208340948933014, 35.90696415613270887, -13.32538335022101172 ) ) ;
#7255 = ADVANCED_FACE ( 'NONE', ( #4421, #7886 ), #6009, .T. ) ;
#7256 = CARTESIAN_POINT ( 'NONE',  ( -4.476617511824047213, 11.16457150618548866, 8.000000000000000000 ) ) ;
#7257 = CARTESIAN_POINT ( 'NONE',  ( 6.263736447094685467, 37.01772975416316314, -15.47132132336053800 ) ) ;
#7258 = ORIENTED_EDGE ( 'NONE', *, *, #998, .T. ) ;
#7259 = CARTESIAN_POINT ( 'NONE',  ( 9.497099640846757396, -8.105411651555723296, 8.000000000000000000 ) ) ;
#7260 = CARTESIAN_POINT ( 'NONE',  ( 6.626067776679980703, 12.02849558175097222, -5.204170427930421283E-15 ) ) ;
#7261 = EDGE_CURVE ( 'NONE', #3199, #1757, #8589, .T. ) ;
#7262 = CARTESIAN_POINT ( 'NONE',  ( 9.669723885496884108, 8.439220299577170792, 8.000000000000000000 ) ) ;
#7263 = ORIENTED_EDGE ( 'NONE', *, *, #2206, .T. ) ;
#7264 = DIRECTION ( 'NONE',  ( -1.000000000000000000, 0.000000000000000000, 0.000000000000000000 ) ) ;
#7265 = CARTESIAN_POINT ( 'NONE',  ( 6.560248542580159103, -10.81899503309350585, 8.000000000000000000 ) ) ;
#7266 = CARTESIAN_POINT ( 'NONE',  ( 13.64173013562594505, -1.722120468130753590, -5.204170427930421283E-15 ) ) ;
#7267 = ORIENTED_EDGE ( 'NONE', *, *, #4249, .F. ) ;
#7268 = CARTESIAN_POINT ( 'NONE',  ( -6.630420918280122144, 11.58812316373723483, 8.000000000000000000 ) ) ;
#7269 = ORIENTED_EDGE ( 'NONE', *, *, #8270, .T. ) ;
#7270 = CARTESIAN_POINT ( 'NONE',  ( 11.20891349420027261, 4.507497455256226360, 8.000000000000000000 ) ) ;
#7271 = EDGE_CURVE ( 'NONE', #4282, #2697, #7777, .T. ) ;
#7272 = DIRECTION ( 'NONE',  ( -0.000000000000000000, 0.000000000000000000, -1.000000000000000000 ) ) ;
#7273 = AXIS2_PLACEMENT_3D ( 'NONE', #7868, #1760, #1128 ) ;
#7274 = CARTESIAN_POINT ( 'NONE',  ( -9.094348737717186992, -9.928529331195923291, 8.000000000000000000 ) ) ;
#7275 = VERTEX_POINT ( 'NONE', #7329 ) ;
#7276 = AXIS2_PLACEMENT_3D ( 'NONE', #2992, #5716, #8380 ) ;
#7277 = CARTESIAN_POINT ( 'NONE',  ( 6.630420918279951614, 11.58812316373732543, 0.000000000000000000 ) ) ;
#7278 = CARTESIAN_POINT ( 'NONE',  ( -13.48734665312603731, 2.584755384899958042, 8.000000000000000000 ) ) ;
#7279 = CARTESIAN_POINT ( 'NONE',  ( 0.000000000000000000, 0.000000000000000000, 8.000000000000000000 ) ) ;
#7280 = CARTESIAN_POINT ( 'NONE',  ( -10.35164078446979374, -6.455308898419827024, 0.000000000000000000 ) ) ;
#7281 = CARTESIAN_POINT ( 'NONE',  ( 10.13775510802960866, 6.383929952666293595, 8.000000000000000000 ) ) ;
#7282 = CARTESIAN_POINT ( 'NONE',  ( -6.338109664291232015, 10.02706299306006876, 0.000000000000000000 ) ) ;
#7283 = CARTESIAN_POINT ( 'NONE',  ( -10.33666240664886260, 4.161888422927100706, 0.000000000000000000 ) ) ;
#7284 = LINE ( 'NONE', #3946, #4049 ) ;
#7285 = CARTESIAN_POINT ( 'NONE',  ( 2.404360374132632039, 34.35789361850346069, -8.858194565208718174 ) ) ;
#7286 = ORIENTED_EDGE ( 'NONE', *, *, #1058, .T. ) ;
#7287 = CARTESIAN_POINT ( 'NONE',  ( 0.9420826277741565224, -12.37227591337642352, 0.000000000000000000 ) ) ;
#7288 = CARTESIAN_POINT ( 'NONE',  ( -5.836552422577480748, 12.43077374743279506, 0.000000000000000000 ) ) ;
#7289 = ORIENTED_EDGE ( 'NONE', *, *, #3984, .F. ) ;
#7290 = CIRCLE ( 'NONE', #6183, 13.75000000000000000 ) ;
#7291 = CARTESIAN_POINT ( 'NONE',  ( 10.23507608951697634, 6.418760976341473246, 8.000000000000000000 ) ) ;
#7292 = CARTESIAN_POINT ( 'NONE',  ( -9.204216794247539468, -7.668835209823054555, 0.000000000000000000 ) ) ;
#7293 = CARTESIAN_POINT ( 'NONE',  ( 7.604022508570240646, 9.149886257343000651, 0.000000000000000000 ) ) ;
#7294 = FACE_OUTER_BOUND ( 'NONE', #8051, .T. ) ;
#7295 = EDGE_LOOP ( 'NONE', ( #4976, #2266, #5530, #8400 ) ) ;
#7296 = CARTESIAN_POINT ( 'NONE',  ( -10.47431425022858065, -3.149229626028969609, 0.000000000000000000 ) ) ;
#7297 = CARTESIAN_POINT ( 'NONE',  ( 13.42510299664336593, 2.607747690747202363, -5.204170427930421283E-15 ) ) ;
#7298 = CIRCLE ( 'NONE', #2664, 10.93750000000000178 ) ;
#7299 = AXIS2_PLACEMENT_3D ( 'NONE', #2978, #318, #2354 ) ;
#7300 = CARTESIAN_POINT ( 'NONE',  ( -1.195724957047537451, -12.87548337994386038, 8.000000000000000000 ) ) ;
#7301 = CARTESIAN_POINT ( 'NONE',  ( -12.05785317090583142, -2.927269694296119606, 8.000000000000000000 ) ) ;
#7302 = CARTESIAN_POINT ( 'NONE',  ( 8.217630695030592847, 36.20832923546963400, -14.31272887555486939 ) ) ;
#7303 = CC_DESIGN_SECURITY_CLASSIFICATION ( #1094, ( #260 ) ) ;
#7304 = CARTESIAN_POINT ( 'NONE',  ( 11.02139818175197483, 4.386616976971076554, 8.000000000000000000 ) ) ;
#7305 = CARTESIAN_POINT ( 'NONE',  ( -9.886832010614797994, 8.972047302895393983, 8.000000000000000000 ) ) ;
#7306 = ORIENTED_EDGE ( 'NONE', *, *, #6442, .T. ) ;
#7307 = CIRCLE ( 'NONE', #5624, 13.75000000000000000 ) ;
#7308 = CARTESIAN_POINT ( 'NONE',  ( 2.378890953475836678, 34.19708602525371788, -8.953418310059371166 ) ) ;
#7309 = CARTESIAN_POINT ( 'NONE',  ( 8.393073352340755022, 35.72926466476514662, 21.28426016496259265 ) ) ;
#7310 = CARTESIAN_POINT ( 'NONE',  ( -9.415217936709943558, 7.968244849358848469, 0.000000000000000000 ) ) ;
#7311 = AXIS2_PLACEMENT_3D ( 'NONE', #4732, #623, #1330 ) ;
#7312 = CARTESIAN_POINT ( 'NONE',  ( 2.600000000000000089, 0.000000000000000000, 8.000000000000000000 ) ) ;
#7313 = CARTESIAN_POINT ( 'NONE',  ( -8.704427730807687169, -6.622827502596316585, 0.000000000000000000 ) ) ;
#7314 = CARTESIAN_POINT ( 'NONE',  ( 6.383929952666258956, -10.13775510802962820, 0.000000000000000000 ) ) ;
#7315 = EDGE_CURVE ( 'NONE', #4107, #6446, #5368, .T. ) ;
#7316 = CARTESIAN_POINT ( 'NONE',  ( 12.37227591337643418, -0.9420826277740271815, 8.000000000000000000 ) ) ;
#7317 = CARTESIAN_POINT ( 'NONE',  ( -12.41180006574749228, 2.880586703536566873, 0.000000000000000000 ) ) ;
#7318 = ORIENTED_EDGE ( 'NONE', *, *, #2110, .F. ) ;
#7319 = CARTESIAN_POINT ( 'NONE',  ( 10.70664486910366442, 4.210990906300012604, 0.000000000000000000 ) ) ;
#7320 = CARTESIAN_POINT ( 'NONE',  ( -11.36047427339662441, -4.622531273494584703, 0.000000000000000000 ) ) ;
#7321 = CARTESIAN_POINT ( 'NONE',  ( -8.855020039374974061, -9.844302869038667581, 8.000000000000000000 ) ) ;
#7322 = EDGE_CURVE ( 'NONE', #3747, #302, #1710, .T. ) ;
#7323 = EDGE_LOOP ( 'NONE', ( #2025, #5273, #5723, #8388 ) ) ;
#7324 = DIRECTION ( 'NONE',  ( 0.4067366430758008189, -0.9135454576426007556, 2.775557561562891351E-17 ) ) ;
#7325 = DIRECTION ( 'NONE',  ( -0.6798797886080300001, 0.1076823798066468968, -0.7253743710122916299 ) ) ;
#7326 = EDGE_CURVE ( 'NONE', #8237, #5936, #2173, .T. ) ;
#7327 = CARTESIAN_POINT ( 'NONE',  ( 12.00148937107103819, -0.8074739252555025448, 0.000000000000000000 ) ) ;
#7328 = CARTESIAN_POINT ( 'NONE',  ( -10.41722559423731020, -6.473761040516483156, 0.000000000000000000 ) ) ;
#7329 = CARTESIAN_POINT ( 'NONE',  ( -0.2634514688554332462, 44.30978159260892113, 18.28162819106447756 ) ) ;
#7330 = CARTESIAN_POINT ( 'NONE',  ( -6.492081297254468808, 10.48771353560523600, 0.000000000000000000 ) ) ;
#7331 = DIRECTION ( 'NONE',  ( -0.6049683311478916137, -0.2693492547302754336, 0.7493092133988346060 ) ) ;
#7332 = LINE ( 'NONE', #1288, #3906 ) ;
#7333 =( NAMED_UNIT ( * ) SI_UNIT ( $, .STERADIAN. ) SOLID_ANGLE_UNIT ( ) );
#7334 = ORIENTED_EDGE ( 'NONE', *, *, #5296, .T. ) ;
#7335 = CARTESIAN_POINT ( 'NONE',  ( 1.051893166807160940, -12.60876818853258996, 8.000000000000000000 ) ) ;
#7336 = FACE_OUTER_BOUND ( 'NONE', #7242, .T. ) ;
#7337 = ORIENTED_EDGE ( 'NONE', *, *, #1837, .F. ) ;
#7338 = CARTESIAN_POINT ( 'NONE',  ( 10.35164078446974401, 6.455308898419904295, 8.000000000000000000 ) ) ;
#7339 = CARTESIAN_POINT ( 'NONE',  ( -2.933454507433566061, 11.98057174878963238, 0.000000000000000000 ) ) ;
#7340 = CARTESIAN_POINT ( 'NONE',  ( 9.094348737717112385, 9.928529331195990792, 0.000000000000000000 ) ) ;
#7341 = CARTESIAN_POINT ( 'NONE',  ( 10.93483029503508419, 0.2416457505998779731, 0.000000000000000000 ) ) ;
#7342 = CARTESIAN_POINT ( 'NONE',  ( -12.05785317090583142, -2.927269694296119606, 0.000000000000000000 ) ) ;
#7343 = CARTESIAN_POINT ( 'NONE',  ( -10.18403012388270490, -6.401038329814019434, 8.000000000000000000 ) ) ;
#7344 = DIRECTION ( 'NONE',  ( 0.6845280282702553842, 0.3047715140836108616, 0.6622202826217419291 ) ) ;
#7345 = ORIENTED_EDGE ( 'NONE', *, *, #8163, .T. ) ;
#7346 = CARTESIAN_POINT ( 'NONE',  ( -0.7639867559470682190, -11.11684438996336510, 8.000000000000000000 ) ) ;
#7347 = CARTESIAN_POINT ( 'NONE',  ( 2.841541163098137091, -12.61481170127147777, 8.000000000000000000 ) ) ;
#7348 = CARTESIAN_POINT ( 'NONE',  ( 7.981930779805761489, 36.70040135469236020, -14.32480922654571032 ) ) ;
#7349 = CARTESIAN_POINT ( 'NONE',  ( -4.622531273494543846, 11.36047427339663862, 8.000000000000000000 ) ) ;
#7350 = CARTESIAN_POINT ( 'NONE',  ( -9.713655369616196467, 8.535381057717536635, 8.000000000000000000 ) ) ;
#7351 = VERTEX_POINT ( 'NONE', #8101 ) ;
#7352 = DIRECTION ( 'NONE',  ( 0.6928295497659429092, 0.000000000000000000, 0.7211013902157732414 ) ) ;
#7353 = DIRECTION ( 'NONE',  ( 0.000000000000000000, 0.000000000000000000, -1.000000000000000000 ) ) ;
#7354 = FACE_OUTER_BOUND ( 'NONE', #756, .T. ) ;
#7355 = ADVANCED_FACE ( 'NONE', ( #5477 ), #5430, .T. ) ;
#7356 = LINE ( 'NONE', #3222, #970 ) ;
#7357 = CARTESIAN_POINT ( 'NONE',  ( -0.7661213205046492059, -11.83751175313650172, 8.000000000000000000 ) ) ;
#7358 = CARTESIAN_POINT ( 'NONE',  ( 6.560248542580159103, -10.81899503309350585, 0.000000000000000000 ) ) ;
#7359 = CARTESIAN_POINT ( 'NONE',  ( 12.87548337994387282, -1.195724957047402448, 8.000000000000000000 ) ) ;
#7360 = ORIENTED_EDGE ( 'NONE', *, *, #2158, .F. ) ;
#7361 = CARTESIAN_POINT ( 'NONE',  ( -6.367618434587577703, 10.09620455160486507, 8.000000000000000000 ) ) ;
#7362 = ORIENTED_EDGE ( 'NONE', *, *, #7746, .F. ) ;
#7363 = CARTESIAN_POINT ( 'NONE',  ( 11.25643158326918147, 4.542018187747340896, 8.000000000000000000 ) ) ;
#7364 = CARTESIAN_POINT ( 'NONE',  ( 13.48734665307399538, -2.584755384919095622, 0.000000000000000000 ) ) ;
#7365 = CARTESIAN_POINT ( 'NONE',  ( -21.66673396644224070, 48.66428125902873347, 7.999999999999984901 ) ) ;
#7366 =( BOUNDED_CURVE ( )  B_SPLINE_CURVE ( 3, ( #4799, #4223, #2898, #1577 ),
 .UNSPECIFIED., .F., .T. ) 
 B_SPLINE_CURVE_WITH_KNOTS ( ( 4, 4 ),
 ( 6.261608245663803807, 6.283185307179586232 ),
 .UNSPECIFIED. ) 
 CURVE ( )  GEOMETRIC_REPRESENTATION_ITEM ( )  RATIONAL_B_SPLINE_CURVE ( ( 1.000000000000000000, 0.9999612029110045430, 0.9999612029110045430, 1.000000000000000000 ) ) 
 REPRESENTATION_ITEM ( '' )  );
#7367 = EDGE_CURVE ( 'NONE', #1494, #2683, #3713, .T. ) ;
#7368 = ORIENTED_EDGE ( 'NONE', *, *, #6935, .F. ) ;
#7369 = CARTESIAN_POINT ( 'NONE',  ( 6.527568552595998774, 10.64346975476073709, 0.000000000000000000 ) ) ;
#7370 = CARTESIAN_POINT ( 'NONE',  ( -11.71764203423213324, 2.941792002708998321, 0.000000000000000000 ) ) ;
#7371 = CARTESIAN_POINT ( 'NONE',  ( 10.93483029503508774, -0.2416457505996495170, 0.000000000000000000 ) ) ;
#7372 = EDGE_CURVE ( 'NONE', #5123, #4870, #7356, .T. ) ;
#7373 = CARTESIAN_POINT ( 'NONE',  ( -10.09620455160484020, -6.367618434587611453, 0.000000000000000000 ) ) ;
#7374 = CARTESIAN_POINT ( 'NONE',  ( -10.91417308631845096, 6.575057906251698725, 8.000000000000000000 ) ) ;
#7375 = CARTESIAN_POINT ( 'NONE',  ( -10.47431425022858065, -3.149229626028969165, 8.000000000000000000 ) ) ;
#7376 = CARTESIAN_POINT ( 'NONE',  ( -7.968244849358815607, -9.415217936709971980, 8.000000000000000000 ) ) ;
#7377 = SHAPE_DEFINITION_REPRESENTATION ( #7816, #5577 ) ;
#7378 = EDGE_CURVE ( 'NONE', #7752, #7493, #5162, .T. ) ;
#7379 = CARTESIAN_POINT ( 'NONE',  ( 0.2416457505997634259, -10.93483029503508597, 8.000000000000000000 ) ) ;
#7380 = FACE_OUTER_BOUND ( 'NONE', #4956, .T. ) ;
#7381 = CARTESIAN_POINT ( 'NONE',  ( 11.85123473191531041, 6.631537913675668250, 0.000000000000000000 ) ) ;
#7382 = CARTESIAN_POINT ( 'NONE',  ( -2.929367628693770431, 11.49488719732985054, 8.000000000000000000 ) ) ;
#7383 = DIRECTION ( 'NONE',  ( -0.8088170768283181600, 0.000000000000000000, 0.5880603168305904571 ) ) ;
#7384 = CARTESIAN_POINT ( 'NONE',  ( 4.773939382173077561, -11.53698844606701357, 0.000000000000000000 ) ) ;
#7385 = CARTESIAN_POINT ( 'NONE',  ( 8.376048574970774041, 35.76891914880714296, -13.30610390784110031 ) ) ;
#7386 = CARTESIAN_POINT ( 'NONE',  ( -10.29093438073243583, -6.436913140481757445, 0.000000000000000000 ) ) ;
#7387 = LINE ( 'NONE', #2588, #2512 ) ;
#7388 = ORIENTED_EDGE ( 'NONE', *, *, #6085, .F. ) ;
#7389 = CARTESIAN_POINT ( 'NONE',  ( -0.8074739252556281111, -12.00148937107102931, 8.000000000000000000 ) ) ;
#7390 = CARTESIAN_POINT ( 'NONE',  ( 8.357640839169558689, 35.86815105103778478, -14.32105151406932642 ) ) ;
#7391 = CARTESIAN_POINT ( 'NONE',  ( 10.41722559423740435, -6.473761040516332166, 0.000000000000000000 ) ) ;
#7392 = CARTESIAN_POINT ( 'NONE',  ( -9.415217936709943558, 7.968244849358848469, 0.000000000000000000 ) ) ;
#7393 = VERTEX_POINT ( 'NONE', #7312 ) ;
#7394 = CARTESIAN_POINT ( 'NONE',  ( 9.267416903472005529, -7.750629585191619597, 8.000000000000000000 ) ) ;
#7395 = DIRECTION ( 'NONE',  ( 0.000000000000000000, 0.000000000000000000, -1.000000000000000000 ) ) ;
#7396 = CARTESIAN_POINT ( 'NONE',  ( -9.149886257342917162, 7.604022508570341898, 0.000000000000000000 ) ) ;
#7397 = CARTESIAN_POINT ( 'NONE',  ( 9.497099640846577984, 8.105411651555929353, 8.000000000000000000 ) ) ;
#7398 = CARTESIAN_POINT ( 'NONE',  ( -1.447204694645796152, -13.27225220462997157, 8.000000000000000000 ) ) ;
#7399 = CARTESIAN_POINT ( 'NONE',  ( 6.630420918280206521, -11.58812316373717977, 8.000000000000000000 ) ) ;
#7400 = CARTESIAN_POINT ( 'NONE',  ( 13.64173013562594505, -1.722120468130754700, 0.000000000000000000 ) ) ;
#7401 = ORIENTED_EDGE ( 'NONE', *, *, #2591, .T. ) ;
#7402 = CARTESIAN_POINT ( 'NONE',  ( -6.575057906251736028, 10.91417308631843142, 8.000000000000000000 ) ) ;
#7403 = ADVANCED_FACE ( 'NONE', ( #1853 ), #6572, .T. ) ;
#7404 = ORIENTED_EDGE ( 'NONE', *, *, #5584, .T. ) ;
#7405 = DIRECTION ( 'NONE',  ( 0.7780644821457439742, 0.000000000000000000, 0.6281844168898774727 ) ) ;
#7406 = CARTESIAN_POINT ( 'NONE',  ( -8.535381057717504660, -9.713655369616226665, 8.000000000000000000 ) ) ;
#7407 = EDGE_LOOP ( 'NONE', ( #7908, #7871, #2270, #7709, #4866, #566, #8706 ) ) ;
#7408 = CARTESIAN_POINT ( 'NONE',  ( 5.442181259654649494, 53.53793983577948268, -18.69378740028921371 ) ) ;
#7409 = CARTESIAN_POINT ( 'NONE',  ( -11.52995163726278349, 2.932881190150485651, 8.000000000000000000 ) ) ;
#7410 = CARTESIAN_POINT ( 'NONE',  ( -11.83751175313650528, 0.7661213205046079056, 0.000000000000000000 ) ) ;
#7411 = CARTESIAN_POINT ( 'NONE',  ( 0.000000000000000000, 0.000000000000000000, 8.000000000000000000 ) ) ;
#7412 = CARTESIAN_POINT ( 'NONE',  ( 11.47561408673064420, -4.719217338362103220, 0.000000000000000000 ) ) ;
#7413 = ADVANCED_FACE ( 'NONE', ( #7900 ), #6593, .F. ) ;
#7414 = DIRECTION ( 'NONE',  ( 0.6568746186093763484, 0.000000000000000000, 0.7539998245535516341 ) ) ;
#7415 = CARTESIAN_POINT ( 'NONE',  ( 9.411632514553645024, -10.02415449855979723, 8.000000000000000000 ) ) ;
#7416 = CARTESIAN_POINT ( 'NONE',  ( -9.094348737717186992, -9.928529331195923291, 0.000000000000000000 ) ) ;
#7417 = PERSON_AND_ORGANIZATION ( #7465, #6602 ) ;
#7418 = VERTEX_POINT ( 'NONE', #5887 ) ;
#7419 = CARTESIAN_POINT ( 'NONE',  ( -8.972047302895431287, 9.886832010614767796, 8.000000000000000000 ) ) ;
#7420 = CARTESIAN_POINT ( 'NONE',  ( -5.689930116769317259, 12.33100786788148540, 0.000000000000000000 ) ) ;
#7421 = CARTESIAN_POINT ( 'NONE',  ( 11.30699639290211600, -4.580317944817275944, 8.000000000000000000 ) ) ;
#7422 = ADVANCED_FACE ( 'NONE', ( #2586 ), #5152, .T. ) ;
#7423 = DIRECTION ( 'NONE',  ( 1.000000000000000000, 0.000000000000000000, 0.000000000000000000 ) ) ;
#7424 = CARTESIAN_POINT ( 'NONE',  ( 6.458156753896601820, 37.43347075840047466, 20.88202195872658962 ) ) ;
#7425 = VECTOR ( 'NONE', #2046, 1000.000000000000000 ) ;
#7426 = CARTESIAN_POINT ( 'NONE',  ( 11.48389212362417844, 0.6963551242058848567, 8.000000000000000000 ) ) ;
#7427 = ORIENTED_EDGE ( 'NONE', *, *, #5145, .F. ) ;
#7428 = CARTESIAN_POINT ( 'NONE',  ( 6.231836464888760752, 8.988499347771170989, 8.000000000000000000 ) ) ;
#7429 = CARTESIAN_POINT ( 'NONE',  ( -11.22924223885647521, -6.611064424922867389, 0.000000000000000000 ) ) ;
#7430 = CARTESIAN_POINT ( 'NONE',  ( 7.313425558786411429, 8.881356617214221316, 8.000000000000000000 ) ) ;
#7431 = VECTOR ( 'NONE', #7588, 1000.000000000000114 ) ;
#7432 = CARTESIAN_POINT ( 'NONE',  ( -0.8074739252556281111, -12.00148937107102931, 0.000000000000000000 ) ) ;
#7433 = CARTESIAN_POINT ( 'NONE',  ( -10.70664486910369462, -4.210990906299937997, 8.000000000000000000 ) ) ;
#7434 = CARTESIAN_POINT ( 'NONE',  ( 10.23507608951711845, -6.418760976341251201, 8.000000000000000000 ) ) ;
#7435 = CARTESIAN_POINT ( 'NONE',  ( 5.038066446831024336, 11.80431640392021464, 0.000000000000000000 ) ) ;
#7436 = CARTESIAN_POINT ( 'NONE',  ( 9.415217936710003954, -7.968244849358779192, 0.000000000000000000 ) ) ;
#7437 = AXIS2_PLACEMENT_3D ( 'NONE', #7205, #8560, #2545 ) ;
#7438 = CIRCLE ( 'NONE', #818, 13.75000000000000000 ) ;
#7439 = CARTESIAN_POINT ( 'NONE',  ( 13.50622083004036611, 2.577692551524272790, 8.000000000000000000 ) ) ;
#7440 = CYLINDRICAL_SURFACE ( 'NONE', #1532, 10.93750000000000178 ) ;
#7441 = CARTESIAN_POINT ( 'NONE',  ( -11.91079326901029489, 0.7828886122849056939, 0.000000000000000000 ) ) ;
#7442 = CARTESIAN_POINT ( 'NONE',  ( -0.2416457505997640642, -10.93483029503508597, 8.000000000000000000 ) ) ;
#7443 = CARTESIAN_POINT ( 'NONE',  ( 5.198761634262941911, -11.94884645308972360, 8.000000000000000000 ) ) ;
#7444 = CARTESIAN_POINT ( 'NONE',  ( -2.686824890852640646, -13.19332579941580263, 8.000000000000000000 ) ) ;
#7445 = VERTEX_POINT ( 'NONE', #4702 ) ;
#7446 = CARTESIAN_POINT ( 'NONE',  ( -11.66361783702276966, 2.940710835118423017, 0.000000000000000000 ) ) ;
#7447 = EDGE_LOOP ( 'NONE', ( #2659, #2589, #7158, #6605 ) ) ;
#7448 = LINE ( 'NONE', #7487, #6965 ) ;
#7449 = CARTESIAN_POINT ( 'NONE',  ( -9.392211555323777716, -10.01877448793499248, 8.000000000000000000 ) ) ;
#7450 = ORIENTED_EDGE ( 'NONE', *, *, #144, .T. ) ;
#7451 = LINE ( 'NONE', #784, #2093 ) ;
#7452 = CARTESIAN_POINT ( 'NONE',  ( -12.51119373526728218, 2.862521721341717118, 8.000000000000000000 ) ) ;
#7453 = CARTESIAN_POINT ( 'NONE',  ( 10.00078975079074795, 9.328340841197794830, 8.000000000000000000 ) ) ;
#7454 = CARTESIAN_POINT ( 'NONE',  ( 8.387629617526895842, 35.74224632986176431, -13.29537945950150224 ) ) ;
#7455 = CARTESIAN_POINT ( 'NONE',  ( -11.96219333340844848, 6.628700411335436193, 8.000000000000000000 ) ) ;
#7456 = CARTESIAN_POINT ( 'NONE',  ( -5.916238915412231236, 9.442776183394606448, 0.000000000000000000 ) ) ;
#7457 = CARTESIAN_POINT ( 'NONE',  ( 10.32496896312091827, 3.608867157514916713, 8.000000000000000000 ) ) ;
#7458 = CARTESIAN_POINT ( 'NONE',  ( -8.262247439007758487, -9.582420452220659968, 8.000000000000000000 ) ) ;
#7459 = PERSON_AND_ORGANIZATION ( #7465, #6602 ) ;
#7460 = ORIENTED_EDGE ( 'NONE', *, *, #2421, .T. ) ;
#7461 = CARTESIAN_POINT ( 'NONE',  ( -6.625183064395903543, 12.04862852623657332, 8.000000000000000000 ) ) ;
#7462 = CARTESIAN_POINT ( 'NONE',  ( -4.622531273494543846, 11.36047427339663862, 0.000000000000000000 ) ) ;
#7463 = CARTESIAN_POINT ( 'NONE',  ( -2.886444749237070173, 11.13701600410302817, 0.000000000000000000 ) ) ;
#7464 = CARTESIAN_POINT ( 'NONE',  ( 7.982026715513105053, 36.70022005990322356, 22.32479816206468115 ) ) ;
#7465 = PERSON ( 'æœª', 'æœª', 'æœª', ('æœª'), ('æœª'), ('æœª') ) ;
#7466 = CARTESIAN_POINT ( 'NONE',  ( 11.95399604505279889, 0.7941151212464765408, 0.000000000000000000 ) ) ;
#7467 = CARTESIAN_POINT ( 'NONE',  ( -7.707558585906881810, 9.234787594130779098, 0.000000000000000000 ) ) ;
#7468 = PLANE ( 'NONE',  #1367 ) ;
#7469 = CARTESIAN_POINT ( 'NONE',  ( 8.743249532614738584, 9.801135538539602621, -5.204170427930421283E-15 ) ) ;
#7470 = EDGE_LOOP ( 'NONE', ( #7549, #2827, #8196, #6920 ) ) ;
#7471 = CARTESIAN_POINT ( 'NONE',  ( -6.625183064392162535, -12.04862852631978676, 0.000000000000000000 ) ) ;
#7472 = CARTESIAN_POINT ( 'NONE',  ( -5.853360337646336120, -12.44189184801366288, 8.000000000000000000 ) ) ;
#7473 = CARTESIAN_POINT ( 'NONE',  ( 12.02849558175094558, -6.626067776680025112, 0.000000000000000000 ) ) ;
#7474 = CARTESIAN_POINT ( 'NONE',  ( 4.914015522341657061, 11.68378651397868850, 8.000000000000000000 ) ) ;
#7475 = ORIENTED_EDGE ( 'NONE', *, *, #6722, .F. ) ;
#7476 = ADVANCED_FACE ( 'NONE', ( #186 ), #681, .F. ) ;
#7477 = CARTESIAN_POINT ( 'NONE',  ( 8.881356617214196447, -7.313425558786442515, 0.000000000000000000 ) ) ;
#7478 = CARTESIAN_POINT ( 'NONE',  ( 6.186699299581317923, 9.699971161947093634, -5.204170427930421283E-15 ) ) ;
#7479 = ADVANCED_FACE ( 'NONE', ( #2060 ), #5442, .T. ) ;
#7480 = DIRECTION ( 'NONE',  ( 0.4067366430758008189, -0.9135454576426006446, -0.000000000000000000 ) ) ;
#7481 = CARTESIAN_POINT ( 'NONE',  ( -0.8412873393390029042, -12.10906341627276639, 8.000000000000000000 ) ) ;
#7482 = CARTESIAN_POINT ( 'NONE',  ( 5.038066446831270362, -11.80431640392010806, 0.000000000000000000 ) ) ;
#7483 = CARTESIAN_POINT ( 'NONE',  ( 2.145883182133908385, 37.37361591572383190, -9.733550194123695931 ) ) ;
#7484 = ORIENTED_EDGE ( 'NONE', *, *, #8067, .F. ) ;
#7485 = CARTESIAN_POINT ( 'NONE',  ( 12.23289380645681312, -0.8857088747960388808, 8.000000000000000000 ) ) ;
#7486 = ORIENTED_EDGE ( 'NONE', *, *, #1990, .F. ) ;
#7487 = CARTESIAN_POINT ( 'NONE',  ( -2.317265609202498577, 57.27921961714169896, 22.18705913416912168 ) ) ;
#7488 = CARTESIAN_POINT ( 'NONE',  ( -11.16457150618550465, 4.476617511824007245, 0.000000000000000000 ) ) ;
#7489 = ORIENTED_EDGE ( 'NONE', *, *, #4427, .T. ) ;
#7490 = CARTESIAN_POINT ( 'NONE',  ( -10.93483029503508597, -0.2416457505998009236, 8.000000000000000000 ) ) ;
#7491 = CYLINDRICAL_SURFACE ( 'NONE', #6042, 2.600000000000000089 ) ;
#7492 = CARTESIAN_POINT ( 'NONE',  ( -8.988499347771060854, -6.231836464888920624, 0.000000000000000000 ) ) ;
#7493 = VERTEX_POINT ( 'NONE', #7385 ) ;
#7494 = CARTESIAN_POINT ( 'NONE',  ( -2.937812879663857402, 11.90787246215809780, 8.000000000000000000 ) ) ;
#7495 = CARTESIAN_POINT ( 'NONE',  ( 11.73452356626245141, -4.965029436117384343, 0.000000000000000000 ) ) ;
#7496 = CARTESIAN_POINT ( 'NONE',  ( 4.190391026569694866, 38.28388945540208255, -11.71143058272539150 ) ) ;
#7497 = CARTESIAN_POINT ( 'NONE',  ( 6.527568552596234142, -10.64346975476059676, 8.000000000000000000 ) ) ;
#7498 = CARTESIAN_POINT ( 'NONE',  ( 13.06987279011083380, -2.724978029605075402, 8.000000000000000000 ) ) ;
#7499 = PERSON_AND_ORGANIZATION ( #7465, #6602 ) ;
#7500 = ORIENTED_EDGE ( 'NONE', *, *, #4455, .T. ) ;
#7501 = CARTESIAN_POINT ( 'NONE',  ( -6.473761040516448517, 10.41722559423733330, 0.000000000000000000 ) ) ;
#7502 = DIRECTION ( 'NONE',  ( 0.000000000000000000, 0.000000000000000000, 1.000000000000000000 ) ) ;
#7503 = FACE_OUTER_BOUND ( 'NONE', #8227, .T. ) ;
#7504 = CARTESIAN_POINT ( 'NONE',  ( 0.000000000000000000, 0.000000000000000000, 8.000000000000000000 ) ) ;
#7505 = CARTESIAN_POINT ( 'NONE',  ( 13.06987279011077874, 2.724978029605349406, 8.000000000000000000 ) ) ;
#7506 = CARTESIAN_POINT ( 'NONE',  ( -13.27225220462996624, -1.447204694645842782, 8.000000000000000000 ) ) ;
#7507 = VERTEX_POINT ( 'NONE', #6242 ) ;
#7508 = CARTESIAN_POINT ( 'NONE',  ( -8.262247439007827765, 9.582420452220601348, 0.000000000000000000 ) ) ;
#7509 = DIRECTION ( 'NONE',  ( 1.000000000000000000, 0.000000000000000000, 0.000000000000000000 ) ) ;
#7510 = CARTESIAN_POINT ( 'NONE',  ( 7.634358818669725544, 9.175863790627349914, 8.000000000000000000 ) ) ;
#7511 = ORIENTED_EDGE ( 'NONE', *, *, #5428, .F. ) ;
#7512 = CARTESIAN_POINT ( 'NONE',  ( -2.607747690746961222, -13.42510299664341211, 0.000000000000000000 ) ) ;
#7513 = CARTESIAN_POINT ( 'NONE',  ( -1.251919511749373326, 12.97053397611294656, 0.000000000000000000 ) ) ;
#7514 = CARTESIAN_POINT ( 'NONE',  ( 10.18403012388279549, -6.401038329813871108, 8.000000000000000000 ) ) ;
#7515 = CARTESIAN_POINT ( 'NONE',  ( -10.02415449855990204, 9.411632514553531337, 8.000000000000000000 ) ) ;
#7516 = CARTESIAN_POINT ( 'NONE',  ( -8.544655887209717804, 7.152395453489324595, 8.000000000000000000 ) ) ;
#7517 = CARTESIAN_POINT ( 'NONE',  ( 9.301941798724861599, -7.798144649837091436, 8.000000000000000000 ) ) ;
#7518 = CARTESIAN_POINT ( 'NONE',  ( 11.48389212362417844, 0.6963551242058848567, 0.000000000000000000 ) ) ;
#7519 = CARTESIAN_POINT ( 'NONE',  ( 6.418760976341214786, 10.23507608951714154, 8.000000000000000000 ) ) ;
#7520 = CARTESIAN_POINT ( 'NONE',  ( 1.565527684230042960, 34.88661075454945859, -8.371002309411325726 ) ) ;
#7521 = CARTESIAN_POINT ( 'NONE',  ( -0.7941151212463513076, -11.95399604505280600, 8.000000000000000000 ) ) ;
#7522 = CARTESIAN_POINT ( 'NONE',  ( 4.719217338362303060, -11.47561408673056249, 8.000000000000000000 ) ) ;
#7523 = CARTESIAN_POINT ( 'NONE',  ( -2.941792002708953913, -11.71764203423214212, 8.000000000000000000 ) ) ;
#7524 = CARTESIAN_POINT ( 'NONE',  ( 0.000000000000000000, 0.000000000000000000, 8.000000000000000000 ) ) ;
#7525 = ORIENTED_EDGE ( 'NONE', *, *, #1941, .T. ) ;
#7526 = VECTOR ( 'NONE', #8357, 1000.000000000000000 ) ;
#7527 = CARTESIAN_POINT ( 'NONE',  ( 12.13967088095521163, -2.919073574172969643, 0.000000000000000000 ) ) ;
#7528 = EDGE_CURVE ( 'NONE', #3547, #7351, #853, .T. ) ;
#7529 = CARTESIAN_POINT ( 'NONE',  ( -11.08591166683803841, 4.425208852857752895, 0.000000000000000000 ) ) ;
#7530 = ORIENTED_EDGE ( 'NONE', *, *, #2968, .T. ) ;
#7531 = CARTESIAN_POINT ( 'NONE',  ( -6.527568552596078710, -10.64346975476068913, 0.000000000000000000 ) ) ;
#7532 = CARTESIAN_POINT ( 'NONE',  ( -2.942100822599191368, 42.42433680949699237, 24.78316151863608141 ) ) ;
#7533 = EDGE_CURVE ( 'NONE', #3338, #6974, #6903, .T. ) ;
#7534 = DIRECTION ( 'NONE',  ( 1.000000000000000000, 0.000000000000000000, 0.000000000000000000 ) ) ;
#7535 = CARTESIAN_POINT ( 'NONE',  ( -2.941794575437281178, 11.77637575328570385, 8.000000000000000000 ) ) ;
#7536 = ORIENTED_EDGE ( 'NONE', *, *, #4742, .F. ) ;
#7537 = CARTESIAN_POINT ( 'NONE',  ( -12.02849558169544686, 6.626067776682316612, 8.000000000000000000 ) ) ;
#7538 = CARTESIAN_POINT ( 'NONE',  ( 11.49488719732987718, -2.929367628693651415, 8.000000000000000000 ) ) ;
#7539 = ORIENTED_EDGE ( 'NONE', *, *, #3119, .F. ) ;
#7540 = CARTESIAN_POINT ( 'NONE',  ( -6.473761040516448517, 10.41722559423733330, 8.000000000000000000 ) ) ;
#7541 = CARTESIAN_POINT ( 'NONE',  ( 11.71732392095615971, 6.632284204934560279, 0.000000000000000000 ) ) ;
#7542 = CARTESIAN_POINT ( 'NONE',  ( 5.442181256481159579, 53.53793983628211350, 17.04359809456631325 ) ) ;
#7543 = CARTESIAN_POINT ( 'NONE',  ( 7.325813532772613712, 37.92916375423452990, 22.11535967577285078 ) ) ;
#7544 = DIRECTION ( 'NONE',  ( -0.000000000000000000, 0.000000000000000000, -1.000000000000000000 ) ) ;
#7545 = ORIENTED_EDGE ( 'NONE', *, *, #6351, .T. ) ;
#7546 = CARTESIAN_POINT ( 'NONE',  ( -12.83440038321939269, -2.790132082466676877, 0.000000000000000000 ) ) ;
#7547 = CARTESIAN_POINT ( 'NONE',  ( 11.46125871374570160, 52.58461162194323890, -3.260507420625038399 ) ) ;
#7548 = CARTESIAN_POINT ( 'NONE',  ( 7.634358818669725544, 9.175863790627349914, -5.204170427930421283E-15 ) ) ;
#7549 = ORIENTED_EDGE ( 'NONE', *, *, #2030, .T. ) ;
#7550 = CARTESIAN_POINT ( 'NONE',  ( -2.841541163097955014, -12.61481170127152041, 0.000000000000000000 ) ) ;
#7551 = AXIS2_PLACEMENT_3D ( 'NONE', #7547, #4210, #6281 ) ;
#7552 = CARTESIAN_POINT ( 'NONE',  ( 2.487026500013287400, 35.33623014963296782, 26.76154079729225188 ) ) ;
#7553 = CARTESIAN_POINT ( 'NONE',  ( 0.000000000000000000, 0.000000000000000000, 8.000000000000000000 ) ) ;
#7554 = CARTESIAN_POINT ( 'NONE',  ( 5.038066446831024336, 11.80431640392021464, 8.000000000000000000 ) ) ;
#7555 = CARTESIAN_POINT ( 'NONE',  ( 6.628700411335304743, 11.96219333340851954, 8.000000000000000000 ) ) ;
#7556 = CARTESIAN_POINT ( 'NONE',  ( 0.6830227393984337203, 54.29171649442600511, 21.61616680320317130 ) ) ;
#7557 = CARTESIAN_POINT ( 'NONE',  ( -1.668469543058222371, 13.57387004037415679, 8.000000000000000000 ) ) ;
#7558 = CARTESIAN_POINT ( 'NONE',  ( 2.308341413467134284, 33.75165378070331457, 17.04359809456631325 ) ) ;
#7559 = VECTOR ( 'NONE', #7240, 1000.000000000000227 ) ;
#7560 = CARTESIAN_POINT ( 'NONE',  ( -10.93483029503508597, 0.2416457505997252342, 0.000000000000000000 ) ) ;
#7561 = CARTESIAN_POINT ( 'NONE',  ( 9.094348737717329101, -9.928529331195791841, 0.000000000000000000 ) ) ;
#7562 = CARTESIAN_POINT ( 'NONE',  ( -21.66673396644224070, 48.66428125902873347, 1.475443910021832135E-14 ) ) ;
#7563 = VECTOR ( 'NONE', #7928, 1000.000000000000000 ) ;
#7564 = CARTESIAN_POINT ( 'NONE',  ( -2.932881190150441686, -11.52995163726279415, 8.000000000000000000 ) ) ;
#7565 = CARTESIAN_POINT ( 'NONE',  ( 7.801703014478933440, 29.47908628266000619, -3.260507420625038399 ) ) ;
#7566 = ORIENTED_EDGE ( 'NONE', *, *, #227, .T. ) ;
#7567 = CIRCLE ( 'NONE', #7704, 13.75000000000000000 ) ;
#7568 = CARTESIAN_POINT ( 'NONE',  ( -12.87548337994386394, 1.195724957047492376, 8.000000000000000000 ) ) ;
#7569 = FACE_OUTER_BOUND ( 'NONE', #1294, .T. ) ;
#7570 = VECTOR ( 'NONE', #1348, 1000.000000000000000 ) ;
#7571 = DIRECTION ( 'NONE',  ( 0.000000000000000000, -0.000000000000000000, 1.000000000000000000 ) ) ;
#7572 = ADVANCED_FACE ( 'NONE', ( #5036 ), #891, .T. ) ;
#7573 = ORIENTED_EDGE ( 'NONE', *, *, #2295, .F. ) ;
#7574 = CARTESIAN_POINT ( 'NONE',  ( 4.921910166035641687, 38.60958276014741841, -12.41911060644212306 ) ) ;
#7575 = DIRECTION ( 'NONE',  ( 0.000000000000000000, 0.000000000000000000, -1.000000000000000000 ) ) ;
#7576 = CARTESIAN_POINT ( 'NONE',  ( -9.886832010614734045, -8.972047302895465037, 8.000000000000000000 ) ) ;
#7577 = CARTESIAN_POINT ( 'NONE',  ( 11.87581303661966281, -5.115945187291530694, 8.000000000000000000 ) ) ;
#7578 = CARTESIAN_POINT ( 'NONE',  ( -2.739280131316097044, 51.61814525374970941, -10.90981260795435048 ) ) ;
#7579 = VERTEX_POINT ( 'NONE', #4340 ) ;
#7580 = AXIS2_PLACEMENT_3D ( 'NONE', #7016, #4698, #3589 ) ;
#7581 = ADVANCED_FACE ( 'NONE', ( #5704 ), #1139, .T. ) ;
#7582 = DIRECTION ( 'NONE',  ( 0.000000000000000000, 0.000000000000000000, -1.000000000000000000 ) ) ;
#7583 = EDGE_CURVE ( 'NONE', #1892, #6982, #1912, .T. ) ;
#7584 = ADVANCED_FACE ( 'NONE', ( #3246 ), #6496, .F. ) ;
#7585 = ORIENTED_EDGE ( 'NONE', *, *, #8263, .T. ) ;
#7586 = CARTESIAN_POINT ( 'NONE',  ( -6.510080463201363798, 10.56312374806393350, 0.000000000000000000 ) ) ;
#7587 = CARTESIAN_POINT ( 'NONE',  ( -4.386616976970960202, 11.02139818175202279, 8.000000000000000000 ) ) ;
#7588 = DIRECTION ( 'NONE',  ( -0.1564344650402308967, -0.9876883405951376593, 0.000000000000000000 ) ) ;
#7589 = CARTESIAN_POINT ( 'NONE',  ( 12.33100786788142322, 5.689930116769447821, 8.000000000000000000 ) ) ;
#7590 = CARTESIAN_POINT ( 'NONE',  ( 13.48734665307393854, 2.584755384919379395, 8.000000000000000000 ) ) ;
#7591 = CARTESIAN_POINT ( 'NONE',  ( -12.00148937107102398, -0.8074739252556699665, -5.204170427930421283E-15 ) ) ;
#7592 = VERTEX_POINT ( 'NONE', #4650 ) ;
#7593 = CARTESIAN_POINT ( 'NONE',  ( -10.02706299306008830, 6.338109664291194711, 8.000000000000000000 ) ) ;
#7594 = CARTESIAN_POINT ( 'NONE',  ( -11.71732392095621123, -6.632284204934474126, 0.000000000000000000 ) ) ;
#7595 = CARTESIAN_POINT ( 'NONE',  ( 7.798144649837058573, 9.301941798724888244, 8.000000000000000000 ) ) ;
#7596 = VERTEX_POINT ( 'NONE', #5165 ) ;
#7597 = EDGE_CURVE ( 'NONE', #3581, #7275, #3941, .T. ) ;
#7598 = CARTESIAN_POINT ( 'NONE',  ( -2.941792002708953913, -11.71764203423214212, 0.000000000000000000 ) ) ;
#7599 = CARTESIAN_POINT ( 'NONE',  ( -11.02139818175200681, -4.386616976971000170, 8.000000000000000000 ) ) ;
#7600 = CARTESIAN_POINT ( 'NONE',  ( 7.906868104074138870, -9.376012365377775382, 0.000000000000000000 ) ) ;
#7601 = DIRECTION ( 'NONE',  ( -0.6049683311478913916, -0.2693492547302756002, 0.7493092133988346060 ) ) ;
#7602 = CARTESIAN_POINT ( 'NONE',  ( 6.367618434587429377, 10.09620455160495567, 8.000000000000000000 ) ) ;
#7603 = CARTESIAN_POINT ( 'NONE',  ( 3.963518256972125897, 25.02466939839985827, 0.000000000000000000 ) ) ;
#7604 = LINE ( 'NONE', #5585, #1073 ) ;
#7605 = DIRECTION ( 'NONE',  ( 0.000000000000000000, 0.000000000000000000, 1.000000000000000000 ) ) ;
#7606 = CARTESIAN_POINT ( 'NONE',  ( -13.62596226217983464, 1.709570872969460753, 8.000000000000000000 ) ) ;
#7607 = CARTESIAN_POINT ( 'NONE',  ( 9.392211555377345533, -10.01877448794989789, 0.000000000000000000 ) ) ;
#7608 = CARTESIAN_POINT ( 'NONE',  ( 8.375947653624042033, 35.76887421572862280, -13.28508304997270351 ) ) ;
#7609 = CARTESIAN_POINT ( 'NONE',  ( 8.988499347771014669, 6.231836464888988125, 8.000000000000000000 ) ) ;
#7610 = DIRECTION ( 'NONE',  ( 0.000000000000000000, 0.000000000000000000, -1.000000000000000000 ) ) ;
#7611 = VERTEX_POINT ( 'NONE', #4464 ) ;
#7612 = CARTESIAN_POINT ( 'NONE',  ( 11.98057174878959685, 2.933454507433692626, 0.000000000000000000 ) ) ;
#7613 = CARTESIAN_POINT ( 'NONE',  ( 12.13967088095521163, -2.919073574172969643, 8.000000000000000000 ) ) ;
#7614 = EDGE_CURVE ( 'NONE', #7418, #3010, #7843, .T. ) ;
#7615 = CARTESIAN_POINT ( 'NONE',  ( -11.25643158326924897, 4.542018187747182800, 8.000000000000000000 ) ) ;
#7616 = CARTESIAN_POINT ( 'NONE',  ( -11.90787246215808537, -2.937812879663900478, 0.000000000000000000 ) ) ;
#7617 = ORIENTED_EDGE ( 'NONE', *, *, #1052, .F. ) ;
#7618 = CARTESIAN_POINT ( 'NONE',  ( -4.896733499129011236, -11.66659828334870141, 0.000000000000000000 ) ) ;
#7619 = CARTESIAN_POINT ( 'NONE',  ( 4.887210304345076750, 11.65646762579911488, 0.000000000000000000 ) ) ;
#7620 = DIRECTION ( 'NONE',  ( -0.000000000000000000, -0.000000000000000000, 1.000000000000000000 ) ) ;
#7621 = DIRECTION ( 'NONE',  ( 0.6049683311478915027, 0.2693492547302756557, 0.7493092133988346060 ) ) ;
#7622 = CARTESIAN_POINT ( 'NONE',  ( 2.937812879663942223, -11.90787246215807471, 0.000000000000000000 ) ) ;
#7623 = EDGE_CURVE ( 'NONE', #7592, #4053, #1191, .T. ) ;
#7624 = CARTESIAN_POINT ( 'NONE',  ( 13.06987279011083380, -2.724978029605075402, -5.204170427930421283E-15 ) ) ;
#7625 = VERTEX_POINT ( 'NONE', #4508 ) ;
#7626 = DIRECTION ( 'NONE',  ( -0.000000000000000000, -0.000000000000000000, 1.000000000000000000 ) ) ;
#7627 = CARTESIAN_POINT ( 'NONE',  ( 0.000000000000000000, 0.000000000000000000, 0.000000000000000000 ) ) ;
#7628 = EDGE_CURVE ( 'NONE', #4535, #6434, #3988, .T. ) ;
#7629 = CARTESIAN_POINT ( 'NONE',  ( -2.841541163097955014, -12.61481170127152041, 0.000000000000000000 ) ) ;
#7630 = ORIENTED_EDGE ( 'NONE', *, *, #5859, .T. ) ;
#7631 = CARTESIAN_POINT ( 'NONE',  ( 8.271721916339043190, 36.03538080533305532, 22.19831019767847380 ) ) ;
#7632 = CARTESIAN_POINT ( 'NONE',  ( 7.660185656297800350, 35.50460556709773385, 22.94582773283533328 ) ) ;
#7633 = CARTESIAN_POINT ( 'NONE',  ( 0.000000000000000000, 0.000000000000000000, 0.000000000000000000 ) ) ;
#7634 = ORIENTED_EDGE ( 'NONE', *, *, #5924, .F. ) ;
#7635 = EDGE_CURVE ( 'NONE', #3102, #3845, #4435, .T. ) ;
#7636 = CARTESIAN_POINT ( 'NONE',  ( -11.85123473191540455, 6.631537913675494167, 8.000000000000000000 ) ) ;
#7637 = CARTESIAN_POINT ( 'NONE',  ( 0.000000000000000000, 0.000000000000000000, 8.000000000000000000 ) ) ;
#7638 = LINE ( 'NONE', #6013, #5890 ) ;
#7639 = ORIENTED_EDGE ( 'NONE', *, *, #7271, .F. ) ;
#7640 = CARTESIAN_POINT ( 'NONE',  ( -2.932881190150441686, -11.52995163726279415, 0.000000000000000000 ) ) ;
#7641 = DIRECTION ( 'NONE',  ( 0.1162120297037099598, -0.9608392129436811313, -0.2515606706580174046 ) ) ;
#7642 = CARTESIAN_POINT ( 'NONE',  ( -10.81899503309353072, -6.560248542580116471, 8.000000000000000000 ) ) ;
#7643 = CARTESIAN_POINT ( 'NONE',  ( 4.542018187747301816, -11.25643158326919746, 8.000000000000000000 ) ) ;
#7644 = CARTESIAN_POINT ( 'NONE',  ( 6.352286767647449039, 10.05932550694768857, 8.000000000000000000 ) ) ;
#7645 = DIRECTION ( 'NONE',  ( -0.1564344650402309800, -0.9876883405951376593, 0.000000000000000000 ) ) ;
#7646 = FACE_OUTER_BOUND ( 'NONE', #672, .T. ) ;
#7647 = DIRECTION ( 'NONE',  ( 0.6049683311478915027, 0.2693492547302756557, 0.7493092133988346060 ) ) ;
#7648 = B_SPLINE_SURFACE_WITH_KNOTS ( 'NONE', 3, 1, ( 
 ( #473, #8715 ),
 ( #3184, #3275 ),
 ( #5331, #6045 ),
 ( #8669, #8010 ),
 ( #7916, #4495 ),
 ( #6566, #1133 ),
 ( #1991, #2517 ),
 ( #1945, #6617 ),
 ( #5860, #5195 ),
 ( #4631, #3972 ),
 ( #7180, #8577 ),
 ( #4016, #2559 ),
 ( #7829, #2649 ),
 ( #7316, #3929 ),
 ( #8526, #607 ),
 ( #3841, #1272 ),
 ( #6522, #2605 ),
 ( #7874, #1218 ),
 ( #3320, #4677 ),
 ( #7359, #1857 ),
 ( #1316, #5280 ),
 ( #5950, #1812 ),
 ( #7962, #563 ),
 ( #6703, #7220 ),
 ( #1176, #5148 ),
 ( #3882, #5236 ),
 ( #512, #3229 ),
 ( #5907, #1900 ),
 ( #4581, #7266 ) ),
 .UNSPECIFIED., .F., .F., .F.,
 ( 4, 1, 1, 1, 1, 1, 1, 1, 1, 1, 1, 1, 1, 1, 1, 1, 1, 1, 1, 1, 1, 1, 1, 1, 1, 1, 4 ),
 ( 2, 2 ),
 ( 0.000000000000000000, 0.1659160033276295965, 0.1709059215442318702, 0.1766635194393565977, 0.1831887970181514669, 0.1904817542841364120, 0.1985423912398269763, 0.2073707078870824227, 0.2169667042273148716, 0.2273303802616240543, 0.2384617359908808021, 0.2503607714157882191, 0.2630274865369212067, 0.2764618813547564669, 0.2906639558696927361, 0.3056337100820685215, 0.3213711439921715929, 0.3378762576002502516, 0.3551490509065193812, 0.3731895239111665541, 0.3919976766143570268, 0.4115735090162354615, 0.4319170211169303109, 0.4530282129165571492, 0.4749070844152180060, 0.4975536356130058624, 0.5074316978669448641 ),
 ( 0.000000000000000000, 1.000000000000000000 ),
 .UNSPECIFIED. ) ;
#7649 = CARTESIAN_POINT ( 'NONE',  ( -12.87548337994386394, 1.195724957047492376, 0.000000000000000000 ) ) ;
#7650 = DIRECTION ( 'NONE',  ( -1.000000000000000000, 0.000000000000000000, 0.000000000000000000 ) ) ;
#7651 = CARTESIAN_POINT ( 'NONE',  ( 3.608867157514881185, -10.32496896312093071, 0.000000000000000000 ) ) ;
#7652 = ADVANCED_FACE ( 'NONE', ( #6766 ), #4974, .T. ) ;
#7653 = CARTESIAN_POINT ( 'NONE',  ( -13.32045193209910927, 2.644734409370955053, 8.000000000000000000 ) ) ;
#7654 = CARTESIAN_POINT ( 'NONE',  ( 13.16905850672526590, -1.377525651863595435, 8.000000000000000000 ) ) ;
#7655 = ORIENTED_EDGE ( 'NONE', *, *, #8299, .T. ) ;
#7656 = CARTESIAN_POINT ( 'NONE',  ( -12.69447357664507692, 1.095856395948356488, 8.000000000000000000 ) ) ;
#7657 = CARTESIAN_POINT ( 'NONE',  ( -2.759358130927346942, 12.95019774290649650, 0.000000000000000000 ) ) ;
#7658 = CARTESIAN_POINT ( 'NONE',  ( 5.198761634262691445, 11.94884645308983018, 8.000000000000000000 ) ) ;
#7659 = CARTESIAN_POINT ( 'NONE',  ( -12.17545110014131282, 5.477724940116812213, 8.000000000000000000 ) ) ;
#7660 = VERTEX_POINT ( 'NONE', #2134 ) ;
#7661 = EDGE_CURVE ( 'NONE', #8057, #4827, #3501, .T. ) ;
#7662 = CARTESIAN_POINT ( 'NONE',  ( -4.668788839230776588, -11.41672744483955171, 8.000000000000000000 ) ) ;
#7663 = CARTESIAN_POINT ( 'NONE',  ( 12.04862852623664260, -6.625183064395767651, 8.000000000000000000 ) ) ;
#7664 = CARTESIAN_POINT ( 'NONE',  ( 12.43077374740204100, -5.836552422531194217, 8.000000000000000000 ) ) ;
#7665 = CARTESIAN_POINT ( 'NONE',  ( 2.686824890852831604, -13.19332579941576533, 8.000000000000000000 ) ) ;
#7666 = ORIENTED_EDGE ( 'NONE', *, *, #7635, .T. ) ;
#7667 = CARTESIAN_POINT ( 'NONE',  ( 12.83440038321943000, -2.790132082466497021, 8.000000000000000000 ) ) ;
#7668 = EDGE_LOOP ( 'NONE', ( #508, #4988, #1179, #1518, #4695, #1111 ) ) ;
#7669 = DIRECTION ( 'NONE',  ( 0.000000000000000000, -0.000000000000000000, -1.000000000000000000 ) ) ;
#7670 = CARTESIAN_POINT ( 'NONE',  ( 0.000000000000000000, 0.000000000000000000, 0.000000000000000000 ) ) ;
#7671 = CARTESIAN_POINT ( 'NONE',  ( -2.908682420983816019, -12.22597347346770569, 0.000000000000000000 ) ) ;
#7672 = ORIENTED_EDGE ( 'NONE', *, *, #3853, .F. ) ;
#7673 = CARTESIAN_POINT ( 'NONE',  ( 5.799221286087351324, 38.42584859216216842, 21.06137787658136773 ) ) ;
#7674 = CARTESIAN_POINT ( 'NONE',  ( 7.614520132986560164, 35.55805151974436740, 22.96172847542750972 ) ) ;
#7675 = CARTESIAN_POINT ( 'NONE',  ( -12.37227591337641996, -0.9420826277741997101, -5.204170427930421283E-15 ) ) ;
#7676 = ORIENTED_EDGE ( 'NONE', *, *, #2940, .F. ) ;
#7677 = CARTESIAN_POINT ( 'NONE',  ( -9.442776183394450129, 5.916238915412022514, 8.000000000000000000 ) ) ;
#7678 = CARTESIAN_POINT ( 'NONE',  ( -12.02849558169544686, 6.626067776682316612, 0.000000000000000000 ) ) ;
#7679 = DIRECTION ( 'NONE',  ( 0.4067366430758008189, -0.9135454576426006446, -0.000000000000000000 ) ) ;
#7680 = ORIENTED_EDGE ( 'NONE', *, *, #3259, .T. ) ;
#7681 = CARTESIAN_POINT ( 'NONE',  ( -6.401038329813911965, -10.18403012388277062, 0.000000000000000000 ) ) ;
#7682 = ADVANCED_FACE ( 'NONE', ( #2296 ), #1627, .T. ) ;
#7683 = LINE ( 'NONE', #7117, #1538 ) ;
#7684 = CARTESIAN_POINT ( 'NONE',  ( 7.668835209823090970, -9.204216794247509270, 0.000000000000000000 ) ) ;
#7685 = CARTESIAN_POINT ( 'NONE',  ( 5.853360337646255296, 12.44189184801370018, 0.000000000000000000 ) ) ;
#7686 = CARTESIAN_POINT ( 'NONE',  ( -8.704427730807733354, 6.622827502596257965, 8.000000000000000000 ) ) ;
#7687 = CARTESIAN_POINT ( 'NONE',  ( 12.00148937107101865, 0.8074739252557537883, 8.000000000000000000 ) ) ;
#7688 = CARTESIAN_POINT ( 'NONE',  ( 10.47431425022855755, 3.149229626029041551, 8.000000000000000000 ) ) ;
#7689 = DIRECTION ( 'NONE',  ( 0.000000000000000000, 0.000000000000000000, 1.000000000000000000 ) ) ;
#7690 = CIRCLE ( 'NONE', #4465, 5.000000000000000888 ) ;
#7691 = CARTESIAN_POINT ( 'NONE',  ( 1.195724957047537229, -12.87548337994386038, 0.000000000000000000 ) ) ;
#7692 = DIRECTION ( 'NONE',  ( -0.000000000000000000, -0.000000000000000000, -1.000000000000000000 ) ) ;
#7693 = CARTESIAN_POINT ( 'NONE',  ( 6.991464961709714210, 38.98826685425781591, -14.30433695074086131 ) ) ;
#7694 = CARTESIAN_POINT ( 'NONE',  ( -12.72257526253006077, 2.817469215210235411, 8.000000000000000000 ) ) ;
#7695 = DIRECTION ( 'NONE',  ( 0.000000000000000000, 0.000000000000000000, -1.000000000000000000 ) ) ;
#7696 = VERTEX_POINT ( 'NONE', #7415 ) ;
#7697 = CARTESIAN_POINT ( 'NONE',  ( -12.78342018721907714, 1.143751547996426421, 8.000000000000000000 ) ) ;
#7698 = VECTOR ( 'NONE', #3236, 999.9999999999998863 ) ;
#7699 = CARTESIAN_POINT ( 'NONE',  ( 9.175863790627321492, -7.634358818669758406, -5.204170427930421283E-15 ) ) ;
#7700 = CARTESIAN_POINT ( 'NONE',  ( 0.000000000000000000, 0.000000000000000000, 8.000000000000000000 ) ) ;
#7701 = CARTESIAN_POINT ( 'NONE',  ( -4.404384806714049638, -11.05183112916333243, 8.000000000000000000 ) ) ;
#7702 = AXIS2_PLACEMENT_3D ( 'NONE', #2367, #411, #5129 ) ;
#7703 = VERTEX_POINT ( 'NONE', #6806 ) ;
#7704 = AXIS2_PLACEMENT_3D ( 'NONE', #4182, #4804, #2735 ) ;
#7705 = CARTESIAN_POINT ( 'NONE',  ( -4.210990906299821646, -10.70664486910373903, 8.000000000000000000 ) ) ;
#7706 = PLANE ( 'NONE',  #1817 ) ;
#7707 = CARTESIAN_POINT ( 'NONE',  ( 10.91417308631850247, -6.575057906251617013, 8.000000000000000000 ) ) ;
#7708 = DIRECTION ( 'NONE',  ( -0.1409556170938871811, -0.8899587409284834827, 0.4337106794335018889 ) ) ;
#7709 = ORIENTED_EDGE ( 'NONE', *, *, #2910, .F. ) ;
#7710 = CARTESIAN_POINT ( 'NONE',  ( 2.940710835118548250, -11.66361783702273947, 0.000000000000000000 ) ) ;
#7711 = VECTOR ( 'NONE', #7679, 1000.000000000000114 ) ;
#7712 = AXIS2_PLACEMENT_3D ( 'NONE', #1162, #6923, #5802 ) ;
#7713 = CARTESIAN_POINT ( 'NONE',  ( -4.476617511824047213, 11.16457150618548866, 0.000000000000000000 ) ) ;
#7714 = ORIENTED_EDGE ( 'NONE', *, *, #2529, .F. ) ;
#7715 = CARTESIAN_POINT ( 'NONE',  ( -8.743249532614884245, 9.801135538539480052, 0.000000000000000000 ) ) ;
#7716 = CARTESIAN_POINT ( 'NONE',  ( -12.25290083038835398, -5.581155335976986542, 0.000000000000000000 ) ) ;
#7717 = CC_DESIGN_APPROVAL ( #7775, ( #1264 ) ) ;
#7718 = CARTESIAN_POINT ( 'NONE',  ( -6.455308898419720443, -10.35164078446986302, 8.000000000000000000 ) ) ;
#7719 = AXIS2_PLACEMENT_3D ( 'NONE', #5068, #7789, #1631 ) ;
#7720 = VERTEX_POINT ( 'NONE', #7457 ) ;
#7721 = CARTESIAN_POINT ( 'NONE',  ( 8.400382747322002075, 35.71160952385435650, 21.28337015438481217 ) ) ;
#7722 = CARTESIAN_POINT ( 'NONE',  ( 8.494346181454707434, 35.57020252787464187, 22.31810683001350526 ) ) ;
#7723 = DIRECTION ( 'NONE',  ( -0.000000000000000000, 0.000000000000000000, -1.000000000000000000 ) ) ;
#7724 = CARTESIAN_POINT ( 'NONE',  ( -12.04862852631976722, 6.625183064392203391, 0.000000000000000000 ) ) ;
#7725 = CARTESIAN_POINT ( 'NONE',  ( -11.34404188716889728, 6.619621129381155100, 0.000000000000000000 ) ) ;
#7726 = CARTESIAN_POINT ( 'NONE',  ( 11.20891349420036498, -4.507497455255990104, 0.000000000000000000 ) ) ;
#7727 = VERTEX_POINT ( 'NONE', #4032 ) ;
#7728 = CARTESIAN_POINT ( 'NONE',  ( 1.143751547996471052, -12.78342018721907003, 0.000000000000000000 ) ) ;
#7729 = CARTESIAN_POINT ( 'NONE',  ( 9.301941798724689292, 7.798144649837294828, 0.000000000000000000 ) ) ;
#7730 = CARTESIAN_POINT ( 'NONE',  ( -13.50622083004039986, 2.577692551524081832, 0.000000000000000000 ) ) ;
#7731 = CARTESIAN_POINT ( 'NONE',  ( 2.146044805932655564, 36.31139101835978522, 26.69378740028921015 ) ) ;
#7732 = LINE ( 'NONE', #8633, #4328 ) ;
#7733 = CARTESIAN_POINT ( 'NONE',  ( 12.30068812565075298, 0.9123192481544342147, 0.000000000000000000 ) ) ;
#7734 = CARTESIAN_POINT ( 'NONE',  ( 0.000000000000000000, 0.000000000000000000, 0.000000000000000000 ) ) ;
#7735 = CARTESIAN_POINT ( 'NONE',  ( 11.80431640392009029, 5.038066446831312106, 0.000000000000000000 ) ) ;
#7736 = EDGE_CURVE ( 'NONE', #5427, #7596, #6102, .T. ) ;
#7737 = CARTESIAN_POINT ( 'NONE',  ( 0.000000000000000000, 0.000000000000000000, 8.000000000000000000 ) ) ;
#7738 = DIRECTION ( 'NONE',  ( -0.3090169943749515036, 0.9510565162951521989, 0.000000000000000000 ) ) ;
#7739 = EDGE_CURVE ( 'NONE', #6974, #1686, #7010, .T. ) ;
#7740 = CARTESIAN_POINT ( 'NONE',  ( 11.53698844606699758, 4.773939382173117529, 8.000000000000000000 ) ) ;
#7741 = DIRECTION ( 'NONE',  ( 0.000000000000000000, -0.000000000000000000, -1.000000000000000000 ) ) ;
#7742 = EDGE_LOOP ( 'NONE', ( #3252, #2890, #714, #7460 ) ) ;
#7743 = CARTESIAN_POINT ( 'NONE',  ( -11.48389212362418199, -0.6963551242058048096, 8.000000000000000000 ) ) ;
#7744 = CARTESIAN_POINT ( 'NONE',  ( -2.908682420983905281, 12.22597347346768615, 0.000000000000000000 ) ) ;
#7745 = CARTESIAN_POINT ( 'NONE',  ( 9.328340841197540811, 10.00078975079098420, 8.000000000000000000 ) ) ;
#7746 = EDGE_CURVE ( 'NONE', #3173, #7937, #2007, .T. ) ;
#7747 = CARTESIAN_POINT ( 'NONE',  ( -4.476617511823964612, -11.16457150618552063, 8.000000000000000000 ) ) ;
#7748 = ORIENTED_EDGE ( 'NONE', *, *, #5207, .T. ) ;
#7749 = CARTESIAN_POINT ( 'NONE',  ( -0.9420826277741567445, -12.37227591337642352, 0.000000000000000000 ) ) ;
#7750 = CARTESIAN_POINT ( 'NONE',  ( 8.357623722479971207, 35.81004254095965678, 21.32947797539414125 ) ) ;
#7751 = CARTESIAN_POINT ( 'NONE',  ( 11.58812316373730411, -6.630420918279993359, 8.000000000000000000 ) ) ;
#7752 = VERTEX_POINT ( 'NONE', #1425 ) ;
#7753 = CARTESIAN_POINT ( 'NONE',  ( -11.91079326901028779, -0.7828886122849891827, 0.000000000000000000 ) ) ;
#7754 = LINE ( 'NONE', #1731, #7526 ) ;
#7755 = CYLINDRICAL_SURFACE ( 'NONE', #3073, 0.9999999999999991118 ) ;
#7756 = VERTEX_POINT ( 'NONE', #669 ) ;
#7757 = CARTESIAN_POINT ( 'NONE',  ( -7.750629585191723514, 9.267416903471923817, 0.000000000000000000 ) ) ;
#7758 = CARTESIAN_POINT ( 'NONE',  ( -10.70664486910369462, -4.210990906299937997, 8.000000000000000000 ) ) ;
#7759 = CARTESIAN_POINT ( 'NONE',  ( -2.936066220363969581, -11.56976343863538048, 8.000000000000000000 ) ) ;
#7760 = CARTESIAN_POINT ( 'NONE',  ( 8.479286128708347192, 35.48469610546605679, 21.31178637921871299 ) ) ;
#7761 = CARTESIAN_POINT ( 'NONE',  ( -1.095856395948400897, 12.69447357664507514, 0.000000000000000000 ) ) ;
#7762 = CARTESIAN_POINT ( 'NONE',  ( -10.64346975476066604, 6.527568552596115126, 8.000000000000000000 ) ) ;
#7763 = CARTESIAN_POINT ( 'NONE',  ( -5.115945187291566221, -11.87581303661964682, 0.000000000000000000 ) ) ;
#7764 = CARTESIAN_POINT ( 'NONE',  ( 12.39393210983946325, -5.781365353077968727, 8.000000000000000000 ) ) ;
#7765 = ORIENTED_EDGE ( 'NONE', *, *, #445, .T. ) ;
#7766 = CARTESIAN_POINT ( 'NONE',  ( -6.338109664291160961, -10.02706299306011140, 0.000000000000000000 ) ) ;
#7767 = EDGE_CURVE ( 'NONE', #3764, #5969, #2442, .T. ) ;
#7768 = CARTESIAN_POINT ( 'NONE',  ( 9.539420412438825991, 8.181339682156078652, 0.000000000000000000 ) ) ;
#7769 = CARTESIAN_POINT ( 'NONE',  ( -8.881356617214091642, -7.313425558786570413, 0.000000000000000000 ) ) ;
#7770 = CARTESIAN_POINT ( 'NONE',  ( 4.896733499129178213, -11.66659828334862681, 8.000000000000000000 ) ) ;
#7771 = DIRECTION ( 'NONE',  ( 1.000000000000000000, 0.000000000000000000, 0.000000000000000000 ) ) ;
#7772 = CARTESIAN_POINT ( 'NONE',  ( 12.44755643926124655, 0.9751606640716734553, 8.000000000000000000 ) ) ;
#7773 = CARTESIAN_POINT ( 'NONE',  ( 12.72257526253001814, 2.817469215210413935, 8.000000000000000000 ) ) ;
#7774 = CARTESIAN_POINT ( 'NONE',  ( 10.32496896312099111, -3.608867157514701773, 8.000000000000000000 ) ) ;
#7775 = APPROVAL ( #1428, 'æœª' ) ;
#7776 = CARTESIAN_POINT ( 'NONE',  ( 7.708755603958690195, 29.49380770625485226, -13.00000000000000178 ) ) ;
#7777 = B_SPLINE_CURVE_WITH_KNOTS ( 'NONE', 3,
 ( #1868, #620, #6578, #3244, #7232, #7975, #7281, #1189, #8023, #3894, #5248, #1234, #3333, #3151, #2665, #5919, #3194, #3849, #2571, #5344, #8492, #1914, #2005, #3943, #1102, #4647, #5163, #3810, #5205 ),
 .UNSPECIFIED., .F., .F.,
 ( 4, 1, 1, 1, 1, 1, 1, 1, 1, 1, 1, 1, 1, 1, 1, 1, 1, 1, 1, 1, 1, 1, 1, 1, 1, 1, 4 ),
 ( 0.000000000000000000, 0.1659160033276295965, 0.1709059215442318702, 0.1766635194393565977, 0.1831887970181514669, 0.1904817542841364120, 0.1985423912398269763, 0.2073707078870824227, 0.2169667042273148716, 0.2273303802616240543, 0.2384617359908808021, 0.2503607714157882191, 0.2630274865369212067, 0.2764618813547564669, 0.2906639558696927361, 0.3056337100820685215, 0.3213711439921715929, 0.3378762576002502516, 0.3551490509065193812, 0.3731895239111665541, 0.3919976766143570268, 0.4115735090162354615, 0.4319170211169303109, 0.4530282129165571492, 0.4749070844152180060, 0.4975536356130058624, 0.5074316978669450862 ),
 .UNSPECIFIED. ) ;
#7778 = DIRECTION ( 'NONE',  ( -0.000000000000000000, -0.000000000000000000, -1.000000000000000000 ) ) ;
#7779 = CARTESIAN_POINT ( 'NONE',  ( 7.404713031359073661, 37.77549226617575329, -14.39646588446255393 ) ) ;
#7780 = CARTESIAN_POINT ( 'NONE',  ( 11.66659828334860904, 4.896733499129219069, 8.000000000000000000 ) ) ;
#7781 = CARTESIAN_POINT ( 'NONE',  ( -8.881356617214141380, 7.313425558786508240, 8.000000000000000000 ) ) ;
#7782 = ORIENTED_EDGE ( 'NONE', *, *, #2158, .T. ) ;
#7783 = ADVANCED_FACE ( 'NONE', ( #4818 ), #1466, .T. ) ;
#7784 = CARTESIAN_POINT ( 'NONE',  ( 11.71764203423215100, -2.941792002708918385, 8.000000000000000000 ) ) ;
#7785 = CARTESIAN_POINT ( 'NONE',  ( -2.936066220364054402, 11.56976343863535917, 0.000000000000000000 ) ) ;
#7786 = LINE ( 'NONE', #3136, #8128 ) ;
#7787 = ORIENTED_EDGE ( 'NONE', *, *, #154, .F. ) ;
#7788 = CARTESIAN_POINT ( 'NONE',  ( -4.425208852857711150, -11.08591166683805262, 8.000000000000000000 ) ) ;
#7789 = DIRECTION ( 'NONE',  ( 0.6845280282702556063, 0.3047715140836109726, 0.6622202826217417071 ) ) ;
#7790 = ADVANCED_FACE ( 'NONE', ( #3751 ), #3795, .T. ) ;
#7791 = B_SPLINE_SURFACE_WITH_KNOTS ( 'NONE', 3, 1, ( 
 ( #673, #537 ),
 ( #5299, #4036 ),
 ( #6064, #5254 ),
 ( #1152, #1195 ),
 ( #3900, #6585 ),
 ( #5926, #4081 ),
 ( #796, #3595 ),
 ( #5436, #5484 ),
 ( #8278, #97 ),
 ( #2838, #6810 ),
 ( #221, #2138 ),
 ( #7540, #7501 ),
 ( #3431, #6148 ),
 ( #8231, #7586 ),
 ( #2096, #1511 ),
 ( #3473, #8108 ),
 ( #4159, #4201 ),
 ( #6850, #6769 ),
 ( #4900, #6895 ),
 ( #4821, #1558 ),
 ( #2219, #841 ),
 ( #4242, #4780 ),
 ( #5524, #715 ),
 ( #2794, #757 ),
 ( #6932, #3555 ),
 ( #6106, #6234 ),
 ( #4121, #6273 ),
 ( #55, #8151 ),
 ( #7461, #2178 ) ),
 .UNSPECIFIED., .F., .F., .F.,
 ( 4, 1, 1, 1, 1, 1, 1, 1, 1, 1, 1, 1, 1, 1, 1, 1, 1, 1, 1, 1, 1, 1, 1, 1, 1, 1, 4 ),
 ( 2, 2 ),
 ( 0.000000000000000000, 0.1659160033276295965, 0.1709059215442318702, 0.1766635194393565977, 0.1831887970181514669, 0.1904817542841364120, 0.1985423912398269763, 0.2073707078870824227, 0.2169667042273148716, 0.2273303802616240543, 0.2384617359908808021, 0.2503607714157882191, 0.2630274865369212067, 0.2764618813547564669, 0.2906639558696927361, 0.3056337100820685215, 0.3213711439921715929, 0.3378762576002502516, 0.3551490509065193812, 0.3731895239111665541, 0.3919976766143570268, 0.4115735090162354615, 0.4319170211169303109, 0.4530282129165571492, 0.4749070844152180060, 0.4975536356130058624, 0.5074316978669444200 ),
 ( 0.000000000000000000, 1.000000000000000000 ),
 .UNSPECIFIED. ) ;
#7792 = CARTESIAN_POINT ( 'NONE',  ( 7.708755603958712399, 29.49380770625486292, -12.99999999999999822 ) ) ;
#7793 = CARTESIAN_POINT ( 'NONE',  ( -12.69447357664507159, -1.095856395948445083, 0.000000000000000000 ) ) ;
#7794 = CARTESIAN_POINT ( 'NONE',  ( -10.33666240664859082, -4.161888422927137121, 0.000000000000000000 ) ) ;
#7795 = CARTESIAN_POINT ( 'NONE',  ( 8.582802603522555529, 35.01232327364840557, -13.00000000000002132 ) ) ;
#7796 = B_SPLINE_CURVE_WITH_KNOTS ( 'NONE', 3,
 ( #6707, #6133, #3545, #4022, #4145, #1416, #6092, #6048, #4108, #6797, #6880, #80, #2777, #6834, #780, #3499, #828, #7656, #7697, #7568, #1625, #6262, #3001, #4363, #6389, #1718, #7088, #8218, #5681 ),
 .UNSPECIFIED., .F., .F.,
 ( 4, 1, 1, 1, 1, 1, 1, 1, 1, 1, 1, 1, 1, 1, 1, 1, 1, 1, 1, 1, 1, 1, 1, 1, 1, 1, 4 ),
 ( 0.000000000000000000, 0.1659160033276295965, 0.1709059215442318702, 0.1766635194393565977, 0.1831887970181514669, 0.1904817542841364120, 0.1985423912398269763, 0.2073707078870824227, 0.2169667042273148716, 0.2273303802616240543, 0.2384617359908808021, 0.2503607714157882191, 0.2630274865369212067, 0.2764618813547564669, 0.2906639558696927361, 0.3056337100820685215, 0.3213711439921715929, 0.3378762576002502516, 0.3551490509065193812, 0.3731895239111665541, 0.3919976766143570268, 0.4115735090162354615, 0.4319170211169303109, 0.4530282129165571492, 0.4749070844152180060, 0.4975536356130058624, 0.5074316978669454192 ),
 .UNSPECIFIED. ) ;
#7797 = ORIENTED_EDGE ( 'NONE', *, *, #5541, .T. ) ;
#7798 = CARTESIAN_POINT ( 'NONE',  ( -7.634358818669860547, 9.175863790627238004, 8.000000000000000000 ) ) ;
#7799 = CARTESIAN_POINT ( 'NONE',  ( -12.33100786788146586, -5.689930116769362556, 8.000000000000000000 ) ) ;
#7800 = CARTESIAN_POINT ( 'NONE',  ( -6.352286767647525423, -10.05932550694764060, 8.000000000000000000 ) ) ;
#7801 = CARTESIAN_POINT ( 'NONE',  ( 7.685887301417610118, 35.46596690801498397, 22.93964871792094229 ) ) ;
#7802 = CARTESIAN_POINT ( 'NONE',  ( -11.63207506770849875, 53.13199924803154062, 21.61616680320317130 ) ) ;
#7803 = CARTESIAN_POINT ( 'NONE',  ( 6.473761040516524901, -10.41722559423728356, 8.000000000000000000 ) ) ;
#7804 = CARTESIAN_POINT ( 'NONE',  ( -5.198761634262769604, -11.94884645308979820, 0.000000000000000000 ) ) ;
#7805 = CARTESIAN_POINT ( 'NONE',  ( 11.08591166683806684, -4.425208852857677400, 8.000000000000000000 ) ) ;
#7806 = ORIENTED_EDGE ( 'NONE', *, *, #4663, .F. ) ;
#7807 = CARTESIAN_POINT ( 'NONE',  ( 1.600954125870927891, -13.48577048812304113, 8.000000000000000000 ) ) ;
#7808 = CARTESIAN_POINT ( 'NONE',  ( 11.56976343863532541, 2.936066220364176971, 0.000000000000000000 ) ) ;
#7809 = DIRECTION ( 'NONE',  ( 0.000000000000000000, 0.000000000000000000, 1.000000000000000000 ) ) ;
#7810 = CARTESIAN_POINT ( 'NONE',  ( -9.234787594130748900, -7.707558585906912008, 8.000000000000000000 ) ) ;
#7811 = CARTESIAN_POINT ( 'NONE',  ( -11.63207506770849875, 53.13199924803154062, -13.61616680320316952 ) ) ;
#7812 = CARTESIAN_POINT ( 'NONE',  ( 13.48577048812302337, 1.600954125871069111, 0.000000000000000000 ) ) ;
#7813 = CARTESIAN_POINT ( 'NONE',  ( 13.50622083004036611, 2.577692551524272790, 8.000000000000000000 ) ) ;
#7814 = CARTESIAN_POINT ( 'NONE',  ( 5.341376594307784664, 38.41670166580615131, -12.68844070737145024 ) ) ;
#7815 = DIRECTION ( 'NONE',  ( 0.000000000000000000, 0.000000000000000000, -1.000000000000000000 ) ) ;
#7816 = PRODUCT_DEFINITION_SHAPE ( 'NONE', 'NONE',  #1264 ) ;
#7817 = CARTESIAN_POINT ( 'NONE',  ( -12.13967088095517433, -2.919073574173140173, 8.000000000000000000 ) ) ;
#7818 = CARTESIAN_POINT ( 'NONE',  ( 7.128548283954592613, 38.44019123919412806, -14.38208582850868922 ) ) ;
#7819 = CARTESIAN_POINT ( 'NONE',  ( 11.36047427339658711, 4.622531273494663751, 8.000000000000000000 ) ) ;
#7820 = DIRECTION ( 'NONE',  ( 0.9876883405951378814, -0.1564344650402312575, -0.000000000000000000 ) ) ;
#7821 = ORIENTED_EDGE ( 'NONE', *, *, #6780, .T. ) ;
#7822 = DIRECTION ( 'NONE',  ( 1.000000000000000000, 0.000000000000000000, 0.000000000000000000 ) ) ;
#7823 = CARTESIAN_POINT ( 'NONE',  ( 9.801135538539572423, -8.743249532614775887, 8.000000000000000000 ) ) ;
#7824 = CARTESIAN_POINT ( 'NONE',  ( 8.535381057717431830, 9.713655369616290614, 8.000000000000000000 ) ) ;
#7825 = VECTOR ( 'NONE', #197, 1000.000000000000000 ) ;
#7826 = ORIENTED_EDGE ( 'NONE', *, *, #5154, .F. ) ;
#7827 = CARTESIAN_POINT ( 'NONE',  ( -9.539420412438884611, -8.181339682156007598, 0.000000000000000000 ) ) ;
#7828 = CARTESIAN_POINT ( 'NONE',  ( -7.152395453489296173, -8.544655887209740897, 0.000000000000000000 ) ) ;
#7829 = CARTESIAN_POINT ( 'NONE',  ( 12.30068812565077252, -0.9123192481541766430, 8.000000000000000000 ) ) ;
#7830 = ORIENTED_EDGE ( 'NONE', *, *, #4039, .F. ) ;
#7831 = CARTESIAN_POINT ( 'NONE',  ( -11.83751175313649817, -0.7661213205046906172, 0.000000000000000000 ) ) ;
#7832 = VECTOR ( 'NONE', #5382, 1000.000000000000114 ) ;
#7833 = CARTESIAN_POINT ( 'NONE',  ( -2.600000000000000089, 3.184081677783118191E-16, 0.000000000000000000 ) ) ;
#7834 = LINE ( 'NONE', #4500, #5595 ) ;
#7835 = AXIS2_PLACEMENT_3D ( 'NONE', #2707, #2745, #6057 ) ;
#7836 = ORIENTED_EDGE ( 'NONE', *, *, #6069, .F. ) ;
#7837 = CARTESIAN_POINT ( 'NONE',  ( 6.473761040516294862, 10.41722559423742567, 0.000000000000000000 ) ) ;
#7838 = CARTESIAN_POINT ( 'NONE',  ( -12.02324651265878153, -5.286606996007026105, 0.000000000000000000 ) ) ;
#7839 = CARTESIAN_POINT ( 'NONE',  ( -2.929367628693686054, -11.49488719732986830, 0.000000000000000000 ) ) ;
#7840 = ADVANCED_FACE ( 'NONE', ( #6517 ), #5189, .T. ) ;
#7841 = CARTESIAN_POINT ( 'NONE',  ( 6.527568552596234142, -10.64346975476059676, 0.000000000000000000 ) ) ;
#7842 = CARTESIAN_POINT ( 'NONE',  ( -1.600954125870927891, 13.48577048812304113, 8.000000000000000000 ) ) ;
#7843 = LINE ( 'NONE', #1829, #5056 ) ;
#7844 = CARTESIAN_POINT ( 'NONE',  ( -4.668788839230776588, -11.41672744483955171, 0.000000000000000000 ) ) ;
#7845 = CARTESIAN_POINT ( 'NONE',  ( 7.604022508570443151, -9.149886257342835449, 8.000000000000000000 ) ) ;
#7846 = EDGE_CURVE ( 'NONE', #5925, #4053, #8405, .T. ) ;
#7847 = ORIENTED_EDGE ( 'NONE', *, *, #2045, .T. ) ;
#7848 = AXIS2_PLACEMENT_3D ( 'NONE', #5910, #567, #5954 ) ;
#7849 = CARTESIAN_POINT ( 'NONE',  ( 1.251919511749373326, -12.97053397611294656, 8.000000000000000000 ) ) ;
#7850 = CARTESIAN_POINT ( 'NONE',  ( 0.7941151212463513076, -11.95399604505280600, 0.000000000000000000 ) ) ;
#7851 = ORIENTED_EDGE ( 'NONE', *, *, #2279, .T. ) ;
#7852 = CARTESIAN_POINT ( 'NONE',  ( 10.29093438073238609, 6.436913140481833828, 0.000000000000000000 ) ) ;
#7853 = CARTESIAN_POINT ( 'NONE',  ( -9.204216794247539468, -7.668835209823054555, 8.000000000000000000 ) ) ;
#7854 = CARTESIAN_POINT ( 'NONE',  ( 7.634358818669725544, 9.175863790627349914, 0.000000000000000000 ) ) ;
#7855 = CARTESIAN_POINT ( 'NONE',  ( 2.577692551524224385, -13.50622083004037677, 0.000000000000000000 ) ) ;
#7856 = CARTESIAN_POINT ( 'NONE',  ( -12.13967088095517433, -2.919073574173140173, 0.000000000000000000 ) ) ;
#7857 = CIRCLE ( 'NONE', #3097, 10.93750000000000355 ) ;
#7858 = DIRECTION ( 'NONE',  ( 0.6845280282702557173, 0.3047715140836100844, -0.6622202826217419291 ) ) ;
#7859 = DIRECTION ( 'NONE',  ( 1.000000000000000000, 0.000000000000000000, 0.000000000000000000 ) ) ;
#7860 = B_SPLINE_SURFACE_WITH_KNOTS ( 'NONE', 3, 1, ( 
 ( #2544, #7901 ),
 ( #5888, #1072 ),
 ( #5760, #7121 ),
 ( #3957, #8428 ),
 ( #1842, #2456 ),
 ( #6469, #6506 ),
 ( #455, #3165 ),
 ( #495, #7203 ),
 ( #4521, #1882 ),
 ( #5263, #1750 ),
 ( #6594, #4436 ),
 ( #1252, #2414 ),
 ( #1159, #7166 ),
 ( #547, #4564 ),
 ( #8606, #5221 ),
 ( #7248, #3125 ),
 ( #2587, #7945 ),
 ( #1203, #3208 ),
 ( #3258, #8466 ),
 ( #5090, #6645 ),
 ( #7773, #1929 ),
 ( #4609, #1118 ),
 ( #413, #3824 ),
 ( #3863, #1793 ),
 ( #5800, #8559 ),
 ( #3783, #5131 ),
 ( #5841, #7297 ),
 ( #3909, #3080 ),
 ( #7813, #4478 ) ),
 .UNSPECIFIED., .F., .F., .F.,
 ( 4, 1, 1, 1, 1, 1, 1, 1, 1, 1, 1, 1, 1, 1, 1, 1, 1, 1, 1, 1, 1, 1, 1, 1, 1, 1, 4 ),
 ( 2, 2 ),
 ( 0.000000000000000000, 0.1659160033276295965, 0.1709059215442318702, 0.1766635194393565977, 0.1831887970181514669, 0.1904817542841364120, 0.1985423912398269763, 0.2073707078870824227, 0.2169667042273148716, 0.2273303802616240543, 0.2384617359908808021, 0.2503607714157882191, 0.2630274865369212067, 0.2764618813547564669, 0.2906639558696927361, 0.3056337100820685215, 0.3213711439921715929, 0.3378762576002502516, 0.3551490509065193812, 0.3731895239111665541, 0.3919976766143570268, 0.4115735090162354615, 0.4319170211169303109, 0.4530282129165571492, 0.4749070844152180060, 0.4975536356130058624, 0.5074316978669447531 ),
 ( 0.000000000000000000, 1.000000000000000000 ),
 .UNSPECIFIED. ) ;
#7861 = CARTESIAN_POINT ( 'NONE',  ( -12.22597347346767549, -2.908682420983950134, 0.000000000000000000 ) ) ;
#7862 = CARTESIAN_POINT ( 'NONE',  ( 7.906868104074138870, -9.376012365377775382, 0.000000000000000000 ) ) ;
#7863 = CARTESIAN_POINT ( 'NONE',  ( 8.325280097053594730, 35.94571068603421082, -14.31947303863430854 ) ) ;
#7864 = CARTESIAN_POINT ( 'NONE',  ( 6.623718212696812380, 37.33038071150744486, -12.90376184524917491 ) ) ;
#7865 = CARTESIAN_POINT ( 'NONE',  ( -3.608867157514733304, -10.32496896312098222, 8.000000000000000000 ) ) ;
#7866 = ORIENTED_EDGE ( 'NONE', *, *, #1763, .F. ) ;
#7867 = DIRECTION ( 'NONE',  ( -0.6049683311478916137, -0.2693492547302754336, 0.7493092133988346060 ) ) ;
#7868 = CARTESIAN_POINT ( 'NONE',  ( 0.000000000000000000, 0.000000000000000000, 8.000000000000000000 ) ) ;
#7869 = CARTESIAN_POINT ( 'NONE',  ( 7.313425558786411429, 8.881356617214221316, 8.000000000000000000 ) ) ;
#7870 = CARTESIAN_POINT ( 'NONE',  ( 9.455639197970663545, 8.034402175150866299, 0.000000000000000000 ) ) ;
#7871 = ORIENTED_EDGE ( 'NONE', *, *, #217, .T. ) ;
#7872 = CARTESIAN_POINT ( 'NONE',  ( -9.301941798724749688, -7.798144649837225550, 0.000000000000000000 ) ) ;
#7873 = CARTESIAN_POINT ( 'NONE',  ( 6.527568552596234142, -10.64346975476059676, 8.000000000000000000 ) ) ;
#7874 = CARTESIAN_POINT ( 'NONE',  ( 12.69447357664508580, -1.095856395948267670, 8.000000000000000000 ) ) ;
#7875 = CARTESIAN_POINT ( 'NONE',  ( 0.8231400688185612768, -12.05320353502385977, 8.000000000000000000 ) ) ;
#7876 = ORIENTED_EDGE ( 'NONE', *, *, #4101, .T. ) ;
#7877 = EDGE_CURVE ( 'NONE', #2035, #7023, #2026, .T. ) ;
#7878 = CARTESIAN_POINT ( 'NONE',  ( 11.66659828334860904, 4.896733499129219069, 0.000000000000000000 ) ) ;
#7879 = FACE_OUTER_BOUND ( 'NONE', #5333, .T. ) ;
#7880 = CARTESIAN_POINT ( 'NONE',  ( -11.63207506770849875, 53.13199924803154062, -13.61616680320316952 ) ) ;
#7881 = CC_DESIGN_PERSON_AND_ORGANIZATION_ASSIGNMENT ( #3553, #6848, ( #1094 ) ) ;
#7882 = VERTEX_POINT ( 'NONE', #1042 ) ;
#7883 = CARTESIAN_POINT ( 'NONE',  ( 10.18403012388279549, -6.401038329813871108, 0.000000000000000000 ) ) ;
#7884 = CARTESIAN_POINT ( 'NONE',  ( -11.02139818175200681, -4.386616976971000170, 8.000000000000000000 ) ) ;
#7885 = CARTESIAN_POINT ( 'NONE',  ( -13.16905850672525702, 1.377525651863687584, 0.000000000000000000 ) ) ;
#7886 = FACE_OUTER_BOUND ( 'NONE', #4200, .T. ) ;
#7887 = ADVANCED_FACE ( 'NONE', ( #5101 ), #7131, .F. ) ;
#7888 = DIRECTION ( 'NONE',  ( -0.3090169943749382919, -0.9510565162951565288, 0.000000000000000000 ) ) ;
#7889 = CARTESIAN_POINT ( 'NONE',  ( 6.383929952666258956, -10.13775510802962820, 8.000000000000000000 ) ) ;
#7890 = CARTESIAN_POINT ( 'NONE',  ( 1.782625560387882224, 30.43241449649624997, -18.69378740028921371 ) ) ;
#7891 = CARTESIAN_POINT ( 'NONE',  ( 7.634358818669927160, -9.175863790627181160, 8.000000000000000000 ) ) ;
#7892 = EDGE_CURVE ( 'NONE', #7720, #5167, #7786, .T. ) ;
#7893 = CARTESIAN_POINT ( 'NONE',  ( 1.011712205768922734, -12.52642403931682580, 8.000000000000000000 ) ) ;
#7894 = CARTESIAN_POINT ( 'NONE',  ( -13.37787302532245981, 1.521639563755368352, 0.000000000000000000 ) ) ;
#7895 = CARTESIAN_POINT ( 'NONE',  ( 11.22924223885642547, 6.611064424922950877, 8.000000000000000000 ) ) ;
#7896 = ADVANCED_FACE ( 'NONE', ( #8519 ), #7176, .T. ) ;
#7897 = CARTESIAN_POINT ( 'NONE',  ( 12.44189184801355452, 5.853360337646558165, 8.000000000000000000 ) ) ;
#7898 = CARTESIAN_POINT ( 'NONE',  ( 8.105411651555689545, 9.497099640846785817, 0.000000000000000000 ) ) ;
#7899 = CARTESIAN_POINT ( 'NONE',  ( 2.687971100478934172, 36.14854127155042818, -9.043598091517251802 ) ) ;
#7900 = FACE_OUTER_BOUND ( 'NONE', #6320, .T. ) ;
#7901 = CARTESIAN_POINT ( 'NONE',  ( 10.47431425022855755, 3.149229626029042439, -5.204170427930421283E-15 ) ) ;
#7902 = DIRECTION ( 'NONE',  ( 0.000000000000000000, -0.000000000000000000, -1.000000000000000000 ) ) ;
#7903 = CARTESIAN_POINT ( 'NONE',  ( -1.011712205768922956, -12.52642403931682580, 0.000000000000000000 ) ) ;
#7904 = CARTESIAN_POINT ( 'NONE',  ( 7.313425558786605940, -8.881356617214064997, 0.000000000000000000 ) ) ;
#7905 = CARTESIAN_POINT ( 'NONE',  ( 7.672429663687415413, 35.48788252862313897, -14.94233897510673437 ) ) ;
#7906 = CARTESIAN_POINT ( 'NONE',  ( -4.580317944817394960, 11.30699639290207337, 8.000000000000000000 ) ) ;
#7907 = CARTESIAN_POINT ( 'NONE',  ( -9.582420452220629770, 8.262247439007792238, 0.000000000000000000 ) ) ;
#7908 = ORIENTED_EDGE ( 'NONE', *, *, #8299, .F. ) ;
#7909 = CARTESIAN_POINT ( 'NONE',  ( 2.328435901529702701, 33.87852536460581376, -9.034675699249760328 ) ) ;
#7910 = DIRECTION ( 'NONE',  ( 0.000000000000000000, 0.000000000000000000, -1.000000000000000000 ) ) ;
#7911 = CARTESIAN_POINT ( 'NONE',  ( -9.886832010614797994, 8.972047302895393983, 0.000000000000000000 ) ) ;
#7912 = CARTESIAN_POINT ( 'NONE',  ( 9.757522586729452385, 8.636712746112591432, 0.000000000000000000 ) ) ;
#7913 = ORIENTED_EDGE ( 'NONE', *, *, #4663, .T. ) ;
#7914 = CARTESIAN_POINT ( 'NONE',  ( -9.582420452220571150, -8.262247439007857963, 0.000000000000000000 ) ) ;
#7915 = CARTESIAN_POINT ( 'NONE',  ( -9.392211555323777716, -10.01877448793499248, 0.000000000000000000 ) ) ;
#7916 = CARTESIAN_POINT ( 'NONE',  ( 11.87194576742587415, -0.7736152328231870046, 8.000000000000000000 ) ) ;
#7917 = CARTESIAN_POINT ( 'NONE',  ( -6.473761040516448517, 10.41722559423733330, 8.000000000000000000 ) ) ;
#7918 = ORIENTED_EDGE ( 'NONE', *, *, #8310, .T. ) ;
#7919 = CARTESIAN_POINT ( 'NONE',  ( 11.47561408673054473, 4.719217338362343028, 8.000000000000000000 ) ) ;
#7920 = CARTESIAN_POINT ( 'NONE',  ( -12.44189184801359715, -5.853360337646471123, 0.000000000000000000 ) ) ;
#7921 = CARTESIAN_POINT ( 'NONE',  ( -7.313425558786478042, -8.881356617214166249, 8.000000000000000000 ) ) ;
#7922 = B_SPLINE_CURVE_WITH_KNOTS ( 'NONE', 3,
 ( #5006, #7080, #7557, #1032, #8339, #2286, #861, #8250, #902, #2241, #369, #4920, #5543, #2327, #1661 ),
 .UNSPECIFIED., .F., .F.,
 ( 4, 1, 1, 1, 1, 1, 1, 1, 1, 1, 1, 1, 4 ),
 ( 0.4925683021330548028, 0.5024463643869940821, 0.5250929155847819940, 0.5469717870834428508, 0.5680829788830696891, 0.5884264909837645385, 0.6080023233856429732, 0.6268104760888334459, 0.6448509490934806188, 0.6621237423997496929, 0.6786288560078284071, 0.6943662899179314785, 0.6973891506552335473 ),
 .UNSPECIFIED. ) ;
#7923 = ORIENTED_EDGE ( 'NONE', *, *, #6730, .T. ) ;
#7924 = CARTESIAN_POINT ( 'NONE',  ( 6.352286767647449039, 10.05932550694768857, 0.000000000000000000 ) ) ;
#7925 = FACE_OUTER_BOUND ( 'NONE', #5339, .T. ) ;
#7926 = DIRECTION ( 'NONE',  ( 0.9510565162951533091, 0.3090169943749481174, 0.000000000000000000 ) ) ;
#7927 = CARTESIAN_POINT ( 'NONE',  ( 3.711973503739858238, 38.07088425068686632, 19.24860397213439711 ) ) ;
#7928 = DIRECTION ( 'NONE',  ( -0.000000000000000000, 0.000000000000000000, -1.000000000000000000 ) ) ;
#7929 = CARTESIAN_POINT ( 'NONE',  ( -6.630420918280122144, 11.58812316373723483, 0.000000000000000000 ) ) ;
#7930 = B_SPLINE_SURFACE_WITH_KNOTS ( 'NONE', 3, 1, ( 
 ( #5766, #7046 ),
 ( #4880, #7607 ),
 ( #1621, #8301 ),
 ( #864, #6256 ),
 ( #907, #7561 ),
 ( #4225, #6340 ),
 ( #2331, #4966 ),
 ( #4309, #7001 ),
 ( #201, #293 ),
 ( #5009, #1667 ),
 ( #4357, #993 ),
 ( #6384, #335 ),
 ( #3039, #5719 ),
 ( #2592, #6649 ),
 ( #2419, #4526 ),
 ( #8512, #5985 ),
 ( #1753, #7124 ),
 ( #5224, #7862 ),
 ( #3912, #7208 ),
 ( #3308, #6600 ),
 ( #6510, #4614 ),
 ( #5845, #5269 ),
 ( #1258, #2501 ),
 ( #5093, #8610 ),
 ( #4568, #1163 ),
 ( #3129, #551 ),
 ( #4439, #7904 ),
 ( #1075, #8562 ),
 ( #3787, #6473 ) ),
 .UNSPECIFIED., .F., .F., .F.,
 ( 4, 1, 1, 1, 1, 1, 1, 1, 1, 1, 1, 1, 1, 1, 1, 1, 1, 1, 1, 1, 1, 1, 1, 1, 1, 1, 4 ),
 ( 2, 2 ),
 ( 0.4925683021194525169, 0.5024463643869940821, 0.5250929155847819940, 0.5469717870834428508, 0.5680829788830696891, 0.5884264909837645385, 0.6080023233856429732, 0.6268104760888334459, 0.6448509490934806188, 0.6621237423997496929, 0.6786288560078284071, 0.6943662899179314785, 0.7093360441303072639, 0.7235381186452435331, 0.7369725134630787933, 0.7496392285842117253, 0.7615382640091191702, 0.7726696197383760012, 0.7830332957726851006, 0.7926292921129175495, 0.8014576087601730237, 0.8095182457158636158, 0.8168112029818485054, 0.8233364805606433467, 0.8290940784557681020, 0.8340839966723704313, 1.000000000000000000 ),
 ( 0.000000000000000000, 1.000000000000000000 ),
 .UNSPECIFIED. ) ;
#7931 = DIRECTION ( 'NONE',  ( -0.1564344650402312298, -0.9876883405951376593, 0.000000000000000000 ) ) ;
#7932 = CARTESIAN_POINT ( 'NONE',  ( -4.161888422927061626, -10.33666240664887681, 0.000000000000000000 ) ) ;
#7933 = CARTESIAN_POINT ( 'NONE',  ( 1.000453235186708367, 25.49397279352055179, -5.000000000000000000 ) ) ;
#7934 = EDGE_LOOP ( 'NONE', ( #4578, #2435, #2292, #4927 ) ) ;
#7935 = CARTESIAN_POINT ( 'NONE',  ( 0.9123192481543054289, -12.30068812565076364, 8.000000000000000000 ) ) ;
#7936 = DIRECTION ( 'NONE',  ( -0.6049683311478913916, -0.2693492547302756002, 0.7493092133988346060 ) ) ;
#7937 = VERTEX_POINT ( 'NONE', #957 ) ;
#7938 = VECTOR ( 'NONE', #4849, 1000.000000000000000 ) ;
#7939 = CARTESIAN_POINT ( 'NONE',  ( 10.05932550694752692, 6.352286767647703947, 0.000000000000000000 ) ) ;
#7940 = CARTESIAN_POINT ( 'NONE',  ( -9.844302869038576986, -8.855020039375077090, 8.000000000000000000 ) ) ;
#7941 = LINE ( 'NONE', #4041, #1227 ) ;
#7942 = CARTESIAN_POINT ( 'NONE',  ( 9.589137980508679604, 48.35002041356305114, 0.3298255930281636106 ) ) ;
#7943 = ORIENTED_EDGE ( 'NONE', *, *, #5207, .F. ) ;
#7944 = CARTESIAN_POINT ( 'NONE',  ( -10.47431425022858065, -3.149229626028969609, 8.000000000000000000 ) ) ;
#7945 = CARTESIAN_POINT ( 'NONE',  ( 12.31670401296922179, 2.895913797652636124, -5.204170427930421283E-15 ) ) ;
#7946 = DIRECTION ( 'NONE',  ( 0.8090169943749551118, -0.5877852522924624790, 0.000000000000000000 ) ) ;
#7947 = ADVANCED_FACE ( 'NONE', ( #8392 ), #2384, .T. ) ;
#7948 = ORIENTED_EDGE ( 'NONE', *, *, #5379, .F. ) ;
#7949 = CARTESIAN_POINT ( 'NONE',  ( -1.143751547996471052, -12.78342018721907358, 8.000000000000000000 ) ) ;
#7950 = CARTESIAN_POINT ( 'NONE',  ( -11.13701600410301573, -2.886444749237111029, 8.000000000000000000 ) ) ;
#7951 = CARTESIAN_POINT ( 'NONE',  ( 8.062715580262343806, 36.54387482176284863, -14.31674269110927789 ) ) ;
#7952 = CARTESIAN_POINT ( 'NONE',  ( 10.70664486910366442, 4.210990906300012604, 8.000000000000000000 ) ) ;
#7953 = CARTESIAN_POINT ( 'NONE',  ( -9.455639197970779009, 8.034402175150727743, 8.000000000000000000 ) ) ;
#7954 = ORIENTED_EDGE ( 'NONE', *, *, #696, .F. ) ;
#7955 = CARTESIAN_POINT ( 'NONE',  ( 11.66361783702278920, -2.940710835118343969, 8.000000000000000000 ) ) ;
#7956 = CARTESIAN_POINT ( 'NONE',  ( 12.04862852623664260, -6.625183064395767651, 0.000000000000000000 ) ) ;
#7957 = EDGE_CURVE ( 'NONE', #3802, #205, #8005, .T. ) ;
#7958 = CARTESIAN_POINT ( 'NONE',  ( -9.376012365377862423, 7.906868104074034953, 0.000000000000000000 ) ) ;
#7959 = CARTESIAN_POINT ( 'NONE',  ( -8.988499347771103487, 6.231836464888859339, 8.000000000000000000 ) ) ;
#7960 = CARTESIAN_POINT ( 'NONE',  ( -8.881356617214091642, -7.313425558786570413, 0.000000000000000000 ) ) ;
#7961 = CARTESIAN_POINT ( 'NONE',  ( 6.436913140481798301, -10.29093438073240740, 0.000000000000000000 ) ) ;
#7962 = CARTESIAN_POINT ( 'NONE',  ( 13.16905850672526590, -1.377525651863595435, 8.000000000000000000 ) ) ;
#7963 = CARTESIAN_POINT ( 'NONE',  ( -11.77637575328571451, 2.941794575437239434, 0.000000000000000000 ) ) ;
#7964 = ORIENTED_EDGE ( 'NONE', *, *, #2040, .F. ) ;
#7965 = DIRECTION ( 'NONE',  ( 0.3090169943749447867, 0.9510565162951544194, 0.000000000000000000 ) ) ;
#7966 = DIRECTION ( 'NONE',  ( 0.000000000000000000, 0.000000000000000000, -1.000000000000000000 ) ) ;
#7967 = CARTESIAN_POINT ( 'NONE',  ( -13.50622083004040341, 2.577692551524081388, 8.000000000000000000 ) ) ;
#7968 =( BOUNDED_SURFACE ( )  B_SPLINE_SURFACE ( 3, 2, ( 
 ( #8325, #3559, #7721 ),
 ( #5032, #7631, #5700 ),
 ( #1600, #2842, #4288 ),
 ( #8282, #6407, #4205 ),
 ( #7543, #6898, #5659 ),
 ( #6367, #4334, #1514 ),
 ( #7673, #5527, #6979 ),
 ( #1697, #928, #7028 ),
 ( #6321, #845, #1643 ),
 ( #6936, #4905, #3644 ) ),
 .UNSPECIFIED., .F., .F., .F. ) 
 B_SPLINE_SURFACE_WITH_KNOTS ( ( 4, 2, 2, 2, 4 ),
 ( 3, 3 ),
 ( 3.110461351744157277, 3.510943258904290154, 3.911425166064423475, 4.311907073224556797, 4.712388980384689674 ),
 ( 0.000000000000000000, 1.000000000000000000 ),
 .UNSPECIFIED. ) 
 GEOMETRIC_REPRESENTATION_ITEM ( )  RATIONAL_B_SPLINE_SURFACE ( (
 ( 1.000000000000000000, 0.9115644273748133575, 1.000000000000000000),
 ( 1.000000000000000000, 0.9123289612961886785, 1.000000000000000000),
 ( 1.000000000000000000, 0.9081940927012497333, 1.000000000000000000),
 ( 1.000000000000000000, 0.8904506515724849303, 1.000000000000000000),
 ( 1.000000000000000000, 0.8768303923827428514, 1.000000000000000000),
 ( 1.000000000000000000, 0.8410125636229029977, 1.000000000000000000),
 ( 1.000000000000000000, 0.8188097670356416780, 1.000000000000000000),
 ( 1.000000000000000000, 0.7674907289232407726, 1.000000000000000000),
 ( 1.000000000000000000, 0.7383810918279252178, 1.000000000000000000),
 ( 1.000000000000000000, 0.7071067811865483499, 1.000000000000000000) ) ) 
 REPRESENTATION_ITEM ( '' )  SURFACE ( )  );
#7969 = ORIENTED_EDGE ( 'NONE', *, *, #2309, .T. ) ;
#7970 = AXIS2_PLACEMENT_3D ( 'NONE', #31, #1487, #6787 ) ;
#7971 = CARTESIAN_POINT ( 'NONE',  ( 6.367618434587429377, 10.09620455160495567, 0.000000000000000000 ) ) ;
#7972 = LINE ( 'NONE', #5915, #954 ) ;
#7973 = CARTESIAN_POINT ( 'NONE',  ( -12.37227591337642707, 0.9420826277741136678, 0.000000000000000000 ) ) ;
#7974 = CARTESIAN_POINT ( 'NONE',  ( -10.56312374806390864, -6.510080463201399326, 0.000000000000000000 ) ) ;
#7975 = CARTESIAN_POINT ( 'NONE',  ( 10.09620455160479402, 6.367618434587686060, 8.000000000000000000 ) ) ;
#7976 = CARTESIAN_POINT ( 'NONE',  ( -6.401038329813985683, 10.18403012388272799, 0.000000000000000000 ) ) ;
#7977 = CARTESIAN_POINT ( 'NONE',  ( -11.87581303661963084, 5.115945187291611518, 0.000000000000000000 ) ) ;
#7978 = AXIS2_PLACEMENT_3D ( 'NONE', #2396, #5073, #2477 ) ;
#7979 = CARTESIAN_POINT ( 'NONE',  ( -9.094348737717186992, -9.928529331195923291, 8.000000000000000000 ) ) ;
#7980 = CARTESIAN_POINT ( 'NONE',  ( -0.3615961039476339733, 32.68084595136924975, 19.37819580376860884 ) ) ;
#7981 = CARTESIAN_POINT ( 'NONE',  ( 0.7639867559471070768, -11.11684438996312174, 8.000000000000000000 ) ) ;
#7982 = CARTESIAN_POINT ( 'NONE',  ( -5.038066446831187761, 11.80431640392014359, 8.000000000000000000 ) ) ;
#7983 = AXIS2_PLACEMENT_3D ( 'NONE', #239, #8166, #8247 ) ;
#7984 = VECTOR ( 'NONE', #951, 1000.000000000000114 ) ;
#7985 = CARTESIAN_POINT ( 'NONE',  ( -8.348190801685211326, 9.625916629980727279, 8.000000000000000000 ) ) ;
#7986 = CARTESIAN_POINT ( 'NONE',  ( -2.841541163098047384, 12.61481170127150087, 8.000000000000000000 ) ) ;
#7987 = CARTESIAN_POINT ( 'NONE',  ( -10.32496896312094670, -3.608867157514845214, 0.000000000000000000 ) ) ;
#7988 = EDGE_CURVE ( 'NONE', #6639, #5200, #3178, .T. ) ;
#7989 = DIRECTION ( 'NONE',  ( 0.000000000000000000, 0.000000000000000000, -1.000000000000000000 ) ) ;
#7990 = CARTESIAN_POINT ( 'NONE',  ( 9.204216794247480848, 7.668835209823122057, 8.000000000000000000 ) ) ;
#7991 = CARTESIAN_POINT ( 'NONE',  ( -8.988499347771060854, -6.231836464888920624, 0.000000000000000000 ) ) ;
#7992 = CARTESIAN_POINT ( 'NONE',  ( 0.000000000000000000, 0.000000000000000000, 0.000000000000000000 ) ) ;
#7993 = AXIS2_PLACEMENT_3D ( 'NONE', #8684, #51, #5346 ) ;
#7994 = VECTOR ( 'NONE', #4058, 999.9999999999998863 ) ;
#7995 = CARTESIAN_POINT ( 'NONE',  ( -0.2416457505997634259, -10.93483029503508597, 8.000000000000000000 ) ) ;
#7996 = CARTESIAN_POINT ( 'NONE',  ( 2.908682420983991879, -12.22597347346766306, 8.000000000000000000 ) ) ;
#7997 = CARTESIAN_POINT ( 'NONE',  ( 7.429161194210334607, 35.73633592924811353, -15.03878369385315494 ) ) ;
#7998 = CARTESIAN_POINT ( 'NONE',  ( -4.773939382172995849, 11.53698844606704910, 8.000000000000000000 ) ) ;
#7999 = CARTESIAN_POINT ( 'NONE',  ( -9.455639197970779009, 8.034402175150727743, 0.000000000000000000 ) ) ;
#8000 = ORIENTED_EDGE ( 'NONE', *, *, #6199, .F. ) ;
#8001 = VECTOR ( 'NONE', #2036, 999.9999999999998863 ) ;
#8002 = DIRECTION ( 'NONE',  ( 0.9135454576425999784, 0.4067366430758020956, 0.000000000000000000 ) ) ;
#8003 = ADVANCED_FACE ( 'NONE', ( #1895 ), #3921, .F. ) ;
#8004 = CARTESIAN_POINT ( 'NONE',  ( 12.52642403931681514, 1.011712205769053741, 0.000000000000000000 ) ) ;
#8005 = LINE ( 'NONE', #8045, #4343 ) ;
#8006 = EDGE_CURVE ( 'NONE', #1903, #8161, #4012, .T. ) ;
#8007 = CARTESIAN_POINT ( 'NONE',  ( 10.01877448794986591, 9.392211555377381060, 8.000000000000000000 ) ) ;
#8008 = FACE_OUTER_BOUND ( 'NONE', #7036, .T. ) ;
#8009 = CARTESIAN_POINT ( 'NONE',  ( 6.352286767647669308, -10.05932550694754823, 8.000000000000000000 ) ) ;
#8010 = CARTESIAN_POINT ( 'NONE',  ( 11.83751175313651061, -0.7661213205045251939, -5.204170427930421283E-15 ) ) ;
#8011 = ORIENTED_EDGE ( 'NONE', *, *, #4460, .T. ) ;
#8012 = CARTESIAN_POINT ( 'NONE',  ( -11.71764203423213324, 2.941792002708998321, 0.000000000000000000 ) ) ;
#8013 = EDGE_LOOP ( 'NONE', ( #4492, #2315, #535, #132 ) ) ;
#8014 = CARTESIAN_POINT ( 'NONE',  ( 11.60070094346930958, 4.833073392807783364, 8.000000000000000000 ) ) ;
#8015 = CARTESIAN_POINT ( 'NONE',  ( 10.80883218877871599, -2.708699257713604869, 0.000000000000000000 ) ) ;
#8016 = ADVANCED_FACE ( 'NONE', ( #7354 ), #2418, .T. ) ;
#8017 = CARTESIAN_POINT ( 'NONE',  ( -3.006586827551469110, 56.97231403734090094, 23.75194548007930351 ) ) ;
#8018 = VERTEX_POINT ( 'NONE', #4756 ) ;
#8019 = CARTESIAN_POINT ( 'NONE',  ( 10.81899503309362487, -6.560248542579958375, 0.000000000000000000 ) ) ;
#8020 = CARTESIAN_POINT ( 'NONE',  ( -11.83979557596824783, 2.940530670474199137, 8.000000000000000000 ) ) ;
#8021 = CARTESIAN_POINT ( 'NONE',  ( -12.05320353502386155, 0.8231400688185195325, 0.000000000000000000 ) ) ;
#8022 = CARTESIAN_POINT ( 'NONE',  ( -11.34404188716884931, -6.619621129381234148, 0.000000000000000000 ) ) ;
#8023 = CARTESIAN_POINT ( 'NONE',  ( 10.23507608951697634, 6.418760976341473246, 8.000000000000000000 ) ) ;
#8024 = CARTESIAN_POINT ( 'NONE',  ( -6.600657436018151358, 11.11931436071735746, 0.000000000000000000 ) ) ;
#8025 = CARTESIAN_POINT ( 'NONE',  ( 4.887210304337680888, 11.65646762579157603, 8.000000000000000000 ) ) ;
#8026 = CARTESIAN_POINT ( 'NONE',  ( -7.906868104074003867, -9.376012365377890845, 0.000000000000000000 ) ) ;
#8027 = DIRECTION ( 'NONE',  ( -0.6049683311478916137, -0.2693492547302754336, 0.7493092133988346060 ) ) ;
#8028 = ORIENTED_EDGE ( 'NONE', *, *, #782, .F. ) ;
#8029 = FACE_OUTER_BOUND ( 'NONE', #1919, .T. ) ;
#8030 = CARTESIAN_POINT ( 'NONE',  ( -4.580317944817394960, 11.30699639290207337, 0.000000000000000000 ) ) ;
#8031 = CARTESIAN_POINT ( 'NONE',  ( 12.02849558169534916, 6.626067776682489807, 8.000000000000000000 ) ) ;
#8032 = CARTESIAN_POINT ( 'NONE',  ( -2.936066220364054402, 11.56976343863535917, 8.000000000000000000 ) ) ;
#8033 = CARTESIAN_POINT ( 'NONE',  ( -6.974058449351345779, 49.73270047063778065, 24.15497710174620138 ) ) ;
#8034 = CARTESIAN_POINT ( 'NONE',  ( 4.386616976971037474, -11.02139818175199082, 0.000000000000000000 ) ) ;
#8035 = CARTESIAN_POINT ( 'NONE',  ( -8.439220299577069540, 9.669723885496978255, 0.000000000000000000 ) ) ;
#8036 = FACE_OUTER_BOUND ( 'NONE', #1013, .T. ) ;
#8037 = CARTESIAN_POINT ( 'NONE',  ( -10.93750000000000178, 0.000000000000000000, 8.000000000000000000 ) ) ;
#8038 = CARTESIAN_POINT ( 'NONE',  ( 8.387489475153836693, 35.74257176084733345, -13.29146927687070345 ) ) ;
#8039 = CARTESIAN_POINT ( 'NONE',  ( 7.323619491755310129, 36.89934614103000854, -13.04553256087008961 ) ) ;
#8040 = FACE_OUTER_BOUND ( 'NONE', #3000, .T. ) ;
#8041 = CARTESIAN_POINT ( 'NONE',  ( -9.204216794247592759, 7.668835209822990606, 8.000000000000000000 ) ) ;
#8042 = VERTEX_POINT ( 'NONE', #198 ) ;
#8043 = CARTESIAN_POINT ( 'NONE',  ( 8.881356617214196447, -7.313425558786442515, 8.000000000000000000 ) ) ;
#8044 = CARTESIAN_POINT ( 'NONE',  ( -0.3615961039476339733, 32.68084595136924975, 19.37819580376860884 ) ) ;
#8045 = CARTESIAN_POINT ( 'NONE',  ( 7.708755603958690195, 29.49380770625485226, 13.00000000000000178 ) ) ;
#8046 = CARTESIAN_POINT ( 'NONE',  ( 9.801135538539382352, 8.743249532614989050, 8.000000000000000000 ) ) ;
#8047 = ADVANCED_FACE ( 'NONE', ( #862 ), #7440, .T. ) ;
#8048 = CARTESIAN_POINT ( 'NONE',  ( 2.328435901529701813, 33.87852536460581376, 17.03467569924975322 ) ) ;
#8049 = CARTESIAN_POINT ( 'NONE',  ( 6.611064424922912686, -11.22924223885644857, 8.000000000000000000 ) ) ;
#8050 = CARTESIAN_POINT ( 'NONE',  ( -2.886444749236990681, -11.13701600410304948, 8.000000000000000000 ) ) ;
#8051 = EDGE_LOOP ( 'NONE', ( #972, #4035, #2020, #3057 ) ) ;
#8052 = CARTESIAN_POINT ( 'NONE',  ( -13.06987279011081959, 2.724978029605164664, 0.000000000000000000 ) ) ;
#8053 = VERTEX_POINT ( 'NONE', #5456 ) ;
#8054 = CARTESIAN_POINT ( 'NONE',  ( 11.71764203423215100, -2.941792002708918385, 0.000000000000000000 ) ) ;
#8055 = CARTESIAN_POINT ( 'NONE',  ( -5.689930116769317259, 12.33100786788148540, 0.000000000000000000 ) ) ;
#8056 = ADVANCED_FACE ( 'NONE', ( #6124 ), #5544, .T. ) ;
#8057 = VERTEX_POINT ( 'NONE', #6254 ) ;
#8058 = DIRECTION ( 'NONE',  ( -0.000000000000000000, 0.000000000000000000, -1.000000000000000000 ) ) ;
#8059 = CARTESIAN_POINT ( 'NONE',  ( -11.90787246215810669, 2.937812879663815657, 8.000000000000000000 ) ) ;
#8060 = CARTESIAN_POINT ( 'NONE',  ( 12.37227591337643418, -0.9420826277740271815, 0.000000000000000000 ) ) ;
#8061 = ORIENTED_EDGE ( 'NONE', *, *, #6998, .F. ) ;
#8062 = CARTESIAN_POINT ( 'NONE',  ( -2.841541163098047384, 12.61481170127150087, 8.000000000000000000 ) ) ;
#8063 = CARTESIAN_POINT ( 'NONE',  ( 11.36047427339668481, -4.622531273494424831, 0.000000000000000000 ) ) ;
#8064 = CARTESIAN_POINT ( 'NONE',  ( 5.134648245371537634, 36.78700389865542775, -11.93571810208466921 ) ) ;
#8065 = CARTESIAN_POINT ( 'NONE',  ( 5.038066446831024336, 11.80431640392021464, 8.000000000000000000 ) ) ;
#8066 = CARTESIAN_POINT ( 'NONE',  ( -8.743249532614813191, -9.801135538539540448, 0.000000000000000000 ) ) ;
#8067 = EDGE_CURVE ( 'NONE', #4718, #1354, #8256, .T. ) ;
#8068 = DATE_AND_TIME ( #2836, #5050 ) ;
#8069 = VERTEX_POINT ( 'NONE', #7558 ) ;
#8070 = CARTESIAN_POINT ( 'NONE',  ( 1.051893166807160940, -12.60876818853258996, 0.000000000000000000 ) ) ;
#8071 = CARTESIAN_POINT ( 'NONE',  ( -4.476617511824047213, 11.16457150618548866, 8.000000000000000000 ) ) ;
#8072 = PLANE ( 'NONE',  #6050 ) ;
#8073 = CARTESIAN_POINT ( 'NONE',  ( -2.862521721341762859, 12.51119373526727685, 0.000000000000000000 ) ) ;
#8074 = CARTESIAN_POINT ( 'NONE',  ( 6.687914137171150131, 37.29089453782403751, 20.91794084882666027 ) ) ;
#8075 = CARTESIAN_POINT ( 'NONE',  ( 5.198761634262941911, -11.94884645308972360, 0.000000000000000000 ) ) ;
#8076 = CARTESIAN_POINT ( 'NONE',  ( -9.328340841197686473, 10.00078975079085097, 0.000000000000000000 ) ) ;
#8077 = CARTESIAN_POINT ( 'NONE',  ( -10.91417308631840655, -6.575057906251772444, 0.000000000000000000 ) ) ;
#8078 = CARTESIAN_POINT ( 'NONE',  ( 8.535381057717431830, 9.713655369616290614, 8.000000000000000000 ) ) ;
#8079 = CARTESIAN_POINT ( 'NONE',  ( -0.8231400688185616099, -12.05320353502385800, 0.000000000000000000 ) ) ;
#8080 = CARTESIAN_POINT ( 'NONE',  ( 2.286887379302112944, 35.99505341924068347, 26.69378740028921371 ) ) ;
#8081 = CARTESIAN_POINT ( 'NONE',  ( 10.91417308631850247, -6.575057906251617013, 0.000000000000000000 ) ) ;
#8082 = CARTESIAN_POINT ( 'NONE',  ( 7.748317964234682442, 36.50922178506036886, -14.00436252410855964 ) ) ;
#8083 = ORIENTED_EDGE ( 'NONE', *, *, #1931, .T. ) ;
#8084 = CARTESIAN_POINT ( 'NONE',  ( 8.544655887209771095, -7.152395453489262422, 0.000000000000000000 ) ) ;
#8085 = CARTESIAN_POINT ( 'NONE',  ( 13.64173013562590775, 1.722120468131038029, 0.000000000000000000 ) ) ;
#8086 = CARTESIAN_POINT ( 'NONE',  ( -9.625916629980753925, 8.348190801685175799, 0.000000000000000000 ) ) ;
#8087 = CARTESIAN_POINT ( 'NONE',  ( 6.231836464888956151, -8.988499347771035985, 8.000000000000000000 ) ) ;
#8088 = CARTESIAN_POINT ( 'NONE',  ( 5.538050689179958574, 38.14166168912441179, 20.74836227968325986 ) ) ;
#8089 = FACE_OUTER_BOUND ( 'NONE', #953, .T. ) ;
#8090 = DIRECTION ( 'NONE',  ( -0.000000000000000000, -0.000000000000000000, 1.000000000000000000 ) ) ;
#8091 = CARTESIAN_POINT ( 'NONE',  ( -6.619621129381195956, 11.34404188716887596, 8.000000000000000000 ) ) ;
#8092 = ORIENTED_EDGE ( 'NONE', *, *, #4286, .T. ) ;
#8093 = CARTESIAN_POINT ( 'NONE',  ( 11.90787246215812623, -2.937812879663733945, 0.000000000000000000 ) ) ;
#8094 = CARTESIAN_POINT ( 'NONE',  ( -7.604022508570310812, -9.149886257342947360, 8.000000000000000000 ) ) ;
#8095 = VERTEX_POINT ( 'NONE', #8208 ) ;
#8096 = CARTESIAN_POINT ( 'NONE',  ( -0.7661213205046492059, -11.83751175313650172, 0.000000000000000000 ) ) ;
#8097 = CARTESIAN_POINT ( 'NONE',  ( -11.83979557596824783, 2.940530670474199137, 0.000000000000000000 ) ) ;
#8098 = LINE ( 'NONE', #4237, #8122 ) ;
#8099 = CIRCLE ( 'NONE', #6993, 13.75000000000000000 ) ;
#8100 = CARTESIAN_POINT ( 'NONE',  ( -2.607747690747059810, 13.42510299664339790, 8.000000000000000000 ) ) ;
#8101 = CARTESIAN_POINT ( 'NONE',  ( -9.411632514553570417, 10.02415449855987006, 0.000000000000000000 ) ) ;
#8102 = CARTESIAN_POINT ( 'NONE',  ( 7.021181855141211514, 36.91638229166674989, -11.92246812405310230 ) ) ;
#8103 = CARTESIAN_POINT ( 'NONE',  ( 6.626067776682448951, -12.02849558169537048, 8.000000000000000000 ) ) ;
#8104 = CARTESIAN_POINT ( 'NONE',  ( -8.034402175150697545, -9.455639197970809207, 0.000000000000000000 ) ) ;
#8105 = DIRECTION ( 'NONE',  ( 1.000000000000000000, 0.000000000000000000, 0.000000000000000000 ) ) ;
#8106 = VECTOR ( 'NONE', #5736, 1000.000000000000000 ) ;
#8107 = VERTEX_POINT ( 'NONE', #6914 ) ;
#8108 = CARTESIAN_POINT ( 'NONE',  ( -6.544354946388734717, 10.72875944066943887, 0.000000000000000000 ) ) ;
#8109 = CARTESIAN_POINT ( 'NONE',  ( -4.719217338362222236, 11.47561408673059624, 0.000000000000000000 ) ) ;
#8110 = EDGE_CURVE ( 'NONE', #1141, #5794, #7366, .T. ) ;
#8111 = CARTESIAN_POINT ( 'NONE',  ( -11.63207506770849875, 53.13199924803154062, 21.61616680320317130 ) ) ;
#8112 = DIRECTION ( 'NONE',  ( -0.000000000000000000, -0.000000000000000000, 1.000000000000000000 ) ) ;
#8113 = CARTESIAN_POINT ( 'NONE',  ( 7.883578966291238110, 36.88307573880052104, 22.33718377971350932 ) ) ;
#8114 = VECTOR ( 'NONE', #1371, 1000.000000000000114 ) ;
#8115 = CARTESIAN_POINT ( 'NONE',  ( 11.91079326901028246, 0.7828886122850723384, 0.000000000000000000 ) ) ;
#8116 = EDGE_CURVE ( 'NONE', #5167, #854, #2330, .T. ) ;
#8117 = CARTESIAN_POINT ( 'NONE',  ( -7.634358818669860547, 9.175863790627238004, 0.000000000000000000 ) ) ;
#8118 = CARTESIAN_POINT ( 'NONE',  ( 2.464616367564548938, 34.73833500884163072, 17.04359809456631325 ) ) ;
#8119 = CARTESIAN_POINT ( 'NONE',  ( 9.411632514553422979, 10.02415449856000507, 8.000000000000000000 ) ) ;
#8120 = VECTOR ( 'NONE', #5848, 1000.000000000000114 ) ;
#8121 = ORIENTED_EDGE ( 'NONE', *, *, #6237, .F. ) ;
#8122 = VECTOR ( 'NONE', #6841, 1000.000000000000000 ) ;
#8123 = CARTESIAN_POINT ( 'NONE',  ( -2.577692551524032094, -13.50622083004040697, 0.000000000000000000 ) ) ;
#8124 = CARTESIAN_POINT ( 'NONE',  ( -11.16457150618547267, -4.476617511824087181, 8.000000000000000000 ) ) ;
#8125 = CARTESIAN_POINT ( 'NONE',  ( 10.48771353560530528, -6.492081297254353345, 8.000000000000000000 ) ) ;
#8126 = DIRECTION ( 'NONE',  ( -0.4067366430758008189, 0.9135454576426005335, 4.718447854656915297E-16 ) ) ;
#8127 = CARTESIAN_POINT ( 'NONE',  ( 9.497099640846757396, -8.105411651555723296, 8.000000000000000000 ) ) ;
#8128 = VECTOR ( 'NONE', #6391, 1000.000000000000000 ) ;
#8129 = CIRCLE ( 'NONE', #3092, 10.93750000000000178 ) ;
#8130 = CARTESIAN_POINT ( 'NONE',  ( 12.37227591337641286, 0.9420826277742860855, 0.000000000000000000 ) ) ;
#8131 = DIRECTION ( 'NONE',  ( -0.000000000000000000, -0.000000000000000000, -1.000000000000000000 ) ) ;
#8132 = CARTESIAN_POINT ( 'NONE',  ( 6.619318582596137368, 37.33300751705430542, 20.90307900512051376 ) ) ;
#8133 = LINE ( 'NONE', #4803, #5337 ) ;
#8134 = CARTESIAN_POINT ( 'NONE',  ( 6.926583278757528994, 24.55536600327916474, -5.000000000000000000 ) ) ;
#8135 = CARTESIAN_POINT ( 'NONE',  ( 10.93483029503508774, -0.2416457505996495170, 8.000000000000000000 ) ) ;
#8136 = EDGE_LOOP ( 'NONE', ( #7876, #2727, #6689, #3052 ) ) ;
#8137 = CARTESIAN_POINT ( 'NONE',  ( -0.1905158452813045800, 32.63909084861705168, -11.22056930244631623 ) ) ;
#8138 = AXIS2_PLACEMENT_3D ( 'NONE', #2483, #528, #482 ) ;
#8139 = CARTESIAN_POINT ( 'NONE',  ( -11.53698844606707041, 4.773939382172954993, 8.000000000000000000 ) ) ;
#8140 = ORIENTED_EDGE ( 'NONE', *, *, #1103, .F. ) ;
#8141 = CARTESIAN_POINT ( 'NONE',  ( -6.231836464888828253, -8.988499347771126580, 0.000000000000000000 ) ) ;
#8142 = CARTESIAN_POINT ( 'NONE',  ( 5.735383452187241105, 36.78249184486222134, 17.74998554533672745 ) ) ;
#8143 = CARTESIAN_POINT ( 'NONE',  ( -13.64173013562593795, 1.722120468130850846, 0.000000000000000000 ) ) ;
#8144 = CARTESIAN_POINT ( 'NONE',  ( -2.817469215210279820, 12.72257526253004833, 8.000000000000000000 ) ) ;
#8145 = CARTESIAN_POINT ( 'NONE',  ( -12.04862852623660174, 6.625183064395858246, 8.000000000000000000 ) ) ;
#8146 = CARTESIAN_POINT ( 'NONE',  ( -2.938739567862377555, 11.61432090236920978, 0.000000000000000000 ) ) ;
#8147 = CARTESIAN_POINT ( 'NONE',  ( 6.544354946388811989, -10.72875944066938914, 8.000000000000000000 ) ) ;
#8148 = CARTESIAN_POINT ( 'NONE',  ( 12.22597347346771457, -2.908682420983779160, 8.000000000000000000 ) ) ;
#8149 = APPROVAL_STATUS ( 'not_yet_approved' ) ;
#8150 = ORIENTED_EDGE ( 'NONE', *, *, #1455, .T. ) ;
#8151 = CARTESIAN_POINT ( 'NONE',  ( -6.626067776682361021, 12.02849558169542021, 0.000000000000000000 ) ) ;
#8152 = CARTESIAN_POINT ( 'NONE',  ( -4.161888422927099818, 10.33666240664860503, 8.000000000000000000 ) ) ;
#8153 = LINE ( 'NONE', #3519, #676 ) ;
#8154 = EDGE_CURVE ( 'NONE', #2131, #1354, #7082, .T. ) ;
#8155 = CARTESIAN_POINT ( 'NONE',  ( -2.941792002709039178, 11.71764203423212081, 8.000000000000000000 ) ) ;
#8156 = CARTESIAN_POINT ( 'NONE',  ( 7.200607504529210168, 38.23431200218214343, 22.39633924402413001 ) ) ;
#8157 = CARTESIAN_POINT ( 'NONE',  ( -12.60876818853258641, -1.051893166807204905, 8.000000000000000000 ) ) ;
#8158 = CARTESIAN_POINT ( 'NONE',  ( -6.622827502596288163, 8.704427730807712038, 0.000000000000000000 ) ) ;
#8159 = CARTESIAN_POINT ( 'NONE',  ( -10.81899503309353072, -6.560248542580116471, 0.000000000000000000 ) ) ;
#8160 = DIRECTION ( 'NONE',  ( 0.9135454576426000894, 0.4067366430758019846, 0.000000000000000000 ) ) ;
#8161 = VERTEX_POINT ( 'NONE', #6423 ) ;
#8162 = CARTESIAN_POINT ( 'NONE',  ( -6.619621129381116020, -11.34404188716891859, 8.000000000000000000 ) ) ;
#8163 = EDGE_CURVE ( 'NONE', #1860, #350, #415, .T. ) ;
#8164 = CARTESIAN_POINT ( 'NONE',  ( 8.478361513368719571, 35.48795496294042096, -13.31218076263694705 ) ) ;
#8165 = CARTESIAN_POINT ( 'NONE',  ( 10.64346975476071577, -6.527568552596036078, 8.000000000000000000 ) ) ;
#8166 = DIRECTION ( 'NONE',  ( 0.000000000000000000, 0.000000000000000000, 1.000000000000000000 ) ) ;
#8167 = CARTESIAN_POINT ( 'NONE',  ( -5.836552422531232409, -12.43077374740202323, 8.000000000000000000 ) ) ;
#8168 = CYLINDRICAL_SURFACE ( 'NONE', #912, 10.93750000000000178 ) ;
#8169 = CARTESIAN_POINT ( 'NONE',  ( 11.95399604505279889, 0.7941151212464765408, 0.000000000000000000 ) ) ;
#8170 = CARTESIAN_POINT ( 'NONE',  ( 6.544354946388577510, 10.72875944066953124, 8.000000000000000000 ) ) ;
#8171 = ADVANCED_FACE ( 'NONE', ( #3081 ), #4964, .T. ) ;
#8172 = CARTESIAN_POINT ( 'NONE',  ( -11.95399604505280955, 0.7941151212463095632, 8.000000000000000000 ) ) ;
#8173 = CARTESIAN_POINT ( 'NONE',  ( -0.8231400688185616099, -12.05320353502385800, 8.000000000000000000 ) ) ;
#8174 = CARTESIAN_POINT ( 'NONE',  ( 5.286606996007066073, -12.02324651265876021, 0.000000000000000000 ) ) ;
#8175 = CARTESIAN_POINT ( 'NONE',  ( -2.937812879663770360, -11.90787246215811734, 8.000000000000000000 ) ) ;
#8176 = CARTESIAN_POINT ( 'NONE',  ( 11.87194576742587415, -0.7736152328231870046, 8.000000000000000000 ) ) ;
#8177 = VERTEX_POINT ( 'NONE', #6471 ) ;
#8178 = CARTESIAN_POINT ( 'NONE',  ( 12.22597347346765417, 2.908682420984034955, 0.000000000000000000 ) ) ;
#8179 = CARTESIAN_POINT ( 'NONE',  ( 12.83440038321943000, -2.790132082466497021, 0.000000000000000000 ) ) ;
#8180 = CARTESIAN_POINT ( 'NONE',  ( -12.09884006967987169, 5.379567626064770458, 0.000000000000000000 ) ) ;
#8181 = EDGE_CURVE ( 'NONE', #1274, #6529, #3703, .T. ) ;
#8182 = ORIENTED_EDGE ( 'NONE', *, *, #7635, .F. ) ;
#8183 = CARTESIAN_POINT ( 'NONE',  ( -5.916238915411988764, -9.442776183394473222, 0.000000000000000000 ) ) ;
#8184 = CARTESIAN_POINT ( 'NONE',  ( 0.000000000000000000, 0.000000000000000000, -2.000000000000000000 ) ) ;
#8185 = CARTESIAN_POINT ( 'NONE',  ( 0.000000000000000000, 0.000000000000000000, 0.000000000000000000 ) ) ;
#8186 = CARTESIAN_POINT ( 'NONE',  ( -2.886444749237070173, 11.13701600410302817, 8.000000000000000000 ) ) ;
#8187 = CARTESIAN_POINT ( 'NONE',  ( -11.11931436071737700, 6.600657436018111390, 8.000000000000000000 ) ) ;
#8188 = CARTESIAN_POINT ( 'NONE',  ( 12.61481170127152751, -2.841541163097917710, 8.000000000000000000 ) ) ;
#8189 = ORIENTED_EDGE ( 'NONE', *, *, #3617, .F. ) ;
#8190 = CARTESIAN_POINT ( 'NONE',  ( -9.392211555377270926, 10.01877448794996894, 8.000000000000000000 ) ) ;
#8191 = CARTESIAN_POINT ( 'NONE',  ( 11.11931436071728463, 6.600657436018271262, 0.000000000000000000 ) ) ;
#8192 = CARTESIAN_POINT ( 'NONE',  ( -2.644734409370904871, -13.32045193209911638, 8.000000000000000000 ) ) ;
#8193 = CYLINDRICAL_SURFACE ( 'NONE', #7299, 10.93750000000000178 ) ;
#8194 = CARTESIAN_POINT ( 'NONE',  ( 13.32045193209906842, 2.644734409371143347, 8.000000000000000000 ) ) ;
#8195 = CARTESIAN_POINT ( 'NONE',  ( -12.69447357664507159, -1.095856395948445083, 8.000000000000000000 ) ) ;
#8196 = ORIENTED_EDGE ( 'NONE', *, *, #2796, .F. ) ;
#8197 = CARTESIAN_POINT ( 'NONE',  ( -13.32045193209908973, -2.644734409371050976, 0.000000000000000000 ) ) ;
#8198 = CARTESIAN_POINT ( 'NONE',  ( -10.56312374806395304, 6.510080463201325607, 0.000000000000000000 ) ) ;
#8199 = CARTESIAN_POINT ( 'NONE',  ( 8.262247439007687433, 9.582420452220718587, -5.204170427930421283E-15 ) ) ;
#8200 = VERTEX_POINT ( 'NONE', #7774 ) ;
#8201 = CARTESIAN_POINT ( 'NONE',  ( 8.381991014312500710, 35.75557548447856249, -13.30623017980360068 ) ) ;
#8202 = CARTESIAN_POINT ( 'NONE',  ( 13.50622083004042118, -2.577692551523988129, 0.000000000000000000 ) ) ;
#8203 = CARTESIAN_POINT ( 'NONE',  ( 10.09620455160493435, -6.367618434587465792, 8.000000000000000000 ) ) ;
#8204 = DIRECTION ( 'NONE',  ( 0.9135454576425999784, 0.4067366430758020956, 0.000000000000000000 ) ) ;
#8205 = CARTESIAN_POINT ( 'NONE',  ( -9.376012365377862423, 7.906868104074034953, 8.000000000000000000 ) ) ;
#8206 = CARTESIAN_POINT ( 'NONE',  ( 9.669723885497070626, -8.439220299576962958, 0.000000000000000000 ) ) ;
#8207 = CARTESIAN_POINT ( 'NONE',  ( 2.404360374132630263, 34.35789361850344648, 16.85819456520871285 ) ) ;
#8208 = CARTESIAN_POINT ( 'NONE',  ( -6.195993967205597031, 49.73270047063778065, -16.78316151863608141 ) ) ;
#8209 = EDGE_CURVE ( 'NONE', #5061, #8095, #6882, .T. ) ;
#8210 = AXIS2_PLACEMENT_3D ( 'NONE', #7578, #7017, #4938 ) ;
#8211 = CARTESIAN_POINT ( 'NONE',  ( 4.882899925770745497, 11.65205713776985164, 0.000000000000000000 ) ) ;
#8212 = CARTESIAN_POINT ( 'NONE',  ( -10.93483029503508597, 0.2416457505997258726, 8.000000000000000000 ) ) ;
#8213 = CARTESIAN_POINT ( 'NONE',  ( 6.632284204934521199, -11.71732392095618458, 0.000000000000000000 ) ) ;
#8214 = DIRECTION ( 'NONE',  ( 0.000000000000000000, 0.000000000000000000, -1.000000000000000000 ) ) ;
#8215 = CARTESIAN_POINT ( 'NONE',  ( 5.269209628948233970, 38.38457086269640683, -15.75194548007930173 ) ) ;
#8216 = EDGE_LOOP ( 'NONE', ( #3992, #6964, #234, #6265 ) ) ;
#8217 = EDGE_CURVE ( 'NONE', #4456, #6636, #8542, .T. ) ;
#8218 = CARTESIAN_POINT ( 'NONE',  ( -13.62596226217983464, 1.709570872969460753, 8.000000000000000000 ) ) ;
#8219 = ADVANCED_FACE ( 'NONE', ( #4437 ), #2457, .F. ) ;
#8220 = CARTESIAN_POINT ( 'NONE',  ( -12.33100786788150849, 5.689930116769273738, 8.000000000000000000 ) ) ;
#8221 = CARTESIAN_POINT ( 'NONE',  ( -11.61432090236920089, -2.938739567862419300, 0.000000000000000000 ) ) ;
#8222 = VERTEX_POINT ( 'NONE', #7814 ) ;
#8223 = DIRECTION ( 'NONE',  ( -0.4067366430758008189, 0.9135454576426005335, -4.718447854656915297E-16 ) ) ;
#8224 = CARTESIAN_POINT ( 'NONE',  ( 5.477724940116686092, 12.17545110014136611, 0.000000000000000000 ) ) ;
#8225 = CARTESIAN_POINT ( 'NONE',  ( -9.582420452220571150, -8.262247439007857963, 8.000000000000000000 ) ) ;
#8226 = CARTESIAN_POINT ( 'NONE',  ( -2.790132082466630692, 12.83440038321940335, 8.000000000000000000 ) ) ;
#8227 = EDGE_LOOP ( 'NONE', ( #6856, #1184, #5958, #2123 ) ) ;
#8228 = CARTESIAN_POINT ( 'NONE',  ( 13.48734665312605685, -2.584755384899864339, 8.000000000000000000 ) ) ;
#8229 = CALENDAR_DATE ( 2026, 8, 5 ) ;
#8230 = ORIENTED_EDGE ( 'NONE', *, *, #2465, .F. ) ;
#8231 = CARTESIAN_POINT ( 'NONE',  ( -6.510080463201363798, 10.56312374806393350, 8.000000000000000000 ) ) ;
#8232 = CARTESIAN_POINT ( 'NONE',  ( 10.09620455160479402, 6.367618434587686060, 0.000000000000000000 ) ) ;
#8233 = CARTESIAN_POINT ( 'NONE',  ( 2.936066220364136115, -11.56976343863533607, 8.000000000000000000 ) ) ;
#8234 = CARTESIAN_POINT ( 'NONE',  ( 12.39393210985507565, 5.781365353101088900, 0.000000000000000000 ) ) ;
#8235 = CARTESIAN_POINT ( 'NONE',  ( 5.878440590675671373, 37.84230176008907165, 20.80000445321261537 ) ) ;
#8236 = CARTESIAN_POINT ( 'NONE',  ( -13.27225220462996624, -1.447204694645842782, -5.204170427930421283E-15 ) ) ;
#8237 = VERTEX_POINT ( 'NONE', #1794 ) ;
#8238 = DIRECTION ( 'NONE',  ( 0.000000000000000000, 0.000000000000000000, -1.000000000000000000 ) ) ;
#8239 = CARTESIAN_POINT ( 'NONE',  ( -10.93483029503508597, -0.2416457505998009236, 0.000000000000000000 ) ) ;
#8240 = CARTESIAN_POINT ( 'NONE',  ( 8.855020039374899454, 9.844302869038735082, 8.000000000000000000 ) ) ;
#8241 =( BOUNDED_SURFACE ( )  B_SPLINE_SURFACE ( 3, 2, ( 
 ( #1424, #2747, #6632 ),
 ( #6715, #668, #6765 ),
 ( #50, #3385, #578 ),
 ( #530, #3289, #8590 ),
 ( #2618, #5294, #5431 ),
 ( #8102, #6059, #4775 ),
 ( #2572, #10, #4648 ),
 ( #2709, #8064, #7089 ),
 ( #2787, #4404, #7496 ),
 ( #3467, #90, #2960 ) ),
 .UNSPECIFIED., .F., .F., .F. ) 
 B_SPLINE_SURFACE_WITH_KNOTS ( ( 4, 2, 2, 2, 4 ),
 ( 3, 3 ),
 ( 0.000000000000000000, 0.3926990816987241395, 0.7853981633974482790, 1.178097245096172418, 1.570796326794896558 ),
 ( 0.000000000000000000, 1.000000000000000000 ),
 .UNSPECIFIED. ) 
 GEOMETRIC_REPRESENTATION_ITEM ( )  RATIONAL_B_SPLINE_SURFACE ( (
 ( 1.000000000000000000, 0.9116524235205384352, 1.000000000000000000),
 ( 1.000000000000000000, 0.9116615865081683090, 1.000000000000000000),
 ( 1.000000000000000000, 0.9069606228732135511, 1.000000000000000000),
 ( 1.000000000000000000, 0.8884845949644505358, 1.000000000000000000),
 ( 1.000000000000000000, 0.8746986112345409570, 1.000000000000000000),
 ( 1.000000000000000000, 0.8389293836821549721, 1.000000000000000000),
 ( 1.000000000000000000, 0.8169412326090712551, 1.000000000000000000),
 ( 1.000000000000000000, 0.7663595794512709780, 1.000000000000000000),
 ( 1.000000000000000000, 0.7377723081801744742, 1.000000000000000000),
 ( 1.000000000000000000, 0.7071067811865480168, 1.000000000000000000) ) ) 
 REPRESENTATION_ITEM ( '' )  SURFACE ( )  );
#8242 = EDGE_LOOP ( 'NONE', ( #5625, #7630, #8011, #7450 ) ) ;
#8243 = CARTESIAN_POINT ( 'NONE',  ( -2.759358130927253239, -12.95019774290651604, 0.000000000000000000 ) ) ;
#8244 = AXIS2_PLACEMENT_3D ( 'NONE', #3247, #359, #5922 ) ;
#8245 = CARTESIAN_POINT ( 'NONE',  ( 7.694332745146359898, 35.44213921983219961, -14.94122159086796131 ) ) ;
#8246 = CARTESIAN_POINT ( 'NONE',  ( 8.636712746112557681, -9.757522586729482583, 0.000000000000000000 ) ) ;
#8247 = DIRECTION ( 'NONE',  ( 1.000000000000000000, 0.000000000000000000, 0.000000000000000000 ) ) ;
#8248 = CARTESIAN_POINT ( 'NONE',  ( 6.625183064395725019, 12.04862852623667102, 8.000000000000000000 ) ) ;
#8249 = CARTESIAN_POINT ( 'NONE',  ( 12.97053397611293235, 1.251919511749509217, 8.000000000000000000 ) ) ;
#8250 = CARTESIAN_POINT ( 'NONE',  ( -1.312474532673086891, 13.06843834723477649, 8.000000000000000000 ) ) ;
#8251 = DIRECTION ( 'NONE',  ( -1.000000000000000000, 0.000000000000000000, 0.000000000000000000 ) ) ;
#8252 = VECTOR ( 'NONE', #7626, 1000.000000000000000 ) ;
#8253 = CARTESIAN_POINT ( 'NONE',  ( -11.11684438996336866, 0.7639867559470293612, 0.000000000000000000 ) ) ;
#8254 = CARTESIAN_POINT ( 'NONE',  ( 2.938739567862459268, -11.61432090236918668, 0.000000000000000000 ) ) ;
#8255 = DIRECTION ( 'NONE',  ( -0.6845280282702547181, -0.3047715140836114167, 0.6622202826217424843 ) ) ;
#8256 = CIRCLE ( 'NONE', #675, 13.75000000000000000 ) ;
#8257 = DIRECTION ( 'NONE',  ( 0.000000000000000000, 0.000000000000000000, 1.000000000000000000 ) ) ;
#8258 = CARTESIAN_POINT ( 'NONE',  ( 8.988499347771014669, 6.231836464888988125, 8.000000000000000000 ) ) ;
#8259 = ORIENTED_EDGE ( 'NONE', *, *, #1997, .T. ) ;
#8260 = VECTOR ( 'NONE', #8214, 1000.000000000000000 ) ;
#8261 = DIRECTION ( 'NONE',  ( 0.000000000000000000, 0.000000000000000000, -1.000000000000000000 ) ) ;
#8262 = CARTESIAN_POINT ( 'NONE',  ( 6.622827502596351223, -8.704427730807662300, 8.000000000000000000 ) ) ;
#8263 = EDGE_CURVE ( 'NONE', #3441, #1599, #1337, .T. ) ;
#8264 = AXIS2_PLACEMENT_3D ( 'NONE', #6146, #6892, #8105 ) ;
#8265 = VECTOR ( 'NONE', #1725, 999.9999999999998863 ) ;
#8266 = CARTESIAN_POINT ( 'NONE',  ( -11.49488719732983810, -2.929367628693812176, 0.000000000000000000 ) ) ;
#8267 = ORIENTED_EDGE ( 'NONE', *, *, #6040, .F. ) ;
#8268 = CARTESIAN_POINT ( 'NONE',  ( -4.833073392807574642, -11.60070094346939662, 0.000000000000000000 ) ) ;
#8269 = CARTESIAN_POINT ( 'NONE',  ( 0.000000000000000000, 0.000000000000000000, 0.000000000000000000 ) ) ;
#8270 = EDGE_CURVE ( 'NONE', #3948, #5616, #2797, .T. ) ;
#8271 = DIRECTION ( 'NONE',  ( 0.000000000000000000, 0.000000000000000000, -1.000000000000000000 ) ) ;
#8272 = CARTESIAN_POINT ( 'NONE',  ( 11.36047427339668481, -4.622531273494424831, 8.000000000000000000 ) ) ;
#8273 = CARTESIAN_POINT ( 'NONE',  ( 2.940710835118548250, -11.66361783702273947, 8.000000000000000000 ) ) ;
#8274 = ORIENTED_EDGE ( 'NONE', *, *, #5791, .T. ) ;
#8275 = VECTOR ( 'NONE', #248, 1000.000000000000114 ) ;
#8276 = CARTESIAN_POINT ( 'NONE',  ( 11.77637575328573050, -2.941794575437159498, -5.204170427930421283E-15 ) ) ;
#8277 = ORIENTED_EDGE ( 'NONE', *, *, #5043, .F. ) ;
#8278 = CARTESIAN_POINT ( 'NONE',  ( -6.418760976341363111, 10.23507608951704917, 8.000000000000000000 ) ) ;
#8279 = CARTESIAN_POINT ( 'NONE',  ( 10.18403012388265516, 6.401038329814094929, 0.000000000000000000 ) ) ;
#8280 = CARTESIAN_POINT ( 'NONE',  ( -2.817469215210187006, -12.72257526253006787, 0.000000000000000000 ) ) ;
#8281 = ORIENTED_EDGE ( 'NONE', *, *, #7528, .F. ) ;
#8282 = CARTESIAN_POINT ( 'NONE',  ( 7.780681746149167743, 37.62963413077896746, 22.37493580217463673 ) ) ;
#8283 = CARTESIAN_POINT ( 'NONE',  ( 8.056106208817370273, 36.27681230875737128, 21.26250516759918696 ) ) ;
#8284 = DIRECTION ( 'NONE',  ( 0.3090169943749582204, -0.9510565162951500895, 0.000000000000000000 ) ) ;
#8285 = ORIENTED_EDGE ( 'NONE', *, *, #4782, .T. ) ;
#8286 = CARTESIAN_POINT ( 'NONE',  ( -11.58812316373725260, 6.630420918280079512, 0.000000000000000000 ) ) ;
#8287 = CARTESIAN_POINT ( 'NONE',  ( -10.02706299306008830, 6.338109664291194711, 0.000000000000000000 ) ) ;
#8288 = CARTESIAN_POINT ( 'NONE',  ( 12.44189184801367709, -5.853360337646297928, 8.000000000000000000 ) ) ;
#8289 = ORIENTED_EDGE ( 'NONE', *, *, #8711, .F. ) ;
#8290 = CARTESIAN_POINT ( 'NONE',  ( -6.625183064392162535, -12.04862852631978676, 8.000000000000000000 ) ) ;
#8291 = CARTESIAN_POINT ( 'NONE',  ( 13.19332579941575467, 2.686824890852877346, 0.000000000000000000 ) ) ;
#8292 = CARTESIAN_POINT ( 'NONE',  ( -9.392211555323848771, 10.01877448793492853, 8.000000000000000000 ) ) ;
#8293 = CARTESIAN_POINT ( 'NONE',  ( 8.105411651555897379, -9.497099640846604629, 0.000000000000000000 ) ) ;
#8294 = CARTESIAN_POINT ( 'NONE',  ( 5.379567626064898356, -12.09884006967981307, 8.000000000000000000 ) ) ;
#8295 = CARTESIAN_POINT ( 'NONE',  ( -9.582420452220629770, 8.262247439007792238, 8.000000000000000000 ) ) ;
#8296 = CARTESIAN_POINT ( 'NONE',  ( 9.713655369616260415, -8.535381057717465580, 0.000000000000000000 ) ) ;
#8297 = CARTESIAN_POINT ( 'NONE',  ( 20.16575622620606723, 51.20595465512587907, 12.54747184268290816 ) ) ;
#8298 = DIRECTION ( 'NONE',  ( -0.8088170768283181600, 0.000000000000000000, -0.5880603168305904571 ) ) ;
#8299 = EDGE_CURVE ( 'NONE', #2474, #6352, #6731, .T. ) ;
#8300 = CARTESIAN_POINT ( 'NONE',  ( -12.37227591337642707, 0.9420826277741136678, 0.000000000000000000 ) ) ;
#8301 = CARTESIAN_POINT ( 'NONE',  ( 9.328340841224363800, -10.00078975079867938, 0.000000000000000000 ) ) ;
#8302 = CARTESIAN_POINT ( 'NONE',  ( 4.476617511824125373, -11.16457150618545668, 8.000000000000000000 ) ) ;
#8303 = CARTESIAN_POINT ( 'NONE',  ( -12.05785317090585274, 2.927269694296032565, 8.000000000000000000 ) ) ;
#8304 = CARTESIAN_POINT ( 'NONE',  ( 11.11684438996337221, -0.7639867559469517566, 8.000000000000000000 ) ) ;
#8305 = ORIENTED_EDGE ( 'NONE', *, *, #6893, .F. ) ;
#8306 = CARTESIAN_POINT ( 'NONE',  ( -12.60876818853258641, -1.051893166807204905, 8.000000000000000000 ) ) ;
#8307 = CARTESIAN_POINT ( 'NONE',  ( -2.841541163098047384, 12.61481170127150087, 0.000000000000000000 ) ) ;
#8308 = CARTESIAN_POINT ( 'NONE',  ( 6.630420918280206521, -11.58812316373717977, 8.000000000000000000 ) ) ;
#8309 = CARTESIAN_POINT ( 'NONE',  ( -11.08591166683803841, 4.425208852857752895, 8.000000000000000000 ) ) ;
#8310 = EDGE_CURVE ( 'NONE', #6241, #4087, #1607, .T. ) ;
#8311 = ORIENTED_EDGE ( 'NONE', *, *, #1609, .F. ) ;
#8312 = CARTESIAN_POINT ( 'NONE',  ( -4.622531273494459469, -11.36047427339667237, 0.000000000000000000 ) ) ;
#8313 = CYLINDRICAL_SURFACE ( 'NONE', #5328, 10.93750000000000178 ) ;
#8314 = CARTESIAN_POINT ( 'NONE',  ( 9.455639197970663545, 8.034402175150866299, 8.000000000000000000 ) ) ;
#8315 = DIRECTION ( 'NONE',  ( 0.7780644821457450844, 0.000000000000000000, -0.6281844168898761405 ) ) ;
#8316 = CARTESIAN_POINT ( 'NONE',  ( 2.886444749237149221, -11.13701600410300507, 8.000000000000000000 ) ) ;
#8317 = ORIENTED_EDGE ( 'NONE', *, *, #2212, .T. ) ;
#8318 = CARTESIAN_POINT ( 'NONE',  ( 12.41180006574750827, -2.880586703536482052, 8.000000000000000000 ) ) ;
#8319 = ADVANCED_FACE ( 'NONE', ( #1160 ), #4046, .T. ) ;
#8320 = ORIENTED_EDGE ( 'NONE', *, *, #6040, .T. ) ;
#8321 = DIRECTION ( 'NONE',  ( 1.047444401652939849E-14, -1.000000000000000000, 0.000000000000000000 ) ) ;
#8322 = CARTESIAN_POINT ( 'NONE',  ( 10.48771353560516140, 6.492081297254581607, 0.000000000000000000 ) ) ;
#8323 = CARTESIAN_POINT ( 'NONE',  ( -6.186699299581391642, -9.699971161947047449, 8.000000000000000000 ) ) ;
#8324 = ORIENTED_EDGE ( 'NONE', *, *, #3968, .T. ) ;
#8325 = CARTESIAN_POINT ( 'NONE',  ( 9.041972094009379290, 35.92911960867112242, 22.78198858118248538 ) ) ;
#8326 = CARTESIAN_POINT ( 'NONE',  ( 8.143952418777072211, 36.16587734259019982, 21.28864554120859154 ) ) ;
#8327 = ADVANCED_FACE ( 'NONE', ( #3958 ), #8652, .F. ) ;
#8328 = CARTESIAN_POINT ( 'NONE',  ( -13.62596226222339446, -1.709570873003933622, 8.000000000000000000 ) ) ;
#8329 = VERTEX_POINT ( 'NONE', #6646 ) ;
#8330 = CARTESIAN_POINT ( 'NONE',  ( -11.34404188716889728, 6.619621129381155100, 8.000000000000000000 ) ) ;
#8331 = CARTESIAN_POINT ( 'NONE',  ( -10.09620455160488461, 6.367618434587540399, 0.000000000000000000 ) ) ;
#8332 = FACE_OUTER_BOUND ( 'NONE', #5685, .T. ) ;
#8333 = CARTESIAN_POINT ( 'NONE',  ( 1.722120468182739339, -13.64173013569106452, 0.000000000000000000 ) ) ;
#8334 = CARTESIAN_POINT ( 'NONE',  ( -8.636712746112488404, 9.757522586729548308, 8.000000000000000000 ) ) ;
#8335 = CARTESIAN_POINT ( 'NONE',  ( -10.02706299306004567, -6.338109664291265766, 8.000000000000000000 ) ) ;
#8336 = DIRECTION ( 'NONE',  ( 0.000000000000000000, 0.000000000000000000, -1.000000000000000000 ) ) ;
#8337 = CARTESIAN_POINT ( 'NONE',  ( -10.00078975079088472, 9.328340841197649169, 8.000000000000000000 ) ) ;
#8338 = CARTESIAN_POINT ( 'NONE',  ( 10.01877448793502978, -9.392211555323736860, 0.000000000000000000 ) ) ;
#8339 = CARTESIAN_POINT ( 'NONE',  ( -1.521639563755415203, 13.37787302532245448, 8.000000000000000000 ) ) ;
#8340 = DIRECTION ( 'NONE',  ( 1.000000000000000000, 0.000000000000000000, 0.000000000000000000 ) ) ;
#8341 = CARTESIAN_POINT ( 'NONE',  ( -12.23289380645680779, 0.8857088747961243680, 8.000000000000000000 ) ) ;
#8342 = CARTESIAN_POINT ( 'NONE',  ( 2.936066220364136115, -11.56976343863533607, 0.000000000000000000 ) ) ;
#8343 = DIRECTION ( 'NONE',  ( 0.000000000000000000, 0.000000000000000000, -1.000000000000000000 ) ) ;
#8344 = DIRECTION ( 'NONE',  ( 0.000000000000000000, 0.000000000000000000, 1.000000000000000000 ) ) ;
#8345 = CARTESIAN_POINT ( 'NONE',  ( -13.50622083004038387, -2.577692551524178199, 8.000000000000000000 ) ) ;
#8346 = EDGE_LOOP ( 'NONE', ( #661, #3156, #6080, #2650 ) ) ;
#8347 = CARTESIAN_POINT ( 'NONE',  ( -12.44755643926125188, -0.9751606640715865248, 8.000000000000000000 ) ) ;
#8348 = CARTESIAN_POINT ( 'NONE',  ( 9.301941798724861599, -7.798144649837091436, 8.000000000000000000 ) ) ;
#8349 = CARTESIAN_POINT ( 'NONE',  ( 15.40659770594985467, 51.95973131377240861, 7.469851245596856870 ) ) ;
#8350 = CARTESIAN_POINT ( 'NONE',  ( -4.719217338362137859, -11.47561408673062822, 8.000000000000000000 ) ) ;
#8351 = VERTEX_POINT ( 'NONE', #2631 ) ;
#8352 = CARTESIAN_POINT ( 'NONE',  ( -0.8412873393390029042, -12.10906341627276639, 0.000000000000000000 ) ) ;
#8353 = FACE_OUTER_BOUND ( 'NONE', #2566, .T. ) ;
#8354 = CARTESIAN_POINT ( 'NONE',  ( 10.72875944066950993, -6.544354946388615701, 8.000000000000000000 ) ) ;
#8355 = CARTESIAN_POINT ( 'NONE',  ( -11.95399604505280244, -0.7941151212463930520, 0.000000000000000000 ) ) ;
#8356 = VERTEX_POINT ( 'NONE', #3209 ) ;
#8357 = DIRECTION ( 'NONE',  ( 0.000000000000000000, 0.000000000000000000, -1.000000000000000000 ) ) ;
#8358 = CARTESIAN_POINT ( 'NONE',  ( -4.622531273494543846, 11.36047427339663862, 0.000000000000000000 ) ) ;
#8359 = ORIENTED_EDGE ( 'NONE', *, *, #7739, .F. ) ;
#8360 = CARTESIAN_POINT ( 'NONE',  ( -8.181339682155977400, 9.539420412438916586, 0.000000000000000000 ) ) ;
#8361 = CARTESIAN_POINT ( 'NONE',  ( -12.25290083038835398, -5.581155335976986542, 8.000000000000000000 ) ) ;
#8362 = CARTESIAN_POINT ( 'NONE',  ( -2.880586703536519355, -12.41180006574749939, 0.000000000000000000 ) ) ;
#8363 = ORIENTED_EDGE ( 'NONE', *, *, #1763, .T. ) ;
#8364 = CARTESIAN_POINT ( 'NONE',  ( -2.607747690747059810, 13.42510299664339790, 0.000000000000000000 ) ) ;
#8365 = CARTESIAN_POINT ( 'NONE',  ( 8.479472712368238518, 35.60083488664600537, 22.31900479854374808 ) ) ;
#8366 = FACE_BOUND ( 'NONE', #6832, .T. ) ;
#8367 = CARTESIAN_POINT ( 'NONE',  ( -10.81899503309357691, 6.560248542580040088, 0.000000000000000000 ) ) ;
#8368 = CARTESIAN_POINT ( 'NONE',  ( -11.85123473191540455, 6.631537913675494167, 0.000000000000000000 ) ) ;
#8369 = CARTESIAN_POINT ( 'NONE',  ( 10.70664486910374968, -4.210990906299789671, 0.000000000000000000 ) ) ;
#8370 = EDGE_CURVE ( 'NONE', #3623, #3764, #5309, .T. ) ;
#8371 = EDGE_LOOP ( 'NONE', ( #4679, #7782, #21, #1024 ) ) ;
#8372 = CARTESIAN_POINT ( 'NONE',  ( -6.367618434587505760, -10.09620455160490771, 0.000000000000000000 ) ) ;
#8373 = CARTESIAN_POINT ( 'NONE',  ( 9.175863790627152738, 7.634358818669958247, 0.000000000000000000 ) ) ;
#8374 = EDGE_CURVE ( 'NONE', #1244, #302, #5327, .T. ) ;
#8375 = CARTESIAN_POINT ( 'NONE',  ( 2.600000000000000089, 0.000000000000000000, -2.000000000000000000 ) ) ;
#8376 = CARTESIAN_POINT ( 'NONE',  ( 9.411632514553422979, 10.02415449856000329, 8.000000000000000000 ) ) ;
#8377 = CARTESIAN_POINT ( 'NONE',  ( -11.22924223885647521, -6.611064424922867389, 0.000000000000000000 ) ) ;
#8378 = VECTOR ( 'NONE', #425, 1000.000000000000227 ) ;
#8379 = CARTESIAN_POINT ( 'NONE',  ( 0.000000000000000000, 0.000000000000000000, 0.000000000000000000 ) ) ;
#8380 = DIRECTION ( 'NONE',  ( 1.000000000000000000, 0.000000000000000000, 0.000000000000000000 ) ) ;
#8381 = CARTESIAN_POINT ( 'NONE',  ( 12.17545110014123289, 5.477724940116983632, 0.000000000000000000 ) ) ;
#8382 = CIRCLE ( 'NONE', #662, 0.9999999999999995559 ) ;
#8383 = CARTESIAN_POINT ( 'NONE',  ( -12.30068812565076541, 0.9123192481542625742, 8.000000000000000000 ) ) ;
#8384 = CYLINDRICAL_SURFACE ( 'NONE', #4064, 13.75000000000000000 ) ;
#8385 = CARTESIAN_POINT ( 'NONE',  ( 6.687673482044054651, 37.29104031852572376, -12.91790114722591376 ) ) ;
#8386 = CARTESIAN_POINT ( 'NONE',  ( -12.61481170127151152, 2.841541163098003420, 8.000000000000000000 ) ) ;
#8387 = CARTESIAN_POINT ( 'NONE',  ( -13.64173013562593795, 1.722120468130850846, 0.000000000000000000 ) ) ;
#8388 = ORIENTED_EDGE ( 'NONE', *, *, #1007, .F. ) ;
#8389 = CARTESIAN_POINT ( 'NONE',  ( -13.27225220462996624, -1.447204694645842782, 8.000000000000000000 ) ) ;
#8390 = CIRCLE ( 'NONE', #4612, 2.600000000000000089 ) ;
#8391 = CARTESIAN_POINT ( 'NONE',  ( -2.708699257713828690, 10.80883218877890783, 0.000000000000000000 ) ) ;
#8392 = FACE_OUTER_BOUND ( 'NONE', #2688, .T. ) ;
#8393 = CARTESIAN_POINT ( 'NONE',  ( -4.965029436117420758, -11.73452356626243720, 8.000000000000000000 ) ) ;
#8394 = VECTOR ( 'NONE', #8238, 1000.000000000000000 ) ;
#8395 = VERTEX_POINT ( 'NONE', #8037 ) ;
#8396 = AXIS2_PLACEMENT_3D ( 'NONE', #8524, #4579, #7264 ) ;
#8397 = CARTESIAN_POINT ( 'NONE',  ( -1.195724957047537451, -12.87548337994386038, 0.000000000000000000 ) ) ;
#8398 = DIRECTION ( 'NONE',  ( -0.7296168394300779347, 0.000000000000000000, -0.6838561746596018009 ) ) ;
#8399 = CARTESIAN_POINT ( 'NONE',  ( 8.988499347771151449, -6.231836464888791838, 8.000000000000000000 ) ) ;
#8400 = ORIENTED_EDGE ( 'NONE', *, *, #1394, .T. ) ;
#8401 = CARTESIAN_POINT ( 'NONE',  ( -13.27225220462996624, -1.447204694645842782, 0.000000000000000000 ) ) ;
#8402 = ORIENTED_EDGE ( 'NONE', *, *, #199, .F. ) ;
#8403 = CARTESIAN_POINT ( 'NONE',  ( 2.862521721341851677, -12.51119373526725376, 8.000000000000000000 ) ) ;
#8404 = ORIENTED_EDGE ( 'NONE', *, *, #6355, .F. ) ;
#8405 = CIRCLE ( 'NONE', #2935, 13.75000000000000000 ) ;
#8406 = AXIS2_PLACEMENT_3D ( 'NONE', #7627, #925, #1597 ) ;
#8407 = FACE_OUTER_BOUND ( 'NONE', #4856, .T. ) ;
#8408 = EDGE_CURVE ( 'NONE', #3338, #2035, #7298, .T. ) ;
#8409 = ORIENTED_EDGE ( 'NONE', *, *, #1003, .T. ) ;
#8410 = CARTESIAN_POINT ( 'NONE',  ( -7.707558585906881810, 9.234787594130779098, 0.000000000000000000 ) ) ;
#8411 = CARTESIAN_POINT ( 'NONE',  ( -11.41672744483950375, -4.668788839230902710, 0.000000000000000000 ) ) ;
#8412 = CARTESIAN_POINT ( 'NONE',  ( -2.908682420983816019, -12.22597347346770569, 8.000000000000000000 ) ) ;
#8413 = CIRCLE ( 'NONE', #3934, 10.93750000000000178 ) ;
#8414 = CARTESIAN_POINT ( 'NONE',  ( 7.600858580985665469, 35.57254856718996905, 22.96696844945360283 ) ) ;
#8415 = LINE ( 'NONE', #3152, #2635 ) ;
#8416 = CARTESIAN_POINT ( 'NONE',  ( -10.81899503309357691, 6.560248542580040088, 8.000000000000000000 ) ) ;
#8417 = CARTESIAN_POINT ( 'NONE',  ( -4.622531273494459469, -11.36047427339667237, 0.000000000000000000 ) ) ;
#8418 = CARTESIAN_POINT ( 'NONE',  ( 12.33100786788154224, -5.689930116769189361, 8.000000000000000000 ) ) ;
#8419 = VECTOR ( 'NONE', #3335, 1000.000000000000000 ) ;
#8420 = ORIENTED_EDGE ( 'NONE', *, *, #4800, .T. ) ;
#8421 = EDGE_CURVE ( 'NONE', #3141, #7087, #6548, .T. ) ;
#8422 = CARTESIAN_POINT ( 'NONE',  ( -6.367618434587505760, -10.09620455160490771, 8.000000000000000000 ) ) ;
#8423 = DIRECTION ( 'NONE',  ( 0.000000000000000000, 0.000000000000000000, 1.000000000000000000 ) ) ;
#8424 = LINE ( 'NONE', #8375, #4764 ) ;
#8425 = CARTESIAN_POINT ( 'NONE',  ( -9.411632514553501139, -10.02415449855993757, 8.000000000000000000 ) ) ;
#8426 = CARTESIAN_POINT ( 'NONE',  ( -11.58812316373720819, -6.630420918280161224, 0.000000000000000000 ) ) ;
#8427 = CARTESIAN_POINT ( 'NONE',  ( 13.64173013569104320, 1.722120468182879671, 0.000000000000000000 ) ) ;
#8428 = CARTESIAN_POINT ( 'NONE',  ( 11.49488719732981679, 2.929367628693892112, -5.204170427930421283E-15 ) ) ;
#8429 = CARTESIAN_POINT ( 'NONE',  ( 11.36047427339658711, 4.622531273494663751, 0.000000000000000000 ) ) ;
#8430 = EDGE_CURVE ( 'NONE', #1053, #8473, #817, .T. ) ;
#8431 = CARTESIAN_POINT ( 'NONE',  ( -11.56976343863534851, -2.936066220364096147, 0.000000000000000000 ) ) ;
#8432 = CARTESIAN_POINT ( 'NONE',  ( 2.790132082466721286, -12.83440038321938204, 0.000000000000000000 ) ) ;
#8433 = CARTESIAN_POINT ( 'NONE',  ( 5.404230276741870398, 38.08130953294139687, -15.75194547670435696 ) ) ;
#8434 = CARTESIAN_POINT ( 'NONE',  ( 11.94884645308970406, 5.198761634262982767, 8.000000000000000000 ) ) ;
#8435 = CARTESIAN_POINT ( 'NONE',  ( 0.000000000000000000, 0.000000000000000000, 8.000000000000000000 ) ) ;
#8436 = EDGE_LOOP ( 'NONE', ( #3104, #6598, #1091, #522 ) ) ;
#8437 = DIRECTION ( 'NONE',  ( 0.000000000000000000, 0.000000000000000000, 1.000000000000000000 ) ) ;
#8438 = CARTESIAN_POINT ( 'NONE',  ( 8.544655887209771095, -7.152395453489262422, -5.204170427930421283E-15 ) ) ;
#8439 = EDGE_CURVE ( 'NONE', #8237, #6481, #7387, .T. ) ;
#8440 = CARTESIAN_POINT ( 'NONE',  ( 7.968244849358745441, 9.415217936710030600, 8.000000000000000000 ) ) ;
#8441 = EDGE_LOOP ( 'NONE', ( #1549, #14 ) ) ;
#8442 = CARTESIAN_POINT ( 'NONE',  ( -4.386616976970878490, -11.02139818175205477, 0.000000000000000000 ) ) ;
#8443 = CARTESIAN_POINT ( 'NONE',  ( -6.622827502596225990, -8.704427730807754671, 0.000000000000000000 ) ) ;
#8444 = CARTESIAN_POINT ( 'NONE',  ( 11.01428446989507748, -6.588591420233351315, 8.000000000000000000 ) ) ;
#8445 = CARTESIAN_POINT ( 'NONE',  ( 0.7828886122849475493, -11.91079326901029134, 8.000000000000000000 ) ) ;
#8446 = ORIENTED_EDGE ( 'NONE', *, *, #5952, .F. ) ;
#8447 = CARTESIAN_POINT ( 'NONE',  ( 13.50622083004042118, -2.577692551523988129, 8.000000000000000000 ) ) ;
#8448 = PRODUCT ( '\X2\9f7f8f6e\X0\20x1.25 \X2\5de6722a\X0\', '\X2\9f7f8f6e\X0\20x1.25 \X2\5de6722a\X0\', '', ( #6194 ) ) ;
#8449 = DIRECTION ( 'NONE',  ( 0.7147974065165849655, 0.3182483095653313443, 0.6227219934256160716 ) ) ;
#8450 = B_SPLINE_CURVE_WITH_KNOTS ( 'NONE', 3,
 ( #4868, #4954, #187, #8287, #6326, #8331, #6207, #6371, #3650, #232, #150, #5532, #6941, #8198, #4341, #322, #6904, #851, #281, #2276, #5622, #7725, #2318, #1606, #4293, #8368, #6984, #7678, #2359 ),
 .UNSPECIFIED., .F., .F.,
 ( 4, 1, 1, 1, 1, 1, 1, 1, 1, 1, 1, 1, 1, 1, 1, 1, 1, 1, 1, 1, 1, 1, 1, 1, 1, 1, 4 ),
 ( 0.000000000000000000, 0.1659160033276295687, 0.1709059215442318980, 0.1766635194393566533, 0.1831887970181514946, 0.1904817542841363842, 0.1985423912398269763, 0.2073707078870824505, 0.2169667042273148994, 0.2273303802616239988, 0.2384617359908808298, 0.2503607714157882747, 0.2630274865369212067, 0.2764618813547564669, 0.2906639558696927361, 0.3056337100820685215, 0.3213711439921715929, 0.3378762576002503071, 0.3551490509065193812, 0.3731895239111665541, 0.3919976766143570268, 0.4115735090162354615, 0.4319170211169303109, 0.4530282129165571492, 0.4749070844152180060, 0.4975536356130058624, 0.5074316978669458633 ),
 .UNSPECIFIED. ) ;
#8451 = ORIENTED_EDGE ( 'NONE', *, *, #4516, .F. ) ;
#8452 = CARTESIAN_POINT ( 'NONE',  ( -7.968244849358884885, 9.415217936709918689, 0.000000000000000000 ) ) ;
#8453 = CARTESIAN_POINT ( 'NONE',  ( -11.94884645308974136, -5.198761634262900166, 0.000000000000000000 ) ) ;
#8454 = CARTESIAN_POINT ( 'NONE',  ( -6.401038329813911965, -10.18403012388277062, 8.000000000000000000 ) ) ;
#8455 = CARTESIAN_POINT ( 'NONE',  ( 8.086616527457097803, 36.24075979682545778, 21.27205302733786496 ) ) ;
#8456 = CARTESIAN_POINT ( 'NONE',  ( -1.063017894759105797, 12.63045561107619186, 8.000000000000000000 ) ) ;
#8457 = CARTESIAN_POINT ( 'NONE',  ( 13.64173013562594683, -1.722120468130754034, 8.000000000000000000 ) ) ;
#8458 = DIRECTION ( 'NONE',  ( -0.4067366430758008189, 0.9135454576426006446, 6.572456001240615689E-18 ) ) ;
#8459 = CARTESIAN_POINT ( 'NONE',  ( 11.94884645308981241, -5.198761634262732301, 0.000000000000000000 ) ) ;
#8460 = ORIENTED_EDGE ( 'NONE', *, *, #640, .T. ) ;
#8461 = CARTESIAN_POINT ( 'NONE',  ( -6.544354946388659222, -10.72875944066948506, 8.000000000000000000 ) ) ;
#8462 = CARTESIAN_POINT ( 'NONE',  ( 10.01877448793482372, 9.392211555323958905, 0.000000000000000000 ) ) ;
#8463 = CARTESIAN_POINT ( 'NONE',  ( -9.415217936709890267, -7.968244849358915971, 0.000000000000000000 ) ) ;
#8464 = CARTESIAN_POINT ( 'NONE',  ( 4.833073392807741619, -11.60070094346932734, 8.000000000000000000 ) ) ;
#8465 = LINE ( 'NONE', #1201, #6556 ) ;
#8466 = CARTESIAN_POINT ( 'NONE',  ( 12.51119373526724132, 2.862521721341894754, -5.204170427930421283E-15 ) ) ;
#8467 = DIRECTION ( 'NONE',  ( 0.6845280282702553842, 0.3047715140836108616, -0.6622202826217419291 ) ) ;
#8468 = CARTESIAN_POINT ( 'NONE',  ( -11.66361783702275012, -2.940710835118507394, 0.000000000000000000 ) ) ;
#8469 = CARTESIAN_POINT ( 'NONE',  ( -11.66361783702275012, -2.940710835118507394, 8.000000000000000000 ) ) ;
#8470 = CARTESIAN_POINT ( 'NONE',  ( 4.622531273494623782, -11.36047427339660487, 0.000000000000000000 ) ) ;
#8471 = CARTESIAN_POINT ( 'NONE',  ( -4.542018187747222768, 11.25643158326923299, 8.000000000000000000 ) ) ;
#8472 = CARTESIAN_POINT ( 'NONE',  ( 1.000453235186707035, 25.49397279352055179, 13.00000000000000178 ) ) ;
#8473 = VERTEX_POINT ( 'NONE', #6688 ) ;
#8474 = FACE_BOUND ( 'NONE', #1404, .T. ) ;
#8475 = EDGE_CURVE ( 'NONE', #7073, #4884, #4002, .T. ) ;
#8476 = CARTESIAN_POINT ( 'NONE',  ( 9.539420412439005403, -8.181339682155870818, 8.000000000000000000 ) ) ;
#8477 = DIRECTION ( 'NONE',  ( 0.000000000000000000, 0.000000000000000000, 1.000000000000000000 ) ) ;
#8478 = EDGE_CURVE ( 'NONE', #7393, #3879, #4480, .T. ) ;
#8479 = VERTEX_POINT ( 'NONE', #637 ) ;
#8480 = CARTESIAN_POINT ( 'NONE',  ( -5.853360337646336120, -12.44189184801365933, 0.000000000000000000 ) ) ;
#8481 = CARTESIAN_POINT ( 'NONE',  ( -7.634358818669794822, -9.175863790627293071, 0.000000000000000000 ) ) ;
#8482 = ADVANCED_FACE ( 'NONE', ( #1843 ), #1930, .F. ) ;
#8483 = CARTESIAN_POINT ( 'NONE',  ( 9.234787594130693833, 7.707558585906980397, 8.000000000000000000 ) ) ;
#8484 = CARTESIAN_POINT ( 'NONE',  ( 0.7639867559471070768, -11.11684438996312174, 8.000000000000000000 ) ) ;
#8485 = CARTESIAN_POINT ( 'NONE',  ( 2.607747690747154845, -13.42510299664337658, 0.000000000000000000 ) ) ;
#8486 = ADVANCED_FACE ( 'NONE', ( #3864 ), #5222, .T. ) ;
#8487 = CARTESIAN_POINT ( 'NONE',  ( -0.2416457505997640642, -10.93483029503508597, 8.000000000000000000 ) ) ;
#8488 = ORIENTED_EDGE ( 'NONE', *, *, #3299, .F. ) ;
#8489 = CARTESIAN_POINT ( 'NONE',  ( 6.626067776682183386, 12.02849558169551614, 0.000000000000000000 ) ) ;
#8490 = CARTESIAN_POINT ( 'NONE',  ( -10.70664486910369462, -4.210990906299937997, 0.000000000000000000 ) ) ;
#8491 = CARTESIAN_POINT ( 'NONE',  ( -2.941794575437194581, -11.77637575328572161, 8.000000000000000000 ) ) ;
#8492 = CARTESIAN_POINT ( 'NONE',  ( 11.22924223885642547, 6.611064424922950877, 8.000000000000000000 ) ) ;
#8493 = LINE ( 'NONE', #7069, #4317 ) ;
#8494 = CARTESIAN_POINT ( 'NONE',  ( -11.30699639290208758, 4.580317944817353215, 0.000000000000000000 ) ) ;
#8495 = CARTESIAN_POINT ( 'NONE',  ( -5.689930116769227553, -12.33100786788152448, 0.000000000000000000 ) ) ;
#8496 = CARTESIAN_POINT ( 'NONE',  ( 9.221936103764146964, -9.969200282347870257, 8.000000000000000000 ) ) ;
#8497 = VERTEX_POINT ( 'NONE', #1884 ) ;
#8498 = CIRCLE ( 'NONE', #2063, 1.000000000000001554 ) ;
#8499 = CARTESIAN_POINT ( 'NONE',  ( 1.377525651863733325, -13.16905850672525347, 8.000000000000000000 ) ) ;
#8500 = ORIENTED_EDGE ( 'NONE', *, *, #5154, .T. ) ;
#8501 = CARTESIAN_POINT ( 'NONE',  ( 8.988499347771014669, 6.231836464888988125, 8.000000000000000000 ) ) ;
#8502 = CARTESIAN_POINT ( 'NONE',  ( -9.455639197970723941, -8.034402175150797021, 0.000000000000000000 ) ) ;
#8503 = CARTESIAN_POINT ( 'NONE',  ( 11.77637575328567010, 2.941794575437405967, 8.000000000000000000 ) ) ;
#8504 =( BOUNDED_CURVE ( )  B_SPLINE_CURVE ( 3, ( #6614, #561, #3273, #5948 ),
 .UNSPECIFIED., .F., .F. ) 
 B_SPLINE_CURVE_WITH_KNOTS ( ( 4, 4 ),
 ( 3.572275984111966896, 4.306247982608479852 ),
 .UNSPECIFIED. ) 
 CURVE ( )  GEOMETRIC_REPRESENTATION_ITEM ( )  RATIONAL_B_SPLINE_CURVE ( ( 1.000000000000000000, 0.9556086789457213237, 0.9556086789457213237, 1.000000000000000000 ) ) 
 REPRESENTATION_ITEM ( '' )  );
#8505 = CARTESIAN_POINT ( 'NONE',  ( 13.16905850672523925, 1.377525651863871214, 8.000000000000000000 ) ) ;
#8506 = CARTESIAN_POINT ( 'NONE',  ( -11.61432090236920089, -2.938739567862419300, 8.000000000000000000 ) ) ;
#8507 = FACE_OUTER_BOUND ( 'NONE', #2936, .T. ) ;
#8508 = DIRECTION ( 'NONE',  ( -0.000000000000000000, 0.000000000000000000, -1.000000000000000000 ) ) ;
#8509 = LINE ( 'NONE', #4233, #3792 ) ;
#8510 = ADVANCED_FACE ( 'NONE', ( #1204 ), #1064, .T. ) ;
#8511 = AXIS2_PLACEMENT_3D ( 'NONE', #1851, #2598, #4532 ) ;
#8512 = CARTESIAN_POINT ( 'NONE',  ( 8.034402175150832548, -9.455639197970691967, 8.000000000000000000 ) ) ;
#8513 = CARTESIAN_POINT ( 'NONE',  ( 7.761292229249209917, 36.57212372261436428, -13.16843767938326870 ) ) ;
#8514 = CARTESIAN_POINT ( 'NONE',  ( -5.781365353078097513, 12.39393210983940463, 8.000000000000000000 ) ) ;
#8515 = CARTESIAN_POINT ( 'NONE',  ( -8.704427730807735131, 6.622827502596257077, 0.000000000000000000 ) ) ;
#8516 = ORIENTED_EDGE ( 'NONE', *, *, #5964, .T. ) ;
#8517 = CARTESIAN_POINT ( 'NONE',  ( 0.000000000000000000, 0.000000000000000000, 0.000000000000000000 ) ) ;
#8518 = DIRECTION ( 'NONE',  ( 0.7780644821457439742, 0.000000000000000000, 0.6281844168898774727 ) ) ;
#8519 = FACE_OUTER_BOUND ( 'NONE', #1079, .T. ) ;
#8520 = AXIS2_PLACEMENT_3D ( 'NONE', #1347, #6023, #2018 ) ;
#8521 = CARTESIAN_POINT ( 'NONE',  ( 9.376012365377748736, 7.906868104074169956, 0.000000000000000000 ) ) ;
#8522 = VERTEX_POINT ( 'NONE', #6942 ) ;
#8523 = EDGE_CURVE ( 'NONE', #1557, #3815, #3400, .T. ) ;
#8524 = CARTESIAN_POINT ( 'NONE',  ( 0.000000000000000000, 0.000000000000000000, 8.000000000000000000 ) ) ;
#8525 = CARTESIAN_POINT ( 'NONE',  ( -8.105411651555762376, -9.497099640846727198, 0.000000000000000000 ) ) ;
#8526 = CARTESIAN_POINT ( 'NONE',  ( 12.44755643926126965, -0.9751606640714124419, 8.000000000000000000 ) ) ;
#8527 = VERTEX_POINT ( 'NONE', #6208 ) ;
#8528 = CARTESIAN_POINT ( 'NONE',  ( 0.9751606640715431151, -12.44755643926125543, 8.000000000000000000 ) ) ;
#8529 = ORIENTED_EDGE ( 'NONE', *, *, #2388, .T. ) ;
#8530 = AXIS2_PLACEMENT_3D ( 'NONE', #2214, #3551, #2130 ) ;
#8531 = B_SPLINE_CURVE_WITH_KNOTS ( 'NONE', 3,
 ( #8541, #4549, #3940, #7410, #8679, #6532, #665, #2569, #8021, #3286, #5961, #2615, #5870, #7973, #2003, #3379, #1958, #4644, #6056, #7, #5385, #2706, #7885, #2044, #4728, #3848, #2527, #5603, #8143 ),
 .UNSPECIFIED., .F., .F.,
 ( 4, 1, 1, 1, 1, 1, 1, 1, 1, 1, 1, 1, 1, 1, 1, 1, 1, 1, 1, 1, 1, 1, 1, 1, 1, 1, 4 ),
 ( 0.000000000000000000, 0.1659160033276295965, 0.1709059215442318702, 0.1766635194393565977, 0.1831887970181514669, 0.1904817542841364120, 0.1985423912398269763, 0.2073707078870824227, 0.2169667042273148716, 0.2273303802616240543, 0.2384617359908808021, 0.2503607714157882191, 0.2630274865369212067, 0.2764618813547564669, 0.2906639558696927361, 0.3056337100820685215, 0.3213711439921715929, 0.3378762576002502516, 0.3551490509065193812, 0.3731895239111665541, 0.3919976766143570268, 0.4115735090162354615, 0.4319170211169303109, 0.4530282129165571492, 0.4749070844152180060, 0.4975536356130058624, 0.5074316978669454192 ),
 .UNSPECIFIED. ) ;
#8532 = CARTESIAN_POINT ( 'NONE',  ( 11.16457150618543892, 4.476617511824165341, 8.000000000000000000 ) ) ;
#8533 = CARTESIAN_POINT ( 'NONE',  ( 2.388382327195927690, 34.25701220045520046, -18.69378740028921371 ) ) ;
#8534 = ADVANCED_FACE ( 'NONE', ( #4790 ), #1437, .T. ) ;
#8535 = CARTESIAN_POINT ( 'NONE',  ( 1.014440867963456672, 33.29349708330916258, -10.17941069575921986 ) ) ;
#8536 = VECTOR ( 'NONE', #8344, 1000.000000000000000 ) ;
#8537 = EDGE_CURVE ( 'NONE', #1274, #6815, #4294, .T. ) ;
#8538 = VERTEX_POINT ( 'NONE', #3651 ) ;
#8539 = CARTESIAN_POINT ( 'NONE',  ( 6.619621129381029867, 11.34404188716896833, 0.000000000000000000 ) ) ;
#8540 = CARTESIAN_POINT ( 'NONE',  ( -11.25643158326921522, -4.542018187747263624, 8.000000000000000000 ) ) ;
#8541 = CARTESIAN_POINT ( 'NONE',  ( -10.93483029503508597, 0.2416457505997258726, 0.000000000000000000 ) ) ;
#8542 = CIRCLE ( 'NONE', #249, 13.75000000000000000 ) ;
#8543 = B_SPLINE_CURVE_WITH_KNOTS ( 'NONE', 3,
 ( #421, #1847, #7171, #4570, #501, #5806, #1124, #7864, #3832, #1260, #598, #6512, #462, #3265 ),
 .UNSPECIFIED., .F., .F.,
 ( 4, 2, 2, 2, 2, 2, 4 ),
 ( 1.734723475976807094E-18, 0.0005098730470181240832, 0.001019746094036246432, 0.002039492188072492863, 0.003059238282108739295, 0.003569111329126863161, 0.004078984376144987462 ),
 .UNSPECIFIED. ) ;
#8544 = CARTESIAN_POINT ( 'NONE',  ( 6.575057906251815965, -10.91417308631837813, 0.000000000000000000 ) ) ;
#8545 = VECTOR ( 'NONE', #4438, 1000.000000000000000 ) ;
#8546 = CARTESIAN_POINT ( 'NONE',  ( -11.83751175313649817, -0.7661213205046906172, 8.000000000000000000 ) ) ;
#8547 = CARTESIAN_POINT ( 'NONE',  ( 6.338109664291305734, -10.02706299306001902, 8.000000000000000000 ) ) ;
#8548 = DIRECTION ( 'NONE',  ( -0.6049683311478913916, -0.2693492547302756002, -0.7493092133988346060 ) ) ;
#8549 = CARTESIAN_POINT ( 'NONE',  ( 9.411632514553645024, -10.02415449855979723, 8.000000000000000000 ) ) ;
#8550 = ORIENTED_EDGE ( 'NONE', *, *, #7143, .F. ) ;
#8551 = CARTESIAN_POINT ( 'NONE',  ( 0.8412873393390029042, -12.10906341627276639, 0.000000000000000000 ) ) ;
#8552 = CARTESIAN_POINT ( 'NONE',  ( 0.8074739252556281111, -12.00148937107102753, 0.000000000000000000 ) ) ;
#8553 = CARTESIAN_POINT ( 'NONE',  ( 10.72875944066936604, 6.544354946388849292, 0.000000000000000000 ) ) ;
#8554 = CARTESIAN_POINT ( 'NONE',  ( -9.149886257342867424, -7.604022508570406735, 8.000000000000000000 ) ) ;
#8555 = CARTESIAN_POINT ( 'NONE',  ( 7.152395453489232224, 8.544655887209795964, 0.000000000000000000 ) ) ;
#8556 = CARTESIAN_POINT ( 'NONE',  ( 12.97053397611293235, 1.251919511749509217, 8.000000000000000000 ) ) ;
#8557 = CARTESIAN_POINT ( 'NONE',  ( 9.234787594130693833, 7.707558585906980397, 0.000000000000000000 ) ) ;
#8558 = CIRCLE ( 'NONE', #546, 13.75000000000000000 ) ;
#8559 = CARTESIAN_POINT ( 'NONE',  ( 13.19332579941575467, 2.686824890852877346, -5.204170427930421283E-15 ) ) ;
#8560 = DIRECTION ( 'NONE',  ( 0.7164438088153719519, -0.1134735516832018065, 0.6883545756937500260 ) ) ;
#8561 = CARTESIAN_POINT ( 'NONE',  ( -0.7828886122849474383, -11.91079326901029134, 0.000000000000000000 ) ) ;
#8562 = CARTESIAN_POINT ( 'NONE',  ( 7.152395453489308608, -8.544655887209419376, 0.000000000000000000 ) ) ;
#8563 = CARTESIAN_POINT ( 'NONE',  ( 7.688051372179581122, 35.46131288487943323, -14.93958185280310857 ) ) ;
#8564 = CARTESIAN_POINT ( 'NONE',  ( 11.41672744483946822, 4.668788839230981758, 8.000000000000000000 ) ) ;
#8565 = CARTESIAN_POINT ( 'NONE',  ( -9.234787594130803967, 7.707558585906848059, 0.000000000000000000 ) ) ;
#8566 = ORIENTED_EDGE ( 'NONE', *, *, #5541, .F. ) ;
#8567 = CARTESIAN_POINT ( 'NONE',  ( -11.47561408673061401, 4.719217338362181380, 8.000000000000000000 ) ) ;
#8568 = ADVANCED_FACE ( 'NONE', ( #8332 ), #1782, .T. ) ;
#8569 = CARTESIAN_POINT ( 'NONE',  ( 10.00078975079095223, -9.328340841197576339, 8.000000000000000000 ) ) ;
#8570 = CARTESIAN_POINT ( 'NONE',  ( -10.00078975079088472, 9.328340841197649169, 0.000000000000000000 ) ) ;
#8571 = CARTESIAN_POINT ( 'NONE',  ( 12.72257526253001814, 2.817469215210413935, 0.000000000000000000 ) ) ;
#8572 = CARTESIAN_POINT ( 'NONE',  ( 9.886832010614666544, 8.972047302895536092, 0.000000000000000000 ) ) ;
#8573 = ORIENTED_EDGE ( 'NONE', *, *, #1301, .T. ) ;
#8574 = B_SPLINE_CURVE_WITH_KNOTS ( 'NONE', 3,
 ( #4406, #959, #343, #4367, #7701, #3674, #1677, #7747, #6350, #301, #5728, #3047, #7091, #8350, #7055, #1002, #6392, #8393, #2385, #2339, #5065, #7009, #3004, #5684, #5017, #4351, #4174, #8167, #3658 ),
 .UNSPECIFIED., .F., .F.,
 ( 4, 1, 1, 1, 1, 1, 1, 1, 1, 1, 1, 1, 1, 1, 1, 1, 1, 1, 1, 1, 1, 1, 1, 1, 1, 1, 4 ),
 ( 0.000000000000000000, 0.1659160033276295965, 0.1709059215442318702, 0.1766635194393565977, 0.1831887970181514669, 0.1904817542841364120, 0.1985423912398269763, 0.2073707078870824227, 0.2169667042273148716, 0.2273303802616240543, 0.2384617359908808021, 0.2503607714157882191, 0.2630274865369212067, 0.2764618813547564669, 0.2906639558696927361, 0.3056337100820685215, 0.3213711439921715929, 0.3378762576002502516, 0.3551490509065193812, 0.3731895239111665541, 0.3919976766143570268, 0.4115735090162354615, 0.4319170211169303109, 0.4530282129165571492, 0.4749070844152180060, 0.4975536356130058624, 0.5074316978669450862 ),
 .UNSPECIFIED. ) ;
#8575 = CARTESIAN_POINT ( 'NONE',  ( -9.234787594130748900, -7.707558585906912008, 0.000000000000000000 ) ) ;
#8576 = CARTESIAN_POINT ( 'NONE',  ( 6.436913140481798301, -10.29093438073240740, 8.000000000000000000 ) ) ;
#8577 = CARTESIAN_POINT ( 'NONE',  ( 12.16898868378442522, -0.8620871873791016160, -5.204170427930421283E-15 ) ) ;
#8578 = ORIENTED_EDGE ( 'NONE', *, *, #8374, .T. ) ;
#8579 = CARTESIAN_POINT ( 'NONE',  ( -6.338109664291232015, 10.02706299306006876, 8.000000000000000000 ) ) ;
#8580 = ORIENTED_EDGE ( 'NONE', *, *, #5653, .F. ) ;
#8581 = CARTESIAN_POINT ( 'NONE',  ( 11.80431640392009029, 5.038066446831312106, 8.000000000000000000 ) ) ;
#8582 = CARTESIAN_POINT ( 'NONE',  ( 2.577692551524224385, -13.50622083004037677, 8.000000000000000000 ) ) ;
#8583 = CARTESIAN_POINT ( 'NONE',  ( 0.000000000000000000, 0.000000000000000000, 8.000000000000000000 ) ) ;
#8584 = ORIENTED_EDGE ( 'NONE', *, *, #418, .F. ) ;
#8585 = CARTESIAN_POINT ( 'NONE',  ( 10.72875944066950993, -6.544354946388615701, 0.000000000000000000 ) ) ;
#8586 = PLANE ( 'NONE',  #4767 ) ;
#8587 = CARTESIAN_POINT ( 'NONE',  ( 12.52642403931683646, -1.011712205768791950, 0.000000000000000000 ) ) ;
#8588 = CARTESIAN_POINT ( 'NONE',  ( -10.64346975476062340, -6.527568552596192397, 0.000000000000000000 ) ) ;
#8589 = LINE ( 'NONE', #1285, #7563 ) ;
#8590 = CARTESIAN_POINT ( 'NONE',  ( 7.712533249855677120, 37.67862151380801805, -14.33752405484579917 ) ) ;
#8591 = EDGE_CURVE ( 'NONE', #3581, #5381, #7638, .T. ) ;
#8592 = CARTESIAN_POINT ( 'NONE',  ( -12.43077374740200369, 5.836552422531278594, 0.000000000000000000 ) ) ;
#8593 = CARTESIAN_POINT ( 'NONE',  ( -6.231836464888890426, 8.988499347771085723, 8.000000000000000000 ) ) ;
#8594 = DIRECTION ( 'NONE',  ( 0.000000000000000000, 0.000000000000000000, -1.000000000000000000 ) ) ;
#8595 = ORIENTED_EDGE ( 'NONE', *, *, #3678, .T. ) ;
#8596 = CARTESIAN_POINT ( 'NONE',  ( 0.9751606640715431151, -12.44755643926125543, 0.000000000000000000 ) ) ;
#8597 = CARTESIAN_POINT ( 'NONE',  ( -12.52642403931682935, 1.011712205768879214, 0.000000000000000000 ) ) ;
#8598 = ORIENTED_EDGE ( 'NONE', *, *, #8523, .T. ) ;
#8599 = CARTESIAN_POINT ( 'NONE',  ( 10.41722559423726224, 6.473761040516560428, 8.000000000000000000 ) ) ;
#8600 = EDGE_CURVE ( 'NONE', #7579, #3141, #3223, .T. ) ;
#8601 = CARTESIAN_POINT ( 'NONE',  ( -10.01877448794993519, -9.392211555377306453, 0.000000000000000000 ) ) ;
#8602 = DIRECTION ( 'NONE',  ( 0.9876883405951375483, -0.1564344650402313963, 0.000000000000000000 ) ) ;
#8603 = FACE_OUTER_BOUND ( 'NONE', #7295, .T. ) ;
#8604 = ORIENTED_EDGE ( 'NONE', *, *, #3226, .T. ) ;
#8605 = DIRECTION ( 'NONE',  ( 0.9876883405951377704, -0.1564344650402314241, 0.000000000000000000 ) ) ;
#8606 = CARTESIAN_POINT ( 'NONE',  ( 12.13967088095515301, 2.919073574173224994, 8.000000000000000000 ) ) ;
#8607 = CARTESIAN_POINT ( 'NONE',  ( 7.152395453489232224, 8.544655887209795964, -5.204170427930421283E-15 ) ) ;
#8608 = ORIENTED_EDGE ( 'NONE', *, *, #640, .F. ) ;
#8609 = CARTESIAN_POINT ( 'NONE',  ( -1.095856395948400674, -12.69447357664507336, 8.000000000000000000 ) ) ;
#8610 = CARTESIAN_POINT ( 'NONE',  ( 7.634358818669927160, -9.175863790627181160, 0.000000000000000000 ) ) ;
#8611 = CARTESIAN_POINT ( 'NONE',  ( 8.289638173427025691, 36.03390111604323209, -14.31683890279452065 ) ) ;
#8612 = CARTESIAN_POINT ( 'NONE',  ( -4.210990906299899805, 10.70664486910371060, 8.000000000000000000 ) ) ;
#8613 = CARTESIAN_POINT ( 'NONE',  ( 6.984667509340937386, 36.89859468406749698, -14.77792047247916685 ) ) ;
#8614 = ORIENTED_EDGE ( 'NONE', *, *, #905, .F. ) ;
#8615 = CARTESIAN_POINT ( 'NONE',  ( -12.43077374740200369, 5.836552422531278594, 8.000000000000000000 ) ) ;
#8616 = FACE_OUTER_BOUND ( 'NONE', #6047, .T. ) ;
#8617 = CARTESIAN_POINT ( 'NONE',  ( 6.632284204934263627, 11.71732392095632846, -5.204170427930421283E-15 ) ) ;
#8618 = CARTESIAN_POINT ( 'NONE',  ( 9.338196514606112331, 7.850195268865284959, 8.000000000000000000 ) ) ;
#8619 = ORIENTED_EDGE ( 'NONE', *, *, #7315, .T. ) ;
#8620 = CARTESIAN_POINT ( 'NONE',  ( -5.581155335976851539, -12.25290083038841082, 8.000000000000000000 ) ) ;
#8621 = LINE ( 'NONE', #3971, #4080 ) ;
#8622 = DIRECTION ( 'NONE',  ( -0.6845280282702556063, -0.3047715140836111392, -0.6622202826217417071 ) ) ;
#8623 = CARTESIAN_POINT ( 'NONE',  ( -9.977884384378150173, 32.29509628202915650, 14.14631555760630910 ) ) ;
#8624 = EDGE_LOOP ( 'NONE', ( #6393, #4407, #8289, #3479 ) ) ;
#8625 = CARTESIAN_POINT ( 'NONE',  ( 0.000000000000000000, 0.000000000000000000, 0.000000000000000000 ) ) ;
#8626 = CARTESIAN_POINT ( 'NONE',  ( -11.53698844606703133, -4.773939382173037593, 0.000000000000000000 ) ) ;
#8627 = CARTESIAN_POINT ( 'NONE',  ( -7.906868104074003867, -9.376012365377890845, 8.000000000000000000 ) ) ;
#8628 = ORIENTED_EDGE ( 'NONE', *, *, #6994, .F. ) ;
#8629 = CARTESIAN_POINT ( 'NONE',  ( 5.916238915411918597, 9.442776183394515854, 0.000000000000000000 ) ) ;
#8630 = CARTESIAN_POINT ( 'NONE',  ( -13.32045193209910927, 2.644734409370955053, 8.000000000000000000 ) ) ;
#8631 = EDGE_CURVE ( 'NONE', #7696, #2397, #311, .T. ) ;
#8632 = CARTESIAN_POINT ( 'NONE',  ( 13.06843834723479070, -1.312474532672950112, 0.000000000000000000 ) ) ;
#8633 = CARTESIAN_POINT ( 'NONE',  ( 9.411632514553645024, -10.02415449855979546, 8.000000000000000000 ) ) ;
#8634 = CARTESIAN_POINT ( 'NONE',  ( 6.436913140481798301, -10.29093438073240740, 0.000000000000000000 ) ) ;
#8635 = CARTESIAN_POINT ( 'NONE',  ( -6.625183064395903543, 12.04862852623657332, 0.000000000000000000 ) ) ;
#8636 = B_SPLINE_SURFACE_WITH_KNOTS ( 'NONE', 3, 1, ( 
 ( #7067, #1017 ),
 ( #182, #2883 ),
 ( #5567, #8234 ),
 ( #7589, #1561 ),
 ( #887, #3598 ),
 ( #3932, #5240 ),
 ( #6621, #3324 ),
 ( #5284, #5197 ),
 ( #2654, #2563 ),
 ( #1223, #5334 ),
 ( #8581, #4584 ),
 ( #1950, #5863 ),
 ( #1319, #7878 ),
 ( #8014, #4542 ),
 ( #1861, #6664 ),
 ( #7919, #4680 ),
 ( #6001, #1994 ),
 ( #7224, #1275 ),
 ( #1904, #3232 ),
 ( #7363, #354 ),
 ( #7270, #4021 ),
 ( #8532, #3975 ),
 ( #1180, #4634 ),
 ( #3886, #3279 ),
 ( #612, #6706 ),
 ( #657, #6569 ),
 ( #8672, #7319 ),
 ( #3371, #3062 ),
 ( #516, #2520 ) ),
 .UNSPECIFIED., .F., .F., .F.,
 ( 4, 1, 1, 1, 1, 1, 1, 1, 1, 1, 1, 1, 1, 1, 1, 1, 1, 1, 1, 1, 1, 1, 1, 1, 1, 1, 4 ),
 ( 2, 2 ),
 ( 0.4925683021194529609, 0.5024463643869940821, 0.5250929155847819940, 0.5469717870834428508, 0.5680829788830696891, 0.5884264909837645385, 0.6080023233856429732, 0.6268104760888334459, 0.6448509490934806188, 0.6621237423997496929, 0.6786288560078284071, 0.6943662899179314785, 0.7093360441303072639, 0.7235381186452435331, 0.7369725134630787933, 0.7496392285842117253, 0.7615382640091191702, 0.7726696197383760012, 0.7830332957726851006, 0.7926292921129175495, 0.8014576087601730237, 0.8095182457158636158, 0.8168112029818485054, 0.8233364805606433467, 0.8290940784557681020, 0.8340839966723704313, 1.000000000000000000 ),
 ( 0.000000000000000000, 1.000000000000000000 ),
 .UNSPECIFIED. ) ;
#8637 = CARTESIAN_POINT ( 'NONE',  ( -11.53698844606707041, 4.773939382172954993, 0.000000000000000000 ) ) ;
#8638 = CARTESIAN_POINT ( 'NONE',  ( -8.181339682155909898, -9.539420412438971653, 0.000000000000000000 ) ) ;
#8639 = CARTESIAN_POINT ( 'NONE',  ( 7.968244849358954163, -9.415217936709856517, 8.000000000000000000 ) ) ;
#8640 = EDGE_LOOP ( 'NONE', ( #8584, #1262, #6000, #2751 ) ) ;
#8641 = CARTESIAN_POINT ( 'NONE',  ( 0.6963551242057646196, -11.48389212362418377, 0.000000000000000000 ) ) ;
#8642 = CARTESIAN_POINT ( 'NONE',  ( 1.447204694645796375, -13.27225220462997157, 0.000000000000000000 ) ) ;
#8643 = CARTESIAN_POINT ( 'NONE',  ( 10.80883218877887764, 2.708699257713942821, 0.000000000000000000 ) ) ;
#8644 = EDGE_CURVE ( 'NONE', #2985, #7418, #534, .T. ) ;
#8645 = CARTESIAN_POINT ( 'NONE',  ( 10.09620455160479402, 6.367618434587686060, 8.000000000000000000 ) ) ;
#8646 = CARTESIAN_POINT ( 'NONE',  ( -9.338196514606172727, -7.850195268865215681, 8.000000000000000000 ) ) ;
#8647 = DIRECTION ( 'NONE',  ( 0.7147974065165857427, 0.3182483095653312333, 0.6227219934256151834 ) ) ;
#8648 = LINE ( 'NONE', #4658, #659 ) ;
#8649 = CARTESIAN_POINT ( 'NONE',  ( -11.90787246215808537, -2.937812879663900478, 0.000000000000000000 ) ) ;
#8650 = FACE_BOUND ( 'NONE', #8441, .T. ) ;
#8651 = EDGE_CURVE ( 'NONE', #1860, #3931, #5923, .T. ) ;
#8652 = CYLINDRICAL_SURFACE ( 'NONE', #390, 2.600000000000000089 ) ;
#8653 = EDGE_LOOP ( 'NONE', ( #7092, #7676, #7964, #7146 ) ) ;
#8654 = CARTESIAN_POINT ( 'NONE',  ( -0.7828886122849474383, -11.91079326901029134, 8.000000000000000000 ) ) ;
#8655 = EDGE_CURVE ( 'NONE', #5381, #779, #6317, .T. ) ;
#8656 = CARTESIAN_POINT ( 'NONE',  ( 5.958530847297200062, 38.69147644249719775, -14.18705913416912168 ) ) ;
#8657 = CARTESIAN_POINT ( 'NONE',  ( 7.600854959641027975, 35.57255310429133033, -14.96696961369608125 ) ) ;
#8658 = CARTESIAN_POINT ( 'NONE',  ( -5.286606996006981696, 12.02324651265879929, 8.000000000000000000 ) ) ;
#8659 = CARTESIAN_POINT ( 'NONE',  ( -9.969200282347971509, 9.221936103764038606, 8.000000000000000000 ) ) ;
#8660 = ORIENTED_EDGE ( 'NONE', *, *, #73, .F. ) ;
#8661 = VECTOR ( 'NONE', #4098, 1000.000000000000000 ) ;
#8662 = CARTESIAN_POINT ( 'NONE',  ( 2.577692551524224829, -13.50622083004037677, 8.000000000000000000 ) ) ;
#8663 = B_SPLINE_CURVE_WITH_KNOTS ( 'NONE', 3,
 ( #4761, #1451, #1541, #6128, #7444, #77, #1412, #6259, #6793, #4142, #777, #6830, #2864, #866, #5508, #6220, #5549, #8175, #2162, #4845, #7523, #3542, #165, #4882, #7564, #2696, #8050, #1715, #4925 ),
 .UNSPECIFIED., .F., .F.,
 ( 4, 1, 1, 1, 1, 1, 1, 1, 1, 1, 1, 1, 1, 1, 1, 1, 1, 1, 1, 1, 1, 1, 1, 1, 1, 1, 4 ),
 ( 0.4925683021330558020, 0.5024463643869940821, 0.5250929155847819940, 0.5469717870834428508, 0.5680829788830696891, 0.5884264909837645385, 0.6080023233856429732, 0.6268104760888334459, 0.6448509490934806188, 0.6621237423997496929, 0.6786288560078284071, 0.6943662899179314785, 0.7093360441303072639, 0.7235381186452435331, 0.7369725134630787933, 0.7496392285842117253, 0.7615382640091191702, 0.7726696197383760012, 0.7830332957726851006, 0.7926292921129175495, 0.8014576087601730237, 0.8095182457158636158, 0.8168112029818485054, 0.8233364805606433467, 0.8290940784557681020, 0.8340839966723704313, 1.000000000000000000 ),
 .UNSPECIFIED. ) ;
#8664 = CARTESIAN_POINT ( 'NONE',  ( 9.455639197970839405, -8.034402175150658465, -5.204170427930421283E-15 ) ) ;
#8665 = CARTESIAN_POINT ( 'NONE',  ( -2.577692551524029874, -13.50622083004041407, 8.000000000000000000 ) ) ;
#8666 = CARTESIAN_POINT ( 'NONE',  ( 9.376012365377748736, 7.906868104074169956, 8.000000000000000000 ) ) ;
#8667 = CARTESIAN_POINT ( 'NONE',  ( -5.379567626064723385, -12.09884006967988945, 8.000000000000000000 ) ) ;
#8668 = CARTESIAN_POINT ( 'NONE',  ( 6.575057906251815965, -10.91417308631837813, 8.000000000000000000 ) ) ;
#8669 = CARTESIAN_POINT ( 'NONE',  ( 11.83751175313651061, -0.7661213205045251939, 8.000000000000000000 ) ) ;
#8670 = CARTESIAN_POINT ( 'NONE',  ( -6.527568552596156870, 10.64346975476064650, 8.000000000000000000 ) ) ;
#8671 = VERTEX_POINT ( 'NONE', #7285 ) ;
#8672 = CARTESIAN_POINT ( 'NONE',  ( 10.70664486910366442, 4.210990906300012604, 8.000000000000000000 ) ) ;
#8673 = CARTESIAN_POINT ( 'NONE',  ( 2.686824890852831604, -13.19332579941576533, 0.000000000000000000 ) ) ;
#8674 = CARTESIAN_POINT ( 'NONE',  ( -4.896733499129095613, 11.66659828334866233, 0.000000000000000000 ) ) ;
#8675 = VERTEX_POINT ( 'NONE', #2670 ) ;
#8676 = AXIS2_PLACEMENT_3D ( 'NONE', #6687, #5980, #7509 ) ;
#8677 = CARTESIAN_POINT ( 'NONE',  ( 6.231836464888956151, -8.988499347771035985, 8.000000000000000000 ) ) ;
#8678 = CARTESIAN_POINT ( 'NONE',  ( -12.05785317090585274, 2.927269694296032565, 8.000000000000000000 ) ) ;
#8679 = CARTESIAN_POINT ( 'NONE',  ( -11.87194576742586882, 0.7736152328232699382, 0.000000000000000000 ) ) ;
#8680 = EDGE_LOOP ( 'NONE', ( #983, #1938, #2137 ) ) ;
#8681 = CARTESIAN_POINT ( 'NONE',  ( -10.13775510802965485, -6.383929952666218988, 0.000000000000000000 ) ) ;
#8682 = CARTESIAN_POINT ( 'NONE',  ( 6.383929952666258956, -10.13775510802962820, 0.000000000000000000 ) ) ;
#8683 = CARTESIAN_POINT ( 'NONE',  ( -6.367618434587577703, 10.09620455160486507, 0.000000000000000000 ) ) ;
#8684 = CARTESIAN_POINT ( 'NONE',  ( 0.000000000000000000, 0.000000000000000000, 0.000000000000000000 ) ) ;
#8685 = CARTESIAN_POINT ( 'NONE',  ( -7.707558585906816973, -9.234787594130832389, 0.000000000000000000 ) ) ;
#8686 = DIRECTION ( 'NONE',  ( -0.1564344650402312020, -0.9876883405951376593, 1.734723475976806503E-15 ) ) ;
#8687 = ORIENTED_EDGE ( 'NONE', *, *, #8430, .F. ) ;
#8688 = CARTESIAN_POINT ( 'NONE',  ( -0.3379645584817816406, 33.86854858764937148, -10.80715562894069670 ) ) ;
#8689 = CARTESIAN_POINT ( 'NONE',  ( -4.719217338362222236, 11.47561408673059624, 8.000000000000000000 ) ) ;
#8690 = VECTOR ( 'NONE', #3350, 1000.000000000000227 ) ;
#8691 = CARTESIAN_POINT ( 'NONE',  ( 10.56312374806385890, 6.510080463201478373, 8.000000000000000000 ) ) ;
#8692 = PLANE ( 'NONE',  #3925 ) ;
#8693 = CARTESIAN_POINT ( 'NONE',  ( 7.750629585191585846, 9.267416903472033951, 0.000000000000000000 ) ) ;
#8694 = CARTESIAN_POINT ( 'NONE',  ( 4.161888422927172648, -10.33666240664857483, 0.000000000000000000 ) ) ;
#8695 = CARTESIAN_POINT ( 'NONE',  ( -10.80883218877889895, -2.708699257713867770, 0.000000000000000000 ) ) ;
#8696 = CARTESIAN_POINT ( 'NONE',  ( -10.23507608951702252, -6.418760976341397750, 8.000000000000000000 ) ) ;
#8697 = CARTESIAN_POINT ( 'NONE',  ( 2.687971097305444701, 36.14854127205305190, 17.04359809456631325 ) ) ;
#8698 = AXIS2_PLACEMENT_3D ( 'NONE', #5132, #7689, #945 ) ;
#8699 = EDGE_CURVE ( 'NONE', #4295, #3472, #5613, .T. ) ;
#8700 = VERTEX_POINT ( 'NONE', #7157 ) ;
#8701 = FACE_OUTER_BOUND ( 'NONE', #3951, .T. ) ;
#8702 = CARTESIAN_POINT ( 'NONE',  ( 8.056968244221513586, 36.27580068478938813, -13.26277385133118791 ) ) ;
#8703 = LOCAL_TIME ( 12, 3, 35.00000000000000000, #1508 ) ;
#8704 = CARTESIAN_POINT ( 'NONE',  ( 11.85123473191545429, -6.631537913675408014, 8.000000000000000000 ) ) ;
#8705 = CARTESIAN_POINT ( 'NONE',  ( 6.369562661017101668, 37.02778577230626667, -15.37362522212246851 ) ) ;
#8706 = ORIENTED_EDGE ( 'NONE', *, *, #1990, .T. ) ;
#8707 = VECTOR ( 'NONE', #6959, 1000.000000000000000 ) ;
#8708 = CARTESIAN_POINT ( 'NONE',  ( 9.301941798724861599, -7.798144649837091436, 0.000000000000000000 ) ) ;
#8709 = CARTESIAN_POINT ( 'NONE',  ( 13.27225220462995559, 1.447204694645935374, 0.000000000000000000 ) ) ;
#8710 = CARTESIAN_POINT ( 'NONE',  ( 6.600657436017989710, 11.11931436071744983, 8.000000000000000000 ) ) ;
#8711 = EDGE_CURVE ( 'NONE', #4753, #5606, #2247, .T. ) ;
#8712 = CARTESIAN_POINT ( 'NONE',  ( -10.41722559423735639, 6.473761040516410326, 8.000000000000000000 ) ) ;
#8713 = CARTESIAN_POINT ( 'NONE',  ( -0.9751606640715428931, -12.44755643926125899, 8.000000000000000000 ) ) ;
#8714 = CARTESIAN_POINT ( 'NONE',  ( 6.626136714284753815, -11.46368139467871572, 8.000000000000000000 ) ) ;
#8715 = CARTESIAN_POINT ( 'NONE',  ( 10.93483029503508774, -0.2416457505996488786, -5.204170427930421283E-15 ) ) ;
#8716 = CARTESIAN_POINT ( 'NONE',  ( -12.05785317090585274, 2.927269694296032565, 0.000000000000000000 ) ) ;
#8717 = EDGE_LOOP ( 'NONE', ( #564, #3367 ) ) ;
ENDSEC;
END-ISO-10303-21;
