:020000040800F2
:10000000B80B002071020008399000083B900008EE
:100010003F9000084390000847900008000000004F
:100020000000000000000000000000004B900008ED
:100030004D900008000000004F900008519000080B
:100040008B0200088B0200088B0200088B0200085C
:100050008B0200088B020008F95500088B0200088B
:100060008B0200088B0200088B0200088B0200083C
:100070008B0200088B0200088B0200088B0200082C
:100080008B0200088B0200088B0200088B0200081C
:10009000152F00088B0200088B0200088B02000855
:1000A0008B0200088B0200088B0200088B020008FC
:1000B000914C00088B020008774300088B0200086F
:1000C0008B0200088B0200088B0200088B020008DC
:1000D0008B020008032D0008335A00088B02000829
:1000E0008B0200088B0200088B0200088B020008BC
:1000F0008B0200088B0200088B0200088B020008AC
:100100008B0200088B020008CDAC00088B020008AF
:100110008B020008D96D00088B0200088B020008D2
:100120008B0200088B0200088B0200088B0200087B
:100130008B0200088B0200088B0200088B0200086B
:100140008B0200088B0200088B0200088B0200085B
:100150008B0200088B0200088B0200088B0200084B
:100160008B0200088B0200088B0200088B0200083B
:100170008B0200088B0200088B0200088B0200082B
:100180008B0200088B02000800F002F800F061F812
:100190000AA090E8000C82448344AAF10107DA45E2
:1001A00001D100F056F8AFF2090EBAE80F0013F0D3
:1001B000010F18BFFB1A43F00103184754E4000075
:1001C00074E400000A444FF0000C10F8013B13F0F7
:1001D000070408BF10F8014B1D1108BF10F8015BA0
:1001E000641E05D010F8016B641E01F8016BF9D193
:1001F00013F0080F1EBF10F8014BAD1C0C1B09D1EA
:100200006D1E58BF01F801CBFAD505E014F8016B5B
:1002100001F8016B6D1EF9D59142D6D370470000ED
:100220000023002400250026103A28BF78C1FBD8FF
:10023000520728BF30C148BF0B60704764290BF0DC
:10024000A784002070471FB50DF00BFD1FBD10B532
:1002500010BD0BF027FE1146FFF7F5FF08F0DDFAA1
:100260000BF045FE03B4FFF7F2FF03BC02F03AFCCB
:100270000948804709480047FEE7FEE7FEE7FEE73A
:10028000FEE7FEE7FEE7FEE7FEE7FEE70448054976
:10029000054A064B704700003191000889010008AB
:1002A000B8050020B80B0020B8070020B8070020D0
:1002B00032490143324A1160704770B50021002372
:1002C0000F22C4781CB32E4C246804F4E064C4F5F7
:1002D000E064C4F30721C1F10404E3B20A414478A5
:1002E0009C40E1B28478144021430C07210E254C38
:1002F00005786155047804F01F050124AC400578A9
:100300006D11AD0005F1E025C5F8004109E0047864
:1003100004F01F050124AC401B4D0678761145F80A
:10032000264070BD194A0A400243154B1B1F1A6034
:10033000704739B1124A121D12680243104B1B1D3F
:100340001A6006E00E4A121D126882430C4B1B1DF8
:100350001A607047042808D14FF0E021096941F084
:1003600004014FF0E022116107E04FF0E02109693C
:1003700021F004014FF0E022116170470000FA05FE
:100380000CED00E000E400E080E100E080FFFF1FF2
:1003900010B50446FE48844209D10121480601F007
:1003A00039F900214FF0007001F034F908E0012123
:1003B000880601F02FF900214FF0806001F02AF942
:1003C00010BD30B5024600200023146824F002045A
:1003D0001460146844F00104146000E05B1C54686D
:1003E00004F001041CB94FF6FF74A342F6D154681F
:1003F00004F001040CB900206CE08C79012C04D1CC
:10040000146844F08004146003E0146824F080044D
:100410001460CC79012C04D1146844F040041460B9
:1004200003E0146824F0400414600C7A012C04D119
:10043000146844F02004146003E0146824F02004DD
:1004400014604C7A012C04D1146844F01004146038
:1004500003E0146824F0100414608C7A012C04D199
:10046000146844F00804146003E0146824F00804DD
:100470001460CC7A012C04D1146844F00404146094
:1004800003E0146824F0040414608C78A407CD7889
:1004900044EA05640D7944EA05444D7944EA05547B
:1004A0000D886D1E2C43D461146824F0010414607F
:1004B000002300E05B1C546804F001041CB14FF6FB
:1004C000FF74A342F6D1546804F001040CB100207B
:1004D00000E0012030BD10B50021837A012202FA2C
:1004E00003F1AC4A126842F00102AA4B1A60A94A11
:1004F0001C3212688A43A74B1C331A60027BCAB9AC
:10050000A44A0C3212688A43A24B0C331A60428808
:10051000C38842EA03439F4A4032847A42F8343027
:100520000288838842EA03439A4A4032847A02EB83
:10053000C4025360027B012A19D1964A0C32126818
:100540000A43944B0C331A604288038842EA0343FF
:10055000904A4032847A42F83430C288838842EA32
:1005600003438C4A4032847A02EBC4025360C27A5D
:100570003AB9884A121D12688A43864B1B1D1A60BD
:1005800006E0844A121D12680A43824B1B1D1A6042
:10059000028932B97F4A143212688A437D4B143380
:1005A0001A600289012A06D17A4A143212680A4373
:1005B000784B14331A60427B012A06D1754A1C32EB
:1005C00012680A43734B1C331A60724A126822F095
:1005D0000102704B1A6010BD00218171C17101725E
:1005E00041728172C1728170C17003210171022157
:1005F00041710121018070476649096841F001019C
:10060000644A11601146096843F60E729143614ACB
:1006100011601146096841EA00211160114609681C
:1006200021F001011160704721B1026842F480326B
:10063000026003E0026822F4803202607047E1B198
:10064000026842F0800202604FF4C272125842F413
:1006500080734FF4C27213504FF4CA72125842F4AE
:1006600080734FF4CA7213504FF4D272125842F48E
:1006700080734FF4D27213501BE0026822F08002A4
:1006800002604FF4C272125822F480734FF4C272A7
:1006900013504FF4CA72125822F480734FF4CA7286
:1006A00013504FF4D272125822F480734FF4D27266
:1006B0001350704710B502460020936803F0806322
:1006C000B3F1806F00D110E0936803F00063B3F1E1
:1006D000006F01D1012008E0936803F08053B3F16B
:1006E000805F01D1022000E00420042879D002F5C7
:1006F000C07303EB00131B6803F0010402F5C07321
:1007000003EB00131C600B7A7BB94B7A0C8843EA2D
:10071000445302F5C07404EB00142468234302F52B
:10072000C07404EB0014236010E00B7A4C6843EAB9
:10073000C4034C7A234302F5C07404EB001424680C
:10074000234302F5C07404EB001423608B7A03F09A
:100750000F038B7202F5C07303EB00135B6823F089
:100760000F0402F5C07303EB00135C6002F5C07365
:1007700003EB00135B688C7A234302F5C07404EB2F
:10078000001463608B7B1C064B7B44EA034403E04C
:1007900000640040006600400B7B44EA0323CC7AEF
:1007A000234302F5C07404EB0014A3608B7C1C0689
:1007B0004B7C44EA03440B7C44EA0323CC7B234375
:1007C00002F5C07404EB0014E36002F5C07303EBA0
:1007D00000131B6843F0010402F5C07303EB001320
:1007E0001C6010BD10B50246002321B1012907D0BD
:1007F00002290FD109E09068F94C00EA04030BE0EC
:100800009068F84C00EA040306E09068F64C00EAB1
:10081000040301E0002300BF00BFF44C181BA342F7
:1008200016D007DC83B16FF08060184470B10228E5
:1008300018D111E0B0F5007F10D0ED4C204448B144
:10084000B0F5003F0ED10BE002230DE000230BE0DA
:10085000002309E0002307E0012305E0012303E072
:10086000012301E0002300BF00BFD8B210BD21B1B9
:10087000012907D002290FD109E0826842F08002E5
:1008800082600AE0826842F40042826005E0826889
:1008900042F40002826000E000BF00BF704710B564
:1008A00000F5D87303EB01131B6803F00403137204
:1008B000137A53B900F5D87303EB01131B6840F2A8
:1008C000FF7404EA5353136009E000F5D87303EB97
:1008D00001131B686FF0604404EAD303536000F512
:1008E000D87303EB01131B6803F00203537200F586
:1008F000D87303EB01135B6803F00F03937200F5E9
:10090000D87303EB01135B681B0AD37400F5D8732B
:1009100003EB01139B68D37200F5D87303EB01134B
:100920009B681C0A147300F5D87303EB01139B68D2
:100930001C0C547300F5D87303EB01139B681B0E5A
:10094000937300F5D87303EB0113DB68D37300F5E1
:10095000D87303EB0113DB681C0A147400F5D87319
:1009600003EB0113DB681C0C547400F5D87303EB24
:100970000113DB681B0E937421B9C36843F0200395
:10098000C36003E0036943F02003036110BD21B994
:10099000C26842F02002C26003E0026942F0200215
:1009A000026170470246002019B9D36803F00300C2
:1009B00006E0012903D1136903F0030000E00020E1
:1009C000704710B502460B4600204FF6FF71BBB9C9
:1009D000146824F0020444F00104146000E0491E8D
:1009E000546804F00304012C01D00029F7D15468A5
:1009F00004F00304012C01D0002032E0012030E09B
:100A0000012B13D1146824F00304146000E0491E84
:100A1000546804F003040CB10029F8D1546804F0C0
:100A200003040CB100201CE001201AE0022B17D1B6
:100A3000146824F0010444F00204146000E0491E2C
:100A4000546804F00304022C01D00029F7D1546843
:100A500004F00304022C01D0002002E0012000E099
:100A6000002010BD014600200A6822F0010242F079
:100A700002020A604A6802F00302022A00D1012041
:100A8000704701464FF6FF7200200B6823F0020307
:100A90000B6000E0521E4B6803F00203022B01D1F1
:100AA000002AF7D14B6803F00203022B00D001208B
:100AB0007047014600208A6902F0700070470146C5
:100AC00000208A69100E7047014600208A69C2F32F
:100AD000074070471AB143690B43436102E0436921
:100AE0008B434361704710B50246002001F4700348
:100AF00043B19369C1F3130423400BB101202DE0EE
:100B000000202BE001F0807343B15368C1F313045C
:100B100023400BB1012021E000201FE001F0006321
:100B200043B19368C1F3130423400BB1012015E0D6
:100B3000002013E001F0007343B1D368C1F3130444
:100B400023400BB1012009E0002007E01369C1F345
:100B5000130423400BB1012000E0002010BD00224F
:100B6000244B994202D10023836111E0C1F31302A7
:100B700001F000730BB1C2600AE001F080630BB1B9
:100B8000026105E001F000630BB1826000E04260A9
:100B900070470246002002EA01030BB1012000E089
:100BA0000020704770B504460D4600266069284055
:100BB000002872D0B5F5807F69D01DDC082D42D0A9
:100BC00006DC012D2DD0022D31D0042D7FD134E053
:100BD000102D3ED0202D42D0402D78D145E0000090
:100BE00003000004000300080000031000010008D7
:100BF0000001FFF77000F030B5F5004F61D009DC5F
:100C0000B5F5007F4AD0B5F5806F4DD0B5F5006FD2
:100C10005DD150E0B5F5803F2DD0B5F5003F56D100
:100C20002FE0A0685549FFF7B4FF064651E0E068A1
:100C30000321FFF7AEFF06464BE0E0680821FFF70F
:100C4000A8FF064645E0E0681021FFF7A2FF064630
:100C50003FE020690321FFF79CFF064639E0206949
:100C60000821FFF796FF064633E020691021FFF7C1
:100C700090FF06462DE060680821FFF78AFF0646D0
:100C800027E060681021FFF784FF064621E0A06995
:100C90000121FFF77EFF06461BE01BE0A069022151
:100CA000FFF777FF064614E0A0690421FFF771FF04
:100CB00006460EE00BE0A0697021FFF76AFF0646CA
:100CC00007E060680421FFF764FF064601E00026A4
:100CD00000BF00E00026304670BDB1F5007F3AD07D
:100CE0000FDC202928D006DC01291CD004291DD0C6
:100CF000082940D11DE0402921D0B1F5807F3AD1AB
:100D000026E0B1F5004F31D006DCB1F5806F25D07B
:100D1000B1F5006F2FD124E0B1F5803F12D0B1F5CD
:100D2000003F28D111E0154A826025E00822C26008
:100D300022E01022C2601FE0082202611CE01022A3
:100D4000026119E00822426016E01022426013E0BE
:100D50000422426010E0042242600DE0042242605E
:100D60000AE0002282610422426005E000228261E2
:100D70000422426000E000BF00BF70470101010093
:100D8000002041490860091D0860091D0860091D0F
:100D900008603E483C4914310860704700213A49D8
:100DA0008279002A3AD00A46126803689A430B46B1
:100DB0001A600A1D126803689A430B1D1A600279B3
:100DC00011440A6803681A430A602F4A08321268FD
:100DD00003689A432C4B08331A601A1D1268036883
:100DE0009A43294B0C331A604279102A0ED11A1FEC
:100DF000126803681A43244B08331A601A1D1268DC
:100E000003681A43204B0C331A600DE01E494279E7
:100E100011440A6803681A430A6005E00279114424
:100E20000A6803689A430A607047002101600171F3
:100E30000C214171002181717047134910310968FB
:100E40000143114A103211607047014600200E4ADA
:100E5000143212680A400AB1012000E000207047F5
:100E6000094914310860704701460020064A1432CF
:100E700012680A400AB1012000E0002070470249D0
:100E80001431086070470000003C0140FFFF7F0004
:100E900010B504469848844208D10121084600F064
:100EA00086FB0021012000F082FB76E0934884421B
:100EB00008D10121022000F07AFB0021022000F07D
:100EC00076FB6AE08E48844208D10121042000F0BC
:100ED0006EFB0021042000F06AFB5EE0894884423A
:100EE00008D10121082000F062FB0021082000F059
:100EF0005EFB52E08448844208D10121102000F0BA
:100F000056FB0021102000F052FB46E07F4884424F
:100F100008D10121202000F04AFB0021202000F010
:100F200046FB3AE07A48844208D10121402000F093
:100F30003EFB0021402000F03AFB2EE07548844241
:100F400008D10121802000F032FB0021802000F038
:100F50002EFB22E07048844208D10121801500F068
:100F600026FB0021A01500F022FB16E06B4884420E
:100F700008D10121401500F01AFB0021601500F096
:100F800016FB0AE06648844207D10121001500F0F3
:100F90000EFB0021201500F00AFB10BDF0B50A463B
:100FA00000210023002400BF3DE0012505FA01F3E4
:100FB000156805EA03049C4234D105684F000326F6
:100FC000BE40B543056015794E00B540066835430F
:100FD00005601579012D02D01579022D16D185688D
:100FE0004F000326BE40B543856055794E00B5409D
:100FF000866835438560456801268E40B543456067
:10100000456896798E40B6B235434560C5684F0055
:101010000326BE40B543C560D5794E00B540C668CD
:101020003543C560491C1029BFD3F0BD4FF6FF7191
:1010300001600021017141718171C171704708B572
:101040004FF480320092009A0A430092009AC261E3
:10105000C161009AC261C2690092C269009208BD72
:101060000246002013690B400BB1012000E0002074
:1010700070470146086980B27047024600205369F4
:101080000B400BB1012000E0002070470146486989
:1010900080B2704701837047418370470AB1018372
:1010A00000E0418370474161704742694A404261B4
:1010B0007047F0B5002300244D07ED0E02FA05F34A
:1010C000CE1000F1200555F826504E07F70E0F26DA
:1010D000BE40B543CF1000F1200646F82750CE1091
:1010E00000F1200555F8265045EA0304CE1000F122
:1010F000200545F82640F0BD0000024000040240F3
:1011000000080240000C024000100240001402409F
:1011100000180240001C024000200240002402404F
:1011200000280240F948006840F00100F7490860D3
:101130000020F64908310860F4480068F449084086
:10114000F2490860F348091D0860F348EF4984310B
:101150000860F0481038091D0860EC48006820F469
:101160008020EA4908600020E8490C310860E7491E
:101170008C31086070470021E44A921C11701146BE
:101180000870704710B501460022002300204A1164
:10119000012A02D1DD4C236808E0022A03D1DB4C8E
:1011A0007034236802E0D94C7434236801F01F02C4
:1011B000012494401C400CB1012000E0002010BD2F
:1011C00038B5002000900024002500BF3120FFF733
:1011D000D9FF05460098401C00900098B0F5A04F3C
:1011E00001D0002DF2D03120FFF7CCFF08B101244F
:1011F00000E00024204638BD01460020C34A1068A4
:1012000020F0F80040EAC10010607047C349086050
:1012100070470021BD4A703211701170012802D050
:1012200004280AD104E00121B84A7032117005E0A7
:101230000521B64A7032117000E000BF00BF704750
:10124000B7490860704770B5049C41EA82150126D1
:10125000C6EB530645EA0645054345EA0465AB4E31
:10126000361D356070BDAD4908667047820142EA9F
:101270000172A64B84331A607047A849886670478C
:1012800010B5830143EA016343EA02739F4C88343B
:10129000236010BDA14908677047A049C864704722
:1012A00002460020994B0833186820F0EC6042EAAF
:1012B00001031843954B083318607047024600201D
:1012C000924B0833186820F0784042EA0103184333
:1012D0008E4B083318607047014600208B4A083255
:1012E000106820F0030008431060704787480830FA
:1012F000006800F00C00704701460020834A083265
:10130000106820F0F000084310607047014600208C
:101310007E4A0832106820F4E0500843106070479D
:1013200001460020794A0832106820F4604040EA03
:10133000C10010607047F0B5002100220024022592
:1013400000260223714F08373F6807F00C0121B1D6
:10135000042905D0082937D105E0724F076036E02F
:10136000714F076033E0694F3F1D3F68C7F38056F8
:10137000664F3F1D3F6807F03F036EB16A4FB7FBF2
:10138000F3F7DFF888C10CF1040CDCF800C0CCF3F3
:10139000881C07FB0CF40CE0624FB7FBF3F7DFF897
:1013A0006CC10CF1040CDCF800C0CCF3881C07FB0A
:1013B0000CF4564F3F1D3F68C7F301477F1C7D006B
:1013C000B4FBF5F7076002E0564F076000BF00BFAF
:1013D0004E4F08373F6807F0F0010909534F7A5C18
:1013E0000768D7404760494F08373F6807F4E05126
:1013F000890A4E4F7A5C4768D7408760434F083769
:101400003F6807F46041490B484F7A5C4768D74012
:10141000C760F0BD002100F44072B2F5407F0AD1F0
:101420003A4A0832116821F4F811414A0240114346
:10143000364A08321160354A70321268C0F30B0325
:101440001A43324B70331A6070473549443908608B
:101450007047334940390860704736490860704723
:1014600001460020294A8C32106820F01F004A1ED5
:101470001043264A8C321060704701460020234AF0
:101480008C32106820F4F8504A1E40EA02201F4AAD
:101490008C3210607047014600201C4A8C32106864
:1014A00020F4401008431060704701460020174A9E
:1014B0008C32106820F440000843106070470146E9
:1014C0000020124A8C32106820F44030084310602B
:1014D000704719490860704739B10C4A30321268B8
:1014E00002430A4B30331A6006E0084A3032126871
:1014F0008243064B30331A607047F9B1034A3432E5
:1015000012680243014B34331A601CE00038024079
:10151000FFFFF6EA103000240030002000004742B0
:10152000800E47420024F40000127A0000000020E0
:10153000FFFCFF0F5C014742E01147428F4A1268EF
:1015400082438E4B1A60704739B18C4A121D126863
:1015500002438A4B1B1D1A6006E0884A121D12685E
:101560008243864B1B1D1A60704739B1834A0C3287
:1015700012680243814B0C331A6006E07F4A0C323A
:10158000126882437D4B0C331A60704739B17B4A35
:10159000103212680243794B10331A6006E0774A22
:1015A000103212688243754B10331A60704739B19C
:1015B000724A243A12680243704B243B1A6006E0D8
:1015C0006E4A243A126882436C4B243B1A6070477F
:1015D00039B16A4A203A12680243684B203B1A60CC
:1015E00006E0664A203A12688243644B203B1A6048
:1015F000704739B1614A1C3A126802435F4B1C3B89
:101600001A6006E05D4A1C3A126882435B4B1C3B41
:101610001A60704739B1594A143A12680243574B5D
:10162000143B1A6006E0554A143A12688243534B41
:10163000143B1A60704739B1504A103A126802439D
:101640004E4B103B1A6006E04C4A103A1268824337
:101650004A4B103B1A60704739B1484A1C32126835
:101660000243464B1C331A6006E0444A1C3212689F
:101670008243424B1C331A60704739B13F4A2032D3
:10168000126802433D4B20331A6006E03B4A203289
:1016900012688243394B20331A60704739B1374A98
:1016A000243212680243354B24331A6006E0334A71
:1016B000243212688243314B24331A60704739B1A7
:1016C0002E4A2C32126802432C4B2C331A6006E04F
:1016D0002A4A2C3212688243284B2C331A607047F6
:1016E00039B1264A303212680243244B30331A6033
:1016F00006E0224A303212688243204B30331A60AF
:101700007047012808D11D493C31096841F00801A2
:101710001A4A3C32116007E018493C31096821F04F
:101720000801164A3C321160704739B1134A273A12
:1017300012780243114B273B1A7006E00F4A273AF2
:10174000127882430D4B273B1A7070470B4840308C
:10175000006840F0807009494031086070470146D8
:101760000020064A283A12680A400AB1012000E027
:10177000002070470149263908707047343802400C
:1017800010B501218803FFF756FF00214FF4804078
:10179000FFF751FF10BD1C49086070471B490862E4
:1017A000704730B500228B071C0F0F2303FA04F299
:1017B000154B08338C1053F824309343124C0834E3
:1017C0008D1044F8253023468C1053F824308C07B4
:1017D000240F00FA04F423430B4C08348D1044F812
:1017E000253030BD0949DC31086070470849086080
:1017F0007047002004492031096801F4807109B163
:10180000012000E00020704700380140000027421E
:101810000004274210B50446FE48844208D1012145
:101820000846FFF708FF00210120FFF704FF9DE0B5
:10183000B4F1804F08D101210846FFF7EBFE0021EB
:101840000120FFF7E7FE91E0F348844208D101212F
:101850000220FFF7DFFE00210220FFF7DBFE85E01C
:10186000EE48844208D101210420FFF7D3FE002175
:101870000420FFF7CFFE79E0E948844208D1012136
:101880000820FFF7C7FE00210820FFF7C3FE6DE028
:10189000E448844208D101211020FFF7BBFE00215B
:1018A0001020FFF7B7FE61E0DF48844208D1012134
:1018B0002020FFF7AFFE00212020FFF7ABFE55E010
:1018C000DA48844208D101210220FFF7B4FE00214A
:1018D0000220FFF7B0FE49E0D548844209D101213A
:1018E0000804FFF7A8FE00214FF48030FFF7A3FEA5
:1018F0003CE0D048844209D101214804FFF79BFE17
:1019000000214FF40030FFF796FE2FE0CA488442D2
:1019100009D101218804FFF78EFE00214FF48020B9
:10192000FFF789FE22E0C548844208D1012140200A
:10193000FFF770FE00214020FFF76CFE16E0C04864
:10194000844208D101218020FFF764FE002180201D
:10195000FFF760FE0AE0BB48844207D101218015F1
:10196000FFF758FE0021A015FFF754FE10BD00221E
:101970000288A84B98420ED0AC4B98420BD0B0F1E5
:10198000804F08D0A44B984205D0A44B984202D077
:10199000A34B984204D14FF68F731A404B881A43D9
:1019A000A04B984207D0A04B984204D04FF6FF437B
:1019B0001A400B891A4302804B68C3620B88038567
:1019C000944B984202D0994B984201D18B7A03866E
:1019D0000123838270474FF0FF3141600021018075
:1019E00001814180817270470185828270470A4679
:1019F000002101884FF68F73194011430180704711
:101A000041627047C16270470146486A70470146AB
:101A1000088D704721B1028842F00202028004E082
:101A200002884FF6FD731A400280704721B1028888
:101A300042F00402028004E002884FF6FB731A4071
:101A40000280704721B1028842F08002028004E0E7
:101A500002884FF67F731A400280704702884FF663
:101A6000F7731A40028002880A4302807047028896
:101A70004FF6FF431A40028002880A4302807047F3
:101A800021B1028842F00102028004E002884FF690
:101A9000FE731A400280704770B5002400220023B4
:101AA000058C4FF6FE7635400584028C8388048BC6
:101AB0004FF68F752C40B51E2C400D882C43751E9B
:101AC0002A408D892A434D882A43524DA84202D08C
:101AD000564DA84213D14FF6F7752A40CD892A43B7
:101AE0004FF6FB752A408D882A434FF6FF652B4041
:101AF0004FF6FF552B400D8A2B434D8A2B43838095
:101B000004838D684563028470BD70B50024002293
:101B10000023058C4FF6EF7635400584028C8388D0
:101B2000048B48F6FF752C404FF6FF452C400D887E
:101B30004FF6FF7606EA05252C434FF6DF752A405F
:101B40008D8906EA05152A434D8806EA05152A43BC
:101B5000304DA84202D0354DA8421DD14FF67F75B9
:101B60002A40CD894FF6FF7606EA05152A434FF63F
:101B7000BF752A408D8806EA05152A434FF6FF35C2
:101B80002B404FF2FF752B400D8A06EA85052B434B
:101B90004D8A06EA85052B43838004838D6885631F
:101BA000028470BD70B5002400220023058C4FF61E
:101BB000FF6635400584028C8388848B4FF68F75D1
:101BC0002C404FF6FC752C400D882C434FF6FF55EA
:101BD0002A408D894FF6FF7606EA05252A434D886F
:101BE00006EA05252A430B4DA84202D00F4DA84214
:101BF00038D14FF2FF752A40CD894FF6FF7606EABD
:101C000005252A434FF6FF352A408D8806EA05252B
:101C10002A4319E000000140000400400008004091
:101C2000000C00400010004000140040000401407F
:101C300000400140004401400048014000180040BD
:101C4000001C0040002000404EF6FF752B404DF672
:101C5000FF752B400D8A06EA05152B434D8A06EACF
:101C600005152B43838084838D68C563028470BD12
:101C700070B5002200230024058C4EF6FF76354017
:101C80000584038C8488828B48F6FF752A404FF6C2
:101C9000FF452A400D884FF6FF7606EA05252A43C0
:101CA0004DF6FF752B408D8906EA05352B434D888F
:101CB00006EA05352B43FE4DA84202D0FD4DA84251
:101CC00008D14BF6FF752C400D8A4FF6FF7606EAD9
:101CD00085152C43848082838D680564038470BDE0
:101CE000002101804180818081608181C1810182E8
:101CF0004182704770B50346002000241846183012
:101D000001258D40ACB21D8CA5431D8409B1082965
:101D10000AD100EB610005684FF68F76354005600B
:101D20000568154305600FE00D1FC5F34E052844F7
:101D3000056848F6FF763540056005684FF6FF7682
:101D400006EA02263543056070BD41637047816332
:101D50007047C1637047016470470A460021018BD8
:101D60004FF68F7319401143018370470A460021D3
:101D7000018B48F6FF7319404FF6FF7303EA022305
:101D80001943018370470A460021818B4FF68F73F8
:101D900019401143818370470A460021818B48F620
:101DA000FF7319404FF6FF7303EA0223194381833F
:101DB00070470A460021018B4FF6F7731940114313
:101DC000018370470A460021018B4FF2FF731940CF
:101DD0004FF6FF7303EA02231943018370470A4653
:101DE0000021818B4FF6F7731940114381837047AF
:101DF0000A460021818B4FF2FF7319404FF6FF73A3
:101E000003EA02231943818370470A460021018BAC
:101E10004FF6FB7319401143018370470A460021B6
:101E2000018B4FF6FF3319404FF6FF7303EA02238D
:101E30001943018370470A460021818B4FF6FB73DB
:101E400019401143818370470A460021818B4FF668
:101E5000FF3319404FF6FF7303EA022319438183CE
:101E600070470A460021018B4FF67F7319401143DA
:101E7000018370470A460021018BC1F30E014FF622
:101E8000FF7303EA02231943018370470A460021C6
:101E9000818B4FF67F7319401143818370470A4647
:101EA0000021818BC1F30E014FF6FF7303EA022379
:101EB0001943818370470A460021018C4FF6FD7358
:101EC00019401143018470470A460021018C4FF6E6
:101ED000F77319401143018470470A460021018CB1
:101EE0004FF6DF7319404FF6FF7303EA02131943ED
:101EF000018470470A460021018C4FF67F73194018
:101F00004FF6FF7303EA02131943018470470A4630
:101F10000021018C4FF6FF5319404FF6FF7303EA7F
:101F200002231943018470470A460021018C4FF2B5
:101F3000FF7319404FF6FF7303EA0223194301842C
:101F400070470A460021018C4DF6FF7319404FF689
:101F5000FF7303EA023319430184704730B500234D
:101F600001248C40A3B2048C9C430484048C02FAA8
:101F700001F5ADB22C43048430BD30B500230424F8
:101F80008C40A3B2048C9C430484048C02FA01F5B7
:101F9000ADB22C43048430BD828B4FF2FF331A4024
:101FA0008283828B4FF6FF7303EA01231A438283F5
:101FB0007047F0B50C461546002100220026078C1C
:101FC0004EF6FF7C07EA0C070784818B028C4FF6E4
:101FD000FF7707EA043640F6FF4739404FF6FF77B0
:101FE00007EA052739434FF6FF7707EA03373943F6
:101FF00045F6FF773A4046F480573A43818302849E
:10200000F0BD828B4FF6F3731A408283828B0A43B2
:1020100082837047F0B50C46154600210022002649
:10202000078C4FF6FF6C07EA0C070784818B028C44
:102030004FF6FF7707EA04264FF60C7739404FF644
:10204000FF7707EA03172F4339434FF2FF573A4010
:1020500046F480773A4381830284F0BD028B4FF2CD
:10206000FF331A400283028B4FF6FF7303EA01230A
:102070001A4302837047F0B50C4615460021002232
:102080000026078C4FF6EF7C07EA0C070784018BCC
:10209000028C4FF6FF7707EA041640F6FF473940F7
:1020A0004FF6FF7707EA033739434FF6FF7703E030
:1020B000000001400004014007EA052739434FF6BC
:1020C0005F773A4046F010073A4301830284F0BD3F
:1020D000028B4FF6F3731A400283028B0A4302838A
:1020E0007047F0B50C46154600210022068C4FF6CD
:1020F000FE773E400684018B028C4FF60C76314011
:102100007E1C06EA03162E4331434FF6F576324025
:1021100044F00106324301830284F0BD70B50546E8
:102120000C46208850B92389A28861882846FFF789
:10213000D8FFE1882846FFF7CBFF25E02088042858
:102140000AD12389A28861882846FFF794FFE18895
:102150002846FFF783FF17E0208808280AD1238943
:10216000A28861882846FFF755FFE1882846FFF7D7
:1021700048FF09E02389A28861882846FFF719FFF4
:10218000E1882846FFF708FF70BD002101804180EB
:10219000012181800021C180018170472DE9F0413A
:1021A00005460C4600260127608808B9022600E093
:1021B0000026A088012801D1022700E001272088FD
:1021C000A0B92389A28861882846FFF78AFFE188A1
:1021D0002846FFF77DFF23893A4631462846FFF718
:1021E0004AFFE1882846FFF739FF13E02389A288D8
:1021F00061882846FFF73FFFE1882846FFF72EFF5A
:1022000023893A4631462846FFF76BFFE188284686
:10221000FFF75EFFBDE8F0810146486B704701465D
:10222000886B70470146C86B70470146086C704761
:102230000A884B881A438B881A43CB881A430B8928
:102240001A434B891A438B891A43A0F844207047DC
:102250000021018041808180C18001814181818193
:10226000704731B1B0F8442042F40042A0F8442055
:1022700005E0B0F84420C2F30E02A0F844207047F5
:1022800021B1828842F00402828004E082884FF605
:10229000FB731A408280704721B1828842F00102AC
:1022A000828004E082884FF6FE731A408280704775
:1022B0001AB183890B43838102E083898B43838135
:1022C00070478182704702460020138A0B400BB191
:1022D000012000E000207047CA430282704730B5F9
:1022E0000246002000230024158A05EA010395898F
:1022F00005EA010413B10CB1012000E0002030BD5B
:10230000CA430282704741EA0203A0F8483070478E
:102310001AB183890B43838102E083898B438381D4
:10232000704721B1828842F00802828004E08288EE
:102330004FF6F7731A408280704701894FF6F872A2
:102340001140018170470A46002101894FF68F73C1
:10235000194011430181704730B504460D462946A6
:102360002046FFF7F0FF208940F00700208130BDB4
:102370002DE9F04104460D4616461F46602D06D154
:102380003B46012231462046FFF775FE05E03B46FD
:10239000012231462046FFF7A4FE29462046FFF7DA
:1023A000D2FF208940F007002081BDE8F08130B5E0
:1023B0000C4600210189C9B24FF6FF7505EA0325D5
:1023C000154325432943018130BD2DE9F0410546E0
:1023D0000E4617469846002443463A46314628465C
:1023E000FFF7E5FF2C894FF6F870044044F007042E
:1023F0004FF68F70044044F070042C81BDE8F081EA
:10240000F0B504460D4616461F463B463246294661
:102410002046FFF7CCFF208940F480402081F0BDAA
:1024200082884FF68F731A40828082880A438280A6
:10243000704702894FF6F8731A40028102890A43F5
:102440000281704702894FF67F731A400281028928
:102450000A4302817047F0B50C4615461E4600211E
:10246000002200230189028B038C4FF6F877394054
:1024700021434FF6FC473A4040F201173A434FF6EA
:10248000DD773B404FF6FF7707EA06172F433B43C4
:10249000018102830384F0BD21B1828842F0800271
:1024A000828004E082884FF67F731A4082807047F2
:1024B000A0F850107047000010B50446FA48844256
:1024C00008D101211020FFF7B6F800211020FFF7F6
:1024D000B2F857E0F548844209D101214804FFF7DA
:1024E00099F800214FF40030FFF794F84AE0F048E3
:1024F000844209D101218804FFF78CF800214FF4B0
:102500008020FFF787F83DE0EA48844209D10121A5
:10251000C804FFF77FF800214FF40020FFF77AF896
:1025200030E0E548844209D101210805FFF772F83F
:1025300000214FF48010FFF76DF823E0DF4884425C
:1025400008D101212020FFF776F800212020FFF795
:1025500072F817E0DA48844209D101218807FFF7B1
:1025600059F800214FF08040FFF754F80AE0D548B1
:10257000844207D101214005FFF74CF80021600596
:10258000FFF748F810BD2DE9FF4705460E46002429
:10259000A14600BFA046B08900B100BF2C8A24F438
:1025A0004054F08804432C82AC8941F20C6084438F
:1025B000B08831890843718908430443AC81AC8AEF
:1025C00024F44074B0890443AC826846FEF7B3FE3D
:1025D000B548854202D0B948854202D1DDF80C9059
:1025E00001E0DDF80890A88900F4004040B109EB53
:1025F000C90000EB091031684900B0FBF1F707E0B2
:1026000009EBC90000EB091031688900B0FBF1F754
:102610006420B7FBF0F004012009642101FB10786D
:10262000A88900F4004040B1322000EBC800B0FBA4
:10263000F1F000F00700044308E0322000EB08103E
:102640006421B0FBF1F000F00F0004432C81BDE8E1
:10265000FF874FF41651016000218180C180018104
:102660000C21418100218181704710B50246002074
:10267000108A20F470600B884C8823438C88234395
:10268000CC8823431843108210BD00210180418073
:102690008180C180704721B1828942F400528281D9
:1026A00004E082894DF6FF731A4082817047028BE5
:1026B00002F47F420283028B0A430283704721B1F6
:1026C000828942F40042828103E08289C2F30E02D1
:1026D0008281704721B1828A42F40062828204E0E2
:1026E000828A4FF2FF731A4082827047C1F3080258
:1026F0008280704701468888C0F308007047028ACC
:102700004FF6F0731A400282028A0A43028270472F
:1027100021B1828942F00202828104E082894FF66F
:10272000FD731A408281704782894FF2FF731A400D
:10273000828182890A4382817047028A4FF6DF7361
:102740001A400282028A0A430282704721B1028A39
:1027500042F48042028204E0028A4BF6FF731A4080
:1027600002827047818941F001018181704721B166
:10277000828A42F00802828204E0828A4FF6F7736E
:102780001A4082827047028BD2B20283028B42EAE5
:1027900001220283704721B1828A42F020028282A4
:1027A00004E0828A4FF6DF731A408282704721B1BB
:1027B000828A42F01002828204E0828A4FF6EF732E
:1027C0001A4082827047828A4FF6FB731A408282D7
:1027D000828A0A438282704721B1828A42F00202D1
:1027E000828204E0828A4FF6FD731A40828270472B
:1027F0001AB1838A0B43838202E0838A8B438382EC
:102800007047F0B50346002400260025002040F65E
:102810006A17B94200D100BF1846C1F3421401F053
:102820001F06012707FA06F5012C01D10C3004E040
:10283000022C01D1103000E014301AB107682F4388
:10284000076002E00768AF430760F0BD0246002062
:10285000B1F5007F00D100BF13880B400BB1012000
:1028600000E00020704701F40072B2F5007F00D153
:1028700000BFCA430280704770B50246002400239F
:102880000025002040F66A16B14200D100BFC1F316
:10289000421501F01F03012606FA03F3012D13D19F
:1028A0009689334017E000000010014000440040CA
:1028B00000480040004C004000500040001401401F
:1028C00000780040007C0040022D02D1168A33407F
:1028D00001E0968A33400C12012606FA04F41688A9
:1028E000344013B10CB1012000E0002070BD10B5E0
:1028F0000022002340F66A14A14200D100BF0A1250
:1029000001249440A3B2DC43048010BD10B50446FA
:102910006FF00400FDF71EFDE11704EB5171C1F3E8
:10292000C7016C4A11701046007800EB4001C1EB02
:10293000C0104FF6FF7101EAC0006749088010BD62
:102940000146644A12784A434FF0E0235A6100225C
:102950009A611A46126942F001021A6100BF4FF0F3
:10296000E022106900F001021AB100F48032002A5E
:10297000F5D04FF0E022126922F001024FF0E0237F
:102980001A6100229A6170470146534A12884A43ED
:102990004FF0E0235A6100229A611A46126942F010
:1029A00001021A6100BF4FF0E022106900F001023D
:1029B0001AB100F48032002AF5D04FF0E0221269FB
:1029C00022F001024FF0E0231A6100229A61704761
:1029D00070B50446C82094FBF0F0C6B2C82094FB42
:1029E000F0F100FB114085B204E0C820FFF7CCFFF6
:1029F000701EC6B2002EF8D115B12846FFF7C4FFED
:102A000070BD3648006840F01000344908607047D7
:102A10005321334A11851146C862898A41F0010168
:102A20009182002111821146098841F0080111802C
:102A30001146098841F00101118000BF2849098A27
:102A400001F001010029F9D02549098A21F001018D
:102A5000234A118270474AF20F41214A11854100F1
:102A6000D1621146898A41F00101918200211182CF
:102A70001146098841F0080111801146098841F08A
:102A80000101118000BF1649098A01F001010029E6
:102A9000F9D01349098A21F00101114A11827047C6
:102AA00001464AF20F400E4A10854800D062104697
:102AB000808A40F001009082002010821046008839
:102AC00040F0080010801046008840F0010010809F
:102AD0007047000010000020120000204038024023
:102AE0000010004000BF704700BF2E4A128802F05D
:102AF0004002002AF9D0C2B22A4B1B1D1A8070472F
:102B000010B588B0044601210846FEF7E5FC012116
:102B10001020FEF73BFD072209212348FEF7C9FAE2
:102B200007220A212048FEF7C4FA4FF4C06006903D
:102B300002208DF81C008DF81D0000208DF81E006D
:102B400001208DF81F0006A91748FEF727FA029406
:102B50000020ADF80C00ADF80E00ADF81000ADF897
:102B600014000C20ADF8120002A91048FFF70BFD6D
:102B700001210E48FFF78FFD012240F225510B483D
:102B8000FFF73FFE25208DF8040003208DF8050097
:102B90008DF8060001208DF8070001A8FDF78DFBD8
:102BA00008B010BD001401400000024000100140B8
:102BB00000B587B001211020FEF7E8FC012108468E
:102BC000FEF78AFC072209216E48FEF772FA4FF4DD
:102BD0000070059002208DF818008DF81900002073
:102BE0008DF81A0005A96748FEF7D8F907220A21CF
:102BF0006448FEF75EFA4FF48060059002208DF87D
:102C000018008DF8190000208DF81A0001208DF8A9
:102C10001B0005A95B48FEF7C1F94FF4165001905F
:102C20000020ADF810000C20ADF80E000020ADF82B
:102C30000C00ADF80A00ADF8080001A95248FFF7F2
:102C4000A2FC012240F225514F48FFF7DAFD4FF474
:102C5000A060FDF72DFB25208DF8000001208DF8E8
:102C6000030000208DF801008DF802006846FDF792
:102C700024FB01214448FFF70EFD07B000BD10B54D
:102C8000044621464048FFF731FD00BF80213E4801
:102C9000FFF7DCFD0028F9D010BD70B505460E46E3
:102CA000002404E0285DFFF7EAFF601C84B2B44210
:102CB000F8DB70BD70B50446002504E0605DFFF7E9
:102CC000DEFF681CC5B2605D0028F7D170BD10B58D
:102CD000FF20FFF7D4FF07212C48FFF7DEFFFE207F
:102CE000FFF7CDFF10BD2A480078012804D100204D
:102CF00027490870012070470020FCE7254908702B
:102D0000704710B540F225511F48FFF7B5FD012867
:102D100036D11D48FFF7EEFCC4B21E48007840B91A
:102D2000FF2C27D101201B49087000201A49087088
:102D300020E018480078012810D118481649097871
:102D4000445415480078401C134908700846007820
:102D500009280FDB02200F4908700BE00D480078AE
:102D6000022807D1FE2C05D100200A490870012055
:102D70000749087040F225510348FFF7B8FD00BF2E
:102D800010BD000000000240001001409001002032
:102D900014000020150000201600002099010020DA
:102DA00008B54FF4A060FDF783FA01208DF8030009
:102DB00003208DF802008DF8010014208DF800002A
:102DC0006846FDF77AFA08BD10B501210846FEF7FE
:102DD00083FB01214806FEF7C8FB10BD00B58FB08C
:102DE0004FF480500D9002208DF839008DF8380096
:102DF00000208DF83A000DA94448FEF7CFF84FF4B3
:102E000000600D9002208DF8380001208DF83B0005
:102E100002208DF839000DA93C48FEF7BFF80922C1
:102E20000B213A48FEF745F909220C213748FEF7F5
:102E300040F90AA8FDF7D0FB00208DF82E008DF890
:102E40002F008DF830008DF831008DF832008DF8AC
:102E500033008DF82A008DF82B0008208DF82C0007
:102E600001208DF82D000720ADF828000AA9284878
:102E7000FDF7A7FA002009909DF824004011069064
:102E80009DF824004FF6FF7101EAC020001D079055
:102E9000002008909DF82000401104909DF820002B
:102EA00001EAC020001D059001208DF80A000020D5
:102EB0008DF80B0001208DF80C00BDF81800ADF85E
:102EC0000000BDF81C00ADF80200BDF81000ADF820
:102ED0000400BDF81400ADF806000020ADF80800AD
:102EE00001208DF80D006846FDF7F5FA0122022158
:102EF0000748FDF7EFFD0FB000BD10B5FFF750FF1D
:102F0000FFF762FFFFF76AFF10BD000000000240FC
:102F10000064004010B54B4A00214B48FDF7BFFC50
:102F20000120484981F8280002214748FDF7D5FED5
:102F300010BD30B585B004460D46002004900390C6
:102F4000029001900090A81EC0B2039066E09DF828
:102F50000C009DF81010401AC0B2029000203949B0
:102F6000486120789DF8001041EA002135488161D0
:102F70006178C17704210177002141779DF808002D
:102F8000082823DA0020019013E09DF81000801C2F
:102F9000225C2C481F309DF80410491C42549DF8B7
:102FA0000400401CC0B201909DF81000401CC0B24B
:102FB00004909DF804009DF808108842E5DB9DF818
:102FC0000800401CC1B21F4881771DE0002001901D
:102FD00013E09DF81000801C225C1A481F309DF8F9
:102FE0000410491C42549DF80400401CC0B20190DA
:102FF0009DF81000401CC0B204909DF80400072802
:10300000E7DB08210F4881770E4914310E48FDF7A0
:1030100051FB9DF80000401CC0B200909DF81000CC
:103020009DF80C10884292DB05B030BD074800784F
:10303000012804D1002005490870012070470020B4
:10304000FCE70000BC0100200064004017000020E5
:103050001FB50446002000900190029003908DF867
:1030600000400A208DF801006D208DF802006B20D1
:103070008DF8030004216846FFF75BFF1FBD1FB5F5
:103080000446002000900190029003908DF80040CB
:103090000E208DF8010052208DF802006B208DF873
:1030A000030004216846FFF744FF1FBD7FB50646B5
:1030B0000D460024002000900190029003900DF82E
:1030C0000460641C112D68D2DFE805F0090F151BA0
:1030D000672167272D33393F6745515C4B001F201F
:1030E0000DF80400601CC4B258E020200DF8040064
:1030F000601CC4B252E021200DF80400601CC4B270
:103100004CE024200DF80400601CC4B246E02720E7
:103110000DF80400601CC4B240E031200DF804003A
:10312000601CC4B23AE033200DF80400601CC4B245
:1031300034E035200DF80400601CC4B22EE03620C7
:103140000DF80400601CC4B228E037200DF804001C
:10315000601CC4B222E03A200DF80400601CC4B226
:103160001CE03B200DF80400601CC4B216E04220B5
:103170000DF80400601CC4B26C200DF80400601C43
:10318000C4B20BE043200DF80400601CC4B27A20E6
:103190000DF80400601CC4B200E000BF00BF6B204B
:1031A0000DF80400601CC4B221466846FFF7C1FE5A
:1031B0007FBD7FB506460C46154600200090019065
:1031C000029003908DF8006046208DF80100692080
:1031D0008DF802008DF803408DF804506B208DF8B7
:1031E000050006216846FFF7A4FE7FBD7FB50646B1
:1031F0000C461546002000900190029003908DF837
:103200000060F3208DF80100AB208DF802008DF8EE
:1032100003408DF804506B208DF8050006216846A8
:10322000FFF787FE7FBD2DE9FF4105460F46144697
:103230001E46DDF828800020009001900290039047
:103240008DF80050F6208DF801008DF802702012E4
:103250008DF80300E0B28DF804008DF805608DF85C
:1032600006806B208DF8070008216846FFF761FE95
:10327000BDE8FF812DE9FF4706460F4615469846F3
:10328000DDE90D9A0C9C00200090019002900390C3
:103290008DF80060FD208DF801008DF80270281275
:1032A0008DF80300E8B28DF804008DF80580200E3B
:1032B0008DF80600200C8DF80700200A8DF8080014
:1032C000E0B28DF809008DF80A908DF80BA06B2004
:1032D0008DF80C000D216846FFF72BFEBDE8FF8737
:1032E0007FB505460C4600200090019002900390A7
:1032F0008DF80050FE208DF8010098208DF8020016
:103300008DF803406B208DF8040005216846FFF717
:1033100010FE7FBD1FB50446002000900190029072
:1033200003908DF80040FF208DF8010066208DF895
:1033300002006B208DF8030004216846FFF7F9FDB9
:103340001FBD7FB505460C460020009001900290FD
:1033500003908DF8005093208DF8010088208DF89F
:1033600002008DF803406B208DF8040005216846AB
:10337000FFF7DFFD7FBD2DE9F04F89B005460E4612
:103380001746984613AC94E8100E202101A808F0C7
:10339000A2FC8DF804504C208DF80500AE208DF86D
:1033A00006008DF807608DF808708DF80980129876
:1033B00000128DF80A001298C0B28DF80B00200E92
:1033C0008DF80C00200C8DF80D00200A8DF80E00F1
:1033D000E0B28DF80F004FEA29208DF8100009F0B7
:1033E000FF008DF811004FEA2A208DF812000AF034
:1033F000FF008DF813004FEA2B208DF814000BF01E
:10340000FF008DF8150017988DF816006B208DF8C9
:103410001700142101A8FFF78CFD09B0BDE8F08F5B
:103420007FB506460C46154600200090019002909C
:1034300003908DF800609A208DF801008DF802400D
:103440008DF803506B208DF8040005216846FFF7C6
:1034500070FD7FBD1FB504460020009001900290D2
:1034600003908DF800409C208DF8010048208DF8D5
:1034700002006B208DF8030004216846FFF759FD18
:103480001FBD0000F0B587B004460D461646012763
:103490006019801B039060422844304404906042CD
:1034A0002844801B0590601930440690039800283A
:1034B0000ADB00200090F9480378039882B20021CB
:1034C0000220FFF7B0FE0AE000200090F3480378E6
:1034D0000398404282B201210220FFF7A4FE384641
:1034E000FFF776FA049800280ADB00200090EB48EA
:1034F0000378049882B201210846FFF794FE0AE09F
:1035000000200090E54803780498404282B20021F0
:103510000120FFF788FE3846FFF75AFA0598002881
:103520000ADB00200090DD480378059882B2002174
:103530000320FFF778FE0AE000200090D7480378C8
:103540000598404282B201210320FFF76CFE384605
:10355000FFF73EFA069800280ADB00200090CF48CB
:103560000378069882B201210420FFF75CFE0AE08E
:1035700000200090C94803780698404282B200219A
:103580000420FFF750FE3846FFF722FA07B0F0BDDF
:1035900070B52DED068B88B0B0EE408A0526B5EEED
:1035A000C08AF1EE10FA02DDB0EE480A01E0B1EE99
:1035B000480A10EE101A08460AF0E2FA41EC1A0B1B
:1035C0009FEDB70B53EC102B09F0E4FF41EC190B06
:1035D00009F01CFF0446B44890ED000AB8EEC00A9A
:1035E00060EE080AB5EEC08AF1EE10FA02DDB0EE28
:1035F000480A01E0B1EE480A80EE801ABDEEC10A29
:1036000010EE105A00EE105A8DED040A6842059033
:103610006842069000EE105A8DED070A04980028C3
:103620000CDB01200021CDE9004102909F48037886
:10363000049882B20220FFF71DFE0DE00120002158
:10364000CDE900410290994803780498404282B243
:1036500001210220FFF70EFE3046FFF7B9F9059869
:1036600000280DDB01200021CDE9004102908F48A8
:103670000378059882B201210846FFF7FBFD0CE0B4
:1036800001200021CDE90041029088480378059887
:10369000404282B20120FFF7EDFD3046FFF798F976
:1036A000069800280CDB01200021CDE900410290A2
:1036B0007E480378069882B20320FFF7DBFD0DE019
:1036C00001200021CDE90041029078480378069856
:1036D000404282B201210320FFF7CCFD3046FFF7C4
:1036E00077F9079800280DDB01200021CDE9004182
:1036F00002906E480378079882B201210420FFF7F8
:10370000B9FD0CE001200021CDE90041029067489D
:1037100003780798404282B20420FFF7ABFD3046A1
:10372000FFF756F90020FFF7F5FD08B0BDEC068B5A
:1037300070BD30B52DED068B89B0B0EE408A052501
:10374000B5EEC08AF1EE10FA02DDB0EE480A01E0F3
:10375000B1EE480A10EE101A08460AF011FA41ECD0
:103760001A0B9FED530B53EC102B09F013FF41EC98
:10377000190B09F04BFE04464B4890ED000AB8EED9
:10378000C00A60EE080AB5EEC08AF1EE10FA02DD5A
:10379000B0EE480A01E0B1EE480A80EE801AFDEE74
:1037A000C18ACDED058ACDED068ACDED078ACDED36
:1037B000088A059800280CDB01200021CDE9004192
:1037C00002903A480378059882B20220FFF752FD32
:1037D0000DE001200021CDE900410290334803783B
:1037E0000598404282B201210220FFF743FD28469E
:1037F000FFF7EEF8069800280DDB01200021CDE947
:103800000041029029480378069882B201210846B7
:10381000FFF730FD0CE001200021CDE900410290CE
:10382000224803780698404282B20120FFF722FD29
:103830002846FFF7CDF8079800280CDB012000216F
:10384000CDE90041029019480378079882B203201D
:10385000FFF710FD0DE001200021CDE900410290AD
:10386000124803780798404282B201210320FFF7F3
:1038700001FD2846FFF7ACF8089800281CDB012062
:103880000021CDE90041029008480378089882B2EF
:1038900001210420FFF7EEFC1BE0000024000020C3
:1038A00000000000000025401C0000202000002037
:1038B0009A9999999999244001200021CDE90041D4
:1038C0000290F84803780898404282B20420FFF73B
:1038D000D1FC2846FFF77CF80020FFF71BFD09B05C
:1038E000BDEC068B30BDF0B52DED108B83B0B0EE86
:1038F000408A04460D4616460CB94FF480749FED7D
:10390000EAABCEB9B5EEC08AF1EE10FA02DDB0EE48
:10391000480A01E0B1EE480A10EE101A08460AF013
:103920002FF941EC1D0B1FED220B53EC102B09F06E
:1039300031FE41EC1A0B18E0B5EEC08AF1EE10FA38
:1039400002DDB0EE480A01E0B1EE480A10EE101AAE
:1039500008460AF015F941EC1D0B1FED2B0B53EC3B
:10396000102B09F017FE41EC1A0B04EB4401480040
:1039700009F0A9FDCDE90001284609F0BBFD41ECA5
:103980001F0B9FEDCB1BB0EE4F0AF0EE6F0A08F055
:1039900013FBB0EE40EAF0EE60EA9FEDC70B53EC8C
:1039A000102B51EC1E0B09F0F5FD9DED000B53ECB7
:1039B000102B09F0D3FB41EC1B0B4FF4FA6068436A
:1039C00090FBF4F7384609F07EFD41EC1C0B9FEDAF
:1039D000B69B53EC1A2B51EC1B0B09F0D9FE1CD8EB
:1039E00053EC1B2B51EC1A0B09F0B8FB41EC1E0BEE
:1039F0009FEDB31BB0EE4E0AF0EE6E0A08F0DCFA53
:103A0000B0EE40DAF0EE60DA53EC1C2B51EC1D0BFB
:103A100009F0C0FD41EC190B26E005EB85008001A3
:103A2000062190FBF1F7384609F04DFD41EC1D0BE6
:103A300053EC1B2B51EC1A0B09F0B8FF9FEDA20BB6
:103A400053EC102B09F0A6FD53EC1D2B09F086FB5F
:103A500053EC1C2BCDE900019DED000B51EC100B3C
:103A600009F024FA41EC190BB5EEC08AF1EE10FA18
:103A700002DDB0EE480A01E0B1EE480AF0EE000ABD
:103A8000B4EEE00AF1EE10FA05D89FED910BB0EE1E
:103A9000409AF0EE609A53EC192B9FED8F0B51EC8E
:103AA000100B09F077FD41EC190B51EC190B09F0E3
:103AB000ADFC0746FEF7CFFFB0EE490AF0EE690A0B
:103AC00003B0BDEC108BF0BD764A1060844A1160E3
:103AD000704770B52DED028BF0EE408AB0EE608A33
:103AE00004460D460A20FEF7B6FF29462046FFF79A
:103AF000EBFFB1EE480AFFF71CFEA9B2A0B201220B
:103B0000B0EE480AFFF7EFFEBDEC028B70BD70B55A
:103B10002DED028BB0EE408AF0EE608A04460D4631
:103B20000A20FEF798FF29462046FFF7CDFFB1EEA9
:103B3000480AFFF72DFDA9B2A0B20022B0EE480A54
:103B4000FFF7D1FEBDEC028B70BD70B52DED028B81
:103B5000F0EE408AB0EE608A04460D460A20FEF779
:103B60007AFF29462046FFF7AFFFB1EE480AFFF77C
:103B7000E0FDBDEC028B70BD70B52DED028BB0EE9B
:103B8000408AF0EE608A04460D460A20FEF763FF85
:103B900029462046FFF798FFB1EE480AFFF7F8FCE8
:103BA000BDEC028B70BD70B52DED108B82B0B0EE08
:103BB000409A04460D460CB94FF4807400EE104A4A
:103BC000B8EE400AF1EE080A20EE200A10EE101AB4
:103BD000084609F0D5FF41EC1C0B284609F08AFC89
:103BE00041EC1F0B9FED321BB0EE4F0AF0EE6F0A57
:103BF00008F0E2F9B0EE40EAF0EE60EA9FED2E0B3D
:103C000053EC102B51EC1E0B09F0C4FC41EC1D0BC6
:103C100053EC1C2B09F0A2FA41EC1A0B00EE105ADF
:103C2000B8EE400ADFED2F0A60EE200A00EE104ADF
:103C3000B8EE400A80EE801A11EE106A304609F0A4
:103C40009FFF41EC1B0B9FED188B19EE100A09F03A
:103C500097FF41EC1C0B53EC1A2B09F05FFC43D887
:103C600019EE100A09F08CFF41EC1E0B53EC1A2BD5
:103C700009F074FA41EC1D0B9FED111BB0EE4D0ADB
:103C8000F0EE6D0A08F098F9B0EE40CAF0EE60CAA6
:103C900053EC1B2B51EC1C0B09F07CFC41EC180B7A
:103CA0004BE00000200000200000000000000000A9
:103CB0000000000000000040000000000000744010
:103CC000000000000000E03F0000000000408F40C6
:103CD0000000000000006940CDCCCCCCCCCCEC3F47
:103CE0001C0000200000FA4405EB8500800106213D
:103CF00090FBF1F6304609F0E6FB41EC1C0B19EEA7
:103D0000100A09F03DFF53EC1A2B09F04FFE1FED8E
:103D1000120B53EC102B09F03DFC53EC1C2B09F05B
:103D20001DFA53EC1B2BCDE900019DED000B51EC6E
:103D3000100B09F0BBF841EC180B1FED1F0B53ECF7
:103D4000102B51EC180B09F025FC41EC180B1FED62
:103D50002A0B53EC102B51EC180B09F019FD02D271
:103D600051EC180B03E051EC180B09F060F841EC32
:103D70001C0B1FED290B53EC102B09F0CFFB05D8C2
:103D80001FED2D0BB0EE408AF0EE608AB0EE480ACF
:103D9000F0EE680A02B0BDEC108B70BD2DE9FE4359
:103DA00004468846174600EE104AB8EEC00AB5EE43
:103DB000C00AF1EE10FA0AD300EE104AB8EEC00ABB
:103DC000DFED700AB4EEE00AF1EE10FA06DD6EA245
:103DD0000121084602F035FE00BFFEE70A20FEF78B
:103DE0003AFE00EE104AB8EEC00A6A48D0ED000A6A
:103DF00030EE600ABDEEC00A10EE105A002D01DC54
:103E0000012000E000208146002D01DD284600E071
:103E1000684200EB8000060100EE104AB8EEC00ACE
:103E20005C48D0ED000AB4EE600AF1EE10FA09D059
:103E30000020CDE900603B464246494602900520FD
:103E4000FFF718FA00EE104AB8EEC00A514880EDAC
:103E5000000A00EE906AF8EE600AB7EE001A60EE13
:103E6000810AB0EE600A41463846FFF79CFEBDE885
:103E7000FE83F0B52DED088B83B0B0EE408A054689
:103E80000E469FED450AB4EEC08AF1EE10FA06DC4C
:103E90009FED420AB4EEC08AF1EE10FA06D23AA2C1
:103EA0000121084602F0CDFD00BFFEE70A20FEF723
:103EB000D2FD3B4890ED000A78EE408AF5EEC08ACC
:103EC000F1EE10FA01DC012000E00020074618EEB8
:103ED000900A09F055FE41EC1B0BB0EE4B0AF0EED8
:103EE0006B0A08F025F8B0EE40AAF0EE60AA9FED4C
:103EF0002D0B53EC102B51EC1A0B09F04BFB41EC42
:103F0000190B09F0B3FA0446254890ED000AB4EE07
:103F1000408AF1EE10FA09D00020CDE90040334686
:103F20002A46394602900620FFF7A4F9600000EE09
:103F3000900AF8EE600AB0EE600A29463046FFF7B4
:103F400032FE174880ED008A00EE904AF8EE600AD3
:103F5000B7EE001A60EE810AB0EE600A29463046DC
:103F6000FFF721FE03B0BDEC088BF0BD10B5C821F2
:103F70004FF47A709FED0D0AFFF77BFF10BD0C49DF
:103F800008607047000007436572726F723A4F55C0
:103F900054000000300000200000FA420000B4C2CB
:103FA0002C000020000000400A773940000000008B
:103FB0002400002080ED000AC0ED010A80ED021A05
:103FC000C0ED061A80ED082A704790ED032A80EDB7
:103FD000042A30EE602ADFEDFD2AB4EEE22AF1EE8B
:103FE00010FA08D230EE602ADFEDF92A32EE222AEA
:103FF00080ED032A15E030EE602ADFEDF62AB4EEFC
:10400000E22AF1EE10FA08DD30EE602ADFEDF02A48
:1040100032EE622A80ED032A03E030EE602A80ED62
:10402000032A90ED032AD0ED042A32EE622AD0ED65
:10403000022A22EE221A90ED032AD0ED002A62EE27
:10404000221A90ED052AD0ED032A90ED013A02EEF6
:10405000832A80ED052A90ED052AD0ED062AB4EEDC
:10406000E22AF1EE10FA04DD90ED062A80ED052A31
:1040700010E090ED052AD0ED062AF1EE622AB4EEAA
:10408000E22AF1EE10FA05D290ED062AB1EE422AAC
:1040900080ED052A31EE812AD0ED052A32EE222A62
:1040A00080ED072A90ED072AD0ED082AB4EEE22A27
:1040B000F1EE10FA04DD90ED082A80ED072A10E0F9
:1040C00090ED072AD0ED082AF1EE622AB4EEE22A3A
:1040D000F1EE10FA05D290ED082AB1EE422A80EDF9
:1040E000072A70471FB501210420FDF73EFABA48A0
:1040F000FEF723F90020ADF80C00ADF8060041F200
:104100008730029040F24730ADF8040000208DF86F
:104110000E0001A9B048FDF72AFC0121AE48FEF7C8
:10412000DBF801221146AC48FEF7C2F84FF4A0605C
:10413000FCF7BEF81E208DF8000001208DF803006A
:104140008DF801008DF802006846FCF7B6F81FBD37
:1041500010B5FFF7C7FF9FED9F2AF1EE0C1AB0EEE6
:10416000001ADFED9E0AB7EE080A9D48FFF722FF0E
:1041700010BD30B59B4C20609B4C21609B4C226055
:104180009B4C236000249B4D2C609B4C84ED000ACB
:1041900030BD2DE9F0412DED028B05460E46174648
:1041A0009846B0EE408A089C01218B48FDF768FCD8
:1041B000012240F225519148FEF723FB002090494F
:1041C0000860E620FFF7DBFE6CB9B0EE000A844819
:1041D00080ED000A9FED8B0A80ED010A9FED8A0AAF
:1041E00080ED020A42E0012C11D19FED880A7C4843
:1041F00080ED000A9FED830A80ED010A9FED840A9D
:1042000080ED020AB3EE0E0A80ED080A2EE0022CC1
:104210000DD1B1EE040A724880ED000A9FED790AD3
:1042200080ED010AB1EE040A80ED020A1EE0032CC3
:104230000DD1B0EE000A6A4880ED000A9FED750AC4
:1042400080ED010A9FED740A80ED020A0EE0042C55
:104250000CD1B0EE000A624880ED000A9FED6F0AB3
:1042600080ED010A9FED6C0A80ED020A9FED590A6C
:10427000B4EEC08AF1EE10FA06DD9FED550A38EE75
:10428000400AB0EE408A0CE09FED500AB4EEC08ABE
:10429000F1EE10FA05D29FED4E0A38EE000AB0EEAC
:1042A000408AB0EE480A43463A4631462846FFF770
:1042B00060FF00BF524800680028FBD00020504932
:1042C00008609FED570A464880ED080A00214248E1
:1042D000FDF7D6FB002240F225514848FEF791FA3F
:1042E0006420FEF7B8FB0120BDEC028BBDE8F08135
:1042F0002DE9F0412DED028B04460D4616461F4672
:104300009DED088ADDF8248001213348FDF7B8FBD4
:10431000012240F225513948FEF773FA002038494E
:104320000860B8F1000F0DD1B7EE080A2C4880EDF7
:10433000000A9FED3C0A80ED010AB0EE000A80ED14
:10434000020A0CE0B7EE080A254880ED000A9FED4E
:10435000230A80ED010AB0EE040A80ED020AB8EEED
:10436000C80A3B46324629462046FFF702FFBDEC0D
:10437000028BBDE8F08110B501211748FDF7AFFFB2
:1043800001287DD11B4800681949096888427ED8F8
:1043900025480078C8B1254A2549264801F09EFBEA
:1043A000224890ED020A244880ED000AD0ED000A70
:1043B000114890ED000A0A48FFF707FE1E4890EDED
:1043C000000A1E48D0ED000A3AE060E0000034C365
:1043D0000000B44300003443000800406F12833AE9
:1043E0000C02002040000020440000204800002073
:1043F00050000020540000203C00002000440040F9
:104400004C00002000000000CDCC4C3F3333534023
:104410006666E63FCDCC4C3DCDCCCC3E295C8F3D95
:1044200000006643CDCCCC3D5800002000020020A7
:10443000F4010020E80100203400002038000020B2
:10444000B4EE600AF1EE10FA08D17B4890ED000A54
:10445000F7EE000A30EE200A80ED000A774890ED72
:10446000020A774880ED000A764890ED070ABDEE13
:10447000C00A10EE102A744801687448006800E011
:104480001EE0FEF7FFFF0020714908600AE0714856
:10449000007838B9002211461046FEF7F3FF0120DC
:1044A0006B4908606C48006832306B4908606B48A3
:1044B0000078401C6949087001216948FDF720FF18
:1044C00010BD70B52DED028BF0EE408AB0EE608A23
:1044D00004460D460A20FEF7BEFA29462046FFF79D
:1044E000F3FAB0EE680AFFF724F9A9B2A0B20122EC
:1044F000B0EE680AFFF7F7F90A20FEF7ACFA294692
:104500002046FFF7E1FAB0EE480AFFF741F8A9B2FA
:10451000A0B20022B0EE480AFFF7E5F9BDEC028B2D
:1045200070BD70B52DED0E8B82B0F0EE408AB0EE0E
:10453000608AB0EE419AF0EE619A28EEA80A08EE81
:10454000080A10EE101A084609F01AFB41EC1E0B7F
:104550009FED441BB0EE4E0AF0EE6E0A07F02CFD04
:10456000B0EE40CAF0EE60CA19EE900A09F008FBFE
:1045700041EC1D0B53EC1C2B08F0F0FD41EC1A0B29
:104580009FED3A0BB0EE40BAF0EE60BA28EEA80A02
:1045900008EE080A10EE101A084609F0F1FA41EC8C
:1045A0001D0B9FED301BB0EE4D0AF0EE6D0A07F0CB
:1045B00003FDB0EE40CAF0EE60CA9FED2E0B53EC47
:1045C000102B51EC1C0B08F0E5FF41EC1B0B0020FD
:1045D000FFF7D5FC51EC1B0B08F048FF064618EE20
:1045E000900A09F0CDFA41EC1D0B53EC1A2B08F0A0
:1045F000D1FF41EC1C0B08F009FF044618EE100A2D
:1046000009F0BEFA41EC1D0B53EC1A2B08F0C2FF67
:1046100041EC1C0B08F0FAFE05460120B0EE490AF9
:1046200033460022214600902846FFF7B2FD02B033
:10463000BDEC0E8B70BD00005C000020000200206D
:10464000380000200C020020440000204000002020
:104650004C00002059000020540000205A00002087
:1046600000080040000000000000E03F00000000E3
:1046700000000000000000000000104000B58BB0FA
:1046800001210846FCF771FF01210846FCF724FFD1
:1046900002208DF828000E20099002208DF82900B4
:1046A00000208DF82A008DF82B0009A9FE48FCF7A0
:1046B00075FC01221146FC48FCF7FBFC012202219B
:1046C000F948FCF7F6FC01220321F748FCF7F1FC5E
:1046D0004FF08040FDF731FE0020ADF82000ADF82E
:1046E0001A0044F61F6007905320ADF81800002010
:1046F0008DF8220006A94FF08040FDF738F901A897
:10470000FDF7EEFA6020ADF804000020ADF81000CF
:104710000120ADF806000020039001A94FF0804071
:10472000FDF7F3F901A94FF08040FDF73BFA01A92D
:104730004FF08040FDF79CFA1C208DF8000001200E
:104740008DF801008DF802008DF803006846FBF734
:10475000B4FD01218807FDF793F94FF40271C806F3
:10476000FDF7F5FA4FF42271C806FDF7F2FA40F2B0
:10477000A2314807FDF7EFFA012211469007FDF735
:1047800097FD0BB000BD10B5044621464FF08040A8
:10479000FDF7DDFA10BD10B5044621464FF080400C
:1047A000FDF7D7FA10BD10B5044621464FF0804002
:1047B000FDF7D1FA10BD80ED010A0121C1607047FB
:1047C00010B52DED108B88B0B0EE40FAB0EE608AD7
:1047D000F0EE418A9FEDB50AF4EEC08AF1EE10FAD0
:1047E0003BD21FEE100A09F0CBF941EC1A0B9FEDFA
:1047F000B00AC8EE800A10EE904A204609F0C0F9CF
:1048000041EC1E0B9FEDAB1BB0EE4E0AF0EE6E0AB4
:1048100007F0D2FBB0EE40CAF0EE60CAB0EE090A73
:1048200028EE000A10EE101A084609F0A9F941EC2A
:104830001D0B53EC1C2B08F0ADFE41EC1B0B53EC95
:104840001A2B08F033FB41EC190B08F0FDFA00EECF
:10485000100A08B0BDEC108B10BD9FED980AF4EE65
:10486000C08AF1EE10FA10D2F2EE000A88EE200AA9
:104870009FED8F1AC8EE810AB7EE041A28EE011ACE
:1048800011EE200A30EE0F0AE3E79FED890AF4EEFD
:10489000C08AF1EE10FA6AD21FEE100A09F070F920
:1048A00041EC1E0BB0EE010A28EE000A10EE101AC1
:1048B000084609F065F941EC190BDFED7D0A88EE39
:1048C000A00AF1EE090A68EE200A20EE200A10EE96
:1048D000104A204609F054F941EC1A0B9FED740A76
:1048E000C8EE800A10EE904A204609F049F99FED83
:1048F000711BCDE900019DED000B07F05DFBB0EEF3
:1049000040CAF0EE60CAB8EE090A28EE000A10EEBE
:10491000101A084609F034F941EC1D0B53EC1C2B1E
:1049200008F038FE41EC1B0B53EC1A2B08F0BEFAD2
:1049300053EC192BCDE902019DED020B51EC100B4C
:1049400009F034F853EC1E2BCDE904019DED040B66
:1049500051EC100B08F0AAFACDE906019DED060B0B
:1049600051EC100B08F070FA00EE100A71E73FEE00
:10497000080A6EE730B52DED108B85B00446E0686F
:1049800001287DD194ED040AF3EE040A30EE200AEA
:1049900084ED040A94ED040AD4ED050A80EE201A91
:1049A00011EE105A284609F0EBF841EC180B9FED78
:1049B000440B53EC102B51EC180B08F0AFFD04D84E
:1049C00094ED000A84ED020AC7E09FED3F0B53EC23
:1049D000102B51EC180B08F0DBFE0ED894ED010AF9
:1049E00084ED020A94ED010A84ED000A9FED380A75
:1049F00084ED040A0020E060AFE053EC182B9FED3B
:104A0000350B51EC100B08F0C5FD41EC1B0B53ECC2
:104A1000182B08F0BFFD41EC1A0B53EC182B08F0D3
:104A2000B9FD41EC190B53EC182B9FED2C0B51ECFD
:104A3000100B08F0AFFD41EC1E0B53EC182B08F0E7
:104A4000A9FD41EC1D0B53EC182B08F0A3FD41EC24
:104A50001C0B53EC182B08F09DFD41EC1A0B53EC8A
:104A6000182B9FED200B51EC100B08F093FD41EC3F
:104A70001F0B53EC182B08F08DFD41EC1E0B00E0D2
:104A800071E053EC182B08F085FD41EC1D0B53EC45
:104A9000182B08F07FFD41EC1C0B53EC182B08F091
:104AA00079FD41EC1B0B21E000000240000048436F
:104AB00000007A440000000000000040000048446C
:104AC0000000000000000000000000000000F03FB7
:104AD0000000000000000000000024400000000072
:104AE00000002E40000000000000184053EC1A2B7C
:104AF00008F05CFF53EC192BCDE900019DED000B94
:104B000051EC100B08F0D2F9CDE9020194ED010A45
:104B1000D4ED000A30EE600A10EE101A084609F0D3
:104B20002FF841EC1C0B9DED020B53EC102B08F001
:104B300031FD41EC1A0B94ED000A10EE101A0846F4
:104B400009F01EF841EC1B0B53EC1A2B08F0AEF9E0
:104B500041EC190B08F078F9A060D4ED020AB0EE30
:104B6000600AA069804705B0BDEC108B30BDF748E6
:104B70009FEDF71AB4EEC10AF1EE10FA03D89FEDDB
:104B8000F41AB0EE410A80ED010AC0ED050A0121D8
:104B9000C160704710B52DED028BB0EE408AF0EE8B
:104BA000608AB7EE000A38EE400AB0EE408AE94C5F
:104BB00084ED018AC4ED058A0120E06000BFE06851
:104BC0000028FCD11E20FDF746FFBDEC028B10BD76
:104BD00010B5DFEDE10AB3EE090AFFF7DBFF10BD08
:104BE00010B5DFEDDD0AB7EE000AFFF7D3FF10BD09
:104BF00010B52DED028BF0EE408AB0EE608AD74CF6
:104C0000C4ED018A84ED058A0120E06000BFE06800
:104C10000028FCD13220FDF71EFFBDEC028B10BD39
:104C200010B50446012C06D1DFEDCB0AB3EE040A21
:104C3000FFF7DEFF10E0022C06D1DFEDC70A9FED83
:104C4000C80AFFF7D5FF07E0032C05D1DFEDC20A44
:104C50009FEDC40AFFF7CCFF10BDC04880ED010AEC
:104C6000C0ED050A0121C1607047B7EE001A30EEB1
:104C7000411AB0EE410AB74880ED010AC0ED050ABD
:104C80000121C160704700BFC1680029FCD1704795
:104C900010B501218807FDF722FB60B1AB48FFF793
:104CA00069FEAC48FFF766FEAC48FFF763FE0121E2
:104CB0008807FDF725FB10BD2DE9FF412DED040B05
:104CC0002DED108B06460F46F0EE608A14461D4609
:104CD000B0EE418A9FEDA40A38EE000AB0EE408A99
:104CE000394630469DED100AFFF7C3F8B0EE40BAE2
:104CF000F0EE60BAEAB22146BDEEE80A10EE100A04
:104D0000FFF74CF8B0EE40FAF0EE60FA8F4890ED05
:104D1000020A38EE400A10EE101A084608F030FF7A
:104D200041EC1D0BB0EE4D0AF0EE6D0A07F000F9F4
:104D3000B0EE40CAF0EE60CA9FED8C0B53EC102B26
:104D400051EC1C0B08F0EAFB28D8804890ED020AD1
:104D500038EE400A10EE101A084608F011FF41EC38
:104D60001E0BB0EE4E0AF0EE6E0A07F0E1F8B0EE60
:104D700040DAF0EE60DA9FED7F0B53EC102B51EC34
:104D80001D0B08F007FC41EC1C0B9FED7C0B53EC5A
:104D9000102B08F0E3F941EC190B77E16B4890ED2B
:104DA000020A38EE400A10EE101A084608F0E8FE33
:104DB00041EC1D0BB0EE4D0AF0EE6D0A07F0B8F8AD
:104DC000B0EE40CAF0EE60CA9FED6E0B53EC102BB4
:104DD00051EC1C0B08F0A2FB28D85C4890ED020AAD
:104DE00038EE400A10EE101A084608F0C9FE41ECF1
:104DF0001E0BB0EE4E0AF0EE6E0A07F099F8B0EE18
:104E000040DAF0EE60DA9FED610B53EC102B51ECC1
:104E10001D0B08F0BFFB41EC1C0B9FED580B53EC36
:104E2000102B08F09BF941EC190B2FE1474890ED4E
:104E3000020A38EE400A10EE101A084608F0A0FEEA
:104E400041EC1D0BB0EE4D0AF0EE6D0A07F070F864
:104E5000B0EE40CAF0EE60CA9FED4C0B53EC102B45
:104E600051EC1C0B08F05AFB28D8384890ED020A88
:104E700038EE400A10EE101A084608F081FE41ECA8
:104E80001E0BB0EE4E0AF0EE6E0A07F051F8B0EECF
:104E900040DAF0EE60DA9FED3F0B53EC102B51EC53
:104EA0001D0B08F077FB41EC1C0B9FED340B53EC12
:104EB000102B08F053F941EC190BE7E0234890ED73
:104EC000020A38EE400A10EE101A084608F058FEA2
:104ED00041EC1D0BB0EE4D0AF0EE6D0A07F028F81C
:104EE000B0EE40CAF0EE60CA9FED2C0B53EC102BD5
:104EF00051EC1C0B08F012FB58D8144890ED020A34
:104F000038EE400A10EE101A084608F039FE41EC5F
:104F10001E0BB0EE4E0AF0EE6E0A07F009F8B0EE86
:104F200040DAF0EE60DA9FED1F0B53EC102B51ECE2
:104F30001D0B08F02FFB41EC1C0B9FED100B53ECED
:104F4000102B08F00BF941EC190B9FE060000020DA
:104F5000333337427C000020000096439800002045
:104F60000000104300008143333313410000000070
:104F700000003C400000000000005E400000000017
:104F800000002A400000000000004940000000002E
:104F900000005940000000000040554000000000A3
:104FA00000C062400000000000805140FA4890EDCF
:104FB000020A38EE400A10EE101A084608F0E0FD2A
:104FC00041EC1D0BB0EE4D0AF0EE6D0A06F0B0FF9D
:104FD000B0EE40CAF0EE60CA9FEDF00B53EC102B20
:104FE00051EC1C0B08F09AFA28D8EB4890ED020A15
:104FF00038EE400A10EE101A084608F0C1FD41ECE8
:105000001E0BB0EE4E0AF0EE6E0A06F091FFB0EE07
:1050100040DAF0EE60DA9FEDE30B53EC102B51EC2D
:105020001D0B08F0B7FA41EC1C0B1FED2C0B53ECD9
:10503000102B08F093F841EC190B27E0D64890EDBF
:10504000020A38EE400A10EE101A084608F098FDE1
:1050500041EC1E0BB0EE4E0AF0EE6E0A06F068FF51
:10506000B0EE40DAF0EE60DA1FED3A0B53EC102BA5
:1050700051EC1D0B08F08EFA41EC1C0B1FED410B9F
:1050800053EC102B08F06AF841EC190B51EC190B9A
:1050900007F0DAFE0CEE100AF0EE4C0AB0EE480A09
:1050A000FFF765FDB0EE4F1AF0EE6F1AB0EE4B0A47
:1050B000F0EE6B0A06F046FFB0EE40CAF0EE60CAB2
:1050C000B0EE4C1AF0EE6C1AB0EE490AF0EE690A36
:1050D00006F038FFB0EE40AAF0EE60AA51EC1A0BD1
:1050E00008F094F98046FDF7B6FC51EC1A0B08F075
:1050F0008DF9BDEC108B08B0BDE8F0812DE9FF41C2
:105100002DED040B2DED108B06460F46F0EE608A58
:1051100014461D46B0EE418AF025E6274FF4FA64A6
:105120001FED6F0A38EE000AB0EE408A394630466D
:105130009DED100AFEF79DFEB0EE40AAF0EE60AACB
:105140002A462146BDEEE80A10EE100AFEF726FEBA
:10515000B0EE40FAF0EE60FA8F4890ED020A38EEB9
:10516000400A10EE101A084608F00AFD41EC1D0B2B
:10517000B0EE4D0AF0EE6D0A06F0DAFEB0EE40CA6F
:10518000F0EE60CA1FED870B53EC102B51EC1C0B9B
:1051900008F0C4F928D8804890ED020A38EE400A99
:1051A00010EE101A084608F0EBFC41EC1E0BB0EEB6
:1051B0004E0AF0EE6E0A06F0BBFEB0EE40DAF0EEFC
:1051C00060DA1FED940B53EC102B51EC1D0B08F023
:1051D000E1F941EC1C0B1FED970B53EC102B07F082
:1051E000BDFF41EC190B55E16B4890ED020A38EE1A
:1051F000400A10EE101A084608F0C2FC41EC1D0BE4
:10520000B0EE4D0AF0EE6D0A06F092FEB0EE40CA26
:10521000F0EE60CA1FEDA50B53EC102B51EC1C0BEC
:1052200008F07CF928D85C4890ED020A38EE400A74
:1052300010EE101A084608F0A3FC41EC1E0BB0EE6D
:105240004E0AF0EE6E0A06F073FEB0EE40DAF0EEB3
:1052500060DA1FEDB20B53EC102B51EC1D0B08F074
:1052600099F941EC1C0B1FEDBB0B53EC102B07F015
:1052700075FF41EC190B0DE1474890ED020A38EE3D
:10528000400A10EE101A084608F07AFC41EC1D0B9B
:10529000B0EE4D0AF0EE6D0A06F04AFEB0EE40CADE
:1052A000F0EE60CA1FEDC70B53EC102B51EC1C0B3A
:1052B00008F034F928D8384890ED020A38EE400A50
:1052C00010EE101A084608F05BFC41EC1E0BB0EE25
:1052D0004E0AF0EE6E0A06F02BFEB0EE40DAF0EE6B
:1052E00060DA1FEDD40B53EC102B51EC1D0B08F0C2
:1052F00051F941EC1C0B1FEDDF0B53EC102B07F0A9
:105300002DFF41EC190BC5E0234890ED020A38EE61
:10531000400A10EE101A084608F032FC41EC1D0B52
:10532000B0EE4D0AF0EE6D0A06F002FEB0EE40CA95
:10533000F0EE60CA1FEDE70B53EC102B51EC1C0B89
:1053400008F0ECF836D8144890ED020A38EE400A1E
:1053500010EE101A084608F013FC41EC1E0BB0EEDC
:105360004E0AF0EE6E0A06F0E3FDB0EE40DAF0EE23
:1053700060DA1FEDF40B53EC102B51EC1D0B08F011
:1053800009F941EC1C0B9FED090B53EC102B07F0B6
:10539000E5FE41EC190B7DE06000002000000000FC
:1053A00000406F400000000000004E400000000080
:1053B00000002A40504890ED020A38EE400A10EEF4
:1053C000101A084608F0DCFB41EC1D0BB0EE4D0A4C
:1053D000F0EE6D0A06F0ACFDB0EE40CAF0EE60CA29
:1053E0001FED120B53EC102B51EC1C0B08F096F830
:1053F00028D8414890ED020A38EE400A10EE101A03
:10540000084608F0BDFB41EC1E0BB0EE4E0AF0EE74
:105410006E0A06F08DFDB0EE40DAF0EE60DA1FEDB8
:105420001F0B53EC102B51EC1D0B08F0B3F841ECA3
:105430001C0B1FED220B53EC102B07F08FFE41ECE1
:10544000190B27E02C4890ED020A38EE400A10EEC6
:10545000101A084608F094FB41EC1E0BB0EE4E0A01
:10546000F0EE6E0A06F064FDB0EE40DAF0EE60DABF
:105470009FED220B53EC102B51EC1D0B08F08AF81A
:1054800041EC1C0B1FED370B53EC102B07F066FEA5
:1054900041EC190B51EC190B07F0D6FC0CEE100A7D
:1054A000F0EE4C0AB0EE480AFFF761FBB0EE4F1A7F
:1054B000F0EE6F1AB0EE4A0AF0EE6A0A06F042FD0C
:1054C000B0EE40CAF0EE60CAB0EE4C1AF0EE6C1AC4
:1054D000B0EE490AF0EE690A06F034FDB0EE40BACB
:1054E000F0EE60BA51EC1B0B07F090FFBDEC108B97
:1054F00008B0BDE8F081000060000020000000005E
:105500000000494010B5FFF7B9F810BD10B52DEDFA
:10551000028BB0EE408A9FED240AC8EE000A9FED90
:10552000231A9FED230A00EE810ABCEEC00A10EE9A
:10553000100A84B22046FFF726F9BDEC028B10BD9D
:1055400010B52DED028BB0EE408A9FED170AC8EE24
:10555000000A9FED161A9FED160A00EE810ABCEEB6
:10556000C00A10EE100A84B22046FFF714F9BDEC11
:10557000028B10BD10B52DED028BB0EE408A9FED71
:105580000D0AC8EE000A9FED091A9FED090A00EE08
:10559000810ABCEEC00A10EE100A84B22046FFF762
:1055A00002F9BDEC028B10BD000087430000FA44F5
:1055B0000000FA430000B4431CB501210420FBF7AE
:1055C0008BFF00208DF804004FF400700090022043
:1055D0008DF8050001208DF8070069460548FBF7A6
:1055E000DDFC1CBD10B54FF400710248FBF738FD1F
:1055F00010BD00000008024010B50120FBF734FC8C
:1056000028B17220FDF73BFB0120FBF738FC10BDF1
:1056100000B585B001210846FBF75EFF0121880334
:10562000FBF7B4FF0120039000208DF8100002204A
:105630008DF8130003A91248FBF7B0FC00210846BF
:10564000FCF7AFF80120019000208DF80800082039
:105650008DF8090001208DF80A0001A8FBF79EFBD8
:1056600006208DF8000000208DF801008DF8020062
:1056700001208DF803006846FAF71FFE05B000BD53
:105680000000024010B54FF400712448FBF70DFDF7
:105690004FF480612148FBF708FD10BD1CB50121C6
:1056A0002020FBF719FF01208DF8040000208DF861
:1056B000060002208DF805004FF4C0600090694696
:1056C0001648FBF76BFC01210846FBF705FF01209C
:1056D0008DF8040000208DF8060002208DF80500EA
:1056E000C001009069460E48FBF758FCFFF7CAFF5F
:1056F0001CBD10B54FF400710848FBF7D6FC10BD77
:1057000010B54FF480610548FBF7CFFC10BD10B514
:105710004FF480710248FBF7C8FC10BD0014024032
:105720000000024010B588B0044601210420FBF7B8
:10573000D3FE01212020FBF729FF082206213A4849
:10574000FBF7B7FC082207213748FBF7B2FCC02063
:10575000069002208DF81C0000208DF81E0002200B
:105760008DF81D0001208DF81F0006A92E48FBF7BB
:1057700015FC47208DF8040001208DF8050000205D
:105780008DF8060001208DF8070001A8FAF795FDB5
:1057900002940020ADF80C00ADF80E00ADF810003A
:1057A000ADF814000C20ADF8120002A91F48FCF758
:1057B000EAFE012240F225511C48FDF722F80121A2
:1057C0001A48FCF768FF08B010BD70B50446002504
:1057D00010E0605D68B1615D1448FCF787FF00BFB1
:1057E00080211248FDF732F80028F9D0681CC5B2B4
:1057F00000E070BDEDE770B5044600250FE05CB138
:1058000021460A48FCF772FF00BF80210748FDF7D8
:105810001DF80028F9D000E070BD681CC5B2032D4A
:10582000EDDB00BFF8E70000000802400014014073
:10583000704710B588B0044601210820FBF74CFEE4
:1058400001214804FBF791FE2020069002208DF8EC
:105850001C008DF81D0000208DF81E0001208DF821
:105860001F0006A9E048FBF799FB402006900020A6
:105870008DF81F0006A9DC48FBF790FB07220521E5
:10588000D948FBF716FC07220621D748FBF711FC85
:1058900002940020ADF80C00ADF80E00ADF8100039
:1058A000ADF814000C20ADF8120002A9CF48FCF7A7
:1058B0006AFE012240F22551CC48FCF7A2FF0121EB
:1058C000CA48FCF7E8FE4FF4A060FAF7F1FC262086
:1058D0008DF8040000208DF805008DF806000120E9
:1058E0008DF8070001A8FAF7E8FC08B010BD70B504
:1058F000012424E0BE4951F82400FFF79AFFBC4878
:1059000050F8240000EE100AB8EE400AB94880EDC5
:10591000000A022500BF0020B74908700321342087
:1059200000F007FC6420FDF753F8B348007810B18D
:10593000FFF77EFF70BD6D1E002DECD1641C0A2C9C
:10594000D8DB00BFF6E710B504462046FDF740F867
:1059500010BD10B500222EE0362806D039280BD015
:105960003C2810D03F281CD114E0A34B1B7843F0F7
:105970000103A14C23701BE09F4B1B7843F00203F3
:105980009D4C237014E09C4B1B7843F008039A4C09
:1059900023700DE0984B1B7843F00403964C237062
:1059A00006E0954B1B7843F08003934C237000BFB7
:1059B00000BF401C521C8A42CED310BD70B50446B5
:1059C0000D4600260CE000BF80218848FCF73EFF12
:1059D0000028F9D014F8011B8448FCF787FE761CD8
:1059E000AE42F0D300BF40218048FCF72FFF0028D3
:1059F000F9D070BD70B504460D4629462046FFF724
:105A0000DDFF70BD10B500F0C1FE4FF4E130FFF7CF
:105A100010FF5021002000F060FC784800F029F9C8
:105A2000774800F0D1FA774800F07AFCFFF75FFF83
:105A300010BD10B540F225516C48FCF71DFF58B160
:105A40006A48FCF757FEC4B2204600F088F940F2DD
:105A500025516648FCF74BFF10BD10B504466A4857
:105A600001780078401C684A107068484454104619
:105A70000078032800DA10BD63480078322802DB82
:105A80000020614908706048007803281DDB5F48EA
:105A900040780D280FD15D4880780A280BD15B48EB
:105AA00000785B4908703221584806F0F2F800206F
:105AB0005549087009E0554840785449087008462F
:105AC0008078487002205049087000BFD3E75048E2
:105AD000007800BFFF204E490870704770B503463C
:105AE000DFED4C0AB0EE600A434C2478002C79D0EC
:105AF000002029E000F13404474D35F9144000EE50
:105B0000904AF8EEE00A9FED451AC0EE811AF3EED6
:105B1000000A61EEA00A03EB8004C4ED000A00F164
:105B2000370435F9144000EE904AF8EEE00ADFED54
:105B30003B1A80EEA11ADFED3A0A61EE200A01EB72
:105B40008004C4ED000A401C0328D3DB324CB4F9B6
:105B50008040314DB5F97A50641B0A2C01DD0124D7
:105B600000E000242C4DB5F97A502B4EB6F9806038
:105B7000AD1B0A2D01DD012500E000252C43ACB151
:105B8000254CB4F97A4000EE904AB8EEE01ADFED09
:105B9000231AC1EE210A9FED231A60EE810AC2ED9D
:105BA000000AD2ED000AB0EE600A01E082ED000AC0
:105BB000012015E000F13D04174D35F9144000EEC9
:105BC000904AB8EEE01ADFED151AC1EE210A9FEDFA
:105BD000151A60EE810A02EB8004C4ED000A401C35
:105BE0000328E7DB70BD0000000C024000440040C9
:105BF00068DD0008B4000020B8000020F559000856
:105C00005359000847590008BA000020300200200C
:105C1000B9000020000000006203002000000047DF
:105C20000000FA440000344370B503460C46FF25DB
:105C3000FF26002200BF00BF09E0985C80EA050152
:105C4000FD48405C80EA0605FC48465C521CA242C6
:105C5000F3DB46EA052070BD10B502460B46002076
:105C6000002103E0545C0444E0B2491C9942F9D39A
:105C700010BD014611B96FF005007047F048016092
:105C80000020FAE72DE9F84F07460C4690464FF002
:105C90000009CA4600250026A346A01D0090042541
:105CA000A7F15000102836D2DFE800F01608190FCF
:105CB0001C1F2225282B2E35353535314FF0340960
:105CC00003254FF0400A012627E04FF03D09032548
:105CD0004FF02E0A012620E04FF030091DE04FF072
:105CE00037091AE04FF03A0917E04FF0410914E084
:105CF0004FF0450911E04FF049090EE04FF04D0912
:105D00000BE04FF0510908E04FF0550905E0CD4890
:105D1000D0F8009001E0BDE8F88F00BFB8F1030FA4
:105D200001D1032500265DB16A00C74901EB490096
:105D3000594605F069FF29464846C44A126890470B
:105D40005EB17200C04901EB4A00009905F05CFFAA
:105D500031465046BD4A1268904700BFDBE72DE947
:105D6000FC418046B948006808B9BDE8FC81B848E4
:105D700001680068401CB64A1060B64800F801800F
:105D8000B548006830B1012859D0022874D00328E2
:105D900054D1BCE0AF48007855280CD0AC4800681E
:105DA000401EAB4908600846AA49491C0268481EC3
:105DB00005F02AFFD9E7A64800680B283ED30A2140
:105DC000A448FFF749FF0746A248807AB8420CD0A2
:105DD0009F480068401E9E49086008469D49491C2E
:105DE0000268481E05F010FFBFE79A48807899497D
:105DF000C97840EA0120ADF800009648007995493D
:105E0000497940EA0120ADF8020092488079914931
:105E1000C97940EA0120ADF804008E48007A8D4926
:105E2000497A40EA0120ADF806008A494878042200
:105E30006946FFF727FF0020854908606BE084482A
:105E40000068022861D98348407803280CD0804834
:105E50000068401E7E49086008467E49491C026869
:105E6000481E05F0D1FE80E77A488078401D7849C9
:105E70000968884201D978E748E075480068401E03
:105E80007449095C72480068801E724A105C41EADD
:105E900000256F480088801E81B21046FFF7C4FEBF
:105EA0000646B5420CD06A480068401E6849086042
:105EB00008466849491C0268481E05F0A5FE54E7DB
:105EC000644880784510002414E0042000EB44006E
:105ED0006049085C032101EB44015E4A515C40EAE1
:105EE000012000B2574909682144574A22F811009D
:105EF000601C84B2AC42E8DB294652480068534A31
:105F00001268904700205249086004E000BF00205A
:105F10004F49086000BF00BF4D480068B0F5807F62
:105F200002D100204A49086000BF1EE7024612B9AC
:105F30006FF00500704711B96FF00500FAE74748A8
:105F40000260474801600020F4E7014611B96FF094
:105F500005007047434801600020FAE77CB504461D
:105F60000D463A48006800B97CBD082D00DAFBE711
:105F70003948006810B3012821D0022802D0032834
:105F80001FD11DE02078552800D0EDE7A078E178FA
:105F900040EA0120ADF800002079617940EA012053
:105FA000ADF80200A079E17940EA0120ADF80400E3
:105FB000607803226946FFF765FE02E000BF00BF7C
:105FC00000BF00BF00BFCFE7014611B96FF0050069
:105FD00070471E4801600020FAE72DE9FC410546A4
:105FE0000C46902D03D36FF00500BDE8FC811A48E4
:105FF000006830B1012837D002285FD003287AD159
:106000007AE00F48006810B96FF00400EDE7FF2058
:106010008DF80000AA208DF80100E8B28DF802008A
:10602000E0B28DF8030020128DF8040005216846C7
:10603000034A1268904779E090DD000890DE00087E
:10604000BC000020E000002062030020CC00002003
:10605000D800002062020020DC000020C0000020E8
:10606000C4000020C8000020FD48006810B96FF08F
:106070000400BAE7FB4800788DF8000006208DF890
:106080000100280A8DF80200E8B28DF80300201202
:106090008DF80400E0B28DF8050006216846FFF790
:1060A000C3FD064630128DF80600F0B28DF80700E9
:1060B00008216846EA4A1268904737E0EA480068D3
:1060C00010B96FF0040090E7FF208DF80000AA20BF
:1060D0008DF80100E8B28DF80200E0B28DF80300FF
:1060E00020128DF8040005226946DE480078DE4B58
:1060F0001B6898471AE016E0DC48006810B96FF09A
:10610000040072E7E0B28DF8000020128DF8010063
:10611000E9B2D44A12785206100E02236A46D34FCF
:106120003F68B84702E06FF005005EE700BF00205F
:106130005BE72DE9FC4104460D466019902803D326
:106140006FF00500BDE8FC81C948006830B1012846
:1061500024D0022857D0032877D177E0042D02D924
:106160006FF00500EEE7BE48006810B96FF004005C
:10617000E8E7FF208DF80000AA208DF80100272015
:106180008DF80200E0B28DF80300200A8DF80400BB
:1061900005216846B24A1268904799E0B048006805
:1061A00010B96FF00400CDE74FF6FF7000EA450626
:1061B000701DB0F5807F02DD6FF00300C2E7A948D3
:1061C00000788DF8000003208DF80100200A8DF87A
:1061D0000200E0B28DF80300280A8DF80400E8B24E
:1061E0008DF8050006216846FFF71EFD06463012B1
:1061F0008DF80600F0B28DF8070008216846984A2D
:106200001268904764E0032D02D96FF0050099E70A
:106210009548006810B96FF0040093E7FF208DF8EF
:106220000000AA208DF8010027208DF80200E0B2BE
:106230008DF80300200A8DF804000522694689487C
:106240000078894B1B68984742E03EE08948006827
:1062500010B96FF0040075E74FF6FF7000EA4506CD
:10626000B6F5807F02DD6FF003006BE7E1B27D4A97
:1062700012785206100E33467F4ADFF8F8C1DCF878
:1062800000C0E04701281FD17C48006810B96FF0BA
:10629000040057E7002710E0774810F817000121A5
:1062A00001EB4701744A515C40EA012000B2391900
:1062B000734A22F81100781C87B2AF42ECD329460A
:1062C00020466E4A1268904702E06FF0050039E7F9
:1062D00000BF6C480460002034E70246032A02D95C
:1062E0006FF005007047624802605E480170002050
:1062F000654B186000BFF5E70020594908605B490D
:1063000008605C490860584908605C490860FF20E3
:106310005449087000205C4908605549086070477E
:10632000014611B96FF00500704758480160002020
:10633000FAE703468B4203DB934201DC01207047FE
:106340000020FCE710B54BF288516920FFF745FEAD
:1063500010B16FF0020010BD45480068012804D15B
:1063600014204A490968884706E04148006818B97E
:10637000012046490968884701210846FFF72DFE9C
:1063800010B16FF00200E6E70020E4E710B500214D
:106390000120FFF722FE10B16FF0020010BD34485B
:1063A0000068012804D1142038490968884706E0AC
:1063B0002F48006818B9012034490968884700212E
:1063C0000846FFF70AFE10B16FF00200E6E7002072
:1063D000E4E710B54BF288516920FFF7FEFD10B1DC
:1063E0006FF0020010BD22480068012804D114207B
:1063F00026490968884706E01D48006818B9012049
:1064000022490968884707210120FFF7E6FD10B1FE
:106410006FF00200E6E70020E4E710B54BF2885188
:106420006920FFF7DAFD10B16FF0020010BD1048CF
:106430000068012804D1142014490968884706E03F
:106440000B48006818B901201049096888470021E5
:106450000120FFF7C2FDD8B16FF00200E6E70000AF
:10646000BC000020D4000020C8000020C000002094
:10647000DC000020C400002062020020CC000020CC
:1064800062030020E0000020D8000020D00000209F
:106490000020CBE710B504460722012120B2FFF708
:1064A00048FF10B96FF0050010BD4BF2885169200C
:1064B000FFF793FD10B16FF00200F5E7B1480068F7
:1064C000012804D11420B0490968884706E0AD4886
:1064D000006818B90120AC4909688847A1B20420B6
:1064E000FFF77BFD10B16FF00200DDE70020DBE776
:1064F00010B504460E22002120B2FFF71AFF10B992
:106500006FF0050010BD4BF288516920FFF765FD63
:1065100010B16FF00200F5E79A480068012804D135
:10652000142099490968884706E09648006818B918
:106530000120954909688847A1B20420FFF74DFD65
:1065400010B16FF00200DDE70020DBE710B5044674
:106550000622002120B2FFF7ECFE10B96FF0050013
:1065600010BD4BF288516920FFF737FD10B16FF075
:106570000200F5E783480068012804D1142082490D
:106580000968884706E07F48006818B901207E49FD
:1065900009688847A1B21F20FFF71FFD10B16FF0F7
:1065A0000200DDE70020DBE710B504460D220121E3
:1065B00020B2FFF7BEFE10B96FF0050010BD4BF220
:1065C00088516920FFF709FD10B16FF00200F5E76F
:1065D0006C480068012804D114206B490968884779
:1065E00006E06848006818B90120674909688847CB
:1065F000A1B20320FFF7F1FC10B16FF00200DDE75C
:106600000020DBE710B5044640F6FF72012120B2FE
:10661000FFF78FFE10B96FF0050010BD4BF28851E7
:106620006920FFF7DAFC10B16FF00200F5E755487A
:106630000068012804D1142053490968884706E0FE
:106640005048006818B901204F4909688847A1B22D
:106650000220FFF7C2FC10B16FF00200DDE700205E
:10666000DBE710B54BF288516920FFF7B6FC10B19B
:106670006FF0020010BD43480068012804D11420C7
:1066800041490968884706E03E48006818B901207A
:106690003D490968884700217620FFF79EFC10B12C
:1066A0006FF00200E6E70020E4E710B54BF28851F6
:1066B0006920FFF792FC10B16FF0020010BD314865
:1066C0000068012804D114202F490968884706E092
:1066D0002C48006818B901202B4909688847012116
:1066E0000020FFF77AFC10B16FF00200E6E700200F
:1066F000E4E710B54BF288516920FFF76EFC10B14A
:106700006FF0020010BD1F480068012804D114205A
:106710001D490968884706E01A48006818B9012031
:1067200019490968884708210220FFF756FC10B173
:106730006FF00200E6E70020E4E710B54BF2885165
:106740006920FFF74AFC10B16FF0020010BD0D4840
:106750000068012804D114200B490968884706E025
:106760000848006818B901200749096888470721C7
:106770000320FFF732FC10B16FF00200E6E70020C3
:10678000E4E70000DC000020D000002000B58BB062
:1067900001210220FAF7E9FE01210846FAF79CFEE2
:1067A0004020099002208DF828008DF82900002053
:1067B0008DF82A008DF82B0009A91948FAF7EEFB8D
:1067C000022206211648FAF774FC0020ADF82000DA
:1067D000ADF81A0040F2CF7007905320ADF81800C2
:1067E00000208DF8220006A90E48FBF7C0F86020B3
:1067F000ADF804000120ADF8060000200390ADF8CC
:10680000100001A90748FBF747F901210548FBF7EC
:1068100037F900210348FBF798FA0BB000BD0000E0
:1068200000000240000400401CB501212020FAF7BE
:1068300053FE01208DF804008DF8060002208DF82B
:10684000050000906946FE48FAF7A8FB0120009079
:106850006946FB48FAF7A2FB01220221F848FAF741
:106860001DFC01221146F648FAF718FC1CBD10B5B4
:1068700001221146F248FAF711FC0520FCF760F8F6
:1068800001220221EE48FAF709FC0520FCF758F82E
:1068900000220121EA48FAF701FC0520FCF750F834
:1068A00000220221E648FAF7F9FB0520FCF748F838
:1068B00010BD10B500220121E148FAF7EFFB0520D9
:1068C000FCF73EF801220221DD48FAF7E7FB05203C
:1068D000FCF736F801221146D948FAF7DFFB05200C
:1068E000FCF72EF810BD70B5054600241CE0802092
:1068F000204100EA05020121D148FAF7CFFB05202B
:10690000FCF71EF801220221CD48FAF7C7FB05204B
:10691000FCF716F800220221C948FAF7BFFB052050
:10692000FCF70EF8601CC4B2082CE0DB0122022147
:10693000C348FAF7B3FB0520FCF702F80022022156
:10694000BF48FAF7ABFB70BD10B50446FFF78FFFE9
:106950007820FFF7C8FF0020FFF7C5FF2046FFF7AC
:10696000C2FFFFF7A6FF10BD10B50446FFF77FFF7B
:106970007820FFF7B8FF4020FFF7B5FF2046FFF76C
:10698000B2FFFFF796FF10BD70B505460C4645F007
:10699000B000FFF7D9FF102141EA1410FFF7D4FF30
:1069A00004F00F00FFF7D0FF70BD70B500240EE0BB
:1069B00000212046FFF7E8FF002504E00020FFF754
:1069C000D3FF681CC5B2802DF8DB601CC4B2082C54
:1069D000EEDB70BD2DE9F04105460E461746721EEE
:1069E000D206110E6A1E5206100EFFF7CDFF0024CC
:1069F00009E0A7F12001934A02EB0111085DFFF7BE
:106A0000B3FF601CC4B2082CF3DB721ED206110E59
:106A10006A1E012303EB4202D0B2FFF7B5FF002448
:106A20000BE0A7F12001874A02EB011204F10801F3
:106A3000505CFFF799FF601CC4B2082CF1DBBDE885
:106A4000F0812DE9F04107460E461546002407E087
:106A50002A5D3019C1B23846FFF7BCFF601CC4B2D2
:106A6000285D0028F4D1BDE8F08110B50246012070
:106A700000E050430B1EA1F10101FAD110BD2DE938
:106A8000F04780460E4617461D46002415E0281B99
:106A9000411E0A20FFF7E9FFB7FBF0F00A21B0FB27
:106AA000F1F201FB120000F130093019C1B24A467F
:106AB0004046FFF78FFF601CC4B2AC42E7DBBDE885
:106AC000F0872DE9F0478146884615461E46002D81
:106AD00006DB2B2241464846FFF77CFF2F4605E0A8
:106AE0002D2241464846FFF775FF6F42002417E00C
:106AF000301B411E0A20FFF7B8FFB7FBF0F00A2158
:106B0000B0FBF1F201FB120000F1300A08EB0400C7
:106B1000401CC1B252464846FFF75CFF601CC4B23D
:106B2000B442E5DBBDE8F0872DE9F04781460E462B
:106B300090461F4600241DE0381B411E1020FFF721
:106B400094FFB8FBF0F000F00F050A2D08DA05F10C
:106B50003000C2B23019C1B24846FFF73BFF07E030
:106B600005F13700C2B23019C1B24846FFF732FF13
:106B7000601CC4B2BC42DFDBBDE8F0872DE9F04702
:106B800080460E4617461D46002412E0281B411E73
:106B90000220FFF76AFFB7FBF0F000F0010000F100
:106BA00030093019C1B24A464046FFF713FF601C56
:106BB000C4B2AC42EADBBDE8F08770B5002406E061
:106BC000002500E06D1CB5F5FA7FFBD3641CB4F51D
:106BD000FA7FF5D3FFF728FEAE20FFF7B5FED520EC
:106BE000FFF7B2FE8020FFF7AFFEA820FFF7ACFE54
:106BF0003F20FFF7A9FED320FFF7A6FE0020FFF7F6
:106C0000A3FE4020FFF7A0FEA120FFF79DFEC820B5
:106C1000FFF79AFEDA20FFF797FE1220FFF794FEA7
:106C20008120FFF791FECF20FFF78EFED920FFF7DE
:106C30008BFEF120FFF788FEDB20FFF785FE03E0E7
:106C40000014024090DF00083020FFF77DFEA420F2
:106C5000FFF77AFEA620FFF777FE8D20FFF774FE80
:106C60001420FFF771FEAF20FFF76EFEFFF79DFEC9
:106C700000F002F870BD00001FB501210820FAF7EE
:106C800074FC0020ADF80C00ADF806004CF24F305B
:106C9000029040F24730ADF8040000208DF80E005D
:106CA00001A90F48FAF763FE01210D48FBF714FB19
:106CB000012211460A48FBF7FBFA4FF4A060F9F7EE
:106CC000F7FA32208DF8000001208DF80300032030
:106CD0008DF801008DF802006846F9F7EEFA1FBD45
:106CE000000C004010B588B0044601210420FAF7DA
:106CF000F3FB01210805FAF738FC01210820FAF717
:106D0000EBFB08220C21AD48FAF7D3F90822022147
:106D1000AB48FAF7CEF94FF48050069002208DF878
:106D20001C0000208DF81E0002208DF81D0001209F
:106D30008DF81F0006A9A148FAF730F90420069043
:106D400006A99F48FAF72AF935208DF8040001209A
:106D50008DF8050000208DF8060001208DF8070051
:106D600001A8F9F7AAFA02940020ADF80C00ADF8DA
:106D70000E00ADF81000ADF814000C20ADF81200B4
:106D800002A99048FBF7FFFB012240F225518D48F4
:106D9000FBF737FD01218B48FBF77DFC08B010BDE8
:106DA00070B505460E4600240CE000BF80218548E2
:106DB000FBF74CFD0028F9D0295D8248FBF796FCD3
:106DC000601C84B2B442F0DB00BF40217D48FBF779
:106DD0003DFD0028F9D070BD10B540F2255179482D
:106DE000FBF74AFD002871D07648FBF783FCC4B25C
:106DF0007548008800F40040002878D17348007876
:106E000068B9042C0BD101207049087070480178D2
:106E10000078401C6E4A10706E4844547DE06B4808
:106E2000007801280DD1052C0BD10220674908708C
:106E3000674801780078401C654A107065484454E2
:106E40006BE062480078022812D16148017800782E
:106E5000401C5F4A10705F4844541046007809286F
:106E60005BDB03205949087001205B49087054E03E
:106E700056480078032821D155480078401E5549CE
:106E8000085C062849D1002240F225514D48FBF705
:106E9000B8FC5148007818B106214E48FFF780FF32
:106EA00000204D4908704A4908704849087001227D
:106EB00040F225514348FBF7A4FC2EE00020434953
:106EC000087043490870454908600BE026E00EE071
:106ED00000214048414A1268815440480068401CE3
:106EE0003E4908603D4800680928F1DB15E00020B4
:106EF00036490870364908703849086009E00021B1
:106F00003448364A1268815434480068401C33497A
:106F10000860324800680928F1DB00BF10BD10B5D9
:106F200004460BE000BF80212648FBF78FFC0028B9
:106F3000F9D021782348FBF7D9FB641C207800287E
:106F4000F0D110BD10B526A0FFF7E9FF4FF47A701D
:106F5000FBF73EFD28A0FFF7E2FF4FF47A70FBF746
:106F600037FD29A0FFF7DBFF4FF47A70FBF730FD08
:106F700028A0FFF7D4FF10BD1CB57220FBF77FFEE1
:106F80004FF4FA70FBF767FD31208DF800003220D6
:106F90008DF8010033208DF802002B208DF80300BE
:106FA00033208DF8040032208DF8050031208DF853
:106FB000060007216846FBF770FE1CBD0008024072
:106FC000000C024000500040E8000020E5000020D6
:106FD000E400002082040020E6000020EC000020F5
:106FE00041542B4E414D453D53544D33325F4D611D
:106FF000737465720D0A000041542B505357443D81
:10700000313233340D0A000041542B524F4C453D70
:10701000310D0A0041542B42494E443D39383A441F
:10702000413A32303A30373A36443A46350D0A0062
:1070300008B501209FEDFE0A4FF496730022114619
:1070400000906FF01D00FDF7A4F8F2EE0A1A9FED14
:10705000F91AC8234FF47A72DFEDF70A1946104681
:107060009FEDF50AFDF728FEB4210846DFEDF30A8F
:107070009FEDF30AFCF72DFD9FEDEF0AF14880ED3F
:10708000050A00209FEDEC0A40F214530246014627
:107090000090FDF77EF84FF4FA70FBF7DCFCC82196
:1070A0000846DFEDE90A9FEDE60AFCF712FD96219E
:1070B0000846DFEDE10A9FEDE50AFCF728FD04F044
:1070C000ACFC08BD10B52DED028B82B019E042F288
:1070D0001071392004F090FC022004F0E8F99621A8
:1070E000B420DB4AD2ED000ADA4A92ED000AFDF73D
:1070F000E8F9C820FBF7AFFCD748007A342800D065
:1071000000E0E4E700BF04209FEDC90A4FF47A7362
:107110000022114600901046FDF73BF842F2107134
:10712000392004F069FC022004F0C1F9CA48007A51
:10713000342808D132214620DFEDBF0A9FEDBE0A78
:10714000FDF7BFF909E09621B420C14AD2ED000A4B
:10715000C04A92ED000AFDF7B4F9FDF739FDF2EEF1
:107160000A1A9FEDB41AC8234FF47A72DFEDB20AFF
:10717000194610469FEDB00AFDF79EFDF2EE0A1A81
:107180009FEDAC1AC8234FF47A72F3EE0E0A19463B
:1071900010469FEDA90AFDF78FFDFDF721FDAF49D0
:1071A000C86802F0FBFBDFEDAE0A9FEDAE0AFDF70B
:1071B000F1FCF0224FF4FA610020FCF7EFFDB0EE95
:1071C000408AF0EE608A51EC180B06F01FF9044675
:1071D000FBF741FC0220FDF723FDF0224FF4FA619A
:1071E0000020FCF7DBFDB0EE408AF0EE608A51EC47
:1071F000180B06F00BF90446FBF72DFCF2EE0A1A09
:107200009FED8C1AC8234FF47A72F3EE0E0A1946DA
:1072100010469FED890AFDF74FFDFDF7E1FC8F4910
:10722000086902F0BBFB0320FDF7FAFCF0224FF4E3
:10723000FA610020FCF7B2FDB0EE408AF0EE608A01
:1072400051EC180B06F0E2F80446FBF704FCF2EEF2
:107250000A1A9FED781AC8234FF47A72F3EE0E0AD9
:10726000194610469FED740AFDF726FDFDF7B8FCA0
:107270007A49486902F092FB0120FDF7D1FC02B087
:10728000BDEC028B10BD38B5044601209FED760A97
:107290004FF496730022114600906FF01D00FCF72A
:1072A00078FF03209FED700A4FF4FA730022114615
:1072B00000901046FCF76DFFB4210846DFED6B0A25
:1072C0009FED5F0AFCF705FC6420FBF7C4FB9FED14
:1072D0005A0A5C4880ED050A00209FED550A4FF4DC
:1072E0007A73024601460090FCF753FF9621B420C2
:1072F000DFED5F0A9FED500AFCF7EBFB4FF4FA71EC
:107300005C48FAF722FD38BD30B52DED028B81B017
:107310000446F2EE0A1A9FED581AC8234FF47A7207
:10732000DFED450A194610469FED540AFDF7C4FCEF
:1073300016E042F21071372004F05EFB022003F0E9
:1073400070FD9621B420424AD2ED000A414A92EDE6
:10735000000AFDF7B6F84048007A342800D000E073
:10736000E7E700BF04209FED400A4FF47A73002244
:10737000114600901046FCF70CFF4FF4FA70FBF733
:107380006AFB42F21071382004F036FB022003F051
:10739000B9FE3148007A342808D132214620DFED89
:1073A000260A9FED250AFDF78CF809E0642182206A
:1073B000274AD2ED000A274A92ED000AFDF781F82C
:1073C000FDF706FCF2EE0A1A9FED1A1AC8234FF4D5
:1073D0007A72F3EE040A194610469FED170AFDF77C
:1073E0006BFCF2EE0A1A9FED131AC8234FF47A725F
:1073F000DFED230A194610469FED0F0AFDF75CFCEE
:10740000FDF7EEFB04EB4401144A52F8210002F0B0
:10741000A5F9DFED1C0A9FED1C0AFDF7E9FBF02240
:107420004FF4FA611420FCF7B9FCB0EE408A2DE06D
:107430000000B44200008C4200000000008059446B
:1074400000000C430C0200200080E34400002AC32B
:107450007401002070010020990100200C0500201B
:107460000000484300003442000034C300004D4493
:1074700000404444000400400000774300008CC2F8
:1074800000000C420000964300000F43F0EE608ABB
:1074900051EC180B05F0BAFF0546FBF7DCFAF2EEEB
:1074A0000A1A1FED1C1AC8234FF47A72F3EE040A6D
:1074B000194610461FED200AFDF7FEFBF2EE0A1AF0
:1074C0001FED241AC8234FF47A725FED130A194690
:1074D00010461FED270AFDF7EFFBFDF781FB04EBDC
:1074E0004401491CFE4A52F8210002F037F95FEDD1
:1074F0001B0A9FEDFC0AFDF77BFBF0224FF4FA61BB
:107500001420FCF74BFCB0EE408AF0EE608A51ECA0
:10751000180B05F07BFF0546FBF79DFAF2EE0A1A01
:107520001FED3C1AC8234FF47A72F3EE040A194691
:1075300010461FED3F0AFDF7BFFBF2EE0A1A1FEDE2
:10754000431AC8234FF47A725FED330A1946104686
:107550001FED470AFDF7B0FBFDF742FB04EB4401CA
:10756000891CDF4A52F8210002F0F8F80120FDF7EB
:1075700057FBFDF72DFBF0224FF4FA614620FCF794
:107580000DFCB0EE408AF0EE608A51EC180B05F06D
:107590003DFF0546FBF75FFA0120FDF741FBFDF7D4
:1075A00017FB04EB4401CE4A52F8210002F0E5F942
:1075B0005FED4C0A1FED4C0AFDF71AFB04EB44018A
:1075C000491CC74A52F8210002F0D7F95FED530A6F
:1075D0009FEDC40AFDF70CFB04EB4401891CC04A73
:1075E00052F8210002F0C9F90120FDF719FBF2EE73
:1075F0000A1A1FED5F1AC8234FF47A725FED720A00
:10760000194610461FED630AFDF756FB01B0BDECAD
:10761000028B30BD08B501201FED790A4FF4C87305
:107620000022114600906FF01D00FCF7B2FDC8204B
:10763000FBF711FAC8219620DFEDAB0A1FED820A95
:10764000FCF747FA1FED840AA84880ED050A0020E0
:107650001FED890A4FF47A73024601460090FCF749
:1076600098FD03201FED8E0A4FF47A730022114615
:1076700000901046FCF78DFDC8210846DFED9C0AFE
:107680001FED930AFCF725FA1FED950A974880ED48
:10769000050A00201FED8C0A4FF47A73024601465A
:1076A0000090FCF776FD4FF4FA719248FAF74DFB23
:1076B00003201FED930A4FF47A73002211460090C5
:1076C0001046FCF766FD08BD10B522E004E0FBF7AC
:1076D0000AFB012800D100E0F9E700BF03F04BFEF0
:1076E00050216420844AD2ED000A844A92ED000AB7
:1076F000FCF7E7FE43F69821322004F07DF980483C
:10770000007A342800D005E043F69821612004F087
:1077100073F9DBE700BFF2EE041A9FED7A1AC82373
:107720004FF47A725FEDBC0A194610469FED760A57
:10773000FDF7C2FA44F62061342004F05DF9704888
:1077400000783038714908606D48407830384860BA
:107750006B48807830388860086802F025FAF2EECD
:107760000A1A1FEDCC1AC8234FF47A725FEDCE0AC5
:10777000194610461FEDD00AFDF79EFA5FEDBF0ACD
:107780009FED630AFDF734FA6049486802F084FB14
:1077900047F23051622004F02FF908E05848007891
:1077A000392804D156484078382800D100E0F5E760
:1077B00000BF30205249087048705449486802F0B0
:1077C00017FC0320FDF72CFA5049886802F064FB8F
:1077D00047F23051632004F00FF908E04848007880
:1077E000392804D146484078382800D100E0F5E730
:1077F00000BF30204249087048704449886802F050
:10780000F7FB00213B48FAF7A0FA5FEDEB0A1FED0A
:10781000EB0AFDF7BFF9F2EE0A1A1FEDE91AC823C9
:107820004FF47A725FEDFC0A194610461FEDED0A1F
:10783000FDF742FA0120FDF7F3F910BD08B501206C
:107840009FED340A4FF496730022114600906FF0BA
:107850001D00FCF79EFC6420FBF7FDF8B4210846F0
:10786000DFED2D0A9FED2D0AFCF733F99FED2C0A71
:107870001E4880ED050A00209FED290A4FF47A7317
:10788000024601460090FCF784FCB4210846DFED77
:10789000250A9FED220AFCF71CF9F2EE0A1A9FED69
:1078A000221AC8234FF47A72DFED1D0A19461046DA
:1078B0009FED150AFDF722FC01209FED190A4FF4F8
:1078C00096730022114600901E20FCF762FC4FF4D4
:1078D000FA710848FAF739FAFBF705FA612025E052
:1078E0000C050020000081430000C8430C0200206A
:1078F0000080D4C400040040740100207001002006
:1079000099010020000074430000AA4224050020D1
:10791000000010430000B4420080594400000C43B2
:10792000000000000000B94300007743FBF7A7F90F
:107930006420FBF790F808BD10B52DED028B82B0E6
:1079400016E043F69821372004F056F8022003F0A1
:1079500068FA9621B420F84AD2ED000AF74A92ED6F
:10796000000AFCF7AEFDF648007A342800D000E0AB
:10797000E7E700BF42F21071642004F03DF8F048E0
:10798000C079303800EE100AB8EEC00AEC48007A30
:10799000303800EE900AF8EEE00A9FEDEA1A00EEA9
:1079A000810AE94880ED000A90ED000AB5EEC00AB0
:1079B000F1EE10FA02DD90ED000A04E0E24890EDED
:1079C000000AB1EE400AF0EE000AB4EEE00AF1EE71
:1079D00010FA04DBB0EE000ADB4880ED000AD8485C
:1079E0008079303830B9D84890ED000AB1EE400ABD
:1079F00080ED000A04200090D348D0ED000A1FED6E
:107A00003B1A71EE600AB0EE600A4FF47A730022FE
:107A100011461046FCF7BDFB42F21071382003F00E
:107A2000EBFF022003F06EFBC548007A342808D132
:107A3000322146205FED460A1FED470AFCF741FD63
:107A400009E064218220BC4AD2ED000ABB4A92EDD3
:107A5000000AFCF736FDFDF7BBF8F2EE0A1A9FEDBF
:107A6000BB1AC8234FF47A725FED530A19461046C9
:107A70001FED550AFDF720F9F2EE0A1A9FEDB31A31
:107A8000C8234FF47A72DFEDB20A194610461FED93
:107A90005C0AFDF711F9FDF7A3F8AE49086801F09B
:107AA0005DFEDFEDAD0A9FEDAD0AFDF7A1F8F02216
:107AB0004FF4FA610020FCF771F9B0EE408AF0EE65
:107AC000608A51EC180B05F0A1FC0446FAF7C3FFDD
:107AD000F2EE0A1A9FED9D1AC8234FF47A725FEDF9
:107AE000700A194610461FED720AFDF7E5F8F2EE2E
:107AF0000A1A9FED961AC8234FF47A72DFED940AA2
:107B0000194610461FED7A0AFDF7D6F8FDF768F81A
:107B10009049486801F022FEDFED8F0A1FED8F0AC1
:107B2000FDF766F8F0224FF4FA610020FCF736F911
:107B3000B0EE408AF0EE608A51EC180B05F066FC5E
:107B40000446FAF788FFF2EE0A1A9FED801AC8235E
:107B50004FF47A725FED8E0A194610461FED900AB7
:107B6000FDF7AAF8F2EE0A1A9FED781AC8234FF42F
:107B70007A72DFED770A194610461FED970AFDF776
:107B80009BF8FDF72DF87349886801F0E7FD0120A7
:107B9000FDF746F8FDF71CF8F0224FF4FA610020DB
:107BA000FCF7FCF8B0EE408AF0EE608A51EC180B5E
:107BB00005F02CFC0446FAF74EFFF2EE0A1A1FED10
:107BC000A61AC8234FF47A725FEDAB0A1946104625
:107BD000BBEE0E0AFDF770F802B0BDEC028B10BDD3
:107BE00010B522E004E0FBF77EF8012800D100E0A8
:107BF000F9E700BF03F0BFFB502164204E4AD2EDED
:107C0000000A4E4A92ED000AFCF75BFC43F698210D
:107C1000322003F0F1FE4A48007A342800D005E013
:107C200043F69821322003F0E7FEDBE700BF44F67D
:107C30002061332003F0E0FE4148007830384849A5
:107C400008603F484078303848603D488078303898
:107C50008860086801F0A8FFF2EE081A9FED3B1A51
:107C6000C8234FF47A725FEDD20A194610461FED11
:107C7000D40AFDF721F8DFED380A1FEDDB0AFCF727
:107C8000B7FF3749486802F007F947F2305135200D
:107C900003F0B2FE08E02A480078392804D12848C9
:107CA0004078382800D100E0F5E700BF30202449B3
:107CB000087048702A49486802F09AF90320FCF7D6
:107CC000AFFF2749886802F0E7F847F230513620C5
:107CD00003F092FE08E01A480078392804D11848C9
:107CE0004078382800D100E0F5E700BF3020144983
:107CF000087048701A49886802F07AF9002119481A
:107D0000FAF723F8DFED180A9FED180AFCF742FF97
:107D1000F2EE0A1A1FEDFC1AC8234FF47A72DFED57
:107D2000140A194610469FED130AFCF7C5FF0120FF
:107D3000FCF776FF10BD00007401002070010020E8
:107D400099010020CDCCCC3D8C01002000008C425C
:107D500000000C420C0500200000964300000F4379
:107D60002405002000040040000048430000344285
:107D70000000000000008CC21FB5FAF7B4FF3120EC
:107D8000FAF77DFF962108465FED070A9FEDFE0A90
:107D9000FBF7BDFEC8219620DFEDFC0A1FED0C0AA3
:107DA000FBF797FE29E0FAF79EFF012825D1F84856
:107DB0008079A0F13001F6484079A0F13002F44812
:107DC0000079A0F13003F24880783038CDE90132F3
:107DD00003910090EE484078A0F13003EC48007821
:107DE000A0F13002EBA1F14803F08AFEEF48FDF765
:107DF000ECFCFF20FDF7FFFC00E0D4E700BFE44807
:107E000000783038EA490860E14840783038486006
:107E1000DF48807830388860DD4800793038C860C5
:107E2000DB48407930380861D9488079303848617A
:107E30005FED370A9FEDDF0AFCF7ACFEF2EE0A1A9F
:107E40009FEDDD1AC8234FF47A725FED370A1946A9
:107E500010461FED380AFCF72FFFC821D748F9F765
:107E600074FFC8219620DFEDD60A1FED3F0AFBF70D
:107E700030FE642108465FED420ABAEE040AFBF7C1
:107E800046FEFAF730FF3220FAF7F9FEF2EE0A1A50
:107E90009FEDC91AC8234FF47A725FED4B0A194659
:107EA00010469FEDC80AFCF707FF1FBD10B50EE096
:107EB000FDF72DFC4FF4FA70FAF7CDFDB4480078C9
:107EC000392804D1B2484078382800D100E0EFE7E3
:107ED00000BF09E0FDF71BFC3220FAF7BCFDBAA297
:107EE00001210C20FEF7ADFDFDF77CFB0128F1D050
:107EF0001FED610AB54880ED050AFEF7B2FB10BD23
:107F000010B502F0B9FEFFF7D1FFFFF735FFFFF71D
:107F100067FEFFF77FFB0020FFF7F6F90020FFF771
:107F2000B2F9FFF709FDFFF789FCFFF7CDFBFFF77B
:107F300071FB0120FFF7E8F90120FFF7A4F9FFF733
:107F4000C1F8FFF775F810BD10B50021052001F04C
:107F50009EFA03F062FD10BD10B504462CB9FAF785
:107F6000C2FE3220FAF78BFE06E0012C04D1FAF7AC
:107F7000BAFE6120FAF783FE24E004E0FAF7B3FECC
:107F8000012800D100E0F9E700BF03F0F4F9502127
:107F900064208F4AD2ED000A8E4A92ED000AFCF767
:107FA00090FA7B48007A342800D00CE02CB9FAF71C
:107FB0009AFE3220FAF763FE04E0FAF794FE61209D
:107FC000FAF75DFED9E700BF02F084F92CB943F659
:107FD0009821332003F010FD06E0012C04D143F674
:107FE0009821342003F008FD6948007830387A4938
:107FF0000860674840783038486065488078303895
:108000008860086802F0CCF95FEDAD0A9FED730A55
:10801000FCF7EEFD7049486802F00FFB2CB943F6FF
:108020009821352003F0E8FC06E0012C04D143F64A
:108030009821622003F0E0FC08E0554800783928D8
:1080400004D153484078382800D100E0F5E700BF5C
:1080500030204F49087048705F49486802F09BFB28
:108060000320FCF7DDFD5C49886802F0E6FA2CB9D4
:1080700043F69821362003F0BFFC06E0012C04D122
:1080800043F69821632003F0B7FC08E040480078ED
:10809000392804D13E484078382800D100E0F5E77F
:1080A00000BF30203A49087048704B49886802F098
:1080B00072FB00214148F9F748FE5FEDD50A1FED3C
:1080C000D50AFCF767FDF2EE0A1A9FED3B1AC823AA
:1080D0004FF47A725FEDDA0A194610461FEDDB0A9B
:1080E000FCF7EAFD0120FCF79BFD10BD10B504462E
:1080F0000421032001F0CBF94FF4FA712F48F9F76E
:1081000024FE6420FAF7A7FC10BD30B52DED028BDC
:1081100081B00446F2EE0A1A9FED271AC8234FF4E5
:108120007A725FEDED0A194610461FEDEE0AFCF774
:10813000C3FD16E042F21071372003F05DFC02200F
:1081400002F06FFE9621B420214AD2ED000A214AA6
:1081500092ED000AFCF7B5F90D48007A342800D0FA
:1081600000E0E7E700BF04209FED1D0A4FF47A739B
:108170000022114600901046FCF70BF84FF4FA70FD
:10818000FAF769FC2EE0000000001643006081C48D
:108190009901002074302E7478743D222564256482
:1081A00025642B2564256425642022009804002082
:1081B0000C0500200000204200007743000400402E
:1081C000000061C40000AA424F4B00000C020020D6
:1081D00074010020700100202405002000001043DD
:1081E0000000B44242F21071382003F005FC022076
:1081F00002F088FFF748007A342808D1322146205F
:10820000DFEDF50A9FEDF40AFCF75BF909E0642164
:108210008220F24AD2ED000AF14A92ED000AFCF700
:1082200050F9FCF7D5FCF2EE0A1A9FEDEE1AC823BE
:108230004FF47A72F3EE040A194610469FEDE60AEF
:10824000FCF73AFDF2EE0A1A9FEDE61AC8234FF446
:108250007A72DFEDE50A194610469FEDDF0AFCF75A
:108260002BFDFCF7BDFC04EB4401E04A52F8210071
:1082700001F074FADFEDDE0A9FEDDE0AFCF7B8FCD0
:10828000F0224FF4FA611420FBF788FDB0EE408A2B
:10829000F0EE608A51EC180B05F0B8F80546FAF7D5
:1082A000DAFBF2EE0A1A9FEDCF1AC8234FF47A7266
:1082B000F3EE040A194610469FEDC70AFCF7FCFCD2
:1082C000F2EE0A1A9FEDC71AC8234FF47A72DFED57
:1082D000C60A194610469FEDC00AFCF7EDFCFCF7F4
:1082E0007FFC04EB4401491CC04A52F8210001F014
:1082F00035FADFEDBF0A9FEDC00AFCF779FCF022EA
:108300004FF4FA611420FBF749FDB0EE408AF0EE1D
:10831000608A51EC180B05F079F80546FAF79BFBDB
:10832000F2EE0A1A9FEDAF1AC8234FF47A72F3EEF9
:10833000040A194610469FEDA80AFCF7BDFCF2EEB0
:108340000A1A9FEDA81AC8234FF47A72DFEDA60A25
:10835000194610469FEDA00AFCF7AEFCFCF740FC66
:1083600004EB4401891CA14A52F8210001F0F6F9FE
:108370000120FCF755FCFCF72BFCF0224FF4FA61CE
:108380004620FBF70BFDB0EE408AF0EE608A51EC20
:10839000180B05F03BF80546FAF75DFB0120FCF7EA
:1083A0003FFCFCF715FC04EB4401904A52F8210015
:1083B00001F0E3FADFED8E0A9FED8E0AFCF718FC60
:1083C00004EB4401491C894A52F8210001F0D5FA16
:1083D000DFED870A9FED880AFCF70AFC04EB4401F5
:1083E000891C824A52F8210001F0C7FA0120FCF7EB
:1083F00017FCF2EE0A1A1FED901AC8234FF47A7296
:10840000DFED750A194610469FED7C0AFCF754FC17
:1084100001B0BDEC028B30BD38B5044601209FEDA4
:10842000780A4FF496730022114600906FF01D00F9
:10843000FBF7AFFE03209FED720A4FF4FA730022A0
:10844000114600901046FBF7A4FEB4210846DFED6C
:108450006D0A9FED6D0AFBF73CFB6420FAF7FBFA0F
:108460009FED5D0A694880ED050A00201FEDA40A12
:108470004FF47A73024601460090FBF78AFE96217C
:10848000B420DFED630A9FED540AFBF722FB4FF4A3
:1084900096716048F9F759FC38BD08B519E042F209
:1084A0001071682003F0A8FA022003F03DF996212C
:1084B000B4204A4AD2ED000A494A92ED000AFCF77C
:1084C00000F8C820FAF7C7FA4248007A342800D0EA
:1084D00000E0E4E700BF04209FED490A4FF47A73FF
:1084E0000022114600901046FBF753FE42F2107135
:1084F000682003F081FA022003F016F93548007A6B
:10850000342808D132214620DFED330A9FED320AAC
:10851000FBF7D7FF09E09621B420304AD2ED000ADC
:108520002F4A92ED000AFBF7CCFF44F62061692048
:1085300003F062FA27480078303837490860254848
:10854000407830384860234880783038886001208F
:10855000FCF766FBFCF73CFB2F49086801F00DFABD
:108560000220FCF75DFB2C49486801F006FA032065
:10857000FCF756FB2849886801F0FFF90120FCF759
:108580004FFBF2EE0A1A1FEDF41AC8234FF47A7269
:10859000DFED110A194610469FED180AFCF78CFB17
:1085A00008BD10B596210846DFED0B0A9FED1B0AAA
:1085B000FBF7ADFA0521042000F069FF10BD1FB5DF
:1085C000FAF791FB3120FAF75AFB0121002000F065
:1085D0005EFF50E0990100200000000074010020BF
:1085E0007001002000008C4200000C420C050020AD
:1085F0000000964300000F430000814300008CC23E
:10860000000034C300004D4400000C430C02002065
:108610000040444400040040240500200000704253
:10862000FAF761FB012826D1FD488079A0F13001DD
:10863000FB484079A0F13002F9480079A0F13003FD
:10864000F74880783038CDE9013203910090F44842
:108650004078A0F13003F2480078A0F13002AFF288
:10866000CC41F04803F04CFAEE48FDF7AEF8FF209D
:10867000FDF7C1F800E0D3E700BFE94800783038E3
:10868000E9490860E648407830384860E448807836
:1086900030388860E24800793038C860E048407976
:1086A00030380861DE488079303848615FED300A43
:1086B0009FEDDE0AFCF76EFAF2EE0A1A9FEDDC1A65
:1086C000C8234FF47A725FED3C0A194610461FED3D
:1086D000350AFCF7F1FA0521012000F0D8FEC82187
:1086E000D448F9F732FB1FBD10B502F0C5FAFFF709
:1086F000DDFBFFF764FFFFF7D0FE0020FFF78CFEE5
:108700000020FFF702FD0020FFF7F0FC0020FFF73C
:1087100023FCFFF746FFFFF7C0FE0120FFF77CFEBA
:108720000120FFF7F2FC0120FFF7E0FC0120FFF73A
:1087300013FCFFF709FC10BD10B50AE0FCF7E7FFDA
:108740003220FAF788F9AFF2805201210C20FEF7AF
:1087500078F9FCF747FF0128F0D01FED610AB64811
:1087600080ED050AFDF77DFF10BD1FB5FAF7BBFAD6
:108770003120FAF784FA2AE0FAF7B5FA012826D16F
:10878000A7488079A0F13001A5484079A0F13002D6
:10879000A3480079A0F13003A14880783038CDE9B2
:1087A0000132039100909E484078A0F130039C482C
:1087B0000078A0F13002AFF224619A4803F0A0F9EA
:1087C0009848FDF702F8FF20FDF715F800E0D3E721
:1087D00000BF93480078303893490860904840784B
:1087E000303848608E488078303888608C4800790E
:1087F0003038C8608A4840793038086188488079C4
:10880000303848615FED860A9FED880AFCF7C2F9AF
:10881000C8218848F9F799FA1FBD10B5FFF764FF22
:1088200002F02AFAFFF742FBFFF79FFFF2EE0A1A67
:108830009FED7F1AC8234FF47A725FED990A1946AB
:1088400010461FED920AFCF737FA0120FFF784FB70
:1088500003F0E3F8FFF770FF01F03CFDF2EE0A1AB7
:108860009FED761AC8234FF47A725FEDA50A194678
:1088700010469FED730AFCF71FFA03F0CEF8FFF7DE
:1088800063FB002010BD10B50AE0FCF740FF32206A
:10889000FAF7E1F8AFF2D06201210C20FEF7D1F82F
:1088A000FCF7A0FE0128F0D01FEDB50A624880ED6C
:1088B000050AFDF7D6FE10BD38B5044619E042F2B0
:1088C0001071392003F098F8022002F0F0FD962193
:1088D000B4205C4AD2ED000A5B4A92ED000AFBF735
:1088E000F0FDC820FAF7B7F84D48007A342800D0D8
:1088F00000E0E4E700BF04201FEDBF0A4FF47A73E5
:108900000022114600901046FBF743FC42F2107122
:10891000392003F071F8022002F0C9FD4048007AC6
:10892000342808D1322146205FEDD50A1FEDD60A42
:10893000FBF7C7FD09E09621B420424AD2ED000AB8
:10894000414A92ED000AFBF7BCFD0120FCF768F9F3
:10895000FCF73EF904EB4401334A52F8210001F0E0
:108960000CF80220FCF75CF904EB4401491C2E4A88
:1089700052F8210001F001F80320FCF751F904EB53
:108980004401891C284A52F8210000F0F6FF01201A
:10899000FCF746F9F2EE0A1A9FED251AC8234FF4A8
:1089A0007A725FEDF30A194610461FEDEC0AFCF7E8
:1089B00083F938BD10B525A11A4803F0A1F819486C
:1089C000FCF703FFFF20FCF716FF10BD10B52DEDDF
:1089D000028B82B002F050F9FFF768FAFFF7C5FE8C
:1089E000F2EE0A1A9FED121AC8234FF47A72DFEDE5
:1089F0001A0A194610469FED190AFCF75DF9F2EEC6
:108A00000A1A9FED0B1AC8234FF47A72DFED120A8F
:108A1000194610469FED110AFCF74EF937E00000A9
:108A200099010020980400200C050020000020423D
:108A300000007743000400400C02002000C0854382
:108A40000000C442740100207001002074302E74B4
:108A500078743D22202022000000000000008CC21B
:108A600042F21071372002F0C7FF022002F0D9F95C
:108A70009621B420FE4AD2ED000AFE4A92ED000A89
:108A8000FBF71FFDFC48007A342800D000E0E7E740
:108A900000BF04201FED100A4FF47A730022114624
:108AA00000901046FBF775FB4FF4FA70F9F7D3FF0F
:108AB00042F21071382002F09FFF022002F022FBE8
:108AC000ED48007A342808D1322146205FED1E0A95
:108AD0001FED1F0AFBF7F5FC09E064218220E44A40
:108AE000D2ED000AE34A92ED000AFBF7EAFCFCF73C
:108AF0006FF8F2EE0A1A9FEDE11AC8234FF47A726A
:108B0000F3EE040A194610461FED2D0AFCF7D4F8BF
:108B1000F2EE0A1A9FEDD91AC8234FF47A72DFEDEC
:108B2000D80A194610461FED340AFCF7C5F8FCF7C1
:108B300057F8D449086800F011FEDFEDD30A9FED25
:108B4000D30AFCF755F8F0224FF4FA611420FBF732
:108B500025F9B0EE408AF0EE608A51EC180B04F073
:108B600055FC0446F9F777FFF2EE0A1A9FEDC31A97
:108B7000C8234FF47A72F3EE040A194610461FED2B
:108B80004A0AFCF799F8F2EE0A1A9FEDBC1AC823BC
:108B90004FF47A72DFEDBA0A194610461FED520AF9
:108BA000FCF78AF8FCF71CF8B649486800F0D6FDD7
:108BB000DFEDB50A9FEDB60AFCF71AF8F0224FF484
:108BC000FA611420FBF7EAF8B0EE408AF0EE608A12
:108BD00051EC180B04F01AFC0446F9F73CFFF2EED6
:108BE0000A1A9FEDA61AC8234FF47A72F3EE040A0C
:108BF000194610461FED680AFCF75EF8F2EE0A1AF5
:108C00009FED9E1AC8234FF47A72DFED9D0A194634
:108C100010461FED6F0AFCF74FF8FBF7E1FF99498B
:108C2000886800F09BFD0120FBF7FAFFFBF7D0FFFF
:108C300002F0F3FE02B0BDEC028B10BD10B502F0E5
:108C40001BF8FFF733F9FFF790FDF2EE0A1A1FED5C
:108C5000881AC8234FF47A725FED810A19461046CC
:108C60001FED820AFCF728F8FAF73DF83220FAF7F0
:108C700006F822E004E0FAF736F8012800D100E017
:108C8000F9E700BF02F077FB50216420784AD2ED6B
:108C9000000A784A92ED000AFBF713FC43F698218C
:108CA000322002F0A9FE7448007A342800D005E092
:108CB00043F69821322002F09FFEDBE700BF44F626
:108CC0002061332002F098FE6B48007830387149FB
:108CD00008606948407830384860674880783038A4
:108CE0008860086800F060FFF2EE081A9FED631AD2
:108CF000C8234FF47A725FEDA80A194610461FED9B
:108D0000AA0AFBF7D9FFDFED600A9FED630AFBF7C4
:108D10006FFF6049486801F0BFF847F230513520D5
:108D200002F06AFE08E054480078392804D152481D
:108D30004078382800D100E0F5E700BF30204E49E8
:108D4000087048705349486801F052F90320FBF756
:108D500067FF5049886801F09FF847F2305136208C
:108D600002F04AFE08E044480078392804D142481D
:108D70004078382800D100E0F5E700BF30203E49B8
:108D8000087048704349886801F032F9002143486F
:108D9000F8F7DBFFDFED420A9FED420AFBF7FAFE30
:108DA000F2EE0A1A1FEDDE1AC8234FF47A725FED55
:108DB000D60A194610461FEDD70AFBF77DFF0120A2
:108DC000FBF72EFF02F029FE10BD10B52DED028B32
:108DD00082B001F051FFFFF769F8FFF7C6FCF2EE31
:108DE0000A1A1FEDED1AC8234FF47A725FEDE60AF6
:108DF000194610461FEDE70AFBF75EFF19E042F245
:108E00001071392002F0F8FD022002F050FB96218B
:108E1000B420174AD2ED000A164A92ED000AFBF779
:108E200050FBC820F9F717FE1348007A342800D009
:108E300000E0E4E700BF04201FEDF90A4FF47A7365
:108E40000022114600901046FBF7A3F942F2107180
:108E5000392002F0D1FD022002F029FB0648007AF9
:108E6000342828D132214620DFED0F0A1EE0000011
:108E700074010020700100209901002000008C4244
:108E800000000C420C0500200000964300000F4338
:108E9000000081432405002000001043000400402E
:108EA0000000484300003442000000001FED020AA9
:108EB000FBF707FB09E09621B4205C4AD2ED000ADB
:108EC0005B4A92ED000AFBF7FCFA02F0A6FDFBF705
:108ED0007FFEF2EE0A1A1FED171AC8234FF47A72BA
:108EE0005FED0F0A194610461FED110AFBF7E4FE6D
:108EF000F2EE0A1A1FED1F1AC8234FF47A72F3EE2E
:108F00000E0A194610461FED180AFBF7D5FEFBF7AF
:108F100067FE4849C86800F041FD5FED1F0A1FED7C
:108F20001F0AFBF737FEF0224FF4FA610020FAF730
:108F300035FFB0EE408AF0EE608A51EC180B04F079
:108F400065FA0446F9F787FD0220FBF769FEF02277
:108F50004FF4FA610020FAF721FFB0EE408AF0EEFC
:108F6000608A51EC180B04F051FA0446F9F773FDCE
:108F7000F2EE0A1A1FED3F1AC8234FF47A72F3EE8D
:108F80000E0A194610461FED380AFBF795FEFBF74F
:108F900027FE2849086900F001FD0320FBF740FE89
:108FA000F0224FF4FA610020FAF7F8FEB0EE408AA2
:108FB000F0EE608A51EC180B04F028FA0446F9F739
:108FC0004AFDF2EE0A1A1FED531AC8234FF47A72C3
:108FD000F3EE0E0A194610461FED4D0AFBF76CFE24
:108FE000FBF7FEFD1349486900F0D8FC0120FBF7B0
:108FF00017FE02F012FD02B0BDEC028B10BD70B581
:1090000004460D4601F038FEFFF73DFC2946204698
:1090100000F03DFA0421032000F039FA0521042074
:1090200000F035FA02F0F9FC70BD00007401002078
:10903000700100200C050020704700BFFEE700BF54
:10904000FEE700BFFEE700BFFEE7704770477047CE
:10905000704700000CB50020019000907648006831
:1090600040F480307449086000BF7348006800F421
:10907000003000900198401C0190009818B90198A8
:10908000B0F5A04FF1D16C48006800F4003010B189
:109090000120009001E0002000900098012846D1B6
:1090A00065484030006840F08050634940310860B6
:1090B0006248006840F44040604908605E480830FB
:1090C00000685D49083108600846006840F40040C7
:1090D00008600846006840F4A05008605848091F1E
:1090E0000860081F006840F08070091F086000BF1A
:1090F0005148006800F000700028F9D040F2057077
:10910000504908604C480830006820F003004A4984
:10911000083108600846006840F00200086000BF9F
:1091200045480830006800F00C000828F8D10CBD54
:1091300010B54548006840F47000434908603E4857
:10914000006840F001003C49086000203A490831BD
:109150000860394800683D490840374908603C4884
:10916000091D0860081F006820F48020091F08609E
:10917000002031490C310860FFF76CFF4FF00060B0
:1091800031498039086010BD70B5002000220223EB
:1091900000240221284D08352D6805F00C0020B16F
:1091A000042806D0082834D107E02A4D2A4E35601D
:1091B00033E02A4D284E35602FE01F4D2D1D2D68C0
:1091C000C5F380541C4D2D1D2D6805F03F0154B191
:1091D000224DB5FBF1F5184E361D3668C6F38816DC
:1091E00005FB06F209E01B4DB5FBF1F5124E361DED
:1091F0003668C6F3881605FB06F20F4D2D1D2D6847
:10920000C5F301456D1C6B00B2FBF3F5124E3560E2
:1092100003E0104D104E356000BF00BF064D08350D
:109220002D68C5F303150E4E705D0B4D2D68C540BE
:10923000094E356070BD00000038024000700040EB
:1092400008544007003C024088ED00E0FFFFF6FEB6
:10925000103000240024F400F000002000127A00F6
:10926000F400002038B505460C468DB9012C0FD10D
:1092700096210846DFEDFA0A9FEDFA0AFAF747FC55
:10928000C8219620DFEDF80A9FEDF50AFAF721FCD8
:10929000012D3DD1052C3BD19FEDF10AF34880ED26
:1092A000050A00209FEDF20A4FF47A730246014648
:1092B0000090FAF76EFF03209FEDED0A4FF47A73EA
:1092C0000022114600901046FAF763FFFA21C820E9
:1092D000DFEDE80A9FEDE20AFAF7FBFB9FEDE00AFB
:1092E000E24880ED050A00209FEDE30A4FF47A730F
:1092F000024601460090FAF74CFF03209FEDDE0A7C
:109300004FF47A730022114600901046FAF741FF9D
:109310009DBB032C31D196210846DFEDD10A9FED8C
:10932000D70AFAF7F4FBC8219620DFEDD50A9FEDA6
:10933000CC0AFAF7CEFB9FEDCA0ACC4880ED050AAD
:1093400000209FEDCB0A4FF47A730246014600904D
:10935000FAF71FFF03209FEDC60A4FF47A7300222D
:10936000114600901046FAF714FFC8210846DFEDB9
:10937000C50A9FEDBB0AFAF7ACFB032D3DD1042CC7
:109380003BD19FEDB70AB94880ED050A00209FED5B
:10939000B40A4FF47A73024601460090FAF7F9FED8
:1093A00003209FEDAF0A4FF47A730022114600901C
:1093B0001046FAF7EEFEC8210846DFEDB30A9FED2E
:1093C000A80AFAF786FB9FEDA60AA84880ED050AD1
:1093D00000209FEDAE0A4FF47A73024601460090DA
:1093E000FAF7D7FE03209FEDA90A4FF47A73002203
:1093F000114600901046FAF7CCFE042D2BD1052C17
:1094000029D1C8219620DFEDA20A9FED950AFAF72F
:1094100060FB9FED930A954880ED050A00209FEDC3
:10942000960A4FF47A73024601460090FAF7B1FEAD
:1094300003209FED910A4FF47A73002211460090A9
:109440001046FAF7A6FEC8219620DFED920A9FED9E
:10945000840AFAF73EFB052D18D1BCB996210846BF
:10946000DFED7F0A9FED8C0AFAF751FB9621084643
:10947000DFED8A0A9FED7A0AFAF72BFB9621084660
:10948000DFED770A9FED860AFAF741FB38BD70B52C
:1094900005460C46ADB9012C02D10020FFF7E2FED3
:1094A000032C03D103210020FFF7DCFE052C2AD179
:1094B00001210020FFF7D6FE05210120FFF7D2FE93
:1094C00021E0032D06D1042C1DD104210320FFF738
:1094D000C9FE18E0042D06D1052C14D10521042065
:1094E000FFF7C0FE0FE0052D05D164B9002105206E
:1094F000FFF7B8FE07E0012D05D1052C03D10521AA
:109500000120FFF7AFFE70BD10B5F2EE0A1A9FED15
:10951000651AF5234FF47A72DFED510AC82110461F
:109520009FED4F0AFBF7C8FB5F4890ED020AB0EED3
:10953000401AF2EE0A1AF5234FF47A72DFED480A68
:10954000C8211046B2EE040AFBF7B6FBC820F9F7B3
:1095500082FA5548D0ED020AB0EE601AD0ED000A4A
:10956000B0EE600AF2EE0A1AF5234FF47A72DFEDDC
:109570003C0AC8211046FBF79FFB4FF49670F9F7A1
:109580006AFA4948D0ED021AB0EE611AD0ED011A1C
:10959000F0EE610AD0ED001AB0EE610AF2EE0A1A9E
:1095A000F5234FF47A72C8211046FBF785FBFBF7D1
:1095B0000FFB10BD10B5F2EE0A1A9FED3A1AF52313
:1095C0004FF47A72DFED260AC82110469FED240A77
:1095D000FBF772FB354890ED020AB0EE401AF2EE4E
:1095E0000A1AF5234FF47A72DFED1D0AC8211046DE
:1095F000B2EE040AFBF760FBC820F9F72CFA2B48FF
:10960000D0ED020AB0EE601AD0ED000AB0EE600AAA
:10961000F2EE0A1AF5234FF47A72DFED110AC8212F
:109620001046FBF749FB4FF49670F9F714FA1F4800
:10963000D0ED021AB0EE611AD0ED011AF0EE610A17
:10964000D0ED001AB0EE610AF2EE0A1AF5234FF4DB
:109650007A72C8211046FBF72FFBFBF7B9FA10BD51
:109660000000000000001643006081C40C020020CE
:109670000000B4420080D4C4000034C3000034436E
:109680000080E8C4000061C40080D4440000B4C27B
:1096900000004844000061440000704200007AC4A9
:1096A000000020C300008C42400100203401002053
:1096B00010B5F2EE0A1A1FED051AF5234FF47A726F
:1096C0005FED190AC82110461FED1B0AFBF7F4FADB
:1096D000FC4890ED020AB0EE401AF2EE0A1AF523A9
:1096E0004FF47A725FED220AC8211046B2EE040AE6
:1096F000FBF7E2FAC820F9F7AEF9F248D0ED020A1A
:10970000B0EE601AD0ED000AB0EE600AF2EE0A1A6E
:10971000F5234FF47A725FED2E0AC8211046FBF74D
:10972000CBFA4FF49670F9F796F9E648D0ED021AA5
:10973000B0EE611AD0ED011AF0EE610AD0ED001A18
:10974000B0EE610AF2EE0A1AF5234FF47A72C821DC
:109750001046FBF7B1FAFBF73BFA10BD10B5044613
:10976000012C02D1FFF7A4FF08E0022C02D1FFF781
:1097700021FF03E0032C01D1FFF7C6FE10BD10B599
:10978000D048D0ED021AB0EE611AD0ED011AF0EE19
:10979000610AD0ED001AB0EE610AF2EE0A1AC8238F
:1097A0004FF47A7219461046FBF786FAFBF718FA5F
:1097B000C448D0ED020AB0EE601AD0ED000AB0EE57
:1097C000600AF2EE0A1AC8234FF47A72F3EE040A22
:1097D00019461046FBF770FAF2EE0A1A1FED4F1AFF
:1097E000C8234FF47A725FED620A19461046B2EE52
:1097F000040AFBF761FAF2EE0A1A1FED561AC823A3
:109800004FF47A72F3EE040A194610461FED6C0A03
:10981000FBF752FAFBF7DCF910BD10B5AA48D0ED02
:10982000021AB0EE611AD0ED011AF0EE610AD0ED25
:10983000001AB0EE610AF2EE0A1AC8234FF47A72E7
:1098400019461046FBF738FAFBF7CAF99E48D0EDE7
:10985000020AB0EE601AD0ED000AB0EE600AF2EE35
:109860000A1AC8234FF47A72F3EE040A1946104616
:10987000FBF722FAF2EE0A1A1FED761AC8234FF40C
:109880007A725FED890A19461046B2EE040AFBF7B8
:1098900013FAF2EE0A1A1FED7D1AC8234FF47A72FA
:1098A000F3EE040A194610461FED930AFBF704FA7B
:1098B000FBF78EF910BD10B58448D0ED020AB0EE6A
:1098C000601AD0ED000AB0EE600AF2EE0A1AC82360
:1098D0004FF47A72DFED7E0A19461046FBF7ECF979
:1098E0007A48D0ED021AB0EE611AD0ED011AF0EE0E
:1098F000610AD0ED001AB0EE610AF2EE0A1AC8232E
:109900004FF47A7219461046FBF7D6F9FBF768F95F
:109910006E48D0ED020AB0EE601AD0ED000AB0EE4B
:10992000600AF2EE0A1AC8234FF47A72F3EE040AC0
:1099300019461046FBF7C0F9F2EE0A1A1FEDA71AF6
:10994000C8234FF47A725FEDBA0A19461046B2EE98
:10995000040AFBF7B1F9F2EE0A1A1FEDAE1AC8239A
:109960004FF47A72F3EE040A194610461FEDC40A4A
:10997000FBF7A2F9FBF72CF910BD10B50446012C3A
:1099800002D1FFF7FCFE08E0022C02D1FFF745FFF1
:1099900003E0032C01D1FFF78EFF10BD70B52DED54
:1099A000028B0446012C45D1C8224FF47A71002065
:1099B000FAF7F4F9B0EE408AF0EE608A51EC180B39
:1099C00003F024FD0546F9F746F84248D0ED020AB7
:1099D000B0EE601AD0ED000AB0EE600AF2EE061AA0
:1099E000C8234FF47A725FEDE20A19461046FBF77E
:1099F00063F93848D0ED021AB0EE611AD0ED011AC1
:109A0000F0EE610AD0ED001AB0EE610AF2EE061A2D
:109A1000C8234FF47A7219461046FBF74DF94FF4FC
:109A2000FA70F9F718F8DFED2C0A9FED2C0AFBF716
:109A3000B1F8B6E0022C57D1C8224FF47A71002059
:109A4000FAF7ACF9B0EE408AF0EE608A51EC180BF0
:109A500003F0DCFC0546F8F7FEFF2148D0ED020AD2
:109A6000B0EE601AD0ED000AB0EE600AF2EE061A0F
:109A7000C8234FF47A72DFED1B0A19461046FBF734
:109A80001BF91748D0ED021AB0EE611AD0ED011A99
:109A9000F0EE610AD0ED001AB0EE610AF2EE061A9D
:109AA000C8234FF47A7219461046FBF705F94FF4B4
:109AB000FA70F8F7D0FFDFED080A9FED080AFBF710
:109AC00069F86EE0280100203401002040010020E8
:109AD0000000C8424C0100200000964300003442C0
:109AE0005801002000000000032C5AD1C8224FF476
:109AF0007A710020FAF752F9B0EE408AF0EE608AEF
:109B000051EC180B03F082FC0546F8F7A4FFF2EEC7
:109B1000061A9FEDFC1AC8234FF47A725FED0F0A04
:109B200019461046B2EE040AFBF7C6F8F648D0ED27
:109B3000020AB0EE601AD0ED000ADFEDF41A70EE02
:109B4000E10AB0EE600AF2EE061AC8234FF47A7208
:109B50005FED1C0A19461046FBF7AEF86420F8F7D3
:109B60007AFFE948D0ED021AB0EE611AD0ED011A81
:109B7000F0EE610AD0ED001AB0EE610AF2EE061ABC
:109B8000C8234FF47A7219461046FBF795F84FF444
:109B9000FA70F8F760FF5FED300A1FED300AFAF750
:109BA000F9FFBDEC028B70BD10B50446012C7AD1D3
:109BB000D748D0ED021AB0EE611AD0ED011AF0EEDE
:109BC000610AD0ED001AB0EE610AF2EE061AC8235F
:109BD0004FF47A7219461046FBF76EF800EE100A41
:109BE000B8EEC00ACB48D0ED000A30EE200A80ED76
:109BF000000A4FF47A70F8F72EFFFAF7F1FFC54824
:109C000090ED000ADFEDC40A30EE200A80ED000A74
:109C1000F2EE061A9FEDC11AC8234FF47A725FED77
:109C20004F0A19461046B2EE040AFBF745F800EE5B
:109C3000100AB8EEC00AB748D0ED000A30EE200A8C
:109C400080ED000A6420F8F706FFF2EE061A9FED99
:109C5000B31AC8234FF47A72F3EE0E0A194610466F
:109C60001FED600AFBF728F800EE100AB8EEC00AF4
:109C7000A848D0ED000A30EE200A80ED000A6420EA
:109C8000F8F7E9FE5FED6C0A1FED6C0AFAF782FF48
:109C9000A04890ED000ADFEDA00A30EE200A80ED2A
:109CA000000AF8E0FFE7022C7AD19D48D0ED021AB5
:109CB000B0EE611AD0ED011AF0EE610AD0ED001A93
:109CC000B0EE610AF2EE061AC8234FF47A72194612
:109CD0001046FAF7F1FF00EE100AB8EEC00A8D4800
:109CE000D0ED000A30EE200A80ED000A4FF47A70C1
:109CF000F8F7B1FEFAF774FF864890ED000ADFED41
:109D0000860A30EE200A80ED000AF2EE061A9FED78
:109D1000831AC8234FF47A725FED8E0A19461046F3
:109D2000B2EE040AFAF7C8FF00EE100AB8EEC00A55
:109D30007848D0ED000A30EE200A80ED000A642059
:109D4000F8F789FEF2EE061A9FED741AC8234FF455
:109D50007A72F3EE0E0A194610461FED9E0AFAF7C4
:109D6000ABFF00EE100AB8EEC00A6A48D0ED000A58
:109D700030EE200A80ED000A6420F8F76CFE5FEDFB
:109D8000AA0A1FEDAA0AFAF705FF624890ED000A39
:109D9000DFED610A30EE200A80ED000A7BE0FFE78C
:109DA000032C78D15F48D0ED021AB0EE611AD0EDE5
:109DB000011AF0EE610AD0ED001AB0EE610AF2EE7F
:109DC000061AC8234FF47A7219461046FAF774FF40
:109DD00000EE100AB8EEC00A4E48D0ED000A30EE90
:109DE000200A80ED000A4FF47A70F8F734FEFAF793
:109DF000F7FE484890ED000ADFED470A30EE200AF2
:109E000080ED000AF2EE061A9FED441AC8234FF4C3
:109E10007A725FEDCC0A19461046B2EE040AFAF7E0
:109E20004BFF00EE100AB8EEC00A3A48D0ED000A27
:109E300030EE200A80ED000A6420F8F70CFEF2EE06
:109E4000061A9FED361AC8234FF47A72F3EE0E0A03
:109E5000194610461FEDDD0AFAF72EFF00EE100A34
:109E6000B8EEC00A2B48D0ED000A30EE200A80ED93
:109E7000000A6420F8F7EFFD5FEDE90A1FEDE90A3B
:109E8000FAF788FE234890ED000ADFED230A30EE52
:109E9000200A80ED000A10BD10B50446012C45D102
:109EA0005FEDF30A9FED200AFAF774FE194890ED72
:109EB000000ADFED190A30EE200A80ED000A14488E
:109EC000D0ED021AB0EE611AD0ED011AF0EE610A7F
:109ED000D0ED001AB0EE610AF2EE061AC8234FF474
:109EE0007A7219461046FAF7E7FE00EE100AB8EE4D
:109EF000C00A0848D0ED000A30EE200A80ED000AC2
:109F000075E0000000001843640100200000F042EA
:109F100004010020840100200000AF4300008C42B7
:109F2000100100201C01002000002042022C2ED134
:109F3000DFEDFE0A1FED040AFAF72CFEFC4890ED57
:109F4000000A5FED0B0A30EE200A80ED000AF948A6
:109F500090ED020AB0EE401A90ED010AF0EE400AD0
:109F6000F2EE061AC8234FF47A72194610469FED96
:109F7000F20AFAF7A1FE00EE100AB8EEC00AEC48A9
:109F8000D0ED000A30EE200A80ED000A2FE0032C0D
:109F90002DD1DFEDE60A1FED1C0AFAF7FBFDE448C0
:109FA00090ED000A5FED240A30EE200A80ED000AF1
:109FB000E24890ED020AB0EE401A90ED010AF0EE90
:109FC000400AF2EE061AC8234FF47A721946104678
:109FD0009FEDD90AFAF770FE00EE100AB8EEC00A3B
:109FE000D348D0ED000A30EE200A80ED000A10BD03
:109FF00010B50446012C78D1D148D0ED021AB0EE4C
:10A00000611AD0ED011AF0EE610AD0ED001AB0EE3F
:10A01000610AF2EE061AC8234FF47A721946104606
:10A02000FAF74AFE00EE100AB8EEC00AC048D0EDBA
:10A03000000A30EE200A80ED000A4FF47A70F8F73B
:10A040000AFDDFEDBA0A9FEDBF0AFAF7A3FDB84893
:10A0500090ED000A5FED500A30EE200A80ED000A14
:10A06000F2EE061A1FED531AC8234FF47A72DFED91
:10A07000B20A194610469FEDB00AFAF71DFE00EE2F
:10A08000100AB8EEC00AAA48D0ED000A30EE200A45
:10A0900080ED000AF2EE061A1FED601AC8234FF495
:10A0A0007A72F3EE0E0A194610469FEDA30AFAF7EC
:10A0B00003FE00EE100AB8EEC00A9D48D0ED000A7B
:10A0C00030EE200A80ED000ADFED980A9FED9E0A2F
:10A0D000FAF760FD964890ED000A5FED710A30EEE8
:10A0E000200A80ED000AF4E0FFE7022C78D19148C5
:10A0F000D0ED021AB0EE611AD0ED011AF0EE610A4D
:10A10000D0ED001AB0EE610AF2EE061AC8234FF441
:10A110007A7219461046FAF7CFFD00EE100AB8EE33
:10A12000C00A8348D0ED000A30EE200A80ED000A14
:10A130004FF47A70F8F78FFCDFED7C0AB6EE000A78
:10A14000FAF728FD7A4890ED000A5FED8D0A30EEAF
:10A15000200A80ED000AF2EE061A1FED901AC823BD
:10A160004FF47A72DFED740A194610469FED720AB9
:10A17000FAF7A2FD00EE100AB8EEC00A6C48D0ED66
:10A18000000A30EE200A80ED000AF2EE061A1FEDFA
:10A190009D1AC8234FF47A72F3EE0E0A1946104640
:10A1A0009FED650AFAF788FD00EE100AB8EEC00AC6
:10A1B0005F48D0ED000A30EE200A80ED000ADFEDA6
:10A1C0005B0A9FED610AFAF7E5FC594890ED000A39
:10A1D0005FEDAF0A30EE200A80ED000A79E0FFE77C
:10A1E000032C76D15548D0ED021AB0EE611AD0EDAD
:10A1F000011AF0EE610AD0ED001AB0EE610AF2EE3B
:10A20000061AC8234FF47A7219461046FAF754FD1D
:10A2100000EE100AB8EEC00A4548D0ED000A30EE54
:10A22000200A80ED000A4FF47A70F8F714FCDFED95
:10A230003F0AB6EE000AFAF7ADFC3D4890ED000A81
:10A240005FEDCB0A30EE200A80ED000AF2EE061A2E
:10A250001FEDCE1AC8234FF47A72DFED370A194684
:10A260001046B2EE040AFAF727FD00EE100AB8EE27
:10A27000C00A2F48D0ED000A30EE200A80ED000A17
:10A28000F2EE061A1FEDDB1AC8234FF47A72F3EED2
:10A290000E0A194610469FED280AFAF70DFD00EE4A
:10A2A000100AB8EEC00A2248D0ED000A30EE200AAB
:10A2B00080ED000ADFED1D0A9FED230AFAF76AFC24
:10A2C0001B4890ED000A5FEDEC0A30EE200A80EDAD
:10A2D000000A10BD10B52DED028BFAF779FCF2EEF5
:10A2E0000A1A1FEDF21AC8234FF47A72F3EE040A29
:10A2F000194610469FED100AFAF7DEFCF2EE0A1A34
:10A300001FEDFA1AC8234FF47A72DFED100A1946CE
:10A3100010469FED090AFAF7CFFCFAF761FCC82254
:10A320004FF47A710020F9F739FD11E000009643EF
:10A330008401002010010020000000001C0100200A
:10A3400004010020CDCCCC3D0000344200000C4282
:10A35000B0EE408AF0EE608A51EC180B03F056F82C
:10A360000446F8F778FBF2EE061A9FEDFE1AC823B2
:10A370004FF47A725FED100A194610469FEDFA0A03
:10A38000FAF79AFC00EE100AB8EEC00AF748D0EDD2
:10A39000000A30EE200A80ED000ABDEC028B10BDF1
:10A3A00070B52DED028B0446012C7ED1F04890ED66
:10A3B000020AB0EE401AF2EE061AC8234FF47A727F
:10A3C0005FED230A194610461FED250AFAF774FCC3
:10A3D00000EE100AB8EEC00AE448D0ED000A30EEF4
:10A3E000200A80ED000AE248D0ED020AB0EE601AC1
:10A3F000D0ED000AB0EE600AF2EE061AC8234FF460
:10A400007A725FED330A19461046FAF755FC00EEF2
:10A41000100AB8EEC00AD548D0ED000A30EE200A86
:10A4200080ED000AD248D0ED021AB0EE611AD0EDEC
:10A43000011AF0EE610AD0ED001AB0EE610AF2EEF8
:10A44000061AC8234FF47A7219461046FAF734FCFC
:10A4500000EE100AB8EEC00AC448D0ED000A30EE93
:10A46000200A80ED000A5FED4F0A9FEDC20AFAF75D
:10A4700091FBBE4890ED000ADFEDBF0A30EE200AE6
:10A4800080ED000AC8224FF47A710020F9F786FCAB
:10A49000B0EE408AF0EE608A51EC180B02F0B6FF85
:10A4A0000546F8F7D8FAC5E0FFE7022C60D1B348BB
:10A4B000D0ED020AB0EE601AD0ED000AB0EE600AEC
:10A4C000F2EE061AC8234FF47A725FED650A194658
:10A4D0001046FAF7F1FB00EE100AB8EEC00AA348E6
:10A4E000D0ED000A30EE200A80ED000AA348D0ED3E
:10A4F000021AB0EE611AD0ED011AF0EE610AD0ED49
:10A50000001AB0EE610AF2EE061AC8234FF47A720E
:10A5100019461046FAF7D0FB00EE100AB8EEC00A52
:10A520009248D0ED000A30EE200A80ED000A5FED7F
:10A53000810A9FED900AFAF72DFB8C4890ED000AF6
:10A54000DFED8D0A30EE200A80ED000AC8224FF4BC
:10A550007A710020F9F722FCB0EE408AF0EE608AB2
:10A5600051EC180B02F052FF0546F8F774FA61E05F
:10A57000032C5FD18248D0ED020AB0EE601AD0ED14
:10A58000000AB0EE600AF2EE061AC8234FF47A729F
:10A590005FED970A19461046FAF78EFB00EE100A97
:10A5A000B8EEC00A7148D0ED000A30EE200A80ED06
:10A5B000000A7348D0ED021AB0EE611AD0ED011A0C
:10A5C000F0EE610AD0ED001AB0EE610AF2EE061A62
:10A5D000C8234FF47A7219461046FAF76DFB00EE65
:10A5E000100AB8EEC00A6148D0ED000A30EE200A29
:10A5F00080ED000A5FEDB30A9FED5E0AFAF7CAFA32
:10A600005A4890ED000ADFED5C0A30EE200A80ED3A
:10A61000000AC8224FF47A710020F9F7BFFBB0EEB0
:10A62000408AF0EE608A51EC180B02F0EFFE05460E
:10A63000F8F711FABDEC028B70BD70B52DED028BF1
:10A640000446012C30D1C8224FF47A710020F9F76A
:10A65000A5FBB0EE408AF0EE608A51EC180B02F0D8
:10A66000D5FE0546F8F7F7F94148D0ED020AB0EEFD
:10A67000601AD0ED000AB0EE600AF2EE061AC823A6
:10A680004FF47A725FEDD40A19461046FAF714FBBC
:10A6900000EE100AB8EEC00A3448D0ED000A30EEE1
:10A6A000200A80ED000A73E0022C2ED1C8224FF45C
:10A6B0007A710020F9F772FBB0EE408AF0EE608A02
:10A6C00051EC180B02F0A2FE0546F8F7C4F92B482E
:10A6D00090ED020AB0EE401AF2EE061AC8234FF4CB
:10A6E0007A725FEDEB0A19461046BBEE040AFAF7E0
:10A6F000E3FA00EE100AB8EEC00A1C48D0ED000ADA
:10A7000030EE200A80ED000A42E0032C40D1C8223E
:10A710004FF47A710020F9F741FBB0EE408AF0EE79
:10A72000608A51EC180B02F071FE0546F8F793F9B8
:10A73000134890ED020AB0EE401AF2EE061AC82352
:10A740004FF47A72DFED0F0A19461046BBEE040A89
:10A75000FAF7B2FA00EE100AB8EEC00A0348D0EDDC
:10A76000000A11E0000077430000A04284010020AD
:10A7700004010020000020420000AF43100100202F
:10A780001C0100200000000030EE200A80ED000ACD
:10A79000BDEC028B70BD70B52DED028B0446012C13
:10A7A0007DD1F2EE061A9FEDFE1AC8234FF47A729D
:10A7B0005FED0C0A194610461FED0E0AFAF77CFAF7
:10A7C00000EE100AB8EEC00AF648D0ED000A30EEEE
:10A7D000200A80ED000AF2EE061A9FEDF11AC82356
:10A7E0004FF47A72DFEDF00A194610461FED1B0A8E
:10A7F000FAF762FA00EE100AB8EEC00AE948D0EDA6
:10A80000000A30EE200A80ED000AFAF7E9F9C822C2
:10A810004FF47A710020F9F7C1FAB0EE408AF0EEF9
:10A82000608A51EC180B02F0F1FD0546F8F713F9B8
:10A83000DE4890ED020AB0EE401AF2EE061AC82386
:10A840004FF47A725FED310A194610461FED370A50
:10A85000FAF732FA00EE100AB8EEC00AD148D0ED8D
:10A86000000A30EE200A80ED000AD048D0ED020A3E
:10A87000B0EE601AD0ED000AB0EE600AF2EE061AF1
:10A88000C8234FF47A725FED410A19461046FAF771
:10A8900013FA00EE100AB8EEC00AC24800E047E022
:10A8A000D0ED000A30EE200A80ED000ABF48D0ED5E
:10A8B000021AB0EE611AD0ED011AF0EE610AD0ED85
:10A8C000001AB0EE610AF2EE061AC8234FF47A724B
:10A8D00019461046FAF7F0F900EE100AB8EEC00A71
:10A8E000B048D0ED000A30EE200A80ED000ADFED1E
:10A8F000B00A1FED600AFAF74DF9AA4890ED000A78
:10A900005FED630A30EE200A80ED000AC8224FF4A2
:10A910007A710020F9F742FAB0EE408AF0EE608AD0
:10A9200051EC180B02F072FD0546F8F794F8A0E11F
:10A93000022C7DD1F2EE061A9FED991AC8234FF42E
:10A940007A725FED700A194610461FED720AFAF727
:10A95000B3F900EE100AB8EEC00A9248D0ED000A32
:10A9600030EE200A80ED000AF2EE061A9FED8C1AF6
:10A97000C8234FF47A72DFED8C0A194610461FED9A
:10A980007F0AFAF799F900EE100AB8EEC00A854876
:10A99000D0ED000A30EE200A80ED000AFAF720F927
:10A9A000C8224FF47A710020F9F7F8F9B0EE408A26
:10A9B000F0EE608A51EC180B02F028FD0546F8F71E
:10A9C0004AF87C4890ED020AB0EE401AF2EE061A00
:10A9D000C8234FF47A725FED950A194610461FEDB1
:10A9E0009B0AFAF769F900EE100AB8EEC00A6D4842
:10A9F000D0ED000A30EE200A80ED000A6D48D0ED5F
:10AA0000020AB0EE601AD0ED000AB0EE600AF2EE73
:10AA1000061AC8234FF47A725FEDA60A194610464B
:10AA2000FAF74AF900EE100AB8EEC00A5D4800E0F5
:10AA300047E0D0ED000A30EE200A80ED000A5D48C4
:10AA4000D0ED021AB0EE611AD0ED011AF0EE610AF3
:10AA5000D0ED001AB0EE610AF2EE061AC8234FF4E8
:10AA60007A7219461046FAF727F900EE100AB8EE86
:10AA7000C00A4C48D0ED000A30EE200A80ED000AF2
:10AA8000DFED4B0A1FEDC50AFAF784F8454890ED53
:10AA9000000A5FEDC70A30EE200A80ED000AC822E6
:10AAA0004FF47A710020F9F779F9B0EE408AF0EEB0
:10AAB000608A51EC180B02F0A9FC0546F7F7CBFFB2
:10AAC000D7E0032CFCD1F2EE061A9FED351AC8230D
:10AAD0004FF47A725FEDD50A194610461FEDD70A7A
:10AAE000FAF7EAF800EE100AB8EEC00A2D48D0EDE9
:10AAF000000A30EE200A80ED000AF2EE061A9FED01
:10AB0000281AC8234FF47A72DFED270A1946104637
:10AB10001FEDE40AFAF7D0F800EE100AB8EEC00A0A
:10AB20002048D0ED000A30EE200A80ED000AFAF746
:10AB300057F8C8224FF47A710020F9F72FF9B0EED8
:10AB4000408AF0EE608A51EC180B02F05FFC05467B
:10AB5000F7F781FF184890ED020AB0EE401AF2EEC6
:10AB6000061AC8234FF47A725FEDFA0A19461046A6
:10AB70009FED120AFAF7A0F800EE100AB8EEC00A2C
:10AB80000848D0ED000A30EE200A80ED000A0A489D
:10AB9000D0ED020AB0EE601AD0ED000A10E000001D
:10ABA00000008C428401002000000C4204010020BF
:10ABB00000009643100100201C01002000002042EC
:10ABC000B0EE600AF2EE061AC8234FF47A72DFED97
:10ABD000FD0A19461046FAF76FF800EE100AB8EEB3
:10ABE000C00AF948D0ED000A30EE200A80ED000AD4
:10ABF000F648D0ED021AB0EE611AD0ED011AF0EE6F
:10AC0000610AD0ED001AB0EE610AF2EE061AC8230E
:10AC10004FF47A7219461046FAF74EF800EE100A11
:10AC2000B8EEC00AE848D0ED000A30EE200A80ED08
:10AC3000000A5FED210A1FED1F0AF9F7ABFFE2489A
:10AC400090ED000ADFEDE20A30EE200A80ED000A06
:10AC5000C8224FF47A710020F9F7A0F8B0EE408ACC
:10AC6000F0EE608A51EC180B02F0D0FB0546F7F7C6
:10AC7000F2FEBDEC028B70BD10B5A820F7F746FEC2
:10AC8000F8F73BF9FAF70AFDFBF797FFF7F7B9FE7C
:10AC9000F9F7F4FC4FF41650FCF724F84FF4E130C8
:10ACA000FAF740FDF7F784FFFAF786FCFAF7AAFEF9
:10ACB000F9F74EFAFAF7ACFCFDF77CFE0120C54926
:10ACC00008700021C448F7F740F810BD10B5012105
:10ACD000C248F7F704FB01287ED1C14AC149C248E6
:10ACE000FAF7FCFE0121BD48F7F70AFBBC4890EDDE
:10ACF000020ABDEEC00A10EE102A03230121084605
:10AD0000FBF7DFFE2E2205210120FBF763FEB4488E
:10AD1000D0ED020A90ED020ABDEEC00AB8EEC00AFC
:10AD200030EEC00ADFEDB10A20EE200AB5EEC00A0F
:10AD3000F1EE10FA0EDDD0ED020A90ED020ABDEE42
:10AD4000C00AB8EEC00A30EEC00ADFEDA80A20EE55
:10AD5000200A0EE0A248D0ED020A90ED020ABDEEF4
:10AD6000C00AB8EEC00A30EEC00ADFEDA00A20EE3D
:10AD7000600ABCEEC00A10EE102A0323062101204F
:10AD8000FBF77DFE03239A4890ED000ABDEEC00A52
:10AD900010EE102A01210220FBF793FE2E2205213E
:10ADA0000220FBF717FE9248D0ED000A90ED000A52
:10ADB000BDEEC00AB8EEC00A30EEC00ADFED8B0A65
:10ADC00020EE200AB5EEC00AF1EE10FA10DDD0ED4B
:10ADD000000A90ED000A00E022E0BDEEC00AB8EEE5
:10ADE000C00A30EEC00ADFED810A20EE200A0EE034
:10ADF0007F48D0ED000A90ED000ABDEEC00AB8EE23
:10AE0000C00A30EEC00ADFED790A20EE600ABCEE1F
:10AE1000C00A10EE102A032306210220FBF72FFEA2
:10AE200010BD10B52DED068B044672480078303801
:10AE30004FF47A7110FB01F16E484078303800EB26
:10AE4000C00202EB001001EB80016A4880783038C4
:10AE500000EB800001EB40016648C07830380844C0
:10AE600000EE100AB8EEC00A634880ED000A61489F
:10AE7000007930384FF47A7110FB01F15D48407968
:10AE8000303800EBC00202EB001001EB80015948A2
:10AE90008079303800EB800001EB40015548C079E3
:10AEA0003038084400EE100AB8EEC00A534880ED6E
:10AEB000000A5048007A312804D19FED518ADFED15
:10AEC000518A10E04B48007A322804D19FED4C8A19
:10AED000DFED4C8A07E04748007A332803D19FED25
:10AEE000488ADFED488A9FED480AB0EE408A9FED20
:10AEF000470AF0EE408A404890ED000A30EE480ADA
:10AF000080ED000A3D4890ED000A30EE680A80EDC1
:10AF1000000A3948006802F033FE41EC1A0B9FED3D
:10AF20003C0B53EC102B02F035FB41EC190B01F0FC
:10AF30008BFF394908603148006802F021FE41EC7E
:10AF40001A0B9FED330B53EC102B02F023FB41EC5B
:10AF5000190B01F079FF31490860022C62D12548B4
:10AF6000007A32280ED02348007A31280BD12A48A3
:10AF700090ED000A2A48D0ED000A30EE200A26485B
:10AF800080ED000ABBE01B48007A33280BD1224831
:10AF900090ED000A2248D0ED000A30EE600A1E480B
:10AFA00080ED000AABE01348007A342809D1B0EEF6
:10AFB000080A1A4880ED000AB8EE080A164880ED23
:10AFC000000A9CE000000000840100201C01002019
:10AFD0000000AF435800002000040040000C004077
:10AFE00000020020F4010020E801002000007A4463
:10AFF0008C010020990100207C01002080010020AC
:10B0000000C06E4400C0014400009E430000704335
:10B010008ECEF9298EE3F23F7001002074010020EA
:10B0200078010020012C34D1FE48007A312866D006
:10B03000FC48007A32280BD1FB4890ED000AFB480F
:10B04000D0ED000A30EE600AF74880ED000A56E0C5
:10B05000F448007A33280DD1F34890ED000AF34804
:10B06000D0ED000AB0EE001A01EE600AEE4880ED65
:10B07000000A44E0EB48007A342840D1B0EE080AD8
:10B08000EB4880ED000AB8EE080AE74880ED000AB8
:10B0900035E0032C33D1E348007A33282FD0E14840
:10B0A000007A32280BD1E04890ED000ADF48D0ED5D
:10B0B000000A30EE200ADC4880ED000A1FE0D94883
:10B0C000007A31280DD1D84890ED000AD748D0ED4C
:10B0D000000AB0EE001A01EE200AD34880ED000A03
:10B0E0000DE0D048007A342809D1B0EE080AD048E3
:10B0F00080ED000AB8EE080ACB4880ED000ABDECEE
:10B10000068B10BD10B52DED068B0446C5480078A2
:10B1100030384FF47A7110FB01F1C2484078303872
:10B1200000EBC00202EB001001EB8001BD4880780B
:10B13000303800EB800001EB4001BA48C07830386D
:10B14000084400EE100AB8EEC00ABA4880ED000AC2
:10B15000B448007930384FF47A7110FB01F1B148EE
:10B160004079303800EBC00202EB001001EB8001A7
:10B17000AC488079303800EB800001EB4001A948F1
:10B18000C0793038084400EE100AB8EEC00AAA4868
:10B1900080ED000AA348007A312804D11FED688AA7
:10B1A0005FED688A10E09F48007A322804D11FEDD5
:10B1B0006C8A5FED6C8A07E09A48007A332803D1E5
:10B1C0001FED718A5FED718A9A4890ED000A30EEAA
:10B1D000480A80ED000A984890ED000A30EE680AAF
:10B1E00080ED000A9348006802F0CAFC41EC1A0B9B
:10B1F0009FED920B53EC102B02F0CCF941EC190BA4
:10B2000001F022FE884908608B48006802F0B8FC13
:10B2100041EC1A0B9FED890B53EC102B02F0BAF99D
:10B2200041EC190B01F010FE81490860022C32D16B
:10B230007C48007A32280ED07A48007A31280BD127
:10B24000794890ED000A7948D0ED000A30EE200AE6
:10B25000754880ED000A8BE07248007A33280BD1E4
:10B26000714890ED000A7148D0ED000A30EE600A96
:10B270006D4880ED000A7BE06A48007A342877D177
:10B28000B0EE080A6A4880ED000AB8EE080A66487F
:10B2900080ED000A6CE0012C34D16248007A31283C
:10B2A00066D06048007A32280BD15F4890ED000AE2
:10B2B0005E48D0ED000A30EE600A5B4880ED000A7F
:10B2C00056E05848007A33280DD1574890ED000ACF
:10B2D0005648D0ED000AB0EE001A01EE600A52485E
:10B2E00080ED000A44E04F48007A342840D1B0EEA7
:10B2F000080A4F4880ED000AB8EE080A4A4880ED77
:10B30000000A35E0032C33D14648007A33282FD089
:10B310004448007A32280BD1434890ED000A434854
:10B32000D0ED000A30EE200A3F4880ED000A1FE011
:10B330003C48007A31280DD13B4890ED000A3B484B
:10B34000D0ED000AB0EE001A01EE200A364880ED7A
:10B35000000A0DE03348007A342809D1B0EE080A1B
:10B36000334880ED000AB8EE080A2F4880ED000A45
:10B37000BDEC068B10BD10B52DED048B294800786F
:10B3800030384FF47A7110FB01F12648407830389C
:10B3900000EBC00202EB001001EB80012148807835
:10B3A000303800EB800001EB40011E48C078303897
:10B3B000084400EE100AB8EEC00A1E4880ED000AEC
:10B3C0001848007930384FF47A7110FB01F11548B4
:10B3D0004079303800EBC00202EB001001EB800135
:10B3E00010488079303800EB800001EB40010D48B7
:10B3F000C0793038084400EE100AB8EEC00A0E4892
:10B4000080ED000A0B4890ED000ADFED0E0A30EEE9
:10B41000600A80ED000A084890ED000ADFED0A0A94
:10B4200014E0000099010020700100207801002044
:10B43000740100207C01002080010020941FC8AC12
:10B44000A4B6D23F000096430000254330EE600AC8
:10B4500080ED000AFE48006802F092FB9FEDFD0BB4
:10B4600053EC102B02F096F801F0EEFCFB4908605B
:10B47000FB48006802F084FB9FEDF60B53EC102BA9
:10B4800002F088F801F0E0FCF6490860F648007A1E
:10B49000342809D1B1EE040A084680ED000AB9EE5D
:10B4A000040AEE4880ED000ABDEC048B10BD10B517
:10B4B0002DED068B0446EC48007830384FF47A7155
:10B4C00010FB01F1E8484078303800EBC00202EB95
:10B4D000001001EB8001E4488078303800EB8000F8
:10B4E00001EB4001E048C0783038084400EE100A13
:10B4F000B8EEC00AD64880ED000ADB480079303843
:10B500004FF47A7110FB01F1D7484079303800EBE5
:10B51000C00202EB001001EB8001D3488079303883
:10B5200000EB800001EB4001CF48C079303808447F
:10B5300000EE100AB8EEC00AC94880ED000ACA48F9
:10B54000007A312804D19FEDC98ADFEDC98A10E065
:10B55000C548007A322804D19FEDC48ADFEDC48A41
:10B5600007E0C148007A332803D19FEDC08ADFEDA0
:10B57000C08AB74890ED000ADFEDBE0A30EE600ADF
:10B5800080ED000AB64890ED000ADFEDBB0A30EE10
:10B59000600A80ED000AAE48006802F0F1FA41EC62
:10B5A0001A0B9FEDB60B53EC102B01F0F3FF41EC9F
:10B5B000190B01F049FCA9490860A948006802F08C
:10B5C000DFFA41EC1A0B9FEDAD0B53EC102B01F0A1
:10B5D000E1FF41EC190B01F037FCA2490860022C95
:10B5E00032D1A148007A32280ED09F48007A312803
:10B5F0000BD19A4890ED000AA248D0ED000A30EE37
:10B60000200A964880ED000A8BE09748007A33289C
:10B610000BD1924890ED000A9A48D0ED000A30EE26
:10B62000600A8E4880ED000A7BE08F48007A34285B
:10B6300077D1B1EE040A8B4880ED000AB9EE040A16
:10B64000864880ED000A6CE0012C34D18648007AEF
:10B65000312866D08448007A32280BD17F4890ED9B
:10B66000000A8848D0ED000A30EE600A7B4880ED81
:10B67000000A56E07C48007A33280DD1774890EDD7
:10B68000000A8048D0ED000AB0EE001A01EE600A10
:10B69000724880ED000A44E07348007A342840D1B3
:10B6A000B1EE040A6F4880ED000AB9EE040A6B4857
:10B6B00080ED000A35E0032C33D16B48007A332843
:10B6C0002FD06948007A32280BD1644890ED000AE7
:10B6D0006C48D0ED000A30EE200A604880ED000A88
:10B6E0001FE06148007A31280DD15C4890ED000AD6
:10B6F0006448D0ED000AB0EE001A01EE200A574867
:10B7000080ED000A0DE05848007A342809D1B1EEE6
:10B71000040A544880ED000AB9EE040A4F4880ED4F
:10B72000000ABDEC068B10BD10B52DED068B04464E
:10B730004D48007830384FF47A7110FB01F14A48D7
:10B740004078303800EBC00202EB001001EB8001C2
:10B7500045488078303800EB800001EB40014248DA
:10B76000C0783038084400EE100AB8EEC00A3848F5
:10B7700080ED000A3C48007930384FF47A7110FBB4
:10B7800001F139484079303800EBC00202EB00107B
:10B7900001EB800134488079303800EB800001EB08
:10B7A00040013148C0793038084400EE100AB8EE44
:10B7B000C00A2B4880ED000A2B48007A312804D1BA
:10B7C0009FED2A8ADFED2A8A10E02748007A322886
:10B7D00004D19FED268ADFED268A07E02248007A11
:10B7E000332803D19FED218ADFED218A184890ED9F
:10B7F000000ADFED200A30EE600A80ED000A1848EA
:10B8000090ED000ADFED1C0A30EE600A80ED000AC0
:10B810000F48006802F0B4F941EC1A0B9FED170BCA
:10B8200053EC102B01F0B6FE41EC190B01F00CFBB0
:10B830000A4908600A48006802F0A2F941EC1A0BB4
:10B840009FED0E0B53EC102B01F0A4FE1CE000004A
:10B850007C010020000000000000E03F700100209B
:10B8600080010020740100209901002000C06E4476
:10B8700000C0014400009B4300006D43817AF14DFC
:10B88000ECC4EE3F7801002041EC190B01F0DCFA2A
:10B890008B490860022C17D18A48007A322812D0CE
:10B8A0008848007A31280ED1874890ED000A8748F1
:10B8B000D0ED000A30EE200ADFED850A30EE600A96
:10B8C000814880ED000A94E07E48007A32280FD14A
:10B8D0007D4890ED000A7D48D0ED000A30EE200A48
:10B8E000DFED7B0A30EE600A774880ED000A80E0E9
:10B8F0007448007A33280FD1734890ED000A7348DA
:10B90000D0ED000A30EE600ADFED710A30EE200A59
:10B910006D4880ED000A6CE0012C34D16948007A52
:10B92000312866D06748007A32280BD1664890EDFE
:10B93000000A6648D0ED000A30EE600A624880EDE9
:10B94000000A56E05F48007A33280DD15E4890ED3A
:10B95000000A5E48D0ED000AB0EE001A01EE600A5F
:10B96000594880ED000A44E05648007A342840D116
:10B97000B1EE040A524880ED000AB9EE040A5248BA
:10B9800080ED000A35E0032C33D14E48007A33288D
:10B990002FD04C48007A32280BD14B4890ED000A4A
:10B9A0004A48D0ED000A30EE200A474880ED000AF0
:10B9B0001FE04448007A31280DD1434890ED000A39
:10B9C0004248D0ED000AB0EE001A01EE200A3E48CF
:10B9D00080ED000A0DE03B48007A342809D1B1EE31
:10B9E000040A374880ED000AB9EE040A364880EDB3
:10B9F000000ABDEC068B10BD70B504460D46F7F786
:10BA000072F92046F7F73BF904E0F7F76CF90128E3
:10BA100000D100E0F9E700BF70BD2DED028B0021E1
:10BA20002C48F6F792F9FAF7C0FF2BA20121082063
:10BA3000FBF707F804E0F9F76AFE3220F7F70BF896
:10BA4000F9F7D0FD0128F6D0DFED250AB2EE0E0A97
:10BA5000F9F7A0F8C8224FF47A710020F8F79EF9A0
:10BA6000B0EE408AF0EE608A51EC180B01F0CEFC8B
:10BA70000446F6F7F0FFF2EE061A9FED1A1AC823F5
:10BA80004FF47A72DFED180A194610469FED160A38
:10BA9000F9F712F90120F9F7C3F8012240F2255114
:10BAA0001248F6F7AEFE01211148F5F7E9FFFAF763
:10BAB0007CFF10A201210820FAF7C3FF00BFFEE7B8
:10BAC00074010020990100207001002078010020FD
:10BAD0000000164300040040504C20524553000023
:10BAE0000000964300008C4200000000004400402B
:10BAF000000C0040524553204544000070470000B0
:10BB00000FB41CB5074B06AA7B4469460090059804
:10BB100000F075F90020694600F084F91CBC5DF85E
:10BB200014FB0000190300002DE9F0410E46044605
:10BB3000002020622046E168884730B3252805D0E0
:10BB4000D4E901219047206A401CF2E7E1682046D1
:10BB500000278847050018D0A5F14100192802D810
:10BB600020354FF400673246294620462760F4F717
:10BB700065FB40B1012804D0F61D26F00706083603
:10BB8000D8E7361DD6E72846DAE7206ABDE8F08117
:10BB90002DE9F0410646002410687529314616A5A6
:10BBA00010D0AFF30080002802DA404213A507E06E
:10BBB00031688A0701D512A502E0490704D511A50D
:10BBC000012401E0AFF3008000210A2206F12407DE
:10BBD00009E0B0FBF2FCB0FBF2F302FB1C003030DA
:10BBE00078541846491C0028F3D123462A4630468B
:10BBF000BDE8F04100F0A5B8000000002D000000F5
:10BC00002B00000020000000032A40F2308010F0DA
:10BC1000030C00F0158011F8013BBCF1020F6244E7
:10BC200098BF11F801CB00F8013B38BF11F8013B78
:10BC3000A2F1040298BF00F801CB38BF00F8013B25
:10BC400011F0030300F0F380083AC0F0088051F8C7
:10BC5000043B083A51F804CBA0E80810F5E7121DA0
:10BC60005CBF51F8043B40F8043BAFF30080D207BF
:10BC700024BF11F8013B11F801CB48BF11F8012B8B
:10BC800024BF00F8013B00F801CB48BF00F8012BAE
:10BC900070474FF000020429C0F0128010F0030C2E
:10BCA00000F01B80CCF1040CBCF1020F18BF00F8AF
:10BCB000012BA8BF20F8022BA1EB0C0100F00DB85E
:10BCC0005FEAC17C24BF00F8012B00F8012B48BFBC
:10BCD00000F8012B70474FF0000200B51346944660
:10BCE0009646203922BFA0E80C50A0E80C50B1F1D4
:10BCF0002001BFF4F7AF090728BFA0E80C5048BFE8
:10BD00000CC05DF804EB890028BF40F8042B08BF85
:10BD1000704748BF20F8022B11F0804F18BF00F881
:10BD2000012B7047704770477047704710B500F09F
:10BD3000B1F8006810BD10B5044600F0ABF804601F
:10BD400010BD2DE9F0470D4699469246044600F194
:10BD500024080168880604D5E06921F010012160FB
:10BD600000E00120A84201DD471B00E00027A16997
:10BD70007A1902EB0900081AA0612078C00602D4E3
:10BD80002046AFF30080002608E0D4E901211AF82C
:10BD900006009047206A401C761C20624E45F4DB6A
:10BDA0002078C0060AD52046AFF3008006E0D4E92B
:10BDB000012130209047206A401C2062381EA7F1E4
:10BDC0000107F4DC07E0D4E9012118F805009047E9
:10BDD000206A401C2062281EA5F10105F3DC2046E4
:10BDE000AFF300802078000602D50220BDE8F0877E
:10BDF0000120FBE701694A1C02610878704700B521
:10BE00008FB0CDE901310021059105497944CDE993
:10BE1000031011466846FFF787FE0FB000BD000013
:10BE2000E5FFFFFF0A6802F8010B0A60704710B5D2
:10BE3000203AC0F00B80B1E81850203AA0E8185022
:10BE4000B1E81850A0E81850BFF4F5AF5FEA027CE3
:10BE500024BFB1E81850A0E8185044BF18C918C052
:10BE6000BDE810405FEA827C24BF51F8043B40F8F3
:10BE7000043B08BF7047D20728BF31F8023B48BFD8
:10BE800011F8012B28BF20F8023B48BF00F8012B16
:10BE90007047000000487047540500200048704774
:10BEA000540500207546FFF7F9FFAE4605006946C8
:10BEB000534620F00700854618B020B5F4F7E6F9A0
:10BEC000BDE820404FF000064FF000074FF000089B
:10BED0004FF0000B21F00701AC46ACE8C009ACE81C
:10BEE000C009ACE8C009ACE8C0098D46704710B580
:10BEF0000446AFF300802046BDE81040F4F7B2B925
:10BF000003B401984100009850EAC12018BF0420F2
:10BF10004A0D18BF40F0010040F2FF72B2EB515FD2
:10BF200008BF40F00200012808BF052002B070479A
:10BF30002DED020B019820F0004001909DED000BCB
:10BF400002B0704700B52DED048BB0EE418AF0EEE3
:10BF5000618AB0EE409AF0EE609A83B053EC182BF1
:10BF600051EC190B01F083F800F07040B0F1005F64
:10BF70001AD018EE101A18EE900A8DED008B0029D9
:10BF800018BF0121084320F00040C0F17F6000F19C
:10BF9000E040C00F01BFB0EE480AF0EE680A03B0FF
:10BFA000BDEC048B08BF00BDB0EE490A03B0F0EE53
:10BFB000690ABDEC048B00BD2DE9F04D2DED040B9D
:10BFC0002DED0E8B96B0DDE92550279CDDF890A075
:10BFD00025F0004624F00048BAF1000F14BF0121FB
:10BFE000002101EB4502FC4953184A1093422AD321
:10BFF000002814BF0123002303EB44030B44F7493B
:10C000008B4220D358EA00019FEDF59B76D0DFF8F4
:10C01000D8B35D4503D1BAF1000F05D188E0BAF17C
:10C02000000F08BF002100D0012101EB450111F5EF
:10C03000001F08D8002814BF0121002101EB440192
:10C0400011F5001F0BD99DED261B9DED240B16B09D
:10C05000BDEC0E8B04B0BDE8F04D00F069BE0027CA
:10C06000002DBCBFE149884521DAE1498845A8BFD8
:10C0700002271CDAC3451ADCDE4901EB28511429DA
:10C0800008DDC1F1340220FA02F101FA02F2824223
:10C090000DD108E058B9C1F1140228FA02F101FAF1
:10C0A00002F2424503D101F00101C1F1020756EA53
:10C0B0000A0124D1002C22DA002D18BF022F01D052
:10C0C000012F0AD00220FFF736FE16B0BDEC0E8B12
:10C0D00004B0BDE8F04D00F013BE0220FFF72BFEC8
:10C0E00000F00EFE51EC100B00F0A1FE41EC100B25
:10C0F00016B0BDEC0E8B04B0BDE8F08D18E09FEDDE
:10C10000BEAB9FEDBF8B002871D1B848804522D1CE
:10C1100005F1804010F5801008BFBAF1000F07D07C
:10C12000B3450ADC002CA8BF9DED260BE0DA0DE03C
:10C13000B0EE490AF0EE690ADAE7002C06DA9DED66
:10C14000260B51EC100B00F072FE6FE0AE48784405
:10C1500090ED000BCCE7D8454DD1002C48DA2EB13C
:10C1600086423AD1BAF1000F42D126E0BAF1000F6F
:10C1700013D00220FFF7DFFD00F0F6FD8DED020B7E
:10C180009DED240B8DED000B10EE900A039961F3E9
:10C190001E0003909DED020BAAE78DED02AB9DED15
:10C1A000240B1AEE901A10EE900A8DED000B61F33D
:10C1B0001E0003909DED020B9AE78DED028B9DED25
:10C1C000240B18EE901A10EE900A8DED000B61F31F
:10C1D0001E0003909DED020B8AE709DA9DED240B0A
:10C1E00051EC190B53EC102B00F0B8FF1EE020E0CF
:10C1F0009DED240B7CE786421BDAB4F1804F0DD015
:10C20000A4F10050B0F1FF5013D1002D11DB9DEDD2
:10C21000240B51EC100B00F0D3FD07E09DED240B37
:10C2200053EC102B51EC100B00F0C2BC41EC100B86
:10C230005EE79DED240B51EC100B00F0B5FDBAF15B
:10C24000000FCDE90E0142D19FED710B46B3A6F16F
:10C25000E040B0F17F600CD05E4538D1002D00DAAF
:10C26000A7B3022F0CBF01204FF0FF3001F02BF9D4
:10C27000DCE7002D01DD002C0DDA002D01DD002CA6
:10C280001FDB002D16DA002C14DB012F08BF9FEDF9
:10C29000620B3FF42DAFB0EE4A0AF0EE6A0A27E7D0
:10C2A000022F18BF002D0CD0012F0AD1002DFFF650
:10C2B0001FAF06E0002DB8BF002C08DA012F3FF4B5
:10C2C00017AFB0EE480AF0EE680A11E71BE0012054
:10C2D00000EBE57050EA070115D0791EB0EE498AEF
:10C2E000F0EE698A084308BF9FED4D8B4E4800254C
:10C2F000804570DD4D494E48884514DDB0420DDB68
:10C30000002C19DB2FE00120FFF715FD16B0BDEC66
:10C310000E8B04B0BDE8F04D00F016BDB34502DC55
:10C32000002C09DC1FE0864202DA002C1BDA03E055
:10C330005E452BDD002C16DD0220FFF7FCFC00F033
:10C3400013FD8DED020B53EC1A2B51EC180B01F081
:10C3500021F9CDE900010399019861F31E000390D2
:10C360009DED020BC4E60220FFF7E5FC00F00CFD9A
:10C3700010EE901A18EE900A8DED020B8DED008BE9
:10C3800061F31E0003909DED020BB1E69DED0E0BD7
:10C3900053EC192B51EC100B01F008FB9FED260B11
:10C3A000CDE9080153EC102B9DED080B51EC100B5F
:10C3B00001F0F0F89FED221B53EC112B01F01EFA57
:10C3C0009DED081B53EC112B01F0E4F89FED1E1BB3
:10C3D00053EC112B3CE08CE0FFFF1F00FFFF0F0030
:10C3E000000000000000F03F0000F03F0000F07F80
:10C3F0000000404301FCFFFF000000000000F07F50
:10C400000000000000000000B62400000000000052
:10C410000000000000000080000000000000F0FFAD
:10C42000000000000000F0BF0000E0410000F04309
:10C43000FFFFEF3F00000000000000000000D03FC1
:10C44000555555555555D53F000000000000E03FBB
:10C4500001F0D4F99DED080B41EC1A0B53EC102BB5
:10C4600051EC100B01F096F853EC1A2B01F092F8F6
:10C4700041EC1A0B9FEDFE0B53EC102B9DED080BBE
:10C4800051EC100B01F086F841EC1B0B9FEDFA0B01
:10C4900051EC1A0B53EC102B01F07CF841EC1A0B09
:10C4A0009FEDF70B53EC102B9DED080B51EC100B8F
:10C4B00001F070F853EC1A2B01F078FA41EC1A0BEA
:10C4C00051EC1B0B53EC1A2B00F0F0FC0690CDE95D
:10C4D00006519DED060B53EC1B2B51EC100B01F09C
:10C4E00065FA53EC1A2B01F089F941EC100B00F0BE
:10C4F000A1B90020B6F5801F0EDA9FEDE30B53ECD7
:10C50000102B9DED0E0B51EC100B01F043F8CDE913
:10C510000E016FF034000E4600EB2650A0F2FF37FC
:10C52000C6F31300DA4940F07F6646F04056884271
:10C53000D8BF002408DDD7498142C8BF012403DCED
:10C540000024A6F580167F1CD348784400EBC40075
:10C550000F9690ED00CB9DED0E0B53EC1C2B51EC88
:10C56000100B01F023FA9DED0E0B41EC1B0B53EC6D
:10C570001C2B51EC100B00F099FC41EC100B51EC12
:10C58000190B53EC102B00F0E9FD41EC1D0B51ECA5
:10C590001B0B53EC1D2B00F0FDFF41EC1A0BBF48A9
:10C5A0008DED10AB7844109590ED000B4FF00050DE
:10C5B00040EA660000EB84408DED080B00F500209A
:10C5C00009909DED080B53EC1C2B51EC100B01F066
:10C5D000EDF99DED0E1B53EC112B01F00FF941EC21
:10C5E000100B53EC102B9DED100B51EC100B00F0C9
:10C5F000D1FF9DED080B41EC1C0B53EC102B9DED76
:10C60000100B51EC100B00F0C5FF53EC1B2B01F08D
:10C61000F5F853EC1C2B01F0C9F953EC1D2B00F07D
:10C62000B9FF41EC1C0B53EC1A2B51EC1A0B00F028
:10C63000B1FF41EC1B0B9A480621B0EE4B0AF0EE1D
:10C640006B0A784400F0E0FAB0EE401AF0EE601A9F
:10C65000B0EE41DAF0EE61DA53EC1B2B51EC1B0B20
:10C6600000F098FF53EC1D2B00F094FF9DED100B94
:10C6700041EC1B0B53EC1A2B51EC100B00F016FC89
:10C6800053EC1C2B00F086FF53EC1B2B00F00EFC30
:10C690009DED100B41EC1B0B53EC102B51EC100BD0
:10C6A00000F078FF41EC1D0B9FED7FEB53EC1E2B50
:10C6B00000F0FCFB53EC1B2B00F0F8FB0890CDE9DD
:10C6C00008519DED080B53EC1E2B51EC100B01F0A3
:10C6D0006DF953EC1D2B01F069F953EC1B2B01F0A4
:10C6E0008DF89DED080B41EC1D0B53EC102B9DEDCF
:10C6F000100B51EC100B00F04DFF41EC1B0B53ECF9
:10C700001A2B51EC1D0B00F045FF9DED080B41EC81
:10C710001A0B53EC102B51EC1C0B00F03BFF53ECAD
:10C720001A2B00F0C3FB41EC1A0B51EC1B0B53EC22
:10C730001A2B00F0BBFB0C90CDE90C519DED0C0BBE
:10C7400053EC1B2B51EC100B01F030F953EC1A2B6E
:10C7500001F054F841EC1B0B9FED550B53EC102BE3
:10C760009DED0C0B51EC100B00F014FF41EC1A0B7B
:10C770009FED510B51EC1B0B53EC102B00F00AFFFB
:10C7800041EC1B0B9FED4E0B53EC102B9DED0C0B56
:10C7900051EC100B00F0FEFE53EC1B2B00F086FB5F
:10C7A00041EC100B4848784400EBC40090ED001BAE
:10C7B00051EC100B53EC112B00F078FB41EC1B0BF0
:10C7C000384600F080FECDE9080153EC1B2B51ECFC
:10C7D0001A0B00F06BFB41EC100B3C48784400EB6B
:10C7E000C40090ED00CB51EC100B53EC1C2B00F06F
:10C7F0005DFB9DED081B53EC112B00F057FB0690E1
:10C80000CDE906519DED080B53EC102B9DED060B69
:10C8100051EC100B01F0CAF853EC1C2B01F0C6F8D8
:10C8200053EC1A2B01F0C2F853EC1B2B00F0E6FF7F
:10C8300041EC100B9DED261B53EC102B8DED001BD6
:10C8400000959DED260B51EC100B00F0A3FE9DED25
:10C85000000B41EC1A0B53EC102B9DED260B51EC09
:10C86000100B01F0A3F89DED061B53EC112B2FE0EC
:10C87000000000604715F73FFE822B654715F73F24
:10C8800044DF5DF80BAE543E000000000000404362
:10C890008E9803007AB60B00322000006020000062
:10C8A0006A1F0000000000000000000000000840B7
:10C8B000000000E009C7EE3FFD033ADC09C7EE3F88
:10C8C000F5015B14E02F3EBEF61D0000B01D000018
:10C8D00000F060FE53EC1A2B00F0E8FA9DED060B19
:10C8E00041EC1A0B53EC102B9DED000B51EC100B8F
:10C8F00000F050FECDE90C019DED0C0B51EC1A0B34
:10C9000053EC102B00F0D2FACDE902010C46AA49F3
:10C910008C422FDB611A084318D19DED0C0B53ECB0
:10C92000102B9DED020B51EC100B01F03FF841EC88
:10C930001B0B9FEDA30B51EC1A0B53EC102B00F0CB
:10C94000B5FA53EC1B2B00F023FF2DD20220FFF78A
:10C95000F2F900F009FA10EE901A18EE900A8DED37
:10C96000020B8DED008B61F31E0003909DED020B19
:10C97000FFF7BEBB944A24F00041914214D393497F
:10C98000214408437FF4EFAC9DED0C0B53EC102BCE
:10C990009DED020B51EC100B01F008F853EC1A2B33
:10C9A00000F0F6FE7FF6DFAC24F000408849894AAB
:10C9B000002601EB205182422BDA481C4FF48011F3
:10C9C00021FA00F02044844AC0F30A517A44A1F2CB
:10C9D000FF3192ED000B814A8DED080BCA4020EA31
:10C9E0000202C0F3130040F48010C1F1140120FAD8
:10C9F00001F60992002CB8BF76429DED080B53EC6E
:10CA0000102B9DED0C0B51EC100B00F0CFFFCDE97E
:10CA10000C019DED0C0B51EC1A0B53EC102B00F09C
:10CA200045FA9FED6F0B0890CDE9085153EC102BA0
:10CA30009DED080B51EC100B00F0ACFD41EC1B0B15
:10CA40009FED690B53EC102B9DED080B51EC100B77
:10CA500000F0A0FD9DED0C0B41EC1C0B53EC102BDA
:10CA60009DED080B51EC100B00F0A0FF53EC1A2BBE
:10CA700000F0C4FE9FED5E1B53EC112B00F08AFD0D
:10CA800053EC1C2B00F012FA41EC1A0B51EC1B0B6F
:10CA900053EC1A2B00F00AFACDE902019DED020BCE
:10CAA00053EC1B2B51EC100B00F080FF53EC1A2BB6
:10CAB00000F0A4FE9DED020B41EC1A0B53EC102B81
:10CAC00051EC100B00F066FDCDE908014A489DEDE0
:10CAD000080B0521784400F097F89DED081B51ECF8
:10CAE000100B53EC112B00F055FD9DED021B53EC88
:10CAF000112B00F083FECDE906019DED020B53ECF6
:10CB00001A2B51EC100B00F045FD53EC1A2B00F0E2
:10CB1000CDF99FED3B0B41EC1A0B53EC102B9DED27
:10CB2000060B51EC100B00F041FF9DED060B41ECA4
:10CB30001B0B53EC102B9DED020B51EC100B00F076
:10CB400029FD53EC1B2B00F009FB53EC1A2B00F0D2
:10CB50002DFF9DED021B53EC112B00F027FF53EC32
:10CB6000192B00F04BFECDE9020101EB0650011537
:10CB70000029C8BF039015DC9DED020B324651EC35
:10CB8000100B01F0AAF8FFF7BBF9042808BF00F06A
:10CB9000FBF832469DED020B51EC100B01F09DF8B5
:10CBA000CDE902019DED020B51EC180B53EC102B5B
:10CBB00000F0F0FCFFF73ABB0000904000000000DE
:10CBC000FE822B654715973C00CC904000346F3FA8
:10CBD00001FCFFFF0000E03F381C0000FFFF0F00DA
:10CBE00000000000432EE63F396CA80C615C20BEBB
:10CBF000EF39FAFE422EE63F081B0000000000005D
:10CC0000000000000000004070B504462DED028BCE
:10CC10004D1E00EBC500B0EE408AF0EE608A90ED4C
:10CC2000000B35F0060017D053EC182B51EC100B0D
:10CC300000F0B0FC41EC100B6D1E04EBC50090ED54
:10CC4000001B51EC100B53EC112B00F02FF941ECB1
:10CC5000100B35F00600E7D1022D36D0042D1CD084
:10CC6000062D1CBFBDEC028B70BD53EC182B51EC94
:10CC7000100B00F08FFC94ED0A1B53EC112B00F00D
:10CC800015F953EC182B00F085FC94ED081B53ECC0
:10CC9000112B00F00BF941EC100B53EC182B51EC5D
:10CCA000100B00F077FC94ED061B53EC112B00F0F9
:10CCB000FDF853EC182B00F06DFC94ED040B53ECD5
:10CCC000102B00F0F3F841EC100B53EC182B51EC47
:10CCD000100B00F05FFC94ED021B53EC112B00F0E5
:10CCE000E5F853EC182B00F055FC94ED001B53ECC9
:10CCF000112B00F0DBF8BDEC028B41EC100B70BD8A
:10CD00009FED070B10B553EC102B9FED070B51EC6B
:10CD1000100B00F023FA41EC100B10BD00000000D6
:10CD20000000000000000000000000000000F03FD4
:10CD300010B553EC112B51EC100B00F0B7F841EC8F
:10CD4000100B10BD000000009FED050B10B553EC5B
:10CD5000102B51EC100B00F001FA41EC100B10BD40
:10CD600000000000000000009FED050B10B553EC23
:10CD7000102B51EC100B00F00DFC41EC100B10BD12
:10CD800000000000000000709FED050B10B553EC93
:10CD9000102B51EC100B00F0FDFB41EC100B10BD03
:10CDA000000000000000001082B0CDE9000121F079
:10CDB000004001909DED000B02B051EC100B70474C
:10CDC00000B52DED048B83B041EC190B00F022FD72
:10CDD00041EC180B18EE100A18EE901A8DED008B2E
:10CDE000002818BF0120084320F00040C0F17F60F8
:10CDF00000F1E040C00F14D019EE101A19EE900A9D
:10CE00008DED009B002918BF0121084320F0004050
:10CE1000C0F17F6000F1E040C00F04BF0120FEF7C9
:10CE20008AFF51EC180B03B0BDEC048B00BD81F000
:10CE30000041704780F00040704721F0004170478A
:10CE400020F000407047000021F00042A2F1605243
:10CE5000B2F5801F01F0004328BFD2F17F6C0BD9DF
:10CE60005FEA001C43EAC20242EB507018BF7047F1
:10CE700028BF20F001007047B2F5801FBCBF1846E4
:10CE800070474FEA410C1CF5001F02D2084600F023
:10CE9000EDBE70B500F028FC00000089FFF7F6BF7A
:10CEA0004FF00040A0F580007047000010B591EAF7
:10CEB000030F48BF83F0004300F18085841A71EBB3
:10CEC000030C05D2121943EB0C03001B61EB0C01A0
:10CED000DFF824E14FEA1154A4EB135C1EEA430F80
:10CEE00018BF9EEA445F73D023EA0E03DCF1200EE4
:10CEF00021EA045143F4801332D322FA0CFE10EBE2
:10CF00000E0023FA0CFE41EB0E01CCF1200E03FAC9
:10CF10000EFE10EB0E0051F10001B1F5801FCCF1B7
:10CF2000200E32D201EB045112FA0EF2BDE810408D
:10CF300058BF7047401C38BF5FEA420218BF7047B5
:10CF4000002814BF20F0010041F100014FEA410325
:10CF500013F5001F38BF7047A1F1C04100F012BCAB
:10CF6000012A43EB0302ACF1200CDCF11F0E32BFAF
:10CF70004FF0000E23FA0CF310EB030041EB0451C9
:10CF8000B4EB115FD0D0A1EB045101F58011490839
:10CF90005FEA300001EB04510ED350F1000038BFBE
:10CFA00012FA0EFE08D1BDE81040C9E7401C38BF98
:10CFB0005FEA4202CAD1C3E7BDE810404FEA41032D
:10CFC00013F5001F38BF7047A1F1C04100F0DABB74
:10CFD0009EEA445F08D011EA5E0FBDE8104004BF2E
:10CFE00001F0004100207047BDE8104070B500F02E
:10CFF0007BFB00BF64FBBE3E0000E0FF02494FF038
:10D00000000000F038BE00BF0000F87F51EA030CBA
:10D0100017D41CF5801F58BFBCF5801F00F1068097
:10D02000994218BF704708BF9042704707D711F563
:10D03000801F58BF13F5801F26D49942704789423C
:10D0400070471CF5801F08D5BCF5801FF7D58B42B3
:10D0500018BF704708BF824270474FF4001C1CEB9A
:10D06000410F38BF1CEB430F0ED28B42704770B597
:10D07000FFF7CCFFEFF3008020F0104038BF40F006
:10D08000004080F3008870BDBDE8704070B500F0CE
:10D090002BFB00BF0000000900F053B84FF04040E8
:10D0A00010F1004FEFF30080704751EA030C17D4E2
:10D0B0001CF5801F58BFBCF5801F00F10680994207
:10D0C00018BF704708BF9042704707D711F5801FFF
:10D0D00058BF13F5801F26D4994270478942704784
:10D0E0001CF5801F08D5BCF5801FF7D58B4218BFF3
:10D0F000704708BF824270474FF4001C1CEB410F81
:10D1000038BF1CEB430F0ED28B42704770B5FFF750
:10D11000CCFFEFF3008020F0104038BF40F000401B
:10D1200080F3008870BD00F0DFFA00BF0000000946
:10D1300000F007B84FF0404010F1004FEFF30080CF
:10D140007047491058BFC1F140415B1058BFC3F14F
:10D1500040438B42EFF30080704700002DE9C0414F
:10D1600030B4DFF8A0C23CEA111418BF3CEA131433
:10D1700000F0EC8081EA03051CEA111444EAD5743E
:10D1800018BF1CEA131500F0C780A4EB05044FF08C
:10D19000004545EAC12145EAC32341EA505143EA2B
:10D1A000525304F17F74994204F500344FEAC020D1
:10D1B0004FEAC22208BF904200F09C804FEA1365FC
:10D1C0000FF24016765D4FEA134506FB05F7C7F1EF
:10D1D000807706FB07F74FEAD737A7FB036876424D
:10D1E000C8F58038A7FB06CE38BFA8F1010807FBB9
:10D1F00008E64FF0000EA6FB028CE6FB03CEDCF146
:10D20000000CCEF1004E38BFAEF1010EA6FB0C585B
:10D210004FF000074FF00005E6FB0E87A1FB08C6A4
:10D22000A0FB07CE16EB0E0645F10005E1FB0765F6
:10D2300015F1E04E7EBFA4F580345FEA46066D41ED
:10D2400016F1800745F100054FEA17274FEA0666F9
:10D2500047EA0567A6F1DE46B6F1805F4FEA15257D
:10D260001FD9384624F0010C05EBC471BCF1FE6FE8
:10D2700001EB0C1102D8F0BCBDE8008124425CBF78
:10D2800001F5801E9EEAC47F02D4F0BCBDE8008197
:10D29000244238D4F0BCA1F1C041BDE8004100F007
:10D2A00071BA4FEAD22242EA43524FEAD323A7FB94
:10D2B00002864FEAD02040EA415007FB03661EEA8F
:10D2C0000E0F4FEAD12105FB026658BFA6EB0056B0
:10D2D000B6EB00564FEA520E4EEAC37E18EB0E0E26
:10D2E00056EB530EBDD518EB02085E417F1C55F17D
:10D2F0000005B6E74FF480154FF000074FF0000629
:10D300004FF00008ADE7F0BC4FF0000001F1C04164
:10D3100001F00041BDE8008111EA0C1F0CEA131571
:10D3200000D00CE013EA0C1F00F025804FF0000045
:10D33000F0BC81EA030101F00041BDE80081F0BCCE
:10D34000BDE8004181EA030100F01CBAF0BCBDE871
:10D35000004170B500F0C8F9097EFC3E00F007B846
:10D3600081EA03014FF0000001F00041704781EABB
:10D37000030100F007BAF0BCBDE800414FF0000027
:10D3800021497047FFFDFBF9F7F5F4F2F0EEEDEB04
:10D39000E9E8E6E4E3E1E0DEDDDBDAD8D7D5D4D3B3
:10D3A000D1D0CFCDCCCBCAC8C7C6C5C4C2C1C0BFFF
:10D3B000BEBDBCBBBAB9B8B7B6B5B4B3B2B1B0AF05
:10D3C000AEADACABAAA9A8A8A7A6A5A4A3A3A2A1E9
:10D3D000A09F9F9E9D9C9C9B9A99999897979695A4
:10D3E00095949393929191908F8F8E8E8D8C8C8B40
:10D3F0008B8A8989888887878685858484838382C8
:10D40000828181800000FF070000F87F4FEA41031E
:10D410004FEA5353A3F58063D3F11E03C8BFD3F182
:10D42000210C0CDD4FF0004242EAC12242EA505288
:10D4300032FA03FC8CEAE17CACEBE1707047102B14
:10D44000C4BF0020704703F5787CBCF1FF3F04D0D7
:10D450006FF0004282EA2100704770B500F044F995
:10D460004992248000207047F2E700004FEA1153F0
:10D47000A3F58063D3F11E03A8BFD3F1200C08DB12
:10D480004FF0004242EAC12252EA505232FA03F00F
:10D49000704709420BD4102BC4BF0020704703F51E
:10D4A000787CBCF1FF3F05D04FF0FF3070474FF064
:10D4B0000000704770B500F017F900BF4992248052
:10D4C00000207047F0E710F0004248BF4042B0FA39
:10D4D00080F310FA03F10AD0C3F11D0303F5806352
:10D4E0004FEA415002EB035202EBD12170474FF05B
:10D4F00000007047B0FA80F310FA03F10AD0C3F1CC
:10D500001D0303F580634FEA41504FEA035202EBDB
:10D51000D12170474FF000007047000051EA030C22
:10D5200017D41CF5801F58BFBCF5801F00F1068082
:10D53000994218BF704708BF9042704707D711F54E
:10D54000801F58BF13F5801F19D499427047894234
:10D5500070471CF5801F08D5BCF5801FF7D58B429E
:10D5600018BF704708BF824270474FF4001C1CEB85
:10D57000410F38BF1CEB430F01D28B42704770B58F
:10D5800000F0B2F8922449004FF000514FF0805360
:10D59000FFF7D7BDDFF848C170B51CEA111E1EBFEA
:10D5A0001CEA13159EEA0C0F95EA0C0F00F06F8031
:10D5B00081EA030423EA4C134EEAD47E21EA4C119B
:10D5C00041F4801143F48013AE44A1FB024CA0FB54
:10D5D0000365AEF17F7E361955EB0C05A1FB034CBC
:10D5E0004CF10003A0FB021C16EB0C06654153F145
:10D5F0000003094218BF46F0010613F4007F0BD167
:10D600004FEA03314FEA0530340341EA155140EA4D
:10D6100016506FF003020AE04FEAC3214FEAC5201B
:10D62000F40241EA555140EA56506FF0020202EB13
:10D630002E4201EB025585EACE710AD05FEA440C16
:10D6400018BF24F0004450F1000041F1000120EA2D
:10D65000D47040F2FE7C624500D270BDA84214BF77
:10D660004FF080444FF04044002E08BF0024BEF12C
:10D67000806FA8BFA1F1C041BDE8704080F28280F8
:10D680004FF0000001F1C04101F0004170479EEAF7
:10D690000C0F0CEA131518BF95EA0C0F06D04FF0CB
:10D6A000000081EA030E0EF0004170BD00F01CF88E
:10D6B0008900013E00F007B800F009B84FEA430CBA
:10D6C0005FEA5C5C08D081EA030100F05BB84FEAD6
:10D6D000410C5FEA5C5CF6D14FF0000001497047F5
:10D6E0000000FF070000F87F0EF1020E2EF0030E7F
:10D6F0005EF8046B364205D4012A43EB030515F5A9
:10D70000001F12D8012841EB010C1CF5001F0CD89A
:10D710000ED14FEAD17C15F5001F0CEB4C0C0CF12F
:10D72000020C08BF4CEBD37C04E04FF0080C01E086
:10D730004FEAD37C0CEB4C0526FA05F606F00706FB
:10D74000B6F1040C06D20EEB860CBDE870404CF02E
:10D75000010C6047DFE80CF0090B02024FF00041BA
:10D760004FF00000A1F5002170BD194610460128B8
:10D7700051EB010418BFD4F5001484BF002001F060
:10D78000004170BD0808A0F500114FEA3101704753
:10D7900053EA010C17D41CF5801F58BFBCF5801F3D
:10D7A00000F106808B4218BF704708BF8242704765
:10D7B00007D713F5801F58BF11F5801F19D48B426E
:10D7C00070479B4270471CF5801F08D5BCF5801F31
:10D7D000F7D5994218BF704708BF904270474FF481
:10D7E000001C1CEB430F38BF1CEB410F01D29942C8
:10D7F00070470FB40CBC03BCFFF7C1BE91EA030F26
:10D8000010B581F000413FF559AB83F0004300F0C3
:10D81000D5B800002DE9F04101F5801CBCF5001FD2
:10D82000C0F2A9804FEA115C21EA0C510CF1FD0C09
:10D8300041F480115FEA5C0C0CF5C07C01D3400020
:10D84000494130A4890241EA905187028E0E0A0CA8
:10D85000A45D04FB04F602FB06F6C6F14046A4FBF9
:10D860000662F60D46EA422606FB06F4A4FB0123F7
:10D870005242C3F1404338BF5B1EA6FB0242002464
:10D88000E6FB0324D20B42EA4446A6FB0623A1FB97
:10D8900002E2A3FB07E4E3FB61426442C2F1404EB3
:10D8A00038BFAEF1010EA6FB04234FF00002E6FBE9
:10D8B0000E32A2FB03463400E2FB6264A1FB06E6E3
:10D8C000A4FB07E8E4FB61687642C8F1405838BF22
:10D8D000A8F10108A2FB06E4A3FB08E5E2FB6854FB
:10D8E000A1FB05E6A7FB04E8E1FB648618F120052F
:10D8F00056F10006A809A8F11B08B10908F03F0875
:10D90000B8F10A0F40EA86601CD901EB0C51BDE862
:10D91000F08100BFFCF5EEE8E2DDD8D3CFCBC7C382
:10D92000C0BDB9B6B4B1AEACA9A7A5A3A19F9D9B3C
:10D930009A9896959392908F8D8C8B8988878685FF
:10D9400084838281A0FB006800FB01F208EB42089F
:10D95000B8EB872807D5341858EB0104D5D5401CFF
:10D9600051F10001D1E7341A78EB0104CDD4401E07
:10D9700071F10001C9E75FEA4C0C5FEA9C5C0DD1D4
:10D9800005D34FF0000001F00041BDE8F081BDE893
:10D99000F04170B5FFF7A8FE6DDBFFBEBDE8F041BA
:10D9A0004FF00000004970470000F87F10B591EA81
:10D9B000030F48BF83F000433FF580AA841A71EB40
:10D9C000030C07D212198CF0004C43EB0C03001B24
:10D9D00061EB0C01DFF8A4E14FEA1154A4EB135CF6
:10D9E0001EEA430F18BF9EEA445F00F0B08023EAAE
:10D9F0006E03524221EA0451C3EB6E0338BF5B1E33
:10DA0000DCF1200E25D322FA0CFE10EB0E0043FAB7
:10DA10000CFE41EB0E01CCF1200E03FA0EFE10EBD2
:10DA20000E0051F10001CCF1200E29D412FA0EF2B1
:10DA300001EB0451BDE8104058BF7047401C1CBFAB
:10DA4000B2F1004F704700280CBF491C20F00100C4
:10DA5000704712EB020E43EB030218BF4FF0010EAA
:10DA60004EEA4202ACF1200CDCF11E0E54D943FA0E
:10DA70000CFE10EB0E0051F1FF31CCF11E0ED5D58E
:10DA80000EF1010E12FA0EFE404141EB010101EBD5
:10DA9000445C5FEA5C5C10D910EBDE7001EB045172
:10DAA00038BFBEF1004FBDE8104018BF70470028D6
:10DAB0000CBF491C20F00100704730D24FEAD42C33
:10DAC00011F5001124F400641BD0B1FA81F20B3A75
:10DAD000A41AA41ED2F12003914030FA03F3194393
:10DAE000904001EBCC71002C01EB0451BDE81040DB
:10DAF000A8BF704701F1C0414FF0000001F00041A4
:10DB00007047B0FA80F310FA03F100D110BDE41AA7
:10DB1000173C4805C90AE4E701EB045110BD491060
:10DB200001EB0451BDE810404FEA300002E04FF035
:10DB3000000170474A0008BF0042F8D0B2F5001F4C
:10DB400028BF704701F000414FF0000070479EEA87
:10DB5000445F07D011EA5E0FBDE8104004BF00210A
:10DB600000207047BDE8104070B5FFF7BDFD00BF55
:10DB700040DFF63E83F00041104670470000E0FFB2
:10DB800043004FEAD30C4FEA3C0C43401FBF400711
:10DB90000CF1605113F0FE4F70471CF0006F03D181
:10DBA00000200CF0004170470CF0004343EA507035
:10DBB00010B540EACC0000F00EF800BF0000009263
:10DBC0004FEA0001FFF7DEBD4FF000414FF00000CB
:10DBD000A1F5002170470EF1020E2EF0030E5EF843
:10DBE000044B244204D44FEA4102B2F17F4F11D8D2
:10DBF0004FEA4003B3F17F4F0CD80ED14FEAD07CEF
:10DC0000B2F17F4F0CEB4C0C0CF1020C08BF4CEB4B
:10DC1000D17C04E04FF0080C01E04FEAD17C0CEB22
:10DC20004C0324FA03F404F00704B4F1040C06D204
:10DC30000EEB840CBDE810404CF0010C6047DFE8AF
:10DC40000CF0070802024FF00040A0F5800010BD64
:10DC50000846420018BFD2F1807288BF00F0004031
:10DC600010BD4FF04070E1EE100A7047FF2141EA0D
:10DC7000D050C00570470CF00F03092B08BF0820D7
:10DC800000F059800A2B0BD0082B18BF704708BF33
:10DC90001CF0400F0AD04FF000004FF00001704719
:10DCA0001CF0400F18BF4FF0004070471CF0100FE1
:10DCB00008D020F0704300F07F4242EAD3014FEADF
:10DCC0004370704700F0604021F07F4242EA00025A
:10DCD00001F07F4040EA727070474FF0FF0C4CF447
:10DCE000E06C1CEA11531CBF9CEA030C9445C2BFB4
:10DCF000DA4201EB02517047002B0DD0BCF1000F4E
:10DD00000FD0002A01F00041A4BF41F0E04141F0F2
:10DD10007F614FF00000704701F000414FF00000BC
:10DD2000704750EA01334FF09B0C18BF4CF0806CE9
:10DD30007FF464A970471CF4801F11D01CF4E02FFD
:10DD400003D06FEACC31490070474FF04050EFF3F9
:10DD5000008222F0704242EA000282F3008870479B
:10DD60004FF000007047000000000000C0120000EB
:10DD700080250000004B00000096000000E100003C
:10DD800000C20100008403000008070000100E001C
:10DD900000C1814001C0804101C0804100C181407B
:10DDA00001C0804100C1814000C1814001C080416B
:10DDB00001C0804100C1814000C1814001C080415B
:10DDC00000C1814001C0804101C0804100C181404B
:10DDD00001C0804100C1814000C1814001C080413B
:10DDE00000C1814001C0804101C0804100C181402B
:10DDF00000C1814001C0804101C0804100C181401B
:10DE000001C0804100C1814000C1814001C080410A
:10DE100001C0804100C1814000C1814001C08041FA
:10DE200000C1814001C0804101C0804100C18140EA
:10DE300000C1814001C0804101C0804100C18140DA
:10DE400001C0804100C1814000C1814001C08041CA
:10DE500000C1814001C0804101C0804100C18140BA
:10DE600001C0804100C1814000C1814001C08041AA
:10DE700001C0804100C1814000C1814001C080419A
:10DE800000C1814001C0804101C0804100C181408A
:10DE900000C0C101C30302C2C60607C705C5C4044A
:10DEA000CC0C0DCD0FCFCE0E0ACACB0BC90908C8BA
:10DEB000D81819D91BDBDA1A1EDEDF1FDD1D1CDCAA
:10DEC00014D4D515D71716D6D21213D311D1D0101A
:10DED000F03031F133F3F23236F6F737F53534F40A
:10DEE0003CFCFD3DFF3F3EFEFA3A3BFB39F9F8387A
:10DEF00028E8E929EB2B2AEAEE2E2FEF2DEDEC2C6A
:10DF0000E42425E527E7E62622E2E323E12120E0D9
:10DF1000A06061A163A3A26266A6A767A56564A4C9
:10DF20006CACAD6DAF6F6EAEAA6A6BAB69A9A86839
:10DF300078B8B979BB7B7ABABE7E7FBF7DBDBC7C29
:10DF4000B47475B577B7B67672B2B373B17170B099
:10DF50005090915193535292965657975595945489
:10DF60009C5C5D9D5F9F9E5E5A9A9B5B99595898F9
:10DF7000884849894B8B8A4A4E8E8F4F8D4D4C8CE9
:10DF80004484854587474686824243834181804059
:10DF90000000000000000000000000000000000081
:10DFA000000000F800000000000000333000000016
:10DFB00000100C06100C060000000000000000001D
:10DFC00040C07840C0784000043F04043F0404008F
:10DFD000007088FC08300000001820FF211E00009F
:10DFE000F008F000E018000000211C031E211E00B4
:10DFF00000F00888700000001E212324192721103A
:10E0000010160E00000000000000000000000000DC
:10E01000000000E018040200000000071820400083
:10E0200000020418E0000000004020180700000073
:10E03000404080F0804040000202010F01020200D7
:10E04000000000F0000000000101011F01010100BB
:10E05000000000000000000080B070000000000020
:10E0600000000000000000000001010101010101A9
:10E070000000000000000000003030000000000040
:10E080000000000080601804006018060100000015
:10E0900000E010080810E000000F102020100F0012
:10E0A000001010F8000000000020203F2020000099
:10E0B00000700808088870000030282422213000F1
:10E0C00000300888884830000018202020110E00F9
:10E0D0000000C02010F8000000070424243F2400A2
:10E0E00000F80888880808000019212020110E0077
:10E0F00000E0108888180000000F112020110E0089
:10E1000000380808C83808000000003F0000000080
:10E110000070880808887000001C222121221C0041
:10E1200000E010080810E0000000312222110F006A
:10E13000000000C0C00000000000003030000000FF
:10E14000000000800000000000008060000000006F
:10E150000000804020100800000102040810200088
:10E1600040404040404040000404040404040400D3
:10E170000008102040800000002010080402010068
:10E18000007048080808F000000000303601000068
:10E19000C030C828E810E0000718272423140B001B
:10E1A0000000C038E0000000203C23020227382095
:10E1B00008F8888888700000203F202020110E0079
:10E1C000C030080808083800071820202010080070
:10E1D00008F808080810E000203F202020100F0059
:10E1E00008F88888E8081000203F20202320180025
:10E1F00008F88888E8081000203F2000030000008D
:10E20000C03008080838000007182020221E02002D
:10E2100008F808000008F808203F210101213F20EC
:10E22000000808F8080800000020203F2020000017
:10E2300000000808F8080800C08080807F00000007
:10E2400008F888C028180800203F20012638200040
:10E2500008F8080000000000203F202020203000A7
:10E2600008F8F800F8F80800203F003F003F2000C1
:10E2700008F830C00008F808203F200007183F00C9
:10E28000E01008080810E0000F10202020100F00F8
:10E2900008F808080808F000203F210101010000EB
:10E2A000E01008080810E0000F18242438504F0030
:10E2B00008F8888888887000203F2000030C3020F0
:10E2C00000708808080838000038202121221C002E
:10E2D000180808F8080818000000203F2000000077
:10E2E00008F808000008F808001F202020201F0060
:10E2F0000878880000C83808000007380E010000C0
:10E30000F80800F80008F800033C0700073C030089
:10E31000081868808068180820302C03032C3020EF
:10E320000838C800C83808000000203F200000005E
:10E3300010080808C83808002038262120201800B6
:10E34000000000FE020202000000007F404040008A
:10E35000000C30C000000000000000010638C000C2
:10E3600000020202FE000000004040407F0000006A
:10E37000000004020202040000000000000000008F
:10E38000000000000000000080808080808080808D
:10E390000002020400000000000000000000000075
:10E3A00000008080808000000019242222223F206B
:10E3B00008F8008080000000003F112020110E00AE
:10E3C0000000008080800000000E1120202011003D
:10E3D000000000808088F800000E112020103F20EF
:10E3E0000000808080800000001F22222222130073
:10E3F000008080F0888888180020203F20200000BE
:10E400000000808080808000006B94949493600072
:10E4100008F8008080800000203F210000203F207D
:10E4200000809898000000000020203F202000007D
:10E43000000000809898000000C08080807F00006D
:10E4400008F8000080808000203F24022D3020004A
:10E45000000808F8000000000020203F20200000F5
:10E460008080808080808000203F20003F20003F0F
:10E470008080008080800000203F210000203F201D
:10E480000000808080800000001F202020201F00CE
:10E49000808000808000000080FFA12020110E00FD
:10E4A0000000008080808000000E112020A0FF80EE
:10E4B000808080008080800020203F21200001009B
:10E4C00000008080808080000033242424241900F0
:10E4D000008080E0808000000000001F20200000FD
:10E4E0008080000000808000001F202020103F203E
:10E4F000808080000080808000010E3008060100CE
:10E5000080800080008080800F300C030C300F0072
:10E5100000808000808080000020312E0E3120009D
:10E52000808080000080808080818E7018060100CD
:10E5300000808080808080000021302C22213000EB
:10E5400000000000807C020200000000003F40400C
:10E5500000000000FF00000000000000FF000000BD
:10E560000002027C800000000040403F00000000EC
:10E570000006010102020404000000000000000087
:10E58000000000000000F03F000000000000F83F25
:10E5900000000000000000000000004003B8E23F5F
:10E5A000000000000000000006D0CF43EBFD4C3E11
:10E5B000033333333333E33FFFAB6FDBB66DDB3F06
:10E5C0004D268F515555D53F01411DA96074D13F4E
:10E5D00065DBC9934A86CD3FEF4E454A287ECA3F48
:10E5E0003E5555555555C53F93BDBE166CC166BFCA
:10E5F0002CDE25AF6A56113FF16BD2C541BDBBBEC3
:10E60000D0A4BE726937663E000000000000000022
:10E6100030E600080000002090010000C40100085E
:10E62000C4E6000890010020280A0000200200082B
:10E63000412D0102030404C506070809323232469F
:10E64000023BE6ADCDCC9A4208811375556E08CDDC
:10E65000CC2C4004C11A0D1C218BA04104A13A41CD
:10E660001C31021AFF09191B21847A030A89F44B11
:10E670008EC2682377431AB4A8190C1B80850C4AF4
:10E68000B80C111A5C0C1A600C1EFA426666460C35
:10E690001A40B013FA423F80794333336F18111B8D
:10E6A0004095181A720C1A5C183F43436666E63FA1
:10E6B0000C111A76181A48082D5442CD4C24819A10
:04E6C000160CA10093
:040000050800018965
:00000001FF
